

================================================================
== Vitis HLS Report for 'compute_window_min_hls'
================================================================
* Date:           Thu Jun 11 17:48:29 2026

* Version:        2025.2 (Build 6295257 on Nov 14 2025)
* Project:        mpc_fpga_top_opencl
* Solution:       hls (Vitis Kernel Flow Target)
* Product family: zynquplus
* Target device:  xck26-sfvc784-2LV-c


================================================================
== Performance Estimates
================================================================
+ Timing: 
    * Summary: 
    +--------+---------+----------+------------+
    |  Clock |  Target | Estimated| Uncertainty|
    +--------+---------+----------+------------+
    |ap_clk  |  5.00 ns|  4.457 ns|     0.50 ns|
    +--------+---------+----------+------------+

+ Latency: 
    * Summary: 
    +---------+---------+----------+----------+-----+-----+---------+
    |  Latency (cycles) |  Latency (absolute) |  Interval | Pipeline|
    |   min   |   max   |    min   |    max   | min | max |   Type  |
    +---------+---------+----------+----------+-----+-----+---------+
    |        1|        1|  5.000 ns|  5.000 ns|    1|    1|      yes|
    +---------+---------+----------+----------+-----+-----+---------+

    + Detail: 
        * Instance: 
        N/A

        * Loop: 
        N/A

============================================================
+ Verbose Summary: Synthesis Manager
============================================================
InlineROM: 1
ExposeGlobal: 0
============================================================
+ Verbose Summary: CDFG Model
============================================================
IsTopModel: 0
ResetActiveHigh: 1
IsCombinational: 0
IsDatapathOnly: 0
HasWiredReturn: 1
HasMFsm: 2
HasVarLatency: 0
IsPipeline: 1
IsRtlPipelined: 1
IsInstanceOverlapped: 0
IsDontTouch: 0
HasImplIP: 0
IsGatedGlobalClock: 0

+ Individual pipeline summary: 
  * Pipeline-0: initiation interval (II) = 1, depth = 2


============================================================
+ Verbose Summary: Schedule
============================================================
* Number of FSM states : 2
* Pipeline : 1
  Pipeline-0 : II = 1, D = 2, States = { 1 2 }
* Dataflow Pipeline: 0

* FSM state transitions: 
1 --> 2 
2 --> 

* FSM state operations: 

State 1 <SV = 0> <Delay = 4.45>
ST_1 : Operation 3 [1/1] (0.00ns)   --->   "%center_idx_read = read i5 @_ssdm_op_Read.ap_auto.i5, i5 %center_idx" [../src/mpc_riccati_hls.cpp:87]   --->   Operation 3 'read' 'center_idx_read' <Predicate = true> <Delay = 0.00>
ST_1 : Operation 4 [1/1] (0.00ns)   --->   "%ref_wall_19_val_read = read i26 @_ssdm_op_Read.ap_auto.i26, i26 %ref_wall_19_val" [../src/mpc_riccati_hls.cpp:87]   --->   Operation 4 'read' 'ref_wall_19_val_read' <Predicate = true> <Delay = 0.00>
ST_1 : Operation 5 [1/1] (0.00ns)   --->   "%ref_wall_18_val_read = read i26 @_ssdm_op_Read.ap_auto.i26, i26 %ref_wall_18_val" [../src/mpc_riccati_hls.cpp:87]   --->   Operation 5 'read' 'ref_wall_18_val_read' <Predicate = true> <Delay = 0.00>
ST_1 : Operation 6 [1/1] (0.00ns)   --->   "%ref_wall_17_val_read = read i26 @_ssdm_op_Read.ap_auto.i26, i26 %ref_wall_17_val" [../src/mpc_riccati_hls.cpp:87]   --->   Operation 6 'read' 'ref_wall_17_val_read' <Predicate = true> <Delay = 0.00>
ST_1 : Operation 7 [1/1] (0.00ns)   --->   "%ref_wall_16_val_read = read i26 @_ssdm_op_Read.ap_auto.i26, i26 %ref_wall_16_val" [../src/mpc_riccati_hls.cpp:87]   --->   Operation 7 'read' 'ref_wall_16_val_read' <Predicate = true> <Delay = 0.00>
ST_1 : Operation 8 [1/1] (0.00ns)   --->   "%ref_wall_15_val_read = read i26 @_ssdm_op_Read.ap_auto.i26, i26 %ref_wall_15_val" [../src/mpc_riccati_hls.cpp:87]   --->   Operation 8 'read' 'ref_wall_15_val_read' <Predicate = true> <Delay = 0.00>
ST_1 : Operation 9 [1/1] (0.00ns)   --->   "%ref_wall_14_val_read = read i26 @_ssdm_op_Read.ap_auto.i26, i26 %ref_wall_14_val" [../src/mpc_riccati_hls.cpp:87]   --->   Operation 9 'read' 'ref_wall_14_val_read' <Predicate = true> <Delay = 0.00>
ST_1 : Operation 10 [1/1] (0.00ns)   --->   "%ref_wall_13_val_read = read i26 @_ssdm_op_Read.ap_auto.i26, i26 %ref_wall_13_val" [../src/mpc_riccati_hls.cpp:87]   --->   Operation 10 'read' 'ref_wall_13_val_read' <Predicate = true> <Delay = 0.00>
ST_1 : Operation 11 [1/1] (0.00ns)   --->   "%ref_wall_12_val_read = read i26 @_ssdm_op_Read.ap_auto.i26, i26 %ref_wall_12_val" [../src/mpc_riccati_hls.cpp:87]   --->   Operation 11 'read' 'ref_wall_12_val_read' <Predicate = true> <Delay = 0.00>
ST_1 : Operation 12 [1/1] (0.00ns)   --->   "%ref_wall_11_val_read = read i26 @_ssdm_op_Read.ap_auto.i26, i26 %ref_wall_11_val" [../src/mpc_riccati_hls.cpp:87]   --->   Operation 12 'read' 'ref_wall_11_val_read' <Predicate = true> <Delay = 0.00>
ST_1 : Operation 13 [1/1] (0.00ns)   --->   "%ref_wall_10_val_read = read i26 @_ssdm_op_Read.ap_auto.i26, i26 %ref_wall_10_val" [../src/mpc_riccati_hls.cpp:87]   --->   Operation 13 'read' 'ref_wall_10_val_read' <Predicate = true> <Delay = 0.00>
ST_1 : Operation 14 [1/1] (0.00ns)   --->   "%ref_wall_9_val_read = read i26 @_ssdm_op_Read.ap_auto.i26, i26 %ref_wall_9_val" [../src/mpc_riccati_hls.cpp:87]   --->   Operation 14 'read' 'ref_wall_9_val_read' <Predicate = true> <Delay = 0.00>
ST_1 : Operation 15 [1/1] (0.00ns)   --->   "%ref_wall_8_val_read = read i26 @_ssdm_op_Read.ap_auto.i26, i26 %ref_wall_8_val" [../src/mpc_riccati_hls.cpp:87]   --->   Operation 15 'read' 'ref_wall_8_val_read' <Predicate = true> <Delay = 0.00>
ST_1 : Operation 16 [1/1] (0.00ns)   --->   "%ref_wall_7_val_read = read i26 @_ssdm_op_Read.ap_auto.i26, i26 %ref_wall_7_val" [../src/mpc_riccati_hls.cpp:87]   --->   Operation 16 'read' 'ref_wall_7_val_read' <Predicate = true> <Delay = 0.00>
ST_1 : Operation 17 [1/1] (0.00ns)   --->   "%ref_wall_6_val_read = read i26 @_ssdm_op_Read.ap_auto.i26, i26 %ref_wall_6_val" [../src/mpc_riccati_hls.cpp:87]   --->   Operation 17 'read' 'ref_wall_6_val_read' <Predicate = true> <Delay = 0.00>
ST_1 : Operation 18 [1/1] (0.00ns)   --->   "%ref_wall_5_val_read = read i26 @_ssdm_op_Read.ap_auto.i26, i26 %ref_wall_5_val" [../src/mpc_riccati_hls.cpp:87]   --->   Operation 18 'read' 'ref_wall_5_val_read' <Predicate = true> <Delay = 0.00>
ST_1 : Operation 19 [1/1] (0.00ns)   --->   "%ref_wall_4_val_read = read i26 @_ssdm_op_Read.ap_auto.i26, i26 %ref_wall_4_val" [../src/mpc_riccati_hls.cpp:87]   --->   Operation 19 'read' 'ref_wall_4_val_read' <Predicate = true> <Delay = 0.00>
ST_1 : Operation 20 [1/1] (0.00ns)   --->   "%ref_wall_3_val_read = read i26 @_ssdm_op_Read.ap_auto.i26, i26 %ref_wall_3_val" [../src/mpc_riccati_hls.cpp:87]   --->   Operation 20 'read' 'ref_wall_3_val_read' <Predicate = true> <Delay = 0.00>
ST_1 : Operation 21 [1/1] (0.00ns)   --->   "%ref_wall_2_val_read = read i26 @_ssdm_op_Read.ap_auto.i26, i26 %ref_wall_2_val" [../src/mpc_riccati_hls.cpp:87]   --->   Operation 21 'read' 'ref_wall_2_val_read' <Predicate = true> <Delay = 0.00>
ST_1 : Operation 22 [1/1] (0.00ns)   --->   "%ref_wall_1_val_read = read i26 @_ssdm_op_Read.ap_auto.i26, i26 %ref_wall_1_val" [../src/mpc_riccati_hls.cpp:87]   --->   Operation 22 'read' 'ref_wall_1_val_read' <Predicate = true> <Delay = 0.00>
ST_1 : Operation 23 [1/1] (0.00ns)   --->   "%ref_wall_0_val_read = read i26 @_ssdm_op_Read.ap_auto.i26, i26 %ref_wall_0_val" [../src/mpc_riccati_hls.cpp:87]   --->   Operation 23 'read' 'ref_wall_0_val_read' <Predicate = true> <Delay = 0.00>
ST_1 : Operation 24 [1/1] (0.00ns)   --->   "%zext_ln87 = zext i5 %center_idx_read" [../src/mpc_riccati_hls.cpp:87]   --->   Operation 24 'zext' 'zext_ln87' <Predicate = true> <Delay = 0.00>
ST_1 : Operation 25 [1/1] (0.78ns)   --->   "%jj = add i6 %zext_ln87, i6 61" [../src/mpc_riccati_hls.cpp:93]   --->   Operation 25 'add' 'jj' <Predicate = true> <Delay = 0.78> <CoreInst = "Adder">   --->   Core 1 'Adder' <Latency = 0> <II = 1> <Delay = 0.78> <FuncUnit> <Opcode : 'add' 'sub'> <InPorts = 2> <OutPorts = 1>
ST_1 : Operation 26 [1/1] (0.78ns)   --->   "%icmp_ln95 = icmp_ult  i6 %jj, i6 20" [../src/mpc_riccati_hls.cpp:95]   --->   Operation 26 'icmp' 'icmp_ln95' <Predicate = true> <Delay = 0.78> <CoreInst = "Cmp">   --->   Core 9 'Cmp' <Latency = 0> <II = 1> <Delay = 0.78> <FuncUnit> <Opcode : 'seteq' 'setne' 'setle' 'setge' 'setlt' 'setgt'> <InPorts = 2> <OutPorts = 1>
ST_1 : Operation 27 [1/1] (0.76ns)   --->   "%tmp = sparsemux i26 @_ssdm_op_SparseMux.ap_auto.17i26.i26.i5, i5 3, i26 %ref_wall_0_val_read, i5 4, i26 %ref_wall_1_val_read, i5 5, i26 %ref_wall_2_val_read, i5 6, i26 %ref_wall_3_val_read, i5 7, i26 %ref_wall_4_val_read, i5 8, i26 %ref_wall_5_val_read, i5 9, i26 %ref_wall_6_val_read, i5 10, i26 %ref_wall_7_val_read, i5 11, i26 %ref_wall_8_val_read, i5 12, i26 %ref_wall_9_val_read, i5 13, i26 %ref_wall_10_val_read, i5 14, i26 %ref_wall_11_val_read, i5 15, i26 %ref_wall_12_val_read, i5 16, i26 %ref_wall_13_val_read, i5 17, i26 %ref_wall_14_val_read, i5 18, i26 %ref_wall_15_val_read, i5 19, i26 %ref_wall_16_val_read, i26 0, i5 %center_idx_read" [../src/mpc_riccati_hls.cpp:95]   --->   Operation 27 'sparsemux' 'tmp' <Predicate = true> <Delay = 0.76> <CoreInst = "BinarySparseMux_DontCare">   --->   Core 149 'BinarySparseMux_DontCare' <Latency = 0> <II = 1> <Delay = 0.76> <FuncUnit> <Opcode : 'sparsemux'> <InPorts = 2> <OutPorts = 1>
ST_1 : Operation 28 [1/1] (0.32ns)   --->   "%cand = select i1 %icmp_ln95, i26 %tmp, i26 819200" [../src/mpc_riccati_hls.cpp:95]   --->   Operation 28 'select' 'cand' <Predicate = true> <Delay = 0.32> <CoreInst = "Sel">   --->   Core 73 'Sel' <Latency = 0> <II = 1> <Delay = 0.32> <FuncUnit> <Opcode : 'select'> <InPorts = 3> <OutPorts = 1>
ST_1 : Operation 29 [1/1] (0.78ns)   --->   "%jj_1 = add i6 %zext_ln87, i6 62" [../src/mpc_riccati_hls.cpp:93]   --->   Operation 29 'add' 'jj_1' <Predicate = true> <Delay = 0.78> <CoreInst = "Adder">   --->   Core 1 'Adder' <Latency = 0> <II = 1> <Delay = 0.78> <FuncUnit> <Opcode : 'add' 'sub'> <InPorts = 2> <OutPorts = 1>
ST_1 : Operation 30 [1/1] (0.78ns)   --->   "%icmp_ln95_1 = icmp_ult  i6 %jj_1, i6 20" [../src/mpc_riccati_hls.cpp:95]   --->   Operation 30 'icmp' 'icmp_ln95_1' <Predicate = true> <Delay = 0.78> <CoreInst = "Cmp">   --->   Core 9 'Cmp' <Latency = 0> <II = 1> <Delay = 0.78> <FuncUnit> <Opcode : 'seteq' 'setne' 'setle' 'setge' 'setlt' 'setgt'> <InPorts = 2> <OutPorts = 1>
ST_1 : Operation 31 [1/1] (0.73ns)   --->   "%tmp_s = sparsemux i26 @_ssdm_op_SparseMux.ap_auto.18i26.i26.i5, i5 2, i26 %ref_wall_0_val_read, i5 3, i26 %ref_wall_1_val_read, i5 4, i26 %ref_wall_2_val_read, i5 5, i26 %ref_wall_3_val_read, i5 6, i26 %ref_wall_4_val_read, i5 7, i26 %ref_wall_5_val_read, i5 8, i26 %ref_wall_6_val_read, i5 9, i26 %ref_wall_7_val_read, i5 10, i26 %ref_wall_8_val_read, i5 11, i26 %ref_wall_9_val_read, i5 12, i26 %ref_wall_10_val_read, i5 13, i26 %ref_wall_11_val_read, i5 14, i26 %ref_wall_12_val_read, i5 15, i26 %ref_wall_13_val_read, i5 16, i26 %ref_wall_14_val_read, i5 17, i26 %ref_wall_15_val_read, i5 18, i26 %ref_wall_16_val_read, i5 19, i26 %ref_wall_17_val_read, i26 0, i5 %center_idx_read" [../src/mpc_riccati_hls.cpp:95]   --->   Operation 31 'sparsemux' 'tmp_s' <Predicate = true> <Delay = 0.73> <CoreInst = "BinarySparseMux_DontCare">   --->   Core 149 'BinarySparseMux_DontCare' <Latency = 0> <II = 1> <Delay = 0.73> <FuncUnit> <Opcode : 'sparsemux'> <InPorts = 2> <OutPorts = 1>
ST_1 : Operation 32 [1/1] (0.32ns)   --->   "%cand_1 = select i1 %icmp_ln95_1, i26 %tmp_s, i26 819200" [../src/mpc_riccati_hls.cpp:95]   --->   Operation 32 'select' 'cand_1' <Predicate = true> <Delay = 0.32> <CoreInst = "Sel">   --->   Core 73 'Sel' <Latency = 0> <II = 1> <Delay = 0.32> <FuncUnit> <Opcode : 'select'> <InPorts = 3> <OutPorts = 1>
ST_1 : Operation 33 [1/1] (0.78ns)   --->   "%jj_2 = add i6 %zext_ln87, i6 63" [../src/mpc_riccati_hls.cpp:93]   --->   Operation 33 'add' 'jj_2' <Predicate = true> <Delay = 0.78> <CoreInst = "Adder">   --->   Core 1 'Adder' <Latency = 0> <II = 1> <Delay = 0.78> <FuncUnit> <Opcode : 'add' 'sub'> <InPorts = 2> <OutPorts = 1>
ST_1 : Operation 34 [1/1] (0.78ns)   --->   "%icmp_ln95_2 = icmp_ult  i6 %jj_2, i6 20" [../src/mpc_riccati_hls.cpp:95]   --->   Operation 34 'icmp' 'icmp_ln95_2' <Predicate = true> <Delay = 0.78> <CoreInst = "Cmp">   --->   Core 9 'Cmp' <Latency = 0> <II = 1> <Delay = 0.78> <FuncUnit> <Opcode : 'seteq' 'setne' 'setle' 'setge' 'setlt' 'setgt'> <InPorts = 2> <OutPorts = 1>
ST_1 : Operation 35 [1/1] (0.71ns)   --->   "%tmp_1 = sparsemux i26 @_ssdm_op_SparseMux.ap_auto.19i26.i26.i5, i5 1, i26 %ref_wall_0_val_read, i5 2, i26 %ref_wall_1_val_read, i5 3, i26 %ref_wall_2_val_read, i5 4, i26 %ref_wall_3_val_read, i5 5, i26 %ref_wall_4_val_read, i5 6, i26 %ref_wall_5_val_read, i5 7, i26 %ref_wall_6_val_read, i5 8, i26 %ref_wall_7_val_read, i5 9, i26 %ref_wall_8_val_read, i5 10, i26 %ref_wall_9_val_read, i5 11, i26 %ref_wall_10_val_read, i5 12, i26 %ref_wall_11_val_read, i5 13, i26 %ref_wall_12_val_read, i5 14, i26 %ref_wall_13_val_read, i5 15, i26 %ref_wall_14_val_read, i5 16, i26 %ref_wall_15_val_read, i5 17, i26 %ref_wall_16_val_read, i5 18, i26 %ref_wall_17_val_read, i5 19, i26 %ref_wall_18_val_read, i26 0, i5 %center_idx_read" [../src/mpc_riccati_hls.cpp:95]   --->   Operation 35 'sparsemux' 'tmp_1' <Predicate = true> <Delay = 0.71> <CoreInst = "BinarySparseMux_DontCare">   --->   Core 149 'BinarySparseMux_DontCare' <Latency = 0> <II = 1> <Delay = 0.71> <FuncUnit> <Opcode : 'sparsemux'> <InPorts = 2> <OutPorts = 1>
ST_1 : Operation 36 [1/1] (0.32ns)   --->   "%cand_2 = select i1 %icmp_ln95_2, i26 %tmp_1, i26 819200" [../src/mpc_riccati_hls.cpp:95]   --->   Operation 36 'select' 'cand_2' <Predicate = true> <Delay = 0.32> <CoreInst = "Sel">   --->   Core 73 'Sel' <Latency = 0> <II = 1> <Delay = 0.32> <FuncUnit> <Opcode : 'select'> <InPorts = 3> <OutPorts = 1>
ST_1 : Operation 37 [1/1] (0.73ns)   --->   "%cand_3 = sparsemux i26 @_ssdm_op_SparseMux.ap_auto.20i26.i26.i5, i5 0, i26 %ref_wall_0_val_read, i5 1, i26 %ref_wall_1_val_read, i5 2, i26 %ref_wall_2_val_read, i5 3, i26 %ref_wall_3_val_read, i5 4, i26 %ref_wall_4_val_read, i5 5, i26 %ref_wall_5_val_read, i5 6, i26 %ref_wall_6_val_read, i5 7, i26 %ref_wall_7_val_read, i5 8, i26 %ref_wall_8_val_read, i5 9, i26 %ref_wall_9_val_read, i5 10, i26 %ref_wall_10_val_read, i5 11, i26 %ref_wall_11_val_read, i5 12, i26 %ref_wall_12_val_read, i5 13, i26 %ref_wall_13_val_read, i5 14, i26 %ref_wall_14_val_read, i5 15, i26 %ref_wall_15_val_read, i5 16, i26 %ref_wall_16_val_read, i5 17, i26 %ref_wall_17_val_read, i5 18, i26 %ref_wall_18_val_read, i5 19, i26 %ref_wall_19_val_read, i26 0, i5 %center_idx_read" [../src/mpc_riccati_hls.cpp:95]   --->   Operation 37 'sparsemux' 'cand_3' <Predicate = true> <Delay = 0.73> <CoreInst = "BinarySparseMux_DontCare">   --->   Core 149 'BinarySparseMux_DontCare' <Latency = 0> <II = 1> <Delay = 0.73> <FuncUnit> <Opcode : 'sparsemux'> <InPorts = 2> <OutPorts = 1>
ST_1 : Operation 38 [1/1] (0.78ns)   --->   "%jj_3 = add i5 %center_idx_read, i5 1" [../src/mpc_riccati_hls.cpp:93]   --->   Operation 38 'add' 'jj_3' <Predicate = true> <Delay = 0.78> <CoreInst = "Adder">   --->   Core 1 'Adder' <Latency = 0> <II = 1> <Delay = 0.78> <FuncUnit> <Opcode : 'add' 'sub'> <InPorts = 2> <OutPorts = 1>
ST_1 : Operation 39 [1/1] (0.78ns)   --->   "%icmp_ln95_3 = icmp_ult  i5 %jj_3, i5 20" [../src/mpc_riccati_hls.cpp:95]   --->   Operation 39 'icmp' 'icmp_ln95_3' <Predicate = true> <Delay = 0.78> <CoreInst = "Cmp">   --->   Core 9 'Cmp' <Latency = 0> <II = 1> <Delay = 0.78> <FuncUnit> <Opcode : 'seteq' 'setne' 'setle' 'setge' 'setlt' 'setgt'> <InPorts = 2> <OutPorts = 1>
ST_1 : Operation 40 [1/1] (0.71ns)   --->   "%tmp_3 = sparsemux i26 @_ssdm_op_SparseMux.ap_auto.19i26.i26.i5, i5 0, i26 %ref_wall_1_val_read, i5 1, i26 %ref_wall_2_val_read, i5 2, i26 %ref_wall_3_val_read, i5 3, i26 %ref_wall_4_val_read, i5 4, i26 %ref_wall_5_val_read, i5 5, i26 %ref_wall_6_val_read, i5 6, i26 %ref_wall_7_val_read, i5 7, i26 %ref_wall_8_val_read, i5 8, i26 %ref_wall_9_val_read, i5 9, i26 %ref_wall_10_val_read, i5 10, i26 %ref_wall_11_val_read, i5 11, i26 %ref_wall_12_val_read, i5 12, i26 %ref_wall_13_val_read, i5 13, i26 %ref_wall_14_val_read, i5 14, i26 %ref_wall_15_val_read, i5 15, i26 %ref_wall_16_val_read, i5 16, i26 %ref_wall_17_val_read, i5 17, i26 %ref_wall_18_val_read, i5 18, i26 %ref_wall_19_val_read, i26 0, i5 %center_idx_read" [../src/mpc_riccati_hls.cpp:95]   --->   Operation 40 'sparsemux' 'tmp_3' <Predicate = true> <Delay = 0.71> <CoreInst = "BinarySparseMux_DontCare">   --->   Core 149 'BinarySparseMux_DontCare' <Latency = 0> <II = 1> <Delay = 0.71> <FuncUnit> <Opcode : 'sparsemux'> <InPorts = 2> <OutPorts = 1>
ST_1 : Operation 41 [1/1] (0.32ns)   --->   "%cand_4 = select i1 %icmp_ln95_3, i26 %tmp_3, i26 819200" [../src/mpc_riccati_hls.cpp:95]   --->   Operation 41 'select' 'cand_4' <Predicate = true> <Delay = 0.32> <CoreInst = "Sel">   --->   Core 73 'Sel' <Latency = 0> <II = 1> <Delay = 0.32> <FuncUnit> <Opcode : 'select'> <InPorts = 3> <OutPorts = 1>
ST_1 : Operation 42 [1/1] (0.78ns)   --->   "%jj_4 = add i5 %center_idx_read, i5 2" [../src/mpc_riccati_hls.cpp:93]   --->   Operation 42 'add' 'jj_4' <Predicate = true> <Delay = 0.78> <CoreInst = "Adder">   --->   Core 1 'Adder' <Latency = 0> <II = 1> <Delay = 0.78> <FuncUnit> <Opcode : 'add' 'sub'> <InPorts = 2> <OutPorts = 1>
ST_1 : Operation 43 [1/1] (0.78ns)   --->   "%icmp_ln95_4 = icmp_ult  i5 %jj_4, i5 20" [../src/mpc_riccati_hls.cpp:95]   --->   Operation 43 'icmp' 'icmp_ln95_4' <Predicate = true> <Delay = 0.78> <CoreInst = "Cmp">   --->   Core 9 'Cmp' <Latency = 0> <II = 1> <Delay = 0.78> <FuncUnit> <Opcode : 'seteq' 'setne' 'setle' 'setge' 'setlt' 'setgt'> <InPorts = 2> <OutPorts = 1>
ST_1 : Operation 44 [1/1] (0.73ns)   --->   "%tmp_4 = sparsemux i26 @_ssdm_op_SparseMux.ap_auto.18i26.i26.i5, i5 0, i26 %ref_wall_2_val_read, i5 1, i26 %ref_wall_3_val_read, i5 2, i26 %ref_wall_4_val_read, i5 3, i26 %ref_wall_5_val_read, i5 4, i26 %ref_wall_6_val_read, i5 5, i26 %ref_wall_7_val_read, i5 6, i26 %ref_wall_8_val_read, i5 7, i26 %ref_wall_9_val_read, i5 8, i26 %ref_wall_10_val_read, i5 9, i26 %ref_wall_11_val_read, i5 10, i26 %ref_wall_12_val_read, i5 11, i26 %ref_wall_13_val_read, i5 12, i26 %ref_wall_14_val_read, i5 13, i26 %ref_wall_15_val_read, i5 14, i26 %ref_wall_16_val_read, i5 15, i26 %ref_wall_17_val_read, i5 16, i26 %ref_wall_18_val_read, i5 17, i26 %ref_wall_19_val_read, i26 0, i5 %center_idx_read" [../src/mpc_riccati_hls.cpp:95]   --->   Operation 44 'sparsemux' 'tmp_4' <Predicate = true> <Delay = 0.73> <CoreInst = "BinarySparseMux_DontCare">   --->   Core 149 'BinarySparseMux_DontCare' <Latency = 0> <II = 1> <Delay = 0.73> <FuncUnit> <Opcode : 'sparsemux'> <InPorts = 2> <OutPorts = 1>
ST_1 : Operation 45 [1/1] (0.32ns)   --->   "%cand_5 = select i1 %icmp_ln95_4, i26 %tmp_4, i26 819200" [../src/mpc_riccati_hls.cpp:95]   --->   Operation 45 'select' 'cand_5' <Predicate = true> <Delay = 0.32> <CoreInst = "Sel">   --->   Core 73 'Sel' <Latency = 0> <II = 1> <Delay = 0.32> <FuncUnit> <Opcode : 'select'> <InPorts = 3> <OutPorts = 1>
ST_1 : Operation 46 [1/1] (0.78ns)   --->   "%jj_5 = add i5 %center_idx_read, i5 3" [../src/mpc_riccati_hls.cpp:93]   --->   Operation 46 'add' 'jj_5' <Predicate = true> <Delay = 0.78> <CoreInst = "Adder">   --->   Core 1 'Adder' <Latency = 0> <II = 1> <Delay = 0.78> <FuncUnit> <Opcode : 'add' 'sub'> <InPorts = 2> <OutPorts = 1>
ST_1 : Operation 47 [1/1] (0.78ns)   --->   "%icmp_ln95_5 = icmp_ult  i5 %jj_5, i5 20" [../src/mpc_riccati_hls.cpp:95]   --->   Operation 47 'icmp' 'icmp_ln95_5' <Predicate = true> <Delay = 0.78> <CoreInst = "Cmp">   --->   Core 9 'Cmp' <Latency = 0> <II = 1> <Delay = 0.78> <FuncUnit> <Opcode : 'seteq' 'setne' 'setle' 'setge' 'setlt' 'setgt'> <InPorts = 2> <OutPorts = 1>
ST_1 : Operation 48 [1/1] (0.76ns)   --->   "%tmp_5 = sparsemux i26 @_ssdm_op_SparseMux.ap_auto.17i26.i26.i5, i5 0, i26 %ref_wall_3_val_read, i5 1, i26 %ref_wall_4_val_read, i5 2, i26 %ref_wall_5_val_read, i5 3, i26 %ref_wall_6_val_read, i5 4, i26 %ref_wall_7_val_read, i5 5, i26 %ref_wall_8_val_read, i5 6, i26 %ref_wall_9_val_read, i5 7, i26 %ref_wall_10_val_read, i5 8, i26 %ref_wall_11_val_read, i5 9, i26 %ref_wall_12_val_read, i5 10, i26 %ref_wall_13_val_read, i5 11, i26 %ref_wall_14_val_read, i5 12, i26 %ref_wall_15_val_read, i5 13, i26 %ref_wall_16_val_read, i5 14, i26 %ref_wall_17_val_read, i5 15, i26 %ref_wall_18_val_read, i5 16, i26 %ref_wall_19_val_read, i26 0, i5 %center_idx_read" [../src/mpc_riccati_hls.cpp:95]   --->   Operation 48 'sparsemux' 'tmp_5' <Predicate = true> <Delay = 0.76> <CoreInst = "BinarySparseMux_DontCare">   --->   Core 149 'BinarySparseMux_DontCare' <Latency = 0> <II = 1> <Delay = 0.76> <FuncUnit> <Opcode : 'sparsemux'> <InPorts = 2> <OutPorts = 1>
ST_1 : Operation 49 [1/1] (0.32ns)   --->   "%cand_7 = select i1 %icmp_ln95_5, i26 %tmp_5, i26 819200" [../src/mpc_riccati_hls.cpp:95]   --->   Operation 49 'select' 'cand_7' <Predicate = true> <Delay = 0.32> <CoreInst = "Sel">   --->   Core 73 'Sel' <Latency = 0> <II = 1> <Delay = 0.32> <FuncUnit> <Opcode : 'select'> <InPorts = 3> <OutPorts = 1>
ST_1 : Operation 50 [1/1] (0.95ns)   --->   "%icmp_ln98 = icmp_slt  i26 %cand, i26 %cand_1" [../src/mpc_riccati_hls.cpp:98]   --->   Operation 50 'icmp' 'icmp_ln98' <Predicate = true> <Delay = 0.95> <CoreInst = "Cmp">   --->   Core 9 'Cmp' <Latency = 0> <II = 1> <Delay = 0.95> <FuncUnit> <Opcode : 'seteq' 'setne' 'setle' 'setge' 'setlt' 'setgt'> <InPorts = 2> <OutPorts = 1>
ST_1 : Operation 51 [1/1] (0.00ns) (grouped into LUT with out node l2_0)   --->   "%xor_ln98 = xor i1 %icmp_ln98, i1 1" [../src/mpc_riccati_hls.cpp:98]   --->   Operation 51 'xor' 'xor_ln98' <Predicate = true> <Delay = 0.00> <CoreInst = "LogicGate">   --->   Core 74 'LogicGate' <Latency = 0> <II = 1> <Delay = 0.28> <FuncUnit> <Opcode : 'and' 'or' 'xor'> <InPorts = 2> <OutPorts = 1>
ST_1 : Operation 52 [1/1] (0.32ns) (out node of the LUT)   --->   "%l2_0 = select i1 %xor_ln98, i26 %cand_1, i26 %cand" [../src/mpc_riccati_hls.cpp:98]   --->   Operation 52 'select' 'l2_0' <Predicate = true> <Delay = 0.32> <CoreInst = "Sel">   --->   Core 73 'Sel' <Latency = 0> <II = 1> <Delay = 0.32> <FuncUnit> <Opcode : 'select'> <InPorts = 3> <OutPorts = 1>
ST_1 : Operation 53 [1/1] (0.95ns)   --->   "%icmp_ln99 = icmp_slt  i26 %cand_2, i26 %cand_3" [../src/mpc_riccati_hls.cpp:99]   --->   Operation 53 'icmp' 'icmp_ln99' <Predicate = true> <Delay = 0.95> <CoreInst = "Cmp">   --->   Core 9 'Cmp' <Latency = 0> <II = 1> <Delay = 0.95> <FuncUnit> <Opcode : 'seteq' 'setne' 'setle' 'setge' 'setlt' 'setgt'> <InPorts = 2> <OutPorts = 1>
ST_1 : Operation 54 [1/1] (0.00ns) (grouped into LUT with out node l2_1)   --->   "%xor_ln99 = xor i1 %icmp_ln99, i1 1" [../src/mpc_riccati_hls.cpp:99]   --->   Operation 54 'xor' 'xor_ln99' <Predicate = true> <Delay = 0.00> <CoreInst = "LogicGate">   --->   Core 74 'LogicGate' <Latency = 0> <II = 1> <Delay = 0.28> <FuncUnit> <Opcode : 'and' 'or' 'xor'> <InPorts = 2> <OutPorts = 1>
ST_1 : Operation 55 [1/1] (0.32ns) (out node of the LUT)   --->   "%l2_1 = select i1 %xor_ln99, i26 %cand_3, i26 %cand_2" [../src/mpc_riccati_hls.cpp:99]   --->   Operation 55 'select' 'l2_1' <Predicate = true> <Delay = 0.32> <CoreInst = "Sel">   --->   Core 73 'Sel' <Latency = 0> <II = 1> <Delay = 0.32> <FuncUnit> <Opcode : 'select'> <InPorts = 3> <OutPorts = 1>
ST_1 : Operation 56 [1/1] (0.95ns)   --->   "%icmp_ln100 = icmp_slt  i26 %cand_4, i26 %cand_5" [../src/mpc_riccati_hls.cpp:100]   --->   Operation 56 'icmp' 'icmp_ln100' <Predicate = true> <Delay = 0.95> <CoreInst = "Cmp">   --->   Core 9 'Cmp' <Latency = 0> <II = 1> <Delay = 0.95> <FuncUnit> <Opcode : 'seteq' 'setne' 'setle' 'setge' 'setlt' 'setgt'> <InPorts = 2> <OutPorts = 1>
ST_1 : Operation 57 [1/1] (0.00ns) (grouped into LUT with out node l2_2)   --->   "%xor_ln100 = xor i1 %icmp_ln100, i1 1" [../src/mpc_riccati_hls.cpp:100]   --->   Operation 57 'xor' 'xor_ln100' <Predicate = true> <Delay = 0.00> <CoreInst = "LogicGate">   --->   Core 74 'LogicGate' <Latency = 0> <II = 1> <Delay = 0.28> <FuncUnit> <Opcode : 'and' 'or' 'xor'> <InPorts = 2> <OutPorts = 1>
ST_1 : Operation 58 [1/1] (0.32ns) (out node of the LUT)   --->   "%l2_2 = select i1 %xor_ln100, i26 %cand_5, i26 %cand_4" [../src/mpc_riccati_hls.cpp:100]   --->   Operation 58 'select' 'l2_2' <Predicate = true> <Delay = 0.32> <CoreInst = "Sel">   --->   Core 73 'Sel' <Latency = 0> <II = 1> <Delay = 0.32> <FuncUnit> <Opcode : 'select'> <InPorts = 3> <OutPorts = 1>
ST_1 : Operation 59 [1/1] (0.95ns)   --->   "%icmp_ln103 = icmp_slt  i26 %l2_0, i26 %l2_1" [../src/mpc_riccati_hls.cpp:103]   --->   Operation 59 'icmp' 'icmp_ln103' <Predicate = true> <Delay = 0.95> <CoreInst = "Cmp">   --->   Core 9 'Cmp' <Latency = 0> <II = 1> <Delay = 0.95> <FuncUnit> <Opcode : 'seteq' 'setne' 'setle' 'setge' 'setlt' 'setgt'> <InPorts = 2> <OutPorts = 1>
ST_1 : Operation 60 [1/1] (0.32ns)   --->   "%l3_0 = select i1 %icmp_ln103, i26 %l2_0, i26 %l2_1" [../src/mpc_riccati_hls.cpp:103]   --->   Operation 60 'select' 'l3_0' <Predicate = true> <Delay = 0.32> <CoreInst = "Sel">   --->   Core 73 'Sel' <Latency = 0> <II = 1> <Delay = 0.32> <FuncUnit> <Opcode : 'select'> <InPorts = 3> <OutPorts = 1>
ST_1 : Operation 61 [1/1] (0.95ns)   --->   "%icmp_ln104 = icmp_slt  i26 %l2_2, i26 %cand_7" [../src/mpc_riccati_hls.cpp:104]   --->   Operation 61 'icmp' 'icmp_ln104' <Predicate = true> <Delay = 0.95> <CoreInst = "Cmp">   --->   Core 9 'Cmp' <Latency = 0> <II = 1> <Delay = 0.95> <FuncUnit> <Opcode : 'seteq' 'setne' 'setle' 'setge' 'setlt' 'setgt'> <InPorts = 2> <OutPorts = 1>
ST_1 : Operation 62 [1/1] (0.32ns)   --->   "%l3_1 = select i1 %icmp_ln104, i26 %l2_2, i26 %cand_7" [../src/mpc_riccati_hls.cpp:104]   --->   Operation 62 'select' 'l3_1' <Predicate = true> <Delay = 0.32> <CoreInst = "Sel">   --->   Core 73 'Sel' <Latency = 0> <II = 1> <Delay = 0.32> <FuncUnit> <Opcode : 'select'> <InPorts = 3> <OutPorts = 1>

State 2 <SV = 1> <Delay = 1.27>
ST_2 : Operation 63 [1/1] (0.95ns)   --->   "%icmp_ln105 = icmp_slt  i26 %l3_0, i26 %l3_1" [../src/mpc_riccati_hls.cpp:105]   --->   Operation 63 'icmp' 'icmp_ln105' <Predicate = true> <Delay = 0.95> <CoreInst = "Cmp">   --->   Core 9 'Cmp' <Latency = 0> <II = 1> <Delay = 0.95> <FuncUnit> <Opcode : 'seteq' 'setne' 'setle' 'setge' 'setlt' 'setgt'> <InPorts = 2> <OutPorts = 1>
ST_2 : Operation 64 [1/1] (0.32ns)   --->   "%select_ln105 = select i1 %icmp_ln105, i26 %l3_0, i26 %l3_1" [../src/mpc_riccati_hls.cpp:105]   --->   Operation 64 'select' 'select_ln105' <Predicate = true> <Delay = 0.32> <CoreInst = "Sel">   --->   Core 73 'Sel' <Latency = 0> <II = 1> <Delay = 0.32> <FuncUnit> <Opcode : 'select'> <InPorts = 3> <OutPorts = 1>
ST_2 : Operation 65 [1/1] (0.00ns)   --->   "%ret_ln106 = ret i26 %select_ln105" [../src/mpc_riccati_hls.cpp:106]   --->   Operation 65 'ret' 'ret_ln106' <Predicate = true> <Delay = 0.00>


============================================================
+ Verbose Summary: Binding
============================================================
STG Binding: 
---------------- STG Properties BEGIN ----------------
- Is combinational: 0
- Is one-state seq: 0
- Is datapath-only: 0
- Is pipelined: 1
- Is top level: 0
Port [ Return ] is wired: 1; IO mode=ap_ctrl_hs:ce=0
Port [ ref_wall_0_val]:  wired=1; compound=0; hidden=0; nouse=0; global=0; static=0; extern=0; dir=0; type=0; pingpong=0; private_global=0; IO mode=ap_none:ce=0
Port [ ref_wall_1_val]:  wired=1; compound=0; hidden=0; nouse=0; global=0; static=0; extern=0; dir=0; type=0; pingpong=0; private_global=0; IO mode=ap_none:ce=0
Port [ ref_wall_2_val]:  wired=1; compound=0; hidden=0; nouse=0; global=0; static=0; extern=0; dir=0; type=0; pingpong=0; private_global=0; IO mode=ap_none:ce=0
Port [ ref_wall_3_val]:  wired=1; compound=0; hidden=0; nouse=0; global=0; static=0; extern=0; dir=0; type=0; pingpong=0; private_global=0; IO mode=ap_none:ce=0
Port [ ref_wall_4_val]:  wired=1; compound=0; hidden=0; nouse=0; global=0; static=0; extern=0; dir=0; type=0; pingpong=0; private_global=0; IO mode=ap_none:ce=0
Port [ ref_wall_5_val]:  wired=1; compound=0; hidden=0; nouse=0; global=0; static=0; extern=0; dir=0; type=0; pingpong=0; private_global=0; IO mode=ap_none:ce=0
Port [ ref_wall_6_val]:  wired=1; compound=0; hidden=0; nouse=0; global=0; static=0; extern=0; dir=0; type=0; pingpong=0; private_global=0; IO mode=ap_none:ce=0
Port [ ref_wall_7_val]:  wired=1; compound=0; hidden=0; nouse=0; global=0; static=0; extern=0; dir=0; type=0; pingpong=0; private_global=0; IO mode=ap_none:ce=0
Port [ ref_wall_8_val]:  wired=1; compound=0; hidden=0; nouse=0; global=0; static=0; extern=0; dir=0; type=0; pingpong=0; private_global=0; IO mode=ap_none:ce=0
Port [ ref_wall_9_val]:  wired=1; compound=0; hidden=0; nouse=0; global=0; static=0; extern=0; dir=0; type=0; pingpong=0; private_global=0; IO mode=ap_none:ce=0
Port [ ref_wall_10_val]:  wired=1; compound=0; hidden=0; nouse=0; global=0; static=0; extern=0; dir=0; type=0; pingpong=0; private_global=0; IO mode=ap_none:ce=0
Port [ ref_wall_11_val]:  wired=1; compound=0; hidden=0; nouse=0; global=0; static=0; extern=0; dir=0; type=0; pingpong=0; private_global=0; IO mode=ap_none:ce=0
Port [ ref_wall_12_val]:  wired=1; compound=0; hidden=0; nouse=0; global=0; static=0; extern=0; dir=0; type=0; pingpong=0; private_global=0; IO mode=ap_none:ce=0
Port [ ref_wall_13_val]:  wired=1; compound=0; hidden=0; nouse=0; global=0; static=0; extern=0; dir=0; type=0; pingpong=0; private_global=0; IO mode=ap_none:ce=0
Port [ ref_wall_14_val]:  wired=1; compound=0; hidden=0; nouse=0; global=0; static=0; extern=0; dir=0; type=0; pingpong=0; private_global=0; IO mode=ap_none:ce=0
Port [ ref_wall_15_val]:  wired=1; compound=0; hidden=0; nouse=0; global=0; static=0; extern=0; dir=0; type=0; pingpong=0; private_global=0; IO mode=ap_none:ce=0
Port [ ref_wall_16_val]:  wired=1; compound=0; hidden=0; nouse=0; global=0; static=0; extern=0; dir=0; type=0; pingpong=0; private_global=0; IO mode=ap_none:ce=0
Port [ ref_wall_17_val]:  wired=1; compound=0; hidden=0; nouse=0; global=0; static=0; extern=0; dir=0; type=0; pingpong=0; private_global=0; IO mode=ap_none:ce=0
Port [ ref_wall_18_val]:  wired=1; compound=0; hidden=0; nouse=0; global=0; static=0; extern=0; dir=0; type=0; pingpong=0; private_global=0; IO mode=ap_none:ce=0
Port [ ref_wall_19_val]:  wired=1; compound=0; hidden=0; nouse=0; global=0; static=0; extern=0; dir=0; type=0; pingpong=0; private_global=0; IO mode=ap_none:ce=0
Port [ center_idx]:  wired=1; compound=0; hidden=0; nouse=0; global=0; static=0; extern=0; dir=0; type=0; pingpong=0; private_global=0; IO mode=ap_none:ce=0
---------------- STG Properties END ------------------

---------------- Datapath Model BEGIN ----------------

<LifeTime>
<method=bitvector/>
center_idx_read      (read     ) [ 000]
ref_wall_19_val_read (read     ) [ 000]
ref_wall_18_val_read (read     ) [ 000]
ref_wall_17_val_read (read     ) [ 000]
ref_wall_16_val_read (read     ) [ 000]
ref_wall_15_val_read (read     ) [ 000]
ref_wall_14_val_read (read     ) [ 000]
ref_wall_13_val_read (read     ) [ 000]
ref_wall_12_val_read (read     ) [ 000]
ref_wall_11_val_read (read     ) [ 000]
ref_wall_10_val_read (read     ) [ 000]
ref_wall_9_val_read  (read     ) [ 000]
ref_wall_8_val_read  (read     ) [ 000]
ref_wall_7_val_read  (read     ) [ 000]
ref_wall_6_val_read  (read     ) [ 000]
ref_wall_5_val_read  (read     ) [ 000]
ref_wall_4_val_read  (read     ) [ 000]
ref_wall_3_val_read  (read     ) [ 000]
ref_wall_2_val_read  (read     ) [ 000]
ref_wall_1_val_read  (read     ) [ 000]
ref_wall_0_val_read  (read     ) [ 000]
zext_ln87            (zext     ) [ 000]
jj                   (add      ) [ 000]
icmp_ln95            (icmp     ) [ 000]
tmp                  (sparsemux) [ 000]
cand                 (select   ) [ 000]
jj_1                 (add      ) [ 000]
icmp_ln95_1          (icmp     ) [ 000]
tmp_s                (sparsemux) [ 000]
cand_1               (select   ) [ 000]
jj_2                 (add      ) [ 000]
icmp_ln95_2          (icmp     ) [ 000]
tmp_1                (sparsemux) [ 000]
cand_2               (select   ) [ 000]
cand_3               (sparsemux) [ 000]
jj_3                 (add      ) [ 000]
icmp_ln95_3          (icmp     ) [ 000]
tmp_3                (sparsemux) [ 000]
cand_4               (select   ) [ 000]
jj_4                 (add      ) [ 000]
icmp_ln95_4          (icmp     ) [ 000]
tmp_4                (sparsemux) [ 000]
cand_5               (select   ) [ 000]
jj_5                 (add      ) [ 000]
icmp_ln95_5          (icmp     ) [ 000]
tmp_5                (sparsemux) [ 000]
cand_7               (select   ) [ 000]
icmp_ln98            (icmp     ) [ 000]
xor_ln98             (xor      ) [ 000]
l2_0                 (select   ) [ 000]
icmp_ln99            (icmp     ) [ 000]
xor_ln99             (xor      ) [ 000]
l2_1                 (select   ) [ 000]
icmp_ln100           (icmp     ) [ 000]
xor_ln100            (xor      ) [ 000]
l2_2                 (select   ) [ 000]
icmp_ln103           (icmp     ) [ 000]
l3_0                 (select   ) [ 011]
icmp_ln104           (icmp     ) [ 000]
l3_1                 (select   ) [ 011]
icmp_ln105           (icmp     ) [ 000]
select_ln105         (select   ) [ 000]
ret_ln106            (ret      ) [ 000]
</LifeTime>

<model>

<comp_list>
<comp id="0" class="1000" name="ref_wall_0_val">
<pin_list>
<pin id="1" dir="1" index="0" bw="1" slack="0"/>
</pin_list>
<bind>
<StgValue><ssdm name="ref_wall_0_val"/></StgValue>
</bind>
</comp>

<comp id="2" class="1000" name="ref_wall_1_val">
<pin_list>
<pin id="3" dir="1" index="0" bw="1" slack="0"/>
</pin_list>
<bind>
<StgValue><ssdm name="ref_wall_1_val"/></StgValue>
</bind>
</comp>

<comp id="4" class="1000" name="ref_wall_2_val">
<pin_list>
<pin id="5" dir="1" index="0" bw="1" slack="0"/>
</pin_list>
<bind>
<StgValue><ssdm name="ref_wall_2_val"/></StgValue>
</bind>
</comp>

<comp id="6" class="1000" name="ref_wall_3_val">
<pin_list>
<pin id="7" dir="1" index="0" bw="1" slack="0"/>
</pin_list>
<bind>
<StgValue><ssdm name="ref_wall_3_val"/></StgValue>
</bind>
</comp>

<comp id="8" class="1000" name="ref_wall_4_val">
<pin_list>
<pin id="9" dir="1" index="0" bw="1" slack="0"/>
</pin_list>
<bind>
<StgValue><ssdm name="ref_wall_4_val"/></StgValue>
</bind>
</comp>

<comp id="10" class="1000" name="ref_wall_5_val">
<pin_list>
<pin id="11" dir="1" index="0" bw="1" slack="0"/>
</pin_list>
<bind>
<StgValue><ssdm name="ref_wall_5_val"/></StgValue>
</bind>
</comp>

<comp id="12" class="1000" name="ref_wall_6_val">
<pin_list>
<pin id="13" dir="1" index="0" bw="1" slack="0"/>
</pin_list>
<bind>
<StgValue><ssdm name="ref_wall_6_val"/></StgValue>
</bind>
</comp>

<comp id="14" class="1000" name="ref_wall_7_val">
<pin_list>
<pin id="15" dir="1" index="0" bw="1" slack="0"/>
</pin_list>
<bind>
<StgValue><ssdm name="ref_wall_7_val"/></StgValue>
</bind>
</comp>

<comp id="16" class="1000" name="ref_wall_8_val">
<pin_list>
<pin id="17" dir="1" index="0" bw="1" slack="0"/>
</pin_list>
<bind>
<StgValue><ssdm name="ref_wall_8_val"/></StgValue>
</bind>
</comp>

<comp id="18" class="1000" name="ref_wall_9_val">
<pin_list>
<pin id="19" dir="1" index="0" bw="1" slack="0"/>
</pin_list>
<bind>
<StgValue><ssdm name="ref_wall_9_val"/></StgValue>
</bind>
</comp>

<comp id="20" class="1000" name="ref_wall_10_val">
<pin_list>
<pin id="21" dir="1" index="0" bw="1" slack="0"/>
</pin_list>
<bind>
<StgValue><ssdm name="ref_wall_10_val"/></StgValue>
</bind>
</comp>

<comp id="22" class="1000" name="ref_wall_11_val">
<pin_list>
<pin id="23" dir="1" index="0" bw="1" slack="0"/>
</pin_list>
<bind>
<StgValue><ssdm name="ref_wall_11_val"/></StgValue>
</bind>
</comp>

<comp id="24" class="1000" name="ref_wall_12_val">
<pin_list>
<pin id="25" dir="1" index="0" bw="1" slack="0"/>
</pin_list>
<bind>
<StgValue><ssdm name="ref_wall_12_val"/></StgValue>
</bind>
</comp>

<comp id="26" class="1000" name="ref_wall_13_val">
<pin_list>
<pin id="27" dir="1" index="0" bw="1" slack="0"/>
</pin_list>
<bind>
<StgValue><ssdm name="ref_wall_13_val"/></StgValue>
</bind>
</comp>

<comp id="28" class="1000" name="ref_wall_14_val">
<pin_list>
<pin id="29" dir="1" index="0" bw="1" slack="0"/>
</pin_list>
<bind>
<StgValue><ssdm name="ref_wall_14_val"/></StgValue>
</bind>
</comp>

<comp id="30" class="1000" name="ref_wall_15_val">
<pin_list>
<pin id="31" dir="1" index="0" bw="1" slack="0"/>
</pin_list>
<bind>
<StgValue><ssdm name="ref_wall_15_val"/></StgValue>
</bind>
</comp>

<comp id="32" class="1000" name="ref_wall_16_val">
<pin_list>
<pin id="33" dir="1" index="0" bw="1" slack="0"/>
</pin_list>
<bind>
<StgValue><ssdm name="ref_wall_16_val"/></StgValue>
</bind>
</comp>

<comp id="34" class="1000" name="ref_wall_17_val">
<pin_list>
<pin id="35" dir="1" index="0" bw="1" slack="0"/>
</pin_list>
<bind>
<StgValue><ssdm name="ref_wall_17_val"/></StgValue>
</bind>
</comp>

<comp id="36" class="1000" name="ref_wall_18_val">
<pin_list>
<pin id="37" dir="1" index="0" bw="1" slack="0"/>
</pin_list>
<bind>
<StgValue><ssdm name="ref_wall_18_val"/></StgValue>
</bind>
</comp>

<comp id="38" class="1000" name="ref_wall_19_val">
<pin_list>
<pin id="39" dir="1" index="0" bw="1" slack="0"/>
</pin_list>
<bind>
<StgValue><ssdm name="ref_wall_19_val"/></StgValue>
</bind>
</comp>

<comp id="40" class="1000" name="center_idx">
<pin_list>
<pin id="41" dir="1" index="0" bw="1" slack="0"/>
</pin_list>
<bind>
<StgValue><ssdm name="center_idx"/></StgValue>
</bind>
</comp>

<comp id="42" class="1001" name="const_42">
<pin_list>
<pin id="43" dir="1" index="0" bw="1" slack="0"/>
</pin_list>
<bind>
<StgValue><ssdm name="_ssdm_op_Read.ap_auto.i5"/></StgValue>
</bind>
</comp>

<comp id="44" class="1001" name="const_44">
<pin_list>
<pin id="45" dir="1" index="0" bw="1" slack="0"/>
</pin_list>
<bind>
<StgValue><ssdm name="_ssdm_op_Read.ap_auto.i26"/></StgValue>
</bind>
</comp>

<comp id="46" class="1001" name="const_46">
<pin_list>
<pin id="47" dir="1" index="0" bw="1" slack="0"/>
</pin_list>
<bind>
<StgValue><ssdm name=""/></StgValue>
</bind>
</comp>

<comp id="48" class="1001" name="const_48">
<pin_list>
<pin id="49" dir="1" index="0" bw="1" slack="0"/>
</pin_list>
<bind>
<StgValue><ssdm name=""/></StgValue>
</bind>
</comp>

<comp id="50" class="1001" name="const_50">
<pin_list>
<pin id="51" dir="1" index="0" bw="1" slack="0"/>
</pin_list>
<bind>
<StgValue><ssdm name="_ssdm_op_SparseMux.ap_auto.17i26.i26.i5"/></StgValue>
</bind>
</comp>

<comp id="52" class="1001" name="const_52">
<pin_list>
<pin id="53" dir="1" index="0" bw="1" slack="0"/>
</pin_list>
<bind>
<StgValue><ssdm name=""/></StgValue>
</bind>
</comp>

<comp id="54" class="1001" name="const_54">
<pin_list>
<pin id="55" dir="1" index="0" bw="1" slack="0"/>
</pin_list>
<bind>
<StgValue><ssdm name=""/></StgValue>
</bind>
</comp>

<comp id="56" class="1001" name="const_56">
<pin_list>
<pin id="57" dir="1" index="0" bw="1" slack="0"/>
</pin_list>
<bind>
<StgValue><ssdm name=""/></StgValue>
</bind>
</comp>

<comp id="58" class="1001" name="const_58">
<pin_list>
<pin id="59" dir="1" index="0" bw="1" slack="0"/>
</pin_list>
<bind>
<StgValue><ssdm name=""/></StgValue>
</bind>
</comp>

<comp id="60" class="1001" name="const_60">
<pin_list>
<pin id="61" dir="1" index="0" bw="1" slack="0"/>
</pin_list>
<bind>
<StgValue><ssdm name=""/></StgValue>
</bind>
</comp>

<comp id="62" class="1001" name="const_62">
<pin_list>
<pin id="63" dir="1" index="0" bw="1" slack="0"/>
</pin_list>
<bind>
<StgValue><ssdm name=""/></StgValue>
</bind>
</comp>

<comp id="64" class="1001" name="const_64">
<pin_list>
<pin id="65" dir="1" index="0" bw="1" slack="0"/>
</pin_list>
<bind>
<StgValue><ssdm name=""/></StgValue>
</bind>
</comp>

<comp id="66" class="1001" name="const_66">
<pin_list>
<pin id="67" dir="1" index="0" bw="1" slack="0"/>
</pin_list>
<bind>
<StgValue><ssdm name=""/></StgValue>
</bind>
</comp>

<comp id="68" class="1001" name="const_68">
<pin_list>
<pin id="69" dir="1" index="0" bw="1" slack="0"/>
</pin_list>
<bind>
<StgValue><ssdm name=""/></StgValue>
</bind>
</comp>

<comp id="70" class="1001" name="const_70">
<pin_list>
<pin id="71" dir="1" index="0" bw="1" slack="0"/>
</pin_list>
<bind>
<StgValue><ssdm name=""/></StgValue>
</bind>
</comp>

<comp id="72" class="1001" name="const_72">
<pin_list>
<pin id="73" dir="1" index="0" bw="1" slack="0"/>
</pin_list>
<bind>
<StgValue><ssdm name=""/></StgValue>
</bind>
</comp>

<comp id="74" class="1001" name="const_74">
<pin_list>
<pin id="75" dir="1" index="0" bw="1" slack="0"/>
</pin_list>
<bind>
<StgValue><ssdm name=""/></StgValue>
</bind>
</comp>

<comp id="76" class="1001" name="const_76">
<pin_list>
<pin id="77" dir="1" index="0" bw="1" slack="0"/>
</pin_list>
<bind>
<StgValue><ssdm name=""/></StgValue>
</bind>
</comp>

<comp id="78" class="1001" name="const_78">
<pin_list>
<pin id="79" dir="1" index="0" bw="1" slack="0"/>
</pin_list>
<bind>
<StgValue><ssdm name=""/></StgValue>
</bind>
</comp>

<comp id="80" class="1001" name="const_80">
<pin_list>
<pin id="81" dir="1" index="0" bw="1" slack="0"/>
</pin_list>
<bind>
<StgValue><ssdm name=""/></StgValue>
</bind>
</comp>

<comp id="82" class="1001" name="const_82">
<pin_list>
<pin id="83" dir="1" index="0" bw="1" slack="0"/>
</pin_list>
<bind>
<StgValue><ssdm name=""/></StgValue>
</bind>
</comp>

<comp id="84" class="1001" name="const_84">
<pin_list>
<pin id="85" dir="1" index="0" bw="1" slack="0"/>
</pin_list>
<bind>
<StgValue><ssdm name=""/></StgValue>
</bind>
</comp>

<comp id="86" class="1001" name="const_86">
<pin_list>
<pin id="87" dir="1" index="0" bw="1" slack="0"/>
</pin_list>
<bind>
<StgValue><ssdm name=""/></StgValue>
</bind>
</comp>

<comp id="88" class="1001" name="const_88">
<pin_list>
<pin id="89" dir="1" index="0" bw="1" slack="0"/>
</pin_list>
<bind>
<StgValue><ssdm name=""/></StgValue>
</bind>
</comp>

<comp id="90" class="1001" name="const_90">
<pin_list>
<pin id="91" dir="1" index="0" bw="1" slack="0"/>
</pin_list>
<bind>
<StgValue><ssdm name=""/></StgValue>
</bind>
</comp>

<comp id="92" class="1001" name="const_92">
<pin_list>
<pin id="93" dir="1" index="0" bw="1" slack="0"/>
</pin_list>
<bind>
<StgValue><ssdm name="_ssdm_op_SparseMux.ap_auto.18i26.i26.i5"/></StgValue>
</bind>
</comp>

<comp id="94" class="1001" name="const_94">
<pin_list>
<pin id="95" dir="1" index="0" bw="1" slack="0"/>
</pin_list>
<bind>
<StgValue><ssdm name=""/></StgValue>
</bind>
</comp>

<comp id="96" class="1001" name="const_96">
<pin_list>
<pin id="97" dir="1" index="0" bw="1" slack="0"/>
</pin_list>
<bind>
<StgValue><ssdm name=""/></StgValue>
</bind>
</comp>

<comp id="98" class="1001" name="const_98">
<pin_list>
<pin id="99" dir="1" index="0" bw="1" slack="0"/>
</pin_list>
<bind>
<StgValue><ssdm name="_ssdm_op_SparseMux.ap_auto.19i26.i26.i5"/></StgValue>
</bind>
</comp>

<comp id="100" class="1001" name="const_100">
<pin_list>
<pin id="101" dir="1" index="0" bw="1" slack="0"/>
</pin_list>
<bind>
<StgValue><ssdm name=""/></StgValue>
</bind>
</comp>

<comp id="102" class="1001" name="const_102">
<pin_list>
<pin id="103" dir="1" index="0" bw="1" slack="0"/>
</pin_list>
<bind>
<StgValue><ssdm name="_ssdm_op_SparseMux.ap_auto.20i26.i26.i5"/></StgValue>
</bind>
</comp>

<comp id="104" class="1001" name="const_104">
<pin_list>
<pin id="105" dir="1" index="0" bw="1" slack="0"/>
</pin_list>
<bind>
<StgValue><ssdm name=""/></StgValue>
</bind>
</comp>

<comp id="106" class="1001" name="const_106">
<pin_list>
<pin id="107" dir="1" index="0" bw="1" slack="0"/>
</pin_list>
<bind>
<StgValue><ssdm name=""/></StgValue>
</bind>
</comp>

<comp id="108" class="1001" name="const_108">
<pin_list>
<pin id="109" dir="1" index="0" bw="1" slack="0"/>
</pin_list>
<bind>
<StgValue><ssdm name=""/></StgValue>
</bind>
</comp>

<comp id="110" class="1004" name="center_idx_read_read_fu_110">
<pin_list>
<pin id="111" dir="0" index="0" bw="5" slack="0"/>
<pin id="112" dir="0" index="1" bw="5" slack="0"/>
<pin id="113" dir="1" index="2" bw="5" slack="0"/>
</pin_list>
<bind>
<opcode="read(1150) " fcode="read"/>
<opset="center_idx_read/1 "/>
</bind>
</comp>

<comp id="116" class="1004" name="ref_wall_19_val_read_read_fu_116">
<pin_list>
<pin id="117" dir="0" index="0" bw="26" slack="0"/>
<pin id="118" dir="0" index="1" bw="26" slack="0"/>
<pin id="119" dir="1" index="2" bw="26" slack="0"/>
</pin_list>
<bind>
<opcode="read(1150) " fcode="read"/>
<opset="ref_wall_19_val_read/1 "/>
</bind>
</comp>

<comp id="122" class="1004" name="ref_wall_18_val_read_read_fu_122">
<pin_list>
<pin id="123" dir="0" index="0" bw="26" slack="0"/>
<pin id="124" dir="0" index="1" bw="26" slack="0"/>
<pin id="125" dir="1" index="2" bw="26" slack="0"/>
</pin_list>
<bind>
<opcode="read(1150) " fcode="read"/>
<opset="ref_wall_18_val_read/1 "/>
</bind>
</comp>

<comp id="128" class="1004" name="ref_wall_17_val_read_read_fu_128">
<pin_list>
<pin id="129" dir="0" index="0" bw="26" slack="0"/>
<pin id="130" dir="0" index="1" bw="26" slack="0"/>
<pin id="131" dir="1" index="2" bw="26" slack="0"/>
</pin_list>
<bind>
<opcode="read(1150) " fcode="read"/>
<opset="ref_wall_17_val_read/1 "/>
</bind>
</comp>

<comp id="134" class="1004" name="ref_wall_16_val_read_read_fu_134">
<pin_list>
<pin id="135" dir="0" index="0" bw="26" slack="0"/>
<pin id="136" dir="0" index="1" bw="26" slack="0"/>
<pin id="137" dir="1" index="2" bw="26" slack="0"/>
</pin_list>
<bind>
<opcode="read(1150) " fcode="read"/>
<opset="ref_wall_16_val_read/1 "/>
</bind>
</comp>

<comp id="140" class="1004" name="ref_wall_15_val_read_read_fu_140">
<pin_list>
<pin id="141" dir="0" index="0" bw="26" slack="0"/>
<pin id="142" dir="0" index="1" bw="26" slack="0"/>
<pin id="143" dir="1" index="2" bw="26" slack="0"/>
</pin_list>
<bind>
<opcode="read(1150) " fcode="read"/>
<opset="ref_wall_15_val_read/1 "/>
</bind>
</comp>

<comp id="146" class="1004" name="ref_wall_14_val_read_read_fu_146">
<pin_list>
<pin id="147" dir="0" index="0" bw="26" slack="0"/>
<pin id="148" dir="0" index="1" bw="26" slack="0"/>
<pin id="149" dir="1" index="2" bw="26" slack="0"/>
</pin_list>
<bind>
<opcode="read(1150) " fcode="read"/>
<opset="ref_wall_14_val_read/1 "/>
</bind>
</comp>

<comp id="152" class="1004" name="ref_wall_13_val_read_read_fu_152">
<pin_list>
<pin id="153" dir="0" index="0" bw="26" slack="0"/>
<pin id="154" dir="0" index="1" bw="26" slack="0"/>
<pin id="155" dir="1" index="2" bw="26" slack="0"/>
</pin_list>
<bind>
<opcode="read(1150) " fcode="read"/>
<opset="ref_wall_13_val_read/1 "/>
</bind>
</comp>

<comp id="158" class="1004" name="ref_wall_12_val_read_read_fu_158">
<pin_list>
<pin id="159" dir="0" index="0" bw="26" slack="0"/>
<pin id="160" dir="0" index="1" bw="26" slack="0"/>
<pin id="161" dir="1" index="2" bw="26" slack="0"/>
</pin_list>
<bind>
<opcode="read(1150) " fcode="read"/>
<opset="ref_wall_12_val_read/1 "/>
</bind>
</comp>

<comp id="164" class="1004" name="ref_wall_11_val_read_read_fu_164">
<pin_list>
<pin id="165" dir="0" index="0" bw="26" slack="0"/>
<pin id="166" dir="0" index="1" bw="26" slack="0"/>
<pin id="167" dir="1" index="2" bw="26" slack="0"/>
</pin_list>
<bind>
<opcode="read(1150) " fcode="read"/>
<opset="ref_wall_11_val_read/1 "/>
</bind>
</comp>

<comp id="170" class="1004" name="ref_wall_10_val_read_read_fu_170">
<pin_list>
<pin id="171" dir="0" index="0" bw="26" slack="0"/>
<pin id="172" dir="0" index="1" bw="26" slack="0"/>
<pin id="173" dir="1" index="2" bw="26" slack="0"/>
</pin_list>
<bind>
<opcode="read(1150) " fcode="read"/>
<opset="ref_wall_10_val_read/1 "/>
</bind>
</comp>

<comp id="176" class="1004" name="ref_wall_9_val_read_read_fu_176">
<pin_list>
<pin id="177" dir="0" index="0" bw="26" slack="0"/>
<pin id="178" dir="0" index="1" bw="26" slack="0"/>
<pin id="179" dir="1" index="2" bw="26" slack="0"/>
</pin_list>
<bind>
<opcode="read(1150) " fcode="read"/>
<opset="ref_wall_9_val_read/1 "/>
</bind>
</comp>

<comp id="182" class="1004" name="ref_wall_8_val_read_read_fu_182">
<pin_list>
<pin id="183" dir="0" index="0" bw="26" slack="0"/>
<pin id="184" dir="0" index="1" bw="26" slack="0"/>
<pin id="185" dir="1" index="2" bw="26" slack="0"/>
</pin_list>
<bind>
<opcode="read(1150) " fcode="read"/>
<opset="ref_wall_8_val_read/1 "/>
</bind>
</comp>

<comp id="188" class="1004" name="ref_wall_7_val_read_read_fu_188">
<pin_list>
<pin id="189" dir="0" index="0" bw="26" slack="0"/>
<pin id="190" dir="0" index="1" bw="26" slack="0"/>
<pin id="191" dir="1" index="2" bw="26" slack="0"/>
</pin_list>
<bind>
<opcode="read(1150) " fcode="read"/>
<opset="ref_wall_7_val_read/1 "/>
</bind>
</comp>

<comp id="194" class="1004" name="ref_wall_6_val_read_read_fu_194">
<pin_list>
<pin id="195" dir="0" index="0" bw="26" slack="0"/>
<pin id="196" dir="0" index="1" bw="26" slack="0"/>
<pin id="197" dir="1" index="2" bw="26" slack="0"/>
</pin_list>
<bind>
<opcode="read(1150) " fcode="read"/>
<opset="ref_wall_6_val_read/1 "/>
</bind>
</comp>

<comp id="200" class="1004" name="ref_wall_5_val_read_read_fu_200">
<pin_list>
<pin id="201" dir="0" index="0" bw="26" slack="0"/>
<pin id="202" dir="0" index="1" bw="26" slack="0"/>
<pin id="203" dir="1" index="2" bw="26" slack="0"/>
</pin_list>
<bind>
<opcode="read(1150) " fcode="read"/>
<opset="ref_wall_5_val_read/1 "/>
</bind>
</comp>

<comp id="206" class="1004" name="ref_wall_4_val_read_read_fu_206">
<pin_list>
<pin id="207" dir="0" index="0" bw="26" slack="0"/>
<pin id="208" dir="0" index="1" bw="26" slack="0"/>
<pin id="209" dir="1" index="2" bw="26" slack="0"/>
</pin_list>
<bind>
<opcode="read(1150) " fcode="read"/>
<opset="ref_wall_4_val_read/1 "/>
</bind>
</comp>

<comp id="212" class="1004" name="ref_wall_3_val_read_read_fu_212">
<pin_list>
<pin id="213" dir="0" index="0" bw="26" slack="0"/>
<pin id="214" dir="0" index="1" bw="26" slack="0"/>
<pin id="215" dir="1" index="2" bw="26" slack="0"/>
</pin_list>
<bind>
<opcode="read(1150) " fcode="read"/>
<opset="ref_wall_3_val_read/1 "/>
</bind>
</comp>

<comp id="218" class="1004" name="ref_wall_2_val_read_read_fu_218">
<pin_list>
<pin id="219" dir="0" index="0" bw="26" slack="0"/>
<pin id="220" dir="0" index="1" bw="26" slack="0"/>
<pin id="221" dir="1" index="2" bw="26" slack="0"/>
</pin_list>
<bind>
<opcode="read(1150) " fcode="read"/>
<opset="ref_wall_2_val_read/1 "/>
</bind>
</comp>

<comp id="224" class="1004" name="ref_wall_1_val_read_read_fu_224">
<pin_list>
<pin id="225" dir="0" index="0" bw="26" slack="0"/>
<pin id="226" dir="0" index="1" bw="26" slack="0"/>
<pin id="227" dir="1" index="2" bw="26" slack="0"/>
</pin_list>
<bind>
<opcode="read(1150) " fcode="read"/>
<opset="ref_wall_1_val_read/1 "/>
</bind>
</comp>

<comp id="230" class="1004" name="ref_wall_0_val_read_read_fu_230">
<pin_list>
<pin id="231" dir="0" index="0" bw="26" slack="0"/>
<pin id="232" dir="0" index="1" bw="26" slack="0"/>
<pin id="233" dir="1" index="2" bw="26" slack="0"/>
</pin_list>
<bind>
<opcode="read(1150) " fcode="read"/>
<opset="ref_wall_0_val_read/1 "/>
</bind>
</comp>

<comp id="236" class="1004" name="zext_ln87_fu_236">
<pin_list>
<pin id="237" dir="0" index="0" bw="5" slack="0"/>
<pin id="238" dir="1" index="1" bw="6" slack="0"/>
</pin_list>
<bind>
<opcode="zext(34) " fcode="zext"/>
<opset="zext_ln87/1 "/>
</bind>
</comp>

<comp id="240" class="1004" name="jj_fu_240">
<pin_list>
<pin id="241" dir="0" index="0" bw="5" slack="0"/>
<pin id="242" dir="0" index="1" bw="3" slack="0"/>
<pin id="243" dir="1" index="2" bw="6" slack="0"/>
</pin_list>
<bind>
<opcode="add(8) " fcode="add"/>
<opset="jj/1 "/>
</bind>
</comp>

<comp id="246" class="1004" name="icmp_ln95_fu_246">
<pin_list>
<pin id="247" dir="0" index="0" bw="6" slack="0"/>
<pin id="248" dir="0" index="1" bw="6" slack="0"/>
<pin id="249" dir="1" index="2" bw="1" slack="0"/>
</pin_list>
<bind>
<opcode="icmp(45) " fcode="icmp"/>
<opset="icmp_ln95/1 "/>
</bind>
</comp>

<comp id="252" class="1004" name="tmp_fu_252">
<pin_list>
<pin id="253" dir="0" index="0" bw="26" slack="0"/>
<pin id="254" dir="0" index="1" bw="5" slack="0"/>
<pin id="255" dir="0" index="2" bw="26" slack="0"/>
<pin id="256" dir="0" index="3" bw="5" slack="0"/>
<pin id="257" dir="0" index="4" bw="26" slack="0"/>
<pin id="258" dir="0" index="5" bw="5" slack="0"/>
<pin id="259" dir="0" index="6" bw="26" slack="0"/>
<pin id="260" dir="0" index="7" bw="5" slack="0"/>
<pin id="261" dir="0" index="8" bw="26" slack="0"/>
<pin id="262" dir="0" index="9" bw="5" slack="0"/>
<pin id="263" dir="0" index="10" bw="26" slack="0"/>
<pin id="264" dir="0" index="11" bw="5" slack="0"/>
<pin id="265" dir="0" index="12" bw="26" slack="0"/>
<pin id="266" dir="0" index="13" bw="5" slack="0"/>
<pin id="267" dir="0" index="14" bw="26" slack="0"/>
<pin id="268" dir="0" index="15" bw="5" slack="0"/>
<pin id="269" dir="0" index="16" bw="26" slack="0"/>
<pin id="270" dir="0" index="17" bw="5" slack="0"/>
<pin id="271" dir="0" index="18" bw="26" slack="0"/>
<pin id="272" dir="0" index="19" bw="5" slack="0"/>
<pin id="273" dir="0" index="20" bw="26" slack="0"/>
<pin id="274" dir="0" index="21" bw="5" slack="0"/>
<pin id="275" dir="0" index="22" bw="26" slack="0"/>
<pin id="276" dir="0" index="23" bw="5" slack="0"/>
<pin id="277" dir="0" index="24" bw="26" slack="0"/>
<pin id="278" dir="0" index="25" bw="5" slack="0"/>
<pin id="279" dir="0" index="26" bw="26" slack="0"/>
<pin id="280" dir="0" index="27" bw="5" slack="0"/>
<pin id="281" dir="0" index="28" bw="26" slack="0"/>
<pin id="282" dir="0" index="29" bw="5" slack="0"/>
<pin id="283" dir="0" index="30" bw="26" slack="0"/>
<pin id="284" dir="0" index="31" bw="5" slack="0"/>
<pin id="285" dir="0" index="32" bw="26" slack="0"/>
<pin id="286" dir="0" index="33" bw="5" slack="0"/>
<pin id="287" dir="0" index="34" bw="26" slack="0"/>
<pin id="288" dir="0" index="35" bw="26" slack="0"/>
<pin id="289" dir="0" index="36" bw="5" slack="0"/>
<pin id="290" dir="1" index="37" bw="26" slack="0"/>
</pin_list>
<bind>
<opcode="sparsemux(1197) " fcode="sparsemux"/>
<opset="tmp/1 "/>
</bind>
</comp>

<comp id="328" class="1004" name="cand_fu_328">
<pin_list>
<pin id="329" dir="0" index="0" bw="1" slack="0"/>
<pin id="330" dir="0" index="1" bw="26" slack="0"/>
<pin id="331" dir="0" index="2" bw="21" slack="0"/>
<pin id="332" dir="1" index="3" bw="26" slack="0"/>
</pin_list>
<bind>
<opcode="select(49) " fcode="select"/>
<opset="cand/1 "/>
</bind>
</comp>

<comp id="336" class="1004" name="jj_1_fu_336">
<pin_list>
<pin id="337" dir="0" index="0" bw="5" slack="0"/>
<pin id="338" dir="0" index="1" bw="2" slack="0"/>
<pin id="339" dir="1" index="2" bw="6" slack="0"/>
</pin_list>
<bind>
<opcode="add(8) " fcode="add"/>
<opset="jj_1/1 "/>
</bind>
</comp>

<comp id="342" class="1004" name="icmp_ln95_1_fu_342">
<pin_list>
<pin id="343" dir="0" index="0" bw="6" slack="0"/>
<pin id="344" dir="0" index="1" bw="6" slack="0"/>
<pin id="345" dir="1" index="2" bw="1" slack="0"/>
</pin_list>
<bind>
<opcode="icmp(45) " fcode="icmp"/>
<opset="icmp_ln95_1/1 "/>
</bind>
</comp>

<comp id="348" class="1004" name="tmp_s_fu_348">
<pin_list>
<pin id="349" dir="0" index="0" bw="26" slack="0"/>
<pin id="350" dir="0" index="1" bw="5" slack="0"/>
<pin id="351" dir="0" index="2" bw="26" slack="0"/>
<pin id="352" dir="0" index="3" bw="5" slack="0"/>
<pin id="353" dir="0" index="4" bw="26" slack="0"/>
<pin id="354" dir="0" index="5" bw="5" slack="0"/>
<pin id="355" dir="0" index="6" bw="26" slack="0"/>
<pin id="356" dir="0" index="7" bw="5" slack="0"/>
<pin id="357" dir="0" index="8" bw="26" slack="0"/>
<pin id="358" dir="0" index="9" bw="5" slack="0"/>
<pin id="359" dir="0" index="10" bw="26" slack="0"/>
<pin id="360" dir="0" index="11" bw="5" slack="0"/>
<pin id="361" dir="0" index="12" bw="26" slack="0"/>
<pin id="362" dir="0" index="13" bw="5" slack="0"/>
<pin id="363" dir="0" index="14" bw="26" slack="0"/>
<pin id="364" dir="0" index="15" bw="5" slack="0"/>
<pin id="365" dir="0" index="16" bw="26" slack="0"/>
<pin id="366" dir="0" index="17" bw="5" slack="0"/>
<pin id="367" dir="0" index="18" bw="26" slack="0"/>
<pin id="368" dir="0" index="19" bw="5" slack="0"/>
<pin id="369" dir="0" index="20" bw="26" slack="0"/>
<pin id="370" dir="0" index="21" bw="5" slack="0"/>
<pin id="371" dir="0" index="22" bw="26" slack="0"/>
<pin id="372" dir="0" index="23" bw="5" slack="0"/>
<pin id="373" dir="0" index="24" bw="26" slack="0"/>
<pin id="374" dir="0" index="25" bw="5" slack="0"/>
<pin id="375" dir="0" index="26" bw="26" slack="0"/>
<pin id="376" dir="0" index="27" bw="5" slack="0"/>
<pin id="377" dir="0" index="28" bw="26" slack="0"/>
<pin id="378" dir="0" index="29" bw="5" slack="0"/>
<pin id="379" dir="0" index="30" bw="26" slack="0"/>
<pin id="380" dir="0" index="31" bw="5" slack="0"/>
<pin id="381" dir="0" index="32" bw="26" slack="0"/>
<pin id="382" dir="0" index="33" bw="5" slack="0"/>
<pin id="383" dir="0" index="34" bw="26" slack="0"/>
<pin id="384" dir="0" index="35" bw="5" slack="0"/>
<pin id="385" dir="0" index="36" bw="26" slack="0"/>
<pin id="386" dir="0" index="37" bw="26" slack="0"/>
<pin id="387" dir="0" index="38" bw="5" slack="0"/>
<pin id="388" dir="1" index="39" bw="26" slack="0"/>
</pin_list>
<bind>
<opcode="sparsemux(1197) " fcode="sparsemux"/>
<opset="tmp_s/1 "/>
</bind>
</comp>

<comp id="428" class="1004" name="cand_1_fu_428">
<pin_list>
<pin id="429" dir="0" index="0" bw="1" slack="0"/>
<pin id="430" dir="0" index="1" bw="26" slack="0"/>
<pin id="431" dir="0" index="2" bw="21" slack="0"/>
<pin id="432" dir="1" index="3" bw="26" slack="0"/>
</pin_list>
<bind>
<opcode="select(49) " fcode="select"/>
<opset="cand_1/1 "/>
</bind>
</comp>

<comp id="436" class="1004" name="jj_2_fu_436">
<pin_list>
<pin id="437" dir="0" index="0" bw="5" slack="0"/>
<pin id="438" dir="0" index="1" bw="1" slack="0"/>
<pin id="439" dir="1" index="2" bw="6" slack="0"/>
</pin_list>
<bind>
<opcode="add(8) " fcode="add"/>
<opset="jj_2/1 "/>
</bind>
</comp>

<comp id="442" class="1004" name="icmp_ln95_2_fu_442">
<pin_list>
<pin id="443" dir="0" index="0" bw="6" slack="0"/>
<pin id="444" dir="0" index="1" bw="6" slack="0"/>
<pin id="445" dir="1" index="2" bw="1" slack="0"/>
</pin_list>
<bind>
<opcode="icmp(45) " fcode="icmp"/>
<opset="icmp_ln95_2/1 "/>
</bind>
</comp>

<comp id="448" class="1004" name="tmp_1_fu_448">
<pin_list>
<pin id="449" dir="0" index="0" bw="26" slack="0"/>
<pin id="450" dir="0" index="1" bw="5" slack="0"/>
<pin id="451" dir="0" index="2" bw="26" slack="0"/>
<pin id="452" dir="0" index="3" bw="5" slack="0"/>
<pin id="453" dir="0" index="4" bw="26" slack="0"/>
<pin id="454" dir="0" index="5" bw="5" slack="0"/>
<pin id="455" dir="0" index="6" bw="26" slack="0"/>
<pin id="456" dir="0" index="7" bw="5" slack="0"/>
<pin id="457" dir="0" index="8" bw="26" slack="0"/>
<pin id="458" dir="0" index="9" bw="5" slack="0"/>
<pin id="459" dir="0" index="10" bw="26" slack="0"/>
<pin id="460" dir="0" index="11" bw="5" slack="0"/>
<pin id="461" dir="0" index="12" bw="26" slack="0"/>
<pin id="462" dir="0" index="13" bw="5" slack="0"/>
<pin id="463" dir="0" index="14" bw="26" slack="0"/>
<pin id="464" dir="0" index="15" bw="5" slack="0"/>
<pin id="465" dir="0" index="16" bw="26" slack="0"/>
<pin id="466" dir="0" index="17" bw="5" slack="0"/>
<pin id="467" dir="0" index="18" bw="26" slack="0"/>
<pin id="468" dir="0" index="19" bw="5" slack="0"/>
<pin id="469" dir="0" index="20" bw="26" slack="0"/>
<pin id="470" dir="0" index="21" bw="5" slack="0"/>
<pin id="471" dir="0" index="22" bw="26" slack="0"/>
<pin id="472" dir="0" index="23" bw="5" slack="0"/>
<pin id="473" dir="0" index="24" bw="26" slack="0"/>
<pin id="474" dir="0" index="25" bw="5" slack="0"/>
<pin id="475" dir="0" index="26" bw="26" slack="0"/>
<pin id="476" dir="0" index="27" bw="5" slack="0"/>
<pin id="477" dir="0" index="28" bw="26" slack="0"/>
<pin id="478" dir="0" index="29" bw="5" slack="0"/>
<pin id="479" dir="0" index="30" bw="26" slack="0"/>
<pin id="480" dir="0" index="31" bw="5" slack="0"/>
<pin id="481" dir="0" index="32" bw="26" slack="0"/>
<pin id="482" dir="0" index="33" bw="5" slack="0"/>
<pin id="483" dir="0" index="34" bw="26" slack="0"/>
<pin id="484" dir="0" index="35" bw="5" slack="0"/>
<pin id="485" dir="0" index="36" bw="26" slack="0"/>
<pin id="486" dir="0" index="37" bw="5" slack="0"/>
<pin id="487" dir="0" index="38" bw="26" slack="0"/>
<pin id="488" dir="0" index="39" bw="26" slack="0"/>
<pin id="489" dir="0" index="40" bw="5" slack="0"/>
<pin id="490" dir="1" index="41" bw="26" slack="0"/>
</pin_list>
<bind>
<opcode="sparsemux(1197) " fcode="sparsemux"/>
<opset="tmp_1/1 "/>
</bind>
</comp>

<comp id="532" class="1004" name="cand_2_fu_532">
<pin_list>
<pin id="533" dir="0" index="0" bw="1" slack="0"/>
<pin id="534" dir="0" index="1" bw="26" slack="0"/>
<pin id="535" dir="0" index="2" bw="21" slack="0"/>
<pin id="536" dir="1" index="3" bw="26" slack="0"/>
</pin_list>
<bind>
<opcode="select(49) " fcode="select"/>
<opset="cand_2/1 "/>
</bind>
</comp>

<comp id="540" class="1004" name="cand_3_fu_540">
<pin_list>
<pin id="541" dir="0" index="0" bw="26" slack="0"/>
<pin id="542" dir="0" index="1" bw="5" slack="0"/>
<pin id="543" dir="0" index="2" bw="26" slack="0"/>
<pin id="544" dir="0" index="3" bw="5" slack="0"/>
<pin id="545" dir="0" index="4" bw="26" slack="0"/>
<pin id="546" dir="0" index="5" bw="5" slack="0"/>
<pin id="547" dir="0" index="6" bw="26" slack="0"/>
<pin id="548" dir="0" index="7" bw="5" slack="0"/>
<pin id="549" dir="0" index="8" bw="26" slack="0"/>
<pin id="550" dir="0" index="9" bw="5" slack="0"/>
<pin id="551" dir="0" index="10" bw="26" slack="0"/>
<pin id="552" dir="0" index="11" bw="5" slack="0"/>
<pin id="553" dir="0" index="12" bw="26" slack="0"/>
<pin id="554" dir="0" index="13" bw="5" slack="0"/>
<pin id="555" dir="0" index="14" bw="26" slack="0"/>
<pin id="556" dir="0" index="15" bw="5" slack="0"/>
<pin id="557" dir="0" index="16" bw="26" slack="0"/>
<pin id="558" dir="0" index="17" bw="5" slack="0"/>
<pin id="559" dir="0" index="18" bw="26" slack="0"/>
<pin id="560" dir="0" index="19" bw="5" slack="0"/>
<pin id="561" dir="0" index="20" bw="26" slack="0"/>
<pin id="562" dir="0" index="21" bw="5" slack="0"/>
<pin id="563" dir="0" index="22" bw="26" slack="0"/>
<pin id="564" dir="0" index="23" bw="5" slack="0"/>
<pin id="565" dir="0" index="24" bw="26" slack="0"/>
<pin id="566" dir="0" index="25" bw="5" slack="0"/>
<pin id="567" dir="0" index="26" bw="26" slack="0"/>
<pin id="568" dir="0" index="27" bw="5" slack="0"/>
<pin id="569" dir="0" index="28" bw="26" slack="0"/>
<pin id="570" dir="0" index="29" bw="5" slack="0"/>
<pin id="571" dir="0" index="30" bw="26" slack="0"/>
<pin id="572" dir="0" index="31" bw="5" slack="0"/>
<pin id="573" dir="0" index="32" bw="26" slack="0"/>
<pin id="574" dir="0" index="33" bw="5" slack="0"/>
<pin id="575" dir="0" index="34" bw="26" slack="0"/>
<pin id="576" dir="0" index="35" bw="5" slack="0"/>
<pin id="577" dir="0" index="36" bw="26" slack="0"/>
<pin id="578" dir="0" index="37" bw="5" slack="0"/>
<pin id="579" dir="0" index="38" bw="26" slack="0"/>
<pin id="580" dir="0" index="39" bw="5" slack="0"/>
<pin id="581" dir="0" index="40" bw="26" slack="0"/>
<pin id="582" dir="0" index="41" bw="26" slack="0"/>
<pin id="583" dir="0" index="42" bw="5" slack="0"/>
<pin id="584" dir="1" index="43" bw="26" slack="0"/>
</pin_list>
<bind>
<opcode="sparsemux(1197) " fcode="sparsemux"/>
<opset="cand_3/1 "/>
</bind>
</comp>

<comp id="628" class="1004" name="jj_3_fu_628">
<pin_list>
<pin id="629" dir="0" index="0" bw="5" slack="0"/>
<pin id="630" dir="0" index="1" bw="1" slack="0"/>
<pin id="631" dir="1" index="2" bw="5" slack="0"/>
</pin_list>
<bind>
<opcode="add(8) " fcode="add"/>
<opset="jj_3/1 "/>
</bind>
</comp>

<comp id="634" class="1004" name="icmp_ln95_3_fu_634">
<pin_list>
<pin id="635" dir="0" index="0" bw="5" slack="0"/>
<pin id="636" dir="0" index="1" bw="5" slack="0"/>
<pin id="637" dir="1" index="2" bw="1" slack="0"/>
</pin_list>
<bind>
<opcode="icmp(45) " fcode="icmp"/>
<opset="icmp_ln95_3/1 "/>
</bind>
</comp>

<comp id="640" class="1004" name="tmp_3_fu_640">
<pin_list>
<pin id="641" dir="0" index="0" bw="26" slack="0"/>
<pin id="642" dir="0" index="1" bw="5" slack="0"/>
<pin id="643" dir="0" index="2" bw="26" slack="0"/>
<pin id="644" dir="0" index="3" bw="5" slack="0"/>
<pin id="645" dir="0" index="4" bw="26" slack="0"/>
<pin id="646" dir="0" index="5" bw="5" slack="0"/>
<pin id="647" dir="0" index="6" bw="26" slack="0"/>
<pin id="648" dir="0" index="7" bw="5" slack="0"/>
<pin id="649" dir="0" index="8" bw="26" slack="0"/>
<pin id="650" dir="0" index="9" bw="5" slack="0"/>
<pin id="651" dir="0" index="10" bw="26" slack="0"/>
<pin id="652" dir="0" index="11" bw="5" slack="0"/>
<pin id="653" dir="0" index="12" bw="26" slack="0"/>
<pin id="654" dir="0" index="13" bw="5" slack="0"/>
<pin id="655" dir="0" index="14" bw="26" slack="0"/>
<pin id="656" dir="0" index="15" bw="5" slack="0"/>
<pin id="657" dir="0" index="16" bw="26" slack="0"/>
<pin id="658" dir="0" index="17" bw="5" slack="0"/>
<pin id="659" dir="0" index="18" bw="26" slack="0"/>
<pin id="660" dir="0" index="19" bw="5" slack="0"/>
<pin id="661" dir="0" index="20" bw="26" slack="0"/>
<pin id="662" dir="0" index="21" bw="5" slack="0"/>
<pin id="663" dir="0" index="22" bw="26" slack="0"/>
<pin id="664" dir="0" index="23" bw="5" slack="0"/>
<pin id="665" dir="0" index="24" bw="26" slack="0"/>
<pin id="666" dir="0" index="25" bw="5" slack="0"/>
<pin id="667" dir="0" index="26" bw="26" slack="0"/>
<pin id="668" dir="0" index="27" bw="5" slack="0"/>
<pin id="669" dir="0" index="28" bw="26" slack="0"/>
<pin id="670" dir="0" index="29" bw="5" slack="0"/>
<pin id="671" dir="0" index="30" bw="26" slack="0"/>
<pin id="672" dir="0" index="31" bw="5" slack="0"/>
<pin id="673" dir="0" index="32" bw="26" slack="0"/>
<pin id="674" dir="0" index="33" bw="5" slack="0"/>
<pin id="675" dir="0" index="34" bw="26" slack="0"/>
<pin id="676" dir="0" index="35" bw="5" slack="0"/>
<pin id="677" dir="0" index="36" bw="26" slack="0"/>
<pin id="678" dir="0" index="37" bw="5" slack="0"/>
<pin id="679" dir="0" index="38" bw="26" slack="0"/>
<pin id="680" dir="0" index="39" bw="26" slack="0"/>
<pin id="681" dir="0" index="40" bw="5" slack="0"/>
<pin id="682" dir="1" index="41" bw="26" slack="0"/>
</pin_list>
<bind>
<opcode="sparsemux(1197) " fcode="sparsemux"/>
<opset="tmp_3/1 "/>
</bind>
</comp>

<comp id="724" class="1004" name="cand_4_fu_724">
<pin_list>
<pin id="725" dir="0" index="0" bw="1" slack="0"/>
<pin id="726" dir="0" index="1" bw="26" slack="0"/>
<pin id="727" dir="0" index="2" bw="21" slack="0"/>
<pin id="728" dir="1" index="3" bw="26" slack="0"/>
</pin_list>
<bind>
<opcode="select(49) " fcode="select"/>
<opset="cand_4/1 "/>
</bind>
</comp>

<comp id="732" class="1004" name="jj_4_fu_732">
<pin_list>
<pin id="733" dir="0" index="0" bw="5" slack="0"/>
<pin id="734" dir="0" index="1" bw="3" slack="0"/>
<pin id="735" dir="1" index="2" bw="5" slack="0"/>
</pin_list>
<bind>
<opcode="add(8) " fcode="add"/>
<opset="jj_4/1 "/>
</bind>
</comp>

<comp id="738" class="1004" name="icmp_ln95_4_fu_738">
<pin_list>
<pin id="739" dir="0" index="0" bw="5" slack="0"/>
<pin id="740" dir="0" index="1" bw="5" slack="0"/>
<pin id="741" dir="1" index="2" bw="1" slack="0"/>
</pin_list>
<bind>
<opcode="icmp(45) " fcode="icmp"/>
<opset="icmp_ln95_4/1 "/>
</bind>
</comp>

<comp id="744" class="1004" name="tmp_4_fu_744">
<pin_list>
<pin id="745" dir="0" index="0" bw="26" slack="0"/>
<pin id="746" dir="0" index="1" bw="5" slack="0"/>
<pin id="747" dir="0" index="2" bw="26" slack="0"/>
<pin id="748" dir="0" index="3" bw="5" slack="0"/>
<pin id="749" dir="0" index="4" bw="26" slack="0"/>
<pin id="750" dir="0" index="5" bw="5" slack="0"/>
<pin id="751" dir="0" index="6" bw="26" slack="0"/>
<pin id="752" dir="0" index="7" bw="5" slack="0"/>
<pin id="753" dir="0" index="8" bw="26" slack="0"/>
<pin id="754" dir="0" index="9" bw="5" slack="0"/>
<pin id="755" dir="0" index="10" bw="26" slack="0"/>
<pin id="756" dir="0" index="11" bw="5" slack="0"/>
<pin id="757" dir="0" index="12" bw="26" slack="0"/>
<pin id="758" dir="0" index="13" bw="5" slack="0"/>
<pin id="759" dir="0" index="14" bw="26" slack="0"/>
<pin id="760" dir="0" index="15" bw="5" slack="0"/>
<pin id="761" dir="0" index="16" bw="26" slack="0"/>
<pin id="762" dir="0" index="17" bw="5" slack="0"/>
<pin id="763" dir="0" index="18" bw="26" slack="0"/>
<pin id="764" dir="0" index="19" bw="5" slack="0"/>
<pin id="765" dir="0" index="20" bw="26" slack="0"/>
<pin id="766" dir="0" index="21" bw="5" slack="0"/>
<pin id="767" dir="0" index="22" bw="26" slack="0"/>
<pin id="768" dir="0" index="23" bw="5" slack="0"/>
<pin id="769" dir="0" index="24" bw="26" slack="0"/>
<pin id="770" dir="0" index="25" bw="5" slack="0"/>
<pin id="771" dir="0" index="26" bw="26" slack="0"/>
<pin id="772" dir="0" index="27" bw="5" slack="0"/>
<pin id="773" dir="0" index="28" bw="26" slack="0"/>
<pin id="774" dir="0" index="29" bw="5" slack="0"/>
<pin id="775" dir="0" index="30" bw="26" slack="0"/>
<pin id="776" dir="0" index="31" bw="5" slack="0"/>
<pin id="777" dir="0" index="32" bw="26" slack="0"/>
<pin id="778" dir="0" index="33" bw="5" slack="0"/>
<pin id="779" dir="0" index="34" bw="26" slack="0"/>
<pin id="780" dir="0" index="35" bw="5" slack="0"/>
<pin id="781" dir="0" index="36" bw="26" slack="0"/>
<pin id="782" dir="0" index="37" bw="26" slack="0"/>
<pin id="783" dir="0" index="38" bw="5" slack="0"/>
<pin id="784" dir="1" index="39" bw="26" slack="0"/>
</pin_list>
<bind>
<opcode="sparsemux(1197) " fcode="sparsemux"/>
<opset="tmp_4/1 "/>
</bind>
</comp>

<comp id="824" class="1004" name="cand_5_fu_824">
<pin_list>
<pin id="825" dir="0" index="0" bw="1" slack="0"/>
<pin id="826" dir="0" index="1" bw="26" slack="0"/>
<pin id="827" dir="0" index="2" bw="21" slack="0"/>
<pin id="828" dir="1" index="3" bw="26" slack="0"/>
</pin_list>
<bind>
<opcode="select(49) " fcode="select"/>
<opset="cand_5/1 "/>
</bind>
</comp>

<comp id="832" class="1004" name="jj_5_fu_832">
<pin_list>
<pin id="833" dir="0" index="0" bw="5" slack="0"/>
<pin id="834" dir="0" index="1" bw="3" slack="0"/>
<pin id="835" dir="1" index="2" bw="5" slack="0"/>
</pin_list>
<bind>
<opcode="add(8) " fcode="add"/>
<opset="jj_5/1 "/>
</bind>
</comp>

<comp id="838" class="1004" name="icmp_ln95_5_fu_838">
<pin_list>
<pin id="839" dir="0" index="0" bw="5" slack="0"/>
<pin id="840" dir="0" index="1" bw="5" slack="0"/>
<pin id="841" dir="1" index="2" bw="1" slack="0"/>
</pin_list>
<bind>
<opcode="icmp(45) " fcode="icmp"/>
<opset="icmp_ln95_5/1 "/>
</bind>
</comp>

<comp id="844" class="1004" name="tmp_5_fu_844">
<pin_list>
<pin id="845" dir="0" index="0" bw="26" slack="0"/>
<pin id="846" dir="0" index="1" bw="5" slack="0"/>
<pin id="847" dir="0" index="2" bw="26" slack="0"/>
<pin id="848" dir="0" index="3" bw="5" slack="0"/>
<pin id="849" dir="0" index="4" bw="26" slack="0"/>
<pin id="850" dir="0" index="5" bw="5" slack="0"/>
<pin id="851" dir="0" index="6" bw="26" slack="0"/>
<pin id="852" dir="0" index="7" bw="5" slack="0"/>
<pin id="853" dir="0" index="8" bw="26" slack="0"/>
<pin id="854" dir="0" index="9" bw="5" slack="0"/>
<pin id="855" dir="0" index="10" bw="26" slack="0"/>
<pin id="856" dir="0" index="11" bw="5" slack="0"/>
<pin id="857" dir="0" index="12" bw="26" slack="0"/>
<pin id="858" dir="0" index="13" bw="5" slack="0"/>
<pin id="859" dir="0" index="14" bw="26" slack="0"/>
<pin id="860" dir="0" index="15" bw="5" slack="0"/>
<pin id="861" dir="0" index="16" bw="26" slack="0"/>
<pin id="862" dir="0" index="17" bw="5" slack="0"/>
<pin id="863" dir="0" index="18" bw="26" slack="0"/>
<pin id="864" dir="0" index="19" bw="5" slack="0"/>
<pin id="865" dir="0" index="20" bw="26" slack="0"/>
<pin id="866" dir="0" index="21" bw="5" slack="0"/>
<pin id="867" dir="0" index="22" bw="26" slack="0"/>
<pin id="868" dir="0" index="23" bw="5" slack="0"/>
<pin id="869" dir="0" index="24" bw="26" slack="0"/>
<pin id="870" dir="0" index="25" bw="5" slack="0"/>
<pin id="871" dir="0" index="26" bw="26" slack="0"/>
<pin id="872" dir="0" index="27" bw="5" slack="0"/>
<pin id="873" dir="0" index="28" bw="26" slack="0"/>
<pin id="874" dir="0" index="29" bw="5" slack="0"/>
<pin id="875" dir="0" index="30" bw="26" slack="0"/>
<pin id="876" dir="0" index="31" bw="5" slack="0"/>
<pin id="877" dir="0" index="32" bw="26" slack="0"/>
<pin id="878" dir="0" index="33" bw="5" slack="0"/>
<pin id="879" dir="0" index="34" bw="26" slack="0"/>
<pin id="880" dir="0" index="35" bw="26" slack="0"/>
<pin id="881" dir="0" index="36" bw="5" slack="0"/>
<pin id="882" dir="1" index="37" bw="26" slack="0"/>
</pin_list>
<bind>
<opcode="sparsemux(1197) " fcode="sparsemux"/>
<opset="tmp_5/1 "/>
</bind>
</comp>

<comp id="920" class="1004" name="cand_7_fu_920">
<pin_list>
<pin id="921" dir="0" index="0" bw="1" slack="0"/>
<pin id="922" dir="0" index="1" bw="26" slack="0"/>
<pin id="923" dir="0" index="2" bw="21" slack="0"/>
<pin id="924" dir="1" index="3" bw="26" slack="0"/>
</pin_list>
<bind>
<opcode="select(49) " fcode="select"/>
<opset="cand_7/1 "/>
</bind>
</comp>

<comp id="928" class="1004" name="icmp_ln98_fu_928">
<pin_list>
<pin id="929" dir="0" index="0" bw="26" slack="0"/>
<pin id="930" dir="0" index="1" bw="26" slack="0"/>
<pin id="931" dir="1" index="2" bw="1" slack="0"/>
</pin_list>
<bind>
<opcode="icmp(45) " fcode="icmp"/>
<opset="icmp_ln98/1 "/>
</bind>
</comp>

<comp id="934" class="1004" name="xor_ln98_fu_934">
<pin_list>
<pin id="935" dir="0" index="0" bw="1" slack="0"/>
<pin id="936" dir="0" index="1" bw="1" slack="0"/>
<pin id="937" dir="1" index="2" bw="1" slack="0"/>
</pin_list>
<bind>
<opcode="xor(25) " fcode="xor"/>
<opset="xor_ln98/1 "/>
</bind>
</comp>

<comp id="940" class="1004" name="l2_0_fu_940">
<pin_list>
<pin id="941" dir="0" index="0" bw="1" slack="0"/>
<pin id="942" dir="0" index="1" bw="26" slack="0"/>
<pin id="943" dir="0" index="2" bw="26" slack="0"/>
<pin id="944" dir="1" index="3" bw="26" slack="0"/>
</pin_list>
<bind>
<opcode="select(49) " fcode="select"/>
<opset="l2_0/1 "/>
</bind>
</comp>

<comp id="948" class="1004" name="icmp_ln99_fu_948">
<pin_list>
<pin id="949" dir="0" index="0" bw="26" slack="0"/>
<pin id="950" dir="0" index="1" bw="26" slack="0"/>
<pin id="951" dir="1" index="2" bw="1" slack="0"/>
</pin_list>
<bind>
<opcode="icmp(45) " fcode="icmp"/>
<opset="icmp_ln99/1 "/>
</bind>
</comp>

<comp id="954" class="1004" name="xor_ln99_fu_954">
<pin_list>
<pin id="955" dir="0" index="0" bw="1" slack="0"/>
<pin id="956" dir="0" index="1" bw="1" slack="0"/>
<pin id="957" dir="1" index="2" bw="1" slack="0"/>
</pin_list>
<bind>
<opcode="xor(25) " fcode="xor"/>
<opset="xor_ln99/1 "/>
</bind>
</comp>

<comp id="960" class="1004" name="l2_1_fu_960">
<pin_list>
<pin id="961" dir="0" index="0" bw="1" slack="0"/>
<pin id="962" dir="0" index="1" bw="26" slack="0"/>
<pin id="963" dir="0" index="2" bw="26" slack="0"/>
<pin id="964" dir="1" index="3" bw="26" slack="0"/>
</pin_list>
<bind>
<opcode="select(49) " fcode="select"/>
<opset="l2_1/1 "/>
</bind>
</comp>

<comp id="968" class="1004" name="icmp_ln100_fu_968">
<pin_list>
<pin id="969" dir="0" index="0" bw="26" slack="0"/>
<pin id="970" dir="0" index="1" bw="26" slack="0"/>
<pin id="971" dir="1" index="2" bw="1" slack="0"/>
</pin_list>
<bind>
<opcode="icmp(45) " fcode="icmp"/>
<opset="icmp_ln100/1 "/>
</bind>
</comp>

<comp id="974" class="1004" name="xor_ln100_fu_974">
<pin_list>
<pin id="975" dir="0" index="0" bw="1" slack="0"/>
<pin id="976" dir="0" index="1" bw="1" slack="0"/>
<pin id="977" dir="1" index="2" bw="1" slack="0"/>
</pin_list>
<bind>
<opcode="xor(25) " fcode="xor"/>
<opset="xor_ln100/1 "/>
</bind>
</comp>

<comp id="980" class="1004" name="l2_2_fu_980">
<pin_list>
<pin id="981" dir="0" index="0" bw="1" slack="0"/>
<pin id="982" dir="0" index="1" bw="26" slack="0"/>
<pin id="983" dir="0" index="2" bw="26" slack="0"/>
<pin id="984" dir="1" index="3" bw="26" slack="0"/>
</pin_list>
<bind>
<opcode="select(49) " fcode="select"/>
<opset="l2_2/1 "/>
</bind>
</comp>

<comp id="988" class="1004" name="icmp_ln103_fu_988">
<pin_list>
<pin id="989" dir="0" index="0" bw="26" slack="0"/>
<pin id="990" dir="0" index="1" bw="26" slack="0"/>
<pin id="991" dir="1" index="2" bw="1" slack="0"/>
</pin_list>
<bind>
<opcode="icmp(45) " fcode="icmp"/>
<opset="icmp_ln103/1 "/>
</bind>
</comp>

<comp id="994" class="1004" name="l3_0_fu_994">
<pin_list>
<pin id="995" dir="0" index="0" bw="1" slack="0"/>
<pin id="996" dir="0" index="1" bw="26" slack="0"/>
<pin id="997" dir="0" index="2" bw="26" slack="0"/>
<pin id="998" dir="1" index="3" bw="26" slack="1"/>
</pin_list>
<bind>
<opcode="select(49) " fcode="select"/>
<opset="l3_0/1 "/>
</bind>
</comp>

<comp id="1002" class="1004" name="icmp_ln104_fu_1002">
<pin_list>
<pin id="1003" dir="0" index="0" bw="26" slack="0"/>
<pin id="1004" dir="0" index="1" bw="26" slack="0"/>
<pin id="1005" dir="1" index="2" bw="1" slack="0"/>
</pin_list>
<bind>
<opcode="icmp(45) " fcode="icmp"/>
<opset="icmp_ln104/1 "/>
</bind>
</comp>

<comp id="1008" class="1004" name="l3_1_fu_1008">
<pin_list>
<pin id="1009" dir="0" index="0" bw="1" slack="0"/>
<pin id="1010" dir="0" index="1" bw="26" slack="0"/>
<pin id="1011" dir="0" index="2" bw="26" slack="0"/>
<pin id="1012" dir="1" index="3" bw="26" slack="1"/>
</pin_list>
<bind>
<opcode="select(49) " fcode="select"/>
<opset="l3_1/1 "/>
</bind>
</comp>

<comp id="1016" class="1004" name="icmp_ln105_fu_1016">
<pin_list>
<pin id="1017" dir="0" index="0" bw="26" slack="1"/>
<pin id="1018" dir="0" index="1" bw="26" slack="1"/>
<pin id="1019" dir="1" index="2" bw="1" slack="0"/>
</pin_list>
<bind>
<opcode="icmp(45) " fcode="icmp"/>
<opset="icmp_ln105/2 "/>
</bind>
</comp>

<comp id="1020" class="1004" name="select_ln105_fu_1020">
<pin_list>
<pin id="1021" dir="0" index="0" bw="1" slack="0"/>
<pin id="1022" dir="0" index="1" bw="26" slack="1"/>
<pin id="1023" dir="0" index="2" bw="26" slack="1"/>
<pin id="1024" dir="1" index="3" bw="26" slack="2147483647"/>
</pin_list>
<bind>
<opcode="select(49) " fcode="select"/>
<opset="select_ln105/2 "/>
</bind>
</comp>

<comp id="1026" class="1005" name="l3_0_reg_1026">
<pin_list>
<pin id="1027" dir="0" index="0" bw="26" slack="1"/>
<pin id="1028" dir="1" index="1" bw="26" slack="1"/>
</pin_list>
<bind>
<opset="l3_0 "/>
</bind>
</comp>

<comp id="1032" class="1005" name="l3_1_reg_1032">
<pin_list>
<pin id="1033" dir="0" index="0" bw="26" slack="1"/>
<pin id="1034" dir="1" index="1" bw="26" slack="1"/>
</pin_list>
<bind>
<opset="l3_1 "/>
</bind>
</comp>

</comp_list>

<net_list>
<net id="114"><net_src comp="42" pin="0"/><net_sink comp="110" pin=0"/></net>

<net id="115"><net_src comp="40" pin="0"/><net_sink comp="110" pin=1"/></net>

<net id="120"><net_src comp="44" pin="0"/><net_sink comp="116" pin=0"/></net>

<net id="121"><net_src comp="38" pin="0"/><net_sink comp="116" pin=1"/></net>

<net id="126"><net_src comp="44" pin="0"/><net_sink comp="122" pin=0"/></net>

<net id="127"><net_src comp="36" pin="0"/><net_sink comp="122" pin=1"/></net>

<net id="132"><net_src comp="44" pin="0"/><net_sink comp="128" pin=0"/></net>

<net id="133"><net_src comp="34" pin="0"/><net_sink comp="128" pin=1"/></net>

<net id="138"><net_src comp="44" pin="0"/><net_sink comp="134" pin=0"/></net>

<net id="139"><net_src comp="32" pin="0"/><net_sink comp="134" pin=1"/></net>

<net id="144"><net_src comp="44" pin="0"/><net_sink comp="140" pin=0"/></net>

<net id="145"><net_src comp="30" pin="0"/><net_sink comp="140" pin=1"/></net>

<net id="150"><net_src comp="44" pin="0"/><net_sink comp="146" pin=0"/></net>

<net id="151"><net_src comp="28" pin="0"/><net_sink comp="146" pin=1"/></net>

<net id="156"><net_src comp="44" pin="0"/><net_sink comp="152" pin=0"/></net>

<net id="157"><net_src comp="26" pin="0"/><net_sink comp="152" pin=1"/></net>

<net id="162"><net_src comp="44" pin="0"/><net_sink comp="158" pin=0"/></net>

<net id="163"><net_src comp="24" pin="0"/><net_sink comp="158" pin=1"/></net>

<net id="168"><net_src comp="44" pin="0"/><net_sink comp="164" pin=0"/></net>

<net id="169"><net_src comp="22" pin="0"/><net_sink comp="164" pin=1"/></net>

<net id="174"><net_src comp="44" pin="0"/><net_sink comp="170" pin=0"/></net>

<net id="175"><net_src comp="20" pin="0"/><net_sink comp="170" pin=1"/></net>

<net id="180"><net_src comp="44" pin="0"/><net_sink comp="176" pin=0"/></net>

<net id="181"><net_src comp="18" pin="0"/><net_sink comp="176" pin=1"/></net>

<net id="186"><net_src comp="44" pin="0"/><net_sink comp="182" pin=0"/></net>

<net id="187"><net_src comp="16" pin="0"/><net_sink comp="182" pin=1"/></net>

<net id="192"><net_src comp="44" pin="0"/><net_sink comp="188" pin=0"/></net>

<net id="193"><net_src comp="14" pin="0"/><net_sink comp="188" pin=1"/></net>

<net id="198"><net_src comp="44" pin="0"/><net_sink comp="194" pin=0"/></net>

<net id="199"><net_src comp="12" pin="0"/><net_sink comp="194" pin=1"/></net>

<net id="204"><net_src comp="44" pin="0"/><net_sink comp="200" pin=0"/></net>

<net id="205"><net_src comp="10" pin="0"/><net_sink comp="200" pin=1"/></net>

<net id="210"><net_src comp="44" pin="0"/><net_sink comp="206" pin=0"/></net>

<net id="211"><net_src comp="8" pin="0"/><net_sink comp="206" pin=1"/></net>

<net id="216"><net_src comp="44" pin="0"/><net_sink comp="212" pin=0"/></net>

<net id="217"><net_src comp="6" pin="0"/><net_sink comp="212" pin=1"/></net>

<net id="222"><net_src comp="44" pin="0"/><net_sink comp="218" pin=0"/></net>

<net id="223"><net_src comp="4" pin="0"/><net_sink comp="218" pin=1"/></net>

<net id="228"><net_src comp="44" pin="0"/><net_sink comp="224" pin=0"/></net>

<net id="229"><net_src comp="2" pin="0"/><net_sink comp="224" pin=1"/></net>

<net id="234"><net_src comp="44" pin="0"/><net_sink comp="230" pin=0"/></net>

<net id="235"><net_src comp="0" pin="0"/><net_sink comp="230" pin=1"/></net>

<net id="239"><net_src comp="110" pin="2"/><net_sink comp="236" pin=0"/></net>

<net id="244"><net_src comp="236" pin="1"/><net_sink comp="240" pin=0"/></net>

<net id="245"><net_src comp="46" pin="0"/><net_sink comp="240" pin=1"/></net>

<net id="250"><net_src comp="240" pin="2"/><net_sink comp="246" pin=0"/></net>

<net id="251"><net_src comp="48" pin="0"/><net_sink comp="246" pin=1"/></net>

<net id="291"><net_src comp="50" pin="0"/><net_sink comp="252" pin=0"/></net>

<net id="292"><net_src comp="52" pin="0"/><net_sink comp="252" pin=1"/></net>

<net id="293"><net_src comp="230" pin="2"/><net_sink comp="252" pin=2"/></net>

<net id="294"><net_src comp="54" pin="0"/><net_sink comp="252" pin=3"/></net>

<net id="295"><net_src comp="224" pin="2"/><net_sink comp="252" pin=4"/></net>

<net id="296"><net_src comp="56" pin="0"/><net_sink comp="252" pin=5"/></net>

<net id="297"><net_src comp="218" pin="2"/><net_sink comp="252" pin=6"/></net>

<net id="298"><net_src comp="58" pin="0"/><net_sink comp="252" pin=7"/></net>

<net id="299"><net_src comp="212" pin="2"/><net_sink comp="252" pin=8"/></net>

<net id="300"><net_src comp="60" pin="0"/><net_sink comp="252" pin=9"/></net>

<net id="301"><net_src comp="206" pin="2"/><net_sink comp="252" pin=10"/></net>

<net id="302"><net_src comp="62" pin="0"/><net_sink comp="252" pin=11"/></net>

<net id="303"><net_src comp="200" pin="2"/><net_sink comp="252" pin=12"/></net>

<net id="304"><net_src comp="64" pin="0"/><net_sink comp="252" pin=13"/></net>

<net id="305"><net_src comp="194" pin="2"/><net_sink comp="252" pin=14"/></net>

<net id="306"><net_src comp="66" pin="0"/><net_sink comp="252" pin=15"/></net>

<net id="307"><net_src comp="188" pin="2"/><net_sink comp="252" pin=16"/></net>

<net id="308"><net_src comp="68" pin="0"/><net_sink comp="252" pin=17"/></net>

<net id="309"><net_src comp="182" pin="2"/><net_sink comp="252" pin=18"/></net>

<net id="310"><net_src comp="70" pin="0"/><net_sink comp="252" pin=19"/></net>

<net id="311"><net_src comp="176" pin="2"/><net_sink comp="252" pin=20"/></net>

<net id="312"><net_src comp="72" pin="0"/><net_sink comp="252" pin=21"/></net>

<net id="313"><net_src comp="170" pin="2"/><net_sink comp="252" pin=22"/></net>

<net id="314"><net_src comp="74" pin="0"/><net_sink comp="252" pin=23"/></net>

<net id="315"><net_src comp="164" pin="2"/><net_sink comp="252" pin=24"/></net>

<net id="316"><net_src comp="76" pin="0"/><net_sink comp="252" pin=25"/></net>

<net id="317"><net_src comp="158" pin="2"/><net_sink comp="252" pin=26"/></net>

<net id="318"><net_src comp="78" pin="0"/><net_sink comp="252" pin=27"/></net>

<net id="319"><net_src comp="152" pin="2"/><net_sink comp="252" pin=28"/></net>

<net id="320"><net_src comp="80" pin="0"/><net_sink comp="252" pin=29"/></net>

<net id="321"><net_src comp="146" pin="2"/><net_sink comp="252" pin=30"/></net>

<net id="322"><net_src comp="82" pin="0"/><net_sink comp="252" pin=31"/></net>

<net id="323"><net_src comp="140" pin="2"/><net_sink comp="252" pin=32"/></net>

<net id="324"><net_src comp="84" pin="0"/><net_sink comp="252" pin=33"/></net>

<net id="325"><net_src comp="134" pin="2"/><net_sink comp="252" pin=34"/></net>

<net id="326"><net_src comp="86" pin="0"/><net_sink comp="252" pin=35"/></net>

<net id="327"><net_src comp="110" pin="2"/><net_sink comp="252" pin=36"/></net>

<net id="333"><net_src comp="246" pin="2"/><net_sink comp="328" pin=0"/></net>

<net id="334"><net_src comp="252" pin="37"/><net_sink comp="328" pin=1"/></net>

<net id="335"><net_src comp="88" pin="0"/><net_sink comp="328" pin=2"/></net>

<net id="340"><net_src comp="236" pin="1"/><net_sink comp="336" pin=0"/></net>

<net id="341"><net_src comp="90" pin="0"/><net_sink comp="336" pin=1"/></net>

<net id="346"><net_src comp="336" pin="2"/><net_sink comp="342" pin=0"/></net>

<net id="347"><net_src comp="48" pin="0"/><net_sink comp="342" pin=1"/></net>

<net id="389"><net_src comp="92" pin="0"/><net_sink comp="348" pin=0"/></net>

<net id="390"><net_src comp="94" pin="0"/><net_sink comp="348" pin=1"/></net>

<net id="391"><net_src comp="230" pin="2"/><net_sink comp="348" pin=2"/></net>

<net id="392"><net_src comp="52" pin="0"/><net_sink comp="348" pin=3"/></net>

<net id="393"><net_src comp="224" pin="2"/><net_sink comp="348" pin=4"/></net>

<net id="394"><net_src comp="54" pin="0"/><net_sink comp="348" pin=5"/></net>

<net id="395"><net_src comp="218" pin="2"/><net_sink comp="348" pin=6"/></net>

<net id="396"><net_src comp="56" pin="0"/><net_sink comp="348" pin=7"/></net>

<net id="397"><net_src comp="212" pin="2"/><net_sink comp="348" pin=8"/></net>

<net id="398"><net_src comp="58" pin="0"/><net_sink comp="348" pin=9"/></net>

<net id="399"><net_src comp="206" pin="2"/><net_sink comp="348" pin=10"/></net>

<net id="400"><net_src comp="60" pin="0"/><net_sink comp="348" pin=11"/></net>

<net id="401"><net_src comp="200" pin="2"/><net_sink comp="348" pin=12"/></net>

<net id="402"><net_src comp="62" pin="0"/><net_sink comp="348" pin=13"/></net>

<net id="403"><net_src comp="194" pin="2"/><net_sink comp="348" pin=14"/></net>

<net id="404"><net_src comp="64" pin="0"/><net_sink comp="348" pin=15"/></net>

<net id="405"><net_src comp="188" pin="2"/><net_sink comp="348" pin=16"/></net>

<net id="406"><net_src comp="66" pin="0"/><net_sink comp="348" pin=17"/></net>

<net id="407"><net_src comp="182" pin="2"/><net_sink comp="348" pin=18"/></net>

<net id="408"><net_src comp="68" pin="0"/><net_sink comp="348" pin=19"/></net>

<net id="409"><net_src comp="176" pin="2"/><net_sink comp="348" pin=20"/></net>

<net id="410"><net_src comp="70" pin="0"/><net_sink comp="348" pin=21"/></net>

<net id="411"><net_src comp="170" pin="2"/><net_sink comp="348" pin=22"/></net>

<net id="412"><net_src comp="72" pin="0"/><net_sink comp="348" pin=23"/></net>

<net id="413"><net_src comp="164" pin="2"/><net_sink comp="348" pin=24"/></net>

<net id="414"><net_src comp="74" pin="0"/><net_sink comp="348" pin=25"/></net>

<net id="415"><net_src comp="158" pin="2"/><net_sink comp="348" pin=26"/></net>

<net id="416"><net_src comp="76" pin="0"/><net_sink comp="348" pin=27"/></net>

<net id="417"><net_src comp="152" pin="2"/><net_sink comp="348" pin=28"/></net>

<net id="418"><net_src comp="78" pin="0"/><net_sink comp="348" pin=29"/></net>

<net id="419"><net_src comp="146" pin="2"/><net_sink comp="348" pin=30"/></net>

<net id="420"><net_src comp="80" pin="0"/><net_sink comp="348" pin=31"/></net>

<net id="421"><net_src comp="140" pin="2"/><net_sink comp="348" pin=32"/></net>

<net id="422"><net_src comp="82" pin="0"/><net_sink comp="348" pin=33"/></net>

<net id="423"><net_src comp="134" pin="2"/><net_sink comp="348" pin=34"/></net>

<net id="424"><net_src comp="84" pin="0"/><net_sink comp="348" pin=35"/></net>

<net id="425"><net_src comp="128" pin="2"/><net_sink comp="348" pin=36"/></net>

<net id="426"><net_src comp="86" pin="0"/><net_sink comp="348" pin=37"/></net>

<net id="427"><net_src comp="110" pin="2"/><net_sink comp="348" pin=38"/></net>

<net id="433"><net_src comp="342" pin="2"/><net_sink comp="428" pin=0"/></net>

<net id="434"><net_src comp="348" pin="39"/><net_sink comp="428" pin=1"/></net>

<net id="435"><net_src comp="88" pin="0"/><net_sink comp="428" pin=2"/></net>

<net id="440"><net_src comp="236" pin="1"/><net_sink comp="436" pin=0"/></net>

<net id="441"><net_src comp="96" pin="0"/><net_sink comp="436" pin=1"/></net>

<net id="446"><net_src comp="436" pin="2"/><net_sink comp="442" pin=0"/></net>

<net id="447"><net_src comp="48" pin="0"/><net_sink comp="442" pin=1"/></net>

<net id="491"><net_src comp="98" pin="0"/><net_sink comp="448" pin=0"/></net>

<net id="492"><net_src comp="100" pin="0"/><net_sink comp="448" pin=1"/></net>

<net id="493"><net_src comp="230" pin="2"/><net_sink comp="448" pin=2"/></net>

<net id="494"><net_src comp="94" pin="0"/><net_sink comp="448" pin=3"/></net>

<net id="495"><net_src comp="224" pin="2"/><net_sink comp="448" pin=4"/></net>

<net id="496"><net_src comp="52" pin="0"/><net_sink comp="448" pin=5"/></net>

<net id="497"><net_src comp="218" pin="2"/><net_sink comp="448" pin=6"/></net>

<net id="498"><net_src comp="54" pin="0"/><net_sink comp="448" pin=7"/></net>

<net id="499"><net_src comp="212" pin="2"/><net_sink comp="448" pin=8"/></net>

<net id="500"><net_src comp="56" pin="0"/><net_sink comp="448" pin=9"/></net>

<net id="501"><net_src comp="206" pin="2"/><net_sink comp="448" pin=10"/></net>

<net id="502"><net_src comp="58" pin="0"/><net_sink comp="448" pin=11"/></net>

<net id="503"><net_src comp="200" pin="2"/><net_sink comp="448" pin=12"/></net>

<net id="504"><net_src comp="60" pin="0"/><net_sink comp="448" pin=13"/></net>

<net id="505"><net_src comp="194" pin="2"/><net_sink comp="448" pin=14"/></net>

<net id="506"><net_src comp="62" pin="0"/><net_sink comp="448" pin=15"/></net>

<net id="507"><net_src comp="188" pin="2"/><net_sink comp="448" pin=16"/></net>

<net id="508"><net_src comp="64" pin="0"/><net_sink comp="448" pin=17"/></net>

<net id="509"><net_src comp="182" pin="2"/><net_sink comp="448" pin=18"/></net>

<net id="510"><net_src comp="66" pin="0"/><net_sink comp="448" pin=19"/></net>

<net id="511"><net_src comp="176" pin="2"/><net_sink comp="448" pin=20"/></net>

<net id="512"><net_src comp="68" pin="0"/><net_sink comp="448" pin=21"/></net>

<net id="513"><net_src comp="170" pin="2"/><net_sink comp="448" pin=22"/></net>

<net id="514"><net_src comp="70" pin="0"/><net_sink comp="448" pin=23"/></net>

<net id="515"><net_src comp="164" pin="2"/><net_sink comp="448" pin=24"/></net>

<net id="516"><net_src comp="72" pin="0"/><net_sink comp="448" pin=25"/></net>

<net id="517"><net_src comp="158" pin="2"/><net_sink comp="448" pin=26"/></net>

<net id="518"><net_src comp="74" pin="0"/><net_sink comp="448" pin=27"/></net>

<net id="519"><net_src comp="152" pin="2"/><net_sink comp="448" pin=28"/></net>

<net id="520"><net_src comp="76" pin="0"/><net_sink comp="448" pin=29"/></net>

<net id="521"><net_src comp="146" pin="2"/><net_sink comp="448" pin=30"/></net>

<net id="522"><net_src comp="78" pin="0"/><net_sink comp="448" pin=31"/></net>

<net id="523"><net_src comp="140" pin="2"/><net_sink comp="448" pin=32"/></net>

<net id="524"><net_src comp="80" pin="0"/><net_sink comp="448" pin=33"/></net>

<net id="525"><net_src comp="134" pin="2"/><net_sink comp="448" pin=34"/></net>

<net id="526"><net_src comp="82" pin="0"/><net_sink comp="448" pin=35"/></net>

<net id="527"><net_src comp="128" pin="2"/><net_sink comp="448" pin=36"/></net>

<net id="528"><net_src comp="84" pin="0"/><net_sink comp="448" pin=37"/></net>

<net id="529"><net_src comp="122" pin="2"/><net_sink comp="448" pin=38"/></net>

<net id="530"><net_src comp="86" pin="0"/><net_sink comp="448" pin=39"/></net>

<net id="531"><net_src comp="110" pin="2"/><net_sink comp="448" pin=40"/></net>

<net id="537"><net_src comp="442" pin="2"/><net_sink comp="532" pin=0"/></net>

<net id="538"><net_src comp="448" pin="41"/><net_sink comp="532" pin=1"/></net>

<net id="539"><net_src comp="88" pin="0"/><net_sink comp="532" pin=2"/></net>

<net id="585"><net_src comp="102" pin="0"/><net_sink comp="540" pin=0"/></net>

<net id="586"><net_src comp="104" pin="0"/><net_sink comp="540" pin=1"/></net>

<net id="587"><net_src comp="230" pin="2"/><net_sink comp="540" pin=2"/></net>

<net id="588"><net_src comp="100" pin="0"/><net_sink comp="540" pin=3"/></net>

<net id="589"><net_src comp="224" pin="2"/><net_sink comp="540" pin=4"/></net>

<net id="590"><net_src comp="94" pin="0"/><net_sink comp="540" pin=5"/></net>

<net id="591"><net_src comp="218" pin="2"/><net_sink comp="540" pin=6"/></net>

<net id="592"><net_src comp="52" pin="0"/><net_sink comp="540" pin=7"/></net>

<net id="593"><net_src comp="212" pin="2"/><net_sink comp="540" pin=8"/></net>

<net id="594"><net_src comp="54" pin="0"/><net_sink comp="540" pin=9"/></net>

<net id="595"><net_src comp="206" pin="2"/><net_sink comp="540" pin=10"/></net>

<net id="596"><net_src comp="56" pin="0"/><net_sink comp="540" pin=11"/></net>

<net id="597"><net_src comp="200" pin="2"/><net_sink comp="540" pin=12"/></net>

<net id="598"><net_src comp="58" pin="0"/><net_sink comp="540" pin=13"/></net>

<net id="599"><net_src comp="194" pin="2"/><net_sink comp="540" pin=14"/></net>

<net id="600"><net_src comp="60" pin="0"/><net_sink comp="540" pin=15"/></net>

<net id="601"><net_src comp="188" pin="2"/><net_sink comp="540" pin=16"/></net>

<net id="602"><net_src comp="62" pin="0"/><net_sink comp="540" pin=17"/></net>

<net id="603"><net_src comp="182" pin="2"/><net_sink comp="540" pin=18"/></net>

<net id="604"><net_src comp="64" pin="0"/><net_sink comp="540" pin=19"/></net>

<net id="605"><net_src comp="176" pin="2"/><net_sink comp="540" pin=20"/></net>

<net id="606"><net_src comp="66" pin="0"/><net_sink comp="540" pin=21"/></net>

<net id="607"><net_src comp="170" pin="2"/><net_sink comp="540" pin=22"/></net>

<net id="608"><net_src comp="68" pin="0"/><net_sink comp="540" pin=23"/></net>

<net id="609"><net_src comp="164" pin="2"/><net_sink comp="540" pin=24"/></net>

<net id="610"><net_src comp="70" pin="0"/><net_sink comp="540" pin=25"/></net>

<net id="611"><net_src comp="158" pin="2"/><net_sink comp="540" pin=26"/></net>

<net id="612"><net_src comp="72" pin="0"/><net_sink comp="540" pin=27"/></net>

<net id="613"><net_src comp="152" pin="2"/><net_sink comp="540" pin=28"/></net>

<net id="614"><net_src comp="74" pin="0"/><net_sink comp="540" pin=29"/></net>

<net id="615"><net_src comp="146" pin="2"/><net_sink comp="540" pin=30"/></net>

<net id="616"><net_src comp="76" pin="0"/><net_sink comp="540" pin=31"/></net>

<net id="617"><net_src comp="140" pin="2"/><net_sink comp="540" pin=32"/></net>

<net id="618"><net_src comp="78" pin="0"/><net_sink comp="540" pin=33"/></net>

<net id="619"><net_src comp="134" pin="2"/><net_sink comp="540" pin=34"/></net>

<net id="620"><net_src comp="80" pin="0"/><net_sink comp="540" pin=35"/></net>

<net id="621"><net_src comp="128" pin="2"/><net_sink comp="540" pin=36"/></net>

<net id="622"><net_src comp="82" pin="0"/><net_sink comp="540" pin=37"/></net>

<net id="623"><net_src comp="122" pin="2"/><net_sink comp="540" pin=38"/></net>

<net id="624"><net_src comp="84" pin="0"/><net_sink comp="540" pin=39"/></net>

<net id="625"><net_src comp="116" pin="2"/><net_sink comp="540" pin=40"/></net>

<net id="626"><net_src comp="86" pin="0"/><net_sink comp="540" pin=41"/></net>

<net id="627"><net_src comp="110" pin="2"/><net_sink comp="540" pin=42"/></net>

<net id="632"><net_src comp="110" pin="2"/><net_sink comp="628" pin=0"/></net>

<net id="633"><net_src comp="100" pin="0"/><net_sink comp="628" pin=1"/></net>

<net id="638"><net_src comp="628" pin="2"/><net_sink comp="634" pin=0"/></net>

<net id="639"><net_src comp="106" pin="0"/><net_sink comp="634" pin=1"/></net>

<net id="683"><net_src comp="98" pin="0"/><net_sink comp="640" pin=0"/></net>

<net id="684"><net_src comp="104" pin="0"/><net_sink comp="640" pin=1"/></net>

<net id="685"><net_src comp="224" pin="2"/><net_sink comp="640" pin=2"/></net>

<net id="686"><net_src comp="100" pin="0"/><net_sink comp="640" pin=3"/></net>

<net id="687"><net_src comp="218" pin="2"/><net_sink comp="640" pin=4"/></net>

<net id="688"><net_src comp="94" pin="0"/><net_sink comp="640" pin=5"/></net>

<net id="689"><net_src comp="212" pin="2"/><net_sink comp="640" pin=6"/></net>

<net id="690"><net_src comp="52" pin="0"/><net_sink comp="640" pin=7"/></net>

<net id="691"><net_src comp="206" pin="2"/><net_sink comp="640" pin=8"/></net>

<net id="692"><net_src comp="54" pin="0"/><net_sink comp="640" pin=9"/></net>

<net id="693"><net_src comp="200" pin="2"/><net_sink comp="640" pin=10"/></net>

<net id="694"><net_src comp="56" pin="0"/><net_sink comp="640" pin=11"/></net>

<net id="695"><net_src comp="194" pin="2"/><net_sink comp="640" pin=12"/></net>

<net id="696"><net_src comp="58" pin="0"/><net_sink comp="640" pin=13"/></net>

<net id="697"><net_src comp="188" pin="2"/><net_sink comp="640" pin=14"/></net>

<net id="698"><net_src comp="60" pin="0"/><net_sink comp="640" pin=15"/></net>

<net id="699"><net_src comp="182" pin="2"/><net_sink comp="640" pin=16"/></net>

<net id="700"><net_src comp="62" pin="0"/><net_sink comp="640" pin=17"/></net>

<net id="701"><net_src comp="176" pin="2"/><net_sink comp="640" pin=18"/></net>

<net id="702"><net_src comp="64" pin="0"/><net_sink comp="640" pin=19"/></net>

<net id="703"><net_src comp="170" pin="2"/><net_sink comp="640" pin=20"/></net>

<net id="704"><net_src comp="66" pin="0"/><net_sink comp="640" pin=21"/></net>

<net id="705"><net_src comp="164" pin="2"/><net_sink comp="640" pin=22"/></net>

<net id="706"><net_src comp="68" pin="0"/><net_sink comp="640" pin=23"/></net>

<net id="707"><net_src comp="158" pin="2"/><net_sink comp="640" pin=24"/></net>

<net id="708"><net_src comp="70" pin="0"/><net_sink comp="640" pin=25"/></net>

<net id="709"><net_src comp="152" pin="2"/><net_sink comp="640" pin=26"/></net>

<net id="710"><net_src comp="72" pin="0"/><net_sink comp="640" pin=27"/></net>

<net id="711"><net_src comp="146" pin="2"/><net_sink comp="640" pin=28"/></net>

<net id="712"><net_src comp="74" pin="0"/><net_sink comp="640" pin=29"/></net>

<net id="713"><net_src comp="140" pin="2"/><net_sink comp="640" pin=30"/></net>

<net id="714"><net_src comp="76" pin="0"/><net_sink comp="640" pin=31"/></net>

<net id="715"><net_src comp="134" pin="2"/><net_sink comp="640" pin=32"/></net>

<net id="716"><net_src comp="78" pin="0"/><net_sink comp="640" pin=33"/></net>

<net id="717"><net_src comp="128" pin="2"/><net_sink comp="640" pin=34"/></net>

<net id="718"><net_src comp="80" pin="0"/><net_sink comp="640" pin=35"/></net>

<net id="719"><net_src comp="122" pin="2"/><net_sink comp="640" pin=36"/></net>

<net id="720"><net_src comp="82" pin="0"/><net_sink comp="640" pin=37"/></net>

<net id="721"><net_src comp="116" pin="2"/><net_sink comp="640" pin=38"/></net>

<net id="722"><net_src comp="86" pin="0"/><net_sink comp="640" pin=39"/></net>

<net id="723"><net_src comp="110" pin="2"/><net_sink comp="640" pin=40"/></net>

<net id="729"><net_src comp="634" pin="2"/><net_sink comp="724" pin=0"/></net>

<net id="730"><net_src comp="640" pin="41"/><net_sink comp="724" pin=1"/></net>

<net id="731"><net_src comp="88" pin="0"/><net_sink comp="724" pin=2"/></net>

<net id="736"><net_src comp="110" pin="2"/><net_sink comp="732" pin=0"/></net>

<net id="737"><net_src comp="94" pin="0"/><net_sink comp="732" pin=1"/></net>

<net id="742"><net_src comp="732" pin="2"/><net_sink comp="738" pin=0"/></net>

<net id="743"><net_src comp="106" pin="0"/><net_sink comp="738" pin=1"/></net>

<net id="785"><net_src comp="92" pin="0"/><net_sink comp="744" pin=0"/></net>

<net id="786"><net_src comp="104" pin="0"/><net_sink comp="744" pin=1"/></net>

<net id="787"><net_src comp="218" pin="2"/><net_sink comp="744" pin=2"/></net>

<net id="788"><net_src comp="100" pin="0"/><net_sink comp="744" pin=3"/></net>

<net id="789"><net_src comp="212" pin="2"/><net_sink comp="744" pin=4"/></net>

<net id="790"><net_src comp="94" pin="0"/><net_sink comp="744" pin=5"/></net>

<net id="791"><net_src comp="206" pin="2"/><net_sink comp="744" pin=6"/></net>

<net id="792"><net_src comp="52" pin="0"/><net_sink comp="744" pin=7"/></net>

<net id="793"><net_src comp="200" pin="2"/><net_sink comp="744" pin=8"/></net>

<net id="794"><net_src comp="54" pin="0"/><net_sink comp="744" pin=9"/></net>

<net id="795"><net_src comp="194" pin="2"/><net_sink comp="744" pin=10"/></net>

<net id="796"><net_src comp="56" pin="0"/><net_sink comp="744" pin=11"/></net>

<net id="797"><net_src comp="188" pin="2"/><net_sink comp="744" pin=12"/></net>

<net id="798"><net_src comp="58" pin="0"/><net_sink comp="744" pin=13"/></net>

<net id="799"><net_src comp="182" pin="2"/><net_sink comp="744" pin=14"/></net>

<net id="800"><net_src comp="60" pin="0"/><net_sink comp="744" pin=15"/></net>

<net id="801"><net_src comp="176" pin="2"/><net_sink comp="744" pin=16"/></net>

<net id="802"><net_src comp="62" pin="0"/><net_sink comp="744" pin=17"/></net>

<net id="803"><net_src comp="170" pin="2"/><net_sink comp="744" pin=18"/></net>

<net id="804"><net_src comp="64" pin="0"/><net_sink comp="744" pin=19"/></net>

<net id="805"><net_src comp="164" pin="2"/><net_sink comp="744" pin=20"/></net>

<net id="806"><net_src comp="66" pin="0"/><net_sink comp="744" pin=21"/></net>

<net id="807"><net_src comp="158" pin="2"/><net_sink comp="744" pin=22"/></net>

<net id="808"><net_src comp="68" pin="0"/><net_sink comp="744" pin=23"/></net>

<net id="809"><net_src comp="152" pin="2"/><net_sink comp="744" pin=24"/></net>

<net id="810"><net_src comp="70" pin="0"/><net_sink comp="744" pin=25"/></net>

<net id="811"><net_src comp="146" pin="2"/><net_sink comp="744" pin=26"/></net>

<net id="812"><net_src comp="72" pin="0"/><net_sink comp="744" pin=27"/></net>

<net id="813"><net_src comp="140" pin="2"/><net_sink comp="744" pin=28"/></net>

<net id="814"><net_src comp="74" pin="0"/><net_sink comp="744" pin=29"/></net>

<net id="815"><net_src comp="134" pin="2"/><net_sink comp="744" pin=30"/></net>

<net id="816"><net_src comp="76" pin="0"/><net_sink comp="744" pin=31"/></net>

<net id="817"><net_src comp="128" pin="2"/><net_sink comp="744" pin=32"/></net>

<net id="818"><net_src comp="78" pin="0"/><net_sink comp="744" pin=33"/></net>

<net id="819"><net_src comp="122" pin="2"/><net_sink comp="744" pin=34"/></net>

<net id="820"><net_src comp="80" pin="0"/><net_sink comp="744" pin=35"/></net>

<net id="821"><net_src comp="116" pin="2"/><net_sink comp="744" pin=36"/></net>

<net id="822"><net_src comp="86" pin="0"/><net_sink comp="744" pin=37"/></net>

<net id="823"><net_src comp="110" pin="2"/><net_sink comp="744" pin=38"/></net>

<net id="829"><net_src comp="738" pin="2"/><net_sink comp="824" pin=0"/></net>

<net id="830"><net_src comp="744" pin="39"/><net_sink comp="824" pin=1"/></net>

<net id="831"><net_src comp="88" pin="0"/><net_sink comp="824" pin=2"/></net>

<net id="836"><net_src comp="110" pin="2"/><net_sink comp="832" pin=0"/></net>

<net id="837"><net_src comp="52" pin="0"/><net_sink comp="832" pin=1"/></net>

<net id="842"><net_src comp="832" pin="2"/><net_sink comp="838" pin=0"/></net>

<net id="843"><net_src comp="106" pin="0"/><net_sink comp="838" pin=1"/></net>

<net id="883"><net_src comp="50" pin="0"/><net_sink comp="844" pin=0"/></net>

<net id="884"><net_src comp="104" pin="0"/><net_sink comp="844" pin=1"/></net>

<net id="885"><net_src comp="212" pin="2"/><net_sink comp="844" pin=2"/></net>

<net id="886"><net_src comp="100" pin="0"/><net_sink comp="844" pin=3"/></net>

<net id="887"><net_src comp="206" pin="2"/><net_sink comp="844" pin=4"/></net>

<net id="888"><net_src comp="94" pin="0"/><net_sink comp="844" pin=5"/></net>

<net id="889"><net_src comp="200" pin="2"/><net_sink comp="844" pin=6"/></net>

<net id="890"><net_src comp="52" pin="0"/><net_sink comp="844" pin=7"/></net>

<net id="891"><net_src comp="194" pin="2"/><net_sink comp="844" pin=8"/></net>

<net id="892"><net_src comp="54" pin="0"/><net_sink comp="844" pin=9"/></net>

<net id="893"><net_src comp="188" pin="2"/><net_sink comp="844" pin=10"/></net>

<net id="894"><net_src comp="56" pin="0"/><net_sink comp="844" pin=11"/></net>

<net id="895"><net_src comp="182" pin="2"/><net_sink comp="844" pin=12"/></net>

<net id="896"><net_src comp="58" pin="0"/><net_sink comp="844" pin=13"/></net>

<net id="897"><net_src comp="176" pin="2"/><net_sink comp="844" pin=14"/></net>

<net id="898"><net_src comp="60" pin="0"/><net_sink comp="844" pin=15"/></net>

<net id="899"><net_src comp="170" pin="2"/><net_sink comp="844" pin=16"/></net>

<net id="900"><net_src comp="62" pin="0"/><net_sink comp="844" pin=17"/></net>

<net id="901"><net_src comp="164" pin="2"/><net_sink comp="844" pin=18"/></net>

<net id="902"><net_src comp="64" pin="0"/><net_sink comp="844" pin=19"/></net>

<net id="903"><net_src comp="158" pin="2"/><net_sink comp="844" pin=20"/></net>

<net id="904"><net_src comp="66" pin="0"/><net_sink comp="844" pin=21"/></net>

<net id="905"><net_src comp="152" pin="2"/><net_sink comp="844" pin=22"/></net>

<net id="906"><net_src comp="68" pin="0"/><net_sink comp="844" pin=23"/></net>

<net id="907"><net_src comp="146" pin="2"/><net_sink comp="844" pin=24"/></net>

<net id="908"><net_src comp="70" pin="0"/><net_sink comp="844" pin=25"/></net>

<net id="909"><net_src comp="140" pin="2"/><net_sink comp="844" pin=26"/></net>

<net id="910"><net_src comp="72" pin="0"/><net_sink comp="844" pin=27"/></net>

<net id="911"><net_src comp="134" pin="2"/><net_sink comp="844" pin=28"/></net>

<net id="912"><net_src comp="74" pin="0"/><net_sink comp="844" pin=29"/></net>

<net id="913"><net_src comp="128" pin="2"/><net_sink comp="844" pin=30"/></net>

<net id="914"><net_src comp="76" pin="0"/><net_sink comp="844" pin=31"/></net>

<net id="915"><net_src comp="122" pin="2"/><net_sink comp="844" pin=32"/></net>

<net id="916"><net_src comp="78" pin="0"/><net_sink comp="844" pin=33"/></net>

<net id="917"><net_src comp="116" pin="2"/><net_sink comp="844" pin=34"/></net>

<net id="918"><net_src comp="86" pin="0"/><net_sink comp="844" pin=35"/></net>

<net id="919"><net_src comp="110" pin="2"/><net_sink comp="844" pin=36"/></net>

<net id="925"><net_src comp="838" pin="2"/><net_sink comp="920" pin=0"/></net>

<net id="926"><net_src comp="844" pin="37"/><net_sink comp="920" pin=1"/></net>

<net id="927"><net_src comp="88" pin="0"/><net_sink comp="920" pin=2"/></net>

<net id="932"><net_src comp="328" pin="3"/><net_sink comp="928" pin=0"/></net>

<net id="933"><net_src comp="428" pin="3"/><net_sink comp="928" pin=1"/></net>

<net id="938"><net_src comp="928" pin="2"/><net_sink comp="934" pin=0"/></net>

<net id="939"><net_src comp="108" pin="0"/><net_sink comp="934" pin=1"/></net>

<net id="945"><net_src comp="934" pin="2"/><net_sink comp="940" pin=0"/></net>

<net id="946"><net_src comp="428" pin="3"/><net_sink comp="940" pin=1"/></net>

<net id="947"><net_src comp="328" pin="3"/><net_sink comp="940" pin=2"/></net>

<net id="952"><net_src comp="532" pin="3"/><net_sink comp="948" pin=0"/></net>

<net id="953"><net_src comp="540" pin="43"/><net_sink comp="948" pin=1"/></net>

<net id="958"><net_src comp="948" pin="2"/><net_sink comp="954" pin=0"/></net>

<net id="959"><net_src comp="108" pin="0"/><net_sink comp="954" pin=1"/></net>

<net id="965"><net_src comp="954" pin="2"/><net_sink comp="960" pin=0"/></net>

<net id="966"><net_src comp="540" pin="43"/><net_sink comp="960" pin=1"/></net>

<net id="967"><net_src comp="532" pin="3"/><net_sink comp="960" pin=2"/></net>

<net id="972"><net_src comp="724" pin="3"/><net_sink comp="968" pin=0"/></net>

<net id="973"><net_src comp="824" pin="3"/><net_sink comp="968" pin=1"/></net>

<net id="978"><net_src comp="968" pin="2"/><net_sink comp="974" pin=0"/></net>

<net id="979"><net_src comp="108" pin="0"/><net_sink comp="974" pin=1"/></net>

<net id="985"><net_src comp="974" pin="2"/><net_sink comp="980" pin=0"/></net>

<net id="986"><net_src comp="824" pin="3"/><net_sink comp="980" pin=1"/></net>

<net id="987"><net_src comp="724" pin="3"/><net_sink comp="980" pin=2"/></net>

<net id="992"><net_src comp="940" pin="3"/><net_sink comp="988" pin=0"/></net>

<net id="993"><net_src comp="960" pin="3"/><net_sink comp="988" pin=1"/></net>

<net id="999"><net_src comp="988" pin="2"/><net_sink comp="994" pin=0"/></net>

<net id="1000"><net_src comp="940" pin="3"/><net_sink comp="994" pin=1"/></net>

<net id="1001"><net_src comp="960" pin="3"/><net_sink comp="994" pin=2"/></net>

<net id="1006"><net_src comp="980" pin="3"/><net_sink comp="1002" pin=0"/></net>

<net id="1007"><net_src comp="920" pin="3"/><net_sink comp="1002" pin=1"/></net>

<net id="1013"><net_src comp="1002" pin="2"/><net_sink comp="1008" pin=0"/></net>

<net id="1014"><net_src comp="980" pin="3"/><net_sink comp="1008" pin=1"/></net>

<net id="1015"><net_src comp="920" pin="3"/><net_sink comp="1008" pin=2"/></net>

<net id="1025"><net_src comp="1016" pin="2"/><net_sink comp="1020" pin=0"/></net>

<net id="1029"><net_src comp="994" pin="3"/><net_sink comp="1026" pin=0"/></net>

<net id="1030"><net_src comp="1026" pin="1"/><net_sink comp="1016" pin=0"/></net>

<net id="1031"><net_src comp="1026" pin="1"/><net_sink comp="1020" pin=1"/></net>

<net id="1035"><net_src comp="1008" pin="3"/><net_sink comp="1032" pin=0"/></net>

<net id="1036"><net_src comp="1032" pin="1"/><net_sink comp="1016" pin=1"/></net>

<net id="1037"><net_src comp="1032" pin="1"/><net_sink comp="1020" pin=2"/></net>

</net_list>

</model> 
---------------- Datapath Model END ------------------

* FSMD analyzer results:
  - Output states:
 - Input state : 
	Port: compute_window_min_hls : ref_wall_0_val | {1 }
	Port: compute_window_min_hls : ref_wall_1_val | {1 }
	Port: compute_window_min_hls : ref_wall_2_val | {1 }
	Port: compute_window_min_hls : ref_wall_3_val | {1 }
	Port: compute_window_min_hls : ref_wall_4_val | {1 }
	Port: compute_window_min_hls : ref_wall_5_val | {1 }
	Port: compute_window_min_hls : ref_wall_6_val | {1 }
	Port: compute_window_min_hls : ref_wall_7_val | {1 }
	Port: compute_window_min_hls : ref_wall_8_val | {1 }
	Port: compute_window_min_hls : ref_wall_9_val | {1 }
	Port: compute_window_min_hls : ref_wall_10_val | {1 }
	Port: compute_window_min_hls : ref_wall_11_val | {1 }
	Port: compute_window_min_hls : ref_wall_12_val | {1 }
	Port: compute_window_min_hls : ref_wall_13_val | {1 }
	Port: compute_window_min_hls : ref_wall_14_val | {1 }
	Port: compute_window_min_hls : ref_wall_15_val | {1 }
	Port: compute_window_min_hls : ref_wall_16_val | {1 }
	Port: compute_window_min_hls : ref_wall_17_val | {1 }
	Port: compute_window_min_hls : ref_wall_18_val | {1 }
	Port: compute_window_min_hls : ref_wall_19_val | {1 }
	Port: compute_window_min_hls : center_idx | {1 }
  - Chain level:
	State 1
		jj : 1
		icmp_ln95 : 2
		cand : 3
		jj_1 : 1
		icmp_ln95_1 : 2
		cand_1 : 3
		jj_2 : 1
		icmp_ln95_2 : 2
		cand_2 : 3
		icmp_ln95_3 : 1
		cand_4 : 2
		icmp_ln95_4 : 1
		cand_5 : 2
		icmp_ln95_5 : 1
		cand_7 : 2
		icmp_ln98 : 4
		xor_ln98 : 5
		l2_0 : 5
		icmp_ln99 : 4
		xor_ln99 : 5
		l2_1 : 5
		icmp_ln100 : 3
		xor_ln100 : 4
		l2_2 : 4
		icmp_ln103 : 6
		l3_0 : 7
		icmp_ln104 : 5
		l3_1 : 6
	State 2
		select_ln105 : 1
		ret_ln106 : 2


============================================================
+ Verbose Summary: Datapath Resource usage 
============================================================

* Functional unit list:
|----------|----------------------------------|---------|---------|
| Operation|          Functional Unit         |    FF   |   LUT   |
|----------|----------------------------------|---------|---------|
|          |            tmp_fu_252            |    0    |    81   |
|          |           tmp_s_fu_348           |    0    |    89   |
|          |           tmp_1_fu_448           |    0    |    97   |
| sparsemux|           cand_3_fu_540          |    0    |   101   |
|          |           tmp_3_fu_640           |    0    |    97   |
|          |           tmp_4_fu_744           |    0    |    89   |
|          |           tmp_5_fu_844           |    0    |    81   |
|----------|----------------------------------|---------|---------|
|          |            cand_fu_328           |    0    |    26   |
|          |           cand_1_fu_428          |    0    |    26   |
|          |           cand_2_fu_532          |    0    |    26   |
|          |           cand_4_fu_724          |    0    |    26   |
|          |           cand_5_fu_824          |    0    |    26   |
|  select  |           cand_7_fu_920          |    0    |    26   |
|          |            l2_0_fu_940           |    0    |    26   |
|          |            l2_1_fu_960           |    0    |    26   |
|          |            l2_2_fu_980           |    0    |    26   |
|          |            l3_0_fu_994           |    0    |    26   |
|          |           l3_1_fu_1008           |    0    |    26   |
|          |       select_ln105_fu_1020       |    0    |    26   |
|----------|----------------------------------|---------|---------|
|          |         icmp_ln95_fu_246         |    0    |    13   |
|          |        icmp_ln95_1_fu_342        |    0    |    13   |
|          |        icmp_ln95_2_fu_442        |    0    |    13   |
|          |        icmp_ln95_3_fu_634        |    0    |    12   |
|          |        icmp_ln95_4_fu_738        |    0    |    12   |
|   icmp   |        icmp_ln95_5_fu_838        |    0    |    12   |
|          |         icmp_ln98_fu_928         |    0    |    33   |
|          |         icmp_ln99_fu_948         |    0    |    33   |
|          |         icmp_ln100_fu_968        |    0    |    33   |
|          |         icmp_ln103_fu_988        |    0    |    33   |
|          |        icmp_ln104_fu_1002        |    0    |    33   |
|          |        icmp_ln105_fu_1016        |    0    |    33   |
|----------|----------------------------------|---------|---------|
|          |             jj_fu_240            |    0    |    12   |
|          |            jj_1_fu_336           |    0    |    12   |
|    add   |            jj_2_fu_436           |    0    |    12   |
|          |            jj_3_fu_628           |    0    |    12   |
|          |            jj_4_fu_732           |    0    |    12   |
|          |            jj_5_fu_832           |    0    |    12   |
|----------|----------------------------------|---------|---------|
|          |          xor_ln98_fu_934         |    0    |    2    |
|    xor   |          xor_ln99_fu_954         |    0    |    2    |
|          |         xor_ln100_fu_974         |    0    |    2    |
|----------|----------------------------------|---------|---------|
|          |    center_idx_read_read_fu_110   |    0    |    0    |
|          | ref_wall_19_val_read_read_fu_116 |    0    |    0    |
|          | ref_wall_18_val_read_read_fu_122 |    0    |    0    |
|          | ref_wall_17_val_read_read_fu_128 |    0    |    0    |
|          | ref_wall_16_val_read_read_fu_134 |    0    |    0    |
|          | ref_wall_15_val_read_read_fu_140 |    0    |    0    |
|          | ref_wall_14_val_read_read_fu_146 |    0    |    0    |
|          | ref_wall_13_val_read_read_fu_152 |    0    |    0    |
|          | ref_wall_12_val_read_read_fu_158 |    0    |    0    |
|          | ref_wall_11_val_read_read_fu_164 |    0    |    0    |
|   read   | ref_wall_10_val_read_read_fu_170 |    0    |    0    |
|          |  ref_wall_9_val_read_read_fu_176 |    0    |    0    |
|          |  ref_wall_8_val_read_read_fu_182 |    0    |    0    |
|          |  ref_wall_7_val_read_read_fu_188 |    0    |    0    |
|          |  ref_wall_6_val_read_read_fu_194 |    0    |    0    |
|          |  ref_wall_5_val_read_read_fu_200 |    0    |    0    |
|          |  ref_wall_4_val_read_read_fu_206 |    0    |    0    |
|          |  ref_wall_3_val_read_read_fu_212 |    0    |    0    |
|          |  ref_wall_2_val_read_read_fu_218 |    0    |    0    |
|          |  ref_wall_1_val_read_read_fu_224 |    0    |    0    |
|          |  ref_wall_0_val_read_read_fu_230 |    0    |    0    |
|----------|----------------------------------|---------|---------|
|   zext   |         zext_ln87_fu_236         |    0    |    0    |
|----------|----------------------------------|---------|---------|
|   Total  |                                  |    0    |   1298  |
|----------|----------------------------------|---------|---------|

Memories:
N/A

* Register list:
+-------------+--------+
|             |   FF   |
+-------------+--------+
|l3_0_reg_1026|   26   |
|l3_1_reg_1032|   26   |
+-------------+--------+
|    Total    |   52   |
+-------------+--------+

* Multiplexer (MUX) list: 
|--------|------|------|------|--------|
|  Comp  |  Pin | Size |  BW  | S x BW |
|--------|------|------|------|--------|
|  Total |      |      |      |    0   |
|--------|------|------|------|--------|



* Summary:
+-----------+--------+--------+
|           |   FF   |   LUT  |
+-----------+--------+--------+
|  Function |    0   |  1298  |
|   Memory  |    -   |    -   |
|Multiplexer|    -   |    -   |
|  Register |   52   |    -   |
+-----------+--------+--------+
|   Total   |   52   |  1298  |
+-----------+--------+--------+
