

================================================================
== Vitis HLS Report for 'compute_B_accel_load_transfer'
================================================================
* Date:           Thu May 21 15:23:09 2026

* Version:        2025.2 (Build 6295257 on Nov 14 2025)
* Project:        mpc_fpga_top_opencl
* Solution:       hls (Vitis Kernel Flow Target)
* Product family: zynquplus
* Target device:  xck26-sfvc784-2LV-c


================================================================
== Performance Estimates
================================================================
+ Timing: 
    * Summary: 
    +--------+---------+----------+------------+
    |  Clock |  Target | Estimated| Uncertainty|
    +--------+---------+----------+------------+
    |ap_clk  |  5.00 ns|  4.351 ns|     0.50 ns|
    +--------+---------+----------+------------+

+ Latency: 
    * Summary: 
    +---------+---------+----------+----------+-----+-----+---------+
    |  Latency (cycles) |  Latency (absolute) |  Interval | Pipeline|
    |   min   |   max   |    min   |    max   | min | max |   Type  |
    +---------+---------+----------+----------+-----+-----+---------+
    |       25|       25|  0.125 us|  0.125 us|   26|   26|      yes|
    +---------+---------+----------+----------+-----+-----+---------+

    + Detail: 
        * Instance: 
        +------------------------+-------------+---------+---------+-----------+-----------+-----+-----+---------+
        |                        |             |  Latency (cycles) |   Latency (absolute)  |  Interval | Pipeline|
        |        Instance        |    Module   |   min   |   max   |    min    |    max    | min | max |   Type  |
        +------------------------+-------------+---------+---------+-----------+-----------+-----+-----+---------+
        |grp_fp_recip_fn_fu_140  |fp_recip_fn  |        6|        6|  30.000 ns|  30.000 ns|    1|    1|      yes|
        +------------------------+-------------+---------+---------+-----------+-----------+-----+-----+---------+

        * Loop: 
        N/A



================================================================
== Utilization Estimates
================================================================
* Summary: 
+-----------------+---------+------+--------+--------+-----+
|       Name      | BRAM_18K|  DSP |   FF   |   LUT  | URAM|
+-----------------+---------+------+--------+--------+-----+
|DSP              |        -|     2|       -|       -|    -|
|Expression       |        -|     -|       0|     174|    -|
|FIFO             |        -|     -|       -|       -|    -|
|Instance         |        1|    13|    2582|    2971|    -|
|Memory           |        -|     -|       -|       -|    -|
|Multiplexer      |        -|     -|       0|     239|    -|
|Register         |        -|     -|     574|       -|    -|
+-----------------+---------+------+--------+--------+-----+
|Total            |        1|    15|    3156|    3384|    0|
+-----------------+---------+------+--------+--------+-----+
|Available        |      288|  1248|  234240|  117120|   64|
+-----------------+---------+------+--------+--------+-----+
|Utilization (%)  |       ~0|     1|       1|       2|    0|
+-----------------+---------+------+--------+--------+-----+

+ Detail: 
    * Instance: 
    +---------------------------+----------------------+---------+----+------+------+-----+
    |          Instance         |        Module        | BRAM_18K| DSP|  FF  |  LUT | URAM|
    +---------------------------+----------------------+---------+----+------+------+-----+
    |grp_fp_recip_fn_fu_140     |fp_recip_fn           |        1|   1|  2033|  2710|    0|
    |mul_23s_26s_49_4_1_U500    |mul_23s_26s_49_4_1    |        0|   2|    61|    29|    0|
    |mul_26s_16ns_42_4_1_U507   |mul_26s_16ns_42_4_1   |        0|   1|    61|    29|    0|
    |mul_26s_16ns_42_4_1_U508   |mul_26s_16ns_42_4_1   |        0|   1|    61|    29|    0|
    |mul_26s_16s_42_4_1_U506    |mul_26s_16s_42_4_1    |        0|   1|    61|    29|    0|
    |mul_26s_18ns_44_4_1_U505   |mul_26s_18ns_44_4_1   |        0|   1|    61|    29|    0|
    |mul_26s_18s_44_4_1_U503    |mul_26s_18s_44_4_1    |        0|   1|    61|    29|    0|
    |mul_26s_18s_44_4_1_U504    |mul_26s_18s_44_4_1    |        0|   1|    61|    29|    0|
    |mul_26s_23s_49_4_1_U501    |mul_26s_23s_49_4_1    |        0|   2|    61|    29|    0|
    |mul_26s_26s_43_4_1_x_U502  |mul_26s_26s_43_4_1_x  |        0|   2|    61|    29|    0|
    +---------------------------+----------------------+---------+----+------+------+-----+
    |Total                      |                      |        1|  13|  2582|  2971|    0|
    +---------------------------+----------------------+---------+----+------+------+-----+

    * DSP: 
    +------------------------------------+-------------------------------+----------------+
    |              Instance              |             Module            |   Expression   |
    +------------------------------------+-------------------------------+----------------+
    |am_addmul_26s_26s_11ns_38_4_1_U509  |am_addmul_26s_26s_11ns_38_4_1  |  (i0 + i1) * i2|
    |am_addmul_26s_26s_11ns_38_4_1_U510  |am_addmul_26s_26s_11ns_38_4_1  |  (i0 + i1) * i2|
    +------------------------------------+-------------------------------+----------------+

    * Memory: 
    N/A

    * FIFO: 
    N/A

    * Expression: 
    +-------------------------+----------+----+---+----+------------+------------+
    |      Variable Name      | Operation| DSP| FF| LUT| Bitwidth P0| Bitwidth P1|
    +-------------------------+----------+----+---+----+------------+------------+
    |F_zr_fu_194_p2           |         +|   0|  0|  33|          26|          22|
    |add_ln566_fu_422_p2      |         +|   0|  0|  32|          25|          25|
    |F_zf_fu_187_p2           |         -|   0|  0|  33|          21|          26|
    |use_front_raw_fu_215_p2  |      icmp|   0|  0|  33|          26|          26|
    |select_ln559_fu_437_p3   |    select|   0|  0|  19|           1|          20|
    |select_ln566_fu_411_p3   |    select|   0|  0|  24|           1|          24|
    +-------------------------+----------+----+---+----+------------+------------+
    |Total                    |          |   0|  0| 174|         100|         143|
    +-------------------------+----------+----+---+----+------------+------------+

    * Multiplexer: 
    +--------------------------+-----+-----------+-----+-----------+
    |           Name           | LUT | Input Size| Bits| Total Bits|
    +--------------------------+-----+-----------+-----+-----------+
    |ap_NS_fsm                 |  135|         27|    1|         27|
    |grp_fp_recip_fn_fu_140_x  |   14|          3|   26|         78|
    |grp_fu_147_p0             |   14|          3|   23|         69|
    |grp_fu_147_p1             |   14|          3|   26|         78|
    |grp_fu_155_p0             |   31|          6|   26|        156|
    |grp_fu_155_p1             |   31|          6|   26|        156|
    +--------------------------+-----+-----------+-----+-----------+
    |Total                     |  239|         48|  128|        564|
    +--------------------------+-----+-----------+-----+-----------+

    * Register: 
    +---------------------------------+----+----+-----+-----------+
    |               Name              | FF | LUT| Bits| Const Bits|
    +---------------------------------+----+----+-----+-----------+
    |add_ln566_reg_623                |  25|   0|   25|          0|
    |ap_CS_fsm                        |  26|   0|   26|          0|
    |ap_port_reg_tr_C_eff_f_raw_val   |  26|   0|   26|          0|
    |ap_port_reg_tr_C_eff_r_val       |  26|   0|   26|          0|
    |ap_port_reg_tr_C_min_f_val       |  26|   0|   26|          0|
    |ap_port_reg_tr_alpha_f_op_val    |  26|   0|   26|          0|
    |ap_port_reg_tr_alpha_r_op_val    |  26|   0|   26|          0|
    |ap_port_reg_tr_cos_delta_val     |  26|   0|   26|          0|
    |mul_ln671_87_reg_608             |  42|   0|   42|          0|
    |mul_ln671_88_reg_613             |  42|   0|   42|          0|
    |product_q_119_reg_587            |  26|   0|   26|          0|
    |reg_179                          |  23|   0|   23|          0|
    |reg_183                          |  26|   0|   26|          0|
    |sext_ln671_117_reg_503           |  49|   0|   49|          0|
    |sext_ln671_122_reg_535           |  43|   0|   43|          0|
    |sext_ln671_130_reg_576           |  43|   0|   43|          0|
    |tmp_reg_618                      |  20|   0|   20|          0|
    |tr_C_eff_f_raw_val_read_reg_493  |  26|   0|   26|          0|
    |tr_Fz_transfer_val_read_reg_478  |  26|   0|   26|          0|
    |use_front_raw_reg_514            |   1|   0|    1|          0|
    +---------------------------------+----+----+-----+-----------+
    |Total                            | 574|   0|  574|          0|
    +---------------------------------+----+----+-----+-----------+



================================================================
== Interface
================================================================
* Summary: 
+--------------------+-----+-----+------------+-------------------------------+--------------+
|      RTL Ports     | Dir | Bits|  Protocol  |         Source Object         |    C Type    |
+--------------------+-----+-----+------------+-------------------------------+--------------+
|ap_clk              |   in|    1|  ap_ctrl_hs|  compute_B_accel_load_transfer|  return value|
|ap_rst              |   in|    1|  ap_ctrl_hs|  compute_B_accel_load_transfer|  return value|
|ap_start            |   in|    1|  ap_ctrl_hs|  compute_B_accel_load_transfer|  return value|
|ap_done             |  out|    1|  ap_ctrl_hs|  compute_B_accel_load_transfer|  return value|
|ap_idle             |  out|    1|  ap_ctrl_hs|  compute_B_accel_load_transfer|  return value|
|ap_ready            |  out|    1|  ap_ctrl_hs|  compute_B_accel_load_transfer|  return value|
|ap_return_0         |  out|   26|  ap_ctrl_hs|  compute_B_accel_load_transfer|  return value|
|ap_return_1         |  out|   26|  ap_ctrl_hs|  compute_B_accel_load_transfer|  return value|
|tr_C_eff_f_raw_val  |   in|   26|     ap_none|             tr_C_eff_f_raw_val|        scalar|
|tr_C_eff_r_val      |   in|   26|     ap_none|                 tr_C_eff_r_val|        scalar|
|tr_C_min_f_val      |   in|   26|     ap_none|                 tr_C_min_f_val|        scalar|
|tr_cos_delta_val    |   in|   26|     ap_none|               tr_cos_delta_val|        scalar|
|tr_alpha_f_op_val   |   in|   26|     ap_none|              tr_alpha_f_op_val|        scalar|
|tr_alpha_r_op_val   |   in|   26|     ap_none|              tr_alpha_r_op_val|        scalar|
|tr_Fz_transfer_val  |   in|   26|     ap_none|             tr_Fz_transfer_val|        scalar|
+--------------------+-----+-----+------------+-------------------------------+--------------+

============================================================
+ Verbose Summary: Synthesis Manager
============================================================
InlineROM: 1
ExposeGlobal: 0
============================================================
+ Verbose Summary: CDFG Model
============================================================
IsTopModel: 0
ResetActiveHigh: 1
IsCombinational: 2
IsDatapathOnly: 2
HasWiredReturn: 1
HasMFsm: 2
HasVarLatency: 0
IsPipeline: 1
IsRtlPipelined: 0
IsInstanceOverlapped: 0
IsDontTouch: 0
HasImplIP: 0
IsGatedGlobalClock: 0

+ Individual pipeline summary: 
  * Pipeline-0: initiation interval (II) = 26, depth = 26


============================================================
+ Verbose Summary: Schedule
============================================================
* Number of FSM states : 26
* Pipeline : 1
  Pipeline-0 : II = 26, D = 26, States = { 1 2 3 4 5 6 7 8 9 10 11 12 13 14 15 16 17 18 19 20 21 22 23 24 25 26 }
* Dataflow Pipeline: 0

* FSM state transitions: 
1 --> 2 
2 --> 3 
3 --> 4 
4 --> 5 
5 --> 6 
6 --> 7 
7 --> 8 
8 --> 9 
9 --> 10 
10 --> 11 
11 --> 12 
12 --> 13 
13 --> 14 
14 --> 15 
15 --> 16 
16 --> 17 
17 --> 18 
18 --> 19 
19 --> 20 
20 --> 21 
21 --> 22 
22 --> 23 
23 --> 24 
24 --> 25 
25 --> 26 
26 --> 

* FSM state operations: 

State 1 <SV = 0> <Delay = 4.34>
ST_1 : Operation 27 [1/1] (0.00ns)   --->   "%tr_Fz_transfer_val_read = read i26 @_ssdm_op_Read.ap_auto.i26, i26 %tr_Fz_transfer_val" [../src/vehicle_model_hls.cpp:532]   --->   Operation 27 'read' 'tr_Fz_transfer_val_read' <Predicate = true> <Delay = 0.00>
ST_1 : Operation 28 [1/1] (0.95ns)   --->   "%F_zf = sub i26 2091384, i26 %tr_Fz_transfer_val_read" [../src/vehicle_model_hls.cpp:532]   --->   Operation 28 'sub' 'F_zf' <Predicate = true> <Delay = 0.95> <CoreInst = "Adder">   --->   Core 1 'Adder' <Latency = 0> <II = 1> <Delay = 0.95> <FuncUnit> <Opcode : 'add' 'sub'> <InPorts = 2> <OutPorts = 1>
ST_1 : Operation 29 [8/8] (3.38ns)   --->   "%inv_Fzf = call i23 @fp_recip_fn, i26 %F_zf, i19 %recip_lut_fn" [../src/vehicle_model_hls.cpp:534]   --->   Operation 29 'call' 'inv_Fzf' <Predicate = true> <Delay = 3.38> <CoreType = "Generic">   --->   Generic Core

State 2 <SV = 1> <Delay = 4.35>
ST_2 : Operation 30 [1/1] (0.95ns)   --->   "%F_zr = add i26 %tr_Fz_transfer_val_read, i26 2169811" [../src/vehicle_model_hls.cpp:533]   --->   Operation 30 'add' 'F_zr' <Predicate = true> <Delay = 0.95> <CoreInst = "Adder">   --->   Core 1 'Adder' <Latency = 0> <II = 1> <Delay = 0.95> <FuncUnit> <Opcode : 'add' 'sub'> <InPorts = 2> <OutPorts = 1>
ST_2 : Operation 31 [7/8] (4.35ns)   --->   "%inv_Fzf = call i23 @fp_recip_fn, i26 %F_zf, i19 %recip_lut_fn" [../src/vehicle_model_hls.cpp:534]   --->   Operation 31 'call' 'inv_Fzf' <Predicate = true> <Delay = 4.35> <CoreType = "Generic">   --->   Generic Core
ST_2 : Operation 32 [8/8] (3.38ns)   --->   "%inv_Fzr = call i23 @fp_recip_fn, i26 %F_zr, i19 %recip_lut_fn" [../src/vehicle_model_hls.cpp:535]   --->   Operation 32 'call' 'inv_Fzr' <Predicate = true> <Delay = 3.38> <CoreType = "Generic">   --->   Generic Core

State 3 <SV = 2> <Delay = 4.35>
ST_3 : Operation 33 [6/8] (4.35ns)   --->   "%inv_Fzf = call i23 @fp_recip_fn, i26 %F_zf, i19 %recip_lut_fn" [../src/vehicle_model_hls.cpp:534]   --->   Operation 33 'call' 'inv_Fzf' <Predicate = true> <Delay = 4.35> <CoreType = "Generic">   --->   Generic Core
ST_3 : Operation 34 [7/8] (4.35ns)   --->   "%inv_Fzr = call i23 @fp_recip_fn, i26 %F_zr, i19 %recip_lut_fn" [../src/vehicle_model_hls.cpp:535]   --->   Operation 34 'call' 'inv_Fzr' <Predicate = true> <Delay = 4.35> <CoreType = "Generic">   --->   Generic Core

State 4 <SV = 3> <Delay = 4.35>
ST_4 : Operation 35 [5/8] (4.35ns)   --->   "%inv_Fzf = call i23 @fp_recip_fn, i26 %F_zf, i19 %recip_lut_fn" [../src/vehicle_model_hls.cpp:534]   --->   Operation 35 'call' 'inv_Fzf' <Predicate = true> <Delay = 4.35> <CoreType = "Generic">   --->   Generic Core
ST_4 : Operation 36 [6/8] (4.35ns)   --->   "%inv_Fzr = call i23 @fp_recip_fn, i26 %F_zr, i19 %recip_lut_fn" [../src/vehicle_model_hls.cpp:535]   --->   Operation 36 'call' 'inv_Fzr' <Predicate = true> <Delay = 4.35> <CoreType = "Generic">   --->   Generic Core

State 5 <SV = 4> <Delay = 4.35>
ST_5 : Operation 37 [4/8] (4.35ns)   --->   "%inv_Fzf = call i23 @fp_recip_fn, i26 %F_zf, i19 %recip_lut_fn" [../src/vehicle_model_hls.cpp:534]   --->   Operation 37 'call' 'inv_Fzf' <Predicate = true> <Delay = 4.35> <CoreType = "Generic">   --->   Generic Core
ST_5 : Operation 38 [5/8] (4.35ns)   --->   "%inv_Fzr = call i23 @fp_recip_fn, i26 %F_zr, i19 %recip_lut_fn" [../src/vehicle_model_hls.cpp:535]   --->   Operation 38 'call' 'inv_Fzr' <Predicate = true> <Delay = 4.35> <CoreType = "Generic">   --->   Generic Core

State 6 <SV = 5> <Delay = 4.35>
ST_6 : Operation 39 [3/8] (4.35ns)   --->   "%inv_Fzf = call i23 @fp_recip_fn, i26 %F_zf, i19 %recip_lut_fn" [../src/vehicle_model_hls.cpp:534]   --->   Operation 39 'call' 'inv_Fzf' <Predicate = true> <Delay = 4.35> <CoreType = "Generic">   --->   Generic Core
ST_6 : Operation 40 [4/8] (4.35ns)   --->   "%inv_Fzr = call i23 @fp_recip_fn, i26 %F_zr, i19 %recip_lut_fn" [../src/vehicle_model_hls.cpp:535]   --->   Operation 40 'call' 'inv_Fzr' <Predicate = true> <Delay = 4.35> <CoreType = "Generic">   --->   Generic Core

State 7 <SV = 6> <Delay = 4.35>
ST_7 : Operation 41 [2/8] (4.35ns)   --->   "%inv_Fzf = call i23 @fp_recip_fn, i26 %F_zf, i19 %recip_lut_fn" [../src/vehicle_model_hls.cpp:534]   --->   Operation 41 'call' 'inv_Fzf' <Predicate = true> <Delay = 4.35> <CoreType = "Generic">   --->   Generic Core
ST_7 : Operation 42 [3/8] (4.35ns)   --->   "%inv_Fzr = call i23 @fp_recip_fn, i26 %F_zr, i19 %recip_lut_fn" [../src/vehicle_model_hls.cpp:535]   --->   Operation 42 'call' 'inv_Fzr' <Predicate = true> <Delay = 4.35> <CoreType = "Generic">   --->   Generic Core

State 8 <SV = 7> <Delay = 4.35>
ST_8 : Operation 43 [1/8] (4.10ns)   --->   "%inv_Fzf = call i23 @fp_recip_fn, i26 %F_zf, i19 %recip_lut_fn" [../src/vehicle_model_hls.cpp:534]   --->   Operation 43 'call' 'inv_Fzf' <Predicate = true> <Delay = 4.10> <CoreType = "Generic">   --->   Generic Core
ST_8 : Operation 44 [2/8] (4.35ns)   --->   "%inv_Fzr = call i23 @fp_recip_fn, i26 %F_zr, i19 %recip_lut_fn" [../src/vehicle_model_hls.cpp:535]   --->   Operation 44 'call' 'inv_Fzr' <Predicate = true> <Delay = 4.35> <CoreType = "Generic">   --->   Generic Core

State 9 <SV = 8> <Delay = 4.10>
ST_9 : Operation 45 [1/1] (0.00ns)   --->   "%tr_C_eff_f_raw_val_read = read i26 @_ssdm_op_Read.ap_auto.i26, i26 %tr_C_eff_f_raw_val" [../src/vehicle_model_hls.cpp:532]   --->   Operation 45 'read' 'tr_C_eff_f_raw_val_read' <Predicate = true> <Delay = 0.00>
ST_9 : Operation 46 [1/8] (4.10ns)   --->   "%inv_Fzr = call i23 @fp_recip_fn, i26 %F_zr, i19 %recip_lut_fn" [../src/vehicle_model_hls.cpp:535]   --->   Operation 46 'call' 'inv_Fzr' <Predicate = true> <Delay = 4.10> <CoreType = "Generic">   --->   Generic Core
ST_9 : Operation 47 [1/1] (0.00ns)   --->   "%sext_ln671 = sext i26 %tr_C_eff_f_raw_val_read" [../src/fp_math_hls.cpp:671->../src/vehicle_model_hls.cpp:536]   --->   Operation 47 'sext' 'sext_ln671' <Predicate = true> <Delay = 0.00>
ST_9 : Operation 48 [1/1] (0.00ns)   --->   "%sext_ln671_117 = sext i23 %inv_Fzf" [../src/fp_math_hls.cpp:671->../src/vehicle_model_hls.cpp:536]   --->   Operation 48 'sext' 'sext_ln671_117' <Predicate = true> <Delay = 0.00>
ST_9 : Operation 49 [4/4] (1.78ns)   --->   "%mul_ln671 = mul i49 %sext_ln671_117, i49 %sext_ln671" [../src/fp_math_hls.cpp:671->../src/vehicle_model_hls.cpp:536]   --->   Operation 49 'mul' 'mul_ln671' <Predicate = true> <Delay = 1.78> <CoreInst = "Mul_DSP">   --->   Core 5 'Mul_DSP' <Latency = 3> <II = 1> <Delay = 1.78> <FuncUnit> <Opcode : 'mul'> <InPorts = 2> <OutPorts = 1>

State 10 <SV = 9> <Delay = 1.78>
ST_10 : Operation 50 [1/1] (0.00ns)   --->   "%tr_C_min_f_val_read = read i26 @_ssdm_op_Read.ap_auto.i26, i26 %tr_C_min_f_val" [../src/vehicle_model_hls.cpp:532]   --->   Operation 50 'read' 'tr_C_min_f_val_read' <Predicate = true> <Delay = 0.00>
ST_10 : Operation 51 [3/4] (1.78ns)   --->   "%mul_ln671 = mul i49 %sext_ln671_117, i49 %sext_ln671" [../src/fp_math_hls.cpp:671->../src/vehicle_model_hls.cpp:536]   --->   Operation 51 'mul' 'mul_ln671' <Predicate = true> <Delay = 1.78> <CoreInst = "Mul_DSP">   --->   Core 5 'Mul_DSP' <Latency = 3> <II = 1> <Delay = 1.78> <FuncUnit> <Opcode : 'mul'> <InPorts = 2> <OutPorts = 1>
ST_10 : Operation 52 [1/1] (0.00ns)   --->   "%sext_ln671_118 = sext i26 %tr_C_min_f_val_read" [../src/fp_math_hls.cpp:671->../src/vehicle_model_hls.cpp:537]   --->   Operation 52 'sext' 'sext_ln671_118' <Predicate = true> <Delay = 0.00>
ST_10 : Operation 53 [4/4] (1.78ns)   --->   "%mul_ln671_75 = mul i49 %sext_ln671_118, i49 %sext_ln671_117" [../src/fp_math_hls.cpp:671->../src/vehicle_model_hls.cpp:537]   --->   Operation 53 'mul' 'mul_ln671_75' <Predicate = true> <Delay = 1.78> <CoreInst = "Mul_DSP">   --->   Core 5 'Mul_DSP' <Latency = 3> <II = 1> <Delay = 1.78> <FuncUnit> <Opcode : 'mul'> <InPorts = 2> <OutPorts = 1>
ST_10 : Operation 54 [1/1] (0.95ns)   --->   "%use_front_raw = icmp_sgt  i26 %tr_C_eff_f_raw_val_read, i26 %tr_C_min_f_val_read" [../src/vehicle_model_hls.cpp:543]   --->   Operation 54 'icmp' 'use_front_raw' <Predicate = true> <Delay = 0.95> <CoreInst = "Cmp">   --->   Core 9 'Cmp' <Latency = 0> <II = 1> <Delay = 0.95> <FuncUnit> <Opcode : 'seteq' 'setne' 'setle' 'setge' 'setlt' 'setgt'> <InPorts = 2> <OutPorts = 1>

State 11 <SV = 10> <Delay = 1.78>
ST_11 : Operation 55 [1/1] (0.00ns)   --->   "%tr_C_eff_r_val_read = read i26 @_ssdm_op_Read.ap_auto.i26, i26 %tr_C_eff_r_val" [../src/vehicle_model_hls.cpp:532]   --->   Operation 55 'read' 'tr_C_eff_r_val_read' <Predicate = true> <Delay = 0.00>
ST_11 : Operation 56 [2/4] (1.78ns)   --->   "%mul_ln671 = mul i49 %sext_ln671_117, i49 %sext_ln671" [../src/fp_math_hls.cpp:671->../src/vehicle_model_hls.cpp:536]   --->   Operation 56 'mul' 'mul_ln671' <Predicate = true> <Delay = 1.78> <CoreInst = "Mul_DSP">   --->   Core 5 'Mul_DSP' <Latency = 3> <II = 1> <Delay = 1.78> <FuncUnit> <Opcode : 'mul'> <InPorts = 2> <OutPorts = 1>
ST_11 : Operation 57 [3/4] (1.78ns)   --->   "%mul_ln671_75 = mul i49 %sext_ln671_118, i49 %sext_ln671_117" [../src/fp_math_hls.cpp:671->../src/vehicle_model_hls.cpp:537]   --->   Operation 57 'mul' 'mul_ln671_75' <Predicate = true> <Delay = 1.78> <CoreInst = "Mul_DSP">   --->   Core 5 'Mul_DSP' <Latency = 3> <II = 1> <Delay = 1.78> <FuncUnit> <Opcode : 'mul'> <InPorts = 2> <OutPorts = 1>
ST_11 : Operation 58 [1/1] (0.00ns)   --->   "%sext_ln671_119 = sext i26 %tr_C_eff_r_val_read" [../src/fp_math_hls.cpp:671->../src/vehicle_model_hls.cpp:538]   --->   Operation 58 'sext' 'sext_ln671_119' <Predicate = true> <Delay = 0.00>
ST_11 : Operation 59 [1/1] (0.00ns)   --->   "%sext_ln671_120 = sext i23 %inv_Fzr" [../src/fp_math_hls.cpp:671->../src/vehicle_model_hls.cpp:538]   --->   Operation 59 'sext' 'sext_ln671_120' <Predicate = true> <Delay = 0.00>
ST_11 : Operation 60 [4/4] (1.78ns)   --->   "%mul_ln671_76 = mul i49 %sext_ln671_120, i49 %sext_ln671_119" [../src/fp_math_hls.cpp:671->../src/vehicle_model_hls.cpp:538]   --->   Operation 60 'mul' 'mul_ln671_76' <Predicate = true> <Delay = 1.78> <CoreInst = "Mul_DSP">   --->   Core 5 'Mul_DSP' <Latency = 3> <II = 1> <Delay = 1.78> <FuncUnit> <Opcode : 'mul'> <InPorts = 2> <OutPorts = 1>

State 12 <SV = 11> <Delay = 3.90>
ST_12 : Operation 61 [1/1] (0.00ns)   --->   "%tr_alpha_f_op_val_read = read i26 @_ssdm_op_Read.ap_auto.i26, i26 %tr_alpha_f_op_val" [../src/vehicle_model_hls.cpp:532]   --->   Operation 61 'read' 'tr_alpha_f_op_val_read' <Predicate = true> <Delay = 0.00>
ST_12 : Operation 62 [1/4] (1.78ns)   --->   "%mul_ln671 = mul i49 %sext_ln671_117, i49 %sext_ln671" [../src/fp_math_hls.cpp:671->../src/vehicle_model_hls.cpp:536]   --->   Operation 62 'mul' 'mul_ln671' <Predicate = true> <Delay = 1.78> <CoreInst = "Mul_DSP">   --->   Core 5 'Mul_DSP' <Latency = 3> <II = 1> <Delay = 1.78> <FuncUnit> <Opcode : 'mul'> <InPorts = 2> <OutPorts = 1>
ST_12 : Operation 63 [1/1] (0.00ns)   --->   "%specfucore_ln673 = specfucore void @_ssdm_op_SpecFUCore, i49 %mul_ln671, i64 12, i64 3, i64 3, i1 0" [../src/fp_math_hls.cpp:673->../src/vehicle_model_hls.cpp:536]   --->   Operation 63 'specfucore' 'specfucore_ln673' <Predicate = true> <Delay = 0.00>
ST_12 : Operation 64 [1/1] (0.00ns)   --->   "%product_q = partselect i26 @_ssdm_op_PartSelect.i26.i49.i32.i32, i49 %mul_ln671, i32 17, i32 42" [../src/fp_math_hls.cpp:674->../src/vehicle_model_hls.cpp:536]   --->   Operation 64 'partselect' 'product_q' <Predicate = true> <Delay = 0.00>
ST_12 : Operation 65 [2/4] (1.78ns)   --->   "%mul_ln671_75 = mul i49 %sext_ln671_118, i49 %sext_ln671_117" [../src/fp_math_hls.cpp:671->../src/vehicle_model_hls.cpp:537]   --->   Operation 65 'mul' 'mul_ln671_75' <Predicate = true> <Delay = 1.78> <CoreInst = "Mul_DSP">   --->   Core 5 'Mul_DSP' <Latency = 3> <II = 1> <Delay = 1.78> <FuncUnit> <Opcode : 'mul'> <InPorts = 2> <OutPorts = 1>
ST_12 : Operation 66 [3/4] (1.78ns)   --->   "%mul_ln671_76 = mul i49 %sext_ln671_120, i49 %sext_ln671_119" [../src/fp_math_hls.cpp:671->../src/vehicle_model_hls.cpp:538]   --->   Operation 66 'mul' 'mul_ln671_76' <Predicate = true> <Delay = 1.78> <CoreInst = "Mul_DSP">   --->   Core 5 'Mul_DSP' <Latency = 3> <II = 1> <Delay = 1.78> <FuncUnit> <Opcode : 'mul'> <InPorts = 2> <OutPorts = 1>
ST_12 : Operation 67 [1/1] (0.00ns)   --->   "%sext_ln671_121 = sext i26 %product_q" [../src/fp_math_hls.cpp:671->../src/vehicle_model_hls.cpp:545]   --->   Operation 67 'sext' 'sext_ln671_121' <Predicate = true> <Delay = 0.00>
ST_12 : Operation 68 [1/1] (0.00ns)   --->   "%sext_ln671_122 = sext i26 %tr_alpha_f_op_val_read" [../src/fp_math_hls.cpp:671->../src/vehicle_model_hls.cpp:545]   --->   Operation 68 'sext' 'sext_ln671_122' <Predicate = true> <Delay = 0.00>
ST_12 : Operation 69 [4/4] (2.12ns)   --->   "%product = mul i43 %sext_ln671_122, i43 %sext_ln671_121" [../src/fp_math_hls.cpp:671->../src/vehicle_model_hls.cpp:545]   --->   Operation 69 'mul' 'product' <Predicate = true> <Delay = 2.12> <CoreInst = "Mul_DSP">   --->   Core 5 'Mul_DSP' <Latency = 3> <II = 1> <Delay = 1.78> <FuncUnit> <Opcode : 'mul'> <InPorts = 2> <OutPorts = 1>

State 13 <SV = 12> <Delay = 3.90>
ST_13 : Operation 70 [1/4] (1.78ns)   --->   "%mul_ln671_75 = mul i49 %sext_ln671_118, i49 %sext_ln671_117" [../src/fp_math_hls.cpp:671->../src/vehicle_model_hls.cpp:537]   --->   Operation 70 'mul' 'mul_ln671_75' <Predicate = true> <Delay = 1.78> <CoreInst = "Mul_DSP">   --->   Core 5 'Mul_DSP' <Latency = 3> <II = 1> <Delay = 1.78> <FuncUnit> <Opcode : 'mul'> <InPorts = 2> <OutPorts = 1>
ST_13 : Operation 71 [1/1] (0.00ns)   --->   "%specfucore_ln673 = specfucore void @_ssdm_op_SpecFUCore, i49 %mul_ln671_75, i64 12, i64 3, i64 3, i1 0" [../src/fp_math_hls.cpp:673->../src/vehicle_model_hls.cpp:537]   --->   Operation 71 'specfucore' 'specfucore_ln673' <Predicate = true> <Delay = 0.00>
ST_13 : Operation 72 [1/1] (0.00ns)   --->   "%product_q_112 = partselect i26 @_ssdm_op_PartSelect.i26.i49.i32.i32, i49 %mul_ln671_75, i32 17, i32 42" [../src/fp_math_hls.cpp:674->../src/vehicle_model_hls.cpp:537]   --->   Operation 72 'partselect' 'product_q_112' <Predicate = true> <Delay = 0.00>
ST_13 : Operation 73 [2/4] (1.78ns)   --->   "%mul_ln671_76 = mul i49 %sext_ln671_120, i49 %sext_ln671_119" [../src/fp_math_hls.cpp:671->../src/vehicle_model_hls.cpp:538]   --->   Operation 73 'mul' 'mul_ln671_76' <Predicate = true> <Delay = 1.78> <CoreInst = "Mul_DSP">   --->   Core 5 'Mul_DSP' <Latency = 3> <II = 1> <Delay = 1.78> <FuncUnit> <Opcode : 'mul'> <InPorts = 2> <OutPorts = 1>
ST_13 : Operation 74 [3/4] (1.78ns)   --->   "%product = mul i43 %sext_ln671_122, i43 %sext_ln671_121" [../src/fp_math_hls.cpp:671->../src/vehicle_model_hls.cpp:545]   --->   Operation 74 'mul' 'product' <Predicate = true> <Delay = 1.78> <CoreInst = "Mul_DSP">   --->   Core 5 'Mul_DSP' <Latency = 3> <II = 1> <Delay = 1.78> <FuncUnit> <Opcode : 'mul'> <InPorts = 2> <OutPorts = 1>
ST_13 : Operation 75 [1/1] (0.00ns)   --->   "%sext_ln671_124 = sext i26 %product_q_112" [../src/fp_math_hls.cpp:671->../src/vehicle_model_hls.cpp:548]   --->   Operation 75 'sext' 'sext_ln671_124' <Predicate = true> <Delay = 0.00>
ST_13 : Operation 76 [4/4] (2.12ns)   --->   "%product_327 = mul i43 %sext_ln671_124, i43 %sext_ln671_122" [../src/fp_math_hls.cpp:671->../src/vehicle_model_hls.cpp:548]   --->   Operation 76 'mul' 'product_327' <Predicate = true> <Delay = 2.12> <CoreInst = "Mul_DSP">   --->   Core 5 'Mul_DSP' <Latency = 3> <II = 1> <Delay = 1.78> <FuncUnit> <Opcode : 'mul'> <InPorts = 2> <OutPorts = 1>

State 14 <SV = 13> <Delay = 3.90>
ST_14 : Operation 77 [1/1] (0.00ns)   --->   "%tr_alpha_r_op_val_read = read i26 @_ssdm_op_Read.ap_auto.i26, i26 %tr_alpha_r_op_val" [../src/vehicle_model_hls.cpp:532]   --->   Operation 77 'read' 'tr_alpha_r_op_val_read' <Predicate = true> <Delay = 0.00>
ST_14 : Operation 78 [1/4] (1.78ns)   --->   "%mul_ln671_76 = mul i49 %sext_ln671_120, i49 %sext_ln671_119" [../src/fp_math_hls.cpp:671->../src/vehicle_model_hls.cpp:538]   --->   Operation 78 'mul' 'mul_ln671_76' <Predicate = true> <Delay = 1.78> <CoreInst = "Mul_DSP">   --->   Core 5 'Mul_DSP' <Latency = 3> <II = 1> <Delay = 1.78> <FuncUnit> <Opcode : 'mul'> <InPorts = 2> <OutPorts = 1>
ST_14 : Operation 79 [1/1] (0.00ns)   --->   "%specfucore_ln673 = specfucore void @_ssdm_op_SpecFUCore, i49 %mul_ln671_76, i64 12, i64 3, i64 3, i1 0" [../src/fp_math_hls.cpp:673->../src/vehicle_model_hls.cpp:538]   --->   Operation 79 'specfucore' 'specfucore_ln673' <Predicate = true> <Delay = 0.00>
ST_14 : Operation 80 [1/1] (0.00ns)   --->   "%product_q_113 = partselect i26 @_ssdm_op_PartSelect.i26.i49.i32.i32, i49 %mul_ln671_76, i32 17, i32 42" [../src/fp_math_hls.cpp:674->../src/vehicle_model_hls.cpp:538]   --->   Operation 80 'partselect' 'product_q_113' <Predicate = true> <Delay = 0.00>
ST_14 : Operation 81 [2/4] (1.78ns)   --->   "%product = mul i43 %sext_ln671_122, i43 %sext_ln671_121" [../src/fp_math_hls.cpp:671->../src/vehicle_model_hls.cpp:545]   --->   Operation 81 'mul' 'product' <Predicate = true> <Delay = 1.78> <CoreInst = "Mul_DSP">   --->   Core 5 'Mul_DSP' <Latency = 3> <II = 1> <Delay = 1.78> <FuncUnit> <Opcode : 'mul'> <InPorts = 2> <OutPorts = 1>
ST_14 : Operation 82 [3/4] (1.78ns)   --->   "%product_327 = mul i43 %sext_ln671_124, i43 %sext_ln671_122" [../src/fp_math_hls.cpp:671->../src/vehicle_model_hls.cpp:548]   --->   Operation 82 'mul' 'product_327' <Predicate = true> <Delay = 1.78> <CoreInst = "Mul_DSP">   --->   Core 5 'Mul_DSP' <Latency = 3> <II = 1> <Delay = 1.78> <FuncUnit> <Opcode : 'mul'> <InPorts = 2> <OutPorts = 1>
ST_14 : Operation 83 [1/1] (0.00ns)   --->   "%sext_ln671_126 = sext i26 %product_q_113" [../src/fp_math_hls.cpp:671->../src/vehicle_model_hls.cpp:551]   --->   Operation 83 'sext' 'sext_ln671_126' <Predicate = true> <Delay = 0.00>
ST_14 : Operation 84 [1/1] (0.00ns)   --->   "%sext_ln671_127 = sext i26 %tr_alpha_r_op_val_read" [../src/fp_math_hls.cpp:671->../src/vehicle_model_hls.cpp:551]   --->   Operation 84 'sext' 'sext_ln671_127' <Predicate = true> <Delay = 0.00>
ST_14 : Operation 85 [4/4] (2.12ns)   --->   "%product_328 = mul i43 %sext_ln671_127, i43 %sext_ln671_126" [../src/fp_math_hls.cpp:671->../src/vehicle_model_hls.cpp:551]   --->   Operation 85 'mul' 'product_328' <Predicate = true> <Delay = 2.12> <CoreInst = "Mul_DSP">   --->   Core 5 'Mul_DSP' <Latency = 3> <II = 1> <Delay = 1.78> <FuncUnit> <Opcode : 'mul'> <InPorts = 2> <OutPorts = 1>

State 15 <SV = 14> <Delay = 3.56>
ST_15 : Operation 86 [1/4] (1.78ns)   --->   "%product = mul i43 %sext_ln671_122, i43 %sext_ln671_121" [../src/fp_math_hls.cpp:671->../src/vehicle_model_hls.cpp:545]   --->   Operation 86 'mul' 'product' <Predicate = true> <Delay = 1.78> <CoreInst = "Mul_DSP">   --->   Core 5 'Mul_DSP' <Latency = 3> <II = 1> <Delay = 1.78> <FuncUnit> <Opcode : 'mul'> <InPorts = 2> <OutPorts = 1>
ST_15 : Operation 87 [1/1] (0.00ns)   --->   "%specfucore_ln673 = specfucore void @_ssdm_op_SpecFUCore, i43 %product, i64 12, i64 3, i64 3, i1 0" [../src/fp_math_hls.cpp:673->../src/vehicle_model_hls.cpp:545]   --->   Operation 87 'specfucore' 'specfucore_ln673' <Predicate = true> <Delay = 0.00>
ST_15 : Operation 88 [1/1] (0.00ns)   --->   "%product_q_114 = partselect i26 @_ssdm_op_PartSelect.i26.i43.i32.i32, i43 %product, i32 17, i32 42" [../src/fp_math_hls.cpp:674->../src/vehicle_model_hls.cpp:545]   --->   Operation 88 'partselect' 'product_q_114' <Predicate = true> <Delay = 0.00>
ST_15 : Operation 89 [1/1] (0.00ns)   --->   "%sext_ln671_123 = sext i26 %product_q_114" [../src/fp_math_hls.cpp:671->../src/vehicle_model_hls.cpp:545]   --->   Operation 89 'sext' 'sext_ln671_123' <Predicate = true> <Delay = 0.00>
ST_15 : Operation 90 [4/4] (1.78ns)   --->   "%mul_ln671_78 = mul i44 %sext_ln671_123, i44 17592185950747" [../src/fp_math_hls.cpp:671->../src/vehicle_model_hls.cpp:545]   --->   Operation 90 'mul' 'mul_ln671_78' <Predicate = true> <Delay = 1.78> <CoreInst = "Mul_DSP">   --->   Core 5 'Mul_DSP' <Latency = 3> <II = 1> <Delay = 1.78> <FuncUnit> <Opcode : 'mul'> <InPorts = 2> <OutPorts = 1>
ST_15 : Operation 91 [2/4] (1.78ns)   --->   "%product_327 = mul i43 %sext_ln671_124, i43 %sext_ln671_122" [../src/fp_math_hls.cpp:671->../src/vehicle_model_hls.cpp:548]   --->   Operation 91 'mul' 'product_327' <Predicate = true> <Delay = 1.78> <CoreInst = "Mul_DSP">   --->   Core 5 'Mul_DSP' <Latency = 3> <II = 1> <Delay = 1.78> <FuncUnit> <Opcode : 'mul'> <InPorts = 2> <OutPorts = 1>
ST_15 : Operation 92 [3/4] (1.78ns)   --->   "%product_328 = mul i43 %sext_ln671_127, i43 %sext_ln671_126" [../src/fp_math_hls.cpp:671->../src/vehicle_model_hls.cpp:551]   --->   Operation 92 'mul' 'product_328' <Predicate = true> <Delay = 1.78> <CoreInst = "Mul_DSP">   --->   Core 5 'Mul_DSP' <Latency = 3> <II = 1> <Delay = 1.78> <FuncUnit> <Opcode : 'mul'> <InPorts = 2> <OutPorts = 1>

State 16 <SV = 15> <Delay = 3.56>
ST_16 : Operation 93 [3/4] (1.78ns)   --->   "%mul_ln671_78 = mul i44 %sext_ln671_123, i44 17592185950747" [../src/fp_math_hls.cpp:671->../src/vehicle_model_hls.cpp:545]   --->   Operation 93 'mul' 'mul_ln671_78' <Predicate = true> <Delay = 1.78> <CoreInst = "Mul_DSP">   --->   Core 5 'Mul_DSP' <Latency = 3> <II = 1> <Delay = 1.78> <FuncUnit> <Opcode : 'mul'> <InPorts = 2> <OutPorts = 1>
ST_16 : Operation 94 [1/4] (1.78ns)   --->   "%product_327 = mul i43 %sext_ln671_124, i43 %sext_ln671_122" [../src/fp_math_hls.cpp:671->../src/vehicle_model_hls.cpp:548]   --->   Operation 94 'mul' 'product_327' <Predicate = true> <Delay = 1.78> <CoreInst = "Mul_DSP">   --->   Core 5 'Mul_DSP' <Latency = 3> <II = 1> <Delay = 1.78> <FuncUnit> <Opcode : 'mul'> <InPorts = 2> <OutPorts = 1>
ST_16 : Operation 95 [1/1] (0.00ns)   --->   "%specfucore_ln673 = specfucore void @_ssdm_op_SpecFUCore, i43 %product_327, i64 12, i64 3, i64 3, i1 0" [../src/fp_math_hls.cpp:673->../src/vehicle_model_hls.cpp:548]   --->   Operation 95 'specfucore' 'specfucore_ln673' <Predicate = true> <Delay = 0.00>
ST_16 : Operation 96 [1/1] (0.00ns)   --->   "%product_q_116 = partselect i26 @_ssdm_op_PartSelect.i26.i43.i32.i32, i43 %product_327, i32 17, i32 42" [../src/fp_math_hls.cpp:674->../src/vehicle_model_hls.cpp:548]   --->   Operation 96 'partselect' 'product_q_116' <Predicate = true> <Delay = 0.00>
ST_16 : Operation 97 [1/1] (0.00ns)   --->   "%sext_ln671_125 = sext i26 %product_q_116" [../src/fp_math_hls.cpp:671->../src/vehicle_model_hls.cpp:548]   --->   Operation 97 'sext' 'sext_ln671_125' <Predicate = true> <Delay = 0.00>
ST_16 : Operation 98 [4/4] (1.78ns)   --->   "%mul_ln671_80 = mul i44 %sext_ln671_125, i44 17592185950747" [../src/fp_math_hls.cpp:671->../src/vehicle_model_hls.cpp:548]   --->   Operation 98 'mul' 'mul_ln671_80' <Predicate = true> <Delay = 1.78> <CoreInst = "Mul_DSP">   --->   Core 5 'Mul_DSP' <Latency = 3> <II = 1> <Delay = 1.78> <FuncUnit> <Opcode : 'mul'> <InPorts = 2> <OutPorts = 1>
ST_16 : Operation 99 [2/4] (1.78ns)   --->   "%product_328 = mul i43 %sext_ln671_127, i43 %sext_ln671_126" [../src/fp_math_hls.cpp:671->../src/vehicle_model_hls.cpp:551]   --->   Operation 99 'mul' 'product_328' <Predicate = true> <Delay = 1.78> <CoreInst = "Mul_DSP">   --->   Core 5 'Mul_DSP' <Latency = 3> <II = 1> <Delay = 1.78> <FuncUnit> <Opcode : 'mul'> <InPorts = 2> <OutPorts = 1>

State 17 <SV = 16> <Delay = 3.56>
ST_17 : Operation 100 [2/4] (1.78ns)   --->   "%mul_ln671_78 = mul i44 %sext_ln671_123, i44 17592185950747" [../src/fp_math_hls.cpp:671->../src/vehicle_model_hls.cpp:545]   --->   Operation 100 'mul' 'mul_ln671_78' <Predicate = true> <Delay = 1.78> <CoreInst = "Mul_DSP">   --->   Core 5 'Mul_DSP' <Latency = 3> <II = 1> <Delay = 1.78> <FuncUnit> <Opcode : 'mul'> <InPorts = 2> <OutPorts = 1>
ST_17 : Operation 101 [3/4] (1.78ns)   --->   "%mul_ln671_80 = mul i44 %sext_ln671_125, i44 17592185950747" [../src/fp_math_hls.cpp:671->../src/vehicle_model_hls.cpp:548]   --->   Operation 101 'mul' 'mul_ln671_80' <Predicate = true> <Delay = 1.78> <CoreInst = "Mul_DSP">   --->   Core 5 'Mul_DSP' <Latency = 3> <II = 1> <Delay = 1.78> <FuncUnit> <Opcode : 'mul'> <InPorts = 2> <OutPorts = 1>
ST_17 : Operation 102 [1/4] (1.78ns)   --->   "%product_328 = mul i43 %sext_ln671_127, i43 %sext_ln671_126" [../src/fp_math_hls.cpp:671->../src/vehicle_model_hls.cpp:551]   --->   Operation 102 'mul' 'product_328' <Predicate = true> <Delay = 1.78> <CoreInst = "Mul_DSP">   --->   Core 5 'Mul_DSP' <Latency = 3> <II = 1> <Delay = 1.78> <FuncUnit> <Opcode : 'mul'> <InPorts = 2> <OutPorts = 1>
ST_17 : Operation 103 [1/1] (0.00ns)   --->   "%specfucore_ln673 = specfucore void @_ssdm_op_SpecFUCore, i43 %product_328, i64 12, i64 3, i64 3, i1 0" [../src/fp_math_hls.cpp:673->../src/vehicle_model_hls.cpp:551]   --->   Operation 103 'specfucore' 'specfucore_ln673' <Predicate = true> <Delay = 0.00>
ST_17 : Operation 104 [1/1] (0.00ns)   --->   "%product_q_118 = partselect i26 @_ssdm_op_PartSelect.i26.i43.i32.i32, i43 %product_328, i32 17, i32 42" [../src/fp_math_hls.cpp:674->../src/vehicle_model_hls.cpp:551]   --->   Operation 104 'partselect' 'product_q_118' <Predicate = true> <Delay = 0.00>
ST_17 : Operation 105 [1/1] (0.00ns)   --->   "%sext_ln671_128 = sext i26 %product_q_118" [../src/fp_math_hls.cpp:671->../src/vehicle_model_hls.cpp:551]   --->   Operation 105 'sext' 'sext_ln671_128' <Predicate = true> <Delay = 0.00>
ST_17 : Operation 106 [4/4] (1.78ns)   --->   "%product_329 = mul i44 %sext_ln671_128, i44 93669" [../src/fp_math_hls.cpp:671->../src/vehicle_model_hls.cpp:551]   --->   Operation 106 'mul' 'product_329' <Predicate = true> <Delay = 1.78> <CoreInst = "Mul_DSP">   --->   Core 5 'Mul_DSP' <Latency = 3> <II = 1> <Delay = 1.78> <FuncUnit> <Opcode : 'mul'> <InPorts = 2> <OutPorts = 1>

State 18 <SV = 17> <Delay = 3.90>
ST_18 : Operation 107 [1/1] (0.00ns)   --->   "%tr_cos_delta_val_read = read i26 @_ssdm_op_Read.ap_auto.i26, i26 %tr_cos_delta_val" [../src/vehicle_model_hls.cpp:532]   --->   Operation 107 'read' 'tr_cos_delta_val_read' <Predicate = true> <Delay = 0.00>
ST_18 : Operation 108 [1/4] (1.78ns)   --->   "%mul_ln671_78 = mul i44 %sext_ln671_123, i44 17592185950747" [../src/fp_math_hls.cpp:671->../src/vehicle_model_hls.cpp:545]   --->   Operation 108 'mul' 'mul_ln671_78' <Predicate = true> <Delay = 1.78> <CoreInst = "Mul_DSP">   --->   Core 5 'Mul_DSP' <Latency = 3> <II = 1> <Delay = 1.78> <FuncUnit> <Opcode : 'mul'> <InPorts = 2> <OutPorts = 1>
ST_18 : Operation 109 [1/1] (0.00ns)   --->   "%specfucore_ln673 = specfucore void @_ssdm_op_SpecFUCore, i44 %mul_ln671_78, i64 12, i64 3, i64 3, i1 0" [../src/fp_math_hls.cpp:673->../src/vehicle_model_hls.cpp:545]   --->   Operation 109 'specfucore' 'specfucore_ln673' <Predicate = true> <Delay = 0.00>
ST_18 : Operation 110 [1/1] (0.00ns)   --->   "%product_q_115 = partselect i26 @_ssdm_op_PartSelect.i26.i44.i32.i32, i44 %mul_ln671_78, i32 17, i32 42" [../src/fp_math_hls.cpp:674->../src/vehicle_model_hls.cpp:545]   --->   Operation 110 'partselect' 'product_q_115' <Predicate = true> <Delay = 0.00>
ST_18 : Operation 111 [2/4] (1.78ns)   --->   "%mul_ln671_80 = mul i44 %sext_ln671_125, i44 17592185950747" [../src/fp_math_hls.cpp:671->../src/vehicle_model_hls.cpp:548]   --->   Operation 111 'mul' 'mul_ln671_80' <Predicate = true> <Delay = 1.78> <CoreInst = "Mul_DSP">   --->   Core 5 'Mul_DSP' <Latency = 3> <II = 1> <Delay = 1.78> <FuncUnit> <Opcode : 'mul'> <InPorts = 2> <OutPorts = 1>
ST_18 : Operation 112 [3/4] (1.78ns)   --->   "%product_329 = mul i44 %sext_ln671_128, i44 93669" [../src/fp_math_hls.cpp:671->../src/vehicle_model_hls.cpp:551]   --->   Operation 112 'mul' 'product_329' <Predicate = true> <Delay = 1.78> <CoreInst = "Mul_DSP">   --->   Core 5 'Mul_DSP' <Latency = 3> <II = 1> <Delay = 1.78> <FuncUnit> <Opcode : 'mul'> <InPorts = 2> <OutPorts = 1>
ST_18 : Operation 113 [1/1] (0.00ns)   --->   "%sext_ln671_129 = sext i26 %product_q_115" [../src/fp_math_hls.cpp:671->../src/vehicle_model_hls.cpp:552]   --->   Operation 113 'sext' 'sext_ln671_129' <Predicate = true> <Delay = 0.00>
ST_18 : Operation 114 [1/1] (0.00ns)   --->   "%sext_ln671_130 = sext i26 %tr_cos_delta_val_read" [../src/fp_math_hls.cpp:671->../src/vehicle_model_hls.cpp:552]   --->   Operation 114 'sext' 'sext_ln671_130' <Predicate = true> <Delay = 0.00>
ST_18 : Operation 115 [4/4] (2.12ns)   --->   "%product_330 = mul i43 %sext_ln671_130, i43 %sext_ln671_129" [../src/fp_math_hls.cpp:671->../src/vehicle_model_hls.cpp:552]   --->   Operation 115 'mul' 'product_330' <Predicate = true> <Delay = 2.12> <CoreInst = "Mul_DSP">   --->   Core 5 'Mul_DSP' <Latency = 3> <II = 1> <Delay = 1.78> <FuncUnit> <Opcode : 'mul'> <InPorts = 2> <OutPorts = 1>

State 19 <SV = 18> <Delay = 3.90>
ST_19 : Operation 116 [1/4] (1.78ns)   --->   "%mul_ln671_80 = mul i44 %sext_ln671_125, i44 17592185950747" [../src/fp_math_hls.cpp:671->../src/vehicle_model_hls.cpp:548]   --->   Operation 116 'mul' 'mul_ln671_80' <Predicate = true> <Delay = 1.78> <CoreInst = "Mul_DSP">   --->   Core 5 'Mul_DSP' <Latency = 3> <II = 1> <Delay = 1.78> <FuncUnit> <Opcode : 'mul'> <InPorts = 2> <OutPorts = 1>
ST_19 : Operation 117 [1/1] (0.00ns)   --->   "%specfucore_ln673 = specfucore void @_ssdm_op_SpecFUCore, i44 %mul_ln671_80, i64 12, i64 3, i64 3, i1 0" [../src/fp_math_hls.cpp:673->../src/vehicle_model_hls.cpp:548]   --->   Operation 117 'specfucore' 'specfucore_ln673' <Predicate = true> <Delay = 0.00>
ST_19 : Operation 118 [1/1] (0.00ns)   --->   "%product_q_117 = partselect i26 @_ssdm_op_PartSelect.i26.i44.i32.i32, i44 %mul_ln671_80, i32 17, i32 42" [../src/fp_math_hls.cpp:674->../src/vehicle_model_hls.cpp:548]   --->   Operation 118 'partselect' 'product_q_117' <Predicate = true> <Delay = 0.00>
ST_19 : Operation 119 [2/4] (1.78ns)   --->   "%product_329 = mul i44 %sext_ln671_128, i44 93669" [../src/fp_math_hls.cpp:671->../src/vehicle_model_hls.cpp:551]   --->   Operation 119 'mul' 'product_329' <Predicate = true> <Delay = 1.78> <CoreInst = "Mul_DSP">   --->   Core 5 'Mul_DSP' <Latency = 3> <II = 1> <Delay = 1.78> <FuncUnit> <Opcode : 'mul'> <InPorts = 2> <OutPorts = 1>
ST_19 : Operation 120 [3/4] (1.78ns)   --->   "%product_330 = mul i43 %sext_ln671_130, i43 %sext_ln671_129" [../src/fp_math_hls.cpp:671->../src/vehicle_model_hls.cpp:552]   --->   Operation 120 'mul' 'product_330' <Predicate = true> <Delay = 1.78> <CoreInst = "Mul_DSP">   --->   Core 5 'Mul_DSP' <Latency = 3> <II = 1> <Delay = 1.78> <FuncUnit> <Opcode : 'mul'> <InPorts = 2> <OutPorts = 1>
ST_19 : Operation 121 [1/1] (0.00ns)   --->   "%sext_ln671_131 = sext i26 %product_q_117" [../src/fp_math_hls.cpp:671->../src/vehicle_model_hls.cpp:553]   --->   Operation 121 'sext' 'sext_ln671_131' <Predicate = true> <Delay = 0.00>
ST_19 : Operation 122 [4/4] (2.12ns)   --->   "%product_331 = mul i43 %sext_ln671_131, i43 %sext_ln671_130" [../src/fp_math_hls.cpp:671->../src/vehicle_model_hls.cpp:553]   --->   Operation 122 'mul' 'product_331' <Predicate = true> <Delay = 2.12> <CoreInst = "Mul_DSP">   --->   Core 5 'Mul_DSP' <Latency = 3> <II = 1> <Delay = 1.78> <FuncUnit> <Opcode : 'mul'> <InPorts = 2> <OutPorts = 1>

State 20 <SV = 19> <Delay = 3.56>
ST_20 : Operation 123 [1/4] (1.78ns)   --->   "%product_329 = mul i44 %sext_ln671_128, i44 93669" [../src/fp_math_hls.cpp:671->../src/vehicle_model_hls.cpp:551]   --->   Operation 123 'mul' 'product_329' <Predicate = true> <Delay = 1.78> <CoreInst = "Mul_DSP">   --->   Core 5 'Mul_DSP' <Latency = 3> <II = 1> <Delay = 1.78> <FuncUnit> <Opcode : 'mul'> <InPorts = 2> <OutPorts = 1>
ST_20 : Operation 124 [1/1] (0.00ns)   --->   "%specfucore_ln673 = specfucore void @_ssdm_op_SpecFUCore, i44 %product_329, i64 12, i64 3, i64 3, i1 0" [../src/fp_math_hls.cpp:673->../src/vehicle_model_hls.cpp:551]   --->   Operation 124 'specfucore' 'specfucore_ln673' <Predicate = true> <Delay = 0.00>
ST_20 : Operation 125 [1/1] (0.00ns)   --->   "%product_q_119 = partselect i26 @_ssdm_op_PartSelect.i26.i44.i32.i32, i44 %product_329, i32 17, i32 42" [../src/fp_math_hls.cpp:674->../src/vehicle_model_hls.cpp:551]   --->   Operation 125 'partselect' 'product_q_119' <Predicate = true> <Delay = 0.00>
ST_20 : Operation 126 [2/4] (1.78ns)   --->   "%product_330 = mul i43 %sext_ln671_130, i43 %sext_ln671_129" [../src/fp_math_hls.cpp:671->../src/vehicle_model_hls.cpp:552]   --->   Operation 126 'mul' 'product_330' <Predicate = true> <Delay = 1.78> <CoreInst = "Mul_DSP">   --->   Core 5 'Mul_DSP' <Latency = 3> <II = 1> <Delay = 1.78> <FuncUnit> <Opcode : 'mul'> <InPorts = 2> <OutPorts = 1>
ST_20 : Operation 127 [3/4] (1.78ns)   --->   "%product_331 = mul i43 %sext_ln671_131, i43 %sext_ln671_130" [../src/fp_math_hls.cpp:671->../src/vehicle_model_hls.cpp:553]   --->   Operation 127 'mul' 'product_331' <Predicate = true> <Delay = 1.78> <CoreInst = "Mul_DSP">   --->   Core 5 'Mul_DSP' <Latency = 3> <II = 1> <Delay = 1.78> <FuncUnit> <Opcode : 'mul'> <InPorts = 2> <OutPorts = 1>
ST_20 : Operation 128 [1/1] (0.00ns)   --->   "%sext_ln671_134 = sext i26 %product_q_119" [../src/fp_math_hls.cpp:671->../src/vehicle_model_hls.cpp:561]   --->   Operation 128 'sext' 'sext_ln671_134' <Predicate = true> <Delay = 0.00>
ST_20 : Operation 129 [4/4] (1.78ns)   --->   "%mul_ln671_87 = mul i42 %sext_ln671_134, i42 4398046493128" [../src/fp_math_hls.cpp:671->../src/vehicle_model_hls.cpp:561]   --->   Operation 129 'mul' 'mul_ln671_87' <Predicate = true> <Delay = 1.78> <CoreInst = "Mul_DSP">   --->   Core 5 'Mul_DSP' <Latency = 3> <II = 1> <Delay = 1.78> <FuncUnit> <Opcode : 'mul'> <InPorts = 2> <OutPorts = 1>

State 21 <SV = 20> <Delay = 3.56>
ST_21 : Operation 130 [1/4] (1.78ns)   --->   "%product_330 = mul i43 %sext_ln671_130, i43 %sext_ln671_129" [../src/fp_math_hls.cpp:671->../src/vehicle_model_hls.cpp:552]   --->   Operation 130 'mul' 'product_330' <Predicate = true> <Delay = 1.78> <CoreInst = "Mul_DSP">   --->   Core 5 'Mul_DSP' <Latency = 3> <II = 1> <Delay = 1.78> <FuncUnit> <Opcode : 'mul'> <InPorts = 2> <OutPorts = 1>
ST_21 : Operation 131 [1/1] (0.00ns)   --->   "%specfucore_ln673 = specfucore void @_ssdm_op_SpecFUCore, i43 %product_330, i64 12, i64 3, i64 3, i1 0" [../src/fp_math_hls.cpp:673->../src/vehicle_model_hls.cpp:552]   --->   Operation 131 'specfucore' 'specfucore_ln673' <Predicate = true> <Delay = 0.00>
ST_21 : Operation 132 [1/1] (0.00ns)   --->   "%product_q_120 = partselect i26 @_ssdm_op_PartSelect.i26.i43.i32.i32, i43 %product_330, i32 17, i32 42" [../src/fp_math_hls.cpp:674->../src/vehicle_model_hls.cpp:552]   --->   Operation 132 'partselect' 'product_q_120' <Predicate = true> <Delay = 0.00>
ST_21 : Operation 133 [2/4] (1.78ns)   --->   "%product_331 = mul i43 %sext_ln671_131, i43 %sext_ln671_130" [../src/fp_math_hls.cpp:671->../src/vehicle_model_hls.cpp:553]   --->   Operation 133 'mul' 'product_331' <Predicate = true> <Delay = 1.78> <CoreInst = "Mul_DSP">   --->   Core 5 'Mul_DSP' <Latency = 3> <II = 1> <Delay = 1.78> <FuncUnit> <Opcode : 'mul'> <InPorts = 2> <OutPorts = 1>
ST_21 : Operation 134 [3/4] (1.78ns)   --->   "%mul_ln671_87 = mul i42 %sext_ln671_134, i42 4398046493128" [../src/fp_math_hls.cpp:671->../src/vehicle_model_hls.cpp:561]   --->   Operation 134 'mul' 'mul_ln671_87' <Predicate = true> <Delay = 1.78> <CoreInst = "Mul_DSP">   --->   Core 5 'Mul_DSP' <Latency = 3> <II = 1> <Delay = 1.78> <FuncUnit> <Opcode : 'mul'> <InPorts = 2> <OutPorts = 1>
ST_21 : Operation 135 [1/1] (0.00ns)   --->   "%sext_ln671_135 = sext i26 %product_q_120" [../src/fp_math_hls.cpp:671->../src/vehicle_model_hls.cpp:563]   --->   Operation 135 'sext' 'sext_ln671_135' <Predicate = (use_front_raw)> <Delay = 0.00>
ST_21 : Operation 136 [4/4] (1.78ns)   --->   "%mul_ln671_88 = mul i42 %sext_ln671_135, i42 18648" [../src/fp_math_hls.cpp:671->../src/vehicle_model_hls.cpp:563]   --->   Operation 136 'mul' 'mul_ln671_88' <Predicate = (use_front_raw)> <Delay = 1.78> <CoreInst = "Mul_DSP">   --->   Core 5 'Mul_DSP' <Latency = 3> <II = 1> <Delay = 1.78> <FuncUnit> <Opcode : 'mul'> <InPorts = 2> <OutPorts = 1>

State 22 <SV = 21> <Delay = 3.56>
ST_22 : Operation 137 [1/4] (1.78ns)   --->   "%product_331 = mul i43 %sext_ln671_131, i43 %sext_ln671_130" [../src/fp_math_hls.cpp:671->../src/vehicle_model_hls.cpp:553]   --->   Operation 137 'mul' 'product_331' <Predicate = true> <Delay = 1.78> <CoreInst = "Mul_DSP">   --->   Core 5 'Mul_DSP' <Latency = 3> <II = 1> <Delay = 1.78> <FuncUnit> <Opcode : 'mul'> <InPorts = 2> <OutPorts = 1>
ST_22 : Operation 138 [1/1] (0.00ns)   --->   "%specfucore_ln673 = specfucore void @_ssdm_op_SpecFUCore, i43 %product_331, i64 12, i64 3, i64 3, i1 0" [../src/fp_math_hls.cpp:673->../src/vehicle_model_hls.cpp:553]   --->   Operation 138 'specfucore' 'specfucore_ln673' <Predicate = true> <Delay = 0.00>
ST_22 : Operation 139 [1/1] (0.00ns)   --->   "%product_q_121 = partselect i26 @_ssdm_op_PartSelect.i26.i43.i32.i32, i43 %product_331, i32 17, i32 42" [../src/fp_math_hls.cpp:674->../src/vehicle_model_hls.cpp:553]   --->   Operation 139 'partselect' 'product_q_121' <Predicate = true> <Delay = 0.00>
ST_22 : Operation 140 [1/1] (2.39ns) (grouped into DSP with root node mul_ln671_85)   --->   "%value = add i26 %product_q_120, i26 %product_q_119" [../src/vehicle_model_hls.cpp:556]   --->   Operation 140 'add' 'value' <Predicate = (use_front_raw)> <Delay = 2.39> <CoreInst = "DSP48">   --->   Core 124 'DSP48' <Latency = 3> <II = 1> <Delay = 0.53> <IPBlock> <Opcode : 'add' 'sub' 'mul' 'select'> <InPorts = 0> <OutPorts = 1> <Sync> <CReg>
ST_22 : Operation 141 [1/1] (0.00ns) (grouped into DSP with root node mul_ln671_85)   --->   "%sext_ln671_132 = sext i26 %value" [../src/fp_math_hls.cpp:671->../src/vehicle_model_hls.cpp:556]   --->   Operation 141 'sext' 'sext_ln671_132' <Predicate = (use_front_raw)> <Delay = 0.00>
ST_22 : Operation 142 [4/4] (0.99ns) (root node of the DSP)   --->   "%mul_ln671_85 = mul i38 %sext_ln671_132, i38 1186" [../src/fp_math_hls.cpp:671->../src/vehicle_model_hls.cpp:556]   --->   Operation 142 'mul' 'mul_ln671_85' <Predicate = (use_front_raw)> <Delay = 0.99> <CoreInst = "DSP48">   --->   Core 124 'DSP48' <Latency = 3> <II = 1> <Delay = 0.53> <IPBlock> <Opcode : 'add' 'sub' 'mul' 'select'> <InPorts = 0> <OutPorts = 1> <Sync> <CReg>
ST_22 : Operation 143 [2/4] (1.78ns)   --->   "%mul_ln671_87 = mul i42 %sext_ln671_134, i42 4398046493128" [../src/fp_math_hls.cpp:671->../src/vehicle_model_hls.cpp:561]   --->   Operation 143 'mul' 'mul_ln671_87' <Predicate = true> <Delay = 1.78> <CoreInst = "Mul_DSP">   --->   Core 5 'Mul_DSP' <Latency = 3> <II = 1> <Delay = 1.78> <FuncUnit> <Opcode : 'mul'> <InPorts = 2> <OutPorts = 1>
ST_22 : Operation 144 [3/4] (1.78ns)   --->   "%mul_ln671_88 = mul i42 %sext_ln671_135, i42 18648" [../src/fp_math_hls.cpp:671->../src/vehicle_model_hls.cpp:563]   --->   Operation 144 'mul' 'mul_ln671_88' <Predicate = (use_front_raw)> <Delay = 1.78> <CoreInst = "Mul_DSP">   --->   Core 5 'Mul_DSP' <Latency = 3> <II = 1> <Delay = 1.78> <FuncUnit> <Opcode : 'mul'> <InPorts = 2> <OutPorts = 1>
ST_22 : Operation 145 [1/1] (0.00ns)   --->   "%sext_ln671_136 = sext i26 %product_q_121" [../src/fp_math_hls.cpp:671->../src/vehicle_model_hls.cpp:565]   --->   Operation 145 'sext' 'sext_ln671_136' <Predicate = (!use_front_raw)> <Delay = 0.00>
ST_22 : Operation 146 [4/4] (1.78ns)   --->   "%mul_ln671_89 = mul i42 %sext_ln671_136, i42 18648" [../src/fp_math_hls.cpp:671->../src/vehicle_model_hls.cpp:565]   --->   Operation 146 'mul' 'mul_ln671_89' <Predicate = (!use_front_raw)> <Delay = 1.78> <CoreInst = "Mul_DSP">   --->   Core 5 'Mul_DSP' <Latency = 3> <II = 1> <Delay = 1.78> <FuncUnit> <Opcode : 'mul'> <InPorts = 2> <OutPorts = 1>

State 23 <SV = 22> <Delay = 3.39>
ST_23 : Operation 147 [3/4] (0.99ns) (root node of the DSP)   --->   "%mul_ln671_85 = mul i38 %sext_ln671_132, i38 1186" [../src/fp_math_hls.cpp:671->../src/vehicle_model_hls.cpp:556]   --->   Operation 147 'mul' 'mul_ln671_85' <Predicate = (use_front_raw)> <Delay = 0.99> <CoreInst = "DSP48">   --->   Core 124 'DSP48' <Latency = 3> <II = 1> <Delay = 0.53> <IPBlock> <Opcode : 'add' 'sub' 'mul' 'select'> <InPorts = 0> <OutPorts = 1> <Sync> <CReg>
ST_23 : Operation 148 [1/1] (2.39ns) (grouped into DSP with root node mul_ln671_86)   --->   "%value_251 = add i26 %product_q_121, i26 %product_q_119" [../src/vehicle_model_hls.cpp:558]   --->   Operation 148 'add' 'value_251' <Predicate = (!use_front_raw)> <Delay = 2.39> <CoreInst = "DSP48">   --->   Core 124 'DSP48' <Latency = 3> <II = 1> <Delay = 0.53> <IPBlock> <Opcode : 'add' 'sub' 'mul' 'select'> <InPorts = 0> <OutPorts = 1> <Sync> <CReg>
ST_23 : Operation 149 [1/1] (0.00ns) (grouped into DSP with root node mul_ln671_86)   --->   "%sext_ln671_133 = sext i26 %value_251" [../src/fp_math_hls.cpp:671->../src/vehicle_model_hls.cpp:558]   --->   Operation 149 'sext' 'sext_ln671_133' <Predicate = (!use_front_raw)> <Delay = 0.00>
ST_23 : Operation 150 [4/4] (0.99ns) (root node of the DSP)   --->   "%mul_ln671_86 = mul i38 %sext_ln671_133, i38 1186" [../src/fp_math_hls.cpp:671->../src/vehicle_model_hls.cpp:558]   --->   Operation 150 'mul' 'mul_ln671_86' <Predicate = (!use_front_raw)> <Delay = 0.99> <CoreInst = "DSP48">   --->   Core 124 'DSP48' <Latency = 3> <II = 1> <Delay = 0.53> <IPBlock> <Opcode : 'add' 'sub' 'mul' 'select'> <InPorts = 0> <OutPorts = 1> <Sync> <CReg>
ST_23 : Operation 151 [1/4] (1.78ns)   --->   "%mul_ln671_87 = mul i42 %sext_ln671_134, i42 4398046493128" [../src/fp_math_hls.cpp:671->../src/vehicle_model_hls.cpp:561]   --->   Operation 151 'mul' 'mul_ln671_87' <Predicate = true> <Delay = 1.78> <CoreInst = "Mul_DSP">   --->   Core 5 'Mul_DSP' <Latency = 3> <II = 1> <Delay = 1.78> <FuncUnit> <Opcode : 'mul'> <InPorts = 2> <OutPorts = 1>
ST_23 : Operation 152 [1/1] (0.00ns)   --->   "%specfucore_ln673 = specfucore void @_ssdm_op_SpecFUCore, i42 %mul_ln671_87, i64 12, i64 3, i64 3, i1 0" [../src/fp_math_hls.cpp:673->../src/vehicle_model_hls.cpp:561]   --->   Operation 152 'specfucore' 'specfucore_ln673' <Predicate = true> <Delay = 0.00>
ST_23 : Operation 153 [2/4] (1.78ns)   --->   "%mul_ln671_88 = mul i42 %sext_ln671_135, i42 18648" [../src/fp_math_hls.cpp:671->../src/vehicle_model_hls.cpp:563]   --->   Operation 153 'mul' 'mul_ln671_88' <Predicate = (use_front_raw)> <Delay = 1.78> <CoreInst = "Mul_DSP">   --->   Core 5 'Mul_DSP' <Latency = 3> <II = 1> <Delay = 1.78> <FuncUnit> <Opcode : 'mul'> <InPorts = 2> <OutPorts = 1>
ST_23 : Operation 154 [3/4] (1.78ns)   --->   "%mul_ln671_89 = mul i42 %sext_ln671_136, i42 18648" [../src/fp_math_hls.cpp:671->../src/vehicle_model_hls.cpp:565]   --->   Operation 154 'mul' 'mul_ln671_89' <Predicate = (!use_front_raw)> <Delay = 1.78> <CoreInst = "Mul_DSP">   --->   Core 5 'Mul_DSP' <Latency = 3> <II = 1> <Delay = 1.78> <FuncUnit> <Opcode : 'mul'> <InPorts = 2> <OutPorts = 1>

State 24 <SV = 23> <Delay = 1.78>
ST_24 : Operation 155 [2/4] (0.99ns) (root node of the DSP)   --->   "%mul_ln671_85 = mul i38 %sext_ln671_132, i38 1186" [../src/fp_math_hls.cpp:671->../src/vehicle_model_hls.cpp:556]   --->   Operation 155 'mul' 'mul_ln671_85' <Predicate = (use_front_raw)> <Delay = 0.99> <CoreInst = "DSP48">   --->   Core 124 'DSP48' <Latency = 3> <II = 1> <Delay = 0.53> <IPBlock> <Opcode : 'add' 'sub' 'mul' 'select'> <InPorts = 0> <OutPorts = 1> <Sync> <CReg>
ST_24 : Operation 156 [3/4] (0.99ns) (root node of the DSP)   --->   "%mul_ln671_86 = mul i38 %sext_ln671_133, i38 1186" [../src/fp_math_hls.cpp:671->../src/vehicle_model_hls.cpp:558]   --->   Operation 156 'mul' 'mul_ln671_86' <Predicate = (!use_front_raw)> <Delay = 0.99> <CoreInst = "DSP48">   --->   Core 124 'DSP48' <Latency = 3> <II = 1> <Delay = 0.53> <IPBlock> <Opcode : 'add' 'sub' 'mul' 'select'> <InPorts = 0> <OutPorts = 1> <Sync> <CReg>
ST_24 : Operation 157 [1/4] (1.78ns)   --->   "%mul_ln671_88 = mul i42 %sext_ln671_135, i42 18648" [../src/fp_math_hls.cpp:671->../src/vehicle_model_hls.cpp:563]   --->   Operation 157 'mul' 'mul_ln671_88' <Predicate = (use_front_raw)> <Delay = 1.78> <CoreInst = "Mul_DSP">   --->   Core 5 'Mul_DSP' <Latency = 3> <II = 1> <Delay = 1.78> <FuncUnit> <Opcode : 'mul'> <InPorts = 2> <OutPorts = 1>
ST_24 : Operation 158 [1/1] (0.00ns)   --->   "%specfucore_ln673 = specfucore void @_ssdm_op_SpecFUCore, i42 %mul_ln671_88, i64 12, i64 3, i64 3, i1 0" [../src/fp_math_hls.cpp:673->../src/vehicle_model_hls.cpp:563]   --->   Operation 158 'specfucore' 'specfucore_ln673' <Predicate = true> <Delay = 0.00>
ST_24 : Operation 159 [2/4] (1.78ns)   --->   "%mul_ln671_89 = mul i42 %sext_ln671_136, i42 18648" [../src/fp_math_hls.cpp:671->../src/vehicle_model_hls.cpp:565]   --->   Operation 159 'mul' 'mul_ln671_89' <Predicate = (!use_front_raw)> <Delay = 1.78> <CoreInst = "Mul_DSP">   --->   Core 5 'Mul_DSP' <Latency = 3> <II = 1> <Delay = 1.78> <FuncUnit> <Opcode : 'mul'> <InPorts = 2> <OutPorts = 1>

State 25 <SV = 24> <Delay = 2.71>
ST_25 : Operation 160 [1/4] (0.00ns) (root node of the DSP)   --->   "%mul_ln671_85 = mul i38 %sext_ln671_132, i38 1186" [../src/fp_math_hls.cpp:671->../src/vehicle_model_hls.cpp:556]   --->   Operation 160 'mul' 'mul_ln671_85' <Predicate = (use_front_raw)> <Delay = 0.00> <CoreInst = "DSP48">   --->   Core 124 'DSP48' <Latency = 3> <II = 1> <Delay = 0.53> <IPBlock> <Opcode : 'add' 'sub' 'mul' 'select'> <InPorts = 0> <OutPorts = 1> <Sync> <CReg>
ST_25 : Operation 161 [1/1] (0.00ns)   --->   "%specfucore_ln673 = specfucore void @_ssdm_op_SpecFUCore, i38 %mul_ln671_85, i64 12, i64 3, i64 3, i1 0" [../src/fp_math_hls.cpp:673->../src/vehicle_model_hls.cpp:556]   --->   Operation 161 'specfucore' 'specfucore_ln673' <Predicate = true> <Delay = 0.00>
ST_25 : Operation 162 [2/4] (0.99ns) (root node of the DSP)   --->   "%mul_ln671_86 = mul i38 %sext_ln671_133, i38 1186" [../src/fp_math_hls.cpp:671->../src/vehicle_model_hls.cpp:558]   --->   Operation 162 'mul' 'mul_ln671_86' <Predicate = (!use_front_raw)> <Delay = 0.99> <CoreInst = "DSP48">   --->   Core 124 'DSP48' <Latency = 3> <II = 1> <Delay = 0.53> <IPBlock> <Opcode : 'add' 'sub' 'mul' 'select'> <InPorts = 0> <OutPorts = 1> <Sync> <CReg>
ST_25 : Operation 163 [1/1] (0.00ns)   --->   "%tmp = partselect i20 @_ssdm_op_PartSelect.i20.i38.i32.i32, i38 %mul_ln671_85, i32 17, i32 36" [../src/vehicle_model_hls.cpp:559]   --->   Operation 163 'partselect' 'tmp' <Predicate = (use_front_raw)> <Delay = 0.00>
ST_25 : Operation 164 [1/1] (0.00ns) (grouped into LUT with out node add_ln566)   --->   "%product_q_122 = partselect i24 @_ssdm_op_PartSelect.i24.i42.i32.i32, i42 %mul_ln671_87, i32 17, i32 40" [../src/fp_math_hls.cpp:674->../src/vehicle_model_hls.cpp:561]   --->   Operation 164 'partselect' 'product_q_122' <Predicate = true> <Delay = 0.00>
ST_25 : Operation 165 [1/1] (0.00ns) (grouped into LUT with out node add_ln566)   --->   "%sext_ln674 = sext i24 %product_q_122" [../src/fp_math_hls.cpp:674->../src/vehicle_model_hls.cpp:561]   --->   Operation 165 'sext' 'sext_ln674' <Predicate = true> <Delay = 0.00>
ST_25 : Operation 166 [1/4] (1.78ns)   --->   "%mul_ln671_89 = mul i42 %sext_ln671_136, i42 18648" [../src/fp_math_hls.cpp:671->../src/vehicle_model_hls.cpp:565]   --->   Operation 166 'mul' 'mul_ln671_89' <Predicate = (!use_front_raw)> <Delay = 1.78> <CoreInst = "Mul_DSP">   --->   Core 5 'Mul_DSP' <Latency = 3> <II = 1> <Delay = 1.78> <FuncUnit> <Opcode : 'mul'> <InPorts = 2> <OutPorts = 1>
ST_25 : Operation 167 [1/1] (0.00ns)   --->   "%specfucore_ln673 = specfucore void @_ssdm_op_SpecFUCore, i42 %mul_ln671_89, i64 12, i64 3, i64 3, i1 0" [../src/fp_math_hls.cpp:673->../src/vehicle_model_hls.cpp:565]   --->   Operation 167 'specfucore' 'specfucore_ln673' <Predicate = true> <Delay = 0.00>
ST_25 : Operation 168 [1/1] (0.00ns) (grouped into LUT with out node add_ln566)   --->   "%tmp_15 = partselect i24 @_ssdm_op_PartSelect.i24.i42.i32.i32, i42 %mul_ln671_88, i32 17, i32 40" [../src/vehicle_model_hls.cpp:566]   --->   Operation 168 'partselect' 'tmp_15' <Predicate = (use_front_raw)> <Delay = 0.00>
ST_25 : Operation 169 [1/1] (0.00ns) (grouped into LUT with out node add_ln566)   --->   "%tmp_16 = partselect i24 @_ssdm_op_PartSelect.i24.i42.i32.i32, i42 %mul_ln671_89, i32 17, i32 40" [../src/vehicle_model_hls.cpp:566]   --->   Operation 169 'partselect' 'tmp_16' <Predicate = (!use_front_raw)> <Delay = 0.00>
ST_25 : Operation 170 [1/1] (0.00ns) (grouped into LUT with out node add_ln566)   --->   "%select_ln566 = select i1 %use_front_raw, i24 %tmp_15, i24 %tmp_16" [../src/vehicle_model_hls.cpp:566]   --->   Operation 170 'select' 'select_ln566' <Predicate = true> <Delay = 0.00> <CoreInst = "Sel">   --->   Core 73 'Sel' <Latency = 0> <II = 1> <Delay = 0.32> <FuncUnit> <Opcode : 'select'> <InPorts = 3> <OutPorts = 1>
ST_25 : Operation 171 [1/1] (0.00ns) (grouped into LUT with out node add_ln566)   --->   "%sext_ln566 = sext i24 %select_ln566" [../src/vehicle_model_hls.cpp:566]   --->   Operation 171 'sext' 'sext_ln566' <Predicate = true> <Delay = 0.00>
ST_25 : Operation 172 [1/1] (0.93ns) (out node of the LUT)   --->   "%add_ln566 = add i25 %sext_ln566, i25 %sext_ln674" [../src/vehicle_model_hls.cpp:566]   --->   Operation 172 'add' 'add_ln566' <Predicate = true> <Delay = 0.93> <CoreInst = "Adder">   --->   Core 1 'Adder' <Latency = 0> <II = 1> <Delay = 0.94> <FuncUnit> <Opcode : 'add' 'sub'> <InPorts = 2> <OutPorts = 1>

State 26 <SV = 25> <Delay = 0.36>
ST_26 : Operation 173 [1/1] (0.00ns)   --->   "%rbegin29 = specregionbegin i32 @_ssdm_op_SpecRegionBegin, void @empty_69" [../src/fp_math_hls.cpp:671->../src/vehicle_model_hls.cpp:536]   --->   Operation 173 'specregionbegin' 'rbegin29' <Predicate = true> <Delay = 0.00>
ST_26 : Operation 174 [1/1] (0.00ns)   --->   "%rend30 = specregionend i32 @_ssdm_op_SpecRegionEnd, void @empty_69, i32 %rbegin29" [../src/fp_math_hls.cpp:671->../src/vehicle_model_hls.cpp:536]   --->   Operation 174 'specregionend' 'rend30' <Predicate = true> <Delay = 0.00>
ST_26 : Operation 175 [1/1] (0.00ns)   --->   "%rbegin27 = specregionbegin i32 @_ssdm_op_SpecRegionBegin, void @empty_68" [../src/fp_math_hls.cpp:671->../src/vehicle_model_hls.cpp:537]   --->   Operation 175 'specregionbegin' 'rbegin27' <Predicate = true> <Delay = 0.00>
ST_26 : Operation 176 [1/1] (0.00ns)   --->   "%rend28 = specregionend i32 @_ssdm_op_SpecRegionEnd, void @empty_68, i32 %rbegin27" [../src/fp_math_hls.cpp:671->../src/vehicle_model_hls.cpp:537]   --->   Operation 176 'specregionend' 'rend28' <Predicate = true> <Delay = 0.00>
ST_26 : Operation 177 [1/1] (0.00ns)   --->   "%rbegin25 = specregionbegin i32 @_ssdm_op_SpecRegionBegin, void @empty_67" [../src/fp_math_hls.cpp:671->../src/vehicle_model_hls.cpp:538]   --->   Operation 177 'specregionbegin' 'rbegin25' <Predicate = true> <Delay = 0.00>
ST_26 : Operation 178 [1/1] (0.00ns)   --->   "%rend26 = specregionend i32 @_ssdm_op_SpecRegionEnd, void @empty_67, i32 %rbegin25" [../src/fp_math_hls.cpp:671->../src/vehicle_model_hls.cpp:538]   --->   Operation 178 'specregionend' 'rend26' <Predicate = true> <Delay = 0.00>
ST_26 : Operation 179 [1/1] (0.00ns)   --->   "%rbegin23 = specregionbegin i32 @_ssdm_op_SpecRegionBegin, void @empty_66" [../src/fp_math_hls.cpp:671->../src/vehicle_model_hls.cpp:545]   --->   Operation 179 'specregionbegin' 'rbegin23' <Predicate = true> <Delay = 0.00>
ST_26 : Operation 180 [1/1] (0.00ns)   --->   "%rend24 = specregionend i32 @_ssdm_op_SpecRegionEnd, void @empty_66, i32 %rbegin23" [../src/fp_math_hls.cpp:671->../src/vehicle_model_hls.cpp:545]   --->   Operation 180 'specregionend' 'rend24' <Predicate = true> <Delay = 0.00>
ST_26 : Operation 181 [1/1] (0.00ns)   --->   "%rbegin21 = specregionbegin i32 @_ssdm_op_SpecRegionBegin, void @empty_65" [../src/fp_math_hls.cpp:671->../src/vehicle_model_hls.cpp:545]   --->   Operation 181 'specregionbegin' 'rbegin21' <Predicate = true> <Delay = 0.00>
ST_26 : Operation 182 [1/1] (0.00ns)   --->   "%rend22 = specregionend i32 @_ssdm_op_SpecRegionEnd, void @empty_65, i32 %rbegin21" [../src/fp_math_hls.cpp:671->../src/vehicle_model_hls.cpp:545]   --->   Operation 182 'specregionend' 'rend22' <Predicate = true> <Delay = 0.00>
ST_26 : Operation 183 [1/1] (0.00ns)   --->   "%rbegin19 = specregionbegin i32 @_ssdm_op_SpecRegionBegin, void @empty_237" [../src/fp_math_hls.cpp:671->../src/vehicle_model_hls.cpp:548]   --->   Operation 183 'specregionbegin' 'rbegin19' <Predicate = true> <Delay = 0.00>
ST_26 : Operation 184 [1/1] (0.00ns)   --->   "%rend20 = specregionend i32 @_ssdm_op_SpecRegionEnd, void @empty_237, i32 %rbegin19" [../src/fp_math_hls.cpp:671->../src/vehicle_model_hls.cpp:548]   --->   Operation 184 'specregionend' 'rend20' <Predicate = true> <Delay = 0.00>
ST_26 : Operation 185 [1/1] (0.00ns)   --->   "%rbegin17 = specregionbegin i32 @_ssdm_op_SpecRegionBegin, void @empty_118" [../src/fp_math_hls.cpp:671->../src/vehicle_model_hls.cpp:548]   --->   Operation 185 'specregionbegin' 'rbegin17' <Predicate = true> <Delay = 0.00>
ST_26 : Operation 186 [1/1] (0.00ns)   --->   "%rend18 = specregionend i32 @_ssdm_op_SpecRegionEnd, void @empty_118, i32 %rbegin17" [../src/fp_math_hls.cpp:671->../src/vehicle_model_hls.cpp:548]   --->   Operation 186 'specregionend' 'rend18' <Predicate = true> <Delay = 0.00>
ST_26 : Operation 187 [1/1] (0.00ns)   --->   "%rbegin15 = specregionbegin i32 @_ssdm_op_SpecRegionBegin, void @empty_101" [../src/fp_math_hls.cpp:671->../src/vehicle_model_hls.cpp:551]   --->   Operation 187 'specregionbegin' 'rbegin15' <Predicate = true> <Delay = 0.00>
ST_26 : Operation 188 [1/1] (0.00ns)   --->   "%rend16 = specregionend i32 @_ssdm_op_SpecRegionEnd, void @empty_101, i32 %rbegin15" [../src/fp_math_hls.cpp:671->../src/vehicle_model_hls.cpp:551]   --->   Operation 188 'specregionend' 'rend16' <Predicate = true> <Delay = 0.00>
ST_26 : Operation 189 [1/1] (0.00ns)   --->   "%rbegin13 = specregionbegin i32 @_ssdm_op_SpecRegionBegin, void @empty_53" [../src/fp_math_hls.cpp:671->../src/vehicle_model_hls.cpp:551]   --->   Operation 189 'specregionbegin' 'rbegin13' <Predicate = true> <Delay = 0.00>
ST_26 : Operation 190 [1/1] (0.00ns)   --->   "%rend14 = specregionend i32 @_ssdm_op_SpecRegionEnd, void @empty_53, i32 %rbegin13" [../src/fp_math_hls.cpp:671->../src/vehicle_model_hls.cpp:551]   --->   Operation 190 'specregionend' 'rend14' <Predicate = true> <Delay = 0.00>
ST_26 : Operation 191 [1/1] (0.00ns)   --->   "%rbegin11 = specregionbegin i32 @_ssdm_op_SpecRegionBegin, void @empty_52" [../src/fp_math_hls.cpp:671->../src/vehicle_model_hls.cpp:552]   --->   Operation 191 'specregionbegin' 'rbegin11' <Predicate = true> <Delay = 0.00>
ST_26 : Operation 192 [1/1] (0.00ns)   --->   "%rend12 = specregionend i32 @_ssdm_op_SpecRegionEnd, void @empty_52, i32 %rbegin11" [../src/fp_math_hls.cpp:671->../src/vehicle_model_hls.cpp:552]   --->   Operation 192 'specregionend' 'rend12' <Predicate = true> <Delay = 0.00>
ST_26 : Operation 193 [1/1] (0.00ns)   --->   "%rbegin9 = specregionbegin i32 @_ssdm_op_SpecRegionBegin, void @empty_51" [../src/fp_math_hls.cpp:671->../src/vehicle_model_hls.cpp:553]   --->   Operation 193 'specregionbegin' 'rbegin9' <Predicate = true> <Delay = 0.00>
ST_26 : Operation 194 [1/1] (0.00ns)   --->   "%rend10 = specregionend i32 @_ssdm_op_SpecRegionEnd, void @empty_51, i32 %rbegin9" [../src/fp_math_hls.cpp:671->../src/vehicle_model_hls.cpp:553]   --->   Operation 194 'specregionend' 'rend10' <Predicate = true> <Delay = 0.00>
ST_26 : Operation 195 [1/1] (0.00ns)   --->   "%rbegin7 = specregionbegin i32 @_ssdm_op_SpecRegionBegin, void @empty_50" [../src/fp_math_hls.cpp:671->../src/vehicle_model_hls.cpp:556]   --->   Operation 195 'specregionbegin' 'rbegin7' <Predicate = true> <Delay = 0.00>
ST_26 : Operation 196 [1/1] (0.00ns)   --->   "%rend8 = specregionend i32 @_ssdm_op_SpecRegionEnd, void @empty_50, i32 %rbegin7" [../src/fp_math_hls.cpp:671->../src/vehicle_model_hls.cpp:556]   --->   Operation 196 'specregionend' 'rend8' <Predicate = true> <Delay = 0.00>
ST_26 : Operation 197 [1/1] (0.00ns)   --->   "%rbegin5 = specregionbegin i32 @_ssdm_op_SpecRegionBegin, void @empty_49" [../src/fp_math_hls.cpp:671->../src/vehicle_model_hls.cpp:558]   --->   Operation 197 'specregionbegin' 'rbegin5' <Predicate = true> <Delay = 0.00>
ST_26 : Operation 198 [1/4] (0.00ns) (root node of the DSP)   --->   "%mul_ln671_86 = mul i38 %sext_ln671_133, i38 1186" [../src/fp_math_hls.cpp:671->../src/vehicle_model_hls.cpp:558]   --->   Operation 198 'mul' 'mul_ln671_86' <Predicate = (!use_front_raw)> <Delay = 0.00> <CoreInst = "DSP48">   --->   Core 124 'DSP48' <Latency = 3> <II = 1> <Delay = 0.53> <IPBlock> <Opcode : 'add' 'sub' 'mul' 'select'> <InPorts = 0> <OutPorts = 1> <Sync> <CReg>
ST_26 : Operation 199 [1/1] (0.00ns)   --->   "%specfucore_ln673 = specfucore void @_ssdm_op_SpecFUCore, i38 %mul_ln671_86, i64 12, i64 3, i64 3, i1 0" [../src/fp_math_hls.cpp:673->../src/vehicle_model_hls.cpp:558]   --->   Operation 199 'specfucore' 'specfucore_ln673' <Predicate = true> <Delay = 0.00>
ST_26 : Operation 200 [1/1] (0.00ns)   --->   "%rend6 = specregionend i32 @_ssdm_op_SpecRegionEnd, void @empty_49, i32 %rbegin5" [../src/fp_math_hls.cpp:671->../src/vehicle_model_hls.cpp:558]   --->   Operation 200 'specregionend' 'rend6' <Predicate = true> <Delay = 0.00>
ST_26 : Operation 201 [1/1] (0.00ns)   --->   "%tmp_s = partselect i20 @_ssdm_op_PartSelect.i20.i38.i32.i32, i38 %mul_ln671_86, i32 17, i32 36" [../src/vehicle_model_hls.cpp:559]   --->   Operation 201 'partselect' 'tmp_s' <Predicate = (!use_front_raw)> <Delay = 0.00>
ST_26 : Operation 202 [1/1] (0.36ns)   --->   "%select_ln559 = select i1 %use_front_raw, i20 %tmp, i20 %tmp_s" [../src/vehicle_model_hls.cpp:559]   --->   Operation 202 'select' 'select_ln559' <Predicate = true> <Delay = 0.36> <CoreInst = "Sel">   --->   Core 73 'Sel' <Latency = 0> <II = 1> <Delay = 0.36> <FuncUnit> <Opcode : 'select'> <InPorts = 3> <OutPorts = 1>
ST_26 : Operation 203 [1/1] (0.00ns)   --->   "%sext_ln559 = sext i20 %select_ln559" [../src/vehicle_model_hls.cpp:559]   --->   Operation 203 'sext' 'sext_ln559' <Predicate = true> <Delay = 0.00>
ST_26 : Operation 204 [1/1] (0.00ns)   --->   "%rbegin3 = specregionbegin i32 @_ssdm_op_SpecRegionBegin, void @empty_48" [../src/fp_math_hls.cpp:671->../src/vehicle_model_hls.cpp:561]   --->   Operation 204 'specregionbegin' 'rbegin3' <Predicate = true> <Delay = 0.00>
ST_26 : Operation 205 [1/1] (0.00ns)   --->   "%rend4 = specregionend i32 @_ssdm_op_SpecRegionEnd, void @empty_48, i32 %rbegin3" [../src/fp_math_hls.cpp:671->../src/vehicle_model_hls.cpp:561]   --->   Operation 205 'specregionend' 'rend4' <Predicate = true> <Delay = 0.00>
ST_26 : Operation 206 [1/1] (0.00ns)   --->   "%rbegin1 = specregionbegin i32 @_ssdm_op_SpecRegionBegin, void @empty_47" [../src/fp_math_hls.cpp:671->../src/vehicle_model_hls.cpp:563]   --->   Operation 206 'specregionbegin' 'rbegin1' <Predicate = true> <Delay = 0.00>
ST_26 : Operation 207 [1/1] (0.00ns)   --->   "%rend2 = specregionend i32 @_ssdm_op_SpecRegionEnd, void @empty_47, i32 %rbegin1" [../src/fp_math_hls.cpp:671->../src/vehicle_model_hls.cpp:563]   --->   Operation 207 'specregionend' 'rend2' <Predicate = true> <Delay = 0.00>
ST_26 : Operation 208 [1/1] (0.00ns)   --->   "%rbegin = specregionbegin i32 @_ssdm_op_SpecRegionBegin, void @empty_46" [../src/fp_math_hls.cpp:671->../src/vehicle_model_hls.cpp:565]   --->   Operation 208 'specregionbegin' 'rbegin' <Predicate = true> <Delay = 0.00>
ST_26 : Operation 209 [1/1] (0.00ns)   --->   "%rend = specregionend i32 @_ssdm_op_SpecRegionEnd, void @empty_46, i32 %rbegin" [../src/fp_math_hls.cpp:671->../src/vehicle_model_hls.cpp:565]   --->   Operation 209 'specregionend' 'rend' <Predicate = true> <Delay = 0.00>
ST_26 : Operation 210 [1/1] (0.00ns)   --->   "%sext_ln530 = sext i25 %add_ln566" [../src/vehicle_model_hls.cpp:530]   --->   Operation 210 'sext' 'sext_ln530' <Predicate = true> <Delay = 0.00>
ST_26 : Operation 211 [1/1] (0.00ns)   --->   "%mrv = insertvalue i52 <undef>, i26 %sext_ln559" [../src/vehicle_model_hls.cpp:567]   --->   Operation 211 'insertvalue' 'mrv' <Predicate = true> <Delay = 0.00>
ST_26 : Operation 212 [1/1] (0.00ns)   --->   "%mrv_1 = insertvalue i52 %mrv, i26 %sext_ln530" [../src/vehicle_model_hls.cpp:567]   --->   Operation 212 'insertvalue' 'mrv_1' <Predicate = true> <Delay = 0.00>
ST_26 : Operation 213 [1/1] (0.00ns)   --->   "%ret_ln567 = ret i52 %mrv_1" [../src/vehicle_model_hls.cpp:567]   --->   Operation 213 'ret' 'ret_ln567' <Predicate = true> <Delay = 0.00>


============================================================
+ Verbose Summary: Binding
============================================================
STG Binding: 
---------------- STG Properties BEGIN ----------------
- Is combinational: 0
- Is one-state seq: 0
- Is datapath-only: 0
- Is pipelined: 1
- Is top level: 0
Port [ Return ] is wired: 1; IO mode=ap_ctrl_hs:ce=0
Port [ tr_C_eff_f_raw_val]:  wired=1; compound=0; hidden=0; nouse=0; global=0; static=0; extern=0; dir=0; type=0; pingpong=0; private_global=0; IO mode=ap_none:ce=0
Port [ tr_C_eff_r_val]:  wired=1; compound=0; hidden=0; nouse=0; global=0; static=0; extern=0; dir=0; type=0; pingpong=0; private_global=0; IO mode=ap_none:ce=0
Port [ tr_C_min_f_val]:  wired=1; compound=0; hidden=0; nouse=0; global=0; static=0; extern=0; dir=0; type=0; pingpong=0; private_global=0; IO mode=ap_none:ce=0
Port [ tr_cos_delta_val]:  wired=1; compound=0; hidden=0; nouse=0; global=0; static=0; extern=0; dir=0; type=0; pingpong=0; private_global=0; IO mode=ap_none:ce=0
Port [ tr_alpha_f_op_val]:  wired=1; compound=0; hidden=0; nouse=0; global=0; static=0; extern=0; dir=0; type=0; pingpong=0; private_global=0; IO mode=ap_none:ce=0
Port [ tr_alpha_r_op_val]:  wired=1; compound=0; hidden=0; nouse=0; global=0; static=0; extern=0; dir=0; type=0; pingpong=0; private_global=0; IO mode=ap_none:ce=0
Port [ tr_Fz_transfer_val]:  wired=1; compound=0; hidden=0; nouse=0; global=0; static=0; extern=0; dir=0; type=0; pingpong=0; private_global=0; IO mode=ap_none:ce=0
Port [ recip_lut_fn]:  wired=0; compound=1; hidden=1; nouse=1; global=1; static=1; extern=0; dir=0; type=1; pingpong=0; private_global=0; MemPort=[11]; IO mode=ap_memory:ce=0
---------------- STG Properties END ------------------

---------------- Datapath Model BEGIN ----------------

<LifeTime>
<method=bitvector/>
tr_Fz_transfer_val_read (read           ) [ 001000000000000000000000000]
F_zf                    (sub            ) [ 001111111000000000000000000]
F_zr                    (add            ) [ 000111111100000000000000000]
inv_Fzf                 (call           ) [ 000000000100000000000000000]
tr_C_eff_f_raw_val_read (read           ) [ 000000000010000000000000000]
inv_Fzr                 (call           ) [ 000000000011000000000000000]
sext_ln671              (sext           ) [ 000000000011100000000000000]
sext_ln671_117          (sext           ) [ 000000000011110000000000000]
tr_C_min_f_val_read     (read           ) [ 000000000000000000000000000]
sext_ln671_118          (sext           ) [ 000000000001110000000000000]
use_front_raw           (icmp           ) [ 000000000001111111111111111]
tr_C_eff_r_val_read     (read           ) [ 000000000000000000000000000]
sext_ln671_119          (sext           ) [ 000000000000111000000000000]
sext_ln671_120          (sext           ) [ 000000000000111000000000000]
tr_alpha_f_op_val_read  (read           ) [ 000000000000000000000000000]
mul_ln671               (mul            ) [ 000000000000000000000000000]
specfucore_ln673        (specfucore     ) [ 000000000000000000000000000]
product_q               (partselect     ) [ 000000000000000000000000000]
sext_ln671_121          (sext           ) [ 000000000000011100000000000]
sext_ln671_122          (sext           ) [ 000000000000011110000000000]
mul_ln671_75            (mul            ) [ 000000000000000000000000000]
specfucore_ln673        (specfucore     ) [ 000000000000000000000000000]
product_q_112           (partselect     ) [ 000000000000000000000000000]
sext_ln671_124          (sext           ) [ 000000000000001110000000000]
tr_alpha_r_op_val_read  (read           ) [ 000000000000000000000000000]
mul_ln671_76            (mul            ) [ 000000000000000000000000000]
specfucore_ln673        (specfucore     ) [ 000000000000000000000000000]
product_q_113           (partselect     ) [ 000000000000000000000000000]
sext_ln671_126          (sext           ) [ 000000000000000111000000000]
sext_ln671_127          (sext           ) [ 000000000000000111000000000]
product                 (mul            ) [ 000000000000000000000000000]
specfucore_ln673        (specfucore     ) [ 000000000000000000000000000]
product_q_114           (partselect     ) [ 000000000000000000000000000]
sext_ln671_123          (sext           ) [ 000000000000000011100000000]
product_327             (mul            ) [ 000000000000000000000000000]
specfucore_ln673        (specfucore     ) [ 000000000000000000000000000]
product_q_116           (partselect     ) [ 000000000000000000000000000]
sext_ln671_125          (sext           ) [ 000000000000000001110000000]
product_328             (mul            ) [ 000000000000000000000000000]
specfucore_ln673        (specfucore     ) [ 000000000000000000000000000]
product_q_118           (partselect     ) [ 000000000000000000000000000]
sext_ln671_128          (sext           ) [ 000000000000000000111000000]
tr_cos_delta_val_read   (read           ) [ 000000000000000000000000000]
mul_ln671_78            (mul            ) [ 000000000000000000000000000]
specfucore_ln673        (specfucore     ) [ 000000000000000000000000000]
product_q_115           (partselect     ) [ 000000000000000000000000000]
sext_ln671_129          (sext           ) [ 000000000000000000011100000]
sext_ln671_130          (sext           ) [ 000000000000000000011110000]
mul_ln671_80            (mul            ) [ 000000000000000000000000000]
specfucore_ln673        (specfucore     ) [ 000000000000000000000000000]
product_q_117           (partselect     ) [ 000000000000000000000000000]
sext_ln671_131          (sext           ) [ 000000000000000000001110000]
product_329             (mul            ) [ 000000000000000000000000000]
specfucore_ln673        (specfucore     ) [ 000000000000000000000000000]
product_q_119           (partselect     ) [ 000000000000000000000111000]
sext_ln671_134          (sext           ) [ 000000000000000000000111000]
product_330             (mul            ) [ 000000000000000000000000000]
specfucore_ln673        (specfucore     ) [ 000000000000000000000000000]
product_q_120           (partselect     ) [ 000000000000000000000010000]
sext_ln671_135          (sext           ) [ 000000000000000000000011100]
product_331             (mul            ) [ 000000000000000000000000000]
specfucore_ln673        (specfucore     ) [ 000000000000000000000000000]
product_q_121           (partselect     ) [ 000000000000000000000001000]
value                   (add            ) [ 000000000000000000000000000]
sext_ln671_132          (sext           ) [ 000000000000000000000001110]
sext_ln671_136          (sext           ) [ 000000000000000000000001110]
value_251               (add            ) [ 000000000000000000000000000]
sext_ln671_133          (sext           ) [ 000000000000000000000000111]
mul_ln671_87            (mul            ) [ 000000000000000000000000110]
specfucore_ln673        (specfucore     ) [ 000000000000000000000000000]
mul_ln671_88            (mul            ) [ 000000000000000000000000010]
specfucore_ln673        (specfucore     ) [ 000000000000000000000000000]
mul_ln671_85            (mul            ) [ 000000000000000000000000000]
specfucore_ln673        (specfucore     ) [ 000000000000000000000000000]
tmp                     (partselect     ) [ 000000000000000000000000001]
product_q_122           (partselect     ) [ 000000000000000000000000000]
sext_ln674              (sext           ) [ 000000000000000000000000000]
mul_ln671_89            (mul            ) [ 000000000000000000000000000]
specfucore_ln673        (specfucore     ) [ 000000000000000000000000000]
tmp_15                  (partselect     ) [ 000000000000000000000000000]
tmp_16                  (partselect     ) [ 000000000000000000000000000]
select_ln566            (select         ) [ 000000000000000000000000000]
sext_ln566              (sext           ) [ 000000000000000000000000000]
add_ln566               (add            ) [ 000000000000000000000000001]
rbegin29                (specregionbegin) [ 000000000000000000000000000]
rend30                  (specregionend  ) [ 000000000000000000000000000]
rbegin27                (specregionbegin) [ 000000000000000000000000000]
rend28                  (specregionend  ) [ 000000000000000000000000000]
rbegin25                (specregionbegin) [ 000000000000000000000000000]
rend26                  (specregionend  ) [ 000000000000000000000000000]
rbegin23                (specregionbegin) [ 000000000000000000000000000]
rend24                  (specregionend  ) [ 000000000000000000000000000]
rbegin21                (specregionbegin) [ 000000000000000000000000000]
rend22                  (specregionend  ) [ 000000000000000000000000000]
rbegin19                (specregionbegin) [ 000000000000000000000000000]
rend20                  (specregionend  ) [ 000000000000000000000000000]
rbegin17                (specregionbegin) [ 000000000000000000000000000]
rend18                  (specregionend  ) [ 000000000000000000000000000]
rbegin15                (specregionbegin) [ 000000000000000000000000000]
rend16                  (specregionend  ) [ 000000000000000000000000000]
rbegin13                (specregionbegin) [ 000000000000000000000000000]
rend14                  (specregionend  ) [ 000000000000000000000000000]
rbegin11                (specregionbegin) [ 000000000000000000000000000]
rend12                  (specregionend  ) [ 000000000000000000000000000]
rbegin9                 (specregionbegin) [ 000000000000000000000000000]
rend10                  (specregionend  ) [ 000000000000000000000000000]
rbegin7                 (specregionbegin) [ 000000000000000000000000000]
rend8                   (specregionend  ) [ 000000000000000000000000000]
rbegin5                 (specregionbegin) [ 000000000000000000000000000]
mul_ln671_86            (mul            ) [ 000000000000000000000000000]
specfucore_ln673        (specfucore     ) [ 000000000000000000000000000]
rend6                   (specregionend  ) [ 000000000000000000000000000]
tmp_s                   (partselect     ) [ 000000000000000000000000000]
select_ln559            (select         ) [ 000000000000000000000000000]
sext_ln559              (sext           ) [ 000000000000000000000000000]
rbegin3                 (specregionbegin) [ 000000000000000000000000000]
rend4                   (specregionend  ) [ 000000000000000000000000000]
rbegin1                 (specregionbegin) [ 000000000000000000000000000]
rend2                   (specregionend  ) [ 000000000000000000000000000]
rbegin                  (specregionbegin) [ 000000000000000000000000000]
rend                    (specregionend  ) [ 000000000000000000000000000]
sext_ln530              (sext           ) [ 000000000000000000000000000]
mrv                     (insertvalue    ) [ 000000000000000000000000000]
mrv_1                   (insertvalue    ) [ 000000000000000000000000000]
ret_ln567               (ret            ) [ 000000000000000000000000000]
</LifeTime>

<model>

<comp_list>
<comp id="0" class="1000" name="tr_C_eff_f_raw_val">
<pin_list>
<pin id="1" dir="1" index="0" bw="1" slack="0"/>
</pin_list>
<bind>
<StgValue><ssdm name="tr_C_eff_f_raw_val"/></StgValue>
</bind>
</comp>

<comp id="2" class="1000" name="tr_C_eff_r_val">
<pin_list>
<pin id="3" dir="1" index="0" bw="1" slack="0"/>
</pin_list>
<bind>
<StgValue><ssdm name="tr_C_eff_r_val"/></StgValue>
</bind>
</comp>

<comp id="4" class="1000" name="tr_C_min_f_val">
<pin_list>
<pin id="5" dir="1" index="0" bw="1" slack="0"/>
</pin_list>
<bind>
<StgValue><ssdm name="tr_C_min_f_val"/></StgValue>
</bind>
</comp>

<comp id="6" class="1000" name="tr_cos_delta_val">
<pin_list>
<pin id="7" dir="1" index="0" bw="1" slack="0"/>
</pin_list>
<bind>
<StgValue><ssdm name="tr_cos_delta_val"/></StgValue>
</bind>
</comp>

<comp id="8" class="1000" name="tr_alpha_f_op_val">
<pin_list>
<pin id="9" dir="1" index="0" bw="1" slack="0"/>
</pin_list>
<bind>
<StgValue><ssdm name="tr_alpha_f_op_val"/></StgValue>
</bind>
</comp>

<comp id="10" class="1000" name="tr_alpha_r_op_val">
<pin_list>
<pin id="11" dir="1" index="0" bw="1" slack="0"/>
</pin_list>
<bind>
<StgValue><ssdm name="tr_alpha_r_op_val"/></StgValue>
</bind>
</comp>

<comp id="12" class="1000" name="tr_Fz_transfer_val">
<pin_list>
<pin id="13" dir="1" index="0" bw="1" slack="0"/>
</pin_list>
<bind>
<StgValue><ssdm name="tr_Fz_transfer_val"/></StgValue>
</bind>
</comp>

<comp id="14" class="1000" name="recip_lut_fn">
<pin_list>
<pin id="15" dir="1" index="0" bw="1" slack="0"/>
</pin_list>
<bind>
<StgValue><ssdm name="recip_lut_fn"/><MemPortTyVec>1 1 </MemPortTyVec>
</StgValue>
</bind>
</comp>

<comp id="16" class="1001" name="const_16">
<pin_list>
<pin id="17" dir="1" index="0" bw="1" slack="0"/>
</pin_list>
<bind>
<StgValue><ssdm name="_ssdm_op_Read.ap_auto.i26"/></StgValue>
</bind>
</comp>

<comp id="18" class="1001" name="const_18">
<pin_list>
<pin id="19" dir="1" index="0" bw="1" slack="0"/>
</pin_list>
<bind>
<StgValue><ssdm name=""/></StgValue>
</bind>
</comp>

<comp id="20" class="1001" name="const_20">
<pin_list>
<pin id="21" dir="1" index="0" bw="1" slack="0"/>
</pin_list>
<bind>
<StgValue><ssdm name="fp_recip_fn"/></StgValue>
</bind>
</comp>

<comp id="22" class="1001" name="const_22">
<pin_list>
<pin id="23" dir="1" index="0" bw="1" slack="0"/>
</pin_list>
<bind>
<StgValue><ssdm name=""/></StgValue>
</bind>
</comp>

<comp id="24" class="1001" name="const_24">
<pin_list>
<pin id="25" dir="1" index="0" bw="1" slack="2147483647"/>
</pin_list>
<bind>
<StgValue><ssdm name="_ssdm_op_SpecFUCore"/></StgValue>
</bind>
</comp>

<comp id="26" class="1001" name="const_26">
<pin_list>
<pin id="27" dir="1" index="0" bw="1" slack="2147483647"/>
</pin_list>
<bind>
<StgValue><ssdm name=""/></StgValue>
</bind>
</comp>

<comp id="28" class="1001" name="const_28">
<pin_list>
<pin id="29" dir="1" index="0" bw="1" slack="2147483647"/>
</pin_list>
<bind>
<StgValue><ssdm name=""/></StgValue>
</bind>
</comp>

<comp id="30" class="1001" name="const_30">
<pin_list>
<pin id="31" dir="1" index="0" bw="1" slack="2147483647"/>
</pin_list>
<bind>
<StgValue><ssdm name=""/></StgValue>
</bind>
</comp>

<comp id="32" class="1001" name="const_32">
<pin_list>
<pin id="33" dir="1" index="0" bw="1" slack="0"/>
</pin_list>
<bind>
<StgValue><ssdm name="_ssdm_op_PartSelect.i26.i49.i32.i32"/></StgValue>
</bind>
</comp>

<comp id="34" class="1001" name="const_34">
<pin_list>
<pin id="35" dir="1" index="0" bw="1" slack="0"/>
</pin_list>
<bind>
<StgValue><ssdm name=""/></StgValue>
</bind>
</comp>

<comp id="36" class="1001" name="const_36">
<pin_list>
<pin id="37" dir="1" index="0" bw="1" slack="0"/>
</pin_list>
<bind>
<StgValue><ssdm name=""/></StgValue>
</bind>
</comp>

<comp id="38" class="1001" name="const_38">
<pin_list>
<pin id="39" dir="1" index="0" bw="1" slack="0"/>
</pin_list>
<bind>
<StgValue><ssdm name="_ssdm_op_PartSelect.i26.i43.i32.i32"/></StgValue>
</bind>
</comp>

<comp id="40" class="1001" name="const_40">
<pin_list>
<pin id="41" dir="1" index="0" bw="1" slack="0"/>
</pin_list>
<bind>
<StgValue><ssdm name=""/></StgValue>
</bind>
</comp>

<comp id="42" class="1001" name="const_42">
<pin_list>
<pin id="43" dir="1" index="0" bw="1" slack="0"/>
</pin_list>
<bind>
<StgValue><ssdm name=""/></StgValue>
</bind>
</comp>

<comp id="44" class="1001" name="const_44">
<pin_list>
<pin id="45" dir="1" index="0" bw="1" slack="0"/>
</pin_list>
<bind>
<StgValue><ssdm name="_ssdm_op_PartSelect.i26.i44.i32.i32"/></StgValue>
</bind>
</comp>

<comp id="46" class="1001" name="const_46">
<pin_list>
<pin id="47" dir="1" index="0" bw="1" slack="0"/>
</pin_list>
<bind>
<StgValue><ssdm name=""/></StgValue>
</bind>
</comp>

<comp id="48" class="1001" name="const_48">
<pin_list>
<pin id="49" dir="1" index="0" bw="1" slack="0"/>
</pin_list>
<bind>
<StgValue><ssdm name=""/></StgValue>
</bind>
</comp>

<comp id="50" class="1001" name="const_50">
<pin_list>
<pin id="51" dir="1" index="0" bw="1" slack="0"/>
</pin_list>
<bind>
<StgValue><ssdm name=""/></StgValue>
</bind>
</comp>

<comp id="52" class="1001" name="const_52">
<pin_list>
<pin id="53" dir="1" index="0" bw="1" slack="0"/>
</pin_list>
<bind>
<StgValue><ssdm name="_ssdm_op_PartSelect.i20.i38.i32.i32"/></StgValue>
</bind>
</comp>

<comp id="54" class="1001" name="const_54">
<pin_list>
<pin id="55" dir="1" index="0" bw="1" slack="0"/>
</pin_list>
<bind>
<StgValue><ssdm name=""/></StgValue>
</bind>
</comp>

<comp id="56" class="1001" name="const_56">
<pin_list>
<pin id="57" dir="1" index="0" bw="1" slack="0"/>
</pin_list>
<bind>
<StgValue><ssdm name="_ssdm_op_PartSelect.i24.i42.i32.i32"/></StgValue>
</bind>
</comp>

<comp id="58" class="1001" name="const_58">
<pin_list>
<pin id="59" dir="1" index="0" bw="1" slack="0"/>
</pin_list>
<bind>
<StgValue><ssdm name=""/></StgValue>
</bind>
</comp>

<comp id="60" class="1001" name="const_60">
<pin_list>
<pin id="61" dir="1" index="0" bw="1" slack="2147483647"/>
</pin_list>
<bind>
<StgValue><ssdm name="_ssdm_op_SpecRegionBegin"/></StgValue>
</bind>
</comp>

<comp id="62" class="1001" name="const_62">
<pin_list>
<pin id="63" dir="1" index="0" bw="1" slack="2147483647"/>
</pin_list>
<bind>
<StgValue><ssdm name="empty_69"/></StgValue>
</bind>
</comp>

<comp id="64" class="1001" name="const_64">
<pin_list>
<pin id="65" dir="1" index="0" bw="1" slack="2147483647"/>
</pin_list>
<bind>
<StgValue><ssdm name="_ssdm_op_SpecRegionEnd"/></StgValue>
</bind>
</comp>

<comp id="66" class="1001" name="const_66">
<pin_list>
<pin id="67" dir="1" index="0" bw="1" slack="2147483647"/>
</pin_list>
<bind>
<StgValue><ssdm name="empty_68"/></StgValue>
</bind>
</comp>

<comp id="68" class="1001" name="const_68">
<pin_list>
<pin id="69" dir="1" index="0" bw="1" slack="2147483647"/>
</pin_list>
<bind>
<StgValue><ssdm name="empty_67"/></StgValue>
</bind>
</comp>

<comp id="70" class="1001" name="const_70">
<pin_list>
<pin id="71" dir="1" index="0" bw="1" slack="2147483647"/>
</pin_list>
<bind>
<StgValue><ssdm name="empty_66"/></StgValue>
</bind>
</comp>

<comp id="72" class="1001" name="const_72">
<pin_list>
<pin id="73" dir="1" index="0" bw="1" slack="2147483647"/>
</pin_list>
<bind>
<StgValue><ssdm name="empty_65"/></StgValue>
</bind>
</comp>

<comp id="74" class="1001" name="const_74">
<pin_list>
<pin id="75" dir="1" index="0" bw="1" slack="2147483647"/>
</pin_list>
<bind>
<StgValue><ssdm name="empty_237"/></StgValue>
</bind>
</comp>

<comp id="76" class="1001" name="const_76">
<pin_list>
<pin id="77" dir="1" index="0" bw="1" slack="2147483647"/>
</pin_list>
<bind>
<StgValue><ssdm name="empty_118"/></StgValue>
</bind>
</comp>

<comp id="78" class="1001" name="const_78">
<pin_list>
<pin id="79" dir="1" index="0" bw="1" slack="2147483647"/>
</pin_list>
<bind>
<StgValue><ssdm name="empty_101"/></StgValue>
</bind>
</comp>

<comp id="80" class="1001" name="const_80">
<pin_list>
<pin id="81" dir="1" index="0" bw="1" slack="2147483647"/>
</pin_list>
<bind>
<StgValue><ssdm name="empty_53"/></StgValue>
</bind>
</comp>

<comp id="82" class="1001" name="const_82">
<pin_list>
<pin id="83" dir="1" index="0" bw="1" slack="2147483647"/>
</pin_list>
<bind>
<StgValue><ssdm name="empty_52"/></StgValue>
</bind>
</comp>

<comp id="84" class="1001" name="const_84">
<pin_list>
<pin id="85" dir="1" index="0" bw="1" slack="2147483647"/>
</pin_list>
<bind>
<StgValue><ssdm name="empty_51"/></StgValue>
</bind>
</comp>

<comp id="86" class="1001" name="const_86">
<pin_list>
<pin id="87" dir="1" index="0" bw="1" slack="2147483647"/>
</pin_list>
<bind>
<StgValue><ssdm name="empty_50"/></StgValue>
</bind>
</comp>

<comp id="88" class="1001" name="const_88">
<pin_list>
<pin id="89" dir="1" index="0" bw="1" slack="2147483647"/>
</pin_list>
<bind>
<StgValue><ssdm name="empty_49"/></StgValue>
</bind>
</comp>

<comp id="90" class="1001" name="const_90">
<pin_list>
<pin id="91" dir="1" index="0" bw="1" slack="2147483647"/>
</pin_list>
<bind>
<StgValue><ssdm name="empty_48"/></StgValue>
</bind>
</comp>

<comp id="92" class="1001" name="const_92">
<pin_list>
<pin id="93" dir="1" index="0" bw="1" slack="2147483647"/>
</pin_list>
<bind>
<StgValue><ssdm name="empty_47"/></StgValue>
</bind>
</comp>

<comp id="94" class="1001" name="const_94">
<pin_list>
<pin id="95" dir="1" index="0" bw="1" slack="2147483647"/>
</pin_list>
<bind>
<StgValue><ssdm name="empty_46"/></StgValue>
</bind>
</comp>

<comp id="96" class="1001" name="const_96">
<pin_list>
<pin id="97" dir="1" index="0" bw="1" slack="0"/>
</pin_list>
<bind>
<StgValue><ssdm name=""/></StgValue>
</bind>
</comp>

<comp id="98" class="1004" name="tr_Fz_transfer_val_read_read_fu_98">
<pin_list>
<pin id="99" dir="0" index="0" bw="26" slack="0"/>
<pin id="100" dir="0" index="1" bw="26" slack="0"/>
<pin id="101" dir="1" index="2" bw="26" slack="0"/>
</pin_list>
<bind>
<opcode="read(1150) " fcode="read"/>
<opset="tr_Fz_transfer_val_read/1 "/>
</bind>
</comp>

<comp id="104" class="1004" name="tr_C_eff_f_raw_val_read_read_fu_104">
<pin_list>
<pin id="105" dir="0" index="0" bw="26" slack="0"/>
<pin id="106" dir="0" index="1" bw="26" slack="0"/>
<pin id="107" dir="1" index="2" bw="26" slack="0"/>
</pin_list>
<bind>
<opcode="read(1150) " fcode="read"/>
<opset="tr_C_eff_f_raw_val_read/9 "/>
</bind>
</comp>

<comp id="110" class="1004" name="tr_C_min_f_val_read_read_fu_110">
<pin_list>
<pin id="111" dir="0" index="0" bw="26" slack="0"/>
<pin id="112" dir="0" index="1" bw="26" slack="0"/>
<pin id="113" dir="1" index="2" bw="26" slack="0"/>
</pin_list>
<bind>
<opcode="read(1150) " fcode="read"/>
<opset="tr_C_min_f_val_read/10 "/>
</bind>
</comp>

<comp id="116" class="1004" name="tr_C_eff_r_val_read_read_fu_116">
<pin_list>
<pin id="117" dir="0" index="0" bw="26" slack="0"/>
<pin id="118" dir="0" index="1" bw="26" slack="0"/>
<pin id="119" dir="1" index="2" bw="26" slack="0"/>
</pin_list>
<bind>
<opcode="read(1150) " fcode="read"/>
<opset="tr_C_eff_r_val_read/11 "/>
</bind>
</comp>

<comp id="122" class="1004" name="tr_alpha_f_op_val_read_read_fu_122">
<pin_list>
<pin id="123" dir="0" index="0" bw="26" slack="0"/>
<pin id="124" dir="0" index="1" bw="26" slack="0"/>
<pin id="125" dir="1" index="2" bw="26" slack="0"/>
</pin_list>
<bind>
<opcode="read(1150) " fcode="read"/>
<opset="tr_alpha_f_op_val_read/12 "/>
</bind>
</comp>

<comp id="128" class="1004" name="tr_alpha_r_op_val_read_read_fu_128">
<pin_list>
<pin id="129" dir="0" index="0" bw="26" slack="0"/>
<pin id="130" dir="0" index="1" bw="26" slack="0"/>
<pin id="131" dir="1" index="2" bw="26" slack="0"/>
</pin_list>
<bind>
<opcode="read(1150) " fcode="read"/>
<opset="tr_alpha_r_op_val_read/14 "/>
</bind>
</comp>

<comp id="134" class="1004" name="tr_cos_delta_val_read_read_fu_134">
<pin_list>
<pin id="135" dir="0" index="0" bw="26" slack="0"/>
<pin id="136" dir="0" index="1" bw="26" slack="0"/>
<pin id="137" dir="1" index="2" bw="26" slack="0"/>
</pin_list>
<bind>
<opcode="read(1150) " fcode="read"/>
<opset="tr_cos_delta_val_read/18 "/>
</bind>
</comp>

<comp id="140" class="1004" name="grp_fp_recip_fn_fu_140">
<pin_list>
<pin id="141" dir="0" index="0" bw="23" slack="0"/>
<pin id="142" dir="0" index="1" bw="26" slack="0"/>
<pin id="143" dir="0" index="2" bw="19" slack="0"/>
<pin id="144" dir="1" index="3" bw="23" slack="1"/>
</pin_list>
<bind>
<opcode="call(48) " fcode="call"/>
<opset="inv_Fzf/1 inv_Fzr/2 "/>
</bind>
</comp>

<comp id="147" class="1004" name="grp_fu_147">
<pin_list>
<pin id="148" dir="0" index="0" bw="23" slack="0"/>
<pin id="149" dir="0" index="1" bw="26" slack="0"/>
<pin id="150" dir="1" index="2" bw="49" slack="0"/>
</pin_list>
<bind>
<opcode="mul(12) " fcode="mul"/>
<opset="mul_ln671/9 mul_ln671_76/11 "/>
</bind>
</comp>

<comp id="151" class="1004" name="grp_fu_151">
<pin_list>
<pin id="152" dir="0" index="0" bw="26" slack="0"/>
<pin id="153" dir="0" index="1" bw="23" slack="1"/>
<pin id="154" dir="1" index="2" bw="49" slack="0"/>
</pin_list>
<bind>
<opcode="mul(12) " fcode="mul"/>
<opset="mul_ln671_75/10 "/>
</bind>
</comp>

<comp id="155" class="1004" name="grp_fu_155">
<pin_list>
<pin id="156" dir="0" index="0" bw="26" slack="0"/>
<pin id="157" dir="0" index="1" bw="26" slack="0"/>
<pin id="158" dir="1" index="2" bw="43" slack="0"/>
</pin_list>
<bind>
<opcode="mul(12) " fcode="mul"/>
<opset="product/12 product_327/13 product_328/14 product_330/18 product_331/19 "/>
</bind>
</comp>

<comp id="159" class="1004" name="grp_fu_159">
<pin_list>
<pin id="160" dir="0" index="0" bw="26" slack="0"/>
<pin id="161" dir="0" index="1" bw="49" slack="0"/>
<pin id="162" dir="0" index="2" bw="6" slack="0"/>
<pin id="163" dir="0" index="3" bw="7" slack="0"/>
<pin id="164" dir="1" index="4" bw="26" slack="0"/>
</pin_list>
<bind>
<opcode="partselect(1002) " fcode="partselect"/>
<opset="product_q/12 product_q_113/14 "/>
</bind>
</comp>

<comp id="169" class="1004" name="grp_fu_169">
<pin_list>
<pin id="170" dir="0" index="0" bw="26" slack="0"/>
<pin id="171" dir="0" index="1" bw="43" slack="0"/>
<pin id="172" dir="0" index="2" bw="6" slack="0"/>
<pin id="173" dir="0" index="3" bw="7" slack="0"/>
<pin id="174" dir="1" index="4" bw="26" slack="0"/>
</pin_list>
<bind>
<opcode="partselect(1002) " fcode="partselect"/>
<opset="product_q_114/15 product_q_116/16 product_q_118/17 product_q_120/21 product_q_121/22 "/>
</bind>
</comp>

<comp id="179" class="1005" name="reg_179">
<pin_list>
<pin id="180" dir="0" index="0" bw="23" slack="1"/>
<pin id="181" dir="1" index="1" bw="23" slack="1"/>
</pin_list>
<bind>
<opset="inv_Fzf inv_Fzr "/>
</bind>
</comp>

<comp id="183" class="1005" name="reg_183">
<pin_list>
<pin id="184" dir="0" index="0" bw="26" slack="1"/>
<pin id="185" dir="1" index="1" bw="26" slack="1"/>
</pin_list>
<bind>
<opset="product_q_120 product_q_121 "/>
</bind>
</comp>

<comp id="187" class="1004" name="F_zf_fu_187">
<pin_list>
<pin id="188" dir="0" index="0" bw="22" slack="0"/>
<pin id="189" dir="0" index="1" bw="26" slack="0"/>
<pin id="190" dir="1" index="2" bw="26" slack="0"/>
</pin_list>
<bind>
<opcode="sub(10) " fcode="sub"/>
<opset="F_zf/1 "/>
</bind>
</comp>

<comp id="194" class="1004" name="F_zr_fu_194">
<pin_list>
<pin id="195" dir="0" index="0" bw="26" slack="1"/>
<pin id="196" dir="0" index="1" bw="23" slack="0"/>
<pin id="197" dir="1" index="2" bw="26" slack="0"/>
</pin_list>
<bind>
<opcode="add(8) " fcode="add"/>
<opset="F_zr/2 "/>
</bind>
</comp>

<comp id="200" class="1004" name="sext_ln671_fu_200">
<pin_list>
<pin id="201" dir="0" index="0" bw="26" slack="0"/>
<pin id="202" dir="1" index="1" bw="49" slack="0"/>
</pin_list>
<bind>
<opcode="sext(35) " fcode="sext"/>
<opset="sext_ln671/9 "/>
</bind>
</comp>

<comp id="205" class="1004" name="sext_ln671_117_fu_205">
<pin_list>
<pin id="206" dir="0" index="0" bw="23" slack="1"/>
<pin id="207" dir="1" index="1" bw="49" slack="0"/>
</pin_list>
<bind>
<opcode="sext(35) " fcode="sext"/>
<opset="sext_ln671_117/9 "/>
</bind>
</comp>

<comp id="210" class="1004" name="sext_ln671_118_fu_210">
<pin_list>
<pin id="211" dir="0" index="0" bw="26" slack="0"/>
<pin id="212" dir="1" index="1" bw="49" slack="0"/>
</pin_list>
<bind>
<opcode="sext(35) " fcode="sext"/>
<opset="sext_ln671_118/10 "/>
</bind>
</comp>

<comp id="215" class="1004" name="use_front_raw_fu_215">
<pin_list>
<pin id="216" dir="0" index="0" bw="26" slack="1"/>
<pin id="217" dir="0" index="1" bw="26" slack="0"/>
<pin id="218" dir="1" index="2" bw="1" slack="11"/>
</pin_list>
<bind>
<opcode="icmp(45) " fcode="icmp"/>
<opset="use_front_raw/10 "/>
</bind>
</comp>

<comp id="220" class="1004" name="sext_ln671_119_fu_220">
<pin_list>
<pin id="221" dir="0" index="0" bw="26" slack="0"/>
<pin id="222" dir="1" index="1" bw="49" slack="0"/>
</pin_list>
<bind>
<opcode="sext(35) " fcode="sext"/>
<opset="sext_ln671_119/11 "/>
</bind>
</comp>

<comp id="225" class="1004" name="sext_ln671_120_fu_225">
<pin_list>
<pin id="226" dir="0" index="0" bw="23" slack="2"/>
<pin id="227" dir="1" index="1" bw="49" slack="0"/>
</pin_list>
<bind>
<opcode="sext(35) " fcode="sext"/>
<opset="sext_ln671_120/11 "/>
</bind>
</comp>

<comp id="230" class="1004" name="sext_ln671_121_fu_230">
<pin_list>
<pin id="231" dir="0" index="0" bw="26" slack="0"/>
<pin id="232" dir="1" index="1" bw="43" slack="0"/>
</pin_list>
<bind>
<opcode="sext(35) " fcode="sext"/>
<opset="sext_ln671_121/12 "/>
</bind>
</comp>

<comp id="235" class="1004" name="sext_ln671_122_fu_235">
<pin_list>
<pin id="236" dir="0" index="0" bw="26" slack="0"/>
<pin id="237" dir="1" index="1" bw="43" slack="0"/>
</pin_list>
<bind>
<opcode="sext(35) " fcode="sext"/>
<opset="sext_ln671_122/12 "/>
</bind>
</comp>

<comp id="240" class="1004" name="product_q_112_fu_240">
<pin_list>
<pin id="241" dir="0" index="0" bw="26" slack="0"/>
<pin id="242" dir="0" index="1" bw="49" slack="0"/>
<pin id="243" dir="0" index="2" bw="6" slack="0"/>
<pin id="244" dir="0" index="3" bw="7" slack="0"/>
<pin id="245" dir="1" index="4" bw="26" slack="0"/>
</pin_list>
<bind>
<opcode="partselect(1002) " fcode="partselect"/>
<opset="product_q_112/13 "/>
</bind>
</comp>

<comp id="250" class="1004" name="sext_ln671_124_fu_250">
<pin_list>
<pin id="251" dir="0" index="0" bw="26" slack="0"/>
<pin id="252" dir="1" index="1" bw="43" slack="0"/>
</pin_list>
<bind>
<opcode="sext(35) " fcode="sext"/>
<opset="sext_ln671_124/13 "/>
</bind>
</comp>

<comp id="255" class="1004" name="sext_ln671_126_fu_255">
<pin_list>
<pin id="256" dir="0" index="0" bw="26" slack="0"/>
<pin id="257" dir="1" index="1" bw="43" slack="0"/>
</pin_list>
<bind>
<opcode="sext(35) " fcode="sext"/>
<opset="sext_ln671_126/14 "/>
</bind>
</comp>

<comp id="260" class="1004" name="sext_ln671_127_fu_260">
<pin_list>
<pin id="261" dir="0" index="0" bw="26" slack="0"/>
<pin id="262" dir="1" index="1" bw="43" slack="0"/>
</pin_list>
<bind>
<opcode="sext(35) " fcode="sext"/>
<opset="sext_ln671_127/14 "/>
</bind>
</comp>

<comp id="265" class="1004" name="sext_ln671_123_fu_265">
<pin_list>
<pin id="266" dir="0" index="0" bw="26" slack="0"/>
<pin id="267" dir="1" index="1" bw="44" slack="0"/>
</pin_list>
<bind>
<opcode="sext(35) " fcode="sext"/>
<opset="sext_ln671_123/15 "/>
</bind>
</comp>

<comp id="269" class="1004" name="grp_fu_269">
<pin_list>
<pin id="270" dir="0" index="0" bw="26" slack="0"/>
<pin id="271" dir="0" index="1" bw="18" slack="0"/>
<pin id="272" dir="1" index="2" bw="44" slack="0"/>
</pin_list>
<bind>
<opcode="mul(12) " fcode="mul"/>
<opset="mul_ln671_78/15 "/>
</bind>
</comp>

<comp id="275" class="1004" name="sext_ln671_125_fu_275">
<pin_list>
<pin id="276" dir="0" index="0" bw="26" slack="0"/>
<pin id="277" dir="1" index="1" bw="44" slack="0"/>
</pin_list>
<bind>
<opcode="sext(35) " fcode="sext"/>
<opset="sext_ln671_125/16 "/>
</bind>
</comp>

<comp id="279" class="1004" name="grp_fu_279">
<pin_list>
<pin id="280" dir="0" index="0" bw="26" slack="0"/>
<pin id="281" dir="0" index="1" bw="18" slack="0"/>
<pin id="282" dir="1" index="2" bw="44" slack="0"/>
</pin_list>
<bind>
<opcode="mul(12) " fcode="mul"/>
<opset="mul_ln671_80/16 "/>
</bind>
</comp>

<comp id="285" class="1004" name="sext_ln671_128_fu_285">
<pin_list>
<pin id="286" dir="0" index="0" bw="26" slack="0"/>
<pin id="287" dir="1" index="1" bw="44" slack="0"/>
</pin_list>
<bind>
<opcode="sext(35) " fcode="sext"/>
<opset="sext_ln671_128/17 "/>
</bind>
</comp>

<comp id="289" class="1004" name="grp_fu_289">
<pin_list>
<pin id="290" dir="0" index="0" bw="26" slack="0"/>
<pin id="291" dir="0" index="1" bw="18" slack="0"/>
<pin id="292" dir="1" index="2" bw="44" slack="0"/>
</pin_list>
<bind>
<opcode="mul(12) " fcode="mul"/>
<opset="product_329/17 "/>
</bind>
</comp>

<comp id="295" class="1004" name="product_q_115_fu_295">
<pin_list>
<pin id="296" dir="0" index="0" bw="26" slack="0"/>
<pin id="297" dir="0" index="1" bw="44" slack="0"/>
<pin id="298" dir="0" index="2" bw="6" slack="0"/>
<pin id="299" dir="0" index="3" bw="7" slack="0"/>
<pin id="300" dir="1" index="4" bw="26" slack="0"/>
</pin_list>
<bind>
<opcode="partselect(1002) " fcode="partselect"/>
<opset="product_q_115/18 "/>
</bind>
</comp>

<comp id="305" class="1004" name="sext_ln671_129_fu_305">
<pin_list>
<pin id="306" dir="0" index="0" bw="26" slack="0"/>
<pin id="307" dir="1" index="1" bw="43" slack="0"/>
</pin_list>
<bind>
<opcode="sext(35) " fcode="sext"/>
<opset="sext_ln671_129/18 "/>
</bind>
</comp>

<comp id="310" class="1004" name="sext_ln671_130_fu_310">
<pin_list>
<pin id="311" dir="0" index="0" bw="26" slack="0"/>
<pin id="312" dir="1" index="1" bw="43" slack="0"/>
</pin_list>
<bind>
<opcode="sext(35) " fcode="sext"/>
<opset="sext_ln671_130/18 "/>
</bind>
</comp>

<comp id="315" class="1004" name="product_q_117_fu_315">
<pin_list>
<pin id="316" dir="0" index="0" bw="26" slack="0"/>
<pin id="317" dir="0" index="1" bw="44" slack="0"/>
<pin id="318" dir="0" index="2" bw="6" slack="0"/>
<pin id="319" dir="0" index="3" bw="7" slack="0"/>
<pin id="320" dir="1" index="4" bw="26" slack="0"/>
</pin_list>
<bind>
<opcode="partselect(1002) " fcode="partselect"/>
<opset="product_q_117/19 "/>
</bind>
</comp>

<comp id="325" class="1004" name="sext_ln671_131_fu_325">
<pin_list>
<pin id="326" dir="0" index="0" bw="26" slack="0"/>
<pin id="327" dir="1" index="1" bw="43" slack="0"/>
</pin_list>
<bind>
<opcode="sext(35) " fcode="sext"/>
<opset="sext_ln671_131/19 "/>
</bind>
</comp>

<comp id="330" class="1004" name="product_q_119_fu_330">
<pin_list>
<pin id="331" dir="0" index="0" bw="26" slack="0"/>
<pin id="332" dir="0" index="1" bw="44" slack="0"/>
<pin id="333" dir="0" index="2" bw="6" slack="0"/>
<pin id="334" dir="0" index="3" bw="7" slack="0"/>
<pin id="335" dir="1" index="4" bw="26" slack="0"/>
</pin_list>
<bind>
<opcode="partselect(1002) " fcode="partselect"/>
<opset="product_q_119/20 "/>
</bind>
</comp>

<comp id="340" class="1004" name="sext_ln671_134_fu_340">
<pin_list>
<pin id="341" dir="0" index="0" bw="26" slack="0"/>
<pin id="342" dir="1" index="1" bw="42" slack="0"/>
</pin_list>
<bind>
<opcode="sext(35) " fcode="sext"/>
<opset="sext_ln671_134/20 "/>
</bind>
</comp>

<comp id="344" class="1004" name="grp_fu_344">
<pin_list>
<pin id="345" dir="0" index="0" bw="26" slack="0"/>
<pin id="346" dir="0" index="1" bw="16" slack="0"/>
<pin id="347" dir="1" index="2" bw="42" slack="2"/>
</pin_list>
<bind>
<opcode="mul(12) " fcode="mul"/>
<opset="mul_ln671_87/20 "/>
</bind>
</comp>

<comp id="350" class="1004" name="sext_ln671_135_fu_350">
<pin_list>
<pin id="351" dir="0" index="0" bw="26" slack="0"/>
<pin id="352" dir="1" index="1" bw="42" slack="0"/>
</pin_list>
<bind>
<opcode="sext(35) " fcode="sext"/>
<opset="sext_ln671_135/21 "/>
</bind>
</comp>

<comp id="354" class="1004" name="grp_fu_354">
<pin_list>
<pin id="355" dir="0" index="0" bw="26" slack="0"/>
<pin id="356" dir="0" index="1" bw="16" slack="0"/>
<pin id="357" dir="1" index="2" bw="42" slack="1"/>
</pin_list>
<bind>
<opcode="mul(12) " fcode="mul"/>
<opset="mul_ln671_88/21 "/>
</bind>
</comp>

<comp id="360" class="1004" name="sext_ln671_136_fu_360">
<pin_list>
<pin id="361" dir="0" index="0" bw="26" slack="0"/>
<pin id="362" dir="1" index="1" bw="42" slack="0"/>
</pin_list>
<bind>
<opcode="sext(35) " fcode="sext"/>
<opset="sext_ln671_136/22 "/>
</bind>
</comp>

<comp id="364" class="1004" name="grp_fu_364">
<pin_list>
<pin id="365" dir="0" index="0" bw="26" slack="0"/>
<pin id="366" dir="0" index="1" bw="16" slack="0"/>
<pin id="367" dir="1" index="2" bw="42" slack="0"/>
</pin_list>
<bind>
<opcode="mul(12) " fcode="mul"/>
<opset="mul_ln671_89/22 "/>
</bind>
</comp>

<comp id="370" class="1004" name="tmp_fu_370">
<pin_list>
<pin id="371" dir="0" index="0" bw="20" slack="0"/>
<pin id="372" dir="0" index="1" bw="38" slack="0"/>
<pin id="373" dir="0" index="2" bw="6" slack="0"/>
<pin id="374" dir="0" index="3" bw="7" slack="0"/>
<pin id="375" dir="1" index="4" bw="20" slack="1"/>
</pin_list>
<bind>
<opcode="partselect(1002) " fcode="partselect"/>
<opset="tmp/25 "/>
</bind>
</comp>

<comp id="379" class="1004" name="product_q_122_fu_379">
<pin_list>
<pin id="380" dir="0" index="0" bw="24" slack="0"/>
<pin id="381" dir="0" index="1" bw="42" slack="2"/>
<pin id="382" dir="0" index="2" bw="6" slack="0"/>
<pin id="383" dir="0" index="3" bw="7" slack="0"/>
<pin id="384" dir="1" index="4" bw="24" slack="0"/>
</pin_list>
<bind>
<opcode="partselect(1002) " fcode="partselect"/>
<opset="product_q_122/25 "/>
</bind>
</comp>

<comp id="388" class="1004" name="sext_ln674_fu_388">
<pin_list>
<pin id="389" dir="0" index="0" bw="24" slack="0"/>
<pin id="390" dir="1" index="1" bw="25" slack="0"/>
</pin_list>
<bind>
<opcode="sext(35) " fcode="sext"/>
<opset="sext_ln674/25 "/>
</bind>
</comp>

<comp id="392" class="1004" name="tmp_15_fu_392">
<pin_list>
<pin id="393" dir="0" index="0" bw="24" slack="0"/>
<pin id="394" dir="0" index="1" bw="42" slack="1"/>
<pin id="395" dir="0" index="2" bw="6" slack="0"/>
<pin id="396" dir="0" index="3" bw="7" slack="0"/>
<pin id="397" dir="1" index="4" bw="24" slack="0"/>
</pin_list>
<bind>
<opcode="partselect(1002) " fcode="partselect"/>
<opset="tmp_15/25 "/>
</bind>
</comp>

<comp id="401" class="1004" name="tmp_16_fu_401">
<pin_list>
<pin id="402" dir="0" index="0" bw="24" slack="0"/>
<pin id="403" dir="0" index="1" bw="42" slack="0"/>
<pin id="404" dir="0" index="2" bw="6" slack="0"/>
<pin id="405" dir="0" index="3" bw="7" slack="0"/>
<pin id="406" dir="1" index="4" bw="24" slack="0"/>
</pin_list>
<bind>
<opcode="partselect(1002) " fcode="partselect"/>
<opset="tmp_16/25 "/>
</bind>
</comp>

<comp id="411" class="1004" name="select_ln566_fu_411">
<pin_list>
<pin id="412" dir="0" index="0" bw="1" slack="15"/>
<pin id="413" dir="0" index="1" bw="24" slack="0"/>
<pin id="414" dir="0" index="2" bw="24" slack="0"/>
<pin id="415" dir="1" index="3" bw="24" slack="0"/>
</pin_list>
<bind>
<opcode="select(49) " fcode="select"/>
<opset="select_ln566/25 "/>
</bind>
</comp>

<comp id="418" class="1004" name="sext_ln566_fu_418">
<pin_list>
<pin id="419" dir="0" index="0" bw="24" slack="0"/>
<pin id="420" dir="1" index="1" bw="25" slack="0"/>
</pin_list>
<bind>
<opcode="sext(35) " fcode="sext"/>
<opset="sext_ln566/25 "/>
</bind>
</comp>

<comp id="422" class="1004" name="add_ln566_fu_422">
<pin_list>
<pin id="423" dir="0" index="0" bw="24" slack="0"/>
<pin id="424" dir="0" index="1" bw="24" slack="0"/>
<pin id="425" dir="1" index="2" bw="25" slack="1"/>
</pin_list>
<bind>
<opcode="add(8) " fcode="add"/>
<opset="add_ln566/25 "/>
</bind>
</comp>

<comp id="428" class="1004" name="tmp_s_fu_428">
<pin_list>
<pin id="429" dir="0" index="0" bw="20" slack="0"/>
<pin id="430" dir="0" index="1" bw="38" slack="0"/>
<pin id="431" dir="0" index="2" bw="6" slack="0"/>
<pin id="432" dir="0" index="3" bw="7" slack="0"/>
<pin id="433" dir="1" index="4" bw="20" slack="0"/>
</pin_list>
<bind>
<opcode="partselect(1002) " fcode="partselect"/>
<opset="tmp_s/26 "/>
</bind>
</comp>

<comp id="437" class="1004" name="select_ln559_fu_437">
<pin_list>
<pin id="438" dir="0" index="0" bw="1" slack="16"/>
<pin id="439" dir="0" index="1" bw="20" slack="1"/>
<pin id="440" dir="0" index="2" bw="20" slack="0"/>
<pin id="441" dir="1" index="3" bw="20" slack="0"/>
</pin_list>
<bind>
<opcode="select(49) " fcode="select"/>
<opset="select_ln559/26 "/>
</bind>
</comp>

<comp id="443" class="1004" name="sext_ln559_fu_443">
<pin_list>
<pin id="444" dir="0" index="0" bw="20" slack="0"/>
<pin id="445" dir="1" index="1" bw="26" slack="0"/>
</pin_list>
<bind>
<opcode="sext(35) " fcode="sext"/>
<opset="sext_ln559/26 "/>
</bind>
</comp>

<comp id="447" class="1004" name="sext_ln530_fu_447">
<pin_list>
<pin id="448" dir="0" index="0" bw="25" slack="1"/>
<pin id="449" dir="1" index="1" bw="26" slack="0"/>
</pin_list>
<bind>
<opcode="sext(35) " fcode="sext"/>
<opset="sext_ln530/26 "/>
</bind>
</comp>

<comp id="450" class="1004" name="mrv_fu_450">
<pin_list>
<pin id="451" dir="0" index="0" bw="52" slack="0"/>
<pin id="452" dir="0" index="1" bw="20" slack="0"/>
<pin id="453" dir="1" index="2" bw="52" slack="0"/>
</pin_list>
<bind>
<opcode="insertvalue(57) " fcode="insertvalue"/>
<opset="mrv/26 "/>
</bind>
</comp>

<comp id="456" class="1004" name="mrv_1_fu_456">
<pin_list>
<pin id="457" dir="0" index="0" bw="52" slack="0"/>
<pin id="458" dir="0" index="1" bw="25" slack="0"/>
<pin id="459" dir="1" index="2" bw="52" slack="2147483647"/>
</pin_list>
<bind>
<opcode="insertvalue(57) " fcode="insertvalue"/>
<opset="mrv_1/26 "/>
</bind>
</comp>

<comp id="462" class="1007" name="grp_fu_462">
<pin_list>
<pin id="463" dir="0" index="0" bw="26" slack="1"/>
<pin id="464" dir="0" index="1" bw="26" slack="2"/>
<pin id="465" dir="0" index="2" bw="11" slack="0"/>
<pin id="466" dir="1" index="3" bw="38" slack="0"/>
</pin_list>
<bind>
<opcode="addmul(1170) " fcode="addmul"/>
<opset="value/22 sext_ln671_132/22 mul_ln671_85/22 "/>
</bind>
</comp>

<comp id="470" class="1007" name="grp_fu_470">
<pin_list>
<pin id="471" dir="0" index="0" bw="26" slack="1"/>
<pin id="472" dir="0" index="1" bw="26" slack="3"/>
<pin id="473" dir="0" index="2" bw="11" slack="0"/>
<pin id="474" dir="1" index="3" bw="38" slack="0"/>
</pin_list>
<bind>
<opcode="addmul(1170) " fcode="addmul"/>
<opset="value_251/23 sext_ln671_133/23 mul_ln671_86/23 "/>
</bind>
</comp>

<comp id="478" class="1005" name="tr_Fz_transfer_val_read_reg_478">
<pin_list>
<pin id="479" dir="0" index="0" bw="26" slack="1"/>
<pin id="480" dir="1" index="1" bw="26" slack="1"/>
</pin_list>
<bind>
<opset="tr_Fz_transfer_val_read "/>
</bind>
</comp>

<comp id="483" class="1005" name="F_zf_reg_483">
<pin_list>
<pin id="484" dir="0" index="0" bw="26" slack="1"/>
<pin id="485" dir="1" index="1" bw="26" slack="1"/>
</pin_list>
<bind>
<opset="F_zf "/>
</bind>
</comp>

<comp id="488" class="1005" name="F_zr_reg_488">
<pin_list>
<pin id="489" dir="0" index="0" bw="26" slack="1"/>
<pin id="490" dir="1" index="1" bw="26" slack="1"/>
</pin_list>
<bind>
<opset="F_zr "/>
</bind>
</comp>

<comp id="493" class="1005" name="tr_C_eff_f_raw_val_read_reg_493">
<pin_list>
<pin id="494" dir="0" index="0" bw="26" slack="1"/>
<pin id="495" dir="1" index="1" bw="26" slack="1"/>
</pin_list>
<bind>
<opset="tr_C_eff_f_raw_val_read "/>
</bind>
</comp>

<comp id="498" class="1005" name="sext_ln671_reg_498">
<pin_list>
<pin id="499" dir="0" index="0" bw="49" slack="1"/>
<pin id="500" dir="1" index="1" bw="49" slack="1"/>
</pin_list>
<bind>
<opset="sext_ln671 "/>
</bind>
</comp>

<comp id="503" class="1005" name="sext_ln671_117_reg_503">
<pin_list>
<pin id="504" dir="0" index="0" bw="49" slack="1"/>
<pin id="505" dir="1" index="1" bw="49" slack="1"/>
</pin_list>
<bind>
<opset="sext_ln671_117 "/>
</bind>
</comp>

<comp id="509" class="1005" name="sext_ln671_118_reg_509">
<pin_list>
<pin id="510" dir="0" index="0" bw="49" slack="1"/>
<pin id="511" dir="1" index="1" bw="49" slack="1"/>
</pin_list>
<bind>
<opset="sext_ln671_118 "/>
</bind>
</comp>

<comp id="514" class="1005" name="use_front_raw_reg_514">
<pin_list>
<pin id="515" dir="0" index="0" bw="1" slack="11"/>
<pin id="516" dir="1" index="1" bw="1" slack="15"/>
</pin_list>
<bind>
<opset="use_front_raw "/>
</bind>
</comp>

<comp id="520" class="1005" name="sext_ln671_119_reg_520">
<pin_list>
<pin id="521" dir="0" index="0" bw="49" slack="1"/>
<pin id="522" dir="1" index="1" bw="49" slack="1"/>
</pin_list>
<bind>
<opset="sext_ln671_119 "/>
</bind>
</comp>

<comp id="525" class="1005" name="sext_ln671_120_reg_525">
<pin_list>
<pin id="526" dir="0" index="0" bw="49" slack="1"/>
<pin id="527" dir="1" index="1" bw="49" slack="1"/>
</pin_list>
<bind>
<opset="sext_ln671_120 "/>
</bind>
</comp>

<comp id="530" class="1005" name="sext_ln671_121_reg_530">
<pin_list>
<pin id="531" dir="0" index="0" bw="43" slack="1"/>
<pin id="532" dir="1" index="1" bw="43" slack="1"/>
</pin_list>
<bind>
<opset="sext_ln671_121 "/>
</bind>
</comp>

<comp id="535" class="1005" name="sext_ln671_122_reg_535">
<pin_list>
<pin id="536" dir="0" index="0" bw="43" slack="1"/>
<pin id="537" dir="1" index="1" bw="43" slack="1"/>
</pin_list>
<bind>
<opset="sext_ln671_122 "/>
</bind>
</comp>

<comp id="541" class="1005" name="sext_ln671_124_reg_541">
<pin_list>
<pin id="542" dir="0" index="0" bw="43" slack="1"/>
<pin id="543" dir="1" index="1" bw="43" slack="1"/>
</pin_list>
<bind>
<opset="sext_ln671_124 "/>
</bind>
</comp>

<comp id="546" class="1005" name="sext_ln671_126_reg_546">
<pin_list>
<pin id="547" dir="0" index="0" bw="43" slack="1"/>
<pin id="548" dir="1" index="1" bw="43" slack="1"/>
</pin_list>
<bind>
<opset="sext_ln671_126 "/>
</bind>
</comp>

<comp id="551" class="1005" name="sext_ln671_127_reg_551">
<pin_list>
<pin id="552" dir="0" index="0" bw="43" slack="1"/>
<pin id="553" dir="1" index="1" bw="43" slack="1"/>
</pin_list>
<bind>
<opset="sext_ln671_127 "/>
</bind>
</comp>

<comp id="556" class="1005" name="sext_ln671_123_reg_556">
<pin_list>
<pin id="557" dir="0" index="0" bw="44" slack="1"/>
<pin id="558" dir="1" index="1" bw="44" slack="1"/>
</pin_list>
<bind>
<opset="sext_ln671_123 "/>
</bind>
</comp>

<comp id="561" class="1005" name="sext_ln671_125_reg_561">
<pin_list>
<pin id="562" dir="0" index="0" bw="44" slack="1"/>
<pin id="563" dir="1" index="1" bw="44" slack="1"/>
</pin_list>
<bind>
<opset="sext_ln671_125 "/>
</bind>
</comp>

<comp id="566" class="1005" name="sext_ln671_128_reg_566">
<pin_list>
<pin id="567" dir="0" index="0" bw="44" slack="1"/>
<pin id="568" dir="1" index="1" bw="44" slack="1"/>
</pin_list>
<bind>
<opset="sext_ln671_128 "/>
</bind>
</comp>

<comp id="571" class="1005" name="sext_ln671_129_reg_571">
<pin_list>
<pin id="572" dir="0" index="0" bw="43" slack="1"/>
<pin id="573" dir="1" index="1" bw="43" slack="1"/>
</pin_list>
<bind>
<opset="sext_ln671_129 "/>
</bind>
</comp>

<comp id="576" class="1005" name="sext_ln671_130_reg_576">
<pin_list>
<pin id="577" dir="0" index="0" bw="43" slack="1"/>
<pin id="578" dir="1" index="1" bw="43" slack="1"/>
</pin_list>
<bind>
<opset="sext_ln671_130 "/>
</bind>
</comp>

<comp id="582" class="1005" name="sext_ln671_131_reg_582">
<pin_list>
<pin id="583" dir="0" index="0" bw="43" slack="1"/>
<pin id="584" dir="1" index="1" bw="43" slack="1"/>
</pin_list>
<bind>
<opset="sext_ln671_131 "/>
</bind>
</comp>

<comp id="587" class="1005" name="product_q_119_reg_587">
<pin_list>
<pin id="588" dir="0" index="0" bw="26" slack="2"/>
<pin id="589" dir="1" index="1" bw="26" slack="2"/>
</pin_list>
<bind>
<opset="product_q_119 "/>
</bind>
</comp>

<comp id="593" class="1005" name="sext_ln671_134_reg_593">
<pin_list>
<pin id="594" dir="0" index="0" bw="42" slack="1"/>
<pin id="595" dir="1" index="1" bw="42" slack="1"/>
</pin_list>
<bind>
<opset="sext_ln671_134 "/>
</bind>
</comp>

<comp id="598" class="1005" name="sext_ln671_135_reg_598">
<pin_list>
<pin id="599" dir="0" index="0" bw="42" slack="1"/>
<pin id="600" dir="1" index="1" bw="42" slack="1"/>
</pin_list>
<bind>
<opset="sext_ln671_135 "/>
</bind>
</comp>

<comp id="603" class="1005" name="sext_ln671_136_reg_603">
<pin_list>
<pin id="604" dir="0" index="0" bw="42" slack="1"/>
<pin id="605" dir="1" index="1" bw="42" slack="1"/>
</pin_list>
<bind>
<opset="sext_ln671_136 "/>
</bind>
</comp>

<comp id="608" class="1005" name="mul_ln671_87_reg_608">
<pin_list>
<pin id="609" dir="0" index="0" bw="42" slack="2"/>
<pin id="610" dir="1" index="1" bw="42" slack="2"/>
</pin_list>
<bind>
<opset="mul_ln671_87 "/>
</bind>
</comp>

<comp id="613" class="1005" name="mul_ln671_88_reg_613">
<pin_list>
<pin id="614" dir="0" index="0" bw="42" slack="1"/>
<pin id="615" dir="1" index="1" bw="42" slack="1"/>
</pin_list>
<bind>
<opset="mul_ln671_88 "/>
</bind>
</comp>

<comp id="618" class="1005" name="tmp_reg_618">
<pin_list>
<pin id="619" dir="0" index="0" bw="20" slack="1"/>
<pin id="620" dir="1" index="1" bw="20" slack="1"/>
</pin_list>
<bind>
<opset="tmp "/>
</bind>
</comp>

<comp id="623" class="1005" name="add_ln566_reg_623">
<pin_list>
<pin id="624" dir="0" index="0" bw="25" slack="1"/>
<pin id="625" dir="1" index="1" bw="25" slack="1"/>
</pin_list>
<bind>
<opset="add_ln566 "/>
</bind>
</comp>

</comp_list>

<net_list>
<net id="102"><net_src comp="16" pin="0"/><net_sink comp="98" pin=0"/></net>

<net id="103"><net_src comp="12" pin="0"/><net_sink comp="98" pin=1"/></net>

<net id="108"><net_src comp="16" pin="0"/><net_sink comp="104" pin=0"/></net>

<net id="109"><net_src comp="0" pin="0"/><net_sink comp="104" pin=1"/></net>

<net id="114"><net_src comp="16" pin="0"/><net_sink comp="110" pin=0"/></net>

<net id="115"><net_src comp="4" pin="0"/><net_sink comp="110" pin=1"/></net>

<net id="120"><net_src comp="16" pin="0"/><net_sink comp="116" pin=0"/></net>

<net id="121"><net_src comp="2" pin="0"/><net_sink comp="116" pin=1"/></net>

<net id="126"><net_src comp="16" pin="0"/><net_sink comp="122" pin=0"/></net>

<net id="127"><net_src comp="8" pin="0"/><net_sink comp="122" pin=1"/></net>

<net id="132"><net_src comp="16" pin="0"/><net_sink comp="128" pin=0"/></net>

<net id="133"><net_src comp="10" pin="0"/><net_sink comp="128" pin=1"/></net>

<net id="138"><net_src comp="16" pin="0"/><net_sink comp="134" pin=0"/></net>

<net id="139"><net_src comp="6" pin="0"/><net_sink comp="134" pin=1"/></net>

<net id="145"><net_src comp="20" pin="0"/><net_sink comp="140" pin=0"/></net>

<net id="146"><net_src comp="14" pin="0"/><net_sink comp="140" pin=2"/></net>

<net id="165"><net_src comp="32" pin="0"/><net_sink comp="159" pin=0"/></net>

<net id="166"><net_src comp="147" pin="2"/><net_sink comp="159" pin=1"/></net>

<net id="167"><net_src comp="34" pin="0"/><net_sink comp="159" pin=2"/></net>

<net id="168"><net_src comp="36" pin="0"/><net_sink comp="159" pin=3"/></net>

<net id="175"><net_src comp="38" pin="0"/><net_sink comp="169" pin=0"/></net>

<net id="176"><net_src comp="155" pin="2"/><net_sink comp="169" pin=1"/></net>

<net id="177"><net_src comp="34" pin="0"/><net_sink comp="169" pin=2"/></net>

<net id="178"><net_src comp="36" pin="0"/><net_sink comp="169" pin=3"/></net>

<net id="182"><net_src comp="140" pin="3"/><net_sink comp="179" pin=0"/></net>

<net id="186"><net_src comp="169" pin="4"/><net_sink comp="183" pin=0"/></net>

<net id="191"><net_src comp="18" pin="0"/><net_sink comp="187" pin=0"/></net>

<net id="192"><net_src comp="98" pin="2"/><net_sink comp="187" pin=1"/></net>

<net id="193"><net_src comp="187" pin="2"/><net_sink comp="140" pin=1"/></net>

<net id="198"><net_src comp="22" pin="0"/><net_sink comp="194" pin=1"/></net>

<net id="199"><net_src comp="194" pin="2"/><net_sink comp="140" pin=1"/></net>

<net id="203"><net_src comp="104" pin="2"/><net_sink comp="200" pin=0"/></net>

<net id="204"><net_src comp="200" pin="1"/><net_sink comp="147" pin=1"/></net>

<net id="208"><net_src comp="179" pin="1"/><net_sink comp="205" pin=0"/></net>

<net id="209"><net_src comp="205" pin="1"/><net_sink comp="147" pin=0"/></net>

<net id="213"><net_src comp="110" pin="2"/><net_sink comp="210" pin=0"/></net>

<net id="214"><net_src comp="210" pin="1"/><net_sink comp="151" pin=0"/></net>

<net id="219"><net_src comp="110" pin="2"/><net_sink comp="215" pin=1"/></net>

<net id="223"><net_src comp="116" pin="2"/><net_sink comp="220" pin=0"/></net>

<net id="224"><net_src comp="220" pin="1"/><net_sink comp="147" pin=1"/></net>

<net id="228"><net_src comp="179" pin="1"/><net_sink comp="225" pin=0"/></net>

<net id="229"><net_src comp="225" pin="1"/><net_sink comp="147" pin=0"/></net>

<net id="233"><net_src comp="159" pin="4"/><net_sink comp="230" pin=0"/></net>

<net id="234"><net_src comp="230" pin="1"/><net_sink comp="155" pin=1"/></net>

<net id="238"><net_src comp="122" pin="2"/><net_sink comp="235" pin=0"/></net>

<net id="239"><net_src comp="235" pin="1"/><net_sink comp="155" pin=0"/></net>

<net id="246"><net_src comp="32" pin="0"/><net_sink comp="240" pin=0"/></net>

<net id="247"><net_src comp="151" pin="2"/><net_sink comp="240" pin=1"/></net>

<net id="248"><net_src comp="34" pin="0"/><net_sink comp="240" pin=2"/></net>

<net id="249"><net_src comp="36" pin="0"/><net_sink comp="240" pin=3"/></net>

<net id="253"><net_src comp="240" pin="4"/><net_sink comp="250" pin=0"/></net>

<net id="254"><net_src comp="250" pin="1"/><net_sink comp="155" pin=0"/></net>

<net id="258"><net_src comp="159" pin="4"/><net_sink comp="255" pin=0"/></net>

<net id="259"><net_src comp="255" pin="1"/><net_sink comp="155" pin=1"/></net>

<net id="263"><net_src comp="128" pin="2"/><net_sink comp="260" pin=0"/></net>

<net id="264"><net_src comp="260" pin="1"/><net_sink comp="155" pin=0"/></net>

<net id="268"><net_src comp="169" pin="4"/><net_sink comp="265" pin=0"/></net>

<net id="273"><net_src comp="265" pin="1"/><net_sink comp="269" pin=0"/></net>

<net id="274"><net_src comp="40" pin="0"/><net_sink comp="269" pin=1"/></net>

<net id="278"><net_src comp="169" pin="4"/><net_sink comp="275" pin=0"/></net>

<net id="283"><net_src comp="275" pin="1"/><net_sink comp="279" pin=0"/></net>

<net id="284"><net_src comp="40" pin="0"/><net_sink comp="279" pin=1"/></net>

<net id="288"><net_src comp="169" pin="4"/><net_sink comp="285" pin=0"/></net>

<net id="293"><net_src comp="285" pin="1"/><net_sink comp="289" pin=0"/></net>

<net id="294"><net_src comp="42" pin="0"/><net_sink comp="289" pin=1"/></net>

<net id="301"><net_src comp="44" pin="0"/><net_sink comp="295" pin=0"/></net>

<net id="302"><net_src comp="269" pin="2"/><net_sink comp="295" pin=1"/></net>

<net id="303"><net_src comp="34" pin="0"/><net_sink comp="295" pin=2"/></net>

<net id="304"><net_src comp="36" pin="0"/><net_sink comp="295" pin=3"/></net>

<net id="308"><net_src comp="295" pin="4"/><net_sink comp="305" pin=0"/></net>

<net id="309"><net_src comp="305" pin="1"/><net_sink comp="155" pin=1"/></net>

<net id="313"><net_src comp="134" pin="2"/><net_sink comp="310" pin=0"/></net>

<net id="314"><net_src comp="310" pin="1"/><net_sink comp="155" pin=0"/></net>

<net id="321"><net_src comp="44" pin="0"/><net_sink comp="315" pin=0"/></net>

<net id="322"><net_src comp="279" pin="2"/><net_sink comp="315" pin=1"/></net>

<net id="323"><net_src comp="34" pin="0"/><net_sink comp="315" pin=2"/></net>

<net id="324"><net_src comp="36" pin="0"/><net_sink comp="315" pin=3"/></net>

<net id="328"><net_src comp="315" pin="4"/><net_sink comp="325" pin=0"/></net>

<net id="329"><net_src comp="325" pin="1"/><net_sink comp="155" pin=0"/></net>

<net id="336"><net_src comp="44" pin="0"/><net_sink comp="330" pin=0"/></net>

<net id="337"><net_src comp="289" pin="2"/><net_sink comp="330" pin=1"/></net>

<net id="338"><net_src comp="34" pin="0"/><net_sink comp="330" pin=2"/></net>

<net id="339"><net_src comp="36" pin="0"/><net_sink comp="330" pin=3"/></net>

<net id="343"><net_src comp="330" pin="4"/><net_sink comp="340" pin=0"/></net>

<net id="348"><net_src comp="340" pin="1"/><net_sink comp="344" pin=0"/></net>

<net id="349"><net_src comp="46" pin="0"/><net_sink comp="344" pin=1"/></net>

<net id="353"><net_src comp="169" pin="4"/><net_sink comp="350" pin=0"/></net>

<net id="358"><net_src comp="350" pin="1"/><net_sink comp="354" pin=0"/></net>

<net id="359"><net_src comp="48" pin="0"/><net_sink comp="354" pin=1"/></net>

<net id="363"><net_src comp="169" pin="4"/><net_sink comp="360" pin=0"/></net>

<net id="368"><net_src comp="360" pin="1"/><net_sink comp="364" pin=0"/></net>

<net id="369"><net_src comp="48" pin="0"/><net_sink comp="364" pin=1"/></net>

<net id="376"><net_src comp="52" pin="0"/><net_sink comp="370" pin=0"/></net>

<net id="377"><net_src comp="34" pin="0"/><net_sink comp="370" pin=2"/></net>

<net id="378"><net_src comp="54" pin="0"/><net_sink comp="370" pin=3"/></net>

<net id="385"><net_src comp="56" pin="0"/><net_sink comp="379" pin=0"/></net>

<net id="386"><net_src comp="34" pin="0"/><net_sink comp="379" pin=2"/></net>

<net id="387"><net_src comp="58" pin="0"/><net_sink comp="379" pin=3"/></net>

<net id="391"><net_src comp="379" pin="4"/><net_sink comp="388" pin=0"/></net>

<net id="398"><net_src comp="56" pin="0"/><net_sink comp="392" pin=0"/></net>

<net id="399"><net_src comp="34" pin="0"/><net_sink comp="392" pin=2"/></net>

<net id="400"><net_src comp="58" pin="0"/><net_sink comp="392" pin=3"/></net>

<net id="407"><net_src comp="56" pin="0"/><net_sink comp="401" pin=0"/></net>

<net id="408"><net_src comp="364" pin="2"/><net_sink comp="401" pin=1"/></net>

<net id="409"><net_src comp="34" pin="0"/><net_sink comp="401" pin=2"/></net>

<net id="410"><net_src comp="58" pin="0"/><net_sink comp="401" pin=3"/></net>

<net id="416"><net_src comp="392" pin="4"/><net_sink comp="411" pin=1"/></net>

<net id="417"><net_src comp="401" pin="4"/><net_sink comp="411" pin=2"/></net>

<net id="421"><net_src comp="411" pin="3"/><net_sink comp="418" pin=0"/></net>

<net id="426"><net_src comp="418" pin="1"/><net_sink comp="422" pin=0"/></net>

<net id="427"><net_src comp="388" pin="1"/><net_sink comp="422" pin=1"/></net>

<net id="434"><net_src comp="52" pin="0"/><net_sink comp="428" pin=0"/></net>

<net id="435"><net_src comp="34" pin="0"/><net_sink comp="428" pin=2"/></net>

<net id="436"><net_src comp="54" pin="0"/><net_sink comp="428" pin=3"/></net>

<net id="442"><net_src comp="428" pin="4"/><net_sink comp="437" pin=2"/></net>

<net id="446"><net_src comp="437" pin="3"/><net_sink comp="443" pin=0"/></net>

<net id="454"><net_src comp="96" pin="0"/><net_sink comp="450" pin=0"/></net>

<net id="455"><net_src comp="443" pin="1"/><net_sink comp="450" pin=1"/></net>

<net id="460"><net_src comp="450" pin="2"/><net_sink comp="456" pin=0"/></net>

<net id="461"><net_src comp="447" pin="1"/><net_sink comp="456" pin=1"/></net>

<net id="467"><net_src comp="183" pin="1"/><net_sink comp="462" pin=0"/></net>

<net id="468"><net_src comp="50" pin="0"/><net_sink comp="462" pin=2"/></net>

<net id="469"><net_src comp="462" pin="3"/><net_sink comp="370" pin=1"/></net>

<net id="475"><net_src comp="183" pin="1"/><net_sink comp="470" pin=0"/></net>

<net id="476"><net_src comp="50" pin="0"/><net_sink comp="470" pin=2"/></net>

<net id="477"><net_src comp="470" pin="3"/><net_sink comp="428" pin=1"/></net>

<net id="481"><net_src comp="98" pin="2"/><net_sink comp="478" pin=0"/></net>

<net id="482"><net_src comp="478" pin="1"/><net_sink comp="194" pin=0"/></net>

<net id="486"><net_src comp="187" pin="2"/><net_sink comp="483" pin=0"/></net>

<net id="487"><net_src comp="483" pin="1"/><net_sink comp="140" pin=1"/></net>

<net id="491"><net_src comp="194" pin="2"/><net_sink comp="488" pin=0"/></net>

<net id="492"><net_src comp="488" pin="1"/><net_sink comp="140" pin=1"/></net>

<net id="496"><net_src comp="104" pin="2"/><net_sink comp="493" pin=0"/></net>

<net id="497"><net_src comp="493" pin="1"/><net_sink comp="215" pin=0"/></net>

<net id="501"><net_src comp="200" pin="1"/><net_sink comp="498" pin=0"/></net>

<net id="502"><net_src comp="498" pin="1"/><net_sink comp="147" pin=1"/></net>

<net id="506"><net_src comp="205" pin="1"/><net_sink comp="503" pin=0"/></net>

<net id="507"><net_src comp="503" pin="1"/><net_sink comp="147" pin=0"/></net>

<net id="508"><net_src comp="503" pin="1"/><net_sink comp="151" pin=1"/></net>

<net id="512"><net_src comp="210" pin="1"/><net_sink comp="509" pin=0"/></net>

<net id="513"><net_src comp="509" pin="1"/><net_sink comp="151" pin=0"/></net>

<net id="517"><net_src comp="215" pin="2"/><net_sink comp="514" pin=0"/></net>

<net id="518"><net_src comp="514" pin="1"/><net_sink comp="411" pin=0"/></net>

<net id="519"><net_src comp="514" pin="1"/><net_sink comp="437" pin=0"/></net>

<net id="523"><net_src comp="220" pin="1"/><net_sink comp="520" pin=0"/></net>

<net id="524"><net_src comp="520" pin="1"/><net_sink comp="147" pin=1"/></net>

<net id="528"><net_src comp="225" pin="1"/><net_sink comp="525" pin=0"/></net>

<net id="529"><net_src comp="525" pin="1"/><net_sink comp="147" pin=0"/></net>

<net id="533"><net_src comp="230" pin="1"/><net_sink comp="530" pin=0"/></net>

<net id="534"><net_src comp="530" pin="1"/><net_sink comp="155" pin=1"/></net>

<net id="538"><net_src comp="235" pin="1"/><net_sink comp="535" pin=0"/></net>

<net id="539"><net_src comp="535" pin="1"/><net_sink comp="155" pin=0"/></net>

<net id="540"><net_src comp="535" pin="1"/><net_sink comp="155" pin=1"/></net>

<net id="544"><net_src comp="250" pin="1"/><net_sink comp="541" pin=0"/></net>

<net id="545"><net_src comp="541" pin="1"/><net_sink comp="155" pin=0"/></net>

<net id="549"><net_src comp="255" pin="1"/><net_sink comp="546" pin=0"/></net>

<net id="550"><net_src comp="546" pin="1"/><net_sink comp="155" pin=1"/></net>

<net id="554"><net_src comp="260" pin="1"/><net_sink comp="551" pin=0"/></net>

<net id="555"><net_src comp="551" pin="1"/><net_sink comp="155" pin=0"/></net>

<net id="559"><net_src comp="265" pin="1"/><net_sink comp="556" pin=0"/></net>

<net id="560"><net_src comp="556" pin="1"/><net_sink comp="269" pin=0"/></net>

<net id="564"><net_src comp="275" pin="1"/><net_sink comp="561" pin=0"/></net>

<net id="565"><net_src comp="561" pin="1"/><net_sink comp="279" pin=0"/></net>

<net id="569"><net_src comp="285" pin="1"/><net_sink comp="566" pin=0"/></net>

<net id="570"><net_src comp="566" pin="1"/><net_sink comp="289" pin=0"/></net>

<net id="574"><net_src comp="305" pin="1"/><net_sink comp="571" pin=0"/></net>

<net id="575"><net_src comp="571" pin="1"/><net_sink comp="155" pin=1"/></net>

<net id="579"><net_src comp="310" pin="1"/><net_sink comp="576" pin=0"/></net>

<net id="580"><net_src comp="576" pin="1"/><net_sink comp="155" pin=0"/></net>

<net id="581"><net_src comp="576" pin="1"/><net_sink comp="155" pin=1"/></net>

<net id="585"><net_src comp="325" pin="1"/><net_sink comp="582" pin=0"/></net>

<net id="586"><net_src comp="582" pin="1"/><net_sink comp="155" pin=0"/></net>

<net id="590"><net_src comp="330" pin="4"/><net_sink comp="587" pin=0"/></net>

<net id="591"><net_src comp="587" pin="1"/><net_sink comp="462" pin=1"/></net>

<net id="592"><net_src comp="587" pin="1"/><net_sink comp="470" pin=1"/></net>

<net id="596"><net_src comp="340" pin="1"/><net_sink comp="593" pin=0"/></net>

<net id="597"><net_src comp="593" pin="1"/><net_sink comp="344" pin=0"/></net>

<net id="601"><net_src comp="350" pin="1"/><net_sink comp="598" pin=0"/></net>

<net id="602"><net_src comp="598" pin="1"/><net_sink comp="354" pin=0"/></net>

<net id="606"><net_src comp="360" pin="1"/><net_sink comp="603" pin=0"/></net>

<net id="607"><net_src comp="603" pin="1"/><net_sink comp="364" pin=0"/></net>

<net id="611"><net_src comp="344" pin="2"/><net_sink comp="608" pin=0"/></net>

<net id="612"><net_src comp="608" pin="1"/><net_sink comp="379" pin=1"/></net>

<net id="616"><net_src comp="354" pin="2"/><net_sink comp="613" pin=0"/></net>

<net id="617"><net_src comp="613" pin="1"/><net_sink comp="392" pin=1"/></net>

<net id="621"><net_src comp="370" pin="4"/><net_sink comp="618" pin=0"/></net>

<net id="622"><net_src comp="618" pin="1"/><net_sink comp="437" pin=1"/></net>

<net id="626"><net_src comp="422" pin="2"/><net_sink comp="623" pin=0"/></net>

<net id="627"><net_src comp="623" pin="1"/><net_sink comp="447" pin=0"/></net>

</net_list>

</model> 
---------------- Datapath Model END ------------------

* FSMD analyzer results:
  - Output states:
	Port: tr_C_eff_f_raw_val | {}
	Port: tr_C_eff_r_val | {}
	Port: tr_C_min_f_val | {}
	Port: tr_cos_delta_val | {}
	Port: tr_alpha_f_op_val | {}
	Port: tr_alpha_r_op_val | {}
	Port: tr_Fz_transfer_val | {}
	Port: recip_lut_fn | {}
 - Input state : 
	Port: compute_B_accel_load_transfer : tr_C_eff_f_raw_val | {9 }
	Port: compute_B_accel_load_transfer : tr_C_eff_r_val | {11 }
	Port: compute_B_accel_load_transfer : tr_C_min_f_val | {10 }
	Port: compute_B_accel_load_transfer : tr_cos_delta_val | {18 }
	Port: compute_B_accel_load_transfer : tr_alpha_f_op_val | {12 }
	Port: compute_B_accel_load_transfer : tr_alpha_r_op_val | {14 }
	Port: compute_B_accel_load_transfer : tr_Fz_transfer_val | {1 }
	Port: compute_B_accel_load_transfer : recip_lut_fn | {4 5 6 }
  - Chain level:
	State 1
		inv_Fzf : 1
	State 2
		inv_Fzr : 1
	State 3
	State 4
	State 5
	State 6
	State 7
	State 8
	State 9
		mul_ln671 : 1
	State 10
		mul_ln671_75 : 1
	State 11
		mul_ln671_76 : 1
	State 12
		specfucore_ln673 : 1
		product_q : 1
		sext_ln671_121 : 2
		product : 3
	State 13
		specfucore_ln673 : 1
		product_q_112 : 1
		sext_ln671_124 : 2
		product_327 : 3
	State 14
		specfucore_ln673 : 1
		product_q_113 : 1
		sext_ln671_126 : 2
		product_328 : 3
	State 15
		specfucore_ln673 : 1
		product_q_114 : 1
		sext_ln671_123 : 2
		mul_ln671_78 : 3
	State 16
		specfucore_ln673 : 1
		product_q_116 : 1
		sext_ln671_125 : 2
		mul_ln671_80 : 3
	State 17
		specfucore_ln673 : 1
		product_q_118 : 1
		sext_ln671_128 : 2
		product_329 : 3
	State 18
		specfucore_ln673 : 1
		product_q_115 : 1
		sext_ln671_129 : 2
		product_330 : 3
	State 19
		specfucore_ln673 : 1
		product_q_117 : 1
		sext_ln671_131 : 2
		product_331 : 3
	State 20
		specfucore_ln673 : 1
		product_q_119 : 1
		sext_ln671_134 : 2
		mul_ln671_87 : 3
	State 21
		specfucore_ln673 : 1
		product_q_120 : 1
		sext_ln671_135 : 2
		mul_ln671_88 : 3
	State 22
		specfucore_ln673 : 1
		product_q_121 : 1
		sext_ln671_132 : 1
		mul_ln671_85 : 2
		sext_ln671_136 : 2
		mul_ln671_89 : 3
	State 23
		sext_ln671_133 : 1
		mul_ln671_86 : 2
		specfucore_ln673 : 1
	State 24
		specfucore_ln673 : 1
	State 25
		specfucore_ln673 : 1
		tmp : 1
		sext_ln674 : 1
		specfucore_ln673 : 1
		tmp_16 : 1
		select_ln566 : 2
		sext_ln566 : 3
		add_ln566 : 4
	State 26
		rend30 : 1
		rend28 : 1
		rend26 : 1
		rend24 : 1
		rend22 : 1
		rend20 : 1
		rend18 : 1
		rend16 : 1
		rend14 : 1
		rend12 : 1
		rend10 : 1
		rend8 : 1
		specfucore_ln673 : 1
		rend6 : 1
		tmp_s : 1
		select_ln559 : 2
		sext_ln559 : 3
		rend4 : 1
		rend2 : 1
		rend : 1
		mrv : 4
		mrv_1 : 5
		ret_ln567 : 6


============================================================
+ Verbose Summary: Datapath Resource usage 
============================================================

* Functional unit list:
|----------|-------------------------------------|---------|---------|---------|---------|
| Operation|           Functional Unit           |   DSP   |  Delay  |    FF   |   LUT   |
|----------|-------------------------------------|---------|---------|---------|---------|
|   call   |        grp_fp_recip_fn_fu_140       |    1    |  0.854  |   164   |   1811  |
|----------|-------------------------------------|---------|---------|---------|---------|
|          |              grp_fu_147             |    2    |    0    |    61   |    29   |
|          |              grp_fu_151             |    2    |    0    |    61   |    29   |
|          |              grp_fu_155             |    2    |    0    |    61   |    29   |
|          |              grp_fu_269             |    1    |    0    |    61   |    29   |
|    mul   |              grp_fu_279             |    1    |    0    |    61   |    29   |
|          |              grp_fu_289             |    1    |    0    |    61   |    29   |
|          |              grp_fu_344             |    1    |    0    |    61   |    29   |
|          |              grp_fu_354             |    1    |    0    |    61   |    29   |
|          |              grp_fu_364             |    1    |    0    |    61   |    29   |
|----------|-------------------------------------|---------|---------|---------|---------|
|    add   |             F_zr_fu_194             |    0    |    0    |    0    |    33   |
|          |           add_ln566_fu_422          |    0    |    0    |    0    |    31   |
|----------|-------------------------------------|---------|---------|---------|---------|
|  select  |         select_ln566_fu_411         |    0    |    0    |    0    |    24   |
|          |         select_ln559_fu_437         |    0    |    0    |    0    |    19   |
|----------|-------------------------------------|---------|---------|---------|---------|
|    sub   |             F_zf_fu_187             |    0    |    0    |    0    |    33   |
|----------|-------------------------------------|---------|---------|---------|---------|
|   icmp   |         use_front_raw_fu_215        |    0    |    0    |    0    |    33   |
|----------|-------------------------------------|---------|---------|---------|---------|
|  addmul  |              grp_fu_462             |    1    |    0    |    0    |    0    |
|          |              grp_fu_470             |    1    |    0    |    0    |    0    |
|----------|-------------------------------------|---------|---------|---------|---------|
|          |  tr_Fz_transfer_val_read_read_fu_98 |    0    |    0    |    0    |    0    |
|          | tr_C_eff_f_raw_val_read_read_fu_104 |    0    |    0    |    0    |    0    |
|          |   tr_C_min_f_val_read_read_fu_110   |    0    |    0    |    0    |    0    |
|   read   |   tr_C_eff_r_val_read_read_fu_116   |    0    |    0    |    0    |    0    |
|          |  tr_alpha_f_op_val_read_read_fu_122 |    0    |    0    |    0    |    0    |
|          |  tr_alpha_r_op_val_read_read_fu_128 |    0    |    0    |    0    |    0    |
|          |  tr_cos_delta_val_read_read_fu_134  |    0    |    0    |    0    |    0    |
|----------|-------------------------------------|---------|---------|---------|---------|
|          |              grp_fu_159             |    0    |    0    |    0    |    0    |
|          |              grp_fu_169             |    0    |    0    |    0    |    0    |
|          |         product_q_112_fu_240        |    0    |    0    |    0    |    0    |
|          |         product_q_115_fu_295        |    0    |    0    |    0    |    0    |
|          |         product_q_117_fu_315        |    0    |    0    |    0    |    0    |
|partselect|         product_q_119_fu_330        |    0    |    0    |    0    |    0    |
|          |              tmp_fu_370             |    0    |    0    |    0    |    0    |
|          |         product_q_122_fu_379        |    0    |    0    |    0    |    0    |
|          |            tmp_15_fu_392            |    0    |    0    |    0    |    0    |
|          |            tmp_16_fu_401            |    0    |    0    |    0    |    0    |
|          |             tmp_s_fu_428            |    0    |    0    |    0    |    0    |
|----------|-------------------------------------|---------|---------|---------|---------|
|          |          sext_ln671_fu_200          |    0    |    0    |    0    |    0    |
|          |        sext_ln671_117_fu_205        |    0    |    0    |    0    |    0    |
|          |        sext_ln671_118_fu_210        |    0    |    0    |    0    |    0    |
|          |        sext_ln671_119_fu_220        |    0    |    0    |    0    |    0    |
|          |        sext_ln671_120_fu_225        |    0    |    0    |    0    |    0    |
|          |        sext_ln671_121_fu_230        |    0    |    0    |    0    |    0    |
|          |        sext_ln671_122_fu_235        |    0    |    0    |    0    |    0    |
|          |        sext_ln671_124_fu_250        |    0    |    0    |    0    |    0    |
|          |        sext_ln671_126_fu_255        |    0    |    0    |    0    |    0    |
|          |        sext_ln671_127_fu_260        |    0    |    0    |    0    |    0    |
|          |        sext_ln671_123_fu_265        |    0    |    0    |    0    |    0    |
|   sext   |        sext_ln671_125_fu_275        |    0    |    0    |    0    |    0    |
|          |        sext_ln671_128_fu_285        |    0    |    0    |    0    |    0    |
|          |        sext_ln671_129_fu_305        |    0    |    0    |    0    |    0    |
|          |        sext_ln671_130_fu_310        |    0    |    0    |    0    |    0    |
|          |        sext_ln671_131_fu_325        |    0    |    0    |    0    |    0    |
|          |        sext_ln671_134_fu_340        |    0    |    0    |    0    |    0    |
|          |        sext_ln671_135_fu_350        |    0    |    0    |    0    |    0    |
|          |        sext_ln671_136_fu_360        |    0    |    0    |    0    |    0    |
|          |          sext_ln674_fu_388          |    0    |    0    |    0    |    0    |
|          |          sext_ln566_fu_418          |    0    |    0    |    0    |    0    |
|          |          sext_ln559_fu_443          |    0    |    0    |    0    |    0    |
|          |          sext_ln530_fu_447          |    0    |    0    |    0    |    0    |
|----------|-------------------------------------|---------|---------|---------|---------|
|insertvalue|              mrv_fu_450             |    0    |    0    |    0    |    0    |
|          |             mrv_1_fu_456            |    0    |    0    |    0    |    0    |
|----------|-------------------------------------|---------|---------|---------|---------|
|   Total  |                                     |    15   |  0.854  |   713   |   2245  |
|----------|-------------------------------------|---------|---------|---------|---------|

Memories:
N/A

* Register list:
+-------------------------------+--------+
|                               |   FF   |
+-------------------------------+--------+
|          F_zf_reg_483         |   26   |
|          F_zr_reg_488         |   26   |
|       add_ln566_reg_623       |   25   |
|      mul_ln671_87_reg_608     |   42   |
|      mul_ln671_88_reg_613     |   42   |
|     product_q_119_reg_587     |   26   |
|            reg_179            |   23   |
|            reg_183            |   26   |
|     sext_ln671_117_reg_503    |   49   |
|     sext_ln671_118_reg_509    |   49   |
|     sext_ln671_119_reg_520    |   49   |
|     sext_ln671_120_reg_525    |   49   |
|     sext_ln671_121_reg_530    |   43   |
|     sext_ln671_122_reg_535    |   43   |
|     sext_ln671_123_reg_556    |   44   |
|     sext_ln671_124_reg_541    |   43   |
|     sext_ln671_125_reg_561    |   44   |
|     sext_ln671_126_reg_546    |   43   |
|     sext_ln671_127_reg_551    |   43   |
|     sext_ln671_128_reg_566    |   44   |
|     sext_ln671_129_reg_571    |   43   |
|     sext_ln671_130_reg_576    |   43   |
|     sext_ln671_131_reg_582    |   43   |
|     sext_ln671_134_reg_593    |   42   |
|     sext_ln671_135_reg_598    |   42   |
|     sext_ln671_136_reg_603    |   42   |
|       sext_ln671_reg_498      |   49   |
|          tmp_reg_618          |   20   |
|tr_C_eff_f_raw_val_read_reg_493|   26   |
|tr_Fz_transfer_val_read_reg_478|   26   |
|     use_front_raw_reg_514     |    1   |
+-------------------------------+--------+
|             Total             |  1156  |
+-------------------------------+--------+

* Multiplexer (MUX) list: 
|------------------------|------|------|------|--------||---------||---------||---------|
|          Comp          |  Pin | Size |  BW  | S x BW ||  Delay  ||    FF   ||   LUT   |
|------------------------|------|------|------|--------||---------||---------||---------|
| grp_fp_recip_fn_fu_140 |  p1  |   4  |  26  |   104  ||    0    ||    20   |
|       grp_fu_147       |  p0  |   4  |  23  |   92   ||    0    ||    20   |
|       grp_fu_147       |  p1  |   4  |  26  |   104  ||    0    ||    20   |
|       grp_fu_151       |  p0  |   2  |  26  |   52   ||    0    ||    9    |
|       grp_fu_155       |  p0  |  10  |  26  |   260  ||    0    ||    54   |
|       grp_fu_155       |  p1  |   8  |  26  |   208  ||    0    ||    43   |
|       grp_fu_269       |  p0  |   2  |  26  |   52   ||    0    ||    9    |
|       grp_fu_279       |  p0  |   2  |  26  |   52   ||    0    ||    9    |
|       grp_fu_289       |  p0  |   2  |  26  |   52   ||    0    ||    9    |
|       grp_fu_344       |  p0  |   2  |  26  |   52   ||    0    ||    9    |
|       grp_fu_354       |  p0  |   2  |  26  |   52   ||    0    ||    9    |
|       grp_fu_364       |  p0  |   2  |  26  |   52   ||    0    ||    9    |
|------------------------|------|------|------|--------||---------||---------||---------|
|          Total         |      |      |      |  1132  || 6.03933 ||    0    ||   220   |
|------------------------|------|------|------|--------||---------||---------||---------|



* Summary:
+-----------+--------+--------+--------+--------+
|           |   DSP  |  Delay |   FF   |   LUT  |
+-----------+--------+--------+--------+--------+
|  Function |   15   |    0   |   713  |  2245  |
|   Memory  |    -   |    -   |    -   |    -   |
|Multiplexer|    -   |    6   |    0   |   220  |
|  Register |    -   |    -   |  1156  |    -   |
+-----------+--------+--------+--------+--------+
|   Total   |   15   |    6   |  1869  |  2465  |
+-----------+--------+--------+--------+--------+
