

================================================================
== Vitis HLS Report for 'compute_affine_bias_dense_hls'
================================================================
* Date:           Thu May 21 15:23:04 2026

* Version:        2025.2 (Build 6295257 on Nov 14 2025)
* Project:        mpc_fpga_top_opencl
* Solution:       hls (Vitis Kernel Flow Target)
* Product family: zynquplus
* Target device:  xck26-sfvc784-2LV-c


================================================================
== Performance Estimates
================================================================
+ Timing: 
    * Summary: 
    +--------+---------+----------+------------+
    |  Clock |  Target | Estimated| Uncertainty|
    +--------+---------+----------+------------+
    |ap_clk  |  5.00 ns|  4.240 ns|     0.50 ns|
    +--------+---------+----------+------------+

+ Latency: 
    * Summary: 
    +---------+---------+----------+----------+-----+-----+---------+
    |  Latency (cycles) |  Latency (absolute) |  Interval | Pipeline|
    |   min   |   max   |    min   |    max   | min | max |   Type  |
    +---------+---------+----------+----------+-----+-----+---------+
    |       33|       33|  0.165 us|  0.165 us|   34|   34|      yes|
    +---------+---------+----------+----------+-----+-----+---------+

    + Detail: 
        * Instance: 
        +-------------------------------+--------------------+---------+---------+-----------+-----------+-----+-----+---------+
        |                               |                    |  Latency (cycles) |   Latency (absolute)  |  Interval | Pipeline|
        |            Instance           |       Module       |   min   |   max   |    min    |    max    | min | max |   Type  |
        +-------------------------------+--------------------+---------+---------+-----------+-----------+-----+-----+---------+
        |grp_affine_b0_term_hls_fu_591  |affine_b0_term_hls  |        3|        3|  15.000 ns|  15.000 ns|    4|    4|      yes|
        +-------------------------------+--------------------+---------+---------+-----------+-----------+-----+-----+---------+

        * Loop: 
        N/A

============================================================
+ Verbose Summary: Synthesis Manager
============================================================
InlineROM: 1
ExposeGlobal: 0
============================================================
+ Verbose Summary: CDFG Model
============================================================
IsTopModel: 0
ResetActiveHigh: 1
IsCombinational: 0
IsDatapathOnly: 0
HasWiredReturn: 1
HasMFsm: 2
HasVarLatency: 0
IsPipeline: 1
IsRtlPipelined: 0
IsInstanceOverlapped: 0
IsDontTouch: 0
HasImplIP: 0
IsGatedGlobalClock: 0

+ Individual pipeline summary: 
  * Pipeline-0: initiation interval (II) = 34, depth = 34


============================================================
+ Verbose Summary: Schedule
============================================================
* Number of FSM states : 34
* Pipeline : 1
  Pipeline-0 : II = 34, D = 34, States = { 1 2 3 4 5 6 7 8 9 10 11 12 13 14 15 16 17 18 19 20 21 22 23 24 25 26 27 28 29 30 31 32 33 34 }
* Dataflow Pipeline: 0

* FSM state transitions: 
1 --> 2 
2 --> 3 
3 --> 4 
4 --> 5 
5 --> 6 
6 --> 7 
7 --> 8 
8 --> 9 
9 --> 10 
10 --> 11 
11 --> 12 
12 --> 13 
13 --> 14 
14 --> 15 
15 --> 16 
16 --> 17 
17 --> 18 
18 --> 19 
19 --> 20 
20 --> 21 
21 --> 22 
22 --> 23 
23 --> 24 
24 --> 25 
25 --> 26 
26 --> 27 
27 --> 28 
28 --> 29 
29 --> 30 
30 --> 31 
31 --> 32 
32 --> 33 
33 --> 34 
34 --> 

* FSM state operations: 

State 1 <SV = 0> <Delay = 2.95>
ST_1 : Operation 35 [1/1] (0.00ns)   --->   "%lin_delta_k_read = read i32 @_ssdm_op_Read.ap_auto.i32, i32 %lin_delta_k"   --->   Operation 35 'read' 'lin_delta_k_read' <Predicate = true> <Delay = 0.00>
ST_1 : Operation 36 [1/1] (0.00ns)   --->   "%lin_ey_read = read i32 @_ssdm_op_Read.ap_auto.i32, i32 %lin_ey"   --->   Operation 36 'read' 'lin_ey_read' <Predicate = true> <Delay = 0.00>
ST_1 : Operation 37 [1/1] (0.00ns)   --->   "%p_read_37 = read i32 @_ssdm_op_Read.ap_auto.i32, i32 %p_read25"   --->   Operation 37 'read' 'p_read_37' <Predicate = true> <Delay = 0.00>
ST_1 : Operation 38 [1/1] (0.00ns)   --->   "%p_read57 = read i32 @_ssdm_op_Read.ap_auto.i32, i32 %p_read"   --->   Operation 38 'read' 'p_read57' <Predicate = true> <Delay = 0.00>
ST_1 : Operation 39 [1/1] (0.00ns)   --->   "%empty_599 = trunc i32 %lin_delta_k_read"   --->   Operation 39 'trunc' 'empty_599' <Predicate = true> <Delay = 0.00>
ST_1 : Operation 40 [1/1] (0.00ns)   --->   "%sext_ln159 = sext i32 %lin_ey_read" [../src/fp_math_hls.cpp:159->../src/mpc_riccati_hls.cpp:187]   --->   Operation 40 'sext' 'sext_ln159' <Predicate = true> <Delay = 0.00>
ST_1 : Operation 41 [1/1] (0.00ns)   --->   "%sext_ln159_40 = sext i32 %p_read57" [../src/fp_math_hls.cpp:159->../src/mpc_riccati_hls.cpp:183]   --->   Operation 41 'sext' 'sext_ln159_40' <Predicate = true> <Delay = 0.00>
ST_1 : Operation 42 [4/4] (2.95ns)   --->   "%product = mul i43 %sext_ln159_40, i43 %sext_ln159" [../src/fp_math_hls.cpp:159->../src/mpc_riccati_hls.cpp:183]   --->   Operation 42 'mul' 'product' <Predicate = true> <Delay = 2.95> <CoreInst = "Mul_DSP">   --->   Core 5 'Mul_DSP' <Latency = 3> <II = 1> <Delay = 2.29> <FuncUnit> <Opcode : 'mul'> <InPorts = 2> <OutPorts = 1>
ST_1 : Operation 43 [4/4] (2.63ns)   --->   "%b0 = call i25 @affine_b0_term_hls, i32 %p_read_37, i18 %empty_599" [../src/mpc_riccati_hls.cpp:223]   --->   Operation 43 'call' 'b0' <Predicate = true> <Delay = 2.63> <CoreType = "Generic">   --->   Generic Core

State 2 <SV = 1> <Delay = 2.95>
ST_2 : Operation 44 [1/1] (0.00ns)   --->   "%lin_epsi_read = read i32 @_ssdm_op_Read.ap_auto.i32, i32 %lin_epsi"   --->   Operation 44 'read' 'lin_epsi_read' <Predicate = true> <Delay = 0.00>
ST_2 : Operation 45 [1/1] (0.00ns)   --->   "%p_read_57 = read i32 @_ssdm_op_Read.ap_auto.i32, i32 %p_read5"   --->   Operation 45 'read' 'p_read_57' <Predicate = true> <Delay = 0.00>
ST_2 : Operation 46 [1/1] (0.00ns)   --->   "%sext_ln159_36 = sext i32 %lin_epsi_read" [../src/fp_math_hls.cpp:159->../src/mpc_riccati_hls.cpp:191]   --->   Operation 46 'sext' 'sext_ln159_36' <Predicate = true> <Delay = 0.00>
ST_2 : Operation 47 [3/4] (2.29ns)   --->   "%product = mul i43 %sext_ln159_40, i43 %sext_ln159" [../src/fp_math_hls.cpp:159->../src/mpc_riccati_hls.cpp:183]   --->   Operation 47 'mul' 'product' <Predicate = true> <Delay = 2.29> <CoreInst = "Mul_DSP">   --->   Core 5 'Mul_DSP' <Latency = 3> <II = 1> <Delay = 2.29> <FuncUnit> <Opcode : 'mul'> <InPorts = 2> <OutPorts = 1>
ST_2 : Operation 48 [1/1] (0.00ns)   --->   "%sext_ln159_41 = sext i32 %p_read_57" [../src/fp_math_hls.cpp:159->../src/mpc_riccati_hls.cpp:187]   --->   Operation 48 'sext' 'sext_ln159_41' <Predicate = true> <Delay = 0.00>
ST_2 : Operation 49 [4/4] (2.95ns)   --->   "%product_292 = mul i43 %sext_ln159_41, i43 %sext_ln159_36" [../src/fp_math_hls.cpp:159->../src/mpc_riccati_hls.cpp:187]   --->   Operation 49 'mul' 'product_292' <Predicate = true> <Delay = 2.95> <CoreInst = "Mul_DSP">   --->   Core 5 'Mul_DSP' <Latency = 3> <II = 1> <Delay = 2.29> <FuncUnit> <Opcode : 'mul'> <InPorts = 2> <OutPorts = 1>
ST_2 : Operation 50 [3/4] (2.29ns)   --->   "%b0 = call i25 @affine_b0_term_hls, i32 %p_read_37, i18 %empty_599" [../src/mpc_riccati_hls.cpp:223]   --->   Operation 50 'call' 'b0' <Predicate = true> <Delay = 2.29> <CoreType = "Generic">   --->   Generic Core

State 3 <SV = 2> <Delay = 2.95>
ST_3 : Operation 51 [1/1] (0.00ns)   --->   "%lin_vx_read = read i32 @_ssdm_op_Read.ap_auto.i32, i32 %lin_vx"   --->   Operation 51 'read' 'lin_vx_read' <Predicate = true> <Delay = 0.00>
ST_3 : Operation 52 [1/1] (0.00ns)   --->   "%p_read_52 = read i32 @_ssdm_op_Read.ap_auto.i32, i32 %p_read10"   --->   Operation 52 'read' 'p_read_52' <Predicate = true> <Delay = 0.00>
ST_3 : Operation 53 [1/1] (0.00ns)   --->   "%sext_ln159_37 = sext i32 %lin_vx_read" [../src/fp_math_hls.cpp:159->../src/mpc_riccati_hls.cpp:195]   --->   Operation 53 'sext' 'sext_ln159_37' <Predicate = true> <Delay = 0.00>
ST_3 : Operation 54 [2/4] (2.29ns)   --->   "%product = mul i43 %sext_ln159_40, i43 %sext_ln159" [../src/fp_math_hls.cpp:159->../src/mpc_riccati_hls.cpp:183]   --->   Operation 54 'mul' 'product' <Predicate = true> <Delay = 2.29> <CoreInst = "Mul_DSP">   --->   Core 5 'Mul_DSP' <Latency = 3> <II = 1> <Delay = 2.29> <FuncUnit> <Opcode : 'mul'> <InPorts = 2> <OutPorts = 1>
ST_3 : Operation 55 [3/4] (2.29ns)   --->   "%product_292 = mul i43 %sext_ln159_41, i43 %sext_ln159_36" [../src/fp_math_hls.cpp:159->../src/mpc_riccati_hls.cpp:187]   --->   Operation 55 'mul' 'product_292' <Predicate = true> <Delay = 2.29> <CoreInst = "Mul_DSP">   --->   Core 5 'Mul_DSP' <Latency = 3> <II = 1> <Delay = 2.29> <FuncUnit> <Opcode : 'mul'> <InPorts = 2> <OutPorts = 1>
ST_3 : Operation 56 [1/1] (0.00ns)   --->   "%sext_ln159_42 = sext i32 %p_read_52" [../src/fp_math_hls.cpp:159->../src/mpc_riccati_hls.cpp:191]   --->   Operation 56 'sext' 'sext_ln159_42' <Predicate = true> <Delay = 0.00>
ST_3 : Operation 57 [4/4] (2.95ns)   --->   "%product_293 = mul i43 %sext_ln159_42, i43 %sext_ln159_37" [../src/fp_math_hls.cpp:159->../src/mpc_riccati_hls.cpp:191]   --->   Operation 57 'mul' 'product_293' <Predicate = true> <Delay = 2.95> <CoreInst = "Mul_DSP">   --->   Core 5 'Mul_DSP' <Latency = 3> <II = 1> <Delay = 2.29> <FuncUnit> <Opcode : 'mul'> <InPorts = 2> <OutPorts = 1>
ST_3 : Operation 58 [2/4] (2.29ns)   --->   "%b0 = call i25 @affine_b0_term_hls, i32 %p_read_37, i18 %empty_599" [../src/mpc_riccati_hls.cpp:223]   --->   Operation 58 'call' 'b0' <Predicate = true> <Delay = 2.29> <CoreType = "Generic">   --->   Generic Core

State 4 <SV = 3> <Delay = 2.95>
ST_4 : Operation 59 [1/1] (0.00ns)   --->   "%lin_vy_read = read i32 @_ssdm_op_Read.ap_auto.i32, i32 %lin_vy"   --->   Operation 59 'read' 'lin_vy_read' <Predicate = true> <Delay = 0.00>
ST_4 : Operation 60 [1/1] (0.00ns)   --->   "%p_read_47 = read i32 @_ssdm_op_Read.ap_auto.i32, i32 %p_read15"   --->   Operation 60 'read' 'p_read_47' <Predicate = true> <Delay = 0.00>
ST_4 : Operation 61 [1/1] (0.00ns)   --->   "%sext_ln159_38 = sext i32 %lin_vy_read" [../src/fp_math_hls.cpp:159->../src/mpc_riccati_hls.cpp:199]   --->   Operation 61 'sext' 'sext_ln159_38' <Predicate = true> <Delay = 0.00>
ST_4 : Operation 62 [1/4] (2.29ns)   --->   "%product = mul i43 %sext_ln159_40, i43 %sext_ln159" [../src/fp_math_hls.cpp:159->../src/mpc_riccati_hls.cpp:183]   --->   Operation 62 'mul' 'product' <Predicate = true> <Delay = 2.29> <CoreInst = "Mul_DSP">   --->   Core 5 'Mul_DSP' <Latency = 3> <II = 1> <Delay = 2.29> <FuncUnit> <Opcode : 'mul'> <InPorts = 2> <OutPorts = 1>
ST_4 : Operation 63 [1/1] (0.00ns)   --->   "%specfucore_ln160 = specfucore void @_ssdm_op_SpecFUCore, i43 %product, i64 12, i64 3, i64 3, i1 0" [../src/fp_math_hls.cpp:160->../src/mpc_riccati_hls.cpp:183]   --->   Operation 63 'specfucore' 'specfucore_ln160' <Predicate = true> <Delay = 0.00>
ST_4 : Operation 64 [1/1] (0.00ns)   --->   "%trunc_ln = partselect i25 @_ssdm_op_PartSelect.i25.i43.i32.i32, i43 %product, i32 18, i32 42" [../src/mpc_riccati_hls.cpp:223]   --->   Operation 64 'partselect' 'trunc_ln' <Predicate = true> <Delay = 0.00>
ST_4 : Operation 65 [2/4] (2.29ns)   --->   "%product_292 = mul i43 %sext_ln159_41, i43 %sext_ln159_36" [../src/fp_math_hls.cpp:159->../src/mpc_riccati_hls.cpp:187]   --->   Operation 65 'mul' 'product_292' <Predicate = true> <Delay = 2.29> <CoreInst = "Mul_DSP">   --->   Core 5 'Mul_DSP' <Latency = 3> <II = 1> <Delay = 2.29> <FuncUnit> <Opcode : 'mul'> <InPorts = 2> <OutPorts = 1>
ST_4 : Operation 66 [3/4] (2.29ns)   --->   "%product_293 = mul i43 %sext_ln159_42, i43 %sext_ln159_37" [../src/fp_math_hls.cpp:159->../src/mpc_riccati_hls.cpp:191]   --->   Operation 66 'mul' 'product_293' <Predicate = true> <Delay = 2.29> <CoreInst = "Mul_DSP">   --->   Core 5 'Mul_DSP' <Latency = 3> <II = 1> <Delay = 2.29> <FuncUnit> <Opcode : 'mul'> <InPorts = 2> <OutPorts = 1>
ST_4 : Operation 67 [1/1] (0.00ns)   --->   "%sext_ln159_43 = sext i32 %p_read_47" [../src/fp_math_hls.cpp:159->../src/mpc_riccati_hls.cpp:195]   --->   Operation 67 'sext' 'sext_ln159_43' <Predicate = true> <Delay = 0.00>
ST_4 : Operation 68 [4/4] (2.95ns)   --->   "%product_294 = mul i43 %sext_ln159_43, i43 %sext_ln159_38" [../src/fp_math_hls.cpp:159->../src/mpc_riccati_hls.cpp:195]   --->   Operation 68 'mul' 'product_294' <Predicate = true> <Delay = 2.95> <CoreInst = "Mul_DSP">   --->   Core 5 'Mul_DSP' <Latency = 3> <II = 1> <Delay = 2.29> <FuncUnit> <Opcode : 'mul'> <InPorts = 2> <OutPorts = 1>
ST_4 : Operation 69 [1/4] (2.29ns)   --->   "%b0 = call i25 @affine_b0_term_hls, i32 %p_read_37, i18 %empty_599" [../src/mpc_riccati_hls.cpp:223]   --->   Operation 69 'call' 'b0' <Predicate = true> <Delay = 2.29> <CoreType = "Generic">   --->   Generic Core

State 5 <SV = 4> <Delay = 2.95>
ST_5 : Operation 70 [1/1] (0.00ns)   --->   "%lin_omega_read = read i32 @_ssdm_op_Read.ap_auto.i32, i32 %lin_omega"   --->   Operation 70 'read' 'lin_omega_read' <Predicate = true> <Delay = 0.00>
ST_5 : Operation 71 [1/1] (0.00ns)   --->   "%p_read_36 = read i32 @_ssdm_op_Read.ap_auto.i32, i32 %p_read26"   --->   Operation 71 'read' 'p_read_36' <Predicate = true> <Delay = 0.00>
ST_5 : Operation 72 [1/1] (0.00ns)   --->   "%p_read_42 = read i32 @_ssdm_op_Read.ap_auto.i32, i32 %p_read20"   --->   Operation 72 'read' 'p_read_42' <Predicate = true> <Delay = 0.00>
ST_5 : Operation 73 [1/1] (0.00ns)   --->   "%sext_ln159_39 = sext i32 %lin_omega_read" [../src/fp_math_hls.cpp:159->../src/mpc_riccati_hls.cpp:204]   --->   Operation 73 'sext' 'sext_ln159_39' <Predicate = true> <Delay = 0.00>
ST_5 : Operation 74 [1/4] (2.29ns)   --->   "%product_292 = mul i43 %sext_ln159_41, i43 %sext_ln159_36" [../src/fp_math_hls.cpp:159->../src/mpc_riccati_hls.cpp:187]   --->   Operation 74 'mul' 'product_292' <Predicate = true> <Delay = 2.29> <CoreInst = "Mul_DSP">   --->   Core 5 'Mul_DSP' <Latency = 3> <II = 1> <Delay = 2.29> <FuncUnit> <Opcode : 'mul'> <InPorts = 2> <OutPorts = 1>
ST_5 : Operation 75 [1/1] (0.00ns)   --->   "%specfucore_ln160 = specfucore void @_ssdm_op_SpecFUCore, i43 %product_292, i64 12, i64 3, i64 3, i1 0" [../src/fp_math_hls.cpp:160->../src/mpc_riccati_hls.cpp:187]   --->   Operation 75 'specfucore' 'specfucore_ln160' <Predicate = true> <Delay = 0.00>
ST_5 : Operation 76 [1/1] (0.00ns)   --->   "%trunc_ln223_1 = partselect i25 @_ssdm_op_PartSelect.i25.i43.i32.i32, i43 %product_292, i32 18, i32 42" [../src/mpc_riccati_hls.cpp:223]   --->   Operation 76 'partselect' 'trunc_ln223_1' <Predicate = true> <Delay = 0.00>
ST_5 : Operation 77 [2/4] (2.29ns)   --->   "%product_293 = mul i43 %sext_ln159_42, i43 %sext_ln159_37" [../src/fp_math_hls.cpp:159->../src/mpc_riccati_hls.cpp:191]   --->   Operation 77 'mul' 'product_293' <Predicate = true> <Delay = 2.29> <CoreInst = "Mul_DSP">   --->   Core 5 'Mul_DSP' <Latency = 3> <II = 1> <Delay = 2.29> <FuncUnit> <Opcode : 'mul'> <InPorts = 2> <OutPorts = 1>
ST_5 : Operation 78 [3/4] (2.29ns)   --->   "%product_294 = mul i43 %sext_ln159_43, i43 %sext_ln159_38" [../src/fp_math_hls.cpp:159->../src/mpc_riccati_hls.cpp:195]   --->   Operation 78 'mul' 'product_294' <Predicate = true> <Delay = 2.29> <CoreInst = "Mul_DSP">   --->   Core 5 'Mul_DSP' <Latency = 3> <II = 1> <Delay = 2.29> <FuncUnit> <Opcode : 'mul'> <InPorts = 2> <OutPorts = 1>
ST_5 : Operation 79 [1/1] (0.00ns)   --->   "%sext_ln159_44 = sext i32 %p_read_42" [../src/fp_math_hls.cpp:159->../src/mpc_riccati_hls.cpp:199]   --->   Operation 79 'sext' 'sext_ln159_44' <Predicate = true> <Delay = 0.00>
ST_5 : Operation 80 [4/4] (2.95ns)   --->   "%product_295 = mul i43 %sext_ln159_44, i43 %sext_ln159_39" [../src/fp_math_hls.cpp:159->../src/mpc_riccati_hls.cpp:199]   --->   Operation 80 'mul' 'product_295' <Predicate = true> <Delay = 2.95> <CoreInst = "Mul_DSP">   --->   Core 5 'Mul_DSP' <Latency = 3> <II = 1> <Delay = 2.29> <FuncUnit> <Opcode : 'mul'> <InPorts = 2> <OutPorts = 1>
ST_5 : Operation 81 [4/4] (2.63ns)   --->   "%b0_1 = call i25 @affine_b0_term_hls, i32 %p_read_36, i18 %empty_599" [../src/mpc_riccati_hls.cpp:223]   --->   Operation 81 'call' 'b0_1' <Predicate = true> <Delay = 2.63> <CoreType = "Generic">   --->   Generic Core

State 6 <SV = 5> <Delay = 3.00>
ST_6 : Operation 82 [1/1] (0.00ns)   --->   "%next_ey_read = read i32 @_ssdm_op_Read.ap_auto.i32, i32 %next_ey"   --->   Operation 82 'read' 'next_ey_read' <Predicate = true> <Delay = 0.00>
ST_6 : Operation 83 [1/1] (0.00ns)   --->   "%p_read158 = read i32 @_ssdm_op_Read.ap_auto.i32, i32 %p_read1"   --->   Operation 83 'read' 'p_read158' <Predicate = true> <Delay = 0.00>
ST_6 : Operation 84 [1/4] (2.29ns)   --->   "%product_293 = mul i43 %sext_ln159_42, i43 %sext_ln159_37" [../src/fp_math_hls.cpp:159->../src/mpc_riccati_hls.cpp:191]   --->   Operation 84 'mul' 'product_293' <Predicate = true> <Delay = 2.29> <CoreInst = "Mul_DSP">   --->   Core 5 'Mul_DSP' <Latency = 3> <II = 1> <Delay = 2.29> <FuncUnit> <Opcode : 'mul'> <InPorts = 2> <OutPorts = 1>
ST_6 : Operation 85 [1/1] (0.00ns)   --->   "%specfucore_ln160 = specfucore void @_ssdm_op_SpecFUCore, i43 %product_293, i64 12, i64 3, i64 3, i1 0" [../src/fp_math_hls.cpp:160->../src/mpc_riccati_hls.cpp:191]   --->   Operation 85 'specfucore' 'specfucore_ln160' <Predicate = true> <Delay = 0.00>
ST_6 : Operation 86 [1/1] (0.00ns)   --->   "%trunc_ln223_2 = partselect i25 @_ssdm_op_PartSelect.i25.i43.i32.i32, i43 %product_293, i32 18, i32 42" [../src/mpc_riccati_hls.cpp:223]   --->   Operation 86 'partselect' 'trunc_ln223_2' <Predicate = true> <Delay = 0.00>
ST_6 : Operation 87 [2/4] (2.29ns)   --->   "%product_294 = mul i43 %sext_ln159_43, i43 %sext_ln159_38" [../src/fp_math_hls.cpp:159->../src/mpc_riccati_hls.cpp:195]   --->   Operation 87 'mul' 'product_294' <Predicate = true> <Delay = 2.29> <CoreInst = "Mul_DSP">   --->   Core 5 'Mul_DSP' <Latency = 3> <II = 1> <Delay = 2.29> <FuncUnit> <Opcode : 'mul'> <InPorts = 2> <OutPorts = 1>
ST_6 : Operation 88 [3/4] (2.29ns)   --->   "%product_295 = mul i43 %sext_ln159_44, i43 %sext_ln159_39" [../src/fp_math_hls.cpp:159->../src/mpc_riccati_hls.cpp:199]   --->   Operation 88 'mul' 'product_295' <Predicate = true> <Delay = 2.29> <CoreInst = "Mul_DSP">   --->   Core 5 'Mul_DSP' <Latency = 3> <II = 1> <Delay = 2.29> <FuncUnit> <Opcode : 'mul'> <InPorts = 2> <OutPorts = 1>
ST_6 : Operation 89 [1/1] (0.00ns)   --->   "%trunc_ln223 = trunc i32 %next_ey_read" [../src/mpc_riccati_hls.cpp:223]   --->   Operation 89 'trunc' 'trunc_ln223' <Predicate = true> <Delay = 0.00>
ST_6 : Operation 90 [1/1] (0.94ns)   --->   "%sub_ln223 = sub i25 %trunc_ln223, i25 %trunc_ln" [../src/mpc_riccati_hls.cpp:223]   --->   Operation 90 'sub' 'sub_ln223' <Predicate = true> <Delay = 0.94> <CoreInst = "Adder">   --->   Core 1 'Adder' <Latency = 0> <II = 1> <Delay = 0.94> <FuncUnit> <Opcode : 'add' 'sub'> <InPorts = 2> <OutPorts = 1>
ST_6 : Operation 91 [1/1] (0.00ns) (grouped into TernaryAdder)   --->   "%sub_ln223_1 = sub i25 %sub_ln223, i25 %trunc_ln223_1" [../src/mpc_riccati_hls.cpp:223]   --->   Operation 91 'sub' 'sub_ln223_1' <Predicate = true> <Delay = 0.00> <CoreInst = "TAddSub">   --->   Core 10 'TAddSub' <Latency = 0> <II = 1> <Delay = 0.35> <IPBlock> <Opcode : 'add' 'sub'> <InPorts = 3> <OutPorts = 1> <Sync> <CReg>
ST_6 : Operation 92 [1/1] (0.71ns) (root node of TernaryAdder)   --->   "%sub_ln223_2 = sub i25 %sub_ln223_1, i25 %trunc_ln223_2" [../src/mpc_riccati_hls.cpp:223]   --->   Operation 92 'sub' 'sub_ln223_2' <Predicate = true> <Delay = 0.71> <CoreInst = "TAddSub">   --->   Core 10 'TAddSub' <Latency = 0> <II = 1> <Delay = 0.35> <IPBlock> <Opcode : 'add' 'sub'> <InPorts = 3> <OutPorts = 1> <Sync> <CReg>
ST_6 : Operation 93 [1/1] (0.00ns)   --->   "%sext_ln159_46 = sext i32 %p_read158" [../src/fp_math_hls.cpp:159->../src/mpc_riccati_hls.cpp:183]   --->   Operation 93 'sext' 'sext_ln159_46' <Predicate = true> <Delay = 0.00>
ST_6 : Operation 94 [4/4] (2.95ns)   --->   "%product_297 = mul i43 %sext_ln159_46, i43 %sext_ln159" [../src/fp_math_hls.cpp:159->../src/mpc_riccati_hls.cpp:183]   --->   Operation 94 'mul' 'product_297' <Predicate = true> <Delay = 2.95> <CoreInst = "Mul_DSP">   --->   Core 5 'Mul_DSP' <Latency = 3> <II = 1> <Delay = 2.29> <FuncUnit> <Opcode : 'mul'> <InPorts = 2> <OutPorts = 1>
ST_6 : Operation 95 [3/4] (2.29ns)   --->   "%b0_1 = call i25 @affine_b0_term_hls, i32 %p_read_36, i18 %empty_599" [../src/mpc_riccati_hls.cpp:223]   --->   Operation 95 'call' 'b0_1' <Predicate = true> <Delay = 2.29> <CoreType = "Generic">   --->   Generic Core

State 7 <SV = 6> <Delay = 2.95>
ST_7 : Operation 96 [1/1] (0.00ns)   --->   "%p_read_56 = read i32 @_ssdm_op_Read.ap_auto.i32, i32 %p_read6"   --->   Operation 96 'read' 'p_read_56' <Predicate = true> <Delay = 0.00>
ST_7 : Operation 97 [1/4] (2.29ns)   --->   "%product_294 = mul i43 %sext_ln159_43, i43 %sext_ln159_38" [../src/fp_math_hls.cpp:159->../src/mpc_riccati_hls.cpp:195]   --->   Operation 97 'mul' 'product_294' <Predicate = true> <Delay = 2.29> <CoreInst = "Mul_DSP">   --->   Core 5 'Mul_DSP' <Latency = 3> <II = 1> <Delay = 2.29> <FuncUnit> <Opcode : 'mul'> <InPorts = 2> <OutPorts = 1>
ST_7 : Operation 98 [1/1] (0.00ns)   --->   "%specfucore_ln160 = specfucore void @_ssdm_op_SpecFUCore, i43 %product_294, i64 12, i64 3, i64 3, i1 0" [../src/fp_math_hls.cpp:160->../src/mpc_riccati_hls.cpp:195]   --->   Operation 98 'specfucore' 'specfucore_ln160' <Predicate = true> <Delay = 0.00>
ST_7 : Operation 99 [1/1] (0.00ns)   --->   "%trunc_ln223_3 = partselect i25 @_ssdm_op_PartSelect.i25.i43.i32.i32, i43 %product_294, i32 18, i32 42" [../src/mpc_riccati_hls.cpp:223]   --->   Operation 99 'partselect' 'trunc_ln223_3' <Predicate = true> <Delay = 0.00>
ST_7 : Operation 100 [2/4] (2.29ns)   --->   "%product_295 = mul i43 %sext_ln159_44, i43 %sext_ln159_39" [../src/fp_math_hls.cpp:159->../src/mpc_riccati_hls.cpp:199]   --->   Operation 100 'mul' 'product_295' <Predicate = true> <Delay = 2.29> <CoreInst = "Mul_DSP">   --->   Core 5 'Mul_DSP' <Latency = 3> <II = 1> <Delay = 2.29> <FuncUnit> <Opcode : 'mul'> <InPorts = 2> <OutPorts = 1>
ST_7 : Operation 101 [3/4] (2.29ns)   --->   "%product_297 = mul i43 %sext_ln159_46, i43 %sext_ln159" [../src/fp_math_hls.cpp:159->../src/mpc_riccati_hls.cpp:183]   --->   Operation 101 'mul' 'product_297' <Predicate = true> <Delay = 2.29> <CoreInst = "Mul_DSP">   --->   Core 5 'Mul_DSP' <Latency = 3> <II = 1> <Delay = 2.29> <FuncUnit> <Opcode : 'mul'> <InPorts = 2> <OutPorts = 1>
ST_7 : Operation 102 [1/1] (0.00ns)   --->   "%sext_ln159_47 = sext i32 %p_read_56" [../src/fp_math_hls.cpp:159->../src/mpc_riccati_hls.cpp:187]   --->   Operation 102 'sext' 'sext_ln159_47' <Predicate = true> <Delay = 0.00>
ST_7 : Operation 103 [4/4] (2.95ns)   --->   "%product_298 = mul i43 %sext_ln159_47, i43 %sext_ln159_36" [../src/fp_math_hls.cpp:159->../src/mpc_riccati_hls.cpp:187]   --->   Operation 103 'mul' 'product_298' <Predicate = true> <Delay = 2.95> <CoreInst = "Mul_DSP">   --->   Core 5 'Mul_DSP' <Latency = 3> <II = 1> <Delay = 2.29> <FuncUnit> <Opcode : 'mul'> <InPorts = 2> <OutPorts = 1>
ST_7 : Operation 104 [2/4] (2.29ns)   --->   "%b0_1 = call i25 @affine_b0_term_hls, i32 %p_read_36, i18 %empty_599" [../src/mpc_riccati_hls.cpp:223]   --->   Operation 104 'call' 'b0_1' <Predicate = true> <Delay = 2.29> <CoreType = "Generic">   --->   Generic Core

State 8 <SV = 7> <Delay = 3.00>
ST_8 : Operation 105 [1/1] (0.00ns)   --->   "%p_read_51 = read i32 @_ssdm_op_Read.ap_auto.i32, i32 %p_read11"   --->   Operation 105 'read' 'p_read_51' <Predicate = true> <Delay = 0.00>
ST_8 : Operation 106 [1/4] (2.29ns)   --->   "%product_295 = mul i43 %sext_ln159_44, i43 %sext_ln159_39" [../src/fp_math_hls.cpp:159->../src/mpc_riccati_hls.cpp:199]   --->   Operation 106 'mul' 'product_295' <Predicate = true> <Delay = 2.29> <CoreInst = "Mul_DSP">   --->   Core 5 'Mul_DSP' <Latency = 3> <II = 1> <Delay = 2.29> <FuncUnit> <Opcode : 'mul'> <InPorts = 2> <OutPorts = 1>
ST_8 : Operation 107 [1/1] (0.00ns)   --->   "%specfucore_ln160 = specfucore void @_ssdm_op_SpecFUCore, i43 %product_295, i64 12, i64 3, i64 3, i1 0" [../src/fp_math_hls.cpp:160->../src/mpc_riccati_hls.cpp:199]   --->   Operation 107 'specfucore' 'specfucore_ln160' <Predicate = true> <Delay = 0.00>
ST_8 : Operation 108 [1/1] (0.00ns)   --->   "%trunc_ln223_4 = partselect i25 @_ssdm_op_PartSelect.i25.i43.i32.i32, i43 %product_295, i32 18, i32 42" [../src/mpc_riccati_hls.cpp:223]   --->   Operation 108 'partselect' 'trunc_ln223_4' <Predicate = true> <Delay = 0.00>
ST_8 : Operation 109 [1/1] (0.00ns) (grouped into TernaryAdder)   --->   "%sub_ln223_3 = sub i25 %sub_ln223_2, i25 %trunc_ln223_3" [../src/mpc_riccati_hls.cpp:223]   --->   Operation 109 'sub' 'sub_ln223_3' <Predicate = true> <Delay = 0.00> <CoreInst = "TAddSub">   --->   Core 10 'TAddSub' <Latency = 0> <II = 1> <Delay = 0.35> <IPBlock> <Opcode : 'add' 'sub'> <InPorts = 3> <OutPorts = 1> <Sync> <CReg>
ST_8 : Operation 110 [1/1] (0.71ns) (root node of TernaryAdder)   --->   "%sub_ln223_4 = sub i25 %sub_ln223_3, i25 %trunc_ln223_4" [../src/mpc_riccati_hls.cpp:223]   --->   Operation 110 'sub' 'sub_ln223_4' <Predicate = true> <Delay = 0.71> <CoreInst = "TAddSub">   --->   Core 10 'TAddSub' <Latency = 0> <II = 1> <Delay = 0.35> <IPBlock> <Opcode : 'add' 'sub'> <InPorts = 3> <OutPorts = 1> <Sync> <CReg>
ST_8 : Operation 111 [2/4] (2.29ns)   --->   "%product_297 = mul i43 %sext_ln159_46, i43 %sext_ln159" [../src/fp_math_hls.cpp:159->../src/mpc_riccati_hls.cpp:183]   --->   Operation 111 'mul' 'product_297' <Predicate = true> <Delay = 2.29> <CoreInst = "Mul_DSP">   --->   Core 5 'Mul_DSP' <Latency = 3> <II = 1> <Delay = 2.29> <FuncUnit> <Opcode : 'mul'> <InPorts = 2> <OutPorts = 1>
ST_8 : Operation 112 [3/4] (2.29ns)   --->   "%product_298 = mul i43 %sext_ln159_47, i43 %sext_ln159_36" [../src/fp_math_hls.cpp:159->../src/mpc_riccati_hls.cpp:187]   --->   Operation 112 'mul' 'product_298' <Predicate = true> <Delay = 2.29> <CoreInst = "Mul_DSP">   --->   Core 5 'Mul_DSP' <Latency = 3> <II = 1> <Delay = 2.29> <FuncUnit> <Opcode : 'mul'> <InPorts = 2> <OutPorts = 1>
ST_8 : Operation 113 [1/1] (0.00ns)   --->   "%sext_ln159_48 = sext i32 %p_read_51" [../src/fp_math_hls.cpp:159->../src/mpc_riccati_hls.cpp:191]   --->   Operation 113 'sext' 'sext_ln159_48' <Predicate = true> <Delay = 0.00>
ST_8 : Operation 114 [4/4] (2.95ns)   --->   "%product_299 = mul i43 %sext_ln159_48, i43 %sext_ln159_37" [../src/fp_math_hls.cpp:159->../src/mpc_riccati_hls.cpp:191]   --->   Operation 114 'mul' 'product_299' <Predicate = true> <Delay = 2.95> <CoreInst = "Mul_DSP">   --->   Core 5 'Mul_DSP' <Latency = 3> <II = 1> <Delay = 2.29> <FuncUnit> <Opcode : 'mul'> <InPorts = 2> <OutPorts = 1>
ST_8 : Operation 115 [1/4] (2.29ns)   --->   "%b0_1 = call i25 @affine_b0_term_hls, i32 %p_read_36, i18 %empty_599" [../src/mpc_riccati_hls.cpp:223]   --->   Operation 115 'call' 'b0_1' <Predicate = true> <Delay = 2.29> <CoreType = "Generic">   --->   Generic Core

State 9 <SV = 8> <Delay = 2.95>
ST_9 : Operation 116 [1/1] (0.00ns)   --->   "%p_read_35 = read i32 @_ssdm_op_Read.ap_auto.i32, i32 %p_read27"   --->   Operation 116 'read' 'p_read_35' <Predicate = true> <Delay = 0.00>
ST_9 : Operation 117 [1/1] (0.00ns)   --->   "%p_read_46 = read i32 @_ssdm_op_Read.ap_auto.i32, i32 %p_read16"   --->   Operation 117 'read' 'p_read_46' <Predicate = true> <Delay = 0.00>
ST_9 : Operation 118 [1/4] (2.29ns)   --->   "%product_297 = mul i43 %sext_ln159_46, i43 %sext_ln159" [../src/fp_math_hls.cpp:159->../src/mpc_riccati_hls.cpp:183]   --->   Operation 118 'mul' 'product_297' <Predicate = true> <Delay = 2.29> <CoreInst = "Mul_DSP">   --->   Core 5 'Mul_DSP' <Latency = 3> <II = 1> <Delay = 2.29> <FuncUnit> <Opcode : 'mul'> <InPorts = 2> <OutPorts = 1>
ST_9 : Operation 119 [1/1] (0.00ns)   --->   "%specfucore_ln160 = specfucore void @_ssdm_op_SpecFUCore, i43 %product_297, i64 12, i64 3, i64 3, i1 0" [../src/fp_math_hls.cpp:160->../src/mpc_riccati_hls.cpp:183]   --->   Operation 119 'specfucore' 'specfucore_ln160' <Predicate = true> <Delay = 0.00>
ST_9 : Operation 120 [1/1] (0.00ns)   --->   "%trunc_ln223_6 = partselect i25 @_ssdm_op_PartSelect.i25.i43.i32.i32, i43 %product_297, i32 18, i32 42" [../src/mpc_riccati_hls.cpp:223]   --->   Operation 120 'partselect' 'trunc_ln223_6' <Predicate = true> <Delay = 0.00>
ST_9 : Operation 121 [2/4] (2.29ns)   --->   "%product_298 = mul i43 %sext_ln159_47, i43 %sext_ln159_36" [../src/fp_math_hls.cpp:159->../src/mpc_riccati_hls.cpp:187]   --->   Operation 121 'mul' 'product_298' <Predicate = true> <Delay = 2.29> <CoreInst = "Mul_DSP">   --->   Core 5 'Mul_DSP' <Latency = 3> <II = 1> <Delay = 2.29> <FuncUnit> <Opcode : 'mul'> <InPorts = 2> <OutPorts = 1>
ST_9 : Operation 122 [3/4] (2.29ns)   --->   "%product_299 = mul i43 %sext_ln159_48, i43 %sext_ln159_37" [../src/fp_math_hls.cpp:159->../src/mpc_riccati_hls.cpp:191]   --->   Operation 122 'mul' 'product_299' <Predicate = true> <Delay = 2.29> <CoreInst = "Mul_DSP">   --->   Core 5 'Mul_DSP' <Latency = 3> <II = 1> <Delay = 2.29> <FuncUnit> <Opcode : 'mul'> <InPorts = 2> <OutPorts = 1>
ST_9 : Operation 123 [1/1] (0.00ns)   --->   "%sext_ln159_49 = sext i32 %p_read_46" [../src/fp_math_hls.cpp:159->../src/mpc_riccati_hls.cpp:195]   --->   Operation 123 'sext' 'sext_ln159_49' <Predicate = true> <Delay = 0.00>
ST_9 : Operation 124 [4/4] (2.95ns)   --->   "%product_300 = mul i43 %sext_ln159_49, i43 %sext_ln159_38" [../src/fp_math_hls.cpp:159->../src/mpc_riccati_hls.cpp:195]   --->   Operation 124 'mul' 'product_300' <Predicate = true> <Delay = 2.95> <CoreInst = "Mul_DSP">   --->   Core 5 'Mul_DSP' <Latency = 3> <II = 1> <Delay = 2.29> <FuncUnit> <Opcode : 'mul'> <InPorts = 2> <OutPorts = 1>
ST_9 : Operation 125 [4/4] (2.63ns)   --->   "%b0_2 = call i25 @affine_b0_term_hls, i32 %p_read_35, i18 %empty_599" [../src/mpc_riccati_hls.cpp:223]   --->   Operation 125 'call' 'b0_2' <Predicate = true> <Delay = 2.63> <CoreType = "Generic">   --->   Generic Core

State 10 <SV = 9> <Delay = 2.95>
ST_10 : Operation 126 [1/1] (0.00ns)   --->   "%p_read_41 = read i32 @_ssdm_op_Read.ap_auto.i32, i32 %p_read21"   --->   Operation 126 'read' 'p_read_41' <Predicate = true> <Delay = 0.00>
ST_10 : Operation 127 [1/4] (2.29ns)   --->   "%product_298 = mul i43 %sext_ln159_47, i43 %sext_ln159_36" [../src/fp_math_hls.cpp:159->../src/mpc_riccati_hls.cpp:187]   --->   Operation 127 'mul' 'product_298' <Predicate = true> <Delay = 2.29> <CoreInst = "Mul_DSP">   --->   Core 5 'Mul_DSP' <Latency = 3> <II = 1> <Delay = 2.29> <FuncUnit> <Opcode : 'mul'> <InPorts = 2> <OutPorts = 1>
ST_10 : Operation 128 [1/1] (0.00ns)   --->   "%specfucore_ln160 = specfucore void @_ssdm_op_SpecFUCore, i43 %product_298, i64 12, i64 3, i64 3, i1 0" [../src/fp_math_hls.cpp:160->../src/mpc_riccati_hls.cpp:187]   --->   Operation 128 'specfucore' 'specfucore_ln160' <Predicate = true> <Delay = 0.00>
ST_10 : Operation 129 [1/1] (0.00ns)   --->   "%trunc_ln223_8 = partselect i25 @_ssdm_op_PartSelect.i25.i43.i32.i32, i43 %product_298, i32 18, i32 42" [../src/mpc_riccati_hls.cpp:223]   --->   Operation 129 'partselect' 'trunc_ln223_8' <Predicate = true> <Delay = 0.00>
ST_10 : Operation 130 [2/4] (2.29ns)   --->   "%product_299 = mul i43 %sext_ln159_48, i43 %sext_ln159_37" [../src/fp_math_hls.cpp:159->../src/mpc_riccati_hls.cpp:191]   --->   Operation 130 'mul' 'product_299' <Predicate = true> <Delay = 2.29> <CoreInst = "Mul_DSP">   --->   Core 5 'Mul_DSP' <Latency = 3> <II = 1> <Delay = 2.29> <FuncUnit> <Opcode : 'mul'> <InPorts = 2> <OutPorts = 1>
ST_10 : Operation 131 [3/4] (2.29ns)   --->   "%product_300 = mul i43 %sext_ln159_49, i43 %sext_ln159_38" [../src/fp_math_hls.cpp:159->../src/mpc_riccati_hls.cpp:195]   --->   Operation 131 'mul' 'product_300' <Predicate = true> <Delay = 2.29> <CoreInst = "Mul_DSP">   --->   Core 5 'Mul_DSP' <Latency = 3> <II = 1> <Delay = 2.29> <FuncUnit> <Opcode : 'mul'> <InPorts = 2> <OutPorts = 1>
ST_10 : Operation 132 [1/1] (0.00ns)   --->   "%sext_ln159_50 = sext i32 %p_read_41" [../src/fp_math_hls.cpp:159->../src/mpc_riccati_hls.cpp:199]   --->   Operation 132 'sext' 'sext_ln159_50' <Predicate = true> <Delay = 0.00>
ST_10 : Operation 133 [4/4] (2.95ns)   --->   "%product_301 = mul i43 %sext_ln159_50, i43 %sext_ln159_39" [../src/fp_math_hls.cpp:159->../src/mpc_riccati_hls.cpp:199]   --->   Operation 133 'mul' 'product_301' <Predicate = true> <Delay = 2.95> <CoreInst = "Mul_DSP">   --->   Core 5 'Mul_DSP' <Latency = 3> <II = 1> <Delay = 2.29> <FuncUnit> <Opcode : 'mul'> <InPorts = 2> <OutPorts = 1>
ST_10 : Operation 134 [3/4] (2.29ns)   --->   "%b0_2 = call i25 @affine_b0_term_hls, i32 %p_read_35, i18 %empty_599" [../src/mpc_riccati_hls.cpp:223]   --->   Operation 134 'call' 'b0_2' <Predicate = true> <Delay = 2.29> <CoreType = "Generic">   --->   Generic Core

State 11 <SV = 10> <Delay = 3.00>
ST_11 : Operation 135 [1/1] (0.00ns)   --->   "%next_epsi_read = read i32 @_ssdm_op_Read.ap_auto.i32, i32 %next_epsi"   --->   Operation 135 'read' 'next_epsi_read' <Predicate = true> <Delay = 0.00>
ST_11 : Operation 136 [1/1] (0.00ns)   --->   "%p_read259 = read i32 @_ssdm_op_Read.ap_auto.i32, i32 %p_read2"   --->   Operation 136 'read' 'p_read259' <Predicate = true> <Delay = 0.00>
ST_11 : Operation 137 [1/4] (2.29ns)   --->   "%product_299 = mul i43 %sext_ln159_48, i43 %sext_ln159_37" [../src/fp_math_hls.cpp:159->../src/mpc_riccati_hls.cpp:191]   --->   Operation 137 'mul' 'product_299' <Predicate = true> <Delay = 2.29> <CoreInst = "Mul_DSP">   --->   Core 5 'Mul_DSP' <Latency = 3> <II = 1> <Delay = 2.29> <FuncUnit> <Opcode : 'mul'> <InPorts = 2> <OutPorts = 1>
ST_11 : Operation 138 [1/1] (0.00ns)   --->   "%specfucore_ln160 = specfucore void @_ssdm_op_SpecFUCore, i43 %product_299, i64 12, i64 3, i64 3, i1 0" [../src/fp_math_hls.cpp:160->../src/mpc_riccati_hls.cpp:191]   --->   Operation 138 'specfucore' 'specfucore_ln160' <Predicate = true> <Delay = 0.00>
ST_11 : Operation 139 [1/1] (0.00ns)   --->   "%trunc_ln223_9 = partselect i25 @_ssdm_op_PartSelect.i25.i43.i32.i32, i43 %product_299, i32 18, i32 42" [../src/mpc_riccati_hls.cpp:223]   --->   Operation 139 'partselect' 'trunc_ln223_9' <Predicate = true> <Delay = 0.00>
ST_11 : Operation 140 [2/4] (2.29ns)   --->   "%product_300 = mul i43 %sext_ln159_49, i43 %sext_ln159_38" [../src/fp_math_hls.cpp:159->../src/mpc_riccati_hls.cpp:195]   --->   Operation 140 'mul' 'product_300' <Predicate = true> <Delay = 2.29> <CoreInst = "Mul_DSP">   --->   Core 5 'Mul_DSP' <Latency = 3> <II = 1> <Delay = 2.29> <FuncUnit> <Opcode : 'mul'> <InPorts = 2> <OutPorts = 1>
ST_11 : Operation 141 [3/4] (2.29ns)   --->   "%product_301 = mul i43 %sext_ln159_50, i43 %sext_ln159_39" [../src/fp_math_hls.cpp:159->../src/mpc_riccati_hls.cpp:199]   --->   Operation 141 'mul' 'product_301' <Predicate = true> <Delay = 2.29> <CoreInst = "Mul_DSP">   --->   Core 5 'Mul_DSP' <Latency = 3> <II = 1> <Delay = 2.29> <FuncUnit> <Opcode : 'mul'> <InPorts = 2> <OutPorts = 1>
ST_11 : Operation 142 [1/1] (0.00ns)   --->   "%trunc_ln223_11 = trunc i32 %next_epsi_read" [../src/mpc_riccati_hls.cpp:223]   --->   Operation 142 'trunc' 'trunc_ln223_11' <Predicate = true> <Delay = 0.00>
ST_11 : Operation 143 [1/1] (0.94ns)   --->   "%sub_ln223_7 = sub i25 %trunc_ln223_11, i25 %trunc_ln223_6" [../src/mpc_riccati_hls.cpp:223]   --->   Operation 143 'sub' 'sub_ln223_7' <Predicate = true> <Delay = 0.94> <CoreInst = "Adder">   --->   Core 1 'Adder' <Latency = 0> <II = 1> <Delay = 0.94> <FuncUnit> <Opcode : 'add' 'sub'> <InPorts = 2> <OutPorts = 1>
ST_11 : Operation 144 [1/1] (0.00ns) (grouped into TernaryAdder)   --->   "%sub_ln223_8 = sub i25 %sub_ln223_7, i25 %trunc_ln223_8" [../src/mpc_riccati_hls.cpp:223]   --->   Operation 144 'sub' 'sub_ln223_8' <Predicate = true> <Delay = 0.00> <CoreInst = "TAddSub">   --->   Core 10 'TAddSub' <Latency = 0> <II = 1> <Delay = 0.35> <IPBlock> <Opcode : 'add' 'sub'> <InPorts = 3> <OutPorts = 1> <Sync> <CReg>
ST_11 : Operation 145 [1/1] (0.71ns) (root node of TernaryAdder)   --->   "%sub_ln223_9 = sub i25 %sub_ln223_8, i25 %trunc_ln223_9" [../src/mpc_riccati_hls.cpp:223]   --->   Operation 145 'sub' 'sub_ln223_9' <Predicate = true> <Delay = 0.71> <CoreInst = "TAddSub">   --->   Core 10 'TAddSub' <Latency = 0> <II = 1> <Delay = 0.35> <IPBlock> <Opcode : 'add' 'sub'> <InPorts = 3> <OutPorts = 1> <Sync> <CReg>
ST_11 : Operation 146 [1/1] (0.00ns)   --->   "%sext_ln159_52 = sext i32 %p_read259" [../src/fp_math_hls.cpp:159->../src/mpc_riccati_hls.cpp:183]   --->   Operation 146 'sext' 'sext_ln159_52' <Predicate = true> <Delay = 0.00>
ST_11 : Operation 147 [4/4] (2.95ns)   --->   "%product_303 = mul i43 %sext_ln159_52, i43 %sext_ln159" [../src/fp_math_hls.cpp:159->../src/mpc_riccati_hls.cpp:183]   --->   Operation 147 'mul' 'product_303' <Predicate = true> <Delay = 2.95> <CoreInst = "Mul_DSP">   --->   Core 5 'Mul_DSP' <Latency = 3> <II = 1> <Delay = 2.29> <FuncUnit> <Opcode : 'mul'> <InPorts = 2> <OutPorts = 1>
ST_11 : Operation 148 [2/4] (2.29ns)   --->   "%b0_2 = call i25 @affine_b0_term_hls, i32 %p_read_35, i18 %empty_599" [../src/mpc_riccati_hls.cpp:223]   --->   Operation 148 'call' 'b0_2' <Predicate = true> <Delay = 2.29> <CoreType = "Generic">   --->   Generic Core

State 12 <SV = 11> <Delay = 2.95>
ST_12 : Operation 149 [1/1] (0.00ns)   --->   "%p_read_55 = read i32 @_ssdm_op_Read.ap_auto.i32, i32 %p_read7"   --->   Operation 149 'read' 'p_read_55' <Predicate = true> <Delay = 0.00>
ST_12 : Operation 150 [1/4] (2.29ns)   --->   "%product_300 = mul i43 %sext_ln159_49, i43 %sext_ln159_38" [../src/fp_math_hls.cpp:159->../src/mpc_riccati_hls.cpp:195]   --->   Operation 150 'mul' 'product_300' <Predicate = true> <Delay = 2.29> <CoreInst = "Mul_DSP">   --->   Core 5 'Mul_DSP' <Latency = 3> <II = 1> <Delay = 2.29> <FuncUnit> <Opcode : 'mul'> <InPorts = 2> <OutPorts = 1>
ST_12 : Operation 151 [1/1] (0.00ns)   --->   "%specfucore_ln160 = specfucore void @_ssdm_op_SpecFUCore, i43 %product_300, i64 12, i64 3, i64 3, i1 0" [../src/fp_math_hls.cpp:160->../src/mpc_riccati_hls.cpp:195]   --->   Operation 151 'specfucore' 'specfucore_ln160' <Predicate = true> <Delay = 0.00>
ST_12 : Operation 152 [1/1] (0.00ns)   --->   "%trunc_ln223_s = partselect i25 @_ssdm_op_PartSelect.i25.i43.i32.i32, i43 %product_300, i32 18, i32 42" [../src/mpc_riccati_hls.cpp:223]   --->   Operation 152 'partselect' 'trunc_ln223_s' <Predicate = true> <Delay = 0.00>
ST_12 : Operation 153 [2/4] (2.29ns)   --->   "%product_301 = mul i43 %sext_ln159_50, i43 %sext_ln159_39" [../src/fp_math_hls.cpp:159->../src/mpc_riccati_hls.cpp:199]   --->   Operation 153 'mul' 'product_301' <Predicate = true> <Delay = 2.29> <CoreInst = "Mul_DSP">   --->   Core 5 'Mul_DSP' <Latency = 3> <II = 1> <Delay = 2.29> <FuncUnit> <Opcode : 'mul'> <InPorts = 2> <OutPorts = 1>
ST_12 : Operation 154 [3/4] (2.29ns)   --->   "%product_303 = mul i43 %sext_ln159_52, i43 %sext_ln159" [../src/fp_math_hls.cpp:159->../src/mpc_riccati_hls.cpp:183]   --->   Operation 154 'mul' 'product_303' <Predicate = true> <Delay = 2.29> <CoreInst = "Mul_DSP">   --->   Core 5 'Mul_DSP' <Latency = 3> <II = 1> <Delay = 2.29> <FuncUnit> <Opcode : 'mul'> <InPorts = 2> <OutPorts = 1>
ST_12 : Operation 155 [1/1] (0.00ns)   --->   "%sext_ln159_53 = sext i32 %p_read_55" [../src/fp_math_hls.cpp:159->../src/mpc_riccati_hls.cpp:187]   --->   Operation 155 'sext' 'sext_ln159_53' <Predicate = true> <Delay = 0.00>
ST_12 : Operation 156 [4/4] (2.95ns)   --->   "%product_304 = mul i43 %sext_ln159_53, i43 %sext_ln159_36" [../src/fp_math_hls.cpp:159->../src/mpc_riccati_hls.cpp:187]   --->   Operation 156 'mul' 'product_304' <Predicate = true> <Delay = 2.95> <CoreInst = "Mul_DSP">   --->   Core 5 'Mul_DSP' <Latency = 3> <II = 1> <Delay = 2.29> <FuncUnit> <Opcode : 'mul'> <InPorts = 2> <OutPorts = 1>
ST_12 : Operation 157 [1/4] (2.29ns)   --->   "%b0_2 = call i25 @affine_b0_term_hls, i32 %p_read_35, i18 %empty_599" [../src/mpc_riccati_hls.cpp:223]   --->   Operation 157 'call' 'b0_2' <Predicate = true> <Delay = 2.29> <CoreType = "Generic">   --->   Generic Core

State 13 <SV = 12> <Delay = 3.00>
ST_13 : Operation 158 [1/1] (0.00ns)   --->   "%p_read_34 = read i32 @_ssdm_op_Read.ap_auto.i32, i32 %p_read28"   --->   Operation 158 'read' 'p_read_34' <Predicate = true> <Delay = 0.00>
ST_13 : Operation 159 [1/1] (0.00ns)   --->   "%p_read_50 = read i32 @_ssdm_op_Read.ap_auto.i32, i32 %p_read12"   --->   Operation 159 'read' 'p_read_50' <Predicate = true> <Delay = 0.00>
ST_13 : Operation 160 [1/4] (2.29ns)   --->   "%product_301 = mul i43 %sext_ln159_50, i43 %sext_ln159_39" [../src/fp_math_hls.cpp:159->../src/mpc_riccati_hls.cpp:199]   --->   Operation 160 'mul' 'product_301' <Predicate = true> <Delay = 2.29> <CoreInst = "Mul_DSP">   --->   Core 5 'Mul_DSP' <Latency = 3> <II = 1> <Delay = 2.29> <FuncUnit> <Opcode : 'mul'> <InPorts = 2> <OutPorts = 1>
ST_13 : Operation 161 [1/1] (0.00ns)   --->   "%specfucore_ln160 = specfucore void @_ssdm_op_SpecFUCore, i43 %product_301, i64 12, i64 3, i64 3, i1 0" [../src/fp_math_hls.cpp:160->../src/mpc_riccati_hls.cpp:199]   --->   Operation 161 'specfucore' 'specfucore_ln160' <Predicate = true> <Delay = 0.00>
ST_13 : Operation 162 [1/1] (0.00ns)   --->   "%trunc_ln223_7 = partselect i25 @_ssdm_op_PartSelect.i25.i43.i32.i32, i43 %product_301, i32 18, i32 42" [../src/mpc_riccati_hls.cpp:223]   --->   Operation 162 'partselect' 'trunc_ln223_7' <Predicate = true> <Delay = 0.00>
ST_13 : Operation 163 [1/1] (0.00ns) (grouped into TernaryAdder)   --->   "%sub_ln223_10 = sub i25 %sub_ln223_9, i25 %trunc_ln223_s" [../src/mpc_riccati_hls.cpp:223]   --->   Operation 163 'sub' 'sub_ln223_10' <Predicate = true> <Delay = 0.00> <CoreInst = "TAddSub">   --->   Core 10 'TAddSub' <Latency = 0> <II = 1> <Delay = 0.35> <IPBlock> <Opcode : 'add' 'sub'> <InPorts = 3> <OutPorts = 1> <Sync> <CReg>
ST_13 : Operation 164 [1/1] (0.71ns) (root node of TernaryAdder)   --->   "%sub_ln223_11 = sub i25 %sub_ln223_10, i25 %trunc_ln223_7" [../src/mpc_riccati_hls.cpp:223]   --->   Operation 164 'sub' 'sub_ln223_11' <Predicate = true> <Delay = 0.71> <CoreInst = "TAddSub">   --->   Core 10 'TAddSub' <Latency = 0> <II = 1> <Delay = 0.35> <IPBlock> <Opcode : 'add' 'sub'> <InPorts = 3> <OutPorts = 1> <Sync> <CReg>
ST_13 : Operation 165 [2/4] (2.29ns)   --->   "%product_303 = mul i43 %sext_ln159_52, i43 %sext_ln159" [../src/fp_math_hls.cpp:159->../src/mpc_riccati_hls.cpp:183]   --->   Operation 165 'mul' 'product_303' <Predicate = true> <Delay = 2.29> <CoreInst = "Mul_DSP">   --->   Core 5 'Mul_DSP' <Latency = 3> <II = 1> <Delay = 2.29> <FuncUnit> <Opcode : 'mul'> <InPorts = 2> <OutPorts = 1>
ST_13 : Operation 166 [3/4] (2.29ns)   --->   "%product_304 = mul i43 %sext_ln159_53, i43 %sext_ln159_36" [../src/fp_math_hls.cpp:159->../src/mpc_riccati_hls.cpp:187]   --->   Operation 166 'mul' 'product_304' <Predicate = true> <Delay = 2.29> <CoreInst = "Mul_DSP">   --->   Core 5 'Mul_DSP' <Latency = 3> <II = 1> <Delay = 2.29> <FuncUnit> <Opcode : 'mul'> <InPorts = 2> <OutPorts = 1>
ST_13 : Operation 167 [1/1] (0.00ns)   --->   "%sext_ln159_54 = sext i32 %p_read_50" [../src/fp_math_hls.cpp:159->../src/mpc_riccati_hls.cpp:191]   --->   Operation 167 'sext' 'sext_ln159_54' <Predicate = true> <Delay = 0.00>
ST_13 : Operation 168 [4/4] (2.95ns)   --->   "%product_305 = mul i43 %sext_ln159_54, i43 %sext_ln159_37" [../src/fp_math_hls.cpp:159->../src/mpc_riccati_hls.cpp:191]   --->   Operation 168 'mul' 'product_305' <Predicate = true> <Delay = 2.95> <CoreInst = "Mul_DSP">   --->   Core 5 'Mul_DSP' <Latency = 3> <II = 1> <Delay = 2.29> <FuncUnit> <Opcode : 'mul'> <InPorts = 2> <OutPorts = 1>
ST_13 : Operation 169 [4/4] (2.63ns)   --->   "%b0_3 = call i25 @affine_b0_term_hls, i32 %p_read_34, i18 %empty_599" [../src/mpc_riccati_hls.cpp:223]   --->   Operation 169 'call' 'b0_3' <Predicate = true> <Delay = 2.63> <CoreType = "Generic">   --->   Generic Core

State 14 <SV = 13> <Delay = 2.95>
ST_14 : Operation 170 [1/1] (0.00ns)   --->   "%p_read_45 = read i32 @_ssdm_op_Read.ap_auto.i32, i32 %p_read17"   --->   Operation 170 'read' 'p_read_45' <Predicate = true> <Delay = 0.00>
ST_14 : Operation 171 [1/4] (2.29ns)   --->   "%product_303 = mul i43 %sext_ln159_52, i43 %sext_ln159" [../src/fp_math_hls.cpp:159->../src/mpc_riccati_hls.cpp:183]   --->   Operation 171 'mul' 'product_303' <Predicate = true> <Delay = 2.29> <CoreInst = "Mul_DSP">   --->   Core 5 'Mul_DSP' <Latency = 3> <II = 1> <Delay = 2.29> <FuncUnit> <Opcode : 'mul'> <InPorts = 2> <OutPorts = 1>
ST_14 : Operation 172 [1/1] (0.00ns)   --->   "%specfucore_ln160 = specfucore void @_ssdm_op_SpecFUCore, i43 %product_303, i64 12, i64 3, i64 3, i1 0" [../src/fp_math_hls.cpp:160->../src/mpc_riccati_hls.cpp:183]   --->   Operation 172 'specfucore' 'specfucore_ln160' <Predicate = true> <Delay = 0.00>
ST_14 : Operation 173 [1/1] (0.00ns)   --->   "%trunc_ln223_12 = partselect i25 @_ssdm_op_PartSelect.i25.i43.i32.i32, i43 %product_303, i32 18, i32 42" [../src/mpc_riccati_hls.cpp:223]   --->   Operation 173 'partselect' 'trunc_ln223_12' <Predicate = true> <Delay = 0.00>
ST_14 : Operation 174 [2/4] (2.29ns)   --->   "%product_304 = mul i43 %sext_ln159_53, i43 %sext_ln159_36" [../src/fp_math_hls.cpp:159->../src/mpc_riccati_hls.cpp:187]   --->   Operation 174 'mul' 'product_304' <Predicate = true> <Delay = 2.29> <CoreInst = "Mul_DSP">   --->   Core 5 'Mul_DSP' <Latency = 3> <II = 1> <Delay = 2.29> <FuncUnit> <Opcode : 'mul'> <InPorts = 2> <OutPorts = 1>
ST_14 : Operation 175 [3/4] (2.29ns)   --->   "%product_305 = mul i43 %sext_ln159_54, i43 %sext_ln159_37" [../src/fp_math_hls.cpp:159->../src/mpc_riccati_hls.cpp:191]   --->   Operation 175 'mul' 'product_305' <Predicate = true> <Delay = 2.29> <CoreInst = "Mul_DSP">   --->   Core 5 'Mul_DSP' <Latency = 3> <II = 1> <Delay = 2.29> <FuncUnit> <Opcode : 'mul'> <InPorts = 2> <OutPorts = 1>
ST_14 : Operation 176 [1/1] (0.00ns)   --->   "%sext_ln159_55 = sext i32 %p_read_45" [../src/fp_math_hls.cpp:159->../src/mpc_riccati_hls.cpp:195]   --->   Operation 176 'sext' 'sext_ln159_55' <Predicate = true> <Delay = 0.00>
ST_14 : Operation 177 [4/4] (2.95ns)   --->   "%product_306 = mul i43 %sext_ln159_55, i43 %sext_ln159_38" [../src/fp_math_hls.cpp:159->../src/mpc_riccati_hls.cpp:195]   --->   Operation 177 'mul' 'product_306' <Predicate = true> <Delay = 2.95> <CoreInst = "Mul_DSP">   --->   Core 5 'Mul_DSP' <Latency = 3> <II = 1> <Delay = 2.29> <FuncUnit> <Opcode : 'mul'> <InPorts = 2> <OutPorts = 1>
ST_14 : Operation 178 [3/4] (2.29ns)   --->   "%b0_3 = call i25 @affine_b0_term_hls, i32 %p_read_34, i18 %empty_599" [../src/mpc_riccati_hls.cpp:223]   --->   Operation 178 'call' 'b0_3' <Predicate = true> <Delay = 2.29> <CoreType = "Generic">   --->   Generic Core

State 15 <SV = 14> <Delay = 2.95>
ST_15 : Operation 179 [1/1] (0.00ns)   --->   "%p_read_40 = read i32 @_ssdm_op_Read.ap_auto.i32, i32 %p_read22"   --->   Operation 179 'read' 'p_read_40' <Predicate = true> <Delay = 0.00>
ST_15 : Operation 180 [1/4] (2.29ns)   --->   "%product_304 = mul i43 %sext_ln159_53, i43 %sext_ln159_36" [../src/fp_math_hls.cpp:159->../src/mpc_riccati_hls.cpp:187]   --->   Operation 180 'mul' 'product_304' <Predicate = true> <Delay = 2.29> <CoreInst = "Mul_DSP">   --->   Core 5 'Mul_DSP' <Latency = 3> <II = 1> <Delay = 2.29> <FuncUnit> <Opcode : 'mul'> <InPorts = 2> <OutPorts = 1>
ST_15 : Operation 181 [1/1] (0.00ns)   --->   "%specfucore_ln160 = specfucore void @_ssdm_op_SpecFUCore, i43 %product_304, i64 12, i64 3, i64 3, i1 0" [../src/fp_math_hls.cpp:160->../src/mpc_riccati_hls.cpp:187]   --->   Operation 181 'specfucore' 'specfucore_ln160' <Predicate = true> <Delay = 0.00>
ST_15 : Operation 182 [1/1] (0.00ns)   --->   "%trunc_ln223_13 = partselect i25 @_ssdm_op_PartSelect.i25.i43.i32.i32, i43 %product_304, i32 18, i32 42" [../src/mpc_riccati_hls.cpp:223]   --->   Operation 182 'partselect' 'trunc_ln223_13' <Predicate = true> <Delay = 0.00>
ST_15 : Operation 183 [2/4] (2.29ns)   --->   "%product_305 = mul i43 %sext_ln159_54, i43 %sext_ln159_37" [../src/fp_math_hls.cpp:159->../src/mpc_riccati_hls.cpp:191]   --->   Operation 183 'mul' 'product_305' <Predicate = true> <Delay = 2.29> <CoreInst = "Mul_DSP">   --->   Core 5 'Mul_DSP' <Latency = 3> <II = 1> <Delay = 2.29> <FuncUnit> <Opcode : 'mul'> <InPorts = 2> <OutPorts = 1>
ST_15 : Operation 184 [3/4] (2.29ns)   --->   "%product_306 = mul i43 %sext_ln159_55, i43 %sext_ln159_38" [../src/fp_math_hls.cpp:159->../src/mpc_riccati_hls.cpp:195]   --->   Operation 184 'mul' 'product_306' <Predicate = true> <Delay = 2.29> <CoreInst = "Mul_DSP">   --->   Core 5 'Mul_DSP' <Latency = 3> <II = 1> <Delay = 2.29> <FuncUnit> <Opcode : 'mul'> <InPorts = 2> <OutPorts = 1>
ST_15 : Operation 185 [1/1] (0.00ns)   --->   "%sext_ln159_56 = sext i32 %p_read_40" [../src/fp_math_hls.cpp:159->../src/mpc_riccati_hls.cpp:199]   --->   Operation 185 'sext' 'sext_ln159_56' <Predicate = true> <Delay = 0.00>
ST_15 : Operation 186 [4/4] (2.95ns)   --->   "%product_307 = mul i43 %sext_ln159_56, i43 %sext_ln159_39" [../src/fp_math_hls.cpp:159->../src/mpc_riccati_hls.cpp:199]   --->   Operation 186 'mul' 'product_307' <Predicate = true> <Delay = 2.95> <CoreInst = "Mul_DSP">   --->   Core 5 'Mul_DSP' <Latency = 3> <II = 1> <Delay = 2.29> <FuncUnit> <Opcode : 'mul'> <InPorts = 2> <OutPorts = 1>
ST_15 : Operation 187 [2/4] (2.29ns)   --->   "%b0_3 = call i25 @affine_b0_term_hls, i32 %p_read_34, i18 %empty_599" [../src/mpc_riccati_hls.cpp:223]   --->   Operation 187 'call' 'b0_3' <Predicate = true> <Delay = 2.29> <CoreType = "Generic">   --->   Generic Core

State 16 <SV = 15> <Delay = 3.00>
ST_16 : Operation 188 [1/1] (0.00ns)   --->   "%next_vx_read = read i32 @_ssdm_op_Read.ap_auto.i32, i32 %next_vx"   --->   Operation 188 'read' 'next_vx_read' <Predicate = true> <Delay = 0.00>
ST_16 : Operation 189 [1/1] (0.00ns)   --->   "%p_read_59 = read i32 @_ssdm_op_Read.ap_auto.i32, i32 %p_read3"   --->   Operation 189 'read' 'p_read_59' <Predicate = true> <Delay = 0.00>
ST_16 : Operation 190 [1/4] (2.29ns)   --->   "%product_305 = mul i43 %sext_ln159_54, i43 %sext_ln159_37" [../src/fp_math_hls.cpp:159->../src/mpc_riccati_hls.cpp:191]   --->   Operation 190 'mul' 'product_305' <Predicate = true> <Delay = 2.29> <CoreInst = "Mul_DSP">   --->   Core 5 'Mul_DSP' <Latency = 3> <II = 1> <Delay = 2.29> <FuncUnit> <Opcode : 'mul'> <InPorts = 2> <OutPorts = 1>
ST_16 : Operation 191 [1/1] (0.00ns)   --->   "%specfucore_ln160 = specfucore void @_ssdm_op_SpecFUCore, i43 %product_305, i64 12, i64 3, i64 3, i1 0" [../src/fp_math_hls.cpp:160->../src/mpc_riccati_hls.cpp:191]   --->   Operation 191 'specfucore' 'specfucore_ln160' <Predicate = true> <Delay = 0.00>
ST_16 : Operation 192 [1/1] (0.00ns)   --->   "%trunc_ln223_14 = partselect i25 @_ssdm_op_PartSelect.i25.i43.i32.i32, i43 %product_305, i32 18, i32 42" [../src/mpc_riccati_hls.cpp:223]   --->   Operation 192 'partselect' 'trunc_ln223_14' <Predicate = true> <Delay = 0.00>
ST_16 : Operation 193 [2/4] (2.29ns)   --->   "%product_306 = mul i43 %sext_ln159_55, i43 %sext_ln159_38" [../src/fp_math_hls.cpp:159->../src/mpc_riccati_hls.cpp:195]   --->   Operation 193 'mul' 'product_306' <Predicate = true> <Delay = 2.29> <CoreInst = "Mul_DSP">   --->   Core 5 'Mul_DSP' <Latency = 3> <II = 1> <Delay = 2.29> <FuncUnit> <Opcode : 'mul'> <InPorts = 2> <OutPorts = 1>
ST_16 : Operation 194 [3/4] (2.29ns)   --->   "%product_307 = mul i43 %sext_ln159_56, i43 %sext_ln159_39" [../src/fp_math_hls.cpp:159->../src/mpc_riccati_hls.cpp:199]   --->   Operation 194 'mul' 'product_307' <Predicate = true> <Delay = 2.29> <CoreInst = "Mul_DSP">   --->   Core 5 'Mul_DSP' <Latency = 3> <II = 1> <Delay = 2.29> <FuncUnit> <Opcode : 'mul'> <InPorts = 2> <OutPorts = 1>
ST_16 : Operation 195 [1/1] (0.00ns)   --->   "%trunc_ln223_18 = trunc i32 %next_vx_read" [../src/mpc_riccati_hls.cpp:223]   --->   Operation 195 'trunc' 'trunc_ln223_18' <Predicate = true> <Delay = 0.00>
ST_16 : Operation 196 [1/1] (0.94ns)   --->   "%sub_ln223_14 = sub i25 %trunc_ln223_18, i25 %trunc_ln223_12" [../src/mpc_riccati_hls.cpp:223]   --->   Operation 196 'sub' 'sub_ln223_14' <Predicate = true> <Delay = 0.94> <CoreInst = "Adder">   --->   Core 1 'Adder' <Latency = 0> <II = 1> <Delay = 0.94> <FuncUnit> <Opcode : 'add' 'sub'> <InPorts = 2> <OutPorts = 1>
ST_16 : Operation 197 [1/1] (0.00ns) (grouped into TernaryAdder)   --->   "%sub_ln223_15 = sub i25 %sub_ln223_14, i25 %trunc_ln223_13" [../src/mpc_riccati_hls.cpp:223]   --->   Operation 197 'sub' 'sub_ln223_15' <Predicate = true> <Delay = 0.00> <CoreInst = "TAddSub">   --->   Core 10 'TAddSub' <Latency = 0> <II = 1> <Delay = 0.35> <IPBlock> <Opcode : 'add' 'sub'> <InPorts = 3> <OutPorts = 1> <Sync> <CReg>
ST_16 : Operation 198 [1/1] (0.71ns) (root node of TernaryAdder)   --->   "%sub_ln223_16 = sub i25 %sub_ln223_15, i25 %trunc_ln223_14" [../src/mpc_riccati_hls.cpp:223]   --->   Operation 198 'sub' 'sub_ln223_16' <Predicate = true> <Delay = 0.71> <CoreInst = "TAddSub">   --->   Core 10 'TAddSub' <Latency = 0> <II = 1> <Delay = 0.35> <IPBlock> <Opcode : 'add' 'sub'> <InPorts = 3> <OutPorts = 1> <Sync> <CReg>
ST_16 : Operation 199 [1/1] (0.00ns)   --->   "%sext_ln159_58 = sext i32 %p_read_59" [../src/fp_math_hls.cpp:159->../src/mpc_riccati_hls.cpp:183]   --->   Operation 199 'sext' 'sext_ln159_58' <Predicate = true> <Delay = 0.00>
ST_16 : Operation 200 [4/4] (2.95ns)   --->   "%product_309 = mul i43 %sext_ln159_58, i43 %sext_ln159" [../src/fp_math_hls.cpp:159->../src/mpc_riccati_hls.cpp:183]   --->   Operation 200 'mul' 'product_309' <Predicate = true> <Delay = 2.95> <CoreInst = "Mul_DSP">   --->   Core 5 'Mul_DSP' <Latency = 3> <II = 1> <Delay = 2.29> <FuncUnit> <Opcode : 'mul'> <InPorts = 2> <OutPorts = 1>
ST_16 : Operation 201 [1/4] (2.29ns)   --->   "%b0_3 = call i25 @affine_b0_term_hls, i32 %p_read_34, i18 %empty_599" [../src/mpc_riccati_hls.cpp:223]   --->   Operation 201 'call' 'b0_3' <Predicate = true> <Delay = 2.29> <CoreType = "Generic">   --->   Generic Core

State 17 <SV = 16> <Delay = 2.95>
ST_17 : Operation 202 [1/1] (0.00ns)   --->   "%p_read_33 = read i32 @_ssdm_op_Read.ap_auto.i32, i32 %p_read29"   --->   Operation 202 'read' 'p_read_33' <Predicate = true> <Delay = 0.00>
ST_17 : Operation 203 [1/1] (0.00ns)   --->   "%p_read_54 = read i32 @_ssdm_op_Read.ap_auto.i32, i32 %p_read8"   --->   Operation 203 'read' 'p_read_54' <Predicate = true> <Delay = 0.00>
ST_17 : Operation 204 [1/4] (2.29ns)   --->   "%product_306 = mul i43 %sext_ln159_55, i43 %sext_ln159_38" [../src/fp_math_hls.cpp:159->../src/mpc_riccati_hls.cpp:195]   --->   Operation 204 'mul' 'product_306' <Predicate = true> <Delay = 2.29> <CoreInst = "Mul_DSP">   --->   Core 5 'Mul_DSP' <Latency = 3> <II = 1> <Delay = 2.29> <FuncUnit> <Opcode : 'mul'> <InPorts = 2> <OutPorts = 1>
ST_17 : Operation 205 [1/1] (0.00ns)   --->   "%specfucore_ln160 = specfucore void @_ssdm_op_SpecFUCore, i43 %product_306, i64 12, i64 3, i64 3, i1 0" [../src/fp_math_hls.cpp:160->../src/mpc_riccati_hls.cpp:195]   --->   Operation 205 'specfucore' 'specfucore_ln160' <Predicate = true> <Delay = 0.00>
ST_17 : Operation 206 [1/1] (0.00ns)   --->   "%trunc_ln223_15 = partselect i25 @_ssdm_op_PartSelect.i25.i43.i32.i32, i43 %product_306, i32 18, i32 42" [../src/mpc_riccati_hls.cpp:223]   --->   Operation 206 'partselect' 'trunc_ln223_15' <Predicate = true> <Delay = 0.00>
ST_17 : Operation 207 [2/4] (2.29ns)   --->   "%product_307 = mul i43 %sext_ln159_56, i43 %sext_ln159_39" [../src/fp_math_hls.cpp:159->../src/mpc_riccati_hls.cpp:199]   --->   Operation 207 'mul' 'product_307' <Predicate = true> <Delay = 2.29> <CoreInst = "Mul_DSP">   --->   Core 5 'Mul_DSP' <Latency = 3> <II = 1> <Delay = 2.29> <FuncUnit> <Opcode : 'mul'> <InPorts = 2> <OutPorts = 1>
ST_17 : Operation 208 [3/4] (2.29ns)   --->   "%product_309 = mul i43 %sext_ln159_58, i43 %sext_ln159" [../src/fp_math_hls.cpp:159->../src/mpc_riccati_hls.cpp:183]   --->   Operation 208 'mul' 'product_309' <Predicate = true> <Delay = 2.29> <CoreInst = "Mul_DSP">   --->   Core 5 'Mul_DSP' <Latency = 3> <II = 1> <Delay = 2.29> <FuncUnit> <Opcode : 'mul'> <InPorts = 2> <OutPorts = 1>
ST_17 : Operation 209 [1/1] (0.00ns)   --->   "%sext_ln159_59 = sext i32 %p_read_54" [../src/fp_math_hls.cpp:159->../src/mpc_riccati_hls.cpp:187]   --->   Operation 209 'sext' 'sext_ln159_59' <Predicate = true> <Delay = 0.00>
ST_17 : Operation 210 [4/4] (2.95ns)   --->   "%product_310 = mul i43 %sext_ln159_59, i43 %sext_ln159_36" [../src/fp_math_hls.cpp:159->../src/mpc_riccati_hls.cpp:187]   --->   Operation 210 'mul' 'product_310' <Predicate = true> <Delay = 2.95> <CoreInst = "Mul_DSP">   --->   Core 5 'Mul_DSP' <Latency = 3> <II = 1> <Delay = 2.29> <FuncUnit> <Opcode : 'mul'> <InPorts = 2> <OutPorts = 1>
ST_17 : Operation 211 [4/4] (2.63ns)   --->   "%b0_4 = call i25 @affine_b0_term_hls, i32 %p_read_33, i18 %empty_599" [../src/mpc_riccati_hls.cpp:223]   --->   Operation 211 'call' 'b0_4' <Predicate = true> <Delay = 2.63> <CoreType = "Generic">   --->   Generic Core

State 18 <SV = 17> <Delay = 3.00>
ST_18 : Operation 212 [1/1] (0.00ns)   --->   "%p_read_49 = read i32 @_ssdm_op_Read.ap_auto.i32, i32 %p_read13"   --->   Operation 212 'read' 'p_read_49' <Predicate = true> <Delay = 0.00>
ST_18 : Operation 213 [1/4] (2.29ns)   --->   "%product_307 = mul i43 %sext_ln159_56, i43 %sext_ln159_39" [../src/fp_math_hls.cpp:159->../src/mpc_riccati_hls.cpp:199]   --->   Operation 213 'mul' 'product_307' <Predicate = true> <Delay = 2.29> <CoreInst = "Mul_DSP">   --->   Core 5 'Mul_DSP' <Latency = 3> <II = 1> <Delay = 2.29> <FuncUnit> <Opcode : 'mul'> <InPorts = 2> <OutPorts = 1>
ST_18 : Operation 214 [1/1] (0.00ns)   --->   "%specfucore_ln160 = specfucore void @_ssdm_op_SpecFUCore, i43 %product_307, i64 12, i64 3, i64 3, i1 0" [../src/fp_math_hls.cpp:160->../src/mpc_riccati_hls.cpp:199]   --->   Operation 214 'specfucore' 'specfucore_ln160' <Predicate = true> <Delay = 0.00>
ST_18 : Operation 215 [1/1] (0.00ns)   --->   "%trunc_ln223_16 = partselect i25 @_ssdm_op_PartSelect.i25.i43.i32.i32, i43 %product_307, i32 18, i32 42" [../src/mpc_riccati_hls.cpp:223]   --->   Operation 215 'partselect' 'trunc_ln223_16' <Predicate = true> <Delay = 0.00>
ST_18 : Operation 216 [1/1] (0.00ns) (grouped into TernaryAdder)   --->   "%sub_ln223_17 = sub i25 %sub_ln223_16, i25 %trunc_ln223_15" [../src/mpc_riccati_hls.cpp:223]   --->   Operation 216 'sub' 'sub_ln223_17' <Predicate = true> <Delay = 0.00> <CoreInst = "TAddSub">   --->   Core 10 'TAddSub' <Latency = 0> <II = 1> <Delay = 0.35> <IPBlock> <Opcode : 'add' 'sub'> <InPorts = 3> <OutPorts = 1> <Sync> <CReg>
ST_18 : Operation 217 [1/1] (0.71ns) (root node of TernaryAdder)   --->   "%sub_ln223_18 = sub i25 %sub_ln223_17, i25 %trunc_ln223_16" [../src/mpc_riccati_hls.cpp:223]   --->   Operation 217 'sub' 'sub_ln223_18' <Predicate = true> <Delay = 0.71> <CoreInst = "TAddSub">   --->   Core 10 'TAddSub' <Latency = 0> <II = 1> <Delay = 0.35> <IPBlock> <Opcode : 'add' 'sub'> <InPorts = 3> <OutPorts = 1> <Sync> <CReg>
ST_18 : Operation 218 [2/4] (2.29ns)   --->   "%product_309 = mul i43 %sext_ln159_58, i43 %sext_ln159" [../src/fp_math_hls.cpp:159->../src/mpc_riccati_hls.cpp:183]   --->   Operation 218 'mul' 'product_309' <Predicate = true> <Delay = 2.29> <CoreInst = "Mul_DSP">   --->   Core 5 'Mul_DSP' <Latency = 3> <II = 1> <Delay = 2.29> <FuncUnit> <Opcode : 'mul'> <InPorts = 2> <OutPorts = 1>
ST_18 : Operation 219 [3/4] (2.29ns)   --->   "%product_310 = mul i43 %sext_ln159_59, i43 %sext_ln159_36" [../src/fp_math_hls.cpp:159->../src/mpc_riccati_hls.cpp:187]   --->   Operation 219 'mul' 'product_310' <Predicate = true> <Delay = 2.29> <CoreInst = "Mul_DSP">   --->   Core 5 'Mul_DSP' <Latency = 3> <II = 1> <Delay = 2.29> <FuncUnit> <Opcode : 'mul'> <InPorts = 2> <OutPorts = 1>
ST_18 : Operation 220 [1/1] (0.00ns)   --->   "%sext_ln159_60 = sext i32 %p_read_49" [../src/fp_math_hls.cpp:159->../src/mpc_riccati_hls.cpp:191]   --->   Operation 220 'sext' 'sext_ln159_60' <Predicate = true> <Delay = 0.00>
ST_18 : Operation 221 [4/4] (2.95ns)   --->   "%product_311 = mul i43 %sext_ln159_60, i43 %sext_ln159_37" [../src/fp_math_hls.cpp:159->../src/mpc_riccati_hls.cpp:191]   --->   Operation 221 'mul' 'product_311' <Predicate = true> <Delay = 2.95> <CoreInst = "Mul_DSP">   --->   Core 5 'Mul_DSP' <Latency = 3> <II = 1> <Delay = 2.29> <FuncUnit> <Opcode : 'mul'> <InPorts = 2> <OutPorts = 1>
ST_18 : Operation 222 [3/4] (2.29ns)   --->   "%b0_4 = call i25 @affine_b0_term_hls, i32 %p_read_33, i18 %empty_599" [../src/mpc_riccati_hls.cpp:223]   --->   Operation 222 'call' 'b0_4' <Predicate = true> <Delay = 2.29> <CoreType = "Generic">   --->   Generic Core

State 19 <SV = 18> <Delay = 2.95>
ST_19 : Operation 223 [1/1] (0.00ns)   --->   "%p_read_44 = read i32 @_ssdm_op_Read.ap_auto.i32, i32 %p_read18"   --->   Operation 223 'read' 'p_read_44' <Predicate = true> <Delay = 0.00>
ST_19 : Operation 224 [1/4] (2.29ns)   --->   "%product_309 = mul i43 %sext_ln159_58, i43 %sext_ln159" [../src/fp_math_hls.cpp:159->../src/mpc_riccati_hls.cpp:183]   --->   Operation 224 'mul' 'product_309' <Predicate = true> <Delay = 2.29> <CoreInst = "Mul_DSP">   --->   Core 5 'Mul_DSP' <Latency = 3> <II = 1> <Delay = 2.29> <FuncUnit> <Opcode : 'mul'> <InPorts = 2> <OutPorts = 1>
ST_19 : Operation 225 [1/1] (0.00ns)   --->   "%specfucore_ln160 = specfucore void @_ssdm_op_SpecFUCore, i43 %product_309, i64 12, i64 3, i64 3, i1 0" [../src/fp_math_hls.cpp:160->../src/mpc_riccati_hls.cpp:183]   --->   Operation 225 'specfucore' 'specfucore_ln160' <Predicate = true> <Delay = 0.00>
ST_19 : Operation 226 [1/1] (0.00ns)   --->   "%trunc_ln223_19 = partselect i25 @_ssdm_op_PartSelect.i25.i43.i32.i32, i43 %product_309, i32 18, i32 42" [../src/mpc_riccati_hls.cpp:223]   --->   Operation 226 'partselect' 'trunc_ln223_19' <Predicate = true> <Delay = 0.00>
ST_19 : Operation 227 [2/4] (2.29ns)   --->   "%product_310 = mul i43 %sext_ln159_59, i43 %sext_ln159_36" [../src/fp_math_hls.cpp:159->../src/mpc_riccati_hls.cpp:187]   --->   Operation 227 'mul' 'product_310' <Predicate = true> <Delay = 2.29> <CoreInst = "Mul_DSP">   --->   Core 5 'Mul_DSP' <Latency = 3> <II = 1> <Delay = 2.29> <FuncUnit> <Opcode : 'mul'> <InPorts = 2> <OutPorts = 1>
ST_19 : Operation 228 [3/4] (2.29ns)   --->   "%product_311 = mul i43 %sext_ln159_60, i43 %sext_ln159_37" [../src/fp_math_hls.cpp:159->../src/mpc_riccati_hls.cpp:191]   --->   Operation 228 'mul' 'product_311' <Predicate = true> <Delay = 2.29> <CoreInst = "Mul_DSP">   --->   Core 5 'Mul_DSP' <Latency = 3> <II = 1> <Delay = 2.29> <FuncUnit> <Opcode : 'mul'> <InPorts = 2> <OutPorts = 1>
ST_19 : Operation 229 [1/1] (0.00ns)   --->   "%sext_ln159_61 = sext i32 %p_read_44" [../src/fp_math_hls.cpp:159->../src/mpc_riccati_hls.cpp:195]   --->   Operation 229 'sext' 'sext_ln159_61' <Predicate = true> <Delay = 0.00>
ST_19 : Operation 230 [4/4] (2.95ns)   --->   "%product_312 = mul i43 %sext_ln159_61, i43 %sext_ln159_38" [../src/fp_math_hls.cpp:159->../src/mpc_riccati_hls.cpp:195]   --->   Operation 230 'mul' 'product_312' <Predicate = true> <Delay = 2.95> <CoreInst = "Mul_DSP">   --->   Core 5 'Mul_DSP' <Latency = 3> <II = 1> <Delay = 2.29> <FuncUnit> <Opcode : 'mul'> <InPorts = 2> <OutPorts = 1>
ST_19 : Operation 231 [2/4] (2.29ns)   --->   "%b0_4 = call i25 @affine_b0_term_hls, i32 %p_read_33, i18 %empty_599" [../src/mpc_riccati_hls.cpp:223]   --->   Operation 231 'call' 'b0_4' <Predicate = true> <Delay = 2.29> <CoreType = "Generic">   --->   Generic Core

State 20 <SV = 19> <Delay = 2.95>
ST_20 : Operation 232 [1/1] (0.00ns)   --->   "%p_read_39 = read i32 @_ssdm_op_Read.ap_auto.i32, i32 %p_read23"   --->   Operation 232 'read' 'p_read_39' <Predicate = true> <Delay = 0.00>
ST_20 : Operation 233 [1/4] (2.29ns)   --->   "%product_310 = mul i43 %sext_ln159_59, i43 %sext_ln159_36" [../src/fp_math_hls.cpp:159->../src/mpc_riccati_hls.cpp:187]   --->   Operation 233 'mul' 'product_310' <Predicate = true> <Delay = 2.29> <CoreInst = "Mul_DSP">   --->   Core 5 'Mul_DSP' <Latency = 3> <II = 1> <Delay = 2.29> <FuncUnit> <Opcode : 'mul'> <InPorts = 2> <OutPorts = 1>
ST_20 : Operation 234 [1/1] (0.00ns)   --->   "%specfucore_ln160 = specfucore void @_ssdm_op_SpecFUCore, i43 %product_310, i64 12, i64 3, i64 3, i1 0" [../src/fp_math_hls.cpp:160->../src/mpc_riccati_hls.cpp:187]   --->   Operation 234 'specfucore' 'specfucore_ln160' <Predicate = true> <Delay = 0.00>
ST_20 : Operation 235 [1/1] (0.00ns)   --->   "%trunc_ln223_20 = partselect i25 @_ssdm_op_PartSelect.i25.i43.i32.i32, i43 %product_310, i32 18, i32 42" [../src/mpc_riccati_hls.cpp:223]   --->   Operation 235 'partselect' 'trunc_ln223_20' <Predicate = true> <Delay = 0.00>
ST_20 : Operation 236 [2/4] (2.29ns)   --->   "%product_311 = mul i43 %sext_ln159_60, i43 %sext_ln159_37" [../src/fp_math_hls.cpp:159->../src/mpc_riccati_hls.cpp:191]   --->   Operation 236 'mul' 'product_311' <Predicate = true> <Delay = 2.29> <CoreInst = "Mul_DSP">   --->   Core 5 'Mul_DSP' <Latency = 3> <II = 1> <Delay = 2.29> <FuncUnit> <Opcode : 'mul'> <InPorts = 2> <OutPorts = 1>
ST_20 : Operation 237 [3/4] (2.29ns)   --->   "%product_312 = mul i43 %sext_ln159_61, i43 %sext_ln159_38" [../src/fp_math_hls.cpp:159->../src/mpc_riccati_hls.cpp:195]   --->   Operation 237 'mul' 'product_312' <Predicate = true> <Delay = 2.29> <CoreInst = "Mul_DSP">   --->   Core 5 'Mul_DSP' <Latency = 3> <II = 1> <Delay = 2.29> <FuncUnit> <Opcode : 'mul'> <InPorts = 2> <OutPorts = 1>
ST_20 : Operation 238 [1/1] (0.00ns)   --->   "%sext_ln159_62 = sext i32 %p_read_39" [../src/fp_math_hls.cpp:159->../src/mpc_riccati_hls.cpp:199]   --->   Operation 238 'sext' 'sext_ln159_62' <Predicate = true> <Delay = 0.00>
ST_20 : Operation 239 [4/4] (2.95ns)   --->   "%product_313 = mul i43 %sext_ln159_62, i43 %sext_ln159_39" [../src/fp_math_hls.cpp:159->../src/mpc_riccati_hls.cpp:199]   --->   Operation 239 'mul' 'product_313' <Predicate = true> <Delay = 2.95> <CoreInst = "Mul_DSP">   --->   Core 5 'Mul_DSP' <Latency = 3> <II = 1> <Delay = 2.29> <FuncUnit> <Opcode : 'mul'> <InPorts = 2> <OutPorts = 1>
ST_20 : Operation 240 [1/4] (2.29ns)   --->   "%b0_4 = call i25 @affine_b0_term_hls, i32 %p_read_33, i18 %empty_599" [../src/mpc_riccati_hls.cpp:223]   --->   Operation 240 'call' 'b0_4' <Predicate = true> <Delay = 2.29> <CoreType = "Generic">   --->   Generic Core

State 21 <SV = 20> <Delay = 3.00>
ST_21 : Operation 241 [1/1] (0.00ns)   --->   "%next_vy_read = read i32 @_ssdm_op_Read.ap_auto.i32, i32 %next_vy"   --->   Operation 241 'read' 'next_vy_read' <Predicate = true> <Delay = 0.00>
ST_21 : Operation 242 [1/1] (0.00ns)   --->   "%p_read_58 = read i32 @_ssdm_op_Read.ap_auto.i32, i32 %p_read4"   --->   Operation 242 'read' 'p_read_58' <Predicate = true> <Delay = 0.00>
ST_21 : Operation 243 [1/4] (2.29ns)   --->   "%product_311 = mul i43 %sext_ln159_60, i43 %sext_ln159_37" [../src/fp_math_hls.cpp:159->../src/mpc_riccati_hls.cpp:191]   --->   Operation 243 'mul' 'product_311' <Predicate = true> <Delay = 2.29> <CoreInst = "Mul_DSP">   --->   Core 5 'Mul_DSP' <Latency = 3> <II = 1> <Delay = 2.29> <FuncUnit> <Opcode : 'mul'> <InPorts = 2> <OutPorts = 1>
ST_21 : Operation 244 [1/1] (0.00ns)   --->   "%specfucore_ln160 = specfucore void @_ssdm_op_SpecFUCore, i43 %product_311, i64 12, i64 3, i64 3, i1 0" [../src/fp_math_hls.cpp:160->../src/mpc_riccati_hls.cpp:191]   --->   Operation 244 'specfucore' 'specfucore_ln160' <Predicate = true> <Delay = 0.00>
ST_21 : Operation 245 [1/1] (0.00ns)   --->   "%trunc_ln223_21 = partselect i25 @_ssdm_op_PartSelect.i25.i43.i32.i32, i43 %product_311, i32 18, i32 42" [../src/mpc_riccati_hls.cpp:223]   --->   Operation 245 'partselect' 'trunc_ln223_21' <Predicate = true> <Delay = 0.00>
ST_21 : Operation 246 [2/4] (2.29ns)   --->   "%product_312 = mul i43 %sext_ln159_61, i43 %sext_ln159_38" [../src/fp_math_hls.cpp:159->../src/mpc_riccati_hls.cpp:195]   --->   Operation 246 'mul' 'product_312' <Predicate = true> <Delay = 2.29> <CoreInst = "Mul_DSP">   --->   Core 5 'Mul_DSP' <Latency = 3> <II = 1> <Delay = 2.29> <FuncUnit> <Opcode : 'mul'> <InPorts = 2> <OutPorts = 1>
ST_21 : Operation 247 [3/4] (2.29ns)   --->   "%product_313 = mul i43 %sext_ln159_62, i43 %sext_ln159_39" [../src/fp_math_hls.cpp:159->../src/mpc_riccati_hls.cpp:199]   --->   Operation 247 'mul' 'product_313' <Predicate = true> <Delay = 2.29> <CoreInst = "Mul_DSP">   --->   Core 5 'Mul_DSP' <Latency = 3> <II = 1> <Delay = 2.29> <FuncUnit> <Opcode : 'mul'> <InPorts = 2> <OutPorts = 1>
ST_21 : Operation 248 [1/1] (0.00ns)   --->   "%trunc_ln223_25 = trunc i32 %next_vy_read" [../src/mpc_riccati_hls.cpp:223]   --->   Operation 248 'trunc' 'trunc_ln223_25' <Predicate = true> <Delay = 0.00>
ST_21 : Operation 249 [1/1] (0.94ns)   --->   "%sub_ln223_21 = sub i25 %trunc_ln223_25, i25 %trunc_ln223_19" [../src/mpc_riccati_hls.cpp:223]   --->   Operation 249 'sub' 'sub_ln223_21' <Predicate = true> <Delay = 0.94> <CoreInst = "Adder">   --->   Core 1 'Adder' <Latency = 0> <II = 1> <Delay = 0.94> <FuncUnit> <Opcode : 'add' 'sub'> <InPorts = 2> <OutPorts = 1>
ST_21 : Operation 250 [1/1] (0.00ns) (grouped into TernaryAdder)   --->   "%sub_ln223_22 = sub i25 %sub_ln223_21, i25 %trunc_ln223_20" [../src/mpc_riccati_hls.cpp:223]   --->   Operation 250 'sub' 'sub_ln223_22' <Predicate = true> <Delay = 0.00> <CoreInst = "TAddSub">   --->   Core 10 'TAddSub' <Latency = 0> <II = 1> <Delay = 0.35> <IPBlock> <Opcode : 'add' 'sub'> <InPorts = 3> <OutPorts = 1> <Sync> <CReg>
ST_21 : Operation 251 [1/1] (0.71ns) (root node of TernaryAdder)   --->   "%sub_ln223_23 = sub i25 %sub_ln223_22, i25 %trunc_ln223_21" [../src/mpc_riccati_hls.cpp:223]   --->   Operation 251 'sub' 'sub_ln223_23' <Predicate = true> <Delay = 0.71> <CoreInst = "TAddSub">   --->   Core 10 'TAddSub' <Latency = 0> <II = 1> <Delay = 0.35> <IPBlock> <Opcode : 'add' 'sub'> <InPorts = 3> <OutPorts = 1> <Sync> <CReg>
ST_21 : Operation 252 [1/1] (0.00ns)   --->   "%sext_ln159_64 = sext i32 %p_read_58" [../src/fp_math_hls.cpp:159->../src/mpc_riccati_hls.cpp:183]   --->   Operation 252 'sext' 'sext_ln159_64' <Predicate = true> <Delay = 0.00>
ST_21 : Operation 253 [4/4] (2.95ns)   --->   "%product_315 = mul i43 %sext_ln159_64, i43 %sext_ln159" [../src/fp_math_hls.cpp:159->../src/mpc_riccati_hls.cpp:183]   --->   Operation 253 'mul' 'product_315' <Predicate = true> <Delay = 2.95> <CoreInst = "Mul_DSP">   --->   Core 5 'Mul_DSP' <Latency = 3> <II = 1> <Delay = 2.29> <FuncUnit> <Opcode : 'mul'> <InPorts = 2> <OutPorts = 1>

State 22 <SV = 21> <Delay = 2.95>
ST_22 : Operation 254 [1/1] (0.00ns)   --->   "%p_read_53 = read i32 @_ssdm_op_Read.ap_auto.i32, i32 %p_read9"   --->   Operation 254 'read' 'p_read_53' <Predicate = true> <Delay = 0.00>
ST_22 : Operation 255 [1/4] (2.29ns)   --->   "%product_312 = mul i43 %sext_ln159_61, i43 %sext_ln159_38" [../src/fp_math_hls.cpp:159->../src/mpc_riccati_hls.cpp:195]   --->   Operation 255 'mul' 'product_312' <Predicate = true> <Delay = 2.29> <CoreInst = "Mul_DSP">   --->   Core 5 'Mul_DSP' <Latency = 3> <II = 1> <Delay = 2.29> <FuncUnit> <Opcode : 'mul'> <InPorts = 2> <OutPorts = 1>
ST_22 : Operation 256 [1/1] (0.00ns)   --->   "%specfucore_ln160 = specfucore void @_ssdm_op_SpecFUCore, i43 %product_312, i64 12, i64 3, i64 3, i1 0" [../src/fp_math_hls.cpp:160->../src/mpc_riccati_hls.cpp:195]   --->   Operation 256 'specfucore' 'specfucore_ln160' <Predicate = true> <Delay = 0.00>
ST_22 : Operation 257 [1/1] (0.00ns)   --->   "%trunc_ln223_22 = partselect i25 @_ssdm_op_PartSelect.i25.i43.i32.i32, i43 %product_312, i32 18, i32 42" [../src/mpc_riccati_hls.cpp:223]   --->   Operation 257 'partselect' 'trunc_ln223_22' <Predicate = true> <Delay = 0.00>
ST_22 : Operation 258 [2/4] (2.29ns)   --->   "%product_313 = mul i43 %sext_ln159_62, i43 %sext_ln159_39" [../src/fp_math_hls.cpp:159->../src/mpc_riccati_hls.cpp:199]   --->   Operation 258 'mul' 'product_313' <Predicate = true> <Delay = 2.29> <CoreInst = "Mul_DSP">   --->   Core 5 'Mul_DSP' <Latency = 3> <II = 1> <Delay = 2.29> <FuncUnit> <Opcode : 'mul'> <InPorts = 2> <OutPorts = 1>
ST_22 : Operation 259 [3/4] (2.29ns)   --->   "%product_315 = mul i43 %sext_ln159_64, i43 %sext_ln159" [../src/fp_math_hls.cpp:159->../src/mpc_riccati_hls.cpp:183]   --->   Operation 259 'mul' 'product_315' <Predicate = true> <Delay = 2.29> <CoreInst = "Mul_DSP">   --->   Core 5 'Mul_DSP' <Latency = 3> <II = 1> <Delay = 2.29> <FuncUnit> <Opcode : 'mul'> <InPorts = 2> <OutPorts = 1>
ST_22 : Operation 260 [1/1] (0.00ns)   --->   "%sext_ln159_65 = sext i32 %p_read_53" [../src/fp_math_hls.cpp:159->../src/mpc_riccati_hls.cpp:187]   --->   Operation 260 'sext' 'sext_ln159_65' <Predicate = true> <Delay = 0.00>
ST_22 : Operation 261 [4/4] (2.95ns)   --->   "%product_316 = mul i43 %sext_ln159_65, i43 %sext_ln159_36" [../src/fp_math_hls.cpp:159->../src/mpc_riccati_hls.cpp:187]   --->   Operation 261 'mul' 'product_316' <Predicate = true> <Delay = 2.95> <CoreInst = "Mul_DSP">   --->   Core 5 'Mul_DSP' <Latency = 3> <II = 1> <Delay = 2.29> <FuncUnit> <Opcode : 'mul'> <InPorts = 2> <OutPorts = 1>

State 23 <SV = 22> <Delay = 3.00>
ST_23 : Operation 262 [1/1] (0.00ns)   --->   "%p_read_48 = read i32 @_ssdm_op_Read.ap_auto.i32, i32 %p_read14"   --->   Operation 262 'read' 'p_read_48' <Predicate = true> <Delay = 0.00>
ST_23 : Operation 263 [1/4] (2.29ns)   --->   "%product_313 = mul i43 %sext_ln159_62, i43 %sext_ln159_39" [../src/fp_math_hls.cpp:159->../src/mpc_riccati_hls.cpp:199]   --->   Operation 263 'mul' 'product_313' <Predicate = true> <Delay = 2.29> <CoreInst = "Mul_DSP">   --->   Core 5 'Mul_DSP' <Latency = 3> <II = 1> <Delay = 2.29> <FuncUnit> <Opcode : 'mul'> <InPorts = 2> <OutPorts = 1>
ST_23 : Operation 264 [1/1] (0.00ns)   --->   "%specfucore_ln160 = specfucore void @_ssdm_op_SpecFUCore, i43 %product_313, i64 12, i64 3, i64 3, i1 0" [../src/fp_math_hls.cpp:160->../src/mpc_riccati_hls.cpp:199]   --->   Operation 264 'specfucore' 'specfucore_ln160' <Predicate = true> <Delay = 0.00>
ST_23 : Operation 265 [1/1] (0.00ns)   --->   "%trunc_ln223_23 = partselect i25 @_ssdm_op_PartSelect.i25.i43.i32.i32, i43 %product_313, i32 18, i32 42" [../src/mpc_riccati_hls.cpp:223]   --->   Operation 265 'partselect' 'trunc_ln223_23' <Predicate = true> <Delay = 0.00>
ST_23 : Operation 266 [1/1] (0.00ns) (grouped into TernaryAdder)   --->   "%sub_ln223_24 = sub i25 %sub_ln223_23, i25 %trunc_ln223_22" [../src/mpc_riccati_hls.cpp:223]   --->   Operation 266 'sub' 'sub_ln223_24' <Predicate = true> <Delay = 0.00> <CoreInst = "TAddSub">   --->   Core 10 'TAddSub' <Latency = 0> <II = 1> <Delay = 0.35> <IPBlock> <Opcode : 'add' 'sub'> <InPorts = 3> <OutPorts = 1> <Sync> <CReg>
ST_23 : Operation 267 [1/1] (0.71ns) (root node of TernaryAdder)   --->   "%sub_ln223_25 = sub i25 %sub_ln223_24, i25 %trunc_ln223_23" [../src/mpc_riccati_hls.cpp:223]   --->   Operation 267 'sub' 'sub_ln223_25' <Predicate = true> <Delay = 0.71> <CoreInst = "TAddSub">   --->   Core 10 'TAddSub' <Latency = 0> <II = 1> <Delay = 0.35> <IPBlock> <Opcode : 'add' 'sub'> <InPorts = 3> <OutPorts = 1> <Sync> <CReg>
ST_23 : Operation 268 [2/4] (2.29ns)   --->   "%product_315 = mul i43 %sext_ln159_64, i43 %sext_ln159" [../src/fp_math_hls.cpp:159->../src/mpc_riccati_hls.cpp:183]   --->   Operation 268 'mul' 'product_315' <Predicate = true> <Delay = 2.29> <CoreInst = "Mul_DSP">   --->   Core 5 'Mul_DSP' <Latency = 3> <II = 1> <Delay = 2.29> <FuncUnit> <Opcode : 'mul'> <InPorts = 2> <OutPorts = 1>
ST_23 : Operation 269 [3/4] (2.29ns)   --->   "%product_316 = mul i43 %sext_ln159_65, i43 %sext_ln159_36" [../src/fp_math_hls.cpp:159->../src/mpc_riccati_hls.cpp:187]   --->   Operation 269 'mul' 'product_316' <Predicate = true> <Delay = 2.29> <CoreInst = "Mul_DSP">   --->   Core 5 'Mul_DSP' <Latency = 3> <II = 1> <Delay = 2.29> <FuncUnit> <Opcode : 'mul'> <InPorts = 2> <OutPorts = 1>
ST_23 : Operation 270 [1/1] (0.00ns)   --->   "%sext_ln159_66 = sext i32 %p_read_48" [../src/fp_math_hls.cpp:159->../src/mpc_riccati_hls.cpp:191]   --->   Operation 270 'sext' 'sext_ln159_66' <Predicate = true> <Delay = 0.00>
ST_23 : Operation 271 [4/4] (2.95ns)   --->   "%product_317 = mul i43 %sext_ln159_66, i43 %sext_ln159_37" [../src/fp_math_hls.cpp:159->../src/mpc_riccati_hls.cpp:191]   --->   Operation 271 'mul' 'product_317' <Predicate = true> <Delay = 2.95> <CoreInst = "Mul_DSP">   --->   Core 5 'Mul_DSP' <Latency = 3> <II = 1> <Delay = 2.29> <FuncUnit> <Opcode : 'mul'> <InPorts = 2> <OutPorts = 1>

State 24 <SV = 23> <Delay = 2.95>
ST_24 : Operation 272 [1/1] (0.00ns)   --->   "%p_read_43 = read i32 @_ssdm_op_Read.ap_auto.i32, i32 %p_read19"   --->   Operation 272 'read' 'p_read_43' <Predicate = true> <Delay = 0.00>
ST_24 : Operation 273 [1/4] (2.29ns)   --->   "%product_315 = mul i43 %sext_ln159_64, i43 %sext_ln159" [../src/fp_math_hls.cpp:159->../src/mpc_riccati_hls.cpp:183]   --->   Operation 273 'mul' 'product_315' <Predicate = true> <Delay = 2.29> <CoreInst = "Mul_DSP">   --->   Core 5 'Mul_DSP' <Latency = 3> <II = 1> <Delay = 2.29> <FuncUnit> <Opcode : 'mul'> <InPorts = 2> <OutPorts = 1>
ST_24 : Operation 274 [1/1] (0.00ns)   --->   "%specfucore_ln160 = specfucore void @_ssdm_op_SpecFUCore, i43 %product_315, i64 12, i64 3, i64 3, i1 0" [../src/fp_math_hls.cpp:160->../src/mpc_riccati_hls.cpp:183]   --->   Operation 274 'specfucore' 'specfucore_ln160' <Predicate = true> <Delay = 0.00>
ST_24 : Operation 275 [1/1] (0.00ns)   --->   "%trunc_ln223_26 = partselect i25 @_ssdm_op_PartSelect.i25.i43.i32.i32, i43 %product_315, i32 18, i32 42" [../src/mpc_riccati_hls.cpp:223]   --->   Operation 275 'partselect' 'trunc_ln223_26' <Predicate = true> <Delay = 0.00>
ST_24 : Operation 276 [2/4] (2.29ns)   --->   "%product_316 = mul i43 %sext_ln159_65, i43 %sext_ln159_36" [../src/fp_math_hls.cpp:159->../src/mpc_riccati_hls.cpp:187]   --->   Operation 276 'mul' 'product_316' <Predicate = true> <Delay = 2.29> <CoreInst = "Mul_DSP">   --->   Core 5 'Mul_DSP' <Latency = 3> <II = 1> <Delay = 2.29> <FuncUnit> <Opcode : 'mul'> <InPorts = 2> <OutPorts = 1>
ST_24 : Operation 277 [3/4] (2.29ns)   --->   "%product_317 = mul i43 %sext_ln159_66, i43 %sext_ln159_37" [../src/fp_math_hls.cpp:159->../src/mpc_riccati_hls.cpp:191]   --->   Operation 277 'mul' 'product_317' <Predicate = true> <Delay = 2.29> <CoreInst = "Mul_DSP">   --->   Core 5 'Mul_DSP' <Latency = 3> <II = 1> <Delay = 2.29> <FuncUnit> <Opcode : 'mul'> <InPorts = 2> <OutPorts = 1>
ST_24 : Operation 278 [1/1] (0.00ns)   --->   "%sext_ln159_67 = sext i32 %p_read_43" [../src/fp_math_hls.cpp:159->../src/mpc_riccati_hls.cpp:195]   --->   Operation 278 'sext' 'sext_ln159_67' <Predicate = true> <Delay = 0.00>
ST_24 : Operation 279 [4/4] (2.95ns)   --->   "%product_318 = mul i43 %sext_ln159_67, i43 %sext_ln159_38" [../src/fp_math_hls.cpp:159->../src/mpc_riccati_hls.cpp:195]   --->   Operation 279 'mul' 'product_318' <Predicate = true> <Delay = 2.95> <CoreInst = "Mul_DSP">   --->   Core 5 'Mul_DSP' <Latency = 3> <II = 1> <Delay = 2.29> <FuncUnit> <Opcode : 'mul'> <InPorts = 2> <OutPorts = 1>

State 25 <SV = 24> <Delay = 2.95>
ST_25 : Operation 280 [1/1] (0.00ns)   --->   "%p_read_38 = read i32 @_ssdm_op_Read.ap_auto.i32, i32 %p_read24"   --->   Operation 280 'read' 'p_read_38' <Predicate = true> <Delay = 0.00>
ST_25 : Operation 281 [1/4] (2.29ns)   --->   "%product_316 = mul i43 %sext_ln159_65, i43 %sext_ln159_36" [../src/fp_math_hls.cpp:159->../src/mpc_riccati_hls.cpp:187]   --->   Operation 281 'mul' 'product_316' <Predicate = true> <Delay = 2.29> <CoreInst = "Mul_DSP">   --->   Core 5 'Mul_DSP' <Latency = 3> <II = 1> <Delay = 2.29> <FuncUnit> <Opcode : 'mul'> <InPorts = 2> <OutPorts = 1>
ST_25 : Operation 282 [1/1] (0.00ns)   --->   "%specfucore_ln160 = specfucore void @_ssdm_op_SpecFUCore, i43 %product_316, i64 12, i64 3, i64 3, i1 0" [../src/fp_math_hls.cpp:160->../src/mpc_riccati_hls.cpp:187]   --->   Operation 282 'specfucore' 'specfucore_ln160' <Predicate = true> <Delay = 0.00>
ST_25 : Operation 283 [1/1] (0.00ns)   --->   "%trunc_ln223_27 = partselect i25 @_ssdm_op_PartSelect.i25.i43.i32.i32, i43 %product_316, i32 18, i32 42" [../src/mpc_riccati_hls.cpp:223]   --->   Operation 283 'partselect' 'trunc_ln223_27' <Predicate = true> <Delay = 0.00>
ST_25 : Operation 284 [2/4] (2.29ns)   --->   "%product_317 = mul i43 %sext_ln159_66, i43 %sext_ln159_37" [../src/fp_math_hls.cpp:159->../src/mpc_riccati_hls.cpp:191]   --->   Operation 284 'mul' 'product_317' <Predicate = true> <Delay = 2.29> <CoreInst = "Mul_DSP">   --->   Core 5 'Mul_DSP' <Latency = 3> <II = 1> <Delay = 2.29> <FuncUnit> <Opcode : 'mul'> <InPorts = 2> <OutPorts = 1>
ST_25 : Operation 285 [3/4] (2.29ns)   --->   "%product_318 = mul i43 %sext_ln159_67, i43 %sext_ln159_38" [../src/fp_math_hls.cpp:159->../src/mpc_riccati_hls.cpp:195]   --->   Operation 285 'mul' 'product_318' <Predicate = true> <Delay = 2.29> <CoreInst = "Mul_DSP">   --->   Core 5 'Mul_DSP' <Latency = 3> <II = 1> <Delay = 2.29> <FuncUnit> <Opcode : 'mul'> <InPorts = 2> <OutPorts = 1>
ST_25 : Operation 286 [1/1] (0.00ns)   --->   "%sext_ln159_68 = sext i32 %p_read_38" [../src/fp_math_hls.cpp:159->../src/mpc_riccati_hls.cpp:199]   --->   Operation 286 'sext' 'sext_ln159_68' <Predicate = true> <Delay = 0.00>
ST_25 : Operation 287 [4/4] (2.95ns)   --->   "%product_319 = mul i43 %sext_ln159_68, i43 %sext_ln159_39" [../src/fp_math_hls.cpp:159->../src/mpc_riccati_hls.cpp:199]   --->   Operation 287 'mul' 'product_319' <Predicate = true> <Delay = 2.95> <CoreInst = "Mul_DSP">   --->   Core 5 'Mul_DSP' <Latency = 3> <II = 1> <Delay = 2.29> <FuncUnit> <Opcode : 'mul'> <InPorts = 2> <OutPorts = 1>

State 26 <SV = 25> <Delay = 3.00>
ST_26 : Operation 288 [1/1] (0.00ns)   --->   "%next_omega_read = read i32 @_ssdm_op_Read.ap_auto.i32, i32 %next_omega"   --->   Operation 288 'read' 'next_omega_read' <Predicate = true> <Delay = 0.00>
ST_26 : Operation 289 [1/1] (0.00ns)   --->   "%uk1_read = read i32 @_ssdm_op_Read.ap_auto.i32, i32 %uk1"   --->   Operation 289 'read' 'uk1_read' <Predicate = true> <Delay = 0.00>
ST_26 : Operation 290 [1/1] (0.00ns)   --->   "%p_read_32 = read i32 @_ssdm_op_Read.ap_auto.i32, i32 %p_read30"   --->   Operation 290 'read' 'p_read_32' <Predicate = true> <Delay = 0.00>
ST_26 : Operation 291 [1/1] (0.00ns)   --->   "%sext_ln523 = sext i32 %uk1_read" [include/fp_types_hls.hpp:523->../src/mpc_riccati_hls.cpp:174]   --->   Operation 291 'sext' 'sext_ln523' <Predicate = true> <Delay = 0.00>
ST_26 : Operation 292 [1/1] (0.00ns)   --->   "%sext_ln159_45 = sext i32 %p_read_32" [../src/fp_math_hls.cpp:159->../src/mpc_riccati_hls.cpp:204]   --->   Operation 292 'sext' 'sext_ln159_45' <Predicate = true> <Delay = 0.00>
ST_26 : Operation 293 [4/4] (2.95ns)   --->   "%product_296 = mul i43 %sext_ln159_45, i43 %sext_ln523" [../src/fp_math_hls.cpp:159->../src/mpc_riccati_hls.cpp:204]   --->   Operation 293 'mul' 'product_296' <Predicate = true> <Delay = 2.95> <CoreInst = "Mul_DSP">   --->   Core 5 'Mul_DSP' <Latency = 3> <II = 1> <Delay = 2.29> <FuncUnit> <Opcode : 'mul'> <InPorts = 2> <OutPorts = 1>
ST_26 : Operation 294 [1/4] (2.29ns)   --->   "%product_317 = mul i43 %sext_ln159_66, i43 %sext_ln159_37" [../src/fp_math_hls.cpp:159->../src/mpc_riccati_hls.cpp:191]   --->   Operation 294 'mul' 'product_317' <Predicate = true> <Delay = 2.29> <CoreInst = "Mul_DSP">   --->   Core 5 'Mul_DSP' <Latency = 3> <II = 1> <Delay = 2.29> <FuncUnit> <Opcode : 'mul'> <InPorts = 2> <OutPorts = 1>
ST_26 : Operation 295 [1/1] (0.00ns)   --->   "%specfucore_ln160 = specfucore void @_ssdm_op_SpecFUCore, i43 %product_317, i64 12, i64 3, i64 3, i1 0" [../src/fp_math_hls.cpp:160->../src/mpc_riccati_hls.cpp:191]   --->   Operation 295 'specfucore' 'specfucore_ln160' <Predicate = true> <Delay = 0.00>
ST_26 : Operation 296 [1/1] (0.00ns)   --->   "%trunc_ln223_28 = partselect i25 @_ssdm_op_PartSelect.i25.i43.i32.i32, i43 %product_317, i32 18, i32 42" [../src/mpc_riccati_hls.cpp:223]   --->   Operation 296 'partselect' 'trunc_ln223_28' <Predicate = true> <Delay = 0.00>
ST_26 : Operation 297 [2/4] (2.29ns)   --->   "%product_318 = mul i43 %sext_ln159_67, i43 %sext_ln159_38" [../src/fp_math_hls.cpp:159->../src/mpc_riccati_hls.cpp:195]   --->   Operation 297 'mul' 'product_318' <Predicate = true> <Delay = 2.29> <CoreInst = "Mul_DSP">   --->   Core 5 'Mul_DSP' <Latency = 3> <II = 1> <Delay = 2.29> <FuncUnit> <Opcode : 'mul'> <InPorts = 2> <OutPorts = 1>
ST_26 : Operation 298 [3/4] (2.29ns)   --->   "%product_319 = mul i43 %sext_ln159_68, i43 %sext_ln159_39" [../src/fp_math_hls.cpp:159->../src/mpc_riccati_hls.cpp:199]   --->   Operation 298 'mul' 'product_319' <Predicate = true> <Delay = 2.29> <CoreInst = "Mul_DSP">   --->   Core 5 'Mul_DSP' <Latency = 3> <II = 1> <Delay = 2.29> <FuncUnit> <Opcode : 'mul'> <InPorts = 2> <OutPorts = 1>
ST_26 : Operation 299 [1/1] (0.00ns)   --->   "%trunc_ln223_32 = trunc i32 %next_omega_read" [../src/mpc_riccati_hls.cpp:223]   --->   Operation 299 'trunc' 'trunc_ln223_32' <Predicate = true> <Delay = 0.00>
ST_26 : Operation 300 [1/1] (0.94ns)   --->   "%sub_ln223_28 = sub i25 %trunc_ln223_32, i25 %trunc_ln223_26" [../src/mpc_riccati_hls.cpp:223]   --->   Operation 300 'sub' 'sub_ln223_28' <Predicate = true> <Delay = 0.94> <CoreInst = "Adder">   --->   Core 1 'Adder' <Latency = 0> <II = 1> <Delay = 0.94> <FuncUnit> <Opcode : 'add' 'sub'> <InPorts = 2> <OutPorts = 1>
ST_26 : Operation 301 [1/1] (0.00ns) (grouped into TernaryAdder)   --->   "%sub_ln223_29 = sub i25 %sub_ln223_28, i25 %trunc_ln223_27" [../src/mpc_riccati_hls.cpp:223]   --->   Operation 301 'sub' 'sub_ln223_29' <Predicate = true> <Delay = 0.00> <CoreInst = "TAddSub">   --->   Core 10 'TAddSub' <Latency = 0> <II = 1> <Delay = 0.35> <IPBlock> <Opcode : 'add' 'sub'> <InPorts = 3> <OutPorts = 1> <Sync> <CReg>
ST_26 : Operation 302 [1/1] (0.71ns) (root node of TernaryAdder)   --->   "%sub_ln223_30 = sub i25 %sub_ln223_29, i25 %trunc_ln223_28" [../src/mpc_riccati_hls.cpp:223]   --->   Operation 302 'sub' 'sub_ln223_30' <Predicate = true> <Delay = 0.71> <CoreInst = "TAddSub">   --->   Core 10 'TAddSub' <Latency = 0> <II = 1> <Delay = 0.35> <IPBlock> <Opcode : 'add' 'sub'> <InPorts = 3> <OutPorts = 1> <Sync> <CReg>

State 27 <SV = 26> <Delay = 2.95>
ST_27 : Operation 303 [1/1] (0.00ns)   --->   "%p_read_31 = read i32 @_ssdm_op_Read.ap_auto.i32, i32 %p_read31"   --->   Operation 303 'read' 'p_read_31' <Predicate = true> <Delay = 0.00>
ST_27 : Operation 304 [3/4] (2.29ns)   --->   "%product_296 = mul i43 %sext_ln159_45, i43 %sext_ln523" [../src/fp_math_hls.cpp:159->../src/mpc_riccati_hls.cpp:204]   --->   Operation 304 'mul' 'product_296' <Predicate = true> <Delay = 2.29> <CoreInst = "Mul_DSP">   --->   Core 5 'Mul_DSP' <Latency = 3> <II = 1> <Delay = 2.29> <FuncUnit> <Opcode : 'mul'> <InPorts = 2> <OutPorts = 1>
ST_27 : Operation 305 [1/1] (0.00ns)   --->   "%sext_ln159_51 = sext i32 %p_read_31" [../src/fp_math_hls.cpp:159->../src/mpc_riccati_hls.cpp:204]   --->   Operation 305 'sext' 'sext_ln159_51' <Predicate = true> <Delay = 0.00>
ST_27 : Operation 306 [4/4] (2.95ns)   --->   "%product_302 = mul i43 %sext_ln159_51, i43 %sext_ln523" [../src/fp_math_hls.cpp:159->../src/mpc_riccati_hls.cpp:204]   --->   Operation 306 'mul' 'product_302' <Predicate = true> <Delay = 2.95> <CoreInst = "Mul_DSP">   --->   Core 5 'Mul_DSP' <Latency = 3> <II = 1> <Delay = 2.29> <FuncUnit> <Opcode : 'mul'> <InPorts = 2> <OutPorts = 1>
ST_27 : Operation 307 [1/4] (2.29ns)   --->   "%product_318 = mul i43 %sext_ln159_67, i43 %sext_ln159_38" [../src/fp_math_hls.cpp:159->../src/mpc_riccati_hls.cpp:195]   --->   Operation 307 'mul' 'product_318' <Predicate = true> <Delay = 2.29> <CoreInst = "Mul_DSP">   --->   Core 5 'Mul_DSP' <Latency = 3> <II = 1> <Delay = 2.29> <FuncUnit> <Opcode : 'mul'> <InPorts = 2> <OutPorts = 1>
ST_27 : Operation 308 [1/1] (0.00ns)   --->   "%specfucore_ln160 = specfucore void @_ssdm_op_SpecFUCore, i43 %product_318, i64 12, i64 3, i64 3, i1 0" [../src/fp_math_hls.cpp:160->../src/mpc_riccati_hls.cpp:195]   --->   Operation 308 'specfucore' 'specfucore_ln160' <Predicate = true> <Delay = 0.00>
ST_27 : Operation 309 [1/1] (0.00ns)   --->   "%trunc_ln223_29 = partselect i25 @_ssdm_op_PartSelect.i25.i43.i32.i32, i43 %product_318, i32 18, i32 42" [../src/mpc_riccati_hls.cpp:223]   --->   Operation 309 'partselect' 'trunc_ln223_29' <Predicate = true> <Delay = 0.00>
ST_27 : Operation 310 [2/4] (2.29ns)   --->   "%product_319 = mul i43 %sext_ln159_68, i43 %sext_ln159_39" [../src/fp_math_hls.cpp:159->../src/mpc_riccati_hls.cpp:199]   --->   Operation 310 'mul' 'product_319' <Predicate = true> <Delay = 2.29> <CoreInst = "Mul_DSP">   --->   Core 5 'Mul_DSP' <Latency = 3> <II = 1> <Delay = 2.29> <FuncUnit> <Opcode : 'mul'> <InPorts = 2> <OutPorts = 1>

State 28 <SV = 27> <Delay = 3.00>
ST_28 : Operation 311 [1/1] (0.00ns)   --->   "%p_read_30 = read i32 @_ssdm_op_Read.ap_auto.i32, i32 %p_read32"   --->   Operation 311 'read' 'p_read_30' <Predicate = true> <Delay = 0.00>
ST_28 : Operation 312 [2/4] (2.29ns)   --->   "%product_296 = mul i43 %sext_ln159_45, i43 %sext_ln523" [../src/fp_math_hls.cpp:159->../src/mpc_riccati_hls.cpp:204]   --->   Operation 312 'mul' 'product_296' <Predicate = true> <Delay = 2.29> <CoreInst = "Mul_DSP">   --->   Core 5 'Mul_DSP' <Latency = 3> <II = 1> <Delay = 2.29> <FuncUnit> <Opcode : 'mul'> <InPorts = 2> <OutPorts = 1>
ST_28 : Operation 313 [3/4] (2.29ns)   --->   "%product_302 = mul i43 %sext_ln159_51, i43 %sext_ln523" [../src/fp_math_hls.cpp:159->../src/mpc_riccati_hls.cpp:204]   --->   Operation 313 'mul' 'product_302' <Predicate = true> <Delay = 2.29> <CoreInst = "Mul_DSP">   --->   Core 5 'Mul_DSP' <Latency = 3> <II = 1> <Delay = 2.29> <FuncUnit> <Opcode : 'mul'> <InPorts = 2> <OutPorts = 1>
ST_28 : Operation 314 [1/1] (0.00ns)   --->   "%sext_ln159_57 = sext i32 %p_read_30" [../src/fp_math_hls.cpp:159->../src/mpc_riccati_hls.cpp:204]   --->   Operation 314 'sext' 'sext_ln159_57' <Predicate = true> <Delay = 0.00>
ST_28 : Operation 315 [4/4] (2.95ns)   --->   "%product_308 = mul i43 %sext_ln159_57, i43 %sext_ln523" [../src/fp_math_hls.cpp:159->../src/mpc_riccati_hls.cpp:204]   --->   Operation 315 'mul' 'product_308' <Predicate = true> <Delay = 2.95> <CoreInst = "Mul_DSP">   --->   Core 5 'Mul_DSP' <Latency = 3> <II = 1> <Delay = 2.29> <FuncUnit> <Opcode : 'mul'> <InPorts = 2> <OutPorts = 1>
ST_28 : Operation 316 [1/4] (2.29ns)   --->   "%product_319 = mul i43 %sext_ln159_68, i43 %sext_ln159_39" [../src/fp_math_hls.cpp:159->../src/mpc_riccati_hls.cpp:199]   --->   Operation 316 'mul' 'product_319' <Predicate = true> <Delay = 2.29> <CoreInst = "Mul_DSP">   --->   Core 5 'Mul_DSP' <Latency = 3> <II = 1> <Delay = 2.29> <FuncUnit> <Opcode : 'mul'> <InPorts = 2> <OutPorts = 1>
ST_28 : Operation 317 [1/1] (0.00ns)   --->   "%specfucore_ln160 = specfucore void @_ssdm_op_SpecFUCore, i43 %product_319, i64 12, i64 3, i64 3, i1 0" [../src/fp_math_hls.cpp:160->../src/mpc_riccati_hls.cpp:199]   --->   Operation 317 'specfucore' 'specfucore_ln160' <Predicate = true> <Delay = 0.00>
ST_28 : Operation 318 [1/1] (0.00ns)   --->   "%trunc_ln223_30 = partselect i25 @_ssdm_op_PartSelect.i25.i43.i32.i32, i43 %product_319, i32 18, i32 42" [../src/mpc_riccati_hls.cpp:223]   --->   Operation 318 'partselect' 'trunc_ln223_30' <Predicate = true> <Delay = 0.00>
ST_28 : Operation 319 [1/1] (0.00ns) (grouped into TernaryAdder)   --->   "%sub_ln223_31 = sub i25 %sub_ln223_30, i25 %trunc_ln223_29" [../src/mpc_riccati_hls.cpp:223]   --->   Operation 319 'sub' 'sub_ln223_31' <Predicate = true> <Delay = 0.00> <CoreInst = "TAddSub">   --->   Core 10 'TAddSub' <Latency = 0> <II = 1> <Delay = 0.35> <IPBlock> <Opcode : 'add' 'sub'> <InPorts = 3> <OutPorts = 1> <Sync> <CReg>
ST_28 : Operation 320 [1/1] (0.71ns) (root node of TernaryAdder)   --->   "%sub_ln223_32 = sub i25 %sub_ln223_31, i25 %trunc_ln223_30" [../src/mpc_riccati_hls.cpp:223]   --->   Operation 320 'sub' 'sub_ln223_32' <Predicate = true> <Delay = 0.71> <CoreInst = "TAddSub">   --->   Core 10 'TAddSub' <Latency = 0> <II = 1> <Delay = 0.35> <IPBlock> <Opcode : 'add' 'sub'> <InPorts = 3> <OutPorts = 1> <Sync> <CReg>

State 29 <SV = 28> <Delay = 4.23>
ST_29 : Operation 321 [1/1] (0.00ns)   --->   "%sd_1_offset_read = read i64 @_ssdm_op_Read.ap_auto.i64, i64 %sd_1_offset"   --->   Operation 321 'read' 'sd_1_offset_read' <Predicate = true> <Delay = 0.00>
ST_29 : Operation 322 [1/1] (0.00ns)   --->   "%p_read_29 = read i32 @_ssdm_op_Read.ap_auto.i32, i32 %p_read33"   --->   Operation 322 'read' 'p_read_29' <Predicate = true> <Delay = 0.00>
ST_29 : Operation 323 [1/1] (0.00ns)   --->   "%empty = trunc i64 %sd_1_offset_read"   --->   Operation 323 'trunc' 'empty' <Predicate = true> <Delay = 0.00>
ST_29 : Operation 324 [1/4] (2.29ns)   --->   "%product_296 = mul i43 %sext_ln159_45, i43 %sext_ln523" [../src/fp_math_hls.cpp:159->../src/mpc_riccati_hls.cpp:204]   --->   Operation 324 'mul' 'product_296' <Predicate = true> <Delay = 2.29> <CoreInst = "Mul_DSP">   --->   Core 5 'Mul_DSP' <Latency = 3> <II = 1> <Delay = 2.29> <FuncUnit> <Opcode : 'mul'> <InPorts = 2> <OutPorts = 1>
ST_29 : Operation 325 [1/1] (0.00ns)   --->   "%specfucore_ln160 = specfucore void @_ssdm_op_SpecFUCore, i43 %product_296, i64 12, i64 3, i64 3, i1 0" [../src/fp_math_hls.cpp:160->../src/mpc_riccati_hls.cpp:204]   --->   Operation 325 'specfucore' 'specfucore_ln160' <Predicate = true> <Delay = 0.00>
ST_29 : Operation 326 [1/1] (0.00ns)   --->   "%trunc_ln223_5 = partselect i25 @_ssdm_op_PartSelect.i25.i43.i32.i32, i43 %product_296, i32 18, i32 42" [../src/mpc_riccati_hls.cpp:223]   --->   Operation 326 'partselect' 'trunc_ln223_5' <Predicate = true> <Delay = 0.00>
ST_29 : Operation 327 [1/1] (0.00ns) (grouped into TernaryAdder)   --->   "%sub_ln223_5 = sub i25 %sub_ln223_4, i25 %trunc_ln223_5" [../src/mpc_riccati_hls.cpp:223]   --->   Operation 327 'sub' 'sub_ln223_5' <Predicate = true> <Delay = 0.00> <CoreInst = "TAddSub">   --->   Core 10 'TAddSub' <Latency = 0> <II = 1> <Delay = 0.35> <IPBlock> <Opcode : 'add' 'sub'> <InPorts = 3> <OutPorts = 1> <Sync> <CReg>
ST_29 : Operation 328 [1/1] (0.71ns) (root node of TernaryAdder)   --->   "%acc = sub i25 %sub_ln223_5, i25 %b0" [../src/mpc_riccati_hls.cpp:223]   --->   Operation 328 'sub' 'acc' <Predicate = true> <Delay = 0.71> <CoreInst = "TAddSub">   --->   Core 10 'TAddSub' <Latency = 0> <II = 1> <Delay = 0.35> <IPBlock> <Opcode : 'add' 'sub'> <InPorts = 3> <OutPorts = 1> <Sync> <CReg>
ST_29 : Operation 329 [1/1] (0.00ns)   --->   "%sext_ln225 = sext i25 %acc" [../src/mpc_riccati_hls.cpp:225]   --->   Operation 329 'sext' 'sext_ln225' <Predicate = true> <Delay = 0.00>
ST_29 : Operation 330 [2/4] (2.29ns)   --->   "%product_302 = mul i43 %sext_ln159_51, i43 %sext_ln523" [../src/fp_math_hls.cpp:159->../src/mpc_riccati_hls.cpp:204]   --->   Operation 330 'mul' 'product_302' <Predicate = true> <Delay = 2.29> <CoreInst = "Mul_DSP">   --->   Core 5 'Mul_DSP' <Latency = 3> <II = 1> <Delay = 2.29> <FuncUnit> <Opcode : 'mul'> <InPorts = 2> <OutPorts = 1>
ST_29 : Operation 331 [3/4] (2.29ns)   --->   "%product_308 = mul i43 %sext_ln159_57, i43 %sext_ln523" [../src/fp_math_hls.cpp:159->../src/mpc_riccati_hls.cpp:204]   --->   Operation 331 'mul' 'product_308' <Predicate = true> <Delay = 2.29> <CoreInst = "Mul_DSP">   --->   Core 5 'Mul_DSP' <Latency = 3> <II = 1> <Delay = 2.29> <FuncUnit> <Opcode : 'mul'> <InPorts = 2> <OutPorts = 1>
ST_29 : Operation 332 [1/1] (0.00ns)   --->   "%sext_ln159_63 = sext i32 %p_read_29" [../src/fp_math_hls.cpp:159->../src/mpc_riccati_hls.cpp:204]   --->   Operation 332 'sext' 'sext_ln159_63' <Predicate = true> <Delay = 0.00>
ST_29 : Operation 333 [4/4] (2.95ns)   --->   "%product_314 = mul i43 %sext_ln159_63, i43 %sext_ln523" [../src/fp_math_hls.cpp:159->../src/mpc_riccati_hls.cpp:204]   --->   Operation 333 'mul' 'product_314' <Predicate = true> <Delay = 2.95> <CoreInst = "Mul_DSP">   --->   Core 5 'Mul_DSP' <Latency = 3> <II = 1> <Delay = 2.29> <FuncUnit> <Opcode : 'mul'> <InPorts = 2> <OutPorts = 1>
ST_29 : Operation 334 [1/1] (0.00ns)   --->   "%p_shl = bitconcatenate i8 @_ssdm_op_BitConcatenate.i8.i5.i3, i5 %empty, i3 0" [../src/mpc_riccati_hls.cpp:241]   --->   Operation 334 'bitconcatenate' 'p_shl' <Predicate = true> <Delay = 0.00>
ST_29 : Operation 335 [1/1] (0.00ns)   --->   "%trunc_ln241 = trunc i64 %sd_1_offset_read" [../src/mpc_riccati_hls.cpp:241]   --->   Operation 335 'trunc' 'trunc_ln241' <Predicate = true> <Delay = 0.00>
ST_29 : Operation 336 [1/1] (0.00ns)   --->   "%p_shl1 = bitconcatenate i8 @_ssdm_op_BitConcatenate.i8.i7.i1, i7 %trunc_ln241, i1 0" [../src/mpc_riccati_hls.cpp:241]   --->   Operation 336 'bitconcatenate' 'p_shl1' <Predicate = true> <Delay = 0.00>
ST_29 : Operation 337 [1/1] (0.76ns)   --->   "%sub_ln241 = sub i8 %p_shl, i8 %p_shl1" [../src/mpc_riccati_hls.cpp:241]   --->   Operation 337 'sub' 'sub_ln241' <Predicate = true> <Delay = 0.76> <CoreInst = "Adder">   --->   Core 1 'Adder' <Latency = 0> <II = 1> <Delay = 0.76> <FuncUnit> <Opcode : 'add' 'sub'> <InPorts = 2> <OutPorts = 1>
ST_29 : Operation 338 [1/1] (0.00ns)   --->   "%zext_ln241 = zext i8 %sub_ln241" [../src/mpc_riccati_hls.cpp:241]   --->   Operation 338 'zext' 'zext_ln241' <Predicate = true> <Delay = 0.00>
ST_29 : Operation 339 [1/1] (0.00ns)   --->   "%trunc_ln241_1 = trunc i8 %sub_ln241" [../src/mpc_riccati_hls.cpp:241]   --->   Operation 339 'trunc' 'trunc_ln241_1' <Predicate = true> <Delay = 0.00>
ST_29 : Operation 340 [1/1] (0.00ns)   --->   "%sd_1_addr = getelementptr i32 %sd_1, i64 0, i64 %zext_ln241" [../src/mpc_riccati_hls.cpp:241]   --->   Operation 340 'getelementptr' 'sd_1_addr' <Predicate = true> <Delay = 0.00>
ST_29 : Operation 341 [1/1] ( I:1.23ns O:1.23ns )   --->   "%store_ln241 = store i32 %sext_ln225, i7 %sd_1_addr" [../src/mpc_riccati_hls.cpp:241]   --->   Operation 341 'store' 'store_ln241' <Predicate = true> <Delay = 1.23> <CoreInst = "RAM_2P_BRAM">   --->   Core 93 'RAM_2P_BRAM' <Latency = 1> <II = 1> <Delay = 1.23> <Storage> <Opcode : 'load' 'store'> <Ports = 2> <Width = 32> <Depth = 120> <RAM>
ST_29 : Operation 342 [1/1] (0.00ns)   --->   "%tmp_cast = partselect i6 @_ssdm_op_PartSelect.i6.i8.i32.i32, i8 %sub_ln241, i32 1, i32 6" [../src/mpc_riccati_hls.cpp:241]   --->   Operation 342 'partselect' 'tmp_cast' <Predicate = true> <Delay = 0.00>

State 30 <SV = 29> <Delay = 4.23>
ST_30 : Operation 343 [1/1] (0.00ns)   --->   "%p_read_28 = read i32 @_ssdm_op_Read.ap_auto.i32, i32 %p_read34"   --->   Operation 343 'read' 'p_read_28' <Predicate = true> <Delay = 0.00>
ST_30 : Operation 344 [1/4] (2.29ns)   --->   "%product_302 = mul i43 %sext_ln159_51, i43 %sext_ln523" [../src/fp_math_hls.cpp:159->../src/mpc_riccati_hls.cpp:204]   --->   Operation 344 'mul' 'product_302' <Predicate = true> <Delay = 2.29> <CoreInst = "Mul_DSP">   --->   Core 5 'Mul_DSP' <Latency = 3> <II = 1> <Delay = 2.29> <FuncUnit> <Opcode : 'mul'> <InPorts = 2> <OutPorts = 1>
ST_30 : Operation 345 [1/1] (0.00ns)   --->   "%specfucore_ln160 = specfucore void @_ssdm_op_SpecFUCore, i43 %product_302, i64 12, i64 3, i64 3, i1 0" [../src/fp_math_hls.cpp:160->../src/mpc_riccati_hls.cpp:204]   --->   Operation 345 'specfucore' 'specfucore_ln160' <Predicate = true> <Delay = 0.00>
ST_30 : Operation 346 [1/1] (0.00ns)   --->   "%trunc_ln223_10 = partselect i25 @_ssdm_op_PartSelect.i25.i43.i32.i32, i43 %product_302, i32 18, i32 42" [../src/mpc_riccati_hls.cpp:223]   --->   Operation 346 'partselect' 'trunc_ln223_10' <Predicate = true> <Delay = 0.00>
ST_30 : Operation 347 [1/1] (0.00ns) (grouped into TernaryAdder)   --->   "%sub_ln223_12 = sub i25 %sub_ln223_11, i25 %trunc_ln223_10" [../src/mpc_riccati_hls.cpp:223]   --->   Operation 347 'sub' 'sub_ln223_12' <Predicate = true> <Delay = 0.00> <CoreInst = "TAddSub">   --->   Core 10 'TAddSub' <Latency = 0> <II = 1> <Delay = 0.35> <IPBlock> <Opcode : 'add' 'sub'> <InPorts = 3> <OutPorts = 1> <Sync> <CReg>
ST_30 : Operation 348 [1/1] (0.71ns) (root node of TernaryAdder)   --->   "%acc_1 = sub i25 %sub_ln223_12, i25 %b0_1" [../src/mpc_riccati_hls.cpp:223]   --->   Operation 348 'sub' 'acc_1' <Predicate = true> <Delay = 0.71> <CoreInst = "TAddSub">   --->   Core 10 'TAddSub' <Latency = 0> <II = 1> <Delay = 0.35> <IPBlock> <Opcode : 'add' 'sub'> <InPorts = 3> <OutPorts = 1> <Sync> <CReg>
ST_30 : Operation 349 [1/1] (0.00ns)   --->   "%sext_ln225_1 = sext i25 %acc_1" [../src/mpc_riccati_hls.cpp:225]   --->   Operation 349 'sext' 'sext_ln225_1' <Predicate = true> <Delay = 0.00>
ST_30 : Operation 350 [2/4] (2.29ns)   --->   "%product_308 = mul i43 %sext_ln159_57, i43 %sext_ln523" [../src/fp_math_hls.cpp:159->../src/mpc_riccati_hls.cpp:204]   --->   Operation 350 'mul' 'product_308' <Predicate = true> <Delay = 2.29> <CoreInst = "Mul_DSP">   --->   Core 5 'Mul_DSP' <Latency = 3> <II = 1> <Delay = 2.29> <FuncUnit> <Opcode : 'mul'> <InPorts = 2> <OutPorts = 1>
ST_30 : Operation 351 [3/4] (2.29ns)   --->   "%product_314 = mul i43 %sext_ln159_63, i43 %sext_ln523" [../src/fp_math_hls.cpp:159->../src/mpc_riccati_hls.cpp:204]   --->   Operation 351 'mul' 'product_314' <Predicate = true> <Delay = 2.29> <CoreInst = "Mul_DSP">   --->   Core 5 'Mul_DSP' <Latency = 3> <II = 1> <Delay = 2.29> <FuncUnit> <Opcode : 'mul'> <InPorts = 2> <OutPorts = 1>
ST_30 : Operation 352 [1/1] (0.00ns)   --->   "%sext_ln159_69 = sext i32 %p_read_28" [../src/fp_math_hls.cpp:159->../src/mpc_riccati_hls.cpp:204]   --->   Operation 352 'sext' 'sext_ln159_69' <Predicate = true> <Delay = 0.00>
ST_30 : Operation 353 [4/4] (2.95ns)   --->   "%product_320 = mul i43 %sext_ln159_69, i43 %sext_ln523" [../src/fp_math_hls.cpp:159->../src/mpc_riccati_hls.cpp:204]   --->   Operation 353 'mul' 'product_320' <Predicate = true> <Delay = 2.95> <CoreInst = "Mul_DSP">   --->   Core 5 'Mul_DSP' <Latency = 3> <II = 1> <Delay = 2.29> <FuncUnit> <Opcode : 'mul'> <InPorts = 2> <OutPorts = 1>
ST_30 : Operation 354 [1/1] (0.00ns)   --->   "%tmp_s = bitconcatenate i7 @_ssdm_op_BitConcatenate.i7.i6.i1, i6 %tmp_cast, i1 1" [../src/mpc_riccati_hls.cpp:241]   --->   Operation 354 'bitconcatenate' 'tmp_s' <Predicate = true> <Delay = 0.00>
ST_30 : Operation 355 [1/1] (0.00ns)   --->   "%zext_ln241_1 = zext i7 %tmp_s" [../src/mpc_riccati_hls.cpp:241]   --->   Operation 355 'zext' 'zext_ln241_1' <Predicate = true> <Delay = 0.00>
ST_30 : Operation 356 [1/1] (0.00ns)   --->   "%sd_1_addr_1 = getelementptr i32 %sd_1, i64 0, i64 %zext_ln241_1" [../src/mpc_riccati_hls.cpp:241]   --->   Operation 356 'getelementptr' 'sd_1_addr_1' <Predicate = true> <Delay = 0.00>
ST_30 : Operation 357 [1/1] ( I:1.23ns O:1.23ns )   --->   "%store_ln241 = store i32 %sext_ln225_1, i7 %sd_1_addr_1" [../src/mpc_riccati_hls.cpp:241]   --->   Operation 357 'store' 'store_ln241' <Predicate = true> <Delay = 1.23> <CoreInst = "RAM_2P_BRAM">   --->   Core 93 'RAM_2P_BRAM' <Latency = 1> <II = 1> <Delay = 1.23> <Storage> <Opcode : 'load' 'store'> <Ports = 2> <Width = 32> <Depth = 120> <RAM>

State 31 <SV = 30> <Delay = 4.23>
ST_31 : Operation 358 [1/1] (0.00ns)   --->   "%uk0_read = read i32 @_ssdm_op_Read.ap_auto.i32, i32 %uk0"   --->   Operation 358 'read' 'uk0_read' <Predicate = true> <Delay = 0.00>
ST_31 : Operation 359 [1/4] (2.29ns)   --->   "%product_308 = mul i43 %sext_ln159_57, i43 %sext_ln523" [../src/fp_math_hls.cpp:159->../src/mpc_riccati_hls.cpp:204]   --->   Operation 359 'mul' 'product_308' <Predicate = true> <Delay = 2.29> <CoreInst = "Mul_DSP">   --->   Core 5 'Mul_DSP' <Latency = 3> <II = 1> <Delay = 2.29> <FuncUnit> <Opcode : 'mul'> <InPorts = 2> <OutPorts = 1>
ST_31 : Operation 360 [1/1] (0.00ns)   --->   "%specfucore_ln160 = specfucore void @_ssdm_op_SpecFUCore, i43 %product_308, i64 12, i64 3, i64 3, i1 0" [../src/fp_math_hls.cpp:160->../src/mpc_riccati_hls.cpp:204]   --->   Operation 360 'specfucore' 'specfucore_ln160' <Predicate = true> <Delay = 0.00>
ST_31 : Operation 361 [1/1] (0.00ns)   --->   "%trunc_ln223_17 = partselect i25 @_ssdm_op_PartSelect.i25.i43.i32.i32, i43 %product_308, i32 18, i32 42" [../src/mpc_riccati_hls.cpp:223]   --->   Operation 361 'partselect' 'trunc_ln223_17' <Predicate = true> <Delay = 0.00>
ST_31 : Operation 362 [1/1] (0.00ns) (grouped into TernaryAdder)   --->   "%sub_ln223_19 = sub i25 %sub_ln223_18, i25 %trunc_ln223_17" [../src/mpc_riccati_hls.cpp:223]   --->   Operation 362 'sub' 'sub_ln223_19' <Predicate = true> <Delay = 0.00> <CoreInst = "TAddSub">   --->   Core 10 'TAddSub' <Latency = 0> <II = 1> <Delay = 0.35> <IPBlock> <Opcode : 'add' 'sub'> <InPorts = 3> <OutPorts = 1> <Sync> <CReg>
ST_31 : Operation 363 [1/1] (0.71ns) (root node of TernaryAdder)   --->   "%acc_2 = sub i25 %sub_ln223_19, i25 %b0_2" [../src/mpc_riccati_hls.cpp:223]   --->   Operation 363 'sub' 'acc_2' <Predicate = true> <Delay = 0.71> <CoreInst = "TAddSub">   --->   Core 10 'TAddSub' <Latency = 0> <II = 1> <Delay = 0.35> <IPBlock> <Opcode : 'add' 'sub'> <InPorts = 3> <OutPorts = 1> <Sync> <CReg>
ST_31 : Operation 364 [1/1] (0.00ns)   --->   "%sext_ln225_2 = sext i25 %acc_2" [../src/mpc_riccati_hls.cpp:225]   --->   Operation 364 'sext' 'sext_ln225_2' <Predicate = true> <Delay = 0.00>
ST_31 : Operation 365 [2/4] (2.29ns)   --->   "%product_314 = mul i43 %sext_ln159_63, i43 %sext_ln523" [../src/fp_math_hls.cpp:159->../src/mpc_riccati_hls.cpp:204]   --->   Operation 365 'mul' 'product_314' <Predicate = true> <Delay = 2.29> <CoreInst = "Mul_DSP">   --->   Core 5 'Mul_DSP' <Latency = 3> <II = 1> <Delay = 2.29> <FuncUnit> <Opcode : 'mul'> <InPorts = 2> <OutPorts = 1>
ST_31 : Operation 366 [3/4] (2.29ns)   --->   "%product_320 = mul i43 %sext_ln159_69, i43 %sext_ln523" [../src/fp_math_hls.cpp:159->../src/mpc_riccati_hls.cpp:204]   --->   Operation 366 'mul' 'product_320' <Predicate = true> <Delay = 2.29> <CoreInst = "Mul_DSP">   --->   Core 5 'Mul_DSP' <Latency = 3> <II = 1> <Delay = 2.29> <FuncUnit> <Opcode : 'mul'> <InPorts = 2> <OutPorts = 1>
ST_31 : Operation 367 [1/1] (0.00ns)   --->   "%sext_ln159_70 = sext i32 %uk0_read" [../src/fp_math_hls.cpp:159->../src/mpc_riccati_hls.cpp:234]   --->   Operation 367 'sext' 'sext_ln159_70' <Predicate = true> <Delay = 0.00>
ST_31 : Operation 368 [4/4] (2.29ns)   --->   "%mul_ln159 = mul i46 %sext_ln159_70, i46 7864" [../src/fp_math_hls.cpp:159->../src/mpc_riccati_hls.cpp:234]   --->   Operation 368 'mul' 'mul_ln159' <Predicate = true> <Delay = 2.29> <CoreInst = "Mul_DSP">   --->   Core 5 'Mul_DSP' <Latency = 3> <II = 1> <Delay = 2.29> <FuncUnit> <Opcode : 'mul'> <InPorts = 2> <OutPorts = 1>
ST_31 : Operation 369 [1/1] (0.77ns)   --->   "%add_ln241 = add i7 %trunc_ln241_1, i7 2" [../src/mpc_riccati_hls.cpp:241]   --->   Operation 369 'add' 'add_ln241' <Predicate = true> <Delay = 0.77> <CoreInst = "Adder">   --->   Core 1 'Adder' <Latency = 0> <II = 1> <Delay = 0.77> <FuncUnit> <Opcode : 'add' 'sub'> <InPorts = 2> <OutPorts = 1>
ST_31 : Operation 370 [1/1] (0.00ns)   --->   "%zext_ln241_2 = zext i7 %add_ln241" [../src/mpc_riccati_hls.cpp:241]   --->   Operation 370 'zext' 'zext_ln241_2' <Predicate = true> <Delay = 0.00>
ST_31 : Operation 371 [1/1] (0.00ns)   --->   "%sd_1_addr_2 = getelementptr i32 %sd_1, i64 0, i64 %zext_ln241_2" [../src/mpc_riccati_hls.cpp:241]   --->   Operation 371 'getelementptr' 'sd_1_addr_2' <Predicate = true> <Delay = 0.00>
ST_31 : Operation 372 [1/1] ( I:1.23ns O:1.23ns )   --->   "%store_ln241 = store i32 %sext_ln225_2, i7 %sd_1_addr_2" [../src/mpc_riccati_hls.cpp:241]   --->   Operation 372 'store' 'store_ln241' <Predicate = true> <Delay = 1.23> <CoreInst = "RAM_2P_BRAM">   --->   Core 93 'RAM_2P_BRAM' <Latency = 1> <II = 1> <Delay = 1.23> <Storage> <Opcode : 'load' 'store'> <Ports = 2> <Width = 32> <Depth = 120> <RAM>

State 32 <SV = 31> <Delay = 4.23>
ST_32 : Operation 373 [1/4] (2.29ns)   --->   "%product_314 = mul i43 %sext_ln159_63, i43 %sext_ln523" [../src/fp_math_hls.cpp:159->../src/mpc_riccati_hls.cpp:204]   --->   Operation 373 'mul' 'product_314' <Predicate = true> <Delay = 2.29> <CoreInst = "Mul_DSP">   --->   Core 5 'Mul_DSP' <Latency = 3> <II = 1> <Delay = 2.29> <FuncUnit> <Opcode : 'mul'> <InPorts = 2> <OutPorts = 1>
ST_32 : Operation 374 [1/1] (0.00ns)   --->   "%specfucore_ln160 = specfucore void @_ssdm_op_SpecFUCore, i43 %product_314, i64 12, i64 3, i64 3, i1 0" [../src/fp_math_hls.cpp:160->../src/mpc_riccati_hls.cpp:204]   --->   Operation 374 'specfucore' 'specfucore_ln160' <Predicate = true> <Delay = 0.00>
ST_32 : Operation 375 [1/1] (0.00ns)   --->   "%trunc_ln223_24 = partselect i25 @_ssdm_op_PartSelect.i25.i43.i32.i32, i43 %product_314, i32 18, i32 42" [../src/mpc_riccati_hls.cpp:223]   --->   Operation 375 'partselect' 'trunc_ln223_24' <Predicate = true> <Delay = 0.00>
ST_32 : Operation 376 [1/1] (0.00ns) (grouped into TernaryAdder)   --->   "%sub_ln223_26 = sub i25 %sub_ln223_25, i25 %trunc_ln223_24" [../src/mpc_riccati_hls.cpp:223]   --->   Operation 376 'sub' 'sub_ln223_26' <Predicate = true> <Delay = 0.00> <CoreInst = "TAddSub">   --->   Core 10 'TAddSub' <Latency = 0> <II = 1> <Delay = 0.35> <IPBlock> <Opcode : 'add' 'sub'> <InPorts = 3> <OutPorts = 1> <Sync> <CReg>
ST_32 : Operation 377 [1/1] (0.71ns) (root node of TernaryAdder)   --->   "%acc_3 = sub i25 %sub_ln223_26, i25 %b0_3" [../src/mpc_riccati_hls.cpp:223]   --->   Operation 377 'sub' 'acc_3' <Predicate = true> <Delay = 0.71> <CoreInst = "TAddSub">   --->   Core 10 'TAddSub' <Latency = 0> <II = 1> <Delay = 0.35> <IPBlock> <Opcode : 'add' 'sub'> <InPorts = 3> <OutPorts = 1> <Sync> <CReg>
ST_32 : Operation 378 [1/1] (0.00ns)   --->   "%sext_ln225_3 = sext i25 %acc_3" [../src/mpc_riccati_hls.cpp:225]   --->   Operation 378 'sext' 'sext_ln225_3' <Predicate = true> <Delay = 0.00>
ST_32 : Operation 379 [2/4] (2.29ns)   --->   "%product_320 = mul i43 %sext_ln159_69, i43 %sext_ln523" [../src/fp_math_hls.cpp:159->../src/mpc_riccati_hls.cpp:204]   --->   Operation 379 'mul' 'product_320' <Predicate = true> <Delay = 2.29> <CoreInst = "Mul_DSP">   --->   Core 5 'Mul_DSP' <Latency = 3> <II = 1> <Delay = 2.29> <FuncUnit> <Opcode : 'mul'> <InPorts = 2> <OutPorts = 1>
ST_32 : Operation 380 [3/4] (2.29ns)   --->   "%mul_ln159 = mul i46 %sext_ln159_70, i46 7864" [../src/fp_math_hls.cpp:159->../src/mpc_riccati_hls.cpp:234]   --->   Operation 380 'mul' 'mul_ln159' <Predicate = true> <Delay = 2.29> <CoreInst = "Mul_DSP">   --->   Core 5 'Mul_DSP' <Latency = 3> <II = 1> <Delay = 2.29> <FuncUnit> <Opcode : 'mul'> <InPorts = 2> <OutPorts = 1>
ST_32 : Operation 381 [1/1] (0.77ns)   --->   "%add_ln241_1 = add i7 %trunc_ln241_1, i7 3" [../src/mpc_riccati_hls.cpp:241]   --->   Operation 381 'add' 'add_ln241_1' <Predicate = true> <Delay = 0.77> <CoreInst = "Adder">   --->   Core 1 'Adder' <Latency = 0> <II = 1> <Delay = 0.77> <FuncUnit> <Opcode : 'add' 'sub'> <InPorts = 2> <OutPorts = 1>
ST_32 : Operation 382 [1/1] (0.00ns)   --->   "%zext_ln241_3 = zext i7 %add_ln241_1" [../src/mpc_riccati_hls.cpp:241]   --->   Operation 382 'zext' 'zext_ln241_3' <Predicate = true> <Delay = 0.00>
ST_32 : Operation 383 [1/1] (0.00ns)   --->   "%sd_1_addr_3 = getelementptr i32 %sd_1, i64 0, i64 %zext_ln241_3" [../src/mpc_riccati_hls.cpp:241]   --->   Operation 383 'getelementptr' 'sd_1_addr_3' <Predicate = true> <Delay = 0.00>
ST_32 : Operation 384 [1/1] ( I:1.23ns O:1.23ns )   --->   "%store_ln241 = store i32 %sext_ln225_3, i7 %sd_1_addr_3" [../src/mpc_riccati_hls.cpp:241]   --->   Operation 384 'store' 'store_ln241' <Predicate = true> <Delay = 1.23> <CoreInst = "RAM_2P_BRAM">   --->   Core 93 'RAM_2P_BRAM' <Latency = 1> <II = 1> <Delay = 1.23> <Storage> <Opcode : 'load' 'store'> <Ports = 2> <Width = 32> <Depth = 120> <RAM>

State 33 <SV = 32> <Delay = 4.23>
ST_33 : Operation 385 [1/4] (2.29ns)   --->   "%product_320 = mul i43 %sext_ln159_69, i43 %sext_ln523" [../src/fp_math_hls.cpp:159->../src/mpc_riccati_hls.cpp:204]   --->   Operation 385 'mul' 'product_320' <Predicate = true> <Delay = 2.29> <CoreInst = "Mul_DSP">   --->   Core 5 'Mul_DSP' <Latency = 3> <II = 1> <Delay = 2.29> <FuncUnit> <Opcode : 'mul'> <InPorts = 2> <OutPorts = 1>
ST_33 : Operation 386 [1/1] (0.00ns)   --->   "%specfucore_ln160 = specfucore void @_ssdm_op_SpecFUCore, i43 %product_320, i64 12, i64 3, i64 3, i1 0" [../src/fp_math_hls.cpp:160->../src/mpc_riccati_hls.cpp:204]   --->   Operation 386 'specfucore' 'specfucore_ln160' <Predicate = true> <Delay = 0.00>
ST_33 : Operation 387 [1/1] (0.00ns)   --->   "%trunc_ln223_31 = partselect i25 @_ssdm_op_PartSelect.i25.i43.i32.i32, i43 %product_320, i32 18, i32 42" [../src/mpc_riccati_hls.cpp:223]   --->   Operation 387 'partselect' 'trunc_ln223_31' <Predicate = true> <Delay = 0.00>
ST_33 : Operation 388 [1/1] (0.00ns) (grouped into TernaryAdder)   --->   "%sub_ln223_33 = sub i25 %sub_ln223_32, i25 %trunc_ln223_31" [../src/mpc_riccati_hls.cpp:223]   --->   Operation 388 'sub' 'sub_ln223_33' <Predicate = true> <Delay = 0.00> <CoreInst = "TAddSub">   --->   Core 10 'TAddSub' <Latency = 0> <II = 1> <Delay = 0.35> <IPBlock> <Opcode : 'add' 'sub'> <InPorts = 3> <OutPorts = 1> <Sync> <CReg>
ST_33 : Operation 389 [1/1] (0.71ns) (root node of TernaryAdder)   --->   "%acc_4 = sub i25 %sub_ln223_33, i25 %b0_4" [../src/mpc_riccati_hls.cpp:223]   --->   Operation 389 'sub' 'acc_4' <Predicate = true> <Delay = 0.71> <CoreInst = "TAddSub">   --->   Core 10 'TAddSub' <Latency = 0> <II = 1> <Delay = 0.35> <IPBlock> <Opcode : 'add' 'sub'> <InPorts = 3> <OutPorts = 1> <Sync> <CReg>
ST_33 : Operation 390 [1/1] (0.00ns)   --->   "%sext_ln225_4 = sext i25 %acc_4" [../src/mpc_riccati_hls.cpp:225]   --->   Operation 390 'sext' 'sext_ln225_4' <Predicate = true> <Delay = 0.00>
ST_33 : Operation 391 [2/4] (2.29ns)   --->   "%mul_ln159 = mul i46 %sext_ln159_70, i46 7864" [../src/fp_math_hls.cpp:159->../src/mpc_riccati_hls.cpp:234]   --->   Operation 391 'mul' 'mul_ln159' <Predicate = true> <Delay = 2.29> <CoreInst = "Mul_DSP">   --->   Core 5 'Mul_DSP' <Latency = 3> <II = 1> <Delay = 2.29> <FuncUnit> <Opcode : 'mul'> <InPorts = 2> <OutPorts = 1>
ST_33 : Operation 392 [1/1] (0.77ns)   --->   "%add_ln241_2 = add i7 %trunc_ln241_1, i7 4" [../src/mpc_riccati_hls.cpp:241]   --->   Operation 392 'add' 'add_ln241_2' <Predicate = true> <Delay = 0.77> <CoreInst = "Adder">   --->   Core 1 'Adder' <Latency = 0> <II = 1> <Delay = 0.77> <FuncUnit> <Opcode : 'add' 'sub'> <InPorts = 2> <OutPorts = 1>
ST_33 : Operation 393 [1/1] (0.00ns)   --->   "%zext_ln241_4 = zext i7 %add_ln241_2" [../src/mpc_riccati_hls.cpp:241]   --->   Operation 393 'zext' 'zext_ln241_4' <Predicate = true> <Delay = 0.00>
ST_33 : Operation 394 [1/1] (0.00ns)   --->   "%sd_1_addr_4 = getelementptr i32 %sd_1, i64 0, i64 %zext_ln241_4" [../src/mpc_riccati_hls.cpp:241]   --->   Operation 394 'getelementptr' 'sd_1_addr_4' <Predicate = true> <Delay = 0.00>
ST_33 : Operation 395 [1/1] ( I:1.23ns O:1.23ns )   --->   "%store_ln241 = store i32 %sext_ln225_4, i7 %sd_1_addr_4" [../src/mpc_riccati_hls.cpp:241]   --->   Operation 395 'store' 'store_ln241' <Predicate = true> <Delay = 1.23> <CoreInst = "RAM_2P_BRAM">   --->   Core 93 'RAM_2P_BRAM' <Latency = 1> <II = 1> <Delay = 1.23> <Storage> <Opcode : 'load' 'store'> <Ports = 2> <Width = 32> <Depth = 120> <RAM>

State 34 <SV = 33> <Delay = 4.23>
ST_34 : Operation 396 [1/1] (0.00ns)   --->   "%next_delta_read = read i32 @_ssdm_op_Read.ap_auto.i32, i32 %next_delta"   --->   Operation 396 'read' 'next_delta_read' <Predicate = true> <Delay = 0.00>
ST_34 : Operation 397 [1/1] (0.00ns)   --->   "%lin_delta_read = read i32 @_ssdm_op_Read.ap_auto.i32, i32 %lin_delta"   --->   Operation 397 'read' 'lin_delta_read' <Predicate = true> <Delay = 0.00>
ST_34 : Operation 398 [1/1] (0.00ns)   --->   "%specmemcore_ln0 = specmemcore void @_ssdm_op_SpecMemCore, i32 %sd_1, i64 666, i64 22, i64 1, i1 0"   --->   Operation 398 'specmemcore' 'specmemcore_ln0' <Predicate = true> <Delay = 0.00>
ST_34 : Operation 399 [1/1] (0.00ns)   --->   "%rbegin80 = specregionbegin i32 @_ssdm_op_SpecRegionBegin, void @empty_222" [../src/fp_math_hls.cpp:159->../src/mpc_riccati_hls.cpp:183]   --->   Operation 399 'specregionbegin' 'rbegin80' <Predicate = true> <Delay = 0.00>
ST_34 : Operation 400 [1/1] (0.00ns)   --->   "%rend81 = specregionend i32 @_ssdm_op_SpecRegionEnd, void @empty_222, i32 %rbegin80" [../src/fp_math_hls.cpp:159->../src/mpc_riccati_hls.cpp:183]   --->   Operation 400 'specregionend' 'rend81' <Predicate = true> <Delay = 0.00>
ST_34 : Operation 401 [1/1] (0.00ns)   --->   "%rbegin78 = specregionbegin i32 @_ssdm_op_SpecRegionBegin, void @empty_148" [../src/fp_math_hls.cpp:159->../src/mpc_riccati_hls.cpp:187]   --->   Operation 401 'specregionbegin' 'rbegin78' <Predicate = true> <Delay = 0.00>
ST_34 : Operation 402 [1/1] (0.00ns)   --->   "%rend79 = specregionend i32 @_ssdm_op_SpecRegionEnd, void @empty_148, i32 %rbegin78" [../src/fp_math_hls.cpp:159->../src/mpc_riccati_hls.cpp:187]   --->   Operation 402 'specregionend' 'rend79' <Predicate = true> <Delay = 0.00>
ST_34 : Operation 403 [1/1] (0.00ns)   --->   "%rbegin76 = specregionbegin i32 @_ssdm_op_SpecRegionBegin, void @empty_147" [../src/fp_math_hls.cpp:159->../src/mpc_riccati_hls.cpp:191]   --->   Operation 403 'specregionbegin' 'rbegin76' <Predicate = true> <Delay = 0.00>
ST_34 : Operation 404 [1/1] (0.00ns)   --->   "%rend77 = specregionend i32 @_ssdm_op_SpecRegionEnd, void @empty_147, i32 %rbegin76" [../src/fp_math_hls.cpp:159->../src/mpc_riccati_hls.cpp:191]   --->   Operation 404 'specregionend' 'rend77' <Predicate = true> <Delay = 0.00>
ST_34 : Operation 405 [1/1] (0.00ns)   --->   "%rbegin74 = specregionbegin i32 @_ssdm_op_SpecRegionBegin, void @empty_161" [../src/fp_math_hls.cpp:159->../src/mpc_riccati_hls.cpp:195]   --->   Operation 405 'specregionbegin' 'rbegin74' <Predicate = true> <Delay = 0.00>
ST_34 : Operation 406 [1/1] (0.00ns)   --->   "%rend75 = specregionend i32 @_ssdm_op_SpecRegionEnd, void @empty_161, i32 %rbegin74" [../src/fp_math_hls.cpp:159->../src/mpc_riccati_hls.cpp:195]   --->   Operation 406 'specregionend' 'rend75' <Predicate = true> <Delay = 0.00>
ST_34 : Operation 407 [1/1] (0.00ns)   --->   "%rbegin72 = specregionbegin i32 @_ssdm_op_SpecRegionBegin, void @empty_220" [../src/fp_math_hls.cpp:159->../src/mpc_riccati_hls.cpp:199]   --->   Operation 407 'specregionbegin' 'rbegin72' <Predicate = true> <Delay = 0.00>
ST_34 : Operation 408 [1/1] (0.00ns)   --->   "%rend73 = specregionend i32 @_ssdm_op_SpecRegionEnd, void @empty_220, i32 %rbegin72" [../src/fp_math_hls.cpp:159->../src/mpc_riccati_hls.cpp:199]   --->   Operation 408 'specregionend' 'rend73' <Predicate = true> <Delay = 0.00>
ST_34 : Operation 409 [1/1] (0.00ns)   --->   "%rbegin70 = specregionbegin i32 @_ssdm_op_SpecRegionBegin, void @empty_150" [../src/fp_math_hls.cpp:159->../src/mpc_riccati_hls.cpp:204]   --->   Operation 409 'specregionbegin' 'rbegin70' <Predicate = true> <Delay = 0.00>
ST_34 : Operation 410 [1/1] (0.00ns)   --->   "%rend71 = specregionend i32 @_ssdm_op_SpecRegionEnd, void @empty_150, i32 %rbegin70" [../src/fp_math_hls.cpp:159->../src/mpc_riccati_hls.cpp:204]   --->   Operation 410 'specregionend' 'rend71' <Predicate = true> <Delay = 0.00>
ST_34 : Operation 411 [1/1] (0.00ns)   --->   "%rbegin68 = specregionbegin i32 @_ssdm_op_SpecRegionBegin, void @empty_145" [../src/fp_math_hls.cpp:159->../src/mpc_riccati_hls.cpp:183]   --->   Operation 411 'specregionbegin' 'rbegin68' <Predicate = true> <Delay = 0.00>
ST_34 : Operation 412 [1/1] (0.00ns)   --->   "%rend69 = specregionend i32 @_ssdm_op_SpecRegionEnd, void @empty_145, i32 %rbegin68" [../src/fp_math_hls.cpp:159->../src/mpc_riccati_hls.cpp:183]   --->   Operation 412 'specregionend' 'rend69' <Predicate = true> <Delay = 0.00>
ST_34 : Operation 413 [1/1] (0.00ns)   --->   "%rbegin66 = specregionbegin i32 @_ssdm_op_SpecRegionBegin, void @empty_189" [../src/fp_math_hls.cpp:159->../src/mpc_riccati_hls.cpp:187]   --->   Operation 413 'specregionbegin' 'rbegin66' <Predicate = true> <Delay = 0.00>
ST_34 : Operation 414 [1/1] (0.00ns)   --->   "%rend67 = specregionend i32 @_ssdm_op_SpecRegionEnd, void @empty_189, i32 %rbegin66" [../src/fp_math_hls.cpp:159->../src/mpc_riccati_hls.cpp:187]   --->   Operation 414 'specregionend' 'rend67' <Predicate = true> <Delay = 0.00>
ST_34 : Operation 415 [1/1] (0.00ns)   --->   "%rbegin64 = specregionbegin i32 @_ssdm_op_SpecRegionBegin, void @empty_128" [../src/fp_math_hls.cpp:159->../src/mpc_riccati_hls.cpp:191]   --->   Operation 415 'specregionbegin' 'rbegin64' <Predicate = true> <Delay = 0.00>
ST_34 : Operation 416 [1/1] (0.00ns)   --->   "%rend65 = specregionend i32 @_ssdm_op_SpecRegionEnd, void @empty_128, i32 %rbegin64" [../src/fp_math_hls.cpp:159->../src/mpc_riccati_hls.cpp:191]   --->   Operation 416 'specregionend' 'rend65' <Predicate = true> <Delay = 0.00>
ST_34 : Operation 417 [1/1] (0.00ns)   --->   "%rbegin62 = specregionbegin i32 @_ssdm_op_SpecRegionBegin, void @empty_166" [../src/fp_math_hls.cpp:159->../src/mpc_riccati_hls.cpp:195]   --->   Operation 417 'specregionbegin' 'rbegin62' <Predicate = true> <Delay = 0.00>
ST_34 : Operation 418 [1/1] (0.00ns)   --->   "%rend63 = specregionend i32 @_ssdm_op_SpecRegionEnd, void @empty_166, i32 %rbegin62" [../src/fp_math_hls.cpp:159->../src/mpc_riccati_hls.cpp:195]   --->   Operation 418 'specregionend' 'rend63' <Predicate = true> <Delay = 0.00>
ST_34 : Operation 419 [1/1] (0.00ns)   --->   "%rbegin60 = specregionbegin i32 @_ssdm_op_SpecRegionBegin, void @empty_176" [../src/fp_math_hls.cpp:159->../src/mpc_riccati_hls.cpp:199]   --->   Operation 419 'specregionbegin' 'rbegin60' <Predicate = true> <Delay = 0.00>
ST_34 : Operation 420 [1/1] (0.00ns)   --->   "%rend61 = specregionend i32 @_ssdm_op_SpecRegionEnd, void @empty_176, i32 %rbegin60" [../src/fp_math_hls.cpp:159->../src/mpc_riccati_hls.cpp:199]   --->   Operation 420 'specregionend' 'rend61' <Predicate = true> <Delay = 0.00>
ST_34 : Operation 421 [1/1] (0.00ns)   --->   "%rbegin58 = specregionbegin i32 @_ssdm_op_SpecRegionBegin, void @empty_169" [../src/fp_math_hls.cpp:159->../src/mpc_riccati_hls.cpp:204]   --->   Operation 421 'specregionbegin' 'rbegin58' <Predicate = true> <Delay = 0.00>
ST_34 : Operation 422 [1/1] (0.00ns)   --->   "%rend59 = specregionend i32 @_ssdm_op_SpecRegionEnd, void @empty_169, i32 %rbegin58" [../src/fp_math_hls.cpp:159->../src/mpc_riccati_hls.cpp:204]   --->   Operation 422 'specregionend' 'rend59' <Predicate = true> <Delay = 0.00>
ST_34 : Operation 423 [1/1] (0.00ns)   --->   "%rbegin56 = specregionbegin i32 @_ssdm_op_SpecRegionBegin, void @empty_171" [../src/fp_math_hls.cpp:159->../src/mpc_riccati_hls.cpp:183]   --->   Operation 423 'specregionbegin' 'rbegin56' <Predicate = true> <Delay = 0.00>
ST_34 : Operation 424 [1/1] (0.00ns)   --->   "%rend57 = specregionend i32 @_ssdm_op_SpecRegionEnd, void @empty_171, i32 %rbegin56" [../src/fp_math_hls.cpp:159->../src/mpc_riccati_hls.cpp:183]   --->   Operation 424 'specregionend' 'rend57' <Predicate = true> <Delay = 0.00>
ST_34 : Operation 425 [1/1] (0.00ns)   --->   "%rbegin54 = specregionbegin i32 @_ssdm_op_SpecRegionBegin, void @empty_152" [../src/fp_math_hls.cpp:159->../src/mpc_riccati_hls.cpp:187]   --->   Operation 425 'specregionbegin' 'rbegin54' <Predicate = true> <Delay = 0.00>
ST_34 : Operation 426 [1/1] (0.00ns)   --->   "%rend55 = specregionend i32 @_ssdm_op_SpecRegionEnd, void @empty_152, i32 %rbegin54" [../src/fp_math_hls.cpp:159->../src/mpc_riccati_hls.cpp:187]   --->   Operation 426 'specregionend' 'rend55' <Predicate = true> <Delay = 0.00>
ST_34 : Operation 427 [1/1] (0.00ns)   --->   "%rbegin52 = specregionbegin i32 @_ssdm_op_SpecRegionBegin, void @empty_175" [../src/fp_math_hls.cpp:159->../src/mpc_riccati_hls.cpp:191]   --->   Operation 427 'specregionbegin' 'rbegin52' <Predicate = true> <Delay = 0.00>
ST_34 : Operation 428 [1/1] (0.00ns)   --->   "%rend53 = specregionend i32 @_ssdm_op_SpecRegionEnd, void @empty_175, i32 %rbegin52" [../src/fp_math_hls.cpp:159->../src/mpc_riccati_hls.cpp:191]   --->   Operation 428 'specregionend' 'rend53' <Predicate = true> <Delay = 0.00>
ST_34 : Operation 429 [1/1] (0.00ns)   --->   "%rbegin50 = specregionbegin i32 @_ssdm_op_SpecRegionBegin, void @empty_154" [../src/fp_math_hls.cpp:159->../src/mpc_riccati_hls.cpp:195]   --->   Operation 429 'specregionbegin' 'rbegin50' <Predicate = true> <Delay = 0.00>
ST_34 : Operation 430 [1/1] (0.00ns)   --->   "%rend51 = specregionend i32 @_ssdm_op_SpecRegionEnd, void @empty_154, i32 %rbegin50" [../src/fp_math_hls.cpp:159->../src/mpc_riccati_hls.cpp:195]   --->   Operation 430 'specregionend' 'rend51' <Predicate = true> <Delay = 0.00>
ST_34 : Operation 431 [1/1] (0.00ns)   --->   "%rbegin48 = specregionbegin i32 @_ssdm_op_SpecRegionBegin, void @empty_131" [../src/fp_math_hls.cpp:159->../src/mpc_riccati_hls.cpp:199]   --->   Operation 431 'specregionbegin' 'rbegin48' <Predicate = true> <Delay = 0.00>
ST_34 : Operation 432 [1/1] (0.00ns)   --->   "%rend49 = specregionend i32 @_ssdm_op_SpecRegionEnd, void @empty_131, i32 %rbegin48" [../src/fp_math_hls.cpp:159->../src/mpc_riccati_hls.cpp:199]   --->   Operation 432 'specregionend' 'rend49' <Predicate = true> <Delay = 0.00>
ST_34 : Operation 433 [1/1] (0.00ns)   --->   "%rbegin46 = specregionbegin i32 @_ssdm_op_SpecRegionBegin, void @empty_167" [../src/fp_math_hls.cpp:159->../src/mpc_riccati_hls.cpp:204]   --->   Operation 433 'specregionbegin' 'rbegin46' <Predicate = true> <Delay = 0.00>
ST_34 : Operation 434 [1/1] (0.00ns)   --->   "%rend47 = specregionend i32 @_ssdm_op_SpecRegionEnd, void @empty_167, i32 %rbegin46" [../src/fp_math_hls.cpp:159->../src/mpc_riccati_hls.cpp:204]   --->   Operation 434 'specregionend' 'rend47' <Predicate = true> <Delay = 0.00>
ST_34 : Operation 435 [1/1] (0.00ns)   --->   "%rbegin44 = specregionbegin i32 @_ssdm_op_SpecRegionBegin, void @empty_156" [../src/fp_math_hls.cpp:159->../src/mpc_riccati_hls.cpp:183]   --->   Operation 435 'specregionbegin' 'rbegin44' <Predicate = true> <Delay = 0.00>
ST_34 : Operation 436 [1/1] (0.00ns)   --->   "%rend45 = specregionend i32 @_ssdm_op_SpecRegionEnd, void @empty_156, i32 %rbegin44" [../src/fp_math_hls.cpp:159->../src/mpc_riccati_hls.cpp:183]   --->   Operation 436 'specregionend' 'rend45' <Predicate = true> <Delay = 0.00>
ST_34 : Operation 437 [1/1] (0.00ns)   --->   "%rbegin42 = specregionbegin i32 @_ssdm_op_SpecRegionBegin, void @empty_157" [../src/fp_math_hls.cpp:159->../src/mpc_riccati_hls.cpp:187]   --->   Operation 437 'specregionbegin' 'rbegin42' <Predicate = true> <Delay = 0.00>
ST_34 : Operation 438 [1/1] (0.00ns)   --->   "%rend43 = specregionend i32 @_ssdm_op_SpecRegionEnd, void @empty_157, i32 %rbegin42" [../src/fp_math_hls.cpp:159->../src/mpc_riccati_hls.cpp:187]   --->   Operation 438 'specregionend' 'rend43' <Predicate = true> <Delay = 0.00>
ST_34 : Operation 439 [1/1] (0.00ns)   --->   "%rbegin40 = specregionbegin i32 @_ssdm_op_SpecRegionBegin, void @empty_158" [../src/fp_math_hls.cpp:159->../src/mpc_riccati_hls.cpp:191]   --->   Operation 439 'specregionbegin' 'rbegin40' <Predicate = true> <Delay = 0.00>
ST_34 : Operation 440 [1/1] (0.00ns)   --->   "%rend41 = specregionend i32 @_ssdm_op_SpecRegionEnd, void @empty_158, i32 %rbegin40" [../src/fp_math_hls.cpp:159->../src/mpc_riccati_hls.cpp:191]   --->   Operation 440 'specregionend' 'rend41' <Predicate = true> <Delay = 0.00>
ST_34 : Operation 441 [1/1] (0.00ns)   --->   "%rbegin38 = specregionbegin i32 @_ssdm_op_SpecRegionBegin, void @empty_159" [../src/fp_math_hls.cpp:159->../src/mpc_riccati_hls.cpp:195]   --->   Operation 441 'specregionbegin' 'rbegin38' <Predicate = true> <Delay = 0.00>
ST_34 : Operation 442 [1/1] (0.00ns)   --->   "%rend39 = specregionend i32 @_ssdm_op_SpecRegionEnd, void @empty_159, i32 %rbegin38" [../src/fp_math_hls.cpp:159->../src/mpc_riccati_hls.cpp:195]   --->   Operation 442 'specregionend' 'rend39' <Predicate = true> <Delay = 0.00>
ST_34 : Operation 443 [1/1] (0.00ns)   --->   "%rbegin36 = specregionbegin i32 @_ssdm_op_SpecRegionBegin, void @empty_160" [../src/fp_math_hls.cpp:159->../src/mpc_riccati_hls.cpp:199]   --->   Operation 443 'specregionbegin' 'rbegin36' <Predicate = true> <Delay = 0.00>
ST_34 : Operation 444 [1/1] (0.00ns)   --->   "%rend37 = specregionend i32 @_ssdm_op_SpecRegionEnd, void @empty_160, i32 %rbegin36" [../src/fp_math_hls.cpp:159->../src/mpc_riccati_hls.cpp:199]   --->   Operation 444 'specregionend' 'rend37' <Predicate = true> <Delay = 0.00>
ST_34 : Operation 445 [1/1] (0.00ns)   --->   "%rbegin34 = specregionbegin i32 @_ssdm_op_SpecRegionBegin, void @empty_173" [../src/fp_math_hls.cpp:159->../src/mpc_riccati_hls.cpp:204]   --->   Operation 445 'specregionbegin' 'rbegin34' <Predicate = true> <Delay = 0.00>
ST_34 : Operation 446 [1/1] (0.00ns)   --->   "%rend35 = specregionend i32 @_ssdm_op_SpecRegionEnd, void @empty_173, i32 %rbegin34" [../src/fp_math_hls.cpp:159->../src/mpc_riccati_hls.cpp:204]   --->   Operation 446 'specregionend' 'rend35' <Predicate = true> <Delay = 0.00>
ST_34 : Operation 447 [1/1] (0.00ns)   --->   "%rbegin32 = specregionbegin i32 @_ssdm_op_SpecRegionBegin, void @empty_125" [../src/fp_math_hls.cpp:159->../src/mpc_riccati_hls.cpp:183]   --->   Operation 447 'specregionbegin' 'rbegin32' <Predicate = true> <Delay = 0.00>
ST_34 : Operation 448 [1/1] (0.00ns)   --->   "%rend33 = specregionend i32 @_ssdm_op_SpecRegionEnd, void @empty_125, i32 %rbegin32" [../src/fp_math_hls.cpp:159->../src/mpc_riccati_hls.cpp:183]   --->   Operation 448 'specregionend' 'rend33' <Predicate = true> <Delay = 0.00>
ST_34 : Operation 449 [1/1] (0.00ns)   --->   "%rbegin30 = specregionbegin i32 @_ssdm_op_SpecRegionBegin, void @empty_165" [../src/fp_math_hls.cpp:159->../src/mpc_riccati_hls.cpp:187]   --->   Operation 449 'specregionbegin' 'rbegin30' <Predicate = true> <Delay = 0.00>
ST_34 : Operation 450 [1/1] (0.00ns)   --->   "%rend31 = specregionend i32 @_ssdm_op_SpecRegionEnd, void @empty_165, i32 %rbegin30" [../src/fp_math_hls.cpp:159->../src/mpc_riccati_hls.cpp:187]   --->   Operation 450 'specregionend' 'rend31' <Predicate = true> <Delay = 0.00>
ST_34 : Operation 451 [1/1] (0.00ns)   --->   "%rbegin28 = specregionbegin i32 @_ssdm_op_SpecRegionBegin, void @empty_138" [../src/fp_math_hls.cpp:159->../src/mpc_riccati_hls.cpp:191]   --->   Operation 451 'specregionbegin' 'rbegin28' <Predicate = true> <Delay = 0.00>
ST_34 : Operation 452 [1/1] (0.00ns)   --->   "%rend29 = specregionend i32 @_ssdm_op_SpecRegionEnd, void @empty_138, i32 %rbegin28" [../src/fp_math_hls.cpp:159->../src/mpc_riccati_hls.cpp:191]   --->   Operation 452 'specregionend' 'rend29' <Predicate = true> <Delay = 0.00>
ST_34 : Operation 453 [1/1] (0.00ns)   --->   "%rbegin26 = specregionbegin i32 @_ssdm_op_SpecRegionBegin, void @empty_137" [../src/fp_math_hls.cpp:159->../src/mpc_riccati_hls.cpp:195]   --->   Operation 453 'specregionbegin' 'rbegin26' <Predicate = true> <Delay = 0.00>
ST_34 : Operation 454 [1/1] (0.00ns)   --->   "%rend27 = specregionend i32 @_ssdm_op_SpecRegionEnd, void @empty_137, i32 %rbegin26" [../src/fp_math_hls.cpp:159->../src/mpc_riccati_hls.cpp:195]   --->   Operation 454 'specregionend' 'rend27' <Predicate = true> <Delay = 0.00>
ST_34 : Operation 455 [1/1] (0.00ns)   --->   "%rbegin24 = specregionbegin i32 @_ssdm_op_SpecRegionBegin, void @empty_136" [../src/fp_math_hls.cpp:159->../src/mpc_riccati_hls.cpp:199]   --->   Operation 455 'specregionbegin' 'rbegin24' <Predicate = true> <Delay = 0.00>
ST_34 : Operation 456 [1/1] (0.00ns)   --->   "%rend25 = specregionend i32 @_ssdm_op_SpecRegionEnd, void @empty_136, i32 %rbegin24" [../src/fp_math_hls.cpp:159->../src/mpc_riccati_hls.cpp:199]   --->   Operation 456 'specregionend' 'rend25' <Predicate = true> <Delay = 0.00>
ST_34 : Operation 457 [1/1] (0.00ns)   --->   "%rbegin22 = specregionbegin i32 @_ssdm_op_SpecRegionBegin, void @empty_135" [../src/fp_math_hls.cpp:159->../src/mpc_riccati_hls.cpp:204]   --->   Operation 457 'specregionbegin' 'rbegin22' <Predicate = true> <Delay = 0.00>
ST_34 : Operation 458 [1/1] (0.00ns)   --->   "%rend23 = specregionend i32 @_ssdm_op_SpecRegionEnd, void @empty_135, i32 %rbegin22" [../src/fp_math_hls.cpp:159->../src/mpc_riccati_hls.cpp:204]   --->   Operation 458 'specregionend' 'rend23' <Predicate = true> <Delay = 0.00>
ST_34 : Operation 459 [1/1] (0.00ns)   --->   "%trunc_ln231 = trunc i32 %next_delta_read" [../src/mpc_riccati_hls.cpp:231]   --->   Operation 459 'trunc' 'trunc_ln231' <Predicate = true> <Delay = 0.00>
ST_34 : Operation 460 [1/1] (0.00ns)   --->   "%trunc_ln232 = trunc i32 %lin_delta_read" [../src/mpc_riccati_hls.cpp:232]   --->   Operation 460 'trunc' 'trunc_ln232' <Predicate = true> <Delay = 0.00>
ST_34 : Operation 461 [1/1] (0.00ns)   --->   "%rbegin = specregionbegin i32 @_ssdm_op_SpecRegionBegin, void @empty_134" [../src/fp_math_hls.cpp:159->../src/mpc_riccati_hls.cpp:234]   --->   Operation 461 'specregionbegin' 'rbegin' <Predicate = true> <Delay = 0.00>
ST_34 : Operation 462 [1/4] (2.29ns)   --->   "%mul_ln159 = mul i46 %sext_ln159_70, i46 7864" [../src/fp_math_hls.cpp:159->../src/mpc_riccati_hls.cpp:234]   --->   Operation 462 'mul' 'mul_ln159' <Predicate = true> <Delay = 2.29> <CoreInst = "Mul_DSP">   --->   Core 5 'Mul_DSP' <Latency = 3> <II = 1> <Delay = 2.29> <FuncUnit> <Opcode : 'mul'> <InPorts = 2> <OutPorts = 1>
ST_34 : Operation 463 [1/1] (0.00ns)   --->   "%specfucore_ln160 = specfucore void @_ssdm_op_SpecFUCore, i46 %mul_ln159, i64 12, i64 3, i64 3, i1 0" [../src/fp_math_hls.cpp:160->../src/mpc_riccati_hls.cpp:234]   --->   Operation 463 'specfucore' 'specfucore_ln160' <Predicate = true> <Delay = 0.00>
ST_34 : Operation 464 [1/1] (0.00ns)   --->   "%rend = specregionend i32 @_ssdm_op_SpecRegionEnd, void @empty_134, i32 %rbegin" [../src/fp_math_hls.cpp:159->../src/mpc_riccati_hls.cpp:234]   --->   Operation 464 'specregionend' 'rend' <Predicate = true> <Delay = 0.00>
ST_34 : Operation 465 [1/1] (0.00ns)   --->   "%trunc_ln6 = partselect i25 @_ssdm_op_PartSelect.i25.i46.i32.i32, i46 %mul_ln159, i32 18, i32 42" [../src/mpc_riccati_hls.cpp:233]   --->   Operation 465 'partselect' 'trunc_ln6' <Predicate = true> <Delay = 0.00>
ST_34 : Operation 466 [1/1] (0.00ns) (grouped into TernaryAdder)   --->   "%add_ln231 = add i25 %trunc_ln232, i25 %trunc_ln6" [../src/mpc_riccati_hls.cpp:231]   --->   Operation 466 'add' 'add_ln231' <Predicate = true> <Delay = 0.00> <CoreInst = "TAddSub">   --->   Core 10 'TAddSub' <Latency = 0> <II = 1> <Delay = 0.35> <IPBlock> <Opcode : 'add' 'sub'> <InPorts = 3> <OutPorts = 1> <Sync> <CReg>
ST_34 : Operation 467 [1/1] (0.71ns) (root node of TernaryAdder)   --->   "%acc_delta_act = sub i25 %trunc_ln231, i25 %add_ln231" [../src/mpc_riccati_hls.cpp:231]   --->   Operation 467 'sub' 'acc_delta_act' <Predicate = true> <Delay = 0.71> <CoreInst = "TAddSub">   --->   Core 10 'TAddSub' <Latency = 0> <II = 1> <Delay = 0.35> <IPBlock> <Opcode : 'add' 'sub'> <InPorts = 3> <OutPorts = 1> <Sync> <CReg>
ST_34 : Operation 468 [1/1] (0.00ns)   --->   "%sext_ln237 = sext i25 %acc_delta_act" [../src/mpc_riccati_hls.cpp:237]   --->   Operation 468 'sext' 'sext_ln237' <Predicate = true> <Delay = 0.00>
ST_34 : Operation 469 [1/1] (0.77ns)   --->   "%add_ln241_3 = add i7 %trunc_ln241_1, i7 5" [../src/mpc_riccati_hls.cpp:241]   --->   Operation 469 'add' 'add_ln241_3' <Predicate = true> <Delay = 0.77> <CoreInst = "Adder">   --->   Core 1 'Adder' <Latency = 0> <II = 1> <Delay = 0.77> <FuncUnit> <Opcode : 'add' 'sub'> <InPorts = 2> <OutPorts = 1>
ST_34 : Operation 470 [1/1] (0.00ns)   --->   "%zext_ln241_5 = zext i7 %add_ln241_3" [../src/mpc_riccati_hls.cpp:241]   --->   Operation 470 'zext' 'zext_ln241_5' <Predicate = true> <Delay = 0.00>
ST_34 : Operation 471 [1/1] (0.00ns)   --->   "%sd_1_addr_5 = getelementptr i32 %sd_1, i64 0, i64 %zext_ln241_5" [../src/mpc_riccati_hls.cpp:241]   --->   Operation 471 'getelementptr' 'sd_1_addr_5' <Predicate = true> <Delay = 0.00>
ST_34 : Operation 472 [1/1] ( I:1.23ns O:1.23ns )   --->   "%store_ln241 = store i32 %sext_ln237, i7 %sd_1_addr_5" [../src/mpc_riccati_hls.cpp:241]   --->   Operation 472 'store' 'store_ln241' <Predicate = true> <Delay = 1.23> <CoreInst = "RAM_2P_BRAM">   --->   Core 93 'RAM_2P_BRAM' <Latency = 1> <II = 1> <Delay = 1.23> <Storage> <Opcode : 'load' 'store'> <Ports = 2> <Width = 32> <Depth = 120> <RAM>
ST_34 : Operation 473 [1/1] (0.00ns)   --->   "%ret_ln243 = ret" [../src/mpc_riccati_hls.cpp:243]   --->   Operation 473 'ret' 'ret_ln243' <Predicate = true> <Delay = 0.00>


============================================================
+ Verbose Summary: Binding
============================================================
STG Binding: 
---------------- STG Properties BEGIN ----------------
- Is combinational: 0
- Is one-state seq: 0
- Is datapath-only: 0
- Is pipelined: 1
- Is top level: 0
Port [ Return ] is wired: 1; IO mode=ap_ctrl_hs:ce=0
Port [ p_read]:  wired=1; compound=0; hidden=0; nouse=0; global=0; static=0; extern=0; dir=0; type=0; pingpong=0; private_global=0; IO mode=ap_none:ce=0
Port [ p_read1]:  wired=1; compound=0; hidden=0; nouse=0; global=0; static=0; extern=0; dir=0; type=0; pingpong=0; private_global=0; IO mode=ap_none:ce=0
Port [ p_read2]:  wired=1; compound=0; hidden=0; nouse=0; global=0; static=0; extern=0; dir=0; type=0; pingpong=0; private_global=0; IO mode=ap_none:ce=0
Port [ p_read3]:  wired=1; compound=0; hidden=0; nouse=0; global=0; static=0; extern=0; dir=0; type=0; pingpong=0; private_global=0; IO mode=ap_none:ce=0
Port [ p_read4]:  wired=1; compound=0; hidden=0; nouse=0; global=0; static=0; extern=0; dir=0; type=0; pingpong=0; private_global=0; IO mode=ap_none:ce=0
Port [ p_read5]:  wired=1; compound=0; hidden=0; nouse=0; global=0; static=0; extern=0; dir=0; type=0; pingpong=0; private_global=0; IO mode=ap_none:ce=0
Port [ p_read6]:  wired=1; compound=0; hidden=0; nouse=0; global=0; static=0; extern=0; dir=0; type=0; pingpong=0; private_global=0; IO mode=ap_none:ce=0
Port [ p_read7]:  wired=1; compound=0; hidden=0; nouse=0; global=0; static=0; extern=0; dir=0; type=0; pingpong=0; private_global=0; IO mode=ap_none:ce=0
Port [ p_read8]:  wired=1; compound=0; hidden=0; nouse=0; global=0; static=0; extern=0; dir=0; type=0; pingpong=0; private_global=0; IO mode=ap_none:ce=0
Port [ p_read9]:  wired=1; compound=0; hidden=0; nouse=0; global=0; static=0; extern=0; dir=0; type=0; pingpong=0; private_global=0; IO mode=ap_none:ce=0
Port [ p_read10]:  wired=1; compound=0; hidden=0; nouse=0; global=0; static=0; extern=0; dir=0; type=0; pingpong=0; private_global=0; IO mode=ap_none:ce=0
Port [ p_read11]:  wired=1; compound=0; hidden=0; nouse=0; global=0; static=0; extern=0; dir=0; type=0; pingpong=0; private_global=0; IO mode=ap_none:ce=0
Port [ p_read12]:  wired=1; compound=0; hidden=0; nouse=0; global=0; static=0; extern=0; dir=0; type=0; pingpong=0; private_global=0; IO mode=ap_none:ce=0
Port [ p_read13]:  wired=1; compound=0; hidden=0; nouse=0; global=0; static=0; extern=0; dir=0; type=0; pingpong=0; private_global=0; IO mode=ap_none:ce=0
Port [ p_read14]:  wired=1; compound=0; hidden=0; nouse=0; global=0; static=0; extern=0; dir=0; type=0; pingpong=0; private_global=0; IO mode=ap_none:ce=0
Port [ p_read15]:  wired=1; compound=0; hidden=0; nouse=0; global=0; static=0; extern=0; dir=0; type=0; pingpong=0; private_global=0; IO mode=ap_none:ce=0
Port [ p_read16]:  wired=1; compound=0; hidden=0; nouse=0; global=0; static=0; extern=0; dir=0; type=0; pingpong=0; private_global=0; IO mode=ap_none:ce=0
Port [ p_read17]:  wired=1; compound=0; hidden=0; nouse=0; global=0; static=0; extern=0; dir=0; type=0; pingpong=0; private_global=0; IO mode=ap_none:ce=0
Port [ p_read18]:  wired=1; compound=0; hidden=0; nouse=0; global=0; static=0; extern=0; dir=0; type=0; pingpong=0; private_global=0; IO mode=ap_none:ce=0
Port [ p_read19]:  wired=1; compound=0; hidden=0; nouse=0; global=0; static=0; extern=0; dir=0; type=0; pingpong=0; private_global=0; IO mode=ap_none:ce=0
Port [ p_read20]:  wired=1; compound=0; hidden=0; nouse=0; global=0; static=0; extern=0; dir=0; type=0; pingpong=0; private_global=0; IO mode=ap_none:ce=0
Port [ p_read21]:  wired=1; compound=0; hidden=0; nouse=0; global=0; static=0; extern=0; dir=0; type=0; pingpong=0; private_global=0; IO mode=ap_none:ce=0
Port [ p_read22]:  wired=1; compound=0; hidden=0; nouse=0; global=0; static=0; extern=0; dir=0; type=0; pingpong=0; private_global=0; IO mode=ap_none:ce=0
Port [ p_read23]:  wired=1; compound=0; hidden=0; nouse=0; global=0; static=0; extern=0; dir=0; type=0; pingpong=0; private_global=0; IO mode=ap_none:ce=0
Port [ p_read24]:  wired=1; compound=0; hidden=0; nouse=0; global=0; static=0; extern=0; dir=0; type=0; pingpong=0; private_global=0; IO mode=ap_none:ce=0
Port [ p_read25]:  wired=1; compound=0; hidden=0; nouse=0; global=0; static=0; extern=0; dir=0; type=0; pingpong=0; private_global=0; IO mode=ap_none:ce=0
Port [ p_read26]:  wired=1; compound=0; hidden=0; nouse=0; global=0; static=0; extern=0; dir=0; type=0; pingpong=0; private_global=0; IO mode=ap_none:ce=0
Port [ p_read27]:  wired=1; compound=0; hidden=0; nouse=0; global=0; static=0; extern=0; dir=0; type=0; pingpong=0; private_global=0; IO mode=ap_none:ce=0
Port [ p_read28]:  wired=1; compound=0; hidden=0; nouse=0; global=0; static=0; extern=0; dir=0; type=0; pingpong=0; private_global=0; IO mode=ap_none:ce=0
Port [ p_read29]:  wired=1; compound=0; hidden=0; nouse=0; global=0; static=0; extern=0; dir=0; type=0; pingpong=0; private_global=0; IO mode=ap_none:ce=0
Port [ p_read30]:  wired=1; compound=0; hidden=0; nouse=0; global=0; static=0; extern=0; dir=0; type=0; pingpong=0; private_global=0; IO mode=ap_none:ce=0
Port [ p_read31]:  wired=1; compound=0; hidden=0; nouse=0; global=0; static=0; extern=0; dir=0; type=0; pingpong=0; private_global=0; IO mode=ap_none:ce=0
Port [ p_read32]:  wired=1; compound=0; hidden=0; nouse=0; global=0; static=0; extern=0; dir=0; type=0; pingpong=0; private_global=0; IO mode=ap_none:ce=0
Port [ p_read33]:  wired=1; compound=0; hidden=0; nouse=0; global=0; static=0; extern=0; dir=0; type=0; pingpong=0; private_global=0; IO mode=ap_none:ce=0
Port [ p_read34]:  wired=1; compound=0; hidden=0; nouse=0; global=0; static=0; extern=0; dir=0; type=0; pingpong=0; private_global=0; IO mode=ap_none:ce=0
Port [ lin_ey]:  wired=1; compound=0; hidden=0; nouse=0; global=0; static=0; extern=0; dir=0; type=0; pingpong=0; private_global=0; IO mode=ap_none:ce=0
Port [ lin_epsi]:  wired=1; compound=0; hidden=0; nouse=0; global=0; static=0; extern=0; dir=0; type=0; pingpong=0; private_global=0; IO mode=ap_none:ce=0
Port [ lin_vx]:  wired=1; compound=0; hidden=0; nouse=0; global=0; static=0; extern=0; dir=0; type=0; pingpong=0; private_global=0; IO mode=ap_none:ce=0
Port [ lin_vy]:  wired=1; compound=0; hidden=0; nouse=0; global=0; static=0; extern=0; dir=0; type=0; pingpong=0; private_global=0; IO mode=ap_none:ce=0
Port [ lin_omega]:  wired=1; compound=0; hidden=0; nouse=0; global=0; static=0; extern=0; dir=0; type=0; pingpong=0; private_global=0; IO mode=ap_none:ce=0
Port [ lin_delta]:  wired=1; compound=0; hidden=0; nouse=0; global=0; static=0; extern=0; dir=0; type=0; pingpong=0; private_global=0; IO mode=ap_none:ce=0
Port [ uk0]:  wired=1; compound=0; hidden=0; nouse=0; global=0; static=0; extern=0; dir=0; type=0; pingpong=0; private_global=0; IO mode=ap_none:ce=0
Port [ uk1]:  wired=1; compound=0; hidden=0; nouse=0; global=0; static=0; extern=0; dir=0; type=0; pingpong=0; private_global=0; IO mode=ap_none:ce=0
Port [ lin_delta_k]:  wired=1; compound=0; hidden=0; nouse=0; global=0; static=0; extern=0; dir=0; type=0; pingpong=0; private_global=0; IO mode=ap_none:ce=0
Port [ next_ey]:  wired=1; compound=0; hidden=0; nouse=0; global=0; static=0; extern=0; dir=0; type=0; pingpong=0; private_global=0; IO mode=ap_none:ce=0
Port [ next_epsi]:  wired=1; compound=0; hidden=0; nouse=0; global=0; static=0; extern=0; dir=0; type=0; pingpong=0; private_global=0; IO mode=ap_none:ce=0
Port [ next_vx]:  wired=1; compound=0; hidden=0; nouse=0; global=0; static=0; extern=0; dir=0; type=0; pingpong=0; private_global=0; IO mode=ap_none:ce=0
Port [ next_vy]:  wired=1; compound=0; hidden=0; nouse=0; global=0; static=0; extern=0; dir=0; type=0; pingpong=0; private_global=0; IO mode=ap_none:ce=0
Port [ next_omega]:  wired=1; compound=0; hidden=0; nouse=0; global=0; static=0; extern=0; dir=0; type=0; pingpong=0; private_global=0; IO mode=ap_none:ce=0
Port [ next_delta]:  wired=1; compound=0; hidden=0; nouse=0; global=0; static=0; extern=0; dir=0; type=0; pingpong=0; private_global=0; IO mode=ap_none:ce=0
Port [ sd_1]:  wired=1; compound=1; hidden=0; nouse=0; global=0; static=0; extern=0; dir=1; type=1; pingpong=0; private_global=0; MemPort=[30]; IO mode=ap_memory:ce=0
Port [ sd_1_offset]:  wired=1; compound=0; hidden=0; nouse=0; global=0; static=0; extern=0; dir=0; type=0; pingpong=0; private_global=0; IO mode=ap_none:ce=0
---------------- STG Properties END ------------------

---------------- Datapath Model BEGIN ----------------

<LifeTime>
<method=bitvector/>
lin_delta_k_read (read           ) [ 00000000000000000000000000000000000]
lin_ey_read      (read           ) [ 00000000000000000000000000000000000]
p_read_37        (read           ) [ 00000000000000000000000000000000000]
p_read57         (read           ) [ 00000000000000000000000000000000000]
empty_599        (trunc          ) [ 00111111111111111100000000000000000]
sext_ln159       (sext           ) [ 00111111111111111111111110000000000]
sext_ln159_40    (sext           ) [ 00111000000000000000000000000000000]
lin_epsi_read    (read           ) [ 00000000000000000000000000000000000]
p_read_57        (read           ) [ 00000000000000000000000000000000000]
sext_ln159_36    (sext           ) [ 00011111111111111111111111000000000]
sext_ln159_41    (sext           ) [ 00011100000000000000000000000000000]
lin_vx_read      (read           ) [ 00000000000000000000000000000000000]
p_read_52        (read           ) [ 00000000000000000000000000000000000]
sext_ln159_37    (sext           ) [ 00001111111111111111111111100000000]
sext_ln159_42    (sext           ) [ 00001110000000000000000000000000000]
lin_vy_read      (read           ) [ 00000000000000000000000000000000000]
p_read_47        (read           ) [ 00000000000000000000000000000000000]
sext_ln159_38    (sext           ) [ 00000111111111111111111111110000000]
product          (mul            ) [ 00000000000000000000000000000000000]
specfucore_ln160 (specfucore     ) [ 00000000000000000000000000000000000]
trunc_ln         (partselect     ) [ 00000110000000000000000000000000000]
sext_ln159_43    (sext           ) [ 00000111000000000000000000000000000]
b0               (call           ) [ 00000111111111111111111111111100000]
lin_omega_read   (read           ) [ 00000000000000000000000000000000000]
p_read_36        (read           ) [ 00000000000000000000000000000000000]
p_read_42        (read           ) [ 00000000000000000000000000000000000]
sext_ln159_39    (sext           ) [ 00000011111111111111111111111000000]
product_292      (mul            ) [ 00000000000000000000000000000000000]
specfucore_ln160 (specfucore     ) [ 00000000000000000000000000000000000]
trunc_ln223_1    (partselect     ) [ 00000010000000000000000000000000000]
sext_ln159_44    (sext           ) [ 00000011100000000000000000000000000]
next_ey_read     (read           ) [ 00000000000000000000000000000000000]
p_read158        (read           ) [ 00000000000000000000000000000000000]
product_293      (mul            ) [ 00000000000000000000000000000000000]
specfucore_ln160 (specfucore     ) [ 00000000000000000000000000000000000]
trunc_ln223_2    (partselect     ) [ 00000000000000000000000000000000000]
trunc_ln223      (trunc          ) [ 00000000000000000000000000000000000]
sub_ln223        (sub            ) [ 00000000000000000000000000000000000]
sub_ln223_1      (sub            ) [ 00000000000000000000000000000000000]
sub_ln223_2      (sub            ) [ 00000001100000000000000000000000000]
sext_ln159_46    (sext           ) [ 00000001110000000000000000000000000]
p_read_56        (read           ) [ 00000000000000000000000000000000000]
product_294      (mul            ) [ 00000000000000000000000000000000000]
specfucore_ln160 (specfucore     ) [ 00000000000000000000000000000000000]
trunc_ln223_3    (partselect     ) [ 00000000100000000000000000000000000]
sext_ln159_47    (sext           ) [ 00000000111000000000000000000000000]
p_read_51        (read           ) [ 00000000000000000000000000000000000]
product_295      (mul            ) [ 00000000000000000000000000000000000]
specfucore_ln160 (specfucore     ) [ 00000000000000000000000000000000000]
trunc_ln223_4    (partselect     ) [ 00000000000000000000000000000000000]
sub_ln223_3      (sub            ) [ 00000000000000000000000000000000000]
sub_ln223_4      (sub            ) [ 00000000011111111111111111111100000]
sext_ln159_48    (sext           ) [ 00000000011100000000000000000000000]
b0_1             (call           ) [ 00000000011111111111111111111110000]
p_read_35        (read           ) [ 00000000000000000000000000000000000]
p_read_46        (read           ) [ 00000000000000000000000000000000000]
product_297      (mul            ) [ 00000000000000000000000000000000000]
specfucore_ln160 (specfucore     ) [ 00000000000000000000000000000000000]
trunc_ln223_6    (partselect     ) [ 00000000001100000000000000000000000]
sext_ln159_49    (sext           ) [ 00000000001110000000000000000000000]
p_read_41        (read           ) [ 00000000000000000000000000000000000]
product_298      (mul            ) [ 00000000000000000000000000000000000]
specfucore_ln160 (specfucore     ) [ 00000000000000000000000000000000000]
trunc_ln223_8    (partselect     ) [ 00000000000100000000000000000000000]
sext_ln159_50    (sext           ) [ 00000000000111000000000000000000000]
next_epsi_read   (read           ) [ 00000000000000000000000000000000000]
p_read259        (read           ) [ 00000000000000000000000000000000000]
product_299      (mul            ) [ 00000000000000000000000000000000000]
specfucore_ln160 (specfucore     ) [ 00000000000000000000000000000000000]
trunc_ln223_9    (partselect     ) [ 00000000000000000000000000000000000]
trunc_ln223_11   (trunc          ) [ 00000000000000000000000000000000000]
sub_ln223_7      (sub            ) [ 00000000000000000000000000000000000]
sub_ln223_8      (sub            ) [ 00000000000000000000000000000000000]
sub_ln223_9      (sub            ) [ 00000000000011000000000000000000000]
sext_ln159_52    (sext           ) [ 00000000000011100000000000000000000]
p_read_55        (read           ) [ 00000000000000000000000000000000000]
product_300      (mul            ) [ 00000000000000000000000000000000000]
specfucore_ln160 (specfucore     ) [ 00000000000000000000000000000000000]
trunc_ln223_s    (partselect     ) [ 00000000000001000000000000000000000]
sext_ln159_53    (sext           ) [ 00000000000001110000000000000000000]
b0_2             (call           ) [ 00000000000001111111111111111111000]
p_read_34        (read           ) [ 00000000000000000000000000000000000]
p_read_50        (read           ) [ 00000000000000000000000000000000000]
product_301      (mul            ) [ 00000000000000000000000000000000000]
specfucore_ln160 (specfucore     ) [ 00000000000000000000000000000000000]
trunc_ln223_7    (partselect     ) [ 00000000000000000000000000000000000]
sub_ln223_10     (sub            ) [ 00000000000000000000000000000000000]
sub_ln223_11     (sub            ) [ 00000000000000111111111111111110000]
sext_ln159_54    (sext           ) [ 00000000000000111000000000000000000]
p_read_45        (read           ) [ 00000000000000000000000000000000000]
product_303      (mul            ) [ 00000000000000000000000000000000000]
specfucore_ln160 (specfucore     ) [ 00000000000000000000000000000000000]
trunc_ln223_12   (partselect     ) [ 00000000000000011000000000000000000]
sext_ln159_55    (sext           ) [ 00000000000000011100000000000000000]
p_read_40        (read           ) [ 00000000000000000000000000000000000]
product_304      (mul            ) [ 00000000000000000000000000000000000]
specfucore_ln160 (specfucore     ) [ 00000000000000000000000000000000000]
trunc_ln223_13   (partselect     ) [ 00000000000000001000000000000000000]
sext_ln159_56    (sext           ) [ 00000000000000001110000000000000000]
next_vx_read     (read           ) [ 00000000000000000000000000000000000]
p_read_59        (read           ) [ 00000000000000000000000000000000000]
product_305      (mul            ) [ 00000000000000000000000000000000000]
specfucore_ln160 (specfucore     ) [ 00000000000000000000000000000000000]
trunc_ln223_14   (partselect     ) [ 00000000000000000000000000000000000]
trunc_ln223_18   (trunc          ) [ 00000000000000000000000000000000000]
sub_ln223_14     (sub            ) [ 00000000000000000000000000000000000]
sub_ln223_15     (sub            ) [ 00000000000000000000000000000000000]
sub_ln223_16     (sub            ) [ 00000000000000000110000000000000000]
sext_ln159_58    (sext           ) [ 00000000000000000111000000000000000]
b0_3             (call           ) [ 00000000000000000111111111111111100]
p_read_33        (read           ) [ 00000000000000000000000000000000000]
p_read_54        (read           ) [ 00000000000000000000000000000000000]
product_306      (mul            ) [ 00000000000000000000000000000000000]
specfucore_ln160 (specfucore     ) [ 00000000000000000000000000000000000]
trunc_ln223_15   (partselect     ) [ 00000000000000000010000000000000000]
sext_ln159_59    (sext           ) [ 00000000000000000011100000000000000]
p_read_49        (read           ) [ 00000000000000000000000000000000000]
product_307      (mul            ) [ 00000000000000000000000000000000000]
specfucore_ln160 (specfucore     ) [ 00000000000000000000000000000000000]
trunc_ln223_16   (partselect     ) [ 00000000000000000000000000000000000]
sub_ln223_17     (sub            ) [ 00000000000000000000000000000000000]
sub_ln223_18     (sub            ) [ 00000000000000000001111111111111000]
sext_ln159_60    (sext           ) [ 00000000000000000001110000000000000]
p_read_44        (read           ) [ 00000000000000000000000000000000000]
product_309      (mul            ) [ 00000000000000000000000000000000000]
specfucore_ln160 (specfucore     ) [ 00000000000000000000000000000000000]
trunc_ln223_19   (partselect     ) [ 00000000000000000000110000000000000]
sext_ln159_61    (sext           ) [ 00000000000000000000111000000000000]
p_read_39        (read           ) [ 00000000000000000000000000000000000]
product_310      (mul            ) [ 00000000000000000000000000000000000]
specfucore_ln160 (specfucore     ) [ 00000000000000000000000000000000000]
trunc_ln223_20   (partselect     ) [ 00000000000000000000010000000000000]
sext_ln159_62    (sext           ) [ 00000000000000000000011100000000000]
b0_4             (call           ) [ 00000000000000000000011111111111110]
next_vy_read     (read           ) [ 00000000000000000000000000000000000]
p_read_58        (read           ) [ 00000000000000000000000000000000000]
product_311      (mul            ) [ 00000000000000000000000000000000000]
specfucore_ln160 (specfucore     ) [ 00000000000000000000000000000000000]
trunc_ln223_21   (partselect     ) [ 00000000000000000000000000000000000]
trunc_ln223_25   (trunc          ) [ 00000000000000000000000000000000000]
sub_ln223_21     (sub            ) [ 00000000000000000000000000000000000]
sub_ln223_22     (sub            ) [ 00000000000000000000000000000000000]
sub_ln223_23     (sub            ) [ 00000000000000000000001100000000000]
sext_ln159_64    (sext           ) [ 00000000000000000000001110000000000]
p_read_53        (read           ) [ 00000000000000000000000000000000000]
product_312      (mul            ) [ 00000000000000000000000000000000000]
specfucore_ln160 (specfucore     ) [ 00000000000000000000000000000000000]
trunc_ln223_22   (partselect     ) [ 00000000000000000000000100000000000]
sext_ln159_65    (sext           ) [ 00000000000000000000000111000000000]
p_read_48        (read           ) [ 00000000000000000000000000000000000]
product_313      (mul            ) [ 00000000000000000000000000000000000]
specfucore_ln160 (specfucore     ) [ 00000000000000000000000000000000000]
trunc_ln223_23   (partselect     ) [ 00000000000000000000000000000000000]
sub_ln223_24     (sub            ) [ 00000000000000000000000000000000000]
sub_ln223_25     (sub            ) [ 00000000000000000000000011111111100]
sext_ln159_66    (sext           ) [ 00000000000000000000000011100000000]
p_read_43        (read           ) [ 00000000000000000000000000000000000]
product_315      (mul            ) [ 00000000000000000000000000000000000]
specfucore_ln160 (specfucore     ) [ 00000000000000000000000000000000000]
trunc_ln223_26   (partselect     ) [ 00000000000000000000000001100000000]
sext_ln159_67    (sext           ) [ 00000000000000000000000001110000000]
p_read_38        (read           ) [ 00000000000000000000000000000000000]
product_316      (mul            ) [ 00000000000000000000000000000000000]
specfucore_ln160 (specfucore     ) [ 00000000000000000000000000000000000]
trunc_ln223_27   (partselect     ) [ 00000000000000000000000000100000000]
sext_ln159_68    (sext           ) [ 00000000000000000000000000111000000]
next_omega_read  (read           ) [ 00000000000000000000000000000000000]
uk1_read         (read           ) [ 00000000000000000000000000000000000]
p_read_32        (read           ) [ 00000000000000000000000000000000000]
sext_ln523       (sext           ) [ 00000000000000000000000000011111110]
sext_ln159_45    (sext           ) [ 00000000000000000000000000011100000]
product_317      (mul            ) [ 00000000000000000000000000000000000]
specfucore_ln160 (specfucore     ) [ 00000000000000000000000000000000000]
trunc_ln223_28   (partselect     ) [ 00000000000000000000000000000000000]
trunc_ln223_32   (trunc          ) [ 00000000000000000000000000000000000]
sub_ln223_28     (sub            ) [ 00000000000000000000000000000000000]
sub_ln223_29     (sub            ) [ 00000000000000000000000000000000000]
sub_ln223_30     (sub            ) [ 00000000000000000000000000011000000]
p_read_31        (read           ) [ 00000000000000000000000000000000000]
sext_ln159_51    (sext           ) [ 00000000000000000000000000001110000]
product_318      (mul            ) [ 00000000000000000000000000000000000]
specfucore_ln160 (specfucore     ) [ 00000000000000000000000000000000000]
trunc_ln223_29   (partselect     ) [ 00000000000000000000000000001000000]
p_read_30        (read           ) [ 00000000000000000000000000000000000]
sext_ln159_57    (sext           ) [ 00000000000000000000000000000111000]
product_319      (mul            ) [ 00000000000000000000000000000000000]
specfucore_ln160 (specfucore     ) [ 00000000000000000000000000000000000]
trunc_ln223_30   (partselect     ) [ 00000000000000000000000000000000000]
sub_ln223_31     (sub            ) [ 00000000000000000000000000000000000]
sub_ln223_32     (sub            ) [ 00000000000000000000000000000111110]
sd_1_offset_read (read           ) [ 00000000000000000000000000000000000]
p_read_29        (read           ) [ 00000000000000000000000000000000000]
empty            (trunc          ) [ 00000000000000000000000000000000000]
product_296      (mul            ) [ 00000000000000000000000000000000000]
specfucore_ln160 (specfucore     ) [ 00000000000000000000000000000000000]
trunc_ln223_5    (partselect     ) [ 00000000000000000000000000000000000]
sub_ln223_5      (sub            ) [ 00000000000000000000000000000000000]
acc              (sub            ) [ 00000000000000000000000000000000000]
sext_ln225       (sext           ) [ 00000000000000000000000000000000000]
sext_ln159_63    (sext           ) [ 00000000000000000000000000000011100]
p_shl            (bitconcatenate ) [ 00000000000000000000000000000000000]
trunc_ln241      (trunc          ) [ 00000000000000000000000000000000000]
p_shl1           (bitconcatenate ) [ 00000000000000000000000000000000000]
sub_ln241        (sub            ) [ 00000000000000000000000000000000000]
zext_ln241       (zext           ) [ 00000000000000000000000000000000000]
trunc_ln241_1    (trunc          ) [ 00000000000000000000000000000011111]
sd_1_addr        (getelementptr  ) [ 00000000000000000000000000000000000]
store_ln241      (store          ) [ 00000000000000000000000000000000000]
tmp_cast         (partselect     ) [ 00000000000000000000000000000010000]
p_read_28        (read           ) [ 00000000000000000000000000000000000]
product_302      (mul            ) [ 00000000000000000000000000000000000]
specfucore_ln160 (specfucore     ) [ 00000000000000000000000000000000000]
trunc_ln223_10   (partselect     ) [ 00000000000000000000000000000000000]
sub_ln223_12     (sub            ) [ 00000000000000000000000000000000000]
acc_1            (sub            ) [ 00000000000000000000000000000000000]
sext_ln225_1     (sext           ) [ 00000000000000000000000000000000000]
sext_ln159_69    (sext           ) [ 00000000000000000000000000000001110]
tmp_s            (bitconcatenate ) [ 00000000000000000000000000000000000]
zext_ln241_1     (zext           ) [ 00000000000000000000000000000000000]
sd_1_addr_1      (getelementptr  ) [ 00000000000000000000000000000000000]
store_ln241      (store          ) [ 00000000000000000000000000000000000]
uk0_read         (read           ) [ 00000000000000000000000000000000000]
product_308      (mul            ) [ 00000000000000000000000000000000000]
specfucore_ln160 (specfucore     ) [ 00000000000000000000000000000000000]
trunc_ln223_17   (partselect     ) [ 00000000000000000000000000000000000]
sub_ln223_19     (sub            ) [ 00000000000000000000000000000000000]
acc_2            (sub            ) [ 00000000000000000000000000000000000]
sext_ln225_2     (sext           ) [ 00000000000000000000000000000000000]
sext_ln159_70    (sext           ) [ 00000000000000000000000000000000111]
add_ln241        (add            ) [ 00000000000000000000000000000000000]
zext_ln241_2     (zext           ) [ 00000000000000000000000000000000000]
sd_1_addr_2      (getelementptr  ) [ 00000000000000000000000000000000000]
store_ln241      (store          ) [ 00000000000000000000000000000000000]
product_314      (mul            ) [ 00000000000000000000000000000000000]
specfucore_ln160 (specfucore     ) [ 00000000000000000000000000000000000]
trunc_ln223_24   (partselect     ) [ 00000000000000000000000000000000000]
sub_ln223_26     (sub            ) [ 00000000000000000000000000000000000]
acc_3            (sub            ) [ 00000000000000000000000000000000000]
sext_ln225_3     (sext           ) [ 00000000000000000000000000000000000]
add_ln241_1      (add            ) [ 00000000000000000000000000000000000]
zext_ln241_3     (zext           ) [ 00000000000000000000000000000000000]
sd_1_addr_3      (getelementptr  ) [ 00000000000000000000000000000000000]
store_ln241      (store          ) [ 00000000000000000000000000000000000]
product_320      (mul            ) [ 00000000000000000000000000000000000]
specfucore_ln160 (specfucore     ) [ 00000000000000000000000000000000000]
trunc_ln223_31   (partselect     ) [ 00000000000000000000000000000000000]
sub_ln223_33     (sub            ) [ 00000000000000000000000000000000000]
acc_4            (sub            ) [ 00000000000000000000000000000000000]
sext_ln225_4     (sext           ) [ 00000000000000000000000000000000000]
add_ln241_2      (add            ) [ 00000000000000000000000000000000000]
zext_ln241_4     (zext           ) [ 00000000000000000000000000000000000]
sd_1_addr_4      (getelementptr  ) [ 00000000000000000000000000000000000]
store_ln241      (store          ) [ 00000000000000000000000000000000000]
next_delta_read  (read           ) [ 00000000000000000000000000000000000]
lin_delta_read   (read           ) [ 00000000000000000000000000000000000]
specmemcore_ln0  (specmemcore    ) [ 00000000000000000000000000000000000]
rbegin80         (specregionbegin) [ 00000000000000000000000000000000000]
rend81           (specregionend  ) [ 00000000000000000000000000000000000]
rbegin78         (specregionbegin) [ 00000000000000000000000000000000000]
rend79           (specregionend  ) [ 00000000000000000000000000000000000]
rbegin76         (specregionbegin) [ 00000000000000000000000000000000000]
rend77           (specregionend  ) [ 00000000000000000000000000000000000]
rbegin74         (specregionbegin) [ 00000000000000000000000000000000000]
rend75           (specregionend  ) [ 00000000000000000000000000000000000]
rbegin72         (specregionbegin) [ 00000000000000000000000000000000000]
rend73           (specregionend  ) [ 00000000000000000000000000000000000]
rbegin70         (specregionbegin) [ 00000000000000000000000000000000000]
rend71           (specregionend  ) [ 00000000000000000000000000000000000]
rbegin68         (specregionbegin) [ 00000000000000000000000000000000000]
rend69           (specregionend  ) [ 00000000000000000000000000000000000]
rbegin66         (specregionbegin) [ 00000000000000000000000000000000000]
rend67           (specregionend  ) [ 00000000000000000000000000000000000]
rbegin64         (specregionbegin) [ 00000000000000000000000000000000000]
rend65           (specregionend  ) [ 00000000000000000000000000000000000]
rbegin62         (specregionbegin) [ 00000000000000000000000000000000000]
rend63           (specregionend  ) [ 00000000000000000000000000000000000]
rbegin60         (specregionbegin) [ 00000000000000000000000000000000000]
rend61           (specregionend  ) [ 00000000000000000000000000000000000]
rbegin58         (specregionbegin) [ 00000000000000000000000000000000000]
rend59           (specregionend  ) [ 00000000000000000000000000000000000]
rbegin56         (specregionbegin) [ 00000000000000000000000000000000000]
rend57           (specregionend  ) [ 00000000000000000000000000000000000]
rbegin54         (specregionbegin) [ 00000000000000000000000000000000000]
rend55           (specregionend  ) [ 00000000000000000000000000000000000]
rbegin52         (specregionbegin) [ 00000000000000000000000000000000000]
rend53           (specregionend  ) [ 00000000000000000000000000000000000]
rbegin50         (specregionbegin) [ 00000000000000000000000000000000000]
rend51           (specregionend  ) [ 00000000000000000000000000000000000]
rbegin48         (specregionbegin) [ 00000000000000000000000000000000000]
rend49           (specregionend  ) [ 00000000000000000000000000000000000]
rbegin46         (specregionbegin) [ 00000000000000000000000000000000000]
rend47           (specregionend  ) [ 00000000000000000000000000000000000]
rbegin44         (specregionbegin) [ 00000000000000000000000000000000000]
rend45           (specregionend  ) [ 00000000000000000000000000000000000]
rbegin42         (specregionbegin) [ 00000000000000000000000000000000000]
rend43           (specregionend  ) [ 00000000000000000000000000000000000]
rbegin40         (specregionbegin) [ 00000000000000000000000000000000000]
rend41           (specregionend  ) [ 00000000000000000000000000000000000]
rbegin38         (specregionbegin) [ 00000000000000000000000000000000000]
rend39           (specregionend  ) [ 00000000000000000000000000000000000]
rbegin36         (specregionbegin) [ 00000000000000000000000000000000000]
rend37           (specregionend  ) [ 00000000000000000000000000000000000]
rbegin34         (specregionbegin) [ 00000000000000000000000000000000000]
rend35           (specregionend  ) [ 00000000000000000000000000000000000]
rbegin32         (specregionbegin) [ 00000000000000000000000000000000000]
rend33           (specregionend  ) [ 00000000000000000000000000000000000]
rbegin30         (specregionbegin) [ 00000000000000000000000000000000000]
rend31           (specregionend  ) [ 00000000000000000000000000000000000]
rbegin28         (specregionbegin) [ 00000000000000000000000000000000000]
rend29           (specregionend  ) [ 00000000000000000000000000000000000]
rbegin26         (specregionbegin) [ 00000000000000000000000000000000000]
rend27           (specregionend  ) [ 00000000000000000000000000000000000]
rbegin24         (specregionbegin) [ 00000000000000000000000000000000000]
rend25           (specregionend  ) [ 00000000000000000000000000000000000]
rbegin22         (specregionbegin) [ 00000000000000000000000000000000000]
rend23           (specregionend  ) [ 00000000000000000000000000000000000]
trunc_ln231      (trunc          ) [ 00000000000000000000000000000000000]
trunc_ln232      (trunc          ) [ 00000000000000000000000000000000000]
rbegin           (specregionbegin) [ 00000000000000000000000000000000000]
mul_ln159        (mul            ) [ 00000000000000000000000000000000000]
specfucore_ln160 (specfucore     ) [ 00000000000000000000000000000000000]
rend             (specregionend  ) [ 00000000000000000000000000000000000]
trunc_ln6        (partselect     ) [ 00000000000000000000000000000000000]
add_ln231        (add            ) [ 00000000000000000000000000000000000]
acc_delta_act    (sub            ) [ 00000000000000000000000000000000000]
sext_ln237       (sext           ) [ 00000000000000000000000000000000000]
add_ln241_3      (add            ) [ 00000000000000000000000000000000000]
zext_ln241_5     (zext           ) [ 00000000000000000000000000000000000]
sd_1_addr_5      (getelementptr  ) [ 00000000000000000000000000000000000]
store_ln241      (store          ) [ 00000000000000000000000000000000000]
ret_ln243        (ret            ) [ 00000000000000000000000000000000000]
</LifeTime>

<model>

<comp_list>
<comp id="0" class="1000" name="p_read">
<pin_list>
<pin id="1" dir="1" index="0" bw="1" slack="0"/>
</pin_list>
<bind>
<StgValue><ssdm name="p_read"/></StgValue>
</bind>
</comp>

<comp id="2" class="1000" name="p_read1">
<pin_list>
<pin id="3" dir="1" index="0" bw="1" slack="0"/>
</pin_list>
<bind>
<StgValue><ssdm name="p_read1"/></StgValue>
</bind>
</comp>

<comp id="4" class="1000" name="p_read2">
<pin_list>
<pin id="5" dir="1" index="0" bw="1" slack="0"/>
</pin_list>
<bind>
<StgValue><ssdm name="p_read2"/></StgValue>
</bind>
</comp>

<comp id="6" class="1000" name="p_read3">
<pin_list>
<pin id="7" dir="1" index="0" bw="1" slack="0"/>
</pin_list>
<bind>
<StgValue><ssdm name="p_read3"/></StgValue>
</bind>
</comp>

<comp id="8" class="1000" name="p_read4">
<pin_list>
<pin id="9" dir="1" index="0" bw="1" slack="0"/>
</pin_list>
<bind>
<StgValue><ssdm name="p_read4"/></StgValue>
</bind>
</comp>

<comp id="10" class="1000" name="p_read5">
<pin_list>
<pin id="11" dir="1" index="0" bw="1" slack="0"/>
</pin_list>
<bind>
<StgValue><ssdm name="p_read5"/></StgValue>
</bind>
</comp>

<comp id="12" class="1000" name="p_read6">
<pin_list>
<pin id="13" dir="1" index="0" bw="1" slack="0"/>
</pin_list>
<bind>
<StgValue><ssdm name="p_read6"/></StgValue>
</bind>
</comp>

<comp id="14" class="1000" name="p_read7">
<pin_list>
<pin id="15" dir="1" index="0" bw="1" slack="0"/>
</pin_list>
<bind>
<StgValue><ssdm name="p_read7"/></StgValue>
</bind>
</comp>

<comp id="16" class="1000" name="p_read8">
<pin_list>
<pin id="17" dir="1" index="0" bw="1" slack="0"/>
</pin_list>
<bind>
<StgValue><ssdm name="p_read8"/></StgValue>
</bind>
</comp>

<comp id="18" class="1000" name="p_read9">
<pin_list>
<pin id="19" dir="1" index="0" bw="1" slack="0"/>
</pin_list>
<bind>
<StgValue><ssdm name="p_read9"/></StgValue>
</bind>
</comp>

<comp id="20" class="1000" name="p_read10">
<pin_list>
<pin id="21" dir="1" index="0" bw="1" slack="0"/>
</pin_list>
<bind>
<StgValue><ssdm name="p_read10"/></StgValue>
</bind>
</comp>

<comp id="22" class="1000" name="p_read11">
<pin_list>
<pin id="23" dir="1" index="0" bw="1" slack="0"/>
</pin_list>
<bind>
<StgValue><ssdm name="p_read11"/></StgValue>
</bind>
</comp>

<comp id="24" class="1000" name="p_read12">
<pin_list>
<pin id="25" dir="1" index="0" bw="1" slack="0"/>
</pin_list>
<bind>
<StgValue><ssdm name="p_read12"/></StgValue>
</bind>
</comp>

<comp id="26" class="1000" name="p_read13">
<pin_list>
<pin id="27" dir="1" index="0" bw="1" slack="0"/>
</pin_list>
<bind>
<StgValue><ssdm name="p_read13"/></StgValue>
</bind>
</comp>

<comp id="28" class="1000" name="p_read14">
<pin_list>
<pin id="29" dir="1" index="0" bw="1" slack="0"/>
</pin_list>
<bind>
<StgValue><ssdm name="p_read14"/></StgValue>
</bind>
</comp>

<comp id="30" class="1000" name="p_read15">
<pin_list>
<pin id="31" dir="1" index="0" bw="1" slack="0"/>
</pin_list>
<bind>
<StgValue><ssdm name="p_read15"/></StgValue>
</bind>
</comp>

<comp id="32" class="1000" name="p_read16">
<pin_list>
<pin id="33" dir="1" index="0" bw="1" slack="0"/>
</pin_list>
<bind>
<StgValue><ssdm name="p_read16"/></StgValue>
</bind>
</comp>

<comp id="34" class="1000" name="p_read17">
<pin_list>
<pin id="35" dir="1" index="0" bw="1" slack="0"/>
</pin_list>
<bind>
<StgValue><ssdm name="p_read17"/></StgValue>
</bind>
</comp>

<comp id="36" class="1000" name="p_read18">
<pin_list>
<pin id="37" dir="1" index="0" bw="1" slack="0"/>
</pin_list>
<bind>
<StgValue><ssdm name="p_read18"/></StgValue>
</bind>
</comp>

<comp id="38" class="1000" name="p_read19">
<pin_list>
<pin id="39" dir="1" index="0" bw="1" slack="0"/>
</pin_list>
<bind>
<StgValue><ssdm name="p_read19"/></StgValue>
</bind>
</comp>

<comp id="40" class="1000" name="p_read20">
<pin_list>
<pin id="41" dir="1" index="0" bw="1" slack="0"/>
</pin_list>
<bind>
<StgValue><ssdm name="p_read20"/></StgValue>
</bind>
</comp>

<comp id="42" class="1000" name="p_read21">
<pin_list>
<pin id="43" dir="1" index="0" bw="1" slack="0"/>
</pin_list>
<bind>
<StgValue><ssdm name="p_read21"/></StgValue>
</bind>
</comp>

<comp id="44" class="1000" name="p_read22">
<pin_list>
<pin id="45" dir="1" index="0" bw="1" slack="0"/>
</pin_list>
<bind>
<StgValue><ssdm name="p_read22"/></StgValue>
</bind>
</comp>

<comp id="46" class="1000" name="p_read23">
<pin_list>
<pin id="47" dir="1" index="0" bw="1" slack="0"/>
</pin_list>
<bind>
<StgValue><ssdm name="p_read23"/></StgValue>
</bind>
</comp>

<comp id="48" class="1000" name="p_read24">
<pin_list>
<pin id="49" dir="1" index="0" bw="1" slack="0"/>
</pin_list>
<bind>
<StgValue><ssdm name="p_read24"/></StgValue>
</bind>
</comp>

<comp id="50" class="1000" name="p_read25">
<pin_list>
<pin id="51" dir="1" index="0" bw="1" slack="0"/>
</pin_list>
<bind>
<StgValue><ssdm name="p_read25"/></StgValue>
</bind>
</comp>

<comp id="52" class="1000" name="p_read26">
<pin_list>
<pin id="53" dir="1" index="0" bw="1" slack="0"/>
</pin_list>
<bind>
<StgValue><ssdm name="p_read26"/></StgValue>
</bind>
</comp>

<comp id="54" class="1000" name="p_read27">
<pin_list>
<pin id="55" dir="1" index="0" bw="1" slack="0"/>
</pin_list>
<bind>
<StgValue><ssdm name="p_read27"/></StgValue>
</bind>
</comp>

<comp id="56" class="1000" name="p_read28">
<pin_list>
<pin id="57" dir="1" index="0" bw="1" slack="0"/>
</pin_list>
<bind>
<StgValue><ssdm name="p_read28"/></StgValue>
</bind>
</comp>

<comp id="58" class="1000" name="p_read29">
<pin_list>
<pin id="59" dir="1" index="0" bw="1" slack="0"/>
</pin_list>
<bind>
<StgValue><ssdm name="p_read29"/></StgValue>
</bind>
</comp>

<comp id="60" class="1000" name="p_read30">
<pin_list>
<pin id="61" dir="1" index="0" bw="1" slack="0"/>
</pin_list>
<bind>
<StgValue><ssdm name="p_read30"/></StgValue>
</bind>
</comp>

<comp id="62" class="1000" name="p_read31">
<pin_list>
<pin id="63" dir="1" index="0" bw="1" slack="0"/>
</pin_list>
<bind>
<StgValue><ssdm name="p_read31"/></StgValue>
</bind>
</comp>

<comp id="64" class="1000" name="p_read32">
<pin_list>
<pin id="65" dir="1" index="0" bw="1" slack="0"/>
</pin_list>
<bind>
<StgValue><ssdm name="p_read32"/></StgValue>
</bind>
</comp>

<comp id="66" class="1000" name="p_read33">
<pin_list>
<pin id="67" dir="1" index="0" bw="1" slack="0"/>
</pin_list>
<bind>
<StgValue><ssdm name="p_read33"/></StgValue>
</bind>
</comp>

<comp id="68" class="1000" name="p_read34">
<pin_list>
<pin id="69" dir="1" index="0" bw="1" slack="0"/>
</pin_list>
<bind>
<StgValue><ssdm name="p_read34"/></StgValue>
</bind>
</comp>

<comp id="70" class="1000" name="lin_ey">
<pin_list>
<pin id="71" dir="1" index="0" bw="1" slack="0"/>
</pin_list>
<bind>
<StgValue><ssdm name="lin_ey"/></StgValue>
</bind>
</comp>

<comp id="72" class="1000" name="lin_epsi">
<pin_list>
<pin id="73" dir="1" index="0" bw="1" slack="0"/>
</pin_list>
<bind>
<StgValue><ssdm name="lin_epsi"/></StgValue>
</bind>
</comp>

<comp id="74" class="1000" name="lin_vx">
<pin_list>
<pin id="75" dir="1" index="0" bw="1" slack="0"/>
</pin_list>
<bind>
<StgValue><ssdm name="lin_vx"/></StgValue>
</bind>
</comp>

<comp id="76" class="1000" name="lin_vy">
<pin_list>
<pin id="77" dir="1" index="0" bw="1" slack="0"/>
</pin_list>
<bind>
<StgValue><ssdm name="lin_vy"/></StgValue>
</bind>
</comp>

<comp id="78" class="1000" name="lin_omega">
<pin_list>
<pin id="79" dir="1" index="0" bw="1" slack="0"/>
</pin_list>
<bind>
<StgValue><ssdm name="lin_omega"/></StgValue>
</bind>
</comp>

<comp id="80" class="1000" name="lin_delta">
<pin_list>
<pin id="81" dir="1" index="0" bw="1" slack="0"/>
</pin_list>
<bind>
<StgValue><ssdm name="lin_delta"/></StgValue>
</bind>
</comp>

<comp id="82" class="1000" name="uk0">
<pin_list>
<pin id="83" dir="1" index="0" bw="1" slack="0"/>
</pin_list>
<bind>
<StgValue><ssdm name="uk0"/></StgValue>
</bind>
</comp>

<comp id="84" class="1000" name="uk1">
<pin_list>
<pin id="85" dir="1" index="0" bw="1" slack="0"/>
</pin_list>
<bind>
<StgValue><ssdm name="uk1"/></StgValue>
</bind>
</comp>

<comp id="86" class="1000" name="lin_delta_k">
<pin_list>
<pin id="87" dir="1" index="0" bw="1" slack="0"/>
</pin_list>
<bind>
<StgValue><ssdm name="lin_delta_k"/></StgValue>
</bind>
</comp>

<comp id="88" class="1000" name="next_ey">
<pin_list>
<pin id="89" dir="1" index="0" bw="1" slack="0"/>
</pin_list>
<bind>
<StgValue><ssdm name="next_ey"/></StgValue>
</bind>
</comp>

<comp id="90" class="1000" name="next_epsi">
<pin_list>
<pin id="91" dir="1" index="0" bw="1" slack="0"/>
</pin_list>
<bind>
<StgValue><ssdm name="next_epsi"/></StgValue>
</bind>
</comp>

<comp id="92" class="1000" name="next_vx">
<pin_list>
<pin id="93" dir="1" index="0" bw="1" slack="0"/>
</pin_list>
<bind>
<StgValue><ssdm name="next_vx"/></StgValue>
</bind>
</comp>

<comp id="94" class="1000" name="next_vy">
<pin_list>
<pin id="95" dir="1" index="0" bw="1" slack="0"/>
</pin_list>
<bind>
<StgValue><ssdm name="next_vy"/></StgValue>
</bind>
</comp>

<comp id="96" class="1000" name="next_omega">
<pin_list>
<pin id="97" dir="1" index="0" bw="1" slack="0"/>
</pin_list>
<bind>
<StgValue><ssdm name="next_omega"/></StgValue>
</bind>
</comp>

<comp id="98" class="1000" name="next_delta">
<pin_list>
<pin id="99" dir="1" index="0" bw="1" slack="0"/>
</pin_list>
<bind>
<StgValue><ssdm name="next_delta"/></StgValue>
</bind>
</comp>

<comp id="100" class="1000" name="sd_1">
<pin_list>
<pin id="101" dir="1" index="0" bw="1" slack="0"/>
</pin_list>
<bind>
<StgValue><ssdm name="sd_1"/><MemPortTyVec>3 0 </MemPortTyVec>
</StgValue>
</bind>
</comp>

<comp id="102" class="1000" name="sd_1_offset">
<pin_list>
<pin id="103" dir="1" index="0" bw="1" slack="0"/>
</pin_list>
<bind>
<StgValue><ssdm name="sd_1_offset"/></StgValue>
</bind>
</comp>

<comp id="104" class="1001" name="const_104">
<pin_list>
<pin id="105" dir="1" index="0" bw="1" slack="0"/>
</pin_list>
<bind>
<StgValue><ssdm name="_ssdm_op_Read.ap_auto.i32"/></StgValue>
</bind>
</comp>

<comp id="106" class="1001" name="const_106">
<pin_list>
<pin id="107" dir="1" index="0" bw="1" slack="0"/>
</pin_list>
<bind>
<StgValue><ssdm name="affine_b0_term_hls"/></StgValue>
</bind>
</comp>

<comp id="108" class="1001" name="const_108">
<pin_list>
<pin id="109" dir="1" index="0" bw="1" slack="2147483647"/>
</pin_list>
<bind>
<StgValue><ssdm name="_ssdm_op_SpecFUCore"/></StgValue>
</bind>
</comp>

<comp id="110" class="1001" name="const_110">
<pin_list>
<pin id="111" dir="1" index="0" bw="1" slack="2147483647"/>
</pin_list>
<bind>
<StgValue><ssdm name=""/></StgValue>
</bind>
</comp>

<comp id="112" class="1001" name="const_112">
<pin_list>
<pin id="113" dir="1" index="0" bw="1" slack="2147483647"/>
</pin_list>
<bind>
<StgValue><ssdm name=""/></StgValue>
</bind>
</comp>

<comp id="114" class="1001" name="const_114">
<pin_list>
<pin id="115" dir="1" index="0" bw="1" slack="0"/>
</pin_list>
<bind>
<StgValue><ssdm name=""/></StgValue>
</bind>
</comp>

<comp id="116" class="1001" name="const_116">
<pin_list>
<pin id="117" dir="1" index="0" bw="1" slack="0"/>
</pin_list>
<bind>
<StgValue><ssdm name="_ssdm_op_PartSelect.i25.i43.i32.i32"/></StgValue>
</bind>
</comp>

<comp id="118" class="1001" name="const_118">
<pin_list>
<pin id="119" dir="1" index="0" bw="1" slack="0"/>
</pin_list>
<bind>
<StgValue><ssdm name=""/></StgValue>
</bind>
</comp>

<comp id="120" class="1001" name="const_120">
<pin_list>
<pin id="121" dir="1" index="0" bw="1" slack="0"/>
</pin_list>
<bind>
<StgValue><ssdm name=""/></StgValue>
</bind>
</comp>

<comp id="122" class="1001" name="const_122">
<pin_list>
<pin id="123" dir="1" index="0" bw="1" slack="0"/>
</pin_list>
<bind>
<StgValue><ssdm name="_ssdm_op_Read.ap_auto.i64"/></StgValue>
</bind>
</comp>

<comp id="124" class="1001" name="const_124">
<pin_list>
<pin id="125" dir="1" index="0" bw="1" slack="0"/>
</pin_list>
<bind>
<StgValue><ssdm name="_ssdm_op_BitConcatenate.i8.i5.i3"/></StgValue>
</bind>
</comp>

<comp id="126" class="1001" name="const_126">
<pin_list>
<pin id="127" dir="1" index="0" bw="1" slack="0"/>
</pin_list>
<bind>
<StgValue><ssdm name=""/></StgValue>
</bind>
</comp>

<comp id="128" class="1001" name="const_128">
<pin_list>
<pin id="129" dir="1" index="0" bw="1" slack="0"/>
</pin_list>
<bind>
<StgValue><ssdm name="_ssdm_op_BitConcatenate.i8.i7.i1"/></StgValue>
</bind>
</comp>

<comp id="130" class="1001" name="const_130">
<pin_list>
<pin id="131" dir="1" index="0" bw="1" slack="0"/>
</pin_list>
<bind>
<StgValue><ssdm name=""/></StgValue>
</bind>
</comp>

<comp id="132" class="1001" name="const_132">
<pin_list>
<pin id="133" dir="1" index="0" bw="1" slack="0"/>
</pin_list>
<bind>
<StgValue><ssdm name="_ssdm_op_PartSelect.i6.i8.i32.i32"/></StgValue>
</bind>
</comp>

<comp id="134" class="1001" name="const_134">
<pin_list>
<pin id="135" dir="1" index="0" bw="1" slack="0"/>
</pin_list>
<bind>
<StgValue><ssdm name=""/></StgValue>
</bind>
</comp>

<comp id="136" class="1001" name="const_136">
<pin_list>
<pin id="137" dir="1" index="0" bw="1" slack="0"/>
</pin_list>
<bind>
<StgValue><ssdm name=""/></StgValue>
</bind>
</comp>

<comp id="138" class="1001" name="const_138">
<pin_list>
<pin id="139" dir="1" index="0" bw="1" slack="0"/>
</pin_list>
<bind>
<StgValue><ssdm name="_ssdm_op_BitConcatenate.i7.i6.i1"/></StgValue>
</bind>
</comp>

<comp id="140" class="1001" name="const_140">
<pin_list>
<pin id="141" dir="1" index="0" bw="1" slack="0"/>
</pin_list>
<bind>
<StgValue><ssdm name=""/></StgValue>
</bind>
</comp>

<comp id="142" class="1001" name="const_142">
<pin_list>
<pin id="143" dir="1" index="0" bw="1" slack="0"/>
</pin_list>
<bind>
<StgValue><ssdm name=""/></StgValue>
</bind>
</comp>

<comp id="144" class="1001" name="const_144">
<pin_list>
<pin id="145" dir="1" index="0" bw="1" slack="0"/>
</pin_list>
<bind>
<StgValue><ssdm name=""/></StgValue>
</bind>
</comp>

<comp id="146" class="1001" name="const_146">
<pin_list>
<pin id="147" dir="1" index="0" bw="1" slack="0"/>
</pin_list>
<bind>
<StgValue><ssdm name=""/></StgValue>
</bind>
</comp>

<comp id="148" class="1001" name="const_148">
<pin_list>
<pin id="149" dir="1" index="0" bw="1" slack="0"/>
</pin_list>
<bind>
<StgValue><ssdm name=""/></StgValue>
</bind>
</comp>

<comp id="150" class="1001" name="const_150">
<pin_list>
<pin id="151" dir="1" index="0" bw="1" slack="2147483647"/>
</pin_list>
<bind>
<StgValue><ssdm name="_ssdm_op_SpecMemCore"/></StgValue>
</bind>
</comp>

<comp id="152" class="1001" name="const_152">
<pin_list>
<pin id="153" dir="1" index="0" bw="1" slack="2147483647"/>
</pin_list>
<bind>
<StgValue><ssdm name=""/></StgValue>
</bind>
</comp>

<comp id="154" class="1001" name="const_154">
<pin_list>
<pin id="155" dir="1" index="0" bw="1" slack="2147483647"/>
</pin_list>
<bind>
<StgValue><ssdm name=""/></StgValue>
</bind>
</comp>

<comp id="156" class="1001" name="const_156">
<pin_list>
<pin id="157" dir="1" index="0" bw="1" slack="2147483647"/>
</pin_list>
<bind>
<StgValue><ssdm name=""/></StgValue>
</bind>
</comp>

<comp id="158" class="1001" name="const_158">
<pin_list>
<pin id="159" dir="1" index="0" bw="1" slack="2147483647"/>
</pin_list>
<bind>
<StgValue><ssdm name="_ssdm_op_SpecRegionBegin"/></StgValue>
</bind>
</comp>

<comp id="160" class="1001" name="const_160">
<pin_list>
<pin id="161" dir="1" index="0" bw="1" slack="2147483647"/>
</pin_list>
<bind>
<StgValue><ssdm name="empty_222"/></StgValue>
</bind>
</comp>

<comp id="162" class="1001" name="const_162">
<pin_list>
<pin id="163" dir="1" index="0" bw="1" slack="2147483647"/>
</pin_list>
<bind>
<StgValue><ssdm name="_ssdm_op_SpecRegionEnd"/></StgValue>
</bind>
</comp>

<comp id="164" class="1001" name="const_164">
<pin_list>
<pin id="165" dir="1" index="0" bw="1" slack="2147483647"/>
</pin_list>
<bind>
<StgValue><ssdm name="empty_148"/></StgValue>
</bind>
</comp>

<comp id="166" class="1001" name="const_166">
<pin_list>
<pin id="167" dir="1" index="0" bw="1" slack="2147483647"/>
</pin_list>
<bind>
<StgValue><ssdm name="empty_147"/></StgValue>
</bind>
</comp>

<comp id="168" class="1001" name="const_168">
<pin_list>
<pin id="169" dir="1" index="0" bw="1" slack="2147483647"/>
</pin_list>
<bind>
<StgValue><ssdm name="empty_161"/></StgValue>
</bind>
</comp>

<comp id="170" class="1001" name="const_170">
<pin_list>
<pin id="171" dir="1" index="0" bw="1" slack="2147483647"/>
</pin_list>
<bind>
<StgValue><ssdm name="empty_220"/></StgValue>
</bind>
</comp>

<comp id="172" class="1001" name="const_172">
<pin_list>
<pin id="173" dir="1" index="0" bw="1" slack="2147483647"/>
</pin_list>
<bind>
<StgValue><ssdm name="empty_150"/></StgValue>
</bind>
</comp>

<comp id="174" class="1001" name="const_174">
<pin_list>
<pin id="175" dir="1" index="0" bw="1" slack="2147483647"/>
</pin_list>
<bind>
<StgValue><ssdm name="empty_145"/></StgValue>
</bind>
</comp>

<comp id="176" class="1001" name="const_176">
<pin_list>
<pin id="177" dir="1" index="0" bw="1" slack="2147483647"/>
</pin_list>
<bind>
<StgValue><ssdm name="empty_189"/></StgValue>
</bind>
</comp>

<comp id="178" class="1001" name="const_178">
<pin_list>
<pin id="179" dir="1" index="0" bw="1" slack="2147483647"/>
</pin_list>
<bind>
<StgValue><ssdm name="empty_128"/></StgValue>
</bind>
</comp>

<comp id="180" class="1001" name="const_180">
<pin_list>
<pin id="181" dir="1" index="0" bw="1" slack="2147483647"/>
</pin_list>
<bind>
<StgValue><ssdm name="empty_166"/></StgValue>
</bind>
</comp>

<comp id="182" class="1001" name="const_182">
<pin_list>
<pin id="183" dir="1" index="0" bw="1" slack="2147483647"/>
</pin_list>
<bind>
<StgValue><ssdm name="empty_176"/></StgValue>
</bind>
</comp>

<comp id="184" class="1001" name="const_184">
<pin_list>
<pin id="185" dir="1" index="0" bw="1" slack="2147483647"/>
</pin_list>
<bind>
<StgValue><ssdm name="empty_169"/></StgValue>
</bind>
</comp>

<comp id="186" class="1001" name="const_186">
<pin_list>
<pin id="187" dir="1" index="0" bw="1" slack="2147483647"/>
</pin_list>
<bind>
<StgValue><ssdm name="empty_171"/></StgValue>
</bind>
</comp>

<comp id="188" class="1001" name="const_188">
<pin_list>
<pin id="189" dir="1" index="0" bw="1" slack="2147483647"/>
</pin_list>
<bind>
<StgValue><ssdm name="empty_152"/></StgValue>
</bind>
</comp>

<comp id="190" class="1001" name="const_190">
<pin_list>
<pin id="191" dir="1" index="0" bw="1" slack="2147483647"/>
</pin_list>
<bind>
<StgValue><ssdm name="empty_175"/></StgValue>
</bind>
</comp>

<comp id="192" class="1001" name="const_192">
<pin_list>
<pin id="193" dir="1" index="0" bw="1" slack="2147483647"/>
</pin_list>
<bind>
<StgValue><ssdm name="empty_154"/></StgValue>
</bind>
</comp>

<comp id="194" class="1001" name="const_194">
<pin_list>
<pin id="195" dir="1" index="0" bw="1" slack="2147483647"/>
</pin_list>
<bind>
<StgValue><ssdm name="empty_131"/></StgValue>
</bind>
</comp>

<comp id="196" class="1001" name="const_196">
<pin_list>
<pin id="197" dir="1" index="0" bw="1" slack="2147483647"/>
</pin_list>
<bind>
<StgValue><ssdm name="empty_167"/></StgValue>
</bind>
</comp>

<comp id="198" class="1001" name="const_198">
<pin_list>
<pin id="199" dir="1" index="0" bw="1" slack="2147483647"/>
</pin_list>
<bind>
<StgValue><ssdm name="empty_156"/></StgValue>
</bind>
</comp>

<comp id="200" class="1001" name="const_200">
<pin_list>
<pin id="201" dir="1" index="0" bw="1" slack="2147483647"/>
</pin_list>
<bind>
<StgValue><ssdm name="empty_157"/></StgValue>
</bind>
</comp>

<comp id="202" class="1001" name="const_202">
<pin_list>
<pin id="203" dir="1" index="0" bw="1" slack="2147483647"/>
</pin_list>
<bind>
<StgValue><ssdm name="empty_158"/></StgValue>
</bind>
</comp>

<comp id="204" class="1001" name="const_204">
<pin_list>
<pin id="205" dir="1" index="0" bw="1" slack="2147483647"/>
</pin_list>
<bind>
<StgValue><ssdm name="empty_159"/></StgValue>
</bind>
</comp>

<comp id="206" class="1001" name="const_206">
<pin_list>
<pin id="207" dir="1" index="0" bw="1" slack="2147483647"/>
</pin_list>
<bind>
<StgValue><ssdm name="empty_160"/></StgValue>
</bind>
</comp>

<comp id="208" class="1001" name="const_208">
<pin_list>
<pin id="209" dir="1" index="0" bw="1" slack="2147483647"/>
</pin_list>
<bind>
<StgValue><ssdm name="empty_173"/></StgValue>
</bind>
</comp>

<comp id="210" class="1001" name="const_210">
<pin_list>
<pin id="211" dir="1" index="0" bw="1" slack="2147483647"/>
</pin_list>
<bind>
<StgValue><ssdm name="empty_125"/></StgValue>
</bind>
</comp>

<comp id="212" class="1001" name="const_212">
<pin_list>
<pin id="213" dir="1" index="0" bw="1" slack="2147483647"/>
</pin_list>
<bind>
<StgValue><ssdm name="empty_165"/></StgValue>
</bind>
</comp>

<comp id="214" class="1001" name="const_214">
<pin_list>
<pin id="215" dir="1" index="0" bw="1" slack="2147483647"/>
</pin_list>
<bind>
<StgValue><ssdm name="empty_138"/></StgValue>
</bind>
</comp>

<comp id="216" class="1001" name="const_216">
<pin_list>
<pin id="217" dir="1" index="0" bw="1" slack="2147483647"/>
</pin_list>
<bind>
<StgValue><ssdm name="empty_137"/></StgValue>
</bind>
</comp>

<comp id="218" class="1001" name="const_218">
<pin_list>
<pin id="219" dir="1" index="0" bw="1" slack="2147483647"/>
</pin_list>
<bind>
<StgValue><ssdm name="empty_136"/></StgValue>
</bind>
</comp>

<comp id="220" class="1001" name="const_220">
<pin_list>
<pin id="221" dir="1" index="0" bw="1" slack="2147483647"/>
</pin_list>
<bind>
<StgValue><ssdm name="empty_135"/></StgValue>
</bind>
</comp>

<comp id="222" class="1001" name="const_222">
<pin_list>
<pin id="223" dir="1" index="0" bw="1" slack="2147483647"/>
</pin_list>
<bind>
<StgValue><ssdm name="empty_134"/></StgValue>
</bind>
</comp>

<comp id="224" class="1001" name="const_224">
<pin_list>
<pin id="225" dir="1" index="0" bw="1" slack="0"/>
</pin_list>
<bind>
<StgValue><ssdm name="_ssdm_op_PartSelect.i25.i46.i32.i32"/></StgValue>
</bind>
</comp>

<comp id="226" class="1001" name="const_226">
<pin_list>
<pin id="227" dir="1" index="0" bw="1" slack="0"/>
</pin_list>
<bind>
<StgValue><ssdm name=""/></StgValue>
</bind>
</comp>

<comp id="228" class="1004" name="lin_delta_k_read_read_fu_228">
<pin_list>
<pin id="229" dir="0" index="0" bw="32" slack="0"/>
<pin id="230" dir="0" index="1" bw="32" slack="0"/>
<pin id="231" dir="1" index="2" bw="32" slack="0"/>
</pin_list>
<bind>
<opcode="read(1150) " fcode="read"/>
<opset="lin_delta_k_read/1 "/>
</bind>
</comp>

<comp id="234" class="1004" name="lin_ey_read_read_fu_234">
<pin_list>
<pin id="235" dir="0" index="0" bw="32" slack="0"/>
<pin id="236" dir="0" index="1" bw="32" slack="0"/>
<pin id="237" dir="1" index="2" bw="32" slack="0"/>
</pin_list>
<bind>
<opcode="read(1150) " fcode="read"/>
<opset="lin_ey_read/1 "/>
</bind>
</comp>

<comp id="240" class="1004" name="p_read_37_read_fu_240">
<pin_list>
<pin id="241" dir="0" index="0" bw="32" slack="0"/>
<pin id="242" dir="0" index="1" bw="32" slack="0"/>
<pin id="243" dir="1" index="2" bw="32" slack="0"/>
</pin_list>
<bind>
<opcode="read(1150) " fcode="read"/>
<opset="p_read_37/1 "/>
</bind>
</comp>

<comp id="246" class="1004" name="p_read57_read_fu_246">
<pin_list>
<pin id="247" dir="0" index="0" bw="32" slack="0"/>
<pin id="248" dir="0" index="1" bw="32" slack="0"/>
<pin id="249" dir="1" index="2" bw="32" slack="0"/>
</pin_list>
<bind>
<opcode="read(1150) " fcode="read"/>
<opset="p_read57/1 "/>
</bind>
</comp>

<comp id="252" class="1004" name="lin_epsi_read_read_fu_252">
<pin_list>
<pin id="253" dir="0" index="0" bw="32" slack="0"/>
<pin id="254" dir="0" index="1" bw="32" slack="0"/>
<pin id="255" dir="1" index="2" bw="32" slack="0"/>
</pin_list>
<bind>
<opcode="read(1150) " fcode="read"/>
<opset="lin_epsi_read/2 "/>
</bind>
</comp>

<comp id="258" class="1004" name="p_read_57_read_fu_258">
<pin_list>
<pin id="259" dir="0" index="0" bw="32" slack="0"/>
<pin id="260" dir="0" index="1" bw="32" slack="0"/>
<pin id="261" dir="1" index="2" bw="32" slack="0"/>
</pin_list>
<bind>
<opcode="read(1150) " fcode="read"/>
<opset="p_read_57/2 "/>
</bind>
</comp>

<comp id="264" class="1004" name="lin_vx_read_read_fu_264">
<pin_list>
<pin id="265" dir="0" index="0" bw="32" slack="0"/>
<pin id="266" dir="0" index="1" bw="32" slack="0"/>
<pin id="267" dir="1" index="2" bw="32" slack="0"/>
</pin_list>
<bind>
<opcode="read(1150) " fcode="read"/>
<opset="lin_vx_read/3 "/>
</bind>
</comp>

<comp id="270" class="1004" name="p_read_52_read_fu_270">
<pin_list>
<pin id="271" dir="0" index="0" bw="32" slack="0"/>
<pin id="272" dir="0" index="1" bw="32" slack="0"/>
<pin id="273" dir="1" index="2" bw="32" slack="0"/>
</pin_list>
<bind>
<opcode="read(1150) " fcode="read"/>
<opset="p_read_52/3 "/>
</bind>
</comp>

<comp id="276" class="1004" name="lin_vy_read_read_fu_276">
<pin_list>
<pin id="277" dir="0" index="0" bw="32" slack="0"/>
<pin id="278" dir="0" index="1" bw="32" slack="0"/>
<pin id="279" dir="1" index="2" bw="32" slack="0"/>
</pin_list>
<bind>
<opcode="read(1150) " fcode="read"/>
<opset="lin_vy_read/4 "/>
</bind>
</comp>

<comp id="282" class="1004" name="p_read_47_read_fu_282">
<pin_list>
<pin id="283" dir="0" index="0" bw="32" slack="0"/>
<pin id="284" dir="0" index="1" bw="32" slack="0"/>
<pin id="285" dir="1" index="2" bw="32" slack="0"/>
</pin_list>
<bind>
<opcode="read(1150) " fcode="read"/>
<opset="p_read_47/4 "/>
</bind>
</comp>

<comp id="288" class="1004" name="lin_omega_read_read_fu_288">
<pin_list>
<pin id="289" dir="0" index="0" bw="32" slack="0"/>
<pin id="290" dir="0" index="1" bw="32" slack="0"/>
<pin id="291" dir="1" index="2" bw="32" slack="0"/>
</pin_list>
<bind>
<opcode="read(1150) " fcode="read"/>
<opset="lin_omega_read/5 "/>
</bind>
</comp>

<comp id="294" class="1004" name="p_read_36_read_fu_294">
<pin_list>
<pin id="295" dir="0" index="0" bw="32" slack="0"/>
<pin id="296" dir="0" index="1" bw="32" slack="0"/>
<pin id="297" dir="1" index="2" bw="32" slack="0"/>
</pin_list>
<bind>
<opcode="read(1150) " fcode="read"/>
<opset="p_read_36/5 "/>
</bind>
</comp>

<comp id="300" class="1004" name="p_read_42_read_fu_300">
<pin_list>
<pin id="301" dir="0" index="0" bw="32" slack="0"/>
<pin id="302" dir="0" index="1" bw="32" slack="0"/>
<pin id="303" dir="1" index="2" bw="32" slack="0"/>
</pin_list>
<bind>
<opcode="read(1150) " fcode="read"/>
<opset="p_read_42/5 "/>
</bind>
</comp>

<comp id="306" class="1004" name="next_ey_read_read_fu_306">
<pin_list>
<pin id="307" dir="0" index="0" bw="32" slack="0"/>
<pin id="308" dir="0" index="1" bw="32" slack="0"/>
<pin id="309" dir="1" index="2" bw="32" slack="0"/>
</pin_list>
<bind>
<opcode="read(1150) " fcode="read"/>
<opset="next_ey_read/6 "/>
</bind>
</comp>

<comp id="312" class="1004" name="p_read158_read_fu_312">
<pin_list>
<pin id="313" dir="0" index="0" bw="32" slack="0"/>
<pin id="314" dir="0" index="1" bw="32" slack="0"/>
<pin id="315" dir="1" index="2" bw="32" slack="0"/>
</pin_list>
<bind>
<opcode="read(1150) " fcode="read"/>
<opset="p_read158/6 "/>
</bind>
</comp>

<comp id="318" class="1004" name="p_read_56_read_fu_318">
<pin_list>
<pin id="319" dir="0" index="0" bw="32" slack="0"/>
<pin id="320" dir="0" index="1" bw="32" slack="0"/>
<pin id="321" dir="1" index="2" bw="32" slack="0"/>
</pin_list>
<bind>
<opcode="read(1150) " fcode="read"/>
<opset="p_read_56/7 "/>
</bind>
</comp>

<comp id="324" class="1004" name="p_read_51_read_fu_324">
<pin_list>
<pin id="325" dir="0" index="0" bw="32" slack="0"/>
<pin id="326" dir="0" index="1" bw="32" slack="0"/>
<pin id="327" dir="1" index="2" bw="32" slack="0"/>
</pin_list>
<bind>
<opcode="read(1150) " fcode="read"/>
<opset="p_read_51/8 "/>
</bind>
</comp>

<comp id="330" class="1004" name="p_read_35_read_fu_330">
<pin_list>
<pin id="331" dir="0" index="0" bw="32" slack="0"/>
<pin id="332" dir="0" index="1" bw="32" slack="0"/>
<pin id="333" dir="1" index="2" bw="32" slack="0"/>
</pin_list>
<bind>
<opcode="read(1150) " fcode="read"/>
<opset="p_read_35/9 "/>
</bind>
</comp>

<comp id="336" class="1004" name="p_read_46_read_fu_336">
<pin_list>
<pin id="337" dir="0" index="0" bw="32" slack="0"/>
<pin id="338" dir="0" index="1" bw="32" slack="0"/>
<pin id="339" dir="1" index="2" bw="32" slack="0"/>
</pin_list>
<bind>
<opcode="read(1150) " fcode="read"/>
<opset="p_read_46/9 "/>
</bind>
</comp>

<comp id="342" class="1004" name="p_read_41_read_fu_342">
<pin_list>
<pin id="343" dir="0" index="0" bw="32" slack="0"/>
<pin id="344" dir="0" index="1" bw="32" slack="0"/>
<pin id="345" dir="1" index="2" bw="32" slack="0"/>
</pin_list>
<bind>
<opcode="read(1150) " fcode="read"/>
<opset="p_read_41/10 "/>
</bind>
</comp>

<comp id="348" class="1004" name="next_epsi_read_read_fu_348">
<pin_list>
<pin id="349" dir="0" index="0" bw="32" slack="0"/>
<pin id="350" dir="0" index="1" bw="32" slack="0"/>
<pin id="351" dir="1" index="2" bw="32" slack="0"/>
</pin_list>
<bind>
<opcode="read(1150) " fcode="read"/>
<opset="next_epsi_read/11 "/>
</bind>
</comp>

<comp id="354" class="1004" name="p_read259_read_fu_354">
<pin_list>
<pin id="355" dir="0" index="0" bw="32" slack="0"/>
<pin id="356" dir="0" index="1" bw="32" slack="0"/>
<pin id="357" dir="1" index="2" bw="32" slack="0"/>
</pin_list>
<bind>
<opcode="read(1150) " fcode="read"/>
<opset="p_read259/11 "/>
</bind>
</comp>

<comp id="360" class="1004" name="p_read_55_read_fu_360">
<pin_list>
<pin id="361" dir="0" index="0" bw="32" slack="0"/>
<pin id="362" dir="0" index="1" bw="32" slack="0"/>
<pin id="363" dir="1" index="2" bw="32" slack="0"/>
</pin_list>
<bind>
<opcode="read(1150) " fcode="read"/>
<opset="p_read_55/12 "/>
</bind>
</comp>

<comp id="366" class="1004" name="p_read_34_read_fu_366">
<pin_list>
<pin id="367" dir="0" index="0" bw="32" slack="0"/>
<pin id="368" dir="0" index="1" bw="32" slack="0"/>
<pin id="369" dir="1" index="2" bw="32" slack="0"/>
</pin_list>
<bind>
<opcode="read(1150) " fcode="read"/>
<opset="p_read_34/13 "/>
</bind>
</comp>

<comp id="372" class="1004" name="p_read_50_read_fu_372">
<pin_list>
<pin id="373" dir="0" index="0" bw="32" slack="0"/>
<pin id="374" dir="0" index="1" bw="32" slack="0"/>
<pin id="375" dir="1" index="2" bw="32" slack="0"/>
</pin_list>
<bind>
<opcode="read(1150) " fcode="read"/>
<opset="p_read_50/13 "/>
</bind>
</comp>

<comp id="378" class="1004" name="p_read_45_read_fu_378">
<pin_list>
<pin id="379" dir="0" index="0" bw="32" slack="0"/>
<pin id="380" dir="0" index="1" bw="32" slack="0"/>
<pin id="381" dir="1" index="2" bw="32" slack="0"/>
</pin_list>
<bind>
<opcode="read(1150) " fcode="read"/>
<opset="p_read_45/14 "/>
</bind>
</comp>

<comp id="384" class="1004" name="p_read_40_read_fu_384">
<pin_list>
<pin id="385" dir="0" index="0" bw="32" slack="0"/>
<pin id="386" dir="0" index="1" bw="32" slack="0"/>
<pin id="387" dir="1" index="2" bw="32" slack="0"/>
</pin_list>
<bind>
<opcode="read(1150) " fcode="read"/>
<opset="p_read_40/15 "/>
</bind>
</comp>

<comp id="390" class="1004" name="next_vx_read_read_fu_390">
<pin_list>
<pin id="391" dir="0" index="0" bw="32" slack="0"/>
<pin id="392" dir="0" index="1" bw="32" slack="0"/>
<pin id="393" dir="1" index="2" bw="32" slack="0"/>
</pin_list>
<bind>
<opcode="read(1150) " fcode="read"/>
<opset="next_vx_read/16 "/>
</bind>
</comp>

<comp id="396" class="1004" name="p_read_59_read_fu_396">
<pin_list>
<pin id="397" dir="0" index="0" bw="32" slack="0"/>
<pin id="398" dir="0" index="1" bw="32" slack="0"/>
<pin id="399" dir="1" index="2" bw="32" slack="0"/>
</pin_list>
<bind>
<opcode="read(1150) " fcode="read"/>
<opset="p_read_59/16 "/>
</bind>
</comp>

<comp id="402" class="1004" name="p_read_33_read_fu_402">
<pin_list>
<pin id="403" dir="0" index="0" bw="32" slack="0"/>
<pin id="404" dir="0" index="1" bw="32" slack="0"/>
<pin id="405" dir="1" index="2" bw="32" slack="0"/>
</pin_list>
<bind>
<opcode="read(1150) " fcode="read"/>
<opset="p_read_33/17 "/>
</bind>
</comp>

<comp id="408" class="1004" name="p_read_54_read_fu_408">
<pin_list>
<pin id="409" dir="0" index="0" bw="32" slack="0"/>
<pin id="410" dir="0" index="1" bw="32" slack="0"/>
<pin id="411" dir="1" index="2" bw="32" slack="0"/>
</pin_list>
<bind>
<opcode="read(1150) " fcode="read"/>
<opset="p_read_54/17 "/>
</bind>
</comp>

<comp id="414" class="1004" name="p_read_49_read_fu_414">
<pin_list>
<pin id="415" dir="0" index="0" bw="32" slack="0"/>
<pin id="416" dir="0" index="1" bw="32" slack="0"/>
<pin id="417" dir="1" index="2" bw="32" slack="0"/>
</pin_list>
<bind>
<opcode="read(1150) " fcode="read"/>
<opset="p_read_49/18 "/>
</bind>
</comp>

<comp id="420" class="1004" name="p_read_44_read_fu_420">
<pin_list>
<pin id="421" dir="0" index="0" bw="32" slack="0"/>
<pin id="422" dir="0" index="1" bw="32" slack="0"/>
<pin id="423" dir="1" index="2" bw="32" slack="0"/>
</pin_list>
<bind>
<opcode="read(1150) " fcode="read"/>
<opset="p_read_44/19 "/>
</bind>
</comp>

<comp id="426" class="1004" name="p_read_39_read_fu_426">
<pin_list>
<pin id="427" dir="0" index="0" bw="32" slack="0"/>
<pin id="428" dir="0" index="1" bw="32" slack="0"/>
<pin id="429" dir="1" index="2" bw="32" slack="0"/>
</pin_list>
<bind>
<opcode="read(1150) " fcode="read"/>
<opset="p_read_39/20 "/>
</bind>
</comp>

<comp id="432" class="1004" name="next_vy_read_read_fu_432">
<pin_list>
<pin id="433" dir="0" index="0" bw="32" slack="0"/>
<pin id="434" dir="0" index="1" bw="32" slack="0"/>
<pin id="435" dir="1" index="2" bw="32" slack="0"/>
</pin_list>
<bind>
<opcode="read(1150) " fcode="read"/>
<opset="next_vy_read/21 "/>
</bind>
</comp>

<comp id="438" class="1004" name="p_read_58_read_fu_438">
<pin_list>
<pin id="439" dir="0" index="0" bw="32" slack="0"/>
<pin id="440" dir="0" index="1" bw="32" slack="0"/>
<pin id="441" dir="1" index="2" bw="32" slack="0"/>
</pin_list>
<bind>
<opcode="read(1150) " fcode="read"/>
<opset="p_read_58/21 "/>
</bind>
</comp>

<comp id="444" class="1004" name="p_read_53_read_fu_444">
<pin_list>
<pin id="445" dir="0" index="0" bw="32" slack="0"/>
<pin id="446" dir="0" index="1" bw="32" slack="0"/>
<pin id="447" dir="1" index="2" bw="32" slack="0"/>
</pin_list>
<bind>
<opcode="read(1150) " fcode="read"/>
<opset="p_read_53/22 "/>
</bind>
</comp>

<comp id="450" class="1004" name="p_read_48_read_fu_450">
<pin_list>
<pin id="451" dir="0" index="0" bw="32" slack="0"/>
<pin id="452" dir="0" index="1" bw="32" slack="0"/>
<pin id="453" dir="1" index="2" bw="32" slack="0"/>
</pin_list>
<bind>
<opcode="read(1150) " fcode="read"/>
<opset="p_read_48/23 "/>
</bind>
</comp>

<comp id="456" class="1004" name="p_read_43_read_fu_456">
<pin_list>
<pin id="457" dir="0" index="0" bw="32" slack="0"/>
<pin id="458" dir="0" index="1" bw="32" slack="0"/>
<pin id="459" dir="1" index="2" bw="32" slack="0"/>
</pin_list>
<bind>
<opcode="read(1150) " fcode="read"/>
<opset="p_read_43/24 "/>
</bind>
</comp>

<comp id="462" class="1004" name="p_read_38_read_fu_462">
<pin_list>
<pin id="463" dir="0" index="0" bw="32" slack="0"/>
<pin id="464" dir="0" index="1" bw="32" slack="0"/>
<pin id="465" dir="1" index="2" bw="32" slack="0"/>
</pin_list>
<bind>
<opcode="read(1150) " fcode="read"/>
<opset="p_read_38/25 "/>
</bind>
</comp>

<comp id="468" class="1004" name="next_omega_read_read_fu_468">
<pin_list>
<pin id="469" dir="0" index="0" bw="32" slack="0"/>
<pin id="470" dir="0" index="1" bw="32" slack="0"/>
<pin id="471" dir="1" index="2" bw="32" slack="0"/>
</pin_list>
<bind>
<opcode="read(1150) " fcode="read"/>
<opset="next_omega_read/26 "/>
</bind>
</comp>

<comp id="474" class="1004" name="uk1_read_read_fu_474">
<pin_list>
<pin id="475" dir="0" index="0" bw="32" slack="0"/>
<pin id="476" dir="0" index="1" bw="32" slack="0"/>
<pin id="477" dir="1" index="2" bw="32" slack="0"/>
</pin_list>
<bind>
<opcode="read(1150) " fcode="read"/>
<opset="uk1_read/26 "/>
</bind>
</comp>

<comp id="480" class="1004" name="p_read_32_read_fu_480">
<pin_list>
<pin id="481" dir="0" index="0" bw="32" slack="0"/>
<pin id="482" dir="0" index="1" bw="32" slack="0"/>
<pin id="483" dir="1" index="2" bw="32" slack="0"/>
</pin_list>
<bind>
<opcode="read(1150) " fcode="read"/>
<opset="p_read_32/26 "/>
</bind>
</comp>

<comp id="486" class="1004" name="p_read_31_read_fu_486">
<pin_list>
<pin id="487" dir="0" index="0" bw="32" slack="0"/>
<pin id="488" dir="0" index="1" bw="32" slack="0"/>
<pin id="489" dir="1" index="2" bw="32" slack="0"/>
</pin_list>
<bind>
<opcode="read(1150) " fcode="read"/>
<opset="p_read_31/27 "/>
</bind>
</comp>

<comp id="492" class="1004" name="p_read_30_read_fu_492">
<pin_list>
<pin id="493" dir="0" index="0" bw="32" slack="0"/>
<pin id="494" dir="0" index="1" bw="32" slack="0"/>
<pin id="495" dir="1" index="2" bw="32" slack="0"/>
</pin_list>
<bind>
<opcode="read(1150) " fcode="read"/>
<opset="p_read_30/28 "/>
</bind>
</comp>

<comp id="498" class="1004" name="sd_1_offset_read_read_fu_498">
<pin_list>
<pin id="499" dir="0" index="0" bw="64" slack="0"/>
<pin id="500" dir="0" index="1" bw="64" slack="0"/>
<pin id="501" dir="1" index="2" bw="64" slack="0"/>
</pin_list>
<bind>
<opcode="read(1150) " fcode="read"/>
<opset="sd_1_offset_read/29 "/>
</bind>
</comp>

<comp id="504" class="1004" name="p_read_29_read_fu_504">
<pin_list>
<pin id="505" dir="0" index="0" bw="32" slack="0"/>
<pin id="506" dir="0" index="1" bw="32" slack="0"/>
<pin id="507" dir="1" index="2" bw="32" slack="0"/>
</pin_list>
<bind>
<opcode="read(1150) " fcode="read"/>
<opset="p_read_29/29 "/>
</bind>
</comp>

<comp id="510" class="1004" name="p_read_28_read_fu_510">
<pin_list>
<pin id="511" dir="0" index="0" bw="32" slack="0"/>
<pin id="512" dir="0" index="1" bw="32" slack="0"/>
<pin id="513" dir="1" index="2" bw="32" slack="0"/>
</pin_list>
<bind>
<opcode="read(1150) " fcode="read"/>
<opset="p_read_28/30 "/>
</bind>
</comp>

<comp id="516" class="1004" name="uk0_read_read_fu_516">
<pin_list>
<pin id="517" dir="0" index="0" bw="32" slack="0"/>
<pin id="518" dir="0" index="1" bw="32" slack="0"/>
<pin id="519" dir="1" index="2" bw="32" slack="0"/>
</pin_list>
<bind>
<opcode="read(1150) " fcode="read"/>
<opset="uk0_read/31 "/>
</bind>
</comp>

<comp id="522" class="1004" name="next_delta_read_read_fu_522">
<pin_list>
<pin id="523" dir="0" index="0" bw="32" slack="0"/>
<pin id="524" dir="0" index="1" bw="32" slack="0"/>
<pin id="525" dir="1" index="2" bw="32" slack="0"/>
</pin_list>
<bind>
<opcode="read(1150) " fcode="read"/>
<opset="next_delta_read/34 "/>
</bind>
</comp>

<comp id="528" class="1004" name="lin_delta_read_read_fu_528">
<pin_list>
<pin id="529" dir="0" index="0" bw="32" slack="0"/>
<pin id="530" dir="0" index="1" bw="32" slack="0"/>
<pin id="531" dir="1" index="2" bw="32" slack="0"/>
</pin_list>
<bind>
<opcode="read(1150) " fcode="read"/>
<opset="lin_delta_read/34 "/>
</bind>
</comp>

<comp id="534" class="1004" name="sd_1_addr_gep_fu_534">
<pin_list>
<pin id="535" dir="0" index="0" bw="32" slack="0"/>
<pin id="536" dir="0" index="1" bw="1" slack="0"/>
<pin id="537" dir="0" index="2" bw="8" slack="0"/>
<pin id="538" dir="1" index="3" bw="7" slack="0"/>
</pin_list>
<bind>
<opcode="getelementptr(29) " fcode="getelementptr"/>
<opset="sd_1_addr/29 "/>
</bind>
</comp>

<comp id="541" class="1004" name="grp_access_fu_541">
<pin_list>
<pin id="542" dir="0" index="0" bw="7" slack="2147483647"/>
<pin id="543" dir="0" index="1" bw="32" slack="2147483647"/>
<pin id="544" dir="0" index="2" bw="0" slack="0"/>
<pin id="546" dir="0" index="4" bw="7" slack="0"/>
<pin id="547" dir="0" index="5" bw="32" slack="2147483647"/>
<pin id="548" dir="0" index="6" bw="0" slack="2147483647"/>
<pin id="545" dir="1" index="3" bw="32" slack="2147483647"/>
<pin id="549" dir="1" index="7" bw="32" slack="2147483647"/>
</pin_list>
<bind>
<opcode="store(28) " fcode="store"/>
<opset="store_ln241/29 store_ln241/30 store_ln241/31 store_ln241/32 store_ln241/33 store_ln241/34 "/>
</bind>
</comp>

<comp id="551" class="1004" name="sd_1_addr_1_gep_fu_551">
<pin_list>
<pin id="552" dir="0" index="0" bw="32" slack="0"/>
<pin id="553" dir="0" index="1" bw="1" slack="0"/>
<pin id="554" dir="0" index="2" bw="7" slack="0"/>
<pin id="555" dir="1" index="3" bw="7" slack="0"/>
</pin_list>
<bind>
<opcode="getelementptr(29) " fcode="getelementptr"/>
<opset="sd_1_addr_1/30 "/>
</bind>
</comp>

<comp id="559" class="1004" name="sd_1_addr_2_gep_fu_559">
<pin_list>
<pin id="560" dir="0" index="0" bw="32" slack="0"/>
<pin id="561" dir="0" index="1" bw="1" slack="0"/>
<pin id="562" dir="0" index="2" bw="7" slack="0"/>
<pin id="563" dir="1" index="3" bw="7" slack="0"/>
</pin_list>
<bind>
<opcode="getelementptr(29) " fcode="getelementptr"/>
<opset="sd_1_addr_2/31 "/>
</bind>
</comp>

<comp id="567" class="1004" name="sd_1_addr_3_gep_fu_567">
<pin_list>
<pin id="568" dir="0" index="0" bw="32" slack="0"/>
<pin id="569" dir="0" index="1" bw="1" slack="0"/>
<pin id="570" dir="0" index="2" bw="7" slack="0"/>
<pin id="571" dir="1" index="3" bw="7" slack="0"/>
</pin_list>
<bind>
<opcode="getelementptr(29) " fcode="getelementptr"/>
<opset="sd_1_addr_3/32 "/>
</bind>
</comp>

<comp id="575" class="1004" name="sd_1_addr_4_gep_fu_575">
<pin_list>
<pin id="576" dir="0" index="0" bw="32" slack="0"/>
<pin id="577" dir="0" index="1" bw="1" slack="0"/>
<pin id="578" dir="0" index="2" bw="7" slack="0"/>
<pin id="579" dir="1" index="3" bw="7" slack="0"/>
</pin_list>
<bind>
<opcode="getelementptr(29) " fcode="getelementptr"/>
<opset="sd_1_addr_4/33 "/>
</bind>
</comp>

<comp id="583" class="1004" name="sd_1_addr_5_gep_fu_583">
<pin_list>
<pin id="584" dir="0" index="0" bw="32" slack="0"/>
<pin id="585" dir="0" index="1" bw="1" slack="0"/>
<pin id="586" dir="0" index="2" bw="7" slack="0"/>
<pin id="587" dir="1" index="3" bw="7" slack="0"/>
</pin_list>
<bind>
<opcode="getelementptr(29) " fcode="getelementptr"/>
<opset="sd_1_addr_5/34 "/>
</bind>
</comp>

<comp id="591" class="1004" name="grp_affine_b0_term_hls_fu_591">
<pin_list>
<pin id="592" dir="0" index="0" bw="25" slack="0"/>
<pin id="593" dir="0" index="1" bw="32" slack="0"/>
<pin id="594" dir="0" index="2" bw="18" slack="0"/>
<pin id="595" dir="1" index="3" bw="25" slack="13"/>
</pin_list>
<bind>
<opcode="call(48) " fcode="call"/>
<opset="b0/1 b0_1/5 b0_2/9 b0_3/13 b0_4/17 "/>
</bind>
</comp>

<comp id="602" class="1004" name="grp_fu_602">
<pin_list>
<pin id="603" dir="0" index="0" bw="32" slack="0"/>
<pin id="604" dir="0" index="1" bw="32" slack="0"/>
<pin id="605" dir="1" index="2" bw="43" slack="0"/>
</pin_list>
<bind>
<opcode="mul(12) " fcode="mul"/>
<opset="product/1 product_292/2 product_293/3 product_294/4 product_295/5 product_297/6 product_298/7 product_299/8 product_300/9 product_301/10 product_303/11 product_304/12 product_305/13 product_306/14 product_307/15 product_309/16 product_310/17 product_311/18 product_312/19 product_313/20 product_315/21 product_316/22 product_317/23 product_318/24 product_319/25 product_296/26 product_302/27 product_308/28 product_314/29 product_320/30 "/>
</bind>
</comp>

<comp id="606" class="1004" name="grp_fu_606">
<pin_list>
<pin id="607" dir="0" index="0" bw="32" slack="0"/>
<pin id="608" dir="0" index="1" bw="14" slack="0"/>
<pin id="609" dir="1" index="2" bw="46" slack="0"/>
</pin_list>
<bind>
<opcode="mul(12) " fcode="mul"/>
<opset="mul_ln159/31 "/>
</bind>
</comp>

<comp id="611" class="1004" name="grp_fu_611">
<pin_list>
<pin id="612" dir="0" index="0" bw="25" slack="0"/>
<pin id="613" dir="0" index="1" bw="43" slack="0"/>
<pin id="614" dir="0" index="2" bw="6" slack="0"/>
<pin id="615" dir="0" index="3" bw="7" slack="0"/>
<pin id="616" dir="1" index="4" bw="25" slack="0"/>
</pin_list>
<bind>
<opcode="partselect(1002) " fcode="partselect"/>
<opset="trunc_ln/4 trunc_ln223_1/5 trunc_ln223_2/6 trunc_ln223_3/7 trunc_ln223_4/8 trunc_ln223_6/9 trunc_ln223_8/10 trunc_ln223_9/11 trunc_ln223_s/12 trunc_ln223_7/13 trunc_ln223_12/14 trunc_ln223_13/15 trunc_ln223_14/16 trunc_ln223_15/17 trunc_ln223_16/18 trunc_ln223_19/19 trunc_ln223_20/20 trunc_ln223_21/21 trunc_ln223_22/22 trunc_ln223_23/23 trunc_ln223_26/24 trunc_ln223_27/25 trunc_ln223_28/26 trunc_ln223_29/27 trunc_ln223_30/28 trunc_ln223_5/29 trunc_ln223_10/30 trunc_ln223_17/31 trunc_ln223_24/32 trunc_ln223_31/33 "/>
</bind>
</comp>

<comp id="621" class="1005" name="reg_621">
<pin_list>
<pin id="622" dir="0" index="0" bw="25" slack="1"/>
<pin id="623" dir="1" index="1" bw="25" slack="1"/>
</pin_list>
<bind>
<opset="trunc_ln trunc_ln223_3 trunc_ln223_6 trunc_ln223_s trunc_ln223_12 trunc_ln223_15 trunc_ln223_19 trunc_ln223_22 trunc_ln223_26 trunc_ln223_29 "/>
</bind>
</comp>

<comp id="625" class="1005" name="reg_625">
<pin_list>
<pin id="626" dir="0" index="0" bw="25" slack="1"/>
<pin id="627" dir="1" index="1" bw="25" slack="1"/>
</pin_list>
<bind>
<opset="trunc_ln223_1 trunc_ln223_8 trunc_ln223_13 trunc_ln223_20 trunc_ln223_27 "/>
</bind>
</comp>

<comp id="629" class="1004" name="empty_599_fu_629">
<pin_list>
<pin id="630" dir="0" index="0" bw="32" slack="0"/>
<pin id="631" dir="1" index="1" bw="18" slack="0"/>
</pin_list>
<bind>
<opcode="trunc(33) " fcode="trunc"/>
<opset="empty_599/1 "/>
</bind>
</comp>

<comp id="634" class="1004" name="sext_ln159_fu_634">
<pin_list>
<pin id="635" dir="0" index="0" bw="32" slack="0"/>
<pin id="636" dir="1" index="1" bw="43" slack="0"/>
</pin_list>
<bind>
<opcode="sext(35) " fcode="sext"/>
<opset="sext_ln159/1 "/>
</bind>
</comp>

<comp id="639" class="1004" name="sext_ln159_40_fu_639">
<pin_list>
<pin id="640" dir="0" index="0" bw="32" slack="0"/>
<pin id="641" dir="1" index="1" bw="43" slack="0"/>
</pin_list>
<bind>
<opcode="sext(35) " fcode="sext"/>
<opset="sext_ln159_40/1 "/>
</bind>
</comp>

<comp id="644" class="1004" name="sext_ln159_36_fu_644">
<pin_list>
<pin id="645" dir="0" index="0" bw="32" slack="0"/>
<pin id="646" dir="1" index="1" bw="43" slack="0"/>
</pin_list>
<bind>
<opcode="sext(35) " fcode="sext"/>
<opset="sext_ln159_36/2 "/>
</bind>
</comp>

<comp id="649" class="1004" name="sext_ln159_41_fu_649">
<pin_list>
<pin id="650" dir="0" index="0" bw="32" slack="0"/>
<pin id="651" dir="1" index="1" bw="43" slack="0"/>
</pin_list>
<bind>
<opcode="sext(35) " fcode="sext"/>
<opset="sext_ln159_41/2 "/>
</bind>
</comp>

<comp id="654" class="1004" name="sext_ln159_37_fu_654">
<pin_list>
<pin id="655" dir="0" index="0" bw="32" slack="0"/>
<pin id="656" dir="1" index="1" bw="43" slack="0"/>
</pin_list>
<bind>
<opcode="sext(35) " fcode="sext"/>
<opset="sext_ln159_37/3 "/>
</bind>
</comp>

<comp id="659" class="1004" name="sext_ln159_42_fu_659">
<pin_list>
<pin id="660" dir="0" index="0" bw="32" slack="0"/>
<pin id="661" dir="1" index="1" bw="43" slack="0"/>
</pin_list>
<bind>
<opcode="sext(35) " fcode="sext"/>
<opset="sext_ln159_42/3 "/>
</bind>
</comp>

<comp id="664" class="1004" name="sext_ln159_38_fu_664">
<pin_list>
<pin id="665" dir="0" index="0" bw="32" slack="0"/>
<pin id="666" dir="1" index="1" bw="43" slack="0"/>
</pin_list>
<bind>
<opcode="sext(35) " fcode="sext"/>
<opset="sext_ln159_38/4 "/>
</bind>
</comp>

<comp id="669" class="1004" name="sext_ln159_43_fu_669">
<pin_list>
<pin id="670" dir="0" index="0" bw="32" slack="0"/>
<pin id="671" dir="1" index="1" bw="43" slack="0"/>
</pin_list>
<bind>
<opcode="sext(35) " fcode="sext"/>
<opset="sext_ln159_43/4 "/>
</bind>
</comp>

<comp id="674" class="1004" name="sext_ln159_39_fu_674">
<pin_list>
<pin id="675" dir="0" index="0" bw="32" slack="0"/>
<pin id="676" dir="1" index="1" bw="43" slack="0"/>
</pin_list>
<bind>
<opcode="sext(35) " fcode="sext"/>
<opset="sext_ln159_39/5 "/>
</bind>
</comp>

<comp id="679" class="1004" name="sext_ln159_44_fu_679">
<pin_list>
<pin id="680" dir="0" index="0" bw="32" slack="0"/>
<pin id="681" dir="1" index="1" bw="43" slack="0"/>
</pin_list>
<bind>
<opcode="sext(35) " fcode="sext"/>
<opset="sext_ln159_44/5 "/>
</bind>
</comp>

<comp id="684" class="1004" name="trunc_ln223_fu_684">
<pin_list>
<pin id="685" dir="0" index="0" bw="32" slack="0"/>
<pin id="686" dir="1" index="1" bw="25" slack="0"/>
</pin_list>
<bind>
<opcode="trunc(33) " fcode="trunc"/>
<opset="trunc_ln223/6 "/>
</bind>
</comp>

<comp id="688" class="1004" name="sub_ln223_fu_688">
<pin_list>
<pin id="689" dir="0" index="0" bw="25" slack="0"/>
<pin id="690" dir="0" index="1" bw="25" slack="2"/>
<pin id="691" dir="1" index="2" bw="25" slack="0"/>
</pin_list>
<bind>
<opcode="sub(10) " fcode="sub"/>
<opset="sub_ln223/6 "/>
</bind>
</comp>

<comp id="694" class="1004" name="sub_ln223_1_fu_694">
<pin_list>
<pin id="695" dir="0" index="0" bw="25" slack="0"/>
<pin id="696" dir="0" index="1" bw="25" slack="1"/>
<pin id="697" dir="1" index="2" bw="25" slack="0"/>
</pin_list>
<bind>
<opcode="sub(10) " fcode="sub"/>
<opset="sub_ln223_1/6 "/>
</bind>
</comp>

<comp id="700" class="1004" name="sub_ln223_2_fu_700">
<pin_list>
<pin id="701" dir="0" index="0" bw="25" slack="0"/>
<pin id="702" dir="0" index="1" bw="25" slack="0"/>
<pin id="703" dir="1" index="2" bw="25" slack="2"/>
</pin_list>
<bind>
<opcode="sub(10) " fcode="sub"/>
<opset="sub_ln223_2/6 "/>
</bind>
</comp>

<comp id="706" class="1004" name="sext_ln159_46_fu_706">
<pin_list>
<pin id="707" dir="0" index="0" bw="32" slack="0"/>
<pin id="708" dir="1" index="1" bw="43" slack="0"/>
</pin_list>
<bind>
<opcode="sext(35) " fcode="sext"/>
<opset="sext_ln159_46/6 "/>
</bind>
</comp>

<comp id="711" class="1004" name="sext_ln159_47_fu_711">
<pin_list>
<pin id="712" dir="0" index="0" bw="32" slack="0"/>
<pin id="713" dir="1" index="1" bw="43" slack="0"/>
</pin_list>
<bind>
<opcode="sext(35) " fcode="sext"/>
<opset="sext_ln159_47/7 "/>
</bind>
</comp>

<comp id="716" class="1004" name="sub_ln223_3_fu_716">
<pin_list>
<pin id="717" dir="0" index="0" bw="25" slack="2"/>
<pin id="718" dir="0" index="1" bw="25" slack="1"/>
<pin id="719" dir="1" index="2" bw="25" slack="0"/>
</pin_list>
<bind>
<opcode="sub(10) " fcode="sub"/>
<opset="sub_ln223_3/8 "/>
</bind>
</comp>

<comp id="721" class="1004" name="sub_ln223_4_fu_721">
<pin_list>
<pin id="722" dir="0" index="0" bw="25" slack="0"/>
<pin id="723" dir="0" index="1" bw="25" slack="0"/>
<pin id="724" dir="1" index="2" bw="25" slack="21"/>
</pin_list>
<bind>
<opcode="sub(10) " fcode="sub"/>
<opset="sub_ln223_4/8 "/>
</bind>
</comp>

<comp id="727" class="1004" name="sext_ln159_48_fu_727">
<pin_list>
<pin id="728" dir="0" index="0" bw="32" slack="0"/>
<pin id="729" dir="1" index="1" bw="43" slack="0"/>
</pin_list>
<bind>
<opcode="sext(35) " fcode="sext"/>
<opset="sext_ln159_48/8 "/>
</bind>
</comp>

<comp id="732" class="1004" name="sext_ln159_49_fu_732">
<pin_list>
<pin id="733" dir="0" index="0" bw="32" slack="0"/>
<pin id="734" dir="1" index="1" bw="43" slack="0"/>
</pin_list>
<bind>
<opcode="sext(35) " fcode="sext"/>
<opset="sext_ln159_49/9 "/>
</bind>
</comp>

<comp id="737" class="1004" name="sext_ln159_50_fu_737">
<pin_list>
<pin id="738" dir="0" index="0" bw="32" slack="0"/>
<pin id="739" dir="1" index="1" bw="43" slack="0"/>
</pin_list>
<bind>
<opcode="sext(35) " fcode="sext"/>
<opset="sext_ln159_50/10 "/>
</bind>
</comp>

<comp id="742" class="1004" name="trunc_ln223_11_fu_742">
<pin_list>
<pin id="743" dir="0" index="0" bw="32" slack="0"/>
<pin id="744" dir="1" index="1" bw="25" slack="0"/>
</pin_list>
<bind>
<opcode="trunc(33) " fcode="trunc"/>
<opset="trunc_ln223_11/11 "/>
</bind>
</comp>

<comp id="746" class="1004" name="sub_ln223_7_fu_746">
<pin_list>
<pin id="747" dir="0" index="0" bw="25" slack="0"/>
<pin id="748" dir="0" index="1" bw="25" slack="2"/>
<pin id="749" dir="1" index="2" bw="25" slack="0"/>
</pin_list>
<bind>
<opcode="sub(10) " fcode="sub"/>
<opset="sub_ln223_7/11 "/>
</bind>
</comp>

<comp id="752" class="1004" name="sub_ln223_8_fu_752">
<pin_list>
<pin id="753" dir="0" index="0" bw="25" slack="0"/>
<pin id="754" dir="0" index="1" bw="25" slack="1"/>
<pin id="755" dir="1" index="2" bw="25" slack="0"/>
</pin_list>
<bind>
<opcode="sub(10) " fcode="sub"/>
<opset="sub_ln223_8/11 "/>
</bind>
</comp>

<comp id="758" class="1004" name="sub_ln223_9_fu_758">
<pin_list>
<pin id="759" dir="0" index="0" bw="25" slack="0"/>
<pin id="760" dir="0" index="1" bw="25" slack="0"/>
<pin id="761" dir="1" index="2" bw="25" slack="2"/>
</pin_list>
<bind>
<opcode="sub(10) " fcode="sub"/>
<opset="sub_ln223_9/11 "/>
</bind>
</comp>

<comp id="764" class="1004" name="sext_ln159_52_fu_764">
<pin_list>
<pin id="765" dir="0" index="0" bw="32" slack="0"/>
<pin id="766" dir="1" index="1" bw="43" slack="0"/>
</pin_list>
<bind>
<opcode="sext(35) " fcode="sext"/>
<opset="sext_ln159_52/11 "/>
</bind>
</comp>

<comp id="769" class="1004" name="sext_ln159_53_fu_769">
<pin_list>
<pin id="770" dir="0" index="0" bw="32" slack="0"/>
<pin id="771" dir="1" index="1" bw="43" slack="0"/>
</pin_list>
<bind>
<opcode="sext(35) " fcode="sext"/>
<opset="sext_ln159_53/12 "/>
</bind>
</comp>

<comp id="774" class="1004" name="sub_ln223_10_fu_774">
<pin_list>
<pin id="775" dir="0" index="0" bw="25" slack="2"/>
<pin id="776" dir="0" index="1" bw="25" slack="1"/>
<pin id="777" dir="1" index="2" bw="25" slack="0"/>
</pin_list>
<bind>
<opcode="sub(10) " fcode="sub"/>
<opset="sub_ln223_10/13 "/>
</bind>
</comp>

<comp id="779" class="1004" name="sub_ln223_11_fu_779">
<pin_list>
<pin id="780" dir="0" index="0" bw="25" slack="0"/>
<pin id="781" dir="0" index="1" bw="25" slack="0"/>
<pin id="782" dir="1" index="2" bw="25" slack="17"/>
</pin_list>
<bind>
<opcode="sub(10) " fcode="sub"/>
<opset="sub_ln223_11/13 "/>
</bind>
</comp>

<comp id="785" class="1004" name="sext_ln159_54_fu_785">
<pin_list>
<pin id="786" dir="0" index="0" bw="32" slack="0"/>
<pin id="787" dir="1" index="1" bw="43" slack="0"/>
</pin_list>
<bind>
<opcode="sext(35) " fcode="sext"/>
<opset="sext_ln159_54/13 "/>
</bind>
</comp>

<comp id="790" class="1004" name="sext_ln159_55_fu_790">
<pin_list>
<pin id="791" dir="0" index="0" bw="32" slack="0"/>
<pin id="792" dir="1" index="1" bw="43" slack="0"/>
</pin_list>
<bind>
<opcode="sext(35) " fcode="sext"/>
<opset="sext_ln159_55/14 "/>
</bind>
</comp>

<comp id="795" class="1004" name="sext_ln159_56_fu_795">
<pin_list>
<pin id="796" dir="0" index="0" bw="32" slack="0"/>
<pin id="797" dir="1" index="1" bw="43" slack="0"/>
</pin_list>
<bind>
<opcode="sext(35) " fcode="sext"/>
<opset="sext_ln159_56/15 "/>
</bind>
</comp>

<comp id="800" class="1004" name="trunc_ln223_18_fu_800">
<pin_list>
<pin id="801" dir="0" index="0" bw="32" slack="0"/>
<pin id="802" dir="1" index="1" bw="25" slack="0"/>
</pin_list>
<bind>
<opcode="trunc(33) " fcode="trunc"/>
<opset="trunc_ln223_18/16 "/>
</bind>
</comp>

<comp id="804" class="1004" name="sub_ln223_14_fu_804">
<pin_list>
<pin id="805" dir="0" index="0" bw="25" slack="0"/>
<pin id="806" dir="0" index="1" bw="25" slack="2"/>
<pin id="807" dir="1" index="2" bw="25" slack="0"/>
</pin_list>
<bind>
<opcode="sub(10) " fcode="sub"/>
<opset="sub_ln223_14/16 "/>
</bind>
</comp>

<comp id="810" class="1004" name="sub_ln223_15_fu_810">
<pin_list>
<pin id="811" dir="0" index="0" bw="25" slack="0"/>
<pin id="812" dir="0" index="1" bw="25" slack="1"/>
<pin id="813" dir="1" index="2" bw="25" slack="0"/>
</pin_list>
<bind>
<opcode="sub(10) " fcode="sub"/>
<opset="sub_ln223_15/16 "/>
</bind>
</comp>

<comp id="816" class="1004" name="sub_ln223_16_fu_816">
<pin_list>
<pin id="817" dir="0" index="0" bw="25" slack="0"/>
<pin id="818" dir="0" index="1" bw="25" slack="0"/>
<pin id="819" dir="1" index="2" bw="25" slack="2"/>
</pin_list>
<bind>
<opcode="sub(10) " fcode="sub"/>
<opset="sub_ln223_16/16 "/>
</bind>
</comp>

<comp id="822" class="1004" name="sext_ln159_58_fu_822">
<pin_list>
<pin id="823" dir="0" index="0" bw="32" slack="0"/>
<pin id="824" dir="1" index="1" bw="43" slack="0"/>
</pin_list>
<bind>
<opcode="sext(35) " fcode="sext"/>
<opset="sext_ln159_58/16 "/>
</bind>
</comp>

<comp id="827" class="1004" name="sext_ln159_59_fu_827">
<pin_list>
<pin id="828" dir="0" index="0" bw="32" slack="0"/>
<pin id="829" dir="1" index="1" bw="43" slack="0"/>
</pin_list>
<bind>
<opcode="sext(35) " fcode="sext"/>
<opset="sext_ln159_59/17 "/>
</bind>
</comp>

<comp id="832" class="1004" name="sub_ln223_17_fu_832">
<pin_list>
<pin id="833" dir="0" index="0" bw="25" slack="2"/>
<pin id="834" dir="0" index="1" bw="25" slack="1"/>
<pin id="835" dir="1" index="2" bw="25" slack="0"/>
</pin_list>
<bind>
<opcode="sub(10) " fcode="sub"/>
<opset="sub_ln223_17/18 "/>
</bind>
</comp>

<comp id="837" class="1004" name="sub_ln223_18_fu_837">
<pin_list>
<pin id="838" dir="0" index="0" bw="25" slack="0"/>
<pin id="839" dir="0" index="1" bw="25" slack="0"/>
<pin id="840" dir="1" index="2" bw="25" slack="13"/>
</pin_list>
<bind>
<opcode="sub(10) " fcode="sub"/>
<opset="sub_ln223_18/18 "/>
</bind>
</comp>

<comp id="843" class="1004" name="sext_ln159_60_fu_843">
<pin_list>
<pin id="844" dir="0" index="0" bw="32" slack="0"/>
<pin id="845" dir="1" index="1" bw="43" slack="0"/>
</pin_list>
<bind>
<opcode="sext(35) " fcode="sext"/>
<opset="sext_ln159_60/18 "/>
</bind>
</comp>

<comp id="848" class="1004" name="sext_ln159_61_fu_848">
<pin_list>
<pin id="849" dir="0" index="0" bw="32" slack="0"/>
<pin id="850" dir="1" index="1" bw="43" slack="0"/>
</pin_list>
<bind>
<opcode="sext(35) " fcode="sext"/>
<opset="sext_ln159_61/19 "/>
</bind>
</comp>

<comp id="853" class="1004" name="sext_ln159_62_fu_853">
<pin_list>
<pin id="854" dir="0" index="0" bw="32" slack="0"/>
<pin id="855" dir="1" index="1" bw="43" slack="0"/>
</pin_list>
<bind>
<opcode="sext(35) " fcode="sext"/>
<opset="sext_ln159_62/20 "/>
</bind>
</comp>

<comp id="858" class="1004" name="trunc_ln223_25_fu_858">
<pin_list>
<pin id="859" dir="0" index="0" bw="32" slack="0"/>
<pin id="860" dir="1" index="1" bw="25" slack="0"/>
</pin_list>
<bind>
<opcode="trunc(33) " fcode="trunc"/>
<opset="trunc_ln223_25/21 "/>
</bind>
</comp>

<comp id="862" class="1004" name="sub_ln223_21_fu_862">
<pin_list>
<pin id="863" dir="0" index="0" bw="25" slack="0"/>
<pin id="864" dir="0" index="1" bw="25" slack="2"/>
<pin id="865" dir="1" index="2" bw="25" slack="0"/>
</pin_list>
<bind>
<opcode="sub(10) " fcode="sub"/>
<opset="sub_ln223_21/21 "/>
</bind>
</comp>

<comp id="868" class="1004" name="sub_ln223_22_fu_868">
<pin_list>
<pin id="869" dir="0" index="0" bw="25" slack="0"/>
<pin id="870" dir="0" index="1" bw="25" slack="1"/>
<pin id="871" dir="1" index="2" bw="25" slack="0"/>
</pin_list>
<bind>
<opcode="sub(10) " fcode="sub"/>
<opset="sub_ln223_22/21 "/>
</bind>
</comp>

<comp id="874" class="1004" name="sub_ln223_23_fu_874">
<pin_list>
<pin id="875" dir="0" index="0" bw="25" slack="0"/>
<pin id="876" dir="0" index="1" bw="25" slack="0"/>
<pin id="877" dir="1" index="2" bw="25" slack="2"/>
</pin_list>
<bind>
<opcode="sub(10) " fcode="sub"/>
<opset="sub_ln223_23/21 "/>
</bind>
</comp>

<comp id="880" class="1004" name="sext_ln159_64_fu_880">
<pin_list>
<pin id="881" dir="0" index="0" bw="32" slack="0"/>
<pin id="882" dir="1" index="1" bw="43" slack="0"/>
</pin_list>
<bind>
<opcode="sext(35) " fcode="sext"/>
<opset="sext_ln159_64/21 "/>
</bind>
</comp>

<comp id="885" class="1004" name="sext_ln159_65_fu_885">
<pin_list>
<pin id="886" dir="0" index="0" bw="32" slack="0"/>
<pin id="887" dir="1" index="1" bw="43" slack="0"/>
</pin_list>
<bind>
<opcode="sext(35) " fcode="sext"/>
<opset="sext_ln159_65/22 "/>
</bind>
</comp>

<comp id="890" class="1004" name="sub_ln223_24_fu_890">
<pin_list>
<pin id="891" dir="0" index="0" bw="25" slack="2"/>
<pin id="892" dir="0" index="1" bw="25" slack="1"/>
<pin id="893" dir="1" index="2" bw="25" slack="0"/>
</pin_list>
<bind>
<opcode="sub(10) " fcode="sub"/>
<opset="sub_ln223_24/23 "/>
</bind>
</comp>

<comp id="895" class="1004" name="sub_ln223_25_fu_895">
<pin_list>
<pin id="896" dir="0" index="0" bw="25" slack="0"/>
<pin id="897" dir="0" index="1" bw="25" slack="0"/>
<pin id="898" dir="1" index="2" bw="25" slack="9"/>
</pin_list>
<bind>
<opcode="sub(10) " fcode="sub"/>
<opset="sub_ln223_25/23 "/>
</bind>
</comp>

<comp id="901" class="1004" name="sext_ln159_66_fu_901">
<pin_list>
<pin id="902" dir="0" index="0" bw="32" slack="0"/>
<pin id="903" dir="1" index="1" bw="43" slack="0"/>
</pin_list>
<bind>
<opcode="sext(35) " fcode="sext"/>
<opset="sext_ln159_66/23 "/>
</bind>
</comp>

<comp id="906" class="1004" name="sext_ln159_67_fu_906">
<pin_list>
<pin id="907" dir="0" index="0" bw="32" slack="0"/>
<pin id="908" dir="1" index="1" bw="43" slack="0"/>
</pin_list>
<bind>
<opcode="sext(35) " fcode="sext"/>
<opset="sext_ln159_67/24 "/>
</bind>
</comp>

<comp id="911" class="1004" name="sext_ln159_68_fu_911">
<pin_list>
<pin id="912" dir="0" index="0" bw="32" slack="0"/>
<pin id="913" dir="1" index="1" bw="43" slack="0"/>
</pin_list>
<bind>
<opcode="sext(35) " fcode="sext"/>
<opset="sext_ln159_68/25 "/>
</bind>
</comp>

<comp id="916" class="1004" name="sext_ln523_fu_916">
<pin_list>
<pin id="917" dir="0" index="0" bw="32" slack="0"/>
<pin id="918" dir="1" index="1" bw="43" slack="0"/>
</pin_list>
<bind>
<opcode="sext(35) " fcode="sext"/>
<opset="sext_ln523/26 "/>
</bind>
</comp>

<comp id="921" class="1004" name="sext_ln159_45_fu_921">
<pin_list>
<pin id="922" dir="0" index="0" bw="32" slack="0"/>
<pin id="923" dir="1" index="1" bw="43" slack="0"/>
</pin_list>
<bind>
<opcode="sext(35) " fcode="sext"/>
<opset="sext_ln159_45/26 "/>
</bind>
</comp>

<comp id="926" class="1004" name="trunc_ln223_32_fu_926">
<pin_list>
<pin id="927" dir="0" index="0" bw="32" slack="0"/>
<pin id="928" dir="1" index="1" bw="25" slack="0"/>
</pin_list>
<bind>
<opcode="trunc(33) " fcode="trunc"/>
<opset="trunc_ln223_32/26 "/>
</bind>
</comp>

<comp id="930" class="1004" name="sub_ln223_28_fu_930">
<pin_list>
<pin id="931" dir="0" index="0" bw="25" slack="0"/>
<pin id="932" dir="0" index="1" bw="25" slack="2"/>
<pin id="933" dir="1" index="2" bw="25" slack="0"/>
</pin_list>
<bind>
<opcode="sub(10) " fcode="sub"/>
<opset="sub_ln223_28/26 "/>
</bind>
</comp>

<comp id="936" class="1004" name="sub_ln223_29_fu_936">
<pin_list>
<pin id="937" dir="0" index="0" bw="25" slack="0"/>
<pin id="938" dir="0" index="1" bw="25" slack="1"/>
<pin id="939" dir="1" index="2" bw="25" slack="0"/>
</pin_list>
<bind>
<opcode="sub(10) " fcode="sub"/>
<opset="sub_ln223_29/26 "/>
</bind>
</comp>

<comp id="942" class="1004" name="sub_ln223_30_fu_942">
<pin_list>
<pin id="943" dir="0" index="0" bw="25" slack="0"/>
<pin id="944" dir="0" index="1" bw="25" slack="0"/>
<pin id="945" dir="1" index="2" bw="25" slack="2"/>
</pin_list>
<bind>
<opcode="sub(10) " fcode="sub"/>
<opset="sub_ln223_30/26 "/>
</bind>
</comp>

<comp id="948" class="1004" name="sext_ln159_51_fu_948">
<pin_list>
<pin id="949" dir="0" index="0" bw="32" slack="0"/>
<pin id="950" dir="1" index="1" bw="43" slack="0"/>
</pin_list>
<bind>
<opcode="sext(35) " fcode="sext"/>
<opset="sext_ln159_51/27 "/>
</bind>
</comp>

<comp id="953" class="1004" name="sext_ln159_57_fu_953">
<pin_list>
<pin id="954" dir="0" index="0" bw="32" slack="0"/>
<pin id="955" dir="1" index="1" bw="43" slack="0"/>
</pin_list>
<bind>
<opcode="sext(35) " fcode="sext"/>
<opset="sext_ln159_57/28 "/>
</bind>
</comp>

<comp id="958" class="1004" name="sub_ln223_31_fu_958">
<pin_list>
<pin id="959" dir="0" index="0" bw="25" slack="2"/>
<pin id="960" dir="0" index="1" bw="25" slack="1"/>
<pin id="961" dir="1" index="2" bw="25" slack="0"/>
</pin_list>
<bind>
<opcode="sub(10) " fcode="sub"/>
<opset="sub_ln223_31/28 "/>
</bind>
</comp>

<comp id="963" class="1004" name="sub_ln223_32_fu_963">
<pin_list>
<pin id="964" dir="0" index="0" bw="25" slack="0"/>
<pin id="965" dir="0" index="1" bw="25" slack="0"/>
<pin id="966" dir="1" index="2" bw="25" slack="5"/>
</pin_list>
<bind>
<opcode="sub(10) " fcode="sub"/>
<opset="sub_ln223_32/28 "/>
</bind>
</comp>

<comp id="969" class="1004" name="empty_fu_969">
<pin_list>
<pin id="970" dir="0" index="0" bw="64" slack="0"/>
<pin id="971" dir="1" index="1" bw="5" slack="0"/>
</pin_list>
<bind>
<opcode="trunc(33) " fcode="trunc"/>
<opset="empty/29 "/>
</bind>
</comp>

<comp id="973" class="1004" name="sub_ln223_5_fu_973">
<pin_list>
<pin id="974" dir="0" index="0" bw="25" slack="21"/>
<pin id="975" dir="0" index="1" bw="25" slack="0"/>
<pin id="976" dir="1" index="2" bw="25" slack="0"/>
</pin_list>
<bind>
<opcode="sub(10) " fcode="sub"/>
<opset="sub_ln223_5/29 "/>
</bind>
</comp>

<comp id="978" class="1004" name="acc_fu_978">
<pin_list>
<pin id="979" dir="0" index="0" bw="25" slack="0"/>
<pin id="980" dir="0" index="1" bw="25" slack="25"/>
<pin id="981" dir="1" index="2" bw="25" slack="0"/>
</pin_list>
<bind>
<opcode="sub(10) " fcode="sub"/>
<opset="acc/29 "/>
</bind>
</comp>

<comp id="983" class="1004" name="sext_ln225_fu_983">
<pin_list>
<pin id="984" dir="0" index="0" bw="25" slack="0"/>
<pin id="985" dir="1" index="1" bw="32" slack="0"/>
</pin_list>
<bind>
<opcode="sext(35) " fcode="sext"/>
<opset="sext_ln225/29 "/>
</bind>
</comp>

<comp id="988" class="1004" name="sext_ln159_63_fu_988">
<pin_list>
<pin id="989" dir="0" index="0" bw="32" slack="0"/>
<pin id="990" dir="1" index="1" bw="43" slack="0"/>
</pin_list>
<bind>
<opcode="sext(35) " fcode="sext"/>
<opset="sext_ln159_63/29 "/>
</bind>
</comp>

<comp id="993" class="1004" name="p_shl_fu_993">
<pin_list>
<pin id="994" dir="0" index="0" bw="8" slack="0"/>
<pin id="995" dir="0" index="1" bw="5" slack="0"/>
<pin id="996" dir="0" index="2" bw="1" slack="0"/>
<pin id="997" dir="1" index="3" bw="8" slack="0"/>
</pin_list>
<bind>
<opcode="bitconcatenate(1004) " fcode="bitconcatenate"/>
<opset="p_shl/29 "/>
</bind>
</comp>

<comp id="1001" class="1004" name="trunc_ln241_fu_1001">
<pin_list>
<pin id="1002" dir="0" index="0" bw="64" slack="0"/>
<pin id="1003" dir="1" index="1" bw="7" slack="0"/>
</pin_list>
<bind>
<opcode="trunc(33) " fcode="trunc"/>
<opset="trunc_ln241/29 "/>
</bind>
</comp>

<comp id="1005" class="1004" name="p_shl1_fu_1005">
<pin_list>
<pin id="1006" dir="0" index="0" bw="8" slack="0"/>
<pin id="1007" dir="0" index="1" bw="7" slack="0"/>
<pin id="1008" dir="0" index="2" bw="1" slack="0"/>
<pin id="1009" dir="1" index="3" bw="8" slack="0"/>
</pin_list>
<bind>
<opcode="bitconcatenate(1004) " fcode="bitconcatenate"/>
<opset="p_shl1/29 "/>
</bind>
</comp>

<comp id="1013" class="1004" name="sub_ln241_fu_1013">
<pin_list>
<pin id="1014" dir="0" index="0" bw="8" slack="0"/>
<pin id="1015" dir="0" index="1" bw="8" slack="0"/>
<pin id="1016" dir="1" index="2" bw="8" slack="0"/>
</pin_list>
<bind>
<opcode="sub(10) " fcode="sub"/>
<opset="sub_ln241/29 "/>
</bind>
</comp>

<comp id="1019" class="1004" name="zext_ln241_fu_1019">
<pin_list>
<pin id="1020" dir="0" index="0" bw="8" slack="0"/>
<pin id="1021" dir="1" index="1" bw="64" slack="0"/>
</pin_list>
<bind>
<opcode="zext(34) " fcode="zext"/>
<opset="zext_ln241/29 "/>
</bind>
</comp>

<comp id="1024" class="1004" name="trunc_ln241_1_fu_1024">
<pin_list>
<pin id="1025" dir="0" index="0" bw="8" slack="0"/>
<pin id="1026" dir="1" index="1" bw="7" slack="2"/>
</pin_list>
<bind>
<opcode="trunc(33) " fcode="trunc"/>
<opset="trunc_ln241_1/29 "/>
</bind>
</comp>

<comp id="1028" class="1004" name="tmp_cast_fu_1028">
<pin_list>
<pin id="1029" dir="0" index="0" bw="6" slack="0"/>
<pin id="1030" dir="0" index="1" bw="8" slack="0"/>
<pin id="1031" dir="0" index="2" bw="1" slack="0"/>
<pin id="1032" dir="0" index="3" bw="4" slack="0"/>
<pin id="1033" dir="1" index="4" bw="6" slack="1"/>
</pin_list>
<bind>
<opcode="partselect(1002) " fcode="partselect"/>
<opset="tmp_cast/29 "/>
</bind>
</comp>

<comp id="1038" class="1004" name="sub_ln223_12_fu_1038">
<pin_list>
<pin id="1039" dir="0" index="0" bw="25" slack="17"/>
<pin id="1040" dir="0" index="1" bw="25" slack="0"/>
<pin id="1041" dir="1" index="2" bw="25" slack="0"/>
</pin_list>
<bind>
<opcode="sub(10) " fcode="sub"/>
<opset="sub_ln223_12/30 "/>
</bind>
</comp>

<comp id="1043" class="1004" name="acc_1_fu_1043">
<pin_list>
<pin id="1044" dir="0" index="0" bw="25" slack="0"/>
<pin id="1045" dir="0" index="1" bw="25" slack="22"/>
<pin id="1046" dir="1" index="2" bw="25" slack="0"/>
</pin_list>
<bind>
<opcode="sub(10) " fcode="sub"/>
<opset="acc_1/30 "/>
</bind>
</comp>

<comp id="1048" class="1004" name="sext_ln225_1_fu_1048">
<pin_list>
<pin id="1049" dir="0" index="0" bw="25" slack="0"/>
<pin id="1050" dir="1" index="1" bw="32" slack="0"/>
</pin_list>
<bind>
<opcode="sext(35) " fcode="sext"/>
<opset="sext_ln225_1/30 "/>
</bind>
</comp>

<comp id="1053" class="1004" name="sext_ln159_69_fu_1053">
<pin_list>
<pin id="1054" dir="0" index="0" bw="32" slack="0"/>
<pin id="1055" dir="1" index="1" bw="43" slack="0"/>
</pin_list>
<bind>
<opcode="sext(35) " fcode="sext"/>
<opset="sext_ln159_69/30 "/>
</bind>
</comp>

<comp id="1058" class="1004" name="tmp_s_fu_1058">
<pin_list>
<pin id="1059" dir="0" index="0" bw="7" slack="0"/>
<pin id="1060" dir="0" index="1" bw="6" slack="1"/>
<pin id="1061" dir="0" index="2" bw="1" slack="0"/>
<pin id="1062" dir="1" index="3" bw="7" slack="0"/>
</pin_list>
<bind>
<opcode="bitconcatenate(1004) " fcode="bitconcatenate"/>
<opset="tmp_s/30 "/>
</bind>
</comp>

<comp id="1065" class="1004" name="zext_ln241_1_fu_1065">
<pin_list>
<pin id="1066" dir="0" index="0" bw="7" slack="0"/>
<pin id="1067" dir="1" index="1" bw="64" slack="0"/>
</pin_list>
<bind>
<opcode="zext(34) " fcode="zext"/>
<opset="zext_ln241_1/30 "/>
</bind>
</comp>

<comp id="1070" class="1004" name="sub_ln223_19_fu_1070">
<pin_list>
<pin id="1071" dir="0" index="0" bw="25" slack="13"/>
<pin id="1072" dir="0" index="1" bw="25" slack="0"/>
<pin id="1073" dir="1" index="2" bw="25" slack="0"/>
</pin_list>
<bind>
<opcode="sub(10) " fcode="sub"/>
<opset="sub_ln223_19/31 "/>
</bind>
</comp>

<comp id="1075" class="1004" name="acc_2_fu_1075">
<pin_list>
<pin id="1076" dir="0" index="0" bw="25" slack="0"/>
<pin id="1077" dir="0" index="1" bw="25" slack="19"/>
<pin id="1078" dir="1" index="2" bw="25" slack="0"/>
</pin_list>
<bind>
<opcode="sub(10) " fcode="sub"/>
<opset="acc_2/31 "/>
</bind>
</comp>

<comp id="1080" class="1004" name="sext_ln225_2_fu_1080">
<pin_list>
<pin id="1081" dir="0" index="0" bw="25" slack="0"/>
<pin id="1082" dir="1" index="1" bw="32" slack="0"/>
</pin_list>
<bind>
<opcode="sext(35) " fcode="sext"/>
<opset="sext_ln225_2/31 "/>
</bind>
</comp>

<comp id="1085" class="1004" name="sext_ln159_70_fu_1085">
<pin_list>
<pin id="1086" dir="0" index="0" bw="32" slack="0"/>
<pin id="1087" dir="1" index="1" bw="46" slack="0"/>
</pin_list>
<bind>
<opcode="sext(35) " fcode="sext"/>
<opset="sext_ln159_70/31 "/>
</bind>
</comp>

<comp id="1090" class="1004" name="add_ln241_fu_1090">
<pin_list>
<pin id="1091" dir="0" index="0" bw="7" slack="2"/>
<pin id="1092" dir="0" index="1" bw="3" slack="0"/>
<pin id="1093" dir="1" index="2" bw="7" slack="0"/>
</pin_list>
<bind>
<opcode="add(8) " fcode="add"/>
<opset="add_ln241/31 "/>
</bind>
</comp>

<comp id="1095" class="1004" name="zext_ln241_2_fu_1095">
<pin_list>
<pin id="1096" dir="0" index="0" bw="7" slack="0"/>
<pin id="1097" dir="1" index="1" bw="64" slack="0"/>
</pin_list>
<bind>
<opcode="zext(34) " fcode="zext"/>
<opset="zext_ln241_2/31 "/>
</bind>
</comp>

<comp id="1100" class="1004" name="sub_ln223_26_fu_1100">
<pin_list>
<pin id="1101" dir="0" index="0" bw="25" slack="9"/>
<pin id="1102" dir="0" index="1" bw="25" slack="0"/>
<pin id="1103" dir="1" index="2" bw="25" slack="0"/>
</pin_list>
<bind>
<opcode="sub(10) " fcode="sub"/>
<opset="sub_ln223_26/32 "/>
</bind>
</comp>

<comp id="1105" class="1004" name="acc_3_fu_1105">
<pin_list>
<pin id="1106" dir="0" index="0" bw="25" slack="0"/>
<pin id="1107" dir="0" index="1" bw="25" slack="16"/>
<pin id="1108" dir="1" index="2" bw="25" slack="0"/>
</pin_list>
<bind>
<opcode="sub(10) " fcode="sub"/>
<opset="acc_3/32 "/>
</bind>
</comp>

<comp id="1110" class="1004" name="sext_ln225_3_fu_1110">
<pin_list>
<pin id="1111" dir="0" index="0" bw="25" slack="0"/>
<pin id="1112" dir="1" index="1" bw="32" slack="0"/>
</pin_list>
<bind>
<opcode="sext(35) " fcode="sext"/>
<opset="sext_ln225_3/32 "/>
</bind>
</comp>

<comp id="1115" class="1004" name="add_ln241_1_fu_1115">
<pin_list>
<pin id="1116" dir="0" index="0" bw="7" slack="3"/>
<pin id="1117" dir="0" index="1" bw="3" slack="0"/>
<pin id="1118" dir="1" index="2" bw="7" slack="0"/>
</pin_list>
<bind>
<opcode="add(8) " fcode="add"/>
<opset="add_ln241_1/32 "/>
</bind>
</comp>

<comp id="1120" class="1004" name="zext_ln241_3_fu_1120">
<pin_list>
<pin id="1121" dir="0" index="0" bw="7" slack="0"/>
<pin id="1122" dir="1" index="1" bw="64" slack="0"/>
</pin_list>
<bind>
<opcode="zext(34) " fcode="zext"/>
<opset="zext_ln241_3/32 "/>
</bind>
</comp>

<comp id="1125" class="1004" name="sub_ln223_33_fu_1125">
<pin_list>
<pin id="1126" dir="0" index="0" bw="25" slack="5"/>
<pin id="1127" dir="0" index="1" bw="25" slack="0"/>
<pin id="1128" dir="1" index="2" bw="25" slack="0"/>
</pin_list>
<bind>
<opcode="sub(10) " fcode="sub"/>
<opset="sub_ln223_33/33 "/>
</bind>
</comp>

<comp id="1130" class="1004" name="acc_4_fu_1130">
<pin_list>
<pin id="1131" dir="0" index="0" bw="25" slack="0"/>
<pin id="1132" dir="0" index="1" bw="25" slack="13"/>
<pin id="1133" dir="1" index="2" bw="25" slack="0"/>
</pin_list>
<bind>
<opcode="sub(10) " fcode="sub"/>
<opset="acc_4/33 "/>
</bind>
</comp>

<comp id="1135" class="1004" name="sext_ln225_4_fu_1135">
<pin_list>
<pin id="1136" dir="0" index="0" bw="25" slack="0"/>
<pin id="1137" dir="1" index="1" bw="32" slack="0"/>
</pin_list>
<bind>
<opcode="sext(35) " fcode="sext"/>
<opset="sext_ln225_4/33 "/>
</bind>
</comp>

<comp id="1140" class="1004" name="add_ln241_2_fu_1140">
<pin_list>
<pin id="1141" dir="0" index="0" bw="7" slack="4"/>
<pin id="1142" dir="0" index="1" bw="4" slack="0"/>
<pin id="1143" dir="1" index="2" bw="7" slack="0"/>
</pin_list>
<bind>
<opcode="add(8) " fcode="add"/>
<opset="add_ln241_2/33 "/>
</bind>
</comp>

<comp id="1145" class="1004" name="zext_ln241_4_fu_1145">
<pin_list>
<pin id="1146" dir="0" index="0" bw="7" slack="0"/>
<pin id="1147" dir="1" index="1" bw="64" slack="0"/>
</pin_list>
<bind>
<opcode="zext(34) " fcode="zext"/>
<opset="zext_ln241_4/33 "/>
</bind>
</comp>

<comp id="1150" class="1004" name="trunc_ln231_fu_1150">
<pin_list>
<pin id="1151" dir="0" index="0" bw="32" slack="0"/>
<pin id="1152" dir="1" index="1" bw="25" slack="0"/>
</pin_list>
<bind>
<opcode="trunc(33) " fcode="trunc"/>
<opset="trunc_ln231/34 "/>
</bind>
</comp>

<comp id="1154" class="1004" name="trunc_ln232_fu_1154">
<pin_list>
<pin id="1155" dir="0" index="0" bw="32" slack="0"/>
<pin id="1156" dir="1" index="1" bw="25" slack="0"/>
</pin_list>
<bind>
<opcode="trunc(33) " fcode="trunc"/>
<opset="trunc_ln232/34 "/>
</bind>
</comp>

<comp id="1158" class="1004" name="trunc_ln6_fu_1158">
<pin_list>
<pin id="1159" dir="0" index="0" bw="25" slack="0"/>
<pin id="1160" dir="0" index="1" bw="46" slack="0"/>
<pin id="1161" dir="0" index="2" bw="6" slack="0"/>
<pin id="1162" dir="0" index="3" bw="7" slack="0"/>
<pin id="1163" dir="1" index="4" bw="25" slack="0"/>
</pin_list>
<bind>
<opcode="partselect(1002) " fcode="partselect"/>
<opset="trunc_ln6/34 "/>
</bind>
</comp>

<comp id="1168" class="1004" name="add_ln231_fu_1168">
<pin_list>
<pin id="1169" dir="0" index="0" bw="25" slack="0"/>
<pin id="1170" dir="0" index="1" bw="25" slack="0"/>
<pin id="1171" dir="1" index="2" bw="25" slack="0"/>
</pin_list>
<bind>
<opcode="add(8) " fcode="add"/>
<opset="add_ln231/34 "/>
</bind>
</comp>

<comp id="1174" class="1004" name="acc_delta_act_fu_1174">
<pin_list>
<pin id="1175" dir="0" index="0" bw="25" slack="0"/>
<pin id="1176" dir="0" index="1" bw="25" slack="0"/>
<pin id="1177" dir="1" index="2" bw="25" slack="0"/>
</pin_list>
<bind>
<opcode="sub(10) " fcode="sub"/>
<opset="acc_delta_act/34 "/>
</bind>
</comp>

<comp id="1180" class="1004" name="sext_ln237_fu_1180">
<pin_list>
<pin id="1181" dir="0" index="0" bw="25" slack="0"/>
<pin id="1182" dir="1" index="1" bw="32" slack="0"/>
</pin_list>
<bind>
<opcode="sext(35) " fcode="sext"/>
<opset="sext_ln237/34 "/>
</bind>
</comp>

<comp id="1185" class="1004" name="add_ln241_3_fu_1185">
<pin_list>
<pin id="1186" dir="0" index="0" bw="7" slack="5"/>
<pin id="1187" dir="0" index="1" bw="4" slack="0"/>
<pin id="1188" dir="1" index="2" bw="7" slack="0"/>
</pin_list>
<bind>
<opcode="add(8) " fcode="add"/>
<opset="add_ln241_3/34 "/>
</bind>
</comp>

<comp id="1190" class="1004" name="zext_ln241_5_fu_1190">
<pin_list>
<pin id="1191" dir="0" index="0" bw="7" slack="0"/>
<pin id="1192" dir="1" index="1" bw="64" slack="0"/>
</pin_list>
<bind>
<opcode="zext(34) " fcode="zext"/>
<opset="zext_ln241_5/34 "/>
</bind>
</comp>

<comp id="1195" class="1005" name="empty_599_reg_1195">
<pin_list>
<pin id="1196" dir="0" index="0" bw="18" slack="1"/>
<pin id="1197" dir="1" index="1" bw="18" slack="1"/>
</pin_list>
<bind>
<opset="empty_599 "/>
</bind>
</comp>

<comp id="1200" class="1005" name="sext_ln159_reg_1200">
<pin_list>
<pin id="1201" dir="0" index="0" bw="43" slack="1"/>
<pin id="1202" dir="1" index="1" bw="43" slack="1"/>
</pin_list>
<bind>
<opset="sext_ln159 "/>
</bind>
</comp>

<comp id="1205" class="1005" name="sext_ln159_40_reg_1205">
<pin_list>
<pin id="1206" dir="0" index="0" bw="43" slack="1"/>
<pin id="1207" dir="1" index="1" bw="43" slack="1"/>
</pin_list>
<bind>
<opset="sext_ln159_40 "/>
</bind>
</comp>

<comp id="1210" class="1005" name="sext_ln159_36_reg_1210">
<pin_list>
<pin id="1211" dir="0" index="0" bw="43" slack="1"/>
<pin id="1212" dir="1" index="1" bw="43" slack="1"/>
</pin_list>
<bind>
<opset="sext_ln159_36 "/>
</bind>
</comp>

<comp id="1215" class="1005" name="sext_ln159_41_reg_1215">
<pin_list>
<pin id="1216" dir="0" index="0" bw="43" slack="1"/>
<pin id="1217" dir="1" index="1" bw="43" slack="1"/>
</pin_list>
<bind>
<opset="sext_ln159_41 "/>
</bind>
</comp>

<comp id="1220" class="1005" name="sext_ln159_37_reg_1220">
<pin_list>
<pin id="1221" dir="0" index="0" bw="43" slack="1"/>
<pin id="1222" dir="1" index="1" bw="43" slack="1"/>
</pin_list>
<bind>
<opset="sext_ln159_37 "/>
</bind>
</comp>

<comp id="1225" class="1005" name="sext_ln159_42_reg_1225">
<pin_list>
<pin id="1226" dir="0" index="0" bw="43" slack="1"/>
<pin id="1227" dir="1" index="1" bw="43" slack="1"/>
</pin_list>
<bind>
<opset="sext_ln159_42 "/>
</bind>
</comp>

<comp id="1230" class="1005" name="sext_ln159_38_reg_1230">
<pin_list>
<pin id="1231" dir="0" index="0" bw="43" slack="1"/>
<pin id="1232" dir="1" index="1" bw="43" slack="1"/>
</pin_list>
<bind>
<opset="sext_ln159_38 "/>
</bind>
</comp>

<comp id="1235" class="1005" name="sext_ln159_43_reg_1235">
<pin_list>
<pin id="1236" dir="0" index="0" bw="43" slack="1"/>
<pin id="1237" dir="1" index="1" bw="43" slack="1"/>
</pin_list>
<bind>
<opset="sext_ln159_43 "/>
</bind>
</comp>

<comp id="1240" class="1005" name="b0_reg_1240">
<pin_list>
<pin id="1241" dir="0" index="0" bw="25" slack="25"/>
<pin id="1242" dir="1" index="1" bw="25" slack="25"/>
</pin_list>
<bind>
<opset="b0 "/>
</bind>
</comp>

<comp id="1245" class="1005" name="sext_ln159_39_reg_1245">
<pin_list>
<pin id="1246" dir="0" index="0" bw="43" slack="1"/>
<pin id="1247" dir="1" index="1" bw="43" slack="1"/>
</pin_list>
<bind>
<opset="sext_ln159_39 "/>
</bind>
</comp>

<comp id="1250" class="1005" name="sext_ln159_44_reg_1250">
<pin_list>
<pin id="1251" dir="0" index="0" bw="43" slack="1"/>
<pin id="1252" dir="1" index="1" bw="43" slack="1"/>
</pin_list>
<bind>
<opset="sext_ln159_44 "/>
</bind>
</comp>

<comp id="1255" class="1005" name="sub_ln223_2_reg_1255">
<pin_list>
<pin id="1256" dir="0" index="0" bw="25" slack="2"/>
<pin id="1257" dir="1" index="1" bw="25" slack="2"/>
</pin_list>
<bind>
<opset="sub_ln223_2 "/>
</bind>
</comp>

<comp id="1260" class="1005" name="sext_ln159_46_reg_1260">
<pin_list>
<pin id="1261" dir="0" index="0" bw="43" slack="1"/>
<pin id="1262" dir="1" index="1" bw="43" slack="1"/>
</pin_list>
<bind>
<opset="sext_ln159_46 "/>
</bind>
</comp>

<comp id="1265" class="1005" name="sext_ln159_47_reg_1265">
<pin_list>
<pin id="1266" dir="0" index="0" bw="43" slack="1"/>
<pin id="1267" dir="1" index="1" bw="43" slack="1"/>
</pin_list>
<bind>
<opset="sext_ln159_47 "/>
</bind>
</comp>

<comp id="1270" class="1005" name="sub_ln223_4_reg_1270">
<pin_list>
<pin id="1271" dir="0" index="0" bw="25" slack="21"/>
<pin id="1272" dir="1" index="1" bw="25" slack="21"/>
</pin_list>
<bind>
<opset="sub_ln223_4 "/>
</bind>
</comp>

<comp id="1275" class="1005" name="sext_ln159_48_reg_1275">
<pin_list>
<pin id="1276" dir="0" index="0" bw="43" slack="1"/>
<pin id="1277" dir="1" index="1" bw="43" slack="1"/>
</pin_list>
<bind>
<opset="sext_ln159_48 "/>
</bind>
</comp>

<comp id="1280" class="1005" name="b0_1_reg_1280">
<pin_list>
<pin id="1281" dir="0" index="0" bw="25" slack="22"/>
<pin id="1282" dir="1" index="1" bw="25" slack="22"/>
</pin_list>
<bind>
<opset="b0_1 "/>
</bind>
</comp>

<comp id="1285" class="1005" name="sext_ln159_49_reg_1285">
<pin_list>
<pin id="1286" dir="0" index="0" bw="43" slack="1"/>
<pin id="1287" dir="1" index="1" bw="43" slack="1"/>
</pin_list>
<bind>
<opset="sext_ln159_49 "/>
</bind>
</comp>

<comp id="1290" class="1005" name="sext_ln159_50_reg_1290">
<pin_list>
<pin id="1291" dir="0" index="0" bw="43" slack="1"/>
<pin id="1292" dir="1" index="1" bw="43" slack="1"/>
</pin_list>
<bind>
<opset="sext_ln159_50 "/>
</bind>
</comp>

<comp id="1295" class="1005" name="sub_ln223_9_reg_1295">
<pin_list>
<pin id="1296" dir="0" index="0" bw="25" slack="2"/>
<pin id="1297" dir="1" index="1" bw="25" slack="2"/>
</pin_list>
<bind>
<opset="sub_ln223_9 "/>
</bind>
</comp>

<comp id="1300" class="1005" name="sext_ln159_52_reg_1300">
<pin_list>
<pin id="1301" dir="0" index="0" bw="43" slack="1"/>
<pin id="1302" dir="1" index="1" bw="43" slack="1"/>
</pin_list>
<bind>
<opset="sext_ln159_52 "/>
</bind>
</comp>

<comp id="1305" class="1005" name="sext_ln159_53_reg_1305">
<pin_list>
<pin id="1306" dir="0" index="0" bw="43" slack="1"/>
<pin id="1307" dir="1" index="1" bw="43" slack="1"/>
</pin_list>
<bind>
<opset="sext_ln159_53 "/>
</bind>
</comp>

<comp id="1310" class="1005" name="b0_2_reg_1310">
<pin_list>
<pin id="1311" dir="0" index="0" bw="25" slack="19"/>
<pin id="1312" dir="1" index="1" bw="25" slack="19"/>
</pin_list>
<bind>
<opset="b0_2 "/>
</bind>
</comp>

<comp id="1315" class="1005" name="sub_ln223_11_reg_1315">
<pin_list>
<pin id="1316" dir="0" index="0" bw="25" slack="17"/>
<pin id="1317" dir="1" index="1" bw="25" slack="17"/>
</pin_list>
<bind>
<opset="sub_ln223_11 "/>
</bind>
</comp>

<comp id="1320" class="1005" name="sext_ln159_54_reg_1320">
<pin_list>
<pin id="1321" dir="0" index="0" bw="43" slack="1"/>
<pin id="1322" dir="1" index="1" bw="43" slack="1"/>
</pin_list>
<bind>
<opset="sext_ln159_54 "/>
</bind>
</comp>

<comp id="1325" class="1005" name="sext_ln159_55_reg_1325">
<pin_list>
<pin id="1326" dir="0" index="0" bw="43" slack="1"/>
<pin id="1327" dir="1" index="1" bw="43" slack="1"/>
</pin_list>
<bind>
<opset="sext_ln159_55 "/>
</bind>
</comp>

<comp id="1330" class="1005" name="sext_ln159_56_reg_1330">
<pin_list>
<pin id="1331" dir="0" index="0" bw="43" slack="1"/>
<pin id="1332" dir="1" index="1" bw="43" slack="1"/>
</pin_list>
<bind>
<opset="sext_ln159_56 "/>
</bind>
</comp>

<comp id="1335" class="1005" name="sub_ln223_16_reg_1335">
<pin_list>
<pin id="1336" dir="0" index="0" bw="25" slack="2"/>
<pin id="1337" dir="1" index="1" bw="25" slack="2"/>
</pin_list>
<bind>
<opset="sub_ln223_16 "/>
</bind>
</comp>

<comp id="1340" class="1005" name="sext_ln159_58_reg_1340">
<pin_list>
<pin id="1341" dir="0" index="0" bw="43" slack="1"/>
<pin id="1342" dir="1" index="1" bw="43" slack="1"/>
</pin_list>
<bind>
<opset="sext_ln159_58 "/>
</bind>
</comp>

<comp id="1345" class="1005" name="b0_3_reg_1345">
<pin_list>
<pin id="1346" dir="0" index="0" bw="25" slack="16"/>
<pin id="1347" dir="1" index="1" bw="25" slack="16"/>
</pin_list>
<bind>
<opset="b0_3 "/>
</bind>
</comp>

<comp id="1350" class="1005" name="sext_ln159_59_reg_1350">
<pin_list>
<pin id="1351" dir="0" index="0" bw="43" slack="1"/>
<pin id="1352" dir="1" index="1" bw="43" slack="1"/>
</pin_list>
<bind>
<opset="sext_ln159_59 "/>
</bind>
</comp>

<comp id="1355" class="1005" name="sub_ln223_18_reg_1355">
<pin_list>
<pin id="1356" dir="0" index="0" bw="25" slack="13"/>
<pin id="1357" dir="1" index="1" bw="25" slack="13"/>
</pin_list>
<bind>
<opset="sub_ln223_18 "/>
</bind>
</comp>

<comp id="1360" class="1005" name="sext_ln159_60_reg_1360">
<pin_list>
<pin id="1361" dir="0" index="0" bw="43" slack="1"/>
<pin id="1362" dir="1" index="1" bw="43" slack="1"/>
</pin_list>
<bind>
<opset="sext_ln159_60 "/>
</bind>
</comp>

<comp id="1365" class="1005" name="sext_ln159_61_reg_1365">
<pin_list>
<pin id="1366" dir="0" index="0" bw="43" slack="1"/>
<pin id="1367" dir="1" index="1" bw="43" slack="1"/>
</pin_list>
<bind>
<opset="sext_ln159_61 "/>
</bind>
</comp>

<comp id="1370" class="1005" name="sext_ln159_62_reg_1370">
<pin_list>
<pin id="1371" dir="0" index="0" bw="43" slack="1"/>
<pin id="1372" dir="1" index="1" bw="43" slack="1"/>
</pin_list>
<bind>
<opset="sext_ln159_62 "/>
</bind>
</comp>

<comp id="1375" class="1005" name="b0_4_reg_1375">
<pin_list>
<pin id="1376" dir="0" index="0" bw="25" slack="13"/>
<pin id="1377" dir="1" index="1" bw="25" slack="13"/>
</pin_list>
<bind>
<opset="b0_4 "/>
</bind>
</comp>

<comp id="1380" class="1005" name="sub_ln223_23_reg_1380">
<pin_list>
<pin id="1381" dir="0" index="0" bw="25" slack="2"/>
<pin id="1382" dir="1" index="1" bw="25" slack="2"/>
</pin_list>
<bind>
<opset="sub_ln223_23 "/>
</bind>
</comp>

<comp id="1385" class="1005" name="sext_ln159_64_reg_1385">
<pin_list>
<pin id="1386" dir="0" index="0" bw="43" slack="1"/>
<pin id="1387" dir="1" index="1" bw="43" slack="1"/>
</pin_list>
<bind>
<opset="sext_ln159_64 "/>
</bind>
</comp>

<comp id="1390" class="1005" name="sext_ln159_65_reg_1390">
<pin_list>
<pin id="1391" dir="0" index="0" bw="43" slack="1"/>
<pin id="1392" dir="1" index="1" bw="43" slack="1"/>
</pin_list>
<bind>
<opset="sext_ln159_65 "/>
</bind>
</comp>

<comp id="1395" class="1005" name="sub_ln223_25_reg_1395">
<pin_list>
<pin id="1396" dir="0" index="0" bw="25" slack="9"/>
<pin id="1397" dir="1" index="1" bw="25" slack="9"/>
</pin_list>
<bind>
<opset="sub_ln223_25 "/>
</bind>
</comp>

<comp id="1400" class="1005" name="sext_ln159_66_reg_1400">
<pin_list>
<pin id="1401" dir="0" index="0" bw="43" slack="1"/>
<pin id="1402" dir="1" index="1" bw="43" slack="1"/>
</pin_list>
<bind>
<opset="sext_ln159_66 "/>
</bind>
</comp>

<comp id="1405" class="1005" name="sext_ln159_67_reg_1405">
<pin_list>
<pin id="1406" dir="0" index="0" bw="43" slack="1"/>
<pin id="1407" dir="1" index="1" bw="43" slack="1"/>
</pin_list>
<bind>
<opset="sext_ln159_67 "/>
</bind>
</comp>

<comp id="1410" class="1005" name="sext_ln159_68_reg_1410">
<pin_list>
<pin id="1411" dir="0" index="0" bw="43" slack="1"/>
<pin id="1412" dir="1" index="1" bw="43" slack="1"/>
</pin_list>
<bind>
<opset="sext_ln159_68 "/>
</bind>
</comp>

<comp id="1415" class="1005" name="sext_ln523_reg_1415">
<pin_list>
<pin id="1416" dir="0" index="0" bw="43" slack="1"/>
<pin id="1417" dir="1" index="1" bw="43" slack="1"/>
</pin_list>
<bind>
<opset="sext_ln523 "/>
</bind>
</comp>

<comp id="1420" class="1005" name="sext_ln159_45_reg_1420">
<pin_list>
<pin id="1421" dir="0" index="0" bw="43" slack="1"/>
<pin id="1422" dir="1" index="1" bw="43" slack="1"/>
</pin_list>
<bind>
<opset="sext_ln159_45 "/>
</bind>
</comp>

<comp id="1425" class="1005" name="sub_ln223_30_reg_1425">
<pin_list>
<pin id="1426" dir="0" index="0" bw="25" slack="2"/>
<pin id="1427" dir="1" index="1" bw="25" slack="2"/>
</pin_list>
<bind>
<opset="sub_ln223_30 "/>
</bind>
</comp>

<comp id="1430" class="1005" name="sext_ln159_51_reg_1430">
<pin_list>
<pin id="1431" dir="0" index="0" bw="43" slack="1"/>
<pin id="1432" dir="1" index="1" bw="43" slack="1"/>
</pin_list>
<bind>
<opset="sext_ln159_51 "/>
</bind>
</comp>

<comp id="1435" class="1005" name="sext_ln159_57_reg_1435">
<pin_list>
<pin id="1436" dir="0" index="0" bw="43" slack="1"/>
<pin id="1437" dir="1" index="1" bw="43" slack="1"/>
</pin_list>
<bind>
<opset="sext_ln159_57 "/>
</bind>
</comp>

<comp id="1440" class="1005" name="sub_ln223_32_reg_1440">
<pin_list>
<pin id="1441" dir="0" index="0" bw="25" slack="5"/>
<pin id="1442" dir="1" index="1" bw="25" slack="5"/>
</pin_list>
<bind>
<opset="sub_ln223_32 "/>
</bind>
</comp>

<comp id="1445" class="1005" name="sext_ln159_63_reg_1445">
<pin_list>
<pin id="1446" dir="0" index="0" bw="43" slack="1"/>
<pin id="1447" dir="1" index="1" bw="43" slack="1"/>
</pin_list>
<bind>
<opset="sext_ln159_63 "/>
</bind>
</comp>

<comp id="1450" class="1005" name="trunc_ln241_1_reg_1450">
<pin_list>
<pin id="1451" dir="0" index="0" bw="7" slack="2"/>
<pin id="1452" dir="1" index="1" bw="7" slack="2"/>
</pin_list>
<bind>
<opset="trunc_ln241_1 "/>
</bind>
</comp>

<comp id="1458" class="1005" name="tmp_cast_reg_1458">
<pin_list>
<pin id="1459" dir="0" index="0" bw="6" slack="1"/>
<pin id="1460" dir="1" index="1" bw="6" slack="1"/>
</pin_list>
<bind>
<opset="tmp_cast "/>
</bind>
</comp>

<comp id="1463" class="1005" name="sext_ln159_69_reg_1463">
<pin_list>
<pin id="1464" dir="0" index="0" bw="43" slack="1"/>
<pin id="1465" dir="1" index="1" bw="43" slack="1"/>
</pin_list>
<bind>
<opset="sext_ln159_69 "/>
</bind>
</comp>

<comp id="1468" class="1005" name="sext_ln159_70_reg_1468">
<pin_list>
<pin id="1469" dir="0" index="0" bw="46" slack="1"/>
<pin id="1470" dir="1" index="1" bw="46" slack="1"/>
</pin_list>
<bind>
<opset="sext_ln159_70 "/>
</bind>
</comp>

</comp_list>

<net_list>
<net id="232"><net_src comp="104" pin="0"/><net_sink comp="228" pin=0"/></net>

<net id="233"><net_src comp="86" pin="0"/><net_sink comp="228" pin=1"/></net>

<net id="238"><net_src comp="104" pin="0"/><net_sink comp="234" pin=0"/></net>

<net id="239"><net_src comp="70" pin="0"/><net_sink comp="234" pin=1"/></net>

<net id="244"><net_src comp="104" pin="0"/><net_sink comp="240" pin=0"/></net>

<net id="245"><net_src comp="50" pin="0"/><net_sink comp="240" pin=1"/></net>

<net id="250"><net_src comp="104" pin="0"/><net_sink comp="246" pin=0"/></net>

<net id="251"><net_src comp="0" pin="0"/><net_sink comp="246" pin=1"/></net>

<net id="256"><net_src comp="104" pin="0"/><net_sink comp="252" pin=0"/></net>

<net id="257"><net_src comp="72" pin="0"/><net_sink comp="252" pin=1"/></net>

<net id="262"><net_src comp="104" pin="0"/><net_sink comp="258" pin=0"/></net>

<net id="263"><net_src comp="10" pin="0"/><net_sink comp="258" pin=1"/></net>

<net id="268"><net_src comp="104" pin="0"/><net_sink comp="264" pin=0"/></net>

<net id="269"><net_src comp="74" pin="0"/><net_sink comp="264" pin=1"/></net>

<net id="274"><net_src comp="104" pin="0"/><net_sink comp="270" pin=0"/></net>

<net id="275"><net_src comp="20" pin="0"/><net_sink comp="270" pin=1"/></net>

<net id="280"><net_src comp="104" pin="0"/><net_sink comp="276" pin=0"/></net>

<net id="281"><net_src comp="76" pin="0"/><net_sink comp="276" pin=1"/></net>

<net id="286"><net_src comp="104" pin="0"/><net_sink comp="282" pin=0"/></net>

<net id="287"><net_src comp="30" pin="0"/><net_sink comp="282" pin=1"/></net>

<net id="292"><net_src comp="104" pin="0"/><net_sink comp="288" pin=0"/></net>

<net id="293"><net_src comp="78" pin="0"/><net_sink comp="288" pin=1"/></net>

<net id="298"><net_src comp="104" pin="0"/><net_sink comp="294" pin=0"/></net>

<net id="299"><net_src comp="52" pin="0"/><net_sink comp="294" pin=1"/></net>

<net id="304"><net_src comp="104" pin="0"/><net_sink comp="300" pin=0"/></net>

<net id="305"><net_src comp="40" pin="0"/><net_sink comp="300" pin=1"/></net>

<net id="310"><net_src comp="104" pin="0"/><net_sink comp="306" pin=0"/></net>

<net id="311"><net_src comp="88" pin="0"/><net_sink comp="306" pin=1"/></net>

<net id="316"><net_src comp="104" pin="0"/><net_sink comp="312" pin=0"/></net>

<net id="317"><net_src comp="2" pin="0"/><net_sink comp="312" pin=1"/></net>

<net id="322"><net_src comp="104" pin="0"/><net_sink comp="318" pin=0"/></net>

<net id="323"><net_src comp="12" pin="0"/><net_sink comp="318" pin=1"/></net>

<net id="328"><net_src comp="104" pin="0"/><net_sink comp="324" pin=0"/></net>

<net id="329"><net_src comp="22" pin="0"/><net_sink comp="324" pin=1"/></net>

<net id="334"><net_src comp="104" pin="0"/><net_sink comp="330" pin=0"/></net>

<net id="335"><net_src comp="54" pin="0"/><net_sink comp="330" pin=1"/></net>

<net id="340"><net_src comp="104" pin="0"/><net_sink comp="336" pin=0"/></net>

<net id="341"><net_src comp="32" pin="0"/><net_sink comp="336" pin=1"/></net>

<net id="346"><net_src comp="104" pin="0"/><net_sink comp="342" pin=0"/></net>

<net id="347"><net_src comp="42" pin="0"/><net_sink comp="342" pin=1"/></net>

<net id="352"><net_src comp="104" pin="0"/><net_sink comp="348" pin=0"/></net>

<net id="353"><net_src comp="90" pin="0"/><net_sink comp="348" pin=1"/></net>

<net id="358"><net_src comp="104" pin="0"/><net_sink comp="354" pin=0"/></net>

<net id="359"><net_src comp="4" pin="0"/><net_sink comp="354" pin=1"/></net>

<net id="364"><net_src comp="104" pin="0"/><net_sink comp="360" pin=0"/></net>

<net id="365"><net_src comp="14" pin="0"/><net_sink comp="360" pin=1"/></net>

<net id="370"><net_src comp="104" pin="0"/><net_sink comp="366" pin=0"/></net>

<net id="371"><net_src comp="56" pin="0"/><net_sink comp="366" pin=1"/></net>

<net id="376"><net_src comp="104" pin="0"/><net_sink comp="372" pin=0"/></net>

<net id="377"><net_src comp="24" pin="0"/><net_sink comp="372" pin=1"/></net>

<net id="382"><net_src comp="104" pin="0"/><net_sink comp="378" pin=0"/></net>

<net id="383"><net_src comp="34" pin="0"/><net_sink comp="378" pin=1"/></net>

<net id="388"><net_src comp="104" pin="0"/><net_sink comp="384" pin=0"/></net>

<net id="389"><net_src comp="44" pin="0"/><net_sink comp="384" pin=1"/></net>

<net id="394"><net_src comp="104" pin="0"/><net_sink comp="390" pin=0"/></net>

<net id="395"><net_src comp="92" pin="0"/><net_sink comp="390" pin=1"/></net>

<net id="400"><net_src comp="104" pin="0"/><net_sink comp="396" pin=0"/></net>

<net id="401"><net_src comp="6" pin="0"/><net_sink comp="396" pin=1"/></net>

<net id="406"><net_src comp="104" pin="0"/><net_sink comp="402" pin=0"/></net>

<net id="407"><net_src comp="58" pin="0"/><net_sink comp="402" pin=1"/></net>

<net id="412"><net_src comp="104" pin="0"/><net_sink comp="408" pin=0"/></net>

<net id="413"><net_src comp="16" pin="0"/><net_sink comp="408" pin=1"/></net>

<net id="418"><net_src comp="104" pin="0"/><net_sink comp="414" pin=0"/></net>

<net id="419"><net_src comp="26" pin="0"/><net_sink comp="414" pin=1"/></net>

<net id="424"><net_src comp="104" pin="0"/><net_sink comp="420" pin=0"/></net>

<net id="425"><net_src comp="36" pin="0"/><net_sink comp="420" pin=1"/></net>

<net id="430"><net_src comp="104" pin="0"/><net_sink comp="426" pin=0"/></net>

<net id="431"><net_src comp="46" pin="0"/><net_sink comp="426" pin=1"/></net>

<net id="436"><net_src comp="104" pin="0"/><net_sink comp="432" pin=0"/></net>

<net id="437"><net_src comp="94" pin="0"/><net_sink comp="432" pin=1"/></net>

<net id="442"><net_src comp="104" pin="0"/><net_sink comp="438" pin=0"/></net>

<net id="443"><net_src comp="8" pin="0"/><net_sink comp="438" pin=1"/></net>

<net id="448"><net_src comp="104" pin="0"/><net_sink comp="444" pin=0"/></net>

<net id="449"><net_src comp="18" pin="0"/><net_sink comp="444" pin=1"/></net>

<net id="454"><net_src comp="104" pin="0"/><net_sink comp="450" pin=0"/></net>

<net id="455"><net_src comp="28" pin="0"/><net_sink comp="450" pin=1"/></net>

<net id="460"><net_src comp="104" pin="0"/><net_sink comp="456" pin=0"/></net>

<net id="461"><net_src comp="38" pin="0"/><net_sink comp="456" pin=1"/></net>

<net id="466"><net_src comp="104" pin="0"/><net_sink comp="462" pin=0"/></net>

<net id="467"><net_src comp="48" pin="0"/><net_sink comp="462" pin=1"/></net>

<net id="472"><net_src comp="104" pin="0"/><net_sink comp="468" pin=0"/></net>

<net id="473"><net_src comp="96" pin="0"/><net_sink comp="468" pin=1"/></net>

<net id="478"><net_src comp="104" pin="0"/><net_sink comp="474" pin=0"/></net>

<net id="479"><net_src comp="84" pin="0"/><net_sink comp="474" pin=1"/></net>

<net id="484"><net_src comp="104" pin="0"/><net_sink comp="480" pin=0"/></net>

<net id="485"><net_src comp="60" pin="0"/><net_sink comp="480" pin=1"/></net>

<net id="490"><net_src comp="104" pin="0"/><net_sink comp="486" pin=0"/></net>

<net id="491"><net_src comp="62" pin="0"/><net_sink comp="486" pin=1"/></net>

<net id="496"><net_src comp="104" pin="0"/><net_sink comp="492" pin=0"/></net>

<net id="497"><net_src comp="64" pin="0"/><net_sink comp="492" pin=1"/></net>

<net id="502"><net_src comp="122" pin="0"/><net_sink comp="498" pin=0"/></net>

<net id="503"><net_src comp="102" pin="0"/><net_sink comp="498" pin=1"/></net>

<net id="508"><net_src comp="104" pin="0"/><net_sink comp="504" pin=0"/></net>

<net id="509"><net_src comp="66" pin="0"/><net_sink comp="504" pin=1"/></net>

<net id="514"><net_src comp="104" pin="0"/><net_sink comp="510" pin=0"/></net>

<net id="515"><net_src comp="68" pin="0"/><net_sink comp="510" pin=1"/></net>

<net id="520"><net_src comp="104" pin="0"/><net_sink comp="516" pin=0"/></net>

<net id="521"><net_src comp="82" pin="0"/><net_sink comp="516" pin=1"/></net>

<net id="526"><net_src comp="104" pin="0"/><net_sink comp="522" pin=0"/></net>

<net id="527"><net_src comp="98" pin="0"/><net_sink comp="522" pin=1"/></net>

<net id="532"><net_src comp="104" pin="0"/><net_sink comp="528" pin=0"/></net>

<net id="533"><net_src comp="80" pin="0"/><net_sink comp="528" pin=1"/></net>

<net id="539"><net_src comp="100" pin="0"/><net_sink comp="534" pin=0"/></net>

<net id="540"><net_src comp="130" pin="0"/><net_sink comp="534" pin=1"/></net>

<net id="550"><net_src comp="534" pin="3"/><net_sink comp="541" pin=2"/></net>

<net id="556"><net_src comp="100" pin="0"/><net_sink comp="551" pin=0"/></net>

<net id="557"><net_src comp="130" pin="0"/><net_sink comp="551" pin=1"/></net>

<net id="558"><net_src comp="551" pin="3"/><net_sink comp="541" pin=2"/></net>

<net id="564"><net_src comp="100" pin="0"/><net_sink comp="559" pin=0"/></net>

<net id="565"><net_src comp="130" pin="0"/><net_sink comp="559" pin=1"/></net>

<net id="566"><net_src comp="559" pin="3"/><net_sink comp="541" pin=2"/></net>

<net id="572"><net_src comp="100" pin="0"/><net_sink comp="567" pin=0"/></net>

<net id="573"><net_src comp="130" pin="0"/><net_sink comp="567" pin=1"/></net>

<net id="574"><net_src comp="567" pin="3"/><net_sink comp="541" pin=2"/></net>

<net id="580"><net_src comp="100" pin="0"/><net_sink comp="575" pin=0"/></net>

<net id="581"><net_src comp="130" pin="0"/><net_sink comp="575" pin=1"/></net>

<net id="582"><net_src comp="575" pin="3"/><net_sink comp="541" pin=2"/></net>

<net id="588"><net_src comp="100" pin="0"/><net_sink comp="583" pin=0"/></net>

<net id="589"><net_src comp="130" pin="0"/><net_sink comp="583" pin=1"/></net>

<net id="590"><net_src comp="583" pin="3"/><net_sink comp="541" pin=2"/></net>

<net id="596"><net_src comp="106" pin="0"/><net_sink comp="591" pin=0"/></net>

<net id="597"><net_src comp="240" pin="2"/><net_sink comp="591" pin=1"/></net>

<net id="598"><net_src comp="294" pin="2"/><net_sink comp="591" pin=1"/></net>

<net id="599"><net_src comp="330" pin="2"/><net_sink comp="591" pin=1"/></net>

<net id="600"><net_src comp="366" pin="2"/><net_sink comp="591" pin=1"/></net>

<net id="601"><net_src comp="402" pin="2"/><net_sink comp="591" pin=1"/></net>

<net id="610"><net_src comp="142" pin="0"/><net_sink comp="606" pin=1"/></net>

<net id="617"><net_src comp="116" pin="0"/><net_sink comp="611" pin=0"/></net>

<net id="618"><net_src comp="602" pin="2"/><net_sink comp="611" pin=1"/></net>

<net id="619"><net_src comp="118" pin="0"/><net_sink comp="611" pin=2"/></net>

<net id="620"><net_src comp="120" pin="0"/><net_sink comp="611" pin=3"/></net>

<net id="624"><net_src comp="611" pin="4"/><net_sink comp="621" pin=0"/></net>

<net id="628"><net_src comp="611" pin="4"/><net_sink comp="625" pin=0"/></net>

<net id="632"><net_src comp="228" pin="2"/><net_sink comp="629" pin=0"/></net>

<net id="633"><net_src comp="629" pin="1"/><net_sink comp="591" pin=2"/></net>

<net id="637"><net_src comp="234" pin="2"/><net_sink comp="634" pin=0"/></net>

<net id="638"><net_src comp="634" pin="1"/><net_sink comp="602" pin=1"/></net>

<net id="642"><net_src comp="246" pin="2"/><net_sink comp="639" pin=0"/></net>

<net id="643"><net_src comp="639" pin="1"/><net_sink comp="602" pin=0"/></net>

<net id="647"><net_src comp="252" pin="2"/><net_sink comp="644" pin=0"/></net>

<net id="648"><net_src comp="644" pin="1"/><net_sink comp="602" pin=1"/></net>

<net id="652"><net_src comp="258" pin="2"/><net_sink comp="649" pin=0"/></net>

<net id="653"><net_src comp="649" pin="1"/><net_sink comp="602" pin=0"/></net>

<net id="657"><net_src comp="264" pin="2"/><net_sink comp="654" pin=0"/></net>

<net id="658"><net_src comp="654" pin="1"/><net_sink comp="602" pin=1"/></net>

<net id="662"><net_src comp="270" pin="2"/><net_sink comp="659" pin=0"/></net>

<net id="663"><net_src comp="659" pin="1"/><net_sink comp="602" pin=0"/></net>

<net id="667"><net_src comp="276" pin="2"/><net_sink comp="664" pin=0"/></net>

<net id="668"><net_src comp="664" pin="1"/><net_sink comp="602" pin=1"/></net>

<net id="672"><net_src comp="282" pin="2"/><net_sink comp="669" pin=0"/></net>

<net id="673"><net_src comp="669" pin="1"/><net_sink comp="602" pin=0"/></net>

<net id="677"><net_src comp="288" pin="2"/><net_sink comp="674" pin=0"/></net>

<net id="678"><net_src comp="674" pin="1"/><net_sink comp="602" pin=1"/></net>

<net id="682"><net_src comp="300" pin="2"/><net_sink comp="679" pin=0"/></net>

<net id="683"><net_src comp="679" pin="1"/><net_sink comp="602" pin=0"/></net>

<net id="687"><net_src comp="306" pin="2"/><net_sink comp="684" pin=0"/></net>

<net id="692"><net_src comp="684" pin="1"/><net_sink comp="688" pin=0"/></net>

<net id="693"><net_src comp="621" pin="1"/><net_sink comp="688" pin=1"/></net>

<net id="698"><net_src comp="688" pin="2"/><net_sink comp="694" pin=0"/></net>

<net id="699"><net_src comp="625" pin="1"/><net_sink comp="694" pin=1"/></net>

<net id="704"><net_src comp="694" pin="2"/><net_sink comp="700" pin=0"/></net>

<net id="705"><net_src comp="611" pin="4"/><net_sink comp="700" pin=1"/></net>

<net id="709"><net_src comp="312" pin="2"/><net_sink comp="706" pin=0"/></net>

<net id="710"><net_src comp="706" pin="1"/><net_sink comp="602" pin=0"/></net>

<net id="714"><net_src comp="318" pin="2"/><net_sink comp="711" pin=0"/></net>

<net id="715"><net_src comp="711" pin="1"/><net_sink comp="602" pin=0"/></net>

<net id="720"><net_src comp="621" pin="1"/><net_sink comp="716" pin=1"/></net>

<net id="725"><net_src comp="716" pin="2"/><net_sink comp="721" pin=0"/></net>

<net id="726"><net_src comp="611" pin="4"/><net_sink comp="721" pin=1"/></net>

<net id="730"><net_src comp="324" pin="2"/><net_sink comp="727" pin=0"/></net>

<net id="731"><net_src comp="727" pin="1"/><net_sink comp="602" pin=0"/></net>

<net id="735"><net_src comp="336" pin="2"/><net_sink comp="732" pin=0"/></net>

<net id="736"><net_src comp="732" pin="1"/><net_sink comp="602" pin=0"/></net>

<net id="740"><net_src comp="342" pin="2"/><net_sink comp="737" pin=0"/></net>

<net id="741"><net_src comp="737" pin="1"/><net_sink comp="602" pin=0"/></net>

<net id="745"><net_src comp="348" pin="2"/><net_sink comp="742" pin=0"/></net>

<net id="750"><net_src comp="742" pin="1"/><net_sink comp="746" pin=0"/></net>

<net id="751"><net_src comp="621" pin="1"/><net_sink comp="746" pin=1"/></net>

<net id="756"><net_src comp="746" pin="2"/><net_sink comp="752" pin=0"/></net>

<net id="757"><net_src comp="625" pin="1"/><net_sink comp="752" pin=1"/></net>

<net id="762"><net_src comp="752" pin="2"/><net_sink comp="758" pin=0"/></net>

<net id="763"><net_src comp="611" pin="4"/><net_sink comp="758" pin=1"/></net>

<net id="767"><net_src comp="354" pin="2"/><net_sink comp="764" pin=0"/></net>

<net id="768"><net_src comp="764" pin="1"/><net_sink comp="602" pin=0"/></net>

<net id="772"><net_src comp="360" pin="2"/><net_sink comp="769" pin=0"/></net>

<net id="773"><net_src comp="769" pin="1"/><net_sink comp="602" pin=0"/></net>

<net id="778"><net_src comp="621" pin="1"/><net_sink comp="774" pin=1"/></net>

<net id="783"><net_src comp="774" pin="2"/><net_sink comp="779" pin=0"/></net>

<net id="784"><net_src comp="611" pin="4"/><net_sink comp="779" pin=1"/></net>

<net id="788"><net_src comp="372" pin="2"/><net_sink comp="785" pin=0"/></net>

<net id="789"><net_src comp="785" pin="1"/><net_sink comp="602" pin=0"/></net>

<net id="793"><net_src comp="378" pin="2"/><net_sink comp="790" pin=0"/></net>

<net id="794"><net_src comp="790" pin="1"/><net_sink comp="602" pin=0"/></net>

<net id="798"><net_src comp="384" pin="2"/><net_sink comp="795" pin=0"/></net>

<net id="799"><net_src comp="795" pin="1"/><net_sink comp="602" pin=0"/></net>

<net id="803"><net_src comp="390" pin="2"/><net_sink comp="800" pin=0"/></net>

<net id="808"><net_src comp="800" pin="1"/><net_sink comp="804" pin=0"/></net>

<net id="809"><net_src comp="621" pin="1"/><net_sink comp="804" pin=1"/></net>

<net id="814"><net_src comp="804" pin="2"/><net_sink comp="810" pin=0"/></net>

<net id="815"><net_src comp="625" pin="1"/><net_sink comp="810" pin=1"/></net>

<net id="820"><net_src comp="810" pin="2"/><net_sink comp="816" pin=0"/></net>

<net id="821"><net_src comp="611" pin="4"/><net_sink comp="816" pin=1"/></net>

<net id="825"><net_src comp="396" pin="2"/><net_sink comp="822" pin=0"/></net>

<net id="826"><net_src comp="822" pin="1"/><net_sink comp="602" pin=0"/></net>

<net id="830"><net_src comp="408" pin="2"/><net_sink comp="827" pin=0"/></net>

<net id="831"><net_src comp="827" pin="1"/><net_sink comp="602" pin=0"/></net>

<net id="836"><net_src comp="621" pin="1"/><net_sink comp="832" pin=1"/></net>

<net id="841"><net_src comp="832" pin="2"/><net_sink comp="837" pin=0"/></net>

<net id="842"><net_src comp="611" pin="4"/><net_sink comp="837" pin=1"/></net>

<net id="846"><net_src comp="414" pin="2"/><net_sink comp="843" pin=0"/></net>

<net id="847"><net_src comp="843" pin="1"/><net_sink comp="602" pin=0"/></net>

<net id="851"><net_src comp="420" pin="2"/><net_sink comp="848" pin=0"/></net>

<net id="852"><net_src comp="848" pin="1"/><net_sink comp="602" pin=0"/></net>

<net id="856"><net_src comp="426" pin="2"/><net_sink comp="853" pin=0"/></net>

<net id="857"><net_src comp="853" pin="1"/><net_sink comp="602" pin=0"/></net>

<net id="861"><net_src comp="432" pin="2"/><net_sink comp="858" pin=0"/></net>

<net id="866"><net_src comp="858" pin="1"/><net_sink comp="862" pin=0"/></net>

<net id="867"><net_src comp="621" pin="1"/><net_sink comp="862" pin=1"/></net>

<net id="872"><net_src comp="862" pin="2"/><net_sink comp="868" pin=0"/></net>

<net id="873"><net_src comp="625" pin="1"/><net_sink comp="868" pin=1"/></net>

<net id="878"><net_src comp="868" pin="2"/><net_sink comp="874" pin=0"/></net>

<net id="879"><net_src comp="611" pin="4"/><net_sink comp="874" pin=1"/></net>

<net id="883"><net_src comp="438" pin="2"/><net_sink comp="880" pin=0"/></net>

<net id="884"><net_src comp="880" pin="1"/><net_sink comp="602" pin=0"/></net>

<net id="888"><net_src comp="444" pin="2"/><net_sink comp="885" pin=0"/></net>

<net id="889"><net_src comp="885" pin="1"/><net_sink comp="602" pin=0"/></net>

<net id="894"><net_src comp="621" pin="1"/><net_sink comp="890" pin=1"/></net>

<net id="899"><net_src comp="890" pin="2"/><net_sink comp="895" pin=0"/></net>

<net id="900"><net_src comp="611" pin="4"/><net_sink comp="895" pin=1"/></net>

<net id="904"><net_src comp="450" pin="2"/><net_sink comp="901" pin=0"/></net>

<net id="905"><net_src comp="901" pin="1"/><net_sink comp="602" pin=0"/></net>

<net id="909"><net_src comp="456" pin="2"/><net_sink comp="906" pin=0"/></net>

<net id="910"><net_src comp="906" pin="1"/><net_sink comp="602" pin=0"/></net>

<net id="914"><net_src comp="462" pin="2"/><net_sink comp="911" pin=0"/></net>

<net id="915"><net_src comp="911" pin="1"/><net_sink comp="602" pin=0"/></net>

<net id="919"><net_src comp="474" pin="2"/><net_sink comp="916" pin=0"/></net>

<net id="920"><net_src comp="916" pin="1"/><net_sink comp="602" pin=1"/></net>

<net id="924"><net_src comp="480" pin="2"/><net_sink comp="921" pin=0"/></net>

<net id="925"><net_src comp="921" pin="1"/><net_sink comp="602" pin=0"/></net>

<net id="929"><net_src comp="468" pin="2"/><net_sink comp="926" pin=0"/></net>

<net id="934"><net_src comp="926" pin="1"/><net_sink comp="930" pin=0"/></net>

<net id="935"><net_src comp="621" pin="1"/><net_sink comp="930" pin=1"/></net>

<net id="940"><net_src comp="930" pin="2"/><net_sink comp="936" pin=0"/></net>

<net id="941"><net_src comp="625" pin="1"/><net_sink comp="936" pin=1"/></net>

<net id="946"><net_src comp="936" pin="2"/><net_sink comp="942" pin=0"/></net>

<net id="947"><net_src comp="611" pin="4"/><net_sink comp="942" pin=1"/></net>

<net id="951"><net_src comp="486" pin="2"/><net_sink comp="948" pin=0"/></net>

<net id="952"><net_src comp="948" pin="1"/><net_sink comp="602" pin=0"/></net>

<net id="956"><net_src comp="492" pin="2"/><net_sink comp="953" pin=0"/></net>

<net id="957"><net_src comp="953" pin="1"/><net_sink comp="602" pin=0"/></net>

<net id="962"><net_src comp="621" pin="1"/><net_sink comp="958" pin=1"/></net>

<net id="967"><net_src comp="958" pin="2"/><net_sink comp="963" pin=0"/></net>

<net id="968"><net_src comp="611" pin="4"/><net_sink comp="963" pin=1"/></net>

<net id="972"><net_src comp="498" pin="2"/><net_sink comp="969" pin=0"/></net>

<net id="977"><net_src comp="611" pin="4"/><net_sink comp="973" pin=1"/></net>

<net id="982"><net_src comp="973" pin="2"/><net_sink comp="978" pin=0"/></net>

<net id="986"><net_src comp="978" pin="2"/><net_sink comp="983" pin=0"/></net>

<net id="987"><net_src comp="983" pin="1"/><net_sink comp="541" pin=4"/></net>

<net id="991"><net_src comp="504" pin="2"/><net_sink comp="988" pin=0"/></net>

<net id="992"><net_src comp="988" pin="1"/><net_sink comp="602" pin=0"/></net>

<net id="998"><net_src comp="124" pin="0"/><net_sink comp="993" pin=0"/></net>

<net id="999"><net_src comp="969" pin="1"/><net_sink comp="993" pin=1"/></net>

<net id="1000"><net_src comp="126" pin="0"/><net_sink comp="993" pin=2"/></net>

<net id="1004"><net_src comp="498" pin="2"/><net_sink comp="1001" pin=0"/></net>

<net id="1010"><net_src comp="128" pin="0"/><net_sink comp="1005" pin=0"/></net>

<net id="1011"><net_src comp="1001" pin="1"/><net_sink comp="1005" pin=1"/></net>

<net id="1012"><net_src comp="114" pin="0"/><net_sink comp="1005" pin=2"/></net>

<net id="1017"><net_src comp="993" pin="3"/><net_sink comp="1013" pin=0"/></net>

<net id="1018"><net_src comp="1005" pin="3"/><net_sink comp="1013" pin=1"/></net>

<net id="1022"><net_src comp="1013" pin="2"/><net_sink comp="1019" pin=0"/></net>

<net id="1023"><net_src comp="1019" pin="1"/><net_sink comp="534" pin=2"/></net>

<net id="1027"><net_src comp="1013" pin="2"/><net_sink comp="1024" pin=0"/></net>

<net id="1034"><net_src comp="132" pin="0"/><net_sink comp="1028" pin=0"/></net>

<net id="1035"><net_src comp="1013" pin="2"/><net_sink comp="1028" pin=1"/></net>

<net id="1036"><net_src comp="134" pin="0"/><net_sink comp="1028" pin=2"/></net>

<net id="1037"><net_src comp="136" pin="0"/><net_sink comp="1028" pin=3"/></net>

<net id="1042"><net_src comp="611" pin="4"/><net_sink comp="1038" pin=1"/></net>

<net id="1047"><net_src comp="1038" pin="2"/><net_sink comp="1043" pin=0"/></net>

<net id="1051"><net_src comp="1043" pin="2"/><net_sink comp="1048" pin=0"/></net>

<net id="1052"><net_src comp="1048" pin="1"/><net_sink comp="541" pin=4"/></net>

<net id="1056"><net_src comp="510" pin="2"/><net_sink comp="1053" pin=0"/></net>

<net id="1057"><net_src comp="1053" pin="1"/><net_sink comp="602" pin=0"/></net>

<net id="1063"><net_src comp="138" pin="0"/><net_sink comp="1058" pin=0"/></net>

<net id="1064"><net_src comp="140" pin="0"/><net_sink comp="1058" pin=2"/></net>

<net id="1068"><net_src comp="1058" pin="3"/><net_sink comp="1065" pin=0"/></net>

<net id="1069"><net_src comp="1065" pin="1"/><net_sink comp="551" pin=2"/></net>

<net id="1074"><net_src comp="611" pin="4"/><net_sink comp="1070" pin=1"/></net>

<net id="1079"><net_src comp="1070" pin="2"/><net_sink comp="1075" pin=0"/></net>

<net id="1083"><net_src comp="1075" pin="2"/><net_sink comp="1080" pin=0"/></net>

<net id="1084"><net_src comp="1080" pin="1"/><net_sink comp="541" pin=4"/></net>

<net id="1088"><net_src comp="516" pin="2"/><net_sink comp="1085" pin=0"/></net>

<net id="1089"><net_src comp="1085" pin="1"/><net_sink comp="606" pin=0"/></net>

<net id="1094"><net_src comp="144" pin="0"/><net_sink comp="1090" pin=1"/></net>

<net id="1098"><net_src comp="1090" pin="2"/><net_sink comp="1095" pin=0"/></net>

<net id="1099"><net_src comp="1095" pin="1"/><net_sink comp="559" pin=2"/></net>

<net id="1104"><net_src comp="611" pin="4"/><net_sink comp="1100" pin=1"/></net>

<net id="1109"><net_src comp="1100" pin="2"/><net_sink comp="1105" pin=0"/></net>

<net id="1113"><net_src comp="1105" pin="2"/><net_sink comp="1110" pin=0"/></net>

<net id="1114"><net_src comp="1110" pin="1"/><net_sink comp="541" pin=4"/></net>

<net id="1119"><net_src comp="146" pin="0"/><net_sink comp="1115" pin=1"/></net>

<net id="1123"><net_src comp="1115" pin="2"/><net_sink comp="1120" pin=0"/></net>

<net id="1124"><net_src comp="1120" pin="1"/><net_sink comp="567" pin=2"/></net>

<net id="1129"><net_src comp="611" pin="4"/><net_sink comp="1125" pin=1"/></net>

<net id="1134"><net_src comp="1125" pin="2"/><net_sink comp="1130" pin=0"/></net>

<net id="1138"><net_src comp="1130" pin="2"/><net_sink comp="1135" pin=0"/></net>

<net id="1139"><net_src comp="1135" pin="1"/><net_sink comp="541" pin=4"/></net>

<net id="1144"><net_src comp="148" pin="0"/><net_sink comp="1140" pin=1"/></net>

<net id="1148"><net_src comp="1140" pin="2"/><net_sink comp="1145" pin=0"/></net>

<net id="1149"><net_src comp="1145" pin="1"/><net_sink comp="575" pin=2"/></net>

<net id="1153"><net_src comp="522" pin="2"/><net_sink comp="1150" pin=0"/></net>

<net id="1157"><net_src comp="528" pin="2"/><net_sink comp="1154" pin=0"/></net>

<net id="1164"><net_src comp="224" pin="0"/><net_sink comp="1158" pin=0"/></net>

<net id="1165"><net_src comp="606" pin="2"/><net_sink comp="1158" pin=1"/></net>

<net id="1166"><net_src comp="118" pin="0"/><net_sink comp="1158" pin=2"/></net>

<net id="1167"><net_src comp="120" pin="0"/><net_sink comp="1158" pin=3"/></net>

<net id="1172"><net_src comp="1154" pin="1"/><net_sink comp="1168" pin=0"/></net>

<net id="1173"><net_src comp="1158" pin="4"/><net_sink comp="1168" pin=1"/></net>

<net id="1178"><net_src comp="1150" pin="1"/><net_sink comp="1174" pin=0"/></net>

<net id="1179"><net_src comp="1168" pin="2"/><net_sink comp="1174" pin=1"/></net>

<net id="1183"><net_src comp="1174" pin="2"/><net_sink comp="1180" pin=0"/></net>

<net id="1184"><net_src comp="1180" pin="1"/><net_sink comp="541" pin=4"/></net>

<net id="1189"><net_src comp="226" pin="0"/><net_sink comp="1185" pin=1"/></net>

<net id="1193"><net_src comp="1185" pin="2"/><net_sink comp="1190" pin=0"/></net>

<net id="1194"><net_src comp="1190" pin="1"/><net_sink comp="583" pin=2"/></net>

<net id="1198"><net_src comp="629" pin="1"/><net_sink comp="1195" pin=0"/></net>

<net id="1199"><net_src comp="1195" pin="1"/><net_sink comp="591" pin=2"/></net>

<net id="1203"><net_src comp="634" pin="1"/><net_sink comp="1200" pin=0"/></net>

<net id="1204"><net_src comp="1200" pin="1"/><net_sink comp="602" pin=1"/></net>

<net id="1208"><net_src comp="639" pin="1"/><net_sink comp="1205" pin=0"/></net>

<net id="1209"><net_src comp="1205" pin="1"/><net_sink comp="602" pin=0"/></net>

<net id="1213"><net_src comp="644" pin="1"/><net_sink comp="1210" pin=0"/></net>

<net id="1214"><net_src comp="1210" pin="1"/><net_sink comp="602" pin=1"/></net>

<net id="1218"><net_src comp="649" pin="1"/><net_sink comp="1215" pin=0"/></net>

<net id="1219"><net_src comp="1215" pin="1"/><net_sink comp="602" pin=0"/></net>

<net id="1223"><net_src comp="654" pin="1"/><net_sink comp="1220" pin=0"/></net>

<net id="1224"><net_src comp="1220" pin="1"/><net_sink comp="602" pin=1"/></net>

<net id="1228"><net_src comp="659" pin="1"/><net_sink comp="1225" pin=0"/></net>

<net id="1229"><net_src comp="1225" pin="1"/><net_sink comp="602" pin=0"/></net>

<net id="1233"><net_src comp="664" pin="1"/><net_sink comp="1230" pin=0"/></net>

<net id="1234"><net_src comp="1230" pin="1"/><net_sink comp="602" pin=1"/></net>

<net id="1238"><net_src comp="669" pin="1"/><net_sink comp="1235" pin=0"/></net>

<net id="1239"><net_src comp="1235" pin="1"/><net_sink comp="602" pin=0"/></net>

<net id="1243"><net_src comp="591" pin="3"/><net_sink comp="1240" pin=0"/></net>

<net id="1244"><net_src comp="1240" pin="1"/><net_sink comp="978" pin=1"/></net>

<net id="1248"><net_src comp="674" pin="1"/><net_sink comp="1245" pin=0"/></net>

<net id="1249"><net_src comp="1245" pin="1"/><net_sink comp="602" pin=1"/></net>

<net id="1253"><net_src comp="679" pin="1"/><net_sink comp="1250" pin=0"/></net>

<net id="1254"><net_src comp="1250" pin="1"/><net_sink comp="602" pin=0"/></net>

<net id="1258"><net_src comp="700" pin="2"/><net_sink comp="1255" pin=0"/></net>

<net id="1259"><net_src comp="1255" pin="1"/><net_sink comp="716" pin=0"/></net>

<net id="1263"><net_src comp="706" pin="1"/><net_sink comp="1260" pin=0"/></net>

<net id="1264"><net_src comp="1260" pin="1"/><net_sink comp="602" pin=0"/></net>

<net id="1268"><net_src comp="711" pin="1"/><net_sink comp="1265" pin=0"/></net>

<net id="1269"><net_src comp="1265" pin="1"/><net_sink comp="602" pin=0"/></net>

<net id="1273"><net_src comp="721" pin="2"/><net_sink comp="1270" pin=0"/></net>

<net id="1274"><net_src comp="1270" pin="1"/><net_sink comp="973" pin=0"/></net>

<net id="1278"><net_src comp="727" pin="1"/><net_sink comp="1275" pin=0"/></net>

<net id="1279"><net_src comp="1275" pin="1"/><net_sink comp="602" pin=0"/></net>

<net id="1283"><net_src comp="591" pin="3"/><net_sink comp="1280" pin=0"/></net>

<net id="1284"><net_src comp="1280" pin="1"/><net_sink comp="1043" pin=1"/></net>

<net id="1288"><net_src comp="732" pin="1"/><net_sink comp="1285" pin=0"/></net>

<net id="1289"><net_src comp="1285" pin="1"/><net_sink comp="602" pin=0"/></net>

<net id="1293"><net_src comp="737" pin="1"/><net_sink comp="1290" pin=0"/></net>

<net id="1294"><net_src comp="1290" pin="1"/><net_sink comp="602" pin=0"/></net>

<net id="1298"><net_src comp="758" pin="2"/><net_sink comp="1295" pin=0"/></net>

<net id="1299"><net_src comp="1295" pin="1"/><net_sink comp="774" pin=0"/></net>

<net id="1303"><net_src comp="764" pin="1"/><net_sink comp="1300" pin=0"/></net>

<net id="1304"><net_src comp="1300" pin="1"/><net_sink comp="602" pin=0"/></net>

<net id="1308"><net_src comp="769" pin="1"/><net_sink comp="1305" pin=0"/></net>

<net id="1309"><net_src comp="1305" pin="1"/><net_sink comp="602" pin=0"/></net>

<net id="1313"><net_src comp="591" pin="3"/><net_sink comp="1310" pin=0"/></net>

<net id="1314"><net_src comp="1310" pin="1"/><net_sink comp="1075" pin=1"/></net>

<net id="1318"><net_src comp="779" pin="2"/><net_sink comp="1315" pin=0"/></net>

<net id="1319"><net_src comp="1315" pin="1"/><net_sink comp="1038" pin=0"/></net>

<net id="1323"><net_src comp="785" pin="1"/><net_sink comp="1320" pin=0"/></net>

<net id="1324"><net_src comp="1320" pin="1"/><net_sink comp="602" pin=0"/></net>

<net id="1328"><net_src comp="790" pin="1"/><net_sink comp="1325" pin=0"/></net>

<net id="1329"><net_src comp="1325" pin="1"/><net_sink comp="602" pin=0"/></net>

<net id="1333"><net_src comp="795" pin="1"/><net_sink comp="1330" pin=0"/></net>

<net id="1334"><net_src comp="1330" pin="1"/><net_sink comp="602" pin=0"/></net>

<net id="1338"><net_src comp="816" pin="2"/><net_sink comp="1335" pin=0"/></net>

<net id="1339"><net_src comp="1335" pin="1"/><net_sink comp="832" pin=0"/></net>

<net id="1343"><net_src comp="822" pin="1"/><net_sink comp="1340" pin=0"/></net>

<net id="1344"><net_src comp="1340" pin="1"/><net_sink comp="602" pin=0"/></net>

<net id="1348"><net_src comp="591" pin="3"/><net_sink comp="1345" pin=0"/></net>

<net id="1349"><net_src comp="1345" pin="1"/><net_sink comp="1105" pin=1"/></net>

<net id="1353"><net_src comp="827" pin="1"/><net_sink comp="1350" pin=0"/></net>

<net id="1354"><net_src comp="1350" pin="1"/><net_sink comp="602" pin=0"/></net>

<net id="1358"><net_src comp="837" pin="2"/><net_sink comp="1355" pin=0"/></net>

<net id="1359"><net_src comp="1355" pin="1"/><net_sink comp="1070" pin=0"/></net>

<net id="1363"><net_src comp="843" pin="1"/><net_sink comp="1360" pin=0"/></net>

<net id="1364"><net_src comp="1360" pin="1"/><net_sink comp="602" pin=0"/></net>

<net id="1368"><net_src comp="848" pin="1"/><net_sink comp="1365" pin=0"/></net>

<net id="1369"><net_src comp="1365" pin="1"/><net_sink comp="602" pin=0"/></net>

<net id="1373"><net_src comp="853" pin="1"/><net_sink comp="1370" pin=0"/></net>

<net id="1374"><net_src comp="1370" pin="1"/><net_sink comp="602" pin=0"/></net>

<net id="1378"><net_src comp="591" pin="3"/><net_sink comp="1375" pin=0"/></net>

<net id="1379"><net_src comp="1375" pin="1"/><net_sink comp="1130" pin=1"/></net>

<net id="1383"><net_src comp="874" pin="2"/><net_sink comp="1380" pin=0"/></net>

<net id="1384"><net_src comp="1380" pin="1"/><net_sink comp="890" pin=0"/></net>

<net id="1388"><net_src comp="880" pin="1"/><net_sink comp="1385" pin=0"/></net>

<net id="1389"><net_src comp="1385" pin="1"/><net_sink comp="602" pin=0"/></net>

<net id="1393"><net_src comp="885" pin="1"/><net_sink comp="1390" pin=0"/></net>

<net id="1394"><net_src comp="1390" pin="1"/><net_sink comp="602" pin=0"/></net>

<net id="1398"><net_src comp="895" pin="2"/><net_sink comp="1395" pin=0"/></net>

<net id="1399"><net_src comp="1395" pin="1"/><net_sink comp="1100" pin=0"/></net>

<net id="1403"><net_src comp="901" pin="1"/><net_sink comp="1400" pin=0"/></net>

<net id="1404"><net_src comp="1400" pin="1"/><net_sink comp="602" pin=0"/></net>

<net id="1408"><net_src comp="906" pin="1"/><net_sink comp="1405" pin=0"/></net>

<net id="1409"><net_src comp="1405" pin="1"/><net_sink comp="602" pin=0"/></net>

<net id="1413"><net_src comp="911" pin="1"/><net_sink comp="1410" pin=0"/></net>

<net id="1414"><net_src comp="1410" pin="1"/><net_sink comp="602" pin=0"/></net>

<net id="1418"><net_src comp="916" pin="1"/><net_sink comp="1415" pin=0"/></net>

<net id="1419"><net_src comp="1415" pin="1"/><net_sink comp="602" pin=1"/></net>

<net id="1423"><net_src comp="921" pin="1"/><net_sink comp="1420" pin=0"/></net>

<net id="1424"><net_src comp="1420" pin="1"/><net_sink comp="602" pin=0"/></net>

<net id="1428"><net_src comp="942" pin="2"/><net_sink comp="1425" pin=0"/></net>

<net id="1429"><net_src comp="1425" pin="1"/><net_sink comp="958" pin=0"/></net>

<net id="1433"><net_src comp="948" pin="1"/><net_sink comp="1430" pin=0"/></net>

<net id="1434"><net_src comp="1430" pin="1"/><net_sink comp="602" pin=0"/></net>

<net id="1438"><net_src comp="953" pin="1"/><net_sink comp="1435" pin=0"/></net>

<net id="1439"><net_src comp="1435" pin="1"/><net_sink comp="602" pin=0"/></net>

<net id="1443"><net_src comp="963" pin="2"/><net_sink comp="1440" pin=0"/></net>

<net id="1444"><net_src comp="1440" pin="1"/><net_sink comp="1125" pin=0"/></net>

<net id="1448"><net_src comp="988" pin="1"/><net_sink comp="1445" pin=0"/></net>

<net id="1449"><net_src comp="1445" pin="1"/><net_sink comp="602" pin=0"/></net>

<net id="1453"><net_src comp="1024" pin="1"/><net_sink comp="1450" pin=0"/></net>

<net id="1454"><net_src comp="1450" pin="1"/><net_sink comp="1090" pin=0"/></net>

<net id="1455"><net_src comp="1450" pin="1"/><net_sink comp="1115" pin=0"/></net>

<net id="1456"><net_src comp="1450" pin="1"/><net_sink comp="1140" pin=0"/></net>

<net id="1457"><net_src comp="1450" pin="1"/><net_sink comp="1185" pin=0"/></net>

<net id="1461"><net_src comp="1028" pin="4"/><net_sink comp="1458" pin=0"/></net>

<net id="1462"><net_src comp="1458" pin="1"/><net_sink comp="1058" pin=1"/></net>

<net id="1466"><net_src comp="1053" pin="1"/><net_sink comp="1463" pin=0"/></net>

<net id="1467"><net_src comp="1463" pin="1"/><net_sink comp="602" pin=0"/></net>

<net id="1471"><net_src comp="1085" pin="1"/><net_sink comp="1468" pin=0"/></net>

<net id="1472"><net_src comp="1468" pin="1"/><net_sink comp="606" pin=0"/></net>

</net_list>

</model> 
---------------- Datapath Model END ------------------

* FSMD analyzer results:
  - Output states:
	Port: sd_1 | {29 30 31 32 33 34 }
 - Input state : 
	Port: compute_affine_bias_dense_hls : p_read | {1 }
	Port: compute_affine_bias_dense_hls : p_read1 | {6 }
	Port: compute_affine_bias_dense_hls : p_read2 | {11 }
	Port: compute_affine_bias_dense_hls : p_read3 | {16 }
	Port: compute_affine_bias_dense_hls : p_read4 | {21 }
	Port: compute_affine_bias_dense_hls : p_read5 | {2 }
	Port: compute_affine_bias_dense_hls : p_read6 | {7 }
	Port: compute_affine_bias_dense_hls : p_read7 | {12 }
	Port: compute_affine_bias_dense_hls : p_read8 | {17 }
	Port: compute_affine_bias_dense_hls : p_read9 | {22 }
	Port: compute_affine_bias_dense_hls : p_read10 | {3 }
	Port: compute_affine_bias_dense_hls : p_read11 | {8 }
	Port: compute_affine_bias_dense_hls : p_read12 | {13 }
	Port: compute_affine_bias_dense_hls : p_read13 | {18 }
	Port: compute_affine_bias_dense_hls : p_read14 | {23 }
	Port: compute_affine_bias_dense_hls : p_read15 | {4 }
	Port: compute_affine_bias_dense_hls : p_read16 | {9 }
	Port: compute_affine_bias_dense_hls : p_read17 | {14 }
	Port: compute_affine_bias_dense_hls : p_read18 | {19 }
	Port: compute_affine_bias_dense_hls : p_read19 | {24 }
	Port: compute_affine_bias_dense_hls : p_read20 | {5 }
	Port: compute_affine_bias_dense_hls : p_read21 | {10 }
	Port: compute_affine_bias_dense_hls : p_read22 | {15 }
	Port: compute_affine_bias_dense_hls : p_read23 | {20 }
	Port: compute_affine_bias_dense_hls : p_read24 | {25 }
	Port: compute_affine_bias_dense_hls : p_read25 | {1 }
	Port: compute_affine_bias_dense_hls : p_read26 | {5 }
	Port: compute_affine_bias_dense_hls : p_read27 | {9 }
	Port: compute_affine_bias_dense_hls : p_read28 | {13 }
	Port: compute_affine_bias_dense_hls : p_read29 | {17 }
	Port: compute_affine_bias_dense_hls : p_read30 | {26 }
	Port: compute_affine_bias_dense_hls : p_read31 | {27 }
	Port: compute_affine_bias_dense_hls : p_read32 | {28 }
	Port: compute_affine_bias_dense_hls : p_read33 | {29 }
	Port: compute_affine_bias_dense_hls : p_read34 | {30 }
	Port: compute_affine_bias_dense_hls : lin_ey | {1 }
	Port: compute_affine_bias_dense_hls : lin_epsi | {2 }
	Port: compute_affine_bias_dense_hls : lin_vx | {3 }
	Port: compute_affine_bias_dense_hls : lin_vy | {4 }
	Port: compute_affine_bias_dense_hls : lin_omega | {5 }
	Port: compute_affine_bias_dense_hls : lin_delta | {34 }
	Port: compute_affine_bias_dense_hls : uk0 | {31 }
	Port: compute_affine_bias_dense_hls : uk1 | {26 }
	Port: compute_affine_bias_dense_hls : lin_delta_k | {1 }
	Port: compute_affine_bias_dense_hls : next_ey | {6 }
	Port: compute_affine_bias_dense_hls : next_epsi | {11 }
	Port: compute_affine_bias_dense_hls : next_vx | {16 }
	Port: compute_affine_bias_dense_hls : next_vy | {21 }
	Port: compute_affine_bias_dense_hls : next_omega | {26 }
	Port: compute_affine_bias_dense_hls : next_delta | {34 }
	Port: compute_affine_bias_dense_hls : sd_1_offset | {29 }
  - Chain level:
	State 1
		product : 1
		b0 : 1
	State 2
		product_292 : 1
	State 3
		product_293 : 1
	State 4
		specfucore_ln160 : 1
		trunc_ln : 1
		product_294 : 1
	State 5
		specfucore_ln160 : 1
		trunc_ln223_1 : 1
		product_295 : 1
	State 6
		specfucore_ln160 : 1
		trunc_ln223_2 : 1
		sub_ln223 : 1
		sub_ln223_1 : 2
		sub_ln223_2 : 3
		product_297 : 1
	State 7
		specfucore_ln160 : 1
		trunc_ln223_3 : 1
		product_298 : 1
	State 8
		specfucore_ln160 : 1
		trunc_ln223_4 : 1
		sub_ln223_4 : 2
		product_299 : 1
	State 9
		specfucore_ln160 : 1
		trunc_ln223_6 : 1
		product_300 : 1
	State 10
		specfucore_ln160 : 1
		trunc_ln223_8 : 1
		product_301 : 1
	State 11
		specfucore_ln160 : 1
		trunc_ln223_9 : 1
		sub_ln223_7 : 1
		sub_ln223_8 : 2
		sub_ln223_9 : 3
		product_303 : 1
	State 12
		specfucore_ln160 : 1
		trunc_ln223_s : 1
		product_304 : 1
	State 13
		specfucore_ln160 : 1
		trunc_ln223_7 : 1
		sub_ln223_11 : 2
		product_305 : 1
	State 14
		specfucore_ln160 : 1
		trunc_ln223_12 : 1
		product_306 : 1
	State 15
		specfucore_ln160 : 1
		trunc_ln223_13 : 1
		product_307 : 1
	State 16
		specfucore_ln160 : 1
		trunc_ln223_14 : 1
		sub_ln223_14 : 1
		sub_ln223_15 : 2
		sub_ln223_16 : 3
		product_309 : 1
	State 17
		specfucore_ln160 : 1
		trunc_ln223_15 : 1
		product_310 : 1
	State 18
		specfucore_ln160 : 1
		trunc_ln223_16 : 1
		sub_ln223_18 : 2
		product_311 : 1
	State 19
		specfucore_ln160 : 1
		trunc_ln223_19 : 1
		product_312 : 1
	State 20
		specfucore_ln160 : 1
		trunc_ln223_20 : 1
		product_313 : 1
	State 21
		specfucore_ln160 : 1
		trunc_ln223_21 : 1
		sub_ln223_21 : 1
		sub_ln223_22 : 2
		sub_ln223_23 : 3
		product_315 : 1
	State 22
		specfucore_ln160 : 1
		trunc_ln223_22 : 1
		product_316 : 1
	State 23
		specfucore_ln160 : 1
		trunc_ln223_23 : 1
		sub_ln223_25 : 2
		product_317 : 1
	State 24
		specfucore_ln160 : 1
		trunc_ln223_26 : 1
		product_318 : 1
	State 25
		specfucore_ln160 : 1
		trunc_ln223_27 : 1
		product_319 : 1
	State 26
		product_296 : 1
		specfucore_ln160 : 1
		trunc_ln223_28 : 1
		sub_ln223_28 : 1
		sub_ln223_29 : 2
		sub_ln223_30 : 3
	State 27
		product_302 : 1
		specfucore_ln160 : 1
		trunc_ln223_29 : 1
	State 28
		product_308 : 1
		specfucore_ln160 : 1
		trunc_ln223_30 : 1
		sub_ln223_32 : 2
	State 29
		specfucore_ln160 : 1
		trunc_ln223_5 : 1
		sub_ln223_5 : 2
		acc : 3
		sext_ln225 : 4
		product_314 : 1
		p_shl : 1
		p_shl1 : 1
		sub_ln241 : 2
		zext_ln241 : 3
		trunc_ln241_1 : 3
		sd_1_addr : 4
		store_ln241 : 5
		tmp_cast : 3
	State 30
		specfucore_ln160 : 1
		trunc_ln223_10 : 1
		sub_ln223_12 : 2
		acc_1 : 3
		sext_ln225_1 : 4
		product_320 : 1
		zext_ln241_1 : 1
		sd_1_addr_1 : 2
		store_ln241 : 5
	State 31
		specfucore_ln160 : 1
		trunc_ln223_17 : 1
		sub_ln223_19 : 2
		acc_2 : 3
		sext_ln225_2 : 4
		mul_ln159 : 1
		zext_ln241_2 : 1
		sd_1_addr_2 : 2
		store_ln241 : 5
	State 32
		specfucore_ln160 : 1
		trunc_ln223_24 : 1
		sub_ln223_26 : 2
		acc_3 : 3
		sext_ln225_3 : 4
		zext_ln241_3 : 1
		sd_1_addr_3 : 2
		store_ln241 : 5
	State 33
		specfucore_ln160 : 1
		trunc_ln223_31 : 1
		sub_ln223_33 : 2
		acc_4 : 3
		sext_ln225_4 : 4
		zext_ln241_4 : 1
		sd_1_addr_4 : 2
		store_ln241 : 5
	State 34
		rend81 : 1
		rend79 : 1
		rend77 : 1
		rend75 : 1
		rend73 : 1
		rend71 : 1
		rend69 : 1
		rend67 : 1
		rend65 : 1
		rend63 : 1
		rend61 : 1
		rend59 : 1
		rend57 : 1
		rend55 : 1
		rend53 : 1
		rend51 : 1
		rend49 : 1
		rend47 : 1
		rend45 : 1
		rend43 : 1
		rend41 : 1
		rend39 : 1
		rend37 : 1
		rend35 : 1
		rend33 : 1
		rend31 : 1
		rend29 : 1
		rend27 : 1
		rend25 : 1
		rend23 : 1
		specfucore_ln160 : 1
		rend : 1
		trunc_ln6 : 1
		add_ln231 : 2
		acc_delta_act : 3
		sext_ln237 : 4
		zext_ln241_5 : 1
		sd_1_addr_5 : 2
		store_ln241 : 5


============================================================
+ Verbose Summary: Datapath Resource usage 
============================================================

* Functional unit list:
|----------|-------------------------------|---------|---------|---------|---------|
| Operation|        Functional Unit        |   DSP   |  Delay  |    FF   |   LUT   |
|----------|-------------------------------|---------|---------|---------|---------|
|          |        sub_ln223_fu_688       |    0    |    0    |    0    |    32   |
|          |       sub_ln223_1_fu_694      |    0    |    0    |    0    |    25   |
|          |       sub_ln223_2_fu_700      |    0    |    0    |    0    |    25   |
|          |       sub_ln223_3_fu_716      |    0    |    0    |    0    |    25   |
|          |       sub_ln223_4_fu_721      |    0    |    0    |    0    |    25   |
|          |       sub_ln223_7_fu_746      |    0    |    0    |    0    |    32   |
|          |       sub_ln223_8_fu_752      |    0    |    0    |    0    |    25   |
|          |       sub_ln223_9_fu_758      |    0    |    0    |    0    |    25   |
|          |      sub_ln223_10_fu_774      |    0    |    0    |    0    |    25   |
|          |      sub_ln223_11_fu_779      |    0    |    0    |    0    |    25   |
|          |      sub_ln223_14_fu_804      |    0    |    0    |    0    |    32   |
|          |      sub_ln223_15_fu_810      |    0    |    0    |    0    |    25   |
|          |      sub_ln223_16_fu_816      |    0    |    0    |    0    |    25   |
|          |      sub_ln223_17_fu_832      |    0    |    0    |    0    |    25   |
|          |      sub_ln223_18_fu_837      |    0    |    0    |    0    |    25   |
|          |      sub_ln223_21_fu_862      |    0    |    0    |    0    |    32   |
|          |      sub_ln223_22_fu_868      |    0    |    0    |    0    |    25   |
|          |      sub_ln223_23_fu_874      |    0    |    0    |    0    |    25   |
|    sub   |      sub_ln223_24_fu_890      |    0    |    0    |    0    |    25   |
|          |      sub_ln223_25_fu_895      |    0    |    0    |    0    |    25   |
|          |      sub_ln223_28_fu_930      |    0    |    0    |    0    |    32   |
|          |      sub_ln223_29_fu_936      |    0    |    0    |    0    |    25   |
|          |      sub_ln223_30_fu_942      |    0    |    0    |    0    |    25   |
|          |      sub_ln223_31_fu_958      |    0    |    0    |    0    |    25   |
|          |      sub_ln223_32_fu_963      |    0    |    0    |    0    |    25   |
|          |       sub_ln223_5_fu_973      |    0    |    0    |    0    |    25   |
|          |           acc_fu_978          |    0    |    0    |    0    |    25   |
|          |       sub_ln241_fu_1013       |    0    |    0    |    0    |    15   |
|          |      sub_ln223_12_fu_1038     |    0    |    0    |    0    |    25   |
|          |         acc_1_fu_1043         |    0    |    0    |    0    |    25   |
|          |      sub_ln223_19_fu_1070     |    0    |    0    |    0    |    25   |
|          |         acc_2_fu_1075         |    0    |    0    |    0    |    25   |
|          |      sub_ln223_26_fu_1100     |    0    |    0    |    0    |    25   |
|          |         acc_3_fu_1105         |    0    |    0    |    0    |    25   |
|          |      sub_ln223_33_fu_1125     |    0    |    0    |    0    |    25   |
|          |         acc_4_fu_1130         |    0    |    0    |    0    |    25   |
|          |     acc_delta_act_fu_1174     |    0    |    0    |    0    |    25   |
|----------|-------------------------------|---------|---------|---------|---------|
|    mul   |           grp_fu_602          |    4    |    0    |    98   |    47   |
|          |           grp_fu_606          |    2    |    0    |    98   |    47   |
|----------|-------------------------------|---------|---------|---------|---------|
|   call   | grp_affine_b0_term_hls_fu_591 |    2    |  0.854  |   198   |    65   |
|----------|-------------------------------|---------|---------|---------|---------|
|          |       add_ln241_fu_1090       |    0    |    0    |    0    |    14   |
|          |      add_ln241_1_fu_1115      |    0    |    0    |    0    |    14   |
|    add   |      add_ln241_2_fu_1140      |    0    |    0    |    0    |    14   |
|          |       add_ln231_fu_1168       |    0    |    0    |    0    |    25   |
|          |      add_ln241_3_fu_1185      |    0    |    0    |    0    |    14   |
|----------|-------------------------------|---------|---------|---------|---------|
|          |  lin_delta_k_read_read_fu_228 |    0    |    0    |    0    |    0    |
|          |    lin_ey_read_read_fu_234    |    0    |    0    |    0    |    0    |
|          |     p_read_37_read_fu_240     |    0    |    0    |    0    |    0    |
|          |      p_read57_read_fu_246     |    0    |    0    |    0    |    0    |
|          |   lin_epsi_read_read_fu_252   |    0    |    0    |    0    |    0    |
|          |     p_read_57_read_fu_258     |    0    |    0    |    0    |    0    |
|          |    lin_vx_read_read_fu_264    |    0    |    0    |    0    |    0    |
|          |     p_read_52_read_fu_270     |    0    |    0    |    0    |    0    |
|          |    lin_vy_read_read_fu_276    |    0    |    0    |    0    |    0    |
|          |     p_read_47_read_fu_282     |    0    |    0    |    0    |    0    |
|          |   lin_omega_read_read_fu_288  |    0    |    0    |    0    |    0    |
|          |     p_read_36_read_fu_294     |    0    |    0    |    0    |    0    |
|          |     p_read_42_read_fu_300     |    0    |    0    |    0    |    0    |
|          |    next_ey_read_read_fu_306   |    0    |    0    |    0    |    0    |
|          |     p_read158_read_fu_312     |    0    |    0    |    0    |    0    |
|          |     p_read_56_read_fu_318     |    0    |    0    |    0    |    0    |
|          |     p_read_51_read_fu_324     |    0    |    0    |    0    |    0    |
|          |     p_read_35_read_fu_330     |    0    |    0    |    0    |    0    |
|          |     p_read_46_read_fu_336     |    0    |    0    |    0    |    0    |
|          |     p_read_41_read_fu_342     |    0    |    0    |    0    |    0    |
|          |   next_epsi_read_read_fu_348  |    0    |    0    |    0    |    0    |
|          |     p_read259_read_fu_354     |    0    |    0    |    0    |    0    |
|          |     p_read_55_read_fu_360     |    0    |    0    |    0    |    0    |
|          |     p_read_34_read_fu_366     |    0    |    0    |    0    |    0    |
|          |     p_read_50_read_fu_372     |    0    |    0    |    0    |    0    |
|   read   |     p_read_45_read_fu_378     |    0    |    0    |    0    |    0    |
|          |     p_read_40_read_fu_384     |    0    |    0    |    0    |    0    |
|          |    next_vx_read_read_fu_390   |    0    |    0    |    0    |    0    |
|          |     p_read_59_read_fu_396     |    0    |    0    |    0    |    0    |
|          |     p_read_33_read_fu_402     |    0    |    0    |    0    |    0    |
|          |     p_read_54_read_fu_408     |    0    |    0    |    0    |    0    |
|          |     p_read_49_read_fu_414     |    0    |    0    |    0    |    0    |
|          |     p_read_44_read_fu_420     |    0    |    0    |    0    |    0    |
|          |     p_read_39_read_fu_426     |    0    |    0    |    0    |    0    |
|          |    next_vy_read_read_fu_432   |    0    |    0    |    0    |    0    |
|          |     p_read_58_read_fu_438     |    0    |    0    |    0    |    0    |
|          |     p_read_53_read_fu_444     |    0    |    0    |    0    |    0    |
|          |     p_read_48_read_fu_450     |    0    |    0    |    0    |    0    |
|          |     p_read_43_read_fu_456     |    0    |    0    |    0    |    0    |
|          |     p_read_38_read_fu_462     |    0    |    0    |    0    |    0    |
|          |  next_omega_read_read_fu_468  |    0    |    0    |    0    |    0    |
|          |      uk1_read_read_fu_474     |    0    |    0    |    0    |    0    |
|          |     p_read_32_read_fu_480     |    0    |    0    |    0    |    0    |
|          |     p_read_31_read_fu_486     |    0    |    0    |    0    |    0    |
|          |     p_read_30_read_fu_492     |    0    |    0    |    0    |    0    |
|          |  sd_1_offset_read_read_fu_498 |    0    |    0    |    0    |    0    |
|          |     p_read_29_read_fu_504     |    0    |    0    |    0    |    0    |
|          |     p_read_28_read_fu_510     |    0    |    0    |    0    |    0    |
|          |      uk0_read_read_fu_516     |    0    |    0    |    0    |    0    |
|          |  next_delta_read_read_fu_522  |    0    |    0    |    0    |    0    |
|          |   lin_delta_read_read_fu_528  |    0    |    0    |    0    |    0    |
|----------|-------------------------------|---------|---------|---------|---------|
|          |           grp_fu_611          |    0    |    0    |    0    |    0    |
|partselect|        tmp_cast_fu_1028       |    0    |    0    |    0    |    0    |
|          |       trunc_ln6_fu_1158       |    0    |    0    |    0    |    0    |
|----------|-------------------------------|---------|---------|---------|---------|
|          |        empty_599_fu_629       |    0    |    0    |    0    |    0    |
|          |       trunc_ln223_fu_684      |    0    |    0    |    0    |    0    |
|          |     trunc_ln223_11_fu_742     |    0    |    0    |    0    |    0    |
|          |     trunc_ln223_18_fu_800     |    0    |    0    |    0    |    0    |
|          |     trunc_ln223_25_fu_858     |    0    |    0    |    0    |    0    |
|   trunc  |     trunc_ln223_32_fu_926     |    0    |    0    |    0    |    0    |
|          |          empty_fu_969         |    0    |    0    |    0    |    0    |
|          |      trunc_ln241_fu_1001      |    0    |    0    |    0    |    0    |
|          |     trunc_ln241_1_fu_1024     |    0    |    0    |    0    |    0    |
|          |      trunc_ln231_fu_1150      |    0    |    0    |    0    |    0    |
|          |      trunc_ln232_fu_1154      |    0    |    0    |    0    |    0    |
|----------|-------------------------------|---------|---------|---------|---------|
|          |       sext_ln159_fu_634       |    0    |    0    |    0    |    0    |
|          |      sext_ln159_40_fu_639     |    0    |    0    |    0    |    0    |
|          |      sext_ln159_36_fu_644     |    0    |    0    |    0    |    0    |
|          |      sext_ln159_41_fu_649     |    0    |    0    |    0    |    0    |
|          |      sext_ln159_37_fu_654     |    0    |    0    |    0    |    0    |
|          |      sext_ln159_42_fu_659     |    0    |    0    |    0    |    0    |
|          |      sext_ln159_38_fu_664     |    0    |    0    |    0    |    0    |
|          |      sext_ln159_43_fu_669     |    0    |    0    |    0    |    0    |
|          |      sext_ln159_39_fu_674     |    0    |    0    |    0    |    0    |
|          |      sext_ln159_44_fu_679     |    0    |    0    |    0    |    0    |
|          |      sext_ln159_46_fu_706     |    0    |    0    |    0    |    0    |
|          |      sext_ln159_47_fu_711     |    0    |    0    |    0    |    0    |
|          |      sext_ln159_48_fu_727     |    0    |    0    |    0    |    0    |
|          |      sext_ln159_49_fu_732     |    0    |    0    |    0    |    0    |
|          |      sext_ln159_50_fu_737     |    0    |    0    |    0    |    0    |
|          |      sext_ln159_52_fu_764     |    0    |    0    |    0    |    0    |
|          |      sext_ln159_53_fu_769     |    0    |    0    |    0    |    0    |
|          |      sext_ln159_54_fu_785     |    0    |    0    |    0    |    0    |
|          |      sext_ln159_55_fu_790     |    0    |    0    |    0    |    0    |
|          |      sext_ln159_56_fu_795     |    0    |    0    |    0    |    0    |
|          |      sext_ln159_58_fu_822     |    0    |    0    |    0    |    0    |
|   sext   |      sext_ln159_59_fu_827     |    0    |    0    |    0    |    0    |
|          |      sext_ln159_60_fu_843     |    0    |    0    |    0    |    0    |
|          |      sext_ln159_61_fu_848     |    0    |    0    |    0    |    0    |
|          |      sext_ln159_62_fu_853     |    0    |    0    |    0    |    0    |
|          |      sext_ln159_64_fu_880     |    0    |    0    |    0    |    0    |
|          |      sext_ln159_65_fu_885     |    0    |    0    |    0    |    0    |
|          |      sext_ln159_66_fu_901     |    0    |    0    |    0    |    0    |
|          |      sext_ln159_67_fu_906     |    0    |    0    |    0    |    0    |
|          |      sext_ln159_68_fu_911     |    0    |    0    |    0    |    0    |
|          |       sext_ln523_fu_916       |    0    |    0    |    0    |    0    |
|          |      sext_ln159_45_fu_921     |    0    |    0    |    0    |    0    |
|          |      sext_ln159_51_fu_948     |    0    |    0    |    0    |    0    |
|          |      sext_ln159_57_fu_953     |    0    |    0    |    0    |    0    |
|          |       sext_ln225_fu_983       |    0    |    0    |    0    |    0    |
|          |      sext_ln159_63_fu_988     |    0    |    0    |    0    |    0    |
|          |      sext_ln225_1_fu_1048     |    0    |    0    |    0    |    0    |
|          |     sext_ln159_69_fu_1053     |    0    |    0    |    0    |    0    |
|          |      sext_ln225_2_fu_1080     |    0    |    0    |    0    |    0    |
|          |     sext_ln159_70_fu_1085     |    0    |    0    |    0    |    0    |
|          |      sext_ln225_3_fu_1110     |    0    |    0    |    0    |    0    |
|          |      sext_ln225_4_fu_1135     |    0    |    0    |    0    |    0    |
|          |       sext_ln237_fu_1180      |    0    |    0    |    0    |    0    |
|----------|-------------------------------|---------|---------|---------|---------|
|          |          p_shl_fu_993         |    0    |    0    |    0    |    0    |
|bitconcatenate|         p_shl1_fu_1005        |    0    |    0    |    0    |    0    |
|          |         tmp_s_fu_1058         |    0    |    0    |    0    |    0    |
|----------|-------------------------------|---------|---------|---------|---------|
|          |       zext_ln241_fu_1019      |    0    |    0    |    0    |    0    |
|          |      zext_ln241_1_fu_1065     |    0    |    0    |    0    |    0    |
|   zext   |      zext_ln241_2_fu_1095     |    0    |    0    |    0    |    0    |
|          |      zext_ln241_3_fu_1120     |    0    |    0    |    0    |    0    |
|          |      zext_ln241_4_fu_1145     |    0    |    0    |    0    |    0    |
|          |      zext_ln241_5_fu_1190     |    0    |    0    |    0    |    0    |
|----------|-------------------------------|---------|---------|---------|---------|
|   Total  |                               |    8    |  0.854  |   394   |   1190  |
|----------|-------------------------------|---------|---------|---------|---------|

Memories:
N/A

* Register list:
+----------------------+--------+
|                      |   FF   |
+----------------------+--------+
|     b0_1_reg_1280    |   25   |
|     b0_2_reg_1310    |   25   |
|     b0_3_reg_1345    |   25   |
|     b0_4_reg_1375    |   25   |
|      b0_reg_1240     |   25   |
|  empty_599_reg_1195  |   18   |
|        reg_621       |   25   |
|        reg_625       |   25   |
|sext_ln159_36_reg_1210|   43   |
|sext_ln159_37_reg_1220|   43   |
|sext_ln159_38_reg_1230|   43   |
|sext_ln159_39_reg_1245|   43   |
|sext_ln159_40_reg_1205|   43   |
|sext_ln159_41_reg_1215|   43   |
|sext_ln159_42_reg_1225|   43   |
|sext_ln159_43_reg_1235|   43   |
|sext_ln159_44_reg_1250|   43   |
|sext_ln159_45_reg_1420|   43   |
|sext_ln159_46_reg_1260|   43   |
|sext_ln159_47_reg_1265|   43   |
|sext_ln159_48_reg_1275|   43   |
|sext_ln159_49_reg_1285|   43   |
|sext_ln159_50_reg_1290|   43   |
|sext_ln159_51_reg_1430|   43   |
|sext_ln159_52_reg_1300|   43   |
|sext_ln159_53_reg_1305|   43   |
|sext_ln159_54_reg_1320|   43   |
|sext_ln159_55_reg_1325|   43   |
|sext_ln159_56_reg_1330|   43   |
|sext_ln159_57_reg_1435|   43   |
|sext_ln159_58_reg_1340|   43   |
|sext_ln159_59_reg_1350|   43   |
|sext_ln159_60_reg_1360|   43   |
|sext_ln159_61_reg_1365|   43   |
|sext_ln159_62_reg_1370|   43   |
|sext_ln159_63_reg_1445|   43   |
|sext_ln159_64_reg_1385|   43   |
|sext_ln159_65_reg_1390|   43   |
|sext_ln159_66_reg_1400|   43   |
|sext_ln159_67_reg_1405|   43   |
|sext_ln159_68_reg_1410|   43   |
|sext_ln159_69_reg_1463|   43   |
|sext_ln159_70_reg_1468|   46   |
|  sext_ln159_reg_1200 |   43   |
|  sext_ln523_reg_1415 |   43   |
| sub_ln223_11_reg_1315|   25   |
| sub_ln223_16_reg_1335|   25   |
| sub_ln223_18_reg_1355|   25   |
| sub_ln223_23_reg_1380|   25   |
| sub_ln223_25_reg_1395|   25   |
| sub_ln223_2_reg_1255 |   25   |
| sub_ln223_30_reg_1425|   25   |
| sub_ln223_32_reg_1440|   25   |
| sub_ln223_4_reg_1270 |   25   |
| sub_ln223_9_reg_1295 |   25   |
|   tmp_cast_reg_1458  |    6   |
|trunc_ln241_1_reg_1450|    7   |
+----------------------+--------+
|         Total        |  2050  |
+----------------------+--------+

* Multiplexer (MUX) list: 
|-------------------------------|------|------|------|--------||---------||---------||---------|
|              Comp             |  Pin | Size |  BW  | S x BW ||  Delay  ||    FF   ||   LUT   |
|-------------------------------|------|------|------|--------||---------||---------||---------|
|       grp_access_fu_541       |  p2  |   6  |   0  |    0   ||    0    ||    31   |
|       grp_access_fu_541       |  p4  |   6  |   7  |   42   ||    0    ||    31   |
| grp_affine_b0_term_hls_fu_591 |  p1  |   5  |  32  |   160  ||    0    ||    26   |
| grp_affine_b0_term_hls_fu_591 |  p2  |   2  |  18  |   36   ||    0    ||    9    |
|           grp_fu_602          |  p0  |  60  |  32  |  1920  ||    0    ||   259   |
|           grp_fu_602          |  p1  |  12  |  32  |   384  ||    0    ||    65   |
|           grp_fu_606          |  p0  |   2  |  32  |   64   ||    0    ||    9    |
|-------------------------------|------|------|------|--------||---------||---------||---------|
|             Total             |      |      |      |  2606  || 4.29647 ||    0    ||   430   |
|-------------------------------|------|------|------|--------||---------||---------||---------|



* Summary:
+-----------+--------+--------+--------+--------+
|           |   DSP  |  Delay |   FF   |   LUT  |
+-----------+--------+--------+--------+--------+
|  Function |    8   |    0   |   394  |  1190  |
|   Memory  |    -   |    -   |    -   |    -   |
|Multiplexer|    -   |    4   |    0   |   430  |
|  Register |    -   |    -   |  2050  |    -   |
+-----------+--------+--------+--------+--------+
|   Total   |    8   |    5   |  2444  |  1620  |
+-----------+--------+--------+--------+--------+
