

================================================================
== Vitis HLS Report for 'fp_recip_fn'
================================================================
* Date:           Thu May 21 15:23:03 2026

* Version:        2025.2 (Build 6295257 on Nov 14 2025)
* Project:        mpc_fpga_top_opencl
* Solution:       hls (Vitis Kernel Flow Target)
* Product family: zynquplus
* Target device:  xck26-sfvc784-2LV-c


================================================================
== Performance Estimates
================================================================
+ Timing: 
    * Summary: 
    +--------+---------+----------+------------+
    |  Clock |  Target | Estimated| Uncertainty|
    +--------+---------+----------+------------+
    |ap_clk  |  5.00 ns|  4.351 ns|     0.50 ns|
    +--------+---------+----------+------------+

+ Latency: 
    * Summary: 
    +---------+---------+-----------+-----------+-----+-----+---------+
    |  Latency (cycles) |   Latency (absolute)  |  Interval | Pipeline|
    |   min   |   max   |    min    |    max    | min | max |   Type  |
    +---------+---------+-----------+-----------+-----+-----+---------+
    |        6|        6|  30.000 ns|  30.000 ns|    1|    1|      yes|
    +---------+---------+-----------+-----------+-----+-----+---------+

    + Detail: 
        * Instance: 
        N/A

        * Loop: 
        N/A

============================================================
+ Verbose Summary: Synthesis Manager
============================================================
InlineROM: 1
ExposeGlobal: 0
============================================================
+ Verbose Summary: CDFG Model
============================================================
IsTopModel: 0
ResetActiveHigh: 1
IsCombinational: 0
IsDatapathOnly: 0
HasWiredReturn: 1
HasMFsm: 2
HasVarLatency: 0
IsPipeline: 1
IsRtlPipelined: 1
IsInstanceOverlapped: 0
IsDontTouch: 0
HasImplIP: 0
IsGatedGlobalClock: 0

+ Individual pipeline summary: 
  * Pipeline-0: initiation interval (II) = 1, depth = 7


============================================================
+ Verbose Summary: Schedule
============================================================
* Number of FSM states : 7
* Pipeline : 1
  Pipeline-0 : II = 1, D = 7, States = { 1 2 3 4 5 6 7 }
* Dataflow Pipeline: 0

* FSM state transitions: 
1 --> 2 
2 --> 3 
3 --> 4 
4 --> 5 
5 --> 6 
6 --> 7 
7 --> 

* FSM state operations: 

State 1 <SV = 0> <Delay = 3.38>
ST_1 : Operation 8 [1/1] (0.00ns)   --->   "%x_read = read i26 @_ssdm_op_Read.ap_auto.i26, i26 %x" [../src/fp_math_hls.cpp:794]   --->   Operation 8 'read' 'x_read' <Predicate = true> <Delay = 0.00>
ST_1 : Operation 9 [1/1] (0.95ns)   --->   "%icmp_ln804 = icmp_eq  i26 %x_read, i26 0" [../src/fp_math_hls.cpp:804]   --->   Operation 9 'icmp' 'icmp_ln804' <Predicate = true> <Delay = 0.95> <CoreInst = "Cmp">   --->   Core 9 'Cmp' <Latency = 0> <II = 1> <Delay = 0.95> <FuncUnit> <Opcode : 'seteq' 'setne' 'setle' 'setge' 'setlt' 'setgt'> <InPorts = 2> <OutPorts = 1>
ST_1 : Operation 10 [1/1] (0.00ns)   --->   "%neg = bitselect i1 @_ssdm_op_BitSelect.i1.i26.i32, i26 %x_read, i32 25" [../src/fp_math_hls.cpp:807]   --->   Operation 10 'bitselect' 'neg' <Predicate = true> <Delay = 0.00>
ST_1 : Operation 11 [1/1] (0.95ns)   --->   "%abs_raw_signed = sub i26 0, i26 %x_read" [../src/fp_math_hls.cpp:809]   --->   Operation 11 'sub' 'abs_raw_signed' <Predicate = true> <Delay = 0.95> <CoreInst = "Adder">   --->   Core 1 'Adder' <Latency = 0> <II = 1> <Delay = 0.95> <FuncUnit> <Opcode : 'add' 'sub'> <InPorts = 2> <OutPorts = 1>
ST_1 : Operation 12 [1/1] (0.32ns)   --->   "%abs_raw_signed_2 = select i1 %neg, i26 %abs_raw_signed, i26 %x_read" [../src/fp_math_hls.cpp:809]   --->   Operation 12 'select' 'abs_raw_signed_2' <Predicate = true> <Delay = 0.32> <CoreInst = "Sel">   --->   Core 73 'Sel' <Latency = 0> <II = 1> <Delay = 0.32> <FuncUnit> <Opcode : 'select'> <InPorts = 3> <OutPorts = 1>
ST_1 : Operation 13 [1/1] (0.54ns)   --->   "%clz = ctlz i26 @llvm.ctlz.i26, i26 %abs_raw_signed_2, i1 0" [../src/fp_math_hls.cpp:816]   --->   Operation 13 'ctlz' 'clz' <Predicate = true> <Delay = 0.54> <CoreInst = "ctlz">   --->   Core 145 'ctlz' <Latency = 0> <II = 1> <Delay = 0.54> <FuncUnit> <Opcode : 'ctlz'> <InPorts = 1> <OutPorts = 1>
ST_1 : Operation 14 [1/1] (0.00ns)   --->   "%trunc_ln816 = trunc i26 %clz" [../src/fp_math_hls.cpp:816]   --->   Operation 14 'trunc' 'trunc_ln816' <Predicate = true> <Delay = 0.00>
ST_1 : Operation 15 [1/1] (0.78ns)   --->   "%msb = sub i6 25, i6 %trunc_ln816" [../src/fp_math_hls.cpp:817]   --->   Operation 15 'sub' 'msb' <Predicate = true> <Delay = 0.78> <CoreInst = "Adder">   --->   Core 1 'Adder' <Latency = 0> <II = 1> <Delay = 0.78> <FuncUnit> <Opcode : 'add' 'sub'> <InPorts = 2> <OutPorts = 1>
ST_1 : Operation 16 [1/1] (0.78ns)   --->   "%icmp_ln819 = icmp_sgt  i6 %msb, i6 17" [../src/fp_math_hls.cpp:819]   --->   Operation 16 'icmp' 'icmp_ln819' <Predicate = true> <Delay = 0.78> <CoreInst = "Cmp">   --->   Core 9 'Cmp' <Latency = 0> <II = 1> <Delay = 0.78> <FuncUnit> <Opcode : 'seteq' 'setne' 'setle' 'setge' 'setlt' 'setgt'> <InPorts = 2> <OutPorts = 1>
ST_1 : Operation 17 [1/1] (0.78ns)   --->   "%shift = add i6 %msb, i6 47" [../src/fp_math_hls.cpp:820]   --->   Operation 17 'add' 'shift' <Predicate = true> <Delay = 0.78> <CoreInst = "Adder">   --->   Core 1 'Adder' <Latency = 0> <II = 1> <Delay = 0.78> <FuncUnit> <Opcode : 'add' 'sub'> <InPorts = 2> <OutPorts = 1>
ST_1 : Operation 18 [1/1] (0.00ns)   --->   "%tmp = partselect i2 @_ssdm_op_PartSelect.i2.i6.i32.i32, i6 %msb, i32 4, i32 5" [../src/fp_math_hls.cpp:821]   --->   Operation 18 'partselect' 'tmp' <Predicate = true> <Delay = 0.00>
ST_1 : Operation 19 [1/1] (0.54ns)   --->   "%icmp_ln821 = icmp_ne  i2 %tmp, i2 1" [../src/fp_math_hls.cpp:821]   --->   Operation 19 'icmp' 'icmp_ln821' <Predicate = true> <Delay = 0.54> <CoreInst = "Cmp">   --->   Core 9 'Cmp' <Latency = 0> <II = 1> <Delay = 0.54> <FuncUnit> <Opcode : 'seteq' 'setne' 'setle' 'setge' 'setlt' 'setgt'> <InPorts = 2> <OutPorts = 1>
ST_1 : Operation 20 [1/1] (0.78ns)   --->   "%add_ln822 = add i6 %msb, i6 48" [../src/fp_math_hls.cpp:822]   --->   Operation 20 'add' 'add_ln822' <Predicate = true> <Delay = 0.78> <CoreInst = "Adder">   --->   Core 1 'Adder' <Latency = 0> <II = 1> <Delay = 0.78> <FuncUnit> <Opcode : 'add' 'sub'> <InPorts = 2> <OutPorts = 1>

State 2 <SV = 1> <Delay = 4.30>
ST_2 : Operation 21 [1/1] (0.00ns) (grouped into LUT with out node shift_1)   --->   "%spec_select = select i1 %icmp_ln821, i6 %add_ln822, i6 0" [../src/fp_math_hls.cpp:821]   --->   Operation 21 'select' 'spec_select' <Predicate = (!icmp_ln819)> <Delay = 0.00> <CoreInst = "Sel">   --->   Core 73 'Sel' <Latency = 0> <II = 1> <Delay = 0.38> <FuncUnit> <Opcode : 'select'> <InPorts = 3> <OutPorts = 1>
ST_2 : Operation 22 [1/1] (0.38ns) (out node of the LUT)   --->   "%shift_1 = select i1 %icmp_ln819, i6 %shift, i6 %spec_select" [../src/fp_math_hls.cpp:819]   --->   Operation 22 'select' 'shift_1' <Predicate = true> <Delay = 0.38> <CoreInst = "Sel">   --->   Core 73 'Sel' <Latency = 0> <II = 1> <Delay = 0.38> <FuncUnit> <Opcode : 'select'> <InPorts = 3> <OutPorts = 1>
ST_2 : Operation 23 [1/1] (0.00ns) (grouped into LUT with out node shift_4)   --->   "%tmp_56 = bitselect i1 @_ssdm_op_BitSelect.i1.i6.i32, i6 %shift_1, i32 5" [../src/fp_math_hls.cpp:825]   --->   Operation 23 'bitselect' 'tmp_56' <Predicate = true> <Delay = 0.00>
ST_2 : Operation 24 [1/1] (0.78ns)   --->   "%icmp_ln829 = icmp_eq  i6 %shift_1, i6 1" [../src/fp_math_hls.cpp:829]   --->   Operation 24 'icmp' 'icmp_ln829' <Predicate = true> <Delay = 0.78> <CoreInst = "Cmp">   --->   Core 9 'Cmp' <Latency = 0> <II = 1> <Delay = 0.78> <FuncUnit> <Opcode : 'seteq' 'setne' 'setle' 'setge' 'setlt' 'setgt'> <InPorts = 2> <OutPorts = 1>
ST_2 : Operation 25 [1/1] (0.78ns)   --->   "%icmp_ln829_1 = icmp_eq  i6 %shift_1, i6 2" [../src/fp_math_hls.cpp:829]   --->   Operation 25 'icmp' 'icmp_ln829_1' <Predicate = true> <Delay = 0.78> <CoreInst = "Cmp">   --->   Core 9 'Cmp' <Latency = 0> <II = 1> <Delay = 0.78> <FuncUnit> <Opcode : 'seteq' 'setne' 'setle' 'setge' 'setlt' 'setgt'> <InPorts = 2> <OutPorts = 1>
ST_2 : Operation 26 [1/1] (0.78ns)   --->   "%icmp_ln829_2 = icmp_eq  i6 %shift_1, i6 3" [../src/fp_math_hls.cpp:829]   --->   Operation 26 'icmp' 'icmp_ln829_2' <Predicate = true> <Delay = 0.78> <CoreInst = "Cmp">   --->   Core 9 'Cmp' <Latency = 0> <II = 1> <Delay = 0.78> <FuncUnit> <Opcode : 'seteq' 'setne' 'setle' 'setge' 'setlt' 'setgt'> <InPorts = 2> <OutPorts = 1>
ST_2 : Operation 27 [1/1] (0.78ns)   --->   "%icmp_ln829_3 = icmp_eq  i6 %shift_1, i6 4" [../src/fp_math_hls.cpp:829]   --->   Operation 27 'icmp' 'icmp_ln829_3' <Predicate = true> <Delay = 0.78> <CoreInst = "Cmp">   --->   Core 9 'Cmp' <Latency = 0> <II = 1> <Delay = 0.78> <FuncUnit> <Opcode : 'seteq' 'setne' 'setle' 'setge' 'setlt' 'setgt'> <InPorts = 2> <OutPorts = 1>
ST_2 : Operation 28 [1/1] (0.78ns)   --->   "%icmp_ln829_4 = icmp_eq  i6 %shift_1, i6 5" [../src/fp_math_hls.cpp:829]   --->   Operation 28 'icmp' 'icmp_ln829_4' <Predicate = true> <Delay = 0.78> <CoreInst = "Cmp">   --->   Core 9 'Cmp' <Latency = 0> <II = 1> <Delay = 0.78> <FuncUnit> <Opcode : 'seteq' 'setne' 'setle' 'setge' 'setlt' 'setgt'> <InPorts = 2> <OutPorts = 1>
ST_2 : Operation 29 [1/1] (0.78ns)   --->   "%icmp_ln829_5 = icmp_eq  i6 %shift_1, i6 6" [../src/fp_math_hls.cpp:829]   --->   Operation 29 'icmp' 'icmp_ln829_5' <Predicate = true> <Delay = 0.78> <CoreInst = "Cmp">   --->   Core 9 'Cmp' <Latency = 0> <II = 1> <Delay = 0.78> <FuncUnit> <Opcode : 'seteq' 'setne' 'setle' 'setge' 'setlt' 'setgt'> <InPorts = 2> <OutPorts = 1>
ST_2 : Operation 30 [1/1] (0.78ns)   --->   "%icmp_ln829_6 = icmp_eq  i6 %shift_1, i6 7" [../src/fp_math_hls.cpp:829]   --->   Operation 30 'icmp' 'icmp_ln829_6' <Predicate = true> <Delay = 0.78> <CoreInst = "Cmp">   --->   Core 9 'Cmp' <Latency = 0> <II = 1> <Delay = 0.78> <FuncUnit> <Opcode : 'seteq' 'setne' 'setle' 'setge' 'setlt' 'setgt'> <InPorts = 2> <OutPorts = 1>
ST_2 : Operation 31 [1/1] (0.78ns)   --->   "%icmp_ln829_7 = icmp_eq  i6 %shift_1, i6 8" [../src/fp_math_hls.cpp:829]   --->   Operation 31 'icmp' 'icmp_ln829_7' <Predicate = true> <Delay = 0.78> <CoreInst = "Cmp">   --->   Core 9 'Cmp' <Latency = 0> <II = 1> <Delay = 0.78> <FuncUnit> <Opcode : 'seteq' 'setne' 'setle' 'setge' 'setlt' 'setgt'> <InPorts = 2> <OutPorts = 1>
ST_2 : Operation 32 [1/1] (0.00ns) (grouped into LUT with out node icmp_ln834)   --->   "%tmp_57 = bitselect i1 @_ssdm_op_BitSelect.i1.i26.i32, i26 %abs_raw_signed_2, i32 25" [../src/fp_math_hls.cpp:834]   --->   Operation 32 'bitselect' 'tmp_57' <Predicate = true> <Delay = 0.00>
ST_2 : Operation 33 [1/1] (0.00ns) (grouped into LUT with out node icmp_ln834)   --->   "%zext_ln834 = zext i1 %tmp_57" [../src/fp_math_hls.cpp:834]   --->   Operation 33 'zext' 'zext_ln834' <Predicate = true> <Delay = 0.00>
ST_2 : Operation 34 [1/1] (0.00ns) (grouped into LUT with out node icmp_ln834)   --->   "%tmp_58 = partselect i2 @_ssdm_op_PartSelect.i2.i26.i32.i32, i26 %abs_raw_signed_2, i32 24, i32 25" [../src/fp_math_hls.cpp:834]   --->   Operation 34 'partselect' 'tmp_58' <Predicate = true> <Delay = 0.00>
ST_2 : Operation 35 [1/1] (0.00ns) (grouped into LUT with out node icmp_ln834)   --->   "%zext_ln834_1 = zext i2 %tmp_58" [../src/fp_math_hls.cpp:834]   --->   Operation 35 'zext' 'zext_ln834_1' <Predicate = true> <Delay = 0.00>
ST_2 : Operation 36 [1/1] (0.00ns) (grouped into LUT with out node select_ln829_5)   --->   "%tmp_59 = partselect i3 @_ssdm_op_PartSelect.i3.i26.i32.i32, i26 %abs_raw_signed_2, i32 23, i32 25" [../src/fp_math_hls.cpp:834]   --->   Operation 36 'partselect' 'tmp_59' <Predicate = true> <Delay = 0.00>
ST_2 : Operation 37 [1/1] (0.00ns) (grouped into LUT with out node select_ln829_5)   --->   "%zext_ln834_2 = zext i3 %tmp_59" [../src/fp_math_hls.cpp:834]   --->   Operation 37 'zext' 'zext_ln834_2' <Predicate = true> <Delay = 0.00>
ST_2 : Operation 38 [1/1] (0.00ns) (grouped into LUT with out node select_ln829_5)   --->   "%tmp_60 = partselect i4 @_ssdm_op_PartSelect.i4.i26.i32.i32, i26 %abs_raw_signed_2, i32 22, i32 25" [../src/fp_math_hls.cpp:834]   --->   Operation 38 'partselect' 'tmp_60' <Predicate = true> <Delay = 0.00>
ST_2 : Operation 39 [1/1] (0.00ns) (grouped into LUT with out node select_ln829_5)   --->   "%zext_ln834_3 = zext i4 %tmp_60" [../src/fp_math_hls.cpp:834]   --->   Operation 39 'zext' 'zext_ln834_3' <Predicate = true> <Delay = 0.00>
ST_2 : Operation 40 [1/1] (0.00ns) (grouped into LUT with out node select_ln829_3)   --->   "%tmp_61 = partselect i5 @_ssdm_op_PartSelect.i5.i26.i32.i32, i26 %abs_raw_signed_2, i32 21, i32 25" [../src/fp_math_hls.cpp:834]   --->   Operation 40 'partselect' 'tmp_61' <Predicate = true> <Delay = 0.00>
ST_2 : Operation 41 [1/1] (0.00ns) (grouped into LUT with out node select_ln829_3)   --->   "%zext_ln834_4 = zext i5 %tmp_61" [../src/fp_math_hls.cpp:834]   --->   Operation 41 'zext' 'zext_ln834_4' <Predicate = true> <Delay = 0.00>
ST_2 : Operation 42 [1/1] (0.00ns) (grouped into LUT with out node select_ln829_3)   --->   "%tmp_62 = partselect i6 @_ssdm_op_PartSelect.i6.i26.i32.i32, i26 %abs_raw_signed_2, i32 20, i32 25" [../src/fp_math_hls.cpp:834]   --->   Operation 42 'partselect' 'tmp_62' <Predicate = true> <Delay = 0.00>
ST_2 : Operation 43 [1/1] (0.00ns) (grouped into LUT with out node select_ln829_3)   --->   "%zext_ln834_5 = zext i6 %tmp_62" [../src/fp_math_hls.cpp:834]   --->   Operation 43 'zext' 'zext_ln834_5' <Predicate = true> <Delay = 0.00>
ST_2 : Operation 44 [1/1] (0.00ns) (grouped into LUT with out node select_ln829_1)   --->   "%tmp_63 = partselect i7 @_ssdm_op_PartSelect.i7.i26.i32.i32, i26 %abs_raw_signed_2, i32 19, i32 25" [../src/fp_math_hls.cpp:834]   --->   Operation 44 'partselect' 'tmp_63' <Predicate = true> <Delay = 0.00>
ST_2 : Operation 45 [1/1] (0.00ns) (grouped into LUT with out node select_ln829_1)   --->   "%zext_ln834_6 = zext i7 %tmp_63" [../src/fp_math_hls.cpp:834]   --->   Operation 45 'zext' 'zext_ln834_6' <Predicate = true> <Delay = 0.00>
ST_2 : Operation 46 [1/1] (0.00ns) (grouped into LUT with out node select_ln829_1)   --->   "%tmp_64 = partselect i8 @_ssdm_op_PartSelect.i8.i26.i32.i32, i26 %abs_raw_signed_2, i32 18, i32 25" [../src/fp_math_hls.cpp:834]   --->   Operation 46 'partselect' 'tmp_64' <Predicate = true> <Delay = 0.00>
ST_2 : Operation 47 [1/1] (0.00ns) (grouped into LUT with out node select_ln829_1)   --->   "%zext_ln834_7 = zext i8 %tmp_64" [../src/fp_math_hls.cpp:834]   --->   Operation 47 'zext' 'zext_ln834_7' <Predicate = true> <Delay = 0.00>
ST_2 : Operation 48 [1/1] (0.00ns) (grouped into LUT with out node select_ln829_1)   --->   "%tmp_65 = partselect i9 @_ssdm_op_PartSelect.i9.i26.i32.i32, i26 %abs_raw_signed_2, i32 17, i32 25" [../src/fp_math_hls.cpp:834]   --->   Operation 48 'partselect' 'tmp_65' <Predicate = true> <Delay = 0.00>
ST_2 : Operation 49 [1/1] (0.00ns) (grouped into LUT with out node select_ln829_1)   --->   "%select_ln829 = select i1 %icmp_ln829, i9 %zext_ln834_7, i9 %tmp_65" [../src/fp_math_hls.cpp:829]   --->   Operation 49 'select' 'select_ln829' <Predicate = true> <Delay = 0.00> <CoreInst = "Sel">   --->   Core 73 'Sel' <Latency = 0> <II = 1> <Delay = 0.39> <FuncUnit> <Opcode : 'select'> <InPorts = 3> <OutPorts = 1>
ST_2 : Operation 50 [1/1] (0.39ns) (out node of the LUT)   --->   "%select_ln829_1 = select i1 %icmp_ln829_1, i9 %zext_ln834_6, i9 %select_ln829" [../src/fp_math_hls.cpp:829]   --->   Operation 50 'select' 'select_ln829_1' <Predicate = true> <Delay = 0.39> <CoreInst = "Sel">   --->   Core 73 'Sel' <Latency = 0> <II = 1> <Delay = 0.39> <FuncUnit> <Opcode : 'select'> <InPorts = 3> <OutPorts = 1>
ST_2 : Operation 51 [1/1] (0.00ns) (grouped into LUT with out node select_ln829_3)   --->   "%select_ln829_2 = select i1 %icmp_ln829_2, i9 %zext_ln834_5, i9 %select_ln829_1" [../src/fp_math_hls.cpp:829]   --->   Operation 51 'select' 'select_ln829_2' <Predicate = true> <Delay = 0.00> <CoreInst = "Sel">   --->   Core 73 'Sel' <Latency = 0> <II = 1> <Delay = 0.39> <FuncUnit> <Opcode : 'select'> <InPorts = 3> <OutPorts = 1>
ST_2 : Operation 52 [1/1] (0.39ns) (out node of the LUT)   --->   "%select_ln829_3 = select i1 %icmp_ln829_3, i9 %zext_ln834_4, i9 %select_ln829_2" [../src/fp_math_hls.cpp:829]   --->   Operation 52 'select' 'select_ln829_3' <Predicate = true> <Delay = 0.39> <CoreInst = "Sel">   --->   Core 73 'Sel' <Latency = 0> <II = 1> <Delay = 0.39> <FuncUnit> <Opcode : 'select'> <InPorts = 3> <OutPorts = 1>
ST_2 : Operation 53 [1/1] (0.00ns) (grouped into LUT with out node select_ln829_5)   --->   "%select_ln829_4 = select i1 %icmp_ln829_4, i9 %zext_ln834_3, i9 %select_ln829_3" [../src/fp_math_hls.cpp:829]   --->   Operation 53 'select' 'select_ln829_4' <Predicate = true> <Delay = 0.00> <CoreInst = "Sel">   --->   Core 73 'Sel' <Latency = 0> <II = 1> <Delay = 0.39> <FuncUnit> <Opcode : 'select'> <InPorts = 3> <OutPorts = 1>
ST_2 : Operation 54 [1/1] (0.39ns) (out node of the LUT)   --->   "%select_ln829_5 = select i1 %icmp_ln829_5, i9 %zext_ln834_2, i9 %select_ln829_4" [../src/fp_math_hls.cpp:829]   --->   Operation 54 'select' 'select_ln829_5' <Predicate = true> <Delay = 0.39> <CoreInst = "Sel">   --->   Core 73 'Sel' <Latency = 0> <II = 1> <Delay = 0.39> <FuncUnit> <Opcode : 'select'> <InPorts = 3> <OutPorts = 1>
ST_2 : Operation 55 [1/1] (0.00ns) (grouped into LUT with out node icmp_ln834)   --->   "%select_ln829_6 = select i1 %icmp_ln829_6, i9 %zext_ln834_1, i9 %select_ln829_5" [../src/fp_math_hls.cpp:829]   --->   Operation 55 'select' 'select_ln829_6' <Predicate = true> <Delay = 0.00> <CoreInst = "Sel">   --->   Core 73 'Sel' <Latency = 0> <II = 1> <Delay = 0.39> <FuncUnit> <Opcode : 'select'> <InPorts = 3> <OutPorts = 1>
ST_2 : Operation 56 [1/1] (0.00ns) (grouped into LUT with out node icmp_ln834)   --->   "%select_ln829_7 = select i1 %icmp_ln829_7, i9 %zext_ln834, i9 %select_ln829_6" [../src/fp_math_hls.cpp:829]   --->   Operation 56 'select' 'select_ln829_7' <Predicate = true> <Delay = 0.00> <CoreInst = "Sel">   --->   Core 73 'Sel' <Latency = 0> <II = 1> <Delay = 0.39> <FuncUnit> <Opcode : 'select'> <InPorts = 3> <OutPorts = 1>
ST_2 : Operation 57 [1/1] (0.77ns) (out node of the LUT)   --->   "%icmp_ln834 = icmp_ne  i9 %select_ln829_7, i9 0" [../src/fp_math_hls.cpp:834]   --->   Operation 57 'icmp' 'icmp_ln834' <Predicate = true> <Delay = 0.77> <CoreInst = "Cmp">   --->   Core 9 'Cmp' <Latency = 0> <II = 1> <Delay = 0.77> <FuncUnit> <Opcode : 'seteq' 'setne' 'setle' 'setge' 'setlt' 'setgt'> <InPorts = 2> <OutPorts = 1>
ST_2 : Operation 58 [1/1] (0.78ns)   --->   "%shift_2 = add i6 %shift_1, i6 1" [../src/fp_math_hls.cpp:835]   --->   Operation 58 'add' 'shift_2' <Predicate = true> <Delay = 0.78> <CoreInst = "Adder">   --->   Core 1 'Adder' <Latency = 0> <II = 1> <Delay = 0.78> <FuncUnit> <Opcode : 'add' 'sub'> <InPorts = 2> <OutPorts = 1>
ST_2 : Operation 59 [1/1] (0.00ns) (grouped into LUT with out node shift_4)   --->   "%shift_3 = select i1 %icmp_ln834, i6 %shift_2, i6 %shift_1" [../src/fp_math_hls.cpp:834]   --->   Operation 59 'select' 'shift_3' <Predicate = true> <Delay = 0.00> <CoreInst = "Sel">   --->   Core 73 'Sel' <Latency = 0> <II = 1> <Delay = 0.38> <FuncUnit> <Opcode : 'select'> <InPorts = 3> <OutPorts = 1>
ST_2 : Operation 60 [1/1] (0.38ns) (out node of the LUT)   --->   "%shift_4 = select i1 %tmp_56, i6 %shift_1, i6 %shift_3" [../src/fp_math_hls.cpp:825]   --->   Operation 60 'select' 'shift_4' <Predicate = true> <Delay = 0.38> <CoreInst = "Sel">   --->   Core 73 'Sel' <Latency = 0> <II = 1> <Delay = 0.38> <FuncUnit> <Opcode : 'select'> <InPorts = 3> <OutPorts = 1>
ST_2 : Operation 61 [1/1] (0.78ns)   --->   "%icmp_ln221 = icmp_eq  i6 %shift_4, i6 1" [../src/fp_math_hls.cpp:221->../src/fp_math_hls.cpp:844]   --->   Operation 61 'icmp' 'icmp_ln221' <Predicate = true> <Delay = 0.78> <CoreInst = "Cmp">   --->   Core 9 'Cmp' <Latency = 0> <II = 1> <Delay = 0.78> <FuncUnit> <Opcode : 'seteq' 'setne' 'setle' 'setge' 'setlt' 'setgt'> <InPorts = 2> <OutPorts = 1>
ST_2 : Operation 62 [1/1] (0.78ns)   --->   "%icmp_ln223 = icmp_eq  i6 %shift_4, i6 63" [../src/fp_math_hls.cpp:223->../src/fp_math_hls.cpp:844]   --->   Operation 62 'icmp' 'icmp_ln223' <Predicate = true> <Delay = 0.78> <CoreInst = "Cmp">   --->   Core 9 'Cmp' <Latency = 0> <II = 1> <Delay = 0.78> <FuncUnit> <Opcode : 'seteq' 'setne' 'setle' 'setge' 'setlt' 'setgt'> <InPorts = 2> <OutPorts = 1>
ST_2 : Operation 63 [1/1] (0.78ns)   --->   "%icmp_ln221_1 = icmp_eq  i6 %shift_4, i6 2" [../src/fp_math_hls.cpp:221->../src/fp_math_hls.cpp:844]   --->   Operation 63 'icmp' 'icmp_ln221_1' <Predicate = true> <Delay = 0.78> <CoreInst = "Cmp">   --->   Core 9 'Cmp' <Latency = 0> <II = 1> <Delay = 0.78> <FuncUnit> <Opcode : 'seteq' 'setne' 'setle' 'setge' 'setlt' 'setgt'> <InPorts = 2> <OutPorts = 1>
ST_2 : Operation 64 [1/1] (0.78ns)   --->   "%icmp_ln223_1 = icmp_eq  i6 %shift_4, i6 62" [../src/fp_math_hls.cpp:223->../src/fp_math_hls.cpp:844]   --->   Operation 64 'icmp' 'icmp_ln223_1' <Predicate = true> <Delay = 0.78> <CoreInst = "Cmp">   --->   Core 9 'Cmp' <Latency = 0> <II = 1> <Delay = 0.78> <FuncUnit> <Opcode : 'seteq' 'setne' 'setle' 'setge' 'setlt' 'setgt'> <InPorts = 2> <OutPorts = 1>

State 3 <SV = 2> <Delay = 4.35>
ST_3 : Operation 65 [1/1] (0.00ns) (grouped into LUT with out node x_norm_raw_50)   --->   "%trunc_ln809 = trunc i26 %abs_raw_signed_2" [../src/fp_math_hls.cpp:809]   --->   Operation 65 'trunc' 'trunc_ln809' <Predicate = (!icmp_ln223_1 & !icmp_ln221_1 & !icmp_ln223 & !icmp_ln221)> <Delay = 0.00>
ST_3 : Operation 66 [1/1] (0.00ns) (grouped into LUT with out node x_norm_raw_50)   --->   "%shifted_63 = partselect i16 @_ssdm_op_PartSelect.i16.i26.i32.i32, i26 %abs_raw_signed_2, i32 1, i32 16" [../src/fp_math_hls.cpp:222->../src/fp_math_hls.cpp:844]   --->   Operation 66 'partselect' 'shifted_63' <Predicate = (!icmp_ln223_1 & !icmp_ln221_1 & !icmp_ln223 & icmp_ln221)> <Delay = 0.00>
ST_3 : Operation 67 [1/1] (0.00ns) (grouped into LUT with out node x_norm_raw_50)   --->   "%x_norm_raw_49 = select i1 %icmp_ln221, i16 %shifted_63, i16 %trunc_ln809" [../src/fp_math_hls.cpp:221->../src/fp_math_hls.cpp:844]   --->   Operation 67 'select' 'x_norm_raw_49' <Predicate = (!icmp_ln223_1 & !icmp_ln221_1 & !icmp_ln223)> <Delay = 0.00> <CoreInst = "Sel">   --->   Core 73 'Sel' <Latency = 0> <II = 1> <Delay = 0.35> <FuncUnit> <Opcode : 'select'> <InPorts = 3> <OutPorts = 1>
ST_3 : Operation 68 [1/1] (0.00ns) (grouped into LUT with out node x_norm_raw_50)   --->   "%trunc_ln224 = trunc i26 %abs_raw_signed_2" [../src/fp_math_hls.cpp:224->../src/fp_math_hls.cpp:844]   --->   Operation 68 'trunc' 'trunc_ln224' <Predicate = (!icmp_ln223_1 & !icmp_ln221_1 & icmp_ln223)> <Delay = 0.00>
ST_3 : Operation 69 [1/1] (0.00ns) (grouped into LUT with out node x_norm_raw_50)   --->   "%shifted_64 = bitconcatenate i16 @_ssdm_op_BitConcatenate.i16.i15.i1, i15 %trunc_ln224, i1 0" [../src/fp_math_hls.cpp:224->../src/fp_math_hls.cpp:844]   --->   Operation 69 'bitconcatenate' 'shifted_64' <Predicate = (!icmp_ln223_1 & !icmp_ln221_1 & icmp_ln223)> <Delay = 0.00>
ST_3 : Operation 70 [1/1] (0.35ns) (out node of the LUT)   --->   "%x_norm_raw_50 = select i1 %icmp_ln223, i16 %shifted_64, i16 %x_norm_raw_49" [../src/fp_math_hls.cpp:223->../src/fp_math_hls.cpp:844]   --->   Operation 70 'select' 'x_norm_raw_50' <Predicate = (!icmp_ln223_1 & !icmp_ln221_1)> <Delay = 0.35> <CoreInst = "Sel">   --->   Core 73 'Sel' <Latency = 0> <II = 1> <Delay = 0.35> <FuncUnit> <Opcode : 'select'> <InPorts = 3> <OutPorts = 1>
ST_3 : Operation 71 [1/1] (0.00ns) (grouped into LUT with out node x_norm_raw_52)   --->   "%shifted_65 = partselect i16 @_ssdm_op_PartSelect.i16.i26.i32.i32, i26 %abs_raw_signed_2, i32 2, i32 17" [../src/fp_math_hls.cpp:222->../src/fp_math_hls.cpp:844]   --->   Operation 71 'partselect' 'shifted_65' <Predicate = (!icmp_ln223_1 & icmp_ln221_1)> <Delay = 0.00>
ST_3 : Operation 72 [1/1] (0.00ns) (grouped into LUT with out node x_norm_raw_52)   --->   "%x_norm_raw_51 = select i1 %icmp_ln221_1, i16 %shifted_65, i16 %x_norm_raw_50" [../src/fp_math_hls.cpp:221->../src/fp_math_hls.cpp:844]   --->   Operation 72 'select' 'x_norm_raw_51' <Predicate = (!icmp_ln223_1)> <Delay = 0.00> <CoreInst = "Sel">   --->   Core 73 'Sel' <Latency = 0> <II = 1> <Delay = 0.35> <FuncUnit> <Opcode : 'select'> <InPorts = 3> <OutPorts = 1>
ST_3 : Operation 73 [1/1] (0.00ns) (grouped into LUT with out node x_norm_raw_52)   --->   "%trunc_ln224_1 = trunc i26 %abs_raw_signed_2" [../src/fp_math_hls.cpp:224->../src/fp_math_hls.cpp:844]   --->   Operation 73 'trunc' 'trunc_ln224_1' <Predicate = (icmp_ln223_1)> <Delay = 0.00>
ST_3 : Operation 74 [1/1] (0.00ns) (grouped into LUT with out node x_norm_raw_52)   --->   "%shifted_66 = bitconcatenate i16 @_ssdm_op_BitConcatenate.i16.i14.i2, i14 %trunc_ln224_1, i2 0" [../src/fp_math_hls.cpp:224->../src/fp_math_hls.cpp:844]   --->   Operation 74 'bitconcatenate' 'shifted_66' <Predicate = (icmp_ln223_1)> <Delay = 0.00>
ST_3 : Operation 75 [1/1] (0.35ns) (out node of the LUT)   --->   "%x_norm_raw_52 = select i1 %icmp_ln223_1, i16 %shifted_66, i16 %x_norm_raw_51" [../src/fp_math_hls.cpp:223->../src/fp_math_hls.cpp:844]   --->   Operation 75 'select' 'x_norm_raw_52' <Predicate = true> <Delay = 0.35> <CoreInst = "Sel">   --->   Core 73 'Sel' <Latency = 0> <II = 1> <Delay = 0.35> <FuncUnit> <Opcode : 'select'> <InPorts = 3> <OutPorts = 1>
ST_3 : Operation 76 [1/1] (0.78ns)   --->   "%icmp_ln221_2 = icmp_eq  i6 %shift_4, i6 3" [../src/fp_math_hls.cpp:221->../src/fp_math_hls.cpp:844]   --->   Operation 76 'icmp' 'icmp_ln221_2' <Predicate = true> <Delay = 0.78> <CoreInst = "Cmp">   --->   Core 9 'Cmp' <Latency = 0> <II = 1> <Delay = 0.78> <FuncUnit> <Opcode : 'seteq' 'setne' 'setle' 'setge' 'setlt' 'setgt'> <InPorts = 2> <OutPorts = 1>
ST_3 : Operation 77 [1/1] (0.00ns) (grouped into LUT with out node x_norm_raw_54)   --->   "%shifted_67 = partselect i16 @_ssdm_op_PartSelect.i16.i26.i32.i32, i26 %abs_raw_signed_2, i32 3, i32 18" [../src/fp_math_hls.cpp:222->../src/fp_math_hls.cpp:844]   --->   Operation 77 'partselect' 'shifted_67' <Predicate = true> <Delay = 0.00>
ST_3 : Operation 78 [1/1] (0.00ns) (grouped into LUT with out node x_norm_raw_54)   --->   "%x_norm_raw_53 = select i1 %icmp_ln221_2, i16 %shifted_67, i16 %x_norm_raw_52" [../src/fp_math_hls.cpp:221->../src/fp_math_hls.cpp:844]   --->   Operation 78 'select' 'x_norm_raw_53' <Predicate = true> <Delay = 0.00> <CoreInst = "Sel">   --->   Core 73 'Sel' <Latency = 0> <II = 1> <Delay = 0.35> <FuncUnit> <Opcode : 'select'> <InPorts = 3> <OutPorts = 1>
ST_3 : Operation 79 [1/1] (0.78ns)   --->   "%icmp_ln223_2 = icmp_eq  i6 %shift_4, i6 61" [../src/fp_math_hls.cpp:223->../src/fp_math_hls.cpp:844]   --->   Operation 79 'icmp' 'icmp_ln223_2' <Predicate = true> <Delay = 0.78> <CoreInst = "Cmp">   --->   Core 9 'Cmp' <Latency = 0> <II = 1> <Delay = 0.78> <FuncUnit> <Opcode : 'seteq' 'setne' 'setle' 'setge' 'setlt' 'setgt'> <InPorts = 2> <OutPorts = 1>
ST_3 : Operation 80 [1/1] (0.00ns) (grouped into LUT with out node x_norm_raw_54)   --->   "%trunc_ln224_2 = trunc i26 %abs_raw_signed_2" [../src/fp_math_hls.cpp:224->../src/fp_math_hls.cpp:844]   --->   Operation 80 'trunc' 'trunc_ln224_2' <Predicate = true> <Delay = 0.00>
ST_3 : Operation 81 [1/1] (0.00ns) (grouped into LUT with out node x_norm_raw_54)   --->   "%shifted_68 = bitconcatenate i16 @_ssdm_op_BitConcatenate.i16.i13.i3, i13 %trunc_ln224_2, i3 0" [../src/fp_math_hls.cpp:224->../src/fp_math_hls.cpp:844]   --->   Operation 81 'bitconcatenate' 'shifted_68' <Predicate = true> <Delay = 0.00>
ST_3 : Operation 82 [1/1] (0.35ns) (out node of the LUT)   --->   "%x_norm_raw_54 = select i1 %icmp_ln223_2, i16 %shifted_68, i16 %x_norm_raw_53" [../src/fp_math_hls.cpp:223->../src/fp_math_hls.cpp:844]   --->   Operation 82 'select' 'x_norm_raw_54' <Predicate = true> <Delay = 0.35> <CoreInst = "Sel">   --->   Core 73 'Sel' <Latency = 0> <II = 1> <Delay = 0.35> <FuncUnit> <Opcode : 'select'> <InPorts = 3> <OutPorts = 1>
ST_3 : Operation 83 [1/1] (0.78ns)   --->   "%icmp_ln221_3 = icmp_eq  i6 %shift_4, i6 4" [../src/fp_math_hls.cpp:221->../src/fp_math_hls.cpp:844]   --->   Operation 83 'icmp' 'icmp_ln221_3' <Predicate = true> <Delay = 0.78> <CoreInst = "Cmp">   --->   Core 9 'Cmp' <Latency = 0> <II = 1> <Delay = 0.78> <FuncUnit> <Opcode : 'seteq' 'setne' 'setle' 'setge' 'setlt' 'setgt'> <InPorts = 2> <OutPorts = 1>
ST_3 : Operation 84 [1/1] (0.00ns) (grouped into LUT with out node x_norm_raw)   --->   "%shifted_69 = partselect i16 @_ssdm_op_PartSelect.i16.i26.i32.i32, i26 %abs_raw_signed_2, i32 4, i32 19" [../src/fp_math_hls.cpp:222->../src/fp_math_hls.cpp:844]   --->   Operation 84 'partselect' 'shifted_69' <Predicate = true> <Delay = 0.00>
ST_3 : Operation 85 [1/1] (0.00ns) (grouped into LUT with out node x_norm_raw)   --->   "%x_norm_raw_55 = select i1 %icmp_ln221_3, i16 %shifted_69, i16 %x_norm_raw_54" [../src/fp_math_hls.cpp:221->../src/fp_math_hls.cpp:844]   --->   Operation 85 'select' 'x_norm_raw_55' <Predicate = true> <Delay = 0.00> <CoreInst = "Sel">   --->   Core 73 'Sel' <Latency = 0> <II = 1> <Delay = 0.35> <FuncUnit> <Opcode : 'select'> <InPorts = 3> <OutPorts = 1>
ST_3 : Operation 86 [1/1] (0.78ns)   --->   "%icmp_ln223_3 = icmp_eq  i6 %shift_4, i6 60" [../src/fp_math_hls.cpp:223->../src/fp_math_hls.cpp:844]   --->   Operation 86 'icmp' 'icmp_ln223_3' <Predicate = true> <Delay = 0.78> <CoreInst = "Cmp">   --->   Core 9 'Cmp' <Latency = 0> <II = 1> <Delay = 0.78> <FuncUnit> <Opcode : 'seteq' 'setne' 'setle' 'setge' 'setlt' 'setgt'> <InPorts = 2> <OutPorts = 1>
ST_3 : Operation 87 [1/1] (0.00ns) (grouped into LUT with out node x_norm_raw)   --->   "%trunc_ln224_3 = trunc i26 %abs_raw_signed_2" [../src/fp_math_hls.cpp:224->../src/fp_math_hls.cpp:844]   --->   Operation 87 'trunc' 'trunc_ln224_3' <Predicate = true> <Delay = 0.00>
ST_3 : Operation 88 [1/1] (0.00ns) (grouped into LUT with out node x_norm_raw)   --->   "%shifted_70 = bitconcatenate i16 @_ssdm_op_BitConcatenate.i16.i12.i4, i12 %trunc_ln224_3, i4 0" [../src/fp_math_hls.cpp:224->../src/fp_math_hls.cpp:844]   --->   Operation 88 'bitconcatenate' 'shifted_70' <Predicate = true> <Delay = 0.00>
ST_3 : Operation 89 [1/1] (0.35ns) (out node of the LUT)   --->   "%x_norm_raw = select i1 %icmp_ln223_3, i16 %shifted_70, i16 %x_norm_raw_55" [../src/fp_math_hls.cpp:223->../src/fp_math_hls.cpp:844]   --->   Operation 89 'select' 'x_norm_raw' <Predicate = true> <Delay = 0.35> <CoreInst = "Sel">   --->   Core 73 'Sel' <Latency = 0> <II = 1> <Delay = 0.35> <FuncUnit> <Opcode : 'select'> <InPorts = 3> <OutPorts = 1>
ST_3 : Operation 90 [1/1] (0.78ns)   --->   "%icmp_ln221_4 = icmp_eq  i6 %shift_4, i6 5" [../src/fp_math_hls.cpp:221->../src/fp_math_hls.cpp:844]   --->   Operation 90 'icmp' 'icmp_ln221_4' <Predicate = true> <Delay = 0.78> <CoreInst = "Cmp">   --->   Core 9 'Cmp' <Latency = 0> <II = 1> <Delay = 0.78> <FuncUnit> <Opcode : 'seteq' 'setne' 'setle' 'setge' 'setlt' 'setgt'> <InPorts = 2> <OutPorts = 1>
ST_3 : Operation 91 [1/1] (0.00ns) (grouped into LUT with out node x_norm_raw_57)   --->   "%shifted = partselect i16 @_ssdm_op_PartSelect.i16.i26.i32.i32, i26 %abs_raw_signed_2, i32 5, i32 20" [../src/fp_math_hls.cpp:222->../src/fp_math_hls.cpp:844]   --->   Operation 91 'partselect' 'shifted' <Predicate = true> <Delay = 0.00>
ST_3 : Operation 92 [1/1] (0.00ns) (grouped into LUT with out node x_norm_raw_57)   --->   "%x_norm_raw_56 = select i1 %icmp_ln221_4, i16 %shifted, i16 %x_norm_raw" [../src/fp_math_hls.cpp:221->../src/fp_math_hls.cpp:844]   --->   Operation 92 'select' 'x_norm_raw_56' <Predicate = true> <Delay = 0.00> <CoreInst = "Sel">   --->   Core 73 'Sel' <Latency = 0> <II = 1> <Delay = 0.35> <FuncUnit> <Opcode : 'select'> <InPorts = 3> <OutPorts = 1>
ST_3 : Operation 93 [1/1] (0.78ns)   --->   "%icmp_ln223_4 = icmp_eq  i6 %shift_4, i6 59" [../src/fp_math_hls.cpp:223->../src/fp_math_hls.cpp:844]   --->   Operation 93 'icmp' 'icmp_ln223_4' <Predicate = true> <Delay = 0.78> <CoreInst = "Cmp">   --->   Core 9 'Cmp' <Latency = 0> <II = 1> <Delay = 0.78> <FuncUnit> <Opcode : 'seteq' 'setne' 'setle' 'setge' 'setlt' 'setgt'> <InPorts = 2> <OutPorts = 1>
ST_3 : Operation 94 [1/1] (0.00ns) (grouped into LUT with out node x_norm_raw_57)   --->   "%trunc_ln224_4 = trunc i26 %abs_raw_signed_2" [../src/fp_math_hls.cpp:224->../src/fp_math_hls.cpp:844]   --->   Operation 94 'trunc' 'trunc_ln224_4' <Predicate = true> <Delay = 0.00>
ST_3 : Operation 95 [1/1] (0.00ns) (grouped into LUT with out node x_norm_raw_57)   --->   "%shifted_71 = bitconcatenate i16 @_ssdm_op_BitConcatenate.i16.i11.i5, i11 %trunc_ln224_4, i5 0" [../src/fp_math_hls.cpp:224->../src/fp_math_hls.cpp:844]   --->   Operation 95 'bitconcatenate' 'shifted_71' <Predicate = true> <Delay = 0.00>
ST_3 : Operation 96 [1/1] (0.35ns) (out node of the LUT)   --->   "%x_norm_raw_57 = select i1 %icmp_ln223_4, i16 %shifted_71, i16 %x_norm_raw_56" [../src/fp_math_hls.cpp:223->../src/fp_math_hls.cpp:844]   --->   Operation 96 'select' 'x_norm_raw_57' <Predicate = true> <Delay = 0.35> <CoreInst = "Sel">   --->   Core 73 'Sel' <Latency = 0> <II = 1> <Delay = 0.35> <FuncUnit> <Opcode : 'select'> <InPorts = 3> <OutPorts = 1>
ST_3 : Operation 97 [1/1] (0.78ns)   --->   "%icmp_ln221_5 = icmp_eq  i6 %shift_4, i6 6" [../src/fp_math_hls.cpp:221->../src/fp_math_hls.cpp:844]   --->   Operation 97 'icmp' 'icmp_ln221_5' <Predicate = true> <Delay = 0.78> <CoreInst = "Cmp">   --->   Core 9 'Cmp' <Latency = 0> <II = 1> <Delay = 0.78> <FuncUnit> <Opcode : 'seteq' 'setne' 'setle' 'setge' 'setlt' 'setgt'> <InPorts = 2> <OutPorts = 1>
ST_3 : Operation 98 [1/1] (0.00ns) (grouped into LUT with out node x_norm_raw_59)   --->   "%shifted_72 = partselect i16 @_ssdm_op_PartSelect.i16.i26.i32.i32, i26 %abs_raw_signed_2, i32 6, i32 21" [../src/fp_math_hls.cpp:222->../src/fp_math_hls.cpp:844]   --->   Operation 98 'partselect' 'shifted_72' <Predicate = true> <Delay = 0.00>
ST_3 : Operation 99 [1/1] (0.00ns) (grouped into LUT with out node x_norm_raw_59)   --->   "%x_norm_raw_58 = select i1 %icmp_ln221_5, i16 %shifted_72, i16 %x_norm_raw_57" [../src/fp_math_hls.cpp:221->../src/fp_math_hls.cpp:844]   --->   Operation 99 'select' 'x_norm_raw_58' <Predicate = true> <Delay = 0.00> <CoreInst = "Sel">   --->   Core 73 'Sel' <Latency = 0> <II = 1> <Delay = 0.35> <FuncUnit> <Opcode : 'select'> <InPorts = 3> <OutPorts = 1>
ST_3 : Operation 100 [1/1] (0.78ns)   --->   "%icmp_ln223_5 = icmp_eq  i6 %shift_4, i6 58" [../src/fp_math_hls.cpp:223->../src/fp_math_hls.cpp:844]   --->   Operation 100 'icmp' 'icmp_ln223_5' <Predicate = true> <Delay = 0.78> <CoreInst = "Cmp">   --->   Core 9 'Cmp' <Latency = 0> <II = 1> <Delay = 0.78> <FuncUnit> <Opcode : 'seteq' 'setne' 'setle' 'setge' 'setlt' 'setgt'> <InPorts = 2> <OutPorts = 1>
ST_3 : Operation 101 [1/1] (0.00ns) (grouped into LUT with out node x_norm_raw_59)   --->   "%trunc_ln224_5 = trunc i26 %abs_raw_signed_2" [../src/fp_math_hls.cpp:224->../src/fp_math_hls.cpp:844]   --->   Operation 101 'trunc' 'trunc_ln224_5' <Predicate = true> <Delay = 0.00>
ST_3 : Operation 102 [1/1] (0.00ns) (grouped into LUT with out node x_norm_raw_59)   --->   "%shifted_73 = bitconcatenate i16 @_ssdm_op_BitConcatenate.i16.i10.i6, i10 %trunc_ln224_5, i6 0" [../src/fp_math_hls.cpp:224->../src/fp_math_hls.cpp:844]   --->   Operation 102 'bitconcatenate' 'shifted_73' <Predicate = true> <Delay = 0.00>
ST_3 : Operation 103 [1/1] (0.35ns) (out node of the LUT)   --->   "%x_norm_raw_59 = select i1 %icmp_ln223_5, i16 %shifted_73, i16 %x_norm_raw_58" [../src/fp_math_hls.cpp:223->../src/fp_math_hls.cpp:844]   --->   Operation 103 'select' 'x_norm_raw_59' <Predicate = true> <Delay = 0.35> <CoreInst = "Sel">   --->   Core 73 'Sel' <Latency = 0> <II = 1> <Delay = 0.35> <FuncUnit> <Opcode : 'select'> <InPorts = 3> <OutPorts = 1>
ST_3 : Operation 104 [1/1] (0.78ns)   --->   "%icmp_ln221_6 = icmp_eq  i6 %shift_4, i6 7" [../src/fp_math_hls.cpp:221->../src/fp_math_hls.cpp:844]   --->   Operation 104 'icmp' 'icmp_ln221_6' <Predicate = true> <Delay = 0.78> <CoreInst = "Cmp">   --->   Core 9 'Cmp' <Latency = 0> <II = 1> <Delay = 0.78> <FuncUnit> <Opcode : 'seteq' 'setne' 'setle' 'setge' 'setlt' 'setgt'> <InPorts = 2> <OutPorts = 1>
ST_3 : Operation 105 [1/1] (0.00ns) (grouped into LUT with out node x_norm_raw_61)   --->   "%shifted_74 = partselect i16 @_ssdm_op_PartSelect.i16.i26.i32.i32, i26 %abs_raw_signed_2, i32 7, i32 22" [../src/fp_math_hls.cpp:222->../src/fp_math_hls.cpp:844]   --->   Operation 105 'partselect' 'shifted_74' <Predicate = true> <Delay = 0.00>
ST_3 : Operation 106 [1/1] (0.00ns) (grouped into LUT with out node x_norm_raw_61)   --->   "%x_norm_raw_60 = select i1 %icmp_ln221_6, i16 %shifted_74, i16 %x_norm_raw_59" [../src/fp_math_hls.cpp:221->../src/fp_math_hls.cpp:844]   --->   Operation 106 'select' 'x_norm_raw_60' <Predicate = true> <Delay = 0.00> <CoreInst = "Sel">   --->   Core 73 'Sel' <Latency = 0> <II = 1> <Delay = 0.35> <FuncUnit> <Opcode : 'select'> <InPorts = 3> <OutPorts = 1>
ST_3 : Operation 107 [1/1] (0.78ns)   --->   "%icmp_ln223_6 = icmp_eq  i6 %shift_4, i6 57" [../src/fp_math_hls.cpp:223->../src/fp_math_hls.cpp:844]   --->   Operation 107 'icmp' 'icmp_ln223_6' <Predicate = true> <Delay = 0.78> <CoreInst = "Cmp">   --->   Core 9 'Cmp' <Latency = 0> <II = 1> <Delay = 0.78> <FuncUnit> <Opcode : 'seteq' 'setne' 'setle' 'setge' 'setlt' 'setgt'> <InPorts = 2> <OutPorts = 1>
ST_3 : Operation 108 [1/1] (0.00ns) (grouped into LUT with out node x_norm_raw_61)   --->   "%trunc_ln224_6 = trunc i26 %abs_raw_signed_2" [../src/fp_math_hls.cpp:224->../src/fp_math_hls.cpp:844]   --->   Operation 108 'trunc' 'trunc_ln224_6' <Predicate = true> <Delay = 0.00>
ST_3 : Operation 109 [1/1] (0.00ns) (grouped into LUT with out node x_norm_raw_61)   --->   "%shifted_75 = bitconcatenate i16 @_ssdm_op_BitConcatenate.i16.i9.i7, i9 %trunc_ln224_6, i7 0" [../src/fp_math_hls.cpp:224->../src/fp_math_hls.cpp:844]   --->   Operation 109 'bitconcatenate' 'shifted_75' <Predicate = true> <Delay = 0.00>
ST_3 : Operation 110 [1/1] (0.35ns) (out node of the LUT)   --->   "%x_norm_raw_61 = select i1 %icmp_ln223_6, i16 %shifted_75, i16 %x_norm_raw_60" [../src/fp_math_hls.cpp:223->../src/fp_math_hls.cpp:844]   --->   Operation 110 'select' 'x_norm_raw_61' <Predicate = true> <Delay = 0.35> <CoreInst = "Sel">   --->   Core 73 'Sel' <Latency = 0> <II = 1> <Delay = 0.35> <FuncUnit> <Opcode : 'select'> <InPorts = 3> <OutPorts = 1>
ST_3 : Operation 111 [1/1] (0.78ns)   --->   "%icmp_ln221_7 = icmp_eq  i6 %shift_4, i6 8" [../src/fp_math_hls.cpp:221->../src/fp_math_hls.cpp:844]   --->   Operation 111 'icmp' 'icmp_ln221_7' <Predicate = true> <Delay = 0.78> <CoreInst = "Cmp">   --->   Core 9 'Cmp' <Latency = 0> <II = 1> <Delay = 0.78> <FuncUnit> <Opcode : 'seteq' 'setne' 'setle' 'setge' 'setlt' 'setgt'> <InPorts = 2> <OutPorts = 1>
ST_3 : Operation 112 [1/1] (0.00ns) (grouped into LUT with out node x_norm_raw_63)   --->   "%shifted_76 = partselect i16 @_ssdm_op_PartSelect.i16.i26.i32.i32, i26 %abs_raw_signed_2, i32 8, i32 23" [../src/fp_math_hls.cpp:222->../src/fp_math_hls.cpp:844]   --->   Operation 112 'partselect' 'shifted_76' <Predicate = true> <Delay = 0.00>
ST_3 : Operation 113 [1/1] (0.00ns) (grouped into LUT with out node x_norm_raw_63)   --->   "%x_norm_raw_62 = select i1 %icmp_ln221_7, i16 %shifted_76, i16 %x_norm_raw_61" [../src/fp_math_hls.cpp:221->../src/fp_math_hls.cpp:844]   --->   Operation 113 'select' 'x_norm_raw_62' <Predicate = true> <Delay = 0.00> <CoreInst = "Sel">   --->   Core 73 'Sel' <Latency = 0> <II = 1> <Delay = 0.35> <FuncUnit> <Opcode : 'select'> <InPorts = 3> <OutPorts = 1>
ST_3 : Operation 114 [1/1] (0.78ns)   --->   "%icmp_ln223_7 = icmp_eq  i6 %shift_4, i6 56" [../src/fp_math_hls.cpp:223->../src/fp_math_hls.cpp:844]   --->   Operation 114 'icmp' 'icmp_ln223_7' <Predicate = true> <Delay = 0.78> <CoreInst = "Cmp">   --->   Core 9 'Cmp' <Latency = 0> <II = 1> <Delay = 0.78> <FuncUnit> <Opcode : 'seteq' 'setne' 'setle' 'setge' 'setlt' 'setgt'> <InPorts = 2> <OutPorts = 1>
ST_3 : Operation 115 [1/1] (0.00ns) (grouped into LUT with out node x_norm_raw_63)   --->   "%trunc_ln224_7 = trunc i26 %abs_raw_signed_2" [../src/fp_math_hls.cpp:224->../src/fp_math_hls.cpp:844]   --->   Operation 115 'trunc' 'trunc_ln224_7' <Predicate = true> <Delay = 0.00>
ST_3 : Operation 116 [1/1] (0.00ns) (grouped into LUT with out node x_norm_raw_63)   --->   "%shifted_77 = bitconcatenate i16 @_ssdm_op_BitConcatenate.i16.i8.i8, i8 %trunc_ln224_7, i8 0" [../src/fp_math_hls.cpp:224->../src/fp_math_hls.cpp:844]   --->   Operation 116 'bitconcatenate' 'shifted_77' <Predicate = true> <Delay = 0.00>
ST_3 : Operation 117 [1/1] (0.35ns) (out node of the LUT)   --->   "%x_norm_raw_63 = select i1 %icmp_ln223_7, i16 %shifted_77, i16 %x_norm_raw_62" [../src/fp_math_hls.cpp:223->../src/fp_math_hls.cpp:844]   --->   Operation 117 'select' 'x_norm_raw_63' <Predicate = true> <Delay = 0.35> <CoreInst = "Sel">   --->   Core 73 'Sel' <Latency = 0> <II = 1> <Delay = 0.35> <FuncUnit> <Opcode : 'select'> <InPorts = 3> <OutPorts = 1>
ST_3 : Operation 118 [1/1] (0.78ns)   --->   "%icmp_ln221_8 = icmp_eq  i6 %shift_4, i6 9" [../src/fp_math_hls.cpp:221->../src/fp_math_hls.cpp:844]   --->   Operation 118 'icmp' 'icmp_ln221_8' <Predicate = true> <Delay = 0.78> <CoreInst = "Cmp">   --->   Core 9 'Cmp' <Latency = 0> <II = 1> <Delay = 0.78> <FuncUnit> <Opcode : 'seteq' 'setne' 'setle' 'setge' 'setlt' 'setgt'> <InPorts = 2> <OutPorts = 1>
ST_3 : Operation 119 [1/1] (0.00ns) (grouped into LUT with out node x_norm_raw_65)   --->   "%shifted_78 = partselect i16 @_ssdm_op_PartSelect.i16.i26.i32.i32, i26 %abs_raw_signed_2, i32 9, i32 24" [../src/fp_math_hls.cpp:222->../src/fp_math_hls.cpp:844]   --->   Operation 119 'partselect' 'shifted_78' <Predicate = true> <Delay = 0.00>
ST_3 : Operation 120 [1/1] (0.00ns) (grouped into LUT with out node x_norm_raw_65)   --->   "%x_norm_raw_64 = select i1 %icmp_ln221_8, i16 %shifted_78, i16 %x_norm_raw_63" [../src/fp_math_hls.cpp:221->../src/fp_math_hls.cpp:844]   --->   Operation 120 'select' 'x_norm_raw_64' <Predicate = true> <Delay = 0.00> <CoreInst = "Sel">   --->   Core 73 'Sel' <Latency = 0> <II = 1> <Delay = 0.35> <FuncUnit> <Opcode : 'select'> <InPorts = 3> <OutPorts = 1>
ST_3 : Operation 121 [1/1] (0.78ns)   --->   "%icmp_ln223_8 = icmp_eq  i6 %shift_4, i6 55" [../src/fp_math_hls.cpp:223->../src/fp_math_hls.cpp:844]   --->   Operation 121 'icmp' 'icmp_ln223_8' <Predicate = true> <Delay = 0.78> <CoreInst = "Cmp">   --->   Core 9 'Cmp' <Latency = 0> <II = 1> <Delay = 0.78> <FuncUnit> <Opcode : 'seteq' 'setne' 'setle' 'setge' 'setlt' 'setgt'> <InPorts = 2> <OutPorts = 1>
ST_3 : Operation 122 [1/1] (0.00ns) (grouped into LUT with out node x_norm_raw_65)   --->   "%trunc_ln224_8 = trunc i26 %abs_raw_signed_2" [../src/fp_math_hls.cpp:224->../src/fp_math_hls.cpp:844]   --->   Operation 122 'trunc' 'trunc_ln224_8' <Predicate = true> <Delay = 0.00>
ST_3 : Operation 123 [1/1] (0.00ns) (grouped into LUT with out node x_norm_raw_65)   --->   "%shifted_79 = bitconcatenate i16 @_ssdm_op_BitConcatenate.i16.i7.i9, i7 %trunc_ln224_8, i9 0" [../src/fp_math_hls.cpp:224->../src/fp_math_hls.cpp:844]   --->   Operation 123 'bitconcatenate' 'shifted_79' <Predicate = true> <Delay = 0.00>
ST_3 : Operation 124 [1/1] (0.35ns) (out node of the LUT)   --->   "%x_norm_raw_65 = select i1 %icmp_ln223_8, i16 %shifted_79, i16 %x_norm_raw_64" [../src/fp_math_hls.cpp:223->../src/fp_math_hls.cpp:844]   --->   Operation 124 'select' 'x_norm_raw_65' <Predicate = true> <Delay = 0.35> <CoreInst = "Sel">   --->   Core 73 'Sel' <Latency = 0> <II = 1> <Delay = 0.35> <FuncUnit> <Opcode : 'select'> <InPorts = 3> <OutPorts = 1>
ST_3 : Operation 125 [1/1] (0.78ns)   --->   "%icmp_ln223_9 = icmp_eq  i6 %shift_4, i6 54" [../src/fp_math_hls.cpp:223->../src/fp_math_hls.cpp:844]   --->   Operation 125 'icmp' 'icmp_ln223_9' <Predicate = true> <Delay = 0.78> <CoreInst = "Cmp">   --->   Core 9 'Cmp' <Latency = 0> <II = 1> <Delay = 0.78> <FuncUnit> <Opcode : 'seteq' 'setne' 'setle' 'setge' 'setlt' 'setgt'> <InPorts = 2> <OutPorts = 1>
ST_3 : Operation 126 [1/1] (0.00ns) (grouped into LUT with out node x_norm_raw_67)   --->   "%trunc_ln224_9 = trunc i26 %abs_raw_signed_2" [../src/fp_math_hls.cpp:224->../src/fp_math_hls.cpp:844]   --->   Operation 126 'trunc' 'trunc_ln224_9' <Predicate = true> <Delay = 0.00>
ST_3 : Operation 127 [1/1] (0.00ns) (grouped into LUT with out node x_norm_raw_67)   --->   "%shifted_80 = bitconcatenate i16 @_ssdm_op_BitConcatenate.i16.i6.i10, i6 %trunc_ln224_9, i10 0" [../src/fp_math_hls.cpp:224->../src/fp_math_hls.cpp:844]   --->   Operation 127 'bitconcatenate' 'shifted_80' <Predicate = true> <Delay = 0.00>
ST_3 : Operation 128 [1/1] (0.00ns) (grouped into LUT with out node x_norm_raw_67)   --->   "%x_norm_raw_66 = select i1 %icmp_ln223_9, i16 %shifted_80, i16 %x_norm_raw_65" [../src/fp_math_hls.cpp:223->../src/fp_math_hls.cpp:844]   --->   Operation 128 'select' 'x_norm_raw_66' <Predicate = true> <Delay = 0.00> <CoreInst = "Sel">   --->   Core 73 'Sel' <Latency = 0> <II = 1> <Delay = 0.35> <FuncUnit> <Opcode : 'select'> <InPorts = 3> <OutPorts = 1>
ST_3 : Operation 129 [1/1] (0.78ns)   --->   "%icmp_ln223_10 = icmp_eq  i6 %shift_4, i6 53" [../src/fp_math_hls.cpp:223->../src/fp_math_hls.cpp:844]   --->   Operation 129 'icmp' 'icmp_ln223_10' <Predicate = true> <Delay = 0.78> <CoreInst = "Cmp">   --->   Core 9 'Cmp' <Latency = 0> <II = 1> <Delay = 0.78> <FuncUnit> <Opcode : 'seteq' 'setne' 'setle' 'setge' 'setlt' 'setgt'> <InPorts = 2> <OutPorts = 1>
ST_3 : Operation 130 [1/1] (0.00ns) (grouped into LUT with out node x_norm_raw_67)   --->   "%trunc_ln224_10 = trunc i26 %abs_raw_signed_2" [../src/fp_math_hls.cpp:224->../src/fp_math_hls.cpp:844]   --->   Operation 130 'trunc' 'trunc_ln224_10' <Predicate = true> <Delay = 0.00>
ST_3 : Operation 131 [1/1] (0.00ns) (grouped into LUT with out node x_norm_raw_67)   --->   "%shifted_81 = bitconcatenate i16 @_ssdm_op_BitConcatenate.i16.i5.i11, i5 %trunc_ln224_10, i11 0" [../src/fp_math_hls.cpp:224->../src/fp_math_hls.cpp:844]   --->   Operation 131 'bitconcatenate' 'shifted_81' <Predicate = true> <Delay = 0.00>
ST_3 : Operation 132 [1/1] (0.35ns) (out node of the LUT)   --->   "%x_norm_raw_67 = select i1 %icmp_ln223_10, i16 %shifted_81, i16 %x_norm_raw_66" [../src/fp_math_hls.cpp:223->../src/fp_math_hls.cpp:844]   --->   Operation 132 'select' 'x_norm_raw_67' <Predicate = true> <Delay = 0.35> <CoreInst = "Sel">   --->   Core 73 'Sel' <Latency = 0> <II = 1> <Delay = 0.35> <FuncUnit> <Opcode : 'select'> <InPorts = 3> <OutPorts = 1>
ST_3 : Operation 133 [1/1] (0.78ns)   --->   "%icmp_ln223_11 = icmp_eq  i6 %shift_4, i6 52" [../src/fp_math_hls.cpp:223->../src/fp_math_hls.cpp:844]   --->   Operation 133 'icmp' 'icmp_ln223_11' <Predicate = true> <Delay = 0.78> <CoreInst = "Cmp">   --->   Core 9 'Cmp' <Latency = 0> <II = 1> <Delay = 0.78> <FuncUnit> <Opcode : 'seteq' 'setne' 'setle' 'setge' 'setlt' 'setgt'> <InPorts = 2> <OutPorts = 1>
ST_3 : Operation 134 [1/1] (0.00ns) (grouped into LUT with out node x_norm_raw_69)   --->   "%trunc_ln224_11 = trunc i26 %abs_raw_signed_2" [../src/fp_math_hls.cpp:224->../src/fp_math_hls.cpp:844]   --->   Operation 134 'trunc' 'trunc_ln224_11' <Predicate = true> <Delay = 0.00>
ST_3 : Operation 135 [1/1] (0.00ns) (grouped into LUT with out node x_norm_raw_69)   --->   "%shifted_82 = bitconcatenate i16 @_ssdm_op_BitConcatenate.i16.i4.i12, i4 %trunc_ln224_11, i12 0" [../src/fp_math_hls.cpp:224->../src/fp_math_hls.cpp:844]   --->   Operation 135 'bitconcatenate' 'shifted_82' <Predicate = true> <Delay = 0.00>
ST_3 : Operation 136 [1/1] (0.00ns) (grouped into LUT with out node x_norm_raw_69)   --->   "%x_norm_raw_68 = select i1 %icmp_ln223_11, i16 %shifted_82, i16 %x_norm_raw_67" [../src/fp_math_hls.cpp:223->../src/fp_math_hls.cpp:844]   --->   Operation 136 'select' 'x_norm_raw_68' <Predicate = true> <Delay = 0.00> <CoreInst = "Sel">   --->   Core 73 'Sel' <Latency = 0> <II = 1> <Delay = 0.35> <FuncUnit> <Opcode : 'select'> <InPorts = 3> <OutPorts = 1>
ST_3 : Operation 137 [1/1] (0.78ns)   --->   "%icmp_ln223_12 = icmp_eq  i6 %shift_4, i6 51" [../src/fp_math_hls.cpp:223->../src/fp_math_hls.cpp:844]   --->   Operation 137 'icmp' 'icmp_ln223_12' <Predicate = true> <Delay = 0.78> <CoreInst = "Cmp">   --->   Core 9 'Cmp' <Latency = 0> <II = 1> <Delay = 0.78> <FuncUnit> <Opcode : 'seteq' 'setne' 'setle' 'setge' 'setlt' 'setgt'> <InPorts = 2> <OutPorts = 1>
ST_3 : Operation 138 [1/1] (0.00ns) (grouped into LUT with out node x_norm_raw_69)   --->   "%trunc_ln224_12 = trunc i26 %abs_raw_signed_2" [../src/fp_math_hls.cpp:224->../src/fp_math_hls.cpp:844]   --->   Operation 138 'trunc' 'trunc_ln224_12' <Predicate = true> <Delay = 0.00>
ST_3 : Operation 139 [1/1] (0.00ns) (grouped into LUT with out node x_norm_raw_69)   --->   "%shifted_83 = bitconcatenate i16 @_ssdm_op_BitConcatenate.i16.i3.i13, i3 %trunc_ln224_12, i13 0" [../src/fp_math_hls.cpp:224->../src/fp_math_hls.cpp:844]   --->   Operation 139 'bitconcatenate' 'shifted_83' <Predicate = true> <Delay = 0.00>
ST_3 : Operation 140 [1/1] (0.35ns) (out node of the LUT)   --->   "%x_norm_raw_69 = select i1 %icmp_ln223_12, i16 %shifted_83, i16 %x_norm_raw_68" [../src/fp_math_hls.cpp:223->../src/fp_math_hls.cpp:844]   --->   Operation 140 'select' 'x_norm_raw_69' <Predicate = true> <Delay = 0.35> <CoreInst = "Sel">   --->   Core 73 'Sel' <Latency = 0> <II = 1> <Delay = 0.35> <FuncUnit> <Opcode : 'select'> <InPorts = 3> <OutPorts = 1>
ST_3 : Operation 141 [1/1] (0.78ns)   --->   "%icmp_ln223_13 = icmp_eq  i6 %shift_4, i6 50" [../src/fp_math_hls.cpp:223->../src/fp_math_hls.cpp:844]   --->   Operation 141 'icmp' 'icmp_ln223_13' <Predicate = true> <Delay = 0.78> <CoreInst = "Cmp">   --->   Core 9 'Cmp' <Latency = 0> <II = 1> <Delay = 0.78> <FuncUnit> <Opcode : 'seteq' 'setne' 'setle' 'setge' 'setlt' 'setgt'> <InPorts = 2> <OutPorts = 1>
ST_3 : Operation 142 [1/1] (0.00ns) (grouped into LUT with out node x_norm_raw_72)   --->   "%trunc_ln224_13 = trunc i26 %abs_raw_signed_2" [../src/fp_math_hls.cpp:224->../src/fp_math_hls.cpp:844]   --->   Operation 142 'trunc' 'trunc_ln224_13' <Predicate = true> <Delay = 0.00>
ST_3 : Operation 143 [1/1] (0.00ns) (grouped into LUT with out node x_norm_raw_72)   --->   "%shifted_84 = bitconcatenate i16 @_ssdm_op_BitConcatenate.i16.i2.i14, i2 %trunc_ln224_13, i14 0" [../src/fp_math_hls.cpp:224->../src/fp_math_hls.cpp:844]   --->   Operation 143 'bitconcatenate' 'shifted_84' <Predicate = true> <Delay = 0.00>
ST_3 : Operation 144 [1/1] (0.00ns) (grouped into LUT with out node x_norm_raw_72)   --->   "%x_norm_raw_70 = select i1 %icmp_ln223_13, i16 %shifted_84, i16 %x_norm_raw_69" [../src/fp_math_hls.cpp:223->../src/fp_math_hls.cpp:844]   --->   Operation 144 'select' 'x_norm_raw_70' <Predicate = true> <Delay = 0.00> <CoreInst = "Sel">   --->   Core 73 'Sel' <Latency = 0> <II = 1> <Delay = 0.35> <FuncUnit> <Opcode : 'select'> <InPorts = 3> <OutPorts = 1>
ST_3 : Operation 145 [1/1] (0.78ns)   --->   "%icmp_ln223_14 = icmp_eq  i6 %shift_4, i6 49" [../src/fp_math_hls.cpp:223->../src/fp_math_hls.cpp:844]   --->   Operation 145 'icmp' 'icmp_ln223_14' <Predicate = true> <Delay = 0.78> <CoreInst = "Cmp">   --->   Core 9 'Cmp' <Latency = 0> <II = 1> <Delay = 0.78> <FuncUnit> <Opcode : 'seteq' 'setne' 'setle' 'setge' 'setlt' 'setgt'> <InPorts = 2> <OutPorts = 1>
ST_3 : Operation 146 [1/1] (0.00ns) (grouped into LUT with out node x_norm_raw_72)   --->   "%trunc_ln224_14 = trunc i26 %abs_raw_signed_2" [../src/fp_math_hls.cpp:224->../src/fp_math_hls.cpp:844]   --->   Operation 146 'trunc' 'trunc_ln224_14' <Predicate = true> <Delay = 0.00>
ST_3 : Operation 147 [1/1] (0.00ns) (grouped into LUT with out node x_norm_raw_72)   --->   "%shifted_85 = bitconcatenate i16 @_ssdm_op_BitConcatenate.i16.i1.i15, i1 %trunc_ln224_14, i15 0" [../src/fp_math_hls.cpp:224->../src/fp_math_hls.cpp:844]   --->   Operation 147 'bitconcatenate' 'shifted_85' <Predicate = true> <Delay = 0.00>
ST_3 : Operation 148 [1/1] (0.00ns) (grouped into LUT with out node x_norm_raw_72)   --->   "%x_norm_raw_71 = select i1 %icmp_ln223_14, i16 %shifted_85, i16 %x_norm_raw_70" [../src/fp_math_hls.cpp:223->../src/fp_math_hls.cpp:844]   --->   Operation 148 'select' 'x_norm_raw_71' <Predicate = true> <Delay = 0.00> <CoreInst = "Sel">   --->   Core 73 'Sel' <Latency = 0> <II = 1> <Delay = 0.35> <FuncUnit> <Opcode : 'select'> <InPorts = 3> <OutPorts = 1>
ST_3 : Operation 149 [1/1] (0.78ns)   --->   "%icmp_ln223_15 = icmp_eq  i6 %shift_4, i6 48" [../src/fp_math_hls.cpp:223->../src/fp_math_hls.cpp:844]   --->   Operation 149 'icmp' 'icmp_ln223_15' <Predicate = true> <Delay = 0.78> <CoreInst = "Cmp">   --->   Core 9 'Cmp' <Latency = 0> <II = 1> <Delay = 0.78> <FuncUnit> <Opcode : 'seteq' 'setne' 'setle' 'setge' 'setlt' 'setgt'> <InPorts = 2> <OutPorts = 1>
ST_3 : Operation 150 [1/1] (0.35ns) (out node of the LUT)   --->   "%x_norm_raw_72 = select i1 %icmp_ln223_15, i16 0, i16 %x_norm_raw_71" [../src/fp_math_hls.cpp:223->../src/fp_math_hls.cpp:844]   --->   Operation 150 'select' 'x_norm_raw_72' <Predicate = true> <Delay = 0.35> <CoreInst = "Sel">   --->   Core 73 'Sel' <Latency = 0> <II = 1> <Delay = 0.35> <FuncUnit> <Opcode : 'select'> <InPorts = 3> <OutPorts = 1>
ST_3 : Operation 151 [1/1] (0.00ns)   --->   "%lut_idx = partselect i8 @_ssdm_op_PartSelect.i8.i16.i32.i32, i16 %x_norm_raw_72, i32 8, i32 15" [../src/fp_math_hls.cpp:848]   --->   Operation 151 'partselect' 'lut_idx' <Predicate = true> <Delay = 0.00>
ST_3 : Operation 152 [1/1] (0.00ns)   --->   "%trunc_ln858 = trunc i16 %x_norm_raw_72" [../src/fp_math_hls.cpp:858]   --->   Operation 152 'trunc' 'trunc_ln858' <Predicate = true> <Delay = 0.00>

State 4 <SV = 3> <Delay = 2.00>
ST_4 : Operation 153 [1/1] (0.00ns)   --->   "%zext_ln848 = zext i8 %lut_idx" [../src/fp_math_hls.cpp:848]   --->   Operation 153 'zext' 'zext_ln848' <Predicate = true> <Delay = 0.00>
ST_4 : Operation 154 [1/1] (0.00ns)   --->   "%zext_ln859 = zext i8 %lut_idx" [../src/fp_math_hls.cpp:859]   --->   Operation 154 'zext' 'zext_ln859' <Predicate = true> <Delay = 0.00>
ST_4 : Operation 155 [1/1] (0.00ns)   --->   "%recip_lut_fn_addr = getelementptr i19 %recip_lut_fn, i64 0, i64 %zext_ln859" [../src/fp_math_hls.cpp:859]   --->   Operation 155 'getelementptr' 'recip_lut_fn_addr' <Predicate = true> <Delay = 0.00>
ST_4 : Operation 156 [2/2] (1.23ns)   --->   "%v0 = load i9 %recip_lut_fn_addr" [../src/fp_math_hls.cpp:859]   --->   Operation 156 'load' 'v0' <Predicate = true> <Delay = 1.23> <CoreInst = "ROM_2P_BRAM">   --->   Core 106 'ROM_2P_BRAM' <Latency = 1> <II = 1> <Delay = 1.23> <Storage> <Opcode : 'load'> <Ports = 2> <Width = 19> <Depth = 257> <ROM>
ST_4 : Operation 157 [1/1] (0.76ns)   --->   "%add_ln860 = add i9 %zext_ln848, i9 1" [../src/fp_math_hls.cpp:860]   --->   Operation 157 'add' 'add_ln860' <Predicate = true> <Delay = 0.76> <CoreInst = "Adder">   --->   Core 1 'Adder' <Latency = 0> <II = 1> <Delay = 0.76> <FuncUnit> <Opcode : 'add' 'sub'> <InPorts = 2> <OutPorts = 1>
ST_4 : Operation 158 [1/1] (0.00ns)   --->   "%zext_ln860 = zext i9 %add_ln860" [../src/fp_math_hls.cpp:860]   --->   Operation 158 'zext' 'zext_ln860' <Predicate = true> <Delay = 0.00>
ST_4 : Operation 159 [1/1] (0.00ns)   --->   "%recip_lut_fn_addr_1 = getelementptr i19 %recip_lut_fn, i64 0, i64 %zext_ln860" [../src/fp_math_hls.cpp:860]   --->   Operation 159 'getelementptr' 'recip_lut_fn_addr_1' <Predicate = true> <Delay = 0.00>
ST_4 : Operation 160 [2/2] (1.23ns)   --->   "%v1 = load i9 %recip_lut_fn_addr_1" [../src/fp_math_hls.cpp:860]   --->   Operation 160 'load' 'v1' <Predicate = true> <Delay = 1.23> <CoreInst = "ROM_2P_BRAM">   --->   Core 106 'ROM_2P_BRAM' <Latency = 1> <II = 1> <Delay = 1.23> <Storage> <Opcode : 'load'> <Ports = 2> <Width = 19> <Depth = 257> <ROM>

State 5 <SV = 4> <Delay = 1.23>
ST_5 : Operation 161 [1/2] ( I:1.23ns O:1.23ns )   --->   "%v0 = load i9 %recip_lut_fn_addr" [../src/fp_math_hls.cpp:859]   --->   Operation 161 'load' 'v0' <Predicate = true> <Delay = 1.23> <CoreInst = "ROM_2P_BRAM">   --->   Core 106 'ROM_2P_BRAM' <Latency = 1> <II = 1> <Delay = 1.23> <Storage> <Opcode : 'load'> <Ports = 2> <Width = 19> <Depth = 257> <ROM>
ST_5 : Operation 162 [1/2] ( I:1.23ns O:1.23ns )   --->   "%v1 = load i9 %recip_lut_fn_addr_1" [../src/fp_math_hls.cpp:860]   --->   Operation 162 'load' 'v1' <Predicate = true> <Delay = 1.23> <CoreInst = "ROM_2P_BRAM">   --->   Core 106 'ROM_2P_BRAM' <Latency = 1> <II = 1> <Delay = 1.23> <Storage> <Opcode : 'load'> <Ports = 2> <Width = 19> <Depth = 257> <ROM>

State 6 <SV = 5> <Delay = 3.37>
ST_6 : Operation 163 [1/1] (0.88ns)   --->   "%sub_ln862 = sub i19 %v1, i19 %v0" [../src/fp_math_hls.cpp:862]   --->   Operation 163 'sub' 'sub_ln862' <Predicate = true> <Delay = 0.88> <CoreInst = "Adder">   --->   Core 1 'Adder' <Latency = 0> <II = 1> <Delay = 0.88> <FuncUnit> <Opcode : 'add' 'sub'> <InPorts = 2> <OutPorts = 1>
ST_6 : Operation 164 [1/1] (0.00ns)   --->   "%sext_ln862 = sext i19 %sub_ln862" [../src/fp_math_hls.cpp:862]   --->   Operation 164 'sext' 'sext_ln862' <Predicate = true> <Delay = 0.00>
ST_6 : Operation 165 [1/1] (0.00ns)   --->   "%zext_ln862 = zext i8 %trunc_ln858" [../src/fp_math_hls.cpp:862]   --->   Operation 165 'zext' 'zext_ln862' <Predicate = true> <Delay = 0.00>
ST_6 : Operation 166 [1/1] (2.49ns)   --->   "%mul_ln862 = mul i27 %sext_ln862, i27 %zext_ln862" [../src/fp_math_hls.cpp:862]   --->   Operation 166 'mul' 'mul_ln862' <Predicate = true> <Delay = 2.49> <CoreInst = "Multiplier">   --->   Core 3 'Multiplier' <Latency = 0> <II = 1> <Delay = 2.49> <FuncUnit> <Opcode : 'mul'> <InPorts = 2> <OutPorts = 1>
ST_6 : Operation 167 [1/1] (0.00ns)   --->   "%trunc_ln = partselect i19 @_ssdm_op_PartSelect.i19.i27.i32.i32, i27 %mul_ln862, i32 8, i32 26" [../src/fp_math_hls.cpp:862]   --->   Operation 167 'partselect' 'trunc_ln' <Predicate = true> <Delay = 0.00>

State 7 <SV = 6> <Delay = 4.10>
ST_7 : Operation 168 [1/1] (0.00ns)   --->   "%specpipeline_ln800 = specpipeline void @_ssdm_op_SpecPipeline, i32 1, i32 0, i32 0, i32 0, i32 4294967295, void @empty_485" [../src/fp_math_hls.cpp:800]   --->   Operation 168 'specpipeline' 'specpipeline_ln800' <Predicate = true> <Delay = 0.00>
ST_7 : Operation 169 [1/1] (0.00ns)   --->   "%specmemcore_ln803 = specmemcore void @_ssdm_op_SpecMemCore, i19 %recip_lut_fn, i64 666, i64 36, i64 18446744073709551615, i1 0" [../src/fp_math_hls.cpp:803]   --->   Operation 169 'specmemcore' 'specmemcore_ln803' <Predicate = true> <Delay = 0.00>
ST_7 : Operation 170 [1/1] (0.00ns)   --->   "%zext_ln859_1 = zext i19 %v0" [../src/fp_math_hls.cpp:859]   --->   Operation 170 'zext' 'zext_ln859_1' <Predicate = true> <Delay = 0.00>
ST_7 : Operation 171 [1/1] (0.00ns)   --->   "%sext_ln862_1 = sext i19 %trunc_ln" [../src/fp_math_hls.cpp:862]   --->   Operation 171 'sext' 'sext_ln862_1' <Predicate = true> <Delay = 0.00>
ST_7 : Operation 172 [1/1] (0.88ns)   --->   "%add_ln862 = add i19 %trunc_ln, i19 %v0" [../src/fp_math_hls.cpp:862]   --->   Operation 172 'add' 'add_ln862' <Predicate = true> <Delay = 0.88> <CoreInst = "Adder">   --->   Core 1 'Adder' <Latency = 0> <II = 1> <Delay = 0.88> <FuncUnit> <Opcode : 'add' 'sub'> <InPorts = 2> <OutPorts = 1>
ST_7 : Operation 173 [1/1] (0.88ns)   --->   "%est_raw = add i20 %sext_ln862_1, i20 %zext_ln859_1" [../src/fp_math_hls.cpp:237->../src/fp_math_hls.cpp:864]   --->   Operation 173 'add' 'est_raw' <Predicate = true> <Delay = 0.88> <CoreInst = "Adder">   --->   Core 1 'Adder' <Latency = 0> <II = 1> <Delay = 0.88> <FuncUnit> <Opcode : 'add' 'sub'> <InPorts = 2> <OutPorts = 1>
ST_7 : Operation 174 [1/1] (0.00ns)   --->   "%sext_ln231 = sext i20 %est_raw" [../src/fp_math_hls.cpp:231->../src/fp_math_hls.cpp:864]   --->   Operation 174 'sext' 'sext_ln231' <Predicate = true> <Delay = 0.00>
ST_7 : Operation 175 [1/1] (0.00ns) (grouped into LUT with out node select_ln236_23)   --->   "%tmp_66 = partselect i19 @_ssdm_op_PartSelect.i19.i20.i32.i32, i20 %est_raw, i32 1, i32 19" [../src/fp_math_hls.cpp:235->../src/fp_math_hls.cpp:864]   --->   Operation 175 'partselect' 'tmp_66' <Predicate = (icmp_ln221)> <Delay = 0.00>
ST_7 : Operation 176 [1/1] (0.00ns) (grouped into LUT with out node select_ln236_23)   --->   "%shifted_50 = sext i19 %tmp_66" [../src/fp_math_hls.cpp:235->../src/fp_math_hls.cpp:864]   --->   Operation 176 'sext' 'shifted_50' <Predicate = (icmp_ln221)> <Delay = 0.00>
ST_7 : Operation 177 [1/1] (0.00ns) (grouped into LUT with out node select_ln236_11)   --->   "%shifted_51 = bitconcatenate i21 @_ssdm_op_BitConcatenate.i21.i20.i1, i20 %est_raw, i1 0" [../src/fp_math_hls.cpp:237->../src/fp_math_hls.cpp:864]   --->   Operation 177 'bitconcatenate' 'shifted_51' <Predicate = (!icmp_ln221_1)> <Delay = 0.00>
ST_7 : Operation 178 [1/1] (0.00ns) (grouped into LUT with out node select_ln236_11)   --->   "%sext_ln231_1 = sext i21 %shifted_51" [../src/fp_math_hls.cpp:231->../src/fp_math_hls.cpp:864]   --->   Operation 178 'sext' 'sext_ln231_1' <Predicate = (!icmp_ln221_1)> <Delay = 0.00>
ST_7 : Operation 179 [1/1] (0.00ns) (grouped into LUT with out node select_ln236_11)   --->   "%tmp_67 = partselect i18 @_ssdm_op_PartSelect.i18.i20.i32.i32, i20 %est_raw, i32 2, i32 19" [../src/fp_math_hls.cpp:235->../src/fp_math_hls.cpp:864]   --->   Operation 179 'partselect' 'tmp_67' <Predicate = (icmp_ln221_1)> <Delay = 0.00>
ST_7 : Operation 180 [1/1] (0.00ns) (grouped into LUT with out node select_ln236_11)   --->   "%shifted_52 = sext i18 %tmp_67" [../src/fp_math_hls.cpp:235->../src/fp_math_hls.cpp:864]   --->   Operation 180 'sext' 'shifted_52' <Predicate = (icmp_ln221_1)> <Delay = 0.00>
ST_7 : Operation 181 [1/1] (0.00ns) (grouped into LUT with out node select_ln236_18)   --->   "%shifted_53 = bitconcatenate i22 @_ssdm_op_BitConcatenate.i22.i20.i2, i20 %est_raw, i2 0" [../src/fp_math_hls.cpp:237->../src/fp_math_hls.cpp:864]   --->   Operation 181 'bitconcatenate' 'shifted_53' <Predicate = (!icmp_ln221_2)> <Delay = 0.00>
ST_7 : Operation 182 [1/1] (0.00ns) (grouped into LUT with out node select_ln236_18)   --->   "%tmp_68 = partselect i17 @_ssdm_op_PartSelect.i17.i20.i32.i32, i20 %est_raw, i32 3, i32 19" [../src/fp_math_hls.cpp:235->../src/fp_math_hls.cpp:864]   --->   Operation 182 'partselect' 'tmp_68' <Predicate = (icmp_ln221_2)> <Delay = 0.00>
ST_7 : Operation 183 [1/1] (0.00ns) (grouped into LUT with out node select_ln236_18)   --->   "%shifted_54 = sext i17 %tmp_68" [../src/fp_math_hls.cpp:235->../src/fp_math_hls.cpp:864]   --->   Operation 183 'sext' 'shifted_54' <Predicate = (icmp_ln221_2)> <Delay = 0.00>
ST_7 : Operation 184 [1/1] (0.00ns) (grouped into LUT with out node select_ln236_9)   --->   "%shifted_55 = bitconcatenate i22 @_ssdm_op_BitConcatenate.i22.i19.i3, i19 %add_ln862, i3 0" [../src/fp_math_hls.cpp:237->../src/fp_math_hls.cpp:864]   --->   Operation 184 'bitconcatenate' 'shifted_55' <Predicate = (!icmp_ln221_3)> <Delay = 0.00>
ST_7 : Operation 185 [1/1] (0.00ns) (grouped into LUT with out node select_ln236_9)   --->   "%tmp_69 = partselect i16 @_ssdm_op_PartSelect.i16.i20.i32.i32, i20 %est_raw, i32 4, i32 19" [../src/fp_math_hls.cpp:235->../src/fp_math_hls.cpp:864]   --->   Operation 185 'partselect' 'tmp_69' <Predicate = (icmp_ln221_3)> <Delay = 0.00>
ST_7 : Operation 186 [1/1] (0.00ns) (grouped into LUT with out node select_ln236_9)   --->   "%shifted_56 = sext i16 %tmp_69" [../src/fp_math_hls.cpp:235->../src/fp_math_hls.cpp:864]   --->   Operation 186 'sext' 'shifted_56' <Predicate = (icmp_ln221_3)> <Delay = 0.00>
ST_7 : Operation 187 [1/1] (0.00ns) (grouped into LUT with out node select_ln236_17)   --->   "%trunc_ln237 = trunc i19 %add_ln862" [../src/fp_math_hls.cpp:237->../src/fp_math_hls.cpp:864]   --->   Operation 187 'trunc' 'trunc_ln237' <Predicate = (!icmp_ln221_4)> <Delay = 0.00>
ST_7 : Operation 188 [1/1] (0.00ns) (grouped into LUT with out node select_ln236_17)   --->   "%shifted_57 = bitconcatenate i22 @_ssdm_op_BitConcatenate.i22.i18.i4, i18 %trunc_ln237, i4 0" [../src/fp_math_hls.cpp:237->../src/fp_math_hls.cpp:864]   --->   Operation 188 'bitconcatenate' 'shifted_57' <Predicate = (!icmp_ln221_4)> <Delay = 0.00>
ST_7 : Operation 189 [1/1] (0.00ns) (grouped into LUT with out node select_ln236_17)   --->   "%tmp_70 = partselect i15 @_ssdm_op_PartSelect.i15.i20.i32.i32, i20 %est_raw, i32 5, i32 19" [../src/fp_math_hls.cpp:235->../src/fp_math_hls.cpp:864]   --->   Operation 189 'partselect' 'tmp_70' <Predicate = (icmp_ln221_4)> <Delay = 0.00>
ST_7 : Operation 190 [1/1] (0.00ns) (grouped into LUT with out node select_ln236_17)   --->   "%sext_ln235 = sext i15 %tmp_70" [../src/fp_math_hls.cpp:235->../src/fp_math_hls.cpp:864]   --->   Operation 190 'sext' 'sext_ln235' <Predicate = (icmp_ln221_4)> <Delay = 0.00>
ST_7 : Operation 191 [1/1] (0.00ns) (grouped into LUT with out node select_ln236_7)   --->   "%trunc_ln237_1 = trunc i19 %add_ln862" [../src/fp_math_hls.cpp:237->../src/fp_math_hls.cpp:864]   --->   Operation 191 'trunc' 'trunc_ln237_1' <Predicate = (!icmp_ln221_5)> <Delay = 0.00>
ST_7 : Operation 192 [1/1] (0.00ns) (grouped into LUT with out node select_ln236_7)   --->   "%shifted_58 = bitconcatenate i22 @_ssdm_op_BitConcatenate.i22.i17.i5, i17 %trunc_ln237_1, i5 0" [../src/fp_math_hls.cpp:237->../src/fp_math_hls.cpp:864]   --->   Operation 192 'bitconcatenate' 'shifted_58' <Predicate = (!icmp_ln221_5)> <Delay = 0.00>
ST_7 : Operation 193 [1/1] (0.00ns) (grouped into LUT with out node select_ln236_7)   --->   "%tmp_71 = partselect i14 @_ssdm_op_PartSelect.i14.i20.i32.i32, i20 %est_raw, i32 6, i32 19" [../src/fp_math_hls.cpp:235->../src/fp_math_hls.cpp:864]   --->   Operation 193 'partselect' 'tmp_71' <Predicate = (icmp_ln221_5)> <Delay = 0.00>
ST_7 : Operation 194 [1/1] (0.00ns) (grouped into LUT with out node select_ln236_7)   --->   "%sext_ln235_1 = sext i14 %tmp_71" [../src/fp_math_hls.cpp:235->../src/fp_math_hls.cpp:864]   --->   Operation 194 'sext' 'sext_ln235_1' <Predicate = (icmp_ln221_5)> <Delay = 0.00>
ST_7 : Operation 195 [1/1] (0.00ns) (grouped into LUT with out node select_ln236_16)   --->   "%trunc_ln237_2 = trunc i19 %add_ln862" [../src/fp_math_hls.cpp:237->../src/fp_math_hls.cpp:864]   --->   Operation 195 'trunc' 'trunc_ln237_2' <Predicate = (!icmp_ln221_6)> <Delay = 0.00>
ST_7 : Operation 196 [1/1] (0.00ns) (grouped into LUT with out node select_ln236_16)   --->   "%shifted_59 = bitconcatenate i22 @_ssdm_op_BitConcatenate.i22.i16.i6, i16 %trunc_ln237_2, i6 0" [../src/fp_math_hls.cpp:237->../src/fp_math_hls.cpp:864]   --->   Operation 196 'bitconcatenate' 'shifted_59' <Predicate = (!icmp_ln221_6)> <Delay = 0.00>
ST_7 : Operation 197 [1/1] (0.00ns) (grouped into LUT with out node select_ln236_16)   --->   "%tmp_72 = partselect i13 @_ssdm_op_PartSelect.i13.i20.i32.i32, i20 %est_raw, i32 7, i32 19" [../src/fp_math_hls.cpp:235->../src/fp_math_hls.cpp:864]   --->   Operation 197 'partselect' 'tmp_72' <Predicate = (icmp_ln221_6)> <Delay = 0.00>
ST_7 : Operation 198 [1/1] (0.00ns) (grouped into LUT with out node select_ln236_16)   --->   "%sext_ln235_2 = sext i13 %tmp_72" [../src/fp_math_hls.cpp:235->../src/fp_math_hls.cpp:864]   --->   Operation 198 'sext' 'sext_ln235_2' <Predicate = (icmp_ln221_6)> <Delay = 0.00>
ST_7 : Operation 199 [1/1] (0.00ns) (grouped into LUT with out node select_ln236_5)   --->   "%trunc_ln237_3 = trunc i19 %add_ln862" [../src/fp_math_hls.cpp:237->../src/fp_math_hls.cpp:864]   --->   Operation 199 'trunc' 'trunc_ln237_3' <Predicate = (!icmp_ln221_7)> <Delay = 0.00>
ST_7 : Operation 200 [1/1] (0.00ns) (grouped into LUT with out node select_ln236_5)   --->   "%shifted_60 = bitconcatenate i22 @_ssdm_op_BitConcatenate.i22.i15.i7, i15 %trunc_ln237_3, i7 0" [../src/fp_math_hls.cpp:237->../src/fp_math_hls.cpp:864]   --->   Operation 200 'bitconcatenate' 'shifted_60' <Predicate = (!icmp_ln221_7)> <Delay = 0.00>
ST_7 : Operation 201 [1/1] (0.00ns) (grouped into LUT with out node select_ln236_5)   --->   "%tmp_73 = partselect i12 @_ssdm_op_PartSelect.i12.i20.i32.i32, i20 %est_raw, i32 8, i32 19" [../src/fp_math_hls.cpp:235->../src/fp_math_hls.cpp:864]   --->   Operation 201 'partselect' 'tmp_73' <Predicate = (icmp_ln221_7)> <Delay = 0.00>
ST_7 : Operation 202 [1/1] (0.00ns) (grouped into LUT with out node select_ln236_5)   --->   "%sext_ln235_3 = sext i12 %tmp_73" [../src/fp_math_hls.cpp:235->../src/fp_math_hls.cpp:864]   --->   Operation 202 'sext' 'sext_ln235_3' <Predicate = (icmp_ln221_7)> <Delay = 0.00>
ST_7 : Operation 203 [1/1] (0.00ns) (grouped into LUT with out node select_ln236_15)   --->   "%trunc_ln237_4 = trunc i19 %add_ln862" [../src/fp_math_hls.cpp:237->../src/fp_math_hls.cpp:864]   --->   Operation 203 'trunc' 'trunc_ln237_4' <Predicate = (!icmp_ln221_8)> <Delay = 0.00>
ST_7 : Operation 204 [1/1] (0.00ns) (grouped into LUT with out node select_ln236_15)   --->   "%shifted_61 = bitconcatenate i22 @_ssdm_op_BitConcatenate.i22.i14.i8, i14 %trunc_ln237_4, i8 0" [../src/fp_math_hls.cpp:237->../src/fp_math_hls.cpp:864]   --->   Operation 204 'bitconcatenate' 'shifted_61' <Predicate = (!icmp_ln221_8)> <Delay = 0.00>
ST_7 : Operation 205 [1/1] (0.00ns) (grouped into LUT with out node select_ln236_15)   --->   "%tmp_74 = partselect i11 @_ssdm_op_PartSelect.i11.i20.i32.i32, i20 %est_raw, i32 9, i32 19" [../src/fp_math_hls.cpp:235->../src/fp_math_hls.cpp:864]   --->   Operation 205 'partselect' 'tmp_74' <Predicate = (icmp_ln221_8)> <Delay = 0.00>
ST_7 : Operation 206 [1/1] (0.00ns) (grouped into LUT with out node select_ln236_15)   --->   "%sext_ln235_4 = sext i11 %tmp_74" [../src/fp_math_hls.cpp:235->../src/fp_math_hls.cpp:864]   --->   Operation 206 'sext' 'sext_ln235_4' <Predicate = (icmp_ln221_8)> <Delay = 0.00>
ST_7 : Operation 207 [1/1] (0.00ns) (grouped into LUT with out node shl_ln236)   --->   "%select_ln236 = select i1 %icmp_ln223_15, i5 16, i5 15" [../src/fp_math_hls.cpp:236->../src/fp_math_hls.cpp:864]   --->   Operation 207 'select' 'select_ln236' <Predicate = true> <Delay = 0.00> <CoreInst = "Sel">   --->   Core 73 'Sel' <Latency = 0> <II = 1> <Delay = 0.41> <FuncUnit> <Opcode : 'select'> <InPorts = 3> <OutPorts = 1>
ST_7 : Operation 208 [1/1] (0.28ns)   --->   "%or_ln236 = or i1 %icmp_ln223_15, i1 %icmp_ln223_14" [../src/fp_math_hls.cpp:236->../src/fp_math_hls.cpp:864]   --->   Operation 208 'or' 'or_ln236' <Predicate = true> <Delay = 0.28> <CoreInst = "LogicGate">   --->   Core 74 'LogicGate' <Latency = 0> <II = 1> <Delay = 0.28> <FuncUnit> <Opcode : 'and' 'or' 'xor'> <InPorts = 2> <OutPorts = 1>
ST_7 : Operation 209 [1/1] (0.00ns) (grouped into LUT with out node shl_ln236)   --->   "%select_ln236_1 = select i1 %icmp_ln223_13, i5 14, i5 13" [../src/fp_math_hls.cpp:236->../src/fp_math_hls.cpp:864]   --->   Operation 209 'select' 'select_ln236_1' <Predicate = true> <Delay = 0.00> <CoreInst = "Sel">   --->   Core 73 'Sel' <Latency = 0> <II = 1> <Delay = 0.41> <FuncUnit> <Opcode : 'select'> <InPorts = 3> <OutPorts = 1>
ST_7 : Operation 210 [1/1] (0.00ns) (grouped into LUT with out node or_ln236_12)   --->   "%or_ln236_1 = or i1 %icmp_ln223_13, i1 %icmp_ln223_12" [../src/fp_math_hls.cpp:236->../src/fp_math_hls.cpp:864]   --->   Operation 210 'or' 'or_ln236_1' <Predicate = true> <Delay = 0.00> <CoreInst = "LogicGate">   --->   Core 74 'LogicGate' <Latency = 0> <II = 1> <Delay = 0.28> <FuncUnit> <Opcode : 'and' 'or' 'xor'> <InPorts = 2> <OutPorts = 1>
ST_7 : Operation 211 [1/1] (0.00ns) (grouped into LUT with out node select_ln236_14)   --->   "%select_ln236_2 = select i1 %icmp_ln223_11, i4 12, i4 11" [../src/fp_math_hls.cpp:236->../src/fp_math_hls.cpp:864]   --->   Operation 211 'select' 'select_ln236_2' <Predicate = true> <Delay = 0.00> <CoreInst = "Sel">   --->   Core 73 'Sel' <Latency = 0> <II = 1> <Delay = 0.39> <FuncUnit> <Opcode : 'select'> <InPorts = 3> <OutPorts = 1>
ST_7 : Operation 212 [1/1] (0.28ns)   --->   "%or_ln236_2 = or i1 %icmp_ln223_11, i1 %icmp_ln223_10" [../src/fp_math_hls.cpp:236->../src/fp_math_hls.cpp:864]   --->   Operation 212 'or' 'or_ln236_2' <Predicate = true> <Delay = 0.28> <CoreInst = "LogicGate">   --->   Core 74 'LogicGate' <Latency = 0> <II = 1> <Delay = 0.28> <FuncUnit> <Opcode : 'and' 'or' 'xor'> <InPorts = 2> <OutPorts = 1>
ST_7 : Operation 213 [1/1] (0.00ns) (grouped into LUT with out node select_ln236_14)   --->   "%select_ln236_3 = select i1 %icmp_ln223_9, i4 10, i4 9" [../src/fp_math_hls.cpp:236->../src/fp_math_hls.cpp:864]   --->   Operation 213 'select' 'select_ln236_3' <Predicate = true> <Delay = 0.00> <CoreInst = "Sel">   --->   Core 73 'Sel' <Latency = 0> <II = 1> <Delay = 0.39> <FuncUnit> <Opcode : 'select'> <InPorts = 3> <OutPorts = 1>
ST_7 : Operation 214 [1/1] (0.00ns) (grouped into LUT with out node or_ln236_18)   --->   "%or_ln236_3 = or i1 %icmp_ln223_9, i1 %icmp_ln223_8" [../src/fp_math_hls.cpp:236->../src/fp_math_hls.cpp:864]   --->   Operation 214 'or' 'or_ln236_3' <Predicate = true> <Delay = 0.00> <CoreInst = "LogicGate">   --->   Core 74 'LogicGate' <Latency = 0> <II = 1> <Delay = 0.28> <FuncUnit> <Opcode : 'and' 'or' 'xor'> <InPorts = 2> <OutPorts = 1>
ST_7 : Operation 215 [1/1] (0.00ns) (grouped into LUT with out node select_ln236_15)   --->   "%select_ln236_4 = select i1 %icmp_ln221_8, i22 %sext_ln235_4, i22 %shifted_61" [../src/fp_math_hls.cpp:236->../src/fp_math_hls.cpp:864]   --->   Operation 215 'select' 'select_ln236_4' <Predicate = true> <Delay = 0.00> <CoreInst = "Sel">   --->   Core 73 'Sel' <Latency = 0> <II = 1> <Delay = 0.34> <FuncUnit> <Opcode : 'select'> <InPorts = 3> <OutPorts = 1>
ST_7 : Operation 216 [1/1] (0.28ns)   --->   "%or_ln236_4 = or i1 %icmp_ln221_8, i1 %icmp_ln223_7" [../src/fp_math_hls.cpp:236->../src/fp_math_hls.cpp:864]   --->   Operation 216 'or' 'or_ln236_4' <Predicate = true> <Delay = 0.28> <CoreInst = "LogicGate">   --->   Core 74 'LogicGate' <Latency = 0> <II = 1> <Delay = 0.28> <FuncUnit> <Opcode : 'and' 'or' 'xor'> <InPorts = 2> <OutPorts = 1>
ST_7 : Operation 217 [1/1] (0.34ns) (out node of the LUT)   --->   "%select_ln236_5 = select i1 %icmp_ln221_7, i22 %sext_ln235_3, i22 %shifted_60" [../src/fp_math_hls.cpp:236->../src/fp_math_hls.cpp:864]   --->   Operation 217 'select' 'select_ln236_5' <Predicate = true> <Delay = 0.34> <CoreInst = "Sel">   --->   Core 73 'Sel' <Latency = 0> <II = 1> <Delay = 0.34> <FuncUnit> <Opcode : 'select'> <InPorts = 3> <OutPorts = 1>
ST_7 : Operation 218 [1/1] (0.00ns) (grouped into LUT with out node or_ln236_14)   --->   "%or_ln236_5 = or i1 %icmp_ln221_7, i1 %icmp_ln223_6" [../src/fp_math_hls.cpp:236->../src/fp_math_hls.cpp:864]   --->   Operation 218 'or' 'or_ln236_5' <Predicate = true> <Delay = 0.00> <CoreInst = "LogicGate">   --->   Core 74 'LogicGate' <Latency = 0> <II = 1> <Delay = 0.28> <FuncUnit> <Opcode : 'and' 'or' 'xor'> <InPorts = 2> <OutPorts = 1>
ST_7 : Operation 219 [1/1] (0.00ns) (grouped into LUT with out node select_ln236_16)   --->   "%select_ln236_6 = select i1 %icmp_ln221_6, i22 %sext_ln235_2, i22 %shifted_59" [../src/fp_math_hls.cpp:236->../src/fp_math_hls.cpp:864]   --->   Operation 219 'select' 'select_ln236_6' <Predicate = true> <Delay = 0.00> <CoreInst = "Sel">   --->   Core 73 'Sel' <Latency = 0> <II = 1> <Delay = 0.34> <FuncUnit> <Opcode : 'select'> <InPorts = 3> <OutPorts = 1>
ST_7 : Operation 220 [1/1] (0.28ns)   --->   "%or_ln236_6 = or i1 %icmp_ln221_6, i1 %icmp_ln223_5" [../src/fp_math_hls.cpp:236->../src/fp_math_hls.cpp:864]   --->   Operation 220 'or' 'or_ln236_6' <Predicate = true> <Delay = 0.28> <CoreInst = "LogicGate">   --->   Core 74 'LogicGate' <Latency = 0> <II = 1> <Delay = 0.28> <FuncUnit> <Opcode : 'and' 'or' 'xor'> <InPorts = 2> <OutPorts = 1>
ST_7 : Operation 221 [1/1] (0.34ns) (out node of the LUT)   --->   "%select_ln236_7 = select i1 %icmp_ln221_5, i22 %sext_ln235_1, i22 %shifted_58" [../src/fp_math_hls.cpp:236->../src/fp_math_hls.cpp:864]   --->   Operation 221 'select' 'select_ln236_7' <Predicate = true> <Delay = 0.34> <CoreInst = "Sel">   --->   Core 73 'Sel' <Latency = 0> <II = 1> <Delay = 0.34> <FuncUnit> <Opcode : 'select'> <InPorts = 3> <OutPorts = 1>
ST_7 : Operation 222 [1/1] (0.00ns) (grouped into LUT with out node or_ln236_21)   --->   "%or_ln236_7 = or i1 %icmp_ln221_5, i1 %icmp_ln223_4" [../src/fp_math_hls.cpp:236->../src/fp_math_hls.cpp:864]   --->   Operation 222 'or' 'or_ln236_7' <Predicate = true> <Delay = 0.00> <CoreInst = "LogicGate">   --->   Core 74 'LogicGate' <Latency = 0> <II = 1> <Delay = 0.28> <FuncUnit> <Opcode : 'and' 'or' 'xor'> <InPorts = 2> <OutPorts = 1>
ST_7 : Operation 223 [1/1] (0.00ns) (grouped into LUT with out node select_ln236_17)   --->   "%select_ln236_8 = select i1 %icmp_ln221_4, i22 %sext_ln235, i22 %shifted_57" [../src/fp_math_hls.cpp:236->../src/fp_math_hls.cpp:864]   --->   Operation 223 'select' 'select_ln236_8' <Predicate = true> <Delay = 0.00> <CoreInst = "Sel">   --->   Core 73 'Sel' <Latency = 0> <II = 1> <Delay = 0.34> <FuncUnit> <Opcode : 'select'> <InPorts = 3> <OutPorts = 1>
ST_7 : Operation 224 [1/1] (0.28ns)   --->   "%or_ln236_8 = or i1 %icmp_ln221_4, i1 %icmp_ln223_3" [../src/fp_math_hls.cpp:236->../src/fp_math_hls.cpp:864]   --->   Operation 224 'or' 'or_ln236_8' <Predicate = true> <Delay = 0.28> <CoreInst = "LogicGate">   --->   Core 74 'LogicGate' <Latency = 0> <II = 1> <Delay = 0.28> <FuncUnit> <Opcode : 'and' 'or' 'xor'> <InPorts = 2> <OutPorts = 1>
ST_7 : Operation 225 [1/1] (0.34ns) (out node of the LUT)   --->   "%select_ln236_9 = select i1 %icmp_ln221_3, i22 %shifted_56, i22 %shifted_55" [../src/fp_math_hls.cpp:236->../src/fp_math_hls.cpp:864]   --->   Operation 225 'select' 'select_ln236_9' <Predicate = true> <Delay = 0.34> <CoreInst = "Sel">   --->   Core 73 'Sel' <Latency = 0> <II = 1> <Delay = 0.34> <FuncUnit> <Opcode : 'select'> <InPorts = 3> <OutPorts = 1>
ST_7 : Operation 226 [1/1] (0.00ns) (grouped into LUT with out node or_ln236_16)   --->   "%or_ln236_9 = or i1 %icmp_ln221_3, i1 %icmp_ln223_2" [../src/fp_math_hls.cpp:236->../src/fp_math_hls.cpp:864]   --->   Operation 226 'or' 'or_ln236_9' <Predicate = true> <Delay = 0.00> <CoreInst = "LogicGate">   --->   Core 74 'LogicGate' <Latency = 0> <II = 1> <Delay = 0.28> <FuncUnit> <Opcode : 'and' 'or' 'xor'> <InPorts = 2> <OutPorts = 1>
ST_7 : Operation 227 [1/1] (0.00ns) (grouped into LUT with out node select_ln236_18)   --->   "%select_ln236_10 = select i1 %icmp_ln221_2, i22 %shifted_54, i22 %shifted_53" [../src/fp_math_hls.cpp:236->../src/fp_math_hls.cpp:864]   --->   Operation 227 'select' 'select_ln236_10' <Predicate = true> <Delay = 0.00> <CoreInst = "Sel">   --->   Core 73 'Sel' <Latency = 0> <II = 1> <Delay = 0.34> <FuncUnit> <Opcode : 'select'> <InPorts = 3> <OutPorts = 1>
ST_7 : Operation 228 [1/1] (0.28ns)   --->   "%or_ln236_10 = or i1 %icmp_ln221_2, i1 %icmp_ln223_1" [../src/fp_math_hls.cpp:236->../src/fp_math_hls.cpp:864]   --->   Operation 228 'or' 'or_ln236_10' <Predicate = true> <Delay = 0.28> <CoreInst = "LogicGate">   --->   Core 74 'LogicGate' <Latency = 0> <II = 1> <Delay = 0.28> <FuncUnit> <Opcode : 'and' 'or' 'xor'> <InPorts = 2> <OutPorts = 1>
ST_7 : Operation 229 [1/1] (0.35ns) (out node of the LUT)   --->   "%select_ln236_11 = select i1 %icmp_ln221_1, i22 %shifted_52, i22 %sext_ln231_1" [../src/fp_math_hls.cpp:236->../src/fp_math_hls.cpp:864]   --->   Operation 229 'select' 'select_ln236_11' <Predicate = true> <Delay = 0.35> <CoreInst = "Sel">   --->   Core 73 'Sel' <Latency = 0> <II = 1> <Delay = 0.35> <FuncUnit> <Opcode : 'select'> <InPorts = 3> <OutPorts = 1>
ST_7 : Operation 230 [1/1] (0.00ns) (grouped into LUT with out node or_ln236_20)   --->   "%or_ln236_11 = or i1 %icmp_ln221_1, i1 %icmp_ln223" [../src/fp_math_hls.cpp:236->../src/fp_math_hls.cpp:864]   --->   Operation 230 'or' 'or_ln236_11' <Predicate = true> <Delay = 0.00> <CoreInst = "LogicGate">   --->   Core 74 'LogicGate' <Latency = 0> <II = 1> <Delay = 0.28> <FuncUnit> <Opcode : 'and' 'or' 'xor'> <InPorts = 2> <OutPorts = 1>
ST_7 : Operation 231 [1/1] (0.00ns) (grouped into LUT with out node select_ln236_23)   --->   "%select_ln236_12 = select i1 %icmp_ln221, i22 %shifted_50, i22 %sext_ln231" [../src/fp_math_hls.cpp:236->../src/fp_math_hls.cpp:864]   --->   Operation 231 'select' 'select_ln236_12' <Predicate = true> <Delay = 0.00> <CoreInst = "Sel">   --->   Core 73 'Sel' <Latency = 0> <II = 1> <Delay = 0.36> <FuncUnit> <Opcode : 'select'> <InPorts = 3> <OutPorts = 1>
ST_7 : Operation 232 [1/1] (0.00ns) (grouped into LUT with out node shl_ln236)   --->   "%select_ln236_13 = select i1 %or_ln236, i5 %select_ln236, i5 %select_ln236_1" [../src/fp_math_hls.cpp:236->../src/fp_math_hls.cpp:864]   --->   Operation 232 'select' 'select_ln236_13' <Predicate = true> <Delay = 0.00> <CoreInst = "Sel">   --->   Core 73 'Sel' <Latency = 0> <II = 1> <Delay = 0.41> <FuncUnit> <Opcode : 'select'> <InPorts = 3> <OutPorts = 1>
ST_7 : Operation 233 [1/1] (0.28ns) (out node of the LUT)   --->   "%or_ln236_12 = or i1 %or_ln236, i1 %or_ln236_1" [../src/fp_math_hls.cpp:236->../src/fp_math_hls.cpp:864]   --->   Operation 233 'or' 'or_ln236_12' <Predicate = true> <Delay = 0.28> <CoreInst = "LogicGate">   --->   Core 74 'LogicGate' <Latency = 0> <II = 1> <Delay = 0.28> <FuncUnit> <Opcode : 'and' 'or' 'xor'> <InPorts = 2> <OutPorts = 1>
ST_7 : Operation 234 [1/1] (0.39ns) (out node of the LUT)   --->   "%select_ln236_14 = select i1 %or_ln236_2, i4 %select_ln236_2, i4 %select_ln236_3" [../src/fp_math_hls.cpp:236->../src/fp_math_hls.cpp:864]   --->   Operation 234 'select' 'select_ln236_14' <Predicate = true> <Delay = 0.39> <CoreInst = "Sel">   --->   Core 73 'Sel' <Latency = 0> <II = 1> <Delay = 0.39> <FuncUnit> <Opcode : 'select'> <InPorts = 3> <OutPorts = 1>
ST_7 : Operation 235 [1/1] (0.00ns) (grouped into LUT with out node shl_ln236)   --->   "%zext_ln236 = zext i4 %select_ln236_14" [../src/fp_math_hls.cpp:236->../src/fp_math_hls.cpp:864]   --->   Operation 235 'zext' 'zext_ln236' <Predicate = true> <Delay = 0.00>
ST_7 : Operation 236 [1/1] (0.00ns) (grouped into LUT with out node or_ln236_18)   --->   "%or_ln236_13 = or i1 %or_ln236_2, i1 %or_ln236_3" [../src/fp_math_hls.cpp:236->../src/fp_math_hls.cpp:864]   --->   Operation 236 'or' 'or_ln236_13' <Predicate = true> <Delay = 0.00> <CoreInst = "LogicGate">   --->   Core 74 'LogicGate' <Latency = 0> <II = 1> <Delay = 0.28> <FuncUnit> <Opcode : 'and' 'or' 'xor'> <InPorts = 2> <OutPorts = 1>
ST_7 : Operation 237 [1/1] (0.34ns) (out node of the LUT)   --->   "%select_ln236_15 = select i1 %or_ln236_4, i22 %select_ln236_4, i22 %select_ln236_5" [../src/fp_math_hls.cpp:236->../src/fp_math_hls.cpp:864]   --->   Operation 237 'select' 'select_ln236_15' <Predicate = true> <Delay = 0.34> <CoreInst = "Sel">   --->   Core 73 'Sel' <Latency = 0> <II = 1> <Delay = 0.34> <FuncUnit> <Opcode : 'select'> <InPorts = 3> <OutPorts = 1>
ST_7 : Operation 238 [1/1] (0.28ns) (out node of the LUT)   --->   "%or_ln236_14 = or i1 %or_ln236_4, i1 %or_ln236_5" [../src/fp_math_hls.cpp:236->../src/fp_math_hls.cpp:864]   --->   Operation 238 'or' 'or_ln236_14' <Predicate = true> <Delay = 0.28> <CoreInst = "LogicGate">   --->   Core 74 'LogicGate' <Latency = 0> <II = 1> <Delay = 0.28> <FuncUnit> <Opcode : 'and' 'or' 'xor'> <InPorts = 2> <OutPorts = 1>
ST_7 : Operation 239 [1/1] (0.34ns) (out node of the LUT)   --->   "%select_ln236_16 = select i1 %or_ln236_6, i22 %select_ln236_6, i22 %select_ln236_7" [../src/fp_math_hls.cpp:236->../src/fp_math_hls.cpp:864]   --->   Operation 239 'select' 'select_ln236_16' <Predicate = true> <Delay = 0.34> <CoreInst = "Sel">   --->   Core 73 'Sel' <Latency = 0> <II = 1> <Delay = 0.34> <FuncUnit> <Opcode : 'select'> <InPorts = 3> <OutPorts = 1>
ST_7 : Operation 240 [1/1] (0.00ns) (grouped into LUT with out node or_ln236_21)   --->   "%or_ln236_15 = or i1 %or_ln236_6, i1 %or_ln236_7" [../src/fp_math_hls.cpp:236->../src/fp_math_hls.cpp:864]   --->   Operation 240 'or' 'or_ln236_15' <Predicate = true> <Delay = 0.00> <CoreInst = "LogicGate">   --->   Core 74 'LogicGate' <Latency = 0> <II = 1> <Delay = 0.28> <FuncUnit> <Opcode : 'and' 'or' 'xor'> <InPorts = 2> <OutPorts = 1>
ST_7 : Operation 241 [1/1] (0.34ns) (out node of the LUT)   --->   "%select_ln236_17 = select i1 %or_ln236_8, i22 %select_ln236_8, i22 %select_ln236_9" [../src/fp_math_hls.cpp:236->../src/fp_math_hls.cpp:864]   --->   Operation 241 'select' 'select_ln236_17' <Predicate = true> <Delay = 0.34> <CoreInst = "Sel">   --->   Core 73 'Sel' <Latency = 0> <II = 1> <Delay = 0.34> <FuncUnit> <Opcode : 'select'> <InPorts = 3> <OutPorts = 1>
ST_7 : Operation 242 [1/1] (0.28ns) (out node of the LUT)   --->   "%or_ln236_16 = or i1 %or_ln236_8, i1 %or_ln236_9" [../src/fp_math_hls.cpp:236->../src/fp_math_hls.cpp:864]   --->   Operation 242 'or' 'or_ln236_16' <Predicate = true> <Delay = 0.28> <CoreInst = "LogicGate">   --->   Core 74 'LogicGate' <Latency = 0> <II = 1> <Delay = 0.28> <FuncUnit> <Opcode : 'and' 'or' 'xor'> <InPorts = 2> <OutPorts = 1>
ST_7 : Operation 243 [1/1] (0.34ns) (out node of the LUT)   --->   "%select_ln236_18 = select i1 %or_ln236_10, i22 %select_ln236_10, i22 %select_ln236_11" [../src/fp_math_hls.cpp:236->../src/fp_math_hls.cpp:864]   --->   Operation 243 'select' 'select_ln236_18' <Predicate = true> <Delay = 0.34> <CoreInst = "Sel">   --->   Core 73 'Sel' <Latency = 0> <II = 1> <Delay = 0.34> <FuncUnit> <Opcode : 'select'> <InPorts = 3> <OutPorts = 1>
ST_7 : Operation 244 [1/1] (0.00ns) (grouped into LUT with out node or_ln236_20)   --->   "%or_ln236_17 = or i1 %or_ln236_10, i1 %or_ln236_11" [../src/fp_math_hls.cpp:236->../src/fp_math_hls.cpp:864]   --->   Operation 244 'or' 'or_ln236_17' <Predicate = true> <Delay = 0.00> <CoreInst = "LogicGate">   --->   Core 74 'LogicGate' <Latency = 0> <II = 1> <Delay = 0.28> <FuncUnit> <Opcode : 'and' 'or' 'xor'> <InPorts = 2> <OutPorts = 1>
ST_7 : Operation 245 [1/1] (0.00ns) (grouped into LUT with out node shl_ln236)   --->   "%select_ln236_19 = select i1 %or_ln236_12, i5 %select_ln236_13, i5 %zext_ln236" [../src/fp_math_hls.cpp:236->../src/fp_math_hls.cpp:864]   --->   Operation 245 'select' 'select_ln236_19' <Predicate = true> <Delay = 0.00> <CoreInst = "Sel">   --->   Core 73 'Sel' <Latency = 0> <II = 1> <Delay = 0.41> <FuncUnit> <Opcode : 'select'> <InPorts = 3> <OutPorts = 1>
ST_7 : Operation 246 [1/1] (0.00ns) (grouped into LUT with out node shl_ln236)   --->   "%zext_ln236_1 = zext i5 %select_ln236_19" [../src/fp_math_hls.cpp:236->../src/fp_math_hls.cpp:864]   --->   Operation 246 'zext' 'zext_ln236_1' <Predicate = true> <Delay = 0.00>
ST_7 : Operation 247 [1/1] (1.19ns) (out node of the LUT)   --->   "%shl_ln236 = shl i22 %sext_ln231, i22 %zext_ln236_1" [../src/fp_math_hls.cpp:236->../src/fp_math_hls.cpp:864]   --->   Operation 247 'shl' 'shl_ln236' <Predicate = true> <Delay = 1.19> <CoreInst = "Shifter">   --->   Core 75 'Shifter' <Latency = 0> <II = 1> <Delay = 1.19> <FuncUnit> <Opcode : 'shl' 'lshr' 'ashr'> <InPorts = 2> <OutPorts = 1>
ST_7 : Operation 248 [1/1] (0.28ns) (out node of the LUT)   --->   "%or_ln236_18 = or i1 %or_ln236_12, i1 %or_ln236_13" [../src/fp_math_hls.cpp:236->../src/fp_math_hls.cpp:864]   --->   Operation 248 'or' 'or_ln236_18' <Predicate = true> <Delay = 0.28> <CoreInst = "LogicGate">   --->   Core 74 'LogicGate' <Latency = 0> <II = 1> <Delay = 0.28> <FuncUnit> <Opcode : 'and' 'or' 'xor'> <InPorts = 2> <OutPorts = 1>
ST_7 : Operation 249 [1/1] (0.00ns) (grouped into LUT with out node select_ln236_22)   --->   "%select_ln236_20 = select i1 %or_ln236_14, i22 %select_ln236_15, i22 %select_ln236_16" [../src/fp_math_hls.cpp:236->../src/fp_math_hls.cpp:864]   --->   Operation 249 'select' 'select_ln236_20' <Predicate = true> <Delay = 0.00> <CoreInst = "Sel">   --->   Core 73 'Sel' <Latency = 0> <II = 1> <Delay = 0.34> <FuncUnit> <Opcode : 'select'> <InPorts = 3> <OutPorts = 1>
ST_7 : Operation 250 [1/1] (0.00ns) (grouped into LUT with out node or_ln236_21)   --->   "%or_ln236_19 = or i1 %or_ln236_14, i1 %or_ln236_15" [../src/fp_math_hls.cpp:236->../src/fp_math_hls.cpp:864]   --->   Operation 250 'or' 'or_ln236_19' <Predicate = true> <Delay = 0.00> <CoreInst = "LogicGate">   --->   Core 74 'LogicGate' <Latency = 0> <II = 1> <Delay = 0.28> <FuncUnit> <Opcode : 'and' 'or' 'xor'> <InPorts = 2> <OutPorts = 1>
ST_7 : Operation 251 [1/1] (0.34ns) (out node of the LUT)   --->   "%select_ln236_21 = select i1 %or_ln236_16, i22 %select_ln236_17, i22 %select_ln236_18" [../src/fp_math_hls.cpp:236->../src/fp_math_hls.cpp:864]   --->   Operation 251 'select' 'select_ln236_21' <Predicate = true> <Delay = 0.34> <CoreInst = "Sel">   --->   Core 73 'Sel' <Latency = 0> <II = 1> <Delay = 0.34> <FuncUnit> <Opcode : 'select'> <InPorts = 3> <OutPorts = 1>
ST_7 : Operation 252 [1/1] (0.28ns) (out node of the LUT)   --->   "%or_ln236_20 = or i1 %or_ln236_16, i1 %or_ln236_17" [../src/fp_math_hls.cpp:236->../src/fp_math_hls.cpp:864]   --->   Operation 252 'or' 'or_ln236_20' <Predicate = true> <Delay = 0.28> <CoreInst = "LogicGate">   --->   Core 74 'LogicGate' <Latency = 0> <II = 1> <Delay = 0.28> <FuncUnit> <Opcode : 'and' 'or' 'xor'> <InPorts = 2> <OutPorts = 1>
ST_7 : Operation 253 [1/1] (0.34ns) (out node of the LUT)   --->   "%select_ln236_22 = select i1 %or_ln236_18, i22 %shl_ln236, i22 %select_ln236_20" [../src/fp_math_hls.cpp:236->../src/fp_math_hls.cpp:864]   --->   Operation 253 'select' 'select_ln236_22' <Predicate = true> <Delay = 0.34> <CoreInst = "Sel">   --->   Core 73 'Sel' <Latency = 0> <II = 1> <Delay = 0.34> <FuncUnit> <Opcode : 'select'> <InPorts = 3> <OutPorts = 1>
ST_7 : Operation 254 [1/1] (0.28ns) (out node of the LUT)   --->   "%or_ln236_21 = or i1 %or_ln236_18, i1 %or_ln236_19" [../src/fp_math_hls.cpp:236->../src/fp_math_hls.cpp:864]   --->   Operation 254 'or' 'or_ln236_21' <Predicate = true> <Delay = 0.28> <CoreInst = "LogicGate">   --->   Core 74 'LogicGate' <Latency = 0> <II = 1> <Delay = 0.28> <FuncUnit> <Opcode : 'and' 'or' 'xor'> <InPorts = 2> <OutPorts = 1>
ST_7 : Operation 255 [1/1] (0.36ns) (out node of the LUT)   --->   "%select_ln236_23 = select i1 %or_ln236_20, i22 %select_ln236_21, i22 %select_ln236_12" [../src/fp_math_hls.cpp:236->../src/fp_math_hls.cpp:864]   --->   Operation 255 'select' 'select_ln236_23' <Predicate = true> <Delay = 0.36> <CoreInst = "Sel">   --->   Core 73 'Sel' <Latency = 0> <II = 1> <Delay = 0.34> <FuncUnit> <Opcode : 'select'> <InPorts = 3> <OutPorts = 1>
ST_7 : Operation 256 [1/1] (0.34ns) (out node of the LUT)   --->   "%shifted_86 = select i1 %or_ln236_21, i22 %select_ln236_22, i22 %select_ln236_23" [../src/fp_math_hls.cpp:236->../src/fp_math_hls.cpp:864]   --->   Operation 256 'select' 'shifted_86' <Predicate = true> <Delay = 0.34> <CoreInst = "Sel">   --->   Core 73 'Sel' <Latency = 0> <II = 1> <Delay = 0.34> <FuncUnit> <Opcode : 'select'> <InPorts = 3> <OutPorts = 1>
ST_7 : Operation 257 [1/1] (0.00ns)   --->   "%sext_ln671 = sext i22 %shifted_86" [include/fp_types_hls.hpp:671->../src/fp_math_hls.cpp:866]   --->   Operation 257 'sext' 'sext_ln671' <Predicate = true> <Delay = 0.00>
ST_7 : Operation 258 [1/1] (0.91ns)   --->   "%raw = sub i23 0, i23 %sext_ln671" [../src/fp_math_hls.cpp:865]   --->   Operation 258 'sub' 'raw' <Predicate = true> <Delay = 0.91> <CoreInst = "Adder">   --->   Core 1 'Adder' <Latency = 0> <II = 1> <Delay = 0.91> <FuncUnit> <Opcode : 'add' 'sub'> <InPorts = 2> <OutPorts = 1>
ST_7 : Operation 259 [1/1] (0.00ns) (grouped into LUT with out node out)   --->   "%xor_ln804 = xor i1 %icmp_ln804, i1 1" [../src/fp_math_hls.cpp:804]   --->   Operation 259 'xor' 'xor_ln804' <Predicate = true> <Delay = 0.00> <CoreInst = "LogicGate">   --->   Core 74 'LogicGate' <Latency = 0> <II = 1> <Delay = 0.28> <FuncUnit> <Opcode : 'and' 'or' 'xor'> <InPorts = 2> <OutPorts = 1>
ST_7 : Operation 260 [1/1] (0.00ns) (grouped into LUT with out node out)   --->   "%and_ln807 = and i1 %neg, i1 %xor_ln804" [../src/fp_math_hls.cpp:807]   --->   Operation 260 'and' 'and_ln807' <Predicate = true> <Delay = 0.00> <CoreInst = "LogicGate">   --->   Core 74 'LogicGate' <Latency = 0> <II = 1> <Delay = 0.28> <FuncUnit> <Opcode : 'and' 'or' 'xor'> <InPorts = 2> <OutPorts = 1>
ST_7 : Operation 261 [1/1] (0.00ns) (grouped into LUT with out node out)   --->   "%sel_tmp2 = bitconcatenate i2 @_ssdm_op_BitConcatenate.i2.i1.i1, i1 %icmp_ln804, i1 %and_ln807" [../src/fp_math_hls.cpp:804]   --->   Operation 261 'bitconcatenate' 'sel_tmp2' <Predicate = true> <Delay = 0.00>
ST_7 : Operation 262 [1/1] (0.42ns) (out node of the LUT)   --->   "%out = sparsemux i23 @_ssdm_op_SparseMux.ap_auto.3i23.i23.i2, i2 2, i23 0, i2 1, i23 %raw, i2 0, i23 %sext_ln671, i23 0, i2 %sel_tmp2" [../src/fp_math_hls.cpp:865]   --->   Operation 262 'sparsemux' 'out' <Predicate = true> <Delay = 0.42> <CoreInst = "OneHotSparseMux_HasDef">   --->   Core 152 'OneHotSparseMux_HasDef' <Latency = 0> <II = 1> <Delay = 0.42> <FuncUnit> <Opcode : 'sparsemux'> <InPorts = 2> <OutPorts = 1>
ST_7 : Operation 263 [1/1] (0.00ns)   --->   "%ret_ln867 = ret i23 %out" [../src/fp_math_hls.cpp:867]   --->   Operation 263 'ret' 'ret_ln867' <Predicate = true> <Delay = 0.00>


============================================================
+ Verbose Summary: Binding
============================================================
STG Binding: 
---------------- STG Properties BEGIN ----------------
- Is combinational: 0
- Is one-state seq: 0
- Is datapath-only: 1
- Is pipelined: 1
- Is top level: 0
Port [ Return ] is wired: 1; IO mode=ap_ctrl_hs:ce=0
Port [ x]:  wired=1; compound=0; hidden=0; nouse=0; global=0; static=0; extern=0; dir=0; type=0; pingpong=0; private_global=0; IO mode=ap_none:ce=0
Port [ recip_lut_fn]:  wired=0; compound=1; hidden=1; nouse=0; global=1; static=1; extern=0; dir=0; type=1; pingpong=0; private_global=0; MemPort=[11]; IO mode=ap_memory:ce=0
---------------- STG Properties END ------------------

---------------- Datapath Model BEGIN ----------------

<LifeTime>
<method=bitvector/>
x_read              (read          ) [ 00000000]
icmp_ln804          (icmp          ) [ 01111111]
neg                 (bitselect     ) [ 01111111]
abs_raw_signed      (sub           ) [ 00000000]
abs_raw_signed_2    (select        ) [ 01110000]
clz                 (ctlz          ) [ 00000000]
trunc_ln816         (trunc         ) [ 00000000]
msb                 (sub           ) [ 00000000]
icmp_ln819          (icmp          ) [ 01100000]
shift               (add           ) [ 01100000]
tmp                 (partselect    ) [ 00000000]
icmp_ln821          (icmp          ) [ 01100000]
add_ln822           (add           ) [ 01100000]
spec_select         (select        ) [ 00000000]
shift_1             (select        ) [ 00000000]
tmp_56              (bitselect     ) [ 00000000]
icmp_ln829          (icmp          ) [ 00000000]
icmp_ln829_1        (icmp          ) [ 00000000]
icmp_ln829_2        (icmp          ) [ 00000000]
icmp_ln829_3        (icmp          ) [ 00000000]
icmp_ln829_4        (icmp          ) [ 00000000]
icmp_ln829_5        (icmp          ) [ 00000000]
icmp_ln829_6        (icmp          ) [ 00000000]
icmp_ln829_7        (icmp          ) [ 00000000]
tmp_57              (bitselect     ) [ 00000000]
zext_ln834          (zext          ) [ 00000000]
tmp_58              (partselect    ) [ 00000000]
zext_ln834_1        (zext          ) [ 00000000]
tmp_59              (partselect    ) [ 00000000]
zext_ln834_2        (zext          ) [ 00000000]
tmp_60              (partselect    ) [ 00000000]
zext_ln834_3        (zext          ) [ 00000000]
tmp_61              (partselect    ) [ 00000000]
zext_ln834_4        (zext          ) [ 00000000]
tmp_62              (partselect    ) [ 00000000]
zext_ln834_5        (zext          ) [ 00000000]
tmp_63              (partselect    ) [ 00000000]
zext_ln834_6        (zext          ) [ 00000000]
tmp_64              (partselect    ) [ 00000000]
zext_ln834_7        (zext          ) [ 00000000]
tmp_65              (partselect    ) [ 00000000]
select_ln829        (select        ) [ 00000000]
select_ln829_1      (select        ) [ 00000000]
select_ln829_2      (select        ) [ 00000000]
select_ln829_3      (select        ) [ 00000000]
select_ln829_4      (select        ) [ 00000000]
select_ln829_5      (select        ) [ 00000000]
select_ln829_6      (select        ) [ 00000000]
select_ln829_7      (select        ) [ 00000000]
icmp_ln834          (icmp          ) [ 00000000]
shift_2             (add           ) [ 00000000]
shift_3             (select        ) [ 00000000]
shift_4             (select        ) [ 01010000]
icmp_ln221          (icmp          ) [ 01011111]
icmp_ln223          (icmp          ) [ 01011111]
icmp_ln221_1        (icmp          ) [ 01011111]
icmp_ln223_1        (icmp          ) [ 01011111]
trunc_ln809         (trunc         ) [ 00000000]
shifted_63          (partselect    ) [ 00000000]
x_norm_raw_49       (select        ) [ 00000000]
trunc_ln224         (trunc         ) [ 00000000]
shifted_64          (bitconcatenate) [ 00000000]
x_norm_raw_50       (select        ) [ 00000000]
shifted_65          (partselect    ) [ 00000000]
x_norm_raw_51       (select        ) [ 00000000]
trunc_ln224_1       (trunc         ) [ 00000000]
shifted_66          (bitconcatenate) [ 00000000]
x_norm_raw_52       (select        ) [ 00000000]
icmp_ln221_2        (icmp          ) [ 01001111]
shifted_67          (partselect    ) [ 00000000]
x_norm_raw_53       (select        ) [ 00000000]
icmp_ln223_2        (icmp          ) [ 01001111]
trunc_ln224_2       (trunc         ) [ 00000000]
shifted_68          (bitconcatenate) [ 00000000]
x_norm_raw_54       (select        ) [ 00000000]
icmp_ln221_3        (icmp          ) [ 01001111]
shifted_69          (partselect    ) [ 00000000]
x_norm_raw_55       (select        ) [ 00000000]
icmp_ln223_3        (icmp          ) [ 01001111]
trunc_ln224_3       (trunc         ) [ 00000000]
shifted_70          (bitconcatenate) [ 00000000]
x_norm_raw          (select        ) [ 00000000]
icmp_ln221_4        (icmp          ) [ 01001111]
shifted             (partselect    ) [ 00000000]
x_norm_raw_56       (select        ) [ 00000000]
icmp_ln223_4        (icmp          ) [ 01001111]
trunc_ln224_4       (trunc         ) [ 00000000]
shifted_71          (bitconcatenate) [ 00000000]
x_norm_raw_57       (select        ) [ 00000000]
icmp_ln221_5        (icmp          ) [ 01001111]
shifted_72          (partselect    ) [ 00000000]
x_norm_raw_58       (select        ) [ 00000000]
icmp_ln223_5        (icmp          ) [ 01001111]
trunc_ln224_5       (trunc         ) [ 00000000]
shifted_73          (bitconcatenate) [ 00000000]
x_norm_raw_59       (select        ) [ 00000000]
icmp_ln221_6        (icmp          ) [ 01001111]
shifted_74          (partselect    ) [ 00000000]
x_norm_raw_60       (select        ) [ 00000000]
icmp_ln223_6        (icmp          ) [ 01001111]
trunc_ln224_6       (trunc         ) [ 00000000]
shifted_75          (bitconcatenate) [ 00000000]
x_norm_raw_61       (select        ) [ 00000000]
icmp_ln221_7        (icmp          ) [ 01001111]
shifted_76          (partselect    ) [ 00000000]
x_norm_raw_62       (select        ) [ 00000000]
icmp_ln223_7        (icmp          ) [ 01001111]
trunc_ln224_7       (trunc         ) [ 00000000]
shifted_77          (bitconcatenate) [ 00000000]
x_norm_raw_63       (select        ) [ 00000000]
icmp_ln221_8        (icmp          ) [ 01001111]
shifted_78          (partselect    ) [ 00000000]
x_norm_raw_64       (select        ) [ 00000000]
icmp_ln223_8        (icmp          ) [ 01001111]
trunc_ln224_8       (trunc         ) [ 00000000]
shifted_79          (bitconcatenate) [ 00000000]
x_norm_raw_65       (select        ) [ 00000000]
icmp_ln223_9        (icmp          ) [ 01001111]
trunc_ln224_9       (trunc         ) [ 00000000]
shifted_80          (bitconcatenate) [ 00000000]
x_norm_raw_66       (select        ) [ 00000000]
icmp_ln223_10       (icmp          ) [ 01001111]
trunc_ln224_10      (trunc         ) [ 00000000]
shifted_81          (bitconcatenate) [ 00000000]
x_norm_raw_67       (select        ) [ 00000000]
icmp_ln223_11       (icmp          ) [ 01001111]
trunc_ln224_11      (trunc         ) [ 00000000]
shifted_82          (bitconcatenate) [ 00000000]
x_norm_raw_68       (select        ) [ 00000000]
icmp_ln223_12       (icmp          ) [ 01001111]
trunc_ln224_12      (trunc         ) [ 00000000]
shifted_83          (bitconcatenate) [ 00000000]
x_norm_raw_69       (select        ) [ 00000000]
icmp_ln223_13       (icmp          ) [ 01001111]
trunc_ln224_13      (trunc         ) [ 00000000]
shifted_84          (bitconcatenate) [ 00000000]
x_norm_raw_70       (select        ) [ 00000000]
icmp_ln223_14       (icmp          ) [ 01001111]
trunc_ln224_14      (trunc         ) [ 00000000]
shifted_85          (bitconcatenate) [ 00000000]
x_norm_raw_71       (select        ) [ 00000000]
icmp_ln223_15       (icmp          ) [ 01001111]
x_norm_raw_72       (select        ) [ 00000000]
lut_idx             (partselect    ) [ 01001000]
trunc_ln858         (trunc         ) [ 01001110]
zext_ln848          (zext          ) [ 00000000]
zext_ln859          (zext          ) [ 00000000]
recip_lut_fn_addr   (getelementptr ) [ 01000100]
add_ln860           (add           ) [ 00000000]
zext_ln860          (zext          ) [ 00000000]
recip_lut_fn_addr_1 (getelementptr ) [ 01000100]
v0                  (load          ) [ 01000011]
v1                  (load          ) [ 01000010]
sub_ln862           (sub           ) [ 00000000]
sext_ln862          (sext          ) [ 00000000]
zext_ln862          (zext          ) [ 00000000]
mul_ln862           (mul           ) [ 00000000]
trunc_ln            (partselect    ) [ 01000001]
specpipeline_ln800  (specpipeline  ) [ 00000000]
specmemcore_ln803   (specmemcore   ) [ 00000000]
zext_ln859_1        (zext          ) [ 00000000]
sext_ln862_1        (sext          ) [ 00000000]
add_ln862           (add           ) [ 00000000]
est_raw             (add           ) [ 00000000]
sext_ln231          (sext          ) [ 00000000]
tmp_66              (partselect    ) [ 00000000]
shifted_50          (sext          ) [ 00000000]
shifted_51          (bitconcatenate) [ 00000000]
sext_ln231_1        (sext          ) [ 00000000]
tmp_67              (partselect    ) [ 00000000]
shifted_52          (sext          ) [ 00000000]
shifted_53          (bitconcatenate) [ 00000000]
tmp_68              (partselect    ) [ 00000000]
shifted_54          (sext          ) [ 00000000]
shifted_55          (bitconcatenate) [ 00000000]
tmp_69              (partselect    ) [ 00000000]
shifted_56          (sext          ) [ 00000000]
trunc_ln237         (trunc         ) [ 00000000]
shifted_57          (bitconcatenate) [ 00000000]
tmp_70              (partselect    ) [ 00000000]
sext_ln235          (sext          ) [ 00000000]
trunc_ln237_1       (trunc         ) [ 00000000]
shifted_58          (bitconcatenate) [ 00000000]
tmp_71              (partselect    ) [ 00000000]
sext_ln235_1        (sext          ) [ 00000000]
trunc_ln237_2       (trunc         ) [ 00000000]
shifted_59          (bitconcatenate) [ 00000000]
tmp_72              (partselect    ) [ 00000000]
sext_ln235_2        (sext          ) [ 00000000]
trunc_ln237_3       (trunc         ) [ 00000000]
shifted_60          (bitconcatenate) [ 00000000]
tmp_73              (partselect    ) [ 00000000]
sext_ln235_3        (sext          ) [ 00000000]
trunc_ln237_4       (trunc         ) [ 00000000]
shifted_61          (bitconcatenate) [ 00000000]
tmp_74              (partselect    ) [ 00000000]
sext_ln235_4        (sext          ) [ 00000000]
select_ln236        (select        ) [ 00000000]
or_ln236            (or            ) [ 00000000]
select_ln236_1      (select        ) [ 00000000]
or_ln236_1          (or            ) [ 00000000]
select_ln236_2      (select        ) [ 00000000]
or_ln236_2          (or            ) [ 00000000]
select_ln236_3      (select        ) [ 00000000]
or_ln236_3          (or            ) [ 00000000]
select_ln236_4      (select        ) [ 00000000]
or_ln236_4          (or            ) [ 00000000]
select_ln236_5      (select        ) [ 00000000]
or_ln236_5          (or            ) [ 00000000]
select_ln236_6      (select        ) [ 00000000]
or_ln236_6          (or            ) [ 00000000]
select_ln236_7      (select        ) [ 00000000]
or_ln236_7          (or            ) [ 00000000]
select_ln236_8      (select        ) [ 00000000]
or_ln236_8          (or            ) [ 00000000]
select_ln236_9      (select        ) [ 00000000]
or_ln236_9          (or            ) [ 00000000]
select_ln236_10     (select        ) [ 00000000]
or_ln236_10         (or            ) [ 00000000]
select_ln236_11     (select        ) [ 00000000]
or_ln236_11         (or            ) [ 00000000]
select_ln236_12     (select        ) [ 00000000]
select_ln236_13     (select        ) [ 00000000]
or_ln236_12         (or            ) [ 00000000]
select_ln236_14     (select        ) [ 00000000]
zext_ln236          (zext          ) [ 00000000]
or_ln236_13         (or            ) [ 00000000]
select_ln236_15     (select        ) [ 00000000]
or_ln236_14         (or            ) [ 00000000]
select_ln236_16     (select        ) [ 00000000]
or_ln236_15         (or            ) [ 00000000]
select_ln236_17     (select        ) [ 00000000]
or_ln236_16         (or            ) [ 00000000]
select_ln236_18     (select        ) [ 00000000]
or_ln236_17         (or            ) [ 00000000]
select_ln236_19     (select        ) [ 00000000]
zext_ln236_1        (zext          ) [ 00000000]
shl_ln236           (shl           ) [ 00000000]
or_ln236_18         (or            ) [ 00000000]
select_ln236_20     (select        ) [ 00000000]
or_ln236_19         (or            ) [ 00000000]
select_ln236_21     (select        ) [ 00000000]
or_ln236_20         (or            ) [ 00000000]
select_ln236_22     (select        ) [ 00000000]
or_ln236_21         (or            ) [ 00000000]
select_ln236_23     (select        ) [ 00000000]
shifted_86          (select        ) [ 00000000]
sext_ln671          (sext          ) [ 00000000]
raw                 (sub           ) [ 00000000]
xor_ln804           (xor           ) [ 00000000]
and_ln807           (and           ) [ 00000000]
sel_tmp2            (bitconcatenate) [ 00000000]
out                 (sparsemux     ) [ 00000000]
ret_ln867           (ret           ) [ 00000000]
</LifeTime>

<model>

<comp_list>
<comp id="0" class="1000" name="x">
<pin_list>
<pin id="1" dir="1" index="0" bw="1" slack="0"/>
</pin_list>
<bind>
<StgValue><ssdm name="x"/></StgValue>
</bind>
</comp>

<comp id="2" class="1000" name="recip_lut_fn">
<pin_list>
<pin id="3" dir="1" index="0" bw="1" slack="0"/>
</pin_list>
<bind>
<StgValue><ssdm name="recip_lut_fn"/><MemPortTyVec>1 1 </MemPortTyVec>
</StgValue>
</bind>
</comp>

<comp id="4" class="1001" name="const_4">
<pin_list>
<pin id="5" dir="1" index="0" bw="1" slack="0"/>
</pin_list>
<bind>
<StgValue><ssdm name="_ssdm_op_Read.ap_auto.i26"/></StgValue>
</bind>
</comp>

<comp id="6" class="1001" name="const_6">
<pin_list>
<pin id="7" dir="1" index="0" bw="1" slack="0"/>
</pin_list>
<bind>
<StgValue><ssdm name=""/></StgValue>
</bind>
</comp>

<comp id="8" class="1001" name="const_8">
<pin_list>
<pin id="9" dir="1" index="0" bw="1" slack="0"/>
</pin_list>
<bind>
<StgValue><ssdm name="_ssdm_op_BitSelect.i1.i26.i32"/></StgValue>
</bind>
</comp>

<comp id="10" class="1001" name="const_10">
<pin_list>
<pin id="11" dir="1" index="0" bw="1" slack="0"/>
</pin_list>
<bind>
<StgValue><ssdm name=""/></StgValue>
</bind>
</comp>

<comp id="12" class="1001" name="const_12">
<pin_list>
<pin id="13" dir="1" index="0" bw="1" slack="0"/>
</pin_list>
<bind>
<StgValue><ssdm name="llvm.ctlz.i26"/></StgValue>
</bind>
</comp>

<comp id="14" class="1001" name="const_14">
<pin_list>
<pin id="15" dir="1" index="0" bw="1" slack="0"/>
</pin_list>
<bind>
<StgValue><ssdm name=""/></StgValue>
</bind>
</comp>

<comp id="16" class="1001" name="const_16">
<pin_list>
<pin id="17" dir="1" index="0" bw="1" slack="0"/>
</pin_list>
<bind>
<StgValue><ssdm name=""/></StgValue>
</bind>
</comp>

<comp id="18" class="1001" name="const_18">
<pin_list>
<pin id="19" dir="1" index="0" bw="1" slack="0"/>
</pin_list>
<bind>
<StgValue><ssdm name=""/></StgValue>
</bind>
</comp>

<comp id="20" class="1001" name="const_20">
<pin_list>
<pin id="21" dir="1" index="0" bw="1" slack="0"/>
</pin_list>
<bind>
<StgValue><ssdm name=""/></StgValue>
</bind>
</comp>

<comp id="22" class="1001" name="const_22">
<pin_list>
<pin id="23" dir="1" index="0" bw="1" slack="0"/>
</pin_list>
<bind>
<StgValue><ssdm name="_ssdm_op_PartSelect.i2.i6.i32.i32"/></StgValue>
</bind>
</comp>

<comp id="24" class="1001" name="const_24">
<pin_list>
<pin id="25" dir="1" index="0" bw="1" slack="0"/>
</pin_list>
<bind>
<StgValue><ssdm name=""/></StgValue>
</bind>
</comp>

<comp id="26" class="1001" name="const_26">
<pin_list>
<pin id="27" dir="1" index="0" bw="1" slack="0"/>
</pin_list>
<bind>
<StgValue><ssdm name=""/></StgValue>
</bind>
</comp>

<comp id="28" class="1001" name="const_28">
<pin_list>
<pin id="29" dir="1" index="0" bw="1" slack="0"/>
</pin_list>
<bind>
<StgValue><ssdm name=""/></StgValue>
</bind>
</comp>

<comp id="30" class="1001" name="const_30">
<pin_list>
<pin id="31" dir="1" index="0" bw="1" slack="0"/>
</pin_list>
<bind>
<StgValue><ssdm name=""/></StgValue>
</bind>
</comp>

<comp id="32" class="1001" name="const_32">
<pin_list>
<pin id="33" dir="1" index="0" bw="1" slack="0"/>
</pin_list>
<bind>
<StgValue><ssdm name=""/></StgValue>
</bind>
</comp>

<comp id="34" class="1001" name="const_34">
<pin_list>
<pin id="35" dir="1" index="0" bw="1" slack="0"/>
</pin_list>
<bind>
<StgValue><ssdm name="_ssdm_op_BitSelect.i1.i6.i32"/></StgValue>
</bind>
</comp>

<comp id="36" class="1001" name="const_36">
<pin_list>
<pin id="37" dir="1" index="0" bw="1" slack="0"/>
</pin_list>
<bind>
<StgValue><ssdm name=""/></StgValue>
</bind>
</comp>

<comp id="38" class="1001" name="const_38">
<pin_list>
<pin id="39" dir="1" index="0" bw="1" slack="0"/>
</pin_list>
<bind>
<StgValue><ssdm name=""/></StgValue>
</bind>
</comp>

<comp id="40" class="1001" name="const_40">
<pin_list>
<pin id="41" dir="1" index="0" bw="1" slack="0"/>
</pin_list>
<bind>
<StgValue><ssdm name=""/></StgValue>
</bind>
</comp>

<comp id="42" class="1001" name="const_42">
<pin_list>
<pin id="43" dir="1" index="0" bw="1" slack="0"/>
</pin_list>
<bind>
<StgValue><ssdm name=""/></StgValue>
</bind>
</comp>

<comp id="44" class="1001" name="const_44">
<pin_list>
<pin id="45" dir="1" index="0" bw="1" slack="0"/>
</pin_list>
<bind>
<StgValue><ssdm name=""/></StgValue>
</bind>
</comp>

<comp id="46" class="1001" name="const_46">
<pin_list>
<pin id="47" dir="1" index="0" bw="1" slack="0"/>
</pin_list>
<bind>
<StgValue><ssdm name=""/></StgValue>
</bind>
</comp>

<comp id="48" class="1001" name="const_48">
<pin_list>
<pin id="49" dir="1" index="0" bw="1" slack="0"/>
</pin_list>
<bind>
<StgValue><ssdm name=""/></StgValue>
</bind>
</comp>

<comp id="50" class="1001" name="const_50">
<pin_list>
<pin id="51" dir="1" index="0" bw="1" slack="0"/>
</pin_list>
<bind>
<StgValue><ssdm name=""/></StgValue>
</bind>
</comp>

<comp id="52" class="1001" name="const_52">
<pin_list>
<pin id="53" dir="1" index="0" bw="1" slack="0"/>
</pin_list>
<bind>
<StgValue><ssdm name="_ssdm_op_PartSelect.i2.i26.i32.i32"/></StgValue>
</bind>
</comp>

<comp id="54" class="1001" name="const_54">
<pin_list>
<pin id="55" dir="1" index="0" bw="1" slack="0"/>
</pin_list>
<bind>
<StgValue><ssdm name=""/></StgValue>
</bind>
</comp>

<comp id="56" class="1001" name="const_56">
<pin_list>
<pin id="57" dir="1" index="0" bw="1" slack="0"/>
</pin_list>
<bind>
<StgValue><ssdm name="_ssdm_op_PartSelect.i3.i26.i32.i32"/></StgValue>
</bind>
</comp>

<comp id="58" class="1001" name="const_58">
<pin_list>
<pin id="59" dir="1" index="0" bw="1" slack="0"/>
</pin_list>
<bind>
<StgValue><ssdm name=""/></StgValue>
</bind>
</comp>

<comp id="60" class="1001" name="const_60">
<pin_list>
<pin id="61" dir="1" index="0" bw="1" slack="0"/>
</pin_list>
<bind>
<StgValue><ssdm name="_ssdm_op_PartSelect.i4.i26.i32.i32"/></StgValue>
</bind>
</comp>

<comp id="62" class="1001" name="const_62">
<pin_list>
<pin id="63" dir="1" index="0" bw="1" slack="0"/>
</pin_list>
<bind>
<StgValue><ssdm name=""/></StgValue>
</bind>
</comp>

<comp id="64" class="1001" name="const_64">
<pin_list>
<pin id="65" dir="1" index="0" bw="1" slack="0"/>
</pin_list>
<bind>
<StgValue><ssdm name="_ssdm_op_PartSelect.i5.i26.i32.i32"/></StgValue>
</bind>
</comp>

<comp id="66" class="1001" name="const_66">
<pin_list>
<pin id="67" dir="1" index="0" bw="1" slack="0"/>
</pin_list>
<bind>
<StgValue><ssdm name=""/></StgValue>
</bind>
</comp>

<comp id="68" class="1001" name="const_68">
<pin_list>
<pin id="69" dir="1" index="0" bw="1" slack="0"/>
</pin_list>
<bind>
<StgValue><ssdm name="_ssdm_op_PartSelect.i6.i26.i32.i32"/></StgValue>
</bind>
</comp>

<comp id="70" class="1001" name="const_70">
<pin_list>
<pin id="71" dir="1" index="0" bw="1" slack="0"/>
</pin_list>
<bind>
<StgValue><ssdm name=""/></StgValue>
</bind>
</comp>

<comp id="72" class="1001" name="const_72">
<pin_list>
<pin id="73" dir="1" index="0" bw="1" slack="0"/>
</pin_list>
<bind>
<StgValue><ssdm name="_ssdm_op_PartSelect.i7.i26.i32.i32"/></StgValue>
</bind>
</comp>

<comp id="74" class="1001" name="const_74">
<pin_list>
<pin id="75" dir="1" index="0" bw="1" slack="0"/>
</pin_list>
<bind>
<StgValue><ssdm name=""/></StgValue>
</bind>
</comp>

<comp id="76" class="1001" name="const_76">
<pin_list>
<pin id="77" dir="1" index="0" bw="1" slack="0"/>
</pin_list>
<bind>
<StgValue><ssdm name="_ssdm_op_PartSelect.i8.i26.i32.i32"/></StgValue>
</bind>
</comp>

<comp id="78" class="1001" name="const_78">
<pin_list>
<pin id="79" dir="1" index="0" bw="1" slack="0"/>
</pin_list>
<bind>
<StgValue><ssdm name=""/></StgValue>
</bind>
</comp>

<comp id="80" class="1001" name="const_80">
<pin_list>
<pin id="81" dir="1" index="0" bw="1" slack="0"/>
</pin_list>
<bind>
<StgValue><ssdm name="_ssdm_op_PartSelect.i9.i26.i32.i32"/></StgValue>
</bind>
</comp>

<comp id="82" class="1001" name="const_82">
<pin_list>
<pin id="83" dir="1" index="0" bw="1" slack="0"/>
</pin_list>
<bind>
<StgValue><ssdm name=""/></StgValue>
</bind>
</comp>

<comp id="84" class="1001" name="const_84">
<pin_list>
<pin id="85" dir="1" index="0" bw="1" slack="0"/>
</pin_list>
<bind>
<StgValue><ssdm name=""/></StgValue>
</bind>
</comp>

<comp id="86" class="1001" name="const_86">
<pin_list>
<pin id="87" dir="1" index="0" bw="1" slack="0"/>
</pin_list>
<bind>
<StgValue><ssdm name=""/></StgValue>
</bind>
</comp>

<comp id="88" class="1001" name="const_88">
<pin_list>
<pin id="89" dir="1" index="0" bw="1" slack="0"/>
</pin_list>
<bind>
<StgValue><ssdm name=""/></StgValue>
</bind>
</comp>

<comp id="90" class="1001" name="const_90">
<pin_list>
<pin id="91" dir="1" index="0" bw="1" slack="0"/>
</pin_list>
<bind>
<StgValue><ssdm name="_ssdm_op_PartSelect.i16.i26.i32.i32"/></StgValue>
</bind>
</comp>

<comp id="92" class="1001" name="const_92">
<pin_list>
<pin id="93" dir="1" index="0" bw="1" slack="0"/>
</pin_list>
<bind>
<StgValue><ssdm name=""/></StgValue>
</bind>
</comp>

<comp id="94" class="1001" name="const_94">
<pin_list>
<pin id="95" dir="1" index="0" bw="1" slack="0"/>
</pin_list>
<bind>
<StgValue><ssdm name=""/></StgValue>
</bind>
</comp>

<comp id="96" class="1001" name="const_96">
<pin_list>
<pin id="97" dir="1" index="0" bw="1" slack="0"/>
</pin_list>
<bind>
<StgValue><ssdm name="_ssdm_op_BitConcatenate.i16.i15.i1"/></StgValue>
</bind>
</comp>

<comp id="98" class="1001" name="const_98">
<pin_list>
<pin id="99" dir="1" index="0" bw="1" slack="0"/>
</pin_list>
<bind>
<StgValue><ssdm name=""/></StgValue>
</bind>
</comp>

<comp id="100" class="1001" name="const_100">
<pin_list>
<pin id="101" dir="1" index="0" bw="1" slack="0"/>
</pin_list>
<bind>
<StgValue><ssdm name="_ssdm_op_BitConcatenate.i16.i14.i2"/></StgValue>
</bind>
</comp>

<comp id="102" class="1001" name="const_102">
<pin_list>
<pin id="103" dir="1" index="0" bw="1" slack="0"/>
</pin_list>
<bind>
<StgValue><ssdm name=""/></StgValue>
</bind>
</comp>

<comp id="104" class="1001" name="const_104">
<pin_list>
<pin id="105" dir="1" index="0" bw="1" slack="0"/>
</pin_list>
<bind>
<StgValue><ssdm name=""/></StgValue>
</bind>
</comp>

<comp id="106" class="1001" name="const_106">
<pin_list>
<pin id="107" dir="1" index="0" bw="1" slack="0"/>
</pin_list>
<bind>
<StgValue><ssdm name=""/></StgValue>
</bind>
</comp>

<comp id="108" class="1001" name="const_108">
<pin_list>
<pin id="109" dir="1" index="0" bw="1" slack="0"/>
</pin_list>
<bind>
<StgValue><ssdm name="_ssdm_op_BitConcatenate.i16.i13.i3"/></StgValue>
</bind>
</comp>

<comp id="110" class="1001" name="const_110">
<pin_list>
<pin id="111" dir="1" index="0" bw="1" slack="0"/>
</pin_list>
<bind>
<StgValue><ssdm name=""/></StgValue>
</bind>
</comp>

<comp id="112" class="1001" name="const_112">
<pin_list>
<pin id="113" dir="1" index="0" bw="1" slack="0"/>
</pin_list>
<bind>
<StgValue><ssdm name=""/></StgValue>
</bind>
</comp>

<comp id="114" class="1001" name="const_114">
<pin_list>
<pin id="115" dir="1" index="0" bw="1" slack="0"/>
</pin_list>
<bind>
<StgValue><ssdm name="_ssdm_op_BitConcatenate.i16.i12.i4"/></StgValue>
</bind>
</comp>

<comp id="116" class="1001" name="const_116">
<pin_list>
<pin id="117" dir="1" index="0" bw="1" slack="0"/>
</pin_list>
<bind>
<StgValue><ssdm name=""/></StgValue>
</bind>
</comp>

<comp id="118" class="1001" name="const_118">
<pin_list>
<pin id="119" dir="1" index="0" bw="1" slack="0"/>
</pin_list>
<bind>
<StgValue><ssdm name=""/></StgValue>
</bind>
</comp>

<comp id="120" class="1001" name="const_120">
<pin_list>
<pin id="121" dir="1" index="0" bw="1" slack="0"/>
</pin_list>
<bind>
<StgValue><ssdm name="_ssdm_op_BitConcatenate.i16.i11.i5"/></StgValue>
</bind>
</comp>

<comp id="122" class="1001" name="const_122">
<pin_list>
<pin id="123" dir="1" index="0" bw="1" slack="0"/>
</pin_list>
<bind>
<StgValue><ssdm name=""/></StgValue>
</bind>
</comp>

<comp id="124" class="1001" name="const_124">
<pin_list>
<pin id="125" dir="1" index="0" bw="1" slack="0"/>
</pin_list>
<bind>
<StgValue><ssdm name=""/></StgValue>
</bind>
</comp>

<comp id="126" class="1001" name="const_126">
<pin_list>
<pin id="127" dir="1" index="0" bw="1" slack="0"/>
</pin_list>
<bind>
<StgValue><ssdm name=""/></StgValue>
</bind>
</comp>

<comp id="128" class="1001" name="const_128">
<pin_list>
<pin id="129" dir="1" index="0" bw="1" slack="0"/>
</pin_list>
<bind>
<StgValue><ssdm name="_ssdm_op_BitConcatenate.i16.i10.i6"/></StgValue>
</bind>
</comp>

<comp id="130" class="1001" name="const_130">
<pin_list>
<pin id="131" dir="1" index="0" bw="1" slack="0"/>
</pin_list>
<bind>
<StgValue><ssdm name=""/></StgValue>
</bind>
</comp>

<comp id="132" class="1001" name="const_132">
<pin_list>
<pin id="133" dir="1" index="0" bw="1" slack="0"/>
</pin_list>
<bind>
<StgValue><ssdm name=""/></StgValue>
</bind>
</comp>

<comp id="134" class="1001" name="const_134">
<pin_list>
<pin id="135" dir="1" index="0" bw="1" slack="0"/>
</pin_list>
<bind>
<StgValue><ssdm name="_ssdm_op_BitConcatenate.i16.i9.i7"/></StgValue>
</bind>
</comp>

<comp id="136" class="1001" name="const_136">
<pin_list>
<pin id="137" dir="1" index="0" bw="1" slack="0"/>
</pin_list>
<bind>
<StgValue><ssdm name=""/></StgValue>
</bind>
</comp>

<comp id="138" class="1001" name="const_138">
<pin_list>
<pin id="139" dir="1" index="0" bw="1" slack="0"/>
</pin_list>
<bind>
<StgValue><ssdm name=""/></StgValue>
</bind>
</comp>

<comp id="140" class="1001" name="const_140">
<pin_list>
<pin id="141" dir="1" index="0" bw="1" slack="0"/>
</pin_list>
<bind>
<StgValue><ssdm name=""/></StgValue>
</bind>
</comp>

<comp id="142" class="1001" name="const_142">
<pin_list>
<pin id="143" dir="1" index="0" bw="1" slack="0"/>
</pin_list>
<bind>
<StgValue><ssdm name="_ssdm_op_BitConcatenate.i16.i8.i8"/></StgValue>
</bind>
</comp>

<comp id="144" class="1001" name="const_144">
<pin_list>
<pin id="145" dir="1" index="0" bw="1" slack="0"/>
</pin_list>
<bind>
<StgValue><ssdm name=""/></StgValue>
</bind>
</comp>

<comp id="146" class="1001" name="const_146">
<pin_list>
<pin id="147" dir="1" index="0" bw="1" slack="0"/>
</pin_list>
<bind>
<StgValue><ssdm name=""/></StgValue>
</bind>
</comp>

<comp id="148" class="1001" name="const_148">
<pin_list>
<pin id="149" dir="1" index="0" bw="1" slack="0"/>
</pin_list>
<bind>
<StgValue><ssdm name=""/></StgValue>
</bind>
</comp>

<comp id="150" class="1001" name="const_150">
<pin_list>
<pin id="151" dir="1" index="0" bw="1" slack="0"/>
</pin_list>
<bind>
<StgValue><ssdm name=""/></StgValue>
</bind>
</comp>

<comp id="152" class="1001" name="const_152">
<pin_list>
<pin id="153" dir="1" index="0" bw="1" slack="0"/>
</pin_list>
<bind>
<StgValue><ssdm name="_ssdm_op_BitConcatenate.i16.i7.i9"/></StgValue>
</bind>
</comp>

<comp id="154" class="1001" name="const_154">
<pin_list>
<pin id="155" dir="1" index="0" bw="1" slack="0"/>
</pin_list>
<bind>
<StgValue><ssdm name=""/></StgValue>
</bind>
</comp>

<comp id="156" class="1001" name="const_156">
<pin_list>
<pin id="157" dir="1" index="0" bw="1" slack="0"/>
</pin_list>
<bind>
<StgValue><ssdm name="_ssdm_op_BitConcatenate.i16.i6.i10"/></StgValue>
</bind>
</comp>

<comp id="158" class="1001" name="const_158">
<pin_list>
<pin id="159" dir="1" index="0" bw="1" slack="0"/>
</pin_list>
<bind>
<StgValue><ssdm name=""/></StgValue>
</bind>
</comp>

<comp id="160" class="1001" name="const_160">
<pin_list>
<pin id="161" dir="1" index="0" bw="1" slack="0"/>
</pin_list>
<bind>
<StgValue><ssdm name=""/></StgValue>
</bind>
</comp>

<comp id="162" class="1001" name="const_162">
<pin_list>
<pin id="163" dir="1" index="0" bw="1" slack="0"/>
</pin_list>
<bind>
<StgValue><ssdm name="_ssdm_op_BitConcatenate.i16.i5.i11"/></StgValue>
</bind>
</comp>

<comp id="164" class="1001" name="const_164">
<pin_list>
<pin id="165" dir="1" index="0" bw="1" slack="0"/>
</pin_list>
<bind>
<StgValue><ssdm name=""/></StgValue>
</bind>
</comp>

<comp id="166" class="1001" name="const_166">
<pin_list>
<pin id="167" dir="1" index="0" bw="1" slack="0"/>
</pin_list>
<bind>
<StgValue><ssdm name=""/></StgValue>
</bind>
</comp>

<comp id="168" class="1001" name="const_168">
<pin_list>
<pin id="169" dir="1" index="0" bw="1" slack="0"/>
</pin_list>
<bind>
<StgValue><ssdm name="_ssdm_op_BitConcatenate.i16.i4.i12"/></StgValue>
</bind>
</comp>

<comp id="170" class="1001" name="const_170">
<pin_list>
<pin id="171" dir="1" index="0" bw="1" slack="0"/>
</pin_list>
<bind>
<StgValue><ssdm name=""/></StgValue>
</bind>
</comp>

<comp id="172" class="1001" name="const_172">
<pin_list>
<pin id="173" dir="1" index="0" bw="1" slack="0"/>
</pin_list>
<bind>
<StgValue><ssdm name=""/></StgValue>
</bind>
</comp>

<comp id="174" class="1001" name="const_174">
<pin_list>
<pin id="175" dir="1" index="0" bw="1" slack="0"/>
</pin_list>
<bind>
<StgValue><ssdm name="_ssdm_op_BitConcatenate.i16.i3.i13"/></StgValue>
</bind>
</comp>

<comp id="176" class="1001" name="const_176">
<pin_list>
<pin id="177" dir="1" index="0" bw="1" slack="0"/>
</pin_list>
<bind>
<StgValue><ssdm name=""/></StgValue>
</bind>
</comp>

<comp id="178" class="1001" name="const_178">
<pin_list>
<pin id="179" dir="1" index="0" bw="1" slack="0"/>
</pin_list>
<bind>
<StgValue><ssdm name=""/></StgValue>
</bind>
</comp>

<comp id="180" class="1001" name="const_180">
<pin_list>
<pin id="181" dir="1" index="0" bw="1" slack="0"/>
</pin_list>
<bind>
<StgValue><ssdm name="_ssdm_op_BitConcatenate.i16.i2.i14"/></StgValue>
</bind>
</comp>

<comp id="182" class="1001" name="const_182">
<pin_list>
<pin id="183" dir="1" index="0" bw="1" slack="0"/>
</pin_list>
<bind>
<StgValue><ssdm name=""/></StgValue>
</bind>
</comp>

<comp id="184" class="1001" name="const_184">
<pin_list>
<pin id="185" dir="1" index="0" bw="1" slack="0"/>
</pin_list>
<bind>
<StgValue><ssdm name=""/></StgValue>
</bind>
</comp>

<comp id="186" class="1001" name="const_186">
<pin_list>
<pin id="187" dir="1" index="0" bw="1" slack="0"/>
</pin_list>
<bind>
<StgValue><ssdm name="_ssdm_op_BitConcatenate.i16.i1.i15"/></StgValue>
</bind>
</comp>

<comp id="188" class="1001" name="const_188">
<pin_list>
<pin id="189" dir="1" index="0" bw="1" slack="0"/>
</pin_list>
<bind>
<StgValue><ssdm name=""/></StgValue>
</bind>
</comp>

<comp id="190" class="1001" name="const_190">
<pin_list>
<pin id="191" dir="1" index="0" bw="1" slack="0"/>
</pin_list>
<bind>
<StgValue><ssdm name=""/></StgValue>
</bind>
</comp>

<comp id="192" class="1001" name="const_192">
<pin_list>
<pin id="193" dir="1" index="0" bw="1" slack="0"/>
</pin_list>
<bind>
<StgValue><ssdm name="_ssdm_op_PartSelect.i8.i16.i32.i32"/></StgValue>
</bind>
</comp>

<comp id="194" class="1001" name="const_194">
<pin_list>
<pin id="195" dir="1" index="0" bw="1" slack="0"/>
</pin_list>
<bind>
<StgValue><ssdm name=""/></StgValue>
</bind>
</comp>

<comp id="196" class="1001" name="const_196">
<pin_list>
<pin id="197" dir="1" index="0" bw="1" slack="0"/>
</pin_list>
<bind>
<StgValue><ssdm name=""/></StgValue>
</bind>
</comp>

<comp id="198" class="1001" name="const_198">
<pin_list>
<pin id="199" dir="1" index="0" bw="1" slack="0"/>
</pin_list>
<bind>
<StgValue><ssdm name=""/></StgValue>
</bind>
</comp>

<comp id="200" class="1001" name="const_200">
<pin_list>
<pin id="201" dir="1" index="0" bw="1" slack="0"/>
</pin_list>
<bind>
<StgValue><ssdm name="_ssdm_op_PartSelect.i19.i27.i32.i32"/></StgValue>
</bind>
</comp>

<comp id="202" class="1001" name="const_202">
<pin_list>
<pin id="203" dir="1" index="0" bw="1" slack="0"/>
</pin_list>
<bind>
<StgValue><ssdm name=""/></StgValue>
</bind>
</comp>

<comp id="204" class="1001" name="const_204">
<pin_list>
<pin id="205" dir="1" index="0" bw="1" slack="2147483647"/>
</pin_list>
<bind>
<StgValue><ssdm name="_ssdm_op_SpecPipeline"/></StgValue>
</bind>
</comp>

<comp id="206" class="1001" name="const_206">
<pin_list>
<pin id="207" dir="1" index="0" bw="1" slack="2147483647"/>
</pin_list>
<bind>
<StgValue><ssdm name=""/></StgValue>
</bind>
</comp>

<comp id="208" class="1001" name="const_208">
<pin_list>
<pin id="209" dir="1" index="0" bw="1" slack="2147483647"/>
</pin_list>
<bind>
<StgValue><ssdm name=""/></StgValue>
</bind>
</comp>

<comp id="210" class="1001" name="const_210">
<pin_list>
<pin id="211" dir="1" index="0" bw="1" slack="2147483647"/>
</pin_list>
<bind>
<StgValue><ssdm name="empty_485"/></StgValue>
</bind>
</comp>

<comp id="212" class="1001" name="const_212">
<pin_list>
<pin id="213" dir="1" index="0" bw="1" slack="2147483647"/>
</pin_list>
<bind>
<StgValue><ssdm name="_ssdm_op_SpecMemCore"/></StgValue>
</bind>
</comp>

<comp id="214" class="1001" name="const_214">
<pin_list>
<pin id="215" dir="1" index="0" bw="1" slack="2147483647"/>
</pin_list>
<bind>
<StgValue><ssdm name=""/></StgValue>
</bind>
</comp>

<comp id="216" class="1001" name="const_216">
<pin_list>
<pin id="217" dir="1" index="0" bw="1" slack="2147483647"/>
</pin_list>
<bind>
<StgValue><ssdm name=""/></StgValue>
</bind>
</comp>

<comp id="218" class="1001" name="const_218">
<pin_list>
<pin id="219" dir="1" index="0" bw="1" slack="2147483647"/>
</pin_list>
<bind>
<StgValue><ssdm name=""/></StgValue>
</bind>
</comp>

<comp id="220" class="1001" name="const_220">
<pin_list>
<pin id="221" dir="1" index="0" bw="1" slack="0"/>
</pin_list>
<bind>
<StgValue><ssdm name="_ssdm_op_PartSelect.i19.i20.i32.i32"/></StgValue>
</bind>
</comp>

<comp id="222" class="1001" name="const_222">
<pin_list>
<pin id="223" dir="1" index="0" bw="1" slack="0"/>
</pin_list>
<bind>
<StgValue><ssdm name="_ssdm_op_BitConcatenate.i21.i20.i1"/></StgValue>
</bind>
</comp>

<comp id="224" class="1001" name="const_224">
<pin_list>
<pin id="225" dir="1" index="0" bw="1" slack="0"/>
</pin_list>
<bind>
<StgValue><ssdm name="_ssdm_op_PartSelect.i18.i20.i32.i32"/></StgValue>
</bind>
</comp>

<comp id="226" class="1001" name="const_226">
<pin_list>
<pin id="227" dir="1" index="0" bw="1" slack="0"/>
</pin_list>
<bind>
<StgValue><ssdm name="_ssdm_op_BitConcatenate.i22.i20.i2"/></StgValue>
</bind>
</comp>

<comp id="228" class="1001" name="const_228">
<pin_list>
<pin id="229" dir="1" index="0" bw="1" slack="0"/>
</pin_list>
<bind>
<StgValue><ssdm name="_ssdm_op_PartSelect.i17.i20.i32.i32"/></StgValue>
</bind>
</comp>

<comp id="230" class="1001" name="const_230">
<pin_list>
<pin id="231" dir="1" index="0" bw="1" slack="0"/>
</pin_list>
<bind>
<StgValue><ssdm name="_ssdm_op_BitConcatenate.i22.i19.i3"/></StgValue>
</bind>
</comp>

<comp id="232" class="1001" name="const_232">
<pin_list>
<pin id="233" dir="1" index="0" bw="1" slack="0"/>
</pin_list>
<bind>
<StgValue><ssdm name="_ssdm_op_PartSelect.i16.i20.i32.i32"/></StgValue>
</bind>
</comp>

<comp id="234" class="1001" name="const_234">
<pin_list>
<pin id="235" dir="1" index="0" bw="1" slack="0"/>
</pin_list>
<bind>
<StgValue><ssdm name="_ssdm_op_BitConcatenate.i22.i18.i4"/></StgValue>
</bind>
</comp>

<comp id="236" class="1001" name="const_236">
<pin_list>
<pin id="237" dir="1" index="0" bw="1" slack="0"/>
</pin_list>
<bind>
<StgValue><ssdm name="_ssdm_op_PartSelect.i15.i20.i32.i32"/></StgValue>
</bind>
</comp>

<comp id="238" class="1001" name="const_238">
<pin_list>
<pin id="239" dir="1" index="0" bw="1" slack="0"/>
</pin_list>
<bind>
<StgValue><ssdm name="_ssdm_op_BitConcatenate.i22.i17.i5"/></StgValue>
</bind>
</comp>

<comp id="240" class="1001" name="const_240">
<pin_list>
<pin id="241" dir="1" index="0" bw="1" slack="0"/>
</pin_list>
<bind>
<StgValue><ssdm name="_ssdm_op_PartSelect.i14.i20.i32.i32"/></StgValue>
</bind>
</comp>

<comp id="242" class="1001" name="const_242">
<pin_list>
<pin id="243" dir="1" index="0" bw="1" slack="0"/>
</pin_list>
<bind>
<StgValue><ssdm name="_ssdm_op_BitConcatenate.i22.i16.i6"/></StgValue>
</bind>
</comp>

<comp id="244" class="1001" name="const_244">
<pin_list>
<pin id="245" dir="1" index="0" bw="1" slack="0"/>
</pin_list>
<bind>
<StgValue><ssdm name="_ssdm_op_PartSelect.i13.i20.i32.i32"/></StgValue>
</bind>
</comp>

<comp id="246" class="1001" name="const_246">
<pin_list>
<pin id="247" dir="1" index="0" bw="1" slack="0"/>
</pin_list>
<bind>
<StgValue><ssdm name="_ssdm_op_BitConcatenate.i22.i15.i7"/></StgValue>
</bind>
</comp>

<comp id="248" class="1001" name="const_248">
<pin_list>
<pin id="249" dir="1" index="0" bw="1" slack="0"/>
</pin_list>
<bind>
<StgValue><ssdm name="_ssdm_op_PartSelect.i12.i20.i32.i32"/></StgValue>
</bind>
</comp>

<comp id="250" class="1001" name="const_250">
<pin_list>
<pin id="251" dir="1" index="0" bw="1" slack="0"/>
</pin_list>
<bind>
<StgValue><ssdm name="_ssdm_op_BitConcatenate.i22.i14.i8"/></StgValue>
</bind>
</comp>

<comp id="252" class="1001" name="const_252">
<pin_list>
<pin id="253" dir="1" index="0" bw="1" slack="0"/>
</pin_list>
<bind>
<StgValue><ssdm name="_ssdm_op_PartSelect.i11.i20.i32.i32"/></StgValue>
</bind>
</comp>

<comp id="254" class="1001" name="const_254">
<pin_list>
<pin id="255" dir="1" index="0" bw="1" slack="0"/>
</pin_list>
<bind>
<StgValue><ssdm name=""/></StgValue>
</bind>
</comp>

<comp id="256" class="1001" name="const_256">
<pin_list>
<pin id="257" dir="1" index="0" bw="1" slack="0"/>
</pin_list>
<bind>
<StgValue><ssdm name=""/></StgValue>
</bind>
</comp>

<comp id="258" class="1001" name="const_258">
<pin_list>
<pin id="259" dir="1" index="0" bw="1" slack="0"/>
</pin_list>
<bind>
<StgValue><ssdm name=""/></StgValue>
</bind>
</comp>

<comp id="260" class="1001" name="const_260">
<pin_list>
<pin id="261" dir="1" index="0" bw="1" slack="0"/>
</pin_list>
<bind>
<StgValue><ssdm name=""/></StgValue>
</bind>
</comp>

<comp id="262" class="1001" name="const_262">
<pin_list>
<pin id="263" dir="1" index="0" bw="1" slack="0"/>
</pin_list>
<bind>
<StgValue><ssdm name=""/></StgValue>
</bind>
</comp>

<comp id="264" class="1001" name="const_264">
<pin_list>
<pin id="265" dir="1" index="0" bw="1" slack="0"/>
</pin_list>
<bind>
<StgValue><ssdm name=""/></StgValue>
</bind>
</comp>

<comp id="266" class="1001" name="const_266">
<pin_list>
<pin id="267" dir="1" index="0" bw="1" slack="0"/>
</pin_list>
<bind>
<StgValue><ssdm name=""/></StgValue>
</bind>
</comp>

<comp id="268" class="1001" name="const_268">
<pin_list>
<pin id="269" dir="1" index="0" bw="1" slack="0"/>
</pin_list>
<bind>
<StgValue><ssdm name=""/></StgValue>
</bind>
</comp>

<comp id="270" class="1001" name="const_270">
<pin_list>
<pin id="271" dir="1" index="0" bw="1" slack="0"/>
</pin_list>
<bind>
<StgValue><ssdm name=""/></StgValue>
</bind>
</comp>

<comp id="272" class="1001" name="const_272">
<pin_list>
<pin id="273" dir="1" index="0" bw="1" slack="0"/>
</pin_list>
<bind>
<StgValue><ssdm name=""/></StgValue>
</bind>
</comp>

<comp id="274" class="1001" name="const_274">
<pin_list>
<pin id="275" dir="1" index="0" bw="1" slack="0"/>
</pin_list>
<bind>
<StgValue><ssdm name="_ssdm_op_BitConcatenate.i2.i1.i1"/></StgValue>
</bind>
</comp>

<comp id="276" class="1001" name="const_276">
<pin_list>
<pin id="277" dir="1" index="0" bw="1" slack="0"/>
</pin_list>
<bind>
<StgValue><ssdm name="_ssdm_op_SparseMux.ap_auto.3i23.i23.i2"/></StgValue>
</bind>
</comp>

<comp id="278" class="1001" name="const_278">
<pin_list>
<pin id="279" dir="1" index="0" bw="1" slack="0"/>
</pin_list>
<bind>
<StgValue><ssdm name=""/></StgValue>
</bind>
</comp>

<comp id="280" class="1001" name="const_280">
<pin_list>
<pin id="281" dir="1" index="0" bw="1" slack="0"/>
</pin_list>
<bind>
<StgValue><ssdm name=""/></StgValue>
</bind>
</comp>

<comp id="282" class="1004" name="x_read_read_fu_282">
<pin_list>
<pin id="283" dir="0" index="0" bw="26" slack="0"/>
<pin id="284" dir="0" index="1" bw="26" slack="0"/>
<pin id="285" dir="1" index="2" bw="26" slack="0"/>
</pin_list>
<bind>
<opcode="read(1150) " fcode="read"/>
<opset="x_read/1 "/>
</bind>
</comp>

<comp id="288" class="1004" name="recip_lut_fn_addr_gep_fu_288">
<pin_list>
<pin id="289" dir="0" index="0" bw="19" slack="0"/>
<pin id="290" dir="0" index="1" bw="1" slack="0"/>
<pin id="291" dir="0" index="2" bw="8" slack="0"/>
<pin id="292" dir="1" index="3" bw="9" slack="0"/>
</pin_list>
<bind>
<opcode="getelementptr(29) " fcode="getelementptr"/>
<opset="recip_lut_fn_addr/4 "/>
</bind>
</comp>

<comp id="295" class="1004" name="grp_access_fu_295">
<pin_list>
<pin id="296" dir="0" index="0" bw="9" slack="0"/>
<pin id="297" dir="0" index="1" bw="19" slack="2147483647"/>
<pin id="298" dir="0" index="2" bw="0" slack="0"/>
<pin id="300" dir="0" index="4" bw="9" slack="2147483647"/>
<pin id="301" dir="0" index="5" bw="19" slack="2147483647"/>
<pin id="302" dir="0" index="6" bw="0" slack="2147483647"/>
<pin id="299" dir="1" index="3" bw="19" slack="1"/>
<pin id="303" dir="1" index="7" bw="19" slack="1"/>
</pin_list>
<bind>
<opcode="load(27) " fcode="load"/>
<opset="v0/4 v1/4 "/>
</bind>
</comp>

<comp id="305" class="1004" name="recip_lut_fn_addr_1_gep_fu_305">
<pin_list>
<pin id="306" dir="0" index="0" bw="19" slack="0"/>
<pin id="307" dir="0" index="1" bw="1" slack="0"/>
<pin id="308" dir="0" index="2" bw="9" slack="0"/>
<pin id="309" dir="1" index="3" bw="9" slack="0"/>
</pin_list>
<bind>
<opcode="getelementptr(29) " fcode="getelementptr"/>
<opset="recip_lut_fn_addr_1/4 "/>
</bind>
</comp>

<comp id="313" class="1004" name="icmp_ln804_fu_313">
<pin_list>
<pin id="314" dir="0" index="0" bw="26" slack="0"/>
<pin id="315" dir="0" index="1" bw="1" slack="0"/>
<pin id="316" dir="1" index="2" bw="1" slack="6"/>
</pin_list>
<bind>
<opcode="icmp(45) " fcode="icmp"/>
<opset="icmp_ln804/1 "/>
</bind>
</comp>

<comp id="319" class="1004" name="neg_fu_319">
<pin_list>
<pin id="320" dir="0" index="0" bw="1" slack="0"/>
<pin id="321" dir="0" index="1" bw="26" slack="0"/>
<pin id="322" dir="0" index="2" bw="6" slack="0"/>
<pin id="323" dir="1" index="3" bw="1" slack="0"/>
</pin_list>
<bind>
<opcode="bitselect(1000) " fcode="bitselect"/>
<opset="neg/1 "/>
</bind>
</comp>

<comp id="327" class="1004" name="abs_raw_signed_fu_327">
<pin_list>
<pin id="328" dir="0" index="0" bw="1" slack="0"/>
<pin id="329" dir="0" index="1" bw="26" slack="0"/>
<pin id="330" dir="1" index="2" bw="26" slack="0"/>
</pin_list>
<bind>
<opcode="sub(10) " fcode="sub"/>
<opset="abs_raw_signed/1 "/>
</bind>
</comp>

<comp id="333" class="1004" name="abs_raw_signed_2_fu_333">
<pin_list>
<pin id="334" dir="0" index="0" bw="1" slack="0"/>
<pin id="335" dir="0" index="1" bw="26" slack="0"/>
<pin id="336" dir="0" index="2" bw="26" slack="0"/>
<pin id="337" dir="1" index="3" bw="26" slack="0"/>
</pin_list>
<bind>
<opcode="select(49) " fcode="select"/>
<opset="abs_raw_signed_2/1 "/>
</bind>
</comp>

<comp id="341" class="1004" name="clz_fu_341">
<pin_list>
<pin id="342" dir="0" index="0" bw="26" slack="0"/>
<pin id="343" dir="0" index="1" bw="26" slack="0"/>
<pin id="344" dir="0" index="2" bw="1" slack="0"/>
<pin id="345" dir="1" index="3" bw="26" slack="0"/>
</pin_list>
<bind>
<opcode="ctlz(523) " fcode="ctlz"/>
<opset="clz/1 "/>
</bind>
</comp>

<comp id="349" class="1004" name="trunc_ln816_fu_349">
<pin_list>
<pin id="350" dir="0" index="0" bw="26" slack="0"/>
<pin id="351" dir="1" index="1" bw="6" slack="0"/>
</pin_list>
<bind>
<opcode="trunc(33) " fcode="trunc"/>
<opset="trunc_ln816/1 "/>
</bind>
</comp>

<comp id="353" class="1004" name="msb_fu_353">
<pin_list>
<pin id="354" dir="0" index="0" bw="6" slack="0"/>
<pin id="355" dir="0" index="1" bw="6" slack="0"/>
<pin id="356" dir="1" index="2" bw="6" slack="0"/>
</pin_list>
<bind>
<opcode="sub(10) " fcode="sub"/>
<opset="msb/1 "/>
</bind>
</comp>

<comp id="359" class="1004" name="icmp_ln819_fu_359">
<pin_list>
<pin id="360" dir="0" index="0" bw="6" slack="0"/>
<pin id="361" dir="0" index="1" bw="6" slack="0"/>
<pin id="362" dir="1" index="2" bw="1" slack="1"/>
</pin_list>
<bind>
<opcode="icmp(45) " fcode="icmp"/>
<opset="icmp_ln819/1 "/>
</bind>
</comp>

<comp id="365" class="1004" name="shift_fu_365">
<pin_list>
<pin id="366" dir="0" index="0" bw="6" slack="0"/>
<pin id="367" dir="0" index="1" bw="6" slack="0"/>
<pin id="368" dir="1" index="2" bw="6" slack="1"/>
</pin_list>
<bind>
<opcode="add(8) " fcode="add"/>
<opset="shift/1 "/>
</bind>
</comp>

<comp id="371" class="1004" name="tmp_fu_371">
<pin_list>
<pin id="372" dir="0" index="0" bw="2" slack="0"/>
<pin id="373" dir="0" index="1" bw="6" slack="0"/>
<pin id="374" dir="0" index="2" bw="4" slack="0"/>
<pin id="375" dir="0" index="3" bw="4" slack="0"/>
<pin id="376" dir="1" index="4" bw="2" slack="0"/>
</pin_list>
<bind>
<opcode="partselect(1002) " fcode="partselect"/>
<opset="tmp/1 "/>
</bind>
</comp>

<comp id="381" class="1004" name="icmp_ln821_fu_381">
<pin_list>
<pin id="382" dir="0" index="0" bw="2" slack="0"/>
<pin id="383" dir="0" index="1" bw="1" slack="0"/>
<pin id="384" dir="1" index="2" bw="1" slack="1"/>
</pin_list>
<bind>
<opcode="icmp(45) " fcode="icmp"/>
<opset="icmp_ln821/1 "/>
</bind>
</comp>

<comp id="387" class="1004" name="add_ln822_fu_387">
<pin_list>
<pin id="388" dir="0" index="0" bw="6" slack="0"/>
<pin id="389" dir="0" index="1" bw="5" slack="0"/>
<pin id="390" dir="1" index="2" bw="6" slack="1"/>
</pin_list>
<bind>
<opcode="add(8) " fcode="add"/>
<opset="add_ln822/1 "/>
</bind>
</comp>

<comp id="393" class="1004" name="spec_select_fu_393">
<pin_list>
<pin id="394" dir="0" index="0" bw="1" slack="1"/>
<pin id="395" dir="0" index="1" bw="6" slack="1"/>
<pin id="396" dir="0" index="2" bw="1" slack="0"/>
<pin id="397" dir="1" index="3" bw="6" slack="0"/>
</pin_list>
<bind>
<opcode="select(49) " fcode="select"/>
<opset="spec_select/2 "/>
</bind>
</comp>

<comp id="399" class="1004" name="shift_1_fu_399">
<pin_list>
<pin id="400" dir="0" index="0" bw="1" slack="1"/>
<pin id="401" dir="0" index="1" bw="6" slack="1"/>
<pin id="402" dir="0" index="2" bw="6" slack="0"/>
<pin id="403" dir="1" index="3" bw="6" slack="0"/>
</pin_list>
<bind>
<opcode="select(49) " fcode="select"/>
<opset="shift_1/2 "/>
</bind>
</comp>

<comp id="405" class="1004" name="tmp_56_fu_405">
<pin_list>
<pin id="406" dir="0" index="0" bw="1" slack="0"/>
<pin id="407" dir="0" index="1" bw="6" slack="0"/>
<pin id="408" dir="0" index="2" bw="4" slack="0"/>
<pin id="409" dir="1" index="3" bw="1" slack="0"/>
</pin_list>
<bind>
<opcode="bitselect(1000) " fcode="bitselect"/>
<opset="tmp_56/2 "/>
</bind>
</comp>

<comp id="413" class="1004" name="icmp_ln829_fu_413">
<pin_list>
<pin id="414" dir="0" index="0" bw="6" slack="0"/>
<pin id="415" dir="0" index="1" bw="1" slack="0"/>
<pin id="416" dir="1" index="2" bw="1" slack="0"/>
</pin_list>
<bind>
<opcode="icmp(45) " fcode="icmp"/>
<opset="icmp_ln829/2 "/>
</bind>
</comp>

<comp id="419" class="1004" name="icmp_ln829_1_fu_419">
<pin_list>
<pin id="420" dir="0" index="0" bw="6" slack="0"/>
<pin id="421" dir="0" index="1" bw="3" slack="0"/>
<pin id="422" dir="1" index="2" bw="1" slack="0"/>
</pin_list>
<bind>
<opcode="icmp(45) " fcode="icmp"/>
<opset="icmp_ln829_1/2 "/>
</bind>
</comp>

<comp id="425" class="1004" name="icmp_ln829_2_fu_425">
<pin_list>
<pin id="426" dir="0" index="0" bw="6" slack="0"/>
<pin id="427" dir="0" index="1" bw="3" slack="0"/>
<pin id="428" dir="1" index="2" bw="1" slack="0"/>
</pin_list>
<bind>
<opcode="icmp(45) " fcode="icmp"/>
<opset="icmp_ln829_2/2 "/>
</bind>
</comp>

<comp id="431" class="1004" name="icmp_ln829_3_fu_431">
<pin_list>
<pin id="432" dir="0" index="0" bw="6" slack="0"/>
<pin id="433" dir="0" index="1" bw="4" slack="0"/>
<pin id="434" dir="1" index="2" bw="1" slack="0"/>
</pin_list>
<bind>
<opcode="icmp(45) " fcode="icmp"/>
<opset="icmp_ln829_3/2 "/>
</bind>
</comp>

<comp id="437" class="1004" name="icmp_ln829_4_fu_437">
<pin_list>
<pin id="438" dir="0" index="0" bw="6" slack="0"/>
<pin id="439" dir="0" index="1" bw="4" slack="0"/>
<pin id="440" dir="1" index="2" bw="1" slack="0"/>
</pin_list>
<bind>
<opcode="icmp(45) " fcode="icmp"/>
<opset="icmp_ln829_4/2 "/>
</bind>
</comp>

<comp id="443" class="1004" name="icmp_ln829_5_fu_443">
<pin_list>
<pin id="444" dir="0" index="0" bw="6" slack="0"/>
<pin id="445" dir="0" index="1" bw="4" slack="0"/>
<pin id="446" dir="1" index="2" bw="1" slack="0"/>
</pin_list>
<bind>
<opcode="icmp(45) " fcode="icmp"/>
<opset="icmp_ln829_5/2 "/>
</bind>
</comp>

<comp id="449" class="1004" name="icmp_ln829_6_fu_449">
<pin_list>
<pin id="450" dir="0" index="0" bw="6" slack="0"/>
<pin id="451" dir="0" index="1" bw="4" slack="0"/>
<pin id="452" dir="1" index="2" bw="1" slack="0"/>
</pin_list>
<bind>
<opcode="icmp(45) " fcode="icmp"/>
<opset="icmp_ln829_6/2 "/>
</bind>
</comp>

<comp id="455" class="1004" name="icmp_ln829_7_fu_455">
<pin_list>
<pin id="456" dir="0" index="0" bw="6" slack="0"/>
<pin id="457" dir="0" index="1" bw="5" slack="0"/>
<pin id="458" dir="1" index="2" bw="1" slack="0"/>
</pin_list>
<bind>
<opcode="icmp(45) " fcode="icmp"/>
<opset="icmp_ln829_7/2 "/>
</bind>
</comp>

<comp id="461" class="1004" name="tmp_57_fu_461">
<pin_list>
<pin id="462" dir="0" index="0" bw="1" slack="0"/>
<pin id="463" dir="0" index="1" bw="26" slack="1"/>
<pin id="464" dir="0" index="2" bw="6" slack="0"/>
<pin id="465" dir="1" index="3" bw="1" slack="0"/>
</pin_list>
<bind>
<opcode="bitselect(1000) " fcode="bitselect"/>
<opset="tmp_57/2 "/>
</bind>
</comp>

<comp id="468" class="1004" name="zext_ln834_fu_468">
<pin_list>
<pin id="469" dir="0" index="0" bw="1" slack="0"/>
<pin id="470" dir="1" index="1" bw="9" slack="0"/>
</pin_list>
<bind>
<opcode="zext(34) " fcode="zext"/>
<opset="zext_ln834/2 "/>
</bind>
</comp>

<comp id="472" class="1004" name="tmp_58_fu_472">
<pin_list>
<pin id="473" dir="0" index="0" bw="2" slack="0"/>
<pin id="474" dir="0" index="1" bw="26" slack="1"/>
<pin id="475" dir="0" index="2" bw="6" slack="0"/>
<pin id="476" dir="0" index="3" bw="6" slack="0"/>
<pin id="477" dir="1" index="4" bw="2" slack="0"/>
</pin_list>
<bind>
<opcode="partselect(1002) " fcode="partselect"/>
<opset="tmp_58/2 "/>
</bind>
</comp>

<comp id="481" class="1004" name="zext_ln834_1_fu_481">
<pin_list>
<pin id="482" dir="0" index="0" bw="2" slack="0"/>
<pin id="483" dir="1" index="1" bw="9" slack="0"/>
</pin_list>
<bind>
<opcode="zext(34) " fcode="zext"/>
<opset="zext_ln834_1/2 "/>
</bind>
</comp>

<comp id="485" class="1004" name="tmp_59_fu_485">
<pin_list>
<pin id="486" dir="0" index="0" bw="3" slack="0"/>
<pin id="487" dir="0" index="1" bw="26" slack="1"/>
<pin id="488" dir="0" index="2" bw="6" slack="0"/>
<pin id="489" dir="0" index="3" bw="6" slack="0"/>
<pin id="490" dir="1" index="4" bw="3" slack="0"/>
</pin_list>
<bind>
<opcode="partselect(1002) " fcode="partselect"/>
<opset="tmp_59/2 "/>
</bind>
</comp>

<comp id="494" class="1004" name="zext_ln834_2_fu_494">
<pin_list>
<pin id="495" dir="0" index="0" bw="3" slack="0"/>
<pin id="496" dir="1" index="1" bw="9" slack="0"/>
</pin_list>
<bind>
<opcode="zext(34) " fcode="zext"/>
<opset="zext_ln834_2/2 "/>
</bind>
</comp>

<comp id="498" class="1004" name="tmp_60_fu_498">
<pin_list>
<pin id="499" dir="0" index="0" bw="4" slack="0"/>
<pin id="500" dir="0" index="1" bw="26" slack="1"/>
<pin id="501" dir="0" index="2" bw="6" slack="0"/>
<pin id="502" dir="0" index="3" bw="6" slack="0"/>
<pin id="503" dir="1" index="4" bw="4" slack="0"/>
</pin_list>
<bind>
<opcode="partselect(1002) " fcode="partselect"/>
<opset="tmp_60/2 "/>
</bind>
</comp>

<comp id="507" class="1004" name="zext_ln834_3_fu_507">
<pin_list>
<pin id="508" dir="0" index="0" bw="4" slack="0"/>
<pin id="509" dir="1" index="1" bw="9" slack="0"/>
</pin_list>
<bind>
<opcode="zext(34) " fcode="zext"/>
<opset="zext_ln834_3/2 "/>
</bind>
</comp>

<comp id="511" class="1004" name="tmp_61_fu_511">
<pin_list>
<pin id="512" dir="0" index="0" bw="5" slack="0"/>
<pin id="513" dir="0" index="1" bw="26" slack="1"/>
<pin id="514" dir="0" index="2" bw="6" slack="0"/>
<pin id="515" dir="0" index="3" bw="6" slack="0"/>
<pin id="516" dir="1" index="4" bw="5" slack="0"/>
</pin_list>
<bind>
<opcode="partselect(1002) " fcode="partselect"/>
<opset="tmp_61/2 "/>
</bind>
</comp>

<comp id="520" class="1004" name="zext_ln834_4_fu_520">
<pin_list>
<pin id="521" dir="0" index="0" bw="5" slack="0"/>
<pin id="522" dir="1" index="1" bw="9" slack="0"/>
</pin_list>
<bind>
<opcode="zext(34) " fcode="zext"/>
<opset="zext_ln834_4/2 "/>
</bind>
</comp>

<comp id="524" class="1004" name="tmp_62_fu_524">
<pin_list>
<pin id="525" dir="0" index="0" bw="6" slack="0"/>
<pin id="526" dir="0" index="1" bw="26" slack="1"/>
<pin id="527" dir="0" index="2" bw="6" slack="0"/>
<pin id="528" dir="0" index="3" bw="6" slack="0"/>
<pin id="529" dir="1" index="4" bw="6" slack="0"/>
</pin_list>
<bind>
<opcode="partselect(1002) " fcode="partselect"/>
<opset="tmp_62/2 "/>
</bind>
</comp>

<comp id="533" class="1004" name="zext_ln834_5_fu_533">
<pin_list>
<pin id="534" dir="0" index="0" bw="6" slack="0"/>
<pin id="535" dir="1" index="1" bw="9" slack="0"/>
</pin_list>
<bind>
<opcode="zext(34) " fcode="zext"/>
<opset="zext_ln834_5/2 "/>
</bind>
</comp>

<comp id="537" class="1004" name="tmp_63_fu_537">
<pin_list>
<pin id="538" dir="0" index="0" bw="7" slack="0"/>
<pin id="539" dir="0" index="1" bw="26" slack="1"/>
<pin id="540" dir="0" index="2" bw="6" slack="0"/>
<pin id="541" dir="0" index="3" bw="6" slack="0"/>
<pin id="542" dir="1" index="4" bw="7" slack="0"/>
</pin_list>
<bind>
<opcode="partselect(1002) " fcode="partselect"/>
<opset="tmp_63/2 "/>
</bind>
</comp>

<comp id="546" class="1004" name="zext_ln834_6_fu_546">
<pin_list>
<pin id="547" dir="0" index="0" bw="7" slack="0"/>
<pin id="548" dir="1" index="1" bw="9" slack="0"/>
</pin_list>
<bind>
<opcode="zext(34) " fcode="zext"/>
<opset="zext_ln834_6/2 "/>
</bind>
</comp>

<comp id="550" class="1004" name="tmp_64_fu_550">
<pin_list>
<pin id="551" dir="0" index="0" bw="8" slack="0"/>
<pin id="552" dir="0" index="1" bw="26" slack="1"/>
<pin id="553" dir="0" index="2" bw="6" slack="0"/>
<pin id="554" dir="0" index="3" bw="6" slack="0"/>
<pin id="555" dir="1" index="4" bw="8" slack="0"/>
</pin_list>
<bind>
<opcode="partselect(1002) " fcode="partselect"/>
<opset="tmp_64/2 "/>
</bind>
</comp>

<comp id="559" class="1004" name="zext_ln834_7_fu_559">
<pin_list>
<pin id="560" dir="0" index="0" bw="8" slack="0"/>
<pin id="561" dir="1" index="1" bw="9" slack="0"/>
</pin_list>
<bind>
<opcode="zext(34) " fcode="zext"/>
<opset="zext_ln834_7/2 "/>
</bind>
</comp>

<comp id="563" class="1004" name="tmp_65_fu_563">
<pin_list>
<pin id="564" dir="0" index="0" bw="9" slack="0"/>
<pin id="565" dir="0" index="1" bw="26" slack="1"/>
<pin id="566" dir="0" index="2" bw="6" slack="0"/>
<pin id="567" dir="0" index="3" bw="6" slack="0"/>
<pin id="568" dir="1" index="4" bw="9" slack="0"/>
</pin_list>
<bind>
<opcode="partselect(1002) " fcode="partselect"/>
<opset="tmp_65/2 "/>
</bind>
</comp>

<comp id="572" class="1004" name="select_ln829_fu_572">
<pin_list>
<pin id="573" dir="0" index="0" bw="1" slack="0"/>
<pin id="574" dir="0" index="1" bw="8" slack="0"/>
<pin id="575" dir="0" index="2" bw="9" slack="0"/>
<pin id="576" dir="1" index="3" bw="9" slack="0"/>
</pin_list>
<bind>
<opcode="select(49) " fcode="select"/>
<opset="select_ln829/2 "/>
</bind>
</comp>

<comp id="580" class="1004" name="select_ln829_1_fu_580">
<pin_list>
<pin id="581" dir="0" index="0" bw="1" slack="0"/>
<pin id="582" dir="0" index="1" bw="7" slack="0"/>
<pin id="583" dir="0" index="2" bw="9" slack="0"/>
<pin id="584" dir="1" index="3" bw="9" slack="0"/>
</pin_list>
<bind>
<opcode="select(49) " fcode="select"/>
<opset="select_ln829_1/2 "/>
</bind>
</comp>

<comp id="588" class="1004" name="select_ln829_2_fu_588">
<pin_list>
<pin id="589" dir="0" index="0" bw="1" slack="0"/>
<pin id="590" dir="0" index="1" bw="6" slack="0"/>
<pin id="591" dir="0" index="2" bw="9" slack="0"/>
<pin id="592" dir="1" index="3" bw="9" slack="0"/>
</pin_list>
<bind>
<opcode="select(49) " fcode="select"/>
<opset="select_ln829_2/2 "/>
</bind>
</comp>

<comp id="596" class="1004" name="select_ln829_3_fu_596">
<pin_list>
<pin id="597" dir="0" index="0" bw="1" slack="0"/>
<pin id="598" dir="0" index="1" bw="5" slack="0"/>
<pin id="599" dir="0" index="2" bw="9" slack="0"/>
<pin id="600" dir="1" index="3" bw="9" slack="0"/>
</pin_list>
<bind>
<opcode="select(49) " fcode="select"/>
<opset="select_ln829_3/2 "/>
</bind>
</comp>

<comp id="604" class="1004" name="select_ln829_4_fu_604">
<pin_list>
<pin id="605" dir="0" index="0" bw="1" slack="0"/>
<pin id="606" dir="0" index="1" bw="4" slack="0"/>
<pin id="607" dir="0" index="2" bw="9" slack="0"/>
<pin id="608" dir="1" index="3" bw="9" slack="0"/>
</pin_list>
<bind>
<opcode="select(49) " fcode="select"/>
<opset="select_ln829_4/2 "/>
</bind>
</comp>

<comp id="612" class="1004" name="select_ln829_5_fu_612">
<pin_list>
<pin id="613" dir="0" index="0" bw="1" slack="0"/>
<pin id="614" dir="0" index="1" bw="3" slack="0"/>
<pin id="615" dir="0" index="2" bw="9" slack="0"/>
<pin id="616" dir="1" index="3" bw="9" slack="0"/>
</pin_list>
<bind>
<opcode="select(49) " fcode="select"/>
<opset="select_ln829_5/2 "/>
</bind>
</comp>

<comp id="620" class="1004" name="select_ln829_6_fu_620">
<pin_list>
<pin id="621" dir="0" index="0" bw="1" slack="0"/>
<pin id="622" dir="0" index="1" bw="2" slack="0"/>
<pin id="623" dir="0" index="2" bw="9" slack="0"/>
<pin id="624" dir="1" index="3" bw="9" slack="0"/>
</pin_list>
<bind>
<opcode="select(49) " fcode="select"/>
<opset="select_ln829_6/2 "/>
</bind>
</comp>

<comp id="628" class="1004" name="select_ln829_7_fu_628">
<pin_list>
<pin id="629" dir="0" index="0" bw="1" slack="0"/>
<pin id="630" dir="0" index="1" bw="1" slack="0"/>
<pin id="631" dir="0" index="2" bw="9" slack="0"/>
<pin id="632" dir="1" index="3" bw="9" slack="0"/>
</pin_list>
<bind>
<opcode="select(49) " fcode="select"/>
<opset="select_ln829_7/2 "/>
</bind>
</comp>

<comp id="636" class="1004" name="icmp_ln834_fu_636">
<pin_list>
<pin id="637" dir="0" index="0" bw="9" slack="0"/>
<pin id="638" dir="0" index="1" bw="1" slack="0"/>
<pin id="639" dir="1" index="2" bw="1" slack="0"/>
</pin_list>
<bind>
<opcode="icmp(45) " fcode="icmp"/>
<opset="icmp_ln834/2 "/>
</bind>
</comp>

<comp id="642" class="1004" name="shift_2_fu_642">
<pin_list>
<pin id="643" dir="0" index="0" bw="6" slack="0"/>
<pin id="644" dir="0" index="1" bw="1" slack="0"/>
<pin id="645" dir="1" index="2" bw="6" slack="0"/>
</pin_list>
<bind>
<opcode="add(8) " fcode="add"/>
<opset="shift_2/2 "/>
</bind>
</comp>

<comp id="648" class="1004" name="shift_3_fu_648">
<pin_list>
<pin id="649" dir="0" index="0" bw="1" slack="0"/>
<pin id="650" dir="0" index="1" bw="6" slack="0"/>
<pin id="651" dir="0" index="2" bw="6" slack="0"/>
<pin id="652" dir="1" index="3" bw="6" slack="0"/>
</pin_list>
<bind>
<opcode="select(49) " fcode="select"/>
<opset="shift_3/2 "/>
</bind>
</comp>

<comp id="656" class="1004" name="shift_4_fu_656">
<pin_list>
<pin id="657" dir="0" index="0" bw="1" slack="0"/>
<pin id="658" dir="0" index="1" bw="6" slack="0"/>
<pin id="659" dir="0" index="2" bw="6" slack="0"/>
<pin id="660" dir="1" index="3" bw="6" slack="0"/>
</pin_list>
<bind>
<opcode="select(49) " fcode="select"/>
<opset="shift_4/2 "/>
</bind>
</comp>

<comp id="664" class="1004" name="icmp_ln221_fu_664">
<pin_list>
<pin id="665" dir="0" index="0" bw="6" slack="0"/>
<pin id="666" dir="0" index="1" bw="1" slack="0"/>
<pin id="667" dir="1" index="2" bw="1" slack="1"/>
</pin_list>
<bind>
<opcode="icmp(45) " fcode="icmp"/>
<opset="icmp_ln221/2 "/>
</bind>
</comp>

<comp id="670" class="1004" name="icmp_ln223_fu_670">
<pin_list>
<pin id="671" dir="0" index="0" bw="6" slack="0"/>
<pin id="672" dir="0" index="1" bw="1" slack="0"/>
<pin id="673" dir="1" index="2" bw="1" slack="1"/>
</pin_list>
<bind>
<opcode="icmp(45) " fcode="icmp"/>
<opset="icmp_ln223/2 "/>
</bind>
</comp>

<comp id="676" class="1004" name="icmp_ln221_1_fu_676">
<pin_list>
<pin id="677" dir="0" index="0" bw="6" slack="0"/>
<pin id="678" dir="0" index="1" bw="3" slack="0"/>
<pin id="679" dir="1" index="2" bw="1" slack="1"/>
</pin_list>
<bind>
<opcode="icmp(45) " fcode="icmp"/>
<opset="icmp_ln221_1/2 "/>
</bind>
</comp>

<comp id="682" class="1004" name="icmp_ln223_1_fu_682">
<pin_list>
<pin id="683" dir="0" index="0" bw="6" slack="0"/>
<pin id="684" dir="0" index="1" bw="2" slack="0"/>
<pin id="685" dir="1" index="2" bw="1" slack="1"/>
</pin_list>
<bind>
<opcode="icmp(45) " fcode="icmp"/>
<opset="icmp_ln223_1/2 "/>
</bind>
</comp>

<comp id="688" class="1004" name="trunc_ln809_fu_688">
<pin_list>
<pin id="689" dir="0" index="0" bw="26" slack="2"/>
<pin id="690" dir="1" index="1" bw="16" slack="0"/>
</pin_list>
<bind>
<opcode="trunc(33) " fcode="trunc"/>
<opset="trunc_ln809/3 "/>
</bind>
</comp>

<comp id="691" class="1004" name="shifted_63_fu_691">
<pin_list>
<pin id="692" dir="0" index="0" bw="16" slack="0"/>
<pin id="693" dir="0" index="1" bw="26" slack="2"/>
<pin id="694" dir="0" index="2" bw="1" slack="0"/>
<pin id="695" dir="0" index="3" bw="6" slack="0"/>
<pin id="696" dir="1" index="4" bw="16" slack="0"/>
</pin_list>
<bind>
<opcode="partselect(1002) " fcode="partselect"/>
<opset="shifted_63/3 "/>
</bind>
</comp>

<comp id="700" class="1004" name="x_norm_raw_49_fu_700">
<pin_list>
<pin id="701" dir="0" index="0" bw="1" slack="1"/>
<pin id="702" dir="0" index="1" bw="16" slack="0"/>
<pin id="703" dir="0" index="2" bw="16" slack="0"/>
<pin id="704" dir="1" index="3" bw="16" slack="0"/>
</pin_list>
<bind>
<opcode="select(49) " fcode="select"/>
<opset="x_norm_raw_49/3 "/>
</bind>
</comp>

<comp id="707" class="1004" name="trunc_ln224_fu_707">
<pin_list>
<pin id="708" dir="0" index="0" bw="26" slack="2"/>
<pin id="709" dir="1" index="1" bw="15" slack="0"/>
</pin_list>
<bind>
<opcode="trunc(33) " fcode="trunc"/>
<opset="trunc_ln224/3 "/>
</bind>
</comp>

<comp id="710" class="1004" name="shifted_64_fu_710">
<pin_list>
<pin id="711" dir="0" index="0" bw="16" slack="0"/>
<pin id="712" dir="0" index="1" bw="15" slack="0"/>
<pin id="713" dir="0" index="2" bw="1" slack="0"/>
<pin id="714" dir="1" index="3" bw="16" slack="0"/>
</pin_list>
<bind>
<opcode="bitconcatenate(1004) " fcode="bitconcatenate"/>
<opset="shifted_64/3 "/>
</bind>
</comp>

<comp id="718" class="1004" name="x_norm_raw_50_fu_718">
<pin_list>
<pin id="719" dir="0" index="0" bw="1" slack="1"/>
<pin id="720" dir="0" index="1" bw="16" slack="0"/>
<pin id="721" dir="0" index="2" bw="16" slack="0"/>
<pin id="722" dir="1" index="3" bw="16" slack="0"/>
</pin_list>
<bind>
<opcode="select(49) " fcode="select"/>
<opset="x_norm_raw_50/3 "/>
</bind>
</comp>

<comp id="725" class="1004" name="shifted_65_fu_725">
<pin_list>
<pin id="726" dir="0" index="0" bw="16" slack="0"/>
<pin id="727" dir="0" index="1" bw="26" slack="2"/>
<pin id="728" dir="0" index="2" bw="3" slack="0"/>
<pin id="729" dir="0" index="3" bw="6" slack="0"/>
<pin id="730" dir="1" index="4" bw="16" slack="0"/>
</pin_list>
<bind>
<opcode="partselect(1002) " fcode="partselect"/>
<opset="shifted_65/3 "/>
</bind>
</comp>

<comp id="734" class="1004" name="x_norm_raw_51_fu_734">
<pin_list>
<pin id="735" dir="0" index="0" bw="1" slack="1"/>
<pin id="736" dir="0" index="1" bw="16" slack="0"/>
<pin id="737" dir="0" index="2" bw="16" slack="0"/>
<pin id="738" dir="1" index="3" bw="16" slack="0"/>
</pin_list>
<bind>
<opcode="select(49) " fcode="select"/>
<opset="x_norm_raw_51/3 "/>
</bind>
</comp>

<comp id="741" class="1004" name="trunc_ln224_1_fu_741">
<pin_list>
<pin id="742" dir="0" index="0" bw="26" slack="2"/>
<pin id="743" dir="1" index="1" bw="14" slack="0"/>
</pin_list>
<bind>
<opcode="trunc(33) " fcode="trunc"/>
<opset="trunc_ln224_1/3 "/>
</bind>
</comp>

<comp id="744" class="1004" name="shifted_66_fu_744">
<pin_list>
<pin id="745" dir="0" index="0" bw="16" slack="0"/>
<pin id="746" dir="0" index="1" bw="14" slack="0"/>
<pin id="747" dir="0" index="2" bw="1" slack="0"/>
<pin id="748" dir="1" index="3" bw="16" slack="0"/>
</pin_list>
<bind>
<opcode="bitconcatenate(1004) " fcode="bitconcatenate"/>
<opset="shifted_66/3 "/>
</bind>
</comp>

<comp id="752" class="1004" name="x_norm_raw_52_fu_752">
<pin_list>
<pin id="753" dir="0" index="0" bw="1" slack="1"/>
<pin id="754" dir="0" index="1" bw="16" slack="0"/>
<pin id="755" dir="0" index="2" bw="16" slack="0"/>
<pin id="756" dir="1" index="3" bw="16" slack="0"/>
</pin_list>
<bind>
<opcode="select(49) " fcode="select"/>
<opset="x_norm_raw_52/3 "/>
</bind>
</comp>

<comp id="759" class="1004" name="icmp_ln221_2_fu_759">
<pin_list>
<pin id="760" dir="0" index="0" bw="6" slack="1"/>
<pin id="761" dir="0" index="1" bw="3" slack="0"/>
<pin id="762" dir="1" index="2" bw="1" slack="0"/>
</pin_list>
<bind>
<opcode="icmp(45) " fcode="icmp"/>
<opset="icmp_ln221_2/3 "/>
</bind>
</comp>

<comp id="764" class="1004" name="shifted_67_fu_764">
<pin_list>
<pin id="765" dir="0" index="0" bw="16" slack="0"/>
<pin id="766" dir="0" index="1" bw="26" slack="2"/>
<pin id="767" dir="0" index="2" bw="3" slack="0"/>
<pin id="768" dir="0" index="3" bw="6" slack="0"/>
<pin id="769" dir="1" index="4" bw="16" slack="0"/>
</pin_list>
<bind>
<opcode="partselect(1002) " fcode="partselect"/>
<opset="shifted_67/3 "/>
</bind>
</comp>

<comp id="773" class="1004" name="x_norm_raw_53_fu_773">
<pin_list>
<pin id="774" dir="0" index="0" bw="1" slack="0"/>
<pin id="775" dir="0" index="1" bw="16" slack="0"/>
<pin id="776" dir="0" index="2" bw="16" slack="0"/>
<pin id="777" dir="1" index="3" bw="16" slack="0"/>
</pin_list>
<bind>
<opcode="select(49) " fcode="select"/>
<opset="x_norm_raw_53/3 "/>
</bind>
</comp>

<comp id="781" class="1004" name="icmp_ln223_2_fu_781">
<pin_list>
<pin id="782" dir="0" index="0" bw="6" slack="1"/>
<pin id="783" dir="0" index="1" bw="3" slack="0"/>
<pin id="784" dir="1" index="2" bw="1" slack="0"/>
</pin_list>
<bind>
<opcode="icmp(45) " fcode="icmp"/>
<opset="icmp_ln223_2/3 "/>
</bind>
</comp>

<comp id="786" class="1004" name="trunc_ln224_2_fu_786">
<pin_list>
<pin id="787" dir="0" index="0" bw="26" slack="2"/>
<pin id="788" dir="1" index="1" bw="13" slack="0"/>
</pin_list>
<bind>
<opcode="trunc(33) " fcode="trunc"/>
<opset="trunc_ln224_2/3 "/>
</bind>
</comp>

<comp id="789" class="1004" name="shifted_68_fu_789">
<pin_list>
<pin id="790" dir="0" index="0" bw="16" slack="0"/>
<pin id="791" dir="0" index="1" bw="13" slack="0"/>
<pin id="792" dir="0" index="2" bw="1" slack="0"/>
<pin id="793" dir="1" index="3" bw="16" slack="0"/>
</pin_list>
<bind>
<opcode="bitconcatenate(1004) " fcode="bitconcatenate"/>
<opset="shifted_68/3 "/>
</bind>
</comp>

<comp id="797" class="1004" name="x_norm_raw_54_fu_797">
<pin_list>
<pin id="798" dir="0" index="0" bw="1" slack="0"/>
<pin id="799" dir="0" index="1" bw="16" slack="0"/>
<pin id="800" dir="0" index="2" bw="16" slack="0"/>
<pin id="801" dir="1" index="3" bw="16" slack="0"/>
</pin_list>
<bind>
<opcode="select(49) " fcode="select"/>
<opset="x_norm_raw_54/3 "/>
</bind>
</comp>

<comp id="805" class="1004" name="icmp_ln221_3_fu_805">
<pin_list>
<pin id="806" dir="0" index="0" bw="6" slack="1"/>
<pin id="807" dir="0" index="1" bw="4" slack="0"/>
<pin id="808" dir="1" index="2" bw="1" slack="0"/>
</pin_list>
<bind>
<opcode="icmp(45) " fcode="icmp"/>
<opset="icmp_ln221_3/3 "/>
</bind>
</comp>

<comp id="810" class="1004" name="shifted_69_fu_810">
<pin_list>
<pin id="811" dir="0" index="0" bw="16" slack="0"/>
<pin id="812" dir="0" index="1" bw="26" slack="2"/>
<pin id="813" dir="0" index="2" bw="4" slack="0"/>
<pin id="814" dir="0" index="3" bw="6" slack="0"/>
<pin id="815" dir="1" index="4" bw="16" slack="0"/>
</pin_list>
<bind>
<opcode="partselect(1002) " fcode="partselect"/>
<opset="shifted_69/3 "/>
</bind>
</comp>

<comp id="819" class="1004" name="x_norm_raw_55_fu_819">
<pin_list>
<pin id="820" dir="0" index="0" bw="1" slack="0"/>
<pin id="821" dir="0" index="1" bw="16" slack="0"/>
<pin id="822" dir="0" index="2" bw="16" slack="0"/>
<pin id="823" dir="1" index="3" bw="16" slack="0"/>
</pin_list>
<bind>
<opcode="select(49) " fcode="select"/>
<opset="x_norm_raw_55/3 "/>
</bind>
</comp>

<comp id="827" class="1004" name="icmp_ln223_3_fu_827">
<pin_list>
<pin id="828" dir="0" index="0" bw="6" slack="1"/>
<pin id="829" dir="0" index="1" bw="3" slack="0"/>
<pin id="830" dir="1" index="2" bw="1" slack="0"/>
</pin_list>
<bind>
<opcode="icmp(45) " fcode="icmp"/>
<opset="icmp_ln223_3/3 "/>
</bind>
</comp>

<comp id="832" class="1004" name="trunc_ln224_3_fu_832">
<pin_list>
<pin id="833" dir="0" index="0" bw="26" slack="2"/>
<pin id="834" dir="1" index="1" bw="12" slack="0"/>
</pin_list>
<bind>
<opcode="trunc(33) " fcode="trunc"/>
<opset="trunc_ln224_3/3 "/>
</bind>
</comp>

<comp id="835" class="1004" name="shifted_70_fu_835">
<pin_list>
<pin id="836" dir="0" index="0" bw="16" slack="0"/>
<pin id="837" dir="0" index="1" bw="12" slack="0"/>
<pin id="838" dir="0" index="2" bw="1" slack="0"/>
<pin id="839" dir="1" index="3" bw="16" slack="0"/>
</pin_list>
<bind>
<opcode="bitconcatenate(1004) " fcode="bitconcatenate"/>
<opset="shifted_70/3 "/>
</bind>
</comp>

<comp id="843" class="1004" name="x_norm_raw_fu_843">
<pin_list>
<pin id="844" dir="0" index="0" bw="1" slack="0"/>
<pin id="845" dir="0" index="1" bw="16" slack="0"/>
<pin id="846" dir="0" index="2" bw="16" slack="0"/>
<pin id="847" dir="1" index="3" bw="16" slack="0"/>
</pin_list>
<bind>
<opcode="select(49) " fcode="select"/>
<opset="x_norm_raw/3 "/>
</bind>
</comp>

<comp id="851" class="1004" name="icmp_ln221_4_fu_851">
<pin_list>
<pin id="852" dir="0" index="0" bw="6" slack="1"/>
<pin id="853" dir="0" index="1" bw="4" slack="0"/>
<pin id="854" dir="1" index="2" bw="1" slack="0"/>
</pin_list>
<bind>
<opcode="icmp(45) " fcode="icmp"/>
<opset="icmp_ln221_4/3 "/>
</bind>
</comp>

<comp id="856" class="1004" name="shifted_fu_856">
<pin_list>
<pin id="857" dir="0" index="0" bw="16" slack="0"/>
<pin id="858" dir="0" index="1" bw="26" slack="2"/>
<pin id="859" dir="0" index="2" bw="4" slack="0"/>
<pin id="860" dir="0" index="3" bw="6" slack="0"/>
<pin id="861" dir="1" index="4" bw="16" slack="0"/>
</pin_list>
<bind>
<opcode="partselect(1002) " fcode="partselect"/>
<opset="shifted/3 "/>
</bind>
</comp>

<comp id="865" class="1004" name="x_norm_raw_56_fu_865">
<pin_list>
<pin id="866" dir="0" index="0" bw="1" slack="0"/>
<pin id="867" dir="0" index="1" bw="16" slack="0"/>
<pin id="868" dir="0" index="2" bw="16" slack="0"/>
<pin id="869" dir="1" index="3" bw="16" slack="0"/>
</pin_list>
<bind>
<opcode="select(49) " fcode="select"/>
<opset="x_norm_raw_56/3 "/>
</bind>
</comp>

<comp id="873" class="1004" name="icmp_ln223_4_fu_873">
<pin_list>
<pin id="874" dir="0" index="0" bw="6" slack="1"/>
<pin id="875" dir="0" index="1" bw="4" slack="0"/>
<pin id="876" dir="1" index="2" bw="1" slack="0"/>
</pin_list>
<bind>
<opcode="icmp(45) " fcode="icmp"/>
<opset="icmp_ln223_4/3 "/>
</bind>
</comp>

<comp id="878" class="1004" name="trunc_ln224_4_fu_878">
<pin_list>
<pin id="879" dir="0" index="0" bw="26" slack="2"/>
<pin id="880" dir="1" index="1" bw="11" slack="0"/>
</pin_list>
<bind>
<opcode="trunc(33) " fcode="trunc"/>
<opset="trunc_ln224_4/3 "/>
</bind>
</comp>

<comp id="881" class="1004" name="shifted_71_fu_881">
<pin_list>
<pin id="882" dir="0" index="0" bw="16" slack="0"/>
<pin id="883" dir="0" index="1" bw="11" slack="0"/>
<pin id="884" dir="0" index="2" bw="1" slack="0"/>
<pin id="885" dir="1" index="3" bw="16" slack="0"/>
</pin_list>
<bind>
<opcode="bitconcatenate(1004) " fcode="bitconcatenate"/>
<opset="shifted_71/3 "/>
</bind>
</comp>

<comp id="889" class="1004" name="x_norm_raw_57_fu_889">
<pin_list>
<pin id="890" dir="0" index="0" bw="1" slack="0"/>
<pin id="891" dir="0" index="1" bw="16" slack="0"/>
<pin id="892" dir="0" index="2" bw="16" slack="0"/>
<pin id="893" dir="1" index="3" bw="16" slack="0"/>
</pin_list>
<bind>
<opcode="select(49) " fcode="select"/>
<opset="x_norm_raw_57/3 "/>
</bind>
</comp>

<comp id="897" class="1004" name="icmp_ln221_5_fu_897">
<pin_list>
<pin id="898" dir="0" index="0" bw="6" slack="1"/>
<pin id="899" dir="0" index="1" bw="4" slack="0"/>
<pin id="900" dir="1" index="2" bw="1" slack="0"/>
</pin_list>
<bind>
<opcode="icmp(45) " fcode="icmp"/>
<opset="icmp_ln221_5/3 "/>
</bind>
</comp>

<comp id="902" class="1004" name="shifted_72_fu_902">
<pin_list>
<pin id="903" dir="0" index="0" bw="16" slack="0"/>
<pin id="904" dir="0" index="1" bw="26" slack="2"/>
<pin id="905" dir="0" index="2" bw="4" slack="0"/>
<pin id="906" dir="0" index="3" bw="6" slack="0"/>
<pin id="907" dir="1" index="4" bw="16" slack="0"/>
</pin_list>
<bind>
<opcode="partselect(1002) " fcode="partselect"/>
<opset="shifted_72/3 "/>
</bind>
</comp>

<comp id="911" class="1004" name="x_norm_raw_58_fu_911">
<pin_list>
<pin id="912" dir="0" index="0" bw="1" slack="0"/>
<pin id="913" dir="0" index="1" bw="16" slack="0"/>
<pin id="914" dir="0" index="2" bw="16" slack="0"/>
<pin id="915" dir="1" index="3" bw="16" slack="0"/>
</pin_list>
<bind>
<opcode="select(49) " fcode="select"/>
<opset="x_norm_raw_58/3 "/>
</bind>
</comp>

<comp id="919" class="1004" name="icmp_ln223_5_fu_919">
<pin_list>
<pin id="920" dir="0" index="0" bw="6" slack="1"/>
<pin id="921" dir="0" index="1" bw="4" slack="0"/>
<pin id="922" dir="1" index="2" bw="1" slack="0"/>
</pin_list>
<bind>
<opcode="icmp(45) " fcode="icmp"/>
<opset="icmp_ln223_5/3 "/>
</bind>
</comp>

<comp id="924" class="1004" name="trunc_ln224_5_fu_924">
<pin_list>
<pin id="925" dir="0" index="0" bw="26" slack="2"/>
<pin id="926" dir="1" index="1" bw="10" slack="0"/>
</pin_list>
<bind>
<opcode="trunc(33) " fcode="trunc"/>
<opset="trunc_ln224_5/3 "/>
</bind>
</comp>

<comp id="927" class="1004" name="shifted_73_fu_927">
<pin_list>
<pin id="928" dir="0" index="0" bw="16" slack="0"/>
<pin id="929" dir="0" index="1" bw="10" slack="0"/>
<pin id="930" dir="0" index="2" bw="1" slack="0"/>
<pin id="931" dir="1" index="3" bw="16" slack="0"/>
</pin_list>
<bind>
<opcode="bitconcatenate(1004) " fcode="bitconcatenate"/>
<opset="shifted_73/3 "/>
</bind>
</comp>

<comp id="935" class="1004" name="x_norm_raw_59_fu_935">
<pin_list>
<pin id="936" dir="0" index="0" bw="1" slack="0"/>
<pin id="937" dir="0" index="1" bw="16" slack="0"/>
<pin id="938" dir="0" index="2" bw="16" slack="0"/>
<pin id="939" dir="1" index="3" bw="16" slack="0"/>
</pin_list>
<bind>
<opcode="select(49) " fcode="select"/>
<opset="x_norm_raw_59/3 "/>
</bind>
</comp>

<comp id="943" class="1004" name="icmp_ln221_6_fu_943">
<pin_list>
<pin id="944" dir="0" index="0" bw="6" slack="1"/>
<pin id="945" dir="0" index="1" bw="4" slack="0"/>
<pin id="946" dir="1" index="2" bw="1" slack="0"/>
</pin_list>
<bind>
<opcode="icmp(45) " fcode="icmp"/>
<opset="icmp_ln221_6/3 "/>
</bind>
</comp>

<comp id="948" class="1004" name="shifted_74_fu_948">
<pin_list>
<pin id="949" dir="0" index="0" bw="16" slack="0"/>
<pin id="950" dir="0" index="1" bw="26" slack="2"/>
<pin id="951" dir="0" index="2" bw="4" slack="0"/>
<pin id="952" dir="0" index="3" bw="6" slack="0"/>
<pin id="953" dir="1" index="4" bw="16" slack="0"/>
</pin_list>
<bind>
<opcode="partselect(1002) " fcode="partselect"/>
<opset="shifted_74/3 "/>
</bind>
</comp>

<comp id="957" class="1004" name="x_norm_raw_60_fu_957">
<pin_list>
<pin id="958" dir="0" index="0" bw="1" slack="0"/>
<pin id="959" dir="0" index="1" bw="16" slack="0"/>
<pin id="960" dir="0" index="2" bw="16" slack="0"/>
<pin id="961" dir="1" index="3" bw="16" slack="0"/>
</pin_list>
<bind>
<opcode="select(49) " fcode="select"/>
<opset="x_norm_raw_60/3 "/>
</bind>
</comp>

<comp id="965" class="1004" name="icmp_ln223_6_fu_965">
<pin_list>
<pin id="966" dir="0" index="0" bw="6" slack="1"/>
<pin id="967" dir="0" index="1" bw="4" slack="0"/>
<pin id="968" dir="1" index="2" bw="1" slack="0"/>
</pin_list>
<bind>
<opcode="icmp(45) " fcode="icmp"/>
<opset="icmp_ln223_6/3 "/>
</bind>
</comp>

<comp id="970" class="1004" name="trunc_ln224_6_fu_970">
<pin_list>
<pin id="971" dir="0" index="0" bw="26" slack="2"/>
<pin id="972" dir="1" index="1" bw="9" slack="0"/>
</pin_list>
<bind>
<opcode="trunc(33) " fcode="trunc"/>
<opset="trunc_ln224_6/3 "/>
</bind>
</comp>

<comp id="973" class="1004" name="shifted_75_fu_973">
<pin_list>
<pin id="974" dir="0" index="0" bw="16" slack="0"/>
<pin id="975" dir="0" index="1" bw="9" slack="0"/>
<pin id="976" dir="0" index="2" bw="1" slack="0"/>
<pin id="977" dir="1" index="3" bw="16" slack="0"/>
</pin_list>
<bind>
<opcode="bitconcatenate(1004) " fcode="bitconcatenate"/>
<opset="shifted_75/3 "/>
</bind>
</comp>

<comp id="981" class="1004" name="x_norm_raw_61_fu_981">
<pin_list>
<pin id="982" dir="0" index="0" bw="1" slack="0"/>
<pin id="983" dir="0" index="1" bw="16" slack="0"/>
<pin id="984" dir="0" index="2" bw="16" slack="0"/>
<pin id="985" dir="1" index="3" bw="16" slack="0"/>
</pin_list>
<bind>
<opcode="select(49) " fcode="select"/>
<opset="x_norm_raw_61/3 "/>
</bind>
</comp>

<comp id="989" class="1004" name="icmp_ln221_7_fu_989">
<pin_list>
<pin id="990" dir="0" index="0" bw="6" slack="1"/>
<pin id="991" dir="0" index="1" bw="5" slack="0"/>
<pin id="992" dir="1" index="2" bw="1" slack="0"/>
</pin_list>
<bind>
<opcode="icmp(45) " fcode="icmp"/>
<opset="icmp_ln221_7/3 "/>
</bind>
</comp>

<comp id="994" class="1004" name="shifted_76_fu_994">
<pin_list>
<pin id="995" dir="0" index="0" bw="16" slack="0"/>
<pin id="996" dir="0" index="1" bw="26" slack="2"/>
<pin id="997" dir="0" index="2" bw="5" slack="0"/>
<pin id="998" dir="0" index="3" bw="6" slack="0"/>
<pin id="999" dir="1" index="4" bw="16" slack="0"/>
</pin_list>
<bind>
<opcode="partselect(1002) " fcode="partselect"/>
<opset="shifted_76/3 "/>
</bind>
</comp>

<comp id="1003" class="1004" name="x_norm_raw_62_fu_1003">
<pin_list>
<pin id="1004" dir="0" index="0" bw="1" slack="0"/>
<pin id="1005" dir="0" index="1" bw="16" slack="0"/>
<pin id="1006" dir="0" index="2" bw="16" slack="0"/>
<pin id="1007" dir="1" index="3" bw="16" slack="0"/>
</pin_list>
<bind>
<opcode="select(49) " fcode="select"/>
<opset="x_norm_raw_62/3 "/>
</bind>
</comp>

<comp id="1011" class="1004" name="icmp_ln223_7_fu_1011">
<pin_list>
<pin id="1012" dir="0" index="0" bw="6" slack="1"/>
<pin id="1013" dir="0" index="1" bw="4" slack="0"/>
<pin id="1014" dir="1" index="2" bw="1" slack="0"/>
</pin_list>
<bind>
<opcode="icmp(45) " fcode="icmp"/>
<opset="icmp_ln223_7/3 "/>
</bind>
</comp>

<comp id="1016" class="1004" name="trunc_ln224_7_fu_1016">
<pin_list>
<pin id="1017" dir="0" index="0" bw="26" slack="2"/>
<pin id="1018" dir="1" index="1" bw="8" slack="0"/>
</pin_list>
<bind>
<opcode="trunc(33) " fcode="trunc"/>
<opset="trunc_ln224_7/3 "/>
</bind>
</comp>

<comp id="1019" class="1004" name="shifted_77_fu_1019">
<pin_list>
<pin id="1020" dir="0" index="0" bw="16" slack="0"/>
<pin id="1021" dir="0" index="1" bw="8" slack="0"/>
<pin id="1022" dir="0" index="2" bw="1" slack="0"/>
<pin id="1023" dir="1" index="3" bw="16" slack="0"/>
</pin_list>
<bind>
<opcode="bitconcatenate(1004) " fcode="bitconcatenate"/>
<opset="shifted_77/3 "/>
</bind>
</comp>

<comp id="1027" class="1004" name="x_norm_raw_63_fu_1027">
<pin_list>
<pin id="1028" dir="0" index="0" bw="1" slack="0"/>
<pin id="1029" dir="0" index="1" bw="16" slack="0"/>
<pin id="1030" dir="0" index="2" bw="16" slack="0"/>
<pin id="1031" dir="1" index="3" bw="16" slack="0"/>
</pin_list>
<bind>
<opcode="select(49) " fcode="select"/>
<opset="x_norm_raw_63/3 "/>
</bind>
</comp>

<comp id="1035" class="1004" name="icmp_ln221_8_fu_1035">
<pin_list>
<pin id="1036" dir="0" index="0" bw="6" slack="1"/>
<pin id="1037" dir="0" index="1" bw="5" slack="0"/>
<pin id="1038" dir="1" index="2" bw="1" slack="0"/>
</pin_list>
<bind>
<opcode="icmp(45) " fcode="icmp"/>
<opset="icmp_ln221_8/3 "/>
</bind>
</comp>

<comp id="1040" class="1004" name="shifted_78_fu_1040">
<pin_list>
<pin id="1041" dir="0" index="0" bw="16" slack="0"/>
<pin id="1042" dir="0" index="1" bw="26" slack="2"/>
<pin id="1043" dir="0" index="2" bw="5" slack="0"/>
<pin id="1044" dir="0" index="3" bw="6" slack="0"/>
<pin id="1045" dir="1" index="4" bw="16" slack="0"/>
</pin_list>
<bind>
<opcode="partselect(1002) " fcode="partselect"/>
<opset="shifted_78/3 "/>
</bind>
</comp>

<comp id="1049" class="1004" name="x_norm_raw_64_fu_1049">
<pin_list>
<pin id="1050" dir="0" index="0" bw="1" slack="0"/>
<pin id="1051" dir="0" index="1" bw="16" slack="0"/>
<pin id="1052" dir="0" index="2" bw="16" slack="0"/>
<pin id="1053" dir="1" index="3" bw="16" slack="0"/>
</pin_list>
<bind>
<opcode="select(49) " fcode="select"/>
<opset="x_norm_raw_64/3 "/>
</bind>
</comp>

<comp id="1057" class="1004" name="icmp_ln223_8_fu_1057">
<pin_list>
<pin id="1058" dir="0" index="0" bw="6" slack="1"/>
<pin id="1059" dir="0" index="1" bw="5" slack="0"/>
<pin id="1060" dir="1" index="2" bw="1" slack="0"/>
</pin_list>
<bind>
<opcode="icmp(45) " fcode="icmp"/>
<opset="icmp_ln223_8/3 "/>
</bind>
</comp>

<comp id="1062" class="1004" name="trunc_ln224_8_fu_1062">
<pin_list>
<pin id="1063" dir="0" index="0" bw="26" slack="2"/>
<pin id="1064" dir="1" index="1" bw="7" slack="0"/>
</pin_list>
<bind>
<opcode="trunc(33) " fcode="trunc"/>
<opset="trunc_ln224_8/3 "/>
</bind>
</comp>

<comp id="1065" class="1004" name="shifted_79_fu_1065">
<pin_list>
<pin id="1066" dir="0" index="0" bw="16" slack="0"/>
<pin id="1067" dir="0" index="1" bw="7" slack="0"/>
<pin id="1068" dir="0" index="2" bw="1" slack="0"/>
<pin id="1069" dir="1" index="3" bw="16" slack="0"/>
</pin_list>
<bind>
<opcode="bitconcatenate(1004) " fcode="bitconcatenate"/>
<opset="shifted_79/3 "/>
</bind>
</comp>

<comp id="1073" class="1004" name="x_norm_raw_65_fu_1073">
<pin_list>
<pin id="1074" dir="0" index="0" bw="1" slack="0"/>
<pin id="1075" dir="0" index="1" bw="16" slack="0"/>
<pin id="1076" dir="0" index="2" bw="16" slack="0"/>
<pin id="1077" dir="1" index="3" bw="16" slack="0"/>
</pin_list>
<bind>
<opcode="select(49) " fcode="select"/>
<opset="x_norm_raw_65/3 "/>
</bind>
</comp>

<comp id="1081" class="1004" name="icmp_ln223_9_fu_1081">
<pin_list>
<pin id="1082" dir="0" index="0" bw="6" slack="1"/>
<pin id="1083" dir="0" index="1" bw="5" slack="0"/>
<pin id="1084" dir="1" index="2" bw="1" slack="0"/>
</pin_list>
<bind>
<opcode="icmp(45) " fcode="icmp"/>
<opset="icmp_ln223_9/3 "/>
</bind>
</comp>

<comp id="1086" class="1004" name="trunc_ln224_9_fu_1086">
<pin_list>
<pin id="1087" dir="0" index="0" bw="26" slack="2"/>
<pin id="1088" dir="1" index="1" bw="6" slack="0"/>
</pin_list>
<bind>
<opcode="trunc(33) " fcode="trunc"/>
<opset="trunc_ln224_9/3 "/>
</bind>
</comp>

<comp id="1089" class="1004" name="shifted_80_fu_1089">
<pin_list>
<pin id="1090" dir="0" index="0" bw="16" slack="0"/>
<pin id="1091" dir="0" index="1" bw="6" slack="0"/>
<pin id="1092" dir="0" index="2" bw="1" slack="0"/>
<pin id="1093" dir="1" index="3" bw="16" slack="0"/>
</pin_list>
<bind>
<opcode="bitconcatenate(1004) " fcode="bitconcatenate"/>
<opset="shifted_80/3 "/>
</bind>
</comp>

<comp id="1097" class="1004" name="x_norm_raw_66_fu_1097">
<pin_list>
<pin id="1098" dir="0" index="0" bw="1" slack="0"/>
<pin id="1099" dir="0" index="1" bw="16" slack="0"/>
<pin id="1100" dir="0" index="2" bw="16" slack="0"/>
<pin id="1101" dir="1" index="3" bw="16" slack="0"/>
</pin_list>
<bind>
<opcode="select(49) " fcode="select"/>
<opset="x_norm_raw_66/3 "/>
</bind>
</comp>

<comp id="1105" class="1004" name="icmp_ln223_10_fu_1105">
<pin_list>
<pin id="1106" dir="0" index="0" bw="6" slack="1"/>
<pin id="1107" dir="0" index="1" bw="5" slack="0"/>
<pin id="1108" dir="1" index="2" bw="1" slack="0"/>
</pin_list>
<bind>
<opcode="icmp(45) " fcode="icmp"/>
<opset="icmp_ln223_10/3 "/>
</bind>
</comp>

<comp id="1110" class="1004" name="trunc_ln224_10_fu_1110">
<pin_list>
<pin id="1111" dir="0" index="0" bw="26" slack="2"/>
<pin id="1112" dir="1" index="1" bw="5" slack="0"/>
</pin_list>
<bind>
<opcode="trunc(33) " fcode="trunc"/>
<opset="trunc_ln224_10/3 "/>
</bind>
</comp>

<comp id="1113" class="1004" name="shifted_81_fu_1113">
<pin_list>
<pin id="1114" dir="0" index="0" bw="16" slack="0"/>
<pin id="1115" dir="0" index="1" bw="5" slack="0"/>
<pin id="1116" dir="0" index="2" bw="1" slack="0"/>
<pin id="1117" dir="1" index="3" bw="16" slack="0"/>
</pin_list>
<bind>
<opcode="bitconcatenate(1004) " fcode="bitconcatenate"/>
<opset="shifted_81/3 "/>
</bind>
</comp>

<comp id="1121" class="1004" name="x_norm_raw_67_fu_1121">
<pin_list>
<pin id="1122" dir="0" index="0" bw="1" slack="0"/>
<pin id="1123" dir="0" index="1" bw="16" slack="0"/>
<pin id="1124" dir="0" index="2" bw="16" slack="0"/>
<pin id="1125" dir="1" index="3" bw="16" slack="0"/>
</pin_list>
<bind>
<opcode="select(49) " fcode="select"/>
<opset="x_norm_raw_67/3 "/>
</bind>
</comp>

<comp id="1129" class="1004" name="icmp_ln223_11_fu_1129">
<pin_list>
<pin id="1130" dir="0" index="0" bw="6" slack="1"/>
<pin id="1131" dir="0" index="1" bw="5" slack="0"/>
<pin id="1132" dir="1" index="2" bw="1" slack="0"/>
</pin_list>
<bind>
<opcode="icmp(45) " fcode="icmp"/>
<opset="icmp_ln223_11/3 "/>
</bind>
</comp>

<comp id="1134" class="1004" name="trunc_ln224_11_fu_1134">
<pin_list>
<pin id="1135" dir="0" index="0" bw="26" slack="2"/>
<pin id="1136" dir="1" index="1" bw="4" slack="0"/>
</pin_list>
<bind>
<opcode="trunc(33) " fcode="trunc"/>
<opset="trunc_ln224_11/3 "/>
</bind>
</comp>

<comp id="1137" class="1004" name="shifted_82_fu_1137">
<pin_list>
<pin id="1138" dir="0" index="0" bw="16" slack="0"/>
<pin id="1139" dir="0" index="1" bw="4" slack="0"/>
<pin id="1140" dir="0" index="2" bw="1" slack="0"/>
<pin id="1141" dir="1" index="3" bw="16" slack="0"/>
</pin_list>
<bind>
<opcode="bitconcatenate(1004) " fcode="bitconcatenate"/>
<opset="shifted_82/3 "/>
</bind>
</comp>

<comp id="1145" class="1004" name="x_norm_raw_68_fu_1145">
<pin_list>
<pin id="1146" dir="0" index="0" bw="1" slack="0"/>
<pin id="1147" dir="0" index="1" bw="16" slack="0"/>
<pin id="1148" dir="0" index="2" bw="16" slack="0"/>
<pin id="1149" dir="1" index="3" bw="16" slack="0"/>
</pin_list>
<bind>
<opcode="select(49) " fcode="select"/>
<opset="x_norm_raw_68/3 "/>
</bind>
</comp>

<comp id="1153" class="1004" name="icmp_ln223_12_fu_1153">
<pin_list>
<pin id="1154" dir="0" index="0" bw="6" slack="1"/>
<pin id="1155" dir="0" index="1" bw="5" slack="0"/>
<pin id="1156" dir="1" index="2" bw="1" slack="0"/>
</pin_list>
<bind>
<opcode="icmp(45) " fcode="icmp"/>
<opset="icmp_ln223_12/3 "/>
</bind>
</comp>

<comp id="1158" class="1004" name="trunc_ln224_12_fu_1158">
<pin_list>
<pin id="1159" dir="0" index="0" bw="26" slack="2"/>
<pin id="1160" dir="1" index="1" bw="3" slack="0"/>
</pin_list>
<bind>
<opcode="trunc(33) " fcode="trunc"/>
<opset="trunc_ln224_12/3 "/>
</bind>
</comp>

<comp id="1161" class="1004" name="shifted_83_fu_1161">
<pin_list>
<pin id="1162" dir="0" index="0" bw="16" slack="0"/>
<pin id="1163" dir="0" index="1" bw="3" slack="0"/>
<pin id="1164" dir="0" index="2" bw="1" slack="0"/>
<pin id="1165" dir="1" index="3" bw="16" slack="0"/>
</pin_list>
<bind>
<opcode="bitconcatenate(1004) " fcode="bitconcatenate"/>
<opset="shifted_83/3 "/>
</bind>
</comp>

<comp id="1169" class="1004" name="x_norm_raw_69_fu_1169">
<pin_list>
<pin id="1170" dir="0" index="0" bw="1" slack="0"/>
<pin id="1171" dir="0" index="1" bw="16" slack="0"/>
<pin id="1172" dir="0" index="2" bw="16" slack="0"/>
<pin id="1173" dir="1" index="3" bw="16" slack="0"/>
</pin_list>
<bind>
<opcode="select(49) " fcode="select"/>
<opset="x_norm_raw_69/3 "/>
</bind>
</comp>

<comp id="1177" class="1004" name="icmp_ln223_13_fu_1177">
<pin_list>
<pin id="1178" dir="0" index="0" bw="6" slack="1"/>
<pin id="1179" dir="0" index="1" bw="5" slack="0"/>
<pin id="1180" dir="1" index="2" bw="1" slack="0"/>
</pin_list>
<bind>
<opcode="icmp(45) " fcode="icmp"/>
<opset="icmp_ln223_13/3 "/>
</bind>
</comp>

<comp id="1182" class="1004" name="trunc_ln224_13_fu_1182">
<pin_list>
<pin id="1183" dir="0" index="0" bw="26" slack="2"/>
<pin id="1184" dir="1" index="1" bw="2" slack="0"/>
</pin_list>
<bind>
<opcode="trunc(33) " fcode="trunc"/>
<opset="trunc_ln224_13/3 "/>
</bind>
</comp>

<comp id="1185" class="1004" name="shifted_84_fu_1185">
<pin_list>
<pin id="1186" dir="0" index="0" bw="16" slack="0"/>
<pin id="1187" dir="0" index="1" bw="2" slack="0"/>
<pin id="1188" dir="0" index="2" bw="1" slack="0"/>
<pin id="1189" dir="1" index="3" bw="16" slack="0"/>
</pin_list>
<bind>
<opcode="bitconcatenate(1004) " fcode="bitconcatenate"/>
<opset="shifted_84/3 "/>
</bind>
</comp>

<comp id="1193" class="1004" name="x_norm_raw_70_fu_1193">
<pin_list>
<pin id="1194" dir="0" index="0" bw="1" slack="0"/>
<pin id="1195" dir="0" index="1" bw="16" slack="0"/>
<pin id="1196" dir="0" index="2" bw="16" slack="0"/>
<pin id="1197" dir="1" index="3" bw="16" slack="0"/>
</pin_list>
<bind>
<opcode="select(49) " fcode="select"/>
<opset="x_norm_raw_70/3 "/>
</bind>
</comp>

<comp id="1201" class="1004" name="icmp_ln223_14_fu_1201">
<pin_list>
<pin id="1202" dir="0" index="0" bw="6" slack="1"/>
<pin id="1203" dir="0" index="1" bw="5" slack="0"/>
<pin id="1204" dir="1" index="2" bw="1" slack="0"/>
</pin_list>
<bind>
<opcode="icmp(45) " fcode="icmp"/>
<opset="icmp_ln223_14/3 "/>
</bind>
</comp>

<comp id="1206" class="1004" name="trunc_ln224_14_fu_1206">
<pin_list>
<pin id="1207" dir="0" index="0" bw="26" slack="2"/>
<pin id="1208" dir="1" index="1" bw="1" slack="0"/>
</pin_list>
<bind>
<opcode="trunc(33) " fcode="trunc"/>
<opset="trunc_ln224_14/3 "/>
</bind>
</comp>

<comp id="1209" class="1004" name="shifted_85_fu_1209">
<pin_list>
<pin id="1210" dir="0" index="0" bw="16" slack="0"/>
<pin id="1211" dir="0" index="1" bw="1" slack="0"/>
<pin id="1212" dir="0" index="2" bw="1" slack="0"/>
<pin id="1213" dir="1" index="3" bw="16" slack="0"/>
</pin_list>
<bind>
<opcode="bitconcatenate(1004) " fcode="bitconcatenate"/>
<opset="shifted_85/3 "/>
</bind>
</comp>

<comp id="1217" class="1004" name="x_norm_raw_71_fu_1217">
<pin_list>
<pin id="1218" dir="0" index="0" bw="1" slack="0"/>
<pin id="1219" dir="0" index="1" bw="16" slack="0"/>
<pin id="1220" dir="0" index="2" bw="16" slack="0"/>
<pin id="1221" dir="1" index="3" bw="16" slack="0"/>
</pin_list>
<bind>
<opcode="select(49) " fcode="select"/>
<opset="x_norm_raw_71/3 "/>
</bind>
</comp>

<comp id="1225" class="1004" name="icmp_ln223_15_fu_1225">
<pin_list>
<pin id="1226" dir="0" index="0" bw="6" slack="1"/>
<pin id="1227" dir="0" index="1" bw="5" slack="0"/>
<pin id="1228" dir="1" index="2" bw="1" slack="0"/>
</pin_list>
<bind>
<opcode="icmp(45) " fcode="icmp"/>
<opset="icmp_ln223_15/3 "/>
</bind>
</comp>

<comp id="1230" class="1004" name="x_norm_raw_72_fu_1230">
<pin_list>
<pin id="1231" dir="0" index="0" bw="1" slack="0"/>
<pin id="1232" dir="0" index="1" bw="1" slack="0"/>
<pin id="1233" dir="0" index="2" bw="16" slack="0"/>
<pin id="1234" dir="1" index="3" bw="16" slack="0"/>
</pin_list>
<bind>
<opcode="select(49) " fcode="select"/>
<opset="x_norm_raw_72/3 "/>
</bind>
</comp>

<comp id="1238" class="1004" name="lut_idx_fu_1238">
<pin_list>
<pin id="1239" dir="0" index="0" bw="8" slack="0"/>
<pin id="1240" dir="0" index="1" bw="16" slack="0"/>
<pin id="1241" dir="0" index="2" bw="5" slack="0"/>
<pin id="1242" dir="0" index="3" bw="5" slack="0"/>
<pin id="1243" dir="1" index="4" bw="8" slack="1"/>
</pin_list>
<bind>
<opcode="partselect(1002) " fcode="partselect"/>
<opset="lut_idx/3 "/>
</bind>
</comp>

<comp id="1248" class="1004" name="trunc_ln858_fu_1248">
<pin_list>
<pin id="1249" dir="0" index="0" bw="16" slack="0"/>
<pin id="1250" dir="1" index="1" bw="8" slack="3"/>
</pin_list>
<bind>
<opcode="trunc(33) " fcode="trunc"/>
<opset="trunc_ln858/3 "/>
</bind>
</comp>

<comp id="1252" class="1004" name="zext_ln848_fu_1252">
<pin_list>
<pin id="1253" dir="0" index="0" bw="8" slack="1"/>
<pin id="1254" dir="1" index="1" bw="9" slack="0"/>
</pin_list>
<bind>
<opcode="zext(34) " fcode="zext"/>
<opset="zext_ln848/4 "/>
</bind>
</comp>

<comp id="1255" class="1004" name="zext_ln859_fu_1255">
<pin_list>
<pin id="1256" dir="0" index="0" bw="8" slack="1"/>
<pin id="1257" dir="1" index="1" bw="64" slack="0"/>
</pin_list>
<bind>
<opcode="zext(34) " fcode="zext"/>
<opset="zext_ln859/4 "/>
</bind>
</comp>

<comp id="1259" class="1004" name="add_ln860_fu_1259">
<pin_list>
<pin id="1260" dir="0" index="0" bw="8" slack="0"/>
<pin id="1261" dir="0" index="1" bw="1" slack="0"/>
<pin id="1262" dir="1" index="2" bw="9" slack="0"/>
</pin_list>
<bind>
<opcode="add(8) " fcode="add"/>
<opset="add_ln860/4 "/>
</bind>
</comp>

<comp id="1265" class="1004" name="zext_ln860_fu_1265">
<pin_list>
<pin id="1266" dir="0" index="0" bw="9" slack="0"/>
<pin id="1267" dir="1" index="1" bw="64" slack="0"/>
</pin_list>
<bind>
<opcode="zext(34) " fcode="zext"/>
<opset="zext_ln860/4 "/>
</bind>
</comp>

<comp id="1270" class="1004" name="sub_ln862_fu_1270">
<pin_list>
<pin id="1271" dir="0" index="0" bw="19" slack="1"/>
<pin id="1272" dir="0" index="1" bw="19" slack="1"/>
<pin id="1273" dir="1" index="2" bw="19" slack="0"/>
</pin_list>
<bind>
<opcode="sub(10) " fcode="sub"/>
<opset="sub_ln862/6 "/>
</bind>
</comp>

<comp id="1274" class="1004" name="sext_ln862_fu_1274">
<pin_list>
<pin id="1275" dir="0" index="0" bw="19" slack="0"/>
<pin id="1276" dir="1" index="1" bw="27" slack="0"/>
</pin_list>
<bind>
<opcode="sext(35) " fcode="sext"/>
<opset="sext_ln862/6 "/>
</bind>
</comp>

<comp id="1278" class="1004" name="zext_ln862_fu_1278">
<pin_list>
<pin id="1279" dir="0" index="0" bw="8" slack="3"/>
<pin id="1280" dir="1" index="1" bw="27" slack="0"/>
</pin_list>
<bind>
<opcode="zext(34) " fcode="zext"/>
<opset="zext_ln862/6 "/>
</bind>
</comp>

<comp id="1281" class="1004" name="mul_ln862_fu_1281">
<pin_list>
<pin id="1282" dir="0" index="0" bw="19" slack="0"/>
<pin id="1283" dir="0" index="1" bw="8" slack="0"/>
<pin id="1284" dir="1" index="2" bw="27" slack="0"/>
</pin_list>
<bind>
<opcode="mul(12) " fcode="mul"/>
<opset="mul_ln862/6 "/>
</bind>
</comp>

<comp id="1287" class="1004" name="trunc_ln_fu_1287">
<pin_list>
<pin id="1288" dir="0" index="0" bw="19" slack="0"/>
<pin id="1289" dir="0" index="1" bw="27" slack="0"/>
<pin id="1290" dir="0" index="2" bw="5" slack="0"/>
<pin id="1291" dir="0" index="3" bw="6" slack="0"/>
<pin id="1292" dir="1" index="4" bw="19" slack="1"/>
</pin_list>
<bind>
<opcode="partselect(1002) " fcode="partselect"/>
<opset="trunc_ln/6 "/>
</bind>
</comp>

<comp id="1297" class="1004" name="zext_ln859_1_fu_1297">
<pin_list>
<pin id="1298" dir="0" index="0" bw="19" slack="2"/>
<pin id="1299" dir="1" index="1" bw="20" slack="0"/>
</pin_list>
<bind>
<opcode="zext(34) " fcode="zext"/>
<opset="zext_ln859_1/7 "/>
</bind>
</comp>

<comp id="1300" class="1004" name="sext_ln862_1_fu_1300">
<pin_list>
<pin id="1301" dir="0" index="0" bw="19" slack="1"/>
<pin id="1302" dir="1" index="1" bw="20" slack="0"/>
</pin_list>
<bind>
<opcode="sext(35) " fcode="sext"/>
<opset="sext_ln862_1/7 "/>
</bind>
</comp>

<comp id="1303" class="1004" name="add_ln862_fu_1303">
<pin_list>
<pin id="1304" dir="0" index="0" bw="19" slack="1"/>
<pin id="1305" dir="0" index="1" bw="19" slack="2"/>
<pin id="1306" dir="1" index="2" bw="19" slack="0"/>
</pin_list>
<bind>
<opcode="add(8) " fcode="add"/>
<opset="add_ln862/7 "/>
</bind>
</comp>

<comp id="1307" class="1004" name="est_raw_fu_1307">
<pin_list>
<pin id="1308" dir="0" index="0" bw="19" slack="0"/>
<pin id="1309" dir="0" index="1" bw="19" slack="0"/>
<pin id="1310" dir="1" index="2" bw="20" slack="0"/>
</pin_list>
<bind>
<opcode="add(8) " fcode="add"/>
<opset="est_raw/7 "/>
</bind>
</comp>

<comp id="1313" class="1004" name="sext_ln231_fu_1313">
<pin_list>
<pin id="1314" dir="0" index="0" bw="20" slack="0"/>
<pin id="1315" dir="1" index="1" bw="22" slack="0"/>
</pin_list>
<bind>
<opcode="sext(35) " fcode="sext"/>
<opset="sext_ln231/7 "/>
</bind>
</comp>

<comp id="1317" class="1004" name="tmp_66_fu_1317">
<pin_list>
<pin id="1318" dir="0" index="0" bw="19" slack="0"/>
<pin id="1319" dir="0" index="1" bw="20" slack="0"/>
<pin id="1320" dir="0" index="2" bw="1" slack="0"/>
<pin id="1321" dir="0" index="3" bw="6" slack="0"/>
<pin id="1322" dir="1" index="4" bw="19" slack="0"/>
</pin_list>
<bind>
<opcode="partselect(1002) " fcode="partselect"/>
<opset="tmp_66/7 "/>
</bind>
</comp>

<comp id="1327" class="1004" name="shifted_50_fu_1327">
<pin_list>
<pin id="1328" dir="0" index="0" bw="19" slack="0"/>
<pin id="1329" dir="1" index="1" bw="22" slack="0"/>
</pin_list>
<bind>
<opcode="sext(35) " fcode="sext"/>
<opset="shifted_50/7 "/>
</bind>
</comp>

<comp id="1331" class="1004" name="shifted_51_fu_1331">
<pin_list>
<pin id="1332" dir="0" index="0" bw="21" slack="0"/>
<pin id="1333" dir="0" index="1" bw="20" slack="0"/>
<pin id="1334" dir="0" index="2" bw="1" slack="0"/>
<pin id="1335" dir="1" index="3" bw="21" slack="0"/>
</pin_list>
<bind>
<opcode="bitconcatenate(1004) " fcode="bitconcatenate"/>
<opset="shifted_51/7 "/>
</bind>
</comp>

<comp id="1339" class="1004" name="sext_ln231_1_fu_1339">
<pin_list>
<pin id="1340" dir="0" index="0" bw="21" slack="0"/>
<pin id="1341" dir="1" index="1" bw="22" slack="0"/>
</pin_list>
<bind>
<opcode="sext(35) " fcode="sext"/>
<opset="sext_ln231_1/7 "/>
</bind>
</comp>

<comp id="1343" class="1004" name="tmp_67_fu_1343">
<pin_list>
<pin id="1344" dir="0" index="0" bw="18" slack="0"/>
<pin id="1345" dir="0" index="1" bw="20" slack="0"/>
<pin id="1346" dir="0" index="2" bw="3" slack="0"/>
<pin id="1347" dir="0" index="3" bw="6" slack="0"/>
<pin id="1348" dir="1" index="4" bw="18" slack="0"/>
</pin_list>
<bind>
<opcode="partselect(1002) " fcode="partselect"/>
<opset="tmp_67/7 "/>
</bind>
</comp>

<comp id="1353" class="1004" name="shifted_52_fu_1353">
<pin_list>
<pin id="1354" dir="0" index="0" bw="18" slack="0"/>
<pin id="1355" dir="1" index="1" bw="22" slack="0"/>
</pin_list>
<bind>
<opcode="sext(35) " fcode="sext"/>
<opset="shifted_52/7 "/>
</bind>
</comp>

<comp id="1357" class="1004" name="shifted_53_fu_1357">
<pin_list>
<pin id="1358" dir="0" index="0" bw="22" slack="0"/>
<pin id="1359" dir="0" index="1" bw="20" slack="0"/>
<pin id="1360" dir="0" index="2" bw="1" slack="0"/>
<pin id="1361" dir="1" index="3" bw="22" slack="0"/>
</pin_list>
<bind>
<opcode="bitconcatenate(1004) " fcode="bitconcatenate"/>
<opset="shifted_53/7 "/>
</bind>
</comp>

<comp id="1365" class="1004" name="tmp_68_fu_1365">
<pin_list>
<pin id="1366" dir="0" index="0" bw="17" slack="0"/>
<pin id="1367" dir="0" index="1" bw="20" slack="0"/>
<pin id="1368" dir="0" index="2" bw="3" slack="0"/>
<pin id="1369" dir="0" index="3" bw="6" slack="0"/>
<pin id="1370" dir="1" index="4" bw="17" slack="0"/>
</pin_list>
<bind>
<opcode="partselect(1002) " fcode="partselect"/>
<opset="tmp_68/7 "/>
</bind>
</comp>

<comp id="1375" class="1004" name="shifted_54_fu_1375">
<pin_list>
<pin id="1376" dir="0" index="0" bw="17" slack="0"/>
<pin id="1377" dir="1" index="1" bw="22" slack="0"/>
</pin_list>
<bind>
<opcode="sext(35) " fcode="sext"/>
<opset="shifted_54/7 "/>
</bind>
</comp>

<comp id="1379" class="1004" name="shifted_55_fu_1379">
<pin_list>
<pin id="1380" dir="0" index="0" bw="22" slack="0"/>
<pin id="1381" dir="0" index="1" bw="19" slack="0"/>
<pin id="1382" dir="0" index="2" bw="1" slack="0"/>
<pin id="1383" dir="1" index="3" bw="22" slack="0"/>
</pin_list>
<bind>
<opcode="bitconcatenate(1004) " fcode="bitconcatenate"/>
<opset="shifted_55/7 "/>
</bind>
</comp>

<comp id="1387" class="1004" name="tmp_69_fu_1387">
<pin_list>
<pin id="1388" dir="0" index="0" bw="16" slack="0"/>
<pin id="1389" dir="0" index="1" bw="20" slack="0"/>
<pin id="1390" dir="0" index="2" bw="4" slack="0"/>
<pin id="1391" dir="0" index="3" bw="6" slack="0"/>
<pin id="1392" dir="1" index="4" bw="16" slack="0"/>
</pin_list>
<bind>
<opcode="partselect(1002) " fcode="partselect"/>
<opset="tmp_69/7 "/>
</bind>
</comp>

<comp id="1397" class="1004" name="shifted_56_fu_1397">
<pin_list>
<pin id="1398" dir="0" index="0" bw="16" slack="0"/>
<pin id="1399" dir="1" index="1" bw="22" slack="0"/>
</pin_list>
<bind>
<opcode="sext(35) " fcode="sext"/>
<opset="shifted_56/7 "/>
</bind>
</comp>

<comp id="1401" class="1004" name="trunc_ln237_fu_1401">
<pin_list>
<pin id="1402" dir="0" index="0" bw="19" slack="0"/>
<pin id="1403" dir="1" index="1" bw="18" slack="0"/>
</pin_list>
<bind>
<opcode="trunc(33) " fcode="trunc"/>
<opset="trunc_ln237/7 "/>
</bind>
</comp>

<comp id="1405" class="1004" name="shifted_57_fu_1405">
<pin_list>
<pin id="1406" dir="0" index="0" bw="22" slack="0"/>
<pin id="1407" dir="0" index="1" bw="18" slack="0"/>
<pin id="1408" dir="0" index="2" bw="1" slack="0"/>
<pin id="1409" dir="1" index="3" bw="22" slack="0"/>
</pin_list>
<bind>
<opcode="bitconcatenate(1004) " fcode="bitconcatenate"/>
<opset="shifted_57/7 "/>
</bind>
</comp>

<comp id="1413" class="1004" name="tmp_70_fu_1413">
<pin_list>
<pin id="1414" dir="0" index="0" bw="15" slack="0"/>
<pin id="1415" dir="0" index="1" bw="20" slack="0"/>
<pin id="1416" dir="0" index="2" bw="4" slack="0"/>
<pin id="1417" dir="0" index="3" bw="6" slack="0"/>
<pin id="1418" dir="1" index="4" bw="15" slack="0"/>
</pin_list>
<bind>
<opcode="partselect(1002) " fcode="partselect"/>
<opset="tmp_70/7 "/>
</bind>
</comp>

<comp id="1423" class="1004" name="sext_ln235_fu_1423">
<pin_list>
<pin id="1424" dir="0" index="0" bw="15" slack="0"/>
<pin id="1425" dir="1" index="1" bw="22" slack="0"/>
</pin_list>
<bind>
<opcode="sext(35) " fcode="sext"/>
<opset="sext_ln235/7 "/>
</bind>
</comp>

<comp id="1427" class="1004" name="trunc_ln237_1_fu_1427">
<pin_list>
<pin id="1428" dir="0" index="0" bw="19" slack="0"/>
<pin id="1429" dir="1" index="1" bw="17" slack="0"/>
</pin_list>
<bind>
<opcode="trunc(33) " fcode="trunc"/>
<opset="trunc_ln237_1/7 "/>
</bind>
</comp>

<comp id="1431" class="1004" name="shifted_58_fu_1431">
<pin_list>
<pin id="1432" dir="0" index="0" bw="22" slack="0"/>
<pin id="1433" dir="0" index="1" bw="17" slack="0"/>
<pin id="1434" dir="0" index="2" bw="1" slack="0"/>
<pin id="1435" dir="1" index="3" bw="22" slack="0"/>
</pin_list>
<bind>
<opcode="bitconcatenate(1004) " fcode="bitconcatenate"/>
<opset="shifted_58/7 "/>
</bind>
</comp>

<comp id="1439" class="1004" name="tmp_71_fu_1439">
<pin_list>
<pin id="1440" dir="0" index="0" bw="14" slack="0"/>
<pin id="1441" dir="0" index="1" bw="20" slack="0"/>
<pin id="1442" dir="0" index="2" bw="4" slack="0"/>
<pin id="1443" dir="0" index="3" bw="6" slack="0"/>
<pin id="1444" dir="1" index="4" bw="14" slack="0"/>
</pin_list>
<bind>
<opcode="partselect(1002) " fcode="partselect"/>
<opset="tmp_71/7 "/>
</bind>
</comp>

<comp id="1449" class="1004" name="sext_ln235_1_fu_1449">
<pin_list>
<pin id="1450" dir="0" index="0" bw="14" slack="0"/>
<pin id="1451" dir="1" index="1" bw="22" slack="0"/>
</pin_list>
<bind>
<opcode="sext(35) " fcode="sext"/>
<opset="sext_ln235_1/7 "/>
</bind>
</comp>

<comp id="1453" class="1004" name="trunc_ln237_2_fu_1453">
<pin_list>
<pin id="1454" dir="0" index="0" bw="19" slack="0"/>
<pin id="1455" dir="1" index="1" bw="16" slack="0"/>
</pin_list>
<bind>
<opcode="trunc(33) " fcode="trunc"/>
<opset="trunc_ln237_2/7 "/>
</bind>
</comp>

<comp id="1457" class="1004" name="shifted_59_fu_1457">
<pin_list>
<pin id="1458" dir="0" index="0" bw="22" slack="0"/>
<pin id="1459" dir="0" index="1" bw="16" slack="0"/>
<pin id="1460" dir="0" index="2" bw="1" slack="0"/>
<pin id="1461" dir="1" index="3" bw="22" slack="0"/>
</pin_list>
<bind>
<opcode="bitconcatenate(1004) " fcode="bitconcatenate"/>
<opset="shifted_59/7 "/>
</bind>
</comp>

<comp id="1465" class="1004" name="tmp_72_fu_1465">
<pin_list>
<pin id="1466" dir="0" index="0" bw="13" slack="0"/>
<pin id="1467" dir="0" index="1" bw="20" slack="0"/>
<pin id="1468" dir="0" index="2" bw="4" slack="0"/>
<pin id="1469" dir="0" index="3" bw="6" slack="0"/>
<pin id="1470" dir="1" index="4" bw="13" slack="0"/>
</pin_list>
<bind>
<opcode="partselect(1002) " fcode="partselect"/>
<opset="tmp_72/7 "/>
</bind>
</comp>

<comp id="1475" class="1004" name="sext_ln235_2_fu_1475">
<pin_list>
<pin id="1476" dir="0" index="0" bw="13" slack="0"/>
<pin id="1477" dir="1" index="1" bw="22" slack="0"/>
</pin_list>
<bind>
<opcode="sext(35) " fcode="sext"/>
<opset="sext_ln235_2/7 "/>
</bind>
</comp>

<comp id="1479" class="1004" name="trunc_ln237_3_fu_1479">
<pin_list>
<pin id="1480" dir="0" index="0" bw="19" slack="0"/>
<pin id="1481" dir="1" index="1" bw="15" slack="0"/>
</pin_list>
<bind>
<opcode="trunc(33) " fcode="trunc"/>
<opset="trunc_ln237_3/7 "/>
</bind>
</comp>

<comp id="1483" class="1004" name="shifted_60_fu_1483">
<pin_list>
<pin id="1484" dir="0" index="0" bw="22" slack="0"/>
<pin id="1485" dir="0" index="1" bw="15" slack="0"/>
<pin id="1486" dir="0" index="2" bw="1" slack="0"/>
<pin id="1487" dir="1" index="3" bw="22" slack="0"/>
</pin_list>
<bind>
<opcode="bitconcatenate(1004) " fcode="bitconcatenate"/>
<opset="shifted_60/7 "/>
</bind>
</comp>

<comp id="1491" class="1004" name="tmp_73_fu_1491">
<pin_list>
<pin id="1492" dir="0" index="0" bw="12" slack="0"/>
<pin id="1493" dir="0" index="1" bw="20" slack="0"/>
<pin id="1494" dir="0" index="2" bw="5" slack="0"/>
<pin id="1495" dir="0" index="3" bw="6" slack="0"/>
<pin id="1496" dir="1" index="4" bw="12" slack="0"/>
</pin_list>
<bind>
<opcode="partselect(1002) " fcode="partselect"/>
<opset="tmp_73/7 "/>
</bind>
</comp>

<comp id="1501" class="1004" name="sext_ln235_3_fu_1501">
<pin_list>
<pin id="1502" dir="0" index="0" bw="12" slack="0"/>
<pin id="1503" dir="1" index="1" bw="22" slack="0"/>
</pin_list>
<bind>
<opcode="sext(35) " fcode="sext"/>
<opset="sext_ln235_3/7 "/>
</bind>
</comp>

<comp id="1505" class="1004" name="trunc_ln237_4_fu_1505">
<pin_list>
<pin id="1506" dir="0" index="0" bw="19" slack="0"/>
<pin id="1507" dir="1" index="1" bw="14" slack="0"/>
</pin_list>
<bind>
<opcode="trunc(33) " fcode="trunc"/>
<opset="trunc_ln237_4/7 "/>
</bind>
</comp>

<comp id="1509" class="1004" name="shifted_61_fu_1509">
<pin_list>
<pin id="1510" dir="0" index="0" bw="22" slack="0"/>
<pin id="1511" dir="0" index="1" bw="14" slack="0"/>
<pin id="1512" dir="0" index="2" bw="1" slack="0"/>
<pin id="1513" dir="1" index="3" bw="22" slack="0"/>
</pin_list>
<bind>
<opcode="bitconcatenate(1004) " fcode="bitconcatenate"/>
<opset="shifted_61/7 "/>
</bind>
</comp>

<comp id="1517" class="1004" name="tmp_74_fu_1517">
<pin_list>
<pin id="1518" dir="0" index="0" bw="11" slack="0"/>
<pin id="1519" dir="0" index="1" bw="20" slack="0"/>
<pin id="1520" dir="0" index="2" bw="5" slack="0"/>
<pin id="1521" dir="0" index="3" bw="6" slack="0"/>
<pin id="1522" dir="1" index="4" bw="11" slack="0"/>
</pin_list>
<bind>
<opcode="partselect(1002) " fcode="partselect"/>
<opset="tmp_74/7 "/>
</bind>
</comp>

<comp id="1527" class="1004" name="sext_ln235_4_fu_1527">
<pin_list>
<pin id="1528" dir="0" index="0" bw="11" slack="0"/>
<pin id="1529" dir="1" index="1" bw="22" slack="0"/>
</pin_list>
<bind>
<opcode="sext(35) " fcode="sext"/>
<opset="sext_ln235_4/7 "/>
</bind>
</comp>

<comp id="1531" class="1004" name="select_ln236_fu_1531">
<pin_list>
<pin id="1532" dir="0" index="0" bw="1" slack="4"/>
<pin id="1533" dir="0" index="1" bw="5" slack="0"/>
<pin id="1534" dir="0" index="2" bw="5" slack="0"/>
<pin id="1535" dir="1" index="3" bw="5" slack="0"/>
</pin_list>
<bind>
<opcode="select(49) " fcode="select"/>
<opset="select_ln236/7 "/>
</bind>
</comp>

<comp id="1538" class="1004" name="or_ln236_fu_1538">
<pin_list>
<pin id="1539" dir="0" index="0" bw="1" slack="4"/>
<pin id="1540" dir="0" index="1" bw="1" slack="4"/>
<pin id="1541" dir="1" index="2" bw="1" slack="0"/>
</pin_list>
<bind>
<opcode="or(24) " fcode="or"/>
<opset="or_ln236/7 "/>
</bind>
</comp>

<comp id="1542" class="1004" name="select_ln236_1_fu_1542">
<pin_list>
<pin id="1543" dir="0" index="0" bw="1" slack="4"/>
<pin id="1544" dir="0" index="1" bw="5" slack="0"/>
<pin id="1545" dir="0" index="2" bw="5" slack="0"/>
<pin id="1546" dir="1" index="3" bw="5" slack="0"/>
</pin_list>
<bind>
<opcode="select(49) " fcode="select"/>
<opset="select_ln236_1/7 "/>
</bind>
</comp>

<comp id="1549" class="1004" name="or_ln236_1_fu_1549">
<pin_list>
<pin id="1550" dir="0" index="0" bw="1" slack="4"/>
<pin id="1551" dir="0" index="1" bw="1" slack="4"/>
<pin id="1552" dir="1" index="2" bw="1" slack="0"/>
</pin_list>
<bind>
<opcode="or(24) " fcode="or"/>
<opset="or_ln236_1/7 "/>
</bind>
</comp>

<comp id="1553" class="1004" name="select_ln236_2_fu_1553">
<pin_list>
<pin id="1554" dir="0" index="0" bw="1" slack="4"/>
<pin id="1555" dir="0" index="1" bw="3" slack="0"/>
<pin id="1556" dir="0" index="2" bw="4" slack="0"/>
<pin id="1557" dir="1" index="3" bw="4" slack="0"/>
</pin_list>
<bind>
<opcode="select(49) " fcode="select"/>
<opset="select_ln236_2/7 "/>
</bind>
</comp>

<comp id="1560" class="1004" name="or_ln236_2_fu_1560">
<pin_list>
<pin id="1561" dir="0" index="0" bw="1" slack="4"/>
<pin id="1562" dir="0" index="1" bw="1" slack="4"/>
<pin id="1563" dir="1" index="2" bw="1" slack="0"/>
</pin_list>
<bind>
<opcode="or(24) " fcode="or"/>
<opset="or_ln236_2/7 "/>
</bind>
</comp>

<comp id="1564" class="1004" name="select_ln236_3_fu_1564">
<pin_list>
<pin id="1565" dir="0" index="0" bw="1" slack="4"/>
<pin id="1566" dir="0" index="1" bw="4" slack="0"/>
<pin id="1567" dir="0" index="2" bw="4" slack="0"/>
<pin id="1568" dir="1" index="3" bw="4" slack="0"/>
</pin_list>
<bind>
<opcode="select(49) " fcode="select"/>
<opset="select_ln236_3/7 "/>
</bind>
</comp>

<comp id="1571" class="1004" name="or_ln236_3_fu_1571">
<pin_list>
<pin id="1572" dir="0" index="0" bw="1" slack="4"/>
<pin id="1573" dir="0" index="1" bw="1" slack="4"/>
<pin id="1574" dir="1" index="2" bw="1" slack="0"/>
</pin_list>
<bind>
<opcode="or(24) " fcode="or"/>
<opset="or_ln236_3/7 "/>
</bind>
</comp>

<comp id="1575" class="1004" name="select_ln236_4_fu_1575">
<pin_list>
<pin id="1576" dir="0" index="0" bw="1" slack="4"/>
<pin id="1577" dir="0" index="1" bw="11" slack="0"/>
<pin id="1578" dir="0" index="2" bw="22" slack="0"/>
<pin id="1579" dir="1" index="3" bw="22" slack="0"/>
</pin_list>
<bind>
<opcode="select(49) " fcode="select"/>
<opset="select_ln236_4/7 "/>
</bind>
</comp>

<comp id="1582" class="1004" name="or_ln236_4_fu_1582">
<pin_list>
<pin id="1583" dir="0" index="0" bw="1" slack="4"/>
<pin id="1584" dir="0" index="1" bw="1" slack="4"/>
<pin id="1585" dir="1" index="2" bw="1" slack="0"/>
</pin_list>
<bind>
<opcode="or(24) " fcode="or"/>
<opset="or_ln236_4/7 "/>
</bind>
</comp>

<comp id="1586" class="1004" name="select_ln236_5_fu_1586">
<pin_list>
<pin id="1587" dir="0" index="0" bw="1" slack="4"/>
<pin id="1588" dir="0" index="1" bw="12" slack="0"/>
<pin id="1589" dir="0" index="2" bw="22" slack="0"/>
<pin id="1590" dir="1" index="3" bw="22" slack="0"/>
</pin_list>
<bind>
<opcode="select(49) " fcode="select"/>
<opset="select_ln236_5/7 "/>
</bind>
</comp>

<comp id="1593" class="1004" name="or_ln236_5_fu_1593">
<pin_list>
<pin id="1594" dir="0" index="0" bw="1" slack="4"/>
<pin id="1595" dir="0" index="1" bw="1" slack="4"/>
<pin id="1596" dir="1" index="2" bw="1" slack="0"/>
</pin_list>
<bind>
<opcode="or(24) " fcode="or"/>
<opset="or_ln236_5/7 "/>
</bind>
</comp>

<comp id="1597" class="1004" name="select_ln236_6_fu_1597">
<pin_list>
<pin id="1598" dir="0" index="0" bw="1" slack="4"/>
<pin id="1599" dir="0" index="1" bw="13" slack="0"/>
<pin id="1600" dir="0" index="2" bw="22" slack="0"/>
<pin id="1601" dir="1" index="3" bw="22" slack="0"/>
</pin_list>
<bind>
<opcode="select(49) " fcode="select"/>
<opset="select_ln236_6/7 "/>
</bind>
</comp>

<comp id="1604" class="1004" name="or_ln236_6_fu_1604">
<pin_list>
<pin id="1605" dir="0" index="0" bw="1" slack="4"/>
<pin id="1606" dir="0" index="1" bw="1" slack="4"/>
<pin id="1607" dir="1" index="2" bw="1" slack="0"/>
</pin_list>
<bind>
<opcode="or(24) " fcode="or"/>
<opset="or_ln236_6/7 "/>
</bind>
</comp>

<comp id="1608" class="1004" name="select_ln236_7_fu_1608">
<pin_list>
<pin id="1609" dir="0" index="0" bw="1" slack="4"/>
<pin id="1610" dir="0" index="1" bw="14" slack="0"/>
<pin id="1611" dir="0" index="2" bw="22" slack="0"/>
<pin id="1612" dir="1" index="3" bw="22" slack="0"/>
</pin_list>
<bind>
<opcode="select(49) " fcode="select"/>
<opset="select_ln236_7/7 "/>
</bind>
</comp>

<comp id="1615" class="1004" name="or_ln236_7_fu_1615">
<pin_list>
<pin id="1616" dir="0" index="0" bw="1" slack="4"/>
<pin id="1617" dir="0" index="1" bw="1" slack="4"/>
<pin id="1618" dir="1" index="2" bw="1" slack="0"/>
</pin_list>
<bind>
<opcode="or(24) " fcode="or"/>
<opset="or_ln236_7/7 "/>
</bind>
</comp>

<comp id="1619" class="1004" name="select_ln236_8_fu_1619">
<pin_list>
<pin id="1620" dir="0" index="0" bw="1" slack="4"/>
<pin id="1621" dir="0" index="1" bw="15" slack="0"/>
<pin id="1622" dir="0" index="2" bw="22" slack="0"/>
<pin id="1623" dir="1" index="3" bw="22" slack="0"/>
</pin_list>
<bind>
<opcode="select(49) " fcode="select"/>
<opset="select_ln236_8/7 "/>
</bind>
</comp>

<comp id="1626" class="1004" name="or_ln236_8_fu_1626">
<pin_list>
<pin id="1627" dir="0" index="0" bw="1" slack="4"/>
<pin id="1628" dir="0" index="1" bw="1" slack="4"/>
<pin id="1629" dir="1" index="2" bw="1" slack="0"/>
</pin_list>
<bind>
<opcode="or(24) " fcode="or"/>
<opset="or_ln236_8/7 "/>
</bind>
</comp>

<comp id="1630" class="1004" name="select_ln236_9_fu_1630">
<pin_list>
<pin id="1631" dir="0" index="0" bw="1" slack="4"/>
<pin id="1632" dir="0" index="1" bw="16" slack="0"/>
<pin id="1633" dir="0" index="2" bw="22" slack="0"/>
<pin id="1634" dir="1" index="3" bw="22" slack="0"/>
</pin_list>
<bind>
<opcode="select(49) " fcode="select"/>
<opset="select_ln236_9/7 "/>
</bind>
</comp>

<comp id="1637" class="1004" name="or_ln236_9_fu_1637">
<pin_list>
<pin id="1638" dir="0" index="0" bw="1" slack="4"/>
<pin id="1639" dir="0" index="1" bw="1" slack="4"/>
<pin id="1640" dir="1" index="2" bw="1" slack="0"/>
</pin_list>
<bind>
<opcode="or(24) " fcode="or"/>
<opset="or_ln236_9/7 "/>
</bind>
</comp>

<comp id="1641" class="1004" name="select_ln236_10_fu_1641">
<pin_list>
<pin id="1642" dir="0" index="0" bw="1" slack="4"/>
<pin id="1643" dir="0" index="1" bw="17" slack="0"/>
<pin id="1644" dir="0" index="2" bw="22" slack="0"/>
<pin id="1645" dir="1" index="3" bw="22" slack="0"/>
</pin_list>
<bind>
<opcode="select(49) " fcode="select"/>
<opset="select_ln236_10/7 "/>
</bind>
</comp>

<comp id="1648" class="1004" name="or_ln236_10_fu_1648">
<pin_list>
<pin id="1649" dir="0" index="0" bw="1" slack="4"/>
<pin id="1650" dir="0" index="1" bw="1" slack="5"/>
<pin id="1651" dir="1" index="2" bw="1" slack="0"/>
</pin_list>
<bind>
<opcode="or(24) " fcode="or"/>
<opset="or_ln236_10/7 "/>
</bind>
</comp>

<comp id="1652" class="1004" name="select_ln236_11_fu_1652">
<pin_list>
<pin id="1653" dir="0" index="0" bw="1" slack="5"/>
<pin id="1654" dir="0" index="1" bw="18" slack="0"/>
<pin id="1655" dir="0" index="2" bw="21" slack="0"/>
<pin id="1656" dir="1" index="3" bw="22" slack="0"/>
</pin_list>
<bind>
<opcode="select(49) " fcode="select"/>
<opset="select_ln236_11/7 "/>
</bind>
</comp>

<comp id="1659" class="1004" name="or_ln236_11_fu_1659">
<pin_list>
<pin id="1660" dir="0" index="0" bw="1" slack="5"/>
<pin id="1661" dir="0" index="1" bw="1" slack="5"/>
<pin id="1662" dir="1" index="2" bw="1" slack="0"/>
</pin_list>
<bind>
<opcode="or(24) " fcode="or"/>
<opset="or_ln236_11/7 "/>
</bind>
</comp>

<comp id="1663" class="1004" name="select_ln236_12_fu_1663">
<pin_list>
<pin id="1664" dir="0" index="0" bw="1" slack="5"/>
<pin id="1665" dir="0" index="1" bw="19" slack="0"/>
<pin id="1666" dir="0" index="2" bw="20" slack="0"/>
<pin id="1667" dir="1" index="3" bw="22" slack="0"/>
</pin_list>
<bind>
<opcode="select(49) " fcode="select"/>
<opset="select_ln236_12/7 "/>
</bind>
</comp>

<comp id="1670" class="1004" name="select_ln236_13_fu_1670">
<pin_list>
<pin id="1671" dir="0" index="0" bw="1" slack="0"/>
<pin id="1672" dir="0" index="1" bw="5" slack="0"/>
<pin id="1673" dir="0" index="2" bw="5" slack="0"/>
<pin id="1674" dir="1" index="3" bw="5" slack="0"/>
</pin_list>
<bind>
<opcode="select(49) " fcode="select"/>
<opset="select_ln236_13/7 "/>
</bind>
</comp>

<comp id="1678" class="1004" name="or_ln236_12_fu_1678">
<pin_list>
<pin id="1679" dir="0" index="0" bw="1" slack="0"/>
<pin id="1680" dir="0" index="1" bw="1" slack="0"/>
<pin id="1681" dir="1" index="2" bw="1" slack="0"/>
</pin_list>
<bind>
<opcode="or(24) " fcode="or"/>
<opset="or_ln236_12/7 "/>
</bind>
</comp>

<comp id="1684" class="1004" name="select_ln236_14_fu_1684">
<pin_list>
<pin id="1685" dir="0" index="0" bw="1" slack="0"/>
<pin id="1686" dir="0" index="1" bw="4" slack="0"/>
<pin id="1687" dir="0" index="2" bw="4" slack="0"/>
<pin id="1688" dir="1" index="3" bw="4" slack="0"/>
</pin_list>
<bind>
<opcode="select(49) " fcode="select"/>
<opset="select_ln236_14/7 "/>
</bind>
</comp>

<comp id="1692" class="1004" name="zext_ln236_fu_1692">
<pin_list>
<pin id="1693" dir="0" index="0" bw="4" slack="0"/>
<pin id="1694" dir="1" index="1" bw="5" slack="0"/>
</pin_list>
<bind>
<opcode="zext(34) " fcode="zext"/>
<opset="zext_ln236/7 "/>
</bind>
</comp>

<comp id="1696" class="1004" name="or_ln236_13_fu_1696">
<pin_list>
<pin id="1697" dir="0" index="0" bw="1" slack="0"/>
<pin id="1698" dir="0" index="1" bw="1" slack="0"/>
<pin id="1699" dir="1" index="2" bw="1" slack="0"/>
</pin_list>
<bind>
<opcode="or(24) " fcode="or"/>
<opset="or_ln236_13/7 "/>
</bind>
</comp>

<comp id="1702" class="1004" name="select_ln236_15_fu_1702">
<pin_list>
<pin id="1703" dir="0" index="0" bw="1" slack="0"/>
<pin id="1704" dir="0" index="1" bw="22" slack="0"/>
<pin id="1705" dir="0" index="2" bw="22" slack="0"/>
<pin id="1706" dir="1" index="3" bw="22" slack="0"/>
</pin_list>
<bind>
<opcode="select(49) " fcode="select"/>
<opset="select_ln236_15/7 "/>
</bind>
</comp>

<comp id="1710" class="1004" name="or_ln236_14_fu_1710">
<pin_list>
<pin id="1711" dir="0" index="0" bw="1" slack="0"/>
<pin id="1712" dir="0" index="1" bw="1" slack="0"/>
<pin id="1713" dir="1" index="2" bw="1" slack="0"/>
</pin_list>
<bind>
<opcode="or(24) " fcode="or"/>
<opset="or_ln236_14/7 "/>
</bind>
</comp>

<comp id="1716" class="1004" name="select_ln236_16_fu_1716">
<pin_list>
<pin id="1717" dir="0" index="0" bw="1" slack="0"/>
<pin id="1718" dir="0" index="1" bw="22" slack="0"/>
<pin id="1719" dir="0" index="2" bw="22" slack="0"/>
<pin id="1720" dir="1" index="3" bw="22" slack="0"/>
</pin_list>
<bind>
<opcode="select(49) " fcode="select"/>
<opset="select_ln236_16/7 "/>
</bind>
</comp>

<comp id="1724" class="1004" name="or_ln236_15_fu_1724">
<pin_list>
<pin id="1725" dir="0" index="0" bw="1" slack="0"/>
<pin id="1726" dir="0" index="1" bw="1" slack="0"/>
<pin id="1727" dir="1" index="2" bw="1" slack="0"/>
</pin_list>
<bind>
<opcode="or(24) " fcode="or"/>
<opset="or_ln236_15/7 "/>
</bind>
</comp>

<comp id="1730" class="1004" name="select_ln236_17_fu_1730">
<pin_list>
<pin id="1731" dir="0" index="0" bw="1" slack="0"/>
<pin id="1732" dir="0" index="1" bw="22" slack="0"/>
<pin id="1733" dir="0" index="2" bw="22" slack="0"/>
<pin id="1734" dir="1" index="3" bw="22" slack="0"/>
</pin_list>
<bind>
<opcode="select(49) " fcode="select"/>
<opset="select_ln236_17/7 "/>
</bind>
</comp>

<comp id="1738" class="1004" name="or_ln236_16_fu_1738">
<pin_list>
<pin id="1739" dir="0" index="0" bw="1" slack="0"/>
<pin id="1740" dir="0" index="1" bw="1" slack="0"/>
<pin id="1741" dir="1" index="2" bw="1" slack="0"/>
</pin_list>
<bind>
<opcode="or(24) " fcode="or"/>
<opset="or_ln236_16/7 "/>
</bind>
</comp>

<comp id="1744" class="1004" name="select_ln236_18_fu_1744">
<pin_list>
<pin id="1745" dir="0" index="0" bw="1" slack="0"/>
<pin id="1746" dir="0" index="1" bw="22" slack="0"/>
<pin id="1747" dir="0" index="2" bw="21" slack="0"/>
<pin id="1748" dir="1" index="3" bw="22" slack="0"/>
</pin_list>
<bind>
<opcode="select(49) " fcode="select"/>
<opset="select_ln236_18/7 "/>
</bind>
</comp>

<comp id="1752" class="1004" name="or_ln236_17_fu_1752">
<pin_list>
<pin id="1753" dir="0" index="0" bw="1" slack="0"/>
<pin id="1754" dir="0" index="1" bw="1" slack="0"/>
<pin id="1755" dir="1" index="2" bw="1" slack="0"/>
</pin_list>
<bind>
<opcode="or(24) " fcode="or"/>
<opset="or_ln236_17/7 "/>
</bind>
</comp>

<comp id="1758" class="1004" name="select_ln236_19_fu_1758">
<pin_list>
<pin id="1759" dir="0" index="0" bw="1" slack="0"/>
<pin id="1760" dir="0" index="1" bw="5" slack="0"/>
<pin id="1761" dir="0" index="2" bw="4" slack="0"/>
<pin id="1762" dir="1" index="3" bw="5" slack="0"/>
</pin_list>
<bind>
<opcode="select(49) " fcode="select"/>
<opset="select_ln236_19/7 "/>
</bind>
</comp>

<comp id="1766" class="1004" name="zext_ln236_1_fu_1766">
<pin_list>
<pin id="1767" dir="0" index="0" bw="5" slack="0"/>
<pin id="1768" dir="1" index="1" bw="22" slack="0"/>
</pin_list>
<bind>
<opcode="zext(34) " fcode="zext"/>
<opset="zext_ln236_1/7 "/>
</bind>
</comp>

<comp id="1770" class="1004" name="shl_ln236_fu_1770">
<pin_list>
<pin id="1771" dir="0" index="0" bw="20" slack="0"/>
<pin id="1772" dir="0" index="1" bw="5" slack="0"/>
<pin id="1773" dir="1" index="2" bw="22" slack="0"/>
</pin_list>
<bind>
<opcode="shl(20) " fcode="shl"/>
<opset="shl_ln236/7 "/>
</bind>
</comp>

<comp id="1776" class="1004" name="or_ln236_18_fu_1776">
<pin_list>
<pin id="1777" dir="0" index="0" bw="1" slack="0"/>
<pin id="1778" dir="0" index="1" bw="1" slack="0"/>
<pin id="1779" dir="1" index="2" bw="1" slack="0"/>
</pin_list>
<bind>
<opcode="or(24) " fcode="or"/>
<opset="or_ln236_18/7 "/>
</bind>
</comp>

<comp id="1782" class="1004" name="select_ln236_20_fu_1782">
<pin_list>
<pin id="1783" dir="0" index="0" bw="1" slack="0"/>
<pin id="1784" dir="0" index="1" bw="22" slack="0"/>
<pin id="1785" dir="0" index="2" bw="22" slack="0"/>
<pin id="1786" dir="1" index="3" bw="22" slack="0"/>
</pin_list>
<bind>
<opcode="select(49) " fcode="select"/>
<opset="select_ln236_20/7 "/>
</bind>
</comp>

<comp id="1790" class="1004" name="or_ln236_19_fu_1790">
<pin_list>
<pin id="1791" dir="0" index="0" bw="1" slack="0"/>
<pin id="1792" dir="0" index="1" bw="1" slack="0"/>
<pin id="1793" dir="1" index="2" bw="1" slack="0"/>
</pin_list>
<bind>
<opcode="or(24) " fcode="or"/>
<opset="or_ln236_19/7 "/>
</bind>
</comp>

<comp id="1796" class="1004" name="select_ln236_21_fu_1796">
<pin_list>
<pin id="1797" dir="0" index="0" bw="1" slack="0"/>
<pin id="1798" dir="0" index="1" bw="22" slack="0"/>
<pin id="1799" dir="0" index="2" bw="22" slack="0"/>
<pin id="1800" dir="1" index="3" bw="22" slack="0"/>
</pin_list>
<bind>
<opcode="select(49) " fcode="select"/>
<opset="select_ln236_21/7 "/>
</bind>
</comp>

<comp id="1804" class="1004" name="or_ln236_20_fu_1804">
<pin_list>
<pin id="1805" dir="0" index="0" bw="1" slack="0"/>
<pin id="1806" dir="0" index="1" bw="1" slack="0"/>
<pin id="1807" dir="1" index="2" bw="1" slack="0"/>
</pin_list>
<bind>
<opcode="or(24) " fcode="or"/>
<opset="or_ln236_20/7 "/>
</bind>
</comp>

<comp id="1810" class="1004" name="select_ln236_22_fu_1810">
<pin_list>
<pin id="1811" dir="0" index="0" bw="1" slack="0"/>
<pin id="1812" dir="0" index="1" bw="22" slack="0"/>
<pin id="1813" dir="0" index="2" bw="22" slack="0"/>
<pin id="1814" dir="1" index="3" bw="22" slack="0"/>
</pin_list>
<bind>
<opcode="select(49) " fcode="select"/>
<opset="select_ln236_22/7 "/>
</bind>
</comp>

<comp id="1818" class="1004" name="or_ln236_21_fu_1818">
<pin_list>
<pin id="1819" dir="0" index="0" bw="1" slack="0"/>
<pin id="1820" dir="0" index="1" bw="1" slack="0"/>
<pin id="1821" dir="1" index="2" bw="1" slack="0"/>
</pin_list>
<bind>
<opcode="or(24) " fcode="or"/>
<opset="or_ln236_21/7 "/>
</bind>
</comp>

<comp id="1824" class="1004" name="select_ln236_23_fu_1824">
<pin_list>
<pin id="1825" dir="0" index="0" bw="1" slack="0"/>
<pin id="1826" dir="0" index="1" bw="22" slack="0"/>
<pin id="1827" dir="0" index="2" bw="20" slack="0"/>
<pin id="1828" dir="1" index="3" bw="22" slack="0"/>
</pin_list>
<bind>
<opcode="select(49) " fcode="select"/>
<opset="select_ln236_23/7 "/>
</bind>
</comp>

<comp id="1832" class="1004" name="shifted_86_fu_1832">
<pin_list>
<pin id="1833" dir="0" index="0" bw="1" slack="0"/>
<pin id="1834" dir="0" index="1" bw="22" slack="0"/>
<pin id="1835" dir="0" index="2" bw="22" slack="0"/>
<pin id="1836" dir="1" index="3" bw="22" slack="0"/>
</pin_list>
<bind>
<opcode="select(49) " fcode="select"/>
<opset="shifted_86/7 "/>
</bind>
</comp>

<comp id="1840" class="1004" name="sext_ln671_fu_1840">
<pin_list>
<pin id="1841" dir="0" index="0" bw="22" slack="0"/>
<pin id="1842" dir="1" index="1" bw="23" slack="0"/>
</pin_list>
<bind>
<opcode="sext(35) " fcode="sext"/>
<opset="sext_ln671/7 "/>
</bind>
</comp>

<comp id="1844" class="1004" name="raw_fu_1844">
<pin_list>
<pin id="1845" dir="0" index="0" bw="1" slack="0"/>
<pin id="1846" dir="0" index="1" bw="22" slack="0"/>
<pin id="1847" dir="1" index="2" bw="23" slack="0"/>
</pin_list>
<bind>
<opcode="sub(10) " fcode="sub"/>
<opset="raw/7 "/>
</bind>
</comp>

<comp id="1850" class="1004" name="xor_ln804_fu_1850">
<pin_list>
<pin id="1851" dir="0" index="0" bw="1" slack="6"/>
<pin id="1852" dir="0" index="1" bw="1" slack="0"/>
<pin id="1853" dir="1" index="2" bw="1" slack="0"/>
</pin_list>
<bind>
<opcode="xor(25) " fcode="xor"/>
<opset="xor_ln804/7 "/>
</bind>
</comp>

<comp id="1855" class="1004" name="and_ln807_fu_1855">
<pin_list>
<pin id="1856" dir="0" index="0" bw="1" slack="6"/>
<pin id="1857" dir="0" index="1" bw="1" slack="0"/>
<pin id="1858" dir="1" index="2" bw="1" slack="0"/>
</pin_list>
<bind>
<opcode="and(23) " fcode="and"/>
<opset="and_ln807/7 "/>
</bind>
</comp>

<comp id="1860" class="1004" name="sel_tmp2_fu_1860">
<pin_list>
<pin id="1861" dir="0" index="0" bw="2" slack="0"/>
<pin id="1862" dir="0" index="1" bw="1" slack="6"/>
<pin id="1863" dir="0" index="2" bw="1" slack="0"/>
<pin id="1864" dir="1" index="3" bw="2" slack="0"/>
</pin_list>
<bind>
<opcode="bitconcatenate(1004) " fcode="bitconcatenate"/>
<opset="sel_tmp2/7 "/>
</bind>
</comp>

<comp id="1867" class="1004" name="out_fu_1867">
<pin_list>
<pin id="1868" dir="0" index="0" bw="23" slack="0"/>
<pin id="1869" dir="0" index="1" bw="2" slack="0"/>
<pin id="1870" dir="0" index="2" bw="23" slack="0"/>
<pin id="1871" dir="0" index="3" bw="2" slack="0"/>
<pin id="1872" dir="0" index="4" bw="23" slack="0"/>
<pin id="1873" dir="0" index="5" bw="2" slack="0"/>
<pin id="1874" dir="0" index="6" bw="23" slack="0"/>
<pin id="1875" dir="0" index="7" bw="23" slack="0"/>
<pin id="1876" dir="0" index="8" bw="2" slack="0"/>
<pin id="1877" dir="1" index="9" bw="23" slack="2147483647"/>
</pin_list>
<bind>
<opcode="sparsemux(1197) " fcode="sparsemux"/>
<opset="out/7 "/>
</bind>
</comp>

<comp id="1887" class="1005" name="icmp_ln804_reg_1887">
<pin_list>
<pin id="1888" dir="0" index="0" bw="1" slack="6"/>
<pin id="1889" dir="1" index="1" bw="1" slack="6"/>
</pin_list>
<bind>
<opset="icmp_ln804 "/>
</bind>
</comp>

<comp id="1893" class="1005" name="neg_reg_1893">
<pin_list>
<pin id="1894" dir="0" index="0" bw="1" slack="6"/>
<pin id="1895" dir="1" index="1" bw="1" slack="6"/>
</pin_list>
<bind>
<opset="neg "/>
</bind>
</comp>

<comp id="1898" class="1005" name="abs_raw_signed_2_reg_1898">
<pin_list>
<pin id="1899" dir="0" index="0" bw="26" slack="1"/>
<pin id="1900" dir="1" index="1" bw="26" slack="1"/>
</pin_list>
<bind>
<opset="abs_raw_signed_2 "/>
</bind>
</comp>

<comp id="1936" class="1005" name="icmp_ln819_reg_1936">
<pin_list>
<pin id="1937" dir="0" index="0" bw="1" slack="1"/>
<pin id="1938" dir="1" index="1" bw="1" slack="1"/>
</pin_list>
<bind>
<opset="icmp_ln819 "/>
</bind>
</comp>

<comp id="1941" class="1005" name="shift_reg_1941">
<pin_list>
<pin id="1942" dir="0" index="0" bw="6" slack="1"/>
<pin id="1943" dir="1" index="1" bw="6" slack="1"/>
</pin_list>
<bind>
<opset="shift "/>
</bind>
</comp>

<comp id="1946" class="1005" name="icmp_ln821_reg_1946">
<pin_list>
<pin id="1947" dir="0" index="0" bw="1" slack="1"/>
<pin id="1948" dir="1" index="1" bw="1" slack="1"/>
</pin_list>
<bind>
<opset="icmp_ln821 "/>
</bind>
</comp>

<comp id="1951" class="1005" name="add_ln822_reg_1951">
<pin_list>
<pin id="1952" dir="0" index="0" bw="6" slack="1"/>
<pin id="1953" dir="1" index="1" bw="6" slack="1"/>
</pin_list>
<bind>
<opset="add_ln822 "/>
</bind>
</comp>

<comp id="1956" class="1005" name="shift_4_reg_1956">
<pin_list>
<pin id="1957" dir="0" index="0" bw="6" slack="1"/>
<pin id="1958" dir="1" index="1" bw="6" slack="1"/>
</pin_list>
<bind>
<opset="shift_4 "/>
</bind>
</comp>

<comp id="1981" class="1005" name="icmp_ln221_reg_1981">
<pin_list>
<pin id="1982" dir="0" index="0" bw="1" slack="1"/>
<pin id="1983" dir="1" index="1" bw="1" slack="1"/>
</pin_list>
<bind>
<opset="icmp_ln221 "/>
</bind>
</comp>

<comp id="1987" class="1005" name="icmp_ln223_reg_1987">
<pin_list>
<pin id="1988" dir="0" index="0" bw="1" slack="1"/>
<pin id="1989" dir="1" index="1" bw="1" slack="1"/>
</pin_list>
<bind>
<opset="icmp_ln223 "/>
</bind>
</comp>

<comp id="1993" class="1005" name="icmp_ln221_1_reg_1993">
<pin_list>
<pin id="1994" dir="0" index="0" bw="1" slack="1"/>
<pin id="1995" dir="1" index="1" bw="1" slack="1"/>
</pin_list>
<bind>
<opset="icmp_ln221_1 "/>
</bind>
</comp>

<comp id="2000" class="1005" name="icmp_ln223_1_reg_2000">
<pin_list>
<pin id="2001" dir="0" index="0" bw="1" slack="1"/>
<pin id="2002" dir="1" index="1" bw="1" slack="1"/>
</pin_list>
<bind>
<opset="icmp_ln223_1 "/>
</bind>
</comp>

<comp id="2006" class="1005" name="icmp_ln221_2_reg_2006">
<pin_list>
<pin id="2007" dir="0" index="0" bw="1" slack="4"/>
<pin id="2008" dir="1" index="1" bw="1" slack="4"/>
</pin_list>
<bind>
<opset="icmp_ln221_2 "/>
</bind>
</comp>

<comp id="2012" class="1005" name="icmp_ln223_2_reg_2012">
<pin_list>
<pin id="2013" dir="0" index="0" bw="1" slack="4"/>
<pin id="2014" dir="1" index="1" bw="1" slack="4"/>
</pin_list>
<bind>
<opset="icmp_ln223_2 "/>
</bind>
</comp>

<comp id="2017" class="1005" name="icmp_ln221_3_reg_2017">
<pin_list>
<pin id="2018" dir="0" index="0" bw="1" slack="4"/>
<pin id="2019" dir="1" index="1" bw="1" slack="4"/>
</pin_list>
<bind>
<opset="icmp_ln221_3 "/>
</bind>
</comp>

<comp id="2023" class="1005" name="icmp_ln223_3_reg_2023">
<pin_list>
<pin id="2024" dir="0" index="0" bw="1" slack="4"/>
<pin id="2025" dir="1" index="1" bw="1" slack="4"/>
</pin_list>
<bind>
<opset="icmp_ln223_3 "/>
</bind>
</comp>

<comp id="2028" class="1005" name="icmp_ln221_4_reg_2028">
<pin_list>
<pin id="2029" dir="0" index="0" bw="1" slack="4"/>
<pin id="2030" dir="1" index="1" bw="1" slack="4"/>
</pin_list>
<bind>
<opset="icmp_ln221_4 "/>
</bind>
</comp>

<comp id="2034" class="1005" name="icmp_ln223_4_reg_2034">
<pin_list>
<pin id="2035" dir="0" index="0" bw="1" slack="4"/>
<pin id="2036" dir="1" index="1" bw="1" slack="4"/>
</pin_list>
<bind>
<opset="icmp_ln223_4 "/>
</bind>
</comp>

<comp id="2039" class="1005" name="icmp_ln221_5_reg_2039">
<pin_list>
<pin id="2040" dir="0" index="0" bw="1" slack="4"/>
<pin id="2041" dir="1" index="1" bw="1" slack="4"/>
</pin_list>
<bind>
<opset="icmp_ln221_5 "/>
</bind>
</comp>

<comp id="2045" class="1005" name="icmp_ln223_5_reg_2045">
<pin_list>
<pin id="2046" dir="0" index="0" bw="1" slack="4"/>
<pin id="2047" dir="1" index="1" bw="1" slack="4"/>
</pin_list>
<bind>
<opset="icmp_ln223_5 "/>
</bind>
</comp>

<comp id="2050" class="1005" name="icmp_ln221_6_reg_2050">
<pin_list>
<pin id="2051" dir="0" index="0" bw="1" slack="4"/>
<pin id="2052" dir="1" index="1" bw="1" slack="4"/>
</pin_list>
<bind>
<opset="icmp_ln221_6 "/>
</bind>
</comp>

<comp id="2056" class="1005" name="icmp_ln223_6_reg_2056">
<pin_list>
<pin id="2057" dir="0" index="0" bw="1" slack="4"/>
<pin id="2058" dir="1" index="1" bw="1" slack="4"/>
</pin_list>
<bind>
<opset="icmp_ln223_6 "/>
</bind>
</comp>

<comp id="2061" class="1005" name="icmp_ln221_7_reg_2061">
<pin_list>
<pin id="2062" dir="0" index="0" bw="1" slack="4"/>
<pin id="2063" dir="1" index="1" bw="1" slack="4"/>
</pin_list>
<bind>
<opset="icmp_ln221_7 "/>
</bind>
</comp>

<comp id="2067" class="1005" name="icmp_ln223_7_reg_2067">
<pin_list>
<pin id="2068" dir="0" index="0" bw="1" slack="4"/>
<pin id="2069" dir="1" index="1" bw="1" slack="4"/>
</pin_list>
<bind>
<opset="icmp_ln223_7 "/>
</bind>
</comp>

<comp id="2072" class="1005" name="icmp_ln221_8_reg_2072">
<pin_list>
<pin id="2073" dir="0" index="0" bw="1" slack="4"/>
<pin id="2074" dir="1" index="1" bw="1" slack="4"/>
</pin_list>
<bind>
<opset="icmp_ln221_8 "/>
</bind>
</comp>

<comp id="2078" class="1005" name="icmp_ln223_8_reg_2078">
<pin_list>
<pin id="2079" dir="0" index="0" bw="1" slack="4"/>
<pin id="2080" dir="1" index="1" bw="1" slack="4"/>
</pin_list>
<bind>
<opset="icmp_ln223_8 "/>
</bind>
</comp>

<comp id="2083" class="1005" name="icmp_ln223_9_reg_2083">
<pin_list>
<pin id="2084" dir="0" index="0" bw="1" slack="4"/>
<pin id="2085" dir="1" index="1" bw="1" slack="4"/>
</pin_list>
<bind>
<opset="icmp_ln223_9 "/>
</bind>
</comp>

<comp id="2089" class="1005" name="icmp_ln223_10_reg_2089">
<pin_list>
<pin id="2090" dir="0" index="0" bw="1" slack="4"/>
<pin id="2091" dir="1" index="1" bw="1" slack="4"/>
</pin_list>
<bind>
<opset="icmp_ln223_10 "/>
</bind>
</comp>

<comp id="2094" class="1005" name="icmp_ln223_11_reg_2094">
<pin_list>
<pin id="2095" dir="0" index="0" bw="1" slack="4"/>
<pin id="2096" dir="1" index="1" bw="1" slack="4"/>
</pin_list>
<bind>
<opset="icmp_ln223_11 "/>
</bind>
</comp>

<comp id="2100" class="1005" name="icmp_ln223_12_reg_2100">
<pin_list>
<pin id="2101" dir="0" index="0" bw="1" slack="4"/>
<pin id="2102" dir="1" index="1" bw="1" slack="4"/>
</pin_list>
<bind>
<opset="icmp_ln223_12 "/>
</bind>
</comp>

<comp id="2105" class="1005" name="icmp_ln223_13_reg_2105">
<pin_list>
<pin id="2106" dir="0" index="0" bw="1" slack="4"/>
<pin id="2107" dir="1" index="1" bw="1" slack="4"/>
</pin_list>
<bind>
<opset="icmp_ln223_13 "/>
</bind>
</comp>

<comp id="2111" class="1005" name="icmp_ln223_14_reg_2111">
<pin_list>
<pin id="2112" dir="0" index="0" bw="1" slack="4"/>
<pin id="2113" dir="1" index="1" bw="1" slack="4"/>
</pin_list>
<bind>
<opset="icmp_ln223_14 "/>
</bind>
</comp>

<comp id="2116" class="1005" name="icmp_ln223_15_reg_2116">
<pin_list>
<pin id="2117" dir="0" index="0" bw="1" slack="4"/>
<pin id="2118" dir="1" index="1" bw="1" slack="4"/>
</pin_list>
<bind>
<opset="icmp_ln223_15 "/>
</bind>
</comp>

<comp id="2122" class="1005" name="lut_idx_reg_2122">
<pin_list>
<pin id="2123" dir="0" index="0" bw="8" slack="1"/>
<pin id="2124" dir="1" index="1" bw="8" slack="1"/>
</pin_list>
<bind>
<opset="lut_idx "/>
</bind>
</comp>

<comp id="2128" class="1005" name="trunc_ln858_reg_2128">
<pin_list>
<pin id="2129" dir="0" index="0" bw="8" slack="3"/>
<pin id="2130" dir="1" index="1" bw="8" slack="3"/>
</pin_list>
<bind>
<opset="trunc_ln858 "/>
</bind>
</comp>

<comp id="2133" class="1005" name="recip_lut_fn_addr_reg_2133">
<pin_list>
<pin id="2134" dir="0" index="0" bw="9" slack="1"/>
<pin id="2135" dir="1" index="1" bw="9" slack="1"/>
</pin_list>
<bind>
<opset="recip_lut_fn_addr "/>
</bind>
</comp>

<comp id="2138" class="1005" name="recip_lut_fn_addr_1_reg_2138">
<pin_list>
<pin id="2139" dir="0" index="0" bw="9" slack="1"/>
<pin id="2140" dir="1" index="1" bw="9" slack="1"/>
</pin_list>
<bind>
<opset="recip_lut_fn_addr_1 "/>
</bind>
</comp>

<comp id="2143" class="1005" name="v0_reg_2143">
<pin_list>
<pin id="2144" dir="0" index="0" bw="19" slack="1"/>
<pin id="2145" dir="1" index="1" bw="19" slack="1"/>
</pin_list>
<bind>
<opset="v0 "/>
</bind>
</comp>

<comp id="2150" class="1005" name="v1_reg_2150">
<pin_list>
<pin id="2151" dir="0" index="0" bw="19" slack="1"/>
<pin id="2152" dir="1" index="1" bw="19" slack="1"/>
</pin_list>
<bind>
<opset="v1 "/>
</bind>
</comp>

<comp id="2155" class="1005" name="trunc_ln_reg_2155">
<pin_list>
<pin id="2156" dir="0" index="0" bw="19" slack="1"/>
<pin id="2157" dir="1" index="1" bw="19" slack="1"/>
</pin_list>
<bind>
<opset="trunc_ln "/>
</bind>
</comp>

</comp_list>

<net_list>
<net id="286"><net_src comp="4" pin="0"/><net_sink comp="282" pin=0"/></net>

<net id="287"><net_src comp="0" pin="0"/><net_sink comp="282" pin=1"/></net>

<net id="293"><net_src comp="2" pin="0"/><net_sink comp="288" pin=0"/></net>

<net id="294"><net_src comp="196" pin="0"/><net_sink comp="288" pin=1"/></net>

<net id="304"><net_src comp="288" pin="3"/><net_sink comp="295" pin=2"/></net>

<net id="310"><net_src comp="2" pin="0"/><net_sink comp="305" pin=0"/></net>

<net id="311"><net_src comp="196" pin="0"/><net_sink comp="305" pin=1"/></net>

<net id="312"><net_src comp="305" pin="3"/><net_sink comp="295" pin=0"/></net>

<net id="317"><net_src comp="282" pin="2"/><net_sink comp="313" pin=0"/></net>

<net id="318"><net_src comp="6" pin="0"/><net_sink comp="313" pin=1"/></net>

<net id="324"><net_src comp="8" pin="0"/><net_sink comp="319" pin=0"/></net>

<net id="325"><net_src comp="282" pin="2"/><net_sink comp="319" pin=1"/></net>

<net id="326"><net_src comp="10" pin="0"/><net_sink comp="319" pin=2"/></net>

<net id="331"><net_src comp="6" pin="0"/><net_sink comp="327" pin=0"/></net>

<net id="332"><net_src comp="282" pin="2"/><net_sink comp="327" pin=1"/></net>

<net id="338"><net_src comp="319" pin="3"/><net_sink comp="333" pin=0"/></net>

<net id="339"><net_src comp="327" pin="2"/><net_sink comp="333" pin=1"/></net>

<net id="340"><net_src comp="282" pin="2"/><net_sink comp="333" pin=2"/></net>

<net id="346"><net_src comp="12" pin="0"/><net_sink comp="341" pin=0"/></net>

<net id="347"><net_src comp="333" pin="3"/><net_sink comp="341" pin=1"/></net>

<net id="348"><net_src comp="14" pin="0"/><net_sink comp="341" pin=2"/></net>

<net id="352"><net_src comp="341" pin="3"/><net_sink comp="349" pin=0"/></net>

<net id="357"><net_src comp="16" pin="0"/><net_sink comp="353" pin=0"/></net>

<net id="358"><net_src comp="349" pin="1"/><net_sink comp="353" pin=1"/></net>

<net id="363"><net_src comp="353" pin="2"/><net_sink comp="359" pin=0"/></net>

<net id="364"><net_src comp="18" pin="0"/><net_sink comp="359" pin=1"/></net>

<net id="369"><net_src comp="353" pin="2"/><net_sink comp="365" pin=0"/></net>

<net id="370"><net_src comp="20" pin="0"/><net_sink comp="365" pin=1"/></net>

<net id="377"><net_src comp="22" pin="0"/><net_sink comp="371" pin=0"/></net>

<net id="378"><net_src comp="353" pin="2"/><net_sink comp="371" pin=1"/></net>

<net id="379"><net_src comp="24" pin="0"/><net_sink comp="371" pin=2"/></net>

<net id="380"><net_src comp="26" pin="0"/><net_sink comp="371" pin=3"/></net>

<net id="385"><net_src comp="371" pin="4"/><net_sink comp="381" pin=0"/></net>

<net id="386"><net_src comp="28" pin="0"/><net_sink comp="381" pin=1"/></net>

<net id="391"><net_src comp="353" pin="2"/><net_sink comp="387" pin=0"/></net>

<net id="392"><net_src comp="30" pin="0"/><net_sink comp="387" pin=1"/></net>

<net id="398"><net_src comp="32" pin="0"/><net_sink comp="393" pin=2"/></net>

<net id="404"><net_src comp="393" pin="3"/><net_sink comp="399" pin=2"/></net>

<net id="410"><net_src comp="34" pin="0"/><net_sink comp="405" pin=0"/></net>

<net id="411"><net_src comp="399" pin="3"/><net_sink comp="405" pin=1"/></net>

<net id="412"><net_src comp="26" pin="0"/><net_sink comp="405" pin=2"/></net>

<net id="417"><net_src comp="399" pin="3"/><net_sink comp="413" pin=0"/></net>

<net id="418"><net_src comp="36" pin="0"/><net_sink comp="413" pin=1"/></net>

<net id="423"><net_src comp="399" pin="3"/><net_sink comp="419" pin=0"/></net>

<net id="424"><net_src comp="38" pin="0"/><net_sink comp="419" pin=1"/></net>

<net id="429"><net_src comp="399" pin="3"/><net_sink comp="425" pin=0"/></net>

<net id="430"><net_src comp="40" pin="0"/><net_sink comp="425" pin=1"/></net>

<net id="435"><net_src comp="399" pin="3"/><net_sink comp="431" pin=0"/></net>

<net id="436"><net_src comp="42" pin="0"/><net_sink comp="431" pin=1"/></net>

<net id="441"><net_src comp="399" pin="3"/><net_sink comp="437" pin=0"/></net>

<net id="442"><net_src comp="44" pin="0"/><net_sink comp="437" pin=1"/></net>

<net id="447"><net_src comp="399" pin="3"/><net_sink comp="443" pin=0"/></net>

<net id="448"><net_src comp="46" pin="0"/><net_sink comp="443" pin=1"/></net>

<net id="453"><net_src comp="399" pin="3"/><net_sink comp="449" pin=0"/></net>

<net id="454"><net_src comp="48" pin="0"/><net_sink comp="449" pin=1"/></net>

<net id="459"><net_src comp="399" pin="3"/><net_sink comp="455" pin=0"/></net>

<net id="460"><net_src comp="50" pin="0"/><net_sink comp="455" pin=1"/></net>

<net id="466"><net_src comp="8" pin="0"/><net_sink comp="461" pin=0"/></net>

<net id="467"><net_src comp="10" pin="0"/><net_sink comp="461" pin=2"/></net>

<net id="471"><net_src comp="461" pin="3"/><net_sink comp="468" pin=0"/></net>

<net id="478"><net_src comp="52" pin="0"/><net_sink comp="472" pin=0"/></net>

<net id="479"><net_src comp="54" pin="0"/><net_sink comp="472" pin=2"/></net>

<net id="480"><net_src comp="10" pin="0"/><net_sink comp="472" pin=3"/></net>

<net id="484"><net_src comp="472" pin="4"/><net_sink comp="481" pin=0"/></net>

<net id="491"><net_src comp="56" pin="0"/><net_sink comp="485" pin=0"/></net>

<net id="492"><net_src comp="58" pin="0"/><net_sink comp="485" pin=2"/></net>

<net id="493"><net_src comp="10" pin="0"/><net_sink comp="485" pin=3"/></net>

<net id="497"><net_src comp="485" pin="4"/><net_sink comp="494" pin=0"/></net>

<net id="504"><net_src comp="60" pin="0"/><net_sink comp="498" pin=0"/></net>

<net id="505"><net_src comp="62" pin="0"/><net_sink comp="498" pin=2"/></net>

<net id="506"><net_src comp="10" pin="0"/><net_sink comp="498" pin=3"/></net>

<net id="510"><net_src comp="498" pin="4"/><net_sink comp="507" pin=0"/></net>

<net id="517"><net_src comp="64" pin="0"/><net_sink comp="511" pin=0"/></net>

<net id="518"><net_src comp="66" pin="0"/><net_sink comp="511" pin=2"/></net>

<net id="519"><net_src comp="10" pin="0"/><net_sink comp="511" pin=3"/></net>

<net id="523"><net_src comp="511" pin="4"/><net_sink comp="520" pin=0"/></net>

<net id="530"><net_src comp="68" pin="0"/><net_sink comp="524" pin=0"/></net>

<net id="531"><net_src comp="70" pin="0"/><net_sink comp="524" pin=2"/></net>

<net id="532"><net_src comp="10" pin="0"/><net_sink comp="524" pin=3"/></net>

<net id="536"><net_src comp="524" pin="4"/><net_sink comp="533" pin=0"/></net>

<net id="543"><net_src comp="72" pin="0"/><net_sink comp="537" pin=0"/></net>

<net id="544"><net_src comp="74" pin="0"/><net_sink comp="537" pin=2"/></net>

<net id="545"><net_src comp="10" pin="0"/><net_sink comp="537" pin=3"/></net>

<net id="549"><net_src comp="537" pin="4"/><net_sink comp="546" pin=0"/></net>

<net id="556"><net_src comp="76" pin="0"/><net_sink comp="550" pin=0"/></net>

<net id="557"><net_src comp="78" pin="0"/><net_sink comp="550" pin=2"/></net>

<net id="558"><net_src comp="10" pin="0"/><net_sink comp="550" pin=3"/></net>

<net id="562"><net_src comp="550" pin="4"/><net_sink comp="559" pin=0"/></net>

<net id="569"><net_src comp="80" pin="0"/><net_sink comp="563" pin=0"/></net>

<net id="570"><net_src comp="82" pin="0"/><net_sink comp="563" pin=2"/></net>

<net id="571"><net_src comp="10" pin="0"/><net_sink comp="563" pin=3"/></net>

<net id="577"><net_src comp="413" pin="2"/><net_sink comp="572" pin=0"/></net>

<net id="578"><net_src comp="559" pin="1"/><net_sink comp="572" pin=1"/></net>

<net id="579"><net_src comp="563" pin="4"/><net_sink comp="572" pin=2"/></net>

<net id="585"><net_src comp="419" pin="2"/><net_sink comp="580" pin=0"/></net>

<net id="586"><net_src comp="546" pin="1"/><net_sink comp="580" pin=1"/></net>

<net id="587"><net_src comp="572" pin="3"/><net_sink comp="580" pin=2"/></net>

<net id="593"><net_src comp="425" pin="2"/><net_sink comp="588" pin=0"/></net>

<net id="594"><net_src comp="533" pin="1"/><net_sink comp="588" pin=1"/></net>

<net id="595"><net_src comp="580" pin="3"/><net_sink comp="588" pin=2"/></net>

<net id="601"><net_src comp="431" pin="2"/><net_sink comp="596" pin=0"/></net>

<net id="602"><net_src comp="520" pin="1"/><net_sink comp="596" pin=1"/></net>

<net id="603"><net_src comp="588" pin="3"/><net_sink comp="596" pin=2"/></net>

<net id="609"><net_src comp="437" pin="2"/><net_sink comp="604" pin=0"/></net>

<net id="610"><net_src comp="507" pin="1"/><net_sink comp="604" pin=1"/></net>

<net id="611"><net_src comp="596" pin="3"/><net_sink comp="604" pin=2"/></net>

<net id="617"><net_src comp="443" pin="2"/><net_sink comp="612" pin=0"/></net>

<net id="618"><net_src comp="494" pin="1"/><net_sink comp="612" pin=1"/></net>

<net id="619"><net_src comp="604" pin="3"/><net_sink comp="612" pin=2"/></net>

<net id="625"><net_src comp="449" pin="2"/><net_sink comp="620" pin=0"/></net>

<net id="626"><net_src comp="481" pin="1"/><net_sink comp="620" pin=1"/></net>

<net id="627"><net_src comp="612" pin="3"/><net_sink comp="620" pin=2"/></net>

<net id="633"><net_src comp="455" pin="2"/><net_sink comp="628" pin=0"/></net>

<net id="634"><net_src comp="468" pin="1"/><net_sink comp="628" pin=1"/></net>

<net id="635"><net_src comp="620" pin="3"/><net_sink comp="628" pin=2"/></net>

<net id="640"><net_src comp="628" pin="3"/><net_sink comp="636" pin=0"/></net>

<net id="641"><net_src comp="84" pin="0"/><net_sink comp="636" pin=1"/></net>

<net id="646"><net_src comp="399" pin="3"/><net_sink comp="642" pin=0"/></net>

<net id="647"><net_src comp="36" pin="0"/><net_sink comp="642" pin=1"/></net>

<net id="653"><net_src comp="636" pin="2"/><net_sink comp="648" pin=0"/></net>

<net id="654"><net_src comp="642" pin="2"/><net_sink comp="648" pin=1"/></net>

<net id="655"><net_src comp="399" pin="3"/><net_sink comp="648" pin=2"/></net>

<net id="661"><net_src comp="405" pin="3"/><net_sink comp="656" pin=0"/></net>

<net id="662"><net_src comp="399" pin="3"/><net_sink comp="656" pin=1"/></net>

<net id="663"><net_src comp="648" pin="3"/><net_sink comp="656" pin=2"/></net>

<net id="668"><net_src comp="656" pin="3"/><net_sink comp="664" pin=0"/></net>

<net id="669"><net_src comp="36" pin="0"/><net_sink comp="664" pin=1"/></net>

<net id="674"><net_src comp="656" pin="3"/><net_sink comp="670" pin=0"/></net>

<net id="675"><net_src comp="86" pin="0"/><net_sink comp="670" pin=1"/></net>

<net id="680"><net_src comp="656" pin="3"/><net_sink comp="676" pin=0"/></net>

<net id="681"><net_src comp="38" pin="0"/><net_sink comp="676" pin=1"/></net>

<net id="686"><net_src comp="656" pin="3"/><net_sink comp="682" pin=0"/></net>

<net id="687"><net_src comp="88" pin="0"/><net_sink comp="682" pin=1"/></net>

<net id="697"><net_src comp="90" pin="0"/><net_sink comp="691" pin=0"/></net>

<net id="698"><net_src comp="92" pin="0"/><net_sink comp="691" pin=2"/></net>

<net id="699"><net_src comp="94" pin="0"/><net_sink comp="691" pin=3"/></net>

<net id="705"><net_src comp="691" pin="4"/><net_sink comp="700" pin=1"/></net>

<net id="706"><net_src comp="688" pin="1"/><net_sink comp="700" pin=2"/></net>

<net id="715"><net_src comp="96" pin="0"/><net_sink comp="710" pin=0"/></net>

<net id="716"><net_src comp="707" pin="1"/><net_sink comp="710" pin=1"/></net>

<net id="717"><net_src comp="14" pin="0"/><net_sink comp="710" pin=2"/></net>

<net id="723"><net_src comp="710" pin="3"/><net_sink comp="718" pin=1"/></net>

<net id="724"><net_src comp="700" pin="3"/><net_sink comp="718" pin=2"/></net>

<net id="731"><net_src comp="90" pin="0"/><net_sink comp="725" pin=0"/></net>

<net id="732"><net_src comp="98" pin="0"/><net_sink comp="725" pin=2"/></net>

<net id="733"><net_src comp="82" pin="0"/><net_sink comp="725" pin=3"/></net>

<net id="739"><net_src comp="725" pin="4"/><net_sink comp="734" pin=1"/></net>

<net id="740"><net_src comp="718" pin="3"/><net_sink comp="734" pin=2"/></net>

<net id="749"><net_src comp="100" pin="0"/><net_sink comp="744" pin=0"/></net>

<net id="750"><net_src comp="741" pin="1"/><net_sink comp="744" pin=1"/></net>

<net id="751"><net_src comp="102" pin="0"/><net_sink comp="744" pin=2"/></net>

<net id="757"><net_src comp="744" pin="3"/><net_sink comp="752" pin=1"/></net>

<net id="758"><net_src comp="734" pin="3"/><net_sink comp="752" pin=2"/></net>

<net id="763"><net_src comp="40" pin="0"/><net_sink comp="759" pin=1"/></net>

<net id="770"><net_src comp="90" pin="0"/><net_sink comp="764" pin=0"/></net>

<net id="771"><net_src comp="104" pin="0"/><net_sink comp="764" pin=2"/></net>

<net id="772"><net_src comp="78" pin="0"/><net_sink comp="764" pin=3"/></net>

<net id="778"><net_src comp="759" pin="2"/><net_sink comp="773" pin=0"/></net>

<net id="779"><net_src comp="764" pin="4"/><net_sink comp="773" pin=1"/></net>

<net id="780"><net_src comp="752" pin="3"/><net_sink comp="773" pin=2"/></net>

<net id="785"><net_src comp="106" pin="0"/><net_sink comp="781" pin=1"/></net>

<net id="794"><net_src comp="108" pin="0"/><net_sink comp="789" pin=0"/></net>

<net id="795"><net_src comp="786" pin="1"/><net_sink comp="789" pin=1"/></net>

<net id="796"><net_src comp="110" pin="0"/><net_sink comp="789" pin=2"/></net>

<net id="802"><net_src comp="781" pin="2"/><net_sink comp="797" pin=0"/></net>

<net id="803"><net_src comp="789" pin="3"/><net_sink comp="797" pin=1"/></net>

<net id="804"><net_src comp="773" pin="3"/><net_sink comp="797" pin=2"/></net>

<net id="809"><net_src comp="42" pin="0"/><net_sink comp="805" pin=1"/></net>

<net id="816"><net_src comp="90" pin="0"/><net_sink comp="810" pin=0"/></net>

<net id="817"><net_src comp="24" pin="0"/><net_sink comp="810" pin=2"/></net>

<net id="818"><net_src comp="74" pin="0"/><net_sink comp="810" pin=3"/></net>

<net id="824"><net_src comp="805" pin="2"/><net_sink comp="819" pin=0"/></net>

<net id="825"><net_src comp="810" pin="4"/><net_sink comp="819" pin=1"/></net>

<net id="826"><net_src comp="797" pin="3"/><net_sink comp="819" pin=2"/></net>

<net id="831"><net_src comp="112" pin="0"/><net_sink comp="827" pin=1"/></net>

<net id="840"><net_src comp="114" pin="0"/><net_sink comp="835" pin=0"/></net>

<net id="841"><net_src comp="832" pin="1"/><net_sink comp="835" pin=1"/></net>

<net id="842"><net_src comp="116" pin="0"/><net_sink comp="835" pin=2"/></net>

<net id="848"><net_src comp="827" pin="2"/><net_sink comp="843" pin=0"/></net>

<net id="849"><net_src comp="835" pin="3"/><net_sink comp="843" pin=1"/></net>

<net id="850"><net_src comp="819" pin="3"/><net_sink comp="843" pin=2"/></net>

<net id="855"><net_src comp="44" pin="0"/><net_sink comp="851" pin=1"/></net>

<net id="862"><net_src comp="90" pin="0"/><net_sink comp="856" pin=0"/></net>

<net id="863"><net_src comp="26" pin="0"/><net_sink comp="856" pin=2"/></net>

<net id="864"><net_src comp="70" pin="0"/><net_sink comp="856" pin=3"/></net>

<net id="870"><net_src comp="851" pin="2"/><net_sink comp="865" pin=0"/></net>

<net id="871"><net_src comp="856" pin="4"/><net_sink comp="865" pin=1"/></net>

<net id="872"><net_src comp="843" pin="3"/><net_sink comp="865" pin=2"/></net>

<net id="877"><net_src comp="118" pin="0"/><net_sink comp="873" pin=1"/></net>

<net id="886"><net_src comp="120" pin="0"/><net_sink comp="881" pin=0"/></net>

<net id="887"><net_src comp="878" pin="1"/><net_sink comp="881" pin=1"/></net>

<net id="888"><net_src comp="122" pin="0"/><net_sink comp="881" pin=2"/></net>

<net id="894"><net_src comp="873" pin="2"/><net_sink comp="889" pin=0"/></net>

<net id="895"><net_src comp="881" pin="3"/><net_sink comp="889" pin=1"/></net>

<net id="896"><net_src comp="865" pin="3"/><net_sink comp="889" pin=2"/></net>

<net id="901"><net_src comp="46" pin="0"/><net_sink comp="897" pin=1"/></net>

<net id="908"><net_src comp="90" pin="0"/><net_sink comp="902" pin=0"/></net>

<net id="909"><net_src comp="124" pin="0"/><net_sink comp="902" pin=2"/></net>

<net id="910"><net_src comp="66" pin="0"/><net_sink comp="902" pin=3"/></net>

<net id="916"><net_src comp="897" pin="2"/><net_sink comp="911" pin=0"/></net>

<net id="917"><net_src comp="902" pin="4"/><net_sink comp="911" pin=1"/></net>

<net id="918"><net_src comp="889" pin="3"/><net_sink comp="911" pin=2"/></net>

<net id="923"><net_src comp="126" pin="0"/><net_sink comp="919" pin=1"/></net>

<net id="932"><net_src comp="128" pin="0"/><net_sink comp="927" pin=0"/></net>

<net id="933"><net_src comp="924" pin="1"/><net_sink comp="927" pin=1"/></net>

<net id="934"><net_src comp="32" pin="0"/><net_sink comp="927" pin=2"/></net>

<net id="940"><net_src comp="919" pin="2"/><net_sink comp="935" pin=0"/></net>

<net id="941"><net_src comp="927" pin="3"/><net_sink comp="935" pin=1"/></net>

<net id="942"><net_src comp="911" pin="3"/><net_sink comp="935" pin=2"/></net>

<net id="947"><net_src comp="48" pin="0"/><net_sink comp="943" pin=1"/></net>

<net id="954"><net_src comp="90" pin="0"/><net_sink comp="948" pin=0"/></net>

<net id="955"><net_src comp="130" pin="0"/><net_sink comp="948" pin=2"/></net>

<net id="956"><net_src comp="62" pin="0"/><net_sink comp="948" pin=3"/></net>

<net id="962"><net_src comp="943" pin="2"/><net_sink comp="957" pin=0"/></net>

<net id="963"><net_src comp="948" pin="4"/><net_sink comp="957" pin=1"/></net>

<net id="964"><net_src comp="935" pin="3"/><net_sink comp="957" pin=2"/></net>

<net id="969"><net_src comp="132" pin="0"/><net_sink comp="965" pin=1"/></net>

<net id="978"><net_src comp="134" pin="0"/><net_sink comp="973" pin=0"/></net>

<net id="979"><net_src comp="970" pin="1"/><net_sink comp="973" pin=1"/></net>

<net id="980"><net_src comp="136" pin="0"/><net_sink comp="973" pin=2"/></net>

<net id="986"><net_src comp="965" pin="2"/><net_sink comp="981" pin=0"/></net>

<net id="987"><net_src comp="973" pin="3"/><net_sink comp="981" pin=1"/></net>

<net id="988"><net_src comp="957" pin="3"/><net_sink comp="981" pin=2"/></net>

<net id="993"><net_src comp="50" pin="0"/><net_sink comp="989" pin=1"/></net>

<net id="1000"><net_src comp="90" pin="0"/><net_sink comp="994" pin=0"/></net>

<net id="1001"><net_src comp="138" pin="0"/><net_sink comp="994" pin=2"/></net>

<net id="1002"><net_src comp="58" pin="0"/><net_sink comp="994" pin=3"/></net>

<net id="1008"><net_src comp="989" pin="2"/><net_sink comp="1003" pin=0"/></net>

<net id="1009"><net_src comp="994" pin="4"/><net_sink comp="1003" pin=1"/></net>

<net id="1010"><net_src comp="981" pin="3"/><net_sink comp="1003" pin=2"/></net>

<net id="1015"><net_src comp="140" pin="0"/><net_sink comp="1011" pin=1"/></net>

<net id="1024"><net_src comp="142" pin="0"/><net_sink comp="1019" pin=0"/></net>

<net id="1025"><net_src comp="1016" pin="1"/><net_sink comp="1019" pin=1"/></net>

<net id="1026"><net_src comp="144" pin="0"/><net_sink comp="1019" pin=2"/></net>

<net id="1032"><net_src comp="1011" pin="2"/><net_sink comp="1027" pin=0"/></net>

<net id="1033"><net_src comp="1019" pin="3"/><net_sink comp="1027" pin=1"/></net>

<net id="1034"><net_src comp="1003" pin="3"/><net_sink comp="1027" pin=2"/></net>

<net id="1039"><net_src comp="146" pin="0"/><net_sink comp="1035" pin=1"/></net>

<net id="1046"><net_src comp="90" pin="0"/><net_sink comp="1040" pin=0"/></net>

<net id="1047"><net_src comp="148" pin="0"/><net_sink comp="1040" pin=2"/></net>

<net id="1048"><net_src comp="54" pin="0"/><net_sink comp="1040" pin=3"/></net>

<net id="1054"><net_src comp="1035" pin="2"/><net_sink comp="1049" pin=0"/></net>

<net id="1055"><net_src comp="1040" pin="4"/><net_sink comp="1049" pin=1"/></net>

<net id="1056"><net_src comp="1027" pin="3"/><net_sink comp="1049" pin=2"/></net>

<net id="1061"><net_src comp="150" pin="0"/><net_sink comp="1057" pin=1"/></net>

<net id="1070"><net_src comp="152" pin="0"/><net_sink comp="1065" pin=0"/></net>

<net id="1071"><net_src comp="1062" pin="1"/><net_sink comp="1065" pin=1"/></net>

<net id="1072"><net_src comp="84" pin="0"/><net_sink comp="1065" pin=2"/></net>

<net id="1078"><net_src comp="1057" pin="2"/><net_sink comp="1073" pin=0"/></net>

<net id="1079"><net_src comp="1065" pin="3"/><net_sink comp="1073" pin=1"/></net>

<net id="1080"><net_src comp="1049" pin="3"/><net_sink comp="1073" pin=2"/></net>

<net id="1085"><net_src comp="154" pin="0"/><net_sink comp="1081" pin=1"/></net>

<net id="1094"><net_src comp="156" pin="0"/><net_sink comp="1089" pin=0"/></net>

<net id="1095"><net_src comp="1086" pin="1"/><net_sink comp="1089" pin=1"/></net>

<net id="1096"><net_src comp="158" pin="0"/><net_sink comp="1089" pin=2"/></net>

<net id="1102"><net_src comp="1081" pin="2"/><net_sink comp="1097" pin=0"/></net>

<net id="1103"><net_src comp="1089" pin="3"/><net_sink comp="1097" pin=1"/></net>

<net id="1104"><net_src comp="1073" pin="3"/><net_sink comp="1097" pin=2"/></net>

<net id="1109"><net_src comp="160" pin="0"/><net_sink comp="1105" pin=1"/></net>

<net id="1118"><net_src comp="162" pin="0"/><net_sink comp="1113" pin=0"/></net>

<net id="1119"><net_src comp="1110" pin="1"/><net_sink comp="1113" pin=1"/></net>

<net id="1120"><net_src comp="164" pin="0"/><net_sink comp="1113" pin=2"/></net>

<net id="1126"><net_src comp="1105" pin="2"/><net_sink comp="1121" pin=0"/></net>

<net id="1127"><net_src comp="1113" pin="3"/><net_sink comp="1121" pin=1"/></net>

<net id="1128"><net_src comp="1097" pin="3"/><net_sink comp="1121" pin=2"/></net>

<net id="1133"><net_src comp="166" pin="0"/><net_sink comp="1129" pin=1"/></net>

<net id="1142"><net_src comp="168" pin="0"/><net_sink comp="1137" pin=0"/></net>

<net id="1143"><net_src comp="1134" pin="1"/><net_sink comp="1137" pin=1"/></net>

<net id="1144"><net_src comp="170" pin="0"/><net_sink comp="1137" pin=2"/></net>

<net id="1150"><net_src comp="1129" pin="2"/><net_sink comp="1145" pin=0"/></net>

<net id="1151"><net_src comp="1137" pin="3"/><net_sink comp="1145" pin=1"/></net>

<net id="1152"><net_src comp="1121" pin="3"/><net_sink comp="1145" pin=2"/></net>

<net id="1157"><net_src comp="172" pin="0"/><net_sink comp="1153" pin=1"/></net>

<net id="1166"><net_src comp="174" pin="0"/><net_sink comp="1161" pin=0"/></net>

<net id="1167"><net_src comp="1158" pin="1"/><net_sink comp="1161" pin=1"/></net>

<net id="1168"><net_src comp="176" pin="0"/><net_sink comp="1161" pin=2"/></net>

<net id="1174"><net_src comp="1153" pin="2"/><net_sink comp="1169" pin=0"/></net>

<net id="1175"><net_src comp="1161" pin="3"/><net_sink comp="1169" pin=1"/></net>

<net id="1176"><net_src comp="1145" pin="3"/><net_sink comp="1169" pin=2"/></net>

<net id="1181"><net_src comp="178" pin="0"/><net_sink comp="1177" pin=1"/></net>

<net id="1190"><net_src comp="180" pin="0"/><net_sink comp="1185" pin=0"/></net>

<net id="1191"><net_src comp="1182" pin="1"/><net_sink comp="1185" pin=1"/></net>

<net id="1192"><net_src comp="182" pin="0"/><net_sink comp="1185" pin=2"/></net>

<net id="1198"><net_src comp="1177" pin="2"/><net_sink comp="1193" pin=0"/></net>

<net id="1199"><net_src comp="1185" pin="3"/><net_sink comp="1193" pin=1"/></net>

<net id="1200"><net_src comp="1169" pin="3"/><net_sink comp="1193" pin=2"/></net>

<net id="1205"><net_src comp="184" pin="0"/><net_sink comp="1201" pin=1"/></net>

<net id="1214"><net_src comp="186" pin="0"/><net_sink comp="1209" pin=0"/></net>

<net id="1215"><net_src comp="1206" pin="1"/><net_sink comp="1209" pin=1"/></net>

<net id="1216"><net_src comp="188" pin="0"/><net_sink comp="1209" pin=2"/></net>

<net id="1222"><net_src comp="1201" pin="2"/><net_sink comp="1217" pin=0"/></net>

<net id="1223"><net_src comp="1209" pin="3"/><net_sink comp="1217" pin=1"/></net>

<net id="1224"><net_src comp="1193" pin="3"/><net_sink comp="1217" pin=2"/></net>

<net id="1229"><net_src comp="30" pin="0"/><net_sink comp="1225" pin=1"/></net>

<net id="1235"><net_src comp="1225" pin="2"/><net_sink comp="1230" pin=0"/></net>

<net id="1236"><net_src comp="190" pin="0"/><net_sink comp="1230" pin=1"/></net>

<net id="1237"><net_src comp="1217" pin="3"/><net_sink comp="1230" pin=2"/></net>

<net id="1244"><net_src comp="192" pin="0"/><net_sink comp="1238" pin=0"/></net>

<net id="1245"><net_src comp="1230" pin="3"/><net_sink comp="1238" pin=1"/></net>

<net id="1246"><net_src comp="138" pin="0"/><net_sink comp="1238" pin=2"/></net>

<net id="1247"><net_src comp="194" pin="0"/><net_sink comp="1238" pin=3"/></net>

<net id="1251"><net_src comp="1230" pin="3"/><net_sink comp="1248" pin=0"/></net>

<net id="1258"><net_src comp="1255" pin="1"/><net_sink comp="288" pin=2"/></net>

<net id="1263"><net_src comp="1252" pin="1"/><net_sink comp="1259" pin=0"/></net>

<net id="1264"><net_src comp="198" pin="0"/><net_sink comp="1259" pin=1"/></net>

<net id="1268"><net_src comp="1259" pin="2"/><net_sink comp="1265" pin=0"/></net>

<net id="1269"><net_src comp="1265" pin="1"/><net_sink comp="305" pin=2"/></net>

<net id="1277"><net_src comp="1270" pin="2"/><net_sink comp="1274" pin=0"/></net>

<net id="1285"><net_src comp="1274" pin="1"/><net_sink comp="1281" pin=0"/></net>

<net id="1286"><net_src comp="1278" pin="1"/><net_sink comp="1281" pin=1"/></net>

<net id="1293"><net_src comp="200" pin="0"/><net_sink comp="1287" pin=0"/></net>

<net id="1294"><net_src comp="1281" pin="2"/><net_sink comp="1287" pin=1"/></net>

<net id="1295"><net_src comp="138" pin="0"/><net_sink comp="1287" pin=2"/></net>

<net id="1296"><net_src comp="202" pin="0"/><net_sink comp="1287" pin=3"/></net>

<net id="1311"><net_src comp="1300" pin="1"/><net_sink comp="1307" pin=0"/></net>

<net id="1312"><net_src comp="1297" pin="1"/><net_sink comp="1307" pin=1"/></net>

<net id="1316"><net_src comp="1307" pin="2"/><net_sink comp="1313" pin=0"/></net>

<net id="1323"><net_src comp="220" pin="0"/><net_sink comp="1317" pin=0"/></net>

<net id="1324"><net_src comp="1307" pin="2"/><net_sink comp="1317" pin=1"/></net>

<net id="1325"><net_src comp="92" pin="0"/><net_sink comp="1317" pin=2"/></net>

<net id="1326"><net_src comp="74" pin="0"/><net_sink comp="1317" pin=3"/></net>

<net id="1330"><net_src comp="1317" pin="4"/><net_sink comp="1327" pin=0"/></net>

<net id="1336"><net_src comp="222" pin="0"/><net_sink comp="1331" pin=0"/></net>

<net id="1337"><net_src comp="1307" pin="2"/><net_sink comp="1331" pin=1"/></net>

<net id="1338"><net_src comp="14" pin="0"/><net_sink comp="1331" pin=2"/></net>

<net id="1342"><net_src comp="1331" pin="3"/><net_sink comp="1339" pin=0"/></net>

<net id="1349"><net_src comp="224" pin="0"/><net_sink comp="1343" pin=0"/></net>

<net id="1350"><net_src comp="1307" pin="2"/><net_sink comp="1343" pin=1"/></net>

<net id="1351"><net_src comp="98" pin="0"/><net_sink comp="1343" pin=2"/></net>

<net id="1352"><net_src comp="74" pin="0"/><net_sink comp="1343" pin=3"/></net>

<net id="1356"><net_src comp="1343" pin="4"/><net_sink comp="1353" pin=0"/></net>

<net id="1362"><net_src comp="226" pin="0"/><net_sink comp="1357" pin=0"/></net>

<net id="1363"><net_src comp="1307" pin="2"/><net_sink comp="1357" pin=1"/></net>

<net id="1364"><net_src comp="102" pin="0"/><net_sink comp="1357" pin=2"/></net>

<net id="1371"><net_src comp="228" pin="0"/><net_sink comp="1365" pin=0"/></net>

<net id="1372"><net_src comp="1307" pin="2"/><net_sink comp="1365" pin=1"/></net>

<net id="1373"><net_src comp="104" pin="0"/><net_sink comp="1365" pin=2"/></net>

<net id="1374"><net_src comp="74" pin="0"/><net_sink comp="1365" pin=3"/></net>

<net id="1378"><net_src comp="1365" pin="4"/><net_sink comp="1375" pin=0"/></net>

<net id="1384"><net_src comp="230" pin="0"/><net_sink comp="1379" pin=0"/></net>

<net id="1385"><net_src comp="1303" pin="2"/><net_sink comp="1379" pin=1"/></net>

<net id="1386"><net_src comp="110" pin="0"/><net_sink comp="1379" pin=2"/></net>

<net id="1393"><net_src comp="232" pin="0"/><net_sink comp="1387" pin=0"/></net>

<net id="1394"><net_src comp="1307" pin="2"/><net_sink comp="1387" pin=1"/></net>

<net id="1395"><net_src comp="24" pin="0"/><net_sink comp="1387" pin=2"/></net>

<net id="1396"><net_src comp="74" pin="0"/><net_sink comp="1387" pin=3"/></net>

<net id="1400"><net_src comp="1387" pin="4"/><net_sink comp="1397" pin=0"/></net>

<net id="1404"><net_src comp="1303" pin="2"/><net_sink comp="1401" pin=0"/></net>

<net id="1410"><net_src comp="234" pin="0"/><net_sink comp="1405" pin=0"/></net>

<net id="1411"><net_src comp="1401" pin="1"/><net_sink comp="1405" pin=1"/></net>

<net id="1412"><net_src comp="116" pin="0"/><net_sink comp="1405" pin=2"/></net>

<net id="1419"><net_src comp="236" pin="0"/><net_sink comp="1413" pin=0"/></net>

<net id="1420"><net_src comp="1307" pin="2"/><net_sink comp="1413" pin=1"/></net>

<net id="1421"><net_src comp="26" pin="0"/><net_sink comp="1413" pin=2"/></net>

<net id="1422"><net_src comp="74" pin="0"/><net_sink comp="1413" pin=3"/></net>

<net id="1426"><net_src comp="1413" pin="4"/><net_sink comp="1423" pin=0"/></net>

<net id="1430"><net_src comp="1303" pin="2"/><net_sink comp="1427" pin=0"/></net>

<net id="1436"><net_src comp="238" pin="0"/><net_sink comp="1431" pin=0"/></net>

<net id="1437"><net_src comp="1427" pin="1"/><net_sink comp="1431" pin=1"/></net>

<net id="1438"><net_src comp="122" pin="0"/><net_sink comp="1431" pin=2"/></net>

<net id="1445"><net_src comp="240" pin="0"/><net_sink comp="1439" pin=0"/></net>

<net id="1446"><net_src comp="1307" pin="2"/><net_sink comp="1439" pin=1"/></net>

<net id="1447"><net_src comp="124" pin="0"/><net_sink comp="1439" pin=2"/></net>

<net id="1448"><net_src comp="74" pin="0"/><net_sink comp="1439" pin=3"/></net>

<net id="1452"><net_src comp="1439" pin="4"/><net_sink comp="1449" pin=0"/></net>

<net id="1456"><net_src comp="1303" pin="2"/><net_sink comp="1453" pin=0"/></net>

<net id="1462"><net_src comp="242" pin="0"/><net_sink comp="1457" pin=0"/></net>

<net id="1463"><net_src comp="1453" pin="1"/><net_sink comp="1457" pin=1"/></net>

<net id="1464"><net_src comp="32" pin="0"/><net_sink comp="1457" pin=2"/></net>

<net id="1471"><net_src comp="244" pin="0"/><net_sink comp="1465" pin=0"/></net>

<net id="1472"><net_src comp="1307" pin="2"/><net_sink comp="1465" pin=1"/></net>

<net id="1473"><net_src comp="130" pin="0"/><net_sink comp="1465" pin=2"/></net>

<net id="1474"><net_src comp="74" pin="0"/><net_sink comp="1465" pin=3"/></net>

<net id="1478"><net_src comp="1465" pin="4"/><net_sink comp="1475" pin=0"/></net>

<net id="1482"><net_src comp="1303" pin="2"/><net_sink comp="1479" pin=0"/></net>

<net id="1488"><net_src comp="246" pin="0"/><net_sink comp="1483" pin=0"/></net>

<net id="1489"><net_src comp="1479" pin="1"/><net_sink comp="1483" pin=1"/></net>

<net id="1490"><net_src comp="136" pin="0"/><net_sink comp="1483" pin=2"/></net>

<net id="1497"><net_src comp="248" pin="0"/><net_sink comp="1491" pin=0"/></net>

<net id="1498"><net_src comp="1307" pin="2"/><net_sink comp="1491" pin=1"/></net>

<net id="1499"><net_src comp="138" pin="0"/><net_sink comp="1491" pin=2"/></net>

<net id="1500"><net_src comp="74" pin="0"/><net_sink comp="1491" pin=3"/></net>

<net id="1504"><net_src comp="1491" pin="4"/><net_sink comp="1501" pin=0"/></net>

<net id="1508"><net_src comp="1303" pin="2"/><net_sink comp="1505" pin=0"/></net>

<net id="1514"><net_src comp="250" pin="0"/><net_sink comp="1509" pin=0"/></net>

<net id="1515"><net_src comp="1505" pin="1"/><net_sink comp="1509" pin=1"/></net>

<net id="1516"><net_src comp="144" pin="0"/><net_sink comp="1509" pin=2"/></net>

<net id="1523"><net_src comp="252" pin="0"/><net_sink comp="1517" pin=0"/></net>

<net id="1524"><net_src comp="1307" pin="2"/><net_sink comp="1517" pin=1"/></net>

<net id="1525"><net_src comp="148" pin="0"/><net_sink comp="1517" pin=2"/></net>

<net id="1526"><net_src comp="74" pin="0"/><net_sink comp="1517" pin=3"/></net>

<net id="1530"><net_src comp="1517" pin="4"/><net_sink comp="1527" pin=0"/></net>

<net id="1536"><net_src comp="254" pin="0"/><net_sink comp="1531" pin=1"/></net>

<net id="1537"><net_src comp="256" pin="0"/><net_sink comp="1531" pin=2"/></net>

<net id="1547"><net_src comp="258" pin="0"/><net_sink comp="1542" pin=1"/></net>

<net id="1548"><net_src comp="260" pin="0"/><net_sink comp="1542" pin=2"/></net>

<net id="1558"><net_src comp="262" pin="0"/><net_sink comp="1553" pin=1"/></net>

<net id="1559"><net_src comp="264" pin="0"/><net_sink comp="1553" pin=2"/></net>

<net id="1569"><net_src comp="266" pin="0"/><net_sink comp="1564" pin=1"/></net>

<net id="1570"><net_src comp="268" pin="0"/><net_sink comp="1564" pin=2"/></net>

<net id="1580"><net_src comp="1527" pin="1"/><net_sink comp="1575" pin=1"/></net>

<net id="1581"><net_src comp="1509" pin="3"/><net_sink comp="1575" pin=2"/></net>

<net id="1591"><net_src comp="1501" pin="1"/><net_sink comp="1586" pin=1"/></net>

<net id="1592"><net_src comp="1483" pin="3"/><net_sink comp="1586" pin=2"/></net>

<net id="1602"><net_src comp="1475" pin="1"/><net_sink comp="1597" pin=1"/></net>

<net id="1603"><net_src comp="1457" pin="3"/><net_sink comp="1597" pin=2"/></net>

<net id="1613"><net_src comp="1449" pin="1"/><net_sink comp="1608" pin=1"/></net>

<net id="1614"><net_src comp="1431" pin="3"/><net_sink comp="1608" pin=2"/></net>

<net id="1624"><net_src comp="1423" pin="1"/><net_sink comp="1619" pin=1"/></net>

<net id="1625"><net_src comp="1405" pin="3"/><net_sink comp="1619" pin=2"/></net>

<net id="1635"><net_src comp="1397" pin="1"/><net_sink comp="1630" pin=1"/></net>

<net id="1636"><net_src comp="1379" pin="3"/><net_sink comp="1630" pin=2"/></net>

<net id="1646"><net_src comp="1375" pin="1"/><net_sink comp="1641" pin=1"/></net>

<net id="1647"><net_src comp="1357" pin="3"/><net_sink comp="1641" pin=2"/></net>

<net id="1657"><net_src comp="1353" pin="1"/><net_sink comp="1652" pin=1"/></net>

<net id="1658"><net_src comp="1339" pin="1"/><net_sink comp="1652" pin=2"/></net>

<net id="1668"><net_src comp="1327" pin="1"/><net_sink comp="1663" pin=1"/></net>

<net id="1669"><net_src comp="1313" pin="1"/><net_sink comp="1663" pin=2"/></net>

<net id="1675"><net_src comp="1538" pin="2"/><net_sink comp="1670" pin=0"/></net>

<net id="1676"><net_src comp="1531" pin="3"/><net_sink comp="1670" pin=1"/></net>

<net id="1677"><net_src comp="1542" pin="3"/><net_sink comp="1670" pin=2"/></net>

<net id="1682"><net_src comp="1538" pin="2"/><net_sink comp="1678" pin=0"/></net>

<net id="1683"><net_src comp="1549" pin="2"/><net_sink comp="1678" pin=1"/></net>

<net id="1689"><net_src comp="1560" pin="2"/><net_sink comp="1684" pin=0"/></net>

<net id="1690"><net_src comp="1553" pin="3"/><net_sink comp="1684" pin=1"/></net>

<net id="1691"><net_src comp="1564" pin="3"/><net_sink comp="1684" pin=2"/></net>

<net id="1695"><net_src comp="1684" pin="3"/><net_sink comp="1692" pin=0"/></net>

<net id="1700"><net_src comp="1560" pin="2"/><net_sink comp="1696" pin=0"/></net>

<net id="1701"><net_src comp="1571" pin="2"/><net_sink comp="1696" pin=1"/></net>

<net id="1707"><net_src comp="1582" pin="2"/><net_sink comp="1702" pin=0"/></net>

<net id="1708"><net_src comp="1575" pin="3"/><net_sink comp="1702" pin=1"/></net>

<net id="1709"><net_src comp="1586" pin="3"/><net_sink comp="1702" pin=2"/></net>

<net id="1714"><net_src comp="1582" pin="2"/><net_sink comp="1710" pin=0"/></net>

<net id="1715"><net_src comp="1593" pin="2"/><net_sink comp="1710" pin=1"/></net>

<net id="1721"><net_src comp="1604" pin="2"/><net_sink comp="1716" pin=0"/></net>

<net id="1722"><net_src comp="1597" pin="3"/><net_sink comp="1716" pin=1"/></net>

<net id="1723"><net_src comp="1608" pin="3"/><net_sink comp="1716" pin=2"/></net>

<net id="1728"><net_src comp="1604" pin="2"/><net_sink comp="1724" pin=0"/></net>

<net id="1729"><net_src comp="1615" pin="2"/><net_sink comp="1724" pin=1"/></net>

<net id="1735"><net_src comp="1626" pin="2"/><net_sink comp="1730" pin=0"/></net>

<net id="1736"><net_src comp="1619" pin="3"/><net_sink comp="1730" pin=1"/></net>

<net id="1737"><net_src comp="1630" pin="3"/><net_sink comp="1730" pin=2"/></net>

<net id="1742"><net_src comp="1626" pin="2"/><net_sink comp="1738" pin=0"/></net>

<net id="1743"><net_src comp="1637" pin="2"/><net_sink comp="1738" pin=1"/></net>

<net id="1749"><net_src comp="1648" pin="2"/><net_sink comp="1744" pin=0"/></net>

<net id="1750"><net_src comp="1641" pin="3"/><net_sink comp="1744" pin=1"/></net>

<net id="1751"><net_src comp="1652" pin="3"/><net_sink comp="1744" pin=2"/></net>

<net id="1756"><net_src comp="1648" pin="2"/><net_sink comp="1752" pin=0"/></net>

<net id="1757"><net_src comp="1659" pin="2"/><net_sink comp="1752" pin=1"/></net>

<net id="1763"><net_src comp="1678" pin="2"/><net_sink comp="1758" pin=0"/></net>

<net id="1764"><net_src comp="1670" pin="3"/><net_sink comp="1758" pin=1"/></net>

<net id="1765"><net_src comp="1692" pin="1"/><net_sink comp="1758" pin=2"/></net>

<net id="1769"><net_src comp="1758" pin="3"/><net_sink comp="1766" pin=0"/></net>

<net id="1774"><net_src comp="1313" pin="1"/><net_sink comp="1770" pin=0"/></net>

<net id="1775"><net_src comp="1766" pin="1"/><net_sink comp="1770" pin=1"/></net>

<net id="1780"><net_src comp="1678" pin="2"/><net_sink comp="1776" pin=0"/></net>

<net id="1781"><net_src comp="1696" pin="2"/><net_sink comp="1776" pin=1"/></net>

<net id="1787"><net_src comp="1710" pin="2"/><net_sink comp="1782" pin=0"/></net>

<net id="1788"><net_src comp="1702" pin="3"/><net_sink comp="1782" pin=1"/></net>

<net id="1789"><net_src comp="1716" pin="3"/><net_sink comp="1782" pin=2"/></net>

<net id="1794"><net_src comp="1710" pin="2"/><net_sink comp="1790" pin=0"/></net>

<net id="1795"><net_src comp="1724" pin="2"/><net_sink comp="1790" pin=1"/></net>

<net id="1801"><net_src comp="1738" pin="2"/><net_sink comp="1796" pin=0"/></net>

<net id="1802"><net_src comp="1730" pin="3"/><net_sink comp="1796" pin=1"/></net>

<net id="1803"><net_src comp="1744" pin="3"/><net_sink comp="1796" pin=2"/></net>

<net id="1808"><net_src comp="1738" pin="2"/><net_sink comp="1804" pin=0"/></net>

<net id="1809"><net_src comp="1752" pin="2"/><net_sink comp="1804" pin=1"/></net>

<net id="1815"><net_src comp="1776" pin="2"/><net_sink comp="1810" pin=0"/></net>

<net id="1816"><net_src comp="1770" pin="2"/><net_sink comp="1810" pin=1"/></net>

<net id="1817"><net_src comp="1782" pin="3"/><net_sink comp="1810" pin=2"/></net>

<net id="1822"><net_src comp="1776" pin="2"/><net_sink comp="1818" pin=0"/></net>

<net id="1823"><net_src comp="1790" pin="2"/><net_sink comp="1818" pin=1"/></net>

<net id="1829"><net_src comp="1804" pin="2"/><net_sink comp="1824" pin=0"/></net>

<net id="1830"><net_src comp="1796" pin="3"/><net_sink comp="1824" pin=1"/></net>

<net id="1831"><net_src comp="1663" pin="3"/><net_sink comp="1824" pin=2"/></net>

<net id="1837"><net_src comp="1818" pin="2"/><net_sink comp="1832" pin=0"/></net>

<net id="1838"><net_src comp="1810" pin="3"/><net_sink comp="1832" pin=1"/></net>

<net id="1839"><net_src comp="1824" pin="3"/><net_sink comp="1832" pin=2"/></net>

<net id="1843"><net_src comp="1832" pin="3"/><net_sink comp="1840" pin=0"/></net>

<net id="1848"><net_src comp="270" pin="0"/><net_sink comp="1844" pin=0"/></net>

<net id="1849"><net_src comp="1840" pin="1"/><net_sink comp="1844" pin=1"/></net>

<net id="1854"><net_src comp="272" pin="0"/><net_sink comp="1850" pin=1"/></net>

<net id="1859"><net_src comp="1850" pin="2"/><net_sink comp="1855" pin=1"/></net>

<net id="1865"><net_src comp="274" pin="0"/><net_sink comp="1860" pin=0"/></net>

<net id="1866"><net_src comp="1855" pin="2"/><net_sink comp="1860" pin=2"/></net>

<net id="1878"><net_src comp="276" pin="0"/><net_sink comp="1867" pin=0"/></net>

<net id="1879"><net_src comp="278" pin="0"/><net_sink comp="1867" pin=1"/></net>

<net id="1880"><net_src comp="270" pin="0"/><net_sink comp="1867" pin=2"/></net>

<net id="1881"><net_src comp="28" pin="0"/><net_sink comp="1867" pin=3"/></net>

<net id="1882"><net_src comp="1844" pin="2"/><net_sink comp="1867" pin=4"/></net>

<net id="1883"><net_src comp="102" pin="0"/><net_sink comp="1867" pin=5"/></net>

<net id="1884"><net_src comp="1840" pin="1"/><net_sink comp="1867" pin=6"/></net>

<net id="1885"><net_src comp="280" pin="0"/><net_sink comp="1867" pin=7"/></net>

<net id="1886"><net_src comp="1860" pin="3"/><net_sink comp="1867" pin=8"/></net>

<net id="1890"><net_src comp="313" pin="2"/><net_sink comp="1887" pin=0"/></net>

<net id="1891"><net_src comp="1887" pin="1"/><net_sink comp="1850" pin=0"/></net>

<net id="1892"><net_src comp="1887" pin="1"/><net_sink comp="1860" pin=1"/></net>

<net id="1896"><net_src comp="319" pin="3"/><net_sink comp="1893" pin=0"/></net>

<net id="1897"><net_src comp="1893" pin="1"/><net_sink comp="1855" pin=0"/></net>

<net id="1901"><net_src comp="333" pin="3"/><net_sink comp="1898" pin=0"/></net>

<net id="1902"><net_src comp="1898" pin="1"/><net_sink comp="461" pin=1"/></net>

<net id="1903"><net_src comp="1898" pin="1"/><net_sink comp="472" pin=1"/></net>

<net id="1904"><net_src comp="1898" pin="1"/><net_sink comp="485" pin=1"/></net>

<net id="1905"><net_src comp="1898" pin="1"/><net_sink comp="498" pin=1"/></net>

<net id="1906"><net_src comp="1898" pin="1"/><net_sink comp="511" pin=1"/></net>

<net id="1907"><net_src comp="1898" pin="1"/><net_sink comp="524" pin=1"/></net>

<net id="1908"><net_src comp="1898" pin="1"/><net_sink comp="537" pin=1"/></net>

<net id="1909"><net_src comp="1898" pin="1"/><net_sink comp="550" pin=1"/></net>

<net id="1910"><net_src comp="1898" pin="1"/><net_sink comp="563" pin=1"/></net>

<net id="1911"><net_src comp="1898" pin="1"/><net_sink comp="688" pin=0"/></net>

<net id="1912"><net_src comp="1898" pin="1"/><net_sink comp="691" pin=1"/></net>

<net id="1913"><net_src comp="1898" pin="1"/><net_sink comp="707" pin=0"/></net>

<net id="1914"><net_src comp="1898" pin="1"/><net_sink comp="725" pin=1"/></net>

<net id="1915"><net_src comp="1898" pin="1"/><net_sink comp="741" pin=0"/></net>

<net id="1916"><net_src comp="1898" pin="1"/><net_sink comp="764" pin=1"/></net>

<net id="1917"><net_src comp="1898" pin="1"/><net_sink comp="786" pin=0"/></net>

<net id="1918"><net_src comp="1898" pin="1"/><net_sink comp="810" pin=1"/></net>

<net id="1919"><net_src comp="1898" pin="1"/><net_sink comp="832" pin=0"/></net>

<net id="1920"><net_src comp="1898" pin="1"/><net_sink comp="856" pin=1"/></net>

<net id="1921"><net_src comp="1898" pin="1"/><net_sink comp="878" pin=0"/></net>

<net id="1922"><net_src comp="1898" pin="1"/><net_sink comp="902" pin=1"/></net>

<net id="1923"><net_src comp="1898" pin="1"/><net_sink comp="924" pin=0"/></net>

<net id="1924"><net_src comp="1898" pin="1"/><net_sink comp="948" pin=1"/></net>

<net id="1925"><net_src comp="1898" pin="1"/><net_sink comp="970" pin=0"/></net>

<net id="1926"><net_src comp="1898" pin="1"/><net_sink comp="994" pin=1"/></net>

<net id="1927"><net_src comp="1898" pin="1"/><net_sink comp="1016" pin=0"/></net>

<net id="1928"><net_src comp="1898" pin="1"/><net_sink comp="1040" pin=1"/></net>

<net id="1929"><net_src comp="1898" pin="1"/><net_sink comp="1062" pin=0"/></net>

<net id="1930"><net_src comp="1898" pin="1"/><net_sink comp="1086" pin=0"/></net>

<net id="1931"><net_src comp="1898" pin="1"/><net_sink comp="1110" pin=0"/></net>

<net id="1932"><net_src comp="1898" pin="1"/><net_sink comp="1134" pin=0"/></net>

<net id="1933"><net_src comp="1898" pin="1"/><net_sink comp="1158" pin=0"/></net>

<net id="1934"><net_src comp="1898" pin="1"/><net_sink comp="1182" pin=0"/></net>

<net id="1935"><net_src comp="1898" pin="1"/><net_sink comp="1206" pin=0"/></net>

<net id="1939"><net_src comp="359" pin="2"/><net_sink comp="1936" pin=0"/></net>

<net id="1940"><net_src comp="1936" pin="1"/><net_sink comp="399" pin=0"/></net>

<net id="1944"><net_src comp="365" pin="2"/><net_sink comp="1941" pin=0"/></net>

<net id="1945"><net_src comp="1941" pin="1"/><net_sink comp="399" pin=1"/></net>

<net id="1949"><net_src comp="381" pin="2"/><net_sink comp="1946" pin=0"/></net>

<net id="1950"><net_src comp="1946" pin="1"/><net_sink comp="393" pin=0"/></net>

<net id="1954"><net_src comp="387" pin="2"/><net_sink comp="1951" pin=0"/></net>

<net id="1955"><net_src comp="1951" pin="1"/><net_sink comp="393" pin=1"/></net>

<net id="1959"><net_src comp="656" pin="3"/><net_sink comp="1956" pin=0"/></net>

<net id="1960"><net_src comp="1956" pin="1"/><net_sink comp="759" pin=0"/></net>

<net id="1961"><net_src comp="1956" pin="1"/><net_sink comp="781" pin=0"/></net>

<net id="1962"><net_src comp="1956" pin="1"/><net_sink comp="805" pin=0"/></net>

<net id="1963"><net_src comp="1956" pin="1"/><net_sink comp="827" pin=0"/></net>

<net id="1964"><net_src comp="1956" pin="1"/><net_sink comp="851" pin=0"/></net>

<net id="1965"><net_src comp="1956" pin="1"/><net_sink comp="873" pin=0"/></net>

<net id="1966"><net_src comp="1956" pin="1"/><net_sink comp="897" pin=0"/></net>

<net id="1967"><net_src comp="1956" pin="1"/><net_sink comp="919" pin=0"/></net>

<net id="1968"><net_src comp="1956" pin="1"/><net_sink comp="943" pin=0"/></net>

<net id="1969"><net_src comp="1956" pin="1"/><net_sink comp="965" pin=0"/></net>

<net id="1970"><net_src comp="1956" pin="1"/><net_sink comp="989" pin=0"/></net>

<net id="1971"><net_src comp="1956" pin="1"/><net_sink comp="1011" pin=0"/></net>

<net id="1972"><net_src comp="1956" pin="1"/><net_sink comp="1035" pin=0"/></net>

<net id="1973"><net_src comp="1956" pin="1"/><net_sink comp="1057" pin=0"/></net>

<net id="1974"><net_src comp="1956" pin="1"/><net_sink comp="1081" pin=0"/></net>

<net id="1975"><net_src comp="1956" pin="1"/><net_sink comp="1105" pin=0"/></net>

<net id="1976"><net_src comp="1956" pin="1"/><net_sink comp="1129" pin=0"/></net>

<net id="1977"><net_src comp="1956" pin="1"/><net_sink comp="1153" pin=0"/></net>

<net id="1978"><net_src comp="1956" pin="1"/><net_sink comp="1177" pin=0"/></net>

<net id="1979"><net_src comp="1956" pin="1"/><net_sink comp="1201" pin=0"/></net>

<net id="1980"><net_src comp="1956" pin="1"/><net_sink comp="1225" pin=0"/></net>

<net id="1984"><net_src comp="664" pin="2"/><net_sink comp="1981" pin=0"/></net>

<net id="1985"><net_src comp="1981" pin="1"/><net_sink comp="700" pin=0"/></net>

<net id="1986"><net_src comp="1981" pin="1"/><net_sink comp="1663" pin=0"/></net>

<net id="1990"><net_src comp="670" pin="2"/><net_sink comp="1987" pin=0"/></net>

<net id="1991"><net_src comp="1987" pin="1"/><net_sink comp="718" pin=0"/></net>

<net id="1992"><net_src comp="1987" pin="1"/><net_sink comp="1659" pin=1"/></net>

<net id="1996"><net_src comp="676" pin="2"/><net_sink comp="1993" pin=0"/></net>

<net id="1997"><net_src comp="1993" pin="1"/><net_sink comp="734" pin=0"/></net>

<net id="1998"><net_src comp="1993" pin="1"/><net_sink comp="1652" pin=0"/></net>

<net id="1999"><net_src comp="1993" pin="1"/><net_sink comp="1659" pin=0"/></net>

<net id="2003"><net_src comp="682" pin="2"/><net_sink comp="2000" pin=0"/></net>

<net id="2004"><net_src comp="2000" pin="1"/><net_sink comp="752" pin=0"/></net>

<net id="2005"><net_src comp="2000" pin="1"/><net_sink comp="1648" pin=1"/></net>

<net id="2009"><net_src comp="759" pin="2"/><net_sink comp="2006" pin=0"/></net>

<net id="2010"><net_src comp="2006" pin="1"/><net_sink comp="1641" pin=0"/></net>

<net id="2011"><net_src comp="2006" pin="1"/><net_sink comp="1648" pin=0"/></net>

<net id="2015"><net_src comp="781" pin="2"/><net_sink comp="2012" pin=0"/></net>

<net id="2016"><net_src comp="2012" pin="1"/><net_sink comp="1637" pin=1"/></net>

<net id="2020"><net_src comp="805" pin="2"/><net_sink comp="2017" pin=0"/></net>

<net id="2021"><net_src comp="2017" pin="1"/><net_sink comp="1630" pin=0"/></net>

<net id="2022"><net_src comp="2017" pin="1"/><net_sink comp="1637" pin=0"/></net>

<net id="2026"><net_src comp="827" pin="2"/><net_sink comp="2023" pin=0"/></net>

<net id="2027"><net_src comp="2023" pin="1"/><net_sink comp="1626" pin=1"/></net>

<net id="2031"><net_src comp="851" pin="2"/><net_sink comp="2028" pin=0"/></net>

<net id="2032"><net_src comp="2028" pin="1"/><net_sink comp="1619" pin=0"/></net>

<net id="2033"><net_src comp="2028" pin="1"/><net_sink comp="1626" pin=0"/></net>

<net id="2037"><net_src comp="873" pin="2"/><net_sink comp="2034" pin=0"/></net>

<net id="2038"><net_src comp="2034" pin="1"/><net_sink comp="1615" pin=1"/></net>

<net id="2042"><net_src comp="897" pin="2"/><net_sink comp="2039" pin=0"/></net>

<net id="2043"><net_src comp="2039" pin="1"/><net_sink comp="1608" pin=0"/></net>

<net id="2044"><net_src comp="2039" pin="1"/><net_sink comp="1615" pin=0"/></net>

<net id="2048"><net_src comp="919" pin="2"/><net_sink comp="2045" pin=0"/></net>

<net id="2049"><net_src comp="2045" pin="1"/><net_sink comp="1604" pin=1"/></net>

<net id="2053"><net_src comp="943" pin="2"/><net_sink comp="2050" pin=0"/></net>

<net id="2054"><net_src comp="2050" pin="1"/><net_sink comp="1597" pin=0"/></net>

<net id="2055"><net_src comp="2050" pin="1"/><net_sink comp="1604" pin=0"/></net>

<net id="2059"><net_src comp="965" pin="2"/><net_sink comp="2056" pin=0"/></net>

<net id="2060"><net_src comp="2056" pin="1"/><net_sink comp="1593" pin=1"/></net>

<net id="2064"><net_src comp="989" pin="2"/><net_sink comp="2061" pin=0"/></net>

<net id="2065"><net_src comp="2061" pin="1"/><net_sink comp="1586" pin=0"/></net>

<net id="2066"><net_src comp="2061" pin="1"/><net_sink comp="1593" pin=0"/></net>

<net id="2070"><net_src comp="1011" pin="2"/><net_sink comp="2067" pin=0"/></net>

<net id="2071"><net_src comp="2067" pin="1"/><net_sink comp="1582" pin=1"/></net>

<net id="2075"><net_src comp="1035" pin="2"/><net_sink comp="2072" pin=0"/></net>

<net id="2076"><net_src comp="2072" pin="1"/><net_sink comp="1575" pin=0"/></net>

<net id="2077"><net_src comp="2072" pin="1"/><net_sink comp="1582" pin=0"/></net>

<net id="2081"><net_src comp="1057" pin="2"/><net_sink comp="2078" pin=0"/></net>

<net id="2082"><net_src comp="2078" pin="1"/><net_sink comp="1571" pin=1"/></net>

<net id="2086"><net_src comp="1081" pin="2"/><net_sink comp="2083" pin=0"/></net>

<net id="2087"><net_src comp="2083" pin="1"/><net_sink comp="1564" pin=0"/></net>

<net id="2088"><net_src comp="2083" pin="1"/><net_sink comp="1571" pin=0"/></net>

<net id="2092"><net_src comp="1105" pin="2"/><net_sink comp="2089" pin=0"/></net>

<net id="2093"><net_src comp="2089" pin="1"/><net_sink comp="1560" pin=1"/></net>

<net id="2097"><net_src comp="1129" pin="2"/><net_sink comp="2094" pin=0"/></net>

<net id="2098"><net_src comp="2094" pin="1"/><net_sink comp="1553" pin=0"/></net>

<net id="2099"><net_src comp="2094" pin="1"/><net_sink comp="1560" pin=0"/></net>

<net id="2103"><net_src comp="1153" pin="2"/><net_sink comp="2100" pin=0"/></net>

<net id="2104"><net_src comp="2100" pin="1"/><net_sink comp="1549" pin=1"/></net>

<net id="2108"><net_src comp="1177" pin="2"/><net_sink comp="2105" pin=0"/></net>

<net id="2109"><net_src comp="2105" pin="1"/><net_sink comp="1542" pin=0"/></net>

<net id="2110"><net_src comp="2105" pin="1"/><net_sink comp="1549" pin=0"/></net>

<net id="2114"><net_src comp="1201" pin="2"/><net_sink comp="2111" pin=0"/></net>

<net id="2115"><net_src comp="2111" pin="1"/><net_sink comp="1538" pin=1"/></net>

<net id="2119"><net_src comp="1225" pin="2"/><net_sink comp="2116" pin=0"/></net>

<net id="2120"><net_src comp="2116" pin="1"/><net_sink comp="1531" pin=0"/></net>

<net id="2121"><net_src comp="2116" pin="1"/><net_sink comp="1538" pin=0"/></net>

<net id="2125"><net_src comp="1238" pin="4"/><net_sink comp="2122" pin=0"/></net>

<net id="2126"><net_src comp="2122" pin="1"/><net_sink comp="1252" pin=0"/></net>

<net id="2127"><net_src comp="2122" pin="1"/><net_sink comp="1255" pin=0"/></net>

<net id="2131"><net_src comp="1248" pin="1"/><net_sink comp="2128" pin=0"/></net>

<net id="2132"><net_src comp="2128" pin="1"/><net_sink comp="1278" pin=0"/></net>

<net id="2136"><net_src comp="288" pin="3"/><net_sink comp="2133" pin=0"/></net>

<net id="2137"><net_src comp="2133" pin="1"/><net_sink comp="295" pin=2"/></net>

<net id="2141"><net_src comp="305" pin="3"/><net_sink comp="2138" pin=0"/></net>

<net id="2142"><net_src comp="2138" pin="1"/><net_sink comp="295" pin=0"/></net>

<net id="2146"><net_src comp="295" pin="7"/><net_sink comp="2143" pin=0"/></net>

<net id="2147"><net_src comp="2143" pin="1"/><net_sink comp="1270" pin=1"/></net>

<net id="2148"><net_src comp="2143" pin="1"/><net_sink comp="1297" pin=0"/></net>

<net id="2149"><net_src comp="2143" pin="1"/><net_sink comp="1303" pin=1"/></net>

<net id="2153"><net_src comp="295" pin="3"/><net_sink comp="2150" pin=0"/></net>

<net id="2154"><net_src comp="2150" pin="1"/><net_sink comp="1270" pin=0"/></net>

<net id="2158"><net_src comp="1287" pin="4"/><net_sink comp="2155" pin=0"/></net>

<net id="2159"><net_src comp="2155" pin="1"/><net_sink comp="1300" pin=0"/></net>

<net id="2160"><net_src comp="2155" pin="1"/><net_sink comp="1303" pin=0"/></net>

</net_list>

</model> 
---------------- Datapath Model END ------------------

* FSMD analyzer results:
  - Output states:
 - Input state : 
	Port: fp_recip_fn : x | {1 }
	Port: fp_recip_fn : recip_lut_fn | {4 5 }
  - Chain level:
	State 1
		abs_raw_signed_2 : 1
		clz : 2
		trunc_ln816 : 3
		msb : 4
		icmp_ln819 : 5
		shift : 5
		tmp : 5
		icmp_ln821 : 6
		add_ln822 : 5
	State 2
		shift_1 : 1
		tmp_56 : 2
		icmp_ln829 : 2
		icmp_ln829_1 : 2
		icmp_ln829_2 : 2
		icmp_ln829_3 : 2
		icmp_ln829_4 : 2
		icmp_ln829_5 : 2
		icmp_ln829_6 : 2
		icmp_ln829_7 : 2
		zext_ln834 : 1
		zext_ln834_1 : 1
		zext_ln834_2 : 1
		zext_ln834_3 : 1
		zext_ln834_4 : 1
		zext_ln834_5 : 1
		zext_ln834_6 : 1
		zext_ln834_7 : 1
		select_ln829 : 3
		select_ln829_1 : 4
		select_ln829_2 : 5
		select_ln829_3 : 6
		select_ln829_4 : 7
		select_ln829_5 : 8
		select_ln829_6 : 9
		select_ln829_7 : 10
		icmp_ln834 : 11
		shift_2 : 2
		shift_3 : 12
		shift_4 : 13
		icmp_ln221 : 14
		icmp_ln223 : 14
		icmp_ln221_1 : 14
		icmp_ln223_1 : 14
	State 3
		x_norm_raw_49 : 1
		shifted_64 : 1
		x_norm_raw_50 : 2
		x_norm_raw_51 : 3
		shifted_66 : 1
		x_norm_raw_52 : 4
		x_norm_raw_53 : 5
		shifted_68 : 1
		x_norm_raw_54 : 6
		x_norm_raw_55 : 7
		shifted_70 : 1
		x_norm_raw : 8
		x_norm_raw_56 : 9
		shifted_71 : 1
		x_norm_raw_57 : 10
		x_norm_raw_58 : 11
		shifted_73 : 1
		x_norm_raw_59 : 12
		x_norm_raw_60 : 13
		shifted_75 : 1
		x_norm_raw_61 : 14
		x_norm_raw_62 : 15
		shifted_77 : 1
		x_norm_raw_63 : 16
		x_norm_raw_64 : 17
		shifted_79 : 1
		x_norm_raw_65 : 18
		shifted_80 : 1
		x_norm_raw_66 : 19
		shifted_81 : 1
		x_norm_raw_67 : 20
		shifted_82 : 1
		x_norm_raw_68 : 21
		shifted_83 : 1
		x_norm_raw_69 : 22
		shifted_84 : 1
		x_norm_raw_70 : 23
		shifted_85 : 1
		x_norm_raw_71 : 24
		x_norm_raw_72 : 25
		lut_idx : 26
		trunc_ln858 : 26
	State 4
		recip_lut_fn_addr : 1
		v0 : 2
		add_ln860 : 1
		zext_ln860 : 2
		recip_lut_fn_addr_1 : 3
		v1 : 4
	State 5
	State 6
		sext_ln862 : 1
		mul_ln862 : 2
		trunc_ln : 3
	State 7
		est_raw : 1
		sext_ln231 : 2
		tmp_66 : 2
		shifted_50 : 3
		shifted_51 : 2
		sext_ln231_1 : 3
		tmp_67 : 2
		shifted_52 : 3
		shifted_53 : 2
		tmp_68 : 2
		shifted_54 : 3
		shifted_55 : 1
		tmp_69 : 2
		shifted_56 : 3
		trunc_ln237 : 1
		shifted_57 : 2
		tmp_70 : 2
		sext_ln235 : 3
		trunc_ln237_1 : 1
		shifted_58 : 2
		tmp_71 : 2
		sext_ln235_1 : 3
		trunc_ln237_2 : 1
		shifted_59 : 2
		tmp_72 : 2
		sext_ln235_2 : 3
		trunc_ln237_3 : 1
		shifted_60 : 2
		tmp_73 : 2
		sext_ln235_3 : 3
		trunc_ln237_4 : 1
		shifted_61 : 2
		tmp_74 : 2
		sext_ln235_4 : 3
		select_ln236_4 : 4
		select_ln236_5 : 4
		select_ln236_6 : 4
		select_ln236_7 : 4
		select_ln236_8 : 4
		select_ln236_9 : 4
		select_ln236_10 : 4
		select_ln236_11 : 4
		select_ln236_12 : 4
		select_ln236_13 : 1
		select_ln236_14 : 1
		zext_ln236 : 2
		select_ln236_15 : 5
		select_ln236_16 : 5
		select_ln236_17 : 5
		select_ln236_18 : 5
		select_ln236_19 : 3
		zext_ln236_1 : 4
		shl_ln236 : 5
		select_ln236_20 : 6
		select_ln236_21 : 6
		select_ln236_22 : 7
		select_ln236_23 : 7
		shifted_86 : 8
		sext_ln671 : 9
		raw : 10
		out : 11
		ret_ln867 : 12


============================================================
+ Verbose Summary: Datapath Resource usage 
============================================================

* Functional unit list:
|----------|-------------------------|---------|---------|---------|
| Operation|     Functional Unit     |   DSP   |    FF   |   LUT   |
|----------|-------------------------|---------|---------|---------|
|          | abs_raw_signed_2_fu_333 |    0    |    0    |    26   |
|          |    spec_select_fu_393   |    0    |    0    |    6    |
|          |      shift_1_fu_399     |    0    |    0    |    6    |
|          |   select_ln829_fu_572   |    0    |    0    |    9    |
|          |  select_ln829_1_fu_580  |    0    |    0    |    9    |
|          |  select_ln829_2_fu_588  |    0    |    0    |    9    |
|          |  select_ln829_3_fu_596  |    0    |    0    |    9    |
|          |  select_ln829_4_fu_604  |    0    |    0    |    9    |
|          |  select_ln829_5_fu_612  |    0    |    0    |    9    |
|          |  select_ln829_6_fu_620  |    0    |    0    |    9    |
|          |  select_ln829_7_fu_628  |    0    |    0    |    9    |
|          |      shift_3_fu_648     |    0    |    0    |    6    |
|          |      shift_4_fu_656     |    0    |    0    |    6    |
|          |   x_norm_raw_49_fu_700  |    0    |    0    |    16   |
|          |   x_norm_raw_50_fu_718  |    0    |    0    |    16   |
|          |   x_norm_raw_51_fu_734  |    0    |    0    |    16   |
|          |   x_norm_raw_52_fu_752  |    0    |    0    |    16   |
|          |   x_norm_raw_53_fu_773  |    0    |    0    |    16   |
|          |   x_norm_raw_54_fu_797  |    0    |    0    |    16   |
|          |   x_norm_raw_55_fu_819  |    0    |    0    |    16   |
|          |    x_norm_raw_fu_843    |    0    |    0    |    16   |
|          |   x_norm_raw_56_fu_865  |    0    |    0    |    16   |
|          |   x_norm_raw_57_fu_889  |    0    |    0    |    16   |
|          |   x_norm_raw_58_fu_911  |    0    |    0    |    16   |
|          |   x_norm_raw_59_fu_935  |    0    |    0    |    16   |
|          |   x_norm_raw_60_fu_957  |    0    |    0    |    16   |
|          |   x_norm_raw_61_fu_981  |    0    |    0    |    16   |
|          |  x_norm_raw_62_fu_1003  |    0    |    0    |    16   |
|          |  x_norm_raw_63_fu_1027  |    0    |    0    |    16   |
|          |  x_norm_raw_64_fu_1049  |    0    |    0    |    16   |
|          |  x_norm_raw_65_fu_1073  |    0    |    0    |    16   |
|  select  |  x_norm_raw_66_fu_1097  |    0    |    0    |    16   |
|          |  x_norm_raw_67_fu_1121  |    0    |    0    |    16   |
|          |  x_norm_raw_68_fu_1145  |    0    |    0    |    16   |
|          |  x_norm_raw_69_fu_1169  |    0    |    0    |    16   |
|          |  x_norm_raw_70_fu_1193  |    0    |    0    |    16   |
|          |  x_norm_raw_71_fu_1217  |    0    |    0    |    16   |
|          |  x_norm_raw_72_fu_1230  |    0    |    0    |    16   |
|          |   select_ln236_fu_1531  |    0    |    0    |    5    |
|          |  select_ln236_1_fu_1542 |    0    |    0    |    5    |
|          |  select_ln236_2_fu_1553 |    0    |    0    |    4    |
|          |  select_ln236_3_fu_1564 |    0    |    0    |    4    |
|          |  select_ln236_4_fu_1575 |    0    |    0    |    21   |
|          |  select_ln236_5_fu_1586 |    0    |    0    |    21   |
|          |  select_ln236_6_fu_1597 |    0    |    0    |    21   |
|          |  select_ln236_7_fu_1608 |    0    |    0    |    21   |
|          |  select_ln236_8_fu_1619 |    0    |    0    |    21   |
|          |  select_ln236_9_fu_1630 |    0    |    0    |    21   |
|          | select_ln236_10_fu_1641 |    0    |    0    |    21   |
|          | select_ln236_11_fu_1652 |    0    |    0    |    20   |
|          | select_ln236_12_fu_1663 |    0    |    0    |    19   |
|          | select_ln236_13_fu_1670 |    0    |    0    |    5    |
|          | select_ln236_14_fu_1684 |    0    |    0    |    4    |
|          | select_ln236_15_fu_1702 |    0    |    0    |    21   |
|          | select_ln236_16_fu_1716 |    0    |    0    |    21   |
|          | select_ln236_17_fu_1730 |    0    |    0    |    21   |
|          | select_ln236_18_fu_1744 |    0    |    0    |    21   |
|          | select_ln236_19_fu_1758 |    0    |    0    |    5    |
|          | select_ln236_20_fu_1782 |    0    |    0    |    21   |
|          | select_ln236_21_fu_1796 |    0    |    0    |    21   |
|          | select_ln236_22_fu_1810 |    0    |    0    |    21   |
|          | select_ln236_23_fu_1824 |    0    |    0    |    21   |
|          |    shifted_86_fu_1832   |    0    |    0    |    21   |
|----------|-------------------------|---------|---------|---------|
|          |    icmp_ln804_fu_313    |    0    |    0    |    33   |
|          |    icmp_ln819_fu_359    |    0    |    0    |    13   |
|          |    icmp_ln821_fu_381    |    0    |    0    |    9    |
|          |    icmp_ln829_fu_413    |    0    |    0    |    13   |
|          |   icmp_ln829_1_fu_419   |    0    |    0    |    13   |
|          |   icmp_ln829_2_fu_425   |    0    |    0    |    13   |
|          |   icmp_ln829_3_fu_431   |    0    |    0    |    13   |
|          |   icmp_ln829_4_fu_437   |    0    |    0    |    13   |
|          |   icmp_ln829_5_fu_443   |    0    |    0    |    13   |
|          |   icmp_ln829_6_fu_449   |    0    |    0    |    13   |
|          |   icmp_ln829_7_fu_455   |    0    |    0    |    13   |
|          |    icmp_ln834_fu_636    |    0    |    0    |    16   |
|          |    icmp_ln221_fu_664    |    0    |    0    |    13   |
|          |    icmp_ln223_fu_670    |    0    |    0    |    13   |
|          |   icmp_ln221_1_fu_676   |    0    |    0    |    13   |
|          |   icmp_ln223_1_fu_682   |    0    |    0    |    13   |
|          |   icmp_ln221_2_fu_759   |    0    |    0    |    13   |
|          |   icmp_ln223_2_fu_781   |    0    |    0    |    13   |
|   icmp   |   icmp_ln221_3_fu_805   |    0    |    0    |    13   |
|          |   icmp_ln223_3_fu_827   |    0    |    0    |    13   |
|          |   icmp_ln221_4_fu_851   |    0    |    0    |    13   |
|          |   icmp_ln223_4_fu_873   |    0    |    0    |    13   |
|          |   icmp_ln221_5_fu_897   |    0    |    0    |    13   |
|          |   icmp_ln223_5_fu_919   |    0    |    0    |    13   |
|          |   icmp_ln221_6_fu_943   |    0    |    0    |    13   |
|          |   icmp_ln223_6_fu_965   |    0    |    0    |    13   |
|          |   icmp_ln221_7_fu_989   |    0    |    0    |    13   |
|          |   icmp_ln223_7_fu_1011  |    0    |    0    |    13   |
|          |   icmp_ln221_8_fu_1035  |    0    |    0    |    13   |
|          |   icmp_ln223_8_fu_1057  |    0    |    0    |    13   |
|          |   icmp_ln223_9_fu_1081  |    0    |    0    |    13   |
|          |  icmp_ln223_10_fu_1105  |    0    |    0    |    13   |
|          |  icmp_ln223_11_fu_1129  |    0    |    0    |    13   |
|          |  icmp_ln223_12_fu_1153  |    0    |    0    |    13   |
|          |  icmp_ln223_13_fu_1177  |    0    |    0    |    13   |
|          |  icmp_ln223_14_fu_1201  |    0    |    0    |    13   |
|          |  icmp_ln223_15_fu_1225  |    0    |    0    |    13   |
|----------|-------------------------|---------|---------|---------|
|          |       shift_fu_365      |    0    |    0    |    13   |
|          |     add_ln822_fu_387    |    0    |    0    |    13   |
|    add   |      shift_2_fu_642     |    0    |    0    |    13   |
|          |    add_ln860_fu_1259    |    0    |    0    |    15   |
|          |    add_ln862_fu_1303    |    0    |    0    |    26   |
|          |     est_raw_fu_1307     |    0    |    0    |    26   |
|----------|-------------------------|---------|---------|---------|
|          |  abs_raw_signed_fu_327  |    0    |    0    |    33   |
|    sub   |        msb_fu_353       |    0    |    0    |    13   |
|          |    sub_ln862_fu_1270    |    0    |    0    |    26   |
|          |       raw_fu_1844       |    0    |    0    |    29   |
|----------|-------------------------|---------|---------|---------|
|    shl   |    shl_ln236_fu_1770    |    0    |    0    |    55   |
|----------|-------------------------|---------|---------|---------|
|          |     or_ln236_fu_1538    |    0    |    0    |    2    |
|          |    or_ln236_1_fu_1549   |    0    |    0    |    2    |
|          |    or_ln236_2_fu_1560   |    0    |    0    |    2    |
|          |    or_ln236_3_fu_1571   |    0    |    0    |    2    |
|          |    or_ln236_4_fu_1582   |    0    |    0    |    2    |
|          |    or_ln236_5_fu_1593   |    0    |    0    |    2    |
|          |    or_ln236_6_fu_1604   |    0    |    0    |    2    |
|          |    or_ln236_7_fu_1615   |    0    |    0    |    2    |
|          |    or_ln236_8_fu_1626   |    0    |    0    |    2    |
|          |    or_ln236_9_fu_1637   |    0    |    0    |    2    |
|    or    |   or_ln236_10_fu_1648   |    0    |    0    |    2    |
|          |   or_ln236_11_fu_1659   |    0    |    0    |    2    |
|          |   or_ln236_12_fu_1678   |    0    |    0    |    2    |
|          |   or_ln236_13_fu_1696   |    0    |    0    |    2    |
|          |   or_ln236_14_fu_1710   |    0    |    0    |    2    |
|          |   or_ln236_15_fu_1724   |    0    |    0    |    2    |
|          |   or_ln236_16_fu_1738   |    0    |    0    |    2    |
|          |   or_ln236_17_fu_1752   |    0    |    0    |    2    |
|          |   or_ln236_18_fu_1776   |    0    |    0    |    2    |
|          |   or_ln236_19_fu_1790   |    0    |    0    |    2    |
|          |   or_ln236_20_fu_1804   |    0    |    0    |    2    |
|          |   or_ln236_21_fu_1818   |    0    |    0    |    2    |
|----------|-------------------------|---------|---------|---------|
|   ctlz   |        clz_fu_341       |    0    |    0    |    36   |
|----------|-------------------------|---------|---------|---------|
| sparsemux|       out_fu_1867       |    0    |    0    |    9    |
|----------|-------------------------|---------|---------|---------|
|    mul   |    mul_ln862_fu_1281    |    1    |    0    |    6    |
|----------|-------------------------|---------|---------|---------|
|    xor   |    xor_ln804_fu_1850    |    0    |    0    |    2    |
|----------|-------------------------|---------|---------|---------|
|    and   |    and_ln807_fu_1855    |    0    |    0    |    2    |
|----------|-------------------------|---------|---------|---------|
|   read   |    x_read_read_fu_282   |    0    |    0    |    0    |
|----------|-------------------------|---------|---------|---------|
|          |        neg_fu_319       |    0    |    0    |    0    |
| bitselect|      tmp_56_fu_405      |    0    |    0    |    0    |
|          |      tmp_57_fu_461      |    0    |    0    |    0    |
|----------|-------------------------|---------|---------|---------|
|          |    trunc_ln816_fu_349   |    0    |    0    |    0    |
|          |    trunc_ln809_fu_688   |    0    |    0    |    0    |
|          |    trunc_ln224_fu_707   |    0    |    0    |    0    |
|          |   trunc_ln224_1_fu_741  |    0    |    0    |    0    |
|          |   trunc_ln224_2_fu_786  |    0    |    0    |    0    |
|          |   trunc_ln224_3_fu_832  |    0    |    0    |    0    |
|          |   trunc_ln224_4_fu_878  |    0    |    0    |    0    |
|          |   trunc_ln224_5_fu_924  |    0    |    0    |    0    |
|          |   trunc_ln224_6_fu_970  |    0    |    0    |    0    |
|          |  trunc_ln224_7_fu_1016  |    0    |    0    |    0    |
|          |  trunc_ln224_8_fu_1062  |    0    |    0    |    0    |
|   trunc  |  trunc_ln224_9_fu_1086  |    0    |    0    |    0    |
|          |  trunc_ln224_10_fu_1110 |    0    |    0    |    0    |
|          |  trunc_ln224_11_fu_1134 |    0    |    0    |    0    |
|          |  trunc_ln224_12_fu_1158 |    0    |    0    |    0    |
|          |  trunc_ln224_13_fu_1182 |    0    |    0    |    0    |
|          |  trunc_ln224_14_fu_1206 |    0    |    0    |    0    |
|          |   trunc_ln858_fu_1248   |    0    |    0    |    0    |
|          |   trunc_ln237_fu_1401   |    0    |    0    |    0    |
|          |  trunc_ln237_1_fu_1427  |    0    |    0    |    0    |
|          |  trunc_ln237_2_fu_1453  |    0    |    0    |    0    |
|          |  trunc_ln237_3_fu_1479  |    0    |    0    |    0    |
|          |  trunc_ln237_4_fu_1505  |    0    |    0    |    0    |
|----------|-------------------------|---------|---------|---------|
|          |        tmp_fu_371       |    0    |    0    |    0    |
|          |      tmp_58_fu_472      |    0    |    0    |    0    |
|          |      tmp_59_fu_485      |    0    |    0    |    0    |
|          |      tmp_60_fu_498      |    0    |    0    |    0    |
|          |      tmp_61_fu_511      |    0    |    0    |    0    |
|          |      tmp_62_fu_524      |    0    |    0    |    0    |
|          |      tmp_63_fu_537      |    0    |    0    |    0    |
|          |      tmp_64_fu_550      |    0    |    0    |    0    |
|          |      tmp_65_fu_563      |    0    |    0    |    0    |
|          |    shifted_63_fu_691    |    0    |    0    |    0    |
|          |    shifted_65_fu_725    |    0    |    0    |    0    |
|          |    shifted_67_fu_764    |    0    |    0    |    0    |
|          |    shifted_69_fu_810    |    0    |    0    |    0    |
|          |      shifted_fu_856     |    0    |    0    |    0    |
|partselect|    shifted_72_fu_902    |    0    |    0    |    0    |
|          |    shifted_74_fu_948    |    0    |    0    |    0    |
|          |    shifted_76_fu_994    |    0    |    0    |    0    |
|          |    shifted_78_fu_1040   |    0    |    0    |    0    |
|          |     lut_idx_fu_1238     |    0    |    0    |    0    |
|          |     trunc_ln_fu_1287    |    0    |    0    |    0    |
|          |      tmp_66_fu_1317     |    0    |    0    |    0    |
|          |      tmp_67_fu_1343     |    0    |    0    |    0    |
|          |      tmp_68_fu_1365     |    0    |    0    |    0    |
|          |      tmp_69_fu_1387     |    0    |    0    |    0    |
|          |      tmp_70_fu_1413     |    0    |    0    |    0    |
|          |      tmp_71_fu_1439     |    0    |    0    |    0    |
|          |      tmp_72_fu_1465     |    0    |    0    |    0    |
|          |      tmp_73_fu_1491     |    0    |    0    |    0    |
|          |      tmp_74_fu_1517     |    0    |    0    |    0    |
|----------|-------------------------|---------|---------|---------|
|          |    zext_ln834_fu_468    |    0    |    0    |    0    |
|          |   zext_ln834_1_fu_481   |    0    |    0    |    0    |
|          |   zext_ln834_2_fu_494   |    0    |    0    |    0    |
|          |   zext_ln834_3_fu_507   |    0    |    0    |    0    |
|          |   zext_ln834_4_fu_520   |    0    |    0    |    0    |
|          |   zext_ln834_5_fu_533   |    0    |    0    |    0    |
|          |   zext_ln834_6_fu_546   |    0    |    0    |    0    |
|   zext   |   zext_ln834_7_fu_559   |    0    |    0    |    0    |
|          |    zext_ln848_fu_1252   |    0    |    0    |    0    |
|          |    zext_ln859_fu_1255   |    0    |    0    |    0    |
|          |    zext_ln860_fu_1265   |    0    |    0    |    0    |
|          |    zext_ln862_fu_1278   |    0    |    0    |    0    |
|          |   zext_ln859_1_fu_1297  |    0    |    0    |    0    |
|          |    zext_ln236_fu_1692   |    0    |    0    |    0    |
|          |   zext_ln236_1_fu_1766  |    0    |    0    |    0    |
|----------|-------------------------|---------|---------|---------|
|          |    shifted_64_fu_710    |    0    |    0    |    0    |
|          |    shifted_66_fu_744    |    0    |    0    |    0    |
|          |    shifted_68_fu_789    |    0    |    0    |    0    |
|          |    shifted_70_fu_835    |    0    |    0    |    0    |
|          |    shifted_71_fu_881    |    0    |    0    |    0    |
|          |    shifted_73_fu_927    |    0    |    0    |    0    |
|          |    shifted_75_fu_973    |    0    |    0    |    0    |
|          |    shifted_77_fu_1019   |    0    |    0    |    0    |
|          |    shifted_79_fu_1065   |    0    |    0    |    0    |
|          |    shifted_80_fu_1089   |    0    |    0    |    0    |
|          |    shifted_81_fu_1113   |    0    |    0    |    0    |
|bitconcatenate|    shifted_82_fu_1137   |    0    |    0    |    0    |
|          |    shifted_83_fu_1161   |    0    |    0    |    0    |
|          |    shifted_84_fu_1185   |    0    |    0    |    0    |
|          |    shifted_85_fu_1209   |    0    |    0    |    0    |
|          |    shifted_51_fu_1331   |    0    |    0    |    0    |
|          |    shifted_53_fu_1357   |    0    |    0    |    0    |
|          |    shifted_55_fu_1379   |    0    |    0    |    0    |
|          |    shifted_57_fu_1405   |    0    |    0    |    0    |
|          |    shifted_58_fu_1431   |    0    |    0    |    0    |
|          |    shifted_59_fu_1457   |    0    |    0    |    0    |
|          |    shifted_60_fu_1483   |    0    |    0    |    0    |
|          |    shifted_61_fu_1509   |    0    |    0    |    0    |
|          |     sel_tmp2_fu_1860    |    0    |    0    |    0    |
|----------|-------------------------|---------|---------|---------|
|          |    sext_ln862_fu_1274   |    0    |    0    |    0    |
|          |   sext_ln862_1_fu_1300  |    0    |    0    |    0    |
|          |    sext_ln231_fu_1313   |    0    |    0    |    0    |
|          |    shifted_50_fu_1327   |    0    |    0    |    0    |
|          |   sext_ln231_1_fu_1339  |    0    |    0    |    0    |
|          |    shifted_52_fu_1353   |    0    |    0    |    0    |
|   sext   |    shifted_54_fu_1375   |    0    |    0    |    0    |
|          |    shifted_56_fu_1397   |    0    |    0    |    0    |
|          |    sext_ln235_fu_1423   |    0    |    0    |    0    |
|          |   sext_ln235_1_fu_1449  |    0    |    0    |    0    |
|          |   sext_ln235_2_fu_1475  |    0    |    0    |    0    |
|          |   sext_ln235_3_fu_1501  |    0    |    0    |    0    |
|          |   sext_ln235_4_fu_1527  |    0    |    0    |    0    |
|          |    sext_ln671_fu_1840   |    0    |    0    |    0    |
|----------|-------------------------|---------|---------|---------|
|   Total  |                         |    1    |    0    |   1790  |
|----------|-------------------------|---------|---------|---------|

Memories:
N/A

* Register list:
+----------------------------+--------+
|                            |   FF   |
+----------------------------+--------+
|  abs_raw_signed_2_reg_1898 |   26   |
|     add_ln822_reg_1951     |    6   |
|    icmp_ln221_1_reg_1993   |    1   |
|    icmp_ln221_2_reg_2006   |    1   |
|    icmp_ln221_3_reg_2017   |    1   |
|    icmp_ln221_4_reg_2028   |    1   |
|    icmp_ln221_5_reg_2039   |    1   |
|    icmp_ln221_6_reg_2050   |    1   |
|    icmp_ln221_7_reg_2061   |    1   |
|    icmp_ln221_8_reg_2072   |    1   |
|     icmp_ln221_reg_1981    |    1   |
|   icmp_ln223_10_reg_2089   |    1   |
|   icmp_ln223_11_reg_2094   |    1   |
|   icmp_ln223_12_reg_2100   |    1   |
|   icmp_ln223_13_reg_2105   |    1   |
|   icmp_ln223_14_reg_2111   |    1   |
|   icmp_ln223_15_reg_2116   |    1   |
|    icmp_ln223_1_reg_2000   |    1   |
|    icmp_ln223_2_reg_2012   |    1   |
|    icmp_ln223_3_reg_2023   |    1   |
|    icmp_ln223_4_reg_2034   |    1   |
|    icmp_ln223_5_reg_2045   |    1   |
|    icmp_ln223_6_reg_2056   |    1   |
|    icmp_ln223_7_reg_2067   |    1   |
|    icmp_ln223_8_reg_2078   |    1   |
|    icmp_ln223_9_reg_2083   |    1   |
|     icmp_ln223_reg_1987    |    1   |
|     icmp_ln804_reg_1887    |    1   |
|     icmp_ln819_reg_1936    |    1   |
|     icmp_ln821_reg_1946    |    1   |
|      lut_idx_reg_2122      |    8   |
|        neg_reg_1893        |    1   |
|recip_lut_fn_addr_1_reg_2138|    9   |
| recip_lut_fn_addr_reg_2133 |    9   |
|      shift_4_reg_1956      |    6   |
|       shift_reg_1941       |    6   |
|    trunc_ln858_reg_2128    |    8   |
|      trunc_ln_reg_2155     |   19   |
|         v0_reg_2143        |   19   |
|         v1_reg_2150        |   19   |
+----------------------------+--------+
|            Total           |   164  |
+----------------------------+--------+

* Multiplexer (MUX) list: 
|-------------------|------|------|------|--------||---------||---------||---------|
|        Comp       |  Pin | Size |  BW  | S x BW ||  Delay  ||    FF   ||   LUT   |
|-------------------|------|------|------|--------||---------||---------||---------|
| grp_access_fu_295 |  p0  |   2  |   9  |   18   ||    0    ||    9    |
| grp_access_fu_295 |  p2  |   2  |   0  |    0   ||    0    ||    9    |
|-------------------|------|------|------|--------||---------||---------||---------|
|       Total       |      |      |      |   18   ||  0.854  ||    0    ||    18   |
|-------------------|------|------|------|--------||---------||---------||---------|



* Summary:
+-----------+--------+--------+--------+--------+
|           |   DSP  |  Delay |   FF   |   LUT  |
+-----------+--------+--------+--------+--------+
|  Function |    1   |    -   |    0   |  1790  |
|   Memory  |    -   |    -   |    -   |    -   |
|Multiplexer|    -   |    0   |    0   |   18   |
|  Register |    -   |    -   |   164  |    -   |
+-----------+--------+--------+--------+--------+
|   Total   |    1   |    0   |   164  |  1808  |
+-----------+--------+--------+--------+--------+
