

================================================================
== Vitis HLS Report for 'mpc_compute_hls_Pipeline_VITIS_LOOP_1337_19'
================================================================
* Date:           Thu May 21 15:23:07 2026

* Version:        2025.2 (Build 6295257 on Nov 14 2025)
* Project:        mpc_fpga_top_opencl
* Solution:       hls (Vitis Kernel Flow Target)
* Product family: zynquplus
* Target device:  xck26-sfvc784-2LV-c


================================================================
== Performance Estimates
================================================================
+ Timing: 
    * Summary: 
    +--------+---------+----------+------------+
    |  Clock |  Target | Estimated| Uncertainty|
    +--------+---------+----------+------------+
    |ap_clk  |  5.00 ns|  4.174 ns|     0.50 ns|
    +--------+---------+----------+------------+

+ Latency: 
    * Summary: 
    +---------+---------+----------+----------+-----+-----+-------------------+
    |  Latency (cycles) |  Latency (absolute) |  Interval |      Pipeline     |
    |   min   |   max   |    min   |    max   | min | max |        Type       |
    +---------+---------+----------+----------+-----+-----+-------------------+
    |       28|       28|  0.140 us|  0.140 us|    0|    0|  loop pipeline stp|
    +---------+---------+----------+----------+-----+-----+-------------------+

    + Detail: 
        * Instance: 
        N/A

        * Loop: 
        +----------------------+---------+---------+----------+-----------+-----------+------+----------+
        |                      |  Latency (cycles) | Iteration|  Initiation Interval  | Trip |          |
        |       Loop Name      |   min   |   max   |  Latency |  achieved |   target  | Count| Pipelined|
        +----------------------+---------+---------+----------+-----------+-----------+------+----------+
        |- VITIS_LOOP_1337_19  |       26|       26|         7|          1|          1|    21|       yes|
        +----------------------+---------+---------+----------+-----------+-----------+------+----------+

============================================================
+ Verbose Summary: Synthesis Manager
============================================================
InlineROM: 1
ExposeGlobal: 0
============================================================
+ Verbose Summary: CDFG Model
============================================================
IsTopModel: 0
ResetActiveHigh: 1
IsCombinational: 0
IsDatapathOnly: 0
HasWiredReturn: 1
HasMFsm: 2
HasVarLatency: 1
IsPipeline: 0
IsRtlPipelined: 0
IsInstanceOverlapped: 0
IsDontTouch: 0
HasImplIP: 0
IsGatedGlobalClock: 0

+ Individual pipeline summary: 
  * Pipeline-0: initiation interval (II) = 1, depth = 7


============================================================
+ Verbose Summary: Schedule
============================================================
* Number of FSM states : 7
* Pipeline : 1
  Pipeline-0 : II = 1, D = 7, States = { 1 2 3 4 5 6 7 }
* Dataflow Pipeline: 0

* FSM state transitions: 
1 --> 2 
2 --> 3 
3 --> 4 
4 --> 5 
5 --> 6 
6 --> 7 
7 --> 

* FSM state operations: 

State 1 <SV = 0> <Delay = 1.66>
ST_1 : Operation 10 [1/1] (0.00ns)   --->   "%x_norm = alloca i32 1" [../src/riccati_solver_hls.cpp:1320->../src/mpc_riccati_hls.cpp:649]   --->   Operation 10 'alloca' 'x_norm' <Predicate = true> <Delay = 0.00>
ST_1 : Operation 11 [1/1] (0.00ns)   --->   "%primal_ey = alloca i32 1" [../src/riccati_solver_hls.cpp:1331->../src/mpc_riccati_hls.cpp:649]   --->   Operation 11 'alloca' 'primal_ey' <Predicate = true> <Delay = 0.00>
ST_1 : Operation 12 [1/1] (0.00ns)   --->   "%dual_ey = alloca i32 1" [../src/riccati_solver_hls.cpp:1331->../src/mpc_riccati_hls.cpp:649]   --->   Operation 12 'alloca' 'dual_ey' <Predicate = true> <Delay = 0.00>
ST_1 : Operation 13 [1/1] (0.00ns)   --->   "%znorm_ey = alloca i32 1" [../src/riccati_solver_hls.cpp:1331->../src/mpc_riccati_hls.cpp:649]   --->   Operation 13 'alloca' 'znorm_ey' <Predicate = true> <Delay = 0.00>
ST_1 : Operation 14 [1/1] (0.00ns)   --->   "%lnorm_ey = alloca i32 1" [../src/riccati_solver_hls.cpp:1331->../src/mpc_riccati_hls.cpp:649]   --->   Operation 14 'alloca' 'lnorm_ey' <Predicate = true> <Delay = 0.00>
ST_1 : Operation 15 [1/1] (0.00ns)   --->   "%primal_da = alloca i32 1" [../src/riccati_solver_hls.cpp:1332->../src/mpc_riccati_hls.cpp:649]   --->   Operation 15 'alloca' 'primal_da' <Predicate = true> <Delay = 0.00>
ST_1 : Operation 16 [1/1] (0.00ns)   --->   "%dual_da = alloca i32 1" [../src/riccati_solver_hls.cpp:1332->../src/mpc_riccati_hls.cpp:649]   --->   Operation 16 'alloca' 'dual_da' <Predicate = true> <Delay = 0.00>
ST_1 : Operation 17 [1/1] (0.00ns)   --->   "%znorm_da = alloca i32 1" [../src/riccati_solver_hls.cpp:1332->../src/mpc_riccati_hls.cpp:649]   --->   Operation 17 'alloca' 'znorm_da' <Predicate = true> <Delay = 0.00>
ST_1 : Operation 18 [1/1] (0.00ns)   --->   "%lnorm_da = alloca i32 1" [../src/riccati_solver_hls.cpp:1332->../src/mpc_riccati_hls.cpp:649]   --->   Operation 18 'alloca' 'lnorm_da' <Predicate = true> <Delay = 0.00>
ST_1 : Operation 19 [1/1] (0.00ns)   --->   "%k_9 = alloca i32 1" [../src/riccati_solver_hls.cpp:1170->../src/mpc_riccati_hls.cpp:649]   --->   Operation 19 'alloca' 'k_9' <Predicate = true> <Delay = 0.00>
ST_1 : Operation 20 [1/1] (0.00ns)   --->   "%sext_ln1337_read = read i32 @_ssdm_op_Read.ap_auto.i32, i32 %sext_ln1337"   --->   Operation 20 'read' 'sext_ln1337_read' <Predicate = true> <Delay = 0.00>
ST_1 : Operation 21 [1/1] (0.00ns)   --->   "%terminal_wall_x_ub_con_reload_read = read i32 @_ssdm_op_Read.ap_auto.i32, i32 %terminal_wall_x_ub_con_reload"   --->   Operation 21 'read' 'terminal_wall_x_ub_con_reload_read' <Predicate = true> <Delay = 0.00>
ST_1 : Operation 22 [1/1] (0.00ns)   --->   "%terminal_wall_x_lb_con_reload_read = read i32 @_ssdm_op_Read.ap_auto.i32, i32 %terminal_wall_x_lb_con_reload"   --->   Operation 22 'read' 'terminal_wall_x_lb_con_reload_read' <Predicate = true> <Delay = 0.00>
ST_1 : Operation 23 [1/1] (0.00ns)   --->   "%sext_ln1337_cast = sext i32 %sext_ln1337_read"   --->   Operation 23 'sext' 'sext_ln1337_cast' <Predicate = true> <Delay = 0.00>
ST_1 : Operation 24 [1/1] (0.00ns)   --->   "%specmemcore_ln0 = specmemcore void @_ssdm_op_SpecMemCore, i32 %sol_x, i64 666, i64 23, i64 1, i1 0"   --->   Operation 24 'specmemcore' 'specmemcore_ln0' <Predicate = true> <Delay = 0.00>
ST_1 : Operation 25 [1/1] (0.00ns)   --->   "%specmemcore_ln0 = specmemcore void @_ssdm_op_SpecMemCore, i32 %sol_x_1, i64 666, i64 23, i64 1, i1 0"   --->   Operation 25 'specmemcore' 'specmemcore_ln0' <Predicate = true> <Delay = 0.00>
ST_1 : Operation 26 [1/1] (0.00ns)   --->   "%specmemcore_ln0 = specmemcore void @_ssdm_op_SpecMemCore, i32 %sol_x_2, i64 666, i64 23, i64 1, i1 0"   --->   Operation 26 'specmemcore' 'specmemcore_ln0' <Predicate = true> <Delay = 0.00>
ST_1 : Operation 27 [1/1] (0.00ns)   --->   "%specmemcore_ln0 = specmemcore void @_ssdm_op_SpecMemCore, i32 %sol_x_3, i64 666, i64 23, i64 1, i1 0"   --->   Operation 27 'specmemcore' 'specmemcore_ln0' <Predicate = true> <Delay = 0.00>
ST_1 : Operation 28 [1/1] (0.00ns)   --->   "%specmemcore_ln0 = specmemcore void @_ssdm_op_SpecMemCore, i32 %sol_x_4, i64 666, i64 23, i64 1, i1 0"   --->   Operation 28 'specmemcore' 'specmemcore_ln0' <Predicate = true> <Delay = 0.00>
ST_1 : Operation 29 [1/1] (0.00ns)   --->   "%specmemcore_ln0 = specmemcore void @_ssdm_op_SpecMemCore, i32 %sol_x_5, i64 666, i64 23, i64 1, i1 0"   --->   Operation 29 'specmemcore' 'specmemcore_ln0' <Predicate = true> <Delay = 0.00>
ST_1 : Operation 30 [1/1] (0.00ns)   --->   "%specmemcore_ln0 = specmemcore void @_ssdm_op_SpecMemCore, i32 %sol_x_6, i64 666, i64 23, i64 1, i1 0"   --->   Operation 30 'specmemcore' 'specmemcore_ln0' <Predicate = true> <Delay = 0.00>
ST_1 : Operation 31 [1/1] (0.00ns)   --->   "%specmemcore_ln0 = specmemcore void @_ssdm_op_SpecMemCore, i32 %sol_x_7, i64 666, i64 23, i64 1, i1 0"   --->   Operation 31 'specmemcore' 'specmemcore_ln0' <Predicate = true> <Delay = 0.00>
ST_1 : Operation 32 [1/1] (0.00ns)   --->   "%specmemcore_ln0 = specmemcore void @_ssdm_op_SpecMemCore, i32 %y_x, i64 666, i64 23, i64 1, i1 0"   --->   Operation 32 'specmemcore' 'specmemcore_ln0' <Predicate = true> <Delay = 0.00>
ST_1 : Operation 33 [1/1] (0.00ns)   --->   "%specmemcore_ln0 = specmemcore void @_ssdm_op_SpecMemCore, i32 %y_x_5, i64 666, i64 23, i64 1, i1 0"   --->   Operation 33 'specmemcore' 'specmemcore_ln0' <Predicate = true> <Delay = 0.00>
ST_1 : Operation 34 [1/1] (0.00ns)   --->   "%specmemcore_ln0 = specmemcore void @_ssdm_op_SpecMemCore, i32 %z_x, i64 666, i64 23, i64 1, i1 0"   --->   Operation 34 'specmemcore' 'specmemcore_ln0' <Predicate = true> <Delay = 0.00>
ST_1 : Operation 35 [1/1] (0.00ns)   --->   "%specmemcore_ln0 = specmemcore void @_ssdm_op_SpecMemCore, i32 %z_x_1, i64 666, i64 23, i64 1, i1 0"   --->   Operation 35 'specmemcore' 'specmemcore_ln0' <Predicate = true> <Delay = 0.00>
ST_1 : Operation 36 [1/1] (0.00ns)   --->   "%specmemcore_ln0 = specmemcore void @_ssdm_op_SpecMemCore, i32 %z_x_2, i64 666, i64 23, i64 1, i1 0"   --->   Operation 36 'specmemcore' 'specmemcore_ln0' <Predicate = true> <Delay = 0.00>
ST_1 : Operation 37 [1/1] (0.00ns)   --->   "%specmemcore_ln0 = specmemcore void @_ssdm_op_SpecMemCore, i32 %z_x_3, i64 666, i64 23, i64 1, i1 0"   --->   Operation 37 'specmemcore' 'specmemcore_ln0' <Predicate = true> <Delay = 0.00>
ST_1 : Operation 38 [1/1] (0.00ns)   --->   "%specmemcore_ln0 = specmemcore void @_ssdm_op_SpecMemCore, i32 %z_x_4, i64 666, i64 23, i64 1, i1 0"   --->   Operation 38 'specmemcore' 'specmemcore_ln0' <Predicate = true> <Delay = 0.00>
ST_1 : Operation 39 [1/1] (0.00ns)   --->   "%specmemcore_ln0 = specmemcore void @_ssdm_op_SpecMemCore, i32 %z_x_5, i64 666, i64 23, i64 1, i1 0"   --->   Operation 39 'specmemcore' 'specmemcore_ln0' <Predicate = true> <Delay = 0.00>
ST_1 : Operation 40 [1/1] (0.00ns)   --->   "%specmemcore_ln0 = specmemcore void @_ssdm_op_SpecMemCore, i32 %z_x_6, i64 666, i64 23, i64 1, i1 0"   --->   Operation 40 'specmemcore' 'specmemcore_ln0' <Predicate = true> <Delay = 0.00>
ST_1 : Operation 41 [1/1] (0.00ns)   --->   "%specmemcore_ln0 = specmemcore void @_ssdm_op_SpecMemCore, i32 %z_x_7, i64 666, i64 23, i64 1, i1 0"   --->   Operation 41 'specmemcore' 'specmemcore_ln0' <Predicate = true> <Delay = 0.00>
ST_1 : Operation 42 [1/1] (0.00ns)   --->   "%specmemcore_ln0 = specmemcore void @_ssdm_op_SpecMemCore, i32 %step_data_4, i64 666, i64 22, i64 1, i1 0"   --->   Operation 42 'specmemcore' 'specmemcore_ln0' <Predicate = true> <Delay = 0.00>
ST_1 : Operation 43 [1/1] (0.00ns)   --->   "%specmemcore_ln0 = specmemcore void @_ssdm_op_SpecMemCore, i32 %step_data_3, i64 666, i64 22, i64 1, i1 0"   --->   Operation 43 'specmemcore' 'specmemcore_ln0' <Predicate = true> <Delay = 0.00>
ST_1 : Operation 44 [1/1] (0.42ns)   --->   "%store_ln1170 = store i5 0, i5 %k_9" [../src/riccati_solver_hls.cpp:1170->../src/mpc_riccati_hls.cpp:649]   --->   Operation 44 'store' 'store_ln1170' <Predicate = true> <Delay = 0.42>
ST_1 : Operation 45 [1/1] (0.42ns)   --->   "%store_ln1332 = store i32 0, i32 %lnorm_da" [../src/riccati_solver_hls.cpp:1332->../src/mpc_riccati_hls.cpp:649]   --->   Operation 45 'store' 'store_ln1332' <Predicate = true> <Delay = 0.42>
ST_1 : Operation 46 [1/1] (0.42ns)   --->   "%store_ln1332 = store i31 0, i31 %znorm_da" [../src/riccati_solver_hls.cpp:1332->../src/mpc_riccati_hls.cpp:649]   --->   Operation 46 'store' 'store_ln1332' <Predicate = true> <Delay = 0.42>
ST_1 : Operation 47 [1/1] (0.42ns)   --->   "%store_ln1332 = store i32 0, i32 %dual_da" [../src/riccati_solver_hls.cpp:1332->../src/mpc_riccati_hls.cpp:649]   --->   Operation 47 'store' 'store_ln1332' <Predicate = true> <Delay = 0.42>
ST_1 : Operation 48 [1/1] (0.42ns)   --->   "%store_ln1332 = store i32 0, i32 %primal_da" [../src/riccati_solver_hls.cpp:1332->../src/mpc_riccati_hls.cpp:649]   --->   Operation 48 'store' 'store_ln1332' <Predicate = true> <Delay = 0.42>
ST_1 : Operation 49 [1/1] (0.42ns)   --->   "%store_ln1331 = store i32 0, i32 %lnorm_ey" [../src/riccati_solver_hls.cpp:1331->../src/mpc_riccati_hls.cpp:649]   --->   Operation 49 'store' 'store_ln1331' <Predicate = true> <Delay = 0.42>
ST_1 : Operation 50 [1/1] (0.42ns)   --->   "%store_ln1331 = store i32 0, i32 %znorm_ey" [../src/riccati_solver_hls.cpp:1331->../src/mpc_riccati_hls.cpp:649]   --->   Operation 50 'store' 'store_ln1331' <Predicate = true> <Delay = 0.42>
ST_1 : Operation 51 [1/1] (0.42ns)   --->   "%store_ln1331 = store i32 0, i32 %dual_ey" [../src/riccati_solver_hls.cpp:1331->../src/mpc_riccati_hls.cpp:649]   --->   Operation 51 'store' 'store_ln1331' <Predicate = true> <Delay = 0.42>
ST_1 : Operation 52 [1/1] (0.42ns)   --->   "%store_ln1331 = store i32 0, i32 %primal_ey" [../src/riccati_solver_hls.cpp:1331->../src/mpc_riccati_hls.cpp:649]   --->   Operation 52 'store' 'store_ln1331' <Predicate = true> <Delay = 0.42>
ST_1 : Operation 53 [1/1] (0.42ns)   --->   "%store_ln1320 = store i32 0, i32 %x_norm" [../src/riccati_solver_hls.cpp:1320->../src/mpc_riccati_hls.cpp:649]   --->   Operation 53 'store' 'store_ln1320' <Predicate = true> <Delay = 0.42>
ST_1 : Operation 54 [1/1] (0.00ns)   --->   "%br_ln0 = br void %for.body373.i"   --->   Operation 54 'br' 'br_ln0' <Predicate = true> <Delay = 0.00>
ST_1 : Operation 55 [1/1] (0.00ns)   --->   "%k = load i5 %k_9" [../src/riccati_solver_hls.cpp:1337->../src/mpc_riccati_hls.cpp:649]   --->   Operation 55 'load' 'k' <Predicate = true> <Delay = 0.00>
ST_1 : Operation 56 [1/1] (0.78ns)   --->   "%icmp_ln1337 = icmp_eq  i5 %k, i5 21" [../src/riccati_solver_hls.cpp:1337->../src/mpc_riccati_hls.cpp:649]   --->   Operation 56 'icmp' 'icmp_ln1337' <Predicate = true> <Delay = 0.78> <CoreInst = "Cmp">   --->   Core 9 'Cmp' <Latency = 0> <II = 1> <Delay = 0.78> <FuncUnit> <Opcode : 'seteq' 'setne' 'setle' 'setge' 'setlt' 'setgt'> <InPorts = 2> <OutPorts = 1>
ST_1 : Operation 57 [1/1] (0.78ns)   --->   "%add_ln1337 = add i5 %k, i5 1" [../src/riccati_solver_hls.cpp:1337->../src/mpc_riccati_hls.cpp:649]   --->   Operation 57 'add' 'add_ln1337' <Predicate = true> <Delay = 0.78> <CoreInst = "Adder">   --->   Core 1 'Adder' <Latency = 0> <II = 1> <Delay = 0.78> <FuncUnit> <Opcode : 'add' 'sub'> <InPorts = 2> <OutPorts = 1>
ST_1 : Operation 58 [1/1] (0.00ns)   --->   "%br_ln1337 = br i1 %icmp_ln1337, void %fpga_resource_hint.if.end456.i.112, void %for.end495.i.exitStub" [../src/riccati_solver_hls.cpp:1337->../src/mpc_riccati_hls.cpp:649]   --->   Operation 58 'br' 'br_ln1337' <Predicate = true> <Delay = 0.00>
ST_1 : Operation 59 [1/1] (0.00ns)   --->   "%zext_ln1337 = zext i5 %k" [../src/riccati_solver_hls.cpp:1337->../src/mpc_riccati_hls.cpp:649]   --->   Operation 59 'zext' 'zext_ln1337' <Predicate = (!icmp_ln1337)> <Delay = 0.00>
ST_1 : Operation 60 [1/1] (0.00ns)   --->   "%sol_x_1_addr = getelementptr i32 %sol_x_1, i64 0, i64 %zext_ln1337" [../src/riccati_solver_hls.cpp:1341->../src/mpc_riccati_hls.cpp:649]   --->   Operation 60 'getelementptr' 'sol_x_1_addr' <Predicate = (!icmp_ln1337)> <Delay = 0.00>
ST_1 : Operation 61 [2/2] (0.67ns)   --->   "%a_106 = load i5 %sol_x_1_addr" [../src/riccati_solver_hls.cpp:1341->../src/mpc_riccati_hls.cpp:649]   --->   Operation 61 'load' 'a_106' <Predicate = (!icmp_ln1337)> <Delay = 0.67> <CoreInst = "RAM_2P_LUTRAM">   --->   Core 92 'RAM_2P_LUTRAM' <Latency = 1> <II = 1> <Delay = 0.67> <Storage> <Opcode : 'load' 'store'> <Ports = 2> <Width = 32> <Depth = 21> <RAM>
ST_1 : Operation 62 [1/1] (0.00ns)   --->   "%sol_x_2_addr = getelementptr i32 %sol_x_2, i64 0, i64 %zext_ln1337" [../src/riccati_solver_hls.cpp:1342->../src/mpc_riccati_hls.cpp:649]   --->   Operation 62 'getelementptr' 'sol_x_2_addr' <Predicate = (!icmp_ln1337)> <Delay = 0.00>
ST_1 : Operation 63 [1/1] (0.00ns)   --->   "%sol_x_3_addr = getelementptr i32 %sol_x_3, i64 0, i64 %zext_ln1337" [../src/riccati_solver_hls.cpp:1343->../src/mpc_riccati_hls.cpp:649]   --->   Operation 63 'getelementptr' 'sol_x_3_addr' <Predicate = (!icmp_ln1337)> <Delay = 0.00>
ST_1 : Operation 64 [1/1] (0.00ns)   --->   "%sol_x_4_addr = getelementptr i32 %sol_x_4, i64 0, i64 %zext_ln1337" [../src/riccati_solver_hls.cpp:1344->../src/mpc_riccati_hls.cpp:649]   --->   Operation 64 'getelementptr' 'sol_x_4_addr' <Predicate = (!icmp_ln1337)> <Delay = 0.00>
ST_1 : Operation 65 [1/1] (0.00ns)   --->   "%sol_x_6_addr = getelementptr i32 %sol_x_6, i64 0, i64 %zext_ln1337" [../src/riccati_solver_hls.cpp:1345->../src/mpc_riccati_hls.cpp:649]   --->   Operation 65 'getelementptr' 'sol_x_6_addr' <Predicate = (!icmp_ln1337)> <Delay = 0.00>
ST_1 : Operation 66 [1/1] (0.00ns)   --->   "%sol_x_7_addr = getelementptr i32 %sol_x_7, i64 0, i64 %zext_ln1337" [../src/riccati_solver_hls.cpp:1346->../src/mpc_riccati_hls.cpp:649]   --->   Operation 66 'getelementptr' 'sol_x_7_addr' <Predicate = (!icmp_ln1337)> <Delay = 0.00>
ST_1 : Operation 67 [1/1] (0.00ns)   --->   "%sol_x_addr = getelementptr i32 %sol_x, i64 0, i64 %zext_ln1337" [../src/riccati_solver_hls.cpp:1349->../src/mpc_riccati_hls.cpp:649]   --->   Operation 67 'getelementptr' 'sol_x_addr' <Predicate = (!icmp_ln1337)> <Delay = 0.00>
ST_1 : Operation 68 [1/1] (0.00ns)   --->   "%sol_x_5_addr = getelementptr i32 %sol_x_5, i64 0, i64 %zext_ln1337" [../src/riccati_solver_hls.cpp:1350->../src/mpc_riccati_hls.cpp:649]   --->   Operation 68 'getelementptr' 'sol_x_5_addr' <Predicate = (!icmp_ln1337)> <Delay = 0.00>
ST_1 : Operation 69 [2/2] (0.67ns)   --->   "%a_107 = load i5 %sol_x_2_addr" [../src/riccati_solver_hls.cpp:1342->../src/mpc_riccati_hls.cpp:649]   --->   Operation 69 'load' 'a_107' <Predicate = (!icmp_ln1337)> <Delay = 0.67> <CoreInst = "RAM_2P_LUTRAM">   --->   Core 92 'RAM_2P_LUTRAM' <Latency = 1> <II = 1> <Delay = 0.67> <Storage> <Opcode : 'load' 'store'> <Ports = 2> <Width = 32> <Depth = 21> <RAM>
ST_1 : Operation 70 [2/2] (0.67ns)   --->   "%a_108 = load i5 %sol_x_3_addr" [../src/riccati_solver_hls.cpp:1343->../src/mpc_riccati_hls.cpp:649]   --->   Operation 70 'load' 'a_108' <Predicate = (!icmp_ln1337)> <Delay = 0.67> <CoreInst = "RAM_2P_LUTRAM">   --->   Core 92 'RAM_2P_LUTRAM' <Latency = 1> <II = 1> <Delay = 0.67> <Storage> <Opcode : 'load' 'store'> <Ports = 2> <Width = 32> <Depth = 21> <RAM>
ST_1 : Operation 71 [2/2] (0.67ns)   --->   "%a_109 = load i5 %sol_x_4_addr" [../src/riccati_solver_hls.cpp:1344->../src/mpc_riccati_hls.cpp:649]   --->   Operation 71 'load' 'a_109' <Predicate = (!icmp_ln1337)> <Delay = 0.67> <CoreInst = "RAM_2P_LUTRAM">   --->   Core 92 'RAM_2P_LUTRAM' <Latency = 1> <II = 1> <Delay = 0.67> <Storage> <Opcode : 'load' 'store'> <Ports = 2> <Width = 32> <Depth = 21> <RAM>
ST_1 : Operation 72 [2/2] (0.67ns)   --->   "%a_111 = load i5 %sol_x_6_addr" [../src/riccati_solver_hls.cpp:1345->../src/mpc_riccati_hls.cpp:649]   --->   Operation 72 'load' 'a_111' <Predicate = (!icmp_ln1337)> <Delay = 0.67> <CoreInst = "RAM_2P_LUTRAM">   --->   Core 92 'RAM_2P_LUTRAM' <Latency = 1> <II = 1> <Delay = 0.67> <Storage> <Opcode : 'load' 'store'> <Ports = 2> <Width = 32> <Depth = 21> <RAM>
ST_1 : Operation 73 [2/2] (0.67ns)   --->   "%a_112 = load i5 %sol_x_7_addr" [../src/riccati_solver_hls.cpp:1346->../src/mpc_riccati_hls.cpp:649]   --->   Operation 73 'load' 'a_112' <Predicate = (!icmp_ln1337)> <Delay = 0.67> <CoreInst = "RAM_2P_LUTRAM">   --->   Core 92 'RAM_2P_LUTRAM' <Latency = 1> <II = 1> <Delay = 0.67> <Storage> <Opcode : 'load' 'store'> <Ports = 2> <Width = 32> <Depth = 21> <RAM>
ST_1 : Operation 74 [2/2] (0.67ns)   --->   "%a_120 = load i5 %sol_x_addr" [../src/riccati_solver_hls.cpp:1349->../src/mpc_riccati_hls.cpp:649]   --->   Operation 74 'load' 'a_120' <Predicate = (!icmp_ln1337)> <Delay = 0.67> <CoreInst = "RAM_2P_LUTRAM">   --->   Core 92 'RAM_2P_LUTRAM' <Latency = 1> <II = 1> <Delay = 0.67> <Storage> <Opcode : 'load' 'store'> <Ports = 2> <Width = 32> <Depth = 21> <RAM>
ST_1 : Operation 75 [2/2] (0.67ns)   --->   "%a_121 = load i5 %sol_x_5_addr" [../src/riccati_solver_hls.cpp:1350->../src/mpc_riccati_hls.cpp:649]   --->   Operation 75 'load' 'a_121' <Predicate = (!icmp_ln1337)> <Delay = 0.67> <CoreInst = "RAM_2P_LUTRAM">   --->   Core 92 'RAM_2P_LUTRAM' <Latency = 1> <II = 1> <Delay = 0.67> <Storage> <Opcode : 'load' 'store'> <Ports = 2> <Width = 32> <Depth = 21> <RAM>
ST_1 : Operation 76 [1/1] (0.78ns)   --->   "%icmp_ln1358 = icmp_ult  i5 %k, i5 20" [../src/riccati_solver_hls.cpp:1358->../src/mpc_riccati_hls.cpp:649]   --->   Operation 76 'icmp' 'icmp_ln1358' <Predicate = (!icmp_ln1337)> <Delay = 0.78> <CoreInst = "Cmp">   --->   Core 9 'Cmp' <Latency = 0> <II = 1> <Delay = 0.78> <FuncUnit> <Opcode : 'seteq' 'setne' 'setle' 'setge' 'setlt' 'setgt'> <InPorts = 2> <OutPorts = 1>
ST_1 : Operation 77 [1/1] (0.00ns)   --->   "%step_data_3_addr = getelementptr i32 %step_data_3, i64 0, i64 %zext_ln1337" [../src/riccati_solver_hls.cpp:104->../src/riccati_solver_hls.cpp:1359->../src/mpc_riccati_hls.cpp:649]   --->   Operation 77 'getelementptr' 'step_data_3_addr' <Predicate = (!icmp_ln1337)> <Delay = 0.00>
ST_1 : Operation 78 [2/2] (1.23ns)   --->   "%step_data_3_load = load i5 %step_data_3_addr" [../src/riccati_solver_hls.cpp:104->../src/riccati_solver_hls.cpp:1359->../src/mpc_riccati_hls.cpp:649]   --->   Operation 78 'load' 'step_data_3_load' <Predicate = (!icmp_ln1337)> <Delay = 1.23> <CoreInst = "RAM_2P_BRAM">   --->   Core 93 'RAM_2P_BRAM' <Latency = 1> <II = 1> <Delay = 1.23> <Storage> <Opcode : 'load' 'store'> <Ports = 2> <Width = 32> <Depth = 20> <RAM>
ST_1 : Operation 79 [1/1] (0.00ns)   --->   "%step_data_4_addr = getelementptr i32 %step_data_4, i64 0, i64 %zext_ln1337" [../src/riccati_solver_hls.cpp:109->../src/riccati_solver_hls.cpp:1360->../src/mpc_riccati_hls.cpp:649]   --->   Operation 79 'getelementptr' 'step_data_4_addr' <Predicate = (!icmp_ln1337)> <Delay = 0.00>
ST_1 : Operation 80 [2/2] (1.23ns)   --->   "%step_data_4_load = load i5 %step_data_4_addr" [../src/riccati_solver_hls.cpp:109->../src/riccati_solver_hls.cpp:1360->../src/mpc_riccati_hls.cpp:649]   --->   Operation 80 'load' 'step_data_4_load' <Predicate = (!icmp_ln1337)> <Delay = 1.23> <CoreInst = "RAM_2P_BRAM">   --->   Core 93 'RAM_2P_BRAM' <Latency = 1> <II = 1> <Delay = 1.23> <Storage> <Opcode : 'load' 'store'> <Ports = 2> <Width = 32> <Depth = 20> <RAM>
ST_1 : Operation 81 [1/1] (0.00ns)   --->   "%y_x_addr = getelementptr i32 %y_x, i64 0, i64 %zext_ln1337" [../src/riccati_solver_hls.cpp:1363->../src/mpc_riccati_hls.cpp:649]   --->   Operation 81 'getelementptr' 'y_x_addr' <Predicate = (!icmp_ln1337)> <Delay = 0.00>
ST_1 : Operation 82 [2/2] (0.67ns)   --->   "%value_163 = load i5 %y_x_addr" [../src/riccati_solver_hls.cpp:1363->../src/mpc_riccati_hls.cpp:649]   --->   Operation 82 'load' 'value_163' <Predicate = (!icmp_ln1337)> <Delay = 0.67> <CoreInst = "RAM_2P_LUTRAM">   --->   Core 92 'RAM_2P_LUTRAM' <Latency = 1> <II = 1> <Delay = 0.67> <Storage> <Opcode : 'load' 'store'> <Ports = 2> <Width = 32> <Depth = 21> <RAM>
ST_1 : Operation 83 [1/1] (0.00ns)   --->   "%y_x_5_addr = getelementptr i32 %y_x_5, i64 0, i64 %zext_ln1337" [../src/riccati_solver_hls.cpp:1378->../src/mpc_riccati_hls.cpp:649]   --->   Operation 83 'getelementptr' 'y_x_5_addr' <Predicate = (!icmp_ln1337)> <Delay = 0.00>
ST_1 : Operation 84 [2/2] (0.67ns)   --->   "%value = load i5 %y_x_5_addr" [../src/riccati_solver_hls.cpp:1378->../src/mpc_riccati_hls.cpp:649]   --->   Operation 84 'load' 'value' <Predicate = (!icmp_ln1337)> <Delay = 0.67> <CoreInst = "RAM_2P_LUTRAM">   --->   Core 92 'RAM_2P_LUTRAM' <Latency = 1> <II = 1> <Delay = 0.67> <Storage> <Opcode : 'load' 'store'> <Ports = 2> <Width = 32> <Depth = 21> <RAM>
ST_1 : Operation 85 [1/1] (0.42ns)   --->   "%store_ln1170 = store i5 %add_ln1337, i5 %k_9" [../src/riccati_solver_hls.cpp:1170->../src/mpc_riccati_hls.cpp:649]   --->   Operation 85 'store' 'store_ln1170' <Predicate = (!icmp_ln1337)> <Delay = 0.42>

State 2 <SV = 1> <Delay = 4.17>
ST_2 : Operation 86 [1/1] (0.00ns)   --->   "%z_x_1_addr = getelementptr i32 %z_x_1, i64 0, i64 %zext_ln1337" [../src/riccati_solver_hls.cpp:1341->../src/mpc_riccati_hls.cpp:649]   --->   Operation 86 'getelementptr' 'z_x_1_addr' <Predicate = true> <Delay = 0.00>
ST_2 : Operation 87 [1/2] ( I:0.67ns O:0.67ns )   --->   "%a_106 = load i5 %sol_x_1_addr" [../src/riccati_solver_hls.cpp:1341->../src/mpc_riccati_hls.cpp:649]   --->   Operation 87 'load' 'a_106' <Predicate = true> <Delay = 0.67> <CoreInst = "RAM_2P_LUTRAM">   --->   Core 92 'RAM_2P_LUTRAM' <Latency = 1> <II = 1> <Delay = 0.67> <Storage> <Opcode : 'load' 'store'> <Ports = 2> <Width = 32> <Depth = 21> <RAM>
ST_2 : Operation 88 [1/1] (0.00ns)   --->   "%z_x_2_addr = getelementptr i32 %z_x_2, i64 0, i64 %zext_ln1337" [../src/riccati_solver_hls.cpp:1342->../src/mpc_riccati_hls.cpp:649]   --->   Operation 88 'getelementptr' 'z_x_2_addr' <Predicate = true> <Delay = 0.00>
ST_2 : Operation 89 [1/1] (0.00ns)   --->   "%z_x_3_addr = getelementptr i32 %z_x_3, i64 0, i64 %zext_ln1337" [../src/riccati_solver_hls.cpp:1343->../src/mpc_riccati_hls.cpp:649]   --->   Operation 89 'getelementptr' 'z_x_3_addr' <Predicate = true> <Delay = 0.00>
ST_2 : Operation 90 [1/1] (0.00ns)   --->   "%z_x_4_addr = getelementptr i32 %z_x_4, i64 0, i64 %zext_ln1337" [../src/riccati_solver_hls.cpp:1344->../src/mpc_riccati_hls.cpp:649]   --->   Operation 90 'getelementptr' 'z_x_4_addr' <Predicate = true> <Delay = 0.00>
ST_2 : Operation 91 [1/1] (0.00ns)   --->   "%z_x_6_addr = getelementptr i32 %z_x_6, i64 0, i64 %zext_ln1337" [../src/riccati_solver_hls.cpp:1345->../src/mpc_riccati_hls.cpp:649]   --->   Operation 91 'getelementptr' 'z_x_6_addr' <Predicate = true> <Delay = 0.00>
ST_2 : Operation 92 [1/1] (0.00ns)   --->   "%z_x_7_addr = getelementptr i32 %z_x_7, i64 0, i64 %zext_ln1337" [../src/riccati_solver_hls.cpp:1346->../src/mpc_riccati_hls.cpp:649]   --->   Operation 92 'getelementptr' 'z_x_7_addr' <Predicate = true> <Delay = 0.00>
ST_2 : Operation 93 [1/2] ( I:0.67ns O:0.67ns )   --->   "%a_107 = load i5 %sol_x_2_addr" [../src/riccati_solver_hls.cpp:1342->../src/mpc_riccati_hls.cpp:649]   --->   Operation 93 'load' 'a_107' <Predicate = true> <Delay = 0.67> <CoreInst = "RAM_2P_LUTRAM">   --->   Core 92 'RAM_2P_LUTRAM' <Latency = 1> <II = 1> <Delay = 0.67> <Storage> <Opcode : 'load' 'store'> <Ports = 2> <Width = 32> <Depth = 21> <RAM>
ST_2 : Operation 94 [1/2] ( I:0.67ns O:0.67ns )   --->   "%a_108 = load i5 %sol_x_3_addr" [../src/riccati_solver_hls.cpp:1343->../src/mpc_riccati_hls.cpp:649]   --->   Operation 94 'load' 'a_108' <Predicate = true> <Delay = 0.67> <CoreInst = "RAM_2P_LUTRAM">   --->   Core 92 'RAM_2P_LUTRAM' <Latency = 1> <II = 1> <Delay = 0.67> <Storage> <Opcode : 'load' 'store'> <Ports = 2> <Width = 32> <Depth = 21> <RAM>
ST_2 : Operation 95 [1/2] ( I:0.67ns O:0.67ns )   --->   "%a_109 = load i5 %sol_x_4_addr" [../src/riccati_solver_hls.cpp:1344->../src/mpc_riccati_hls.cpp:649]   --->   Operation 95 'load' 'a_109' <Predicate = true> <Delay = 0.67> <CoreInst = "RAM_2P_LUTRAM">   --->   Core 92 'RAM_2P_LUTRAM' <Latency = 1> <II = 1> <Delay = 0.67> <Storage> <Opcode : 'load' 'store'> <Ports = 2> <Width = 32> <Depth = 21> <RAM>
ST_2 : Operation 96 [1/2] ( I:0.67ns O:0.67ns )   --->   "%a_111 = load i5 %sol_x_6_addr" [../src/riccati_solver_hls.cpp:1345->../src/mpc_riccati_hls.cpp:649]   --->   Operation 96 'load' 'a_111' <Predicate = true> <Delay = 0.67> <CoreInst = "RAM_2P_LUTRAM">   --->   Core 92 'RAM_2P_LUTRAM' <Latency = 1> <II = 1> <Delay = 0.67> <Storage> <Opcode : 'load' 'store'> <Ports = 2> <Width = 32> <Depth = 21> <RAM>
ST_2 : Operation 97 [1/2] ( I:0.67ns O:0.67ns )   --->   "%a_112 = load i5 %sol_x_7_addr" [../src/riccati_solver_hls.cpp:1346->../src/mpc_riccati_hls.cpp:649]   --->   Operation 97 'load' 'a_112' <Predicate = true> <Delay = 0.67> <CoreInst = "RAM_2P_LUTRAM">   --->   Core 92 'RAM_2P_LUTRAM' <Latency = 1> <II = 1> <Delay = 0.67> <Storage> <Opcode : 'load' 'store'> <Ports = 2> <Width = 32> <Depth = 21> <RAM>
ST_2 : Operation 98 [1/1] ( I:0.67ns O:0.67ns )   --->   "%store_ln1341 = store i32 %a_106, i5 %z_x_1_addr" [../src/riccati_solver_hls.cpp:1341->../src/mpc_riccati_hls.cpp:649]   --->   Operation 98 'store' 'store_ln1341' <Predicate = true> <Delay = 0.67> <CoreInst = "RAM_2P_LUTRAM">   --->   Core 92 'RAM_2P_LUTRAM' <Latency = 1> <II = 1> <Delay = 0.67> <Storage> <Opcode : 'load' 'store'> <Ports = 2> <Width = 32> <Depth = 21> <RAM>
ST_2 : Operation 99 [1/1] ( I:0.67ns O:0.67ns )   --->   "%store_ln1342 = store i32 %a_107, i5 %z_x_2_addr" [../src/riccati_solver_hls.cpp:1342->../src/mpc_riccati_hls.cpp:649]   --->   Operation 99 'store' 'store_ln1342' <Predicate = true> <Delay = 0.67> <CoreInst = "RAM_2P_LUTRAM">   --->   Core 92 'RAM_2P_LUTRAM' <Latency = 1> <II = 1> <Delay = 0.67> <Storage> <Opcode : 'load' 'store'> <Ports = 2> <Width = 32> <Depth = 21> <RAM>
ST_2 : Operation 100 [1/1] ( I:0.67ns O:0.67ns )   --->   "%store_ln1343 = store i32 %a_108, i5 %z_x_3_addr" [../src/riccati_solver_hls.cpp:1343->../src/mpc_riccati_hls.cpp:649]   --->   Operation 100 'store' 'store_ln1343' <Predicate = true> <Delay = 0.67> <CoreInst = "RAM_2P_LUTRAM">   --->   Core 92 'RAM_2P_LUTRAM' <Latency = 1> <II = 1> <Delay = 0.67> <Storage> <Opcode : 'load' 'store'> <Ports = 2> <Width = 32> <Depth = 21> <RAM>
ST_2 : Operation 101 [1/1] ( I:0.67ns O:0.67ns )   --->   "%store_ln1344 = store i32 %a_109, i5 %z_x_4_addr" [../src/riccati_solver_hls.cpp:1344->../src/mpc_riccati_hls.cpp:649]   --->   Operation 101 'store' 'store_ln1344' <Predicate = true> <Delay = 0.67> <CoreInst = "RAM_2P_LUTRAM">   --->   Core 92 'RAM_2P_LUTRAM' <Latency = 1> <II = 1> <Delay = 0.67> <Storage> <Opcode : 'load' 'store'> <Ports = 2> <Width = 32> <Depth = 21> <RAM>
ST_2 : Operation 102 [1/1] ( I:0.67ns O:0.67ns )   --->   "%store_ln1345 = store i32 %a_111, i5 %z_x_6_addr" [../src/riccati_solver_hls.cpp:1345->../src/mpc_riccati_hls.cpp:649]   --->   Operation 102 'store' 'store_ln1345' <Predicate = true> <Delay = 0.67> <CoreInst = "RAM_2P_LUTRAM">   --->   Core 92 'RAM_2P_LUTRAM' <Latency = 1> <II = 1> <Delay = 0.67> <Storage> <Opcode : 'load' 'store'> <Ports = 2> <Width = 32> <Depth = 21> <RAM>
ST_2 : Operation 103 [1/1] ( I:0.67ns O:0.67ns )   --->   "%store_ln1346 = store i32 %a_112, i5 %z_x_7_addr" [../src/riccati_solver_hls.cpp:1346->../src/mpc_riccati_hls.cpp:649]   --->   Operation 103 'store' 'store_ln1346' <Predicate = true> <Delay = 0.67> <CoreInst = "RAM_2P_LUTRAM">   --->   Core 92 'RAM_2P_LUTRAM' <Latency = 1> <II = 1> <Delay = 0.67> <Storage> <Opcode : 'load' 'store'> <Ports = 2> <Width = 32> <Depth = 21> <RAM>
ST_2 : Operation 104 [1/2] ( I:0.67ns O:0.67ns )   --->   "%a_120 = load i5 %sol_x_addr" [../src/riccati_solver_hls.cpp:1349->../src/mpc_riccati_hls.cpp:649]   --->   Operation 104 'load' 'a_120' <Predicate = true> <Delay = 0.67> <CoreInst = "RAM_2P_LUTRAM">   --->   Core 92 'RAM_2P_LUTRAM' <Latency = 1> <II = 1> <Delay = 0.67> <Storage> <Opcode : 'load' 'store'> <Ports = 2> <Width = 32> <Depth = 21> <RAM>
ST_2 : Operation 105 [1/2] ( I:0.67ns O:0.67ns )   --->   "%a_121 = load i5 %sol_x_5_addr" [../src/riccati_solver_hls.cpp:1350->../src/mpc_riccati_hls.cpp:649]   --->   Operation 105 'load' 'a_121' <Predicate = true> <Delay = 0.67> <CoreInst = "RAM_2P_LUTRAM">   --->   Core 92 'RAM_2P_LUTRAM' <Latency = 1> <II = 1> <Delay = 0.67> <Storage> <Opcode : 'load' 'store'> <Ports = 2> <Width = 32> <Depth = 21> <RAM>
ST_2 : Operation 106 [1/1] (0.00ns)   --->   "%tmp = bitselect i1 @_ssdm_op_BitSelect.i1.i32.i32, i32 %a_120, i32 31" [include/fp_math_hls.h:118->include/fp_math_hls.h:335->../src/riccati_solver_hls.cpp:1349->../src/mpc_riccati_hls.cpp:649]   --->   Operation 106 'bitselect' 'tmp' <Predicate = true> <Delay = 0.00>
ST_2 : Operation 107 [1/1] (1.01ns)   --->   "%sub_ln118_1 = sub i32 0, i32 %a_120" [include/fp_math_hls.h:118->include/fp_math_hls.h:335->../src/riccati_solver_hls.cpp:1349->../src/mpc_riccati_hls.cpp:649]   --->   Operation 107 'sub' 'sub_ln118_1' <Predicate = true> <Delay = 1.01> <CoreInst = "Adder">   --->   Core 1 'Adder' <Latency = 0> <II = 1> <Delay = 1.01> <FuncUnit> <Opcode : 'add' 'sub'> <InPorts = 2> <OutPorts = 1>
ST_2 : Operation 108 [1/1] (0.44ns)   --->   "%select_ln118_2 = select i1 %tmp, i32 %sub_ln118_1, i32 %a_120" [include/fp_math_hls.h:118->include/fp_math_hls.h:335->../src/riccati_solver_hls.cpp:1349->../src/mpc_riccati_hls.cpp:649]   --->   Operation 108 'select' 'select_ln118_2' <Predicate = true> <Delay = 0.44> <CoreInst = "Sel">   --->   Core 73 'Sel' <Latency = 0> <II = 1> <Delay = 0.44> <FuncUnit> <Opcode : 'select'> <InPorts = 3> <OutPorts = 1>
ST_2 : Operation 109 [1/1] (0.00ns)   --->   "%tmp_22 = bitselect i1 @_ssdm_op_BitSelect.i1.i32.i32, i32 %a_106, i32 31" [include/fp_math_hls.h:118->include/fp_math_hls.h:335->../src/riccati_solver_hls.cpp:1349->../src/mpc_riccati_hls.cpp:649]   --->   Operation 109 'bitselect' 'tmp_22' <Predicate = true> <Delay = 0.00>
ST_2 : Operation 110 [1/1] (1.01ns)   --->   "%sub_ln118_2 = sub i32 0, i32 %a_106" [include/fp_math_hls.h:118->include/fp_math_hls.h:335->../src/riccati_solver_hls.cpp:1349->../src/mpc_riccati_hls.cpp:649]   --->   Operation 110 'sub' 'sub_ln118_2' <Predicate = true> <Delay = 1.01> <CoreInst = "Adder">   --->   Core 1 'Adder' <Latency = 0> <II = 1> <Delay = 1.01> <FuncUnit> <Opcode : 'add' 'sub'> <InPorts = 2> <OutPorts = 1>
ST_2 : Operation 111 [1/1] (0.44ns)   --->   "%select_ln118_3 = select i1 %tmp_22, i32 %sub_ln118_2, i32 %a_106" [include/fp_math_hls.h:118->include/fp_math_hls.h:335->../src/riccati_solver_hls.cpp:1349->../src/mpc_riccati_hls.cpp:649]   --->   Operation 111 'select' 'select_ln118_3' <Predicate = true> <Delay = 0.44> <CoreInst = "Sel">   --->   Core 73 'Sel' <Latency = 0> <II = 1> <Delay = 0.44> <FuncUnit> <Opcode : 'select'> <InPorts = 3> <OutPorts = 1>
ST_2 : Operation 112 [1/1] (1.01ns)   --->   "%icmp_ln123 = icmp_sgt  i32 %select_ln118_2, i32 %select_ln118_3" [include/fp_math_hls.h:123->include/fp_math_hls.h:335->../src/riccati_solver_hls.cpp:1349->../src/mpc_riccati_hls.cpp:649]   --->   Operation 112 'icmp' 'icmp_ln123' <Predicate = true> <Delay = 1.01> <CoreInst = "Cmp">   --->   Core 9 'Cmp' <Latency = 0> <II = 1> <Delay = 1.01> <FuncUnit> <Opcode : 'seteq' 'setne' 'setle' 'setge' 'setlt' 'setgt'> <InPorts = 2> <OutPorts = 1>
ST_2 : Operation 113 [1/1] (0.44ns)   --->   "%select_ln121 = select i1 %icmp_ln123, i32 %select_ln118_2, i32 %select_ln118_3" [include/fp_math_hls.h:121->include/fp_math_hls.h:339->../src/riccati_solver_hls.cpp:1349->../src/mpc_riccati_hls.cpp:649]   --->   Operation 113 'select' 'select_ln121' <Predicate = true> <Delay = 0.44> <CoreInst = "Sel">   --->   Core 73 'Sel' <Latency = 0> <II = 1> <Delay = 0.44> <FuncUnit> <Opcode : 'select'> <InPorts = 3> <OutPorts = 1>
ST_2 : Operation 114 [1/1] (0.00ns)   --->   "%tmp_23 = bitselect i1 @_ssdm_op_BitSelect.i1.i32.i32, i32 %a_107, i32 31" [include/fp_math_hls.h:118->include/fp_math_hls.h:336->../src/riccati_solver_hls.cpp:1349->../src/mpc_riccati_hls.cpp:649]   --->   Operation 114 'bitselect' 'tmp_23' <Predicate = true> <Delay = 0.00>
ST_2 : Operation 115 [1/1] (1.01ns)   --->   "%sub_ln118_3 = sub i32 0, i32 %a_107" [include/fp_math_hls.h:118->include/fp_math_hls.h:336->../src/riccati_solver_hls.cpp:1349->../src/mpc_riccati_hls.cpp:649]   --->   Operation 115 'sub' 'sub_ln118_3' <Predicate = true> <Delay = 1.01> <CoreInst = "Adder">   --->   Core 1 'Adder' <Latency = 0> <II = 1> <Delay = 1.01> <FuncUnit> <Opcode : 'add' 'sub'> <InPorts = 2> <OutPorts = 1>
ST_2 : Operation 116 [1/1] (0.44ns)   --->   "%select_ln118_4 = select i1 %tmp_23, i32 %sub_ln118_3, i32 %a_107" [include/fp_math_hls.h:118->include/fp_math_hls.h:336->../src/riccati_solver_hls.cpp:1349->../src/mpc_riccati_hls.cpp:649]   --->   Operation 116 'select' 'select_ln118_4' <Predicate = true> <Delay = 0.44> <CoreInst = "Sel">   --->   Core 73 'Sel' <Latency = 0> <II = 1> <Delay = 0.44> <FuncUnit> <Opcode : 'select'> <InPorts = 3> <OutPorts = 1>
ST_2 : Operation 117 [1/1] (0.00ns)   --->   "%tmp_24 = bitselect i1 @_ssdm_op_BitSelect.i1.i32.i32, i32 %a_108, i32 31" [include/fp_math_hls.h:118->include/fp_math_hls.h:336->../src/riccati_solver_hls.cpp:1349->../src/mpc_riccati_hls.cpp:649]   --->   Operation 117 'bitselect' 'tmp_24' <Predicate = true> <Delay = 0.00>
ST_2 : Operation 118 [1/1] (1.01ns)   --->   "%sub_ln118_4 = sub i32 0, i32 %a_108" [include/fp_math_hls.h:118->include/fp_math_hls.h:336->../src/riccati_solver_hls.cpp:1349->../src/mpc_riccati_hls.cpp:649]   --->   Operation 118 'sub' 'sub_ln118_4' <Predicate = true> <Delay = 1.01> <CoreInst = "Adder">   --->   Core 1 'Adder' <Latency = 0> <II = 1> <Delay = 1.01> <FuncUnit> <Opcode : 'add' 'sub'> <InPorts = 2> <OutPorts = 1>
ST_2 : Operation 119 [1/1] (0.44ns)   --->   "%select_ln118_5 = select i1 %tmp_24, i32 %sub_ln118_4, i32 %a_108" [include/fp_math_hls.h:118->include/fp_math_hls.h:336->../src/riccati_solver_hls.cpp:1349->../src/mpc_riccati_hls.cpp:649]   --->   Operation 119 'select' 'select_ln118_5' <Predicate = true> <Delay = 0.44> <CoreInst = "Sel">   --->   Core 73 'Sel' <Latency = 0> <II = 1> <Delay = 0.44> <FuncUnit> <Opcode : 'select'> <InPorts = 3> <OutPorts = 1>
ST_2 : Operation 120 [1/1] (1.01ns)   --->   "%icmp_ln123_1 = icmp_sgt  i32 %select_ln118_4, i32 %select_ln118_5" [include/fp_math_hls.h:123->include/fp_math_hls.h:336->../src/riccati_solver_hls.cpp:1349->../src/mpc_riccati_hls.cpp:649]   --->   Operation 120 'icmp' 'icmp_ln123_1' <Predicate = true> <Delay = 1.01> <CoreInst = "Cmp">   --->   Core 9 'Cmp' <Latency = 0> <II = 1> <Delay = 1.01> <FuncUnit> <Opcode : 'seteq' 'setne' 'setle' 'setge' 'setlt' 'setgt'> <InPorts = 2> <OutPorts = 1>
ST_2 : Operation 121 [1/1] (0.44ns)   --->   "%select_ln121_1 = select i1 %icmp_ln123_1, i32 %select_ln118_4, i32 %select_ln118_5" [include/fp_math_hls.h:121->include/fp_math_hls.h:339->../src/riccati_solver_hls.cpp:1349->../src/mpc_riccati_hls.cpp:649]   --->   Operation 121 'select' 'select_ln121_1' <Predicate = true> <Delay = 0.44> <CoreInst = "Sel">   --->   Core 73 'Sel' <Latency = 0> <II = 1> <Delay = 0.44> <FuncUnit> <Opcode : 'select'> <InPorts = 3> <OutPorts = 1>
ST_2 : Operation 122 [1/1] (0.00ns)   --->   "%tmp_25 = bitselect i1 @_ssdm_op_BitSelect.i1.i32.i32, i32 %a_109, i32 31" [include/fp_math_hls.h:118->include/fp_math_hls.h:337->../src/riccati_solver_hls.cpp:1349->../src/mpc_riccati_hls.cpp:649]   --->   Operation 122 'bitselect' 'tmp_25' <Predicate = true> <Delay = 0.00>
ST_2 : Operation 123 [1/1] (1.01ns)   --->   "%sub_ln118_5 = sub i32 0, i32 %a_109" [include/fp_math_hls.h:118->include/fp_math_hls.h:337->../src/riccati_solver_hls.cpp:1349->../src/mpc_riccati_hls.cpp:649]   --->   Operation 123 'sub' 'sub_ln118_5' <Predicate = true> <Delay = 1.01> <CoreInst = "Adder">   --->   Core 1 'Adder' <Latency = 0> <II = 1> <Delay = 1.01> <FuncUnit> <Opcode : 'add' 'sub'> <InPorts = 2> <OutPorts = 1>
ST_2 : Operation 124 [1/1] (0.44ns)   --->   "%select_ln118_6 = select i1 %tmp_25, i32 %sub_ln118_5, i32 %a_109" [include/fp_math_hls.h:118->include/fp_math_hls.h:337->../src/riccati_solver_hls.cpp:1349->../src/mpc_riccati_hls.cpp:649]   --->   Operation 124 'select' 'select_ln118_6' <Predicate = true> <Delay = 0.44> <CoreInst = "Sel">   --->   Core 73 'Sel' <Latency = 0> <II = 1> <Delay = 0.44> <FuncUnit> <Opcode : 'select'> <InPorts = 3> <OutPorts = 1>
ST_2 : Operation 125 [1/1] (0.00ns)   --->   "%tmp_26 = bitselect i1 @_ssdm_op_BitSelect.i1.i32.i32, i32 %a_121, i32 31" [include/fp_math_hls.h:118->include/fp_math_hls.h:337->../src/riccati_solver_hls.cpp:1349->../src/mpc_riccati_hls.cpp:649]   --->   Operation 125 'bitselect' 'tmp_26' <Predicate = true> <Delay = 0.00>
ST_2 : Operation 126 [1/1] (1.01ns)   --->   "%sub_ln118_6 = sub i32 0, i32 %a_121" [include/fp_math_hls.h:118->include/fp_math_hls.h:337->../src/riccati_solver_hls.cpp:1349->../src/mpc_riccati_hls.cpp:649]   --->   Operation 126 'sub' 'sub_ln118_6' <Predicate = true> <Delay = 1.01> <CoreInst = "Adder">   --->   Core 1 'Adder' <Latency = 0> <II = 1> <Delay = 1.01> <FuncUnit> <Opcode : 'add' 'sub'> <InPorts = 2> <OutPorts = 1>
ST_2 : Operation 127 [1/1] (0.44ns)   --->   "%select_ln118_7 = select i1 %tmp_26, i32 %sub_ln118_6, i32 %a_121" [include/fp_math_hls.h:118->include/fp_math_hls.h:337->../src/riccati_solver_hls.cpp:1349->../src/mpc_riccati_hls.cpp:649]   --->   Operation 127 'select' 'select_ln118_7' <Predicate = true> <Delay = 0.44> <CoreInst = "Sel">   --->   Core 73 'Sel' <Latency = 0> <II = 1> <Delay = 0.44> <FuncUnit> <Opcode : 'select'> <InPorts = 3> <OutPorts = 1>
ST_2 : Operation 128 [1/1] (1.01ns)   --->   "%icmp_ln123_2 = icmp_sgt  i32 %select_ln118_6, i32 %select_ln118_7" [include/fp_math_hls.h:123->include/fp_math_hls.h:337->../src/riccati_solver_hls.cpp:1349->../src/mpc_riccati_hls.cpp:649]   --->   Operation 128 'icmp' 'icmp_ln123_2' <Predicate = true> <Delay = 1.01> <CoreInst = "Cmp">   --->   Core 9 'Cmp' <Latency = 0> <II = 1> <Delay = 1.01> <FuncUnit> <Opcode : 'seteq' 'setne' 'setle' 'setge' 'setlt' 'setgt'> <InPorts = 2> <OutPorts = 1>
ST_2 : Operation 129 [1/1] (0.44ns)   --->   "%select_ln121_2 = select i1 %icmp_ln123_2, i32 %select_ln118_6, i32 %select_ln118_7" [include/fp_math_hls.h:121->include/fp_math_hls.h:340->../src/riccati_solver_hls.cpp:1349->../src/mpc_riccati_hls.cpp:649]   --->   Operation 129 'select' 'select_ln121_2' <Predicate = true> <Delay = 0.44> <CoreInst = "Sel">   --->   Core 73 'Sel' <Latency = 0> <II = 1> <Delay = 0.44> <FuncUnit> <Opcode : 'select'> <InPorts = 3> <OutPorts = 1>
ST_2 : Operation 130 [1/1] (0.00ns)   --->   "%tmp_27 = bitselect i1 @_ssdm_op_BitSelect.i1.i32.i32, i32 %a_111, i32 31" [include/fp_math_hls.h:118->include/fp_math_hls.h:338->../src/riccati_solver_hls.cpp:1349->../src/mpc_riccati_hls.cpp:649]   --->   Operation 130 'bitselect' 'tmp_27' <Predicate = true> <Delay = 0.00>
ST_2 : Operation 131 [1/1] (1.01ns)   --->   "%sub_ln118_7 = sub i32 0, i32 %a_111" [include/fp_math_hls.h:118->include/fp_math_hls.h:338->../src/riccati_solver_hls.cpp:1349->../src/mpc_riccati_hls.cpp:649]   --->   Operation 131 'sub' 'sub_ln118_7' <Predicate = true> <Delay = 1.01> <CoreInst = "Adder">   --->   Core 1 'Adder' <Latency = 0> <II = 1> <Delay = 1.01> <FuncUnit> <Opcode : 'add' 'sub'> <InPorts = 2> <OutPorts = 1>
ST_2 : Operation 132 [1/1] (0.44ns)   --->   "%select_ln118_8 = select i1 %tmp_27, i32 %sub_ln118_7, i32 %a_111" [include/fp_math_hls.h:118->include/fp_math_hls.h:338->../src/riccati_solver_hls.cpp:1349->../src/mpc_riccati_hls.cpp:649]   --->   Operation 132 'select' 'select_ln118_8' <Predicate = true> <Delay = 0.44> <CoreInst = "Sel">   --->   Core 73 'Sel' <Latency = 0> <II = 1> <Delay = 0.44> <FuncUnit> <Opcode : 'select'> <InPorts = 3> <OutPorts = 1>
ST_2 : Operation 133 [1/1] (0.00ns)   --->   "%tmp_28 = bitselect i1 @_ssdm_op_BitSelect.i1.i32.i32, i32 %a_112, i32 31" [include/fp_math_hls.h:118->include/fp_math_hls.h:338->../src/riccati_solver_hls.cpp:1349->../src/mpc_riccati_hls.cpp:649]   --->   Operation 133 'bitselect' 'tmp_28' <Predicate = true> <Delay = 0.00>
ST_2 : Operation 134 [1/1] (1.01ns)   --->   "%sub_ln118_8 = sub i32 0, i32 %a_112" [include/fp_math_hls.h:118->include/fp_math_hls.h:338->../src/riccati_solver_hls.cpp:1349->../src/mpc_riccati_hls.cpp:649]   --->   Operation 134 'sub' 'sub_ln118_8' <Predicate = true> <Delay = 1.01> <CoreInst = "Adder">   --->   Core 1 'Adder' <Latency = 0> <II = 1> <Delay = 1.01> <FuncUnit> <Opcode : 'add' 'sub'> <InPorts = 2> <OutPorts = 1>
ST_2 : Operation 135 [1/1] (0.44ns)   --->   "%select_ln118_9 = select i1 %tmp_28, i32 %sub_ln118_8, i32 %a_112" [include/fp_math_hls.h:118->include/fp_math_hls.h:338->../src/riccati_solver_hls.cpp:1349->../src/mpc_riccati_hls.cpp:649]   --->   Operation 135 'select' 'select_ln118_9' <Predicate = true> <Delay = 0.44> <CoreInst = "Sel">   --->   Core 73 'Sel' <Latency = 0> <II = 1> <Delay = 0.44> <FuncUnit> <Opcode : 'select'> <InPorts = 3> <OutPorts = 1>
ST_2 : Operation 136 [1/1] (1.01ns)   --->   "%icmp_ln123_3 = icmp_sgt  i32 %select_ln118_8, i32 %select_ln118_9" [include/fp_math_hls.h:123->include/fp_math_hls.h:338->../src/riccati_solver_hls.cpp:1349->../src/mpc_riccati_hls.cpp:649]   --->   Operation 136 'icmp' 'icmp_ln123_3' <Predicate = true> <Delay = 1.01> <CoreInst = "Cmp">   --->   Core 9 'Cmp' <Latency = 0> <II = 1> <Delay = 1.01> <FuncUnit> <Opcode : 'seteq' 'setne' 'setle' 'setge' 'setlt' 'setgt'> <InPorts = 2> <OutPorts = 1>
ST_2 : Operation 137 [1/1] (0.44ns)   --->   "%select_ln121_3 = select i1 %icmp_ln123_3, i32 %select_ln118_8, i32 %select_ln118_9" [include/fp_math_hls.h:121->include/fp_math_hls.h:340->../src/riccati_solver_hls.cpp:1349->../src/mpc_riccati_hls.cpp:649]   --->   Operation 137 'select' 'select_ln121_3' <Predicate = true> <Delay = 0.44> <CoreInst = "Sel">   --->   Core 73 'Sel' <Latency = 0> <II = 1> <Delay = 0.44> <FuncUnit> <Opcode : 'select'> <InPorts = 3> <OutPorts = 1>
ST_2 : Operation 138 [1/2] ( I:1.23ns O:1.23ns )   --->   "%step_data_3_load = load i5 %step_data_3_addr" [../src/riccati_solver_hls.cpp:104->../src/riccati_solver_hls.cpp:1359->../src/mpc_riccati_hls.cpp:649]   --->   Operation 138 'load' 'step_data_3_load' <Predicate = true> <Delay = 1.23> <CoreInst = "RAM_2P_BRAM">   --->   Core 93 'RAM_2P_BRAM' <Latency = 1> <II = 1> <Delay = 1.23> <Storage> <Opcode : 'load' 'store'> <Ports = 2> <Width = 32> <Depth = 20> <RAM>
ST_2 : Operation 139 [1/2] ( I:1.23ns O:1.23ns )   --->   "%step_data_4_load = load i5 %step_data_4_addr" [../src/riccati_solver_hls.cpp:109->../src/riccati_solver_hls.cpp:1360->../src/mpc_riccati_hls.cpp:649]   --->   Operation 139 'load' 'step_data_4_load' <Predicate = true> <Delay = 1.23> <CoreInst = "RAM_2P_BRAM">   --->   Core 93 'RAM_2P_BRAM' <Latency = 1> <II = 1> <Delay = 1.23> <Storage> <Opcode : 'load' 'store'> <Ports = 2> <Width = 32> <Depth = 20> <RAM>
ST_2 : Operation 140 [1/1] (0.44ns)   --->   "%value_164 = select i1 %icmp_ln1358, i32 %step_data_3_load, i32 %terminal_wall_x_lb_con_reload_read" [../src/riccati_solver_hls.cpp:1358->../src/mpc_riccati_hls.cpp:649]   --->   Operation 140 'select' 'value_164' <Predicate = true> <Delay = 0.44> <CoreInst = "Sel">   --->   Core 73 'Sel' <Latency = 0> <II = 1> <Delay = 0.44> <FuncUnit> <Opcode : 'select'> <InPorts = 3> <OutPorts = 1>
ST_2 : Operation 141 [1/1] (0.44ns)   --->   "%value_165 = select i1 %icmp_ln1358, i32 %step_data_4_load, i32 %terminal_wall_x_ub_con_reload_read" [../src/riccati_solver_hls.cpp:1358->../src/mpc_riccati_hls.cpp:649]   --->   Operation 141 'select' 'value_165' <Predicate = true> <Delay = 0.44> <CoreInst = "Sel">   --->   Core 73 'Sel' <Latency = 0> <II = 1> <Delay = 0.44> <FuncUnit> <Opcode : 'select'> <InPorts = 3> <OutPorts = 1>
ST_2 : Operation 142 [1/1] (0.00ns)   --->   "%z_x_addr = getelementptr i32 %z_x, i64 0, i64 %zext_ln1337" [../src/riccati_solver_hls.cpp:1363->../src/mpc_riccati_hls.cpp:649]   --->   Operation 142 'getelementptr' 'z_x_addr' <Predicate = true> <Delay = 0.00>
ST_2 : Operation 143 [1/2] ( I:0.67ns O:0.67ns )   --->   "%value_163 = load i5 %y_x_addr" [../src/riccati_solver_hls.cpp:1363->../src/mpc_riccati_hls.cpp:649]   --->   Operation 143 'load' 'value_163' <Predicate = true> <Delay = 0.67> <CoreInst = "RAM_2P_LUTRAM">   --->   Core 92 'RAM_2P_LUTRAM' <Latency = 1> <II = 1> <Delay = 0.67> <Storage> <Opcode : 'load' 'store'> <Ports = 2> <Width = 32> <Depth = 21> <RAM>
ST_2 : Operation 144 [1/1] (1.01ns)   --->   "%val = add i32 %value_163, i32 %a_120" [../src/riccati_solver_hls.cpp:194->../src/riccati_solver_hls.cpp:1362->../src/mpc_riccati_hls.cpp:649]   --->   Operation 144 'add' 'val' <Predicate = true> <Delay = 1.01> <CoreInst = "Adder">   --->   Core 1 'Adder' <Latency = 0> <II = 1> <Delay = 1.01> <FuncUnit> <Opcode : 'add' 'sub'> <InPorts = 2> <OutPorts = 1>
ST_2 : Operation 145 [1/1] (1.01ns)   --->   "%icmp_ln196 = icmp_slt  i32 %val, i32 %value_164" [../src/riccati_solver_hls.cpp:196->../src/riccati_solver_hls.cpp:1362->../src/mpc_riccati_hls.cpp:649]   --->   Operation 145 'icmp' 'icmp_ln196' <Predicate = true> <Delay = 1.01> <CoreInst = "Cmp">   --->   Core 9 'Cmp' <Latency = 0> <II = 1> <Delay = 1.01> <FuncUnit> <Opcode : 'seteq' 'setne' 'setle' 'setge' 'setlt' 'setgt'> <InPorts = 2> <OutPorts = 1>
ST_2 : Operation 146 [1/1] (0.44ns)   --->   "%val_13 = select i1 %icmp_ln196, i32 %value_164, i32 %val" [../src/riccati_solver_hls.cpp:196->../src/riccati_solver_hls.cpp:1362->../src/mpc_riccati_hls.cpp:649]   --->   Operation 146 'select' 'val_13' <Predicate = true> <Delay = 0.44> <CoreInst = "Sel">   --->   Core 73 'Sel' <Latency = 0> <II = 1> <Delay = 0.44> <FuncUnit> <Opcode : 'select'> <InPorts = 3> <OutPorts = 1>
ST_2 : Operation 147 [1/1] (1.01ns)   --->   "%icmp_ln198 = icmp_sgt  i32 %val_13, i32 %value_165" [../src/riccati_solver_hls.cpp:198->../src/riccati_solver_hls.cpp:1362->../src/mpc_riccati_hls.cpp:649]   --->   Operation 147 'icmp' 'icmp_ln198' <Predicate = true> <Delay = 1.01> <CoreInst = "Cmp">   --->   Core 9 'Cmp' <Latency = 0> <II = 1> <Delay = 1.01> <FuncUnit> <Opcode : 'seteq' 'setne' 'setle' 'setge' 'setlt' 'setgt'> <InPorts = 2> <OutPorts = 1>
ST_2 : Operation 148 [2/2] (0.67ns)   --->   "%value_166 = load i5 %z_x_addr" [../src/riccati_solver_hls.cpp:1363->../src/mpc_riccati_hls.cpp:649]   --->   Operation 148 'load' 'value_166' <Predicate = true> <Delay = 0.67> <CoreInst = "RAM_2P_LUTRAM">   --->   Core 92 'RAM_2P_LUTRAM' <Latency = 1> <II = 1> <Delay = 0.67> <Storage> <Opcode : 'load' 'store'> <Ports = 2> <Width = 32> <Depth = 21> <RAM>
ST_2 : Operation 149 [1/1] (0.00ns)   --->   "%z_x_5_addr = getelementptr i32 %z_x_5, i64 0, i64 %zext_ln1337" [../src/riccati_solver_hls.cpp:1378->../src/mpc_riccati_hls.cpp:649]   --->   Operation 149 'getelementptr' 'z_x_5_addr' <Predicate = true> <Delay = 0.00>
ST_2 : Operation 150 [1/2] ( I:0.67ns O:0.67ns )   --->   "%value = load i5 %y_x_5_addr" [../src/riccati_solver_hls.cpp:1378->../src/mpc_riccati_hls.cpp:649]   --->   Operation 150 'load' 'value' <Predicate = true> <Delay = 0.67> <CoreInst = "RAM_2P_LUTRAM">   --->   Core 92 'RAM_2P_LUTRAM' <Latency = 1> <II = 1> <Delay = 0.67> <Storage> <Opcode : 'load' 'store'> <Ports = 2> <Width = 32> <Depth = 21> <RAM>
ST_2 : Operation 151 [1/1] (1.01ns)   --->   "%val_19 = add i32 %value, i32 %a_121" [../src/riccati_solver_hls.cpp:194->../src/riccati_solver_hls.cpp:1377->../src/mpc_riccati_hls.cpp:649]   --->   Operation 151 'add' 'val_19' <Predicate = true> <Delay = 1.01> <CoreInst = "Adder">   --->   Core 1 'Adder' <Latency = 0> <II = 1> <Delay = 1.01> <FuncUnit> <Opcode : 'add' 'sub'> <InPorts = 2> <OutPorts = 1>
ST_2 : Operation 152 [1/1] (1.01ns)   --->   "%icmp_ln196_1 = icmp_slt  i32 %val_19, i32 4294865060" [../src/riccati_solver_hls.cpp:196->../src/riccati_solver_hls.cpp:1377->../src/mpc_riccati_hls.cpp:649]   --->   Operation 152 'icmp' 'icmp_ln196_1' <Predicate = true> <Delay = 1.01> <CoreInst = "Cmp">   --->   Core 9 'Cmp' <Latency = 0> <II = 1> <Delay = 1.01> <FuncUnit> <Opcode : 'seteq' 'setne' 'setle' 'setge' 'setlt' 'setgt'> <InPorts = 2> <OutPorts = 1>
ST_2 : Operation 153 [1/1] (0.44ns)   --->   "%val_20 = select i1 %icmp_ln196_1, i32 4294865060, i32 %val_19" [../src/riccati_solver_hls.cpp:196->../src/riccati_solver_hls.cpp:1377->../src/mpc_riccati_hls.cpp:649]   --->   Operation 153 'select' 'val_20' <Predicate = true> <Delay = 0.44> <CoreInst = "Sel">   --->   Core 73 'Sel' <Latency = 0> <II = 1> <Delay = 0.44> <FuncUnit> <Opcode : 'select'> <InPorts = 3> <OutPorts = 1>
ST_2 : Operation 154 [1/1] (0.00ns)   --->   "%trunc_ln198 = trunc i32 %val_20" [../src/riccati_solver_hls.cpp:198->../src/riccati_solver_hls.cpp:1377->../src/mpc_riccati_hls.cpp:649]   --->   Operation 154 'trunc' 'trunc_ln198' <Predicate = true> <Delay = 0.00>
ST_2 : Operation 155 [1/1] (1.01ns)   --->   "%icmp_ln198_1 = icmp_sgt  i32 %val_20, i32 102236" [../src/riccati_solver_hls.cpp:198->../src/riccati_solver_hls.cpp:1377->../src/mpc_riccati_hls.cpp:649]   --->   Operation 155 'icmp' 'icmp_ln198_1' <Predicate = true> <Delay = 1.01> <CoreInst = "Cmp">   --->   Core 9 'Cmp' <Latency = 0> <II = 1> <Delay = 1.01> <FuncUnit> <Opcode : 'seteq' 'setne' 'setle' 'setge' 'setlt' 'setgt'> <InPorts = 2> <OutPorts = 1>
ST_2 : Operation 156 [2/2] (0.67ns)   --->   "%value_167 = load i5 %z_x_5_addr" [../src/riccati_solver_hls.cpp:1378->../src/mpc_riccati_hls.cpp:649]   --->   Operation 156 'load' 'value_167' <Predicate = true> <Delay = 0.67> <CoreInst = "RAM_2P_LUTRAM">   --->   Core 92 'RAM_2P_LUTRAM' <Latency = 1> <II = 1> <Delay = 0.67> <Storage> <Opcode : 'load' 'store'> <Ports = 2> <Width = 32> <Depth = 21> <RAM>

State 3 <SV = 2> <Delay = 3.98>
ST_3 : Operation 157 [1/1] (0.00ns)   --->   "%znorm_ey_load_1 = load i32 %znorm_ey" [../src/riccati_solver_hls.cpp:225->../src/riccati_solver_hls.cpp:1362->../src/mpc_riccati_hls.cpp:649]   --->   Operation 157 'load' 'znorm_ey_load_1' <Predicate = true> <Delay = 0.00>
ST_3 : Operation 158 [1/1] (0.00ns)   --->   "%znorm_da_load_1 = load i31 %znorm_da" [../src/riccati_solver_hls.cpp:225->../src/riccati_solver_hls.cpp:1377->../src/mpc_riccati_hls.cpp:649]   --->   Operation 158 'load' 'znorm_da_load_1' <Predicate = true> <Delay = 0.00>
ST_3 : Operation 159 [1/1] (1.01ns)   --->   "%icmp_ln123_4 = icmp_sgt  i32 %select_ln121, i32 %select_ln121_1" [include/fp_math_hls.h:123->include/fp_math_hls.h:339->../src/riccati_solver_hls.cpp:1349->../src/mpc_riccati_hls.cpp:649]   --->   Operation 159 'icmp' 'icmp_ln123_4' <Predicate = true> <Delay = 1.01> <CoreInst = "Cmp">   --->   Core 9 'Cmp' <Latency = 0> <II = 1> <Delay = 1.01> <FuncUnit> <Opcode : 'seteq' 'setne' 'setle' 'setge' 'setlt' 'setgt'> <InPorts = 2> <OutPorts = 1>
ST_3 : Operation 160 [1/1] (0.44ns)   --->   "%select_ln121_4 = select i1 %icmp_ln123_4, i32 %select_ln121, i32 %select_ln121_1" [include/fp_math_hls.h:121->include/fp_math_hls.h:341->../src/riccati_solver_hls.cpp:1349->../src/mpc_riccati_hls.cpp:649]   --->   Operation 160 'select' 'select_ln121_4' <Predicate = true> <Delay = 0.44> <CoreInst = "Sel">   --->   Core 73 'Sel' <Latency = 0> <II = 1> <Delay = 0.44> <FuncUnit> <Opcode : 'select'> <InPorts = 3> <OutPorts = 1>
ST_3 : Operation 161 [1/1] (1.01ns)   --->   "%icmp_ln123_5 = icmp_sgt  i32 %select_ln121_2, i32 %select_ln121_3" [include/fp_math_hls.h:123->include/fp_math_hls.h:340->../src/riccati_solver_hls.cpp:1349->../src/mpc_riccati_hls.cpp:649]   --->   Operation 161 'icmp' 'icmp_ln123_5' <Predicate = true> <Delay = 1.01> <CoreInst = "Cmp">   --->   Core 9 'Cmp' <Latency = 0> <II = 1> <Delay = 1.01> <FuncUnit> <Opcode : 'seteq' 'setne' 'setle' 'setge' 'setlt' 'setgt'> <InPorts = 2> <OutPorts = 1>
ST_3 : Operation 162 [1/1] (0.44ns)   --->   "%select_ln121_5 = select i1 %icmp_ln123_5, i32 %select_ln121_2, i32 %select_ln121_3" [include/fp_math_hls.h:121->include/fp_math_hls.h:341->../src/riccati_solver_hls.cpp:1349->../src/mpc_riccati_hls.cpp:649]   --->   Operation 162 'select' 'select_ln121_5' <Predicate = true> <Delay = 0.44> <CoreInst = "Sel">   --->   Core 73 'Sel' <Latency = 0> <II = 1> <Delay = 0.44> <FuncUnit> <Opcode : 'select'> <InPorts = 3> <OutPorts = 1>
ST_3 : Operation 163 [1/1] (0.44ns)   --->   "%val_18 = select i1 %icmp_ln198, i32 %value_165, i32 %val_13" [../src/riccati_solver_hls.cpp:198->../src/riccati_solver_hls.cpp:1362->../src/mpc_riccati_hls.cpp:649]   --->   Operation 163 'select' 'val_18' <Predicate = true> <Delay = 0.44> <CoreInst = "Sel">   --->   Core 73 'Sel' <Latency = 0> <II = 1> <Delay = 0.44> <FuncUnit> <Opcode : 'select'> <InPorts = 3> <OutPorts = 1>
ST_3 : Operation 164 [1/2] ( I:0.67ns O:0.67ns )   --->   "%value_166 = load i5 %z_x_addr" [../src/riccati_solver_hls.cpp:1363->../src/mpc_riccati_hls.cpp:649]   --->   Operation 164 'load' 'value_166' <Predicate = true> <Delay = 0.67> <CoreInst = "RAM_2P_LUTRAM">   --->   Core 92 'RAM_2P_LUTRAM' <Latency = 1> <II = 1> <Delay = 0.67> <Storage> <Opcode : 'load' 'store'> <Ports = 2> <Width = 32> <Depth = 21> <RAM>
ST_3 : Operation 165 [1/1] (1.01ns)   --->   "%diff = sub i32 %val_18, i32 %value_166" [include/fp_math_hls.h:151->../src/riccati_solver_hls.cpp:206->../src/riccati_solver_hls.cpp:1362->../src/mpc_riccati_hls.cpp:649]   --->   Operation 165 'sub' 'diff' <Predicate = true> <Delay = 1.01> <CoreInst = "Adder">   --->   Core 1 'Adder' <Latency = 0> <II = 1> <Delay = 1.01> <FuncUnit> <Opcode : 'add' 'sub'> <InPorts = 2> <OutPorts = 1>
ST_3 : Operation 166 [1/1] (0.00ns)   --->   "%sext_ln159 = sext i32 %diff" [../src/fp_math_hls.cpp:159->../src/fp_math_hls.cpp:324->../src/riccati_solver_hls.cpp:207->../src/riccati_solver_hls.cpp:1362->../src/mpc_riccati_hls.cpp:649]   --->   Operation 166 'sext' 'sext_ln159' <Predicate = true> <Delay = 0.00>
ST_3 : Operation 167 [4/4] (2.29ns)   --->   "%product = mul i50 %sext_ln159, i50 %sext_ln1337_cast" [../src/fp_math_hls.cpp:159->../src/fp_math_hls.cpp:324->../src/riccati_solver_hls.cpp:207->../src/riccati_solver_hls.cpp:1362->../src/mpc_riccati_hls.cpp:649]   --->   Operation 167 'mul' 'product' <Predicate = true> <Delay = 2.29> <CoreInst = "Mul_DSP">   --->   Core 5 'Mul_DSP' <Latency = 3> <II = 1> <Delay = 2.29> <FuncUnit> <Opcode : 'mul'> <InPorts = 2> <OutPorts = 1>
ST_3 : Operation 168 [1/1] (1.01ns)   --->   "%sum_abc = sub i32 %val, i32 %val_18" [include/fp_math_hls.h:160->../src/riccati_solver_hls.cpp:213->../src/riccati_solver_hls.cpp:1362->../src/mpc_riccati_hls.cpp:649]   --->   Operation 168 'sub' 'sum_abc' <Predicate = true> <Delay = 1.01> <CoreInst = "Adder">   --->   Core 1 'Adder' <Latency = 0> <II = 1> <Delay = 1.01> <FuncUnit> <Opcode : 'add' 'sub'> <InPorts = 2> <OutPorts = 1>
ST_3 : Operation 169 [1/1] (1.01ns)   --->   "%a_113 = sub i32 %a_120, i32 %val_18" [../src/riccati_solver_hls.cpp:218->../src/riccati_solver_hls.cpp:1362->../src/mpc_riccati_hls.cpp:649]   --->   Operation 169 'sub' 'a_113' <Predicate = true> <Delay = 1.01> <CoreInst = "Adder">   --->   Core 1 'Adder' <Latency = 0> <II = 1> <Delay = 1.01> <FuncUnit> <Opcode : 'add' 'sub'> <InPorts = 2> <OutPorts = 1>
ST_3 : Operation 170 [1/1] (0.00ns)   --->   "%tmp_30 = bitselect i1 @_ssdm_op_BitSelect.i1.i32.i32, i32 %a_113, i32 31" [include/fp_math_hls.h:118->../src/riccati_solver_hls.cpp:218->../src/riccati_solver_hls.cpp:1362->../src/mpc_riccati_hls.cpp:649]   --->   Operation 170 'bitselect' 'tmp_30' <Predicate = true> <Delay = 0.00>
ST_3 : Operation 171 [1/1] (0.00ns)   --->   "%tmp_31 = bitselect i1 @_ssdm_op_BitSelect.i1.i32.i32, i32 %val_18, i32 31" [include/fp_math_hls.h:118->../src/riccati_solver_hls.cpp:222->../src/riccati_solver_hls.cpp:1362->../src/mpc_riccati_hls.cpp:649]   --->   Operation 171 'bitselect' 'tmp_31' <Predicate = true> <Delay = 0.00>
ST_3 : Operation 172 [1/1] (1.01ns)   --->   "%abs_z = sub i32 0, i32 %val_18" [include/fp_math_hls.h:118->../src/riccati_solver_hls.cpp:222->../src/riccati_solver_hls.cpp:1362->../src/mpc_riccati_hls.cpp:649]   --->   Operation 172 'sub' 'abs_z' <Predicate = true> <Delay = 1.01> <CoreInst = "Adder">   --->   Core 1 'Adder' <Latency = 0> <II = 1> <Delay = 1.01> <FuncUnit> <Opcode : 'add' 'sub'> <InPorts = 2> <OutPorts = 1>
ST_3 : Operation 173 [1/1] (0.44ns)   --->   "%abs_z_6 = select i1 %tmp_31, i32 %abs_z, i32 %val_18" [include/fp_math_hls.h:118->../src/riccati_solver_hls.cpp:222->../src/riccati_solver_hls.cpp:1362->../src/mpc_riccati_hls.cpp:649]   --->   Operation 173 'select' 'abs_z_6' <Predicate = true> <Delay = 0.44> <CoreInst = "Sel">   --->   Core 73 'Sel' <Latency = 0> <II = 1> <Delay = 0.44> <FuncUnit> <Opcode : 'select'> <InPorts = 3> <OutPorts = 1>
ST_3 : Operation 174 [1/1] (0.00ns)   --->   "%sext_ln159_28 = sext i32 %sum_abc" [../src/fp_math_hls.cpp:159->../src/fp_math_hls.cpp:324->../src/riccati_solver_hls.cpp:224->../src/riccati_solver_hls.cpp:1362->../src/mpc_riccati_hls.cpp:649]   --->   Operation 174 'sext' 'sext_ln159_28' <Predicate = true> <Delay = 0.00>
ST_3 : Operation 175 [4/4] (2.29ns)   --->   "%product_214 = mul i50 %sext_ln159_28, i50 %sext_ln1337_cast" [../src/fp_math_hls.cpp:159->../src/fp_math_hls.cpp:324->../src/riccati_solver_hls.cpp:224->../src/riccati_solver_hls.cpp:1362->../src/mpc_riccati_hls.cpp:649]   --->   Operation 175 'mul' 'product_214' <Predicate = true> <Delay = 2.29> <CoreInst = "Mul_DSP">   --->   Core 5 'Mul_DSP' <Latency = 3> <II = 1> <Delay = 2.29> <FuncUnit> <Opcode : 'mul'> <InPorts = 2> <OutPorts = 1>
ST_3 : Operation 176 [1/1] (1.01ns)   --->   "%icmp_ln225 = icmp_sgt  i32 %abs_z_6, i32 %znorm_ey_load_1" [../src/riccati_solver_hls.cpp:225->../src/riccati_solver_hls.cpp:1362->../src/mpc_riccati_hls.cpp:649]   --->   Operation 176 'icmp' 'icmp_ln225' <Predicate = true> <Delay = 1.01> <CoreInst = "Cmp">   --->   Core 9 'Cmp' <Latency = 0> <II = 1> <Delay = 1.01> <FuncUnit> <Opcode : 'seteq' 'setne' 'setle' 'setge' 'setlt' 'setgt'> <InPorts = 2> <OutPorts = 1>
ST_3 : Operation 177 [1/1] (0.44ns)   --->   "%znorm_ey_1 = select i1 %icmp_ln225, i32 %abs_z_6, i32 %znorm_ey_load_1" [../src/riccati_solver_hls.cpp:225->../src/riccati_solver_hls.cpp:1362->../src/mpc_riccati_hls.cpp:649]   --->   Operation 177 'select' 'znorm_ey_1' <Predicate = true> <Delay = 0.44> <CoreInst = "Sel">   --->   Core 73 'Sel' <Latency = 0> <II = 1> <Delay = 0.44> <FuncUnit> <Opcode : 'select'> <InPorts = 3> <OutPorts = 1>
ST_3 : Operation 178 [1/1] (0.36ns)   --->   "%val_21 = select i1 %icmp_ln198_1, i18 102236, i18 %trunc_ln198" [../src/riccati_solver_hls.cpp:198->../src/riccati_solver_hls.cpp:1377->../src/mpc_riccati_hls.cpp:649]   --->   Operation 178 'select' 'val_21' <Predicate = true> <Delay = 0.36> <CoreInst = "Sel">   --->   Core 73 'Sel' <Latency = 0> <II = 1> <Delay = 0.36> <FuncUnit> <Opcode : 'select'> <InPorts = 3> <OutPorts = 1>
ST_3 : Operation 179 [1/1] (0.00ns)   --->   "%sext_ln160 = sext i18 %val_21" [include/fp_math_hls.h:160->../src/riccati_solver_hls.cpp:213->../src/riccati_solver_hls.cpp:1377->../src/mpc_riccati_hls.cpp:649]   --->   Operation 179 'sext' 'sext_ln160' <Predicate = true> <Delay = 0.00>
ST_3 : Operation 180 [1/1] (0.00ns)   --->   "%trunc_ln160 = trunc i18 %val_21" [include/fp_math_hls.h:160->../src/riccati_solver_hls.cpp:213->../src/riccati_solver_hls.cpp:1377->../src/mpc_riccati_hls.cpp:649]   --->   Operation 180 'trunc' 'trunc_ln160' <Predicate = true> <Delay = 0.00>
ST_3 : Operation 181 [1/1] (1.01ns)   --->   "%sum_abc_2 = sub i32 %val_19, i32 %sext_ln160" [include/fp_math_hls.h:160->../src/riccati_solver_hls.cpp:213->../src/riccati_solver_hls.cpp:1377->../src/mpc_riccati_hls.cpp:649]   --->   Operation 181 'sub' 'sum_abc_2' <Predicate = true> <Delay = 1.01> <CoreInst = "Adder">   --->   Core 1 'Adder' <Latency = 0> <II = 1> <Delay = 1.01> <FuncUnit> <Opcode : 'add' 'sub'> <InPorts = 2> <OutPorts = 1>
ST_3 : Operation 182 [1/1] ( I:0.67ns O:0.67ns )   --->   "%store_ln216 = store i32 %sum_abc, i5 %y_x_addr" [../src/riccati_solver_hls.cpp:216->../src/riccati_solver_hls.cpp:1362->../src/mpc_riccati_hls.cpp:649]   --->   Operation 182 'store' 'store_ln216' <Predicate = true> <Delay = 0.67> <CoreInst = "RAM_2P_LUTRAM">   --->   Core 92 'RAM_2P_LUTRAM' <Latency = 1> <II = 1> <Delay = 0.67> <Storage> <Opcode : 'load' 'store'> <Ports = 2> <Width = 32> <Depth = 21> <RAM>
ST_3 : Operation 183 [1/1] ( I:0.67ns O:0.67ns )   --->   "%store_ln216 = store i32 %sum_abc_2, i5 %y_x_5_addr" [../src/riccati_solver_hls.cpp:216->../src/riccati_solver_hls.cpp:1377->../src/mpc_riccati_hls.cpp:649]   --->   Operation 183 'store' 'store_ln216' <Predicate = true> <Delay = 0.67> <CoreInst = "RAM_2P_LUTRAM">   --->   Core 92 'RAM_2P_LUTRAM' <Latency = 1> <II = 1> <Delay = 0.67> <Storage> <Opcode : 'load' 'store'> <Ports = 2> <Width = 32> <Depth = 21> <RAM>
ST_3 : Operation 184 [1/1] (1.01ns)   --->   "%a = sub i32 %a_121, i32 %sext_ln160" [../src/riccati_solver_hls.cpp:218->../src/riccati_solver_hls.cpp:1377->../src/mpc_riccati_hls.cpp:649]   --->   Operation 184 'sub' 'a' <Predicate = true> <Delay = 1.01> <CoreInst = "Adder">   --->   Core 1 'Adder' <Latency = 0> <II = 1> <Delay = 1.01> <FuncUnit> <Opcode : 'add' 'sub'> <InPorts = 2> <OutPorts = 1>
ST_3 : Operation 185 [1/1] (0.00ns)   --->   "%tmp_33 = bitselect i1 @_ssdm_op_BitSelect.i1.i32.i32, i32 %a, i32 31" [include/fp_math_hls.h:118->../src/riccati_solver_hls.cpp:218->../src/riccati_solver_hls.cpp:1377->../src/mpc_riccati_hls.cpp:649]   --->   Operation 185 'bitselect' 'tmp_33' <Predicate = true> <Delay = 0.00>
ST_3 : Operation 186 [1/1] (0.00ns)   --->   "%tmp_34 = bitselect i1 @_ssdm_op_BitSelect.i1.i18.i32, i18 %val_21, i32 17" [include/fp_math_hls.h:118->../src/riccati_solver_hls.cpp:222->../src/riccati_solver_hls.cpp:1377->../src/mpc_riccati_hls.cpp:649]   --->   Operation 186 'bitselect' 'tmp_34' <Predicate = true> <Delay = 0.00>
ST_3 : Operation 187 [1/1] (0.86ns)   --->   "%abs_z_9 = sub i17 0, i17 %trunc_ln160" [include/fp_math_hls.h:118->../src/riccati_solver_hls.cpp:222->../src/riccati_solver_hls.cpp:1377->../src/mpc_riccati_hls.cpp:649]   --->   Operation 187 'sub' 'abs_z_9' <Predicate = true> <Delay = 0.86> <CoreInst = "Adder">   --->   Core 1 'Adder' <Latency = 0> <II = 1> <Delay = 0.86> <FuncUnit> <Opcode : 'add' 'sub'> <InPorts = 2> <OutPorts = 1>
ST_3 : Operation 188 [1/1] (0.35ns)   --->   "%abs_z_10 = select i1 %tmp_34, i17 %abs_z_9, i17 %trunc_ln160" [include/fp_math_hls.h:118->../src/riccati_solver_hls.cpp:222->../src/riccati_solver_hls.cpp:1377->../src/mpc_riccati_hls.cpp:649]   --->   Operation 188 'select' 'abs_z_10' <Predicate = true> <Delay = 0.35> <CoreInst = "Sel">   --->   Core 73 'Sel' <Latency = 0> <II = 1> <Delay = 0.35> <FuncUnit> <Opcode : 'select'> <InPorts = 3> <OutPorts = 1>
ST_3 : Operation 189 [1/1] (0.00ns)   --->   "%zext_ln159 = zext i17 %abs_z_10" [../src/fp_math_hls.cpp:159->../src/fp_math_hls.cpp:324->../src/riccati_solver_hls.cpp:224->../src/riccati_solver_hls.cpp:1377->../src/mpc_riccati_hls.cpp:649]   --->   Operation 189 'zext' 'zext_ln159' <Predicate = true> <Delay = 0.00>
ST_3 : Operation 190 [1/1] (0.00ns)   --->   "%sext_ln159_29 = sext i32 %sum_abc_2" [../src/fp_math_hls.cpp:159->../src/fp_math_hls.cpp:324->../src/riccati_solver_hls.cpp:224->../src/riccati_solver_hls.cpp:1377->../src/mpc_riccati_hls.cpp:649]   --->   Operation 190 'sext' 'sext_ln159_29' <Predicate = true> <Delay = 0.00>
ST_3 : Operation 191 [4/4] (2.29ns)   --->   "%product_216 = mul i50 %sext_ln159_29, i50 %sext_ln1337_cast" [../src/fp_math_hls.cpp:159->../src/fp_math_hls.cpp:324->../src/riccati_solver_hls.cpp:224->../src/riccati_solver_hls.cpp:1377->../src/mpc_riccati_hls.cpp:649]   --->   Operation 191 'mul' 'product_216' <Predicate = true> <Delay = 2.29> <CoreInst = "Mul_DSP">   --->   Core 5 'Mul_DSP' <Latency = 3> <II = 1> <Delay = 2.29> <FuncUnit> <Opcode : 'mul'> <InPorts = 2> <OutPorts = 1>
ST_3 : Operation 192 [1/1] (1.00ns)   --->   "%icmp_ln225_1 = icmp_ugt  i31 %zext_ln159, i31 %znorm_da_load_1" [../src/riccati_solver_hls.cpp:225->../src/riccati_solver_hls.cpp:1377->../src/mpc_riccati_hls.cpp:649]   --->   Operation 192 'icmp' 'icmp_ln225_1' <Predicate = true> <Delay = 1.00> <CoreInst = "Cmp">   --->   Core 9 'Cmp' <Latency = 0> <II = 1> <Delay = 1.00> <FuncUnit> <Opcode : 'seteq' 'setne' 'setle' 'setge' 'setlt' 'setgt'> <InPorts = 2> <OutPorts = 1>
ST_3 : Operation 193 [1/1] (0.41ns)   --->   "%znorm_da_1 = select i1 %icmp_ln225_1, i31 %zext_ln159, i31 %znorm_da_load_1" [../src/riccati_solver_hls.cpp:225->../src/riccati_solver_hls.cpp:1377->../src/mpc_riccati_hls.cpp:649]   --->   Operation 193 'select' 'znorm_da_1' <Predicate = true> <Delay = 0.41> <CoreInst = "Sel">   --->   Core 73 'Sel' <Latency = 0> <II = 1> <Delay = 0.41> <FuncUnit> <Opcode : 'select'> <InPorts = 3> <OutPorts = 1>
ST_3 : Operation 194 [1/1] ( I:0.67ns O:0.67ns )   --->   "%store_ln229 = store i32 %val_18, i5 %z_x_addr" [../src/riccati_solver_hls.cpp:229->../src/riccati_solver_hls.cpp:1362->../src/mpc_riccati_hls.cpp:649]   --->   Operation 194 'store' 'store_ln229' <Predicate = true> <Delay = 0.67> <CoreInst = "RAM_2P_LUTRAM">   --->   Core 92 'RAM_2P_LUTRAM' <Latency = 1> <II = 1> <Delay = 0.67> <Storage> <Opcode : 'load' 'store'> <Ports = 2> <Width = 32> <Depth = 21> <RAM>
ST_3 : Operation 195 [1/2] ( I:0.67ns O:0.67ns )   --->   "%value_167 = load i5 %z_x_5_addr" [../src/riccati_solver_hls.cpp:1378->../src/mpc_riccati_hls.cpp:649]   --->   Operation 195 'load' 'value_167' <Predicate = true> <Delay = 0.67> <CoreInst = "RAM_2P_LUTRAM">   --->   Core 92 'RAM_2P_LUTRAM' <Latency = 1> <II = 1> <Delay = 0.67> <Storage> <Opcode : 'load' 'store'> <Ports = 2> <Width = 32> <Depth = 21> <RAM>
ST_3 : Operation 196 [1/1] (1.01ns)   --->   "%diff_7 = sub i32 %sext_ln160, i32 %value_167" [include/fp_math_hls.h:151->../src/riccati_solver_hls.cpp:206->../src/riccati_solver_hls.cpp:1377->../src/mpc_riccati_hls.cpp:649]   --->   Operation 196 'sub' 'diff_7' <Predicate = true> <Delay = 1.01> <CoreInst = "Adder">   --->   Core 1 'Adder' <Latency = 0> <II = 1> <Delay = 1.01> <FuncUnit> <Opcode : 'add' 'sub'> <InPorts = 2> <OutPorts = 1>
ST_3 : Operation 197 [1/1] (0.00ns)   --->   "%sext_ln159_30 = sext i32 %diff_7" [../src/fp_math_hls.cpp:159->../src/fp_math_hls.cpp:324->../src/riccati_solver_hls.cpp:207->../src/riccati_solver_hls.cpp:1377->../src/mpc_riccati_hls.cpp:649]   --->   Operation 197 'sext' 'sext_ln159_30' <Predicate = true> <Delay = 0.00>
ST_3 : Operation 198 [4/4] (2.29ns)   --->   "%product_215 = mul i50 %sext_ln159_30, i50 %sext_ln1337_cast" [../src/fp_math_hls.cpp:159->../src/fp_math_hls.cpp:324->../src/riccati_solver_hls.cpp:207->../src/riccati_solver_hls.cpp:1377->../src/mpc_riccati_hls.cpp:649]   --->   Operation 198 'mul' 'product_215' <Predicate = true> <Delay = 2.29> <CoreInst = "Mul_DSP">   --->   Core 5 'Mul_DSP' <Latency = 3> <II = 1> <Delay = 2.29> <FuncUnit> <Opcode : 'mul'> <InPorts = 2> <OutPorts = 1>
ST_3 : Operation 199 [1/1] ( I:0.67ns O:0.67ns )   --->   "%store_ln229 = store i32 %sext_ln160, i5 %z_x_5_addr" [../src/riccati_solver_hls.cpp:229->../src/riccati_solver_hls.cpp:1377->../src/mpc_riccati_hls.cpp:649]   --->   Operation 199 'store' 'store_ln229' <Predicate = true> <Delay = 0.67> <CoreInst = "RAM_2P_LUTRAM">   --->   Core 92 'RAM_2P_LUTRAM' <Latency = 1> <II = 1> <Delay = 0.67> <Storage> <Opcode : 'load' 'store'> <Ports = 2> <Width = 32> <Depth = 21> <RAM>
ST_3 : Operation 200 [1/1] (0.42ns)   --->   "%store_ln1332 = store i31 %znorm_da_1, i31 %znorm_da" [../src/riccati_solver_hls.cpp:1332->../src/mpc_riccati_hls.cpp:649]   --->   Operation 200 'store' 'store_ln1332' <Predicate = true> <Delay = 0.42>
ST_3 : Operation 201 [1/1] (0.42ns)   --->   "%store_ln1331 = store i32 %znorm_ey_1, i32 %znorm_ey" [../src/riccati_solver_hls.cpp:1331->../src/mpc_riccati_hls.cpp:649]   --->   Operation 201 'store' 'store_ln1331' <Predicate = true> <Delay = 0.42>

State 4 <SV = 3> <Delay = 3.35>
ST_4 : Operation 202 [1/1] (0.00ns)   --->   "%x_norm_load_1 = load i32 %x_norm" [../src/riccati_solver_hls.cpp:1351->../src/mpc_riccati_hls.cpp:649]   --->   Operation 202 'load' 'x_norm_load_1' <Predicate = true> <Delay = 0.00>
ST_4 : Operation 203 [1/1] (0.00ns)   --->   "%primal_ey_load_1 = load i32 %primal_ey" [../src/riccati_solver_hls.cpp:219->../src/riccati_solver_hls.cpp:1362->../src/mpc_riccati_hls.cpp:649]   --->   Operation 203 'load' 'primal_ey_load_1' <Predicate = true> <Delay = 0.00>
ST_4 : Operation 204 [1/1] (0.00ns)   --->   "%primal_da_load_1 = load i32 %primal_da" [../src/riccati_solver_hls.cpp:219->../src/riccati_solver_hls.cpp:1377->../src/mpc_riccati_hls.cpp:649]   --->   Operation 204 'load' 'primal_da_load_1' <Predicate = true> <Delay = 0.00>
ST_4 : Operation 205 [1/1] (1.01ns)   --->   "%icmp_ln123_6 = icmp_sgt  i32 %select_ln121_4, i32 %select_ln121_5" [include/fp_math_hls.h:123->include/fp_math_hls.h:341->../src/riccati_solver_hls.cpp:1349->../src/mpc_riccati_hls.cpp:649]   --->   Operation 205 'icmp' 'icmp_ln123_6' <Predicate = true> <Delay = 1.01> <CoreInst = "Cmp">   --->   Core 9 'Cmp' <Latency = 0> <II = 1> <Delay = 1.01> <FuncUnit> <Opcode : 'seteq' 'setne' 'setle' 'setge' 'setlt' 'setgt'> <InPorts = 2> <OutPorts = 1>
ST_4 : Operation 206 [1/1] (0.44ns)   --->   "%x_norm_k = select i1 %icmp_ln123_6, i32 %select_ln121_4, i32 %select_ln121_5" [include/fp_math_hls.h:123->include/fp_math_hls.h:341->../src/riccati_solver_hls.cpp:1349->../src/mpc_riccati_hls.cpp:649]   --->   Operation 206 'select' 'x_norm_k' <Predicate = true> <Delay = 0.44> <CoreInst = "Sel">   --->   Core 73 'Sel' <Latency = 0> <II = 1> <Delay = 0.44> <FuncUnit> <Opcode : 'select'> <InPorts = 3> <OutPorts = 1>
ST_4 : Operation 207 [1/1] (1.01ns)   --->   "%icmp_ln1351 = icmp_sgt  i32 %x_norm_k, i32 %x_norm_load_1" [../src/riccati_solver_hls.cpp:1351->../src/mpc_riccati_hls.cpp:649]   --->   Operation 207 'icmp' 'icmp_ln1351' <Predicate = true> <Delay = 1.01> <CoreInst = "Cmp">   --->   Core 9 'Cmp' <Latency = 0> <II = 1> <Delay = 1.01> <FuncUnit> <Opcode : 'seteq' 'setne' 'setle' 'setge' 'setlt' 'setgt'> <InPorts = 2> <OutPorts = 1>
ST_4 : Operation 208 [1/1] (0.44ns)   --->   "%x_norm_1 = select i1 %icmp_ln1351, i32 %x_norm_k, i32 %x_norm_load_1" [../src/riccati_solver_hls.cpp:1351->../src/mpc_riccati_hls.cpp:649]   --->   Operation 208 'select' 'x_norm_1' <Predicate = true> <Delay = 0.44> <CoreInst = "Sel">   --->   Core 73 'Sel' <Latency = 0> <II = 1> <Delay = 0.44> <FuncUnit> <Opcode : 'select'> <InPorts = 3> <OutPorts = 1>
ST_4 : Operation 209 [3/4] (2.29ns)   --->   "%product = mul i50 %sext_ln159, i50 %sext_ln1337_cast" [../src/fp_math_hls.cpp:159->../src/fp_math_hls.cpp:324->../src/riccati_solver_hls.cpp:207->../src/riccati_solver_hls.cpp:1362->../src/mpc_riccati_hls.cpp:649]   --->   Operation 209 'mul' 'product' <Predicate = true> <Delay = 2.29> <CoreInst = "Mul_DSP">   --->   Core 5 'Mul_DSP' <Latency = 3> <II = 1> <Delay = 2.29> <FuncUnit> <Opcode : 'mul'> <InPorts = 2> <OutPorts = 1>
ST_4 : Operation 210 [1/1] (1.01ns)   --->   "%pd = sub i32 0, i32 %a_113" [include/fp_math_hls.h:118->../src/riccati_solver_hls.cpp:218->../src/riccati_solver_hls.cpp:1362->../src/mpc_riccati_hls.cpp:649]   --->   Operation 210 'sub' 'pd' <Predicate = (tmp_30)> <Delay = 1.01> <CoreInst = "Adder">   --->   Core 1 'Adder' <Latency = 0> <II = 1> <Delay = 1.01> <FuncUnit> <Opcode : 'add' 'sub'> <InPorts = 2> <OutPorts = 1>
ST_4 : Operation 211 [1/1] (0.44ns)   --->   "%pd_6 = select i1 %tmp_30, i32 %pd, i32 %a_113" [include/fp_math_hls.h:118->../src/riccati_solver_hls.cpp:218->../src/riccati_solver_hls.cpp:1362->../src/mpc_riccati_hls.cpp:649]   --->   Operation 211 'select' 'pd_6' <Predicate = true> <Delay = 0.44> <CoreInst = "Sel">   --->   Core 73 'Sel' <Latency = 0> <II = 1> <Delay = 0.44> <FuncUnit> <Opcode : 'select'> <InPorts = 3> <OutPorts = 1>
ST_4 : Operation 212 [1/1] (1.01ns)   --->   "%icmp_ln219 = icmp_sgt  i32 %pd_6, i32 %primal_ey_load_1" [../src/riccati_solver_hls.cpp:219->../src/riccati_solver_hls.cpp:1362->../src/mpc_riccati_hls.cpp:649]   --->   Operation 212 'icmp' 'icmp_ln219' <Predicate = true> <Delay = 1.01> <CoreInst = "Cmp">   --->   Core 9 'Cmp' <Latency = 0> <II = 1> <Delay = 1.01> <FuncUnit> <Opcode : 'seteq' 'setne' 'setle' 'setge' 'setlt' 'setgt'> <InPorts = 2> <OutPorts = 1>
ST_4 : Operation 213 [1/1] (0.44ns)   --->   "%primal_ey_1 = select i1 %icmp_ln219, i32 %pd_6, i32 %primal_ey_load_1" [../src/riccati_solver_hls.cpp:219->../src/riccati_solver_hls.cpp:1362->../src/mpc_riccati_hls.cpp:649]   --->   Operation 213 'select' 'primal_ey_1' <Predicate = true> <Delay = 0.44> <CoreInst = "Sel">   --->   Core 73 'Sel' <Latency = 0> <II = 1> <Delay = 0.44> <FuncUnit> <Opcode : 'select'> <InPorts = 3> <OutPorts = 1>
ST_4 : Operation 214 [3/4] (2.29ns)   --->   "%product_214 = mul i50 %sext_ln159_28, i50 %sext_ln1337_cast" [../src/fp_math_hls.cpp:159->../src/fp_math_hls.cpp:324->../src/riccati_solver_hls.cpp:224->../src/riccati_solver_hls.cpp:1362->../src/mpc_riccati_hls.cpp:649]   --->   Operation 214 'mul' 'product_214' <Predicate = true> <Delay = 2.29> <CoreInst = "Mul_DSP">   --->   Core 5 'Mul_DSP' <Latency = 3> <II = 1> <Delay = 2.29> <FuncUnit> <Opcode : 'mul'> <InPorts = 2> <OutPorts = 1>
ST_4 : Operation 215 [1/1] (1.01ns)   --->   "%pd_9 = sub i32 0, i32 %a" [include/fp_math_hls.h:118->../src/riccati_solver_hls.cpp:218->../src/riccati_solver_hls.cpp:1377->../src/mpc_riccati_hls.cpp:649]   --->   Operation 215 'sub' 'pd_9' <Predicate = (tmp_33)> <Delay = 1.01> <CoreInst = "Adder">   --->   Core 1 'Adder' <Latency = 0> <II = 1> <Delay = 1.01> <FuncUnit> <Opcode : 'add' 'sub'> <InPorts = 2> <OutPorts = 1>
ST_4 : Operation 216 [1/1] (0.44ns)   --->   "%pd_10 = select i1 %tmp_33, i32 %pd_9, i32 %a" [include/fp_math_hls.h:118->../src/riccati_solver_hls.cpp:218->../src/riccati_solver_hls.cpp:1377->../src/mpc_riccati_hls.cpp:649]   --->   Operation 216 'select' 'pd_10' <Predicate = true> <Delay = 0.44> <CoreInst = "Sel">   --->   Core 73 'Sel' <Latency = 0> <II = 1> <Delay = 0.44> <FuncUnit> <Opcode : 'select'> <InPorts = 3> <OutPorts = 1>
ST_4 : Operation 217 [1/1] (1.01ns)   --->   "%icmp_ln219_1 = icmp_sgt  i32 %pd_10, i32 %primal_da_load_1" [../src/riccati_solver_hls.cpp:219->../src/riccati_solver_hls.cpp:1377->../src/mpc_riccati_hls.cpp:649]   --->   Operation 217 'icmp' 'icmp_ln219_1' <Predicate = true> <Delay = 1.01> <CoreInst = "Cmp">   --->   Core 9 'Cmp' <Latency = 0> <II = 1> <Delay = 1.01> <FuncUnit> <Opcode : 'seteq' 'setne' 'setle' 'setge' 'setlt' 'setgt'> <InPorts = 2> <OutPorts = 1>
ST_4 : Operation 218 [1/1] (0.44ns)   --->   "%primal_da_1 = select i1 %icmp_ln219_1, i32 %pd_10, i32 %primal_da_load_1" [../src/riccati_solver_hls.cpp:219->../src/riccati_solver_hls.cpp:1377->../src/mpc_riccati_hls.cpp:649]   --->   Operation 218 'select' 'primal_da_1' <Predicate = true> <Delay = 0.44> <CoreInst = "Sel">   --->   Core 73 'Sel' <Latency = 0> <II = 1> <Delay = 0.44> <FuncUnit> <Opcode : 'select'> <InPorts = 3> <OutPorts = 1>
ST_4 : Operation 219 [3/4] (2.29ns)   --->   "%product_216 = mul i50 %sext_ln159_29, i50 %sext_ln1337_cast" [../src/fp_math_hls.cpp:159->../src/fp_math_hls.cpp:324->../src/riccati_solver_hls.cpp:224->../src/riccati_solver_hls.cpp:1377->../src/mpc_riccati_hls.cpp:649]   --->   Operation 219 'mul' 'product_216' <Predicate = true> <Delay = 2.29> <CoreInst = "Mul_DSP">   --->   Core 5 'Mul_DSP' <Latency = 3> <II = 1> <Delay = 2.29> <FuncUnit> <Opcode : 'mul'> <InPorts = 2> <OutPorts = 1>
ST_4 : Operation 220 [3/4] (2.29ns)   --->   "%product_215 = mul i50 %sext_ln159_30, i50 %sext_ln1337_cast" [../src/fp_math_hls.cpp:159->../src/fp_math_hls.cpp:324->../src/riccati_solver_hls.cpp:207->../src/riccati_solver_hls.cpp:1377->../src/mpc_riccati_hls.cpp:649]   --->   Operation 220 'mul' 'product_215' <Predicate = true> <Delay = 2.29> <CoreInst = "Mul_DSP">   --->   Core 5 'Mul_DSP' <Latency = 3> <II = 1> <Delay = 2.29> <FuncUnit> <Opcode : 'mul'> <InPorts = 2> <OutPorts = 1>
ST_4 : Operation 221 [1/1] (0.42ns)   --->   "%store_ln1332 = store i32 %primal_da_1, i32 %primal_da" [../src/riccati_solver_hls.cpp:1332->../src/mpc_riccati_hls.cpp:649]   --->   Operation 221 'store' 'store_ln1332' <Predicate = true> <Delay = 0.42>
ST_4 : Operation 222 [1/1] (0.42ns)   --->   "%store_ln1331 = store i32 %primal_ey_1, i32 %primal_ey" [../src/riccati_solver_hls.cpp:1331->../src/mpc_riccati_hls.cpp:649]   --->   Operation 222 'store' 'store_ln1331' <Predicate = true> <Delay = 0.42>
ST_4 : Operation 223 [1/1] (0.42ns)   --->   "%store_ln1320 = store i32 %x_norm_1, i32 %x_norm" [../src/riccati_solver_hls.cpp:1320->../src/mpc_riccati_hls.cpp:649]   --->   Operation 223 'store' 'store_ln1320' <Predicate = true> <Delay = 0.42>

State 5 <SV = 4> <Delay = 2.29>
ST_5 : Operation 224 [2/4] (2.29ns)   --->   "%product = mul i50 %sext_ln159, i50 %sext_ln1337_cast" [../src/fp_math_hls.cpp:159->../src/fp_math_hls.cpp:324->../src/riccati_solver_hls.cpp:207->../src/riccati_solver_hls.cpp:1362->../src/mpc_riccati_hls.cpp:649]   --->   Operation 224 'mul' 'product' <Predicate = true> <Delay = 2.29> <CoreInst = "Mul_DSP">   --->   Core 5 'Mul_DSP' <Latency = 3> <II = 1> <Delay = 2.29> <FuncUnit> <Opcode : 'mul'> <InPorts = 2> <OutPorts = 1>
ST_5 : Operation 225 [2/4] (2.29ns)   --->   "%product_214 = mul i50 %sext_ln159_28, i50 %sext_ln1337_cast" [../src/fp_math_hls.cpp:159->../src/fp_math_hls.cpp:324->../src/riccati_solver_hls.cpp:224->../src/riccati_solver_hls.cpp:1362->../src/mpc_riccati_hls.cpp:649]   --->   Operation 225 'mul' 'product_214' <Predicate = true> <Delay = 2.29> <CoreInst = "Mul_DSP">   --->   Core 5 'Mul_DSP' <Latency = 3> <II = 1> <Delay = 2.29> <FuncUnit> <Opcode : 'mul'> <InPorts = 2> <OutPorts = 1>
ST_5 : Operation 226 [2/4] (2.29ns)   --->   "%product_216 = mul i50 %sext_ln159_29, i50 %sext_ln1337_cast" [../src/fp_math_hls.cpp:159->../src/fp_math_hls.cpp:324->../src/riccati_solver_hls.cpp:224->../src/riccati_solver_hls.cpp:1377->../src/mpc_riccati_hls.cpp:649]   --->   Operation 226 'mul' 'product_216' <Predicate = true> <Delay = 2.29> <CoreInst = "Mul_DSP">   --->   Core 5 'Mul_DSP' <Latency = 3> <II = 1> <Delay = 2.29> <FuncUnit> <Opcode : 'mul'> <InPorts = 2> <OutPorts = 1>
ST_5 : Operation 227 [2/4] (2.29ns)   --->   "%product_215 = mul i50 %sext_ln159_30, i50 %sext_ln1337_cast" [../src/fp_math_hls.cpp:159->../src/fp_math_hls.cpp:324->../src/riccati_solver_hls.cpp:207->../src/riccati_solver_hls.cpp:1377->../src/mpc_riccati_hls.cpp:649]   --->   Operation 227 'mul' 'product_215' <Predicate = true> <Delay = 2.29> <CoreInst = "Mul_DSP">   --->   Core 5 'Mul_DSP' <Latency = 3> <II = 1> <Delay = 2.29> <FuncUnit> <Opcode : 'mul'> <InPorts = 2> <OutPorts = 1>

State 6 <SV = 5> <Delay = 3.75>
ST_6 : Operation 228 [1/4] (2.29ns)   --->   "%product = mul i50 %sext_ln159, i50 %sext_ln1337_cast" [../src/fp_math_hls.cpp:159->../src/fp_math_hls.cpp:324->../src/riccati_solver_hls.cpp:207->../src/riccati_solver_hls.cpp:1362->../src/mpc_riccati_hls.cpp:649]   --->   Operation 228 'mul' 'product' <Predicate = true> <Delay = 2.29> <CoreInst = "Mul_DSP">   --->   Core 5 'Mul_DSP' <Latency = 3> <II = 1> <Delay = 2.29> <FuncUnit> <Opcode : 'mul'> <InPorts = 2> <OutPorts = 1>
ST_6 : Operation 229 [1/1] (0.00ns)   --->   "%specfucore_ln160 = specfucore void @_ssdm_op_SpecFUCore, i50 %product, i64 12, i64 3, i64 3, i1 0" [../src/fp_math_hls.cpp:160->../src/fp_math_hls.cpp:324->../src/riccati_solver_hls.cpp:207->../src/riccati_solver_hls.cpp:1362->../src/mpc_riccati_hls.cpp:649]   --->   Operation 229 'specfucore' 'specfucore_ln160' <Predicate = true> <Delay = 0.00>
ST_6 : Operation 230 [1/1] (0.00ns)   --->   "%product_q = partselect i32 @_ssdm_op_PartSelect.i32.i50.i32.i32, i50 %product, i32 18, i32 49" [include/fp_types_hls.hpp:650->../src/fp_math_hls.cpp:326->../src/riccati_solver_hls.cpp:207->../src/riccati_solver_hls.cpp:1362->../src/mpc_riccati_hls.cpp:649]   --->   Operation 230 'partselect' 'product_q' <Predicate = true> <Delay = 0.00>
ST_6 : Operation 231 [1/1] (0.00ns)   --->   "%tmp_29 = bitselect i1 @_ssdm_op_BitSelect.i1.i50.i32, i50 %product, i32 49" [include/fp_math_hls.h:118->../src/riccati_solver_hls.cpp:207->../src/riccati_solver_hls.cpp:1362->../src/mpc_riccati_hls.cpp:649]   --->   Operation 231 'bitselect' 'tmp_29' <Predicate = true> <Delay = 0.00>
ST_6 : Operation 232 [1/1] (1.01ns)   --->   "%dd = sub i32 0, i32 %product_q" [include/fp_math_hls.h:118->../src/riccati_solver_hls.cpp:207->../src/riccati_solver_hls.cpp:1362->../src/mpc_riccati_hls.cpp:649]   --->   Operation 232 'sub' 'dd' <Predicate = true> <Delay = 1.01> <CoreInst = "Adder">   --->   Core 1 'Adder' <Latency = 0> <II = 1> <Delay = 1.01> <FuncUnit> <Opcode : 'add' 'sub'> <InPorts = 2> <OutPorts = 1>
ST_6 : Operation 233 [1/1] (0.44ns)   --->   "%dd_6 = select i1 %tmp_29, i32 %dd, i32 %product_q" [include/fp_math_hls.h:118->../src/riccati_solver_hls.cpp:207->../src/riccati_solver_hls.cpp:1362->../src/mpc_riccati_hls.cpp:649]   --->   Operation 233 'select' 'dd_6' <Predicate = true> <Delay = 0.44> <CoreInst = "Sel">   --->   Core 73 'Sel' <Latency = 0> <II = 1> <Delay = 0.44> <FuncUnit> <Opcode : 'select'> <InPorts = 3> <OutPorts = 1>
ST_6 : Operation 234 [1/4] (2.29ns)   --->   "%product_214 = mul i50 %sext_ln159_28, i50 %sext_ln1337_cast" [../src/fp_math_hls.cpp:159->../src/fp_math_hls.cpp:324->../src/riccati_solver_hls.cpp:224->../src/riccati_solver_hls.cpp:1362->../src/mpc_riccati_hls.cpp:649]   --->   Operation 234 'mul' 'product_214' <Predicate = true> <Delay = 2.29> <CoreInst = "Mul_DSP">   --->   Core 5 'Mul_DSP' <Latency = 3> <II = 1> <Delay = 2.29> <FuncUnit> <Opcode : 'mul'> <InPorts = 2> <OutPorts = 1>
ST_6 : Operation 235 [1/1] (0.00ns)   --->   "%specfucore_ln160 = specfucore void @_ssdm_op_SpecFUCore, i50 %product_214, i64 12, i64 3, i64 3, i1 0" [../src/fp_math_hls.cpp:160->../src/fp_math_hls.cpp:324->../src/riccati_solver_hls.cpp:224->../src/riccati_solver_hls.cpp:1362->../src/mpc_riccati_hls.cpp:649]   --->   Operation 235 'specfucore' 'specfucore_ln160' <Predicate = true> <Delay = 0.00>
ST_6 : Operation 236 [1/1] (0.00ns)   --->   "%product_q_14 = partselect i32 @_ssdm_op_PartSelect.i32.i50.i32.i32, i50 %product_214, i32 18, i32 49" [include/fp_types_hls.hpp:650->../src/fp_math_hls.cpp:326->../src/riccati_solver_hls.cpp:224->../src/riccati_solver_hls.cpp:1362->../src/mpc_riccati_hls.cpp:649]   --->   Operation 236 'partselect' 'product_q_14' <Predicate = true> <Delay = 0.00>
ST_6 : Operation 237 [1/1] (0.00ns)   --->   "%tmp_32 = bitselect i1 @_ssdm_op_BitSelect.i1.i50.i32, i50 %product_214, i32 49" [include/fp_math_hls.h:118->../src/riccati_solver_hls.cpp:224->../src/riccati_solver_hls.cpp:1362->../src/mpc_riccati_hls.cpp:649]   --->   Operation 237 'bitselect' 'tmp_32' <Predicate = true> <Delay = 0.00>
ST_6 : Operation 238 [1/1] (1.01ns)   --->   "%abs_l = sub i32 0, i32 %product_q_14" [include/fp_math_hls.h:118->../src/riccati_solver_hls.cpp:224->../src/riccati_solver_hls.cpp:1362->../src/mpc_riccati_hls.cpp:649]   --->   Operation 238 'sub' 'abs_l' <Predicate = true> <Delay = 1.01> <CoreInst = "Adder">   --->   Core 1 'Adder' <Latency = 0> <II = 1> <Delay = 1.01> <FuncUnit> <Opcode : 'add' 'sub'> <InPorts = 2> <OutPorts = 1>
ST_6 : Operation 239 [1/1] (0.44ns)   --->   "%abs_l_10 = select i1 %tmp_32, i32 %abs_l, i32 %product_q_14" [include/fp_math_hls.h:118->../src/riccati_solver_hls.cpp:224->../src/riccati_solver_hls.cpp:1362->../src/mpc_riccati_hls.cpp:649]   --->   Operation 239 'select' 'abs_l_10' <Predicate = true> <Delay = 0.44> <CoreInst = "Sel">   --->   Core 73 'Sel' <Latency = 0> <II = 1> <Delay = 0.44> <FuncUnit> <Opcode : 'select'> <InPorts = 3> <OutPorts = 1>
ST_6 : Operation 240 [1/4] (2.29ns)   --->   "%product_216 = mul i50 %sext_ln159_29, i50 %sext_ln1337_cast" [../src/fp_math_hls.cpp:159->../src/fp_math_hls.cpp:324->../src/riccati_solver_hls.cpp:224->../src/riccati_solver_hls.cpp:1377->../src/mpc_riccati_hls.cpp:649]   --->   Operation 240 'mul' 'product_216' <Predicate = true> <Delay = 2.29> <CoreInst = "Mul_DSP">   --->   Core 5 'Mul_DSP' <Latency = 3> <II = 1> <Delay = 2.29> <FuncUnit> <Opcode : 'mul'> <InPorts = 2> <OutPorts = 1>
ST_6 : Operation 241 [1/1] (0.00ns)   --->   "%specfucore_ln160 = specfucore void @_ssdm_op_SpecFUCore, i50 %product_216, i64 12, i64 3, i64 3, i1 0" [../src/fp_math_hls.cpp:160->../src/fp_math_hls.cpp:324->../src/riccati_solver_hls.cpp:224->../src/riccati_solver_hls.cpp:1377->../src/mpc_riccati_hls.cpp:649]   --->   Operation 241 'specfucore' 'specfucore_ln160' <Predicate = true> <Delay = 0.00>
ST_6 : Operation 242 [1/1] (0.00ns)   --->   "%product_q_16 = partselect i32 @_ssdm_op_PartSelect.i32.i50.i32.i32, i50 %product_216, i32 18, i32 49" [include/fp_types_hls.hpp:650->../src/fp_math_hls.cpp:326->../src/riccati_solver_hls.cpp:224->../src/riccati_solver_hls.cpp:1377->../src/mpc_riccati_hls.cpp:649]   --->   Operation 242 'partselect' 'product_q_16' <Predicate = true> <Delay = 0.00>
ST_6 : Operation 243 [1/1] (0.00ns)   --->   "%tmp_35 = bitselect i1 @_ssdm_op_BitSelect.i1.i50.i32, i50 %product_216, i32 49" [include/fp_math_hls.h:118->../src/riccati_solver_hls.cpp:224->../src/riccati_solver_hls.cpp:1377->../src/mpc_riccati_hls.cpp:649]   --->   Operation 243 'bitselect' 'tmp_35' <Predicate = true> <Delay = 0.00>
ST_6 : Operation 244 [1/1] (1.01ns)   --->   "%abs_l_11 = sub i32 0, i32 %product_q_16" [include/fp_math_hls.h:118->../src/riccati_solver_hls.cpp:224->../src/riccati_solver_hls.cpp:1377->../src/mpc_riccati_hls.cpp:649]   --->   Operation 244 'sub' 'abs_l_11' <Predicate = true> <Delay = 1.01> <CoreInst = "Adder">   --->   Core 1 'Adder' <Latency = 0> <II = 1> <Delay = 1.01> <FuncUnit> <Opcode : 'add' 'sub'> <InPorts = 2> <OutPorts = 1>
ST_6 : Operation 245 [1/1] (0.44ns)   --->   "%abs_l_12 = select i1 %tmp_35, i32 %abs_l_11, i32 %product_q_16" [include/fp_math_hls.h:118->../src/riccati_solver_hls.cpp:224->../src/riccati_solver_hls.cpp:1377->../src/mpc_riccati_hls.cpp:649]   --->   Operation 245 'select' 'abs_l_12' <Predicate = true> <Delay = 0.44> <CoreInst = "Sel">   --->   Core 73 'Sel' <Latency = 0> <II = 1> <Delay = 0.44> <FuncUnit> <Opcode : 'select'> <InPorts = 3> <OutPorts = 1>
ST_6 : Operation 246 [1/4] (2.29ns)   --->   "%product_215 = mul i50 %sext_ln159_30, i50 %sext_ln1337_cast" [../src/fp_math_hls.cpp:159->../src/fp_math_hls.cpp:324->../src/riccati_solver_hls.cpp:207->../src/riccati_solver_hls.cpp:1377->../src/mpc_riccati_hls.cpp:649]   --->   Operation 246 'mul' 'product_215' <Predicate = true> <Delay = 2.29> <CoreInst = "Mul_DSP">   --->   Core 5 'Mul_DSP' <Latency = 3> <II = 1> <Delay = 2.29> <FuncUnit> <Opcode : 'mul'> <InPorts = 2> <OutPorts = 1>
ST_6 : Operation 247 [1/1] (0.00ns)   --->   "%specfucore_ln160 = specfucore void @_ssdm_op_SpecFUCore, i50 %product_215, i64 12, i64 3, i64 3, i1 0" [../src/fp_math_hls.cpp:160->../src/fp_math_hls.cpp:324->../src/riccati_solver_hls.cpp:207->../src/riccati_solver_hls.cpp:1377->../src/mpc_riccati_hls.cpp:649]   --->   Operation 247 'specfucore' 'specfucore_ln160' <Predicate = true> <Delay = 0.00>
ST_6 : Operation 248 [1/1] (0.00ns)   --->   "%product_q_15 = partselect i32 @_ssdm_op_PartSelect.i32.i50.i32.i32, i50 %product_215, i32 18, i32 49" [include/fp_types_hls.hpp:650->../src/fp_math_hls.cpp:326->../src/riccati_solver_hls.cpp:207->../src/riccati_solver_hls.cpp:1377->../src/mpc_riccati_hls.cpp:649]   --->   Operation 248 'partselect' 'product_q_15' <Predicate = true> <Delay = 0.00>
ST_6 : Operation 249 [1/1] (0.00ns)   --->   "%tmp_36 = bitselect i1 @_ssdm_op_BitSelect.i1.i50.i32, i50 %product_215, i32 49" [include/fp_math_hls.h:118->../src/riccati_solver_hls.cpp:207->../src/riccati_solver_hls.cpp:1377->../src/mpc_riccati_hls.cpp:649]   --->   Operation 249 'bitselect' 'tmp_36' <Predicate = true> <Delay = 0.00>
ST_6 : Operation 250 [1/1] (1.01ns)   --->   "%dd_9 = sub i32 0, i32 %product_q_15" [include/fp_math_hls.h:118->../src/riccati_solver_hls.cpp:207->../src/riccati_solver_hls.cpp:1377->../src/mpc_riccati_hls.cpp:649]   --->   Operation 250 'sub' 'dd_9' <Predicate = true> <Delay = 1.01> <CoreInst = "Adder">   --->   Core 1 'Adder' <Latency = 0> <II = 1> <Delay = 1.01> <FuncUnit> <Opcode : 'add' 'sub'> <InPorts = 2> <OutPorts = 1>
ST_6 : Operation 251 [1/1] (0.44ns)   --->   "%dd_10 = select i1 %tmp_36, i32 %dd_9, i32 %product_q_15" [include/fp_math_hls.h:118->../src/riccati_solver_hls.cpp:207->../src/riccati_solver_hls.cpp:1377->../src/mpc_riccati_hls.cpp:649]   --->   Operation 251 'select' 'dd_10' <Predicate = true> <Delay = 0.44> <CoreInst = "Sel">   --->   Core 73 'Sel' <Latency = 0> <II = 1> <Delay = 0.44> <FuncUnit> <Opcode : 'select'> <InPorts = 3> <OutPorts = 1>
ST_6 : Operation 276 [1/1] (0.00ns)   --->   "%x_norm_load = load i32 %x_norm"   --->   Operation 276 'load' 'x_norm_load' <Predicate = (icmp_ln1337)> <Delay = 0.00>
ST_6 : Operation 277 [1/1] (0.00ns)   --->   "%primal_ey_load = load i32 %primal_ey"   --->   Operation 277 'load' 'primal_ey_load' <Predicate = (icmp_ln1337)> <Delay = 0.00>
ST_6 : Operation 278 [1/1] (0.00ns)   --->   "%dual_ey_load = load i32 %dual_ey"   --->   Operation 278 'load' 'dual_ey_load' <Predicate = (icmp_ln1337)> <Delay = 0.00>
ST_6 : Operation 279 [1/1] (0.00ns)   --->   "%znorm_ey_load = load i32 %znorm_ey"   --->   Operation 279 'load' 'znorm_ey_load' <Predicate = (icmp_ln1337)> <Delay = 0.00>
ST_6 : Operation 280 [1/1] (0.00ns)   --->   "%lnorm_ey_load = load i32 %lnorm_ey"   --->   Operation 280 'load' 'lnorm_ey_load' <Predicate = (icmp_ln1337)> <Delay = 0.00>
ST_6 : Operation 281 [1/1] (0.00ns)   --->   "%primal_da_load = load i32 %primal_da"   --->   Operation 281 'load' 'primal_da_load' <Predicate = (icmp_ln1337)> <Delay = 0.00>
ST_6 : Operation 282 [1/1] (0.00ns)   --->   "%dual_da_load = load i32 %dual_da"   --->   Operation 282 'load' 'dual_da_load' <Predicate = (icmp_ln1337)> <Delay = 0.00>
ST_6 : Operation 283 [1/1] (0.00ns)   --->   "%znorm_da_load = load i31 %znorm_da"   --->   Operation 283 'load' 'znorm_da_load' <Predicate = (icmp_ln1337)> <Delay = 0.00>
ST_6 : Operation 284 [1/1] (0.00ns)   --->   "%lnorm_da_load = load i32 %lnorm_da"   --->   Operation 284 'load' 'lnorm_da_load' <Predicate = (icmp_ln1337)> <Delay = 0.00>
ST_6 : Operation 285 [1/1] (0.00ns)   --->   "%write_ln0 = write void @_ssdm_op_Write.ap_auto.i32P0A, i32 %lnorm_da_out, i32 %lnorm_da_load"   --->   Operation 285 'write' 'write_ln0' <Predicate = (icmp_ln1337)> <Delay = 0.00>
ST_6 : Operation 286 [1/1] (0.00ns)   --->   "%write_ln0 = write void @_ssdm_op_Write.ap_auto.i31P0A, i31 %znorm_da_out, i31 %znorm_da_load"   --->   Operation 286 'write' 'write_ln0' <Predicate = (icmp_ln1337)> <Delay = 0.00>
ST_6 : Operation 287 [1/1] (0.00ns)   --->   "%write_ln0 = write void @_ssdm_op_Write.ap_auto.i32P0A, i32 %dual_da_out, i32 %dual_da_load"   --->   Operation 287 'write' 'write_ln0' <Predicate = (icmp_ln1337)> <Delay = 0.00>
ST_6 : Operation 288 [1/1] (0.00ns)   --->   "%write_ln0 = write void @_ssdm_op_Write.ap_auto.i32P0A, i32 %primal_da_out, i32 %primal_da_load"   --->   Operation 288 'write' 'write_ln0' <Predicate = (icmp_ln1337)> <Delay = 0.00>
ST_6 : Operation 289 [1/1] (0.00ns)   --->   "%write_ln0 = write void @_ssdm_op_Write.ap_auto.i32P0A, i32 %lnorm_ey_out, i32 %lnorm_ey_load"   --->   Operation 289 'write' 'write_ln0' <Predicate = (icmp_ln1337)> <Delay = 0.00>
ST_6 : Operation 290 [1/1] (0.00ns)   --->   "%write_ln0 = write void @_ssdm_op_Write.ap_auto.i32P0A, i32 %znorm_ey_out, i32 %znorm_ey_load"   --->   Operation 290 'write' 'write_ln0' <Predicate = (icmp_ln1337)> <Delay = 0.00>
ST_6 : Operation 291 [1/1] (0.00ns)   --->   "%write_ln0 = write void @_ssdm_op_Write.ap_auto.i32P0A, i32 %dual_ey_out, i32 %dual_ey_load"   --->   Operation 291 'write' 'write_ln0' <Predicate = (icmp_ln1337)> <Delay = 0.00>
ST_6 : Operation 292 [1/1] (0.00ns)   --->   "%write_ln0 = write void @_ssdm_op_Write.ap_auto.i32P0A, i32 %primal_ey_out, i32 %primal_ey_load"   --->   Operation 292 'write' 'write_ln0' <Predicate = (icmp_ln1337)> <Delay = 0.00>
ST_6 : Operation 293 [1/1] (0.00ns)   --->   "%write_ln0 = write void @_ssdm_op_Write.ap_auto.i32P0A, i32 %x_norm_out, i32 %x_norm_load"   --->   Operation 293 'write' 'write_ln0' <Predicate = (icmp_ln1337)> <Delay = 0.00>
ST_6 : Operation 294 [1/1] (0.42ns)   --->   "%ret_ln0 = ret"   --->   Operation 294 'ret' 'ret_ln0' <Predicate = (icmp_ln1337)> <Delay = 0.42>

State 7 <SV = 6> <Delay = 1.89>
ST_7 : Operation 252 [1/1] (0.00ns)   --->   "%dual_ey_load_1 = load i32 %dual_ey" [../src/riccati_solver_hls.cpp:209->../src/riccati_solver_hls.cpp:1362->../src/mpc_riccati_hls.cpp:649]   --->   Operation 252 'load' 'dual_ey_load_1' <Predicate = true> <Delay = 0.00>
ST_7 : Operation 253 [1/1] (0.00ns)   --->   "%lnorm_ey_load_1 = load i32 %lnorm_ey" [../src/riccati_solver_hls.cpp:227->../src/riccati_solver_hls.cpp:1362->../src/mpc_riccati_hls.cpp:649]   --->   Operation 253 'load' 'lnorm_ey_load_1' <Predicate = true> <Delay = 0.00>
ST_7 : Operation 254 [1/1] (0.00ns)   --->   "%dual_da_load_1 = load i32 %dual_da" [../src/riccati_solver_hls.cpp:209->../src/riccati_solver_hls.cpp:1377->../src/mpc_riccati_hls.cpp:649]   --->   Operation 254 'load' 'dual_da_load_1' <Predicate = true> <Delay = 0.00>
ST_7 : Operation 255 [1/1] (0.00ns)   --->   "%lnorm_da_load_1 = load i32 %lnorm_da" [../src/riccati_solver_hls.cpp:227->../src/riccati_solver_hls.cpp:1377->../src/mpc_riccati_hls.cpp:649]   --->   Operation 255 'load' 'lnorm_da_load_1' <Predicate = true> <Delay = 0.00>
ST_7 : Operation 256 [1/1] (0.00ns)   --->   "%specpipeline_ln1320 = specpipeline void @_ssdm_op_SpecPipeline, i32 4294967295, i32 0, i32 0, i32 0, i32 4294967295, void @empty_485" [../src/riccati_solver_hls.cpp:1320->../src/mpc_riccati_hls.cpp:649]   --->   Operation 256 'specpipeline' 'specpipeline_ln1320' <Predicate = true> <Delay = 0.00>
ST_7 : Operation 257 [1/1] (0.00ns)   --->   "%speclooptripcount_ln1320 = speclooptripcount void @_ssdm_op_SpecLoopTripCount, i64 21, i64 21, i64 21" [../src/riccati_solver_hls.cpp:1320->../src/mpc_riccati_hls.cpp:649]   --->   Operation 257 'speclooptripcount' 'speclooptripcount_ln1320' <Predicate = true> <Delay = 0.00>
ST_7 : Operation 258 [1/1] (0.00ns)   --->   "%specloopname_ln1337 = specloopname void @_ssdm_op_SpecLoopName, void @empty_397" [../src/riccati_solver_hls.cpp:1337->../src/mpc_riccati_hls.cpp:649]   --->   Operation 258 'specloopname' 'specloopname_ln1337' <Predicate = true> <Delay = 0.00>
ST_7 : Operation 259 [1/1] (0.00ns)   --->   "%rbegin50 = specregionbegin i32 @_ssdm_op_SpecRegionBegin, void @empty_107" [../src/fp_math_hls.cpp:159->../src/fp_math_hls.cpp:324->../src/riccati_solver_hls.cpp:207->../src/riccati_solver_hls.cpp:1362->../src/mpc_riccati_hls.cpp:649]   --->   Operation 259 'specregionbegin' 'rbegin50' <Predicate = true> <Delay = 0.00>
ST_7 : Operation 260 [1/1] (0.00ns)   --->   "%rend51 = specregionend i32 @_ssdm_op_SpecRegionEnd, void @empty_107, i32 %rbegin50" [../src/fp_math_hls.cpp:159->../src/fp_math_hls.cpp:324->../src/riccati_solver_hls.cpp:207->../src/riccati_solver_hls.cpp:1362->../src/mpc_riccati_hls.cpp:649]   --->   Operation 260 'specregionend' 'rend51' <Predicate = true> <Delay = 0.00>
ST_7 : Operation 261 [1/1] (1.01ns)   --->   "%icmp_ln209 = icmp_sgt  i32 %dd_6, i32 %dual_ey_load_1" [../src/riccati_solver_hls.cpp:209->../src/riccati_solver_hls.cpp:1362->../src/mpc_riccati_hls.cpp:649]   --->   Operation 261 'icmp' 'icmp_ln209' <Predicate = true> <Delay = 1.01> <CoreInst = "Cmp">   --->   Core 9 'Cmp' <Latency = 0> <II = 1> <Delay = 1.01> <FuncUnit> <Opcode : 'seteq' 'setne' 'setle' 'setge' 'setlt' 'setgt'> <InPorts = 2> <OutPorts = 1>
ST_7 : Operation 262 [1/1] (0.44ns)   --->   "%dual_ey_1 = select i1 %icmp_ln209, i32 %dd_6, i32 %dual_ey_load_1" [../src/riccati_solver_hls.cpp:209->../src/riccati_solver_hls.cpp:1362->../src/mpc_riccati_hls.cpp:649]   --->   Operation 262 'select' 'dual_ey_1' <Predicate = true> <Delay = 0.44> <CoreInst = "Sel">   --->   Core 73 'Sel' <Latency = 0> <II = 1> <Delay = 0.44> <FuncUnit> <Opcode : 'select'> <InPorts = 3> <OutPorts = 1>
ST_7 : Operation 263 [1/1] (0.00ns)   --->   "%rbegin48 = specregionbegin i32 @_ssdm_op_SpecRegionBegin, void @empty_106" [../src/fp_math_hls.cpp:159->../src/fp_math_hls.cpp:324->../src/riccati_solver_hls.cpp:224->../src/riccati_solver_hls.cpp:1362->../src/mpc_riccati_hls.cpp:649]   --->   Operation 263 'specregionbegin' 'rbegin48' <Predicate = true> <Delay = 0.00>
ST_7 : Operation 264 [1/1] (0.00ns)   --->   "%rend49 = specregionend i32 @_ssdm_op_SpecRegionEnd, void @empty_106, i32 %rbegin48" [../src/fp_math_hls.cpp:159->../src/fp_math_hls.cpp:324->../src/riccati_solver_hls.cpp:224->../src/riccati_solver_hls.cpp:1362->../src/mpc_riccati_hls.cpp:649]   --->   Operation 264 'specregionend' 'rend49' <Predicate = true> <Delay = 0.00>
ST_7 : Operation 265 [1/1] (1.01ns)   --->   "%icmp_ln227 = icmp_sgt  i32 %abs_l_10, i32 %lnorm_ey_load_1" [../src/riccati_solver_hls.cpp:227->../src/riccati_solver_hls.cpp:1362->../src/mpc_riccati_hls.cpp:649]   --->   Operation 265 'icmp' 'icmp_ln227' <Predicate = true> <Delay = 1.01> <CoreInst = "Cmp">   --->   Core 9 'Cmp' <Latency = 0> <II = 1> <Delay = 1.01> <FuncUnit> <Opcode : 'seteq' 'setne' 'setle' 'setge' 'setlt' 'setgt'> <InPorts = 2> <OutPorts = 1>
ST_7 : Operation 266 [1/1] (0.44ns)   --->   "%lnorm_ey_2 = select i1 %icmp_ln227, i32 %abs_l_10, i32 %lnorm_ey_load_1" [../src/riccati_solver_hls.cpp:227->../src/riccati_solver_hls.cpp:1362->../src/mpc_riccati_hls.cpp:649]   --->   Operation 266 'select' 'lnorm_ey_2' <Predicate = true> <Delay = 0.44> <CoreInst = "Sel">   --->   Core 73 'Sel' <Latency = 0> <II = 1> <Delay = 0.44> <FuncUnit> <Opcode : 'select'> <InPorts = 3> <OutPorts = 1>
ST_7 : Operation 267 [1/1] (1.01ns)   --->   "%icmp_ln227_1 = icmp_sgt  i32 %abs_l_12, i32 %lnorm_da_load_1" [../src/riccati_solver_hls.cpp:227->../src/riccati_solver_hls.cpp:1377->../src/mpc_riccati_hls.cpp:649]   --->   Operation 267 'icmp' 'icmp_ln227_1' <Predicate = true> <Delay = 1.01> <CoreInst = "Cmp">   --->   Core 9 'Cmp' <Latency = 0> <II = 1> <Delay = 1.01> <FuncUnit> <Opcode : 'seteq' 'setne' 'setle' 'setge' 'setlt' 'setgt'> <InPorts = 2> <OutPorts = 1>
ST_7 : Operation 268 [1/1] (0.44ns)   --->   "%lnorm_da_2 = select i1 %icmp_ln227_1, i32 %abs_l_12, i32 %lnorm_da_load_1" [../src/riccati_solver_hls.cpp:227->../src/riccati_solver_hls.cpp:1377->../src/mpc_riccati_hls.cpp:649]   --->   Operation 268 'select' 'lnorm_da_2' <Predicate = true> <Delay = 0.44> <CoreInst = "Sel">   --->   Core 73 'Sel' <Latency = 0> <II = 1> <Delay = 0.44> <FuncUnit> <Opcode : 'select'> <InPorts = 3> <OutPorts = 1>
ST_7 : Operation 269 [1/1] (1.01ns)   --->   "%icmp_ln209_1 = icmp_sgt  i32 %dd_10, i32 %dual_da_load_1" [../src/riccati_solver_hls.cpp:209->../src/riccati_solver_hls.cpp:1377->../src/mpc_riccati_hls.cpp:649]   --->   Operation 269 'icmp' 'icmp_ln209_1' <Predicate = true> <Delay = 1.01> <CoreInst = "Cmp">   --->   Core 9 'Cmp' <Latency = 0> <II = 1> <Delay = 1.01> <FuncUnit> <Opcode : 'seteq' 'setne' 'setle' 'setge' 'setlt' 'setgt'> <InPorts = 2> <OutPorts = 1>
ST_7 : Operation 270 [1/1] (0.44ns)   --->   "%dual_da_1 = select i1 %icmp_ln209_1, i32 %dd_10, i32 %dual_da_load_1" [../src/riccati_solver_hls.cpp:209->../src/riccati_solver_hls.cpp:1377->../src/mpc_riccati_hls.cpp:649]   --->   Operation 270 'select' 'dual_da_1' <Predicate = true> <Delay = 0.44> <CoreInst = "Sel">   --->   Core 73 'Sel' <Latency = 0> <II = 1> <Delay = 0.44> <FuncUnit> <Opcode : 'select'> <InPorts = 3> <OutPorts = 1>
ST_7 : Operation 271 [1/1] (0.42ns)   --->   "%store_ln1332 = store i32 %lnorm_da_2, i32 %lnorm_da" [../src/riccati_solver_hls.cpp:1332->../src/mpc_riccati_hls.cpp:649]   --->   Operation 271 'store' 'store_ln1332' <Predicate = true> <Delay = 0.42>
ST_7 : Operation 272 [1/1] (0.42ns)   --->   "%store_ln1332 = store i32 %dual_da_1, i32 %dual_da" [../src/riccati_solver_hls.cpp:1332->../src/mpc_riccati_hls.cpp:649]   --->   Operation 272 'store' 'store_ln1332' <Predicate = true> <Delay = 0.42>
ST_7 : Operation 273 [1/1] (0.42ns)   --->   "%store_ln1331 = store i32 %lnorm_ey_2, i32 %lnorm_ey" [../src/riccati_solver_hls.cpp:1331->../src/mpc_riccati_hls.cpp:649]   --->   Operation 273 'store' 'store_ln1331' <Predicate = true> <Delay = 0.42>
ST_7 : Operation 274 [1/1] (0.42ns)   --->   "%store_ln1331 = store i32 %dual_ey_1, i32 %dual_ey" [../src/riccati_solver_hls.cpp:1331->../src/mpc_riccati_hls.cpp:649]   --->   Operation 274 'store' 'store_ln1331' <Predicate = true> <Delay = 0.42>
ST_7 : Operation 275 [1/1] (0.00ns)   --->   "%br_ln1337 = br void %for.body373.i" [../src/riccati_solver_hls.cpp:1337->../src/mpc_riccati_hls.cpp:649]   --->   Operation 275 'br' 'br_ln1337' <Predicate = true> <Delay = 0.00>


============================================================
+ Verbose Summary: Binding
============================================================
STG Binding: 
---------------- STG Properties BEGIN ----------------
- Is combinational: 0
- Is one-state seq: 0
- Is datapath-only: 0
- Is pipelined: 0
- Is top level: 0
Port [ Return ] is wired: 1; IO mode=ap_ctrl_hs:ce=0
Port [ y_x_5]:  wired=1; compound=1; hidden=0; nouse=0; global=0; static=0; extern=0; dir=2; type=1; pingpong=0; private_global=0; MemPort=[10]; IO mode=ap_memory:ce=0
Port [ y_x]:  wired=1; compound=1; hidden=0; nouse=0; global=0; static=0; extern=0; dir=2; type=1; pingpong=0; private_global=0; MemPort=[10]; IO mode=ap_memory:ce=0
Port [ z_x_7]:  wired=1; compound=1; hidden=0; nouse=0; global=0; static=0; extern=0; dir=1; type=1; pingpong=0; private_global=0; MemPort=[30]; IO mode=ap_memory:ce=0
Port [ z_x_6]:  wired=1; compound=1; hidden=0; nouse=0; global=0; static=0; extern=0; dir=1; type=1; pingpong=0; private_global=0; MemPort=[30]; IO mode=ap_memory:ce=0
Port [ z_x_5]:  wired=1; compound=1; hidden=0; nouse=0; global=0; static=0; extern=0; dir=2; type=1; pingpong=0; private_global=0; MemPort=[10]; IO mode=ap_memory:ce=0
Port [ z_x_4]:  wired=1; compound=1; hidden=0; nouse=0; global=0; static=0; extern=0; dir=1; type=1; pingpong=0; private_global=0; MemPort=[30]; IO mode=ap_memory:ce=0
Port [ z_x_3]:  wired=1; compound=1; hidden=0; nouse=0; global=0; static=0; extern=0; dir=1; type=1; pingpong=0; private_global=0; MemPort=[30]; IO mode=ap_memory:ce=0
Port [ z_x_2]:  wired=1; compound=1; hidden=0; nouse=0; global=0; static=0; extern=0; dir=1; type=1; pingpong=0; private_global=0; MemPort=[30]; IO mode=ap_memory:ce=0
Port [ z_x_1]:  wired=1; compound=1; hidden=0; nouse=0; global=0; static=0; extern=0; dir=1; type=1; pingpong=0; private_global=0; MemPort=[30]; IO mode=ap_memory:ce=0
Port [ z_x]:  wired=1; compound=1; hidden=0; nouse=0; global=0; static=0; extern=0; dir=2; type=1; pingpong=0; private_global=0; MemPort=[10]; IO mode=ap_memory:ce=0
Port [ sol_x_1]:  wired=1; compound=1; hidden=0; nouse=0; global=0; static=0; extern=0; dir=0; type=1; pingpong=0; private_global=0; MemPort=[13]; IO mode=ap_memory:ce=0
Port [ sol_x_2]:  wired=1; compound=1; hidden=0; nouse=0; global=0; static=0; extern=0; dir=0; type=1; pingpong=0; private_global=0; MemPort=[13]; IO mode=ap_memory:ce=0
Port [ sol_x_3]:  wired=1; compound=1; hidden=0; nouse=0; global=0; static=0; extern=0; dir=0; type=1; pingpong=0; private_global=0; MemPort=[13]; IO mode=ap_memory:ce=0
Port [ sol_x_4]:  wired=1; compound=1; hidden=0; nouse=0; global=0; static=0; extern=0; dir=0; type=1; pingpong=0; private_global=0; MemPort=[13]; IO mode=ap_memory:ce=0
Port [ sol_x_6]:  wired=1; compound=1; hidden=0; nouse=0; global=0; static=0; extern=0; dir=0; type=1; pingpong=0; private_global=0; MemPort=[13]; IO mode=ap_memory:ce=0
Port [ sol_x_7]:  wired=1; compound=1; hidden=0; nouse=0; global=0; static=0; extern=0; dir=0; type=1; pingpong=0; private_global=0; MemPort=[13]; IO mode=ap_memory:ce=0
Port [ sol_x]:  wired=1; compound=1; hidden=0; nouse=0; global=0; static=0; extern=0; dir=0; type=1; pingpong=0; private_global=0; MemPort=[13]; IO mode=ap_memory:ce=0
Port [ sol_x_5]:  wired=1; compound=1; hidden=0; nouse=0; global=0; static=0; extern=0; dir=0; type=1; pingpong=0; private_global=0; MemPort=[13]; IO mode=ap_memory:ce=0
Port [ step_data_3]:  wired=1; compound=1; hidden=0; nouse=0; global=0; static=0; extern=0; dir=0; type=1; pingpong=0; private_global=0; MemPort=[13]; IO mode=ap_memory:ce=0
Port [ step_data_4]:  wired=1; compound=1; hidden=0; nouse=0; global=0; static=0; extern=0; dir=0; type=1; pingpong=0; private_global=0; MemPort=[13]; IO mode=ap_memory:ce=0
Port [ terminal_wall_x_lb_con_reload]:  wired=1; compound=0; hidden=0; nouse=0; global=0; static=0; extern=0; dir=0; type=0; pingpong=0; private_global=0; IO mode=ap_none:ce=0
Port [ terminal_wall_x_ub_con_reload]:  wired=1; compound=0; hidden=0; nouse=0; global=0; static=0; extern=0; dir=0; type=0; pingpong=0; private_global=0; IO mode=ap_none:ce=0
Port [ sext_ln1337]:  wired=1; compound=0; hidden=0; nouse=0; global=0; static=0; extern=0; dir=0; type=0; pingpong=0; private_global=0; IO mode=ap_none:ce=0
Port [ lnorm_da_out]:  wired=1; compound=0; hidden=0; nouse=0; global=0; static=0; extern=0; dir=1; type=0; pingpong=0; private_global=0; IO mode=ap_vld:ce=0
Port [ znorm_da_out]:  wired=1; compound=0; hidden=0; nouse=0; global=0; static=0; extern=0; dir=1; type=0; pingpong=0; private_global=0; IO mode=ap_vld:ce=0
Port [ dual_da_out]:  wired=1; compound=0; hidden=0; nouse=0; global=0; static=0; extern=0; dir=1; type=0; pingpong=0; private_global=0; IO mode=ap_vld:ce=0
Port [ primal_da_out]:  wired=1; compound=0; hidden=0; nouse=0; global=0; static=0; extern=0; dir=1; type=0; pingpong=0; private_global=0; IO mode=ap_vld:ce=0
Port [ lnorm_ey_out]:  wired=1; compound=0; hidden=0; nouse=0; global=0; static=0; extern=0; dir=1; type=0; pingpong=0; private_global=0; IO mode=ap_vld:ce=0
Port [ znorm_ey_out]:  wired=1; compound=0; hidden=0; nouse=0; global=0; static=0; extern=0; dir=1; type=0; pingpong=0; private_global=0; IO mode=ap_vld:ce=0
Port [ dual_ey_out]:  wired=1; compound=0; hidden=0; nouse=0; global=0; static=0; extern=0; dir=1; type=0; pingpong=0; private_global=0; IO mode=ap_vld:ce=0
Port [ primal_ey_out]:  wired=1; compound=0; hidden=0; nouse=0; global=0; static=0; extern=0; dir=1; type=0; pingpong=0; private_global=0; IO mode=ap_vld:ce=0
Port [ x_norm_out]:  wired=1; compound=0; hidden=0; nouse=0; global=0; static=0; extern=0; dir=1; type=0; pingpong=0; private_global=0; IO mode=ap_vld:ce=0
---------------- STG Properties END ------------------

---------------- Datapath Model BEGIN ----------------

<LifeTime>
<method=bitvector/>
x_norm                             (alloca           ) [ 01111110]
primal_ey                          (alloca           ) [ 01111110]
dual_ey                            (alloca           ) [ 01111111]
znorm_ey                           (alloca           ) [ 01111110]
lnorm_ey                           (alloca           ) [ 01111111]
primal_da                          (alloca           ) [ 01111110]
dual_da                            (alloca           ) [ 01111111]
znorm_da                           (alloca           ) [ 01111110]
lnorm_da                           (alloca           ) [ 01111111]
k_9                                (alloca           ) [ 01000000]
sext_ln1337_read                   (read             ) [ 00000000]
terminal_wall_x_ub_con_reload_read (read             ) [ 01100000]
terminal_wall_x_lb_con_reload_read (read             ) [ 01100000]
sext_ln1337_cast                   (sext             ) [ 01111110]
specmemcore_ln0                    (specmemcore      ) [ 00000000]
specmemcore_ln0                    (specmemcore      ) [ 00000000]
specmemcore_ln0                    (specmemcore      ) [ 00000000]
specmemcore_ln0                    (specmemcore      ) [ 00000000]
specmemcore_ln0                    (specmemcore      ) [ 00000000]
specmemcore_ln0                    (specmemcore      ) [ 00000000]
specmemcore_ln0                    (specmemcore      ) [ 00000000]
specmemcore_ln0                    (specmemcore      ) [ 00000000]
specmemcore_ln0                    (specmemcore      ) [ 00000000]
specmemcore_ln0                    (specmemcore      ) [ 00000000]
specmemcore_ln0                    (specmemcore      ) [ 00000000]
specmemcore_ln0                    (specmemcore      ) [ 00000000]
specmemcore_ln0                    (specmemcore      ) [ 00000000]
specmemcore_ln0                    (specmemcore      ) [ 00000000]
specmemcore_ln0                    (specmemcore      ) [ 00000000]
specmemcore_ln0                    (specmemcore      ) [ 00000000]
specmemcore_ln0                    (specmemcore      ) [ 00000000]
specmemcore_ln0                    (specmemcore      ) [ 00000000]
specmemcore_ln0                    (specmemcore      ) [ 00000000]
specmemcore_ln0                    (specmemcore      ) [ 00000000]
store_ln1170                       (store            ) [ 00000000]
store_ln1332                       (store            ) [ 00000000]
store_ln1332                       (store            ) [ 00000000]
store_ln1332                       (store            ) [ 00000000]
store_ln1332                       (store            ) [ 00000000]
store_ln1331                       (store            ) [ 00000000]
store_ln1331                       (store            ) [ 00000000]
store_ln1331                       (store            ) [ 00000000]
store_ln1331                       (store            ) [ 00000000]
store_ln1320                       (store            ) [ 00000000]
br_ln0                             (br               ) [ 00000000]
k                                  (load             ) [ 00000000]
icmp_ln1337                        (icmp             ) [ 01111110]
add_ln1337                         (add              ) [ 00000000]
br_ln1337                          (br               ) [ 00000000]
zext_ln1337                        (zext             ) [ 01100000]
sol_x_1_addr                       (getelementptr    ) [ 01100000]
sol_x_2_addr                       (getelementptr    ) [ 01100000]
sol_x_3_addr                       (getelementptr    ) [ 01100000]
sol_x_4_addr                       (getelementptr    ) [ 01100000]
sol_x_6_addr                       (getelementptr    ) [ 01100000]
sol_x_7_addr                       (getelementptr    ) [ 01100000]
sol_x_addr                         (getelementptr    ) [ 01100000]
sol_x_5_addr                       (getelementptr    ) [ 01100000]
icmp_ln1358                        (icmp             ) [ 01100000]
step_data_3_addr                   (getelementptr    ) [ 01100000]
step_data_4_addr                   (getelementptr    ) [ 01100000]
y_x_addr                           (getelementptr    ) [ 01110000]
y_x_5_addr                         (getelementptr    ) [ 01110000]
store_ln1170                       (store            ) [ 00000000]
z_x_1_addr                         (getelementptr    ) [ 00000000]
a_106                              (load             ) [ 00000000]
z_x_2_addr                         (getelementptr    ) [ 00000000]
z_x_3_addr                         (getelementptr    ) [ 00000000]
z_x_4_addr                         (getelementptr    ) [ 00000000]
z_x_6_addr                         (getelementptr    ) [ 00000000]
z_x_7_addr                         (getelementptr    ) [ 00000000]
a_107                              (load             ) [ 00000000]
a_108                              (load             ) [ 00000000]
a_109                              (load             ) [ 00000000]
a_111                              (load             ) [ 00000000]
a_112                              (load             ) [ 00000000]
store_ln1341                       (store            ) [ 00000000]
store_ln1342                       (store            ) [ 00000000]
store_ln1343                       (store            ) [ 00000000]
store_ln1344                       (store            ) [ 00000000]
store_ln1345                       (store            ) [ 00000000]
store_ln1346                       (store            ) [ 00000000]
a_120                              (load             ) [ 01010000]
a_121                              (load             ) [ 01010000]
tmp                                (bitselect        ) [ 00000000]
sub_ln118_1                        (sub              ) [ 00000000]
select_ln118_2                     (select           ) [ 00000000]
tmp_22                             (bitselect        ) [ 00000000]
sub_ln118_2                        (sub              ) [ 00000000]
select_ln118_3                     (select           ) [ 00000000]
icmp_ln123                         (icmp             ) [ 00000000]
select_ln121                       (select           ) [ 01010000]
tmp_23                             (bitselect        ) [ 00000000]
sub_ln118_3                        (sub              ) [ 00000000]
select_ln118_4                     (select           ) [ 00000000]
tmp_24                             (bitselect        ) [ 00000000]
sub_ln118_4                        (sub              ) [ 00000000]
select_ln118_5                     (select           ) [ 00000000]
icmp_ln123_1                       (icmp             ) [ 00000000]
select_ln121_1                     (select           ) [ 01010000]
tmp_25                             (bitselect        ) [ 00000000]
sub_ln118_5                        (sub              ) [ 00000000]
select_ln118_6                     (select           ) [ 00000000]
tmp_26                             (bitselect        ) [ 00000000]
sub_ln118_6                        (sub              ) [ 00000000]
select_ln118_7                     (select           ) [ 00000000]
icmp_ln123_2                       (icmp             ) [ 00000000]
select_ln121_2                     (select           ) [ 01010000]
tmp_27                             (bitselect        ) [ 00000000]
sub_ln118_7                        (sub              ) [ 00000000]
select_ln118_8                     (select           ) [ 00000000]
tmp_28                             (bitselect        ) [ 00000000]
sub_ln118_8                        (sub              ) [ 00000000]
select_ln118_9                     (select           ) [ 00000000]
icmp_ln123_3                       (icmp             ) [ 00000000]
select_ln121_3                     (select           ) [ 01010000]
step_data_3_load                   (load             ) [ 00000000]
step_data_4_load                   (load             ) [ 00000000]
value_164                          (select           ) [ 00000000]
value_165                          (select           ) [ 01010000]
z_x_addr                           (getelementptr    ) [ 01010000]
value_163                          (load             ) [ 00000000]
val                                (add              ) [ 01010000]
icmp_ln196                         (icmp             ) [ 00000000]
val_13                             (select           ) [ 01010000]
icmp_ln198                         (icmp             ) [ 01010000]
z_x_5_addr                         (getelementptr    ) [ 01010000]
value                              (load             ) [ 00000000]
val_19                             (add              ) [ 01010000]
icmp_ln196_1                       (icmp             ) [ 00000000]
val_20                             (select           ) [ 00000000]
trunc_ln198                        (trunc            ) [ 01010000]
icmp_ln198_1                       (icmp             ) [ 01010000]
znorm_ey_load_1                    (load             ) [ 00000000]
znorm_da_load_1                    (load             ) [ 00000000]
icmp_ln123_4                       (icmp             ) [ 00000000]
select_ln121_4                     (select           ) [ 01001000]
icmp_ln123_5                       (icmp             ) [ 00000000]
select_ln121_5                     (select           ) [ 01001000]
val_18                             (select           ) [ 00000000]
value_166                          (load             ) [ 00000000]
diff                               (sub              ) [ 00000000]
sext_ln159                         (sext             ) [ 01001110]
sum_abc                            (sub              ) [ 00000000]
a_113                              (sub              ) [ 01001000]
tmp_30                             (bitselect        ) [ 01001000]
tmp_31                             (bitselect        ) [ 00000000]
abs_z                              (sub              ) [ 00000000]
abs_z_6                            (select           ) [ 00000000]
sext_ln159_28                      (sext             ) [ 01001110]
icmp_ln225                         (icmp             ) [ 00000000]
znorm_ey_1                         (select           ) [ 00000000]
val_21                             (select           ) [ 00000000]
sext_ln160                         (sext             ) [ 00000000]
trunc_ln160                        (trunc            ) [ 00000000]
sum_abc_2                          (sub              ) [ 00000000]
store_ln216                        (store            ) [ 00000000]
store_ln216                        (store            ) [ 00000000]
a                                  (sub              ) [ 01001000]
tmp_33                             (bitselect        ) [ 01001000]
tmp_34                             (bitselect        ) [ 00000000]
abs_z_9                            (sub              ) [ 00000000]
abs_z_10                           (select           ) [ 00000000]
zext_ln159                         (zext             ) [ 00000000]
sext_ln159_29                      (sext             ) [ 01001110]
icmp_ln225_1                       (icmp             ) [ 00000000]
znorm_da_1                         (select           ) [ 00000000]
store_ln229                        (store            ) [ 00000000]
value_167                          (load             ) [ 00000000]
diff_7                             (sub              ) [ 00000000]
sext_ln159_30                      (sext             ) [ 01001110]
store_ln229                        (store            ) [ 00000000]
store_ln1332                       (store            ) [ 00000000]
store_ln1331                       (store            ) [ 00000000]
x_norm_load_1                      (load             ) [ 00000000]
primal_ey_load_1                   (load             ) [ 00000000]
primal_da_load_1                   (load             ) [ 00000000]
icmp_ln123_6                       (icmp             ) [ 00000000]
x_norm_k                           (select           ) [ 00000000]
icmp_ln1351                        (icmp             ) [ 00000000]
x_norm_1                           (select           ) [ 00000000]
pd                                 (sub              ) [ 00000000]
pd_6                               (select           ) [ 00000000]
icmp_ln219                         (icmp             ) [ 00000000]
primal_ey_1                        (select           ) [ 00000000]
pd_9                               (sub              ) [ 00000000]
pd_10                              (select           ) [ 00000000]
icmp_ln219_1                       (icmp             ) [ 00000000]
primal_da_1                        (select           ) [ 00000000]
store_ln1332                       (store            ) [ 00000000]
store_ln1331                       (store            ) [ 00000000]
store_ln1320                       (store            ) [ 00000000]
product                            (mul              ) [ 00000000]
specfucore_ln160                   (specfucore       ) [ 00000000]
product_q                          (partselect       ) [ 00000000]
tmp_29                             (bitselect        ) [ 00000000]
dd                                 (sub              ) [ 00000000]
dd_6                               (select           ) [ 01000001]
product_214                        (mul              ) [ 00000000]
specfucore_ln160                   (specfucore       ) [ 00000000]
product_q_14                       (partselect       ) [ 00000000]
tmp_32                             (bitselect        ) [ 00000000]
abs_l                              (sub              ) [ 00000000]
abs_l_10                           (select           ) [ 01000001]
product_216                        (mul              ) [ 00000000]
specfucore_ln160                   (specfucore       ) [ 00000000]
product_q_16                       (partselect       ) [ 00000000]
tmp_35                             (bitselect        ) [ 00000000]
abs_l_11                           (sub              ) [ 00000000]
abs_l_12                           (select           ) [ 01000001]
product_215                        (mul              ) [ 00000000]
specfucore_ln160                   (specfucore       ) [ 00000000]
product_q_15                       (partselect       ) [ 00000000]
tmp_36                             (bitselect        ) [ 00000000]
dd_9                               (sub              ) [ 00000000]
dd_10                              (select           ) [ 01000001]
dual_ey_load_1                     (load             ) [ 00000000]
lnorm_ey_load_1                    (load             ) [ 00000000]
dual_da_load_1                     (load             ) [ 00000000]
lnorm_da_load_1                    (load             ) [ 00000000]
specpipeline_ln1320                (specpipeline     ) [ 00000000]
speclooptripcount_ln1320           (speclooptripcount) [ 00000000]
specloopname_ln1337                (specloopname     ) [ 00000000]
rbegin50                           (specregionbegin  ) [ 00000000]
rend51                             (specregionend    ) [ 00000000]
icmp_ln209                         (icmp             ) [ 00000000]
dual_ey_1                          (select           ) [ 00000000]
rbegin48                           (specregionbegin  ) [ 00000000]
rend49                             (specregionend    ) [ 00000000]
icmp_ln227                         (icmp             ) [ 00000000]
lnorm_ey_2                         (select           ) [ 00000000]
icmp_ln227_1                       (icmp             ) [ 00000000]
lnorm_da_2                         (select           ) [ 00000000]
icmp_ln209_1                       (icmp             ) [ 00000000]
dual_da_1                          (select           ) [ 00000000]
store_ln1332                       (store            ) [ 00000000]
store_ln1332                       (store            ) [ 00000000]
store_ln1331                       (store            ) [ 00000000]
store_ln1331                       (store            ) [ 00000000]
br_ln1337                          (br               ) [ 00000000]
x_norm_load                        (load             ) [ 00000000]
primal_ey_load                     (load             ) [ 00000000]
dual_ey_load                       (load             ) [ 00000000]
znorm_ey_load                      (load             ) [ 00000000]
lnorm_ey_load                      (load             ) [ 00000000]
primal_da_load                     (load             ) [ 00000000]
dual_da_load                       (load             ) [ 00000000]
znorm_da_load                      (load             ) [ 00000000]
lnorm_da_load                      (load             ) [ 00000000]
write_ln0                          (write            ) [ 00000000]
write_ln0                          (write            ) [ 00000000]
write_ln0                          (write            ) [ 00000000]
write_ln0                          (write            ) [ 00000000]
write_ln0                          (write            ) [ 00000000]
write_ln0                          (write            ) [ 00000000]
write_ln0                          (write            ) [ 00000000]
write_ln0                          (write            ) [ 00000000]
write_ln0                          (write            ) [ 00000000]
ret_ln0                            (ret              ) [ 00000000]
</LifeTime>

<model>

<comp_list>
<comp id="0" class="1000" name="y_x_5">
<pin_list>
<pin id="1" dir="1" index="0" bw="1" slack="0"/>
</pin_list>
<bind>
<StgValue><ssdm name="y_x_5"/><MemPortTyVec>1 0 </MemPortTyVec>
</StgValue>
</bind>
</comp>

<comp id="2" class="1000" name="y_x">
<pin_list>
<pin id="3" dir="1" index="0" bw="1" slack="0"/>
</pin_list>
<bind>
<StgValue><ssdm name="y_x"/><MemPortTyVec>1 0 </MemPortTyVec>
</StgValue>
</bind>
</comp>

<comp id="4" class="1000" name="z_x_7">
<pin_list>
<pin id="5" dir="1" index="0" bw="1" slack="0"/>
</pin_list>
<bind>
<StgValue><ssdm name="z_x_7"/><MemPortTyVec>3 0 </MemPortTyVec>
</StgValue>
</bind>
</comp>

<comp id="6" class="1000" name="z_x_6">
<pin_list>
<pin id="7" dir="1" index="0" bw="1" slack="0"/>
</pin_list>
<bind>
<StgValue><ssdm name="z_x_6"/><MemPortTyVec>3 0 </MemPortTyVec>
</StgValue>
</bind>
</comp>

<comp id="8" class="1000" name="z_x_5">
<pin_list>
<pin id="9" dir="1" index="0" bw="1" slack="0"/>
</pin_list>
<bind>
<StgValue><ssdm name="z_x_5"/><MemPortTyVec>1 0 </MemPortTyVec>
</StgValue>
</bind>
</comp>

<comp id="10" class="1000" name="z_x_4">
<pin_list>
<pin id="11" dir="1" index="0" bw="1" slack="0"/>
</pin_list>
<bind>
<StgValue><ssdm name="z_x_4"/><MemPortTyVec>3 0 </MemPortTyVec>
</StgValue>
</bind>
</comp>

<comp id="12" class="1000" name="z_x_3">
<pin_list>
<pin id="13" dir="1" index="0" bw="1" slack="0"/>
</pin_list>
<bind>
<StgValue><ssdm name="z_x_3"/><MemPortTyVec>3 0 </MemPortTyVec>
</StgValue>
</bind>
</comp>

<comp id="14" class="1000" name="z_x_2">
<pin_list>
<pin id="15" dir="1" index="0" bw="1" slack="0"/>
</pin_list>
<bind>
<StgValue><ssdm name="z_x_2"/><MemPortTyVec>3 0 </MemPortTyVec>
</StgValue>
</bind>
</comp>

<comp id="16" class="1000" name="z_x_1">
<pin_list>
<pin id="17" dir="1" index="0" bw="1" slack="0"/>
</pin_list>
<bind>
<StgValue><ssdm name="z_x_1"/><MemPortTyVec>3 0 </MemPortTyVec>
</StgValue>
</bind>
</comp>

<comp id="18" class="1000" name="z_x">
<pin_list>
<pin id="19" dir="1" index="0" bw="1" slack="0"/>
</pin_list>
<bind>
<StgValue><ssdm name="z_x"/><MemPortTyVec>1 0 </MemPortTyVec>
</StgValue>
</bind>
</comp>

<comp id="20" class="1000" name="sol_x_1">
<pin_list>
<pin id="21" dir="1" index="0" bw="1" slack="0"/>
</pin_list>
<bind>
<StgValue><ssdm name="sol_x_1"/><MemPortTyVec>1 3 </MemPortTyVec>
</StgValue>
</bind>
</comp>

<comp id="22" class="1000" name="sol_x_2">
<pin_list>
<pin id="23" dir="1" index="0" bw="1" slack="0"/>
</pin_list>
<bind>
<StgValue><ssdm name="sol_x_2"/><MemPortTyVec>1 3 </MemPortTyVec>
</StgValue>
</bind>
</comp>

<comp id="24" class="1000" name="sol_x_3">
<pin_list>
<pin id="25" dir="1" index="0" bw="1" slack="0"/>
</pin_list>
<bind>
<StgValue><ssdm name="sol_x_3"/><MemPortTyVec>1 3 </MemPortTyVec>
</StgValue>
</bind>
</comp>

<comp id="26" class="1000" name="sol_x_4">
<pin_list>
<pin id="27" dir="1" index="0" bw="1" slack="0"/>
</pin_list>
<bind>
<StgValue><ssdm name="sol_x_4"/><MemPortTyVec>1 3 </MemPortTyVec>
</StgValue>
</bind>
</comp>

<comp id="28" class="1000" name="sol_x_6">
<pin_list>
<pin id="29" dir="1" index="0" bw="1" slack="0"/>
</pin_list>
<bind>
<StgValue><ssdm name="sol_x_6"/><MemPortTyVec>1 3 </MemPortTyVec>
</StgValue>
</bind>
</comp>

<comp id="30" class="1000" name="sol_x_7">
<pin_list>
<pin id="31" dir="1" index="0" bw="1" slack="0"/>
</pin_list>
<bind>
<StgValue><ssdm name="sol_x_7"/><MemPortTyVec>1 3 </MemPortTyVec>
</StgValue>
</bind>
</comp>

<comp id="32" class="1000" name="sol_x">
<pin_list>
<pin id="33" dir="1" index="0" bw="1" slack="0"/>
</pin_list>
<bind>
<StgValue><ssdm name="sol_x"/><MemPortTyVec>1 3 </MemPortTyVec>
</StgValue>
</bind>
</comp>

<comp id="34" class="1000" name="sol_x_5">
<pin_list>
<pin id="35" dir="1" index="0" bw="1" slack="0"/>
</pin_list>
<bind>
<StgValue><ssdm name="sol_x_5"/><MemPortTyVec>1 3 </MemPortTyVec>
</StgValue>
</bind>
</comp>

<comp id="36" class="1000" name="step_data_3">
<pin_list>
<pin id="37" dir="1" index="0" bw="1" slack="0"/>
</pin_list>
<bind>
<StgValue><ssdm name="step_data_3"/><MemPortTyVec>1 3 </MemPortTyVec>
</StgValue>
</bind>
</comp>

<comp id="38" class="1000" name="step_data_4">
<pin_list>
<pin id="39" dir="1" index="0" bw="1" slack="0"/>
</pin_list>
<bind>
<StgValue><ssdm name="step_data_4"/><MemPortTyVec>1 3 </MemPortTyVec>
</StgValue>
</bind>
</comp>

<comp id="40" class="1000" name="terminal_wall_x_lb_con_reload">
<pin_list>
<pin id="41" dir="1" index="0" bw="1" slack="0"/>
</pin_list>
<bind>
<StgValue><ssdm name="terminal_wall_x_lb_con_reload"/></StgValue>
</bind>
</comp>

<comp id="42" class="1000" name="terminal_wall_x_ub_con_reload">
<pin_list>
<pin id="43" dir="1" index="0" bw="1" slack="0"/>
</pin_list>
<bind>
<StgValue><ssdm name="terminal_wall_x_ub_con_reload"/></StgValue>
</bind>
</comp>

<comp id="44" class="1000" name="sext_ln1337">
<pin_list>
<pin id="45" dir="1" index="0" bw="1" slack="0"/>
</pin_list>
<bind>
<StgValue><ssdm name="sext_ln1337"/></StgValue>
</bind>
</comp>

<comp id="46" class="1000" name="lnorm_da_out">
<pin_list>
<pin id="47" dir="1" index="0" bw="1" slack="0"/>
</pin_list>
<bind>
<StgValue><ssdm name="lnorm_da_out"/></StgValue>
</bind>
</comp>

<comp id="48" class="1000" name="znorm_da_out">
<pin_list>
<pin id="49" dir="1" index="0" bw="1" slack="0"/>
</pin_list>
<bind>
<StgValue><ssdm name="znorm_da_out"/></StgValue>
</bind>
</comp>

<comp id="50" class="1000" name="dual_da_out">
<pin_list>
<pin id="51" dir="1" index="0" bw="1" slack="0"/>
</pin_list>
<bind>
<StgValue><ssdm name="dual_da_out"/></StgValue>
</bind>
</comp>

<comp id="52" class="1000" name="primal_da_out">
<pin_list>
<pin id="53" dir="1" index="0" bw="1" slack="0"/>
</pin_list>
<bind>
<StgValue><ssdm name="primal_da_out"/></StgValue>
</bind>
</comp>

<comp id="54" class="1000" name="lnorm_ey_out">
<pin_list>
<pin id="55" dir="1" index="0" bw="1" slack="0"/>
</pin_list>
<bind>
<StgValue><ssdm name="lnorm_ey_out"/></StgValue>
</bind>
</comp>

<comp id="56" class="1000" name="znorm_ey_out">
<pin_list>
<pin id="57" dir="1" index="0" bw="1" slack="0"/>
</pin_list>
<bind>
<StgValue><ssdm name="znorm_ey_out"/></StgValue>
</bind>
</comp>

<comp id="58" class="1000" name="dual_ey_out">
<pin_list>
<pin id="59" dir="1" index="0" bw="1" slack="0"/>
</pin_list>
<bind>
<StgValue><ssdm name="dual_ey_out"/></StgValue>
</bind>
</comp>

<comp id="60" class="1000" name="primal_ey_out">
<pin_list>
<pin id="61" dir="1" index="0" bw="1" slack="0"/>
</pin_list>
<bind>
<StgValue><ssdm name="primal_ey_out"/></StgValue>
</bind>
</comp>

<comp id="62" class="1000" name="x_norm_out">
<pin_list>
<pin id="63" dir="1" index="0" bw="1" slack="0"/>
</pin_list>
<bind>
<StgValue><ssdm name="x_norm_out"/></StgValue>
</bind>
</comp>

<comp id="64" class="1001" name="const_64">
<pin_list>
<pin id="65" dir="1" index="0" bw="1" slack="0"/>
</pin_list>
<bind>
<StgValue><ssdm name=""/></StgValue>
</bind>
</comp>

<comp id="66" class="1001" name="const_66">
<pin_list>
<pin id="67" dir="1" index="0" bw="1" slack="0"/>
</pin_list>
<bind>
<StgValue><ssdm name="_ssdm_op_Read.ap_auto.i32"/></StgValue>
</bind>
</comp>

<comp id="68" class="1001" name="const_68">
<pin_list>
<pin id="69" dir="1" index="0" bw="1" slack="2147483647"/>
</pin_list>
<bind>
<StgValue><ssdm name="_ssdm_op_SpecMemCore"/></StgValue>
</bind>
</comp>

<comp id="70" class="1001" name="const_70">
<pin_list>
<pin id="71" dir="1" index="0" bw="1" slack="2147483647"/>
</pin_list>
<bind>
<StgValue><ssdm name=""/></StgValue>
</bind>
</comp>

<comp id="72" class="1001" name="const_72">
<pin_list>
<pin id="73" dir="1" index="0" bw="1" slack="2147483647"/>
</pin_list>
<bind>
<StgValue><ssdm name=""/></StgValue>
</bind>
</comp>

<comp id="74" class="1001" name="const_74">
<pin_list>
<pin id="75" dir="1" index="0" bw="1" slack="2147483647"/>
</pin_list>
<bind>
<StgValue><ssdm name=""/></StgValue>
</bind>
</comp>

<comp id="76" class="1001" name="const_76">
<pin_list>
<pin id="77" dir="1" index="0" bw="1" slack="2147483647"/>
</pin_list>
<bind>
<StgValue><ssdm name=""/></StgValue>
</bind>
</comp>

<comp id="78" class="1001" name="const_78">
<pin_list>
<pin id="79" dir="1" index="0" bw="1" slack="2147483647"/>
</pin_list>
<bind>
<StgValue><ssdm name=""/></StgValue>
</bind>
</comp>

<comp id="80" class="1001" name="const_80">
<pin_list>
<pin id="81" dir="1" index="0" bw="1" slack="0"/>
</pin_list>
<bind>
<StgValue><ssdm name=""/></StgValue>
</bind>
</comp>

<comp id="82" class="1001" name="const_82">
<pin_list>
<pin id="83" dir="1" index="0" bw="1" slack="0"/>
</pin_list>
<bind>
<StgValue><ssdm name=""/></StgValue>
</bind>
</comp>

<comp id="84" class="1001" name="const_84">
<pin_list>
<pin id="85" dir="1" index="0" bw="1" slack="0"/>
</pin_list>
<bind>
<StgValue><ssdm name=""/></StgValue>
</bind>
</comp>

<comp id="86" class="1001" name="const_86">
<pin_list>
<pin id="87" dir="1" index="0" bw="1" slack="0"/>
</pin_list>
<bind>
<StgValue><ssdm name=""/></StgValue>
</bind>
</comp>

<comp id="88" class="1001" name="const_88">
<pin_list>
<pin id="89" dir="1" index="0" bw="1" slack="0"/>
</pin_list>
<bind>
<StgValue><ssdm name=""/></StgValue>
</bind>
</comp>

<comp id="90" class="1001" name="const_90">
<pin_list>
<pin id="91" dir="1" index="0" bw="1" slack="0"/>
</pin_list>
<bind>
<StgValue><ssdm name=""/></StgValue>
</bind>
</comp>

<comp id="92" class="1001" name="const_92">
<pin_list>
<pin id="93" dir="1" index="0" bw="1" slack="0"/>
</pin_list>
<bind>
<StgValue><ssdm name=""/></StgValue>
</bind>
</comp>

<comp id="94" class="1001" name="const_94">
<pin_list>
<pin id="95" dir="1" index="0" bw="1" slack="0"/>
</pin_list>
<bind>
<StgValue><ssdm name="_ssdm_op_BitSelect.i1.i32.i32"/></StgValue>
</bind>
</comp>

<comp id="96" class="1001" name="const_96">
<pin_list>
<pin id="97" dir="1" index="0" bw="1" slack="0"/>
</pin_list>
<bind>
<StgValue><ssdm name=""/></StgValue>
</bind>
</comp>

<comp id="98" class="1001" name="const_98">
<pin_list>
<pin id="99" dir="1" index="0" bw="1" slack="0"/>
</pin_list>
<bind>
<StgValue><ssdm name=""/></StgValue>
</bind>
</comp>

<comp id="100" class="1001" name="const_100">
<pin_list>
<pin id="101" dir="1" index="0" bw="1" slack="0"/>
</pin_list>
<bind>
<StgValue><ssdm name=""/></StgValue>
</bind>
</comp>

<comp id="102" class="1001" name="const_102">
<pin_list>
<pin id="103" dir="1" index="0" bw="1" slack="0"/>
</pin_list>
<bind>
<StgValue><ssdm name=""/></StgValue>
</bind>
</comp>

<comp id="104" class="1001" name="const_104">
<pin_list>
<pin id="105" dir="1" index="0" bw="1" slack="0"/>
</pin_list>
<bind>
<StgValue><ssdm name="_ssdm_op_BitSelect.i1.i18.i32"/></StgValue>
</bind>
</comp>

<comp id="106" class="1001" name="const_106">
<pin_list>
<pin id="107" dir="1" index="0" bw="1" slack="0"/>
</pin_list>
<bind>
<StgValue><ssdm name=""/></StgValue>
</bind>
</comp>

<comp id="108" class="1001" name="const_108">
<pin_list>
<pin id="109" dir="1" index="0" bw="1" slack="0"/>
</pin_list>
<bind>
<StgValue><ssdm name=""/></StgValue>
</bind>
</comp>

<comp id="110" class="1001" name="const_110">
<pin_list>
<pin id="111" dir="1" index="0" bw="1" slack="2147483647"/>
</pin_list>
<bind>
<StgValue><ssdm name="_ssdm_op_SpecFUCore"/></StgValue>
</bind>
</comp>

<comp id="112" class="1001" name="const_112">
<pin_list>
<pin id="113" dir="1" index="0" bw="1" slack="2147483647"/>
</pin_list>
<bind>
<StgValue><ssdm name=""/></StgValue>
</bind>
</comp>

<comp id="114" class="1001" name="const_114">
<pin_list>
<pin id="115" dir="1" index="0" bw="1" slack="2147483647"/>
</pin_list>
<bind>
<StgValue><ssdm name=""/></StgValue>
</bind>
</comp>

<comp id="116" class="1001" name="const_116">
<pin_list>
<pin id="117" dir="1" index="0" bw="1" slack="0"/>
</pin_list>
<bind>
<StgValue><ssdm name="_ssdm_op_PartSelect.i32.i50.i32.i32"/></StgValue>
</bind>
</comp>

<comp id="118" class="1001" name="const_118">
<pin_list>
<pin id="119" dir="1" index="0" bw="1" slack="0"/>
</pin_list>
<bind>
<StgValue><ssdm name=""/></StgValue>
</bind>
</comp>

<comp id="120" class="1001" name="const_120">
<pin_list>
<pin id="121" dir="1" index="0" bw="1" slack="0"/>
</pin_list>
<bind>
<StgValue><ssdm name=""/></StgValue>
</bind>
</comp>

<comp id="122" class="1001" name="const_122">
<pin_list>
<pin id="123" dir="1" index="0" bw="1" slack="0"/>
</pin_list>
<bind>
<StgValue><ssdm name="_ssdm_op_BitSelect.i1.i50.i32"/></StgValue>
</bind>
</comp>

<comp id="124" class="1001" name="const_124">
<pin_list>
<pin id="125" dir="1" index="0" bw="1" slack="2147483647"/>
</pin_list>
<bind>
<StgValue><ssdm name="_ssdm_op_SpecPipeline"/></StgValue>
</bind>
</comp>

<comp id="126" class="1001" name="const_126">
<pin_list>
<pin id="127" dir="1" index="0" bw="1" slack="2147483647"/>
</pin_list>
<bind>
<StgValue><ssdm name=""/></StgValue>
</bind>
</comp>

<comp id="128" class="1001" name="const_128">
<pin_list>
<pin id="129" dir="1" index="0" bw="1" slack="2147483647"/>
</pin_list>
<bind>
<StgValue><ssdm name="empty_485"/></StgValue>
</bind>
</comp>

<comp id="130" class="1001" name="const_130">
<pin_list>
<pin id="131" dir="1" index="0" bw="1" slack="2147483647"/>
</pin_list>
<bind>
<StgValue><ssdm name="_ssdm_op_SpecLoopTripCount"/></StgValue>
</bind>
</comp>

<comp id="132" class="1001" name="const_132">
<pin_list>
<pin id="133" dir="1" index="0" bw="1" slack="2147483647"/>
</pin_list>
<bind>
<StgValue><ssdm name=""/></StgValue>
</bind>
</comp>

<comp id="134" class="1001" name="const_134">
<pin_list>
<pin id="135" dir="1" index="0" bw="1" slack="2147483647"/>
</pin_list>
<bind>
<StgValue><ssdm name="_ssdm_op_SpecLoopName"/></StgValue>
</bind>
</comp>

<comp id="136" class="1001" name="const_136">
<pin_list>
<pin id="137" dir="1" index="0" bw="1" slack="2147483647"/>
</pin_list>
<bind>
<StgValue><ssdm name="empty_397"/></StgValue>
</bind>
</comp>

<comp id="138" class="1001" name="const_138">
<pin_list>
<pin id="139" dir="1" index="0" bw="1" slack="2147483647"/>
</pin_list>
<bind>
<StgValue><ssdm name="_ssdm_op_SpecRegionBegin"/></StgValue>
</bind>
</comp>

<comp id="140" class="1001" name="const_140">
<pin_list>
<pin id="141" dir="1" index="0" bw="1" slack="2147483647"/>
</pin_list>
<bind>
<StgValue><ssdm name="empty_107"/></StgValue>
</bind>
</comp>

<comp id="142" class="1001" name="const_142">
<pin_list>
<pin id="143" dir="1" index="0" bw="1" slack="2147483647"/>
</pin_list>
<bind>
<StgValue><ssdm name="_ssdm_op_SpecRegionEnd"/></StgValue>
</bind>
</comp>

<comp id="144" class="1001" name="const_144">
<pin_list>
<pin id="145" dir="1" index="0" bw="1" slack="2147483647"/>
</pin_list>
<bind>
<StgValue><ssdm name="empty_106"/></StgValue>
</bind>
</comp>

<comp id="146" class="1001" name="const_146">
<pin_list>
<pin id="147" dir="1" index="0" bw="1" slack="0"/>
</pin_list>
<bind>
<StgValue><ssdm name="_ssdm_op_Write.ap_auto.i32P0A"/></StgValue>
</bind>
</comp>

<comp id="148" class="1001" name="const_148">
<pin_list>
<pin id="149" dir="1" index="0" bw="1" slack="0"/>
</pin_list>
<bind>
<StgValue><ssdm name="_ssdm_op_Write.ap_auto.i31P0A"/></StgValue>
</bind>
</comp>

<comp id="150" class="1004" name="x_norm_fu_150">
<pin_list>
<pin id="151" dir="0" index="0" bw="1" slack="0"/>
<pin id="152" dir="1" index="1" bw="32" slack="0"/>
</pin_list>
<bind>
<opcode="alloca(26) " fcode="alloca"/>
<opset="x_norm/1 "/>
</bind>
</comp>

<comp id="154" class="1004" name="primal_ey_fu_154">
<pin_list>
<pin id="155" dir="0" index="0" bw="1" slack="0"/>
<pin id="156" dir="1" index="1" bw="32" slack="0"/>
</pin_list>
<bind>
<opcode="alloca(26) " fcode="alloca"/>
<opset="primal_ey/1 "/>
</bind>
</comp>

<comp id="158" class="1004" name="dual_ey_fu_158">
<pin_list>
<pin id="159" dir="0" index="0" bw="1" slack="0"/>
<pin id="160" dir="1" index="1" bw="32" slack="0"/>
</pin_list>
<bind>
<opcode="alloca(26) " fcode="alloca"/>
<opset="dual_ey/1 "/>
</bind>
</comp>

<comp id="162" class="1004" name="znorm_ey_fu_162">
<pin_list>
<pin id="163" dir="0" index="0" bw="1" slack="0"/>
<pin id="164" dir="1" index="1" bw="32" slack="0"/>
</pin_list>
<bind>
<opcode="alloca(26) " fcode="alloca"/>
<opset="znorm_ey/1 "/>
</bind>
</comp>

<comp id="166" class="1004" name="lnorm_ey_fu_166">
<pin_list>
<pin id="167" dir="0" index="0" bw="1" slack="0"/>
<pin id="168" dir="1" index="1" bw="32" slack="0"/>
</pin_list>
<bind>
<opcode="alloca(26) " fcode="alloca"/>
<opset="lnorm_ey/1 "/>
</bind>
</comp>

<comp id="170" class="1004" name="primal_da_fu_170">
<pin_list>
<pin id="171" dir="0" index="0" bw="1" slack="0"/>
<pin id="172" dir="1" index="1" bw="32" slack="0"/>
</pin_list>
<bind>
<opcode="alloca(26) " fcode="alloca"/>
<opset="primal_da/1 "/>
</bind>
</comp>

<comp id="174" class="1004" name="dual_da_fu_174">
<pin_list>
<pin id="175" dir="0" index="0" bw="1" slack="0"/>
<pin id="176" dir="1" index="1" bw="32" slack="0"/>
</pin_list>
<bind>
<opcode="alloca(26) " fcode="alloca"/>
<opset="dual_da/1 "/>
</bind>
</comp>

<comp id="178" class="1004" name="znorm_da_fu_178">
<pin_list>
<pin id="179" dir="0" index="0" bw="1" slack="0"/>
<pin id="180" dir="1" index="1" bw="31" slack="0"/>
</pin_list>
<bind>
<opcode="alloca(26) " fcode="alloca"/>
<opset="znorm_da/1 "/>
</bind>
</comp>

<comp id="182" class="1004" name="lnorm_da_fu_182">
<pin_list>
<pin id="183" dir="0" index="0" bw="1" slack="0"/>
<pin id="184" dir="1" index="1" bw="32" slack="0"/>
</pin_list>
<bind>
<opcode="alloca(26) " fcode="alloca"/>
<opset="lnorm_da/1 "/>
</bind>
</comp>

<comp id="186" class="1004" name="k_9_fu_186">
<pin_list>
<pin id="187" dir="0" index="0" bw="1" slack="0"/>
<pin id="188" dir="1" index="1" bw="5" slack="0"/>
</pin_list>
<bind>
<opcode="alloca(26) " fcode="alloca"/>
<opset="k_9/1 "/>
</bind>
</comp>

<comp id="190" class="1004" name="sext_ln1337_read_read_fu_190">
<pin_list>
<pin id="191" dir="0" index="0" bw="32" slack="0"/>
<pin id="192" dir="0" index="1" bw="32" slack="0"/>
<pin id="193" dir="1" index="2" bw="32" slack="0"/>
</pin_list>
<bind>
<opcode="read(1150) " fcode="read"/>
<opset="sext_ln1337_read/1 "/>
</bind>
</comp>

<comp id="196" class="1004" name="terminal_wall_x_ub_con_reload_read_read_fu_196">
<pin_list>
<pin id="197" dir="0" index="0" bw="32" slack="0"/>
<pin id="198" dir="0" index="1" bw="32" slack="0"/>
<pin id="199" dir="1" index="2" bw="32" slack="1"/>
</pin_list>
<bind>
<opcode="read(1150) " fcode="read"/>
<opset="terminal_wall_x_ub_con_reload_read/1 "/>
</bind>
</comp>

<comp id="202" class="1004" name="terminal_wall_x_lb_con_reload_read_read_fu_202">
<pin_list>
<pin id="203" dir="0" index="0" bw="32" slack="0"/>
<pin id="204" dir="0" index="1" bw="32" slack="0"/>
<pin id="205" dir="1" index="2" bw="32" slack="1"/>
</pin_list>
<bind>
<opcode="read(1150) " fcode="read"/>
<opset="terminal_wall_x_lb_con_reload_read/1 "/>
</bind>
</comp>

<comp id="208" class="1004" name="write_ln0_write_fu_208">
<pin_list>
<pin id="209" dir="0" index="0" bw="0" slack="0"/>
<pin id="210" dir="0" index="1" bw="32" slack="0"/>
<pin id="211" dir="0" index="2" bw="32" slack="0"/>
<pin id="212" dir="1" index="3" bw="0" slack="2147483647"/>
</pin_list>
<bind>
<opcode="write(1151) " fcode="write"/>
<opset="write_ln0/6 "/>
</bind>
</comp>

<comp id="215" class="1004" name="write_ln0_write_fu_215">
<pin_list>
<pin id="216" dir="0" index="0" bw="0" slack="0"/>
<pin id="217" dir="0" index="1" bw="31" slack="0"/>
<pin id="218" dir="0" index="2" bw="31" slack="0"/>
<pin id="219" dir="1" index="3" bw="0" slack="2147483647"/>
</pin_list>
<bind>
<opcode="write(1151) " fcode="write"/>
<opset="write_ln0/6 "/>
</bind>
</comp>

<comp id="222" class="1004" name="write_ln0_write_fu_222">
<pin_list>
<pin id="223" dir="0" index="0" bw="0" slack="0"/>
<pin id="224" dir="0" index="1" bw="32" slack="0"/>
<pin id="225" dir="0" index="2" bw="32" slack="0"/>
<pin id="226" dir="1" index="3" bw="0" slack="2147483647"/>
</pin_list>
<bind>
<opcode="write(1151) " fcode="write"/>
<opset="write_ln0/6 "/>
</bind>
</comp>

<comp id="229" class="1004" name="write_ln0_write_fu_229">
<pin_list>
<pin id="230" dir="0" index="0" bw="0" slack="0"/>
<pin id="231" dir="0" index="1" bw="32" slack="0"/>
<pin id="232" dir="0" index="2" bw="32" slack="0"/>
<pin id="233" dir="1" index="3" bw="0" slack="2147483647"/>
</pin_list>
<bind>
<opcode="write(1151) " fcode="write"/>
<opset="write_ln0/6 "/>
</bind>
</comp>

<comp id="236" class="1004" name="write_ln0_write_fu_236">
<pin_list>
<pin id="237" dir="0" index="0" bw="0" slack="0"/>
<pin id="238" dir="0" index="1" bw="32" slack="0"/>
<pin id="239" dir="0" index="2" bw="32" slack="0"/>
<pin id="240" dir="1" index="3" bw="0" slack="2147483647"/>
</pin_list>
<bind>
<opcode="write(1151) " fcode="write"/>
<opset="write_ln0/6 "/>
</bind>
</comp>

<comp id="243" class="1004" name="write_ln0_write_fu_243">
<pin_list>
<pin id="244" dir="0" index="0" bw="0" slack="0"/>
<pin id="245" dir="0" index="1" bw="32" slack="0"/>
<pin id="246" dir="0" index="2" bw="32" slack="0"/>
<pin id="247" dir="1" index="3" bw="0" slack="2147483647"/>
</pin_list>
<bind>
<opcode="write(1151) " fcode="write"/>
<opset="write_ln0/6 "/>
</bind>
</comp>

<comp id="250" class="1004" name="write_ln0_write_fu_250">
<pin_list>
<pin id="251" dir="0" index="0" bw="0" slack="0"/>
<pin id="252" dir="0" index="1" bw="32" slack="0"/>
<pin id="253" dir="0" index="2" bw="32" slack="0"/>
<pin id="254" dir="1" index="3" bw="0" slack="2147483647"/>
</pin_list>
<bind>
<opcode="write(1151) " fcode="write"/>
<opset="write_ln0/6 "/>
</bind>
</comp>

<comp id="257" class="1004" name="write_ln0_write_fu_257">
<pin_list>
<pin id="258" dir="0" index="0" bw="0" slack="0"/>
<pin id="259" dir="0" index="1" bw="32" slack="0"/>
<pin id="260" dir="0" index="2" bw="32" slack="0"/>
<pin id="261" dir="1" index="3" bw="0" slack="2147483647"/>
</pin_list>
<bind>
<opcode="write(1151) " fcode="write"/>
<opset="write_ln0/6 "/>
</bind>
</comp>

<comp id="264" class="1004" name="write_ln0_write_fu_264">
<pin_list>
<pin id="265" dir="0" index="0" bw="0" slack="0"/>
<pin id="266" dir="0" index="1" bw="32" slack="0"/>
<pin id="267" dir="0" index="2" bw="32" slack="0"/>
<pin id="268" dir="1" index="3" bw="0" slack="2147483647"/>
</pin_list>
<bind>
<opcode="write(1151) " fcode="write"/>
<opset="write_ln0/6 "/>
</bind>
</comp>

<comp id="271" class="1004" name="sol_x_1_addr_gep_fu_271">
<pin_list>
<pin id="272" dir="0" index="0" bw="32" slack="0"/>
<pin id="273" dir="0" index="1" bw="1" slack="0"/>
<pin id="274" dir="0" index="2" bw="5" slack="0"/>
<pin id="275" dir="1" index="3" bw="5" slack="0"/>
</pin_list>
<bind>
<opcode="getelementptr(29) " fcode="getelementptr"/>
<opset="sol_x_1_addr/1 "/>
</bind>
</comp>

<comp id="278" class="1004" name="grp_access_fu_278">
<pin_list>
<pin id="279" dir="0" index="0" bw="5" slack="0"/>
<pin id="280" dir="0" index="1" bw="32" slack="2147483647"/>
<pin id="281" dir="0" index="2" bw="0" slack="2147483647"/>
<pin id="282" dir="1" index="3" bw="32" slack="0"/>
</pin_list>
<bind>
<opcode="load(27) " fcode="load"/>
<opset="a_106/1 "/>
</bind>
</comp>

<comp id="284" class="1004" name="sol_x_2_addr_gep_fu_284">
<pin_list>
<pin id="285" dir="0" index="0" bw="32" slack="0"/>
<pin id="286" dir="0" index="1" bw="1" slack="0"/>
<pin id="287" dir="0" index="2" bw="5" slack="0"/>
<pin id="288" dir="1" index="3" bw="5" slack="0"/>
</pin_list>
<bind>
<opcode="getelementptr(29) " fcode="getelementptr"/>
<opset="sol_x_2_addr/1 "/>
</bind>
</comp>

<comp id="291" class="1004" name="sol_x_3_addr_gep_fu_291">
<pin_list>
<pin id="292" dir="0" index="0" bw="32" slack="0"/>
<pin id="293" dir="0" index="1" bw="1" slack="0"/>
<pin id="294" dir="0" index="2" bw="5" slack="0"/>
<pin id="295" dir="1" index="3" bw="5" slack="0"/>
</pin_list>
<bind>
<opcode="getelementptr(29) " fcode="getelementptr"/>
<opset="sol_x_3_addr/1 "/>
</bind>
</comp>

<comp id="298" class="1004" name="sol_x_4_addr_gep_fu_298">
<pin_list>
<pin id="299" dir="0" index="0" bw="32" slack="0"/>
<pin id="300" dir="0" index="1" bw="1" slack="0"/>
<pin id="301" dir="0" index="2" bw="5" slack="0"/>
<pin id="302" dir="1" index="3" bw="5" slack="0"/>
</pin_list>
<bind>
<opcode="getelementptr(29) " fcode="getelementptr"/>
<opset="sol_x_4_addr/1 "/>
</bind>
</comp>

<comp id="305" class="1004" name="sol_x_6_addr_gep_fu_305">
<pin_list>
<pin id="306" dir="0" index="0" bw="32" slack="0"/>
<pin id="307" dir="0" index="1" bw="1" slack="0"/>
<pin id="308" dir="0" index="2" bw="5" slack="0"/>
<pin id="309" dir="1" index="3" bw="5" slack="0"/>
</pin_list>
<bind>
<opcode="getelementptr(29) " fcode="getelementptr"/>
<opset="sol_x_6_addr/1 "/>
</bind>
</comp>

<comp id="312" class="1004" name="sol_x_7_addr_gep_fu_312">
<pin_list>
<pin id="313" dir="0" index="0" bw="32" slack="0"/>
<pin id="314" dir="0" index="1" bw="1" slack="0"/>
<pin id="315" dir="0" index="2" bw="5" slack="0"/>
<pin id="316" dir="1" index="3" bw="5" slack="0"/>
</pin_list>
<bind>
<opcode="getelementptr(29) " fcode="getelementptr"/>
<opset="sol_x_7_addr/1 "/>
</bind>
</comp>

<comp id="319" class="1004" name="sol_x_addr_gep_fu_319">
<pin_list>
<pin id="320" dir="0" index="0" bw="32" slack="0"/>
<pin id="321" dir="0" index="1" bw="1" slack="0"/>
<pin id="322" dir="0" index="2" bw="5" slack="0"/>
<pin id="323" dir="1" index="3" bw="5" slack="0"/>
</pin_list>
<bind>
<opcode="getelementptr(29) " fcode="getelementptr"/>
<opset="sol_x_addr/1 "/>
</bind>
</comp>

<comp id="326" class="1004" name="sol_x_5_addr_gep_fu_326">
<pin_list>
<pin id="327" dir="0" index="0" bw="32" slack="0"/>
<pin id="328" dir="0" index="1" bw="1" slack="0"/>
<pin id="329" dir="0" index="2" bw="5" slack="0"/>
<pin id="330" dir="1" index="3" bw="5" slack="0"/>
</pin_list>
<bind>
<opcode="getelementptr(29) " fcode="getelementptr"/>
<opset="sol_x_5_addr/1 "/>
</bind>
</comp>

<comp id="333" class="1004" name="grp_access_fu_333">
<pin_list>
<pin id="334" dir="0" index="0" bw="5" slack="0"/>
<pin id="335" dir="0" index="1" bw="32" slack="2147483647"/>
<pin id="336" dir="0" index="2" bw="0" slack="2147483647"/>
<pin id="337" dir="1" index="3" bw="32" slack="0"/>
</pin_list>
<bind>
<opcode="load(27) " fcode="load"/>
<opset="a_107/1 "/>
</bind>
</comp>

<comp id="339" class="1004" name="grp_access_fu_339">
<pin_list>
<pin id="340" dir="0" index="0" bw="5" slack="0"/>
<pin id="341" dir="0" index="1" bw="32" slack="2147483647"/>
<pin id="342" dir="0" index="2" bw="0" slack="2147483647"/>
<pin id="343" dir="1" index="3" bw="32" slack="0"/>
</pin_list>
<bind>
<opcode="load(27) " fcode="load"/>
<opset="a_108/1 "/>
</bind>
</comp>

<comp id="345" class="1004" name="grp_access_fu_345">
<pin_list>
<pin id="346" dir="0" index="0" bw="5" slack="0"/>
<pin id="347" dir="0" index="1" bw="32" slack="2147483647"/>
<pin id="348" dir="0" index="2" bw="0" slack="2147483647"/>
<pin id="349" dir="1" index="3" bw="32" slack="0"/>
</pin_list>
<bind>
<opcode="load(27) " fcode="load"/>
<opset="a_109/1 "/>
</bind>
</comp>

<comp id="351" class="1004" name="grp_access_fu_351">
<pin_list>
<pin id="352" dir="0" index="0" bw="5" slack="0"/>
<pin id="353" dir="0" index="1" bw="32" slack="2147483647"/>
<pin id="354" dir="0" index="2" bw="0" slack="2147483647"/>
<pin id="355" dir="1" index="3" bw="32" slack="0"/>
</pin_list>
<bind>
<opcode="load(27) " fcode="load"/>
<opset="a_111/1 "/>
</bind>
</comp>

<comp id="357" class="1004" name="grp_access_fu_357">
<pin_list>
<pin id="358" dir="0" index="0" bw="5" slack="0"/>
<pin id="359" dir="0" index="1" bw="32" slack="2147483647"/>
<pin id="360" dir="0" index="2" bw="0" slack="2147483647"/>
<pin id="361" dir="1" index="3" bw="32" slack="0"/>
</pin_list>
<bind>
<opcode="load(27) " fcode="load"/>
<opset="a_112/1 "/>
</bind>
</comp>

<comp id="363" class="1004" name="grp_access_fu_363">
<pin_list>
<pin id="364" dir="0" index="0" bw="5" slack="0"/>
<pin id="365" dir="0" index="1" bw="32" slack="2147483647"/>
<pin id="366" dir="0" index="2" bw="0" slack="2147483647"/>
<pin id="367" dir="1" index="3" bw="32" slack="0"/>
</pin_list>
<bind>
<opcode="load(27) " fcode="load"/>
<opset="a_120/1 "/>
</bind>
</comp>

<comp id="369" class="1004" name="grp_access_fu_369">
<pin_list>
<pin id="370" dir="0" index="0" bw="5" slack="0"/>
<pin id="371" dir="0" index="1" bw="32" slack="2147483647"/>
<pin id="372" dir="0" index="2" bw="0" slack="2147483647"/>
<pin id="373" dir="1" index="3" bw="32" slack="0"/>
</pin_list>
<bind>
<opcode="load(27) " fcode="load"/>
<opset="a_121/1 "/>
</bind>
</comp>

<comp id="375" class="1004" name="step_data_3_addr_gep_fu_375">
<pin_list>
<pin id="376" dir="0" index="0" bw="32" slack="0"/>
<pin id="377" dir="0" index="1" bw="1" slack="0"/>
<pin id="378" dir="0" index="2" bw="5" slack="0"/>
<pin id="379" dir="1" index="3" bw="5" slack="0"/>
</pin_list>
<bind>
<opcode="getelementptr(29) " fcode="getelementptr"/>
<opset="step_data_3_addr/1 "/>
</bind>
</comp>

<comp id="382" class="1004" name="grp_access_fu_382">
<pin_list>
<pin id="383" dir="0" index="0" bw="5" slack="0"/>
<pin id="384" dir="0" index="1" bw="32" slack="2147483647"/>
<pin id="385" dir="0" index="2" bw="0" slack="2147483647"/>
<pin id="386" dir="1" index="3" bw="32" slack="0"/>
</pin_list>
<bind>
<opcode="load(27) " fcode="load"/>
<opset="step_data_3_load/1 "/>
</bind>
</comp>

<comp id="388" class="1004" name="step_data_4_addr_gep_fu_388">
<pin_list>
<pin id="389" dir="0" index="0" bw="32" slack="0"/>
<pin id="390" dir="0" index="1" bw="1" slack="0"/>
<pin id="391" dir="0" index="2" bw="5" slack="0"/>
<pin id="392" dir="1" index="3" bw="5" slack="0"/>
</pin_list>
<bind>
<opcode="getelementptr(29) " fcode="getelementptr"/>
<opset="step_data_4_addr/1 "/>
</bind>
</comp>

<comp id="395" class="1004" name="grp_access_fu_395">
<pin_list>
<pin id="396" dir="0" index="0" bw="5" slack="0"/>
<pin id="397" dir="0" index="1" bw="32" slack="2147483647"/>
<pin id="398" dir="0" index="2" bw="0" slack="2147483647"/>
<pin id="399" dir="1" index="3" bw="32" slack="0"/>
</pin_list>
<bind>
<opcode="load(27) " fcode="load"/>
<opset="step_data_4_load/1 "/>
</bind>
</comp>

<comp id="401" class="1004" name="y_x_addr_gep_fu_401">
<pin_list>
<pin id="402" dir="0" index="0" bw="32" slack="0"/>
<pin id="403" dir="0" index="1" bw="1" slack="0"/>
<pin id="404" dir="0" index="2" bw="5" slack="0"/>
<pin id="405" dir="1" index="3" bw="5" slack="0"/>
</pin_list>
<bind>
<opcode="getelementptr(29) " fcode="getelementptr"/>
<opset="y_x_addr/1 "/>
</bind>
</comp>

<comp id="408" class="1004" name="grp_access_fu_408">
<pin_list>
<pin id="409" dir="0" index="0" bw="5" slack="0"/>
<pin id="410" dir="0" index="1" bw="32" slack="2147483647"/>
<pin id="411" dir="0" index="2" bw="0" slack="2"/>
<pin id="561" dir="0" index="4" bw="5" slack="0"/>
<pin id="562" dir="0" index="5" bw="32" slack="2147483647"/>
<pin id="563" dir="0" index="6" bw="0" slack="2147483647"/>
<pin id="412" dir="1" index="3" bw="32" slack="0"/>
<pin id="564" dir="1" index="7" bw="32" slack="2147483647"/>
</pin_list>
<bind>
<opcode="load(27) store(28) " fcode="store"/>
<opset="value_163/1 store_ln216/3 "/>
</bind>
</comp>

<comp id="414" class="1004" name="y_x_5_addr_gep_fu_414">
<pin_list>
<pin id="415" dir="0" index="0" bw="32" slack="0"/>
<pin id="416" dir="0" index="1" bw="1" slack="0"/>
<pin id="417" dir="0" index="2" bw="5" slack="0"/>
<pin id="418" dir="1" index="3" bw="5" slack="0"/>
</pin_list>
<bind>
<opcode="getelementptr(29) " fcode="getelementptr"/>
<opset="y_x_5_addr/1 "/>
</bind>
</comp>

<comp id="421" class="1004" name="grp_access_fu_421">
<pin_list>
<pin id="422" dir="0" index="0" bw="5" slack="0"/>
<pin id="423" dir="0" index="1" bw="32" slack="2147483647"/>
<pin id="424" dir="0" index="2" bw="0" slack="2"/>
<pin id="565" dir="0" index="4" bw="5" slack="0"/>
<pin id="566" dir="0" index="5" bw="32" slack="2147483647"/>
<pin id="567" dir="0" index="6" bw="0" slack="2147483647"/>
<pin id="425" dir="1" index="3" bw="32" slack="0"/>
<pin id="568" dir="1" index="7" bw="32" slack="2147483647"/>
</pin_list>
<bind>
<opcode="load(27) store(28) " fcode="store"/>
<opset="value/1 store_ln216/3 "/>
</bind>
</comp>

<comp id="427" class="1004" name="z_x_1_addr_gep_fu_427">
<pin_list>
<pin id="428" dir="0" index="0" bw="32" slack="0"/>
<pin id="429" dir="0" index="1" bw="1" slack="0"/>
<pin id="430" dir="0" index="2" bw="5" slack="1"/>
<pin id="431" dir="1" index="3" bw="5" slack="0"/>
</pin_list>
<bind>
<opcode="getelementptr(29) " fcode="getelementptr"/>
<opset="z_x_1_addr/2 "/>
</bind>
</comp>

<comp id="434" class="1004" name="z_x_2_addr_gep_fu_434">
<pin_list>
<pin id="435" dir="0" index="0" bw="32" slack="0"/>
<pin id="436" dir="0" index="1" bw="1" slack="0"/>
<pin id="437" dir="0" index="2" bw="5" slack="1"/>
<pin id="438" dir="1" index="3" bw="5" slack="0"/>
</pin_list>
<bind>
<opcode="getelementptr(29) " fcode="getelementptr"/>
<opset="z_x_2_addr/2 "/>
</bind>
</comp>

<comp id="441" class="1004" name="z_x_3_addr_gep_fu_441">
<pin_list>
<pin id="442" dir="0" index="0" bw="32" slack="0"/>
<pin id="443" dir="0" index="1" bw="1" slack="0"/>
<pin id="444" dir="0" index="2" bw="5" slack="1"/>
<pin id="445" dir="1" index="3" bw="5" slack="0"/>
</pin_list>
<bind>
<opcode="getelementptr(29) " fcode="getelementptr"/>
<opset="z_x_3_addr/2 "/>
</bind>
</comp>

<comp id="448" class="1004" name="z_x_4_addr_gep_fu_448">
<pin_list>
<pin id="449" dir="0" index="0" bw="32" slack="0"/>
<pin id="450" dir="0" index="1" bw="1" slack="0"/>
<pin id="451" dir="0" index="2" bw="5" slack="1"/>
<pin id="452" dir="1" index="3" bw="5" slack="0"/>
</pin_list>
<bind>
<opcode="getelementptr(29) " fcode="getelementptr"/>
<opset="z_x_4_addr/2 "/>
</bind>
</comp>

<comp id="455" class="1004" name="z_x_6_addr_gep_fu_455">
<pin_list>
<pin id="456" dir="0" index="0" bw="32" slack="0"/>
<pin id="457" dir="0" index="1" bw="1" slack="0"/>
<pin id="458" dir="0" index="2" bw="5" slack="1"/>
<pin id="459" dir="1" index="3" bw="5" slack="0"/>
</pin_list>
<bind>
<opcode="getelementptr(29) " fcode="getelementptr"/>
<opset="z_x_6_addr/2 "/>
</bind>
</comp>

<comp id="462" class="1004" name="z_x_7_addr_gep_fu_462">
<pin_list>
<pin id="463" dir="0" index="0" bw="32" slack="0"/>
<pin id="464" dir="0" index="1" bw="1" slack="0"/>
<pin id="465" dir="0" index="2" bw="5" slack="1"/>
<pin id="466" dir="1" index="3" bw="5" slack="0"/>
</pin_list>
<bind>
<opcode="getelementptr(29) " fcode="getelementptr"/>
<opset="z_x_7_addr/2 "/>
</bind>
</comp>

<comp id="469" class="1004" name="store_ln1341_access_fu_469">
<pin_list>
<pin id="470" dir="0" index="0" bw="5" slack="2147483647"/>
<pin id="471" dir="0" index="1" bw="32" slack="2147483647"/>
<pin id="472" dir="0" index="2" bw="0" slack="0"/>
<pin id="474" dir="0" index="4" bw="5" slack="0"/>
<pin id="475" dir="0" index="5" bw="32" slack="2147483647"/>
<pin id="476" dir="0" index="6" bw="0" slack="2147483647"/>
<pin id="473" dir="1" index="3" bw="32" slack="2147483647"/>
<pin id="477" dir="1" index="7" bw="32" slack="2147483647"/>
</pin_list>
<bind>
<opcode="store(28) " fcode="store"/>
<opset="store_ln1341/2 "/>
</bind>
</comp>

<comp id="480" class="1004" name="store_ln1342_access_fu_480">
<pin_list>
<pin id="481" dir="0" index="0" bw="5" slack="2147483647"/>
<pin id="482" dir="0" index="1" bw="32" slack="2147483647"/>
<pin id="483" dir="0" index="2" bw="0" slack="0"/>
<pin id="485" dir="0" index="4" bw="5" slack="0"/>
<pin id="486" dir="0" index="5" bw="32" slack="2147483647"/>
<pin id="487" dir="0" index="6" bw="0" slack="2147483647"/>
<pin id="484" dir="1" index="3" bw="32" slack="2147483647"/>
<pin id="488" dir="1" index="7" bw="32" slack="2147483647"/>
</pin_list>
<bind>
<opcode="store(28) " fcode="store"/>
<opset="store_ln1342/2 "/>
</bind>
</comp>

<comp id="491" class="1004" name="store_ln1343_access_fu_491">
<pin_list>
<pin id="492" dir="0" index="0" bw="5" slack="2147483647"/>
<pin id="493" dir="0" index="1" bw="32" slack="2147483647"/>
<pin id="494" dir="0" index="2" bw="0" slack="0"/>
<pin id="496" dir="0" index="4" bw="5" slack="0"/>
<pin id="497" dir="0" index="5" bw="32" slack="2147483647"/>
<pin id="498" dir="0" index="6" bw="0" slack="2147483647"/>
<pin id="495" dir="1" index="3" bw="32" slack="2147483647"/>
<pin id="499" dir="1" index="7" bw="32" slack="2147483647"/>
</pin_list>
<bind>
<opcode="store(28) " fcode="store"/>
<opset="store_ln1343/2 "/>
</bind>
</comp>

<comp id="502" class="1004" name="store_ln1344_access_fu_502">
<pin_list>
<pin id="503" dir="0" index="0" bw="5" slack="2147483647"/>
<pin id="504" dir="0" index="1" bw="32" slack="2147483647"/>
<pin id="505" dir="0" index="2" bw="0" slack="0"/>
<pin id="507" dir="0" index="4" bw="5" slack="0"/>
<pin id="508" dir="0" index="5" bw="32" slack="2147483647"/>
<pin id="509" dir="0" index="6" bw="0" slack="2147483647"/>
<pin id="506" dir="1" index="3" bw="32" slack="2147483647"/>
<pin id="510" dir="1" index="7" bw="32" slack="2147483647"/>
</pin_list>
<bind>
<opcode="store(28) " fcode="store"/>
<opset="store_ln1344/2 "/>
</bind>
</comp>

<comp id="513" class="1004" name="store_ln1345_access_fu_513">
<pin_list>
<pin id="514" dir="0" index="0" bw="5" slack="2147483647"/>
<pin id="515" dir="0" index="1" bw="32" slack="2147483647"/>
<pin id="516" dir="0" index="2" bw="0" slack="0"/>
<pin id="518" dir="0" index="4" bw="5" slack="0"/>
<pin id="519" dir="0" index="5" bw="32" slack="2147483647"/>
<pin id="520" dir="0" index="6" bw="0" slack="2147483647"/>
<pin id="517" dir="1" index="3" bw="32" slack="2147483647"/>
<pin id="521" dir="1" index="7" bw="32" slack="2147483647"/>
</pin_list>
<bind>
<opcode="store(28) " fcode="store"/>
<opset="store_ln1345/2 "/>
</bind>
</comp>

<comp id="524" class="1004" name="store_ln1346_access_fu_524">
<pin_list>
<pin id="525" dir="0" index="0" bw="5" slack="2147483647"/>
<pin id="526" dir="0" index="1" bw="32" slack="2147483647"/>
<pin id="527" dir="0" index="2" bw="0" slack="0"/>
<pin id="529" dir="0" index="4" bw="5" slack="0"/>
<pin id="530" dir="0" index="5" bw="32" slack="2147483647"/>
<pin id="531" dir="0" index="6" bw="0" slack="2147483647"/>
<pin id="528" dir="1" index="3" bw="32" slack="2147483647"/>
<pin id="532" dir="1" index="7" bw="32" slack="2147483647"/>
</pin_list>
<bind>
<opcode="store(28) " fcode="store"/>
<opset="store_ln1346/2 "/>
</bind>
</comp>

<comp id="535" class="1004" name="z_x_addr_gep_fu_535">
<pin_list>
<pin id="536" dir="0" index="0" bw="32" slack="0"/>
<pin id="537" dir="0" index="1" bw="1" slack="0"/>
<pin id="538" dir="0" index="2" bw="5" slack="1"/>
<pin id="539" dir="1" index="3" bw="5" slack="0"/>
</pin_list>
<bind>
<opcode="getelementptr(29) " fcode="getelementptr"/>
<opset="z_x_addr/2 "/>
</bind>
</comp>

<comp id="542" class="1004" name="grp_access_fu_542">
<pin_list>
<pin id="543" dir="0" index="0" bw="5" slack="0"/>
<pin id="544" dir="0" index="1" bw="32" slack="2147483647"/>
<pin id="545" dir="0" index="2" bw="0" slack="1"/>
<pin id="569" dir="0" index="4" bw="5" slack="0"/>
<pin id="570" dir="0" index="5" bw="32" slack="2147483647"/>
<pin id="571" dir="0" index="6" bw="0" slack="2147483647"/>
<pin id="546" dir="1" index="3" bw="32" slack="0"/>
<pin id="572" dir="1" index="7" bw="32" slack="2147483647"/>
</pin_list>
<bind>
<opcode="load(27) store(28) " fcode="store"/>
<opset="value_166/2 store_ln229/3 "/>
</bind>
</comp>

<comp id="548" class="1004" name="z_x_5_addr_gep_fu_548">
<pin_list>
<pin id="549" dir="0" index="0" bw="32" slack="0"/>
<pin id="550" dir="0" index="1" bw="1" slack="0"/>
<pin id="551" dir="0" index="2" bw="5" slack="1"/>
<pin id="552" dir="1" index="3" bw="5" slack="0"/>
</pin_list>
<bind>
<opcode="getelementptr(29) " fcode="getelementptr"/>
<opset="z_x_5_addr/2 "/>
</bind>
</comp>

<comp id="555" class="1004" name="grp_access_fu_555">
<pin_list>
<pin id="556" dir="0" index="0" bw="5" slack="0"/>
<pin id="557" dir="0" index="1" bw="32" slack="2147483647"/>
<pin id="558" dir="0" index="2" bw="0" slack="1"/>
<pin id="573" dir="0" index="4" bw="5" slack="0"/>
<pin id="574" dir="0" index="5" bw="32" slack="2147483647"/>
<pin id="575" dir="0" index="6" bw="0" slack="2147483647"/>
<pin id="559" dir="1" index="3" bw="32" slack="0"/>
<pin id="576" dir="1" index="7" bw="32" slack="2147483647"/>
</pin_list>
<bind>
<opcode="load(27) store(28) " fcode="store"/>
<opset="value_167/2 store_ln229/3 "/>
</bind>
</comp>

<comp id="577" class="1004" name="grp_fu_577">
<pin_list>
<pin id="578" dir="0" index="0" bw="32" slack="0"/>
<pin id="579" dir="0" index="1" bw="32" slack="2"/>
<pin id="580" dir="1" index="2" bw="50" slack="0"/>
</pin_list>
<bind>
<opcode="mul(12) " fcode="mul"/>
<opset="product/3 "/>
</bind>
</comp>

<comp id="581" class="1004" name="grp_fu_581">
<pin_list>
<pin id="582" dir="0" index="0" bw="32" slack="0"/>
<pin id="583" dir="0" index="1" bw="32" slack="2"/>
<pin id="584" dir="1" index="2" bw="50" slack="0"/>
</pin_list>
<bind>
<opcode="mul(12) " fcode="mul"/>
<opset="product_214/3 "/>
</bind>
</comp>

<comp id="585" class="1004" name="grp_fu_585">
<pin_list>
<pin id="586" dir="0" index="0" bw="32" slack="0"/>
<pin id="587" dir="0" index="1" bw="32" slack="2"/>
<pin id="588" dir="1" index="2" bw="50" slack="0"/>
</pin_list>
<bind>
<opcode="mul(12) " fcode="mul"/>
<opset="product_216/3 "/>
</bind>
</comp>

<comp id="589" class="1004" name="grp_fu_589">
<pin_list>
<pin id="590" dir="0" index="0" bw="32" slack="0"/>
<pin id="591" dir="0" index="1" bw="32" slack="2"/>
<pin id="592" dir="1" index="2" bw="50" slack="0"/>
</pin_list>
<bind>
<opcode="mul(12) " fcode="mul"/>
<opset="product_215/3 "/>
</bind>
</comp>

<comp id="593" class="1004" name="sext_ln1337_cast_fu_593">
<pin_list>
<pin id="594" dir="0" index="0" bw="32" slack="0"/>
<pin id="595" dir="1" index="1" bw="50" slack="2"/>
</pin_list>
<bind>
<opcode="sext(35) " fcode="sext"/>
<opset="sext_ln1337_cast/1 "/>
</bind>
</comp>

<comp id="597" class="1004" name="store_ln1170_store_fu_597">
<pin_list>
<pin id="598" dir="0" index="0" bw="1" slack="0"/>
<pin id="599" dir="0" index="1" bw="5" slack="0"/>
<pin id="600" dir="1" index="2" bw="0" slack="2147483647"/>
</pin_list>
<bind>
<opcode="store(28) " fcode="store"/>
<opset="store_ln1170/1 "/>
</bind>
</comp>

<comp id="602" class="1004" name="store_ln1332_store_fu_602">
<pin_list>
<pin id="603" dir="0" index="0" bw="1" slack="0"/>
<pin id="604" dir="0" index="1" bw="32" slack="0"/>
<pin id="605" dir="1" index="2" bw="0" slack="2147483647"/>
</pin_list>
<bind>
<opcode="store(28) " fcode="store"/>
<opset="store_ln1332/1 "/>
</bind>
</comp>

<comp id="607" class="1004" name="store_ln1332_store_fu_607">
<pin_list>
<pin id="608" dir="0" index="0" bw="1" slack="0"/>
<pin id="609" dir="0" index="1" bw="31" slack="0"/>
<pin id="610" dir="1" index="2" bw="0" slack="2147483647"/>
</pin_list>
<bind>
<opcode="store(28) " fcode="store"/>
<opset="store_ln1332/1 "/>
</bind>
</comp>

<comp id="612" class="1004" name="store_ln1332_store_fu_612">
<pin_list>
<pin id="613" dir="0" index="0" bw="1" slack="0"/>
<pin id="614" dir="0" index="1" bw="32" slack="0"/>
<pin id="615" dir="1" index="2" bw="0" slack="2147483647"/>
</pin_list>
<bind>
<opcode="store(28) " fcode="store"/>
<opset="store_ln1332/1 "/>
</bind>
</comp>

<comp id="617" class="1004" name="store_ln1332_store_fu_617">
<pin_list>
<pin id="618" dir="0" index="0" bw="1" slack="0"/>
<pin id="619" dir="0" index="1" bw="32" slack="0"/>
<pin id="620" dir="1" index="2" bw="0" slack="2147483647"/>
</pin_list>
<bind>
<opcode="store(28) " fcode="store"/>
<opset="store_ln1332/1 "/>
</bind>
</comp>

<comp id="622" class="1004" name="store_ln1331_store_fu_622">
<pin_list>
<pin id="623" dir="0" index="0" bw="1" slack="0"/>
<pin id="624" dir="0" index="1" bw="32" slack="0"/>
<pin id="625" dir="1" index="2" bw="0" slack="2147483647"/>
</pin_list>
<bind>
<opcode="store(28) " fcode="store"/>
<opset="store_ln1331/1 "/>
</bind>
</comp>

<comp id="627" class="1004" name="store_ln1331_store_fu_627">
<pin_list>
<pin id="628" dir="0" index="0" bw="1" slack="0"/>
<pin id="629" dir="0" index="1" bw="32" slack="0"/>
<pin id="630" dir="1" index="2" bw="0" slack="2147483647"/>
</pin_list>
<bind>
<opcode="store(28) " fcode="store"/>
<opset="store_ln1331/1 "/>
</bind>
</comp>

<comp id="632" class="1004" name="store_ln1331_store_fu_632">
<pin_list>
<pin id="633" dir="0" index="0" bw="1" slack="0"/>
<pin id="634" dir="0" index="1" bw="32" slack="0"/>
<pin id="635" dir="1" index="2" bw="0" slack="2147483647"/>
</pin_list>
<bind>
<opcode="store(28) " fcode="store"/>
<opset="store_ln1331/1 "/>
</bind>
</comp>

<comp id="637" class="1004" name="store_ln1331_store_fu_637">
<pin_list>
<pin id="638" dir="0" index="0" bw="1" slack="0"/>
<pin id="639" dir="0" index="1" bw="32" slack="0"/>
<pin id="640" dir="1" index="2" bw="0" slack="2147483647"/>
</pin_list>
<bind>
<opcode="store(28) " fcode="store"/>
<opset="store_ln1331/1 "/>
</bind>
</comp>

<comp id="642" class="1004" name="store_ln1320_store_fu_642">
<pin_list>
<pin id="643" dir="0" index="0" bw="1" slack="0"/>
<pin id="644" dir="0" index="1" bw="32" slack="0"/>
<pin id="645" dir="1" index="2" bw="0" slack="2147483647"/>
</pin_list>
<bind>
<opcode="store(28) " fcode="store"/>
<opset="store_ln1320/1 "/>
</bind>
</comp>

<comp id="647" class="1004" name="k_load_fu_647">
<pin_list>
<pin id="648" dir="0" index="0" bw="5" slack="0"/>
<pin id="649" dir="1" index="1" bw="5" slack="0"/>
</pin_list>
<bind>
<opcode="load(27) " fcode="load"/>
<opset="k/1 "/>
</bind>
</comp>

<comp id="650" class="1004" name="icmp_ln1337_fu_650">
<pin_list>
<pin id="651" dir="0" index="0" bw="5" slack="0"/>
<pin id="652" dir="0" index="1" bw="5" slack="0"/>
<pin id="653" dir="1" index="2" bw="1" slack="5"/>
</pin_list>
<bind>
<opcode="icmp(45) " fcode="icmp"/>
<opset="icmp_ln1337/1 "/>
</bind>
</comp>

<comp id="656" class="1004" name="add_ln1337_fu_656">
<pin_list>
<pin id="657" dir="0" index="0" bw="5" slack="0"/>
<pin id="658" dir="0" index="1" bw="1" slack="0"/>
<pin id="659" dir="1" index="2" bw="5" slack="0"/>
</pin_list>
<bind>
<opcode="add(8) " fcode="add"/>
<opset="add_ln1337/1 "/>
</bind>
</comp>

<comp id="662" class="1004" name="zext_ln1337_fu_662">
<pin_list>
<pin id="663" dir="0" index="0" bw="5" slack="0"/>
<pin id="664" dir="1" index="1" bw="64" slack="0"/>
</pin_list>
<bind>
<opcode="zext(34) " fcode="zext"/>
<opset="zext_ln1337/1 "/>
</bind>
</comp>

<comp id="678" class="1004" name="icmp_ln1358_fu_678">
<pin_list>
<pin id="679" dir="0" index="0" bw="5" slack="0"/>
<pin id="680" dir="0" index="1" bw="5" slack="0"/>
<pin id="681" dir="1" index="2" bw="1" slack="1"/>
</pin_list>
<bind>
<opcode="icmp(45) " fcode="icmp"/>
<opset="icmp_ln1358/1 "/>
</bind>
</comp>

<comp id="684" class="1004" name="store_ln1170_store_fu_684">
<pin_list>
<pin id="685" dir="0" index="0" bw="5" slack="0"/>
<pin id="686" dir="0" index="1" bw="5" slack="0"/>
<pin id="687" dir="1" index="2" bw="0" slack="2147483647"/>
</pin_list>
<bind>
<opcode="store(28) " fcode="store"/>
<opset="store_ln1170/1 "/>
</bind>
</comp>

<comp id="689" class="1004" name="tmp_fu_689">
<pin_list>
<pin id="690" dir="0" index="0" bw="1" slack="0"/>
<pin id="691" dir="0" index="1" bw="32" slack="0"/>
<pin id="692" dir="0" index="2" bw="6" slack="0"/>
<pin id="693" dir="1" index="3" bw="1" slack="0"/>
</pin_list>
<bind>
<opcode="bitselect(1000) " fcode="bitselect"/>
<opset="tmp/2 "/>
</bind>
</comp>

<comp id="697" class="1004" name="sub_ln118_1_fu_697">
<pin_list>
<pin id="698" dir="0" index="0" bw="1" slack="0"/>
<pin id="699" dir="0" index="1" bw="32" slack="0"/>
<pin id="700" dir="1" index="2" bw="32" slack="0"/>
</pin_list>
<bind>
<opcode="sub(10) " fcode="sub"/>
<opset="sub_ln118_1/2 "/>
</bind>
</comp>

<comp id="703" class="1004" name="select_ln118_2_fu_703">
<pin_list>
<pin id="704" dir="0" index="0" bw="1" slack="0"/>
<pin id="705" dir="0" index="1" bw="32" slack="0"/>
<pin id="706" dir="0" index="2" bw="32" slack="0"/>
<pin id="707" dir="1" index="3" bw="32" slack="0"/>
</pin_list>
<bind>
<opcode="select(49) " fcode="select"/>
<opset="select_ln118_2/2 "/>
</bind>
</comp>

<comp id="711" class="1004" name="tmp_22_fu_711">
<pin_list>
<pin id="712" dir="0" index="0" bw="1" slack="0"/>
<pin id="713" dir="0" index="1" bw="32" slack="0"/>
<pin id="714" dir="0" index="2" bw="6" slack="0"/>
<pin id="715" dir="1" index="3" bw="1" slack="0"/>
</pin_list>
<bind>
<opcode="bitselect(1000) " fcode="bitselect"/>
<opset="tmp_22/2 "/>
</bind>
</comp>

<comp id="719" class="1004" name="sub_ln118_2_fu_719">
<pin_list>
<pin id="720" dir="0" index="0" bw="1" slack="0"/>
<pin id="721" dir="0" index="1" bw="32" slack="0"/>
<pin id="722" dir="1" index="2" bw="32" slack="0"/>
</pin_list>
<bind>
<opcode="sub(10) " fcode="sub"/>
<opset="sub_ln118_2/2 "/>
</bind>
</comp>

<comp id="725" class="1004" name="select_ln118_3_fu_725">
<pin_list>
<pin id="726" dir="0" index="0" bw="1" slack="0"/>
<pin id="727" dir="0" index="1" bw="32" slack="0"/>
<pin id="728" dir="0" index="2" bw="32" slack="0"/>
<pin id="729" dir="1" index="3" bw="32" slack="0"/>
</pin_list>
<bind>
<opcode="select(49) " fcode="select"/>
<opset="select_ln118_3/2 "/>
</bind>
</comp>

<comp id="733" class="1004" name="icmp_ln123_fu_733">
<pin_list>
<pin id="734" dir="0" index="0" bw="32" slack="0"/>
<pin id="735" dir="0" index="1" bw="32" slack="0"/>
<pin id="736" dir="1" index="2" bw="1" slack="0"/>
</pin_list>
<bind>
<opcode="icmp(45) " fcode="icmp"/>
<opset="icmp_ln123/2 "/>
</bind>
</comp>

<comp id="739" class="1004" name="select_ln121_fu_739">
<pin_list>
<pin id="740" dir="0" index="0" bw="1" slack="0"/>
<pin id="741" dir="0" index="1" bw="32" slack="0"/>
<pin id="742" dir="0" index="2" bw="32" slack="0"/>
<pin id="743" dir="1" index="3" bw="32" slack="1"/>
</pin_list>
<bind>
<opcode="select(49) " fcode="select"/>
<opset="select_ln121/2 "/>
</bind>
</comp>

<comp id="747" class="1004" name="tmp_23_fu_747">
<pin_list>
<pin id="748" dir="0" index="0" bw="1" slack="0"/>
<pin id="749" dir="0" index="1" bw="32" slack="0"/>
<pin id="750" dir="0" index="2" bw="6" slack="0"/>
<pin id="751" dir="1" index="3" bw="1" slack="0"/>
</pin_list>
<bind>
<opcode="bitselect(1000) " fcode="bitselect"/>
<opset="tmp_23/2 "/>
</bind>
</comp>

<comp id="755" class="1004" name="sub_ln118_3_fu_755">
<pin_list>
<pin id="756" dir="0" index="0" bw="1" slack="0"/>
<pin id="757" dir="0" index="1" bw="32" slack="0"/>
<pin id="758" dir="1" index="2" bw="32" slack="0"/>
</pin_list>
<bind>
<opcode="sub(10) " fcode="sub"/>
<opset="sub_ln118_3/2 "/>
</bind>
</comp>

<comp id="761" class="1004" name="select_ln118_4_fu_761">
<pin_list>
<pin id="762" dir="0" index="0" bw="1" slack="0"/>
<pin id="763" dir="0" index="1" bw="32" slack="0"/>
<pin id="764" dir="0" index="2" bw="32" slack="0"/>
<pin id="765" dir="1" index="3" bw="32" slack="0"/>
</pin_list>
<bind>
<opcode="select(49) " fcode="select"/>
<opset="select_ln118_4/2 "/>
</bind>
</comp>

<comp id="769" class="1004" name="tmp_24_fu_769">
<pin_list>
<pin id="770" dir="0" index="0" bw="1" slack="0"/>
<pin id="771" dir="0" index="1" bw="32" slack="0"/>
<pin id="772" dir="0" index="2" bw="6" slack="0"/>
<pin id="773" dir="1" index="3" bw="1" slack="0"/>
</pin_list>
<bind>
<opcode="bitselect(1000) " fcode="bitselect"/>
<opset="tmp_24/2 "/>
</bind>
</comp>

<comp id="777" class="1004" name="sub_ln118_4_fu_777">
<pin_list>
<pin id="778" dir="0" index="0" bw="1" slack="0"/>
<pin id="779" dir="0" index="1" bw="32" slack="0"/>
<pin id="780" dir="1" index="2" bw="32" slack="0"/>
</pin_list>
<bind>
<opcode="sub(10) " fcode="sub"/>
<opset="sub_ln118_4/2 "/>
</bind>
</comp>

<comp id="783" class="1004" name="select_ln118_5_fu_783">
<pin_list>
<pin id="784" dir="0" index="0" bw="1" slack="0"/>
<pin id="785" dir="0" index="1" bw="32" slack="0"/>
<pin id="786" dir="0" index="2" bw="32" slack="0"/>
<pin id="787" dir="1" index="3" bw="32" slack="0"/>
</pin_list>
<bind>
<opcode="select(49) " fcode="select"/>
<opset="select_ln118_5/2 "/>
</bind>
</comp>

<comp id="791" class="1004" name="icmp_ln123_1_fu_791">
<pin_list>
<pin id="792" dir="0" index="0" bw="32" slack="0"/>
<pin id="793" dir="0" index="1" bw="32" slack="0"/>
<pin id="794" dir="1" index="2" bw="1" slack="0"/>
</pin_list>
<bind>
<opcode="icmp(45) " fcode="icmp"/>
<opset="icmp_ln123_1/2 "/>
</bind>
</comp>

<comp id="797" class="1004" name="select_ln121_1_fu_797">
<pin_list>
<pin id="798" dir="0" index="0" bw="1" slack="0"/>
<pin id="799" dir="0" index="1" bw="32" slack="0"/>
<pin id="800" dir="0" index="2" bw="32" slack="0"/>
<pin id="801" dir="1" index="3" bw="32" slack="1"/>
</pin_list>
<bind>
<opcode="select(49) " fcode="select"/>
<opset="select_ln121_1/2 "/>
</bind>
</comp>

<comp id="805" class="1004" name="tmp_25_fu_805">
<pin_list>
<pin id="806" dir="0" index="0" bw="1" slack="0"/>
<pin id="807" dir="0" index="1" bw="32" slack="0"/>
<pin id="808" dir="0" index="2" bw="6" slack="0"/>
<pin id="809" dir="1" index="3" bw="1" slack="0"/>
</pin_list>
<bind>
<opcode="bitselect(1000) " fcode="bitselect"/>
<opset="tmp_25/2 "/>
</bind>
</comp>

<comp id="813" class="1004" name="sub_ln118_5_fu_813">
<pin_list>
<pin id="814" dir="0" index="0" bw="1" slack="0"/>
<pin id="815" dir="0" index="1" bw="32" slack="0"/>
<pin id="816" dir="1" index="2" bw="32" slack="0"/>
</pin_list>
<bind>
<opcode="sub(10) " fcode="sub"/>
<opset="sub_ln118_5/2 "/>
</bind>
</comp>

<comp id="819" class="1004" name="select_ln118_6_fu_819">
<pin_list>
<pin id="820" dir="0" index="0" bw="1" slack="0"/>
<pin id="821" dir="0" index="1" bw="32" slack="0"/>
<pin id="822" dir="0" index="2" bw="32" slack="0"/>
<pin id="823" dir="1" index="3" bw="32" slack="0"/>
</pin_list>
<bind>
<opcode="select(49) " fcode="select"/>
<opset="select_ln118_6/2 "/>
</bind>
</comp>

<comp id="827" class="1004" name="tmp_26_fu_827">
<pin_list>
<pin id="828" dir="0" index="0" bw="1" slack="0"/>
<pin id="829" dir="0" index="1" bw="32" slack="0"/>
<pin id="830" dir="0" index="2" bw="6" slack="0"/>
<pin id="831" dir="1" index="3" bw="1" slack="0"/>
</pin_list>
<bind>
<opcode="bitselect(1000) " fcode="bitselect"/>
<opset="tmp_26/2 "/>
</bind>
</comp>

<comp id="835" class="1004" name="sub_ln118_6_fu_835">
<pin_list>
<pin id="836" dir="0" index="0" bw="1" slack="0"/>
<pin id="837" dir="0" index="1" bw="32" slack="0"/>
<pin id="838" dir="1" index="2" bw="32" slack="0"/>
</pin_list>
<bind>
<opcode="sub(10) " fcode="sub"/>
<opset="sub_ln118_6/2 "/>
</bind>
</comp>

<comp id="841" class="1004" name="select_ln118_7_fu_841">
<pin_list>
<pin id="842" dir="0" index="0" bw="1" slack="0"/>
<pin id="843" dir="0" index="1" bw="32" slack="0"/>
<pin id="844" dir="0" index="2" bw="32" slack="0"/>
<pin id="845" dir="1" index="3" bw="32" slack="0"/>
</pin_list>
<bind>
<opcode="select(49) " fcode="select"/>
<opset="select_ln118_7/2 "/>
</bind>
</comp>

<comp id="849" class="1004" name="icmp_ln123_2_fu_849">
<pin_list>
<pin id="850" dir="0" index="0" bw="32" slack="0"/>
<pin id="851" dir="0" index="1" bw="32" slack="0"/>
<pin id="852" dir="1" index="2" bw="1" slack="0"/>
</pin_list>
<bind>
<opcode="icmp(45) " fcode="icmp"/>
<opset="icmp_ln123_2/2 "/>
</bind>
</comp>

<comp id="855" class="1004" name="select_ln121_2_fu_855">
<pin_list>
<pin id="856" dir="0" index="0" bw="1" slack="0"/>
<pin id="857" dir="0" index="1" bw="32" slack="0"/>
<pin id="858" dir="0" index="2" bw="32" slack="0"/>
<pin id="859" dir="1" index="3" bw="32" slack="1"/>
</pin_list>
<bind>
<opcode="select(49) " fcode="select"/>
<opset="select_ln121_2/2 "/>
</bind>
</comp>

<comp id="863" class="1004" name="tmp_27_fu_863">
<pin_list>
<pin id="864" dir="0" index="0" bw="1" slack="0"/>
<pin id="865" dir="0" index="1" bw="32" slack="0"/>
<pin id="866" dir="0" index="2" bw="6" slack="0"/>
<pin id="867" dir="1" index="3" bw="1" slack="0"/>
</pin_list>
<bind>
<opcode="bitselect(1000) " fcode="bitselect"/>
<opset="tmp_27/2 "/>
</bind>
</comp>

<comp id="871" class="1004" name="sub_ln118_7_fu_871">
<pin_list>
<pin id="872" dir="0" index="0" bw="1" slack="0"/>
<pin id="873" dir="0" index="1" bw="32" slack="0"/>
<pin id="874" dir="1" index="2" bw="32" slack="0"/>
</pin_list>
<bind>
<opcode="sub(10) " fcode="sub"/>
<opset="sub_ln118_7/2 "/>
</bind>
</comp>

<comp id="877" class="1004" name="select_ln118_8_fu_877">
<pin_list>
<pin id="878" dir="0" index="0" bw="1" slack="0"/>
<pin id="879" dir="0" index="1" bw="32" slack="0"/>
<pin id="880" dir="0" index="2" bw="32" slack="0"/>
<pin id="881" dir="1" index="3" bw="32" slack="0"/>
</pin_list>
<bind>
<opcode="select(49) " fcode="select"/>
<opset="select_ln118_8/2 "/>
</bind>
</comp>

<comp id="885" class="1004" name="tmp_28_fu_885">
<pin_list>
<pin id="886" dir="0" index="0" bw="1" slack="0"/>
<pin id="887" dir="0" index="1" bw="32" slack="0"/>
<pin id="888" dir="0" index="2" bw="6" slack="0"/>
<pin id="889" dir="1" index="3" bw="1" slack="0"/>
</pin_list>
<bind>
<opcode="bitselect(1000) " fcode="bitselect"/>
<opset="tmp_28/2 "/>
</bind>
</comp>

<comp id="893" class="1004" name="sub_ln118_8_fu_893">
<pin_list>
<pin id="894" dir="0" index="0" bw="1" slack="0"/>
<pin id="895" dir="0" index="1" bw="32" slack="0"/>
<pin id="896" dir="1" index="2" bw="32" slack="0"/>
</pin_list>
<bind>
<opcode="sub(10) " fcode="sub"/>
<opset="sub_ln118_8/2 "/>
</bind>
</comp>

<comp id="899" class="1004" name="select_ln118_9_fu_899">
<pin_list>
<pin id="900" dir="0" index="0" bw="1" slack="0"/>
<pin id="901" dir="0" index="1" bw="32" slack="0"/>
<pin id="902" dir="0" index="2" bw="32" slack="0"/>
<pin id="903" dir="1" index="3" bw="32" slack="0"/>
</pin_list>
<bind>
<opcode="select(49) " fcode="select"/>
<opset="select_ln118_9/2 "/>
</bind>
</comp>

<comp id="907" class="1004" name="icmp_ln123_3_fu_907">
<pin_list>
<pin id="908" dir="0" index="0" bw="32" slack="0"/>
<pin id="909" dir="0" index="1" bw="32" slack="0"/>
<pin id="910" dir="1" index="2" bw="1" slack="0"/>
</pin_list>
<bind>
<opcode="icmp(45) " fcode="icmp"/>
<opset="icmp_ln123_3/2 "/>
</bind>
</comp>

<comp id="913" class="1004" name="select_ln121_3_fu_913">
<pin_list>
<pin id="914" dir="0" index="0" bw="1" slack="0"/>
<pin id="915" dir="0" index="1" bw="32" slack="0"/>
<pin id="916" dir="0" index="2" bw="32" slack="0"/>
<pin id="917" dir="1" index="3" bw="32" slack="1"/>
</pin_list>
<bind>
<opcode="select(49) " fcode="select"/>
<opset="select_ln121_3/2 "/>
</bind>
</comp>

<comp id="921" class="1004" name="value_164_fu_921">
<pin_list>
<pin id="922" dir="0" index="0" bw="1" slack="1"/>
<pin id="923" dir="0" index="1" bw="32" slack="0"/>
<pin id="924" dir="0" index="2" bw="32" slack="1"/>
<pin id="925" dir="1" index="3" bw="32" slack="0"/>
</pin_list>
<bind>
<opcode="select(49) " fcode="select"/>
<opset="value_164/2 "/>
</bind>
</comp>

<comp id="927" class="1004" name="value_165_fu_927">
<pin_list>
<pin id="928" dir="0" index="0" bw="1" slack="1"/>
<pin id="929" dir="0" index="1" bw="32" slack="0"/>
<pin id="930" dir="0" index="2" bw="32" slack="1"/>
<pin id="931" dir="1" index="3" bw="32" slack="0"/>
</pin_list>
<bind>
<opcode="select(49) " fcode="select"/>
<opset="value_165/2 "/>
</bind>
</comp>

<comp id="933" class="1004" name="val_fu_933">
<pin_list>
<pin id="934" dir="0" index="0" bw="32" slack="0"/>
<pin id="935" dir="0" index="1" bw="32" slack="0"/>
<pin id="936" dir="1" index="2" bw="32" slack="0"/>
</pin_list>
<bind>
<opcode="add(8) " fcode="add"/>
<opset="val/2 "/>
</bind>
</comp>

<comp id="939" class="1004" name="icmp_ln196_fu_939">
<pin_list>
<pin id="940" dir="0" index="0" bw="32" slack="0"/>
<pin id="941" dir="0" index="1" bw="32" slack="0"/>
<pin id="942" dir="1" index="2" bw="1" slack="0"/>
</pin_list>
<bind>
<opcode="icmp(45) " fcode="icmp"/>
<opset="icmp_ln196/2 "/>
</bind>
</comp>

<comp id="945" class="1004" name="val_13_fu_945">
<pin_list>
<pin id="946" dir="0" index="0" bw="1" slack="0"/>
<pin id="947" dir="0" index="1" bw="32" slack="0"/>
<pin id="948" dir="0" index="2" bw="32" slack="0"/>
<pin id="949" dir="1" index="3" bw="32" slack="0"/>
</pin_list>
<bind>
<opcode="select(49) " fcode="select"/>
<opset="val_13/2 "/>
</bind>
</comp>

<comp id="953" class="1004" name="icmp_ln198_fu_953">
<pin_list>
<pin id="954" dir="0" index="0" bw="32" slack="0"/>
<pin id="955" dir="0" index="1" bw="32" slack="0"/>
<pin id="956" dir="1" index="2" bw="1" slack="1"/>
</pin_list>
<bind>
<opcode="icmp(45) " fcode="icmp"/>
<opset="icmp_ln198/2 "/>
</bind>
</comp>

<comp id="959" class="1004" name="val_19_fu_959">
<pin_list>
<pin id="960" dir="0" index="0" bw="32" slack="0"/>
<pin id="961" dir="0" index="1" bw="32" slack="0"/>
<pin id="962" dir="1" index="2" bw="32" slack="0"/>
</pin_list>
<bind>
<opcode="add(8) " fcode="add"/>
<opset="val_19/2 "/>
</bind>
</comp>

<comp id="965" class="1004" name="icmp_ln196_1_fu_965">
<pin_list>
<pin id="966" dir="0" index="0" bw="32" slack="0"/>
<pin id="967" dir="0" index="1" bw="18" slack="0"/>
<pin id="968" dir="1" index="2" bw="1" slack="0"/>
</pin_list>
<bind>
<opcode="icmp(45) " fcode="icmp"/>
<opset="icmp_ln196_1/2 "/>
</bind>
</comp>

<comp id="971" class="1004" name="val_20_fu_971">
<pin_list>
<pin id="972" dir="0" index="0" bw="1" slack="0"/>
<pin id="973" dir="0" index="1" bw="18" slack="0"/>
<pin id="974" dir="0" index="2" bw="32" slack="0"/>
<pin id="975" dir="1" index="3" bw="32" slack="0"/>
</pin_list>
<bind>
<opcode="select(49) " fcode="select"/>
<opset="val_20/2 "/>
</bind>
</comp>

<comp id="979" class="1004" name="trunc_ln198_fu_979">
<pin_list>
<pin id="980" dir="0" index="0" bw="32" slack="0"/>
<pin id="981" dir="1" index="1" bw="18" slack="1"/>
</pin_list>
<bind>
<opcode="trunc(33) " fcode="trunc"/>
<opset="trunc_ln198/2 "/>
</bind>
</comp>

<comp id="983" class="1004" name="icmp_ln198_1_fu_983">
<pin_list>
<pin id="984" dir="0" index="0" bw="32" slack="0"/>
<pin id="985" dir="0" index="1" bw="18" slack="0"/>
<pin id="986" dir="1" index="2" bw="1" slack="1"/>
</pin_list>
<bind>
<opcode="icmp(45) " fcode="icmp"/>
<opset="icmp_ln198_1/2 "/>
</bind>
</comp>

<comp id="989" class="1004" name="znorm_ey_load_1_load_fu_989">
<pin_list>
<pin id="990" dir="0" index="0" bw="32" slack="2"/>
<pin id="991" dir="1" index="1" bw="32" slack="0"/>
</pin_list>
<bind>
<opcode="load(27) " fcode="load"/>
<opset="znorm_ey_load_1/3 "/>
</bind>
</comp>

<comp id="992" class="1004" name="znorm_da_load_1_load_fu_992">
<pin_list>
<pin id="993" dir="0" index="0" bw="31" slack="2"/>
<pin id="994" dir="1" index="1" bw="31" slack="0"/>
</pin_list>
<bind>
<opcode="load(27) " fcode="load"/>
<opset="znorm_da_load_1/3 "/>
</bind>
</comp>

<comp id="995" class="1004" name="icmp_ln123_4_fu_995">
<pin_list>
<pin id="996" dir="0" index="0" bw="32" slack="1"/>
<pin id="997" dir="0" index="1" bw="32" slack="1"/>
<pin id="998" dir="1" index="2" bw="1" slack="0"/>
</pin_list>
<bind>
<opcode="icmp(45) " fcode="icmp"/>
<opset="icmp_ln123_4/3 "/>
</bind>
</comp>

<comp id="999" class="1004" name="select_ln121_4_fu_999">
<pin_list>
<pin id="1000" dir="0" index="0" bw="1" slack="0"/>
<pin id="1001" dir="0" index="1" bw="32" slack="1"/>
<pin id="1002" dir="0" index="2" bw="32" slack="1"/>
<pin id="1003" dir="1" index="3" bw="32" slack="1"/>
</pin_list>
<bind>
<opcode="select(49) " fcode="select"/>
<opset="select_ln121_4/3 "/>
</bind>
</comp>

<comp id="1005" class="1004" name="icmp_ln123_5_fu_1005">
<pin_list>
<pin id="1006" dir="0" index="0" bw="32" slack="1"/>
<pin id="1007" dir="0" index="1" bw="32" slack="1"/>
<pin id="1008" dir="1" index="2" bw="1" slack="0"/>
</pin_list>
<bind>
<opcode="icmp(45) " fcode="icmp"/>
<opset="icmp_ln123_5/3 "/>
</bind>
</comp>

<comp id="1009" class="1004" name="select_ln121_5_fu_1009">
<pin_list>
<pin id="1010" dir="0" index="0" bw="1" slack="0"/>
<pin id="1011" dir="0" index="1" bw="32" slack="1"/>
<pin id="1012" dir="0" index="2" bw="32" slack="1"/>
<pin id="1013" dir="1" index="3" bw="32" slack="1"/>
</pin_list>
<bind>
<opcode="select(49) " fcode="select"/>
<opset="select_ln121_5/3 "/>
</bind>
</comp>

<comp id="1015" class="1004" name="val_18_fu_1015">
<pin_list>
<pin id="1016" dir="0" index="0" bw="1" slack="1"/>
<pin id="1017" dir="0" index="1" bw="32" slack="1"/>
<pin id="1018" dir="0" index="2" bw="32" slack="1"/>
<pin id="1019" dir="1" index="3" bw="32" slack="0"/>
</pin_list>
<bind>
<opcode="select(49) " fcode="select"/>
<opset="val_18/3 "/>
</bind>
</comp>

<comp id="1021" class="1004" name="diff_fu_1021">
<pin_list>
<pin id="1022" dir="0" index="0" bw="32" slack="0"/>
<pin id="1023" dir="0" index="1" bw="32" slack="0"/>
<pin id="1024" dir="1" index="2" bw="32" slack="0"/>
</pin_list>
<bind>
<opcode="sub(10) " fcode="sub"/>
<opset="diff/3 "/>
</bind>
</comp>

<comp id="1027" class="1004" name="sext_ln159_fu_1027">
<pin_list>
<pin id="1028" dir="0" index="0" bw="32" slack="0"/>
<pin id="1029" dir="1" index="1" bw="50" slack="0"/>
</pin_list>
<bind>
<opcode="sext(35) " fcode="sext"/>
<opset="sext_ln159/3 "/>
</bind>
</comp>

<comp id="1032" class="1004" name="sum_abc_fu_1032">
<pin_list>
<pin id="1033" dir="0" index="0" bw="32" slack="1"/>
<pin id="1034" dir="0" index="1" bw="32" slack="0"/>
<pin id="1035" dir="1" index="2" bw="32" slack="0"/>
</pin_list>
<bind>
<opcode="sub(10) " fcode="sub"/>
<opset="sum_abc/3 "/>
</bind>
</comp>

<comp id="1038" class="1004" name="a_113_fu_1038">
<pin_list>
<pin id="1039" dir="0" index="0" bw="32" slack="1"/>
<pin id="1040" dir="0" index="1" bw="32" slack="0"/>
<pin id="1041" dir="1" index="2" bw="32" slack="0"/>
</pin_list>
<bind>
<opcode="sub(10) " fcode="sub"/>
<opset="a_113/3 "/>
</bind>
</comp>

<comp id="1043" class="1004" name="tmp_30_fu_1043">
<pin_list>
<pin id="1044" dir="0" index="0" bw="1" slack="0"/>
<pin id="1045" dir="0" index="1" bw="32" slack="0"/>
<pin id="1046" dir="0" index="2" bw="6" slack="0"/>
<pin id="1047" dir="1" index="3" bw="1" slack="1"/>
</pin_list>
<bind>
<opcode="bitselect(1000) " fcode="bitselect"/>
<opset="tmp_30/3 "/>
</bind>
</comp>

<comp id="1051" class="1004" name="tmp_31_fu_1051">
<pin_list>
<pin id="1052" dir="0" index="0" bw="1" slack="0"/>
<pin id="1053" dir="0" index="1" bw="32" slack="0"/>
<pin id="1054" dir="0" index="2" bw="6" slack="0"/>
<pin id="1055" dir="1" index="3" bw="1" slack="0"/>
</pin_list>
<bind>
<opcode="bitselect(1000) " fcode="bitselect"/>
<opset="tmp_31/3 "/>
</bind>
</comp>

<comp id="1059" class="1004" name="abs_z_fu_1059">
<pin_list>
<pin id="1060" dir="0" index="0" bw="1" slack="0"/>
<pin id="1061" dir="0" index="1" bw="32" slack="0"/>
<pin id="1062" dir="1" index="2" bw="32" slack="0"/>
</pin_list>
<bind>
<opcode="sub(10) " fcode="sub"/>
<opset="abs_z/3 "/>
</bind>
</comp>

<comp id="1065" class="1004" name="abs_z_6_fu_1065">
<pin_list>
<pin id="1066" dir="0" index="0" bw="1" slack="0"/>
<pin id="1067" dir="0" index="1" bw="32" slack="0"/>
<pin id="1068" dir="0" index="2" bw="32" slack="0"/>
<pin id="1069" dir="1" index="3" bw="32" slack="0"/>
</pin_list>
<bind>
<opcode="select(49) " fcode="select"/>
<opset="abs_z_6/3 "/>
</bind>
</comp>

<comp id="1073" class="1004" name="sext_ln159_28_fu_1073">
<pin_list>
<pin id="1074" dir="0" index="0" bw="32" slack="0"/>
<pin id="1075" dir="1" index="1" bw="50" slack="0"/>
</pin_list>
<bind>
<opcode="sext(35) " fcode="sext"/>
<opset="sext_ln159_28/3 "/>
</bind>
</comp>

<comp id="1078" class="1004" name="icmp_ln225_fu_1078">
<pin_list>
<pin id="1079" dir="0" index="0" bw="32" slack="0"/>
<pin id="1080" dir="0" index="1" bw="32" slack="0"/>
<pin id="1081" dir="1" index="2" bw="1" slack="0"/>
</pin_list>
<bind>
<opcode="icmp(45) " fcode="icmp"/>
<opset="icmp_ln225/3 "/>
</bind>
</comp>

<comp id="1084" class="1004" name="znorm_ey_1_fu_1084">
<pin_list>
<pin id="1085" dir="0" index="0" bw="1" slack="0"/>
<pin id="1086" dir="0" index="1" bw="32" slack="0"/>
<pin id="1087" dir="0" index="2" bw="32" slack="0"/>
<pin id="1088" dir="1" index="3" bw="32" slack="0"/>
</pin_list>
<bind>
<opcode="select(49) " fcode="select"/>
<opset="znorm_ey_1/3 "/>
</bind>
</comp>

<comp id="1092" class="1004" name="val_21_fu_1092">
<pin_list>
<pin id="1093" dir="0" index="0" bw="1" slack="1"/>
<pin id="1094" dir="0" index="1" bw="18" slack="0"/>
<pin id="1095" dir="0" index="2" bw="18" slack="1"/>
<pin id="1096" dir="1" index="3" bw="18" slack="0"/>
</pin_list>
<bind>
<opcode="select(49) " fcode="select"/>
<opset="val_21/3 "/>
</bind>
</comp>

<comp id="1098" class="1004" name="sext_ln160_fu_1098">
<pin_list>
<pin id="1099" dir="0" index="0" bw="18" slack="0"/>
<pin id="1100" dir="1" index="1" bw="32" slack="0"/>
</pin_list>
<bind>
<opcode="sext(35) " fcode="sext"/>
<opset="sext_ln160/3 "/>
</bind>
</comp>

<comp id="1103" class="1004" name="trunc_ln160_fu_1103">
<pin_list>
<pin id="1104" dir="0" index="0" bw="18" slack="0"/>
<pin id="1105" dir="1" index="1" bw="17" slack="0"/>
</pin_list>
<bind>
<opcode="trunc(33) " fcode="trunc"/>
<opset="trunc_ln160/3 "/>
</bind>
</comp>

<comp id="1107" class="1004" name="sum_abc_2_fu_1107">
<pin_list>
<pin id="1108" dir="0" index="0" bw="32" slack="1"/>
<pin id="1109" dir="0" index="1" bw="18" slack="0"/>
<pin id="1110" dir="1" index="2" bw="32" slack="0"/>
</pin_list>
<bind>
<opcode="sub(10) " fcode="sub"/>
<opset="sum_abc_2/3 "/>
</bind>
</comp>

<comp id="1113" class="1004" name="a_fu_1113">
<pin_list>
<pin id="1114" dir="0" index="0" bw="32" slack="1"/>
<pin id="1115" dir="0" index="1" bw="18" slack="0"/>
<pin id="1116" dir="1" index="2" bw="32" slack="0"/>
</pin_list>
<bind>
<opcode="sub(10) " fcode="sub"/>
<opset="a/3 "/>
</bind>
</comp>

<comp id="1118" class="1004" name="tmp_33_fu_1118">
<pin_list>
<pin id="1119" dir="0" index="0" bw="1" slack="0"/>
<pin id="1120" dir="0" index="1" bw="32" slack="0"/>
<pin id="1121" dir="0" index="2" bw="6" slack="0"/>
<pin id="1122" dir="1" index="3" bw="1" slack="1"/>
</pin_list>
<bind>
<opcode="bitselect(1000) " fcode="bitselect"/>
<opset="tmp_33/3 "/>
</bind>
</comp>

<comp id="1126" class="1004" name="tmp_34_fu_1126">
<pin_list>
<pin id="1127" dir="0" index="0" bw="1" slack="0"/>
<pin id="1128" dir="0" index="1" bw="18" slack="0"/>
<pin id="1129" dir="0" index="2" bw="6" slack="0"/>
<pin id="1130" dir="1" index="3" bw="1" slack="0"/>
</pin_list>
<bind>
<opcode="bitselect(1000) " fcode="bitselect"/>
<opset="tmp_34/3 "/>
</bind>
</comp>

<comp id="1134" class="1004" name="abs_z_9_fu_1134">
<pin_list>
<pin id="1135" dir="0" index="0" bw="1" slack="0"/>
<pin id="1136" dir="0" index="1" bw="17" slack="0"/>
<pin id="1137" dir="1" index="2" bw="17" slack="0"/>
</pin_list>
<bind>
<opcode="sub(10) " fcode="sub"/>
<opset="abs_z_9/3 "/>
</bind>
</comp>

<comp id="1140" class="1004" name="abs_z_10_fu_1140">
<pin_list>
<pin id="1141" dir="0" index="0" bw="1" slack="0"/>
<pin id="1142" dir="0" index="1" bw="17" slack="0"/>
<pin id="1143" dir="0" index="2" bw="17" slack="0"/>
<pin id="1144" dir="1" index="3" bw="17" slack="0"/>
</pin_list>
<bind>
<opcode="select(49) " fcode="select"/>
<opset="abs_z_10/3 "/>
</bind>
</comp>

<comp id="1148" class="1004" name="zext_ln159_fu_1148">
<pin_list>
<pin id="1149" dir="0" index="0" bw="17" slack="0"/>
<pin id="1150" dir="1" index="1" bw="31" slack="0"/>
</pin_list>
<bind>
<opcode="zext(34) " fcode="zext"/>
<opset="zext_ln159/3 "/>
</bind>
</comp>

<comp id="1152" class="1004" name="sext_ln159_29_fu_1152">
<pin_list>
<pin id="1153" dir="0" index="0" bw="32" slack="0"/>
<pin id="1154" dir="1" index="1" bw="50" slack="0"/>
</pin_list>
<bind>
<opcode="sext(35) " fcode="sext"/>
<opset="sext_ln159_29/3 "/>
</bind>
</comp>

<comp id="1157" class="1004" name="icmp_ln225_1_fu_1157">
<pin_list>
<pin id="1158" dir="0" index="0" bw="17" slack="0"/>
<pin id="1159" dir="0" index="1" bw="31" slack="0"/>
<pin id="1160" dir="1" index="2" bw="1" slack="0"/>
</pin_list>
<bind>
<opcode="icmp(45) " fcode="icmp"/>
<opset="icmp_ln225_1/3 "/>
</bind>
</comp>

<comp id="1163" class="1004" name="znorm_da_1_fu_1163">
<pin_list>
<pin id="1164" dir="0" index="0" bw="1" slack="0"/>
<pin id="1165" dir="0" index="1" bw="17" slack="0"/>
<pin id="1166" dir="0" index="2" bw="31" slack="0"/>
<pin id="1167" dir="1" index="3" bw="31" slack="0"/>
</pin_list>
<bind>
<opcode="select(49) " fcode="select"/>
<opset="znorm_da_1/3 "/>
</bind>
</comp>

<comp id="1171" class="1004" name="diff_7_fu_1171">
<pin_list>
<pin id="1172" dir="0" index="0" bw="18" slack="0"/>
<pin id="1173" dir="0" index="1" bw="32" slack="0"/>
<pin id="1174" dir="1" index="2" bw="32" slack="0"/>
</pin_list>
<bind>
<opcode="sub(10) " fcode="sub"/>
<opset="diff_7/3 "/>
</bind>
</comp>

<comp id="1177" class="1004" name="sext_ln159_30_fu_1177">
<pin_list>
<pin id="1178" dir="0" index="0" bw="32" slack="0"/>
<pin id="1179" dir="1" index="1" bw="50" slack="0"/>
</pin_list>
<bind>
<opcode="sext(35) " fcode="sext"/>
<opset="sext_ln159_30/3 "/>
</bind>
</comp>

<comp id="1182" class="1004" name="store_ln1332_store_fu_1182">
<pin_list>
<pin id="1183" dir="0" index="0" bw="31" slack="0"/>
<pin id="1184" dir="0" index="1" bw="31" slack="2"/>
<pin id="1185" dir="1" index="2" bw="0" slack="2147483647"/>
</pin_list>
<bind>
<opcode="store(28) " fcode="store"/>
<opset="store_ln1332/3 "/>
</bind>
</comp>

<comp id="1187" class="1004" name="store_ln1331_store_fu_1187">
<pin_list>
<pin id="1188" dir="0" index="0" bw="32" slack="0"/>
<pin id="1189" dir="0" index="1" bw="32" slack="2"/>
<pin id="1190" dir="1" index="2" bw="0" slack="2147483647"/>
</pin_list>
<bind>
<opcode="store(28) " fcode="store"/>
<opset="store_ln1331/3 "/>
</bind>
</comp>

<comp id="1192" class="1004" name="x_norm_load_1_load_fu_1192">
<pin_list>
<pin id="1193" dir="0" index="0" bw="32" slack="3"/>
<pin id="1194" dir="1" index="1" bw="32" slack="0"/>
</pin_list>
<bind>
<opcode="load(27) " fcode="load"/>
<opset="x_norm_load_1/4 "/>
</bind>
</comp>

<comp id="1195" class="1004" name="primal_ey_load_1_load_fu_1195">
<pin_list>
<pin id="1196" dir="0" index="0" bw="32" slack="3"/>
<pin id="1197" dir="1" index="1" bw="32" slack="0"/>
</pin_list>
<bind>
<opcode="load(27) " fcode="load"/>
<opset="primal_ey_load_1/4 "/>
</bind>
</comp>

<comp id="1198" class="1004" name="primal_da_load_1_load_fu_1198">
<pin_list>
<pin id="1199" dir="0" index="0" bw="32" slack="3"/>
<pin id="1200" dir="1" index="1" bw="32" slack="0"/>
</pin_list>
<bind>
<opcode="load(27) " fcode="load"/>
<opset="primal_da_load_1/4 "/>
</bind>
</comp>

<comp id="1201" class="1004" name="icmp_ln123_6_fu_1201">
<pin_list>
<pin id="1202" dir="0" index="0" bw="32" slack="1"/>
<pin id="1203" dir="0" index="1" bw="32" slack="1"/>
<pin id="1204" dir="1" index="2" bw="1" slack="0"/>
</pin_list>
<bind>
<opcode="icmp(45) " fcode="icmp"/>
<opset="icmp_ln123_6/4 "/>
</bind>
</comp>

<comp id="1205" class="1004" name="x_norm_k_fu_1205">
<pin_list>
<pin id="1206" dir="0" index="0" bw="1" slack="0"/>
<pin id="1207" dir="0" index="1" bw="32" slack="1"/>
<pin id="1208" dir="0" index="2" bw="32" slack="1"/>
<pin id="1209" dir="1" index="3" bw="32" slack="0"/>
</pin_list>
<bind>
<opcode="select(49) " fcode="select"/>
<opset="x_norm_k/4 "/>
</bind>
</comp>

<comp id="1211" class="1004" name="icmp_ln1351_fu_1211">
<pin_list>
<pin id="1212" dir="0" index="0" bw="32" slack="0"/>
<pin id="1213" dir="0" index="1" bw="32" slack="0"/>
<pin id="1214" dir="1" index="2" bw="1" slack="0"/>
</pin_list>
<bind>
<opcode="icmp(45) " fcode="icmp"/>
<opset="icmp_ln1351/4 "/>
</bind>
</comp>

<comp id="1217" class="1004" name="x_norm_1_fu_1217">
<pin_list>
<pin id="1218" dir="0" index="0" bw="1" slack="0"/>
<pin id="1219" dir="0" index="1" bw="32" slack="0"/>
<pin id="1220" dir="0" index="2" bw="32" slack="0"/>
<pin id="1221" dir="1" index="3" bw="32" slack="0"/>
</pin_list>
<bind>
<opcode="select(49) " fcode="select"/>
<opset="x_norm_1/4 "/>
</bind>
</comp>

<comp id="1225" class="1004" name="pd_fu_1225">
<pin_list>
<pin id="1226" dir="0" index="0" bw="1" slack="0"/>
<pin id="1227" dir="0" index="1" bw="32" slack="1"/>
<pin id="1228" dir="1" index="2" bw="32" slack="0"/>
</pin_list>
<bind>
<opcode="sub(10) " fcode="sub"/>
<opset="pd/4 "/>
</bind>
</comp>

<comp id="1230" class="1004" name="pd_6_fu_1230">
<pin_list>
<pin id="1231" dir="0" index="0" bw="1" slack="1"/>
<pin id="1232" dir="0" index="1" bw="32" slack="0"/>
<pin id="1233" dir="0" index="2" bw="32" slack="1"/>
<pin id="1234" dir="1" index="3" bw="32" slack="0"/>
</pin_list>
<bind>
<opcode="select(49) " fcode="select"/>
<opset="pd_6/4 "/>
</bind>
</comp>

<comp id="1236" class="1004" name="icmp_ln219_fu_1236">
<pin_list>
<pin id="1237" dir="0" index="0" bw="32" slack="0"/>
<pin id="1238" dir="0" index="1" bw="32" slack="0"/>
<pin id="1239" dir="1" index="2" bw="1" slack="0"/>
</pin_list>
<bind>
<opcode="icmp(45) " fcode="icmp"/>
<opset="icmp_ln219/4 "/>
</bind>
</comp>

<comp id="1242" class="1004" name="primal_ey_1_fu_1242">
<pin_list>
<pin id="1243" dir="0" index="0" bw="1" slack="0"/>
<pin id="1244" dir="0" index="1" bw="32" slack="0"/>
<pin id="1245" dir="0" index="2" bw="32" slack="0"/>
<pin id="1246" dir="1" index="3" bw="32" slack="0"/>
</pin_list>
<bind>
<opcode="select(49) " fcode="select"/>
<opset="primal_ey_1/4 "/>
</bind>
</comp>

<comp id="1250" class="1004" name="pd_9_fu_1250">
<pin_list>
<pin id="1251" dir="0" index="0" bw="1" slack="0"/>
<pin id="1252" dir="0" index="1" bw="32" slack="1"/>
<pin id="1253" dir="1" index="2" bw="32" slack="0"/>
</pin_list>
<bind>
<opcode="sub(10) " fcode="sub"/>
<opset="pd_9/4 "/>
</bind>
</comp>

<comp id="1255" class="1004" name="pd_10_fu_1255">
<pin_list>
<pin id="1256" dir="0" index="0" bw="1" slack="1"/>
<pin id="1257" dir="0" index="1" bw="32" slack="0"/>
<pin id="1258" dir="0" index="2" bw="32" slack="1"/>
<pin id="1259" dir="1" index="3" bw="32" slack="0"/>
</pin_list>
<bind>
<opcode="select(49) " fcode="select"/>
<opset="pd_10/4 "/>
</bind>
</comp>

<comp id="1261" class="1004" name="icmp_ln219_1_fu_1261">
<pin_list>
<pin id="1262" dir="0" index="0" bw="32" slack="0"/>
<pin id="1263" dir="0" index="1" bw="32" slack="0"/>
<pin id="1264" dir="1" index="2" bw="1" slack="0"/>
</pin_list>
<bind>
<opcode="icmp(45) " fcode="icmp"/>
<opset="icmp_ln219_1/4 "/>
</bind>
</comp>

<comp id="1267" class="1004" name="primal_da_1_fu_1267">
<pin_list>
<pin id="1268" dir="0" index="0" bw="1" slack="0"/>
<pin id="1269" dir="0" index="1" bw="32" slack="0"/>
<pin id="1270" dir="0" index="2" bw="32" slack="0"/>
<pin id="1271" dir="1" index="3" bw="32" slack="0"/>
</pin_list>
<bind>
<opcode="select(49) " fcode="select"/>
<opset="primal_da_1/4 "/>
</bind>
</comp>

<comp id="1275" class="1004" name="store_ln1332_store_fu_1275">
<pin_list>
<pin id="1276" dir="0" index="0" bw="32" slack="0"/>
<pin id="1277" dir="0" index="1" bw="32" slack="3"/>
<pin id="1278" dir="1" index="2" bw="0" slack="2147483647"/>
</pin_list>
<bind>
<opcode="store(28) " fcode="store"/>
<opset="store_ln1332/4 "/>
</bind>
</comp>

<comp id="1280" class="1004" name="store_ln1331_store_fu_1280">
<pin_list>
<pin id="1281" dir="0" index="0" bw="32" slack="0"/>
<pin id="1282" dir="0" index="1" bw="32" slack="3"/>
<pin id="1283" dir="1" index="2" bw="0" slack="2147483647"/>
</pin_list>
<bind>
<opcode="store(28) " fcode="store"/>
<opset="store_ln1331/4 "/>
</bind>
</comp>

<comp id="1285" class="1004" name="store_ln1320_store_fu_1285">
<pin_list>
<pin id="1286" dir="0" index="0" bw="32" slack="0"/>
<pin id="1287" dir="0" index="1" bw="32" slack="3"/>
<pin id="1288" dir="1" index="2" bw="0" slack="2147483647"/>
</pin_list>
<bind>
<opcode="store(28) " fcode="store"/>
<opset="store_ln1320/4 "/>
</bind>
</comp>

<comp id="1290" class="1004" name="product_q_fu_1290">
<pin_list>
<pin id="1291" dir="0" index="0" bw="32" slack="0"/>
<pin id="1292" dir="0" index="1" bw="50" slack="0"/>
<pin id="1293" dir="0" index="2" bw="6" slack="0"/>
<pin id="1294" dir="0" index="3" bw="7" slack="0"/>
<pin id="1295" dir="1" index="4" bw="32" slack="0"/>
</pin_list>
<bind>
<opcode="partselect(1002) " fcode="partselect"/>
<opset="product_q/6 "/>
</bind>
</comp>

<comp id="1300" class="1004" name="tmp_29_fu_1300">
<pin_list>
<pin id="1301" dir="0" index="0" bw="1" slack="0"/>
<pin id="1302" dir="0" index="1" bw="50" slack="0"/>
<pin id="1303" dir="0" index="2" bw="7" slack="0"/>
<pin id="1304" dir="1" index="3" bw="1" slack="0"/>
</pin_list>
<bind>
<opcode="bitselect(1000) " fcode="bitselect"/>
<opset="tmp_29/6 "/>
</bind>
</comp>

<comp id="1308" class="1004" name="dd_fu_1308">
<pin_list>
<pin id="1309" dir="0" index="0" bw="1" slack="0"/>
<pin id="1310" dir="0" index="1" bw="32" slack="0"/>
<pin id="1311" dir="1" index="2" bw="32" slack="0"/>
</pin_list>
<bind>
<opcode="sub(10) " fcode="sub"/>
<opset="dd/6 "/>
</bind>
</comp>

<comp id="1314" class="1004" name="dd_6_fu_1314">
<pin_list>
<pin id="1315" dir="0" index="0" bw="1" slack="0"/>
<pin id="1316" dir="0" index="1" bw="32" slack="0"/>
<pin id="1317" dir="0" index="2" bw="32" slack="0"/>
<pin id="1318" dir="1" index="3" bw="32" slack="1"/>
</pin_list>
<bind>
<opcode="select(49) " fcode="select"/>
<opset="dd_6/6 "/>
</bind>
</comp>

<comp id="1322" class="1004" name="product_q_14_fu_1322">
<pin_list>
<pin id="1323" dir="0" index="0" bw="32" slack="0"/>
<pin id="1324" dir="0" index="1" bw="50" slack="0"/>
<pin id="1325" dir="0" index="2" bw="6" slack="0"/>
<pin id="1326" dir="0" index="3" bw="7" slack="0"/>
<pin id="1327" dir="1" index="4" bw="32" slack="0"/>
</pin_list>
<bind>
<opcode="partselect(1002) " fcode="partselect"/>
<opset="product_q_14/6 "/>
</bind>
</comp>

<comp id="1332" class="1004" name="tmp_32_fu_1332">
<pin_list>
<pin id="1333" dir="0" index="0" bw="1" slack="0"/>
<pin id="1334" dir="0" index="1" bw="50" slack="0"/>
<pin id="1335" dir="0" index="2" bw="7" slack="0"/>
<pin id="1336" dir="1" index="3" bw="1" slack="0"/>
</pin_list>
<bind>
<opcode="bitselect(1000) " fcode="bitselect"/>
<opset="tmp_32/6 "/>
</bind>
</comp>

<comp id="1340" class="1004" name="abs_l_fu_1340">
<pin_list>
<pin id="1341" dir="0" index="0" bw="1" slack="0"/>
<pin id="1342" dir="0" index="1" bw="32" slack="0"/>
<pin id="1343" dir="1" index="2" bw="32" slack="0"/>
</pin_list>
<bind>
<opcode="sub(10) " fcode="sub"/>
<opset="abs_l/6 "/>
</bind>
</comp>

<comp id="1346" class="1004" name="abs_l_10_fu_1346">
<pin_list>
<pin id="1347" dir="0" index="0" bw="1" slack="0"/>
<pin id="1348" dir="0" index="1" bw="32" slack="0"/>
<pin id="1349" dir="0" index="2" bw="32" slack="0"/>
<pin id="1350" dir="1" index="3" bw="32" slack="1"/>
</pin_list>
<bind>
<opcode="select(49) " fcode="select"/>
<opset="abs_l_10/6 "/>
</bind>
</comp>

<comp id="1354" class="1004" name="product_q_16_fu_1354">
<pin_list>
<pin id="1355" dir="0" index="0" bw="32" slack="0"/>
<pin id="1356" dir="0" index="1" bw="50" slack="0"/>
<pin id="1357" dir="0" index="2" bw="6" slack="0"/>
<pin id="1358" dir="0" index="3" bw="7" slack="0"/>
<pin id="1359" dir="1" index="4" bw="32" slack="0"/>
</pin_list>
<bind>
<opcode="partselect(1002) " fcode="partselect"/>
<opset="product_q_16/6 "/>
</bind>
</comp>

<comp id="1364" class="1004" name="tmp_35_fu_1364">
<pin_list>
<pin id="1365" dir="0" index="0" bw="1" slack="0"/>
<pin id="1366" dir="0" index="1" bw="50" slack="0"/>
<pin id="1367" dir="0" index="2" bw="7" slack="0"/>
<pin id="1368" dir="1" index="3" bw="1" slack="0"/>
</pin_list>
<bind>
<opcode="bitselect(1000) " fcode="bitselect"/>
<opset="tmp_35/6 "/>
</bind>
</comp>

<comp id="1372" class="1004" name="abs_l_11_fu_1372">
<pin_list>
<pin id="1373" dir="0" index="0" bw="1" slack="0"/>
<pin id="1374" dir="0" index="1" bw="32" slack="0"/>
<pin id="1375" dir="1" index="2" bw="32" slack="0"/>
</pin_list>
<bind>
<opcode="sub(10) " fcode="sub"/>
<opset="abs_l_11/6 "/>
</bind>
</comp>

<comp id="1378" class="1004" name="abs_l_12_fu_1378">
<pin_list>
<pin id="1379" dir="0" index="0" bw="1" slack="0"/>
<pin id="1380" dir="0" index="1" bw="32" slack="0"/>
<pin id="1381" dir="0" index="2" bw="32" slack="0"/>
<pin id="1382" dir="1" index="3" bw="32" slack="1"/>
</pin_list>
<bind>
<opcode="select(49) " fcode="select"/>
<opset="abs_l_12/6 "/>
</bind>
</comp>

<comp id="1386" class="1004" name="product_q_15_fu_1386">
<pin_list>
<pin id="1387" dir="0" index="0" bw="32" slack="0"/>
<pin id="1388" dir="0" index="1" bw="50" slack="0"/>
<pin id="1389" dir="0" index="2" bw="6" slack="0"/>
<pin id="1390" dir="0" index="3" bw="7" slack="0"/>
<pin id="1391" dir="1" index="4" bw="32" slack="0"/>
</pin_list>
<bind>
<opcode="partselect(1002) " fcode="partselect"/>
<opset="product_q_15/6 "/>
</bind>
</comp>

<comp id="1396" class="1004" name="tmp_36_fu_1396">
<pin_list>
<pin id="1397" dir="0" index="0" bw="1" slack="0"/>
<pin id="1398" dir="0" index="1" bw="50" slack="0"/>
<pin id="1399" dir="0" index="2" bw="7" slack="0"/>
<pin id="1400" dir="1" index="3" bw="1" slack="0"/>
</pin_list>
<bind>
<opcode="bitselect(1000) " fcode="bitselect"/>
<opset="tmp_36/6 "/>
</bind>
</comp>

<comp id="1404" class="1004" name="dd_9_fu_1404">
<pin_list>
<pin id="1405" dir="0" index="0" bw="1" slack="0"/>
<pin id="1406" dir="0" index="1" bw="32" slack="0"/>
<pin id="1407" dir="1" index="2" bw="32" slack="0"/>
</pin_list>
<bind>
<opcode="sub(10) " fcode="sub"/>
<opset="dd_9/6 "/>
</bind>
</comp>

<comp id="1410" class="1004" name="dd_10_fu_1410">
<pin_list>
<pin id="1411" dir="0" index="0" bw="1" slack="0"/>
<pin id="1412" dir="0" index="1" bw="32" slack="0"/>
<pin id="1413" dir="0" index="2" bw="32" slack="0"/>
<pin id="1414" dir="1" index="3" bw="32" slack="1"/>
</pin_list>
<bind>
<opcode="select(49) " fcode="select"/>
<opset="dd_10/6 "/>
</bind>
</comp>

<comp id="1418" class="1004" name="dual_ey_load_1_load_fu_1418">
<pin_list>
<pin id="1419" dir="0" index="0" bw="32" slack="6"/>
<pin id="1420" dir="1" index="1" bw="32" slack="0"/>
</pin_list>
<bind>
<opcode="load(27) " fcode="load"/>
<opset="dual_ey_load_1/7 "/>
</bind>
</comp>

<comp id="1421" class="1004" name="lnorm_ey_load_1_load_fu_1421">
<pin_list>
<pin id="1422" dir="0" index="0" bw="32" slack="6"/>
<pin id="1423" dir="1" index="1" bw="32" slack="0"/>
</pin_list>
<bind>
<opcode="load(27) " fcode="load"/>
<opset="lnorm_ey_load_1/7 "/>
</bind>
</comp>

<comp id="1424" class="1004" name="dual_da_load_1_load_fu_1424">
<pin_list>
<pin id="1425" dir="0" index="0" bw="32" slack="6"/>
<pin id="1426" dir="1" index="1" bw="32" slack="0"/>
</pin_list>
<bind>
<opcode="load(27) " fcode="load"/>
<opset="dual_da_load_1/7 "/>
</bind>
</comp>

<comp id="1427" class="1004" name="lnorm_da_load_1_load_fu_1427">
<pin_list>
<pin id="1428" dir="0" index="0" bw="32" slack="6"/>
<pin id="1429" dir="1" index="1" bw="32" slack="0"/>
</pin_list>
<bind>
<opcode="load(27) " fcode="load"/>
<opset="lnorm_da_load_1/7 "/>
</bind>
</comp>

<comp id="1430" class="1004" name="icmp_ln209_fu_1430">
<pin_list>
<pin id="1431" dir="0" index="0" bw="32" slack="1"/>
<pin id="1432" dir="0" index="1" bw="32" slack="0"/>
<pin id="1433" dir="1" index="2" bw="1" slack="0"/>
</pin_list>
<bind>
<opcode="icmp(45) " fcode="icmp"/>
<opset="icmp_ln209/7 "/>
</bind>
</comp>

<comp id="1435" class="1004" name="dual_ey_1_fu_1435">
<pin_list>
<pin id="1436" dir="0" index="0" bw="1" slack="0"/>
<pin id="1437" dir="0" index="1" bw="32" slack="1"/>
<pin id="1438" dir="0" index="2" bw="32" slack="0"/>
<pin id="1439" dir="1" index="3" bw="32" slack="0"/>
</pin_list>
<bind>
<opcode="select(49) " fcode="select"/>
<opset="dual_ey_1/7 "/>
</bind>
</comp>

<comp id="1442" class="1004" name="icmp_ln227_fu_1442">
<pin_list>
<pin id="1443" dir="0" index="0" bw="32" slack="1"/>
<pin id="1444" dir="0" index="1" bw="32" slack="0"/>
<pin id="1445" dir="1" index="2" bw="1" slack="0"/>
</pin_list>
<bind>
<opcode="icmp(45) " fcode="icmp"/>
<opset="icmp_ln227/7 "/>
</bind>
</comp>

<comp id="1447" class="1004" name="lnorm_ey_2_fu_1447">
<pin_list>
<pin id="1448" dir="0" index="0" bw="1" slack="0"/>
<pin id="1449" dir="0" index="1" bw="32" slack="1"/>
<pin id="1450" dir="0" index="2" bw="32" slack="0"/>
<pin id="1451" dir="1" index="3" bw="32" slack="0"/>
</pin_list>
<bind>
<opcode="select(49) " fcode="select"/>
<opset="lnorm_ey_2/7 "/>
</bind>
</comp>

<comp id="1454" class="1004" name="icmp_ln227_1_fu_1454">
<pin_list>
<pin id="1455" dir="0" index="0" bw="32" slack="1"/>
<pin id="1456" dir="0" index="1" bw="32" slack="0"/>
<pin id="1457" dir="1" index="2" bw="1" slack="0"/>
</pin_list>
<bind>
<opcode="icmp(45) " fcode="icmp"/>
<opset="icmp_ln227_1/7 "/>
</bind>
</comp>

<comp id="1459" class="1004" name="lnorm_da_2_fu_1459">
<pin_list>
<pin id="1460" dir="0" index="0" bw="1" slack="0"/>
<pin id="1461" dir="0" index="1" bw="32" slack="1"/>
<pin id="1462" dir="0" index="2" bw="32" slack="0"/>
<pin id="1463" dir="1" index="3" bw="32" slack="0"/>
</pin_list>
<bind>
<opcode="select(49) " fcode="select"/>
<opset="lnorm_da_2/7 "/>
</bind>
</comp>

<comp id="1466" class="1004" name="icmp_ln209_1_fu_1466">
<pin_list>
<pin id="1467" dir="0" index="0" bw="32" slack="1"/>
<pin id="1468" dir="0" index="1" bw="32" slack="0"/>
<pin id="1469" dir="1" index="2" bw="1" slack="0"/>
</pin_list>
<bind>
<opcode="icmp(45) " fcode="icmp"/>
<opset="icmp_ln209_1/7 "/>
</bind>
</comp>

<comp id="1471" class="1004" name="dual_da_1_fu_1471">
<pin_list>
<pin id="1472" dir="0" index="0" bw="1" slack="0"/>
<pin id="1473" dir="0" index="1" bw="32" slack="1"/>
<pin id="1474" dir="0" index="2" bw="32" slack="0"/>
<pin id="1475" dir="1" index="3" bw="32" slack="0"/>
</pin_list>
<bind>
<opcode="select(49) " fcode="select"/>
<opset="dual_da_1/7 "/>
</bind>
</comp>

<comp id="1478" class="1004" name="store_ln1332_store_fu_1478">
<pin_list>
<pin id="1479" dir="0" index="0" bw="32" slack="0"/>
<pin id="1480" dir="0" index="1" bw="32" slack="6"/>
<pin id="1481" dir="1" index="2" bw="0" slack="2147483647"/>
</pin_list>
<bind>
<opcode="store(28) " fcode="store"/>
<opset="store_ln1332/7 "/>
</bind>
</comp>

<comp id="1483" class="1004" name="store_ln1332_store_fu_1483">
<pin_list>
<pin id="1484" dir="0" index="0" bw="32" slack="0"/>
<pin id="1485" dir="0" index="1" bw="32" slack="6"/>
<pin id="1486" dir="1" index="2" bw="0" slack="2147483647"/>
</pin_list>
<bind>
<opcode="store(28) " fcode="store"/>
<opset="store_ln1332/7 "/>
</bind>
</comp>

<comp id="1488" class="1004" name="store_ln1331_store_fu_1488">
<pin_list>
<pin id="1489" dir="0" index="0" bw="32" slack="0"/>
<pin id="1490" dir="0" index="1" bw="32" slack="6"/>
<pin id="1491" dir="1" index="2" bw="0" slack="2147483647"/>
</pin_list>
<bind>
<opcode="store(28) " fcode="store"/>
<opset="store_ln1331/7 "/>
</bind>
</comp>

<comp id="1493" class="1004" name="store_ln1331_store_fu_1493">
<pin_list>
<pin id="1494" dir="0" index="0" bw="32" slack="0"/>
<pin id="1495" dir="0" index="1" bw="32" slack="6"/>
<pin id="1496" dir="1" index="2" bw="0" slack="2147483647"/>
</pin_list>
<bind>
<opcode="store(28) " fcode="store"/>
<opset="store_ln1331/7 "/>
</bind>
</comp>

<comp id="1498" class="1004" name="x_norm_load_load_fu_1498">
<pin_list>
<pin id="1499" dir="0" index="0" bw="32" slack="5"/>
<pin id="1500" dir="1" index="1" bw="32" slack="0"/>
</pin_list>
<bind>
<opcode="load(27) " fcode="load"/>
<opset="x_norm_load/6 "/>
</bind>
</comp>

<comp id="1502" class="1004" name="primal_ey_load_load_fu_1502">
<pin_list>
<pin id="1503" dir="0" index="0" bw="32" slack="5"/>
<pin id="1504" dir="1" index="1" bw="32" slack="0"/>
</pin_list>
<bind>
<opcode="load(27) " fcode="load"/>
<opset="primal_ey_load/6 "/>
</bind>
</comp>

<comp id="1506" class="1004" name="dual_ey_load_load_fu_1506">
<pin_list>
<pin id="1507" dir="0" index="0" bw="32" slack="5"/>
<pin id="1508" dir="1" index="1" bw="32" slack="0"/>
</pin_list>
<bind>
<opcode="load(27) " fcode="load"/>
<opset="dual_ey_load/6 "/>
</bind>
</comp>

<comp id="1510" class="1004" name="znorm_ey_load_load_fu_1510">
<pin_list>
<pin id="1511" dir="0" index="0" bw="32" slack="5"/>
<pin id="1512" dir="1" index="1" bw="32" slack="0"/>
</pin_list>
<bind>
<opcode="load(27) " fcode="load"/>
<opset="znorm_ey_load/6 "/>
</bind>
</comp>

<comp id="1514" class="1004" name="lnorm_ey_load_load_fu_1514">
<pin_list>
<pin id="1515" dir="0" index="0" bw="32" slack="5"/>
<pin id="1516" dir="1" index="1" bw="32" slack="0"/>
</pin_list>
<bind>
<opcode="load(27) " fcode="load"/>
<opset="lnorm_ey_load/6 "/>
</bind>
</comp>

<comp id="1518" class="1004" name="primal_da_load_load_fu_1518">
<pin_list>
<pin id="1519" dir="0" index="0" bw="32" slack="5"/>
<pin id="1520" dir="1" index="1" bw="32" slack="0"/>
</pin_list>
<bind>
<opcode="load(27) " fcode="load"/>
<opset="primal_da_load/6 "/>
</bind>
</comp>

<comp id="1522" class="1004" name="dual_da_load_load_fu_1522">
<pin_list>
<pin id="1523" dir="0" index="0" bw="32" slack="5"/>
<pin id="1524" dir="1" index="1" bw="32" slack="0"/>
</pin_list>
<bind>
<opcode="load(27) " fcode="load"/>
<opset="dual_da_load/6 "/>
</bind>
</comp>

<comp id="1526" class="1004" name="znorm_da_load_load_fu_1526">
<pin_list>
<pin id="1527" dir="0" index="0" bw="31" slack="5"/>
<pin id="1528" dir="1" index="1" bw="31" slack="0"/>
</pin_list>
<bind>
<opcode="load(27) " fcode="load"/>
<opset="znorm_da_load/6 "/>
</bind>
</comp>

<comp id="1530" class="1004" name="lnorm_da_load_load_fu_1530">
<pin_list>
<pin id="1531" dir="0" index="0" bw="32" slack="5"/>
<pin id="1532" dir="1" index="1" bw="32" slack="0"/>
</pin_list>
<bind>
<opcode="load(27) " fcode="load"/>
<opset="lnorm_da_load/6 "/>
</bind>
</comp>

<comp id="1534" class="1005" name="x_norm_reg_1534">
<pin_list>
<pin id="1535" dir="0" index="0" bw="32" slack="0"/>
<pin id="1536" dir="1" index="1" bw="32" slack="0"/>
</pin_list>
<bind>
<opset="x_norm "/>
</bind>
</comp>

<comp id="1542" class="1005" name="primal_ey_reg_1542">
<pin_list>
<pin id="1543" dir="0" index="0" bw="32" slack="0"/>
<pin id="1544" dir="1" index="1" bw="32" slack="0"/>
</pin_list>
<bind>
<opset="primal_ey "/>
</bind>
</comp>

<comp id="1550" class="1005" name="dual_ey_reg_1550">
<pin_list>
<pin id="1551" dir="0" index="0" bw="32" slack="0"/>
<pin id="1552" dir="1" index="1" bw="32" slack="0"/>
</pin_list>
<bind>
<opset="dual_ey "/>
</bind>
</comp>

<comp id="1558" class="1005" name="znorm_ey_reg_1558">
<pin_list>
<pin id="1559" dir="0" index="0" bw="32" slack="0"/>
<pin id="1560" dir="1" index="1" bw="32" slack="0"/>
</pin_list>
<bind>
<opset="znorm_ey "/>
</bind>
</comp>

<comp id="1566" class="1005" name="lnorm_ey_reg_1566">
<pin_list>
<pin id="1567" dir="0" index="0" bw="32" slack="0"/>
<pin id="1568" dir="1" index="1" bw="32" slack="0"/>
</pin_list>
<bind>
<opset="lnorm_ey "/>
</bind>
</comp>

<comp id="1574" class="1005" name="primal_da_reg_1574">
<pin_list>
<pin id="1575" dir="0" index="0" bw="32" slack="0"/>
<pin id="1576" dir="1" index="1" bw="32" slack="0"/>
</pin_list>
<bind>
<opset="primal_da "/>
</bind>
</comp>

<comp id="1582" class="1005" name="dual_da_reg_1582">
<pin_list>
<pin id="1583" dir="0" index="0" bw="32" slack="0"/>
<pin id="1584" dir="1" index="1" bw="32" slack="0"/>
</pin_list>
<bind>
<opset="dual_da "/>
</bind>
</comp>

<comp id="1590" class="1005" name="znorm_da_reg_1590">
<pin_list>
<pin id="1591" dir="0" index="0" bw="31" slack="0"/>
<pin id="1592" dir="1" index="1" bw="31" slack="0"/>
</pin_list>
<bind>
<opset="znorm_da "/>
</bind>
</comp>

<comp id="1598" class="1005" name="lnorm_da_reg_1598">
<pin_list>
<pin id="1599" dir="0" index="0" bw="32" slack="0"/>
<pin id="1600" dir="1" index="1" bw="32" slack="0"/>
</pin_list>
<bind>
<opset="lnorm_da "/>
</bind>
</comp>

<comp id="1606" class="1005" name="k_9_reg_1606">
<pin_list>
<pin id="1607" dir="0" index="0" bw="5" slack="0"/>
<pin id="1608" dir="1" index="1" bw="5" slack="0"/>
</pin_list>
<bind>
<opset="k_9 "/>
</bind>
</comp>

<comp id="1613" class="1005" name="terminal_wall_x_ub_con_reload_read_reg_1613">
<pin_list>
<pin id="1614" dir="0" index="0" bw="32" slack="1"/>
<pin id="1615" dir="1" index="1" bw="32" slack="1"/>
</pin_list>
<bind>
<opset="terminal_wall_x_ub_con_reload_read "/>
</bind>
</comp>

<comp id="1618" class="1005" name="terminal_wall_x_lb_con_reload_read_reg_1618">
<pin_list>
<pin id="1619" dir="0" index="0" bw="32" slack="1"/>
<pin id="1620" dir="1" index="1" bw="32" slack="1"/>
</pin_list>
<bind>
<opset="terminal_wall_x_lb_con_reload_read "/>
</bind>
</comp>

<comp id="1623" class="1005" name="sext_ln1337_cast_reg_1623">
<pin_list>
<pin id="1624" dir="0" index="0" bw="50" slack="2"/>
<pin id="1625" dir="1" index="1" bw="50" slack="2"/>
</pin_list>
<bind>
<opset="sext_ln1337_cast "/>
</bind>
</comp>

<comp id="1631" class="1005" name="icmp_ln1337_reg_1631">
<pin_list>
<pin id="1632" dir="0" index="0" bw="1" slack="5"/>
<pin id="1633" dir="1" index="1" bw="1" slack="2147483647"/>
</pin_list>
<bind>
<opset="icmp_ln1337 "/>
</bind>
</comp>

<comp id="1635" class="1005" name="zext_ln1337_reg_1635">
<pin_list>
<pin id="1636" dir="0" index="0" bw="64" slack="1"/>
<pin id="1637" dir="1" index="1" bw="64" slack="1"/>
</pin_list>
<bind>
<opset="zext_ln1337 "/>
</bind>
</comp>

<comp id="1647" class="1005" name="sol_x_1_addr_reg_1647">
<pin_list>
<pin id="1648" dir="0" index="0" bw="5" slack="1"/>
<pin id="1649" dir="1" index="1" bw="5" slack="1"/>
</pin_list>
<bind>
<opset="sol_x_1_addr "/>
</bind>
</comp>

<comp id="1652" class="1005" name="sol_x_2_addr_reg_1652">
<pin_list>
<pin id="1653" dir="0" index="0" bw="5" slack="1"/>
<pin id="1654" dir="1" index="1" bw="5" slack="1"/>
</pin_list>
<bind>
<opset="sol_x_2_addr "/>
</bind>
</comp>

<comp id="1657" class="1005" name="sol_x_3_addr_reg_1657">
<pin_list>
<pin id="1658" dir="0" index="0" bw="5" slack="1"/>
<pin id="1659" dir="1" index="1" bw="5" slack="1"/>
</pin_list>
<bind>
<opset="sol_x_3_addr "/>
</bind>
</comp>

<comp id="1662" class="1005" name="sol_x_4_addr_reg_1662">
<pin_list>
<pin id="1663" dir="0" index="0" bw="5" slack="1"/>
<pin id="1664" dir="1" index="1" bw="5" slack="1"/>
</pin_list>
<bind>
<opset="sol_x_4_addr "/>
</bind>
</comp>

<comp id="1667" class="1005" name="sol_x_6_addr_reg_1667">
<pin_list>
<pin id="1668" dir="0" index="0" bw="5" slack="1"/>
<pin id="1669" dir="1" index="1" bw="5" slack="1"/>
</pin_list>
<bind>
<opset="sol_x_6_addr "/>
</bind>
</comp>

<comp id="1672" class="1005" name="sol_x_7_addr_reg_1672">
<pin_list>
<pin id="1673" dir="0" index="0" bw="5" slack="1"/>
<pin id="1674" dir="1" index="1" bw="5" slack="1"/>
</pin_list>
<bind>
<opset="sol_x_7_addr "/>
</bind>
</comp>

<comp id="1677" class="1005" name="sol_x_addr_reg_1677">
<pin_list>
<pin id="1678" dir="0" index="0" bw="5" slack="1"/>
<pin id="1679" dir="1" index="1" bw="5" slack="1"/>
</pin_list>
<bind>
<opset="sol_x_addr "/>
</bind>
</comp>

<comp id="1682" class="1005" name="sol_x_5_addr_reg_1682">
<pin_list>
<pin id="1683" dir="0" index="0" bw="5" slack="1"/>
<pin id="1684" dir="1" index="1" bw="5" slack="1"/>
</pin_list>
<bind>
<opset="sol_x_5_addr "/>
</bind>
</comp>

<comp id="1687" class="1005" name="icmp_ln1358_reg_1687">
<pin_list>
<pin id="1688" dir="0" index="0" bw="1" slack="1"/>
<pin id="1689" dir="1" index="1" bw="1" slack="1"/>
</pin_list>
<bind>
<opset="icmp_ln1358 "/>
</bind>
</comp>

<comp id="1693" class="1005" name="step_data_3_addr_reg_1693">
<pin_list>
<pin id="1694" dir="0" index="0" bw="5" slack="1"/>
<pin id="1695" dir="1" index="1" bw="5" slack="1"/>
</pin_list>
<bind>
<opset="step_data_3_addr "/>
</bind>
</comp>

<comp id="1698" class="1005" name="step_data_4_addr_reg_1698">
<pin_list>
<pin id="1699" dir="0" index="0" bw="5" slack="1"/>
<pin id="1700" dir="1" index="1" bw="5" slack="1"/>
</pin_list>
<bind>
<opset="step_data_4_addr "/>
</bind>
</comp>

<comp id="1703" class="1005" name="y_x_addr_reg_1703">
<pin_list>
<pin id="1704" dir="0" index="0" bw="5" slack="1"/>
<pin id="1705" dir="1" index="1" bw="5" slack="1"/>
</pin_list>
<bind>
<opset="y_x_addr "/>
</bind>
</comp>

<comp id="1709" class="1005" name="y_x_5_addr_reg_1709">
<pin_list>
<pin id="1710" dir="0" index="0" bw="5" slack="1"/>
<pin id="1711" dir="1" index="1" bw="5" slack="1"/>
</pin_list>
<bind>
<opset="y_x_5_addr "/>
</bind>
</comp>

<comp id="1715" class="1005" name="a_120_reg_1715">
<pin_list>
<pin id="1716" dir="0" index="0" bw="32" slack="1"/>
<pin id="1717" dir="1" index="1" bw="32" slack="1"/>
</pin_list>
<bind>
<opset="a_120 "/>
</bind>
</comp>

<comp id="1720" class="1005" name="a_121_reg_1720">
<pin_list>
<pin id="1721" dir="0" index="0" bw="32" slack="1"/>
<pin id="1722" dir="1" index="1" bw="32" slack="1"/>
</pin_list>
<bind>
<opset="a_121 "/>
</bind>
</comp>

<comp id="1725" class="1005" name="select_ln121_reg_1725">
<pin_list>
<pin id="1726" dir="0" index="0" bw="32" slack="1"/>
<pin id="1727" dir="1" index="1" bw="32" slack="1"/>
</pin_list>
<bind>
<opset="select_ln121 "/>
</bind>
</comp>

<comp id="1731" class="1005" name="select_ln121_1_reg_1731">
<pin_list>
<pin id="1732" dir="0" index="0" bw="32" slack="1"/>
<pin id="1733" dir="1" index="1" bw="32" slack="1"/>
</pin_list>
<bind>
<opset="select_ln121_1 "/>
</bind>
</comp>

<comp id="1737" class="1005" name="select_ln121_2_reg_1737">
<pin_list>
<pin id="1738" dir="0" index="0" bw="32" slack="1"/>
<pin id="1739" dir="1" index="1" bw="32" slack="1"/>
</pin_list>
<bind>
<opset="select_ln121_2 "/>
</bind>
</comp>

<comp id="1743" class="1005" name="select_ln121_3_reg_1743">
<pin_list>
<pin id="1744" dir="0" index="0" bw="32" slack="1"/>
<pin id="1745" dir="1" index="1" bw="32" slack="1"/>
</pin_list>
<bind>
<opset="select_ln121_3 "/>
</bind>
</comp>

<comp id="1749" class="1005" name="value_165_reg_1749">
<pin_list>
<pin id="1750" dir="0" index="0" bw="32" slack="1"/>
<pin id="1751" dir="1" index="1" bw="32" slack="1"/>
</pin_list>
<bind>
<opset="value_165 "/>
</bind>
</comp>

<comp id="1754" class="1005" name="z_x_addr_reg_1754">
<pin_list>
<pin id="1755" dir="0" index="0" bw="5" slack="1"/>
<pin id="1756" dir="1" index="1" bw="5" slack="1"/>
</pin_list>
<bind>
<opset="z_x_addr "/>
</bind>
</comp>

<comp id="1760" class="1005" name="val_reg_1760">
<pin_list>
<pin id="1761" dir="0" index="0" bw="32" slack="1"/>
<pin id="1762" dir="1" index="1" bw="32" slack="1"/>
</pin_list>
<bind>
<opset="val "/>
</bind>
</comp>

<comp id="1765" class="1005" name="val_13_reg_1765">
<pin_list>
<pin id="1766" dir="0" index="0" bw="32" slack="1"/>
<pin id="1767" dir="1" index="1" bw="32" slack="1"/>
</pin_list>
<bind>
<opset="val_13 "/>
</bind>
</comp>

<comp id="1770" class="1005" name="icmp_ln198_reg_1770">
<pin_list>
<pin id="1771" dir="0" index="0" bw="1" slack="1"/>
<pin id="1772" dir="1" index="1" bw="1" slack="1"/>
</pin_list>
<bind>
<opset="icmp_ln198 "/>
</bind>
</comp>

<comp id="1775" class="1005" name="z_x_5_addr_reg_1775">
<pin_list>
<pin id="1776" dir="0" index="0" bw="5" slack="1"/>
<pin id="1777" dir="1" index="1" bw="5" slack="1"/>
</pin_list>
<bind>
<opset="z_x_5_addr "/>
</bind>
</comp>

<comp id="1781" class="1005" name="val_19_reg_1781">
<pin_list>
<pin id="1782" dir="0" index="0" bw="32" slack="1"/>
<pin id="1783" dir="1" index="1" bw="32" slack="1"/>
</pin_list>
<bind>
<opset="val_19 "/>
</bind>
</comp>

<comp id="1786" class="1005" name="trunc_ln198_reg_1786">
<pin_list>
<pin id="1787" dir="0" index="0" bw="18" slack="1"/>
<pin id="1788" dir="1" index="1" bw="18" slack="1"/>
</pin_list>
<bind>
<opset="trunc_ln198 "/>
</bind>
</comp>

<comp id="1791" class="1005" name="icmp_ln198_1_reg_1791">
<pin_list>
<pin id="1792" dir="0" index="0" bw="1" slack="1"/>
<pin id="1793" dir="1" index="1" bw="1" slack="1"/>
</pin_list>
<bind>
<opset="icmp_ln198_1 "/>
</bind>
</comp>

<comp id="1796" class="1005" name="select_ln121_4_reg_1796">
<pin_list>
<pin id="1797" dir="0" index="0" bw="32" slack="1"/>
<pin id="1798" dir="1" index="1" bw="32" slack="1"/>
</pin_list>
<bind>
<opset="select_ln121_4 "/>
</bind>
</comp>

<comp id="1802" class="1005" name="select_ln121_5_reg_1802">
<pin_list>
<pin id="1803" dir="0" index="0" bw="32" slack="1"/>
<pin id="1804" dir="1" index="1" bw="32" slack="1"/>
</pin_list>
<bind>
<opset="select_ln121_5 "/>
</bind>
</comp>

<comp id="1808" class="1005" name="sext_ln159_reg_1808">
<pin_list>
<pin id="1809" dir="0" index="0" bw="50" slack="1"/>
<pin id="1810" dir="1" index="1" bw="50" slack="1"/>
</pin_list>
<bind>
<opset="sext_ln159 "/>
</bind>
</comp>

<comp id="1813" class="1005" name="a_113_reg_1813">
<pin_list>
<pin id="1814" dir="0" index="0" bw="32" slack="1"/>
<pin id="1815" dir="1" index="1" bw="32" slack="1"/>
</pin_list>
<bind>
<opset="a_113 "/>
</bind>
</comp>

<comp id="1819" class="1005" name="tmp_30_reg_1819">
<pin_list>
<pin id="1820" dir="0" index="0" bw="1" slack="1"/>
<pin id="1821" dir="1" index="1" bw="1" slack="1"/>
</pin_list>
<bind>
<opset="tmp_30 "/>
</bind>
</comp>

<comp id="1824" class="1005" name="sext_ln159_28_reg_1824">
<pin_list>
<pin id="1825" dir="0" index="0" bw="50" slack="1"/>
<pin id="1826" dir="1" index="1" bw="50" slack="1"/>
</pin_list>
<bind>
<opset="sext_ln159_28 "/>
</bind>
</comp>

<comp id="1829" class="1005" name="a_reg_1829">
<pin_list>
<pin id="1830" dir="0" index="0" bw="32" slack="1"/>
<pin id="1831" dir="1" index="1" bw="32" slack="1"/>
</pin_list>
<bind>
<opset="a "/>
</bind>
</comp>

<comp id="1835" class="1005" name="tmp_33_reg_1835">
<pin_list>
<pin id="1836" dir="0" index="0" bw="1" slack="1"/>
<pin id="1837" dir="1" index="1" bw="1" slack="1"/>
</pin_list>
<bind>
<opset="tmp_33 "/>
</bind>
</comp>

<comp id="1840" class="1005" name="sext_ln159_29_reg_1840">
<pin_list>
<pin id="1841" dir="0" index="0" bw="50" slack="1"/>
<pin id="1842" dir="1" index="1" bw="50" slack="1"/>
</pin_list>
<bind>
<opset="sext_ln159_29 "/>
</bind>
</comp>

<comp id="1845" class="1005" name="sext_ln159_30_reg_1845">
<pin_list>
<pin id="1846" dir="0" index="0" bw="50" slack="1"/>
<pin id="1847" dir="1" index="1" bw="50" slack="1"/>
</pin_list>
<bind>
<opset="sext_ln159_30 "/>
</bind>
</comp>

<comp id="1850" class="1005" name="dd_6_reg_1850">
<pin_list>
<pin id="1851" dir="0" index="0" bw="32" slack="1"/>
<pin id="1852" dir="1" index="1" bw="32" slack="1"/>
</pin_list>
<bind>
<opset="dd_6 "/>
</bind>
</comp>

<comp id="1856" class="1005" name="abs_l_10_reg_1856">
<pin_list>
<pin id="1857" dir="0" index="0" bw="32" slack="1"/>
<pin id="1858" dir="1" index="1" bw="32" slack="1"/>
</pin_list>
<bind>
<opset="abs_l_10 "/>
</bind>
</comp>

<comp id="1862" class="1005" name="abs_l_12_reg_1862">
<pin_list>
<pin id="1863" dir="0" index="0" bw="32" slack="1"/>
<pin id="1864" dir="1" index="1" bw="32" slack="1"/>
</pin_list>
<bind>
<opset="abs_l_12 "/>
</bind>
</comp>

<comp id="1868" class="1005" name="dd_10_reg_1868">
<pin_list>
<pin id="1869" dir="0" index="0" bw="32" slack="1"/>
<pin id="1870" dir="1" index="1" bw="32" slack="1"/>
</pin_list>
<bind>
<opset="dd_10 "/>
</bind>
</comp>

</comp_list>

<net_list>
<net id="153"><net_src comp="64" pin="0"/><net_sink comp="150" pin=0"/></net>

<net id="157"><net_src comp="64" pin="0"/><net_sink comp="154" pin=0"/></net>

<net id="161"><net_src comp="64" pin="0"/><net_sink comp="158" pin=0"/></net>

<net id="165"><net_src comp="64" pin="0"/><net_sink comp="162" pin=0"/></net>

<net id="169"><net_src comp="64" pin="0"/><net_sink comp="166" pin=0"/></net>

<net id="173"><net_src comp="64" pin="0"/><net_sink comp="170" pin=0"/></net>

<net id="177"><net_src comp="64" pin="0"/><net_sink comp="174" pin=0"/></net>

<net id="181"><net_src comp="64" pin="0"/><net_sink comp="178" pin=0"/></net>

<net id="185"><net_src comp="64" pin="0"/><net_sink comp="182" pin=0"/></net>

<net id="189"><net_src comp="64" pin="0"/><net_sink comp="186" pin=0"/></net>

<net id="194"><net_src comp="66" pin="0"/><net_sink comp="190" pin=0"/></net>

<net id="195"><net_src comp="44" pin="0"/><net_sink comp="190" pin=1"/></net>

<net id="200"><net_src comp="66" pin="0"/><net_sink comp="196" pin=0"/></net>

<net id="201"><net_src comp="42" pin="0"/><net_sink comp="196" pin=1"/></net>

<net id="206"><net_src comp="66" pin="0"/><net_sink comp="202" pin=0"/></net>

<net id="207"><net_src comp="40" pin="0"/><net_sink comp="202" pin=1"/></net>

<net id="213"><net_src comp="146" pin="0"/><net_sink comp="208" pin=0"/></net>

<net id="214"><net_src comp="46" pin="0"/><net_sink comp="208" pin=1"/></net>

<net id="220"><net_src comp="148" pin="0"/><net_sink comp="215" pin=0"/></net>

<net id="221"><net_src comp="48" pin="0"/><net_sink comp="215" pin=1"/></net>

<net id="227"><net_src comp="146" pin="0"/><net_sink comp="222" pin=0"/></net>

<net id="228"><net_src comp="50" pin="0"/><net_sink comp="222" pin=1"/></net>

<net id="234"><net_src comp="146" pin="0"/><net_sink comp="229" pin=0"/></net>

<net id="235"><net_src comp="52" pin="0"/><net_sink comp="229" pin=1"/></net>

<net id="241"><net_src comp="146" pin="0"/><net_sink comp="236" pin=0"/></net>

<net id="242"><net_src comp="54" pin="0"/><net_sink comp="236" pin=1"/></net>

<net id="248"><net_src comp="146" pin="0"/><net_sink comp="243" pin=0"/></net>

<net id="249"><net_src comp="56" pin="0"/><net_sink comp="243" pin=1"/></net>

<net id="255"><net_src comp="146" pin="0"/><net_sink comp="250" pin=0"/></net>

<net id="256"><net_src comp="58" pin="0"/><net_sink comp="250" pin=1"/></net>

<net id="262"><net_src comp="146" pin="0"/><net_sink comp="257" pin=0"/></net>

<net id="263"><net_src comp="60" pin="0"/><net_sink comp="257" pin=1"/></net>

<net id="269"><net_src comp="146" pin="0"/><net_sink comp="264" pin=0"/></net>

<net id="270"><net_src comp="62" pin="0"/><net_sink comp="264" pin=1"/></net>

<net id="276"><net_src comp="20" pin="0"/><net_sink comp="271" pin=0"/></net>

<net id="277"><net_src comp="90" pin="0"/><net_sink comp="271" pin=1"/></net>

<net id="283"><net_src comp="271" pin="3"/><net_sink comp="278" pin=0"/></net>

<net id="289"><net_src comp="22" pin="0"/><net_sink comp="284" pin=0"/></net>

<net id="290"><net_src comp="90" pin="0"/><net_sink comp="284" pin=1"/></net>

<net id="296"><net_src comp="24" pin="0"/><net_sink comp="291" pin=0"/></net>

<net id="297"><net_src comp="90" pin="0"/><net_sink comp="291" pin=1"/></net>

<net id="303"><net_src comp="26" pin="0"/><net_sink comp="298" pin=0"/></net>

<net id="304"><net_src comp="90" pin="0"/><net_sink comp="298" pin=1"/></net>

<net id="310"><net_src comp="28" pin="0"/><net_sink comp="305" pin=0"/></net>

<net id="311"><net_src comp="90" pin="0"/><net_sink comp="305" pin=1"/></net>

<net id="317"><net_src comp="30" pin="0"/><net_sink comp="312" pin=0"/></net>

<net id="318"><net_src comp="90" pin="0"/><net_sink comp="312" pin=1"/></net>

<net id="324"><net_src comp="32" pin="0"/><net_sink comp="319" pin=0"/></net>

<net id="325"><net_src comp="90" pin="0"/><net_sink comp="319" pin=1"/></net>

<net id="331"><net_src comp="34" pin="0"/><net_sink comp="326" pin=0"/></net>

<net id="332"><net_src comp="90" pin="0"/><net_sink comp="326" pin=1"/></net>

<net id="338"><net_src comp="284" pin="3"/><net_sink comp="333" pin=0"/></net>

<net id="344"><net_src comp="291" pin="3"/><net_sink comp="339" pin=0"/></net>

<net id="350"><net_src comp="298" pin="3"/><net_sink comp="345" pin=0"/></net>

<net id="356"><net_src comp="305" pin="3"/><net_sink comp="351" pin=0"/></net>

<net id="362"><net_src comp="312" pin="3"/><net_sink comp="357" pin=0"/></net>

<net id="368"><net_src comp="319" pin="3"/><net_sink comp="363" pin=0"/></net>

<net id="374"><net_src comp="326" pin="3"/><net_sink comp="369" pin=0"/></net>

<net id="380"><net_src comp="36" pin="0"/><net_sink comp="375" pin=0"/></net>

<net id="381"><net_src comp="90" pin="0"/><net_sink comp="375" pin=1"/></net>

<net id="387"><net_src comp="375" pin="3"/><net_sink comp="382" pin=0"/></net>

<net id="393"><net_src comp="38" pin="0"/><net_sink comp="388" pin=0"/></net>

<net id="394"><net_src comp="90" pin="0"/><net_sink comp="388" pin=1"/></net>

<net id="400"><net_src comp="388" pin="3"/><net_sink comp="395" pin=0"/></net>

<net id="406"><net_src comp="2" pin="0"/><net_sink comp="401" pin=0"/></net>

<net id="407"><net_src comp="90" pin="0"/><net_sink comp="401" pin=1"/></net>

<net id="413"><net_src comp="401" pin="3"/><net_sink comp="408" pin=0"/></net>

<net id="419"><net_src comp="0" pin="0"/><net_sink comp="414" pin=0"/></net>

<net id="420"><net_src comp="90" pin="0"/><net_sink comp="414" pin=1"/></net>

<net id="426"><net_src comp="414" pin="3"/><net_sink comp="421" pin=0"/></net>

<net id="432"><net_src comp="16" pin="0"/><net_sink comp="427" pin=0"/></net>

<net id="433"><net_src comp="90" pin="0"/><net_sink comp="427" pin=1"/></net>

<net id="439"><net_src comp="14" pin="0"/><net_sink comp="434" pin=0"/></net>

<net id="440"><net_src comp="90" pin="0"/><net_sink comp="434" pin=1"/></net>

<net id="446"><net_src comp="12" pin="0"/><net_sink comp="441" pin=0"/></net>

<net id="447"><net_src comp="90" pin="0"/><net_sink comp="441" pin=1"/></net>

<net id="453"><net_src comp="10" pin="0"/><net_sink comp="448" pin=0"/></net>

<net id="454"><net_src comp="90" pin="0"/><net_sink comp="448" pin=1"/></net>

<net id="460"><net_src comp="6" pin="0"/><net_sink comp="455" pin=0"/></net>

<net id="461"><net_src comp="90" pin="0"/><net_sink comp="455" pin=1"/></net>

<net id="467"><net_src comp="4" pin="0"/><net_sink comp="462" pin=0"/></net>

<net id="468"><net_src comp="90" pin="0"/><net_sink comp="462" pin=1"/></net>

<net id="478"><net_src comp="278" pin="3"/><net_sink comp="469" pin=4"/></net>

<net id="479"><net_src comp="427" pin="3"/><net_sink comp="469" pin=2"/></net>

<net id="489"><net_src comp="333" pin="3"/><net_sink comp="480" pin=4"/></net>

<net id="490"><net_src comp="434" pin="3"/><net_sink comp="480" pin=2"/></net>

<net id="500"><net_src comp="339" pin="3"/><net_sink comp="491" pin=4"/></net>

<net id="501"><net_src comp="441" pin="3"/><net_sink comp="491" pin=2"/></net>

<net id="511"><net_src comp="345" pin="3"/><net_sink comp="502" pin=4"/></net>

<net id="512"><net_src comp="448" pin="3"/><net_sink comp="502" pin=2"/></net>

<net id="522"><net_src comp="351" pin="3"/><net_sink comp="513" pin=4"/></net>

<net id="523"><net_src comp="455" pin="3"/><net_sink comp="513" pin=2"/></net>

<net id="533"><net_src comp="357" pin="3"/><net_sink comp="524" pin=4"/></net>

<net id="534"><net_src comp="462" pin="3"/><net_sink comp="524" pin=2"/></net>

<net id="540"><net_src comp="18" pin="0"/><net_sink comp="535" pin=0"/></net>

<net id="541"><net_src comp="90" pin="0"/><net_sink comp="535" pin=1"/></net>

<net id="547"><net_src comp="535" pin="3"/><net_sink comp="542" pin=0"/></net>

<net id="553"><net_src comp="8" pin="0"/><net_sink comp="548" pin=0"/></net>

<net id="554"><net_src comp="90" pin="0"/><net_sink comp="548" pin=1"/></net>

<net id="560"><net_src comp="548" pin="3"/><net_sink comp="555" pin=0"/></net>

<net id="596"><net_src comp="190" pin="2"/><net_sink comp="593" pin=0"/></net>

<net id="601"><net_src comp="80" pin="0"/><net_sink comp="597" pin=0"/></net>

<net id="606"><net_src comp="82" pin="0"/><net_sink comp="602" pin=0"/></net>

<net id="611"><net_src comp="84" pin="0"/><net_sink comp="607" pin=0"/></net>

<net id="616"><net_src comp="82" pin="0"/><net_sink comp="612" pin=0"/></net>

<net id="621"><net_src comp="82" pin="0"/><net_sink comp="617" pin=0"/></net>

<net id="626"><net_src comp="82" pin="0"/><net_sink comp="622" pin=0"/></net>

<net id="631"><net_src comp="82" pin="0"/><net_sink comp="627" pin=0"/></net>

<net id="636"><net_src comp="82" pin="0"/><net_sink comp="632" pin=0"/></net>

<net id="641"><net_src comp="82" pin="0"/><net_sink comp="637" pin=0"/></net>

<net id="646"><net_src comp="82" pin="0"/><net_sink comp="642" pin=0"/></net>

<net id="654"><net_src comp="647" pin="1"/><net_sink comp="650" pin=0"/></net>

<net id="655"><net_src comp="86" pin="0"/><net_sink comp="650" pin=1"/></net>

<net id="660"><net_src comp="647" pin="1"/><net_sink comp="656" pin=0"/></net>

<net id="661"><net_src comp="88" pin="0"/><net_sink comp="656" pin=1"/></net>

<net id="665"><net_src comp="647" pin="1"/><net_sink comp="662" pin=0"/></net>

<net id="666"><net_src comp="662" pin="1"/><net_sink comp="271" pin=2"/></net>

<net id="667"><net_src comp="662" pin="1"/><net_sink comp="284" pin=2"/></net>

<net id="668"><net_src comp="662" pin="1"/><net_sink comp="291" pin=2"/></net>

<net id="669"><net_src comp="662" pin="1"/><net_sink comp="298" pin=2"/></net>

<net id="670"><net_src comp="662" pin="1"/><net_sink comp="305" pin=2"/></net>

<net id="671"><net_src comp="662" pin="1"/><net_sink comp="312" pin=2"/></net>

<net id="672"><net_src comp="662" pin="1"/><net_sink comp="319" pin=2"/></net>

<net id="673"><net_src comp="662" pin="1"/><net_sink comp="326" pin=2"/></net>

<net id="674"><net_src comp="662" pin="1"/><net_sink comp="375" pin=2"/></net>

<net id="675"><net_src comp="662" pin="1"/><net_sink comp="388" pin=2"/></net>

<net id="676"><net_src comp="662" pin="1"/><net_sink comp="401" pin=2"/></net>

<net id="677"><net_src comp="662" pin="1"/><net_sink comp="414" pin=2"/></net>

<net id="682"><net_src comp="647" pin="1"/><net_sink comp="678" pin=0"/></net>

<net id="683"><net_src comp="92" pin="0"/><net_sink comp="678" pin=1"/></net>

<net id="688"><net_src comp="656" pin="2"/><net_sink comp="684" pin=0"/></net>

<net id="694"><net_src comp="94" pin="0"/><net_sink comp="689" pin=0"/></net>

<net id="695"><net_src comp="363" pin="3"/><net_sink comp="689" pin=1"/></net>

<net id="696"><net_src comp="96" pin="0"/><net_sink comp="689" pin=2"/></net>

<net id="701"><net_src comp="82" pin="0"/><net_sink comp="697" pin=0"/></net>

<net id="702"><net_src comp="363" pin="3"/><net_sink comp="697" pin=1"/></net>

<net id="708"><net_src comp="689" pin="3"/><net_sink comp="703" pin=0"/></net>

<net id="709"><net_src comp="697" pin="2"/><net_sink comp="703" pin=1"/></net>

<net id="710"><net_src comp="363" pin="3"/><net_sink comp="703" pin=2"/></net>

<net id="716"><net_src comp="94" pin="0"/><net_sink comp="711" pin=0"/></net>

<net id="717"><net_src comp="278" pin="3"/><net_sink comp="711" pin=1"/></net>

<net id="718"><net_src comp="96" pin="0"/><net_sink comp="711" pin=2"/></net>

<net id="723"><net_src comp="82" pin="0"/><net_sink comp="719" pin=0"/></net>

<net id="724"><net_src comp="278" pin="3"/><net_sink comp="719" pin=1"/></net>

<net id="730"><net_src comp="711" pin="3"/><net_sink comp="725" pin=0"/></net>

<net id="731"><net_src comp="719" pin="2"/><net_sink comp="725" pin=1"/></net>

<net id="732"><net_src comp="278" pin="3"/><net_sink comp="725" pin=2"/></net>

<net id="737"><net_src comp="703" pin="3"/><net_sink comp="733" pin=0"/></net>

<net id="738"><net_src comp="725" pin="3"/><net_sink comp="733" pin=1"/></net>

<net id="744"><net_src comp="733" pin="2"/><net_sink comp="739" pin=0"/></net>

<net id="745"><net_src comp="703" pin="3"/><net_sink comp="739" pin=1"/></net>

<net id="746"><net_src comp="725" pin="3"/><net_sink comp="739" pin=2"/></net>

<net id="752"><net_src comp="94" pin="0"/><net_sink comp="747" pin=0"/></net>

<net id="753"><net_src comp="333" pin="3"/><net_sink comp="747" pin=1"/></net>

<net id="754"><net_src comp="96" pin="0"/><net_sink comp="747" pin=2"/></net>

<net id="759"><net_src comp="82" pin="0"/><net_sink comp="755" pin=0"/></net>

<net id="760"><net_src comp="333" pin="3"/><net_sink comp="755" pin=1"/></net>

<net id="766"><net_src comp="747" pin="3"/><net_sink comp="761" pin=0"/></net>

<net id="767"><net_src comp="755" pin="2"/><net_sink comp="761" pin=1"/></net>

<net id="768"><net_src comp="333" pin="3"/><net_sink comp="761" pin=2"/></net>

<net id="774"><net_src comp="94" pin="0"/><net_sink comp="769" pin=0"/></net>

<net id="775"><net_src comp="339" pin="3"/><net_sink comp="769" pin=1"/></net>

<net id="776"><net_src comp="96" pin="0"/><net_sink comp="769" pin=2"/></net>

<net id="781"><net_src comp="82" pin="0"/><net_sink comp="777" pin=0"/></net>

<net id="782"><net_src comp="339" pin="3"/><net_sink comp="777" pin=1"/></net>

<net id="788"><net_src comp="769" pin="3"/><net_sink comp="783" pin=0"/></net>

<net id="789"><net_src comp="777" pin="2"/><net_sink comp="783" pin=1"/></net>

<net id="790"><net_src comp="339" pin="3"/><net_sink comp="783" pin=2"/></net>

<net id="795"><net_src comp="761" pin="3"/><net_sink comp="791" pin=0"/></net>

<net id="796"><net_src comp="783" pin="3"/><net_sink comp="791" pin=1"/></net>

<net id="802"><net_src comp="791" pin="2"/><net_sink comp="797" pin=0"/></net>

<net id="803"><net_src comp="761" pin="3"/><net_sink comp="797" pin=1"/></net>

<net id="804"><net_src comp="783" pin="3"/><net_sink comp="797" pin=2"/></net>

<net id="810"><net_src comp="94" pin="0"/><net_sink comp="805" pin=0"/></net>

<net id="811"><net_src comp="345" pin="3"/><net_sink comp="805" pin=1"/></net>

<net id="812"><net_src comp="96" pin="0"/><net_sink comp="805" pin=2"/></net>

<net id="817"><net_src comp="82" pin="0"/><net_sink comp="813" pin=0"/></net>

<net id="818"><net_src comp="345" pin="3"/><net_sink comp="813" pin=1"/></net>

<net id="824"><net_src comp="805" pin="3"/><net_sink comp="819" pin=0"/></net>

<net id="825"><net_src comp="813" pin="2"/><net_sink comp="819" pin=1"/></net>

<net id="826"><net_src comp="345" pin="3"/><net_sink comp="819" pin=2"/></net>

<net id="832"><net_src comp="94" pin="0"/><net_sink comp="827" pin=0"/></net>

<net id="833"><net_src comp="369" pin="3"/><net_sink comp="827" pin=1"/></net>

<net id="834"><net_src comp="96" pin="0"/><net_sink comp="827" pin=2"/></net>

<net id="839"><net_src comp="82" pin="0"/><net_sink comp="835" pin=0"/></net>

<net id="840"><net_src comp="369" pin="3"/><net_sink comp="835" pin=1"/></net>

<net id="846"><net_src comp="827" pin="3"/><net_sink comp="841" pin=0"/></net>

<net id="847"><net_src comp="835" pin="2"/><net_sink comp="841" pin=1"/></net>

<net id="848"><net_src comp="369" pin="3"/><net_sink comp="841" pin=2"/></net>

<net id="853"><net_src comp="819" pin="3"/><net_sink comp="849" pin=0"/></net>

<net id="854"><net_src comp="841" pin="3"/><net_sink comp="849" pin=1"/></net>

<net id="860"><net_src comp="849" pin="2"/><net_sink comp="855" pin=0"/></net>

<net id="861"><net_src comp="819" pin="3"/><net_sink comp="855" pin=1"/></net>

<net id="862"><net_src comp="841" pin="3"/><net_sink comp="855" pin=2"/></net>

<net id="868"><net_src comp="94" pin="0"/><net_sink comp="863" pin=0"/></net>

<net id="869"><net_src comp="351" pin="3"/><net_sink comp="863" pin=1"/></net>

<net id="870"><net_src comp="96" pin="0"/><net_sink comp="863" pin=2"/></net>

<net id="875"><net_src comp="82" pin="0"/><net_sink comp="871" pin=0"/></net>

<net id="876"><net_src comp="351" pin="3"/><net_sink comp="871" pin=1"/></net>

<net id="882"><net_src comp="863" pin="3"/><net_sink comp="877" pin=0"/></net>

<net id="883"><net_src comp="871" pin="2"/><net_sink comp="877" pin=1"/></net>

<net id="884"><net_src comp="351" pin="3"/><net_sink comp="877" pin=2"/></net>

<net id="890"><net_src comp="94" pin="0"/><net_sink comp="885" pin=0"/></net>

<net id="891"><net_src comp="357" pin="3"/><net_sink comp="885" pin=1"/></net>

<net id="892"><net_src comp="96" pin="0"/><net_sink comp="885" pin=2"/></net>

<net id="897"><net_src comp="82" pin="0"/><net_sink comp="893" pin=0"/></net>

<net id="898"><net_src comp="357" pin="3"/><net_sink comp="893" pin=1"/></net>

<net id="904"><net_src comp="885" pin="3"/><net_sink comp="899" pin=0"/></net>

<net id="905"><net_src comp="893" pin="2"/><net_sink comp="899" pin=1"/></net>

<net id="906"><net_src comp="357" pin="3"/><net_sink comp="899" pin=2"/></net>

<net id="911"><net_src comp="877" pin="3"/><net_sink comp="907" pin=0"/></net>

<net id="912"><net_src comp="899" pin="3"/><net_sink comp="907" pin=1"/></net>

<net id="918"><net_src comp="907" pin="2"/><net_sink comp="913" pin=0"/></net>

<net id="919"><net_src comp="877" pin="3"/><net_sink comp="913" pin=1"/></net>

<net id="920"><net_src comp="899" pin="3"/><net_sink comp="913" pin=2"/></net>

<net id="926"><net_src comp="382" pin="3"/><net_sink comp="921" pin=1"/></net>

<net id="932"><net_src comp="395" pin="3"/><net_sink comp="927" pin=1"/></net>

<net id="937"><net_src comp="408" pin="3"/><net_sink comp="933" pin=0"/></net>

<net id="938"><net_src comp="363" pin="3"/><net_sink comp="933" pin=1"/></net>

<net id="943"><net_src comp="933" pin="2"/><net_sink comp="939" pin=0"/></net>

<net id="944"><net_src comp="921" pin="3"/><net_sink comp="939" pin=1"/></net>

<net id="950"><net_src comp="939" pin="2"/><net_sink comp="945" pin=0"/></net>

<net id="951"><net_src comp="921" pin="3"/><net_sink comp="945" pin=1"/></net>

<net id="952"><net_src comp="933" pin="2"/><net_sink comp="945" pin=2"/></net>

<net id="957"><net_src comp="945" pin="3"/><net_sink comp="953" pin=0"/></net>

<net id="958"><net_src comp="927" pin="3"/><net_sink comp="953" pin=1"/></net>

<net id="963"><net_src comp="421" pin="3"/><net_sink comp="959" pin=0"/></net>

<net id="964"><net_src comp="369" pin="3"/><net_sink comp="959" pin=1"/></net>

<net id="969"><net_src comp="959" pin="2"/><net_sink comp="965" pin=0"/></net>

<net id="970"><net_src comp="98" pin="0"/><net_sink comp="965" pin=1"/></net>

<net id="976"><net_src comp="965" pin="2"/><net_sink comp="971" pin=0"/></net>

<net id="977"><net_src comp="98" pin="0"/><net_sink comp="971" pin=1"/></net>

<net id="978"><net_src comp="959" pin="2"/><net_sink comp="971" pin=2"/></net>

<net id="982"><net_src comp="971" pin="3"/><net_sink comp="979" pin=0"/></net>

<net id="987"><net_src comp="971" pin="3"/><net_sink comp="983" pin=0"/></net>

<net id="988"><net_src comp="100" pin="0"/><net_sink comp="983" pin=1"/></net>

<net id="1004"><net_src comp="995" pin="2"/><net_sink comp="999" pin=0"/></net>

<net id="1014"><net_src comp="1005" pin="2"/><net_sink comp="1009" pin=0"/></net>

<net id="1020"><net_src comp="1015" pin="3"/><net_sink comp="542" pin=4"/></net>

<net id="1025"><net_src comp="1015" pin="3"/><net_sink comp="1021" pin=0"/></net>

<net id="1026"><net_src comp="542" pin="3"/><net_sink comp="1021" pin=1"/></net>

<net id="1030"><net_src comp="1021" pin="2"/><net_sink comp="1027" pin=0"/></net>

<net id="1031"><net_src comp="1027" pin="1"/><net_sink comp="577" pin=0"/></net>

<net id="1036"><net_src comp="1015" pin="3"/><net_sink comp="1032" pin=1"/></net>

<net id="1037"><net_src comp="1032" pin="2"/><net_sink comp="408" pin=4"/></net>

<net id="1042"><net_src comp="1015" pin="3"/><net_sink comp="1038" pin=1"/></net>

<net id="1048"><net_src comp="94" pin="0"/><net_sink comp="1043" pin=0"/></net>

<net id="1049"><net_src comp="1038" pin="2"/><net_sink comp="1043" pin=1"/></net>

<net id="1050"><net_src comp="96" pin="0"/><net_sink comp="1043" pin=2"/></net>

<net id="1056"><net_src comp="94" pin="0"/><net_sink comp="1051" pin=0"/></net>

<net id="1057"><net_src comp="1015" pin="3"/><net_sink comp="1051" pin=1"/></net>

<net id="1058"><net_src comp="96" pin="0"/><net_sink comp="1051" pin=2"/></net>

<net id="1063"><net_src comp="82" pin="0"/><net_sink comp="1059" pin=0"/></net>

<net id="1064"><net_src comp="1015" pin="3"/><net_sink comp="1059" pin=1"/></net>

<net id="1070"><net_src comp="1051" pin="3"/><net_sink comp="1065" pin=0"/></net>

<net id="1071"><net_src comp="1059" pin="2"/><net_sink comp="1065" pin=1"/></net>

<net id="1072"><net_src comp="1015" pin="3"/><net_sink comp="1065" pin=2"/></net>

<net id="1076"><net_src comp="1032" pin="2"/><net_sink comp="1073" pin=0"/></net>

<net id="1077"><net_src comp="1073" pin="1"/><net_sink comp="581" pin=0"/></net>

<net id="1082"><net_src comp="1065" pin="3"/><net_sink comp="1078" pin=0"/></net>

<net id="1083"><net_src comp="989" pin="1"/><net_sink comp="1078" pin=1"/></net>

<net id="1089"><net_src comp="1078" pin="2"/><net_sink comp="1084" pin=0"/></net>

<net id="1090"><net_src comp="1065" pin="3"/><net_sink comp="1084" pin=1"/></net>

<net id="1091"><net_src comp="989" pin="1"/><net_sink comp="1084" pin=2"/></net>

<net id="1097"><net_src comp="102" pin="0"/><net_sink comp="1092" pin=1"/></net>

<net id="1101"><net_src comp="1092" pin="3"/><net_sink comp="1098" pin=0"/></net>

<net id="1102"><net_src comp="1098" pin="1"/><net_sink comp="555" pin=4"/></net>

<net id="1106"><net_src comp="1092" pin="3"/><net_sink comp="1103" pin=0"/></net>

<net id="1111"><net_src comp="1098" pin="1"/><net_sink comp="1107" pin=1"/></net>

<net id="1112"><net_src comp="1107" pin="2"/><net_sink comp="421" pin=4"/></net>

<net id="1117"><net_src comp="1098" pin="1"/><net_sink comp="1113" pin=1"/></net>

<net id="1123"><net_src comp="94" pin="0"/><net_sink comp="1118" pin=0"/></net>

<net id="1124"><net_src comp="1113" pin="2"/><net_sink comp="1118" pin=1"/></net>

<net id="1125"><net_src comp="96" pin="0"/><net_sink comp="1118" pin=2"/></net>

<net id="1131"><net_src comp="104" pin="0"/><net_sink comp="1126" pin=0"/></net>

<net id="1132"><net_src comp="1092" pin="3"/><net_sink comp="1126" pin=1"/></net>

<net id="1133"><net_src comp="106" pin="0"/><net_sink comp="1126" pin=2"/></net>

<net id="1138"><net_src comp="108" pin="0"/><net_sink comp="1134" pin=0"/></net>

<net id="1139"><net_src comp="1103" pin="1"/><net_sink comp="1134" pin=1"/></net>

<net id="1145"><net_src comp="1126" pin="3"/><net_sink comp="1140" pin=0"/></net>

<net id="1146"><net_src comp="1134" pin="2"/><net_sink comp="1140" pin=1"/></net>

<net id="1147"><net_src comp="1103" pin="1"/><net_sink comp="1140" pin=2"/></net>

<net id="1151"><net_src comp="1140" pin="3"/><net_sink comp="1148" pin=0"/></net>

<net id="1155"><net_src comp="1107" pin="2"/><net_sink comp="1152" pin=0"/></net>

<net id="1156"><net_src comp="1152" pin="1"/><net_sink comp="585" pin=0"/></net>

<net id="1161"><net_src comp="1148" pin="1"/><net_sink comp="1157" pin=0"/></net>

<net id="1162"><net_src comp="992" pin="1"/><net_sink comp="1157" pin=1"/></net>

<net id="1168"><net_src comp="1157" pin="2"/><net_sink comp="1163" pin=0"/></net>

<net id="1169"><net_src comp="1148" pin="1"/><net_sink comp="1163" pin=1"/></net>

<net id="1170"><net_src comp="992" pin="1"/><net_sink comp="1163" pin=2"/></net>

<net id="1175"><net_src comp="1098" pin="1"/><net_sink comp="1171" pin=0"/></net>

<net id="1176"><net_src comp="555" pin="3"/><net_sink comp="1171" pin=1"/></net>

<net id="1180"><net_src comp="1171" pin="2"/><net_sink comp="1177" pin=0"/></net>

<net id="1181"><net_src comp="1177" pin="1"/><net_sink comp="589" pin=0"/></net>

<net id="1186"><net_src comp="1163" pin="3"/><net_sink comp="1182" pin=0"/></net>

<net id="1191"><net_src comp="1084" pin="3"/><net_sink comp="1187" pin=0"/></net>

<net id="1210"><net_src comp="1201" pin="2"/><net_sink comp="1205" pin=0"/></net>

<net id="1215"><net_src comp="1205" pin="3"/><net_sink comp="1211" pin=0"/></net>

<net id="1216"><net_src comp="1192" pin="1"/><net_sink comp="1211" pin=1"/></net>

<net id="1222"><net_src comp="1211" pin="2"/><net_sink comp="1217" pin=0"/></net>

<net id="1223"><net_src comp="1205" pin="3"/><net_sink comp="1217" pin=1"/></net>

<net id="1224"><net_src comp="1192" pin="1"/><net_sink comp="1217" pin=2"/></net>

<net id="1229"><net_src comp="82" pin="0"/><net_sink comp="1225" pin=0"/></net>

<net id="1235"><net_src comp="1225" pin="2"/><net_sink comp="1230" pin=1"/></net>

<net id="1240"><net_src comp="1230" pin="3"/><net_sink comp="1236" pin=0"/></net>

<net id="1241"><net_src comp="1195" pin="1"/><net_sink comp="1236" pin=1"/></net>

<net id="1247"><net_src comp="1236" pin="2"/><net_sink comp="1242" pin=0"/></net>

<net id="1248"><net_src comp="1230" pin="3"/><net_sink comp="1242" pin=1"/></net>

<net id="1249"><net_src comp="1195" pin="1"/><net_sink comp="1242" pin=2"/></net>

<net id="1254"><net_src comp="82" pin="0"/><net_sink comp="1250" pin=0"/></net>

<net id="1260"><net_src comp="1250" pin="2"/><net_sink comp="1255" pin=1"/></net>

<net id="1265"><net_src comp="1255" pin="3"/><net_sink comp="1261" pin=0"/></net>

<net id="1266"><net_src comp="1198" pin="1"/><net_sink comp="1261" pin=1"/></net>

<net id="1272"><net_src comp="1261" pin="2"/><net_sink comp="1267" pin=0"/></net>

<net id="1273"><net_src comp="1255" pin="3"/><net_sink comp="1267" pin=1"/></net>

<net id="1274"><net_src comp="1198" pin="1"/><net_sink comp="1267" pin=2"/></net>

<net id="1279"><net_src comp="1267" pin="3"/><net_sink comp="1275" pin=0"/></net>

<net id="1284"><net_src comp="1242" pin="3"/><net_sink comp="1280" pin=0"/></net>

<net id="1289"><net_src comp="1217" pin="3"/><net_sink comp="1285" pin=0"/></net>

<net id="1296"><net_src comp="116" pin="0"/><net_sink comp="1290" pin=0"/></net>

<net id="1297"><net_src comp="577" pin="2"/><net_sink comp="1290" pin=1"/></net>

<net id="1298"><net_src comp="118" pin="0"/><net_sink comp="1290" pin=2"/></net>

<net id="1299"><net_src comp="120" pin="0"/><net_sink comp="1290" pin=3"/></net>

<net id="1305"><net_src comp="122" pin="0"/><net_sink comp="1300" pin=0"/></net>

<net id="1306"><net_src comp="577" pin="2"/><net_sink comp="1300" pin=1"/></net>

<net id="1307"><net_src comp="120" pin="0"/><net_sink comp="1300" pin=2"/></net>

<net id="1312"><net_src comp="82" pin="0"/><net_sink comp="1308" pin=0"/></net>

<net id="1313"><net_src comp="1290" pin="4"/><net_sink comp="1308" pin=1"/></net>

<net id="1319"><net_src comp="1300" pin="3"/><net_sink comp="1314" pin=0"/></net>

<net id="1320"><net_src comp="1308" pin="2"/><net_sink comp="1314" pin=1"/></net>

<net id="1321"><net_src comp="1290" pin="4"/><net_sink comp="1314" pin=2"/></net>

<net id="1328"><net_src comp="116" pin="0"/><net_sink comp="1322" pin=0"/></net>

<net id="1329"><net_src comp="581" pin="2"/><net_sink comp="1322" pin=1"/></net>

<net id="1330"><net_src comp="118" pin="0"/><net_sink comp="1322" pin=2"/></net>

<net id="1331"><net_src comp="120" pin="0"/><net_sink comp="1322" pin=3"/></net>

<net id="1337"><net_src comp="122" pin="0"/><net_sink comp="1332" pin=0"/></net>

<net id="1338"><net_src comp="581" pin="2"/><net_sink comp="1332" pin=1"/></net>

<net id="1339"><net_src comp="120" pin="0"/><net_sink comp="1332" pin=2"/></net>

<net id="1344"><net_src comp="82" pin="0"/><net_sink comp="1340" pin=0"/></net>

<net id="1345"><net_src comp="1322" pin="4"/><net_sink comp="1340" pin=1"/></net>

<net id="1351"><net_src comp="1332" pin="3"/><net_sink comp="1346" pin=0"/></net>

<net id="1352"><net_src comp="1340" pin="2"/><net_sink comp="1346" pin=1"/></net>

<net id="1353"><net_src comp="1322" pin="4"/><net_sink comp="1346" pin=2"/></net>

<net id="1360"><net_src comp="116" pin="0"/><net_sink comp="1354" pin=0"/></net>

<net id="1361"><net_src comp="585" pin="2"/><net_sink comp="1354" pin=1"/></net>

<net id="1362"><net_src comp="118" pin="0"/><net_sink comp="1354" pin=2"/></net>

<net id="1363"><net_src comp="120" pin="0"/><net_sink comp="1354" pin=3"/></net>

<net id="1369"><net_src comp="122" pin="0"/><net_sink comp="1364" pin=0"/></net>

<net id="1370"><net_src comp="585" pin="2"/><net_sink comp="1364" pin=1"/></net>

<net id="1371"><net_src comp="120" pin="0"/><net_sink comp="1364" pin=2"/></net>

<net id="1376"><net_src comp="82" pin="0"/><net_sink comp="1372" pin=0"/></net>

<net id="1377"><net_src comp="1354" pin="4"/><net_sink comp="1372" pin=1"/></net>

<net id="1383"><net_src comp="1364" pin="3"/><net_sink comp="1378" pin=0"/></net>

<net id="1384"><net_src comp="1372" pin="2"/><net_sink comp="1378" pin=1"/></net>

<net id="1385"><net_src comp="1354" pin="4"/><net_sink comp="1378" pin=2"/></net>

<net id="1392"><net_src comp="116" pin="0"/><net_sink comp="1386" pin=0"/></net>

<net id="1393"><net_src comp="589" pin="2"/><net_sink comp="1386" pin=1"/></net>

<net id="1394"><net_src comp="118" pin="0"/><net_sink comp="1386" pin=2"/></net>

<net id="1395"><net_src comp="120" pin="0"/><net_sink comp="1386" pin=3"/></net>

<net id="1401"><net_src comp="122" pin="0"/><net_sink comp="1396" pin=0"/></net>

<net id="1402"><net_src comp="589" pin="2"/><net_sink comp="1396" pin=1"/></net>

<net id="1403"><net_src comp="120" pin="0"/><net_sink comp="1396" pin=2"/></net>

<net id="1408"><net_src comp="82" pin="0"/><net_sink comp="1404" pin=0"/></net>

<net id="1409"><net_src comp="1386" pin="4"/><net_sink comp="1404" pin=1"/></net>

<net id="1415"><net_src comp="1396" pin="3"/><net_sink comp="1410" pin=0"/></net>

<net id="1416"><net_src comp="1404" pin="2"/><net_sink comp="1410" pin=1"/></net>

<net id="1417"><net_src comp="1386" pin="4"/><net_sink comp="1410" pin=2"/></net>

<net id="1434"><net_src comp="1418" pin="1"/><net_sink comp="1430" pin=1"/></net>

<net id="1440"><net_src comp="1430" pin="2"/><net_sink comp="1435" pin=0"/></net>

<net id="1441"><net_src comp="1418" pin="1"/><net_sink comp="1435" pin=2"/></net>

<net id="1446"><net_src comp="1421" pin="1"/><net_sink comp="1442" pin=1"/></net>

<net id="1452"><net_src comp="1442" pin="2"/><net_sink comp="1447" pin=0"/></net>

<net id="1453"><net_src comp="1421" pin="1"/><net_sink comp="1447" pin=2"/></net>

<net id="1458"><net_src comp="1427" pin="1"/><net_sink comp="1454" pin=1"/></net>

<net id="1464"><net_src comp="1454" pin="2"/><net_sink comp="1459" pin=0"/></net>

<net id="1465"><net_src comp="1427" pin="1"/><net_sink comp="1459" pin=2"/></net>

<net id="1470"><net_src comp="1424" pin="1"/><net_sink comp="1466" pin=1"/></net>

<net id="1476"><net_src comp="1466" pin="2"/><net_sink comp="1471" pin=0"/></net>

<net id="1477"><net_src comp="1424" pin="1"/><net_sink comp="1471" pin=2"/></net>

<net id="1482"><net_src comp="1459" pin="3"/><net_sink comp="1478" pin=0"/></net>

<net id="1487"><net_src comp="1471" pin="3"/><net_sink comp="1483" pin=0"/></net>

<net id="1492"><net_src comp="1447" pin="3"/><net_sink comp="1488" pin=0"/></net>

<net id="1497"><net_src comp="1435" pin="3"/><net_sink comp="1493" pin=0"/></net>

<net id="1501"><net_src comp="1498" pin="1"/><net_sink comp="264" pin=2"/></net>

<net id="1505"><net_src comp="1502" pin="1"/><net_sink comp="257" pin=2"/></net>

<net id="1509"><net_src comp="1506" pin="1"/><net_sink comp="250" pin=2"/></net>

<net id="1513"><net_src comp="1510" pin="1"/><net_sink comp="243" pin=2"/></net>

<net id="1517"><net_src comp="1514" pin="1"/><net_sink comp="236" pin=2"/></net>

<net id="1521"><net_src comp="1518" pin="1"/><net_sink comp="229" pin=2"/></net>

<net id="1525"><net_src comp="1522" pin="1"/><net_sink comp="222" pin=2"/></net>

<net id="1529"><net_src comp="1526" pin="1"/><net_sink comp="215" pin=2"/></net>

<net id="1533"><net_src comp="1530" pin="1"/><net_sink comp="208" pin=2"/></net>

<net id="1537"><net_src comp="150" pin="1"/><net_sink comp="1534" pin=0"/></net>

<net id="1538"><net_src comp="1534" pin="1"/><net_sink comp="642" pin=1"/></net>

<net id="1539"><net_src comp="1534" pin="1"/><net_sink comp="1192" pin=0"/></net>

<net id="1540"><net_src comp="1534" pin="1"/><net_sink comp="1285" pin=1"/></net>

<net id="1541"><net_src comp="1534" pin="1"/><net_sink comp="1498" pin=0"/></net>

<net id="1545"><net_src comp="154" pin="1"/><net_sink comp="1542" pin=0"/></net>

<net id="1546"><net_src comp="1542" pin="1"/><net_sink comp="637" pin=1"/></net>

<net id="1547"><net_src comp="1542" pin="1"/><net_sink comp="1195" pin=0"/></net>

<net id="1548"><net_src comp="1542" pin="1"/><net_sink comp="1280" pin=1"/></net>

<net id="1549"><net_src comp="1542" pin="1"/><net_sink comp="1502" pin=0"/></net>

<net id="1553"><net_src comp="158" pin="1"/><net_sink comp="1550" pin=0"/></net>

<net id="1554"><net_src comp="1550" pin="1"/><net_sink comp="632" pin=1"/></net>

<net id="1555"><net_src comp="1550" pin="1"/><net_sink comp="1418" pin=0"/></net>

<net id="1556"><net_src comp="1550" pin="1"/><net_sink comp="1493" pin=1"/></net>

<net id="1557"><net_src comp="1550" pin="1"/><net_sink comp="1506" pin=0"/></net>

<net id="1561"><net_src comp="162" pin="1"/><net_sink comp="1558" pin=0"/></net>

<net id="1562"><net_src comp="1558" pin="1"/><net_sink comp="627" pin=1"/></net>

<net id="1563"><net_src comp="1558" pin="1"/><net_sink comp="989" pin=0"/></net>

<net id="1564"><net_src comp="1558" pin="1"/><net_sink comp="1187" pin=1"/></net>

<net id="1565"><net_src comp="1558" pin="1"/><net_sink comp="1510" pin=0"/></net>

<net id="1569"><net_src comp="166" pin="1"/><net_sink comp="1566" pin=0"/></net>

<net id="1570"><net_src comp="1566" pin="1"/><net_sink comp="622" pin=1"/></net>

<net id="1571"><net_src comp="1566" pin="1"/><net_sink comp="1421" pin=0"/></net>

<net id="1572"><net_src comp="1566" pin="1"/><net_sink comp="1488" pin=1"/></net>

<net id="1573"><net_src comp="1566" pin="1"/><net_sink comp="1514" pin=0"/></net>

<net id="1577"><net_src comp="170" pin="1"/><net_sink comp="1574" pin=0"/></net>

<net id="1578"><net_src comp="1574" pin="1"/><net_sink comp="617" pin=1"/></net>

<net id="1579"><net_src comp="1574" pin="1"/><net_sink comp="1198" pin=0"/></net>

<net id="1580"><net_src comp="1574" pin="1"/><net_sink comp="1275" pin=1"/></net>

<net id="1581"><net_src comp="1574" pin="1"/><net_sink comp="1518" pin=0"/></net>

<net id="1585"><net_src comp="174" pin="1"/><net_sink comp="1582" pin=0"/></net>

<net id="1586"><net_src comp="1582" pin="1"/><net_sink comp="612" pin=1"/></net>

<net id="1587"><net_src comp="1582" pin="1"/><net_sink comp="1424" pin=0"/></net>

<net id="1588"><net_src comp="1582" pin="1"/><net_sink comp="1483" pin=1"/></net>

<net id="1589"><net_src comp="1582" pin="1"/><net_sink comp="1522" pin=0"/></net>

<net id="1593"><net_src comp="178" pin="1"/><net_sink comp="1590" pin=0"/></net>

<net id="1594"><net_src comp="1590" pin="1"/><net_sink comp="607" pin=1"/></net>

<net id="1595"><net_src comp="1590" pin="1"/><net_sink comp="992" pin=0"/></net>

<net id="1596"><net_src comp="1590" pin="1"/><net_sink comp="1182" pin=1"/></net>

<net id="1597"><net_src comp="1590" pin="1"/><net_sink comp="1526" pin=0"/></net>

<net id="1601"><net_src comp="182" pin="1"/><net_sink comp="1598" pin=0"/></net>

<net id="1602"><net_src comp="1598" pin="1"/><net_sink comp="602" pin=1"/></net>

<net id="1603"><net_src comp="1598" pin="1"/><net_sink comp="1427" pin=0"/></net>

<net id="1604"><net_src comp="1598" pin="1"/><net_sink comp="1478" pin=1"/></net>

<net id="1605"><net_src comp="1598" pin="1"/><net_sink comp="1530" pin=0"/></net>

<net id="1609"><net_src comp="186" pin="1"/><net_sink comp="1606" pin=0"/></net>

<net id="1610"><net_src comp="1606" pin="1"/><net_sink comp="597" pin=1"/></net>

<net id="1611"><net_src comp="1606" pin="1"/><net_sink comp="647" pin=0"/></net>

<net id="1612"><net_src comp="1606" pin="1"/><net_sink comp="684" pin=1"/></net>

<net id="1616"><net_src comp="196" pin="2"/><net_sink comp="1613" pin=0"/></net>

<net id="1617"><net_src comp="1613" pin="1"/><net_sink comp="927" pin=2"/></net>

<net id="1621"><net_src comp="202" pin="2"/><net_sink comp="1618" pin=0"/></net>

<net id="1622"><net_src comp="1618" pin="1"/><net_sink comp="921" pin=2"/></net>

<net id="1626"><net_src comp="593" pin="1"/><net_sink comp="1623" pin=0"/></net>

<net id="1627"><net_src comp="1623" pin="1"/><net_sink comp="577" pin=1"/></net>

<net id="1628"><net_src comp="1623" pin="1"/><net_sink comp="581" pin=1"/></net>

<net id="1629"><net_src comp="1623" pin="1"/><net_sink comp="585" pin=1"/></net>

<net id="1630"><net_src comp="1623" pin="1"/><net_sink comp="589" pin=1"/></net>

<net id="1634"><net_src comp="650" pin="2"/><net_sink comp="1631" pin=0"/></net>

<net id="1638"><net_src comp="662" pin="1"/><net_sink comp="1635" pin=0"/></net>

<net id="1639"><net_src comp="1635" pin="1"/><net_sink comp="427" pin=2"/></net>

<net id="1640"><net_src comp="1635" pin="1"/><net_sink comp="434" pin=2"/></net>

<net id="1641"><net_src comp="1635" pin="1"/><net_sink comp="441" pin=2"/></net>

<net id="1642"><net_src comp="1635" pin="1"/><net_sink comp="448" pin=2"/></net>

<net id="1643"><net_src comp="1635" pin="1"/><net_sink comp="455" pin=2"/></net>

<net id="1644"><net_src comp="1635" pin="1"/><net_sink comp="462" pin=2"/></net>

<net id="1645"><net_src comp="1635" pin="1"/><net_sink comp="535" pin=2"/></net>

<net id="1646"><net_src comp="1635" pin="1"/><net_sink comp="548" pin=2"/></net>

<net id="1650"><net_src comp="271" pin="3"/><net_sink comp="1647" pin=0"/></net>

<net id="1651"><net_src comp="1647" pin="1"/><net_sink comp="278" pin=0"/></net>

<net id="1655"><net_src comp="284" pin="3"/><net_sink comp="1652" pin=0"/></net>

<net id="1656"><net_src comp="1652" pin="1"/><net_sink comp="333" pin=0"/></net>

<net id="1660"><net_src comp="291" pin="3"/><net_sink comp="1657" pin=0"/></net>

<net id="1661"><net_src comp="1657" pin="1"/><net_sink comp="339" pin=0"/></net>

<net id="1665"><net_src comp="298" pin="3"/><net_sink comp="1662" pin=0"/></net>

<net id="1666"><net_src comp="1662" pin="1"/><net_sink comp="345" pin=0"/></net>

<net id="1670"><net_src comp="305" pin="3"/><net_sink comp="1667" pin=0"/></net>

<net id="1671"><net_src comp="1667" pin="1"/><net_sink comp="351" pin=0"/></net>

<net id="1675"><net_src comp="312" pin="3"/><net_sink comp="1672" pin=0"/></net>

<net id="1676"><net_src comp="1672" pin="1"/><net_sink comp="357" pin=0"/></net>

<net id="1680"><net_src comp="319" pin="3"/><net_sink comp="1677" pin=0"/></net>

<net id="1681"><net_src comp="1677" pin="1"/><net_sink comp="363" pin=0"/></net>

<net id="1685"><net_src comp="326" pin="3"/><net_sink comp="1682" pin=0"/></net>

<net id="1686"><net_src comp="1682" pin="1"/><net_sink comp="369" pin=0"/></net>

<net id="1690"><net_src comp="678" pin="2"/><net_sink comp="1687" pin=0"/></net>

<net id="1691"><net_src comp="1687" pin="1"/><net_sink comp="921" pin=0"/></net>

<net id="1692"><net_src comp="1687" pin="1"/><net_sink comp="927" pin=0"/></net>

<net id="1696"><net_src comp="375" pin="3"/><net_sink comp="1693" pin=0"/></net>

<net id="1697"><net_src comp="1693" pin="1"/><net_sink comp="382" pin=0"/></net>

<net id="1701"><net_src comp="388" pin="3"/><net_sink comp="1698" pin=0"/></net>

<net id="1702"><net_src comp="1698" pin="1"/><net_sink comp="395" pin=0"/></net>

<net id="1706"><net_src comp="401" pin="3"/><net_sink comp="1703" pin=0"/></net>

<net id="1707"><net_src comp="1703" pin="1"/><net_sink comp="408" pin=0"/></net>

<net id="1708"><net_src comp="1703" pin="1"/><net_sink comp="408" pin=2"/></net>

<net id="1712"><net_src comp="414" pin="3"/><net_sink comp="1709" pin=0"/></net>

<net id="1713"><net_src comp="1709" pin="1"/><net_sink comp="421" pin=0"/></net>

<net id="1714"><net_src comp="1709" pin="1"/><net_sink comp="421" pin=2"/></net>

<net id="1718"><net_src comp="363" pin="3"/><net_sink comp="1715" pin=0"/></net>

<net id="1719"><net_src comp="1715" pin="1"/><net_sink comp="1038" pin=0"/></net>

<net id="1723"><net_src comp="369" pin="3"/><net_sink comp="1720" pin=0"/></net>

<net id="1724"><net_src comp="1720" pin="1"/><net_sink comp="1113" pin=0"/></net>

<net id="1728"><net_src comp="739" pin="3"/><net_sink comp="1725" pin=0"/></net>

<net id="1729"><net_src comp="1725" pin="1"/><net_sink comp="995" pin=0"/></net>

<net id="1730"><net_src comp="1725" pin="1"/><net_sink comp="999" pin=1"/></net>

<net id="1734"><net_src comp="797" pin="3"/><net_sink comp="1731" pin=0"/></net>

<net id="1735"><net_src comp="1731" pin="1"/><net_sink comp="995" pin=1"/></net>

<net id="1736"><net_src comp="1731" pin="1"/><net_sink comp="999" pin=2"/></net>

<net id="1740"><net_src comp="855" pin="3"/><net_sink comp="1737" pin=0"/></net>

<net id="1741"><net_src comp="1737" pin="1"/><net_sink comp="1005" pin=0"/></net>

<net id="1742"><net_src comp="1737" pin="1"/><net_sink comp="1009" pin=1"/></net>

<net id="1746"><net_src comp="913" pin="3"/><net_sink comp="1743" pin=0"/></net>

<net id="1747"><net_src comp="1743" pin="1"/><net_sink comp="1005" pin=1"/></net>

<net id="1748"><net_src comp="1743" pin="1"/><net_sink comp="1009" pin=2"/></net>

<net id="1752"><net_src comp="927" pin="3"/><net_sink comp="1749" pin=0"/></net>

<net id="1753"><net_src comp="1749" pin="1"/><net_sink comp="1015" pin=1"/></net>

<net id="1757"><net_src comp="535" pin="3"/><net_sink comp="1754" pin=0"/></net>

<net id="1758"><net_src comp="1754" pin="1"/><net_sink comp="542" pin=0"/></net>

<net id="1759"><net_src comp="1754" pin="1"/><net_sink comp="542" pin=2"/></net>

<net id="1763"><net_src comp="933" pin="2"/><net_sink comp="1760" pin=0"/></net>

<net id="1764"><net_src comp="1760" pin="1"/><net_sink comp="1032" pin=0"/></net>

<net id="1768"><net_src comp="945" pin="3"/><net_sink comp="1765" pin=0"/></net>

<net id="1769"><net_src comp="1765" pin="1"/><net_sink comp="1015" pin=2"/></net>

<net id="1773"><net_src comp="953" pin="2"/><net_sink comp="1770" pin=0"/></net>

<net id="1774"><net_src comp="1770" pin="1"/><net_sink comp="1015" pin=0"/></net>

<net id="1778"><net_src comp="548" pin="3"/><net_sink comp="1775" pin=0"/></net>

<net id="1779"><net_src comp="1775" pin="1"/><net_sink comp="555" pin=0"/></net>

<net id="1780"><net_src comp="1775" pin="1"/><net_sink comp="555" pin=2"/></net>

<net id="1784"><net_src comp="959" pin="2"/><net_sink comp="1781" pin=0"/></net>

<net id="1785"><net_src comp="1781" pin="1"/><net_sink comp="1107" pin=0"/></net>

<net id="1789"><net_src comp="979" pin="1"/><net_sink comp="1786" pin=0"/></net>

<net id="1790"><net_src comp="1786" pin="1"/><net_sink comp="1092" pin=2"/></net>

<net id="1794"><net_src comp="983" pin="2"/><net_sink comp="1791" pin=0"/></net>

<net id="1795"><net_src comp="1791" pin="1"/><net_sink comp="1092" pin=0"/></net>

<net id="1799"><net_src comp="999" pin="3"/><net_sink comp="1796" pin=0"/></net>

<net id="1800"><net_src comp="1796" pin="1"/><net_sink comp="1201" pin=0"/></net>

<net id="1801"><net_src comp="1796" pin="1"/><net_sink comp="1205" pin=1"/></net>

<net id="1805"><net_src comp="1009" pin="3"/><net_sink comp="1802" pin=0"/></net>

<net id="1806"><net_src comp="1802" pin="1"/><net_sink comp="1201" pin=1"/></net>

<net id="1807"><net_src comp="1802" pin="1"/><net_sink comp="1205" pin=2"/></net>

<net id="1811"><net_src comp="1027" pin="1"/><net_sink comp="1808" pin=0"/></net>

<net id="1812"><net_src comp="1808" pin="1"/><net_sink comp="577" pin=0"/></net>

<net id="1816"><net_src comp="1038" pin="2"/><net_sink comp="1813" pin=0"/></net>

<net id="1817"><net_src comp="1813" pin="1"/><net_sink comp="1225" pin=1"/></net>

<net id="1818"><net_src comp="1813" pin="1"/><net_sink comp="1230" pin=2"/></net>

<net id="1822"><net_src comp="1043" pin="3"/><net_sink comp="1819" pin=0"/></net>

<net id="1823"><net_src comp="1819" pin="1"/><net_sink comp="1230" pin=0"/></net>

<net id="1827"><net_src comp="1073" pin="1"/><net_sink comp="1824" pin=0"/></net>

<net id="1828"><net_src comp="1824" pin="1"/><net_sink comp="581" pin=0"/></net>

<net id="1832"><net_src comp="1113" pin="2"/><net_sink comp="1829" pin=0"/></net>

<net id="1833"><net_src comp="1829" pin="1"/><net_sink comp="1250" pin=1"/></net>

<net id="1834"><net_src comp="1829" pin="1"/><net_sink comp="1255" pin=2"/></net>

<net id="1838"><net_src comp="1118" pin="3"/><net_sink comp="1835" pin=0"/></net>

<net id="1839"><net_src comp="1835" pin="1"/><net_sink comp="1255" pin=0"/></net>

<net id="1843"><net_src comp="1152" pin="1"/><net_sink comp="1840" pin=0"/></net>

<net id="1844"><net_src comp="1840" pin="1"/><net_sink comp="585" pin=0"/></net>

<net id="1848"><net_src comp="1177" pin="1"/><net_sink comp="1845" pin=0"/></net>

<net id="1849"><net_src comp="1845" pin="1"/><net_sink comp="589" pin=0"/></net>

<net id="1853"><net_src comp="1314" pin="3"/><net_sink comp="1850" pin=0"/></net>

<net id="1854"><net_src comp="1850" pin="1"/><net_sink comp="1430" pin=0"/></net>

<net id="1855"><net_src comp="1850" pin="1"/><net_sink comp="1435" pin=1"/></net>

<net id="1859"><net_src comp="1346" pin="3"/><net_sink comp="1856" pin=0"/></net>

<net id="1860"><net_src comp="1856" pin="1"/><net_sink comp="1442" pin=0"/></net>

<net id="1861"><net_src comp="1856" pin="1"/><net_sink comp="1447" pin=1"/></net>

<net id="1865"><net_src comp="1378" pin="3"/><net_sink comp="1862" pin=0"/></net>

<net id="1866"><net_src comp="1862" pin="1"/><net_sink comp="1454" pin=0"/></net>

<net id="1867"><net_src comp="1862" pin="1"/><net_sink comp="1459" pin=1"/></net>

<net id="1871"><net_src comp="1410" pin="3"/><net_sink comp="1868" pin=0"/></net>

<net id="1872"><net_src comp="1868" pin="1"/><net_sink comp="1466" pin=0"/></net>

<net id="1873"><net_src comp="1868" pin="1"/><net_sink comp="1471" pin=1"/></net>

</net_list>

</model> 
---------------- Datapath Model END ------------------

* FSMD analyzer results:
  - Output states:
	Port: y_x_5 | {3 }
	Port: y_x | {3 }
	Port: z_x_7 | {2 }
	Port: z_x_6 | {2 }
	Port: z_x_5 | {3 }
	Port: z_x_4 | {2 }
	Port: z_x_3 | {2 }
	Port: z_x_2 | {2 }
	Port: z_x_1 | {2 }
	Port: z_x | {3 }
	Port: lnorm_da_out | {6 }
	Port: znorm_da_out | {6 }
	Port: dual_da_out | {6 }
	Port: primal_da_out | {6 }
	Port: lnorm_ey_out | {6 }
	Port: znorm_ey_out | {6 }
	Port: dual_ey_out | {6 }
	Port: primal_ey_out | {6 }
	Port: x_norm_out | {6 }
 - Input state : 
	Port: mpc_compute_hls_Pipeline_VITIS_LOOP_1337_19 : y_x_5 | {1 2 }
	Port: mpc_compute_hls_Pipeline_VITIS_LOOP_1337_19 : y_x | {1 2 }
	Port: mpc_compute_hls_Pipeline_VITIS_LOOP_1337_19 : z_x_5 | {2 3 }
	Port: mpc_compute_hls_Pipeline_VITIS_LOOP_1337_19 : z_x | {2 3 }
	Port: mpc_compute_hls_Pipeline_VITIS_LOOP_1337_19 : sol_x_1 | {1 2 }
	Port: mpc_compute_hls_Pipeline_VITIS_LOOP_1337_19 : sol_x_2 | {1 2 }
	Port: mpc_compute_hls_Pipeline_VITIS_LOOP_1337_19 : sol_x_3 | {1 2 }
	Port: mpc_compute_hls_Pipeline_VITIS_LOOP_1337_19 : sol_x_4 | {1 2 }
	Port: mpc_compute_hls_Pipeline_VITIS_LOOP_1337_19 : sol_x_6 | {1 2 }
	Port: mpc_compute_hls_Pipeline_VITIS_LOOP_1337_19 : sol_x_7 | {1 2 }
	Port: mpc_compute_hls_Pipeline_VITIS_LOOP_1337_19 : sol_x | {1 2 }
	Port: mpc_compute_hls_Pipeline_VITIS_LOOP_1337_19 : sol_x_5 | {1 2 }
	Port: mpc_compute_hls_Pipeline_VITIS_LOOP_1337_19 : step_data_3 | {1 2 }
	Port: mpc_compute_hls_Pipeline_VITIS_LOOP_1337_19 : step_data_4 | {1 2 }
	Port: mpc_compute_hls_Pipeline_VITIS_LOOP_1337_19 : terminal_wall_x_lb_con_reload | {1 }
	Port: mpc_compute_hls_Pipeline_VITIS_LOOP_1337_19 : terminal_wall_x_ub_con_reload | {1 }
	Port: mpc_compute_hls_Pipeline_VITIS_LOOP_1337_19 : sext_ln1337 | {1 }
  - Chain level:
	State 1
		store_ln1170 : 1
		store_ln1332 : 1
		store_ln1332 : 1
		store_ln1332 : 1
		store_ln1332 : 1
		store_ln1331 : 1
		store_ln1331 : 1
		store_ln1331 : 1
		store_ln1331 : 1
		store_ln1320 : 1
		k : 1
		icmp_ln1337 : 2
		add_ln1337 : 2
		br_ln1337 : 3
		zext_ln1337 : 2
		sol_x_1_addr : 3
		a_106 : 4
		sol_x_2_addr : 3
		sol_x_3_addr : 3
		sol_x_4_addr : 3
		sol_x_6_addr : 3
		sol_x_7_addr : 3
		sol_x_addr : 3
		sol_x_5_addr : 3
		a_107 : 4
		a_108 : 4
		a_109 : 4
		a_111 : 4
		a_112 : 4
		a_120 : 4
		a_121 : 4
		icmp_ln1358 : 2
		step_data_3_addr : 3
		step_data_3_load : 4
		step_data_4_addr : 3
		step_data_4_load : 4
		y_x_addr : 3
		value_163 : 4
		y_x_5_addr : 3
		value : 4
		store_ln1170 : 3
	State 2
		store_ln1341 : 1
		store_ln1342 : 1
		store_ln1343 : 1
		store_ln1344 : 1
		store_ln1345 : 1
		store_ln1346 : 1
		tmp : 1
		sub_ln118_1 : 1
		select_ln118_2 : 2
		tmp_22 : 1
		sub_ln118_2 : 1
		select_ln118_3 : 2
		icmp_ln123 : 3
		select_ln121 : 4
		tmp_23 : 1
		sub_ln118_3 : 1
		select_ln118_4 : 2
		tmp_24 : 1
		sub_ln118_4 : 1
		select_ln118_5 : 2
		icmp_ln123_1 : 3
		select_ln121_1 : 4
		tmp_25 : 1
		sub_ln118_5 : 1
		select_ln118_6 : 2
		tmp_26 : 1
		sub_ln118_6 : 1
		select_ln118_7 : 2
		icmp_ln123_2 : 3
		select_ln121_2 : 4
		tmp_27 : 1
		sub_ln118_7 : 1
		select_ln118_8 : 2
		tmp_28 : 1
		sub_ln118_8 : 1
		select_ln118_9 : 2
		icmp_ln123_3 : 3
		select_ln121_3 : 4
		value_164 : 1
		value_165 : 1
		val : 1
		icmp_ln196 : 2
		val_13 : 3
		icmp_ln198 : 4
		value_166 : 1
		val_19 : 1
		icmp_ln196_1 : 2
		val_20 : 3
		trunc_ln198 : 4
		icmp_ln198_1 : 4
		value_167 : 1
	State 3
		select_ln121_4 : 1
		select_ln121_5 : 1
		diff : 1
		sext_ln159 : 2
		product : 3
		sum_abc : 1
		a_113 : 1
		tmp_30 : 2
		tmp_31 : 1
		abs_z : 1
		abs_z_6 : 2
		sext_ln159_28 : 2
		product_214 : 3
		icmp_ln225 : 3
		znorm_ey_1 : 4
		sext_ln160 : 1
		trunc_ln160 : 1
		sum_abc_2 : 2
		store_ln216 : 2
		store_ln216 : 3
		a : 2
		tmp_33 : 3
		tmp_34 : 1
		abs_z_9 : 2
		abs_z_10 : 3
		zext_ln159 : 4
		sext_ln159_29 : 3
		product_216 : 4
		icmp_ln225_1 : 5
		znorm_da_1 : 6
		store_ln229 : 1
		diff_7 : 2
		sext_ln159_30 : 3
		product_215 : 4
		store_ln229 : 2
		store_ln1332 : 7
		store_ln1331 : 5
	State 4
		x_norm_k : 1
		icmp_ln1351 : 2
		x_norm_1 : 3
		pd_6 : 1
		icmp_ln219 : 2
		primal_ey_1 : 3
		pd_10 : 1
		icmp_ln219_1 : 2
		primal_da_1 : 3
		store_ln1332 : 4
		store_ln1331 : 4
		store_ln1320 : 4
	State 5
	State 6
		specfucore_ln160 : 1
		product_q : 1
		tmp_29 : 1
		dd : 2
		dd_6 : 3
		specfucore_ln160 : 1
		product_q_14 : 1
		tmp_32 : 1
		abs_l : 2
		abs_l_10 : 3
		specfucore_ln160 : 1
		product_q_16 : 1
		tmp_35 : 1
		abs_l_11 : 2
		abs_l_12 : 3
		specfucore_ln160 : 1
		product_q_15 : 1
		tmp_36 : 1
		dd_9 : 2
		dd_10 : 3
		write_ln0 : 1
		write_ln0 : 1
		write_ln0 : 1
		write_ln0 : 1
		write_ln0 : 1
		write_ln0 : 1
		write_ln0 : 1
		write_ln0 : 1
		write_ln0 : 1
	State 7
		rend51 : 1
		icmp_ln209 : 1
		dual_ey_1 : 2
		rend49 : 1
		icmp_ln227 : 1
		lnorm_ey_2 : 2
		icmp_ln227_1 : 1
		lnorm_da_2 : 2
		icmp_ln209_1 : 1
		dual_da_1 : 2
		store_ln1332 : 3
		store_ln1332 : 3
		store_ln1331 : 3
		store_ln1331 : 3


============================================================
+ Verbose Summary: Datapath Resource usage 
============================================================

* Functional unit list:
|----------|------------------------------------------------|---------|---------|---------|
| Operation|                 Functional Unit                |   DSP   |    FF   |   LUT   |
|----------|------------------------------------------------|---------|---------|---------|
|          |              select_ln118_2_fu_703             |    0    |    0    |    32   |
|          |              select_ln118_3_fu_725             |    0    |    0    |    32   |
|          |               select_ln121_fu_739              |    0    |    0    |    32   |
|          |              select_ln118_4_fu_761             |    0    |    0    |    32   |
|          |              select_ln118_5_fu_783             |    0    |    0    |    32   |
|          |              select_ln121_1_fu_797             |    0    |    0    |    32   |
|          |              select_ln118_6_fu_819             |    0    |    0    |    32   |
|          |              select_ln118_7_fu_841             |    0    |    0    |    32   |
|          |              select_ln121_2_fu_855             |    0    |    0    |    32   |
|          |              select_ln118_8_fu_877             |    0    |    0    |    32   |
|          |              select_ln118_9_fu_899             |    0    |    0    |    32   |
|          |              select_ln121_3_fu_913             |    0    |    0    |    32   |
|          |                value_164_fu_921                |    0    |    0    |    32   |
|          |                value_165_fu_927                |    0    |    0    |    32   |
|          |                  val_13_fu_945                 |    0    |    0    |    32   |
|          |                  val_20_fu_971                 |    0    |    0    |    32   |
|          |              select_ln121_4_fu_999             |    0    |    0    |    32   |
|          |             select_ln121_5_fu_1009             |    0    |    0    |    32   |
|  select  |                 val_18_fu_1015                 |    0    |    0    |    32   |
|          |                 abs_z_6_fu_1065                |    0    |    0    |    32   |
|          |               znorm_ey_1_fu_1084               |    0    |    0    |    32   |
|          |                 val_21_fu_1092                 |    0    |    0    |    17   |
|          |                abs_z_10_fu_1140                |    0    |    0    |    16   |
|          |               znorm_da_1_fu_1163               |    0    |    0    |    31   |
|          |                x_norm_k_fu_1205                |    0    |    0    |    32   |
|          |                x_norm_1_fu_1217                |    0    |    0    |    32   |
|          |                  pd_6_fu_1230                  |    0    |    0    |    32   |
|          |               primal_ey_1_fu_1242              |    0    |    0    |    32   |
|          |                  pd_10_fu_1255                 |    0    |    0    |    32   |
|          |               primal_da_1_fu_1267              |    0    |    0    |    32   |
|          |                  dd_6_fu_1314                  |    0    |    0    |    32   |
|          |                abs_l_10_fu_1346                |    0    |    0    |    32   |
|          |                abs_l_12_fu_1378                |    0    |    0    |    32   |
|          |                  dd_10_fu_1410                 |    0    |    0    |    32   |
|          |                dual_ey_1_fu_1435               |    0    |    0    |    32   |
|          |               lnorm_ey_2_fu_1447               |    0    |    0    |    32   |
|          |               lnorm_da_2_fu_1459               |    0    |    0    |    32   |
|          |                dual_da_1_fu_1471               |    0    |    0    |    32   |
|----------|------------------------------------------------|---------|---------|---------|
|          |               sub_ln118_1_fu_697               |    0    |    0    |    39   |
|          |               sub_ln118_2_fu_719               |    0    |    0    |    39   |
|          |               sub_ln118_3_fu_755               |    0    |    0    |    39   |
|          |               sub_ln118_4_fu_777               |    0    |    0    |    39   |
|          |               sub_ln118_5_fu_813               |    0    |    0    |    39   |
|          |               sub_ln118_6_fu_835               |    0    |    0    |    39   |
|          |               sub_ln118_7_fu_871               |    0    |    0    |    39   |
|          |               sub_ln118_8_fu_893               |    0    |    0    |    39   |
|          |                  diff_fu_1021                  |    0    |    0    |    39   |
|          |                 sum_abc_fu_1032                |    0    |    0    |    39   |
|    sub   |                  a_113_fu_1038                 |    0    |    0    |    39   |
|          |                  abs_z_fu_1059                 |    0    |    0    |    39   |
|          |                sum_abc_2_fu_1107               |    0    |    0    |    39   |
|          |                    a_fu_1113                   |    0    |    0    |    39   |
|          |                 abs_z_9_fu_1134                |    0    |    0    |    24   |
|          |                 diff_7_fu_1171                 |    0    |    0    |    39   |
|          |                   pd_fu_1225                   |    0    |    0    |    39   |
|          |                  pd_9_fu_1250                  |    0    |    0    |    39   |
|          |                   dd_fu_1308                   |    0    |    0    |    39   |
|          |                  abs_l_fu_1340                 |    0    |    0    |    39   |
|          |                abs_l_11_fu_1372                |    0    |    0    |    39   |
|          |                  dd_9_fu_1404                  |    0    |    0    |    39   |
|----------|------------------------------------------------|---------|---------|---------|
|          |               icmp_ln1337_fu_650               |    0    |    0    |    12   |
|          |               icmp_ln1358_fu_678               |    0    |    0    |    12   |
|          |                icmp_ln123_fu_733               |    0    |    0    |    39   |
|          |               icmp_ln123_1_fu_791              |    0    |    0    |    39   |
|          |               icmp_ln123_2_fu_849              |    0    |    0    |    39   |
|          |               icmp_ln123_3_fu_907              |    0    |    0    |    39   |
|          |                icmp_ln196_fu_939               |    0    |    0    |    39   |
|          |                icmp_ln198_fu_953               |    0    |    0    |    39   |
|          |               icmp_ln196_1_fu_965              |    0    |    0    |    39   |
|          |               icmp_ln198_1_fu_983              |    0    |    0    |    39   |
|   icmp   |               icmp_ln123_4_fu_995              |    0    |    0    |    39   |
|          |              icmp_ln123_5_fu_1005              |    0    |    0    |    39   |
|          |               icmp_ln225_fu_1078               |    0    |    0    |    39   |
|          |              icmp_ln225_1_fu_1157              |    0    |    0    |    38   |
|          |              icmp_ln123_6_fu_1201              |    0    |    0    |    39   |
|          |               icmp_ln1351_fu_1211              |    0    |    0    |    39   |
|          |               icmp_ln219_fu_1236               |    0    |    0    |    39   |
|          |              icmp_ln219_1_fu_1261              |    0    |    0    |    39   |
|          |               icmp_ln209_fu_1430               |    0    |    0    |    39   |
|          |               icmp_ln227_fu_1442               |    0    |    0    |    39   |
|          |              icmp_ln227_1_fu_1454              |    0    |    0    |    39   |
|          |              icmp_ln209_1_fu_1466              |    0    |    0    |    39   |
|----------|------------------------------------------------|---------|---------|---------|
|          |                   grp_fu_577                   |    4    |    98   |    47   |
|    mul   |                   grp_fu_581                   |    4    |    98   |    47   |
|          |                   grp_fu_585                   |    4    |    98   |    47   |
|          |                   grp_fu_589                   |    4    |    98   |    47   |
|----------|------------------------------------------------|---------|---------|---------|
|          |                add_ln1337_fu_656               |    0    |    0    |    12   |
|    add   |                   val_fu_933                   |    0    |    0    |    39   |
|          |                  val_19_fu_959                 |    0    |    0    |    39   |
|----------|------------------------------------------------|---------|---------|---------|
|          |          sext_ln1337_read_read_fu_190          |    0    |    0    |    0    |
|   read   | terminal_wall_x_ub_con_reload_read_read_fu_196 |    0    |    0    |    0    |
|          | terminal_wall_x_lb_con_reload_read_read_fu_202 |    0    |    0    |    0    |
|----------|------------------------------------------------|---------|---------|---------|
|          |             write_ln0_write_fu_208             |    0    |    0    |    0    |
|          |             write_ln0_write_fu_215             |    0    |    0    |    0    |
|          |             write_ln0_write_fu_222             |    0    |    0    |    0    |
|          |             write_ln0_write_fu_229             |    0    |    0    |    0    |
|   write  |             write_ln0_write_fu_236             |    0    |    0    |    0    |
|          |             write_ln0_write_fu_243             |    0    |    0    |    0    |
|          |             write_ln0_write_fu_250             |    0    |    0    |    0    |
|          |             write_ln0_write_fu_257             |    0    |    0    |    0    |
|          |             write_ln0_write_fu_264             |    0    |    0    |    0    |
|----------|------------------------------------------------|---------|---------|---------|
|          |             sext_ln1337_cast_fu_593            |    0    |    0    |    0    |
|          |               sext_ln159_fu_1027               |    0    |    0    |    0    |
|   sext   |              sext_ln159_28_fu_1073             |    0    |    0    |    0    |
|          |               sext_ln160_fu_1098               |    0    |    0    |    0    |
|          |              sext_ln159_29_fu_1152             |    0    |    0    |    0    |
|          |              sext_ln159_30_fu_1177             |    0    |    0    |    0    |
|----------|------------------------------------------------|---------|---------|---------|
|   zext   |               zext_ln1337_fu_662               |    0    |    0    |    0    |
|          |               zext_ln159_fu_1148               |    0    |    0    |    0    |
|----------|------------------------------------------------|---------|---------|---------|
|          |                   tmp_fu_689                   |    0    |    0    |    0    |
|          |                  tmp_22_fu_711                 |    0    |    0    |    0    |
|          |                  tmp_23_fu_747                 |    0    |    0    |    0    |
|          |                  tmp_24_fu_769                 |    0    |    0    |    0    |
|          |                  tmp_25_fu_805                 |    0    |    0    |    0    |
|          |                  tmp_26_fu_827                 |    0    |    0    |    0    |
|          |                  tmp_27_fu_863                 |    0    |    0    |    0    |
| bitselect|                  tmp_28_fu_885                 |    0    |    0    |    0    |
|          |                 tmp_30_fu_1043                 |    0    |    0    |    0    |
|          |                 tmp_31_fu_1051                 |    0    |    0    |    0    |
|          |                 tmp_33_fu_1118                 |    0    |    0    |    0    |
|          |                 tmp_34_fu_1126                 |    0    |    0    |    0    |
|          |                 tmp_29_fu_1300                 |    0    |    0    |    0    |
|          |                 tmp_32_fu_1332                 |    0    |    0    |    0    |
|          |                 tmp_35_fu_1364                 |    0    |    0    |    0    |
|          |                 tmp_36_fu_1396                 |    0    |    0    |    0    |
|----------|------------------------------------------------|---------|---------|---------|
|   trunc  |               trunc_ln198_fu_979               |    0    |    0    |    0    |
|          |               trunc_ln160_fu_1103              |    0    |    0    |    0    |
|----------|------------------------------------------------|---------|---------|---------|
|          |                product_q_fu_1290               |    0    |    0    |    0    |
|partselect|              product_q_14_fu_1322              |    0    |    0    |    0    |
|          |              product_q_16_fu_1354              |    0    |    0    |    0    |
|          |              product_q_15_fu_1386              |    0    |    0    |    0    |
|----------|------------------------------------------------|---------|---------|---------|
|   Total  |                                                |    16   |   392   |   3108  |
|----------|------------------------------------------------|---------|---------|---------|

Memories:
N/A

* Register list:
+-------------------------------------------+--------+
|                                           |   FF   |
+-------------------------------------------+--------+
|               a_113_reg_1813              |   32   |
|               a_120_reg_1715              |   32   |
|               a_121_reg_1720              |   32   |
|                 a_reg_1829                |   32   |
|             abs_l_10_reg_1856             |   32   |
|             abs_l_12_reg_1862             |   32   |
|               dd_10_reg_1868              |   32   |
|               dd_6_reg_1850               |   32   |
|              dual_da_reg_1582             |   32   |
|              dual_ey_reg_1550             |   32   |
|            icmp_ln1337_reg_1631           |    1   |
|            icmp_ln1358_reg_1687           |    1   |
|           icmp_ln198_1_reg_1791           |    1   |
|            icmp_ln198_reg_1770            |    1   |
|                k_9_reg_1606               |    5   |
|             lnorm_da_reg_1598             |   32   |
|             lnorm_ey_reg_1566             |   32   |
|             primal_da_reg_1574            |   32   |
|             primal_ey_reg_1542            |   32   |
|          select_ln121_1_reg_1731          |   32   |
|          select_ln121_2_reg_1737          |   32   |
|          select_ln121_3_reg_1743          |   32   |
|          select_ln121_4_reg_1796          |   32   |
|          select_ln121_5_reg_1802          |   32   |
|           select_ln121_reg_1725           |   32   |
|         sext_ln1337_cast_reg_1623         |   50   |
|           sext_ln159_28_reg_1824          |   50   |
|           sext_ln159_29_reg_1840          |   50   |
|           sext_ln159_30_reg_1845          |   50   |
|            sext_ln159_reg_1808            |   50   |
|           sol_x_1_addr_reg_1647           |    5   |
|           sol_x_2_addr_reg_1652           |    5   |
|           sol_x_3_addr_reg_1657           |    5   |
|           sol_x_4_addr_reg_1662           |    5   |
|           sol_x_5_addr_reg_1682           |    5   |
|           sol_x_6_addr_reg_1667           |    5   |
|           sol_x_7_addr_reg_1672           |    5   |
|            sol_x_addr_reg_1677            |    5   |
|         step_data_3_addr_reg_1693         |    5   |
|         step_data_4_addr_reg_1698         |    5   |
|terminal_wall_x_lb_con_reload_read_reg_1618|   32   |
|terminal_wall_x_ub_con_reload_read_reg_1613|   32   |
|              tmp_30_reg_1819              |    1   |
|              tmp_33_reg_1835              |    1   |
|            trunc_ln198_reg_1786           |   18   |
|              val_13_reg_1765              |   32   |
|              val_19_reg_1781              |   32   |
|                val_reg_1760               |   32   |
|             value_165_reg_1749            |   32   |
|              x_norm_reg_1534              |   32   |
|            y_x_5_addr_reg_1709            |    5   |
|             y_x_addr_reg_1703             |    5   |
|            z_x_5_addr_reg_1775            |    5   |
|             z_x_addr_reg_1754             |    5   |
|            zext_ln1337_reg_1635           |   64   |
|             znorm_da_reg_1590             |   31   |
|             znorm_ey_reg_1558             |   32   |
+-------------------------------------------+--------+
|                   Total                   |  1340  |
+-------------------------------------------+--------+

* Multiplexer (MUX) list: 
|-------------------|------|------|------|--------||---------||---------||---------|
|        Comp       |  Pin | Size |  BW  | S x BW ||  Delay  ||    FF   ||   LUT   |
|-------------------|------|------|------|--------||---------||---------||---------|
| grp_access_fu_278 |  p0  |   2  |   5  |   10   ||    0    ||    9    |
| grp_access_fu_333 |  p0  |   2  |   5  |   10   ||    0    ||    9    |
| grp_access_fu_339 |  p0  |   2  |   5  |   10   ||    0    ||    9    |
| grp_access_fu_345 |  p0  |   2  |   5  |   10   ||    0    ||    9    |
| grp_access_fu_351 |  p0  |   2  |   5  |   10   ||    0    ||    9    |
| grp_access_fu_357 |  p0  |   2  |   5  |   10   ||    0    ||    9    |
| grp_access_fu_363 |  p0  |   2  |   5  |   10   ||    0    ||    9    |
| grp_access_fu_369 |  p0  |   2  |   5  |   10   ||    0    ||    9    |
| grp_access_fu_382 |  p0  |   2  |   5  |   10   ||    0    ||    9    |
| grp_access_fu_395 |  p0  |   2  |   5  |   10   ||    0    ||    9    |
| grp_access_fu_408 |  p0  |   2  |   5  |   10   ||    0    ||    9    |
| grp_access_fu_421 |  p0  |   2  |   5  |   10   ||    0    ||    9    |
| grp_access_fu_542 |  p0  |   2  |   5  |   10   ||    0    ||    9    |
| grp_access_fu_555 |  p0  |   2  |   5  |   10   ||    0    ||    9    |
|     grp_fu_577    |  p0  |   2  |  32  |   64   ||    0    ||    9    |
|     grp_fu_581    |  p0  |   2  |  32  |   64   ||    0    ||    9    |
|     grp_fu_585    |  p0  |   2  |  32  |   64   ||    0    ||    9    |
|     grp_fu_589    |  p0  |   2  |  32  |   64   ||    0    ||    9    |
|-------------------|------|------|------|--------||---------||---------||---------|
|       Total       |      |      |      |   396  ||  7.686  ||    0    ||   162   |
|-------------------|------|------|------|--------||---------||---------||---------|



* Summary:
+-----------+--------+--------+--------+--------+
|           |   DSP  |  Delay |   FF   |   LUT  |
+-----------+--------+--------+--------+--------+
|  Function |   16   |    -   |   392  |  3108  |
|   Memory  |    -   |    -   |    -   |    -   |
|Multiplexer|    -   |    7   |    0   |   162  |
|  Register |    -   |    -   |  1340  |    -   |
+-----------+--------+--------+--------+--------+
|   Total   |   16   |    7   |  1732  |  3270  |
+-----------+--------+--------+--------+--------+
