

================================================================
== Vitis HLS Report for 'mpc_fpga_top_opencl'
================================================================
* Date:           Thu Jun 11 17:48:33 2026

* Version:        2025.2 (Build 6295257 on Nov 14 2025)
* Project:        mpc_fpga_top_opencl
* Solution:       hls (Vitis Kernel Flow Target)
* Product family: zynquplus
* Target device:  xck26-sfvc784-2LV-c


================================================================
== Performance Estimates
================================================================
+ Timing: 
    * Summary: 
    +--------+---------+----------+------------+
    |  Clock |  Target | Estimated| Uncertainty|
    +--------+---------+----------+------------+
    |ap_clk  |  5.00 ns|  4.500 ns|     0.50 ns|
    +--------+---------+----------+------------+

+ Latency: 
    * Summary: 
    +---------+---------+----------+----------+-----+--------+---------+
    |  Latency (cycles) |  Latency (absolute) |   Interval   | Pipeline|
    |   min   |   max   |    min   |    max   | min |   max  |   Type  |
    +---------+---------+----------+----------+-----+--------+---------+
    |      161|   101605|  0.805 us|  0.508 ms|  162|  101606|       no|
    +---------+---------+----------+----------+-----+--------+---------+

    + Detail: 
        * Instance: 
        N/A

        * Loop: 
        N/A

============================================================
+ Verbose Summary: Synthesis Manager
============================================================
InlineROM: 1
ExposeGlobal: 0
============================================================
+ Verbose Summary: CDFG Model
============================================================
IsTopModel: 1
ResetActiveHigh: 1
IsCombinational: 0
IsDatapathOnly: 0
HasWiredReturn: 1
HasMFsm: 0
HasVarLatency: 1
IsPipeline: 0
IsRtlPipelined: 0
IsInstanceOverlapped: 0
IsDontTouch: 0
HasImplIP: 0
IsGatedGlobalClock: 0


============================================================
+ Verbose Summary: Schedule
============================================================
* Number of FSM states : 149
* Pipeline : 0
* Dataflow Pipeline: 0

* FSM state transitions: 
1 --> 2 
2 --> 3 
3 --> 4 
4 --> 5 
5 --> 6 80 
6 --> 7 
7 --> 8 
8 --> 9 
9 --> 10 
10 --> 11 
11 --> 12 
12 --> 13 
13 --> 14 
14 --> 15 
15 --> 16 
16 --> 17 
17 --> 18 
18 --> 19 
19 --> 20 
20 --> 21 
21 --> 22 
22 --> 23 
23 --> 24 
24 --> 25 
25 --> 26 
26 --> 27 
27 --> 28 
28 --> 29 
29 --> 30 
30 --> 31 
31 --> 32 
32 --> 33 
33 --> 34 
34 --> 35 
35 --> 36 
36 --> 37 
37 --> 38 
38 --> 39 
39 --> 40 
40 --> 41 
41 --> 42 
42 --> 43 
43 --> 44 
44 --> 45 
45 --> 46 
46 --> 47 
47 --> 48 
48 --> 49 
49 --> 50 
50 --> 51 
51 --> 52 
52 --> 53 
53 --> 54 
54 --> 55 
55 --> 56 
56 --> 57 
57 --> 58 
58 --> 59 
59 --> 60 
60 --> 61 
61 --> 62 
62 --> 63 
63 --> 64 
64 --> 65 
65 --> 66 
66 --> 67 
67 --> 68 
68 --> 69 
69 --> 70 
70 --> 71 
71 --> 72 
72 --> 73 
73 --> 74 
74 --> 75 
75 --> 76 
76 --> 77 
77 --> 78 
78 --> 79 
79 --> 
80 --> 81 
81 --> 82 
82 --> 83 
83 --> 84 
84 --> 85 
85 --> 86 
86 --> 87 
87 --> 88 
88 --> 89 
89 --> 90 
90 --> 91 
91 --> 92 
92 --> 93 
93 --> 94 
94 --> 95 
95 --> 96 
96 --> 97 
97 --> 98 
98 --> 99 
99 --> 100 
100 --> 101 
101 --> 102 
102 --> 103 
103 --> 104 
104 --> 105 
105 --> 106 
106 --> 107 
107 --> 108 
108 --> 109 
109 --> 110 
110 --> 111 
111 --> 112 
112 --> 113 
113 --> 114 
114 --> 115 
115 --> 116 
116 --> 117 
117 --> 118 
118 --> 119 
119 --> 120 
120 --> 121 
121 --> 122 
122 --> 123 
123 --> 124 
124 --> 125 
125 --> 126 
126 --> 127 
127 --> 128 
128 --> 129 
129 --> 130 
130 --> 131 
131 --> 132 
132 --> 133 
133 --> 134 
134 --> 135 
135 --> 136 
136 --> 137 
137 --> 138 
138 --> 139 
139 --> 140 
140 --> 141 
141 --> 142 
142 --> 143 
143 --> 144 
144 --> 145 
145 --> 146 
146 --> 147 
147 --> 148 
148 --> 149 
149 --> 79 

* FSM state operations: 

State 1 <SV = 0> <Delay = 1.00>
ST_1 : Operation 150 [1/1] (1.00ns)   --->   "%output_words128_read = read i64 @_ssdm_op_Read.s_axilite.i64, i64 %output_words128"   --->   Operation 150 'read' 'output_words128_read' <Predicate = true> <Delay = 1.00> <CoreInst = "s_axilite">   --->   Core 120 's_axilite' <Latency = 0> <II = 1> <Delay = 1.00> <Adapter> <Opcode : 'read' 'write'>
ST_1 : Operation 151 [1/1] (1.00ns)   --->   "%input_words512_read = read i64 @_ssdm_op_Read.s_axilite.i64, i64 %input_words512"   --->   Operation 151 'read' 'input_words512_read' <Predicate = true> <Delay = 1.00> <CoreInst = "s_axilite">   --->   Core 120 's_axilite' <Latency = 0> <II = 1> <Delay = 1.00> <Adapter> <Opcode : 'read' 'write'>
ST_1 : Operation 152 [1/1] (0.00ns)   --->   "%lane_words = alloca i64 1" [../src/mpc_fpga_top.cpp:361]   --->   Operation 152 'alloca' 'lane_words' <Predicate = true> <Delay = 0.00> <CoreInst = "RAM">   --->   Core 82 'RAM' <Latency = 1> <II = 1> <Delay = 0.67> <Storage> <Opcode : 'load' 'store'> <Ports = 2> <Width = 32> <Depth = 11> <RAM>
ST_1 : Operation 153 [1/1] (0.00ns)   --->   "%lane_words_1 = alloca i64 1" [../src/mpc_fpga_top.cpp:361]   --->   Operation 153 'alloca' 'lane_words_1' <Predicate = true> <Delay = 0.00> <CoreInst = "RAM">   --->   Core 82 'RAM' <Latency = 1> <II = 1> <Delay = 0.67> <Storage> <Opcode : 'load' 'store'> <Ports = 2> <Width = 32> <Depth = 11> <RAM>
ST_1 : Operation 154 [1/1] (0.00ns)   --->   "%lane_words_2 = alloca i64 1" [../src/mpc_fpga_top.cpp:361]   --->   Operation 154 'alloca' 'lane_words_2' <Predicate = true> <Delay = 0.00> <CoreInst = "RAM">   --->   Core 82 'RAM' <Latency = 1> <II = 1> <Delay = 0.67> <Storage> <Opcode : 'load' 'store'> <Ports = 2> <Width = 32> <Depth = 11> <RAM>
ST_1 : Operation 155 [1/1] (0.00ns)   --->   "%lane_words_3 = alloca i64 1" [../src/mpc_fpga_top.cpp:361]   --->   Operation 155 'alloca' 'lane_words_3' <Predicate = true> <Delay = 0.00> <CoreInst = "RAM">   --->   Core 82 'RAM' <Latency = 1> <II = 1> <Delay = 0.67> <Storage> <Opcode : 'load' 'store'> <Ports = 2> <Width = 26> <Depth = 11> <RAM>
ST_1 : Operation 156 [1/1] (0.00ns)   --->   "%lane_words_4 = alloca i64 1" [../src/mpc_fpga_top.cpp:361]   --->   Operation 156 'alloca' 'lane_words_4' <Predicate = true> <Delay = 0.00> <CoreInst = "RAM">   --->   Core 82 'RAM' <Latency = 1> <II = 1> <Delay = 0.67> <Storage> <Opcode : 'load' 'store'> <Ports = 2> <Width = 26> <Depth = 11> <RAM>
ST_1 : Operation 157 [1/1] (0.00ns)   --->   "%lane_words_5 = alloca i64 1" [../src/mpc_fpga_top.cpp:361]   --->   Operation 157 'alloca' 'lane_words_5' <Predicate = true> <Delay = 0.00> <CoreInst = "RAM">   --->   Core 82 'RAM' <Latency = 1> <II = 1> <Delay = 0.67> <Storage> <Opcode : 'load' 'store'> <Ports = 2> <Width = 26> <Depth = 11> <RAM>
ST_1 : Operation 158 [1/1] (0.00ns)   --->   "%lane_words_6 = alloca i64 1" [../src/mpc_fpga_top.cpp:361]   --->   Operation 158 'alloca' 'lane_words_6' <Predicate = true> <Delay = 0.00> <CoreInst = "RAM">   --->   Core 82 'RAM' <Latency = 1> <II = 1> <Delay = 0.67> <Storage> <Opcode : 'load' 'store'> <Ports = 2> <Width = 26> <Depth = 11> <RAM>
ST_1 : Operation 159 [1/1] (0.00ns)   --->   "%lane_words_7 = alloca i64 1" [../src/mpc_fpga_top.cpp:361]   --->   Operation 159 'alloca' 'lane_words_7' <Predicate = true> <Delay = 0.00> <CoreInst = "RAM">   --->   Core 82 'RAM' <Latency = 1> <II = 1> <Delay = 0.67> <Storage> <Opcode : 'load' 'store'> <Ports = 2> <Width = 32> <Depth = 11> <RAM>
ST_1 : Operation 160 [1/1] (0.00ns)   --->   "%lane_words_8 = alloca i64 1" [../src/mpc_fpga_top.cpp:361]   --->   Operation 160 'alloca' 'lane_words_8' <Predicate = true> <Delay = 0.00>
ST_1 : Operation 161 [1/1] (0.00ns)   --->   "%lane_words_9 = alloca i64 1" [../src/mpc_fpga_top.cpp:361]   --->   Operation 161 'alloca' 'lane_words_9' <Predicate = true> <Delay = 0.00>
ST_1 : Operation 162 [1/1] (0.00ns)   --->   "%lane_words_10 = alloca i64 1" [../src/mpc_fpga_top.cpp:361]   --->   Operation 162 'alloca' 'lane_words_10' <Predicate = true> <Delay = 0.00>
ST_1 : Operation 163 [1/1] (0.00ns)   --->   "%lane_words_11 = alloca i64 1" [../src/mpc_fpga_top.cpp:361]   --->   Operation 163 'alloca' 'lane_words_11' <Predicate = true> <Delay = 0.00>
ST_1 : Operation 164 [1/1] (0.00ns)   --->   "%lane_words_12 = alloca i64 1" [../src/mpc_fpga_top.cpp:361]   --->   Operation 164 'alloca' 'lane_words_12' <Predicate = true> <Delay = 0.00>
ST_1 : Operation 165 [1/1] (0.00ns)   --->   "%lane_words_13 = alloca i64 1" [../src/mpc_fpga_top.cpp:361]   --->   Operation 165 'alloca' 'lane_words_13' <Predicate = true> <Delay = 0.00>
ST_1 : Operation 166 [1/1] (0.00ns)   --->   "%lane_words_14 = alloca i64 1" [../src/mpc_fpga_top.cpp:361]   --->   Operation 166 'alloca' 'lane_words_14' <Predicate = true> <Delay = 0.00>
ST_1 : Operation 167 [1/1] (0.00ns)   --->   "%lane_words_15 = alloca i64 1" [../src/mpc_fpga_top.cpp:361]   --->   Operation 167 'alloca' 'lane_words_15' <Predicate = true> <Delay = 0.00>
ST_1 : Operation 168 [1/1] (0.00ns)   --->   "%ref_reference_heading_error = alloca i64 1" [../src/mpc_fpga_top.cpp:394]   --->   Operation 168 'alloca' 'ref_reference_heading_error' <Predicate = true> <Delay = 0.00>
ST_1 : Operation 169 [1/1] (0.00ns)   --->   "%ref_reference_lateral_error = alloca i64 1" [../src/mpc_fpga_top.cpp:394]   --->   Operation 169 'alloca' 'ref_reference_lateral_error' <Predicate = true> <Delay = 0.00>
ST_1 : Operation 170 [1/1] (0.00ns)   --->   "%ref_reference_velocity = alloca i64 1" [../src/mpc_fpga_top.cpp:394]   --->   Operation 170 'alloca' 'ref_reference_velocity' <Predicate = true> <Delay = 0.00>
ST_1 : Operation 171 [1/1] (0.00ns)   --->   "%ref_reference_lateral_velocity = alloca i64 1" [../src/mpc_fpga_top.cpp:394]   --->   Operation 171 'alloca' 'ref_reference_lateral_velocity' <Predicate = true> <Delay = 0.00>
ST_1 : Operation 172 [1/1] (0.00ns)   --->   "%ref_reference_yaw_rate = alloca i64 1" [../src/mpc_fpga_top.cpp:394]   --->   Operation 172 'alloca' 'ref_reference_yaw_rate' <Predicate = true> <Delay = 0.00>
ST_1 : Operation 173 [1/1] (0.00ns)   --->   "%ref_path_curvature = alloca i64 1" [../src/mpc_fpga_top.cpp:394]   --->   Operation 173 'alloca' 'ref_path_curvature' <Predicate = true> <Delay = 0.00>
ST_1 : Operation 174 [1/1] (0.00ns)   --->   "%ref_left_wall_bound = alloca i64 1" [../src/mpc_fpga_top.cpp:394]   --->   Operation 174 'alloca' 'ref_left_wall_bound' <Predicate = true> <Delay = 0.00>
ST_1 : Operation 175 [1/1] (0.00ns)   --->   "%ref_right_wall_bound = alloca i64 1" [../src/mpc_fpga_top.cpp:394]   --->   Operation 175 'alloca' 'ref_right_wall_bound' <Predicate = true> <Delay = 0.00>
ST_1 : Operation 176 [1/1] (0.00ns)   --->   "%out_steering = alloca i64 1" [../src/mpc_fpga_top.cpp:397]   --->   Operation 176 'alloca' 'out_steering' <Predicate = true> <Delay = 0.00>
ST_1 : Operation 177 [1/1] (0.00ns)   --->   "%out_accel = alloca i64 1" [../src/mpc_fpga_top.cpp:398]   --->   Operation 177 'alloca' 'out_accel' <Predicate = true> <Delay = 0.00>
ST_1 : Operation 178 [1/1] (0.00ns)   --->   "%out_status = alloca i64 1" [../src/mpc_fpga_top.cpp:399]   --->   Operation 178 'alloca' 'out_status' <Predicate = true> <Delay = 0.00>
ST_1 : Operation 179 [1/1] (0.00ns)   --->   "%out_iters = alloca i64 1" [../src/mpc_fpga_top.cpp:400]   --->   Operation 179 'alloca' 'out_iters' <Predicate = true> <Delay = 0.00>

State 2 <SV = 1> <Delay = 4.50>
ST_2 : Operation 180 [2/2] (4.50ns)   --->   "%call_ln367 = call void @(anonymous namespace)unpack_input_lane_words, i512 %gmem0, i64 %input_words512_read, i32 %lane_words, i32 %lane_words_1, i32 %lane_words_2, i26 %lane_words_3, i26 %lane_words_4, i26 %lane_words_5, i26 %lane_words_6, i32 %lane_words_7, i26 %lane_words_8, i26 %lane_words_9, i26 %lane_words_10, i26 %lane_words_11, i26 %lane_words_12, i26 %lane_words_13, i26 %lane_words_14, i26 %lane_words_15" [../src/mpc_fpga_top.cpp:367]   --->   Operation 180 'call' 'call_ln367' <Predicate = true> <Delay = 4.50> <CoreType = "Generic">   --->   Generic Core

State 3 <SV = 2> <Delay = 0.00>
ST_3 : Operation 181 [1/2] (0.00ns)   --->   "%call_ln367 = call void @(anonymous namespace)unpack_input_lane_words, i512 %gmem0, i64 %input_words512_read, i32 %lane_words, i32 %lane_words_1, i32 %lane_words_2, i26 %lane_words_3, i26 %lane_words_4, i26 %lane_words_5, i26 %lane_words_6, i32 %lane_words_7, i26 %lane_words_8, i26 %lane_words_9, i26 %lane_words_10, i26 %lane_words_11, i26 %lane_words_12, i26 %lane_words_13, i26 %lane_words_14, i26 %lane_words_15" [../src/mpc_fpga_top.cpp:367]   --->   Operation 181 'call' 'call_ln367' <Predicate = true> <Delay = 0.00> <CoreType = "Generic">   --->   Generic Core

State 4 <SV = 3> <Delay = 0.67>
ST_4 : Operation 182 [1/1] (0.00ns)   --->   "%lane_words_addr = getelementptr i32 %lane_words, i64 0, i64 0" [../src/mpc_fpga_top.cpp:367]   --->   Operation 182 'getelementptr' 'lane_words_addr' <Predicate = true> <Delay = 0.00>
ST_4 : Operation 183 [2/2] (0.67ns)   --->   "%ey_word = load i4 %lane_words_addr" [../src/mpc_fpga_top.cpp:369]   --->   Operation 183 'load' 'ey_word' <Predicate = true> <Delay = 0.67> <CoreInst = "RAM">   --->   Core 82 'RAM' <Latency = 1> <II = 1> <Delay = 0.67> <Storage> <Opcode : 'load' 'store'> <Ports = 2> <Width = 32> <Depth = 11> <RAM>
ST_4 : Operation 184 [1/1] (0.00ns)   --->   "%lane_words_1_addr = getelementptr i32 %lane_words_1, i64 0, i64 0" [../src/mpc_fpga_top.cpp:370]   --->   Operation 184 'getelementptr' 'lane_words_1_addr' <Predicate = true> <Delay = 0.00>
ST_4 : Operation 185 [2/2] (0.67ns)   --->   "%epsi_word = load i4 %lane_words_1_addr" [../src/mpc_fpga_top.cpp:370]   --->   Operation 185 'load' 'epsi_word' <Predicate = true> <Delay = 0.67> <CoreInst = "RAM">   --->   Core 82 'RAM' <Latency = 1> <II = 1> <Delay = 0.67> <Storage> <Opcode : 'load' 'store'> <Ports = 2> <Width = 32> <Depth = 11> <RAM>
ST_4 : Operation 186 [1/1] (0.00ns)   --->   "%lane_words_2_addr = getelementptr i32 %lane_words_2, i64 0, i64 0" [../src/mpc_fpga_top.cpp:371]   --->   Operation 186 'getelementptr' 'lane_words_2_addr' <Predicate = true> <Delay = 0.00>
ST_4 : Operation 187 [2/2] (0.67ns)   --->   "%vx_word = load i4 %lane_words_2_addr" [../src/mpc_fpga_top.cpp:371]   --->   Operation 187 'load' 'vx_word' <Predicate = true> <Delay = 0.67> <CoreInst = "RAM">   --->   Core 82 'RAM' <Latency = 1> <II = 1> <Delay = 0.67> <Storage> <Opcode : 'load' 'store'> <Ports = 2> <Width = 32> <Depth = 11> <RAM>
ST_4 : Operation 188 [1/1] (0.00ns)   --->   "%lane_words_3_addr = getelementptr i26 %lane_words_3, i64 0, i64 0" [../src/mpc_fpga_top.cpp:372]   --->   Operation 188 'getelementptr' 'lane_words_3_addr' <Predicate = true> <Delay = 0.00>
ST_4 : Operation 189 [2/2] (0.67ns)   --->   "%vy_word = load i4 %lane_words_3_addr" [../src/mpc_fpga_top.cpp:129->../src/mpc_fpga_top.cpp:404]   --->   Operation 189 'load' 'vy_word' <Predicate = true> <Delay = 0.67> <CoreInst = "RAM">   --->   Core 82 'RAM' <Latency = 1> <II = 1> <Delay = 0.67> <Storage> <Opcode : 'load' 'store'> <Ports = 2> <Width = 26> <Depth = 11> <RAM>
ST_4 : Operation 190 [1/1] (0.00ns)   --->   "%lane_words_4_addr = getelementptr i26 %lane_words_4, i64 0, i64 0" [../src/mpc_fpga_top.cpp:373]   --->   Operation 190 'getelementptr' 'lane_words_4_addr' <Predicate = true> <Delay = 0.00>
ST_4 : Operation 191 [2/2] (0.67ns)   --->   "%omega_word = load i4 %lane_words_4_addr" [../src/mpc_fpga_top.cpp:129->../src/mpc_fpga_top.cpp:405]   --->   Operation 191 'load' 'omega_word' <Predicate = true> <Delay = 0.67> <CoreInst = "RAM">   --->   Core 82 'RAM' <Latency = 1> <II = 1> <Delay = 0.67> <Storage> <Opcode : 'load' 'store'> <Ports = 2> <Width = 26> <Depth = 11> <RAM>
ST_4 : Operation 192 [1/1] (0.00ns)   --->   "%lane_words_5_addr = getelementptr i26 %lane_words_5, i64 0, i64 0" [../src/mpc_fpga_top.cpp:374]   --->   Operation 192 'getelementptr' 'lane_words_5_addr' <Predicate = true> <Delay = 0.00>
ST_4 : Operation 193 [2/2] (0.67ns)   --->   "%steering_word = load i4 %lane_words_5_addr" [../src/mpc_fpga_top.cpp:129->../src/mpc_fpga_top.cpp:406]   --->   Operation 193 'load' 'steering_word' <Predicate = true> <Delay = 0.67> <CoreInst = "RAM">   --->   Core 82 'RAM' <Latency = 1> <II = 1> <Delay = 0.67> <Storage> <Opcode : 'load' 'store'> <Ports = 2> <Width = 26> <Depth = 11> <RAM>
ST_4 : Operation 194 [1/1] (0.00ns)   --->   "%lane_words_6_addr = getelementptr i26 %lane_words_6, i64 0, i64 0" [../src/mpc_fpga_top.cpp:376]   --->   Operation 194 'getelementptr' 'lane_words_6_addr' <Predicate = true> <Delay = 0.00>
ST_4 : Operation 195 [2/2] (0.67ns)   --->   "%control_flags = load i4 %lane_words_6_addr" [../src/mpc_fpga_top.cpp:376]   --->   Operation 195 'load' 'control_flags' <Predicate = true> <Delay = 0.67> <CoreInst = "RAM">   --->   Core 82 'RAM' <Latency = 1> <II = 1> <Delay = 0.67> <Storage> <Opcode : 'load' 'store'> <Ports = 2> <Width = 26> <Depth = 11> <RAM>
ST_4 : Operation 196 [1/1] (0.00ns)   --->   "%lane_words_7_addr = getelementptr i32 %lane_words_7, i64 0, i64 0" [../src/mpc_fpga_top.cpp:377]   --->   Operation 196 'getelementptr' 'lane_words_7_addr' <Predicate = true> <Delay = 0.00>
ST_4 : Operation 197 [2/2] (0.67ns)   --->   "%prev_accel_word = load i4 %lane_words_7_addr" [../src/mpc_fpga_top.cpp:377]   --->   Operation 197 'load' 'prev_accel_word' <Predicate = true> <Delay = 0.67> <CoreInst = "RAM">   --->   Core 82 'RAM' <Latency = 1> <II = 1> <Delay = 0.67> <Storage> <Opcode : 'load' 'store'> <Ports = 2> <Width = 32> <Depth = 11> <RAM>

State 5 <SV = 4> <Delay = 0.67>
ST_5 : Operation 198 [1/1] (0.00ns)   --->   "%spectopmodule_ln344 = spectopmodule void @_ssdm_op_SpecTopModule, void @empty_499" [../src/mpc_fpga_top.cpp:344]   --->   Operation 198 'spectopmodule' 'spectopmodule_ln344' <Predicate = true> <Delay = 0.00>
ST_5 : Operation 199 [1/1] (0.00ns)   --->   "%specinterface_ln344 = specinterface void @_ssdm_op_SpecInterface, i32 0, void @empty_501, i32 0, i32 0, void @empty_524, i32 0, i32 0, void @empty_524, void @empty_524, void @empty_524, i32 0, i32 0, i32 0, i32 0, void @empty_524, void @empty_524, i32 4294967295, i32 0, i32 0, i32 0" [../src/mpc_fpga_top.cpp:344]   --->   Operation 199 'specinterface' 'specinterface_ln344' <Predicate = true> <Delay = 0.00>
ST_5 : Operation 200 [1/1] (0.00ns)   --->   "%specinterface_ln0 = specinterface void @_ssdm_op_SpecInterface, i512 %gmem0, void @empty_523, i32 0, i32 0, void @empty_524, i32 64, i32 11, void @empty_515, void @empty_430, void @empty_524, i32 16, i32 16, i32 16, i32 16, void @empty_524, void @empty_524, i32 4294967295, i32 0, i32 0, i32 64"   --->   Operation 200 'specinterface' 'specinterface_ln0' <Predicate = true> <Delay = 0.00>
ST_5 : Operation 201 [1/1] (0.00ns)   --->   "%specbitsmap_ln0 = specbitsmap void @_ssdm_op_SpecBitsMap, i512 %gmem0"   --->   Operation 201 'specbitsmap' 'specbitsmap_ln0' <Predicate = true> <Delay = 0.00>
ST_5 : Operation 202 [1/1] (0.00ns)   --->   "%specinterface_ln0 = specinterface void @_ssdm_op_SpecInterface, i128 %gmem1, void @empty_523, i32 0, i32 0, void @empty_524, i32 64, i32 1, void @empty_489, void @empty_430, void @empty_524, i32 16, i32 16, i32 16, i32 16, void @empty_524, void @empty_524, i32 4294967295, i32 0, i32 0, i32 16"   --->   Operation 202 'specinterface' 'specinterface_ln0' <Predicate = true> <Delay = 0.00>
ST_5 : Operation 203 [1/1] (0.00ns)   --->   "%specbitsmap_ln0 = specbitsmap void @_ssdm_op_SpecBitsMap, i128 %gmem1"   --->   Operation 203 'specbitsmap' 'specbitsmap_ln0' <Predicate = true> <Delay = 0.00>
ST_5 : Operation 204 [1/1] (0.00ns)   --->   "%specinterface_ln0 = specinterface void @_ssdm_op_SpecInterface, i64 %input_words512, void @empty_518, i32 4294967295, i32 4294967295, void @empty_524, i32 0, i32 0, void @empty_491, void @empty_502, void @empty_524, i32 0, i32 0, i32 0, i32 0, void @empty_524, void @empty_493, i32 4294967295, i32 0, i32 0, i32 0"   --->   Operation 204 'specinterface' 'specinterface_ln0' <Predicate = true> <Delay = 0.00>
ST_5 : Operation 205 [1/1] (0.00ns)   --->   "%specinterface_ln0 = specinterface void @_ssdm_op_SpecInterface, i64 %input_words512, void @empty_532, i32 0, i32 0, void @empty_524, i32 0, i32 0, void @empty_524, void @empty_524, void @empty_524, i32 0, i32 0, i32 0, i32 0, void @empty_524, void @empty_493, i32 4294967295, i32 0, i32 0, i32 0"   --->   Operation 205 'specinterface' 'specinterface_ln0' <Predicate = true> <Delay = 0.00>
ST_5 : Operation 206 [1/1] (0.00ns)   --->   "%specinterface_ln0 = specinterface void @_ssdm_op_SpecInterface, i64 %output_words128, void @empty_518, i32 4294967295, i32 4294967295, void @empty_524, i32 0, i32 0, void @empty_491, void @empty_533, void @empty_524, i32 0, i32 0, i32 0, i32 0, void @empty_524, void @empty_493, i32 4294967295, i32 0, i32 0, i32 0"   --->   Operation 206 'specinterface' 'specinterface_ln0' <Predicate = true> <Delay = 0.00>
ST_5 : Operation 207 [1/1] (0.00ns)   --->   "%specinterface_ln0 = specinterface void @_ssdm_op_SpecInterface, i64 %output_words128, void @empty_532, i32 0, i32 0, void @empty_524, i32 0, i32 0, void @empty_524, void @empty_524, void @empty_524, i32 0, i32 0, i32 0, i32 0, void @empty_524, void @empty_493, i32 4294967295, i32 0, i32 0, i32 0"   --->   Operation 207 'specinterface' 'specinterface_ln0' <Predicate = true> <Delay = 0.00>
ST_5 : Operation 208 [1/1] (0.00ns)   --->   "%specinterface_ln0 = specinterface void @_ssdm_op_SpecInterface, i32 0, void @empty_518, i32 0, i32 0, void @empty_524, i32 0, i32 0, void @empty_491, void @empty_524, void @empty_524, i32 0, i32 0, i32 0, i32 0, void @empty_524, void @empty_524, i32 0, i32 0, i32 0, i32 0"   --->   Operation 208 'specinterface' 'specinterface_ln0' <Predicate = true> <Delay = 0.00>
ST_5 : Operation 209 [1/2] ( I:0.67ns O:0.67ns )   --->   "%ey_word = load i4 %lane_words_addr" [../src/mpc_fpga_top.cpp:369]   --->   Operation 209 'load' 'ey_word' <Predicate = true> <Delay = 0.67> <CoreInst = "RAM">   --->   Core 82 'RAM' <Latency = 1> <II = 1> <Delay = 0.67> <Storage> <Opcode : 'load' 'store'> <Ports = 2> <Width = 32> <Depth = 11> <RAM>
ST_5 : Operation 210 [1/2] ( I:0.67ns O:0.67ns )   --->   "%epsi_word = load i4 %lane_words_1_addr" [../src/mpc_fpga_top.cpp:370]   --->   Operation 210 'load' 'epsi_word' <Predicate = true> <Delay = 0.67> <CoreInst = "RAM">   --->   Core 82 'RAM' <Latency = 1> <II = 1> <Delay = 0.67> <Storage> <Opcode : 'load' 'store'> <Ports = 2> <Width = 32> <Depth = 11> <RAM>
ST_5 : Operation 211 [1/2] ( I:0.67ns O:0.67ns )   --->   "%vx_word = load i4 %lane_words_2_addr" [../src/mpc_fpga_top.cpp:371]   --->   Operation 211 'load' 'vx_word' <Predicate = true> <Delay = 0.67> <CoreInst = "RAM">   --->   Core 82 'RAM' <Latency = 1> <II = 1> <Delay = 0.67> <Storage> <Opcode : 'load' 'store'> <Ports = 2> <Width = 32> <Depth = 11> <RAM>
ST_5 : Operation 212 [1/2] ( I:0.67ns O:0.67ns )   --->   "%vy_word = load i4 %lane_words_3_addr" [../src/mpc_fpga_top.cpp:129->../src/mpc_fpga_top.cpp:404]   --->   Operation 212 'load' 'vy_word' <Predicate = true> <Delay = 0.67> <CoreInst = "RAM">   --->   Core 82 'RAM' <Latency = 1> <II = 1> <Delay = 0.67> <Storage> <Opcode : 'load' 'store'> <Ports = 2> <Width = 26> <Depth = 11> <RAM>
ST_5 : Operation 213 [1/2] ( I:0.67ns O:0.67ns )   --->   "%omega_word = load i4 %lane_words_4_addr" [../src/mpc_fpga_top.cpp:129->../src/mpc_fpga_top.cpp:405]   --->   Operation 213 'load' 'omega_word' <Predicate = true> <Delay = 0.67> <CoreInst = "RAM">   --->   Core 82 'RAM' <Latency = 1> <II = 1> <Delay = 0.67> <Storage> <Opcode : 'load' 'store'> <Ports = 2> <Width = 26> <Depth = 11> <RAM>
ST_5 : Operation 214 [1/2] ( I:0.67ns O:0.67ns )   --->   "%steering_word = load i4 %lane_words_5_addr" [../src/mpc_fpga_top.cpp:129->../src/mpc_fpga_top.cpp:406]   --->   Operation 214 'load' 'steering_word' <Predicate = true> <Delay = 0.67> <CoreInst = "RAM">   --->   Core 82 'RAM' <Latency = 1> <II = 1> <Delay = 0.67> <Storage> <Opcode : 'load' 'store'> <Ports = 2> <Width = 26> <Depth = 11> <RAM>
ST_5 : Operation 215 [1/2] ( I:0.67ns O:0.67ns )   --->   "%control_flags = load i4 %lane_words_6_addr" [../src/mpc_fpga_top.cpp:376]   --->   Operation 215 'load' 'control_flags' <Predicate = true> <Delay = 0.67> <CoreInst = "RAM">   --->   Core 82 'RAM' <Latency = 1> <II = 1> <Delay = 0.67> <Storage> <Opcode : 'load' 'store'> <Ports = 2> <Width = 26> <Depth = 11> <RAM>
ST_5 : Operation 216 [1/1] (0.00ns)   --->   "%trunc_ln375 = trunc i26 %control_flags" [../src/mpc_fpga_top.cpp:375]   --->   Operation 216 'trunc' 'trunc_ln375' <Predicate = true> <Delay = 0.00>
ST_5 : Operation 217 [1/2] ( I:0.67ns O:0.67ns )   --->   "%prev_accel_word = load i4 %lane_words_7_addr" [../src/mpc_fpga_top.cpp:377]   --->   Operation 217 'load' 'prev_accel_word' <Predicate = true> <Delay = 0.67> <CoreInst = "RAM">   --->   Core 82 'RAM' <Latency = 1> <II = 1> <Delay = 0.67> <Storage> <Opcode : 'load' 'store'> <Ports = 2> <Width = 32> <Depth = 11> <RAM>
ST_5 : Operation 218 [1/1] (0.00ns)   --->   "%tmp = bitselect i1 @_ssdm_op_BitSelect.i1.i26.i32, i26 %control_flags, i32 3" [../src/mpc_fpga_top.cpp:388]   --->   Operation 218 'bitselect' 'tmp' <Predicate = true> <Delay = 0.00>
ST_5 : Operation 219 [1/1] (0.00ns)   --->   "%br_ln388 = br i1 %tmp, void %if.end16, void %if.then13" [../src/mpc_fpga_top.cpp:388]   --->   Operation 219 'br' 'br_ln388' <Predicate = true> <Delay = 0.00>
ST_5 : Operation 220 [1/1] (0.00ns)   --->   "%store_ln397 = store i26 0, i26 %out_steering" [../src/mpc_fpga_top.cpp:397]   --->   Operation 220 'store' 'store_ln397' <Predicate = (!tmp)> <Delay = 0.00>
ST_5 : Operation 221 [1/1] (0.00ns)   --->   "%store_ln398 = store i26 0, i26 %out_accel" [../src/mpc_fpga_top.cpp:398]   --->   Operation 221 'store' 'store_ln398' <Predicate = (!tmp)> <Delay = 0.00>
ST_5 : Operation 222 [1/1] (0.00ns)   --->   "%store_ln399 = store i1 1, i1 %out_status" [../src/mpc_fpga_top.cpp:399]   --->   Operation 222 'store' 'store_ln399' <Predicate = (!tmp)> <Delay = 0.00>
ST_5 : Operation 223 [1/1] (0.00ns)   --->   "%store_ln400 = store i32 0, i32 %out_iters" [../src/mpc_fpga_top.cpp:400]   --->   Operation 223 'store' 'store_ln400' <Predicate = (!tmp)> <Delay = 0.00>
ST_5 : Operation 224 [1/1] (0.00ns)   --->   "%store_ln0 = store i11 1128, i11 %out_steering_arg_index"   --->   Operation 224 'store' 'store_ln0' <Predicate = (!tmp)> <Delay = 0.00>
ST_5 : Operation 225 [1/1] (0.00ns)   --->   "%store_ln0 = store i11 1136, i11 %out_accel_arg_index"   --->   Operation 225 'store' 'store_ln0' <Predicate = (!tmp)> <Delay = 0.00>
ST_5 : Operation 226 [1/1] (0.00ns)   --->   "%store_ln0 = store i11 1144, i11 %out_status_arg_index"   --->   Operation 226 'store' 'store_ln0' <Predicate = (!tmp)> <Delay = 0.00>
ST_5 : Operation 227 [1/1] (0.00ns)   --->   "%store_ln0 = store i11 1152, i11 %out_iters_arg_index"   --->   Operation 227 'store' 'store_ln0' <Predicate = (!tmp)> <Delay = 0.00>

State 6 <SV = 5> <Delay = 0.00>
ST_6 : Operation 228 [2/2] (0.00ns)   --->   "%call_ln395 = call void @(anonymous namespace)fill_mpc_reference_trajectory_from_lane_words, i32 %lane_words, i32 %lane_words_1, i32 %lane_words_2, i26 %lane_words_3, i26 %lane_words_4, i26 %lane_words_5, i26 %lane_words_6, i32 %lane_words_7, i26 %lane_words_8, i26 %lane_words_9, i26 %lane_words_10, i26 %lane_words_11, i26 %lane_words_12, i26 %lane_words_13, i26 %lane_words_14, i26 %lane_words_15, i26 %ref_reference_heading_error, i26 %ref_reference_lateral_error, i26 %ref_reference_velocity, i26 %ref_reference_lateral_velocity, i26 %ref_reference_yaw_rate, i26 %ref_path_curvature, i26 %ref_left_wall_bound, i26 %ref_right_wall_bound" [../src/mpc_fpga_top.cpp:395]   --->   Operation 228 'call' 'call_ln395' <Predicate = true> <Delay = 0.00> <CoreType = "Generic">   --->   Generic Core
ST_6 : Operation 229 [1/1] (0.00ns)   --->   "%trunc_ln1 = partselect i60 @_ssdm_op_PartSelect.i60.i64.i32.i32, i64 %output_words128_read, i32 4, i32 63" [../src/mpc_fpga_top.cpp:410]   --->   Operation 229 'partselect' 'trunc_ln1' <Predicate = true> <Delay = 0.00>

State 7 <SV = 6> <Delay = 1.64>
ST_7 : Operation 230 [1/2] (1.64ns)   --->   "%call_ln395 = call void @(anonymous namespace)fill_mpc_reference_trajectory_from_lane_words, i32 %lane_words, i32 %lane_words_1, i32 %lane_words_2, i26 %lane_words_3, i26 %lane_words_4, i26 %lane_words_5, i26 %lane_words_6, i32 %lane_words_7, i26 %lane_words_8, i26 %lane_words_9, i26 %lane_words_10, i26 %lane_words_11, i26 %lane_words_12, i26 %lane_words_13, i26 %lane_words_14, i26 %lane_words_15, i26 %ref_reference_heading_error, i26 %ref_reference_lateral_error, i26 %ref_reference_velocity, i26 %ref_reference_lateral_velocity, i26 %ref_reference_yaw_rate, i26 %ref_path_curvature, i26 %ref_left_wall_bound, i26 %ref_right_wall_bound" [../src/mpc_fpga_top.cpp:395]   --->   Operation 230 'call' 'call_ln395' <Predicate = true> <Delay = 1.64> <CoreType = "Generic">   --->   Generic Core
ST_7 : Operation 231 [1/1] (0.00ns)   --->   "%raw = trunc i32 %ey_word" [../src/mpc_fpga_top.cpp:129->../src/mpc_fpga_top.cpp:402]   --->   Operation 231 'trunc' 'raw' <Predicate = true> <Delay = 0.00>
ST_7 : Operation 232 [1/1] (0.00ns)   --->   "%raw_2 = trunc i32 %epsi_word" [../src/mpc_fpga_top.cpp:129->../src/mpc_fpga_top.cpp:403]   --->   Operation 232 'trunc' 'raw_2' <Predicate = true> <Delay = 0.00>
ST_7 : Operation 233 [1/1] (0.95ns)   --->   "%icmp_ln415 = icmp_sgt  i26 %raw_2, i26 51471" [../src/fp_math_hls.cpp:415->../src/mpc_fpga_top.cpp:403]   --->   Operation 233 'icmp' 'icmp_ln415' <Predicate = true> <Delay = 0.95> <CoreInst = "Cmp">   --->   Core 9 'Cmp' <Latency = 0> <II = 1> <Delay = 0.95> <FuncUnit> <Opcode : 'seteq' 'setne' 'setle' 'setge' 'setlt' 'setgt'> <InPorts = 2> <OutPorts = 1>
ST_7 : Operation 234 [1/1] (0.95ns)   --->   "%angle_1 = add i26 %raw_2, i26 67005921" [../src/fp_math_hls.cpp:416->../src/mpc_fpga_top.cpp:403]   --->   Operation 234 'add' 'angle_1' <Predicate = true> <Delay = 0.95> <CoreInst = "Adder">   --->   Core 1 'Adder' <Latency = 0> <II = 1> <Delay = 0.95> <FuncUnit> <Opcode : 'add' 'sub'> <InPorts = 2> <OutPorts = 1>
ST_7 : Operation 235 [1/1] (0.32ns)   --->   "%angle_2 = select i1 %icmp_ln415, i26 %angle_1, i26 %raw_2" [../src/fp_math_hls.cpp:415->../src/mpc_fpga_top.cpp:403]   --->   Operation 235 'select' 'angle_2' <Predicate = true> <Delay = 0.32> <CoreInst = "Sel">   --->   Core 73 'Sel' <Latency = 0> <II = 1> <Delay = 0.32> <FuncUnit> <Opcode : 'select'> <InPorts = 3> <OutPorts = 1>
ST_7 : Operation 236 [1/1] (0.00ns)   --->   "%raw_3 = trunc i32 %vx_word" [../src/mpc_fpga_top.cpp:129->../src/mpc_fpga_top.cpp:404]   --->   Operation 236 'trunc' 'raw_3' <Predicate = true> <Delay = 0.00>
ST_7 : Operation 237 [1/1] (0.00ns)   --->   "%raw_4 = trunc i32 %prev_accel_word" [../src/mpc_fpga_top.cpp:129->../src/mpc_fpga_top.cpp:407]   --->   Operation 237 'trunc' 'raw_4' <Predicate = true> <Delay = 0.00>

State 8 <SV = 7> <Delay = 3.83>
ST_8 : Operation 238 [1/1] (0.95ns)   --->   "%icmp_ln417 = icmp_slt  i26 %angle_2, i26 67057393" [../src/fp_math_hls.cpp:417->../src/mpc_fpga_top.cpp:403]   --->   Operation 238 'icmp' 'icmp_ln417' <Predicate = true> <Delay = 0.95> <CoreInst = "Cmp">   --->   Core 9 'Cmp' <Latency = 0> <II = 1> <Delay = 0.95> <FuncUnit> <Opcode : 'seteq' 'setne' 'setle' 'setge' 'setlt' 'setgt'> <InPorts = 2> <OutPorts = 1>
ST_8 : Operation 239 [1/1] (0.95ns)   --->   "%angle_3 = add i26 %angle_2, i26 102943" [../src/fp_math_hls.cpp:418->../src/mpc_fpga_top.cpp:403]   --->   Operation 239 'add' 'angle_3' <Predicate = true> <Delay = 0.95> <CoreInst = "Adder">   --->   Core 1 'Adder' <Latency = 0> <II = 1> <Delay = 0.95> <FuncUnit> <Opcode : 'add' 'sub'> <InPorts = 2> <OutPorts = 1>
ST_8 : Operation 240 [1/1] (0.32ns)   --->   "%angle_4 = select i1 %icmp_ln417, i26 %angle_3, i26 %angle_2" [../src/fp_math_hls.cpp:417->../src/mpc_fpga_top.cpp:403]   --->   Operation 240 'select' 'angle_4' <Predicate = true> <Delay = 0.32> <CoreInst = "Sel">   --->   Core 73 'Sel' <Latency = 0> <II = 1> <Delay = 0.32> <FuncUnit> <Opcode : 'select'> <InPorts = 3> <OutPorts = 1>
ST_8 : Operation 241 [1/1] (0.95ns)   --->   "%icmp_ln415_1 = icmp_sgt  i26 %angle_4, i26 51471" [../src/fp_math_hls.cpp:415->../src/mpc_fpga_top.cpp:403]   --->   Operation 241 'icmp' 'icmp_ln415_1' <Predicate = true> <Delay = 0.95> <CoreInst = "Cmp">   --->   Core 9 'Cmp' <Latency = 0> <II = 1> <Delay = 0.95> <FuncUnit> <Opcode : 'seteq' 'setne' 'setle' 'setge' 'setlt' 'setgt'> <InPorts = 2> <OutPorts = 1>
ST_8 : Operation 242 [1/1] (0.95ns)   --->   "%angle_5 = add i26 %angle_4, i26 67005921" [../src/fp_math_hls.cpp:416->../src/mpc_fpga_top.cpp:403]   --->   Operation 242 'add' 'angle_5' <Predicate = true> <Delay = 0.95> <CoreInst = "Adder">   --->   Core 1 'Adder' <Latency = 0> <II = 1> <Delay = 0.95> <FuncUnit> <Opcode : 'add' 'sub'> <InPorts = 2> <OutPorts = 1>
ST_8 : Operation 243 [1/1] (0.32ns)   --->   "%angle_6 = select i1 %icmp_ln415_1, i26 %angle_5, i26 %angle_4" [../src/fp_math_hls.cpp:415->../src/mpc_fpga_top.cpp:403]   --->   Operation 243 'select' 'angle_6' <Predicate = true> <Delay = 0.32> <CoreInst = "Sel">   --->   Core 73 'Sel' <Latency = 0> <II = 1> <Delay = 0.32> <FuncUnit> <Opcode : 'select'> <InPorts = 3> <OutPorts = 1>
ST_8 : Operation 244 [1/1] (0.95ns)   --->   "%icmp_ln417_1 = icmp_slt  i26 %angle_6, i26 67057393" [../src/fp_math_hls.cpp:417->../src/mpc_fpga_top.cpp:403]   --->   Operation 244 'icmp' 'icmp_ln417_1' <Predicate = true> <Delay = 0.95> <CoreInst = "Cmp">   --->   Core 9 'Cmp' <Latency = 0> <II = 1> <Delay = 0.95> <FuncUnit> <Opcode : 'seteq' 'setne' 'setle' 'setge' 'setlt' 'setgt'> <InPorts = 2> <OutPorts = 1>
ST_8 : Operation 245 [1/1] (0.95ns)   --->   "%angle_7 = add i26 %angle_6, i26 102943" [../src/fp_math_hls.cpp:418->../src/mpc_fpga_top.cpp:403]   --->   Operation 245 'add' 'angle_7' <Predicate = true> <Delay = 0.95> <CoreInst = "Adder">   --->   Core 1 'Adder' <Latency = 0> <II = 1> <Delay = 0.95> <FuncUnit> <Opcode : 'add' 'sub'> <InPorts = 2> <OutPorts = 1>
ST_8 : Operation 246 [1/1] (0.32ns)   --->   "%angle_8 = select i1 %icmp_ln417_1, i26 %angle_7, i26 %angle_6" [../src/fp_math_hls.cpp:417->../src/mpc_fpga_top.cpp:403]   --->   Operation 246 'select' 'angle_8' <Predicate = true> <Delay = 0.32> <CoreInst = "Sel">   --->   Core 73 'Sel' <Latency = 0> <II = 1> <Delay = 0.32> <FuncUnit> <Opcode : 'select'> <InPorts = 3> <OutPorts = 1>
ST_8 : Operation 247 [2/2] (0.00ns)   --->   "%call_ln402 = call void @(anonymous namespace)mpc_fpga_compute_core, i26 %raw, i26 %angle_8, i26 %raw_3, i26 %vy_word, i26 %omega_word, i26 %steering_word, i26 %raw_4, i3 %trunc_ln375, i26 %ref_reference_heading_error, i26 %ref_reference_lateral_error, i26 %ref_reference_velocity, i26 %ref_reference_lateral_velocity, i26 %ref_reference_yaw_rate, i26 %ref_path_curvature, i26 %ref_left_wall_bound, i26 %ref_right_wall_bound, i26 %out_steering, i26 %out_accel, i1 %out_status, i32 %out_iters, i11 %out_steering_arg_index, i11 %out_accel_arg_index, i11 %out_status_arg_index, i11 %out_iters_arg_index, i26 %p_anonymous_namespace_g_core_state_admm_z_x_0, i26 %p_anonymous_namespace_g_core_state_admm_z_x_1, i26 %p_anonymous_namespace_g_core_state_admm_z_x_2, i26 %p_anonymous_namespace_g_core_state_admm_z_x_3, i26 %p_anonymous_namespace_g_core_state_admm_z_x_4, i26 %p_anonymous_namespace_g_core_state_admm_z_x_5, i26 %p_anonymous_namespace_g_core_state_admm_z_x_6, i26 %p_anonymous_namespace_g_core_state_admm_z_x_7, i26 %p_anonymous_namespace_g_core_state_admm_y_x_0, i26 %p_anonymous_namespace_g_core_state_admm_y_x_1, i26 %p_anonymous_namespace_g_core_state_admm_y_x_2, i26 %p_anonymous_namespace_g_core_state_admm_y_x_3, i26 %p_anonymous_namespace_g_core_state_admm_y_x_4, i26 %p_anonymous_namespace_g_core_state_admm_y_x_5, i26 %p_anonymous_namespace_g_core_state_admm_y_x_6, i26 %p_anonymous_namespace_g_core_state_admm_y_x_7, i26 %p_anonymous_namespace_g_core_state_admm_z_u_0, i26 %p_anonymous_namespace_g_core_state_admm_z_u_1, i26 %p_anonymous_namespace_g_core_state_admm_y_u_0, i26 %p_anonymous_namespace_g_core_state_admm_y_u_1, i26 %p_anonymous_namespace_g_core_state_admm_rho, i26 %p_anonymous_namespace_g_core_state_admm_rho_u, i1 %p_anonymous_namespace_g_core_state_admm_initialized, i26 %p_anonymous_namespace_g_core_state_persist_prev_steer_rate, i26 %p_anonymous_namespace_g_core_state_persist_prev_accel, i26 %p_anonymous_namespace_g_core_state_persist_actual_steering, i26 %p_anonymous_namespace_g_core_state_persist_prev_curvature, i1 %p_anonymous_namespace_g_core_state_persist_prev_model_signature, i32 %p_anonymous_namespace_g_core_state_persist_max_iter_streak, i1 %p_anonymous_namespace_g_core_state_initialized, i15 %atan_lut, i14 %recip_lut_fn, i13 %sin_lut_fn, i14 %cos_lut_fn, i13 %atan_lut_fn, i16 %recip_lut, i8 %slope_lut" [../src/mpc_fpga_top.cpp:402]   --->   Operation 247 'call' 'call_ln402' <Predicate = true> <Delay = 0.00> <CoreType = "Generic">   --->   Generic Core

State 9 <SV = 8> <Delay = 1.01>
ST_9 : Operation 248 [1/2] (1.01ns)   --->   "%call_ln402 = call void @(anonymous namespace)mpc_fpga_compute_core, i26 %raw, i26 %angle_8, i26 %raw_3, i26 %vy_word, i26 %omega_word, i26 %steering_word, i26 %raw_4, i3 %trunc_ln375, i26 %ref_reference_heading_error, i26 %ref_reference_lateral_error, i26 %ref_reference_velocity, i26 %ref_reference_lateral_velocity, i26 %ref_reference_yaw_rate, i26 %ref_path_curvature, i26 %ref_left_wall_bound, i26 %ref_right_wall_bound, i26 %out_steering, i26 %out_accel, i1 %out_status, i32 %out_iters, i11 %out_steering_arg_index, i11 %out_accel_arg_index, i11 %out_status_arg_index, i11 %out_iters_arg_index, i26 %p_anonymous_namespace_g_core_state_admm_z_x_0, i26 %p_anonymous_namespace_g_core_state_admm_z_x_1, i26 %p_anonymous_namespace_g_core_state_admm_z_x_2, i26 %p_anonymous_namespace_g_core_state_admm_z_x_3, i26 %p_anonymous_namespace_g_core_state_admm_z_x_4, i26 %p_anonymous_namespace_g_core_state_admm_z_x_5, i26 %p_anonymous_namespace_g_core_state_admm_z_x_6, i26 %p_anonymous_namespace_g_core_state_admm_z_x_7, i26 %p_anonymous_namespace_g_core_state_admm_y_x_0, i26 %p_anonymous_namespace_g_core_state_admm_y_x_1, i26 %p_anonymous_namespace_g_core_state_admm_y_x_2, i26 %p_anonymous_namespace_g_core_state_admm_y_x_3, i26 %p_anonymous_namespace_g_core_state_admm_y_x_4, i26 %p_anonymous_namespace_g_core_state_admm_y_x_5, i26 %p_anonymous_namespace_g_core_state_admm_y_x_6, i26 %p_anonymous_namespace_g_core_state_admm_y_x_7, i26 %p_anonymous_namespace_g_core_state_admm_z_u_0, i26 %p_anonymous_namespace_g_core_state_admm_z_u_1, i26 %p_anonymous_namespace_g_core_state_admm_y_u_0, i26 %p_anonymous_namespace_g_core_state_admm_y_u_1, i26 %p_anonymous_namespace_g_core_state_admm_rho, i26 %p_anonymous_namespace_g_core_state_admm_rho_u, i1 %p_anonymous_namespace_g_core_state_admm_initialized, i26 %p_anonymous_namespace_g_core_state_persist_prev_steer_rate, i26 %p_anonymous_namespace_g_core_state_persist_prev_accel, i26 %p_anonymous_namespace_g_core_state_persist_actual_steering, i26 %p_anonymous_namespace_g_core_state_persist_prev_curvature, i1 %p_anonymous_namespace_g_core_state_persist_prev_model_signature, i32 %p_anonymous_namespace_g_core_state_persist_max_iter_streak, i1 %p_anonymous_namespace_g_core_state_initialized, i15 %atan_lut, i14 %recip_lut_fn, i13 %sin_lut_fn, i14 %cos_lut_fn, i13 %atan_lut_fn, i16 %recip_lut, i8 %slope_lut" [../src/mpc_fpga_top.cpp:402]   --->   Operation 248 'call' 'call_ln402' <Predicate = true> <Delay = 1.01> <CoreType = "Generic">   --->   Generic Core

State 10 <SV = 9> <Delay = 4.50>
ST_10 : Operation 249 [1/1] (0.00ns)   --->   "%sext_ln410 = sext i60 %trunc_ln1" [../src/mpc_fpga_top.cpp:410]   --->   Operation 249 'sext' 'sext_ln410' <Predicate = true> <Delay = 0.00>
ST_10 : Operation 250 [1/1] (0.00ns)   --->   "%gmem1_addr = getelementptr i128 %gmem1, i64 %sext_ln410" [../src/mpc_fpga_top.cpp:410]   --->   Operation 250 'getelementptr' 'gmem1_addr' <Predicate = true> <Delay = 0.00>
ST_10 : Operation 251 [1/1] ( I:4.50ns O:4.50ns )   --->   "%gmem1_addr_req = writereq i1 @_ssdm_op_WriteReq.m_axi.i128P1A, i128 %gmem1_addr, i64 1" [../src/mpc_fpga_top.cpp:410]   --->   Operation 251 'writereq' 'gmem1_addr_req' <Predicate = true> <Delay = 4.50> <CoreInst = "m_axi">   --->   Core 119 'm_axi' <Latency = 9> <II = 1> <Delay = 1.00> <Adapter> <Opcode : 'readrequnaligned' 'writerequnaligned' 'read' 'write' 'readreq' 'writereq' 'writeresp'>

State 11 <SV = 10> <Delay = 4.50>
ST_11 : Operation 252 [1/1] (0.00ns)   --->   "%out_steering_load = load i26 %out_steering" [../src/mpc_fpga_top.cpp:411]   --->   Operation 252 'load' 'out_steering_load' <Predicate = true> <Delay = 0.00>
ST_11 : Operation 253 [1/1] (0.00ns)   --->   "%sext_ln411 = sext i26 %out_steering_load" [../src/mpc_fpga_top.cpp:411]   --->   Operation 253 'sext' 'sext_ln411' <Predicate = true> <Delay = 0.00>
ST_11 : Operation 254 [1/1] (0.00ns)   --->   "%out_accel_load = load i26 %out_accel" [../src/mpc_fpga_top.cpp:411]   --->   Operation 254 'load' 'out_accel_load' <Predicate = true> <Delay = 0.00>
ST_11 : Operation 255 [1/1] (0.00ns)   --->   "%sext_ln411_1 = sext i26 %out_accel_load" [../src/mpc_fpga_top.cpp:411]   --->   Operation 255 'sext' 'sext_ln411_1' <Predicate = true> <Delay = 0.00>
ST_11 : Operation 256 [1/1] (0.00ns)   --->   "%out_status_load = load i1 %out_status" [../src/mpc_fpga_top.cpp:411]   --->   Operation 256 'load' 'out_status_load' <Predicate = true> <Delay = 0.00>
ST_11 : Operation 257 [1/1] (0.00ns)   --->   "%zext_ln411 = zext i1 %out_status_load" [../src/mpc_fpga_top.cpp:411]   --->   Operation 257 'zext' 'zext_ln411' <Predicate = true> <Delay = 0.00>
ST_11 : Operation 258 [1/1] (0.00ns)   --->   "%out_iters_load = load i32 %out_iters" [../src/mpc_fpga_top.cpp:411]   --->   Operation 258 'load' 'out_iters_load' <Predicate = true> <Delay = 0.00>
ST_11 : Operation 259 [1/1] (0.00ns)   --->   "%packed_out = bitconcatenate i128 @_ssdm_op_BitConcatenate.i128.i32.i32.i32.i32, i32 %out_iters_load, i32 %zext_ln411, i32 %sext_ln411_1, i32 %sext_ln411" [../src/mpc_fpga_top.cpp:253->../src/mpc_fpga_top.cpp:411]   --->   Operation 259 'bitconcatenate' 'packed_out' <Predicate = true> <Delay = 0.00>
ST_11 : Operation 260 [1/1] ( I:4.50ns O:4.50ns )   --->   "%write_ln410 = write void @_ssdm_op_Write.m_axi.i128P1A, i128 %gmem1_addr, i128 %packed_out, i16 65535" [../src/mpc_fpga_top.cpp:410]   --->   Operation 260 'write' 'write_ln410' <Predicate = true> <Delay = 4.50> <CoreInst = "m_axi">   --->   Core 119 'm_axi' <Latency = 5> <II = 1> <Delay = 1.00> <Adapter> <Opcode : 'readrequnaligned' 'writerequnaligned' 'read' 'write' 'readreq' 'writereq' 'writeresp'>

State 12 <SV = 11> <Delay = 0.00>
ST_12 : Operation 261 [68/68] (4.50ns)   --->   "%gmem1_addr_resp = writeresp i1 @_ssdm_op_WriteResp.m_axi.i128P1A, i128 %gmem1_addr" [../src/mpc_fpga_top.cpp:410]   --->   Operation 261 'writeresp' 'gmem1_addr_resp' <Predicate = true> <Delay = 4.50> <CoreInst = "m_axi">   --->   Core 119 'm_axi' <Latency = 3> <II = 1> <Delay = 1.00> <Adapter> <Opcode : 'readrequnaligned' 'writerequnaligned' 'read' 'write' 'readreq' 'writereq' 'writeresp'>

State 13 <SV = 12> <Delay = 0.00>
ST_13 : Operation 262 [67/68] (4.50ns)   --->   "%gmem1_addr_resp = writeresp i1 @_ssdm_op_WriteResp.m_axi.i128P1A, i128 %gmem1_addr" [../src/mpc_fpga_top.cpp:410]   --->   Operation 262 'writeresp' 'gmem1_addr_resp' <Predicate = true> <Delay = 4.50> <CoreInst = "m_axi">   --->   Core 119 'm_axi' <Latency = 3> <II = 1> <Delay = 1.00> <Adapter> <Opcode : 'readrequnaligned' 'writerequnaligned' 'read' 'write' 'readreq' 'writereq' 'writeresp'>

State 14 <SV = 13> <Delay = 0.00>
ST_14 : Operation 263 [66/68] (4.50ns)   --->   "%gmem1_addr_resp = writeresp i1 @_ssdm_op_WriteResp.m_axi.i128P1A, i128 %gmem1_addr" [../src/mpc_fpga_top.cpp:410]   --->   Operation 263 'writeresp' 'gmem1_addr_resp' <Predicate = true> <Delay = 4.50> <CoreInst = "m_axi">   --->   Core 119 'm_axi' <Latency = 3> <II = 1> <Delay = 1.00> <Adapter> <Opcode : 'readrequnaligned' 'writerequnaligned' 'read' 'write' 'readreq' 'writereq' 'writeresp'>

State 15 <SV = 14> <Delay = 0.00>
ST_15 : Operation 264 [65/68] (4.50ns)   --->   "%gmem1_addr_resp = writeresp i1 @_ssdm_op_WriteResp.m_axi.i128P1A, i128 %gmem1_addr" [../src/mpc_fpga_top.cpp:410]   --->   Operation 264 'writeresp' 'gmem1_addr_resp' <Predicate = true> <Delay = 4.50> <CoreInst = "m_axi">   --->   Core 119 'm_axi' <Latency = 3> <II = 1> <Delay = 1.00> <Adapter> <Opcode : 'readrequnaligned' 'writerequnaligned' 'read' 'write' 'readreq' 'writereq' 'writeresp'>

State 16 <SV = 15> <Delay = 0.00>
ST_16 : Operation 265 [64/68] (4.50ns)   --->   "%gmem1_addr_resp = writeresp i1 @_ssdm_op_WriteResp.m_axi.i128P1A, i128 %gmem1_addr" [../src/mpc_fpga_top.cpp:410]   --->   Operation 265 'writeresp' 'gmem1_addr_resp' <Predicate = true> <Delay = 4.50> <CoreInst = "m_axi">   --->   Core 119 'm_axi' <Latency = 3> <II = 1> <Delay = 1.00> <Adapter> <Opcode : 'readrequnaligned' 'writerequnaligned' 'read' 'write' 'readreq' 'writereq' 'writeresp'>

State 17 <SV = 16> <Delay = 0.00>
ST_17 : Operation 266 [63/68] (4.50ns)   --->   "%gmem1_addr_resp = writeresp i1 @_ssdm_op_WriteResp.m_axi.i128P1A, i128 %gmem1_addr" [../src/mpc_fpga_top.cpp:410]   --->   Operation 266 'writeresp' 'gmem1_addr_resp' <Predicate = true> <Delay = 4.50> <CoreInst = "m_axi">   --->   Core 119 'm_axi' <Latency = 3> <II = 1> <Delay = 1.00> <Adapter> <Opcode : 'readrequnaligned' 'writerequnaligned' 'read' 'write' 'readreq' 'writereq' 'writeresp'>

State 18 <SV = 17> <Delay = 0.00>
ST_18 : Operation 267 [62/68] (4.50ns)   --->   "%gmem1_addr_resp = writeresp i1 @_ssdm_op_WriteResp.m_axi.i128P1A, i128 %gmem1_addr" [../src/mpc_fpga_top.cpp:410]   --->   Operation 267 'writeresp' 'gmem1_addr_resp' <Predicate = true> <Delay = 4.50> <CoreInst = "m_axi">   --->   Core 119 'm_axi' <Latency = 3> <II = 1> <Delay = 1.00> <Adapter> <Opcode : 'readrequnaligned' 'writerequnaligned' 'read' 'write' 'readreq' 'writereq' 'writeresp'>

State 19 <SV = 18> <Delay = 0.00>
ST_19 : Operation 268 [61/68] (4.50ns)   --->   "%gmem1_addr_resp = writeresp i1 @_ssdm_op_WriteResp.m_axi.i128P1A, i128 %gmem1_addr" [../src/mpc_fpga_top.cpp:410]   --->   Operation 268 'writeresp' 'gmem1_addr_resp' <Predicate = true> <Delay = 4.50> <CoreInst = "m_axi">   --->   Core 119 'm_axi' <Latency = 3> <II = 1> <Delay = 1.00> <Adapter> <Opcode : 'readrequnaligned' 'writerequnaligned' 'read' 'write' 'readreq' 'writereq' 'writeresp'>

State 20 <SV = 19> <Delay = 0.00>
ST_20 : Operation 269 [60/68] (4.50ns)   --->   "%gmem1_addr_resp = writeresp i1 @_ssdm_op_WriteResp.m_axi.i128P1A, i128 %gmem1_addr" [../src/mpc_fpga_top.cpp:410]   --->   Operation 269 'writeresp' 'gmem1_addr_resp' <Predicate = true> <Delay = 4.50> <CoreInst = "m_axi">   --->   Core 119 'm_axi' <Latency = 3> <II = 1> <Delay = 1.00> <Adapter> <Opcode : 'readrequnaligned' 'writerequnaligned' 'read' 'write' 'readreq' 'writereq' 'writeresp'>

State 21 <SV = 20> <Delay = 0.00>
ST_21 : Operation 270 [59/68] (4.50ns)   --->   "%gmem1_addr_resp = writeresp i1 @_ssdm_op_WriteResp.m_axi.i128P1A, i128 %gmem1_addr" [../src/mpc_fpga_top.cpp:410]   --->   Operation 270 'writeresp' 'gmem1_addr_resp' <Predicate = true> <Delay = 4.50> <CoreInst = "m_axi">   --->   Core 119 'm_axi' <Latency = 3> <II = 1> <Delay = 1.00> <Adapter> <Opcode : 'readrequnaligned' 'writerequnaligned' 'read' 'write' 'readreq' 'writereq' 'writeresp'>

State 22 <SV = 21> <Delay = 0.00>
ST_22 : Operation 271 [58/68] (4.50ns)   --->   "%gmem1_addr_resp = writeresp i1 @_ssdm_op_WriteResp.m_axi.i128P1A, i128 %gmem1_addr" [../src/mpc_fpga_top.cpp:410]   --->   Operation 271 'writeresp' 'gmem1_addr_resp' <Predicate = true> <Delay = 4.50> <CoreInst = "m_axi">   --->   Core 119 'm_axi' <Latency = 3> <II = 1> <Delay = 1.00> <Adapter> <Opcode : 'readrequnaligned' 'writerequnaligned' 'read' 'write' 'readreq' 'writereq' 'writeresp'>

State 23 <SV = 22> <Delay = 0.00>
ST_23 : Operation 272 [57/68] (4.50ns)   --->   "%gmem1_addr_resp = writeresp i1 @_ssdm_op_WriteResp.m_axi.i128P1A, i128 %gmem1_addr" [../src/mpc_fpga_top.cpp:410]   --->   Operation 272 'writeresp' 'gmem1_addr_resp' <Predicate = true> <Delay = 4.50> <CoreInst = "m_axi">   --->   Core 119 'm_axi' <Latency = 3> <II = 1> <Delay = 1.00> <Adapter> <Opcode : 'readrequnaligned' 'writerequnaligned' 'read' 'write' 'readreq' 'writereq' 'writeresp'>

State 24 <SV = 23> <Delay = 0.00>
ST_24 : Operation 273 [56/68] (4.50ns)   --->   "%gmem1_addr_resp = writeresp i1 @_ssdm_op_WriteResp.m_axi.i128P1A, i128 %gmem1_addr" [../src/mpc_fpga_top.cpp:410]   --->   Operation 273 'writeresp' 'gmem1_addr_resp' <Predicate = true> <Delay = 4.50> <CoreInst = "m_axi">   --->   Core 119 'm_axi' <Latency = 3> <II = 1> <Delay = 1.00> <Adapter> <Opcode : 'readrequnaligned' 'writerequnaligned' 'read' 'write' 'readreq' 'writereq' 'writeresp'>

State 25 <SV = 24> <Delay = 0.00>
ST_25 : Operation 274 [55/68] (4.50ns)   --->   "%gmem1_addr_resp = writeresp i1 @_ssdm_op_WriteResp.m_axi.i128P1A, i128 %gmem1_addr" [../src/mpc_fpga_top.cpp:410]   --->   Operation 274 'writeresp' 'gmem1_addr_resp' <Predicate = true> <Delay = 4.50> <CoreInst = "m_axi">   --->   Core 119 'm_axi' <Latency = 3> <II = 1> <Delay = 1.00> <Adapter> <Opcode : 'readrequnaligned' 'writerequnaligned' 'read' 'write' 'readreq' 'writereq' 'writeresp'>

State 26 <SV = 25> <Delay = 0.00>
ST_26 : Operation 275 [54/68] (4.50ns)   --->   "%gmem1_addr_resp = writeresp i1 @_ssdm_op_WriteResp.m_axi.i128P1A, i128 %gmem1_addr" [../src/mpc_fpga_top.cpp:410]   --->   Operation 275 'writeresp' 'gmem1_addr_resp' <Predicate = true> <Delay = 4.50> <CoreInst = "m_axi">   --->   Core 119 'm_axi' <Latency = 3> <II = 1> <Delay = 1.00> <Adapter> <Opcode : 'readrequnaligned' 'writerequnaligned' 'read' 'write' 'readreq' 'writereq' 'writeresp'>

State 27 <SV = 26> <Delay = 0.00>
ST_27 : Operation 276 [53/68] (4.50ns)   --->   "%gmem1_addr_resp = writeresp i1 @_ssdm_op_WriteResp.m_axi.i128P1A, i128 %gmem1_addr" [../src/mpc_fpga_top.cpp:410]   --->   Operation 276 'writeresp' 'gmem1_addr_resp' <Predicate = true> <Delay = 4.50> <CoreInst = "m_axi">   --->   Core 119 'm_axi' <Latency = 3> <II = 1> <Delay = 1.00> <Adapter> <Opcode : 'readrequnaligned' 'writerequnaligned' 'read' 'write' 'readreq' 'writereq' 'writeresp'>

State 28 <SV = 27> <Delay = 0.00>
ST_28 : Operation 277 [52/68] (4.50ns)   --->   "%gmem1_addr_resp = writeresp i1 @_ssdm_op_WriteResp.m_axi.i128P1A, i128 %gmem1_addr" [../src/mpc_fpga_top.cpp:410]   --->   Operation 277 'writeresp' 'gmem1_addr_resp' <Predicate = true> <Delay = 4.50> <CoreInst = "m_axi">   --->   Core 119 'm_axi' <Latency = 3> <II = 1> <Delay = 1.00> <Adapter> <Opcode : 'readrequnaligned' 'writerequnaligned' 'read' 'write' 'readreq' 'writereq' 'writeresp'>

State 29 <SV = 28> <Delay = 0.00>
ST_29 : Operation 278 [51/68] (4.50ns)   --->   "%gmem1_addr_resp = writeresp i1 @_ssdm_op_WriteResp.m_axi.i128P1A, i128 %gmem1_addr" [../src/mpc_fpga_top.cpp:410]   --->   Operation 278 'writeresp' 'gmem1_addr_resp' <Predicate = true> <Delay = 4.50> <CoreInst = "m_axi">   --->   Core 119 'm_axi' <Latency = 3> <II = 1> <Delay = 1.00> <Adapter> <Opcode : 'readrequnaligned' 'writerequnaligned' 'read' 'write' 'readreq' 'writereq' 'writeresp'>

State 30 <SV = 29> <Delay = 0.00>
ST_30 : Operation 279 [50/68] (4.50ns)   --->   "%gmem1_addr_resp = writeresp i1 @_ssdm_op_WriteResp.m_axi.i128P1A, i128 %gmem1_addr" [../src/mpc_fpga_top.cpp:410]   --->   Operation 279 'writeresp' 'gmem1_addr_resp' <Predicate = true> <Delay = 4.50> <CoreInst = "m_axi">   --->   Core 119 'm_axi' <Latency = 3> <II = 1> <Delay = 1.00> <Adapter> <Opcode : 'readrequnaligned' 'writerequnaligned' 'read' 'write' 'readreq' 'writereq' 'writeresp'>

State 31 <SV = 30> <Delay = 0.00>
ST_31 : Operation 280 [49/68] (4.50ns)   --->   "%gmem1_addr_resp = writeresp i1 @_ssdm_op_WriteResp.m_axi.i128P1A, i128 %gmem1_addr" [../src/mpc_fpga_top.cpp:410]   --->   Operation 280 'writeresp' 'gmem1_addr_resp' <Predicate = true> <Delay = 4.50> <CoreInst = "m_axi">   --->   Core 119 'm_axi' <Latency = 3> <II = 1> <Delay = 1.00> <Adapter> <Opcode : 'readrequnaligned' 'writerequnaligned' 'read' 'write' 'readreq' 'writereq' 'writeresp'>

State 32 <SV = 31> <Delay = 0.00>
ST_32 : Operation 281 [48/68] (4.50ns)   --->   "%gmem1_addr_resp = writeresp i1 @_ssdm_op_WriteResp.m_axi.i128P1A, i128 %gmem1_addr" [../src/mpc_fpga_top.cpp:410]   --->   Operation 281 'writeresp' 'gmem1_addr_resp' <Predicate = true> <Delay = 4.50> <CoreInst = "m_axi">   --->   Core 119 'm_axi' <Latency = 3> <II = 1> <Delay = 1.00> <Adapter> <Opcode : 'readrequnaligned' 'writerequnaligned' 'read' 'write' 'readreq' 'writereq' 'writeresp'>

State 33 <SV = 32> <Delay = 0.00>
ST_33 : Operation 282 [47/68] (4.50ns)   --->   "%gmem1_addr_resp = writeresp i1 @_ssdm_op_WriteResp.m_axi.i128P1A, i128 %gmem1_addr" [../src/mpc_fpga_top.cpp:410]   --->   Operation 282 'writeresp' 'gmem1_addr_resp' <Predicate = true> <Delay = 4.50> <CoreInst = "m_axi">   --->   Core 119 'm_axi' <Latency = 3> <II = 1> <Delay = 1.00> <Adapter> <Opcode : 'readrequnaligned' 'writerequnaligned' 'read' 'write' 'readreq' 'writereq' 'writeresp'>

State 34 <SV = 33> <Delay = 0.00>
ST_34 : Operation 283 [46/68] (4.50ns)   --->   "%gmem1_addr_resp = writeresp i1 @_ssdm_op_WriteResp.m_axi.i128P1A, i128 %gmem1_addr" [../src/mpc_fpga_top.cpp:410]   --->   Operation 283 'writeresp' 'gmem1_addr_resp' <Predicate = true> <Delay = 4.50> <CoreInst = "m_axi">   --->   Core 119 'm_axi' <Latency = 3> <II = 1> <Delay = 1.00> <Adapter> <Opcode : 'readrequnaligned' 'writerequnaligned' 'read' 'write' 'readreq' 'writereq' 'writeresp'>

State 35 <SV = 34> <Delay = 0.00>
ST_35 : Operation 284 [45/68] (4.50ns)   --->   "%gmem1_addr_resp = writeresp i1 @_ssdm_op_WriteResp.m_axi.i128P1A, i128 %gmem1_addr" [../src/mpc_fpga_top.cpp:410]   --->   Operation 284 'writeresp' 'gmem1_addr_resp' <Predicate = true> <Delay = 4.50> <CoreInst = "m_axi">   --->   Core 119 'm_axi' <Latency = 3> <II = 1> <Delay = 1.00> <Adapter> <Opcode : 'readrequnaligned' 'writerequnaligned' 'read' 'write' 'readreq' 'writereq' 'writeresp'>

State 36 <SV = 35> <Delay = 0.00>
ST_36 : Operation 285 [44/68] (4.50ns)   --->   "%gmem1_addr_resp = writeresp i1 @_ssdm_op_WriteResp.m_axi.i128P1A, i128 %gmem1_addr" [../src/mpc_fpga_top.cpp:410]   --->   Operation 285 'writeresp' 'gmem1_addr_resp' <Predicate = true> <Delay = 4.50> <CoreInst = "m_axi">   --->   Core 119 'm_axi' <Latency = 3> <II = 1> <Delay = 1.00> <Adapter> <Opcode : 'readrequnaligned' 'writerequnaligned' 'read' 'write' 'readreq' 'writereq' 'writeresp'>

State 37 <SV = 36> <Delay = 0.00>
ST_37 : Operation 286 [43/68] (4.50ns)   --->   "%gmem1_addr_resp = writeresp i1 @_ssdm_op_WriteResp.m_axi.i128P1A, i128 %gmem1_addr" [../src/mpc_fpga_top.cpp:410]   --->   Operation 286 'writeresp' 'gmem1_addr_resp' <Predicate = true> <Delay = 4.50> <CoreInst = "m_axi">   --->   Core 119 'm_axi' <Latency = 3> <II = 1> <Delay = 1.00> <Adapter> <Opcode : 'readrequnaligned' 'writerequnaligned' 'read' 'write' 'readreq' 'writereq' 'writeresp'>

State 38 <SV = 37> <Delay = 0.00>
ST_38 : Operation 287 [42/68] (4.50ns)   --->   "%gmem1_addr_resp = writeresp i1 @_ssdm_op_WriteResp.m_axi.i128P1A, i128 %gmem1_addr" [../src/mpc_fpga_top.cpp:410]   --->   Operation 287 'writeresp' 'gmem1_addr_resp' <Predicate = true> <Delay = 4.50> <CoreInst = "m_axi">   --->   Core 119 'm_axi' <Latency = 3> <II = 1> <Delay = 1.00> <Adapter> <Opcode : 'readrequnaligned' 'writerequnaligned' 'read' 'write' 'readreq' 'writereq' 'writeresp'>

State 39 <SV = 38> <Delay = 0.00>
ST_39 : Operation 288 [41/68] (4.50ns)   --->   "%gmem1_addr_resp = writeresp i1 @_ssdm_op_WriteResp.m_axi.i128P1A, i128 %gmem1_addr" [../src/mpc_fpga_top.cpp:410]   --->   Operation 288 'writeresp' 'gmem1_addr_resp' <Predicate = true> <Delay = 4.50> <CoreInst = "m_axi">   --->   Core 119 'm_axi' <Latency = 3> <II = 1> <Delay = 1.00> <Adapter> <Opcode : 'readrequnaligned' 'writerequnaligned' 'read' 'write' 'readreq' 'writereq' 'writeresp'>

State 40 <SV = 39> <Delay = 0.00>
ST_40 : Operation 289 [40/68] (4.50ns)   --->   "%gmem1_addr_resp = writeresp i1 @_ssdm_op_WriteResp.m_axi.i128P1A, i128 %gmem1_addr" [../src/mpc_fpga_top.cpp:410]   --->   Operation 289 'writeresp' 'gmem1_addr_resp' <Predicate = true> <Delay = 4.50> <CoreInst = "m_axi">   --->   Core 119 'm_axi' <Latency = 3> <II = 1> <Delay = 1.00> <Adapter> <Opcode : 'readrequnaligned' 'writerequnaligned' 'read' 'write' 'readreq' 'writereq' 'writeresp'>

State 41 <SV = 40> <Delay = 0.00>
ST_41 : Operation 290 [39/68] (4.50ns)   --->   "%gmem1_addr_resp = writeresp i1 @_ssdm_op_WriteResp.m_axi.i128P1A, i128 %gmem1_addr" [../src/mpc_fpga_top.cpp:410]   --->   Operation 290 'writeresp' 'gmem1_addr_resp' <Predicate = true> <Delay = 4.50> <CoreInst = "m_axi">   --->   Core 119 'm_axi' <Latency = 3> <II = 1> <Delay = 1.00> <Adapter> <Opcode : 'readrequnaligned' 'writerequnaligned' 'read' 'write' 'readreq' 'writereq' 'writeresp'>

State 42 <SV = 41> <Delay = 0.00>
ST_42 : Operation 291 [38/68] (4.50ns)   --->   "%gmem1_addr_resp = writeresp i1 @_ssdm_op_WriteResp.m_axi.i128P1A, i128 %gmem1_addr" [../src/mpc_fpga_top.cpp:410]   --->   Operation 291 'writeresp' 'gmem1_addr_resp' <Predicate = true> <Delay = 4.50> <CoreInst = "m_axi">   --->   Core 119 'm_axi' <Latency = 3> <II = 1> <Delay = 1.00> <Adapter> <Opcode : 'readrequnaligned' 'writerequnaligned' 'read' 'write' 'readreq' 'writereq' 'writeresp'>

State 43 <SV = 42> <Delay = 0.00>
ST_43 : Operation 292 [37/68] (4.50ns)   --->   "%gmem1_addr_resp = writeresp i1 @_ssdm_op_WriteResp.m_axi.i128P1A, i128 %gmem1_addr" [../src/mpc_fpga_top.cpp:410]   --->   Operation 292 'writeresp' 'gmem1_addr_resp' <Predicate = true> <Delay = 4.50> <CoreInst = "m_axi">   --->   Core 119 'm_axi' <Latency = 3> <II = 1> <Delay = 1.00> <Adapter> <Opcode : 'readrequnaligned' 'writerequnaligned' 'read' 'write' 'readreq' 'writereq' 'writeresp'>

State 44 <SV = 43> <Delay = 0.00>
ST_44 : Operation 293 [36/68] (4.50ns)   --->   "%gmem1_addr_resp = writeresp i1 @_ssdm_op_WriteResp.m_axi.i128P1A, i128 %gmem1_addr" [../src/mpc_fpga_top.cpp:410]   --->   Operation 293 'writeresp' 'gmem1_addr_resp' <Predicate = true> <Delay = 4.50> <CoreInst = "m_axi">   --->   Core 119 'm_axi' <Latency = 3> <II = 1> <Delay = 1.00> <Adapter> <Opcode : 'readrequnaligned' 'writerequnaligned' 'read' 'write' 'readreq' 'writereq' 'writeresp'>

State 45 <SV = 44> <Delay = 0.00>
ST_45 : Operation 294 [35/68] (4.50ns)   --->   "%gmem1_addr_resp = writeresp i1 @_ssdm_op_WriteResp.m_axi.i128P1A, i128 %gmem1_addr" [../src/mpc_fpga_top.cpp:410]   --->   Operation 294 'writeresp' 'gmem1_addr_resp' <Predicate = true> <Delay = 4.50> <CoreInst = "m_axi">   --->   Core 119 'm_axi' <Latency = 3> <II = 1> <Delay = 1.00> <Adapter> <Opcode : 'readrequnaligned' 'writerequnaligned' 'read' 'write' 'readreq' 'writereq' 'writeresp'>

State 46 <SV = 45> <Delay = 0.00>
ST_46 : Operation 295 [34/68] (4.50ns)   --->   "%gmem1_addr_resp = writeresp i1 @_ssdm_op_WriteResp.m_axi.i128P1A, i128 %gmem1_addr" [../src/mpc_fpga_top.cpp:410]   --->   Operation 295 'writeresp' 'gmem1_addr_resp' <Predicate = true> <Delay = 4.50> <CoreInst = "m_axi">   --->   Core 119 'm_axi' <Latency = 3> <II = 1> <Delay = 1.00> <Adapter> <Opcode : 'readrequnaligned' 'writerequnaligned' 'read' 'write' 'readreq' 'writereq' 'writeresp'>

State 47 <SV = 46> <Delay = 0.00>
ST_47 : Operation 296 [33/68] (4.50ns)   --->   "%gmem1_addr_resp = writeresp i1 @_ssdm_op_WriteResp.m_axi.i128P1A, i128 %gmem1_addr" [../src/mpc_fpga_top.cpp:410]   --->   Operation 296 'writeresp' 'gmem1_addr_resp' <Predicate = true> <Delay = 4.50> <CoreInst = "m_axi">   --->   Core 119 'm_axi' <Latency = 3> <II = 1> <Delay = 1.00> <Adapter> <Opcode : 'readrequnaligned' 'writerequnaligned' 'read' 'write' 'readreq' 'writereq' 'writeresp'>

State 48 <SV = 47> <Delay = 0.00>
ST_48 : Operation 297 [32/68] (4.50ns)   --->   "%gmem1_addr_resp = writeresp i1 @_ssdm_op_WriteResp.m_axi.i128P1A, i128 %gmem1_addr" [../src/mpc_fpga_top.cpp:410]   --->   Operation 297 'writeresp' 'gmem1_addr_resp' <Predicate = true> <Delay = 4.50> <CoreInst = "m_axi">   --->   Core 119 'm_axi' <Latency = 3> <II = 1> <Delay = 1.00> <Adapter> <Opcode : 'readrequnaligned' 'writerequnaligned' 'read' 'write' 'readreq' 'writereq' 'writeresp'>

State 49 <SV = 48> <Delay = 0.00>
ST_49 : Operation 298 [31/68] (4.50ns)   --->   "%gmem1_addr_resp = writeresp i1 @_ssdm_op_WriteResp.m_axi.i128P1A, i128 %gmem1_addr" [../src/mpc_fpga_top.cpp:410]   --->   Operation 298 'writeresp' 'gmem1_addr_resp' <Predicate = true> <Delay = 4.50> <CoreInst = "m_axi">   --->   Core 119 'm_axi' <Latency = 3> <II = 1> <Delay = 1.00> <Adapter> <Opcode : 'readrequnaligned' 'writerequnaligned' 'read' 'write' 'readreq' 'writereq' 'writeresp'>

State 50 <SV = 49> <Delay = 0.00>
ST_50 : Operation 299 [30/68] (4.50ns)   --->   "%gmem1_addr_resp = writeresp i1 @_ssdm_op_WriteResp.m_axi.i128P1A, i128 %gmem1_addr" [../src/mpc_fpga_top.cpp:410]   --->   Operation 299 'writeresp' 'gmem1_addr_resp' <Predicate = true> <Delay = 4.50> <CoreInst = "m_axi">   --->   Core 119 'm_axi' <Latency = 3> <II = 1> <Delay = 1.00> <Adapter> <Opcode : 'readrequnaligned' 'writerequnaligned' 'read' 'write' 'readreq' 'writereq' 'writeresp'>

State 51 <SV = 50> <Delay = 0.00>
ST_51 : Operation 300 [29/68] (4.50ns)   --->   "%gmem1_addr_resp = writeresp i1 @_ssdm_op_WriteResp.m_axi.i128P1A, i128 %gmem1_addr" [../src/mpc_fpga_top.cpp:410]   --->   Operation 300 'writeresp' 'gmem1_addr_resp' <Predicate = true> <Delay = 4.50> <CoreInst = "m_axi">   --->   Core 119 'm_axi' <Latency = 3> <II = 1> <Delay = 1.00> <Adapter> <Opcode : 'readrequnaligned' 'writerequnaligned' 'read' 'write' 'readreq' 'writereq' 'writeresp'>

State 52 <SV = 51> <Delay = 0.00>
ST_52 : Operation 301 [28/68] (4.50ns)   --->   "%gmem1_addr_resp = writeresp i1 @_ssdm_op_WriteResp.m_axi.i128P1A, i128 %gmem1_addr" [../src/mpc_fpga_top.cpp:410]   --->   Operation 301 'writeresp' 'gmem1_addr_resp' <Predicate = true> <Delay = 4.50> <CoreInst = "m_axi">   --->   Core 119 'm_axi' <Latency = 3> <II = 1> <Delay = 1.00> <Adapter> <Opcode : 'readrequnaligned' 'writerequnaligned' 'read' 'write' 'readreq' 'writereq' 'writeresp'>

State 53 <SV = 52> <Delay = 0.00>
ST_53 : Operation 302 [27/68] (4.50ns)   --->   "%gmem1_addr_resp = writeresp i1 @_ssdm_op_WriteResp.m_axi.i128P1A, i128 %gmem1_addr" [../src/mpc_fpga_top.cpp:410]   --->   Operation 302 'writeresp' 'gmem1_addr_resp' <Predicate = true> <Delay = 4.50> <CoreInst = "m_axi">   --->   Core 119 'm_axi' <Latency = 3> <II = 1> <Delay = 1.00> <Adapter> <Opcode : 'readrequnaligned' 'writerequnaligned' 'read' 'write' 'readreq' 'writereq' 'writeresp'>

State 54 <SV = 53> <Delay = 0.00>
ST_54 : Operation 303 [26/68] (4.50ns)   --->   "%gmem1_addr_resp = writeresp i1 @_ssdm_op_WriteResp.m_axi.i128P1A, i128 %gmem1_addr" [../src/mpc_fpga_top.cpp:410]   --->   Operation 303 'writeresp' 'gmem1_addr_resp' <Predicate = true> <Delay = 4.50> <CoreInst = "m_axi">   --->   Core 119 'm_axi' <Latency = 3> <II = 1> <Delay = 1.00> <Adapter> <Opcode : 'readrequnaligned' 'writerequnaligned' 'read' 'write' 'readreq' 'writereq' 'writeresp'>

State 55 <SV = 54> <Delay = 0.00>
ST_55 : Operation 304 [25/68] (4.50ns)   --->   "%gmem1_addr_resp = writeresp i1 @_ssdm_op_WriteResp.m_axi.i128P1A, i128 %gmem1_addr" [../src/mpc_fpga_top.cpp:410]   --->   Operation 304 'writeresp' 'gmem1_addr_resp' <Predicate = true> <Delay = 4.50> <CoreInst = "m_axi">   --->   Core 119 'm_axi' <Latency = 3> <II = 1> <Delay = 1.00> <Adapter> <Opcode : 'readrequnaligned' 'writerequnaligned' 'read' 'write' 'readreq' 'writereq' 'writeresp'>

State 56 <SV = 55> <Delay = 0.00>
ST_56 : Operation 305 [24/68] (4.50ns)   --->   "%gmem1_addr_resp = writeresp i1 @_ssdm_op_WriteResp.m_axi.i128P1A, i128 %gmem1_addr" [../src/mpc_fpga_top.cpp:410]   --->   Operation 305 'writeresp' 'gmem1_addr_resp' <Predicate = true> <Delay = 4.50> <CoreInst = "m_axi">   --->   Core 119 'm_axi' <Latency = 3> <II = 1> <Delay = 1.00> <Adapter> <Opcode : 'readrequnaligned' 'writerequnaligned' 'read' 'write' 'readreq' 'writereq' 'writeresp'>

State 57 <SV = 56> <Delay = 0.00>
ST_57 : Operation 306 [23/68] (4.50ns)   --->   "%gmem1_addr_resp = writeresp i1 @_ssdm_op_WriteResp.m_axi.i128P1A, i128 %gmem1_addr" [../src/mpc_fpga_top.cpp:410]   --->   Operation 306 'writeresp' 'gmem1_addr_resp' <Predicate = true> <Delay = 4.50> <CoreInst = "m_axi">   --->   Core 119 'm_axi' <Latency = 3> <II = 1> <Delay = 1.00> <Adapter> <Opcode : 'readrequnaligned' 'writerequnaligned' 'read' 'write' 'readreq' 'writereq' 'writeresp'>

State 58 <SV = 57> <Delay = 0.00>
ST_58 : Operation 307 [22/68] (4.50ns)   --->   "%gmem1_addr_resp = writeresp i1 @_ssdm_op_WriteResp.m_axi.i128P1A, i128 %gmem1_addr" [../src/mpc_fpga_top.cpp:410]   --->   Operation 307 'writeresp' 'gmem1_addr_resp' <Predicate = true> <Delay = 4.50> <CoreInst = "m_axi">   --->   Core 119 'm_axi' <Latency = 3> <II = 1> <Delay = 1.00> <Adapter> <Opcode : 'readrequnaligned' 'writerequnaligned' 'read' 'write' 'readreq' 'writereq' 'writeresp'>

State 59 <SV = 58> <Delay = 0.00>
ST_59 : Operation 308 [21/68] (4.50ns)   --->   "%gmem1_addr_resp = writeresp i1 @_ssdm_op_WriteResp.m_axi.i128P1A, i128 %gmem1_addr" [../src/mpc_fpga_top.cpp:410]   --->   Operation 308 'writeresp' 'gmem1_addr_resp' <Predicate = true> <Delay = 4.50> <CoreInst = "m_axi">   --->   Core 119 'm_axi' <Latency = 3> <II = 1> <Delay = 1.00> <Adapter> <Opcode : 'readrequnaligned' 'writerequnaligned' 'read' 'write' 'readreq' 'writereq' 'writeresp'>

State 60 <SV = 59> <Delay = 0.00>
ST_60 : Operation 309 [20/68] (4.50ns)   --->   "%gmem1_addr_resp = writeresp i1 @_ssdm_op_WriteResp.m_axi.i128P1A, i128 %gmem1_addr" [../src/mpc_fpga_top.cpp:410]   --->   Operation 309 'writeresp' 'gmem1_addr_resp' <Predicate = true> <Delay = 4.50> <CoreInst = "m_axi">   --->   Core 119 'm_axi' <Latency = 3> <II = 1> <Delay = 1.00> <Adapter> <Opcode : 'readrequnaligned' 'writerequnaligned' 'read' 'write' 'readreq' 'writereq' 'writeresp'>

State 61 <SV = 60> <Delay = 0.00>
ST_61 : Operation 310 [19/68] (4.50ns)   --->   "%gmem1_addr_resp = writeresp i1 @_ssdm_op_WriteResp.m_axi.i128P1A, i128 %gmem1_addr" [../src/mpc_fpga_top.cpp:410]   --->   Operation 310 'writeresp' 'gmem1_addr_resp' <Predicate = true> <Delay = 4.50> <CoreInst = "m_axi">   --->   Core 119 'm_axi' <Latency = 3> <II = 1> <Delay = 1.00> <Adapter> <Opcode : 'readrequnaligned' 'writerequnaligned' 'read' 'write' 'readreq' 'writereq' 'writeresp'>

State 62 <SV = 61> <Delay = 0.00>
ST_62 : Operation 311 [18/68] (4.50ns)   --->   "%gmem1_addr_resp = writeresp i1 @_ssdm_op_WriteResp.m_axi.i128P1A, i128 %gmem1_addr" [../src/mpc_fpga_top.cpp:410]   --->   Operation 311 'writeresp' 'gmem1_addr_resp' <Predicate = true> <Delay = 4.50> <CoreInst = "m_axi">   --->   Core 119 'm_axi' <Latency = 3> <II = 1> <Delay = 1.00> <Adapter> <Opcode : 'readrequnaligned' 'writerequnaligned' 'read' 'write' 'readreq' 'writereq' 'writeresp'>

State 63 <SV = 62> <Delay = 0.00>
ST_63 : Operation 312 [17/68] (4.50ns)   --->   "%gmem1_addr_resp = writeresp i1 @_ssdm_op_WriteResp.m_axi.i128P1A, i128 %gmem1_addr" [../src/mpc_fpga_top.cpp:410]   --->   Operation 312 'writeresp' 'gmem1_addr_resp' <Predicate = true> <Delay = 4.50> <CoreInst = "m_axi">   --->   Core 119 'm_axi' <Latency = 3> <II = 1> <Delay = 1.00> <Adapter> <Opcode : 'readrequnaligned' 'writerequnaligned' 'read' 'write' 'readreq' 'writereq' 'writeresp'>

State 64 <SV = 63> <Delay = 0.00>
ST_64 : Operation 313 [16/68] (4.50ns)   --->   "%gmem1_addr_resp = writeresp i1 @_ssdm_op_WriteResp.m_axi.i128P1A, i128 %gmem1_addr" [../src/mpc_fpga_top.cpp:410]   --->   Operation 313 'writeresp' 'gmem1_addr_resp' <Predicate = true> <Delay = 4.50> <CoreInst = "m_axi">   --->   Core 119 'm_axi' <Latency = 3> <II = 1> <Delay = 1.00> <Adapter> <Opcode : 'readrequnaligned' 'writerequnaligned' 'read' 'write' 'readreq' 'writereq' 'writeresp'>

State 65 <SV = 64> <Delay = 0.00>
ST_65 : Operation 314 [15/68] (4.50ns)   --->   "%gmem1_addr_resp = writeresp i1 @_ssdm_op_WriteResp.m_axi.i128P1A, i128 %gmem1_addr" [../src/mpc_fpga_top.cpp:410]   --->   Operation 314 'writeresp' 'gmem1_addr_resp' <Predicate = true> <Delay = 4.50> <CoreInst = "m_axi">   --->   Core 119 'm_axi' <Latency = 3> <II = 1> <Delay = 1.00> <Adapter> <Opcode : 'readrequnaligned' 'writerequnaligned' 'read' 'write' 'readreq' 'writereq' 'writeresp'>

State 66 <SV = 65> <Delay = 0.00>
ST_66 : Operation 315 [14/68] (4.50ns)   --->   "%gmem1_addr_resp = writeresp i1 @_ssdm_op_WriteResp.m_axi.i128P1A, i128 %gmem1_addr" [../src/mpc_fpga_top.cpp:410]   --->   Operation 315 'writeresp' 'gmem1_addr_resp' <Predicate = true> <Delay = 4.50> <CoreInst = "m_axi">   --->   Core 119 'm_axi' <Latency = 3> <II = 1> <Delay = 1.00> <Adapter> <Opcode : 'readrequnaligned' 'writerequnaligned' 'read' 'write' 'readreq' 'writereq' 'writeresp'>

State 67 <SV = 66> <Delay = 0.00>
ST_67 : Operation 316 [13/68] (4.50ns)   --->   "%gmem1_addr_resp = writeresp i1 @_ssdm_op_WriteResp.m_axi.i128P1A, i128 %gmem1_addr" [../src/mpc_fpga_top.cpp:410]   --->   Operation 316 'writeresp' 'gmem1_addr_resp' <Predicate = true> <Delay = 4.50> <CoreInst = "m_axi">   --->   Core 119 'm_axi' <Latency = 3> <II = 1> <Delay = 1.00> <Adapter> <Opcode : 'readrequnaligned' 'writerequnaligned' 'read' 'write' 'readreq' 'writereq' 'writeresp'>

State 68 <SV = 67> <Delay = 0.00>
ST_68 : Operation 317 [12/68] (4.50ns)   --->   "%gmem1_addr_resp = writeresp i1 @_ssdm_op_WriteResp.m_axi.i128P1A, i128 %gmem1_addr" [../src/mpc_fpga_top.cpp:410]   --->   Operation 317 'writeresp' 'gmem1_addr_resp' <Predicate = true> <Delay = 4.50> <CoreInst = "m_axi">   --->   Core 119 'm_axi' <Latency = 3> <II = 1> <Delay = 1.00> <Adapter> <Opcode : 'readrequnaligned' 'writerequnaligned' 'read' 'write' 'readreq' 'writereq' 'writeresp'>

State 69 <SV = 68> <Delay = 0.00>
ST_69 : Operation 318 [11/68] (4.50ns)   --->   "%gmem1_addr_resp = writeresp i1 @_ssdm_op_WriteResp.m_axi.i128P1A, i128 %gmem1_addr" [../src/mpc_fpga_top.cpp:410]   --->   Operation 318 'writeresp' 'gmem1_addr_resp' <Predicate = true> <Delay = 4.50> <CoreInst = "m_axi">   --->   Core 119 'm_axi' <Latency = 3> <II = 1> <Delay = 1.00> <Adapter> <Opcode : 'readrequnaligned' 'writerequnaligned' 'read' 'write' 'readreq' 'writereq' 'writeresp'>

State 70 <SV = 69> <Delay = 0.00>
ST_70 : Operation 319 [10/68] (4.50ns)   --->   "%gmem1_addr_resp = writeresp i1 @_ssdm_op_WriteResp.m_axi.i128P1A, i128 %gmem1_addr" [../src/mpc_fpga_top.cpp:410]   --->   Operation 319 'writeresp' 'gmem1_addr_resp' <Predicate = true> <Delay = 4.50> <CoreInst = "m_axi">   --->   Core 119 'm_axi' <Latency = 3> <II = 1> <Delay = 1.00> <Adapter> <Opcode : 'readrequnaligned' 'writerequnaligned' 'read' 'write' 'readreq' 'writereq' 'writeresp'>

State 71 <SV = 70> <Delay = 0.00>
ST_71 : Operation 320 [9/68] (4.50ns)   --->   "%gmem1_addr_resp = writeresp i1 @_ssdm_op_WriteResp.m_axi.i128P1A, i128 %gmem1_addr" [../src/mpc_fpga_top.cpp:410]   --->   Operation 320 'writeresp' 'gmem1_addr_resp' <Predicate = true> <Delay = 4.50> <CoreInst = "m_axi">   --->   Core 119 'm_axi' <Latency = 3> <II = 1> <Delay = 1.00> <Adapter> <Opcode : 'readrequnaligned' 'writerequnaligned' 'read' 'write' 'readreq' 'writereq' 'writeresp'>

State 72 <SV = 71> <Delay = 0.00>
ST_72 : Operation 321 [8/68] (4.50ns)   --->   "%gmem1_addr_resp = writeresp i1 @_ssdm_op_WriteResp.m_axi.i128P1A, i128 %gmem1_addr" [../src/mpc_fpga_top.cpp:410]   --->   Operation 321 'writeresp' 'gmem1_addr_resp' <Predicate = true> <Delay = 4.50> <CoreInst = "m_axi">   --->   Core 119 'm_axi' <Latency = 3> <II = 1> <Delay = 1.00> <Adapter> <Opcode : 'readrequnaligned' 'writerequnaligned' 'read' 'write' 'readreq' 'writereq' 'writeresp'>

State 73 <SV = 72> <Delay = 0.00>
ST_73 : Operation 322 [7/68] (4.50ns)   --->   "%gmem1_addr_resp = writeresp i1 @_ssdm_op_WriteResp.m_axi.i128P1A, i128 %gmem1_addr" [../src/mpc_fpga_top.cpp:410]   --->   Operation 322 'writeresp' 'gmem1_addr_resp' <Predicate = true> <Delay = 4.50> <CoreInst = "m_axi">   --->   Core 119 'm_axi' <Latency = 3> <II = 1> <Delay = 1.00> <Adapter> <Opcode : 'readrequnaligned' 'writerequnaligned' 'read' 'write' 'readreq' 'writereq' 'writeresp'>

State 74 <SV = 73> <Delay = 0.00>
ST_74 : Operation 323 [6/68] (4.50ns)   --->   "%gmem1_addr_resp = writeresp i1 @_ssdm_op_WriteResp.m_axi.i128P1A, i128 %gmem1_addr" [../src/mpc_fpga_top.cpp:410]   --->   Operation 323 'writeresp' 'gmem1_addr_resp' <Predicate = true> <Delay = 4.50> <CoreInst = "m_axi">   --->   Core 119 'm_axi' <Latency = 3> <II = 1> <Delay = 1.00> <Adapter> <Opcode : 'readrequnaligned' 'writerequnaligned' 'read' 'write' 'readreq' 'writereq' 'writeresp'>

State 75 <SV = 74> <Delay = 0.00>
ST_75 : Operation 324 [5/68] (4.50ns)   --->   "%gmem1_addr_resp = writeresp i1 @_ssdm_op_WriteResp.m_axi.i128P1A, i128 %gmem1_addr" [../src/mpc_fpga_top.cpp:410]   --->   Operation 324 'writeresp' 'gmem1_addr_resp' <Predicate = true> <Delay = 4.50> <CoreInst = "m_axi">   --->   Core 119 'm_axi' <Latency = 3> <II = 1> <Delay = 1.00> <Adapter> <Opcode : 'readrequnaligned' 'writerequnaligned' 'read' 'write' 'readreq' 'writereq' 'writeresp'>

State 76 <SV = 75> <Delay = 0.00>
ST_76 : Operation 325 [4/68] (4.50ns)   --->   "%gmem1_addr_resp = writeresp i1 @_ssdm_op_WriteResp.m_axi.i128P1A, i128 %gmem1_addr" [../src/mpc_fpga_top.cpp:410]   --->   Operation 325 'writeresp' 'gmem1_addr_resp' <Predicate = true> <Delay = 4.50> <CoreInst = "m_axi">   --->   Core 119 'm_axi' <Latency = 3> <II = 1> <Delay = 1.00> <Adapter> <Opcode : 'readrequnaligned' 'writerequnaligned' 'read' 'write' 'readreq' 'writereq' 'writeresp'>

State 77 <SV = 76> <Delay = 0.00>
ST_77 : Operation 326 [3/68] (4.50ns)   --->   "%gmem1_addr_resp = writeresp i1 @_ssdm_op_WriteResp.m_axi.i128P1A, i128 %gmem1_addr" [../src/mpc_fpga_top.cpp:410]   --->   Operation 326 'writeresp' 'gmem1_addr_resp' <Predicate = true> <Delay = 4.50> <CoreInst = "m_axi">   --->   Core 119 'm_axi' <Latency = 3> <II = 1> <Delay = 1.00> <Adapter> <Opcode : 'readrequnaligned' 'writerequnaligned' 'read' 'write' 'readreq' 'writereq' 'writeresp'>

State 78 <SV = 77> <Delay = 0.00>
ST_78 : Operation 327 [2/68] (4.50ns)   --->   "%gmem1_addr_resp = writeresp i1 @_ssdm_op_WriteResp.m_axi.i128P1A, i128 %gmem1_addr" [../src/mpc_fpga_top.cpp:410]   --->   Operation 327 'writeresp' 'gmem1_addr_resp' <Predicate = true> <Delay = 4.50> <CoreInst = "m_axi">   --->   Core 119 'm_axi' <Latency = 3> <II = 1> <Delay = 1.00> <Adapter> <Opcode : 'readrequnaligned' 'writerequnaligned' 'read' 'write' 'readreq' 'writereq' 'writeresp'>

State 79 <SV = 78> <Delay = 4.50>
ST_79 : Operation 328 [1/68] ( I:4.50ns O:4.50ns )   --->   "%gmem1_addr_resp = writeresp i1 @_ssdm_op_WriteResp.m_axi.i128P1A, i128 %gmem1_addr" [../src/mpc_fpga_top.cpp:410]   --->   Operation 328 'writeresp' 'gmem1_addr_resp' <Predicate = (!tmp)> <Delay = 4.50> <CoreInst = "m_axi">   --->   Core 119 'm_axi' <Latency = 3> <II = 1> <Delay = 1.00> <Adapter> <Opcode : 'readrequnaligned' 'writerequnaligned' 'read' 'write' 'readreq' 'writereq' 'writeresp'>
ST_79 : Operation 329 [1/1] (0.00ns)   --->   "%br_ln412 = br void %cleanup" [../src/mpc_fpga_top.cpp:412]   --->   Operation 329 'br' 'br_ln412' <Predicate = (!tmp)> <Delay = 0.00>
ST_79 : Operation 330 [1/1] (0.00ns)   --->   "%ret_ln412 = ret" [../src/mpc_fpga_top.cpp:412]   --->   Operation 330 'ret' 'ret_ln412' <Predicate = true> <Delay = 0.00>

State 80 <SV = 5> <Delay = 4.50>
ST_80 : Operation 331 [1/1] (0.00ns)   --->   "%trunc_ln = partselect i60 @_ssdm_op_PartSelect.i60.i64.i32.i32, i64 %output_words128_read, i32 4, i32 63" [../src/mpc_fpga_top.cpp:389]   --->   Operation 331 'partselect' 'trunc_ln' <Predicate = true> <Delay = 0.00>
ST_80 : Operation 332 [1/1] (0.00ns)   --->   "%sext_ln389 = sext i60 %trunc_ln" [../src/mpc_fpga_top.cpp:389]   --->   Operation 332 'sext' 'sext_ln389' <Predicate = true> <Delay = 0.00>
ST_80 : Operation 333 [1/1] (0.00ns)   --->   "%gmem1_addr_1 = getelementptr i128 %gmem1, i64 %sext_ln389" [../src/mpc_fpga_top.cpp:389]   --->   Operation 333 'getelementptr' 'gmem1_addr_1' <Predicate = true> <Delay = 0.00>
ST_80 : Operation 334 [1/1] ( I:4.50ns O:4.50ns )   --->   "%gmem1_addr_1_req = writereq i1 @_ssdm_op_WriteReq.m_axi.i128P1A, i128 %gmem1_addr_1, i64 1" [../src/mpc_fpga_top.cpp:389]   --->   Operation 334 'writereq' 'gmem1_addr_1_req' <Predicate = true> <Delay = 4.50> <CoreInst = "m_axi">   --->   Core 119 'm_axi' <Latency = 9> <II = 1> <Delay = 1.00> <Adapter> <Opcode : 'readrequnaligned' 'writerequnaligned' 'read' 'write' 'readreq' 'writereq' 'writeresp'>

State 81 <SV = 6> <Delay = 4.50>
ST_81 : Operation 335 [1/1] (0.00ns)   --->   "%packed_out_1 = bitconcatenate i128 @_ssdm_op_BitConcatenate.i128.i32.i32.i32.i32, i32 %prev_accel_word, i32 %vx_word, i32 %epsi_word, i32 %ey_word" [../src/mpc_fpga_top.cpp:253->../src/mpc_fpga_top.cpp:390]   --->   Operation 335 'bitconcatenate' 'packed_out_1' <Predicate = true> <Delay = 0.00>
ST_81 : Operation 336 [1/1] ( I:4.50ns O:4.50ns )   --->   "%write_ln389 = write void @_ssdm_op_Write.m_axi.i128P1A, i128 %gmem1_addr_1, i128 %packed_out_1, i16 65535" [../src/mpc_fpga_top.cpp:389]   --->   Operation 336 'write' 'write_ln389' <Predicate = true> <Delay = 4.50> <CoreInst = "m_axi">   --->   Core 119 'm_axi' <Latency = 5> <II = 1> <Delay = 1.00> <Adapter> <Opcode : 'readrequnaligned' 'writerequnaligned' 'read' 'write' 'readreq' 'writereq' 'writeresp'>

State 82 <SV = 7> <Delay = 0.00>
ST_82 : Operation 337 [68/68] (4.50ns)   --->   "%gmem1_addr_1_resp = writeresp i1 @_ssdm_op_WriteResp.m_axi.i128P1A, i128 %gmem1_addr_1" [../src/mpc_fpga_top.cpp:389]   --->   Operation 337 'writeresp' 'gmem1_addr_1_resp' <Predicate = true> <Delay = 4.50> <CoreInst = "m_axi">   --->   Core 119 'm_axi' <Latency = 3> <II = 1> <Delay = 1.00> <Adapter> <Opcode : 'readrequnaligned' 'writerequnaligned' 'read' 'write' 'readreq' 'writereq' 'writeresp'>

State 83 <SV = 8> <Delay = 0.00>
ST_83 : Operation 338 [67/68] (4.50ns)   --->   "%gmem1_addr_1_resp = writeresp i1 @_ssdm_op_WriteResp.m_axi.i128P1A, i128 %gmem1_addr_1" [../src/mpc_fpga_top.cpp:389]   --->   Operation 338 'writeresp' 'gmem1_addr_1_resp' <Predicate = true> <Delay = 4.50> <CoreInst = "m_axi">   --->   Core 119 'm_axi' <Latency = 3> <II = 1> <Delay = 1.00> <Adapter> <Opcode : 'readrequnaligned' 'writerequnaligned' 'read' 'write' 'readreq' 'writereq' 'writeresp'>

State 84 <SV = 9> <Delay = 0.00>
ST_84 : Operation 339 [66/68] (4.50ns)   --->   "%gmem1_addr_1_resp = writeresp i1 @_ssdm_op_WriteResp.m_axi.i128P1A, i128 %gmem1_addr_1" [../src/mpc_fpga_top.cpp:389]   --->   Operation 339 'writeresp' 'gmem1_addr_1_resp' <Predicate = true> <Delay = 4.50> <CoreInst = "m_axi">   --->   Core 119 'm_axi' <Latency = 3> <II = 1> <Delay = 1.00> <Adapter> <Opcode : 'readrequnaligned' 'writerequnaligned' 'read' 'write' 'readreq' 'writereq' 'writeresp'>

State 85 <SV = 10> <Delay = 0.00>
ST_85 : Operation 340 [65/68] (4.50ns)   --->   "%gmem1_addr_1_resp = writeresp i1 @_ssdm_op_WriteResp.m_axi.i128P1A, i128 %gmem1_addr_1" [../src/mpc_fpga_top.cpp:389]   --->   Operation 340 'writeresp' 'gmem1_addr_1_resp' <Predicate = true> <Delay = 4.50> <CoreInst = "m_axi">   --->   Core 119 'm_axi' <Latency = 3> <II = 1> <Delay = 1.00> <Adapter> <Opcode : 'readrequnaligned' 'writerequnaligned' 'read' 'write' 'readreq' 'writereq' 'writeresp'>

State 86 <SV = 11> <Delay = 0.00>
ST_86 : Operation 341 [64/68] (4.50ns)   --->   "%gmem1_addr_1_resp = writeresp i1 @_ssdm_op_WriteResp.m_axi.i128P1A, i128 %gmem1_addr_1" [../src/mpc_fpga_top.cpp:389]   --->   Operation 341 'writeresp' 'gmem1_addr_1_resp' <Predicate = true> <Delay = 4.50> <CoreInst = "m_axi">   --->   Core 119 'm_axi' <Latency = 3> <II = 1> <Delay = 1.00> <Adapter> <Opcode : 'readrequnaligned' 'writerequnaligned' 'read' 'write' 'readreq' 'writereq' 'writeresp'>

State 87 <SV = 12> <Delay = 0.00>
ST_87 : Operation 342 [63/68] (4.50ns)   --->   "%gmem1_addr_1_resp = writeresp i1 @_ssdm_op_WriteResp.m_axi.i128P1A, i128 %gmem1_addr_1" [../src/mpc_fpga_top.cpp:389]   --->   Operation 342 'writeresp' 'gmem1_addr_1_resp' <Predicate = true> <Delay = 4.50> <CoreInst = "m_axi">   --->   Core 119 'm_axi' <Latency = 3> <II = 1> <Delay = 1.00> <Adapter> <Opcode : 'readrequnaligned' 'writerequnaligned' 'read' 'write' 'readreq' 'writereq' 'writeresp'>

State 88 <SV = 13> <Delay = 0.00>
ST_88 : Operation 343 [62/68] (4.50ns)   --->   "%gmem1_addr_1_resp = writeresp i1 @_ssdm_op_WriteResp.m_axi.i128P1A, i128 %gmem1_addr_1" [../src/mpc_fpga_top.cpp:389]   --->   Operation 343 'writeresp' 'gmem1_addr_1_resp' <Predicate = true> <Delay = 4.50> <CoreInst = "m_axi">   --->   Core 119 'm_axi' <Latency = 3> <II = 1> <Delay = 1.00> <Adapter> <Opcode : 'readrequnaligned' 'writerequnaligned' 'read' 'write' 'readreq' 'writereq' 'writeresp'>

State 89 <SV = 14> <Delay = 0.00>
ST_89 : Operation 344 [61/68] (4.50ns)   --->   "%gmem1_addr_1_resp = writeresp i1 @_ssdm_op_WriteResp.m_axi.i128P1A, i128 %gmem1_addr_1" [../src/mpc_fpga_top.cpp:389]   --->   Operation 344 'writeresp' 'gmem1_addr_1_resp' <Predicate = true> <Delay = 4.50> <CoreInst = "m_axi">   --->   Core 119 'm_axi' <Latency = 3> <II = 1> <Delay = 1.00> <Adapter> <Opcode : 'readrequnaligned' 'writerequnaligned' 'read' 'write' 'readreq' 'writereq' 'writeresp'>

State 90 <SV = 15> <Delay = 0.00>
ST_90 : Operation 345 [60/68] (4.50ns)   --->   "%gmem1_addr_1_resp = writeresp i1 @_ssdm_op_WriteResp.m_axi.i128P1A, i128 %gmem1_addr_1" [../src/mpc_fpga_top.cpp:389]   --->   Operation 345 'writeresp' 'gmem1_addr_1_resp' <Predicate = true> <Delay = 4.50> <CoreInst = "m_axi">   --->   Core 119 'm_axi' <Latency = 3> <II = 1> <Delay = 1.00> <Adapter> <Opcode : 'readrequnaligned' 'writerequnaligned' 'read' 'write' 'readreq' 'writereq' 'writeresp'>

State 91 <SV = 16> <Delay = 0.00>
ST_91 : Operation 346 [59/68] (4.50ns)   --->   "%gmem1_addr_1_resp = writeresp i1 @_ssdm_op_WriteResp.m_axi.i128P1A, i128 %gmem1_addr_1" [../src/mpc_fpga_top.cpp:389]   --->   Operation 346 'writeresp' 'gmem1_addr_1_resp' <Predicate = true> <Delay = 4.50> <CoreInst = "m_axi">   --->   Core 119 'm_axi' <Latency = 3> <II = 1> <Delay = 1.00> <Adapter> <Opcode : 'readrequnaligned' 'writerequnaligned' 'read' 'write' 'readreq' 'writereq' 'writeresp'>

State 92 <SV = 17> <Delay = 0.00>
ST_92 : Operation 347 [58/68] (4.50ns)   --->   "%gmem1_addr_1_resp = writeresp i1 @_ssdm_op_WriteResp.m_axi.i128P1A, i128 %gmem1_addr_1" [../src/mpc_fpga_top.cpp:389]   --->   Operation 347 'writeresp' 'gmem1_addr_1_resp' <Predicate = true> <Delay = 4.50> <CoreInst = "m_axi">   --->   Core 119 'm_axi' <Latency = 3> <II = 1> <Delay = 1.00> <Adapter> <Opcode : 'readrequnaligned' 'writerequnaligned' 'read' 'write' 'readreq' 'writereq' 'writeresp'>

State 93 <SV = 18> <Delay = 0.00>
ST_93 : Operation 348 [57/68] (4.50ns)   --->   "%gmem1_addr_1_resp = writeresp i1 @_ssdm_op_WriteResp.m_axi.i128P1A, i128 %gmem1_addr_1" [../src/mpc_fpga_top.cpp:389]   --->   Operation 348 'writeresp' 'gmem1_addr_1_resp' <Predicate = true> <Delay = 4.50> <CoreInst = "m_axi">   --->   Core 119 'm_axi' <Latency = 3> <II = 1> <Delay = 1.00> <Adapter> <Opcode : 'readrequnaligned' 'writerequnaligned' 'read' 'write' 'readreq' 'writereq' 'writeresp'>

State 94 <SV = 19> <Delay = 0.00>
ST_94 : Operation 349 [56/68] (4.50ns)   --->   "%gmem1_addr_1_resp = writeresp i1 @_ssdm_op_WriteResp.m_axi.i128P1A, i128 %gmem1_addr_1" [../src/mpc_fpga_top.cpp:389]   --->   Operation 349 'writeresp' 'gmem1_addr_1_resp' <Predicate = true> <Delay = 4.50> <CoreInst = "m_axi">   --->   Core 119 'm_axi' <Latency = 3> <II = 1> <Delay = 1.00> <Adapter> <Opcode : 'readrequnaligned' 'writerequnaligned' 'read' 'write' 'readreq' 'writereq' 'writeresp'>

State 95 <SV = 20> <Delay = 0.00>
ST_95 : Operation 350 [55/68] (4.50ns)   --->   "%gmem1_addr_1_resp = writeresp i1 @_ssdm_op_WriteResp.m_axi.i128P1A, i128 %gmem1_addr_1" [../src/mpc_fpga_top.cpp:389]   --->   Operation 350 'writeresp' 'gmem1_addr_1_resp' <Predicate = true> <Delay = 4.50> <CoreInst = "m_axi">   --->   Core 119 'm_axi' <Latency = 3> <II = 1> <Delay = 1.00> <Adapter> <Opcode : 'readrequnaligned' 'writerequnaligned' 'read' 'write' 'readreq' 'writereq' 'writeresp'>

State 96 <SV = 21> <Delay = 0.00>
ST_96 : Operation 351 [54/68] (4.50ns)   --->   "%gmem1_addr_1_resp = writeresp i1 @_ssdm_op_WriteResp.m_axi.i128P1A, i128 %gmem1_addr_1" [../src/mpc_fpga_top.cpp:389]   --->   Operation 351 'writeresp' 'gmem1_addr_1_resp' <Predicate = true> <Delay = 4.50> <CoreInst = "m_axi">   --->   Core 119 'm_axi' <Latency = 3> <II = 1> <Delay = 1.00> <Adapter> <Opcode : 'readrequnaligned' 'writerequnaligned' 'read' 'write' 'readreq' 'writereq' 'writeresp'>

State 97 <SV = 22> <Delay = 0.00>
ST_97 : Operation 352 [53/68] (4.50ns)   --->   "%gmem1_addr_1_resp = writeresp i1 @_ssdm_op_WriteResp.m_axi.i128P1A, i128 %gmem1_addr_1" [../src/mpc_fpga_top.cpp:389]   --->   Operation 352 'writeresp' 'gmem1_addr_1_resp' <Predicate = true> <Delay = 4.50> <CoreInst = "m_axi">   --->   Core 119 'm_axi' <Latency = 3> <II = 1> <Delay = 1.00> <Adapter> <Opcode : 'readrequnaligned' 'writerequnaligned' 'read' 'write' 'readreq' 'writereq' 'writeresp'>

State 98 <SV = 23> <Delay = 0.00>
ST_98 : Operation 353 [52/68] (4.50ns)   --->   "%gmem1_addr_1_resp = writeresp i1 @_ssdm_op_WriteResp.m_axi.i128P1A, i128 %gmem1_addr_1" [../src/mpc_fpga_top.cpp:389]   --->   Operation 353 'writeresp' 'gmem1_addr_1_resp' <Predicate = true> <Delay = 4.50> <CoreInst = "m_axi">   --->   Core 119 'm_axi' <Latency = 3> <II = 1> <Delay = 1.00> <Adapter> <Opcode : 'readrequnaligned' 'writerequnaligned' 'read' 'write' 'readreq' 'writereq' 'writeresp'>

State 99 <SV = 24> <Delay = 0.00>
ST_99 : Operation 354 [51/68] (4.50ns)   --->   "%gmem1_addr_1_resp = writeresp i1 @_ssdm_op_WriteResp.m_axi.i128P1A, i128 %gmem1_addr_1" [../src/mpc_fpga_top.cpp:389]   --->   Operation 354 'writeresp' 'gmem1_addr_1_resp' <Predicate = true> <Delay = 4.50> <CoreInst = "m_axi">   --->   Core 119 'm_axi' <Latency = 3> <II = 1> <Delay = 1.00> <Adapter> <Opcode : 'readrequnaligned' 'writerequnaligned' 'read' 'write' 'readreq' 'writereq' 'writeresp'>

State 100 <SV = 25> <Delay = 0.00>
ST_100 : Operation 355 [50/68] (4.50ns)   --->   "%gmem1_addr_1_resp = writeresp i1 @_ssdm_op_WriteResp.m_axi.i128P1A, i128 %gmem1_addr_1" [../src/mpc_fpga_top.cpp:389]   --->   Operation 355 'writeresp' 'gmem1_addr_1_resp' <Predicate = true> <Delay = 4.50> <CoreInst = "m_axi">   --->   Core 119 'm_axi' <Latency = 3> <II = 1> <Delay = 1.00> <Adapter> <Opcode : 'readrequnaligned' 'writerequnaligned' 'read' 'write' 'readreq' 'writereq' 'writeresp'>

State 101 <SV = 26> <Delay = 0.00>
ST_101 : Operation 356 [49/68] (4.50ns)   --->   "%gmem1_addr_1_resp = writeresp i1 @_ssdm_op_WriteResp.m_axi.i128P1A, i128 %gmem1_addr_1" [../src/mpc_fpga_top.cpp:389]   --->   Operation 356 'writeresp' 'gmem1_addr_1_resp' <Predicate = true> <Delay = 4.50> <CoreInst = "m_axi">   --->   Core 119 'm_axi' <Latency = 3> <II = 1> <Delay = 1.00> <Adapter> <Opcode : 'readrequnaligned' 'writerequnaligned' 'read' 'write' 'readreq' 'writereq' 'writeresp'>

State 102 <SV = 27> <Delay = 0.00>
ST_102 : Operation 357 [48/68] (4.50ns)   --->   "%gmem1_addr_1_resp = writeresp i1 @_ssdm_op_WriteResp.m_axi.i128P1A, i128 %gmem1_addr_1" [../src/mpc_fpga_top.cpp:389]   --->   Operation 357 'writeresp' 'gmem1_addr_1_resp' <Predicate = true> <Delay = 4.50> <CoreInst = "m_axi">   --->   Core 119 'm_axi' <Latency = 3> <II = 1> <Delay = 1.00> <Adapter> <Opcode : 'readrequnaligned' 'writerequnaligned' 'read' 'write' 'readreq' 'writereq' 'writeresp'>

State 103 <SV = 28> <Delay = 0.00>
ST_103 : Operation 358 [47/68] (4.50ns)   --->   "%gmem1_addr_1_resp = writeresp i1 @_ssdm_op_WriteResp.m_axi.i128P1A, i128 %gmem1_addr_1" [../src/mpc_fpga_top.cpp:389]   --->   Operation 358 'writeresp' 'gmem1_addr_1_resp' <Predicate = true> <Delay = 4.50> <CoreInst = "m_axi">   --->   Core 119 'm_axi' <Latency = 3> <II = 1> <Delay = 1.00> <Adapter> <Opcode : 'readrequnaligned' 'writerequnaligned' 'read' 'write' 'readreq' 'writereq' 'writeresp'>

State 104 <SV = 29> <Delay = 0.00>
ST_104 : Operation 359 [46/68] (4.50ns)   --->   "%gmem1_addr_1_resp = writeresp i1 @_ssdm_op_WriteResp.m_axi.i128P1A, i128 %gmem1_addr_1" [../src/mpc_fpga_top.cpp:389]   --->   Operation 359 'writeresp' 'gmem1_addr_1_resp' <Predicate = true> <Delay = 4.50> <CoreInst = "m_axi">   --->   Core 119 'm_axi' <Latency = 3> <II = 1> <Delay = 1.00> <Adapter> <Opcode : 'readrequnaligned' 'writerequnaligned' 'read' 'write' 'readreq' 'writereq' 'writeresp'>

State 105 <SV = 30> <Delay = 0.00>
ST_105 : Operation 360 [45/68] (4.50ns)   --->   "%gmem1_addr_1_resp = writeresp i1 @_ssdm_op_WriteResp.m_axi.i128P1A, i128 %gmem1_addr_1" [../src/mpc_fpga_top.cpp:389]   --->   Operation 360 'writeresp' 'gmem1_addr_1_resp' <Predicate = true> <Delay = 4.50> <CoreInst = "m_axi">   --->   Core 119 'm_axi' <Latency = 3> <II = 1> <Delay = 1.00> <Adapter> <Opcode : 'readrequnaligned' 'writerequnaligned' 'read' 'write' 'readreq' 'writereq' 'writeresp'>

State 106 <SV = 31> <Delay = 0.00>
ST_106 : Operation 361 [44/68] (4.50ns)   --->   "%gmem1_addr_1_resp = writeresp i1 @_ssdm_op_WriteResp.m_axi.i128P1A, i128 %gmem1_addr_1" [../src/mpc_fpga_top.cpp:389]   --->   Operation 361 'writeresp' 'gmem1_addr_1_resp' <Predicate = true> <Delay = 4.50> <CoreInst = "m_axi">   --->   Core 119 'm_axi' <Latency = 3> <II = 1> <Delay = 1.00> <Adapter> <Opcode : 'readrequnaligned' 'writerequnaligned' 'read' 'write' 'readreq' 'writereq' 'writeresp'>

State 107 <SV = 32> <Delay = 0.00>
ST_107 : Operation 362 [43/68] (4.50ns)   --->   "%gmem1_addr_1_resp = writeresp i1 @_ssdm_op_WriteResp.m_axi.i128P1A, i128 %gmem1_addr_1" [../src/mpc_fpga_top.cpp:389]   --->   Operation 362 'writeresp' 'gmem1_addr_1_resp' <Predicate = true> <Delay = 4.50> <CoreInst = "m_axi">   --->   Core 119 'm_axi' <Latency = 3> <II = 1> <Delay = 1.00> <Adapter> <Opcode : 'readrequnaligned' 'writerequnaligned' 'read' 'write' 'readreq' 'writereq' 'writeresp'>

State 108 <SV = 33> <Delay = 0.00>
ST_108 : Operation 363 [42/68] (4.50ns)   --->   "%gmem1_addr_1_resp = writeresp i1 @_ssdm_op_WriteResp.m_axi.i128P1A, i128 %gmem1_addr_1" [../src/mpc_fpga_top.cpp:389]   --->   Operation 363 'writeresp' 'gmem1_addr_1_resp' <Predicate = true> <Delay = 4.50> <CoreInst = "m_axi">   --->   Core 119 'm_axi' <Latency = 3> <II = 1> <Delay = 1.00> <Adapter> <Opcode : 'readrequnaligned' 'writerequnaligned' 'read' 'write' 'readreq' 'writereq' 'writeresp'>

State 109 <SV = 34> <Delay = 0.00>
ST_109 : Operation 364 [41/68] (4.50ns)   --->   "%gmem1_addr_1_resp = writeresp i1 @_ssdm_op_WriteResp.m_axi.i128P1A, i128 %gmem1_addr_1" [../src/mpc_fpga_top.cpp:389]   --->   Operation 364 'writeresp' 'gmem1_addr_1_resp' <Predicate = true> <Delay = 4.50> <CoreInst = "m_axi">   --->   Core 119 'm_axi' <Latency = 3> <II = 1> <Delay = 1.00> <Adapter> <Opcode : 'readrequnaligned' 'writerequnaligned' 'read' 'write' 'readreq' 'writereq' 'writeresp'>

State 110 <SV = 35> <Delay = 0.00>
ST_110 : Operation 365 [40/68] (4.50ns)   --->   "%gmem1_addr_1_resp = writeresp i1 @_ssdm_op_WriteResp.m_axi.i128P1A, i128 %gmem1_addr_1" [../src/mpc_fpga_top.cpp:389]   --->   Operation 365 'writeresp' 'gmem1_addr_1_resp' <Predicate = true> <Delay = 4.50> <CoreInst = "m_axi">   --->   Core 119 'm_axi' <Latency = 3> <II = 1> <Delay = 1.00> <Adapter> <Opcode : 'readrequnaligned' 'writerequnaligned' 'read' 'write' 'readreq' 'writereq' 'writeresp'>

State 111 <SV = 36> <Delay = 0.00>
ST_111 : Operation 366 [39/68] (4.50ns)   --->   "%gmem1_addr_1_resp = writeresp i1 @_ssdm_op_WriteResp.m_axi.i128P1A, i128 %gmem1_addr_1" [../src/mpc_fpga_top.cpp:389]   --->   Operation 366 'writeresp' 'gmem1_addr_1_resp' <Predicate = true> <Delay = 4.50> <CoreInst = "m_axi">   --->   Core 119 'm_axi' <Latency = 3> <II = 1> <Delay = 1.00> <Adapter> <Opcode : 'readrequnaligned' 'writerequnaligned' 'read' 'write' 'readreq' 'writereq' 'writeresp'>

State 112 <SV = 37> <Delay = 0.00>
ST_112 : Operation 367 [38/68] (4.50ns)   --->   "%gmem1_addr_1_resp = writeresp i1 @_ssdm_op_WriteResp.m_axi.i128P1A, i128 %gmem1_addr_1" [../src/mpc_fpga_top.cpp:389]   --->   Operation 367 'writeresp' 'gmem1_addr_1_resp' <Predicate = true> <Delay = 4.50> <CoreInst = "m_axi">   --->   Core 119 'm_axi' <Latency = 3> <II = 1> <Delay = 1.00> <Adapter> <Opcode : 'readrequnaligned' 'writerequnaligned' 'read' 'write' 'readreq' 'writereq' 'writeresp'>

State 113 <SV = 38> <Delay = 0.00>
ST_113 : Operation 368 [37/68] (4.50ns)   --->   "%gmem1_addr_1_resp = writeresp i1 @_ssdm_op_WriteResp.m_axi.i128P1A, i128 %gmem1_addr_1" [../src/mpc_fpga_top.cpp:389]   --->   Operation 368 'writeresp' 'gmem1_addr_1_resp' <Predicate = true> <Delay = 4.50> <CoreInst = "m_axi">   --->   Core 119 'm_axi' <Latency = 3> <II = 1> <Delay = 1.00> <Adapter> <Opcode : 'readrequnaligned' 'writerequnaligned' 'read' 'write' 'readreq' 'writereq' 'writeresp'>

State 114 <SV = 39> <Delay = 0.00>
ST_114 : Operation 369 [36/68] (4.50ns)   --->   "%gmem1_addr_1_resp = writeresp i1 @_ssdm_op_WriteResp.m_axi.i128P1A, i128 %gmem1_addr_1" [../src/mpc_fpga_top.cpp:389]   --->   Operation 369 'writeresp' 'gmem1_addr_1_resp' <Predicate = true> <Delay = 4.50> <CoreInst = "m_axi">   --->   Core 119 'm_axi' <Latency = 3> <II = 1> <Delay = 1.00> <Adapter> <Opcode : 'readrequnaligned' 'writerequnaligned' 'read' 'write' 'readreq' 'writereq' 'writeresp'>

State 115 <SV = 40> <Delay = 0.00>
ST_115 : Operation 370 [35/68] (4.50ns)   --->   "%gmem1_addr_1_resp = writeresp i1 @_ssdm_op_WriteResp.m_axi.i128P1A, i128 %gmem1_addr_1" [../src/mpc_fpga_top.cpp:389]   --->   Operation 370 'writeresp' 'gmem1_addr_1_resp' <Predicate = true> <Delay = 4.50> <CoreInst = "m_axi">   --->   Core 119 'm_axi' <Latency = 3> <II = 1> <Delay = 1.00> <Adapter> <Opcode : 'readrequnaligned' 'writerequnaligned' 'read' 'write' 'readreq' 'writereq' 'writeresp'>

State 116 <SV = 41> <Delay = 0.00>
ST_116 : Operation 371 [34/68] (4.50ns)   --->   "%gmem1_addr_1_resp = writeresp i1 @_ssdm_op_WriteResp.m_axi.i128P1A, i128 %gmem1_addr_1" [../src/mpc_fpga_top.cpp:389]   --->   Operation 371 'writeresp' 'gmem1_addr_1_resp' <Predicate = true> <Delay = 4.50> <CoreInst = "m_axi">   --->   Core 119 'm_axi' <Latency = 3> <II = 1> <Delay = 1.00> <Adapter> <Opcode : 'readrequnaligned' 'writerequnaligned' 'read' 'write' 'readreq' 'writereq' 'writeresp'>

State 117 <SV = 42> <Delay = 0.00>
ST_117 : Operation 372 [33/68] (4.50ns)   --->   "%gmem1_addr_1_resp = writeresp i1 @_ssdm_op_WriteResp.m_axi.i128P1A, i128 %gmem1_addr_1" [../src/mpc_fpga_top.cpp:389]   --->   Operation 372 'writeresp' 'gmem1_addr_1_resp' <Predicate = true> <Delay = 4.50> <CoreInst = "m_axi">   --->   Core 119 'm_axi' <Latency = 3> <II = 1> <Delay = 1.00> <Adapter> <Opcode : 'readrequnaligned' 'writerequnaligned' 'read' 'write' 'readreq' 'writereq' 'writeresp'>

State 118 <SV = 43> <Delay = 0.00>
ST_118 : Operation 373 [32/68] (4.50ns)   --->   "%gmem1_addr_1_resp = writeresp i1 @_ssdm_op_WriteResp.m_axi.i128P1A, i128 %gmem1_addr_1" [../src/mpc_fpga_top.cpp:389]   --->   Operation 373 'writeresp' 'gmem1_addr_1_resp' <Predicate = true> <Delay = 4.50> <CoreInst = "m_axi">   --->   Core 119 'm_axi' <Latency = 3> <II = 1> <Delay = 1.00> <Adapter> <Opcode : 'readrequnaligned' 'writerequnaligned' 'read' 'write' 'readreq' 'writereq' 'writeresp'>

State 119 <SV = 44> <Delay = 0.00>
ST_119 : Operation 374 [31/68] (4.50ns)   --->   "%gmem1_addr_1_resp = writeresp i1 @_ssdm_op_WriteResp.m_axi.i128P1A, i128 %gmem1_addr_1" [../src/mpc_fpga_top.cpp:389]   --->   Operation 374 'writeresp' 'gmem1_addr_1_resp' <Predicate = true> <Delay = 4.50> <CoreInst = "m_axi">   --->   Core 119 'm_axi' <Latency = 3> <II = 1> <Delay = 1.00> <Adapter> <Opcode : 'readrequnaligned' 'writerequnaligned' 'read' 'write' 'readreq' 'writereq' 'writeresp'>

State 120 <SV = 45> <Delay = 0.00>
ST_120 : Operation 375 [30/68] (4.50ns)   --->   "%gmem1_addr_1_resp = writeresp i1 @_ssdm_op_WriteResp.m_axi.i128P1A, i128 %gmem1_addr_1" [../src/mpc_fpga_top.cpp:389]   --->   Operation 375 'writeresp' 'gmem1_addr_1_resp' <Predicate = true> <Delay = 4.50> <CoreInst = "m_axi">   --->   Core 119 'm_axi' <Latency = 3> <II = 1> <Delay = 1.00> <Adapter> <Opcode : 'readrequnaligned' 'writerequnaligned' 'read' 'write' 'readreq' 'writereq' 'writeresp'>

State 121 <SV = 46> <Delay = 0.00>
ST_121 : Operation 376 [29/68] (4.50ns)   --->   "%gmem1_addr_1_resp = writeresp i1 @_ssdm_op_WriteResp.m_axi.i128P1A, i128 %gmem1_addr_1" [../src/mpc_fpga_top.cpp:389]   --->   Operation 376 'writeresp' 'gmem1_addr_1_resp' <Predicate = true> <Delay = 4.50> <CoreInst = "m_axi">   --->   Core 119 'm_axi' <Latency = 3> <II = 1> <Delay = 1.00> <Adapter> <Opcode : 'readrequnaligned' 'writerequnaligned' 'read' 'write' 'readreq' 'writereq' 'writeresp'>

State 122 <SV = 47> <Delay = 0.00>
ST_122 : Operation 377 [28/68] (4.50ns)   --->   "%gmem1_addr_1_resp = writeresp i1 @_ssdm_op_WriteResp.m_axi.i128P1A, i128 %gmem1_addr_1" [../src/mpc_fpga_top.cpp:389]   --->   Operation 377 'writeresp' 'gmem1_addr_1_resp' <Predicate = true> <Delay = 4.50> <CoreInst = "m_axi">   --->   Core 119 'm_axi' <Latency = 3> <II = 1> <Delay = 1.00> <Adapter> <Opcode : 'readrequnaligned' 'writerequnaligned' 'read' 'write' 'readreq' 'writereq' 'writeresp'>

State 123 <SV = 48> <Delay = 0.00>
ST_123 : Operation 378 [27/68] (4.50ns)   --->   "%gmem1_addr_1_resp = writeresp i1 @_ssdm_op_WriteResp.m_axi.i128P1A, i128 %gmem1_addr_1" [../src/mpc_fpga_top.cpp:389]   --->   Operation 378 'writeresp' 'gmem1_addr_1_resp' <Predicate = true> <Delay = 4.50> <CoreInst = "m_axi">   --->   Core 119 'm_axi' <Latency = 3> <II = 1> <Delay = 1.00> <Adapter> <Opcode : 'readrequnaligned' 'writerequnaligned' 'read' 'write' 'readreq' 'writereq' 'writeresp'>

State 124 <SV = 49> <Delay = 0.00>
ST_124 : Operation 379 [26/68] (4.50ns)   --->   "%gmem1_addr_1_resp = writeresp i1 @_ssdm_op_WriteResp.m_axi.i128P1A, i128 %gmem1_addr_1" [../src/mpc_fpga_top.cpp:389]   --->   Operation 379 'writeresp' 'gmem1_addr_1_resp' <Predicate = true> <Delay = 4.50> <CoreInst = "m_axi">   --->   Core 119 'm_axi' <Latency = 3> <II = 1> <Delay = 1.00> <Adapter> <Opcode : 'readrequnaligned' 'writerequnaligned' 'read' 'write' 'readreq' 'writereq' 'writeresp'>

State 125 <SV = 50> <Delay = 0.00>
ST_125 : Operation 380 [25/68] (4.50ns)   --->   "%gmem1_addr_1_resp = writeresp i1 @_ssdm_op_WriteResp.m_axi.i128P1A, i128 %gmem1_addr_1" [../src/mpc_fpga_top.cpp:389]   --->   Operation 380 'writeresp' 'gmem1_addr_1_resp' <Predicate = true> <Delay = 4.50> <CoreInst = "m_axi">   --->   Core 119 'm_axi' <Latency = 3> <II = 1> <Delay = 1.00> <Adapter> <Opcode : 'readrequnaligned' 'writerequnaligned' 'read' 'write' 'readreq' 'writereq' 'writeresp'>

State 126 <SV = 51> <Delay = 0.00>
ST_126 : Operation 381 [24/68] (4.50ns)   --->   "%gmem1_addr_1_resp = writeresp i1 @_ssdm_op_WriteResp.m_axi.i128P1A, i128 %gmem1_addr_1" [../src/mpc_fpga_top.cpp:389]   --->   Operation 381 'writeresp' 'gmem1_addr_1_resp' <Predicate = true> <Delay = 4.50> <CoreInst = "m_axi">   --->   Core 119 'm_axi' <Latency = 3> <II = 1> <Delay = 1.00> <Adapter> <Opcode : 'readrequnaligned' 'writerequnaligned' 'read' 'write' 'readreq' 'writereq' 'writeresp'>

State 127 <SV = 52> <Delay = 0.00>
ST_127 : Operation 382 [23/68] (4.50ns)   --->   "%gmem1_addr_1_resp = writeresp i1 @_ssdm_op_WriteResp.m_axi.i128P1A, i128 %gmem1_addr_1" [../src/mpc_fpga_top.cpp:389]   --->   Operation 382 'writeresp' 'gmem1_addr_1_resp' <Predicate = true> <Delay = 4.50> <CoreInst = "m_axi">   --->   Core 119 'm_axi' <Latency = 3> <II = 1> <Delay = 1.00> <Adapter> <Opcode : 'readrequnaligned' 'writerequnaligned' 'read' 'write' 'readreq' 'writereq' 'writeresp'>

State 128 <SV = 53> <Delay = 0.00>
ST_128 : Operation 383 [22/68] (4.50ns)   --->   "%gmem1_addr_1_resp = writeresp i1 @_ssdm_op_WriteResp.m_axi.i128P1A, i128 %gmem1_addr_1" [../src/mpc_fpga_top.cpp:389]   --->   Operation 383 'writeresp' 'gmem1_addr_1_resp' <Predicate = true> <Delay = 4.50> <CoreInst = "m_axi">   --->   Core 119 'm_axi' <Latency = 3> <II = 1> <Delay = 1.00> <Adapter> <Opcode : 'readrequnaligned' 'writerequnaligned' 'read' 'write' 'readreq' 'writereq' 'writeresp'>

State 129 <SV = 54> <Delay = 0.00>
ST_129 : Operation 384 [21/68] (4.50ns)   --->   "%gmem1_addr_1_resp = writeresp i1 @_ssdm_op_WriteResp.m_axi.i128P1A, i128 %gmem1_addr_1" [../src/mpc_fpga_top.cpp:389]   --->   Operation 384 'writeresp' 'gmem1_addr_1_resp' <Predicate = true> <Delay = 4.50> <CoreInst = "m_axi">   --->   Core 119 'm_axi' <Latency = 3> <II = 1> <Delay = 1.00> <Adapter> <Opcode : 'readrequnaligned' 'writerequnaligned' 'read' 'write' 'readreq' 'writereq' 'writeresp'>

State 130 <SV = 55> <Delay = 0.00>
ST_130 : Operation 385 [20/68] (4.50ns)   --->   "%gmem1_addr_1_resp = writeresp i1 @_ssdm_op_WriteResp.m_axi.i128P1A, i128 %gmem1_addr_1" [../src/mpc_fpga_top.cpp:389]   --->   Operation 385 'writeresp' 'gmem1_addr_1_resp' <Predicate = true> <Delay = 4.50> <CoreInst = "m_axi">   --->   Core 119 'm_axi' <Latency = 3> <II = 1> <Delay = 1.00> <Adapter> <Opcode : 'readrequnaligned' 'writerequnaligned' 'read' 'write' 'readreq' 'writereq' 'writeresp'>

State 131 <SV = 56> <Delay = 0.00>
ST_131 : Operation 386 [19/68] (4.50ns)   --->   "%gmem1_addr_1_resp = writeresp i1 @_ssdm_op_WriteResp.m_axi.i128P1A, i128 %gmem1_addr_1" [../src/mpc_fpga_top.cpp:389]   --->   Operation 386 'writeresp' 'gmem1_addr_1_resp' <Predicate = true> <Delay = 4.50> <CoreInst = "m_axi">   --->   Core 119 'm_axi' <Latency = 3> <II = 1> <Delay = 1.00> <Adapter> <Opcode : 'readrequnaligned' 'writerequnaligned' 'read' 'write' 'readreq' 'writereq' 'writeresp'>

State 132 <SV = 57> <Delay = 0.00>
ST_132 : Operation 387 [18/68] (4.50ns)   --->   "%gmem1_addr_1_resp = writeresp i1 @_ssdm_op_WriteResp.m_axi.i128P1A, i128 %gmem1_addr_1" [../src/mpc_fpga_top.cpp:389]   --->   Operation 387 'writeresp' 'gmem1_addr_1_resp' <Predicate = true> <Delay = 4.50> <CoreInst = "m_axi">   --->   Core 119 'm_axi' <Latency = 3> <II = 1> <Delay = 1.00> <Adapter> <Opcode : 'readrequnaligned' 'writerequnaligned' 'read' 'write' 'readreq' 'writereq' 'writeresp'>

State 133 <SV = 58> <Delay = 0.00>
ST_133 : Operation 388 [17/68] (4.50ns)   --->   "%gmem1_addr_1_resp = writeresp i1 @_ssdm_op_WriteResp.m_axi.i128P1A, i128 %gmem1_addr_1" [../src/mpc_fpga_top.cpp:389]   --->   Operation 388 'writeresp' 'gmem1_addr_1_resp' <Predicate = true> <Delay = 4.50> <CoreInst = "m_axi">   --->   Core 119 'm_axi' <Latency = 3> <II = 1> <Delay = 1.00> <Adapter> <Opcode : 'readrequnaligned' 'writerequnaligned' 'read' 'write' 'readreq' 'writereq' 'writeresp'>

State 134 <SV = 59> <Delay = 0.00>
ST_134 : Operation 389 [16/68] (4.50ns)   --->   "%gmem1_addr_1_resp = writeresp i1 @_ssdm_op_WriteResp.m_axi.i128P1A, i128 %gmem1_addr_1" [../src/mpc_fpga_top.cpp:389]   --->   Operation 389 'writeresp' 'gmem1_addr_1_resp' <Predicate = true> <Delay = 4.50> <CoreInst = "m_axi">   --->   Core 119 'm_axi' <Latency = 3> <II = 1> <Delay = 1.00> <Adapter> <Opcode : 'readrequnaligned' 'writerequnaligned' 'read' 'write' 'readreq' 'writereq' 'writeresp'>

State 135 <SV = 60> <Delay = 0.00>
ST_135 : Operation 390 [15/68] (4.50ns)   --->   "%gmem1_addr_1_resp = writeresp i1 @_ssdm_op_WriteResp.m_axi.i128P1A, i128 %gmem1_addr_1" [../src/mpc_fpga_top.cpp:389]   --->   Operation 390 'writeresp' 'gmem1_addr_1_resp' <Predicate = true> <Delay = 4.50> <CoreInst = "m_axi">   --->   Core 119 'm_axi' <Latency = 3> <II = 1> <Delay = 1.00> <Adapter> <Opcode : 'readrequnaligned' 'writerequnaligned' 'read' 'write' 'readreq' 'writereq' 'writeresp'>

State 136 <SV = 61> <Delay = 0.00>
ST_136 : Operation 391 [14/68] (4.50ns)   --->   "%gmem1_addr_1_resp = writeresp i1 @_ssdm_op_WriteResp.m_axi.i128P1A, i128 %gmem1_addr_1" [../src/mpc_fpga_top.cpp:389]   --->   Operation 391 'writeresp' 'gmem1_addr_1_resp' <Predicate = true> <Delay = 4.50> <CoreInst = "m_axi">   --->   Core 119 'm_axi' <Latency = 3> <II = 1> <Delay = 1.00> <Adapter> <Opcode : 'readrequnaligned' 'writerequnaligned' 'read' 'write' 'readreq' 'writereq' 'writeresp'>

State 137 <SV = 62> <Delay = 0.00>
ST_137 : Operation 392 [13/68] (4.50ns)   --->   "%gmem1_addr_1_resp = writeresp i1 @_ssdm_op_WriteResp.m_axi.i128P1A, i128 %gmem1_addr_1" [../src/mpc_fpga_top.cpp:389]   --->   Operation 392 'writeresp' 'gmem1_addr_1_resp' <Predicate = true> <Delay = 4.50> <CoreInst = "m_axi">   --->   Core 119 'm_axi' <Latency = 3> <II = 1> <Delay = 1.00> <Adapter> <Opcode : 'readrequnaligned' 'writerequnaligned' 'read' 'write' 'readreq' 'writereq' 'writeresp'>

State 138 <SV = 63> <Delay = 0.00>
ST_138 : Operation 393 [12/68] (4.50ns)   --->   "%gmem1_addr_1_resp = writeresp i1 @_ssdm_op_WriteResp.m_axi.i128P1A, i128 %gmem1_addr_1" [../src/mpc_fpga_top.cpp:389]   --->   Operation 393 'writeresp' 'gmem1_addr_1_resp' <Predicate = true> <Delay = 4.50> <CoreInst = "m_axi">   --->   Core 119 'm_axi' <Latency = 3> <II = 1> <Delay = 1.00> <Adapter> <Opcode : 'readrequnaligned' 'writerequnaligned' 'read' 'write' 'readreq' 'writereq' 'writeresp'>

State 139 <SV = 64> <Delay = 0.00>
ST_139 : Operation 394 [11/68] (4.50ns)   --->   "%gmem1_addr_1_resp = writeresp i1 @_ssdm_op_WriteResp.m_axi.i128P1A, i128 %gmem1_addr_1" [../src/mpc_fpga_top.cpp:389]   --->   Operation 394 'writeresp' 'gmem1_addr_1_resp' <Predicate = true> <Delay = 4.50> <CoreInst = "m_axi">   --->   Core 119 'm_axi' <Latency = 3> <II = 1> <Delay = 1.00> <Adapter> <Opcode : 'readrequnaligned' 'writerequnaligned' 'read' 'write' 'readreq' 'writereq' 'writeresp'>

State 140 <SV = 65> <Delay = 0.00>
ST_140 : Operation 395 [10/68] (4.50ns)   --->   "%gmem1_addr_1_resp = writeresp i1 @_ssdm_op_WriteResp.m_axi.i128P1A, i128 %gmem1_addr_1" [../src/mpc_fpga_top.cpp:389]   --->   Operation 395 'writeresp' 'gmem1_addr_1_resp' <Predicate = true> <Delay = 4.50> <CoreInst = "m_axi">   --->   Core 119 'm_axi' <Latency = 3> <II = 1> <Delay = 1.00> <Adapter> <Opcode : 'readrequnaligned' 'writerequnaligned' 'read' 'write' 'readreq' 'writereq' 'writeresp'>

State 141 <SV = 66> <Delay = 0.00>
ST_141 : Operation 396 [9/68] (4.50ns)   --->   "%gmem1_addr_1_resp = writeresp i1 @_ssdm_op_WriteResp.m_axi.i128P1A, i128 %gmem1_addr_1" [../src/mpc_fpga_top.cpp:389]   --->   Operation 396 'writeresp' 'gmem1_addr_1_resp' <Predicate = true> <Delay = 4.50> <CoreInst = "m_axi">   --->   Core 119 'm_axi' <Latency = 3> <II = 1> <Delay = 1.00> <Adapter> <Opcode : 'readrequnaligned' 'writerequnaligned' 'read' 'write' 'readreq' 'writereq' 'writeresp'>

State 142 <SV = 67> <Delay = 0.00>
ST_142 : Operation 397 [8/68] (4.50ns)   --->   "%gmem1_addr_1_resp = writeresp i1 @_ssdm_op_WriteResp.m_axi.i128P1A, i128 %gmem1_addr_1" [../src/mpc_fpga_top.cpp:389]   --->   Operation 397 'writeresp' 'gmem1_addr_1_resp' <Predicate = true> <Delay = 4.50> <CoreInst = "m_axi">   --->   Core 119 'm_axi' <Latency = 3> <II = 1> <Delay = 1.00> <Adapter> <Opcode : 'readrequnaligned' 'writerequnaligned' 'read' 'write' 'readreq' 'writereq' 'writeresp'>

State 143 <SV = 68> <Delay = 0.00>
ST_143 : Operation 398 [7/68] (4.50ns)   --->   "%gmem1_addr_1_resp = writeresp i1 @_ssdm_op_WriteResp.m_axi.i128P1A, i128 %gmem1_addr_1" [../src/mpc_fpga_top.cpp:389]   --->   Operation 398 'writeresp' 'gmem1_addr_1_resp' <Predicate = true> <Delay = 4.50> <CoreInst = "m_axi">   --->   Core 119 'm_axi' <Latency = 3> <II = 1> <Delay = 1.00> <Adapter> <Opcode : 'readrequnaligned' 'writerequnaligned' 'read' 'write' 'readreq' 'writereq' 'writeresp'>

State 144 <SV = 69> <Delay = 0.00>
ST_144 : Operation 399 [6/68] (4.50ns)   --->   "%gmem1_addr_1_resp = writeresp i1 @_ssdm_op_WriteResp.m_axi.i128P1A, i128 %gmem1_addr_1" [../src/mpc_fpga_top.cpp:389]   --->   Operation 399 'writeresp' 'gmem1_addr_1_resp' <Predicate = true> <Delay = 4.50> <CoreInst = "m_axi">   --->   Core 119 'm_axi' <Latency = 3> <II = 1> <Delay = 1.00> <Adapter> <Opcode : 'readrequnaligned' 'writerequnaligned' 'read' 'write' 'readreq' 'writereq' 'writeresp'>

State 145 <SV = 70> <Delay = 0.00>
ST_145 : Operation 400 [5/68] (4.50ns)   --->   "%gmem1_addr_1_resp = writeresp i1 @_ssdm_op_WriteResp.m_axi.i128P1A, i128 %gmem1_addr_1" [../src/mpc_fpga_top.cpp:389]   --->   Operation 400 'writeresp' 'gmem1_addr_1_resp' <Predicate = true> <Delay = 4.50> <CoreInst = "m_axi">   --->   Core 119 'm_axi' <Latency = 3> <II = 1> <Delay = 1.00> <Adapter> <Opcode : 'readrequnaligned' 'writerequnaligned' 'read' 'write' 'readreq' 'writereq' 'writeresp'>

State 146 <SV = 71> <Delay = 0.00>
ST_146 : Operation 401 [4/68] (4.50ns)   --->   "%gmem1_addr_1_resp = writeresp i1 @_ssdm_op_WriteResp.m_axi.i128P1A, i128 %gmem1_addr_1" [../src/mpc_fpga_top.cpp:389]   --->   Operation 401 'writeresp' 'gmem1_addr_1_resp' <Predicate = true> <Delay = 4.50> <CoreInst = "m_axi">   --->   Core 119 'm_axi' <Latency = 3> <II = 1> <Delay = 1.00> <Adapter> <Opcode : 'readrequnaligned' 'writerequnaligned' 'read' 'write' 'readreq' 'writereq' 'writeresp'>

State 147 <SV = 72> <Delay = 0.00>
ST_147 : Operation 402 [3/68] (4.50ns)   --->   "%gmem1_addr_1_resp = writeresp i1 @_ssdm_op_WriteResp.m_axi.i128P1A, i128 %gmem1_addr_1" [../src/mpc_fpga_top.cpp:389]   --->   Operation 402 'writeresp' 'gmem1_addr_1_resp' <Predicate = true> <Delay = 4.50> <CoreInst = "m_axi">   --->   Core 119 'm_axi' <Latency = 3> <II = 1> <Delay = 1.00> <Adapter> <Opcode : 'readrequnaligned' 'writerequnaligned' 'read' 'write' 'readreq' 'writereq' 'writeresp'>

State 148 <SV = 73> <Delay = 0.00>
ST_148 : Operation 403 [2/68] (4.50ns)   --->   "%gmem1_addr_1_resp = writeresp i1 @_ssdm_op_WriteResp.m_axi.i128P1A, i128 %gmem1_addr_1" [../src/mpc_fpga_top.cpp:389]   --->   Operation 403 'writeresp' 'gmem1_addr_1_resp' <Predicate = true> <Delay = 4.50> <CoreInst = "m_axi">   --->   Core 119 'm_axi' <Latency = 3> <II = 1> <Delay = 1.00> <Adapter> <Opcode : 'readrequnaligned' 'writerequnaligned' 'read' 'write' 'readreq' 'writereq' 'writeresp'>

State 149 <SV = 74> <Delay = 4.50>
ST_149 : Operation 404 [1/68] ( I:4.50ns O:4.50ns )   --->   "%gmem1_addr_1_resp = writeresp i1 @_ssdm_op_WriteResp.m_axi.i128P1A, i128 %gmem1_addr_1" [../src/mpc_fpga_top.cpp:389]   --->   Operation 404 'writeresp' 'gmem1_addr_1_resp' <Predicate = true> <Delay = 4.50> <CoreInst = "m_axi">   --->   Core 119 'm_axi' <Latency = 3> <II = 1> <Delay = 1.00> <Adapter> <Opcode : 'readrequnaligned' 'writerequnaligned' 'read' 'write' 'readreq' 'writereq' 'writeresp'>
ST_149 : Operation 405 [1/1] (0.00ns)   --->   "%br_ln391 = br void %cleanup" [../src/mpc_fpga_top.cpp:391]   --->   Operation 405 'br' 'br_ln391' <Predicate = true> <Delay = 0.00>


============================================================
+ Verbose Summary: Timing violations
============================================================
Target clock period: 5.000ns, clock uncertainty: 0.500ns.

 <State 1>: 1.000ns
The critical path consists of the following:
	s_axi read operation ('output_words128_read') on port 'output_words128' [57]  (1.000 ns)

 <State 2>: 4.500ns
The critical path consists of the following:
	'call' operation ('call_ln367', ../src/mpc_fpga_top.cpp:367) to '(anonymous namespace)unpack_input_lane_words' [88]  (4.500 ns)

 <State 3>: 0.000ns
The critical path consists of the following:

 <State 4>: 0.677ns
The critical path consists of the following:
	'getelementptr' operation 4 bit ('lane_words_addr', ../src/mpc_fpga_top.cpp:367) [87]  (0.000 ns)
	'load' operation 32 bit ('ey_word', ../src/mpc_fpga_top.cpp:369) on array 'lane_words', ../src/mpc_fpga_top.cpp:361 [89]  (0.677 ns)

 <State 5>: 0.677ns
The critical path consists of the following:
	'load' operation 32 bit ('ey_word', ../src/mpc_fpga_top.cpp:369) on array 'lane_words', ../src/mpc_fpga_top.cpp:361 [89]  (0.677 ns)

 <State 6>: 0.000ns
The critical path consists of the following:

 <State 7>: 1.643ns
The critical path consists of the following:
	'call' operation ('call_ln395', ../src/mpc_fpga_top.cpp:395) to '(anonymous namespace)fill_mpc_reference_trajectory_from_lane_words' [108]  (1.643 ns)

 <State 8>: 3.834ns
The critical path consists of the following:
	'icmp' operation 1 bit ('icmp_ln417', ../src/fp_math_hls.cpp:417->../src/mpc_fpga_top.cpp:403) [118]  (0.955 ns)
	'select' operation 26 bit ('angle', ../src/fp_math_hls.cpp:417->../src/mpc_fpga_top.cpp:403) [120]  (0.323 ns)
	'icmp' operation 1 bit ('icmp_ln415_1', ../src/fp_math_hls.cpp:415->../src/mpc_fpga_top.cpp:403) [121]  (0.955 ns)
	'select' operation 26 bit ('angle', ../src/fp_math_hls.cpp:415->../src/mpc_fpga_top.cpp:403) [123]  (0.323 ns)
	'icmp' operation 1 bit ('icmp_ln417_1', ../src/fp_math_hls.cpp:417->../src/mpc_fpga_top.cpp:403) [124]  (0.955 ns)
	'select' operation 26 bit ('angle', ../src/fp_math_hls.cpp:417->../src/mpc_fpga_top.cpp:403) [126]  (0.323 ns)

 <State 9>: 1.016ns
The critical path consists of the following:
	'call' operation ('call_ln402', ../src/mpc_fpga_top.cpp:402) to '(anonymous namespace)mpc_fpga_compute_core' [133]  (1.016 ns)

 <State 10>: 4.500ns
The critical path consists of the following:
	'getelementptr' operation 128 bit ('gmem1_addr', ../src/mpc_fpga_top.cpp:410) [144]  (0.000 ns)
	bus request operation ('gmem1_addr_req', ../src/mpc_fpga_top.cpp:410) on port 'gmem1' (../src/mpc_fpga_top.cpp:410) [145]  (4.500 ns)

 <State 11>: 4.500ns
The critical path consists of the following:
	'load' operation 26 bit ('steering_word', ../src/mpc_fpga_top.cpp:411) on local variable 'out_steering', ../src/mpc_fpga_top.cpp:397 [134]  (0.000 ns)
	bus write operation ('write_ln410', ../src/mpc_fpga_top.cpp:410) on port 'gmem1' (../src/mpc_fpga_top.cpp:410) [146]  (4.500 ns)

 <State 12>: 0.000ns
The critical path consists of the following:

 <State 13>: 0.000ns
The critical path consists of the following:

 <State 14>: 0.000ns
The critical path consists of the following:

 <State 15>: 0.000ns
The critical path consists of the following:

 <State 16>: 0.000ns
The critical path consists of the following:

 <State 17>: 0.000ns
The critical path consists of the following:

 <State 18>: 0.000ns
The critical path consists of the following:

 <State 19>: 0.000ns
The critical path consists of the following:

 <State 20>: 0.000ns
The critical path consists of the following:

 <State 21>: 0.000ns
The critical path consists of the following:

 <State 22>: 0.000ns
The critical path consists of the following:

 <State 23>: 0.000ns
The critical path consists of the following:

 <State 24>: 0.000ns
The critical path consists of the following:

 <State 25>: 0.000ns
The critical path consists of the following:

 <State 26>: 0.000ns
The critical path consists of the following:

 <State 27>: 0.000ns
The critical path consists of the following:

 <State 28>: 0.000ns
The critical path consists of the following:

 <State 29>: 0.000ns
The critical path consists of the following:

 <State 30>: 0.000ns
The critical path consists of the following:

 <State 31>: 0.000ns
The critical path consists of the following:

 <State 32>: 0.000ns
The critical path consists of the following:

 <State 33>: 0.000ns
The critical path consists of the following:

 <State 34>: 0.000ns
The critical path consists of the following:

 <State 35>: 0.000ns
The critical path consists of the following:

 <State 36>: 0.000ns
The critical path consists of the following:

 <State 37>: 0.000ns
The critical path consists of the following:

 <State 38>: 0.000ns
The critical path consists of the following:

 <State 39>: 0.000ns
The critical path consists of the following:

 <State 40>: 0.000ns
The critical path consists of the following:

 <State 41>: 0.000ns
The critical path consists of the following:

 <State 42>: 0.000ns
The critical path consists of the following:

 <State 43>: 0.000ns
The critical path consists of the following:

 <State 44>: 0.000ns
The critical path consists of the following:

 <State 45>: 0.000ns
The critical path consists of the following:

 <State 46>: 0.000ns
The critical path consists of the following:

 <State 47>: 0.000ns
The critical path consists of the following:

 <State 48>: 0.000ns
The critical path consists of the following:

 <State 49>: 0.000ns
The critical path consists of the following:

 <State 50>: 0.000ns
The critical path consists of the following:

 <State 51>: 0.000ns
The critical path consists of the following:

 <State 52>: 0.000ns
The critical path consists of the following:

 <State 53>: 0.000ns
The critical path consists of the following:

 <State 54>: 0.000ns
The critical path consists of the following:

 <State 55>: 0.000ns
The critical path consists of the following:

 <State 56>: 0.000ns
The critical path consists of the following:

 <State 57>: 0.000ns
The critical path consists of the following:

 <State 58>: 0.000ns
The critical path consists of the following:

 <State 59>: 0.000ns
The critical path consists of the following:

 <State 60>: 0.000ns
The critical path consists of the following:

 <State 61>: 0.000ns
The critical path consists of the following:

 <State 62>: 0.000ns
The critical path consists of the following:

 <State 63>: 0.000ns
The critical path consists of the following:

 <State 64>: 0.000ns
The critical path consists of the following:

 <State 65>: 0.000ns
The critical path consists of the following:

 <State 66>: 0.000ns
The critical path consists of the following:

 <State 67>: 0.000ns
The critical path consists of the following:

 <State 68>: 0.000ns
The critical path consists of the following:

 <State 69>: 0.000ns
The critical path consists of the following:

 <State 70>: 0.000ns
The critical path consists of the following:

 <State 71>: 0.000ns
The critical path consists of the following:

 <State 72>: 0.000ns
The critical path consists of the following:

 <State 73>: 0.000ns
The critical path consists of the following:

 <State 74>: 0.000ns
The critical path consists of the following:

 <State 75>: 0.000ns
The critical path consists of the following:

 <State 76>: 0.000ns
The critical path consists of the following:

 <State 77>: 0.000ns
The critical path consists of the following:

 <State 78>: 0.000ns
The critical path consists of the following:

 <State 79>: 4.500ns
The critical path consists of the following:
	bus response operation ('gmem1_addr_resp', ../src/mpc_fpga_top.cpp:410) on port 'gmem1' (../src/mpc_fpga_top.cpp:410) [147]  (4.500 ns)

 <State 80>: 4.500ns
The critical path consists of the following:
	'getelementptr' operation 128 bit ('gmem1_addr_1', ../src/mpc_fpga_top.cpp:389) [153]  (0.000 ns)
	bus request operation ('gmem1_addr_1_req', ../src/mpc_fpga_top.cpp:389) on port 'gmem1' (../src/mpc_fpga_top.cpp:389) [154]  (4.500 ns)

 <State 81>: 4.500ns
The critical path consists of the following:
	bus write operation ('write_ln389', ../src/mpc_fpga_top.cpp:389) on port 'gmem1' (../src/mpc_fpga_top.cpp:389) [155]  (4.500 ns)

 <State 82>: 0.000ns
The critical path consists of the following:

 <State 83>: 0.000ns
The critical path consists of the following:

 <State 84>: 0.000ns
The critical path consists of the following:

 <State 85>: 0.000ns
The critical path consists of the following:

 <State 86>: 0.000ns
The critical path consists of the following:

 <State 87>: 0.000ns
The critical path consists of the following:

 <State 88>: 0.000ns
The critical path consists of the following:

 <State 89>: 0.000ns
The critical path consists of the following:

 <State 90>: 0.000ns
The critical path consists of the following:

 <State 91>: 0.000ns
The critical path consists of the following:

 <State 92>: 0.000ns
The critical path consists of the following:

 <State 93>: 0.000ns
The critical path consists of the following:

 <State 94>: 0.000ns
The critical path consists of the following:

 <State 95>: 0.000ns
The critical path consists of the following:

 <State 96>: 0.000ns
The critical path consists of the following:

 <State 97>: 0.000ns
The critical path consists of the following:

 <State 98>: 0.000ns
The critical path consists of the following:

 <State 99>: 0.000ns
The critical path consists of the following:

 <State 100>: 0.000ns
The critical path consists of the following:

 <State 101>: 0.000ns
The critical path consists of the following:

 <State 102>: 0.000ns
The critical path consists of the following:

 <State 103>: 0.000ns
The critical path consists of the following:

 <State 104>: 0.000ns
The critical path consists of the following:

 <State 105>: 0.000ns
The critical path consists of the following:

 <State 106>: 0.000ns
The critical path consists of the following:

 <State 107>: 0.000ns
The critical path consists of the following:

 <State 108>: 0.000ns
The critical path consists of the following:

 <State 109>: 0.000ns
The critical path consists of the following:

 <State 110>: 0.000ns
The critical path consists of the following:

 <State 111>: 0.000ns
The critical path consists of the following:

 <State 112>: 0.000ns
The critical path consists of the following:

 <State 113>: 0.000ns
The critical path consists of the following:

 <State 114>: 0.000ns
The critical path consists of the following:

 <State 115>: 0.000ns
The critical path consists of the following:

 <State 116>: 0.000ns
The critical path consists of the following:

 <State 117>: 0.000ns
The critical path consists of the following:

 <State 118>: 0.000ns
The critical path consists of the following:

 <State 119>: 0.000ns
The critical path consists of the following:

 <State 120>: 0.000ns
The critical path consists of the following:

 <State 121>: 0.000ns
The critical path consists of the following:

 <State 122>: 0.000ns
The critical path consists of the following:

 <State 123>: 0.000ns
The critical path consists of the following:

 <State 124>: 0.000ns
The critical path consists of the following:

 <State 125>: 0.000ns
The critical path consists of the following:

 <State 126>: 0.000ns
The critical path consists of the following:

 <State 127>: 0.000ns
The critical path consists of the following:

 <State 128>: 0.000ns
The critical path consists of the following:

 <State 129>: 0.000ns
The critical path consists of the following:

 <State 130>: 0.000ns
The critical path consists of the following:

 <State 131>: 0.000ns
The critical path consists of the following:

 <State 132>: 0.000ns
The critical path consists of the following:

 <State 133>: 0.000ns
The critical path consists of the following:

 <State 134>: 0.000ns
The critical path consists of the following:

 <State 135>: 0.000ns
The critical path consists of the following:

 <State 136>: 0.000ns
The critical path consists of the following:

 <State 137>: 0.000ns
The critical path consists of the following:

 <State 138>: 0.000ns
The critical path consists of the following:

 <State 139>: 0.000ns
The critical path consists of the following:

 <State 140>: 0.000ns
The critical path consists of the following:

 <State 141>: 0.000ns
The critical path consists of the following:

 <State 142>: 0.000ns
The critical path consists of the following:

 <State 143>: 0.000ns
The critical path consists of the following:

 <State 144>: 0.000ns
The critical path consists of the following:

 <State 145>: 0.000ns
The critical path consists of the following:

 <State 146>: 0.000ns
The critical path consists of the following:

 <State 147>: 0.000ns
The critical path consists of the following:

 <State 148>: 0.000ns
The critical path consists of the following:

 <State 149>: 4.500ns
The critical path consists of the following:
	bus response operation ('gmem1_addr_1_resp', ../src/mpc_fpga_top.cpp:389) on port 'gmem1' (../src/mpc_fpga_top.cpp:389) [156]  (4.500 ns)


============================================================
+ Verbose Summary: Binding
============================================================
N/A
* FSMD analyzer results:
  - Output states:
 - Input state : 
  - Chain level:
	State 1
	State 2
	State 3
	State 4
	State 5
	State 6
	State 7
	State 8
	State 9
	State 10
	State 11
	State 12
	State 13
	State 14
	State 15
	State 16
	State 17
	State 18
	State 19
	State 20
	State 21
	State 22
	State 23
	State 24
	State 25
	State 26
	State 27
	State 28
	State 29
	State 30
	State 31
	State 32
	State 33
	State 34
	State 35
	State 36
	State 37
	State 38
	State 39
	State 40
	State 41
	State 42
	State 43
	State 44
	State 45
	State 46
	State 47
	State 48
	State 49
	State 50
	State 51
	State 52
	State 53
	State 54
	State 55
	State 56
	State 57
	State 58
	State 59
	State 60
	State 61
	State 62
	State 63
	State 64
	State 65
	State 66
	State 67
	State 68
	State 69
	State 70
	State 71
	State 72
	State 73
	State 74
	State 75
	State 76
	State 77
	State 78
	State 79
	State 80
	State 81
	State 82
	State 83
	State 84
	State 85
	State 86
	State 87
	State 88
	State 89
	State 90
	State 91
	State 92
	State 93
	State 94
	State 95
	State 96
	State 97
	State 98
	State 99
	State 100
	State 101
	State 102
	State 103
	State 104
	State 105
	State 106
	State 107
	State 108
	State 109
	State 110
	State 111
	State 112
	State 113
	State 114
	State 115
	State 116
	State 117
	State 118
	State 119
	State 120
	State 121
	State 122
	State 123
	State 124
	State 125
	State 126
	State 127
	State 128
	State 129
	State 130
	State 131
	State 132
	State 133
	State 134
	State 135
	State 136
	State 137
	State 138
	State 139
	State 140
	State 141
	State 142
	State 143
	State 144
	State 145
	State 146
	State 147
	State 148
	State 149


============================================================
+ Verbose Summary: Datapath Resource usage 
============================================================
N/A
