

================================================================
== Vitis HLS Report for 'mpc_compute_hls_Pipeline_VITIS_LOOP_371_3'
================================================================
* Date:           Thu May 21 15:23:04 2026

* Version:        2025.2 (Build 6295257 on Nov 14 2025)
* Project:        mpc_fpga_top_opencl
* Solution:       hls (Vitis Kernel Flow Target)
* Product family: zynquplus
* Target device:  xck26-sfvc784-2LV-c


================================================================
== Performance Estimates
================================================================
+ Timing: 
    * Summary: 
    +--------+---------+----------+------------+
    |  Clock |  Target | Estimated| Uncertainty|
    +--------+---------+----------+------------+
    |ap_clk  |  5.00 ns|  4.482 ns|     0.50 ns|
    +--------+---------+----------+------------+

+ Latency: 
    * Summary: 
    +---------+---------+-----------+-----------+-----+-----+-------------------+
    |  Latency (cycles) |   Latency (absolute)  |  Interval |      Pipeline     |
    |   min   |   max   |    min    |    max    | min | max |        Type       |
    +---------+---------+-----------+-----------+-----+-----+-------------------+
    |     2114|     2114|  10.570 us|  10.570 us|    0|    0|  loop pipeline stp|
    +---------+---------+-----------+-----------+-----+-----+-------------------+

    + Detail: 
        * Instance: 
        N/A

        * Loop: 
        +--------------------+---------+---------+----------+-----------+-----------+------+----------+
        |                    |  Latency (cycles) | Iteration|  Initiation Interval  | Trip |          |
        |      Loop Name     |   min   |   max   |  Latency |  achieved |   target  | Count| Pipelined|
        +--------------------+---------+---------+----------+-----------+-----------+------+----------+
        |- VITIS_LOOP_371_3  |     2112|     2112|       146|        100|        100|    20|       yes|
        +--------------------+---------+---------+----------+-----------+-----------+------+----------+

============================================================
+ Verbose Summary: Synthesis Manager
============================================================
InlineROM: 1
ExposeGlobal: 0
============================================================
+ Verbose Summary: CDFG Model
============================================================
IsTopModel: 0
ResetActiveHigh: 1
IsCombinational: 0
IsDatapathOnly: 0
HasWiredReturn: 1
HasMFsm: 2
HasVarLatency: 1
IsPipeline: 0
IsRtlPipelined: 0
IsInstanceOverlapped: 0
IsDontTouch: 0
HasImplIP: 0
IsGatedGlobalClock: 0

+ Individual pipeline summary: 
  * Pipeline-0: initiation interval (II) = 100, depth = 146


============================================================
+ Verbose Summary: Schedule
============================================================
* Number of FSM states : 146
* Pipeline : 1
  Pipeline-0 : II = 100, D = 146, States = { 1 2 3 4 5 6 7 8 9 10 11 12 13 14 15 16 17 18 19 20 21 22 23 24 25 26 27 28 29 30 31 32 33 34 35 36 37 38 39 40 41 42 43 44 45 46 47 48 49 50 51 52 53 54 55 56 57 58 59 60 61 62 63 64 65 66 67 68 69 70 71 72 73 74 75 76 77 78 79 80 81 82 83 84 85 86 87 88 89 90 91 92 93 94 95 96 97 98 99 100 101 102 103 104 105 106 107 108 109 110 111 112 113 114 115 116 117 118 119 120 121 122 123 124 125 126 127 128 129 130 131 132 133 134 135 136 137 138 139 140 141 142 143 144 145 146 }
* Dataflow Pipeline: 0

* FSM state transitions: 
1 --> 2 
2 --> 3 
3 --> 4 
4 --> 5 
5 --> 6 
6 --> 7 
7 --> 8 
8 --> 9 
9 --> 10 
10 --> 11 
11 --> 12 
12 --> 13 
13 --> 14 
14 --> 15 
15 --> 16 
16 --> 17 
17 --> 18 
18 --> 19 
19 --> 20 
20 --> 21 
21 --> 22 
22 --> 23 
23 --> 24 
24 --> 25 
25 --> 26 
26 --> 27 
27 --> 28 
28 --> 29 
29 --> 30 
30 --> 31 
31 --> 32 
32 --> 33 
33 --> 34 
34 --> 35 
35 --> 36 
36 --> 37 
37 --> 38 
38 --> 39 
39 --> 40 
40 --> 41 
41 --> 42 
42 --> 43 
43 --> 44 
44 --> 45 
45 --> 46 
46 --> 47 
47 --> 48 
48 --> 49 
49 --> 50 
50 --> 51 
51 --> 52 
52 --> 53 
53 --> 54 
54 --> 55 
55 --> 56 
56 --> 57 
57 --> 58 
58 --> 59 
59 --> 60 
60 --> 61 
61 --> 62 
62 --> 63 
63 --> 64 
64 --> 65 
65 --> 66 
66 --> 67 
67 --> 68 
68 --> 69 
69 --> 70 
70 --> 71 
71 --> 72 
72 --> 73 
73 --> 74 
74 --> 75 
75 --> 76 
76 --> 77 
77 --> 78 
78 --> 79 
79 --> 80 
80 --> 81 
81 --> 82 
82 --> 83 
83 --> 84 
84 --> 85 
85 --> 86 
86 --> 87 
87 --> 88 
88 --> 89 
89 --> 90 
90 --> 91 
91 --> 92 
92 --> 93 
93 --> 94 
94 --> 95 
95 --> 96 
96 --> 97 
97 --> 98 
98 --> 99 
99 --> 100 
100 --> 101 
101 --> 102 
102 --> 103 
103 --> 104 
104 --> 105 
105 --> 106 
106 --> 107 
107 --> 108 
108 --> 109 
109 --> 110 
110 --> 111 
111 --> 112 
112 --> 113 
113 --> 114 
114 --> 115 
115 --> 116 
116 --> 117 
117 --> 118 
118 --> 119 
119 --> 120 
120 --> 121 
121 --> 122 
122 --> 123 
123 --> 124 
124 --> 125 
125 --> 126 
126 --> 127 
127 --> 128 
128 --> 129 
129 --> 130 
130 --> 131 
131 --> 132 
132 --> 133 
133 --> 134 
134 --> 135 
135 --> 136 
136 --> 137 
137 --> 138 
138 --> 139 
139 --> 140 
140 --> 141 
141 --> 142 
142 --> 143 
143 --> 144 
144 --> 145 
145 --> 146 
146 --> 

* FSM state operations: 

State 1 <SV = 0> <Delay = 3.64>
ST_1 : Operation 149 [1/1] (0.00ns)   --->   "%terminal_wall_x_lb_con = alloca i32 1" [../src/mpc_riccati_hls.cpp:335]   --->   Operation 149 'alloca' 'terminal_wall_x_lb_con' <Predicate = true> <Delay = 0.00>
ST_1 : Operation 150 [1/1] (0.00ns)   --->   "%terminal_wall_x_ub_con = alloca i32 1" [../src/mpc_riccati_hls.cpp:336]   --->   Operation 150 'alloca' 'terminal_wall_x_ub_con' <Predicate = true> <Delay = 0.00>
ST_1 : Operation 151 [1/1] (0.00ns)   --->   "%lin_delta = alloca i32 1" [../src/mpc_riccati_hls.cpp:346]   --->   Operation 151 'alloca' 'lin_delta' <Predicate = true> <Delay = 0.00>
ST_1 : Operation 152 [1/1] (0.00ns)   --->   "%lin_epsi_0151_0_0_0 = alloca i32 1"   --->   Operation 152 'alloca' 'lin_epsi_0151_0_0_0' <Predicate = true> <Delay = 0.00>
ST_1 : Operation 153 [1/1] (0.00ns)   --->   "%lin_ey_0152_0_0_0 = alloca i32 1"   --->   Operation 153 'alloca' 'lin_ey_0152_0_0_0' <Predicate = true> <Delay = 0.00>
ST_1 : Operation 154 [1/1] (0.00ns)   --->   "%terminal_dff_raw_0153_0_0_0 = alloca i32 1"   --->   Operation 154 'alloca' 'terminal_dff_raw_0153_0_0_0' <Predicate = true> <Delay = 0.00>
ST_1 : Operation 155 [1/1] (0.00ns)   --->   "%out_144 = alloca i32 1"   --->   Operation 155 'alloca' 'out_144' <Predicate = true> <Delay = 0.00>
ST_1 : Operation 156 [1/1] (0.00ns)   --->   "%lin_vx_k = alloca i32 1" [../src/mpc_riccati_hls.cpp:394]   --->   Operation 156 'alloca' 'lin_vx_k' <Predicate = true> <Delay = 0.00>
ST_1 : Operation 157 [1/1] (0.00ns)   --->   "%lin_vy_0157_0_0_0 = alloca i32 1"   --->   Operation 157 'alloca' 'lin_vy_0157_0_0_0' <Predicate = true> <Delay = 0.00>
ST_1 : Operation 158 [1/1] (0.00ns)   --->   "%lin_omega_0158_0_0_0 = alloca i32 1"   --->   Operation 158 'alloca' 'lin_omega_0158_0_0_0' <Predicate = true> <Delay = 0.00>
ST_1 : Operation 159 [1/1] (0.00ns)   --->   "%b = alloca i32 1" [../src/fp_math_hls.cpp:156->../src/fp_math_hls.cpp:324->../src/mpc_riccati_hls.cpp:450]   --->   Operation 159 'alloca' 'b' <Predicate = true> <Delay = 0.00>
ST_1 : Operation 160 [1/1] (0.00ns)   --->   "%k_3 = alloca i32 1" [../src/mpc_riccati_hls.cpp:320]   --->   Operation 160 'alloca' 'k_3' <Predicate = true> <Delay = 0.00>
ST_1 : Operation 161 [1/1] (0.00ns)   --->   "%x0_2_read = read i32 @_ssdm_op_Read.ap_auto.i32, i32 %x0_2"   --->   Operation 161 'read' 'x0_2_read' <Predicate = true> <Delay = 0.00>
ST_1 : Operation 162 [1/1] (0.00ns)   --->   "%tmp = read i27 @_ssdm_op_Read.ap_auto.i27, i27 %empty"   --->   Operation 162 'read' 'tmp' <Predicate = true> <Delay = 0.00>
ST_1 : Operation 163 [1/1] (0.00ns)   --->   "%wall_right_min_19_reload_read = read i32 @_ssdm_op_Read.ap_auto.i32, i32 %wall_right_min_19_reload"   --->   Operation 163 'read' 'wall_right_min_19_reload_read' <Predicate = true> <Delay = 0.00>
ST_1 : Operation 164 [1/1] (0.00ns)   --->   "%wall_right_min_18_reload_read = read i32 @_ssdm_op_Read.ap_auto.i32, i32 %wall_right_min_18_reload"   --->   Operation 164 'read' 'wall_right_min_18_reload_read' <Predicate = true> <Delay = 0.00>
ST_1 : Operation 165 [1/1] (0.00ns)   --->   "%wall_right_min_17_reload_read = read i32 @_ssdm_op_Read.ap_auto.i32, i32 %wall_right_min_17_reload"   --->   Operation 165 'read' 'wall_right_min_17_reload_read' <Predicate = true> <Delay = 0.00>
ST_1 : Operation 166 [1/1] (0.00ns)   --->   "%wall_right_min_16_reload_read = read i32 @_ssdm_op_Read.ap_auto.i32, i32 %wall_right_min_16_reload"   --->   Operation 166 'read' 'wall_right_min_16_reload_read' <Predicate = true> <Delay = 0.00>
ST_1 : Operation 167 [1/1] (0.00ns)   --->   "%wall_right_min_15_reload_read = read i32 @_ssdm_op_Read.ap_auto.i32, i32 %wall_right_min_15_reload"   --->   Operation 167 'read' 'wall_right_min_15_reload_read' <Predicate = true> <Delay = 0.00>
ST_1 : Operation 168 [1/1] (0.00ns)   --->   "%wall_right_min_14_reload_read = read i32 @_ssdm_op_Read.ap_auto.i32, i32 %wall_right_min_14_reload"   --->   Operation 168 'read' 'wall_right_min_14_reload_read' <Predicate = true> <Delay = 0.00>
ST_1 : Operation 169 [1/1] (0.00ns)   --->   "%wall_right_min_13_reload_read = read i32 @_ssdm_op_Read.ap_auto.i32, i32 %wall_right_min_13_reload"   --->   Operation 169 'read' 'wall_right_min_13_reload_read' <Predicate = true> <Delay = 0.00>
ST_1 : Operation 170 [1/1] (0.00ns)   --->   "%wall_right_min_12_reload_read = read i32 @_ssdm_op_Read.ap_auto.i32, i32 %wall_right_min_12_reload"   --->   Operation 170 'read' 'wall_right_min_12_reload_read' <Predicate = true> <Delay = 0.00>
ST_1 : Operation 171 [1/1] (0.00ns)   --->   "%wall_right_min_11_reload_read = read i32 @_ssdm_op_Read.ap_auto.i32, i32 %wall_right_min_11_reload"   --->   Operation 171 'read' 'wall_right_min_11_reload_read' <Predicate = true> <Delay = 0.00>
ST_1 : Operation 172 [1/1] (0.00ns)   --->   "%wall_right_min_10_reload_read = read i32 @_ssdm_op_Read.ap_auto.i32, i32 %wall_right_min_10_reload"   --->   Operation 172 'read' 'wall_right_min_10_reload_read' <Predicate = true> <Delay = 0.00>
ST_1 : Operation 173 [1/1] (0.00ns)   --->   "%wall_right_min_9_reload_read = read i32 @_ssdm_op_Read.ap_auto.i32, i32 %wall_right_min_9_reload"   --->   Operation 173 'read' 'wall_right_min_9_reload_read' <Predicate = true> <Delay = 0.00>
ST_1 : Operation 174 [1/1] (0.00ns)   --->   "%wall_right_min_8_reload_read = read i32 @_ssdm_op_Read.ap_auto.i32, i32 %wall_right_min_8_reload"   --->   Operation 174 'read' 'wall_right_min_8_reload_read' <Predicate = true> <Delay = 0.00>
ST_1 : Operation 175 [1/1] (0.00ns)   --->   "%wall_right_min_7_reload_read = read i32 @_ssdm_op_Read.ap_auto.i32, i32 %wall_right_min_7_reload"   --->   Operation 175 'read' 'wall_right_min_7_reload_read' <Predicate = true> <Delay = 0.00>
ST_1 : Operation 176 [1/1] (0.00ns)   --->   "%wall_right_min_6_reload_read = read i32 @_ssdm_op_Read.ap_auto.i32, i32 %wall_right_min_6_reload"   --->   Operation 176 'read' 'wall_right_min_6_reload_read' <Predicate = true> <Delay = 0.00>
ST_1 : Operation 177 [1/1] (0.00ns)   --->   "%wall_right_min_5_reload_read = read i32 @_ssdm_op_Read.ap_auto.i32, i32 %wall_right_min_5_reload"   --->   Operation 177 'read' 'wall_right_min_5_reload_read' <Predicate = true> <Delay = 0.00>
ST_1 : Operation 178 [1/1] (0.00ns)   --->   "%wall_right_min_4_reload_read = read i32 @_ssdm_op_Read.ap_auto.i32, i32 %wall_right_min_4_reload"   --->   Operation 178 'read' 'wall_right_min_4_reload_read' <Predicate = true> <Delay = 0.00>
ST_1 : Operation 179 [1/1] (0.00ns)   --->   "%wall_right_min_3_reload_read = read i32 @_ssdm_op_Read.ap_auto.i32, i32 %wall_right_min_3_reload"   --->   Operation 179 'read' 'wall_right_min_3_reload_read' <Predicate = true> <Delay = 0.00>
ST_1 : Operation 180 [1/1] (0.00ns)   --->   "%wall_right_min_2_reload_read = read i32 @_ssdm_op_Read.ap_auto.i32, i32 %wall_right_min_2_reload"   --->   Operation 180 'read' 'wall_right_min_2_reload_read' <Predicate = true> <Delay = 0.00>
ST_1 : Operation 181 [1/1] (0.00ns)   --->   "%wall_right_min_1_reload_read = read i32 @_ssdm_op_Read.ap_auto.i32, i32 %wall_right_min_1_reload"   --->   Operation 181 'read' 'wall_right_min_1_reload_read' <Predicate = true> <Delay = 0.00>
ST_1 : Operation 182 [1/1] (0.00ns)   --->   "%wall_right_min_reload_read = read i32 @_ssdm_op_Read.ap_auto.i32, i32 %wall_right_min_reload"   --->   Operation 182 'read' 'wall_right_min_reload_read' <Predicate = true> <Delay = 0.00>
ST_1 : Operation 183 [1/1] (0.00ns)   --->   "%wall_left_min_19_reload_read = read i32 @_ssdm_op_Read.ap_auto.i32, i32 %wall_left_min_19_reload"   --->   Operation 183 'read' 'wall_left_min_19_reload_read' <Predicate = true> <Delay = 0.00>
ST_1 : Operation 184 [1/1] (0.00ns)   --->   "%wall_left_min_18_reload_read = read i32 @_ssdm_op_Read.ap_auto.i32, i32 %wall_left_min_18_reload"   --->   Operation 184 'read' 'wall_left_min_18_reload_read' <Predicate = true> <Delay = 0.00>
ST_1 : Operation 185 [1/1] (0.00ns)   --->   "%wall_left_min_17_reload_read = read i32 @_ssdm_op_Read.ap_auto.i32, i32 %wall_left_min_17_reload"   --->   Operation 185 'read' 'wall_left_min_17_reload_read' <Predicate = true> <Delay = 0.00>
ST_1 : Operation 186 [1/1] (0.00ns)   --->   "%wall_left_min_16_reload_read = read i32 @_ssdm_op_Read.ap_auto.i32, i32 %wall_left_min_16_reload"   --->   Operation 186 'read' 'wall_left_min_16_reload_read' <Predicate = true> <Delay = 0.00>
ST_1 : Operation 187 [1/1] (0.00ns)   --->   "%wall_left_min_15_reload_read = read i32 @_ssdm_op_Read.ap_auto.i32, i32 %wall_left_min_15_reload"   --->   Operation 187 'read' 'wall_left_min_15_reload_read' <Predicate = true> <Delay = 0.00>
ST_1 : Operation 188 [1/1] (0.00ns)   --->   "%wall_left_min_14_reload_read = read i32 @_ssdm_op_Read.ap_auto.i32, i32 %wall_left_min_14_reload"   --->   Operation 188 'read' 'wall_left_min_14_reload_read' <Predicate = true> <Delay = 0.00>
ST_1 : Operation 189 [1/1] (0.00ns)   --->   "%wall_left_min_13_reload_read = read i32 @_ssdm_op_Read.ap_auto.i32, i32 %wall_left_min_13_reload"   --->   Operation 189 'read' 'wall_left_min_13_reload_read' <Predicate = true> <Delay = 0.00>
ST_1 : Operation 190 [1/1] (0.00ns)   --->   "%wall_left_min_12_reload_read = read i32 @_ssdm_op_Read.ap_auto.i32, i32 %wall_left_min_12_reload"   --->   Operation 190 'read' 'wall_left_min_12_reload_read' <Predicate = true> <Delay = 0.00>
ST_1 : Operation 191 [1/1] (0.00ns)   --->   "%wall_left_min_11_reload_read = read i32 @_ssdm_op_Read.ap_auto.i32, i32 %wall_left_min_11_reload"   --->   Operation 191 'read' 'wall_left_min_11_reload_read' <Predicate = true> <Delay = 0.00>
ST_1 : Operation 192 [1/1] (0.00ns)   --->   "%wall_left_min_10_reload_read = read i32 @_ssdm_op_Read.ap_auto.i32, i32 %wall_left_min_10_reload"   --->   Operation 192 'read' 'wall_left_min_10_reload_read' <Predicate = true> <Delay = 0.00>
ST_1 : Operation 193 [1/1] (0.00ns)   --->   "%wall_left_min_9_reload_read = read i32 @_ssdm_op_Read.ap_auto.i32, i32 %wall_left_min_9_reload"   --->   Operation 193 'read' 'wall_left_min_9_reload_read' <Predicate = true> <Delay = 0.00>
ST_1 : Operation 194 [1/1] (0.00ns)   --->   "%wall_left_min_8_reload_read = read i32 @_ssdm_op_Read.ap_auto.i32, i32 %wall_left_min_8_reload"   --->   Operation 194 'read' 'wall_left_min_8_reload_read' <Predicate = true> <Delay = 0.00>
ST_1 : Operation 195 [1/1] (0.00ns)   --->   "%wall_left_min_7_reload_read = read i32 @_ssdm_op_Read.ap_auto.i32, i32 %wall_left_min_7_reload"   --->   Operation 195 'read' 'wall_left_min_7_reload_read' <Predicate = true> <Delay = 0.00>
ST_1 : Operation 196 [1/1] (0.00ns)   --->   "%wall_left_min_6_reload_read = read i32 @_ssdm_op_Read.ap_auto.i32, i32 %wall_left_min_6_reload"   --->   Operation 196 'read' 'wall_left_min_6_reload_read' <Predicate = true> <Delay = 0.00>
ST_1 : Operation 197 [1/1] (0.00ns)   --->   "%wall_left_min_5_reload_read = read i32 @_ssdm_op_Read.ap_auto.i32, i32 %wall_left_min_5_reload"   --->   Operation 197 'read' 'wall_left_min_5_reload_read' <Predicate = true> <Delay = 0.00>
ST_1 : Operation 198 [1/1] (0.00ns)   --->   "%wall_left_min_4_reload_read = read i32 @_ssdm_op_Read.ap_auto.i32, i32 %wall_left_min_4_reload"   --->   Operation 198 'read' 'wall_left_min_4_reload_read' <Predicate = true> <Delay = 0.00>
ST_1 : Operation 199 [1/1] (0.00ns)   --->   "%wall_left_min_3_reload_read = read i32 @_ssdm_op_Read.ap_auto.i32, i32 %wall_left_min_3_reload"   --->   Operation 199 'read' 'wall_left_min_3_reload_read' <Predicate = true> <Delay = 0.00>
ST_1 : Operation 200 [1/1] (0.00ns)   --->   "%wall_left_min_2_reload_read = read i32 @_ssdm_op_Read.ap_auto.i32, i32 %wall_left_min_2_reload"   --->   Operation 200 'read' 'wall_left_min_2_reload_read' <Predicate = true> <Delay = 0.00>
ST_1 : Operation 201 [1/1] (0.00ns)   --->   "%wall_left_min_1_reload_read = read i32 @_ssdm_op_Read.ap_auto.i32, i32 %wall_left_min_1_reload"   --->   Operation 201 'read' 'wall_left_min_1_reload_read' <Predicate = true> <Delay = 0.00>
ST_1 : Operation 202 [1/1] (0.00ns)   --->   "%wall_left_min_reload_read = read i32 @_ssdm_op_Read.ap_auto.i32, i32 %wall_left_min_reload"   --->   Operation 202 'read' 'wall_left_min_reload_read' <Predicate = true> <Delay = 0.00>
ST_1 : Operation 203 [1/1] (0.00ns)   --->   "%sext_ln483_read = read i18 @_ssdm_op_Read.ap_auto.i18, i18 %sext_ln483"   --->   Operation 203 'read' 'sext_ln483_read' <Predicate = true> <Delay = 0.00>
ST_1 : Operation 204 [1/1] (0.00ns)   --->   "%state_epsi_read = read i32 @_ssdm_op_Read.ap_auto.i32, i32 %state_epsi"   --->   Operation 204 'read' 'state_epsi_read' <Predicate = true> <Delay = 0.00>
ST_1 : Operation 205 [1/1] (0.00ns)   --->   "%state_ey_read = read i32 @_ssdm_op_Read.ap_auto.i32, i32 %state_ey"   --->   Operation 205 'read' 'state_ey_read' <Predicate = true> <Delay = 0.00>
ST_1 : Operation 206 [1/1] (0.00ns)   --->   "%zext_ln128_read = read i31 @_ssdm_op_Read.ap_auto.i31, i31 %zext_ln128"   --->   Operation 206 'read' 'zext_ln128_read' <Predicate = true> <Delay = 0.00>
ST_1 : Operation 207 [1/1] (0.00ns)   --->   "%state_vy_read = read i32 @_ssdm_op_Read.ap_auto.i32, i32 %state_vy"   --->   Operation 207 'read' 'state_vy_read' <Predicate = true> <Delay = 0.00>
ST_1 : Operation 208 [1/1] (0.00ns)   --->   "%state_omega_read = read i32 @_ssdm_op_Read.ap_auto.i32, i32 %state_omega"   --->   Operation 208 'read' 'state_omega_read' <Predicate = true> <Delay = 0.00>
ST_1 : Operation 209 [1/1] (0.00ns)   --->   "%x0_1_read = read i32 @_ssdm_op_Read.ap_auto.i32, i32 %x0_1"   --->   Operation 209 'read' 'x0_1_read' <Predicate = true> <Delay = 0.00>
ST_1 : Operation 210 [1/1] (0.00ns)   --->   "%zext_ln128_cast = zext i31 %zext_ln128_read"   --->   Operation 210 'zext' 'zext_ln128_cast' <Predicate = true> <Delay = 0.00>
ST_1 : Operation 211 [1/1] (0.00ns)   --->   "%specmemcore_ln0 = specmemcore void @_ssdm_op_SpecMemCore, i32 %step_data_5, i64 666, i64 22, i64 1, i1 0"   --->   Operation 211 'specmemcore' 'specmemcore_ln0' <Predicate = true> <Delay = 0.00>
ST_1 : Operation 212 [1/1] (0.00ns)   --->   "%specmemcore_ln0 = specmemcore void @_ssdm_op_SpecMemCore, i32 %step_data_4, i64 666, i64 22, i64 1, i1 0"   --->   Operation 212 'specmemcore' 'specmemcore_ln0' <Predicate = true> <Delay = 0.00>
ST_1 : Operation 213 [1/1] (0.00ns)   --->   "%specmemcore_ln0 = specmemcore void @_ssdm_op_SpecMemCore, i32 %step_data_3, i64 666, i64 22, i64 1, i1 0"   --->   Operation 213 'specmemcore' 'specmemcore_ln0' <Predicate = true> <Delay = 0.00>
ST_1 : Operation 214 [1/1] (0.00ns)   --->   "%specmemcore_ln0 = specmemcore void @_ssdm_op_SpecMemCore, i32 %step_data_2, i64 666, i64 22, i64 1, i1 0"   --->   Operation 214 'specmemcore' 'specmemcore_ln0' <Predicate = true> <Delay = 0.00>
ST_1 : Operation 215 [1/1] (0.00ns)   --->   "%specmemcore_ln0 = specmemcore void @_ssdm_op_SpecMemCore, i32 %step_data_1, i64 666, i64 22, i64 1, i1 0"   --->   Operation 215 'specmemcore' 'specmemcore_ln0' <Predicate = true> <Delay = 0.00>
ST_1 : Operation 216 [1/1] (0.00ns)   --->   "%specmemcore_ln0 = specmemcore void @_ssdm_op_SpecMemCore, i32 %step_data_0_0_0, i64 666, i64 22, i64 1, i1 0"   --->   Operation 216 'specmemcore' 'specmemcore_ln0' <Predicate = true> <Delay = 0.00>
ST_1 : Operation 217 [1/1] (0.00ns)   --->   "%specmemcore_ln0 = specmemcore void @_ssdm_op_SpecMemCore, i32 %step_data_0_0_1, i64 666, i64 22, i64 1, i1 0"   --->   Operation 217 'specmemcore' 'specmemcore_ln0' <Predicate = true> <Delay = 0.00>
ST_1 : Operation 218 [1/1] (0.00ns)   --->   "%specmemcore_ln0 = specmemcore void @_ssdm_op_SpecMemCore, i32 %step_data_0_0_2, i64 666, i64 22, i64 1, i1 0"   --->   Operation 218 'specmemcore' 'specmemcore_ln0' <Predicate = true> <Delay = 0.00>
ST_1 : Operation 219 [1/1] (0.00ns)   --->   "%specmemcore_ln0 = specmemcore void @_ssdm_op_SpecMemCore, i32 %step_data_0_0_3, i64 666, i64 22, i64 1, i1 0"   --->   Operation 219 'specmemcore' 'specmemcore_ln0' <Predicate = true> <Delay = 0.00>
ST_1 : Operation 220 [1/1] (0.00ns)   --->   "%specmemcore_ln0 = specmemcore void @_ssdm_op_SpecMemCore, i32 %step_data_0_0_4, i64 666, i64 22, i64 1, i1 0"   --->   Operation 220 'specmemcore' 'specmemcore_ln0' <Predicate = true> <Delay = 0.00>
ST_1 : Operation 221 [1/1] (0.00ns)   --->   "%specmemcore_ln0 = specmemcore void @_ssdm_op_SpecMemCore, i32 %step_data_0_0_5, i64 666, i64 22, i64 1, i1 0"   --->   Operation 221 'specmemcore' 'specmemcore_ln0' <Predicate = true> <Delay = 0.00>
ST_1 : Operation 222 [1/1] (0.00ns)   --->   "%specmemcore_ln0 = specmemcore void @_ssdm_op_SpecMemCore, i32 %step_data_0_1_0, i64 666, i64 22, i64 1, i1 0"   --->   Operation 222 'specmemcore' 'specmemcore_ln0' <Predicate = true> <Delay = 0.00>
ST_1 : Operation 223 [1/1] (0.00ns)   --->   "%specmemcore_ln0 = specmemcore void @_ssdm_op_SpecMemCore, i32 %step_data_0_1_1, i64 666, i64 22, i64 1, i1 0"   --->   Operation 223 'specmemcore' 'specmemcore_ln0' <Predicate = true> <Delay = 0.00>
ST_1 : Operation 224 [1/1] (0.00ns)   --->   "%specmemcore_ln0 = specmemcore void @_ssdm_op_SpecMemCore, i32 %step_data_0_1_2, i64 666, i64 22, i64 1, i1 0"   --->   Operation 224 'specmemcore' 'specmemcore_ln0' <Predicate = true> <Delay = 0.00>
ST_1 : Operation 225 [1/1] (0.00ns)   --->   "%specmemcore_ln0 = specmemcore void @_ssdm_op_SpecMemCore, i32 %step_data_0_1_3, i64 666, i64 22, i64 1, i1 0"   --->   Operation 225 'specmemcore' 'specmemcore_ln0' <Predicate = true> <Delay = 0.00>
ST_1 : Operation 226 [1/1] (0.00ns)   --->   "%specmemcore_ln0 = specmemcore void @_ssdm_op_SpecMemCore, i32 %step_data_0_1_4, i64 666, i64 22, i64 1, i1 0"   --->   Operation 226 'specmemcore' 'specmemcore_ln0' <Predicate = true> <Delay = 0.00>
ST_1 : Operation 227 [1/1] (0.00ns)   --->   "%specmemcore_ln0 = specmemcore void @_ssdm_op_SpecMemCore, i32 %step_data_0_1_5, i64 666, i64 22, i64 1, i1 0"   --->   Operation 227 'specmemcore' 'specmemcore_ln0' <Predicate = true> <Delay = 0.00>
ST_1 : Operation 228 [1/1] (0.00ns)   --->   "%specmemcore_ln0 = specmemcore void @_ssdm_op_SpecMemCore, i32 %step_data_0_2_0, i64 666, i64 22, i64 1, i1 0"   --->   Operation 228 'specmemcore' 'specmemcore_ln0' <Predicate = true> <Delay = 0.00>
ST_1 : Operation 229 [1/1] (0.00ns)   --->   "%specmemcore_ln0 = specmemcore void @_ssdm_op_SpecMemCore, i32 %step_data_0_2_1, i64 666, i64 22, i64 1, i1 0"   --->   Operation 229 'specmemcore' 'specmemcore_ln0' <Predicate = true> <Delay = 0.00>
ST_1 : Operation 230 [1/1] (0.00ns)   --->   "%specmemcore_ln0 = specmemcore void @_ssdm_op_SpecMemCore, i32 %step_data_0_2_2, i64 666, i64 22, i64 1, i1 0"   --->   Operation 230 'specmemcore' 'specmemcore_ln0' <Predicate = true> <Delay = 0.00>
ST_1 : Operation 231 [1/1] (0.00ns)   --->   "%specmemcore_ln0 = specmemcore void @_ssdm_op_SpecMemCore, i32 %step_data_0_2_3, i64 666, i64 22, i64 1, i1 0"   --->   Operation 231 'specmemcore' 'specmemcore_ln0' <Predicate = true> <Delay = 0.00>
ST_1 : Operation 232 [1/1] (0.00ns)   --->   "%specmemcore_ln0 = specmemcore void @_ssdm_op_SpecMemCore, i32 %step_data_0_2_4, i64 666, i64 22, i64 1, i1 0"   --->   Operation 232 'specmemcore' 'specmemcore_ln0' <Predicate = true> <Delay = 0.00>
ST_1 : Operation 233 [1/1] (0.00ns)   --->   "%specmemcore_ln0 = specmemcore void @_ssdm_op_SpecMemCore, i32 %step_data_0_2_5, i64 666, i64 22, i64 1, i1 0"   --->   Operation 233 'specmemcore' 'specmemcore_ln0' <Predicate = true> <Delay = 0.00>
ST_1 : Operation 234 [1/1] (0.00ns)   --->   "%specmemcore_ln0 = specmemcore void @_ssdm_op_SpecMemCore, i32 %step_data_0_3_0, i64 666, i64 22, i64 1, i1 0"   --->   Operation 234 'specmemcore' 'specmemcore_ln0' <Predicate = true> <Delay = 0.00>
ST_1 : Operation 235 [1/1] (0.00ns)   --->   "%specmemcore_ln0 = specmemcore void @_ssdm_op_SpecMemCore, i32 %step_data_0_3_1, i64 666, i64 22, i64 1, i1 0"   --->   Operation 235 'specmemcore' 'specmemcore_ln0' <Predicate = true> <Delay = 0.00>
ST_1 : Operation 236 [1/1] (0.00ns)   --->   "%specmemcore_ln0 = specmemcore void @_ssdm_op_SpecMemCore, i32 %step_data_0_3_2, i64 666, i64 22, i64 1, i1 0"   --->   Operation 236 'specmemcore' 'specmemcore_ln0' <Predicate = true> <Delay = 0.00>
ST_1 : Operation 237 [1/1] (0.00ns)   --->   "%specmemcore_ln0 = specmemcore void @_ssdm_op_SpecMemCore, i32 %step_data_0_3_3, i64 666, i64 22, i64 1, i1 0"   --->   Operation 237 'specmemcore' 'specmemcore_ln0' <Predicate = true> <Delay = 0.00>
ST_1 : Operation 238 [1/1] (0.00ns)   --->   "%specmemcore_ln0 = specmemcore void @_ssdm_op_SpecMemCore, i32 %step_data_0_3_4, i64 666, i64 22, i64 1, i1 0"   --->   Operation 238 'specmemcore' 'specmemcore_ln0' <Predicate = true> <Delay = 0.00>
ST_1 : Operation 239 [1/1] (0.00ns)   --->   "%specmemcore_ln0 = specmemcore void @_ssdm_op_SpecMemCore, i32 %step_data_0_3_5, i64 666, i64 22, i64 1, i1 0"   --->   Operation 239 'specmemcore' 'specmemcore_ln0' <Predicate = true> <Delay = 0.00>
ST_1 : Operation 240 [1/1] (0.00ns)   --->   "%specmemcore_ln0 = specmemcore void @_ssdm_op_SpecMemCore, i32 %step_data_0_4_0, i64 666, i64 22, i64 1, i1 0"   --->   Operation 240 'specmemcore' 'specmemcore_ln0' <Predicate = true> <Delay = 0.00>
ST_1 : Operation 241 [1/1] (0.00ns)   --->   "%specmemcore_ln0 = specmemcore void @_ssdm_op_SpecMemCore, i32 %step_data_0_4_1, i64 666, i64 22, i64 1, i1 0"   --->   Operation 241 'specmemcore' 'specmemcore_ln0' <Predicate = true> <Delay = 0.00>
ST_1 : Operation 242 [1/1] (0.00ns)   --->   "%specmemcore_ln0 = specmemcore void @_ssdm_op_SpecMemCore, i32 %step_data_0_4_2, i64 666, i64 22, i64 1, i1 0"   --->   Operation 242 'specmemcore' 'specmemcore_ln0' <Predicate = true> <Delay = 0.00>
ST_1 : Operation 243 [1/1] (0.00ns)   --->   "%specmemcore_ln0 = specmemcore void @_ssdm_op_SpecMemCore, i32 %step_data_0_4_3, i64 666, i64 22, i64 1, i1 0"   --->   Operation 243 'specmemcore' 'specmemcore_ln0' <Predicate = true> <Delay = 0.00>
ST_1 : Operation 244 [1/1] (0.00ns)   --->   "%specmemcore_ln0 = specmemcore void @_ssdm_op_SpecMemCore, i32 %step_data_0_4_4, i64 666, i64 22, i64 1, i1 0"   --->   Operation 244 'specmemcore' 'specmemcore_ln0' <Predicate = true> <Delay = 0.00>
ST_1 : Operation 245 [1/1] (0.00ns)   --->   "%specmemcore_ln0 = specmemcore void @_ssdm_op_SpecMemCore, i32 %step_data_0_4_5, i64 666, i64 22, i64 1, i1 0"   --->   Operation 245 'specmemcore' 'specmemcore_ln0' <Predicate = true> <Delay = 0.00>
ST_1 : Operation 246 [1/1] (0.00ns)   --->   "%specmemcore_ln0 = specmemcore void @_ssdm_op_SpecMemCore, i32 %step_data_0_5_0, i64 666, i64 22, i64 1, i1 0"   --->   Operation 246 'specmemcore' 'specmemcore_ln0' <Predicate = true> <Delay = 0.00>
ST_1 : Operation 247 [1/1] (0.00ns)   --->   "%specmemcore_ln0 = specmemcore void @_ssdm_op_SpecMemCore, i32 %step_data_0_5_1, i64 666, i64 22, i64 1, i1 0"   --->   Operation 247 'specmemcore' 'specmemcore_ln0' <Predicate = true> <Delay = 0.00>
ST_1 : Operation 248 [1/1] (0.00ns)   --->   "%specmemcore_ln0 = specmemcore void @_ssdm_op_SpecMemCore, i32 %step_data_0_5_2, i64 666, i64 22, i64 1, i1 0"   --->   Operation 248 'specmemcore' 'specmemcore_ln0' <Predicate = true> <Delay = 0.00>
ST_1 : Operation 249 [1/1] (0.00ns)   --->   "%specmemcore_ln0 = specmemcore void @_ssdm_op_SpecMemCore, i32 %step_data_0_5_3, i64 666, i64 22, i64 1, i1 0"   --->   Operation 249 'specmemcore' 'specmemcore_ln0' <Predicate = true> <Delay = 0.00>
ST_1 : Operation 250 [1/1] (0.00ns)   --->   "%specmemcore_ln0 = specmemcore void @_ssdm_op_SpecMemCore, i32 %step_data_0_5_4, i64 666, i64 22, i64 1, i1 0"   --->   Operation 250 'specmemcore' 'specmemcore_ln0' <Predicate = true> <Delay = 0.00>
ST_1 : Operation 251 [1/1] (0.00ns)   --->   "%specmemcore_ln0 = specmemcore void @_ssdm_op_SpecMemCore, i32 %step_data_0_5_5, i64 666, i64 22, i64 1, i1 0"   --->   Operation 251 'specmemcore' 'specmemcore_ln0' <Predicate = true> <Delay = 0.00>
ST_1 : Operation 252 [1/1] (0.42ns)   --->   "%store_ln320 = store i5 0, i5 %k_3" [../src/mpc_riccati_hls.cpp:320]   --->   Operation 252 'store' 'store_ln320' <Predicate = true> <Delay = 0.42>
ST_1 : Operation 253 [1/1] (0.42ns)   --->   "%store_ln156 = store i32 %x0_1_read, i32 %b" [../src/fp_math_hls.cpp:156->../src/fp_math_hls.cpp:324->../src/mpc_riccati_hls.cpp:450]   --->   Operation 253 'store' 'store_ln156' <Predicate = true> <Delay = 0.42>
ST_1 : Operation 254 [1/1] (0.42ns)   --->   "%store_ln0 = store i32 %state_omega_read, i32 %lin_omega_0158_0_0_0"   --->   Operation 254 'store' 'store_ln0' <Predicate = true> <Delay = 0.42>
ST_1 : Operation 255 [1/1] (0.42ns)   --->   "%store_ln0 = store i32 %state_vy_read, i32 %lin_vy_0157_0_0_0"   --->   Operation 255 'store' 'store_ln0' <Predicate = true> <Delay = 0.42>
ST_1 : Operation 256 [1/1] (0.42ns)   --->   "%store_ln394 = store i32 %zext_ln128_cast, i32 %lin_vx_k" [../src/mpc_riccati_hls.cpp:394]   --->   Operation 256 'store' 'store_ln394' <Predicate = true> <Delay = 0.42>
ST_1 : Operation 257 [1/1] (0.42ns)   --->   "%store_ln0 = store i32 0, i32 %out_144"   --->   Operation 257 'store' 'store_ln0' <Predicate = true> <Delay = 0.42>
ST_1 : Operation 258 [1/1] (0.42ns)   --->   "%store_ln0 = store i32 0, i32 %terminal_dff_raw_0153_0_0_0"   --->   Operation 258 'store' 'store_ln0' <Predicate = true> <Delay = 0.42>
ST_1 : Operation 259 [1/1] (0.42ns)   --->   "%store_ln0 = store i32 %state_ey_read, i32 %lin_ey_0152_0_0_0"   --->   Operation 259 'store' 'store_ln0' <Predicate = true> <Delay = 0.42>
ST_1 : Operation 260 [1/1] (0.42ns)   --->   "%store_ln0 = store i32 %state_epsi_read, i32 %lin_epsi_0151_0_0_0"   --->   Operation 260 'store' 'store_ln0' <Predicate = true> <Delay = 0.42>
ST_1 : Operation 261 [1/1] (0.42ns)   --->   "%store_ln346 = store i18 %sext_ln483_read, i18 %lin_delta" [../src/mpc_riccati_hls.cpp:346]   --->   Operation 261 'store' 'store_ln346' <Predicate = true> <Delay = 0.42>
ST_1 : Operation 262 [1/1] (0.42ns)   --->   "%store_ln336 = store i32 13107200, i32 %terminal_wall_x_ub_con" [../src/mpc_riccati_hls.cpp:336]   --->   Operation 262 'store' 'store_ln336' <Predicate = true> <Delay = 0.42>
ST_1 : Operation 263 [1/1] (0.42ns)   --->   "%store_ln335 = store i32 4281860096, i32 %terminal_wall_x_lb_con" [../src/mpc_riccati_hls.cpp:335]   --->   Operation 263 'store' 'store_ln335' <Predicate = true> <Delay = 0.42>
ST_1 : Operation 264 [1/1] (0.00ns)   --->   "%br_ln0 = br void %for.body28"   --->   Operation 264 'br' 'br_ln0' <Predicate = true> <Delay = 0.00>
ST_1 : Operation 265 [1/1] (0.00ns)   --->   "%k = load i5 %k_3" [../src/mpc_riccati_hls.cpp:371]   --->   Operation 265 'load' 'k' <Predicate = true> <Delay = 0.00>
ST_1 : Operation 266 [1/1] (0.78ns)   --->   "%icmp_ln371 = icmp_eq  i5 %k, i5 20" [../src/mpc_riccati_hls.cpp:371]   --->   Operation 266 'icmp' 'icmp_ln371' <Predicate = true> <Delay = 0.78> <CoreInst = "Cmp">   --->   Core 9 'Cmp' <Latency = 0> <II = 1> <Delay = 0.78> <FuncUnit> <Opcode : 'seteq' 'setne' 'setle' 'setge' 'setlt' 'setgt'> <InPorts = 2> <OutPorts = 1>
ST_1 : Operation 267 [1/1] (0.00ns)   --->   "%br_ln371 = br i1 %icmp_ln371, void %fpga_resource_hint.for.body28.131, void %fpga_resource_hint.for.end319.118.exitStub" [../src/mpc_riccati_hls.cpp:371]   --->   Operation 267 'br' 'br_ln371' <Predicate = true> <Delay = 0.00>
ST_1 : Operation 268 [1/1] (0.00ns)   --->   "%zext_ln371 = zext i5 %k" [../src/mpc_riccati_hls.cpp:371]   --->   Operation 268 'zext' 'zext_ln371' <Predicate = (!icmp_ln371)> <Delay = 0.00>
ST_1 : Operation 269 [1/1] (0.00ns)   --->   "%ref_path_curvature_addr = getelementptr i32 %ref_path_curvature, i64 0, i64 %zext_ln371" [../src/mpc_riccati_hls.cpp:387]   --->   Operation 269 'getelementptr' 'ref_path_curvature_addr' <Predicate = (!icmp_ln371)> <Delay = 0.00>
ST_1 : Operation 270 [2/2] (0.67ns)   --->   "%value_128 = load i5 %ref_path_curvature_addr" [../src/mpc_riccati_hls.cpp:426]   --->   Operation 270 'load' 'value_128' <Predicate = (!icmp_ln371)> <Delay = 0.67> <CoreInst = "RAM">   --->   Core 82 'RAM' <Latency = 1> <II = 1> <Delay = 0.67> <Storage> <Opcode : 'load' 'store'> <Ports = 2> <Width = 32> <Depth = 20> <RAM>
ST_1 : Operation 271 [1/1] (0.73ns)   --->   "%left_wall_bound = sparsemux i32 @_ssdm_op_SparseMux.ap_auto.20i32.i32.i5, i5 0, i32 %wall_left_min_reload_read, i5 1, i32 %wall_left_min_1_reload_read, i5 2, i32 %wall_left_min_2_reload_read, i5 3, i32 %wall_left_min_3_reload_read, i5 4, i32 %wall_left_min_4_reload_read, i5 5, i32 %wall_left_min_5_reload_read, i5 6, i32 %wall_left_min_6_reload_read, i5 7, i32 %wall_left_min_7_reload_read, i5 8, i32 %wall_left_min_8_reload_read, i5 9, i32 %wall_left_min_9_reload_read, i5 10, i32 %wall_left_min_10_reload_read, i5 11, i32 %wall_left_min_11_reload_read, i5 12, i32 %wall_left_min_12_reload_read, i5 13, i32 %wall_left_min_13_reload_read, i5 14, i32 %wall_left_min_14_reload_read, i5 15, i32 %wall_left_min_15_reload_read, i5 16, i32 %wall_left_min_16_reload_read, i5 17, i32 %wall_left_min_17_reload_read, i5 18, i32 %wall_left_min_18_reload_read, i5 19, i32 %wall_left_min_19_reload_read, i32 0, i5 %k" [../src/mpc_riccati_hls.cpp:371]   --->   Operation 271 'sparsemux' 'left_wall_bound' <Predicate = (!icmp_ln371)> <Delay = 0.73> <CoreInst = "BinarySparseMux_DontCare">   --->   Core 149 'BinarySparseMux_DontCare' <Latency = 0> <II = 1> <Delay = 0.73> <FuncUnit> <Opcode : 'sparsemux'> <InPorts = 2> <OutPorts = 1>
ST_1 : Operation 272 [1/1] (0.73ns)   --->   "%right_wall_bound = sparsemux i32 @_ssdm_op_SparseMux.ap_auto.20i32.i32.i5, i5 0, i32 %wall_right_min_reload_read, i5 1, i32 %wall_right_min_1_reload_read, i5 2, i32 %wall_right_min_2_reload_read, i5 3, i32 %wall_right_min_3_reload_read, i5 4, i32 %wall_right_min_4_reload_read, i5 5, i32 %wall_right_min_5_reload_read, i5 6, i32 %wall_right_min_6_reload_read, i5 7, i32 %wall_right_min_7_reload_read, i5 8, i32 %wall_right_min_8_reload_read, i5 9, i32 %wall_right_min_9_reload_read, i5 10, i32 %wall_right_min_10_reload_read, i5 11, i32 %wall_right_min_11_reload_read, i5 12, i32 %wall_right_min_12_reload_read, i5 13, i32 %wall_right_min_13_reload_read, i5 14, i32 %wall_right_min_14_reload_read, i5 15, i32 %wall_right_min_15_reload_read, i5 16, i32 %wall_right_min_16_reload_read, i5 17, i32 %wall_right_min_17_reload_read, i5 18, i32 %wall_right_min_18_reload_read, i5 19, i32 %wall_right_min_19_reload_read, i32 0, i5 %k" [../src/mpc_riccati_hls.cpp:371]   --->   Operation 272 'sparsemux' 'right_wall_bound' <Predicate = (!icmp_ln371)> <Delay = 0.73> <CoreInst = "BinarySparseMux_DontCare">   --->   Core 149 'BinarySparseMux_DontCare' <Latency = 0> <II = 1> <Delay = 0.73> <FuncUnit> <Opcode : 'sparsemux'> <InPorts = 2> <OutPorts = 1>
ST_1 : Operation 273 [1/1] (1.01ns)   --->   "%x_lb = sub i32 52428, i32 %right_wall_bound" [../src/mpc_riccati_hls.cpp:42->../src/mpc_riccati_hls.cpp:399]   --->   Operation 273 'sub' 'x_lb' <Predicate = (!icmp_ln371)> <Delay = 1.01> <CoreInst = "Adder">   --->   Core 1 'Adder' <Latency = 0> <II = 1> <Delay = 1.01> <FuncUnit> <Opcode : 'add' 'sub'> <InPorts = 2> <OutPorts = 1>
ST_1 : Operation 274 [1/1] (1.01ns)   --->   "%x_ub = add i32 %left_wall_bound, i32 4294914868" [../src/mpc_riccati_hls.cpp:43->../src/mpc_riccati_hls.cpp:399]   --->   Operation 274 'add' 'x_ub' <Predicate = (!icmp_ln371)> <Delay = 1.01> <CoreInst = "Adder">   --->   Core 1 'Adder' <Latency = 0> <II = 1> <Delay = 1.01> <FuncUnit> <Opcode : 'add' 'sub'> <InPorts = 2> <OutPorts = 1>
ST_1 : Operation 275 [1/1] (1.01ns)   --->   "%icmp_ln45 = icmp_sgt  i32 %x_lb, i32 %x_ub" [../src/mpc_riccati_hls.cpp:45->../src/mpc_riccati_hls.cpp:399]   --->   Operation 275 'icmp' 'icmp_ln45' <Predicate = (!icmp_ln371)> <Delay = 1.01> <CoreInst = "Cmp">   --->   Core 9 'Cmp' <Latency = 0> <II = 1> <Delay = 1.01> <FuncUnit> <Opcode : 'seteq' 'setne' 'setle' 'setge' 'setlt' 'setgt'> <InPorts = 2> <OutPorts = 1>
ST_1 : Operation 276 [1/1] (1.01ns)   --->   "%value_129 = add i32 %x_lb, i32 %x_ub" [../src/mpc_riccati_hls.cpp:46->../src/mpc_riccati_hls.cpp:399]   --->   Operation 276 'add' 'value_129' <Predicate = (!icmp_ln371)> <Delay = 1.01> <CoreInst = "Adder">   --->   Core 1 'Adder' <Latency = 0> <II = 1> <Delay = 1.01> <FuncUnit> <Opcode : 'add' 'sub'> <InPorts = 2> <OutPorts = 1>
ST_1 : Operation 277 [1/1] (0.00ns)   --->   "%product_q_1 = partselect i31 @_ssdm_op_PartSelect.i31.i32.i32.i32, i32 %value_129, i32 1, i32 31" [include/fp_types_hls.hpp:650->../src/fp_math_hls.cpp:326->../src/mpc_riccati_hls.cpp:46->../src/mpc_riccati_hls.cpp:399]   --->   Operation 277 'partselect' 'product_q_1' <Predicate = (!icmp_ln371)> <Delay = 0.00>
ST_1 : Operation 278 [1/1] (0.00ns)   --->   "%sext_ln650 = sext i31 %product_q_1" [include/fp_types_hls.hpp:650->../src/fp_math_hls.cpp:326->../src/mpc_riccati_hls.cpp:46->../src/mpc_riccati_hls.cpp:399]   --->   Operation 278 'sext' 'sext_ln650' <Predicate = (!icmp_ln371)> <Delay = 0.00>
ST_1 : Operation 279 [1/1] (0.44ns)   --->   "%x_lb_4 = select i1 %icmp_ln45, i32 %sext_ln650, i32 %x_lb" [../src/mpc_riccati_hls.cpp:45->../src/mpc_riccati_hls.cpp:399]   --->   Operation 279 'select' 'x_lb_4' <Predicate = (!icmp_ln371)> <Delay = 0.44> <CoreInst = "Sel">   --->   Core 73 'Sel' <Latency = 0> <II = 1> <Delay = 0.44> <FuncUnit> <Opcode : 'select'> <InPorts = 3> <OutPorts = 1>
ST_1 : Operation 280 [1/1] (0.44ns)   --->   "%x_ub_4 = select i1 %icmp_ln45, i32 %sext_ln650, i32 %x_ub" [../src/mpc_riccati_hls.cpp:45->../src/mpc_riccati_hls.cpp:399]   --->   Operation 280 'select' 'x_ub_4' <Predicate = (!icmp_ln371)> <Delay = 0.44> <CoreInst = "Sel">   --->   Core 73 'Sel' <Latency = 0> <II = 1> <Delay = 0.44> <FuncUnit> <Opcode : 'select'> <InPorts = 3> <OutPorts = 1>
ST_1 : Operation 281 [1/1] (0.00ns)   --->   "%ref_reference_lateral_error_addr = getelementptr i32 %ref_reference_lateral_error, i64 0, i64 %zext_ln371" [../src/mpc_riccati_hls.cpp:414]   --->   Operation 281 'getelementptr' 'ref_reference_lateral_error_addr' <Predicate = (!icmp_ln371)> <Delay = 0.00>
ST_1 : Operation 282 [2/2] (0.67ns)   --->   "%base_ref = load i5 %ref_reference_lateral_error_addr" [../src/mpc_riccati_hls.cpp:414]   --->   Operation 282 'load' 'base_ref' <Predicate = (!icmp_ln371)> <Delay = 0.67> <CoreInst = "RAM">   --->   Core 82 'RAM' <Latency = 1> <II = 1> <Delay = 0.67> <Storage> <Opcode : 'load' 'store'> <Ports = 2> <Width = 32> <Depth = 20> <RAM>
ST_1 : Operation 283 [1/1] (0.00ns)   --->   "%ref_reference_velocity_addr = getelementptr i32 %ref_reference_velocity, i64 0, i64 %zext_ln371" [../src/mpc_riccati_hls.cpp:426]   --->   Operation 283 'getelementptr' 'ref_reference_velocity_addr' <Predicate = (!icmp_ln371)> <Delay = 0.00>
ST_1 : Operation 284 [2/2] (0.67ns)   --->   "%value_134 = load i5 %ref_reference_velocity_addr" [../src/mpc_riccati_hls.cpp:426]   --->   Operation 284 'load' 'value_134' <Predicate = (!icmp_ln371)> <Delay = 0.67> <CoreInst = "RAM">   --->   Core 82 'RAM' <Latency = 1> <II = 1> <Delay = 0.67> <Storage> <Opcode : 'load' 'store'> <Ports = 2> <Width = 32> <Depth = 20> <RAM>
ST_1 : Operation 285 [1/1] (0.00ns)   --->   "%step_data_0_5_0_addr = getelementptr i32 %step_data_0_5_0, i64 0, i64 %zext_ln371" [../src/mpc_riccati_hls.cpp:456]   --->   Operation 285 'getelementptr' 'step_data_0_5_0_addr' <Predicate = (!icmp_ln371)> <Delay = 0.00>
ST_1 : Operation 286 [1/1] ( I:1.23ns O:1.23ns )   --->   "%store_ln456 = store i32 0, i5 %step_data_0_5_0_addr" [../src/mpc_riccati_hls.cpp:456]   --->   Operation 286 'store' 'store_ln456' <Predicate = (!icmp_ln371)> <Delay = 1.23> <CoreInst = "RAM_2P_BRAM">   --->   Core 93 'RAM_2P_BRAM' <Latency = 1> <II = 1> <Delay = 1.23> <Storage> <Opcode : 'load' 'store'> <Ports = 2> <Width = 32> <Depth = 20> <RAM>
ST_1 : Operation 287 [1/1] (0.00ns)   --->   "%step_data_0_5_1_addr = getelementptr i32 %step_data_0_5_1, i64 0, i64 %zext_ln371" [../src/mpc_riccati_hls.cpp:456]   --->   Operation 287 'getelementptr' 'step_data_0_5_1_addr' <Predicate = (!icmp_ln371)> <Delay = 0.00>
ST_1 : Operation 288 [1/1] ( I:1.23ns O:1.23ns )   --->   "%store_ln456 = store i32 0, i5 %step_data_0_5_1_addr" [../src/mpc_riccati_hls.cpp:456]   --->   Operation 288 'store' 'store_ln456' <Predicate = (!icmp_ln371)> <Delay = 1.23> <CoreInst = "RAM_2P_BRAM">   --->   Core 93 'RAM_2P_BRAM' <Latency = 1> <II = 1> <Delay = 1.23> <Storage> <Opcode : 'load' 'store'> <Ports = 2> <Width = 32> <Depth = 20> <RAM>
ST_1 : Operation 289 [1/1] (0.00ns)   --->   "%step_data_0_5_2_addr = getelementptr i32 %step_data_0_5_2, i64 0, i64 %zext_ln371" [../src/mpc_riccati_hls.cpp:456]   --->   Operation 289 'getelementptr' 'step_data_0_5_2_addr' <Predicate = (!icmp_ln371)> <Delay = 0.00>
ST_1 : Operation 290 [1/1] ( I:1.23ns O:1.23ns )   --->   "%store_ln456 = store i32 0, i5 %step_data_0_5_2_addr" [../src/mpc_riccati_hls.cpp:456]   --->   Operation 290 'store' 'store_ln456' <Predicate = (!icmp_ln371)> <Delay = 1.23> <CoreInst = "RAM_2P_BRAM">   --->   Core 93 'RAM_2P_BRAM' <Latency = 1> <II = 1> <Delay = 1.23> <Storage> <Opcode : 'load' 'store'> <Ports = 2> <Width = 32> <Depth = 20> <RAM>
ST_1 : Operation 291 [1/1] (0.00ns)   --->   "%step_data_0_5_3_addr = getelementptr i32 %step_data_0_5_3, i64 0, i64 %zext_ln371" [../src/mpc_riccati_hls.cpp:456]   --->   Operation 291 'getelementptr' 'step_data_0_5_3_addr' <Predicate = (!icmp_ln371)> <Delay = 0.00>
ST_1 : Operation 292 [1/1] ( I:1.23ns O:1.23ns )   --->   "%store_ln456 = store i32 0, i5 %step_data_0_5_3_addr" [../src/mpc_riccati_hls.cpp:456]   --->   Operation 292 'store' 'store_ln456' <Predicate = (!icmp_ln371)> <Delay = 1.23> <CoreInst = "RAM_2P_BRAM">   --->   Core 93 'RAM_2P_BRAM' <Latency = 1> <II = 1> <Delay = 1.23> <Storage> <Opcode : 'load' 'store'> <Ports = 2> <Width = 32> <Depth = 20> <RAM>
ST_1 : Operation 293 [1/1] (0.00ns)   --->   "%step_data_0_5_4_addr = getelementptr i32 %step_data_0_5_4, i64 0, i64 %zext_ln371" [../src/mpc_riccati_hls.cpp:456]   --->   Operation 293 'getelementptr' 'step_data_0_5_4_addr' <Predicate = (!icmp_ln371)> <Delay = 0.00>
ST_1 : Operation 294 [1/1] ( I:1.23ns O:1.23ns )   --->   "%store_ln456 = store i32 0, i5 %step_data_0_5_4_addr" [../src/mpc_riccati_hls.cpp:456]   --->   Operation 294 'store' 'store_ln456' <Predicate = (!icmp_ln371)> <Delay = 1.23> <CoreInst = "RAM_2P_BRAM">   --->   Core 93 'RAM_2P_BRAM' <Latency = 1> <II = 1> <Delay = 1.23> <Storage> <Opcode : 'load' 'store'> <Ports = 2> <Width = 32> <Depth = 20> <RAM>
ST_1 : Operation 295 [1/1] (0.00ns)   --->   "%step_data_0_5_5_addr = getelementptr i32 %step_data_0_5_5, i64 0, i64 %zext_ln371" [../src/mpc_riccati_hls.cpp:472]   --->   Operation 295 'getelementptr' 'step_data_0_5_5_addr' <Predicate = (!icmp_ln371)> <Delay = 0.00>
ST_1 : Operation 296 [1/1] ( I:1.23ns O:1.23ns )   --->   "%store_ln472 = store i32 262144, i5 %step_data_0_5_5_addr" [../src/mpc_riccati_hls.cpp:472]   --->   Operation 296 'store' 'store_ln472' <Predicate = (!icmp_ln371)> <Delay = 1.23> <CoreInst = "RAM_2P_BRAM">   --->   Core 93 'RAM_2P_BRAM' <Latency = 1> <II = 1> <Delay = 1.23> <Storage> <Opcode : 'load' 'store'> <Ports = 2> <Width = 32> <Depth = 20> <RAM>
ST_1 : Operation 297 [1/1] (0.00ns)   --->   "%B_sparse_addr = getelementptr i32 %B_sparse, i64 0, i64 %zext_ln371" [../src/mpc_riccati_hls.cpp:478]   --->   Operation 297 'getelementptr' 'B_sparse_addr' <Predicate = (!icmp_ln371)> <Delay = 0.00>
ST_1 : Operation 298 [1/1] ( I:0.67ns O:0.67ns )   --->   "%store_ln478 = store i32 7864, i5 %B_sparse_addr" [../src/mpc_riccati_hls.cpp:478]   --->   Operation 298 'store' 'store_ln478' <Predicate = (!icmp_ln371)> <Delay = 0.67> <CoreInst = "RAM">   --->   Core 82 'RAM' <Latency = 1> <II = 1> <Delay = 0.67> <Storage> <Opcode : 'load' 'store'> <Ports = 2> <Width = 32> <Depth = 20> <RAM>
ST_1 : Operation 299 [1/1] (0.00ns)   --->   "%ref_reference_heading_error_addr = getelementptr i32 %ref_reference_heading_error, i64 0, i64 %zext_ln371" [../src/mpc_riccati_hls.cpp:497]   --->   Operation 299 'getelementptr' 'ref_reference_heading_error_addr' <Predicate = (!icmp_ln371)> <Delay = 0.00>
ST_1 : Operation 300 [2/2] (0.67ns)   --->   "%value_132 = load i5 %ref_reference_heading_error_addr" [../src/mpc_riccati_hls.cpp:497]   --->   Operation 300 'load' 'value_132' <Predicate = (!icmp_ln371)> <Delay = 0.67> <CoreInst = "RAM">   --->   Core 82 'RAM' <Latency = 1> <II = 1> <Delay = 0.67> <Storage> <Opcode : 'load' 'store'> <Ports = 2> <Width = 32> <Depth = 20> <RAM>
ST_1 : Operation 301 [1/1] (0.00ns)   --->   "%ref_reference_lateral_velocity_addr = getelementptr i32 %ref_reference_lateral_velocity, i64 0, i64 %zext_ln371" [../src/mpc_riccati_hls.cpp:503]   --->   Operation 301 'getelementptr' 'ref_reference_lateral_velocity_addr' <Predicate = (!icmp_ln371)> <Delay = 0.00>
ST_1 : Operation 302 [2/2] (0.67ns)   --->   "%value_136 = load i5 %ref_reference_lateral_velocity_addr" [../src/mpc_riccati_hls.cpp:503]   --->   Operation 302 'load' 'value_136' <Predicate = (!icmp_ln371)> <Delay = 0.67> <CoreInst = "RAM">   --->   Core 82 'RAM' <Latency = 1> <II = 1> <Delay = 0.67> <Storage> <Opcode : 'load' 'store'> <Ports = 2> <Width = 32> <Depth = 20> <RAM>
ST_1 : Operation 303 [1/1] (0.00ns)   --->   "%ref_reference_yaw_rate_addr = getelementptr i32 %ref_reference_yaw_rate, i64 0, i64 %zext_ln371" [../src/mpc_riccati_hls.cpp:506]   --->   Operation 303 'getelementptr' 'ref_reference_yaw_rate_addr' <Predicate = (!icmp_ln371)> <Delay = 0.00>
ST_1 : Operation 304 [2/2] (0.67ns)   --->   "%value_137 = load i5 %ref_reference_yaw_rate_addr" [../src/mpc_riccati_hls.cpp:506]   --->   Operation 304 'load' 'value_137' <Predicate = (!icmp_ln371)> <Delay = 0.67> <CoreInst = "RAM">   --->   Core 82 'RAM' <Latency = 1> <II = 1> <Delay = 0.67> <Storage> <Opcode : 'load' 'store'> <Ports = 2> <Width = 32> <Depth = 20> <RAM>

State 2 <SV = 1> <Delay = 4.00>
ST_2 : Operation 305 [1/1] (0.00ns)   --->   "%step_data_3_addr = getelementptr i32 %step_data_3, i64 0, i64 %zext_ln371" [../src/mpc_riccati_hls.cpp:375]   --->   Operation 305 'getelementptr' 'step_data_3_addr' <Predicate = (!icmp_ln371)> <Delay = 0.00>
ST_2 : Operation 306 [1/1] (0.00ns)   --->   "%step_data_4_addr = getelementptr i32 %step_data_4, i64 0, i64 %zext_ln371" [../src/mpc_riccati_hls.cpp:375]   --->   Operation 306 'getelementptr' 'step_data_4_addr' <Predicate = (!icmp_ln371)> <Delay = 0.00>
ST_2 : Operation 307 [1/2] ( I:0.67ns O:0.67ns )   --->   "%value_128 = load i5 %ref_path_curvature_addr" [../src/mpc_riccati_hls.cpp:426]   --->   Operation 307 'load' 'value_128' <Predicate = (!icmp_ln371)> <Delay = 0.67> <CoreInst = "RAM">   --->   Core 82 'RAM' <Latency = 1> <II = 1> <Delay = 0.67> <Storage> <Opcode : 'load' 'store'> <Ports = 2> <Width = 32> <Depth = 20> <RAM>
ST_2 : Operation 308 [1/1] (0.00ns)   --->   "%trunc_ln523 = trunc i32 %value_128" [include/fp_types_hls.hpp:523->../src/fp_math_hls.cpp:325->../src/mpc_riccati_hls.cpp:389]   --->   Operation 308 'trunc' 'trunc_ln523' <Predicate = (!icmp_ln371)> <Delay = 0.00>
ST_2 : Operation 309 [1/1] (0.00ns)   --->   "%sext_ln159 = sext i32 %value_128" [../src/fp_math_hls.cpp:159->../src/fp_math_hls.cpp:324->../src/mpc_riccati_hls.cpp:389]   --->   Operation 309 'sext' 'sext_ln159' <Predicate = (!icmp_ln371)> <Delay = 0.00>
ST_2 : Operation 310 [4/4] (2.29ns)   --->   "%product = mul i50 %sext_ln159, i50 85458" [../src/fp_math_hls.cpp:159->../src/fp_math_hls.cpp:324->../src/mpc_riccati_hls.cpp:389]   --->   Operation 310 'mul' 'product' <Predicate = (!icmp_ln371)> <Delay = 2.29> <CoreInst = "Mul_DSP">   --->   Core 5 'Mul_DSP' <Latency = 3> <II = 1> <Delay = 2.29> <FuncUnit> <Opcode : 'mul'> <InPorts = 2> <OutPorts = 1>
ST_2 : Operation 311 [1/1] (1.01ns)   --->   "%desired_lb = add i32 %x_lb_4, i32 13107" [../src/mpc_riccati_hls.cpp:405]   --->   Operation 311 'add' 'desired_lb' <Predicate = (!icmp_ln371)> <Delay = 1.01> <CoreInst = "Adder">   --->   Core 1 'Adder' <Latency = 0> <II = 1> <Delay = 1.01> <FuncUnit> <Opcode : 'add' 'sub'> <InPorts = 2> <OutPorts = 1>
ST_2 : Operation 312 [1/1] (1.01ns)   --->   "%desired_ub = add i32 %x_ub_4, i32 4294954189" [../src/mpc_riccati_hls.cpp:406]   --->   Operation 312 'add' 'desired_ub' <Predicate = (!icmp_ln371)> <Delay = 1.01> <CoreInst = "Adder">   --->   Core 1 'Adder' <Latency = 0> <II = 1> <Delay = 1.01> <FuncUnit> <Opcode : 'add' 'sub'> <InPorts = 2> <OutPorts = 1>
ST_2 : Operation 313 [1/1] (1.01ns)   --->   "%icmp_ln407 = icmp_slt  i32 %desired_ub, i32 %desired_lb" [../src/mpc_riccati_hls.cpp:407]   --->   Operation 313 'icmp' 'icmp_ln407' <Predicate = (!icmp_ln371)> <Delay = 1.01> <CoreInst = "Cmp">   --->   Core 9 'Cmp' <Latency = 0> <II = 1> <Delay = 1.01> <FuncUnit> <Opcode : 'seteq' 'setne' 'setle' 'setge' 'setlt' 'setgt'> <InPorts = 2> <OutPorts = 1>
ST_2 : Operation 314 [1/1] (0.28ns)   --->   "%xor_ln407 = xor i1 %icmp_ln407, i1 1" [../src/mpc_riccati_hls.cpp:407]   --->   Operation 314 'xor' 'xor_ln407' <Predicate = (!icmp_ln371)> <Delay = 0.28> <CoreInst = "LogicGate">   --->   Core 74 'LogicGate' <Latency = 0> <II = 1> <Delay = 0.28> <FuncUnit> <Opcode : 'and' 'or' 'xor'> <InPorts = 2> <OutPorts = 1>
ST_2 : Operation 315 [1/1] (0.44ns)   --->   "%wall_x_lb_con = select i1 %xor_ln407, i32 %desired_lb, i32 %x_lb_4" [../src/mpc_riccati_hls.cpp:407]   --->   Operation 315 'select' 'wall_x_lb_con' <Predicate = (!icmp_ln371)> <Delay = 0.44> <CoreInst = "Sel">   --->   Core 73 'Sel' <Latency = 0> <II = 1> <Delay = 0.44> <FuncUnit> <Opcode : 'select'> <InPorts = 3> <OutPorts = 1>
ST_2 : Operation 316 [1/1] (0.44ns)   --->   "%wall_x_ub_con = select i1 %xor_ln407, i32 %desired_ub, i32 %x_ub_4" [../src/mpc_riccati_hls.cpp:407]   --->   Operation 316 'select' 'wall_x_ub_con' <Predicate = (!icmp_ln371)> <Delay = 0.44> <CoreInst = "Sel">   --->   Core 73 'Sel' <Latency = 0> <II = 1> <Delay = 0.44> <FuncUnit> <Opcode : 'select'> <InPorts = 3> <OutPorts = 1>
ST_2 : Operation 317 [1/2] ( I:0.67ns O:0.67ns )   --->   "%base_ref = load i5 %ref_reference_lateral_error_addr" [../src/mpc_riccati_hls.cpp:414]   --->   Operation 317 'load' 'base_ref' <Predicate = (!icmp_ln371)> <Delay = 0.67> <CoreInst = "RAM">   --->   Core 82 'RAM' <Latency = 1> <II = 1> <Delay = 0.67> <Storage> <Opcode : 'load' 'store'> <Ports = 2> <Width = 32> <Depth = 20> <RAM>
ST_2 : Operation 318 [1/2] ( I:0.67ns O:0.67ns )   --->   "%value_134 = load i5 %ref_reference_velocity_addr" [../src/mpc_riccati_hls.cpp:426]   --->   Operation 318 'load' 'value_134' <Predicate = (!icmp_ln371)> <Delay = 0.67> <CoreInst = "RAM">   --->   Core 82 'RAM' <Latency = 1> <II = 1> <Delay = 0.67> <Storage> <Opcode : 'load' 'store'> <Ports = 2> <Width = 32> <Depth = 20> <RAM>
ST_2 : Operation 319 [1/2] ( I:0.67ns O:0.67ns )   --->   "%value_132 = load i5 %ref_reference_heading_error_addr" [../src/mpc_riccati_hls.cpp:497]   --->   Operation 319 'load' 'value_132' <Predicate = (!icmp_ln371)> <Delay = 0.67> <CoreInst = "RAM">   --->   Core 82 'RAM' <Latency = 1> <II = 1> <Delay = 0.67> <Storage> <Opcode : 'load' 'store'> <Ports = 2> <Width = 32> <Depth = 20> <RAM>
ST_2 : Operation 320 [1/2] ( I:0.67ns O:0.67ns )   --->   "%value_136 = load i5 %ref_reference_lateral_velocity_addr" [../src/mpc_riccati_hls.cpp:503]   --->   Operation 320 'load' 'value_136' <Predicate = (!icmp_ln371)> <Delay = 0.67> <CoreInst = "RAM">   --->   Core 82 'RAM' <Latency = 1> <II = 1> <Delay = 0.67> <Storage> <Opcode : 'load' 'store'> <Ports = 2> <Width = 32> <Depth = 20> <RAM>
ST_2 : Operation 321 [1/2] ( I:0.67ns O:0.67ns )   --->   "%value_137 = load i5 %ref_reference_yaw_rate_addr" [../src/mpc_riccati_hls.cpp:506]   --->   Operation 321 'load' 'value_137' <Predicate = (!icmp_ln371)> <Delay = 0.67> <CoreInst = "RAM">   --->   Core 82 'RAM' <Latency = 1> <II = 1> <Delay = 0.67> <Storage> <Opcode : 'load' 'store'> <Ports = 2> <Width = 32> <Depth = 20> <RAM>
ST_2 : Operation 322 [1/1] ( I:1.23ns O:1.23ns )   --->   "%store_ln510 = store i32 %wall_x_lb_con, i5 %step_data_3_addr" [../src/mpc_riccati_hls.cpp:510]   --->   Operation 322 'store' 'store_ln510' <Predicate = (!icmp_ln371)> <Delay = 1.23> <CoreInst = "RAM_2P_BRAM">   --->   Core 93 'RAM_2P_BRAM' <Latency = 1> <II = 1> <Delay = 1.23> <Storage> <Opcode : 'load' 'store'> <Ports = 2> <Width = 32> <Depth = 20> <RAM>
ST_2 : Operation 323 [1/1] ( I:1.23ns O:1.23ns )   --->   "%store_ln511 = store i32 %wall_x_ub_con, i5 %step_data_4_addr" [../src/mpc_riccati_hls.cpp:511]   --->   Operation 323 'store' 'store_ln511' <Predicate = (!icmp_ln371)> <Delay = 1.23> <CoreInst = "RAM_2P_BRAM">   --->   Core 93 'RAM_2P_BRAM' <Latency = 1> <II = 1> <Delay = 1.23> <Storage> <Opcode : 'load' 'store'> <Ports = 2> <Width = 32> <Depth = 20> <RAM>

State 3 <SV = 2> <Delay = 4.23>
ST_3 : Operation 324 [3/4] (2.29ns)   --->   "%product = mul i50 %sext_ln159, i50 85458" [../src/fp_math_hls.cpp:159->../src/fp_math_hls.cpp:324->../src/mpc_riccati_hls.cpp:389]   --->   Operation 324 'mul' 'product' <Predicate = (!icmp_ln371)> <Delay = 2.29> <CoreInst = "Mul_DSP">   --->   Core 5 'Mul_DSP' <Latency = 3> <II = 1> <Delay = 2.29> <FuncUnit> <Opcode : 'mul'> <InPorts = 2> <OutPorts = 1>
ST_3 : Operation 325 [1/1] (1.01ns)   --->   "%desired_lb_1 = add i32 %wall_x_lb_con, i32 26214" [../src/mpc_riccati_hls.cpp:74->../src/mpc_riccati_hls.cpp:413]   --->   Operation 325 'add' 'desired_lb_1' <Predicate = (!icmp_ln371)> <Delay = 1.01> <CoreInst = "Adder">   --->   Core 1 'Adder' <Latency = 0> <II = 1> <Delay = 1.01> <FuncUnit> <Opcode : 'add' 'sub'> <InPorts = 2> <OutPorts = 1>
ST_3 : Operation 326 [1/1] (1.01ns)   --->   "%desired_ub_1 = add i32 %wall_x_ub_con, i32 4294941082" [../src/mpc_riccati_hls.cpp:75->../src/mpc_riccati_hls.cpp:413]   --->   Operation 326 'add' 'desired_ub_1' <Predicate = (!icmp_ln371)> <Delay = 1.01> <CoreInst = "Adder">   --->   Core 1 'Adder' <Latency = 0> <II = 1> <Delay = 1.01> <FuncUnit> <Opcode : 'add' 'sub'> <InPorts = 2> <OutPorts = 1>
ST_3 : Operation 327 [1/1] (1.01ns)   --->   "%icmp_ln76 = icmp_slt  i32 %desired_ub_1, i32 %desired_lb_1" [../src/mpc_riccati_hls.cpp:76->../src/mpc_riccati_hls.cpp:413]   --->   Operation 327 'icmp' 'icmp_ln76' <Predicate = (!icmp_ln371)> <Delay = 1.01> <CoreInst = "Cmp">   --->   Core 9 'Cmp' <Latency = 0> <II = 1> <Delay = 1.01> <FuncUnit> <Opcode : 'seteq' 'setne' 'setle' 'setge' 'setlt' 'setgt'> <InPorts = 2> <OutPorts = 1>
ST_3 : Operation 328 [1/1] (0.28ns)   --->   "%xor_ln76 = xor i1 %icmp_ln76, i1 1" [../src/mpc_riccati_hls.cpp:76->../src/mpc_riccati_hls.cpp:413]   --->   Operation 328 'xor' 'xor_ln76' <Predicate = (!icmp_ln371)> <Delay = 0.28> <CoreInst = "LogicGate">   --->   Core 74 'LogicGate' <Latency = 0> <II = 1> <Delay = 0.28> <FuncUnit> <Opcode : 'and' 'or' 'xor'> <InPorts = 2> <OutPorts = 1>
ST_3 : Operation 329 [1/1] (0.44ns)   --->   "%target_ub = select i1 %xor_ln76, i32 %desired_ub_1, i32 %wall_x_ub_con" [../src/mpc_riccati_hls.cpp:76->../src/mpc_riccati_hls.cpp:413]   --->   Operation 329 'select' 'target_ub' <Predicate = (!icmp_ln371)> <Delay = 0.44> <CoreInst = "Sel">   --->   Core 73 'Sel' <Latency = 0> <II = 1> <Delay = 0.44> <FuncUnit> <Opcode : 'select'> <InPorts = 3> <OutPorts = 1>
ST_3 : Operation 330 [1/1] (0.44ns)   --->   "%target_lb = select i1 %xor_ln76, i32 %desired_lb_1, i32 %wall_x_lb_con" [../src/mpc_riccati_hls.cpp:76->../src/mpc_riccati_hls.cpp:413]   --->   Operation 330 'select' 'target_lb' <Predicate = (!icmp_ln371)> <Delay = 0.44> <CoreInst = "Sel">   --->   Core 73 'Sel' <Latency = 0> <II = 1> <Delay = 0.44> <FuncUnit> <Opcode : 'select'> <InPorts = 3> <OutPorts = 1>
ST_3 : Operation 331 [1/1] (1.01ns)   --->   "%icmp_ln130_1 = icmp_sgt  i32 %base_ref, i32 %target_ub" [include/fp_math_hls.h:130->../src/mpc_riccati_hls.cpp:82->../src/mpc_riccati_hls.cpp:413]   --->   Operation 331 'icmp' 'icmp_ln130_1' <Predicate = (!icmp_ln371)> <Delay = 1.01> <CoreInst = "Cmp">   --->   Core 9 'Cmp' <Latency = 0> <II = 1> <Delay = 1.01> <FuncUnit> <Opcode : 'seteq' 'setne' 'setle' 'setge' 'setlt' 'setgt'> <InPorts = 2> <OutPorts = 1>
ST_3 : Operation 332 [1/1] (0.44ns)   --->   "%select_ln130_1 = select i1 %icmp_ln130_1, i32 %target_ub, i32 %base_ref" [include/fp_math_hls.h:130->../src/mpc_riccati_hls.cpp:82->../src/mpc_riccati_hls.cpp:413]   --->   Operation 332 'select' 'select_ln130_1' <Predicate = (!icmp_ln371)> <Delay = 0.44> <CoreInst = "Sel">   --->   Core 73 'Sel' <Latency = 0> <II = 1> <Delay = 0.44> <FuncUnit> <Opcode : 'select'> <InPorts = 3> <OutPorts = 1>
ST_3 : Operation 333 [1/1] (0.00ns)   --->   "%sext_ln159_20 = sext i32 %value_134" [../src/fp_math_hls.cpp:159->../src/fp_math_hls.cpp:324->../src/mpc_riccati_hls.cpp:499]   --->   Operation 333 'sext' 'sext_ln159_20' <Predicate = (!icmp_ln371)> <Delay = 0.00>
ST_3 : Operation 334 [4/4] (2.29ns)   --->   "%product_208 = mul i50 %sext_ln159_20, i50 78643" [../src/fp_math_hls.cpp:159->../src/fp_math_hls.cpp:324->../src/mpc_riccati_hls.cpp:518]   --->   Operation 334 'mul' 'product_208' <Predicate = (!icmp_ln371)> <Delay = 2.29> <CoreInst = "Mul_DSP">   --->   Core 5 'Mul_DSP' <Latency = 3> <II = 1> <Delay = 2.29> <FuncUnit> <Opcode : 'mul'> <InPorts = 2> <OutPorts = 1>

State 4 <SV = 3> <Delay = 4.06>
ST_4 : Operation 335 [2/4] (2.29ns)   --->   "%product = mul i50 %sext_ln159, i50 85458" [../src/fp_math_hls.cpp:159->../src/fp_math_hls.cpp:324->../src/mpc_riccati_hls.cpp:389]   --->   Operation 335 'mul' 'product' <Predicate = (!icmp_ln371)> <Delay = 2.29> <CoreInst = "Mul_DSP">   --->   Core 5 'Mul_DSP' <Latency = 3> <II = 1> <Delay = 2.29> <FuncUnit> <Opcode : 'mul'> <InPorts = 2> <OutPorts = 1>
ST_4 : Operation 336 [1/1] (1.01ns)   --->   "%icmp_ln128_1 = icmp_slt  i32 %base_ref, i32 %target_lb" [include/fp_math_hls.h:128->../src/mpc_riccati_hls.cpp:82->../src/mpc_riccati_hls.cpp:413]   --->   Operation 336 'icmp' 'icmp_ln128_1' <Predicate = (!icmp_ln371)> <Delay = 1.01> <CoreInst = "Cmp">   --->   Core 9 'Cmp' <Latency = 0> <II = 1> <Delay = 1.01> <FuncUnit> <Opcode : 'seteq' 'setne' 'setle' 'setge' 'setlt' 'setgt'> <InPorts = 2> <OutPorts = 1>
ST_4 : Operation 337 [1/1] (0.00ns) (grouped into LUT with out node val_2)   --->   "%target_ref = select i1 %icmp_ln128_1, i32 %target_lb, i32 %select_ln130_1" [include/fp_math_hls.h:128->../src/mpc_riccati_hls.cpp:82->../src/mpc_riccati_hls.cpp:413]   --->   Operation 337 'select' 'target_ref' <Predicate = (!icmp_ln371)> <Delay = 0.00> <CoreInst = "Sel">   --->   Core 73 'Sel' <Latency = 0> <II = 1> <Delay = 0.44> <FuncUnit> <Opcode : 'select'> <InPorts = 3> <OutPorts = 1>
ST_4 : Operation 338 [1/1] (1.01ns) (out node of the LUT)   --->   "%val_2 = sub i32 %target_ref, i32 %base_ref" [../src/mpc_riccati_hls.cpp:83->../src/mpc_riccati_hls.cpp:413]   --->   Operation 338 'sub' 'val_2' <Predicate = (!icmp_ln371)> <Delay = 1.01> <CoreInst = "Adder">   --->   Core 1 'Adder' <Latency = 0> <II = 1> <Delay = 1.01> <FuncUnit> <Opcode : 'add' 'sub'> <InPorts = 2> <OutPorts = 1>
ST_4 : Operation 339 [1/1] (0.00ns) (grouped into LUT with out node val_3)   --->   "%trunc_ln126 = trunc i32 %val_2" [include/fp_math_hls.h:126->../src/mpc_riccati_hls.cpp:83->../src/mpc_riccati_hls.cpp:413]   --->   Operation 339 'trunc' 'trunc_ln126' <Predicate = (!icmp_ln371)> <Delay = 0.00>
ST_4 : Operation 340 [1/1] (1.01ns)   --->   "%icmp_ln128_2 = icmp_slt  i32 %val_2, i32 4294914868" [include/fp_math_hls.h:128->../src/mpc_riccati_hls.cpp:83->../src/mpc_riccati_hls.cpp:413]   --->   Operation 340 'icmp' 'icmp_ln128_2' <Predicate = (!icmp_ln371)> <Delay = 1.01> <CoreInst = "Cmp">   --->   Core 9 'Cmp' <Latency = 0> <II = 1> <Delay = 1.01> <FuncUnit> <Opcode : 'seteq' 'setne' 'setle' 'setge' 'setlt' 'setgt'> <InPorts = 2> <OutPorts = 1>
ST_4 : Operation 341 [1/1] (1.01ns)   --->   "%icmp_ln130_2 = icmp_sgt  i32 %val_2, i32 52428" [include/fp_math_hls.h:130->../src/mpc_riccati_hls.cpp:83->../src/mpc_riccati_hls.cpp:413]   --->   Operation 341 'icmp' 'icmp_ln130_2' <Predicate = (!icmp_ln371)> <Delay = 1.01> <CoreInst = "Cmp">   --->   Core 9 'Cmp' <Latency = 0> <II = 1> <Delay = 1.01> <FuncUnit> <Opcode : 'seteq' 'setne' 'setle' 'setge' 'setlt' 'setgt'> <InPorts = 2> <OutPorts = 1>
ST_4 : Operation 342 [1/1] (0.00ns) (grouped into LUT with out node val_3)   --->   "%select_ln128 = select i1 %icmp_ln128_2, i17 78644, i17 52428" [include/fp_math_hls.h:128->../src/mpc_riccati_hls.cpp:83->../src/mpc_riccati_hls.cpp:413]   --->   Operation 342 'select' 'select_ln128' <Predicate = (!icmp_ln371)> <Delay = 0.00> <CoreInst = "Sel">   --->   Core 73 'Sel' <Latency = 0> <II = 1> <Delay = 0.35> <FuncUnit> <Opcode : 'select'> <InPorts = 3> <OutPorts = 1>
ST_4 : Operation 343 [1/1] (0.00ns) (grouped into LUT with out node val_3)   --->   "%or_ln128 = or i1 %icmp_ln128_2, i1 %icmp_ln130_2" [include/fp_math_hls.h:128->../src/mpc_riccati_hls.cpp:83->../src/mpc_riccati_hls.cpp:413]   --->   Operation 343 'or' 'or_ln128' <Predicate = (!icmp_ln371)> <Delay = 0.00> <CoreInst = "LogicGate">   --->   Core 74 'LogicGate' <Latency = 0> <II = 1> <Delay = 0.28> <FuncUnit> <Opcode : 'and' 'or' 'xor'> <InPorts = 2> <OutPorts = 1>
ST_4 : Operation 344 [1/1] (0.00ns) (grouped into LUT with out node val_3)   --->   "%corr = select i1 %or_ln128, i17 %select_ln128, i17 %trunc_ln126" [include/fp_math_hls.h:128->../src/mpc_riccati_hls.cpp:83->../src/mpc_riccati_hls.cpp:413]   --->   Operation 344 'select' 'corr' <Predicate = (!icmp_ln371)> <Delay = 0.00> <CoreInst = "Sel">   --->   Core 73 'Sel' <Latency = 0> <II = 1> <Delay = 0.35> <FuncUnit> <Opcode : 'select'> <InPorts = 3> <OutPorts = 1>
ST_4 : Operation 345 [1/1] (0.00ns) (grouped into LUT with out node val_3)   --->   "%sext_ln83 = sext i17 %corr" [../src/mpc_riccati_hls.cpp:83->../src/mpc_riccati_hls.cpp:413]   --->   Operation 345 'sext' 'sext_ln83' <Predicate = (!icmp_ln371)> <Delay = 0.00>
ST_4 : Operation 346 [1/1] (1.01ns) (out node of the LUT)   --->   "%val_3 = add i32 %base_ref, i32 %sext_ln83" [../src/mpc_riccati_hls.cpp:84->../src/mpc_riccati_hls.cpp:413]   --->   Operation 346 'add' 'val_3' <Predicate = (!icmp_ln371)> <Delay = 1.01> <CoreInst = "Adder">   --->   Core 1 'Adder' <Latency = 0> <II = 1> <Delay = 1.01> <FuncUnit> <Opcode : 'add' 'sub'> <InPorts = 2> <OutPorts = 1>
ST_4 : Operation 347 [1/1] (0.00ns)   --->   "%sext_ln159_19 = sext i32 %value_132" [../src/fp_math_hls.cpp:159->../src/fp_math_hls.cpp:324->../src/mpc_riccati_hls.cpp:496]   --->   Operation 347 'sext' 'sext_ln159_19' <Predicate = (!icmp_ln371)> <Delay = 0.00>
ST_4 : Operation 348 [4/4] (2.29ns)   --->   "%product_203 = mul i50 %sext_ln159_19, i50 2621440" [../src/fp_math_hls.cpp:159->../src/fp_math_hls.cpp:324->../src/mpc_riccati_hls.cpp:496]   --->   Operation 348 'mul' 'product_203' <Predicate = (!icmp_ln371)> <Delay = 2.29> <CoreInst = "Mul_DSP">   --->   Core 5 'Mul_DSP' <Latency = 3> <II = 1> <Delay = 2.29> <FuncUnit> <Opcode : 'mul'> <InPorts = 2> <OutPorts = 1>
ST_4 : Operation 349 [3/4] (2.29ns)   --->   "%product_208 = mul i50 %sext_ln159_20, i50 78643" [../src/fp_math_hls.cpp:159->../src/fp_math_hls.cpp:324->../src/mpc_riccati_hls.cpp:518]   --->   Operation 349 'mul' 'product_208' <Predicate = (!icmp_ln371)> <Delay = 2.29> <CoreInst = "Mul_DSP">   --->   Core 5 'Mul_DSP' <Latency = 3> <II = 1> <Delay = 2.29> <FuncUnit> <Opcode : 'mul'> <InPorts = 2> <OutPorts = 1>

State 5 <SV = 4> <Delay = 2.34>
ST_5 : Operation 350 [1/1] (0.78ns)   --->   "%add_ln371 = add i5 %k, i5 1" [../src/mpc_riccati_hls.cpp:371]   --->   Operation 350 'add' 'add_ln371' <Predicate = true> <Delay = 0.78> <CoreInst = "Adder">   --->   Core 1 'Adder' <Latency = 0> <II = 1> <Delay = 0.78> <FuncUnit> <Opcode : 'add' 'sub'> <InPorts = 2> <OutPorts = 1>
ST_5 : Operation 351 [1/1] (0.00ns)   --->   "%terminal_wall_x_lb_con_load_1 = load i32 %terminal_wall_x_lb_con" [../src/mpc_riccati_hls.cpp:417]   --->   Operation 351 'load' 'terminal_wall_x_lb_con_load_1' <Predicate = (!icmp_ln371)> <Delay = 0.00>
ST_5 : Operation 352 [1/1] (0.00ns)   --->   "%terminal_wall_x_ub_con_load_1 = load i32 %terminal_wall_x_ub_con" [../src/mpc_riccati_hls.cpp:417]   --->   Operation 352 'load' 'terminal_wall_x_ub_con_load_1' <Predicate = (!icmp_ln371)> <Delay = 0.00>
ST_5 : Operation 353 [1/1] (0.00ns)   --->   "%out_144_load_1 = load i32 %out_144" [../src/mpc_riccati_hls.cpp:417]   --->   Operation 353 'load' 'out_144_load_1' <Predicate = (!icmp_ln371)> <Delay = 0.00>
ST_5 : Operation 354 [1/4] (2.29ns)   --->   "%product = mul i50 %sext_ln159, i50 85458" [../src/fp_math_hls.cpp:159->../src/fp_math_hls.cpp:324->../src/mpc_riccati_hls.cpp:389]   --->   Operation 354 'mul' 'product' <Predicate = (!icmp_ln371)> <Delay = 2.29> <CoreInst = "Mul_DSP">   --->   Core 5 'Mul_DSP' <Latency = 3> <II = 1> <Delay = 2.29> <FuncUnit> <Opcode : 'mul'> <InPorts = 2> <OutPorts = 1>
ST_5 : Operation 355 [1/1] (0.00ns)   --->   "%specfucore_ln160 = specfucore void @_ssdm_op_SpecFUCore, i50 %product, i64 12, i64 3, i64 3, i1 0" [../src/fp_math_hls.cpp:160->../src/fp_math_hls.cpp:324->../src/mpc_riccati_hls.cpp:389]   --->   Operation 355 'specfucore' 'specfucore_ln160' <Predicate = (!icmp_ln371)> <Delay = 0.00>
ST_5 : Operation 356 [1/1] (0.00ns)   --->   "%product_q = partselect i32 @_ssdm_op_PartSelect.i32.i50.i32.i32, i50 %product, i32 18, i32 49" [include/fp_types_hls.hpp:650->../src/fp_math_hls.cpp:326->../src/mpc_riccati_hls.cpp:389]   --->   Operation 356 'partselect' 'product_q' <Predicate = (!icmp_ln371)> <Delay = 0.00>
ST_5 : Operation 357 [1/1] (1.01ns)   --->   "%icmp_ln128_3 = icmp_slt  i32 %val_3, i32 %wall_x_lb_con" [include/fp_math_hls.h:128->../src/mpc_riccati_hls.cpp:84->../src/mpc_riccati_hls.cpp:413]   --->   Operation 357 'icmp' 'icmp_ln128_3' <Predicate = (!icmp_ln371)> <Delay = 1.01> <CoreInst = "Cmp">   --->   Core 9 'Cmp' <Latency = 0> <II = 1> <Delay = 1.01> <FuncUnit> <Opcode : 'seteq' 'setne' 'setle' 'setge' 'setlt' 'setgt'> <InPorts = 2> <OutPorts = 1>
ST_5 : Operation 358 [1/1] (1.01ns)   --->   "%icmp_ln130_3 = icmp_sgt  i32 %val_3, i32 %wall_x_ub_con" [include/fp_math_hls.h:130->../src/mpc_riccati_hls.cpp:84->../src/mpc_riccati_hls.cpp:413]   --->   Operation 358 'icmp' 'icmp_ln130_3' <Predicate = (!icmp_ln371)> <Delay = 1.01> <CoreInst = "Cmp">   --->   Core 9 'Cmp' <Latency = 0> <II = 1> <Delay = 1.01> <FuncUnit> <Opcode : 'seteq' 'setne' 'setle' 'setge' 'setlt' 'setgt'> <InPorts = 2> <OutPorts = 1>
ST_5 : Operation 359 [1/1] (0.00ns) (grouped into LUT with out node value_130)   --->   "%select_ln130_2 = select i1 %icmp_ln130_3, i32 %wall_x_ub_con, i32 %val_3" [include/fp_math_hls.h:130->../src/mpc_riccati_hls.cpp:84->../src/mpc_riccati_hls.cpp:413]   --->   Operation 359 'select' 'select_ln130_2' <Predicate = (!icmp_ln371)> <Delay = 0.00> <CoreInst = "Sel">   --->   Core 73 'Sel' <Latency = 0> <II = 1> <Delay = 0.44> <FuncUnit> <Opcode : 'select'> <InPorts = 3> <OutPorts = 1>
ST_5 : Operation 360 [1/1] (0.44ns) (out node of the LUT)   --->   "%value_130 = select i1 %icmp_ln128_3, i32 %wall_x_lb_con, i32 %select_ln130_2" [include/fp_math_hls.h:128->../src/mpc_riccati_hls.cpp:84->../src/mpc_riccati_hls.cpp:413]   --->   Operation 360 'select' 'value_130' <Predicate = (!icmp_ln371)> <Delay = 0.44> <CoreInst = "Sel">   --->   Core 73 'Sel' <Latency = 0> <II = 1> <Delay = 0.44> <FuncUnit> <Opcode : 'select'> <InPorts = 3> <OutPorts = 1>
ST_5 : Operation 361 [1/1] (0.78ns)   --->   "%icmp_ln417 = icmp_eq  i5 %k, i5 19" [../src/mpc_riccati_hls.cpp:417]   --->   Operation 361 'icmp' 'icmp_ln417' <Predicate = (!icmp_ln371)> <Delay = 0.78> <CoreInst = "Cmp">   --->   Core 9 'Cmp' <Latency = 0> <II = 1> <Delay = 0.78> <FuncUnit> <Opcode : 'seteq' 'setne' 'setle' 'setge' 'setlt' 'setgt'> <InPorts = 2> <OutPorts = 1>
ST_5 : Operation 362 [1/1] (0.44ns)   --->   "%terminal_wall_x_lb_con_1 = select i1 %icmp_ln417, i32 %wall_x_lb_con, i32 %terminal_wall_x_lb_con_load_1" [../src/mpc_riccati_hls.cpp:417]   --->   Operation 362 'select' 'terminal_wall_x_lb_con_1' <Predicate = (!icmp_ln371)> <Delay = 0.44> <CoreInst = "Sel">   --->   Core 73 'Sel' <Latency = 0> <II = 1> <Delay = 0.44> <FuncUnit> <Opcode : 'select'> <InPorts = 3> <OutPorts = 1>
ST_5 : Operation 363 [1/1] (0.44ns)   --->   "%terminal_wall_x_ub_con_1 = select i1 %icmp_ln417, i32 %wall_x_ub_con, i32 %terminal_wall_x_ub_con_load_1" [../src/mpc_riccati_hls.cpp:417]   --->   Operation 363 'select' 'terminal_wall_x_ub_con_1' <Predicate = (!icmp_ln371)> <Delay = 0.44> <CoreInst = "Sel">   --->   Core 73 'Sel' <Latency = 0> <II = 1> <Delay = 0.44> <FuncUnit> <Opcode : 'select'> <InPorts = 3> <OutPorts = 1>
ST_5 : Operation 364 [1/1] (0.44ns)   --->   "%terminal_ey_ref = select i1 %icmp_ln417, i32 %value_130, i32 %out_144_load_1" [../src/mpc_riccati_hls.cpp:417]   --->   Operation 364 'select' 'terminal_ey_ref' <Predicate = (!icmp_ln371)> <Delay = 0.44> <CoreInst = "Sel">   --->   Core 73 'Sel' <Latency = 0> <II = 1> <Delay = 0.44> <FuncUnit> <Opcode : 'select'> <InPorts = 3> <OutPorts = 1>
ST_5 : Operation 365 [3/4] (2.29ns)   --->   "%product_203 = mul i50 %sext_ln159_19, i50 2621440" [../src/fp_math_hls.cpp:159->../src/fp_math_hls.cpp:324->../src/mpc_riccati_hls.cpp:496]   --->   Operation 365 'mul' 'product_203' <Predicate = (!icmp_ln371)> <Delay = 2.29> <CoreInst = "Mul_DSP">   --->   Core 5 'Mul_DSP' <Latency = 3> <II = 1> <Delay = 2.29> <FuncUnit> <Opcode : 'mul'> <InPorts = 2> <OutPorts = 1>
ST_5 : Operation 366 [4/4] (2.29ns)   --->   "%product_204 = mul i50 %sext_ln159_20, i50 104857600" [../src/fp_math_hls.cpp:159->../src/fp_math_hls.cpp:324->../src/mpc_riccati_hls.cpp:499]   --->   Operation 366 'mul' 'product_204' <Predicate = (!icmp_ln371)> <Delay = 2.29> <CoreInst = "Mul_DSP">   --->   Core 5 'Mul_DSP' <Latency = 3> <II = 1> <Delay = 2.29> <FuncUnit> <Opcode : 'mul'> <InPorts = 2> <OutPorts = 1>
ST_5 : Operation 367 [2/4] (2.29ns)   --->   "%product_208 = mul i50 %sext_ln159_20, i50 78643" [../src/fp_math_hls.cpp:159->../src/fp_math_hls.cpp:324->../src/mpc_riccati_hls.cpp:518]   --->   Operation 367 'mul' 'product_208' <Predicate = (!icmp_ln371)> <Delay = 2.29> <CoreInst = "Mul_DSP">   --->   Core 5 'Mul_DSP' <Latency = 3> <II = 1> <Delay = 2.29> <FuncUnit> <Opcode : 'mul'> <InPorts = 2> <OutPorts = 1>
ST_5 : Operation 368 [1/1] (0.42ns)   --->   "%store_ln320 = store i5 %add_ln371, i5 %k_3" [../src/mpc_riccati_hls.cpp:320]   --->   Operation 368 'store' 'store_ln320' <Predicate = (!icmp_ln371)> <Delay = 0.42>
ST_5 : Operation 369 [1/1] (0.42ns)   --->   "%store_ln417 = store i32 %terminal_ey_ref, i32 %out_144" [../src/mpc_riccati_hls.cpp:417]   --->   Operation 369 'store' 'store_ln417' <Predicate = (!icmp_ln371)> <Delay = 0.42>
ST_5 : Operation 370 [1/1] (0.42ns)   --->   "%store_ln336 = store i32 %terminal_wall_x_ub_con_1, i32 %terminal_wall_x_ub_con" [../src/mpc_riccati_hls.cpp:336]   --->   Operation 370 'store' 'store_ln336' <Predicate = (!icmp_ln371)> <Delay = 0.42>
ST_5 : Operation 371 [1/1] (0.42ns)   --->   "%store_ln335 = store i32 %terminal_wall_x_lb_con_1, i32 %terminal_wall_x_lb_con" [../src/mpc_riccati_hls.cpp:335]   --->   Operation 371 'store' 'store_ln335' <Predicate = (!icmp_ln371)> <Delay = 0.42>

State 6 <SV = 5> <Delay = 4.25>
ST_6 : Operation 372 [7/7] (4.25ns)   --->   "%dff_raw_k = call i32 @fp_atan_lut, i32 %product_q, i19 %atan_lut" [../src/mpc_riccati_hls.cpp:389]   --->   Operation 372 'call' 'dff_raw_k' <Predicate = (!icmp_ln371)> <Delay = 4.25> <CoreType = "Generic">   --->   Generic Core
ST_6 : Operation 373 [2/4] (2.29ns)   --->   "%product_203 = mul i50 %sext_ln159_19, i50 2621440" [../src/fp_math_hls.cpp:159->../src/fp_math_hls.cpp:324->../src/mpc_riccati_hls.cpp:496]   --->   Operation 373 'mul' 'product_203' <Predicate = (!icmp_ln371)> <Delay = 2.29> <CoreInst = "Mul_DSP">   --->   Core 5 'Mul_DSP' <Latency = 3> <II = 1> <Delay = 2.29> <FuncUnit> <Opcode : 'mul'> <InPorts = 2> <OutPorts = 1>
ST_6 : Operation 374 [3/4] (2.29ns)   --->   "%product_204 = mul i50 %sext_ln159_20, i50 104857600" [../src/fp_math_hls.cpp:159->../src/fp_math_hls.cpp:324->../src/mpc_riccati_hls.cpp:499]   --->   Operation 374 'mul' 'product_204' <Predicate = (!icmp_ln371)> <Delay = 2.29> <CoreInst = "Mul_DSP">   --->   Core 5 'Mul_DSP' <Latency = 3> <II = 1> <Delay = 2.29> <FuncUnit> <Opcode : 'mul'> <InPorts = 2> <OutPorts = 1>
ST_6 : Operation 375 [1/1] (0.00ns)   --->   "%sext_ln159_21 = sext i32 %value_136" [../src/fp_math_hls.cpp:159->../src/fp_math_hls.cpp:324->../src/mpc_riccati_hls.cpp:502]   --->   Operation 375 'sext' 'sext_ln159_21' <Predicate = (!icmp_ln371)> <Delay = 0.00>
ST_6 : Operation 376 [4/4] (2.29ns)   --->   "%product_205 = mul i50 %sext_ln159_21, i50 5242880" [../src/fp_math_hls.cpp:159->../src/fp_math_hls.cpp:324->../src/mpc_riccati_hls.cpp:502]   --->   Operation 376 'mul' 'product_205' <Predicate = (!icmp_ln371)> <Delay = 2.29> <CoreInst = "Mul_DSP">   --->   Core 5 'Mul_DSP' <Latency = 3> <II = 1> <Delay = 2.29> <FuncUnit> <Opcode : 'mul'> <InPorts = 2> <OutPorts = 1>
ST_6 : Operation 377 [1/4] (2.29ns)   --->   "%product_208 = mul i50 %sext_ln159_20, i50 78643" [../src/fp_math_hls.cpp:159->../src/fp_math_hls.cpp:324->../src/mpc_riccati_hls.cpp:518]   --->   Operation 377 'mul' 'product_208' <Predicate = (!icmp_ln371)> <Delay = 2.29> <CoreInst = "Mul_DSP">   --->   Core 5 'Mul_DSP' <Latency = 3> <II = 1> <Delay = 2.29> <FuncUnit> <Opcode : 'mul'> <InPorts = 2> <OutPorts = 1>
ST_6 : Operation 378 [1/1] (0.00ns)   --->   "%specfucore_ln160 = specfucore void @_ssdm_op_SpecFUCore, i50 %product_208, i64 12, i64 3, i64 3, i1 0" [../src/fp_math_hls.cpp:160->../src/fp_math_hls.cpp:324->../src/mpc_riccati_hls.cpp:518]   --->   Operation 378 'specfucore' 'specfucore_ln160' <Predicate = (!icmp_ln371)> <Delay = 0.00>
ST_6 : Operation 379 [1/1] (0.00ns)   --->   "%product_q_9 = partselect i32 @_ssdm_op_PartSelect.i32.i50.i32.i32, i50 %product_208, i32 18, i32 49" [include/fp_types_hls.hpp:650->../src/fp_math_hls.cpp:326->../src/mpc_riccati_hls.cpp:518]   --->   Operation 379 'partselect' 'product_q_9' <Predicate = (!icmp_ln371)> <Delay = 0.00>

State 7 <SV = 6> <Delay = 4.41>
ST_7 : Operation 380 [6/7] (4.41ns)   --->   "%dff_raw_k = call i32 @fp_atan_lut, i32 %product_q, i19 %atan_lut" [../src/mpc_riccati_hls.cpp:389]   --->   Operation 380 'call' 'dff_raw_k' <Predicate = (!icmp_ln371)> <Delay = 4.41> <CoreType = "Generic">   --->   Generic Core
ST_7 : Operation 381 [1/4] (2.29ns)   --->   "%product_203 = mul i50 %sext_ln159_19, i50 2621440" [../src/fp_math_hls.cpp:159->../src/fp_math_hls.cpp:324->../src/mpc_riccati_hls.cpp:496]   --->   Operation 381 'mul' 'product_203' <Predicate = (!icmp_ln371)> <Delay = 2.29> <CoreInst = "Mul_DSP">   --->   Core 5 'Mul_DSP' <Latency = 3> <II = 1> <Delay = 2.29> <FuncUnit> <Opcode : 'mul'> <InPorts = 2> <OutPorts = 1>
ST_7 : Operation 382 [1/1] (0.00ns)   --->   "%specfucore_ln160 = specfucore void @_ssdm_op_SpecFUCore, i50 %product_203, i64 12, i64 3, i64 3, i1 0" [../src/fp_math_hls.cpp:160->../src/fp_math_hls.cpp:324->../src/mpc_riccati_hls.cpp:496]   --->   Operation 382 'specfucore' 'specfucore_ln160' <Predicate = (!icmp_ln371)> <Delay = 0.00>
ST_7 : Operation 383 [1/1] (0.00ns)   --->   "%product_q_4 = partselect i32 @_ssdm_op_PartSelect.i32.i50.i32.i32, i50 %product_203, i32 18, i32 49" [include/fp_types_hls.hpp:650->../src/fp_math_hls.cpp:326->../src/mpc_riccati_hls.cpp:496]   --->   Operation 383 'partselect' 'product_q_4' <Predicate = (!icmp_ln371)> <Delay = 0.00>
ST_7 : Operation 384 [1/1] (1.01ns)   --->   "%value_133 = sub i32 0, i32 %product_q_4" [../src/mpc_riccati_hls.cpp:496]   --->   Operation 384 'sub' 'value_133' <Predicate = (!icmp_ln371)> <Delay = 1.01> <CoreInst = "Adder">   --->   Core 1 'Adder' <Latency = 0> <II = 1> <Delay = 1.01> <FuncUnit> <Opcode : 'add' 'sub'> <InPorts = 2> <OutPorts = 1>
ST_7 : Operation 385 [2/4] (2.29ns)   --->   "%product_204 = mul i50 %sext_ln159_20, i50 104857600" [../src/fp_math_hls.cpp:159->../src/fp_math_hls.cpp:324->../src/mpc_riccati_hls.cpp:499]   --->   Operation 385 'mul' 'product_204' <Predicate = (!icmp_ln371)> <Delay = 2.29> <CoreInst = "Mul_DSP">   --->   Core 5 'Mul_DSP' <Latency = 3> <II = 1> <Delay = 2.29> <FuncUnit> <Opcode : 'mul'> <InPorts = 2> <OutPorts = 1>
ST_7 : Operation 386 [3/4] (2.29ns)   --->   "%product_205 = mul i50 %sext_ln159_21, i50 5242880" [../src/fp_math_hls.cpp:159->../src/fp_math_hls.cpp:324->../src/mpc_riccati_hls.cpp:502]   --->   Operation 386 'mul' 'product_205' <Predicate = (!icmp_ln371)> <Delay = 2.29> <CoreInst = "Mul_DSP">   --->   Core 5 'Mul_DSP' <Latency = 3> <II = 1> <Delay = 2.29> <FuncUnit> <Opcode : 'mul'> <InPorts = 2> <OutPorts = 1>
ST_7 : Operation 387 [1/1] (0.00ns)   --->   "%sext_ln159_22 = sext i32 %value_137" [../src/fp_math_hls.cpp:159->../src/fp_math_hls.cpp:324->../src/mpc_riccati_hls.cpp:505]   --->   Operation 387 'sext' 'sext_ln159_22' <Predicate = (!icmp_ln371)> <Delay = 0.00>
ST_7 : Operation 388 [4/4] (2.29ns)   --->   "%product_206 = mul i50 %sext_ln159_22, i50 786432" [../src/fp_math_hls.cpp:159->../src/fp_math_hls.cpp:324->../src/mpc_riccati_hls.cpp:505]   --->   Operation 388 'mul' 'product_206' <Predicate = (!icmp_ln371)> <Delay = 2.29> <CoreInst = "Mul_DSP">   --->   Core 5 'Mul_DSP' <Latency = 3> <II = 1> <Delay = 2.29> <FuncUnit> <Opcode : 'mul'> <InPorts = 2> <OutPorts = 1>

State 8 <SV = 7> <Delay = 4.41>
ST_8 : Operation 389 [1/1] (0.00ns)   --->   "%p_shl = bitconcatenate i8 @_ssdm_op_BitConcatenate.i8.i5.i3, i5 %k, i3 0" [../src/mpc_riccati_hls.cpp:494]   --->   Operation 389 'bitconcatenate' 'p_shl' <Predicate = (!icmp_ln371)> <Delay = 0.00>
ST_8 : Operation 390 [1/1] (0.00ns)   --->   "%tmp_9 = bitconcatenate i6 @_ssdm_op_BitConcatenate.i6.i5.i1, i5 %k, i1 0" [../src/mpc_riccati_hls.cpp:494]   --->   Operation 390 'bitconcatenate' 'tmp_9' <Predicate = (!icmp_ln371)> <Delay = 0.00>
ST_8 : Operation 391 [1/1] (0.00ns)   --->   "%zext_ln494 = zext i6 %tmp_9" [../src/mpc_riccati_hls.cpp:494]   --->   Operation 391 'zext' 'zext_ln494' <Predicate = (!icmp_ln371)> <Delay = 0.00>
ST_8 : Operation 392 [1/1] (0.76ns)   --->   "%sub_ln494 = sub i8 %p_shl, i8 %zext_ln494" [../src/mpc_riccati_hls.cpp:494]   --->   Operation 392 'sub' 'sub_ln494' <Predicate = (!icmp_ln371)> <Delay = 0.76> <CoreInst = "Adder">   --->   Core 1 'Adder' <Latency = 0> <II = 1> <Delay = 0.76> <FuncUnit> <Opcode : 'add' 'sub'> <InPorts = 2> <OutPorts = 1>
ST_8 : Operation 393 [1/1] (0.00ns)   --->   "%trunc_ln494 = trunc i8 %sub_ln494" [../src/mpc_riccati_hls.cpp:494]   --->   Operation 393 'trunc' 'trunc_ln494' <Predicate = (!icmp_ln371)> <Delay = 0.00>
ST_8 : Operation 394 [1/1] (0.00ns)   --->   "%tmp_28_cast = partselect i6 @_ssdm_op_PartSelect.i6.i8.i32.i32, i8 %sub_ln494, i32 1, i32 6" [../src/mpc_riccati_hls.cpp:496]   --->   Operation 394 'partselect' 'tmp_28_cast' <Predicate = (!icmp_ln371)> <Delay = 0.00>
ST_8 : Operation 395 [1/1] (0.00ns)   --->   "%tmp_s = bitconcatenate i7 @_ssdm_op_BitConcatenate.i7.i6.i1, i6 %tmp_28_cast, i1 1" [../src/mpc_riccati_hls.cpp:496]   --->   Operation 395 'bitconcatenate' 'tmp_s' <Predicate = (!icmp_ln371)> <Delay = 0.00>
ST_8 : Operation 396 [1/1] (0.00ns)   --->   "%zext_ln496 = zext i7 %tmp_s" [../src/mpc_riccati_hls.cpp:496]   --->   Operation 396 'zext' 'zext_ln496' <Predicate = (!icmp_ln371)> <Delay = 0.00>
ST_8 : Operation 397 [1/1] (0.00ns)   --->   "%step_data_2_addr_6 = getelementptr i32 %step_data_2, i64 0, i64 %zext_ln496" [../src/mpc_riccati_hls.cpp:496]   --->   Operation 397 'getelementptr' 'step_data_2_addr_6' <Predicate = (!icmp_ln371)> <Delay = 0.00>
ST_8 : Operation 398 [5/7] (4.41ns)   --->   "%dff_raw_k = call i32 @fp_atan_lut, i32 %product_q, i19 %atan_lut" [../src/mpc_riccati_hls.cpp:389]   --->   Operation 398 'call' 'dff_raw_k' <Predicate = (!icmp_ln371)> <Delay = 4.41> <CoreType = "Generic">   --->   Generic Core
ST_8 : Operation 399 [1/1] (0.00ns)   --->   "%sext_ln159_18 = sext i32 %value_130" [../src/fp_math_hls.cpp:159->../src/fp_math_hls.cpp:324->../src/mpc_riccati_hls.cpp:494]   --->   Operation 399 'sext' 'sext_ln159_18' <Predicate = (!icmp_ln371)> <Delay = 0.00>
ST_8 : Operation 400 [4/4] (2.29ns)   --->   "%product_202 = mul i50 %sext_ln159_18, i50 786432000" [../src/fp_math_hls.cpp:159->../src/fp_math_hls.cpp:324->../src/mpc_riccati_hls.cpp:494]   --->   Operation 400 'mul' 'product_202' <Predicate = (!icmp_ln371)> <Delay = 2.29> <CoreInst = "Mul_DSP">   --->   Core 5 'Mul_DSP' <Latency = 3> <II = 1> <Delay = 2.29> <FuncUnit> <Opcode : 'mul'> <InPorts = 2> <OutPorts = 1>
ST_8 : Operation 401 [1/1] ( I:1.23ns O:1.23ns )   --->   "%store_ln496 = store i32 %value_133, i7 %step_data_2_addr_6" [../src/mpc_riccati_hls.cpp:496]   --->   Operation 401 'store' 'store_ln496' <Predicate = (!icmp_ln371)> <Delay = 1.23> <CoreInst = "RAM_2P_BRAM">   --->   Core 93 'RAM_2P_BRAM' <Latency = 1> <II = 1> <Delay = 1.23> <Storage> <Opcode : 'load' 'store'> <Ports = 2> <Width = 32> <Depth = 120> <RAM>
ST_8 : Operation 402 [1/4] (2.29ns)   --->   "%product_204 = mul i50 %sext_ln159_20, i50 104857600" [../src/fp_math_hls.cpp:159->../src/fp_math_hls.cpp:324->../src/mpc_riccati_hls.cpp:499]   --->   Operation 402 'mul' 'product_204' <Predicate = (!icmp_ln371)> <Delay = 2.29> <CoreInst = "Mul_DSP">   --->   Core 5 'Mul_DSP' <Latency = 3> <II = 1> <Delay = 2.29> <FuncUnit> <Opcode : 'mul'> <InPorts = 2> <OutPorts = 1>
ST_8 : Operation 403 [1/1] (0.00ns)   --->   "%specfucore_ln160 = specfucore void @_ssdm_op_SpecFUCore, i50 %product_204, i64 12, i64 3, i64 3, i1 0" [../src/fp_math_hls.cpp:160->../src/fp_math_hls.cpp:324->../src/mpc_riccati_hls.cpp:499]   --->   Operation 403 'specfucore' 'specfucore_ln160' <Predicate = (!icmp_ln371)> <Delay = 0.00>
ST_8 : Operation 404 [1/1] (0.00ns)   --->   "%product_q_5 = partselect i32 @_ssdm_op_PartSelect.i32.i50.i32.i32, i50 %product_204, i32 18, i32 49" [include/fp_types_hls.hpp:650->../src/fp_math_hls.cpp:326->../src/mpc_riccati_hls.cpp:499]   --->   Operation 404 'partselect' 'product_q_5' <Predicate = (!icmp_ln371)> <Delay = 0.00>
ST_8 : Operation 405 [1/1] (1.01ns)   --->   "%value_135 = sub i32 0, i32 %product_q_5" [../src/mpc_riccati_hls.cpp:499]   --->   Operation 405 'sub' 'value_135' <Predicate = (!icmp_ln371)> <Delay = 1.01> <CoreInst = "Adder">   --->   Core 1 'Adder' <Latency = 0> <II = 1> <Delay = 1.01> <FuncUnit> <Opcode : 'add' 'sub'> <InPorts = 2> <OutPorts = 1>
ST_8 : Operation 406 [2/4] (2.29ns)   --->   "%product_205 = mul i50 %sext_ln159_21, i50 5242880" [../src/fp_math_hls.cpp:159->../src/fp_math_hls.cpp:324->../src/mpc_riccati_hls.cpp:502]   --->   Operation 406 'mul' 'product_205' <Predicate = (!icmp_ln371)> <Delay = 2.29> <CoreInst = "Mul_DSP">   --->   Core 5 'Mul_DSP' <Latency = 3> <II = 1> <Delay = 2.29> <FuncUnit> <Opcode : 'mul'> <InPorts = 2> <OutPorts = 1>
ST_8 : Operation 407 [3/4] (2.29ns)   --->   "%product_206 = mul i50 %sext_ln159_22, i50 786432" [../src/fp_math_hls.cpp:159->../src/fp_math_hls.cpp:324->../src/mpc_riccati_hls.cpp:505]   --->   Operation 407 'mul' 'product_206' <Predicate = (!icmp_ln371)> <Delay = 2.29> <CoreInst = "Mul_DSP">   --->   Core 5 'Mul_DSP' <Latency = 3> <II = 1> <Delay = 2.29> <FuncUnit> <Opcode : 'mul'> <InPorts = 2> <OutPorts = 1>

State 9 <SV = 8> <Delay = 4.41>
ST_9 : Operation 408 [1/1] (0.77ns)   --->   "%add_ln499 = add i7 %trunc_ln494, i7 2" [../src/mpc_riccati_hls.cpp:499]   --->   Operation 408 'add' 'add_ln499' <Predicate = (!icmp_ln371)> <Delay = 0.77> <CoreInst = "Adder">   --->   Core 1 'Adder' <Latency = 0> <II = 1> <Delay = 0.77> <FuncUnit> <Opcode : 'add' 'sub'> <InPorts = 2> <OutPorts = 1>
ST_9 : Operation 409 [1/1] (0.00ns)   --->   "%zext_ln499 = zext i7 %add_ln499" [../src/mpc_riccati_hls.cpp:499]   --->   Operation 409 'zext' 'zext_ln499' <Predicate = (!icmp_ln371)> <Delay = 0.00>
ST_9 : Operation 410 [1/1] (0.00ns)   --->   "%step_data_2_addr_7 = getelementptr i32 %step_data_2, i64 0, i64 %zext_ln499" [../src/mpc_riccati_hls.cpp:499]   --->   Operation 410 'getelementptr' 'step_data_2_addr_7' <Predicate = (!icmp_ln371)> <Delay = 0.00>
ST_9 : Operation 411 [4/7] (4.41ns)   --->   "%dff_raw_k = call i32 @fp_atan_lut, i32 %product_q, i19 %atan_lut" [../src/mpc_riccati_hls.cpp:389]   --->   Operation 411 'call' 'dff_raw_k' <Predicate = (!icmp_ln371)> <Delay = 4.41> <CoreType = "Generic">   --->   Generic Core
ST_9 : Operation 412 [3/4] (2.29ns)   --->   "%product_202 = mul i50 %sext_ln159_18, i50 786432000" [../src/fp_math_hls.cpp:159->../src/fp_math_hls.cpp:324->../src/mpc_riccati_hls.cpp:494]   --->   Operation 412 'mul' 'product_202' <Predicate = (!icmp_ln371)> <Delay = 2.29> <CoreInst = "Mul_DSP">   --->   Core 5 'Mul_DSP' <Latency = 3> <II = 1> <Delay = 2.29> <FuncUnit> <Opcode : 'mul'> <InPorts = 2> <OutPorts = 1>
ST_9 : Operation 413 [1/1] ( I:1.23ns O:1.23ns )   --->   "%store_ln499 = store i32 %value_135, i7 %step_data_2_addr_7" [../src/mpc_riccati_hls.cpp:499]   --->   Operation 413 'store' 'store_ln499' <Predicate = (!icmp_ln371)> <Delay = 1.23> <CoreInst = "RAM_2P_BRAM">   --->   Core 93 'RAM_2P_BRAM' <Latency = 1> <II = 1> <Delay = 1.23> <Storage> <Opcode : 'load' 'store'> <Ports = 2> <Width = 32> <Depth = 120> <RAM>
ST_9 : Operation 414 [1/4] (2.29ns)   --->   "%product_205 = mul i50 %sext_ln159_21, i50 5242880" [../src/fp_math_hls.cpp:159->../src/fp_math_hls.cpp:324->../src/mpc_riccati_hls.cpp:502]   --->   Operation 414 'mul' 'product_205' <Predicate = (!icmp_ln371)> <Delay = 2.29> <CoreInst = "Mul_DSP">   --->   Core 5 'Mul_DSP' <Latency = 3> <II = 1> <Delay = 2.29> <FuncUnit> <Opcode : 'mul'> <InPorts = 2> <OutPorts = 1>
ST_9 : Operation 415 [1/1] (0.00ns)   --->   "%specfucore_ln160 = specfucore void @_ssdm_op_SpecFUCore, i50 %product_205, i64 12, i64 3, i64 3, i1 0" [../src/fp_math_hls.cpp:160->../src/fp_math_hls.cpp:324->../src/mpc_riccati_hls.cpp:502]   --->   Operation 415 'specfucore' 'specfucore_ln160' <Predicate = (!icmp_ln371)> <Delay = 0.00>
ST_9 : Operation 416 [1/1] (0.00ns)   --->   "%product_q_6 = partselect i32 @_ssdm_op_PartSelect.i32.i50.i32.i32, i50 %product_205, i32 18, i32 49" [include/fp_types_hls.hpp:650->../src/fp_math_hls.cpp:326->../src/mpc_riccati_hls.cpp:502]   --->   Operation 416 'partselect' 'product_q_6' <Predicate = (!icmp_ln371)> <Delay = 0.00>
ST_9 : Operation 417 [1/1] (1.01ns)   --->   "%value = sub i32 0, i32 %product_q_6" [../src/mpc_riccati_hls.cpp:502]   --->   Operation 417 'sub' 'value' <Predicate = (!icmp_ln371)> <Delay = 1.01> <CoreInst = "Adder">   --->   Core 1 'Adder' <Latency = 0> <II = 1> <Delay = 1.01> <FuncUnit> <Opcode : 'add' 'sub'> <InPorts = 2> <OutPorts = 1>
ST_9 : Operation 418 [2/4] (2.29ns)   --->   "%product_206 = mul i50 %sext_ln159_22, i50 786432" [../src/fp_math_hls.cpp:159->../src/fp_math_hls.cpp:324->../src/mpc_riccati_hls.cpp:505]   --->   Operation 418 'mul' 'product_206' <Predicate = (!icmp_ln371)> <Delay = 2.29> <CoreInst = "Mul_DSP">   --->   Core 5 'Mul_DSP' <Latency = 3> <II = 1> <Delay = 2.29> <FuncUnit> <Opcode : 'mul'> <InPorts = 2> <OutPorts = 1>

State 10 <SV = 9> <Delay = 4.41>
ST_10 : Operation 419 [1/1] (0.77ns)   --->   "%add_ln502 = add i7 %trunc_ln494, i7 3" [../src/mpc_riccati_hls.cpp:502]   --->   Operation 419 'add' 'add_ln502' <Predicate = (!icmp_ln371)> <Delay = 0.77> <CoreInst = "Adder">   --->   Core 1 'Adder' <Latency = 0> <II = 1> <Delay = 0.77> <FuncUnit> <Opcode : 'add' 'sub'> <InPorts = 2> <OutPorts = 1>
ST_10 : Operation 420 [1/1] (0.00ns)   --->   "%zext_ln502 = zext i7 %add_ln502" [../src/mpc_riccati_hls.cpp:502]   --->   Operation 420 'zext' 'zext_ln502' <Predicate = (!icmp_ln371)> <Delay = 0.00>
ST_10 : Operation 421 [1/1] (0.00ns)   --->   "%step_data_2_addr_8 = getelementptr i32 %step_data_2, i64 0, i64 %zext_ln502" [../src/mpc_riccati_hls.cpp:502]   --->   Operation 421 'getelementptr' 'step_data_2_addr_8' <Predicate = (!icmp_ln371)> <Delay = 0.00>
ST_10 : Operation 422 [3/7] (4.41ns)   --->   "%dff_raw_k = call i32 @fp_atan_lut, i32 %product_q, i19 %atan_lut" [../src/mpc_riccati_hls.cpp:389]   --->   Operation 422 'call' 'dff_raw_k' <Predicate = (!icmp_ln371)> <Delay = 4.41> <CoreType = "Generic">   --->   Generic Core
ST_10 : Operation 423 [2/4] (2.29ns)   --->   "%product_202 = mul i50 %sext_ln159_18, i50 786432000" [../src/fp_math_hls.cpp:159->../src/fp_math_hls.cpp:324->../src/mpc_riccati_hls.cpp:494]   --->   Operation 423 'mul' 'product_202' <Predicate = (!icmp_ln371)> <Delay = 2.29> <CoreInst = "Mul_DSP">   --->   Core 5 'Mul_DSP' <Latency = 3> <II = 1> <Delay = 2.29> <FuncUnit> <Opcode : 'mul'> <InPorts = 2> <OutPorts = 1>
ST_10 : Operation 424 [1/1] ( I:1.23ns O:1.23ns )   --->   "%store_ln502 = store i32 %value, i7 %step_data_2_addr_8" [../src/mpc_riccati_hls.cpp:502]   --->   Operation 424 'store' 'store_ln502' <Predicate = (!icmp_ln371)> <Delay = 1.23> <CoreInst = "RAM_2P_BRAM">   --->   Core 93 'RAM_2P_BRAM' <Latency = 1> <II = 1> <Delay = 1.23> <Storage> <Opcode : 'load' 'store'> <Ports = 2> <Width = 32> <Depth = 120> <RAM>
ST_10 : Operation 425 [1/4] (2.29ns)   --->   "%product_206 = mul i50 %sext_ln159_22, i50 786432" [../src/fp_math_hls.cpp:159->../src/fp_math_hls.cpp:324->../src/mpc_riccati_hls.cpp:505]   --->   Operation 425 'mul' 'product_206' <Predicate = (!icmp_ln371)> <Delay = 2.29> <CoreInst = "Mul_DSP">   --->   Core 5 'Mul_DSP' <Latency = 3> <II = 1> <Delay = 2.29> <FuncUnit> <Opcode : 'mul'> <InPorts = 2> <OutPorts = 1>
ST_10 : Operation 426 [1/1] (0.00ns)   --->   "%specfucore_ln160 = specfucore void @_ssdm_op_SpecFUCore, i50 %product_206, i64 12, i64 3, i64 3, i1 0" [../src/fp_math_hls.cpp:160->../src/fp_math_hls.cpp:324->../src/mpc_riccati_hls.cpp:505]   --->   Operation 426 'specfucore' 'specfucore_ln160' <Predicate = (!icmp_ln371)> <Delay = 0.00>
ST_10 : Operation 427 [1/1] (0.00ns)   --->   "%product_q_7 = partselect i32 @_ssdm_op_PartSelect.i32.i50.i32.i32, i50 %product_206, i32 18, i32 49" [include/fp_types_hls.hpp:650->../src/fp_math_hls.cpp:326->../src/mpc_riccati_hls.cpp:505]   --->   Operation 427 'partselect' 'product_q_7' <Predicate = (!icmp_ln371)> <Delay = 0.00>
ST_10 : Operation 428 [1/1] (1.01ns)   --->   "%value_138 = sub i32 0, i32 %product_q_7" [../src/mpc_riccati_hls.cpp:505]   --->   Operation 428 'sub' 'value_138' <Predicate = (!icmp_ln371)> <Delay = 1.01> <CoreInst = "Adder">   --->   Core 1 'Adder' <Latency = 0> <II = 1> <Delay = 1.01> <FuncUnit> <Opcode : 'add' 'sub'> <InPorts = 2> <OutPorts = 1>

State 11 <SV = 10> <Delay = 4.41>
ST_11 : Operation 429 [1/1] (0.77ns)   --->   "%add_ln505 = add i7 %trunc_ln494, i7 4" [../src/mpc_riccati_hls.cpp:505]   --->   Operation 429 'add' 'add_ln505' <Predicate = (!icmp_ln371)> <Delay = 0.77> <CoreInst = "Adder">   --->   Core 1 'Adder' <Latency = 0> <II = 1> <Delay = 0.77> <FuncUnit> <Opcode : 'add' 'sub'> <InPorts = 2> <OutPorts = 1>
ST_11 : Operation 430 [1/1] (0.00ns)   --->   "%zext_ln505 = zext i7 %add_ln505" [../src/mpc_riccati_hls.cpp:505]   --->   Operation 430 'zext' 'zext_ln505' <Predicate = (!icmp_ln371)> <Delay = 0.00>
ST_11 : Operation 431 [1/1] (0.00ns)   --->   "%step_data_2_addr_9 = getelementptr i32 %step_data_2, i64 0, i64 %zext_ln505" [../src/mpc_riccati_hls.cpp:505]   --->   Operation 431 'getelementptr' 'step_data_2_addr_9' <Predicate = (!icmp_ln371)> <Delay = 0.00>
ST_11 : Operation 432 [2/7] (4.41ns)   --->   "%dff_raw_k = call i32 @fp_atan_lut, i32 %product_q, i19 %atan_lut" [../src/mpc_riccati_hls.cpp:389]   --->   Operation 432 'call' 'dff_raw_k' <Predicate = (!icmp_ln371)> <Delay = 4.41> <CoreType = "Generic">   --->   Generic Core
ST_11 : Operation 433 [1/4] (2.29ns)   --->   "%product_202 = mul i50 %sext_ln159_18, i50 786432000" [../src/fp_math_hls.cpp:159->../src/fp_math_hls.cpp:324->../src/mpc_riccati_hls.cpp:494]   --->   Operation 433 'mul' 'product_202' <Predicate = (!icmp_ln371)> <Delay = 2.29> <CoreInst = "Mul_DSP">   --->   Core 5 'Mul_DSP' <Latency = 3> <II = 1> <Delay = 2.29> <FuncUnit> <Opcode : 'mul'> <InPorts = 2> <OutPorts = 1>
ST_11 : Operation 434 [1/1] (0.00ns)   --->   "%specfucore_ln160 = specfucore void @_ssdm_op_SpecFUCore, i50 %product_202, i64 12, i64 3, i64 3, i1 0" [../src/fp_math_hls.cpp:160->../src/fp_math_hls.cpp:324->../src/mpc_riccati_hls.cpp:494]   --->   Operation 434 'specfucore' 'specfucore_ln160' <Predicate = (!icmp_ln371)> <Delay = 0.00>
ST_11 : Operation 435 [1/1] (0.00ns)   --->   "%product_q_3 = partselect i32 @_ssdm_op_PartSelect.i32.i50.i32.i32, i50 %product_202, i32 18, i32 49" [include/fp_types_hls.hpp:650->../src/fp_math_hls.cpp:326->../src/mpc_riccati_hls.cpp:494]   --->   Operation 435 'partselect' 'product_q_3' <Predicate = (!icmp_ln371)> <Delay = 0.00>
ST_11 : Operation 436 [1/1] (1.01ns)   --->   "%value_131 = sub i32 0, i32 %product_q_3" [../src/mpc_riccati_hls.cpp:494]   --->   Operation 436 'sub' 'value_131' <Predicate = (!icmp_ln371)> <Delay = 1.01> <CoreInst = "Adder">   --->   Core 1 'Adder' <Latency = 0> <II = 1> <Delay = 1.01> <FuncUnit> <Opcode : 'add' 'sub'> <InPorts = 2> <OutPorts = 1>
ST_11 : Operation 437 [1/1] ( I:1.23ns O:1.23ns )   --->   "%store_ln505 = store i32 %value_138, i7 %step_data_2_addr_9" [../src/mpc_riccati_hls.cpp:505]   --->   Operation 437 'store' 'store_ln505' <Predicate = (!icmp_ln371)> <Delay = 1.23> <CoreInst = "RAM_2P_BRAM">   --->   Core 93 'RAM_2P_BRAM' <Latency = 1> <II = 1> <Delay = 1.23> <Storage> <Opcode : 'load' 'store'> <Ports = 2> <Width = 32> <Depth = 120> <RAM>

State 12 <SV = 11> <Delay = 2.84>
ST_12 : Operation 438 [1/1] (0.00ns)   --->   "%terminal_dff_raw_0153_0_0_0_load_1 = load i32 %terminal_dff_raw_0153_0_0_0" [../src/mpc_riccati_hls.cpp:417]   --->   Operation 438 'load' 'terminal_dff_raw_0153_0_0_0_load_1' <Predicate = (!icmp_ln371 & !icmp_ln417)> <Delay = 0.00>
ST_12 : Operation 439 [1/1] (0.00ns)   --->   "%zext_ln494_1 = zext i8 %sub_ln494" [../src/mpc_riccati_hls.cpp:494]   --->   Operation 439 'zext' 'zext_ln494_1' <Predicate = (!icmp_ln371)> <Delay = 0.00>
ST_12 : Operation 440 [1/1] (0.00ns)   --->   "%step_data_2_addr = getelementptr i32 %step_data_2, i64 0, i64 %zext_ln494_1" [../src/mpc_riccati_hls.cpp:494]   --->   Operation 440 'getelementptr' 'step_data_2_addr' <Predicate = (!icmp_ln371)> <Delay = 0.00>
ST_12 : Operation 441 [1/7] (1.46ns)   --->   "%dff_raw_k = call i32 @fp_atan_lut, i32 %product_q, i19 %atan_lut" [../src/mpc_riccati_hls.cpp:389]   --->   Operation 441 'call' 'dff_raw_k' <Predicate = (!icmp_ln371)> <Delay = 1.46> <CoreType = "Generic">   --->   Generic Core
ST_12 : Operation 442 [1/1] (0.00ns) (grouped into LUT with out node value_139)   --->   "%trunc_ln389 = trunc i32 %dff_raw_k" [../src/mpc_riccati_hls.cpp:389]   --->   Operation 442 'trunc' 'trunc_ln389' <Predicate = (!icmp_ln371)> <Delay = 0.00>
ST_12 : Operation 443 [1/1] (1.01ns)   --->   "%icmp_ln128 = icmp_slt  i32 %dff_raw_k, i32 4294865060" [include/fp_math_hls.h:128->../src/mpc_riccati_hls.cpp:391]   --->   Operation 443 'icmp' 'icmp_ln128' <Predicate = (!icmp_ln371)> <Delay = 1.01> <CoreInst = "Cmp">   --->   Core 9 'Cmp' <Latency = 0> <II = 1> <Delay = 1.01> <FuncUnit> <Opcode : 'seteq' 'setne' 'setle' 'setge' 'setlt' 'setgt'> <InPorts = 2> <OutPorts = 1>
ST_12 : Operation 444 [1/1] (1.01ns)   --->   "%icmp_ln130 = icmp_sgt  i32 %dff_raw_k, i32 102236" [include/fp_math_hls.h:130->../src/mpc_riccati_hls.cpp:391]   --->   Operation 444 'icmp' 'icmp_ln130' <Predicate = (!icmp_ln371)> <Delay = 1.01> <CoreInst = "Cmp">   --->   Core 9 'Cmp' <Latency = 0> <II = 1> <Delay = 1.01> <FuncUnit> <Opcode : 'seteq' 'setne' 'setle' 'setge' 'setlt' 'setgt'> <InPorts = 2> <OutPorts = 1>
ST_12 : Operation 445 [1/1] (0.00ns) (grouped into LUT with out node value_139)   --->   "%select_ln130 = select i1 %icmp_ln128, i18 159908, i18 102236" [include/fp_math_hls.h:128->../src/mpc_riccati_hls.cpp:391]   --->   Operation 445 'select' 'select_ln130' <Predicate = (!icmp_ln371)> <Delay = 0.00> <CoreInst = "Sel">   --->   Core 73 'Sel' <Latency = 0> <II = 1> <Delay = 0.36> <FuncUnit> <Opcode : 'select'> <InPorts = 3> <OutPorts = 1>
ST_12 : Operation 446 [1/1] (0.00ns) (grouped into LUT with out node value_139)   --->   "%empty_595 = or i1 %icmp_ln128, i1 %icmp_ln130" [include/fp_math_hls.h:128->../src/mpc_riccati_hls.cpp:391]   --->   Operation 446 'or' 'empty_595' <Predicate = (!icmp_ln371)> <Delay = 0.00> <CoreInst = "LogicGate">   --->   Core 74 'LogicGate' <Latency = 0> <II = 1> <Delay = 0.28> <FuncUnit> <Opcode : 'and' 'or' 'xor'> <InPorts = 2> <OutPorts = 1>
ST_12 : Operation 447 [1/1] (0.36ns) (out node of the LUT)   --->   "%value_139 = select i1 %empty_595, i18 %select_ln130, i18 %trunc_ln389" [../src/mpc_riccati_hls.cpp:394]   --->   Operation 447 'select' 'value_139' <Predicate = (!icmp_ln371)> <Delay = 0.36> <CoreInst = "Sel">   --->   Core 73 'Sel' <Latency = 0> <II = 1> <Delay = 0.36> <FuncUnit> <Opcode : 'select'> <InPorts = 3> <OutPorts = 1>
ST_12 : Operation 448 [1/1] (0.44ns)   --->   "%terminal_dff_raw = select i1 %icmp_ln417, i32 %dff_raw_k, i32 %terminal_dff_raw_0153_0_0_0_load_1" [../src/mpc_riccati_hls.cpp:417]   --->   Operation 448 'select' 'terminal_dff_raw' <Predicate = (!icmp_ln371)> <Delay = 0.44> <CoreInst = "Sel">   --->   Core 73 'Sel' <Latency = 0> <II = 1> <Delay = 0.44> <FuncUnit> <Opcode : 'select'> <InPorts = 3> <OutPorts = 1>
ST_12 : Operation 449 [1/1] ( I:1.23ns O:1.23ns )   --->   "%store_ln494 = store i32 %value_131, i7 %step_data_2_addr" [../src/mpc_riccati_hls.cpp:494]   --->   Operation 449 'store' 'store_ln494' <Predicate = (!icmp_ln371)> <Delay = 1.23> <CoreInst = "RAM_2P_BRAM">   --->   Core 93 'RAM_2P_BRAM' <Latency = 1> <II = 1> <Delay = 1.23> <Storage> <Opcode : 'load' 'store'> <Ports = 2> <Width = 32> <Depth = 120> <RAM>
ST_12 : Operation 450 [1/1] (0.42ns)   --->   "%store_ln417 = store i32 %terminal_dff_raw, i32 %terminal_dff_raw_0153_0_0_0" [../src/mpc_riccati_hls.cpp:417]   --->   Operation 450 'store' 'store_ln417' <Predicate = (!icmp_ln371)> <Delay = 0.42>

State 13 <SV = 12> <Delay = 4.00>
ST_13 : Operation 451 [1/1] (0.00ns)   --->   "%lin_epsi_0151_0_0_0_load = load i32 %lin_epsi_0151_0_0_0" [../src/mpc_riccati_hls.cpp:371]   --->   Operation 451 'load' 'lin_epsi_0151_0_0_0_load' <Predicate = (!icmp_ln371)> <Delay = 0.00>
ST_13 : Operation 452 [1/1] (0.00ns)   --->   "%lin_ey_0152_0_0_0_load = load i32 %lin_ey_0152_0_0_0" [../src/mpc_riccati_hls.cpp:371]   --->   Operation 452 'load' 'lin_ey_0152_0_0_0_load' <Predicate = (!icmp_ln371)> <Delay = 0.00>
ST_13 : Operation 453 [1/1] (0.00ns)   --->   "%lin_vx_k_load = load i32 %lin_vx_k" [../src/mpc_riccati_hls.cpp:371]   --->   Operation 453 'load' 'lin_vx_k_load' <Predicate = (!icmp_ln371)> <Delay = 0.00>
ST_13 : Operation 454 [1/1] (0.00ns)   --->   "%lin_vy_0157_0_0_0_load = load i32 %lin_vy_0157_0_0_0" [../src/mpc_riccati_hls.cpp:371]   --->   Operation 454 'load' 'lin_vy_0157_0_0_0_load' <Predicate = (!icmp_ln371)> <Delay = 0.00>
ST_13 : Operation 455 [1/1] (0.00ns)   --->   "%lin_omega_0158_0_0_0_load = load i32 %lin_omega_0158_0_0_0" [../src/mpc_riccati_hls.cpp:371]   --->   Operation 455 'load' 'lin_omega_0158_0_0_0_load' <Predicate = (!icmp_ln371)> <Delay = 0.00>
ST_13 : Operation 456 [1/1] (0.77ns)   --->   "%add_ln508 = add i7 %trunc_ln494, i7 5" [../src/mpc_riccati_hls.cpp:508]   --->   Operation 456 'add' 'add_ln508' <Predicate = (!icmp_ln371)> <Delay = 0.77> <CoreInst = "Adder">   --->   Core 1 'Adder' <Latency = 0> <II = 1> <Delay = 0.77> <FuncUnit> <Opcode : 'add' 'sub'> <InPorts = 2> <OutPorts = 1>
ST_13 : Operation 457 [1/1] (0.00ns)   --->   "%zext_ln508 = zext i7 %add_ln508" [../src/mpc_riccati_hls.cpp:508]   --->   Operation 457 'zext' 'zext_ln508' <Predicate = (!icmp_ln371)> <Delay = 0.00>
ST_13 : Operation 458 [1/1] (0.00ns)   --->   "%step_data_2_addr_10 = getelementptr i32 %step_data_2, i64 0, i64 %zext_ln508" [../src/mpc_riccati_hls.cpp:508]   --->   Operation 458 'getelementptr' 'step_data_2_addr_10' <Predicate = (!icmp_ln371)> <Delay = 0.00>
ST_13 : Operation 459 [1/1] (0.00ns)   --->   "%trunc_ln371 = trunc i32 %lin_vx_k_load" [../src/mpc_riccati_hls.cpp:371]   --->   Operation 459 'trunc' 'trunc_ln371' <Predicate = (!icmp_ln371)> <Delay = 0.00>
ST_13 : Operation 460 [1/1] (0.00ns)   --->   "%trunc_ln371_1 = trunc i32 %lin_omega_0158_0_0_0_load" [../src/mpc_riccati_hls.cpp:371]   --->   Operation 460 'trunc' 'trunc_ln371_1' <Predicate = (!icmp_ln371)> <Delay = 0.00>
ST_13 : Operation 461 [1/1] (0.00ns)   --->   "%trunc_ln371_2 = trunc i32 %lin_vy_0157_0_0_0_load" [../src/mpc_riccati_hls.cpp:371]   --->   Operation 461 'trunc' 'trunc_ln371_2' <Predicate = (!icmp_ln371)> <Delay = 0.00>
ST_13 : Operation 462 [1/1] (0.00ns)   --->   "%trunc_ln371_3 = trunc i32 %lin_vx_k_load" [../src/mpc_riccati_hls.cpp:371]   --->   Operation 462 'trunc' 'trunc_ln371_3' <Predicate = (!icmp_ln371)> <Delay = 0.00>
ST_13 : Operation 463 [1/1] (0.00ns)   --->   "%trunc_ln371_4 = trunc i32 %lin_epsi_0151_0_0_0_load" [../src/mpc_riccati_hls.cpp:371]   --->   Operation 463 'trunc' 'trunc_ln371_4' <Predicate = (!icmp_ln371)> <Delay = 0.00>
ST_13 : Operation 464 [1/1] (0.00ns)   --->   "%trunc_ln371_5 = trunc i32 %lin_ey_0152_0_0_0_load" [../src/mpc_riccati_hls.cpp:371]   --->   Operation 464 'trunc' 'trunc_ln371_5' <Predicate = (!icmp_ln371)> <Delay = 0.00>
ST_13 : Operation 465 [100/100] (4.00ns)   --->   "%call_ret = call i1280 @compute_frenet_AB_and_next_hls, i27 %trunc_ln371_5, i27 %trunc_ln371_4, i27 %trunc_ln371_3, i27 %trunc_ln371_2, i27 %trunc_ln371_1, i18 %value_139, i27 %tmp, i27 %trunc_ln523, i19 %recip_lut_fn, i18 %sin_lut_fn, i19 %cos_lut_fn, i18 %atan_lut_fn" [../src/mpc_riccati_hls.cpp:424]   --->   Operation 465 'call' 'call_ret' <Predicate = (!icmp_ln371)> <Delay = 4.00> <CoreType = "Generic">   --->   Generic Core
ST_13 : Operation 466 [1/1] (0.00ns)   --->   "%product_q_8 = bitconcatenate i19 @_ssdm_op_BitConcatenate.i19.i18.i1, i18 %value_139, i1 0" [include/fp_types_hls.hpp:650->../src/fp_math_hls.cpp:326->../src/mpc_riccati_hls.cpp:509]   --->   Operation 466 'bitconcatenate' 'product_q_8' <Predicate = (!icmp_ln371)> <Delay = 0.00>
ST_13 : Operation 467 [1/1] (0.00ns)   --->   "%sext_ln326_1 = sext i19 %product_q_8" [../src/fp_math_hls.cpp:326->../src/mpc_riccati_hls.cpp:509]   --->   Operation 467 'sext' 'sext_ln326_1' <Predicate = (!icmp_ln371)> <Delay = 0.00>
ST_13 : Operation 468 [1/1] (0.88ns)   --->   "%value_140 = sub i20 0, i20 %sext_ln326_1" [../src/mpc_riccati_hls.cpp:509]   --->   Operation 468 'sub' 'value_140' <Predicate = (!icmp_ln371)> <Delay = 0.88> <CoreInst = "Adder">   --->   Core 1 'Adder' <Latency = 0> <II = 1> <Delay = 0.88> <FuncUnit> <Opcode : 'add' 'sub'> <InPorts = 2> <OutPorts = 1>
ST_13 : Operation 469 [1/1] (0.00ns)   --->   "%sext_ln523_5 = sext i20 %value_140" [include/fp_types_hls.hpp:523->../src/mpc_riccati_hls.cpp:508]   --->   Operation 469 'sext' 'sext_ln523_5' <Predicate = (!icmp_ln371)> <Delay = 0.00>
ST_13 : Operation 470 [1/1] ( I:1.23ns O:1.23ns )   --->   "%store_ln508 = store i32 %sext_ln523_5, i7 %step_data_2_addr_10" [../src/mpc_riccati_hls.cpp:508]   --->   Operation 470 'store' 'store_ln508' <Predicate = (!icmp_ln371)> <Delay = 1.23> <CoreInst = "RAM_2P_BRAM">   --->   Core 93 'RAM_2P_BRAM' <Latency = 1> <II = 1> <Delay = 1.23> <Storage> <Opcode : 'load' 'store'> <Ports = 2> <Width = 32> <Depth = 120> <RAM>
ST_13 : Operation 471 [1/1] (0.00ns)   --->   "%tmp_11 = partselect i15 @_ssdm_op_PartSelect.i15.i32.i32.i32, i32 %lin_vx_k_load, i32 17, i32 31" [../src/mpc_riccati_hls.cpp:514]   --->   Operation 471 'partselect' 'tmp_11' <Predicate = (!icmp_ln371)> <Delay = 0.00>
ST_13 : Operation 472 [1/1] (0.84ns)   --->   "%icmp_ln514 = icmp_slt  i15 %tmp_11, i15 1" [../src/mpc_riccati_hls.cpp:514]   --->   Operation 472 'icmp' 'icmp_ln514' <Predicate = (!icmp_ln371)> <Delay = 0.84> <CoreInst = "Cmp">   --->   Core 9 'Cmp' <Latency = 0> <II = 1> <Delay = 0.84> <FuncUnit> <Opcode : 'seteq' 'setne' 'setle' 'setge' 'setlt' 'setgt'> <InPorts = 2> <OutPorts = 1>
ST_13 : Operation 473 [1/1] (0.41ns)   --->   "%v_model_k = select i1 %icmp_ln514, i31 131072, i31 %trunc_ln371" [../src/mpc_riccati_hls.cpp:514]   --->   Operation 473 'select' 'v_model_k' <Predicate = (!icmp_ln371)> <Delay = 0.41> <CoreInst = "Sel">   --->   Core 73 'Sel' <Latency = 0> <II = 1> <Delay = 0.41> <FuncUnit> <Opcode : 'select'> <InPorts = 3> <OutPorts = 1>
ST_13 : Operation 474 [1/1] (0.00ns)   --->   "%zext_ln159 = zext i31 %v_model_k" [../src/fp_math_hls.cpp:159->../src/fp_math_hls.cpp:324->../src/mpc_riccati_hls.cpp:516]   --->   Operation 474 'zext' 'zext_ln159' <Predicate = (!icmp_ln371)> <Delay = 0.00>
ST_13 : Operation 475 [4/4] (2.20ns)   --->   "%product_207 = mul i49 %zext_ln159, i49 183500" [../src/fp_math_hls.cpp:159->../src/fp_math_hls.cpp:324->../src/mpc_riccati_hls.cpp:516]   --->   Operation 475 'mul' 'product_207' <Predicate = (!icmp_ln371)> <Delay = 2.20> <CoreInst = "Mul_DSP">   --->   Core 5 'Mul_DSP' <Latency = 3> <II = 1> <Delay = 2.20> <FuncUnit> <Opcode : 'mul'> <InPorts = 2> <OutPorts = 1>

State 14 <SV = 13> <Delay = 4.43>
ST_14 : Operation 476 [99/100] (4.43ns)   --->   "%call_ret = call i1280 @compute_frenet_AB_and_next_hls, i27 %trunc_ln371_5, i27 %trunc_ln371_4, i27 %trunc_ln371_3, i27 %trunc_ln371_2, i27 %trunc_ln371_1, i18 %value_139, i27 %tmp, i27 %trunc_ln523, i19 %recip_lut_fn, i18 %sin_lut_fn, i19 %cos_lut_fn, i18 %atan_lut_fn" [../src/mpc_riccati_hls.cpp:424]   --->   Operation 476 'call' 'call_ret' <Predicate = (!icmp_ln371)> <Delay = 4.43> <CoreType = "Generic">   --->   Generic Core
ST_14 : Operation 477 [3/4] (2.20ns)   --->   "%product_207 = mul i49 %zext_ln159, i49 183500" [../src/fp_math_hls.cpp:159->../src/fp_math_hls.cpp:324->../src/mpc_riccati_hls.cpp:516]   --->   Operation 477 'mul' 'product_207' <Predicate = (!icmp_ln371)> <Delay = 2.20> <CoreInst = "Mul_DSP">   --->   Core 5 'Mul_DSP' <Latency = 3> <II = 1> <Delay = 2.20> <FuncUnit> <Opcode : 'mul'> <InPorts = 2> <OutPorts = 1>

State 15 <SV = 14> <Delay = 4.43>
ST_15 : Operation 478 [98/100] (4.43ns)   --->   "%call_ret = call i1280 @compute_frenet_AB_and_next_hls, i27 %trunc_ln371_5, i27 %trunc_ln371_4, i27 %trunc_ln371_3, i27 %trunc_ln371_2, i27 %trunc_ln371_1, i18 %value_139, i27 %tmp, i27 %trunc_ln523, i19 %recip_lut_fn, i18 %sin_lut_fn, i19 %cos_lut_fn, i18 %atan_lut_fn" [../src/mpc_riccati_hls.cpp:424]   --->   Operation 478 'call' 'call_ret' <Predicate = (!icmp_ln371)> <Delay = 4.43> <CoreType = "Generic">   --->   Generic Core
ST_15 : Operation 479 [2/4] (2.20ns)   --->   "%product_207 = mul i49 %zext_ln159, i49 183500" [../src/fp_math_hls.cpp:159->../src/fp_math_hls.cpp:324->../src/mpc_riccati_hls.cpp:516]   --->   Operation 479 'mul' 'product_207' <Predicate = (!icmp_ln371)> <Delay = 2.20> <CoreInst = "Mul_DSP">   --->   Core 5 'Mul_DSP' <Latency = 3> <II = 1> <Delay = 2.20> <FuncUnit> <Opcode : 'mul'> <InPorts = 2> <OutPorts = 1>

State 16 <SV = 15> <Delay = 4.48>
ST_16 : Operation 480 [97/100] (4.43ns)   --->   "%call_ret = call i1280 @compute_frenet_AB_and_next_hls, i27 %trunc_ln371_5, i27 %trunc_ln371_4, i27 %trunc_ln371_3, i27 %trunc_ln371_2, i27 %trunc_ln371_1, i18 %value_139, i27 %tmp, i27 %trunc_ln523, i19 %recip_lut_fn, i18 %sin_lut_fn, i19 %cos_lut_fn, i18 %atan_lut_fn" [../src/mpc_riccati_hls.cpp:424]   --->   Operation 480 'call' 'call_ret' <Predicate = (!icmp_ln371)> <Delay = 4.43> <CoreType = "Generic">   --->   Generic Core
ST_16 : Operation 481 [1/4] (2.20ns)   --->   "%product_207 = mul i49 %zext_ln159, i49 183500" [../src/fp_math_hls.cpp:159->../src/fp_math_hls.cpp:324->../src/mpc_riccati_hls.cpp:516]   --->   Operation 481 'mul' 'product_207' <Predicate = (!icmp_ln371)> <Delay = 2.20> <CoreInst = "Mul_DSP">   --->   Core 5 'Mul_DSP' <Latency = 3> <II = 1> <Delay = 2.20> <FuncUnit> <Opcode : 'mul'> <InPorts = 2> <OutPorts = 1>
ST_16 : Operation 482 [1/1] (0.00ns)   --->   "%specfucore_ln160 = specfucore void @_ssdm_op_SpecFUCore, i49 %product_207, i64 12, i64 3, i64 3, i1 0" [../src/fp_math_hls.cpp:160->../src/fp_math_hls.cpp:324->../src/mpc_riccati_hls.cpp:516]   --->   Operation 482 'specfucore' 'specfucore_ln160' <Predicate = (!icmp_ln371)> <Delay = 0.00>
ST_16 : Operation 483 [1/1] (0.00ns)   --->   "%tmp_6 = partselect i31 @_ssdm_op_PartSelect.i31.i49.i32.i32, i49 %product_207, i32 18, i32 48" [include/fp_types_hls.hpp:650->../src/fp_math_hls.cpp:326->../src/mpc_riccati_hls.cpp:516]   --->   Operation 483 'partselect' 'tmp_6' <Predicate = (!icmp_ln371)> <Delay = 0.00>
ST_16 : Operation 484 [1/1] (0.00ns)   --->   "%zext_ln650 = zext i31 %tmp_6" [include/fp_types_hls.hpp:650->../src/fp_math_hls.cpp:326->../src/mpc_riccati_hls.cpp:516]   --->   Operation 484 'zext' 'zext_ln650' <Predicate = (!icmp_ln371)> <Delay = 0.00>
ST_16 : Operation 485 [1/1] (1.01ns)   --->   "%v_for_limit = add i32 %product_q_9, i32 %zext_ln650" [../src/mpc_riccati_hls.cpp:517]   --->   Operation 485 'add' 'v_for_limit' <Predicate = (!icmp_ln371)> <Delay = 1.01> <CoreInst = "Adder">   --->   Core 1 'Adder' <Latency = 0> <II = 1> <Delay = 1.01> <FuncUnit> <Opcode : 'add' 'sub'> <InPorts = 2> <OutPorts = 1>
ST_16 : Operation 486 [1/1] (0.00ns)   --->   "%trunc_ln515 = trunc i32 %v_for_limit" [../src/mpc_riccati_hls.cpp:515]   --->   Operation 486 'trunc' 'trunc_ln515' <Predicate = (!icmp_ln371)> <Delay = 0.00>
ST_16 : Operation 487 [1/1] (0.00ns)   --->   "%tmp_12 = partselect i15 @_ssdm_op_PartSelect.i15.i32.i32.i32, i32 %v_for_limit, i32 17, i32 31" [../src/mpc_riccati_hls.cpp:520]   --->   Operation 487 'partselect' 'tmp_12' <Predicate = (!icmp_ln371)> <Delay = 0.00>
ST_16 : Operation 488 [1/1] (0.84ns)   --->   "%icmp_ln520 = icmp_slt  i15 %tmp_12, i15 1" [../src/mpc_riccati_hls.cpp:520]   --->   Operation 488 'icmp' 'icmp_ln520' <Predicate = (!icmp_ln371)> <Delay = 0.84> <CoreInst = "Cmp">   --->   Core 9 'Cmp' <Latency = 0> <II = 1> <Delay = 0.84> <FuncUnit> <Opcode : 'seteq' 'setne' 'setle' 'setge' 'setlt' 'setgt'> <InPorts = 2> <OutPorts = 1>
ST_16 : Operation 489 [1/1] (0.41ns)   --->   "%v_for_limit_1 = select i1 %icmp_ln520, i31 131072, i31 %trunc_ln515" [../src/mpc_riccati_hls.cpp:520]   --->   Operation 489 'select' 'v_for_limit_1' <Predicate = (!icmp_ln371)> <Delay = 0.41> <CoreInst = "Sel">   --->   Core 73 'Sel' <Latency = 0> <II = 1> <Delay = 0.41> <FuncUnit> <Opcode : 'select'> <InPorts = 3> <OutPorts = 1>

State 17 <SV = 16> <Delay = 4.43>
ST_17 : Operation 490 [96/100] (4.43ns)   --->   "%call_ret = call i1280 @compute_frenet_AB_and_next_hls, i27 %trunc_ln371_5, i27 %trunc_ln371_4, i27 %trunc_ln371_3, i27 %trunc_ln371_2, i27 %trunc_ln371_1, i18 %value_139, i27 %tmp, i27 %trunc_ln523, i19 %recip_lut_fn, i18 %sin_lut_fn, i19 %cos_lut_fn, i18 %atan_lut_fn" [../src/mpc_riccati_hls.cpp:424]   --->   Operation 490 'call' 'call_ret' <Predicate = (!icmp_ln371)> <Delay = 4.43> <CoreType = "Generic">   --->   Generic Core
ST_17 : Operation 491 [1/1] (0.00ns)   --->   "%zext_ln515 = zext i31 %v_for_limit_1" [../src/mpc_riccati_hls.cpp:515]   --->   Operation 491 'zext' 'zext_ln515' <Predicate = (!icmp_ln371)> <Delay = 0.00>
ST_17 : Operation 492 [1/1] (1.00ns)   --->   "%icmp_ln524 = icmp_ugt  i31 %v_for_limit_1, i31 1918631" [../src/mpc_riccati_hls.cpp:524]   --->   Operation 492 'icmp' 'icmp_ln524' <Predicate = (!icmp_ln371)> <Delay = 1.00> <CoreInst = "Cmp">   --->   Core 9 'Cmp' <Latency = 0> <II = 1> <Delay = 1.00> <FuncUnit> <Opcode : 'seteq' 'setne' 'setle' 'setge' 'setlt' 'setgt'> <InPorts = 2> <OutPorts = 1>
ST_17 : Operation 493 [1/1] (0.42ns)   --->   "%br_ln524 = br i1 %icmp_ln524, void %for.inc317, void %fpga_resource_hint.if.then300.120" [../src/mpc_riccati_hls.cpp:524]   --->   Operation 493 'br' 'br_ln524' <Predicate = (!icmp_ln371)> <Delay = 0.42>
ST_17 : Operation 494 [8/8] (2.85ns)   --->   "%value_141 = call i27 @fp_recip, i32 %zext_ln515, i20 %recip_lut" [../src/mpc_riccati_hls.cpp:525]   --->   Operation 494 'call' 'value_141' <Predicate = (!icmp_ln371 & icmp_ln524)> <Delay = 2.85> <CoreType = "Generic">   --->   Generic Core
ST_17 : Operation 495 [1/1] (0.42ns)   --->   "%br_ln529 = br void %for.inc317" [../src/mpc_riccati_hls.cpp:529]   --->   Operation 495 'br' 'br_ln529' <Predicate = (!icmp_ln371 & icmp_ln524)> <Delay = 0.42>

State 18 <SV = 17> <Delay = 4.43>
ST_18 : Operation 496 [95/100] (4.43ns)   --->   "%call_ret = call i1280 @compute_frenet_AB_and_next_hls, i27 %trunc_ln371_5, i27 %trunc_ln371_4, i27 %trunc_ln371_3, i27 %trunc_ln371_2, i27 %trunc_ln371_1, i18 %value_139, i27 %tmp, i27 %trunc_ln523, i19 %recip_lut_fn, i18 %sin_lut_fn, i19 %cos_lut_fn, i18 %atan_lut_fn" [../src/mpc_riccati_hls.cpp:424]   --->   Operation 496 'call' 'call_ret' <Predicate = (!icmp_ln371)> <Delay = 4.43> <CoreType = "Generic">   --->   Generic Core
ST_18 : Operation 497 [7/8] (4.22ns)   --->   "%value_141 = call i27 @fp_recip, i32 %zext_ln515, i20 %recip_lut" [../src/mpc_riccati_hls.cpp:525]   --->   Operation 497 'call' 'value_141' <Predicate = (!icmp_ln371 & icmp_ln524)> <Delay = 4.22> <CoreType = "Generic">   --->   Generic Core

State 19 <SV = 18> <Delay = 4.43>
ST_19 : Operation 498 [94/100] (4.43ns)   --->   "%call_ret = call i1280 @compute_frenet_AB_and_next_hls, i27 %trunc_ln371_5, i27 %trunc_ln371_4, i27 %trunc_ln371_3, i27 %trunc_ln371_2, i27 %trunc_ln371_1, i18 %value_139, i27 %tmp, i27 %trunc_ln523, i19 %recip_lut_fn, i18 %sin_lut_fn, i19 %cos_lut_fn, i18 %atan_lut_fn" [../src/mpc_riccati_hls.cpp:424]   --->   Operation 498 'call' 'call_ret' <Predicate = (!icmp_ln371)> <Delay = 4.43> <CoreType = "Generic">   --->   Generic Core
ST_19 : Operation 499 [6/8] (4.22ns)   --->   "%value_141 = call i27 @fp_recip, i32 %zext_ln515, i20 %recip_lut" [../src/mpc_riccati_hls.cpp:525]   --->   Operation 499 'call' 'value_141' <Predicate = (!icmp_ln371 & icmp_ln524)> <Delay = 4.22> <CoreType = "Generic">   --->   Generic Core

State 20 <SV = 19> <Delay = 4.43>
ST_20 : Operation 500 [93/100] (4.43ns)   --->   "%call_ret = call i1280 @compute_frenet_AB_and_next_hls, i27 %trunc_ln371_5, i27 %trunc_ln371_4, i27 %trunc_ln371_3, i27 %trunc_ln371_2, i27 %trunc_ln371_1, i18 %value_139, i27 %tmp, i27 %trunc_ln523, i19 %recip_lut_fn, i18 %sin_lut_fn, i19 %cos_lut_fn, i18 %atan_lut_fn" [../src/mpc_riccati_hls.cpp:424]   --->   Operation 500 'call' 'call_ret' <Predicate = (!icmp_ln371)> <Delay = 4.43> <CoreType = "Generic">   --->   Generic Core
ST_20 : Operation 501 [5/8] (4.22ns)   --->   "%value_141 = call i27 @fp_recip, i32 %zext_ln515, i20 %recip_lut" [../src/mpc_riccati_hls.cpp:525]   --->   Operation 501 'call' 'value_141' <Predicate = (!icmp_ln371 & icmp_ln524)> <Delay = 4.22> <CoreType = "Generic">   --->   Generic Core

State 21 <SV = 20> <Delay = 4.43>
ST_21 : Operation 502 [92/100] (4.43ns)   --->   "%call_ret = call i1280 @compute_frenet_AB_and_next_hls, i27 %trunc_ln371_5, i27 %trunc_ln371_4, i27 %trunc_ln371_3, i27 %trunc_ln371_2, i27 %trunc_ln371_1, i18 %value_139, i27 %tmp, i27 %trunc_ln523, i19 %recip_lut_fn, i18 %sin_lut_fn, i19 %cos_lut_fn, i18 %atan_lut_fn" [../src/mpc_riccati_hls.cpp:424]   --->   Operation 502 'call' 'call_ret' <Predicate = (!icmp_ln371)> <Delay = 4.43> <CoreType = "Generic">   --->   Generic Core
ST_21 : Operation 503 [4/8] (4.22ns)   --->   "%value_141 = call i27 @fp_recip, i32 %zext_ln515, i20 %recip_lut" [../src/mpc_riccati_hls.cpp:525]   --->   Operation 503 'call' 'value_141' <Predicate = (!icmp_ln371 & icmp_ln524)> <Delay = 4.22> <CoreType = "Generic">   --->   Generic Core

State 22 <SV = 21> <Delay = 4.43>
ST_22 : Operation 504 [91/100] (4.43ns)   --->   "%call_ret = call i1280 @compute_frenet_AB_and_next_hls, i27 %trunc_ln371_5, i27 %trunc_ln371_4, i27 %trunc_ln371_3, i27 %trunc_ln371_2, i27 %trunc_ln371_1, i18 %value_139, i27 %tmp, i27 %trunc_ln523, i19 %recip_lut_fn, i18 %sin_lut_fn, i19 %cos_lut_fn, i18 %atan_lut_fn" [../src/mpc_riccati_hls.cpp:424]   --->   Operation 504 'call' 'call_ret' <Predicate = (!icmp_ln371)> <Delay = 4.43> <CoreType = "Generic">   --->   Generic Core
ST_22 : Operation 505 [3/8] (4.22ns)   --->   "%value_141 = call i27 @fp_recip, i32 %zext_ln515, i20 %recip_lut" [../src/mpc_riccati_hls.cpp:525]   --->   Operation 505 'call' 'value_141' <Predicate = (!icmp_ln371 & icmp_ln524)> <Delay = 4.22> <CoreType = "Generic">   --->   Generic Core

State 23 <SV = 22> <Delay = 4.43>
ST_23 : Operation 506 [90/100] (4.43ns)   --->   "%call_ret = call i1280 @compute_frenet_AB_and_next_hls, i27 %trunc_ln371_5, i27 %trunc_ln371_4, i27 %trunc_ln371_3, i27 %trunc_ln371_2, i27 %trunc_ln371_1, i18 %value_139, i27 %tmp, i27 %trunc_ln523, i19 %recip_lut_fn, i18 %sin_lut_fn, i19 %cos_lut_fn, i18 %atan_lut_fn" [../src/mpc_riccati_hls.cpp:424]   --->   Operation 506 'call' 'call_ret' <Predicate = (!icmp_ln371)> <Delay = 4.43> <CoreType = "Generic">   --->   Generic Core
ST_23 : Operation 507 [2/8] (4.22ns)   --->   "%value_141 = call i27 @fp_recip, i32 %zext_ln515, i20 %recip_lut" [../src/mpc_riccati_hls.cpp:525]   --->   Operation 507 'call' 'value_141' <Predicate = (!icmp_ln371 & icmp_ln524)> <Delay = 4.22> <CoreType = "Generic">   --->   Generic Core

State 24 <SV = 23> <Delay = 4.43>
ST_24 : Operation 508 [89/100] (4.43ns)   --->   "%call_ret = call i1280 @compute_frenet_AB_and_next_hls, i27 %trunc_ln371_5, i27 %trunc_ln371_4, i27 %trunc_ln371_3, i27 %trunc_ln371_2, i27 %trunc_ln371_1, i18 %value_139, i27 %tmp, i27 %trunc_ln523, i19 %recip_lut_fn, i18 %sin_lut_fn, i19 %cos_lut_fn, i18 %atan_lut_fn" [../src/mpc_riccati_hls.cpp:424]   --->   Operation 508 'call' 'call_ret' <Predicate = (!icmp_ln371)> <Delay = 4.43> <CoreType = "Generic">   --->   Generic Core
ST_24 : Operation 509 [1/8] (3.84ns)   --->   "%value_141 = call i27 @fp_recip, i32 %zext_ln515, i20 %recip_lut" [../src/mpc_riccati_hls.cpp:525]   --->   Operation 509 'call' 'value_141' <Predicate = (!icmp_ln371 & icmp_ln524)> <Delay = 3.84> <CoreType = "Generic">   --->   Generic Core

State 25 <SV = 24> <Delay = 4.43>
ST_25 : Operation 510 [88/100] (4.43ns)   --->   "%call_ret = call i1280 @compute_frenet_AB_and_next_hls, i27 %trunc_ln371_5, i27 %trunc_ln371_4, i27 %trunc_ln371_3, i27 %trunc_ln371_2, i27 %trunc_ln371_1, i18 %value_139, i27 %tmp, i27 %trunc_ln523, i19 %recip_lut_fn, i18 %sin_lut_fn, i19 %cos_lut_fn, i18 %atan_lut_fn" [../src/mpc_riccati_hls.cpp:424]   --->   Operation 510 'call' 'call_ret' <Predicate = (!icmp_ln371)> <Delay = 4.43> <CoreType = "Generic">   --->   Generic Core
ST_25 : Operation 511 [1/1] (0.00ns)   --->   "%sext_ln159_23 = sext i27 %value_141" [../src/fp_math_hls.cpp:159->../src/fp_math_hls.cpp:324->../src/mpc_riccati_hls.cpp:525]   --->   Operation 511 'sext' 'sext_ln159_23' <Predicate = (!icmp_ln371 & icmp_ln524)> <Delay = 0.00>
ST_25 : Operation 512 [4/4] (1.86ns)   --->   "%product_209 = mul i49 %sext_ln159_23, i49 1918631" [../src/fp_math_hls.cpp:159->../src/fp_math_hls.cpp:324->../src/mpc_riccati_hls.cpp:525]   --->   Operation 512 'mul' 'product_209' <Predicate = (!icmp_ln371 & icmp_ln524)> <Delay = 1.86> <CoreInst = "Mul_DSP">   --->   Core 5 'Mul_DSP' <Latency = 3> <II = 1> <Delay = 1.86> <FuncUnit> <Opcode : 'mul'> <InPorts = 2> <OutPorts = 1>

State 26 <SV = 25> <Delay = 4.43>
ST_26 : Operation 513 [87/100] (4.43ns)   --->   "%call_ret = call i1280 @compute_frenet_AB_and_next_hls, i27 %trunc_ln371_5, i27 %trunc_ln371_4, i27 %trunc_ln371_3, i27 %trunc_ln371_2, i27 %trunc_ln371_1, i18 %value_139, i27 %tmp, i27 %trunc_ln523, i19 %recip_lut_fn, i18 %sin_lut_fn, i19 %cos_lut_fn, i18 %atan_lut_fn" [../src/mpc_riccati_hls.cpp:424]   --->   Operation 513 'call' 'call_ret' <Predicate = (!icmp_ln371)> <Delay = 4.43> <CoreType = "Generic">   --->   Generic Core
ST_26 : Operation 514 [3/4] (1.86ns)   --->   "%product_209 = mul i49 %sext_ln159_23, i49 1918631" [../src/fp_math_hls.cpp:159->../src/fp_math_hls.cpp:324->../src/mpc_riccati_hls.cpp:525]   --->   Operation 514 'mul' 'product_209' <Predicate = (!icmp_ln371 & icmp_ln524)> <Delay = 1.86> <CoreInst = "Mul_DSP">   --->   Core 5 'Mul_DSP' <Latency = 3> <II = 1> <Delay = 1.86> <FuncUnit> <Opcode : 'mul'> <InPorts = 2> <OutPorts = 1>

State 27 <SV = 26> <Delay = 4.43>
ST_27 : Operation 515 [86/100] (4.43ns)   --->   "%call_ret = call i1280 @compute_frenet_AB_and_next_hls, i27 %trunc_ln371_5, i27 %trunc_ln371_4, i27 %trunc_ln371_3, i27 %trunc_ln371_2, i27 %trunc_ln371_1, i18 %value_139, i27 %tmp, i27 %trunc_ln523, i19 %recip_lut_fn, i18 %sin_lut_fn, i19 %cos_lut_fn, i18 %atan_lut_fn" [../src/mpc_riccati_hls.cpp:424]   --->   Operation 515 'call' 'call_ret' <Predicate = (!icmp_ln371)> <Delay = 4.43> <CoreType = "Generic">   --->   Generic Core
ST_27 : Operation 516 [2/4] (1.86ns)   --->   "%product_209 = mul i49 %sext_ln159_23, i49 1918631" [../src/fp_math_hls.cpp:159->../src/fp_math_hls.cpp:324->../src/mpc_riccati_hls.cpp:525]   --->   Operation 516 'mul' 'product_209' <Predicate = (!icmp_ln371 & icmp_ln524)> <Delay = 1.86> <CoreInst = "Mul_DSP">   --->   Core 5 'Mul_DSP' <Latency = 3> <II = 1> <Delay = 1.86> <FuncUnit> <Opcode : 'mul'> <InPorts = 2> <OutPorts = 1>

State 28 <SV = 27> <Delay = 4.43>
ST_28 : Operation 517 [85/100] (4.43ns)   --->   "%call_ret = call i1280 @compute_frenet_AB_and_next_hls, i27 %trunc_ln371_5, i27 %trunc_ln371_4, i27 %trunc_ln371_3, i27 %trunc_ln371_2, i27 %trunc_ln371_1, i18 %value_139, i27 %tmp, i27 %trunc_ln523, i19 %recip_lut_fn, i18 %sin_lut_fn, i19 %cos_lut_fn, i18 %atan_lut_fn" [../src/mpc_riccati_hls.cpp:424]   --->   Operation 517 'call' 'call_ret' <Predicate = (!icmp_ln371)> <Delay = 4.43> <CoreType = "Generic">   --->   Generic Core
ST_28 : Operation 518 [1/4] (1.86ns)   --->   "%product_209 = mul i49 %sext_ln159_23, i49 1918631" [../src/fp_math_hls.cpp:159->../src/fp_math_hls.cpp:324->../src/mpc_riccati_hls.cpp:525]   --->   Operation 518 'mul' 'product_209' <Predicate = (!icmp_ln371 & icmp_ln524)> <Delay = 1.86> <CoreInst = "Mul_DSP">   --->   Core 5 'Mul_DSP' <Latency = 3> <II = 1> <Delay = 1.86> <FuncUnit> <Opcode : 'mul'> <InPorts = 2> <OutPorts = 1>
ST_28 : Operation 519 [1/1] (0.00ns)   --->   "%specfucore_ln160 = specfucore void @_ssdm_op_SpecFUCore, i49 %product_209, i64 12, i64 3, i64 3, i1 0" [../src/fp_math_hls.cpp:160->../src/fp_math_hls.cpp:324->../src/mpc_riccati_hls.cpp:525]   --->   Operation 519 'specfucore' 'specfucore_ln160' <Predicate = (!icmp_ln371 & icmp_ln524)> <Delay = 0.00>
ST_28 : Operation 520 [1/1] (0.00ns)   --->   "%trunc_ln650_s = partselect i31 @_ssdm_op_PartSelect.i31.i49.i32.i32, i49 %product_209, i32 18, i32 48" [include/fp_types_hls.hpp:650->../src/fp_math_hls.cpp:326->../src/mpc_riccati_hls.cpp:525]   --->   Operation 520 'partselect' 'trunc_ln650_s' <Predicate = (!icmp_ln371 & icmp_ln524)> <Delay = 0.00>
ST_28 : Operation 521 [1/1] (0.00ns)   --->   "%sext_ln159_24 = sext i31 %trunc_ln650_s" [../src/fp_math_hls.cpp:159->../src/fp_math_hls.cpp:324->../src/mpc_riccati_hls.cpp:528]   --->   Operation 521 'sext' 'sext_ln159_24' <Predicate = (!icmp_ln371 & icmp_ln524)> <Delay = 0.00>
ST_28 : Operation 522 [4/4] (2.20ns)   --->   "%product_210 = mul i50 %sext_ln159_24, i50 1851568" [../src/fp_math_hls.cpp:159->../src/fp_math_hls.cpp:324->../src/mpc_riccati_hls.cpp:528]   --->   Operation 522 'mul' 'product_210' <Predicate = (!icmp_ln371 & icmp_ln524)> <Delay = 2.20> <CoreInst = "Mul_DSP">   --->   Core 5 'Mul_DSP' <Latency = 3> <II = 1> <Delay = 2.20> <FuncUnit> <Opcode : 'mul'> <InPorts = 2> <OutPorts = 1>

State 29 <SV = 28> <Delay = 4.43>
ST_29 : Operation 523 [84/100] (4.43ns)   --->   "%call_ret = call i1280 @compute_frenet_AB_and_next_hls, i27 %trunc_ln371_5, i27 %trunc_ln371_4, i27 %trunc_ln371_3, i27 %trunc_ln371_2, i27 %trunc_ln371_1, i18 %value_139, i27 %tmp, i27 %trunc_ln523, i19 %recip_lut_fn, i18 %sin_lut_fn, i19 %cos_lut_fn, i18 %atan_lut_fn" [../src/mpc_riccati_hls.cpp:424]   --->   Operation 523 'call' 'call_ret' <Predicate = (!icmp_ln371)> <Delay = 4.43> <CoreType = "Generic">   --->   Generic Core
ST_29 : Operation 524 [3/4] (2.20ns)   --->   "%product_210 = mul i50 %sext_ln159_24, i50 1851568" [../src/fp_math_hls.cpp:159->../src/fp_math_hls.cpp:324->../src/mpc_riccati_hls.cpp:528]   --->   Operation 524 'mul' 'product_210' <Predicate = (!icmp_ln371 & icmp_ln524)> <Delay = 2.20> <CoreInst = "Mul_DSP">   --->   Core 5 'Mul_DSP' <Latency = 3> <II = 1> <Delay = 2.20> <FuncUnit> <Opcode : 'mul'> <InPorts = 2> <OutPorts = 1>

State 30 <SV = 29> <Delay = 4.43>
ST_30 : Operation 525 [83/100] (4.43ns)   --->   "%call_ret = call i1280 @compute_frenet_AB_and_next_hls, i27 %trunc_ln371_5, i27 %trunc_ln371_4, i27 %trunc_ln371_3, i27 %trunc_ln371_2, i27 %trunc_ln371_1, i18 %value_139, i27 %tmp, i27 %trunc_ln523, i19 %recip_lut_fn, i18 %sin_lut_fn, i19 %cos_lut_fn, i18 %atan_lut_fn" [../src/mpc_riccati_hls.cpp:424]   --->   Operation 525 'call' 'call_ret' <Predicate = (!icmp_ln371)> <Delay = 4.43> <CoreType = "Generic">   --->   Generic Core
ST_30 : Operation 526 [2/4] (2.20ns)   --->   "%product_210 = mul i50 %sext_ln159_24, i50 1851568" [../src/fp_math_hls.cpp:159->../src/fp_math_hls.cpp:324->../src/mpc_riccati_hls.cpp:528]   --->   Operation 526 'mul' 'product_210' <Predicate = (!icmp_ln371 & icmp_ln524)> <Delay = 2.20> <CoreInst = "Mul_DSP">   --->   Core 5 'Mul_DSP' <Latency = 3> <II = 1> <Delay = 2.20> <FuncUnit> <Opcode : 'mul'> <InPorts = 2> <OutPorts = 1>

State 31 <SV = 30> <Delay = 4.43>
ST_31 : Operation 527 [1/1] (0.00ns)   --->   "%step_data_5_addr = getelementptr i32 %step_data_5, i64 0, i64 %zext_ln371" [../src/mpc_riccati_hls.cpp:375]   --->   Operation 527 'getelementptr' 'step_data_5_addr' <Predicate = (!icmp_ln371)> <Delay = 0.00>
ST_31 : Operation 528 [82/100] (4.43ns)   --->   "%call_ret = call i1280 @compute_frenet_AB_and_next_hls, i27 %trunc_ln371_5, i27 %trunc_ln371_4, i27 %trunc_ln371_3, i27 %trunc_ln371_2, i27 %trunc_ln371_1, i18 %value_139, i27 %tmp, i27 %trunc_ln523, i19 %recip_lut_fn, i18 %sin_lut_fn, i19 %cos_lut_fn, i18 %atan_lut_fn" [../src/mpc_riccati_hls.cpp:424]   --->   Operation 528 'call' 'call_ret' <Predicate = (!icmp_ln371)> <Delay = 4.43> <CoreType = "Generic">   --->   Generic Core
ST_31 : Operation 529 [1/1] (0.00ns)   --->   "%rbegin56 = specregionbegin i32 @_ssdm_op_SpecRegionBegin, void @empty_114" [../src/fp_math_hls.cpp:159->../src/fp_math_hls.cpp:324->../src/mpc_riccati_hls.cpp:525]   --->   Operation 529 'specregionbegin' 'rbegin56' <Predicate = (!icmp_ln371 & icmp_ln524)> <Delay = 0.00>
ST_31 : Operation 530 [1/1] (0.00ns)   --->   "%rend57 = specregionend i32 @_ssdm_op_SpecRegionEnd, void @empty_114, i32 %rbegin56" [../src/fp_math_hls.cpp:159->../src/fp_math_hls.cpp:324->../src/mpc_riccati_hls.cpp:525]   --->   Operation 530 'specregionend' 'rend57' <Predicate = (!icmp_ln371 & icmp_ln524)> <Delay = 0.00>
ST_31 : Operation 531 [1/1] (0.00ns)   --->   "%rbegin54 = specregionbegin i32 @_ssdm_op_SpecRegionBegin, void @empty_113" [../src/fp_math_hls.cpp:159->../src/fp_math_hls.cpp:324->../src/mpc_riccati_hls.cpp:528]   --->   Operation 531 'specregionbegin' 'rbegin54' <Predicate = (!icmp_ln371 & icmp_ln524)> <Delay = 0.00>
ST_31 : Operation 532 [1/4] (2.20ns)   --->   "%product_210 = mul i50 %sext_ln159_24, i50 1851568" [../src/fp_math_hls.cpp:159->../src/fp_math_hls.cpp:324->../src/mpc_riccati_hls.cpp:528]   --->   Operation 532 'mul' 'product_210' <Predicate = (!icmp_ln371 & icmp_ln524)> <Delay = 2.20> <CoreInst = "Mul_DSP">   --->   Core 5 'Mul_DSP' <Latency = 3> <II = 1> <Delay = 2.20> <FuncUnit> <Opcode : 'mul'> <InPorts = 2> <OutPorts = 1>
ST_31 : Operation 533 [1/1] (0.00ns)   --->   "%specfucore_ln160 = specfucore void @_ssdm_op_SpecFUCore, i50 %product_210, i64 12, i64 3, i64 3, i1 0" [../src/fp_math_hls.cpp:160->../src/fp_math_hls.cpp:324->../src/mpc_riccati_hls.cpp:528]   --->   Operation 533 'specfucore' 'specfucore_ln160' <Predicate = (!icmp_ln371 & icmp_ln524)> <Delay = 0.00>
ST_31 : Operation 534 [1/1] (0.00ns)   --->   "%rend55 = specregionend i32 @_ssdm_op_SpecRegionEnd, void @empty_113, i32 %rbegin54" [../src/fp_math_hls.cpp:159->../src/fp_math_hls.cpp:324->../src/mpc_riccati_hls.cpp:528]   --->   Operation 534 'specregionend' 'rend55' <Predicate = (!icmp_ln371 & icmp_ln524)> <Delay = 0.00>
ST_31 : Operation 535 [1/1] (0.00ns)   --->   "%product_q_10 = partselect i32 @_ssdm_op_PartSelect.i32.i50.i32.i32, i50 %product_210, i32 18, i32 49" [include/fp_types_hls.hpp:650->../src/fp_math_hls.cpp:326->../src/mpc_riccati_hls.cpp:528]   --->   Operation 535 'partselect' 'product_q_10' <Predicate = (!icmp_ln371 & icmp_ln524)> <Delay = 0.00>
ST_31 : Operation 536 [1/1] (0.00ns)   --->   "%storemerge260 = phi i32 %product_q_10, void %fpga_resource_hint.if.then300.120, i32 1851568, void %fpga_resource_hint.for.body28.131"   --->   Operation 536 'phi' 'storemerge260' <Predicate = (!icmp_ln371)> <Delay = 0.00>
ST_31 : Operation 537 [1/1] ( I:1.23ns O:1.23ns )   --->   "%store_ln650 = store i32 %storemerge260, i5 %step_data_5_addr" [include/fp_types_hls.hpp:650->../src/fp_math_hls.cpp:326->../src/mpc_riccati_hls.cpp:528]   --->   Operation 537 'store' 'store_ln650' <Predicate = (!icmp_ln371)> <Delay = 1.23> <CoreInst = "RAM_2P_BRAM">   --->   Core 93 'RAM_2P_BRAM' <Latency = 1> <II = 1> <Delay = 1.23> <Storage> <Opcode : 'load' 'store'> <Ports = 2> <Width = 32> <Depth = 20> <RAM>

State 32 <SV = 31> <Delay = 4.43>
ST_32 : Operation 538 [81/100] (4.43ns)   --->   "%call_ret = call i1280 @compute_frenet_AB_and_next_hls, i27 %trunc_ln371_5, i27 %trunc_ln371_4, i27 %trunc_ln371_3, i27 %trunc_ln371_2, i27 %trunc_ln371_1, i18 %value_139, i27 %tmp, i27 %trunc_ln523, i19 %recip_lut_fn, i18 %sin_lut_fn, i19 %cos_lut_fn, i18 %atan_lut_fn" [../src/mpc_riccati_hls.cpp:424]   --->   Operation 538 'call' 'call_ret' <Predicate = (!icmp_ln371)> <Delay = 4.43> <CoreType = "Generic">   --->   Generic Core

State 33 <SV = 32> <Delay = 4.43>
ST_33 : Operation 539 [80/100] (4.43ns)   --->   "%call_ret = call i1280 @compute_frenet_AB_and_next_hls, i27 %trunc_ln371_5, i27 %trunc_ln371_4, i27 %trunc_ln371_3, i27 %trunc_ln371_2, i27 %trunc_ln371_1, i18 %value_139, i27 %tmp, i27 %trunc_ln523, i19 %recip_lut_fn, i18 %sin_lut_fn, i19 %cos_lut_fn, i18 %atan_lut_fn" [../src/mpc_riccati_hls.cpp:424]   --->   Operation 539 'call' 'call_ret' <Predicate = (!icmp_ln371)> <Delay = 4.43> <CoreType = "Generic">   --->   Generic Core

State 34 <SV = 33> <Delay = 4.43>
ST_34 : Operation 540 [79/100] (4.43ns)   --->   "%call_ret = call i1280 @compute_frenet_AB_and_next_hls, i27 %trunc_ln371_5, i27 %trunc_ln371_4, i27 %trunc_ln371_3, i27 %trunc_ln371_2, i27 %trunc_ln371_1, i18 %value_139, i27 %tmp, i27 %trunc_ln523, i19 %recip_lut_fn, i18 %sin_lut_fn, i19 %cos_lut_fn, i18 %atan_lut_fn" [../src/mpc_riccati_hls.cpp:424]   --->   Operation 540 'call' 'call_ret' <Predicate = (!icmp_ln371)> <Delay = 4.43> <CoreType = "Generic">   --->   Generic Core

State 35 <SV = 34> <Delay = 4.43>
ST_35 : Operation 541 [78/100] (4.43ns)   --->   "%call_ret = call i1280 @compute_frenet_AB_and_next_hls, i27 %trunc_ln371_5, i27 %trunc_ln371_4, i27 %trunc_ln371_3, i27 %trunc_ln371_2, i27 %trunc_ln371_1, i18 %value_139, i27 %tmp, i27 %trunc_ln523, i19 %recip_lut_fn, i18 %sin_lut_fn, i19 %cos_lut_fn, i18 %atan_lut_fn" [../src/mpc_riccati_hls.cpp:424]   --->   Operation 541 'call' 'call_ret' <Predicate = (!icmp_ln371)> <Delay = 4.43> <CoreType = "Generic">   --->   Generic Core

State 36 <SV = 35> <Delay = 4.43>
ST_36 : Operation 542 [77/100] (4.43ns)   --->   "%call_ret = call i1280 @compute_frenet_AB_and_next_hls, i27 %trunc_ln371_5, i27 %trunc_ln371_4, i27 %trunc_ln371_3, i27 %trunc_ln371_2, i27 %trunc_ln371_1, i18 %value_139, i27 %tmp, i27 %trunc_ln523, i19 %recip_lut_fn, i18 %sin_lut_fn, i19 %cos_lut_fn, i18 %atan_lut_fn" [../src/mpc_riccati_hls.cpp:424]   --->   Operation 542 'call' 'call_ret' <Predicate = (!icmp_ln371)> <Delay = 4.43> <CoreType = "Generic">   --->   Generic Core

State 37 <SV = 36> <Delay = 4.43>
ST_37 : Operation 543 [76/100] (4.43ns)   --->   "%call_ret = call i1280 @compute_frenet_AB_and_next_hls, i27 %trunc_ln371_5, i27 %trunc_ln371_4, i27 %trunc_ln371_3, i27 %trunc_ln371_2, i27 %trunc_ln371_1, i18 %value_139, i27 %tmp, i27 %trunc_ln523, i19 %recip_lut_fn, i18 %sin_lut_fn, i19 %cos_lut_fn, i18 %atan_lut_fn" [../src/mpc_riccati_hls.cpp:424]   --->   Operation 543 'call' 'call_ret' <Predicate = (!icmp_ln371)> <Delay = 4.43> <CoreType = "Generic">   --->   Generic Core

State 38 <SV = 37> <Delay = 4.43>
ST_38 : Operation 544 [75/100] (4.43ns)   --->   "%call_ret = call i1280 @compute_frenet_AB_and_next_hls, i27 %trunc_ln371_5, i27 %trunc_ln371_4, i27 %trunc_ln371_3, i27 %trunc_ln371_2, i27 %trunc_ln371_1, i18 %value_139, i27 %tmp, i27 %trunc_ln523, i19 %recip_lut_fn, i18 %sin_lut_fn, i19 %cos_lut_fn, i18 %atan_lut_fn" [../src/mpc_riccati_hls.cpp:424]   --->   Operation 544 'call' 'call_ret' <Predicate = (!icmp_ln371)> <Delay = 4.43> <CoreType = "Generic">   --->   Generic Core

State 39 <SV = 38> <Delay = 4.43>
ST_39 : Operation 545 [74/100] (4.43ns)   --->   "%call_ret = call i1280 @compute_frenet_AB_and_next_hls, i27 %trunc_ln371_5, i27 %trunc_ln371_4, i27 %trunc_ln371_3, i27 %trunc_ln371_2, i27 %trunc_ln371_1, i18 %value_139, i27 %tmp, i27 %trunc_ln523, i19 %recip_lut_fn, i18 %sin_lut_fn, i19 %cos_lut_fn, i18 %atan_lut_fn" [../src/mpc_riccati_hls.cpp:424]   --->   Operation 545 'call' 'call_ret' <Predicate = (!icmp_ln371)> <Delay = 4.43> <CoreType = "Generic">   --->   Generic Core

State 40 <SV = 39> <Delay = 4.43>
ST_40 : Operation 546 [73/100] (4.43ns)   --->   "%call_ret = call i1280 @compute_frenet_AB_and_next_hls, i27 %trunc_ln371_5, i27 %trunc_ln371_4, i27 %trunc_ln371_3, i27 %trunc_ln371_2, i27 %trunc_ln371_1, i18 %value_139, i27 %tmp, i27 %trunc_ln523, i19 %recip_lut_fn, i18 %sin_lut_fn, i19 %cos_lut_fn, i18 %atan_lut_fn" [../src/mpc_riccati_hls.cpp:424]   --->   Operation 546 'call' 'call_ret' <Predicate = (!icmp_ln371)> <Delay = 4.43> <CoreType = "Generic">   --->   Generic Core

State 41 <SV = 40> <Delay = 4.43>
ST_41 : Operation 547 [72/100] (4.43ns)   --->   "%call_ret = call i1280 @compute_frenet_AB_and_next_hls, i27 %trunc_ln371_5, i27 %trunc_ln371_4, i27 %trunc_ln371_3, i27 %trunc_ln371_2, i27 %trunc_ln371_1, i18 %value_139, i27 %tmp, i27 %trunc_ln523, i19 %recip_lut_fn, i18 %sin_lut_fn, i19 %cos_lut_fn, i18 %atan_lut_fn" [../src/mpc_riccati_hls.cpp:424]   --->   Operation 547 'call' 'call_ret' <Predicate = (!icmp_ln371)> <Delay = 4.43> <CoreType = "Generic">   --->   Generic Core

State 42 <SV = 41> <Delay = 4.43>
ST_42 : Operation 548 [71/100] (4.43ns)   --->   "%call_ret = call i1280 @compute_frenet_AB_and_next_hls, i27 %trunc_ln371_5, i27 %trunc_ln371_4, i27 %trunc_ln371_3, i27 %trunc_ln371_2, i27 %trunc_ln371_1, i18 %value_139, i27 %tmp, i27 %trunc_ln523, i19 %recip_lut_fn, i18 %sin_lut_fn, i19 %cos_lut_fn, i18 %atan_lut_fn" [../src/mpc_riccati_hls.cpp:424]   --->   Operation 548 'call' 'call_ret' <Predicate = (!icmp_ln371)> <Delay = 4.43> <CoreType = "Generic">   --->   Generic Core

State 43 <SV = 42> <Delay = 4.43>
ST_43 : Operation 549 [70/100] (4.43ns)   --->   "%call_ret = call i1280 @compute_frenet_AB_and_next_hls, i27 %trunc_ln371_5, i27 %trunc_ln371_4, i27 %trunc_ln371_3, i27 %trunc_ln371_2, i27 %trunc_ln371_1, i18 %value_139, i27 %tmp, i27 %trunc_ln523, i19 %recip_lut_fn, i18 %sin_lut_fn, i19 %cos_lut_fn, i18 %atan_lut_fn" [../src/mpc_riccati_hls.cpp:424]   --->   Operation 549 'call' 'call_ret' <Predicate = (!icmp_ln371)> <Delay = 4.43> <CoreType = "Generic">   --->   Generic Core

State 44 <SV = 43> <Delay = 4.43>
ST_44 : Operation 550 [69/100] (4.43ns)   --->   "%call_ret = call i1280 @compute_frenet_AB_and_next_hls, i27 %trunc_ln371_5, i27 %trunc_ln371_4, i27 %trunc_ln371_3, i27 %trunc_ln371_2, i27 %trunc_ln371_1, i18 %value_139, i27 %tmp, i27 %trunc_ln523, i19 %recip_lut_fn, i18 %sin_lut_fn, i19 %cos_lut_fn, i18 %atan_lut_fn" [../src/mpc_riccati_hls.cpp:424]   --->   Operation 550 'call' 'call_ret' <Predicate = (!icmp_ln371)> <Delay = 4.43> <CoreType = "Generic">   --->   Generic Core

State 45 <SV = 44> <Delay = 4.43>
ST_45 : Operation 551 [68/100] (4.43ns)   --->   "%call_ret = call i1280 @compute_frenet_AB_and_next_hls, i27 %trunc_ln371_5, i27 %trunc_ln371_4, i27 %trunc_ln371_3, i27 %trunc_ln371_2, i27 %trunc_ln371_1, i18 %value_139, i27 %tmp, i27 %trunc_ln523, i19 %recip_lut_fn, i18 %sin_lut_fn, i19 %cos_lut_fn, i18 %atan_lut_fn" [../src/mpc_riccati_hls.cpp:424]   --->   Operation 551 'call' 'call_ret' <Predicate = (!icmp_ln371)> <Delay = 4.43> <CoreType = "Generic">   --->   Generic Core

State 46 <SV = 45> <Delay = 4.43>
ST_46 : Operation 552 [67/100] (4.43ns)   --->   "%call_ret = call i1280 @compute_frenet_AB_and_next_hls, i27 %trunc_ln371_5, i27 %trunc_ln371_4, i27 %trunc_ln371_3, i27 %trunc_ln371_2, i27 %trunc_ln371_1, i18 %value_139, i27 %tmp, i27 %trunc_ln523, i19 %recip_lut_fn, i18 %sin_lut_fn, i19 %cos_lut_fn, i18 %atan_lut_fn" [../src/mpc_riccati_hls.cpp:424]   --->   Operation 552 'call' 'call_ret' <Predicate = (!icmp_ln371)> <Delay = 4.43> <CoreType = "Generic">   --->   Generic Core

State 47 <SV = 46> <Delay = 4.43>
ST_47 : Operation 553 [66/100] (4.43ns)   --->   "%call_ret = call i1280 @compute_frenet_AB_and_next_hls, i27 %trunc_ln371_5, i27 %trunc_ln371_4, i27 %trunc_ln371_3, i27 %trunc_ln371_2, i27 %trunc_ln371_1, i18 %value_139, i27 %tmp, i27 %trunc_ln523, i19 %recip_lut_fn, i18 %sin_lut_fn, i19 %cos_lut_fn, i18 %atan_lut_fn" [../src/mpc_riccati_hls.cpp:424]   --->   Operation 553 'call' 'call_ret' <Predicate = (!icmp_ln371)> <Delay = 4.43> <CoreType = "Generic">   --->   Generic Core

State 48 <SV = 47> <Delay = 4.43>
ST_48 : Operation 554 [65/100] (4.43ns)   --->   "%call_ret = call i1280 @compute_frenet_AB_and_next_hls, i27 %trunc_ln371_5, i27 %trunc_ln371_4, i27 %trunc_ln371_3, i27 %trunc_ln371_2, i27 %trunc_ln371_1, i18 %value_139, i27 %tmp, i27 %trunc_ln523, i19 %recip_lut_fn, i18 %sin_lut_fn, i19 %cos_lut_fn, i18 %atan_lut_fn" [../src/mpc_riccati_hls.cpp:424]   --->   Operation 554 'call' 'call_ret' <Predicate = (!icmp_ln371)> <Delay = 4.43> <CoreType = "Generic">   --->   Generic Core

State 49 <SV = 48> <Delay = 4.43>
ST_49 : Operation 555 [64/100] (4.43ns)   --->   "%call_ret = call i1280 @compute_frenet_AB_and_next_hls, i27 %trunc_ln371_5, i27 %trunc_ln371_4, i27 %trunc_ln371_3, i27 %trunc_ln371_2, i27 %trunc_ln371_1, i18 %value_139, i27 %tmp, i27 %trunc_ln523, i19 %recip_lut_fn, i18 %sin_lut_fn, i19 %cos_lut_fn, i18 %atan_lut_fn" [../src/mpc_riccati_hls.cpp:424]   --->   Operation 555 'call' 'call_ret' <Predicate = (!icmp_ln371)> <Delay = 4.43> <CoreType = "Generic">   --->   Generic Core

State 50 <SV = 49> <Delay = 4.43>
ST_50 : Operation 556 [63/100] (4.43ns)   --->   "%call_ret = call i1280 @compute_frenet_AB_and_next_hls, i27 %trunc_ln371_5, i27 %trunc_ln371_4, i27 %trunc_ln371_3, i27 %trunc_ln371_2, i27 %trunc_ln371_1, i18 %value_139, i27 %tmp, i27 %trunc_ln523, i19 %recip_lut_fn, i18 %sin_lut_fn, i19 %cos_lut_fn, i18 %atan_lut_fn" [../src/mpc_riccati_hls.cpp:424]   --->   Operation 556 'call' 'call_ret' <Predicate = (!icmp_ln371)> <Delay = 4.43> <CoreType = "Generic">   --->   Generic Core

State 51 <SV = 50> <Delay = 4.43>
ST_51 : Operation 557 [62/100] (4.43ns)   --->   "%call_ret = call i1280 @compute_frenet_AB_and_next_hls, i27 %trunc_ln371_5, i27 %trunc_ln371_4, i27 %trunc_ln371_3, i27 %trunc_ln371_2, i27 %trunc_ln371_1, i18 %value_139, i27 %tmp, i27 %trunc_ln523, i19 %recip_lut_fn, i18 %sin_lut_fn, i19 %cos_lut_fn, i18 %atan_lut_fn" [../src/mpc_riccati_hls.cpp:424]   --->   Operation 557 'call' 'call_ret' <Predicate = (!icmp_ln371)> <Delay = 4.43> <CoreType = "Generic">   --->   Generic Core

State 52 <SV = 51> <Delay = 4.43>
ST_52 : Operation 558 [61/100] (4.43ns)   --->   "%call_ret = call i1280 @compute_frenet_AB_and_next_hls, i27 %trunc_ln371_5, i27 %trunc_ln371_4, i27 %trunc_ln371_3, i27 %trunc_ln371_2, i27 %trunc_ln371_1, i18 %value_139, i27 %tmp, i27 %trunc_ln523, i19 %recip_lut_fn, i18 %sin_lut_fn, i19 %cos_lut_fn, i18 %atan_lut_fn" [../src/mpc_riccati_hls.cpp:424]   --->   Operation 558 'call' 'call_ret' <Predicate = (!icmp_ln371)> <Delay = 4.43> <CoreType = "Generic">   --->   Generic Core

State 53 <SV = 52> <Delay = 4.43>
ST_53 : Operation 559 [60/100] (4.43ns)   --->   "%call_ret = call i1280 @compute_frenet_AB_and_next_hls, i27 %trunc_ln371_5, i27 %trunc_ln371_4, i27 %trunc_ln371_3, i27 %trunc_ln371_2, i27 %trunc_ln371_1, i18 %value_139, i27 %tmp, i27 %trunc_ln523, i19 %recip_lut_fn, i18 %sin_lut_fn, i19 %cos_lut_fn, i18 %atan_lut_fn" [../src/mpc_riccati_hls.cpp:424]   --->   Operation 559 'call' 'call_ret' <Predicate = (!icmp_ln371)> <Delay = 4.43> <CoreType = "Generic">   --->   Generic Core

State 54 <SV = 53> <Delay = 4.43>
ST_54 : Operation 560 [59/100] (4.43ns)   --->   "%call_ret = call i1280 @compute_frenet_AB_and_next_hls, i27 %trunc_ln371_5, i27 %trunc_ln371_4, i27 %trunc_ln371_3, i27 %trunc_ln371_2, i27 %trunc_ln371_1, i18 %value_139, i27 %tmp, i27 %trunc_ln523, i19 %recip_lut_fn, i18 %sin_lut_fn, i19 %cos_lut_fn, i18 %atan_lut_fn" [../src/mpc_riccati_hls.cpp:424]   --->   Operation 560 'call' 'call_ret' <Predicate = (!icmp_ln371)> <Delay = 4.43> <CoreType = "Generic">   --->   Generic Core

State 55 <SV = 54> <Delay = 4.43>
ST_55 : Operation 561 [58/100] (4.43ns)   --->   "%call_ret = call i1280 @compute_frenet_AB_and_next_hls, i27 %trunc_ln371_5, i27 %trunc_ln371_4, i27 %trunc_ln371_3, i27 %trunc_ln371_2, i27 %trunc_ln371_1, i18 %value_139, i27 %tmp, i27 %trunc_ln523, i19 %recip_lut_fn, i18 %sin_lut_fn, i19 %cos_lut_fn, i18 %atan_lut_fn" [../src/mpc_riccati_hls.cpp:424]   --->   Operation 561 'call' 'call_ret' <Predicate = (!icmp_ln371)> <Delay = 4.43> <CoreType = "Generic">   --->   Generic Core

State 56 <SV = 55> <Delay = 4.43>
ST_56 : Operation 562 [57/100] (4.43ns)   --->   "%call_ret = call i1280 @compute_frenet_AB_and_next_hls, i27 %trunc_ln371_5, i27 %trunc_ln371_4, i27 %trunc_ln371_3, i27 %trunc_ln371_2, i27 %trunc_ln371_1, i18 %value_139, i27 %tmp, i27 %trunc_ln523, i19 %recip_lut_fn, i18 %sin_lut_fn, i19 %cos_lut_fn, i18 %atan_lut_fn" [../src/mpc_riccati_hls.cpp:424]   --->   Operation 562 'call' 'call_ret' <Predicate = (!icmp_ln371)> <Delay = 4.43> <CoreType = "Generic">   --->   Generic Core

State 57 <SV = 56> <Delay = 4.43>
ST_57 : Operation 563 [56/100] (4.43ns)   --->   "%call_ret = call i1280 @compute_frenet_AB_and_next_hls, i27 %trunc_ln371_5, i27 %trunc_ln371_4, i27 %trunc_ln371_3, i27 %trunc_ln371_2, i27 %trunc_ln371_1, i18 %value_139, i27 %tmp, i27 %trunc_ln523, i19 %recip_lut_fn, i18 %sin_lut_fn, i19 %cos_lut_fn, i18 %atan_lut_fn" [../src/mpc_riccati_hls.cpp:424]   --->   Operation 563 'call' 'call_ret' <Predicate = (!icmp_ln371)> <Delay = 4.43> <CoreType = "Generic">   --->   Generic Core

State 58 <SV = 57> <Delay = 4.43>
ST_58 : Operation 564 [55/100] (4.43ns)   --->   "%call_ret = call i1280 @compute_frenet_AB_and_next_hls, i27 %trunc_ln371_5, i27 %trunc_ln371_4, i27 %trunc_ln371_3, i27 %trunc_ln371_2, i27 %trunc_ln371_1, i18 %value_139, i27 %tmp, i27 %trunc_ln523, i19 %recip_lut_fn, i18 %sin_lut_fn, i19 %cos_lut_fn, i18 %atan_lut_fn" [../src/mpc_riccati_hls.cpp:424]   --->   Operation 564 'call' 'call_ret' <Predicate = (!icmp_ln371)> <Delay = 4.43> <CoreType = "Generic">   --->   Generic Core

State 59 <SV = 58> <Delay = 4.43>
ST_59 : Operation 565 [54/100] (4.43ns)   --->   "%call_ret = call i1280 @compute_frenet_AB_and_next_hls, i27 %trunc_ln371_5, i27 %trunc_ln371_4, i27 %trunc_ln371_3, i27 %trunc_ln371_2, i27 %trunc_ln371_1, i18 %value_139, i27 %tmp, i27 %trunc_ln523, i19 %recip_lut_fn, i18 %sin_lut_fn, i19 %cos_lut_fn, i18 %atan_lut_fn" [../src/mpc_riccati_hls.cpp:424]   --->   Operation 565 'call' 'call_ret' <Predicate = (!icmp_ln371)> <Delay = 4.43> <CoreType = "Generic">   --->   Generic Core

State 60 <SV = 59> <Delay = 4.43>
ST_60 : Operation 566 [53/100] (4.43ns)   --->   "%call_ret = call i1280 @compute_frenet_AB_and_next_hls, i27 %trunc_ln371_5, i27 %trunc_ln371_4, i27 %trunc_ln371_3, i27 %trunc_ln371_2, i27 %trunc_ln371_1, i18 %value_139, i27 %tmp, i27 %trunc_ln523, i19 %recip_lut_fn, i18 %sin_lut_fn, i19 %cos_lut_fn, i18 %atan_lut_fn" [../src/mpc_riccati_hls.cpp:424]   --->   Operation 566 'call' 'call_ret' <Predicate = (!icmp_ln371)> <Delay = 4.43> <CoreType = "Generic">   --->   Generic Core

State 61 <SV = 60> <Delay = 4.43>
ST_61 : Operation 567 [52/100] (4.43ns)   --->   "%call_ret = call i1280 @compute_frenet_AB_and_next_hls, i27 %trunc_ln371_5, i27 %trunc_ln371_4, i27 %trunc_ln371_3, i27 %trunc_ln371_2, i27 %trunc_ln371_1, i18 %value_139, i27 %tmp, i27 %trunc_ln523, i19 %recip_lut_fn, i18 %sin_lut_fn, i19 %cos_lut_fn, i18 %atan_lut_fn" [../src/mpc_riccati_hls.cpp:424]   --->   Operation 567 'call' 'call_ret' <Predicate = (!icmp_ln371)> <Delay = 4.43> <CoreType = "Generic">   --->   Generic Core

State 62 <SV = 61> <Delay = 4.43>
ST_62 : Operation 568 [51/100] (4.43ns)   --->   "%call_ret = call i1280 @compute_frenet_AB_and_next_hls, i27 %trunc_ln371_5, i27 %trunc_ln371_4, i27 %trunc_ln371_3, i27 %trunc_ln371_2, i27 %trunc_ln371_1, i18 %value_139, i27 %tmp, i27 %trunc_ln523, i19 %recip_lut_fn, i18 %sin_lut_fn, i19 %cos_lut_fn, i18 %atan_lut_fn" [../src/mpc_riccati_hls.cpp:424]   --->   Operation 568 'call' 'call_ret' <Predicate = (!icmp_ln371)> <Delay = 4.43> <CoreType = "Generic">   --->   Generic Core

State 63 <SV = 62> <Delay = 4.43>
ST_63 : Operation 569 [50/100] (4.43ns)   --->   "%call_ret = call i1280 @compute_frenet_AB_and_next_hls, i27 %trunc_ln371_5, i27 %trunc_ln371_4, i27 %trunc_ln371_3, i27 %trunc_ln371_2, i27 %trunc_ln371_1, i18 %value_139, i27 %tmp, i27 %trunc_ln523, i19 %recip_lut_fn, i18 %sin_lut_fn, i19 %cos_lut_fn, i18 %atan_lut_fn" [../src/mpc_riccati_hls.cpp:424]   --->   Operation 569 'call' 'call_ret' <Predicate = (!icmp_ln371)> <Delay = 4.43> <CoreType = "Generic">   --->   Generic Core

State 64 <SV = 63> <Delay = 4.43>
ST_64 : Operation 570 [49/100] (4.43ns)   --->   "%call_ret = call i1280 @compute_frenet_AB_and_next_hls, i27 %trunc_ln371_5, i27 %trunc_ln371_4, i27 %trunc_ln371_3, i27 %trunc_ln371_2, i27 %trunc_ln371_1, i18 %value_139, i27 %tmp, i27 %trunc_ln523, i19 %recip_lut_fn, i18 %sin_lut_fn, i19 %cos_lut_fn, i18 %atan_lut_fn" [../src/mpc_riccati_hls.cpp:424]   --->   Operation 570 'call' 'call_ret' <Predicate = (!icmp_ln371)> <Delay = 4.43> <CoreType = "Generic">   --->   Generic Core

State 65 <SV = 64> <Delay = 4.43>
ST_65 : Operation 571 [48/100] (4.43ns)   --->   "%call_ret = call i1280 @compute_frenet_AB_and_next_hls, i27 %trunc_ln371_5, i27 %trunc_ln371_4, i27 %trunc_ln371_3, i27 %trunc_ln371_2, i27 %trunc_ln371_1, i18 %value_139, i27 %tmp, i27 %trunc_ln523, i19 %recip_lut_fn, i18 %sin_lut_fn, i19 %cos_lut_fn, i18 %atan_lut_fn" [../src/mpc_riccati_hls.cpp:424]   --->   Operation 571 'call' 'call_ret' <Predicate = (!icmp_ln371)> <Delay = 4.43> <CoreType = "Generic">   --->   Generic Core

State 66 <SV = 65> <Delay = 4.43>
ST_66 : Operation 572 [47/100] (4.43ns)   --->   "%call_ret = call i1280 @compute_frenet_AB_and_next_hls, i27 %trunc_ln371_5, i27 %trunc_ln371_4, i27 %trunc_ln371_3, i27 %trunc_ln371_2, i27 %trunc_ln371_1, i18 %value_139, i27 %tmp, i27 %trunc_ln523, i19 %recip_lut_fn, i18 %sin_lut_fn, i19 %cos_lut_fn, i18 %atan_lut_fn" [../src/mpc_riccati_hls.cpp:424]   --->   Operation 572 'call' 'call_ret' <Predicate = (!icmp_ln371)> <Delay = 4.43> <CoreType = "Generic">   --->   Generic Core

State 67 <SV = 66> <Delay = 4.43>
ST_67 : Operation 573 [46/100] (4.43ns)   --->   "%call_ret = call i1280 @compute_frenet_AB_and_next_hls, i27 %trunc_ln371_5, i27 %trunc_ln371_4, i27 %trunc_ln371_3, i27 %trunc_ln371_2, i27 %trunc_ln371_1, i18 %value_139, i27 %tmp, i27 %trunc_ln523, i19 %recip_lut_fn, i18 %sin_lut_fn, i19 %cos_lut_fn, i18 %atan_lut_fn" [../src/mpc_riccati_hls.cpp:424]   --->   Operation 573 'call' 'call_ret' <Predicate = (!icmp_ln371)> <Delay = 4.43> <CoreType = "Generic">   --->   Generic Core

State 68 <SV = 67> <Delay = 4.43>
ST_68 : Operation 574 [45/100] (4.43ns)   --->   "%call_ret = call i1280 @compute_frenet_AB_and_next_hls, i27 %trunc_ln371_5, i27 %trunc_ln371_4, i27 %trunc_ln371_3, i27 %trunc_ln371_2, i27 %trunc_ln371_1, i18 %value_139, i27 %tmp, i27 %trunc_ln523, i19 %recip_lut_fn, i18 %sin_lut_fn, i19 %cos_lut_fn, i18 %atan_lut_fn" [../src/mpc_riccati_hls.cpp:424]   --->   Operation 574 'call' 'call_ret' <Predicate = (!icmp_ln371)> <Delay = 4.43> <CoreType = "Generic">   --->   Generic Core

State 69 <SV = 68> <Delay = 4.43>
ST_69 : Operation 575 [44/100] (4.43ns)   --->   "%call_ret = call i1280 @compute_frenet_AB_and_next_hls, i27 %trunc_ln371_5, i27 %trunc_ln371_4, i27 %trunc_ln371_3, i27 %trunc_ln371_2, i27 %trunc_ln371_1, i18 %value_139, i27 %tmp, i27 %trunc_ln523, i19 %recip_lut_fn, i18 %sin_lut_fn, i19 %cos_lut_fn, i18 %atan_lut_fn" [../src/mpc_riccati_hls.cpp:424]   --->   Operation 575 'call' 'call_ret' <Predicate = (!icmp_ln371)> <Delay = 4.43> <CoreType = "Generic">   --->   Generic Core

State 70 <SV = 69> <Delay = 4.43>
ST_70 : Operation 576 [43/100] (4.43ns)   --->   "%call_ret = call i1280 @compute_frenet_AB_and_next_hls, i27 %trunc_ln371_5, i27 %trunc_ln371_4, i27 %trunc_ln371_3, i27 %trunc_ln371_2, i27 %trunc_ln371_1, i18 %value_139, i27 %tmp, i27 %trunc_ln523, i19 %recip_lut_fn, i18 %sin_lut_fn, i19 %cos_lut_fn, i18 %atan_lut_fn" [../src/mpc_riccati_hls.cpp:424]   --->   Operation 576 'call' 'call_ret' <Predicate = (!icmp_ln371)> <Delay = 4.43> <CoreType = "Generic">   --->   Generic Core

State 71 <SV = 70> <Delay = 4.43>
ST_71 : Operation 577 [42/100] (4.43ns)   --->   "%call_ret = call i1280 @compute_frenet_AB_and_next_hls, i27 %trunc_ln371_5, i27 %trunc_ln371_4, i27 %trunc_ln371_3, i27 %trunc_ln371_2, i27 %trunc_ln371_1, i18 %value_139, i27 %tmp, i27 %trunc_ln523, i19 %recip_lut_fn, i18 %sin_lut_fn, i19 %cos_lut_fn, i18 %atan_lut_fn" [../src/mpc_riccati_hls.cpp:424]   --->   Operation 577 'call' 'call_ret' <Predicate = (!icmp_ln371)> <Delay = 4.43> <CoreType = "Generic">   --->   Generic Core

State 72 <SV = 71> <Delay = 4.43>
ST_72 : Operation 578 [41/100] (4.43ns)   --->   "%call_ret = call i1280 @compute_frenet_AB_and_next_hls, i27 %trunc_ln371_5, i27 %trunc_ln371_4, i27 %trunc_ln371_3, i27 %trunc_ln371_2, i27 %trunc_ln371_1, i18 %value_139, i27 %tmp, i27 %trunc_ln523, i19 %recip_lut_fn, i18 %sin_lut_fn, i19 %cos_lut_fn, i18 %atan_lut_fn" [../src/mpc_riccati_hls.cpp:424]   --->   Operation 578 'call' 'call_ret' <Predicate = (!icmp_ln371)> <Delay = 4.43> <CoreType = "Generic">   --->   Generic Core

State 73 <SV = 72> <Delay = 4.43>
ST_73 : Operation 579 [40/100] (4.43ns)   --->   "%call_ret = call i1280 @compute_frenet_AB_and_next_hls, i27 %trunc_ln371_5, i27 %trunc_ln371_4, i27 %trunc_ln371_3, i27 %trunc_ln371_2, i27 %trunc_ln371_1, i18 %value_139, i27 %tmp, i27 %trunc_ln523, i19 %recip_lut_fn, i18 %sin_lut_fn, i19 %cos_lut_fn, i18 %atan_lut_fn" [../src/mpc_riccati_hls.cpp:424]   --->   Operation 579 'call' 'call_ret' <Predicate = (!icmp_ln371)> <Delay = 4.43> <CoreType = "Generic">   --->   Generic Core

State 74 <SV = 73> <Delay = 4.43>
ST_74 : Operation 580 [39/100] (4.43ns)   --->   "%call_ret = call i1280 @compute_frenet_AB_and_next_hls, i27 %trunc_ln371_5, i27 %trunc_ln371_4, i27 %trunc_ln371_3, i27 %trunc_ln371_2, i27 %trunc_ln371_1, i18 %value_139, i27 %tmp, i27 %trunc_ln523, i19 %recip_lut_fn, i18 %sin_lut_fn, i19 %cos_lut_fn, i18 %atan_lut_fn" [../src/mpc_riccati_hls.cpp:424]   --->   Operation 580 'call' 'call_ret' <Predicate = (!icmp_ln371)> <Delay = 4.43> <CoreType = "Generic">   --->   Generic Core

State 75 <SV = 74> <Delay = 4.43>
ST_75 : Operation 581 [38/100] (4.43ns)   --->   "%call_ret = call i1280 @compute_frenet_AB_and_next_hls, i27 %trunc_ln371_5, i27 %trunc_ln371_4, i27 %trunc_ln371_3, i27 %trunc_ln371_2, i27 %trunc_ln371_1, i18 %value_139, i27 %tmp, i27 %trunc_ln523, i19 %recip_lut_fn, i18 %sin_lut_fn, i19 %cos_lut_fn, i18 %atan_lut_fn" [../src/mpc_riccati_hls.cpp:424]   --->   Operation 581 'call' 'call_ret' <Predicate = (!icmp_ln371)> <Delay = 4.43> <CoreType = "Generic">   --->   Generic Core

State 76 <SV = 75> <Delay = 4.43>
ST_76 : Operation 582 [37/100] (4.43ns)   --->   "%call_ret = call i1280 @compute_frenet_AB_and_next_hls, i27 %trunc_ln371_5, i27 %trunc_ln371_4, i27 %trunc_ln371_3, i27 %trunc_ln371_2, i27 %trunc_ln371_1, i18 %value_139, i27 %tmp, i27 %trunc_ln523, i19 %recip_lut_fn, i18 %sin_lut_fn, i19 %cos_lut_fn, i18 %atan_lut_fn" [../src/mpc_riccati_hls.cpp:424]   --->   Operation 582 'call' 'call_ret' <Predicate = (!icmp_ln371)> <Delay = 4.43> <CoreType = "Generic">   --->   Generic Core

State 77 <SV = 76> <Delay = 4.43>
ST_77 : Operation 583 [36/100] (4.43ns)   --->   "%call_ret = call i1280 @compute_frenet_AB_and_next_hls, i27 %trunc_ln371_5, i27 %trunc_ln371_4, i27 %trunc_ln371_3, i27 %trunc_ln371_2, i27 %trunc_ln371_1, i18 %value_139, i27 %tmp, i27 %trunc_ln523, i19 %recip_lut_fn, i18 %sin_lut_fn, i19 %cos_lut_fn, i18 %atan_lut_fn" [../src/mpc_riccati_hls.cpp:424]   --->   Operation 583 'call' 'call_ret' <Predicate = (!icmp_ln371)> <Delay = 4.43> <CoreType = "Generic">   --->   Generic Core

State 78 <SV = 77> <Delay = 4.43>
ST_78 : Operation 584 [35/100] (4.43ns)   --->   "%call_ret = call i1280 @compute_frenet_AB_and_next_hls, i27 %trunc_ln371_5, i27 %trunc_ln371_4, i27 %trunc_ln371_3, i27 %trunc_ln371_2, i27 %trunc_ln371_1, i18 %value_139, i27 %tmp, i27 %trunc_ln523, i19 %recip_lut_fn, i18 %sin_lut_fn, i19 %cos_lut_fn, i18 %atan_lut_fn" [../src/mpc_riccati_hls.cpp:424]   --->   Operation 584 'call' 'call_ret' <Predicate = (!icmp_ln371)> <Delay = 4.43> <CoreType = "Generic">   --->   Generic Core

State 79 <SV = 78> <Delay = 4.43>
ST_79 : Operation 585 [34/100] (4.43ns)   --->   "%call_ret = call i1280 @compute_frenet_AB_and_next_hls, i27 %trunc_ln371_5, i27 %trunc_ln371_4, i27 %trunc_ln371_3, i27 %trunc_ln371_2, i27 %trunc_ln371_1, i18 %value_139, i27 %tmp, i27 %trunc_ln523, i19 %recip_lut_fn, i18 %sin_lut_fn, i19 %cos_lut_fn, i18 %atan_lut_fn" [../src/mpc_riccati_hls.cpp:424]   --->   Operation 585 'call' 'call_ret' <Predicate = (!icmp_ln371)> <Delay = 4.43> <CoreType = "Generic">   --->   Generic Core

State 80 <SV = 79> <Delay = 4.43>
ST_80 : Operation 586 [33/100] (4.43ns)   --->   "%call_ret = call i1280 @compute_frenet_AB_and_next_hls, i27 %trunc_ln371_5, i27 %trunc_ln371_4, i27 %trunc_ln371_3, i27 %trunc_ln371_2, i27 %trunc_ln371_1, i18 %value_139, i27 %tmp, i27 %trunc_ln523, i19 %recip_lut_fn, i18 %sin_lut_fn, i19 %cos_lut_fn, i18 %atan_lut_fn" [../src/mpc_riccati_hls.cpp:424]   --->   Operation 586 'call' 'call_ret' <Predicate = (!icmp_ln371)> <Delay = 4.43> <CoreType = "Generic">   --->   Generic Core

State 81 <SV = 80> <Delay = 4.43>
ST_81 : Operation 587 [32/100] (4.43ns)   --->   "%call_ret = call i1280 @compute_frenet_AB_and_next_hls, i27 %trunc_ln371_5, i27 %trunc_ln371_4, i27 %trunc_ln371_3, i27 %trunc_ln371_2, i27 %trunc_ln371_1, i18 %value_139, i27 %tmp, i27 %trunc_ln523, i19 %recip_lut_fn, i18 %sin_lut_fn, i19 %cos_lut_fn, i18 %atan_lut_fn" [../src/mpc_riccati_hls.cpp:424]   --->   Operation 587 'call' 'call_ret' <Predicate = (!icmp_ln371)> <Delay = 4.43> <CoreType = "Generic">   --->   Generic Core

State 82 <SV = 81> <Delay = 4.43>
ST_82 : Operation 588 [31/100] (4.43ns)   --->   "%call_ret = call i1280 @compute_frenet_AB_and_next_hls, i27 %trunc_ln371_5, i27 %trunc_ln371_4, i27 %trunc_ln371_3, i27 %trunc_ln371_2, i27 %trunc_ln371_1, i18 %value_139, i27 %tmp, i27 %trunc_ln523, i19 %recip_lut_fn, i18 %sin_lut_fn, i19 %cos_lut_fn, i18 %atan_lut_fn" [../src/mpc_riccati_hls.cpp:424]   --->   Operation 588 'call' 'call_ret' <Predicate = (!icmp_ln371)> <Delay = 4.43> <CoreType = "Generic">   --->   Generic Core

State 83 <SV = 82> <Delay = 4.43>
ST_83 : Operation 589 [30/100] (4.43ns)   --->   "%call_ret = call i1280 @compute_frenet_AB_and_next_hls, i27 %trunc_ln371_5, i27 %trunc_ln371_4, i27 %trunc_ln371_3, i27 %trunc_ln371_2, i27 %trunc_ln371_1, i18 %value_139, i27 %tmp, i27 %trunc_ln523, i19 %recip_lut_fn, i18 %sin_lut_fn, i19 %cos_lut_fn, i18 %atan_lut_fn" [../src/mpc_riccati_hls.cpp:424]   --->   Operation 589 'call' 'call_ret' <Predicate = (!icmp_ln371)> <Delay = 4.43> <CoreType = "Generic">   --->   Generic Core

State 84 <SV = 83> <Delay = 4.43>
ST_84 : Operation 590 [29/100] (4.43ns)   --->   "%call_ret = call i1280 @compute_frenet_AB_and_next_hls, i27 %trunc_ln371_5, i27 %trunc_ln371_4, i27 %trunc_ln371_3, i27 %trunc_ln371_2, i27 %trunc_ln371_1, i18 %value_139, i27 %tmp, i27 %trunc_ln523, i19 %recip_lut_fn, i18 %sin_lut_fn, i19 %cos_lut_fn, i18 %atan_lut_fn" [../src/mpc_riccati_hls.cpp:424]   --->   Operation 590 'call' 'call_ret' <Predicate = (!icmp_ln371)> <Delay = 4.43> <CoreType = "Generic">   --->   Generic Core

State 85 <SV = 84> <Delay = 4.43>
ST_85 : Operation 591 [28/100] (4.43ns)   --->   "%call_ret = call i1280 @compute_frenet_AB_and_next_hls, i27 %trunc_ln371_5, i27 %trunc_ln371_4, i27 %trunc_ln371_3, i27 %trunc_ln371_2, i27 %trunc_ln371_1, i18 %value_139, i27 %tmp, i27 %trunc_ln523, i19 %recip_lut_fn, i18 %sin_lut_fn, i19 %cos_lut_fn, i18 %atan_lut_fn" [../src/mpc_riccati_hls.cpp:424]   --->   Operation 591 'call' 'call_ret' <Predicate = (!icmp_ln371)> <Delay = 4.43> <CoreType = "Generic">   --->   Generic Core

State 86 <SV = 85> <Delay = 4.43>
ST_86 : Operation 592 [27/100] (4.43ns)   --->   "%call_ret = call i1280 @compute_frenet_AB_and_next_hls, i27 %trunc_ln371_5, i27 %trunc_ln371_4, i27 %trunc_ln371_3, i27 %trunc_ln371_2, i27 %trunc_ln371_1, i18 %value_139, i27 %tmp, i27 %trunc_ln523, i19 %recip_lut_fn, i18 %sin_lut_fn, i19 %cos_lut_fn, i18 %atan_lut_fn" [../src/mpc_riccati_hls.cpp:424]   --->   Operation 592 'call' 'call_ret' <Predicate = (!icmp_ln371)> <Delay = 4.43> <CoreType = "Generic">   --->   Generic Core

State 87 <SV = 86> <Delay = 4.43>
ST_87 : Operation 593 [26/100] (4.43ns)   --->   "%call_ret = call i1280 @compute_frenet_AB_and_next_hls, i27 %trunc_ln371_5, i27 %trunc_ln371_4, i27 %trunc_ln371_3, i27 %trunc_ln371_2, i27 %trunc_ln371_1, i18 %value_139, i27 %tmp, i27 %trunc_ln523, i19 %recip_lut_fn, i18 %sin_lut_fn, i19 %cos_lut_fn, i18 %atan_lut_fn" [../src/mpc_riccati_hls.cpp:424]   --->   Operation 593 'call' 'call_ret' <Predicate = (!icmp_ln371)> <Delay = 4.43> <CoreType = "Generic">   --->   Generic Core

State 88 <SV = 87> <Delay = 4.43>
ST_88 : Operation 594 [25/100] (4.43ns)   --->   "%call_ret = call i1280 @compute_frenet_AB_and_next_hls, i27 %trunc_ln371_5, i27 %trunc_ln371_4, i27 %trunc_ln371_3, i27 %trunc_ln371_2, i27 %trunc_ln371_1, i18 %value_139, i27 %tmp, i27 %trunc_ln523, i19 %recip_lut_fn, i18 %sin_lut_fn, i19 %cos_lut_fn, i18 %atan_lut_fn" [../src/mpc_riccati_hls.cpp:424]   --->   Operation 594 'call' 'call_ret' <Predicate = (!icmp_ln371)> <Delay = 4.43> <CoreType = "Generic">   --->   Generic Core

State 89 <SV = 88> <Delay = 4.43>
ST_89 : Operation 595 [24/100] (4.43ns)   --->   "%call_ret = call i1280 @compute_frenet_AB_and_next_hls, i27 %trunc_ln371_5, i27 %trunc_ln371_4, i27 %trunc_ln371_3, i27 %trunc_ln371_2, i27 %trunc_ln371_1, i18 %value_139, i27 %tmp, i27 %trunc_ln523, i19 %recip_lut_fn, i18 %sin_lut_fn, i19 %cos_lut_fn, i18 %atan_lut_fn" [../src/mpc_riccati_hls.cpp:424]   --->   Operation 595 'call' 'call_ret' <Predicate = (!icmp_ln371)> <Delay = 4.43> <CoreType = "Generic">   --->   Generic Core

State 90 <SV = 89> <Delay = 4.43>
ST_90 : Operation 596 [23/100] (4.43ns)   --->   "%call_ret = call i1280 @compute_frenet_AB_and_next_hls, i27 %trunc_ln371_5, i27 %trunc_ln371_4, i27 %trunc_ln371_3, i27 %trunc_ln371_2, i27 %trunc_ln371_1, i18 %value_139, i27 %tmp, i27 %trunc_ln523, i19 %recip_lut_fn, i18 %sin_lut_fn, i19 %cos_lut_fn, i18 %atan_lut_fn" [../src/mpc_riccati_hls.cpp:424]   --->   Operation 596 'call' 'call_ret' <Predicate = (!icmp_ln371)> <Delay = 4.43> <CoreType = "Generic">   --->   Generic Core

State 91 <SV = 90> <Delay = 4.43>
ST_91 : Operation 597 [22/100] (4.43ns)   --->   "%call_ret = call i1280 @compute_frenet_AB_and_next_hls, i27 %trunc_ln371_5, i27 %trunc_ln371_4, i27 %trunc_ln371_3, i27 %trunc_ln371_2, i27 %trunc_ln371_1, i18 %value_139, i27 %tmp, i27 %trunc_ln523, i19 %recip_lut_fn, i18 %sin_lut_fn, i19 %cos_lut_fn, i18 %atan_lut_fn" [../src/mpc_riccati_hls.cpp:424]   --->   Operation 597 'call' 'call_ret' <Predicate = (!icmp_ln371)> <Delay = 4.43> <CoreType = "Generic">   --->   Generic Core

State 92 <SV = 91> <Delay = 4.43>
ST_92 : Operation 598 [21/100] (4.43ns)   --->   "%call_ret = call i1280 @compute_frenet_AB_and_next_hls, i27 %trunc_ln371_5, i27 %trunc_ln371_4, i27 %trunc_ln371_3, i27 %trunc_ln371_2, i27 %trunc_ln371_1, i18 %value_139, i27 %tmp, i27 %trunc_ln523, i19 %recip_lut_fn, i18 %sin_lut_fn, i19 %cos_lut_fn, i18 %atan_lut_fn" [../src/mpc_riccati_hls.cpp:424]   --->   Operation 598 'call' 'call_ret' <Predicate = (!icmp_ln371)> <Delay = 4.43> <CoreType = "Generic">   --->   Generic Core

State 93 <SV = 92> <Delay = 4.43>
ST_93 : Operation 599 [20/100] (4.43ns)   --->   "%call_ret = call i1280 @compute_frenet_AB_and_next_hls, i27 %trunc_ln371_5, i27 %trunc_ln371_4, i27 %trunc_ln371_3, i27 %trunc_ln371_2, i27 %trunc_ln371_1, i18 %value_139, i27 %tmp, i27 %trunc_ln523, i19 %recip_lut_fn, i18 %sin_lut_fn, i19 %cos_lut_fn, i18 %atan_lut_fn" [../src/mpc_riccati_hls.cpp:424]   --->   Operation 599 'call' 'call_ret' <Predicate = (!icmp_ln371)> <Delay = 4.43> <CoreType = "Generic">   --->   Generic Core

State 94 <SV = 93> <Delay = 4.43>
ST_94 : Operation 600 [19/100] (4.43ns)   --->   "%call_ret = call i1280 @compute_frenet_AB_and_next_hls, i27 %trunc_ln371_5, i27 %trunc_ln371_4, i27 %trunc_ln371_3, i27 %trunc_ln371_2, i27 %trunc_ln371_1, i18 %value_139, i27 %tmp, i27 %trunc_ln523, i19 %recip_lut_fn, i18 %sin_lut_fn, i19 %cos_lut_fn, i18 %atan_lut_fn" [../src/mpc_riccati_hls.cpp:424]   --->   Operation 600 'call' 'call_ret' <Predicate = (!icmp_ln371)> <Delay = 4.43> <CoreType = "Generic">   --->   Generic Core

State 95 <SV = 94> <Delay = 4.43>
ST_95 : Operation 601 [18/100] (4.43ns)   --->   "%call_ret = call i1280 @compute_frenet_AB_and_next_hls, i27 %trunc_ln371_5, i27 %trunc_ln371_4, i27 %trunc_ln371_3, i27 %trunc_ln371_2, i27 %trunc_ln371_1, i18 %value_139, i27 %tmp, i27 %trunc_ln523, i19 %recip_lut_fn, i18 %sin_lut_fn, i19 %cos_lut_fn, i18 %atan_lut_fn" [../src/mpc_riccati_hls.cpp:424]   --->   Operation 601 'call' 'call_ret' <Predicate = (!icmp_ln371)> <Delay = 4.43> <CoreType = "Generic">   --->   Generic Core

State 96 <SV = 95> <Delay = 4.43>
ST_96 : Operation 602 [17/100] (4.43ns)   --->   "%call_ret = call i1280 @compute_frenet_AB_and_next_hls, i27 %trunc_ln371_5, i27 %trunc_ln371_4, i27 %trunc_ln371_3, i27 %trunc_ln371_2, i27 %trunc_ln371_1, i18 %value_139, i27 %tmp, i27 %trunc_ln523, i19 %recip_lut_fn, i18 %sin_lut_fn, i19 %cos_lut_fn, i18 %atan_lut_fn" [../src/mpc_riccati_hls.cpp:424]   --->   Operation 602 'call' 'call_ret' <Predicate = (!icmp_ln371)> <Delay = 4.43> <CoreType = "Generic">   --->   Generic Core

State 97 <SV = 96> <Delay = 4.43>
ST_97 : Operation 603 [16/100] (4.43ns)   --->   "%call_ret = call i1280 @compute_frenet_AB_and_next_hls, i27 %trunc_ln371_5, i27 %trunc_ln371_4, i27 %trunc_ln371_3, i27 %trunc_ln371_2, i27 %trunc_ln371_1, i18 %value_139, i27 %tmp, i27 %trunc_ln523, i19 %recip_lut_fn, i18 %sin_lut_fn, i19 %cos_lut_fn, i18 %atan_lut_fn" [../src/mpc_riccati_hls.cpp:424]   --->   Operation 603 'call' 'call_ret' <Predicate = (!icmp_ln371)> <Delay = 4.43> <CoreType = "Generic">   --->   Generic Core

State 98 <SV = 97> <Delay = 4.43>
ST_98 : Operation 604 [15/100] (4.43ns)   --->   "%call_ret = call i1280 @compute_frenet_AB_and_next_hls, i27 %trunc_ln371_5, i27 %trunc_ln371_4, i27 %trunc_ln371_3, i27 %trunc_ln371_2, i27 %trunc_ln371_1, i18 %value_139, i27 %tmp, i27 %trunc_ln523, i19 %recip_lut_fn, i18 %sin_lut_fn, i19 %cos_lut_fn, i18 %atan_lut_fn" [../src/mpc_riccati_hls.cpp:424]   --->   Operation 604 'call' 'call_ret' <Predicate = (!icmp_ln371)> <Delay = 4.43> <CoreType = "Generic">   --->   Generic Core

State 99 <SV = 98> <Delay = 4.43>
ST_99 : Operation 605 [14/100] (4.43ns)   --->   "%call_ret = call i1280 @compute_frenet_AB_and_next_hls, i27 %trunc_ln371_5, i27 %trunc_ln371_4, i27 %trunc_ln371_3, i27 %trunc_ln371_2, i27 %trunc_ln371_1, i18 %value_139, i27 %tmp, i27 %trunc_ln523, i19 %recip_lut_fn, i18 %sin_lut_fn, i19 %cos_lut_fn, i18 %atan_lut_fn" [../src/mpc_riccati_hls.cpp:424]   --->   Operation 605 'call' 'call_ret' <Predicate = (!icmp_ln371)> <Delay = 4.43> <CoreType = "Generic">   --->   Generic Core

State 100 <SV = 99> <Delay = 4.43>
ST_100 : Operation 606 [13/100] (4.43ns)   --->   "%call_ret = call i1280 @compute_frenet_AB_and_next_hls, i27 %trunc_ln371_5, i27 %trunc_ln371_4, i27 %trunc_ln371_3, i27 %trunc_ln371_2, i27 %trunc_ln371_1, i18 %value_139, i27 %tmp, i27 %trunc_ln523, i19 %recip_lut_fn, i18 %sin_lut_fn, i19 %cos_lut_fn, i18 %atan_lut_fn" [../src/mpc_riccati_hls.cpp:424]   --->   Operation 606 'call' 'call_ret' <Predicate = (!icmp_ln371)> <Delay = 4.43> <CoreType = "Generic">   --->   Generic Core

State 101 <SV = 100> <Delay = 4.43>
ST_101 : Operation 607 [1/1] (0.00ns)   --->   "%b_load = load i32 %b" [../src/fp_math_hls.cpp:159->../src/fp_math_hls.cpp:324->../src/mpc_riccati_hls.cpp:450]   --->   Operation 607 'load' 'b_load' <Predicate = (!icmp_ln371)> <Delay = 0.00>
ST_101 : Operation 608 [12/100] (4.43ns)   --->   "%call_ret = call i1280 @compute_frenet_AB_and_next_hls, i27 %trunc_ln371_5, i27 %trunc_ln371_4, i27 %trunc_ln371_3, i27 %trunc_ln371_2, i27 %trunc_ln371_1, i18 %value_139, i27 %tmp, i27 %trunc_ln523, i19 %recip_lut_fn, i18 %sin_lut_fn, i19 %cos_lut_fn, i18 %atan_lut_fn" [../src/mpc_riccati_hls.cpp:424]   --->   Operation 608 'call' 'call_ret' <Predicate = (!icmp_ln371)> <Delay = 4.43> <CoreType = "Generic">   --->   Generic Core
ST_101 : Operation 609 [1/1] (0.00ns)   --->   "%sext_ln159_17 = sext i32 %b_load" [../src/fp_math_hls.cpp:159->../src/fp_math_hls.cpp:324->../src/mpc_riccati_hls.cpp:450]   --->   Operation 609 'sext' 'sext_ln159_17' <Predicate = (!icmp_ln371)> <Delay = 0.00>
ST_101 : Operation 610 [4/4] (2.29ns)   --->   "%product_201 = mul i46 %sext_ln159_17, i46 7864" [../src/fp_math_hls.cpp:159->../src/fp_math_hls.cpp:324->../src/mpc_riccati_hls.cpp:450]   --->   Operation 610 'mul' 'product_201' <Predicate = (!icmp_ln371)> <Delay = 2.29> <CoreInst = "Mul_DSP">   --->   Core 5 'Mul_DSP' <Latency = 3> <II = 1> <Delay = 2.29> <FuncUnit> <Opcode : 'mul'> <InPorts = 2> <OutPorts = 1>
ST_101 : Operation 611 [1/1] (0.42ns)   --->   "%store_ln156 = store i32 0, i32 %b" [../src/fp_math_hls.cpp:156->../src/fp_math_hls.cpp:324->../src/mpc_riccati_hls.cpp:450]   --->   Operation 611 'store' 'store_ln156' <Predicate = (!icmp_ln371)> <Delay = 0.42>

State 102 <SV = 101> <Delay = 4.43>
ST_102 : Operation 612 [11/100] (4.43ns)   --->   "%call_ret = call i1280 @compute_frenet_AB_and_next_hls, i27 %trunc_ln371_5, i27 %trunc_ln371_4, i27 %trunc_ln371_3, i27 %trunc_ln371_2, i27 %trunc_ln371_1, i18 %value_139, i27 %tmp, i27 %trunc_ln523, i19 %recip_lut_fn, i18 %sin_lut_fn, i19 %cos_lut_fn, i18 %atan_lut_fn" [../src/mpc_riccati_hls.cpp:424]   --->   Operation 612 'call' 'call_ret' <Predicate = (!icmp_ln371)> <Delay = 4.43> <CoreType = "Generic">   --->   Generic Core
ST_102 : Operation 613 [3/4] (2.29ns)   --->   "%product_201 = mul i46 %sext_ln159_17, i46 7864" [../src/fp_math_hls.cpp:159->../src/fp_math_hls.cpp:324->../src/mpc_riccati_hls.cpp:450]   --->   Operation 613 'mul' 'product_201' <Predicate = (!icmp_ln371)> <Delay = 2.29> <CoreInst = "Mul_DSP">   --->   Core 5 'Mul_DSP' <Latency = 3> <II = 1> <Delay = 2.29> <FuncUnit> <Opcode : 'mul'> <InPorts = 2> <OutPorts = 1>

State 103 <SV = 102> <Delay = 4.43>
ST_103 : Operation 614 [10/100] (4.43ns)   --->   "%call_ret = call i1280 @compute_frenet_AB_and_next_hls, i27 %trunc_ln371_5, i27 %trunc_ln371_4, i27 %trunc_ln371_3, i27 %trunc_ln371_2, i27 %trunc_ln371_1, i18 %value_139, i27 %tmp, i27 %trunc_ln523, i19 %recip_lut_fn, i18 %sin_lut_fn, i19 %cos_lut_fn, i18 %atan_lut_fn" [../src/mpc_riccati_hls.cpp:424]   --->   Operation 614 'call' 'call_ret' <Predicate = (!icmp_ln371)> <Delay = 4.43> <CoreType = "Generic">   --->   Generic Core
ST_103 : Operation 615 [2/4] (2.29ns)   --->   "%product_201 = mul i46 %sext_ln159_17, i46 7864" [../src/fp_math_hls.cpp:159->../src/fp_math_hls.cpp:324->../src/mpc_riccati_hls.cpp:450]   --->   Operation 615 'mul' 'product_201' <Predicate = (!icmp_ln371)> <Delay = 2.29> <CoreInst = "Mul_DSP">   --->   Core 5 'Mul_DSP' <Latency = 3> <II = 1> <Delay = 2.29> <FuncUnit> <Opcode : 'mul'> <InPorts = 2> <OutPorts = 1>

State 104 <SV = 103> <Delay = 4.43>
ST_104 : Operation 616 [9/100] (4.43ns)   --->   "%call_ret = call i1280 @compute_frenet_AB_and_next_hls, i27 %trunc_ln371_5, i27 %trunc_ln371_4, i27 %trunc_ln371_3, i27 %trunc_ln371_2, i27 %trunc_ln371_1, i18 %value_139, i27 %tmp, i27 %trunc_ln523, i19 %recip_lut_fn, i18 %sin_lut_fn, i19 %cos_lut_fn, i18 %atan_lut_fn" [../src/mpc_riccati_hls.cpp:424]   --->   Operation 616 'call' 'call_ret' <Predicate = (!icmp_ln371)> <Delay = 4.43> <CoreType = "Generic">   --->   Generic Core
ST_104 : Operation 617 [1/4] (2.29ns)   --->   "%product_201 = mul i46 %sext_ln159_17, i46 7864" [../src/fp_math_hls.cpp:159->../src/fp_math_hls.cpp:324->../src/mpc_riccati_hls.cpp:450]   --->   Operation 617 'mul' 'product_201' <Predicate = (!icmp_ln371)> <Delay = 2.29> <CoreInst = "Mul_DSP">   --->   Core 5 'Mul_DSP' <Latency = 3> <II = 1> <Delay = 2.29> <FuncUnit> <Opcode : 'mul'> <InPorts = 2> <OutPorts = 1>
ST_104 : Operation 618 [1/1] (0.00ns)   --->   "%specfucore_ln160 = specfucore void @_ssdm_op_SpecFUCore, i46 %product_201, i64 12, i64 3, i64 3, i1 0" [../src/fp_math_hls.cpp:160->../src/fp_math_hls.cpp:324->../src/mpc_riccati_hls.cpp:450]   --->   Operation 618 'specfucore' 'specfucore_ln160' <Predicate = (!icmp_ln371)> <Delay = 0.00>
ST_104 : Operation 619 [1/1] (0.00ns)   --->   "%product_q_2 = partselect i28 @_ssdm_op_PartSelect.i28.i46.i32.i32, i46 %product_201, i32 18, i32 45" [include/fp_types_hls.hpp:650->../src/fp_math_hls.cpp:326->../src/mpc_riccati_hls.cpp:450]   --->   Operation 619 'partselect' 'product_q_2' <Predicate = (!icmp_ln371)> <Delay = 0.00>

State 105 <SV = 104> <Delay = 4.43>
ST_105 : Operation 620 [8/100] (4.43ns)   --->   "%call_ret = call i1280 @compute_frenet_AB_and_next_hls, i27 %trunc_ln371_5, i27 %trunc_ln371_4, i27 %trunc_ln371_3, i27 %trunc_ln371_2, i27 %trunc_ln371_1, i18 %value_139, i27 %tmp, i27 %trunc_ln523, i19 %recip_lut_fn, i18 %sin_lut_fn, i19 %cos_lut_fn, i18 %atan_lut_fn" [../src/mpc_riccati_hls.cpp:424]   --->   Operation 620 'call' 'call_ret' <Predicate = (!icmp_ln371)> <Delay = 4.43> <CoreType = "Generic">   --->   Generic Core

State 106 <SV = 105> <Delay = 4.43>
ST_106 : Operation 621 [7/100] (4.43ns)   --->   "%call_ret = call i1280 @compute_frenet_AB_and_next_hls, i27 %trunc_ln371_5, i27 %trunc_ln371_4, i27 %trunc_ln371_3, i27 %trunc_ln371_2, i27 %trunc_ln371_1, i18 %value_139, i27 %tmp, i27 %trunc_ln523, i19 %recip_lut_fn, i18 %sin_lut_fn, i19 %cos_lut_fn, i18 %atan_lut_fn" [../src/mpc_riccati_hls.cpp:424]   --->   Operation 621 'call' 'call_ret' <Predicate = (!icmp_ln371)> <Delay = 4.43> <CoreType = "Generic">   --->   Generic Core

State 107 <SV = 106> <Delay = 4.43>
ST_107 : Operation 622 [6/100] (4.43ns)   --->   "%call_ret = call i1280 @compute_frenet_AB_and_next_hls, i27 %trunc_ln371_5, i27 %trunc_ln371_4, i27 %trunc_ln371_3, i27 %trunc_ln371_2, i27 %trunc_ln371_1, i18 %value_139, i27 %tmp, i27 %trunc_ln523, i19 %recip_lut_fn, i18 %sin_lut_fn, i19 %cos_lut_fn, i18 %atan_lut_fn" [../src/mpc_riccati_hls.cpp:424]   --->   Operation 622 'call' 'call_ret' <Predicate = (!icmp_ln371)> <Delay = 4.43> <CoreType = "Generic">   --->   Generic Core

State 108 <SV = 107> <Delay = 4.43>
ST_108 : Operation 623 [5/100] (4.43ns)   --->   "%call_ret = call i1280 @compute_frenet_AB_and_next_hls, i27 %trunc_ln371_5, i27 %trunc_ln371_4, i27 %trunc_ln371_3, i27 %trunc_ln371_2, i27 %trunc_ln371_1, i18 %value_139, i27 %tmp, i27 %trunc_ln523, i19 %recip_lut_fn, i18 %sin_lut_fn, i19 %cos_lut_fn, i18 %atan_lut_fn" [../src/mpc_riccati_hls.cpp:424]   --->   Operation 623 'call' 'call_ret' <Predicate = (!icmp_ln371)> <Delay = 4.43> <CoreType = "Generic">   --->   Generic Core

State 109 <SV = 108> <Delay = 4.43>
ST_109 : Operation 624 [4/100] (4.43ns)   --->   "%call_ret = call i1280 @compute_frenet_AB_and_next_hls, i27 %trunc_ln371_5, i27 %trunc_ln371_4, i27 %trunc_ln371_3, i27 %trunc_ln371_2, i27 %trunc_ln371_1, i18 %value_139, i27 %tmp, i27 %trunc_ln523, i19 %recip_lut_fn, i18 %sin_lut_fn, i19 %cos_lut_fn, i18 %atan_lut_fn" [../src/mpc_riccati_hls.cpp:424]   --->   Operation 624 'call' 'call_ret' <Predicate = (!icmp_ln371)> <Delay = 4.43> <CoreType = "Generic">   --->   Generic Core

State 110 <SV = 109> <Delay = 4.43>
ST_110 : Operation 625 [3/100] (4.43ns)   --->   "%call_ret = call i1280 @compute_frenet_AB_and_next_hls, i27 %trunc_ln371_5, i27 %trunc_ln371_4, i27 %trunc_ln371_3, i27 %trunc_ln371_2, i27 %trunc_ln371_1, i18 %value_139, i27 %tmp, i27 %trunc_ln523, i19 %recip_lut_fn, i18 %sin_lut_fn, i19 %cos_lut_fn, i18 %atan_lut_fn" [../src/mpc_riccati_hls.cpp:424]   --->   Operation 625 'call' 'call_ret' <Predicate = (!icmp_ln371)> <Delay = 4.43> <CoreType = "Generic">   --->   Generic Core

State 111 <SV = 110> <Delay = 4.43>
ST_111 : Operation 626 [2/100] (4.43ns)   --->   "%call_ret = call i1280 @compute_frenet_AB_and_next_hls, i27 %trunc_ln371_5, i27 %trunc_ln371_4, i27 %trunc_ln371_3, i27 %trunc_ln371_2, i27 %trunc_ln371_1, i18 %value_139, i27 %tmp, i27 %trunc_ln523, i19 %recip_lut_fn, i18 %sin_lut_fn, i19 %cos_lut_fn, i18 %atan_lut_fn" [../src/mpc_riccati_hls.cpp:424]   --->   Operation 626 'call' 'call_ret' <Predicate = (!icmp_ln371)> <Delay = 4.43> <CoreType = "Generic">   --->   Generic Core

State 112 <SV = 111> <Delay = 3.97>
ST_112 : Operation 627 [1/1] (0.00ns)   --->   "%lin_delta_1 = load i18 %lin_delta" [../src/mpc_riccati_hls.cpp:371]   --->   Operation 627 'load' 'lin_delta_1' <Predicate = true> <Delay = 0.00>
ST_112 : Operation 628 [1/1] (0.00ns)   --->   "%sext_ln371_1 = sext i18 %lin_delta_1" [../src/mpc_riccati_hls.cpp:371]   --->   Operation 628 'sext' 'sext_ln371_1' <Predicate = true> <Delay = 0.00>
ST_112 : Operation 629 [1/100] (2.73ns)   --->   "%call_ret = call i1280 @compute_frenet_AB_and_next_hls, i27 %trunc_ln371_5, i27 %trunc_ln371_4, i27 %trunc_ln371_3, i27 %trunc_ln371_2, i27 %trunc_ln371_1, i18 %value_139, i27 %tmp, i27 %trunc_ln523, i19 %recip_lut_fn, i18 %sin_lut_fn, i19 %cos_lut_fn, i18 %atan_lut_fn" [../src/mpc_riccati_hls.cpp:424]   --->   Operation 629 'call' 'call_ret' <Predicate = (!icmp_ln371)> <Delay = 2.73> <CoreType = "Generic">   --->   Generic Core
ST_112 : Operation 630 [1/1] (0.00ns)   --->   "%A_step = extractvalue i1280 %call_ret" [../src/mpc_riccati_hls.cpp:424]   --->   Operation 630 'extractvalue' 'A_step' <Predicate = (!icmp_ln371)> <Delay = 0.00>
ST_112 : Operation 631 [1/1] (0.00ns)   --->   "%A_step_26 = extractvalue i1280 %call_ret" [../src/mpc_riccati_hls.cpp:424]   --->   Operation 631 'extractvalue' 'A_step_26' <Predicate = (!icmp_ln371)> <Delay = 0.00>
ST_112 : Operation 632 [1/1] (0.00ns)   --->   "%A_step_27 = extractvalue i1280 %call_ret" [../src/mpc_riccati_hls.cpp:424]   --->   Operation 632 'extractvalue' 'A_step_27' <Predicate = (!icmp_ln371)> <Delay = 0.00>
ST_112 : Operation 633 [1/1] (0.00ns)   --->   "%A_step_28 = extractvalue i1280 %call_ret" [../src/mpc_riccati_hls.cpp:424]   --->   Operation 633 'extractvalue' 'A_step_28' <Predicate = (!icmp_ln371)> <Delay = 0.00>
ST_112 : Operation 634 [1/1] (0.00ns)   --->   "%A_step_29 = extractvalue i1280 %call_ret" [../src/mpc_riccati_hls.cpp:424]   --->   Operation 634 'extractvalue' 'A_step_29' <Predicate = (!icmp_ln371)> <Delay = 0.00>
ST_112 : Operation 635 [1/1] (0.00ns)   --->   "%A_step_30 = extractvalue i1280 %call_ret" [../src/mpc_riccati_hls.cpp:424]   --->   Operation 635 'extractvalue' 'A_step_30' <Predicate = (!icmp_ln371)> <Delay = 0.00>
ST_112 : Operation 636 [1/1] (0.00ns)   --->   "%A_step_31 = extractvalue i1280 %call_ret" [../src/mpc_riccati_hls.cpp:424]   --->   Operation 636 'extractvalue' 'A_step_31' <Predicate = (!icmp_ln371)> <Delay = 0.00>
ST_112 : Operation 637 [1/1] (0.00ns)   --->   "%A_step_32 = extractvalue i1280 %call_ret" [../src/mpc_riccati_hls.cpp:424]   --->   Operation 637 'extractvalue' 'A_step_32' <Predicate = (!icmp_ln371)> <Delay = 0.00>
ST_112 : Operation 638 [1/1] (0.00ns)   --->   "%A_step_33 = extractvalue i1280 %call_ret" [../src/mpc_riccati_hls.cpp:424]   --->   Operation 638 'extractvalue' 'A_step_33' <Predicate = (!icmp_ln371)> <Delay = 0.00>
ST_112 : Operation 639 [1/1] (0.00ns)   --->   "%A_step_34 = extractvalue i1280 %call_ret" [../src/mpc_riccati_hls.cpp:424]   --->   Operation 639 'extractvalue' 'A_step_34' <Predicate = (!icmp_ln371)> <Delay = 0.00>
ST_112 : Operation 640 [1/1] (0.00ns)   --->   "%A_step_35 = extractvalue i1280 %call_ret" [../src/mpc_riccati_hls.cpp:424]   --->   Operation 640 'extractvalue' 'A_step_35' <Predicate = (!icmp_ln371)> <Delay = 0.00>
ST_112 : Operation 641 [1/1] (0.00ns)   --->   "%A_step_36 = extractvalue i1280 %call_ret" [../src/mpc_riccati_hls.cpp:424]   --->   Operation 641 'extractvalue' 'A_step_36' <Predicate = (!icmp_ln371)> <Delay = 0.00>
ST_112 : Operation 642 [1/1] (0.00ns)   --->   "%A_step_37 = extractvalue i1280 %call_ret" [../src/mpc_riccati_hls.cpp:424]   --->   Operation 642 'extractvalue' 'A_step_37' <Predicate = (!icmp_ln371)> <Delay = 0.00>
ST_112 : Operation 643 [1/1] (0.00ns)   --->   "%A_step_38 = extractvalue i1280 %call_ret" [../src/mpc_riccati_hls.cpp:424]   --->   Operation 643 'extractvalue' 'A_step_38' <Predicate = (!icmp_ln371)> <Delay = 0.00>
ST_112 : Operation 644 [1/1] (0.00ns)   --->   "%A_step_39 = extractvalue i1280 %call_ret" [../src/mpc_riccati_hls.cpp:424]   --->   Operation 644 'extractvalue' 'A_step_39' <Predicate = (!icmp_ln371)> <Delay = 0.00>
ST_112 : Operation 645 [1/1] (0.00ns)   --->   "%A_step_40 = extractvalue i1280 %call_ret" [../src/mpc_riccati_hls.cpp:424]   --->   Operation 645 'extractvalue' 'A_step_40' <Predicate = (!icmp_ln371)> <Delay = 0.00>
ST_112 : Operation 646 [1/1] (0.00ns)   --->   "%A_step_41 = extractvalue i1280 %call_ret" [../src/mpc_riccati_hls.cpp:424]   --->   Operation 646 'extractvalue' 'A_step_41' <Predicate = (!icmp_ln371)> <Delay = 0.00>
ST_112 : Operation 647 [1/1] (0.00ns)   --->   "%A_step_42 = extractvalue i1280 %call_ret" [../src/mpc_riccati_hls.cpp:424]   --->   Operation 647 'extractvalue' 'A_step_42' <Predicate = (!icmp_ln371)> <Delay = 0.00>
ST_112 : Operation 648 [1/1] (0.00ns)   --->   "%A_step_43 = extractvalue i1280 %call_ret" [../src/mpc_riccati_hls.cpp:424]   --->   Operation 648 'extractvalue' 'A_step_43' <Predicate = (!icmp_ln371)> <Delay = 0.00>
ST_112 : Operation 649 [1/1] (0.00ns)   --->   "%A_step_44 = extractvalue i1280 %call_ret" [../src/mpc_riccati_hls.cpp:424]   --->   Operation 649 'extractvalue' 'A_step_44' <Predicate = (!icmp_ln371)> <Delay = 0.00>
ST_112 : Operation 650 [1/1] (0.00ns)   --->   "%A_step_45 = extractvalue i1280 %call_ret" [../src/mpc_riccati_hls.cpp:424]   --->   Operation 650 'extractvalue' 'A_step_45' <Predicate = (!icmp_ln371)> <Delay = 0.00>
ST_112 : Operation 651 [1/1] (0.00ns)   --->   "%A_step_46 = extractvalue i1280 %call_ret" [../src/mpc_riccati_hls.cpp:424]   --->   Operation 651 'extractvalue' 'A_step_46' <Predicate = (!icmp_ln371)> <Delay = 0.00>
ST_112 : Operation 652 [1/1] (0.00ns)   --->   "%A_step_47 = extractvalue i1280 %call_ret" [../src/mpc_riccati_hls.cpp:424]   --->   Operation 652 'extractvalue' 'A_step_47' <Predicate = (!icmp_ln371)> <Delay = 0.00>
ST_112 : Operation 653 [1/1] (0.00ns)   --->   "%A_step_48 = extractvalue i1280 %call_ret" [../src/mpc_riccati_hls.cpp:424]   --->   Operation 653 'extractvalue' 'A_step_48' <Predicate = (!icmp_ln371)> <Delay = 0.00>
ST_112 : Operation 654 [1/1] (0.00ns)   --->   "%A_step_49 = extractvalue i1280 %call_ret" [../src/mpc_riccati_hls.cpp:424]   --->   Operation 654 'extractvalue' 'A_step_49' <Predicate = (!icmp_ln371)> <Delay = 0.00>
ST_112 : Operation 655 [1/1] (0.00ns)   --->   "%B_step = extractvalue i1280 %call_ret" [../src/mpc_riccati_hls.cpp:424]   --->   Operation 655 'extractvalue' 'B_step' <Predicate = (!icmp_ln371)> <Delay = 0.00>
ST_112 : Operation 656 [1/1] (0.00ns)   --->   "%B_step_10 = extractvalue i1280 %call_ret" [../src/mpc_riccati_hls.cpp:424]   --->   Operation 656 'extractvalue' 'B_step_10' <Predicate = (!icmp_ln371)> <Delay = 0.00>
ST_112 : Operation 657 [1/1] (0.00ns)   --->   "%B_step_11 = extractvalue i1280 %call_ret" [../src/mpc_riccati_hls.cpp:424]   --->   Operation 657 'extractvalue' 'B_step_11' <Predicate = (!icmp_ln371)> <Delay = 0.00>
ST_112 : Operation 658 [1/1] (0.00ns)   --->   "%B_step_12 = extractvalue i1280 %call_ret" [../src/mpc_riccati_hls.cpp:424]   --->   Operation 658 'extractvalue' 'B_step_12' <Predicate = (!icmp_ln371)> <Delay = 0.00>
ST_112 : Operation 659 [1/1] (0.00ns)   --->   "%B_step_13 = extractvalue i1280 %call_ret" [../src/mpc_riccati_hls.cpp:424]   --->   Operation 659 'extractvalue' 'B_step_13' <Predicate = (!icmp_ln371)> <Delay = 0.00>
ST_112 : Operation 660 [1/1] (0.00ns)   --->   "%B_step_5 = extractvalue i1280 %call_ret" [../src/mpc_riccati_hls.cpp:424]   --->   Operation 660 'extractvalue' 'B_step_5' <Predicate = (!icmp_ln371)> <Delay = 0.00>
ST_112 : Operation 661 [1/1] (0.00ns)   --->   "%B_step_6 = extractvalue i1280 %call_ret" [../src/mpc_riccati_hls.cpp:424]   --->   Operation 661 'extractvalue' 'B_step_6' <Predicate = (!icmp_ln371)> <Delay = 0.00>
ST_112 : Operation 662 [1/1] (0.00ns)   --->   "%B_step_14 = extractvalue i1280 %call_ret" [../src/mpc_riccati_hls.cpp:424]   --->   Operation 662 'extractvalue' 'B_step_14' <Predicate = (!icmp_ln371)> <Delay = 0.00>
ST_112 : Operation 663 [1/1] (0.00ns)   --->   "%B_step_15 = extractvalue i1280 %call_ret" [../src/mpc_riccati_hls.cpp:424]   --->   Operation 663 'extractvalue' 'B_step_15' <Predicate = (!icmp_ln371)> <Delay = 0.00>
ST_112 : Operation 664 [1/1] (0.00ns)   --->   "%B_step_16 = extractvalue i1280 %call_ret" [../src/mpc_riccati_hls.cpp:424]   --->   Operation 664 'extractvalue' 'B_step_16' <Predicate = (!icmp_ln371)> <Delay = 0.00>
ST_112 : Operation 665 [1/1] (0.00ns)   --->   "%next_frenet = extractvalue i1280 %call_ret" [../src/mpc_riccati_hls.cpp:424]   --->   Operation 665 'extractvalue' 'next_frenet' <Predicate = (!icmp_ln371)> <Delay = 0.00>
ST_112 : Operation 666 [1/1] (0.00ns)   --->   "%next_frenet_1 = extractvalue i1280 %call_ret" [../src/mpc_riccati_hls.cpp:424]   --->   Operation 666 'extractvalue' 'next_frenet_1' <Predicate = (!icmp_ln371)> <Delay = 0.00>
ST_112 : Operation 667 [1/1] (0.00ns)   --->   "%next_frenet_2 = extractvalue i1280 %call_ret" [../src/mpc_riccati_hls.cpp:424]   --->   Operation 667 'extractvalue' 'next_frenet_2' <Predicate = (!icmp_ln371)> <Delay = 0.00>
ST_112 : Operation 668 [1/1] (0.00ns)   --->   "%next_frenet_3 = extractvalue i1280 %call_ret" [../src/mpc_riccati_hls.cpp:424]   --->   Operation 668 'extractvalue' 'next_frenet_3' <Predicate = (!icmp_ln371)> <Delay = 0.00>
ST_112 : Operation 669 [1/1] (0.00ns)   --->   "%next_frenet_4 = extractvalue i1280 %call_ret" [../src/mpc_riccati_hls.cpp:424]   --->   Operation 669 'extractvalue' 'next_frenet_4' <Predicate = (!icmp_ln371)> <Delay = 0.00>
ST_112 : Operation 670 [1/1] (0.00ns)   --->   "%tmp_10 = bitselect i1 @_ssdm_op_BitSelect.i1.i32.i32, i32 %A_step_49, i32 31" [include/fp_math_hls.h:118->../src/mpc_riccati_hls.cpp:434]   --->   Operation 670 'bitselect' 'tmp_10' <Predicate = (!icmp_ln371)> <Delay = 0.00>
ST_112 : Operation 671 [1/1] (1.01ns)   --->   "%sub_ln118 = sub i32 0, i32 %A_step_49" [include/fp_math_hls.h:118->../src/mpc_riccati_hls.cpp:434]   --->   Operation 671 'sub' 'sub_ln118' <Predicate = (!icmp_ln371)> <Delay = 1.01> <CoreInst = "Adder">   --->   Core 1 'Adder' <Latency = 0> <II = 1> <Delay = 1.01> <FuncUnit> <Opcode : 'add' 'sub'> <InPorts = 2> <OutPorts = 1>
ST_112 : Operation 672 [1/1] (0.00ns)   --->   "%sext_ln326 = sext i28 %product_q_2" [../src/fp_math_hls.cpp:326->../src/mpc_riccati_hls.cpp:450]   --->   Operation 672 'sext' 'sext_ln326' <Predicate = (!icmp_ln371)> <Delay = 0.00>
ST_112 : Operation 673 [1/1] (0.97ns)   --->   "%val_4 = add i29 %sext_ln326, i29 %sext_ln371_1" [../src/mpc_riccati_hls.cpp:449]   --->   Operation 673 'add' 'val_4' <Predicate = (!icmp_ln371)> <Delay = 0.97> <CoreInst = "Adder">   --->   Core 1 'Adder' <Latency = 0> <II = 1> <Delay = 0.97> <FuncUnit> <Opcode : 'add' 'sub'> <InPorts = 2> <OutPorts = 1>
ST_112 : Operation 674 [1/1] (0.00ns) (grouped into LUT with out node lin_delta_2)   --->   "%trunc_ln126_1 = trunc i29 %val_4" [include/fp_math_hls.h:126->../src/mpc_riccati_hls.cpp:449]   --->   Operation 674 'trunc' 'trunc_ln126_1' <Predicate = (!icmp_ln371)> <Delay = 0.00>
ST_112 : Operation 675 [1/1] (0.98ns)   --->   "%icmp_ln128_4 = icmp_slt  i29 %val_4, i29 536768676" [include/fp_math_hls.h:128->../src/mpc_riccati_hls.cpp:449]   --->   Operation 675 'icmp' 'icmp_ln128_4' <Predicate = (!icmp_ln371)> <Delay = 0.98> <CoreInst = "Cmp">   --->   Core 9 'Cmp' <Latency = 0> <II = 1> <Delay = 0.98> <FuncUnit> <Opcode : 'seteq' 'setne' 'setle' 'setge' 'setlt' 'setgt'> <InPorts = 2> <OutPorts = 1>
ST_112 : Operation 676 [1/1] (0.98ns)   --->   "%icmp_ln130_4 = icmp_sgt  i29 %val_4, i29 102236" [include/fp_math_hls.h:130->../src/mpc_riccati_hls.cpp:449]   --->   Operation 676 'icmp' 'icmp_ln130_4' <Predicate = (!icmp_ln371)> <Delay = 0.98> <CoreInst = "Cmp">   --->   Core 9 'Cmp' <Latency = 0> <II = 1> <Delay = 0.98> <FuncUnit> <Opcode : 'seteq' 'setne' 'setle' 'setge' 'setlt' 'setgt'> <InPorts = 2> <OutPorts = 1>
ST_112 : Operation 677 [1/1] (0.00ns) (grouped into LUT with out node lin_delta_2)   --->   "%select_ln130_3 = select i1 %icmp_ln128_4, i18 159908, i18 102236" [include/fp_math_hls.h:128->../src/mpc_riccati_hls.cpp:449]   --->   Operation 677 'select' 'select_ln130_3' <Predicate = (!icmp_ln371)> <Delay = 0.00> <CoreInst = "Sel">   --->   Core 73 'Sel' <Latency = 0> <II = 1> <Delay = 0.36> <FuncUnit> <Opcode : 'select'> <InPorts = 3> <OutPorts = 1>
ST_112 : Operation 678 [1/1] (0.00ns) (grouped into LUT with out node lin_delta_2)   --->   "%empty_596 = or i1 %icmp_ln128_4, i1 %icmp_ln130_4" [include/fp_math_hls.h:128->../src/mpc_riccati_hls.cpp:449]   --->   Operation 678 'or' 'empty_596' <Predicate = (!icmp_ln371)> <Delay = 0.00> <CoreInst = "LogicGate">   --->   Core 74 'LogicGate' <Latency = 0> <II = 1> <Delay = 0.28> <FuncUnit> <Opcode : 'and' 'or' 'xor'> <InPorts = 2> <OutPorts = 1>
ST_112 : Operation 679 [1/1] (0.36ns) (out node of the LUT)   --->   "%lin_delta_2 = select i1 %empty_596, i18 %select_ln130_3, i18 %trunc_ln126_1" [include/fp_math_hls.h:128->../src/mpc_riccati_hls.cpp:449]   --->   Operation 679 'select' 'lin_delta_2' <Predicate = (!icmp_ln371)> <Delay = 0.36> <CoreInst = "Sel">   --->   Core 73 'Sel' <Latency = 0> <II = 1> <Delay = 0.36> <FuncUnit> <Opcode : 'select'> <InPorts = 3> <OutPorts = 1>
ST_112 : Operation 680 [1/1] (0.00ns)   --->   "%step_data_0_0_0_addr = getelementptr i32 %step_data_0_0_0, i64 0, i64 %zext_ln371" [../src/mpc_riccati_hls.cpp:464]   --->   Operation 680 'getelementptr' 'step_data_0_0_0_addr' <Predicate = (!icmp_ln371)> <Delay = 0.00>
ST_112 : Operation 681 [1/1] ( I:1.23ns O:1.23ns )   --->   "%store_ln464 = store i32 %A_step, i5 %step_data_0_0_0_addr" [../src/mpc_riccati_hls.cpp:464]   --->   Operation 681 'store' 'store_ln464' <Predicate = (!icmp_ln371)> <Delay = 1.23> <CoreInst = "RAM_2P_BRAM">   --->   Core 93 'RAM_2P_BRAM' <Latency = 1> <II = 1> <Delay = 1.23> <Storage> <Opcode : 'load' 'store'> <Ports = 2> <Width = 32> <Depth = 20> <RAM>
ST_112 : Operation 682 [1/1] (0.00ns)   --->   "%step_data_0_0_1_addr = getelementptr i32 %step_data_0_0_1, i64 0, i64 %zext_ln371" [../src/mpc_riccati_hls.cpp:464]   --->   Operation 682 'getelementptr' 'step_data_0_0_1_addr' <Predicate = (!icmp_ln371)> <Delay = 0.00>
ST_112 : Operation 683 [1/1] ( I:1.23ns O:1.23ns )   --->   "%store_ln464 = store i32 %A_step_30, i5 %step_data_0_0_1_addr" [../src/mpc_riccati_hls.cpp:464]   --->   Operation 683 'store' 'store_ln464' <Predicate = (!icmp_ln371)> <Delay = 1.23> <CoreInst = "RAM_2P_BRAM">   --->   Core 93 'RAM_2P_BRAM' <Latency = 1> <II = 1> <Delay = 1.23> <Storage> <Opcode : 'load' 'store'> <Ports = 2> <Width = 32> <Depth = 20> <RAM>
ST_112 : Operation 684 [1/1] (0.00ns)   --->   "%step_data_0_0_2_addr = getelementptr i32 %step_data_0_0_2, i64 0, i64 %zext_ln371" [../src/mpc_riccati_hls.cpp:464]   --->   Operation 684 'getelementptr' 'step_data_0_0_2_addr' <Predicate = (!icmp_ln371)> <Delay = 0.00>
ST_112 : Operation 685 [1/1] ( I:1.23ns O:1.23ns )   --->   "%store_ln464 = store i32 %A_step_35, i5 %step_data_0_0_2_addr" [../src/mpc_riccati_hls.cpp:464]   --->   Operation 685 'store' 'store_ln464' <Predicate = (!icmp_ln371)> <Delay = 1.23> <CoreInst = "RAM_2P_BRAM">   --->   Core 93 'RAM_2P_BRAM' <Latency = 1> <II = 1> <Delay = 1.23> <Storage> <Opcode : 'load' 'store'> <Ports = 2> <Width = 32> <Depth = 20> <RAM>
ST_112 : Operation 686 [1/1] (0.00ns)   --->   "%step_data_0_0_3_addr = getelementptr i32 %step_data_0_0_3, i64 0, i64 %zext_ln371" [../src/mpc_riccati_hls.cpp:464]   --->   Operation 686 'getelementptr' 'step_data_0_0_3_addr' <Predicate = (!icmp_ln371)> <Delay = 0.00>
ST_112 : Operation 687 [1/1] ( I:1.23ns O:1.23ns )   --->   "%store_ln464 = store i32 %A_step_40, i5 %step_data_0_0_3_addr" [../src/mpc_riccati_hls.cpp:464]   --->   Operation 687 'store' 'store_ln464' <Predicate = (!icmp_ln371)> <Delay = 1.23> <CoreInst = "RAM_2P_BRAM">   --->   Core 93 'RAM_2P_BRAM' <Latency = 1> <II = 1> <Delay = 1.23> <Storage> <Opcode : 'load' 'store'> <Ports = 2> <Width = 32> <Depth = 20> <RAM>
ST_112 : Operation 688 [1/1] (0.00ns)   --->   "%step_data_0_0_4_addr = getelementptr i32 %step_data_0_0_4, i64 0, i64 %zext_ln371" [../src/mpc_riccati_hls.cpp:464]   --->   Operation 688 'getelementptr' 'step_data_0_0_4_addr' <Predicate = (!icmp_ln371)> <Delay = 0.00>
ST_112 : Operation 689 [1/1] ( I:1.23ns O:1.23ns )   --->   "%store_ln464 = store i32 %A_step_45, i5 %step_data_0_0_4_addr" [../src/mpc_riccati_hls.cpp:464]   --->   Operation 689 'store' 'store_ln464' <Predicate = (!icmp_ln371)> <Delay = 1.23> <CoreInst = "RAM_2P_BRAM">   --->   Core 93 'RAM_2P_BRAM' <Latency = 1> <II = 1> <Delay = 1.23> <Storage> <Opcode : 'load' 'store'> <Ports = 2> <Width = 32> <Depth = 20> <RAM>
ST_112 : Operation 690 [1/1] (0.00ns)   --->   "%step_data_0_1_0_addr = getelementptr i32 %step_data_0_1_0, i64 0, i64 %zext_ln371" [../src/mpc_riccati_hls.cpp:464]   --->   Operation 690 'getelementptr' 'step_data_0_1_0_addr' <Predicate = (!icmp_ln371)> <Delay = 0.00>
ST_112 : Operation 691 [1/1] ( I:1.23ns O:1.23ns )   --->   "%store_ln464 = store i32 %A_step_26, i5 %step_data_0_1_0_addr" [../src/mpc_riccati_hls.cpp:464]   --->   Operation 691 'store' 'store_ln464' <Predicate = (!icmp_ln371)> <Delay = 1.23> <CoreInst = "RAM_2P_BRAM">   --->   Core 93 'RAM_2P_BRAM' <Latency = 1> <II = 1> <Delay = 1.23> <Storage> <Opcode : 'load' 'store'> <Ports = 2> <Width = 32> <Depth = 20> <RAM>
ST_112 : Operation 692 [1/1] (0.00ns)   --->   "%step_data_0_1_1_addr = getelementptr i32 %step_data_0_1_1, i64 0, i64 %zext_ln371" [../src/mpc_riccati_hls.cpp:464]   --->   Operation 692 'getelementptr' 'step_data_0_1_1_addr' <Predicate = (!icmp_ln371)> <Delay = 0.00>
ST_112 : Operation 693 [1/1] ( I:1.23ns O:1.23ns )   --->   "%store_ln464 = store i32 %A_step_31, i5 %step_data_0_1_1_addr" [../src/mpc_riccati_hls.cpp:464]   --->   Operation 693 'store' 'store_ln464' <Predicate = (!icmp_ln371)> <Delay = 1.23> <CoreInst = "RAM_2P_BRAM">   --->   Core 93 'RAM_2P_BRAM' <Latency = 1> <II = 1> <Delay = 1.23> <Storage> <Opcode : 'load' 'store'> <Ports = 2> <Width = 32> <Depth = 20> <RAM>
ST_112 : Operation 694 [1/1] (0.00ns)   --->   "%step_data_0_1_2_addr = getelementptr i32 %step_data_0_1_2, i64 0, i64 %zext_ln371" [../src/mpc_riccati_hls.cpp:464]   --->   Operation 694 'getelementptr' 'step_data_0_1_2_addr' <Predicate = (!icmp_ln371)> <Delay = 0.00>
ST_112 : Operation 695 [1/1] ( I:1.23ns O:1.23ns )   --->   "%store_ln464 = store i32 %A_step_36, i5 %step_data_0_1_2_addr" [../src/mpc_riccati_hls.cpp:464]   --->   Operation 695 'store' 'store_ln464' <Predicate = (!icmp_ln371)> <Delay = 1.23> <CoreInst = "RAM_2P_BRAM">   --->   Core 93 'RAM_2P_BRAM' <Latency = 1> <II = 1> <Delay = 1.23> <Storage> <Opcode : 'load' 'store'> <Ports = 2> <Width = 32> <Depth = 20> <RAM>
ST_112 : Operation 696 [1/1] (0.00ns)   --->   "%step_data_0_1_3_addr = getelementptr i32 %step_data_0_1_3, i64 0, i64 %zext_ln371" [../src/mpc_riccati_hls.cpp:464]   --->   Operation 696 'getelementptr' 'step_data_0_1_3_addr' <Predicate = (!icmp_ln371)> <Delay = 0.00>
ST_112 : Operation 697 [1/1] ( I:1.23ns O:1.23ns )   --->   "%store_ln464 = store i32 %A_step_41, i5 %step_data_0_1_3_addr" [../src/mpc_riccati_hls.cpp:464]   --->   Operation 697 'store' 'store_ln464' <Predicate = (!icmp_ln371)> <Delay = 1.23> <CoreInst = "RAM_2P_BRAM">   --->   Core 93 'RAM_2P_BRAM' <Latency = 1> <II = 1> <Delay = 1.23> <Storage> <Opcode : 'load' 'store'> <Ports = 2> <Width = 32> <Depth = 20> <RAM>
ST_112 : Operation 698 [1/1] (0.00ns)   --->   "%step_data_0_1_4_addr = getelementptr i32 %step_data_0_1_4, i64 0, i64 %zext_ln371" [../src/mpc_riccati_hls.cpp:464]   --->   Operation 698 'getelementptr' 'step_data_0_1_4_addr' <Predicate = (!icmp_ln371)> <Delay = 0.00>
ST_112 : Operation 699 [1/1] ( I:1.23ns O:1.23ns )   --->   "%store_ln464 = store i32 %A_step_46, i5 %step_data_0_1_4_addr" [../src/mpc_riccati_hls.cpp:464]   --->   Operation 699 'store' 'store_ln464' <Predicate = (!icmp_ln371)> <Delay = 1.23> <CoreInst = "RAM_2P_BRAM">   --->   Core 93 'RAM_2P_BRAM' <Latency = 1> <II = 1> <Delay = 1.23> <Storage> <Opcode : 'load' 'store'> <Ports = 2> <Width = 32> <Depth = 20> <RAM>
ST_112 : Operation 700 [1/1] (0.00ns)   --->   "%step_data_0_2_0_addr = getelementptr i32 %step_data_0_2_0, i64 0, i64 %zext_ln371" [../src/mpc_riccati_hls.cpp:464]   --->   Operation 700 'getelementptr' 'step_data_0_2_0_addr' <Predicate = (!icmp_ln371)> <Delay = 0.00>
ST_112 : Operation 701 [1/1] ( I:1.23ns O:1.23ns )   --->   "%store_ln464 = store i32 %A_step_27, i5 %step_data_0_2_0_addr" [../src/mpc_riccati_hls.cpp:464]   --->   Operation 701 'store' 'store_ln464' <Predicate = (!icmp_ln371)> <Delay = 1.23> <CoreInst = "RAM_2P_BRAM">   --->   Core 93 'RAM_2P_BRAM' <Latency = 1> <II = 1> <Delay = 1.23> <Storage> <Opcode : 'load' 'store'> <Ports = 2> <Width = 32> <Depth = 20> <RAM>
ST_112 : Operation 702 [1/1] (0.00ns)   --->   "%step_data_0_2_1_addr = getelementptr i32 %step_data_0_2_1, i64 0, i64 %zext_ln371" [../src/mpc_riccati_hls.cpp:464]   --->   Operation 702 'getelementptr' 'step_data_0_2_1_addr' <Predicate = (!icmp_ln371)> <Delay = 0.00>
ST_112 : Operation 703 [1/1] ( I:1.23ns O:1.23ns )   --->   "%store_ln464 = store i32 %A_step_32, i5 %step_data_0_2_1_addr" [../src/mpc_riccati_hls.cpp:464]   --->   Operation 703 'store' 'store_ln464' <Predicate = (!icmp_ln371)> <Delay = 1.23> <CoreInst = "RAM_2P_BRAM">   --->   Core 93 'RAM_2P_BRAM' <Latency = 1> <II = 1> <Delay = 1.23> <Storage> <Opcode : 'load' 'store'> <Ports = 2> <Width = 32> <Depth = 20> <RAM>
ST_112 : Operation 704 [1/1] (0.00ns)   --->   "%step_data_0_2_2_addr = getelementptr i32 %step_data_0_2_2, i64 0, i64 %zext_ln371" [../src/mpc_riccati_hls.cpp:464]   --->   Operation 704 'getelementptr' 'step_data_0_2_2_addr' <Predicate = (!icmp_ln371)> <Delay = 0.00>
ST_112 : Operation 705 [1/1] ( I:1.23ns O:1.23ns )   --->   "%store_ln464 = store i32 %A_step_37, i5 %step_data_0_2_2_addr" [../src/mpc_riccati_hls.cpp:464]   --->   Operation 705 'store' 'store_ln464' <Predicate = (!icmp_ln371)> <Delay = 1.23> <CoreInst = "RAM_2P_BRAM">   --->   Core 93 'RAM_2P_BRAM' <Latency = 1> <II = 1> <Delay = 1.23> <Storage> <Opcode : 'load' 'store'> <Ports = 2> <Width = 32> <Depth = 20> <RAM>
ST_112 : Operation 706 [1/1] (0.00ns)   --->   "%step_data_0_2_3_addr = getelementptr i32 %step_data_0_2_3, i64 0, i64 %zext_ln371" [../src/mpc_riccati_hls.cpp:464]   --->   Operation 706 'getelementptr' 'step_data_0_2_3_addr' <Predicate = (!icmp_ln371)> <Delay = 0.00>
ST_112 : Operation 707 [1/1] ( I:1.23ns O:1.23ns )   --->   "%store_ln464 = store i32 %A_step_42, i5 %step_data_0_2_3_addr" [../src/mpc_riccati_hls.cpp:464]   --->   Operation 707 'store' 'store_ln464' <Predicate = (!icmp_ln371)> <Delay = 1.23> <CoreInst = "RAM_2P_BRAM">   --->   Core 93 'RAM_2P_BRAM' <Latency = 1> <II = 1> <Delay = 1.23> <Storage> <Opcode : 'load' 'store'> <Ports = 2> <Width = 32> <Depth = 20> <RAM>
ST_112 : Operation 708 [1/1] (0.00ns)   --->   "%step_data_0_2_4_addr = getelementptr i32 %step_data_0_2_4, i64 0, i64 %zext_ln371" [../src/mpc_riccati_hls.cpp:464]   --->   Operation 708 'getelementptr' 'step_data_0_2_4_addr' <Predicate = (!icmp_ln371)> <Delay = 0.00>
ST_112 : Operation 709 [1/1] ( I:1.23ns O:1.23ns )   --->   "%store_ln464 = store i32 %A_step_47, i5 %step_data_0_2_4_addr" [../src/mpc_riccati_hls.cpp:464]   --->   Operation 709 'store' 'store_ln464' <Predicate = (!icmp_ln371)> <Delay = 1.23> <CoreInst = "RAM_2P_BRAM">   --->   Core 93 'RAM_2P_BRAM' <Latency = 1> <II = 1> <Delay = 1.23> <Storage> <Opcode : 'load' 'store'> <Ports = 2> <Width = 32> <Depth = 20> <RAM>
ST_112 : Operation 710 [1/1] (0.00ns)   --->   "%step_data_0_3_0_addr = getelementptr i32 %step_data_0_3_0, i64 0, i64 %zext_ln371" [../src/mpc_riccati_hls.cpp:464]   --->   Operation 710 'getelementptr' 'step_data_0_3_0_addr' <Predicate = (!icmp_ln371)> <Delay = 0.00>
ST_112 : Operation 711 [1/1] ( I:1.23ns O:1.23ns )   --->   "%store_ln464 = store i32 %A_step_28, i5 %step_data_0_3_0_addr" [../src/mpc_riccati_hls.cpp:464]   --->   Operation 711 'store' 'store_ln464' <Predicate = (!icmp_ln371)> <Delay = 1.23> <CoreInst = "RAM_2P_BRAM">   --->   Core 93 'RAM_2P_BRAM' <Latency = 1> <II = 1> <Delay = 1.23> <Storage> <Opcode : 'load' 'store'> <Ports = 2> <Width = 32> <Depth = 20> <RAM>
ST_112 : Operation 712 [1/1] (0.00ns)   --->   "%step_data_0_3_1_addr = getelementptr i32 %step_data_0_3_1, i64 0, i64 %zext_ln371" [../src/mpc_riccati_hls.cpp:464]   --->   Operation 712 'getelementptr' 'step_data_0_3_1_addr' <Predicate = (!icmp_ln371)> <Delay = 0.00>
ST_112 : Operation 713 [1/1] ( I:1.23ns O:1.23ns )   --->   "%store_ln464 = store i32 %A_step_33, i5 %step_data_0_3_1_addr" [../src/mpc_riccati_hls.cpp:464]   --->   Operation 713 'store' 'store_ln464' <Predicate = (!icmp_ln371)> <Delay = 1.23> <CoreInst = "RAM_2P_BRAM">   --->   Core 93 'RAM_2P_BRAM' <Latency = 1> <II = 1> <Delay = 1.23> <Storage> <Opcode : 'load' 'store'> <Ports = 2> <Width = 32> <Depth = 20> <RAM>
ST_112 : Operation 714 [1/1] (0.00ns)   --->   "%step_data_0_3_2_addr = getelementptr i32 %step_data_0_3_2, i64 0, i64 %zext_ln371" [../src/mpc_riccati_hls.cpp:464]   --->   Operation 714 'getelementptr' 'step_data_0_3_2_addr' <Predicate = (!icmp_ln371)> <Delay = 0.00>
ST_112 : Operation 715 [1/1] ( I:1.23ns O:1.23ns )   --->   "%store_ln464 = store i32 %A_step_38, i5 %step_data_0_3_2_addr" [../src/mpc_riccati_hls.cpp:464]   --->   Operation 715 'store' 'store_ln464' <Predicate = (!icmp_ln371)> <Delay = 1.23> <CoreInst = "RAM_2P_BRAM">   --->   Core 93 'RAM_2P_BRAM' <Latency = 1> <II = 1> <Delay = 1.23> <Storage> <Opcode : 'load' 'store'> <Ports = 2> <Width = 32> <Depth = 20> <RAM>
ST_112 : Operation 716 [1/1] (0.00ns)   --->   "%step_data_0_3_3_addr = getelementptr i32 %step_data_0_3_3, i64 0, i64 %zext_ln371" [../src/mpc_riccati_hls.cpp:464]   --->   Operation 716 'getelementptr' 'step_data_0_3_3_addr' <Predicate = (!icmp_ln371)> <Delay = 0.00>
ST_112 : Operation 717 [1/1] ( I:1.23ns O:1.23ns )   --->   "%store_ln464 = store i32 %A_step_43, i5 %step_data_0_3_3_addr" [../src/mpc_riccati_hls.cpp:464]   --->   Operation 717 'store' 'store_ln464' <Predicate = (!icmp_ln371)> <Delay = 1.23> <CoreInst = "RAM_2P_BRAM">   --->   Core 93 'RAM_2P_BRAM' <Latency = 1> <II = 1> <Delay = 1.23> <Storage> <Opcode : 'load' 'store'> <Ports = 2> <Width = 32> <Depth = 20> <RAM>
ST_112 : Operation 718 [1/1] (0.00ns)   --->   "%step_data_0_3_4_addr = getelementptr i32 %step_data_0_3_4, i64 0, i64 %zext_ln371" [../src/mpc_riccati_hls.cpp:464]   --->   Operation 718 'getelementptr' 'step_data_0_3_4_addr' <Predicate = (!icmp_ln371)> <Delay = 0.00>
ST_112 : Operation 719 [1/1] ( I:1.23ns O:1.23ns )   --->   "%store_ln464 = store i32 %A_step_48, i5 %step_data_0_3_4_addr" [../src/mpc_riccati_hls.cpp:464]   --->   Operation 719 'store' 'store_ln464' <Predicate = (!icmp_ln371)> <Delay = 1.23> <CoreInst = "RAM_2P_BRAM">   --->   Core 93 'RAM_2P_BRAM' <Latency = 1> <II = 1> <Delay = 1.23> <Storage> <Opcode : 'load' 'store'> <Ports = 2> <Width = 32> <Depth = 20> <RAM>
ST_112 : Operation 720 [1/1] (0.00ns)   --->   "%step_data_0_4_0_addr = getelementptr i32 %step_data_0_4_0, i64 0, i64 %zext_ln371" [../src/mpc_riccati_hls.cpp:464]   --->   Operation 720 'getelementptr' 'step_data_0_4_0_addr' <Predicate = (!icmp_ln371)> <Delay = 0.00>
ST_112 : Operation 721 [1/1] ( I:1.23ns O:1.23ns )   --->   "%store_ln464 = store i32 %A_step_29, i5 %step_data_0_4_0_addr" [../src/mpc_riccati_hls.cpp:464]   --->   Operation 721 'store' 'store_ln464' <Predicate = (!icmp_ln371)> <Delay = 1.23> <CoreInst = "RAM_2P_BRAM">   --->   Core 93 'RAM_2P_BRAM' <Latency = 1> <II = 1> <Delay = 1.23> <Storage> <Opcode : 'load' 'store'> <Ports = 2> <Width = 32> <Depth = 20> <RAM>
ST_112 : Operation 722 [1/1] (0.00ns)   --->   "%step_data_0_4_1_addr = getelementptr i32 %step_data_0_4_1, i64 0, i64 %zext_ln371" [../src/mpc_riccati_hls.cpp:464]   --->   Operation 722 'getelementptr' 'step_data_0_4_1_addr' <Predicate = (!icmp_ln371)> <Delay = 0.00>
ST_112 : Operation 723 [1/1] ( I:1.23ns O:1.23ns )   --->   "%store_ln464 = store i32 %A_step_34, i5 %step_data_0_4_1_addr" [../src/mpc_riccati_hls.cpp:464]   --->   Operation 723 'store' 'store_ln464' <Predicate = (!icmp_ln371)> <Delay = 1.23> <CoreInst = "RAM_2P_BRAM">   --->   Core 93 'RAM_2P_BRAM' <Latency = 1> <II = 1> <Delay = 1.23> <Storage> <Opcode : 'load' 'store'> <Ports = 2> <Width = 32> <Depth = 20> <RAM>
ST_112 : Operation 724 [1/1] (0.00ns)   --->   "%step_data_0_4_2_addr = getelementptr i32 %step_data_0_4_2, i64 0, i64 %zext_ln371" [../src/mpc_riccati_hls.cpp:464]   --->   Operation 724 'getelementptr' 'step_data_0_4_2_addr' <Predicate = (!icmp_ln371)> <Delay = 0.00>
ST_112 : Operation 725 [1/1] ( I:1.23ns O:1.23ns )   --->   "%store_ln464 = store i32 %A_step_39, i5 %step_data_0_4_2_addr" [../src/mpc_riccati_hls.cpp:464]   --->   Operation 725 'store' 'store_ln464' <Predicate = (!icmp_ln371)> <Delay = 1.23> <CoreInst = "RAM_2P_BRAM">   --->   Core 93 'RAM_2P_BRAM' <Latency = 1> <II = 1> <Delay = 1.23> <Storage> <Opcode : 'load' 'store'> <Ports = 2> <Width = 32> <Depth = 20> <RAM>
ST_112 : Operation 726 [1/1] (0.00ns)   --->   "%step_data_0_4_3_addr = getelementptr i32 %step_data_0_4_3, i64 0, i64 %zext_ln371" [../src/mpc_riccati_hls.cpp:464]   --->   Operation 726 'getelementptr' 'step_data_0_4_3_addr' <Predicate = (!icmp_ln371)> <Delay = 0.00>
ST_112 : Operation 727 [1/1] ( I:1.23ns O:1.23ns )   --->   "%store_ln464 = store i32 %A_step_44, i5 %step_data_0_4_3_addr" [../src/mpc_riccati_hls.cpp:464]   --->   Operation 727 'store' 'store_ln464' <Predicate = (!icmp_ln371)> <Delay = 1.23> <CoreInst = "RAM_2P_BRAM">   --->   Core 93 'RAM_2P_BRAM' <Latency = 1> <II = 1> <Delay = 1.23> <Storage> <Opcode : 'load' 'store'> <Ports = 2> <Width = 32> <Depth = 20> <RAM>
ST_112 : Operation 728 [1/1] (0.00ns)   --->   "%step_data_0_0_5_addr = getelementptr i32 %step_data_0_0_5, i64 0, i64 %zext_ln371" [../src/mpc_riccati_hls.cpp:470]   --->   Operation 728 'getelementptr' 'step_data_0_0_5_addr' <Predicate = (!icmp_ln371)> <Delay = 0.00>
ST_112 : Operation 729 [1/1] ( I:1.23ns O:1.23ns )   --->   "%store_ln470 = store i32 %B_step, i5 %step_data_0_0_5_addr" [../src/mpc_riccati_hls.cpp:470]   --->   Operation 729 'store' 'store_ln470' <Predicate = (!icmp_ln371)> <Delay = 1.23> <CoreInst = "RAM_2P_BRAM">   --->   Core 93 'RAM_2P_BRAM' <Latency = 1> <II = 1> <Delay = 1.23> <Storage> <Opcode : 'load' 'store'> <Ports = 2> <Width = 32> <Depth = 20> <RAM>
ST_112 : Operation 730 [1/1] (0.00ns)   --->   "%step_data_0_1_5_addr = getelementptr i32 %step_data_0_1_5, i64 0, i64 %zext_ln371" [../src/mpc_riccati_hls.cpp:470]   --->   Operation 730 'getelementptr' 'step_data_0_1_5_addr' <Predicate = (!icmp_ln371)> <Delay = 0.00>
ST_112 : Operation 731 [1/1] ( I:1.23ns O:1.23ns )   --->   "%store_ln470 = store i32 %B_step_10, i5 %step_data_0_1_5_addr" [../src/mpc_riccati_hls.cpp:470]   --->   Operation 731 'store' 'store_ln470' <Predicate = (!icmp_ln371)> <Delay = 1.23> <CoreInst = "RAM_2P_BRAM">   --->   Core 93 'RAM_2P_BRAM' <Latency = 1> <II = 1> <Delay = 1.23> <Storage> <Opcode : 'load' 'store'> <Ports = 2> <Width = 32> <Depth = 20> <RAM>
ST_112 : Operation 732 [1/1] (0.00ns)   --->   "%step_data_0_2_5_addr = getelementptr i32 %step_data_0_2_5, i64 0, i64 %zext_ln371" [../src/mpc_riccati_hls.cpp:470]   --->   Operation 732 'getelementptr' 'step_data_0_2_5_addr' <Predicate = (!icmp_ln371)> <Delay = 0.00>
ST_112 : Operation 733 [1/1] ( I:1.23ns O:1.23ns )   --->   "%store_ln470 = store i32 %B_step_11, i5 %step_data_0_2_5_addr" [../src/mpc_riccati_hls.cpp:470]   --->   Operation 733 'store' 'store_ln470' <Predicate = (!icmp_ln371)> <Delay = 1.23> <CoreInst = "RAM_2P_BRAM">   --->   Core 93 'RAM_2P_BRAM' <Latency = 1> <II = 1> <Delay = 1.23> <Storage> <Opcode : 'load' 'store'> <Ports = 2> <Width = 32> <Depth = 20> <RAM>
ST_112 : Operation 734 [1/1] (0.00ns)   --->   "%step_data_0_3_5_addr = getelementptr i32 %step_data_0_3_5, i64 0, i64 %zext_ln371" [../src/mpc_riccati_hls.cpp:470]   --->   Operation 734 'getelementptr' 'step_data_0_3_5_addr' <Predicate = (!icmp_ln371)> <Delay = 0.00>
ST_112 : Operation 735 [1/1] ( I:1.23ns O:1.23ns )   --->   "%store_ln470 = store i32 %B_step_12, i5 %step_data_0_3_5_addr" [../src/mpc_riccati_hls.cpp:470]   --->   Operation 735 'store' 'store_ln470' <Predicate = (!icmp_ln371)> <Delay = 1.23> <CoreInst = "RAM_2P_BRAM">   --->   Core 93 'RAM_2P_BRAM' <Latency = 1> <II = 1> <Delay = 1.23> <Storage> <Opcode : 'load' 'store'> <Ports = 2> <Width = 32> <Depth = 20> <RAM>
ST_112 : Operation 736 [1/1] (0.00ns)   --->   "%step_data_0_4_5_addr = getelementptr i32 %step_data_0_4_5, i64 0, i64 %zext_ln371" [../src/mpc_riccati_hls.cpp:470]   --->   Operation 736 'getelementptr' 'step_data_0_4_5_addr' <Predicate = (!icmp_ln371)> <Delay = 0.00>
ST_112 : Operation 737 [1/1] ( I:1.23ns O:1.23ns )   --->   "%store_ln470 = store i32 %B_step_13, i5 %step_data_0_4_5_addr" [../src/mpc_riccati_hls.cpp:470]   --->   Operation 737 'store' 'store_ln470' <Predicate = (!icmp_ln371)> <Delay = 1.23> <CoreInst = "RAM_2P_BRAM">   --->   Core 93 'RAM_2P_BRAM' <Latency = 1> <II = 1> <Delay = 1.23> <Storage> <Opcode : 'load' 'store'> <Ports = 2> <Width = 32> <Depth = 20> <RAM>
ST_112 : Operation 738 [1/1] (0.00ns)   --->   "%B_sparse_1_addr = getelementptr i32 %B_sparse_1, i64 0, i64 %zext_ln371" [../src/mpc_riccati_hls.cpp:475]   --->   Operation 738 'getelementptr' 'B_sparse_1_addr' <Predicate = (!icmp_ln371)> <Delay = 0.00>
ST_112 : Operation 739 [1/1] (0.00ns)   --->   "%B_sparse_2_addr = getelementptr i32 %B_sparse_2, i64 0, i64 %zext_ln371" [../src/mpc_riccati_hls.cpp:476]   --->   Operation 739 'getelementptr' 'B_sparse_2_addr' <Predicate = (!icmp_ln371)> <Delay = 0.00>
ST_112 : Operation 740 [1/1] (0.00ns)   --->   "%B_sparse_3_addr = getelementptr i32 %B_sparse_3, i64 0, i64 %zext_ln371" [../src/mpc_riccati_hls.cpp:477]   --->   Operation 740 'getelementptr' 'B_sparse_3_addr' <Predicate = (!icmp_ln371)> <Delay = 0.00>
ST_112 : Operation 741 [1/1] ( I:0.67ns O:0.67ns )   --->   "%store_ln475 = store i32 %B_step_14, i5 %B_sparse_1_addr" [../src/mpc_riccati_hls.cpp:475]   --->   Operation 741 'store' 'store_ln475' <Predicate = (!icmp_ln371)> <Delay = 0.67> <CoreInst = "RAM">   --->   Core 82 'RAM' <Latency = 1> <II = 1> <Delay = 0.67> <Storage> <Opcode : 'load' 'store'> <Ports = 2> <Width = 32> <Depth = 20> <RAM>
ST_112 : Operation 742 [1/1] ( I:0.67ns O:0.67ns )   --->   "%store_ln476 = store i32 %B_step_15, i5 %B_sparse_2_addr" [../src/mpc_riccati_hls.cpp:476]   --->   Operation 742 'store' 'store_ln476' <Predicate = (!icmp_ln371)> <Delay = 0.67> <CoreInst = "RAM">   --->   Core 82 'RAM' <Latency = 1> <II = 1> <Delay = 0.67> <Storage> <Opcode : 'load' 'store'> <Ports = 2> <Width = 32> <Depth = 20> <RAM>
ST_112 : Operation 743 [1/1] ( I:0.67ns O:0.67ns )   --->   "%store_ln477 = store i32 %B_step_16, i5 %B_sparse_3_addr" [../src/mpc_riccati_hls.cpp:477]   --->   Operation 743 'store' 'store_ln477' <Predicate = (!icmp_ln371)> <Delay = 0.67> <CoreInst = "RAM">   --->   Core 82 'RAM' <Latency = 1> <II = 1> <Delay = 0.67> <Storage> <Opcode : 'load' 'store'> <Ports = 2> <Width = 32> <Depth = 20> <RAM>
ST_112 : Operation 744 [1/1] (0.42ns)   --->   "%store_ln424 = store i32 %next_frenet_4, i32 %lin_omega_0158_0_0_0" [../src/mpc_riccati_hls.cpp:424]   --->   Operation 744 'store' 'store_ln424' <Predicate = (!icmp_ln371)> <Delay = 0.42>
ST_112 : Operation 745 [1/1] (0.42ns)   --->   "%store_ln424 = store i32 %next_frenet_3, i32 %lin_vy_0157_0_0_0" [../src/mpc_riccati_hls.cpp:424]   --->   Operation 745 'store' 'store_ln424' <Predicate = (!icmp_ln371)> <Delay = 0.42>
ST_112 : Operation 746 [1/1] (0.42ns)   --->   "%store_ln394 = store i32 %next_frenet_2, i32 %lin_vx_k" [../src/mpc_riccati_hls.cpp:394]   --->   Operation 746 'store' 'store_ln394' <Predicate = (!icmp_ln371)> <Delay = 0.42>
ST_112 : Operation 747 [1/1] (0.42ns)   --->   "%store_ln424 = store i32 %next_frenet, i32 %lin_ey_0152_0_0_0" [../src/mpc_riccati_hls.cpp:424]   --->   Operation 747 'store' 'store_ln424' <Predicate = (!icmp_ln371)> <Delay = 0.42>
ST_112 : Operation 748 [1/1] (0.42ns)   --->   "%store_ln424 = store i32 %next_frenet_1, i32 %lin_epsi_0151_0_0_0" [../src/mpc_riccati_hls.cpp:424]   --->   Operation 748 'store' 'store_ln424' <Predicate = (!icmp_ln371)> <Delay = 0.42>
ST_112 : Operation 749 [1/1] (0.42ns)   --->   "%store_ln346 = store i18 %lin_delta_2, i18 %lin_delta" [../src/mpc_riccati_hls.cpp:346]   --->   Operation 749 'store' 'store_ln346' <Predicate = (!icmp_ln371)> <Delay = 0.42>
ST_112 : Operation 750 [1/1] (0.00ns)   --->   "%br_ln371 = br void %for.body28" [../src/mpc_riccati_hls.cpp:371]   --->   Operation 750 'br' 'br_ln371' <Predicate = (!icmp_ln371)> <Delay = 0.00>

State 113 <SV = 112> <Delay = 3.75>
ST_113 : Operation 751 [1/1] (0.00ns)   --->   "%sext_ln371 = sext i18 %lin_delta_1" [../src/mpc_riccati_hls.cpp:371]   --->   Operation 751 'sext' 'sext_ln371' <Predicate = true> <Delay = 0.00>
ST_113 : Operation 752 [1/1] (0.00ns)   --->   "%zext_ln394 = zext i18 %value_139" [../src/mpc_riccati_hls.cpp:394]   --->   Operation 752 'zext' 'zext_ln394' <Predicate = (!icmp_ln371)> <Delay = 0.00>
ST_113 : Operation 753 [1/1] (0.00ns) (grouped into LUT with out node icmp_ln434)   --->   "%select_ln118 = select i1 %tmp_10, i32 %sub_ln118, i32 %A_step_49" [include/fp_math_hls.h:118->../src/mpc_riccati_hls.cpp:434]   --->   Operation 753 'select' 'select_ln118' <Predicate = (!icmp_ln371)> <Delay = 0.00> <CoreInst = "Sel">   --->   Core 73 'Sel' <Latency = 0> <II = 1> <Delay = 0.44> <FuncUnit> <Opcode : 'select'> <InPorts = 3> <OutPorts = 1>
ST_113 : Operation 754 [1/1] (1.01ns) (out node of the LUT)   --->   "%icmp_ln434 = icmp_sgt  i32 %select_ln118, i32 249036" [../src/mpc_riccati_hls.cpp:434]   --->   Operation 754 'icmp' 'icmp_ln434' <Predicate = (!icmp_ln371)> <Delay = 1.01> <CoreInst = "Cmp">   --->   Core 9 'Cmp' <Latency = 0> <II = 1> <Delay = 1.01> <FuncUnit> <Opcode : 'seteq' 'setne' 'setle' 'setge' 'setlt' 'setgt'> <InPorts = 2> <OutPorts = 1>
ST_113 : Operation 755 [1/1] (0.00ns) (grouped into LUT with out node A_step_50)   --->   "%select_ln380_cast = select i1 %tmp_10, i32 4294718260, i32 249036" [include/fp_math_hls.h:118->../src/mpc_riccati_hls.cpp:434]   --->   Operation 755 'select' 'select_ln380_cast' <Predicate = (!icmp_ln371)> <Delay = 0.00> <CoreInst = "Sel">   --->   Core 73 'Sel' <Latency = 0> <II = 1> <Delay = 0.36> <FuncUnit> <Opcode : 'select'> <InPorts = 3> <OutPorts = 1>
ST_113 : Operation 756 [1/1] (0.44ns) (out node of the LUT)   --->   "%A_step_50 = select i1 %icmp_ln434, i32 %select_ln380_cast, i32 %A_step_49" [../src/mpc_riccati_hls.cpp:434]   --->   Operation 756 'select' 'A_step_50' <Predicate = (!icmp_ln371)> <Delay = 0.44> <CoreInst = "Sel">   --->   Core 73 'Sel' <Latency = 0> <II = 1> <Delay = 0.44> <FuncUnit> <Opcode : 'select'> <InPorts = 3> <OutPorts = 1>
ST_113 : Operation 757 [1/1] (0.00ns)   --->   "%sext_ln523 = sext i18 %lin_delta_2" [include/fp_types_hls.hpp:523->../src/mpc_riccati_hls.cpp:464]   --->   Operation 757 'sext' 'sext_ln523' <Predicate = (!icmp_ln371)> <Delay = 0.00>
ST_113 : Operation 758 [1/1] (0.00ns)   --->   "%step_data_0_4_4_addr = getelementptr i32 %step_data_0_4_4, i64 0, i64 %zext_ln371" [../src/mpc_riccati_hls.cpp:464]   --->   Operation 758 'getelementptr' 'step_data_0_4_4_addr' <Predicate = (!icmp_ln371)> <Delay = 0.00>
ST_113 : Operation 759 [1/1] ( I:1.23ns O:1.23ns )   --->   "%store_ln464 = store i32 %A_step_50, i5 %step_data_0_4_4_addr" [../src/mpc_riccati_hls.cpp:464]   --->   Operation 759 'store' 'store_ln464' <Predicate = (!icmp_ln371)> <Delay = 1.23> <CoreInst = "RAM_2P_BRAM">   --->   Core 93 'RAM_2P_BRAM' <Latency = 1> <II = 1> <Delay = 1.23> <Storage> <Opcode : 'load' 'store'> <Ports = 2> <Width = 32> <Depth = 20> <RAM>
ST_113 : Operation 760 [34/34] (2.29ns)   --->   "%call_ln481 = call void @compute_affine_bias_dense_hls, i32 %A_step, i32 %A_step_26, i32 %A_step_27, i32 %A_step_28, i32 %A_step_29, i32 %A_step_30, i32 %A_step_31, i32 %A_step_32, i32 %A_step_33, i32 %A_step_34, i32 %A_step_35, i32 %A_step_36, i32 %A_step_37, i32 %A_step_38, i32 %A_step_39, i32 %A_step_40, i32 %A_step_41, i32 %A_step_42, i32 %A_step_43, i32 %A_step_44, i32 %A_step_45, i32 %A_step_46, i32 %A_step_47, i32 %A_step_48, i32 %A_step_50, i32 %B_step, i32 %B_step_10, i32 %B_step_11, i32 %B_step_12, i32 %B_step_13, i32 %B_step_5, i32 %B_step_6, i32 %B_step_14, i32 %B_step_15, i32 %B_step_16, i32 %lin_ey_0152_0_0_0_load, i32 %lin_epsi_0151_0_0_0_load, i32 %lin_vx_k_load, i32 %lin_vy_0157_0_0_0_load, i32 %lin_omega_0158_0_0_0_load, i32 %sext_ln371, i32 %b_load, i32 %x0_2_read, i32 %zext_ln394, i32 %next_frenet, i32 %next_frenet_1, i32 %next_frenet_2, i32 %next_frenet_3, i32 %next_frenet_4, i32 %sext_ln523, i32 %step_data_1, i64 %zext_ln371" [../src/mpc_riccati_hls.cpp:481]   --->   Operation 760 'call' 'call_ln481' <Predicate = (!icmp_ln371)> <Delay = 2.29> <CoreType = "Generic">   --->   Generic Core
ST_113 : Operation 815 [1/1] (0.00ns)   --->   "%terminal_wall_x_lb_con_load = load i32 %terminal_wall_x_lb_con"   --->   Operation 815 'load' 'terminal_wall_x_lb_con_load' <Predicate = (icmp_ln371)> <Delay = 0.00>
ST_113 : Operation 816 [1/1] (0.00ns)   --->   "%terminal_wall_x_ub_con_load = load i32 %terminal_wall_x_ub_con"   --->   Operation 816 'load' 'terminal_wall_x_ub_con_load' <Predicate = (icmp_ln371)> <Delay = 0.00>
ST_113 : Operation 817 [1/1] (0.00ns)   --->   "%terminal_dff_raw_0153_0_0_0_load = load i32 %terminal_dff_raw_0153_0_0_0"   --->   Operation 817 'load' 'terminal_dff_raw_0153_0_0_0_load' <Predicate = (icmp_ln371)> <Delay = 0.00>
ST_113 : Operation 818 [1/1] (0.00ns)   --->   "%out_144_load = load i32 %out_144"   --->   Operation 818 'load' 'out_144_load' <Predicate = (icmp_ln371)> <Delay = 0.00>
ST_113 : Operation 819 [1/1] (0.00ns)   --->   "%write_ln0 = write void @_ssdm_op_Write.ap_auto.i32P0A, i32 %out_144_out, i32 %out_144_load"   --->   Operation 819 'write' 'write_ln0' <Predicate = (icmp_ln371)> <Delay = 0.00>
ST_113 : Operation 820 [1/1] (0.00ns)   --->   "%write_ln0 = write void @_ssdm_op_Write.ap_auto.i32P0A, i32 %terminal_dff_raw_0153_0_0_0_out, i32 %terminal_dff_raw_0153_0_0_0_load"   --->   Operation 820 'write' 'write_ln0' <Predicate = (icmp_ln371)> <Delay = 0.00>
ST_113 : Operation 821 [1/1] (0.00ns)   --->   "%write_ln0 = write void @_ssdm_op_Write.ap_auto.i32P0A, i32 %terminal_wall_x_ub_con_out, i32 %terminal_wall_x_ub_con_load"   --->   Operation 821 'write' 'write_ln0' <Predicate = (icmp_ln371)> <Delay = 0.00>
ST_113 : Operation 822 [1/1] (0.00ns)   --->   "%write_ln0 = write void @_ssdm_op_Write.ap_auto.i32P0A, i32 %terminal_wall_x_lb_con_out, i32 %terminal_wall_x_lb_con_load"   --->   Operation 822 'write' 'write_ln0' <Predicate = (icmp_ln371)> <Delay = 0.00>
ST_113 : Operation 823 [1/1] (0.42ns)   --->   "%ret_ln0 = ret"   --->   Operation 823 'ret' 'ret_ln0' <Predicate = (icmp_ln371)> <Delay = 0.42>

State 114 <SV = 113> <Delay = 4.23>
ST_114 : Operation 761 [33/34] (4.23ns)   --->   "%call_ln481 = call void @compute_affine_bias_dense_hls, i32 %A_step, i32 %A_step_26, i32 %A_step_27, i32 %A_step_28, i32 %A_step_29, i32 %A_step_30, i32 %A_step_31, i32 %A_step_32, i32 %A_step_33, i32 %A_step_34, i32 %A_step_35, i32 %A_step_36, i32 %A_step_37, i32 %A_step_38, i32 %A_step_39, i32 %A_step_40, i32 %A_step_41, i32 %A_step_42, i32 %A_step_43, i32 %A_step_44, i32 %A_step_45, i32 %A_step_46, i32 %A_step_47, i32 %A_step_48, i32 %A_step_50, i32 %B_step, i32 %B_step_10, i32 %B_step_11, i32 %B_step_12, i32 %B_step_13, i32 %B_step_5, i32 %B_step_6, i32 %B_step_14, i32 %B_step_15, i32 %B_step_16, i32 %lin_ey_0152_0_0_0_load, i32 %lin_epsi_0151_0_0_0_load, i32 %lin_vx_k_load, i32 %lin_vy_0157_0_0_0_load, i32 %lin_omega_0158_0_0_0_load, i32 %sext_ln371, i32 %b_load, i32 %x0_2_read, i32 %zext_ln394, i32 %next_frenet, i32 %next_frenet_1, i32 %next_frenet_2, i32 %next_frenet_3, i32 %next_frenet_4, i32 %sext_ln523, i32 %step_data_1, i64 %zext_ln371" [../src/mpc_riccati_hls.cpp:481]   --->   Operation 761 'call' 'call_ln481' <Predicate = (!icmp_ln371)> <Delay = 4.23> <CoreType = "Generic">   --->   Generic Core

State 115 <SV = 114> <Delay = 4.23>
ST_115 : Operation 762 [32/34] (4.23ns)   --->   "%call_ln481 = call void @compute_affine_bias_dense_hls, i32 %A_step, i32 %A_step_26, i32 %A_step_27, i32 %A_step_28, i32 %A_step_29, i32 %A_step_30, i32 %A_step_31, i32 %A_step_32, i32 %A_step_33, i32 %A_step_34, i32 %A_step_35, i32 %A_step_36, i32 %A_step_37, i32 %A_step_38, i32 %A_step_39, i32 %A_step_40, i32 %A_step_41, i32 %A_step_42, i32 %A_step_43, i32 %A_step_44, i32 %A_step_45, i32 %A_step_46, i32 %A_step_47, i32 %A_step_48, i32 %A_step_50, i32 %B_step, i32 %B_step_10, i32 %B_step_11, i32 %B_step_12, i32 %B_step_13, i32 %B_step_5, i32 %B_step_6, i32 %B_step_14, i32 %B_step_15, i32 %B_step_16, i32 %lin_ey_0152_0_0_0_load, i32 %lin_epsi_0151_0_0_0_load, i32 %lin_vx_k_load, i32 %lin_vy_0157_0_0_0_load, i32 %lin_omega_0158_0_0_0_load, i32 %sext_ln371, i32 %b_load, i32 %x0_2_read, i32 %zext_ln394, i32 %next_frenet, i32 %next_frenet_1, i32 %next_frenet_2, i32 %next_frenet_3, i32 %next_frenet_4, i32 %sext_ln523, i32 %step_data_1, i64 %zext_ln371" [../src/mpc_riccati_hls.cpp:481]   --->   Operation 762 'call' 'call_ln481' <Predicate = (!icmp_ln371)> <Delay = 4.23> <CoreType = "Generic">   --->   Generic Core

State 116 <SV = 115> <Delay = 4.23>
ST_116 : Operation 763 [31/34] (4.23ns)   --->   "%call_ln481 = call void @compute_affine_bias_dense_hls, i32 %A_step, i32 %A_step_26, i32 %A_step_27, i32 %A_step_28, i32 %A_step_29, i32 %A_step_30, i32 %A_step_31, i32 %A_step_32, i32 %A_step_33, i32 %A_step_34, i32 %A_step_35, i32 %A_step_36, i32 %A_step_37, i32 %A_step_38, i32 %A_step_39, i32 %A_step_40, i32 %A_step_41, i32 %A_step_42, i32 %A_step_43, i32 %A_step_44, i32 %A_step_45, i32 %A_step_46, i32 %A_step_47, i32 %A_step_48, i32 %A_step_50, i32 %B_step, i32 %B_step_10, i32 %B_step_11, i32 %B_step_12, i32 %B_step_13, i32 %B_step_5, i32 %B_step_6, i32 %B_step_14, i32 %B_step_15, i32 %B_step_16, i32 %lin_ey_0152_0_0_0_load, i32 %lin_epsi_0151_0_0_0_load, i32 %lin_vx_k_load, i32 %lin_vy_0157_0_0_0_load, i32 %lin_omega_0158_0_0_0_load, i32 %sext_ln371, i32 %b_load, i32 %x0_2_read, i32 %zext_ln394, i32 %next_frenet, i32 %next_frenet_1, i32 %next_frenet_2, i32 %next_frenet_3, i32 %next_frenet_4, i32 %sext_ln523, i32 %step_data_1, i64 %zext_ln371" [../src/mpc_riccati_hls.cpp:481]   --->   Operation 763 'call' 'call_ln481' <Predicate = (!icmp_ln371)> <Delay = 4.23> <CoreType = "Generic">   --->   Generic Core

State 117 <SV = 116> <Delay = 4.23>
ST_117 : Operation 764 [30/34] (4.23ns)   --->   "%call_ln481 = call void @compute_affine_bias_dense_hls, i32 %A_step, i32 %A_step_26, i32 %A_step_27, i32 %A_step_28, i32 %A_step_29, i32 %A_step_30, i32 %A_step_31, i32 %A_step_32, i32 %A_step_33, i32 %A_step_34, i32 %A_step_35, i32 %A_step_36, i32 %A_step_37, i32 %A_step_38, i32 %A_step_39, i32 %A_step_40, i32 %A_step_41, i32 %A_step_42, i32 %A_step_43, i32 %A_step_44, i32 %A_step_45, i32 %A_step_46, i32 %A_step_47, i32 %A_step_48, i32 %A_step_50, i32 %B_step, i32 %B_step_10, i32 %B_step_11, i32 %B_step_12, i32 %B_step_13, i32 %B_step_5, i32 %B_step_6, i32 %B_step_14, i32 %B_step_15, i32 %B_step_16, i32 %lin_ey_0152_0_0_0_load, i32 %lin_epsi_0151_0_0_0_load, i32 %lin_vx_k_load, i32 %lin_vy_0157_0_0_0_load, i32 %lin_omega_0158_0_0_0_load, i32 %sext_ln371, i32 %b_load, i32 %x0_2_read, i32 %zext_ln394, i32 %next_frenet, i32 %next_frenet_1, i32 %next_frenet_2, i32 %next_frenet_3, i32 %next_frenet_4, i32 %sext_ln523, i32 %step_data_1, i64 %zext_ln371" [../src/mpc_riccati_hls.cpp:481]   --->   Operation 764 'call' 'call_ln481' <Predicate = (!icmp_ln371)> <Delay = 4.23> <CoreType = "Generic">   --->   Generic Core

State 118 <SV = 117> <Delay = 4.23>
ST_118 : Operation 765 [29/34] (4.23ns)   --->   "%call_ln481 = call void @compute_affine_bias_dense_hls, i32 %A_step, i32 %A_step_26, i32 %A_step_27, i32 %A_step_28, i32 %A_step_29, i32 %A_step_30, i32 %A_step_31, i32 %A_step_32, i32 %A_step_33, i32 %A_step_34, i32 %A_step_35, i32 %A_step_36, i32 %A_step_37, i32 %A_step_38, i32 %A_step_39, i32 %A_step_40, i32 %A_step_41, i32 %A_step_42, i32 %A_step_43, i32 %A_step_44, i32 %A_step_45, i32 %A_step_46, i32 %A_step_47, i32 %A_step_48, i32 %A_step_50, i32 %B_step, i32 %B_step_10, i32 %B_step_11, i32 %B_step_12, i32 %B_step_13, i32 %B_step_5, i32 %B_step_6, i32 %B_step_14, i32 %B_step_15, i32 %B_step_16, i32 %lin_ey_0152_0_0_0_load, i32 %lin_epsi_0151_0_0_0_load, i32 %lin_vx_k_load, i32 %lin_vy_0157_0_0_0_load, i32 %lin_omega_0158_0_0_0_load, i32 %sext_ln371, i32 %b_load, i32 %x0_2_read, i32 %zext_ln394, i32 %next_frenet, i32 %next_frenet_1, i32 %next_frenet_2, i32 %next_frenet_3, i32 %next_frenet_4, i32 %sext_ln523, i32 %step_data_1, i64 %zext_ln371" [../src/mpc_riccati_hls.cpp:481]   --->   Operation 765 'call' 'call_ln481' <Predicate = (!icmp_ln371)> <Delay = 4.23> <CoreType = "Generic">   --->   Generic Core

State 119 <SV = 118> <Delay = 4.23>
ST_119 : Operation 766 [28/34] (4.23ns)   --->   "%call_ln481 = call void @compute_affine_bias_dense_hls, i32 %A_step, i32 %A_step_26, i32 %A_step_27, i32 %A_step_28, i32 %A_step_29, i32 %A_step_30, i32 %A_step_31, i32 %A_step_32, i32 %A_step_33, i32 %A_step_34, i32 %A_step_35, i32 %A_step_36, i32 %A_step_37, i32 %A_step_38, i32 %A_step_39, i32 %A_step_40, i32 %A_step_41, i32 %A_step_42, i32 %A_step_43, i32 %A_step_44, i32 %A_step_45, i32 %A_step_46, i32 %A_step_47, i32 %A_step_48, i32 %A_step_50, i32 %B_step, i32 %B_step_10, i32 %B_step_11, i32 %B_step_12, i32 %B_step_13, i32 %B_step_5, i32 %B_step_6, i32 %B_step_14, i32 %B_step_15, i32 %B_step_16, i32 %lin_ey_0152_0_0_0_load, i32 %lin_epsi_0151_0_0_0_load, i32 %lin_vx_k_load, i32 %lin_vy_0157_0_0_0_load, i32 %lin_omega_0158_0_0_0_load, i32 %sext_ln371, i32 %b_load, i32 %x0_2_read, i32 %zext_ln394, i32 %next_frenet, i32 %next_frenet_1, i32 %next_frenet_2, i32 %next_frenet_3, i32 %next_frenet_4, i32 %sext_ln523, i32 %step_data_1, i64 %zext_ln371" [../src/mpc_riccati_hls.cpp:481]   --->   Operation 766 'call' 'call_ln481' <Predicate = (!icmp_ln371)> <Delay = 4.23> <CoreType = "Generic">   --->   Generic Core

State 120 <SV = 119> <Delay = 4.23>
ST_120 : Operation 767 [27/34] (4.23ns)   --->   "%call_ln481 = call void @compute_affine_bias_dense_hls, i32 %A_step, i32 %A_step_26, i32 %A_step_27, i32 %A_step_28, i32 %A_step_29, i32 %A_step_30, i32 %A_step_31, i32 %A_step_32, i32 %A_step_33, i32 %A_step_34, i32 %A_step_35, i32 %A_step_36, i32 %A_step_37, i32 %A_step_38, i32 %A_step_39, i32 %A_step_40, i32 %A_step_41, i32 %A_step_42, i32 %A_step_43, i32 %A_step_44, i32 %A_step_45, i32 %A_step_46, i32 %A_step_47, i32 %A_step_48, i32 %A_step_50, i32 %B_step, i32 %B_step_10, i32 %B_step_11, i32 %B_step_12, i32 %B_step_13, i32 %B_step_5, i32 %B_step_6, i32 %B_step_14, i32 %B_step_15, i32 %B_step_16, i32 %lin_ey_0152_0_0_0_load, i32 %lin_epsi_0151_0_0_0_load, i32 %lin_vx_k_load, i32 %lin_vy_0157_0_0_0_load, i32 %lin_omega_0158_0_0_0_load, i32 %sext_ln371, i32 %b_load, i32 %x0_2_read, i32 %zext_ln394, i32 %next_frenet, i32 %next_frenet_1, i32 %next_frenet_2, i32 %next_frenet_3, i32 %next_frenet_4, i32 %sext_ln523, i32 %step_data_1, i64 %zext_ln371" [../src/mpc_riccati_hls.cpp:481]   --->   Operation 767 'call' 'call_ln481' <Predicate = (!icmp_ln371)> <Delay = 4.23> <CoreType = "Generic">   --->   Generic Core

State 121 <SV = 120> <Delay = 4.23>
ST_121 : Operation 768 [26/34] (4.23ns)   --->   "%call_ln481 = call void @compute_affine_bias_dense_hls, i32 %A_step, i32 %A_step_26, i32 %A_step_27, i32 %A_step_28, i32 %A_step_29, i32 %A_step_30, i32 %A_step_31, i32 %A_step_32, i32 %A_step_33, i32 %A_step_34, i32 %A_step_35, i32 %A_step_36, i32 %A_step_37, i32 %A_step_38, i32 %A_step_39, i32 %A_step_40, i32 %A_step_41, i32 %A_step_42, i32 %A_step_43, i32 %A_step_44, i32 %A_step_45, i32 %A_step_46, i32 %A_step_47, i32 %A_step_48, i32 %A_step_50, i32 %B_step, i32 %B_step_10, i32 %B_step_11, i32 %B_step_12, i32 %B_step_13, i32 %B_step_5, i32 %B_step_6, i32 %B_step_14, i32 %B_step_15, i32 %B_step_16, i32 %lin_ey_0152_0_0_0_load, i32 %lin_epsi_0151_0_0_0_load, i32 %lin_vx_k_load, i32 %lin_vy_0157_0_0_0_load, i32 %lin_omega_0158_0_0_0_load, i32 %sext_ln371, i32 %b_load, i32 %x0_2_read, i32 %zext_ln394, i32 %next_frenet, i32 %next_frenet_1, i32 %next_frenet_2, i32 %next_frenet_3, i32 %next_frenet_4, i32 %sext_ln523, i32 %step_data_1, i64 %zext_ln371" [../src/mpc_riccati_hls.cpp:481]   --->   Operation 768 'call' 'call_ln481' <Predicate = (!icmp_ln371)> <Delay = 4.23> <CoreType = "Generic">   --->   Generic Core

State 122 <SV = 121> <Delay = 4.23>
ST_122 : Operation 769 [25/34] (4.23ns)   --->   "%call_ln481 = call void @compute_affine_bias_dense_hls, i32 %A_step, i32 %A_step_26, i32 %A_step_27, i32 %A_step_28, i32 %A_step_29, i32 %A_step_30, i32 %A_step_31, i32 %A_step_32, i32 %A_step_33, i32 %A_step_34, i32 %A_step_35, i32 %A_step_36, i32 %A_step_37, i32 %A_step_38, i32 %A_step_39, i32 %A_step_40, i32 %A_step_41, i32 %A_step_42, i32 %A_step_43, i32 %A_step_44, i32 %A_step_45, i32 %A_step_46, i32 %A_step_47, i32 %A_step_48, i32 %A_step_50, i32 %B_step, i32 %B_step_10, i32 %B_step_11, i32 %B_step_12, i32 %B_step_13, i32 %B_step_5, i32 %B_step_6, i32 %B_step_14, i32 %B_step_15, i32 %B_step_16, i32 %lin_ey_0152_0_0_0_load, i32 %lin_epsi_0151_0_0_0_load, i32 %lin_vx_k_load, i32 %lin_vy_0157_0_0_0_load, i32 %lin_omega_0158_0_0_0_load, i32 %sext_ln371, i32 %b_load, i32 %x0_2_read, i32 %zext_ln394, i32 %next_frenet, i32 %next_frenet_1, i32 %next_frenet_2, i32 %next_frenet_3, i32 %next_frenet_4, i32 %sext_ln523, i32 %step_data_1, i64 %zext_ln371" [../src/mpc_riccati_hls.cpp:481]   --->   Operation 769 'call' 'call_ln481' <Predicate = (!icmp_ln371)> <Delay = 4.23> <CoreType = "Generic">   --->   Generic Core

State 123 <SV = 122> <Delay = 4.23>
ST_123 : Operation 770 [24/34] (4.23ns)   --->   "%call_ln481 = call void @compute_affine_bias_dense_hls, i32 %A_step, i32 %A_step_26, i32 %A_step_27, i32 %A_step_28, i32 %A_step_29, i32 %A_step_30, i32 %A_step_31, i32 %A_step_32, i32 %A_step_33, i32 %A_step_34, i32 %A_step_35, i32 %A_step_36, i32 %A_step_37, i32 %A_step_38, i32 %A_step_39, i32 %A_step_40, i32 %A_step_41, i32 %A_step_42, i32 %A_step_43, i32 %A_step_44, i32 %A_step_45, i32 %A_step_46, i32 %A_step_47, i32 %A_step_48, i32 %A_step_50, i32 %B_step, i32 %B_step_10, i32 %B_step_11, i32 %B_step_12, i32 %B_step_13, i32 %B_step_5, i32 %B_step_6, i32 %B_step_14, i32 %B_step_15, i32 %B_step_16, i32 %lin_ey_0152_0_0_0_load, i32 %lin_epsi_0151_0_0_0_load, i32 %lin_vx_k_load, i32 %lin_vy_0157_0_0_0_load, i32 %lin_omega_0158_0_0_0_load, i32 %sext_ln371, i32 %b_load, i32 %x0_2_read, i32 %zext_ln394, i32 %next_frenet, i32 %next_frenet_1, i32 %next_frenet_2, i32 %next_frenet_3, i32 %next_frenet_4, i32 %sext_ln523, i32 %step_data_1, i64 %zext_ln371" [../src/mpc_riccati_hls.cpp:481]   --->   Operation 770 'call' 'call_ln481' <Predicate = (!icmp_ln371)> <Delay = 4.23> <CoreType = "Generic">   --->   Generic Core

State 124 <SV = 123> <Delay = 4.23>
ST_124 : Operation 771 [23/34] (4.23ns)   --->   "%call_ln481 = call void @compute_affine_bias_dense_hls, i32 %A_step, i32 %A_step_26, i32 %A_step_27, i32 %A_step_28, i32 %A_step_29, i32 %A_step_30, i32 %A_step_31, i32 %A_step_32, i32 %A_step_33, i32 %A_step_34, i32 %A_step_35, i32 %A_step_36, i32 %A_step_37, i32 %A_step_38, i32 %A_step_39, i32 %A_step_40, i32 %A_step_41, i32 %A_step_42, i32 %A_step_43, i32 %A_step_44, i32 %A_step_45, i32 %A_step_46, i32 %A_step_47, i32 %A_step_48, i32 %A_step_50, i32 %B_step, i32 %B_step_10, i32 %B_step_11, i32 %B_step_12, i32 %B_step_13, i32 %B_step_5, i32 %B_step_6, i32 %B_step_14, i32 %B_step_15, i32 %B_step_16, i32 %lin_ey_0152_0_0_0_load, i32 %lin_epsi_0151_0_0_0_load, i32 %lin_vx_k_load, i32 %lin_vy_0157_0_0_0_load, i32 %lin_omega_0158_0_0_0_load, i32 %sext_ln371, i32 %b_load, i32 %x0_2_read, i32 %zext_ln394, i32 %next_frenet, i32 %next_frenet_1, i32 %next_frenet_2, i32 %next_frenet_3, i32 %next_frenet_4, i32 %sext_ln523, i32 %step_data_1, i64 %zext_ln371" [../src/mpc_riccati_hls.cpp:481]   --->   Operation 771 'call' 'call_ln481' <Predicate = (!icmp_ln371)> <Delay = 4.23> <CoreType = "Generic">   --->   Generic Core

State 125 <SV = 124> <Delay = 4.23>
ST_125 : Operation 772 [22/34] (4.23ns)   --->   "%call_ln481 = call void @compute_affine_bias_dense_hls, i32 %A_step, i32 %A_step_26, i32 %A_step_27, i32 %A_step_28, i32 %A_step_29, i32 %A_step_30, i32 %A_step_31, i32 %A_step_32, i32 %A_step_33, i32 %A_step_34, i32 %A_step_35, i32 %A_step_36, i32 %A_step_37, i32 %A_step_38, i32 %A_step_39, i32 %A_step_40, i32 %A_step_41, i32 %A_step_42, i32 %A_step_43, i32 %A_step_44, i32 %A_step_45, i32 %A_step_46, i32 %A_step_47, i32 %A_step_48, i32 %A_step_50, i32 %B_step, i32 %B_step_10, i32 %B_step_11, i32 %B_step_12, i32 %B_step_13, i32 %B_step_5, i32 %B_step_6, i32 %B_step_14, i32 %B_step_15, i32 %B_step_16, i32 %lin_ey_0152_0_0_0_load, i32 %lin_epsi_0151_0_0_0_load, i32 %lin_vx_k_load, i32 %lin_vy_0157_0_0_0_load, i32 %lin_omega_0158_0_0_0_load, i32 %sext_ln371, i32 %b_load, i32 %x0_2_read, i32 %zext_ln394, i32 %next_frenet, i32 %next_frenet_1, i32 %next_frenet_2, i32 %next_frenet_3, i32 %next_frenet_4, i32 %sext_ln523, i32 %step_data_1, i64 %zext_ln371" [../src/mpc_riccati_hls.cpp:481]   --->   Operation 772 'call' 'call_ln481' <Predicate = (!icmp_ln371)> <Delay = 4.23> <CoreType = "Generic">   --->   Generic Core

State 126 <SV = 125> <Delay = 4.23>
ST_126 : Operation 773 [21/34] (4.23ns)   --->   "%call_ln481 = call void @compute_affine_bias_dense_hls, i32 %A_step, i32 %A_step_26, i32 %A_step_27, i32 %A_step_28, i32 %A_step_29, i32 %A_step_30, i32 %A_step_31, i32 %A_step_32, i32 %A_step_33, i32 %A_step_34, i32 %A_step_35, i32 %A_step_36, i32 %A_step_37, i32 %A_step_38, i32 %A_step_39, i32 %A_step_40, i32 %A_step_41, i32 %A_step_42, i32 %A_step_43, i32 %A_step_44, i32 %A_step_45, i32 %A_step_46, i32 %A_step_47, i32 %A_step_48, i32 %A_step_50, i32 %B_step, i32 %B_step_10, i32 %B_step_11, i32 %B_step_12, i32 %B_step_13, i32 %B_step_5, i32 %B_step_6, i32 %B_step_14, i32 %B_step_15, i32 %B_step_16, i32 %lin_ey_0152_0_0_0_load, i32 %lin_epsi_0151_0_0_0_load, i32 %lin_vx_k_load, i32 %lin_vy_0157_0_0_0_load, i32 %lin_omega_0158_0_0_0_load, i32 %sext_ln371, i32 %b_load, i32 %x0_2_read, i32 %zext_ln394, i32 %next_frenet, i32 %next_frenet_1, i32 %next_frenet_2, i32 %next_frenet_3, i32 %next_frenet_4, i32 %sext_ln523, i32 %step_data_1, i64 %zext_ln371" [../src/mpc_riccati_hls.cpp:481]   --->   Operation 773 'call' 'call_ln481' <Predicate = (!icmp_ln371)> <Delay = 4.23> <CoreType = "Generic">   --->   Generic Core

State 127 <SV = 126> <Delay = 4.23>
ST_127 : Operation 774 [20/34] (4.23ns)   --->   "%call_ln481 = call void @compute_affine_bias_dense_hls, i32 %A_step, i32 %A_step_26, i32 %A_step_27, i32 %A_step_28, i32 %A_step_29, i32 %A_step_30, i32 %A_step_31, i32 %A_step_32, i32 %A_step_33, i32 %A_step_34, i32 %A_step_35, i32 %A_step_36, i32 %A_step_37, i32 %A_step_38, i32 %A_step_39, i32 %A_step_40, i32 %A_step_41, i32 %A_step_42, i32 %A_step_43, i32 %A_step_44, i32 %A_step_45, i32 %A_step_46, i32 %A_step_47, i32 %A_step_48, i32 %A_step_50, i32 %B_step, i32 %B_step_10, i32 %B_step_11, i32 %B_step_12, i32 %B_step_13, i32 %B_step_5, i32 %B_step_6, i32 %B_step_14, i32 %B_step_15, i32 %B_step_16, i32 %lin_ey_0152_0_0_0_load, i32 %lin_epsi_0151_0_0_0_load, i32 %lin_vx_k_load, i32 %lin_vy_0157_0_0_0_load, i32 %lin_omega_0158_0_0_0_load, i32 %sext_ln371, i32 %b_load, i32 %x0_2_read, i32 %zext_ln394, i32 %next_frenet, i32 %next_frenet_1, i32 %next_frenet_2, i32 %next_frenet_3, i32 %next_frenet_4, i32 %sext_ln523, i32 %step_data_1, i64 %zext_ln371" [../src/mpc_riccati_hls.cpp:481]   --->   Operation 774 'call' 'call_ln481' <Predicate = (!icmp_ln371)> <Delay = 4.23> <CoreType = "Generic">   --->   Generic Core

State 128 <SV = 127> <Delay = 4.23>
ST_128 : Operation 775 [19/34] (4.23ns)   --->   "%call_ln481 = call void @compute_affine_bias_dense_hls, i32 %A_step, i32 %A_step_26, i32 %A_step_27, i32 %A_step_28, i32 %A_step_29, i32 %A_step_30, i32 %A_step_31, i32 %A_step_32, i32 %A_step_33, i32 %A_step_34, i32 %A_step_35, i32 %A_step_36, i32 %A_step_37, i32 %A_step_38, i32 %A_step_39, i32 %A_step_40, i32 %A_step_41, i32 %A_step_42, i32 %A_step_43, i32 %A_step_44, i32 %A_step_45, i32 %A_step_46, i32 %A_step_47, i32 %A_step_48, i32 %A_step_50, i32 %B_step, i32 %B_step_10, i32 %B_step_11, i32 %B_step_12, i32 %B_step_13, i32 %B_step_5, i32 %B_step_6, i32 %B_step_14, i32 %B_step_15, i32 %B_step_16, i32 %lin_ey_0152_0_0_0_load, i32 %lin_epsi_0151_0_0_0_load, i32 %lin_vx_k_load, i32 %lin_vy_0157_0_0_0_load, i32 %lin_omega_0158_0_0_0_load, i32 %sext_ln371, i32 %b_load, i32 %x0_2_read, i32 %zext_ln394, i32 %next_frenet, i32 %next_frenet_1, i32 %next_frenet_2, i32 %next_frenet_3, i32 %next_frenet_4, i32 %sext_ln523, i32 %step_data_1, i64 %zext_ln371" [../src/mpc_riccati_hls.cpp:481]   --->   Operation 775 'call' 'call_ln481' <Predicate = (!icmp_ln371)> <Delay = 4.23> <CoreType = "Generic">   --->   Generic Core

State 129 <SV = 128> <Delay = 4.23>
ST_129 : Operation 776 [18/34] (4.23ns)   --->   "%call_ln481 = call void @compute_affine_bias_dense_hls, i32 %A_step, i32 %A_step_26, i32 %A_step_27, i32 %A_step_28, i32 %A_step_29, i32 %A_step_30, i32 %A_step_31, i32 %A_step_32, i32 %A_step_33, i32 %A_step_34, i32 %A_step_35, i32 %A_step_36, i32 %A_step_37, i32 %A_step_38, i32 %A_step_39, i32 %A_step_40, i32 %A_step_41, i32 %A_step_42, i32 %A_step_43, i32 %A_step_44, i32 %A_step_45, i32 %A_step_46, i32 %A_step_47, i32 %A_step_48, i32 %A_step_50, i32 %B_step, i32 %B_step_10, i32 %B_step_11, i32 %B_step_12, i32 %B_step_13, i32 %B_step_5, i32 %B_step_6, i32 %B_step_14, i32 %B_step_15, i32 %B_step_16, i32 %lin_ey_0152_0_0_0_load, i32 %lin_epsi_0151_0_0_0_load, i32 %lin_vx_k_load, i32 %lin_vy_0157_0_0_0_load, i32 %lin_omega_0158_0_0_0_load, i32 %sext_ln371, i32 %b_load, i32 %x0_2_read, i32 %zext_ln394, i32 %next_frenet, i32 %next_frenet_1, i32 %next_frenet_2, i32 %next_frenet_3, i32 %next_frenet_4, i32 %sext_ln523, i32 %step_data_1, i64 %zext_ln371" [../src/mpc_riccati_hls.cpp:481]   --->   Operation 776 'call' 'call_ln481' <Predicate = (!icmp_ln371)> <Delay = 4.23> <CoreType = "Generic">   --->   Generic Core

State 130 <SV = 129> <Delay = 4.23>
ST_130 : Operation 777 [17/34] (4.23ns)   --->   "%call_ln481 = call void @compute_affine_bias_dense_hls, i32 %A_step, i32 %A_step_26, i32 %A_step_27, i32 %A_step_28, i32 %A_step_29, i32 %A_step_30, i32 %A_step_31, i32 %A_step_32, i32 %A_step_33, i32 %A_step_34, i32 %A_step_35, i32 %A_step_36, i32 %A_step_37, i32 %A_step_38, i32 %A_step_39, i32 %A_step_40, i32 %A_step_41, i32 %A_step_42, i32 %A_step_43, i32 %A_step_44, i32 %A_step_45, i32 %A_step_46, i32 %A_step_47, i32 %A_step_48, i32 %A_step_50, i32 %B_step, i32 %B_step_10, i32 %B_step_11, i32 %B_step_12, i32 %B_step_13, i32 %B_step_5, i32 %B_step_6, i32 %B_step_14, i32 %B_step_15, i32 %B_step_16, i32 %lin_ey_0152_0_0_0_load, i32 %lin_epsi_0151_0_0_0_load, i32 %lin_vx_k_load, i32 %lin_vy_0157_0_0_0_load, i32 %lin_omega_0158_0_0_0_load, i32 %sext_ln371, i32 %b_load, i32 %x0_2_read, i32 %zext_ln394, i32 %next_frenet, i32 %next_frenet_1, i32 %next_frenet_2, i32 %next_frenet_3, i32 %next_frenet_4, i32 %sext_ln523, i32 %step_data_1, i64 %zext_ln371" [../src/mpc_riccati_hls.cpp:481]   --->   Operation 777 'call' 'call_ln481' <Predicate = (!icmp_ln371)> <Delay = 4.23> <CoreType = "Generic">   --->   Generic Core

State 131 <SV = 130> <Delay = 4.23>
ST_131 : Operation 778 [16/34] (4.23ns)   --->   "%call_ln481 = call void @compute_affine_bias_dense_hls, i32 %A_step, i32 %A_step_26, i32 %A_step_27, i32 %A_step_28, i32 %A_step_29, i32 %A_step_30, i32 %A_step_31, i32 %A_step_32, i32 %A_step_33, i32 %A_step_34, i32 %A_step_35, i32 %A_step_36, i32 %A_step_37, i32 %A_step_38, i32 %A_step_39, i32 %A_step_40, i32 %A_step_41, i32 %A_step_42, i32 %A_step_43, i32 %A_step_44, i32 %A_step_45, i32 %A_step_46, i32 %A_step_47, i32 %A_step_48, i32 %A_step_50, i32 %B_step, i32 %B_step_10, i32 %B_step_11, i32 %B_step_12, i32 %B_step_13, i32 %B_step_5, i32 %B_step_6, i32 %B_step_14, i32 %B_step_15, i32 %B_step_16, i32 %lin_ey_0152_0_0_0_load, i32 %lin_epsi_0151_0_0_0_load, i32 %lin_vx_k_load, i32 %lin_vy_0157_0_0_0_load, i32 %lin_omega_0158_0_0_0_load, i32 %sext_ln371, i32 %b_load, i32 %x0_2_read, i32 %zext_ln394, i32 %next_frenet, i32 %next_frenet_1, i32 %next_frenet_2, i32 %next_frenet_3, i32 %next_frenet_4, i32 %sext_ln523, i32 %step_data_1, i64 %zext_ln371" [../src/mpc_riccati_hls.cpp:481]   --->   Operation 778 'call' 'call_ln481' <Predicate = (!icmp_ln371)> <Delay = 4.23> <CoreType = "Generic">   --->   Generic Core

State 132 <SV = 131> <Delay = 4.23>
ST_132 : Operation 779 [15/34] (4.23ns)   --->   "%call_ln481 = call void @compute_affine_bias_dense_hls, i32 %A_step, i32 %A_step_26, i32 %A_step_27, i32 %A_step_28, i32 %A_step_29, i32 %A_step_30, i32 %A_step_31, i32 %A_step_32, i32 %A_step_33, i32 %A_step_34, i32 %A_step_35, i32 %A_step_36, i32 %A_step_37, i32 %A_step_38, i32 %A_step_39, i32 %A_step_40, i32 %A_step_41, i32 %A_step_42, i32 %A_step_43, i32 %A_step_44, i32 %A_step_45, i32 %A_step_46, i32 %A_step_47, i32 %A_step_48, i32 %A_step_50, i32 %B_step, i32 %B_step_10, i32 %B_step_11, i32 %B_step_12, i32 %B_step_13, i32 %B_step_5, i32 %B_step_6, i32 %B_step_14, i32 %B_step_15, i32 %B_step_16, i32 %lin_ey_0152_0_0_0_load, i32 %lin_epsi_0151_0_0_0_load, i32 %lin_vx_k_load, i32 %lin_vy_0157_0_0_0_load, i32 %lin_omega_0158_0_0_0_load, i32 %sext_ln371, i32 %b_load, i32 %x0_2_read, i32 %zext_ln394, i32 %next_frenet, i32 %next_frenet_1, i32 %next_frenet_2, i32 %next_frenet_3, i32 %next_frenet_4, i32 %sext_ln523, i32 %step_data_1, i64 %zext_ln371" [../src/mpc_riccati_hls.cpp:481]   --->   Operation 779 'call' 'call_ln481' <Predicate = (!icmp_ln371)> <Delay = 4.23> <CoreType = "Generic">   --->   Generic Core

State 133 <SV = 132> <Delay = 4.23>
ST_133 : Operation 780 [14/34] (4.23ns)   --->   "%call_ln481 = call void @compute_affine_bias_dense_hls, i32 %A_step, i32 %A_step_26, i32 %A_step_27, i32 %A_step_28, i32 %A_step_29, i32 %A_step_30, i32 %A_step_31, i32 %A_step_32, i32 %A_step_33, i32 %A_step_34, i32 %A_step_35, i32 %A_step_36, i32 %A_step_37, i32 %A_step_38, i32 %A_step_39, i32 %A_step_40, i32 %A_step_41, i32 %A_step_42, i32 %A_step_43, i32 %A_step_44, i32 %A_step_45, i32 %A_step_46, i32 %A_step_47, i32 %A_step_48, i32 %A_step_50, i32 %B_step, i32 %B_step_10, i32 %B_step_11, i32 %B_step_12, i32 %B_step_13, i32 %B_step_5, i32 %B_step_6, i32 %B_step_14, i32 %B_step_15, i32 %B_step_16, i32 %lin_ey_0152_0_0_0_load, i32 %lin_epsi_0151_0_0_0_load, i32 %lin_vx_k_load, i32 %lin_vy_0157_0_0_0_load, i32 %lin_omega_0158_0_0_0_load, i32 %sext_ln371, i32 %b_load, i32 %x0_2_read, i32 %zext_ln394, i32 %next_frenet, i32 %next_frenet_1, i32 %next_frenet_2, i32 %next_frenet_3, i32 %next_frenet_4, i32 %sext_ln523, i32 %step_data_1, i64 %zext_ln371" [../src/mpc_riccati_hls.cpp:481]   --->   Operation 780 'call' 'call_ln481' <Predicate = (!icmp_ln371)> <Delay = 4.23> <CoreType = "Generic">   --->   Generic Core

State 134 <SV = 133> <Delay = 4.23>
ST_134 : Operation 781 [13/34] (4.23ns)   --->   "%call_ln481 = call void @compute_affine_bias_dense_hls, i32 %A_step, i32 %A_step_26, i32 %A_step_27, i32 %A_step_28, i32 %A_step_29, i32 %A_step_30, i32 %A_step_31, i32 %A_step_32, i32 %A_step_33, i32 %A_step_34, i32 %A_step_35, i32 %A_step_36, i32 %A_step_37, i32 %A_step_38, i32 %A_step_39, i32 %A_step_40, i32 %A_step_41, i32 %A_step_42, i32 %A_step_43, i32 %A_step_44, i32 %A_step_45, i32 %A_step_46, i32 %A_step_47, i32 %A_step_48, i32 %A_step_50, i32 %B_step, i32 %B_step_10, i32 %B_step_11, i32 %B_step_12, i32 %B_step_13, i32 %B_step_5, i32 %B_step_6, i32 %B_step_14, i32 %B_step_15, i32 %B_step_16, i32 %lin_ey_0152_0_0_0_load, i32 %lin_epsi_0151_0_0_0_load, i32 %lin_vx_k_load, i32 %lin_vy_0157_0_0_0_load, i32 %lin_omega_0158_0_0_0_load, i32 %sext_ln371, i32 %b_load, i32 %x0_2_read, i32 %zext_ln394, i32 %next_frenet, i32 %next_frenet_1, i32 %next_frenet_2, i32 %next_frenet_3, i32 %next_frenet_4, i32 %sext_ln523, i32 %step_data_1, i64 %zext_ln371" [../src/mpc_riccati_hls.cpp:481]   --->   Operation 781 'call' 'call_ln481' <Predicate = (!icmp_ln371)> <Delay = 4.23> <CoreType = "Generic">   --->   Generic Core

State 135 <SV = 134> <Delay = 4.23>
ST_135 : Operation 782 [12/34] (4.23ns)   --->   "%call_ln481 = call void @compute_affine_bias_dense_hls, i32 %A_step, i32 %A_step_26, i32 %A_step_27, i32 %A_step_28, i32 %A_step_29, i32 %A_step_30, i32 %A_step_31, i32 %A_step_32, i32 %A_step_33, i32 %A_step_34, i32 %A_step_35, i32 %A_step_36, i32 %A_step_37, i32 %A_step_38, i32 %A_step_39, i32 %A_step_40, i32 %A_step_41, i32 %A_step_42, i32 %A_step_43, i32 %A_step_44, i32 %A_step_45, i32 %A_step_46, i32 %A_step_47, i32 %A_step_48, i32 %A_step_50, i32 %B_step, i32 %B_step_10, i32 %B_step_11, i32 %B_step_12, i32 %B_step_13, i32 %B_step_5, i32 %B_step_6, i32 %B_step_14, i32 %B_step_15, i32 %B_step_16, i32 %lin_ey_0152_0_0_0_load, i32 %lin_epsi_0151_0_0_0_load, i32 %lin_vx_k_load, i32 %lin_vy_0157_0_0_0_load, i32 %lin_omega_0158_0_0_0_load, i32 %sext_ln371, i32 %b_load, i32 %x0_2_read, i32 %zext_ln394, i32 %next_frenet, i32 %next_frenet_1, i32 %next_frenet_2, i32 %next_frenet_3, i32 %next_frenet_4, i32 %sext_ln523, i32 %step_data_1, i64 %zext_ln371" [../src/mpc_riccati_hls.cpp:481]   --->   Operation 782 'call' 'call_ln481' <Predicate = (!icmp_ln371)> <Delay = 4.23> <CoreType = "Generic">   --->   Generic Core

State 136 <SV = 135> <Delay = 4.23>
ST_136 : Operation 783 [11/34] (4.23ns)   --->   "%call_ln481 = call void @compute_affine_bias_dense_hls, i32 %A_step, i32 %A_step_26, i32 %A_step_27, i32 %A_step_28, i32 %A_step_29, i32 %A_step_30, i32 %A_step_31, i32 %A_step_32, i32 %A_step_33, i32 %A_step_34, i32 %A_step_35, i32 %A_step_36, i32 %A_step_37, i32 %A_step_38, i32 %A_step_39, i32 %A_step_40, i32 %A_step_41, i32 %A_step_42, i32 %A_step_43, i32 %A_step_44, i32 %A_step_45, i32 %A_step_46, i32 %A_step_47, i32 %A_step_48, i32 %A_step_50, i32 %B_step, i32 %B_step_10, i32 %B_step_11, i32 %B_step_12, i32 %B_step_13, i32 %B_step_5, i32 %B_step_6, i32 %B_step_14, i32 %B_step_15, i32 %B_step_16, i32 %lin_ey_0152_0_0_0_load, i32 %lin_epsi_0151_0_0_0_load, i32 %lin_vx_k_load, i32 %lin_vy_0157_0_0_0_load, i32 %lin_omega_0158_0_0_0_load, i32 %sext_ln371, i32 %b_load, i32 %x0_2_read, i32 %zext_ln394, i32 %next_frenet, i32 %next_frenet_1, i32 %next_frenet_2, i32 %next_frenet_3, i32 %next_frenet_4, i32 %sext_ln523, i32 %step_data_1, i64 %zext_ln371" [../src/mpc_riccati_hls.cpp:481]   --->   Operation 783 'call' 'call_ln481' <Predicate = (!icmp_ln371)> <Delay = 4.23> <CoreType = "Generic">   --->   Generic Core

State 137 <SV = 136> <Delay = 4.23>
ST_137 : Operation 784 [10/34] (4.23ns)   --->   "%call_ln481 = call void @compute_affine_bias_dense_hls, i32 %A_step, i32 %A_step_26, i32 %A_step_27, i32 %A_step_28, i32 %A_step_29, i32 %A_step_30, i32 %A_step_31, i32 %A_step_32, i32 %A_step_33, i32 %A_step_34, i32 %A_step_35, i32 %A_step_36, i32 %A_step_37, i32 %A_step_38, i32 %A_step_39, i32 %A_step_40, i32 %A_step_41, i32 %A_step_42, i32 %A_step_43, i32 %A_step_44, i32 %A_step_45, i32 %A_step_46, i32 %A_step_47, i32 %A_step_48, i32 %A_step_50, i32 %B_step, i32 %B_step_10, i32 %B_step_11, i32 %B_step_12, i32 %B_step_13, i32 %B_step_5, i32 %B_step_6, i32 %B_step_14, i32 %B_step_15, i32 %B_step_16, i32 %lin_ey_0152_0_0_0_load, i32 %lin_epsi_0151_0_0_0_load, i32 %lin_vx_k_load, i32 %lin_vy_0157_0_0_0_load, i32 %lin_omega_0158_0_0_0_load, i32 %sext_ln371, i32 %b_load, i32 %x0_2_read, i32 %zext_ln394, i32 %next_frenet, i32 %next_frenet_1, i32 %next_frenet_2, i32 %next_frenet_3, i32 %next_frenet_4, i32 %sext_ln523, i32 %step_data_1, i64 %zext_ln371" [../src/mpc_riccati_hls.cpp:481]   --->   Operation 784 'call' 'call_ln481' <Predicate = (!icmp_ln371)> <Delay = 4.23> <CoreType = "Generic">   --->   Generic Core

State 138 <SV = 137> <Delay = 4.23>
ST_138 : Operation 785 [9/34] (4.23ns)   --->   "%call_ln481 = call void @compute_affine_bias_dense_hls, i32 %A_step, i32 %A_step_26, i32 %A_step_27, i32 %A_step_28, i32 %A_step_29, i32 %A_step_30, i32 %A_step_31, i32 %A_step_32, i32 %A_step_33, i32 %A_step_34, i32 %A_step_35, i32 %A_step_36, i32 %A_step_37, i32 %A_step_38, i32 %A_step_39, i32 %A_step_40, i32 %A_step_41, i32 %A_step_42, i32 %A_step_43, i32 %A_step_44, i32 %A_step_45, i32 %A_step_46, i32 %A_step_47, i32 %A_step_48, i32 %A_step_50, i32 %B_step, i32 %B_step_10, i32 %B_step_11, i32 %B_step_12, i32 %B_step_13, i32 %B_step_5, i32 %B_step_6, i32 %B_step_14, i32 %B_step_15, i32 %B_step_16, i32 %lin_ey_0152_0_0_0_load, i32 %lin_epsi_0151_0_0_0_load, i32 %lin_vx_k_load, i32 %lin_vy_0157_0_0_0_load, i32 %lin_omega_0158_0_0_0_load, i32 %sext_ln371, i32 %b_load, i32 %x0_2_read, i32 %zext_ln394, i32 %next_frenet, i32 %next_frenet_1, i32 %next_frenet_2, i32 %next_frenet_3, i32 %next_frenet_4, i32 %sext_ln523, i32 %step_data_1, i64 %zext_ln371" [../src/mpc_riccati_hls.cpp:481]   --->   Operation 785 'call' 'call_ln481' <Predicate = (!icmp_ln371)> <Delay = 4.23> <CoreType = "Generic">   --->   Generic Core

State 139 <SV = 138> <Delay = 4.23>
ST_139 : Operation 786 [8/34] (4.23ns)   --->   "%call_ln481 = call void @compute_affine_bias_dense_hls, i32 %A_step, i32 %A_step_26, i32 %A_step_27, i32 %A_step_28, i32 %A_step_29, i32 %A_step_30, i32 %A_step_31, i32 %A_step_32, i32 %A_step_33, i32 %A_step_34, i32 %A_step_35, i32 %A_step_36, i32 %A_step_37, i32 %A_step_38, i32 %A_step_39, i32 %A_step_40, i32 %A_step_41, i32 %A_step_42, i32 %A_step_43, i32 %A_step_44, i32 %A_step_45, i32 %A_step_46, i32 %A_step_47, i32 %A_step_48, i32 %A_step_50, i32 %B_step, i32 %B_step_10, i32 %B_step_11, i32 %B_step_12, i32 %B_step_13, i32 %B_step_5, i32 %B_step_6, i32 %B_step_14, i32 %B_step_15, i32 %B_step_16, i32 %lin_ey_0152_0_0_0_load, i32 %lin_epsi_0151_0_0_0_load, i32 %lin_vx_k_load, i32 %lin_vy_0157_0_0_0_load, i32 %lin_omega_0158_0_0_0_load, i32 %sext_ln371, i32 %b_load, i32 %x0_2_read, i32 %zext_ln394, i32 %next_frenet, i32 %next_frenet_1, i32 %next_frenet_2, i32 %next_frenet_3, i32 %next_frenet_4, i32 %sext_ln523, i32 %step_data_1, i64 %zext_ln371" [../src/mpc_riccati_hls.cpp:481]   --->   Operation 786 'call' 'call_ln481' <Predicate = (!icmp_ln371)> <Delay = 4.23> <CoreType = "Generic">   --->   Generic Core

State 140 <SV = 139> <Delay = 4.23>
ST_140 : Operation 787 [7/34] (4.23ns)   --->   "%call_ln481 = call void @compute_affine_bias_dense_hls, i32 %A_step, i32 %A_step_26, i32 %A_step_27, i32 %A_step_28, i32 %A_step_29, i32 %A_step_30, i32 %A_step_31, i32 %A_step_32, i32 %A_step_33, i32 %A_step_34, i32 %A_step_35, i32 %A_step_36, i32 %A_step_37, i32 %A_step_38, i32 %A_step_39, i32 %A_step_40, i32 %A_step_41, i32 %A_step_42, i32 %A_step_43, i32 %A_step_44, i32 %A_step_45, i32 %A_step_46, i32 %A_step_47, i32 %A_step_48, i32 %A_step_50, i32 %B_step, i32 %B_step_10, i32 %B_step_11, i32 %B_step_12, i32 %B_step_13, i32 %B_step_5, i32 %B_step_6, i32 %B_step_14, i32 %B_step_15, i32 %B_step_16, i32 %lin_ey_0152_0_0_0_load, i32 %lin_epsi_0151_0_0_0_load, i32 %lin_vx_k_load, i32 %lin_vy_0157_0_0_0_load, i32 %lin_omega_0158_0_0_0_load, i32 %sext_ln371, i32 %b_load, i32 %x0_2_read, i32 %zext_ln394, i32 %next_frenet, i32 %next_frenet_1, i32 %next_frenet_2, i32 %next_frenet_3, i32 %next_frenet_4, i32 %sext_ln523, i32 %step_data_1, i64 %zext_ln371" [../src/mpc_riccati_hls.cpp:481]   --->   Operation 787 'call' 'call_ln481' <Predicate = (!icmp_ln371)> <Delay = 4.23> <CoreType = "Generic">   --->   Generic Core

State 141 <SV = 140> <Delay = 4.23>
ST_141 : Operation 788 [6/34] (4.23ns)   --->   "%call_ln481 = call void @compute_affine_bias_dense_hls, i32 %A_step, i32 %A_step_26, i32 %A_step_27, i32 %A_step_28, i32 %A_step_29, i32 %A_step_30, i32 %A_step_31, i32 %A_step_32, i32 %A_step_33, i32 %A_step_34, i32 %A_step_35, i32 %A_step_36, i32 %A_step_37, i32 %A_step_38, i32 %A_step_39, i32 %A_step_40, i32 %A_step_41, i32 %A_step_42, i32 %A_step_43, i32 %A_step_44, i32 %A_step_45, i32 %A_step_46, i32 %A_step_47, i32 %A_step_48, i32 %A_step_50, i32 %B_step, i32 %B_step_10, i32 %B_step_11, i32 %B_step_12, i32 %B_step_13, i32 %B_step_5, i32 %B_step_6, i32 %B_step_14, i32 %B_step_15, i32 %B_step_16, i32 %lin_ey_0152_0_0_0_load, i32 %lin_epsi_0151_0_0_0_load, i32 %lin_vx_k_load, i32 %lin_vy_0157_0_0_0_load, i32 %lin_omega_0158_0_0_0_load, i32 %sext_ln371, i32 %b_load, i32 %x0_2_read, i32 %zext_ln394, i32 %next_frenet, i32 %next_frenet_1, i32 %next_frenet_2, i32 %next_frenet_3, i32 %next_frenet_4, i32 %sext_ln523, i32 %step_data_1, i64 %zext_ln371" [../src/mpc_riccati_hls.cpp:481]   --->   Operation 788 'call' 'call_ln481' <Predicate = (!icmp_ln371)> <Delay = 4.23> <CoreType = "Generic">   --->   Generic Core

State 142 <SV = 141> <Delay = 4.23>
ST_142 : Operation 789 [5/34] (4.23ns)   --->   "%call_ln481 = call void @compute_affine_bias_dense_hls, i32 %A_step, i32 %A_step_26, i32 %A_step_27, i32 %A_step_28, i32 %A_step_29, i32 %A_step_30, i32 %A_step_31, i32 %A_step_32, i32 %A_step_33, i32 %A_step_34, i32 %A_step_35, i32 %A_step_36, i32 %A_step_37, i32 %A_step_38, i32 %A_step_39, i32 %A_step_40, i32 %A_step_41, i32 %A_step_42, i32 %A_step_43, i32 %A_step_44, i32 %A_step_45, i32 %A_step_46, i32 %A_step_47, i32 %A_step_48, i32 %A_step_50, i32 %B_step, i32 %B_step_10, i32 %B_step_11, i32 %B_step_12, i32 %B_step_13, i32 %B_step_5, i32 %B_step_6, i32 %B_step_14, i32 %B_step_15, i32 %B_step_16, i32 %lin_ey_0152_0_0_0_load, i32 %lin_epsi_0151_0_0_0_load, i32 %lin_vx_k_load, i32 %lin_vy_0157_0_0_0_load, i32 %lin_omega_0158_0_0_0_load, i32 %sext_ln371, i32 %b_load, i32 %x0_2_read, i32 %zext_ln394, i32 %next_frenet, i32 %next_frenet_1, i32 %next_frenet_2, i32 %next_frenet_3, i32 %next_frenet_4, i32 %sext_ln523, i32 %step_data_1, i64 %zext_ln371" [../src/mpc_riccati_hls.cpp:481]   --->   Operation 789 'call' 'call_ln481' <Predicate = (!icmp_ln371)> <Delay = 4.23> <CoreType = "Generic">   --->   Generic Core

State 143 <SV = 142> <Delay = 4.23>
ST_143 : Operation 790 [4/34] (4.23ns)   --->   "%call_ln481 = call void @compute_affine_bias_dense_hls, i32 %A_step, i32 %A_step_26, i32 %A_step_27, i32 %A_step_28, i32 %A_step_29, i32 %A_step_30, i32 %A_step_31, i32 %A_step_32, i32 %A_step_33, i32 %A_step_34, i32 %A_step_35, i32 %A_step_36, i32 %A_step_37, i32 %A_step_38, i32 %A_step_39, i32 %A_step_40, i32 %A_step_41, i32 %A_step_42, i32 %A_step_43, i32 %A_step_44, i32 %A_step_45, i32 %A_step_46, i32 %A_step_47, i32 %A_step_48, i32 %A_step_50, i32 %B_step, i32 %B_step_10, i32 %B_step_11, i32 %B_step_12, i32 %B_step_13, i32 %B_step_5, i32 %B_step_6, i32 %B_step_14, i32 %B_step_15, i32 %B_step_16, i32 %lin_ey_0152_0_0_0_load, i32 %lin_epsi_0151_0_0_0_load, i32 %lin_vx_k_load, i32 %lin_vy_0157_0_0_0_load, i32 %lin_omega_0158_0_0_0_load, i32 %sext_ln371, i32 %b_load, i32 %x0_2_read, i32 %zext_ln394, i32 %next_frenet, i32 %next_frenet_1, i32 %next_frenet_2, i32 %next_frenet_3, i32 %next_frenet_4, i32 %sext_ln523, i32 %step_data_1, i64 %zext_ln371" [../src/mpc_riccati_hls.cpp:481]   --->   Operation 790 'call' 'call_ln481' <Predicate = (!icmp_ln371)> <Delay = 4.23> <CoreType = "Generic">   --->   Generic Core

State 144 <SV = 143> <Delay = 4.23>
ST_144 : Operation 791 [3/34] (4.23ns)   --->   "%call_ln481 = call void @compute_affine_bias_dense_hls, i32 %A_step, i32 %A_step_26, i32 %A_step_27, i32 %A_step_28, i32 %A_step_29, i32 %A_step_30, i32 %A_step_31, i32 %A_step_32, i32 %A_step_33, i32 %A_step_34, i32 %A_step_35, i32 %A_step_36, i32 %A_step_37, i32 %A_step_38, i32 %A_step_39, i32 %A_step_40, i32 %A_step_41, i32 %A_step_42, i32 %A_step_43, i32 %A_step_44, i32 %A_step_45, i32 %A_step_46, i32 %A_step_47, i32 %A_step_48, i32 %A_step_50, i32 %B_step, i32 %B_step_10, i32 %B_step_11, i32 %B_step_12, i32 %B_step_13, i32 %B_step_5, i32 %B_step_6, i32 %B_step_14, i32 %B_step_15, i32 %B_step_16, i32 %lin_ey_0152_0_0_0_load, i32 %lin_epsi_0151_0_0_0_load, i32 %lin_vx_k_load, i32 %lin_vy_0157_0_0_0_load, i32 %lin_omega_0158_0_0_0_load, i32 %sext_ln371, i32 %b_load, i32 %x0_2_read, i32 %zext_ln394, i32 %next_frenet, i32 %next_frenet_1, i32 %next_frenet_2, i32 %next_frenet_3, i32 %next_frenet_4, i32 %sext_ln523, i32 %step_data_1, i64 %zext_ln371" [../src/mpc_riccati_hls.cpp:481]   --->   Operation 791 'call' 'call_ln481' <Predicate = (!icmp_ln371)> <Delay = 4.23> <CoreType = "Generic">   --->   Generic Core

State 145 <SV = 144> <Delay = 4.23>
ST_145 : Operation 792 [2/34] (4.23ns)   --->   "%call_ln481 = call void @compute_affine_bias_dense_hls, i32 %A_step, i32 %A_step_26, i32 %A_step_27, i32 %A_step_28, i32 %A_step_29, i32 %A_step_30, i32 %A_step_31, i32 %A_step_32, i32 %A_step_33, i32 %A_step_34, i32 %A_step_35, i32 %A_step_36, i32 %A_step_37, i32 %A_step_38, i32 %A_step_39, i32 %A_step_40, i32 %A_step_41, i32 %A_step_42, i32 %A_step_43, i32 %A_step_44, i32 %A_step_45, i32 %A_step_46, i32 %A_step_47, i32 %A_step_48, i32 %A_step_50, i32 %B_step, i32 %B_step_10, i32 %B_step_11, i32 %B_step_12, i32 %B_step_13, i32 %B_step_5, i32 %B_step_6, i32 %B_step_14, i32 %B_step_15, i32 %B_step_16, i32 %lin_ey_0152_0_0_0_load, i32 %lin_epsi_0151_0_0_0_load, i32 %lin_vx_k_load, i32 %lin_vy_0157_0_0_0_load, i32 %lin_omega_0158_0_0_0_load, i32 %sext_ln371, i32 %b_load, i32 %x0_2_read, i32 %zext_ln394, i32 %next_frenet, i32 %next_frenet_1, i32 %next_frenet_2, i32 %next_frenet_3, i32 %next_frenet_4, i32 %sext_ln523, i32 %step_data_1, i64 %zext_ln371" [../src/mpc_riccati_hls.cpp:481]   --->   Operation 792 'call' 'call_ln481' <Predicate = (!icmp_ln371)> <Delay = 4.23> <CoreType = "Generic">   --->   Generic Core

State 146 <SV = 145> <Delay = 0.00>
ST_146 : Operation 793 [1/1] (0.00ns)   --->   "%specpipeline_ln374 = specpipeline void @_ssdm_op_SpecPipeline, i32 100, i32 0, i32 0, i32 0, i32 4294967295, void @empty_485" [../src/mpc_riccati_hls.cpp:374]   --->   Operation 793 'specpipeline' 'specpipeline_ln374' <Predicate = (!icmp_ln371)> <Delay = 0.00>
ST_146 : Operation 794 [1/1] (0.00ns)   --->   "%speclooptripcount_ln372 = speclooptripcount void @_ssdm_op_SpecLoopTripCount, i64 20, i64 20, i64 20" [../src/mpc_riccati_hls.cpp:372]   --->   Operation 794 'speclooptripcount' 'speclooptripcount_ln372' <Predicate = (!icmp_ln371)> <Delay = 0.00>
ST_146 : Operation 795 [1/1] (0.00ns)   --->   "%specloopname_ln371 = specloopname void @_ssdm_op_SpecLoopName, void @empty_505" [../src/mpc_riccati_hls.cpp:371]   --->   Operation 795 'specloopname' 'specloopname_ln371' <Predicate = (!icmp_ln371)> <Delay = 0.00>
ST_146 : Operation 796 [1/1] (0.00ns)   --->   "%rbegin10 = specregionbegin i32 @_ssdm_op_SpecRegionBegin, void @empty_153" [../src/fp_math_hls.cpp:159->../src/fp_math_hls.cpp:324->../src/mpc_riccati_hls.cpp:389]   --->   Operation 796 'specregionbegin' 'rbegin10' <Predicate = (!icmp_ln371)> <Delay = 0.00>
ST_146 : Operation 797 [1/1] (0.00ns)   --->   "%rend11 = specregionend i32 @_ssdm_op_SpecRegionEnd, void @empty_153, i32 %rbegin10" [../src/fp_math_hls.cpp:159->../src/fp_math_hls.cpp:324->../src/mpc_riccati_hls.cpp:389]   --->   Operation 797 'specregionend' 'rend11' <Predicate = (!icmp_ln371)> <Delay = 0.00>
ST_146 : Operation 798 [1/1] (0.00ns)   --->   "%rbegin52 = specregionbegin i32 @_ssdm_op_SpecRegionBegin, void @empty_58" [../src/fp_math_hls.cpp:159->../src/fp_math_hls.cpp:324->../src/mpc_riccati_hls.cpp:450]   --->   Operation 798 'specregionbegin' 'rbegin52' <Predicate = (!icmp_ln371)> <Delay = 0.00>
ST_146 : Operation 799 [1/1] (0.00ns)   --->   "%rend53 = specregionend i32 @_ssdm_op_SpecRegionEnd, void @empty_58, i32 %rbegin52" [../src/fp_math_hls.cpp:159->../src/fp_math_hls.cpp:324->../src/mpc_riccati_hls.cpp:450]   --->   Operation 799 'specregionend' 'rend53' <Predicate = (!icmp_ln371)> <Delay = 0.00>
ST_146 : Operation 800 [1/34] (0.00ns)   --->   "%call_ln481 = call void @compute_affine_bias_dense_hls, i32 %A_step, i32 %A_step_26, i32 %A_step_27, i32 %A_step_28, i32 %A_step_29, i32 %A_step_30, i32 %A_step_31, i32 %A_step_32, i32 %A_step_33, i32 %A_step_34, i32 %A_step_35, i32 %A_step_36, i32 %A_step_37, i32 %A_step_38, i32 %A_step_39, i32 %A_step_40, i32 %A_step_41, i32 %A_step_42, i32 %A_step_43, i32 %A_step_44, i32 %A_step_45, i32 %A_step_46, i32 %A_step_47, i32 %A_step_48, i32 %A_step_50, i32 %B_step, i32 %B_step_10, i32 %B_step_11, i32 %B_step_12, i32 %B_step_13, i32 %B_step_5, i32 %B_step_6, i32 %B_step_14, i32 %B_step_15, i32 %B_step_16, i32 %lin_ey_0152_0_0_0_load, i32 %lin_epsi_0151_0_0_0_load, i32 %lin_vx_k_load, i32 %lin_vy_0157_0_0_0_load, i32 %lin_omega_0158_0_0_0_load, i32 %sext_ln371, i32 %b_load, i32 %x0_2_read, i32 %zext_ln394, i32 %next_frenet, i32 %next_frenet_1, i32 %next_frenet_2, i32 %next_frenet_3, i32 %next_frenet_4, i32 %sext_ln523, i32 %step_data_1, i64 %zext_ln371" [../src/mpc_riccati_hls.cpp:481]   --->   Operation 800 'call' 'call_ln481' <Predicate = (!icmp_ln371)> <Delay = 0.00> <CoreType = "Generic">   --->   Generic Core
ST_146 : Operation 801 [1/1] (0.00ns)   --->   "%rbegin46 = specregionbegin i32 @_ssdm_op_SpecRegionBegin, void @empty_235" [../src/fp_math_hls.cpp:159->../src/fp_math_hls.cpp:324->../src/mpc_riccati_hls.cpp:494]   --->   Operation 801 'specregionbegin' 'rbegin46' <Predicate = (!icmp_ln371)> <Delay = 0.00>
ST_146 : Operation 802 [1/1] (0.00ns)   --->   "%rend47 = specregionend i32 @_ssdm_op_SpecRegionEnd, void @empty_235, i32 %rbegin46" [../src/fp_math_hls.cpp:159->../src/fp_math_hls.cpp:324->../src/mpc_riccati_hls.cpp:494]   --->   Operation 802 'specregionend' 'rend47' <Predicate = (!icmp_ln371)> <Delay = 0.00>
ST_146 : Operation 803 [1/1] (0.00ns)   --->   "%rbegin44 = specregionbegin i32 @_ssdm_op_SpecRegionBegin, void @empty_177" [../src/fp_math_hls.cpp:159->../src/fp_math_hls.cpp:324->../src/mpc_riccati_hls.cpp:496]   --->   Operation 803 'specregionbegin' 'rbegin44' <Predicate = (!icmp_ln371)> <Delay = 0.00>
ST_146 : Operation 804 [1/1] (0.00ns)   --->   "%rend45 = specregionend i32 @_ssdm_op_SpecRegionEnd, void @empty_177, i32 %rbegin44" [../src/fp_math_hls.cpp:159->../src/fp_math_hls.cpp:324->../src/mpc_riccati_hls.cpp:496]   --->   Operation 804 'specregionend' 'rend45' <Predicate = (!icmp_ln371)> <Delay = 0.00>
ST_146 : Operation 805 [1/1] (0.00ns)   --->   "%rbegin42 = specregionbegin i32 @_ssdm_op_SpecRegionBegin, void @empty_218" [../src/fp_math_hls.cpp:159->../src/fp_math_hls.cpp:324->../src/mpc_riccati_hls.cpp:499]   --->   Operation 805 'specregionbegin' 'rbegin42' <Predicate = (!icmp_ln371)> <Delay = 0.00>
ST_146 : Operation 806 [1/1] (0.00ns)   --->   "%rend43 = specregionend i32 @_ssdm_op_SpecRegionEnd, void @empty_218, i32 %rbegin42" [../src/fp_math_hls.cpp:159->../src/fp_math_hls.cpp:324->../src/mpc_riccati_hls.cpp:499]   --->   Operation 806 'specregionend' 'rend43' <Predicate = (!icmp_ln371)> <Delay = 0.00>
ST_146 : Operation 807 [1/1] (0.00ns)   --->   "%rbegin40 = specregionbegin i32 @_ssdm_op_SpecRegionBegin, void @empty_151" [../src/fp_math_hls.cpp:159->../src/fp_math_hls.cpp:324->../src/mpc_riccati_hls.cpp:502]   --->   Operation 807 'specregionbegin' 'rbegin40' <Predicate = (!icmp_ln371)> <Delay = 0.00>
ST_146 : Operation 808 [1/1] (0.00ns)   --->   "%rend41 = specregionend i32 @_ssdm_op_SpecRegionEnd, void @empty_151, i32 %rbegin40" [../src/fp_math_hls.cpp:159->../src/fp_math_hls.cpp:324->../src/mpc_riccati_hls.cpp:502]   --->   Operation 808 'specregionend' 'rend41' <Predicate = (!icmp_ln371)> <Delay = 0.00>
ST_146 : Operation 809 [1/1] (0.00ns)   --->   "%rbegin38 = specregionbegin i32 @_ssdm_op_SpecRegionBegin, void @empty_217" [../src/fp_math_hls.cpp:159->../src/fp_math_hls.cpp:324->../src/mpc_riccati_hls.cpp:505]   --->   Operation 809 'specregionbegin' 'rbegin38' <Predicate = (!icmp_ln371)> <Delay = 0.00>
ST_146 : Operation 810 [1/1] (0.00ns)   --->   "%rend39 = specregionend i32 @_ssdm_op_SpecRegionEnd, void @empty_217, i32 %rbegin38" [../src/fp_math_hls.cpp:159->../src/fp_math_hls.cpp:324->../src/mpc_riccati_hls.cpp:505]   --->   Operation 810 'specregionend' 'rend39' <Predicate = (!icmp_ln371)> <Delay = 0.00>
ST_146 : Operation 811 [1/1] (0.00ns)   --->   "%rbegin34 = specregionbegin i32 @_ssdm_op_SpecRegionBegin, void @empty_116" [../src/fp_math_hls.cpp:159->../src/fp_math_hls.cpp:324->../src/mpc_riccati_hls.cpp:516]   --->   Operation 811 'specregionbegin' 'rbegin34' <Predicate = (!icmp_ln371)> <Delay = 0.00>
ST_146 : Operation 812 [1/1] (0.00ns)   --->   "%rend35 = specregionend i32 @_ssdm_op_SpecRegionEnd, void @empty_116, i32 %rbegin34" [../src/fp_math_hls.cpp:159->../src/fp_math_hls.cpp:324->../src/mpc_riccati_hls.cpp:516]   --->   Operation 812 'specregionend' 'rend35' <Predicate = (!icmp_ln371)> <Delay = 0.00>
ST_146 : Operation 813 [1/1] (0.00ns)   --->   "%rbegin32 = specregionbegin i32 @_ssdm_op_SpecRegionBegin, void @empty_115" [../src/fp_math_hls.cpp:159->../src/fp_math_hls.cpp:324->../src/mpc_riccati_hls.cpp:518]   --->   Operation 813 'specregionbegin' 'rbegin32' <Predicate = (!icmp_ln371)> <Delay = 0.00>
ST_146 : Operation 814 [1/1] (0.00ns)   --->   "%rend33 = specregionend i32 @_ssdm_op_SpecRegionEnd, void @empty_115, i32 %rbegin32" [../src/fp_math_hls.cpp:159->../src/fp_math_hls.cpp:324->../src/mpc_riccati_hls.cpp:518]   --->   Operation 814 'specregionend' 'rend33' <Predicate = (!icmp_ln371)> <Delay = 0.00>


============================================================
+ Verbose Summary: Timing violations
============================================================
Target clock period: 5.000ns, clock uncertainty: 0.500ns.

 <State 1>: 3.646ns
The critical path consists of the following:
	'store' operation ('store_ln320', ../src/mpc_riccati_hls.cpp:320) of constant 0 5 bit on local variable 'k', ../src/mpc_riccati_hls.cpp:320 [214]  (0.427 ns)
	'load' operation 5 bit ('k', ../src/mpc_riccati_hls.cpp:371) on local variable 'k', ../src/mpc_riccati_hls.cpp:320 [229]  (0.000 ns)
	'sparsemux' operation 32 bit ('right_wall_bound', ../src/mpc_riccati_hls.cpp:371) [300]  (0.738 ns)
	'sub' operation 32 bit ('x_lb', ../src/mpc_riccati_hls.cpp:42->../src/mpc_riccati_hls.cpp:399) [301]  (1.016 ns)
	'icmp' operation 1 bit ('icmp_ln45', ../src/mpc_riccati_hls.cpp:45->../src/mpc_riccati_hls.cpp:399) [303]  (1.016 ns)
	'select' operation 32 bit ('x_lb', ../src/mpc_riccati_hls.cpp:45->../src/mpc_riccati_hls.cpp:399) [307]  (0.449 ns)

 <State 2>: 4.005ns
The critical path consists of the following:
	'add' operation 32 bit ('desired_lb', ../src/mpc_riccati_hls.cpp:405) [309]  (1.016 ns)
	'icmp' operation 1 bit ('icmp_ln407', ../src/mpc_riccati_hls.cpp:407) [311]  (1.016 ns)
	'xor' operation 1 bit ('xor_ln407', ../src/mpc_riccati_hls.cpp:407) [312]  (0.287 ns)
	'select' operation 32 bit ('wall_x_lb_con', ../src/mpc_riccati_hls.cpp:407) [313]  (0.449 ns)
	'store' operation ('store_ln510', ../src/mpc_riccati_hls.cpp:510) of variable 'wall_x_lb_con', ../src/mpc_riccati_hls.cpp:407 32 bit on array 'step_data_3' [541]  (1.237 ns)

 <State 3>: 4.233ns
The critical path consists of the following:
	'add' operation 32 bit ('desired_lb', ../src/mpc_riccati_hls.cpp:74->../src/mpc_riccati_hls.cpp:413) [317]  (1.016 ns)
	'icmp' operation 1 bit ('icmp_ln76', ../src/mpc_riccati_hls.cpp:76->../src/mpc_riccati_hls.cpp:413) [319]  (1.016 ns)
	'xor' operation 1 bit ('xor_ln76', ../src/mpc_riccati_hls.cpp:76->../src/mpc_riccati_hls.cpp:413) [320]  (0.287 ns)
	'select' operation 32 bit ('target_ub', ../src/mpc_riccati_hls.cpp:76->../src/mpc_riccati_hls.cpp:413) [321]  (0.449 ns)
	'icmp' operation 1 bit ('icmp_ln130_1', include/fp_math_hls.h:130->../src/mpc_riccati_hls.cpp:82->../src/mpc_riccati_hls.cpp:413) [324]  (1.016 ns)
	'select' operation 32 bit ('select_ln130_1', include/fp_math_hls.h:130->../src/mpc_riccati_hls.cpp:82->../src/mpc_riccati_hls.cpp:413) [325]  (0.449 ns)

 <State 4>: 4.064ns
The critical path consists of the following:
	'icmp' operation 1 bit ('icmp_ln128_1', include/fp_math_hls.h:128->../src/mpc_riccati_hls.cpp:82->../src/mpc_riccati_hls.cpp:413) [323]  (1.016 ns)
	'select' operation 32 bit ('target_ref', include/fp_math_hls.h:128->../src/mpc_riccati_hls.cpp:82->../src/mpc_riccati_hls.cpp:413) [326]  (0.000 ns)
	'sub' operation 32 bit ('val', ../src/mpc_riccati_hls.cpp:83->../src/mpc_riccati_hls.cpp:413) [327]  (1.016 ns)
	'icmp' operation 1 bit ('icmp_ln128_2', include/fp_math_hls.h:128->../src/mpc_riccati_hls.cpp:83->../src/mpc_riccati_hls.cpp:413) [329]  (1.016 ns)
	'select' operation 17 bit ('select_ln128', include/fp_math_hls.h:128->../src/mpc_riccati_hls.cpp:83->../src/mpc_riccati_hls.cpp:413) [331]  (0.000 ns)
	'select' operation 17 bit ('corr', include/fp_math_hls.h:128->../src/mpc_riccati_hls.cpp:83->../src/mpc_riccati_hls.cpp:413) [333]  (0.000 ns)
	'add' operation 32 bit ('val', ../src/mpc_riccati_hls.cpp:84->../src/mpc_riccati_hls.cpp:413) [335]  (1.016 ns)

 <State 5>: 2.341ns
The critical path consists of the following:
	'icmp' operation 1 bit ('icmp_ln128_3', include/fp_math_hls.h:128->../src/mpc_riccati_hls.cpp:84->../src/mpc_riccati_hls.cpp:413) [336]  (1.016 ns)
	'select' operation 32 bit ('value', include/fp_math_hls.h:128->../src/mpc_riccati_hls.cpp:84->../src/mpc_riccati_hls.cpp:413) [339]  (0.449 ns)
	'select' operation 32 bit ('terminal_ey_ref', ../src/mpc_riccati_hls.cpp:417) [344]  (0.449 ns)
	'store' operation ('store_ln417', ../src/mpc_riccati_hls.cpp:417) of variable 'terminal_ey_ref', ../src/mpc_riccati_hls.cpp:417 32 bit on local variable 'out_144' [589]  (0.427 ns)

 <State 6>: 4.255ns
The critical path consists of the following:
	'call' operation 32 bit ('dff_raw_k', ../src/mpc_riccati_hls.cpp:389) to 'fp_atan_lut' [291]  (4.255 ns)

 <State 7>: 4.412ns
The critical path consists of the following:
	'call' operation 32 bit ('dff_raw_k', ../src/mpc_riccati_hls.cpp:389) to 'fp_atan_lut' [291]  (4.412 ns)

 <State 8>: 4.412ns
The critical path consists of the following:
	'call' operation 32 bit ('dff_raw_k', ../src/mpc_riccati_hls.cpp:389) to 'fp_atan_lut' [291]  (4.412 ns)

 <State 9>: 4.412ns
The critical path consists of the following:
	'call' operation 32 bit ('dff_raw_k', ../src/mpc_riccati_hls.cpp:389) to 'fp_atan_lut' [291]  (4.412 ns)

 <State 10>: 4.412ns
The critical path consists of the following:
	'call' operation 32 bit ('dff_raw_k', ../src/mpc_riccati_hls.cpp:389) to 'fp_atan_lut' [291]  (4.412 ns)

 <State 11>: 4.412ns
The critical path consists of the following:
	'call' operation 32 bit ('dff_raw_k', ../src/mpc_riccati_hls.cpp:389) to 'fp_atan_lut' [291]  (4.412 ns)

 <State 12>: 2.841ns
The critical path consists of the following:
	'call' operation 32 bit ('dff_raw_k', ../src/mpc_riccati_hls.cpp:389) to 'fp_atan_lut' [291]  (1.465 ns)
	'icmp' operation 1 bit ('icmp_ln128', include/fp_math_hls.h:128->../src/mpc_riccati_hls.cpp:391) [293]  (1.016 ns)
	'select' operation 18 bit ('select_ln130', include/fp_math_hls.h:128->../src/mpc_riccati_hls.cpp:391) [295]  (0.000 ns)
	'select' operation 18 bit ('value', ../src/mpc_riccati_hls.cpp:394) [297]  (0.360 ns)

 <State 13>: 4.001ns
The critical path consists of the following:
	'load' operation 32 bit ('lin_epsi_0151_0_0_0_load', ../src/mpc_riccati_hls.cpp:371) on local variable 'lin_epsi_0151_0_0_0' [238]  (0.000 ns)
	'call' operation 1280 bit ('call_ret', ../src/mpc_riccati_hls.cpp:424) to 'compute_frenet_AB_and_next_hls' [347]  (4.001 ns)

 <State 14>: 4.433ns
The critical path consists of the following:
	'call' operation 1280 bit ('call_ret', ../src/mpc_riccati_hls.cpp:424) to 'compute_frenet_AB_and_next_hls' [347]  (4.433 ns)

 <State 15>: 4.433ns
The critical path consists of the following:
	'call' operation 1280 bit ('call_ret', ../src/mpc_riccati_hls.cpp:424) to 'compute_frenet_AB_and_next_hls' [347]  (4.433 ns)

 <State 16>: 4.482ns
The critical path consists of the following:
	'mul' operation 49 bit ('product', ../src/fp_math_hls.cpp:159->../src/fp_math_hls.cpp:324->../src/mpc_riccati_hls.cpp:516) [548]  (2.206 ns)
	'add' operation 32 bit ('v_for_limit', ../src/mpc_riccati_hls.cpp:517) [558]  (1.016 ns)
	'icmp' operation 1 bit ('icmp_ln520', ../src/mpc_riccati_hls.cpp:520) [561]  (0.842 ns)
	'select' operation 31 bit ('v_for_limit', ../src/mpc_riccati_hls.cpp:520) [562]  (0.418 ns)

 <State 17>: 4.433ns
The critical path consists of the following:
	'call' operation 1280 bit ('call_ret', ../src/mpc_riccati_hls.cpp:424) to 'compute_frenet_AB_and_next_hls' [347]  (4.433 ns)

 <State 18>: 4.433ns
The critical path consists of the following:
	'call' operation 1280 bit ('call_ret', ../src/mpc_riccati_hls.cpp:424) to 'compute_frenet_AB_and_next_hls' [347]  (4.433 ns)

 <State 19>: 4.433ns
The critical path consists of the following:
	'call' operation 1280 bit ('call_ret', ../src/mpc_riccati_hls.cpp:424) to 'compute_frenet_AB_and_next_hls' [347]  (4.433 ns)

 <State 20>: 4.433ns
The critical path consists of the following:
	'call' operation 1280 bit ('call_ret', ../src/mpc_riccati_hls.cpp:424) to 'compute_frenet_AB_and_next_hls' [347]  (4.433 ns)

 <State 21>: 4.433ns
The critical path consists of the following:
	'call' operation 1280 bit ('call_ret', ../src/mpc_riccati_hls.cpp:424) to 'compute_frenet_AB_and_next_hls' [347]  (4.433 ns)

 <State 22>: 4.433ns
The critical path consists of the following:
	'call' operation 1280 bit ('call_ret', ../src/mpc_riccati_hls.cpp:424) to 'compute_frenet_AB_and_next_hls' [347]  (4.433 ns)

 <State 23>: 4.433ns
The critical path consists of the following:
	'call' operation 1280 bit ('call_ret', ../src/mpc_riccati_hls.cpp:424) to 'compute_frenet_AB_and_next_hls' [347]  (4.433 ns)

 <State 24>: 4.433ns
The critical path consists of the following:
	'call' operation 1280 bit ('call_ret', ../src/mpc_riccati_hls.cpp:424) to 'compute_frenet_AB_and_next_hls' [347]  (4.433 ns)

 <State 25>: 4.433ns
The critical path consists of the following:
	'call' operation 1280 bit ('call_ret', ../src/mpc_riccati_hls.cpp:424) to 'compute_frenet_AB_and_next_hls' [347]  (4.433 ns)

 <State 26>: 4.433ns
The critical path consists of the following:
	'call' operation 1280 bit ('call_ret', ../src/mpc_riccati_hls.cpp:424) to 'compute_frenet_AB_and_next_hls' [347]  (4.433 ns)

 <State 27>: 4.433ns
The critical path consists of the following:
	'call' operation 1280 bit ('call_ret', ../src/mpc_riccati_hls.cpp:424) to 'compute_frenet_AB_and_next_hls' [347]  (4.433 ns)

 <State 28>: 4.433ns
The critical path consists of the following:
	'call' operation 1280 bit ('call_ret', ../src/mpc_riccati_hls.cpp:424) to 'compute_frenet_AB_and_next_hls' [347]  (4.433 ns)

 <State 29>: 4.433ns
The critical path consists of the following:
	'call' operation 1280 bit ('call_ret', ../src/mpc_riccati_hls.cpp:424) to 'compute_frenet_AB_and_next_hls' [347]  (4.433 ns)

 <State 30>: 4.433ns
The critical path consists of the following:
	'call' operation 1280 bit ('call_ret', ../src/mpc_riccati_hls.cpp:424) to 'compute_frenet_AB_and_next_hls' [347]  (4.433 ns)

 <State 31>: 4.433ns
The critical path consists of the following:
	'call' operation 1280 bit ('call_ret', ../src/mpc_riccati_hls.cpp:424) to 'compute_frenet_AB_and_next_hls' [347]  (4.433 ns)

 <State 32>: 4.433ns
The critical path consists of the following:
	'call' operation 1280 bit ('call_ret', ../src/mpc_riccati_hls.cpp:424) to 'compute_frenet_AB_and_next_hls' [347]  (4.433 ns)

 <State 33>: 4.433ns
The critical path consists of the following:
	'call' operation 1280 bit ('call_ret', ../src/mpc_riccati_hls.cpp:424) to 'compute_frenet_AB_and_next_hls' [347]  (4.433 ns)

 <State 34>: 4.433ns
The critical path consists of the following:
	'call' operation 1280 bit ('call_ret', ../src/mpc_riccati_hls.cpp:424) to 'compute_frenet_AB_and_next_hls' [347]  (4.433 ns)

 <State 35>: 4.433ns
The critical path consists of the following:
	'call' operation 1280 bit ('call_ret', ../src/mpc_riccati_hls.cpp:424) to 'compute_frenet_AB_and_next_hls' [347]  (4.433 ns)

 <State 36>: 4.433ns
The critical path consists of the following:
	'call' operation 1280 bit ('call_ret', ../src/mpc_riccati_hls.cpp:424) to 'compute_frenet_AB_and_next_hls' [347]  (4.433 ns)

 <State 37>: 4.433ns
The critical path consists of the following:
	'call' operation 1280 bit ('call_ret', ../src/mpc_riccati_hls.cpp:424) to 'compute_frenet_AB_and_next_hls' [347]  (4.433 ns)

 <State 38>: 4.433ns
The critical path consists of the following:
	'call' operation 1280 bit ('call_ret', ../src/mpc_riccati_hls.cpp:424) to 'compute_frenet_AB_and_next_hls' [347]  (4.433 ns)

 <State 39>: 4.433ns
The critical path consists of the following:
	'call' operation 1280 bit ('call_ret', ../src/mpc_riccati_hls.cpp:424) to 'compute_frenet_AB_and_next_hls' [347]  (4.433 ns)

 <State 40>: 4.433ns
The critical path consists of the following:
	'call' operation 1280 bit ('call_ret', ../src/mpc_riccati_hls.cpp:424) to 'compute_frenet_AB_and_next_hls' [347]  (4.433 ns)

 <State 41>: 4.433ns
The critical path consists of the following:
	'call' operation 1280 bit ('call_ret', ../src/mpc_riccati_hls.cpp:424) to 'compute_frenet_AB_and_next_hls' [347]  (4.433 ns)

 <State 42>: 4.433ns
The critical path consists of the following:
	'call' operation 1280 bit ('call_ret', ../src/mpc_riccati_hls.cpp:424) to 'compute_frenet_AB_and_next_hls' [347]  (4.433 ns)

 <State 43>: 4.433ns
The critical path consists of the following:
	'call' operation 1280 bit ('call_ret', ../src/mpc_riccati_hls.cpp:424) to 'compute_frenet_AB_and_next_hls' [347]  (4.433 ns)

 <State 44>: 4.433ns
The critical path consists of the following:
	'call' operation 1280 bit ('call_ret', ../src/mpc_riccati_hls.cpp:424) to 'compute_frenet_AB_and_next_hls' [347]  (4.433 ns)

 <State 45>: 4.433ns
The critical path consists of the following:
	'call' operation 1280 bit ('call_ret', ../src/mpc_riccati_hls.cpp:424) to 'compute_frenet_AB_and_next_hls' [347]  (4.433 ns)

 <State 46>: 4.433ns
The critical path consists of the following:
	'call' operation 1280 bit ('call_ret', ../src/mpc_riccati_hls.cpp:424) to 'compute_frenet_AB_and_next_hls' [347]  (4.433 ns)

 <State 47>: 4.433ns
The critical path consists of the following:
	'call' operation 1280 bit ('call_ret', ../src/mpc_riccati_hls.cpp:424) to 'compute_frenet_AB_and_next_hls' [347]  (4.433 ns)

 <State 48>: 4.433ns
The critical path consists of the following:
	'call' operation 1280 bit ('call_ret', ../src/mpc_riccati_hls.cpp:424) to 'compute_frenet_AB_and_next_hls' [347]  (4.433 ns)

 <State 49>: 4.433ns
The critical path consists of the following:
	'call' operation 1280 bit ('call_ret', ../src/mpc_riccati_hls.cpp:424) to 'compute_frenet_AB_and_next_hls' [347]  (4.433 ns)

 <State 50>: 4.433ns
The critical path consists of the following:
	'call' operation 1280 bit ('call_ret', ../src/mpc_riccati_hls.cpp:424) to 'compute_frenet_AB_and_next_hls' [347]  (4.433 ns)

 <State 51>: 4.433ns
The critical path consists of the following:
	'call' operation 1280 bit ('call_ret', ../src/mpc_riccati_hls.cpp:424) to 'compute_frenet_AB_and_next_hls' [347]  (4.433 ns)

 <State 52>: 4.433ns
The critical path consists of the following:
	'call' operation 1280 bit ('call_ret', ../src/mpc_riccati_hls.cpp:424) to 'compute_frenet_AB_and_next_hls' [347]  (4.433 ns)

 <State 53>: 4.433ns
The critical path consists of the following:
	'call' operation 1280 bit ('call_ret', ../src/mpc_riccati_hls.cpp:424) to 'compute_frenet_AB_and_next_hls' [347]  (4.433 ns)

 <State 54>: 4.433ns
The critical path consists of the following:
	'call' operation 1280 bit ('call_ret', ../src/mpc_riccati_hls.cpp:424) to 'compute_frenet_AB_and_next_hls' [347]  (4.433 ns)

 <State 55>: 4.433ns
The critical path consists of the following:
	'call' operation 1280 bit ('call_ret', ../src/mpc_riccati_hls.cpp:424) to 'compute_frenet_AB_and_next_hls' [347]  (4.433 ns)

 <State 56>: 4.433ns
The critical path consists of the following:
	'call' operation 1280 bit ('call_ret', ../src/mpc_riccati_hls.cpp:424) to 'compute_frenet_AB_and_next_hls' [347]  (4.433 ns)

 <State 57>: 4.433ns
The critical path consists of the following:
	'call' operation 1280 bit ('call_ret', ../src/mpc_riccati_hls.cpp:424) to 'compute_frenet_AB_and_next_hls' [347]  (4.433 ns)

 <State 58>: 4.433ns
The critical path consists of the following:
	'call' operation 1280 bit ('call_ret', ../src/mpc_riccati_hls.cpp:424) to 'compute_frenet_AB_and_next_hls' [347]  (4.433 ns)

 <State 59>: 4.433ns
The critical path consists of the following:
	'call' operation 1280 bit ('call_ret', ../src/mpc_riccati_hls.cpp:424) to 'compute_frenet_AB_and_next_hls' [347]  (4.433 ns)

 <State 60>: 4.433ns
The critical path consists of the following:
	'call' operation 1280 bit ('call_ret', ../src/mpc_riccati_hls.cpp:424) to 'compute_frenet_AB_and_next_hls' [347]  (4.433 ns)

 <State 61>: 4.433ns
The critical path consists of the following:
	'call' operation 1280 bit ('call_ret', ../src/mpc_riccati_hls.cpp:424) to 'compute_frenet_AB_and_next_hls' [347]  (4.433 ns)

 <State 62>: 4.433ns
The critical path consists of the following:
	'call' operation 1280 bit ('call_ret', ../src/mpc_riccati_hls.cpp:424) to 'compute_frenet_AB_and_next_hls' [347]  (4.433 ns)

 <State 63>: 4.433ns
The critical path consists of the following:
	'call' operation 1280 bit ('call_ret', ../src/mpc_riccati_hls.cpp:424) to 'compute_frenet_AB_and_next_hls' [347]  (4.433 ns)

 <State 64>: 4.433ns
The critical path consists of the following:
	'call' operation 1280 bit ('call_ret', ../src/mpc_riccati_hls.cpp:424) to 'compute_frenet_AB_and_next_hls' [347]  (4.433 ns)

 <State 65>: 4.433ns
The critical path consists of the following:
	'call' operation 1280 bit ('call_ret', ../src/mpc_riccati_hls.cpp:424) to 'compute_frenet_AB_and_next_hls' [347]  (4.433 ns)

 <State 66>: 4.433ns
The critical path consists of the following:
	'call' operation 1280 bit ('call_ret', ../src/mpc_riccati_hls.cpp:424) to 'compute_frenet_AB_and_next_hls' [347]  (4.433 ns)

 <State 67>: 4.433ns
The critical path consists of the following:
	'call' operation 1280 bit ('call_ret', ../src/mpc_riccati_hls.cpp:424) to 'compute_frenet_AB_and_next_hls' [347]  (4.433 ns)

 <State 68>: 4.433ns
The critical path consists of the following:
	'call' operation 1280 bit ('call_ret', ../src/mpc_riccati_hls.cpp:424) to 'compute_frenet_AB_and_next_hls' [347]  (4.433 ns)

 <State 69>: 4.433ns
The critical path consists of the following:
	'call' operation 1280 bit ('call_ret', ../src/mpc_riccati_hls.cpp:424) to 'compute_frenet_AB_and_next_hls' [347]  (4.433 ns)

 <State 70>: 4.433ns
The critical path consists of the following:
	'call' operation 1280 bit ('call_ret', ../src/mpc_riccati_hls.cpp:424) to 'compute_frenet_AB_and_next_hls' [347]  (4.433 ns)

 <State 71>: 4.433ns
The critical path consists of the following:
	'call' operation 1280 bit ('call_ret', ../src/mpc_riccati_hls.cpp:424) to 'compute_frenet_AB_and_next_hls' [347]  (4.433 ns)

 <State 72>: 4.433ns
The critical path consists of the following:
	'call' operation 1280 bit ('call_ret', ../src/mpc_riccati_hls.cpp:424) to 'compute_frenet_AB_and_next_hls' [347]  (4.433 ns)

 <State 73>: 4.433ns
The critical path consists of the following:
	'call' operation 1280 bit ('call_ret', ../src/mpc_riccati_hls.cpp:424) to 'compute_frenet_AB_and_next_hls' [347]  (4.433 ns)

 <State 74>: 4.433ns
The critical path consists of the following:
	'call' operation 1280 bit ('call_ret', ../src/mpc_riccati_hls.cpp:424) to 'compute_frenet_AB_and_next_hls' [347]  (4.433 ns)

 <State 75>: 4.433ns
The critical path consists of the following:
	'call' operation 1280 bit ('call_ret', ../src/mpc_riccati_hls.cpp:424) to 'compute_frenet_AB_and_next_hls' [347]  (4.433 ns)

 <State 76>: 4.433ns
The critical path consists of the following:
	'call' operation 1280 bit ('call_ret', ../src/mpc_riccati_hls.cpp:424) to 'compute_frenet_AB_and_next_hls' [347]  (4.433 ns)

 <State 77>: 4.433ns
The critical path consists of the following:
	'call' operation 1280 bit ('call_ret', ../src/mpc_riccati_hls.cpp:424) to 'compute_frenet_AB_and_next_hls' [347]  (4.433 ns)

 <State 78>: 4.433ns
The critical path consists of the following:
	'call' operation 1280 bit ('call_ret', ../src/mpc_riccati_hls.cpp:424) to 'compute_frenet_AB_and_next_hls' [347]  (4.433 ns)

 <State 79>: 4.433ns
The critical path consists of the following:
	'call' operation 1280 bit ('call_ret', ../src/mpc_riccati_hls.cpp:424) to 'compute_frenet_AB_and_next_hls' [347]  (4.433 ns)

 <State 80>: 4.433ns
The critical path consists of the following:
	'call' operation 1280 bit ('call_ret', ../src/mpc_riccati_hls.cpp:424) to 'compute_frenet_AB_and_next_hls' [347]  (4.433 ns)

 <State 81>: 4.433ns
The critical path consists of the following:
	'call' operation 1280 bit ('call_ret', ../src/mpc_riccati_hls.cpp:424) to 'compute_frenet_AB_and_next_hls' [347]  (4.433 ns)

 <State 82>: 4.433ns
The critical path consists of the following:
	'call' operation 1280 bit ('call_ret', ../src/mpc_riccati_hls.cpp:424) to 'compute_frenet_AB_and_next_hls' [347]  (4.433 ns)

 <State 83>: 4.433ns
The critical path consists of the following:
	'call' operation 1280 bit ('call_ret', ../src/mpc_riccati_hls.cpp:424) to 'compute_frenet_AB_and_next_hls' [347]  (4.433 ns)

 <State 84>: 4.433ns
The critical path consists of the following:
	'call' operation 1280 bit ('call_ret', ../src/mpc_riccati_hls.cpp:424) to 'compute_frenet_AB_and_next_hls' [347]  (4.433 ns)

 <State 85>: 4.433ns
The critical path consists of the following:
	'call' operation 1280 bit ('call_ret', ../src/mpc_riccati_hls.cpp:424) to 'compute_frenet_AB_and_next_hls' [347]  (4.433 ns)

 <State 86>: 4.433ns
The critical path consists of the following:
	'call' operation 1280 bit ('call_ret', ../src/mpc_riccati_hls.cpp:424) to 'compute_frenet_AB_and_next_hls' [347]  (4.433 ns)

 <State 87>: 4.433ns
The critical path consists of the following:
	'call' operation 1280 bit ('call_ret', ../src/mpc_riccati_hls.cpp:424) to 'compute_frenet_AB_and_next_hls' [347]  (4.433 ns)

 <State 88>: 4.433ns
The critical path consists of the following:
	'call' operation 1280 bit ('call_ret', ../src/mpc_riccati_hls.cpp:424) to 'compute_frenet_AB_and_next_hls' [347]  (4.433 ns)

 <State 89>: 4.433ns
The critical path consists of the following:
	'call' operation 1280 bit ('call_ret', ../src/mpc_riccati_hls.cpp:424) to 'compute_frenet_AB_and_next_hls' [347]  (4.433 ns)

 <State 90>: 4.433ns
The critical path consists of the following:
	'call' operation 1280 bit ('call_ret', ../src/mpc_riccati_hls.cpp:424) to 'compute_frenet_AB_and_next_hls' [347]  (4.433 ns)

 <State 91>: 4.433ns
The critical path consists of the following:
	'call' operation 1280 bit ('call_ret', ../src/mpc_riccati_hls.cpp:424) to 'compute_frenet_AB_and_next_hls' [347]  (4.433 ns)

 <State 92>: 4.433ns
The critical path consists of the following:
	'call' operation 1280 bit ('call_ret', ../src/mpc_riccati_hls.cpp:424) to 'compute_frenet_AB_and_next_hls' [347]  (4.433 ns)

 <State 93>: 4.433ns
The critical path consists of the following:
	'call' operation 1280 bit ('call_ret', ../src/mpc_riccati_hls.cpp:424) to 'compute_frenet_AB_and_next_hls' [347]  (4.433 ns)

 <State 94>: 4.433ns
The critical path consists of the following:
	'call' operation 1280 bit ('call_ret', ../src/mpc_riccati_hls.cpp:424) to 'compute_frenet_AB_and_next_hls' [347]  (4.433 ns)

 <State 95>: 4.433ns
The critical path consists of the following:
	'call' operation 1280 bit ('call_ret', ../src/mpc_riccati_hls.cpp:424) to 'compute_frenet_AB_and_next_hls' [347]  (4.433 ns)

 <State 96>: 4.433ns
The critical path consists of the following:
	'call' operation 1280 bit ('call_ret', ../src/mpc_riccati_hls.cpp:424) to 'compute_frenet_AB_and_next_hls' [347]  (4.433 ns)

 <State 97>: 4.433ns
The critical path consists of the following:
	'call' operation 1280 bit ('call_ret', ../src/mpc_riccati_hls.cpp:424) to 'compute_frenet_AB_and_next_hls' [347]  (4.433 ns)

 <State 98>: 4.433ns
The critical path consists of the following:
	'call' operation 1280 bit ('call_ret', ../src/mpc_riccati_hls.cpp:424) to 'compute_frenet_AB_and_next_hls' [347]  (4.433 ns)

 <State 99>: 4.433ns
The critical path consists of the following:
	'call' operation 1280 bit ('call_ret', ../src/mpc_riccati_hls.cpp:424) to 'compute_frenet_AB_and_next_hls' [347]  (4.433 ns)

 <State 100>: 4.433ns
The critical path consists of the following:
	'call' operation 1280 bit ('call_ret', ../src/mpc_riccati_hls.cpp:424) to 'compute_frenet_AB_and_next_hls' [347]  (4.433 ns)

 <State 101>: 4.433ns
The critical path consists of the following:
	'call' operation 1280 bit ('call_ret', ../src/mpc_riccati_hls.cpp:424) to 'compute_frenet_AB_and_next_hls' [347]  (4.433 ns)

 <State 102>: 4.433ns
The critical path consists of the following:
	'call' operation 1280 bit ('call_ret', ../src/mpc_riccati_hls.cpp:424) to 'compute_frenet_AB_and_next_hls' [347]  (4.433 ns)

 <State 103>: 4.433ns
The critical path consists of the following:
	'call' operation 1280 bit ('call_ret', ../src/mpc_riccati_hls.cpp:424) to 'compute_frenet_AB_and_next_hls' [347]  (4.433 ns)

 <State 104>: 4.433ns
The critical path consists of the following:
	'call' operation 1280 bit ('call_ret', ../src/mpc_riccati_hls.cpp:424) to 'compute_frenet_AB_and_next_hls' [347]  (4.433 ns)

 <State 105>: 4.433ns
The critical path consists of the following:
	'call' operation 1280 bit ('call_ret', ../src/mpc_riccati_hls.cpp:424) to 'compute_frenet_AB_and_next_hls' [347]  (4.433 ns)

 <State 106>: 4.433ns
The critical path consists of the following:
	'call' operation 1280 bit ('call_ret', ../src/mpc_riccati_hls.cpp:424) to 'compute_frenet_AB_and_next_hls' [347]  (4.433 ns)

 <State 107>: 4.433ns
The critical path consists of the following:
	'call' operation 1280 bit ('call_ret', ../src/mpc_riccati_hls.cpp:424) to 'compute_frenet_AB_and_next_hls' [347]  (4.433 ns)

 <State 108>: 4.433ns
The critical path consists of the following:
	'call' operation 1280 bit ('call_ret', ../src/mpc_riccati_hls.cpp:424) to 'compute_frenet_AB_and_next_hls' [347]  (4.433 ns)

 <State 109>: 4.433ns
The critical path consists of the following:
	'call' operation 1280 bit ('call_ret', ../src/mpc_riccati_hls.cpp:424) to 'compute_frenet_AB_and_next_hls' [347]  (4.433 ns)

 <State 110>: 4.433ns
The critical path consists of the following:
	'call' operation 1280 bit ('call_ret', ../src/mpc_riccati_hls.cpp:424) to 'compute_frenet_AB_and_next_hls' [347]  (4.433 ns)

 <State 111>: 4.433ns
The critical path consists of the following:
	'call' operation 1280 bit ('call_ret', ../src/mpc_riccati_hls.cpp:424) to 'compute_frenet_AB_and_next_hls' [347]  (4.433 ns)

 <State 112>: 3.973ns
The critical path consists of the following:
	'call' operation 1280 bit ('call_ret', ../src/mpc_riccati_hls.cpp:424) to 'compute_frenet_AB_and_next_hls' [347]  (2.736 ns)
	'store' operation ('store_ln464', ../src/mpc_riccati_hls.cpp:464) of variable 'A_step', ../src/mpc_riccati_hls.cpp:424 32 bit on array 'step_data_0_0_0' [420]  (1.237 ns)

 <State 113>: 3.756ns
The critical path consists of the following:
	'select' operation 32 bit ('select_ln118', include/fp_math_hls.h:118->../src/mpc_riccati_hls.cpp:434) [390]  (0.000 ns)
	'icmp' operation 1 bit ('icmp_ln434', ../src/mpc_riccati_hls.cpp:434) [391]  (1.016 ns)
	'select' operation 32 bit ('A_step', ../src/mpc_riccati_hls.cpp:434) [393]  (0.449 ns)
	'call' operation ('call_ln481', ../src/mpc_riccati_hls.cpp:481) to 'compute_affine_bias_dense_hls' [489]  (2.291 ns)

 <State 114>: 4.240ns
The critical path consists of the following:
	'call' operation ('call_ln481', ../src/mpc_riccati_hls.cpp:481) to 'compute_affine_bias_dense_hls' [489]  (4.240 ns)

 <State 115>: 4.240ns
The critical path consists of the following:
	'call' operation ('call_ln481', ../src/mpc_riccati_hls.cpp:481) to 'compute_affine_bias_dense_hls' [489]  (4.240 ns)

 <State 116>: 4.240ns
The critical path consists of the following:
	'call' operation ('call_ln481', ../src/mpc_riccati_hls.cpp:481) to 'compute_affine_bias_dense_hls' [489]  (4.240 ns)

 <State 117>: 4.240ns
The critical path consists of the following:
	'call' operation ('call_ln481', ../src/mpc_riccati_hls.cpp:481) to 'compute_affine_bias_dense_hls' [489]  (4.240 ns)

 <State 118>: 4.240ns
The critical path consists of the following:
	'call' operation ('call_ln481', ../src/mpc_riccati_hls.cpp:481) to 'compute_affine_bias_dense_hls' [489]  (4.240 ns)

 <State 119>: 4.240ns
The critical path consists of the following:
	'call' operation ('call_ln481', ../src/mpc_riccati_hls.cpp:481) to 'compute_affine_bias_dense_hls' [489]  (4.240 ns)

 <State 120>: 4.240ns
The critical path consists of the following:
	'call' operation ('call_ln481', ../src/mpc_riccati_hls.cpp:481) to 'compute_affine_bias_dense_hls' [489]  (4.240 ns)

 <State 121>: 4.240ns
The critical path consists of the following:
	'call' operation ('call_ln481', ../src/mpc_riccati_hls.cpp:481) to 'compute_affine_bias_dense_hls' [489]  (4.240 ns)

 <State 122>: 4.240ns
The critical path consists of the following:
	'call' operation ('call_ln481', ../src/mpc_riccati_hls.cpp:481) to 'compute_affine_bias_dense_hls' [489]  (4.240 ns)

 <State 123>: 4.240ns
The critical path consists of the following:
	'call' operation ('call_ln481', ../src/mpc_riccati_hls.cpp:481) to 'compute_affine_bias_dense_hls' [489]  (4.240 ns)

 <State 124>: 4.240ns
The critical path consists of the following:
	'call' operation ('call_ln481', ../src/mpc_riccati_hls.cpp:481) to 'compute_affine_bias_dense_hls' [489]  (4.240 ns)

 <State 125>: 4.240ns
The critical path consists of the following:
	'call' operation ('call_ln481', ../src/mpc_riccati_hls.cpp:481) to 'compute_affine_bias_dense_hls' [489]  (4.240 ns)

 <State 126>: 4.240ns
The critical path consists of the following:
	'call' operation ('call_ln481', ../src/mpc_riccati_hls.cpp:481) to 'compute_affine_bias_dense_hls' [489]  (4.240 ns)

 <State 127>: 4.240ns
The critical path consists of the following:
	'call' operation ('call_ln481', ../src/mpc_riccati_hls.cpp:481) to 'compute_affine_bias_dense_hls' [489]  (4.240 ns)

 <State 128>: 4.240ns
The critical path consists of the following:
	'call' operation ('call_ln481', ../src/mpc_riccati_hls.cpp:481) to 'compute_affine_bias_dense_hls' [489]  (4.240 ns)

 <State 129>: 4.240ns
The critical path consists of the following:
	'call' operation ('call_ln481', ../src/mpc_riccati_hls.cpp:481) to 'compute_affine_bias_dense_hls' [489]  (4.240 ns)

 <State 130>: 4.240ns
The critical path consists of the following:
	'call' operation ('call_ln481', ../src/mpc_riccati_hls.cpp:481) to 'compute_affine_bias_dense_hls' [489]  (4.240 ns)

 <State 131>: 4.240ns
The critical path consists of the following:
	'call' operation ('call_ln481', ../src/mpc_riccati_hls.cpp:481) to 'compute_affine_bias_dense_hls' [489]  (4.240 ns)

 <State 132>: 4.240ns
The critical path consists of the following:
	'call' operation ('call_ln481', ../src/mpc_riccati_hls.cpp:481) to 'compute_affine_bias_dense_hls' [489]  (4.240 ns)

 <State 133>: 4.240ns
The critical path consists of the following:
	'call' operation ('call_ln481', ../src/mpc_riccati_hls.cpp:481) to 'compute_affine_bias_dense_hls' [489]  (4.240 ns)

 <State 134>: 4.240ns
The critical path consists of the following:
	'call' operation ('call_ln481', ../src/mpc_riccati_hls.cpp:481) to 'compute_affine_bias_dense_hls' [489]  (4.240 ns)

 <State 135>: 4.240ns
The critical path consists of the following:
	'call' operation ('call_ln481', ../src/mpc_riccati_hls.cpp:481) to 'compute_affine_bias_dense_hls' [489]  (4.240 ns)

 <State 136>: 4.240ns
The critical path consists of the following:
	'call' operation ('call_ln481', ../src/mpc_riccati_hls.cpp:481) to 'compute_affine_bias_dense_hls' [489]  (4.240 ns)

 <State 137>: 4.240ns
The critical path consists of the following:
	'call' operation ('call_ln481', ../src/mpc_riccati_hls.cpp:481) to 'compute_affine_bias_dense_hls' [489]  (4.240 ns)

 <State 138>: 4.240ns
The critical path consists of the following:
	'call' operation ('call_ln481', ../src/mpc_riccati_hls.cpp:481) to 'compute_affine_bias_dense_hls' [489]  (4.240 ns)

 <State 139>: 4.240ns
The critical path consists of the following:
	'call' operation ('call_ln481', ../src/mpc_riccati_hls.cpp:481) to 'compute_affine_bias_dense_hls' [489]  (4.240 ns)

 <State 140>: 4.240ns
The critical path consists of the following:
	'call' operation ('call_ln481', ../src/mpc_riccati_hls.cpp:481) to 'compute_affine_bias_dense_hls' [489]  (4.240 ns)

 <State 141>: 4.240ns
The critical path consists of the following:
	'call' operation ('call_ln481', ../src/mpc_riccati_hls.cpp:481) to 'compute_affine_bias_dense_hls' [489]  (4.240 ns)

 <State 142>: 4.240ns
The critical path consists of the following:
	'call' operation ('call_ln481', ../src/mpc_riccati_hls.cpp:481) to 'compute_affine_bias_dense_hls' [489]  (4.240 ns)

 <State 143>: 4.240ns
The critical path consists of the following:
	'call' operation ('call_ln481', ../src/mpc_riccati_hls.cpp:481) to 'compute_affine_bias_dense_hls' [489]  (4.240 ns)

 <State 144>: 4.240ns
The critical path consists of the following:
	'call' operation ('call_ln481', ../src/mpc_riccati_hls.cpp:481) to 'compute_affine_bias_dense_hls' [489]  (4.240 ns)

 <State 145>: 4.240ns
The critical path consists of the following:
	'call' operation ('call_ln481', ../src/mpc_riccati_hls.cpp:481) to 'compute_affine_bias_dense_hls' [489]  (4.240 ns)

 <State 146>: 0.000ns
The critical path consists of the following:


============================================================
+ Verbose Summary: Binding
============================================================
N/A
* FSMD analyzer results:
  - Output states:
 - Input state : 
  - Chain level:
	State 1
	State 2
	State 3
	State 4
	State 5
	State 6
	State 7
	State 8
	State 9
	State 10
	State 11
	State 12
	State 13
	State 14
	State 15
	State 16
	State 17
	State 18
	State 19
	State 20
	State 21
	State 22
	State 23
	State 24
	State 25
	State 26
	State 27
	State 28
	State 29
	State 30
	State 31
	State 32
	State 33
	State 34
	State 35
	State 36
	State 37
	State 38
	State 39
	State 40
	State 41
	State 42
	State 43
	State 44
	State 45
	State 46
	State 47
	State 48
	State 49
	State 50
	State 51
	State 52
	State 53
	State 54
	State 55
	State 56
	State 57
	State 58
	State 59
	State 60
	State 61
	State 62
	State 63
	State 64
	State 65
	State 66
	State 67
	State 68
	State 69
	State 70
	State 71
	State 72
	State 73
	State 74
	State 75
	State 76
	State 77
	State 78
	State 79
	State 80
	State 81
	State 82
	State 83
	State 84
	State 85
	State 86
	State 87
	State 88
	State 89
	State 90
	State 91
	State 92
	State 93
	State 94
	State 95
	State 96
	State 97
	State 98
	State 99
	State 100
	State 101
	State 102
	State 103
	State 104
	State 105
	State 106
	State 107
	State 108
	State 109
	State 110
	State 111
	State 112
	State 113
	State 114
	State 115
	State 116
	State 117
	State 118
	State 119
	State 120
	State 121
	State 122
	State 123
	State 124
	State 125
	State 126
	State 127
	State 128
	State 129
	State 130
	State 131
	State 132
	State 133
	State 134
	State 135
	State 136
	State 137
	State 138
	State 139
	State 140
	State 141
	State 142
	State 143
	State 144
	State 145
	State 146


============================================================
+ Verbose Summary: Datapath Resource usage 
============================================================
N/A
