

================================================================
== Vitis HLS Report for 'p_anonymous_namespace_fill_mpc_reference_trajectory_from_lane_words'
================================================================
* Date:           Thu May 21 15:23:08 2026

* Version:        2025.2 (Build 6295257 on Nov 14 2025)
* Project:        mpc_fpga_top_opencl
* Solution:       hls (Vitis Kernel Flow Target)
* Product family: zynquplus
* Target device:  xck26-sfvc784-2LV-c


================================================================
== Performance Estimates
================================================================
+ Timing: 
    * Summary: 
    +--------+---------+----------+------------+
    |  Clock |  Target | Estimated| Uncertainty|
    +--------+---------+----------+------------+
    |ap_clk  |  5.00 ns|  1.869 ns|     0.50 ns|
    +--------+---------+----------+------------+

+ Latency: 
    * Summary: 
    +---------+---------+----------+----------+-----+-----+-------------------+
    |  Latency (cycles) |  Latency (absolute) |  Interval |      Pipeline     |
    |   min   |   max   |    min   |    max   | min | max |        Type       |
    +---------+---------+----------+----------+-----+-----+-------------------+
    |       22|       22|  0.110 us|  0.110 us|    0|    0|  loop pipeline stp|
    +---------+---------+----------+----------+-----+-----+-------------------+

    + Detail: 
        * Instance: 
        N/A

        * Loop: 
        +--------------------+---------+---------+----------+-----------+-----------+------+----------+
        |                    |  Latency (cycles) | Iteration|  Initiation Interval  | Trip |          |
        |      Loop Name     |   min   |   max   |  Latency |  achieved |   target  | Count| Pipelined|
        +--------------------+---------+---------+----------+-----------+-----------+------+----------+
        |- VITIS_LOOP_187_1  |       20|       20|         2|          1|          1|    20|       yes|
        +--------------------+---------+---------+----------+-----------+-----------+------+----------+



================================================================
== Utilization Estimates
================================================================
* Summary: 
+-----------------+---------+------+--------+--------+-----+
|       Name      | BRAM_18K|  DSP |   FF   |   LUT  | URAM|
+-----------------+---------+------+--------+--------+-----+
|DSP              |        -|     -|       -|       -|    -|
|Expression       |        -|     -|       0|     402|    -|
|FIFO             |        -|     -|       -|       -|    -|
|Instance         |        -|     -|       -|       -|    -|
|Memory           |        -|     -|       -|       -|    -|
|Multiplexer      |        -|     -|       0|      36|    -|
|Register         |        -|     -|      13|       -|    -|
+-----------------+---------+------+--------+--------+-----+
|Total            |        0|     0|      13|     438|    0|
+-----------------+---------+------+--------+--------+-----+
|Available        |      288|  1248|  234240|  117120|   64|
+-----------------+---------+------+--------+--------+-----+
|Utilization (%)  |        0|     0|      ~0|      ~0|    0|
+-----------------+---------+------+--------+--------+-----+

+ Detail: 
    * Instance: 
    N/A

    * DSP: 
    N/A

    * Memory: 
    N/A

    * FIFO: 
    N/A

    * Expression: 
    +----------------------+----------+----+---+----+------------+------------+
    |     Variable Name    | Operation| DSP| FF| LUT| Bitwidth P0| Bitwidth P1|
    +----------------------+----------+----+---+----+------------+------------+
    |add_ln187_fu_430_p2   |         +|   0|  0|  12|           5|           1|
    |add_ln192_fu_444_p2   |         +|   0|  0|  15|           8|           4|
    |add_ln194_fu_466_p2   |         +|   0|  0|  15|           8|           4|
    |add_ln196_fu_488_p2   |         +|   0|  0|  15|           8|           4|
    |add_ln198_fu_510_p2   |         +|   0|  0|  15|           8|           4|
    |add_ln200_fu_532_p2   |         +|   0|  0|  15|           8|           4|
    |add_ln202_fu_554_p2   |         +|   0|  0|  15|           8|           4|
    |add_ln204_fu_576_p2   |         +|   0|  0|  15|           8|           4|
    |add_ln206_fu_598_p2   |         +|   0|  0|  15|           8|           4|
    |icmp_ln187_fu_424_p2  |      icmp|   0|  0|  12|           5|           5|
    |out_306_fu_648_p3     |    select|   0|  0|  32|           1|          32|
    |out_307_fu_657_p3     |    select|   0|  0|  32|           1|          32|
    |out_308_fu_666_p3     |    select|   0|  0|  32|           1|          32|
    |out_309_fu_675_p3     |    select|   0|  0|  32|           1|          32|
    |out_310_fu_684_p3     |    select|   0|  0|  32|           1|          32|
    |out_311_fu_693_p3     |    select|   0|  0|  32|           1|          32|
    |out_312_fu_702_p3     |    select|   0|  0|  32|           1|          32|
    |out_fu_639_p3         |    select|   0|  0|  32|           1|          32|
    |ap_enable_pp0         |       xor|   0|  0|   2|           1|           2|
    +----------------------+----------+----+---+----+------------+------------+
    |Total                 |          |   0|  0| 402|          83|         296|
    +----------------------+----------+----+---+----+------------+------------+

    * Multiplexer: 
    +-------------------------+----+-----------+-----+-----------+
    |           Name          | LUT| Input Size| Bits| Total Bits|
    +-------------------------+----+-----------+-----+-----------+
    |ap_done_int              |   9|          2|    1|          2|
    |ap_enable_reg_pp0_iter1  |   9|          2|    1|          2|
    |ap_sig_allocacmp_k_18    |   9|          2|    5|         10|
    |k_fu_100                 |   9|          2|    5|         10|
    +-------------------------+----+-----------+-----+-----------+
    |Total                    |  36|          8|   12|         24|
    +-------------------------+----+-----------+-----+-----------+

    * Register: 
    +-------------------------+---+----+-----+-----------+
    |           Name          | FF| LUT| Bits| Const Bits|
    +-------------------------+---+----+-----+-----------+
    |ap_CS_fsm                |  1|   0|    1|          0|
    |ap_done_reg              |  1|   0|    1|          0|
    |ap_enable_reg_pp0_iter1  |  1|   0|    1|          0|
    |k_18_reg_718             |  5|   0|    5|          0|
    |k_fu_100                 |  5|   0|    5|          0|
    +-------------------------+---+----+-----+-----------+
    |Total                    | 13|   0|   13|          0|
    +-------------------------+---+----+-----+-----------+



================================================================
== Interface
================================================================
* Summary: 
+---------------------------------------------+-----+-----+------------+--------------------------------------------------------------------+--------------+
|                  RTL Ports                  | Dir | Bits|  Protocol  |                            Source Object                           |    C Type    |
+---------------------------------------------+-----+-----+------------+--------------------------------------------------------------------+--------------+
|ap_clk                                       |   in|    1|  ap_ctrl_hs|  (anonymous namespace)fill_mpc_reference_trajectory_from_lane_words|  return value|
|ap_rst                                       |   in|    1|  ap_ctrl_hs|  (anonymous namespace)fill_mpc_reference_trajectory_from_lane_words|  return value|
|ap_start                                     |   in|    1|  ap_ctrl_hs|  (anonymous namespace)fill_mpc_reference_trajectory_from_lane_words|  return value|
|ap_done                                      |  out|    1|  ap_ctrl_hs|  (anonymous namespace)fill_mpc_reference_trajectory_from_lane_words|  return value|
|ap_idle                                      |  out|    1|  ap_ctrl_hs|  (anonymous namespace)fill_mpc_reference_trajectory_from_lane_words|  return value|
|ap_ready                                     |  out|    1|  ap_ctrl_hs|  (anonymous namespace)fill_mpc_reference_trajectory_from_lane_words|  return value|
|lane_words_0_address0                        |  out|    4|   ap_memory|                                                        lane_words_0|         array|
|lane_words_0_ce0                             |  out|    1|   ap_memory|                                                        lane_words_0|         array|
|lane_words_0_q0                              |   in|   32|   ap_memory|                                                        lane_words_0|         array|
|lane_words_1_address0                        |  out|    4|   ap_memory|                                                        lane_words_1|         array|
|lane_words_1_ce0                             |  out|    1|   ap_memory|                                                        lane_words_1|         array|
|lane_words_1_q0                              |   in|   32|   ap_memory|                                                        lane_words_1|         array|
|lane_words_2_address0                        |  out|    4|   ap_memory|                                                        lane_words_2|         array|
|lane_words_2_ce0                             |  out|    1|   ap_memory|                                                        lane_words_2|         array|
|lane_words_2_q0                              |   in|   32|   ap_memory|                                                        lane_words_2|         array|
|lane_words_3_address0                        |  out|    4|   ap_memory|                                                        lane_words_3|         array|
|lane_words_3_ce0                             |  out|    1|   ap_memory|                                                        lane_words_3|         array|
|lane_words_3_q0                              |   in|   32|   ap_memory|                                                        lane_words_3|         array|
|lane_words_4_address0                        |  out|    4|   ap_memory|                                                        lane_words_4|         array|
|lane_words_4_ce0                             |  out|    1|   ap_memory|                                                        lane_words_4|         array|
|lane_words_4_q0                              |   in|   32|   ap_memory|                                                        lane_words_4|         array|
|lane_words_5_address0                        |  out|    4|   ap_memory|                                                        lane_words_5|         array|
|lane_words_5_ce0                             |  out|    1|   ap_memory|                                                        lane_words_5|         array|
|lane_words_5_q0                              |   in|   32|   ap_memory|                                                        lane_words_5|         array|
|lane_words_6_address0                        |  out|    4|   ap_memory|                                                        lane_words_6|         array|
|lane_words_6_ce0                             |  out|    1|   ap_memory|                                                        lane_words_6|         array|
|lane_words_6_q0                              |   in|   32|   ap_memory|                                                        lane_words_6|         array|
|lane_words_7_address0                        |  out|    4|   ap_memory|                                                        lane_words_7|         array|
|lane_words_7_ce0                             |  out|    1|   ap_memory|                                                        lane_words_7|         array|
|lane_words_7_q0                              |   in|   32|   ap_memory|                                                        lane_words_7|         array|
|lane_words_8_address0                        |  out|    4|   ap_memory|                                                        lane_words_8|         array|
|lane_words_8_ce0                             |  out|    1|   ap_memory|                                                        lane_words_8|         array|
|lane_words_8_q0                              |   in|   32|   ap_memory|                                                        lane_words_8|         array|
|lane_words_9_address0                        |  out|    4|   ap_memory|                                                        lane_words_9|         array|
|lane_words_9_ce0                             |  out|    1|   ap_memory|                                                        lane_words_9|         array|
|lane_words_9_q0                              |   in|   32|   ap_memory|                                                        lane_words_9|         array|
|lane_words_10_address0                       |  out|    4|   ap_memory|                                                       lane_words_10|         array|
|lane_words_10_ce0                            |  out|    1|   ap_memory|                                                       lane_words_10|         array|
|lane_words_10_q0                             |   in|   32|   ap_memory|                                                       lane_words_10|         array|
|lane_words_11_address0                       |  out|    4|   ap_memory|                                                       lane_words_11|         array|
|lane_words_11_ce0                            |  out|    1|   ap_memory|                                                       lane_words_11|         array|
|lane_words_11_q0                             |   in|   32|   ap_memory|                                                       lane_words_11|         array|
|lane_words_12_address0                       |  out|    4|   ap_memory|                                                       lane_words_12|         array|
|lane_words_12_ce0                            |  out|    1|   ap_memory|                                                       lane_words_12|         array|
|lane_words_12_q0                             |   in|   32|   ap_memory|                                                       lane_words_12|         array|
|lane_words_13_address0                       |  out|    4|   ap_memory|                                                       lane_words_13|         array|
|lane_words_13_ce0                            |  out|    1|   ap_memory|                                                       lane_words_13|         array|
|lane_words_13_q0                             |   in|   32|   ap_memory|                                                       lane_words_13|         array|
|lane_words_14_address0                       |  out|    4|   ap_memory|                                                       lane_words_14|         array|
|lane_words_14_ce0                            |  out|    1|   ap_memory|                                                       lane_words_14|         array|
|lane_words_14_q0                             |   in|   32|   ap_memory|                                                       lane_words_14|         array|
|lane_words_15_address0                       |  out|    4|   ap_memory|                                                       lane_words_15|         array|
|lane_words_15_ce0                            |  out|    1|   ap_memory|                                                       lane_words_15|         array|
|lane_words_15_q0                             |   in|   32|   ap_memory|                                                       lane_words_15|         array|
|out_ref_reference_heading_error_address0     |  out|    5|   ap_memory|                                     out_ref_reference_heading_error|         array|
|out_ref_reference_heading_error_ce0          |  out|    1|   ap_memory|                                     out_ref_reference_heading_error|         array|
|out_ref_reference_heading_error_we0          |  out|    1|   ap_memory|                                     out_ref_reference_heading_error|         array|
|out_ref_reference_heading_error_d0           |  out|   32|   ap_memory|                                     out_ref_reference_heading_error|         array|
|out_ref_reference_lateral_error_address0     |  out|    5|   ap_memory|                                     out_ref_reference_lateral_error|         array|
|out_ref_reference_lateral_error_ce0          |  out|    1|   ap_memory|                                     out_ref_reference_lateral_error|         array|
|out_ref_reference_lateral_error_we0          |  out|    1|   ap_memory|                                     out_ref_reference_lateral_error|         array|
|out_ref_reference_lateral_error_d0           |  out|   32|   ap_memory|                                     out_ref_reference_lateral_error|         array|
|out_ref_reference_velocity_address0          |  out|    5|   ap_memory|                                          out_ref_reference_velocity|         array|
|out_ref_reference_velocity_ce0               |  out|    1|   ap_memory|                                          out_ref_reference_velocity|         array|
|out_ref_reference_velocity_we0               |  out|    1|   ap_memory|                                          out_ref_reference_velocity|         array|
|out_ref_reference_velocity_d0                |  out|   32|   ap_memory|                                          out_ref_reference_velocity|         array|
|out_ref_reference_lateral_velocity_address0  |  out|    5|   ap_memory|                                  out_ref_reference_lateral_velocity|         array|
|out_ref_reference_lateral_velocity_ce0       |  out|    1|   ap_memory|                                  out_ref_reference_lateral_velocity|         array|
|out_ref_reference_lateral_velocity_we0       |  out|    1|   ap_memory|                                  out_ref_reference_lateral_velocity|         array|
|out_ref_reference_lateral_velocity_d0        |  out|   32|   ap_memory|                                  out_ref_reference_lateral_velocity|         array|
|out_ref_reference_yaw_rate_address0          |  out|    5|   ap_memory|                                          out_ref_reference_yaw_rate|         array|
|out_ref_reference_yaw_rate_ce0               |  out|    1|   ap_memory|                                          out_ref_reference_yaw_rate|         array|
|out_ref_reference_yaw_rate_we0               |  out|    1|   ap_memory|                                          out_ref_reference_yaw_rate|         array|
|out_ref_reference_yaw_rate_d0                |  out|   32|   ap_memory|                                          out_ref_reference_yaw_rate|         array|
|out_ref_path_curvature_address0              |  out|    5|   ap_memory|                                              out_ref_path_curvature|         array|
|out_ref_path_curvature_ce0                   |  out|    1|   ap_memory|                                              out_ref_path_curvature|         array|
|out_ref_path_curvature_we0                   |  out|    1|   ap_memory|                                              out_ref_path_curvature|         array|
|out_ref_path_curvature_d0                    |  out|   32|   ap_memory|                                              out_ref_path_curvature|         array|
|out_ref_left_wall_bound_address0             |  out|    5|   ap_memory|                                             out_ref_left_wall_bound|         array|
|out_ref_left_wall_bound_ce0                  |  out|    1|   ap_memory|                                             out_ref_left_wall_bound|         array|
|out_ref_left_wall_bound_we0                  |  out|    1|   ap_memory|                                             out_ref_left_wall_bound|         array|
|out_ref_left_wall_bound_d0                   |  out|   32|   ap_memory|                                             out_ref_left_wall_bound|         array|
|out_ref_right_wall_bound_address0            |  out|    5|   ap_memory|                                            out_ref_right_wall_bound|         array|
|out_ref_right_wall_bound_ce0                 |  out|    1|   ap_memory|                                            out_ref_right_wall_bound|         array|
|out_ref_right_wall_bound_we0                 |  out|    1|   ap_memory|                                            out_ref_right_wall_bound|         array|
|out_ref_right_wall_bound_d0                  |  out|   32|   ap_memory|                                            out_ref_right_wall_bound|         array|
+---------------------------------------------+-----+-----+------------+--------------------------------------------------------------------+--------------+

============================================================
+ Verbose Summary: Synthesis Manager
============================================================
InlineROM: 1
ExposeGlobal: 0
============================================================
+ Verbose Summary: CDFG Model
============================================================
IsTopModel: 0
ResetActiveHigh: 1
IsCombinational: 2
IsDatapathOnly: 2
HasWiredReturn: 1
HasMFsm: 2
HasVarLatency: 1
IsPipeline: 0
IsRtlPipelined: 0
IsInstanceOverlapped: 0
IsDontTouch: 0
HasImplIP: 0
IsGatedGlobalClock: 0

+ Individual pipeline summary: 
  * Pipeline-0: initiation interval (II) = 1, depth = 2


============================================================
+ Verbose Summary: Schedule
============================================================
* Number of FSM states : 2
* Pipeline : 1
  Pipeline-0 : II = 1, D = 2, States = { 1 2 }
* Dataflow Pipeline: 0

* FSM state transitions: 
1 --> 2 
2 --> 

* FSM state operations: 

State 1 <SV = 0> <Delay = 1.86>
ST_1 : Operation 5 [1/1] (0.00ns)   --->   "%k = alloca i32 1" [../src/mpc_fpga_top.cpp:187]   --->   Operation 5 'alloca' 'k' <Predicate = true> <Delay = 0.00>
ST_1 : Operation 6 [1/1] (0.42ns)   --->   "%store_ln187 = store i5 0, i5 %k" [../src/mpc_fpga_top.cpp:187]   --->   Operation 6 'store' 'store_ln187' <Predicate = true> <Delay = 0.42>
ST_1 : Operation 7 [1/1] (0.00ns)   --->   "%br_ln187 = br void %for.body" [../src/mpc_fpga_top.cpp:187]   --->   Operation 7 'br' 'br_ln187' <Predicate = true> <Delay = 0.00>
ST_1 : Operation 8 [1/1] (0.00ns)   --->   "%k_18 = load i5 %k" [../src/mpc_fpga_top.cpp:187]   --->   Operation 8 'load' 'k_18' <Predicate = true> <Delay = 0.00>
ST_1 : Operation 9 [1/1] (0.78ns)   --->   "%icmp_ln187 = icmp_eq  i5 %k_18, i5 20" [../src/mpc_fpga_top.cpp:187]   --->   Operation 9 'icmp' 'icmp_ln187' <Predicate = true> <Delay = 0.78> <CoreInst = "Cmp">   --->   Core 9 'Cmp' <Latency = 0> <II = 1> <Delay = 0.78> <FuncUnit> <Opcode : 'seteq' 'setne' 'setle' 'setge' 'setlt' 'setgt'> <InPorts = 2> <OutPorts = 1>
ST_1 : Operation 10 [1/1] (0.78ns)   --->   "%add_ln187 = add i5 %k_18, i5 1" [../src/mpc_fpga_top.cpp:187]   --->   Operation 10 'add' 'add_ln187' <Predicate = true> <Delay = 0.78> <CoreInst = "Adder">   --->   Core 1 'Adder' <Latency = 0> <II = 1> <Delay = 0.78> <FuncUnit> <Opcode : 'add' 'sub'> <InPorts = 2> <OutPorts = 1>
ST_1 : Operation 11 [1/1] (0.00ns)   --->   "%br_ln187 = br i1 %icmp_ln187, void %for.body.split, void %for.end" [../src/mpc_fpga_top.cpp:187]   --->   Operation 11 'br' 'br_ln187' <Predicate = true> <Delay = 0.00>
ST_1 : Operation 12 [1/1] (0.00ns)   --->   "%shl_ln = bitconcatenate i8 @_ssdm_op_BitConcatenate.i8.i5.i3, i5 %k_18, i3 0" [../src/mpc_fpga_top.cpp:189]   --->   Operation 12 'bitconcatenate' 'shl_ln' <Predicate = (!icmp_ln187)> <Delay = 0.00>
ST_1 : Operation 13 [1/1] (0.76ns)   --->   "%add_ln192 = add i8 %shl_ln, i8 8" [../src/mpc_fpga_top.cpp:192]   --->   Operation 13 'add' 'add_ln192' <Predicate = (!icmp_ln187)> <Delay = 0.76> <CoreInst = "Adder">   --->   Core 1 'Adder' <Latency = 0> <II = 1> <Delay = 0.76> <FuncUnit> <Opcode : 'add' 'sub'> <InPorts = 2> <OutPorts = 1>
ST_1 : Operation 14 [1/1] (0.00ns)   --->   "%lshr_ln = partselect i4 @_ssdm_op_PartSelect.i4.i8.i32.i32, i8 %add_ln192, i32 4, i32 7" [../src/mpc_fpga_top.cpp:192]   --->   Operation 14 'partselect' 'lshr_ln' <Predicate = (!icmp_ln187)> <Delay = 0.00>
ST_1 : Operation 15 [1/1] (0.00ns)   --->   "%zext_ln192 = zext i4 %lshr_ln" [../src/mpc_fpga_top.cpp:192]   --->   Operation 15 'zext' 'zext_ln192' <Predicate = (!icmp_ln187)> <Delay = 0.00>
ST_1 : Operation 16 [1/1] (0.00ns)   --->   "%lane_words_0_addr = getelementptr i32 %lane_words_0, i64 0, i64 %zext_ln192" [../src/mpc_fpga_top.cpp:192]   --->   Operation 16 'getelementptr' 'lane_words_0_addr' <Predicate = (!icmp_ln187)> <Delay = 0.00>
ST_1 : Operation 17 [1/1] (0.00ns)   --->   "%lane_words_8_addr = getelementptr i32 %lane_words_8, i64 0, i64 %zext_ln192" [../src/mpc_fpga_top.cpp:192]   --->   Operation 17 'getelementptr' 'lane_words_8_addr' <Predicate = (!icmp_ln187)> <Delay = 0.00>
ST_1 : Operation 18 [2/2] (0.67ns)   --->   "%lane_words_0_load = load i4 %lane_words_0_addr" [../src/mpc_fpga_top.cpp:192]   --->   Operation 18 'load' 'lane_words_0_load' <Predicate = (!icmp_ln187)> <Delay = 0.67> <CoreInst = "RAM">   --->   Core 82 'RAM' <Latency = 1> <II = 1> <Delay = 0.67> <Storage> <Opcode : 'load' 'store'> <Ports = 2> <Width = 32> <Depth = 11> <RAM>
ST_1 : Operation 19 [2/2] (0.67ns)   --->   "%lane_words_8_load = load i4 %lane_words_8_addr" [../src/mpc_fpga_top.cpp:192]   --->   Operation 19 'load' 'lane_words_8_load' <Predicate = (!icmp_ln187)> <Delay = 0.67> <CoreInst = "RAM">   --->   Core 82 'RAM' <Latency = 1> <II = 1> <Delay = 0.67> <Storage> <Opcode : 'load' 'store'> <Ports = 2> <Width = 32> <Depth = 11> <RAM>
ST_1 : Operation 20 [1/1] (0.76ns)   --->   "%add_ln194 = add i8 %shl_ln, i8 9" [../src/mpc_fpga_top.cpp:194]   --->   Operation 20 'add' 'add_ln194' <Predicate = (!icmp_ln187)> <Delay = 0.76> <CoreInst = "Adder">   --->   Core 1 'Adder' <Latency = 0> <II = 1> <Delay = 0.76> <FuncUnit> <Opcode : 'add' 'sub'> <InPorts = 2> <OutPorts = 1>
ST_1 : Operation 21 [1/1] (0.00ns)   --->   "%lshr_ln1 = partselect i4 @_ssdm_op_PartSelect.i4.i8.i32.i32, i8 %add_ln194, i32 4, i32 7" [../src/mpc_fpga_top.cpp:194]   --->   Operation 21 'partselect' 'lshr_ln1' <Predicate = (!icmp_ln187)> <Delay = 0.00>
ST_1 : Operation 22 [1/1] (0.00ns)   --->   "%zext_ln194 = zext i4 %lshr_ln1" [../src/mpc_fpga_top.cpp:194]   --->   Operation 22 'zext' 'zext_ln194' <Predicate = (!icmp_ln187)> <Delay = 0.00>
ST_1 : Operation 23 [1/1] (0.00ns)   --->   "%lane_words_1_addr = getelementptr i32 %lane_words_1, i64 0, i64 %zext_ln194" [../src/mpc_fpga_top.cpp:194]   --->   Operation 23 'getelementptr' 'lane_words_1_addr' <Predicate = (!icmp_ln187)> <Delay = 0.00>
ST_1 : Operation 24 [1/1] (0.00ns)   --->   "%lane_words_9_addr = getelementptr i32 %lane_words_9, i64 0, i64 %zext_ln194" [../src/mpc_fpga_top.cpp:194]   --->   Operation 24 'getelementptr' 'lane_words_9_addr' <Predicate = (!icmp_ln187)> <Delay = 0.00>
ST_1 : Operation 25 [2/2] (0.67ns)   --->   "%lane_words_1_load = load i4 %lane_words_1_addr" [../src/mpc_fpga_top.cpp:194]   --->   Operation 25 'load' 'lane_words_1_load' <Predicate = (!icmp_ln187)> <Delay = 0.67> <CoreInst = "RAM">   --->   Core 82 'RAM' <Latency = 1> <II = 1> <Delay = 0.67> <Storage> <Opcode : 'load' 'store'> <Ports = 2> <Width = 32> <Depth = 11> <RAM>
ST_1 : Operation 26 [2/2] (0.67ns)   --->   "%lane_words_9_load = load i4 %lane_words_9_addr" [../src/mpc_fpga_top.cpp:194]   --->   Operation 26 'load' 'lane_words_9_load' <Predicate = (!icmp_ln187)> <Delay = 0.67> <CoreInst = "RAM">   --->   Core 82 'RAM' <Latency = 1> <II = 1> <Delay = 0.67> <Storage> <Opcode : 'load' 'store'> <Ports = 2> <Width = 32> <Depth = 11> <RAM>
ST_1 : Operation 27 [1/1] (0.76ns)   --->   "%add_ln196 = add i8 %shl_ln, i8 10" [../src/mpc_fpga_top.cpp:196]   --->   Operation 27 'add' 'add_ln196' <Predicate = (!icmp_ln187)> <Delay = 0.76> <CoreInst = "Adder">   --->   Core 1 'Adder' <Latency = 0> <II = 1> <Delay = 0.76> <FuncUnit> <Opcode : 'add' 'sub'> <InPorts = 2> <OutPorts = 1>
ST_1 : Operation 28 [1/1] (0.00ns)   --->   "%lshr_ln2 = partselect i4 @_ssdm_op_PartSelect.i4.i8.i32.i32, i8 %add_ln196, i32 4, i32 7" [../src/mpc_fpga_top.cpp:196]   --->   Operation 28 'partselect' 'lshr_ln2' <Predicate = (!icmp_ln187)> <Delay = 0.00>
ST_1 : Operation 29 [1/1] (0.00ns)   --->   "%zext_ln196 = zext i4 %lshr_ln2" [../src/mpc_fpga_top.cpp:196]   --->   Operation 29 'zext' 'zext_ln196' <Predicate = (!icmp_ln187)> <Delay = 0.00>
ST_1 : Operation 30 [1/1] (0.00ns)   --->   "%lane_words_2_addr = getelementptr i32 %lane_words_2, i64 0, i64 %zext_ln196" [../src/mpc_fpga_top.cpp:196]   --->   Operation 30 'getelementptr' 'lane_words_2_addr' <Predicate = (!icmp_ln187)> <Delay = 0.00>
ST_1 : Operation 31 [1/1] (0.00ns)   --->   "%lane_words_10_addr = getelementptr i32 %lane_words_10, i64 0, i64 %zext_ln196" [../src/mpc_fpga_top.cpp:196]   --->   Operation 31 'getelementptr' 'lane_words_10_addr' <Predicate = (!icmp_ln187)> <Delay = 0.00>
ST_1 : Operation 32 [2/2] (0.67ns)   --->   "%lane_words_2_load = load i4 %lane_words_2_addr" [../src/mpc_fpga_top.cpp:196]   --->   Operation 32 'load' 'lane_words_2_load' <Predicate = (!icmp_ln187)> <Delay = 0.67> <CoreInst = "RAM">   --->   Core 82 'RAM' <Latency = 1> <II = 1> <Delay = 0.67> <Storage> <Opcode : 'load' 'store'> <Ports = 2> <Width = 32> <Depth = 11> <RAM>
ST_1 : Operation 33 [2/2] (0.67ns)   --->   "%lane_words_10_load = load i4 %lane_words_10_addr" [../src/mpc_fpga_top.cpp:196]   --->   Operation 33 'load' 'lane_words_10_load' <Predicate = (!icmp_ln187)> <Delay = 0.67> <CoreInst = "RAM">   --->   Core 82 'RAM' <Latency = 1> <II = 1> <Delay = 0.67> <Storage> <Opcode : 'load' 'store'> <Ports = 2> <Width = 32> <Depth = 11> <RAM>
ST_1 : Operation 34 [1/1] (0.76ns)   --->   "%add_ln198 = add i8 %shl_ln, i8 11" [../src/mpc_fpga_top.cpp:198]   --->   Operation 34 'add' 'add_ln198' <Predicate = (!icmp_ln187)> <Delay = 0.76> <CoreInst = "Adder">   --->   Core 1 'Adder' <Latency = 0> <II = 1> <Delay = 0.76> <FuncUnit> <Opcode : 'add' 'sub'> <InPorts = 2> <OutPorts = 1>
ST_1 : Operation 35 [1/1] (0.00ns)   --->   "%lshr_ln3 = partselect i4 @_ssdm_op_PartSelect.i4.i8.i32.i32, i8 %add_ln198, i32 4, i32 7" [../src/mpc_fpga_top.cpp:198]   --->   Operation 35 'partselect' 'lshr_ln3' <Predicate = (!icmp_ln187)> <Delay = 0.00>
ST_1 : Operation 36 [1/1] (0.00ns)   --->   "%zext_ln198 = zext i4 %lshr_ln3" [../src/mpc_fpga_top.cpp:198]   --->   Operation 36 'zext' 'zext_ln198' <Predicate = (!icmp_ln187)> <Delay = 0.00>
ST_1 : Operation 37 [1/1] (0.00ns)   --->   "%lane_words_3_addr = getelementptr i32 %lane_words_3, i64 0, i64 %zext_ln198" [../src/mpc_fpga_top.cpp:198]   --->   Operation 37 'getelementptr' 'lane_words_3_addr' <Predicate = (!icmp_ln187)> <Delay = 0.00>
ST_1 : Operation 38 [1/1] (0.00ns)   --->   "%lane_words_11_addr = getelementptr i32 %lane_words_11, i64 0, i64 %zext_ln198" [../src/mpc_fpga_top.cpp:198]   --->   Operation 38 'getelementptr' 'lane_words_11_addr' <Predicate = (!icmp_ln187)> <Delay = 0.00>
ST_1 : Operation 39 [2/2] (0.67ns)   --->   "%lane_words_3_load = load i4 %lane_words_3_addr" [../src/mpc_fpga_top.cpp:198]   --->   Operation 39 'load' 'lane_words_3_load' <Predicate = (!icmp_ln187)> <Delay = 0.67> <CoreInst = "RAM">   --->   Core 82 'RAM' <Latency = 1> <II = 1> <Delay = 0.67> <Storage> <Opcode : 'load' 'store'> <Ports = 2> <Width = 32> <Depth = 11> <RAM>
ST_1 : Operation 40 [2/2] (0.67ns)   --->   "%lane_words_11_load = load i4 %lane_words_11_addr" [../src/mpc_fpga_top.cpp:198]   --->   Operation 40 'load' 'lane_words_11_load' <Predicate = (!icmp_ln187)> <Delay = 0.67> <CoreInst = "RAM">   --->   Core 82 'RAM' <Latency = 1> <II = 1> <Delay = 0.67> <Storage> <Opcode : 'load' 'store'> <Ports = 2> <Width = 32> <Depth = 11> <RAM>
ST_1 : Operation 41 [1/1] (0.76ns)   --->   "%add_ln200 = add i8 %shl_ln, i8 12" [../src/mpc_fpga_top.cpp:200]   --->   Operation 41 'add' 'add_ln200' <Predicate = (!icmp_ln187)> <Delay = 0.76> <CoreInst = "Adder">   --->   Core 1 'Adder' <Latency = 0> <II = 1> <Delay = 0.76> <FuncUnit> <Opcode : 'add' 'sub'> <InPorts = 2> <OutPorts = 1>
ST_1 : Operation 42 [1/1] (0.00ns)   --->   "%lshr_ln4 = partselect i4 @_ssdm_op_PartSelect.i4.i8.i32.i32, i8 %add_ln200, i32 4, i32 7" [../src/mpc_fpga_top.cpp:200]   --->   Operation 42 'partselect' 'lshr_ln4' <Predicate = (!icmp_ln187)> <Delay = 0.00>
ST_1 : Operation 43 [1/1] (0.00ns)   --->   "%zext_ln200 = zext i4 %lshr_ln4" [../src/mpc_fpga_top.cpp:200]   --->   Operation 43 'zext' 'zext_ln200' <Predicate = (!icmp_ln187)> <Delay = 0.00>
ST_1 : Operation 44 [1/1] (0.00ns)   --->   "%lane_words_4_addr = getelementptr i32 %lane_words_4, i64 0, i64 %zext_ln200" [../src/mpc_fpga_top.cpp:200]   --->   Operation 44 'getelementptr' 'lane_words_4_addr' <Predicate = (!icmp_ln187)> <Delay = 0.00>
ST_1 : Operation 45 [1/1] (0.00ns)   --->   "%lane_words_12_addr = getelementptr i32 %lane_words_12, i64 0, i64 %zext_ln200" [../src/mpc_fpga_top.cpp:200]   --->   Operation 45 'getelementptr' 'lane_words_12_addr' <Predicate = (!icmp_ln187)> <Delay = 0.00>
ST_1 : Operation 46 [2/2] (0.67ns)   --->   "%lane_words_4_load = load i4 %lane_words_4_addr" [../src/mpc_fpga_top.cpp:200]   --->   Operation 46 'load' 'lane_words_4_load' <Predicate = (!icmp_ln187)> <Delay = 0.67> <CoreInst = "RAM">   --->   Core 82 'RAM' <Latency = 1> <II = 1> <Delay = 0.67> <Storage> <Opcode : 'load' 'store'> <Ports = 2> <Width = 32> <Depth = 11> <RAM>
ST_1 : Operation 47 [2/2] (0.67ns)   --->   "%lane_words_12_load = load i4 %lane_words_12_addr" [../src/mpc_fpga_top.cpp:200]   --->   Operation 47 'load' 'lane_words_12_load' <Predicate = (!icmp_ln187)> <Delay = 0.67> <CoreInst = "RAM">   --->   Core 82 'RAM' <Latency = 1> <II = 1> <Delay = 0.67> <Storage> <Opcode : 'load' 'store'> <Ports = 2> <Width = 32> <Depth = 11> <RAM>
ST_1 : Operation 48 [1/1] (0.76ns)   --->   "%add_ln202 = add i8 %shl_ln, i8 13" [../src/mpc_fpga_top.cpp:202]   --->   Operation 48 'add' 'add_ln202' <Predicate = (!icmp_ln187)> <Delay = 0.76> <CoreInst = "Adder">   --->   Core 1 'Adder' <Latency = 0> <II = 1> <Delay = 0.76> <FuncUnit> <Opcode : 'add' 'sub'> <InPorts = 2> <OutPorts = 1>
ST_1 : Operation 49 [1/1] (0.00ns)   --->   "%lshr_ln5 = partselect i4 @_ssdm_op_PartSelect.i4.i8.i32.i32, i8 %add_ln202, i32 4, i32 7" [../src/mpc_fpga_top.cpp:202]   --->   Operation 49 'partselect' 'lshr_ln5' <Predicate = (!icmp_ln187)> <Delay = 0.00>
ST_1 : Operation 50 [1/1] (0.00ns)   --->   "%zext_ln202 = zext i4 %lshr_ln5" [../src/mpc_fpga_top.cpp:202]   --->   Operation 50 'zext' 'zext_ln202' <Predicate = (!icmp_ln187)> <Delay = 0.00>
ST_1 : Operation 51 [1/1] (0.00ns)   --->   "%lane_words_5_addr = getelementptr i32 %lane_words_5, i64 0, i64 %zext_ln202" [../src/mpc_fpga_top.cpp:202]   --->   Operation 51 'getelementptr' 'lane_words_5_addr' <Predicate = (!icmp_ln187)> <Delay = 0.00>
ST_1 : Operation 52 [1/1] (0.00ns)   --->   "%lane_words_13_addr = getelementptr i32 %lane_words_13, i64 0, i64 %zext_ln202" [../src/mpc_fpga_top.cpp:202]   --->   Operation 52 'getelementptr' 'lane_words_13_addr' <Predicate = (!icmp_ln187)> <Delay = 0.00>
ST_1 : Operation 53 [2/2] (0.67ns)   --->   "%lane_words_5_load = load i4 %lane_words_5_addr" [../src/mpc_fpga_top.cpp:202]   --->   Operation 53 'load' 'lane_words_5_load' <Predicate = (!icmp_ln187)> <Delay = 0.67> <CoreInst = "RAM">   --->   Core 82 'RAM' <Latency = 1> <II = 1> <Delay = 0.67> <Storage> <Opcode : 'load' 'store'> <Ports = 2> <Width = 32> <Depth = 11> <RAM>
ST_1 : Operation 54 [2/2] (0.67ns)   --->   "%lane_words_13_load = load i4 %lane_words_13_addr" [../src/mpc_fpga_top.cpp:202]   --->   Operation 54 'load' 'lane_words_13_load' <Predicate = (!icmp_ln187)> <Delay = 0.67> <CoreInst = "RAM">   --->   Core 82 'RAM' <Latency = 1> <II = 1> <Delay = 0.67> <Storage> <Opcode : 'load' 'store'> <Ports = 2> <Width = 32> <Depth = 11> <RAM>
ST_1 : Operation 55 [1/1] (0.76ns)   --->   "%add_ln204 = add i8 %shl_ln, i8 14" [../src/mpc_fpga_top.cpp:204]   --->   Operation 55 'add' 'add_ln204' <Predicate = (!icmp_ln187)> <Delay = 0.76> <CoreInst = "Adder">   --->   Core 1 'Adder' <Latency = 0> <II = 1> <Delay = 0.76> <FuncUnit> <Opcode : 'add' 'sub'> <InPorts = 2> <OutPorts = 1>
ST_1 : Operation 56 [1/1] (0.00ns)   --->   "%lshr_ln6 = partselect i4 @_ssdm_op_PartSelect.i4.i8.i32.i32, i8 %add_ln204, i32 4, i32 7" [../src/mpc_fpga_top.cpp:204]   --->   Operation 56 'partselect' 'lshr_ln6' <Predicate = (!icmp_ln187)> <Delay = 0.00>
ST_1 : Operation 57 [1/1] (0.00ns)   --->   "%zext_ln204 = zext i4 %lshr_ln6" [../src/mpc_fpga_top.cpp:204]   --->   Operation 57 'zext' 'zext_ln204' <Predicate = (!icmp_ln187)> <Delay = 0.00>
ST_1 : Operation 58 [1/1] (0.00ns)   --->   "%lane_words_6_addr = getelementptr i32 %lane_words_6, i64 0, i64 %zext_ln204" [../src/mpc_fpga_top.cpp:204]   --->   Operation 58 'getelementptr' 'lane_words_6_addr' <Predicate = (!icmp_ln187)> <Delay = 0.00>
ST_1 : Operation 59 [1/1] (0.00ns)   --->   "%lane_words_14_addr = getelementptr i32 %lane_words_14, i64 0, i64 %zext_ln204" [../src/mpc_fpga_top.cpp:204]   --->   Operation 59 'getelementptr' 'lane_words_14_addr' <Predicate = (!icmp_ln187)> <Delay = 0.00>
ST_1 : Operation 60 [2/2] (0.67ns)   --->   "%lane_words_6_load = load i4 %lane_words_6_addr" [../src/mpc_fpga_top.cpp:204]   --->   Operation 60 'load' 'lane_words_6_load' <Predicate = (!icmp_ln187)> <Delay = 0.67> <CoreInst = "RAM">   --->   Core 82 'RAM' <Latency = 1> <II = 1> <Delay = 0.67> <Storage> <Opcode : 'load' 'store'> <Ports = 2> <Width = 32> <Depth = 11> <RAM>
ST_1 : Operation 61 [2/2] (0.67ns)   --->   "%lane_words_14_load = load i4 %lane_words_14_addr" [../src/mpc_fpga_top.cpp:204]   --->   Operation 61 'load' 'lane_words_14_load' <Predicate = (!icmp_ln187)> <Delay = 0.67> <CoreInst = "RAM">   --->   Core 82 'RAM' <Latency = 1> <II = 1> <Delay = 0.67> <Storage> <Opcode : 'load' 'store'> <Ports = 2> <Width = 32> <Depth = 11> <RAM>
ST_1 : Operation 62 [1/1] (0.76ns)   --->   "%add_ln206 = add i8 %shl_ln, i8 15" [../src/mpc_fpga_top.cpp:206]   --->   Operation 62 'add' 'add_ln206' <Predicate = (!icmp_ln187)> <Delay = 0.76> <CoreInst = "Adder">   --->   Core 1 'Adder' <Latency = 0> <II = 1> <Delay = 0.76> <FuncUnit> <Opcode : 'add' 'sub'> <InPorts = 2> <OutPorts = 1>
ST_1 : Operation 63 [1/1] (0.00ns)   --->   "%lshr_ln7 = partselect i4 @_ssdm_op_PartSelect.i4.i8.i32.i32, i8 %add_ln206, i32 4, i32 7" [../src/mpc_fpga_top.cpp:206]   --->   Operation 63 'partselect' 'lshr_ln7' <Predicate = (!icmp_ln187)> <Delay = 0.00>
ST_1 : Operation 64 [1/1] (0.00ns)   --->   "%zext_ln206 = zext i4 %lshr_ln7" [../src/mpc_fpga_top.cpp:206]   --->   Operation 64 'zext' 'zext_ln206' <Predicate = (!icmp_ln187)> <Delay = 0.00>
ST_1 : Operation 65 [1/1] (0.00ns)   --->   "%lane_words_7_addr = getelementptr i32 %lane_words_7, i64 0, i64 %zext_ln206" [../src/mpc_fpga_top.cpp:206]   --->   Operation 65 'getelementptr' 'lane_words_7_addr' <Predicate = (!icmp_ln187)> <Delay = 0.00>
ST_1 : Operation 66 [1/1] (0.00ns)   --->   "%lane_words_15_addr = getelementptr i32 %lane_words_15, i64 0, i64 %zext_ln206" [../src/mpc_fpga_top.cpp:206]   --->   Operation 66 'getelementptr' 'lane_words_15_addr' <Predicate = (!icmp_ln187)> <Delay = 0.00>
ST_1 : Operation 67 [2/2] (0.67ns)   --->   "%lane_words_7_load = load i4 %lane_words_7_addr" [../src/mpc_fpga_top.cpp:206]   --->   Operation 67 'load' 'lane_words_7_load' <Predicate = (!icmp_ln187)> <Delay = 0.67> <CoreInst = "RAM">   --->   Core 82 'RAM' <Latency = 1> <II = 1> <Delay = 0.67> <Storage> <Opcode : 'load' 'store'> <Ports = 2> <Width = 32> <Depth = 11> <RAM>
ST_1 : Operation 68 [2/2] (0.67ns)   --->   "%lane_words_15_load = load i4 %lane_words_15_addr" [../src/mpc_fpga_top.cpp:206]   --->   Operation 68 'load' 'lane_words_15_load' <Predicate = (!icmp_ln187)> <Delay = 0.67> <CoreInst = "RAM">   --->   Core 82 'RAM' <Latency = 1> <II = 1> <Delay = 0.67> <Storage> <Opcode : 'load' 'store'> <Ports = 2> <Width = 32> <Depth = 11> <RAM>
ST_1 : Operation 69 [1/1] (0.42ns)   --->   "%store_ln187 = store i5 %add_ln187, i5 %k" [../src/mpc_fpga_top.cpp:187]   --->   Operation 69 'store' 'store_ln187' <Predicate = (!icmp_ln187)> <Delay = 0.42>
ST_1 : Operation 116 [1/1] (0.42ns)   --->   "%ret_ln208 = ret" [../src/mpc_fpga_top.cpp:208]   --->   Operation 116 'ret' 'ret_ln208' <Predicate = (icmp_ln187)> <Delay = 0.42>

State 2 <SV = 1> <Delay = 1.80>
ST_2 : Operation 70 [1/1] (0.00ns)   --->   "%zext_ln187 = zext i5 %k_18" [../src/mpc_fpga_top.cpp:187]   --->   Operation 70 'zext' 'zext_ln187' <Predicate = true> <Delay = 0.00>
ST_2 : Operation 71 [1/1] (0.00ns)   --->   "%trunc_ln187 = trunc i5 %k_18" [../src/mpc_fpga_top.cpp:187]   --->   Operation 71 'trunc' 'trunc_ln187' <Predicate = true> <Delay = 0.00>
ST_2 : Operation 72 [1/1] (0.00ns)   --->   "%specpipeline_ln188 = specpipeline void @_ssdm_op_SpecPipeline, i32 1, i32 0, i32 0, i32 0, i32 4294967295, void @empty_485" [../src/mpc_fpga_top.cpp:188]   --->   Operation 72 'specpipeline' 'specpipeline_ln188' <Predicate = true> <Delay = 0.00>
ST_2 : Operation 73 [1/1] (0.00ns)   --->   "%speclooptripcount_ln187 = speclooptripcount void @_ssdm_op_SpecLoopTripCount, i64 20, i64 20, i64 20" [../src/mpc_fpga_top.cpp:187]   --->   Operation 73 'speclooptripcount' 'speclooptripcount_ln187' <Predicate = true> <Delay = 0.00>
ST_2 : Operation 74 [1/1] (0.00ns)   --->   "%specloopname_ln187 = specloopname void @_ssdm_op_SpecLoopName, void @empty_508" [../src/mpc_fpga_top.cpp:187]   --->   Operation 74 'specloopname' 'specloopname_ln187' <Predicate = true> <Delay = 0.00>
ST_2 : Operation 75 [1/2] ( I:0.67ns O:0.67ns )   --->   "%lane_words_0_load = load i4 %lane_words_0_addr" [../src/mpc_fpga_top.cpp:192]   --->   Operation 75 'load' 'lane_words_0_load' <Predicate = true> <Delay = 0.67> <CoreInst = "RAM">   --->   Core 82 'RAM' <Latency = 1> <II = 1> <Delay = 0.67> <Storage> <Opcode : 'load' 'store'> <Ports = 2> <Width = 32> <Depth = 11> <RAM>
ST_2 : Operation 76 [1/2] ( I:0.67ns O:0.67ns )   --->   "%lane_words_8_load = load i4 %lane_words_8_addr" [../src/mpc_fpga_top.cpp:192]   --->   Operation 76 'load' 'lane_words_8_load' <Predicate = true> <Delay = 0.67> <CoreInst = "RAM">   --->   Core 82 'RAM' <Latency = 1> <II = 1> <Delay = 0.67> <Storage> <Opcode : 'load' 'store'> <Ports = 2> <Width = 32> <Depth = 11> <RAM>
ST_2 : Operation 77 [1/1] (0.44ns)   --->   "%out = select i1 %trunc_ln187, i32 %lane_words_0_load, i32 %lane_words_8_load" [../src/mpc_fpga_top.cpp:192]   --->   Operation 77 'select' 'out' <Predicate = true> <Delay = 0.44> <CoreInst = "Sel">   --->   Core 73 'Sel' <Latency = 0> <II = 1> <Delay = 0.44> <FuncUnit> <Opcode : 'select'> <InPorts = 3> <OutPorts = 1>
ST_2 : Operation 78 [1/1] (0.00ns)   --->   "%out_ref_reference_lateral_error_addr = getelementptr i32 %out_ref_reference_lateral_error, i64 0, i64 %zext_ln187" [../src/mpc_fpga_top.cpp:191]   --->   Operation 78 'getelementptr' 'out_ref_reference_lateral_error_addr' <Predicate = true> <Delay = 0.00>
ST_2 : Operation 79 [1/1] ( I:0.67ns O:0.67ns )   --->   "%store_ln191 = store i32 %out, i5 %out_ref_reference_lateral_error_addr" [../src/mpc_fpga_top.cpp:191]   --->   Operation 79 'store' 'store_ln191' <Predicate = true> <Delay = 0.67> <CoreInst = "RAM">   --->   Core 82 'RAM' <Latency = 1> <II = 1> <Delay = 0.67> <Storage> <Opcode : 'load' 'store'> <Ports = 2> <Width = 32> <Depth = 20> <RAM>
ST_2 : Operation 80 [1/2] ( I:0.67ns O:0.67ns )   --->   "%lane_words_1_load = load i4 %lane_words_1_addr" [../src/mpc_fpga_top.cpp:194]   --->   Operation 80 'load' 'lane_words_1_load' <Predicate = true> <Delay = 0.67> <CoreInst = "RAM">   --->   Core 82 'RAM' <Latency = 1> <II = 1> <Delay = 0.67> <Storage> <Opcode : 'load' 'store'> <Ports = 2> <Width = 32> <Depth = 11> <RAM>
ST_2 : Operation 81 [1/2] ( I:0.67ns O:0.67ns )   --->   "%lane_words_9_load = load i4 %lane_words_9_addr" [../src/mpc_fpga_top.cpp:194]   --->   Operation 81 'load' 'lane_words_9_load' <Predicate = true> <Delay = 0.67> <CoreInst = "RAM">   --->   Core 82 'RAM' <Latency = 1> <II = 1> <Delay = 0.67> <Storage> <Opcode : 'load' 'store'> <Ports = 2> <Width = 32> <Depth = 11> <RAM>
ST_2 : Operation 82 [1/1] (0.44ns)   --->   "%out_306 = select i1 %trunc_ln187, i32 %lane_words_1_load, i32 %lane_words_9_load" [../src/mpc_fpga_top.cpp:194]   --->   Operation 82 'select' 'out_306' <Predicate = true> <Delay = 0.44> <CoreInst = "Sel">   --->   Core 73 'Sel' <Latency = 0> <II = 1> <Delay = 0.44> <FuncUnit> <Opcode : 'select'> <InPorts = 3> <OutPorts = 1>
ST_2 : Operation 83 [1/1] (0.00ns)   --->   "%out_ref_reference_heading_error_addr = getelementptr i32 %out_ref_reference_heading_error, i64 0, i64 %zext_ln187" [../src/mpc_fpga_top.cpp:193]   --->   Operation 83 'getelementptr' 'out_ref_reference_heading_error_addr' <Predicate = true> <Delay = 0.00>
ST_2 : Operation 84 [1/1] ( I:0.67ns O:0.67ns )   --->   "%store_ln193 = store i32 %out_306, i5 %out_ref_reference_heading_error_addr" [../src/mpc_fpga_top.cpp:193]   --->   Operation 84 'store' 'store_ln193' <Predicate = true> <Delay = 0.67> <CoreInst = "RAM">   --->   Core 82 'RAM' <Latency = 1> <II = 1> <Delay = 0.67> <Storage> <Opcode : 'load' 'store'> <Ports = 2> <Width = 32> <Depth = 20> <RAM>
ST_2 : Operation 85 [1/2] ( I:0.67ns O:0.67ns )   --->   "%lane_words_2_load = load i4 %lane_words_2_addr" [../src/mpc_fpga_top.cpp:196]   --->   Operation 85 'load' 'lane_words_2_load' <Predicate = true> <Delay = 0.67> <CoreInst = "RAM">   --->   Core 82 'RAM' <Latency = 1> <II = 1> <Delay = 0.67> <Storage> <Opcode : 'load' 'store'> <Ports = 2> <Width = 32> <Depth = 11> <RAM>
ST_2 : Operation 86 [1/2] ( I:0.67ns O:0.67ns )   --->   "%lane_words_10_load = load i4 %lane_words_10_addr" [../src/mpc_fpga_top.cpp:196]   --->   Operation 86 'load' 'lane_words_10_load' <Predicate = true> <Delay = 0.67> <CoreInst = "RAM">   --->   Core 82 'RAM' <Latency = 1> <II = 1> <Delay = 0.67> <Storage> <Opcode : 'load' 'store'> <Ports = 2> <Width = 32> <Depth = 11> <RAM>
ST_2 : Operation 87 [1/1] (0.44ns)   --->   "%out_307 = select i1 %trunc_ln187, i32 %lane_words_2_load, i32 %lane_words_10_load" [../src/mpc_fpga_top.cpp:196]   --->   Operation 87 'select' 'out_307' <Predicate = true> <Delay = 0.44> <CoreInst = "Sel">   --->   Core 73 'Sel' <Latency = 0> <II = 1> <Delay = 0.44> <FuncUnit> <Opcode : 'select'> <InPorts = 3> <OutPorts = 1>
ST_2 : Operation 88 [1/1] (0.00ns)   --->   "%out_ref_reference_velocity_addr = getelementptr i32 %out_ref_reference_velocity, i64 0, i64 %zext_ln187" [../src/mpc_fpga_top.cpp:195]   --->   Operation 88 'getelementptr' 'out_ref_reference_velocity_addr' <Predicate = true> <Delay = 0.00>
ST_2 : Operation 89 [1/1] ( I:0.67ns O:0.67ns )   --->   "%store_ln195 = store i32 %out_307, i5 %out_ref_reference_velocity_addr" [../src/mpc_fpga_top.cpp:195]   --->   Operation 89 'store' 'store_ln195' <Predicate = true> <Delay = 0.67> <CoreInst = "RAM">   --->   Core 82 'RAM' <Latency = 1> <II = 1> <Delay = 0.67> <Storage> <Opcode : 'load' 'store'> <Ports = 2> <Width = 32> <Depth = 20> <RAM>
ST_2 : Operation 90 [1/2] ( I:0.67ns O:0.67ns )   --->   "%lane_words_3_load = load i4 %lane_words_3_addr" [../src/mpc_fpga_top.cpp:198]   --->   Operation 90 'load' 'lane_words_3_load' <Predicate = true> <Delay = 0.67> <CoreInst = "RAM">   --->   Core 82 'RAM' <Latency = 1> <II = 1> <Delay = 0.67> <Storage> <Opcode : 'load' 'store'> <Ports = 2> <Width = 32> <Depth = 11> <RAM>
ST_2 : Operation 91 [1/2] ( I:0.67ns O:0.67ns )   --->   "%lane_words_11_load = load i4 %lane_words_11_addr" [../src/mpc_fpga_top.cpp:198]   --->   Operation 91 'load' 'lane_words_11_load' <Predicate = true> <Delay = 0.67> <CoreInst = "RAM">   --->   Core 82 'RAM' <Latency = 1> <II = 1> <Delay = 0.67> <Storage> <Opcode : 'load' 'store'> <Ports = 2> <Width = 32> <Depth = 11> <RAM>
ST_2 : Operation 92 [1/1] (0.44ns)   --->   "%out_308 = select i1 %trunc_ln187, i32 %lane_words_3_load, i32 %lane_words_11_load" [../src/mpc_fpga_top.cpp:198]   --->   Operation 92 'select' 'out_308' <Predicate = true> <Delay = 0.44> <CoreInst = "Sel">   --->   Core 73 'Sel' <Latency = 0> <II = 1> <Delay = 0.44> <FuncUnit> <Opcode : 'select'> <InPorts = 3> <OutPorts = 1>
ST_2 : Operation 93 [1/1] (0.00ns)   --->   "%out_ref_reference_lateral_velocity_addr = getelementptr i32 %out_ref_reference_lateral_velocity, i64 0, i64 %zext_ln187" [../src/mpc_fpga_top.cpp:197]   --->   Operation 93 'getelementptr' 'out_ref_reference_lateral_velocity_addr' <Predicate = true> <Delay = 0.00>
ST_2 : Operation 94 [1/1] ( I:0.67ns O:0.67ns )   --->   "%store_ln197 = store i32 %out_308, i5 %out_ref_reference_lateral_velocity_addr" [../src/mpc_fpga_top.cpp:197]   --->   Operation 94 'store' 'store_ln197' <Predicate = true> <Delay = 0.67> <CoreInst = "RAM">   --->   Core 82 'RAM' <Latency = 1> <II = 1> <Delay = 0.67> <Storage> <Opcode : 'load' 'store'> <Ports = 2> <Width = 32> <Depth = 20> <RAM>
ST_2 : Operation 95 [1/2] ( I:0.67ns O:0.67ns )   --->   "%lane_words_4_load = load i4 %lane_words_4_addr" [../src/mpc_fpga_top.cpp:200]   --->   Operation 95 'load' 'lane_words_4_load' <Predicate = true> <Delay = 0.67> <CoreInst = "RAM">   --->   Core 82 'RAM' <Latency = 1> <II = 1> <Delay = 0.67> <Storage> <Opcode : 'load' 'store'> <Ports = 2> <Width = 32> <Depth = 11> <RAM>
ST_2 : Operation 96 [1/2] ( I:0.67ns O:0.67ns )   --->   "%lane_words_12_load = load i4 %lane_words_12_addr" [../src/mpc_fpga_top.cpp:200]   --->   Operation 96 'load' 'lane_words_12_load' <Predicate = true> <Delay = 0.67> <CoreInst = "RAM">   --->   Core 82 'RAM' <Latency = 1> <II = 1> <Delay = 0.67> <Storage> <Opcode : 'load' 'store'> <Ports = 2> <Width = 32> <Depth = 11> <RAM>
ST_2 : Operation 97 [1/1] (0.44ns)   --->   "%out_309 = select i1 %trunc_ln187, i32 %lane_words_4_load, i32 %lane_words_12_load" [../src/mpc_fpga_top.cpp:200]   --->   Operation 97 'select' 'out_309' <Predicate = true> <Delay = 0.44> <CoreInst = "Sel">   --->   Core 73 'Sel' <Latency = 0> <II = 1> <Delay = 0.44> <FuncUnit> <Opcode : 'select'> <InPorts = 3> <OutPorts = 1>
ST_2 : Operation 98 [1/1] (0.00ns)   --->   "%out_ref_reference_yaw_rate_addr = getelementptr i32 %out_ref_reference_yaw_rate, i64 0, i64 %zext_ln187" [../src/mpc_fpga_top.cpp:199]   --->   Operation 98 'getelementptr' 'out_ref_reference_yaw_rate_addr' <Predicate = true> <Delay = 0.00>
ST_2 : Operation 99 [1/1] ( I:0.67ns O:0.67ns )   --->   "%store_ln199 = store i32 %out_309, i5 %out_ref_reference_yaw_rate_addr" [../src/mpc_fpga_top.cpp:199]   --->   Operation 99 'store' 'store_ln199' <Predicate = true> <Delay = 0.67> <CoreInst = "RAM">   --->   Core 82 'RAM' <Latency = 1> <II = 1> <Delay = 0.67> <Storage> <Opcode : 'load' 'store'> <Ports = 2> <Width = 32> <Depth = 20> <RAM>
ST_2 : Operation 100 [1/2] ( I:0.67ns O:0.67ns )   --->   "%lane_words_5_load = load i4 %lane_words_5_addr" [../src/mpc_fpga_top.cpp:202]   --->   Operation 100 'load' 'lane_words_5_load' <Predicate = true> <Delay = 0.67> <CoreInst = "RAM">   --->   Core 82 'RAM' <Latency = 1> <II = 1> <Delay = 0.67> <Storage> <Opcode : 'load' 'store'> <Ports = 2> <Width = 32> <Depth = 11> <RAM>
ST_2 : Operation 101 [1/2] ( I:0.67ns O:0.67ns )   --->   "%lane_words_13_load = load i4 %lane_words_13_addr" [../src/mpc_fpga_top.cpp:202]   --->   Operation 101 'load' 'lane_words_13_load' <Predicate = true> <Delay = 0.67> <CoreInst = "RAM">   --->   Core 82 'RAM' <Latency = 1> <II = 1> <Delay = 0.67> <Storage> <Opcode : 'load' 'store'> <Ports = 2> <Width = 32> <Depth = 11> <RAM>
ST_2 : Operation 102 [1/1] (0.44ns)   --->   "%out_310 = select i1 %trunc_ln187, i32 %lane_words_5_load, i32 %lane_words_13_load" [../src/mpc_fpga_top.cpp:202]   --->   Operation 102 'select' 'out_310' <Predicate = true> <Delay = 0.44> <CoreInst = "Sel">   --->   Core 73 'Sel' <Latency = 0> <II = 1> <Delay = 0.44> <FuncUnit> <Opcode : 'select'> <InPorts = 3> <OutPorts = 1>
ST_2 : Operation 103 [1/1] (0.00ns)   --->   "%out_ref_path_curvature_addr = getelementptr i32 %out_ref_path_curvature, i64 0, i64 %zext_ln187" [../src/mpc_fpga_top.cpp:201]   --->   Operation 103 'getelementptr' 'out_ref_path_curvature_addr' <Predicate = true> <Delay = 0.00>
ST_2 : Operation 104 [1/1] ( I:0.67ns O:0.67ns )   --->   "%store_ln201 = store i32 %out_310, i5 %out_ref_path_curvature_addr" [../src/mpc_fpga_top.cpp:201]   --->   Operation 104 'store' 'store_ln201' <Predicate = true> <Delay = 0.67> <CoreInst = "RAM">   --->   Core 82 'RAM' <Latency = 1> <II = 1> <Delay = 0.67> <Storage> <Opcode : 'load' 'store'> <Ports = 2> <Width = 32> <Depth = 20> <RAM>
ST_2 : Operation 105 [1/2] ( I:0.67ns O:0.67ns )   --->   "%lane_words_6_load = load i4 %lane_words_6_addr" [../src/mpc_fpga_top.cpp:204]   --->   Operation 105 'load' 'lane_words_6_load' <Predicate = true> <Delay = 0.67> <CoreInst = "RAM">   --->   Core 82 'RAM' <Latency = 1> <II = 1> <Delay = 0.67> <Storage> <Opcode : 'load' 'store'> <Ports = 2> <Width = 32> <Depth = 11> <RAM>
ST_2 : Operation 106 [1/2] ( I:0.67ns O:0.67ns )   --->   "%lane_words_14_load = load i4 %lane_words_14_addr" [../src/mpc_fpga_top.cpp:204]   --->   Operation 106 'load' 'lane_words_14_load' <Predicate = true> <Delay = 0.67> <CoreInst = "RAM">   --->   Core 82 'RAM' <Latency = 1> <II = 1> <Delay = 0.67> <Storage> <Opcode : 'load' 'store'> <Ports = 2> <Width = 32> <Depth = 11> <RAM>
ST_2 : Operation 107 [1/1] (0.44ns)   --->   "%out_311 = select i1 %trunc_ln187, i32 %lane_words_6_load, i32 %lane_words_14_load" [../src/mpc_fpga_top.cpp:204]   --->   Operation 107 'select' 'out_311' <Predicate = true> <Delay = 0.44> <CoreInst = "Sel">   --->   Core 73 'Sel' <Latency = 0> <II = 1> <Delay = 0.44> <FuncUnit> <Opcode : 'select'> <InPorts = 3> <OutPorts = 1>
ST_2 : Operation 108 [1/1] (0.00ns)   --->   "%out_ref_left_wall_bound_addr = getelementptr i32 %out_ref_left_wall_bound, i64 0, i64 %zext_ln187" [../src/mpc_fpga_top.cpp:203]   --->   Operation 108 'getelementptr' 'out_ref_left_wall_bound_addr' <Predicate = true> <Delay = 0.00>
ST_2 : Operation 109 [1/1] ( I:0.67ns O:0.67ns )   --->   "%store_ln203 = store i32 %out_311, i5 %out_ref_left_wall_bound_addr" [../src/mpc_fpga_top.cpp:203]   --->   Operation 109 'store' 'store_ln203' <Predicate = true> <Delay = 0.67> <CoreInst = "RAM">   --->   Core 82 'RAM' <Latency = 1> <II = 1> <Delay = 0.67> <Storage> <Opcode : 'load' 'store'> <Ports = 2> <Width = 32> <Depth = 20> <RAM>
ST_2 : Operation 110 [1/2] ( I:0.67ns O:0.67ns )   --->   "%lane_words_7_load = load i4 %lane_words_7_addr" [../src/mpc_fpga_top.cpp:206]   --->   Operation 110 'load' 'lane_words_7_load' <Predicate = true> <Delay = 0.67> <CoreInst = "RAM">   --->   Core 82 'RAM' <Latency = 1> <II = 1> <Delay = 0.67> <Storage> <Opcode : 'load' 'store'> <Ports = 2> <Width = 32> <Depth = 11> <RAM>
ST_2 : Operation 111 [1/2] ( I:0.67ns O:0.67ns )   --->   "%lane_words_15_load = load i4 %lane_words_15_addr" [../src/mpc_fpga_top.cpp:206]   --->   Operation 111 'load' 'lane_words_15_load' <Predicate = true> <Delay = 0.67> <CoreInst = "RAM">   --->   Core 82 'RAM' <Latency = 1> <II = 1> <Delay = 0.67> <Storage> <Opcode : 'load' 'store'> <Ports = 2> <Width = 32> <Depth = 11> <RAM>
ST_2 : Operation 112 [1/1] (0.44ns)   --->   "%out_312 = select i1 %trunc_ln187, i32 %lane_words_7_load, i32 %lane_words_15_load" [../src/mpc_fpga_top.cpp:206]   --->   Operation 112 'select' 'out_312' <Predicate = true> <Delay = 0.44> <CoreInst = "Sel">   --->   Core 73 'Sel' <Latency = 0> <II = 1> <Delay = 0.44> <FuncUnit> <Opcode : 'select'> <InPorts = 3> <OutPorts = 1>
ST_2 : Operation 113 [1/1] (0.00ns)   --->   "%out_ref_right_wall_bound_addr = getelementptr i32 %out_ref_right_wall_bound, i64 0, i64 %zext_ln187" [../src/mpc_fpga_top.cpp:205]   --->   Operation 113 'getelementptr' 'out_ref_right_wall_bound_addr' <Predicate = true> <Delay = 0.00>
ST_2 : Operation 114 [1/1] ( I:0.67ns O:0.67ns )   --->   "%store_ln205 = store i32 %out_312, i5 %out_ref_right_wall_bound_addr" [../src/mpc_fpga_top.cpp:205]   --->   Operation 114 'store' 'store_ln205' <Predicate = true> <Delay = 0.67> <CoreInst = "RAM">   --->   Core 82 'RAM' <Latency = 1> <II = 1> <Delay = 0.67> <Storage> <Opcode : 'load' 'store'> <Ports = 2> <Width = 32> <Depth = 20> <RAM>
ST_2 : Operation 115 [1/1] (0.00ns)   --->   "%br_ln187 = br void %for.body" [../src/mpc_fpga_top.cpp:187]   --->   Operation 115 'br' 'br_ln187' <Predicate = true> <Delay = 0.00>


============================================================
+ Verbose Summary: Binding
============================================================
STG Binding: 
---------------- STG Properties BEGIN ----------------
- Is combinational: 0
- Is one-state seq: 0
- Is datapath-only: 0
- Is pipelined: 0
- Is top level: 0
Port [ Return ] is wired: 1; IO mode=ap_ctrl_hs:ce=0
Port [ lane_words_0]:  wired=1; compound=1; hidden=0; nouse=0; global=0; static=0; extern=0; dir=0; type=1; pingpong=0; private_global=0; MemPort=[13]; IO mode=ap_memory:ce=0
Port [ lane_words_1]:  wired=1; compound=1; hidden=0; nouse=0; global=0; static=0; extern=0; dir=0; type=1; pingpong=0; private_global=0; MemPort=[13]; IO mode=ap_memory:ce=0
Port [ lane_words_2]:  wired=1; compound=1; hidden=0; nouse=0; global=0; static=0; extern=0; dir=0; type=1; pingpong=0; private_global=0; MemPort=[13]; IO mode=ap_memory:ce=0
Port [ lane_words_3]:  wired=1; compound=1; hidden=0; nouse=0; global=0; static=0; extern=0; dir=0; type=1; pingpong=0; private_global=0; MemPort=[13]; IO mode=ap_memory:ce=0
Port [ lane_words_4]:  wired=1; compound=1; hidden=0; nouse=0; global=0; static=0; extern=0; dir=0; type=1; pingpong=0; private_global=0; MemPort=[13]; IO mode=ap_memory:ce=0
Port [ lane_words_5]:  wired=1; compound=1; hidden=0; nouse=0; global=0; static=0; extern=0; dir=0; type=1; pingpong=0; private_global=0; MemPort=[13]; IO mode=ap_memory:ce=0
Port [ lane_words_6]:  wired=1; compound=1; hidden=0; nouse=0; global=0; static=0; extern=0; dir=0; type=1; pingpong=0; private_global=0; MemPort=[13]; IO mode=ap_memory:ce=0
Port [ lane_words_7]:  wired=1; compound=1; hidden=0; nouse=0; global=0; static=0; extern=0; dir=0; type=1; pingpong=0; private_global=0; MemPort=[13]; IO mode=ap_memory:ce=0
Port [ lane_words_8]:  wired=1; compound=1; hidden=0; nouse=0; global=0; static=0; extern=0; dir=0; type=1; pingpong=0; private_global=0; MemPort=[13]; IO mode=ap_memory:ce=0
Port [ lane_words_9]:  wired=1; compound=1; hidden=0; nouse=0; global=0; static=0; extern=0; dir=0; type=1; pingpong=0; private_global=0; MemPort=[13]; IO mode=ap_memory:ce=0
Port [ lane_words_10]:  wired=1; compound=1; hidden=0; nouse=0; global=0; static=0; extern=0; dir=0; type=1; pingpong=0; private_global=0; MemPort=[13]; IO mode=ap_memory:ce=0
Port [ lane_words_11]:  wired=1; compound=1; hidden=0; nouse=0; global=0; static=0; extern=0; dir=0; type=1; pingpong=0; private_global=0; MemPort=[13]; IO mode=ap_memory:ce=0
Port [ lane_words_12]:  wired=1; compound=1; hidden=0; nouse=0; global=0; static=0; extern=0; dir=0; type=1; pingpong=0; private_global=0; MemPort=[13]; IO mode=ap_memory:ce=0
Port [ lane_words_13]:  wired=1; compound=1; hidden=0; nouse=0; global=0; static=0; extern=0; dir=0; type=1; pingpong=0; private_global=0; MemPort=[13]; IO mode=ap_memory:ce=0
Port [ lane_words_14]:  wired=1; compound=1; hidden=0; nouse=0; global=0; static=0; extern=0; dir=0; type=1; pingpong=0; private_global=0; MemPort=[13]; IO mode=ap_memory:ce=0
Port [ lane_words_15]:  wired=1; compound=1; hidden=0; nouse=0; global=0; static=0; extern=0; dir=0; type=1; pingpong=0; private_global=0; MemPort=[13]; IO mode=ap_memory:ce=0
Port [ out_ref_reference_heading_error]:  wired=1; compound=1; hidden=0; nouse=0; global=0; static=0; extern=0; dir=1; type=1; pingpong=0; private_global=0; MemPort=[03]; IO mode=ap_memory:ce=0
Port [ out_ref_reference_lateral_error]:  wired=1; compound=1; hidden=0; nouse=0; global=0; static=0; extern=0; dir=1; type=1; pingpong=0; private_global=0; MemPort=[03]; IO mode=ap_memory:ce=0
Port [ out_ref_reference_velocity]:  wired=1; compound=1; hidden=0; nouse=0; global=0; static=0; extern=0; dir=1; type=1; pingpong=0; private_global=0; MemPort=[03]; IO mode=ap_memory:ce=0
Port [ out_ref_reference_lateral_velocity]:  wired=1; compound=1; hidden=0; nouse=0; global=0; static=0; extern=0; dir=1; type=1; pingpong=0; private_global=0; MemPort=[03]; IO mode=ap_memory:ce=0
Port [ out_ref_reference_yaw_rate]:  wired=1; compound=1; hidden=0; nouse=0; global=0; static=0; extern=0; dir=1; type=1; pingpong=0; private_global=0; MemPort=[03]; IO mode=ap_memory:ce=0
Port [ out_ref_path_curvature]:  wired=1; compound=1; hidden=0; nouse=0; global=0; static=0; extern=0; dir=1; type=1; pingpong=0; private_global=0; MemPort=[03]; IO mode=ap_memory:ce=0
Port [ out_ref_left_wall_bound]:  wired=1; compound=1; hidden=0; nouse=0; global=0; static=0; extern=0; dir=1; type=1; pingpong=0; private_global=0; MemPort=[03]; IO mode=ap_memory:ce=0
Port [ out_ref_right_wall_bound]:  wired=1; compound=1; hidden=0; nouse=0; global=0; static=0; extern=0; dir=1; type=1; pingpong=0; private_global=0; MemPort=[03]; IO mode=ap_memory:ce=0
---------------- STG Properties END ------------------

---------------- Datapath Model BEGIN ----------------

<LifeTime>
<method=bitvector/>
k                                       (alloca           ) [ 010]
store_ln187                             (store            ) [ 000]
br_ln187                                (br               ) [ 000]
k_18                                    (load             ) [ 011]
icmp_ln187                              (icmp             ) [ 010]
add_ln187                               (add              ) [ 000]
br_ln187                                (br               ) [ 000]
shl_ln                                  (bitconcatenate   ) [ 000]
add_ln192                               (add              ) [ 000]
lshr_ln                                 (partselect       ) [ 000]
zext_ln192                              (zext             ) [ 000]
lane_words_0_addr                       (getelementptr    ) [ 011]
lane_words_8_addr                       (getelementptr    ) [ 011]
add_ln194                               (add              ) [ 000]
lshr_ln1                                (partselect       ) [ 000]
zext_ln194                              (zext             ) [ 000]
lane_words_1_addr                       (getelementptr    ) [ 011]
lane_words_9_addr                       (getelementptr    ) [ 011]
add_ln196                               (add              ) [ 000]
lshr_ln2                                (partselect       ) [ 000]
zext_ln196                              (zext             ) [ 000]
lane_words_2_addr                       (getelementptr    ) [ 011]
lane_words_10_addr                      (getelementptr    ) [ 011]
add_ln198                               (add              ) [ 000]
lshr_ln3                                (partselect       ) [ 000]
zext_ln198                              (zext             ) [ 000]
lane_words_3_addr                       (getelementptr    ) [ 011]
lane_words_11_addr                      (getelementptr    ) [ 011]
add_ln200                               (add              ) [ 000]
lshr_ln4                                (partselect       ) [ 000]
zext_ln200                              (zext             ) [ 000]
lane_words_4_addr                       (getelementptr    ) [ 011]
lane_words_12_addr                      (getelementptr    ) [ 011]
add_ln202                               (add              ) [ 000]
lshr_ln5                                (partselect       ) [ 000]
zext_ln202                              (zext             ) [ 000]
lane_words_5_addr                       (getelementptr    ) [ 011]
lane_words_13_addr                      (getelementptr    ) [ 011]
add_ln204                               (add              ) [ 000]
lshr_ln6                                (partselect       ) [ 000]
zext_ln204                              (zext             ) [ 000]
lane_words_6_addr                       (getelementptr    ) [ 011]
lane_words_14_addr                      (getelementptr    ) [ 011]
add_ln206                               (add              ) [ 000]
lshr_ln7                                (partselect       ) [ 000]
zext_ln206                              (zext             ) [ 000]
lane_words_7_addr                       (getelementptr    ) [ 011]
lane_words_15_addr                      (getelementptr    ) [ 011]
store_ln187                             (store            ) [ 000]
zext_ln187                              (zext             ) [ 000]
trunc_ln187                             (trunc            ) [ 000]
specpipeline_ln188                      (specpipeline     ) [ 000]
speclooptripcount_ln187                 (speclooptripcount) [ 000]
specloopname_ln187                      (specloopname     ) [ 000]
lane_words_0_load                       (load             ) [ 000]
lane_words_8_load                       (load             ) [ 000]
out                                     (select           ) [ 000]
out_ref_reference_lateral_error_addr    (getelementptr    ) [ 000]
store_ln191                             (store            ) [ 000]
lane_words_1_load                       (load             ) [ 000]
lane_words_9_load                       (load             ) [ 000]
out_306                                 (select           ) [ 000]
out_ref_reference_heading_error_addr    (getelementptr    ) [ 000]
store_ln193                             (store            ) [ 000]
lane_words_2_load                       (load             ) [ 000]
lane_words_10_load                      (load             ) [ 000]
out_307                                 (select           ) [ 000]
out_ref_reference_velocity_addr         (getelementptr    ) [ 000]
store_ln195                             (store            ) [ 000]
lane_words_3_load                       (load             ) [ 000]
lane_words_11_load                      (load             ) [ 000]
out_308                                 (select           ) [ 000]
out_ref_reference_lateral_velocity_addr (getelementptr    ) [ 000]
store_ln197                             (store            ) [ 000]
lane_words_4_load                       (load             ) [ 000]
lane_words_12_load                      (load             ) [ 000]
out_309                                 (select           ) [ 000]
out_ref_reference_yaw_rate_addr         (getelementptr    ) [ 000]
store_ln199                             (store            ) [ 000]
lane_words_5_load                       (load             ) [ 000]
lane_words_13_load                      (load             ) [ 000]
out_310                                 (select           ) [ 000]
out_ref_path_curvature_addr             (getelementptr    ) [ 000]
store_ln201                             (store            ) [ 000]
lane_words_6_load                       (load             ) [ 000]
lane_words_14_load                      (load             ) [ 000]
out_311                                 (select           ) [ 000]
out_ref_left_wall_bound_addr            (getelementptr    ) [ 000]
store_ln203                             (store            ) [ 000]
lane_words_7_load                       (load             ) [ 000]
lane_words_15_load                      (load             ) [ 000]
out_312                                 (select           ) [ 000]
out_ref_right_wall_bound_addr           (getelementptr    ) [ 000]
store_ln205                             (store            ) [ 000]
br_ln187                                (br               ) [ 000]
ret_ln208                               (ret              ) [ 000]
</LifeTime>

<model>

<comp_list>
<comp id="0" class="1000" name="lane_words_0">
<pin_list>
<pin id="1" dir="1" index="0" bw="1" slack="0"/>
</pin_list>
<bind>
<StgValue><ssdm name="lane_words_0"/><MemPortTyVec>1 3 </MemPortTyVec>
</StgValue>
</bind>
</comp>

<comp id="2" class="1000" name="lane_words_1">
<pin_list>
<pin id="3" dir="1" index="0" bw="1" slack="0"/>
</pin_list>
<bind>
<StgValue><ssdm name="lane_words_1"/><MemPortTyVec>1 3 </MemPortTyVec>
</StgValue>
</bind>
</comp>

<comp id="4" class="1000" name="lane_words_2">
<pin_list>
<pin id="5" dir="1" index="0" bw="1" slack="0"/>
</pin_list>
<bind>
<StgValue><ssdm name="lane_words_2"/><MemPortTyVec>1 3 </MemPortTyVec>
</StgValue>
</bind>
</comp>

<comp id="6" class="1000" name="lane_words_3">
<pin_list>
<pin id="7" dir="1" index="0" bw="1" slack="0"/>
</pin_list>
<bind>
<StgValue><ssdm name="lane_words_3"/><MemPortTyVec>1 3 </MemPortTyVec>
</StgValue>
</bind>
</comp>

<comp id="8" class="1000" name="lane_words_4">
<pin_list>
<pin id="9" dir="1" index="0" bw="1" slack="0"/>
</pin_list>
<bind>
<StgValue><ssdm name="lane_words_4"/><MemPortTyVec>1 3 </MemPortTyVec>
</StgValue>
</bind>
</comp>

<comp id="10" class="1000" name="lane_words_5">
<pin_list>
<pin id="11" dir="1" index="0" bw="1" slack="0"/>
</pin_list>
<bind>
<StgValue><ssdm name="lane_words_5"/><MemPortTyVec>1 3 </MemPortTyVec>
</StgValue>
</bind>
</comp>

<comp id="12" class="1000" name="lane_words_6">
<pin_list>
<pin id="13" dir="1" index="0" bw="1" slack="0"/>
</pin_list>
<bind>
<StgValue><ssdm name="lane_words_6"/><MemPortTyVec>1 3 </MemPortTyVec>
</StgValue>
</bind>
</comp>

<comp id="14" class="1000" name="lane_words_7">
<pin_list>
<pin id="15" dir="1" index="0" bw="1" slack="0"/>
</pin_list>
<bind>
<StgValue><ssdm name="lane_words_7"/><MemPortTyVec>1 3 </MemPortTyVec>
</StgValue>
</bind>
</comp>

<comp id="16" class="1000" name="lane_words_8">
<pin_list>
<pin id="17" dir="1" index="0" bw="1" slack="0"/>
</pin_list>
<bind>
<StgValue><ssdm name="lane_words_8"/><MemPortTyVec>1 3 </MemPortTyVec>
</StgValue>
</bind>
</comp>

<comp id="18" class="1000" name="lane_words_9">
<pin_list>
<pin id="19" dir="1" index="0" bw="1" slack="0"/>
</pin_list>
<bind>
<StgValue><ssdm name="lane_words_9"/><MemPortTyVec>1 3 </MemPortTyVec>
</StgValue>
</bind>
</comp>

<comp id="20" class="1000" name="lane_words_10">
<pin_list>
<pin id="21" dir="1" index="0" bw="1" slack="0"/>
</pin_list>
<bind>
<StgValue><ssdm name="lane_words_10"/><MemPortTyVec>1 3 </MemPortTyVec>
</StgValue>
</bind>
</comp>

<comp id="22" class="1000" name="lane_words_11">
<pin_list>
<pin id="23" dir="1" index="0" bw="1" slack="0"/>
</pin_list>
<bind>
<StgValue><ssdm name="lane_words_11"/><MemPortTyVec>1 3 </MemPortTyVec>
</StgValue>
</bind>
</comp>

<comp id="24" class="1000" name="lane_words_12">
<pin_list>
<pin id="25" dir="1" index="0" bw="1" slack="0"/>
</pin_list>
<bind>
<StgValue><ssdm name="lane_words_12"/><MemPortTyVec>1 3 </MemPortTyVec>
</StgValue>
</bind>
</comp>

<comp id="26" class="1000" name="lane_words_13">
<pin_list>
<pin id="27" dir="1" index="0" bw="1" slack="0"/>
</pin_list>
<bind>
<StgValue><ssdm name="lane_words_13"/><MemPortTyVec>1 3 </MemPortTyVec>
</StgValue>
</bind>
</comp>

<comp id="28" class="1000" name="lane_words_14">
<pin_list>
<pin id="29" dir="1" index="0" bw="1" slack="0"/>
</pin_list>
<bind>
<StgValue><ssdm name="lane_words_14"/><MemPortTyVec>1 3 </MemPortTyVec>
</StgValue>
</bind>
</comp>

<comp id="30" class="1000" name="lane_words_15">
<pin_list>
<pin id="31" dir="1" index="0" bw="1" slack="0"/>
</pin_list>
<bind>
<StgValue><ssdm name="lane_words_15"/><MemPortTyVec>1 3 </MemPortTyVec>
</StgValue>
</bind>
</comp>

<comp id="32" class="1000" name="out_ref_reference_heading_error">
<pin_list>
<pin id="33" dir="1" index="0" bw="1" slack="0"/>
</pin_list>
<bind>
<StgValue><ssdm name="out_ref_reference_heading_error"/><MemPortTyVec>0 3 </MemPortTyVec>
</StgValue>
</bind>
</comp>

<comp id="34" class="1000" name="out_ref_reference_lateral_error">
<pin_list>
<pin id="35" dir="1" index="0" bw="1" slack="0"/>
</pin_list>
<bind>
<StgValue><ssdm name="out_ref_reference_lateral_error"/><MemPortTyVec>0 3 </MemPortTyVec>
</StgValue>
</bind>
</comp>

<comp id="36" class="1000" name="out_ref_reference_velocity">
<pin_list>
<pin id="37" dir="1" index="0" bw="1" slack="0"/>
</pin_list>
<bind>
<StgValue><ssdm name="out_ref_reference_velocity"/><MemPortTyVec>0 3 </MemPortTyVec>
</StgValue>
</bind>
</comp>

<comp id="38" class="1000" name="out_ref_reference_lateral_velocity">
<pin_list>
<pin id="39" dir="1" index="0" bw="1" slack="0"/>
</pin_list>
<bind>
<StgValue><ssdm name="out_ref_reference_lateral_velocity"/><MemPortTyVec>0 3 </MemPortTyVec>
</StgValue>
</bind>
</comp>

<comp id="40" class="1000" name="out_ref_reference_yaw_rate">
<pin_list>
<pin id="41" dir="1" index="0" bw="1" slack="0"/>
</pin_list>
<bind>
<StgValue><ssdm name="out_ref_reference_yaw_rate"/><MemPortTyVec>0 3 </MemPortTyVec>
</StgValue>
</bind>
</comp>

<comp id="42" class="1000" name="out_ref_path_curvature">
<pin_list>
<pin id="43" dir="1" index="0" bw="1" slack="0"/>
</pin_list>
<bind>
<StgValue><ssdm name="out_ref_path_curvature"/><MemPortTyVec>0 3 </MemPortTyVec>
</StgValue>
</bind>
</comp>

<comp id="44" class="1000" name="out_ref_left_wall_bound">
<pin_list>
<pin id="45" dir="1" index="0" bw="1" slack="0"/>
</pin_list>
<bind>
<StgValue><ssdm name="out_ref_left_wall_bound"/><MemPortTyVec>0 3 </MemPortTyVec>
</StgValue>
</bind>
</comp>

<comp id="46" class="1000" name="out_ref_right_wall_bound">
<pin_list>
<pin id="47" dir="1" index="0" bw="1" slack="0"/>
</pin_list>
<bind>
<StgValue><ssdm name="out_ref_right_wall_bound"/><MemPortTyVec>0 3 </MemPortTyVec>
</StgValue>
</bind>
</comp>

<comp id="48" class="1001" name="const_48">
<pin_list>
<pin id="49" dir="1" index="0" bw="1" slack="0"/>
</pin_list>
<bind>
<StgValue><ssdm name=""/></StgValue>
</bind>
</comp>

<comp id="50" class="1001" name="const_50">
<pin_list>
<pin id="51" dir="1" index="0" bw="1" slack="0"/>
</pin_list>
<bind>
<StgValue><ssdm name=""/></StgValue>
</bind>
</comp>

<comp id="52" class="1001" name="const_52">
<pin_list>
<pin id="53" dir="1" index="0" bw="1" slack="0"/>
</pin_list>
<bind>
<StgValue><ssdm name=""/></StgValue>
</bind>
</comp>

<comp id="54" class="1001" name="const_54">
<pin_list>
<pin id="55" dir="1" index="0" bw="1" slack="0"/>
</pin_list>
<bind>
<StgValue><ssdm name=""/></StgValue>
</bind>
</comp>

<comp id="56" class="1001" name="const_56">
<pin_list>
<pin id="57" dir="1" index="0" bw="1" slack="0"/>
</pin_list>
<bind>
<StgValue><ssdm name="_ssdm_op_BitConcatenate.i8.i5.i3"/></StgValue>
</bind>
</comp>

<comp id="58" class="1001" name="const_58">
<pin_list>
<pin id="59" dir="1" index="0" bw="1" slack="0"/>
</pin_list>
<bind>
<StgValue><ssdm name=""/></StgValue>
</bind>
</comp>

<comp id="60" class="1001" name="const_60">
<pin_list>
<pin id="61" dir="1" index="0" bw="1" slack="0"/>
</pin_list>
<bind>
<StgValue><ssdm name=""/></StgValue>
</bind>
</comp>

<comp id="62" class="1001" name="const_62">
<pin_list>
<pin id="63" dir="1" index="0" bw="1" slack="0"/>
</pin_list>
<bind>
<StgValue><ssdm name="_ssdm_op_PartSelect.i4.i8.i32.i32"/></StgValue>
</bind>
</comp>

<comp id="64" class="1001" name="const_64">
<pin_list>
<pin id="65" dir="1" index="0" bw="1" slack="0"/>
</pin_list>
<bind>
<StgValue><ssdm name=""/></StgValue>
</bind>
</comp>

<comp id="66" class="1001" name="const_66">
<pin_list>
<pin id="67" dir="1" index="0" bw="1" slack="0"/>
</pin_list>
<bind>
<StgValue><ssdm name=""/></StgValue>
</bind>
</comp>

<comp id="68" class="1001" name="const_68">
<pin_list>
<pin id="69" dir="1" index="0" bw="1" slack="0"/>
</pin_list>
<bind>
<StgValue><ssdm name=""/></StgValue>
</bind>
</comp>

<comp id="70" class="1001" name="const_70">
<pin_list>
<pin id="71" dir="1" index="0" bw="1" slack="0"/>
</pin_list>
<bind>
<StgValue><ssdm name=""/></StgValue>
</bind>
</comp>

<comp id="72" class="1001" name="const_72">
<pin_list>
<pin id="73" dir="1" index="0" bw="1" slack="0"/>
</pin_list>
<bind>
<StgValue><ssdm name=""/></StgValue>
</bind>
</comp>

<comp id="74" class="1001" name="const_74">
<pin_list>
<pin id="75" dir="1" index="0" bw="1" slack="0"/>
</pin_list>
<bind>
<StgValue><ssdm name=""/></StgValue>
</bind>
</comp>

<comp id="76" class="1001" name="const_76">
<pin_list>
<pin id="77" dir="1" index="0" bw="1" slack="0"/>
</pin_list>
<bind>
<StgValue><ssdm name=""/></StgValue>
</bind>
</comp>

<comp id="78" class="1001" name="const_78">
<pin_list>
<pin id="79" dir="1" index="0" bw="1" slack="0"/>
</pin_list>
<bind>
<StgValue><ssdm name=""/></StgValue>
</bind>
</comp>

<comp id="80" class="1001" name="const_80">
<pin_list>
<pin id="81" dir="1" index="0" bw="1" slack="0"/>
</pin_list>
<bind>
<StgValue><ssdm name=""/></StgValue>
</bind>
</comp>

<comp id="82" class="1001" name="const_82">
<pin_list>
<pin id="83" dir="1" index="0" bw="1" slack="0"/>
</pin_list>
<bind>
<StgValue><ssdm name=""/></StgValue>
</bind>
</comp>

<comp id="84" class="1001" name="const_84">
<pin_list>
<pin id="85" dir="1" index="0" bw="1" slack="2147483647"/>
</pin_list>
<bind>
<StgValue><ssdm name="_ssdm_op_SpecPipeline"/></StgValue>
</bind>
</comp>

<comp id="86" class="1001" name="const_86">
<pin_list>
<pin id="87" dir="1" index="0" bw="1" slack="2147483647"/>
</pin_list>
<bind>
<StgValue><ssdm name=""/></StgValue>
</bind>
</comp>

<comp id="88" class="1001" name="const_88">
<pin_list>
<pin id="89" dir="1" index="0" bw="1" slack="2147483647"/>
</pin_list>
<bind>
<StgValue><ssdm name=""/></StgValue>
</bind>
</comp>

<comp id="90" class="1001" name="const_90">
<pin_list>
<pin id="91" dir="1" index="0" bw="1" slack="2147483647"/>
</pin_list>
<bind>
<StgValue><ssdm name="empty_485"/></StgValue>
</bind>
</comp>

<comp id="92" class="1001" name="const_92">
<pin_list>
<pin id="93" dir="1" index="0" bw="1" slack="2147483647"/>
</pin_list>
<bind>
<StgValue><ssdm name="_ssdm_op_SpecLoopTripCount"/></StgValue>
</bind>
</comp>

<comp id="94" class="1001" name="const_94">
<pin_list>
<pin id="95" dir="1" index="0" bw="1" slack="2147483647"/>
</pin_list>
<bind>
<StgValue><ssdm name=""/></StgValue>
</bind>
</comp>

<comp id="96" class="1001" name="const_96">
<pin_list>
<pin id="97" dir="1" index="0" bw="1" slack="2147483647"/>
</pin_list>
<bind>
<StgValue><ssdm name="_ssdm_op_SpecLoopName"/></StgValue>
</bind>
</comp>

<comp id="98" class="1001" name="const_98">
<pin_list>
<pin id="99" dir="1" index="0" bw="1" slack="2147483647"/>
</pin_list>
<bind>
<StgValue><ssdm name="empty_508"/></StgValue>
</bind>
</comp>

<comp id="100" class="1004" name="k_fu_100">
<pin_list>
<pin id="101" dir="0" index="0" bw="1" slack="0"/>
<pin id="102" dir="1" index="1" bw="5" slack="0"/>
</pin_list>
<bind>
<opcode="alloca(26) " fcode="alloca"/>
<opset="k/1 "/>
</bind>
</comp>

<comp id="104" class="1004" name="lane_words_0_addr_gep_fu_104">
<pin_list>
<pin id="105" dir="0" index="0" bw="32" slack="0"/>
<pin id="106" dir="0" index="1" bw="1" slack="0"/>
<pin id="107" dir="0" index="2" bw="4" slack="0"/>
<pin id="108" dir="1" index="3" bw="4" slack="0"/>
</pin_list>
<bind>
<opcode="getelementptr(29) " fcode="getelementptr"/>
<opset="lane_words_0_addr/1 "/>
</bind>
</comp>

<comp id="111" class="1004" name="lane_words_8_addr_gep_fu_111">
<pin_list>
<pin id="112" dir="0" index="0" bw="32" slack="0"/>
<pin id="113" dir="0" index="1" bw="1" slack="0"/>
<pin id="114" dir="0" index="2" bw="4" slack="0"/>
<pin id="115" dir="1" index="3" bw="4" slack="0"/>
</pin_list>
<bind>
<opcode="getelementptr(29) " fcode="getelementptr"/>
<opset="lane_words_8_addr/1 "/>
</bind>
</comp>

<comp id="118" class="1004" name="grp_access_fu_118">
<pin_list>
<pin id="119" dir="0" index="0" bw="4" slack="0"/>
<pin id="120" dir="0" index="1" bw="32" slack="2147483647"/>
<pin id="121" dir="0" index="2" bw="0" slack="2147483647"/>
<pin id="122" dir="1" index="3" bw="32" slack="0"/>
</pin_list>
<bind>
<opcode="load(27) " fcode="load"/>
<opset="lane_words_0_load/1 "/>
</bind>
</comp>

<comp id="124" class="1004" name="grp_access_fu_124">
<pin_list>
<pin id="125" dir="0" index="0" bw="4" slack="0"/>
<pin id="126" dir="0" index="1" bw="32" slack="2147483647"/>
<pin id="127" dir="0" index="2" bw="0" slack="2147483647"/>
<pin id="128" dir="1" index="3" bw="32" slack="0"/>
</pin_list>
<bind>
<opcode="load(27) " fcode="load"/>
<opset="lane_words_8_load/1 "/>
</bind>
</comp>

<comp id="130" class="1004" name="lane_words_1_addr_gep_fu_130">
<pin_list>
<pin id="131" dir="0" index="0" bw="32" slack="0"/>
<pin id="132" dir="0" index="1" bw="1" slack="0"/>
<pin id="133" dir="0" index="2" bw="4" slack="0"/>
<pin id="134" dir="1" index="3" bw="4" slack="0"/>
</pin_list>
<bind>
<opcode="getelementptr(29) " fcode="getelementptr"/>
<opset="lane_words_1_addr/1 "/>
</bind>
</comp>

<comp id="137" class="1004" name="lane_words_9_addr_gep_fu_137">
<pin_list>
<pin id="138" dir="0" index="0" bw="32" slack="0"/>
<pin id="139" dir="0" index="1" bw="1" slack="0"/>
<pin id="140" dir="0" index="2" bw="4" slack="0"/>
<pin id="141" dir="1" index="3" bw="4" slack="0"/>
</pin_list>
<bind>
<opcode="getelementptr(29) " fcode="getelementptr"/>
<opset="lane_words_9_addr/1 "/>
</bind>
</comp>

<comp id="144" class="1004" name="grp_access_fu_144">
<pin_list>
<pin id="145" dir="0" index="0" bw="4" slack="0"/>
<pin id="146" dir="0" index="1" bw="32" slack="2147483647"/>
<pin id="147" dir="0" index="2" bw="0" slack="2147483647"/>
<pin id="148" dir="1" index="3" bw="32" slack="0"/>
</pin_list>
<bind>
<opcode="load(27) " fcode="load"/>
<opset="lane_words_1_load/1 "/>
</bind>
</comp>

<comp id="150" class="1004" name="grp_access_fu_150">
<pin_list>
<pin id="151" dir="0" index="0" bw="4" slack="0"/>
<pin id="152" dir="0" index="1" bw="32" slack="2147483647"/>
<pin id="153" dir="0" index="2" bw="0" slack="2147483647"/>
<pin id="154" dir="1" index="3" bw="32" slack="0"/>
</pin_list>
<bind>
<opcode="load(27) " fcode="load"/>
<opset="lane_words_9_load/1 "/>
</bind>
</comp>

<comp id="156" class="1004" name="lane_words_2_addr_gep_fu_156">
<pin_list>
<pin id="157" dir="0" index="0" bw="32" slack="0"/>
<pin id="158" dir="0" index="1" bw="1" slack="0"/>
<pin id="159" dir="0" index="2" bw="4" slack="0"/>
<pin id="160" dir="1" index="3" bw="4" slack="0"/>
</pin_list>
<bind>
<opcode="getelementptr(29) " fcode="getelementptr"/>
<opset="lane_words_2_addr/1 "/>
</bind>
</comp>

<comp id="163" class="1004" name="lane_words_10_addr_gep_fu_163">
<pin_list>
<pin id="164" dir="0" index="0" bw="32" slack="0"/>
<pin id="165" dir="0" index="1" bw="1" slack="0"/>
<pin id="166" dir="0" index="2" bw="4" slack="0"/>
<pin id="167" dir="1" index="3" bw="4" slack="0"/>
</pin_list>
<bind>
<opcode="getelementptr(29) " fcode="getelementptr"/>
<opset="lane_words_10_addr/1 "/>
</bind>
</comp>

<comp id="170" class="1004" name="grp_access_fu_170">
<pin_list>
<pin id="171" dir="0" index="0" bw="4" slack="0"/>
<pin id="172" dir="0" index="1" bw="32" slack="2147483647"/>
<pin id="173" dir="0" index="2" bw="0" slack="2147483647"/>
<pin id="174" dir="1" index="3" bw="32" slack="0"/>
</pin_list>
<bind>
<opcode="load(27) " fcode="load"/>
<opset="lane_words_2_load/1 "/>
</bind>
</comp>

<comp id="176" class="1004" name="grp_access_fu_176">
<pin_list>
<pin id="177" dir="0" index="0" bw="4" slack="0"/>
<pin id="178" dir="0" index="1" bw="32" slack="2147483647"/>
<pin id="179" dir="0" index="2" bw="0" slack="2147483647"/>
<pin id="180" dir="1" index="3" bw="32" slack="0"/>
</pin_list>
<bind>
<opcode="load(27) " fcode="load"/>
<opset="lane_words_10_load/1 "/>
</bind>
</comp>

<comp id="182" class="1004" name="lane_words_3_addr_gep_fu_182">
<pin_list>
<pin id="183" dir="0" index="0" bw="32" slack="0"/>
<pin id="184" dir="0" index="1" bw="1" slack="0"/>
<pin id="185" dir="0" index="2" bw="4" slack="0"/>
<pin id="186" dir="1" index="3" bw="4" slack="0"/>
</pin_list>
<bind>
<opcode="getelementptr(29) " fcode="getelementptr"/>
<opset="lane_words_3_addr/1 "/>
</bind>
</comp>

<comp id="189" class="1004" name="lane_words_11_addr_gep_fu_189">
<pin_list>
<pin id="190" dir="0" index="0" bw="32" slack="0"/>
<pin id="191" dir="0" index="1" bw="1" slack="0"/>
<pin id="192" dir="0" index="2" bw="4" slack="0"/>
<pin id="193" dir="1" index="3" bw="4" slack="0"/>
</pin_list>
<bind>
<opcode="getelementptr(29) " fcode="getelementptr"/>
<opset="lane_words_11_addr/1 "/>
</bind>
</comp>

<comp id="196" class="1004" name="grp_access_fu_196">
<pin_list>
<pin id="197" dir="0" index="0" bw="4" slack="0"/>
<pin id="198" dir="0" index="1" bw="32" slack="2147483647"/>
<pin id="199" dir="0" index="2" bw="0" slack="2147483647"/>
<pin id="200" dir="1" index="3" bw="32" slack="0"/>
</pin_list>
<bind>
<opcode="load(27) " fcode="load"/>
<opset="lane_words_3_load/1 "/>
</bind>
</comp>

<comp id="202" class="1004" name="grp_access_fu_202">
<pin_list>
<pin id="203" dir="0" index="0" bw="4" slack="0"/>
<pin id="204" dir="0" index="1" bw="32" slack="2147483647"/>
<pin id="205" dir="0" index="2" bw="0" slack="2147483647"/>
<pin id="206" dir="1" index="3" bw="32" slack="0"/>
</pin_list>
<bind>
<opcode="load(27) " fcode="load"/>
<opset="lane_words_11_load/1 "/>
</bind>
</comp>

<comp id="208" class="1004" name="lane_words_4_addr_gep_fu_208">
<pin_list>
<pin id="209" dir="0" index="0" bw="32" slack="0"/>
<pin id="210" dir="0" index="1" bw="1" slack="0"/>
<pin id="211" dir="0" index="2" bw="4" slack="0"/>
<pin id="212" dir="1" index="3" bw="4" slack="0"/>
</pin_list>
<bind>
<opcode="getelementptr(29) " fcode="getelementptr"/>
<opset="lane_words_4_addr/1 "/>
</bind>
</comp>

<comp id="215" class="1004" name="lane_words_12_addr_gep_fu_215">
<pin_list>
<pin id="216" dir="0" index="0" bw="32" slack="0"/>
<pin id="217" dir="0" index="1" bw="1" slack="0"/>
<pin id="218" dir="0" index="2" bw="4" slack="0"/>
<pin id="219" dir="1" index="3" bw="4" slack="0"/>
</pin_list>
<bind>
<opcode="getelementptr(29) " fcode="getelementptr"/>
<opset="lane_words_12_addr/1 "/>
</bind>
</comp>

<comp id="222" class="1004" name="grp_access_fu_222">
<pin_list>
<pin id="223" dir="0" index="0" bw="4" slack="0"/>
<pin id="224" dir="0" index="1" bw="32" slack="2147483647"/>
<pin id="225" dir="0" index="2" bw="0" slack="2147483647"/>
<pin id="226" dir="1" index="3" bw="32" slack="0"/>
</pin_list>
<bind>
<opcode="load(27) " fcode="load"/>
<opset="lane_words_4_load/1 "/>
</bind>
</comp>

<comp id="228" class="1004" name="grp_access_fu_228">
<pin_list>
<pin id="229" dir="0" index="0" bw="4" slack="0"/>
<pin id="230" dir="0" index="1" bw="32" slack="2147483647"/>
<pin id="231" dir="0" index="2" bw="0" slack="2147483647"/>
<pin id="232" dir="1" index="3" bw="32" slack="0"/>
</pin_list>
<bind>
<opcode="load(27) " fcode="load"/>
<opset="lane_words_12_load/1 "/>
</bind>
</comp>

<comp id="234" class="1004" name="lane_words_5_addr_gep_fu_234">
<pin_list>
<pin id="235" dir="0" index="0" bw="32" slack="0"/>
<pin id="236" dir="0" index="1" bw="1" slack="0"/>
<pin id="237" dir="0" index="2" bw="4" slack="0"/>
<pin id="238" dir="1" index="3" bw="4" slack="0"/>
</pin_list>
<bind>
<opcode="getelementptr(29) " fcode="getelementptr"/>
<opset="lane_words_5_addr/1 "/>
</bind>
</comp>

<comp id="241" class="1004" name="lane_words_13_addr_gep_fu_241">
<pin_list>
<pin id="242" dir="0" index="0" bw="32" slack="0"/>
<pin id="243" dir="0" index="1" bw="1" slack="0"/>
<pin id="244" dir="0" index="2" bw="4" slack="0"/>
<pin id="245" dir="1" index="3" bw="4" slack="0"/>
</pin_list>
<bind>
<opcode="getelementptr(29) " fcode="getelementptr"/>
<opset="lane_words_13_addr/1 "/>
</bind>
</comp>

<comp id="248" class="1004" name="grp_access_fu_248">
<pin_list>
<pin id="249" dir="0" index="0" bw="4" slack="0"/>
<pin id="250" dir="0" index="1" bw="32" slack="2147483647"/>
<pin id="251" dir="0" index="2" bw="0" slack="2147483647"/>
<pin id="252" dir="1" index="3" bw="32" slack="0"/>
</pin_list>
<bind>
<opcode="load(27) " fcode="load"/>
<opset="lane_words_5_load/1 "/>
</bind>
</comp>

<comp id="254" class="1004" name="grp_access_fu_254">
<pin_list>
<pin id="255" dir="0" index="0" bw="4" slack="0"/>
<pin id="256" dir="0" index="1" bw="32" slack="2147483647"/>
<pin id="257" dir="0" index="2" bw="0" slack="2147483647"/>
<pin id="258" dir="1" index="3" bw="32" slack="0"/>
</pin_list>
<bind>
<opcode="load(27) " fcode="load"/>
<opset="lane_words_13_load/1 "/>
</bind>
</comp>

<comp id="260" class="1004" name="lane_words_6_addr_gep_fu_260">
<pin_list>
<pin id="261" dir="0" index="0" bw="32" slack="0"/>
<pin id="262" dir="0" index="1" bw="1" slack="0"/>
<pin id="263" dir="0" index="2" bw="4" slack="0"/>
<pin id="264" dir="1" index="3" bw="4" slack="0"/>
</pin_list>
<bind>
<opcode="getelementptr(29) " fcode="getelementptr"/>
<opset="lane_words_6_addr/1 "/>
</bind>
</comp>

<comp id="267" class="1004" name="lane_words_14_addr_gep_fu_267">
<pin_list>
<pin id="268" dir="0" index="0" bw="32" slack="0"/>
<pin id="269" dir="0" index="1" bw="1" slack="0"/>
<pin id="270" dir="0" index="2" bw="4" slack="0"/>
<pin id="271" dir="1" index="3" bw="4" slack="0"/>
</pin_list>
<bind>
<opcode="getelementptr(29) " fcode="getelementptr"/>
<opset="lane_words_14_addr/1 "/>
</bind>
</comp>

<comp id="274" class="1004" name="grp_access_fu_274">
<pin_list>
<pin id="275" dir="0" index="0" bw="4" slack="0"/>
<pin id="276" dir="0" index="1" bw="32" slack="2147483647"/>
<pin id="277" dir="0" index="2" bw="0" slack="2147483647"/>
<pin id="278" dir="1" index="3" bw="32" slack="0"/>
</pin_list>
<bind>
<opcode="load(27) " fcode="load"/>
<opset="lane_words_6_load/1 "/>
</bind>
</comp>

<comp id="280" class="1004" name="grp_access_fu_280">
<pin_list>
<pin id="281" dir="0" index="0" bw="4" slack="0"/>
<pin id="282" dir="0" index="1" bw="32" slack="2147483647"/>
<pin id="283" dir="0" index="2" bw="0" slack="2147483647"/>
<pin id="284" dir="1" index="3" bw="32" slack="0"/>
</pin_list>
<bind>
<opcode="load(27) " fcode="load"/>
<opset="lane_words_14_load/1 "/>
</bind>
</comp>

<comp id="286" class="1004" name="lane_words_7_addr_gep_fu_286">
<pin_list>
<pin id="287" dir="0" index="0" bw="32" slack="0"/>
<pin id="288" dir="0" index="1" bw="1" slack="0"/>
<pin id="289" dir="0" index="2" bw="4" slack="0"/>
<pin id="290" dir="1" index="3" bw="4" slack="0"/>
</pin_list>
<bind>
<opcode="getelementptr(29) " fcode="getelementptr"/>
<opset="lane_words_7_addr/1 "/>
</bind>
</comp>

<comp id="293" class="1004" name="lane_words_15_addr_gep_fu_293">
<pin_list>
<pin id="294" dir="0" index="0" bw="32" slack="0"/>
<pin id="295" dir="0" index="1" bw="1" slack="0"/>
<pin id="296" dir="0" index="2" bw="4" slack="0"/>
<pin id="297" dir="1" index="3" bw="4" slack="0"/>
</pin_list>
<bind>
<opcode="getelementptr(29) " fcode="getelementptr"/>
<opset="lane_words_15_addr/1 "/>
</bind>
</comp>

<comp id="300" class="1004" name="grp_access_fu_300">
<pin_list>
<pin id="301" dir="0" index="0" bw="4" slack="0"/>
<pin id="302" dir="0" index="1" bw="32" slack="2147483647"/>
<pin id="303" dir="0" index="2" bw="0" slack="2147483647"/>
<pin id="304" dir="1" index="3" bw="32" slack="0"/>
</pin_list>
<bind>
<opcode="load(27) " fcode="load"/>
<opset="lane_words_7_load/1 "/>
</bind>
</comp>

<comp id="306" class="1004" name="grp_access_fu_306">
<pin_list>
<pin id="307" dir="0" index="0" bw="4" slack="0"/>
<pin id="308" dir="0" index="1" bw="32" slack="2147483647"/>
<pin id="309" dir="0" index="2" bw="0" slack="2147483647"/>
<pin id="310" dir="1" index="3" bw="32" slack="0"/>
</pin_list>
<bind>
<opcode="load(27) " fcode="load"/>
<opset="lane_words_15_load/1 "/>
</bind>
</comp>

<comp id="312" class="1004" name="out_ref_reference_lateral_error_addr_gep_fu_312">
<pin_list>
<pin id="313" dir="0" index="0" bw="32" slack="0"/>
<pin id="314" dir="0" index="1" bw="1" slack="0"/>
<pin id="315" dir="0" index="2" bw="5" slack="0"/>
<pin id="316" dir="1" index="3" bw="5" slack="0"/>
</pin_list>
<bind>
<opcode="getelementptr(29) " fcode="getelementptr"/>
<opset="out_ref_reference_lateral_error_addr/2 "/>
</bind>
</comp>

<comp id="319" class="1004" name="store_ln191_access_fu_319">
<pin_list>
<pin id="320" dir="0" index="0" bw="5" slack="0"/>
<pin id="321" dir="0" index="1" bw="32" slack="0"/>
<pin id="322" dir="0" index="2" bw="0" slack="2147483647"/>
<pin id="323" dir="1" index="3" bw="32" slack="2147483647"/>
</pin_list>
<bind>
<opcode="store(28) " fcode="store"/>
<opset="store_ln191/2 "/>
</bind>
</comp>

<comp id="325" class="1004" name="out_ref_reference_heading_error_addr_gep_fu_325">
<pin_list>
<pin id="326" dir="0" index="0" bw="32" slack="0"/>
<pin id="327" dir="0" index="1" bw="1" slack="0"/>
<pin id="328" dir="0" index="2" bw="5" slack="0"/>
<pin id="329" dir="1" index="3" bw="5" slack="0"/>
</pin_list>
<bind>
<opcode="getelementptr(29) " fcode="getelementptr"/>
<opset="out_ref_reference_heading_error_addr/2 "/>
</bind>
</comp>

<comp id="332" class="1004" name="store_ln193_access_fu_332">
<pin_list>
<pin id="333" dir="0" index="0" bw="5" slack="0"/>
<pin id="334" dir="0" index="1" bw="32" slack="0"/>
<pin id="335" dir="0" index="2" bw="0" slack="2147483647"/>
<pin id="336" dir="1" index="3" bw="32" slack="2147483647"/>
</pin_list>
<bind>
<opcode="store(28) " fcode="store"/>
<opset="store_ln193/2 "/>
</bind>
</comp>

<comp id="338" class="1004" name="out_ref_reference_velocity_addr_gep_fu_338">
<pin_list>
<pin id="339" dir="0" index="0" bw="32" slack="0"/>
<pin id="340" dir="0" index="1" bw="1" slack="0"/>
<pin id="341" dir="0" index="2" bw="5" slack="0"/>
<pin id="342" dir="1" index="3" bw="5" slack="0"/>
</pin_list>
<bind>
<opcode="getelementptr(29) " fcode="getelementptr"/>
<opset="out_ref_reference_velocity_addr/2 "/>
</bind>
</comp>

<comp id="345" class="1004" name="store_ln195_access_fu_345">
<pin_list>
<pin id="346" dir="0" index="0" bw="5" slack="0"/>
<pin id="347" dir="0" index="1" bw="32" slack="0"/>
<pin id="348" dir="0" index="2" bw="0" slack="2147483647"/>
<pin id="349" dir="1" index="3" bw="32" slack="2147483647"/>
</pin_list>
<bind>
<opcode="store(28) " fcode="store"/>
<opset="store_ln195/2 "/>
</bind>
</comp>

<comp id="351" class="1004" name="out_ref_reference_lateral_velocity_addr_gep_fu_351">
<pin_list>
<pin id="352" dir="0" index="0" bw="32" slack="0"/>
<pin id="353" dir="0" index="1" bw="1" slack="0"/>
<pin id="354" dir="0" index="2" bw="5" slack="0"/>
<pin id="355" dir="1" index="3" bw="5" slack="0"/>
</pin_list>
<bind>
<opcode="getelementptr(29) " fcode="getelementptr"/>
<opset="out_ref_reference_lateral_velocity_addr/2 "/>
</bind>
</comp>

<comp id="358" class="1004" name="store_ln197_access_fu_358">
<pin_list>
<pin id="359" dir="0" index="0" bw="5" slack="0"/>
<pin id="360" dir="0" index="1" bw="32" slack="0"/>
<pin id="361" dir="0" index="2" bw="0" slack="2147483647"/>
<pin id="362" dir="1" index="3" bw="32" slack="2147483647"/>
</pin_list>
<bind>
<opcode="store(28) " fcode="store"/>
<opset="store_ln197/2 "/>
</bind>
</comp>

<comp id="364" class="1004" name="out_ref_reference_yaw_rate_addr_gep_fu_364">
<pin_list>
<pin id="365" dir="0" index="0" bw="32" slack="0"/>
<pin id="366" dir="0" index="1" bw="1" slack="0"/>
<pin id="367" dir="0" index="2" bw="5" slack="0"/>
<pin id="368" dir="1" index="3" bw="5" slack="0"/>
</pin_list>
<bind>
<opcode="getelementptr(29) " fcode="getelementptr"/>
<opset="out_ref_reference_yaw_rate_addr/2 "/>
</bind>
</comp>

<comp id="371" class="1004" name="store_ln199_access_fu_371">
<pin_list>
<pin id="372" dir="0" index="0" bw="5" slack="0"/>
<pin id="373" dir="0" index="1" bw="32" slack="0"/>
<pin id="374" dir="0" index="2" bw="0" slack="2147483647"/>
<pin id="375" dir="1" index="3" bw="32" slack="2147483647"/>
</pin_list>
<bind>
<opcode="store(28) " fcode="store"/>
<opset="store_ln199/2 "/>
</bind>
</comp>

<comp id="377" class="1004" name="out_ref_path_curvature_addr_gep_fu_377">
<pin_list>
<pin id="378" dir="0" index="0" bw="32" slack="0"/>
<pin id="379" dir="0" index="1" bw="1" slack="0"/>
<pin id="380" dir="0" index="2" bw="5" slack="0"/>
<pin id="381" dir="1" index="3" bw="5" slack="0"/>
</pin_list>
<bind>
<opcode="getelementptr(29) " fcode="getelementptr"/>
<opset="out_ref_path_curvature_addr/2 "/>
</bind>
</comp>

<comp id="384" class="1004" name="store_ln201_access_fu_384">
<pin_list>
<pin id="385" dir="0" index="0" bw="5" slack="0"/>
<pin id="386" dir="0" index="1" bw="32" slack="0"/>
<pin id="387" dir="0" index="2" bw="0" slack="2147483647"/>
<pin id="388" dir="1" index="3" bw="32" slack="2147483647"/>
</pin_list>
<bind>
<opcode="store(28) " fcode="store"/>
<opset="store_ln201/2 "/>
</bind>
</comp>

<comp id="390" class="1004" name="out_ref_left_wall_bound_addr_gep_fu_390">
<pin_list>
<pin id="391" dir="0" index="0" bw="32" slack="0"/>
<pin id="392" dir="0" index="1" bw="1" slack="0"/>
<pin id="393" dir="0" index="2" bw="5" slack="0"/>
<pin id="394" dir="1" index="3" bw="5" slack="0"/>
</pin_list>
<bind>
<opcode="getelementptr(29) " fcode="getelementptr"/>
<opset="out_ref_left_wall_bound_addr/2 "/>
</bind>
</comp>

<comp id="397" class="1004" name="store_ln203_access_fu_397">
<pin_list>
<pin id="398" dir="0" index="0" bw="5" slack="0"/>
<pin id="399" dir="0" index="1" bw="32" slack="0"/>
<pin id="400" dir="0" index="2" bw="0" slack="2147483647"/>
<pin id="401" dir="1" index="3" bw="32" slack="2147483647"/>
</pin_list>
<bind>
<opcode="store(28) " fcode="store"/>
<opset="store_ln203/2 "/>
</bind>
</comp>

<comp id="403" class="1004" name="out_ref_right_wall_bound_addr_gep_fu_403">
<pin_list>
<pin id="404" dir="0" index="0" bw="32" slack="0"/>
<pin id="405" dir="0" index="1" bw="1" slack="0"/>
<pin id="406" dir="0" index="2" bw="5" slack="0"/>
<pin id="407" dir="1" index="3" bw="5" slack="0"/>
</pin_list>
<bind>
<opcode="getelementptr(29) " fcode="getelementptr"/>
<opset="out_ref_right_wall_bound_addr/2 "/>
</bind>
</comp>

<comp id="410" class="1004" name="store_ln205_access_fu_410">
<pin_list>
<pin id="411" dir="0" index="0" bw="5" slack="0"/>
<pin id="412" dir="0" index="1" bw="32" slack="0"/>
<pin id="413" dir="0" index="2" bw="0" slack="2147483647"/>
<pin id="414" dir="1" index="3" bw="32" slack="2147483647"/>
</pin_list>
<bind>
<opcode="store(28) " fcode="store"/>
<opset="store_ln205/2 "/>
</bind>
</comp>

<comp id="416" class="1004" name="store_ln187_store_fu_416">
<pin_list>
<pin id="417" dir="0" index="0" bw="1" slack="0"/>
<pin id="418" dir="0" index="1" bw="5" slack="0"/>
<pin id="419" dir="1" index="2" bw="0" slack="2147483647"/>
</pin_list>
<bind>
<opcode="store(28) " fcode="store"/>
<opset="store_ln187/1 "/>
</bind>
</comp>

<comp id="421" class="1004" name="k_18_load_fu_421">
<pin_list>
<pin id="422" dir="0" index="0" bw="5" slack="0"/>
<pin id="423" dir="1" index="1" bw="5" slack="0"/>
</pin_list>
<bind>
<opcode="load(27) " fcode="load"/>
<opset="k_18/1 "/>
</bind>
</comp>

<comp id="424" class="1004" name="icmp_ln187_fu_424">
<pin_list>
<pin id="425" dir="0" index="0" bw="5" slack="0"/>
<pin id="426" dir="0" index="1" bw="5" slack="0"/>
<pin id="427" dir="1" index="2" bw="1" slack="2147483647"/>
</pin_list>
<bind>
<opcode="icmp(45) " fcode="icmp"/>
<opset="icmp_ln187/1 "/>
</bind>
</comp>

<comp id="430" class="1004" name="add_ln187_fu_430">
<pin_list>
<pin id="431" dir="0" index="0" bw="5" slack="0"/>
<pin id="432" dir="0" index="1" bw="1" slack="0"/>
<pin id="433" dir="1" index="2" bw="5" slack="0"/>
</pin_list>
<bind>
<opcode="add(8) " fcode="add"/>
<opset="add_ln187/1 "/>
</bind>
</comp>

<comp id="436" class="1004" name="shl_ln_fu_436">
<pin_list>
<pin id="437" dir="0" index="0" bw="8" slack="0"/>
<pin id="438" dir="0" index="1" bw="5" slack="0"/>
<pin id="439" dir="0" index="2" bw="1" slack="0"/>
<pin id="440" dir="1" index="3" bw="8" slack="0"/>
</pin_list>
<bind>
<opcode="bitconcatenate(1004) " fcode="bitconcatenate"/>
<opset="shl_ln/1 "/>
</bind>
</comp>

<comp id="444" class="1004" name="add_ln192_fu_444">
<pin_list>
<pin id="445" dir="0" index="0" bw="8" slack="0"/>
<pin id="446" dir="0" index="1" bw="5" slack="0"/>
<pin id="447" dir="1" index="2" bw="8" slack="0"/>
</pin_list>
<bind>
<opcode="add(8) " fcode="add"/>
<opset="add_ln192/1 "/>
</bind>
</comp>

<comp id="450" class="1004" name="lshr_ln_fu_450">
<pin_list>
<pin id="451" dir="0" index="0" bw="4" slack="0"/>
<pin id="452" dir="0" index="1" bw="8" slack="0"/>
<pin id="453" dir="0" index="2" bw="4" slack="0"/>
<pin id="454" dir="0" index="3" bw="4" slack="0"/>
<pin id="455" dir="1" index="4" bw="4" slack="0"/>
</pin_list>
<bind>
<opcode="partselect(1002) " fcode="partselect"/>
<opset="lshr_ln/1 "/>
</bind>
</comp>

<comp id="460" class="1004" name="zext_ln192_fu_460">
<pin_list>
<pin id="461" dir="0" index="0" bw="4" slack="0"/>
<pin id="462" dir="1" index="1" bw="64" slack="0"/>
</pin_list>
<bind>
<opcode="zext(34) " fcode="zext"/>
<opset="zext_ln192/1 "/>
</bind>
</comp>

<comp id="466" class="1004" name="add_ln194_fu_466">
<pin_list>
<pin id="467" dir="0" index="0" bw="8" slack="0"/>
<pin id="468" dir="0" index="1" bw="5" slack="0"/>
<pin id="469" dir="1" index="2" bw="8" slack="0"/>
</pin_list>
<bind>
<opcode="add(8) " fcode="add"/>
<opset="add_ln194/1 "/>
</bind>
</comp>

<comp id="472" class="1004" name="lshr_ln1_fu_472">
<pin_list>
<pin id="473" dir="0" index="0" bw="4" slack="0"/>
<pin id="474" dir="0" index="1" bw="8" slack="0"/>
<pin id="475" dir="0" index="2" bw="4" slack="0"/>
<pin id="476" dir="0" index="3" bw="4" slack="0"/>
<pin id="477" dir="1" index="4" bw="4" slack="0"/>
</pin_list>
<bind>
<opcode="partselect(1002) " fcode="partselect"/>
<opset="lshr_ln1/1 "/>
</bind>
</comp>

<comp id="482" class="1004" name="zext_ln194_fu_482">
<pin_list>
<pin id="483" dir="0" index="0" bw="4" slack="0"/>
<pin id="484" dir="1" index="1" bw="64" slack="0"/>
</pin_list>
<bind>
<opcode="zext(34) " fcode="zext"/>
<opset="zext_ln194/1 "/>
</bind>
</comp>

<comp id="488" class="1004" name="add_ln196_fu_488">
<pin_list>
<pin id="489" dir="0" index="0" bw="8" slack="0"/>
<pin id="490" dir="0" index="1" bw="5" slack="0"/>
<pin id="491" dir="1" index="2" bw="8" slack="0"/>
</pin_list>
<bind>
<opcode="add(8) " fcode="add"/>
<opset="add_ln196/1 "/>
</bind>
</comp>

<comp id="494" class="1004" name="lshr_ln2_fu_494">
<pin_list>
<pin id="495" dir="0" index="0" bw="4" slack="0"/>
<pin id="496" dir="0" index="1" bw="8" slack="0"/>
<pin id="497" dir="0" index="2" bw="4" slack="0"/>
<pin id="498" dir="0" index="3" bw="4" slack="0"/>
<pin id="499" dir="1" index="4" bw="4" slack="0"/>
</pin_list>
<bind>
<opcode="partselect(1002) " fcode="partselect"/>
<opset="lshr_ln2/1 "/>
</bind>
</comp>

<comp id="504" class="1004" name="zext_ln196_fu_504">
<pin_list>
<pin id="505" dir="0" index="0" bw="4" slack="0"/>
<pin id="506" dir="1" index="1" bw="64" slack="0"/>
</pin_list>
<bind>
<opcode="zext(34) " fcode="zext"/>
<opset="zext_ln196/1 "/>
</bind>
</comp>

<comp id="510" class="1004" name="add_ln198_fu_510">
<pin_list>
<pin id="511" dir="0" index="0" bw="8" slack="0"/>
<pin id="512" dir="0" index="1" bw="5" slack="0"/>
<pin id="513" dir="1" index="2" bw="8" slack="0"/>
</pin_list>
<bind>
<opcode="add(8) " fcode="add"/>
<opset="add_ln198/1 "/>
</bind>
</comp>

<comp id="516" class="1004" name="lshr_ln3_fu_516">
<pin_list>
<pin id="517" dir="0" index="0" bw="4" slack="0"/>
<pin id="518" dir="0" index="1" bw="8" slack="0"/>
<pin id="519" dir="0" index="2" bw="4" slack="0"/>
<pin id="520" dir="0" index="3" bw="4" slack="0"/>
<pin id="521" dir="1" index="4" bw="4" slack="0"/>
</pin_list>
<bind>
<opcode="partselect(1002) " fcode="partselect"/>
<opset="lshr_ln3/1 "/>
</bind>
</comp>

<comp id="526" class="1004" name="zext_ln198_fu_526">
<pin_list>
<pin id="527" dir="0" index="0" bw="4" slack="0"/>
<pin id="528" dir="1" index="1" bw="64" slack="0"/>
</pin_list>
<bind>
<opcode="zext(34) " fcode="zext"/>
<opset="zext_ln198/1 "/>
</bind>
</comp>

<comp id="532" class="1004" name="add_ln200_fu_532">
<pin_list>
<pin id="533" dir="0" index="0" bw="8" slack="0"/>
<pin id="534" dir="0" index="1" bw="5" slack="0"/>
<pin id="535" dir="1" index="2" bw="8" slack="0"/>
</pin_list>
<bind>
<opcode="add(8) " fcode="add"/>
<opset="add_ln200/1 "/>
</bind>
</comp>

<comp id="538" class="1004" name="lshr_ln4_fu_538">
<pin_list>
<pin id="539" dir="0" index="0" bw="4" slack="0"/>
<pin id="540" dir="0" index="1" bw="8" slack="0"/>
<pin id="541" dir="0" index="2" bw="4" slack="0"/>
<pin id="542" dir="0" index="3" bw="4" slack="0"/>
<pin id="543" dir="1" index="4" bw="4" slack="0"/>
</pin_list>
<bind>
<opcode="partselect(1002) " fcode="partselect"/>
<opset="lshr_ln4/1 "/>
</bind>
</comp>

<comp id="548" class="1004" name="zext_ln200_fu_548">
<pin_list>
<pin id="549" dir="0" index="0" bw="4" slack="0"/>
<pin id="550" dir="1" index="1" bw="64" slack="0"/>
</pin_list>
<bind>
<opcode="zext(34) " fcode="zext"/>
<opset="zext_ln200/1 "/>
</bind>
</comp>

<comp id="554" class="1004" name="add_ln202_fu_554">
<pin_list>
<pin id="555" dir="0" index="0" bw="8" slack="0"/>
<pin id="556" dir="0" index="1" bw="5" slack="0"/>
<pin id="557" dir="1" index="2" bw="8" slack="0"/>
</pin_list>
<bind>
<opcode="add(8) " fcode="add"/>
<opset="add_ln202/1 "/>
</bind>
</comp>

<comp id="560" class="1004" name="lshr_ln5_fu_560">
<pin_list>
<pin id="561" dir="0" index="0" bw="4" slack="0"/>
<pin id="562" dir="0" index="1" bw="8" slack="0"/>
<pin id="563" dir="0" index="2" bw="4" slack="0"/>
<pin id="564" dir="0" index="3" bw="4" slack="0"/>
<pin id="565" dir="1" index="4" bw="4" slack="0"/>
</pin_list>
<bind>
<opcode="partselect(1002) " fcode="partselect"/>
<opset="lshr_ln5/1 "/>
</bind>
</comp>

<comp id="570" class="1004" name="zext_ln202_fu_570">
<pin_list>
<pin id="571" dir="0" index="0" bw="4" slack="0"/>
<pin id="572" dir="1" index="1" bw="64" slack="0"/>
</pin_list>
<bind>
<opcode="zext(34) " fcode="zext"/>
<opset="zext_ln202/1 "/>
</bind>
</comp>

<comp id="576" class="1004" name="add_ln204_fu_576">
<pin_list>
<pin id="577" dir="0" index="0" bw="8" slack="0"/>
<pin id="578" dir="0" index="1" bw="5" slack="0"/>
<pin id="579" dir="1" index="2" bw="8" slack="0"/>
</pin_list>
<bind>
<opcode="add(8) " fcode="add"/>
<opset="add_ln204/1 "/>
</bind>
</comp>

<comp id="582" class="1004" name="lshr_ln6_fu_582">
<pin_list>
<pin id="583" dir="0" index="0" bw="4" slack="0"/>
<pin id="584" dir="0" index="1" bw="8" slack="0"/>
<pin id="585" dir="0" index="2" bw="4" slack="0"/>
<pin id="586" dir="0" index="3" bw="4" slack="0"/>
<pin id="587" dir="1" index="4" bw="4" slack="0"/>
</pin_list>
<bind>
<opcode="partselect(1002) " fcode="partselect"/>
<opset="lshr_ln6/1 "/>
</bind>
</comp>

<comp id="592" class="1004" name="zext_ln204_fu_592">
<pin_list>
<pin id="593" dir="0" index="0" bw="4" slack="0"/>
<pin id="594" dir="1" index="1" bw="64" slack="0"/>
</pin_list>
<bind>
<opcode="zext(34) " fcode="zext"/>
<opset="zext_ln204/1 "/>
</bind>
</comp>

<comp id="598" class="1004" name="add_ln206_fu_598">
<pin_list>
<pin id="599" dir="0" index="0" bw="8" slack="0"/>
<pin id="600" dir="0" index="1" bw="5" slack="0"/>
<pin id="601" dir="1" index="2" bw="8" slack="0"/>
</pin_list>
<bind>
<opcode="add(8) " fcode="add"/>
<opset="add_ln206/1 "/>
</bind>
</comp>

<comp id="604" class="1004" name="lshr_ln7_fu_604">
<pin_list>
<pin id="605" dir="0" index="0" bw="4" slack="0"/>
<pin id="606" dir="0" index="1" bw="8" slack="0"/>
<pin id="607" dir="0" index="2" bw="4" slack="0"/>
<pin id="608" dir="0" index="3" bw="4" slack="0"/>
<pin id="609" dir="1" index="4" bw="4" slack="0"/>
</pin_list>
<bind>
<opcode="partselect(1002) " fcode="partselect"/>
<opset="lshr_ln7/1 "/>
</bind>
</comp>

<comp id="614" class="1004" name="zext_ln206_fu_614">
<pin_list>
<pin id="615" dir="0" index="0" bw="4" slack="0"/>
<pin id="616" dir="1" index="1" bw="64" slack="0"/>
</pin_list>
<bind>
<opcode="zext(34) " fcode="zext"/>
<opset="zext_ln206/1 "/>
</bind>
</comp>

<comp id="620" class="1004" name="store_ln187_store_fu_620">
<pin_list>
<pin id="621" dir="0" index="0" bw="5" slack="0"/>
<pin id="622" dir="0" index="1" bw="5" slack="0"/>
<pin id="623" dir="1" index="2" bw="0" slack="2147483647"/>
</pin_list>
<bind>
<opcode="store(28) " fcode="store"/>
<opset="store_ln187/1 "/>
</bind>
</comp>

<comp id="625" class="1004" name="zext_ln187_fu_625">
<pin_list>
<pin id="626" dir="0" index="0" bw="5" slack="1"/>
<pin id="627" dir="1" index="1" bw="64" slack="0"/>
</pin_list>
<bind>
<opcode="zext(34) " fcode="zext"/>
<opset="zext_ln187/2 "/>
</bind>
</comp>

<comp id="636" class="1004" name="trunc_ln187_fu_636">
<pin_list>
<pin id="637" dir="0" index="0" bw="5" slack="1"/>
<pin id="638" dir="1" index="1" bw="1" slack="0"/>
</pin_list>
<bind>
<opcode="trunc(33) " fcode="trunc"/>
<opset="trunc_ln187/2 "/>
</bind>
</comp>

<comp id="639" class="1004" name="out_fu_639">
<pin_list>
<pin id="640" dir="0" index="0" bw="1" slack="0"/>
<pin id="641" dir="0" index="1" bw="32" slack="0"/>
<pin id="642" dir="0" index="2" bw="32" slack="0"/>
<pin id="643" dir="1" index="3" bw="32" slack="0"/>
</pin_list>
<bind>
<opcode="select(49) " fcode="select"/>
<opset="out/2 "/>
</bind>
</comp>

<comp id="648" class="1004" name="out_306_fu_648">
<pin_list>
<pin id="649" dir="0" index="0" bw="1" slack="0"/>
<pin id="650" dir="0" index="1" bw="32" slack="0"/>
<pin id="651" dir="0" index="2" bw="32" slack="0"/>
<pin id="652" dir="1" index="3" bw="32" slack="0"/>
</pin_list>
<bind>
<opcode="select(49) " fcode="select"/>
<opset="out_306/2 "/>
</bind>
</comp>

<comp id="657" class="1004" name="out_307_fu_657">
<pin_list>
<pin id="658" dir="0" index="0" bw="1" slack="0"/>
<pin id="659" dir="0" index="1" bw="32" slack="0"/>
<pin id="660" dir="0" index="2" bw="32" slack="0"/>
<pin id="661" dir="1" index="3" bw="32" slack="0"/>
</pin_list>
<bind>
<opcode="select(49) " fcode="select"/>
<opset="out_307/2 "/>
</bind>
</comp>

<comp id="666" class="1004" name="out_308_fu_666">
<pin_list>
<pin id="667" dir="0" index="0" bw="1" slack="0"/>
<pin id="668" dir="0" index="1" bw="32" slack="0"/>
<pin id="669" dir="0" index="2" bw="32" slack="0"/>
<pin id="670" dir="1" index="3" bw="32" slack="0"/>
</pin_list>
<bind>
<opcode="select(49) " fcode="select"/>
<opset="out_308/2 "/>
</bind>
</comp>

<comp id="675" class="1004" name="out_309_fu_675">
<pin_list>
<pin id="676" dir="0" index="0" bw="1" slack="0"/>
<pin id="677" dir="0" index="1" bw="32" slack="0"/>
<pin id="678" dir="0" index="2" bw="32" slack="0"/>
<pin id="679" dir="1" index="3" bw="32" slack="0"/>
</pin_list>
<bind>
<opcode="select(49) " fcode="select"/>
<opset="out_309/2 "/>
</bind>
</comp>

<comp id="684" class="1004" name="out_310_fu_684">
<pin_list>
<pin id="685" dir="0" index="0" bw="1" slack="0"/>
<pin id="686" dir="0" index="1" bw="32" slack="0"/>
<pin id="687" dir="0" index="2" bw="32" slack="0"/>
<pin id="688" dir="1" index="3" bw="32" slack="0"/>
</pin_list>
<bind>
<opcode="select(49) " fcode="select"/>
<opset="out_310/2 "/>
</bind>
</comp>

<comp id="693" class="1004" name="out_311_fu_693">
<pin_list>
<pin id="694" dir="0" index="0" bw="1" slack="0"/>
<pin id="695" dir="0" index="1" bw="32" slack="0"/>
<pin id="696" dir="0" index="2" bw="32" slack="0"/>
<pin id="697" dir="1" index="3" bw="32" slack="0"/>
</pin_list>
<bind>
<opcode="select(49) " fcode="select"/>
<opset="out_311/2 "/>
</bind>
</comp>

<comp id="702" class="1004" name="out_312_fu_702">
<pin_list>
<pin id="703" dir="0" index="0" bw="1" slack="0"/>
<pin id="704" dir="0" index="1" bw="32" slack="0"/>
<pin id="705" dir="0" index="2" bw="32" slack="0"/>
<pin id="706" dir="1" index="3" bw="32" slack="0"/>
</pin_list>
<bind>
<opcode="select(49) " fcode="select"/>
<opset="out_312/2 "/>
</bind>
</comp>

<comp id="711" class="1005" name="k_reg_711">
<pin_list>
<pin id="712" dir="0" index="0" bw="5" slack="0"/>
<pin id="713" dir="1" index="1" bw="5" slack="0"/>
</pin_list>
<bind>
<opset="k "/>
</bind>
</comp>

<comp id="718" class="1005" name="k_18_reg_718">
<pin_list>
<pin id="719" dir="0" index="0" bw="5" slack="1"/>
<pin id="720" dir="1" index="1" bw="5" slack="1"/>
</pin_list>
<bind>
<opset="k_18 "/>
</bind>
</comp>

<comp id="727" class="1005" name="lane_words_0_addr_reg_727">
<pin_list>
<pin id="728" dir="0" index="0" bw="4" slack="1"/>
<pin id="729" dir="1" index="1" bw="4" slack="1"/>
</pin_list>
<bind>
<opset="lane_words_0_addr "/>
</bind>
</comp>

<comp id="732" class="1005" name="lane_words_8_addr_reg_732">
<pin_list>
<pin id="733" dir="0" index="0" bw="4" slack="1"/>
<pin id="734" dir="1" index="1" bw="4" slack="1"/>
</pin_list>
<bind>
<opset="lane_words_8_addr "/>
</bind>
</comp>

<comp id="737" class="1005" name="lane_words_1_addr_reg_737">
<pin_list>
<pin id="738" dir="0" index="0" bw="4" slack="1"/>
<pin id="739" dir="1" index="1" bw="4" slack="1"/>
</pin_list>
<bind>
<opset="lane_words_1_addr "/>
</bind>
</comp>

<comp id="742" class="1005" name="lane_words_9_addr_reg_742">
<pin_list>
<pin id="743" dir="0" index="0" bw="4" slack="1"/>
<pin id="744" dir="1" index="1" bw="4" slack="1"/>
</pin_list>
<bind>
<opset="lane_words_9_addr "/>
</bind>
</comp>

<comp id="747" class="1005" name="lane_words_2_addr_reg_747">
<pin_list>
<pin id="748" dir="0" index="0" bw="4" slack="1"/>
<pin id="749" dir="1" index="1" bw="4" slack="1"/>
</pin_list>
<bind>
<opset="lane_words_2_addr "/>
</bind>
</comp>

<comp id="752" class="1005" name="lane_words_10_addr_reg_752">
<pin_list>
<pin id="753" dir="0" index="0" bw="4" slack="1"/>
<pin id="754" dir="1" index="1" bw="4" slack="1"/>
</pin_list>
<bind>
<opset="lane_words_10_addr "/>
</bind>
</comp>

<comp id="757" class="1005" name="lane_words_3_addr_reg_757">
<pin_list>
<pin id="758" dir="0" index="0" bw="4" slack="1"/>
<pin id="759" dir="1" index="1" bw="4" slack="1"/>
</pin_list>
<bind>
<opset="lane_words_3_addr "/>
</bind>
</comp>

<comp id="762" class="1005" name="lane_words_11_addr_reg_762">
<pin_list>
<pin id="763" dir="0" index="0" bw="4" slack="1"/>
<pin id="764" dir="1" index="1" bw="4" slack="1"/>
</pin_list>
<bind>
<opset="lane_words_11_addr "/>
</bind>
</comp>

<comp id="767" class="1005" name="lane_words_4_addr_reg_767">
<pin_list>
<pin id="768" dir="0" index="0" bw="4" slack="1"/>
<pin id="769" dir="1" index="1" bw="4" slack="1"/>
</pin_list>
<bind>
<opset="lane_words_4_addr "/>
</bind>
</comp>

<comp id="772" class="1005" name="lane_words_12_addr_reg_772">
<pin_list>
<pin id="773" dir="0" index="0" bw="4" slack="1"/>
<pin id="774" dir="1" index="1" bw="4" slack="1"/>
</pin_list>
<bind>
<opset="lane_words_12_addr "/>
</bind>
</comp>

<comp id="777" class="1005" name="lane_words_5_addr_reg_777">
<pin_list>
<pin id="778" dir="0" index="0" bw="4" slack="1"/>
<pin id="779" dir="1" index="1" bw="4" slack="1"/>
</pin_list>
<bind>
<opset="lane_words_5_addr "/>
</bind>
</comp>

<comp id="782" class="1005" name="lane_words_13_addr_reg_782">
<pin_list>
<pin id="783" dir="0" index="0" bw="4" slack="1"/>
<pin id="784" dir="1" index="1" bw="4" slack="1"/>
</pin_list>
<bind>
<opset="lane_words_13_addr "/>
</bind>
</comp>

<comp id="787" class="1005" name="lane_words_6_addr_reg_787">
<pin_list>
<pin id="788" dir="0" index="0" bw="4" slack="1"/>
<pin id="789" dir="1" index="1" bw="4" slack="1"/>
</pin_list>
<bind>
<opset="lane_words_6_addr "/>
</bind>
</comp>

<comp id="792" class="1005" name="lane_words_14_addr_reg_792">
<pin_list>
<pin id="793" dir="0" index="0" bw="4" slack="1"/>
<pin id="794" dir="1" index="1" bw="4" slack="1"/>
</pin_list>
<bind>
<opset="lane_words_14_addr "/>
</bind>
</comp>

<comp id="797" class="1005" name="lane_words_7_addr_reg_797">
<pin_list>
<pin id="798" dir="0" index="0" bw="4" slack="1"/>
<pin id="799" dir="1" index="1" bw="4" slack="1"/>
</pin_list>
<bind>
<opset="lane_words_7_addr "/>
</bind>
</comp>

<comp id="802" class="1005" name="lane_words_15_addr_reg_802">
<pin_list>
<pin id="803" dir="0" index="0" bw="4" slack="1"/>
<pin id="804" dir="1" index="1" bw="4" slack="1"/>
</pin_list>
<bind>
<opset="lane_words_15_addr "/>
</bind>
</comp>

</comp_list>

<net_list>
<net id="103"><net_src comp="48" pin="0"/><net_sink comp="100" pin=0"/></net>

<net id="109"><net_src comp="0" pin="0"/><net_sink comp="104" pin=0"/></net>

<net id="110"><net_src comp="68" pin="0"/><net_sink comp="104" pin=1"/></net>

<net id="116"><net_src comp="16" pin="0"/><net_sink comp="111" pin=0"/></net>

<net id="117"><net_src comp="68" pin="0"/><net_sink comp="111" pin=1"/></net>

<net id="123"><net_src comp="104" pin="3"/><net_sink comp="118" pin=0"/></net>

<net id="129"><net_src comp="111" pin="3"/><net_sink comp="124" pin=0"/></net>

<net id="135"><net_src comp="2" pin="0"/><net_sink comp="130" pin=0"/></net>

<net id="136"><net_src comp="68" pin="0"/><net_sink comp="130" pin=1"/></net>

<net id="142"><net_src comp="18" pin="0"/><net_sink comp="137" pin=0"/></net>

<net id="143"><net_src comp="68" pin="0"/><net_sink comp="137" pin=1"/></net>

<net id="149"><net_src comp="130" pin="3"/><net_sink comp="144" pin=0"/></net>

<net id="155"><net_src comp="137" pin="3"/><net_sink comp="150" pin=0"/></net>

<net id="161"><net_src comp="4" pin="0"/><net_sink comp="156" pin=0"/></net>

<net id="162"><net_src comp="68" pin="0"/><net_sink comp="156" pin=1"/></net>

<net id="168"><net_src comp="20" pin="0"/><net_sink comp="163" pin=0"/></net>

<net id="169"><net_src comp="68" pin="0"/><net_sink comp="163" pin=1"/></net>

<net id="175"><net_src comp="156" pin="3"/><net_sink comp="170" pin=0"/></net>

<net id="181"><net_src comp="163" pin="3"/><net_sink comp="176" pin=0"/></net>

<net id="187"><net_src comp="6" pin="0"/><net_sink comp="182" pin=0"/></net>

<net id="188"><net_src comp="68" pin="0"/><net_sink comp="182" pin=1"/></net>

<net id="194"><net_src comp="22" pin="0"/><net_sink comp="189" pin=0"/></net>

<net id="195"><net_src comp="68" pin="0"/><net_sink comp="189" pin=1"/></net>

<net id="201"><net_src comp="182" pin="3"/><net_sink comp="196" pin=0"/></net>

<net id="207"><net_src comp="189" pin="3"/><net_sink comp="202" pin=0"/></net>

<net id="213"><net_src comp="8" pin="0"/><net_sink comp="208" pin=0"/></net>

<net id="214"><net_src comp="68" pin="0"/><net_sink comp="208" pin=1"/></net>

<net id="220"><net_src comp="24" pin="0"/><net_sink comp="215" pin=0"/></net>

<net id="221"><net_src comp="68" pin="0"/><net_sink comp="215" pin=1"/></net>

<net id="227"><net_src comp="208" pin="3"/><net_sink comp="222" pin=0"/></net>

<net id="233"><net_src comp="215" pin="3"/><net_sink comp="228" pin=0"/></net>

<net id="239"><net_src comp="10" pin="0"/><net_sink comp="234" pin=0"/></net>

<net id="240"><net_src comp="68" pin="0"/><net_sink comp="234" pin=1"/></net>

<net id="246"><net_src comp="26" pin="0"/><net_sink comp="241" pin=0"/></net>

<net id="247"><net_src comp="68" pin="0"/><net_sink comp="241" pin=1"/></net>

<net id="253"><net_src comp="234" pin="3"/><net_sink comp="248" pin=0"/></net>

<net id="259"><net_src comp="241" pin="3"/><net_sink comp="254" pin=0"/></net>

<net id="265"><net_src comp="12" pin="0"/><net_sink comp="260" pin=0"/></net>

<net id="266"><net_src comp="68" pin="0"/><net_sink comp="260" pin=1"/></net>

<net id="272"><net_src comp="28" pin="0"/><net_sink comp="267" pin=0"/></net>

<net id="273"><net_src comp="68" pin="0"/><net_sink comp="267" pin=1"/></net>

<net id="279"><net_src comp="260" pin="3"/><net_sink comp="274" pin=0"/></net>

<net id="285"><net_src comp="267" pin="3"/><net_sink comp="280" pin=0"/></net>

<net id="291"><net_src comp="14" pin="0"/><net_sink comp="286" pin=0"/></net>

<net id="292"><net_src comp="68" pin="0"/><net_sink comp="286" pin=1"/></net>

<net id="298"><net_src comp="30" pin="0"/><net_sink comp="293" pin=0"/></net>

<net id="299"><net_src comp="68" pin="0"/><net_sink comp="293" pin=1"/></net>

<net id="305"><net_src comp="286" pin="3"/><net_sink comp="300" pin=0"/></net>

<net id="311"><net_src comp="293" pin="3"/><net_sink comp="306" pin=0"/></net>

<net id="317"><net_src comp="34" pin="0"/><net_sink comp="312" pin=0"/></net>

<net id="318"><net_src comp="68" pin="0"/><net_sink comp="312" pin=1"/></net>

<net id="324"><net_src comp="312" pin="3"/><net_sink comp="319" pin=0"/></net>

<net id="330"><net_src comp="32" pin="0"/><net_sink comp="325" pin=0"/></net>

<net id="331"><net_src comp="68" pin="0"/><net_sink comp="325" pin=1"/></net>

<net id="337"><net_src comp="325" pin="3"/><net_sink comp="332" pin=0"/></net>

<net id="343"><net_src comp="36" pin="0"/><net_sink comp="338" pin=0"/></net>

<net id="344"><net_src comp="68" pin="0"/><net_sink comp="338" pin=1"/></net>

<net id="350"><net_src comp="338" pin="3"/><net_sink comp="345" pin=0"/></net>

<net id="356"><net_src comp="38" pin="0"/><net_sink comp="351" pin=0"/></net>

<net id="357"><net_src comp="68" pin="0"/><net_sink comp="351" pin=1"/></net>

<net id="363"><net_src comp="351" pin="3"/><net_sink comp="358" pin=0"/></net>

<net id="369"><net_src comp="40" pin="0"/><net_sink comp="364" pin=0"/></net>

<net id="370"><net_src comp="68" pin="0"/><net_sink comp="364" pin=1"/></net>

<net id="376"><net_src comp="364" pin="3"/><net_sink comp="371" pin=0"/></net>

<net id="382"><net_src comp="42" pin="0"/><net_sink comp="377" pin=0"/></net>

<net id="383"><net_src comp="68" pin="0"/><net_sink comp="377" pin=1"/></net>

<net id="389"><net_src comp="377" pin="3"/><net_sink comp="384" pin=0"/></net>

<net id="395"><net_src comp="44" pin="0"/><net_sink comp="390" pin=0"/></net>

<net id="396"><net_src comp="68" pin="0"/><net_sink comp="390" pin=1"/></net>

<net id="402"><net_src comp="390" pin="3"/><net_sink comp="397" pin=0"/></net>

<net id="408"><net_src comp="46" pin="0"/><net_sink comp="403" pin=0"/></net>

<net id="409"><net_src comp="68" pin="0"/><net_sink comp="403" pin=1"/></net>

<net id="415"><net_src comp="403" pin="3"/><net_sink comp="410" pin=0"/></net>

<net id="420"><net_src comp="50" pin="0"/><net_sink comp="416" pin=0"/></net>

<net id="428"><net_src comp="421" pin="1"/><net_sink comp="424" pin=0"/></net>

<net id="429"><net_src comp="52" pin="0"/><net_sink comp="424" pin=1"/></net>

<net id="434"><net_src comp="421" pin="1"/><net_sink comp="430" pin=0"/></net>

<net id="435"><net_src comp="54" pin="0"/><net_sink comp="430" pin=1"/></net>

<net id="441"><net_src comp="56" pin="0"/><net_sink comp="436" pin=0"/></net>

<net id="442"><net_src comp="421" pin="1"/><net_sink comp="436" pin=1"/></net>

<net id="443"><net_src comp="58" pin="0"/><net_sink comp="436" pin=2"/></net>

<net id="448"><net_src comp="436" pin="3"/><net_sink comp="444" pin=0"/></net>

<net id="449"><net_src comp="60" pin="0"/><net_sink comp="444" pin=1"/></net>

<net id="456"><net_src comp="62" pin="0"/><net_sink comp="450" pin=0"/></net>

<net id="457"><net_src comp="444" pin="2"/><net_sink comp="450" pin=1"/></net>

<net id="458"><net_src comp="64" pin="0"/><net_sink comp="450" pin=2"/></net>

<net id="459"><net_src comp="66" pin="0"/><net_sink comp="450" pin=3"/></net>

<net id="463"><net_src comp="450" pin="4"/><net_sink comp="460" pin=0"/></net>

<net id="464"><net_src comp="460" pin="1"/><net_sink comp="104" pin=2"/></net>

<net id="465"><net_src comp="460" pin="1"/><net_sink comp="111" pin=2"/></net>

<net id="470"><net_src comp="436" pin="3"/><net_sink comp="466" pin=0"/></net>

<net id="471"><net_src comp="70" pin="0"/><net_sink comp="466" pin=1"/></net>

<net id="478"><net_src comp="62" pin="0"/><net_sink comp="472" pin=0"/></net>

<net id="479"><net_src comp="466" pin="2"/><net_sink comp="472" pin=1"/></net>

<net id="480"><net_src comp="64" pin="0"/><net_sink comp="472" pin=2"/></net>

<net id="481"><net_src comp="66" pin="0"/><net_sink comp="472" pin=3"/></net>

<net id="485"><net_src comp="472" pin="4"/><net_sink comp="482" pin=0"/></net>

<net id="486"><net_src comp="482" pin="1"/><net_sink comp="130" pin=2"/></net>

<net id="487"><net_src comp="482" pin="1"/><net_sink comp="137" pin=2"/></net>

<net id="492"><net_src comp="436" pin="3"/><net_sink comp="488" pin=0"/></net>

<net id="493"><net_src comp="72" pin="0"/><net_sink comp="488" pin=1"/></net>

<net id="500"><net_src comp="62" pin="0"/><net_sink comp="494" pin=0"/></net>

<net id="501"><net_src comp="488" pin="2"/><net_sink comp="494" pin=1"/></net>

<net id="502"><net_src comp="64" pin="0"/><net_sink comp="494" pin=2"/></net>

<net id="503"><net_src comp="66" pin="0"/><net_sink comp="494" pin=3"/></net>

<net id="507"><net_src comp="494" pin="4"/><net_sink comp="504" pin=0"/></net>

<net id="508"><net_src comp="504" pin="1"/><net_sink comp="156" pin=2"/></net>

<net id="509"><net_src comp="504" pin="1"/><net_sink comp="163" pin=2"/></net>

<net id="514"><net_src comp="436" pin="3"/><net_sink comp="510" pin=0"/></net>

<net id="515"><net_src comp="74" pin="0"/><net_sink comp="510" pin=1"/></net>

<net id="522"><net_src comp="62" pin="0"/><net_sink comp="516" pin=0"/></net>

<net id="523"><net_src comp="510" pin="2"/><net_sink comp="516" pin=1"/></net>

<net id="524"><net_src comp="64" pin="0"/><net_sink comp="516" pin=2"/></net>

<net id="525"><net_src comp="66" pin="0"/><net_sink comp="516" pin=3"/></net>

<net id="529"><net_src comp="516" pin="4"/><net_sink comp="526" pin=0"/></net>

<net id="530"><net_src comp="526" pin="1"/><net_sink comp="182" pin=2"/></net>

<net id="531"><net_src comp="526" pin="1"/><net_sink comp="189" pin=2"/></net>

<net id="536"><net_src comp="436" pin="3"/><net_sink comp="532" pin=0"/></net>

<net id="537"><net_src comp="76" pin="0"/><net_sink comp="532" pin=1"/></net>

<net id="544"><net_src comp="62" pin="0"/><net_sink comp="538" pin=0"/></net>

<net id="545"><net_src comp="532" pin="2"/><net_sink comp="538" pin=1"/></net>

<net id="546"><net_src comp="64" pin="0"/><net_sink comp="538" pin=2"/></net>

<net id="547"><net_src comp="66" pin="0"/><net_sink comp="538" pin=3"/></net>

<net id="551"><net_src comp="538" pin="4"/><net_sink comp="548" pin=0"/></net>

<net id="552"><net_src comp="548" pin="1"/><net_sink comp="208" pin=2"/></net>

<net id="553"><net_src comp="548" pin="1"/><net_sink comp="215" pin=2"/></net>

<net id="558"><net_src comp="436" pin="3"/><net_sink comp="554" pin=0"/></net>

<net id="559"><net_src comp="78" pin="0"/><net_sink comp="554" pin=1"/></net>

<net id="566"><net_src comp="62" pin="0"/><net_sink comp="560" pin=0"/></net>

<net id="567"><net_src comp="554" pin="2"/><net_sink comp="560" pin=1"/></net>

<net id="568"><net_src comp="64" pin="0"/><net_sink comp="560" pin=2"/></net>

<net id="569"><net_src comp="66" pin="0"/><net_sink comp="560" pin=3"/></net>

<net id="573"><net_src comp="560" pin="4"/><net_sink comp="570" pin=0"/></net>

<net id="574"><net_src comp="570" pin="1"/><net_sink comp="234" pin=2"/></net>

<net id="575"><net_src comp="570" pin="1"/><net_sink comp="241" pin=2"/></net>

<net id="580"><net_src comp="436" pin="3"/><net_sink comp="576" pin=0"/></net>

<net id="581"><net_src comp="80" pin="0"/><net_sink comp="576" pin=1"/></net>

<net id="588"><net_src comp="62" pin="0"/><net_sink comp="582" pin=0"/></net>

<net id="589"><net_src comp="576" pin="2"/><net_sink comp="582" pin=1"/></net>

<net id="590"><net_src comp="64" pin="0"/><net_sink comp="582" pin=2"/></net>

<net id="591"><net_src comp="66" pin="0"/><net_sink comp="582" pin=3"/></net>

<net id="595"><net_src comp="582" pin="4"/><net_sink comp="592" pin=0"/></net>

<net id="596"><net_src comp="592" pin="1"/><net_sink comp="260" pin=2"/></net>

<net id="597"><net_src comp="592" pin="1"/><net_sink comp="267" pin=2"/></net>

<net id="602"><net_src comp="436" pin="3"/><net_sink comp="598" pin=0"/></net>

<net id="603"><net_src comp="82" pin="0"/><net_sink comp="598" pin=1"/></net>

<net id="610"><net_src comp="62" pin="0"/><net_sink comp="604" pin=0"/></net>

<net id="611"><net_src comp="598" pin="2"/><net_sink comp="604" pin=1"/></net>

<net id="612"><net_src comp="64" pin="0"/><net_sink comp="604" pin=2"/></net>

<net id="613"><net_src comp="66" pin="0"/><net_sink comp="604" pin=3"/></net>

<net id="617"><net_src comp="604" pin="4"/><net_sink comp="614" pin=0"/></net>

<net id="618"><net_src comp="614" pin="1"/><net_sink comp="286" pin=2"/></net>

<net id="619"><net_src comp="614" pin="1"/><net_sink comp="293" pin=2"/></net>

<net id="624"><net_src comp="430" pin="2"/><net_sink comp="620" pin=0"/></net>

<net id="628"><net_src comp="625" pin="1"/><net_sink comp="312" pin=2"/></net>

<net id="629"><net_src comp="625" pin="1"/><net_sink comp="325" pin=2"/></net>

<net id="630"><net_src comp="625" pin="1"/><net_sink comp="338" pin=2"/></net>

<net id="631"><net_src comp="625" pin="1"/><net_sink comp="351" pin=2"/></net>

<net id="632"><net_src comp="625" pin="1"/><net_sink comp="364" pin=2"/></net>

<net id="633"><net_src comp="625" pin="1"/><net_sink comp="377" pin=2"/></net>

<net id="634"><net_src comp="625" pin="1"/><net_sink comp="390" pin=2"/></net>

<net id="635"><net_src comp="625" pin="1"/><net_sink comp="403" pin=2"/></net>

<net id="644"><net_src comp="636" pin="1"/><net_sink comp="639" pin=0"/></net>

<net id="645"><net_src comp="118" pin="3"/><net_sink comp="639" pin=1"/></net>

<net id="646"><net_src comp="124" pin="3"/><net_sink comp="639" pin=2"/></net>

<net id="647"><net_src comp="639" pin="3"/><net_sink comp="319" pin=1"/></net>

<net id="653"><net_src comp="636" pin="1"/><net_sink comp="648" pin=0"/></net>

<net id="654"><net_src comp="144" pin="3"/><net_sink comp="648" pin=1"/></net>

<net id="655"><net_src comp="150" pin="3"/><net_sink comp="648" pin=2"/></net>

<net id="656"><net_src comp="648" pin="3"/><net_sink comp="332" pin=1"/></net>

<net id="662"><net_src comp="636" pin="1"/><net_sink comp="657" pin=0"/></net>

<net id="663"><net_src comp="170" pin="3"/><net_sink comp="657" pin=1"/></net>

<net id="664"><net_src comp="176" pin="3"/><net_sink comp="657" pin=2"/></net>

<net id="665"><net_src comp="657" pin="3"/><net_sink comp="345" pin=1"/></net>

<net id="671"><net_src comp="636" pin="1"/><net_sink comp="666" pin=0"/></net>

<net id="672"><net_src comp="196" pin="3"/><net_sink comp="666" pin=1"/></net>

<net id="673"><net_src comp="202" pin="3"/><net_sink comp="666" pin=2"/></net>

<net id="674"><net_src comp="666" pin="3"/><net_sink comp="358" pin=1"/></net>

<net id="680"><net_src comp="636" pin="1"/><net_sink comp="675" pin=0"/></net>

<net id="681"><net_src comp="222" pin="3"/><net_sink comp="675" pin=1"/></net>

<net id="682"><net_src comp="228" pin="3"/><net_sink comp="675" pin=2"/></net>

<net id="683"><net_src comp="675" pin="3"/><net_sink comp="371" pin=1"/></net>

<net id="689"><net_src comp="636" pin="1"/><net_sink comp="684" pin=0"/></net>

<net id="690"><net_src comp="248" pin="3"/><net_sink comp="684" pin=1"/></net>

<net id="691"><net_src comp="254" pin="3"/><net_sink comp="684" pin=2"/></net>

<net id="692"><net_src comp="684" pin="3"/><net_sink comp="384" pin=1"/></net>

<net id="698"><net_src comp="636" pin="1"/><net_sink comp="693" pin=0"/></net>

<net id="699"><net_src comp="274" pin="3"/><net_sink comp="693" pin=1"/></net>

<net id="700"><net_src comp="280" pin="3"/><net_sink comp="693" pin=2"/></net>

<net id="701"><net_src comp="693" pin="3"/><net_sink comp="397" pin=1"/></net>

<net id="707"><net_src comp="636" pin="1"/><net_sink comp="702" pin=0"/></net>

<net id="708"><net_src comp="300" pin="3"/><net_sink comp="702" pin=1"/></net>

<net id="709"><net_src comp="306" pin="3"/><net_sink comp="702" pin=2"/></net>

<net id="710"><net_src comp="702" pin="3"/><net_sink comp="410" pin=1"/></net>

<net id="714"><net_src comp="100" pin="1"/><net_sink comp="711" pin=0"/></net>

<net id="715"><net_src comp="711" pin="1"/><net_sink comp="416" pin=1"/></net>

<net id="716"><net_src comp="711" pin="1"/><net_sink comp="421" pin=0"/></net>

<net id="717"><net_src comp="711" pin="1"/><net_sink comp="620" pin=1"/></net>

<net id="721"><net_src comp="421" pin="1"/><net_sink comp="718" pin=0"/></net>

<net id="722"><net_src comp="718" pin="1"/><net_sink comp="625" pin=0"/></net>

<net id="723"><net_src comp="718" pin="1"/><net_sink comp="636" pin=0"/></net>

<net id="730"><net_src comp="104" pin="3"/><net_sink comp="727" pin=0"/></net>

<net id="731"><net_src comp="727" pin="1"/><net_sink comp="118" pin=0"/></net>

<net id="735"><net_src comp="111" pin="3"/><net_sink comp="732" pin=0"/></net>

<net id="736"><net_src comp="732" pin="1"/><net_sink comp="124" pin=0"/></net>

<net id="740"><net_src comp="130" pin="3"/><net_sink comp="737" pin=0"/></net>

<net id="741"><net_src comp="737" pin="1"/><net_sink comp="144" pin=0"/></net>

<net id="745"><net_src comp="137" pin="3"/><net_sink comp="742" pin=0"/></net>

<net id="746"><net_src comp="742" pin="1"/><net_sink comp="150" pin=0"/></net>

<net id="750"><net_src comp="156" pin="3"/><net_sink comp="747" pin=0"/></net>

<net id="751"><net_src comp="747" pin="1"/><net_sink comp="170" pin=0"/></net>

<net id="755"><net_src comp="163" pin="3"/><net_sink comp="752" pin=0"/></net>

<net id="756"><net_src comp="752" pin="1"/><net_sink comp="176" pin=0"/></net>

<net id="760"><net_src comp="182" pin="3"/><net_sink comp="757" pin=0"/></net>

<net id="761"><net_src comp="757" pin="1"/><net_sink comp="196" pin=0"/></net>

<net id="765"><net_src comp="189" pin="3"/><net_sink comp="762" pin=0"/></net>

<net id="766"><net_src comp="762" pin="1"/><net_sink comp="202" pin=0"/></net>

<net id="770"><net_src comp="208" pin="3"/><net_sink comp="767" pin=0"/></net>

<net id="771"><net_src comp="767" pin="1"/><net_sink comp="222" pin=0"/></net>

<net id="775"><net_src comp="215" pin="3"/><net_sink comp="772" pin=0"/></net>

<net id="776"><net_src comp="772" pin="1"/><net_sink comp="228" pin=0"/></net>

<net id="780"><net_src comp="234" pin="3"/><net_sink comp="777" pin=0"/></net>

<net id="781"><net_src comp="777" pin="1"/><net_sink comp="248" pin=0"/></net>

<net id="785"><net_src comp="241" pin="3"/><net_sink comp="782" pin=0"/></net>

<net id="786"><net_src comp="782" pin="1"/><net_sink comp="254" pin=0"/></net>

<net id="790"><net_src comp="260" pin="3"/><net_sink comp="787" pin=0"/></net>

<net id="791"><net_src comp="787" pin="1"/><net_sink comp="274" pin=0"/></net>

<net id="795"><net_src comp="267" pin="3"/><net_sink comp="792" pin=0"/></net>

<net id="796"><net_src comp="792" pin="1"/><net_sink comp="280" pin=0"/></net>

<net id="800"><net_src comp="286" pin="3"/><net_sink comp="797" pin=0"/></net>

<net id="801"><net_src comp="797" pin="1"/><net_sink comp="300" pin=0"/></net>

<net id="805"><net_src comp="293" pin="3"/><net_sink comp="802" pin=0"/></net>

<net id="806"><net_src comp="802" pin="1"/><net_sink comp="306" pin=0"/></net>

</net_list>

</model> 
---------------- Datapath Model END ------------------

* FSMD analyzer results:
  - Output states:
	Port: out_ref_reference_heading_error | {2 }
	Port: out_ref_reference_lateral_error | {2 }
	Port: out_ref_reference_velocity | {2 }
	Port: out_ref_reference_lateral_velocity | {2 }
	Port: out_ref_reference_yaw_rate | {2 }
	Port: out_ref_path_curvature | {2 }
	Port: out_ref_left_wall_bound | {2 }
	Port: out_ref_right_wall_bound | {2 }
 - Input state : 
	Port: (anonymous namespace)fill_mpc_reference_trajectory_from_lane_words : lane_words_0 | {1 2 }
	Port: (anonymous namespace)fill_mpc_reference_trajectory_from_lane_words : lane_words_1 | {1 2 }
	Port: (anonymous namespace)fill_mpc_reference_trajectory_from_lane_words : lane_words_2 | {1 2 }
	Port: (anonymous namespace)fill_mpc_reference_trajectory_from_lane_words : lane_words_3 | {1 2 }
	Port: (anonymous namespace)fill_mpc_reference_trajectory_from_lane_words : lane_words_4 | {1 2 }
	Port: (anonymous namespace)fill_mpc_reference_trajectory_from_lane_words : lane_words_5 | {1 2 }
	Port: (anonymous namespace)fill_mpc_reference_trajectory_from_lane_words : lane_words_6 | {1 2 }
	Port: (anonymous namespace)fill_mpc_reference_trajectory_from_lane_words : lane_words_7 | {1 2 }
	Port: (anonymous namespace)fill_mpc_reference_trajectory_from_lane_words : lane_words_8 | {1 2 }
	Port: (anonymous namespace)fill_mpc_reference_trajectory_from_lane_words : lane_words_9 | {1 2 }
	Port: (anonymous namespace)fill_mpc_reference_trajectory_from_lane_words : lane_words_10 | {1 2 }
	Port: (anonymous namespace)fill_mpc_reference_trajectory_from_lane_words : lane_words_11 | {1 2 }
	Port: (anonymous namespace)fill_mpc_reference_trajectory_from_lane_words : lane_words_12 | {1 2 }
	Port: (anonymous namespace)fill_mpc_reference_trajectory_from_lane_words : lane_words_13 | {1 2 }
	Port: (anonymous namespace)fill_mpc_reference_trajectory_from_lane_words : lane_words_14 | {1 2 }
	Port: (anonymous namespace)fill_mpc_reference_trajectory_from_lane_words : lane_words_15 | {1 2 }
  - Chain level:
	State 1
		store_ln187 : 1
		k_18 : 1
		icmp_ln187 : 2
		add_ln187 : 2
		br_ln187 : 3
		shl_ln : 2
		add_ln192 : 3
		lshr_ln : 4
		zext_ln192 : 5
		lane_words_0_addr : 6
		lane_words_8_addr : 6
		lane_words_0_load : 7
		lane_words_8_load : 7
		add_ln194 : 3
		lshr_ln1 : 4
		zext_ln194 : 5
		lane_words_1_addr : 6
		lane_words_9_addr : 6
		lane_words_1_load : 7
		lane_words_9_load : 7
		add_ln196 : 3
		lshr_ln2 : 4
		zext_ln196 : 5
		lane_words_2_addr : 6
		lane_words_10_addr : 6
		lane_words_2_load : 7
		lane_words_10_load : 7
		add_ln198 : 3
		lshr_ln3 : 4
		zext_ln198 : 5
		lane_words_3_addr : 6
		lane_words_11_addr : 6
		lane_words_3_load : 7
		lane_words_11_load : 7
		add_ln200 : 3
		lshr_ln4 : 4
		zext_ln200 : 5
		lane_words_4_addr : 6
		lane_words_12_addr : 6
		lane_words_4_load : 7
		lane_words_12_load : 7
		add_ln202 : 3
		lshr_ln5 : 4
		zext_ln202 : 5
		lane_words_5_addr : 6
		lane_words_13_addr : 6
		lane_words_5_load : 7
		lane_words_13_load : 7
		add_ln204 : 3
		lshr_ln6 : 4
		zext_ln204 : 5
		lane_words_6_addr : 6
		lane_words_14_addr : 6
		lane_words_6_load : 7
		lane_words_14_load : 7
		add_ln206 : 3
		lshr_ln7 : 4
		zext_ln206 : 5
		lane_words_7_addr : 6
		lane_words_15_addr : 6
		lane_words_7_load : 7
		lane_words_15_load : 7
		store_ln187 : 3
	State 2
		out : 1
		out_ref_reference_lateral_error_addr : 1
		store_ln191 : 2
		out_306 : 1
		out_ref_reference_heading_error_addr : 1
		store_ln193 : 2
		out_307 : 1
		out_ref_reference_velocity_addr : 1
		store_ln195 : 2
		out_308 : 1
		out_ref_reference_lateral_velocity_addr : 1
		store_ln197 : 2
		out_309 : 1
		out_ref_reference_yaw_rate_addr : 1
		store_ln199 : 2
		out_310 : 1
		out_ref_path_curvature_addr : 1
		store_ln201 : 2
		out_311 : 1
		out_ref_left_wall_bound_addr : 1
		store_ln203 : 2
		out_312 : 1
		out_ref_right_wall_bound_addr : 1
		store_ln205 : 2


============================================================
+ Verbose Summary: Datapath Resource usage 
============================================================

* Functional unit list:
|----------|--------------------|---------|---------|
| Operation|   Functional Unit  |    FF   |   LUT   |
|----------|--------------------|---------|---------|
|          |     out_fu_639     |    0    |    32   |
|          |   out_306_fu_648   |    0    |    32   |
|          |   out_307_fu_657   |    0    |    32   |
|  select  |   out_308_fu_666   |    0    |    32   |
|          |   out_309_fu_675   |    0    |    32   |
|          |   out_310_fu_684   |    0    |    32   |
|          |   out_311_fu_693   |    0    |    32   |
|          |   out_312_fu_702   |    0    |    32   |
|----------|--------------------|---------|---------|
|          |  add_ln187_fu_430  |    0    |    12   |
|          |  add_ln192_fu_444  |    0    |    15   |
|          |  add_ln194_fu_466  |    0    |    15   |
|          |  add_ln196_fu_488  |    0    |    15   |
|    add   |  add_ln198_fu_510  |    0    |    15   |
|          |  add_ln200_fu_532  |    0    |    15   |
|          |  add_ln202_fu_554  |    0    |    15   |
|          |  add_ln204_fu_576  |    0    |    15   |
|          |  add_ln206_fu_598  |    0    |    15   |
|----------|--------------------|---------|---------|
|   icmp   |  icmp_ln187_fu_424 |    0    |    12   |
|----------|--------------------|---------|---------|
|bitconcatenate|    shl_ln_fu_436   |    0    |    0    |
|----------|--------------------|---------|---------|
|          |   lshr_ln_fu_450   |    0    |    0    |
|          |   lshr_ln1_fu_472  |    0    |    0    |
|          |   lshr_ln2_fu_494  |    0    |    0    |
|partselect|   lshr_ln3_fu_516  |    0    |    0    |
|          |   lshr_ln4_fu_538  |    0    |    0    |
|          |   lshr_ln5_fu_560  |    0    |    0    |
|          |   lshr_ln6_fu_582  |    0    |    0    |
|          |   lshr_ln7_fu_604  |    0    |    0    |
|----------|--------------------|---------|---------|
|          |  zext_ln192_fu_460 |    0    |    0    |
|          |  zext_ln194_fu_482 |    0    |    0    |
|          |  zext_ln196_fu_504 |    0    |    0    |
|          |  zext_ln198_fu_526 |    0    |    0    |
|   zext   |  zext_ln200_fu_548 |    0    |    0    |
|          |  zext_ln202_fu_570 |    0    |    0    |
|          |  zext_ln204_fu_592 |    0    |    0    |
|          |  zext_ln206_fu_614 |    0    |    0    |
|          |  zext_ln187_fu_625 |    0    |    0    |
|----------|--------------------|---------|---------|
|   trunc  | trunc_ln187_fu_636 |    0    |    0    |
|----------|--------------------|---------|---------|
|   Total  |                    |    0    |   400   |
|----------|--------------------|---------|---------|

Memories:
N/A

* Register list:
+--------------------------+--------+
|                          |   FF   |
+--------------------------+--------+
|       k_18_reg_718       |    5   |
|         k_reg_711        |    5   |
| lane_words_0_addr_reg_727|    4   |
|lane_words_10_addr_reg_752|    4   |
|lane_words_11_addr_reg_762|    4   |
|lane_words_12_addr_reg_772|    4   |
|lane_words_13_addr_reg_782|    4   |
|lane_words_14_addr_reg_792|    4   |
|lane_words_15_addr_reg_802|    4   |
| lane_words_1_addr_reg_737|    4   |
| lane_words_2_addr_reg_747|    4   |
| lane_words_3_addr_reg_757|    4   |
| lane_words_4_addr_reg_767|    4   |
| lane_words_5_addr_reg_777|    4   |
| lane_words_6_addr_reg_787|    4   |
| lane_words_7_addr_reg_797|    4   |
| lane_words_8_addr_reg_732|    4   |
| lane_words_9_addr_reg_742|    4   |
+--------------------------+--------+
|           Total          |   74   |
+--------------------------+--------+

* Multiplexer (MUX) list: 
|-------------------|------|------|------|--------||---------||---------||---------|
|        Comp       |  Pin | Size |  BW  | S x BW ||  Delay  ||    FF   ||   LUT   |
|-------------------|------|------|------|--------||---------||---------||---------|
| grp_access_fu_118 |  p0  |   2  |   4  |    8   ||    0    ||    9    |
| grp_access_fu_124 |  p0  |   2  |   4  |    8   ||    0    ||    9    |
| grp_access_fu_144 |  p0  |   2  |   4  |    8   ||    0    ||    9    |
| grp_access_fu_150 |  p0  |   2  |   4  |    8   ||    0    ||    9    |
| grp_access_fu_170 |  p0  |   2  |   4  |    8   ||    0    ||    9    |
| grp_access_fu_176 |  p0  |   2  |   4  |    8   ||    0    ||    9    |
| grp_access_fu_196 |  p0  |   2  |   4  |    8   ||    0    ||    9    |
| grp_access_fu_202 |  p0  |   2  |   4  |    8   ||    0    ||    9    |
| grp_access_fu_222 |  p0  |   2  |   4  |    8   ||    0    ||    9    |
| grp_access_fu_228 |  p0  |   2  |   4  |    8   ||    0    ||    9    |
| grp_access_fu_248 |  p0  |   2  |   4  |    8   ||    0    ||    9    |
| grp_access_fu_254 |  p0  |   2  |   4  |    8   ||    0    ||    9    |
| grp_access_fu_274 |  p0  |   2  |   4  |    8   ||    0    ||    9    |
| grp_access_fu_280 |  p0  |   2  |   4  |    8   ||    0    ||    9    |
| grp_access_fu_300 |  p0  |   2  |   4  |    8   ||    0    ||    9    |
| grp_access_fu_306 |  p0  |   2  |   4  |    8   ||    0    ||    9    |
|-------------------|------|------|------|--------||---------||---------||---------|
|       Total       |      |      |      |   128  ||  6.832  ||    0    ||   144   |
|-------------------|------|------|------|--------||---------||---------||---------|



* Summary:
+-----------+--------+--------+--------+
|           |  Delay |   FF   |   LUT  |
+-----------+--------+--------+--------+
|  Function |    -   |    0   |   400  |
|   Memory  |    -   |    -   |    -   |
|Multiplexer|    6   |    0   |   144  |
|  Register |    -   |   74   |    -   |
+-----------+--------+--------+--------+
|   Total   |    6   |   74   |   544  |
+-----------+--------+--------+--------+
