

================================================================
== Vitis HLS Report for 'riccati_backward_pass_Pipeline_VITIS_LOOP_750_9'
================================================================
* Date:           Thu May 21 15:23:05 2026

* Version:        2025.2 (Build 6295257 on Nov 14 2025)
* Project:        mpc_fpga_top_opencl
* Solution:       hls (Vitis Kernel Flow Target)
* Product family: zynquplus
* Target device:  xck26-sfvc784-2LV-c


================================================================
== Performance Estimates
================================================================
+ Timing: 
    * Summary: 
    +--------+---------+----------+------------+
    |  Clock |  Target | Estimated| Uncertainty|
    +--------+---------+----------+------------+
    |ap_clk  |  5.00 ns|  3.730 ns|     0.50 ns|
    +--------+---------+----------+------------+

+ Latency: 
    * Summary: 
    +---------+---------+-----------+-----------+-----+-----+-------------------+
    |  Latency (cycles) |   Latency (absolute)  |  Interval |      Pipeline     |
    |   min   |   max   |    min    |    max    | min | max |        Type       |
    +---------+---------+-----------+-----------+-----+-----+-------------------+
    |       12|       12|  60.000 ns|  60.000 ns|    0|    0|  loop pipeline stp|
    +---------+---------+-----------+-----------+-----+-----+-------------------+

    + Detail: 
        * Instance: 
        N/A

        * Loop: 
        +--------------------+---------+---------+----------+-----------+-----------+------+----------+
        |                    |  Latency (cycles) | Iteration|  Initiation Interval  | Trip |          |
        |      Loop Name     |   min   |   max   |  Latency |  achieved |   target  | Count| Pipelined|
        +--------------------+---------+---------+----------+-----------+-----------+------+----------+
        |- VITIS_LOOP_750_9  |       10|       10|         4|          1|          1|     8|       yes|
        +--------------------+---------+---------+----------+-----------+-----------+------+----------+

============================================================
+ Verbose Summary: Synthesis Manager
============================================================
InlineROM: 1
ExposeGlobal: 0
============================================================
+ Verbose Summary: CDFG Model
============================================================
IsTopModel: 0
ResetActiveHigh: 1
IsCombinational: 0
IsDatapathOnly: 0
HasWiredReturn: 1
HasMFsm: 2
HasVarLatency: 1
IsPipeline: 0
IsRtlPipelined: 0
IsInstanceOverlapped: 0
IsDontTouch: 0
HasImplIP: 0
IsGatedGlobalClock: 0

+ Individual pipeline summary: 
  * Pipeline-0: initiation interval (II) = 1, depth = 4


============================================================
+ Verbose Summary: Schedule
============================================================
* Number of FSM states : 4
* Pipeline : 1
  Pipeline-0 : II = 1, D = 4, States = { 1 2 3 4 }
* Dataflow Pipeline: 0

* FSM state transitions: 
1 --> 2 
2 --> 3 
3 --> 4 
4 --> 

* FSM state operations: 

State 1 <SV = 0> <Delay = 3.43>
ST_1 : Operation 7 [1/1] (0.00ns)   --->   "%j = alloca i32 1" [../src/riccati_solver_hls.cpp:475]   --->   Operation 7 'alloca' 'j' <Predicate = true> <Delay = 0.00>
ST_1 : Operation 8 [1/1] (0.00ns)   --->   "%tmp = read i2 @_ssdm_op_Read.ap_auto.i2, i2 %empty"   --->   Operation 8 'read' 'tmp' <Predicate = true> <Delay = 0.00>
ST_1 : Operation 9 [1/1] (0.00ns)   --->   "%sext_ln760_read = read i32 @_ssdm_op_Read.ap_auto.i32, i32 %sext_ln760"   --->   Operation 9 'read' 'sext_ln760_read' <Predicate = true> <Delay = 0.00>
ST_1 : Operation 10 [1/1] (0.00ns)   --->   "%sext_ln283_2_read = read i32 @_ssdm_op_Read.ap_auto.i32, i32 %sext_ln283_2"   --->   Operation 10 'read' 'sext_ln283_2_read' <Predicate = true> <Delay = 0.00>
ST_1 : Operation 11 [1/1] (0.00ns)   --->   "%sext_ln283_1_read = read i32 @_ssdm_op_Read.ap_auto.i32, i32 %sext_ln283_1"   --->   Operation 11 'read' 'sext_ln283_1_read' <Predicate = true> <Delay = 0.00>
ST_1 : Operation 12 [1/1] (0.00ns)   --->   "%G_2_reload_read = read i34 @_ssdm_op_Read.ap_auto.i34, i34 %G_2_reload"   --->   Operation 12 'read' 'G_2_reload_read' <Predicate = true> <Delay = 0.00>
ST_1 : Operation 13 [1/1] (0.00ns)   --->   "%G_3_reload_read = read i34 @_ssdm_op_Read.ap_auto.i34, i34 %G_3_reload"   --->   Operation 13 'read' 'G_3_reload_read' <Predicate = true> <Delay = 0.00>
ST_1 : Operation 14 [1/1] (0.00ns)   --->   "%G_4_reload_read = read i34 @_ssdm_op_Read.ap_auto.i34, i34 %G_4_reload"   --->   Operation 14 'read' 'G_4_reload_read' <Predicate = true> <Delay = 0.00>
ST_1 : Operation 15 [1/1] (0.00ns)   --->   "%G_5_reload_read = read i34 @_ssdm_op_Read.ap_auto.i34, i34 %G_5_reload"   --->   Operation 15 'read' 'G_5_reload_read' <Predicate = true> <Delay = 0.00>
ST_1 : Operation 16 [1/1] (0.00ns)   --->   "%G_6_reload_read = read i34 @_ssdm_op_Read.ap_auto.i34, i34 %G_6_reload"   --->   Operation 16 'read' 'G_6_reload_read' <Predicate = true> <Delay = 0.00>
ST_1 : Operation 17 [1/1] (0.00ns)   --->   "%G_7_reload_read = read i34 @_ssdm_op_Read.ap_auto.i34, i34 %G_7_reload"   --->   Operation 17 'read' 'G_7_reload_read' <Predicate = true> <Delay = 0.00>
ST_1 : Operation 18 [1/1] (0.00ns)   --->   "%sext_ln283_read = read i32 @_ssdm_op_Read.ap_auto.i32, i32 %sext_ln283"   --->   Operation 18 'read' 'sext_ln283_read' <Predicate = true> <Delay = 0.00>
ST_1 : Operation 19 [1/1] (0.00ns)   --->   "%select_ln723_read = read i23 @_ssdm_op_Read.ap_auto.i23, i23 %select_ln723"   --->   Operation 19 'read' 'select_ln723_read' <Predicate = true> <Delay = 0.00>
ST_1 : Operation 20 [1/1] (0.00ns)   --->   "%G_8_reload_read = read i34 @_ssdm_op_Read.ap_auto.i34, i34 %G_8_reload"   --->   Operation 20 'read' 'G_8_reload_read' <Predicate = true> <Delay = 0.00>
ST_1 : Operation 21 [1/1] (0.00ns)   --->   "%G_9_reload_read = read i34 @_ssdm_op_Read.ap_auto.i34, i34 %G_9_reload"   --->   Operation 21 'read' 'G_9_reload_read' <Predicate = true> <Delay = 0.00>
ST_1 : Operation 22 [1/1] (0.00ns)   --->   "%G_10_reload_read = read i34 @_ssdm_op_Read.ap_auto.i34, i34 %G_10_reload"   --->   Operation 22 'read' 'G_10_reload_read' <Predicate = true> <Delay = 0.00>
ST_1 : Operation 23 [1/1] (0.00ns)   --->   "%G_13_reload_read = read i34 @_ssdm_op_Read.ap_auto.i34, i34 %G_13_reload"   --->   Operation 23 'read' 'G_13_reload_read' <Predicate = true> <Delay = 0.00>
ST_1 : Operation 24 [1/1] (0.00ns)   --->   "%G_12_reload_read = read i34 @_ssdm_op_Read.ap_auto.i34, i34 %G_12_reload"   --->   Operation 24 'read' 'G_12_reload_read' <Predicate = true> <Delay = 0.00>
ST_1 : Operation 25 [1/1] (0.00ns)   --->   "%G_11_reload_read = read i34 @_ssdm_op_Read.ap_auto.i34, i34 %G_11_reload"   --->   Operation 25 'read' 'G_11_reload_read' <Predicate = true> <Delay = 0.00>
ST_1 : Operation 26 [1/1] (0.00ns)   --->   "%zext_ln475_read = read i3 @_ssdm_op_Read.ap_auto.i3, i3 %zext_ln475"   --->   Operation 26 'read' 'zext_ln475_read' <Predicate = true> <Delay = 0.00>
ST_1 : Operation 27 [1/1] (0.00ns)   --->   "%sext_ln760_cast = sext i32 %sext_ln760_read"   --->   Operation 27 'sext' 'sext_ln760_cast' <Predicate = true> <Delay = 0.00>
ST_1 : Operation 28 [1/1] (0.00ns)   --->   "%sext_ln283_2_cast = sext i32 %sext_ln283_2_read"   --->   Operation 28 'sext' 'sext_ln283_2_cast' <Predicate = true> <Delay = 0.00>
ST_1 : Operation 29 [1/1] (0.00ns)   --->   "%sext_ln283_1_cast = sext i32 %sext_ln283_1_read"   --->   Operation 29 'sext' 'sext_ln283_1_cast' <Predicate = true> <Delay = 0.00>
ST_1 : Operation 30 [1/1] (0.00ns)   --->   "%sext_ln283_cast = sext i32 %sext_ln283_read"   --->   Operation 30 'sext' 'sext_ln283_cast' <Predicate = true> <Delay = 0.00>
ST_1 : Operation 31 [1/1] (0.00ns)   --->   "%select_ln723_cast = sext i23 %select_ln723_read"   --->   Operation 31 'sext' 'select_ln723_cast' <Predicate = true> <Delay = 0.00>
ST_1 : Operation 32 [1/1] (0.00ns)   --->   "%zext_ln475_cast = zext i3 %zext_ln475_read"   --->   Operation 32 'zext' 'zext_ln475_cast' <Predicate = true> <Delay = 0.00>
ST_1 : Operation 33 [1/1] (0.42ns)   --->   "%store_ln475 = store i4 0, i4 %j" [../src/riccati_solver_hls.cpp:475]   --->   Operation 33 'store' 'store_ln475' <Predicate = true> <Delay = 0.42>
ST_1 : Operation 34 [1/1] (0.00ns)   --->   "%br_ln0 = br void %for.inc742"   --->   Operation 34 'br' 'br_ln0' <Predicate = true> <Delay = 0.00>
ST_1 : Operation 35 [1/1] (0.00ns)   --->   "%j_1 = load i4 %j" [../src/riccati_solver_hls.cpp:750]   --->   Operation 35 'load' 'j_1' <Predicate = true> <Delay = 0.00>
ST_1 : Operation 36 [1/1] (0.79ns)   --->   "%icmp_ln750 = icmp_eq  i4 %j_1, i4 8" [../src/riccati_solver_hls.cpp:750]   --->   Operation 36 'icmp' 'icmp_ln750' <Predicate = true> <Delay = 0.79> <CoreInst = "Cmp">   --->   Core 9 'Cmp' <Latency = 0> <II = 1> <Delay = 0.79> <FuncUnit> <Opcode : 'seteq' 'setne' 'setle' 'setge' 'setlt' 'setgt'> <InPorts = 2> <OutPorts = 1>
ST_1 : Operation 37 [1/1] (0.79ns)   --->   "%add_ln750 = add i4 %j_1, i4 1" [../src/riccati_solver_hls.cpp:750]   --->   Operation 37 'add' 'add_ln750' <Predicate = true> <Delay = 0.79> <CoreInst = "Adder">   --->   Core 1 'Adder' <Latency = 0> <II = 1> <Delay = 0.79> <FuncUnit> <Opcode : 'add' 'sub'> <InPorts = 2> <OutPorts = 1>
ST_1 : Operation 38 [1/1] (0.00ns)   --->   "%br_ln750 = br i1 %icmp_ln750, void %fpga_resource_hint.for.inc742.408, void %VITIS_LOOP_766_10.exitStub" [../src/riccati_solver_hls.cpp:750]   --->   Operation 38 'br' 'br_ln750' <Predicate = true> <Delay = 0.00>
ST_1 : Operation 39 [1/1] (0.00ns)   --->   "%trunc_ln750 = trunc i4 %j_1" [../src/riccati_solver_hls.cpp:750]   --->   Operation 39 'trunc' 'trunc_ln750' <Predicate = (!icmp_ln750)> <Delay = 0.00>
ST_1 : Operation 40 [1/1] (0.72ns)   --->   "%b = sparsemux i34 @_ssdm_op_SparseMux.ap_auto.8i34.i34.i3, i3 0, i34 %G_11_reload_read, i3 1, i34 %G_12_reload_read, i3 2, i34 %G_13_reload_read, i3 3, i34 %G_10_reload_read, i3 4, i34 %G_9_reload_read, i3 5, i34 %G_8_reload_read, i3 6, i34 %select_ln723_cast, i3 7, i34 0, i34 0, i3 %trunc_ln750" [../src/riccati_solver_hls.cpp:750]   --->   Operation 40 'sparsemux' 'b' <Predicate = (!icmp_ln750)> <Delay = 0.72> <CoreInst = "BinarySparseMux_DontCare">   --->   Core 149 'BinarySparseMux_DontCare' <Latency = 0> <II = 1> <Delay = 0.72> <FuncUnit> <Opcode : 'sparsemux'> <InPorts = 2> <OutPorts = 1>
ST_1 : Operation 41 [1/1] (0.00ns)   --->   "%sext_ln283_3 = sext i34 %b" [../src/fp_math_hls.cpp:283->../src/riccati_solver_hls.cpp:753]   --->   Operation 41 'sext' 'sext_ln283_3' <Predicate = (!icmp_ln750)> <Delay = 0.00>
ST_1 : Operation 42 [4/4] (2.29ns)   --->   "%mul_ln753 = mul i44 %sext_ln283_3, i44 %sext_ln283_cast" [../src/riccati_solver_hls.cpp:753]   --->   Operation 42 'mul' 'mul_ln753' <Predicate = (!icmp_ln750)> <Delay = 2.29> <CoreInst = "Mul_DSP">   --->   Core 5 'Mul_DSP' <Latency = 3> <II = 1> <Delay = 2.29> <FuncUnit> <Opcode : 'mul'> <InPorts = 2> <OutPorts = 1>
ST_1 : Operation 43 [1/1] (0.72ns)   --->   "%b_13 = sparsemux i34 @_ssdm_op_SparseMux.ap_auto.8i34.i34.i3, i3 0, i34 %G_7_reload_read, i3 1, i34 %G_6_reload_read, i3 2, i34 %G_5_reload_read, i3 3, i34 %G_4_reload_read, i3 4, i34 %G_3_reload_read, i3 5, i34 %G_2_reload_read, i3 6, i34 0, i3 7, i34 %select_ln723_cast, i34 0, i3 %trunc_ln750" [../src/riccati_solver_hls.cpp:750]   --->   Operation 43 'sparsemux' 'b_13' <Predicate = (!icmp_ln750)> <Delay = 0.72> <CoreInst = "BinarySparseMux_DontCare">   --->   Core 149 'BinarySparseMux_DontCare' <Latency = 0> <II = 1> <Delay = 0.72> <FuncUnit> <Opcode : 'sparsemux'> <InPorts = 2> <OutPorts = 1>
ST_1 : Operation 44 [1/1] (0.00ns)   --->   "%sext_ln283_4 = sext i34 %b_13" [../src/fp_math_hls.cpp:283->../src/riccati_solver_hls.cpp:754]   --->   Operation 44 'sext' 'sext_ln283_4' <Predicate = (!icmp_ln750)> <Delay = 0.00>
ST_1 : Operation 45 [4/4] (2.29ns)   --->   "%mul_ln754 = mul i44 %sext_ln283_4, i44 %sext_ln283_1_cast" [../src/riccati_solver_hls.cpp:754]   --->   Operation 45 'mul' 'mul_ln754' <Predicate = (!icmp_ln750)> <Delay = 2.29> <CoreInst = "Mul_DSP">   --->   Core 5 'Mul_DSP' <Latency = 3> <II = 1> <Delay = 2.29> <FuncUnit> <Opcode : 'mul'> <InPorts = 2> <OutPorts = 1>
ST_1 : Operation 46 [4/4] (2.29ns)   --->   "%mul_ln756 = mul i44 %sext_ln283_3, i44 %sext_ln283_2_cast" [../src/riccati_solver_hls.cpp:756]   --->   Operation 46 'mul' 'mul_ln756' <Predicate = (!icmp_ln750)> <Delay = 2.29> <CoreInst = "Mul_DSP">   --->   Core 5 'Mul_DSP' <Latency = 3> <II = 1> <Delay = 2.29> <FuncUnit> <Opcode : 'mul'> <InPorts = 2> <OutPorts = 1>
ST_1 : Operation 47 [4/4] (2.29ns)   --->   "%mul_ln757 = mul i44 %sext_ln283_4, i44 %sext_ln760_cast" [../src/riccati_solver_hls.cpp:757]   --->   Operation 47 'mul' 'mul_ln757' <Predicate = (!icmp_ln750)> <Delay = 2.29> <CoreInst = "Mul_DSP">   --->   Core 5 'Mul_DSP' <Latency = 3> <II = 1> <Delay = 2.29> <FuncUnit> <Opcode : 'mul'> <InPorts = 2> <OutPorts = 1>
ST_1 : Operation 48 [1/1] (0.54ns)   --->   "%switch_ln760 = switch i2 %tmp, void %arrayidx733836108.case.3, i2 0, void %arrayidx733836108.case.0, i2 1, void %arrayidx733836108.case.1, i2 2, void %arrayidx733836108.case.2" [../src/riccati_solver_hls.cpp:760]   --->   Operation 48 'switch' 'switch_ln760' <Predicate = (!icmp_ln750)> <Delay = 0.54>
ST_1 : Operation 49 [1/1] (0.67ns)   --->   "%switch_ln760 = switch i3 %trunc_ln750, void %arrayidx741838110.case.762, i3 0, void %arrayidx741838110.case.055, i3 1, void %arrayidx741838110.case.156, i3 2, void %arrayidx741838110.case.257, i3 3, void %arrayidx741838110.case.358, i3 4, void %arrayidx741838110.case.459, i3 5, void %arrayidx741838110.case.560, i3 6, void %arrayidx741838110.case.661" [../src/riccati_solver_hls.cpp:760]   --->   Operation 49 'switch' 'switch_ln760' <Predicate = (!icmp_ln750 & tmp == 2)> <Delay = 0.67>
ST_1 : Operation 50 [1/1] (0.67ns)   --->   "%switch_ln760 = switch i3 %trunc_ln750, void %arrayidx741838110.case.752, i3 0, void %arrayidx741838110.case.045, i3 1, void %arrayidx741838110.case.146, i3 2, void %arrayidx741838110.case.247, i3 3, void %arrayidx741838110.case.348, i3 4, void %arrayidx741838110.case.449, i3 5, void %arrayidx741838110.case.550, i3 6, void %arrayidx741838110.case.651" [../src/riccati_solver_hls.cpp:760]   --->   Operation 50 'switch' 'switch_ln760' <Predicate = (!icmp_ln750 & tmp == 1)> <Delay = 0.67>
ST_1 : Operation 51 [1/1] (0.67ns)   --->   "%switch_ln760 = switch i3 %trunc_ln750, void %arrayidx741838110.case.7, i3 0, void %arrayidx741838110.case.039, i3 1, void %arrayidx741838110.case.140, i3 2, void %arrayidx741838110.case.241, i3 3, void %arrayidx741838110.case.342, i3 4, void %arrayidx741838110.case.4, i3 5, void %arrayidx741838110.case.5, i3 6, void %arrayidx741838110.case.6" [../src/riccati_solver_hls.cpp:760]   --->   Operation 51 'switch' 'switch_ln760' <Predicate = (!icmp_ln750 & tmp == 0)> <Delay = 0.67>
ST_1 : Operation 52 [1/1] (0.67ns)   --->   "%switch_ln760 = switch i3 %trunc_ln750, void %arrayidx741838110.case.772, i3 0, void %arrayidx741838110.case.065, i3 1, void %arrayidx741838110.case.166, i3 2, void %arrayidx741838110.case.267, i3 3, void %arrayidx741838110.case.368, i3 4, void %arrayidx741838110.case.469, i3 5, void %arrayidx741838110.case.570, i3 6, void %arrayidx741838110.case.671" [../src/riccati_solver_hls.cpp:760]   --->   Operation 52 'switch' 'switch_ln760' <Predicate = (!icmp_ln750 & tmp == 3)> <Delay = 0.67>
ST_1 : Operation 53 [1/1] (0.42ns)   --->   "%store_ln475 = store i4 %add_ln750, i4 %j" [../src/riccati_solver_hls.cpp:475]   --->   Operation 53 'store' 'store_ln475' <Predicate = (!icmp_ln750)> <Delay = 0.42>
ST_1 : Operation 54 [1/1] (0.00ns)   --->   "%br_ln750 = br void %for.inc742" [../src/riccati_solver_hls.cpp:750]   --->   Operation 54 'br' 'br_ln750' <Predicate = (!icmp_ln750)> <Delay = 0.00>

State 2 <SV = 1> <Delay = 2.29>
ST_2 : Operation 55 [3/4] (2.29ns)   --->   "%mul_ln753 = mul i44 %sext_ln283_3, i44 %sext_ln283_cast" [../src/riccati_solver_hls.cpp:753]   --->   Operation 55 'mul' 'mul_ln753' <Predicate = true> <Delay = 2.29> <CoreInst = "Mul_DSP">   --->   Core 5 'Mul_DSP' <Latency = 3> <II = 1> <Delay = 2.29> <FuncUnit> <Opcode : 'mul'> <InPorts = 2> <OutPorts = 1>
ST_2 : Operation 56 [3/4] (2.29ns)   --->   "%mul_ln754 = mul i44 %sext_ln283_4, i44 %sext_ln283_1_cast" [../src/riccati_solver_hls.cpp:754]   --->   Operation 56 'mul' 'mul_ln754' <Predicate = true> <Delay = 2.29> <CoreInst = "Mul_DSP">   --->   Core 5 'Mul_DSP' <Latency = 3> <II = 1> <Delay = 2.29> <FuncUnit> <Opcode : 'mul'> <InPorts = 2> <OutPorts = 1>
ST_2 : Operation 57 [3/4] (2.29ns)   --->   "%mul_ln756 = mul i44 %sext_ln283_3, i44 %sext_ln283_2_cast" [../src/riccati_solver_hls.cpp:756]   --->   Operation 57 'mul' 'mul_ln756' <Predicate = true> <Delay = 2.29> <CoreInst = "Mul_DSP">   --->   Core 5 'Mul_DSP' <Latency = 3> <II = 1> <Delay = 2.29> <FuncUnit> <Opcode : 'mul'> <InPorts = 2> <OutPorts = 1>
ST_2 : Operation 58 [3/4] (2.29ns)   --->   "%mul_ln757 = mul i44 %sext_ln283_4, i44 %sext_ln760_cast" [../src/riccati_solver_hls.cpp:757]   --->   Operation 58 'mul' 'mul_ln757' <Predicate = true> <Delay = 2.29> <CoreInst = "Mul_DSP">   --->   Core 5 'Mul_DSP' <Latency = 3> <II = 1> <Delay = 2.29> <FuncUnit> <Opcode : 'mul'> <InPorts = 2> <OutPorts = 1>

State 3 <SV = 2> <Delay = 2.29>
ST_3 : Operation 59 [2/4] (2.29ns)   --->   "%mul_ln753 = mul i44 %sext_ln283_3, i44 %sext_ln283_cast" [../src/riccati_solver_hls.cpp:753]   --->   Operation 59 'mul' 'mul_ln753' <Predicate = true> <Delay = 2.29> <CoreInst = "Mul_DSP">   --->   Core 5 'Mul_DSP' <Latency = 3> <II = 1> <Delay = 2.29> <FuncUnit> <Opcode : 'mul'> <InPorts = 2> <OutPorts = 1>
ST_3 : Operation 60 [2/4] (2.29ns)   --->   "%mul_ln754 = mul i44 %sext_ln283_4, i44 %sext_ln283_1_cast" [../src/riccati_solver_hls.cpp:754]   --->   Operation 60 'mul' 'mul_ln754' <Predicate = true> <Delay = 2.29> <CoreInst = "Mul_DSP">   --->   Core 5 'Mul_DSP' <Latency = 3> <II = 1> <Delay = 2.29> <FuncUnit> <Opcode : 'mul'> <InPorts = 2> <OutPorts = 1>
ST_3 : Operation 61 [2/4] (2.29ns)   --->   "%mul_ln756 = mul i44 %sext_ln283_3, i44 %sext_ln283_2_cast" [../src/riccati_solver_hls.cpp:756]   --->   Operation 61 'mul' 'mul_ln756' <Predicate = true> <Delay = 2.29> <CoreInst = "Mul_DSP">   --->   Core 5 'Mul_DSP' <Latency = 3> <II = 1> <Delay = 2.29> <FuncUnit> <Opcode : 'mul'> <InPorts = 2> <OutPorts = 1>
ST_3 : Operation 62 [2/4] (2.29ns)   --->   "%mul_ln757 = mul i44 %sext_ln283_4, i44 %sext_ln760_cast" [../src/riccati_solver_hls.cpp:757]   --->   Operation 62 'mul' 'mul_ln757' <Predicate = true> <Delay = 2.29> <CoreInst = "Mul_DSP">   --->   Core 5 'Mul_DSP' <Latency = 3> <II = 1> <Delay = 2.29> <FuncUnit> <Opcode : 'mul'> <InPorts = 2> <OutPorts = 1>
ST_3 : Operation 63 [1/1] (0.00ns)   --->   "%br_ln761 = br void %arrayidx741838110.exit54" [../src/riccati_solver_hls.cpp:761]   --->   Operation 63 'br' 'br_ln761' <Predicate = (tmp == 2 & trunc_ln750 == 6)> <Delay = 0.00>
ST_3 : Operation 64 [1/1] (0.00ns)   --->   "%br_ln761 = br void %arrayidx741838110.exit54" [../src/riccati_solver_hls.cpp:761]   --->   Operation 64 'br' 'br_ln761' <Predicate = (tmp == 2 & trunc_ln750 == 5)> <Delay = 0.00>
ST_3 : Operation 65 [1/1] (0.00ns)   --->   "%br_ln761 = br void %arrayidx741838110.exit54" [../src/riccati_solver_hls.cpp:761]   --->   Operation 65 'br' 'br_ln761' <Predicate = (tmp == 2 & trunc_ln750 == 4)> <Delay = 0.00>
ST_3 : Operation 66 [1/1] (0.00ns)   --->   "%br_ln761 = br void %arrayidx741838110.exit54" [../src/riccati_solver_hls.cpp:761]   --->   Operation 66 'br' 'br_ln761' <Predicate = (tmp == 2 & trunc_ln750 == 3)> <Delay = 0.00>
ST_3 : Operation 67 [1/1] (0.00ns)   --->   "%br_ln761 = br void %arrayidx741838110.exit54" [../src/riccati_solver_hls.cpp:761]   --->   Operation 67 'br' 'br_ln761' <Predicate = (tmp == 2 & trunc_ln750 == 2)> <Delay = 0.00>
ST_3 : Operation 68 [1/1] (0.00ns)   --->   "%br_ln761 = br void %arrayidx741838110.exit54" [../src/riccati_solver_hls.cpp:761]   --->   Operation 68 'br' 'br_ln761' <Predicate = (tmp == 2 & trunc_ln750 == 1)> <Delay = 0.00>
ST_3 : Operation 69 [1/1] (0.00ns)   --->   "%br_ln761 = br void %arrayidx741838110.exit54" [../src/riccati_solver_hls.cpp:761]   --->   Operation 69 'br' 'br_ln761' <Predicate = (tmp == 2 & trunc_ln750 == 0)> <Delay = 0.00>
ST_3 : Operation 70 [1/1] (0.00ns)   --->   "%br_ln761 = br void %arrayidx741838110.exit54" [../src/riccati_solver_hls.cpp:761]   --->   Operation 70 'br' 'br_ln761' <Predicate = (tmp == 2 & trunc_ln750 == 7)> <Delay = 0.00>
ST_3 : Operation 71 [1/1] (0.00ns)   --->   "%br_ln761 = br void %arrayidx741838110.exit44" [../src/riccati_solver_hls.cpp:761]   --->   Operation 71 'br' 'br_ln761' <Predicate = (tmp == 1 & trunc_ln750 == 6)> <Delay = 0.00>
ST_3 : Operation 72 [1/1] (0.00ns)   --->   "%br_ln761 = br void %arrayidx741838110.exit44" [../src/riccati_solver_hls.cpp:761]   --->   Operation 72 'br' 'br_ln761' <Predicate = (tmp == 1 & trunc_ln750 == 5)> <Delay = 0.00>
ST_3 : Operation 73 [1/1] (0.00ns)   --->   "%br_ln761 = br void %arrayidx741838110.exit44" [../src/riccati_solver_hls.cpp:761]   --->   Operation 73 'br' 'br_ln761' <Predicate = (tmp == 1 & trunc_ln750 == 4)> <Delay = 0.00>
ST_3 : Operation 74 [1/1] (0.00ns)   --->   "%br_ln761 = br void %arrayidx741838110.exit44" [../src/riccati_solver_hls.cpp:761]   --->   Operation 74 'br' 'br_ln761' <Predicate = (tmp == 1 & trunc_ln750 == 3)> <Delay = 0.00>
ST_3 : Operation 75 [1/1] (0.00ns)   --->   "%br_ln761 = br void %arrayidx741838110.exit44" [../src/riccati_solver_hls.cpp:761]   --->   Operation 75 'br' 'br_ln761' <Predicate = (tmp == 1 & trunc_ln750 == 2)> <Delay = 0.00>
ST_3 : Operation 76 [1/1] (0.00ns)   --->   "%br_ln761 = br void %arrayidx741838110.exit44" [../src/riccati_solver_hls.cpp:761]   --->   Operation 76 'br' 'br_ln761' <Predicate = (tmp == 1 & trunc_ln750 == 1)> <Delay = 0.00>
ST_3 : Operation 77 [1/1] (0.00ns)   --->   "%br_ln761 = br void %arrayidx741838110.exit44" [../src/riccati_solver_hls.cpp:761]   --->   Operation 77 'br' 'br_ln761' <Predicate = (tmp == 1 & trunc_ln750 == 0)> <Delay = 0.00>
ST_3 : Operation 78 [1/1] (0.00ns)   --->   "%br_ln761 = br void %arrayidx741838110.exit44" [../src/riccati_solver_hls.cpp:761]   --->   Operation 78 'br' 'br_ln761' <Predicate = (tmp == 1 & trunc_ln750 == 7)> <Delay = 0.00>
ST_3 : Operation 79 [1/1] (0.00ns)   --->   "%br_ln761 = br void %arrayidx741838110.exit38" [../src/riccati_solver_hls.cpp:761]   --->   Operation 79 'br' 'br_ln761' <Predicate = (tmp == 0 & trunc_ln750 == 6)> <Delay = 0.00>
ST_3 : Operation 80 [1/1] (0.00ns)   --->   "%br_ln761 = br void %arrayidx741838110.exit38" [../src/riccati_solver_hls.cpp:761]   --->   Operation 80 'br' 'br_ln761' <Predicate = (tmp == 0 & trunc_ln750 == 5)> <Delay = 0.00>
ST_3 : Operation 81 [1/1] (0.00ns)   --->   "%br_ln761 = br void %arrayidx741838110.exit38" [../src/riccati_solver_hls.cpp:761]   --->   Operation 81 'br' 'br_ln761' <Predicate = (tmp == 0 & trunc_ln750 == 4)> <Delay = 0.00>
ST_3 : Operation 82 [1/1] (0.00ns)   --->   "%br_ln761 = br void %arrayidx741838110.exit38" [../src/riccati_solver_hls.cpp:761]   --->   Operation 82 'br' 'br_ln761' <Predicate = (tmp == 0 & trunc_ln750 == 3)> <Delay = 0.00>
ST_3 : Operation 83 [1/1] (0.00ns)   --->   "%br_ln761 = br void %arrayidx741838110.exit38" [../src/riccati_solver_hls.cpp:761]   --->   Operation 83 'br' 'br_ln761' <Predicate = (tmp == 0 & trunc_ln750 == 2)> <Delay = 0.00>
ST_3 : Operation 84 [1/1] (0.00ns)   --->   "%br_ln761 = br void %arrayidx741838110.exit38" [../src/riccati_solver_hls.cpp:761]   --->   Operation 84 'br' 'br_ln761' <Predicate = (tmp == 0 & trunc_ln750 == 1)> <Delay = 0.00>
ST_3 : Operation 85 [1/1] (0.00ns)   --->   "%br_ln761 = br void %arrayidx741838110.exit38" [../src/riccati_solver_hls.cpp:761]   --->   Operation 85 'br' 'br_ln761' <Predicate = (tmp == 0 & trunc_ln750 == 0)> <Delay = 0.00>
ST_3 : Operation 86 [1/1] (0.00ns)   --->   "%br_ln761 = br void %arrayidx741838110.exit38" [../src/riccati_solver_hls.cpp:761]   --->   Operation 86 'br' 'br_ln761' <Predicate = (tmp == 0 & trunc_ln750 == 7)> <Delay = 0.00>
ST_3 : Operation 87 [1/1] (0.00ns)   --->   "%br_ln761 = br void %arrayidx741838110.exit64" [../src/riccati_solver_hls.cpp:761]   --->   Operation 87 'br' 'br_ln761' <Predicate = (tmp == 3 & trunc_ln750 == 6)> <Delay = 0.00>
ST_3 : Operation 88 [1/1] (0.00ns)   --->   "%br_ln761 = br void %arrayidx741838110.exit64" [../src/riccati_solver_hls.cpp:761]   --->   Operation 88 'br' 'br_ln761' <Predicate = (tmp == 3 & trunc_ln750 == 5)> <Delay = 0.00>
ST_3 : Operation 89 [1/1] (0.00ns)   --->   "%br_ln761 = br void %arrayidx741838110.exit64" [../src/riccati_solver_hls.cpp:761]   --->   Operation 89 'br' 'br_ln761' <Predicate = (tmp == 3 & trunc_ln750 == 4)> <Delay = 0.00>
ST_3 : Operation 90 [1/1] (0.00ns)   --->   "%br_ln761 = br void %arrayidx741838110.exit64" [../src/riccati_solver_hls.cpp:761]   --->   Operation 90 'br' 'br_ln761' <Predicate = (tmp == 3 & trunc_ln750 == 3)> <Delay = 0.00>
ST_3 : Operation 91 [1/1] (0.00ns)   --->   "%br_ln761 = br void %arrayidx741838110.exit64" [../src/riccati_solver_hls.cpp:761]   --->   Operation 91 'br' 'br_ln761' <Predicate = (tmp == 3 & trunc_ln750 == 2)> <Delay = 0.00>
ST_3 : Operation 92 [1/1] (0.00ns)   --->   "%br_ln761 = br void %arrayidx741838110.exit64" [../src/riccati_solver_hls.cpp:761]   --->   Operation 92 'br' 'br_ln761' <Predicate = (tmp == 3 & trunc_ln750 == 1)> <Delay = 0.00>
ST_3 : Operation 93 [1/1] (0.00ns)   --->   "%br_ln761 = br void %arrayidx741838110.exit64" [../src/riccati_solver_hls.cpp:761]   --->   Operation 93 'br' 'br_ln761' <Predicate = (tmp == 3 & trunc_ln750 == 0)> <Delay = 0.00>
ST_3 : Operation 94 [1/1] (0.00ns)   --->   "%br_ln761 = br void %arrayidx741838110.exit64" [../src/riccati_solver_hls.cpp:761]   --->   Operation 94 'br' 'br_ln761' <Predicate = (tmp == 3 & trunc_ln750 == 7)> <Delay = 0.00>
ST_3 : Operation 252 [1/1] (0.42ns)   --->   "%ret_ln0 = ret"   --->   Operation 252 'ret' 'ret_ln0' <Predicate = (icmp_ln750)> <Delay = 0.42>

State 4 <SV = 3> <Delay = 3.72>
ST_4 : Operation 95 [1/1] (0.00ns)   --->   "%K_0_0_0_addr = getelementptr i26 %K_0_0_0, i64 0, i64 %zext_ln475_cast" [../src/riccati_solver_hls.cpp:760]   --->   Operation 95 'getelementptr' 'K_0_0_0_addr' <Predicate = true> <Delay = 0.00>
ST_4 : Operation 96 [1/1] (0.00ns)   --->   "%K_0_1_0_addr = getelementptr i26 %K_0_1_0, i64 0, i64 %zext_ln475_cast" [../src/riccati_solver_hls.cpp:761]   --->   Operation 96 'getelementptr' 'K_0_1_0_addr' <Predicate = true> <Delay = 0.00>
ST_4 : Operation 97 [1/1] (0.00ns)   --->   "%K_0_0_1_addr = getelementptr i26 %K_0_0_1, i64 0, i64 %zext_ln475_cast" [../src/riccati_solver_hls.cpp:760]   --->   Operation 97 'getelementptr' 'K_0_0_1_addr' <Predicate = true> <Delay = 0.00>
ST_4 : Operation 98 [1/1] (0.00ns)   --->   "%K_0_1_1_addr = getelementptr i26 %K_0_1_1, i64 0, i64 %zext_ln475_cast" [../src/riccati_solver_hls.cpp:761]   --->   Operation 98 'getelementptr' 'K_0_1_1_addr' <Predicate = true> <Delay = 0.00>
ST_4 : Operation 99 [1/1] (0.00ns)   --->   "%K_0_0_2_addr = getelementptr i26 %K_0_0_2, i64 0, i64 %zext_ln475_cast" [../src/riccati_solver_hls.cpp:760]   --->   Operation 99 'getelementptr' 'K_0_0_2_addr' <Predicate = true> <Delay = 0.00>
ST_4 : Operation 100 [1/1] (0.00ns)   --->   "%K_0_1_2_addr = getelementptr i26 %K_0_1_2, i64 0, i64 %zext_ln475_cast" [../src/riccati_solver_hls.cpp:761]   --->   Operation 100 'getelementptr' 'K_0_1_2_addr' <Predicate = true> <Delay = 0.00>
ST_4 : Operation 101 [1/1] (0.00ns)   --->   "%K_0_0_3_addr = getelementptr i26 %K_0_0_3, i64 0, i64 %zext_ln475_cast" [../src/riccati_solver_hls.cpp:760]   --->   Operation 101 'getelementptr' 'K_0_0_3_addr' <Predicate = true> <Delay = 0.00>
ST_4 : Operation 102 [1/1] (0.00ns)   --->   "%K_0_1_3_addr = getelementptr i26 %K_0_1_3, i64 0, i64 %zext_ln475_cast" [../src/riccati_solver_hls.cpp:761]   --->   Operation 102 'getelementptr' 'K_0_1_3_addr' <Predicate = true> <Delay = 0.00>
ST_4 : Operation 103 [1/1] (0.00ns)   --->   "%K_0_0_4_addr = getelementptr i26 %K_0_0_4, i64 0, i64 %zext_ln475_cast" [../src/riccati_solver_hls.cpp:760]   --->   Operation 103 'getelementptr' 'K_0_0_4_addr' <Predicate = true> <Delay = 0.00>
ST_4 : Operation 104 [1/1] (0.00ns)   --->   "%K_0_1_4_addr = getelementptr i26 %K_0_1_4, i64 0, i64 %zext_ln475_cast" [../src/riccati_solver_hls.cpp:761]   --->   Operation 104 'getelementptr' 'K_0_1_4_addr' <Predicate = true> <Delay = 0.00>
ST_4 : Operation 105 [1/1] (0.00ns)   --->   "%K_0_0_5_addr = getelementptr i26 %K_0_0_5, i64 0, i64 %zext_ln475_cast" [../src/riccati_solver_hls.cpp:760]   --->   Operation 105 'getelementptr' 'K_0_0_5_addr' <Predicate = true> <Delay = 0.00>
ST_4 : Operation 106 [1/1] (0.00ns)   --->   "%K_0_1_5_addr = getelementptr i26 %K_0_1_5, i64 0, i64 %zext_ln475_cast" [../src/riccati_solver_hls.cpp:761]   --->   Operation 106 'getelementptr' 'K_0_1_5_addr' <Predicate = true> <Delay = 0.00>
ST_4 : Operation 107 [1/1] (0.00ns)   --->   "%K_0_0_6_addr = getelementptr i26 %K_0_0_6, i64 0, i64 %zext_ln475_cast" [../src/riccati_solver_hls.cpp:760]   --->   Operation 107 'getelementptr' 'K_0_0_6_addr' <Predicate = true> <Delay = 0.00>
ST_4 : Operation 108 [1/1] (0.00ns)   --->   "%K_0_1_6_addr = getelementptr i26 %K_0_1_6, i64 0, i64 %zext_ln475_cast" [../src/riccati_solver_hls.cpp:761]   --->   Operation 108 'getelementptr' 'K_0_1_6_addr' <Predicate = true> <Delay = 0.00>
ST_4 : Operation 109 [1/1] (0.00ns)   --->   "%K_0_0_7_addr = getelementptr i26 %K_0_0_7, i64 0, i64 %zext_ln475_cast" [../src/riccati_solver_hls.cpp:760]   --->   Operation 109 'getelementptr' 'K_0_0_7_addr' <Predicate = true> <Delay = 0.00>
ST_4 : Operation 110 [1/1] (0.00ns)   --->   "%K_0_1_7_addr = getelementptr i26 %K_0_1_7, i64 0, i64 %zext_ln475_cast" [../src/riccati_solver_hls.cpp:761]   --->   Operation 110 'getelementptr' 'K_0_1_7_addr' <Predicate = true> <Delay = 0.00>
ST_4 : Operation 111 [1/1] (0.00ns)   --->   "%K_1_0_0_addr = getelementptr i26 %K_1_0_0, i64 0, i64 %zext_ln475_cast" [../src/riccati_solver_hls.cpp:760]   --->   Operation 111 'getelementptr' 'K_1_0_0_addr' <Predicate = true> <Delay = 0.00>
ST_4 : Operation 112 [1/1] (0.00ns)   --->   "%K_1_1_0_addr = getelementptr i26 %K_1_1_0, i64 0, i64 %zext_ln475_cast" [../src/riccati_solver_hls.cpp:761]   --->   Operation 112 'getelementptr' 'K_1_1_0_addr' <Predicate = true> <Delay = 0.00>
ST_4 : Operation 113 [1/1] (0.00ns)   --->   "%K_1_0_1_addr = getelementptr i26 %K_1_0_1, i64 0, i64 %zext_ln475_cast" [../src/riccati_solver_hls.cpp:760]   --->   Operation 113 'getelementptr' 'K_1_0_1_addr' <Predicate = true> <Delay = 0.00>
ST_4 : Operation 114 [1/1] (0.00ns)   --->   "%K_1_1_1_addr = getelementptr i26 %K_1_1_1, i64 0, i64 %zext_ln475_cast" [../src/riccati_solver_hls.cpp:761]   --->   Operation 114 'getelementptr' 'K_1_1_1_addr' <Predicate = true> <Delay = 0.00>
ST_4 : Operation 115 [1/1] (0.00ns)   --->   "%K_1_0_2_addr = getelementptr i26 %K_1_0_2, i64 0, i64 %zext_ln475_cast" [../src/riccati_solver_hls.cpp:760]   --->   Operation 115 'getelementptr' 'K_1_0_2_addr' <Predicate = true> <Delay = 0.00>
ST_4 : Operation 116 [1/1] (0.00ns)   --->   "%K_1_1_2_addr = getelementptr i26 %K_1_1_2, i64 0, i64 %zext_ln475_cast" [../src/riccati_solver_hls.cpp:761]   --->   Operation 116 'getelementptr' 'K_1_1_2_addr' <Predicate = true> <Delay = 0.00>
ST_4 : Operation 117 [1/1] (0.00ns)   --->   "%K_1_0_3_addr = getelementptr i26 %K_1_0_3, i64 0, i64 %zext_ln475_cast" [../src/riccati_solver_hls.cpp:760]   --->   Operation 117 'getelementptr' 'K_1_0_3_addr' <Predicate = true> <Delay = 0.00>
ST_4 : Operation 118 [1/1] (0.00ns)   --->   "%K_1_1_3_addr = getelementptr i26 %K_1_1_3, i64 0, i64 %zext_ln475_cast" [../src/riccati_solver_hls.cpp:761]   --->   Operation 118 'getelementptr' 'K_1_1_3_addr' <Predicate = true> <Delay = 0.00>
ST_4 : Operation 119 [1/1] (0.00ns)   --->   "%K_1_0_4_addr = getelementptr i26 %K_1_0_4, i64 0, i64 %zext_ln475_cast" [../src/riccati_solver_hls.cpp:760]   --->   Operation 119 'getelementptr' 'K_1_0_4_addr' <Predicate = true> <Delay = 0.00>
ST_4 : Operation 120 [1/1] (0.00ns)   --->   "%K_1_1_4_addr = getelementptr i26 %K_1_1_4, i64 0, i64 %zext_ln475_cast" [../src/riccati_solver_hls.cpp:761]   --->   Operation 120 'getelementptr' 'K_1_1_4_addr' <Predicate = true> <Delay = 0.00>
ST_4 : Operation 121 [1/1] (0.00ns)   --->   "%K_1_0_5_addr = getelementptr i26 %K_1_0_5, i64 0, i64 %zext_ln475_cast" [../src/riccati_solver_hls.cpp:760]   --->   Operation 121 'getelementptr' 'K_1_0_5_addr' <Predicate = true> <Delay = 0.00>
ST_4 : Operation 122 [1/1] (0.00ns)   --->   "%K_1_1_5_addr = getelementptr i26 %K_1_1_5, i64 0, i64 %zext_ln475_cast" [../src/riccati_solver_hls.cpp:761]   --->   Operation 122 'getelementptr' 'K_1_1_5_addr' <Predicate = true> <Delay = 0.00>
ST_4 : Operation 123 [1/1] (0.00ns)   --->   "%K_1_0_6_addr = getelementptr i26 %K_1_0_6, i64 0, i64 %zext_ln475_cast" [../src/riccati_solver_hls.cpp:760]   --->   Operation 123 'getelementptr' 'K_1_0_6_addr' <Predicate = true> <Delay = 0.00>
ST_4 : Operation 124 [1/1] (0.00ns)   --->   "%K_1_1_6_addr = getelementptr i26 %K_1_1_6, i64 0, i64 %zext_ln475_cast" [../src/riccati_solver_hls.cpp:761]   --->   Operation 124 'getelementptr' 'K_1_1_6_addr' <Predicate = true> <Delay = 0.00>
ST_4 : Operation 125 [1/1] (0.00ns)   --->   "%K_1_0_7_addr = getelementptr i26 %K_1_0_7, i64 0, i64 %zext_ln475_cast" [../src/riccati_solver_hls.cpp:760]   --->   Operation 125 'getelementptr' 'K_1_0_7_addr' <Predicate = true> <Delay = 0.00>
ST_4 : Operation 126 [1/1] (0.00ns)   --->   "%K_1_1_7_addr = getelementptr i26 %K_1_1_7, i64 0, i64 %zext_ln475_cast" [../src/riccati_solver_hls.cpp:761]   --->   Operation 126 'getelementptr' 'K_1_1_7_addr' <Predicate = true> <Delay = 0.00>
ST_4 : Operation 127 [1/1] (0.00ns)   --->   "%K_2_0_0_addr = getelementptr i26 %K_2_0_0, i64 0, i64 %zext_ln475_cast" [../src/riccati_solver_hls.cpp:760]   --->   Operation 127 'getelementptr' 'K_2_0_0_addr' <Predicate = true> <Delay = 0.00>
ST_4 : Operation 128 [1/1] (0.00ns)   --->   "%K_2_1_0_addr = getelementptr i26 %K_2_1_0, i64 0, i64 %zext_ln475_cast" [../src/riccati_solver_hls.cpp:761]   --->   Operation 128 'getelementptr' 'K_2_1_0_addr' <Predicate = true> <Delay = 0.00>
ST_4 : Operation 129 [1/1] (0.00ns)   --->   "%K_2_0_1_addr = getelementptr i26 %K_2_0_1, i64 0, i64 %zext_ln475_cast" [../src/riccati_solver_hls.cpp:760]   --->   Operation 129 'getelementptr' 'K_2_0_1_addr' <Predicate = true> <Delay = 0.00>
ST_4 : Operation 130 [1/1] (0.00ns)   --->   "%K_2_1_1_addr = getelementptr i26 %K_2_1_1, i64 0, i64 %zext_ln475_cast" [../src/riccati_solver_hls.cpp:761]   --->   Operation 130 'getelementptr' 'K_2_1_1_addr' <Predicate = true> <Delay = 0.00>
ST_4 : Operation 131 [1/1] (0.00ns)   --->   "%K_2_0_2_addr = getelementptr i26 %K_2_0_2, i64 0, i64 %zext_ln475_cast" [../src/riccati_solver_hls.cpp:760]   --->   Operation 131 'getelementptr' 'K_2_0_2_addr' <Predicate = true> <Delay = 0.00>
ST_4 : Operation 132 [1/1] (0.00ns)   --->   "%K_2_1_2_addr = getelementptr i26 %K_2_1_2, i64 0, i64 %zext_ln475_cast" [../src/riccati_solver_hls.cpp:761]   --->   Operation 132 'getelementptr' 'K_2_1_2_addr' <Predicate = true> <Delay = 0.00>
ST_4 : Operation 133 [1/1] (0.00ns)   --->   "%K_2_0_3_addr = getelementptr i26 %K_2_0_3, i64 0, i64 %zext_ln475_cast" [../src/riccati_solver_hls.cpp:760]   --->   Operation 133 'getelementptr' 'K_2_0_3_addr' <Predicate = true> <Delay = 0.00>
ST_4 : Operation 134 [1/1] (0.00ns)   --->   "%K_2_1_3_addr = getelementptr i26 %K_2_1_3, i64 0, i64 %zext_ln475_cast" [../src/riccati_solver_hls.cpp:761]   --->   Operation 134 'getelementptr' 'K_2_1_3_addr' <Predicate = true> <Delay = 0.00>
ST_4 : Operation 135 [1/1] (0.00ns)   --->   "%K_2_0_4_addr = getelementptr i26 %K_2_0_4, i64 0, i64 %zext_ln475_cast" [../src/riccati_solver_hls.cpp:760]   --->   Operation 135 'getelementptr' 'K_2_0_4_addr' <Predicate = true> <Delay = 0.00>
ST_4 : Operation 136 [1/1] (0.00ns)   --->   "%K_2_1_4_addr = getelementptr i26 %K_2_1_4, i64 0, i64 %zext_ln475_cast" [../src/riccati_solver_hls.cpp:761]   --->   Operation 136 'getelementptr' 'K_2_1_4_addr' <Predicate = true> <Delay = 0.00>
ST_4 : Operation 137 [1/1] (0.00ns)   --->   "%K_2_0_5_addr = getelementptr i26 %K_2_0_5, i64 0, i64 %zext_ln475_cast" [../src/riccati_solver_hls.cpp:760]   --->   Operation 137 'getelementptr' 'K_2_0_5_addr' <Predicate = true> <Delay = 0.00>
ST_4 : Operation 138 [1/1] (0.00ns)   --->   "%K_2_1_5_addr = getelementptr i26 %K_2_1_5, i64 0, i64 %zext_ln475_cast" [../src/riccati_solver_hls.cpp:761]   --->   Operation 138 'getelementptr' 'K_2_1_5_addr' <Predicate = true> <Delay = 0.00>
ST_4 : Operation 139 [1/1] (0.00ns)   --->   "%K_2_0_6_addr = getelementptr i26 %K_2_0_6, i64 0, i64 %zext_ln475_cast" [../src/riccati_solver_hls.cpp:760]   --->   Operation 139 'getelementptr' 'K_2_0_6_addr' <Predicate = true> <Delay = 0.00>
ST_4 : Operation 140 [1/1] (0.00ns)   --->   "%K_2_1_6_addr = getelementptr i26 %K_2_1_6, i64 0, i64 %zext_ln475_cast" [../src/riccati_solver_hls.cpp:761]   --->   Operation 140 'getelementptr' 'K_2_1_6_addr' <Predicate = true> <Delay = 0.00>
ST_4 : Operation 141 [1/1] (0.00ns)   --->   "%K_2_0_7_addr = getelementptr i26 %K_2_0_7, i64 0, i64 %zext_ln475_cast" [../src/riccati_solver_hls.cpp:760]   --->   Operation 141 'getelementptr' 'K_2_0_7_addr' <Predicate = true> <Delay = 0.00>
ST_4 : Operation 142 [1/1] (0.00ns)   --->   "%K_2_1_7_addr = getelementptr i26 %K_2_1_7, i64 0, i64 %zext_ln475_cast" [../src/riccati_solver_hls.cpp:761]   --->   Operation 142 'getelementptr' 'K_2_1_7_addr' <Predicate = true> <Delay = 0.00>
ST_4 : Operation 143 [1/1] (0.00ns)   --->   "%K_3_0_0_addr = getelementptr i26 %K_3_0_0, i64 0, i64 %zext_ln475_cast" [../src/riccati_solver_hls.cpp:760]   --->   Operation 143 'getelementptr' 'K_3_0_0_addr' <Predicate = true> <Delay = 0.00>
ST_4 : Operation 144 [1/1] (0.00ns)   --->   "%K_3_1_0_addr = getelementptr i26 %K_3_1_0, i64 0, i64 %zext_ln475_cast" [../src/riccati_solver_hls.cpp:761]   --->   Operation 144 'getelementptr' 'K_3_1_0_addr' <Predicate = true> <Delay = 0.00>
ST_4 : Operation 145 [1/1] (0.00ns)   --->   "%K_3_0_1_addr = getelementptr i26 %K_3_0_1, i64 0, i64 %zext_ln475_cast" [../src/riccati_solver_hls.cpp:760]   --->   Operation 145 'getelementptr' 'K_3_0_1_addr' <Predicate = true> <Delay = 0.00>
ST_4 : Operation 146 [1/1] (0.00ns)   --->   "%K_3_1_1_addr = getelementptr i26 %K_3_1_1, i64 0, i64 %zext_ln475_cast" [../src/riccati_solver_hls.cpp:761]   --->   Operation 146 'getelementptr' 'K_3_1_1_addr' <Predicate = true> <Delay = 0.00>
ST_4 : Operation 147 [1/1] (0.00ns)   --->   "%K_3_0_2_addr = getelementptr i26 %K_3_0_2, i64 0, i64 %zext_ln475_cast" [../src/riccati_solver_hls.cpp:760]   --->   Operation 147 'getelementptr' 'K_3_0_2_addr' <Predicate = true> <Delay = 0.00>
ST_4 : Operation 148 [1/1] (0.00ns)   --->   "%K_3_1_2_addr = getelementptr i26 %K_3_1_2, i64 0, i64 %zext_ln475_cast" [../src/riccati_solver_hls.cpp:761]   --->   Operation 148 'getelementptr' 'K_3_1_2_addr' <Predicate = true> <Delay = 0.00>
ST_4 : Operation 149 [1/1] (0.00ns)   --->   "%K_3_0_3_addr = getelementptr i26 %K_3_0_3, i64 0, i64 %zext_ln475_cast" [../src/riccati_solver_hls.cpp:760]   --->   Operation 149 'getelementptr' 'K_3_0_3_addr' <Predicate = true> <Delay = 0.00>
ST_4 : Operation 150 [1/1] (0.00ns)   --->   "%K_3_1_3_addr = getelementptr i26 %K_3_1_3, i64 0, i64 %zext_ln475_cast" [../src/riccati_solver_hls.cpp:761]   --->   Operation 150 'getelementptr' 'K_3_1_3_addr' <Predicate = true> <Delay = 0.00>
ST_4 : Operation 151 [1/1] (0.00ns)   --->   "%K_3_0_4_addr = getelementptr i26 %K_3_0_4, i64 0, i64 %zext_ln475_cast" [../src/riccati_solver_hls.cpp:760]   --->   Operation 151 'getelementptr' 'K_3_0_4_addr' <Predicate = true> <Delay = 0.00>
ST_4 : Operation 152 [1/1] (0.00ns)   --->   "%K_3_1_4_addr = getelementptr i26 %K_3_1_4, i64 0, i64 %zext_ln475_cast" [../src/riccati_solver_hls.cpp:761]   --->   Operation 152 'getelementptr' 'K_3_1_4_addr' <Predicate = true> <Delay = 0.00>
ST_4 : Operation 153 [1/1] (0.00ns)   --->   "%K_3_0_5_addr = getelementptr i26 %K_3_0_5, i64 0, i64 %zext_ln475_cast" [../src/riccati_solver_hls.cpp:760]   --->   Operation 153 'getelementptr' 'K_3_0_5_addr' <Predicate = true> <Delay = 0.00>
ST_4 : Operation 154 [1/1] (0.00ns)   --->   "%K_3_1_5_addr = getelementptr i26 %K_3_1_5, i64 0, i64 %zext_ln475_cast" [../src/riccati_solver_hls.cpp:761]   --->   Operation 154 'getelementptr' 'K_3_1_5_addr' <Predicate = true> <Delay = 0.00>
ST_4 : Operation 155 [1/1] (0.00ns)   --->   "%K_3_0_6_addr = getelementptr i26 %K_3_0_6, i64 0, i64 %zext_ln475_cast" [../src/riccati_solver_hls.cpp:760]   --->   Operation 155 'getelementptr' 'K_3_0_6_addr' <Predicate = true> <Delay = 0.00>
ST_4 : Operation 156 [1/1] (0.00ns)   --->   "%K_3_1_6_addr = getelementptr i26 %K_3_1_6, i64 0, i64 %zext_ln475_cast" [../src/riccati_solver_hls.cpp:761]   --->   Operation 156 'getelementptr' 'K_3_1_6_addr' <Predicate = true> <Delay = 0.00>
ST_4 : Operation 157 [1/1] (0.00ns)   --->   "%K_3_0_7_addr = getelementptr i26 %K_3_0_7, i64 0, i64 %zext_ln475_cast" [../src/riccati_solver_hls.cpp:760]   --->   Operation 157 'getelementptr' 'K_3_0_7_addr' <Predicate = true> <Delay = 0.00>
ST_4 : Operation 158 [1/1] (0.00ns)   --->   "%K_3_1_7_addr = getelementptr i26 %K_3_1_7, i64 0, i64 %zext_ln475_cast" [../src/riccati_solver_hls.cpp:761]   --->   Operation 158 'getelementptr' 'K_3_1_7_addr' <Predicate = true> <Delay = 0.00>
ST_4 : Operation 159 [1/1] (0.00ns)   --->   "%specpipeline_ln751 = specpipeline void @_ssdm_op_SpecPipeline, i32 1, i32 0, i32 0, i32 0, i32 4294967295, void @empty_485" [../src/riccati_solver_hls.cpp:751]   --->   Operation 159 'specpipeline' 'specpipeline_ln751' <Predicate = true> <Delay = 0.00>
ST_4 : Operation 160 [1/1] (0.00ns)   --->   "%speclooptripcount_ln475 = speclooptripcount void @_ssdm_op_SpecLoopTripCount, i64 8, i64 8, i64 8" [../src/riccati_solver_hls.cpp:475]   --->   Operation 160 'speclooptripcount' 'speclooptripcount_ln475' <Predicate = true> <Delay = 0.00>
ST_4 : Operation 161 [1/1] (0.00ns)   --->   "%specloopname_ln750 = specloopname void @_ssdm_op_SpecLoopName, void @empty_0" [../src/riccati_solver_hls.cpp:750]   --->   Operation 161 'specloopname' 'specloopname_ln750' <Predicate = true> <Delay = 0.00>
ST_4 : Operation 162 [1/1] (0.00ns)   --->   "%rbegin = specregionbegin i32 @_ssdm_op_SpecRegionBegin, void @empty_400" [../src/fp_math_hls.cpp:283->../src/riccati_solver_hls.cpp:753]   --->   Operation 162 'specregionbegin' 'rbegin' <Predicate = true> <Delay = 0.00>
ST_4 : Operation 163 [1/4] (2.29ns)   --->   "%mul_ln753 = mul i44 %sext_ln283_3, i44 %sext_ln283_cast" [../src/riccati_solver_hls.cpp:753]   --->   Operation 163 'mul' 'mul_ln753' <Predicate = true> <Delay = 2.29> <CoreInst = "Mul_DSP">   --->   Core 5 'Mul_DSP' <Latency = 3> <II = 1> <Delay = 2.29> <FuncUnit> <Opcode : 'mul'> <InPorts = 2> <OutPorts = 1>
ST_4 : Operation 164 [1/1] (0.00ns)   --->   "%specfucore_ln284 = specfucore void @_ssdm_op_SpecFUCore, i44 %mul_ln753, i64 12, i64 3, i64 3, i1 0" [../src/fp_math_hls.cpp:284->../src/riccati_solver_hls.cpp:753]   --->   Operation 164 'specfucore' 'specfucore_ln284' <Predicate = true> <Delay = 0.00>
ST_4 : Operation 165 [1/1] (0.00ns)   --->   "%rend468 = specregionend i32 @_ssdm_op_SpecRegionEnd, void @empty_400, i32 %rbegin" [../src/fp_math_hls.cpp:283->../src/riccati_solver_hls.cpp:753]   --->   Operation 165 'specregionend' 'rend468' <Predicate = true> <Delay = 0.00>
ST_4 : Operation 166 [1/1] (0.00ns)   --->   "%rbegin26 = specregionbegin i32 @_ssdm_op_SpecRegionBegin, void @empty_399" [../src/fp_math_hls.cpp:283->../src/riccati_solver_hls.cpp:754]   --->   Operation 166 'specregionbegin' 'rbegin26' <Predicate = true> <Delay = 0.00>
ST_4 : Operation 167 [1/4] (2.29ns)   --->   "%mul_ln754 = mul i44 %sext_ln283_4, i44 %sext_ln283_1_cast" [../src/riccati_solver_hls.cpp:754]   --->   Operation 167 'mul' 'mul_ln754' <Predicate = true> <Delay = 2.29> <CoreInst = "Mul_DSP">   --->   Core 5 'Mul_DSP' <Latency = 3> <II = 1> <Delay = 2.29> <FuncUnit> <Opcode : 'mul'> <InPorts = 2> <OutPorts = 1>
ST_4 : Operation 168 [1/1] (0.00ns)   --->   "%specfucore_ln284 = specfucore void @_ssdm_op_SpecFUCore, i44 %mul_ln754, i64 12, i64 3, i64 3, i1 0" [../src/fp_math_hls.cpp:284->../src/riccati_solver_hls.cpp:754]   --->   Operation 168 'specfucore' 'specfucore_ln284' <Predicate = true> <Delay = 0.00>
ST_4 : Operation 169 [1/1] (0.00ns)   --->   "%rend466 = specregionend i32 @_ssdm_op_SpecRegionEnd, void @empty_399, i32 %rbegin26" [../src/fp_math_hls.cpp:283->../src/riccati_solver_hls.cpp:754]   --->   Operation 169 'specregionend' 'rend466' <Predicate = true> <Delay = 0.00>
ST_4 : Operation 170 [1/1] (0.00ns) (grouped into TernaryAdder)   --->   "%val0 = add i44 %mul_ln754, i44 %mul_ln753" [../src/riccati_solver_hls.cpp:753]   --->   Operation 170 'add' 'val0' <Predicate = true> <Delay = 0.00> <CoreInst = "TAddSub">   --->   Core 10 'TAddSub' <Latency = 0> <II = 1> <Delay = 0.38> <IPBlock> <Opcode : 'add' 'sub'> <InPorts = 3> <OutPorts = 1> <Sync> <CReg>
ST_4 : Operation 171 [1/1] (0.00ns)   --->   "%rbegin27 = specregionbegin i32 @_ssdm_op_SpecRegionBegin, void @empty_398" [../src/fp_math_hls.cpp:283->../src/riccati_solver_hls.cpp:756]   --->   Operation 171 'specregionbegin' 'rbegin27' <Predicate = true> <Delay = 0.00>
ST_4 : Operation 172 [1/4] (2.29ns)   --->   "%mul_ln756 = mul i44 %sext_ln283_3, i44 %sext_ln283_2_cast" [../src/riccati_solver_hls.cpp:756]   --->   Operation 172 'mul' 'mul_ln756' <Predicate = true> <Delay = 2.29> <CoreInst = "Mul_DSP">   --->   Core 5 'Mul_DSP' <Latency = 3> <II = 1> <Delay = 2.29> <FuncUnit> <Opcode : 'mul'> <InPorts = 2> <OutPorts = 1>
ST_4 : Operation 173 [1/1] (0.00ns)   --->   "%specfucore_ln284 = specfucore void @_ssdm_op_SpecFUCore, i44 %mul_ln756, i64 12, i64 3, i64 3, i1 0" [../src/fp_math_hls.cpp:284->../src/riccati_solver_hls.cpp:756]   --->   Operation 173 'specfucore' 'specfucore_ln284' <Predicate = true> <Delay = 0.00>
ST_4 : Operation 174 [1/1] (0.00ns)   --->   "%rend464 = specregionend i32 @_ssdm_op_SpecRegionEnd, void @empty_398, i32 %rbegin27" [../src/fp_math_hls.cpp:283->../src/riccati_solver_hls.cpp:756]   --->   Operation 174 'specregionend' 'rend464' <Predicate = true> <Delay = 0.00>
ST_4 : Operation 175 [1/1] (0.00ns)   --->   "%rbegin28 = specregionbegin i32 @_ssdm_op_SpecRegionBegin, void @empty_442" [../src/fp_math_hls.cpp:283->../src/riccati_solver_hls.cpp:757]   --->   Operation 175 'specregionbegin' 'rbegin28' <Predicate = true> <Delay = 0.00>
ST_4 : Operation 176 [1/4] (2.29ns)   --->   "%mul_ln757 = mul i44 %sext_ln283_4, i44 %sext_ln760_cast" [../src/riccati_solver_hls.cpp:757]   --->   Operation 176 'mul' 'mul_ln757' <Predicate = true> <Delay = 2.29> <CoreInst = "Mul_DSP">   --->   Core 5 'Mul_DSP' <Latency = 3> <II = 1> <Delay = 2.29> <FuncUnit> <Opcode : 'mul'> <InPorts = 2> <OutPorts = 1>
ST_4 : Operation 177 [1/1] (0.00ns)   --->   "%specfucore_ln284 = specfucore void @_ssdm_op_SpecFUCore, i44 %mul_ln757, i64 12, i64 3, i64 3, i1 0" [../src/fp_math_hls.cpp:284->../src/riccati_solver_hls.cpp:757]   --->   Operation 177 'specfucore' 'specfucore_ln284' <Predicate = true> <Delay = 0.00>
ST_4 : Operation 178 [1/1] (0.00ns)   --->   "%rend462 = specregionend i32 @_ssdm_op_SpecRegionEnd, void @empty_442, i32 %rbegin28" [../src/fp_math_hls.cpp:283->../src/riccati_solver_hls.cpp:757]   --->   Operation 178 'specregionend' 'rend462' <Predicate = true> <Delay = 0.00>
ST_4 : Operation 179 [1/1] (0.00ns) (grouped into TernaryAdder)   --->   "%val1 = add i44 %mul_ln757, i44 %mul_ln756" [../src/riccati_solver_hls.cpp:756]   --->   Operation 179 'add' 'val1' <Predicate = true> <Delay = 0.00> <CoreInst = "TAddSub">   --->   Core 10 'TAddSub' <Latency = 0> <II = 1> <Delay = 0.38> <IPBlock> <Opcode : 'add' 'sub'> <InPorts = 3> <OutPorts = 1> <Sync> <CReg>
ST_4 : Operation 180 [1/1] (0.76ns) (root node of TernaryAdder)   --->   "%value = sub i44 0, i44 %val0" [../src/riccati_solver_hls.cpp:760]   --->   Operation 180 'sub' 'value' <Predicate = true> <Delay = 0.76> <CoreInst = "TAddSub">   --->   Core 10 'TAddSub' <Latency = 0> <II = 1> <Delay = 0.38> <IPBlock> <Opcode : 'add' 'sub'> <InPorts = 3> <OutPorts = 1> <Sync> <CReg>
ST_4 : Operation 181 [1/1] (0.00ns)   --->   "%trunc_ln167_3 = partselect i26 @_ssdm_op_PartSelect.i26.i44.i32.i32, i44 %value, i32 18, i32 43" [include/fp_math_hls.h:167->../src/riccati_solver_hls.cpp:760]   --->   Operation 181 'partselect' 'trunc_ln167_3' <Predicate = true> <Delay = 0.00>
ST_4 : Operation 182 [1/1] (0.76ns) (root node of TernaryAdder)   --->   "%value_10 = sub i44 0, i44 %val1" [../src/riccati_solver_hls.cpp:761]   --->   Operation 182 'sub' 'value_10' <Predicate = true> <Delay = 0.76> <CoreInst = "TAddSub">   --->   Core 10 'TAddSub' <Latency = 0> <II = 1> <Delay = 0.38> <IPBlock> <Opcode : 'add' 'sub'> <InPorts = 3> <OutPorts = 1> <Sync> <CReg>
ST_4 : Operation 183 [1/1] (0.00ns)   --->   "%trunc_ln167_4 = partselect i26 @_ssdm_op_PartSelect.i26.i44.i32.i32, i44 %value_10, i32 18, i32 43" [include/fp_math_hls.h:167->../src/riccati_solver_hls.cpp:761]   --->   Operation 183 'partselect' 'trunc_ln167_4' <Predicate = true> <Delay = 0.00>
ST_4 : Operation 184 [1/1] ( I:0.67ns O:0.67ns )   --->   "%store_ln760 = store i26 %trunc_ln167_3, i3 %K_2_0_6_addr" [../src/riccati_solver_hls.cpp:760]   --->   Operation 184 'store' 'store_ln760' <Predicate = (tmp == 2 & trunc_ln750 == 6)> <Delay = 0.67> <CoreInst = "RAM">   --->   Core 82 'RAM' <Latency = 1> <II = 1> <Delay = 0.67> <Storage> <Opcode : 'load' 'store'> <Ports = 2> <Width = 26> <Depth = 5> <RAM>
ST_4 : Operation 185 [1/1] ( I:0.67ns O:0.67ns )   --->   "%store_ln761 = store i26 %trunc_ln167_4, i3 %K_2_1_6_addr" [../src/riccati_solver_hls.cpp:761]   --->   Operation 185 'store' 'store_ln761' <Predicate = (tmp == 2 & trunc_ln750 == 6)> <Delay = 0.67> <CoreInst = "RAM">   --->   Core 82 'RAM' <Latency = 1> <II = 1> <Delay = 0.67> <Storage> <Opcode : 'load' 'store'> <Ports = 2> <Width = 26> <Depth = 5> <RAM>
ST_4 : Operation 186 [1/1] ( I:0.67ns O:0.67ns )   --->   "%store_ln760 = store i26 %trunc_ln167_3, i3 %K_2_0_5_addr" [../src/riccati_solver_hls.cpp:760]   --->   Operation 186 'store' 'store_ln760' <Predicate = (tmp == 2 & trunc_ln750 == 5)> <Delay = 0.67> <CoreInst = "RAM">   --->   Core 82 'RAM' <Latency = 1> <II = 1> <Delay = 0.67> <Storage> <Opcode : 'load' 'store'> <Ports = 2> <Width = 26> <Depth = 5> <RAM>
ST_4 : Operation 187 [1/1] ( I:0.67ns O:0.67ns )   --->   "%store_ln761 = store i26 %trunc_ln167_4, i3 %K_2_1_5_addr" [../src/riccati_solver_hls.cpp:761]   --->   Operation 187 'store' 'store_ln761' <Predicate = (tmp == 2 & trunc_ln750 == 5)> <Delay = 0.67> <CoreInst = "RAM">   --->   Core 82 'RAM' <Latency = 1> <II = 1> <Delay = 0.67> <Storage> <Opcode : 'load' 'store'> <Ports = 2> <Width = 26> <Depth = 5> <RAM>
ST_4 : Operation 188 [1/1] ( I:0.67ns O:0.67ns )   --->   "%store_ln760 = store i26 %trunc_ln167_3, i3 %K_2_0_4_addr" [../src/riccati_solver_hls.cpp:760]   --->   Operation 188 'store' 'store_ln760' <Predicate = (tmp == 2 & trunc_ln750 == 4)> <Delay = 0.67> <CoreInst = "RAM">   --->   Core 82 'RAM' <Latency = 1> <II = 1> <Delay = 0.67> <Storage> <Opcode : 'load' 'store'> <Ports = 2> <Width = 26> <Depth = 5> <RAM>
ST_4 : Operation 189 [1/1] ( I:0.67ns O:0.67ns )   --->   "%store_ln761 = store i26 %trunc_ln167_4, i3 %K_2_1_4_addr" [../src/riccati_solver_hls.cpp:761]   --->   Operation 189 'store' 'store_ln761' <Predicate = (tmp == 2 & trunc_ln750 == 4)> <Delay = 0.67> <CoreInst = "RAM">   --->   Core 82 'RAM' <Latency = 1> <II = 1> <Delay = 0.67> <Storage> <Opcode : 'load' 'store'> <Ports = 2> <Width = 26> <Depth = 5> <RAM>
ST_4 : Operation 190 [1/1] ( I:0.67ns O:0.67ns )   --->   "%store_ln760 = store i26 %trunc_ln167_3, i3 %K_2_0_3_addr" [../src/riccati_solver_hls.cpp:760]   --->   Operation 190 'store' 'store_ln760' <Predicate = (tmp == 2 & trunc_ln750 == 3)> <Delay = 0.67> <CoreInst = "RAM">   --->   Core 82 'RAM' <Latency = 1> <II = 1> <Delay = 0.67> <Storage> <Opcode : 'load' 'store'> <Ports = 2> <Width = 26> <Depth = 5> <RAM>
ST_4 : Operation 191 [1/1] ( I:0.67ns O:0.67ns )   --->   "%store_ln761 = store i26 %trunc_ln167_4, i3 %K_2_1_3_addr" [../src/riccati_solver_hls.cpp:761]   --->   Operation 191 'store' 'store_ln761' <Predicate = (tmp == 2 & trunc_ln750 == 3)> <Delay = 0.67> <CoreInst = "RAM">   --->   Core 82 'RAM' <Latency = 1> <II = 1> <Delay = 0.67> <Storage> <Opcode : 'load' 'store'> <Ports = 2> <Width = 26> <Depth = 5> <RAM>
ST_4 : Operation 192 [1/1] ( I:0.67ns O:0.67ns )   --->   "%store_ln760 = store i26 %trunc_ln167_3, i3 %K_2_0_2_addr" [../src/riccati_solver_hls.cpp:760]   --->   Operation 192 'store' 'store_ln760' <Predicate = (tmp == 2 & trunc_ln750 == 2)> <Delay = 0.67> <CoreInst = "RAM">   --->   Core 82 'RAM' <Latency = 1> <II = 1> <Delay = 0.67> <Storage> <Opcode : 'load' 'store'> <Ports = 2> <Width = 26> <Depth = 5> <RAM>
ST_4 : Operation 193 [1/1] ( I:0.67ns O:0.67ns )   --->   "%store_ln761 = store i26 %trunc_ln167_4, i3 %K_2_1_2_addr" [../src/riccati_solver_hls.cpp:761]   --->   Operation 193 'store' 'store_ln761' <Predicate = (tmp == 2 & trunc_ln750 == 2)> <Delay = 0.67> <CoreInst = "RAM">   --->   Core 82 'RAM' <Latency = 1> <II = 1> <Delay = 0.67> <Storage> <Opcode : 'load' 'store'> <Ports = 2> <Width = 26> <Depth = 5> <RAM>
ST_4 : Operation 194 [1/1] ( I:0.67ns O:0.67ns )   --->   "%store_ln760 = store i26 %trunc_ln167_3, i3 %K_2_0_1_addr" [../src/riccati_solver_hls.cpp:760]   --->   Operation 194 'store' 'store_ln760' <Predicate = (tmp == 2 & trunc_ln750 == 1)> <Delay = 0.67> <CoreInst = "RAM">   --->   Core 82 'RAM' <Latency = 1> <II = 1> <Delay = 0.67> <Storage> <Opcode : 'load' 'store'> <Ports = 2> <Width = 26> <Depth = 5> <RAM>
ST_4 : Operation 195 [1/1] ( I:0.67ns O:0.67ns )   --->   "%store_ln761 = store i26 %trunc_ln167_4, i3 %K_2_1_1_addr" [../src/riccati_solver_hls.cpp:761]   --->   Operation 195 'store' 'store_ln761' <Predicate = (tmp == 2 & trunc_ln750 == 1)> <Delay = 0.67> <CoreInst = "RAM">   --->   Core 82 'RAM' <Latency = 1> <II = 1> <Delay = 0.67> <Storage> <Opcode : 'load' 'store'> <Ports = 2> <Width = 26> <Depth = 5> <RAM>
ST_4 : Operation 196 [1/1] ( I:0.67ns O:0.67ns )   --->   "%store_ln760 = store i26 %trunc_ln167_3, i3 %K_2_0_0_addr" [../src/riccati_solver_hls.cpp:760]   --->   Operation 196 'store' 'store_ln760' <Predicate = (tmp == 2 & trunc_ln750 == 0)> <Delay = 0.67> <CoreInst = "RAM">   --->   Core 82 'RAM' <Latency = 1> <II = 1> <Delay = 0.67> <Storage> <Opcode : 'load' 'store'> <Ports = 2> <Width = 26> <Depth = 5> <RAM>
ST_4 : Operation 197 [1/1] ( I:0.67ns O:0.67ns )   --->   "%store_ln761 = store i26 %trunc_ln167_4, i3 %K_2_1_0_addr" [../src/riccati_solver_hls.cpp:761]   --->   Operation 197 'store' 'store_ln761' <Predicate = (tmp == 2 & trunc_ln750 == 0)> <Delay = 0.67> <CoreInst = "RAM">   --->   Core 82 'RAM' <Latency = 1> <II = 1> <Delay = 0.67> <Storage> <Opcode : 'load' 'store'> <Ports = 2> <Width = 26> <Depth = 5> <RAM>
ST_4 : Operation 198 [1/1] ( I:0.67ns O:0.67ns )   --->   "%store_ln760 = store i26 %trunc_ln167_3, i3 %K_2_0_7_addr" [../src/riccati_solver_hls.cpp:760]   --->   Operation 198 'store' 'store_ln760' <Predicate = (tmp == 2 & trunc_ln750 == 7)> <Delay = 0.67> <CoreInst = "RAM">   --->   Core 82 'RAM' <Latency = 1> <II = 1> <Delay = 0.67> <Storage> <Opcode : 'load' 'store'> <Ports = 2> <Width = 26> <Depth = 5> <RAM>
ST_4 : Operation 199 [1/1] ( I:0.67ns O:0.67ns )   --->   "%store_ln761 = store i26 %trunc_ln167_4, i3 %K_2_1_7_addr" [../src/riccati_solver_hls.cpp:761]   --->   Operation 199 'store' 'store_ln761' <Predicate = (tmp == 2 & trunc_ln750 == 7)> <Delay = 0.67> <CoreInst = "RAM">   --->   Core 82 'RAM' <Latency = 1> <II = 1> <Delay = 0.67> <Storage> <Opcode : 'load' 'store'> <Ports = 2> <Width = 26> <Depth = 5> <RAM>
ST_4 : Operation 200 [1/1] (0.00ns)   --->   "%br_ln761 = br void %arrayidx741838110.exit" [../src/riccati_solver_hls.cpp:761]   --->   Operation 200 'br' 'br_ln761' <Predicate = (tmp == 2)> <Delay = 0.00>
ST_4 : Operation 201 [1/1] ( I:0.67ns O:0.67ns )   --->   "%store_ln760 = store i26 %trunc_ln167_3, i3 %K_1_0_6_addr" [../src/riccati_solver_hls.cpp:760]   --->   Operation 201 'store' 'store_ln760' <Predicate = (tmp == 1 & trunc_ln750 == 6)> <Delay = 0.67> <CoreInst = "RAM">   --->   Core 82 'RAM' <Latency = 1> <II = 1> <Delay = 0.67> <Storage> <Opcode : 'load' 'store'> <Ports = 2> <Width = 26> <Depth = 5> <RAM>
ST_4 : Operation 202 [1/1] ( I:0.67ns O:0.67ns )   --->   "%store_ln761 = store i26 %trunc_ln167_4, i3 %K_1_1_6_addr" [../src/riccati_solver_hls.cpp:761]   --->   Operation 202 'store' 'store_ln761' <Predicate = (tmp == 1 & trunc_ln750 == 6)> <Delay = 0.67> <CoreInst = "RAM">   --->   Core 82 'RAM' <Latency = 1> <II = 1> <Delay = 0.67> <Storage> <Opcode : 'load' 'store'> <Ports = 2> <Width = 26> <Depth = 5> <RAM>
ST_4 : Operation 203 [1/1] ( I:0.67ns O:0.67ns )   --->   "%store_ln760 = store i26 %trunc_ln167_3, i3 %K_1_0_5_addr" [../src/riccati_solver_hls.cpp:760]   --->   Operation 203 'store' 'store_ln760' <Predicate = (tmp == 1 & trunc_ln750 == 5)> <Delay = 0.67> <CoreInst = "RAM">   --->   Core 82 'RAM' <Latency = 1> <II = 1> <Delay = 0.67> <Storage> <Opcode : 'load' 'store'> <Ports = 2> <Width = 26> <Depth = 5> <RAM>
ST_4 : Operation 204 [1/1] ( I:0.67ns O:0.67ns )   --->   "%store_ln761 = store i26 %trunc_ln167_4, i3 %K_1_1_5_addr" [../src/riccati_solver_hls.cpp:761]   --->   Operation 204 'store' 'store_ln761' <Predicate = (tmp == 1 & trunc_ln750 == 5)> <Delay = 0.67> <CoreInst = "RAM">   --->   Core 82 'RAM' <Latency = 1> <II = 1> <Delay = 0.67> <Storage> <Opcode : 'load' 'store'> <Ports = 2> <Width = 26> <Depth = 5> <RAM>
ST_4 : Operation 205 [1/1] ( I:0.67ns O:0.67ns )   --->   "%store_ln760 = store i26 %trunc_ln167_3, i3 %K_1_0_4_addr" [../src/riccati_solver_hls.cpp:760]   --->   Operation 205 'store' 'store_ln760' <Predicate = (tmp == 1 & trunc_ln750 == 4)> <Delay = 0.67> <CoreInst = "RAM">   --->   Core 82 'RAM' <Latency = 1> <II = 1> <Delay = 0.67> <Storage> <Opcode : 'load' 'store'> <Ports = 2> <Width = 26> <Depth = 5> <RAM>
ST_4 : Operation 206 [1/1] ( I:0.67ns O:0.67ns )   --->   "%store_ln761 = store i26 %trunc_ln167_4, i3 %K_1_1_4_addr" [../src/riccati_solver_hls.cpp:761]   --->   Operation 206 'store' 'store_ln761' <Predicate = (tmp == 1 & trunc_ln750 == 4)> <Delay = 0.67> <CoreInst = "RAM">   --->   Core 82 'RAM' <Latency = 1> <II = 1> <Delay = 0.67> <Storage> <Opcode : 'load' 'store'> <Ports = 2> <Width = 26> <Depth = 5> <RAM>
ST_4 : Operation 207 [1/1] ( I:0.67ns O:0.67ns )   --->   "%store_ln760 = store i26 %trunc_ln167_3, i3 %K_1_0_3_addr" [../src/riccati_solver_hls.cpp:760]   --->   Operation 207 'store' 'store_ln760' <Predicate = (tmp == 1 & trunc_ln750 == 3)> <Delay = 0.67> <CoreInst = "RAM">   --->   Core 82 'RAM' <Latency = 1> <II = 1> <Delay = 0.67> <Storage> <Opcode : 'load' 'store'> <Ports = 2> <Width = 26> <Depth = 5> <RAM>
ST_4 : Operation 208 [1/1] ( I:0.67ns O:0.67ns )   --->   "%store_ln761 = store i26 %trunc_ln167_4, i3 %K_1_1_3_addr" [../src/riccati_solver_hls.cpp:761]   --->   Operation 208 'store' 'store_ln761' <Predicate = (tmp == 1 & trunc_ln750 == 3)> <Delay = 0.67> <CoreInst = "RAM">   --->   Core 82 'RAM' <Latency = 1> <II = 1> <Delay = 0.67> <Storage> <Opcode : 'load' 'store'> <Ports = 2> <Width = 26> <Depth = 5> <RAM>
ST_4 : Operation 209 [1/1] ( I:0.67ns O:0.67ns )   --->   "%store_ln760 = store i26 %trunc_ln167_3, i3 %K_1_0_2_addr" [../src/riccati_solver_hls.cpp:760]   --->   Operation 209 'store' 'store_ln760' <Predicate = (tmp == 1 & trunc_ln750 == 2)> <Delay = 0.67> <CoreInst = "RAM">   --->   Core 82 'RAM' <Latency = 1> <II = 1> <Delay = 0.67> <Storage> <Opcode : 'load' 'store'> <Ports = 2> <Width = 26> <Depth = 5> <RAM>
ST_4 : Operation 210 [1/1] ( I:0.67ns O:0.67ns )   --->   "%store_ln761 = store i26 %trunc_ln167_4, i3 %K_1_1_2_addr" [../src/riccati_solver_hls.cpp:761]   --->   Operation 210 'store' 'store_ln761' <Predicate = (tmp == 1 & trunc_ln750 == 2)> <Delay = 0.67> <CoreInst = "RAM">   --->   Core 82 'RAM' <Latency = 1> <II = 1> <Delay = 0.67> <Storage> <Opcode : 'load' 'store'> <Ports = 2> <Width = 26> <Depth = 5> <RAM>
ST_4 : Operation 211 [1/1] ( I:0.67ns O:0.67ns )   --->   "%store_ln760 = store i26 %trunc_ln167_3, i3 %K_1_0_1_addr" [../src/riccati_solver_hls.cpp:760]   --->   Operation 211 'store' 'store_ln760' <Predicate = (tmp == 1 & trunc_ln750 == 1)> <Delay = 0.67> <CoreInst = "RAM">   --->   Core 82 'RAM' <Latency = 1> <II = 1> <Delay = 0.67> <Storage> <Opcode : 'load' 'store'> <Ports = 2> <Width = 26> <Depth = 5> <RAM>
ST_4 : Operation 212 [1/1] ( I:0.67ns O:0.67ns )   --->   "%store_ln761 = store i26 %trunc_ln167_4, i3 %K_1_1_1_addr" [../src/riccati_solver_hls.cpp:761]   --->   Operation 212 'store' 'store_ln761' <Predicate = (tmp == 1 & trunc_ln750 == 1)> <Delay = 0.67> <CoreInst = "RAM">   --->   Core 82 'RAM' <Latency = 1> <II = 1> <Delay = 0.67> <Storage> <Opcode : 'load' 'store'> <Ports = 2> <Width = 26> <Depth = 5> <RAM>
ST_4 : Operation 213 [1/1] ( I:0.67ns O:0.67ns )   --->   "%store_ln760 = store i26 %trunc_ln167_3, i3 %K_1_0_0_addr" [../src/riccati_solver_hls.cpp:760]   --->   Operation 213 'store' 'store_ln760' <Predicate = (tmp == 1 & trunc_ln750 == 0)> <Delay = 0.67> <CoreInst = "RAM">   --->   Core 82 'RAM' <Latency = 1> <II = 1> <Delay = 0.67> <Storage> <Opcode : 'load' 'store'> <Ports = 2> <Width = 26> <Depth = 5> <RAM>
ST_4 : Operation 214 [1/1] ( I:0.67ns O:0.67ns )   --->   "%store_ln761 = store i26 %trunc_ln167_4, i3 %K_1_1_0_addr" [../src/riccati_solver_hls.cpp:761]   --->   Operation 214 'store' 'store_ln761' <Predicate = (tmp == 1 & trunc_ln750 == 0)> <Delay = 0.67> <CoreInst = "RAM">   --->   Core 82 'RAM' <Latency = 1> <II = 1> <Delay = 0.67> <Storage> <Opcode : 'load' 'store'> <Ports = 2> <Width = 26> <Depth = 5> <RAM>
ST_4 : Operation 215 [1/1] ( I:0.67ns O:0.67ns )   --->   "%store_ln760 = store i26 %trunc_ln167_3, i3 %K_1_0_7_addr" [../src/riccati_solver_hls.cpp:760]   --->   Operation 215 'store' 'store_ln760' <Predicate = (tmp == 1 & trunc_ln750 == 7)> <Delay = 0.67> <CoreInst = "RAM">   --->   Core 82 'RAM' <Latency = 1> <II = 1> <Delay = 0.67> <Storage> <Opcode : 'load' 'store'> <Ports = 2> <Width = 26> <Depth = 5> <RAM>
ST_4 : Operation 216 [1/1] ( I:0.67ns O:0.67ns )   --->   "%store_ln761 = store i26 %trunc_ln167_4, i3 %K_1_1_7_addr" [../src/riccati_solver_hls.cpp:761]   --->   Operation 216 'store' 'store_ln761' <Predicate = (tmp == 1 & trunc_ln750 == 7)> <Delay = 0.67> <CoreInst = "RAM">   --->   Core 82 'RAM' <Latency = 1> <II = 1> <Delay = 0.67> <Storage> <Opcode : 'load' 'store'> <Ports = 2> <Width = 26> <Depth = 5> <RAM>
ST_4 : Operation 217 [1/1] (0.00ns)   --->   "%br_ln761 = br void %arrayidx741838110.exit" [../src/riccati_solver_hls.cpp:761]   --->   Operation 217 'br' 'br_ln761' <Predicate = (tmp == 1)> <Delay = 0.00>
ST_4 : Operation 218 [1/1] ( I:0.67ns O:0.67ns )   --->   "%store_ln760 = store i26 %trunc_ln167_3, i3 %K_0_0_6_addr" [../src/riccati_solver_hls.cpp:760]   --->   Operation 218 'store' 'store_ln760' <Predicate = (tmp == 0 & trunc_ln750 == 6)> <Delay = 0.67> <CoreInst = "RAM">   --->   Core 82 'RAM' <Latency = 1> <II = 1> <Delay = 0.67> <Storage> <Opcode : 'load' 'store'> <Ports = 2> <Width = 26> <Depth = 5> <RAM>
ST_4 : Operation 219 [1/1] ( I:0.67ns O:0.67ns )   --->   "%store_ln761 = store i26 %trunc_ln167_4, i3 %K_0_1_6_addr" [../src/riccati_solver_hls.cpp:761]   --->   Operation 219 'store' 'store_ln761' <Predicate = (tmp == 0 & trunc_ln750 == 6)> <Delay = 0.67> <CoreInst = "RAM">   --->   Core 82 'RAM' <Latency = 1> <II = 1> <Delay = 0.67> <Storage> <Opcode : 'load' 'store'> <Ports = 2> <Width = 26> <Depth = 5> <RAM>
ST_4 : Operation 220 [1/1] ( I:0.67ns O:0.67ns )   --->   "%store_ln760 = store i26 %trunc_ln167_3, i3 %K_0_0_5_addr" [../src/riccati_solver_hls.cpp:760]   --->   Operation 220 'store' 'store_ln760' <Predicate = (tmp == 0 & trunc_ln750 == 5)> <Delay = 0.67> <CoreInst = "RAM">   --->   Core 82 'RAM' <Latency = 1> <II = 1> <Delay = 0.67> <Storage> <Opcode : 'load' 'store'> <Ports = 2> <Width = 26> <Depth = 5> <RAM>
ST_4 : Operation 221 [1/1] ( I:0.67ns O:0.67ns )   --->   "%store_ln761 = store i26 %trunc_ln167_4, i3 %K_0_1_5_addr" [../src/riccati_solver_hls.cpp:761]   --->   Operation 221 'store' 'store_ln761' <Predicate = (tmp == 0 & trunc_ln750 == 5)> <Delay = 0.67> <CoreInst = "RAM">   --->   Core 82 'RAM' <Latency = 1> <II = 1> <Delay = 0.67> <Storage> <Opcode : 'load' 'store'> <Ports = 2> <Width = 26> <Depth = 5> <RAM>
ST_4 : Operation 222 [1/1] ( I:0.67ns O:0.67ns )   --->   "%store_ln760 = store i26 %trunc_ln167_3, i3 %K_0_0_4_addr" [../src/riccati_solver_hls.cpp:760]   --->   Operation 222 'store' 'store_ln760' <Predicate = (tmp == 0 & trunc_ln750 == 4)> <Delay = 0.67> <CoreInst = "RAM">   --->   Core 82 'RAM' <Latency = 1> <II = 1> <Delay = 0.67> <Storage> <Opcode : 'load' 'store'> <Ports = 2> <Width = 26> <Depth = 5> <RAM>
ST_4 : Operation 223 [1/1] ( I:0.67ns O:0.67ns )   --->   "%store_ln761 = store i26 %trunc_ln167_4, i3 %K_0_1_4_addr" [../src/riccati_solver_hls.cpp:761]   --->   Operation 223 'store' 'store_ln761' <Predicate = (tmp == 0 & trunc_ln750 == 4)> <Delay = 0.67> <CoreInst = "RAM">   --->   Core 82 'RAM' <Latency = 1> <II = 1> <Delay = 0.67> <Storage> <Opcode : 'load' 'store'> <Ports = 2> <Width = 26> <Depth = 5> <RAM>
ST_4 : Operation 224 [1/1] ( I:0.67ns O:0.67ns )   --->   "%store_ln760 = store i26 %trunc_ln167_3, i3 %K_0_0_3_addr" [../src/riccati_solver_hls.cpp:760]   --->   Operation 224 'store' 'store_ln760' <Predicate = (tmp == 0 & trunc_ln750 == 3)> <Delay = 0.67> <CoreInst = "RAM">   --->   Core 82 'RAM' <Latency = 1> <II = 1> <Delay = 0.67> <Storage> <Opcode : 'load' 'store'> <Ports = 2> <Width = 26> <Depth = 5> <RAM>
ST_4 : Operation 225 [1/1] ( I:0.67ns O:0.67ns )   --->   "%store_ln761 = store i26 %trunc_ln167_4, i3 %K_0_1_3_addr" [../src/riccati_solver_hls.cpp:761]   --->   Operation 225 'store' 'store_ln761' <Predicate = (tmp == 0 & trunc_ln750 == 3)> <Delay = 0.67> <CoreInst = "RAM">   --->   Core 82 'RAM' <Latency = 1> <II = 1> <Delay = 0.67> <Storage> <Opcode : 'load' 'store'> <Ports = 2> <Width = 26> <Depth = 5> <RAM>
ST_4 : Operation 226 [1/1] ( I:0.67ns O:0.67ns )   --->   "%store_ln760 = store i26 %trunc_ln167_3, i3 %K_0_0_2_addr" [../src/riccati_solver_hls.cpp:760]   --->   Operation 226 'store' 'store_ln760' <Predicate = (tmp == 0 & trunc_ln750 == 2)> <Delay = 0.67> <CoreInst = "RAM">   --->   Core 82 'RAM' <Latency = 1> <II = 1> <Delay = 0.67> <Storage> <Opcode : 'load' 'store'> <Ports = 2> <Width = 26> <Depth = 5> <RAM>
ST_4 : Operation 227 [1/1] ( I:0.67ns O:0.67ns )   --->   "%store_ln761 = store i26 %trunc_ln167_4, i3 %K_0_1_2_addr" [../src/riccati_solver_hls.cpp:761]   --->   Operation 227 'store' 'store_ln761' <Predicate = (tmp == 0 & trunc_ln750 == 2)> <Delay = 0.67> <CoreInst = "RAM">   --->   Core 82 'RAM' <Latency = 1> <II = 1> <Delay = 0.67> <Storage> <Opcode : 'load' 'store'> <Ports = 2> <Width = 26> <Depth = 5> <RAM>
ST_4 : Operation 228 [1/1] ( I:0.67ns O:0.67ns )   --->   "%store_ln760 = store i26 %trunc_ln167_3, i3 %K_0_0_1_addr" [../src/riccati_solver_hls.cpp:760]   --->   Operation 228 'store' 'store_ln760' <Predicate = (tmp == 0 & trunc_ln750 == 1)> <Delay = 0.67> <CoreInst = "RAM">   --->   Core 82 'RAM' <Latency = 1> <II = 1> <Delay = 0.67> <Storage> <Opcode : 'load' 'store'> <Ports = 2> <Width = 26> <Depth = 5> <RAM>
ST_4 : Operation 229 [1/1] ( I:0.67ns O:0.67ns )   --->   "%store_ln761 = store i26 %trunc_ln167_4, i3 %K_0_1_1_addr" [../src/riccati_solver_hls.cpp:761]   --->   Operation 229 'store' 'store_ln761' <Predicate = (tmp == 0 & trunc_ln750 == 1)> <Delay = 0.67> <CoreInst = "RAM">   --->   Core 82 'RAM' <Latency = 1> <II = 1> <Delay = 0.67> <Storage> <Opcode : 'load' 'store'> <Ports = 2> <Width = 26> <Depth = 5> <RAM>
ST_4 : Operation 230 [1/1] ( I:0.67ns O:0.67ns )   --->   "%store_ln760 = store i26 %trunc_ln167_3, i3 %K_0_0_0_addr" [../src/riccati_solver_hls.cpp:760]   --->   Operation 230 'store' 'store_ln760' <Predicate = (tmp == 0 & trunc_ln750 == 0)> <Delay = 0.67> <CoreInst = "RAM">   --->   Core 82 'RAM' <Latency = 1> <II = 1> <Delay = 0.67> <Storage> <Opcode : 'load' 'store'> <Ports = 2> <Width = 26> <Depth = 5> <RAM>
ST_4 : Operation 231 [1/1] ( I:0.67ns O:0.67ns )   --->   "%store_ln761 = store i26 %trunc_ln167_4, i3 %K_0_1_0_addr" [../src/riccati_solver_hls.cpp:761]   --->   Operation 231 'store' 'store_ln761' <Predicate = (tmp == 0 & trunc_ln750 == 0)> <Delay = 0.67> <CoreInst = "RAM">   --->   Core 82 'RAM' <Latency = 1> <II = 1> <Delay = 0.67> <Storage> <Opcode : 'load' 'store'> <Ports = 2> <Width = 26> <Depth = 5> <RAM>
ST_4 : Operation 232 [1/1] ( I:0.67ns O:0.67ns )   --->   "%store_ln760 = store i26 %trunc_ln167_3, i3 %K_0_0_7_addr" [../src/riccati_solver_hls.cpp:760]   --->   Operation 232 'store' 'store_ln760' <Predicate = (tmp == 0 & trunc_ln750 == 7)> <Delay = 0.67> <CoreInst = "RAM">   --->   Core 82 'RAM' <Latency = 1> <II = 1> <Delay = 0.67> <Storage> <Opcode : 'load' 'store'> <Ports = 2> <Width = 26> <Depth = 5> <RAM>
ST_4 : Operation 233 [1/1] ( I:0.67ns O:0.67ns )   --->   "%store_ln761 = store i26 %trunc_ln167_4, i3 %K_0_1_7_addr" [../src/riccati_solver_hls.cpp:761]   --->   Operation 233 'store' 'store_ln761' <Predicate = (tmp == 0 & trunc_ln750 == 7)> <Delay = 0.67> <CoreInst = "RAM">   --->   Core 82 'RAM' <Latency = 1> <II = 1> <Delay = 0.67> <Storage> <Opcode : 'load' 'store'> <Ports = 2> <Width = 26> <Depth = 5> <RAM>
ST_4 : Operation 234 [1/1] (0.00ns)   --->   "%br_ln761 = br void %arrayidx741838110.exit" [../src/riccati_solver_hls.cpp:761]   --->   Operation 234 'br' 'br_ln761' <Predicate = (tmp == 0)> <Delay = 0.00>
ST_4 : Operation 235 [1/1] ( I:0.67ns O:0.67ns )   --->   "%store_ln760 = store i26 %trunc_ln167_3, i3 %K_3_0_6_addr" [../src/riccati_solver_hls.cpp:760]   --->   Operation 235 'store' 'store_ln760' <Predicate = (tmp == 3 & trunc_ln750 == 6)> <Delay = 0.67> <CoreInst = "RAM">   --->   Core 82 'RAM' <Latency = 1> <II = 1> <Delay = 0.67> <Storage> <Opcode : 'load' 'store'> <Ports = 2> <Width = 26> <Depth = 5> <RAM>
ST_4 : Operation 236 [1/1] ( I:0.67ns O:0.67ns )   --->   "%store_ln761 = store i26 %trunc_ln167_4, i3 %K_3_1_6_addr" [../src/riccati_solver_hls.cpp:761]   --->   Operation 236 'store' 'store_ln761' <Predicate = (tmp == 3 & trunc_ln750 == 6)> <Delay = 0.67> <CoreInst = "RAM">   --->   Core 82 'RAM' <Latency = 1> <II = 1> <Delay = 0.67> <Storage> <Opcode : 'load' 'store'> <Ports = 2> <Width = 26> <Depth = 5> <RAM>
ST_4 : Operation 237 [1/1] ( I:0.67ns O:0.67ns )   --->   "%store_ln760 = store i26 %trunc_ln167_3, i3 %K_3_0_5_addr" [../src/riccati_solver_hls.cpp:760]   --->   Operation 237 'store' 'store_ln760' <Predicate = (tmp == 3 & trunc_ln750 == 5)> <Delay = 0.67> <CoreInst = "RAM">   --->   Core 82 'RAM' <Latency = 1> <II = 1> <Delay = 0.67> <Storage> <Opcode : 'load' 'store'> <Ports = 2> <Width = 26> <Depth = 5> <RAM>
ST_4 : Operation 238 [1/1] ( I:0.67ns O:0.67ns )   --->   "%store_ln761 = store i26 %trunc_ln167_4, i3 %K_3_1_5_addr" [../src/riccati_solver_hls.cpp:761]   --->   Operation 238 'store' 'store_ln761' <Predicate = (tmp == 3 & trunc_ln750 == 5)> <Delay = 0.67> <CoreInst = "RAM">   --->   Core 82 'RAM' <Latency = 1> <II = 1> <Delay = 0.67> <Storage> <Opcode : 'load' 'store'> <Ports = 2> <Width = 26> <Depth = 5> <RAM>
ST_4 : Operation 239 [1/1] ( I:0.67ns O:0.67ns )   --->   "%store_ln760 = store i26 %trunc_ln167_3, i3 %K_3_0_4_addr" [../src/riccati_solver_hls.cpp:760]   --->   Operation 239 'store' 'store_ln760' <Predicate = (tmp == 3 & trunc_ln750 == 4)> <Delay = 0.67> <CoreInst = "RAM">   --->   Core 82 'RAM' <Latency = 1> <II = 1> <Delay = 0.67> <Storage> <Opcode : 'load' 'store'> <Ports = 2> <Width = 26> <Depth = 5> <RAM>
ST_4 : Operation 240 [1/1] ( I:0.67ns O:0.67ns )   --->   "%store_ln761 = store i26 %trunc_ln167_4, i3 %K_3_1_4_addr" [../src/riccati_solver_hls.cpp:761]   --->   Operation 240 'store' 'store_ln761' <Predicate = (tmp == 3 & trunc_ln750 == 4)> <Delay = 0.67> <CoreInst = "RAM">   --->   Core 82 'RAM' <Latency = 1> <II = 1> <Delay = 0.67> <Storage> <Opcode : 'load' 'store'> <Ports = 2> <Width = 26> <Depth = 5> <RAM>
ST_4 : Operation 241 [1/1] ( I:0.67ns O:0.67ns )   --->   "%store_ln760 = store i26 %trunc_ln167_3, i3 %K_3_0_3_addr" [../src/riccati_solver_hls.cpp:760]   --->   Operation 241 'store' 'store_ln760' <Predicate = (tmp == 3 & trunc_ln750 == 3)> <Delay = 0.67> <CoreInst = "RAM">   --->   Core 82 'RAM' <Latency = 1> <II = 1> <Delay = 0.67> <Storage> <Opcode : 'load' 'store'> <Ports = 2> <Width = 26> <Depth = 5> <RAM>
ST_4 : Operation 242 [1/1] ( I:0.67ns O:0.67ns )   --->   "%store_ln761 = store i26 %trunc_ln167_4, i3 %K_3_1_3_addr" [../src/riccati_solver_hls.cpp:761]   --->   Operation 242 'store' 'store_ln761' <Predicate = (tmp == 3 & trunc_ln750 == 3)> <Delay = 0.67> <CoreInst = "RAM">   --->   Core 82 'RAM' <Latency = 1> <II = 1> <Delay = 0.67> <Storage> <Opcode : 'load' 'store'> <Ports = 2> <Width = 26> <Depth = 5> <RAM>
ST_4 : Operation 243 [1/1] ( I:0.67ns O:0.67ns )   --->   "%store_ln760 = store i26 %trunc_ln167_3, i3 %K_3_0_2_addr" [../src/riccati_solver_hls.cpp:760]   --->   Operation 243 'store' 'store_ln760' <Predicate = (tmp == 3 & trunc_ln750 == 2)> <Delay = 0.67> <CoreInst = "RAM">   --->   Core 82 'RAM' <Latency = 1> <II = 1> <Delay = 0.67> <Storage> <Opcode : 'load' 'store'> <Ports = 2> <Width = 26> <Depth = 5> <RAM>
ST_4 : Operation 244 [1/1] ( I:0.67ns O:0.67ns )   --->   "%store_ln761 = store i26 %trunc_ln167_4, i3 %K_3_1_2_addr" [../src/riccati_solver_hls.cpp:761]   --->   Operation 244 'store' 'store_ln761' <Predicate = (tmp == 3 & trunc_ln750 == 2)> <Delay = 0.67> <CoreInst = "RAM">   --->   Core 82 'RAM' <Latency = 1> <II = 1> <Delay = 0.67> <Storage> <Opcode : 'load' 'store'> <Ports = 2> <Width = 26> <Depth = 5> <RAM>
ST_4 : Operation 245 [1/1] ( I:0.67ns O:0.67ns )   --->   "%store_ln760 = store i26 %trunc_ln167_3, i3 %K_3_0_1_addr" [../src/riccati_solver_hls.cpp:760]   --->   Operation 245 'store' 'store_ln760' <Predicate = (tmp == 3 & trunc_ln750 == 1)> <Delay = 0.67> <CoreInst = "RAM">   --->   Core 82 'RAM' <Latency = 1> <II = 1> <Delay = 0.67> <Storage> <Opcode : 'load' 'store'> <Ports = 2> <Width = 26> <Depth = 5> <RAM>
ST_4 : Operation 246 [1/1] ( I:0.67ns O:0.67ns )   --->   "%store_ln761 = store i26 %trunc_ln167_4, i3 %K_3_1_1_addr" [../src/riccati_solver_hls.cpp:761]   --->   Operation 246 'store' 'store_ln761' <Predicate = (tmp == 3 & trunc_ln750 == 1)> <Delay = 0.67> <CoreInst = "RAM">   --->   Core 82 'RAM' <Latency = 1> <II = 1> <Delay = 0.67> <Storage> <Opcode : 'load' 'store'> <Ports = 2> <Width = 26> <Depth = 5> <RAM>
ST_4 : Operation 247 [1/1] ( I:0.67ns O:0.67ns )   --->   "%store_ln760 = store i26 %trunc_ln167_3, i3 %K_3_0_0_addr" [../src/riccati_solver_hls.cpp:760]   --->   Operation 247 'store' 'store_ln760' <Predicate = (tmp == 3 & trunc_ln750 == 0)> <Delay = 0.67> <CoreInst = "RAM">   --->   Core 82 'RAM' <Latency = 1> <II = 1> <Delay = 0.67> <Storage> <Opcode : 'load' 'store'> <Ports = 2> <Width = 26> <Depth = 5> <RAM>
ST_4 : Operation 248 [1/1] ( I:0.67ns O:0.67ns )   --->   "%store_ln761 = store i26 %trunc_ln167_4, i3 %K_3_1_0_addr" [../src/riccati_solver_hls.cpp:761]   --->   Operation 248 'store' 'store_ln761' <Predicate = (tmp == 3 & trunc_ln750 == 0)> <Delay = 0.67> <CoreInst = "RAM">   --->   Core 82 'RAM' <Latency = 1> <II = 1> <Delay = 0.67> <Storage> <Opcode : 'load' 'store'> <Ports = 2> <Width = 26> <Depth = 5> <RAM>
ST_4 : Operation 249 [1/1] ( I:0.67ns O:0.67ns )   --->   "%store_ln760 = store i26 %trunc_ln167_3, i3 %K_3_0_7_addr" [../src/riccati_solver_hls.cpp:760]   --->   Operation 249 'store' 'store_ln760' <Predicate = (tmp == 3 & trunc_ln750 == 7)> <Delay = 0.67> <CoreInst = "RAM">   --->   Core 82 'RAM' <Latency = 1> <II = 1> <Delay = 0.67> <Storage> <Opcode : 'load' 'store'> <Ports = 2> <Width = 26> <Depth = 5> <RAM>
ST_4 : Operation 250 [1/1] ( I:0.67ns O:0.67ns )   --->   "%store_ln761 = store i26 %trunc_ln167_4, i3 %K_3_1_7_addr" [../src/riccati_solver_hls.cpp:761]   --->   Operation 250 'store' 'store_ln761' <Predicate = (tmp == 3 & trunc_ln750 == 7)> <Delay = 0.67> <CoreInst = "RAM">   --->   Core 82 'RAM' <Latency = 1> <II = 1> <Delay = 0.67> <Storage> <Opcode : 'load' 'store'> <Ports = 2> <Width = 26> <Depth = 5> <RAM>
ST_4 : Operation 251 [1/1] (0.00ns)   --->   "%br_ln761 = br void %arrayidx741838110.exit" [../src/riccati_solver_hls.cpp:761]   --->   Operation 251 'br' 'br_ln761' <Predicate = (tmp == 3)> <Delay = 0.00>


============================================================
+ Verbose Summary: Binding
============================================================
STG Binding: 
---------------- STG Properties BEGIN ----------------
- Is combinational: 0
- Is one-state seq: 0
- Is datapath-only: 0
- Is pipelined: 0
- Is top level: 0
Port [ Return ] is wired: 1; IO mode=ap_ctrl_hs:ce=0
Port [ K_0_0_0]:  wired=1; compound=1; hidden=0; nouse=0; global=0; static=0; extern=0; dir=1; type=1; pingpong=0; private_global=0; MemPort=[03]; IO mode=ap_memory:ce=0
Port [ zext_ln475]:  wired=1; compound=0; hidden=0; nouse=0; global=0; static=0; extern=0; dir=0; type=0; pingpong=0; private_global=0; IO mode=ap_none:ce=0
Port [ K_0_1_0]:  wired=1; compound=1; hidden=0; nouse=0; global=0; static=0; extern=0; dir=1; type=1; pingpong=0; private_global=0; MemPort=[03]; IO mode=ap_memory:ce=0
Port [ K_0_0_1]:  wired=1; compound=1; hidden=0; nouse=0; global=0; static=0; extern=0; dir=1; type=1; pingpong=0; private_global=0; MemPort=[03]; IO mode=ap_memory:ce=0
Port [ K_0_1_1]:  wired=1; compound=1; hidden=0; nouse=0; global=0; static=0; extern=0; dir=1; type=1; pingpong=0; private_global=0; MemPort=[03]; IO mode=ap_memory:ce=0
Port [ K_0_0_2]:  wired=1; compound=1; hidden=0; nouse=0; global=0; static=0; extern=0; dir=1; type=1; pingpong=0; private_global=0; MemPort=[03]; IO mode=ap_memory:ce=0
Port [ K_0_1_2]:  wired=1; compound=1; hidden=0; nouse=0; global=0; static=0; extern=0; dir=1; type=1; pingpong=0; private_global=0; MemPort=[03]; IO mode=ap_memory:ce=0
Port [ K_0_0_3]:  wired=1; compound=1; hidden=0; nouse=0; global=0; static=0; extern=0; dir=1; type=1; pingpong=0; private_global=0; MemPort=[03]; IO mode=ap_memory:ce=0
Port [ K_0_1_3]:  wired=1; compound=1; hidden=0; nouse=0; global=0; static=0; extern=0; dir=1; type=1; pingpong=0; private_global=0; MemPort=[03]; IO mode=ap_memory:ce=0
Port [ K_0_0_4]:  wired=1; compound=1; hidden=0; nouse=0; global=0; static=0; extern=0; dir=1; type=1; pingpong=0; private_global=0; MemPort=[03]; IO mode=ap_memory:ce=0
Port [ K_0_1_4]:  wired=1; compound=1; hidden=0; nouse=0; global=0; static=0; extern=0; dir=1; type=1; pingpong=0; private_global=0; MemPort=[03]; IO mode=ap_memory:ce=0
Port [ K_0_0_5]:  wired=1; compound=1; hidden=0; nouse=0; global=0; static=0; extern=0; dir=1; type=1; pingpong=0; private_global=0; MemPort=[03]; IO mode=ap_memory:ce=0
Port [ K_0_1_5]:  wired=1; compound=1; hidden=0; nouse=0; global=0; static=0; extern=0; dir=1; type=1; pingpong=0; private_global=0; MemPort=[03]; IO mode=ap_memory:ce=0
Port [ K_0_0_6]:  wired=1; compound=1; hidden=0; nouse=0; global=0; static=0; extern=0; dir=1; type=1; pingpong=0; private_global=0; MemPort=[03]; IO mode=ap_memory:ce=0
Port [ K_0_1_6]:  wired=1; compound=1; hidden=0; nouse=0; global=0; static=0; extern=0; dir=1; type=1; pingpong=0; private_global=0; MemPort=[03]; IO mode=ap_memory:ce=0
Port [ K_0_0_7]:  wired=1; compound=1; hidden=0; nouse=0; global=0; static=0; extern=0; dir=1; type=1; pingpong=0; private_global=0; MemPort=[03]; IO mode=ap_memory:ce=0
Port [ K_0_1_7]:  wired=1; compound=1; hidden=0; nouse=0; global=0; static=0; extern=0; dir=1; type=1; pingpong=0; private_global=0; MemPort=[03]; IO mode=ap_memory:ce=0
Port [ K_1_0_0]:  wired=1; compound=1; hidden=0; nouse=0; global=0; static=0; extern=0; dir=1; type=1; pingpong=0; private_global=0; MemPort=[03]; IO mode=ap_memory:ce=0
Port [ K_1_1_0]:  wired=1; compound=1; hidden=0; nouse=0; global=0; static=0; extern=0; dir=1; type=1; pingpong=0; private_global=0; MemPort=[03]; IO mode=ap_memory:ce=0
Port [ K_1_0_1]:  wired=1; compound=1; hidden=0; nouse=0; global=0; static=0; extern=0; dir=1; type=1; pingpong=0; private_global=0; MemPort=[03]; IO mode=ap_memory:ce=0
Port [ K_1_1_1]:  wired=1; compound=1; hidden=0; nouse=0; global=0; static=0; extern=0; dir=1; type=1; pingpong=0; private_global=0; MemPort=[03]; IO mode=ap_memory:ce=0
Port [ K_1_0_2]:  wired=1; compound=1; hidden=0; nouse=0; global=0; static=0; extern=0; dir=1; type=1; pingpong=0; private_global=0; MemPort=[03]; IO mode=ap_memory:ce=0
Port [ K_1_1_2]:  wired=1; compound=1; hidden=0; nouse=0; global=0; static=0; extern=0; dir=1; type=1; pingpong=0; private_global=0; MemPort=[03]; IO mode=ap_memory:ce=0
Port [ K_1_0_3]:  wired=1; compound=1; hidden=0; nouse=0; global=0; static=0; extern=0; dir=1; type=1; pingpong=0; private_global=0; MemPort=[03]; IO mode=ap_memory:ce=0
Port [ K_1_1_3]:  wired=1; compound=1; hidden=0; nouse=0; global=0; static=0; extern=0; dir=1; type=1; pingpong=0; private_global=0; MemPort=[03]; IO mode=ap_memory:ce=0
Port [ K_1_0_4]:  wired=1; compound=1; hidden=0; nouse=0; global=0; static=0; extern=0; dir=1; type=1; pingpong=0; private_global=0; MemPort=[03]; IO mode=ap_memory:ce=0
Port [ K_1_1_4]:  wired=1; compound=1; hidden=0; nouse=0; global=0; static=0; extern=0; dir=1; type=1; pingpong=0; private_global=0; MemPort=[03]; IO mode=ap_memory:ce=0
Port [ K_1_0_5]:  wired=1; compound=1; hidden=0; nouse=0; global=0; static=0; extern=0; dir=1; type=1; pingpong=0; private_global=0; MemPort=[03]; IO mode=ap_memory:ce=0
Port [ K_1_1_5]:  wired=1; compound=1; hidden=0; nouse=0; global=0; static=0; extern=0; dir=1; type=1; pingpong=0; private_global=0; MemPort=[03]; IO mode=ap_memory:ce=0
Port [ K_1_0_6]:  wired=1; compound=1; hidden=0; nouse=0; global=0; static=0; extern=0; dir=1; type=1; pingpong=0; private_global=0; MemPort=[03]; IO mode=ap_memory:ce=0
Port [ K_1_1_6]:  wired=1; compound=1; hidden=0; nouse=0; global=0; static=0; extern=0; dir=1; type=1; pingpong=0; private_global=0; MemPort=[03]; IO mode=ap_memory:ce=0
Port [ K_1_0_7]:  wired=1; compound=1; hidden=0; nouse=0; global=0; static=0; extern=0; dir=1; type=1; pingpong=0; private_global=0; MemPort=[03]; IO mode=ap_memory:ce=0
Port [ K_1_1_7]:  wired=1; compound=1; hidden=0; nouse=0; global=0; static=0; extern=0; dir=1; type=1; pingpong=0; private_global=0; MemPort=[03]; IO mode=ap_memory:ce=0
Port [ K_2_0_0]:  wired=1; compound=1; hidden=0; nouse=0; global=0; static=0; extern=0; dir=1; type=1; pingpong=0; private_global=0; MemPort=[03]; IO mode=ap_memory:ce=0
Port [ K_2_1_0]:  wired=1; compound=1; hidden=0; nouse=0; global=0; static=0; extern=0; dir=1; type=1; pingpong=0; private_global=0; MemPort=[03]; IO mode=ap_memory:ce=0
Port [ K_2_0_1]:  wired=1; compound=1; hidden=0; nouse=0; global=0; static=0; extern=0; dir=1; type=1; pingpong=0; private_global=0; MemPort=[03]; IO mode=ap_memory:ce=0
Port [ K_2_1_1]:  wired=1; compound=1; hidden=0; nouse=0; global=0; static=0; extern=0; dir=1; type=1; pingpong=0; private_global=0; MemPort=[03]; IO mode=ap_memory:ce=0
Port [ K_2_0_2]:  wired=1; compound=1; hidden=0; nouse=0; global=0; static=0; extern=0; dir=1; type=1; pingpong=0; private_global=0; MemPort=[03]; IO mode=ap_memory:ce=0
Port [ K_2_1_2]:  wired=1; compound=1; hidden=0; nouse=0; global=0; static=0; extern=0; dir=1; type=1; pingpong=0; private_global=0; MemPort=[03]; IO mode=ap_memory:ce=0
Port [ K_2_0_3]:  wired=1; compound=1; hidden=0; nouse=0; global=0; static=0; extern=0; dir=1; type=1; pingpong=0; private_global=0; MemPort=[03]; IO mode=ap_memory:ce=0
Port [ K_2_1_3]:  wired=1; compound=1; hidden=0; nouse=0; global=0; static=0; extern=0; dir=1; type=1; pingpong=0; private_global=0; MemPort=[03]; IO mode=ap_memory:ce=0
Port [ K_2_0_4]:  wired=1; compound=1; hidden=0; nouse=0; global=0; static=0; extern=0; dir=1; type=1; pingpong=0; private_global=0; MemPort=[03]; IO mode=ap_memory:ce=0
Port [ K_2_1_4]:  wired=1; compound=1; hidden=0; nouse=0; global=0; static=0; extern=0; dir=1; type=1; pingpong=0; private_global=0; MemPort=[03]; IO mode=ap_memory:ce=0
Port [ K_2_0_5]:  wired=1; compound=1; hidden=0; nouse=0; global=0; static=0; extern=0; dir=1; type=1; pingpong=0; private_global=0; MemPort=[03]; IO mode=ap_memory:ce=0
Port [ K_2_1_5]:  wired=1; compound=1; hidden=0; nouse=0; global=0; static=0; extern=0; dir=1; type=1; pingpong=0; private_global=0; MemPort=[03]; IO mode=ap_memory:ce=0
Port [ K_2_0_6]:  wired=1; compound=1; hidden=0; nouse=0; global=0; static=0; extern=0; dir=1; type=1; pingpong=0; private_global=0; MemPort=[03]; IO mode=ap_memory:ce=0
Port [ K_2_1_6]:  wired=1; compound=1; hidden=0; nouse=0; global=0; static=0; extern=0; dir=1; type=1; pingpong=0; private_global=0; MemPort=[03]; IO mode=ap_memory:ce=0
Port [ K_2_0_7]:  wired=1; compound=1; hidden=0; nouse=0; global=0; static=0; extern=0; dir=1; type=1; pingpong=0; private_global=0; MemPort=[03]; IO mode=ap_memory:ce=0
Port [ K_2_1_7]:  wired=1; compound=1; hidden=0; nouse=0; global=0; static=0; extern=0; dir=1; type=1; pingpong=0; private_global=0; MemPort=[03]; IO mode=ap_memory:ce=0
Port [ K_3_0_0]:  wired=1; compound=1; hidden=0; nouse=0; global=0; static=0; extern=0; dir=1; type=1; pingpong=0; private_global=0; MemPort=[03]; IO mode=ap_memory:ce=0
Port [ K_3_1_0]:  wired=1; compound=1; hidden=0; nouse=0; global=0; static=0; extern=0; dir=1; type=1; pingpong=0; private_global=0; MemPort=[03]; IO mode=ap_memory:ce=0
Port [ K_3_0_1]:  wired=1; compound=1; hidden=0; nouse=0; global=0; static=0; extern=0; dir=1; type=1; pingpong=0; private_global=0; MemPort=[03]; IO mode=ap_memory:ce=0
Port [ K_3_1_1]:  wired=1; compound=1; hidden=0; nouse=0; global=0; static=0; extern=0; dir=1; type=1; pingpong=0; private_global=0; MemPort=[03]; IO mode=ap_memory:ce=0
Port [ K_3_0_2]:  wired=1; compound=1; hidden=0; nouse=0; global=0; static=0; extern=0; dir=1; type=1; pingpong=0; private_global=0; MemPort=[03]; IO mode=ap_memory:ce=0
Port [ K_3_1_2]:  wired=1; compound=1; hidden=0; nouse=0; global=0; static=0; extern=0; dir=1; type=1; pingpong=0; private_global=0; MemPort=[03]; IO mode=ap_memory:ce=0
Port [ K_3_0_3]:  wired=1; compound=1; hidden=0; nouse=0; global=0; static=0; extern=0; dir=1; type=1; pingpong=0; private_global=0; MemPort=[03]; IO mode=ap_memory:ce=0
Port [ K_3_1_3]:  wired=1; compound=1; hidden=0; nouse=0; global=0; static=0; extern=0; dir=1; type=1; pingpong=0; private_global=0; MemPort=[03]; IO mode=ap_memory:ce=0
Port [ K_3_0_4]:  wired=1; compound=1; hidden=0; nouse=0; global=0; static=0; extern=0; dir=1; type=1; pingpong=0; private_global=0; MemPort=[03]; IO mode=ap_memory:ce=0
Port [ K_3_1_4]:  wired=1; compound=1; hidden=0; nouse=0; global=0; static=0; extern=0; dir=1; type=1; pingpong=0; private_global=0; MemPort=[03]; IO mode=ap_memory:ce=0
Port [ K_3_0_5]:  wired=1; compound=1; hidden=0; nouse=0; global=0; static=0; extern=0; dir=1; type=1; pingpong=0; private_global=0; MemPort=[03]; IO mode=ap_memory:ce=0
Port [ K_3_1_5]:  wired=1; compound=1; hidden=0; nouse=0; global=0; static=0; extern=0; dir=1; type=1; pingpong=0; private_global=0; MemPort=[03]; IO mode=ap_memory:ce=0
Port [ K_3_0_6]:  wired=1; compound=1; hidden=0; nouse=0; global=0; static=0; extern=0; dir=1; type=1; pingpong=0; private_global=0; MemPort=[03]; IO mode=ap_memory:ce=0
Port [ K_3_1_6]:  wired=1; compound=1; hidden=0; nouse=0; global=0; static=0; extern=0; dir=1; type=1; pingpong=0; private_global=0; MemPort=[03]; IO mode=ap_memory:ce=0
Port [ K_3_0_7]:  wired=1; compound=1; hidden=0; nouse=0; global=0; static=0; extern=0; dir=1; type=1; pingpong=0; private_global=0; MemPort=[03]; IO mode=ap_memory:ce=0
Port [ K_3_1_7]:  wired=1; compound=1; hidden=0; nouse=0; global=0; static=0; extern=0; dir=1; type=1; pingpong=0; private_global=0; MemPort=[03]; IO mode=ap_memory:ce=0
Port [ G_11_reload]:  wired=1; compound=0; hidden=0; nouse=0; global=0; static=0; extern=0; dir=0; type=0; pingpong=0; private_global=0; IO mode=ap_none:ce=0
Port [ G_12_reload]:  wired=1; compound=0; hidden=0; nouse=0; global=0; static=0; extern=0; dir=0; type=0; pingpong=0; private_global=0; IO mode=ap_none:ce=0
Port [ G_13_reload]:  wired=1; compound=0; hidden=0; nouse=0; global=0; static=0; extern=0; dir=0; type=0; pingpong=0; private_global=0; IO mode=ap_none:ce=0
Port [ G_10_reload]:  wired=1; compound=0; hidden=0; nouse=0; global=0; static=0; extern=0; dir=0; type=0; pingpong=0; private_global=0; IO mode=ap_none:ce=0
Port [ G_9_reload]:  wired=1; compound=0; hidden=0; nouse=0; global=0; static=0; extern=0; dir=0; type=0; pingpong=0; private_global=0; IO mode=ap_none:ce=0
Port [ G_8_reload]:  wired=1; compound=0; hidden=0; nouse=0; global=0; static=0; extern=0; dir=0; type=0; pingpong=0; private_global=0; IO mode=ap_none:ce=0
Port [ select_ln723]:  wired=1; compound=0; hidden=0; nouse=0; global=0; static=0; extern=0; dir=0; type=0; pingpong=0; private_global=0; IO mode=ap_none:ce=0
Port [ sext_ln283]:  wired=1; compound=0; hidden=0; nouse=0; global=0; static=0; extern=0; dir=0; type=0; pingpong=0; private_global=0; IO mode=ap_none:ce=0
Port [ G_7_reload]:  wired=1; compound=0; hidden=0; nouse=0; global=0; static=0; extern=0; dir=0; type=0; pingpong=0; private_global=0; IO mode=ap_none:ce=0
Port [ G_6_reload]:  wired=1; compound=0; hidden=0; nouse=0; global=0; static=0; extern=0; dir=0; type=0; pingpong=0; private_global=0; IO mode=ap_none:ce=0
Port [ G_5_reload]:  wired=1; compound=0; hidden=0; nouse=0; global=0; static=0; extern=0; dir=0; type=0; pingpong=0; private_global=0; IO mode=ap_none:ce=0
Port [ G_4_reload]:  wired=1; compound=0; hidden=0; nouse=0; global=0; static=0; extern=0; dir=0; type=0; pingpong=0; private_global=0; IO mode=ap_none:ce=0
Port [ G_3_reload]:  wired=1; compound=0; hidden=0; nouse=0; global=0; static=0; extern=0; dir=0; type=0; pingpong=0; private_global=0; IO mode=ap_none:ce=0
Port [ G_2_reload]:  wired=1; compound=0; hidden=0; nouse=0; global=0; static=0; extern=0; dir=0; type=0; pingpong=0; private_global=0; IO mode=ap_none:ce=0
Port [ sext_ln283_1]:  wired=1; compound=0; hidden=0; nouse=0; global=0; static=0; extern=0; dir=0; type=0; pingpong=0; private_global=0; IO mode=ap_none:ce=0
Port [ sext_ln283_2]:  wired=1; compound=0; hidden=0; nouse=0; global=0; static=0; extern=0; dir=0; type=0; pingpong=0; private_global=0; IO mode=ap_none:ce=0
Port [ sext_ln760]:  wired=1; compound=0; hidden=0; nouse=0; global=0; static=0; extern=0; dir=0; type=0; pingpong=0; private_global=0; IO mode=ap_none:ce=0
Port [ empty]:  wired=1; compound=0; hidden=0; nouse=0; global=0; static=0; extern=0; dir=0; type=0; pingpong=0; private_global=0; IO mode=ap_none:ce=0
---------------- STG Properties END ------------------

---------------- Datapath Model BEGIN ----------------

<LifeTime>
<method=bitvector/>
j                       (alloca           ) [ 01000]
tmp                     (read             ) [ 01111]
sext_ln760_read         (read             ) [ 00000]
sext_ln283_2_read       (read             ) [ 00000]
sext_ln283_1_read       (read             ) [ 00000]
G_2_reload_read         (read             ) [ 00000]
G_3_reload_read         (read             ) [ 00000]
G_4_reload_read         (read             ) [ 00000]
G_5_reload_read         (read             ) [ 00000]
G_6_reload_read         (read             ) [ 00000]
G_7_reload_read         (read             ) [ 00000]
sext_ln283_read         (read             ) [ 00000]
select_ln723_read       (read             ) [ 00000]
G_8_reload_read         (read             ) [ 00000]
G_9_reload_read         (read             ) [ 00000]
G_10_reload_read        (read             ) [ 00000]
G_13_reload_read        (read             ) [ 00000]
G_12_reload_read        (read             ) [ 00000]
G_11_reload_read        (read             ) [ 00000]
zext_ln475_read         (read             ) [ 00000]
sext_ln760_cast         (sext             ) [ 01111]
sext_ln283_2_cast       (sext             ) [ 01111]
sext_ln283_1_cast       (sext             ) [ 01111]
sext_ln283_cast         (sext             ) [ 01111]
select_ln723_cast       (sext             ) [ 00000]
zext_ln475_cast         (zext             ) [ 01111]
store_ln475             (store            ) [ 00000]
br_ln0                  (br               ) [ 00000]
j_1                     (load             ) [ 00000]
icmp_ln750              (icmp             ) [ 01110]
add_ln750               (add              ) [ 00000]
br_ln750                (br               ) [ 00000]
trunc_ln750             (trunc            ) [ 01111]
b                       (sparsemux        ) [ 00000]
sext_ln283_3            (sext             ) [ 01111]
b_13                    (sparsemux        ) [ 00000]
sext_ln283_4            (sext             ) [ 01111]
switch_ln760            (switch           ) [ 00000]
switch_ln760            (switch           ) [ 00000]
switch_ln760            (switch           ) [ 00000]
switch_ln760            (switch           ) [ 00000]
switch_ln760            (switch           ) [ 00000]
store_ln475             (store            ) [ 00000]
br_ln750                (br               ) [ 00000]
br_ln761                (br               ) [ 00000]
br_ln761                (br               ) [ 00000]
br_ln761                (br               ) [ 00000]
br_ln761                (br               ) [ 00000]
br_ln761                (br               ) [ 00000]
br_ln761                (br               ) [ 00000]
br_ln761                (br               ) [ 00000]
br_ln761                (br               ) [ 00000]
br_ln761                (br               ) [ 00000]
br_ln761                (br               ) [ 00000]
br_ln761                (br               ) [ 00000]
br_ln761                (br               ) [ 00000]
br_ln761                (br               ) [ 00000]
br_ln761                (br               ) [ 00000]
br_ln761                (br               ) [ 00000]
br_ln761                (br               ) [ 00000]
br_ln761                (br               ) [ 00000]
br_ln761                (br               ) [ 00000]
br_ln761                (br               ) [ 00000]
br_ln761                (br               ) [ 00000]
br_ln761                (br               ) [ 00000]
br_ln761                (br               ) [ 00000]
br_ln761                (br               ) [ 00000]
br_ln761                (br               ) [ 00000]
br_ln761                (br               ) [ 00000]
br_ln761                (br               ) [ 00000]
br_ln761                (br               ) [ 00000]
br_ln761                (br               ) [ 00000]
br_ln761                (br               ) [ 00000]
br_ln761                (br               ) [ 00000]
br_ln761                (br               ) [ 00000]
br_ln761                (br               ) [ 00000]
K_0_0_0_addr            (getelementptr    ) [ 00000]
K_0_1_0_addr            (getelementptr    ) [ 00000]
K_0_0_1_addr            (getelementptr    ) [ 00000]
K_0_1_1_addr            (getelementptr    ) [ 00000]
K_0_0_2_addr            (getelementptr    ) [ 00000]
K_0_1_2_addr            (getelementptr    ) [ 00000]
K_0_0_3_addr            (getelementptr    ) [ 00000]
K_0_1_3_addr            (getelementptr    ) [ 00000]
K_0_0_4_addr            (getelementptr    ) [ 00000]
K_0_1_4_addr            (getelementptr    ) [ 00000]
K_0_0_5_addr            (getelementptr    ) [ 00000]
K_0_1_5_addr            (getelementptr    ) [ 00000]
K_0_0_6_addr            (getelementptr    ) [ 00000]
K_0_1_6_addr            (getelementptr    ) [ 00000]
K_0_0_7_addr            (getelementptr    ) [ 00000]
K_0_1_7_addr            (getelementptr    ) [ 00000]
K_1_0_0_addr            (getelementptr    ) [ 00000]
K_1_1_0_addr            (getelementptr    ) [ 00000]
K_1_0_1_addr            (getelementptr    ) [ 00000]
K_1_1_1_addr            (getelementptr    ) [ 00000]
K_1_0_2_addr            (getelementptr    ) [ 00000]
K_1_1_2_addr            (getelementptr    ) [ 00000]
K_1_0_3_addr            (getelementptr    ) [ 00000]
K_1_1_3_addr            (getelementptr    ) [ 00000]
K_1_0_4_addr            (getelementptr    ) [ 00000]
K_1_1_4_addr            (getelementptr    ) [ 00000]
K_1_0_5_addr            (getelementptr    ) [ 00000]
K_1_1_5_addr            (getelementptr    ) [ 00000]
K_1_0_6_addr            (getelementptr    ) [ 00000]
K_1_1_6_addr            (getelementptr    ) [ 00000]
K_1_0_7_addr            (getelementptr    ) [ 00000]
K_1_1_7_addr            (getelementptr    ) [ 00000]
K_2_0_0_addr            (getelementptr    ) [ 00000]
K_2_1_0_addr            (getelementptr    ) [ 00000]
K_2_0_1_addr            (getelementptr    ) [ 00000]
K_2_1_1_addr            (getelementptr    ) [ 00000]
K_2_0_2_addr            (getelementptr    ) [ 00000]
K_2_1_2_addr            (getelementptr    ) [ 00000]
K_2_0_3_addr            (getelementptr    ) [ 00000]
K_2_1_3_addr            (getelementptr    ) [ 00000]
K_2_0_4_addr            (getelementptr    ) [ 00000]
K_2_1_4_addr            (getelementptr    ) [ 00000]
K_2_0_5_addr            (getelementptr    ) [ 00000]
K_2_1_5_addr            (getelementptr    ) [ 00000]
K_2_0_6_addr            (getelementptr    ) [ 00000]
K_2_1_6_addr            (getelementptr    ) [ 00000]
K_2_0_7_addr            (getelementptr    ) [ 00000]
K_2_1_7_addr            (getelementptr    ) [ 00000]
K_3_0_0_addr            (getelementptr    ) [ 00000]
K_3_1_0_addr            (getelementptr    ) [ 00000]
K_3_0_1_addr            (getelementptr    ) [ 00000]
K_3_1_1_addr            (getelementptr    ) [ 00000]
K_3_0_2_addr            (getelementptr    ) [ 00000]
K_3_1_2_addr            (getelementptr    ) [ 00000]
K_3_0_3_addr            (getelementptr    ) [ 00000]
K_3_1_3_addr            (getelementptr    ) [ 00000]
K_3_0_4_addr            (getelementptr    ) [ 00000]
K_3_1_4_addr            (getelementptr    ) [ 00000]
K_3_0_5_addr            (getelementptr    ) [ 00000]
K_3_1_5_addr            (getelementptr    ) [ 00000]
K_3_0_6_addr            (getelementptr    ) [ 00000]
K_3_1_6_addr            (getelementptr    ) [ 00000]
K_3_0_7_addr            (getelementptr    ) [ 00000]
K_3_1_7_addr            (getelementptr    ) [ 00000]
specpipeline_ln751      (specpipeline     ) [ 00000]
speclooptripcount_ln475 (speclooptripcount) [ 00000]
specloopname_ln750      (specloopname     ) [ 00000]
rbegin                  (specregionbegin  ) [ 00000]
mul_ln753               (mul              ) [ 00000]
specfucore_ln284        (specfucore       ) [ 00000]
rend468                 (specregionend    ) [ 00000]
rbegin26                (specregionbegin  ) [ 00000]
mul_ln754               (mul              ) [ 00000]
specfucore_ln284        (specfucore       ) [ 00000]
rend466                 (specregionend    ) [ 00000]
val0                    (add              ) [ 00000]
rbegin27                (specregionbegin  ) [ 00000]
mul_ln756               (mul              ) [ 00000]
specfucore_ln284        (specfucore       ) [ 00000]
rend464                 (specregionend    ) [ 00000]
rbegin28                (specregionbegin  ) [ 00000]
mul_ln757               (mul              ) [ 00000]
specfucore_ln284        (specfucore       ) [ 00000]
rend462                 (specregionend    ) [ 00000]
val1                    (add              ) [ 00000]
value                   (sub              ) [ 00000]
trunc_ln167_3           (partselect       ) [ 00000]
value_10                (sub              ) [ 00000]
trunc_ln167_4           (partselect       ) [ 00000]
store_ln760             (store            ) [ 00000]
store_ln761             (store            ) [ 00000]
store_ln760             (store            ) [ 00000]
store_ln761             (store            ) [ 00000]
store_ln760             (store            ) [ 00000]
store_ln761             (store            ) [ 00000]
store_ln760             (store            ) [ 00000]
store_ln761             (store            ) [ 00000]
store_ln760             (store            ) [ 00000]
store_ln761             (store            ) [ 00000]
store_ln760             (store            ) [ 00000]
store_ln761             (store            ) [ 00000]
store_ln760             (store            ) [ 00000]
store_ln761             (store            ) [ 00000]
store_ln760             (store            ) [ 00000]
store_ln761             (store            ) [ 00000]
br_ln761                (br               ) [ 00000]
store_ln760             (store            ) [ 00000]
store_ln761             (store            ) [ 00000]
store_ln760             (store            ) [ 00000]
store_ln761             (store            ) [ 00000]
store_ln760             (store            ) [ 00000]
store_ln761             (store            ) [ 00000]
store_ln760             (store            ) [ 00000]
store_ln761             (store            ) [ 00000]
store_ln760             (store            ) [ 00000]
store_ln761             (store            ) [ 00000]
store_ln760             (store            ) [ 00000]
store_ln761             (store            ) [ 00000]
store_ln760             (store            ) [ 00000]
store_ln761             (store            ) [ 00000]
store_ln760             (store            ) [ 00000]
store_ln761             (store            ) [ 00000]
br_ln761                (br               ) [ 00000]
store_ln760             (store            ) [ 00000]
store_ln761             (store            ) [ 00000]
store_ln760             (store            ) [ 00000]
store_ln761             (store            ) [ 00000]
store_ln760             (store            ) [ 00000]
store_ln761             (store            ) [ 00000]
store_ln760             (store            ) [ 00000]
store_ln761             (store            ) [ 00000]
store_ln760             (store            ) [ 00000]
store_ln761             (store            ) [ 00000]
store_ln760             (store            ) [ 00000]
store_ln761             (store            ) [ 00000]
store_ln760             (store            ) [ 00000]
store_ln761             (store            ) [ 00000]
store_ln760             (store            ) [ 00000]
store_ln761             (store            ) [ 00000]
br_ln761                (br               ) [ 00000]
store_ln760             (store            ) [ 00000]
store_ln761             (store            ) [ 00000]
store_ln760             (store            ) [ 00000]
store_ln761             (store            ) [ 00000]
store_ln760             (store            ) [ 00000]
store_ln761             (store            ) [ 00000]
store_ln760             (store            ) [ 00000]
store_ln761             (store            ) [ 00000]
store_ln760             (store            ) [ 00000]
store_ln761             (store            ) [ 00000]
store_ln760             (store            ) [ 00000]
store_ln761             (store            ) [ 00000]
store_ln760             (store            ) [ 00000]
store_ln761             (store            ) [ 00000]
store_ln760             (store            ) [ 00000]
store_ln761             (store            ) [ 00000]
br_ln761                (br               ) [ 00000]
ret_ln0                 (ret              ) [ 00000]
</LifeTime>

<model>

<comp_list>
<comp id="0" class="1000" name="K_0_0_0">
<pin_list>
<pin id="1" dir="1" index="0" bw="1" slack="0"/>
</pin_list>
<bind>
<StgValue><ssdm name="K_0_0_0"/><MemPortTyVec>0 3 </MemPortTyVec>
</StgValue>
</bind>
</comp>

<comp id="2" class="1000" name="zext_ln475">
<pin_list>
<pin id="3" dir="1" index="0" bw="1" slack="0"/>
</pin_list>
<bind>
<StgValue><ssdm name="zext_ln475"/></StgValue>
</bind>
</comp>

<comp id="4" class="1000" name="K_0_1_0">
<pin_list>
<pin id="5" dir="1" index="0" bw="1" slack="0"/>
</pin_list>
<bind>
<StgValue><ssdm name="K_0_1_0"/><MemPortTyVec>0 3 </MemPortTyVec>
</StgValue>
</bind>
</comp>

<comp id="6" class="1000" name="K_0_0_1">
<pin_list>
<pin id="7" dir="1" index="0" bw="1" slack="0"/>
</pin_list>
<bind>
<StgValue><ssdm name="K_0_0_1"/><MemPortTyVec>0 3 </MemPortTyVec>
</StgValue>
</bind>
</comp>

<comp id="8" class="1000" name="K_0_1_1">
<pin_list>
<pin id="9" dir="1" index="0" bw="1" slack="0"/>
</pin_list>
<bind>
<StgValue><ssdm name="K_0_1_1"/><MemPortTyVec>0 3 </MemPortTyVec>
</StgValue>
</bind>
</comp>

<comp id="10" class="1000" name="K_0_0_2">
<pin_list>
<pin id="11" dir="1" index="0" bw="1" slack="0"/>
</pin_list>
<bind>
<StgValue><ssdm name="K_0_0_2"/><MemPortTyVec>0 3 </MemPortTyVec>
</StgValue>
</bind>
</comp>

<comp id="12" class="1000" name="K_0_1_2">
<pin_list>
<pin id="13" dir="1" index="0" bw="1" slack="0"/>
</pin_list>
<bind>
<StgValue><ssdm name="K_0_1_2"/><MemPortTyVec>0 3 </MemPortTyVec>
</StgValue>
</bind>
</comp>

<comp id="14" class="1000" name="K_0_0_3">
<pin_list>
<pin id="15" dir="1" index="0" bw="1" slack="0"/>
</pin_list>
<bind>
<StgValue><ssdm name="K_0_0_3"/><MemPortTyVec>0 3 </MemPortTyVec>
</StgValue>
</bind>
</comp>

<comp id="16" class="1000" name="K_0_1_3">
<pin_list>
<pin id="17" dir="1" index="0" bw="1" slack="0"/>
</pin_list>
<bind>
<StgValue><ssdm name="K_0_1_3"/><MemPortTyVec>0 3 </MemPortTyVec>
</StgValue>
</bind>
</comp>

<comp id="18" class="1000" name="K_0_0_4">
<pin_list>
<pin id="19" dir="1" index="0" bw="1" slack="0"/>
</pin_list>
<bind>
<StgValue><ssdm name="K_0_0_4"/><MemPortTyVec>0 3 </MemPortTyVec>
</StgValue>
</bind>
</comp>

<comp id="20" class="1000" name="K_0_1_4">
<pin_list>
<pin id="21" dir="1" index="0" bw="1" slack="0"/>
</pin_list>
<bind>
<StgValue><ssdm name="K_0_1_4"/><MemPortTyVec>0 3 </MemPortTyVec>
</StgValue>
</bind>
</comp>

<comp id="22" class="1000" name="K_0_0_5">
<pin_list>
<pin id="23" dir="1" index="0" bw="1" slack="0"/>
</pin_list>
<bind>
<StgValue><ssdm name="K_0_0_5"/><MemPortTyVec>0 3 </MemPortTyVec>
</StgValue>
</bind>
</comp>

<comp id="24" class="1000" name="K_0_1_5">
<pin_list>
<pin id="25" dir="1" index="0" bw="1" slack="0"/>
</pin_list>
<bind>
<StgValue><ssdm name="K_0_1_5"/><MemPortTyVec>0 3 </MemPortTyVec>
</StgValue>
</bind>
</comp>

<comp id="26" class="1000" name="K_0_0_6">
<pin_list>
<pin id="27" dir="1" index="0" bw="1" slack="0"/>
</pin_list>
<bind>
<StgValue><ssdm name="K_0_0_6"/><MemPortTyVec>0 3 </MemPortTyVec>
</StgValue>
</bind>
</comp>

<comp id="28" class="1000" name="K_0_1_6">
<pin_list>
<pin id="29" dir="1" index="0" bw="1" slack="0"/>
</pin_list>
<bind>
<StgValue><ssdm name="K_0_1_6"/><MemPortTyVec>0 3 </MemPortTyVec>
</StgValue>
</bind>
</comp>

<comp id="30" class="1000" name="K_0_0_7">
<pin_list>
<pin id="31" dir="1" index="0" bw="1" slack="0"/>
</pin_list>
<bind>
<StgValue><ssdm name="K_0_0_7"/><MemPortTyVec>0 3 </MemPortTyVec>
</StgValue>
</bind>
</comp>

<comp id="32" class="1000" name="K_0_1_7">
<pin_list>
<pin id="33" dir="1" index="0" bw="1" slack="0"/>
</pin_list>
<bind>
<StgValue><ssdm name="K_0_1_7"/><MemPortTyVec>0 3 </MemPortTyVec>
</StgValue>
</bind>
</comp>

<comp id="34" class="1000" name="K_1_0_0">
<pin_list>
<pin id="35" dir="1" index="0" bw="1" slack="0"/>
</pin_list>
<bind>
<StgValue><ssdm name="K_1_0_0"/><MemPortTyVec>0 3 </MemPortTyVec>
</StgValue>
</bind>
</comp>

<comp id="36" class="1000" name="K_1_1_0">
<pin_list>
<pin id="37" dir="1" index="0" bw="1" slack="0"/>
</pin_list>
<bind>
<StgValue><ssdm name="K_1_1_0"/><MemPortTyVec>0 3 </MemPortTyVec>
</StgValue>
</bind>
</comp>

<comp id="38" class="1000" name="K_1_0_1">
<pin_list>
<pin id="39" dir="1" index="0" bw="1" slack="0"/>
</pin_list>
<bind>
<StgValue><ssdm name="K_1_0_1"/><MemPortTyVec>0 3 </MemPortTyVec>
</StgValue>
</bind>
</comp>

<comp id="40" class="1000" name="K_1_1_1">
<pin_list>
<pin id="41" dir="1" index="0" bw="1" slack="0"/>
</pin_list>
<bind>
<StgValue><ssdm name="K_1_1_1"/><MemPortTyVec>0 3 </MemPortTyVec>
</StgValue>
</bind>
</comp>

<comp id="42" class="1000" name="K_1_0_2">
<pin_list>
<pin id="43" dir="1" index="0" bw="1" slack="0"/>
</pin_list>
<bind>
<StgValue><ssdm name="K_1_0_2"/><MemPortTyVec>0 3 </MemPortTyVec>
</StgValue>
</bind>
</comp>

<comp id="44" class="1000" name="K_1_1_2">
<pin_list>
<pin id="45" dir="1" index="0" bw="1" slack="0"/>
</pin_list>
<bind>
<StgValue><ssdm name="K_1_1_2"/><MemPortTyVec>0 3 </MemPortTyVec>
</StgValue>
</bind>
</comp>

<comp id="46" class="1000" name="K_1_0_3">
<pin_list>
<pin id="47" dir="1" index="0" bw="1" slack="0"/>
</pin_list>
<bind>
<StgValue><ssdm name="K_1_0_3"/><MemPortTyVec>0 3 </MemPortTyVec>
</StgValue>
</bind>
</comp>

<comp id="48" class="1000" name="K_1_1_3">
<pin_list>
<pin id="49" dir="1" index="0" bw="1" slack="0"/>
</pin_list>
<bind>
<StgValue><ssdm name="K_1_1_3"/><MemPortTyVec>0 3 </MemPortTyVec>
</StgValue>
</bind>
</comp>

<comp id="50" class="1000" name="K_1_0_4">
<pin_list>
<pin id="51" dir="1" index="0" bw="1" slack="0"/>
</pin_list>
<bind>
<StgValue><ssdm name="K_1_0_4"/><MemPortTyVec>0 3 </MemPortTyVec>
</StgValue>
</bind>
</comp>

<comp id="52" class="1000" name="K_1_1_4">
<pin_list>
<pin id="53" dir="1" index="0" bw="1" slack="0"/>
</pin_list>
<bind>
<StgValue><ssdm name="K_1_1_4"/><MemPortTyVec>0 3 </MemPortTyVec>
</StgValue>
</bind>
</comp>

<comp id="54" class="1000" name="K_1_0_5">
<pin_list>
<pin id="55" dir="1" index="0" bw="1" slack="0"/>
</pin_list>
<bind>
<StgValue><ssdm name="K_1_0_5"/><MemPortTyVec>0 3 </MemPortTyVec>
</StgValue>
</bind>
</comp>

<comp id="56" class="1000" name="K_1_1_5">
<pin_list>
<pin id="57" dir="1" index="0" bw="1" slack="0"/>
</pin_list>
<bind>
<StgValue><ssdm name="K_1_1_5"/><MemPortTyVec>0 3 </MemPortTyVec>
</StgValue>
</bind>
</comp>

<comp id="58" class="1000" name="K_1_0_6">
<pin_list>
<pin id="59" dir="1" index="0" bw="1" slack="0"/>
</pin_list>
<bind>
<StgValue><ssdm name="K_1_0_6"/><MemPortTyVec>0 3 </MemPortTyVec>
</StgValue>
</bind>
</comp>

<comp id="60" class="1000" name="K_1_1_6">
<pin_list>
<pin id="61" dir="1" index="0" bw="1" slack="0"/>
</pin_list>
<bind>
<StgValue><ssdm name="K_1_1_6"/><MemPortTyVec>0 3 </MemPortTyVec>
</StgValue>
</bind>
</comp>

<comp id="62" class="1000" name="K_1_0_7">
<pin_list>
<pin id="63" dir="1" index="0" bw="1" slack="0"/>
</pin_list>
<bind>
<StgValue><ssdm name="K_1_0_7"/><MemPortTyVec>0 3 </MemPortTyVec>
</StgValue>
</bind>
</comp>

<comp id="64" class="1000" name="K_1_1_7">
<pin_list>
<pin id="65" dir="1" index="0" bw="1" slack="0"/>
</pin_list>
<bind>
<StgValue><ssdm name="K_1_1_7"/><MemPortTyVec>0 3 </MemPortTyVec>
</StgValue>
</bind>
</comp>

<comp id="66" class="1000" name="K_2_0_0">
<pin_list>
<pin id="67" dir="1" index="0" bw="1" slack="0"/>
</pin_list>
<bind>
<StgValue><ssdm name="K_2_0_0"/><MemPortTyVec>0 3 </MemPortTyVec>
</StgValue>
</bind>
</comp>

<comp id="68" class="1000" name="K_2_1_0">
<pin_list>
<pin id="69" dir="1" index="0" bw="1" slack="0"/>
</pin_list>
<bind>
<StgValue><ssdm name="K_2_1_0"/><MemPortTyVec>0 3 </MemPortTyVec>
</StgValue>
</bind>
</comp>

<comp id="70" class="1000" name="K_2_0_1">
<pin_list>
<pin id="71" dir="1" index="0" bw="1" slack="0"/>
</pin_list>
<bind>
<StgValue><ssdm name="K_2_0_1"/><MemPortTyVec>0 3 </MemPortTyVec>
</StgValue>
</bind>
</comp>

<comp id="72" class="1000" name="K_2_1_1">
<pin_list>
<pin id="73" dir="1" index="0" bw="1" slack="0"/>
</pin_list>
<bind>
<StgValue><ssdm name="K_2_1_1"/><MemPortTyVec>0 3 </MemPortTyVec>
</StgValue>
</bind>
</comp>

<comp id="74" class="1000" name="K_2_0_2">
<pin_list>
<pin id="75" dir="1" index="0" bw="1" slack="0"/>
</pin_list>
<bind>
<StgValue><ssdm name="K_2_0_2"/><MemPortTyVec>0 3 </MemPortTyVec>
</StgValue>
</bind>
</comp>

<comp id="76" class="1000" name="K_2_1_2">
<pin_list>
<pin id="77" dir="1" index="0" bw="1" slack="0"/>
</pin_list>
<bind>
<StgValue><ssdm name="K_2_1_2"/><MemPortTyVec>0 3 </MemPortTyVec>
</StgValue>
</bind>
</comp>

<comp id="78" class="1000" name="K_2_0_3">
<pin_list>
<pin id="79" dir="1" index="0" bw="1" slack="0"/>
</pin_list>
<bind>
<StgValue><ssdm name="K_2_0_3"/><MemPortTyVec>0 3 </MemPortTyVec>
</StgValue>
</bind>
</comp>

<comp id="80" class="1000" name="K_2_1_3">
<pin_list>
<pin id="81" dir="1" index="0" bw="1" slack="0"/>
</pin_list>
<bind>
<StgValue><ssdm name="K_2_1_3"/><MemPortTyVec>0 3 </MemPortTyVec>
</StgValue>
</bind>
</comp>

<comp id="82" class="1000" name="K_2_0_4">
<pin_list>
<pin id="83" dir="1" index="0" bw="1" slack="0"/>
</pin_list>
<bind>
<StgValue><ssdm name="K_2_0_4"/><MemPortTyVec>0 3 </MemPortTyVec>
</StgValue>
</bind>
</comp>

<comp id="84" class="1000" name="K_2_1_4">
<pin_list>
<pin id="85" dir="1" index="0" bw="1" slack="0"/>
</pin_list>
<bind>
<StgValue><ssdm name="K_2_1_4"/><MemPortTyVec>0 3 </MemPortTyVec>
</StgValue>
</bind>
</comp>

<comp id="86" class="1000" name="K_2_0_5">
<pin_list>
<pin id="87" dir="1" index="0" bw="1" slack="0"/>
</pin_list>
<bind>
<StgValue><ssdm name="K_2_0_5"/><MemPortTyVec>0 3 </MemPortTyVec>
</StgValue>
</bind>
</comp>

<comp id="88" class="1000" name="K_2_1_5">
<pin_list>
<pin id="89" dir="1" index="0" bw="1" slack="0"/>
</pin_list>
<bind>
<StgValue><ssdm name="K_2_1_5"/><MemPortTyVec>0 3 </MemPortTyVec>
</StgValue>
</bind>
</comp>

<comp id="90" class="1000" name="K_2_0_6">
<pin_list>
<pin id="91" dir="1" index="0" bw="1" slack="0"/>
</pin_list>
<bind>
<StgValue><ssdm name="K_2_0_6"/><MemPortTyVec>0 3 </MemPortTyVec>
</StgValue>
</bind>
</comp>

<comp id="92" class="1000" name="K_2_1_6">
<pin_list>
<pin id="93" dir="1" index="0" bw="1" slack="0"/>
</pin_list>
<bind>
<StgValue><ssdm name="K_2_1_6"/><MemPortTyVec>0 3 </MemPortTyVec>
</StgValue>
</bind>
</comp>

<comp id="94" class="1000" name="K_2_0_7">
<pin_list>
<pin id="95" dir="1" index="0" bw="1" slack="0"/>
</pin_list>
<bind>
<StgValue><ssdm name="K_2_0_7"/><MemPortTyVec>0 3 </MemPortTyVec>
</StgValue>
</bind>
</comp>

<comp id="96" class="1000" name="K_2_1_7">
<pin_list>
<pin id="97" dir="1" index="0" bw="1" slack="0"/>
</pin_list>
<bind>
<StgValue><ssdm name="K_2_1_7"/><MemPortTyVec>0 3 </MemPortTyVec>
</StgValue>
</bind>
</comp>

<comp id="98" class="1000" name="K_3_0_0">
<pin_list>
<pin id="99" dir="1" index="0" bw="1" slack="0"/>
</pin_list>
<bind>
<StgValue><ssdm name="K_3_0_0"/><MemPortTyVec>0 3 </MemPortTyVec>
</StgValue>
</bind>
</comp>

<comp id="100" class="1000" name="K_3_1_0">
<pin_list>
<pin id="101" dir="1" index="0" bw="1" slack="0"/>
</pin_list>
<bind>
<StgValue><ssdm name="K_3_1_0"/><MemPortTyVec>0 3 </MemPortTyVec>
</StgValue>
</bind>
</comp>

<comp id="102" class="1000" name="K_3_0_1">
<pin_list>
<pin id="103" dir="1" index="0" bw="1" slack="0"/>
</pin_list>
<bind>
<StgValue><ssdm name="K_3_0_1"/><MemPortTyVec>0 3 </MemPortTyVec>
</StgValue>
</bind>
</comp>

<comp id="104" class="1000" name="K_3_1_1">
<pin_list>
<pin id="105" dir="1" index="0" bw="1" slack="0"/>
</pin_list>
<bind>
<StgValue><ssdm name="K_3_1_1"/><MemPortTyVec>0 3 </MemPortTyVec>
</StgValue>
</bind>
</comp>

<comp id="106" class="1000" name="K_3_0_2">
<pin_list>
<pin id="107" dir="1" index="0" bw="1" slack="0"/>
</pin_list>
<bind>
<StgValue><ssdm name="K_3_0_2"/><MemPortTyVec>0 3 </MemPortTyVec>
</StgValue>
</bind>
</comp>

<comp id="108" class="1000" name="K_3_1_2">
<pin_list>
<pin id="109" dir="1" index="0" bw="1" slack="0"/>
</pin_list>
<bind>
<StgValue><ssdm name="K_3_1_2"/><MemPortTyVec>0 3 </MemPortTyVec>
</StgValue>
</bind>
</comp>

<comp id="110" class="1000" name="K_3_0_3">
<pin_list>
<pin id="111" dir="1" index="0" bw="1" slack="0"/>
</pin_list>
<bind>
<StgValue><ssdm name="K_3_0_3"/><MemPortTyVec>0 3 </MemPortTyVec>
</StgValue>
</bind>
</comp>

<comp id="112" class="1000" name="K_3_1_3">
<pin_list>
<pin id="113" dir="1" index="0" bw="1" slack="0"/>
</pin_list>
<bind>
<StgValue><ssdm name="K_3_1_3"/><MemPortTyVec>0 3 </MemPortTyVec>
</StgValue>
</bind>
</comp>

<comp id="114" class="1000" name="K_3_0_4">
<pin_list>
<pin id="115" dir="1" index="0" bw="1" slack="0"/>
</pin_list>
<bind>
<StgValue><ssdm name="K_3_0_4"/><MemPortTyVec>0 3 </MemPortTyVec>
</StgValue>
</bind>
</comp>

<comp id="116" class="1000" name="K_3_1_4">
<pin_list>
<pin id="117" dir="1" index="0" bw="1" slack="0"/>
</pin_list>
<bind>
<StgValue><ssdm name="K_3_1_4"/><MemPortTyVec>0 3 </MemPortTyVec>
</StgValue>
</bind>
</comp>

<comp id="118" class="1000" name="K_3_0_5">
<pin_list>
<pin id="119" dir="1" index="0" bw="1" slack="0"/>
</pin_list>
<bind>
<StgValue><ssdm name="K_3_0_5"/><MemPortTyVec>0 3 </MemPortTyVec>
</StgValue>
</bind>
</comp>

<comp id="120" class="1000" name="K_3_1_5">
<pin_list>
<pin id="121" dir="1" index="0" bw="1" slack="0"/>
</pin_list>
<bind>
<StgValue><ssdm name="K_3_1_5"/><MemPortTyVec>0 3 </MemPortTyVec>
</StgValue>
</bind>
</comp>

<comp id="122" class="1000" name="K_3_0_6">
<pin_list>
<pin id="123" dir="1" index="0" bw="1" slack="0"/>
</pin_list>
<bind>
<StgValue><ssdm name="K_3_0_6"/><MemPortTyVec>0 3 </MemPortTyVec>
</StgValue>
</bind>
</comp>

<comp id="124" class="1000" name="K_3_1_6">
<pin_list>
<pin id="125" dir="1" index="0" bw="1" slack="0"/>
</pin_list>
<bind>
<StgValue><ssdm name="K_3_1_6"/><MemPortTyVec>0 3 </MemPortTyVec>
</StgValue>
</bind>
</comp>

<comp id="126" class="1000" name="K_3_0_7">
<pin_list>
<pin id="127" dir="1" index="0" bw="1" slack="0"/>
</pin_list>
<bind>
<StgValue><ssdm name="K_3_0_7"/><MemPortTyVec>0 3 </MemPortTyVec>
</StgValue>
</bind>
</comp>

<comp id="128" class="1000" name="K_3_1_7">
<pin_list>
<pin id="129" dir="1" index="0" bw="1" slack="0"/>
</pin_list>
<bind>
<StgValue><ssdm name="K_3_1_7"/><MemPortTyVec>0 3 </MemPortTyVec>
</StgValue>
</bind>
</comp>

<comp id="130" class="1000" name="G_11_reload">
<pin_list>
<pin id="131" dir="1" index="0" bw="1" slack="0"/>
</pin_list>
<bind>
<StgValue><ssdm name="G_11_reload"/></StgValue>
</bind>
</comp>

<comp id="132" class="1000" name="G_12_reload">
<pin_list>
<pin id="133" dir="1" index="0" bw="1" slack="0"/>
</pin_list>
<bind>
<StgValue><ssdm name="G_12_reload"/></StgValue>
</bind>
</comp>

<comp id="134" class="1000" name="G_13_reload">
<pin_list>
<pin id="135" dir="1" index="0" bw="1" slack="0"/>
</pin_list>
<bind>
<StgValue><ssdm name="G_13_reload"/></StgValue>
</bind>
</comp>

<comp id="136" class="1000" name="G_10_reload">
<pin_list>
<pin id="137" dir="1" index="0" bw="1" slack="0"/>
</pin_list>
<bind>
<StgValue><ssdm name="G_10_reload"/></StgValue>
</bind>
</comp>

<comp id="138" class="1000" name="G_9_reload">
<pin_list>
<pin id="139" dir="1" index="0" bw="1" slack="0"/>
</pin_list>
<bind>
<StgValue><ssdm name="G_9_reload"/></StgValue>
</bind>
</comp>

<comp id="140" class="1000" name="G_8_reload">
<pin_list>
<pin id="141" dir="1" index="0" bw="1" slack="0"/>
</pin_list>
<bind>
<StgValue><ssdm name="G_8_reload"/></StgValue>
</bind>
</comp>

<comp id="142" class="1000" name="select_ln723">
<pin_list>
<pin id="143" dir="1" index="0" bw="1" slack="0"/>
</pin_list>
<bind>
<StgValue><ssdm name="select_ln723"/></StgValue>
</bind>
</comp>

<comp id="144" class="1000" name="sext_ln283">
<pin_list>
<pin id="145" dir="1" index="0" bw="1" slack="0"/>
</pin_list>
<bind>
<StgValue><ssdm name="sext_ln283"/></StgValue>
</bind>
</comp>

<comp id="146" class="1000" name="G_7_reload">
<pin_list>
<pin id="147" dir="1" index="0" bw="1" slack="0"/>
</pin_list>
<bind>
<StgValue><ssdm name="G_7_reload"/></StgValue>
</bind>
</comp>

<comp id="148" class="1000" name="G_6_reload">
<pin_list>
<pin id="149" dir="1" index="0" bw="1" slack="0"/>
</pin_list>
<bind>
<StgValue><ssdm name="G_6_reload"/></StgValue>
</bind>
</comp>

<comp id="150" class="1000" name="G_5_reload">
<pin_list>
<pin id="151" dir="1" index="0" bw="1" slack="0"/>
</pin_list>
<bind>
<StgValue><ssdm name="G_5_reload"/></StgValue>
</bind>
</comp>

<comp id="152" class="1000" name="G_4_reload">
<pin_list>
<pin id="153" dir="1" index="0" bw="1" slack="0"/>
</pin_list>
<bind>
<StgValue><ssdm name="G_4_reload"/></StgValue>
</bind>
</comp>

<comp id="154" class="1000" name="G_3_reload">
<pin_list>
<pin id="155" dir="1" index="0" bw="1" slack="0"/>
</pin_list>
<bind>
<StgValue><ssdm name="G_3_reload"/></StgValue>
</bind>
</comp>

<comp id="156" class="1000" name="G_2_reload">
<pin_list>
<pin id="157" dir="1" index="0" bw="1" slack="0"/>
</pin_list>
<bind>
<StgValue><ssdm name="G_2_reload"/></StgValue>
</bind>
</comp>

<comp id="158" class="1000" name="sext_ln283_1">
<pin_list>
<pin id="159" dir="1" index="0" bw="1" slack="0"/>
</pin_list>
<bind>
<StgValue><ssdm name="sext_ln283_1"/></StgValue>
</bind>
</comp>

<comp id="160" class="1000" name="sext_ln283_2">
<pin_list>
<pin id="161" dir="1" index="0" bw="1" slack="0"/>
</pin_list>
<bind>
<StgValue><ssdm name="sext_ln283_2"/></StgValue>
</bind>
</comp>

<comp id="162" class="1000" name="sext_ln760">
<pin_list>
<pin id="163" dir="1" index="0" bw="1" slack="0"/>
</pin_list>
<bind>
<StgValue><ssdm name="sext_ln760"/></StgValue>
</bind>
</comp>

<comp id="164" class="1000" name="empty">
<pin_list>
<pin id="165" dir="1" index="0" bw="1" slack="0"/>
</pin_list>
<bind>
<StgValue><ssdm name="empty"/></StgValue>
</bind>
</comp>

<comp id="166" class="1001" name="const_166">
<pin_list>
<pin id="167" dir="1" index="0" bw="1" slack="0"/>
</pin_list>
<bind>
<StgValue><ssdm name=""/></StgValue>
</bind>
</comp>

<comp id="168" class="1001" name="const_168">
<pin_list>
<pin id="169" dir="1" index="0" bw="1" slack="0"/>
</pin_list>
<bind>
<StgValue><ssdm name="_ssdm_op_Read.ap_auto.i2"/></StgValue>
</bind>
</comp>

<comp id="170" class="1001" name="const_170">
<pin_list>
<pin id="171" dir="1" index="0" bw="1" slack="0"/>
</pin_list>
<bind>
<StgValue><ssdm name="_ssdm_op_Read.ap_auto.i32"/></StgValue>
</bind>
</comp>

<comp id="172" class="1001" name="const_172">
<pin_list>
<pin id="173" dir="1" index="0" bw="1" slack="0"/>
</pin_list>
<bind>
<StgValue><ssdm name="_ssdm_op_Read.ap_auto.i34"/></StgValue>
</bind>
</comp>

<comp id="174" class="1001" name="const_174">
<pin_list>
<pin id="175" dir="1" index="0" bw="1" slack="0"/>
</pin_list>
<bind>
<StgValue><ssdm name="_ssdm_op_Read.ap_auto.i23"/></StgValue>
</bind>
</comp>

<comp id="176" class="1001" name="const_176">
<pin_list>
<pin id="177" dir="1" index="0" bw="1" slack="0"/>
</pin_list>
<bind>
<StgValue><ssdm name="_ssdm_op_Read.ap_auto.i3"/></StgValue>
</bind>
</comp>

<comp id="178" class="1001" name="const_178">
<pin_list>
<pin id="179" dir="1" index="0" bw="1" slack="0"/>
</pin_list>
<bind>
<StgValue><ssdm name=""/></StgValue>
</bind>
</comp>

<comp id="180" class="1001" name="const_180">
<pin_list>
<pin id="181" dir="1" index="0" bw="1" slack="0"/>
</pin_list>
<bind>
<StgValue><ssdm name=""/></StgValue>
</bind>
</comp>

<comp id="182" class="1001" name="const_182">
<pin_list>
<pin id="183" dir="1" index="0" bw="1" slack="0"/>
</pin_list>
<bind>
<StgValue><ssdm name=""/></StgValue>
</bind>
</comp>

<comp id="184" class="1001" name="const_184">
<pin_list>
<pin id="185" dir="1" index="0" bw="1" slack="0"/>
</pin_list>
<bind>
<StgValue><ssdm name="_ssdm_op_SparseMux.ap_auto.8i34.i34.i3"/></StgValue>
</bind>
</comp>

<comp id="186" class="1001" name="const_186">
<pin_list>
<pin id="187" dir="1" index="0" bw="1" slack="0"/>
</pin_list>
<bind>
<StgValue><ssdm name=""/></StgValue>
</bind>
</comp>

<comp id="188" class="1001" name="const_188">
<pin_list>
<pin id="189" dir="1" index="0" bw="1" slack="0"/>
</pin_list>
<bind>
<StgValue><ssdm name=""/></StgValue>
</bind>
</comp>

<comp id="190" class="1001" name="const_190">
<pin_list>
<pin id="191" dir="1" index="0" bw="1" slack="0"/>
</pin_list>
<bind>
<StgValue><ssdm name=""/></StgValue>
</bind>
</comp>

<comp id="192" class="1001" name="const_192">
<pin_list>
<pin id="193" dir="1" index="0" bw="1" slack="0"/>
</pin_list>
<bind>
<StgValue><ssdm name=""/></StgValue>
</bind>
</comp>

<comp id="194" class="1001" name="const_194">
<pin_list>
<pin id="195" dir="1" index="0" bw="1" slack="0"/>
</pin_list>
<bind>
<StgValue><ssdm name=""/></StgValue>
</bind>
</comp>

<comp id="196" class="1001" name="const_196">
<pin_list>
<pin id="197" dir="1" index="0" bw="1" slack="0"/>
</pin_list>
<bind>
<StgValue><ssdm name=""/></StgValue>
</bind>
</comp>

<comp id="198" class="1001" name="const_198">
<pin_list>
<pin id="199" dir="1" index="0" bw="1" slack="0"/>
</pin_list>
<bind>
<StgValue><ssdm name=""/></StgValue>
</bind>
</comp>

<comp id="200" class="1001" name="const_200">
<pin_list>
<pin id="201" dir="1" index="0" bw="1" slack="0"/>
</pin_list>
<bind>
<StgValue><ssdm name=""/></StgValue>
</bind>
</comp>

<comp id="202" class="1001" name="const_202">
<pin_list>
<pin id="203" dir="1" index="0" bw="1" slack="0"/>
</pin_list>
<bind>
<StgValue><ssdm name=""/></StgValue>
</bind>
</comp>

<comp id="204" class="1001" name="const_204">
<pin_list>
<pin id="205" dir="1" index="0" bw="1" slack="0"/>
</pin_list>
<bind>
<StgValue><ssdm name=""/></StgValue>
</bind>
</comp>

<comp id="206" class="1001" name="const_206">
<pin_list>
<pin id="207" dir="1" index="0" bw="1" slack="0"/>
</pin_list>
<bind>
<StgValue><ssdm name=""/></StgValue>
</bind>
</comp>

<comp id="208" class="1001" name="const_208">
<pin_list>
<pin id="209" dir="1" index="0" bw="1" slack="0"/>
</pin_list>
<bind>
<StgValue><ssdm name=""/></StgValue>
</bind>
</comp>

<comp id="210" class="1001" name="const_210">
<pin_list>
<pin id="211" dir="1" index="0" bw="1" slack="0"/>
</pin_list>
<bind>
<StgValue><ssdm name=""/></StgValue>
</bind>
</comp>

<comp id="212" class="1001" name="const_212">
<pin_list>
<pin id="213" dir="1" index="0" bw="1" slack="0"/>
</pin_list>
<bind>
<StgValue><ssdm name=""/></StgValue>
</bind>
</comp>

<comp id="214" class="1001" name="const_214">
<pin_list>
<pin id="215" dir="1" index="0" bw="1" slack="2147483647"/>
</pin_list>
<bind>
<StgValue><ssdm name="_ssdm_op_SpecPipeline"/></StgValue>
</bind>
</comp>

<comp id="216" class="1001" name="const_216">
<pin_list>
<pin id="217" dir="1" index="0" bw="1" slack="2147483647"/>
</pin_list>
<bind>
<StgValue><ssdm name=""/></StgValue>
</bind>
</comp>

<comp id="218" class="1001" name="const_218">
<pin_list>
<pin id="219" dir="1" index="0" bw="1" slack="2147483647"/>
</pin_list>
<bind>
<StgValue><ssdm name=""/></StgValue>
</bind>
</comp>

<comp id="220" class="1001" name="const_220">
<pin_list>
<pin id="221" dir="1" index="0" bw="1" slack="2147483647"/>
</pin_list>
<bind>
<StgValue><ssdm name="empty_485"/></StgValue>
</bind>
</comp>

<comp id="222" class="1001" name="const_222">
<pin_list>
<pin id="223" dir="1" index="0" bw="1" slack="2147483647"/>
</pin_list>
<bind>
<StgValue><ssdm name="_ssdm_op_SpecLoopTripCount"/></StgValue>
</bind>
</comp>

<comp id="224" class="1001" name="const_224">
<pin_list>
<pin id="225" dir="1" index="0" bw="1" slack="2147483647"/>
</pin_list>
<bind>
<StgValue><ssdm name=""/></StgValue>
</bind>
</comp>

<comp id="226" class="1001" name="const_226">
<pin_list>
<pin id="227" dir="1" index="0" bw="1" slack="2147483647"/>
</pin_list>
<bind>
<StgValue><ssdm name="_ssdm_op_SpecLoopName"/></StgValue>
</bind>
</comp>

<comp id="228" class="1001" name="const_228">
<pin_list>
<pin id="229" dir="1" index="0" bw="1" slack="2147483647"/>
</pin_list>
<bind>
<StgValue><ssdm name="empty_0"/></StgValue>
</bind>
</comp>

<comp id="230" class="1001" name="const_230">
<pin_list>
<pin id="231" dir="1" index="0" bw="1" slack="2147483647"/>
</pin_list>
<bind>
<StgValue><ssdm name="_ssdm_op_SpecRegionBegin"/></StgValue>
</bind>
</comp>

<comp id="232" class="1001" name="const_232">
<pin_list>
<pin id="233" dir="1" index="0" bw="1" slack="2147483647"/>
</pin_list>
<bind>
<StgValue><ssdm name="empty_400"/></StgValue>
</bind>
</comp>

<comp id="234" class="1001" name="const_234">
<pin_list>
<pin id="235" dir="1" index="0" bw="1" slack="2147483647"/>
</pin_list>
<bind>
<StgValue><ssdm name="_ssdm_op_SpecFUCore"/></StgValue>
</bind>
</comp>

<comp id="236" class="1001" name="const_236">
<pin_list>
<pin id="237" dir="1" index="0" bw="1" slack="2147483647"/>
</pin_list>
<bind>
<StgValue><ssdm name=""/></StgValue>
</bind>
</comp>

<comp id="238" class="1001" name="const_238">
<pin_list>
<pin id="239" dir="1" index="0" bw="1" slack="2147483647"/>
</pin_list>
<bind>
<StgValue><ssdm name=""/></StgValue>
</bind>
</comp>

<comp id="240" class="1001" name="const_240">
<pin_list>
<pin id="241" dir="1" index="0" bw="1" slack="2147483647"/>
</pin_list>
<bind>
<StgValue><ssdm name=""/></StgValue>
</bind>
</comp>

<comp id="242" class="1001" name="const_242">
<pin_list>
<pin id="243" dir="1" index="0" bw="1" slack="2147483647"/>
</pin_list>
<bind>
<StgValue><ssdm name="_ssdm_op_SpecRegionEnd"/></StgValue>
</bind>
</comp>

<comp id="244" class="1001" name="const_244">
<pin_list>
<pin id="245" dir="1" index="0" bw="1" slack="2147483647"/>
</pin_list>
<bind>
<StgValue><ssdm name="empty_399"/></StgValue>
</bind>
</comp>

<comp id="246" class="1001" name="const_246">
<pin_list>
<pin id="247" dir="1" index="0" bw="1" slack="2147483647"/>
</pin_list>
<bind>
<StgValue><ssdm name="empty_398"/></StgValue>
</bind>
</comp>

<comp id="248" class="1001" name="const_248">
<pin_list>
<pin id="249" dir="1" index="0" bw="1" slack="2147483647"/>
</pin_list>
<bind>
<StgValue><ssdm name="empty_442"/></StgValue>
</bind>
</comp>

<comp id="250" class="1001" name="const_250">
<pin_list>
<pin id="251" dir="1" index="0" bw="1" slack="0"/>
</pin_list>
<bind>
<StgValue><ssdm name=""/></StgValue>
</bind>
</comp>

<comp id="252" class="1001" name="const_252">
<pin_list>
<pin id="253" dir="1" index="0" bw="1" slack="0"/>
</pin_list>
<bind>
<StgValue><ssdm name="_ssdm_op_PartSelect.i26.i44.i32.i32"/></StgValue>
</bind>
</comp>

<comp id="254" class="1001" name="const_254">
<pin_list>
<pin id="255" dir="1" index="0" bw="1" slack="0"/>
</pin_list>
<bind>
<StgValue><ssdm name=""/></StgValue>
</bind>
</comp>

<comp id="256" class="1001" name="const_256">
<pin_list>
<pin id="257" dir="1" index="0" bw="1" slack="0"/>
</pin_list>
<bind>
<StgValue><ssdm name=""/></StgValue>
</bind>
</comp>

<comp id="258" class="1004" name="j_fu_258">
<pin_list>
<pin id="259" dir="0" index="0" bw="1" slack="0"/>
<pin id="260" dir="1" index="1" bw="4" slack="0"/>
</pin_list>
<bind>
<opcode="alloca(26) " fcode="alloca"/>
<opset="j/1 "/>
</bind>
</comp>

<comp id="262" class="1004" name="tmp_read_fu_262">
<pin_list>
<pin id="263" dir="0" index="0" bw="2" slack="0"/>
<pin id="264" dir="0" index="1" bw="2" slack="0"/>
<pin id="265" dir="1" index="2" bw="2" slack="0"/>
</pin_list>
<bind>
<opcode="read(1150) " fcode="read"/>
<opset="tmp/1 "/>
</bind>
</comp>

<comp id="268" class="1004" name="sext_ln760_read_read_fu_268">
<pin_list>
<pin id="269" dir="0" index="0" bw="32" slack="0"/>
<pin id="270" dir="0" index="1" bw="32" slack="0"/>
<pin id="271" dir="1" index="2" bw="32" slack="0"/>
</pin_list>
<bind>
<opcode="read(1150) " fcode="read"/>
<opset="sext_ln760_read/1 "/>
</bind>
</comp>

<comp id="274" class="1004" name="sext_ln283_2_read_read_fu_274">
<pin_list>
<pin id="275" dir="0" index="0" bw="32" slack="0"/>
<pin id="276" dir="0" index="1" bw="32" slack="0"/>
<pin id="277" dir="1" index="2" bw="32" slack="0"/>
</pin_list>
<bind>
<opcode="read(1150) " fcode="read"/>
<opset="sext_ln283_2_read/1 "/>
</bind>
</comp>

<comp id="280" class="1004" name="sext_ln283_1_read_read_fu_280">
<pin_list>
<pin id="281" dir="0" index="0" bw="32" slack="0"/>
<pin id="282" dir="0" index="1" bw="32" slack="0"/>
<pin id="283" dir="1" index="2" bw="32" slack="0"/>
</pin_list>
<bind>
<opcode="read(1150) " fcode="read"/>
<opset="sext_ln283_1_read/1 "/>
</bind>
</comp>

<comp id="286" class="1004" name="G_2_reload_read_read_fu_286">
<pin_list>
<pin id="287" dir="0" index="0" bw="34" slack="0"/>
<pin id="288" dir="0" index="1" bw="34" slack="0"/>
<pin id="289" dir="1" index="2" bw="34" slack="0"/>
</pin_list>
<bind>
<opcode="read(1150) " fcode="read"/>
<opset="G_2_reload_read/1 "/>
</bind>
</comp>

<comp id="292" class="1004" name="G_3_reload_read_read_fu_292">
<pin_list>
<pin id="293" dir="0" index="0" bw="34" slack="0"/>
<pin id="294" dir="0" index="1" bw="34" slack="0"/>
<pin id="295" dir="1" index="2" bw="34" slack="0"/>
</pin_list>
<bind>
<opcode="read(1150) " fcode="read"/>
<opset="G_3_reload_read/1 "/>
</bind>
</comp>

<comp id="298" class="1004" name="G_4_reload_read_read_fu_298">
<pin_list>
<pin id="299" dir="0" index="0" bw="34" slack="0"/>
<pin id="300" dir="0" index="1" bw="34" slack="0"/>
<pin id="301" dir="1" index="2" bw="34" slack="0"/>
</pin_list>
<bind>
<opcode="read(1150) " fcode="read"/>
<opset="G_4_reload_read/1 "/>
</bind>
</comp>

<comp id="304" class="1004" name="G_5_reload_read_read_fu_304">
<pin_list>
<pin id="305" dir="0" index="0" bw="34" slack="0"/>
<pin id="306" dir="0" index="1" bw="34" slack="0"/>
<pin id="307" dir="1" index="2" bw="34" slack="0"/>
</pin_list>
<bind>
<opcode="read(1150) " fcode="read"/>
<opset="G_5_reload_read/1 "/>
</bind>
</comp>

<comp id="310" class="1004" name="G_6_reload_read_read_fu_310">
<pin_list>
<pin id="311" dir="0" index="0" bw="34" slack="0"/>
<pin id="312" dir="0" index="1" bw="34" slack="0"/>
<pin id="313" dir="1" index="2" bw="34" slack="0"/>
</pin_list>
<bind>
<opcode="read(1150) " fcode="read"/>
<opset="G_6_reload_read/1 "/>
</bind>
</comp>

<comp id="316" class="1004" name="G_7_reload_read_read_fu_316">
<pin_list>
<pin id="317" dir="0" index="0" bw="34" slack="0"/>
<pin id="318" dir="0" index="1" bw="34" slack="0"/>
<pin id="319" dir="1" index="2" bw="34" slack="0"/>
</pin_list>
<bind>
<opcode="read(1150) " fcode="read"/>
<opset="G_7_reload_read/1 "/>
</bind>
</comp>

<comp id="322" class="1004" name="sext_ln283_read_read_fu_322">
<pin_list>
<pin id="323" dir="0" index="0" bw="32" slack="0"/>
<pin id="324" dir="0" index="1" bw="32" slack="0"/>
<pin id="325" dir="1" index="2" bw="32" slack="0"/>
</pin_list>
<bind>
<opcode="read(1150) " fcode="read"/>
<opset="sext_ln283_read/1 "/>
</bind>
</comp>

<comp id="328" class="1004" name="select_ln723_read_read_fu_328">
<pin_list>
<pin id="329" dir="0" index="0" bw="23" slack="0"/>
<pin id="330" dir="0" index="1" bw="23" slack="0"/>
<pin id="331" dir="1" index="2" bw="23" slack="0"/>
</pin_list>
<bind>
<opcode="read(1150) " fcode="read"/>
<opset="select_ln723_read/1 "/>
</bind>
</comp>

<comp id="334" class="1004" name="G_8_reload_read_read_fu_334">
<pin_list>
<pin id="335" dir="0" index="0" bw="34" slack="0"/>
<pin id="336" dir="0" index="1" bw="34" slack="0"/>
<pin id="337" dir="1" index="2" bw="34" slack="0"/>
</pin_list>
<bind>
<opcode="read(1150) " fcode="read"/>
<opset="G_8_reload_read/1 "/>
</bind>
</comp>

<comp id="340" class="1004" name="G_9_reload_read_read_fu_340">
<pin_list>
<pin id="341" dir="0" index="0" bw="34" slack="0"/>
<pin id="342" dir="0" index="1" bw="34" slack="0"/>
<pin id="343" dir="1" index="2" bw="34" slack="0"/>
</pin_list>
<bind>
<opcode="read(1150) " fcode="read"/>
<opset="G_9_reload_read/1 "/>
</bind>
</comp>

<comp id="346" class="1004" name="G_10_reload_read_read_fu_346">
<pin_list>
<pin id="347" dir="0" index="0" bw="34" slack="0"/>
<pin id="348" dir="0" index="1" bw="34" slack="0"/>
<pin id="349" dir="1" index="2" bw="34" slack="0"/>
</pin_list>
<bind>
<opcode="read(1150) " fcode="read"/>
<opset="G_10_reload_read/1 "/>
</bind>
</comp>

<comp id="352" class="1004" name="G_13_reload_read_read_fu_352">
<pin_list>
<pin id="353" dir="0" index="0" bw="34" slack="0"/>
<pin id="354" dir="0" index="1" bw="34" slack="0"/>
<pin id="355" dir="1" index="2" bw="34" slack="0"/>
</pin_list>
<bind>
<opcode="read(1150) " fcode="read"/>
<opset="G_13_reload_read/1 "/>
</bind>
</comp>

<comp id="358" class="1004" name="G_12_reload_read_read_fu_358">
<pin_list>
<pin id="359" dir="0" index="0" bw="34" slack="0"/>
<pin id="360" dir="0" index="1" bw="34" slack="0"/>
<pin id="361" dir="1" index="2" bw="34" slack="0"/>
</pin_list>
<bind>
<opcode="read(1150) " fcode="read"/>
<opset="G_12_reload_read/1 "/>
</bind>
</comp>

<comp id="364" class="1004" name="G_11_reload_read_read_fu_364">
<pin_list>
<pin id="365" dir="0" index="0" bw="34" slack="0"/>
<pin id="366" dir="0" index="1" bw="34" slack="0"/>
<pin id="367" dir="1" index="2" bw="34" slack="0"/>
</pin_list>
<bind>
<opcode="read(1150) " fcode="read"/>
<opset="G_11_reload_read/1 "/>
</bind>
</comp>

<comp id="370" class="1004" name="zext_ln475_read_read_fu_370">
<pin_list>
<pin id="371" dir="0" index="0" bw="3" slack="0"/>
<pin id="372" dir="0" index="1" bw="3" slack="0"/>
<pin id="373" dir="1" index="2" bw="3" slack="0"/>
</pin_list>
<bind>
<opcode="read(1150) " fcode="read"/>
<opset="zext_ln475_read/1 "/>
</bind>
</comp>

<comp id="376" class="1004" name="K_0_0_0_addr_gep_fu_376">
<pin_list>
<pin id="377" dir="0" index="0" bw="26" slack="0"/>
<pin id="378" dir="0" index="1" bw="1" slack="0"/>
<pin id="379" dir="0" index="2" bw="3" slack="3"/>
<pin id="380" dir="1" index="3" bw="3" slack="0"/>
</pin_list>
<bind>
<opcode="getelementptr(29) " fcode="getelementptr"/>
<opset="K_0_0_0_addr/4 "/>
</bind>
</comp>

<comp id="383" class="1004" name="K_0_1_0_addr_gep_fu_383">
<pin_list>
<pin id="384" dir="0" index="0" bw="26" slack="0"/>
<pin id="385" dir="0" index="1" bw="1" slack="0"/>
<pin id="386" dir="0" index="2" bw="3" slack="3"/>
<pin id="387" dir="1" index="3" bw="3" slack="0"/>
</pin_list>
<bind>
<opcode="getelementptr(29) " fcode="getelementptr"/>
<opset="K_0_1_0_addr/4 "/>
</bind>
</comp>

<comp id="390" class="1004" name="K_0_0_1_addr_gep_fu_390">
<pin_list>
<pin id="391" dir="0" index="0" bw="26" slack="0"/>
<pin id="392" dir="0" index="1" bw="1" slack="0"/>
<pin id="393" dir="0" index="2" bw="3" slack="3"/>
<pin id="394" dir="1" index="3" bw="3" slack="0"/>
</pin_list>
<bind>
<opcode="getelementptr(29) " fcode="getelementptr"/>
<opset="K_0_0_1_addr/4 "/>
</bind>
</comp>

<comp id="397" class="1004" name="K_0_1_1_addr_gep_fu_397">
<pin_list>
<pin id="398" dir="0" index="0" bw="26" slack="0"/>
<pin id="399" dir="0" index="1" bw="1" slack="0"/>
<pin id="400" dir="0" index="2" bw="3" slack="3"/>
<pin id="401" dir="1" index="3" bw="3" slack="0"/>
</pin_list>
<bind>
<opcode="getelementptr(29) " fcode="getelementptr"/>
<opset="K_0_1_1_addr/4 "/>
</bind>
</comp>

<comp id="404" class="1004" name="K_0_0_2_addr_gep_fu_404">
<pin_list>
<pin id="405" dir="0" index="0" bw="26" slack="0"/>
<pin id="406" dir="0" index="1" bw="1" slack="0"/>
<pin id="407" dir="0" index="2" bw="3" slack="3"/>
<pin id="408" dir="1" index="3" bw="3" slack="0"/>
</pin_list>
<bind>
<opcode="getelementptr(29) " fcode="getelementptr"/>
<opset="K_0_0_2_addr/4 "/>
</bind>
</comp>

<comp id="411" class="1004" name="K_0_1_2_addr_gep_fu_411">
<pin_list>
<pin id="412" dir="0" index="0" bw="26" slack="0"/>
<pin id="413" dir="0" index="1" bw="1" slack="0"/>
<pin id="414" dir="0" index="2" bw="3" slack="3"/>
<pin id="415" dir="1" index="3" bw="3" slack="0"/>
</pin_list>
<bind>
<opcode="getelementptr(29) " fcode="getelementptr"/>
<opset="K_0_1_2_addr/4 "/>
</bind>
</comp>

<comp id="418" class="1004" name="K_0_0_3_addr_gep_fu_418">
<pin_list>
<pin id="419" dir="0" index="0" bw="26" slack="0"/>
<pin id="420" dir="0" index="1" bw="1" slack="0"/>
<pin id="421" dir="0" index="2" bw="3" slack="3"/>
<pin id="422" dir="1" index="3" bw="3" slack="0"/>
</pin_list>
<bind>
<opcode="getelementptr(29) " fcode="getelementptr"/>
<opset="K_0_0_3_addr/4 "/>
</bind>
</comp>

<comp id="425" class="1004" name="K_0_1_3_addr_gep_fu_425">
<pin_list>
<pin id="426" dir="0" index="0" bw="26" slack="0"/>
<pin id="427" dir="0" index="1" bw="1" slack="0"/>
<pin id="428" dir="0" index="2" bw="3" slack="3"/>
<pin id="429" dir="1" index="3" bw="3" slack="0"/>
</pin_list>
<bind>
<opcode="getelementptr(29) " fcode="getelementptr"/>
<opset="K_0_1_3_addr/4 "/>
</bind>
</comp>

<comp id="432" class="1004" name="K_0_0_4_addr_gep_fu_432">
<pin_list>
<pin id="433" dir="0" index="0" bw="26" slack="0"/>
<pin id="434" dir="0" index="1" bw="1" slack="0"/>
<pin id="435" dir="0" index="2" bw="3" slack="3"/>
<pin id="436" dir="1" index="3" bw="3" slack="0"/>
</pin_list>
<bind>
<opcode="getelementptr(29) " fcode="getelementptr"/>
<opset="K_0_0_4_addr/4 "/>
</bind>
</comp>

<comp id="439" class="1004" name="K_0_1_4_addr_gep_fu_439">
<pin_list>
<pin id="440" dir="0" index="0" bw="26" slack="0"/>
<pin id="441" dir="0" index="1" bw="1" slack="0"/>
<pin id="442" dir="0" index="2" bw="3" slack="3"/>
<pin id="443" dir="1" index="3" bw="3" slack="0"/>
</pin_list>
<bind>
<opcode="getelementptr(29) " fcode="getelementptr"/>
<opset="K_0_1_4_addr/4 "/>
</bind>
</comp>

<comp id="446" class="1004" name="K_0_0_5_addr_gep_fu_446">
<pin_list>
<pin id="447" dir="0" index="0" bw="26" slack="0"/>
<pin id="448" dir="0" index="1" bw="1" slack="0"/>
<pin id="449" dir="0" index="2" bw="3" slack="3"/>
<pin id="450" dir="1" index="3" bw="3" slack="0"/>
</pin_list>
<bind>
<opcode="getelementptr(29) " fcode="getelementptr"/>
<opset="K_0_0_5_addr/4 "/>
</bind>
</comp>

<comp id="453" class="1004" name="K_0_1_5_addr_gep_fu_453">
<pin_list>
<pin id="454" dir="0" index="0" bw="26" slack="0"/>
<pin id="455" dir="0" index="1" bw="1" slack="0"/>
<pin id="456" dir="0" index="2" bw="3" slack="3"/>
<pin id="457" dir="1" index="3" bw="3" slack="0"/>
</pin_list>
<bind>
<opcode="getelementptr(29) " fcode="getelementptr"/>
<opset="K_0_1_5_addr/4 "/>
</bind>
</comp>

<comp id="460" class="1004" name="K_0_0_6_addr_gep_fu_460">
<pin_list>
<pin id="461" dir="0" index="0" bw="26" slack="0"/>
<pin id="462" dir="0" index="1" bw="1" slack="0"/>
<pin id="463" dir="0" index="2" bw="3" slack="3"/>
<pin id="464" dir="1" index="3" bw="3" slack="0"/>
</pin_list>
<bind>
<opcode="getelementptr(29) " fcode="getelementptr"/>
<opset="K_0_0_6_addr/4 "/>
</bind>
</comp>

<comp id="467" class="1004" name="K_0_1_6_addr_gep_fu_467">
<pin_list>
<pin id="468" dir="0" index="0" bw="26" slack="0"/>
<pin id="469" dir="0" index="1" bw="1" slack="0"/>
<pin id="470" dir="0" index="2" bw="3" slack="3"/>
<pin id="471" dir="1" index="3" bw="3" slack="0"/>
</pin_list>
<bind>
<opcode="getelementptr(29) " fcode="getelementptr"/>
<opset="K_0_1_6_addr/4 "/>
</bind>
</comp>

<comp id="474" class="1004" name="K_0_0_7_addr_gep_fu_474">
<pin_list>
<pin id="475" dir="0" index="0" bw="26" slack="0"/>
<pin id="476" dir="0" index="1" bw="1" slack="0"/>
<pin id="477" dir="0" index="2" bw="3" slack="3"/>
<pin id="478" dir="1" index="3" bw="3" slack="0"/>
</pin_list>
<bind>
<opcode="getelementptr(29) " fcode="getelementptr"/>
<opset="K_0_0_7_addr/4 "/>
</bind>
</comp>

<comp id="481" class="1004" name="K_0_1_7_addr_gep_fu_481">
<pin_list>
<pin id="482" dir="0" index="0" bw="26" slack="0"/>
<pin id="483" dir="0" index="1" bw="1" slack="0"/>
<pin id="484" dir="0" index="2" bw="3" slack="3"/>
<pin id="485" dir="1" index="3" bw="3" slack="0"/>
</pin_list>
<bind>
<opcode="getelementptr(29) " fcode="getelementptr"/>
<opset="K_0_1_7_addr/4 "/>
</bind>
</comp>

<comp id="488" class="1004" name="K_1_0_0_addr_gep_fu_488">
<pin_list>
<pin id="489" dir="0" index="0" bw="26" slack="0"/>
<pin id="490" dir="0" index="1" bw="1" slack="0"/>
<pin id="491" dir="0" index="2" bw="3" slack="3"/>
<pin id="492" dir="1" index="3" bw="3" slack="0"/>
</pin_list>
<bind>
<opcode="getelementptr(29) " fcode="getelementptr"/>
<opset="K_1_0_0_addr/4 "/>
</bind>
</comp>

<comp id="495" class="1004" name="K_1_1_0_addr_gep_fu_495">
<pin_list>
<pin id="496" dir="0" index="0" bw="26" slack="0"/>
<pin id="497" dir="0" index="1" bw="1" slack="0"/>
<pin id="498" dir="0" index="2" bw="3" slack="3"/>
<pin id="499" dir="1" index="3" bw="3" slack="0"/>
</pin_list>
<bind>
<opcode="getelementptr(29) " fcode="getelementptr"/>
<opset="K_1_1_0_addr/4 "/>
</bind>
</comp>

<comp id="502" class="1004" name="K_1_0_1_addr_gep_fu_502">
<pin_list>
<pin id="503" dir="0" index="0" bw="26" slack="0"/>
<pin id="504" dir="0" index="1" bw="1" slack="0"/>
<pin id="505" dir="0" index="2" bw="3" slack="3"/>
<pin id="506" dir="1" index="3" bw="3" slack="0"/>
</pin_list>
<bind>
<opcode="getelementptr(29) " fcode="getelementptr"/>
<opset="K_1_0_1_addr/4 "/>
</bind>
</comp>

<comp id="509" class="1004" name="K_1_1_1_addr_gep_fu_509">
<pin_list>
<pin id="510" dir="0" index="0" bw="26" slack="0"/>
<pin id="511" dir="0" index="1" bw="1" slack="0"/>
<pin id="512" dir="0" index="2" bw="3" slack="3"/>
<pin id="513" dir="1" index="3" bw="3" slack="0"/>
</pin_list>
<bind>
<opcode="getelementptr(29) " fcode="getelementptr"/>
<opset="K_1_1_1_addr/4 "/>
</bind>
</comp>

<comp id="516" class="1004" name="K_1_0_2_addr_gep_fu_516">
<pin_list>
<pin id="517" dir="0" index="0" bw="26" slack="0"/>
<pin id="518" dir="0" index="1" bw="1" slack="0"/>
<pin id="519" dir="0" index="2" bw="3" slack="3"/>
<pin id="520" dir="1" index="3" bw="3" slack="0"/>
</pin_list>
<bind>
<opcode="getelementptr(29) " fcode="getelementptr"/>
<opset="K_1_0_2_addr/4 "/>
</bind>
</comp>

<comp id="523" class="1004" name="K_1_1_2_addr_gep_fu_523">
<pin_list>
<pin id="524" dir="0" index="0" bw="26" slack="0"/>
<pin id="525" dir="0" index="1" bw="1" slack="0"/>
<pin id="526" dir="0" index="2" bw="3" slack="3"/>
<pin id="527" dir="1" index="3" bw="3" slack="0"/>
</pin_list>
<bind>
<opcode="getelementptr(29) " fcode="getelementptr"/>
<opset="K_1_1_2_addr/4 "/>
</bind>
</comp>

<comp id="530" class="1004" name="K_1_0_3_addr_gep_fu_530">
<pin_list>
<pin id="531" dir="0" index="0" bw="26" slack="0"/>
<pin id="532" dir="0" index="1" bw="1" slack="0"/>
<pin id="533" dir="0" index="2" bw="3" slack="3"/>
<pin id="534" dir="1" index="3" bw="3" slack="0"/>
</pin_list>
<bind>
<opcode="getelementptr(29) " fcode="getelementptr"/>
<opset="K_1_0_3_addr/4 "/>
</bind>
</comp>

<comp id="537" class="1004" name="K_1_1_3_addr_gep_fu_537">
<pin_list>
<pin id="538" dir="0" index="0" bw="26" slack="0"/>
<pin id="539" dir="0" index="1" bw="1" slack="0"/>
<pin id="540" dir="0" index="2" bw="3" slack="3"/>
<pin id="541" dir="1" index="3" bw="3" slack="0"/>
</pin_list>
<bind>
<opcode="getelementptr(29) " fcode="getelementptr"/>
<opset="K_1_1_3_addr/4 "/>
</bind>
</comp>

<comp id="544" class="1004" name="K_1_0_4_addr_gep_fu_544">
<pin_list>
<pin id="545" dir="0" index="0" bw="26" slack="0"/>
<pin id="546" dir="0" index="1" bw="1" slack="0"/>
<pin id="547" dir="0" index="2" bw="3" slack="3"/>
<pin id="548" dir="1" index="3" bw="3" slack="0"/>
</pin_list>
<bind>
<opcode="getelementptr(29) " fcode="getelementptr"/>
<opset="K_1_0_4_addr/4 "/>
</bind>
</comp>

<comp id="551" class="1004" name="K_1_1_4_addr_gep_fu_551">
<pin_list>
<pin id="552" dir="0" index="0" bw="26" slack="0"/>
<pin id="553" dir="0" index="1" bw="1" slack="0"/>
<pin id="554" dir="0" index="2" bw="3" slack="3"/>
<pin id="555" dir="1" index="3" bw="3" slack="0"/>
</pin_list>
<bind>
<opcode="getelementptr(29) " fcode="getelementptr"/>
<opset="K_1_1_4_addr/4 "/>
</bind>
</comp>

<comp id="558" class="1004" name="K_1_0_5_addr_gep_fu_558">
<pin_list>
<pin id="559" dir="0" index="0" bw="26" slack="0"/>
<pin id="560" dir="0" index="1" bw="1" slack="0"/>
<pin id="561" dir="0" index="2" bw="3" slack="3"/>
<pin id="562" dir="1" index="3" bw="3" slack="0"/>
</pin_list>
<bind>
<opcode="getelementptr(29) " fcode="getelementptr"/>
<opset="K_1_0_5_addr/4 "/>
</bind>
</comp>

<comp id="565" class="1004" name="K_1_1_5_addr_gep_fu_565">
<pin_list>
<pin id="566" dir="0" index="0" bw="26" slack="0"/>
<pin id="567" dir="0" index="1" bw="1" slack="0"/>
<pin id="568" dir="0" index="2" bw="3" slack="3"/>
<pin id="569" dir="1" index="3" bw="3" slack="0"/>
</pin_list>
<bind>
<opcode="getelementptr(29) " fcode="getelementptr"/>
<opset="K_1_1_5_addr/4 "/>
</bind>
</comp>

<comp id="572" class="1004" name="K_1_0_6_addr_gep_fu_572">
<pin_list>
<pin id="573" dir="0" index="0" bw="26" slack="0"/>
<pin id="574" dir="0" index="1" bw="1" slack="0"/>
<pin id="575" dir="0" index="2" bw="3" slack="3"/>
<pin id="576" dir="1" index="3" bw="3" slack="0"/>
</pin_list>
<bind>
<opcode="getelementptr(29) " fcode="getelementptr"/>
<opset="K_1_0_6_addr/4 "/>
</bind>
</comp>

<comp id="579" class="1004" name="K_1_1_6_addr_gep_fu_579">
<pin_list>
<pin id="580" dir="0" index="0" bw="26" slack="0"/>
<pin id="581" dir="0" index="1" bw="1" slack="0"/>
<pin id="582" dir="0" index="2" bw="3" slack="3"/>
<pin id="583" dir="1" index="3" bw="3" slack="0"/>
</pin_list>
<bind>
<opcode="getelementptr(29) " fcode="getelementptr"/>
<opset="K_1_1_6_addr/4 "/>
</bind>
</comp>

<comp id="586" class="1004" name="K_1_0_7_addr_gep_fu_586">
<pin_list>
<pin id="587" dir="0" index="0" bw="26" slack="0"/>
<pin id="588" dir="0" index="1" bw="1" slack="0"/>
<pin id="589" dir="0" index="2" bw="3" slack="3"/>
<pin id="590" dir="1" index="3" bw="3" slack="0"/>
</pin_list>
<bind>
<opcode="getelementptr(29) " fcode="getelementptr"/>
<opset="K_1_0_7_addr/4 "/>
</bind>
</comp>

<comp id="593" class="1004" name="K_1_1_7_addr_gep_fu_593">
<pin_list>
<pin id="594" dir="0" index="0" bw="26" slack="0"/>
<pin id="595" dir="0" index="1" bw="1" slack="0"/>
<pin id="596" dir="0" index="2" bw="3" slack="3"/>
<pin id="597" dir="1" index="3" bw="3" slack="0"/>
</pin_list>
<bind>
<opcode="getelementptr(29) " fcode="getelementptr"/>
<opset="K_1_1_7_addr/4 "/>
</bind>
</comp>

<comp id="600" class="1004" name="K_2_0_0_addr_gep_fu_600">
<pin_list>
<pin id="601" dir="0" index="0" bw="26" slack="0"/>
<pin id="602" dir="0" index="1" bw="1" slack="0"/>
<pin id="603" dir="0" index="2" bw="3" slack="3"/>
<pin id="604" dir="1" index="3" bw="3" slack="0"/>
</pin_list>
<bind>
<opcode="getelementptr(29) " fcode="getelementptr"/>
<opset="K_2_0_0_addr/4 "/>
</bind>
</comp>

<comp id="607" class="1004" name="K_2_1_0_addr_gep_fu_607">
<pin_list>
<pin id="608" dir="0" index="0" bw="26" slack="0"/>
<pin id="609" dir="0" index="1" bw="1" slack="0"/>
<pin id="610" dir="0" index="2" bw="3" slack="3"/>
<pin id="611" dir="1" index="3" bw="3" slack="0"/>
</pin_list>
<bind>
<opcode="getelementptr(29) " fcode="getelementptr"/>
<opset="K_2_1_0_addr/4 "/>
</bind>
</comp>

<comp id="614" class="1004" name="K_2_0_1_addr_gep_fu_614">
<pin_list>
<pin id="615" dir="0" index="0" bw="26" slack="0"/>
<pin id="616" dir="0" index="1" bw="1" slack="0"/>
<pin id="617" dir="0" index="2" bw="3" slack="3"/>
<pin id="618" dir="1" index="3" bw="3" slack="0"/>
</pin_list>
<bind>
<opcode="getelementptr(29) " fcode="getelementptr"/>
<opset="K_2_0_1_addr/4 "/>
</bind>
</comp>

<comp id="621" class="1004" name="K_2_1_1_addr_gep_fu_621">
<pin_list>
<pin id="622" dir="0" index="0" bw="26" slack="0"/>
<pin id="623" dir="0" index="1" bw="1" slack="0"/>
<pin id="624" dir="0" index="2" bw="3" slack="3"/>
<pin id="625" dir="1" index="3" bw="3" slack="0"/>
</pin_list>
<bind>
<opcode="getelementptr(29) " fcode="getelementptr"/>
<opset="K_2_1_1_addr/4 "/>
</bind>
</comp>

<comp id="628" class="1004" name="K_2_0_2_addr_gep_fu_628">
<pin_list>
<pin id="629" dir="0" index="0" bw="26" slack="0"/>
<pin id="630" dir="0" index="1" bw="1" slack="0"/>
<pin id="631" dir="0" index="2" bw="3" slack="3"/>
<pin id="632" dir="1" index="3" bw="3" slack="0"/>
</pin_list>
<bind>
<opcode="getelementptr(29) " fcode="getelementptr"/>
<opset="K_2_0_2_addr/4 "/>
</bind>
</comp>

<comp id="635" class="1004" name="K_2_1_2_addr_gep_fu_635">
<pin_list>
<pin id="636" dir="0" index="0" bw="26" slack="0"/>
<pin id="637" dir="0" index="1" bw="1" slack="0"/>
<pin id="638" dir="0" index="2" bw="3" slack="3"/>
<pin id="639" dir="1" index="3" bw="3" slack="0"/>
</pin_list>
<bind>
<opcode="getelementptr(29) " fcode="getelementptr"/>
<opset="K_2_1_2_addr/4 "/>
</bind>
</comp>

<comp id="642" class="1004" name="K_2_0_3_addr_gep_fu_642">
<pin_list>
<pin id="643" dir="0" index="0" bw="26" slack="0"/>
<pin id="644" dir="0" index="1" bw="1" slack="0"/>
<pin id="645" dir="0" index="2" bw="3" slack="3"/>
<pin id="646" dir="1" index="3" bw="3" slack="0"/>
</pin_list>
<bind>
<opcode="getelementptr(29) " fcode="getelementptr"/>
<opset="K_2_0_3_addr/4 "/>
</bind>
</comp>

<comp id="649" class="1004" name="K_2_1_3_addr_gep_fu_649">
<pin_list>
<pin id="650" dir="0" index="0" bw="26" slack="0"/>
<pin id="651" dir="0" index="1" bw="1" slack="0"/>
<pin id="652" dir="0" index="2" bw="3" slack="3"/>
<pin id="653" dir="1" index="3" bw="3" slack="0"/>
</pin_list>
<bind>
<opcode="getelementptr(29) " fcode="getelementptr"/>
<opset="K_2_1_3_addr/4 "/>
</bind>
</comp>

<comp id="656" class="1004" name="K_2_0_4_addr_gep_fu_656">
<pin_list>
<pin id="657" dir="0" index="0" bw="26" slack="0"/>
<pin id="658" dir="0" index="1" bw="1" slack="0"/>
<pin id="659" dir="0" index="2" bw="3" slack="3"/>
<pin id="660" dir="1" index="3" bw="3" slack="0"/>
</pin_list>
<bind>
<opcode="getelementptr(29) " fcode="getelementptr"/>
<opset="K_2_0_4_addr/4 "/>
</bind>
</comp>

<comp id="663" class="1004" name="K_2_1_4_addr_gep_fu_663">
<pin_list>
<pin id="664" dir="0" index="0" bw="26" slack="0"/>
<pin id="665" dir="0" index="1" bw="1" slack="0"/>
<pin id="666" dir="0" index="2" bw="3" slack="3"/>
<pin id="667" dir="1" index="3" bw="3" slack="0"/>
</pin_list>
<bind>
<opcode="getelementptr(29) " fcode="getelementptr"/>
<opset="K_2_1_4_addr/4 "/>
</bind>
</comp>

<comp id="670" class="1004" name="K_2_0_5_addr_gep_fu_670">
<pin_list>
<pin id="671" dir="0" index="0" bw="26" slack="0"/>
<pin id="672" dir="0" index="1" bw="1" slack="0"/>
<pin id="673" dir="0" index="2" bw="3" slack="3"/>
<pin id="674" dir="1" index="3" bw="3" slack="0"/>
</pin_list>
<bind>
<opcode="getelementptr(29) " fcode="getelementptr"/>
<opset="K_2_0_5_addr/4 "/>
</bind>
</comp>

<comp id="677" class="1004" name="K_2_1_5_addr_gep_fu_677">
<pin_list>
<pin id="678" dir="0" index="0" bw="26" slack="0"/>
<pin id="679" dir="0" index="1" bw="1" slack="0"/>
<pin id="680" dir="0" index="2" bw="3" slack="3"/>
<pin id="681" dir="1" index="3" bw="3" slack="0"/>
</pin_list>
<bind>
<opcode="getelementptr(29) " fcode="getelementptr"/>
<opset="K_2_1_5_addr/4 "/>
</bind>
</comp>

<comp id="684" class="1004" name="K_2_0_6_addr_gep_fu_684">
<pin_list>
<pin id="685" dir="0" index="0" bw="26" slack="0"/>
<pin id="686" dir="0" index="1" bw="1" slack="0"/>
<pin id="687" dir="0" index="2" bw="3" slack="3"/>
<pin id="688" dir="1" index="3" bw="3" slack="0"/>
</pin_list>
<bind>
<opcode="getelementptr(29) " fcode="getelementptr"/>
<opset="K_2_0_6_addr/4 "/>
</bind>
</comp>

<comp id="691" class="1004" name="K_2_1_6_addr_gep_fu_691">
<pin_list>
<pin id="692" dir="0" index="0" bw="26" slack="0"/>
<pin id="693" dir="0" index="1" bw="1" slack="0"/>
<pin id="694" dir="0" index="2" bw="3" slack="3"/>
<pin id="695" dir="1" index="3" bw="3" slack="0"/>
</pin_list>
<bind>
<opcode="getelementptr(29) " fcode="getelementptr"/>
<opset="K_2_1_6_addr/4 "/>
</bind>
</comp>

<comp id="698" class="1004" name="K_2_0_7_addr_gep_fu_698">
<pin_list>
<pin id="699" dir="0" index="0" bw="26" slack="0"/>
<pin id="700" dir="0" index="1" bw="1" slack="0"/>
<pin id="701" dir="0" index="2" bw="3" slack="3"/>
<pin id="702" dir="1" index="3" bw="3" slack="0"/>
</pin_list>
<bind>
<opcode="getelementptr(29) " fcode="getelementptr"/>
<opset="K_2_0_7_addr/4 "/>
</bind>
</comp>

<comp id="705" class="1004" name="K_2_1_7_addr_gep_fu_705">
<pin_list>
<pin id="706" dir="0" index="0" bw="26" slack="0"/>
<pin id="707" dir="0" index="1" bw="1" slack="0"/>
<pin id="708" dir="0" index="2" bw="3" slack="3"/>
<pin id="709" dir="1" index="3" bw="3" slack="0"/>
</pin_list>
<bind>
<opcode="getelementptr(29) " fcode="getelementptr"/>
<opset="K_2_1_7_addr/4 "/>
</bind>
</comp>

<comp id="712" class="1004" name="K_3_0_0_addr_gep_fu_712">
<pin_list>
<pin id="713" dir="0" index="0" bw="26" slack="0"/>
<pin id="714" dir="0" index="1" bw="1" slack="0"/>
<pin id="715" dir="0" index="2" bw="3" slack="3"/>
<pin id="716" dir="1" index="3" bw="3" slack="0"/>
</pin_list>
<bind>
<opcode="getelementptr(29) " fcode="getelementptr"/>
<opset="K_3_0_0_addr/4 "/>
</bind>
</comp>

<comp id="719" class="1004" name="K_3_1_0_addr_gep_fu_719">
<pin_list>
<pin id="720" dir="0" index="0" bw="26" slack="0"/>
<pin id="721" dir="0" index="1" bw="1" slack="0"/>
<pin id="722" dir="0" index="2" bw="3" slack="3"/>
<pin id="723" dir="1" index="3" bw="3" slack="0"/>
</pin_list>
<bind>
<opcode="getelementptr(29) " fcode="getelementptr"/>
<opset="K_3_1_0_addr/4 "/>
</bind>
</comp>

<comp id="726" class="1004" name="K_3_0_1_addr_gep_fu_726">
<pin_list>
<pin id="727" dir="0" index="0" bw="26" slack="0"/>
<pin id="728" dir="0" index="1" bw="1" slack="0"/>
<pin id="729" dir="0" index="2" bw="3" slack="3"/>
<pin id="730" dir="1" index="3" bw="3" slack="0"/>
</pin_list>
<bind>
<opcode="getelementptr(29) " fcode="getelementptr"/>
<opset="K_3_0_1_addr/4 "/>
</bind>
</comp>

<comp id="733" class="1004" name="K_3_1_1_addr_gep_fu_733">
<pin_list>
<pin id="734" dir="0" index="0" bw="26" slack="0"/>
<pin id="735" dir="0" index="1" bw="1" slack="0"/>
<pin id="736" dir="0" index="2" bw="3" slack="3"/>
<pin id="737" dir="1" index="3" bw="3" slack="0"/>
</pin_list>
<bind>
<opcode="getelementptr(29) " fcode="getelementptr"/>
<opset="K_3_1_1_addr/4 "/>
</bind>
</comp>

<comp id="740" class="1004" name="K_3_0_2_addr_gep_fu_740">
<pin_list>
<pin id="741" dir="0" index="0" bw="26" slack="0"/>
<pin id="742" dir="0" index="1" bw="1" slack="0"/>
<pin id="743" dir="0" index="2" bw="3" slack="3"/>
<pin id="744" dir="1" index="3" bw="3" slack="0"/>
</pin_list>
<bind>
<opcode="getelementptr(29) " fcode="getelementptr"/>
<opset="K_3_0_2_addr/4 "/>
</bind>
</comp>

<comp id="747" class="1004" name="K_3_1_2_addr_gep_fu_747">
<pin_list>
<pin id="748" dir="0" index="0" bw="26" slack="0"/>
<pin id="749" dir="0" index="1" bw="1" slack="0"/>
<pin id="750" dir="0" index="2" bw="3" slack="3"/>
<pin id="751" dir="1" index="3" bw="3" slack="0"/>
</pin_list>
<bind>
<opcode="getelementptr(29) " fcode="getelementptr"/>
<opset="K_3_1_2_addr/4 "/>
</bind>
</comp>

<comp id="754" class="1004" name="K_3_0_3_addr_gep_fu_754">
<pin_list>
<pin id="755" dir="0" index="0" bw="26" slack="0"/>
<pin id="756" dir="0" index="1" bw="1" slack="0"/>
<pin id="757" dir="0" index="2" bw="3" slack="3"/>
<pin id="758" dir="1" index="3" bw="3" slack="0"/>
</pin_list>
<bind>
<opcode="getelementptr(29) " fcode="getelementptr"/>
<opset="K_3_0_3_addr/4 "/>
</bind>
</comp>

<comp id="761" class="1004" name="K_3_1_3_addr_gep_fu_761">
<pin_list>
<pin id="762" dir="0" index="0" bw="26" slack="0"/>
<pin id="763" dir="0" index="1" bw="1" slack="0"/>
<pin id="764" dir="0" index="2" bw="3" slack="3"/>
<pin id="765" dir="1" index="3" bw="3" slack="0"/>
</pin_list>
<bind>
<opcode="getelementptr(29) " fcode="getelementptr"/>
<opset="K_3_1_3_addr/4 "/>
</bind>
</comp>

<comp id="768" class="1004" name="K_3_0_4_addr_gep_fu_768">
<pin_list>
<pin id="769" dir="0" index="0" bw="26" slack="0"/>
<pin id="770" dir="0" index="1" bw="1" slack="0"/>
<pin id="771" dir="0" index="2" bw="3" slack="3"/>
<pin id="772" dir="1" index="3" bw="3" slack="0"/>
</pin_list>
<bind>
<opcode="getelementptr(29) " fcode="getelementptr"/>
<opset="K_3_0_4_addr/4 "/>
</bind>
</comp>

<comp id="775" class="1004" name="K_3_1_4_addr_gep_fu_775">
<pin_list>
<pin id="776" dir="0" index="0" bw="26" slack="0"/>
<pin id="777" dir="0" index="1" bw="1" slack="0"/>
<pin id="778" dir="0" index="2" bw="3" slack="3"/>
<pin id="779" dir="1" index="3" bw="3" slack="0"/>
</pin_list>
<bind>
<opcode="getelementptr(29) " fcode="getelementptr"/>
<opset="K_3_1_4_addr/4 "/>
</bind>
</comp>

<comp id="782" class="1004" name="K_3_0_5_addr_gep_fu_782">
<pin_list>
<pin id="783" dir="0" index="0" bw="26" slack="0"/>
<pin id="784" dir="0" index="1" bw="1" slack="0"/>
<pin id="785" dir="0" index="2" bw="3" slack="3"/>
<pin id="786" dir="1" index="3" bw="3" slack="0"/>
</pin_list>
<bind>
<opcode="getelementptr(29) " fcode="getelementptr"/>
<opset="K_3_0_5_addr/4 "/>
</bind>
</comp>

<comp id="789" class="1004" name="K_3_1_5_addr_gep_fu_789">
<pin_list>
<pin id="790" dir="0" index="0" bw="26" slack="0"/>
<pin id="791" dir="0" index="1" bw="1" slack="0"/>
<pin id="792" dir="0" index="2" bw="3" slack="3"/>
<pin id="793" dir="1" index="3" bw="3" slack="0"/>
</pin_list>
<bind>
<opcode="getelementptr(29) " fcode="getelementptr"/>
<opset="K_3_1_5_addr/4 "/>
</bind>
</comp>

<comp id="796" class="1004" name="K_3_0_6_addr_gep_fu_796">
<pin_list>
<pin id="797" dir="0" index="0" bw="26" slack="0"/>
<pin id="798" dir="0" index="1" bw="1" slack="0"/>
<pin id="799" dir="0" index="2" bw="3" slack="3"/>
<pin id="800" dir="1" index="3" bw="3" slack="0"/>
</pin_list>
<bind>
<opcode="getelementptr(29) " fcode="getelementptr"/>
<opset="K_3_0_6_addr/4 "/>
</bind>
</comp>

<comp id="803" class="1004" name="K_3_1_6_addr_gep_fu_803">
<pin_list>
<pin id="804" dir="0" index="0" bw="26" slack="0"/>
<pin id="805" dir="0" index="1" bw="1" slack="0"/>
<pin id="806" dir="0" index="2" bw="3" slack="3"/>
<pin id="807" dir="1" index="3" bw="3" slack="0"/>
</pin_list>
<bind>
<opcode="getelementptr(29) " fcode="getelementptr"/>
<opset="K_3_1_6_addr/4 "/>
</bind>
</comp>

<comp id="810" class="1004" name="K_3_0_7_addr_gep_fu_810">
<pin_list>
<pin id="811" dir="0" index="0" bw="26" slack="0"/>
<pin id="812" dir="0" index="1" bw="1" slack="0"/>
<pin id="813" dir="0" index="2" bw="3" slack="3"/>
<pin id="814" dir="1" index="3" bw="3" slack="0"/>
</pin_list>
<bind>
<opcode="getelementptr(29) " fcode="getelementptr"/>
<opset="K_3_0_7_addr/4 "/>
</bind>
</comp>

<comp id="817" class="1004" name="K_3_1_7_addr_gep_fu_817">
<pin_list>
<pin id="818" dir="0" index="0" bw="26" slack="0"/>
<pin id="819" dir="0" index="1" bw="1" slack="0"/>
<pin id="820" dir="0" index="2" bw="3" slack="3"/>
<pin id="821" dir="1" index="3" bw="3" slack="0"/>
</pin_list>
<bind>
<opcode="getelementptr(29) " fcode="getelementptr"/>
<opset="K_3_1_7_addr/4 "/>
</bind>
</comp>

<comp id="824" class="1004" name="store_ln760_access_fu_824">
<pin_list>
<pin id="825" dir="0" index="0" bw="3" slack="0"/>
<pin id="826" dir="0" index="1" bw="26" slack="0"/>
<pin id="827" dir="0" index="2" bw="0" slack="2147483647"/>
<pin id="828" dir="1" index="3" bw="26" slack="2147483647"/>
</pin_list>
<bind>
<opcode="store(28) " fcode="store"/>
<opset="store_ln760/4 "/>
</bind>
</comp>

<comp id="830" class="1004" name="store_ln761_access_fu_830">
<pin_list>
<pin id="831" dir="0" index="0" bw="3" slack="0"/>
<pin id="832" dir="0" index="1" bw="26" slack="0"/>
<pin id="833" dir="0" index="2" bw="0" slack="2147483647"/>
<pin id="834" dir="1" index="3" bw="26" slack="2147483647"/>
</pin_list>
<bind>
<opcode="store(28) " fcode="store"/>
<opset="store_ln761/4 "/>
</bind>
</comp>

<comp id="836" class="1004" name="store_ln760_access_fu_836">
<pin_list>
<pin id="837" dir="0" index="0" bw="3" slack="0"/>
<pin id="838" dir="0" index="1" bw="26" slack="0"/>
<pin id="839" dir="0" index="2" bw="0" slack="2147483647"/>
<pin id="840" dir="1" index="3" bw="26" slack="2147483647"/>
</pin_list>
<bind>
<opcode="store(28) " fcode="store"/>
<opset="store_ln760/4 "/>
</bind>
</comp>

<comp id="842" class="1004" name="store_ln761_access_fu_842">
<pin_list>
<pin id="843" dir="0" index="0" bw="3" slack="0"/>
<pin id="844" dir="0" index="1" bw="26" slack="0"/>
<pin id="845" dir="0" index="2" bw="0" slack="2147483647"/>
<pin id="846" dir="1" index="3" bw="26" slack="2147483647"/>
</pin_list>
<bind>
<opcode="store(28) " fcode="store"/>
<opset="store_ln761/4 "/>
</bind>
</comp>

<comp id="848" class="1004" name="store_ln760_access_fu_848">
<pin_list>
<pin id="849" dir="0" index="0" bw="3" slack="0"/>
<pin id="850" dir="0" index="1" bw="26" slack="0"/>
<pin id="851" dir="0" index="2" bw="0" slack="2147483647"/>
<pin id="852" dir="1" index="3" bw="26" slack="2147483647"/>
</pin_list>
<bind>
<opcode="store(28) " fcode="store"/>
<opset="store_ln760/4 "/>
</bind>
</comp>

<comp id="854" class="1004" name="store_ln761_access_fu_854">
<pin_list>
<pin id="855" dir="0" index="0" bw="3" slack="0"/>
<pin id="856" dir="0" index="1" bw="26" slack="0"/>
<pin id="857" dir="0" index="2" bw="0" slack="2147483647"/>
<pin id="858" dir="1" index="3" bw="26" slack="2147483647"/>
</pin_list>
<bind>
<opcode="store(28) " fcode="store"/>
<opset="store_ln761/4 "/>
</bind>
</comp>

<comp id="860" class="1004" name="store_ln760_access_fu_860">
<pin_list>
<pin id="861" dir="0" index="0" bw="3" slack="0"/>
<pin id="862" dir="0" index="1" bw="26" slack="0"/>
<pin id="863" dir="0" index="2" bw="0" slack="2147483647"/>
<pin id="864" dir="1" index="3" bw="26" slack="2147483647"/>
</pin_list>
<bind>
<opcode="store(28) " fcode="store"/>
<opset="store_ln760/4 "/>
</bind>
</comp>

<comp id="866" class="1004" name="store_ln761_access_fu_866">
<pin_list>
<pin id="867" dir="0" index="0" bw="3" slack="0"/>
<pin id="868" dir="0" index="1" bw="26" slack="0"/>
<pin id="869" dir="0" index="2" bw="0" slack="2147483647"/>
<pin id="870" dir="1" index="3" bw="26" slack="2147483647"/>
</pin_list>
<bind>
<opcode="store(28) " fcode="store"/>
<opset="store_ln761/4 "/>
</bind>
</comp>

<comp id="872" class="1004" name="store_ln760_access_fu_872">
<pin_list>
<pin id="873" dir="0" index="0" bw="3" slack="0"/>
<pin id="874" dir="0" index="1" bw="26" slack="0"/>
<pin id="875" dir="0" index="2" bw="0" slack="2147483647"/>
<pin id="876" dir="1" index="3" bw="26" slack="2147483647"/>
</pin_list>
<bind>
<opcode="store(28) " fcode="store"/>
<opset="store_ln760/4 "/>
</bind>
</comp>

<comp id="878" class="1004" name="store_ln761_access_fu_878">
<pin_list>
<pin id="879" dir="0" index="0" bw="3" slack="0"/>
<pin id="880" dir="0" index="1" bw="26" slack="0"/>
<pin id="881" dir="0" index="2" bw="0" slack="2147483647"/>
<pin id="882" dir="1" index="3" bw="26" slack="2147483647"/>
</pin_list>
<bind>
<opcode="store(28) " fcode="store"/>
<opset="store_ln761/4 "/>
</bind>
</comp>

<comp id="884" class="1004" name="store_ln760_access_fu_884">
<pin_list>
<pin id="885" dir="0" index="0" bw="3" slack="0"/>
<pin id="886" dir="0" index="1" bw="26" slack="0"/>
<pin id="887" dir="0" index="2" bw="0" slack="2147483647"/>
<pin id="888" dir="1" index="3" bw="26" slack="2147483647"/>
</pin_list>
<bind>
<opcode="store(28) " fcode="store"/>
<opset="store_ln760/4 "/>
</bind>
</comp>

<comp id="890" class="1004" name="store_ln761_access_fu_890">
<pin_list>
<pin id="891" dir="0" index="0" bw="3" slack="0"/>
<pin id="892" dir="0" index="1" bw="26" slack="0"/>
<pin id="893" dir="0" index="2" bw="0" slack="2147483647"/>
<pin id="894" dir="1" index="3" bw="26" slack="2147483647"/>
</pin_list>
<bind>
<opcode="store(28) " fcode="store"/>
<opset="store_ln761/4 "/>
</bind>
</comp>

<comp id="896" class="1004" name="store_ln760_access_fu_896">
<pin_list>
<pin id="897" dir="0" index="0" bw="3" slack="0"/>
<pin id="898" dir="0" index="1" bw="26" slack="0"/>
<pin id="899" dir="0" index="2" bw="0" slack="2147483647"/>
<pin id="900" dir="1" index="3" bw="26" slack="2147483647"/>
</pin_list>
<bind>
<opcode="store(28) " fcode="store"/>
<opset="store_ln760/4 "/>
</bind>
</comp>

<comp id="902" class="1004" name="store_ln761_access_fu_902">
<pin_list>
<pin id="903" dir="0" index="0" bw="3" slack="0"/>
<pin id="904" dir="0" index="1" bw="26" slack="0"/>
<pin id="905" dir="0" index="2" bw="0" slack="2147483647"/>
<pin id="906" dir="1" index="3" bw="26" slack="2147483647"/>
</pin_list>
<bind>
<opcode="store(28) " fcode="store"/>
<opset="store_ln761/4 "/>
</bind>
</comp>

<comp id="908" class="1004" name="store_ln760_access_fu_908">
<pin_list>
<pin id="909" dir="0" index="0" bw="3" slack="0"/>
<pin id="910" dir="0" index="1" bw="26" slack="0"/>
<pin id="911" dir="0" index="2" bw="0" slack="2147483647"/>
<pin id="912" dir="1" index="3" bw="26" slack="2147483647"/>
</pin_list>
<bind>
<opcode="store(28) " fcode="store"/>
<opset="store_ln760/4 "/>
</bind>
</comp>

<comp id="914" class="1004" name="store_ln761_access_fu_914">
<pin_list>
<pin id="915" dir="0" index="0" bw="3" slack="0"/>
<pin id="916" dir="0" index="1" bw="26" slack="0"/>
<pin id="917" dir="0" index="2" bw="0" slack="2147483647"/>
<pin id="918" dir="1" index="3" bw="26" slack="2147483647"/>
</pin_list>
<bind>
<opcode="store(28) " fcode="store"/>
<opset="store_ln761/4 "/>
</bind>
</comp>

<comp id="920" class="1004" name="store_ln760_access_fu_920">
<pin_list>
<pin id="921" dir="0" index="0" bw="3" slack="0"/>
<pin id="922" dir="0" index="1" bw="26" slack="0"/>
<pin id="923" dir="0" index="2" bw="0" slack="2147483647"/>
<pin id="924" dir="1" index="3" bw="26" slack="2147483647"/>
</pin_list>
<bind>
<opcode="store(28) " fcode="store"/>
<opset="store_ln760/4 "/>
</bind>
</comp>

<comp id="926" class="1004" name="store_ln761_access_fu_926">
<pin_list>
<pin id="927" dir="0" index="0" bw="3" slack="0"/>
<pin id="928" dir="0" index="1" bw="26" slack="0"/>
<pin id="929" dir="0" index="2" bw="0" slack="2147483647"/>
<pin id="930" dir="1" index="3" bw="26" slack="2147483647"/>
</pin_list>
<bind>
<opcode="store(28) " fcode="store"/>
<opset="store_ln761/4 "/>
</bind>
</comp>

<comp id="932" class="1004" name="store_ln760_access_fu_932">
<pin_list>
<pin id="933" dir="0" index="0" bw="3" slack="0"/>
<pin id="934" dir="0" index="1" bw="26" slack="0"/>
<pin id="935" dir="0" index="2" bw="0" slack="2147483647"/>
<pin id="936" dir="1" index="3" bw="26" slack="2147483647"/>
</pin_list>
<bind>
<opcode="store(28) " fcode="store"/>
<opset="store_ln760/4 "/>
</bind>
</comp>

<comp id="938" class="1004" name="store_ln761_access_fu_938">
<pin_list>
<pin id="939" dir="0" index="0" bw="3" slack="0"/>
<pin id="940" dir="0" index="1" bw="26" slack="0"/>
<pin id="941" dir="0" index="2" bw="0" slack="2147483647"/>
<pin id="942" dir="1" index="3" bw="26" slack="2147483647"/>
</pin_list>
<bind>
<opcode="store(28) " fcode="store"/>
<opset="store_ln761/4 "/>
</bind>
</comp>

<comp id="944" class="1004" name="store_ln760_access_fu_944">
<pin_list>
<pin id="945" dir="0" index="0" bw="3" slack="0"/>
<pin id="946" dir="0" index="1" bw="26" slack="0"/>
<pin id="947" dir="0" index="2" bw="0" slack="2147483647"/>
<pin id="948" dir="1" index="3" bw="26" slack="2147483647"/>
</pin_list>
<bind>
<opcode="store(28) " fcode="store"/>
<opset="store_ln760/4 "/>
</bind>
</comp>

<comp id="950" class="1004" name="store_ln761_access_fu_950">
<pin_list>
<pin id="951" dir="0" index="0" bw="3" slack="0"/>
<pin id="952" dir="0" index="1" bw="26" slack="0"/>
<pin id="953" dir="0" index="2" bw="0" slack="2147483647"/>
<pin id="954" dir="1" index="3" bw="26" slack="2147483647"/>
</pin_list>
<bind>
<opcode="store(28) " fcode="store"/>
<opset="store_ln761/4 "/>
</bind>
</comp>

<comp id="956" class="1004" name="store_ln760_access_fu_956">
<pin_list>
<pin id="957" dir="0" index="0" bw="3" slack="0"/>
<pin id="958" dir="0" index="1" bw="26" slack="0"/>
<pin id="959" dir="0" index="2" bw="0" slack="2147483647"/>
<pin id="960" dir="1" index="3" bw="26" slack="2147483647"/>
</pin_list>
<bind>
<opcode="store(28) " fcode="store"/>
<opset="store_ln760/4 "/>
</bind>
</comp>

<comp id="962" class="1004" name="store_ln761_access_fu_962">
<pin_list>
<pin id="963" dir="0" index="0" bw="3" slack="0"/>
<pin id="964" dir="0" index="1" bw="26" slack="0"/>
<pin id="965" dir="0" index="2" bw="0" slack="2147483647"/>
<pin id="966" dir="1" index="3" bw="26" slack="2147483647"/>
</pin_list>
<bind>
<opcode="store(28) " fcode="store"/>
<opset="store_ln761/4 "/>
</bind>
</comp>

<comp id="968" class="1004" name="store_ln760_access_fu_968">
<pin_list>
<pin id="969" dir="0" index="0" bw="3" slack="0"/>
<pin id="970" dir="0" index="1" bw="26" slack="0"/>
<pin id="971" dir="0" index="2" bw="0" slack="2147483647"/>
<pin id="972" dir="1" index="3" bw="26" slack="2147483647"/>
</pin_list>
<bind>
<opcode="store(28) " fcode="store"/>
<opset="store_ln760/4 "/>
</bind>
</comp>

<comp id="974" class="1004" name="store_ln761_access_fu_974">
<pin_list>
<pin id="975" dir="0" index="0" bw="3" slack="0"/>
<pin id="976" dir="0" index="1" bw="26" slack="0"/>
<pin id="977" dir="0" index="2" bw="0" slack="2147483647"/>
<pin id="978" dir="1" index="3" bw="26" slack="2147483647"/>
</pin_list>
<bind>
<opcode="store(28) " fcode="store"/>
<opset="store_ln761/4 "/>
</bind>
</comp>

<comp id="980" class="1004" name="store_ln760_access_fu_980">
<pin_list>
<pin id="981" dir="0" index="0" bw="3" slack="0"/>
<pin id="982" dir="0" index="1" bw="26" slack="0"/>
<pin id="983" dir="0" index="2" bw="0" slack="2147483647"/>
<pin id="984" dir="1" index="3" bw="26" slack="2147483647"/>
</pin_list>
<bind>
<opcode="store(28) " fcode="store"/>
<opset="store_ln760/4 "/>
</bind>
</comp>

<comp id="986" class="1004" name="store_ln761_access_fu_986">
<pin_list>
<pin id="987" dir="0" index="0" bw="3" slack="0"/>
<pin id="988" dir="0" index="1" bw="26" slack="0"/>
<pin id="989" dir="0" index="2" bw="0" slack="2147483647"/>
<pin id="990" dir="1" index="3" bw="26" slack="2147483647"/>
</pin_list>
<bind>
<opcode="store(28) " fcode="store"/>
<opset="store_ln761/4 "/>
</bind>
</comp>

<comp id="992" class="1004" name="store_ln760_access_fu_992">
<pin_list>
<pin id="993" dir="0" index="0" bw="3" slack="0"/>
<pin id="994" dir="0" index="1" bw="26" slack="0"/>
<pin id="995" dir="0" index="2" bw="0" slack="2147483647"/>
<pin id="996" dir="1" index="3" bw="26" slack="2147483647"/>
</pin_list>
<bind>
<opcode="store(28) " fcode="store"/>
<opset="store_ln760/4 "/>
</bind>
</comp>

<comp id="998" class="1004" name="store_ln761_access_fu_998">
<pin_list>
<pin id="999" dir="0" index="0" bw="3" slack="0"/>
<pin id="1000" dir="0" index="1" bw="26" slack="0"/>
<pin id="1001" dir="0" index="2" bw="0" slack="2147483647"/>
<pin id="1002" dir="1" index="3" bw="26" slack="2147483647"/>
</pin_list>
<bind>
<opcode="store(28) " fcode="store"/>
<opset="store_ln761/4 "/>
</bind>
</comp>

<comp id="1004" class="1004" name="store_ln760_access_fu_1004">
<pin_list>
<pin id="1005" dir="0" index="0" bw="3" slack="0"/>
<pin id="1006" dir="0" index="1" bw="26" slack="0"/>
<pin id="1007" dir="0" index="2" bw="0" slack="2147483647"/>
<pin id="1008" dir="1" index="3" bw="26" slack="2147483647"/>
</pin_list>
<bind>
<opcode="store(28) " fcode="store"/>
<opset="store_ln760/4 "/>
</bind>
</comp>

<comp id="1010" class="1004" name="store_ln761_access_fu_1010">
<pin_list>
<pin id="1011" dir="0" index="0" bw="3" slack="0"/>
<pin id="1012" dir="0" index="1" bw="26" slack="0"/>
<pin id="1013" dir="0" index="2" bw="0" slack="2147483647"/>
<pin id="1014" dir="1" index="3" bw="26" slack="2147483647"/>
</pin_list>
<bind>
<opcode="store(28) " fcode="store"/>
<opset="store_ln761/4 "/>
</bind>
</comp>

<comp id="1016" class="1004" name="store_ln760_access_fu_1016">
<pin_list>
<pin id="1017" dir="0" index="0" bw="3" slack="0"/>
<pin id="1018" dir="0" index="1" bw="26" slack="0"/>
<pin id="1019" dir="0" index="2" bw="0" slack="2147483647"/>
<pin id="1020" dir="1" index="3" bw="26" slack="2147483647"/>
</pin_list>
<bind>
<opcode="store(28) " fcode="store"/>
<opset="store_ln760/4 "/>
</bind>
</comp>

<comp id="1022" class="1004" name="store_ln761_access_fu_1022">
<pin_list>
<pin id="1023" dir="0" index="0" bw="3" slack="0"/>
<pin id="1024" dir="0" index="1" bw="26" slack="0"/>
<pin id="1025" dir="0" index="2" bw="0" slack="2147483647"/>
<pin id="1026" dir="1" index="3" bw="26" slack="2147483647"/>
</pin_list>
<bind>
<opcode="store(28) " fcode="store"/>
<opset="store_ln761/4 "/>
</bind>
</comp>

<comp id="1028" class="1004" name="store_ln760_access_fu_1028">
<pin_list>
<pin id="1029" dir="0" index="0" bw="3" slack="0"/>
<pin id="1030" dir="0" index="1" bw="26" slack="0"/>
<pin id="1031" dir="0" index="2" bw="0" slack="2147483647"/>
<pin id="1032" dir="1" index="3" bw="26" slack="2147483647"/>
</pin_list>
<bind>
<opcode="store(28) " fcode="store"/>
<opset="store_ln760/4 "/>
</bind>
</comp>

<comp id="1034" class="1004" name="store_ln761_access_fu_1034">
<pin_list>
<pin id="1035" dir="0" index="0" bw="3" slack="0"/>
<pin id="1036" dir="0" index="1" bw="26" slack="0"/>
<pin id="1037" dir="0" index="2" bw="0" slack="2147483647"/>
<pin id="1038" dir="1" index="3" bw="26" slack="2147483647"/>
</pin_list>
<bind>
<opcode="store(28) " fcode="store"/>
<opset="store_ln761/4 "/>
</bind>
</comp>

<comp id="1040" class="1004" name="store_ln760_access_fu_1040">
<pin_list>
<pin id="1041" dir="0" index="0" bw="3" slack="0"/>
<pin id="1042" dir="0" index="1" bw="26" slack="0"/>
<pin id="1043" dir="0" index="2" bw="0" slack="2147483647"/>
<pin id="1044" dir="1" index="3" bw="26" slack="2147483647"/>
</pin_list>
<bind>
<opcode="store(28) " fcode="store"/>
<opset="store_ln760/4 "/>
</bind>
</comp>

<comp id="1046" class="1004" name="store_ln761_access_fu_1046">
<pin_list>
<pin id="1047" dir="0" index="0" bw="3" slack="0"/>
<pin id="1048" dir="0" index="1" bw="26" slack="0"/>
<pin id="1049" dir="0" index="2" bw="0" slack="2147483647"/>
<pin id="1050" dir="1" index="3" bw="26" slack="2147483647"/>
</pin_list>
<bind>
<opcode="store(28) " fcode="store"/>
<opset="store_ln761/4 "/>
</bind>
</comp>

<comp id="1052" class="1004" name="store_ln760_access_fu_1052">
<pin_list>
<pin id="1053" dir="0" index="0" bw="3" slack="0"/>
<pin id="1054" dir="0" index="1" bw="26" slack="0"/>
<pin id="1055" dir="0" index="2" bw="0" slack="2147483647"/>
<pin id="1056" dir="1" index="3" bw="26" slack="2147483647"/>
</pin_list>
<bind>
<opcode="store(28) " fcode="store"/>
<opset="store_ln760/4 "/>
</bind>
</comp>

<comp id="1058" class="1004" name="store_ln761_access_fu_1058">
<pin_list>
<pin id="1059" dir="0" index="0" bw="3" slack="0"/>
<pin id="1060" dir="0" index="1" bw="26" slack="0"/>
<pin id="1061" dir="0" index="2" bw="0" slack="2147483647"/>
<pin id="1062" dir="1" index="3" bw="26" slack="2147483647"/>
</pin_list>
<bind>
<opcode="store(28) " fcode="store"/>
<opset="store_ln761/4 "/>
</bind>
</comp>

<comp id="1064" class="1004" name="store_ln760_access_fu_1064">
<pin_list>
<pin id="1065" dir="0" index="0" bw="3" slack="0"/>
<pin id="1066" dir="0" index="1" bw="26" slack="0"/>
<pin id="1067" dir="0" index="2" bw="0" slack="2147483647"/>
<pin id="1068" dir="1" index="3" bw="26" slack="2147483647"/>
</pin_list>
<bind>
<opcode="store(28) " fcode="store"/>
<opset="store_ln760/4 "/>
</bind>
</comp>

<comp id="1070" class="1004" name="store_ln761_access_fu_1070">
<pin_list>
<pin id="1071" dir="0" index="0" bw="3" slack="0"/>
<pin id="1072" dir="0" index="1" bw="26" slack="0"/>
<pin id="1073" dir="0" index="2" bw="0" slack="2147483647"/>
<pin id="1074" dir="1" index="3" bw="26" slack="2147483647"/>
</pin_list>
<bind>
<opcode="store(28) " fcode="store"/>
<opset="store_ln761/4 "/>
</bind>
</comp>

<comp id="1076" class="1004" name="store_ln760_access_fu_1076">
<pin_list>
<pin id="1077" dir="0" index="0" bw="3" slack="0"/>
<pin id="1078" dir="0" index="1" bw="26" slack="0"/>
<pin id="1079" dir="0" index="2" bw="0" slack="2147483647"/>
<pin id="1080" dir="1" index="3" bw="26" slack="2147483647"/>
</pin_list>
<bind>
<opcode="store(28) " fcode="store"/>
<opset="store_ln760/4 "/>
</bind>
</comp>

<comp id="1082" class="1004" name="store_ln761_access_fu_1082">
<pin_list>
<pin id="1083" dir="0" index="0" bw="3" slack="0"/>
<pin id="1084" dir="0" index="1" bw="26" slack="0"/>
<pin id="1085" dir="0" index="2" bw="0" slack="2147483647"/>
<pin id="1086" dir="1" index="3" bw="26" slack="2147483647"/>
</pin_list>
<bind>
<opcode="store(28) " fcode="store"/>
<opset="store_ln761/4 "/>
</bind>
</comp>

<comp id="1088" class="1004" name="store_ln760_access_fu_1088">
<pin_list>
<pin id="1089" dir="0" index="0" bw="3" slack="0"/>
<pin id="1090" dir="0" index="1" bw="26" slack="0"/>
<pin id="1091" dir="0" index="2" bw="0" slack="2147483647"/>
<pin id="1092" dir="1" index="3" bw="26" slack="2147483647"/>
</pin_list>
<bind>
<opcode="store(28) " fcode="store"/>
<opset="store_ln760/4 "/>
</bind>
</comp>

<comp id="1094" class="1004" name="store_ln761_access_fu_1094">
<pin_list>
<pin id="1095" dir="0" index="0" bw="3" slack="0"/>
<pin id="1096" dir="0" index="1" bw="26" slack="0"/>
<pin id="1097" dir="0" index="2" bw="0" slack="2147483647"/>
<pin id="1098" dir="1" index="3" bw="26" slack="2147483647"/>
</pin_list>
<bind>
<opcode="store(28) " fcode="store"/>
<opset="store_ln761/4 "/>
</bind>
</comp>

<comp id="1100" class="1004" name="store_ln760_access_fu_1100">
<pin_list>
<pin id="1101" dir="0" index="0" bw="3" slack="0"/>
<pin id="1102" dir="0" index="1" bw="26" slack="0"/>
<pin id="1103" dir="0" index="2" bw="0" slack="2147483647"/>
<pin id="1104" dir="1" index="3" bw="26" slack="2147483647"/>
</pin_list>
<bind>
<opcode="store(28) " fcode="store"/>
<opset="store_ln760/4 "/>
</bind>
</comp>

<comp id="1106" class="1004" name="store_ln761_access_fu_1106">
<pin_list>
<pin id="1107" dir="0" index="0" bw="3" slack="0"/>
<pin id="1108" dir="0" index="1" bw="26" slack="0"/>
<pin id="1109" dir="0" index="2" bw="0" slack="2147483647"/>
<pin id="1110" dir="1" index="3" bw="26" slack="2147483647"/>
</pin_list>
<bind>
<opcode="store(28) " fcode="store"/>
<opset="store_ln761/4 "/>
</bind>
</comp>

<comp id="1112" class="1004" name="store_ln760_access_fu_1112">
<pin_list>
<pin id="1113" dir="0" index="0" bw="3" slack="0"/>
<pin id="1114" dir="0" index="1" bw="26" slack="0"/>
<pin id="1115" dir="0" index="2" bw="0" slack="2147483647"/>
<pin id="1116" dir="1" index="3" bw="26" slack="2147483647"/>
</pin_list>
<bind>
<opcode="store(28) " fcode="store"/>
<opset="store_ln760/4 "/>
</bind>
</comp>

<comp id="1118" class="1004" name="store_ln761_access_fu_1118">
<pin_list>
<pin id="1119" dir="0" index="0" bw="3" slack="0"/>
<pin id="1120" dir="0" index="1" bw="26" slack="0"/>
<pin id="1121" dir="0" index="2" bw="0" slack="2147483647"/>
<pin id="1122" dir="1" index="3" bw="26" slack="2147483647"/>
</pin_list>
<bind>
<opcode="store(28) " fcode="store"/>
<opset="store_ln761/4 "/>
</bind>
</comp>

<comp id="1124" class="1004" name="store_ln760_access_fu_1124">
<pin_list>
<pin id="1125" dir="0" index="0" bw="3" slack="0"/>
<pin id="1126" dir="0" index="1" bw="26" slack="0"/>
<pin id="1127" dir="0" index="2" bw="0" slack="2147483647"/>
<pin id="1128" dir="1" index="3" bw="26" slack="2147483647"/>
</pin_list>
<bind>
<opcode="store(28) " fcode="store"/>
<opset="store_ln760/4 "/>
</bind>
</comp>

<comp id="1130" class="1004" name="store_ln761_access_fu_1130">
<pin_list>
<pin id="1131" dir="0" index="0" bw="3" slack="0"/>
<pin id="1132" dir="0" index="1" bw="26" slack="0"/>
<pin id="1133" dir="0" index="2" bw="0" slack="2147483647"/>
<pin id="1134" dir="1" index="3" bw="26" slack="2147483647"/>
</pin_list>
<bind>
<opcode="store(28) " fcode="store"/>
<opset="store_ln761/4 "/>
</bind>
</comp>

<comp id="1136" class="1004" name="store_ln760_access_fu_1136">
<pin_list>
<pin id="1137" dir="0" index="0" bw="3" slack="0"/>
<pin id="1138" dir="0" index="1" bw="26" slack="0"/>
<pin id="1139" dir="0" index="2" bw="0" slack="2147483647"/>
<pin id="1140" dir="1" index="3" bw="26" slack="2147483647"/>
</pin_list>
<bind>
<opcode="store(28) " fcode="store"/>
<opset="store_ln760/4 "/>
</bind>
</comp>

<comp id="1142" class="1004" name="store_ln761_access_fu_1142">
<pin_list>
<pin id="1143" dir="0" index="0" bw="3" slack="0"/>
<pin id="1144" dir="0" index="1" bw="26" slack="0"/>
<pin id="1145" dir="0" index="2" bw="0" slack="2147483647"/>
<pin id="1146" dir="1" index="3" bw="26" slack="2147483647"/>
</pin_list>
<bind>
<opcode="store(28) " fcode="store"/>
<opset="store_ln761/4 "/>
</bind>
</comp>

<comp id="1148" class="1004" name="store_ln760_access_fu_1148">
<pin_list>
<pin id="1149" dir="0" index="0" bw="3" slack="0"/>
<pin id="1150" dir="0" index="1" bw="26" slack="0"/>
<pin id="1151" dir="0" index="2" bw="0" slack="2147483647"/>
<pin id="1152" dir="1" index="3" bw="26" slack="2147483647"/>
</pin_list>
<bind>
<opcode="store(28) " fcode="store"/>
<opset="store_ln760/4 "/>
</bind>
</comp>

<comp id="1154" class="1004" name="store_ln761_access_fu_1154">
<pin_list>
<pin id="1155" dir="0" index="0" bw="3" slack="0"/>
<pin id="1156" dir="0" index="1" bw="26" slack="0"/>
<pin id="1157" dir="0" index="2" bw="0" slack="2147483647"/>
<pin id="1158" dir="1" index="3" bw="26" slack="2147483647"/>
</pin_list>
<bind>
<opcode="store(28) " fcode="store"/>
<opset="store_ln761/4 "/>
</bind>
</comp>

<comp id="1160" class="1004" name="store_ln760_access_fu_1160">
<pin_list>
<pin id="1161" dir="0" index="0" bw="3" slack="0"/>
<pin id="1162" dir="0" index="1" bw="26" slack="0"/>
<pin id="1163" dir="0" index="2" bw="0" slack="2147483647"/>
<pin id="1164" dir="1" index="3" bw="26" slack="2147483647"/>
</pin_list>
<bind>
<opcode="store(28) " fcode="store"/>
<opset="store_ln760/4 "/>
</bind>
</comp>

<comp id="1166" class="1004" name="store_ln761_access_fu_1166">
<pin_list>
<pin id="1167" dir="0" index="0" bw="3" slack="0"/>
<pin id="1168" dir="0" index="1" bw="26" slack="0"/>
<pin id="1169" dir="0" index="2" bw="0" slack="2147483647"/>
<pin id="1170" dir="1" index="3" bw="26" slack="2147483647"/>
</pin_list>
<bind>
<opcode="store(28) " fcode="store"/>
<opset="store_ln761/4 "/>
</bind>
</comp>

<comp id="1172" class="1004" name="store_ln760_access_fu_1172">
<pin_list>
<pin id="1173" dir="0" index="0" bw="3" slack="0"/>
<pin id="1174" dir="0" index="1" bw="26" slack="0"/>
<pin id="1175" dir="0" index="2" bw="0" slack="2147483647"/>
<pin id="1176" dir="1" index="3" bw="26" slack="2147483647"/>
</pin_list>
<bind>
<opcode="store(28) " fcode="store"/>
<opset="store_ln760/4 "/>
</bind>
</comp>

<comp id="1178" class="1004" name="store_ln761_access_fu_1178">
<pin_list>
<pin id="1179" dir="0" index="0" bw="3" slack="0"/>
<pin id="1180" dir="0" index="1" bw="26" slack="0"/>
<pin id="1181" dir="0" index="2" bw="0" slack="2147483647"/>
<pin id="1182" dir="1" index="3" bw="26" slack="2147483647"/>
</pin_list>
<bind>
<opcode="store(28) " fcode="store"/>
<opset="store_ln761/4 "/>
</bind>
</comp>

<comp id="1184" class="1004" name="store_ln760_access_fu_1184">
<pin_list>
<pin id="1185" dir="0" index="0" bw="3" slack="0"/>
<pin id="1186" dir="0" index="1" bw="26" slack="0"/>
<pin id="1187" dir="0" index="2" bw="0" slack="2147483647"/>
<pin id="1188" dir="1" index="3" bw="26" slack="2147483647"/>
</pin_list>
<bind>
<opcode="store(28) " fcode="store"/>
<opset="store_ln760/4 "/>
</bind>
</comp>

<comp id="1190" class="1004" name="store_ln761_access_fu_1190">
<pin_list>
<pin id="1191" dir="0" index="0" bw="3" slack="0"/>
<pin id="1192" dir="0" index="1" bw="26" slack="0"/>
<pin id="1193" dir="0" index="2" bw="0" slack="2147483647"/>
<pin id="1194" dir="1" index="3" bw="26" slack="2147483647"/>
</pin_list>
<bind>
<opcode="store(28) " fcode="store"/>
<opset="store_ln761/4 "/>
</bind>
</comp>

<comp id="1196" class="1004" name="store_ln760_access_fu_1196">
<pin_list>
<pin id="1197" dir="0" index="0" bw="3" slack="0"/>
<pin id="1198" dir="0" index="1" bw="26" slack="0"/>
<pin id="1199" dir="0" index="2" bw="0" slack="2147483647"/>
<pin id="1200" dir="1" index="3" bw="26" slack="2147483647"/>
</pin_list>
<bind>
<opcode="store(28) " fcode="store"/>
<opset="store_ln760/4 "/>
</bind>
</comp>

<comp id="1202" class="1004" name="store_ln761_access_fu_1202">
<pin_list>
<pin id="1203" dir="0" index="0" bw="3" slack="0"/>
<pin id="1204" dir="0" index="1" bw="26" slack="0"/>
<pin id="1205" dir="0" index="2" bw="0" slack="2147483647"/>
<pin id="1206" dir="1" index="3" bw="26" slack="2147483647"/>
</pin_list>
<bind>
<opcode="store(28) " fcode="store"/>
<opset="store_ln761/4 "/>
</bind>
</comp>

<comp id="1208" class="1004" name="grp_fu_1208">
<pin_list>
<pin id="1209" dir="0" index="0" bw="34" slack="0"/>
<pin id="1210" dir="0" index="1" bw="32" slack="0"/>
<pin id="1211" dir="1" index="2" bw="44" slack="0"/>
</pin_list>
<bind>
<opcode="mul(12) " fcode="mul"/>
<opset="mul_ln753/1 "/>
</bind>
</comp>

<comp id="1212" class="1004" name="grp_fu_1212">
<pin_list>
<pin id="1213" dir="0" index="0" bw="34" slack="0"/>
<pin id="1214" dir="0" index="1" bw="32" slack="0"/>
<pin id="1215" dir="1" index="2" bw="44" slack="0"/>
</pin_list>
<bind>
<opcode="mul(12) " fcode="mul"/>
<opset="mul_ln754/1 "/>
</bind>
</comp>

<comp id="1216" class="1004" name="grp_fu_1216">
<pin_list>
<pin id="1217" dir="0" index="0" bw="34" slack="0"/>
<pin id="1218" dir="0" index="1" bw="32" slack="0"/>
<pin id="1219" dir="1" index="2" bw="44" slack="0"/>
</pin_list>
<bind>
<opcode="mul(12) " fcode="mul"/>
<opset="mul_ln756/1 "/>
</bind>
</comp>

<comp id="1220" class="1004" name="grp_fu_1220">
<pin_list>
<pin id="1221" dir="0" index="0" bw="34" slack="0"/>
<pin id="1222" dir="0" index="1" bw="32" slack="0"/>
<pin id="1223" dir="1" index="2" bw="44" slack="0"/>
</pin_list>
<bind>
<opcode="mul(12) " fcode="mul"/>
<opset="mul_ln757/1 "/>
</bind>
</comp>

<comp id="1224" class="1004" name="grp_fu_1224">
<pin_list>
<pin id="1225" dir="0" index="0" bw="3" slack="0"/>
<pin id="1226" dir="0" index="1" bw="1" slack="0"/>
<pin id="1227" dir="0" index="2" bw="1" slack="0"/>
<pin id="1228" dir="0" index="3" bw="3" slack="0"/>
<pin id="1229" dir="0" index="4" bw="3" slack="0"/>
<pin id="1230" dir="0" index="5" bw="3" slack="0"/>
<pin id="1231" dir="0" index="6" bw="3" slack="0"/>
<pin id="1232" dir="0" index="7" bw="2" slack="0"/>
<pin id="1233" dir="1" index="8" bw="0" slack="2147483647"/>
</pin_list>
<bind>
<opcode="switch(3) " fcode="switch"/>
<opset="switch_ln760/1 switch_ln760/1 switch_ln760/1 switch_ln760/1 "/>
</bind>
</comp>

<comp id="1241" class="1004" name="sext_ln760_cast_fu_1241">
<pin_list>
<pin id="1242" dir="0" index="0" bw="32" slack="0"/>
<pin id="1243" dir="1" index="1" bw="44" slack="0"/>
</pin_list>
<bind>
<opcode="sext(35) " fcode="sext"/>
<opset="sext_ln760_cast/1 "/>
</bind>
</comp>

<comp id="1246" class="1004" name="sext_ln283_2_cast_fu_1246">
<pin_list>
<pin id="1247" dir="0" index="0" bw="32" slack="0"/>
<pin id="1248" dir="1" index="1" bw="44" slack="0"/>
</pin_list>
<bind>
<opcode="sext(35) " fcode="sext"/>
<opset="sext_ln283_2_cast/1 "/>
</bind>
</comp>

<comp id="1251" class="1004" name="sext_ln283_1_cast_fu_1251">
<pin_list>
<pin id="1252" dir="0" index="0" bw="32" slack="0"/>
<pin id="1253" dir="1" index="1" bw="44" slack="0"/>
</pin_list>
<bind>
<opcode="sext(35) " fcode="sext"/>
<opset="sext_ln283_1_cast/1 "/>
</bind>
</comp>

<comp id="1256" class="1004" name="sext_ln283_cast_fu_1256">
<pin_list>
<pin id="1257" dir="0" index="0" bw="32" slack="0"/>
<pin id="1258" dir="1" index="1" bw="44" slack="0"/>
</pin_list>
<bind>
<opcode="sext(35) " fcode="sext"/>
<opset="sext_ln283_cast/1 "/>
</bind>
</comp>

<comp id="1261" class="1004" name="select_ln723_cast_fu_1261">
<pin_list>
<pin id="1262" dir="0" index="0" bw="23" slack="0"/>
<pin id="1263" dir="1" index="1" bw="34" slack="0"/>
</pin_list>
<bind>
<opcode="sext(35) " fcode="sext"/>
<opset="select_ln723_cast/1 "/>
</bind>
</comp>

<comp id="1265" class="1004" name="zext_ln475_cast_fu_1265">
<pin_list>
<pin id="1266" dir="0" index="0" bw="3" slack="0"/>
<pin id="1267" dir="1" index="1" bw="64" slack="3"/>
</pin_list>
<bind>
<opcode="zext(34) " fcode="zext"/>
<opset="zext_ln475_cast/1 "/>
</bind>
</comp>

<comp id="1269" class="1004" name="store_ln475_store_fu_1269">
<pin_list>
<pin id="1270" dir="0" index="0" bw="1" slack="0"/>
<pin id="1271" dir="0" index="1" bw="4" slack="0"/>
<pin id="1272" dir="1" index="2" bw="0" slack="2147483647"/>
</pin_list>
<bind>
<opcode="store(28) " fcode="store"/>
<opset="store_ln475/1 "/>
</bind>
</comp>

<comp id="1274" class="1004" name="j_1_load_fu_1274">
<pin_list>
<pin id="1275" dir="0" index="0" bw="4" slack="0"/>
<pin id="1276" dir="1" index="1" bw="4" slack="0"/>
</pin_list>
<bind>
<opcode="load(27) " fcode="load"/>
<opset="j_1/1 "/>
</bind>
</comp>

<comp id="1277" class="1004" name="icmp_ln750_fu_1277">
<pin_list>
<pin id="1278" dir="0" index="0" bw="4" slack="0"/>
<pin id="1279" dir="0" index="1" bw="4" slack="0"/>
<pin id="1280" dir="1" index="2" bw="1" slack="2"/>
</pin_list>
<bind>
<opcode="icmp(45) " fcode="icmp"/>
<opset="icmp_ln750/1 "/>
</bind>
</comp>

<comp id="1283" class="1004" name="add_ln750_fu_1283">
<pin_list>
<pin id="1284" dir="0" index="0" bw="4" slack="0"/>
<pin id="1285" dir="0" index="1" bw="1" slack="0"/>
<pin id="1286" dir="1" index="2" bw="4" slack="0"/>
</pin_list>
<bind>
<opcode="add(8) " fcode="add"/>
<opset="add_ln750/1 "/>
</bind>
</comp>

<comp id="1289" class="1004" name="trunc_ln750_fu_1289">
<pin_list>
<pin id="1290" dir="0" index="0" bw="4" slack="0"/>
<pin id="1291" dir="1" index="1" bw="3" slack="0"/>
</pin_list>
<bind>
<opcode="trunc(33) " fcode="trunc"/>
<opset="trunc_ln750/1 "/>
</bind>
</comp>

<comp id="1294" class="1004" name="b_fu_1294">
<pin_list>
<pin id="1295" dir="0" index="0" bw="34" slack="0"/>
<pin id="1296" dir="0" index="1" bw="3" slack="0"/>
<pin id="1297" dir="0" index="2" bw="34" slack="0"/>
<pin id="1298" dir="0" index="3" bw="3" slack="0"/>
<pin id="1299" dir="0" index="4" bw="34" slack="0"/>
<pin id="1300" dir="0" index="5" bw="3" slack="0"/>
<pin id="1301" dir="0" index="6" bw="34" slack="0"/>
<pin id="1302" dir="0" index="7" bw="3" slack="0"/>
<pin id="1303" dir="0" index="8" bw="34" slack="0"/>
<pin id="1304" dir="0" index="9" bw="3" slack="0"/>
<pin id="1305" dir="0" index="10" bw="34" slack="0"/>
<pin id="1306" dir="0" index="11" bw="3" slack="0"/>
<pin id="1307" dir="0" index="12" bw="34" slack="0"/>
<pin id="1308" dir="0" index="13" bw="3" slack="0"/>
<pin id="1309" dir="0" index="14" bw="34" slack="0"/>
<pin id="1310" dir="0" index="15" bw="3" slack="0"/>
<pin id="1311" dir="0" index="16" bw="34" slack="0"/>
<pin id="1312" dir="0" index="17" bw="34" slack="0"/>
<pin id="1313" dir="0" index="18" bw="3" slack="0"/>
<pin id="1314" dir="1" index="19" bw="34" slack="0"/>
</pin_list>
<bind>
<opcode="sparsemux(1197) " fcode="sparsemux"/>
<opset="b/1 "/>
</bind>
</comp>

<comp id="1334" class="1004" name="sext_ln283_3_fu_1334">
<pin_list>
<pin id="1335" dir="0" index="0" bw="34" slack="0"/>
<pin id="1336" dir="1" index="1" bw="44" slack="0"/>
</pin_list>
<bind>
<opcode="sext(35) " fcode="sext"/>
<opset="sext_ln283_3/1 "/>
</bind>
</comp>

<comp id="1340" class="1004" name="b_13_fu_1340">
<pin_list>
<pin id="1341" dir="0" index="0" bw="34" slack="0"/>
<pin id="1342" dir="0" index="1" bw="3" slack="0"/>
<pin id="1343" dir="0" index="2" bw="34" slack="0"/>
<pin id="1344" dir="0" index="3" bw="3" slack="0"/>
<pin id="1345" dir="0" index="4" bw="34" slack="0"/>
<pin id="1346" dir="0" index="5" bw="3" slack="0"/>
<pin id="1347" dir="0" index="6" bw="34" slack="0"/>
<pin id="1348" dir="0" index="7" bw="3" slack="0"/>
<pin id="1349" dir="0" index="8" bw="34" slack="0"/>
<pin id="1350" dir="0" index="9" bw="3" slack="0"/>
<pin id="1351" dir="0" index="10" bw="34" slack="0"/>
<pin id="1352" dir="0" index="11" bw="3" slack="0"/>
<pin id="1353" dir="0" index="12" bw="34" slack="0"/>
<pin id="1354" dir="0" index="13" bw="3" slack="0"/>
<pin id="1355" dir="0" index="14" bw="34" slack="0"/>
<pin id="1356" dir="0" index="15" bw="3" slack="0"/>
<pin id="1357" dir="0" index="16" bw="34" slack="0"/>
<pin id="1358" dir="0" index="17" bw="34" slack="0"/>
<pin id="1359" dir="0" index="18" bw="3" slack="0"/>
<pin id="1360" dir="1" index="19" bw="34" slack="0"/>
</pin_list>
<bind>
<opcode="sparsemux(1197) " fcode="sparsemux"/>
<opset="b_13/1 "/>
</bind>
</comp>

<comp id="1380" class="1004" name="sext_ln283_4_fu_1380">
<pin_list>
<pin id="1381" dir="0" index="0" bw="34" slack="0"/>
<pin id="1382" dir="1" index="1" bw="44" slack="0"/>
</pin_list>
<bind>
<opcode="sext(35) " fcode="sext"/>
<opset="sext_ln283_4/1 "/>
</bind>
</comp>

<comp id="1386" class="1004" name="switch_ln760_fu_1386">
<pin_list>
<pin id="1387" dir="0" index="0" bw="2" slack="0"/>
<pin id="1388" dir="0" index="1" bw="1" slack="0"/>
<pin id="1389" dir="0" index="2" bw="1" slack="0"/>
<pin id="1390" dir="0" index="3" bw="2" slack="0"/>
<pin id="1391" dir="1" index="4" bw="0" slack="2147483647"/>
</pin_list>
<bind>
<opcode="switch(3) " fcode="switch"/>
<opset="switch_ln760/1 "/>
</bind>
</comp>

<comp id="1396" class="1004" name="store_ln475_store_fu_1396">
<pin_list>
<pin id="1397" dir="0" index="0" bw="4" slack="0"/>
<pin id="1398" dir="0" index="1" bw="4" slack="0"/>
<pin id="1399" dir="1" index="2" bw="0" slack="2147483647"/>
</pin_list>
<bind>
<opcode="store(28) " fcode="store"/>
<opset="store_ln475/1 "/>
</bind>
</comp>

<comp id="1401" class="1004" name="val0_fu_1401">
<pin_list>
<pin id="1402" dir="0" index="0" bw="44" slack="0"/>
<pin id="1403" dir="0" index="1" bw="44" slack="0"/>
<pin id="1404" dir="1" index="2" bw="44" slack="0"/>
</pin_list>
<bind>
<opcode="add(8) " fcode="add"/>
<opset="val0/4 "/>
</bind>
</comp>

<comp id="1407" class="1004" name="val1_fu_1407">
<pin_list>
<pin id="1408" dir="0" index="0" bw="44" slack="0"/>
<pin id="1409" dir="0" index="1" bw="44" slack="0"/>
<pin id="1410" dir="1" index="2" bw="44" slack="0"/>
</pin_list>
<bind>
<opcode="add(8) " fcode="add"/>
<opset="val1/4 "/>
</bind>
</comp>

<comp id="1413" class="1004" name="value_fu_1413">
<pin_list>
<pin id="1414" dir="0" index="0" bw="1" slack="0"/>
<pin id="1415" dir="0" index="1" bw="44" slack="0"/>
<pin id="1416" dir="1" index="2" bw="44" slack="0"/>
</pin_list>
<bind>
<opcode="sub(10) " fcode="sub"/>
<opset="value/4 "/>
</bind>
</comp>

<comp id="1419" class="1004" name="trunc_ln167_3_fu_1419">
<pin_list>
<pin id="1420" dir="0" index="0" bw="26" slack="0"/>
<pin id="1421" dir="0" index="1" bw="44" slack="0"/>
<pin id="1422" dir="0" index="2" bw="6" slack="0"/>
<pin id="1423" dir="0" index="3" bw="7" slack="0"/>
<pin id="1424" dir="1" index="4" bw="26" slack="0"/>
</pin_list>
<bind>
<opcode="partselect(1002) " fcode="partselect"/>
<opset="trunc_ln167_3/4 "/>
</bind>
</comp>

<comp id="1461" class="1004" name="value_10_fu_1461">
<pin_list>
<pin id="1462" dir="0" index="0" bw="1" slack="0"/>
<pin id="1463" dir="0" index="1" bw="44" slack="0"/>
<pin id="1464" dir="1" index="2" bw="44" slack="0"/>
</pin_list>
<bind>
<opcode="sub(10) " fcode="sub"/>
<opset="value_10/4 "/>
</bind>
</comp>

<comp id="1467" class="1004" name="trunc_ln167_4_fu_1467">
<pin_list>
<pin id="1468" dir="0" index="0" bw="26" slack="0"/>
<pin id="1469" dir="0" index="1" bw="44" slack="0"/>
<pin id="1470" dir="0" index="2" bw="6" slack="0"/>
<pin id="1471" dir="0" index="3" bw="7" slack="0"/>
<pin id="1472" dir="1" index="4" bw="26" slack="0"/>
</pin_list>
<bind>
<opcode="partselect(1002) " fcode="partselect"/>
<opset="trunc_ln167_4/4 "/>
</bind>
</comp>

<comp id="1509" class="1005" name="j_reg_1509">
<pin_list>
<pin id="1510" dir="0" index="0" bw="4" slack="0"/>
<pin id="1511" dir="1" index="1" bw="4" slack="0"/>
</pin_list>
<bind>
<opset="j "/>
</bind>
</comp>

<comp id="1516" class="1005" name="tmp_reg_1516">
<pin_list>
<pin id="1517" dir="0" index="0" bw="2" slack="2"/>
<pin id="1518" dir="1" index="1" bw="2" slack="2147483647"/>
</pin_list>
<bind>
<opset="tmp "/>
</bind>
</comp>

<comp id="1520" class="1005" name="sext_ln760_cast_reg_1520">
<pin_list>
<pin id="1521" dir="0" index="0" bw="44" slack="1"/>
<pin id="1522" dir="1" index="1" bw="44" slack="1"/>
</pin_list>
<bind>
<opset="sext_ln760_cast "/>
</bind>
</comp>

<comp id="1525" class="1005" name="sext_ln283_2_cast_reg_1525">
<pin_list>
<pin id="1526" dir="0" index="0" bw="44" slack="1"/>
<pin id="1527" dir="1" index="1" bw="44" slack="1"/>
</pin_list>
<bind>
<opset="sext_ln283_2_cast "/>
</bind>
</comp>

<comp id="1530" class="1005" name="sext_ln283_1_cast_reg_1530">
<pin_list>
<pin id="1531" dir="0" index="0" bw="44" slack="1"/>
<pin id="1532" dir="1" index="1" bw="44" slack="1"/>
</pin_list>
<bind>
<opset="sext_ln283_1_cast "/>
</bind>
</comp>

<comp id="1535" class="1005" name="sext_ln283_cast_reg_1535">
<pin_list>
<pin id="1536" dir="0" index="0" bw="44" slack="1"/>
<pin id="1537" dir="1" index="1" bw="44" slack="1"/>
</pin_list>
<bind>
<opset="sext_ln283_cast "/>
</bind>
</comp>

<comp id="1540" class="1005" name="zext_ln475_cast_reg_1540">
<pin_list>
<pin id="1541" dir="0" index="0" bw="64" slack="3"/>
<pin id="1542" dir="1" index="1" bw="64" slack="3"/>
</pin_list>
<bind>
<opset="zext_ln475_cast "/>
</bind>
</comp>

<comp id="1608" class="1005" name="icmp_ln750_reg_1608">
<pin_list>
<pin id="1609" dir="0" index="0" bw="1" slack="2"/>
<pin id="1610" dir="1" index="1" bw="1" slack="2147483647"/>
</pin_list>
<bind>
<opset="icmp_ln750 "/>
</bind>
</comp>

<comp id="1612" class="1005" name="trunc_ln750_reg_1612">
<pin_list>
<pin id="1613" dir="0" index="0" bw="3" slack="2"/>
<pin id="1614" dir="1" index="1" bw="3" slack="2147483647"/>
</pin_list>
<bind>
<opset="trunc_ln750 "/>
</bind>
</comp>

<comp id="1616" class="1005" name="sext_ln283_3_reg_1616">
<pin_list>
<pin id="1617" dir="0" index="0" bw="44" slack="1"/>
<pin id="1618" dir="1" index="1" bw="44" slack="1"/>
</pin_list>
<bind>
<opset="sext_ln283_3 "/>
</bind>
</comp>

<comp id="1622" class="1005" name="sext_ln283_4_reg_1622">
<pin_list>
<pin id="1623" dir="0" index="0" bw="44" slack="1"/>
<pin id="1624" dir="1" index="1" bw="44" slack="1"/>
</pin_list>
<bind>
<opset="sext_ln283_4 "/>
</bind>
</comp>

</comp_list>

<net_list>
<net id="261"><net_src comp="166" pin="0"/><net_sink comp="258" pin=0"/></net>

<net id="266"><net_src comp="168" pin="0"/><net_sink comp="262" pin=0"/></net>

<net id="267"><net_src comp="164" pin="0"/><net_sink comp="262" pin=1"/></net>

<net id="272"><net_src comp="170" pin="0"/><net_sink comp="268" pin=0"/></net>

<net id="273"><net_src comp="162" pin="0"/><net_sink comp="268" pin=1"/></net>

<net id="278"><net_src comp="170" pin="0"/><net_sink comp="274" pin=0"/></net>

<net id="279"><net_src comp="160" pin="0"/><net_sink comp="274" pin=1"/></net>

<net id="284"><net_src comp="170" pin="0"/><net_sink comp="280" pin=0"/></net>

<net id="285"><net_src comp="158" pin="0"/><net_sink comp="280" pin=1"/></net>

<net id="290"><net_src comp="172" pin="0"/><net_sink comp="286" pin=0"/></net>

<net id="291"><net_src comp="156" pin="0"/><net_sink comp="286" pin=1"/></net>

<net id="296"><net_src comp="172" pin="0"/><net_sink comp="292" pin=0"/></net>

<net id="297"><net_src comp="154" pin="0"/><net_sink comp="292" pin=1"/></net>

<net id="302"><net_src comp="172" pin="0"/><net_sink comp="298" pin=0"/></net>

<net id="303"><net_src comp="152" pin="0"/><net_sink comp="298" pin=1"/></net>

<net id="308"><net_src comp="172" pin="0"/><net_sink comp="304" pin=0"/></net>

<net id="309"><net_src comp="150" pin="0"/><net_sink comp="304" pin=1"/></net>

<net id="314"><net_src comp="172" pin="0"/><net_sink comp="310" pin=0"/></net>

<net id="315"><net_src comp="148" pin="0"/><net_sink comp="310" pin=1"/></net>

<net id="320"><net_src comp="172" pin="0"/><net_sink comp="316" pin=0"/></net>

<net id="321"><net_src comp="146" pin="0"/><net_sink comp="316" pin=1"/></net>

<net id="326"><net_src comp="170" pin="0"/><net_sink comp="322" pin=0"/></net>

<net id="327"><net_src comp="144" pin="0"/><net_sink comp="322" pin=1"/></net>

<net id="332"><net_src comp="174" pin="0"/><net_sink comp="328" pin=0"/></net>

<net id="333"><net_src comp="142" pin="0"/><net_sink comp="328" pin=1"/></net>

<net id="338"><net_src comp="172" pin="0"/><net_sink comp="334" pin=0"/></net>

<net id="339"><net_src comp="140" pin="0"/><net_sink comp="334" pin=1"/></net>

<net id="344"><net_src comp="172" pin="0"/><net_sink comp="340" pin=0"/></net>

<net id="345"><net_src comp="138" pin="0"/><net_sink comp="340" pin=1"/></net>

<net id="350"><net_src comp="172" pin="0"/><net_sink comp="346" pin=0"/></net>

<net id="351"><net_src comp="136" pin="0"/><net_sink comp="346" pin=1"/></net>

<net id="356"><net_src comp="172" pin="0"/><net_sink comp="352" pin=0"/></net>

<net id="357"><net_src comp="134" pin="0"/><net_sink comp="352" pin=1"/></net>

<net id="362"><net_src comp="172" pin="0"/><net_sink comp="358" pin=0"/></net>

<net id="363"><net_src comp="132" pin="0"/><net_sink comp="358" pin=1"/></net>

<net id="368"><net_src comp="172" pin="0"/><net_sink comp="364" pin=0"/></net>

<net id="369"><net_src comp="130" pin="0"/><net_sink comp="364" pin=1"/></net>

<net id="374"><net_src comp="176" pin="0"/><net_sink comp="370" pin=0"/></net>

<net id="375"><net_src comp="2" pin="0"/><net_sink comp="370" pin=1"/></net>

<net id="381"><net_src comp="0" pin="0"/><net_sink comp="376" pin=0"/></net>

<net id="382"><net_src comp="212" pin="0"/><net_sink comp="376" pin=1"/></net>

<net id="388"><net_src comp="4" pin="0"/><net_sink comp="383" pin=0"/></net>

<net id="389"><net_src comp="212" pin="0"/><net_sink comp="383" pin=1"/></net>

<net id="395"><net_src comp="6" pin="0"/><net_sink comp="390" pin=0"/></net>

<net id="396"><net_src comp="212" pin="0"/><net_sink comp="390" pin=1"/></net>

<net id="402"><net_src comp="8" pin="0"/><net_sink comp="397" pin=0"/></net>

<net id="403"><net_src comp="212" pin="0"/><net_sink comp="397" pin=1"/></net>

<net id="409"><net_src comp="10" pin="0"/><net_sink comp="404" pin=0"/></net>

<net id="410"><net_src comp="212" pin="0"/><net_sink comp="404" pin=1"/></net>

<net id="416"><net_src comp="12" pin="0"/><net_sink comp="411" pin=0"/></net>

<net id="417"><net_src comp="212" pin="0"/><net_sink comp="411" pin=1"/></net>

<net id="423"><net_src comp="14" pin="0"/><net_sink comp="418" pin=0"/></net>

<net id="424"><net_src comp="212" pin="0"/><net_sink comp="418" pin=1"/></net>

<net id="430"><net_src comp="16" pin="0"/><net_sink comp="425" pin=0"/></net>

<net id="431"><net_src comp="212" pin="0"/><net_sink comp="425" pin=1"/></net>

<net id="437"><net_src comp="18" pin="0"/><net_sink comp="432" pin=0"/></net>

<net id="438"><net_src comp="212" pin="0"/><net_sink comp="432" pin=1"/></net>

<net id="444"><net_src comp="20" pin="0"/><net_sink comp="439" pin=0"/></net>

<net id="445"><net_src comp="212" pin="0"/><net_sink comp="439" pin=1"/></net>

<net id="451"><net_src comp="22" pin="0"/><net_sink comp="446" pin=0"/></net>

<net id="452"><net_src comp="212" pin="0"/><net_sink comp="446" pin=1"/></net>

<net id="458"><net_src comp="24" pin="0"/><net_sink comp="453" pin=0"/></net>

<net id="459"><net_src comp="212" pin="0"/><net_sink comp="453" pin=1"/></net>

<net id="465"><net_src comp="26" pin="0"/><net_sink comp="460" pin=0"/></net>

<net id="466"><net_src comp="212" pin="0"/><net_sink comp="460" pin=1"/></net>

<net id="472"><net_src comp="28" pin="0"/><net_sink comp="467" pin=0"/></net>

<net id="473"><net_src comp="212" pin="0"/><net_sink comp="467" pin=1"/></net>

<net id="479"><net_src comp="30" pin="0"/><net_sink comp="474" pin=0"/></net>

<net id="480"><net_src comp="212" pin="0"/><net_sink comp="474" pin=1"/></net>

<net id="486"><net_src comp="32" pin="0"/><net_sink comp="481" pin=0"/></net>

<net id="487"><net_src comp="212" pin="0"/><net_sink comp="481" pin=1"/></net>

<net id="493"><net_src comp="34" pin="0"/><net_sink comp="488" pin=0"/></net>

<net id="494"><net_src comp="212" pin="0"/><net_sink comp="488" pin=1"/></net>

<net id="500"><net_src comp="36" pin="0"/><net_sink comp="495" pin=0"/></net>

<net id="501"><net_src comp="212" pin="0"/><net_sink comp="495" pin=1"/></net>

<net id="507"><net_src comp="38" pin="0"/><net_sink comp="502" pin=0"/></net>

<net id="508"><net_src comp="212" pin="0"/><net_sink comp="502" pin=1"/></net>

<net id="514"><net_src comp="40" pin="0"/><net_sink comp="509" pin=0"/></net>

<net id="515"><net_src comp="212" pin="0"/><net_sink comp="509" pin=1"/></net>

<net id="521"><net_src comp="42" pin="0"/><net_sink comp="516" pin=0"/></net>

<net id="522"><net_src comp="212" pin="0"/><net_sink comp="516" pin=1"/></net>

<net id="528"><net_src comp="44" pin="0"/><net_sink comp="523" pin=0"/></net>

<net id="529"><net_src comp="212" pin="0"/><net_sink comp="523" pin=1"/></net>

<net id="535"><net_src comp="46" pin="0"/><net_sink comp="530" pin=0"/></net>

<net id="536"><net_src comp="212" pin="0"/><net_sink comp="530" pin=1"/></net>

<net id="542"><net_src comp="48" pin="0"/><net_sink comp="537" pin=0"/></net>

<net id="543"><net_src comp="212" pin="0"/><net_sink comp="537" pin=1"/></net>

<net id="549"><net_src comp="50" pin="0"/><net_sink comp="544" pin=0"/></net>

<net id="550"><net_src comp="212" pin="0"/><net_sink comp="544" pin=1"/></net>

<net id="556"><net_src comp="52" pin="0"/><net_sink comp="551" pin=0"/></net>

<net id="557"><net_src comp="212" pin="0"/><net_sink comp="551" pin=1"/></net>

<net id="563"><net_src comp="54" pin="0"/><net_sink comp="558" pin=0"/></net>

<net id="564"><net_src comp="212" pin="0"/><net_sink comp="558" pin=1"/></net>

<net id="570"><net_src comp="56" pin="0"/><net_sink comp="565" pin=0"/></net>

<net id="571"><net_src comp="212" pin="0"/><net_sink comp="565" pin=1"/></net>

<net id="577"><net_src comp="58" pin="0"/><net_sink comp="572" pin=0"/></net>

<net id="578"><net_src comp="212" pin="0"/><net_sink comp="572" pin=1"/></net>

<net id="584"><net_src comp="60" pin="0"/><net_sink comp="579" pin=0"/></net>

<net id="585"><net_src comp="212" pin="0"/><net_sink comp="579" pin=1"/></net>

<net id="591"><net_src comp="62" pin="0"/><net_sink comp="586" pin=0"/></net>

<net id="592"><net_src comp="212" pin="0"/><net_sink comp="586" pin=1"/></net>

<net id="598"><net_src comp="64" pin="0"/><net_sink comp="593" pin=0"/></net>

<net id="599"><net_src comp="212" pin="0"/><net_sink comp="593" pin=1"/></net>

<net id="605"><net_src comp="66" pin="0"/><net_sink comp="600" pin=0"/></net>

<net id="606"><net_src comp="212" pin="0"/><net_sink comp="600" pin=1"/></net>

<net id="612"><net_src comp="68" pin="0"/><net_sink comp="607" pin=0"/></net>

<net id="613"><net_src comp="212" pin="0"/><net_sink comp="607" pin=1"/></net>

<net id="619"><net_src comp="70" pin="0"/><net_sink comp="614" pin=0"/></net>

<net id="620"><net_src comp="212" pin="0"/><net_sink comp="614" pin=1"/></net>

<net id="626"><net_src comp="72" pin="0"/><net_sink comp="621" pin=0"/></net>

<net id="627"><net_src comp="212" pin="0"/><net_sink comp="621" pin=1"/></net>

<net id="633"><net_src comp="74" pin="0"/><net_sink comp="628" pin=0"/></net>

<net id="634"><net_src comp="212" pin="0"/><net_sink comp="628" pin=1"/></net>

<net id="640"><net_src comp="76" pin="0"/><net_sink comp="635" pin=0"/></net>

<net id="641"><net_src comp="212" pin="0"/><net_sink comp="635" pin=1"/></net>

<net id="647"><net_src comp="78" pin="0"/><net_sink comp="642" pin=0"/></net>

<net id="648"><net_src comp="212" pin="0"/><net_sink comp="642" pin=1"/></net>

<net id="654"><net_src comp="80" pin="0"/><net_sink comp="649" pin=0"/></net>

<net id="655"><net_src comp="212" pin="0"/><net_sink comp="649" pin=1"/></net>

<net id="661"><net_src comp="82" pin="0"/><net_sink comp="656" pin=0"/></net>

<net id="662"><net_src comp="212" pin="0"/><net_sink comp="656" pin=1"/></net>

<net id="668"><net_src comp="84" pin="0"/><net_sink comp="663" pin=0"/></net>

<net id="669"><net_src comp="212" pin="0"/><net_sink comp="663" pin=1"/></net>

<net id="675"><net_src comp="86" pin="0"/><net_sink comp="670" pin=0"/></net>

<net id="676"><net_src comp="212" pin="0"/><net_sink comp="670" pin=1"/></net>

<net id="682"><net_src comp="88" pin="0"/><net_sink comp="677" pin=0"/></net>

<net id="683"><net_src comp="212" pin="0"/><net_sink comp="677" pin=1"/></net>

<net id="689"><net_src comp="90" pin="0"/><net_sink comp="684" pin=0"/></net>

<net id="690"><net_src comp="212" pin="0"/><net_sink comp="684" pin=1"/></net>

<net id="696"><net_src comp="92" pin="0"/><net_sink comp="691" pin=0"/></net>

<net id="697"><net_src comp="212" pin="0"/><net_sink comp="691" pin=1"/></net>

<net id="703"><net_src comp="94" pin="0"/><net_sink comp="698" pin=0"/></net>

<net id="704"><net_src comp="212" pin="0"/><net_sink comp="698" pin=1"/></net>

<net id="710"><net_src comp="96" pin="0"/><net_sink comp="705" pin=0"/></net>

<net id="711"><net_src comp="212" pin="0"/><net_sink comp="705" pin=1"/></net>

<net id="717"><net_src comp="98" pin="0"/><net_sink comp="712" pin=0"/></net>

<net id="718"><net_src comp="212" pin="0"/><net_sink comp="712" pin=1"/></net>

<net id="724"><net_src comp="100" pin="0"/><net_sink comp="719" pin=0"/></net>

<net id="725"><net_src comp="212" pin="0"/><net_sink comp="719" pin=1"/></net>

<net id="731"><net_src comp="102" pin="0"/><net_sink comp="726" pin=0"/></net>

<net id="732"><net_src comp="212" pin="0"/><net_sink comp="726" pin=1"/></net>

<net id="738"><net_src comp="104" pin="0"/><net_sink comp="733" pin=0"/></net>

<net id="739"><net_src comp="212" pin="0"/><net_sink comp="733" pin=1"/></net>

<net id="745"><net_src comp="106" pin="0"/><net_sink comp="740" pin=0"/></net>

<net id="746"><net_src comp="212" pin="0"/><net_sink comp="740" pin=1"/></net>

<net id="752"><net_src comp="108" pin="0"/><net_sink comp="747" pin=0"/></net>

<net id="753"><net_src comp="212" pin="0"/><net_sink comp="747" pin=1"/></net>

<net id="759"><net_src comp="110" pin="0"/><net_sink comp="754" pin=0"/></net>

<net id="760"><net_src comp="212" pin="0"/><net_sink comp="754" pin=1"/></net>

<net id="766"><net_src comp="112" pin="0"/><net_sink comp="761" pin=0"/></net>

<net id="767"><net_src comp="212" pin="0"/><net_sink comp="761" pin=1"/></net>

<net id="773"><net_src comp="114" pin="0"/><net_sink comp="768" pin=0"/></net>

<net id="774"><net_src comp="212" pin="0"/><net_sink comp="768" pin=1"/></net>

<net id="780"><net_src comp="116" pin="0"/><net_sink comp="775" pin=0"/></net>

<net id="781"><net_src comp="212" pin="0"/><net_sink comp="775" pin=1"/></net>

<net id="787"><net_src comp="118" pin="0"/><net_sink comp="782" pin=0"/></net>

<net id="788"><net_src comp="212" pin="0"/><net_sink comp="782" pin=1"/></net>

<net id="794"><net_src comp="120" pin="0"/><net_sink comp="789" pin=0"/></net>

<net id="795"><net_src comp="212" pin="0"/><net_sink comp="789" pin=1"/></net>

<net id="801"><net_src comp="122" pin="0"/><net_sink comp="796" pin=0"/></net>

<net id="802"><net_src comp="212" pin="0"/><net_sink comp="796" pin=1"/></net>

<net id="808"><net_src comp="124" pin="0"/><net_sink comp="803" pin=0"/></net>

<net id="809"><net_src comp="212" pin="0"/><net_sink comp="803" pin=1"/></net>

<net id="815"><net_src comp="126" pin="0"/><net_sink comp="810" pin=0"/></net>

<net id="816"><net_src comp="212" pin="0"/><net_sink comp="810" pin=1"/></net>

<net id="822"><net_src comp="128" pin="0"/><net_sink comp="817" pin=0"/></net>

<net id="823"><net_src comp="212" pin="0"/><net_sink comp="817" pin=1"/></net>

<net id="829"><net_src comp="684" pin="3"/><net_sink comp="824" pin=0"/></net>

<net id="835"><net_src comp="691" pin="3"/><net_sink comp="830" pin=0"/></net>

<net id="841"><net_src comp="670" pin="3"/><net_sink comp="836" pin=0"/></net>

<net id="847"><net_src comp="677" pin="3"/><net_sink comp="842" pin=0"/></net>

<net id="853"><net_src comp="656" pin="3"/><net_sink comp="848" pin=0"/></net>

<net id="859"><net_src comp="663" pin="3"/><net_sink comp="854" pin=0"/></net>

<net id="865"><net_src comp="642" pin="3"/><net_sink comp="860" pin=0"/></net>

<net id="871"><net_src comp="649" pin="3"/><net_sink comp="866" pin=0"/></net>

<net id="877"><net_src comp="628" pin="3"/><net_sink comp="872" pin=0"/></net>

<net id="883"><net_src comp="635" pin="3"/><net_sink comp="878" pin=0"/></net>

<net id="889"><net_src comp="614" pin="3"/><net_sink comp="884" pin=0"/></net>

<net id="895"><net_src comp="621" pin="3"/><net_sink comp="890" pin=0"/></net>

<net id="901"><net_src comp="600" pin="3"/><net_sink comp="896" pin=0"/></net>

<net id="907"><net_src comp="607" pin="3"/><net_sink comp="902" pin=0"/></net>

<net id="913"><net_src comp="698" pin="3"/><net_sink comp="908" pin=0"/></net>

<net id="919"><net_src comp="705" pin="3"/><net_sink comp="914" pin=0"/></net>

<net id="925"><net_src comp="572" pin="3"/><net_sink comp="920" pin=0"/></net>

<net id="931"><net_src comp="579" pin="3"/><net_sink comp="926" pin=0"/></net>

<net id="937"><net_src comp="558" pin="3"/><net_sink comp="932" pin=0"/></net>

<net id="943"><net_src comp="565" pin="3"/><net_sink comp="938" pin=0"/></net>

<net id="949"><net_src comp="544" pin="3"/><net_sink comp="944" pin=0"/></net>

<net id="955"><net_src comp="551" pin="3"/><net_sink comp="950" pin=0"/></net>

<net id="961"><net_src comp="530" pin="3"/><net_sink comp="956" pin=0"/></net>

<net id="967"><net_src comp="537" pin="3"/><net_sink comp="962" pin=0"/></net>

<net id="973"><net_src comp="516" pin="3"/><net_sink comp="968" pin=0"/></net>

<net id="979"><net_src comp="523" pin="3"/><net_sink comp="974" pin=0"/></net>

<net id="985"><net_src comp="502" pin="3"/><net_sink comp="980" pin=0"/></net>

<net id="991"><net_src comp="509" pin="3"/><net_sink comp="986" pin=0"/></net>

<net id="997"><net_src comp="488" pin="3"/><net_sink comp="992" pin=0"/></net>

<net id="1003"><net_src comp="495" pin="3"/><net_sink comp="998" pin=0"/></net>

<net id="1009"><net_src comp="586" pin="3"/><net_sink comp="1004" pin=0"/></net>

<net id="1015"><net_src comp="593" pin="3"/><net_sink comp="1010" pin=0"/></net>

<net id="1021"><net_src comp="460" pin="3"/><net_sink comp="1016" pin=0"/></net>

<net id="1027"><net_src comp="467" pin="3"/><net_sink comp="1022" pin=0"/></net>

<net id="1033"><net_src comp="446" pin="3"/><net_sink comp="1028" pin=0"/></net>

<net id="1039"><net_src comp="453" pin="3"/><net_sink comp="1034" pin=0"/></net>

<net id="1045"><net_src comp="432" pin="3"/><net_sink comp="1040" pin=0"/></net>

<net id="1051"><net_src comp="439" pin="3"/><net_sink comp="1046" pin=0"/></net>

<net id="1057"><net_src comp="418" pin="3"/><net_sink comp="1052" pin=0"/></net>

<net id="1063"><net_src comp="425" pin="3"/><net_sink comp="1058" pin=0"/></net>

<net id="1069"><net_src comp="404" pin="3"/><net_sink comp="1064" pin=0"/></net>

<net id="1075"><net_src comp="411" pin="3"/><net_sink comp="1070" pin=0"/></net>

<net id="1081"><net_src comp="390" pin="3"/><net_sink comp="1076" pin=0"/></net>

<net id="1087"><net_src comp="397" pin="3"/><net_sink comp="1082" pin=0"/></net>

<net id="1093"><net_src comp="376" pin="3"/><net_sink comp="1088" pin=0"/></net>

<net id="1099"><net_src comp="383" pin="3"/><net_sink comp="1094" pin=0"/></net>

<net id="1105"><net_src comp="474" pin="3"/><net_sink comp="1100" pin=0"/></net>

<net id="1111"><net_src comp="481" pin="3"/><net_sink comp="1106" pin=0"/></net>

<net id="1117"><net_src comp="796" pin="3"/><net_sink comp="1112" pin=0"/></net>

<net id="1123"><net_src comp="803" pin="3"/><net_sink comp="1118" pin=0"/></net>

<net id="1129"><net_src comp="782" pin="3"/><net_sink comp="1124" pin=0"/></net>

<net id="1135"><net_src comp="789" pin="3"/><net_sink comp="1130" pin=0"/></net>

<net id="1141"><net_src comp="768" pin="3"/><net_sink comp="1136" pin=0"/></net>

<net id="1147"><net_src comp="775" pin="3"/><net_sink comp="1142" pin=0"/></net>

<net id="1153"><net_src comp="754" pin="3"/><net_sink comp="1148" pin=0"/></net>

<net id="1159"><net_src comp="761" pin="3"/><net_sink comp="1154" pin=0"/></net>

<net id="1165"><net_src comp="740" pin="3"/><net_sink comp="1160" pin=0"/></net>

<net id="1171"><net_src comp="747" pin="3"/><net_sink comp="1166" pin=0"/></net>

<net id="1177"><net_src comp="726" pin="3"/><net_sink comp="1172" pin=0"/></net>

<net id="1183"><net_src comp="733" pin="3"/><net_sink comp="1178" pin=0"/></net>

<net id="1189"><net_src comp="712" pin="3"/><net_sink comp="1184" pin=0"/></net>

<net id="1195"><net_src comp="719" pin="3"/><net_sink comp="1190" pin=0"/></net>

<net id="1201"><net_src comp="810" pin="3"/><net_sink comp="1196" pin=0"/></net>

<net id="1207"><net_src comp="817" pin="3"/><net_sink comp="1202" pin=0"/></net>

<net id="1234"><net_src comp="186" pin="0"/><net_sink comp="1224" pin=1"/></net>

<net id="1235"><net_src comp="188" pin="0"/><net_sink comp="1224" pin=2"/></net>

<net id="1236"><net_src comp="190" pin="0"/><net_sink comp="1224" pin=3"/></net>

<net id="1237"><net_src comp="192" pin="0"/><net_sink comp="1224" pin=4"/></net>

<net id="1238"><net_src comp="194" pin="0"/><net_sink comp="1224" pin=5"/></net>

<net id="1239"><net_src comp="196" pin="0"/><net_sink comp="1224" pin=6"/></net>

<net id="1240"><net_src comp="198" pin="0"/><net_sink comp="1224" pin=7"/></net>

<net id="1244"><net_src comp="268" pin="2"/><net_sink comp="1241" pin=0"/></net>

<net id="1245"><net_src comp="1241" pin="1"/><net_sink comp="1220" pin=1"/></net>

<net id="1249"><net_src comp="274" pin="2"/><net_sink comp="1246" pin=0"/></net>

<net id="1250"><net_src comp="1246" pin="1"/><net_sink comp="1216" pin=1"/></net>

<net id="1254"><net_src comp="280" pin="2"/><net_sink comp="1251" pin=0"/></net>

<net id="1255"><net_src comp="1251" pin="1"/><net_sink comp="1212" pin=1"/></net>

<net id="1259"><net_src comp="322" pin="2"/><net_sink comp="1256" pin=0"/></net>

<net id="1260"><net_src comp="1256" pin="1"/><net_sink comp="1208" pin=1"/></net>

<net id="1264"><net_src comp="328" pin="2"/><net_sink comp="1261" pin=0"/></net>

<net id="1268"><net_src comp="370" pin="2"/><net_sink comp="1265" pin=0"/></net>

<net id="1273"><net_src comp="178" pin="0"/><net_sink comp="1269" pin=0"/></net>

<net id="1281"><net_src comp="1274" pin="1"/><net_sink comp="1277" pin=0"/></net>

<net id="1282"><net_src comp="180" pin="0"/><net_sink comp="1277" pin=1"/></net>

<net id="1287"><net_src comp="1274" pin="1"/><net_sink comp="1283" pin=0"/></net>

<net id="1288"><net_src comp="182" pin="0"/><net_sink comp="1283" pin=1"/></net>

<net id="1292"><net_src comp="1274" pin="1"/><net_sink comp="1289" pin=0"/></net>

<net id="1293"><net_src comp="1289" pin="1"/><net_sink comp="1224" pin=0"/></net>

<net id="1315"><net_src comp="184" pin="0"/><net_sink comp="1294" pin=0"/></net>

<net id="1316"><net_src comp="186" pin="0"/><net_sink comp="1294" pin=1"/></net>

<net id="1317"><net_src comp="364" pin="2"/><net_sink comp="1294" pin=2"/></net>

<net id="1318"><net_src comp="188" pin="0"/><net_sink comp="1294" pin=3"/></net>

<net id="1319"><net_src comp="358" pin="2"/><net_sink comp="1294" pin=4"/></net>

<net id="1320"><net_src comp="190" pin="0"/><net_sink comp="1294" pin=5"/></net>

<net id="1321"><net_src comp="352" pin="2"/><net_sink comp="1294" pin=6"/></net>

<net id="1322"><net_src comp="192" pin="0"/><net_sink comp="1294" pin=7"/></net>

<net id="1323"><net_src comp="346" pin="2"/><net_sink comp="1294" pin=8"/></net>

<net id="1324"><net_src comp="194" pin="0"/><net_sink comp="1294" pin=9"/></net>

<net id="1325"><net_src comp="340" pin="2"/><net_sink comp="1294" pin=10"/></net>

<net id="1326"><net_src comp="196" pin="0"/><net_sink comp="1294" pin=11"/></net>

<net id="1327"><net_src comp="334" pin="2"/><net_sink comp="1294" pin=12"/></net>

<net id="1328"><net_src comp="198" pin="0"/><net_sink comp="1294" pin=13"/></net>

<net id="1329"><net_src comp="1261" pin="1"/><net_sink comp="1294" pin=14"/></net>

<net id="1330"><net_src comp="200" pin="0"/><net_sink comp="1294" pin=15"/></net>

<net id="1331"><net_src comp="202" pin="0"/><net_sink comp="1294" pin=16"/></net>

<net id="1332"><net_src comp="204" pin="0"/><net_sink comp="1294" pin=17"/></net>

<net id="1333"><net_src comp="1289" pin="1"/><net_sink comp="1294" pin=18"/></net>

<net id="1337"><net_src comp="1294" pin="19"/><net_sink comp="1334" pin=0"/></net>

<net id="1338"><net_src comp="1334" pin="1"/><net_sink comp="1208" pin=0"/></net>

<net id="1339"><net_src comp="1334" pin="1"/><net_sink comp="1216" pin=0"/></net>

<net id="1361"><net_src comp="184" pin="0"/><net_sink comp="1340" pin=0"/></net>

<net id="1362"><net_src comp="186" pin="0"/><net_sink comp="1340" pin=1"/></net>

<net id="1363"><net_src comp="316" pin="2"/><net_sink comp="1340" pin=2"/></net>

<net id="1364"><net_src comp="188" pin="0"/><net_sink comp="1340" pin=3"/></net>

<net id="1365"><net_src comp="310" pin="2"/><net_sink comp="1340" pin=4"/></net>

<net id="1366"><net_src comp="190" pin="0"/><net_sink comp="1340" pin=5"/></net>

<net id="1367"><net_src comp="304" pin="2"/><net_sink comp="1340" pin=6"/></net>

<net id="1368"><net_src comp="192" pin="0"/><net_sink comp="1340" pin=7"/></net>

<net id="1369"><net_src comp="298" pin="2"/><net_sink comp="1340" pin=8"/></net>

<net id="1370"><net_src comp="194" pin="0"/><net_sink comp="1340" pin=9"/></net>

<net id="1371"><net_src comp="292" pin="2"/><net_sink comp="1340" pin=10"/></net>

<net id="1372"><net_src comp="196" pin="0"/><net_sink comp="1340" pin=11"/></net>

<net id="1373"><net_src comp="286" pin="2"/><net_sink comp="1340" pin=12"/></net>

<net id="1374"><net_src comp="198" pin="0"/><net_sink comp="1340" pin=13"/></net>

<net id="1375"><net_src comp="202" pin="0"/><net_sink comp="1340" pin=14"/></net>

<net id="1376"><net_src comp="200" pin="0"/><net_sink comp="1340" pin=15"/></net>

<net id="1377"><net_src comp="1261" pin="1"/><net_sink comp="1340" pin=16"/></net>

<net id="1378"><net_src comp="204" pin="0"/><net_sink comp="1340" pin=17"/></net>

<net id="1379"><net_src comp="1289" pin="1"/><net_sink comp="1340" pin=18"/></net>

<net id="1383"><net_src comp="1340" pin="19"/><net_sink comp="1380" pin=0"/></net>

<net id="1384"><net_src comp="1380" pin="1"/><net_sink comp="1212" pin=0"/></net>

<net id="1385"><net_src comp="1380" pin="1"/><net_sink comp="1220" pin=0"/></net>

<net id="1392"><net_src comp="262" pin="2"/><net_sink comp="1386" pin=0"/></net>

<net id="1393"><net_src comp="206" pin="0"/><net_sink comp="1386" pin=1"/></net>

<net id="1394"><net_src comp="208" pin="0"/><net_sink comp="1386" pin=2"/></net>

<net id="1395"><net_src comp="210" pin="0"/><net_sink comp="1386" pin=3"/></net>

<net id="1400"><net_src comp="1283" pin="2"/><net_sink comp="1396" pin=0"/></net>

<net id="1405"><net_src comp="1212" pin="2"/><net_sink comp="1401" pin=0"/></net>

<net id="1406"><net_src comp="1208" pin="2"/><net_sink comp="1401" pin=1"/></net>

<net id="1411"><net_src comp="1220" pin="2"/><net_sink comp="1407" pin=0"/></net>

<net id="1412"><net_src comp="1216" pin="2"/><net_sink comp="1407" pin=1"/></net>

<net id="1417"><net_src comp="250" pin="0"/><net_sink comp="1413" pin=0"/></net>

<net id="1418"><net_src comp="1401" pin="2"/><net_sink comp="1413" pin=1"/></net>

<net id="1425"><net_src comp="252" pin="0"/><net_sink comp="1419" pin=0"/></net>

<net id="1426"><net_src comp="1413" pin="2"/><net_sink comp="1419" pin=1"/></net>

<net id="1427"><net_src comp="254" pin="0"/><net_sink comp="1419" pin=2"/></net>

<net id="1428"><net_src comp="256" pin="0"/><net_sink comp="1419" pin=3"/></net>

<net id="1429"><net_src comp="1419" pin="4"/><net_sink comp="824" pin=1"/></net>

<net id="1430"><net_src comp="1419" pin="4"/><net_sink comp="836" pin=1"/></net>

<net id="1431"><net_src comp="1419" pin="4"/><net_sink comp="848" pin=1"/></net>

<net id="1432"><net_src comp="1419" pin="4"/><net_sink comp="860" pin=1"/></net>

<net id="1433"><net_src comp="1419" pin="4"/><net_sink comp="872" pin=1"/></net>

<net id="1434"><net_src comp="1419" pin="4"/><net_sink comp="884" pin=1"/></net>

<net id="1435"><net_src comp="1419" pin="4"/><net_sink comp="896" pin=1"/></net>

<net id="1436"><net_src comp="1419" pin="4"/><net_sink comp="908" pin=1"/></net>

<net id="1437"><net_src comp="1419" pin="4"/><net_sink comp="920" pin=1"/></net>

<net id="1438"><net_src comp="1419" pin="4"/><net_sink comp="932" pin=1"/></net>

<net id="1439"><net_src comp="1419" pin="4"/><net_sink comp="944" pin=1"/></net>

<net id="1440"><net_src comp="1419" pin="4"/><net_sink comp="956" pin=1"/></net>

<net id="1441"><net_src comp="1419" pin="4"/><net_sink comp="968" pin=1"/></net>

<net id="1442"><net_src comp="1419" pin="4"/><net_sink comp="980" pin=1"/></net>

<net id="1443"><net_src comp="1419" pin="4"/><net_sink comp="992" pin=1"/></net>

<net id="1444"><net_src comp="1419" pin="4"/><net_sink comp="1004" pin=1"/></net>

<net id="1445"><net_src comp="1419" pin="4"/><net_sink comp="1016" pin=1"/></net>

<net id="1446"><net_src comp="1419" pin="4"/><net_sink comp="1028" pin=1"/></net>

<net id="1447"><net_src comp="1419" pin="4"/><net_sink comp="1040" pin=1"/></net>

<net id="1448"><net_src comp="1419" pin="4"/><net_sink comp="1052" pin=1"/></net>

<net id="1449"><net_src comp="1419" pin="4"/><net_sink comp="1064" pin=1"/></net>

<net id="1450"><net_src comp="1419" pin="4"/><net_sink comp="1076" pin=1"/></net>

<net id="1451"><net_src comp="1419" pin="4"/><net_sink comp="1088" pin=1"/></net>

<net id="1452"><net_src comp="1419" pin="4"/><net_sink comp="1100" pin=1"/></net>

<net id="1453"><net_src comp="1419" pin="4"/><net_sink comp="1112" pin=1"/></net>

<net id="1454"><net_src comp="1419" pin="4"/><net_sink comp="1124" pin=1"/></net>

<net id="1455"><net_src comp="1419" pin="4"/><net_sink comp="1136" pin=1"/></net>

<net id="1456"><net_src comp="1419" pin="4"/><net_sink comp="1148" pin=1"/></net>

<net id="1457"><net_src comp="1419" pin="4"/><net_sink comp="1160" pin=1"/></net>

<net id="1458"><net_src comp="1419" pin="4"/><net_sink comp="1172" pin=1"/></net>

<net id="1459"><net_src comp="1419" pin="4"/><net_sink comp="1184" pin=1"/></net>

<net id="1460"><net_src comp="1419" pin="4"/><net_sink comp="1196" pin=1"/></net>

<net id="1465"><net_src comp="250" pin="0"/><net_sink comp="1461" pin=0"/></net>

<net id="1466"><net_src comp="1407" pin="2"/><net_sink comp="1461" pin=1"/></net>

<net id="1473"><net_src comp="252" pin="0"/><net_sink comp="1467" pin=0"/></net>

<net id="1474"><net_src comp="1461" pin="2"/><net_sink comp="1467" pin=1"/></net>

<net id="1475"><net_src comp="254" pin="0"/><net_sink comp="1467" pin=2"/></net>

<net id="1476"><net_src comp="256" pin="0"/><net_sink comp="1467" pin=3"/></net>

<net id="1477"><net_src comp="1467" pin="4"/><net_sink comp="830" pin=1"/></net>

<net id="1478"><net_src comp="1467" pin="4"/><net_sink comp="842" pin=1"/></net>

<net id="1479"><net_src comp="1467" pin="4"/><net_sink comp="854" pin=1"/></net>

<net id="1480"><net_src comp="1467" pin="4"/><net_sink comp="866" pin=1"/></net>

<net id="1481"><net_src comp="1467" pin="4"/><net_sink comp="878" pin=1"/></net>

<net id="1482"><net_src comp="1467" pin="4"/><net_sink comp="890" pin=1"/></net>

<net id="1483"><net_src comp="1467" pin="4"/><net_sink comp="902" pin=1"/></net>

<net id="1484"><net_src comp="1467" pin="4"/><net_sink comp="914" pin=1"/></net>

<net id="1485"><net_src comp="1467" pin="4"/><net_sink comp="926" pin=1"/></net>

<net id="1486"><net_src comp="1467" pin="4"/><net_sink comp="938" pin=1"/></net>

<net id="1487"><net_src comp="1467" pin="4"/><net_sink comp="950" pin=1"/></net>

<net id="1488"><net_src comp="1467" pin="4"/><net_sink comp="962" pin=1"/></net>

<net id="1489"><net_src comp="1467" pin="4"/><net_sink comp="974" pin=1"/></net>

<net id="1490"><net_src comp="1467" pin="4"/><net_sink comp="986" pin=1"/></net>

<net id="1491"><net_src comp="1467" pin="4"/><net_sink comp="998" pin=1"/></net>

<net id="1492"><net_src comp="1467" pin="4"/><net_sink comp="1010" pin=1"/></net>

<net id="1493"><net_src comp="1467" pin="4"/><net_sink comp="1022" pin=1"/></net>

<net id="1494"><net_src comp="1467" pin="4"/><net_sink comp="1034" pin=1"/></net>

<net id="1495"><net_src comp="1467" pin="4"/><net_sink comp="1046" pin=1"/></net>

<net id="1496"><net_src comp="1467" pin="4"/><net_sink comp="1058" pin=1"/></net>

<net id="1497"><net_src comp="1467" pin="4"/><net_sink comp="1070" pin=1"/></net>

<net id="1498"><net_src comp="1467" pin="4"/><net_sink comp="1082" pin=1"/></net>

<net id="1499"><net_src comp="1467" pin="4"/><net_sink comp="1094" pin=1"/></net>

<net id="1500"><net_src comp="1467" pin="4"/><net_sink comp="1106" pin=1"/></net>

<net id="1501"><net_src comp="1467" pin="4"/><net_sink comp="1118" pin=1"/></net>

<net id="1502"><net_src comp="1467" pin="4"/><net_sink comp="1130" pin=1"/></net>

<net id="1503"><net_src comp="1467" pin="4"/><net_sink comp="1142" pin=1"/></net>

<net id="1504"><net_src comp="1467" pin="4"/><net_sink comp="1154" pin=1"/></net>

<net id="1505"><net_src comp="1467" pin="4"/><net_sink comp="1166" pin=1"/></net>

<net id="1506"><net_src comp="1467" pin="4"/><net_sink comp="1178" pin=1"/></net>

<net id="1507"><net_src comp="1467" pin="4"/><net_sink comp="1190" pin=1"/></net>

<net id="1508"><net_src comp="1467" pin="4"/><net_sink comp="1202" pin=1"/></net>

<net id="1512"><net_src comp="258" pin="1"/><net_sink comp="1509" pin=0"/></net>

<net id="1513"><net_src comp="1509" pin="1"/><net_sink comp="1269" pin=1"/></net>

<net id="1514"><net_src comp="1509" pin="1"/><net_sink comp="1274" pin=0"/></net>

<net id="1515"><net_src comp="1509" pin="1"/><net_sink comp="1396" pin=1"/></net>

<net id="1519"><net_src comp="262" pin="2"/><net_sink comp="1516" pin=0"/></net>

<net id="1523"><net_src comp="1241" pin="1"/><net_sink comp="1520" pin=0"/></net>

<net id="1524"><net_src comp="1520" pin="1"/><net_sink comp="1220" pin=1"/></net>

<net id="1528"><net_src comp="1246" pin="1"/><net_sink comp="1525" pin=0"/></net>

<net id="1529"><net_src comp="1525" pin="1"/><net_sink comp="1216" pin=1"/></net>

<net id="1533"><net_src comp="1251" pin="1"/><net_sink comp="1530" pin=0"/></net>

<net id="1534"><net_src comp="1530" pin="1"/><net_sink comp="1212" pin=1"/></net>

<net id="1538"><net_src comp="1256" pin="1"/><net_sink comp="1535" pin=0"/></net>

<net id="1539"><net_src comp="1535" pin="1"/><net_sink comp="1208" pin=1"/></net>

<net id="1543"><net_src comp="1265" pin="1"/><net_sink comp="1540" pin=0"/></net>

<net id="1544"><net_src comp="1540" pin="1"/><net_sink comp="376" pin=2"/></net>

<net id="1545"><net_src comp="1540" pin="1"/><net_sink comp="383" pin=2"/></net>

<net id="1546"><net_src comp="1540" pin="1"/><net_sink comp="390" pin=2"/></net>

<net id="1547"><net_src comp="1540" pin="1"/><net_sink comp="397" pin=2"/></net>

<net id="1548"><net_src comp="1540" pin="1"/><net_sink comp="404" pin=2"/></net>

<net id="1549"><net_src comp="1540" pin="1"/><net_sink comp="411" pin=2"/></net>

<net id="1550"><net_src comp="1540" pin="1"/><net_sink comp="418" pin=2"/></net>

<net id="1551"><net_src comp="1540" pin="1"/><net_sink comp="425" pin=2"/></net>

<net id="1552"><net_src comp="1540" pin="1"/><net_sink comp="432" pin=2"/></net>

<net id="1553"><net_src comp="1540" pin="1"/><net_sink comp="439" pin=2"/></net>

<net id="1554"><net_src comp="1540" pin="1"/><net_sink comp="446" pin=2"/></net>

<net id="1555"><net_src comp="1540" pin="1"/><net_sink comp="453" pin=2"/></net>

<net id="1556"><net_src comp="1540" pin="1"/><net_sink comp="460" pin=2"/></net>

<net id="1557"><net_src comp="1540" pin="1"/><net_sink comp="467" pin=2"/></net>

<net id="1558"><net_src comp="1540" pin="1"/><net_sink comp="474" pin=2"/></net>

<net id="1559"><net_src comp="1540" pin="1"/><net_sink comp="481" pin=2"/></net>

<net id="1560"><net_src comp="1540" pin="1"/><net_sink comp="488" pin=2"/></net>

<net id="1561"><net_src comp="1540" pin="1"/><net_sink comp="495" pin=2"/></net>

<net id="1562"><net_src comp="1540" pin="1"/><net_sink comp="502" pin=2"/></net>

<net id="1563"><net_src comp="1540" pin="1"/><net_sink comp="509" pin=2"/></net>

<net id="1564"><net_src comp="1540" pin="1"/><net_sink comp="516" pin=2"/></net>

<net id="1565"><net_src comp="1540" pin="1"/><net_sink comp="523" pin=2"/></net>

<net id="1566"><net_src comp="1540" pin="1"/><net_sink comp="530" pin=2"/></net>

<net id="1567"><net_src comp="1540" pin="1"/><net_sink comp="537" pin=2"/></net>

<net id="1568"><net_src comp="1540" pin="1"/><net_sink comp="544" pin=2"/></net>

<net id="1569"><net_src comp="1540" pin="1"/><net_sink comp="551" pin=2"/></net>

<net id="1570"><net_src comp="1540" pin="1"/><net_sink comp="558" pin=2"/></net>

<net id="1571"><net_src comp="1540" pin="1"/><net_sink comp="565" pin=2"/></net>

<net id="1572"><net_src comp="1540" pin="1"/><net_sink comp="572" pin=2"/></net>

<net id="1573"><net_src comp="1540" pin="1"/><net_sink comp="579" pin=2"/></net>

<net id="1574"><net_src comp="1540" pin="1"/><net_sink comp="586" pin=2"/></net>

<net id="1575"><net_src comp="1540" pin="1"/><net_sink comp="593" pin=2"/></net>

<net id="1576"><net_src comp="1540" pin="1"/><net_sink comp="600" pin=2"/></net>

<net id="1577"><net_src comp="1540" pin="1"/><net_sink comp="607" pin=2"/></net>

<net id="1578"><net_src comp="1540" pin="1"/><net_sink comp="614" pin=2"/></net>

<net id="1579"><net_src comp="1540" pin="1"/><net_sink comp="621" pin=2"/></net>

<net id="1580"><net_src comp="1540" pin="1"/><net_sink comp="628" pin=2"/></net>

<net id="1581"><net_src comp="1540" pin="1"/><net_sink comp="635" pin=2"/></net>

<net id="1582"><net_src comp="1540" pin="1"/><net_sink comp="642" pin=2"/></net>

<net id="1583"><net_src comp="1540" pin="1"/><net_sink comp="649" pin=2"/></net>

<net id="1584"><net_src comp="1540" pin="1"/><net_sink comp="656" pin=2"/></net>

<net id="1585"><net_src comp="1540" pin="1"/><net_sink comp="663" pin=2"/></net>

<net id="1586"><net_src comp="1540" pin="1"/><net_sink comp="670" pin=2"/></net>

<net id="1587"><net_src comp="1540" pin="1"/><net_sink comp="677" pin=2"/></net>

<net id="1588"><net_src comp="1540" pin="1"/><net_sink comp="684" pin=2"/></net>

<net id="1589"><net_src comp="1540" pin="1"/><net_sink comp="691" pin=2"/></net>

<net id="1590"><net_src comp="1540" pin="1"/><net_sink comp="698" pin=2"/></net>

<net id="1591"><net_src comp="1540" pin="1"/><net_sink comp="705" pin=2"/></net>

<net id="1592"><net_src comp="1540" pin="1"/><net_sink comp="712" pin=2"/></net>

<net id="1593"><net_src comp="1540" pin="1"/><net_sink comp="719" pin=2"/></net>

<net id="1594"><net_src comp="1540" pin="1"/><net_sink comp="726" pin=2"/></net>

<net id="1595"><net_src comp="1540" pin="1"/><net_sink comp="733" pin=2"/></net>

<net id="1596"><net_src comp="1540" pin="1"/><net_sink comp="740" pin=2"/></net>

<net id="1597"><net_src comp="1540" pin="1"/><net_sink comp="747" pin=2"/></net>

<net id="1598"><net_src comp="1540" pin="1"/><net_sink comp="754" pin=2"/></net>

<net id="1599"><net_src comp="1540" pin="1"/><net_sink comp="761" pin=2"/></net>

<net id="1600"><net_src comp="1540" pin="1"/><net_sink comp="768" pin=2"/></net>

<net id="1601"><net_src comp="1540" pin="1"/><net_sink comp="775" pin=2"/></net>

<net id="1602"><net_src comp="1540" pin="1"/><net_sink comp="782" pin=2"/></net>

<net id="1603"><net_src comp="1540" pin="1"/><net_sink comp="789" pin=2"/></net>

<net id="1604"><net_src comp="1540" pin="1"/><net_sink comp="796" pin=2"/></net>

<net id="1605"><net_src comp="1540" pin="1"/><net_sink comp="803" pin=2"/></net>

<net id="1606"><net_src comp="1540" pin="1"/><net_sink comp="810" pin=2"/></net>

<net id="1607"><net_src comp="1540" pin="1"/><net_sink comp="817" pin=2"/></net>

<net id="1611"><net_src comp="1277" pin="2"/><net_sink comp="1608" pin=0"/></net>

<net id="1615"><net_src comp="1289" pin="1"/><net_sink comp="1612" pin=0"/></net>

<net id="1619"><net_src comp="1334" pin="1"/><net_sink comp="1616" pin=0"/></net>

<net id="1620"><net_src comp="1616" pin="1"/><net_sink comp="1208" pin=0"/></net>

<net id="1621"><net_src comp="1616" pin="1"/><net_sink comp="1216" pin=0"/></net>

<net id="1625"><net_src comp="1380" pin="1"/><net_sink comp="1622" pin=0"/></net>

<net id="1626"><net_src comp="1622" pin="1"/><net_sink comp="1212" pin=0"/></net>

<net id="1627"><net_src comp="1622" pin="1"/><net_sink comp="1220" pin=0"/></net>

</net_list>

</model> 
---------------- Datapath Model END ------------------

* FSMD analyzer results:
  - Output states:
	Port: K_0_0_0 | {4 }
	Port: K_0_1_0 | {4 }
	Port: K_0_0_1 | {4 }
	Port: K_0_1_1 | {4 }
	Port: K_0_0_2 | {4 }
	Port: K_0_1_2 | {4 }
	Port: K_0_0_3 | {4 }
	Port: K_0_1_3 | {4 }
	Port: K_0_0_4 | {4 }
	Port: K_0_1_4 | {4 }
	Port: K_0_0_5 | {4 }
	Port: K_0_1_5 | {4 }
	Port: K_0_0_6 | {4 }
	Port: K_0_1_6 | {4 }
	Port: K_0_0_7 | {4 }
	Port: K_0_1_7 | {4 }
	Port: K_1_0_0 | {4 }
	Port: K_1_1_0 | {4 }
	Port: K_1_0_1 | {4 }
	Port: K_1_1_1 | {4 }
	Port: K_1_0_2 | {4 }
	Port: K_1_1_2 | {4 }
	Port: K_1_0_3 | {4 }
	Port: K_1_1_3 | {4 }
	Port: K_1_0_4 | {4 }
	Port: K_1_1_4 | {4 }
	Port: K_1_0_5 | {4 }
	Port: K_1_1_5 | {4 }
	Port: K_1_0_6 | {4 }
	Port: K_1_1_6 | {4 }
	Port: K_1_0_7 | {4 }
	Port: K_1_1_7 | {4 }
	Port: K_2_0_0 | {4 }
	Port: K_2_1_0 | {4 }
	Port: K_2_0_1 | {4 }
	Port: K_2_1_1 | {4 }
	Port: K_2_0_2 | {4 }
	Port: K_2_1_2 | {4 }
	Port: K_2_0_3 | {4 }
	Port: K_2_1_3 | {4 }
	Port: K_2_0_4 | {4 }
	Port: K_2_1_4 | {4 }
	Port: K_2_0_5 | {4 }
	Port: K_2_1_5 | {4 }
	Port: K_2_0_6 | {4 }
	Port: K_2_1_6 | {4 }
	Port: K_2_0_7 | {4 }
	Port: K_2_1_7 | {4 }
	Port: K_3_0_0 | {4 }
	Port: K_3_1_0 | {4 }
	Port: K_3_0_1 | {4 }
	Port: K_3_1_1 | {4 }
	Port: K_3_0_2 | {4 }
	Port: K_3_1_2 | {4 }
	Port: K_3_0_3 | {4 }
	Port: K_3_1_3 | {4 }
	Port: K_3_0_4 | {4 }
	Port: K_3_1_4 | {4 }
	Port: K_3_0_5 | {4 }
	Port: K_3_1_5 | {4 }
	Port: K_3_0_6 | {4 }
	Port: K_3_1_6 | {4 }
	Port: K_3_0_7 | {4 }
	Port: K_3_1_7 | {4 }
 - Input state : 
	Port: riccati_backward_pass_Pipeline_VITIS_LOOP_750_9 : zext_ln475 | {1 }
	Port: riccati_backward_pass_Pipeline_VITIS_LOOP_750_9 : G_11_reload | {1 }
	Port: riccati_backward_pass_Pipeline_VITIS_LOOP_750_9 : G_12_reload | {1 }
	Port: riccati_backward_pass_Pipeline_VITIS_LOOP_750_9 : G_13_reload | {1 }
	Port: riccati_backward_pass_Pipeline_VITIS_LOOP_750_9 : G_10_reload | {1 }
	Port: riccati_backward_pass_Pipeline_VITIS_LOOP_750_9 : G_9_reload | {1 }
	Port: riccati_backward_pass_Pipeline_VITIS_LOOP_750_9 : G_8_reload | {1 }
	Port: riccati_backward_pass_Pipeline_VITIS_LOOP_750_9 : select_ln723 | {1 }
	Port: riccati_backward_pass_Pipeline_VITIS_LOOP_750_9 : sext_ln283 | {1 }
	Port: riccati_backward_pass_Pipeline_VITIS_LOOP_750_9 : G_7_reload | {1 }
	Port: riccati_backward_pass_Pipeline_VITIS_LOOP_750_9 : G_6_reload | {1 }
	Port: riccati_backward_pass_Pipeline_VITIS_LOOP_750_9 : G_5_reload | {1 }
	Port: riccati_backward_pass_Pipeline_VITIS_LOOP_750_9 : G_4_reload | {1 }
	Port: riccati_backward_pass_Pipeline_VITIS_LOOP_750_9 : G_3_reload | {1 }
	Port: riccati_backward_pass_Pipeline_VITIS_LOOP_750_9 : G_2_reload | {1 }
	Port: riccati_backward_pass_Pipeline_VITIS_LOOP_750_9 : sext_ln283_1 | {1 }
	Port: riccati_backward_pass_Pipeline_VITIS_LOOP_750_9 : sext_ln283_2 | {1 }
	Port: riccati_backward_pass_Pipeline_VITIS_LOOP_750_9 : sext_ln760 | {1 }
	Port: riccati_backward_pass_Pipeline_VITIS_LOOP_750_9 : empty | {1 }
  - Chain level:
	State 1
		store_ln475 : 1
		j_1 : 1
		icmp_ln750 : 2
		add_ln750 : 2
		br_ln750 : 3
		trunc_ln750 : 2
		b : 3
		sext_ln283_3 : 4
		mul_ln753 : 5
		b_13 : 3
		sext_ln283_4 : 4
		mul_ln754 : 5
		mul_ln756 : 5
		mul_ln757 : 5
		switch_ln760 : 3
		switch_ln760 : 3
		switch_ln760 : 3
		switch_ln760 : 3
		store_ln475 : 3
	State 2
	State 3
	State 4
		specfucore_ln284 : 1
		rend468 : 1
		specfucore_ln284 : 1
		rend466 : 1
		val0 : 1
		specfucore_ln284 : 1
		rend464 : 1
		specfucore_ln284 : 1
		rend462 : 1
		val1 : 1
		value : 2
		trunc_ln167_3 : 3
		value_10 : 2
		trunc_ln167_4 : 3
		store_ln760 : 4
		store_ln761 : 4
		store_ln760 : 4
		store_ln761 : 4
		store_ln760 : 4
		store_ln761 : 4
		store_ln760 : 4
		store_ln761 : 4
		store_ln760 : 4
		store_ln761 : 4
		store_ln760 : 4
		store_ln761 : 4
		store_ln760 : 4
		store_ln761 : 4
		store_ln760 : 4
		store_ln761 : 4
		store_ln760 : 4
		store_ln761 : 4
		store_ln760 : 4
		store_ln761 : 4
		store_ln760 : 4
		store_ln761 : 4
		store_ln760 : 4
		store_ln761 : 4
		store_ln760 : 4
		store_ln761 : 4
		store_ln760 : 4
		store_ln761 : 4
		store_ln760 : 4
		store_ln761 : 4
		store_ln760 : 4
		store_ln761 : 4
		store_ln760 : 4
		store_ln761 : 4
		store_ln760 : 4
		store_ln761 : 4
		store_ln760 : 4
		store_ln761 : 4
		store_ln760 : 4
		store_ln761 : 4
		store_ln760 : 4
		store_ln761 : 4
		store_ln760 : 4
		store_ln761 : 4
		store_ln760 : 4
		store_ln761 : 4
		store_ln760 : 4
		store_ln761 : 4
		store_ln760 : 4
		store_ln761 : 4
		store_ln760 : 4
		store_ln761 : 4
		store_ln760 : 4
		store_ln761 : 4
		store_ln760 : 4
		store_ln761 : 4
		store_ln760 : 4
		store_ln761 : 4
		store_ln760 : 4
		store_ln761 : 4
		store_ln760 : 4
		store_ln761 : 4
		store_ln760 : 4
		store_ln761 : 4


============================================================
+ Verbose Summary: Datapath Resource usage 
============================================================

* Functional unit list:
|----------|-------------------------------|---------|---------|---------|
| Operation|        Functional Unit        |   DSP   |    FF   |   LUT   |
|----------|-------------------------------|---------|---------|---------|
|          |          grp_fu_1208          |    4    |    98   |    47   |
|    mul   |          grp_fu_1212          |    4    |    98   |    47   |
|          |          grp_fu_1216          |    4    |    98   |    47   |
|          |          grp_fu_1220          |    4    |    98   |    47   |
|----------|-------------------------------|---------|---------|---------|
|          |       add_ln750_fu_1283       |    0    |    0    |    12   |
|    add   |          val0_fu_1401         |    0    |    0    |    44   |
|          |          val1_fu_1407         |    0    |    0    |    44   |
|----------|-------------------------------|---------|---------|---------|
|    sub   |         value_fu_1413         |    0    |    0    |    44   |
|          |        value_10_fu_1461       |    0    |    0    |    44   |
|----------|-------------------------------|---------|---------|---------|
| sparsemux|           b_fu_1294           |    0    |    0    |    43   |
|          |          b_13_fu_1340         |    0    |    0    |    43   |
|----------|-------------------------------|---------|---------|---------|
|   icmp   |       icmp_ln750_fu_1277      |    0    |    0    |    12   |
|----------|-------------------------------|---------|---------|---------|
|          |        tmp_read_fu_262        |    0    |    0    |    0    |
|          |  sext_ln760_read_read_fu_268  |    0    |    0    |    0    |
|          | sext_ln283_2_read_read_fu_274 |    0    |    0    |    0    |
|          | sext_ln283_1_read_read_fu_280 |    0    |    0    |    0    |
|          |  G_2_reload_read_read_fu_286  |    0    |    0    |    0    |
|          |  G_3_reload_read_read_fu_292  |    0    |    0    |    0    |
|          |  G_4_reload_read_read_fu_298  |    0    |    0    |    0    |
|          |  G_5_reload_read_read_fu_304  |    0    |    0    |    0    |
|          |  G_6_reload_read_read_fu_310  |    0    |    0    |    0    |
|   read   |  G_7_reload_read_read_fu_316  |    0    |    0    |    0    |
|          |  sext_ln283_read_read_fu_322  |    0    |    0    |    0    |
|          | select_ln723_read_read_fu_328 |    0    |    0    |    0    |
|          |  G_8_reload_read_read_fu_334  |    0    |    0    |    0    |
|          |  G_9_reload_read_read_fu_340  |    0    |    0    |    0    |
|          |  G_10_reload_read_read_fu_346 |    0    |    0    |    0    |
|          |  G_13_reload_read_read_fu_352 |    0    |    0    |    0    |
|          |  G_12_reload_read_read_fu_358 |    0    |    0    |    0    |
|          |  G_11_reload_read_read_fu_364 |    0    |    0    |    0    |
|          |  zext_ln475_read_read_fu_370  |    0    |    0    |    0    |
|----------|-------------------------------|---------|---------|---------|
|  switch  |          grp_fu_1224          |    0    |    0    |    0    |
|          |      switch_ln760_fu_1386     |    0    |    0    |    0    |
|----------|-------------------------------|---------|---------|---------|
|          |    sext_ln760_cast_fu_1241    |    0    |    0    |    0    |
|          |   sext_ln283_2_cast_fu_1246   |    0    |    0    |    0    |
|          |   sext_ln283_1_cast_fu_1251   |    0    |    0    |    0    |
|   sext   |    sext_ln283_cast_fu_1256    |    0    |    0    |    0    |
|          |   select_ln723_cast_fu_1261   |    0    |    0    |    0    |
|          |      sext_ln283_3_fu_1334     |    0    |    0    |    0    |
|          |      sext_ln283_4_fu_1380     |    0    |    0    |    0    |
|----------|-------------------------------|---------|---------|---------|
|   zext   |    zext_ln475_cast_fu_1265    |    0    |    0    |    0    |
|----------|-------------------------------|---------|---------|---------|
|   trunc  |      trunc_ln750_fu_1289      |    0    |    0    |    0    |
|----------|-------------------------------|---------|---------|---------|
|partselect|     trunc_ln167_3_fu_1419     |    0    |    0    |    0    |
|          |     trunc_ln167_4_fu_1467     |    0    |    0    |    0    |
|----------|-------------------------------|---------|---------|---------|
|   Total  |                               |    16   |   392   |   474   |
|----------|-------------------------------|---------|---------|---------|

Memories:
N/A

* Register list:
+--------------------------+--------+
|                          |   FF   |
+--------------------------+--------+
|    icmp_ln750_reg_1608   |    1   |
|        j_reg_1509        |    4   |
|sext_ln283_1_cast_reg_1530|   44   |
|sext_ln283_2_cast_reg_1525|   44   |
|   sext_ln283_3_reg_1616  |   44   |
|   sext_ln283_4_reg_1622  |   44   |
| sext_ln283_cast_reg_1535 |   44   |
| sext_ln760_cast_reg_1520 |   44   |
|       tmp_reg_1516       |    2   |
|   trunc_ln750_reg_1612   |    3   |
| zext_ln475_cast_reg_1540 |   64   |
+--------------------------+--------+
|           Total          |   338  |
+--------------------------+--------+

* Multiplexer (MUX) list: 
|-------------|------|------|------|--------||---------||---------||---------|
|     Comp    |  Pin | Size |  BW  | S x BW ||  Delay  ||    FF   ||   LUT   |
|-------------|------|------|------|--------||---------||---------||---------|
| grp_fu_1208 |  p0  |   2  |  34  |   68   ||    0    ||    9    |
| grp_fu_1208 |  p1  |   2  |  32  |   64   ||    0    ||    9    |
| grp_fu_1212 |  p0  |   2  |  34  |   68   ||    0    ||    9    |
| grp_fu_1212 |  p1  |   2  |  32  |   64   ||    0    ||    9    |
| grp_fu_1216 |  p0  |   2  |  34  |   68   ||    0    ||    9    |
| grp_fu_1216 |  p1  |   2  |  32  |   64   ||    0    ||    9    |
| grp_fu_1220 |  p0  |   2  |  34  |   68   ||    0    ||    9    |
| grp_fu_1220 |  p1  |   2  |  32  |   64   ||    0    ||    9    |
|-------------|------|------|------|--------||---------||---------||---------|
|    Total    |      |      |      |   528  ||  3.416  ||    0    ||    72   |
|-------------|------|------|------|--------||---------||---------||---------|



* Summary:
+-----------+--------+--------+--------+--------+
|           |   DSP  |  Delay |   FF   |   LUT  |
+-----------+--------+--------+--------+--------+
|  Function |   16   |    -   |   392  |   474  |
|   Memory  |    -   |    -   |    -   |    -   |
|Multiplexer|    -   |    3   |    0   |   72   |
|  Register |    -   |    -   |   338  |    -   |
+-----------+--------+--------+--------+--------+
|   Total   |   16   |    3   |   730  |   546  |
+-----------+--------+--------+--------+--------+
