

================================================================
== Vitis HLS Report for 'riccati_forward_pass_Pipeline_VITIS_LOOP_399_4'
================================================================
* Date:           Thu Jun 11 17:48:32 2026

* Version:        2025.2 (Build 6295257 on Nov 14 2025)
* Project:        mpc_fpga_top_opencl
* Solution:       hls (Vitis Kernel Flow Target)
* Product family: zynquplus
* Target device:  xck26-sfvc784-2LV-c


================================================================
== Performance Estimates
================================================================
+ Timing: 
    * Summary: 
    +--------+---------+----------+------------+
    |  Clock |  Target | Estimated| Uncertainty|
    +--------+---------+----------+------------+
    |ap_clk  |  5.00 ns|  4.175 ns|     0.50 ns|
    +--------+---------+----------+------------+

+ Latency: 
    * Summary: 
    +---------+---------+-----------+-----------+-----+-----+-------------------+
    |  Latency (cycles) |   Latency (absolute)  |  Interval |      Pipeline     |
    |   min   |   max   |    min    |    max    | min | max |        Type       |
    +---------+---------+-----------+-----------+-----+-----+-------------------+
    |       11|       11|  55.000 ns|  55.000 ns|    0|    0|  loop pipeline stp|
    +---------+---------+-----------+-----------+-----+-----+-------------------+

    + Detail: 
        * Instance: 
        +---------------------------+-------------+---------+---------+----------+----------+-----+-----+---------+
        |                           |             |  Latency (cycles) |  Latency (absolute) |  Interval | Pipeline|
        |          Instance         |    Module   |   min   |   max   |    min   |    max   | min | max |   Type  |
        +---------------------------+-------------+---------+---------+----------+----------+-----+-----+---------+
        |ax_sum_sum6_QP_raw_fu_502  |sum6_QP_raw  |        0|        0|      0 ns|      0 ns|    1|    1|      yes|
        +---------------------------+-------------+---------+---------+----------+----------+-----+-----+---------+

        * Loop: 
        +--------------------+---------+---------+----------+-----------+-----------+------+----------+
        |                    |  Latency (cycles) | Iteration|  Initiation Interval  | Trip |          |
        |      Loop Name     |   min   |   max   |  Latency |  achieved |   target  | Count| Pipelined|
        +--------------------+---------+---------+----------+-----------+-----------+------+----------+
        |- VITIS_LOOP_399_4  |        9|        9|         5|          1|          1|     6|       yes|
        +--------------------+---------+---------+----------+-----------+-----------+------+----------+

============================================================
+ Verbose Summary: Synthesis Manager
============================================================
InlineROM: 1
ExposeGlobal: 0
============================================================
+ Verbose Summary: CDFG Model
============================================================
IsTopModel: 0
ResetActiveHigh: 1
IsCombinational: 0
IsDatapathOnly: 0
HasWiredReturn: 1
HasMFsm: 2
HasVarLatency: 1
IsPipeline: 0
IsRtlPipelined: 0
IsInstanceOverlapped: 0
IsDontTouch: 0
HasImplIP: 0
IsGatedGlobalClock: 0

+ Individual pipeline summary: 
  * Pipeline-0: initiation interval (II) = 1, depth = 5


============================================================
+ Verbose Summary: Schedule
============================================================
* Number of FSM states : 5
* Pipeline : 1
  Pipeline-0 : II = 1, D = 5, States = { 1 2 3 4 5 }
* Dataflow Pipeline: 0

* FSM state transitions: 
1 --> 2 
2 --> 3 
3 --> 4 
4 --> 5 
5 --> 

* FSM state operations: 

State 1 <SV = 0> <Delay = 2.43>
ST_1 : Operation 8 [1/1] (0.00ns)   --->   "%i = alloca i32 1" [../src/riccati_solver_hls.cpp:340]   --->   Operation 8 'alloca' 'i' <Predicate = true> <Delay = 0.00>
ST_1 : Operation 9 [1/1] (0.00ns)   --->   "%sext_ln436_read = read i25 @_ssdm_op_Read.ap_auto.i25, i25 %sext_ln436"   --->   Operation 9 'read' 'sext_ln436_read' <Predicate = true> <Delay = 0.00>
ST_1 : Operation 10 [1/1] (0.00ns)   --->   "%sext_ln156_14_read = read i26 @_ssdm_op_Read.ap_auto.i26, i26 %sext_ln156_14"   --->   Operation 10 'read' 'sext_ln156_14_read' <Predicate = true> <Delay = 0.00>
ST_1 : Operation 11 [1/1] (0.00ns)   --->   "%sext_ln156_13_read = read i26 @_ssdm_op_Read.ap_auto.i26, i26 %sext_ln156_13"   --->   Operation 11 'read' 'sext_ln156_13_read' <Predicate = true> <Delay = 0.00>
ST_1 : Operation 12 [1/1] (0.00ns)   --->   "%sext_ln156_12_read = read i26 @_ssdm_op_Read.ap_auto.i26, i26 %sext_ln156_12"   --->   Operation 12 'read' 'sext_ln156_12_read' <Predicate = true> <Delay = 0.00>
ST_1 : Operation 13 [1/1] (0.00ns)   --->   "%sext_ln425_read = read i25 @_ssdm_op_Read.ap_auto.i25, i25 %sext_ln425"   --->   Operation 13 'read' 'sext_ln425_read' <Predicate = true> <Delay = 0.00>
ST_1 : Operation 14 [1/1] (0.00ns)   --->   "%sext_ln156_11_read = read i26 @_ssdm_op_Read.ap_auto.i26, i26 %sext_ln156_11"   --->   Operation 14 'read' 'sext_ln156_11_read' <Predicate = true> <Delay = 0.00>
ST_1 : Operation 15 [1/1] (0.00ns)   --->   "%sext_ln422_read = read i26 @_ssdm_op_Read.ap_auto.i26, i26 %sext_ln422"   --->   Operation 15 'read' 'sext_ln422_read' <Predicate = true> <Delay = 0.00>
ST_1 : Operation 16 [1/1] (0.00ns)   --->   "%sext_ln156_4_read = read i26 @_ssdm_op_Read.ap_auto.i26, i26 %sext_ln156_4"   --->   Operation 16 'read' 'sext_ln156_4_read' <Predicate = true> <Delay = 0.00>
ST_1 : Operation 17 [1/1] (0.00ns)   --->   "%sext_ln156_3_read = read i26 @_ssdm_op_Read.ap_auto.i26, i26 %sext_ln156_3"   --->   Operation 17 'read' 'sext_ln156_3_read' <Predicate = true> <Delay = 0.00>
ST_1 : Operation 18 [1/1] (0.00ns)   --->   "%sext_ln156_2_read = read i26 @_ssdm_op_Read.ap_auto.i26, i26 %sext_ln156_2"   --->   Operation 18 'read' 'sext_ln156_2_read' <Predicate = true> <Delay = 0.00>
ST_1 : Operation 19 [1/1] (0.00ns)   --->   "%sext_ln156_1_read = read i26 @_ssdm_op_Read.ap_auto.i26, i26 %sext_ln156_1"   --->   Operation 19 'read' 'sext_ln156_1_read' <Predicate = true> <Delay = 0.00>
ST_1 : Operation 20 [1/1] (0.00ns)   --->   "%sext_ln156_read = read i26 @_ssdm_op_Read.ap_auto.i26, i26 %sext_ln156"   --->   Operation 20 'read' 'sext_ln156_read' <Predicate = true> <Delay = 0.00>
ST_1 : Operation 21 [1/1] (0.00ns)   --->   "%tmp = read i25 @_ssdm_op_Read.ap_auto.i25, i25 %empty"   --->   Operation 21 'read' 'tmp' <Predicate = true> <Delay = 0.00>
ST_1 : Operation 22 [1/1] (0.00ns)   --->   "%tmp_1 = read i25 @_ssdm_op_Read.ap_auto.i25, i25 %empty_568"   --->   Operation 22 'read' 'tmp_1' <Predicate = true> <Delay = 0.00>
ST_1 : Operation 23 [1/1] (0.00ns)   --->   "%tmp_2 = read i25 @_ssdm_op_Read.ap_auto.i25, i25 %empty_567"   --->   Operation 23 'read' 'tmp_2' <Predicate = true> <Delay = 0.00>
ST_1 : Operation 24 [1/1] (0.00ns)   --->   "%tmp_3 = read i25 @_ssdm_op_Read.ap_auto.i25, i25 %empty_566"   --->   Operation 24 'read' 'tmp_3' <Predicate = true> <Delay = 0.00>
ST_1 : Operation 25 [1/1] (0.00ns)   --->   "%tmp_4 = read i25 @_ssdm_op_Read.ap_auto.i25, i25 %empty_565"   --->   Operation 25 'read' 'tmp_4' <Predicate = true> <Delay = 0.00>
ST_1 : Operation 26 [1/1] (0.00ns)   --->   "%tmp_5 = read i25 @_ssdm_op_Read.ap_auto.i25, i25 %empty_564"   --->   Operation 26 'read' 'tmp_5' <Predicate = true> <Delay = 0.00>
ST_1 : Operation 27 [1/1] (0.00ns)   --->   "%mul_ln409_1_read = read i7 @_ssdm_op_Read.ap_auto.i7, i7 %mul_ln409_1"   --->   Operation 27 'read' 'mul_ln409_1_read' <Predicate = true> <Delay = 0.00>
ST_1 : Operation 28 [1/1] (0.00ns)   --->   "%zext_ln428_read = read i5 @_ssdm_op_Read.ap_auto.i5, i5 %zext_ln428"   --->   Operation 28 'read' 'zext_ln428_read' <Predicate = true> <Delay = 0.00>
ST_1 : Operation 29 [1/1] (0.00ns)   --->   "%sext_ln436_cast = sext i25 %sext_ln436_read"   --->   Operation 29 'sext' 'sext_ln436_cast' <Predicate = true> <Delay = 0.00>
ST_1 : Operation 30 [1/1] (0.00ns)   --->   "%sext_ln156_14_cast = sext i26 %sext_ln156_14_read"   --->   Operation 30 'sext' 'sext_ln156_14_cast' <Predicate = true> <Delay = 0.00>
ST_1 : Operation 31 [1/1] (0.00ns)   --->   "%sext_ln156_13_cast = sext i26 %sext_ln156_13_read"   --->   Operation 31 'sext' 'sext_ln156_13_cast' <Predicate = true> <Delay = 0.00>
ST_1 : Operation 32 [1/1] (0.00ns)   --->   "%sext_ln156_12_cast = sext i26 %sext_ln156_12_read"   --->   Operation 32 'sext' 'sext_ln156_12_cast' <Predicate = true> <Delay = 0.00>
ST_1 : Operation 33 [1/1] (0.00ns)   --->   "%sext_ln425_cast = sext i25 %sext_ln425_read"   --->   Operation 33 'sext' 'sext_ln425_cast' <Predicate = true> <Delay = 0.00>
ST_1 : Operation 34 [1/1] (0.00ns)   --->   "%sext_ln156_11_cast = sext i26 %sext_ln156_11_read"   --->   Operation 34 'sext' 'sext_ln156_11_cast' <Predicate = true> <Delay = 0.00>
ST_1 : Operation 35 [1/1] (0.00ns)   --->   "%sext_ln422_cast = sext i26 %sext_ln422_read"   --->   Operation 35 'sext' 'sext_ln422_cast' <Predicate = true> <Delay = 0.00>
ST_1 : Operation 36 [1/1] (0.00ns)   --->   "%sext_ln156_4_cast = sext i26 %sext_ln156_4_read"   --->   Operation 36 'sext' 'sext_ln156_4_cast' <Predicate = true> <Delay = 0.00>
ST_1 : Operation 37 [1/1] (0.00ns)   --->   "%sext_ln156_3_cast = sext i26 %sext_ln156_3_read"   --->   Operation 37 'sext' 'sext_ln156_3_cast' <Predicate = true> <Delay = 0.00>
ST_1 : Operation 38 [1/1] (0.00ns)   --->   "%sext_ln156_2_cast = sext i26 %sext_ln156_2_read"   --->   Operation 38 'sext' 'sext_ln156_2_cast' <Predicate = true> <Delay = 0.00>
ST_1 : Operation 39 [1/1] (0.00ns)   --->   "%sext_ln156_1_cast = sext i26 %sext_ln156_1_read"   --->   Operation 39 'sext' 'sext_ln156_1_cast' <Predicate = true> <Delay = 0.00>
ST_1 : Operation 40 [1/1] (0.00ns)   --->   "%sext_ln156_cast = sext i26 %sext_ln156_read"   --->   Operation 40 'sext' 'sext_ln156_cast' <Predicate = true> <Delay = 0.00>
ST_1 : Operation 41 [1/1] (0.00ns)   --->   "%zext_ln428_cast = zext i5 %zext_ln428_read"   --->   Operation 41 'zext' 'zext_ln428_cast' <Predicate = true> <Delay = 0.00>
ST_1 : Operation 42 [1/1] (0.00ns)   --->   "%specmemcore_ln0 = specmemcore void @_ssdm_op_SpecMemCore, i26 %x_out_0, i64 666, i64 23, i64 1, i1 0"   --->   Operation 42 'specmemcore' 'specmemcore_ln0' <Predicate = true> <Delay = 0.00>
ST_1 : Operation 43 [1/1] (0.00ns)   --->   "%specmemcore_ln0 = specmemcore void @_ssdm_op_SpecMemCore, i26 %x_out_1, i64 666, i64 23, i64 1, i1 0"   --->   Operation 43 'specmemcore' 'specmemcore_ln0' <Predicate = true> <Delay = 0.00>
ST_1 : Operation 44 [1/1] (0.00ns)   --->   "%specmemcore_ln0 = specmemcore void @_ssdm_op_SpecMemCore, i26 %x_out_2, i64 666, i64 23, i64 1, i1 0"   --->   Operation 44 'specmemcore' 'specmemcore_ln0' <Predicate = true> <Delay = 0.00>
ST_1 : Operation 45 [1/1] (0.00ns)   --->   "%specmemcore_ln0 = specmemcore void @_ssdm_op_SpecMemCore, i26 %x_out_3, i64 666, i64 23, i64 1, i1 0"   --->   Operation 45 'specmemcore' 'specmemcore_ln0' <Predicate = true> <Delay = 0.00>
ST_1 : Operation 46 [1/1] (0.00ns)   --->   "%specmemcore_ln0 = specmemcore void @_ssdm_op_SpecMemCore, i26 %x_out_4, i64 666, i64 23, i64 1, i1 0"   --->   Operation 46 'specmemcore' 'specmemcore_ln0' <Predicate = true> <Delay = 0.00>
ST_1 : Operation 47 [1/1] (0.00ns)   --->   "%specmemcore_ln0 = specmemcore void @_ssdm_op_SpecMemCore, i26 %x_out_5, i64 666, i64 23, i64 1, i1 0"   --->   Operation 47 'specmemcore' 'specmemcore_ln0' <Predicate = true> <Delay = 0.00>
ST_1 : Operation 48 [1/1] (0.00ns)   --->   "%specmemcore_ln0 = specmemcore void @_ssdm_op_SpecMemCore, i26 %step_data_0_0, i64 666, i64 22, i64 1, i1 0"   --->   Operation 48 'specmemcore' 'specmemcore_ln0' <Predicate = true> <Delay = 0.00>
ST_1 : Operation 49 [1/1] (0.00ns)   --->   "%specmemcore_ln0 = specmemcore void @_ssdm_op_SpecMemCore, i26 %step_data_0_1, i64 666, i64 22, i64 1, i1 0"   --->   Operation 49 'specmemcore' 'specmemcore_ln0' <Predicate = true> <Delay = 0.00>
ST_1 : Operation 50 [1/1] (0.00ns)   --->   "%specmemcore_ln0 = specmemcore void @_ssdm_op_SpecMemCore, i26 %step_data_0_2, i64 666, i64 22, i64 1, i1 0"   --->   Operation 50 'specmemcore' 'specmemcore_ln0' <Predicate = true> <Delay = 0.00>
ST_1 : Operation 51 [1/1] (0.00ns)   --->   "%specmemcore_ln0 = specmemcore void @_ssdm_op_SpecMemCore, i26 %step_data_0_3, i64 666, i64 22, i64 1, i1 0"   --->   Operation 51 'specmemcore' 'specmemcore_ln0' <Predicate = true> <Delay = 0.00>
ST_1 : Operation 52 [1/1] (0.00ns)   --->   "%specmemcore_ln0 = specmemcore void @_ssdm_op_SpecMemCore, i26 %step_data_0_4, i64 666, i64 22, i64 1, i1 0"   --->   Operation 52 'specmemcore' 'specmemcore_ln0' <Predicate = true> <Delay = 0.00>
ST_1 : Operation 53 [1/1] (0.00ns)   --->   "%specmemcore_ln0 = specmemcore void @_ssdm_op_SpecMemCore, i26 %step_data_0_5, i64 666, i64 22, i64 1, i1 0"   --->   Operation 53 'specmemcore' 'specmemcore_ln0' <Predicate = true> <Delay = 0.00>
ST_1 : Operation 54 [1/1] (0.42ns)   --->   "%store_ln340 = store i3 0, i3 %i" [../src/riccati_solver_hls.cpp:340]   --->   Operation 54 'store' 'store_ln340' <Predicate = true> <Delay = 0.42>
ST_1 : Operation 55 [1/1] (0.00ns)   --->   "%br_ln0 = br void %for.body184"   --->   Operation 55 'br' 'br_ln0' <Predicate = true> <Delay = 0.00>
ST_1 : Operation 56 [1/1] (0.00ns)   --->   "%i_1 = load i3 %i" [../src/riccati_solver_hls.cpp:399]   --->   Operation 56 'load' 'i_1' <Predicate = true> <Delay = 0.00>
ST_1 : Operation 57 [1/1] (0.67ns)   --->   "%icmp_ln399 = icmp_eq  i3 %i_1, i3 6" [../src/riccati_solver_hls.cpp:399]   --->   Operation 57 'icmp' 'icmp_ln399' <Predicate = true> <Delay = 0.67> <CoreInst = "Cmp">   --->   Core 9 'Cmp' <Latency = 0> <II = 1> <Delay = 0.67> <FuncUnit> <Opcode : 'seteq' 'setne' 'setle' 'setge' 'setlt' 'setgt'> <InPorts = 2> <OutPorts = 1>
ST_1 : Operation 58 [1/1] (0.67ns)   --->   "%add_ln399 = add i3 %i_1, i3 1" [../src/riccati_solver_hls.cpp:399]   --->   Operation 58 'add' 'add_ln399' <Predicate = true> <Delay = 0.67> <CoreInst = "Adder">   --->   Core 1 'Adder' <Latency = 0> <II = 1> <Delay = 0.67> <FuncUnit> <Opcode : 'add' 'sub'> <InPorts = 2> <OutPorts = 1>
ST_1 : Operation 59 [1/1] (0.00ns)   --->   "%br_ln399 = br i1 %icmp_ln399, void %fpga_resource_hint.if.end200.495, void %for.inc323.exitStub" [../src/riccati_solver_hls.cpp:399]   --->   Operation 59 'br' 'br_ln399' <Predicate = true> <Delay = 0.00>
ST_1 : Operation 60 [1/1] (0.00ns)   --->   "%zext_ln409 = zext i3 %i_1" [../src/riccati_solver_hls.cpp:409]   --->   Operation 60 'zext' 'zext_ln409' <Predicate = (!icmp_ln399)> <Delay = 0.00>
ST_1 : Operation 61 [1/1] (0.77ns)   --->   "%add_ln409 = add i7 %mul_ln409_1_read, i7 %zext_ln409" [../src/riccati_solver_hls.cpp:409]   --->   Operation 61 'add' 'add_ln409' <Predicate = (!icmp_ln399)> <Delay = 0.77> <CoreInst = "Adder">   --->   Core 1 'Adder' <Latency = 0> <II = 1> <Delay = 0.77> <FuncUnit> <Opcode : 'add' 'sub'> <InPorts = 2> <OutPorts = 1>
ST_1 : Operation 62 [1/1] (0.00ns)   --->   "%zext_ln409_1 = zext i7 %add_ln409" [../src/riccati_solver_hls.cpp:409]   --->   Operation 62 'zext' 'zext_ln409_1' <Predicate = (!icmp_ln399)> <Delay = 0.00>
ST_1 : Operation 63 [1/1] (0.00ns)   --->   "%step_data_0_0_addr = getelementptr i26 %step_data_0_0, i64 0, i64 %zext_ln409_1" [../src/riccati_solver_hls.cpp:409]   --->   Operation 63 'getelementptr' 'step_data_0_0_addr' <Predicate = (!icmp_ln399)> <Delay = 0.00>
ST_1 : Operation 64 [1/1] (0.00ns)   --->   "%step_data_0_1_addr = getelementptr i26 %step_data_0_1, i64 0, i64 %zext_ln409_1" [../src/riccati_solver_hls.cpp:410]   --->   Operation 64 'getelementptr' 'step_data_0_1_addr' <Predicate = (!icmp_ln399)> <Delay = 0.00>
ST_1 : Operation 65 [1/1] (0.00ns)   --->   "%step_data_0_2_addr = getelementptr i26 %step_data_0_2, i64 0, i64 %zext_ln409_1" [../src/riccati_solver_hls.cpp:411]   --->   Operation 65 'getelementptr' 'step_data_0_2_addr' <Predicate = (!icmp_ln399)> <Delay = 0.00>
ST_1 : Operation 66 [1/1] (0.00ns)   --->   "%step_data_0_3_addr = getelementptr i26 %step_data_0_3, i64 0, i64 %zext_ln409_1" [../src/riccati_solver_hls.cpp:412]   --->   Operation 66 'getelementptr' 'step_data_0_3_addr' <Predicate = (!icmp_ln399)> <Delay = 0.00>
ST_1 : Operation 67 [1/1] (0.00ns)   --->   "%step_data_0_4_addr = getelementptr i26 %step_data_0_4, i64 0, i64 %zext_ln409_1" [../src/riccati_solver_hls.cpp:413]   --->   Operation 67 'getelementptr' 'step_data_0_4_addr' <Predicate = (!icmp_ln399)> <Delay = 0.00>
ST_1 : Operation 68 [1/1] (0.00ns)   --->   "%step_data_0_5_addr = getelementptr i26 %step_data_0_5, i64 0, i64 %zext_ln409_1" [../src/riccati_solver_hls.cpp:414]   --->   Operation 68 'getelementptr' 'step_data_0_5_addr' <Predicate = (!icmp_ln399)> <Delay = 0.00>
ST_1 : Operation 69 [2/2] (1.23ns)   --->   "%a = load i7 %step_data_0_0_addr" [../src/riccati_solver_hls.cpp:409]   --->   Operation 69 'load' 'a' <Predicate = (!icmp_ln399)> <Delay = 1.23> <CoreInst = "RAM_2P_BRAM">   --->   Core 93 'RAM_2P_BRAM' <Latency = 1> <II = 1> <Delay = 1.23> <Storage> <Opcode : 'load' 'store'> <Ports = 2> <Width = 26> <Depth = 120> <RAM>
ST_1 : Operation 70 [2/2] (1.23ns)   --->   "%a_1 = load i7 %step_data_0_1_addr" [../src/riccati_solver_hls.cpp:410]   --->   Operation 70 'load' 'a_1' <Predicate = (!icmp_ln399)> <Delay = 1.23> <CoreInst = "RAM_2P_BRAM">   --->   Core 93 'RAM_2P_BRAM' <Latency = 1> <II = 1> <Delay = 1.23> <Storage> <Opcode : 'load' 'store'> <Ports = 2> <Width = 26> <Depth = 120> <RAM>
ST_1 : Operation 71 [2/2] (1.23ns)   --->   "%a_2 = load i7 %step_data_0_2_addr" [../src/riccati_solver_hls.cpp:411]   --->   Operation 71 'load' 'a_2' <Predicate = (!icmp_ln399)> <Delay = 1.23> <CoreInst = "RAM_2P_BRAM">   --->   Core 93 'RAM_2P_BRAM' <Latency = 1> <II = 1> <Delay = 1.23> <Storage> <Opcode : 'load' 'store'> <Ports = 2> <Width = 26> <Depth = 120> <RAM>
ST_1 : Operation 72 [2/2] (1.23ns)   --->   "%a_3 = load i7 %step_data_0_3_addr" [../src/riccati_solver_hls.cpp:412]   --->   Operation 72 'load' 'a_3' <Predicate = (!icmp_ln399)> <Delay = 1.23> <CoreInst = "RAM_2P_BRAM">   --->   Core 93 'RAM_2P_BRAM' <Latency = 1> <II = 1> <Delay = 1.23> <Storage> <Opcode : 'load' 'store'> <Ports = 2> <Width = 26> <Depth = 120> <RAM>
ST_1 : Operation 73 [2/2] (1.23ns)   --->   "%a_4 = load i7 %step_data_0_4_addr" [../src/riccati_solver_hls.cpp:413]   --->   Operation 73 'load' 'a_4' <Predicate = (!icmp_ln399)> <Delay = 1.23> <CoreInst = "RAM_2P_BRAM">   --->   Core 93 'RAM_2P_BRAM' <Latency = 1> <II = 1> <Delay = 1.23> <Storage> <Opcode : 'load' 'store'> <Ports = 2> <Width = 26> <Depth = 120> <RAM>
ST_1 : Operation 74 [2/2] (1.23ns)   --->   "%a_5 = load i7 %step_data_0_5_addr" [../src/riccati_solver_hls.cpp:414]   --->   Operation 74 'load' 'a_5' <Predicate = (!icmp_ln399)> <Delay = 1.23> <CoreInst = "RAM_2P_BRAM">   --->   Core 93 'RAM_2P_BRAM' <Latency = 1> <II = 1> <Delay = 1.23> <Storage> <Opcode : 'load' 'store'> <Ports = 2> <Width = 26> <Depth = 120> <RAM>
ST_1 : Operation 75 [1/1] (0.67ns)   --->   "%switch_ln436 = switch i3 %i_1, void %arrayidx31173118.case.5, i3 0, void %arrayidx31173118.case.0, i3 1, void %arrayidx31173118.case.1, i3 2, void %arrayidx31173118.case.2, i3 3, void %arrayidx31173118.case.3, i3 4, void %arrayidx31173118.case.4" [../src/riccati_solver_hls.cpp:436]   --->   Operation 75 'switch' 'switch_ln436' <Predicate = (!icmp_ln399)> <Delay = 0.67>
ST_1 : Operation 76 [1/1] (0.42ns)   --->   "%store_ln340 = store i3 %add_ln399, i3 %i" [../src/riccati_solver_hls.cpp:340]   --->   Operation 76 'store' 'store_ln340' <Predicate = (!icmp_ln399)> <Delay = 0.42>
ST_1 : Operation 77 [1/1] (0.00ns)   --->   "%br_ln399 = br void %for.body184" [../src/riccati_solver_hls.cpp:399]   --->   Operation 77 'br' 'br_ln399' <Predicate = (!icmp_ln399)> <Delay = 0.00>

State 2 <SV = 1> <Delay = 3.17>
ST_2 : Operation 78 [1/1] (0.67ns)   --->   "%icmp_ln402 = icmp_eq  i3 %i_1, i3 1" [../src/riccati_solver_hls.cpp:402]   --->   Operation 78 'icmp' 'icmp_ln402' <Predicate = true> <Delay = 0.67> <CoreInst = "Cmp">   --->   Core 9 'Cmp' <Latency = 0> <II = 1> <Delay = 0.67> <FuncUnit> <Opcode : 'seteq' 'setne' 'setle' 'setge' 'setlt' 'setgt'> <InPorts = 2> <OutPorts = 1>
ST_2 : Operation 79 [1/1] (0.67ns)   --->   "%icmp_ln403 = icmp_eq  i3 %i_1, i3 2" [../src/riccati_solver_hls.cpp:403]   --->   Operation 79 'icmp' 'icmp_ln403' <Predicate = true> <Delay = 0.67> <CoreInst = "Cmp">   --->   Core 9 'Cmp' <Latency = 0> <II = 1> <Delay = 0.67> <FuncUnit> <Opcode : 'seteq' 'setne' 'setle' 'setge' 'setlt' 'setgt'> <InPorts = 2> <OutPorts = 1>
ST_2 : Operation 80 [1/1] (0.28ns)   --->   "%xor_ln402 = xor i1 %icmp_ln402, i1 1" [../src/riccati_solver_hls.cpp:402]   --->   Operation 80 'xor' 'xor_ln402' <Predicate = true> <Delay = 0.28> <CoreInst = "LogicGate">   --->   Core 74 'LogicGate' <Latency = 0> <II = 1> <Delay = 0.28> <FuncUnit> <Opcode : 'and' 'or' 'xor'> <InPorts = 2> <OutPorts = 1>
ST_2 : Operation 81 [1/1] (0.28ns)   --->   "%and_ln403 = and i1 %icmp_ln403, i1 %xor_ln402" [../src/riccati_solver_hls.cpp:403]   --->   Operation 81 'and' 'and_ln403' <Predicate = true> <Delay = 0.28> <CoreInst = "LogicGate">   --->   Core 74 'LogicGate' <Latency = 0> <II = 1> <Delay = 0.28> <FuncUnit> <Opcode : 'and' 'or' 'xor'> <InPorts = 2> <OutPorts = 1>
ST_2 : Operation 82 [1/1] (0.67ns)   --->   "%icmp_ln403_1 = icmp_eq  i3 %i_1, i3 3" [../src/riccati_solver_hls.cpp:403]   --->   Operation 82 'icmp' 'icmp_ln403_1' <Predicate = true> <Delay = 0.67> <CoreInst = "Cmp">   --->   Core 9 'Cmp' <Latency = 0> <II = 1> <Delay = 0.67> <FuncUnit> <Opcode : 'seteq' 'setne' 'setle' 'setge' 'setlt' 'setgt'> <InPorts = 2> <OutPorts = 1>
ST_2 : Operation 83 [1/1] (0.28ns)   --->   "%and_ln403_1 = and i1 %icmp_ln403_1, i1 %xor_ln402" [../src/riccati_solver_hls.cpp:403]   --->   Operation 83 'and' 'and_ln403_1' <Predicate = true> <Delay = 0.28> <CoreInst = "LogicGate">   --->   Core 74 'LogicGate' <Latency = 0> <II = 1> <Delay = 0.28> <FuncUnit> <Opcode : 'and' 'or' 'xor'> <InPorts = 2> <OutPorts = 1>
ST_2 : Operation 84 [1/1] (0.67ns)   --->   "%icmp_ln403_2 = icmp_eq  i3 %i_1, i3 4" [../src/riccati_solver_hls.cpp:403]   --->   Operation 84 'icmp' 'icmp_ln403_2' <Predicate = true> <Delay = 0.67> <CoreInst = "Cmp">   --->   Core 9 'Cmp' <Latency = 0> <II = 1> <Delay = 0.67> <FuncUnit> <Opcode : 'seteq' 'setne' 'setle' 'setge' 'setlt' 'setgt'> <InPorts = 2> <OutPorts = 1>
ST_2 : Operation 85 [1/1] (0.28ns)   --->   "%and_ln403_2 = and i1 %icmp_ln403_2, i1 %xor_ln402" [../src/riccati_solver_hls.cpp:403]   --->   Operation 85 'and' 'and_ln403_2' <Predicate = true> <Delay = 0.28> <CoreInst = "LogicGate">   --->   Core 74 'LogicGate' <Latency = 0> <II = 1> <Delay = 0.28> <FuncUnit> <Opcode : 'and' 'or' 'xor'> <InPorts = 2> <OutPorts = 1>
ST_2 : Operation 86 [1/1] (0.67ns)   --->   "%icmp_ln403_3 = icmp_eq  i3 %i_1, i3 5" [../src/riccati_solver_hls.cpp:403]   --->   Operation 86 'icmp' 'icmp_ln403_3' <Predicate = true> <Delay = 0.67> <CoreInst = "Cmp">   --->   Core 9 'Cmp' <Latency = 0> <II = 1> <Delay = 0.67> <FuncUnit> <Opcode : 'seteq' 'setne' 'setle' 'setge' 'setlt' 'setgt'> <InPorts = 2> <OutPorts = 1>
ST_2 : Operation 87 [1/1] (0.28ns)   --->   "%and_ln403_3 = and i1 %icmp_ln403_3, i1 %xor_ln402" [../src/riccati_solver_hls.cpp:403]   --->   Operation 87 'and' 'and_ln403_3' <Predicate = true> <Delay = 0.28> <CoreInst = "LogicGate">   --->   Core 74 'LogicGate' <Latency = 0> <II = 1> <Delay = 0.28> <FuncUnit> <Opcode : 'and' 'or' 'xor'> <InPorts = 2> <OutPorts = 1>
ST_2 : Operation 88 [1/1] (0.00ns)   --->   "%sel_tmp = bitconcatenate i5 @_ssdm_op_BitConcatenate.i5.i1.i1.i1.i1.i1, i1 %icmp_ln402, i1 %and_ln403, i1 %and_ln403_1, i1 %and_ln403_2, i1 %and_ln403_3" [../src/riccati_solver_hls.cpp:402]   --->   Operation 88 'bitconcatenate' 'sel_tmp' <Predicate = true> <Delay = 0.00>
ST_2 : Operation 89 [1/1] (0.57ns)   --->   "%d_i = sparsemux i25 @_ssdm_op_SparseMux.ap_auto.6i25.i25.i5, i5 16, i25 %tmp_5, i5 8, i25 %tmp_4, i5 4, i25 %tmp_3, i5 2, i25 %tmp_2, i5 1, i25 %tmp_1, i5 0, i25 %tmp, i25 0, i5 %sel_tmp" [../src/riccati_solver_hls.cpp:402]   --->   Operation 89 'sparsemux' 'd_i' <Predicate = true> <Delay = 0.57> <CoreInst = "OneHotSparseMux_HasDef">   --->   Core 152 'OneHotSparseMux_HasDef' <Latency = 0> <II = 1> <Delay = 0.57> <FuncUnit> <Opcode : 'sparsemux'> <InPorts = 2> <OutPorts = 1>
ST_2 : Operation 90 [1/2] ( I:1.23ns O:1.23ns )   --->   "%a = load i7 %step_data_0_0_addr" [../src/riccati_solver_hls.cpp:409]   --->   Operation 90 'load' 'a' <Predicate = true> <Delay = 1.23> <CoreInst = "RAM_2P_BRAM">   --->   Core 93 'RAM_2P_BRAM' <Latency = 1> <II = 1> <Delay = 1.23> <Storage> <Opcode : 'load' 'store'> <Ports = 2> <Width = 26> <Depth = 120> <RAM>
ST_2 : Operation 91 [1/1] (0.00ns)   --->   "%sext_ln156_5 = sext i26 %a" [../src/fp_math_hls.cpp:156->../src/riccati_solver_hls.cpp:409]   --->   Operation 91 'sext' 'sext_ln156_5' <Predicate = true> <Delay = 0.00>
ST_2 : Operation 92 [3/3] (1.94ns)   --->   "%mul_ln409 = mul i39 %sext_ln156_5, i39 %sext_ln156_cast" [../src/riccati_solver_hls.cpp:409]   --->   Operation 92 'mul' 'mul_ln409' <Predicate = true> <Delay = 1.94> <CoreInst = "Mul_DSP">   --->   Core 5 'Mul_DSP' <Latency = 2> <II = 1> <Delay = 1.94> <FuncUnit> <Opcode : 'mul'> <InPorts = 2> <OutPorts = 1>
ST_2 : Operation 93 [1/2] ( I:1.23ns O:1.23ns )   --->   "%a_1 = load i7 %step_data_0_1_addr" [../src/riccati_solver_hls.cpp:410]   --->   Operation 93 'load' 'a_1' <Predicate = true> <Delay = 1.23> <CoreInst = "RAM_2P_BRAM">   --->   Core 93 'RAM_2P_BRAM' <Latency = 1> <II = 1> <Delay = 1.23> <Storage> <Opcode : 'load' 'store'> <Ports = 2> <Width = 26> <Depth = 120> <RAM>
ST_2 : Operation 94 [1/1] (0.00ns)   --->   "%sext_ln156_6 = sext i26 %a_1" [../src/fp_math_hls.cpp:156->../src/riccati_solver_hls.cpp:410]   --->   Operation 94 'sext' 'sext_ln156_6' <Predicate = true> <Delay = 0.00>
ST_2 : Operation 95 [3/3] (1.94ns)   --->   "%mul_ln410 = mul i39 %sext_ln156_6, i39 %sext_ln156_1_cast" [../src/riccati_solver_hls.cpp:410]   --->   Operation 95 'mul' 'mul_ln410' <Predicate = true> <Delay = 1.94> <CoreInst = "Mul_DSP">   --->   Core 5 'Mul_DSP' <Latency = 2> <II = 1> <Delay = 1.94> <FuncUnit> <Opcode : 'mul'> <InPorts = 2> <OutPorts = 1>
ST_2 : Operation 96 [1/2] ( I:1.23ns O:1.23ns )   --->   "%a_2 = load i7 %step_data_0_2_addr" [../src/riccati_solver_hls.cpp:411]   --->   Operation 96 'load' 'a_2' <Predicate = true> <Delay = 1.23> <CoreInst = "RAM_2P_BRAM">   --->   Core 93 'RAM_2P_BRAM' <Latency = 1> <II = 1> <Delay = 1.23> <Storage> <Opcode : 'load' 'store'> <Ports = 2> <Width = 26> <Depth = 120> <RAM>
ST_2 : Operation 97 [1/1] (0.00ns)   --->   "%sext_ln156_7 = sext i26 %a_2" [../src/fp_math_hls.cpp:156->../src/riccati_solver_hls.cpp:411]   --->   Operation 97 'sext' 'sext_ln156_7' <Predicate = true> <Delay = 0.00>
ST_2 : Operation 98 [3/3] (1.94ns)   --->   "%mul_ln411 = mul i39 %sext_ln156_7, i39 %sext_ln156_2_cast" [../src/riccati_solver_hls.cpp:411]   --->   Operation 98 'mul' 'mul_ln411' <Predicate = true> <Delay = 1.94> <CoreInst = "Mul_DSP">   --->   Core 5 'Mul_DSP' <Latency = 2> <II = 1> <Delay = 1.94> <FuncUnit> <Opcode : 'mul'> <InPorts = 2> <OutPorts = 1>
ST_2 : Operation 99 [1/2] ( I:1.23ns O:1.23ns )   --->   "%a_3 = load i7 %step_data_0_3_addr" [../src/riccati_solver_hls.cpp:412]   --->   Operation 99 'load' 'a_3' <Predicate = true> <Delay = 1.23> <CoreInst = "RAM_2P_BRAM">   --->   Core 93 'RAM_2P_BRAM' <Latency = 1> <II = 1> <Delay = 1.23> <Storage> <Opcode : 'load' 'store'> <Ports = 2> <Width = 26> <Depth = 120> <RAM>
ST_2 : Operation 100 [1/1] (0.00ns)   --->   "%sext_ln156_8 = sext i26 %a_3" [../src/fp_math_hls.cpp:156->../src/riccati_solver_hls.cpp:412]   --->   Operation 100 'sext' 'sext_ln156_8' <Predicate = true> <Delay = 0.00>
ST_2 : Operation 101 [3/3] (1.94ns)   --->   "%mul_ln412 = mul i39 %sext_ln156_8, i39 %sext_ln156_3_cast" [../src/riccati_solver_hls.cpp:412]   --->   Operation 101 'mul' 'mul_ln412' <Predicate = true> <Delay = 1.94> <CoreInst = "Mul_DSP">   --->   Core 5 'Mul_DSP' <Latency = 2> <II = 1> <Delay = 1.94> <FuncUnit> <Opcode : 'mul'> <InPorts = 2> <OutPorts = 1>
ST_2 : Operation 102 [1/2] ( I:1.23ns O:1.23ns )   --->   "%a_4 = load i7 %step_data_0_4_addr" [../src/riccati_solver_hls.cpp:413]   --->   Operation 102 'load' 'a_4' <Predicate = true> <Delay = 1.23> <CoreInst = "RAM_2P_BRAM">   --->   Core 93 'RAM_2P_BRAM' <Latency = 1> <II = 1> <Delay = 1.23> <Storage> <Opcode : 'load' 'store'> <Ports = 2> <Width = 26> <Depth = 120> <RAM>
ST_2 : Operation 103 [1/1] (0.00ns)   --->   "%sext_ln156_9 = sext i26 %a_4" [../src/fp_math_hls.cpp:156->../src/riccati_solver_hls.cpp:413]   --->   Operation 103 'sext' 'sext_ln156_9' <Predicate = true> <Delay = 0.00>
ST_2 : Operation 104 [3/3] (1.94ns)   --->   "%mul_ln413 = mul i39 %sext_ln156_9, i39 %sext_ln156_4_cast" [../src/riccati_solver_hls.cpp:413]   --->   Operation 104 'mul' 'mul_ln413' <Predicate = true> <Delay = 1.94> <CoreInst = "Mul_DSP">   --->   Core 5 'Mul_DSP' <Latency = 2> <II = 1> <Delay = 1.94> <FuncUnit> <Opcode : 'mul'> <InPorts = 2> <OutPorts = 1>
ST_2 : Operation 105 [1/2] ( I:1.23ns O:1.23ns )   --->   "%a_5 = load i7 %step_data_0_5_addr" [../src/riccati_solver_hls.cpp:414]   --->   Operation 105 'load' 'a_5' <Predicate = true> <Delay = 1.23> <CoreInst = "RAM_2P_BRAM">   --->   Core 93 'RAM_2P_BRAM' <Latency = 1> <II = 1> <Delay = 1.23> <Storage> <Opcode : 'load' 'store'> <Ports = 2> <Width = 26> <Depth = 120> <RAM>
ST_2 : Operation 106 [1/1] (0.00ns)   --->   "%sext_ln156_10 = sext i26 %a_5" [../src/fp_math_hls.cpp:156->../src/riccati_solver_hls.cpp:414]   --->   Operation 106 'sext' 'sext_ln156_10' <Predicate = true> <Delay = 0.00>
ST_2 : Operation 107 [3/3] (1.94ns)   --->   "%mul_ln414 = mul i39 %sext_ln156_10, i39 %sext_ln422_cast" [../src/riccati_solver_hls.cpp:414]   --->   Operation 107 'mul' 'mul_ln414' <Predicate = true> <Delay = 1.94> <CoreInst = "Mul_DSP">   --->   Core 5 'Mul_DSP' <Latency = 2> <II = 1> <Delay = 1.94> <FuncUnit> <Opcode : 'mul'> <InPorts = 2> <OutPorts = 1>
ST_2 : Operation 108 [1/1] (0.00ns)   --->   "%sel_tmp1 = bitconcatenate i4 @_ssdm_op_BitConcatenate.i4.i1.i1.i1.i1, i1 %icmp_ln403, i1 %icmp_ln403_1, i1 %icmp_ln403_2, i1 %icmp_ln403_3" [../src/riccati_solver_hls.cpp:403]   --->   Operation 108 'bitconcatenate' 'sel_tmp1' <Predicate = true> <Delay = 0.00>

State 3 <SV = 2> <Delay = 1.94>
ST_3 : Operation 109 [2/3] (1.94ns)   --->   "%mul_ln409 = mul i39 %sext_ln156_5, i39 %sext_ln156_cast" [../src/riccati_solver_hls.cpp:409]   --->   Operation 109 'mul' 'mul_ln409' <Predicate = true> <Delay = 1.94> <CoreInst = "Mul_DSP">   --->   Core 5 'Mul_DSP' <Latency = 2> <II = 1> <Delay = 1.94> <FuncUnit> <Opcode : 'mul'> <InPorts = 2> <OutPorts = 1>
ST_3 : Operation 110 [2/3] (1.94ns)   --->   "%mul_ln410 = mul i39 %sext_ln156_6, i39 %sext_ln156_1_cast" [../src/riccati_solver_hls.cpp:410]   --->   Operation 110 'mul' 'mul_ln410' <Predicate = true> <Delay = 1.94> <CoreInst = "Mul_DSP">   --->   Core 5 'Mul_DSP' <Latency = 2> <II = 1> <Delay = 1.94> <FuncUnit> <Opcode : 'mul'> <InPorts = 2> <OutPorts = 1>
ST_3 : Operation 111 [2/3] (1.94ns)   --->   "%mul_ln411 = mul i39 %sext_ln156_7, i39 %sext_ln156_2_cast" [../src/riccati_solver_hls.cpp:411]   --->   Operation 111 'mul' 'mul_ln411' <Predicate = true> <Delay = 1.94> <CoreInst = "Mul_DSP">   --->   Core 5 'Mul_DSP' <Latency = 2> <II = 1> <Delay = 1.94> <FuncUnit> <Opcode : 'mul'> <InPorts = 2> <OutPorts = 1>
ST_3 : Operation 112 [2/3] (1.94ns)   --->   "%mul_ln412 = mul i39 %sext_ln156_8, i39 %sext_ln156_3_cast" [../src/riccati_solver_hls.cpp:412]   --->   Operation 112 'mul' 'mul_ln412' <Predicate = true> <Delay = 1.94> <CoreInst = "Mul_DSP">   --->   Core 5 'Mul_DSP' <Latency = 2> <II = 1> <Delay = 1.94> <FuncUnit> <Opcode : 'mul'> <InPorts = 2> <OutPorts = 1>
ST_3 : Operation 113 [2/3] (1.94ns)   --->   "%mul_ln413 = mul i39 %sext_ln156_9, i39 %sext_ln156_4_cast" [../src/riccati_solver_hls.cpp:413]   --->   Operation 113 'mul' 'mul_ln413' <Predicate = true> <Delay = 1.94> <CoreInst = "Mul_DSP">   --->   Core 5 'Mul_DSP' <Latency = 2> <II = 1> <Delay = 1.94> <FuncUnit> <Opcode : 'mul'> <InPorts = 2> <OutPorts = 1>
ST_3 : Operation 114 [2/3] (1.94ns)   --->   "%mul_ln414 = mul i39 %sext_ln156_10, i39 %sext_ln422_cast" [../src/riccati_solver_hls.cpp:414]   --->   Operation 114 'mul' 'mul_ln414' <Predicate = true> <Delay = 1.94> <CoreInst = "Mul_DSP">   --->   Core 5 'Mul_DSP' <Latency = 2> <II = 1> <Delay = 1.94> <FuncUnit> <Opcode : 'mul'> <InPorts = 2> <OutPorts = 1>
ST_3 : Operation 115 [3/3] (1.94ns)   --->   "%mul_ln156 = mul i51 %sext_ln156_11_cast, i51 %sext_ln425_cast" [../src/fp_math_hls.cpp:156->../src/riccati_solver_hls.cpp:421]   --->   Operation 115 'mul' 'mul_ln156' <Predicate = (sel_tmp1 == 8)> <Delay = 1.94> <CoreInst = "Mul_DSP">   --->   Core 5 'Mul_DSP' <Latency = 2> <II = 1> <Delay = 1.94> <FuncUnit> <Opcode : 'mul'> <InPorts = 2> <OutPorts = 1>
ST_3 : Operation 116 [3/3] (1.94ns)   --->   "%mul_ln156_1 = mul i51 %sext_ln156_12_cast, i51 %sext_ln425_cast" [../src/fp_math_hls.cpp:156->../src/riccati_solver_hls.cpp:424]   --->   Operation 116 'mul' 'mul_ln156_1' <Predicate = (sel_tmp1 == 4)> <Delay = 1.94> <CoreInst = "Mul_DSP">   --->   Core 5 'Mul_DSP' <Latency = 2> <II = 1> <Delay = 1.94> <FuncUnit> <Opcode : 'mul'> <InPorts = 2> <OutPorts = 1>
ST_3 : Operation 117 [3/3] (1.94ns)   --->   "%mul_ln156_2 = mul i51 %sext_ln156_13_cast, i51 %sext_ln425_cast" [../src/fp_math_hls.cpp:156->../src/riccati_solver_hls.cpp:427]   --->   Operation 117 'mul' 'mul_ln156_2' <Predicate = (sel_tmp1 == 2)> <Delay = 1.94> <CoreInst = "Mul_DSP">   --->   Core 5 'Mul_DSP' <Latency = 2> <II = 1> <Delay = 1.94> <FuncUnit> <Opcode : 'mul'> <InPorts = 2> <OutPorts = 1>
ST_3 : Operation 118 [3/3] (1.94ns)   --->   "%mul_ln156_3 = mul i51 %sext_ln156_14_cast, i51 %sext_ln436_cast" [../src/fp_math_hls.cpp:156->../src/riccati_solver_hls.cpp:430]   --->   Operation 118 'mul' 'mul_ln156_3' <Predicate = (sel_tmp1 == 1)> <Delay = 1.94> <CoreInst = "Mul_DSP">   --->   Core 5 'Mul_DSP' <Latency = 2> <II = 1> <Delay = 1.94> <FuncUnit> <Opcode : 'mul'> <InPorts = 2> <OutPorts = 1>

State 4 <SV = 3> <Delay = 3.72>
ST_4 : Operation 119 [1/3] (1.94ns)   --->   "%mul_ln409 = mul i39 %sext_ln156_5, i39 %sext_ln156_cast" [../src/riccati_solver_hls.cpp:409]   --->   Operation 119 'mul' 'mul_ln409' <Predicate = true> <Delay = 1.94> <CoreInst = "Mul_DSP">   --->   Core 5 'Mul_DSP' <Latency = 2> <II = 1> <Delay = 1.94> <FuncUnit> <Opcode : 'mul'> <InPorts = 2> <OutPorts = 1>
ST_4 : Operation 120 [1/1] (0.00ns)   --->   "%specfucore_ln157 = specfucore void @_ssdm_op_SpecFUCore, i39 %mul_ln409, i64 12, i64 3, i64 2, i1 0" [../src/fp_math_hls.cpp:157->../src/riccati_solver_hls.cpp:409]   --->   Operation 120 'specfucore' 'specfucore_ln157' <Predicate = true> <Delay = 0.00>
ST_4 : Operation 121 [1/3] (1.94ns)   --->   "%mul_ln410 = mul i39 %sext_ln156_6, i39 %sext_ln156_1_cast" [../src/riccati_solver_hls.cpp:410]   --->   Operation 121 'mul' 'mul_ln410' <Predicate = true> <Delay = 1.94> <CoreInst = "Mul_DSP">   --->   Core 5 'Mul_DSP' <Latency = 2> <II = 1> <Delay = 1.94> <FuncUnit> <Opcode : 'mul'> <InPorts = 2> <OutPorts = 1>
ST_4 : Operation 122 [1/1] (0.00ns)   --->   "%specfucore_ln157 = specfucore void @_ssdm_op_SpecFUCore, i39 %mul_ln410, i64 12, i64 3, i64 2, i1 0" [../src/fp_math_hls.cpp:157->../src/riccati_solver_hls.cpp:410]   --->   Operation 122 'specfucore' 'specfucore_ln157' <Predicate = true> <Delay = 0.00>
ST_4 : Operation 123 [1/3] (1.94ns)   --->   "%mul_ln411 = mul i39 %sext_ln156_7, i39 %sext_ln156_2_cast" [../src/riccati_solver_hls.cpp:411]   --->   Operation 123 'mul' 'mul_ln411' <Predicate = true> <Delay = 1.94> <CoreInst = "Mul_DSP">   --->   Core 5 'Mul_DSP' <Latency = 2> <II = 1> <Delay = 1.94> <FuncUnit> <Opcode : 'mul'> <InPorts = 2> <OutPorts = 1>
ST_4 : Operation 124 [1/1] (0.00ns)   --->   "%specfucore_ln157 = specfucore void @_ssdm_op_SpecFUCore, i39 %mul_ln411, i64 12, i64 3, i64 2, i1 0" [../src/fp_math_hls.cpp:157->../src/riccati_solver_hls.cpp:411]   --->   Operation 124 'specfucore' 'specfucore_ln157' <Predicate = true> <Delay = 0.00>
ST_4 : Operation 125 [1/3] (1.94ns)   --->   "%mul_ln412 = mul i39 %sext_ln156_8, i39 %sext_ln156_3_cast" [../src/riccati_solver_hls.cpp:412]   --->   Operation 125 'mul' 'mul_ln412' <Predicate = true> <Delay = 1.94> <CoreInst = "Mul_DSP">   --->   Core 5 'Mul_DSP' <Latency = 2> <II = 1> <Delay = 1.94> <FuncUnit> <Opcode : 'mul'> <InPorts = 2> <OutPorts = 1>
ST_4 : Operation 126 [1/1] (0.00ns)   --->   "%specfucore_ln157 = specfucore void @_ssdm_op_SpecFUCore, i39 %mul_ln412, i64 12, i64 3, i64 2, i1 0" [../src/fp_math_hls.cpp:157->../src/riccati_solver_hls.cpp:412]   --->   Operation 126 'specfucore' 'specfucore_ln157' <Predicate = true> <Delay = 0.00>
ST_4 : Operation 127 [1/3] (1.94ns)   --->   "%mul_ln413 = mul i39 %sext_ln156_9, i39 %sext_ln156_4_cast" [../src/riccati_solver_hls.cpp:413]   --->   Operation 127 'mul' 'mul_ln413' <Predicate = true> <Delay = 1.94> <CoreInst = "Mul_DSP">   --->   Core 5 'Mul_DSP' <Latency = 2> <II = 1> <Delay = 1.94> <FuncUnit> <Opcode : 'mul'> <InPorts = 2> <OutPorts = 1>
ST_4 : Operation 128 [1/1] (0.00ns)   --->   "%specfucore_ln157 = specfucore void @_ssdm_op_SpecFUCore, i39 %mul_ln413, i64 12, i64 3, i64 2, i1 0" [../src/fp_math_hls.cpp:157->../src/riccati_solver_hls.cpp:413]   --->   Operation 128 'specfucore' 'specfucore_ln157' <Predicate = true> <Delay = 0.00>
ST_4 : Operation 129 [1/3] (1.94ns)   --->   "%mul_ln414 = mul i39 %sext_ln156_10, i39 %sext_ln422_cast" [../src/riccati_solver_hls.cpp:414]   --->   Operation 129 'mul' 'mul_ln414' <Predicate = true> <Delay = 1.94> <CoreInst = "Mul_DSP">   --->   Core 5 'Mul_DSP' <Latency = 2> <II = 1> <Delay = 1.94> <FuncUnit> <Opcode : 'mul'> <InPorts = 2> <OutPorts = 1>
ST_4 : Operation 130 [1/1] (0.00ns)   --->   "%specfucore_ln157 = specfucore void @_ssdm_op_SpecFUCore, i39 %mul_ln414, i64 12, i64 3, i64 2, i1 0" [../src/fp_math_hls.cpp:157->../src/riccati_solver_hls.cpp:414]   --->   Operation 130 'specfucore' 'specfucore_ln157' <Predicate = true> <Delay = 0.00>
ST_4 : Operation 131 [1/1] (1.78ns)   --->   "%ax_sum = call i39 @sum6_QP_raw, i39 %mul_ln409, i39 %mul_ln410, i39 %mul_ln411, i39 %mul_ln412, i39 %mul_ln413, i39 %mul_ln414" [../src/riccati_solver_hls.cpp:408]   --->   Operation 131 'call' 'ax_sum' <Predicate = (!icmp_ln399)> <Delay = 1.78> <CoreType = "Generic">   --->   Generic Core
ST_4 : Operation 132 [2/3] (1.94ns)   --->   "%mul_ln156 = mul i51 %sext_ln156_11_cast, i51 %sext_ln425_cast" [../src/fp_math_hls.cpp:156->../src/riccati_solver_hls.cpp:421]   --->   Operation 132 'mul' 'mul_ln156' <Predicate = (sel_tmp1 == 8)> <Delay = 1.94> <CoreInst = "Mul_DSP">   --->   Core 5 'Mul_DSP' <Latency = 2> <II = 1> <Delay = 1.94> <FuncUnit> <Opcode : 'mul'> <InPorts = 2> <OutPorts = 1>
ST_4 : Operation 133 [2/3] (1.94ns)   --->   "%mul_ln156_1 = mul i51 %sext_ln156_12_cast, i51 %sext_ln425_cast" [../src/fp_math_hls.cpp:156->../src/riccati_solver_hls.cpp:424]   --->   Operation 133 'mul' 'mul_ln156_1' <Predicate = (sel_tmp1 == 4)> <Delay = 1.94> <CoreInst = "Mul_DSP">   --->   Core 5 'Mul_DSP' <Latency = 2> <II = 1> <Delay = 1.94> <FuncUnit> <Opcode : 'mul'> <InPorts = 2> <OutPorts = 1>
ST_4 : Operation 134 [2/3] (1.94ns)   --->   "%mul_ln156_2 = mul i51 %sext_ln156_13_cast, i51 %sext_ln425_cast" [../src/fp_math_hls.cpp:156->../src/riccati_solver_hls.cpp:427]   --->   Operation 134 'mul' 'mul_ln156_2' <Predicate = (sel_tmp1 == 2)> <Delay = 1.94> <CoreInst = "Mul_DSP">   --->   Core 5 'Mul_DSP' <Latency = 2> <II = 1> <Delay = 1.94> <FuncUnit> <Opcode : 'mul'> <InPorts = 2> <OutPorts = 1>
ST_4 : Operation 135 [2/3] (1.94ns)   --->   "%mul_ln156_3 = mul i51 %sext_ln156_14_cast, i51 %sext_ln436_cast" [../src/fp_math_hls.cpp:156->../src/riccati_solver_hls.cpp:430]   --->   Operation 135 'mul' 'mul_ln156_3' <Predicate = (sel_tmp1 == 1)> <Delay = 1.94> <CoreInst = "Mul_DSP">   --->   Core 5 'Mul_DSP' <Latency = 2> <II = 1> <Delay = 1.94> <FuncUnit> <Opcode : 'mul'> <InPorts = 2> <OutPorts = 1>
ST_4 : Operation 198 [1/1] (0.42ns)   --->   "%ret_ln0 = ret"   --->   Operation 198 'ret' 'ret_ln0' <Predicate = (icmp_ln399)> <Delay = 0.42>

State 5 <SV = 4> <Delay = 4.17>
ST_5 : Operation 136 [1/1] (0.00ns)   --->   "%x_out_0_addr = getelementptr i26 %x_out_0, i64 0, i64 %zext_ln428_cast" [../src/riccati_solver_hls.cpp:436]   --->   Operation 136 'getelementptr' 'x_out_0_addr' <Predicate = true> <Delay = 0.00>
ST_5 : Operation 137 [1/1] (0.00ns)   --->   "%x_out_1_addr = getelementptr i26 %x_out_1, i64 0, i64 %zext_ln428_cast" [../src/riccati_solver_hls.cpp:436]   --->   Operation 137 'getelementptr' 'x_out_1_addr' <Predicate = true> <Delay = 0.00>
ST_5 : Operation 138 [1/1] (0.00ns)   --->   "%x_out_2_addr = getelementptr i26 %x_out_2, i64 0, i64 %zext_ln428_cast" [../src/riccati_solver_hls.cpp:436]   --->   Operation 138 'getelementptr' 'x_out_2_addr' <Predicate = true> <Delay = 0.00>
ST_5 : Operation 139 [1/1] (0.00ns)   --->   "%x_out_3_addr = getelementptr i26 %x_out_3, i64 0, i64 %zext_ln428_cast" [../src/riccati_solver_hls.cpp:436]   --->   Operation 139 'getelementptr' 'x_out_3_addr' <Predicate = true> <Delay = 0.00>
ST_5 : Operation 140 [1/1] (0.00ns)   --->   "%x_out_4_addr = getelementptr i26 %x_out_4, i64 0, i64 %zext_ln428_cast" [../src/riccati_solver_hls.cpp:436]   --->   Operation 140 'getelementptr' 'x_out_4_addr' <Predicate = true> <Delay = 0.00>
ST_5 : Operation 141 [1/1] (0.00ns)   --->   "%x_out_5_addr = getelementptr i26 %x_out_5, i64 0, i64 %zext_ln428_cast" [../src/riccati_solver_hls.cpp:436]   --->   Operation 141 'getelementptr' 'x_out_5_addr' <Predicate = true> <Delay = 0.00>
ST_5 : Operation 142 [1/1] (0.00ns)   --->   "%specpipeline_ln400 = specpipeline void @_ssdm_op_SpecPipeline, i32 1, i32 0, i32 0, i32 0, i32 4294967295, void @empty_524" [../src/riccati_solver_hls.cpp:400]   --->   Operation 142 'specpipeline' 'specpipeline_ln400' <Predicate = true> <Delay = 0.00>
ST_5 : Operation 143 [1/1] (0.00ns)   --->   "%speclooptripcount_ln401 = speclooptripcount void @_ssdm_op_SpecLoopTripCount, i64 6, i64 6, i64 6" [../src/riccati_solver_hls.cpp:401]   --->   Operation 143 'speclooptripcount' 'speclooptripcount_ln401' <Predicate = true> <Delay = 0.00>
ST_5 : Operation 144 [1/1] (0.00ns)   --->   "%specloopname_ln399 = specloopname void @_ssdm_op_SpecLoopName, void @empty_96" [../src/riccati_solver_hls.cpp:399]   --->   Operation 144 'specloopname' 'specloopname_ln399' <Predicate = true> <Delay = 0.00>
ST_5 : Operation 145 [1/1] (0.00ns)   --->   "%rbegin = specregionbegin i32 @_ssdm_op_SpecRegionBegin, void @empty_494" [../src/fp_math_hls.cpp:156->../src/riccati_solver_hls.cpp:409]   --->   Operation 145 'specregionbegin' 'rbegin' <Predicate = true> <Delay = 0.00>
ST_5 : Operation 146 [1/1] (0.00ns)   --->   "%rend42 = specregionend i32 @_ssdm_op_SpecRegionEnd, void @empty_494, i32 %rbegin" [../src/fp_math_hls.cpp:156->../src/riccati_solver_hls.cpp:409]   --->   Operation 146 'specregionend' 'rend42' <Predicate = true> <Delay = 0.00>
ST_5 : Operation 147 [1/1] (0.00ns)   --->   "%rbegin1 = specregionbegin i32 @_ssdm_op_SpecRegionBegin, void @empty_531" [../src/fp_math_hls.cpp:156->../src/riccati_solver_hls.cpp:410]   --->   Operation 147 'specregionbegin' 'rbegin1' <Predicate = true> <Delay = 0.00>
ST_5 : Operation 148 [1/1] (0.00ns)   --->   "%rend40 = specregionend i32 @_ssdm_op_SpecRegionEnd, void @empty_531, i32 %rbegin1" [../src/fp_math_hls.cpp:156->../src/riccati_solver_hls.cpp:410]   --->   Operation 148 'specregionend' 'rend40' <Predicate = true> <Delay = 0.00>
ST_5 : Operation 149 [1/1] (0.00ns)   --->   "%rbegin2 = specregionbegin i32 @_ssdm_op_SpecRegionBegin, void @empty_539" [../src/fp_math_hls.cpp:156->../src/riccati_solver_hls.cpp:411]   --->   Operation 149 'specregionbegin' 'rbegin2' <Predicate = true> <Delay = 0.00>
ST_5 : Operation 150 [1/1] (0.00ns)   --->   "%rend38 = specregionend i32 @_ssdm_op_SpecRegionEnd, void @empty_539, i32 %rbegin2" [../src/fp_math_hls.cpp:156->../src/riccati_solver_hls.cpp:411]   --->   Operation 150 'specregionend' 'rend38' <Predicate = true> <Delay = 0.00>
ST_5 : Operation 151 [1/1] (0.00ns)   --->   "%rbegin3 = specregionbegin i32 @_ssdm_op_SpecRegionBegin, void @empty_435" [../src/fp_math_hls.cpp:156->../src/riccati_solver_hls.cpp:412]   --->   Operation 151 'specregionbegin' 'rbegin3' <Predicate = true> <Delay = 0.00>
ST_5 : Operation 152 [1/1] (0.00ns)   --->   "%rend36 = specregionend i32 @_ssdm_op_SpecRegionEnd, void @empty_435, i32 %rbegin3" [../src/fp_math_hls.cpp:156->../src/riccati_solver_hls.cpp:412]   --->   Operation 152 'specregionend' 'rend36' <Predicate = true> <Delay = 0.00>
ST_5 : Operation 153 [1/1] (0.00ns)   --->   "%rbegin4 = specregionbegin i32 @_ssdm_op_SpecRegionBegin, void @empty_478" [../src/fp_math_hls.cpp:156->../src/riccati_solver_hls.cpp:413]   --->   Operation 153 'specregionbegin' 'rbegin4' <Predicate = true> <Delay = 0.00>
ST_5 : Operation 154 [1/1] (0.00ns)   --->   "%rend34 = specregionend i32 @_ssdm_op_SpecRegionEnd, void @empty_478, i32 %rbegin4" [../src/fp_math_hls.cpp:156->../src/riccati_solver_hls.cpp:413]   --->   Operation 154 'specregionend' 'rend34' <Predicate = true> <Delay = 0.00>
ST_5 : Operation 155 [1/1] (0.00ns)   --->   "%rbegin5 = specregionbegin i32 @_ssdm_op_SpecRegionBegin, void @empty_527" [../src/fp_math_hls.cpp:156->../src/riccati_solver_hls.cpp:414]   --->   Operation 155 'specregionbegin' 'rbegin5' <Predicate = true> <Delay = 0.00>
ST_5 : Operation 156 [1/1] (0.00ns)   --->   "%rend32 = specregionend i32 @_ssdm_op_SpecRegionEnd, void @empty_527, i32 %rbegin5" [../src/fp_math_hls.cpp:156->../src/riccati_solver_hls.cpp:414]   --->   Operation 156 'specregionend' 'rend32' <Predicate = true> <Delay = 0.00>
ST_5 : Operation 157 [1/1] (0.00ns)   --->   "%shl_ln = bitconcatenate i39 @_ssdm_op_BitConcatenate.i39.i25.i14, i25 %d_i, i14 0" [../src/riccati_solver_hls.cpp:417]   --->   Operation 157 'bitconcatenate' 'shl_ln' <Predicate = true> <Delay = 0.00>
ST_5 : Operation 158 [1/1] (1.03ns)   --->   "%sum = add i39 %ax_sum, i39 %shl_ln" [../src/riccati_solver_hls.cpp:417]   --->   Operation 158 'add' 'sum' <Predicate = true> <Delay = 1.03> <CoreInst = "Adder">   --->   Core 1 'Adder' <Latency = 0> <II = 1> <Delay = 1.03> <FuncUnit> <Opcode : 'add' 'sub'> <InPorts = 2> <OutPorts = 1>
ST_5 : Operation 159 [1/1] (0.00ns)   --->   "%rbegin6 = specregionbegin i32 @_ssdm_op_SpecRegionBegin, void @empty_446" [../src/fp_math_hls.cpp:156->../src/riccati_solver_hls.cpp:421]   --->   Operation 159 'specregionbegin' 'rbegin6' <Predicate = true> <Delay = 0.00>
ST_5 : Operation 160 [1/3] (1.94ns)   --->   "%mul_ln156 = mul i51 %sext_ln156_11_cast, i51 %sext_ln425_cast" [../src/fp_math_hls.cpp:156->../src/riccati_solver_hls.cpp:421]   --->   Operation 160 'mul' 'mul_ln156' <Predicate = (sel_tmp1 == 8)> <Delay = 1.94> <CoreInst = "Mul_DSP">   --->   Core 5 'Mul_DSP' <Latency = 2> <II = 1> <Delay = 1.94> <FuncUnit> <Opcode : 'mul'> <InPorts = 2> <OutPorts = 1>
ST_5 : Operation 161 [1/1] (0.00ns)   --->   "%specfucore_ln157 = specfucore void @_ssdm_op_SpecFUCore, i51 %mul_ln156, i64 12, i64 3, i64 2, i1 0" [../src/fp_math_hls.cpp:157->../src/riccati_solver_hls.cpp:421]   --->   Operation 161 'specfucore' 'specfucore_ln157' <Predicate = true> <Delay = 0.00>
ST_5 : Operation 162 [1/1] (0.00ns)   --->   "%rend44 = specregionend i32 @_ssdm_op_SpecRegionEnd, void @empty_446, i32 %rbegin6" [../src/fp_math_hls.cpp:156->../src/riccati_solver_hls.cpp:421]   --->   Operation 162 'specregionend' 'rend44' <Predicate = true> <Delay = 0.00>
ST_5 : Operation 163 [1/1] (0.00ns)   --->   "%trunc_ln421 = trunc i51 %mul_ln156" [../src/riccati_solver_hls.cpp:421]   --->   Operation 163 'trunc' 'trunc_ln421' <Predicate = (sel_tmp1 == 8)> <Delay = 0.00>
ST_5 : Operation 164 [1/1] (1.03ns)   --->   "%sum_1 = add i39 %trunc_ln421, i39 %sum" [../src/riccati_solver_hls.cpp:421]   --->   Operation 164 'add' 'sum_1' <Predicate = (sel_tmp1 == 8)> <Delay = 1.03> <CoreInst = "Adder">   --->   Core 1 'Adder' <Latency = 0> <II = 1> <Delay = 1.03> <FuncUnit> <Opcode : 'add' 'sub'> <InPorts = 2> <OutPorts = 1>
ST_5 : Operation 165 [1/1] (0.00ns)   --->   "%rbegin7 = specregionbegin i32 @_ssdm_op_SpecRegionBegin, void @empty_516" [../src/fp_math_hls.cpp:156->../src/riccati_solver_hls.cpp:424]   --->   Operation 165 'specregionbegin' 'rbegin7' <Predicate = true> <Delay = 0.00>
ST_5 : Operation 166 [1/3] (1.94ns)   --->   "%mul_ln156_1 = mul i51 %sext_ln156_12_cast, i51 %sext_ln425_cast" [../src/fp_math_hls.cpp:156->../src/riccati_solver_hls.cpp:424]   --->   Operation 166 'mul' 'mul_ln156_1' <Predicate = (sel_tmp1 == 4)> <Delay = 1.94> <CoreInst = "Mul_DSP">   --->   Core 5 'Mul_DSP' <Latency = 2> <II = 1> <Delay = 1.94> <FuncUnit> <Opcode : 'mul'> <InPorts = 2> <OutPorts = 1>
ST_5 : Operation 167 [1/1] (0.00ns)   --->   "%specfucore_ln157 = specfucore void @_ssdm_op_SpecFUCore, i51 %mul_ln156_1, i64 12, i64 3, i64 2, i1 0" [../src/fp_math_hls.cpp:157->../src/riccati_solver_hls.cpp:424]   --->   Operation 167 'specfucore' 'specfucore_ln157' <Predicate = true> <Delay = 0.00>
ST_5 : Operation 168 [1/1] (0.00ns)   --->   "%rend46 = specregionend i32 @_ssdm_op_SpecRegionEnd, void @empty_516, i32 %rbegin7" [../src/fp_math_hls.cpp:156->../src/riccati_solver_hls.cpp:424]   --->   Operation 168 'specregionend' 'rend46' <Predicate = true> <Delay = 0.00>
ST_5 : Operation 169 [1/1] (0.00ns)   --->   "%trunc_ln424 = trunc i51 %mul_ln156_1" [../src/riccati_solver_hls.cpp:424]   --->   Operation 169 'trunc' 'trunc_ln424' <Predicate = (sel_tmp1 == 4)> <Delay = 0.00>
ST_5 : Operation 170 [1/1] (1.03ns)   --->   "%sum_2 = add i39 %trunc_ln424, i39 %sum" [../src/riccati_solver_hls.cpp:424]   --->   Operation 170 'add' 'sum_2' <Predicate = (sel_tmp1 == 4)> <Delay = 1.03> <CoreInst = "Adder">   --->   Core 1 'Adder' <Latency = 0> <II = 1> <Delay = 1.03> <FuncUnit> <Opcode : 'add' 'sub'> <InPorts = 2> <OutPorts = 1>
ST_5 : Operation 171 [1/1] (0.00ns)   --->   "%rbegin8 = specregionbegin i32 @_ssdm_op_SpecRegionBegin, void @empty_484" [../src/fp_math_hls.cpp:156->../src/riccati_solver_hls.cpp:427]   --->   Operation 171 'specregionbegin' 'rbegin8' <Predicate = true> <Delay = 0.00>
ST_5 : Operation 172 [1/3] (1.94ns)   --->   "%mul_ln156_2 = mul i51 %sext_ln156_13_cast, i51 %sext_ln425_cast" [../src/fp_math_hls.cpp:156->../src/riccati_solver_hls.cpp:427]   --->   Operation 172 'mul' 'mul_ln156_2' <Predicate = (sel_tmp1 == 2)> <Delay = 1.94> <CoreInst = "Mul_DSP">   --->   Core 5 'Mul_DSP' <Latency = 2> <II = 1> <Delay = 1.94> <FuncUnit> <Opcode : 'mul'> <InPorts = 2> <OutPorts = 1>
ST_5 : Operation 173 [1/1] (0.00ns)   --->   "%specfucore_ln157 = specfucore void @_ssdm_op_SpecFUCore, i51 %mul_ln156_2, i64 12, i64 3, i64 2, i1 0" [../src/fp_math_hls.cpp:157->../src/riccati_solver_hls.cpp:427]   --->   Operation 173 'specfucore' 'specfucore_ln157' <Predicate = true> <Delay = 0.00>
ST_5 : Operation 174 [1/1] (0.00ns)   --->   "%rend48 = specregionend i32 @_ssdm_op_SpecRegionEnd, void @empty_484, i32 %rbegin8" [../src/fp_math_hls.cpp:156->../src/riccati_solver_hls.cpp:427]   --->   Operation 174 'specregionend' 'rend48' <Predicate = true> <Delay = 0.00>
ST_5 : Operation 175 [1/1] (0.00ns)   --->   "%trunc_ln427 = trunc i51 %mul_ln156_2" [../src/riccati_solver_hls.cpp:427]   --->   Operation 175 'trunc' 'trunc_ln427' <Predicate = (sel_tmp1 == 2)> <Delay = 0.00>
ST_5 : Operation 176 [1/1] (1.03ns)   --->   "%sum_3 = add i39 %trunc_ln427, i39 %sum" [../src/riccati_solver_hls.cpp:427]   --->   Operation 176 'add' 'sum_3' <Predicate = (sel_tmp1 == 2)> <Delay = 1.03> <CoreInst = "Adder">   --->   Core 1 'Adder' <Latency = 0> <II = 1> <Delay = 1.03> <FuncUnit> <Opcode : 'add' 'sub'> <InPorts = 2> <OutPorts = 1>
ST_5 : Operation 177 [1/1] (0.00ns)   --->   "%rbegin9 = specregionbegin i32 @_ssdm_op_SpecRegionBegin, void @empty_483" [../src/fp_math_hls.cpp:156->../src/riccati_solver_hls.cpp:430]   --->   Operation 177 'specregionbegin' 'rbegin9' <Predicate = true> <Delay = 0.00>
ST_5 : Operation 178 [1/3] (1.94ns)   --->   "%mul_ln156_3 = mul i51 %sext_ln156_14_cast, i51 %sext_ln436_cast" [../src/fp_math_hls.cpp:156->../src/riccati_solver_hls.cpp:430]   --->   Operation 178 'mul' 'mul_ln156_3' <Predicate = (sel_tmp1 == 1)> <Delay = 1.94> <CoreInst = "Mul_DSP">   --->   Core 5 'Mul_DSP' <Latency = 2> <II = 1> <Delay = 1.94> <FuncUnit> <Opcode : 'mul'> <InPorts = 2> <OutPorts = 1>
ST_5 : Operation 179 [1/1] (0.00ns)   --->   "%specfucore_ln157 = specfucore void @_ssdm_op_SpecFUCore, i51 %mul_ln156_3, i64 12, i64 3, i64 2, i1 0" [../src/fp_math_hls.cpp:157->../src/riccati_solver_hls.cpp:430]   --->   Operation 179 'specfucore' 'specfucore_ln157' <Predicate = true> <Delay = 0.00>
ST_5 : Operation 180 [1/1] (0.00ns)   --->   "%rend50 = specregionend i32 @_ssdm_op_SpecRegionEnd, void @empty_483, i32 %rbegin9" [../src/fp_math_hls.cpp:156->../src/riccati_solver_hls.cpp:430]   --->   Operation 180 'specregionend' 'rend50' <Predicate = true> <Delay = 0.00>
ST_5 : Operation 181 [1/1] (0.00ns)   --->   "%trunc_ln430 = trunc i51 %mul_ln156_3" [../src/riccati_solver_hls.cpp:430]   --->   Operation 181 'trunc' 'trunc_ln430' <Predicate = (sel_tmp1 == 1)> <Delay = 0.00>
ST_5 : Operation 182 [1/1] (1.03ns)   --->   "%sum_4 = add i39 %trunc_ln430, i39 %sum" [../src/riccati_solver_hls.cpp:430]   --->   Operation 182 'add' 'sum_4' <Predicate = (sel_tmp1 == 1)> <Delay = 1.03> <CoreInst = "Adder">   --->   Core 1 'Adder' <Latency = 0> <II = 1> <Delay = 1.03> <FuncUnit> <Opcode : 'add' 'sub'> <InPorts = 2> <OutPorts = 1>
ST_5 : Operation 183 [1/1] (0.52ns)   --->   "%sum_6 = sparsemux i39 @_ssdm_op_SparseMux.ap_auto.5i39.i39.i4, i4 8, i39 %sum_1, i4 4, i39 %sum_2, i4 2, i39 %sum_3, i4 1, i39 %sum_4, i4 0, i39 %sum, i39 0, i4 %sel_tmp1" [../src/riccati_solver_hls.cpp:421]   --->   Operation 183 'sparsemux' 'sum_6' <Predicate = true> <Delay = 0.52> <CoreInst = "OneHotSparseMux_HasDef">   --->   Core 152 'OneHotSparseMux_HasDef' <Latency = 0> <II = 1> <Delay = 0.52> <FuncUnit> <Opcode : 'sparsemux'> <InPorts = 2> <OutPorts = 1>
ST_5 : Operation 184 [1/1] (0.00ns)   --->   "%result = partselect i25 @_ssdm_op_PartSelect.i25.i39.i32.i32, i39 %sum_6, i32 14, i32 38" [include/fp_math_hls.h:182->../src/riccati_solver_hls.cpp:435]   --->   Operation 184 'partselect' 'result' <Predicate = true> <Delay = 0.00>
ST_5 : Operation 185 [1/1] (0.00ns)   --->   "%sext_ln182 = sext i25 %result" [include/fp_math_hls.h:182->../src/riccati_solver_hls.cpp:435]   --->   Operation 185 'sext' 'sext_ln182' <Predicate = true> <Delay = 0.00>
ST_5 : Operation 186 [1/1] ( I:0.67ns O:0.67ns )   --->   "%store_ln436 = store i26 %sext_ln182, i5 %x_out_4_addr" [../src/riccati_solver_hls.cpp:436]   --->   Operation 186 'store' 'store_ln436' <Predicate = (i_1 == 4)> <Delay = 0.67> <CoreInst = "RAM_2P_LUTRAM">   --->   Core 92 'RAM_2P_LUTRAM' <Latency = 1> <II = 1> <Delay = 0.67> <Storage> <Opcode : 'load' 'store'> <Ports = 2> <Width = 26> <Depth = 21> <RAM>
ST_5 : Operation 187 [1/1] (0.00ns)   --->   "%br_ln436 = br void %arrayidx31173118.exit" [../src/riccati_solver_hls.cpp:436]   --->   Operation 187 'br' 'br_ln436' <Predicate = (i_1 == 4)> <Delay = 0.00>
ST_5 : Operation 188 [1/1] ( I:0.67ns O:0.67ns )   --->   "%store_ln436 = store i26 %sext_ln182, i5 %x_out_3_addr" [../src/riccati_solver_hls.cpp:436]   --->   Operation 188 'store' 'store_ln436' <Predicate = (i_1 == 3)> <Delay = 0.67> <CoreInst = "RAM_2P_LUTRAM">   --->   Core 92 'RAM_2P_LUTRAM' <Latency = 1> <II = 1> <Delay = 0.67> <Storage> <Opcode : 'load' 'store'> <Ports = 2> <Width = 26> <Depth = 21> <RAM>
ST_5 : Operation 189 [1/1] (0.00ns)   --->   "%br_ln436 = br void %arrayidx31173118.exit" [../src/riccati_solver_hls.cpp:436]   --->   Operation 189 'br' 'br_ln436' <Predicate = (i_1 == 3)> <Delay = 0.00>
ST_5 : Operation 190 [1/1] ( I:0.67ns O:0.67ns )   --->   "%store_ln436 = store i26 %sext_ln182, i5 %x_out_2_addr" [../src/riccati_solver_hls.cpp:436]   --->   Operation 190 'store' 'store_ln436' <Predicate = (i_1 == 2)> <Delay = 0.67> <CoreInst = "RAM_2P_LUTRAM">   --->   Core 92 'RAM_2P_LUTRAM' <Latency = 1> <II = 1> <Delay = 0.67> <Storage> <Opcode : 'load' 'store'> <Ports = 2> <Width = 26> <Depth = 21> <RAM>
ST_5 : Operation 191 [1/1] (0.00ns)   --->   "%br_ln436 = br void %arrayidx31173118.exit" [../src/riccati_solver_hls.cpp:436]   --->   Operation 191 'br' 'br_ln436' <Predicate = (i_1 == 2)> <Delay = 0.00>
ST_5 : Operation 192 [1/1] ( I:0.67ns O:0.67ns )   --->   "%store_ln436 = store i26 %sext_ln182, i5 %x_out_1_addr" [../src/riccati_solver_hls.cpp:436]   --->   Operation 192 'store' 'store_ln436' <Predicate = (i_1 == 1)> <Delay = 0.67> <CoreInst = "RAM_2P_LUTRAM">   --->   Core 92 'RAM_2P_LUTRAM' <Latency = 1> <II = 1> <Delay = 0.67> <Storage> <Opcode : 'load' 'store'> <Ports = 2> <Width = 26> <Depth = 21> <RAM>
ST_5 : Operation 193 [1/1] (0.00ns)   --->   "%br_ln436 = br void %arrayidx31173118.exit" [../src/riccati_solver_hls.cpp:436]   --->   Operation 193 'br' 'br_ln436' <Predicate = (i_1 == 1)> <Delay = 0.00>
ST_5 : Operation 194 [1/1] ( I:0.67ns O:0.67ns )   --->   "%store_ln436 = store i26 %sext_ln182, i5 %x_out_0_addr" [../src/riccati_solver_hls.cpp:436]   --->   Operation 194 'store' 'store_ln436' <Predicate = (i_1 == 0)> <Delay = 0.67> <CoreInst = "RAM_2P_LUTRAM">   --->   Core 92 'RAM_2P_LUTRAM' <Latency = 1> <II = 1> <Delay = 0.67> <Storage> <Opcode : 'load' 'store'> <Ports = 2> <Width = 26> <Depth = 21> <RAM>
ST_5 : Operation 195 [1/1] (0.00ns)   --->   "%br_ln436 = br void %arrayidx31173118.exit" [../src/riccati_solver_hls.cpp:436]   --->   Operation 195 'br' 'br_ln436' <Predicate = (i_1 == 0)> <Delay = 0.00>
ST_5 : Operation 196 [1/1] ( I:0.67ns O:0.67ns )   --->   "%store_ln436 = store i26 %sext_ln182, i5 %x_out_5_addr" [../src/riccati_solver_hls.cpp:436]   --->   Operation 196 'store' 'store_ln436' <Predicate = (i_1 != 0 & i_1 != 1 & i_1 != 2 & i_1 != 3 & i_1 != 4)> <Delay = 0.67> <CoreInst = "RAM_2P_LUTRAM">   --->   Core 92 'RAM_2P_LUTRAM' <Latency = 1> <II = 1> <Delay = 0.67> <Storage> <Opcode : 'load' 'store'> <Ports = 2> <Width = 26> <Depth = 21> <RAM>
ST_5 : Operation 197 [1/1] (0.00ns)   --->   "%br_ln436 = br void %arrayidx31173118.exit" [../src/riccati_solver_hls.cpp:436]   --->   Operation 197 'br' 'br_ln436' <Predicate = (i_1 != 0 & i_1 != 1 & i_1 != 2 & i_1 != 3 & i_1 != 4)> <Delay = 0.00>


============================================================
+ Verbose Summary: Binding
============================================================
STG Binding: 
---------------- STG Properties BEGIN ----------------
- Is combinational: 0
- Is one-state seq: 0
- Is datapath-only: 0
- Is pipelined: 0
- Is top level: 0
Port [ Return ] is wired: 1; IO mode=ap_ctrl_hs:ce=0
Port [ x_out_0]:  wired=1; compound=1; hidden=0; nouse=0; global=0; static=0; extern=0; dir=1; type=1; pingpong=0; private_global=0; MemPort=[30]; IO mode=ap_memory:ce=0
Port [ zext_ln428]:  wired=1; compound=0; hidden=0; nouse=0; global=0; static=0; extern=0; dir=0; type=0; pingpong=0; private_global=0; IO mode=ap_none:ce=0
Port [ x_out_1]:  wired=1; compound=1; hidden=0; nouse=0; global=0; static=0; extern=0; dir=1; type=1; pingpong=0; private_global=0; MemPort=[30]; IO mode=ap_memory:ce=0
Port [ x_out_2]:  wired=1; compound=1; hidden=0; nouse=0; global=0; static=0; extern=0; dir=1; type=1; pingpong=0; private_global=0; MemPort=[30]; IO mode=ap_memory:ce=0
Port [ x_out_3]:  wired=1; compound=1; hidden=0; nouse=0; global=0; static=0; extern=0; dir=1; type=1; pingpong=0; private_global=0; MemPort=[30]; IO mode=ap_memory:ce=0
Port [ x_out_4]:  wired=1; compound=1; hidden=0; nouse=0; global=0; static=0; extern=0; dir=1; type=1; pingpong=0; private_global=0; MemPort=[30]; IO mode=ap_memory:ce=0
Port [ x_out_5]:  wired=1; compound=1; hidden=0; nouse=0; global=0; static=0; extern=0; dir=1; type=1; pingpong=0; private_global=0; MemPort=[30]; IO mode=ap_memory:ce=0
Port [ mul_ln409_1]:  wired=1; compound=0; hidden=0; nouse=0; global=0; static=0; extern=0; dir=0; type=0; pingpong=0; private_global=0; IO mode=ap_none:ce=0
Port [ step_data_0_0]:  wired=1; compound=1; hidden=0; nouse=0; global=0; static=0; extern=0; dir=0; type=1; pingpong=0; private_global=0; MemPort=[13]; IO mode=ap_memory:ce=0
Port [ step_data_0_1]:  wired=1; compound=1; hidden=0; nouse=0; global=0; static=0; extern=0; dir=0; type=1; pingpong=0; private_global=0; MemPort=[13]; IO mode=ap_memory:ce=0
Port [ step_data_0_2]:  wired=1; compound=1; hidden=0; nouse=0; global=0; static=0; extern=0; dir=0; type=1; pingpong=0; private_global=0; MemPort=[13]; IO mode=ap_memory:ce=0
Port [ step_data_0_3]:  wired=1; compound=1; hidden=0; nouse=0; global=0; static=0; extern=0; dir=0; type=1; pingpong=0; private_global=0; MemPort=[13]; IO mode=ap_memory:ce=0
Port [ step_data_0_4]:  wired=1; compound=1; hidden=0; nouse=0; global=0; static=0; extern=0; dir=0; type=1; pingpong=0; private_global=0; MemPort=[13]; IO mode=ap_memory:ce=0
Port [ step_data_0_5]:  wired=1; compound=1; hidden=0; nouse=0; global=0; static=0; extern=0; dir=0; type=1; pingpong=0; private_global=0; MemPort=[13]; IO mode=ap_memory:ce=0
Port [ empty_564]:  wired=1; compound=0; hidden=0; nouse=0; global=0; static=0; extern=0; dir=0; type=0; pingpong=0; private_global=0; IO mode=ap_none:ce=0
Port [ empty_565]:  wired=1; compound=0; hidden=0; nouse=0; global=0; static=0; extern=0; dir=0; type=0; pingpong=0; private_global=0; IO mode=ap_none:ce=0
Port [ empty_566]:  wired=1; compound=0; hidden=0; nouse=0; global=0; static=0; extern=0; dir=0; type=0; pingpong=0; private_global=0; IO mode=ap_none:ce=0
Port [ empty_567]:  wired=1; compound=0; hidden=0; nouse=0; global=0; static=0; extern=0; dir=0; type=0; pingpong=0; private_global=0; IO mode=ap_none:ce=0
Port [ empty_568]:  wired=1; compound=0; hidden=0; nouse=0; global=0; static=0; extern=0; dir=0; type=0; pingpong=0; private_global=0; IO mode=ap_none:ce=0
Port [ empty]:  wired=1; compound=0; hidden=0; nouse=0; global=0; static=0; extern=0; dir=0; type=0; pingpong=0; private_global=0; IO mode=ap_none:ce=0
Port [ sext_ln156]:  wired=1; compound=0; hidden=0; nouse=0; global=0; static=0; extern=0; dir=0; type=0; pingpong=0; private_global=0; IO mode=ap_none:ce=0
Port [ sext_ln156_1]:  wired=1; compound=0; hidden=0; nouse=0; global=0; static=0; extern=0; dir=0; type=0; pingpong=0; private_global=0; IO mode=ap_none:ce=0
Port [ sext_ln156_2]:  wired=1; compound=0; hidden=0; nouse=0; global=0; static=0; extern=0; dir=0; type=0; pingpong=0; private_global=0; IO mode=ap_none:ce=0
Port [ sext_ln156_3]:  wired=1; compound=0; hidden=0; nouse=0; global=0; static=0; extern=0; dir=0; type=0; pingpong=0; private_global=0; IO mode=ap_none:ce=0
Port [ sext_ln156_4]:  wired=1; compound=0; hidden=0; nouse=0; global=0; static=0; extern=0; dir=0; type=0; pingpong=0; private_global=0; IO mode=ap_none:ce=0
Port [ sext_ln422]:  wired=1; compound=0; hidden=0; nouse=0; global=0; static=0; extern=0; dir=0; type=0; pingpong=0; private_global=0; IO mode=ap_none:ce=0
Port [ sext_ln156_11]:  wired=1; compound=0; hidden=0; nouse=0; global=0; static=0; extern=0; dir=0; type=0; pingpong=0; private_global=0; IO mode=ap_none:ce=0
Port [ sext_ln425]:  wired=1; compound=0; hidden=0; nouse=0; global=0; static=0; extern=0; dir=0; type=0; pingpong=0; private_global=0; IO mode=ap_none:ce=0
Port [ sext_ln156_12]:  wired=1; compound=0; hidden=0; nouse=0; global=0; static=0; extern=0; dir=0; type=0; pingpong=0; private_global=0; IO mode=ap_none:ce=0
Port [ sext_ln156_13]:  wired=1; compound=0; hidden=0; nouse=0; global=0; static=0; extern=0; dir=0; type=0; pingpong=0; private_global=0; IO mode=ap_none:ce=0
Port [ sext_ln156_14]:  wired=1; compound=0; hidden=0; nouse=0; global=0; static=0; extern=0; dir=0; type=0; pingpong=0; private_global=0; IO mode=ap_none:ce=0
Port [ sext_ln436]:  wired=1; compound=0; hidden=0; nouse=0; global=0; static=0; extern=0; dir=0; type=0; pingpong=0; private_global=0; IO mode=ap_none:ce=0
---------------- STG Properties END ------------------

---------------- Datapath Model BEGIN ----------------

<LifeTime>
<method=bitvector/>
i                       (alloca           ) [ 010000]
sext_ln436_read         (read             ) [ 000000]
sext_ln156_14_read      (read             ) [ 000000]
sext_ln156_13_read      (read             ) [ 000000]
sext_ln156_12_read      (read             ) [ 000000]
sext_ln425_read         (read             ) [ 000000]
sext_ln156_11_read      (read             ) [ 000000]
sext_ln422_read         (read             ) [ 000000]
sext_ln156_4_read       (read             ) [ 000000]
sext_ln156_3_read       (read             ) [ 000000]
sext_ln156_2_read       (read             ) [ 000000]
sext_ln156_1_read       (read             ) [ 000000]
sext_ln156_read         (read             ) [ 000000]
tmp                     (read             ) [ 011000]
tmp_1                   (read             ) [ 011000]
tmp_2                   (read             ) [ 011000]
tmp_3                   (read             ) [ 011000]
tmp_4                   (read             ) [ 011000]
tmp_5                   (read             ) [ 011000]
mul_ln409_1_read        (read             ) [ 000000]
zext_ln428_read         (read             ) [ 000000]
sext_ln436_cast         (sext             ) [ 011111]
sext_ln156_14_cast      (sext             ) [ 011111]
sext_ln156_13_cast      (sext             ) [ 011111]
sext_ln156_12_cast      (sext             ) [ 011111]
sext_ln425_cast         (sext             ) [ 011111]
sext_ln156_11_cast      (sext             ) [ 011111]
sext_ln422_cast         (sext             ) [ 011110]
sext_ln156_4_cast       (sext             ) [ 011110]
sext_ln156_3_cast       (sext             ) [ 011110]
sext_ln156_2_cast       (sext             ) [ 011110]
sext_ln156_1_cast       (sext             ) [ 011110]
sext_ln156_cast         (sext             ) [ 011110]
zext_ln428_cast         (zext             ) [ 011111]
specmemcore_ln0         (specmemcore      ) [ 000000]
specmemcore_ln0         (specmemcore      ) [ 000000]
specmemcore_ln0         (specmemcore      ) [ 000000]
specmemcore_ln0         (specmemcore      ) [ 000000]
specmemcore_ln0         (specmemcore      ) [ 000000]
specmemcore_ln0         (specmemcore      ) [ 000000]
specmemcore_ln0         (specmemcore      ) [ 000000]
specmemcore_ln0         (specmemcore      ) [ 000000]
specmemcore_ln0         (specmemcore      ) [ 000000]
specmemcore_ln0         (specmemcore      ) [ 000000]
specmemcore_ln0         (specmemcore      ) [ 000000]
specmemcore_ln0         (specmemcore      ) [ 000000]
store_ln340             (store            ) [ 000000]
br_ln0                  (br               ) [ 000000]
i_1                     (load             ) [ 011111]
icmp_ln399              (icmp             ) [ 011110]
add_ln399               (add              ) [ 000000]
br_ln399                (br               ) [ 000000]
zext_ln409              (zext             ) [ 000000]
add_ln409               (add              ) [ 000000]
zext_ln409_1            (zext             ) [ 000000]
step_data_0_0_addr      (getelementptr    ) [ 011000]
step_data_0_1_addr      (getelementptr    ) [ 011000]
step_data_0_2_addr      (getelementptr    ) [ 011000]
step_data_0_3_addr      (getelementptr    ) [ 011000]
step_data_0_4_addr      (getelementptr    ) [ 011000]
step_data_0_5_addr      (getelementptr    ) [ 011000]
switch_ln436            (switch           ) [ 000000]
store_ln340             (store            ) [ 000000]
br_ln399                (br               ) [ 000000]
icmp_ln402              (icmp             ) [ 000000]
icmp_ln403              (icmp             ) [ 000000]
xor_ln402               (xor              ) [ 000000]
and_ln403               (and              ) [ 000000]
icmp_ln403_1            (icmp             ) [ 000000]
and_ln403_1             (and              ) [ 000000]
icmp_ln403_2            (icmp             ) [ 000000]
and_ln403_2             (and              ) [ 000000]
icmp_ln403_3            (icmp             ) [ 000000]
and_ln403_3             (and              ) [ 000000]
sel_tmp                 (bitconcatenate   ) [ 000000]
d_i                     (sparsemux        ) [ 010111]
a                       (load             ) [ 000000]
sext_ln156_5            (sext             ) [ 010110]
a_1                     (load             ) [ 000000]
sext_ln156_6            (sext             ) [ 010110]
a_2                     (load             ) [ 000000]
sext_ln156_7            (sext             ) [ 010110]
a_3                     (load             ) [ 000000]
sext_ln156_8            (sext             ) [ 010110]
a_4                     (load             ) [ 000000]
sext_ln156_9            (sext             ) [ 010110]
a_5                     (load             ) [ 000000]
sext_ln156_10           (sext             ) [ 010110]
sel_tmp1                (bitconcatenate   ) [ 010111]
mul_ln409               (mul              ) [ 000000]
specfucore_ln157        (specfucore       ) [ 000000]
mul_ln410               (mul              ) [ 000000]
specfucore_ln157        (specfucore       ) [ 000000]
mul_ln411               (mul              ) [ 000000]
specfucore_ln157        (specfucore       ) [ 000000]
mul_ln412               (mul              ) [ 000000]
specfucore_ln157        (specfucore       ) [ 000000]
mul_ln413               (mul              ) [ 000000]
specfucore_ln157        (specfucore       ) [ 000000]
mul_ln414               (mul              ) [ 000000]
specfucore_ln157        (specfucore       ) [ 000000]
ax_sum                  (call             ) [ 010001]
x_out_0_addr            (getelementptr    ) [ 000000]
x_out_1_addr            (getelementptr    ) [ 000000]
x_out_2_addr            (getelementptr    ) [ 000000]
x_out_3_addr            (getelementptr    ) [ 000000]
x_out_4_addr            (getelementptr    ) [ 000000]
x_out_5_addr            (getelementptr    ) [ 000000]
specpipeline_ln400      (specpipeline     ) [ 000000]
speclooptripcount_ln401 (speclooptripcount) [ 000000]
specloopname_ln399      (specloopname     ) [ 000000]
rbegin                  (specregionbegin  ) [ 000000]
rend42                  (specregionend    ) [ 000000]
rbegin1                 (specregionbegin  ) [ 000000]
rend40                  (specregionend    ) [ 000000]
rbegin2                 (specregionbegin  ) [ 000000]
rend38                  (specregionend    ) [ 000000]
rbegin3                 (specregionbegin  ) [ 000000]
rend36                  (specregionend    ) [ 000000]
rbegin4                 (specregionbegin  ) [ 000000]
rend34                  (specregionend    ) [ 000000]
rbegin5                 (specregionbegin  ) [ 000000]
rend32                  (specregionend    ) [ 000000]
shl_ln                  (bitconcatenate   ) [ 000000]
sum                     (add              ) [ 000000]
rbegin6                 (specregionbegin  ) [ 000000]
mul_ln156               (mul              ) [ 000000]
specfucore_ln157        (specfucore       ) [ 000000]
rend44                  (specregionend    ) [ 000000]
trunc_ln421             (trunc            ) [ 000000]
sum_1                   (add              ) [ 000000]
rbegin7                 (specregionbegin  ) [ 000000]
mul_ln156_1             (mul              ) [ 000000]
specfucore_ln157        (specfucore       ) [ 000000]
rend46                  (specregionend    ) [ 000000]
trunc_ln424             (trunc            ) [ 000000]
sum_2                   (add              ) [ 000000]
rbegin8                 (specregionbegin  ) [ 000000]
mul_ln156_2             (mul              ) [ 000000]
specfucore_ln157        (specfucore       ) [ 000000]
rend48                  (specregionend    ) [ 000000]
trunc_ln427             (trunc            ) [ 000000]
sum_3                   (add              ) [ 000000]
rbegin9                 (specregionbegin  ) [ 000000]
mul_ln156_3             (mul              ) [ 000000]
specfucore_ln157        (specfucore       ) [ 000000]
rend50                  (specregionend    ) [ 000000]
trunc_ln430             (trunc            ) [ 000000]
sum_4                   (add              ) [ 000000]
sum_6                   (sparsemux        ) [ 000000]
result                  (partselect       ) [ 000000]
sext_ln182              (sext             ) [ 000000]
store_ln436             (store            ) [ 000000]
br_ln436                (br               ) [ 000000]
store_ln436             (store            ) [ 000000]
br_ln436                (br               ) [ 000000]
store_ln436             (store            ) [ 000000]
br_ln436                (br               ) [ 000000]
store_ln436             (store            ) [ 000000]
br_ln436                (br               ) [ 000000]
store_ln436             (store            ) [ 000000]
br_ln436                (br               ) [ 000000]
store_ln436             (store            ) [ 000000]
br_ln436                (br               ) [ 000000]
ret_ln0                 (ret              ) [ 000000]
</LifeTime>

<model>

<comp_list>
<comp id="0" class="1000" name="x_out_0">
<pin_list>
<pin id="1" dir="1" index="0" bw="1" slack="0"/>
</pin_list>
<bind>
<StgValue><ssdm name="x_out_0"/><MemPortTyVec>3 0 </MemPortTyVec>
</StgValue>
</bind>
</comp>

<comp id="2" class="1000" name="zext_ln428">
<pin_list>
<pin id="3" dir="1" index="0" bw="1" slack="0"/>
</pin_list>
<bind>
<StgValue><ssdm name="zext_ln428"/></StgValue>
</bind>
</comp>

<comp id="4" class="1000" name="x_out_1">
<pin_list>
<pin id="5" dir="1" index="0" bw="1" slack="0"/>
</pin_list>
<bind>
<StgValue><ssdm name="x_out_1"/><MemPortTyVec>3 0 </MemPortTyVec>
</StgValue>
</bind>
</comp>

<comp id="6" class="1000" name="x_out_2">
<pin_list>
<pin id="7" dir="1" index="0" bw="1" slack="0"/>
</pin_list>
<bind>
<StgValue><ssdm name="x_out_2"/><MemPortTyVec>3 0 </MemPortTyVec>
</StgValue>
</bind>
</comp>

<comp id="8" class="1000" name="x_out_3">
<pin_list>
<pin id="9" dir="1" index="0" bw="1" slack="0"/>
</pin_list>
<bind>
<StgValue><ssdm name="x_out_3"/><MemPortTyVec>3 0 </MemPortTyVec>
</StgValue>
</bind>
</comp>

<comp id="10" class="1000" name="x_out_4">
<pin_list>
<pin id="11" dir="1" index="0" bw="1" slack="0"/>
</pin_list>
<bind>
<StgValue><ssdm name="x_out_4"/><MemPortTyVec>3 0 </MemPortTyVec>
</StgValue>
</bind>
</comp>

<comp id="12" class="1000" name="x_out_5">
<pin_list>
<pin id="13" dir="1" index="0" bw="1" slack="0"/>
</pin_list>
<bind>
<StgValue><ssdm name="x_out_5"/><MemPortTyVec>3 0 </MemPortTyVec>
</StgValue>
</bind>
</comp>

<comp id="14" class="1000" name="mul_ln409_1">
<pin_list>
<pin id="15" dir="1" index="0" bw="1" slack="0"/>
</pin_list>
<bind>
<StgValue><ssdm name="mul_ln409_1"/></StgValue>
</bind>
</comp>

<comp id="16" class="1000" name="step_data_0_0">
<pin_list>
<pin id="17" dir="1" index="0" bw="1" slack="0"/>
</pin_list>
<bind>
<StgValue><ssdm name="step_data_0_0"/><MemPortTyVec>1 3 </MemPortTyVec>
</StgValue>
</bind>
</comp>

<comp id="18" class="1000" name="step_data_0_1">
<pin_list>
<pin id="19" dir="1" index="0" bw="1" slack="0"/>
</pin_list>
<bind>
<StgValue><ssdm name="step_data_0_1"/><MemPortTyVec>1 3 </MemPortTyVec>
</StgValue>
</bind>
</comp>

<comp id="20" class="1000" name="step_data_0_2">
<pin_list>
<pin id="21" dir="1" index="0" bw="1" slack="0"/>
</pin_list>
<bind>
<StgValue><ssdm name="step_data_0_2"/><MemPortTyVec>1 3 </MemPortTyVec>
</StgValue>
</bind>
</comp>

<comp id="22" class="1000" name="step_data_0_3">
<pin_list>
<pin id="23" dir="1" index="0" bw="1" slack="0"/>
</pin_list>
<bind>
<StgValue><ssdm name="step_data_0_3"/><MemPortTyVec>1 3 </MemPortTyVec>
</StgValue>
</bind>
</comp>

<comp id="24" class="1000" name="step_data_0_4">
<pin_list>
<pin id="25" dir="1" index="0" bw="1" slack="0"/>
</pin_list>
<bind>
<StgValue><ssdm name="step_data_0_4"/><MemPortTyVec>1 3 </MemPortTyVec>
</StgValue>
</bind>
</comp>

<comp id="26" class="1000" name="step_data_0_5">
<pin_list>
<pin id="27" dir="1" index="0" bw="1" slack="0"/>
</pin_list>
<bind>
<StgValue><ssdm name="step_data_0_5"/><MemPortTyVec>1 3 </MemPortTyVec>
</StgValue>
</bind>
</comp>

<comp id="28" class="1000" name="empty_564">
<pin_list>
<pin id="29" dir="1" index="0" bw="1" slack="0"/>
</pin_list>
<bind>
<StgValue><ssdm name="empty_564"/></StgValue>
</bind>
</comp>

<comp id="30" class="1000" name="empty_565">
<pin_list>
<pin id="31" dir="1" index="0" bw="1" slack="0"/>
</pin_list>
<bind>
<StgValue><ssdm name="empty_565"/></StgValue>
</bind>
</comp>

<comp id="32" class="1000" name="empty_566">
<pin_list>
<pin id="33" dir="1" index="0" bw="1" slack="0"/>
</pin_list>
<bind>
<StgValue><ssdm name="empty_566"/></StgValue>
</bind>
</comp>

<comp id="34" class="1000" name="empty_567">
<pin_list>
<pin id="35" dir="1" index="0" bw="1" slack="0"/>
</pin_list>
<bind>
<StgValue><ssdm name="empty_567"/></StgValue>
</bind>
</comp>

<comp id="36" class="1000" name="empty_568">
<pin_list>
<pin id="37" dir="1" index="0" bw="1" slack="0"/>
</pin_list>
<bind>
<StgValue><ssdm name="empty_568"/></StgValue>
</bind>
</comp>

<comp id="38" class="1000" name="empty">
<pin_list>
<pin id="39" dir="1" index="0" bw="1" slack="0"/>
</pin_list>
<bind>
<StgValue><ssdm name="empty"/></StgValue>
</bind>
</comp>

<comp id="40" class="1000" name="sext_ln156">
<pin_list>
<pin id="41" dir="1" index="0" bw="1" slack="0"/>
</pin_list>
<bind>
<StgValue><ssdm name="sext_ln156"/></StgValue>
</bind>
</comp>

<comp id="42" class="1000" name="sext_ln156_1">
<pin_list>
<pin id="43" dir="1" index="0" bw="1" slack="0"/>
</pin_list>
<bind>
<StgValue><ssdm name="sext_ln156_1"/></StgValue>
</bind>
</comp>

<comp id="44" class="1000" name="sext_ln156_2">
<pin_list>
<pin id="45" dir="1" index="0" bw="1" slack="0"/>
</pin_list>
<bind>
<StgValue><ssdm name="sext_ln156_2"/></StgValue>
</bind>
</comp>

<comp id="46" class="1000" name="sext_ln156_3">
<pin_list>
<pin id="47" dir="1" index="0" bw="1" slack="0"/>
</pin_list>
<bind>
<StgValue><ssdm name="sext_ln156_3"/></StgValue>
</bind>
</comp>

<comp id="48" class="1000" name="sext_ln156_4">
<pin_list>
<pin id="49" dir="1" index="0" bw="1" slack="0"/>
</pin_list>
<bind>
<StgValue><ssdm name="sext_ln156_4"/></StgValue>
</bind>
</comp>

<comp id="50" class="1000" name="sext_ln422">
<pin_list>
<pin id="51" dir="1" index="0" bw="1" slack="0"/>
</pin_list>
<bind>
<StgValue><ssdm name="sext_ln422"/></StgValue>
</bind>
</comp>

<comp id="52" class="1000" name="sext_ln156_11">
<pin_list>
<pin id="53" dir="1" index="0" bw="1" slack="0"/>
</pin_list>
<bind>
<StgValue><ssdm name="sext_ln156_11"/></StgValue>
</bind>
</comp>

<comp id="54" class="1000" name="sext_ln425">
<pin_list>
<pin id="55" dir="1" index="0" bw="1" slack="0"/>
</pin_list>
<bind>
<StgValue><ssdm name="sext_ln425"/></StgValue>
</bind>
</comp>

<comp id="56" class="1000" name="sext_ln156_12">
<pin_list>
<pin id="57" dir="1" index="0" bw="1" slack="0"/>
</pin_list>
<bind>
<StgValue><ssdm name="sext_ln156_12"/></StgValue>
</bind>
</comp>

<comp id="58" class="1000" name="sext_ln156_13">
<pin_list>
<pin id="59" dir="1" index="0" bw="1" slack="0"/>
</pin_list>
<bind>
<StgValue><ssdm name="sext_ln156_13"/></StgValue>
</bind>
</comp>

<comp id="60" class="1000" name="sext_ln156_14">
<pin_list>
<pin id="61" dir="1" index="0" bw="1" slack="0"/>
</pin_list>
<bind>
<StgValue><ssdm name="sext_ln156_14"/></StgValue>
</bind>
</comp>

<comp id="62" class="1000" name="sext_ln436">
<pin_list>
<pin id="63" dir="1" index="0" bw="1" slack="0"/>
</pin_list>
<bind>
<StgValue><ssdm name="sext_ln436"/></StgValue>
</bind>
</comp>

<comp id="64" class="1001" name="const_64">
<pin_list>
<pin id="65" dir="1" index="0" bw="1" slack="0"/>
</pin_list>
<bind>
<StgValue><ssdm name=""/></StgValue>
</bind>
</comp>

<comp id="66" class="1001" name="const_66">
<pin_list>
<pin id="67" dir="1" index="0" bw="1" slack="0"/>
</pin_list>
<bind>
<StgValue><ssdm name="_ssdm_op_Read.ap_auto.i25"/></StgValue>
</bind>
</comp>

<comp id="68" class="1001" name="const_68">
<pin_list>
<pin id="69" dir="1" index="0" bw="1" slack="0"/>
</pin_list>
<bind>
<StgValue><ssdm name="_ssdm_op_Read.ap_auto.i26"/></StgValue>
</bind>
</comp>

<comp id="70" class="1001" name="const_70">
<pin_list>
<pin id="71" dir="1" index="0" bw="1" slack="0"/>
</pin_list>
<bind>
<StgValue><ssdm name="_ssdm_op_Read.ap_auto.i7"/></StgValue>
</bind>
</comp>

<comp id="72" class="1001" name="const_72">
<pin_list>
<pin id="73" dir="1" index="0" bw="1" slack="0"/>
</pin_list>
<bind>
<StgValue><ssdm name="_ssdm_op_Read.ap_auto.i5"/></StgValue>
</bind>
</comp>

<comp id="74" class="1001" name="const_74">
<pin_list>
<pin id="75" dir="1" index="0" bw="1" slack="2147483647"/>
</pin_list>
<bind>
<StgValue><ssdm name="_ssdm_op_SpecMemCore"/></StgValue>
</bind>
</comp>

<comp id="76" class="1001" name="const_76">
<pin_list>
<pin id="77" dir="1" index="0" bw="1" slack="2147483647"/>
</pin_list>
<bind>
<StgValue><ssdm name=""/></StgValue>
</bind>
</comp>

<comp id="78" class="1001" name="const_78">
<pin_list>
<pin id="79" dir="1" index="0" bw="1" slack="2147483647"/>
</pin_list>
<bind>
<StgValue><ssdm name=""/></StgValue>
</bind>
</comp>

<comp id="80" class="1001" name="const_80">
<pin_list>
<pin id="81" dir="1" index="0" bw="1" slack="2147483647"/>
</pin_list>
<bind>
<StgValue><ssdm name=""/></StgValue>
</bind>
</comp>

<comp id="82" class="1001" name="const_82">
<pin_list>
<pin id="83" dir="1" index="0" bw="1" slack="2147483647"/>
</pin_list>
<bind>
<StgValue><ssdm name=""/></StgValue>
</bind>
</comp>

<comp id="84" class="1001" name="const_84">
<pin_list>
<pin id="85" dir="1" index="0" bw="1" slack="2147483647"/>
</pin_list>
<bind>
<StgValue><ssdm name=""/></StgValue>
</bind>
</comp>

<comp id="86" class="1001" name="const_86">
<pin_list>
<pin id="87" dir="1" index="0" bw="1" slack="0"/>
</pin_list>
<bind>
<StgValue><ssdm name=""/></StgValue>
</bind>
</comp>

<comp id="88" class="1001" name="const_88">
<pin_list>
<pin id="89" dir="1" index="0" bw="1" slack="0"/>
</pin_list>
<bind>
<StgValue><ssdm name=""/></StgValue>
</bind>
</comp>

<comp id="90" class="1001" name="const_90">
<pin_list>
<pin id="91" dir="1" index="0" bw="1" slack="0"/>
</pin_list>
<bind>
<StgValue><ssdm name=""/></StgValue>
</bind>
</comp>

<comp id="92" class="1001" name="const_92">
<pin_list>
<pin id="93" dir="1" index="0" bw="1" slack="0"/>
</pin_list>
<bind>
<StgValue><ssdm name=""/></StgValue>
</bind>
</comp>

<comp id="94" class="1001" name="const_94">
<pin_list>
<pin id="95" dir="1" index="0" bw="1" slack="0"/>
</pin_list>
<bind>
<StgValue><ssdm name=""/></StgValue>
</bind>
</comp>

<comp id="96" class="1001" name="const_96">
<pin_list>
<pin id="97" dir="1" index="0" bw="1" slack="0"/>
</pin_list>
<bind>
<StgValue><ssdm name=""/></StgValue>
</bind>
</comp>

<comp id="98" class="1001" name="const_98">
<pin_list>
<pin id="99" dir="1" index="0" bw="1" slack="0"/>
</pin_list>
<bind>
<StgValue><ssdm name=""/></StgValue>
</bind>
</comp>

<comp id="100" class="1001" name="const_100">
<pin_list>
<pin id="101" dir="1" index="0" bw="1" slack="0"/>
</pin_list>
<bind>
<StgValue><ssdm name=""/></StgValue>
</bind>
</comp>

<comp id="102" class="1001" name="const_102">
<pin_list>
<pin id="103" dir="1" index="0" bw="1" slack="0"/>
</pin_list>
<bind>
<StgValue><ssdm name=""/></StgValue>
</bind>
</comp>

<comp id="104" class="1001" name="const_104">
<pin_list>
<pin id="105" dir="1" index="0" bw="1" slack="0"/>
</pin_list>
<bind>
<StgValue><ssdm name="_ssdm_op_BitConcatenate.i5.i1.i1.i1.i1.i1"/></StgValue>
</bind>
</comp>

<comp id="106" class="1001" name="const_106">
<pin_list>
<pin id="107" dir="1" index="0" bw="1" slack="0"/>
</pin_list>
<bind>
<StgValue><ssdm name="_ssdm_op_SparseMux.ap_auto.6i25.i25.i5"/></StgValue>
</bind>
</comp>

<comp id="108" class="1001" name="const_108">
<pin_list>
<pin id="109" dir="1" index="0" bw="1" slack="0"/>
</pin_list>
<bind>
<StgValue><ssdm name=""/></StgValue>
</bind>
</comp>

<comp id="110" class="1001" name="const_110">
<pin_list>
<pin id="111" dir="1" index="0" bw="1" slack="0"/>
</pin_list>
<bind>
<StgValue><ssdm name=""/></StgValue>
</bind>
</comp>

<comp id="112" class="1001" name="const_112">
<pin_list>
<pin id="113" dir="1" index="0" bw="1" slack="0"/>
</pin_list>
<bind>
<StgValue><ssdm name=""/></StgValue>
</bind>
</comp>

<comp id="114" class="1001" name="const_114">
<pin_list>
<pin id="115" dir="1" index="0" bw="1" slack="0"/>
</pin_list>
<bind>
<StgValue><ssdm name=""/></StgValue>
</bind>
</comp>

<comp id="116" class="1001" name="const_116">
<pin_list>
<pin id="117" dir="1" index="0" bw="1" slack="0"/>
</pin_list>
<bind>
<StgValue><ssdm name=""/></StgValue>
</bind>
</comp>

<comp id="118" class="1001" name="const_118">
<pin_list>
<pin id="119" dir="1" index="0" bw="1" slack="0"/>
</pin_list>
<bind>
<StgValue><ssdm name=""/></StgValue>
</bind>
</comp>

<comp id="120" class="1001" name="const_120">
<pin_list>
<pin id="121" dir="1" index="0" bw="1" slack="0"/>
</pin_list>
<bind>
<StgValue><ssdm name=""/></StgValue>
</bind>
</comp>

<comp id="122" class="1001" name="const_122">
<pin_list>
<pin id="123" dir="1" index="0" bw="1" slack="0"/>
</pin_list>
<bind>
<StgValue><ssdm name="_ssdm_op_BitConcatenate.i4.i1.i1.i1.i1"/></StgValue>
</bind>
</comp>

<comp id="124" class="1001" name="const_124">
<pin_list>
<pin id="125" dir="1" index="0" bw="1" slack="2147483647"/>
</pin_list>
<bind>
<StgValue><ssdm name="_ssdm_op_SpecFUCore"/></StgValue>
</bind>
</comp>

<comp id="126" class="1001" name="const_126">
<pin_list>
<pin id="127" dir="1" index="0" bw="1" slack="2147483647"/>
</pin_list>
<bind>
<StgValue><ssdm name=""/></StgValue>
</bind>
</comp>

<comp id="128" class="1001" name="const_128">
<pin_list>
<pin id="129" dir="1" index="0" bw="1" slack="2147483647"/>
</pin_list>
<bind>
<StgValue><ssdm name=""/></StgValue>
</bind>
</comp>

<comp id="130" class="1001" name="const_130">
<pin_list>
<pin id="131" dir="1" index="0" bw="1" slack="2147483647"/>
</pin_list>
<bind>
<StgValue><ssdm name=""/></StgValue>
</bind>
</comp>

<comp id="132" class="1001" name="const_132">
<pin_list>
<pin id="133" dir="1" index="0" bw="1" slack="0"/>
</pin_list>
<bind>
<StgValue><ssdm name="sum6_QP_raw"/></StgValue>
</bind>
</comp>

<comp id="134" class="1001" name="const_134">
<pin_list>
<pin id="135" dir="1" index="0" bw="1" slack="2147483647"/>
</pin_list>
<bind>
<StgValue><ssdm name="_ssdm_op_SpecPipeline"/></StgValue>
</bind>
</comp>

<comp id="136" class="1001" name="const_136">
<pin_list>
<pin id="137" dir="1" index="0" bw="1" slack="2147483647"/>
</pin_list>
<bind>
<StgValue><ssdm name=""/></StgValue>
</bind>
</comp>

<comp id="138" class="1001" name="const_138">
<pin_list>
<pin id="139" dir="1" index="0" bw="1" slack="2147483647"/>
</pin_list>
<bind>
<StgValue><ssdm name=""/></StgValue>
</bind>
</comp>

<comp id="140" class="1001" name="const_140">
<pin_list>
<pin id="141" dir="1" index="0" bw="1" slack="2147483647"/>
</pin_list>
<bind>
<StgValue><ssdm name="empty_524"/></StgValue>
</bind>
</comp>

<comp id="142" class="1001" name="const_142">
<pin_list>
<pin id="143" dir="1" index="0" bw="1" slack="2147483647"/>
</pin_list>
<bind>
<StgValue><ssdm name="_ssdm_op_SpecLoopTripCount"/></StgValue>
</bind>
</comp>

<comp id="144" class="1001" name="const_144">
<pin_list>
<pin id="145" dir="1" index="0" bw="1" slack="2147483647"/>
</pin_list>
<bind>
<StgValue><ssdm name=""/></StgValue>
</bind>
</comp>

<comp id="146" class="1001" name="const_146">
<pin_list>
<pin id="147" dir="1" index="0" bw="1" slack="2147483647"/>
</pin_list>
<bind>
<StgValue><ssdm name="_ssdm_op_SpecLoopName"/></StgValue>
</bind>
</comp>

<comp id="148" class="1001" name="const_148">
<pin_list>
<pin id="149" dir="1" index="0" bw="1" slack="2147483647"/>
</pin_list>
<bind>
<StgValue><ssdm name="empty_96"/></StgValue>
</bind>
</comp>

<comp id="150" class="1001" name="const_150">
<pin_list>
<pin id="151" dir="1" index="0" bw="1" slack="2147483647"/>
</pin_list>
<bind>
<StgValue><ssdm name="_ssdm_op_SpecRegionBegin"/></StgValue>
</bind>
</comp>

<comp id="152" class="1001" name="const_152">
<pin_list>
<pin id="153" dir="1" index="0" bw="1" slack="2147483647"/>
</pin_list>
<bind>
<StgValue><ssdm name="empty_494"/></StgValue>
</bind>
</comp>

<comp id="154" class="1001" name="const_154">
<pin_list>
<pin id="155" dir="1" index="0" bw="1" slack="2147483647"/>
</pin_list>
<bind>
<StgValue><ssdm name="_ssdm_op_SpecRegionEnd"/></StgValue>
</bind>
</comp>

<comp id="156" class="1001" name="const_156">
<pin_list>
<pin id="157" dir="1" index="0" bw="1" slack="2147483647"/>
</pin_list>
<bind>
<StgValue><ssdm name="empty_531"/></StgValue>
</bind>
</comp>

<comp id="158" class="1001" name="const_158">
<pin_list>
<pin id="159" dir="1" index="0" bw="1" slack="2147483647"/>
</pin_list>
<bind>
<StgValue><ssdm name="empty_539"/></StgValue>
</bind>
</comp>

<comp id="160" class="1001" name="const_160">
<pin_list>
<pin id="161" dir="1" index="0" bw="1" slack="2147483647"/>
</pin_list>
<bind>
<StgValue><ssdm name="empty_435"/></StgValue>
</bind>
</comp>

<comp id="162" class="1001" name="const_162">
<pin_list>
<pin id="163" dir="1" index="0" bw="1" slack="2147483647"/>
</pin_list>
<bind>
<StgValue><ssdm name="empty_478"/></StgValue>
</bind>
</comp>

<comp id="164" class="1001" name="const_164">
<pin_list>
<pin id="165" dir="1" index="0" bw="1" slack="2147483647"/>
</pin_list>
<bind>
<StgValue><ssdm name="empty_527"/></StgValue>
</bind>
</comp>

<comp id="166" class="1001" name="const_166">
<pin_list>
<pin id="167" dir="1" index="0" bw="1" slack="0"/>
</pin_list>
<bind>
<StgValue><ssdm name="_ssdm_op_BitConcatenate.i39.i25.i14"/></StgValue>
</bind>
</comp>

<comp id="168" class="1001" name="const_168">
<pin_list>
<pin id="169" dir="1" index="0" bw="1" slack="0"/>
</pin_list>
<bind>
<StgValue><ssdm name=""/></StgValue>
</bind>
</comp>

<comp id="170" class="1001" name="const_170">
<pin_list>
<pin id="171" dir="1" index="0" bw="1" slack="2147483647"/>
</pin_list>
<bind>
<StgValue><ssdm name="empty_446"/></StgValue>
</bind>
</comp>

<comp id="172" class="1001" name="const_172">
<pin_list>
<pin id="173" dir="1" index="0" bw="1" slack="2147483647"/>
</pin_list>
<bind>
<StgValue><ssdm name="empty_516"/></StgValue>
</bind>
</comp>

<comp id="174" class="1001" name="const_174">
<pin_list>
<pin id="175" dir="1" index="0" bw="1" slack="2147483647"/>
</pin_list>
<bind>
<StgValue><ssdm name="empty_484"/></StgValue>
</bind>
</comp>

<comp id="176" class="1001" name="const_176">
<pin_list>
<pin id="177" dir="1" index="0" bw="1" slack="2147483647"/>
</pin_list>
<bind>
<StgValue><ssdm name="empty_483"/></StgValue>
</bind>
</comp>

<comp id="178" class="1001" name="const_178">
<pin_list>
<pin id="179" dir="1" index="0" bw="1" slack="0"/>
</pin_list>
<bind>
<StgValue><ssdm name="_ssdm_op_SparseMux.ap_auto.5i39.i39.i4"/></StgValue>
</bind>
</comp>

<comp id="180" class="1001" name="const_180">
<pin_list>
<pin id="181" dir="1" index="0" bw="1" slack="0"/>
</pin_list>
<bind>
<StgValue><ssdm name=""/></StgValue>
</bind>
</comp>

<comp id="182" class="1001" name="const_182">
<pin_list>
<pin id="183" dir="1" index="0" bw="1" slack="0"/>
</pin_list>
<bind>
<StgValue><ssdm name=""/></StgValue>
</bind>
</comp>

<comp id="184" class="1001" name="const_184">
<pin_list>
<pin id="185" dir="1" index="0" bw="1" slack="0"/>
</pin_list>
<bind>
<StgValue><ssdm name=""/></StgValue>
</bind>
</comp>

<comp id="186" class="1001" name="const_186">
<pin_list>
<pin id="187" dir="1" index="0" bw="1" slack="0"/>
</pin_list>
<bind>
<StgValue><ssdm name=""/></StgValue>
</bind>
</comp>

<comp id="188" class="1001" name="const_188">
<pin_list>
<pin id="189" dir="1" index="0" bw="1" slack="0"/>
</pin_list>
<bind>
<StgValue><ssdm name=""/></StgValue>
</bind>
</comp>

<comp id="190" class="1001" name="const_190">
<pin_list>
<pin id="191" dir="1" index="0" bw="1" slack="0"/>
</pin_list>
<bind>
<StgValue><ssdm name=""/></StgValue>
</bind>
</comp>

<comp id="192" class="1001" name="const_192">
<pin_list>
<pin id="193" dir="1" index="0" bw="1" slack="0"/>
</pin_list>
<bind>
<StgValue><ssdm name="_ssdm_op_PartSelect.i25.i39.i32.i32"/></StgValue>
</bind>
</comp>

<comp id="194" class="1001" name="const_194">
<pin_list>
<pin id="195" dir="1" index="0" bw="1" slack="0"/>
</pin_list>
<bind>
<StgValue><ssdm name=""/></StgValue>
</bind>
</comp>

<comp id="196" class="1001" name="const_196">
<pin_list>
<pin id="197" dir="1" index="0" bw="1" slack="0"/>
</pin_list>
<bind>
<StgValue><ssdm name=""/></StgValue>
</bind>
</comp>

<comp id="198" class="1004" name="i_fu_198">
<pin_list>
<pin id="199" dir="0" index="0" bw="1" slack="0"/>
<pin id="200" dir="1" index="1" bw="3" slack="0"/>
</pin_list>
<bind>
<opcode="alloca(26) " fcode="alloca"/>
<opset="i/1 "/>
</bind>
</comp>

<comp id="202" class="1004" name="sext_ln436_read_read_fu_202">
<pin_list>
<pin id="203" dir="0" index="0" bw="25" slack="0"/>
<pin id="204" dir="0" index="1" bw="25" slack="0"/>
<pin id="205" dir="1" index="2" bw="25" slack="0"/>
</pin_list>
<bind>
<opcode="read(1150) " fcode="read"/>
<opset="sext_ln436_read/1 "/>
</bind>
</comp>

<comp id="208" class="1004" name="sext_ln156_14_read_read_fu_208">
<pin_list>
<pin id="209" dir="0" index="0" bw="26" slack="0"/>
<pin id="210" dir="0" index="1" bw="26" slack="0"/>
<pin id="211" dir="1" index="2" bw="26" slack="0"/>
</pin_list>
<bind>
<opcode="read(1150) " fcode="read"/>
<opset="sext_ln156_14_read/1 "/>
</bind>
</comp>

<comp id="214" class="1004" name="sext_ln156_13_read_read_fu_214">
<pin_list>
<pin id="215" dir="0" index="0" bw="26" slack="0"/>
<pin id="216" dir="0" index="1" bw="26" slack="0"/>
<pin id="217" dir="1" index="2" bw="26" slack="0"/>
</pin_list>
<bind>
<opcode="read(1150) " fcode="read"/>
<opset="sext_ln156_13_read/1 "/>
</bind>
</comp>

<comp id="220" class="1004" name="sext_ln156_12_read_read_fu_220">
<pin_list>
<pin id="221" dir="0" index="0" bw="26" slack="0"/>
<pin id="222" dir="0" index="1" bw="26" slack="0"/>
<pin id="223" dir="1" index="2" bw="26" slack="0"/>
</pin_list>
<bind>
<opcode="read(1150) " fcode="read"/>
<opset="sext_ln156_12_read/1 "/>
</bind>
</comp>

<comp id="226" class="1004" name="sext_ln425_read_read_fu_226">
<pin_list>
<pin id="227" dir="0" index="0" bw="25" slack="0"/>
<pin id="228" dir="0" index="1" bw="25" slack="0"/>
<pin id="229" dir="1" index="2" bw="25" slack="0"/>
</pin_list>
<bind>
<opcode="read(1150) " fcode="read"/>
<opset="sext_ln425_read/1 "/>
</bind>
</comp>

<comp id="232" class="1004" name="sext_ln156_11_read_read_fu_232">
<pin_list>
<pin id="233" dir="0" index="0" bw="26" slack="0"/>
<pin id="234" dir="0" index="1" bw="26" slack="0"/>
<pin id="235" dir="1" index="2" bw="26" slack="0"/>
</pin_list>
<bind>
<opcode="read(1150) " fcode="read"/>
<opset="sext_ln156_11_read/1 "/>
</bind>
</comp>

<comp id="238" class="1004" name="sext_ln422_read_read_fu_238">
<pin_list>
<pin id="239" dir="0" index="0" bw="26" slack="0"/>
<pin id="240" dir="0" index="1" bw="26" slack="0"/>
<pin id="241" dir="1" index="2" bw="26" slack="0"/>
</pin_list>
<bind>
<opcode="read(1150) " fcode="read"/>
<opset="sext_ln422_read/1 "/>
</bind>
</comp>

<comp id="244" class="1004" name="sext_ln156_4_read_read_fu_244">
<pin_list>
<pin id="245" dir="0" index="0" bw="26" slack="0"/>
<pin id="246" dir="0" index="1" bw="26" slack="0"/>
<pin id="247" dir="1" index="2" bw="26" slack="0"/>
</pin_list>
<bind>
<opcode="read(1150) " fcode="read"/>
<opset="sext_ln156_4_read/1 "/>
</bind>
</comp>

<comp id="250" class="1004" name="sext_ln156_3_read_read_fu_250">
<pin_list>
<pin id="251" dir="0" index="0" bw="26" slack="0"/>
<pin id="252" dir="0" index="1" bw="26" slack="0"/>
<pin id="253" dir="1" index="2" bw="26" slack="0"/>
</pin_list>
<bind>
<opcode="read(1150) " fcode="read"/>
<opset="sext_ln156_3_read/1 "/>
</bind>
</comp>

<comp id="256" class="1004" name="sext_ln156_2_read_read_fu_256">
<pin_list>
<pin id="257" dir="0" index="0" bw="26" slack="0"/>
<pin id="258" dir="0" index="1" bw="26" slack="0"/>
<pin id="259" dir="1" index="2" bw="26" slack="0"/>
</pin_list>
<bind>
<opcode="read(1150) " fcode="read"/>
<opset="sext_ln156_2_read/1 "/>
</bind>
</comp>

<comp id="262" class="1004" name="sext_ln156_1_read_read_fu_262">
<pin_list>
<pin id="263" dir="0" index="0" bw="26" slack="0"/>
<pin id="264" dir="0" index="1" bw="26" slack="0"/>
<pin id="265" dir="1" index="2" bw="26" slack="0"/>
</pin_list>
<bind>
<opcode="read(1150) " fcode="read"/>
<opset="sext_ln156_1_read/1 "/>
</bind>
</comp>

<comp id="268" class="1004" name="sext_ln156_read_read_fu_268">
<pin_list>
<pin id="269" dir="0" index="0" bw="26" slack="0"/>
<pin id="270" dir="0" index="1" bw="26" slack="0"/>
<pin id="271" dir="1" index="2" bw="26" slack="0"/>
</pin_list>
<bind>
<opcode="read(1150) " fcode="read"/>
<opset="sext_ln156_read/1 "/>
</bind>
</comp>

<comp id="274" class="1004" name="tmp_read_fu_274">
<pin_list>
<pin id="275" dir="0" index="0" bw="25" slack="0"/>
<pin id="276" dir="0" index="1" bw="25" slack="0"/>
<pin id="277" dir="1" index="2" bw="25" slack="1"/>
</pin_list>
<bind>
<opcode="read(1150) " fcode="read"/>
<opset="tmp/1 "/>
</bind>
</comp>

<comp id="280" class="1004" name="tmp_1_read_fu_280">
<pin_list>
<pin id="281" dir="0" index="0" bw="25" slack="0"/>
<pin id="282" dir="0" index="1" bw="25" slack="0"/>
<pin id="283" dir="1" index="2" bw="25" slack="1"/>
</pin_list>
<bind>
<opcode="read(1150) " fcode="read"/>
<opset="tmp_1/1 "/>
</bind>
</comp>

<comp id="286" class="1004" name="tmp_2_read_fu_286">
<pin_list>
<pin id="287" dir="0" index="0" bw="25" slack="0"/>
<pin id="288" dir="0" index="1" bw="25" slack="0"/>
<pin id="289" dir="1" index="2" bw="25" slack="1"/>
</pin_list>
<bind>
<opcode="read(1150) " fcode="read"/>
<opset="tmp_2/1 "/>
</bind>
</comp>

<comp id="292" class="1004" name="tmp_3_read_fu_292">
<pin_list>
<pin id="293" dir="0" index="0" bw="25" slack="0"/>
<pin id="294" dir="0" index="1" bw="25" slack="0"/>
<pin id="295" dir="1" index="2" bw="25" slack="1"/>
</pin_list>
<bind>
<opcode="read(1150) " fcode="read"/>
<opset="tmp_3/1 "/>
</bind>
</comp>

<comp id="298" class="1004" name="tmp_4_read_fu_298">
<pin_list>
<pin id="299" dir="0" index="0" bw="25" slack="0"/>
<pin id="300" dir="0" index="1" bw="25" slack="0"/>
<pin id="301" dir="1" index="2" bw="25" slack="1"/>
</pin_list>
<bind>
<opcode="read(1150) " fcode="read"/>
<opset="tmp_4/1 "/>
</bind>
</comp>

<comp id="304" class="1004" name="tmp_5_read_fu_304">
<pin_list>
<pin id="305" dir="0" index="0" bw="25" slack="0"/>
<pin id="306" dir="0" index="1" bw="25" slack="0"/>
<pin id="307" dir="1" index="2" bw="25" slack="1"/>
</pin_list>
<bind>
<opcode="read(1150) " fcode="read"/>
<opset="tmp_5/1 "/>
</bind>
</comp>

<comp id="310" class="1004" name="mul_ln409_1_read_read_fu_310">
<pin_list>
<pin id="311" dir="0" index="0" bw="7" slack="0"/>
<pin id="312" dir="0" index="1" bw="7" slack="0"/>
<pin id="313" dir="1" index="2" bw="7" slack="0"/>
</pin_list>
<bind>
<opcode="read(1150) " fcode="read"/>
<opset="mul_ln409_1_read/1 "/>
</bind>
</comp>

<comp id="316" class="1004" name="zext_ln428_read_read_fu_316">
<pin_list>
<pin id="317" dir="0" index="0" bw="5" slack="0"/>
<pin id="318" dir="0" index="1" bw="5" slack="0"/>
<pin id="319" dir="1" index="2" bw="5" slack="0"/>
</pin_list>
<bind>
<opcode="read(1150) " fcode="read"/>
<opset="zext_ln428_read/1 "/>
</bind>
</comp>

<comp id="322" class="1004" name="step_data_0_0_addr_gep_fu_322">
<pin_list>
<pin id="323" dir="0" index="0" bw="26" slack="0"/>
<pin id="324" dir="0" index="1" bw="1" slack="0"/>
<pin id="325" dir="0" index="2" bw="7" slack="0"/>
<pin id="326" dir="1" index="3" bw="7" slack="0"/>
</pin_list>
<bind>
<opcode="getelementptr(29) " fcode="getelementptr"/>
<opset="step_data_0_0_addr/1 "/>
</bind>
</comp>

<comp id="329" class="1004" name="step_data_0_1_addr_gep_fu_329">
<pin_list>
<pin id="330" dir="0" index="0" bw="26" slack="0"/>
<pin id="331" dir="0" index="1" bw="1" slack="0"/>
<pin id="332" dir="0" index="2" bw="7" slack="0"/>
<pin id="333" dir="1" index="3" bw="7" slack="0"/>
</pin_list>
<bind>
<opcode="getelementptr(29) " fcode="getelementptr"/>
<opset="step_data_0_1_addr/1 "/>
</bind>
</comp>

<comp id="336" class="1004" name="step_data_0_2_addr_gep_fu_336">
<pin_list>
<pin id="337" dir="0" index="0" bw="26" slack="0"/>
<pin id="338" dir="0" index="1" bw="1" slack="0"/>
<pin id="339" dir="0" index="2" bw="7" slack="0"/>
<pin id="340" dir="1" index="3" bw="7" slack="0"/>
</pin_list>
<bind>
<opcode="getelementptr(29) " fcode="getelementptr"/>
<opset="step_data_0_2_addr/1 "/>
</bind>
</comp>

<comp id="343" class="1004" name="step_data_0_3_addr_gep_fu_343">
<pin_list>
<pin id="344" dir="0" index="0" bw="26" slack="0"/>
<pin id="345" dir="0" index="1" bw="1" slack="0"/>
<pin id="346" dir="0" index="2" bw="7" slack="0"/>
<pin id="347" dir="1" index="3" bw="7" slack="0"/>
</pin_list>
<bind>
<opcode="getelementptr(29) " fcode="getelementptr"/>
<opset="step_data_0_3_addr/1 "/>
</bind>
</comp>

<comp id="350" class="1004" name="step_data_0_4_addr_gep_fu_350">
<pin_list>
<pin id="351" dir="0" index="0" bw="26" slack="0"/>
<pin id="352" dir="0" index="1" bw="1" slack="0"/>
<pin id="353" dir="0" index="2" bw="7" slack="0"/>
<pin id="354" dir="1" index="3" bw="7" slack="0"/>
</pin_list>
<bind>
<opcode="getelementptr(29) " fcode="getelementptr"/>
<opset="step_data_0_4_addr/1 "/>
</bind>
</comp>

<comp id="357" class="1004" name="step_data_0_5_addr_gep_fu_357">
<pin_list>
<pin id="358" dir="0" index="0" bw="26" slack="0"/>
<pin id="359" dir="0" index="1" bw="1" slack="0"/>
<pin id="360" dir="0" index="2" bw="7" slack="0"/>
<pin id="361" dir="1" index="3" bw="7" slack="0"/>
</pin_list>
<bind>
<opcode="getelementptr(29) " fcode="getelementptr"/>
<opset="step_data_0_5_addr/1 "/>
</bind>
</comp>

<comp id="364" class="1004" name="grp_access_fu_364">
<pin_list>
<pin id="365" dir="0" index="0" bw="7" slack="0"/>
<pin id="366" dir="0" index="1" bw="26" slack="2147483647"/>
<pin id="367" dir="0" index="2" bw="0" slack="2147483647"/>
<pin id="368" dir="1" index="3" bw="26" slack="0"/>
</pin_list>
<bind>
<opcode="load(27) " fcode="load"/>
<opset="a/1 "/>
</bind>
</comp>

<comp id="370" class="1004" name="grp_access_fu_370">
<pin_list>
<pin id="371" dir="0" index="0" bw="7" slack="0"/>
<pin id="372" dir="0" index="1" bw="26" slack="2147483647"/>
<pin id="373" dir="0" index="2" bw="0" slack="2147483647"/>
<pin id="374" dir="1" index="3" bw="26" slack="0"/>
</pin_list>
<bind>
<opcode="load(27) " fcode="load"/>
<opset="a_1/1 "/>
</bind>
</comp>

<comp id="376" class="1004" name="grp_access_fu_376">
<pin_list>
<pin id="377" dir="0" index="0" bw="7" slack="0"/>
<pin id="378" dir="0" index="1" bw="26" slack="2147483647"/>
<pin id="379" dir="0" index="2" bw="0" slack="2147483647"/>
<pin id="380" dir="1" index="3" bw="26" slack="0"/>
</pin_list>
<bind>
<opcode="load(27) " fcode="load"/>
<opset="a_2/1 "/>
</bind>
</comp>

<comp id="382" class="1004" name="grp_access_fu_382">
<pin_list>
<pin id="383" dir="0" index="0" bw="7" slack="0"/>
<pin id="384" dir="0" index="1" bw="26" slack="2147483647"/>
<pin id="385" dir="0" index="2" bw="0" slack="2147483647"/>
<pin id="386" dir="1" index="3" bw="26" slack="0"/>
</pin_list>
<bind>
<opcode="load(27) " fcode="load"/>
<opset="a_3/1 "/>
</bind>
</comp>

<comp id="388" class="1004" name="grp_access_fu_388">
<pin_list>
<pin id="389" dir="0" index="0" bw="7" slack="0"/>
<pin id="390" dir="0" index="1" bw="26" slack="2147483647"/>
<pin id="391" dir="0" index="2" bw="0" slack="2147483647"/>
<pin id="392" dir="1" index="3" bw="26" slack="0"/>
</pin_list>
<bind>
<opcode="load(27) " fcode="load"/>
<opset="a_4/1 "/>
</bind>
</comp>

<comp id="394" class="1004" name="grp_access_fu_394">
<pin_list>
<pin id="395" dir="0" index="0" bw="7" slack="0"/>
<pin id="396" dir="0" index="1" bw="26" slack="2147483647"/>
<pin id="397" dir="0" index="2" bw="0" slack="2147483647"/>
<pin id="398" dir="1" index="3" bw="26" slack="0"/>
</pin_list>
<bind>
<opcode="load(27) " fcode="load"/>
<opset="a_5/1 "/>
</bind>
</comp>

<comp id="400" class="1004" name="x_out_0_addr_gep_fu_400">
<pin_list>
<pin id="401" dir="0" index="0" bw="26" slack="0"/>
<pin id="402" dir="0" index="1" bw="1" slack="0"/>
<pin id="403" dir="0" index="2" bw="5" slack="4"/>
<pin id="404" dir="1" index="3" bw="5" slack="0"/>
</pin_list>
<bind>
<opcode="getelementptr(29) " fcode="getelementptr"/>
<opset="x_out_0_addr/5 "/>
</bind>
</comp>

<comp id="407" class="1004" name="x_out_1_addr_gep_fu_407">
<pin_list>
<pin id="408" dir="0" index="0" bw="26" slack="0"/>
<pin id="409" dir="0" index="1" bw="1" slack="0"/>
<pin id="410" dir="0" index="2" bw="5" slack="4"/>
<pin id="411" dir="1" index="3" bw="5" slack="0"/>
</pin_list>
<bind>
<opcode="getelementptr(29) " fcode="getelementptr"/>
<opset="x_out_1_addr/5 "/>
</bind>
</comp>

<comp id="414" class="1004" name="x_out_2_addr_gep_fu_414">
<pin_list>
<pin id="415" dir="0" index="0" bw="26" slack="0"/>
<pin id="416" dir="0" index="1" bw="1" slack="0"/>
<pin id="417" dir="0" index="2" bw="5" slack="4"/>
<pin id="418" dir="1" index="3" bw="5" slack="0"/>
</pin_list>
<bind>
<opcode="getelementptr(29) " fcode="getelementptr"/>
<opset="x_out_2_addr/5 "/>
</bind>
</comp>

<comp id="421" class="1004" name="x_out_3_addr_gep_fu_421">
<pin_list>
<pin id="422" dir="0" index="0" bw="26" slack="0"/>
<pin id="423" dir="0" index="1" bw="1" slack="0"/>
<pin id="424" dir="0" index="2" bw="5" slack="4"/>
<pin id="425" dir="1" index="3" bw="5" slack="0"/>
</pin_list>
<bind>
<opcode="getelementptr(29) " fcode="getelementptr"/>
<opset="x_out_3_addr/5 "/>
</bind>
</comp>

<comp id="428" class="1004" name="x_out_4_addr_gep_fu_428">
<pin_list>
<pin id="429" dir="0" index="0" bw="26" slack="0"/>
<pin id="430" dir="0" index="1" bw="1" slack="0"/>
<pin id="431" dir="0" index="2" bw="5" slack="4"/>
<pin id="432" dir="1" index="3" bw="5" slack="0"/>
</pin_list>
<bind>
<opcode="getelementptr(29) " fcode="getelementptr"/>
<opset="x_out_4_addr/5 "/>
</bind>
</comp>

<comp id="435" class="1004" name="x_out_5_addr_gep_fu_435">
<pin_list>
<pin id="436" dir="0" index="0" bw="26" slack="0"/>
<pin id="437" dir="0" index="1" bw="1" slack="0"/>
<pin id="438" dir="0" index="2" bw="5" slack="4"/>
<pin id="439" dir="1" index="3" bw="5" slack="0"/>
</pin_list>
<bind>
<opcode="getelementptr(29) " fcode="getelementptr"/>
<opset="x_out_5_addr/5 "/>
</bind>
</comp>

<comp id="442" class="1004" name="store_ln436_access_fu_442">
<pin_list>
<pin id="443" dir="0" index="0" bw="5" slack="2147483647"/>
<pin id="444" dir="0" index="1" bw="26" slack="2147483647"/>
<pin id="445" dir="0" index="2" bw="0" slack="0"/>
<pin id="447" dir="0" index="4" bw="5" slack="0"/>
<pin id="448" dir="0" index="5" bw="26" slack="2147483647"/>
<pin id="449" dir="0" index="6" bw="0" slack="2147483647"/>
<pin id="446" dir="1" index="3" bw="26" slack="2147483647"/>
<pin id="450" dir="1" index="7" bw="26" slack="2147483647"/>
</pin_list>
<bind>
<opcode="store(28) " fcode="store"/>
<opset="store_ln436/5 "/>
</bind>
</comp>

<comp id="452" class="1004" name="store_ln436_access_fu_452">
<pin_list>
<pin id="453" dir="0" index="0" bw="5" slack="2147483647"/>
<pin id="454" dir="0" index="1" bw="26" slack="2147483647"/>
<pin id="455" dir="0" index="2" bw="0" slack="0"/>
<pin id="457" dir="0" index="4" bw="5" slack="0"/>
<pin id="458" dir="0" index="5" bw="26" slack="2147483647"/>
<pin id="459" dir="0" index="6" bw="0" slack="2147483647"/>
<pin id="456" dir="1" index="3" bw="26" slack="2147483647"/>
<pin id="460" dir="1" index="7" bw="26" slack="2147483647"/>
</pin_list>
<bind>
<opcode="store(28) " fcode="store"/>
<opset="store_ln436/5 "/>
</bind>
</comp>

<comp id="462" class="1004" name="store_ln436_access_fu_462">
<pin_list>
<pin id="463" dir="0" index="0" bw="5" slack="2147483647"/>
<pin id="464" dir="0" index="1" bw="26" slack="2147483647"/>
<pin id="465" dir="0" index="2" bw="0" slack="0"/>
<pin id="467" dir="0" index="4" bw="5" slack="0"/>
<pin id="468" dir="0" index="5" bw="26" slack="2147483647"/>
<pin id="469" dir="0" index="6" bw="0" slack="2147483647"/>
<pin id="466" dir="1" index="3" bw="26" slack="2147483647"/>
<pin id="470" dir="1" index="7" bw="26" slack="2147483647"/>
</pin_list>
<bind>
<opcode="store(28) " fcode="store"/>
<opset="store_ln436/5 "/>
</bind>
</comp>

<comp id="472" class="1004" name="store_ln436_access_fu_472">
<pin_list>
<pin id="473" dir="0" index="0" bw="5" slack="2147483647"/>
<pin id="474" dir="0" index="1" bw="26" slack="2147483647"/>
<pin id="475" dir="0" index="2" bw="0" slack="0"/>
<pin id="477" dir="0" index="4" bw="5" slack="0"/>
<pin id="478" dir="0" index="5" bw="26" slack="2147483647"/>
<pin id="479" dir="0" index="6" bw="0" slack="2147483647"/>
<pin id="476" dir="1" index="3" bw="26" slack="2147483647"/>
<pin id="480" dir="1" index="7" bw="26" slack="2147483647"/>
</pin_list>
<bind>
<opcode="store(28) " fcode="store"/>
<opset="store_ln436/5 "/>
</bind>
</comp>

<comp id="482" class="1004" name="store_ln436_access_fu_482">
<pin_list>
<pin id="483" dir="0" index="0" bw="5" slack="2147483647"/>
<pin id="484" dir="0" index="1" bw="26" slack="2147483647"/>
<pin id="485" dir="0" index="2" bw="0" slack="0"/>
<pin id="487" dir="0" index="4" bw="5" slack="0"/>
<pin id="488" dir="0" index="5" bw="26" slack="2147483647"/>
<pin id="489" dir="0" index="6" bw="0" slack="2147483647"/>
<pin id="486" dir="1" index="3" bw="26" slack="2147483647"/>
<pin id="490" dir="1" index="7" bw="26" slack="2147483647"/>
</pin_list>
<bind>
<opcode="store(28) " fcode="store"/>
<opset="store_ln436/5 "/>
</bind>
</comp>

<comp id="492" class="1004" name="store_ln436_access_fu_492">
<pin_list>
<pin id="493" dir="0" index="0" bw="5" slack="2147483647"/>
<pin id="494" dir="0" index="1" bw="26" slack="2147483647"/>
<pin id="495" dir="0" index="2" bw="0" slack="0"/>
<pin id="497" dir="0" index="4" bw="5" slack="0"/>
<pin id="498" dir="0" index="5" bw="26" slack="2147483647"/>
<pin id="499" dir="0" index="6" bw="0" slack="2147483647"/>
<pin id="496" dir="1" index="3" bw="26" slack="2147483647"/>
<pin id="500" dir="1" index="7" bw="26" slack="2147483647"/>
</pin_list>
<bind>
<opcode="store(28) " fcode="store"/>
<opset="store_ln436/5 "/>
</bind>
</comp>

<comp id="502" class="1004" name="ax_sum_sum6_QP_raw_fu_502">
<pin_list>
<pin id="503" dir="0" index="0" bw="39" slack="0"/>
<pin id="504" dir="0" index="1" bw="39" slack="0"/>
<pin id="505" dir="0" index="2" bw="39" slack="0"/>
<pin id="506" dir="0" index="3" bw="39" slack="0"/>
<pin id="507" dir="0" index="4" bw="39" slack="0"/>
<pin id="508" dir="0" index="5" bw="39" slack="0"/>
<pin id="509" dir="0" index="6" bw="39" slack="0"/>
<pin id="510" dir="1" index="7" bw="39" slack="1"/>
</pin_list>
<bind>
<opcode="call(48) " fcode="call"/>
<opset="ax_sum/4 "/>
</bind>
</comp>

<comp id="512" class="1004" name="grp_fu_512">
<pin_list>
<pin id="513" dir="0" index="0" bw="26" slack="2"/>
<pin id="514" dir="0" index="1" bw="25" slack="2"/>
<pin id="515" dir="1" index="2" bw="51" slack="0"/>
</pin_list>
<bind>
<opcode="mul(12) " fcode="mul"/>
<opset="mul_ln156/3 mul_ln156_1/3 mul_ln156_2/3 mul_ln156_3/3 "/>
</bind>
</comp>

<comp id="516" class="1004" name="grp_fu_516">
<pin_list>
<pin id="517" dir="0" index="0" bw="26" slack="0"/>
<pin id="518" dir="0" index="1" bw="26" slack="1"/>
<pin id="519" dir="1" index="2" bw="39" slack="0"/>
</pin_list>
<bind>
<opcode="mul(12) " fcode="mul"/>
<opset="mul_ln409/2 "/>
</bind>
</comp>

<comp id="521" class="1004" name="grp_fu_521">
<pin_list>
<pin id="522" dir="0" index="0" bw="26" slack="0"/>
<pin id="523" dir="0" index="1" bw="26" slack="1"/>
<pin id="524" dir="1" index="2" bw="39" slack="0"/>
</pin_list>
<bind>
<opcode="mul(12) " fcode="mul"/>
<opset="mul_ln410/2 "/>
</bind>
</comp>

<comp id="526" class="1004" name="grp_fu_526">
<pin_list>
<pin id="527" dir="0" index="0" bw="26" slack="0"/>
<pin id="528" dir="0" index="1" bw="26" slack="1"/>
<pin id="529" dir="1" index="2" bw="39" slack="0"/>
</pin_list>
<bind>
<opcode="mul(12) " fcode="mul"/>
<opset="mul_ln411/2 "/>
</bind>
</comp>

<comp id="531" class="1004" name="grp_fu_531">
<pin_list>
<pin id="532" dir="0" index="0" bw="26" slack="0"/>
<pin id="533" dir="0" index="1" bw="26" slack="1"/>
<pin id="534" dir="1" index="2" bw="39" slack="0"/>
</pin_list>
<bind>
<opcode="mul(12) " fcode="mul"/>
<opset="mul_ln412/2 "/>
</bind>
</comp>

<comp id="536" class="1004" name="grp_fu_536">
<pin_list>
<pin id="537" dir="0" index="0" bw="26" slack="0"/>
<pin id="538" dir="0" index="1" bw="26" slack="1"/>
<pin id="539" dir="1" index="2" bw="39" slack="0"/>
</pin_list>
<bind>
<opcode="mul(12) " fcode="mul"/>
<opset="mul_ln413/2 "/>
</bind>
</comp>

<comp id="541" class="1004" name="grp_fu_541">
<pin_list>
<pin id="542" dir="0" index="0" bw="26" slack="0"/>
<pin id="543" dir="0" index="1" bw="26" slack="1"/>
<pin id="544" dir="1" index="2" bw="39" slack="0"/>
</pin_list>
<bind>
<opcode="mul(12) " fcode="mul"/>
<opset="mul_ln414/2 "/>
</bind>
</comp>

<comp id="546" class="1004" name="sext_ln436_cast_fu_546">
<pin_list>
<pin id="547" dir="0" index="0" bw="25" slack="0"/>
<pin id="548" dir="1" index="1" bw="51" slack="2"/>
</pin_list>
<bind>
<opcode="sext(35) " fcode="sext"/>
<opset="sext_ln436_cast/1 "/>
</bind>
</comp>

<comp id="550" class="1004" name="sext_ln156_14_cast_fu_550">
<pin_list>
<pin id="551" dir="0" index="0" bw="26" slack="0"/>
<pin id="552" dir="1" index="1" bw="51" slack="2"/>
</pin_list>
<bind>
<opcode="sext(35) " fcode="sext"/>
<opset="sext_ln156_14_cast/1 "/>
</bind>
</comp>

<comp id="554" class="1004" name="sext_ln156_13_cast_fu_554">
<pin_list>
<pin id="555" dir="0" index="0" bw="26" slack="0"/>
<pin id="556" dir="1" index="1" bw="51" slack="2"/>
</pin_list>
<bind>
<opcode="sext(35) " fcode="sext"/>
<opset="sext_ln156_13_cast/1 "/>
</bind>
</comp>

<comp id="558" class="1004" name="sext_ln156_12_cast_fu_558">
<pin_list>
<pin id="559" dir="0" index="0" bw="26" slack="0"/>
<pin id="560" dir="1" index="1" bw="51" slack="2"/>
</pin_list>
<bind>
<opcode="sext(35) " fcode="sext"/>
<opset="sext_ln156_12_cast/1 "/>
</bind>
</comp>

<comp id="562" class="1004" name="sext_ln425_cast_fu_562">
<pin_list>
<pin id="563" dir="0" index="0" bw="25" slack="0"/>
<pin id="564" dir="1" index="1" bw="51" slack="2"/>
</pin_list>
<bind>
<opcode="sext(35) " fcode="sext"/>
<opset="sext_ln425_cast/1 "/>
</bind>
</comp>

<comp id="566" class="1004" name="sext_ln156_11_cast_fu_566">
<pin_list>
<pin id="567" dir="0" index="0" bw="26" slack="0"/>
<pin id="568" dir="1" index="1" bw="51" slack="2"/>
</pin_list>
<bind>
<opcode="sext(35) " fcode="sext"/>
<opset="sext_ln156_11_cast/1 "/>
</bind>
</comp>

<comp id="570" class="1004" name="sext_ln422_cast_fu_570">
<pin_list>
<pin id="571" dir="0" index="0" bw="26" slack="0"/>
<pin id="572" dir="1" index="1" bw="39" slack="1"/>
</pin_list>
<bind>
<opcode="sext(35) " fcode="sext"/>
<opset="sext_ln422_cast/1 "/>
</bind>
</comp>

<comp id="574" class="1004" name="sext_ln156_4_cast_fu_574">
<pin_list>
<pin id="575" dir="0" index="0" bw="26" slack="0"/>
<pin id="576" dir="1" index="1" bw="39" slack="1"/>
</pin_list>
<bind>
<opcode="sext(35) " fcode="sext"/>
<opset="sext_ln156_4_cast/1 "/>
</bind>
</comp>

<comp id="578" class="1004" name="sext_ln156_3_cast_fu_578">
<pin_list>
<pin id="579" dir="0" index="0" bw="26" slack="0"/>
<pin id="580" dir="1" index="1" bw="39" slack="1"/>
</pin_list>
<bind>
<opcode="sext(35) " fcode="sext"/>
<opset="sext_ln156_3_cast/1 "/>
</bind>
</comp>

<comp id="582" class="1004" name="sext_ln156_2_cast_fu_582">
<pin_list>
<pin id="583" dir="0" index="0" bw="26" slack="0"/>
<pin id="584" dir="1" index="1" bw="39" slack="1"/>
</pin_list>
<bind>
<opcode="sext(35) " fcode="sext"/>
<opset="sext_ln156_2_cast/1 "/>
</bind>
</comp>

<comp id="586" class="1004" name="sext_ln156_1_cast_fu_586">
<pin_list>
<pin id="587" dir="0" index="0" bw="26" slack="0"/>
<pin id="588" dir="1" index="1" bw="39" slack="1"/>
</pin_list>
<bind>
<opcode="sext(35) " fcode="sext"/>
<opset="sext_ln156_1_cast/1 "/>
</bind>
</comp>

<comp id="590" class="1004" name="sext_ln156_cast_fu_590">
<pin_list>
<pin id="591" dir="0" index="0" bw="26" slack="0"/>
<pin id="592" dir="1" index="1" bw="39" slack="1"/>
</pin_list>
<bind>
<opcode="sext(35) " fcode="sext"/>
<opset="sext_ln156_cast/1 "/>
</bind>
</comp>

<comp id="594" class="1004" name="zext_ln428_cast_fu_594">
<pin_list>
<pin id="595" dir="0" index="0" bw="5" slack="0"/>
<pin id="596" dir="1" index="1" bw="64" slack="4"/>
</pin_list>
<bind>
<opcode="zext(34) " fcode="zext"/>
<opset="zext_ln428_cast/1 "/>
</bind>
</comp>

<comp id="598" class="1004" name="store_ln340_store_fu_598">
<pin_list>
<pin id="599" dir="0" index="0" bw="1" slack="0"/>
<pin id="600" dir="0" index="1" bw="3" slack="0"/>
<pin id="601" dir="1" index="2" bw="0" slack="2147483647"/>
</pin_list>
<bind>
<opcode="store(28) " fcode="store"/>
<opset="store_ln340/1 "/>
</bind>
</comp>

<comp id="603" class="1004" name="i_1_load_fu_603">
<pin_list>
<pin id="604" dir="0" index="0" bw="3" slack="0"/>
<pin id="605" dir="1" index="1" bw="3" slack="0"/>
</pin_list>
<bind>
<opcode="load(27) " fcode="load"/>
<opset="i_1/1 "/>
</bind>
</comp>

<comp id="606" class="1004" name="icmp_ln399_fu_606">
<pin_list>
<pin id="607" dir="0" index="0" bw="3" slack="0"/>
<pin id="608" dir="0" index="1" bw="2" slack="0"/>
<pin id="609" dir="1" index="2" bw="1" slack="3"/>
</pin_list>
<bind>
<opcode="icmp(45) " fcode="icmp"/>
<opset="icmp_ln399/1 "/>
</bind>
</comp>

<comp id="612" class="1004" name="add_ln399_fu_612">
<pin_list>
<pin id="613" dir="0" index="0" bw="3" slack="0"/>
<pin id="614" dir="0" index="1" bw="1" slack="0"/>
<pin id="615" dir="1" index="2" bw="3" slack="0"/>
</pin_list>
<bind>
<opcode="add(8) " fcode="add"/>
<opset="add_ln399/1 "/>
</bind>
</comp>

<comp id="618" class="1004" name="zext_ln409_fu_618">
<pin_list>
<pin id="619" dir="0" index="0" bw="3" slack="0"/>
<pin id="620" dir="1" index="1" bw="7" slack="0"/>
</pin_list>
<bind>
<opcode="zext(34) " fcode="zext"/>
<opset="zext_ln409/1 "/>
</bind>
</comp>

<comp id="622" class="1004" name="add_ln409_fu_622">
<pin_list>
<pin id="623" dir="0" index="0" bw="7" slack="0"/>
<pin id="624" dir="0" index="1" bw="3" slack="0"/>
<pin id="625" dir="1" index="2" bw="7" slack="0"/>
</pin_list>
<bind>
<opcode="add(8) " fcode="add"/>
<opset="add_ln409/1 "/>
</bind>
</comp>

<comp id="628" class="1004" name="zext_ln409_1_fu_628">
<pin_list>
<pin id="629" dir="0" index="0" bw="7" slack="0"/>
<pin id="630" dir="1" index="1" bw="64" slack="0"/>
</pin_list>
<bind>
<opcode="zext(34) " fcode="zext"/>
<opset="zext_ln409_1/1 "/>
</bind>
</comp>

<comp id="638" class="1004" name="switch_ln436_fu_638">
<pin_list>
<pin id="639" dir="0" index="0" bw="3" slack="0"/>
<pin id="640" dir="0" index="1" bw="1" slack="0"/>
<pin id="641" dir="0" index="2" bw="1" slack="0"/>
<pin id="642" dir="0" index="3" bw="3" slack="0"/>
<pin id="643" dir="0" index="4" bw="3" slack="0"/>
<pin id="644" dir="0" index="5" bw="3" slack="0"/>
<pin id="645" dir="1" index="6" bw="0" slack="2147483647"/>
</pin_list>
<bind>
<opcode="switch(3) " fcode="switch"/>
<opset="switch_ln436/1 "/>
</bind>
</comp>

<comp id="652" class="1004" name="store_ln340_store_fu_652">
<pin_list>
<pin id="653" dir="0" index="0" bw="3" slack="0"/>
<pin id="654" dir="0" index="1" bw="3" slack="0"/>
<pin id="655" dir="1" index="2" bw="0" slack="2147483647"/>
</pin_list>
<bind>
<opcode="store(28) " fcode="store"/>
<opset="store_ln340/1 "/>
</bind>
</comp>

<comp id="657" class="1004" name="icmp_ln402_fu_657">
<pin_list>
<pin id="658" dir="0" index="0" bw="3" slack="1"/>
<pin id="659" dir="0" index="1" bw="1" slack="0"/>
<pin id="660" dir="1" index="2" bw="1" slack="0"/>
</pin_list>
<bind>
<opcode="icmp(45) " fcode="icmp"/>
<opset="icmp_ln402/2 "/>
</bind>
</comp>

<comp id="662" class="1004" name="icmp_ln403_fu_662">
<pin_list>
<pin id="663" dir="0" index="0" bw="3" slack="1"/>
<pin id="664" dir="0" index="1" bw="3" slack="0"/>
<pin id="665" dir="1" index="2" bw="1" slack="0"/>
</pin_list>
<bind>
<opcode="icmp(45) " fcode="icmp"/>
<opset="icmp_ln403/2 "/>
</bind>
</comp>

<comp id="667" class="1004" name="xor_ln402_fu_667">
<pin_list>
<pin id="668" dir="0" index="0" bw="1" slack="0"/>
<pin id="669" dir="0" index="1" bw="1" slack="0"/>
<pin id="670" dir="1" index="2" bw="1" slack="0"/>
</pin_list>
<bind>
<opcode="xor(25) " fcode="xor"/>
<opset="xor_ln402/2 "/>
</bind>
</comp>

<comp id="673" class="1004" name="and_ln403_fu_673">
<pin_list>
<pin id="674" dir="0" index="0" bw="1" slack="0"/>
<pin id="675" dir="0" index="1" bw="1" slack="0"/>
<pin id="676" dir="1" index="2" bw="1" slack="0"/>
</pin_list>
<bind>
<opcode="and(23) " fcode="and"/>
<opset="and_ln403/2 "/>
</bind>
</comp>

<comp id="679" class="1004" name="icmp_ln403_1_fu_679">
<pin_list>
<pin id="680" dir="0" index="0" bw="3" slack="1"/>
<pin id="681" dir="0" index="1" bw="3" slack="0"/>
<pin id="682" dir="1" index="2" bw="1" slack="0"/>
</pin_list>
<bind>
<opcode="icmp(45) " fcode="icmp"/>
<opset="icmp_ln403_1/2 "/>
</bind>
</comp>

<comp id="684" class="1004" name="and_ln403_1_fu_684">
<pin_list>
<pin id="685" dir="0" index="0" bw="1" slack="0"/>
<pin id="686" dir="0" index="1" bw="1" slack="0"/>
<pin id="687" dir="1" index="2" bw="1" slack="0"/>
</pin_list>
<bind>
<opcode="and(23) " fcode="and"/>
<opset="and_ln403_1/2 "/>
</bind>
</comp>

<comp id="690" class="1004" name="icmp_ln403_2_fu_690">
<pin_list>
<pin id="691" dir="0" index="0" bw="3" slack="1"/>
<pin id="692" dir="0" index="1" bw="3" slack="0"/>
<pin id="693" dir="1" index="2" bw="1" slack="0"/>
</pin_list>
<bind>
<opcode="icmp(45) " fcode="icmp"/>
<opset="icmp_ln403_2/2 "/>
</bind>
</comp>

<comp id="695" class="1004" name="and_ln403_2_fu_695">
<pin_list>
<pin id="696" dir="0" index="0" bw="1" slack="0"/>
<pin id="697" dir="0" index="1" bw="1" slack="0"/>
<pin id="698" dir="1" index="2" bw="1" slack="0"/>
</pin_list>
<bind>
<opcode="and(23) " fcode="and"/>
<opset="and_ln403_2/2 "/>
</bind>
</comp>

<comp id="701" class="1004" name="icmp_ln403_3_fu_701">
<pin_list>
<pin id="702" dir="0" index="0" bw="3" slack="1"/>
<pin id="703" dir="0" index="1" bw="3" slack="0"/>
<pin id="704" dir="1" index="2" bw="1" slack="0"/>
</pin_list>
<bind>
<opcode="icmp(45) " fcode="icmp"/>
<opset="icmp_ln403_3/2 "/>
</bind>
</comp>

<comp id="706" class="1004" name="and_ln403_3_fu_706">
<pin_list>
<pin id="707" dir="0" index="0" bw="1" slack="0"/>
<pin id="708" dir="0" index="1" bw="1" slack="0"/>
<pin id="709" dir="1" index="2" bw="1" slack="0"/>
</pin_list>
<bind>
<opcode="and(23) " fcode="and"/>
<opset="and_ln403_3/2 "/>
</bind>
</comp>

<comp id="712" class="1004" name="sel_tmp_fu_712">
<pin_list>
<pin id="713" dir="0" index="0" bw="5" slack="0"/>
<pin id="714" dir="0" index="1" bw="1" slack="0"/>
<pin id="715" dir="0" index="2" bw="1" slack="0"/>
<pin id="716" dir="0" index="3" bw="1" slack="0"/>
<pin id="717" dir="0" index="4" bw="1" slack="0"/>
<pin id="718" dir="0" index="5" bw="1" slack="0"/>
<pin id="719" dir="1" index="6" bw="5" slack="0"/>
</pin_list>
<bind>
<opcode="bitconcatenate(1004) " fcode="bitconcatenate"/>
<opset="sel_tmp/2 "/>
</bind>
</comp>

<comp id="726" class="1004" name="d_i_fu_726">
<pin_list>
<pin id="727" dir="0" index="0" bw="25" slack="0"/>
<pin id="728" dir="0" index="1" bw="5" slack="0"/>
<pin id="729" dir="0" index="2" bw="25" slack="1"/>
<pin id="730" dir="0" index="3" bw="5" slack="0"/>
<pin id="731" dir="0" index="4" bw="25" slack="1"/>
<pin id="732" dir="0" index="5" bw="5" slack="0"/>
<pin id="733" dir="0" index="6" bw="25" slack="1"/>
<pin id="734" dir="0" index="7" bw="5" slack="0"/>
<pin id="735" dir="0" index="8" bw="25" slack="1"/>
<pin id="736" dir="0" index="9" bw="5" slack="0"/>
<pin id="737" dir="0" index="10" bw="25" slack="1"/>
<pin id="738" dir="0" index="11" bw="5" slack="0"/>
<pin id="739" dir="0" index="12" bw="25" slack="1"/>
<pin id="740" dir="0" index="13" bw="25" slack="0"/>
<pin id="741" dir="0" index="14" bw="5" slack="0"/>
<pin id="742" dir="1" index="15" bw="25" slack="3"/>
</pin_list>
<bind>
<opcode="sparsemux(1197) " fcode="sparsemux"/>
<opset="d_i/2 "/>
</bind>
</comp>

<comp id="752" class="1004" name="sext_ln156_5_fu_752">
<pin_list>
<pin id="753" dir="0" index="0" bw="26" slack="0"/>
<pin id="754" dir="1" index="1" bw="39" slack="0"/>
</pin_list>
<bind>
<opcode="sext(35) " fcode="sext"/>
<opset="sext_ln156_5/2 "/>
</bind>
</comp>

<comp id="757" class="1004" name="sext_ln156_6_fu_757">
<pin_list>
<pin id="758" dir="0" index="0" bw="26" slack="0"/>
<pin id="759" dir="1" index="1" bw="39" slack="0"/>
</pin_list>
<bind>
<opcode="sext(35) " fcode="sext"/>
<opset="sext_ln156_6/2 "/>
</bind>
</comp>

<comp id="762" class="1004" name="sext_ln156_7_fu_762">
<pin_list>
<pin id="763" dir="0" index="0" bw="26" slack="0"/>
<pin id="764" dir="1" index="1" bw="39" slack="0"/>
</pin_list>
<bind>
<opcode="sext(35) " fcode="sext"/>
<opset="sext_ln156_7/2 "/>
</bind>
</comp>

<comp id="767" class="1004" name="sext_ln156_8_fu_767">
<pin_list>
<pin id="768" dir="0" index="0" bw="26" slack="0"/>
<pin id="769" dir="1" index="1" bw="39" slack="0"/>
</pin_list>
<bind>
<opcode="sext(35) " fcode="sext"/>
<opset="sext_ln156_8/2 "/>
</bind>
</comp>

<comp id="772" class="1004" name="sext_ln156_9_fu_772">
<pin_list>
<pin id="773" dir="0" index="0" bw="26" slack="0"/>
<pin id="774" dir="1" index="1" bw="39" slack="0"/>
</pin_list>
<bind>
<opcode="sext(35) " fcode="sext"/>
<opset="sext_ln156_9/2 "/>
</bind>
</comp>

<comp id="777" class="1004" name="sext_ln156_10_fu_777">
<pin_list>
<pin id="778" dir="0" index="0" bw="26" slack="0"/>
<pin id="779" dir="1" index="1" bw="39" slack="0"/>
</pin_list>
<bind>
<opcode="sext(35) " fcode="sext"/>
<opset="sext_ln156_10/2 "/>
</bind>
</comp>

<comp id="782" class="1004" name="sel_tmp1_fu_782">
<pin_list>
<pin id="783" dir="0" index="0" bw="4" slack="0"/>
<pin id="784" dir="0" index="1" bw="1" slack="0"/>
<pin id="785" dir="0" index="2" bw="1" slack="0"/>
<pin id="786" dir="0" index="3" bw="1" slack="0"/>
<pin id="787" dir="0" index="4" bw="1" slack="0"/>
<pin id="788" dir="1" index="5" bw="4" slack="1"/>
</pin_list>
<bind>
<opcode="bitconcatenate(1004) " fcode="bitconcatenate"/>
<opset="sel_tmp1/2 "/>
</bind>
</comp>

<comp id="794" class="1004" name="shl_ln_fu_794">
<pin_list>
<pin id="795" dir="0" index="0" bw="39" slack="0"/>
<pin id="796" dir="0" index="1" bw="25" slack="3"/>
<pin id="797" dir="0" index="2" bw="1" slack="0"/>
<pin id="798" dir="1" index="3" bw="39" slack="0"/>
</pin_list>
<bind>
<opcode="bitconcatenate(1004) " fcode="bitconcatenate"/>
<opset="shl_ln/5 "/>
</bind>
</comp>

<comp id="801" class="1004" name="sum_fu_801">
<pin_list>
<pin id="802" dir="0" index="0" bw="39" slack="1"/>
<pin id="803" dir="0" index="1" bw="39" slack="0"/>
<pin id="804" dir="1" index="2" bw="39" slack="0"/>
</pin_list>
<bind>
<opcode="add(8) " fcode="add"/>
<opset="sum/5 "/>
</bind>
</comp>

<comp id="806" class="1004" name="trunc_ln421_fu_806">
<pin_list>
<pin id="807" dir="0" index="0" bw="51" slack="0"/>
<pin id="808" dir="1" index="1" bw="39" slack="0"/>
</pin_list>
<bind>
<opcode="trunc(33) " fcode="trunc"/>
<opset="trunc_ln421/5 "/>
</bind>
</comp>

<comp id="810" class="1004" name="sum_1_fu_810">
<pin_list>
<pin id="811" dir="0" index="0" bw="39" slack="0"/>
<pin id="812" dir="0" index="1" bw="39" slack="0"/>
<pin id="813" dir="1" index="2" bw="39" slack="0"/>
</pin_list>
<bind>
<opcode="add(8) " fcode="add"/>
<opset="sum_1/5 "/>
</bind>
</comp>

<comp id="816" class="1004" name="trunc_ln424_fu_816">
<pin_list>
<pin id="817" dir="0" index="0" bw="51" slack="0"/>
<pin id="818" dir="1" index="1" bw="39" slack="0"/>
</pin_list>
<bind>
<opcode="trunc(33) " fcode="trunc"/>
<opset="trunc_ln424/5 "/>
</bind>
</comp>

<comp id="820" class="1004" name="sum_2_fu_820">
<pin_list>
<pin id="821" dir="0" index="0" bw="39" slack="0"/>
<pin id="822" dir="0" index="1" bw="39" slack="0"/>
<pin id="823" dir="1" index="2" bw="39" slack="0"/>
</pin_list>
<bind>
<opcode="add(8) " fcode="add"/>
<opset="sum_2/5 "/>
</bind>
</comp>

<comp id="826" class="1004" name="trunc_ln427_fu_826">
<pin_list>
<pin id="827" dir="0" index="0" bw="51" slack="0"/>
<pin id="828" dir="1" index="1" bw="39" slack="0"/>
</pin_list>
<bind>
<opcode="trunc(33) " fcode="trunc"/>
<opset="trunc_ln427/5 "/>
</bind>
</comp>

<comp id="830" class="1004" name="sum_3_fu_830">
<pin_list>
<pin id="831" dir="0" index="0" bw="39" slack="0"/>
<pin id="832" dir="0" index="1" bw="39" slack="0"/>
<pin id="833" dir="1" index="2" bw="39" slack="0"/>
</pin_list>
<bind>
<opcode="add(8) " fcode="add"/>
<opset="sum_3/5 "/>
</bind>
</comp>

<comp id="836" class="1004" name="trunc_ln430_fu_836">
<pin_list>
<pin id="837" dir="0" index="0" bw="51" slack="0"/>
<pin id="838" dir="1" index="1" bw="39" slack="0"/>
</pin_list>
<bind>
<opcode="trunc(33) " fcode="trunc"/>
<opset="trunc_ln430/5 "/>
</bind>
</comp>

<comp id="840" class="1004" name="sum_4_fu_840">
<pin_list>
<pin id="841" dir="0" index="0" bw="39" slack="0"/>
<pin id="842" dir="0" index="1" bw="39" slack="0"/>
<pin id="843" dir="1" index="2" bw="39" slack="0"/>
</pin_list>
<bind>
<opcode="add(8) " fcode="add"/>
<opset="sum_4/5 "/>
</bind>
</comp>

<comp id="846" class="1004" name="sum_6_fu_846">
<pin_list>
<pin id="847" dir="0" index="0" bw="39" slack="0"/>
<pin id="848" dir="0" index="1" bw="4" slack="0"/>
<pin id="849" dir="0" index="2" bw="39" slack="0"/>
<pin id="850" dir="0" index="3" bw="4" slack="0"/>
<pin id="851" dir="0" index="4" bw="39" slack="0"/>
<pin id="852" dir="0" index="5" bw="4" slack="0"/>
<pin id="853" dir="0" index="6" bw="39" slack="0"/>
<pin id="854" dir="0" index="7" bw="4" slack="0"/>
<pin id="855" dir="0" index="8" bw="39" slack="0"/>
<pin id="856" dir="0" index="9" bw="4" slack="0"/>
<pin id="857" dir="0" index="10" bw="39" slack="0"/>
<pin id="858" dir="0" index="11" bw="39" slack="0"/>
<pin id="859" dir="0" index="12" bw="4" slack="3"/>
<pin id="860" dir="1" index="13" bw="39" slack="0"/>
</pin_list>
<bind>
<opcode="sparsemux(1197) " fcode="sparsemux"/>
<opset="sum_6/5 "/>
</bind>
</comp>

<comp id="873" class="1004" name="result_fu_873">
<pin_list>
<pin id="874" dir="0" index="0" bw="25" slack="0"/>
<pin id="875" dir="0" index="1" bw="39" slack="0"/>
<pin id="876" dir="0" index="2" bw="5" slack="0"/>
<pin id="877" dir="0" index="3" bw="7" slack="0"/>
<pin id="878" dir="1" index="4" bw="25" slack="0"/>
</pin_list>
<bind>
<opcode="partselect(1002) " fcode="partselect"/>
<opset="result/5 "/>
</bind>
</comp>

<comp id="883" class="1004" name="sext_ln182_fu_883">
<pin_list>
<pin id="884" dir="0" index="0" bw="25" slack="0"/>
<pin id="885" dir="1" index="1" bw="26" slack="0"/>
</pin_list>
<bind>
<opcode="sext(35) " fcode="sext"/>
<opset="sext_ln182/5 "/>
</bind>
</comp>

<comp id="893" class="1005" name="i_reg_893">
<pin_list>
<pin id="894" dir="0" index="0" bw="3" slack="0"/>
<pin id="895" dir="1" index="1" bw="3" slack="0"/>
</pin_list>
<bind>
<opset="i "/>
</bind>
</comp>

<comp id="900" class="1005" name="tmp_reg_900">
<pin_list>
<pin id="901" dir="0" index="0" bw="25" slack="1"/>
<pin id="902" dir="1" index="1" bw="25" slack="1"/>
</pin_list>
<bind>
<opset="tmp "/>
</bind>
</comp>

<comp id="905" class="1005" name="tmp_1_reg_905">
<pin_list>
<pin id="906" dir="0" index="0" bw="25" slack="1"/>
<pin id="907" dir="1" index="1" bw="25" slack="1"/>
</pin_list>
<bind>
<opset="tmp_1 "/>
</bind>
</comp>

<comp id="910" class="1005" name="tmp_2_reg_910">
<pin_list>
<pin id="911" dir="0" index="0" bw="25" slack="1"/>
<pin id="912" dir="1" index="1" bw="25" slack="1"/>
</pin_list>
<bind>
<opset="tmp_2 "/>
</bind>
</comp>

<comp id="915" class="1005" name="tmp_3_reg_915">
<pin_list>
<pin id="916" dir="0" index="0" bw="25" slack="1"/>
<pin id="917" dir="1" index="1" bw="25" slack="1"/>
</pin_list>
<bind>
<opset="tmp_3 "/>
</bind>
</comp>

<comp id="920" class="1005" name="tmp_4_reg_920">
<pin_list>
<pin id="921" dir="0" index="0" bw="25" slack="1"/>
<pin id="922" dir="1" index="1" bw="25" slack="1"/>
</pin_list>
<bind>
<opset="tmp_4 "/>
</bind>
</comp>

<comp id="925" class="1005" name="tmp_5_reg_925">
<pin_list>
<pin id="926" dir="0" index="0" bw="25" slack="1"/>
<pin id="927" dir="1" index="1" bw="25" slack="1"/>
</pin_list>
<bind>
<opset="tmp_5 "/>
</bind>
</comp>

<comp id="930" class="1005" name="sext_ln436_cast_reg_930">
<pin_list>
<pin id="931" dir="0" index="0" bw="51" slack="2"/>
<pin id="932" dir="1" index="1" bw="51" slack="2"/>
</pin_list>
<bind>
<opset="sext_ln436_cast "/>
</bind>
</comp>

<comp id="935" class="1005" name="sext_ln156_14_cast_reg_935">
<pin_list>
<pin id="936" dir="0" index="0" bw="51" slack="2"/>
<pin id="937" dir="1" index="1" bw="51" slack="2"/>
</pin_list>
<bind>
<opset="sext_ln156_14_cast "/>
</bind>
</comp>

<comp id="940" class="1005" name="sext_ln156_13_cast_reg_940">
<pin_list>
<pin id="941" dir="0" index="0" bw="51" slack="2"/>
<pin id="942" dir="1" index="1" bw="51" slack="2"/>
</pin_list>
<bind>
<opset="sext_ln156_13_cast "/>
</bind>
</comp>

<comp id="945" class="1005" name="sext_ln156_12_cast_reg_945">
<pin_list>
<pin id="946" dir="0" index="0" bw="51" slack="2"/>
<pin id="947" dir="1" index="1" bw="51" slack="2"/>
</pin_list>
<bind>
<opset="sext_ln156_12_cast "/>
</bind>
</comp>

<comp id="950" class="1005" name="sext_ln425_cast_reg_950">
<pin_list>
<pin id="951" dir="0" index="0" bw="51" slack="2"/>
<pin id="952" dir="1" index="1" bw="51" slack="2"/>
</pin_list>
<bind>
<opset="sext_ln425_cast "/>
</bind>
</comp>

<comp id="955" class="1005" name="sext_ln156_11_cast_reg_955">
<pin_list>
<pin id="956" dir="0" index="0" bw="51" slack="2"/>
<pin id="957" dir="1" index="1" bw="51" slack="2"/>
</pin_list>
<bind>
<opset="sext_ln156_11_cast "/>
</bind>
</comp>

<comp id="960" class="1005" name="sext_ln422_cast_reg_960">
<pin_list>
<pin id="961" dir="0" index="0" bw="39" slack="1"/>
<pin id="962" dir="1" index="1" bw="39" slack="1"/>
</pin_list>
<bind>
<opset="sext_ln422_cast "/>
</bind>
</comp>

<comp id="965" class="1005" name="sext_ln156_4_cast_reg_965">
<pin_list>
<pin id="966" dir="0" index="0" bw="39" slack="1"/>
<pin id="967" dir="1" index="1" bw="39" slack="1"/>
</pin_list>
<bind>
<opset="sext_ln156_4_cast "/>
</bind>
</comp>

<comp id="970" class="1005" name="sext_ln156_3_cast_reg_970">
<pin_list>
<pin id="971" dir="0" index="0" bw="39" slack="1"/>
<pin id="972" dir="1" index="1" bw="39" slack="1"/>
</pin_list>
<bind>
<opset="sext_ln156_3_cast "/>
</bind>
</comp>

<comp id="975" class="1005" name="sext_ln156_2_cast_reg_975">
<pin_list>
<pin id="976" dir="0" index="0" bw="39" slack="1"/>
<pin id="977" dir="1" index="1" bw="39" slack="1"/>
</pin_list>
<bind>
<opset="sext_ln156_2_cast "/>
</bind>
</comp>

<comp id="980" class="1005" name="sext_ln156_1_cast_reg_980">
<pin_list>
<pin id="981" dir="0" index="0" bw="39" slack="1"/>
<pin id="982" dir="1" index="1" bw="39" slack="1"/>
</pin_list>
<bind>
<opset="sext_ln156_1_cast "/>
</bind>
</comp>

<comp id="985" class="1005" name="sext_ln156_cast_reg_985">
<pin_list>
<pin id="986" dir="0" index="0" bw="39" slack="1"/>
<pin id="987" dir="1" index="1" bw="39" slack="1"/>
</pin_list>
<bind>
<opset="sext_ln156_cast "/>
</bind>
</comp>

<comp id="990" class="1005" name="zext_ln428_cast_reg_990">
<pin_list>
<pin id="991" dir="0" index="0" bw="64" slack="4"/>
<pin id="992" dir="1" index="1" bw="64" slack="4"/>
</pin_list>
<bind>
<opset="zext_ln428_cast "/>
</bind>
</comp>

<comp id="1000" class="1005" name="i_1_reg_1000">
<pin_list>
<pin id="1001" dir="0" index="0" bw="3" slack="1"/>
<pin id="1002" dir="1" index="1" bw="3" slack="1"/>
</pin_list>
<bind>
<opset="i_1 "/>
</bind>
</comp>

<comp id="1009" class="1005" name="icmp_ln399_reg_1009">
<pin_list>
<pin id="1010" dir="0" index="0" bw="1" slack="3"/>
<pin id="1011" dir="1" index="1" bw="1" slack="2147483647"/>
</pin_list>
<bind>
<opset="icmp_ln399 "/>
</bind>
</comp>

<comp id="1013" class="1005" name="step_data_0_0_addr_reg_1013">
<pin_list>
<pin id="1014" dir="0" index="0" bw="7" slack="1"/>
<pin id="1015" dir="1" index="1" bw="7" slack="1"/>
</pin_list>
<bind>
<opset="step_data_0_0_addr "/>
</bind>
</comp>

<comp id="1018" class="1005" name="step_data_0_1_addr_reg_1018">
<pin_list>
<pin id="1019" dir="0" index="0" bw="7" slack="1"/>
<pin id="1020" dir="1" index="1" bw="7" slack="1"/>
</pin_list>
<bind>
<opset="step_data_0_1_addr "/>
</bind>
</comp>

<comp id="1023" class="1005" name="step_data_0_2_addr_reg_1023">
<pin_list>
<pin id="1024" dir="0" index="0" bw="7" slack="1"/>
<pin id="1025" dir="1" index="1" bw="7" slack="1"/>
</pin_list>
<bind>
<opset="step_data_0_2_addr "/>
</bind>
</comp>

<comp id="1028" class="1005" name="step_data_0_3_addr_reg_1028">
<pin_list>
<pin id="1029" dir="0" index="0" bw="7" slack="1"/>
<pin id="1030" dir="1" index="1" bw="7" slack="1"/>
</pin_list>
<bind>
<opset="step_data_0_3_addr "/>
</bind>
</comp>

<comp id="1033" class="1005" name="step_data_0_4_addr_reg_1033">
<pin_list>
<pin id="1034" dir="0" index="0" bw="7" slack="1"/>
<pin id="1035" dir="1" index="1" bw="7" slack="1"/>
</pin_list>
<bind>
<opset="step_data_0_4_addr "/>
</bind>
</comp>

<comp id="1038" class="1005" name="step_data_0_5_addr_reg_1038">
<pin_list>
<pin id="1039" dir="0" index="0" bw="7" slack="1"/>
<pin id="1040" dir="1" index="1" bw="7" slack="1"/>
</pin_list>
<bind>
<opset="step_data_0_5_addr "/>
</bind>
</comp>

<comp id="1043" class="1005" name="d_i_reg_1043">
<pin_list>
<pin id="1044" dir="0" index="0" bw="25" slack="3"/>
<pin id="1045" dir="1" index="1" bw="25" slack="3"/>
</pin_list>
<bind>
<opset="d_i "/>
</bind>
</comp>

<comp id="1048" class="1005" name="sext_ln156_5_reg_1048">
<pin_list>
<pin id="1049" dir="0" index="0" bw="39" slack="1"/>
<pin id="1050" dir="1" index="1" bw="39" slack="1"/>
</pin_list>
<bind>
<opset="sext_ln156_5 "/>
</bind>
</comp>

<comp id="1053" class="1005" name="sext_ln156_6_reg_1053">
<pin_list>
<pin id="1054" dir="0" index="0" bw="39" slack="1"/>
<pin id="1055" dir="1" index="1" bw="39" slack="1"/>
</pin_list>
<bind>
<opset="sext_ln156_6 "/>
</bind>
</comp>

<comp id="1058" class="1005" name="sext_ln156_7_reg_1058">
<pin_list>
<pin id="1059" dir="0" index="0" bw="39" slack="1"/>
<pin id="1060" dir="1" index="1" bw="39" slack="1"/>
</pin_list>
<bind>
<opset="sext_ln156_7 "/>
</bind>
</comp>

<comp id="1063" class="1005" name="sext_ln156_8_reg_1063">
<pin_list>
<pin id="1064" dir="0" index="0" bw="39" slack="1"/>
<pin id="1065" dir="1" index="1" bw="39" slack="1"/>
</pin_list>
<bind>
<opset="sext_ln156_8 "/>
</bind>
</comp>

<comp id="1068" class="1005" name="sext_ln156_9_reg_1068">
<pin_list>
<pin id="1069" dir="0" index="0" bw="39" slack="1"/>
<pin id="1070" dir="1" index="1" bw="39" slack="1"/>
</pin_list>
<bind>
<opset="sext_ln156_9 "/>
</bind>
</comp>

<comp id="1073" class="1005" name="sext_ln156_10_reg_1073">
<pin_list>
<pin id="1074" dir="0" index="0" bw="39" slack="1"/>
<pin id="1075" dir="1" index="1" bw="39" slack="1"/>
</pin_list>
<bind>
<opset="sext_ln156_10 "/>
</bind>
</comp>

<comp id="1078" class="1005" name="sel_tmp1_reg_1078">
<pin_list>
<pin id="1079" dir="0" index="0" bw="4" slack="1"/>
<pin id="1080" dir="1" index="1" bw="4" slack="3"/>
</pin_list>
<bind>
<opset="sel_tmp1 "/>
</bind>
</comp>

<comp id="1083" class="1005" name="ax_sum_reg_1083">
<pin_list>
<pin id="1084" dir="0" index="0" bw="39" slack="1"/>
<pin id="1085" dir="1" index="1" bw="39" slack="1"/>
</pin_list>
<bind>
<opset="ax_sum "/>
</bind>
</comp>

</comp_list>

<net_list>
<net id="201"><net_src comp="64" pin="0"/><net_sink comp="198" pin=0"/></net>

<net id="206"><net_src comp="66" pin="0"/><net_sink comp="202" pin=0"/></net>

<net id="207"><net_src comp="62" pin="0"/><net_sink comp="202" pin=1"/></net>

<net id="212"><net_src comp="68" pin="0"/><net_sink comp="208" pin=0"/></net>

<net id="213"><net_src comp="60" pin="0"/><net_sink comp="208" pin=1"/></net>

<net id="218"><net_src comp="68" pin="0"/><net_sink comp="214" pin=0"/></net>

<net id="219"><net_src comp="58" pin="0"/><net_sink comp="214" pin=1"/></net>

<net id="224"><net_src comp="68" pin="0"/><net_sink comp="220" pin=0"/></net>

<net id="225"><net_src comp="56" pin="0"/><net_sink comp="220" pin=1"/></net>

<net id="230"><net_src comp="66" pin="0"/><net_sink comp="226" pin=0"/></net>

<net id="231"><net_src comp="54" pin="0"/><net_sink comp="226" pin=1"/></net>

<net id="236"><net_src comp="68" pin="0"/><net_sink comp="232" pin=0"/></net>

<net id="237"><net_src comp="52" pin="0"/><net_sink comp="232" pin=1"/></net>

<net id="242"><net_src comp="68" pin="0"/><net_sink comp="238" pin=0"/></net>

<net id="243"><net_src comp="50" pin="0"/><net_sink comp="238" pin=1"/></net>

<net id="248"><net_src comp="68" pin="0"/><net_sink comp="244" pin=0"/></net>

<net id="249"><net_src comp="48" pin="0"/><net_sink comp="244" pin=1"/></net>

<net id="254"><net_src comp="68" pin="0"/><net_sink comp="250" pin=0"/></net>

<net id="255"><net_src comp="46" pin="0"/><net_sink comp="250" pin=1"/></net>

<net id="260"><net_src comp="68" pin="0"/><net_sink comp="256" pin=0"/></net>

<net id="261"><net_src comp="44" pin="0"/><net_sink comp="256" pin=1"/></net>

<net id="266"><net_src comp="68" pin="0"/><net_sink comp="262" pin=0"/></net>

<net id="267"><net_src comp="42" pin="0"/><net_sink comp="262" pin=1"/></net>

<net id="272"><net_src comp="68" pin="0"/><net_sink comp="268" pin=0"/></net>

<net id="273"><net_src comp="40" pin="0"/><net_sink comp="268" pin=1"/></net>

<net id="278"><net_src comp="66" pin="0"/><net_sink comp="274" pin=0"/></net>

<net id="279"><net_src comp="38" pin="0"/><net_sink comp="274" pin=1"/></net>

<net id="284"><net_src comp="66" pin="0"/><net_sink comp="280" pin=0"/></net>

<net id="285"><net_src comp="36" pin="0"/><net_sink comp="280" pin=1"/></net>

<net id="290"><net_src comp="66" pin="0"/><net_sink comp="286" pin=0"/></net>

<net id="291"><net_src comp="34" pin="0"/><net_sink comp="286" pin=1"/></net>

<net id="296"><net_src comp="66" pin="0"/><net_sink comp="292" pin=0"/></net>

<net id="297"><net_src comp="32" pin="0"/><net_sink comp="292" pin=1"/></net>

<net id="302"><net_src comp="66" pin="0"/><net_sink comp="298" pin=0"/></net>

<net id="303"><net_src comp="30" pin="0"/><net_sink comp="298" pin=1"/></net>

<net id="308"><net_src comp="66" pin="0"/><net_sink comp="304" pin=0"/></net>

<net id="309"><net_src comp="28" pin="0"/><net_sink comp="304" pin=1"/></net>

<net id="314"><net_src comp="70" pin="0"/><net_sink comp="310" pin=0"/></net>

<net id="315"><net_src comp="14" pin="0"/><net_sink comp="310" pin=1"/></net>

<net id="320"><net_src comp="72" pin="0"/><net_sink comp="316" pin=0"/></net>

<net id="321"><net_src comp="2" pin="0"/><net_sink comp="316" pin=1"/></net>

<net id="327"><net_src comp="16" pin="0"/><net_sink comp="322" pin=0"/></net>

<net id="328"><net_src comp="92" pin="0"/><net_sink comp="322" pin=1"/></net>

<net id="334"><net_src comp="18" pin="0"/><net_sink comp="329" pin=0"/></net>

<net id="335"><net_src comp="92" pin="0"/><net_sink comp="329" pin=1"/></net>

<net id="341"><net_src comp="20" pin="0"/><net_sink comp="336" pin=0"/></net>

<net id="342"><net_src comp="92" pin="0"/><net_sink comp="336" pin=1"/></net>

<net id="348"><net_src comp="22" pin="0"/><net_sink comp="343" pin=0"/></net>

<net id="349"><net_src comp="92" pin="0"/><net_sink comp="343" pin=1"/></net>

<net id="355"><net_src comp="24" pin="0"/><net_sink comp="350" pin=0"/></net>

<net id="356"><net_src comp="92" pin="0"/><net_sink comp="350" pin=1"/></net>

<net id="362"><net_src comp="26" pin="0"/><net_sink comp="357" pin=0"/></net>

<net id="363"><net_src comp="92" pin="0"/><net_sink comp="357" pin=1"/></net>

<net id="369"><net_src comp="322" pin="3"/><net_sink comp="364" pin=0"/></net>

<net id="375"><net_src comp="329" pin="3"/><net_sink comp="370" pin=0"/></net>

<net id="381"><net_src comp="336" pin="3"/><net_sink comp="376" pin=0"/></net>

<net id="387"><net_src comp="343" pin="3"/><net_sink comp="382" pin=0"/></net>

<net id="393"><net_src comp="350" pin="3"/><net_sink comp="388" pin=0"/></net>

<net id="399"><net_src comp="357" pin="3"/><net_sink comp="394" pin=0"/></net>

<net id="405"><net_src comp="0" pin="0"/><net_sink comp="400" pin=0"/></net>

<net id="406"><net_src comp="92" pin="0"/><net_sink comp="400" pin=1"/></net>

<net id="412"><net_src comp="4" pin="0"/><net_sink comp="407" pin=0"/></net>

<net id="413"><net_src comp="92" pin="0"/><net_sink comp="407" pin=1"/></net>

<net id="419"><net_src comp="6" pin="0"/><net_sink comp="414" pin=0"/></net>

<net id="420"><net_src comp="92" pin="0"/><net_sink comp="414" pin=1"/></net>

<net id="426"><net_src comp="8" pin="0"/><net_sink comp="421" pin=0"/></net>

<net id="427"><net_src comp="92" pin="0"/><net_sink comp="421" pin=1"/></net>

<net id="433"><net_src comp="10" pin="0"/><net_sink comp="428" pin=0"/></net>

<net id="434"><net_src comp="92" pin="0"/><net_sink comp="428" pin=1"/></net>

<net id="440"><net_src comp="12" pin="0"/><net_sink comp="435" pin=0"/></net>

<net id="441"><net_src comp="92" pin="0"/><net_sink comp="435" pin=1"/></net>

<net id="451"><net_src comp="428" pin="3"/><net_sink comp="442" pin=2"/></net>

<net id="461"><net_src comp="421" pin="3"/><net_sink comp="452" pin=2"/></net>

<net id="471"><net_src comp="414" pin="3"/><net_sink comp="462" pin=2"/></net>

<net id="481"><net_src comp="407" pin="3"/><net_sink comp="472" pin=2"/></net>

<net id="491"><net_src comp="400" pin="3"/><net_sink comp="482" pin=2"/></net>

<net id="501"><net_src comp="435" pin="3"/><net_sink comp="492" pin=2"/></net>

<net id="511"><net_src comp="132" pin="0"/><net_sink comp="502" pin=0"/></net>

<net id="520"><net_src comp="516" pin="2"/><net_sink comp="502" pin=1"/></net>

<net id="525"><net_src comp="521" pin="2"/><net_sink comp="502" pin=2"/></net>

<net id="530"><net_src comp="526" pin="2"/><net_sink comp="502" pin=3"/></net>

<net id="535"><net_src comp="531" pin="2"/><net_sink comp="502" pin=4"/></net>

<net id="540"><net_src comp="536" pin="2"/><net_sink comp="502" pin=5"/></net>

<net id="545"><net_src comp="541" pin="2"/><net_sink comp="502" pin=6"/></net>

<net id="549"><net_src comp="202" pin="2"/><net_sink comp="546" pin=0"/></net>

<net id="553"><net_src comp="208" pin="2"/><net_sink comp="550" pin=0"/></net>

<net id="557"><net_src comp="214" pin="2"/><net_sink comp="554" pin=0"/></net>

<net id="561"><net_src comp="220" pin="2"/><net_sink comp="558" pin=0"/></net>

<net id="565"><net_src comp="226" pin="2"/><net_sink comp="562" pin=0"/></net>

<net id="569"><net_src comp="232" pin="2"/><net_sink comp="566" pin=0"/></net>

<net id="573"><net_src comp="238" pin="2"/><net_sink comp="570" pin=0"/></net>

<net id="577"><net_src comp="244" pin="2"/><net_sink comp="574" pin=0"/></net>

<net id="581"><net_src comp="250" pin="2"/><net_sink comp="578" pin=0"/></net>

<net id="585"><net_src comp="256" pin="2"/><net_sink comp="582" pin=0"/></net>

<net id="589"><net_src comp="262" pin="2"/><net_sink comp="586" pin=0"/></net>

<net id="593"><net_src comp="268" pin="2"/><net_sink comp="590" pin=0"/></net>

<net id="597"><net_src comp="316" pin="2"/><net_sink comp="594" pin=0"/></net>

<net id="602"><net_src comp="86" pin="0"/><net_sink comp="598" pin=0"/></net>

<net id="610"><net_src comp="603" pin="1"/><net_sink comp="606" pin=0"/></net>

<net id="611"><net_src comp="88" pin="0"/><net_sink comp="606" pin=1"/></net>

<net id="616"><net_src comp="603" pin="1"/><net_sink comp="612" pin=0"/></net>

<net id="617"><net_src comp="90" pin="0"/><net_sink comp="612" pin=1"/></net>

<net id="621"><net_src comp="603" pin="1"/><net_sink comp="618" pin=0"/></net>

<net id="626"><net_src comp="310" pin="2"/><net_sink comp="622" pin=0"/></net>

<net id="627"><net_src comp="618" pin="1"/><net_sink comp="622" pin=1"/></net>

<net id="631"><net_src comp="622" pin="2"/><net_sink comp="628" pin=0"/></net>

<net id="632"><net_src comp="628" pin="1"/><net_sink comp="322" pin=2"/></net>

<net id="633"><net_src comp="628" pin="1"/><net_sink comp="329" pin=2"/></net>

<net id="634"><net_src comp="628" pin="1"/><net_sink comp="336" pin=2"/></net>

<net id="635"><net_src comp="628" pin="1"/><net_sink comp="343" pin=2"/></net>

<net id="636"><net_src comp="628" pin="1"/><net_sink comp="350" pin=2"/></net>

<net id="637"><net_src comp="628" pin="1"/><net_sink comp="357" pin=2"/></net>

<net id="646"><net_src comp="603" pin="1"/><net_sink comp="638" pin=0"/></net>

<net id="647"><net_src comp="86" pin="0"/><net_sink comp="638" pin=1"/></net>

<net id="648"><net_src comp="90" pin="0"/><net_sink comp="638" pin=2"/></net>

<net id="649"><net_src comp="94" pin="0"/><net_sink comp="638" pin=3"/></net>

<net id="650"><net_src comp="96" pin="0"/><net_sink comp="638" pin=4"/></net>

<net id="651"><net_src comp="98" pin="0"/><net_sink comp="638" pin=5"/></net>

<net id="656"><net_src comp="612" pin="2"/><net_sink comp="652" pin=0"/></net>

<net id="661"><net_src comp="90" pin="0"/><net_sink comp="657" pin=1"/></net>

<net id="666"><net_src comp="94" pin="0"/><net_sink comp="662" pin=1"/></net>

<net id="671"><net_src comp="657" pin="2"/><net_sink comp="667" pin=0"/></net>

<net id="672"><net_src comp="100" pin="0"/><net_sink comp="667" pin=1"/></net>

<net id="677"><net_src comp="662" pin="2"/><net_sink comp="673" pin=0"/></net>

<net id="678"><net_src comp="667" pin="2"/><net_sink comp="673" pin=1"/></net>

<net id="683"><net_src comp="96" pin="0"/><net_sink comp="679" pin=1"/></net>

<net id="688"><net_src comp="679" pin="2"/><net_sink comp="684" pin=0"/></net>

<net id="689"><net_src comp="667" pin="2"/><net_sink comp="684" pin=1"/></net>

<net id="694"><net_src comp="98" pin="0"/><net_sink comp="690" pin=1"/></net>

<net id="699"><net_src comp="690" pin="2"/><net_sink comp="695" pin=0"/></net>

<net id="700"><net_src comp="667" pin="2"/><net_sink comp="695" pin=1"/></net>

<net id="705"><net_src comp="102" pin="0"/><net_sink comp="701" pin=1"/></net>

<net id="710"><net_src comp="701" pin="2"/><net_sink comp="706" pin=0"/></net>

<net id="711"><net_src comp="667" pin="2"/><net_sink comp="706" pin=1"/></net>

<net id="720"><net_src comp="104" pin="0"/><net_sink comp="712" pin=0"/></net>

<net id="721"><net_src comp="657" pin="2"/><net_sink comp="712" pin=1"/></net>

<net id="722"><net_src comp="673" pin="2"/><net_sink comp="712" pin=2"/></net>

<net id="723"><net_src comp="684" pin="2"/><net_sink comp="712" pin=3"/></net>

<net id="724"><net_src comp="695" pin="2"/><net_sink comp="712" pin=4"/></net>

<net id="725"><net_src comp="706" pin="2"/><net_sink comp="712" pin=5"/></net>

<net id="743"><net_src comp="106" pin="0"/><net_sink comp="726" pin=0"/></net>

<net id="744"><net_src comp="108" pin="0"/><net_sink comp="726" pin=1"/></net>

<net id="745"><net_src comp="110" pin="0"/><net_sink comp="726" pin=3"/></net>

<net id="746"><net_src comp="112" pin="0"/><net_sink comp="726" pin=5"/></net>

<net id="747"><net_src comp="114" pin="0"/><net_sink comp="726" pin=7"/></net>

<net id="748"><net_src comp="116" pin="0"/><net_sink comp="726" pin=9"/></net>

<net id="749"><net_src comp="118" pin="0"/><net_sink comp="726" pin=11"/></net>

<net id="750"><net_src comp="120" pin="0"/><net_sink comp="726" pin=13"/></net>

<net id="751"><net_src comp="712" pin="6"/><net_sink comp="726" pin=14"/></net>

<net id="755"><net_src comp="364" pin="3"/><net_sink comp="752" pin=0"/></net>

<net id="756"><net_src comp="752" pin="1"/><net_sink comp="516" pin=0"/></net>

<net id="760"><net_src comp="370" pin="3"/><net_sink comp="757" pin=0"/></net>

<net id="761"><net_src comp="757" pin="1"/><net_sink comp="521" pin=0"/></net>

<net id="765"><net_src comp="376" pin="3"/><net_sink comp="762" pin=0"/></net>

<net id="766"><net_src comp="762" pin="1"/><net_sink comp="526" pin=0"/></net>

<net id="770"><net_src comp="382" pin="3"/><net_sink comp="767" pin=0"/></net>

<net id="771"><net_src comp="767" pin="1"/><net_sink comp="531" pin=0"/></net>

<net id="775"><net_src comp="388" pin="3"/><net_sink comp="772" pin=0"/></net>

<net id="776"><net_src comp="772" pin="1"/><net_sink comp="536" pin=0"/></net>

<net id="780"><net_src comp="394" pin="3"/><net_sink comp="777" pin=0"/></net>

<net id="781"><net_src comp="777" pin="1"/><net_sink comp="541" pin=0"/></net>

<net id="789"><net_src comp="122" pin="0"/><net_sink comp="782" pin=0"/></net>

<net id="790"><net_src comp="662" pin="2"/><net_sink comp="782" pin=1"/></net>

<net id="791"><net_src comp="679" pin="2"/><net_sink comp="782" pin=2"/></net>

<net id="792"><net_src comp="690" pin="2"/><net_sink comp="782" pin=3"/></net>

<net id="793"><net_src comp="701" pin="2"/><net_sink comp="782" pin=4"/></net>

<net id="799"><net_src comp="166" pin="0"/><net_sink comp="794" pin=0"/></net>

<net id="800"><net_src comp="168" pin="0"/><net_sink comp="794" pin=2"/></net>

<net id="805"><net_src comp="794" pin="3"/><net_sink comp="801" pin=1"/></net>

<net id="809"><net_src comp="512" pin="2"/><net_sink comp="806" pin=0"/></net>

<net id="814"><net_src comp="806" pin="1"/><net_sink comp="810" pin=0"/></net>

<net id="815"><net_src comp="801" pin="2"/><net_sink comp="810" pin=1"/></net>

<net id="819"><net_src comp="512" pin="2"/><net_sink comp="816" pin=0"/></net>

<net id="824"><net_src comp="816" pin="1"/><net_sink comp="820" pin=0"/></net>

<net id="825"><net_src comp="801" pin="2"/><net_sink comp="820" pin=1"/></net>

<net id="829"><net_src comp="512" pin="2"/><net_sink comp="826" pin=0"/></net>

<net id="834"><net_src comp="826" pin="1"/><net_sink comp="830" pin=0"/></net>

<net id="835"><net_src comp="801" pin="2"/><net_sink comp="830" pin=1"/></net>

<net id="839"><net_src comp="512" pin="2"/><net_sink comp="836" pin=0"/></net>

<net id="844"><net_src comp="836" pin="1"/><net_sink comp="840" pin=0"/></net>

<net id="845"><net_src comp="801" pin="2"/><net_sink comp="840" pin=1"/></net>

<net id="861"><net_src comp="178" pin="0"/><net_sink comp="846" pin=0"/></net>

<net id="862"><net_src comp="180" pin="0"/><net_sink comp="846" pin=1"/></net>

<net id="863"><net_src comp="810" pin="2"/><net_sink comp="846" pin=2"/></net>

<net id="864"><net_src comp="182" pin="0"/><net_sink comp="846" pin=3"/></net>

<net id="865"><net_src comp="820" pin="2"/><net_sink comp="846" pin=4"/></net>

<net id="866"><net_src comp="184" pin="0"/><net_sink comp="846" pin=5"/></net>

<net id="867"><net_src comp="830" pin="2"/><net_sink comp="846" pin=6"/></net>

<net id="868"><net_src comp="186" pin="0"/><net_sink comp="846" pin=7"/></net>

<net id="869"><net_src comp="840" pin="2"/><net_sink comp="846" pin=8"/></net>

<net id="870"><net_src comp="188" pin="0"/><net_sink comp="846" pin=9"/></net>

<net id="871"><net_src comp="801" pin="2"/><net_sink comp="846" pin=10"/></net>

<net id="872"><net_src comp="190" pin="0"/><net_sink comp="846" pin=11"/></net>

<net id="879"><net_src comp="192" pin="0"/><net_sink comp="873" pin=0"/></net>

<net id="880"><net_src comp="846" pin="13"/><net_sink comp="873" pin=1"/></net>

<net id="881"><net_src comp="194" pin="0"/><net_sink comp="873" pin=2"/></net>

<net id="882"><net_src comp="196" pin="0"/><net_sink comp="873" pin=3"/></net>

<net id="886"><net_src comp="873" pin="4"/><net_sink comp="883" pin=0"/></net>

<net id="887"><net_src comp="883" pin="1"/><net_sink comp="442" pin=4"/></net>

<net id="888"><net_src comp="883" pin="1"/><net_sink comp="452" pin=4"/></net>

<net id="889"><net_src comp="883" pin="1"/><net_sink comp="462" pin=4"/></net>

<net id="890"><net_src comp="883" pin="1"/><net_sink comp="472" pin=4"/></net>

<net id="891"><net_src comp="883" pin="1"/><net_sink comp="482" pin=4"/></net>

<net id="892"><net_src comp="883" pin="1"/><net_sink comp="492" pin=4"/></net>

<net id="896"><net_src comp="198" pin="1"/><net_sink comp="893" pin=0"/></net>

<net id="897"><net_src comp="893" pin="1"/><net_sink comp="598" pin=1"/></net>

<net id="898"><net_src comp="893" pin="1"/><net_sink comp="603" pin=0"/></net>

<net id="899"><net_src comp="893" pin="1"/><net_sink comp="652" pin=1"/></net>

<net id="903"><net_src comp="274" pin="2"/><net_sink comp="900" pin=0"/></net>

<net id="904"><net_src comp="900" pin="1"/><net_sink comp="726" pin=12"/></net>

<net id="908"><net_src comp="280" pin="2"/><net_sink comp="905" pin=0"/></net>

<net id="909"><net_src comp="905" pin="1"/><net_sink comp="726" pin=10"/></net>

<net id="913"><net_src comp="286" pin="2"/><net_sink comp="910" pin=0"/></net>

<net id="914"><net_src comp="910" pin="1"/><net_sink comp="726" pin=8"/></net>

<net id="918"><net_src comp="292" pin="2"/><net_sink comp="915" pin=0"/></net>

<net id="919"><net_src comp="915" pin="1"/><net_sink comp="726" pin=6"/></net>

<net id="923"><net_src comp="298" pin="2"/><net_sink comp="920" pin=0"/></net>

<net id="924"><net_src comp="920" pin="1"/><net_sink comp="726" pin=4"/></net>

<net id="928"><net_src comp="304" pin="2"/><net_sink comp="925" pin=0"/></net>

<net id="929"><net_src comp="925" pin="1"/><net_sink comp="726" pin=2"/></net>

<net id="933"><net_src comp="546" pin="1"/><net_sink comp="930" pin=0"/></net>

<net id="934"><net_src comp="930" pin="1"/><net_sink comp="512" pin=1"/></net>

<net id="938"><net_src comp="550" pin="1"/><net_sink comp="935" pin=0"/></net>

<net id="939"><net_src comp="935" pin="1"/><net_sink comp="512" pin=0"/></net>

<net id="943"><net_src comp="554" pin="1"/><net_sink comp="940" pin=0"/></net>

<net id="944"><net_src comp="940" pin="1"/><net_sink comp="512" pin=0"/></net>

<net id="948"><net_src comp="558" pin="1"/><net_sink comp="945" pin=0"/></net>

<net id="949"><net_src comp="945" pin="1"/><net_sink comp="512" pin=0"/></net>

<net id="953"><net_src comp="562" pin="1"/><net_sink comp="950" pin=0"/></net>

<net id="954"><net_src comp="950" pin="1"/><net_sink comp="512" pin=1"/></net>

<net id="958"><net_src comp="566" pin="1"/><net_sink comp="955" pin=0"/></net>

<net id="959"><net_src comp="955" pin="1"/><net_sink comp="512" pin=0"/></net>

<net id="963"><net_src comp="570" pin="1"/><net_sink comp="960" pin=0"/></net>

<net id="964"><net_src comp="960" pin="1"/><net_sink comp="541" pin=1"/></net>

<net id="968"><net_src comp="574" pin="1"/><net_sink comp="965" pin=0"/></net>

<net id="969"><net_src comp="965" pin="1"/><net_sink comp="536" pin=1"/></net>

<net id="973"><net_src comp="578" pin="1"/><net_sink comp="970" pin=0"/></net>

<net id="974"><net_src comp="970" pin="1"/><net_sink comp="531" pin=1"/></net>

<net id="978"><net_src comp="582" pin="1"/><net_sink comp="975" pin=0"/></net>

<net id="979"><net_src comp="975" pin="1"/><net_sink comp="526" pin=1"/></net>

<net id="983"><net_src comp="586" pin="1"/><net_sink comp="980" pin=0"/></net>

<net id="984"><net_src comp="980" pin="1"/><net_sink comp="521" pin=1"/></net>

<net id="988"><net_src comp="590" pin="1"/><net_sink comp="985" pin=0"/></net>

<net id="989"><net_src comp="985" pin="1"/><net_sink comp="516" pin=1"/></net>

<net id="993"><net_src comp="594" pin="1"/><net_sink comp="990" pin=0"/></net>

<net id="994"><net_src comp="990" pin="1"/><net_sink comp="400" pin=2"/></net>

<net id="995"><net_src comp="990" pin="1"/><net_sink comp="407" pin=2"/></net>

<net id="996"><net_src comp="990" pin="1"/><net_sink comp="414" pin=2"/></net>

<net id="997"><net_src comp="990" pin="1"/><net_sink comp="421" pin=2"/></net>

<net id="998"><net_src comp="990" pin="1"/><net_sink comp="428" pin=2"/></net>

<net id="999"><net_src comp="990" pin="1"/><net_sink comp="435" pin=2"/></net>

<net id="1003"><net_src comp="603" pin="1"/><net_sink comp="1000" pin=0"/></net>

<net id="1004"><net_src comp="1000" pin="1"/><net_sink comp="657" pin=0"/></net>

<net id="1005"><net_src comp="1000" pin="1"/><net_sink comp="662" pin=0"/></net>

<net id="1006"><net_src comp="1000" pin="1"/><net_sink comp="679" pin=0"/></net>

<net id="1007"><net_src comp="1000" pin="1"/><net_sink comp="690" pin=0"/></net>

<net id="1008"><net_src comp="1000" pin="1"/><net_sink comp="701" pin=0"/></net>

<net id="1012"><net_src comp="606" pin="2"/><net_sink comp="1009" pin=0"/></net>

<net id="1016"><net_src comp="322" pin="3"/><net_sink comp="1013" pin=0"/></net>

<net id="1017"><net_src comp="1013" pin="1"/><net_sink comp="364" pin=0"/></net>

<net id="1021"><net_src comp="329" pin="3"/><net_sink comp="1018" pin=0"/></net>

<net id="1022"><net_src comp="1018" pin="1"/><net_sink comp="370" pin=0"/></net>

<net id="1026"><net_src comp="336" pin="3"/><net_sink comp="1023" pin=0"/></net>

<net id="1027"><net_src comp="1023" pin="1"/><net_sink comp="376" pin=0"/></net>

<net id="1031"><net_src comp="343" pin="3"/><net_sink comp="1028" pin=0"/></net>

<net id="1032"><net_src comp="1028" pin="1"/><net_sink comp="382" pin=0"/></net>

<net id="1036"><net_src comp="350" pin="3"/><net_sink comp="1033" pin=0"/></net>

<net id="1037"><net_src comp="1033" pin="1"/><net_sink comp="388" pin=0"/></net>

<net id="1041"><net_src comp="357" pin="3"/><net_sink comp="1038" pin=0"/></net>

<net id="1042"><net_src comp="1038" pin="1"/><net_sink comp="394" pin=0"/></net>

<net id="1046"><net_src comp="726" pin="15"/><net_sink comp="1043" pin=0"/></net>

<net id="1047"><net_src comp="1043" pin="1"/><net_sink comp="794" pin=1"/></net>

<net id="1051"><net_src comp="752" pin="1"/><net_sink comp="1048" pin=0"/></net>

<net id="1052"><net_src comp="1048" pin="1"/><net_sink comp="516" pin=0"/></net>

<net id="1056"><net_src comp="757" pin="1"/><net_sink comp="1053" pin=0"/></net>

<net id="1057"><net_src comp="1053" pin="1"/><net_sink comp="521" pin=0"/></net>

<net id="1061"><net_src comp="762" pin="1"/><net_sink comp="1058" pin=0"/></net>

<net id="1062"><net_src comp="1058" pin="1"/><net_sink comp="526" pin=0"/></net>

<net id="1066"><net_src comp="767" pin="1"/><net_sink comp="1063" pin=0"/></net>

<net id="1067"><net_src comp="1063" pin="1"/><net_sink comp="531" pin=0"/></net>

<net id="1071"><net_src comp="772" pin="1"/><net_sink comp="1068" pin=0"/></net>

<net id="1072"><net_src comp="1068" pin="1"/><net_sink comp="536" pin=0"/></net>

<net id="1076"><net_src comp="777" pin="1"/><net_sink comp="1073" pin=0"/></net>

<net id="1077"><net_src comp="1073" pin="1"/><net_sink comp="541" pin=0"/></net>

<net id="1081"><net_src comp="782" pin="5"/><net_sink comp="1078" pin=0"/></net>

<net id="1082"><net_src comp="1078" pin="1"/><net_sink comp="846" pin=12"/></net>

<net id="1086"><net_src comp="502" pin="7"/><net_sink comp="1083" pin=0"/></net>

<net id="1087"><net_src comp="1083" pin="1"/><net_sink comp="801" pin=0"/></net>

</net_list>

</model> 
---------------- Datapath Model END ------------------

* FSMD analyzer results:
  - Output states:
	Port: x_out_0 | {5 }
	Port: x_out_1 | {5 }
	Port: x_out_2 | {5 }
	Port: x_out_3 | {5 }
	Port: x_out_4 | {5 }
	Port: x_out_5 | {5 }
 - Input state : 
	Port: riccati_forward_pass_Pipeline_VITIS_LOOP_399_4 : zext_ln428 | {1 }
	Port: riccati_forward_pass_Pipeline_VITIS_LOOP_399_4 : mul_ln409_1 | {1 }
	Port: riccati_forward_pass_Pipeline_VITIS_LOOP_399_4 : step_data_0_0 | {1 2 }
	Port: riccati_forward_pass_Pipeline_VITIS_LOOP_399_4 : step_data_0_1 | {1 2 }
	Port: riccati_forward_pass_Pipeline_VITIS_LOOP_399_4 : step_data_0_2 | {1 2 }
	Port: riccati_forward_pass_Pipeline_VITIS_LOOP_399_4 : step_data_0_3 | {1 2 }
	Port: riccati_forward_pass_Pipeline_VITIS_LOOP_399_4 : step_data_0_4 | {1 2 }
	Port: riccati_forward_pass_Pipeline_VITIS_LOOP_399_4 : step_data_0_5 | {1 2 }
	Port: riccati_forward_pass_Pipeline_VITIS_LOOP_399_4 : empty_564 | {1 }
	Port: riccati_forward_pass_Pipeline_VITIS_LOOP_399_4 : empty_565 | {1 }
	Port: riccati_forward_pass_Pipeline_VITIS_LOOP_399_4 : empty_566 | {1 }
	Port: riccati_forward_pass_Pipeline_VITIS_LOOP_399_4 : empty_567 | {1 }
	Port: riccati_forward_pass_Pipeline_VITIS_LOOP_399_4 : empty_568 | {1 }
	Port: riccati_forward_pass_Pipeline_VITIS_LOOP_399_4 : empty | {1 }
	Port: riccati_forward_pass_Pipeline_VITIS_LOOP_399_4 : sext_ln156 | {1 }
	Port: riccati_forward_pass_Pipeline_VITIS_LOOP_399_4 : sext_ln156_1 | {1 }
	Port: riccati_forward_pass_Pipeline_VITIS_LOOP_399_4 : sext_ln156_2 | {1 }
	Port: riccati_forward_pass_Pipeline_VITIS_LOOP_399_4 : sext_ln156_3 | {1 }
	Port: riccati_forward_pass_Pipeline_VITIS_LOOP_399_4 : sext_ln156_4 | {1 }
	Port: riccati_forward_pass_Pipeline_VITIS_LOOP_399_4 : sext_ln422 | {1 }
	Port: riccati_forward_pass_Pipeline_VITIS_LOOP_399_4 : sext_ln156_11 | {1 }
	Port: riccati_forward_pass_Pipeline_VITIS_LOOP_399_4 : sext_ln425 | {1 }
	Port: riccati_forward_pass_Pipeline_VITIS_LOOP_399_4 : sext_ln156_12 | {1 }
	Port: riccati_forward_pass_Pipeline_VITIS_LOOP_399_4 : sext_ln156_13 | {1 }
	Port: riccati_forward_pass_Pipeline_VITIS_LOOP_399_4 : sext_ln156_14 | {1 }
	Port: riccati_forward_pass_Pipeline_VITIS_LOOP_399_4 : sext_ln436 | {1 }
  - Chain level:
	State 1
		store_ln340 : 1
		i_1 : 1
		icmp_ln399 : 2
		add_ln399 : 2
		br_ln399 : 3
		zext_ln409 : 2
		add_ln409 : 3
		zext_ln409_1 : 4
		step_data_0_0_addr : 5
		step_data_0_1_addr : 5
		step_data_0_2_addr : 5
		step_data_0_3_addr : 5
		step_data_0_4_addr : 5
		step_data_0_5_addr : 5
		a : 6
		a_1 : 6
		a_2 : 6
		a_3 : 6
		a_4 : 6
		a_5 : 6
		switch_ln436 : 2
		store_ln340 : 3
	State 2
		xor_ln402 : 1
		and_ln403 : 1
		and_ln403_1 : 1
		and_ln403_2 : 1
		and_ln403_3 : 1
		sel_tmp : 1
		d_i : 2
		sext_ln156_5 : 1
		mul_ln409 : 2
		sext_ln156_6 : 1
		mul_ln410 : 2
		sext_ln156_7 : 1
		mul_ln411 : 2
		sext_ln156_8 : 1
		mul_ln412 : 2
		sext_ln156_9 : 1
		mul_ln413 : 2
		sext_ln156_10 : 1
		mul_ln414 : 2
		sel_tmp1 : 1
	State 3
	State 4
		specfucore_ln157 : 1
		specfucore_ln157 : 1
		specfucore_ln157 : 1
		specfucore_ln157 : 1
		specfucore_ln157 : 1
		specfucore_ln157 : 1
		ax_sum : 1
	State 5
		rend42 : 1
		rend40 : 1
		rend38 : 1
		rend36 : 1
		rend34 : 1
		rend32 : 1
		sum : 1
		specfucore_ln157 : 1
		rend44 : 1
		trunc_ln421 : 1
		sum_1 : 2
		specfucore_ln157 : 1
		rend46 : 1
		trunc_ln424 : 1
		sum_2 : 2
		specfucore_ln157 : 1
		rend48 : 1
		trunc_ln427 : 1
		sum_3 : 2
		specfucore_ln157 : 1
		rend50 : 1
		trunc_ln430 : 1
		sum_4 : 2
		sum_6 : 3
		result : 4
		sext_ln182 : 5
		store_ln436 : 6
		store_ln436 : 6
		store_ln436 : 6
		store_ln436 : 6
		store_ln436 : 6
		store_ln436 : 6


============================================================
+ Verbose Summary: Datapath Resource usage 
============================================================

* Functional unit list:
|----------|--------------------------------|---------|---------|---------|
| Operation|         Functional Unit        |   DSP   |    FF   |   LUT   |
|----------|--------------------------------|---------|---------|---------|
|          |           grp_fu_512           |    2    |    21   |    29   |
|          |           grp_fu_516           |    2    |    21   |    29   |
|          |           grp_fu_521           |    2    |    21   |    29   |
|    mul   |           grp_fu_526           |    2    |    21   |    29   |
|          |           grp_fu_531           |    2    |    21   |    29   |
|          |           grp_fu_536           |    2    |    21   |    29   |
|          |           grp_fu_541           |    2    |    21   |    29   |
|----------|--------------------------------|---------|---------|---------|
|          |        add_ln399_fu_612        |    0    |    0    |    10   |
|          |        add_ln409_fu_622        |    0    |    0    |    14   |
|          |           sum_fu_801           |    0    |    0    |    46   |
|    add   |          sum_1_fu_810          |    0    |    0    |    46   |
|          |          sum_2_fu_820          |    0    |    0    |    46   |
|          |          sum_3_fu_830          |    0    |    0    |    46   |
|          |          sum_4_fu_840          |    0    |    0    |    46   |
|----------|--------------------------------|---------|---------|---------|
|   call   |    ax_sum_sum6_QP_raw_fu_502   |    0    |    0    |   202   |
|----------|--------------------------------|---------|---------|---------|
|          |        icmp_ln399_fu_606       |    0    |    0    |    10   |
|          |        icmp_ln402_fu_657       |    0    |    0    |    10   |
|   icmp   |        icmp_ln403_fu_662       |    0    |    0    |    10   |
|          |       icmp_ln403_1_fu_679      |    0    |    0    |    10   |
|          |       icmp_ln403_2_fu_690      |    0    |    0    |    10   |
|          |       icmp_ln403_3_fu_701      |    0    |    0    |    10   |
|----------|--------------------------------|---------|---------|---------|
| sparsemux|           d_i_fu_726           |    0    |    0    |    26   |
|          |          sum_6_fu_846          |    0    |    0    |    20   |
|----------|--------------------------------|---------|---------|---------|
|          |        and_ln403_fu_673        |    0    |    0    |    2    |
|    and   |       and_ln403_1_fu_684       |    0    |    0    |    2    |
|          |       and_ln403_2_fu_695       |    0    |    0    |    2    |
|          |       and_ln403_3_fu_706       |    0    |    0    |    2    |
|----------|--------------------------------|---------|---------|---------|
|    xor   |        xor_ln402_fu_667        |    0    |    0    |    2    |
|----------|--------------------------------|---------|---------|---------|
|          |   sext_ln436_read_read_fu_202  |    0    |    0    |    0    |
|          | sext_ln156_14_read_read_fu_208 |    0    |    0    |    0    |
|          | sext_ln156_13_read_read_fu_214 |    0    |    0    |    0    |
|          | sext_ln156_12_read_read_fu_220 |    0    |    0    |    0    |
|          |   sext_ln425_read_read_fu_226  |    0    |    0    |    0    |
|          | sext_ln156_11_read_read_fu_232 |    0    |    0    |    0    |
|          |   sext_ln422_read_read_fu_238  |    0    |    0    |    0    |
|          |  sext_ln156_4_read_read_fu_244 |    0    |    0    |    0    |
|          |  sext_ln156_3_read_read_fu_250 |    0    |    0    |    0    |
|   read   |  sext_ln156_2_read_read_fu_256 |    0    |    0    |    0    |
|          |  sext_ln156_1_read_read_fu_262 |    0    |    0    |    0    |
|          |   sext_ln156_read_read_fu_268  |    0    |    0    |    0    |
|          |         tmp_read_fu_274        |    0    |    0    |    0    |
|          |        tmp_1_read_fu_280       |    0    |    0    |    0    |
|          |        tmp_2_read_fu_286       |    0    |    0    |    0    |
|          |        tmp_3_read_fu_292       |    0    |    0    |    0    |
|          |        tmp_4_read_fu_298       |    0    |    0    |    0    |
|          |        tmp_5_read_fu_304       |    0    |    0    |    0    |
|          |  mul_ln409_1_read_read_fu_310  |    0    |    0    |    0    |
|          |   zext_ln428_read_read_fu_316  |    0    |    0    |    0    |
|----------|--------------------------------|---------|---------|---------|
|          |     sext_ln436_cast_fu_546     |    0    |    0    |    0    |
|          |    sext_ln156_14_cast_fu_550   |    0    |    0    |    0    |
|          |    sext_ln156_13_cast_fu_554   |    0    |    0    |    0    |
|          |    sext_ln156_12_cast_fu_558   |    0    |    0    |    0    |
|          |     sext_ln425_cast_fu_562     |    0    |    0    |    0    |
|          |    sext_ln156_11_cast_fu_566   |    0    |    0    |    0    |
|          |     sext_ln422_cast_fu_570     |    0    |    0    |    0    |
|          |    sext_ln156_4_cast_fu_574    |    0    |    0    |    0    |
|          |    sext_ln156_3_cast_fu_578    |    0    |    0    |    0    |
|   sext   |    sext_ln156_2_cast_fu_582    |    0    |    0    |    0    |
|          |    sext_ln156_1_cast_fu_586    |    0    |    0    |    0    |
|          |     sext_ln156_cast_fu_590     |    0    |    0    |    0    |
|          |       sext_ln156_5_fu_752      |    0    |    0    |    0    |
|          |       sext_ln156_6_fu_757      |    0    |    0    |    0    |
|          |       sext_ln156_7_fu_762      |    0    |    0    |    0    |
|          |       sext_ln156_8_fu_767      |    0    |    0    |    0    |
|          |       sext_ln156_9_fu_772      |    0    |    0    |    0    |
|          |      sext_ln156_10_fu_777      |    0    |    0    |    0    |
|          |        sext_ln182_fu_883       |    0    |    0    |    0    |
|----------|--------------------------------|---------|---------|---------|
|          |     zext_ln428_cast_fu_594     |    0    |    0    |    0    |
|   zext   |        zext_ln409_fu_618       |    0    |    0    |    0    |
|          |       zext_ln409_1_fu_628      |    0    |    0    |    0    |
|----------|--------------------------------|---------|---------|---------|
|  switch  |       switch_ln436_fu_638      |    0    |    0    |    0    |
|----------|--------------------------------|---------|---------|---------|
|          |         sel_tmp_fu_712         |    0    |    0    |    0    |
|bitconcatenate|         sel_tmp1_fu_782        |    0    |    0    |    0    |
|          |          shl_ln_fu_794         |    0    |    0    |    0    |
|----------|--------------------------------|---------|---------|---------|
|          |       trunc_ln421_fu_806       |    0    |    0    |    0    |
|   trunc  |       trunc_ln424_fu_816       |    0    |    0    |    0    |
|          |       trunc_ln427_fu_826       |    0    |    0    |    0    |
|          |       trunc_ln430_fu_836       |    0    |    0    |    0    |
|----------|--------------------------------|---------|---------|---------|
|partselect|          result_fu_873         |    0    |    0    |    0    |
|----------|--------------------------------|---------|---------|---------|
|   Total  |                                |    14   |   147   |   775   |
|----------|--------------------------------|---------|---------|---------|

Memories:
N/A

* Register list:
+---------------------------+--------+
|                           |   FF   |
+---------------------------+--------+
|      ax_sum_reg_1083      |   39   |
|        d_i_reg_1043       |   25   |
|        i_1_reg_1000       |    3   |
|         i_reg_893         |    3   |
|    icmp_ln399_reg_1009    |    1   |
|     sel_tmp1_reg_1078     |    4   |
|   sext_ln156_10_reg_1073  |   39   |
| sext_ln156_11_cast_reg_955|   51   |
| sext_ln156_12_cast_reg_945|   51   |
| sext_ln156_13_cast_reg_940|   51   |
| sext_ln156_14_cast_reg_935|   51   |
| sext_ln156_1_cast_reg_980 |   39   |
| sext_ln156_2_cast_reg_975 |   39   |
| sext_ln156_3_cast_reg_970 |   39   |
| sext_ln156_4_cast_reg_965 |   39   |
|   sext_ln156_5_reg_1048   |   39   |
|   sext_ln156_6_reg_1053   |   39   |
|   sext_ln156_7_reg_1058   |   39   |
|   sext_ln156_8_reg_1063   |   39   |
|   sext_ln156_9_reg_1068   |   39   |
|  sext_ln156_cast_reg_985  |   39   |
|  sext_ln422_cast_reg_960  |   39   |
|  sext_ln425_cast_reg_950  |   51   |
|  sext_ln436_cast_reg_930  |   51   |
|step_data_0_0_addr_reg_1013|    7   |
|step_data_0_1_addr_reg_1018|    7   |
|step_data_0_2_addr_reg_1023|    7   |
|step_data_0_3_addr_reg_1028|    7   |
|step_data_0_4_addr_reg_1033|    7   |
|step_data_0_5_addr_reg_1038|    7   |
|       tmp_1_reg_905       |   25   |
|       tmp_2_reg_910       |   25   |
|       tmp_3_reg_915       |   25   |
|       tmp_4_reg_920       |   25   |
|       tmp_5_reg_925       |   25   |
|        tmp_reg_900        |   25   |
|  zext_ln428_cast_reg_990  |   64   |
+---------------------------+--------+
|           Total           |  1105  |
+---------------------------+--------+

* Multiplexer (MUX) list: 
|-------------------|------|------|------|--------||---------||---------||---------|
|        Comp       |  Pin | Size |  BW  | S x BW ||  Delay  ||    FF   ||   LUT   |
|-------------------|------|------|------|--------||---------||---------||---------|
| grp_access_fu_364 |  p0  |   2  |   7  |   14   ||    0    ||    9    |
| grp_access_fu_370 |  p0  |   2  |   7  |   14   ||    0    ||    9    |
| grp_access_fu_376 |  p0  |   2  |   7  |   14   ||    0    ||    9    |
| grp_access_fu_382 |  p0  |   2  |   7  |   14   ||    0    ||    9    |
| grp_access_fu_388 |  p0  |   2  |   7  |   14   ||    0    ||    9    |
| grp_access_fu_394 |  p0  |   2  |   7  |   14   ||    0    ||    9    |
|     grp_fu_512    |  p0  |   4  |  26  |   104  ||    0    ||    20   |
|     grp_fu_512    |  p1  |   2  |  25  |   50   ||    0    ||    9    |
|     grp_fu_516    |  p0  |   2  |  26  |   52   ||    0    ||    9    |
|     grp_fu_521    |  p0  |   2  |  26  |   52   ||    0    ||    9    |
|     grp_fu_526    |  p0  |   2  |  26  |   52   ||    0    ||    9    |
|     grp_fu_531    |  p0  |   2  |  26  |   52   ||    0    ||    9    |
|     grp_fu_536    |  p0  |   2  |  26  |   52   ||    0    ||    9    |
|     grp_fu_541    |  p0  |   2  |  26  |   52   ||    0    ||    9    |
|-------------------|------|------|------|--------||---------||---------||---------|
|       Total       |      |      |      |   550  ||  6.076  ||    0    ||   137   |
|-------------------|------|------|------|--------||---------||---------||---------|



* Summary:
+-----------+--------+--------+--------+--------+
|           |   DSP  |  Delay |   FF   |   LUT  |
+-----------+--------+--------+--------+--------+
|  Function |   14   |    -   |   147  |   775  |
|   Memory  |    -   |    -   |    -   |    -   |
|Multiplexer|    -   |    6   |    0   |   137  |
|  Register |    -   |    -   |  1105  |    -   |
+-----------+--------+--------+--------+--------+
|   Total   |   14   |    6   |  1252  |   912  |
+-----------+--------+--------+--------+--------+
