

================================================================
== Vitis HLS Report for 'riccati_forward_pass'
================================================================
* Date:           Thu Jun 11 17:48:32 2026

* Version:        2025.2 (Build 6295257 on Nov 14 2025)
* Project:        mpc_fpga_top_opencl
* Solution:       hls (Vitis Kernel Flow Target)
* Product family: zynquplus
* Target device:  xck26-sfvc784-2LV-c


================================================================
== Performance Estimates
================================================================
+ Timing: 
    * Summary: 
    +--------+---------+----------+------------+
    |  Clock |  Target | Estimated| Uncertainty|
    +--------+---------+----------+------------+
    |ap_clk  |  5.00 ns|  4.175 ns|     0.50 ns|
    +--------+---------+----------+------------+

+ Latency: 
    * Summary: 
    +---------+---------+----------+----------+-----+-----+---------+
    |  Latency (cycles) |  Latency (absolute) |  Interval | Pipeline|
    |   min   |   max   |    min   |    max   | min | max |   Type  |
    +---------+---------+----------+----------+-----+-----+---------+
    |      341|      341|  1.705 us|  1.705 us|  341|  341|       no|
    +---------+---------+----------+----------+-----+-----+---------+

    + Detail: 
        * Instance: 
        N/A

        * Loop: 
        +--------------------+---------+---------+----------+-----------+-----------+------+----------+
        |                    |  Latency (cycles) | Iteration|  Initiation Interval  | Trip |          |
        |      Loop Name     |   min   |   max   |  Latency |  achieved |   target  | Count| Pipelined|
        +--------------------+---------+---------+----------+-----------+-----------+------+----------+
        |- VITIS_LOOP_349_2  |      340|      340|        17|          -|          -|    20|        no|
        +--------------------+---------+---------+----------+-----------+-----------+------+----------+

============================================================
+ Verbose Summary: Synthesis Manager
============================================================
InlineROM: 1
ExposeGlobal: 0
============================================================
+ Verbose Summary: CDFG Model
============================================================
IsTopModel: 0
ResetActiveHigh: 1
IsCombinational: 0
IsDatapathOnly: 0
HasWiredReturn: 1
HasMFsm: 0
HasVarLatency: 1
IsPipeline: 0
IsRtlPipelined: 0
IsInstanceOverlapped: 0
IsDontTouch: 0
HasImplIP: 0
IsGatedGlobalClock: 0


============================================================
+ Verbose Summary: Schedule
============================================================
* Number of FSM states : 7
* Pipeline : 0
* Dataflow Pipeline: 0

* FSM state transitions: 
1 --> 2 
2 --> 3 
3 --> 4 
4 --> 5 
5 --> 6 
6 --> 7 
7 --> 2 

* FSM state operations: 

State 1 <SV = 0> <Delay = 0.67>
ST_1 : Operation 8 [1/1] (0.00ns)   --->   "%k = alloca i32 1" [../src/riccati_solver_hls.cpp:340]   --->   Operation 8 'alloca' 'k' <Predicate = true> <Delay = 0.00>
ST_1 : Operation 9 [1/1] (0.00ns)   --->   "%p_read_14 = read i26 @_ssdm_op_Read.ap_auto.i26, i26 %p_read7"   --->   Operation 9 'read' 'p_read_14' <Predicate = true> <Delay = 0.00>
ST_1 : Operation 10 [1/1] (0.00ns)   --->   "%p_read_15 = read i26 @_ssdm_op_Read.ap_auto.i26, i26 %p_read6"   --->   Operation 10 'read' 'p_read_15' <Predicate = true> <Delay = 0.00>
ST_1 : Operation 11 [1/1] (0.00ns)   --->   "%p_read_16 = read i26 @_ssdm_op_Read.ap_auto.i26, i26 %p_read5"   --->   Operation 11 'read' 'p_read_16' <Predicate = true> <Delay = 0.00>
ST_1 : Operation 12 [1/1] (0.00ns)   --->   "%p_read_17 = read i26 @_ssdm_op_Read.ap_auto.i26, i26 %p_read4"   --->   Operation 12 'read' 'p_read_17' <Predicate = true> <Delay = 0.00>
ST_1 : Operation 13 [1/1] (0.00ns)   --->   "%p_read_18 = read i26 @_ssdm_op_Read.ap_auto.i26, i26 %p_read3"   --->   Operation 13 'read' 'p_read_18' <Predicate = true> <Delay = 0.00>
ST_1 : Operation 14 [1/1] (0.00ns)   --->   "%p_read_19 = read i26 @_ssdm_op_Read.ap_auto.i26, i26 %p_read2"   --->   Operation 14 'read' 'p_read_19' <Predicate = true> <Delay = 0.00>
ST_1 : Operation 15 [1/1] (0.00ns)   --->   "%p_read_20 = read i26 @_ssdm_op_Read.ap_auto.i26, i26 %p_read1"   --->   Operation 15 'read' 'p_read_20' <Predicate = true> <Delay = 0.00>
ST_1 : Operation 16 [1/1] (0.00ns)   --->   "%p_read_21 = read i26 @_ssdm_op_Read.ap_auto.i26, i26 %p_read"   --->   Operation 16 'read' 'p_read_21' <Predicate = true> <Delay = 0.00>
ST_1 : Operation 17 [1/1] (0.00ns)   --->   "%specmemcore_ln0 = specmemcore void @_ssdm_op_SpecMemCore, i26 %step_data_0_5, i64 666, i64 22, i64 1, i1 0"   --->   Operation 17 'specmemcore' 'specmemcore_ln0' <Predicate = true> <Delay = 0.00>
ST_1 : Operation 18 [1/1] (0.00ns)   --->   "%specmemcore_ln0 = specmemcore void @_ssdm_op_SpecMemCore, i26 %step_data_0_4, i64 666, i64 22, i64 1, i1 0"   --->   Operation 18 'specmemcore' 'specmemcore_ln0' <Predicate = true> <Delay = 0.00>
ST_1 : Operation 19 [1/1] (0.00ns)   --->   "%specmemcore_ln0 = specmemcore void @_ssdm_op_SpecMemCore, i26 %step_data_0_3, i64 666, i64 22, i64 1, i1 0"   --->   Operation 19 'specmemcore' 'specmemcore_ln0' <Predicate = true> <Delay = 0.00>
ST_1 : Operation 20 [1/1] (0.00ns)   --->   "%specmemcore_ln0 = specmemcore void @_ssdm_op_SpecMemCore, i26 %step_data_0_2, i64 666, i64 22, i64 1, i1 0"   --->   Operation 20 'specmemcore' 'specmemcore_ln0' <Predicate = true> <Delay = 0.00>
ST_1 : Operation 21 [1/1] (0.00ns)   --->   "%specmemcore_ln0 = specmemcore void @_ssdm_op_SpecMemCore, i26 %step_data_0_1, i64 666, i64 22, i64 1, i1 0"   --->   Operation 21 'specmemcore' 'specmemcore_ln0' <Predicate = true> <Delay = 0.00>
ST_1 : Operation 22 [1/1] (0.00ns)   --->   "%specmemcore_ln0 = specmemcore void @_ssdm_op_SpecMemCore, i26 %step_data_0_0, i64 666, i64 22, i64 1, i1 0"   --->   Operation 22 'specmemcore' 'specmemcore_ln0' <Predicate = true> <Delay = 0.00>
ST_1 : Operation 23 [1/1] (0.00ns)   --->   "%specmemcore_ln0 = specmemcore void @_ssdm_op_SpecMemCore, i26 %step_data_1, i64 666, i64 22, i64 1, i1 0"   --->   Operation 23 'specmemcore' 'specmemcore_ln0' <Predicate = true> <Delay = 0.00>
ST_1 : Operation 24 [1/1] (0.00ns)   --->   "%specmemcore_ln0 = specmemcore void @_ssdm_op_SpecMemCore, i26 %x_out_7, i64 666, i64 23, i64 1, i1 0"   --->   Operation 24 'specmemcore' 'specmemcore_ln0' <Predicate = true> <Delay = 0.00>
ST_1 : Operation 25 [1/1] (0.00ns)   --->   "%specmemcore_ln0 = specmemcore void @_ssdm_op_SpecMemCore, i26 %x_out_6, i64 666, i64 23, i64 1, i1 0"   --->   Operation 25 'specmemcore' 'specmemcore_ln0' <Predicate = true> <Delay = 0.00>
ST_1 : Operation 26 [1/1] (0.00ns)   --->   "%specmemcore_ln0 = specmemcore void @_ssdm_op_SpecMemCore, i26 %x_out_5, i64 666, i64 23, i64 1, i1 0"   --->   Operation 26 'specmemcore' 'specmemcore_ln0' <Predicate = true> <Delay = 0.00>
ST_1 : Operation 27 [1/1] (0.00ns)   --->   "%specmemcore_ln0 = specmemcore void @_ssdm_op_SpecMemCore, i26 %x_out_4, i64 666, i64 23, i64 1, i1 0"   --->   Operation 27 'specmemcore' 'specmemcore_ln0' <Predicate = true> <Delay = 0.00>
ST_1 : Operation 28 [1/1] (0.00ns)   --->   "%specmemcore_ln0 = specmemcore void @_ssdm_op_SpecMemCore, i26 %x_out_3, i64 666, i64 23, i64 1, i1 0"   --->   Operation 28 'specmemcore' 'specmemcore_ln0' <Predicate = true> <Delay = 0.00>
ST_1 : Operation 29 [1/1] (0.00ns)   --->   "%specmemcore_ln0 = specmemcore void @_ssdm_op_SpecMemCore, i26 %x_out_2, i64 666, i64 23, i64 1, i1 0"   --->   Operation 29 'specmemcore' 'specmemcore_ln0' <Predicate = true> <Delay = 0.00>
ST_1 : Operation 30 [1/1] (0.00ns)   --->   "%specmemcore_ln0 = specmemcore void @_ssdm_op_SpecMemCore, i26 %x_out_1, i64 666, i64 23, i64 1, i1 0"   --->   Operation 30 'specmemcore' 'specmemcore_ln0' <Predicate = true> <Delay = 0.00>
ST_1 : Operation 31 [1/1] (0.00ns)   --->   "%specmemcore_ln0 = specmemcore void @_ssdm_op_SpecMemCore, i26 %x_out_0, i64 666, i64 23, i64 1, i1 0"   --->   Operation 31 'specmemcore' 'specmemcore_ln0' <Predicate = true> <Delay = 0.00>
ST_1 : Operation 32 [1/1] (0.00ns)   --->   "%x_out_0_addr = getelementptr i26 %x_out_0, i64 0, i64 0" [../src/riccati_solver_hls.cpp:344]   --->   Operation 32 'getelementptr' 'x_out_0_addr' <Predicate = true> <Delay = 0.00>
ST_1 : Operation 33 [1/1] (0.00ns)   --->   "%x_out_1_addr = getelementptr i26 %x_out_1, i64 0, i64 0" [../src/riccati_solver_hls.cpp:344]   --->   Operation 33 'getelementptr' 'x_out_1_addr' <Predicate = true> <Delay = 0.00>
ST_1 : Operation 34 [1/1] (0.00ns)   --->   "%x_out_2_addr = getelementptr i26 %x_out_2, i64 0, i64 0" [../src/riccati_solver_hls.cpp:344]   --->   Operation 34 'getelementptr' 'x_out_2_addr' <Predicate = true> <Delay = 0.00>
ST_1 : Operation 35 [1/1] (0.00ns)   --->   "%x_out_3_addr = getelementptr i26 %x_out_3, i64 0, i64 0" [../src/riccati_solver_hls.cpp:344]   --->   Operation 35 'getelementptr' 'x_out_3_addr' <Predicate = true> <Delay = 0.00>
ST_1 : Operation 36 [1/1] (0.00ns)   --->   "%x_out_4_addr = getelementptr i26 %x_out_4, i64 0, i64 0" [../src/riccati_solver_hls.cpp:344]   --->   Operation 36 'getelementptr' 'x_out_4_addr' <Predicate = true> <Delay = 0.00>
ST_1 : Operation 37 [1/1] (0.00ns)   --->   "%x_out_5_addr = getelementptr i26 %x_out_5, i64 0, i64 0" [../src/riccati_solver_hls.cpp:344]   --->   Operation 37 'getelementptr' 'x_out_5_addr' <Predicate = true> <Delay = 0.00>
ST_1 : Operation 38 [1/1] (0.00ns)   --->   "%x_out_6_addr = getelementptr i26 %x_out_6, i64 0, i64 0" [../src/riccati_solver_hls.cpp:344]   --->   Operation 38 'getelementptr' 'x_out_6_addr' <Predicate = true> <Delay = 0.00>
ST_1 : Operation 39 [1/1] (0.00ns)   --->   "%x_out_7_addr = getelementptr i26 %x_out_7, i64 0, i64 0" [../src/riccati_solver_hls.cpp:344]   --->   Operation 39 'getelementptr' 'x_out_7_addr' <Predicate = true> <Delay = 0.00>
ST_1 : Operation 40 [1/1] ( I:0.67ns O:0.67ns )   --->   "%store_ln344 = store i26 %p_read_21, i5 %x_out_0_addr" [../src/riccati_solver_hls.cpp:344]   --->   Operation 40 'store' 'store_ln344' <Predicate = true> <Delay = 0.67> <CoreInst = "RAM_2P_LUTRAM">   --->   Core 92 'RAM_2P_LUTRAM' <Latency = 1> <II = 1> <Delay = 0.67> <Storage> <Opcode : 'load' 'store'> <Ports = 2> <Width = 26> <Depth = 21> <RAM>
ST_1 : Operation 41 [1/1] ( I:0.67ns O:0.67ns )   --->   "%store_ln344 = store i26 %p_read_20, i5 %x_out_1_addr" [../src/riccati_solver_hls.cpp:344]   --->   Operation 41 'store' 'store_ln344' <Predicate = true> <Delay = 0.67> <CoreInst = "RAM_2P_LUTRAM">   --->   Core 92 'RAM_2P_LUTRAM' <Latency = 1> <II = 1> <Delay = 0.67> <Storage> <Opcode : 'load' 'store'> <Ports = 2> <Width = 26> <Depth = 21> <RAM>
ST_1 : Operation 42 [1/1] ( I:0.67ns O:0.67ns )   --->   "%store_ln344 = store i26 %p_read_19, i5 %x_out_2_addr" [../src/riccati_solver_hls.cpp:344]   --->   Operation 42 'store' 'store_ln344' <Predicate = true> <Delay = 0.67> <CoreInst = "RAM_2P_LUTRAM">   --->   Core 92 'RAM_2P_LUTRAM' <Latency = 1> <II = 1> <Delay = 0.67> <Storage> <Opcode : 'load' 'store'> <Ports = 2> <Width = 26> <Depth = 21> <RAM>
ST_1 : Operation 43 [1/1] ( I:0.67ns O:0.67ns )   --->   "%store_ln344 = store i26 %p_read_18, i5 %x_out_3_addr" [../src/riccati_solver_hls.cpp:344]   --->   Operation 43 'store' 'store_ln344' <Predicate = true> <Delay = 0.67> <CoreInst = "RAM_2P_LUTRAM">   --->   Core 92 'RAM_2P_LUTRAM' <Latency = 1> <II = 1> <Delay = 0.67> <Storage> <Opcode : 'load' 'store'> <Ports = 2> <Width = 26> <Depth = 21> <RAM>
ST_1 : Operation 44 [1/1] ( I:0.67ns O:0.67ns )   --->   "%store_ln344 = store i26 %p_read_17, i5 %x_out_4_addr" [../src/riccati_solver_hls.cpp:344]   --->   Operation 44 'store' 'store_ln344' <Predicate = true> <Delay = 0.67> <CoreInst = "RAM_2P_LUTRAM">   --->   Core 92 'RAM_2P_LUTRAM' <Latency = 1> <II = 1> <Delay = 0.67> <Storage> <Opcode : 'load' 'store'> <Ports = 2> <Width = 26> <Depth = 21> <RAM>
ST_1 : Operation 45 [1/1] ( I:0.67ns O:0.67ns )   --->   "%store_ln344 = store i26 %p_read_16, i5 %x_out_5_addr" [../src/riccati_solver_hls.cpp:344]   --->   Operation 45 'store' 'store_ln344' <Predicate = true> <Delay = 0.67> <CoreInst = "RAM_2P_LUTRAM">   --->   Core 92 'RAM_2P_LUTRAM' <Latency = 1> <II = 1> <Delay = 0.67> <Storage> <Opcode : 'load' 'store'> <Ports = 2> <Width = 26> <Depth = 21> <RAM>
ST_1 : Operation 46 [1/1] ( I:0.67ns O:0.67ns )   --->   "%store_ln344 = store i26 %p_read_15, i5 %x_out_6_addr" [../src/riccati_solver_hls.cpp:344]   --->   Operation 46 'store' 'store_ln344' <Predicate = true> <Delay = 0.67> <CoreInst = "RAM_2P_LUTRAM">   --->   Core 92 'RAM_2P_LUTRAM' <Latency = 1> <II = 1> <Delay = 0.67> <Storage> <Opcode : 'load' 'store'> <Ports = 2> <Width = 26> <Depth = 21> <RAM>
ST_1 : Operation 47 [1/1] ( I:0.67ns O:0.67ns )   --->   "%store_ln344 = store i26 %p_read_14, i5 %x_out_7_addr" [../src/riccati_solver_hls.cpp:344]   --->   Operation 47 'store' 'store_ln344' <Predicate = true> <Delay = 0.67> <CoreInst = "RAM_2P_LUTRAM">   --->   Core 92 'RAM_2P_LUTRAM' <Latency = 1> <II = 1> <Delay = 0.67> <Storage> <Opcode : 'load' 'store'> <Ports = 2> <Width = 26> <Depth = 21> <RAM>
ST_1 : Operation 48 [1/1] (0.42ns)   --->   "%store_ln340 = store i5 0, i5 %k" [../src/riccati_solver_hls.cpp:340]   --->   Operation 48 'store' 'store_ln340' <Predicate = true> <Delay = 0.42>
ST_1 : Operation 49 [1/1] (0.00ns)   --->   "%br_ln349 = br void %VITIS_LOOP_361_3" [../src/riccati_solver_hls.cpp:349]   --->   Operation 49 'br' 'br_ln349' <Predicate = true> <Delay = 0.00>

State 2 <SV = 1> <Delay = 1.21>
ST_2 : Operation 50 [1/1] (0.00ns)   --->   "%k_1 = load i5 %k" [../src/riccati_solver_hls.cpp:436]   --->   Operation 50 'load' 'k_1' <Predicate = true> <Delay = 0.00>
ST_2 : Operation 51 [1/1] (0.78ns)   --->   "%icmp_ln349 = icmp_eq  i5 %k_1, i5 20" [../src/riccati_solver_hls.cpp:349]   --->   Operation 51 'icmp' 'icmp_ln349' <Predicate = true> <Delay = 0.78> <CoreInst = "Cmp">   --->   Core 9 'Cmp' <Latency = 0> <II = 1> <Delay = 0.78> <FuncUnit> <Opcode : 'seteq' 'setne' 'setle' 'setge' 'setlt' 'setgt'> <InPorts = 2> <OutPorts = 1>
ST_2 : Operation 52 [1/1] (0.78ns)   --->   "%add_ln436 = add i5 %k_1, i5 1" [../src/riccati_solver_hls.cpp:436]   --->   Operation 52 'add' 'add_ln436' <Predicate = true> <Delay = 0.78> <CoreInst = "Adder">   --->   Core 1 'Adder' <Latency = 0> <II = 1> <Delay = 0.78> <FuncUnit> <Opcode : 'add' 'sub'> <InPorts = 2> <OutPorts = 1>
ST_2 : Operation 53 [1/1] (0.00ns)   --->   "%br_ln349 = br i1 %icmp_ln349, void %fpga_resource_hint.VITIS_LOOP_361_3.511, void %for.end325" [../src/riccati_solver_hls.cpp:349]   --->   Operation 53 'br' 'br_ln349' <Predicate = true> <Delay = 0.00>
ST_2 : Operation 54 [1/1] (0.00ns)   --->   "%zext_ln349 = zext i5 %k_1" [../src/riccati_solver_hls.cpp:349]   --->   Operation 54 'zext' 'zext_ln349' <Predicate = (!icmp_ln349)> <Delay = 0.00>
ST_2 : Operation 55 [1/1] (0.00ns)   --->   "%lshr_ln = partselect i3 @_ssdm_op_PartSelect.i3.i5.i32.i32, i5 %k_1, i32 2, i32 4" [../src/riccati_solver_hls.cpp:340]   --->   Operation 55 'partselect' 'lshr_ln' <Predicate = (!icmp_ln349)> <Delay = 0.00>
ST_2 : Operation 56 [1/1] (0.00ns)   --->   "%zext_ln340 = zext i3 %lshr_ln" [../src/riccati_solver_hls.cpp:340]   --->   Operation 56 'zext' 'zext_ln340' <Predicate = (!icmp_ln349)> <Delay = 0.00>
ST_2 : Operation 57 [1/1] (0.00ns)   --->   "%x_out_0_addr_1 = getelementptr i26 %x_out_0, i64 0, i64 %zext_ln349" [../src/riccati_solver_hls.cpp:363]   --->   Operation 57 'getelementptr' 'x_out_0_addr_1' <Predicate = (!icmp_ln349)> <Delay = 0.00>
ST_2 : Operation 58 [2/2] (0.67ns)   --->   "%value = load i5 %x_out_0_addr_1" [../src/riccati_solver_hls.cpp:363]   --->   Operation 58 'load' 'value' <Predicate = (!icmp_ln349)> <Delay = 0.67> <CoreInst = "RAM_2P_LUTRAM">   --->   Core 92 'RAM_2P_LUTRAM' <Latency = 1> <II = 1> <Delay = 0.67> <Storage> <Opcode : 'load' 'store'> <Ports = 2> <Width = 26> <Depth = 21> <RAM>
ST_2 : Operation 59 [1/1] (0.00ns)   --->   "%x_out_1_addr_1 = getelementptr i26 %x_out_1, i64 0, i64 %zext_ln349" [../src/riccati_solver_hls.cpp:363]   --->   Operation 59 'getelementptr' 'x_out_1_addr_1' <Predicate = (!icmp_ln349)> <Delay = 0.00>
ST_2 : Operation 60 [2/2] (0.67ns)   --->   "%value_1 = load i5 %x_out_1_addr_1" [../src/riccati_solver_hls.cpp:363]   --->   Operation 60 'load' 'value_1' <Predicate = (!icmp_ln349)> <Delay = 0.67> <CoreInst = "RAM_2P_LUTRAM">   --->   Core 92 'RAM_2P_LUTRAM' <Latency = 1> <II = 1> <Delay = 0.67> <Storage> <Opcode : 'load' 'store'> <Ports = 2> <Width = 26> <Depth = 21> <RAM>
ST_2 : Operation 61 [1/1] (0.00ns)   --->   "%x_out_2_addr_1 = getelementptr i26 %x_out_2, i64 0, i64 %zext_ln349" [../src/riccati_solver_hls.cpp:363]   --->   Operation 61 'getelementptr' 'x_out_2_addr_1' <Predicate = (!icmp_ln349)> <Delay = 0.00>
ST_2 : Operation 62 [2/2] (0.67ns)   --->   "%value_2 = load i5 %x_out_2_addr_1" [../src/riccati_solver_hls.cpp:363]   --->   Operation 62 'load' 'value_2' <Predicate = (!icmp_ln349)> <Delay = 0.67> <CoreInst = "RAM_2P_LUTRAM">   --->   Core 92 'RAM_2P_LUTRAM' <Latency = 1> <II = 1> <Delay = 0.67> <Storage> <Opcode : 'load' 'store'> <Ports = 2> <Width = 26> <Depth = 21> <RAM>
ST_2 : Operation 63 [1/1] (0.00ns)   --->   "%x_out_3_addr_1 = getelementptr i26 %x_out_3, i64 0, i64 %zext_ln349" [../src/riccati_solver_hls.cpp:363]   --->   Operation 63 'getelementptr' 'x_out_3_addr_1' <Predicate = (!icmp_ln349)> <Delay = 0.00>
ST_2 : Operation 64 [2/2] (0.67ns)   --->   "%value_3 = load i5 %x_out_3_addr_1" [../src/riccati_solver_hls.cpp:363]   --->   Operation 64 'load' 'value_3' <Predicate = (!icmp_ln349)> <Delay = 0.67> <CoreInst = "RAM_2P_LUTRAM">   --->   Core 92 'RAM_2P_LUTRAM' <Latency = 1> <II = 1> <Delay = 0.67> <Storage> <Opcode : 'load' 'store'> <Ports = 2> <Width = 26> <Depth = 21> <RAM>
ST_2 : Operation 65 [1/1] (0.00ns)   --->   "%x_out_4_addr_1 = getelementptr i26 %x_out_4, i64 0, i64 %zext_ln349" [../src/riccati_solver_hls.cpp:363]   --->   Operation 65 'getelementptr' 'x_out_4_addr_1' <Predicate = (!icmp_ln349)> <Delay = 0.00>
ST_2 : Operation 66 [2/2] (0.67ns)   --->   "%value_4 = load i5 %x_out_4_addr_1" [../src/riccati_solver_hls.cpp:363]   --->   Operation 66 'load' 'value_4' <Predicate = (!icmp_ln349)> <Delay = 0.67> <CoreInst = "RAM_2P_LUTRAM">   --->   Core 92 'RAM_2P_LUTRAM' <Latency = 1> <II = 1> <Delay = 0.67> <Storage> <Opcode : 'load' 'store'> <Ports = 2> <Width = 26> <Depth = 21> <RAM>
ST_2 : Operation 67 [1/1] (0.00ns)   --->   "%x_out_5_addr_1 = getelementptr i26 %x_out_5, i64 0, i64 %zext_ln349" [../src/riccati_solver_hls.cpp:363]   --->   Operation 67 'getelementptr' 'x_out_5_addr_1' <Predicate = (!icmp_ln349)> <Delay = 0.00>
ST_2 : Operation 68 [2/2] (0.67ns)   --->   "%value_5 = load i5 %x_out_5_addr_1" [../src/riccati_solver_hls.cpp:363]   --->   Operation 68 'load' 'value_5' <Predicate = (!icmp_ln349)> <Delay = 0.67> <CoreInst = "RAM_2P_LUTRAM">   --->   Core 92 'RAM_2P_LUTRAM' <Latency = 1> <II = 1> <Delay = 0.67> <Storage> <Opcode : 'load' 'store'> <Ports = 2> <Width = 26> <Depth = 21> <RAM>
ST_2 : Operation 69 [1/1] (0.00ns)   --->   "%x_out_6_addr_1 = getelementptr i26 %x_out_6, i64 0, i64 %zext_ln349" [../src/riccati_solver_hls.cpp:363]   --->   Operation 69 'getelementptr' 'x_out_6_addr_1' <Predicate = (!icmp_ln349)> <Delay = 0.00>
ST_2 : Operation 70 [2/2] (0.67ns)   --->   "%value_6 = load i5 %x_out_6_addr_1" [../src/riccati_solver_hls.cpp:363]   --->   Operation 70 'load' 'value_6' <Predicate = (!icmp_ln349)> <Delay = 0.67> <CoreInst = "RAM_2P_LUTRAM">   --->   Core 92 'RAM_2P_LUTRAM' <Latency = 1> <II = 1> <Delay = 0.67> <Storage> <Opcode : 'load' 'store'> <Ports = 2> <Width = 26> <Depth = 21> <RAM>
ST_2 : Operation 71 [1/1] (0.00ns)   --->   "%x_out_7_addr_1 = getelementptr i26 %x_out_7, i64 0, i64 %zext_ln349" [../src/riccati_solver_hls.cpp:363]   --->   Operation 71 'getelementptr' 'x_out_7_addr_1' <Predicate = (!icmp_ln349)> <Delay = 0.00>
ST_2 : Operation 72 [2/2] (0.67ns)   --->   "%value_7 = load i5 %x_out_7_addr_1" [../src/riccati_solver_hls.cpp:363]   --->   Operation 72 'load' 'value_7' <Predicate = (!icmp_ln349)> <Delay = 0.67> <CoreInst = "RAM_2P_LUTRAM">   --->   Core 92 'RAM_2P_LUTRAM' <Latency = 1> <II = 1> <Delay = 0.67> <Storage> <Opcode : 'load' 'store'> <Ports = 2> <Width = 26> <Depth = 21> <RAM>
ST_2 : Operation 73 [1/1] (0.00ns)   --->   "%K_0_0_0_addr = getelementptr i17 %K_0_0_0, i64 0, i64 %zext_ln340" [../src/riccati_solver_hls.cpp:367]   --->   Operation 73 'getelementptr' 'K_0_0_0_addr' <Predicate = (!icmp_ln349)> <Delay = 0.00>
ST_2 : Operation 74 [1/1] (0.00ns)   --->   "%K_1_0_0_addr = getelementptr i17 %K_1_0_0, i64 0, i64 %zext_ln340" [../src/riccati_solver_hls.cpp:367]   --->   Operation 74 'getelementptr' 'K_1_0_0_addr' <Predicate = (!icmp_ln349)> <Delay = 0.00>
ST_2 : Operation 75 [1/1] (0.00ns)   --->   "%K_2_0_0_addr = getelementptr i17 %K_2_0_0, i64 0, i64 %zext_ln340" [../src/riccati_solver_hls.cpp:367]   --->   Operation 75 'getelementptr' 'K_2_0_0_addr' <Predicate = (!icmp_ln349)> <Delay = 0.00>
ST_2 : Operation 76 [1/1] (0.00ns)   --->   "%K_3_0_0_addr = getelementptr i17 %K_3_0_0, i64 0, i64 %zext_ln340" [../src/riccati_solver_hls.cpp:367]   --->   Operation 76 'getelementptr' 'K_3_0_0_addr' <Predicate = (!icmp_ln349)> <Delay = 0.00>
ST_2 : Operation 77 [2/2] (0.67ns)   --->   "%K_0_0_0_load = load i3 %K_0_0_0_addr" [../src/riccati_solver_hls.cpp:367]   --->   Operation 77 'load' 'K_0_0_0_load' <Predicate = (!icmp_ln349)> <Delay = 0.67> <CoreInst = "RAM">   --->   Core 82 'RAM' <Latency = 1> <II = 1> <Delay = 0.67> <Storage> <Opcode : 'load' 'store'> <Ports = 2> <Width = 17> <Depth = 5> <RAM>
ST_2 : Operation 78 [2/2] (0.67ns)   --->   "%K_1_0_0_load = load i3 %K_1_0_0_addr" [../src/riccati_solver_hls.cpp:367]   --->   Operation 78 'load' 'K_1_0_0_load' <Predicate = (!icmp_ln349)> <Delay = 0.67> <CoreInst = "RAM">   --->   Core 82 'RAM' <Latency = 1> <II = 1> <Delay = 0.67> <Storage> <Opcode : 'load' 'store'> <Ports = 2> <Width = 17> <Depth = 5> <RAM>
ST_2 : Operation 79 [2/2] (0.67ns)   --->   "%K_2_0_0_load = load i3 %K_2_0_0_addr" [../src/riccati_solver_hls.cpp:367]   --->   Operation 79 'load' 'K_2_0_0_load' <Predicate = (!icmp_ln349)> <Delay = 0.67> <CoreInst = "RAM">   --->   Core 82 'RAM' <Latency = 1> <II = 1> <Delay = 0.67> <Storage> <Opcode : 'load' 'store'> <Ports = 2> <Width = 17> <Depth = 5> <RAM>
ST_2 : Operation 80 [2/2] (0.67ns)   --->   "%K_3_0_0_load = load i3 %K_3_0_0_addr" [../src/riccati_solver_hls.cpp:367]   --->   Operation 80 'load' 'K_3_0_0_load' <Predicate = (!icmp_ln349)> <Delay = 0.67> <CoreInst = "RAM">   --->   Core 82 'RAM' <Latency = 1> <II = 1> <Delay = 0.67> <Storage> <Opcode : 'load' 'store'> <Ports = 2> <Width = 17> <Depth = 5> <RAM>
ST_2 : Operation 81 [1/1] (0.00ns)   --->   "%K_0_0_1_addr = getelementptr i17 %K_0_0_1, i64 0, i64 %zext_ln340" [../src/riccati_solver_hls.cpp:368]   --->   Operation 81 'getelementptr' 'K_0_0_1_addr' <Predicate = (!icmp_ln349)> <Delay = 0.00>
ST_2 : Operation 82 [1/1] (0.00ns)   --->   "%K_1_0_1_addr = getelementptr i17 %K_1_0_1, i64 0, i64 %zext_ln340" [../src/riccati_solver_hls.cpp:368]   --->   Operation 82 'getelementptr' 'K_1_0_1_addr' <Predicate = (!icmp_ln349)> <Delay = 0.00>
ST_2 : Operation 83 [1/1] (0.00ns)   --->   "%K_2_0_1_addr = getelementptr i17 %K_2_0_1, i64 0, i64 %zext_ln340" [../src/riccati_solver_hls.cpp:368]   --->   Operation 83 'getelementptr' 'K_2_0_1_addr' <Predicate = (!icmp_ln349)> <Delay = 0.00>
ST_2 : Operation 84 [1/1] (0.00ns)   --->   "%K_3_0_1_addr = getelementptr i17 %K_3_0_1, i64 0, i64 %zext_ln340" [../src/riccati_solver_hls.cpp:368]   --->   Operation 84 'getelementptr' 'K_3_0_1_addr' <Predicate = (!icmp_ln349)> <Delay = 0.00>
ST_2 : Operation 85 [2/2] (0.67ns)   --->   "%K_0_0_1_load = load i3 %K_0_0_1_addr" [../src/riccati_solver_hls.cpp:368]   --->   Operation 85 'load' 'K_0_0_1_load' <Predicate = (!icmp_ln349)> <Delay = 0.67> <CoreInst = "RAM">   --->   Core 82 'RAM' <Latency = 1> <II = 1> <Delay = 0.67> <Storage> <Opcode : 'load' 'store'> <Ports = 2> <Width = 17> <Depth = 5> <RAM>
ST_2 : Operation 86 [2/2] (0.67ns)   --->   "%K_1_0_1_load = load i3 %K_1_0_1_addr" [../src/riccati_solver_hls.cpp:368]   --->   Operation 86 'load' 'K_1_0_1_load' <Predicate = (!icmp_ln349)> <Delay = 0.67> <CoreInst = "RAM">   --->   Core 82 'RAM' <Latency = 1> <II = 1> <Delay = 0.67> <Storage> <Opcode : 'load' 'store'> <Ports = 2> <Width = 17> <Depth = 5> <RAM>
ST_2 : Operation 87 [2/2] (0.67ns)   --->   "%K_2_0_1_load = load i3 %K_2_0_1_addr" [../src/riccati_solver_hls.cpp:368]   --->   Operation 87 'load' 'K_2_0_1_load' <Predicate = (!icmp_ln349)> <Delay = 0.67> <CoreInst = "RAM">   --->   Core 82 'RAM' <Latency = 1> <II = 1> <Delay = 0.67> <Storage> <Opcode : 'load' 'store'> <Ports = 2> <Width = 17> <Depth = 5> <RAM>
ST_2 : Operation 88 [2/2] (0.67ns)   --->   "%K_3_0_1_load = load i3 %K_3_0_1_addr" [../src/riccati_solver_hls.cpp:368]   --->   Operation 88 'load' 'K_3_0_1_load' <Predicate = (!icmp_ln349)> <Delay = 0.67> <CoreInst = "RAM">   --->   Core 82 'RAM' <Latency = 1> <II = 1> <Delay = 0.67> <Storage> <Opcode : 'load' 'store'> <Ports = 2> <Width = 17> <Depth = 5> <RAM>
ST_2 : Operation 89 [1/1] (0.00ns)   --->   "%K_0_0_2_addr = getelementptr i17 %K_0_0_2, i64 0, i64 %zext_ln340" [../src/riccati_solver_hls.cpp:369]   --->   Operation 89 'getelementptr' 'K_0_0_2_addr' <Predicate = (!icmp_ln349)> <Delay = 0.00>
ST_2 : Operation 90 [1/1] (0.00ns)   --->   "%K_1_0_2_addr = getelementptr i17 %K_1_0_2, i64 0, i64 %zext_ln340" [../src/riccati_solver_hls.cpp:369]   --->   Operation 90 'getelementptr' 'K_1_0_2_addr' <Predicate = (!icmp_ln349)> <Delay = 0.00>
ST_2 : Operation 91 [1/1] (0.00ns)   --->   "%K_2_0_2_addr = getelementptr i17 %K_2_0_2, i64 0, i64 %zext_ln340" [../src/riccati_solver_hls.cpp:369]   --->   Operation 91 'getelementptr' 'K_2_0_2_addr' <Predicate = (!icmp_ln349)> <Delay = 0.00>
ST_2 : Operation 92 [1/1] (0.00ns)   --->   "%K_3_0_2_addr = getelementptr i17 %K_3_0_2, i64 0, i64 %zext_ln340" [../src/riccati_solver_hls.cpp:369]   --->   Operation 92 'getelementptr' 'K_3_0_2_addr' <Predicate = (!icmp_ln349)> <Delay = 0.00>
ST_2 : Operation 93 [2/2] (0.67ns)   --->   "%K_0_0_2_load = load i3 %K_0_0_2_addr" [../src/riccati_solver_hls.cpp:369]   --->   Operation 93 'load' 'K_0_0_2_load' <Predicate = (!icmp_ln349)> <Delay = 0.67> <CoreInst = "RAM">   --->   Core 82 'RAM' <Latency = 1> <II = 1> <Delay = 0.67> <Storage> <Opcode : 'load' 'store'> <Ports = 2> <Width = 17> <Depth = 5> <RAM>
ST_2 : Operation 94 [2/2] (0.67ns)   --->   "%K_1_0_2_load = load i3 %K_1_0_2_addr" [../src/riccati_solver_hls.cpp:369]   --->   Operation 94 'load' 'K_1_0_2_load' <Predicate = (!icmp_ln349)> <Delay = 0.67> <CoreInst = "RAM">   --->   Core 82 'RAM' <Latency = 1> <II = 1> <Delay = 0.67> <Storage> <Opcode : 'load' 'store'> <Ports = 2> <Width = 17> <Depth = 5> <RAM>
ST_2 : Operation 95 [2/2] (0.67ns)   --->   "%K_2_0_2_load = load i3 %K_2_0_2_addr" [../src/riccati_solver_hls.cpp:369]   --->   Operation 95 'load' 'K_2_0_2_load' <Predicate = (!icmp_ln349)> <Delay = 0.67> <CoreInst = "RAM">   --->   Core 82 'RAM' <Latency = 1> <II = 1> <Delay = 0.67> <Storage> <Opcode : 'load' 'store'> <Ports = 2> <Width = 17> <Depth = 5> <RAM>
ST_2 : Operation 96 [2/2] (0.67ns)   --->   "%K_3_0_2_load = load i3 %K_3_0_2_addr" [../src/riccati_solver_hls.cpp:369]   --->   Operation 96 'load' 'K_3_0_2_load' <Predicate = (!icmp_ln349)> <Delay = 0.67> <CoreInst = "RAM">   --->   Core 82 'RAM' <Latency = 1> <II = 1> <Delay = 0.67> <Storage> <Opcode : 'load' 'store'> <Ports = 2> <Width = 17> <Depth = 5> <RAM>
ST_2 : Operation 97 [1/1] (0.00ns)   --->   "%K_0_0_3_addr = getelementptr i17 %K_0_0_3, i64 0, i64 %zext_ln340" [../src/riccati_solver_hls.cpp:370]   --->   Operation 97 'getelementptr' 'K_0_0_3_addr' <Predicate = (!icmp_ln349)> <Delay = 0.00>
ST_2 : Operation 98 [1/1] (0.00ns)   --->   "%K_1_0_3_addr = getelementptr i17 %K_1_0_3, i64 0, i64 %zext_ln340" [../src/riccati_solver_hls.cpp:370]   --->   Operation 98 'getelementptr' 'K_1_0_3_addr' <Predicate = (!icmp_ln349)> <Delay = 0.00>
ST_2 : Operation 99 [1/1] (0.00ns)   --->   "%K_2_0_3_addr = getelementptr i17 %K_2_0_3, i64 0, i64 %zext_ln340" [../src/riccati_solver_hls.cpp:370]   --->   Operation 99 'getelementptr' 'K_2_0_3_addr' <Predicate = (!icmp_ln349)> <Delay = 0.00>
ST_2 : Operation 100 [1/1] (0.00ns)   --->   "%K_3_0_3_addr = getelementptr i17 %K_3_0_3, i64 0, i64 %zext_ln340" [../src/riccati_solver_hls.cpp:370]   --->   Operation 100 'getelementptr' 'K_3_0_3_addr' <Predicate = (!icmp_ln349)> <Delay = 0.00>
ST_2 : Operation 101 [2/2] (0.67ns)   --->   "%K_0_0_3_load = load i3 %K_0_0_3_addr" [../src/riccati_solver_hls.cpp:370]   --->   Operation 101 'load' 'K_0_0_3_load' <Predicate = (!icmp_ln349)> <Delay = 0.67> <CoreInst = "RAM">   --->   Core 82 'RAM' <Latency = 1> <II = 1> <Delay = 0.67> <Storage> <Opcode : 'load' 'store'> <Ports = 2> <Width = 17> <Depth = 5> <RAM>
ST_2 : Operation 102 [2/2] (0.67ns)   --->   "%K_1_0_3_load = load i3 %K_1_0_3_addr" [../src/riccati_solver_hls.cpp:370]   --->   Operation 102 'load' 'K_1_0_3_load' <Predicate = (!icmp_ln349)> <Delay = 0.67> <CoreInst = "RAM">   --->   Core 82 'RAM' <Latency = 1> <II = 1> <Delay = 0.67> <Storage> <Opcode : 'load' 'store'> <Ports = 2> <Width = 17> <Depth = 5> <RAM>
ST_2 : Operation 103 [2/2] (0.67ns)   --->   "%K_2_0_3_load = load i3 %K_2_0_3_addr" [../src/riccati_solver_hls.cpp:370]   --->   Operation 103 'load' 'K_2_0_3_load' <Predicate = (!icmp_ln349)> <Delay = 0.67> <CoreInst = "RAM">   --->   Core 82 'RAM' <Latency = 1> <II = 1> <Delay = 0.67> <Storage> <Opcode : 'load' 'store'> <Ports = 2> <Width = 17> <Depth = 5> <RAM>
ST_2 : Operation 104 [2/2] (0.67ns)   --->   "%K_3_0_3_load = load i3 %K_3_0_3_addr" [../src/riccati_solver_hls.cpp:370]   --->   Operation 104 'load' 'K_3_0_3_load' <Predicate = (!icmp_ln349)> <Delay = 0.67> <CoreInst = "RAM">   --->   Core 82 'RAM' <Latency = 1> <II = 1> <Delay = 0.67> <Storage> <Opcode : 'load' 'store'> <Ports = 2> <Width = 17> <Depth = 5> <RAM>
ST_2 : Operation 105 [1/1] (0.00ns)   --->   "%K_0_0_4_addr = getelementptr i17 %K_0_0_4, i64 0, i64 %zext_ln340" [../src/riccati_solver_hls.cpp:371]   --->   Operation 105 'getelementptr' 'K_0_0_4_addr' <Predicate = (!icmp_ln349)> <Delay = 0.00>
ST_2 : Operation 106 [1/1] (0.00ns)   --->   "%K_1_0_4_addr = getelementptr i17 %K_1_0_4, i64 0, i64 %zext_ln340" [../src/riccati_solver_hls.cpp:371]   --->   Operation 106 'getelementptr' 'K_1_0_4_addr' <Predicate = (!icmp_ln349)> <Delay = 0.00>
ST_2 : Operation 107 [1/1] (0.00ns)   --->   "%K_2_0_4_addr = getelementptr i17 %K_2_0_4, i64 0, i64 %zext_ln340" [../src/riccati_solver_hls.cpp:371]   --->   Operation 107 'getelementptr' 'K_2_0_4_addr' <Predicate = (!icmp_ln349)> <Delay = 0.00>
ST_2 : Operation 108 [1/1] (0.00ns)   --->   "%K_3_0_4_addr = getelementptr i17 %K_3_0_4, i64 0, i64 %zext_ln340" [../src/riccati_solver_hls.cpp:371]   --->   Operation 108 'getelementptr' 'K_3_0_4_addr' <Predicate = (!icmp_ln349)> <Delay = 0.00>
ST_2 : Operation 109 [2/2] (0.67ns)   --->   "%K_0_0_4_load = load i3 %K_0_0_4_addr" [../src/riccati_solver_hls.cpp:371]   --->   Operation 109 'load' 'K_0_0_4_load' <Predicate = (!icmp_ln349)> <Delay = 0.67> <CoreInst = "RAM">   --->   Core 82 'RAM' <Latency = 1> <II = 1> <Delay = 0.67> <Storage> <Opcode : 'load' 'store'> <Ports = 2> <Width = 17> <Depth = 5> <RAM>
ST_2 : Operation 110 [2/2] (0.67ns)   --->   "%K_1_0_4_load = load i3 %K_1_0_4_addr" [../src/riccati_solver_hls.cpp:371]   --->   Operation 110 'load' 'K_1_0_4_load' <Predicate = (!icmp_ln349)> <Delay = 0.67> <CoreInst = "RAM">   --->   Core 82 'RAM' <Latency = 1> <II = 1> <Delay = 0.67> <Storage> <Opcode : 'load' 'store'> <Ports = 2> <Width = 17> <Depth = 5> <RAM>
ST_2 : Operation 111 [2/2] (0.67ns)   --->   "%K_2_0_4_load = load i3 %K_2_0_4_addr" [../src/riccati_solver_hls.cpp:371]   --->   Operation 111 'load' 'K_2_0_4_load' <Predicate = (!icmp_ln349)> <Delay = 0.67> <CoreInst = "RAM">   --->   Core 82 'RAM' <Latency = 1> <II = 1> <Delay = 0.67> <Storage> <Opcode : 'load' 'store'> <Ports = 2> <Width = 17> <Depth = 5> <RAM>
ST_2 : Operation 112 [2/2] (0.67ns)   --->   "%K_3_0_4_load = load i3 %K_3_0_4_addr" [../src/riccati_solver_hls.cpp:371]   --->   Operation 112 'load' 'K_3_0_4_load' <Predicate = (!icmp_ln349)> <Delay = 0.67> <CoreInst = "RAM">   --->   Core 82 'RAM' <Latency = 1> <II = 1> <Delay = 0.67> <Storage> <Opcode : 'load' 'store'> <Ports = 2> <Width = 17> <Depth = 5> <RAM>
ST_2 : Operation 113 [1/1] (0.00ns)   --->   "%K_0_0_5_addr = getelementptr i17 %K_0_0_5, i64 0, i64 %zext_ln340" [../src/riccati_solver_hls.cpp:372]   --->   Operation 113 'getelementptr' 'K_0_0_5_addr' <Predicate = (!icmp_ln349)> <Delay = 0.00>
ST_2 : Operation 114 [1/1] (0.00ns)   --->   "%K_1_0_5_addr = getelementptr i17 %K_1_0_5, i64 0, i64 %zext_ln340" [../src/riccati_solver_hls.cpp:372]   --->   Operation 114 'getelementptr' 'K_1_0_5_addr' <Predicate = (!icmp_ln349)> <Delay = 0.00>
ST_2 : Operation 115 [1/1] (0.00ns)   --->   "%K_2_0_5_addr = getelementptr i17 %K_2_0_5, i64 0, i64 %zext_ln340" [../src/riccati_solver_hls.cpp:372]   --->   Operation 115 'getelementptr' 'K_2_0_5_addr' <Predicate = (!icmp_ln349)> <Delay = 0.00>
ST_2 : Operation 116 [1/1] (0.00ns)   --->   "%K_3_0_5_addr = getelementptr i17 %K_3_0_5, i64 0, i64 %zext_ln340" [../src/riccati_solver_hls.cpp:372]   --->   Operation 116 'getelementptr' 'K_3_0_5_addr' <Predicate = (!icmp_ln349)> <Delay = 0.00>
ST_2 : Operation 117 [2/2] (0.67ns)   --->   "%K_0_0_5_load = load i3 %K_0_0_5_addr" [../src/riccati_solver_hls.cpp:372]   --->   Operation 117 'load' 'K_0_0_5_load' <Predicate = (!icmp_ln349)> <Delay = 0.67> <CoreInst = "RAM">   --->   Core 82 'RAM' <Latency = 1> <II = 1> <Delay = 0.67> <Storage> <Opcode : 'load' 'store'> <Ports = 2> <Width = 17> <Depth = 5> <RAM>
ST_2 : Operation 118 [2/2] (0.67ns)   --->   "%K_1_0_5_load = load i3 %K_1_0_5_addr" [../src/riccati_solver_hls.cpp:372]   --->   Operation 118 'load' 'K_1_0_5_load' <Predicate = (!icmp_ln349)> <Delay = 0.67> <CoreInst = "RAM">   --->   Core 82 'RAM' <Latency = 1> <II = 1> <Delay = 0.67> <Storage> <Opcode : 'load' 'store'> <Ports = 2> <Width = 17> <Depth = 5> <RAM>
ST_2 : Operation 119 [2/2] (0.67ns)   --->   "%K_2_0_5_load = load i3 %K_2_0_5_addr" [../src/riccati_solver_hls.cpp:372]   --->   Operation 119 'load' 'K_2_0_5_load' <Predicate = (!icmp_ln349)> <Delay = 0.67> <CoreInst = "RAM">   --->   Core 82 'RAM' <Latency = 1> <II = 1> <Delay = 0.67> <Storage> <Opcode : 'load' 'store'> <Ports = 2> <Width = 17> <Depth = 5> <RAM>
ST_2 : Operation 120 [2/2] (0.67ns)   --->   "%K_3_0_5_load = load i3 %K_3_0_5_addr" [../src/riccati_solver_hls.cpp:372]   --->   Operation 120 'load' 'K_3_0_5_load' <Predicate = (!icmp_ln349)> <Delay = 0.67> <CoreInst = "RAM">   --->   Core 82 'RAM' <Latency = 1> <II = 1> <Delay = 0.67> <Storage> <Opcode : 'load' 'store'> <Ports = 2> <Width = 17> <Depth = 5> <RAM>
ST_2 : Operation 121 [1/1] (0.00ns)   --->   "%K_0_0_6_addr = getelementptr i17 %K_0_0_6, i64 0, i64 %zext_ln340" [../src/riccati_solver_hls.cpp:373]   --->   Operation 121 'getelementptr' 'K_0_0_6_addr' <Predicate = (!icmp_ln349)> <Delay = 0.00>
ST_2 : Operation 122 [1/1] (0.00ns)   --->   "%K_1_0_6_addr = getelementptr i17 %K_1_0_6, i64 0, i64 %zext_ln340" [../src/riccati_solver_hls.cpp:373]   --->   Operation 122 'getelementptr' 'K_1_0_6_addr' <Predicate = (!icmp_ln349)> <Delay = 0.00>
ST_2 : Operation 123 [1/1] (0.00ns)   --->   "%K_2_0_6_addr = getelementptr i17 %K_2_0_6, i64 0, i64 %zext_ln340" [../src/riccati_solver_hls.cpp:373]   --->   Operation 123 'getelementptr' 'K_2_0_6_addr' <Predicate = (!icmp_ln349)> <Delay = 0.00>
ST_2 : Operation 124 [1/1] (0.00ns)   --->   "%K_3_0_6_addr = getelementptr i17 %K_3_0_6, i64 0, i64 %zext_ln340" [../src/riccati_solver_hls.cpp:373]   --->   Operation 124 'getelementptr' 'K_3_0_6_addr' <Predicate = (!icmp_ln349)> <Delay = 0.00>
ST_2 : Operation 125 [2/2] (0.67ns)   --->   "%K_0_0_6_load = load i3 %K_0_0_6_addr" [../src/riccati_solver_hls.cpp:373]   --->   Operation 125 'load' 'K_0_0_6_load' <Predicate = (!icmp_ln349)> <Delay = 0.67> <CoreInst = "RAM">   --->   Core 82 'RAM' <Latency = 1> <II = 1> <Delay = 0.67> <Storage> <Opcode : 'load' 'store'> <Ports = 2> <Width = 17> <Depth = 5> <RAM>
ST_2 : Operation 126 [2/2] (0.67ns)   --->   "%K_1_0_6_load = load i3 %K_1_0_6_addr" [../src/riccati_solver_hls.cpp:373]   --->   Operation 126 'load' 'K_1_0_6_load' <Predicate = (!icmp_ln349)> <Delay = 0.67> <CoreInst = "RAM">   --->   Core 82 'RAM' <Latency = 1> <II = 1> <Delay = 0.67> <Storage> <Opcode : 'load' 'store'> <Ports = 2> <Width = 17> <Depth = 5> <RAM>
ST_2 : Operation 127 [2/2] (0.67ns)   --->   "%K_2_0_6_load = load i3 %K_2_0_6_addr" [../src/riccati_solver_hls.cpp:373]   --->   Operation 127 'load' 'K_2_0_6_load' <Predicate = (!icmp_ln349)> <Delay = 0.67> <CoreInst = "RAM">   --->   Core 82 'RAM' <Latency = 1> <II = 1> <Delay = 0.67> <Storage> <Opcode : 'load' 'store'> <Ports = 2> <Width = 17> <Depth = 5> <RAM>
ST_2 : Operation 128 [2/2] (0.67ns)   --->   "%K_3_0_6_load = load i3 %K_3_0_6_addr" [../src/riccati_solver_hls.cpp:373]   --->   Operation 128 'load' 'K_3_0_6_load' <Predicate = (!icmp_ln349)> <Delay = 0.67> <CoreInst = "RAM">   --->   Core 82 'RAM' <Latency = 1> <II = 1> <Delay = 0.67> <Storage> <Opcode : 'load' 'store'> <Ports = 2> <Width = 17> <Depth = 5> <RAM>
ST_2 : Operation 129 [1/1] (0.00ns)   --->   "%K_0_0_7_addr = getelementptr i17 %K_0_0_7, i64 0, i64 %zext_ln340" [../src/riccati_solver_hls.cpp:374]   --->   Operation 129 'getelementptr' 'K_0_0_7_addr' <Predicate = (!icmp_ln349)> <Delay = 0.00>
ST_2 : Operation 130 [1/1] (0.00ns)   --->   "%K_1_0_7_addr = getelementptr i17 %K_1_0_7, i64 0, i64 %zext_ln340" [../src/riccati_solver_hls.cpp:374]   --->   Operation 130 'getelementptr' 'K_1_0_7_addr' <Predicate = (!icmp_ln349)> <Delay = 0.00>
ST_2 : Operation 131 [1/1] (0.00ns)   --->   "%K_2_0_7_addr = getelementptr i17 %K_2_0_7, i64 0, i64 %zext_ln340" [../src/riccati_solver_hls.cpp:374]   --->   Operation 131 'getelementptr' 'K_2_0_7_addr' <Predicate = (!icmp_ln349)> <Delay = 0.00>
ST_2 : Operation 132 [1/1] (0.00ns)   --->   "%K_3_0_7_addr = getelementptr i17 %K_3_0_7, i64 0, i64 %zext_ln340" [../src/riccati_solver_hls.cpp:374]   --->   Operation 132 'getelementptr' 'K_3_0_7_addr' <Predicate = (!icmp_ln349)> <Delay = 0.00>
ST_2 : Operation 133 [2/2] (0.67ns)   --->   "%K_0_0_7_load = load i3 %K_0_0_7_addr" [../src/riccati_solver_hls.cpp:374]   --->   Operation 133 'load' 'K_0_0_7_load' <Predicate = (!icmp_ln349)> <Delay = 0.67> <CoreInst = "RAM">   --->   Core 82 'RAM' <Latency = 1> <II = 1> <Delay = 0.67> <Storage> <Opcode : 'load' 'store'> <Ports = 2> <Width = 17> <Depth = 5> <RAM>
ST_2 : Operation 134 [2/2] (0.67ns)   --->   "%K_1_0_7_load = load i3 %K_1_0_7_addr" [../src/riccati_solver_hls.cpp:374]   --->   Operation 134 'load' 'K_1_0_7_load' <Predicate = (!icmp_ln349)> <Delay = 0.67> <CoreInst = "RAM">   --->   Core 82 'RAM' <Latency = 1> <II = 1> <Delay = 0.67> <Storage> <Opcode : 'load' 'store'> <Ports = 2> <Width = 17> <Depth = 5> <RAM>
ST_2 : Operation 135 [2/2] (0.67ns)   --->   "%K_2_0_7_load = load i3 %K_2_0_7_addr" [../src/riccati_solver_hls.cpp:374]   --->   Operation 135 'load' 'K_2_0_7_load' <Predicate = (!icmp_ln349)> <Delay = 0.67> <CoreInst = "RAM">   --->   Core 82 'RAM' <Latency = 1> <II = 1> <Delay = 0.67> <Storage> <Opcode : 'load' 'store'> <Ports = 2> <Width = 17> <Depth = 5> <RAM>
ST_2 : Operation 136 [2/2] (0.67ns)   --->   "%K_3_0_7_load = load i3 %K_3_0_7_addr" [../src/riccati_solver_hls.cpp:374]   --->   Operation 136 'load' 'K_3_0_7_load' <Predicate = (!icmp_ln349)> <Delay = 0.67> <CoreInst = "RAM">   --->   Core 82 'RAM' <Latency = 1> <II = 1> <Delay = 0.67> <Storage> <Opcode : 'load' 'store'> <Ports = 2> <Width = 17> <Depth = 5> <RAM>
ST_2 : Operation 137 [1/1] (0.00ns)   --->   "%K_0_1_0_addr = getelementptr i17 %K_0_1_0, i64 0, i64 %zext_ln340" [../src/riccati_solver_hls.cpp:377]   --->   Operation 137 'getelementptr' 'K_0_1_0_addr' <Predicate = (!icmp_ln349)> <Delay = 0.00>
ST_2 : Operation 138 [1/1] (0.00ns)   --->   "%K_1_1_0_addr = getelementptr i17 %K_1_1_0, i64 0, i64 %zext_ln340" [../src/riccati_solver_hls.cpp:377]   --->   Operation 138 'getelementptr' 'K_1_1_0_addr' <Predicate = (!icmp_ln349)> <Delay = 0.00>
ST_2 : Operation 139 [1/1] (0.00ns)   --->   "%K_2_1_0_addr = getelementptr i17 %K_2_1_0, i64 0, i64 %zext_ln340" [../src/riccati_solver_hls.cpp:377]   --->   Operation 139 'getelementptr' 'K_2_1_0_addr' <Predicate = (!icmp_ln349)> <Delay = 0.00>
ST_2 : Operation 140 [1/1] (0.00ns)   --->   "%K_3_1_0_addr = getelementptr i17 %K_3_1_0, i64 0, i64 %zext_ln340" [../src/riccati_solver_hls.cpp:377]   --->   Operation 140 'getelementptr' 'K_3_1_0_addr' <Predicate = (!icmp_ln349)> <Delay = 0.00>
ST_2 : Operation 141 [2/2] (0.67ns)   --->   "%K_0_1_0_load = load i3 %K_0_1_0_addr" [../src/riccati_solver_hls.cpp:377]   --->   Operation 141 'load' 'K_0_1_0_load' <Predicate = (!icmp_ln349)> <Delay = 0.67> <CoreInst = "RAM">   --->   Core 82 'RAM' <Latency = 1> <II = 1> <Delay = 0.67> <Storage> <Opcode : 'load' 'store'> <Ports = 2> <Width = 17> <Depth = 5> <RAM>
ST_2 : Operation 142 [2/2] (0.67ns)   --->   "%K_1_1_0_load = load i3 %K_1_1_0_addr" [../src/riccati_solver_hls.cpp:377]   --->   Operation 142 'load' 'K_1_1_0_load' <Predicate = (!icmp_ln349)> <Delay = 0.67> <CoreInst = "RAM">   --->   Core 82 'RAM' <Latency = 1> <II = 1> <Delay = 0.67> <Storage> <Opcode : 'load' 'store'> <Ports = 2> <Width = 17> <Depth = 5> <RAM>
ST_2 : Operation 143 [2/2] (0.67ns)   --->   "%K_2_1_0_load = load i3 %K_2_1_0_addr" [../src/riccati_solver_hls.cpp:377]   --->   Operation 143 'load' 'K_2_1_0_load' <Predicate = (!icmp_ln349)> <Delay = 0.67> <CoreInst = "RAM">   --->   Core 82 'RAM' <Latency = 1> <II = 1> <Delay = 0.67> <Storage> <Opcode : 'load' 'store'> <Ports = 2> <Width = 17> <Depth = 5> <RAM>
ST_2 : Operation 144 [2/2] (0.67ns)   --->   "%K_3_1_0_load = load i3 %K_3_1_0_addr" [../src/riccati_solver_hls.cpp:377]   --->   Operation 144 'load' 'K_3_1_0_load' <Predicate = (!icmp_ln349)> <Delay = 0.67> <CoreInst = "RAM">   --->   Core 82 'RAM' <Latency = 1> <II = 1> <Delay = 0.67> <Storage> <Opcode : 'load' 'store'> <Ports = 2> <Width = 17> <Depth = 5> <RAM>
ST_2 : Operation 145 [1/1] (0.00ns)   --->   "%K_0_1_1_addr = getelementptr i17 %K_0_1_1, i64 0, i64 %zext_ln340" [../src/riccati_solver_hls.cpp:378]   --->   Operation 145 'getelementptr' 'K_0_1_1_addr' <Predicate = (!icmp_ln349)> <Delay = 0.00>
ST_2 : Operation 146 [1/1] (0.00ns)   --->   "%K_1_1_1_addr = getelementptr i17 %K_1_1_1, i64 0, i64 %zext_ln340" [../src/riccati_solver_hls.cpp:378]   --->   Operation 146 'getelementptr' 'K_1_1_1_addr' <Predicate = (!icmp_ln349)> <Delay = 0.00>
ST_2 : Operation 147 [1/1] (0.00ns)   --->   "%K_2_1_1_addr = getelementptr i17 %K_2_1_1, i64 0, i64 %zext_ln340" [../src/riccati_solver_hls.cpp:378]   --->   Operation 147 'getelementptr' 'K_2_1_1_addr' <Predicate = (!icmp_ln349)> <Delay = 0.00>
ST_2 : Operation 148 [1/1] (0.00ns)   --->   "%K_3_1_1_addr = getelementptr i17 %K_3_1_1, i64 0, i64 %zext_ln340" [../src/riccati_solver_hls.cpp:378]   --->   Operation 148 'getelementptr' 'K_3_1_1_addr' <Predicate = (!icmp_ln349)> <Delay = 0.00>
ST_2 : Operation 149 [2/2] (0.67ns)   --->   "%K_0_1_1_load = load i3 %K_0_1_1_addr" [../src/riccati_solver_hls.cpp:378]   --->   Operation 149 'load' 'K_0_1_1_load' <Predicate = (!icmp_ln349)> <Delay = 0.67> <CoreInst = "RAM">   --->   Core 82 'RAM' <Latency = 1> <II = 1> <Delay = 0.67> <Storage> <Opcode : 'load' 'store'> <Ports = 2> <Width = 17> <Depth = 5> <RAM>
ST_2 : Operation 150 [2/2] (0.67ns)   --->   "%K_1_1_1_load = load i3 %K_1_1_1_addr" [../src/riccati_solver_hls.cpp:378]   --->   Operation 150 'load' 'K_1_1_1_load' <Predicate = (!icmp_ln349)> <Delay = 0.67> <CoreInst = "RAM">   --->   Core 82 'RAM' <Latency = 1> <II = 1> <Delay = 0.67> <Storage> <Opcode : 'load' 'store'> <Ports = 2> <Width = 17> <Depth = 5> <RAM>
ST_2 : Operation 151 [2/2] (0.67ns)   --->   "%K_2_1_1_load = load i3 %K_2_1_1_addr" [../src/riccati_solver_hls.cpp:378]   --->   Operation 151 'load' 'K_2_1_1_load' <Predicate = (!icmp_ln349)> <Delay = 0.67> <CoreInst = "RAM">   --->   Core 82 'RAM' <Latency = 1> <II = 1> <Delay = 0.67> <Storage> <Opcode : 'load' 'store'> <Ports = 2> <Width = 17> <Depth = 5> <RAM>
ST_2 : Operation 152 [2/2] (0.67ns)   --->   "%K_3_1_1_load = load i3 %K_3_1_1_addr" [../src/riccati_solver_hls.cpp:378]   --->   Operation 152 'load' 'K_3_1_1_load' <Predicate = (!icmp_ln349)> <Delay = 0.67> <CoreInst = "RAM">   --->   Core 82 'RAM' <Latency = 1> <II = 1> <Delay = 0.67> <Storage> <Opcode : 'load' 'store'> <Ports = 2> <Width = 17> <Depth = 5> <RAM>
ST_2 : Operation 153 [1/1] (0.00ns)   --->   "%K_0_1_2_addr = getelementptr i17 %K_0_1_2, i64 0, i64 %zext_ln340" [../src/riccati_solver_hls.cpp:379]   --->   Operation 153 'getelementptr' 'K_0_1_2_addr' <Predicate = (!icmp_ln349)> <Delay = 0.00>
ST_2 : Operation 154 [1/1] (0.00ns)   --->   "%K_1_1_2_addr = getelementptr i17 %K_1_1_2, i64 0, i64 %zext_ln340" [../src/riccati_solver_hls.cpp:379]   --->   Operation 154 'getelementptr' 'K_1_1_2_addr' <Predicate = (!icmp_ln349)> <Delay = 0.00>
ST_2 : Operation 155 [1/1] (0.00ns)   --->   "%K_2_1_2_addr = getelementptr i17 %K_2_1_2, i64 0, i64 %zext_ln340" [../src/riccati_solver_hls.cpp:379]   --->   Operation 155 'getelementptr' 'K_2_1_2_addr' <Predicate = (!icmp_ln349)> <Delay = 0.00>
ST_2 : Operation 156 [1/1] (0.00ns)   --->   "%K_3_1_2_addr = getelementptr i17 %K_3_1_2, i64 0, i64 %zext_ln340" [../src/riccati_solver_hls.cpp:379]   --->   Operation 156 'getelementptr' 'K_3_1_2_addr' <Predicate = (!icmp_ln349)> <Delay = 0.00>
ST_2 : Operation 157 [2/2] (0.67ns)   --->   "%K_0_1_2_load = load i3 %K_0_1_2_addr" [../src/riccati_solver_hls.cpp:379]   --->   Operation 157 'load' 'K_0_1_2_load' <Predicate = (!icmp_ln349)> <Delay = 0.67> <CoreInst = "RAM">   --->   Core 82 'RAM' <Latency = 1> <II = 1> <Delay = 0.67> <Storage> <Opcode : 'load' 'store'> <Ports = 2> <Width = 17> <Depth = 5> <RAM>
ST_2 : Operation 158 [2/2] (0.67ns)   --->   "%K_1_1_2_load = load i3 %K_1_1_2_addr" [../src/riccati_solver_hls.cpp:379]   --->   Operation 158 'load' 'K_1_1_2_load' <Predicate = (!icmp_ln349)> <Delay = 0.67> <CoreInst = "RAM">   --->   Core 82 'RAM' <Latency = 1> <II = 1> <Delay = 0.67> <Storage> <Opcode : 'load' 'store'> <Ports = 2> <Width = 17> <Depth = 5> <RAM>
ST_2 : Operation 159 [2/2] (0.67ns)   --->   "%K_2_1_2_load = load i3 %K_2_1_2_addr" [../src/riccati_solver_hls.cpp:379]   --->   Operation 159 'load' 'K_2_1_2_load' <Predicate = (!icmp_ln349)> <Delay = 0.67> <CoreInst = "RAM">   --->   Core 82 'RAM' <Latency = 1> <II = 1> <Delay = 0.67> <Storage> <Opcode : 'load' 'store'> <Ports = 2> <Width = 17> <Depth = 5> <RAM>
ST_2 : Operation 160 [2/2] (0.67ns)   --->   "%K_3_1_2_load = load i3 %K_3_1_2_addr" [../src/riccati_solver_hls.cpp:379]   --->   Operation 160 'load' 'K_3_1_2_load' <Predicate = (!icmp_ln349)> <Delay = 0.67> <CoreInst = "RAM">   --->   Core 82 'RAM' <Latency = 1> <II = 1> <Delay = 0.67> <Storage> <Opcode : 'load' 'store'> <Ports = 2> <Width = 17> <Depth = 5> <RAM>
ST_2 : Operation 161 [1/1] (0.00ns)   --->   "%K_0_1_3_addr = getelementptr i17 %K_0_1_3, i64 0, i64 %zext_ln340" [../src/riccati_solver_hls.cpp:380]   --->   Operation 161 'getelementptr' 'K_0_1_3_addr' <Predicate = (!icmp_ln349)> <Delay = 0.00>
ST_2 : Operation 162 [1/1] (0.00ns)   --->   "%K_1_1_3_addr = getelementptr i17 %K_1_1_3, i64 0, i64 %zext_ln340" [../src/riccati_solver_hls.cpp:380]   --->   Operation 162 'getelementptr' 'K_1_1_3_addr' <Predicate = (!icmp_ln349)> <Delay = 0.00>
ST_2 : Operation 163 [1/1] (0.00ns)   --->   "%K_2_1_3_addr = getelementptr i17 %K_2_1_3, i64 0, i64 %zext_ln340" [../src/riccati_solver_hls.cpp:380]   --->   Operation 163 'getelementptr' 'K_2_1_3_addr' <Predicate = (!icmp_ln349)> <Delay = 0.00>
ST_2 : Operation 164 [1/1] (0.00ns)   --->   "%K_3_1_3_addr = getelementptr i17 %K_3_1_3, i64 0, i64 %zext_ln340" [../src/riccati_solver_hls.cpp:380]   --->   Operation 164 'getelementptr' 'K_3_1_3_addr' <Predicate = (!icmp_ln349)> <Delay = 0.00>
ST_2 : Operation 165 [2/2] (0.67ns)   --->   "%K_0_1_3_load = load i3 %K_0_1_3_addr" [../src/riccati_solver_hls.cpp:380]   --->   Operation 165 'load' 'K_0_1_3_load' <Predicate = (!icmp_ln349)> <Delay = 0.67> <CoreInst = "RAM">   --->   Core 82 'RAM' <Latency = 1> <II = 1> <Delay = 0.67> <Storage> <Opcode : 'load' 'store'> <Ports = 2> <Width = 17> <Depth = 5> <RAM>
ST_2 : Operation 166 [2/2] (0.67ns)   --->   "%K_1_1_3_load = load i3 %K_1_1_3_addr" [../src/riccati_solver_hls.cpp:380]   --->   Operation 166 'load' 'K_1_1_3_load' <Predicate = (!icmp_ln349)> <Delay = 0.67> <CoreInst = "RAM">   --->   Core 82 'RAM' <Latency = 1> <II = 1> <Delay = 0.67> <Storage> <Opcode : 'load' 'store'> <Ports = 2> <Width = 17> <Depth = 5> <RAM>
ST_2 : Operation 167 [2/2] (0.67ns)   --->   "%K_2_1_3_load = load i3 %K_2_1_3_addr" [../src/riccati_solver_hls.cpp:380]   --->   Operation 167 'load' 'K_2_1_3_load' <Predicate = (!icmp_ln349)> <Delay = 0.67> <CoreInst = "RAM">   --->   Core 82 'RAM' <Latency = 1> <II = 1> <Delay = 0.67> <Storage> <Opcode : 'load' 'store'> <Ports = 2> <Width = 17> <Depth = 5> <RAM>
ST_2 : Operation 168 [2/2] (0.67ns)   --->   "%K_3_1_3_load = load i3 %K_3_1_3_addr" [../src/riccati_solver_hls.cpp:380]   --->   Operation 168 'load' 'K_3_1_3_load' <Predicate = (!icmp_ln349)> <Delay = 0.67> <CoreInst = "RAM">   --->   Core 82 'RAM' <Latency = 1> <II = 1> <Delay = 0.67> <Storage> <Opcode : 'load' 'store'> <Ports = 2> <Width = 17> <Depth = 5> <RAM>
ST_2 : Operation 169 [1/1] (0.00ns)   --->   "%K_0_1_4_addr = getelementptr i17 %K_0_1_4, i64 0, i64 %zext_ln340" [../src/riccati_solver_hls.cpp:381]   --->   Operation 169 'getelementptr' 'K_0_1_4_addr' <Predicate = (!icmp_ln349)> <Delay = 0.00>
ST_2 : Operation 170 [1/1] (0.00ns)   --->   "%K_1_1_4_addr = getelementptr i17 %K_1_1_4, i64 0, i64 %zext_ln340" [../src/riccati_solver_hls.cpp:381]   --->   Operation 170 'getelementptr' 'K_1_1_4_addr' <Predicate = (!icmp_ln349)> <Delay = 0.00>
ST_2 : Operation 171 [1/1] (0.00ns)   --->   "%K_2_1_4_addr = getelementptr i17 %K_2_1_4, i64 0, i64 %zext_ln340" [../src/riccati_solver_hls.cpp:381]   --->   Operation 171 'getelementptr' 'K_2_1_4_addr' <Predicate = (!icmp_ln349)> <Delay = 0.00>
ST_2 : Operation 172 [1/1] (0.00ns)   --->   "%K_3_1_4_addr = getelementptr i17 %K_3_1_4, i64 0, i64 %zext_ln340" [../src/riccati_solver_hls.cpp:381]   --->   Operation 172 'getelementptr' 'K_3_1_4_addr' <Predicate = (!icmp_ln349)> <Delay = 0.00>
ST_2 : Operation 173 [2/2] (0.67ns)   --->   "%K_0_1_4_load = load i3 %K_0_1_4_addr" [../src/riccati_solver_hls.cpp:381]   --->   Operation 173 'load' 'K_0_1_4_load' <Predicate = (!icmp_ln349)> <Delay = 0.67> <CoreInst = "RAM">   --->   Core 82 'RAM' <Latency = 1> <II = 1> <Delay = 0.67> <Storage> <Opcode : 'load' 'store'> <Ports = 2> <Width = 17> <Depth = 5> <RAM>
ST_2 : Operation 174 [2/2] (0.67ns)   --->   "%K_1_1_4_load = load i3 %K_1_1_4_addr" [../src/riccati_solver_hls.cpp:381]   --->   Operation 174 'load' 'K_1_1_4_load' <Predicate = (!icmp_ln349)> <Delay = 0.67> <CoreInst = "RAM">   --->   Core 82 'RAM' <Latency = 1> <II = 1> <Delay = 0.67> <Storage> <Opcode : 'load' 'store'> <Ports = 2> <Width = 17> <Depth = 5> <RAM>
ST_2 : Operation 175 [2/2] (0.67ns)   --->   "%K_2_1_4_load = load i3 %K_2_1_4_addr" [../src/riccati_solver_hls.cpp:381]   --->   Operation 175 'load' 'K_2_1_4_load' <Predicate = (!icmp_ln349)> <Delay = 0.67> <CoreInst = "RAM">   --->   Core 82 'RAM' <Latency = 1> <II = 1> <Delay = 0.67> <Storage> <Opcode : 'load' 'store'> <Ports = 2> <Width = 17> <Depth = 5> <RAM>
ST_2 : Operation 176 [2/2] (0.67ns)   --->   "%K_3_1_4_load = load i3 %K_3_1_4_addr" [../src/riccati_solver_hls.cpp:381]   --->   Operation 176 'load' 'K_3_1_4_load' <Predicate = (!icmp_ln349)> <Delay = 0.67> <CoreInst = "RAM">   --->   Core 82 'RAM' <Latency = 1> <II = 1> <Delay = 0.67> <Storage> <Opcode : 'load' 'store'> <Ports = 2> <Width = 17> <Depth = 5> <RAM>
ST_2 : Operation 177 [1/1] (0.00ns)   --->   "%K_0_1_5_addr = getelementptr i17 %K_0_1_5, i64 0, i64 %zext_ln340" [../src/riccati_solver_hls.cpp:382]   --->   Operation 177 'getelementptr' 'K_0_1_5_addr' <Predicate = (!icmp_ln349)> <Delay = 0.00>
ST_2 : Operation 178 [1/1] (0.00ns)   --->   "%K_1_1_5_addr = getelementptr i17 %K_1_1_5, i64 0, i64 %zext_ln340" [../src/riccati_solver_hls.cpp:382]   --->   Operation 178 'getelementptr' 'K_1_1_5_addr' <Predicate = (!icmp_ln349)> <Delay = 0.00>
ST_2 : Operation 179 [1/1] (0.00ns)   --->   "%K_2_1_5_addr = getelementptr i17 %K_2_1_5, i64 0, i64 %zext_ln340" [../src/riccati_solver_hls.cpp:382]   --->   Operation 179 'getelementptr' 'K_2_1_5_addr' <Predicate = (!icmp_ln349)> <Delay = 0.00>
ST_2 : Operation 180 [1/1] (0.00ns)   --->   "%K_3_1_5_addr = getelementptr i17 %K_3_1_5, i64 0, i64 %zext_ln340" [../src/riccati_solver_hls.cpp:382]   --->   Operation 180 'getelementptr' 'K_3_1_5_addr' <Predicate = (!icmp_ln349)> <Delay = 0.00>
ST_2 : Operation 181 [2/2] (0.67ns)   --->   "%K_0_1_5_load = load i3 %K_0_1_5_addr" [../src/riccati_solver_hls.cpp:382]   --->   Operation 181 'load' 'K_0_1_5_load' <Predicate = (!icmp_ln349)> <Delay = 0.67> <CoreInst = "RAM">   --->   Core 82 'RAM' <Latency = 1> <II = 1> <Delay = 0.67> <Storage> <Opcode : 'load' 'store'> <Ports = 2> <Width = 17> <Depth = 5> <RAM>
ST_2 : Operation 182 [2/2] (0.67ns)   --->   "%K_1_1_5_load = load i3 %K_1_1_5_addr" [../src/riccati_solver_hls.cpp:382]   --->   Operation 182 'load' 'K_1_1_5_load' <Predicate = (!icmp_ln349)> <Delay = 0.67> <CoreInst = "RAM">   --->   Core 82 'RAM' <Latency = 1> <II = 1> <Delay = 0.67> <Storage> <Opcode : 'load' 'store'> <Ports = 2> <Width = 17> <Depth = 5> <RAM>
ST_2 : Operation 183 [2/2] (0.67ns)   --->   "%K_2_1_5_load = load i3 %K_2_1_5_addr" [../src/riccati_solver_hls.cpp:382]   --->   Operation 183 'load' 'K_2_1_5_load' <Predicate = (!icmp_ln349)> <Delay = 0.67> <CoreInst = "RAM">   --->   Core 82 'RAM' <Latency = 1> <II = 1> <Delay = 0.67> <Storage> <Opcode : 'load' 'store'> <Ports = 2> <Width = 17> <Depth = 5> <RAM>
ST_2 : Operation 184 [2/2] (0.67ns)   --->   "%K_3_1_5_load = load i3 %K_3_1_5_addr" [../src/riccati_solver_hls.cpp:382]   --->   Operation 184 'load' 'K_3_1_5_load' <Predicate = (!icmp_ln349)> <Delay = 0.67> <CoreInst = "RAM">   --->   Core 82 'RAM' <Latency = 1> <II = 1> <Delay = 0.67> <Storage> <Opcode : 'load' 'store'> <Ports = 2> <Width = 17> <Depth = 5> <RAM>
ST_2 : Operation 185 [1/1] (0.00ns)   --->   "%K_0_1_6_addr = getelementptr i17 %K_0_1_6, i64 0, i64 %zext_ln340" [../src/riccati_solver_hls.cpp:383]   --->   Operation 185 'getelementptr' 'K_0_1_6_addr' <Predicate = (!icmp_ln349)> <Delay = 0.00>
ST_2 : Operation 186 [1/1] (0.00ns)   --->   "%K_1_1_6_addr = getelementptr i17 %K_1_1_6, i64 0, i64 %zext_ln340" [../src/riccati_solver_hls.cpp:383]   --->   Operation 186 'getelementptr' 'K_1_1_6_addr' <Predicate = (!icmp_ln349)> <Delay = 0.00>
ST_2 : Operation 187 [1/1] (0.00ns)   --->   "%K_2_1_6_addr = getelementptr i17 %K_2_1_6, i64 0, i64 %zext_ln340" [../src/riccati_solver_hls.cpp:383]   --->   Operation 187 'getelementptr' 'K_2_1_6_addr' <Predicate = (!icmp_ln349)> <Delay = 0.00>
ST_2 : Operation 188 [1/1] (0.00ns)   --->   "%K_3_1_6_addr = getelementptr i17 %K_3_1_6, i64 0, i64 %zext_ln340" [../src/riccati_solver_hls.cpp:383]   --->   Operation 188 'getelementptr' 'K_3_1_6_addr' <Predicate = (!icmp_ln349)> <Delay = 0.00>
ST_2 : Operation 189 [2/2] (0.67ns)   --->   "%K_0_1_6_load = load i3 %K_0_1_6_addr" [../src/riccati_solver_hls.cpp:383]   --->   Operation 189 'load' 'K_0_1_6_load' <Predicate = (!icmp_ln349)> <Delay = 0.67> <CoreInst = "RAM">   --->   Core 82 'RAM' <Latency = 1> <II = 1> <Delay = 0.67> <Storage> <Opcode : 'load' 'store'> <Ports = 2> <Width = 17> <Depth = 5> <RAM>
ST_2 : Operation 190 [2/2] (0.67ns)   --->   "%K_1_1_6_load = load i3 %K_1_1_6_addr" [../src/riccati_solver_hls.cpp:383]   --->   Operation 190 'load' 'K_1_1_6_load' <Predicate = (!icmp_ln349)> <Delay = 0.67> <CoreInst = "RAM">   --->   Core 82 'RAM' <Latency = 1> <II = 1> <Delay = 0.67> <Storage> <Opcode : 'load' 'store'> <Ports = 2> <Width = 17> <Depth = 5> <RAM>
ST_2 : Operation 191 [2/2] (0.67ns)   --->   "%K_2_1_6_load = load i3 %K_2_1_6_addr" [../src/riccati_solver_hls.cpp:383]   --->   Operation 191 'load' 'K_2_1_6_load' <Predicate = (!icmp_ln349)> <Delay = 0.67> <CoreInst = "RAM">   --->   Core 82 'RAM' <Latency = 1> <II = 1> <Delay = 0.67> <Storage> <Opcode : 'load' 'store'> <Ports = 2> <Width = 17> <Depth = 5> <RAM>
ST_2 : Operation 192 [2/2] (0.67ns)   --->   "%K_3_1_6_load = load i3 %K_3_1_6_addr" [../src/riccati_solver_hls.cpp:383]   --->   Operation 192 'load' 'K_3_1_6_load' <Predicate = (!icmp_ln349)> <Delay = 0.67> <CoreInst = "RAM">   --->   Core 82 'RAM' <Latency = 1> <II = 1> <Delay = 0.67> <Storage> <Opcode : 'load' 'store'> <Ports = 2> <Width = 17> <Depth = 5> <RAM>
ST_2 : Operation 193 [1/1] (0.00ns)   --->   "%K_0_1_7_addr = getelementptr i17 %K_0_1_7, i64 0, i64 %zext_ln340" [../src/riccati_solver_hls.cpp:384]   --->   Operation 193 'getelementptr' 'K_0_1_7_addr' <Predicate = (!icmp_ln349)> <Delay = 0.00>
ST_2 : Operation 194 [1/1] (0.00ns)   --->   "%K_1_1_7_addr = getelementptr i17 %K_1_1_7, i64 0, i64 %zext_ln340" [../src/riccati_solver_hls.cpp:384]   --->   Operation 194 'getelementptr' 'K_1_1_7_addr' <Predicate = (!icmp_ln349)> <Delay = 0.00>
ST_2 : Operation 195 [1/1] (0.00ns)   --->   "%K_2_1_7_addr = getelementptr i17 %K_2_1_7, i64 0, i64 %zext_ln340" [../src/riccati_solver_hls.cpp:384]   --->   Operation 195 'getelementptr' 'K_2_1_7_addr' <Predicate = (!icmp_ln349)> <Delay = 0.00>
ST_2 : Operation 196 [1/1] (0.00ns)   --->   "%K_3_1_7_addr = getelementptr i17 %K_3_1_7, i64 0, i64 %zext_ln340" [../src/riccati_solver_hls.cpp:384]   --->   Operation 196 'getelementptr' 'K_3_1_7_addr' <Predicate = (!icmp_ln349)> <Delay = 0.00>
ST_2 : Operation 197 [2/2] (0.67ns)   --->   "%K_0_1_7_load = load i3 %K_0_1_7_addr" [../src/riccati_solver_hls.cpp:384]   --->   Operation 197 'load' 'K_0_1_7_load' <Predicate = (!icmp_ln349)> <Delay = 0.67> <CoreInst = "RAM">   --->   Core 82 'RAM' <Latency = 1> <II = 1> <Delay = 0.67> <Storage> <Opcode : 'load' 'store'> <Ports = 2> <Width = 17> <Depth = 5> <RAM>
ST_2 : Operation 198 [2/2] (0.67ns)   --->   "%K_1_1_7_load = load i3 %K_1_1_7_addr" [../src/riccati_solver_hls.cpp:384]   --->   Operation 198 'load' 'K_1_1_7_load' <Predicate = (!icmp_ln349)> <Delay = 0.67> <CoreInst = "RAM">   --->   Core 82 'RAM' <Latency = 1> <II = 1> <Delay = 0.67> <Storage> <Opcode : 'load' 'store'> <Ports = 2> <Width = 17> <Depth = 5> <RAM>
ST_2 : Operation 199 [2/2] (0.67ns)   --->   "%K_2_1_7_load = load i3 %K_2_1_7_addr" [../src/riccati_solver_hls.cpp:384]   --->   Operation 199 'load' 'K_2_1_7_load' <Predicate = (!icmp_ln349)> <Delay = 0.67> <CoreInst = "RAM">   --->   Core 82 'RAM' <Latency = 1> <II = 1> <Delay = 0.67> <Storage> <Opcode : 'load' 'store'> <Ports = 2> <Width = 17> <Depth = 5> <RAM>
ST_2 : Operation 200 [2/2] (0.67ns)   --->   "%K_3_1_7_load = load i3 %K_3_1_7_addr" [../src/riccati_solver_hls.cpp:384]   --->   Operation 200 'load' 'K_3_1_7_load' <Predicate = (!icmp_ln349)> <Delay = 0.67> <CoreInst = "RAM">   --->   Core 82 'RAM' <Latency = 1> <II = 1> <Delay = 0.67> <Storage> <Opcode : 'load' 'store'> <Ports = 2> <Width = 17> <Depth = 5> <RAM>
ST_2 : Operation 201 [1/1] (0.42ns)   --->   "%store_ln340 = store i5 %add_ln436, i5 %k" [../src/riccati_solver_hls.cpp:340]   --->   Operation 201 'store' 'store_ln340' <Predicate = (!icmp_ln349)> <Delay = 0.42>
ST_2 : Operation 202 [1/1] (0.00ns)   --->   "%ret_ln442 = ret" [../src/riccati_solver_hls.cpp:442]   --->   Operation 202 'ret' 'ret_ln442' <Predicate = (icmp_ln349)> <Delay = 0.00>

State 3 <SV = 2> <Delay = 3.28>
ST_3 : Operation 203 [1/1] (0.00ns)   --->   "%p_shl = bitconcatenate i8 @_ssdm_op_BitConcatenate.i8.i5.i3, i5 %k_1, i3 0" [../src/riccati_solver_hls.cpp:409]   --->   Operation 203 'bitconcatenate' 'p_shl' <Predicate = true> <Delay = 0.00>
ST_3 : Operation 204 [1/1] (0.00ns)   --->   "%tmp = bitconcatenate i6 @_ssdm_op_BitConcatenate.i6.i5.i1, i5 %k_1, i1 0" [../src/riccati_solver_hls.cpp:409]   --->   Operation 204 'bitconcatenate' 'tmp' <Predicate = true> <Delay = 0.00>
ST_3 : Operation 205 [1/1] (0.00ns)   --->   "%zext_ln409 = zext i6 %tmp" [../src/riccati_solver_hls.cpp:409]   --->   Operation 205 'zext' 'zext_ln409' <Predicate = true> <Delay = 0.00>
ST_3 : Operation 206 [1/1] (0.76ns)   --->   "%sub_ln409 = sub i8 %p_shl, i8 %zext_ln409" [../src/riccati_solver_hls.cpp:409]   --->   Operation 206 'sub' 'sub_ln409' <Predicate = true> <Delay = 0.76> <CoreInst = "Adder">   --->   Core 1 'Adder' <Latency = 0> <II = 1> <Delay = 0.76> <FuncUnit> <Opcode : 'add' 'sub'> <InPorts = 2> <OutPorts = 1>
ST_3 : Operation 207 [1/1] (0.00ns)   --->   "%zext_ln352 = zext i8 %sub_ln409" [../src/riccati_solver_hls.cpp:352]   --->   Operation 207 'zext' 'zext_ln352' <Predicate = true> <Delay = 0.00>
ST_3 : Operation 208 [1/1] (0.00ns)   --->   "%trunc_ln352 = trunc i8 %sub_ln409" [../src/riccati_solver_hls.cpp:352]   --->   Operation 208 'trunc' 'trunc_ln352' <Predicate = true> <Delay = 0.00>
ST_3 : Operation 209 [1/1] (0.00ns)   --->   "%step_data_1_addr = getelementptr i26 %step_data_1, i64 0, i64 %zext_ln352" [../src/riccati_solver_hls.cpp:352]   --->   Operation 209 'getelementptr' 'step_data_1_addr' <Predicate = true> <Delay = 0.00>
ST_3 : Operation 210 [1/1] (0.00ns)   --->   "%tmp_cast = partselect i6 @_ssdm_op_PartSelect.i6.i8.i32.i32, i8 %sub_ln409, i32 1, i32 6" [../src/riccati_solver_hls.cpp:353]   --->   Operation 210 'partselect' 'tmp_cast' <Predicate = true> <Delay = 0.00>
ST_3 : Operation 211 [1/1] (0.00ns)   --->   "%tmp_1 = bitconcatenate i7 @_ssdm_op_BitConcatenate.i7.i6.i1, i6 %tmp_cast, i1 1" [../src/riccati_solver_hls.cpp:353]   --->   Operation 211 'bitconcatenate' 'tmp_1' <Predicate = true> <Delay = 0.00>
ST_3 : Operation 212 [1/1] (0.00ns)   --->   "%zext_ln353 = zext i7 %tmp_1" [../src/riccati_solver_hls.cpp:353]   --->   Operation 212 'zext' 'zext_ln353' <Predicate = true> <Delay = 0.00>
ST_3 : Operation 213 [1/1] (0.00ns)   --->   "%step_data_1_addr_1 = getelementptr i26 %step_data_1, i64 0, i64 %zext_ln353" [../src/riccati_solver_hls.cpp:353]   --->   Operation 213 'getelementptr' 'step_data_1_addr_1' <Predicate = true> <Delay = 0.00>
ST_3 : Operation 214 [1/1] (0.00ns)   --->   "%trunc_ln349 = trunc i5 %k_1" [../src/riccati_solver_hls.cpp:349]   --->   Operation 214 'trunc' 'trunc_ln349' <Predicate = true> <Delay = 0.00>
ST_3 : Operation 215 [2/2] (1.23ns)   --->   "%step_data_1_load = load i7 %step_data_1_addr" [../src/riccati_solver_hls.cpp:401]   --->   Operation 215 'load' 'step_data_1_load' <Predicate = true> <Delay = 1.23> <CoreInst = "RAM_2P_BRAM">   --->   Core 93 'RAM_2P_BRAM' <Latency = 1> <II = 1> <Delay = 1.23> <Storage> <Opcode : 'load' 'store'> <Ports = 2> <Width = 26> <Depth = 120> <RAM>
ST_3 : Operation 216 [2/2] (1.23ns)   --->   "%step_data_1_load_1 = load i7 %step_data_1_addr_1" [../src/riccati_solver_hls.cpp:402]   --->   Operation 216 'load' 'step_data_1_load_1' <Predicate = true> <Delay = 1.23> <CoreInst = "RAM_2P_BRAM">   --->   Core 93 'RAM_2P_BRAM' <Latency = 1> <II = 1> <Delay = 1.23> <Storage> <Opcode : 'load' 'store'> <Ports = 2> <Width = 26> <Depth = 120> <RAM>
ST_3 : Operation 217 [1/2] ( I:0.67ns O:0.67ns )   --->   "%value = load i5 %x_out_0_addr_1" [../src/riccati_solver_hls.cpp:363]   --->   Operation 217 'load' 'value' <Predicate = true> <Delay = 0.67> <CoreInst = "RAM_2P_LUTRAM">   --->   Core 92 'RAM_2P_LUTRAM' <Latency = 1> <II = 1> <Delay = 0.67> <Storage> <Opcode : 'load' 'store'> <Ports = 2> <Width = 26> <Depth = 21> <RAM>
ST_3 : Operation 218 [1/2] ( I:0.67ns O:0.67ns )   --->   "%value_1 = load i5 %x_out_1_addr_1" [../src/riccati_solver_hls.cpp:363]   --->   Operation 218 'load' 'value_1' <Predicate = true> <Delay = 0.67> <CoreInst = "RAM_2P_LUTRAM">   --->   Core 92 'RAM_2P_LUTRAM' <Latency = 1> <II = 1> <Delay = 0.67> <Storage> <Opcode : 'load' 'store'> <Ports = 2> <Width = 26> <Depth = 21> <RAM>
ST_3 : Operation 219 [1/2] ( I:0.67ns O:0.67ns )   --->   "%value_2 = load i5 %x_out_2_addr_1" [../src/riccati_solver_hls.cpp:363]   --->   Operation 219 'load' 'value_2' <Predicate = true> <Delay = 0.67> <CoreInst = "RAM_2P_LUTRAM">   --->   Core 92 'RAM_2P_LUTRAM' <Latency = 1> <II = 1> <Delay = 0.67> <Storage> <Opcode : 'load' 'store'> <Ports = 2> <Width = 26> <Depth = 21> <RAM>
ST_3 : Operation 220 [1/2] ( I:0.67ns O:0.67ns )   --->   "%value_3 = load i5 %x_out_3_addr_1" [../src/riccati_solver_hls.cpp:363]   --->   Operation 220 'load' 'value_3' <Predicate = true> <Delay = 0.67> <CoreInst = "RAM_2P_LUTRAM">   --->   Core 92 'RAM_2P_LUTRAM' <Latency = 1> <II = 1> <Delay = 0.67> <Storage> <Opcode : 'load' 'store'> <Ports = 2> <Width = 26> <Depth = 21> <RAM>
ST_3 : Operation 221 [1/2] ( I:0.67ns O:0.67ns )   --->   "%value_4 = load i5 %x_out_4_addr_1" [../src/riccati_solver_hls.cpp:363]   --->   Operation 221 'load' 'value_4' <Predicate = true> <Delay = 0.67> <CoreInst = "RAM_2P_LUTRAM">   --->   Core 92 'RAM_2P_LUTRAM' <Latency = 1> <II = 1> <Delay = 0.67> <Storage> <Opcode : 'load' 'store'> <Ports = 2> <Width = 26> <Depth = 21> <RAM>
ST_3 : Operation 222 [1/2] ( I:0.67ns O:0.67ns )   --->   "%value_5 = load i5 %x_out_5_addr_1" [../src/riccati_solver_hls.cpp:363]   --->   Operation 222 'load' 'value_5' <Predicate = true> <Delay = 0.67> <CoreInst = "RAM_2P_LUTRAM">   --->   Core 92 'RAM_2P_LUTRAM' <Latency = 1> <II = 1> <Delay = 0.67> <Storage> <Opcode : 'load' 'store'> <Ports = 2> <Width = 26> <Depth = 21> <RAM>
ST_3 : Operation 223 [1/2] ( I:0.67ns O:0.67ns )   --->   "%value_6 = load i5 %x_out_6_addr_1" [../src/riccati_solver_hls.cpp:363]   --->   Operation 223 'load' 'value_6' <Predicate = true> <Delay = 0.67> <CoreInst = "RAM_2P_LUTRAM">   --->   Core 92 'RAM_2P_LUTRAM' <Latency = 1> <II = 1> <Delay = 0.67> <Storage> <Opcode : 'load' 'store'> <Ports = 2> <Width = 26> <Depth = 21> <RAM>
ST_3 : Operation 224 [1/2] ( I:0.67ns O:0.67ns )   --->   "%value_7 = load i5 %x_out_7_addr_1" [../src/riccati_solver_hls.cpp:363]   --->   Operation 224 'load' 'value_7' <Predicate = true> <Delay = 0.67> <CoreInst = "RAM_2P_LUTRAM">   --->   Core 92 'RAM_2P_LUTRAM' <Latency = 1> <II = 1> <Delay = 0.67> <Storage> <Opcode : 'load' 'store'> <Ports = 2> <Width = 26> <Depth = 21> <RAM>
ST_3 : Operation 225 [1/2] ( I:0.67ns O:0.67ns )   --->   "%K_0_0_0_load = load i3 %K_0_0_0_addr" [../src/riccati_solver_hls.cpp:367]   --->   Operation 225 'load' 'K_0_0_0_load' <Predicate = true> <Delay = 0.67> <CoreInst = "RAM">   --->   Core 82 'RAM' <Latency = 1> <II = 1> <Delay = 0.67> <Storage> <Opcode : 'load' 'store'> <Ports = 2> <Width = 17> <Depth = 5> <RAM>
ST_3 : Operation 226 [1/2] ( I:0.67ns O:0.67ns )   --->   "%K_1_0_0_load = load i3 %K_1_0_0_addr" [../src/riccati_solver_hls.cpp:367]   --->   Operation 226 'load' 'K_1_0_0_load' <Predicate = true> <Delay = 0.67> <CoreInst = "RAM">   --->   Core 82 'RAM' <Latency = 1> <II = 1> <Delay = 0.67> <Storage> <Opcode : 'load' 'store'> <Ports = 2> <Width = 17> <Depth = 5> <RAM>
ST_3 : Operation 227 [1/2] ( I:0.67ns O:0.67ns )   --->   "%K_2_0_0_load = load i3 %K_2_0_0_addr" [../src/riccati_solver_hls.cpp:367]   --->   Operation 227 'load' 'K_2_0_0_load' <Predicate = true> <Delay = 0.67> <CoreInst = "RAM">   --->   Core 82 'RAM' <Latency = 1> <II = 1> <Delay = 0.67> <Storage> <Opcode : 'load' 'store'> <Ports = 2> <Width = 17> <Depth = 5> <RAM>
ST_3 : Operation 228 [1/2] ( I:0.67ns O:0.67ns )   --->   "%K_3_0_0_load = load i3 %K_3_0_0_addr" [../src/riccati_solver_hls.cpp:367]   --->   Operation 228 'load' 'K_3_0_0_load' <Predicate = true> <Delay = 0.67> <CoreInst = "RAM">   --->   Core 82 'RAM' <Latency = 1> <II = 1> <Delay = 0.67> <Storage> <Opcode : 'load' 'store'> <Ports = 2> <Width = 17> <Depth = 5> <RAM>
ST_3 : Operation 229 [1/1] (0.52ns)   --->   "%a = sparsemux i17 @_ssdm_op_SparseMux.ap_auto.4i17.i17.i2, i2 0, i17 %K_0_0_0_load, i2 1, i17 %K_1_0_0_load, i2 2, i17 %K_2_0_0_load, i2 3, i17 %K_3_0_0_load, i17 0, i2 %trunc_ln349" [../src/riccati_solver_hls.cpp:367]   --->   Operation 229 'sparsemux' 'a' <Predicate = true> <Delay = 0.52> <CoreInst = "BinarySparseMux_DontCare">   --->   Core 149 'BinarySparseMux_DontCare' <Latency = 0> <II = 1> <Delay = 0.52> <FuncUnit> <Opcode : 'sparsemux'> <InPorts = 2> <OutPorts = 1>
ST_3 : Operation 230 [1/1] (0.00ns)   --->   "%sext_ln303 = sext i17 %a" [../src/fp_math_hls.cpp:303->../src/riccati_solver_hls.cpp:367]   --->   Operation 230 'sext' 'sext_ln303' <Predicate = true> <Delay = 0.00>
ST_3 : Operation 231 [1/1] (0.00ns)   --->   "%sext_ln303_1 = sext i26 %value" [../src/fp_math_hls.cpp:303->../src/riccati_solver_hls.cpp:367]   --->   Operation 231 'sext' 'sext_ln303_1' <Predicate = true> <Delay = 0.00>
ST_3 : Operation 232 [2/2] (2.08ns)   --->   "%mul_ln303 = mul i43 %sext_ln303_1, i43 %sext_ln303" [../src/fp_math_hls.cpp:303->../src/riccati_solver_hls.cpp:367]   --->   Operation 232 'mul' 'mul_ln303' <Predicate = true> <Delay = 2.08> <CoreInst = "Mul_DSP">   --->   Core 5 'Mul_DSP' <Latency = 1> <II = 1> <Delay = 2.08> <FuncUnit> <Opcode : 'mul'> <InPorts = 2> <OutPorts = 1>
ST_3 : Operation 233 [1/2] ( I:0.67ns O:0.67ns )   --->   "%K_0_0_1_load = load i3 %K_0_0_1_addr" [../src/riccati_solver_hls.cpp:368]   --->   Operation 233 'load' 'K_0_0_1_load' <Predicate = true> <Delay = 0.67> <CoreInst = "RAM">   --->   Core 82 'RAM' <Latency = 1> <II = 1> <Delay = 0.67> <Storage> <Opcode : 'load' 'store'> <Ports = 2> <Width = 17> <Depth = 5> <RAM>
ST_3 : Operation 234 [1/2] ( I:0.67ns O:0.67ns )   --->   "%K_1_0_1_load = load i3 %K_1_0_1_addr" [../src/riccati_solver_hls.cpp:368]   --->   Operation 234 'load' 'K_1_0_1_load' <Predicate = true> <Delay = 0.67> <CoreInst = "RAM">   --->   Core 82 'RAM' <Latency = 1> <II = 1> <Delay = 0.67> <Storage> <Opcode : 'load' 'store'> <Ports = 2> <Width = 17> <Depth = 5> <RAM>
ST_3 : Operation 235 [1/2] ( I:0.67ns O:0.67ns )   --->   "%K_2_0_1_load = load i3 %K_2_0_1_addr" [../src/riccati_solver_hls.cpp:368]   --->   Operation 235 'load' 'K_2_0_1_load' <Predicate = true> <Delay = 0.67> <CoreInst = "RAM">   --->   Core 82 'RAM' <Latency = 1> <II = 1> <Delay = 0.67> <Storage> <Opcode : 'load' 'store'> <Ports = 2> <Width = 17> <Depth = 5> <RAM>
ST_3 : Operation 236 [1/2] ( I:0.67ns O:0.67ns )   --->   "%K_3_0_1_load = load i3 %K_3_0_1_addr" [../src/riccati_solver_hls.cpp:368]   --->   Operation 236 'load' 'K_3_0_1_load' <Predicate = true> <Delay = 0.67> <CoreInst = "RAM">   --->   Core 82 'RAM' <Latency = 1> <II = 1> <Delay = 0.67> <Storage> <Opcode : 'load' 'store'> <Ports = 2> <Width = 17> <Depth = 5> <RAM>
ST_3 : Operation 237 [1/1] (0.52ns)   --->   "%a_1 = sparsemux i17 @_ssdm_op_SparseMux.ap_auto.4i17.i17.i2, i2 0, i17 %K_0_0_1_load, i2 1, i17 %K_1_0_1_load, i2 2, i17 %K_2_0_1_load, i2 3, i17 %K_3_0_1_load, i17 0, i2 %trunc_ln349" [../src/riccati_solver_hls.cpp:368]   --->   Operation 237 'sparsemux' 'a_1' <Predicate = true> <Delay = 0.52> <CoreInst = "BinarySparseMux_DontCare">   --->   Core 149 'BinarySparseMux_DontCare' <Latency = 0> <II = 1> <Delay = 0.52> <FuncUnit> <Opcode : 'sparsemux'> <InPorts = 2> <OutPorts = 1>
ST_3 : Operation 238 [1/1] (0.00ns)   --->   "%sext_ln303_2 = sext i17 %a_1" [../src/fp_math_hls.cpp:303->../src/riccati_solver_hls.cpp:368]   --->   Operation 238 'sext' 'sext_ln303_2' <Predicate = true> <Delay = 0.00>
ST_3 : Operation 239 [1/1] (0.00ns)   --->   "%sext_ln303_3 = sext i26 %value_1" [../src/fp_math_hls.cpp:303->../src/riccati_solver_hls.cpp:368]   --->   Operation 239 'sext' 'sext_ln303_3' <Predicate = true> <Delay = 0.00>
ST_3 : Operation 240 [2/2] (2.08ns)   --->   "%mul_ln303_1 = mul i43 %sext_ln303_3, i43 %sext_ln303_2" [../src/fp_math_hls.cpp:303->../src/riccati_solver_hls.cpp:368]   --->   Operation 240 'mul' 'mul_ln303_1' <Predicate = true> <Delay = 2.08> <CoreInst = "Mul_DSP">   --->   Core 5 'Mul_DSP' <Latency = 1> <II = 1> <Delay = 2.08> <FuncUnit> <Opcode : 'mul'> <InPorts = 2> <OutPorts = 1>
ST_3 : Operation 241 [1/2] ( I:0.67ns O:0.67ns )   --->   "%K_0_0_2_load = load i3 %K_0_0_2_addr" [../src/riccati_solver_hls.cpp:369]   --->   Operation 241 'load' 'K_0_0_2_load' <Predicate = true> <Delay = 0.67> <CoreInst = "RAM">   --->   Core 82 'RAM' <Latency = 1> <II = 1> <Delay = 0.67> <Storage> <Opcode : 'load' 'store'> <Ports = 2> <Width = 17> <Depth = 5> <RAM>
ST_3 : Operation 242 [1/2] ( I:0.67ns O:0.67ns )   --->   "%K_1_0_2_load = load i3 %K_1_0_2_addr" [../src/riccati_solver_hls.cpp:369]   --->   Operation 242 'load' 'K_1_0_2_load' <Predicate = true> <Delay = 0.67> <CoreInst = "RAM">   --->   Core 82 'RAM' <Latency = 1> <II = 1> <Delay = 0.67> <Storage> <Opcode : 'load' 'store'> <Ports = 2> <Width = 17> <Depth = 5> <RAM>
ST_3 : Operation 243 [1/2] ( I:0.67ns O:0.67ns )   --->   "%K_2_0_2_load = load i3 %K_2_0_2_addr" [../src/riccati_solver_hls.cpp:369]   --->   Operation 243 'load' 'K_2_0_2_load' <Predicate = true> <Delay = 0.67> <CoreInst = "RAM">   --->   Core 82 'RAM' <Latency = 1> <II = 1> <Delay = 0.67> <Storage> <Opcode : 'load' 'store'> <Ports = 2> <Width = 17> <Depth = 5> <RAM>
ST_3 : Operation 244 [1/2] ( I:0.67ns O:0.67ns )   --->   "%K_3_0_2_load = load i3 %K_3_0_2_addr" [../src/riccati_solver_hls.cpp:369]   --->   Operation 244 'load' 'K_3_0_2_load' <Predicate = true> <Delay = 0.67> <CoreInst = "RAM">   --->   Core 82 'RAM' <Latency = 1> <II = 1> <Delay = 0.67> <Storage> <Opcode : 'load' 'store'> <Ports = 2> <Width = 17> <Depth = 5> <RAM>
ST_3 : Operation 245 [1/1] (0.52ns)   --->   "%a_2 = sparsemux i17 @_ssdm_op_SparseMux.ap_auto.4i17.i17.i2, i2 0, i17 %K_0_0_2_load, i2 1, i17 %K_1_0_2_load, i2 2, i17 %K_2_0_2_load, i2 3, i17 %K_3_0_2_load, i17 0, i2 %trunc_ln349" [../src/riccati_solver_hls.cpp:369]   --->   Operation 245 'sparsemux' 'a_2' <Predicate = true> <Delay = 0.52> <CoreInst = "BinarySparseMux_DontCare">   --->   Core 149 'BinarySparseMux_DontCare' <Latency = 0> <II = 1> <Delay = 0.52> <FuncUnit> <Opcode : 'sparsemux'> <InPorts = 2> <OutPorts = 1>
ST_3 : Operation 246 [1/1] (0.00ns)   --->   "%sext_ln303_4 = sext i17 %a_2" [../src/fp_math_hls.cpp:303->../src/riccati_solver_hls.cpp:369]   --->   Operation 246 'sext' 'sext_ln303_4' <Predicate = true> <Delay = 0.00>
ST_3 : Operation 247 [1/1] (0.00ns)   --->   "%sext_ln303_5 = sext i26 %value_2" [../src/fp_math_hls.cpp:303->../src/riccati_solver_hls.cpp:369]   --->   Operation 247 'sext' 'sext_ln303_5' <Predicate = true> <Delay = 0.00>
ST_3 : Operation 248 [2/2] (2.08ns)   --->   "%mul_ln303_2 = mul i43 %sext_ln303_5, i43 %sext_ln303_4" [../src/fp_math_hls.cpp:303->../src/riccati_solver_hls.cpp:369]   --->   Operation 248 'mul' 'mul_ln303_2' <Predicate = true> <Delay = 2.08> <CoreInst = "Mul_DSP">   --->   Core 5 'Mul_DSP' <Latency = 1> <II = 1> <Delay = 2.08> <FuncUnit> <Opcode : 'mul'> <InPorts = 2> <OutPorts = 1>
ST_3 : Operation 249 [1/2] ( I:0.67ns O:0.67ns )   --->   "%K_0_0_3_load = load i3 %K_0_0_3_addr" [../src/riccati_solver_hls.cpp:370]   --->   Operation 249 'load' 'K_0_0_3_load' <Predicate = true> <Delay = 0.67> <CoreInst = "RAM">   --->   Core 82 'RAM' <Latency = 1> <II = 1> <Delay = 0.67> <Storage> <Opcode : 'load' 'store'> <Ports = 2> <Width = 17> <Depth = 5> <RAM>
ST_3 : Operation 250 [1/2] ( I:0.67ns O:0.67ns )   --->   "%K_1_0_3_load = load i3 %K_1_0_3_addr" [../src/riccati_solver_hls.cpp:370]   --->   Operation 250 'load' 'K_1_0_3_load' <Predicate = true> <Delay = 0.67> <CoreInst = "RAM">   --->   Core 82 'RAM' <Latency = 1> <II = 1> <Delay = 0.67> <Storage> <Opcode : 'load' 'store'> <Ports = 2> <Width = 17> <Depth = 5> <RAM>
ST_3 : Operation 251 [1/2] ( I:0.67ns O:0.67ns )   --->   "%K_2_0_3_load = load i3 %K_2_0_3_addr" [../src/riccati_solver_hls.cpp:370]   --->   Operation 251 'load' 'K_2_0_3_load' <Predicate = true> <Delay = 0.67> <CoreInst = "RAM">   --->   Core 82 'RAM' <Latency = 1> <II = 1> <Delay = 0.67> <Storage> <Opcode : 'load' 'store'> <Ports = 2> <Width = 17> <Depth = 5> <RAM>
ST_3 : Operation 252 [1/2] ( I:0.67ns O:0.67ns )   --->   "%K_3_0_3_load = load i3 %K_3_0_3_addr" [../src/riccati_solver_hls.cpp:370]   --->   Operation 252 'load' 'K_3_0_3_load' <Predicate = true> <Delay = 0.67> <CoreInst = "RAM">   --->   Core 82 'RAM' <Latency = 1> <II = 1> <Delay = 0.67> <Storage> <Opcode : 'load' 'store'> <Ports = 2> <Width = 17> <Depth = 5> <RAM>
ST_3 : Operation 253 [1/1] (0.52ns)   --->   "%a_3 = sparsemux i17 @_ssdm_op_SparseMux.ap_auto.4i17.i17.i2, i2 0, i17 %K_0_0_3_load, i2 1, i17 %K_1_0_3_load, i2 2, i17 %K_2_0_3_load, i2 3, i17 %K_3_0_3_load, i17 0, i2 %trunc_ln349" [../src/riccati_solver_hls.cpp:370]   --->   Operation 253 'sparsemux' 'a_3' <Predicate = true> <Delay = 0.52> <CoreInst = "BinarySparseMux_DontCare">   --->   Core 149 'BinarySparseMux_DontCare' <Latency = 0> <II = 1> <Delay = 0.52> <FuncUnit> <Opcode : 'sparsemux'> <InPorts = 2> <OutPorts = 1>
ST_3 : Operation 254 [1/1] (0.00ns)   --->   "%sext_ln303_6 = sext i17 %a_3" [../src/fp_math_hls.cpp:303->../src/riccati_solver_hls.cpp:370]   --->   Operation 254 'sext' 'sext_ln303_6' <Predicate = true> <Delay = 0.00>
ST_3 : Operation 255 [1/1] (0.00ns)   --->   "%sext_ln303_7 = sext i26 %value_3" [../src/fp_math_hls.cpp:303->../src/riccati_solver_hls.cpp:370]   --->   Operation 255 'sext' 'sext_ln303_7' <Predicate = true> <Delay = 0.00>
ST_3 : Operation 256 [2/2] (2.08ns)   --->   "%mul_ln303_3 = mul i43 %sext_ln303_7, i43 %sext_ln303_6" [../src/fp_math_hls.cpp:303->../src/riccati_solver_hls.cpp:370]   --->   Operation 256 'mul' 'mul_ln303_3' <Predicate = true> <Delay = 2.08> <CoreInst = "Mul_DSP">   --->   Core 5 'Mul_DSP' <Latency = 1> <II = 1> <Delay = 2.08> <FuncUnit> <Opcode : 'mul'> <InPorts = 2> <OutPorts = 1>
ST_3 : Operation 257 [1/2] ( I:0.67ns O:0.67ns )   --->   "%K_0_0_4_load = load i3 %K_0_0_4_addr" [../src/riccati_solver_hls.cpp:371]   --->   Operation 257 'load' 'K_0_0_4_load' <Predicate = true> <Delay = 0.67> <CoreInst = "RAM">   --->   Core 82 'RAM' <Latency = 1> <II = 1> <Delay = 0.67> <Storage> <Opcode : 'load' 'store'> <Ports = 2> <Width = 17> <Depth = 5> <RAM>
ST_3 : Operation 258 [1/2] ( I:0.67ns O:0.67ns )   --->   "%K_1_0_4_load = load i3 %K_1_0_4_addr" [../src/riccati_solver_hls.cpp:371]   --->   Operation 258 'load' 'K_1_0_4_load' <Predicate = true> <Delay = 0.67> <CoreInst = "RAM">   --->   Core 82 'RAM' <Latency = 1> <II = 1> <Delay = 0.67> <Storage> <Opcode : 'load' 'store'> <Ports = 2> <Width = 17> <Depth = 5> <RAM>
ST_3 : Operation 259 [1/2] ( I:0.67ns O:0.67ns )   --->   "%K_2_0_4_load = load i3 %K_2_0_4_addr" [../src/riccati_solver_hls.cpp:371]   --->   Operation 259 'load' 'K_2_0_4_load' <Predicate = true> <Delay = 0.67> <CoreInst = "RAM">   --->   Core 82 'RAM' <Latency = 1> <II = 1> <Delay = 0.67> <Storage> <Opcode : 'load' 'store'> <Ports = 2> <Width = 17> <Depth = 5> <RAM>
ST_3 : Operation 260 [1/2] ( I:0.67ns O:0.67ns )   --->   "%K_3_0_4_load = load i3 %K_3_0_4_addr" [../src/riccati_solver_hls.cpp:371]   --->   Operation 260 'load' 'K_3_0_4_load' <Predicate = true> <Delay = 0.67> <CoreInst = "RAM">   --->   Core 82 'RAM' <Latency = 1> <II = 1> <Delay = 0.67> <Storage> <Opcode : 'load' 'store'> <Ports = 2> <Width = 17> <Depth = 5> <RAM>
ST_3 : Operation 261 [1/1] (0.52ns)   --->   "%a_4 = sparsemux i17 @_ssdm_op_SparseMux.ap_auto.4i17.i17.i2, i2 0, i17 %K_0_0_4_load, i2 1, i17 %K_1_0_4_load, i2 2, i17 %K_2_0_4_load, i2 3, i17 %K_3_0_4_load, i17 0, i2 %trunc_ln349" [../src/riccati_solver_hls.cpp:371]   --->   Operation 261 'sparsemux' 'a_4' <Predicate = true> <Delay = 0.52> <CoreInst = "BinarySparseMux_DontCare">   --->   Core 149 'BinarySparseMux_DontCare' <Latency = 0> <II = 1> <Delay = 0.52> <FuncUnit> <Opcode : 'sparsemux'> <InPorts = 2> <OutPorts = 1>
ST_3 : Operation 262 [1/1] (0.00ns)   --->   "%sext_ln303_8 = sext i17 %a_4" [../src/fp_math_hls.cpp:303->../src/riccati_solver_hls.cpp:371]   --->   Operation 262 'sext' 'sext_ln303_8' <Predicate = true> <Delay = 0.00>
ST_3 : Operation 263 [1/1] (0.00ns)   --->   "%sext_ln303_9 = sext i26 %value_4" [../src/fp_math_hls.cpp:303->../src/riccati_solver_hls.cpp:371]   --->   Operation 263 'sext' 'sext_ln303_9' <Predicate = true> <Delay = 0.00>
ST_3 : Operation 264 [2/2] (2.08ns)   --->   "%mul_ln303_4 = mul i43 %sext_ln303_9, i43 %sext_ln303_8" [../src/fp_math_hls.cpp:303->../src/riccati_solver_hls.cpp:371]   --->   Operation 264 'mul' 'mul_ln303_4' <Predicate = true> <Delay = 2.08> <CoreInst = "Mul_DSP">   --->   Core 5 'Mul_DSP' <Latency = 1> <II = 1> <Delay = 2.08> <FuncUnit> <Opcode : 'mul'> <InPorts = 2> <OutPorts = 1>
ST_3 : Operation 265 [1/2] ( I:0.67ns O:0.67ns )   --->   "%K_0_0_5_load = load i3 %K_0_0_5_addr" [../src/riccati_solver_hls.cpp:372]   --->   Operation 265 'load' 'K_0_0_5_load' <Predicate = true> <Delay = 0.67> <CoreInst = "RAM">   --->   Core 82 'RAM' <Latency = 1> <II = 1> <Delay = 0.67> <Storage> <Opcode : 'load' 'store'> <Ports = 2> <Width = 17> <Depth = 5> <RAM>
ST_3 : Operation 266 [1/2] ( I:0.67ns O:0.67ns )   --->   "%K_1_0_5_load = load i3 %K_1_0_5_addr" [../src/riccati_solver_hls.cpp:372]   --->   Operation 266 'load' 'K_1_0_5_load' <Predicate = true> <Delay = 0.67> <CoreInst = "RAM">   --->   Core 82 'RAM' <Latency = 1> <II = 1> <Delay = 0.67> <Storage> <Opcode : 'load' 'store'> <Ports = 2> <Width = 17> <Depth = 5> <RAM>
ST_3 : Operation 267 [1/2] ( I:0.67ns O:0.67ns )   --->   "%K_2_0_5_load = load i3 %K_2_0_5_addr" [../src/riccati_solver_hls.cpp:372]   --->   Operation 267 'load' 'K_2_0_5_load' <Predicate = true> <Delay = 0.67> <CoreInst = "RAM">   --->   Core 82 'RAM' <Latency = 1> <II = 1> <Delay = 0.67> <Storage> <Opcode : 'load' 'store'> <Ports = 2> <Width = 17> <Depth = 5> <RAM>
ST_3 : Operation 268 [1/2] ( I:0.67ns O:0.67ns )   --->   "%K_3_0_5_load = load i3 %K_3_0_5_addr" [../src/riccati_solver_hls.cpp:372]   --->   Operation 268 'load' 'K_3_0_5_load' <Predicate = true> <Delay = 0.67> <CoreInst = "RAM">   --->   Core 82 'RAM' <Latency = 1> <II = 1> <Delay = 0.67> <Storage> <Opcode : 'load' 'store'> <Ports = 2> <Width = 17> <Depth = 5> <RAM>
ST_3 : Operation 269 [1/1] (0.52ns)   --->   "%a_5 = sparsemux i17 @_ssdm_op_SparseMux.ap_auto.4i17.i17.i2, i2 0, i17 %K_0_0_5_load, i2 1, i17 %K_1_0_5_load, i2 2, i17 %K_2_0_5_load, i2 3, i17 %K_3_0_5_load, i17 0, i2 %trunc_ln349" [../src/riccati_solver_hls.cpp:372]   --->   Operation 269 'sparsemux' 'a_5' <Predicate = true> <Delay = 0.52> <CoreInst = "BinarySparseMux_DontCare">   --->   Core 149 'BinarySparseMux_DontCare' <Latency = 0> <II = 1> <Delay = 0.52> <FuncUnit> <Opcode : 'sparsemux'> <InPorts = 2> <OutPorts = 1>
ST_3 : Operation 270 [1/1] (0.00ns)   --->   "%sext_ln303_10 = sext i17 %a_5" [../src/fp_math_hls.cpp:303->../src/riccati_solver_hls.cpp:372]   --->   Operation 270 'sext' 'sext_ln303_10' <Predicate = true> <Delay = 0.00>
ST_3 : Operation 271 [1/1] (0.00ns)   --->   "%sext_ln303_11 = sext i26 %value_5" [../src/fp_math_hls.cpp:303->../src/riccati_solver_hls.cpp:372]   --->   Operation 271 'sext' 'sext_ln303_11' <Predicate = true> <Delay = 0.00>
ST_3 : Operation 272 [2/2] (2.08ns)   --->   "%mul_ln303_5 = mul i43 %sext_ln303_11, i43 %sext_ln303_10" [../src/fp_math_hls.cpp:303->../src/riccati_solver_hls.cpp:372]   --->   Operation 272 'mul' 'mul_ln303_5' <Predicate = true> <Delay = 2.08> <CoreInst = "Mul_DSP">   --->   Core 5 'Mul_DSP' <Latency = 1> <II = 1> <Delay = 2.08> <FuncUnit> <Opcode : 'mul'> <InPorts = 2> <OutPorts = 1>
ST_3 : Operation 273 [1/2] ( I:0.67ns O:0.67ns )   --->   "%K_0_0_6_load = load i3 %K_0_0_6_addr" [../src/riccati_solver_hls.cpp:373]   --->   Operation 273 'load' 'K_0_0_6_load' <Predicate = true> <Delay = 0.67> <CoreInst = "RAM">   --->   Core 82 'RAM' <Latency = 1> <II = 1> <Delay = 0.67> <Storage> <Opcode : 'load' 'store'> <Ports = 2> <Width = 17> <Depth = 5> <RAM>
ST_3 : Operation 274 [1/2] ( I:0.67ns O:0.67ns )   --->   "%K_1_0_6_load = load i3 %K_1_0_6_addr" [../src/riccati_solver_hls.cpp:373]   --->   Operation 274 'load' 'K_1_0_6_load' <Predicate = true> <Delay = 0.67> <CoreInst = "RAM">   --->   Core 82 'RAM' <Latency = 1> <II = 1> <Delay = 0.67> <Storage> <Opcode : 'load' 'store'> <Ports = 2> <Width = 17> <Depth = 5> <RAM>
ST_3 : Operation 275 [1/2] ( I:0.67ns O:0.67ns )   --->   "%K_2_0_6_load = load i3 %K_2_0_6_addr" [../src/riccati_solver_hls.cpp:373]   --->   Operation 275 'load' 'K_2_0_6_load' <Predicate = true> <Delay = 0.67> <CoreInst = "RAM">   --->   Core 82 'RAM' <Latency = 1> <II = 1> <Delay = 0.67> <Storage> <Opcode : 'load' 'store'> <Ports = 2> <Width = 17> <Depth = 5> <RAM>
ST_3 : Operation 276 [1/2] ( I:0.67ns O:0.67ns )   --->   "%K_3_0_6_load = load i3 %K_3_0_6_addr" [../src/riccati_solver_hls.cpp:373]   --->   Operation 276 'load' 'K_3_0_6_load' <Predicate = true> <Delay = 0.67> <CoreInst = "RAM">   --->   Core 82 'RAM' <Latency = 1> <II = 1> <Delay = 0.67> <Storage> <Opcode : 'load' 'store'> <Ports = 2> <Width = 17> <Depth = 5> <RAM>
ST_3 : Operation 277 [1/1] (0.52ns)   --->   "%a_6 = sparsemux i17 @_ssdm_op_SparseMux.ap_auto.4i17.i17.i2, i2 0, i17 %K_0_0_6_load, i2 1, i17 %K_1_0_6_load, i2 2, i17 %K_2_0_6_load, i2 3, i17 %K_3_0_6_load, i17 0, i2 %trunc_ln349" [../src/riccati_solver_hls.cpp:373]   --->   Operation 277 'sparsemux' 'a_6' <Predicate = true> <Delay = 0.52> <CoreInst = "BinarySparseMux_DontCare">   --->   Core 149 'BinarySparseMux_DontCare' <Latency = 0> <II = 1> <Delay = 0.52> <FuncUnit> <Opcode : 'sparsemux'> <InPorts = 2> <OutPorts = 1>
ST_3 : Operation 278 [1/1] (0.00ns)   --->   "%sext_ln303_12 = sext i17 %a_6" [../src/fp_math_hls.cpp:303->../src/riccati_solver_hls.cpp:373]   --->   Operation 278 'sext' 'sext_ln303_12' <Predicate = true> <Delay = 0.00>
ST_3 : Operation 279 [1/1] (0.00ns)   --->   "%sext_ln303_13 = sext i26 %value_6" [../src/fp_math_hls.cpp:303->../src/riccati_solver_hls.cpp:373]   --->   Operation 279 'sext' 'sext_ln303_13' <Predicate = true> <Delay = 0.00>
ST_3 : Operation 280 [2/2] (2.08ns)   --->   "%mul_ln303_6 = mul i43 %sext_ln303_13, i43 %sext_ln303_12" [../src/fp_math_hls.cpp:303->../src/riccati_solver_hls.cpp:373]   --->   Operation 280 'mul' 'mul_ln303_6' <Predicate = true> <Delay = 2.08> <CoreInst = "Mul_DSP">   --->   Core 5 'Mul_DSP' <Latency = 1> <II = 1> <Delay = 2.08> <FuncUnit> <Opcode : 'mul'> <InPorts = 2> <OutPorts = 1>
ST_3 : Operation 281 [1/2] ( I:0.67ns O:0.67ns )   --->   "%K_0_0_7_load = load i3 %K_0_0_7_addr" [../src/riccati_solver_hls.cpp:374]   --->   Operation 281 'load' 'K_0_0_7_load' <Predicate = true> <Delay = 0.67> <CoreInst = "RAM">   --->   Core 82 'RAM' <Latency = 1> <II = 1> <Delay = 0.67> <Storage> <Opcode : 'load' 'store'> <Ports = 2> <Width = 17> <Depth = 5> <RAM>
ST_3 : Operation 282 [1/2] ( I:0.67ns O:0.67ns )   --->   "%K_1_0_7_load = load i3 %K_1_0_7_addr" [../src/riccati_solver_hls.cpp:374]   --->   Operation 282 'load' 'K_1_0_7_load' <Predicate = true> <Delay = 0.67> <CoreInst = "RAM">   --->   Core 82 'RAM' <Latency = 1> <II = 1> <Delay = 0.67> <Storage> <Opcode : 'load' 'store'> <Ports = 2> <Width = 17> <Depth = 5> <RAM>
ST_3 : Operation 283 [1/2] ( I:0.67ns O:0.67ns )   --->   "%K_2_0_7_load = load i3 %K_2_0_7_addr" [../src/riccati_solver_hls.cpp:374]   --->   Operation 283 'load' 'K_2_0_7_load' <Predicate = true> <Delay = 0.67> <CoreInst = "RAM">   --->   Core 82 'RAM' <Latency = 1> <II = 1> <Delay = 0.67> <Storage> <Opcode : 'load' 'store'> <Ports = 2> <Width = 17> <Depth = 5> <RAM>
ST_3 : Operation 284 [1/2] ( I:0.67ns O:0.67ns )   --->   "%K_3_0_7_load = load i3 %K_3_0_7_addr" [../src/riccati_solver_hls.cpp:374]   --->   Operation 284 'load' 'K_3_0_7_load' <Predicate = true> <Delay = 0.67> <CoreInst = "RAM">   --->   Core 82 'RAM' <Latency = 1> <II = 1> <Delay = 0.67> <Storage> <Opcode : 'load' 'store'> <Ports = 2> <Width = 17> <Depth = 5> <RAM>
ST_3 : Operation 285 [1/1] (0.52ns)   --->   "%a_7 = sparsemux i17 @_ssdm_op_SparseMux.ap_auto.4i17.i17.i2, i2 0, i17 %K_0_0_7_load, i2 1, i17 %K_1_0_7_load, i2 2, i17 %K_2_0_7_load, i2 3, i17 %K_3_0_7_load, i17 0, i2 %trunc_ln349" [../src/riccati_solver_hls.cpp:374]   --->   Operation 285 'sparsemux' 'a_7' <Predicate = true> <Delay = 0.52> <CoreInst = "BinarySparseMux_DontCare">   --->   Core 149 'BinarySparseMux_DontCare' <Latency = 0> <II = 1> <Delay = 0.52> <FuncUnit> <Opcode : 'sparsemux'> <InPorts = 2> <OutPorts = 1>
ST_3 : Operation 286 [1/1] (0.00ns)   --->   "%sext_ln303_14 = sext i17 %a_7" [../src/fp_math_hls.cpp:303->../src/riccati_solver_hls.cpp:374]   --->   Operation 286 'sext' 'sext_ln303_14' <Predicate = true> <Delay = 0.00>
ST_3 : Operation 287 [1/1] (0.00ns)   --->   "%sext_ln303_15 = sext i26 %value_7" [../src/fp_math_hls.cpp:303->../src/riccati_solver_hls.cpp:374]   --->   Operation 287 'sext' 'sext_ln303_15' <Predicate = true> <Delay = 0.00>
ST_3 : Operation 288 [2/2] (2.08ns)   --->   "%mul_ln303_7 = mul i43 %sext_ln303_15, i43 %sext_ln303_14" [../src/fp_math_hls.cpp:303->../src/riccati_solver_hls.cpp:374]   --->   Operation 288 'mul' 'mul_ln303_7' <Predicate = true> <Delay = 2.08> <CoreInst = "Mul_DSP">   --->   Core 5 'Mul_DSP' <Latency = 1> <II = 1> <Delay = 2.08> <FuncUnit> <Opcode : 'mul'> <InPorts = 2> <OutPorts = 1>
ST_3 : Operation 289 [1/2] ( I:0.67ns O:0.67ns )   --->   "%K_0_1_0_load = load i3 %K_0_1_0_addr" [../src/riccati_solver_hls.cpp:377]   --->   Operation 289 'load' 'K_0_1_0_load' <Predicate = true> <Delay = 0.67> <CoreInst = "RAM">   --->   Core 82 'RAM' <Latency = 1> <II = 1> <Delay = 0.67> <Storage> <Opcode : 'load' 'store'> <Ports = 2> <Width = 17> <Depth = 5> <RAM>
ST_3 : Operation 290 [1/2] ( I:0.67ns O:0.67ns )   --->   "%K_1_1_0_load = load i3 %K_1_1_0_addr" [../src/riccati_solver_hls.cpp:377]   --->   Operation 290 'load' 'K_1_1_0_load' <Predicate = true> <Delay = 0.67> <CoreInst = "RAM">   --->   Core 82 'RAM' <Latency = 1> <II = 1> <Delay = 0.67> <Storage> <Opcode : 'load' 'store'> <Ports = 2> <Width = 17> <Depth = 5> <RAM>
ST_3 : Operation 291 [1/2] ( I:0.67ns O:0.67ns )   --->   "%K_2_1_0_load = load i3 %K_2_1_0_addr" [../src/riccati_solver_hls.cpp:377]   --->   Operation 291 'load' 'K_2_1_0_load' <Predicate = true> <Delay = 0.67> <CoreInst = "RAM">   --->   Core 82 'RAM' <Latency = 1> <II = 1> <Delay = 0.67> <Storage> <Opcode : 'load' 'store'> <Ports = 2> <Width = 17> <Depth = 5> <RAM>
ST_3 : Operation 292 [1/2] ( I:0.67ns O:0.67ns )   --->   "%K_3_1_0_load = load i3 %K_3_1_0_addr" [../src/riccati_solver_hls.cpp:377]   --->   Operation 292 'load' 'K_3_1_0_load' <Predicate = true> <Delay = 0.67> <CoreInst = "RAM">   --->   Core 82 'RAM' <Latency = 1> <II = 1> <Delay = 0.67> <Storage> <Opcode : 'load' 'store'> <Ports = 2> <Width = 17> <Depth = 5> <RAM>
ST_3 : Operation 293 [1/1] (0.52ns)   --->   "%a_8 = sparsemux i17 @_ssdm_op_SparseMux.ap_auto.4i17.i17.i2, i2 0, i17 %K_0_1_0_load, i2 1, i17 %K_1_1_0_load, i2 2, i17 %K_2_1_0_load, i2 3, i17 %K_3_1_0_load, i17 0, i2 %trunc_ln349" [../src/riccati_solver_hls.cpp:377]   --->   Operation 293 'sparsemux' 'a_8' <Predicate = true> <Delay = 0.52> <CoreInst = "BinarySparseMux_DontCare">   --->   Core 149 'BinarySparseMux_DontCare' <Latency = 0> <II = 1> <Delay = 0.52> <FuncUnit> <Opcode : 'sparsemux'> <InPorts = 2> <OutPorts = 1>
ST_3 : Operation 294 [1/1] (0.00ns)   --->   "%sext_ln303_16 = sext i17 %a_8" [../src/fp_math_hls.cpp:303->../src/riccati_solver_hls.cpp:377]   --->   Operation 294 'sext' 'sext_ln303_16' <Predicate = true> <Delay = 0.00>
ST_3 : Operation 295 [2/2] (2.08ns)   --->   "%mul_ln303_8 = mul i43 %sext_ln303_1, i43 %sext_ln303_16" [../src/fp_math_hls.cpp:303->../src/riccati_solver_hls.cpp:377]   --->   Operation 295 'mul' 'mul_ln303_8' <Predicate = true> <Delay = 2.08> <CoreInst = "Mul_DSP">   --->   Core 5 'Mul_DSP' <Latency = 1> <II = 1> <Delay = 2.08> <FuncUnit> <Opcode : 'mul'> <InPorts = 2> <OutPorts = 1>
ST_3 : Operation 296 [1/2] ( I:0.67ns O:0.67ns )   --->   "%K_0_1_1_load = load i3 %K_0_1_1_addr" [../src/riccati_solver_hls.cpp:378]   --->   Operation 296 'load' 'K_0_1_1_load' <Predicate = true> <Delay = 0.67> <CoreInst = "RAM">   --->   Core 82 'RAM' <Latency = 1> <II = 1> <Delay = 0.67> <Storage> <Opcode : 'load' 'store'> <Ports = 2> <Width = 17> <Depth = 5> <RAM>
ST_3 : Operation 297 [1/2] ( I:0.67ns O:0.67ns )   --->   "%K_1_1_1_load = load i3 %K_1_1_1_addr" [../src/riccati_solver_hls.cpp:378]   --->   Operation 297 'load' 'K_1_1_1_load' <Predicate = true> <Delay = 0.67> <CoreInst = "RAM">   --->   Core 82 'RAM' <Latency = 1> <II = 1> <Delay = 0.67> <Storage> <Opcode : 'load' 'store'> <Ports = 2> <Width = 17> <Depth = 5> <RAM>
ST_3 : Operation 298 [1/2] ( I:0.67ns O:0.67ns )   --->   "%K_2_1_1_load = load i3 %K_2_1_1_addr" [../src/riccati_solver_hls.cpp:378]   --->   Operation 298 'load' 'K_2_1_1_load' <Predicate = true> <Delay = 0.67> <CoreInst = "RAM">   --->   Core 82 'RAM' <Latency = 1> <II = 1> <Delay = 0.67> <Storage> <Opcode : 'load' 'store'> <Ports = 2> <Width = 17> <Depth = 5> <RAM>
ST_3 : Operation 299 [1/2] ( I:0.67ns O:0.67ns )   --->   "%K_3_1_1_load = load i3 %K_3_1_1_addr" [../src/riccati_solver_hls.cpp:378]   --->   Operation 299 'load' 'K_3_1_1_load' <Predicate = true> <Delay = 0.67> <CoreInst = "RAM">   --->   Core 82 'RAM' <Latency = 1> <II = 1> <Delay = 0.67> <Storage> <Opcode : 'load' 'store'> <Ports = 2> <Width = 17> <Depth = 5> <RAM>
ST_3 : Operation 300 [1/1] (0.52ns)   --->   "%a_9 = sparsemux i17 @_ssdm_op_SparseMux.ap_auto.4i17.i17.i2, i2 0, i17 %K_0_1_1_load, i2 1, i17 %K_1_1_1_load, i2 2, i17 %K_2_1_1_load, i2 3, i17 %K_3_1_1_load, i17 0, i2 %trunc_ln349" [../src/riccati_solver_hls.cpp:378]   --->   Operation 300 'sparsemux' 'a_9' <Predicate = true> <Delay = 0.52> <CoreInst = "BinarySparseMux_DontCare">   --->   Core 149 'BinarySparseMux_DontCare' <Latency = 0> <II = 1> <Delay = 0.52> <FuncUnit> <Opcode : 'sparsemux'> <InPorts = 2> <OutPorts = 1>
ST_3 : Operation 301 [1/1] (0.00ns)   --->   "%sext_ln303_17 = sext i17 %a_9" [../src/fp_math_hls.cpp:303->../src/riccati_solver_hls.cpp:378]   --->   Operation 301 'sext' 'sext_ln303_17' <Predicate = true> <Delay = 0.00>
ST_3 : Operation 302 [2/2] (2.08ns)   --->   "%mul_ln303_9 = mul i43 %sext_ln303_3, i43 %sext_ln303_17" [../src/fp_math_hls.cpp:303->../src/riccati_solver_hls.cpp:378]   --->   Operation 302 'mul' 'mul_ln303_9' <Predicate = true> <Delay = 2.08> <CoreInst = "Mul_DSP">   --->   Core 5 'Mul_DSP' <Latency = 1> <II = 1> <Delay = 2.08> <FuncUnit> <Opcode : 'mul'> <InPorts = 2> <OutPorts = 1>
ST_3 : Operation 303 [1/2] ( I:0.67ns O:0.67ns )   --->   "%K_0_1_2_load = load i3 %K_0_1_2_addr" [../src/riccati_solver_hls.cpp:379]   --->   Operation 303 'load' 'K_0_1_2_load' <Predicate = true> <Delay = 0.67> <CoreInst = "RAM">   --->   Core 82 'RAM' <Latency = 1> <II = 1> <Delay = 0.67> <Storage> <Opcode : 'load' 'store'> <Ports = 2> <Width = 17> <Depth = 5> <RAM>
ST_3 : Operation 304 [1/2] ( I:0.67ns O:0.67ns )   --->   "%K_1_1_2_load = load i3 %K_1_1_2_addr" [../src/riccati_solver_hls.cpp:379]   --->   Operation 304 'load' 'K_1_1_2_load' <Predicate = true> <Delay = 0.67> <CoreInst = "RAM">   --->   Core 82 'RAM' <Latency = 1> <II = 1> <Delay = 0.67> <Storage> <Opcode : 'load' 'store'> <Ports = 2> <Width = 17> <Depth = 5> <RAM>
ST_3 : Operation 305 [1/2] ( I:0.67ns O:0.67ns )   --->   "%K_2_1_2_load = load i3 %K_2_1_2_addr" [../src/riccati_solver_hls.cpp:379]   --->   Operation 305 'load' 'K_2_1_2_load' <Predicate = true> <Delay = 0.67> <CoreInst = "RAM">   --->   Core 82 'RAM' <Latency = 1> <II = 1> <Delay = 0.67> <Storage> <Opcode : 'load' 'store'> <Ports = 2> <Width = 17> <Depth = 5> <RAM>
ST_3 : Operation 306 [1/2] ( I:0.67ns O:0.67ns )   --->   "%K_3_1_2_load = load i3 %K_3_1_2_addr" [../src/riccati_solver_hls.cpp:379]   --->   Operation 306 'load' 'K_3_1_2_load' <Predicate = true> <Delay = 0.67> <CoreInst = "RAM">   --->   Core 82 'RAM' <Latency = 1> <II = 1> <Delay = 0.67> <Storage> <Opcode : 'load' 'store'> <Ports = 2> <Width = 17> <Depth = 5> <RAM>
ST_3 : Operation 307 [1/1] (0.52ns)   --->   "%a_10 = sparsemux i17 @_ssdm_op_SparseMux.ap_auto.4i17.i17.i2, i2 0, i17 %K_0_1_2_load, i2 1, i17 %K_1_1_2_load, i2 2, i17 %K_2_1_2_load, i2 3, i17 %K_3_1_2_load, i17 0, i2 %trunc_ln349" [../src/riccati_solver_hls.cpp:379]   --->   Operation 307 'sparsemux' 'a_10' <Predicate = true> <Delay = 0.52> <CoreInst = "BinarySparseMux_DontCare">   --->   Core 149 'BinarySparseMux_DontCare' <Latency = 0> <II = 1> <Delay = 0.52> <FuncUnit> <Opcode : 'sparsemux'> <InPorts = 2> <OutPorts = 1>
ST_3 : Operation 308 [1/1] (0.00ns)   --->   "%sext_ln303_18 = sext i17 %a_10" [../src/fp_math_hls.cpp:303->../src/riccati_solver_hls.cpp:379]   --->   Operation 308 'sext' 'sext_ln303_18' <Predicate = true> <Delay = 0.00>
ST_3 : Operation 309 [2/2] (2.08ns)   --->   "%mul_ln303_10 = mul i43 %sext_ln303_5, i43 %sext_ln303_18" [../src/fp_math_hls.cpp:303->../src/riccati_solver_hls.cpp:379]   --->   Operation 309 'mul' 'mul_ln303_10' <Predicate = true> <Delay = 2.08> <CoreInst = "Mul_DSP">   --->   Core 5 'Mul_DSP' <Latency = 1> <II = 1> <Delay = 2.08> <FuncUnit> <Opcode : 'mul'> <InPorts = 2> <OutPorts = 1>
ST_3 : Operation 310 [1/2] ( I:0.67ns O:0.67ns )   --->   "%K_0_1_3_load = load i3 %K_0_1_3_addr" [../src/riccati_solver_hls.cpp:380]   --->   Operation 310 'load' 'K_0_1_3_load' <Predicate = true> <Delay = 0.67> <CoreInst = "RAM">   --->   Core 82 'RAM' <Latency = 1> <II = 1> <Delay = 0.67> <Storage> <Opcode : 'load' 'store'> <Ports = 2> <Width = 17> <Depth = 5> <RAM>
ST_3 : Operation 311 [1/2] ( I:0.67ns O:0.67ns )   --->   "%K_1_1_3_load = load i3 %K_1_1_3_addr" [../src/riccati_solver_hls.cpp:380]   --->   Operation 311 'load' 'K_1_1_3_load' <Predicate = true> <Delay = 0.67> <CoreInst = "RAM">   --->   Core 82 'RAM' <Latency = 1> <II = 1> <Delay = 0.67> <Storage> <Opcode : 'load' 'store'> <Ports = 2> <Width = 17> <Depth = 5> <RAM>
ST_3 : Operation 312 [1/2] ( I:0.67ns O:0.67ns )   --->   "%K_2_1_3_load = load i3 %K_2_1_3_addr" [../src/riccati_solver_hls.cpp:380]   --->   Operation 312 'load' 'K_2_1_3_load' <Predicate = true> <Delay = 0.67> <CoreInst = "RAM">   --->   Core 82 'RAM' <Latency = 1> <II = 1> <Delay = 0.67> <Storage> <Opcode : 'load' 'store'> <Ports = 2> <Width = 17> <Depth = 5> <RAM>
ST_3 : Operation 313 [1/2] ( I:0.67ns O:0.67ns )   --->   "%K_3_1_3_load = load i3 %K_3_1_3_addr" [../src/riccati_solver_hls.cpp:380]   --->   Operation 313 'load' 'K_3_1_3_load' <Predicate = true> <Delay = 0.67> <CoreInst = "RAM">   --->   Core 82 'RAM' <Latency = 1> <II = 1> <Delay = 0.67> <Storage> <Opcode : 'load' 'store'> <Ports = 2> <Width = 17> <Depth = 5> <RAM>
ST_3 : Operation 314 [1/1] (0.52ns)   --->   "%a_11 = sparsemux i17 @_ssdm_op_SparseMux.ap_auto.4i17.i17.i2, i2 0, i17 %K_0_1_3_load, i2 1, i17 %K_1_1_3_load, i2 2, i17 %K_2_1_3_load, i2 3, i17 %K_3_1_3_load, i17 0, i2 %trunc_ln349" [../src/riccati_solver_hls.cpp:380]   --->   Operation 314 'sparsemux' 'a_11' <Predicate = true> <Delay = 0.52> <CoreInst = "BinarySparseMux_DontCare">   --->   Core 149 'BinarySparseMux_DontCare' <Latency = 0> <II = 1> <Delay = 0.52> <FuncUnit> <Opcode : 'sparsemux'> <InPorts = 2> <OutPorts = 1>
ST_3 : Operation 315 [1/1] (0.00ns)   --->   "%sext_ln303_19 = sext i17 %a_11" [../src/fp_math_hls.cpp:303->../src/riccati_solver_hls.cpp:380]   --->   Operation 315 'sext' 'sext_ln303_19' <Predicate = true> <Delay = 0.00>
ST_3 : Operation 316 [2/2] (2.08ns)   --->   "%mul_ln303_11 = mul i43 %sext_ln303_7, i43 %sext_ln303_19" [../src/fp_math_hls.cpp:303->../src/riccati_solver_hls.cpp:380]   --->   Operation 316 'mul' 'mul_ln303_11' <Predicate = true> <Delay = 2.08> <CoreInst = "Mul_DSP">   --->   Core 5 'Mul_DSP' <Latency = 1> <II = 1> <Delay = 2.08> <FuncUnit> <Opcode : 'mul'> <InPorts = 2> <OutPorts = 1>
ST_3 : Operation 317 [1/2] ( I:0.67ns O:0.67ns )   --->   "%K_0_1_4_load = load i3 %K_0_1_4_addr" [../src/riccati_solver_hls.cpp:381]   --->   Operation 317 'load' 'K_0_1_4_load' <Predicate = true> <Delay = 0.67> <CoreInst = "RAM">   --->   Core 82 'RAM' <Latency = 1> <II = 1> <Delay = 0.67> <Storage> <Opcode : 'load' 'store'> <Ports = 2> <Width = 17> <Depth = 5> <RAM>
ST_3 : Operation 318 [1/2] ( I:0.67ns O:0.67ns )   --->   "%K_1_1_4_load = load i3 %K_1_1_4_addr" [../src/riccati_solver_hls.cpp:381]   --->   Operation 318 'load' 'K_1_1_4_load' <Predicate = true> <Delay = 0.67> <CoreInst = "RAM">   --->   Core 82 'RAM' <Latency = 1> <II = 1> <Delay = 0.67> <Storage> <Opcode : 'load' 'store'> <Ports = 2> <Width = 17> <Depth = 5> <RAM>
ST_3 : Operation 319 [1/2] ( I:0.67ns O:0.67ns )   --->   "%K_2_1_4_load = load i3 %K_2_1_4_addr" [../src/riccati_solver_hls.cpp:381]   --->   Operation 319 'load' 'K_2_1_4_load' <Predicate = true> <Delay = 0.67> <CoreInst = "RAM">   --->   Core 82 'RAM' <Latency = 1> <II = 1> <Delay = 0.67> <Storage> <Opcode : 'load' 'store'> <Ports = 2> <Width = 17> <Depth = 5> <RAM>
ST_3 : Operation 320 [1/2] ( I:0.67ns O:0.67ns )   --->   "%K_3_1_4_load = load i3 %K_3_1_4_addr" [../src/riccati_solver_hls.cpp:381]   --->   Operation 320 'load' 'K_3_1_4_load' <Predicate = true> <Delay = 0.67> <CoreInst = "RAM">   --->   Core 82 'RAM' <Latency = 1> <II = 1> <Delay = 0.67> <Storage> <Opcode : 'load' 'store'> <Ports = 2> <Width = 17> <Depth = 5> <RAM>
ST_3 : Operation 321 [1/1] (0.52ns)   --->   "%a_12 = sparsemux i17 @_ssdm_op_SparseMux.ap_auto.4i17.i17.i2, i2 0, i17 %K_0_1_4_load, i2 1, i17 %K_1_1_4_load, i2 2, i17 %K_2_1_4_load, i2 3, i17 %K_3_1_4_load, i17 0, i2 %trunc_ln349" [../src/riccati_solver_hls.cpp:381]   --->   Operation 321 'sparsemux' 'a_12' <Predicate = true> <Delay = 0.52> <CoreInst = "BinarySparseMux_DontCare">   --->   Core 149 'BinarySparseMux_DontCare' <Latency = 0> <II = 1> <Delay = 0.52> <FuncUnit> <Opcode : 'sparsemux'> <InPorts = 2> <OutPorts = 1>
ST_3 : Operation 322 [1/1] (0.00ns)   --->   "%sext_ln303_20 = sext i17 %a_12" [../src/fp_math_hls.cpp:303->../src/riccati_solver_hls.cpp:381]   --->   Operation 322 'sext' 'sext_ln303_20' <Predicate = true> <Delay = 0.00>
ST_3 : Operation 323 [2/2] (2.08ns)   --->   "%mul_ln303_12 = mul i43 %sext_ln303_9, i43 %sext_ln303_20" [../src/fp_math_hls.cpp:303->../src/riccati_solver_hls.cpp:381]   --->   Operation 323 'mul' 'mul_ln303_12' <Predicate = true> <Delay = 2.08> <CoreInst = "Mul_DSP">   --->   Core 5 'Mul_DSP' <Latency = 1> <II = 1> <Delay = 2.08> <FuncUnit> <Opcode : 'mul'> <InPorts = 2> <OutPorts = 1>
ST_3 : Operation 324 [1/2] ( I:0.67ns O:0.67ns )   --->   "%K_0_1_5_load = load i3 %K_0_1_5_addr" [../src/riccati_solver_hls.cpp:382]   --->   Operation 324 'load' 'K_0_1_5_load' <Predicate = true> <Delay = 0.67> <CoreInst = "RAM">   --->   Core 82 'RAM' <Latency = 1> <II = 1> <Delay = 0.67> <Storage> <Opcode : 'load' 'store'> <Ports = 2> <Width = 17> <Depth = 5> <RAM>
ST_3 : Operation 325 [1/2] ( I:0.67ns O:0.67ns )   --->   "%K_1_1_5_load = load i3 %K_1_1_5_addr" [../src/riccati_solver_hls.cpp:382]   --->   Operation 325 'load' 'K_1_1_5_load' <Predicate = true> <Delay = 0.67> <CoreInst = "RAM">   --->   Core 82 'RAM' <Latency = 1> <II = 1> <Delay = 0.67> <Storage> <Opcode : 'load' 'store'> <Ports = 2> <Width = 17> <Depth = 5> <RAM>
ST_3 : Operation 326 [1/2] ( I:0.67ns O:0.67ns )   --->   "%K_2_1_5_load = load i3 %K_2_1_5_addr" [../src/riccati_solver_hls.cpp:382]   --->   Operation 326 'load' 'K_2_1_5_load' <Predicate = true> <Delay = 0.67> <CoreInst = "RAM">   --->   Core 82 'RAM' <Latency = 1> <II = 1> <Delay = 0.67> <Storage> <Opcode : 'load' 'store'> <Ports = 2> <Width = 17> <Depth = 5> <RAM>
ST_3 : Operation 327 [1/2] ( I:0.67ns O:0.67ns )   --->   "%K_3_1_5_load = load i3 %K_3_1_5_addr" [../src/riccati_solver_hls.cpp:382]   --->   Operation 327 'load' 'K_3_1_5_load' <Predicate = true> <Delay = 0.67> <CoreInst = "RAM">   --->   Core 82 'RAM' <Latency = 1> <II = 1> <Delay = 0.67> <Storage> <Opcode : 'load' 'store'> <Ports = 2> <Width = 17> <Depth = 5> <RAM>
ST_3 : Operation 328 [1/1] (0.52ns)   --->   "%a_13 = sparsemux i17 @_ssdm_op_SparseMux.ap_auto.4i17.i17.i2, i2 0, i17 %K_0_1_5_load, i2 1, i17 %K_1_1_5_load, i2 2, i17 %K_2_1_5_load, i2 3, i17 %K_3_1_5_load, i17 0, i2 %trunc_ln349" [../src/riccati_solver_hls.cpp:382]   --->   Operation 328 'sparsemux' 'a_13' <Predicate = true> <Delay = 0.52> <CoreInst = "BinarySparseMux_DontCare">   --->   Core 149 'BinarySparseMux_DontCare' <Latency = 0> <II = 1> <Delay = 0.52> <FuncUnit> <Opcode : 'sparsemux'> <InPorts = 2> <OutPorts = 1>
ST_3 : Operation 329 [1/1] (0.00ns)   --->   "%sext_ln303_21 = sext i17 %a_13" [../src/fp_math_hls.cpp:303->../src/riccati_solver_hls.cpp:382]   --->   Operation 329 'sext' 'sext_ln303_21' <Predicate = true> <Delay = 0.00>
ST_3 : Operation 330 [2/2] (2.08ns)   --->   "%mul_ln303_13 = mul i43 %sext_ln303_11, i43 %sext_ln303_21" [../src/fp_math_hls.cpp:303->../src/riccati_solver_hls.cpp:382]   --->   Operation 330 'mul' 'mul_ln303_13' <Predicate = true> <Delay = 2.08> <CoreInst = "Mul_DSP">   --->   Core 5 'Mul_DSP' <Latency = 1> <II = 1> <Delay = 2.08> <FuncUnit> <Opcode : 'mul'> <InPorts = 2> <OutPorts = 1>
ST_3 : Operation 331 [1/2] ( I:0.67ns O:0.67ns )   --->   "%K_0_1_6_load = load i3 %K_0_1_6_addr" [../src/riccati_solver_hls.cpp:383]   --->   Operation 331 'load' 'K_0_1_6_load' <Predicate = true> <Delay = 0.67> <CoreInst = "RAM">   --->   Core 82 'RAM' <Latency = 1> <II = 1> <Delay = 0.67> <Storage> <Opcode : 'load' 'store'> <Ports = 2> <Width = 17> <Depth = 5> <RAM>
ST_3 : Operation 332 [1/2] ( I:0.67ns O:0.67ns )   --->   "%K_1_1_6_load = load i3 %K_1_1_6_addr" [../src/riccati_solver_hls.cpp:383]   --->   Operation 332 'load' 'K_1_1_6_load' <Predicate = true> <Delay = 0.67> <CoreInst = "RAM">   --->   Core 82 'RAM' <Latency = 1> <II = 1> <Delay = 0.67> <Storage> <Opcode : 'load' 'store'> <Ports = 2> <Width = 17> <Depth = 5> <RAM>
ST_3 : Operation 333 [1/2] ( I:0.67ns O:0.67ns )   --->   "%K_2_1_6_load = load i3 %K_2_1_6_addr" [../src/riccati_solver_hls.cpp:383]   --->   Operation 333 'load' 'K_2_1_6_load' <Predicate = true> <Delay = 0.67> <CoreInst = "RAM">   --->   Core 82 'RAM' <Latency = 1> <II = 1> <Delay = 0.67> <Storage> <Opcode : 'load' 'store'> <Ports = 2> <Width = 17> <Depth = 5> <RAM>
ST_3 : Operation 334 [1/2] ( I:0.67ns O:0.67ns )   --->   "%K_3_1_6_load = load i3 %K_3_1_6_addr" [../src/riccati_solver_hls.cpp:383]   --->   Operation 334 'load' 'K_3_1_6_load' <Predicate = true> <Delay = 0.67> <CoreInst = "RAM">   --->   Core 82 'RAM' <Latency = 1> <II = 1> <Delay = 0.67> <Storage> <Opcode : 'load' 'store'> <Ports = 2> <Width = 17> <Depth = 5> <RAM>
ST_3 : Operation 335 [1/1] (0.52ns)   --->   "%a_14 = sparsemux i17 @_ssdm_op_SparseMux.ap_auto.4i17.i17.i2, i2 0, i17 %K_0_1_6_load, i2 1, i17 %K_1_1_6_load, i2 2, i17 %K_2_1_6_load, i2 3, i17 %K_3_1_6_load, i17 0, i2 %trunc_ln349" [../src/riccati_solver_hls.cpp:383]   --->   Operation 335 'sparsemux' 'a_14' <Predicate = true> <Delay = 0.52> <CoreInst = "BinarySparseMux_DontCare">   --->   Core 149 'BinarySparseMux_DontCare' <Latency = 0> <II = 1> <Delay = 0.52> <FuncUnit> <Opcode : 'sparsemux'> <InPorts = 2> <OutPorts = 1>
ST_3 : Operation 336 [1/1] (0.00ns)   --->   "%sext_ln303_22 = sext i17 %a_14" [../src/fp_math_hls.cpp:303->../src/riccati_solver_hls.cpp:383]   --->   Operation 336 'sext' 'sext_ln303_22' <Predicate = true> <Delay = 0.00>
ST_3 : Operation 337 [2/2] (2.08ns)   --->   "%mul_ln303_14 = mul i43 %sext_ln303_13, i43 %sext_ln303_22" [../src/fp_math_hls.cpp:303->../src/riccati_solver_hls.cpp:383]   --->   Operation 337 'mul' 'mul_ln303_14' <Predicate = true> <Delay = 2.08> <CoreInst = "Mul_DSP">   --->   Core 5 'Mul_DSP' <Latency = 1> <II = 1> <Delay = 2.08> <FuncUnit> <Opcode : 'mul'> <InPorts = 2> <OutPorts = 1>
ST_3 : Operation 338 [1/2] ( I:0.67ns O:0.67ns )   --->   "%K_0_1_7_load = load i3 %K_0_1_7_addr" [../src/riccati_solver_hls.cpp:384]   --->   Operation 338 'load' 'K_0_1_7_load' <Predicate = true> <Delay = 0.67> <CoreInst = "RAM">   --->   Core 82 'RAM' <Latency = 1> <II = 1> <Delay = 0.67> <Storage> <Opcode : 'load' 'store'> <Ports = 2> <Width = 17> <Depth = 5> <RAM>
ST_3 : Operation 339 [1/2] ( I:0.67ns O:0.67ns )   --->   "%K_1_1_7_load = load i3 %K_1_1_7_addr" [../src/riccati_solver_hls.cpp:384]   --->   Operation 339 'load' 'K_1_1_7_load' <Predicate = true> <Delay = 0.67> <CoreInst = "RAM">   --->   Core 82 'RAM' <Latency = 1> <II = 1> <Delay = 0.67> <Storage> <Opcode : 'load' 'store'> <Ports = 2> <Width = 17> <Depth = 5> <RAM>
ST_3 : Operation 340 [1/2] ( I:0.67ns O:0.67ns )   --->   "%K_2_1_7_load = load i3 %K_2_1_7_addr" [../src/riccati_solver_hls.cpp:384]   --->   Operation 340 'load' 'K_2_1_7_load' <Predicate = true> <Delay = 0.67> <CoreInst = "RAM">   --->   Core 82 'RAM' <Latency = 1> <II = 1> <Delay = 0.67> <Storage> <Opcode : 'load' 'store'> <Ports = 2> <Width = 17> <Depth = 5> <RAM>
ST_3 : Operation 341 [1/2] ( I:0.67ns O:0.67ns )   --->   "%K_3_1_7_load = load i3 %K_3_1_7_addr" [../src/riccati_solver_hls.cpp:384]   --->   Operation 341 'load' 'K_3_1_7_load' <Predicate = true> <Delay = 0.67> <CoreInst = "RAM">   --->   Core 82 'RAM' <Latency = 1> <II = 1> <Delay = 0.67> <Storage> <Opcode : 'load' 'store'> <Ports = 2> <Width = 17> <Depth = 5> <RAM>
ST_3 : Operation 342 [1/1] (0.52ns)   --->   "%a_15 = sparsemux i17 @_ssdm_op_SparseMux.ap_auto.4i17.i17.i2, i2 0, i17 %K_0_1_7_load, i2 1, i17 %K_1_1_7_load, i2 2, i17 %K_2_1_7_load, i2 3, i17 %K_3_1_7_load, i17 0, i2 %trunc_ln349" [../src/riccati_solver_hls.cpp:384]   --->   Operation 342 'sparsemux' 'a_15' <Predicate = true> <Delay = 0.52> <CoreInst = "BinarySparseMux_DontCare">   --->   Core 149 'BinarySparseMux_DontCare' <Latency = 0> <II = 1> <Delay = 0.52> <FuncUnit> <Opcode : 'sparsemux'> <InPorts = 2> <OutPorts = 1>
ST_3 : Operation 343 [1/1] (0.00ns)   --->   "%sext_ln303_23 = sext i17 %a_15" [../src/fp_math_hls.cpp:303->../src/riccati_solver_hls.cpp:384]   --->   Operation 343 'sext' 'sext_ln303_23' <Predicate = true> <Delay = 0.00>
ST_3 : Operation 344 [2/2] (2.08ns)   --->   "%mul_ln303_15 = mul i43 %sext_ln303_15, i43 %sext_ln303_23" [../src/fp_math_hls.cpp:303->../src/riccati_solver_hls.cpp:384]   --->   Operation 344 'mul' 'mul_ln303_15' <Predicate = true> <Delay = 2.08> <CoreInst = "Mul_DSP">   --->   Core 5 'Mul_DSP' <Latency = 1> <II = 1> <Delay = 2.08> <FuncUnit> <Opcode : 'mul'> <InPorts = 2> <OutPorts = 1>

State 4 <SV = 3> <Delay = 2.08>
ST_4 : Operation 345 [1/1] (0.77ns)   --->   "%add_ln354 = add i7 %trunc_ln352, i7 2" [../src/riccati_solver_hls.cpp:354]   --->   Operation 345 'add' 'add_ln354' <Predicate = true> <Delay = 0.77> <CoreInst = "Adder">   --->   Core 1 'Adder' <Latency = 0> <II = 1> <Delay = 0.77> <FuncUnit> <Opcode : 'add' 'sub'> <InPorts = 2> <OutPorts = 1>
ST_4 : Operation 346 [1/1] (0.00ns)   --->   "%zext_ln354 = zext i7 %add_ln354" [../src/riccati_solver_hls.cpp:354]   --->   Operation 346 'zext' 'zext_ln354' <Predicate = true> <Delay = 0.00>
ST_4 : Operation 347 [1/1] (0.00ns)   --->   "%step_data_1_addr_2 = getelementptr i26 %step_data_1, i64 0, i64 %zext_ln354" [../src/riccati_solver_hls.cpp:354]   --->   Operation 347 'getelementptr' 'step_data_1_addr_2' <Predicate = true> <Delay = 0.00>
ST_4 : Operation 348 [1/1] (0.77ns)   --->   "%add_ln355 = add i7 %trunc_ln352, i7 3" [../src/riccati_solver_hls.cpp:355]   --->   Operation 348 'add' 'add_ln355' <Predicate = true> <Delay = 0.77> <CoreInst = "Adder">   --->   Core 1 'Adder' <Latency = 0> <II = 1> <Delay = 0.77> <FuncUnit> <Opcode : 'add' 'sub'> <InPorts = 2> <OutPorts = 1>
ST_4 : Operation 349 [1/1] (0.00ns)   --->   "%zext_ln355 = zext i7 %add_ln355" [../src/riccati_solver_hls.cpp:355]   --->   Operation 349 'zext' 'zext_ln355' <Predicate = true> <Delay = 0.00>
ST_4 : Operation 350 [1/1] (0.00ns)   --->   "%step_data_1_addr_3 = getelementptr i26 %step_data_1, i64 0, i64 %zext_ln355" [../src/riccati_solver_hls.cpp:355]   --->   Operation 350 'getelementptr' 'step_data_1_addr_3' <Predicate = true> <Delay = 0.00>
ST_4 : Operation 351 [1/2] ( I:1.23ns O:1.23ns )   --->   "%step_data_1_load = load i7 %step_data_1_addr" [../src/riccati_solver_hls.cpp:401]   --->   Operation 351 'load' 'step_data_1_load' <Predicate = true> <Delay = 1.23> <CoreInst = "RAM_2P_BRAM">   --->   Core 93 'RAM_2P_BRAM' <Latency = 1> <II = 1> <Delay = 1.23> <Storage> <Opcode : 'load' 'store'> <Ports = 2> <Width = 26> <Depth = 120> <RAM>
ST_4 : Operation 352 [1/1] (0.00ns)   --->   "%trunc_ln353 = trunc i26 %step_data_1_load" [../src/riccati_solver_hls.cpp:353]   --->   Operation 352 'trunc' 'trunc_ln353' <Predicate = true> <Delay = 0.00>
ST_4 : Operation 353 [1/2] ( I:1.23ns O:1.23ns )   --->   "%step_data_1_load_1 = load i7 %step_data_1_addr_1" [../src/riccati_solver_hls.cpp:402]   --->   Operation 353 'load' 'step_data_1_load_1' <Predicate = true> <Delay = 1.23> <CoreInst = "RAM_2P_BRAM">   --->   Core 93 'RAM_2P_BRAM' <Latency = 1> <II = 1> <Delay = 1.23> <Storage> <Opcode : 'load' 'store'> <Ports = 2> <Width = 26> <Depth = 120> <RAM>
ST_4 : Operation 354 [1/1] (0.00ns)   --->   "%trunc_ln354 = trunc i26 %step_data_1_load_1" [../src/riccati_solver_hls.cpp:354]   --->   Operation 354 'trunc' 'trunc_ln354' <Predicate = true> <Delay = 0.00>
ST_4 : Operation 355 [2/2] (1.23ns)   --->   "%step_data_1_load_2 = load i7 %step_data_1_addr_2" [../src/riccati_solver_hls.cpp:403]   --->   Operation 355 'load' 'step_data_1_load_2' <Predicate = true> <Delay = 1.23> <CoreInst = "RAM_2P_BRAM">   --->   Core 93 'RAM_2P_BRAM' <Latency = 1> <II = 1> <Delay = 1.23> <Storage> <Opcode : 'load' 'store'> <Ports = 2> <Width = 26> <Depth = 120> <RAM>
ST_4 : Operation 356 [2/2] (1.23ns)   --->   "%step_data_1_load_3 = load i7 %step_data_1_addr_3" [../src/riccati_solver_hls.cpp:404]   --->   Operation 356 'load' 'step_data_1_load_3' <Predicate = true> <Delay = 1.23> <CoreInst = "RAM_2P_BRAM">   --->   Core 93 'RAM_2P_BRAM' <Latency = 1> <II = 1> <Delay = 1.23> <Storage> <Opcode : 'load' 'store'> <Ports = 2> <Width = 26> <Depth = 120> <RAM>
ST_4 : Operation 357 [1/2] (2.08ns)   --->   "%mul_ln303 = mul i43 %sext_ln303_1, i43 %sext_ln303" [../src/fp_math_hls.cpp:303->../src/riccati_solver_hls.cpp:367]   --->   Operation 357 'mul' 'mul_ln303' <Predicate = true> <Delay = 2.08> <CoreInst = "Mul_DSP">   --->   Core 5 'Mul_DSP' <Latency = 1> <II = 1> <Delay = 2.08> <FuncUnit> <Opcode : 'mul'> <InPorts = 2> <OutPorts = 1>
ST_4 : Operation 358 [1/1] (0.00ns)   --->   "%specfucore_ln304 = specfucore void @_ssdm_op_SpecFUCore, i43 %mul_ln303, i64 12, i64 3, i64 1, i1 0" [../src/fp_math_hls.cpp:304->../src/riccati_solver_hls.cpp:367]   --->   Operation 358 'specfucore' 'specfucore_ln304' <Predicate = true> <Delay = 0.00>
ST_4 : Operation 359 [1/1] (0.00ns)   --->   "%product = trunc i43 %mul_ln303" [../src/fp_math_hls.cpp:303->../src/riccati_solver_hls.cpp:367]   --->   Operation 359 'trunc' 'product' <Predicate = true> <Delay = 0.00>
ST_4 : Operation 360 [1/2] (2.08ns)   --->   "%mul_ln303_1 = mul i43 %sext_ln303_3, i43 %sext_ln303_2" [../src/fp_math_hls.cpp:303->../src/riccati_solver_hls.cpp:368]   --->   Operation 360 'mul' 'mul_ln303_1' <Predicate = true> <Delay = 2.08> <CoreInst = "Mul_DSP">   --->   Core 5 'Mul_DSP' <Latency = 1> <II = 1> <Delay = 2.08> <FuncUnit> <Opcode : 'mul'> <InPorts = 2> <OutPorts = 1>
ST_4 : Operation 361 [1/1] (0.00ns)   --->   "%specfucore_ln304 = specfucore void @_ssdm_op_SpecFUCore, i43 %mul_ln303_1, i64 12, i64 3, i64 1, i1 0" [../src/fp_math_hls.cpp:304->../src/riccati_solver_hls.cpp:368]   --->   Operation 361 'specfucore' 'specfucore_ln304' <Predicate = true> <Delay = 0.00>
ST_4 : Operation 362 [1/1] (0.00ns)   --->   "%product_1 = trunc i43 %mul_ln303_1" [../src/fp_math_hls.cpp:303->../src/riccati_solver_hls.cpp:368]   --->   Operation 362 'trunc' 'product_1' <Predicate = true> <Delay = 0.00>
ST_4 : Operation 363 [1/2] (2.08ns)   --->   "%mul_ln303_2 = mul i43 %sext_ln303_5, i43 %sext_ln303_4" [../src/fp_math_hls.cpp:303->../src/riccati_solver_hls.cpp:369]   --->   Operation 363 'mul' 'mul_ln303_2' <Predicate = true> <Delay = 2.08> <CoreInst = "Mul_DSP">   --->   Core 5 'Mul_DSP' <Latency = 1> <II = 1> <Delay = 2.08> <FuncUnit> <Opcode : 'mul'> <InPorts = 2> <OutPorts = 1>
ST_4 : Operation 364 [1/1] (0.00ns)   --->   "%specfucore_ln304 = specfucore void @_ssdm_op_SpecFUCore, i43 %mul_ln303_2, i64 12, i64 3, i64 1, i1 0" [../src/fp_math_hls.cpp:304->../src/riccati_solver_hls.cpp:369]   --->   Operation 364 'specfucore' 'specfucore_ln304' <Predicate = true> <Delay = 0.00>
ST_4 : Operation 365 [1/1] (0.00ns)   --->   "%product_2 = trunc i43 %mul_ln303_2" [../src/fp_math_hls.cpp:303->../src/riccati_solver_hls.cpp:369]   --->   Operation 365 'trunc' 'product_2' <Predicate = true> <Delay = 0.00>
ST_4 : Operation 366 [1/2] (2.08ns)   --->   "%mul_ln303_3 = mul i43 %sext_ln303_7, i43 %sext_ln303_6" [../src/fp_math_hls.cpp:303->../src/riccati_solver_hls.cpp:370]   --->   Operation 366 'mul' 'mul_ln303_3' <Predicate = true> <Delay = 2.08> <CoreInst = "Mul_DSP">   --->   Core 5 'Mul_DSP' <Latency = 1> <II = 1> <Delay = 2.08> <FuncUnit> <Opcode : 'mul'> <InPorts = 2> <OutPorts = 1>
ST_4 : Operation 367 [1/1] (0.00ns)   --->   "%specfucore_ln304 = specfucore void @_ssdm_op_SpecFUCore, i43 %mul_ln303_3, i64 12, i64 3, i64 1, i1 0" [../src/fp_math_hls.cpp:304->../src/riccati_solver_hls.cpp:370]   --->   Operation 367 'specfucore' 'specfucore_ln304' <Predicate = true> <Delay = 0.00>
ST_4 : Operation 368 [1/1] (0.00ns)   --->   "%product_3 = trunc i43 %mul_ln303_3" [../src/fp_math_hls.cpp:303->../src/riccati_solver_hls.cpp:370]   --->   Operation 368 'trunc' 'product_3' <Predicate = true> <Delay = 0.00>
ST_4 : Operation 369 [1/2] (2.08ns)   --->   "%mul_ln303_4 = mul i43 %sext_ln303_9, i43 %sext_ln303_8" [../src/fp_math_hls.cpp:303->../src/riccati_solver_hls.cpp:371]   --->   Operation 369 'mul' 'mul_ln303_4' <Predicate = true> <Delay = 2.08> <CoreInst = "Mul_DSP">   --->   Core 5 'Mul_DSP' <Latency = 1> <II = 1> <Delay = 2.08> <FuncUnit> <Opcode : 'mul'> <InPorts = 2> <OutPorts = 1>
ST_4 : Operation 370 [1/1] (0.00ns)   --->   "%specfucore_ln304 = specfucore void @_ssdm_op_SpecFUCore, i43 %mul_ln303_4, i64 12, i64 3, i64 1, i1 0" [../src/fp_math_hls.cpp:304->../src/riccati_solver_hls.cpp:371]   --->   Operation 370 'specfucore' 'specfucore_ln304' <Predicate = true> <Delay = 0.00>
ST_4 : Operation 371 [1/1] (0.00ns)   --->   "%product_4 = trunc i43 %mul_ln303_4" [../src/fp_math_hls.cpp:303->../src/riccati_solver_hls.cpp:371]   --->   Operation 371 'trunc' 'product_4' <Predicate = true> <Delay = 0.00>
ST_4 : Operation 372 [1/2] (2.08ns)   --->   "%mul_ln303_5 = mul i43 %sext_ln303_11, i43 %sext_ln303_10" [../src/fp_math_hls.cpp:303->../src/riccati_solver_hls.cpp:372]   --->   Operation 372 'mul' 'mul_ln303_5' <Predicate = true> <Delay = 2.08> <CoreInst = "Mul_DSP">   --->   Core 5 'Mul_DSP' <Latency = 1> <II = 1> <Delay = 2.08> <FuncUnit> <Opcode : 'mul'> <InPorts = 2> <OutPorts = 1>
ST_4 : Operation 373 [1/1] (0.00ns)   --->   "%specfucore_ln304 = specfucore void @_ssdm_op_SpecFUCore, i43 %mul_ln303_5, i64 12, i64 3, i64 1, i1 0" [../src/fp_math_hls.cpp:304->../src/riccati_solver_hls.cpp:372]   --->   Operation 373 'specfucore' 'specfucore_ln304' <Predicate = true> <Delay = 0.00>
ST_4 : Operation 374 [1/1] (0.00ns)   --->   "%product_5 = trunc i43 %mul_ln303_5" [../src/fp_math_hls.cpp:303->../src/riccati_solver_hls.cpp:372]   --->   Operation 374 'trunc' 'product_5' <Predicate = true> <Delay = 0.00>
ST_4 : Operation 375 [1/2] (2.08ns)   --->   "%mul_ln303_6 = mul i43 %sext_ln303_13, i43 %sext_ln303_12" [../src/fp_math_hls.cpp:303->../src/riccati_solver_hls.cpp:373]   --->   Operation 375 'mul' 'mul_ln303_6' <Predicate = true> <Delay = 2.08> <CoreInst = "Mul_DSP">   --->   Core 5 'Mul_DSP' <Latency = 1> <II = 1> <Delay = 2.08> <FuncUnit> <Opcode : 'mul'> <InPorts = 2> <OutPorts = 1>
ST_4 : Operation 376 [1/1] (0.00ns)   --->   "%specfucore_ln304 = specfucore void @_ssdm_op_SpecFUCore, i43 %mul_ln303_6, i64 12, i64 3, i64 1, i1 0" [../src/fp_math_hls.cpp:304->../src/riccati_solver_hls.cpp:373]   --->   Operation 376 'specfucore' 'specfucore_ln304' <Predicate = true> <Delay = 0.00>
ST_4 : Operation 377 [1/1] (0.00ns)   --->   "%product_6 = trunc i43 %mul_ln303_6" [../src/fp_math_hls.cpp:303->../src/riccati_solver_hls.cpp:373]   --->   Operation 377 'trunc' 'product_6' <Predicate = true> <Delay = 0.00>
ST_4 : Operation 378 [1/2] (2.08ns)   --->   "%mul_ln303_7 = mul i43 %sext_ln303_15, i43 %sext_ln303_14" [../src/fp_math_hls.cpp:303->../src/riccati_solver_hls.cpp:374]   --->   Operation 378 'mul' 'mul_ln303_7' <Predicate = true> <Delay = 2.08> <CoreInst = "Mul_DSP">   --->   Core 5 'Mul_DSP' <Latency = 1> <II = 1> <Delay = 2.08> <FuncUnit> <Opcode : 'mul'> <InPorts = 2> <OutPorts = 1>
ST_4 : Operation 379 [1/1] (0.00ns)   --->   "%specfucore_ln304 = specfucore void @_ssdm_op_SpecFUCore, i43 %mul_ln303_7, i64 12, i64 3, i64 1, i1 0" [../src/fp_math_hls.cpp:304->../src/riccati_solver_hls.cpp:374]   --->   Operation 379 'specfucore' 'specfucore_ln304' <Predicate = true> <Delay = 0.00>
ST_4 : Operation 380 [1/1] (0.00ns)   --->   "%product_7 = trunc i43 %mul_ln303_7" [../src/fp_math_hls.cpp:303->../src/riccati_solver_hls.cpp:374]   --->   Operation 380 'trunc' 'product_7' <Predicate = true> <Delay = 0.00>
ST_4 : Operation 381 [1/2] (2.08ns)   --->   "%mul_ln303_8 = mul i43 %sext_ln303_1, i43 %sext_ln303_16" [../src/fp_math_hls.cpp:303->../src/riccati_solver_hls.cpp:377]   --->   Operation 381 'mul' 'mul_ln303_8' <Predicate = true> <Delay = 2.08> <CoreInst = "Mul_DSP">   --->   Core 5 'Mul_DSP' <Latency = 1> <II = 1> <Delay = 2.08> <FuncUnit> <Opcode : 'mul'> <InPorts = 2> <OutPorts = 1>
ST_4 : Operation 382 [1/1] (0.00ns)   --->   "%specfucore_ln304 = specfucore void @_ssdm_op_SpecFUCore, i43 %mul_ln303_8, i64 12, i64 3, i64 1, i1 0" [../src/fp_math_hls.cpp:304->../src/riccati_solver_hls.cpp:377]   --->   Operation 382 'specfucore' 'specfucore_ln304' <Predicate = true> <Delay = 0.00>
ST_4 : Operation 383 [1/1] (0.00ns)   --->   "%product_8 = trunc i43 %mul_ln303_8" [../src/fp_math_hls.cpp:303->../src/riccati_solver_hls.cpp:377]   --->   Operation 383 'trunc' 'product_8' <Predicate = true> <Delay = 0.00>
ST_4 : Operation 384 [1/2] (2.08ns)   --->   "%mul_ln303_9 = mul i43 %sext_ln303_3, i43 %sext_ln303_17" [../src/fp_math_hls.cpp:303->../src/riccati_solver_hls.cpp:378]   --->   Operation 384 'mul' 'mul_ln303_9' <Predicate = true> <Delay = 2.08> <CoreInst = "Mul_DSP">   --->   Core 5 'Mul_DSP' <Latency = 1> <II = 1> <Delay = 2.08> <FuncUnit> <Opcode : 'mul'> <InPorts = 2> <OutPorts = 1>
ST_4 : Operation 385 [1/1] (0.00ns)   --->   "%specfucore_ln304 = specfucore void @_ssdm_op_SpecFUCore, i43 %mul_ln303_9, i64 12, i64 3, i64 1, i1 0" [../src/fp_math_hls.cpp:304->../src/riccati_solver_hls.cpp:378]   --->   Operation 385 'specfucore' 'specfucore_ln304' <Predicate = true> <Delay = 0.00>
ST_4 : Operation 386 [1/1] (0.00ns)   --->   "%product_9 = trunc i43 %mul_ln303_9" [../src/fp_math_hls.cpp:303->../src/riccati_solver_hls.cpp:378]   --->   Operation 386 'trunc' 'product_9' <Predicate = true> <Delay = 0.00>
ST_4 : Operation 387 [1/2] (2.08ns)   --->   "%mul_ln303_10 = mul i43 %sext_ln303_5, i43 %sext_ln303_18" [../src/fp_math_hls.cpp:303->../src/riccati_solver_hls.cpp:379]   --->   Operation 387 'mul' 'mul_ln303_10' <Predicate = true> <Delay = 2.08> <CoreInst = "Mul_DSP">   --->   Core 5 'Mul_DSP' <Latency = 1> <II = 1> <Delay = 2.08> <FuncUnit> <Opcode : 'mul'> <InPorts = 2> <OutPorts = 1>
ST_4 : Operation 388 [1/1] (0.00ns)   --->   "%specfucore_ln304 = specfucore void @_ssdm_op_SpecFUCore, i43 %mul_ln303_10, i64 12, i64 3, i64 1, i1 0" [../src/fp_math_hls.cpp:304->../src/riccati_solver_hls.cpp:379]   --->   Operation 388 'specfucore' 'specfucore_ln304' <Predicate = true> <Delay = 0.00>
ST_4 : Operation 389 [1/1] (0.00ns)   --->   "%product_10 = trunc i43 %mul_ln303_10" [../src/fp_math_hls.cpp:303->../src/riccati_solver_hls.cpp:379]   --->   Operation 389 'trunc' 'product_10' <Predicate = true> <Delay = 0.00>
ST_4 : Operation 390 [1/2] (2.08ns)   --->   "%mul_ln303_11 = mul i43 %sext_ln303_7, i43 %sext_ln303_19" [../src/fp_math_hls.cpp:303->../src/riccati_solver_hls.cpp:380]   --->   Operation 390 'mul' 'mul_ln303_11' <Predicate = true> <Delay = 2.08> <CoreInst = "Mul_DSP">   --->   Core 5 'Mul_DSP' <Latency = 1> <II = 1> <Delay = 2.08> <FuncUnit> <Opcode : 'mul'> <InPorts = 2> <OutPorts = 1>
ST_4 : Operation 391 [1/1] (0.00ns)   --->   "%specfucore_ln304 = specfucore void @_ssdm_op_SpecFUCore, i43 %mul_ln303_11, i64 12, i64 3, i64 1, i1 0" [../src/fp_math_hls.cpp:304->../src/riccati_solver_hls.cpp:380]   --->   Operation 391 'specfucore' 'specfucore_ln304' <Predicate = true> <Delay = 0.00>
ST_4 : Operation 392 [1/1] (0.00ns)   --->   "%product_11 = trunc i43 %mul_ln303_11" [../src/fp_math_hls.cpp:303->../src/riccati_solver_hls.cpp:380]   --->   Operation 392 'trunc' 'product_11' <Predicate = true> <Delay = 0.00>
ST_4 : Operation 393 [1/2] (2.08ns)   --->   "%mul_ln303_12 = mul i43 %sext_ln303_9, i43 %sext_ln303_20" [../src/fp_math_hls.cpp:303->../src/riccati_solver_hls.cpp:381]   --->   Operation 393 'mul' 'mul_ln303_12' <Predicate = true> <Delay = 2.08> <CoreInst = "Mul_DSP">   --->   Core 5 'Mul_DSP' <Latency = 1> <II = 1> <Delay = 2.08> <FuncUnit> <Opcode : 'mul'> <InPorts = 2> <OutPorts = 1>
ST_4 : Operation 394 [1/1] (0.00ns)   --->   "%specfucore_ln304 = specfucore void @_ssdm_op_SpecFUCore, i43 %mul_ln303_12, i64 12, i64 3, i64 1, i1 0" [../src/fp_math_hls.cpp:304->../src/riccati_solver_hls.cpp:381]   --->   Operation 394 'specfucore' 'specfucore_ln304' <Predicate = true> <Delay = 0.00>
ST_4 : Operation 395 [1/1] (0.00ns)   --->   "%product_12 = trunc i43 %mul_ln303_12" [../src/fp_math_hls.cpp:303->../src/riccati_solver_hls.cpp:381]   --->   Operation 395 'trunc' 'product_12' <Predicate = true> <Delay = 0.00>
ST_4 : Operation 396 [1/2] (2.08ns)   --->   "%mul_ln303_13 = mul i43 %sext_ln303_11, i43 %sext_ln303_21" [../src/fp_math_hls.cpp:303->../src/riccati_solver_hls.cpp:382]   --->   Operation 396 'mul' 'mul_ln303_13' <Predicate = true> <Delay = 2.08> <CoreInst = "Mul_DSP">   --->   Core 5 'Mul_DSP' <Latency = 1> <II = 1> <Delay = 2.08> <FuncUnit> <Opcode : 'mul'> <InPorts = 2> <OutPorts = 1>
ST_4 : Operation 397 [1/1] (0.00ns)   --->   "%specfucore_ln304 = specfucore void @_ssdm_op_SpecFUCore, i43 %mul_ln303_13, i64 12, i64 3, i64 1, i1 0" [../src/fp_math_hls.cpp:304->../src/riccati_solver_hls.cpp:382]   --->   Operation 397 'specfucore' 'specfucore_ln304' <Predicate = true> <Delay = 0.00>
ST_4 : Operation 398 [1/1] (0.00ns)   --->   "%product_13 = trunc i43 %mul_ln303_13" [../src/fp_math_hls.cpp:303->../src/riccati_solver_hls.cpp:382]   --->   Operation 398 'trunc' 'product_13' <Predicate = true> <Delay = 0.00>
ST_4 : Operation 399 [1/2] (2.08ns)   --->   "%mul_ln303_14 = mul i43 %sext_ln303_13, i43 %sext_ln303_22" [../src/fp_math_hls.cpp:303->../src/riccati_solver_hls.cpp:383]   --->   Operation 399 'mul' 'mul_ln303_14' <Predicate = true> <Delay = 2.08> <CoreInst = "Mul_DSP">   --->   Core 5 'Mul_DSP' <Latency = 1> <II = 1> <Delay = 2.08> <FuncUnit> <Opcode : 'mul'> <InPorts = 2> <OutPorts = 1>
ST_4 : Operation 400 [1/1] (0.00ns)   --->   "%specfucore_ln304 = specfucore void @_ssdm_op_SpecFUCore, i43 %mul_ln303_14, i64 12, i64 3, i64 1, i1 0" [../src/fp_math_hls.cpp:304->../src/riccati_solver_hls.cpp:383]   --->   Operation 400 'specfucore' 'specfucore_ln304' <Predicate = true> <Delay = 0.00>
ST_4 : Operation 401 [1/1] (0.00ns)   --->   "%product_14 = trunc i43 %mul_ln303_14" [../src/fp_math_hls.cpp:303->../src/riccati_solver_hls.cpp:383]   --->   Operation 401 'trunc' 'product_14' <Predicate = true> <Delay = 0.00>
ST_4 : Operation 402 [1/2] (2.08ns)   --->   "%mul_ln303_15 = mul i43 %sext_ln303_15, i43 %sext_ln303_23" [../src/fp_math_hls.cpp:303->../src/riccati_solver_hls.cpp:384]   --->   Operation 402 'mul' 'mul_ln303_15' <Predicate = true> <Delay = 2.08> <CoreInst = "Mul_DSP">   --->   Core 5 'Mul_DSP' <Latency = 1> <II = 1> <Delay = 2.08> <FuncUnit> <Opcode : 'mul'> <InPorts = 2> <OutPorts = 1>
ST_4 : Operation 403 [1/1] (0.00ns)   --->   "%specfucore_ln304 = specfucore void @_ssdm_op_SpecFUCore, i43 %mul_ln303_15, i64 12, i64 3, i64 1, i1 0" [../src/fp_math_hls.cpp:304->../src/riccati_solver_hls.cpp:384]   --->   Operation 403 'specfucore' 'specfucore_ln304' <Predicate = true> <Delay = 0.00>
ST_4 : Operation 404 [1/1] (0.00ns)   --->   "%product_15 = trunc i43 %mul_ln303_15" [../src/fp_math_hls.cpp:303->../src/riccati_solver_hls.cpp:384]   --->   Operation 404 'trunc' 'product_15' <Predicate = true> <Delay = 0.00>
ST_4 : Operation 405 [1/1] (0.00ns)   --->   "%kk_0_addr = getelementptr i17 %kk_0, i64 0, i64 %zext_ln349" [../src/riccati_solver_hls.cpp:388]   --->   Operation 405 'getelementptr' 'kk_0_addr' <Predicate = true> <Delay = 0.00>
ST_4 : Operation 406 [2/2] (0.67ns)   --->   "%v = load i5 %kk_0_addr" [../src/riccati_solver_hls.cpp:388]   --->   Operation 406 'load' 'v' <Predicate = true> <Delay = 0.67> <CoreInst = "RAM">   --->   Core 82 'RAM' <Latency = 1> <II = 1> <Delay = 0.67> <Storage> <Opcode : 'load' 'store'> <Ports = 2> <Width = 17> <Depth = 20> <RAM>
ST_4 : Operation 407 [1/1] (0.00ns)   --->   "%kk_1_addr = getelementptr i17 %kk_1, i64 0, i64 %zext_ln349" [../src/riccati_solver_hls.cpp:391]   --->   Operation 407 'getelementptr' 'kk_1_addr' <Predicate = true> <Delay = 0.00>
ST_4 : Operation 408 [2/2] (0.67ns)   --->   "%v_2 = load i5 %kk_1_addr" [../src/riccati_solver_hls.cpp:391]   --->   Operation 408 'load' 'v_2' <Predicate = true> <Delay = 0.67> <CoreInst = "RAM">   --->   Core 82 'RAM' <Latency = 1> <II = 1> <Delay = 0.67> <Storage> <Opcode : 'load' 'store'> <Ports = 2> <Width = 17> <Depth = 20> <RAM>

State 5 <SV = 4> <Delay = 4.08>
ST_5 : Operation 409 [1/1] (0.77ns)   --->   "%add_ln356 = add i7 %trunc_ln352, i7 4" [../src/riccati_solver_hls.cpp:356]   --->   Operation 409 'add' 'add_ln356' <Predicate = true> <Delay = 0.77> <CoreInst = "Adder">   --->   Core 1 'Adder' <Latency = 0> <II = 1> <Delay = 0.77> <FuncUnit> <Opcode : 'add' 'sub'> <InPorts = 2> <OutPorts = 1>
ST_5 : Operation 410 [1/1] (0.00ns)   --->   "%zext_ln356 = zext i7 %add_ln356" [../src/riccati_solver_hls.cpp:356]   --->   Operation 410 'zext' 'zext_ln356' <Predicate = true> <Delay = 0.00>
ST_5 : Operation 411 [1/1] (0.00ns)   --->   "%step_data_1_addr_4 = getelementptr i26 %step_data_1, i64 0, i64 %zext_ln356" [../src/riccati_solver_hls.cpp:356]   --->   Operation 411 'getelementptr' 'step_data_1_addr_4' <Predicate = true> <Delay = 0.00>
ST_5 : Operation 412 [1/1] (0.77ns)   --->   "%add_ln357 = add i7 %trunc_ln352, i7 5" [../src/riccati_solver_hls.cpp:357]   --->   Operation 412 'add' 'add_ln357' <Predicate = true> <Delay = 0.77> <CoreInst = "Adder">   --->   Core 1 'Adder' <Latency = 0> <II = 1> <Delay = 0.77> <FuncUnit> <Opcode : 'add' 'sub'> <InPorts = 2> <OutPorts = 1>
ST_5 : Operation 413 [1/1] (0.00ns)   --->   "%zext_ln357 = zext i7 %add_ln357" [../src/riccati_solver_hls.cpp:357]   --->   Operation 413 'zext' 'zext_ln357' <Predicate = true> <Delay = 0.00>
ST_5 : Operation 414 [1/1] (0.00ns)   --->   "%step_data_1_addr_5 = getelementptr i26 %step_data_1, i64 0, i64 %zext_ln357" [../src/riccati_solver_hls.cpp:357]   --->   Operation 414 'getelementptr' 'step_data_1_addr_5' <Predicate = true> <Delay = 0.00>
ST_5 : Operation 415 [1/2] ( I:1.23ns O:1.23ns )   --->   "%step_data_1_load_2 = load i7 %step_data_1_addr_2" [../src/riccati_solver_hls.cpp:403]   --->   Operation 415 'load' 'step_data_1_load_2' <Predicate = true> <Delay = 1.23> <CoreInst = "RAM_2P_BRAM">   --->   Core 93 'RAM_2P_BRAM' <Latency = 1> <II = 1> <Delay = 1.23> <Storage> <Opcode : 'load' 'store'> <Ports = 2> <Width = 26> <Depth = 120> <RAM>
ST_5 : Operation 416 [1/1] (0.00ns)   --->   "%trunc_ln355 = trunc i26 %step_data_1_load_2" [../src/riccati_solver_hls.cpp:355]   --->   Operation 416 'trunc' 'trunc_ln355' <Predicate = true> <Delay = 0.00>
ST_5 : Operation 417 [1/2] ( I:1.23ns O:1.23ns )   --->   "%step_data_1_load_3 = load i7 %step_data_1_addr_3" [../src/riccati_solver_hls.cpp:404]   --->   Operation 417 'load' 'step_data_1_load_3' <Predicate = true> <Delay = 1.23> <CoreInst = "RAM_2P_BRAM">   --->   Core 93 'RAM_2P_BRAM' <Latency = 1> <II = 1> <Delay = 1.23> <Storage> <Opcode : 'load' 'store'> <Ports = 2> <Width = 26> <Depth = 120> <RAM>
ST_5 : Operation 418 [1/1] (0.00ns)   --->   "%trunc_ln356 = trunc i26 %step_data_1_load_3" [../src/riccati_solver_hls.cpp:356]   --->   Operation 418 'trunc' 'trunc_ln356' <Predicate = true> <Delay = 0.00>
ST_5 : Operation 419 [2/2] (1.23ns)   --->   "%step_data_1_load_4 = load i7 %step_data_1_addr_4" [../src/riccati_solver_hls.cpp:405]   --->   Operation 419 'load' 'step_data_1_load_4' <Predicate = true> <Delay = 1.23> <CoreInst = "RAM_2P_BRAM">   --->   Core 93 'RAM_2P_BRAM' <Latency = 1> <II = 1> <Delay = 1.23> <Storage> <Opcode : 'load' 'store'> <Ports = 2> <Width = 26> <Depth = 120> <RAM>
ST_5 : Operation 420 [2/2] (1.23ns)   --->   "%step_data_1_load_5 = load i7 %step_data_1_addr_5" [../src/riccati_solver_hls.cpp:406]   --->   Operation 420 'load' 'step_data_1_load_5' <Predicate = true> <Delay = 1.23> <CoreInst = "RAM_2P_BRAM">   --->   Core 93 'RAM_2P_BRAM' <Latency = 1> <II = 1> <Delay = 1.23> <Storage> <Opcode : 'load' 'store'> <Ports = 2> <Width = 26> <Depth = 120> <RAM>
ST_5 : Operation 421 [1/1] (2.47ns)   --->   "%prod_sum0 = call i32 @sum8_K_QP_raw, i32 %product, i32 %product_1, i32 %product_2, i32 %product_3, i32 %product_4, i32 %product_5, i32 %product_6, i32 %product_7" [../src/riccati_solver_hls.cpp:366]   --->   Operation 421 'call' 'prod_sum0' <Predicate = true> <Delay = 2.47> <CoreType = "Generic">   --->   Generic Core
ST_5 : Operation 422 [1/1] (2.47ns)   --->   "%prod_sum1 = call i32 @sum8_K_QP_raw, i32 %product_8, i32 %product_9, i32 %product_10, i32 %product_11, i32 %product_12, i32 %product_13, i32 %product_14, i32 %product_15" [../src/riccati_solver_hls.cpp:376]   --->   Operation 422 'call' 'prod_sum1' <Predicate = true> <Delay = 2.47> <CoreType = "Generic">   --->   Generic Core
ST_5 : Operation 423 [1/2] ( I:0.67ns O:0.67ns )   --->   "%v = load i5 %kk_0_addr" [../src/riccati_solver_hls.cpp:388]   --->   Operation 423 'load' 'v' <Predicate = true> <Delay = 0.67> <CoreInst = "RAM">   --->   Core 82 'RAM' <Latency = 1> <II = 1> <Delay = 0.67> <Storage> <Opcode : 'load' 'store'> <Ports = 2> <Width = 17> <Depth = 20> <RAM>
ST_5 : Operation 424 [1/1] (0.00ns)   --->   "%a_16 = bitconcatenate i23 @_ssdm_op_BitConcatenate.i23.i17.i6, i17 %v, i6 0" [include/fp_types_hls.hpp:634->include/fp_types_hls.hpp:641->include/fp_types_hls.hpp:667->../src/riccati_solver_hls.cpp:388]   --->   Operation 424 'bitconcatenate' 'a_16' <Predicate = true> <Delay = 0.00>
ST_5 : Operation 425 [1/1] (0.00ns)   --->   "%sext_ln625 = sext i23 %a_16" [include/fp_types_hls.hpp:625->include/fp_types_hls.hpp:641->include/fp_types_hls.hpp:708->../src/riccati_solver_hls.cpp:389]   --->   Operation 425 'sext' 'sext_ln625' <Predicate = true> <Delay = 0.00>
ST_5 : Operation 426 [1/1] (0.00ns)   --->   "%b_8 = partselect i24 @_ssdm_op_PartSelect.i24.i32.i32.i32, i32 %prod_sum0, i32 8, i32 31" [include/fp_types_hls.hpp:627->include/fp_types_hls.hpp:641->include/fp_types_hls.hpp:708->../src/riccati_solver_hls.cpp:389]   --->   Operation 426 'partselect' 'b_8' <Predicate = true> <Delay = 0.00>
ST_5 : Operation 427 [1/1] (0.00ns)   --->   "%sext_ln737 = sext i24 %b_8" [include/fp_types_hls.hpp:737->../src/riccati_solver_hls.cpp:388]   --->   Operation 427 'sext' 'sext_ln737' <Predicate = true> <Delay = 0.00>
ST_5 : Operation 428 [1/1] (0.93ns)   --->   "%u0_raw = add i25 %sext_ln625, i25 %sext_ln737" [include/fp_types_hls.hpp:734->include/fp_types_hls.hpp:740->../src/riccati_solver_hls.cpp:388]   --->   Operation 428 'add' 'u0_raw' <Predicate = true> <Delay = 0.93> <CoreInst = "Adder">   --->   Core 1 'Adder' <Latency = 0> <II = 1> <Delay = 0.93> <FuncUnit> <Opcode : 'add' 'sub'> <InPorts = 2> <OutPorts = 1>
ST_5 : Operation 429 [1/1] (0.00ns)   --->   "%sext_ln387 = sext i25 %u0_raw" [../src/riccati_solver_hls.cpp:387]   --->   Operation 429 'sext' 'sext_ln387' <Predicate = true> <Delay = 0.00>
ST_5 : Operation 430 [1/2] ( I:0.67ns O:0.67ns )   --->   "%v_2 = load i5 %kk_1_addr" [../src/riccati_solver_hls.cpp:391]   --->   Operation 430 'load' 'v_2' <Predicate = true> <Delay = 0.67> <CoreInst = "RAM">   --->   Core 82 'RAM' <Latency = 1> <II = 1> <Delay = 0.67> <Storage> <Opcode : 'load' 'store'> <Ports = 2> <Width = 17> <Depth = 20> <RAM>
ST_5 : Operation 431 [1/1] (0.00ns)   --->   "%a_17 = bitconcatenate i23 @_ssdm_op_BitConcatenate.i23.i17.i6, i17 %v_2, i6 0" [include/fp_types_hls.hpp:634->include/fp_types_hls.hpp:641->include/fp_types_hls.hpp:667->../src/riccati_solver_hls.cpp:391]   --->   Operation 431 'bitconcatenate' 'a_17' <Predicate = true> <Delay = 0.00>
ST_5 : Operation 432 [1/1] (0.00ns)   --->   "%sext_ln625_1 = sext i23 %a_17" [include/fp_types_hls.hpp:625->include/fp_types_hls.hpp:641->include/fp_types_hls.hpp:708->../src/riccati_solver_hls.cpp:392]   --->   Operation 432 'sext' 'sext_ln625_1' <Predicate = true> <Delay = 0.00>
ST_5 : Operation 433 [1/1] (0.00ns)   --->   "%b_9 = partselect i24 @_ssdm_op_PartSelect.i24.i32.i32.i32, i32 %prod_sum1, i32 8, i32 31" [include/fp_types_hls.hpp:627->include/fp_types_hls.hpp:641->include/fp_types_hls.hpp:708->../src/riccati_solver_hls.cpp:392]   --->   Operation 433 'partselect' 'b_9' <Predicate = true> <Delay = 0.00>
ST_5 : Operation 434 [1/1] (0.00ns)   --->   "%sext_ln737_1 = sext i24 %b_9" [include/fp_types_hls.hpp:737->../src/riccati_solver_hls.cpp:391]   --->   Operation 434 'sext' 'sext_ln737_1' <Predicate = true> <Delay = 0.00>
ST_5 : Operation 435 [1/1] (0.93ns)   --->   "%u1_raw = add i25 %sext_ln625_1, i25 %sext_ln737_1" [include/fp_types_hls.hpp:734->include/fp_types_hls.hpp:740->../src/riccati_solver_hls.cpp:391]   --->   Operation 435 'add' 'u1_raw' <Predicate = true> <Delay = 0.93> <CoreInst = "Adder">   --->   Core 1 'Adder' <Latency = 0> <II = 1> <Delay = 0.93> <FuncUnit> <Opcode : 'add' 'sub'> <InPorts = 2> <OutPorts = 1>
ST_5 : Operation 436 [1/1] (0.00ns)   --->   "%sext_ln390 = sext i25 %u1_raw" [../src/riccati_solver_hls.cpp:390]   --->   Operation 436 'sext' 'sext_ln390' <Predicate = true> <Delay = 0.00>
ST_5 : Operation 437 [1/1] (0.00ns)   --->   "%u_out_0_addr = getelementptr i26 %u_out_0, i64 0, i64 %zext_ln349" [../src/riccati_solver_hls.cpp:396]   --->   Operation 437 'getelementptr' 'u_out_0_addr' <Predicate = true> <Delay = 0.00>
ST_5 : Operation 438 [1/1] (0.00ns)   --->   "%u_out_1_addr = getelementptr i26 %u_out_1, i64 0, i64 %zext_ln349" [../src/riccati_solver_hls.cpp:397]   --->   Operation 438 'getelementptr' 'u_out_1_addr' <Predicate = true> <Delay = 0.00>
ST_5 : Operation 439 [1/1] ( I:0.67ns O:0.67ns )   --->   "%store_ln396 = store i26 %sext_ln387, i5 %u_out_0_addr" [../src/riccati_solver_hls.cpp:396]   --->   Operation 439 'store' 'store_ln396' <Predicate = true> <Delay = 0.67> <CoreInst = "RAM">   --->   Core 82 'RAM' <Latency = 1> <II = 1> <Delay = 0.67> <Storage> <Opcode : 'load' 'store'> <Ports = 2> <Width = 26> <Depth = 20> <RAM>
ST_5 : Operation 440 [1/1] ( I:0.67ns O:0.67ns )   --->   "%store_ln397 = store i26 %sext_ln390, i5 %u_out_1_addr" [../src/riccati_solver_hls.cpp:397]   --->   Operation 440 'store' 'store_ln397' <Predicate = true> <Delay = 0.67> <CoreInst = "RAM">   --->   Core 82 'RAM' <Latency = 1> <II = 1> <Delay = 0.67> <Storage> <Opcode : 'load' 'store'> <Ports = 2> <Width = 26> <Depth = 20> <RAM>
ST_5 : Operation 441 [1/1] (0.00ns)   --->   "%B_sparse_1_addr = getelementptr i26 %B_sparse_1, i64 0, i64 %zext_ln349" [../src/riccati_solver_hls.cpp:422]   --->   Operation 441 'getelementptr' 'B_sparse_1_addr' <Predicate = true> <Delay = 0.00>
ST_5 : Operation 442 [1/1] (0.00ns)   --->   "%B_sparse_2_addr = getelementptr i26 %B_sparse_2, i64 0, i64 %zext_ln349" [../src/riccati_solver_hls.cpp:425]   --->   Operation 442 'getelementptr' 'B_sparse_2_addr' <Predicate = true> <Delay = 0.00>
ST_5 : Operation 443 [1/1] (0.00ns)   --->   "%zext_ln428 = zext i5 %add_ln436" [../src/riccati_solver_hls.cpp:428]   --->   Operation 443 'zext' 'zext_ln428' <Predicate = true> <Delay = 0.00>
ST_5 : Operation 444 [1/1] (0.00ns)   --->   "%B_sparse_3_addr = getelementptr i26 %B_sparse_3, i64 0, i64 %zext_ln349" [../src/riccati_solver_hls.cpp:428]   --->   Operation 444 'getelementptr' 'B_sparse_3_addr' <Predicate = true> <Delay = 0.00>
ST_5 : Operation 445 [1/1] (0.00ns)   --->   "%B_sparse_0_addr = getelementptr i26 %B_sparse_0, i64 0, i64 %zext_ln349" [../src/riccati_solver_hls.cpp:431]   --->   Operation 445 'getelementptr' 'B_sparse_0_addr' <Predicate = true> <Delay = 0.00>
ST_5 : Operation 446 [2/2] (0.67ns)   --->   "%B_sparse_1_load = load i5 %B_sparse_1_addr" [../src/riccati_solver_hls.cpp:422]   --->   Operation 446 'load' 'B_sparse_1_load' <Predicate = true> <Delay = 0.67> <CoreInst = "RAM">   --->   Core 82 'RAM' <Latency = 1> <II = 1> <Delay = 0.67> <Storage> <Opcode : 'load' 'store'> <Ports = 2> <Width = 26> <Depth = 20> <RAM>
ST_5 : Operation 447 [2/2] (0.67ns)   --->   "%B_sparse_2_load = load i5 %B_sparse_2_addr" [../src/riccati_solver_hls.cpp:425]   --->   Operation 447 'load' 'B_sparse_2_load' <Predicate = true> <Delay = 0.67> <CoreInst = "RAM">   --->   Core 82 'RAM' <Latency = 1> <II = 1> <Delay = 0.67> <Storage> <Opcode : 'load' 'store'> <Ports = 2> <Width = 26> <Depth = 20> <RAM>
ST_5 : Operation 448 [2/2] (0.67ns)   --->   "%B_sparse_3_load = load i5 %B_sparse_3_addr" [../src/riccati_solver_hls.cpp:428]   --->   Operation 448 'load' 'B_sparse_3_load' <Predicate = true> <Delay = 0.67> <CoreInst = "RAM">   --->   Core 82 'RAM' <Latency = 1> <II = 1> <Delay = 0.67> <Storage> <Opcode : 'load' 'store'> <Ports = 2> <Width = 26> <Depth = 20> <RAM>
ST_5 : Operation 449 [2/2] (0.67ns)   --->   "%B_sparse_0_load = load i5 %B_sparse_0_addr" [../src/riccati_solver_hls.cpp:431]   --->   Operation 449 'load' 'B_sparse_0_load' <Predicate = true> <Delay = 0.67> <CoreInst = "RAM">   --->   Core 82 'RAM' <Latency = 1> <II = 1> <Delay = 0.67> <Storage> <Opcode : 'load' 'store'> <Ports = 2> <Width = 26> <Depth = 20> <RAM>
ST_5 : Operation 450 [1/1] (0.00ns)   --->   "%x_out_6_addr_2 = getelementptr i26 %x_out_6, i64 0, i64 %zext_ln428" [../src/riccati_solver_hls.cpp:439]   --->   Operation 450 'getelementptr' 'x_out_6_addr_2' <Predicate = true> <Delay = 0.00>
ST_5 : Operation 451 [1/1] (0.00ns)   --->   "%x_out_7_addr_2 = getelementptr i26 %x_out_7, i64 0, i64 %zext_ln428" [../src/riccati_solver_hls.cpp:440]   --->   Operation 451 'getelementptr' 'x_out_7_addr_2' <Predicate = true> <Delay = 0.00>
ST_5 : Operation 452 [1/1] ( I:0.67ns O:0.67ns )   --->   "%store_ln439 = store i26 %sext_ln387, i5 %x_out_6_addr_2" [../src/riccati_solver_hls.cpp:439]   --->   Operation 452 'store' 'store_ln439' <Predicate = true> <Delay = 0.67> <CoreInst = "RAM_2P_LUTRAM">   --->   Core 92 'RAM_2P_LUTRAM' <Latency = 1> <II = 1> <Delay = 0.67> <Storage> <Opcode : 'load' 'store'> <Ports = 2> <Width = 26> <Depth = 21> <RAM>
ST_5 : Operation 453 [1/1] ( I:0.67ns O:0.67ns )   --->   "%store_ln440 = store i26 %sext_ln390, i5 %x_out_7_addr_2" [../src/riccati_solver_hls.cpp:440]   --->   Operation 453 'store' 'store_ln440' <Predicate = true> <Delay = 0.67> <CoreInst = "RAM_2P_LUTRAM">   --->   Core 92 'RAM_2P_LUTRAM' <Latency = 1> <II = 1> <Delay = 0.67> <Storage> <Opcode : 'load' 'store'> <Ports = 2> <Width = 26> <Depth = 21> <RAM>

State 6 <SV = 5> <Delay = 3.24>
ST_6 : Operation 454 [1/2] ( I:1.23ns O:1.23ns )   --->   "%step_data_1_load_4 = load i7 %step_data_1_addr_4" [../src/riccati_solver_hls.cpp:405]   --->   Operation 454 'load' 'step_data_1_load_4' <Predicate = true> <Delay = 1.23> <CoreInst = "RAM_2P_BRAM">   --->   Core 93 'RAM_2P_BRAM' <Latency = 1> <II = 1> <Delay = 1.23> <Storage> <Opcode : 'load' 'store'> <Ports = 2> <Width = 26> <Depth = 120> <RAM>
ST_6 : Operation 455 [1/1] (0.00ns)   --->   "%trunc_ln357 = trunc i26 %step_data_1_load_4" [../src/riccati_solver_hls.cpp:357]   --->   Operation 455 'trunc' 'trunc_ln357' <Predicate = true> <Delay = 0.00>
ST_6 : Operation 456 [1/2] ( I:1.23ns O:1.23ns )   --->   "%step_data_1_load_5 = load i7 %step_data_1_addr_5" [../src/riccati_solver_hls.cpp:406]   --->   Operation 456 'load' 'step_data_1_load_5' <Predicate = true> <Delay = 1.23> <CoreInst = "RAM_2P_BRAM">   --->   Core 93 'RAM_2P_BRAM' <Latency = 1> <II = 1> <Delay = 1.23> <Storage> <Opcode : 'load' 'store'> <Ports = 2> <Width = 26> <Depth = 120> <RAM>
ST_6 : Operation 457 [1/1] (0.00ns)   --->   "%trunc_ln363 = trunc i26 %step_data_1_load_5" [../src/riccati_solver_hls.cpp:363]   --->   Operation 457 'trunc' 'trunc_ln363' <Predicate = true> <Delay = 0.00>
ST_6 : Operation 458 [1/2] ( I:0.67ns O:0.67ns )   --->   "%B_sparse_1_load = load i5 %B_sparse_1_addr" [../src/riccati_solver_hls.cpp:422]   --->   Operation 458 'load' 'B_sparse_1_load' <Predicate = true> <Delay = 0.67> <CoreInst = "RAM">   --->   Core 82 'RAM' <Latency = 1> <II = 1> <Delay = 0.67> <Storage> <Opcode : 'load' 'store'> <Ports = 2> <Width = 26> <Depth = 20> <RAM>
ST_6 : Operation 459 [1/2] ( I:0.67ns O:0.67ns )   --->   "%B_sparse_2_load = load i5 %B_sparse_2_addr" [../src/riccati_solver_hls.cpp:425]   --->   Operation 459 'load' 'B_sparse_2_load' <Predicate = true> <Delay = 0.67> <CoreInst = "RAM">   --->   Core 82 'RAM' <Latency = 1> <II = 1> <Delay = 0.67> <Storage> <Opcode : 'load' 'store'> <Ports = 2> <Width = 26> <Depth = 20> <RAM>
ST_6 : Operation 460 [1/2] ( I:0.67ns O:0.67ns )   --->   "%B_sparse_3_load = load i5 %B_sparse_3_addr" [../src/riccati_solver_hls.cpp:428]   --->   Operation 460 'load' 'B_sparse_3_load' <Predicate = true> <Delay = 0.67> <CoreInst = "RAM">   --->   Core 82 'RAM' <Latency = 1> <II = 1> <Delay = 0.67> <Storage> <Opcode : 'load' 'store'> <Ports = 2> <Width = 26> <Depth = 20> <RAM>
ST_6 : Operation 461 [1/2] ( I:0.67ns O:0.67ns )   --->   "%B_sparse_0_load = load i5 %B_sparse_0_addr" [../src/riccati_solver_hls.cpp:431]   --->   Operation 461 'load' 'B_sparse_0_load' <Predicate = true> <Delay = 0.67> <CoreInst = "RAM">   --->   Core 82 'RAM' <Latency = 1> <II = 1> <Delay = 0.67> <Storage> <Opcode : 'load' 'store'> <Ports = 2> <Width = 26> <Depth = 20> <RAM>
ST_6 : Operation 462 [2/2] (2.01ns)   --->   "%call_ln436 = call void @riccati_forward_pass_Pipeline_VITIS_LOOP_399_4, i26 %x_out_0, i5 %add_ln436, i26 %x_out_1, i26 %x_out_2, i26 %x_out_3, i26 %x_out_4, i26 %x_out_5, i7 %trunc_ln352, i26 %step_data_0_0, i26 %step_data_0_1, i26 %step_data_0_2, i26 %step_data_0_3, i26 %step_data_0_4, i26 %step_data_0_5, i25 %trunc_ln354, i25 %trunc_ln355, i25 %trunc_ln356, i25 %trunc_ln357, i25 %trunc_ln363, i25 %trunc_ln353, i26 %value, i26 %value_1, i26 %value_2, i26 %value_3, i26 %value_4, i26 %value_5, i26 %B_sparse_1_load, i25 %u1_raw, i26 %B_sparse_2_load, i26 %B_sparse_3_load, i26 %B_sparse_0_load, i25 %u0_raw" [../src/riccati_solver_hls.cpp:436]   --->   Operation 462 'call' 'call_ln436' <Predicate = true> <Delay = 2.01> <CoreType = "Generic">   --->   Generic Core

State 7 <SV = 6> <Delay = 0.00>
ST_7 : Operation 463 [1/1] (0.00ns)   --->   "%speclooptripcount_ln340 = speclooptripcount void @_ssdm_op_SpecLoopTripCount, i64 20, i64 20, i64 20" [../src/riccati_solver_hls.cpp:340]   --->   Operation 463 'speclooptripcount' 'speclooptripcount_ln340' <Predicate = true> <Delay = 0.00>
ST_7 : Operation 464 [1/1] (0.00ns)   --->   "%specloopname_ln349 = specloopname void @_ssdm_op_SpecLoopName, void @empty_560" [../src/riccati_solver_hls.cpp:349]   --->   Operation 464 'specloopname' 'specloopname_ln349' <Predicate = true> <Delay = 0.00>
ST_7 : Operation 465 [1/1] (0.00ns)   --->   "%rbegin2 = specregionbegin i32 @_ssdm_op_SpecRegionBegin, void @empty_552" [../src/fp_math_hls.cpp:303->../src/riccati_solver_hls.cpp:367]   --->   Operation 465 'specregionbegin' 'rbegin2' <Predicate = true> <Delay = 0.00>
ST_7 : Operation 466 [1/1] (0.00ns)   --->   "%rend30 = specregionend i32 @_ssdm_op_SpecRegionEnd, void @empty_552, i32 %rbegin2" [../src/fp_math_hls.cpp:303->../src/riccati_solver_hls.cpp:367]   --->   Operation 466 'specregionend' 'rend30' <Predicate = true> <Delay = 0.00>
ST_7 : Operation 467 [1/1] (0.00ns)   --->   "%rbegin4 = specregionbegin i32 @_ssdm_op_SpecRegionBegin, void @empty_537" [../src/fp_math_hls.cpp:303->../src/riccati_solver_hls.cpp:368]   --->   Operation 467 'specregionbegin' 'rbegin4' <Predicate = true> <Delay = 0.00>
ST_7 : Operation 468 [1/1] (0.00ns)   --->   "%rend28 = specregionend i32 @_ssdm_op_SpecRegionEnd, void @empty_537, i32 %rbegin4" [../src/fp_math_hls.cpp:303->../src/riccati_solver_hls.cpp:368]   --->   Operation 468 'specregionend' 'rend28' <Predicate = true> <Delay = 0.00>
ST_7 : Operation 469 [1/1] (0.00ns)   --->   "%rbegin6 = specregionbegin i32 @_ssdm_op_SpecRegionBegin, void @empty_508" [../src/fp_math_hls.cpp:303->../src/riccati_solver_hls.cpp:369]   --->   Operation 469 'specregionbegin' 'rbegin6' <Predicate = true> <Delay = 0.00>
ST_7 : Operation 470 [1/1] (0.00ns)   --->   "%rend26 = specregionend i32 @_ssdm_op_SpecRegionEnd, void @empty_508, i32 %rbegin6" [../src/fp_math_hls.cpp:303->../src/riccati_solver_hls.cpp:369]   --->   Operation 470 'specregionend' 'rend26' <Predicate = true> <Delay = 0.00>
ST_7 : Operation 471 [1/1] (0.00ns)   --->   "%rbegin8 = specregionbegin i32 @_ssdm_op_SpecRegionBegin, void @empty_557" [../src/fp_math_hls.cpp:303->../src/riccati_solver_hls.cpp:370]   --->   Operation 471 'specregionbegin' 'rbegin8' <Predicate = true> <Delay = 0.00>
ST_7 : Operation 472 [1/1] (0.00ns)   --->   "%rend24 = specregionend i32 @_ssdm_op_SpecRegionEnd, void @empty_557, i32 %rbegin8" [../src/fp_math_hls.cpp:303->../src/riccati_solver_hls.cpp:370]   --->   Operation 472 'specregionend' 'rend24' <Predicate = true> <Delay = 0.00>
ST_7 : Operation 473 [1/1] (0.00ns)   --->   "%rbegin10 = specregionbegin i32 @_ssdm_op_SpecRegionBegin, void @empty_420" [../src/fp_math_hls.cpp:303->../src/riccati_solver_hls.cpp:371]   --->   Operation 473 'specregionbegin' 'rbegin10' <Predicate = true> <Delay = 0.00>
ST_7 : Operation 474 [1/1] (0.00ns)   --->   "%rend22 = specregionend i32 @_ssdm_op_SpecRegionEnd, void @empty_420, i32 %rbegin10" [../src/fp_math_hls.cpp:303->../src/riccati_solver_hls.cpp:371]   --->   Operation 474 'specregionend' 'rend22' <Predicate = true> <Delay = 0.00>
ST_7 : Operation 475 [1/1] (0.00ns)   --->   "%rbegin12 = specregionbegin i32 @_ssdm_op_SpecRegionBegin, void @empty_505" [../src/fp_math_hls.cpp:303->../src/riccati_solver_hls.cpp:372]   --->   Operation 475 'specregionbegin' 'rbegin12' <Predicate = true> <Delay = 0.00>
ST_7 : Operation 476 [1/1] (0.00ns)   --->   "%rend20 = specregionend i32 @_ssdm_op_SpecRegionEnd, void @empty_505, i32 %rbegin12" [../src/fp_math_hls.cpp:303->../src/riccati_solver_hls.cpp:372]   --->   Operation 476 'specregionend' 'rend20' <Predicate = true> <Delay = 0.00>
ST_7 : Operation 477 [1/1] (0.00ns)   --->   "%rbegin14 = specregionbegin i32 @_ssdm_op_SpecRegionBegin, void @empty_504" [../src/fp_math_hls.cpp:303->../src/riccati_solver_hls.cpp:373]   --->   Operation 477 'specregionbegin' 'rbegin14' <Predicate = true> <Delay = 0.00>
ST_7 : Operation 478 [1/1] (0.00ns)   --->   "%rend18 = specregionend i32 @_ssdm_op_SpecRegionEnd, void @empty_504, i32 %rbegin14" [../src/fp_math_hls.cpp:303->../src/riccati_solver_hls.cpp:373]   --->   Operation 478 'specregionend' 'rend18' <Predicate = true> <Delay = 0.00>
ST_7 : Operation 479 [1/1] (0.00ns)   --->   "%rbegin15 = specregionbegin i32 @_ssdm_op_SpecRegionBegin, void @empty_530" [../src/fp_math_hls.cpp:303->../src/riccati_solver_hls.cpp:374]   --->   Operation 479 'specregionbegin' 'rbegin15' <Predicate = true> <Delay = 0.00>
ST_7 : Operation 480 [1/1] (0.00ns)   --->   "%rend16 = specregionend i32 @_ssdm_op_SpecRegionEnd, void @empty_530, i32 %rbegin15" [../src/fp_math_hls.cpp:303->../src/riccati_solver_hls.cpp:374]   --->   Operation 480 'specregionend' 'rend16' <Predicate = true> <Delay = 0.00>
ST_7 : Operation 481 [1/1] (0.00ns)   --->   "%rbegin13 = specregionbegin i32 @_ssdm_op_SpecRegionBegin, void @empty_492" [../src/fp_math_hls.cpp:303->../src/riccati_solver_hls.cpp:377]   --->   Operation 481 'specregionbegin' 'rbegin13' <Predicate = true> <Delay = 0.00>
ST_7 : Operation 482 [1/1] (0.00ns)   --->   "%rend14 = specregionend i32 @_ssdm_op_SpecRegionEnd, void @empty_492, i32 %rbegin13" [../src/fp_math_hls.cpp:303->../src/riccati_solver_hls.cpp:377]   --->   Operation 482 'specregionend' 'rend14' <Predicate = true> <Delay = 0.00>
ST_7 : Operation 483 [1/1] (0.00ns)   --->   "%rbegin11 = specregionbegin i32 @_ssdm_op_SpecRegionBegin, void @empty_551" [../src/fp_math_hls.cpp:303->../src/riccati_solver_hls.cpp:378]   --->   Operation 483 'specregionbegin' 'rbegin11' <Predicate = true> <Delay = 0.00>
ST_7 : Operation 484 [1/1] (0.00ns)   --->   "%rend12 = specregionend i32 @_ssdm_op_SpecRegionEnd, void @empty_551, i32 %rbegin11" [../src/fp_math_hls.cpp:303->../src/riccati_solver_hls.cpp:378]   --->   Operation 484 'specregionend' 'rend12' <Predicate = true> <Delay = 0.00>
ST_7 : Operation 485 [1/1] (0.00ns)   --->   "%rbegin9 = specregionbegin i32 @_ssdm_op_SpecRegionBegin, void @empty_500" [../src/fp_math_hls.cpp:303->../src/riccati_solver_hls.cpp:379]   --->   Operation 485 'specregionbegin' 'rbegin9' <Predicate = true> <Delay = 0.00>
ST_7 : Operation 486 [1/1] (0.00ns)   --->   "%rend10 = specregionend i32 @_ssdm_op_SpecRegionEnd, void @empty_500, i32 %rbegin9" [../src/fp_math_hls.cpp:303->../src/riccati_solver_hls.cpp:379]   --->   Operation 486 'specregionend' 'rend10' <Predicate = true> <Delay = 0.00>
ST_7 : Operation 487 [1/1] (0.00ns)   --->   "%rbegin7 = specregionbegin i32 @_ssdm_op_SpecRegionBegin, void @empty_509" [../src/fp_math_hls.cpp:303->../src/riccati_solver_hls.cpp:380]   --->   Operation 487 'specregionbegin' 'rbegin7' <Predicate = true> <Delay = 0.00>
ST_7 : Operation 488 [1/1] (0.00ns)   --->   "%rend8 = specregionend i32 @_ssdm_op_SpecRegionEnd, void @empty_509, i32 %rbegin7" [../src/fp_math_hls.cpp:303->../src/riccati_solver_hls.cpp:380]   --->   Operation 488 'specregionend' 'rend8' <Predicate = true> <Delay = 0.00>
ST_7 : Operation 489 [1/1] (0.00ns)   --->   "%rbegin5 = specregionbegin i32 @_ssdm_op_SpecRegionBegin, void @empty_498" [../src/fp_math_hls.cpp:303->../src/riccati_solver_hls.cpp:381]   --->   Operation 489 'specregionbegin' 'rbegin5' <Predicate = true> <Delay = 0.00>
ST_7 : Operation 490 [1/1] (0.00ns)   --->   "%rend6 = specregionend i32 @_ssdm_op_SpecRegionEnd, void @empty_498, i32 %rbegin5" [../src/fp_math_hls.cpp:303->../src/riccati_solver_hls.cpp:381]   --->   Operation 490 'specregionend' 'rend6' <Predicate = true> <Delay = 0.00>
ST_7 : Operation 491 [1/1] (0.00ns)   --->   "%rbegin3 = specregionbegin i32 @_ssdm_op_SpecRegionBegin, void @empty_525" [../src/fp_math_hls.cpp:303->../src/riccati_solver_hls.cpp:382]   --->   Operation 491 'specregionbegin' 'rbegin3' <Predicate = true> <Delay = 0.00>
ST_7 : Operation 492 [1/1] (0.00ns)   --->   "%rend4 = specregionend i32 @_ssdm_op_SpecRegionEnd, void @empty_525, i32 %rbegin3" [../src/fp_math_hls.cpp:303->../src/riccati_solver_hls.cpp:382]   --->   Operation 492 'specregionend' 'rend4' <Predicate = true> <Delay = 0.00>
ST_7 : Operation 493 [1/1] (0.00ns)   --->   "%rbegin1 = specregionbegin i32 @_ssdm_op_SpecRegionBegin, void @empty_545" [../src/fp_math_hls.cpp:303->../src/riccati_solver_hls.cpp:383]   --->   Operation 493 'specregionbegin' 'rbegin1' <Predicate = true> <Delay = 0.00>
ST_7 : Operation 494 [1/1] (0.00ns)   --->   "%rend2 = specregionend i32 @_ssdm_op_SpecRegionEnd, void @empty_545, i32 %rbegin1" [../src/fp_math_hls.cpp:303->../src/riccati_solver_hls.cpp:383]   --->   Operation 494 'specregionend' 'rend2' <Predicate = true> <Delay = 0.00>
ST_7 : Operation 495 [1/1] (0.00ns)   --->   "%rbegin = specregionbegin i32 @_ssdm_op_SpecRegionBegin, void @empty_495" [../src/fp_math_hls.cpp:303->../src/riccati_solver_hls.cpp:384]   --->   Operation 495 'specregionbegin' 'rbegin' <Predicate = true> <Delay = 0.00>
ST_7 : Operation 496 [1/1] (0.00ns)   --->   "%rend = specregionend i32 @_ssdm_op_SpecRegionEnd, void @empty_495, i32 %rbegin" [../src/fp_math_hls.cpp:303->../src/riccati_solver_hls.cpp:384]   --->   Operation 496 'specregionend' 'rend' <Predicate = true> <Delay = 0.00>
ST_7 : Operation 497 [1/2] (0.00ns)   --->   "%call_ln436 = call void @riccati_forward_pass_Pipeline_VITIS_LOOP_399_4, i26 %x_out_0, i5 %add_ln436, i26 %x_out_1, i26 %x_out_2, i26 %x_out_3, i26 %x_out_4, i26 %x_out_5, i7 %trunc_ln352, i26 %step_data_0_0, i26 %step_data_0_1, i26 %step_data_0_2, i26 %step_data_0_3, i26 %step_data_0_4, i26 %step_data_0_5, i25 %trunc_ln354, i25 %trunc_ln355, i25 %trunc_ln356, i25 %trunc_ln357, i25 %trunc_ln363, i25 %trunc_ln353, i26 %value, i26 %value_1, i26 %value_2, i26 %value_3, i26 %value_4, i26 %value_5, i26 %B_sparse_1_load, i25 %u1_raw, i26 %B_sparse_2_load, i26 %B_sparse_3_load, i26 %B_sparse_0_load, i25 %u0_raw" [../src/riccati_solver_hls.cpp:436]   --->   Operation 497 'call' 'call_ln436' <Predicate = true> <Delay = 0.00> <CoreType = "Generic">   --->   Generic Core
ST_7 : Operation 498 [1/1] (0.00ns)   --->   "%br_ln349 = br void %VITIS_LOOP_361_3" [../src/riccati_solver_hls.cpp:349]   --->   Operation 498 'br' 'br_ln349' <Predicate = true> <Delay = 0.00>


============================================================
+ Verbose Summary: Timing violations
============================================================
Target clock period: 5.000ns, clock uncertainty: 0.500ns.

 <State 1>: 0.677ns
The critical path consists of the following:
	wire read operation ('p_read_21') on port 'p_read' [104]  (0.000 ns)
	'store' operation ('store_ln344', ../src/riccati_solver_hls.cpp:344) of variable 'p_read_21' 26 bit on array 'x_out_0' [128]  (0.677 ns)

 <State 2>: 1.216ns
The critical path consists of the following:
	'load' operation 5 bit ('k', ../src/riccati_solver_hls.cpp:436) on local variable 'k', ../src/riccati_solver_hls.cpp:340 [139]  (0.000 ns)
	'icmp' operation 1 bit ('icmp_ln349', ../src/riccati_solver_hls.cpp:349) [140]  (0.789 ns)
	'store' operation ('store_ln340', ../src/riccati_solver_hls.cpp:340) of variable 'add_ln436', ../src/riccati_solver_hls.cpp:436 5 bit on local variable 'k', ../src/riccati_solver_hls.cpp:340 [485]  (0.427 ns)

 <State 3>: 3.283ns
The critical path consists of the following:
	'load' operation 17 bit ('K_0_0_0_load', ../src/riccati_solver_hls.cpp:367) on array 'K_0_0_0' [205]  (0.677 ns)
	'sparsemux' operation 17 bit ('a', ../src/riccati_solver_hls.cpp:367) [209]  (0.525 ns)
	'mul' operation 43 bit ('mul_ln303', ../src/fp_math_hls.cpp:303->../src/riccati_solver_hls.cpp:367) [213]  (2.081 ns)

 <State 4>: 2.081ns
The critical path consists of the following:
	'mul' operation 43 bit ('mul_ln303', ../src/fp_math_hls.cpp:303->../src/riccati_solver_hls.cpp:367) [213]  (2.081 ns)

 <State 5>: 4.089ns
The critical path consists of the following:
	'call' operation 32 bit ('prod_sum0', ../src/riccati_solver_hls.cpp:366) to 'sum8_K_QP_raw' [329]  (2.478 ns)
	'add' operation 25 bit ('u0_raw', include/fp_types_hls.hpp:734->include/fp_types_hls.hpp:740->../src/riccati_solver_hls.cpp:388) [457]  (0.934 ns)
	'store' operation ('store_ln396', ../src/riccati_solver_hls.cpp:396) of variable 'sext_ln387', ../src/riccati_solver_hls.cpp:387 26 bit on array 'u_out_0' [469]  (0.677 ns)

 <State 6>: 3.247ns
The critical path consists of the following:
	'load' operation 26 bit ('step_data_1_load_4', ../src/riccati_solver_hls.cpp:405) on array 'step_data_1' [181]  (1.237 ns)
	'call' operation ('call_ln436', ../src/riccati_solver_hls.cpp:436) to 'riccati_forward_pass_Pipeline_VITIS_LOOP_399_4' [480]  (2.010 ns)

 <State 7>: 0.000ns
The critical path consists of the following:


============================================================
+ Verbose Summary: Binding
============================================================
N/A
* FSMD analyzer results:
  - Output states:
 - Input state : 
  - Chain level:
	State 1
	State 2
	State 3
	State 4
	State 5
	State 6
	State 7


============================================================
+ Verbose Summary: Datapath Resource usage 
============================================================
N/A
