

================================================================
== Vitis HLS Report for 'riccati_backward_pass_Pipeline_VITIS_LOOP_742_9'
================================================================
* Date:           Thu Jun 11 17:48:30 2026

* Version:        2025.2 (Build 6295257 on Nov 14 2025)
* Project:        mpc_fpga_top_opencl
* Solution:       hls (Vitis Kernel Flow Target)
* Product family: zynquplus
* Target device:  xck26-sfvc784-2LV-c


================================================================
== Performance Estimates
================================================================
+ Timing: 
    * Summary: 
    +--------+---------+----------+------------+
    |  Clock |  Target | Estimated| Uncertainty|
    +--------+---------+----------+------------+
    |ap_clk  |  5.00 ns|  4.188 ns|     0.50 ns|
    +--------+---------+----------+------------+

+ Latency: 
    * Summary: 
    +---------+---------+-----------+-----------+-----+-----+-------------------+
    |  Latency (cycles) |   Latency (absolute)  |  Interval |      Pipeline     |
    |   min   |   max   |    min    |    max    | min | max |        Type       |
    +---------+---------+-----------+-----------+-----+-----+-------------------+
    |        4|        4|  20.000 ns|  20.000 ns|    0|    0|  loop pipeline stp|
    +---------+---------+-----------+-----------+-----+-----+-------------------+

    + Detail: 
        * Instance: 
        N/A

        * Loop: 
        +--------------------+---------+---------+----------+-----------+-----------+------+----------+
        |                    |  Latency (cycles) | Iteration|  Initiation Interval  | Trip |          |
        |      Loop Name     |   min   |   max   |  Latency |  achieved |   target  | Count| Pipelined|
        +--------------------+---------+---------+----------+-----------+-----------+------+----------+
        |- VITIS_LOOP_742_9  |        2|        2|         2|          1|          1|     2|       yes|
        +--------------------+---------+---------+----------+-----------+-----------+------+----------+

============================================================
+ Verbose Summary: Synthesis Manager
============================================================
InlineROM: 1
ExposeGlobal: 0
============================================================
+ Verbose Summary: CDFG Model
============================================================
IsTopModel: 0
ResetActiveHigh: 1
IsCombinational: 0
IsDatapathOnly: 0
HasWiredReturn: 1
HasMFsm: 2
HasVarLatency: 1
IsPipeline: 0
IsRtlPipelined: 0
IsInstanceOverlapped: 0
IsDontTouch: 0
HasImplIP: 0
IsGatedGlobalClock: 0

+ Individual pipeline summary: 
  * Pipeline-0: initiation interval (II) = 1, depth = 2


============================================================
+ Verbose Summary: Schedule
============================================================
* Number of FSM states : 2
* Pipeline : 1
  Pipeline-0 : II = 1, D = 2, States = { 1 2 }
* Dataflow Pipeline: 0

* FSM state transitions: 
1 --> 2 
2 --> 

* FSM state operations: 

State 1 <SV = 0> <Delay = 3.41>
ST_1 : Operation 5 [1/1] (0.00ns)   --->   "%a = alloca i32 1" [../src/riccati_solver_hls.cpp:491]   --->   Operation 5 'alloca' 'a' <Predicate = true> <Delay = 0.00>
ST_1 : Operation 6 [1/1] (0.00ns)   --->   "%G_1 = alloca i32 1" [../src/riccati_solver_hls.cpp:739]   --->   Operation 6 'alloca' 'G_1' <Predicate = true> <Delay = 0.00>
ST_1 : Operation 7 [1/1] (0.00ns)   --->   "%G_2 = alloca i32 1" [../src/riccati_solver_hls.cpp:739]   --->   Operation 7 'alloca' 'G_2' <Predicate = true> <Delay = 0.00>
ST_1 : Operation 8 [1/1] (0.00ns)   --->   "%G_3 = alloca i32 1" [../src/riccati_solver_hls.cpp:739]   --->   Operation 8 'alloca' 'G_3' <Predicate = true> <Delay = 0.00>
ST_1 : Operation 9 [1/1] (0.00ns)   --->   "%G_4 = alloca i32 1" [../src/riccati_solver_hls.cpp:739]   --->   Operation 9 'alloca' 'G_4' <Predicate = true> <Delay = 0.00>
ST_1 : Operation 10 [1/1] (0.00ns)   --->   "%G_5 = alloca i32 1" [../src/riccati_solver_hls.cpp:739]   --->   Operation 10 'alloca' 'G_5' <Predicate = true> <Delay = 0.00>
ST_1 : Operation 11 [1/1] (0.00ns)   --->   "%G_6 = alloca i32 1" [../src/riccati_solver_hls.cpp:739]   --->   Operation 11 'alloca' 'G_6' <Predicate = true> <Delay = 0.00>
ST_1 : Operation 12 [1/1] (0.00ns)   --->   "%G_7 = alloca i32 1" [../src/riccati_solver_hls.cpp:739]   --->   Operation 12 'alloca' 'G_7' <Predicate = true> <Delay = 0.00>
ST_1 : Operation 13 [1/1] (0.00ns)   --->   "%G_8 = alloca i32 1" [../src/riccati_solver_hls.cpp:739]   --->   Operation 13 'alloca' 'G_8' <Predicate = true> <Delay = 0.00>
ST_1 : Operation 14 [1/1] (0.00ns)   --->   "%G_9 = alloca i32 1" [../src/riccati_solver_hls.cpp:739]   --->   Operation 14 'alloca' 'G_9' <Predicate = true> <Delay = 0.00>
ST_1 : Operation 15 [1/1] (0.00ns)   --->   "%G_10 = alloca i32 1" [../src/riccati_solver_hls.cpp:739]   --->   Operation 15 'alloca' 'G_10' <Predicate = true> <Delay = 0.00>
ST_1 : Operation 16 [1/1] (0.00ns)   --->   "%G_11 = alloca i32 1" [../src/riccati_solver_hls.cpp:739]   --->   Operation 16 'alloca' 'G_11' <Predicate = true> <Delay = 0.00>
ST_1 : Operation 17 [1/1] (0.00ns)   --->   "%G_12 = alloca i32 1" [../src/riccati_solver_hls.cpp:739]   --->   Operation 17 'alloca' 'G_12' <Predicate = true> <Delay = 0.00>
ST_1 : Operation 18 [1/1] (0.00ns)   --->   "%sext_ln742_read = read i26 @_ssdm_op_Read.ap_auto.i26, i26 %sext_ln742"   --->   Operation 18 'read' 'sext_ln742_read' <Predicate = true> <Delay = 0.00>
ST_1 : Operation 19 [1/1] (0.00ns)   --->   "%b_186_cast_read = read i26 @_ssdm_op_Read.ap_auto.i26, i26 %b_186_cast"   --->   Operation 19 'read' 'b_186_cast_read' <Predicate = true> <Delay = 0.00>
ST_1 : Operation 20 [1/1] (0.00ns)   --->   "%b_185_cast_read = read i26 @_ssdm_op_Read.ap_auto.i26, i26 %b_185_cast"   --->   Operation 20 'read' 'b_185_cast_read' <Predicate = true> <Delay = 0.00>
ST_1 : Operation 21 [1/1] (0.00ns)   --->   "%b_184_cast_read = read i26 @_ssdm_op_Read.ap_auto.i26, i26 %b_184_cast"   --->   Operation 21 'read' 'b_184_cast_read' <Predicate = true> <Delay = 0.00>
ST_1 : Operation 22 [1/1] (0.00ns)   --->   "%b_183_cast_read = read i26 @_ssdm_op_Read.ap_auto.i26, i26 %b_183_cast"   --->   Operation 22 'read' 'b_183_cast_read' <Predicate = true> <Delay = 0.00>
ST_1 : Operation 23 [1/1] (0.00ns)   --->   "%b_182_cast_read = read i26 @_ssdm_op_Read.ap_auto.i26, i26 %b_182_cast"   --->   Operation 23 'read' 'b_182_cast_read' <Predicate = true> <Delay = 0.00>
ST_1 : Operation 24 [1/1] (0.00ns)   --->   "%b_181_cast_read = read i26 @_ssdm_op_Read.ap_auto.i26, i26 %b_181_cast"   --->   Operation 24 'read' 'b_181_cast_read' <Predicate = true> <Delay = 0.00>
ST_1 : Operation 25 [1/1] (0.00ns)   --->   "%b_180_cast_read = read i26 @_ssdm_op_Read.ap_auto.i26, i26 %b_180_cast"   --->   Operation 25 'read' 'b_180_cast_read' <Predicate = true> <Delay = 0.00>
ST_1 : Operation 26 [1/1] (0.00ns)   --->   "%b_179_cast_read = read i26 @_ssdm_op_Read.ap_auto.i26, i26 %b_179_cast"   --->   Operation 26 'read' 'b_179_cast_read' <Predicate = true> <Delay = 0.00>
ST_1 : Operation 27 [1/1] (0.00ns)   --->   "%b_178_cast_read = read i26 @_ssdm_op_Read.ap_auto.i26, i26 %b_178_cast"   --->   Operation 27 'read' 'b_178_cast_read' <Predicate = true> <Delay = 0.00>
ST_1 : Operation 28 [1/1] (0.00ns)   --->   "%b_177_cast_read = read i26 @_ssdm_op_Read.ap_auto.i26, i26 %b_177_cast"   --->   Operation 28 'read' 'b_177_cast_read' <Predicate = true> <Delay = 0.00>
ST_1 : Operation 29 [1/1] (0.00ns)   --->   "%b_176_cast_read = read i26 @_ssdm_op_Read.ap_auto.i26, i26 %b_176_cast"   --->   Operation 29 'read' 'b_176_cast_read' <Predicate = true> <Delay = 0.00>
ST_1 : Operation 30 [1/1] (0.00ns)   --->   "%b_175_cast_read = read i26 @_ssdm_op_Read.ap_auto.i26, i26 %b_175_cast"   --->   Operation 30 'read' 'b_175_cast_read' <Predicate = true> <Delay = 0.00>
ST_1 : Operation 31 [1/1] (0.00ns)   --->   "%b_174_cast_read = read i26 @_ssdm_op_Read.ap_auto.i26, i26 %b_174_cast"   --->   Operation 31 'read' 'b_174_cast_read' <Predicate = true> <Delay = 0.00>
ST_1 : Operation 32 [1/1] (0.00ns)   --->   "%b_173_cast_read = read i26 @_ssdm_op_Read.ap_auto.i26, i26 %b_173_cast"   --->   Operation 32 'read' 'b_173_cast_read' <Predicate = true> <Delay = 0.00>
ST_1 : Operation 33 [1/1] (0.00ns)   --->   "%b_172_cast_read = read i26 @_ssdm_op_Read.ap_auto.i26, i26 %b_172_cast"   --->   Operation 33 'read' 'b_172_cast_read' <Predicate = true> <Delay = 0.00>
ST_1 : Operation 34 [1/1] (0.00ns)   --->   "%b_171_cast_read = read i26 @_ssdm_op_Read.ap_auto.i26, i26 %b_171_cast"   --->   Operation 34 'read' 'b_171_cast_read' <Predicate = true> <Delay = 0.00>
ST_1 : Operation 35 [1/1] (0.00ns)   --->   "%b_170_cast_read = read i26 @_ssdm_op_Read.ap_auto.i26, i26 %b_170_cast"   --->   Operation 35 'read' 'b_170_cast_read' <Predicate = true> <Delay = 0.00>
ST_1 : Operation 36 [1/1] (0.00ns)   --->   "%b_169_cast_read = read i26 @_ssdm_op_Read.ap_auto.i26, i26 %b_169_cast"   --->   Operation 36 'read' 'b_169_cast_read' <Predicate = true> <Delay = 0.00>
ST_1 : Operation 37 [1/1] (0.00ns)   --->   "%b_168_cast_read = read i26 @_ssdm_op_Read.ap_auto.i26, i26 %b_168_cast"   --->   Operation 37 'read' 'b_168_cast_read' <Predicate = true> <Delay = 0.00>
ST_1 : Operation 38 [1/1] (0.00ns)   --->   "%b_167_cast_read = read i26 @_ssdm_op_Read.ap_auto.i26, i26 %b_167_cast"   --->   Operation 38 'read' 'b_167_cast_read' <Predicate = true> <Delay = 0.00>
ST_1 : Operation 39 [1/1] (0.00ns)   --->   "%b_166_cast_read = read i26 @_ssdm_op_Read.ap_auto.i26, i26 %b_166_cast"   --->   Operation 39 'read' 'b_166_cast_read' <Predicate = true> <Delay = 0.00>
ST_1 : Operation 40 [1/1] (0.00ns)   --->   "%b_165_cast_read = read i26 @_ssdm_op_Read.ap_auto.i26, i26 %b_165_cast"   --->   Operation 40 'read' 'b_165_cast_read' <Predicate = true> <Delay = 0.00>
ST_1 : Operation 41 [1/1] (0.00ns)   --->   "%b_164_cast_read = read i26 @_ssdm_op_Read.ap_auto.i26, i26 %b_164_cast"   --->   Operation 41 'read' 'b_164_cast_read' <Predicate = true> <Delay = 0.00>
ST_1 : Operation 42 [1/1] (0.00ns)   --->   "%b_163_cast_read = read i26 @_ssdm_op_Read.ap_auto.i26, i26 %b_163_cast"   --->   Operation 42 'read' 'b_163_cast_read' <Predicate = true> <Delay = 0.00>
ST_1 : Operation 43 [1/1] (0.00ns)   --->   "%b_162_cast_read = read i26 @_ssdm_op_Read.ap_auto.i26, i26 %b_162_cast"   --->   Operation 43 'read' 'b_162_cast_read' <Predicate = true> <Delay = 0.00>
ST_1 : Operation 44 [1/1] (0.00ns)   --->   "%b_161_cast_read = read i26 @_ssdm_op_Read.ap_auto.i26, i26 %b_161_cast"   --->   Operation 44 'read' 'b_161_cast_read' <Predicate = true> <Delay = 0.00>
ST_1 : Operation 45 [1/1] (0.00ns)   --->   "%b_160_cast_read = read i26 @_ssdm_op_Read.ap_auto.i26, i26 %b_160_cast"   --->   Operation 45 'read' 'b_160_cast_read' <Predicate = true> <Delay = 0.00>
ST_1 : Operation 46 [1/1] (0.00ns)   --->   "%b_159_cast_read = read i26 @_ssdm_op_Read.ap_auto.i26, i26 %b_159_cast"   --->   Operation 46 'read' 'b_159_cast_read' <Predicate = true> <Delay = 0.00>
ST_1 : Operation 47 [1/1] (0.00ns)   --->   "%b_158_cast_read = read i26 @_ssdm_op_Read.ap_auto.i26, i26 %b_158_cast"   --->   Operation 47 'read' 'b_158_cast_read' <Predicate = true> <Delay = 0.00>
ST_1 : Operation 48 [1/1] (0.00ns)   --->   "%b_220_cast_read = read i26 @_ssdm_op_Read.ap_auto.i26, i26 %b_220_cast"   --->   Operation 48 'read' 'b_220_cast_read' <Predicate = true> <Delay = 0.00>
ST_1 : Operation 49 [1/1] (0.00ns)   --->   "%b_219_cast_read = read i26 @_ssdm_op_Read.ap_auto.i26, i26 %b_219_cast"   --->   Operation 49 'read' 'b_219_cast_read' <Predicate = true> <Delay = 0.00>
ST_1 : Operation 50 [1/1] (0.00ns)   --->   "%b_218_cast_read = read i26 @_ssdm_op_Read.ap_auto.i26, i26 %b_218_cast"   --->   Operation 50 'read' 'b_218_cast_read' <Predicate = true> <Delay = 0.00>
ST_1 : Operation 51 [1/1] (0.00ns)   --->   "%b_217_cast_read = read i26 @_ssdm_op_Read.ap_auto.i26, i26 %b_217_cast"   --->   Operation 51 'read' 'b_217_cast_read' <Predicate = true> <Delay = 0.00>
ST_1 : Operation 52 [1/1] (0.00ns)   --->   "%b_216_cast_read = read i26 @_ssdm_op_Read.ap_auto.i26, i26 %b_216_cast"   --->   Operation 52 'read' 'b_216_cast_read' <Predicate = true> <Delay = 0.00>
ST_1 : Operation 53 [1/1] (0.00ns)   --->   "%b_215_cast_read = read i26 @_ssdm_op_Read.ap_auto.i26, i26 %b_215_cast"   --->   Operation 53 'read' 'b_215_cast_read' <Predicate = true> <Delay = 0.00>
ST_1 : Operation 54 [1/1] (0.00ns)   --->   "%M_13_read = read i18 @_ssdm_op_Read.ap_auto.i18, i18 %M_13"   --->   Operation 54 'read' 'M_13_read' <Predicate = true> <Delay = 0.00>
ST_1 : Operation 55 [1/1] (0.00ns)   --->   "%M_14_read = read i18 @_ssdm_op_Read.ap_auto.i18, i18 %M_14"   --->   Operation 55 'read' 'M_14_read' <Predicate = true> <Delay = 0.00>
ST_1 : Operation 56 [1/1] (0.00ns)   --->   "%M_11_read = read i18 @_ssdm_op_Read.ap_auto.i18, i18 %M_11"   --->   Operation 56 'read' 'M_11_read' <Predicate = true> <Delay = 0.00>
ST_1 : Operation 57 [1/1] (0.00ns)   --->   "%M_12_read = read i18 @_ssdm_op_Read.ap_auto.i18, i18 %M_12"   --->   Operation 57 'read' 'M_12_read' <Predicate = true> <Delay = 0.00>
ST_1 : Operation 58 [1/1] (0.00ns)   --->   "%M_9_read = read i18 @_ssdm_op_Read.ap_auto.i18, i18 %M_9"   --->   Operation 58 'read' 'M_9_read' <Predicate = true> <Delay = 0.00>
ST_1 : Operation 59 [1/1] (0.00ns)   --->   "%M_10_read = read i18 @_ssdm_op_Read.ap_auto.i18, i18 %M_10"   --->   Operation 59 'read' 'M_10_read' <Predicate = true> <Delay = 0.00>
ST_1 : Operation 60 [1/1] (0.00ns)   --->   "%M_read = read i18 @_ssdm_op_Read.ap_auto.i18, i18 %M"   --->   Operation 60 'read' 'M_read' <Predicate = true> <Delay = 0.00>
ST_1 : Operation 61 [1/1] (0.00ns)   --->   "%M_8_read = read i18 @_ssdm_op_Read.ap_auto.i18, i18 %M_8"   --->   Operation 61 'read' 'M_8_read' <Predicate = true> <Delay = 0.00>
ST_1 : Operation 62 [1/1] (0.00ns)   --->   "%s0_1_read = read i35 @_ssdm_op_Read.ap_auto.i35, i35 %s0_1"   --->   Operation 62 'read' 's0_1_read' <Predicate = true> <Delay = 0.00>
ST_1 : Operation 63 [1/1] (0.00ns)   --->   "%s1_1_read = read i35 @_ssdm_op_Read.ap_auto.i35, i35 %s1_1"   --->   Operation 63 'read' 's1_1_read' <Predicate = true> <Delay = 0.00>
ST_1 : Operation 64 [1/1] (0.00ns)   --->   "%s0_read = read i35 @_ssdm_op_Read.ap_auto.i35, i35 %s0"   --->   Operation 64 'read' 's0_read' <Predicate = true> <Delay = 0.00>
ST_1 : Operation 65 [1/1] (0.00ns)   --->   "%s1_read = read i35 @_ssdm_op_Read.ap_auto.i35, i35 %s1"   --->   Operation 65 'read' 's1_read' <Predicate = true> <Delay = 0.00>
ST_1 : Operation 66 [1/1] (0.00ns)   --->   "%sext_ln742_cast = sext i26 %sext_ln742_read"   --->   Operation 66 'sext' 'sext_ln742_cast' <Predicate = true> <Delay = 0.00>
ST_1 : Operation 67 [1/1] (0.00ns)   --->   "%b_186_cast_cast = sext i26 %b_186_cast_read"   --->   Operation 67 'sext' 'b_186_cast_cast' <Predicate = true> <Delay = 0.00>
ST_1 : Operation 68 [1/1] (0.00ns)   --->   "%b_185_cast_cast = sext i26 %b_185_cast_read"   --->   Operation 68 'sext' 'b_185_cast_cast' <Predicate = true> <Delay = 0.00>
ST_1 : Operation 69 [1/1] (0.00ns)   --->   "%b_184_cast_cast = sext i26 %b_184_cast_read"   --->   Operation 69 'sext' 'b_184_cast_cast' <Predicate = true> <Delay = 0.00>
ST_1 : Operation 70 [1/1] (0.00ns)   --->   "%b_183_cast_cast = sext i26 %b_183_cast_read"   --->   Operation 70 'sext' 'b_183_cast_cast' <Predicate = true> <Delay = 0.00>
ST_1 : Operation 71 [1/1] (0.00ns)   --->   "%b_182_cast_cast = sext i26 %b_182_cast_read"   --->   Operation 71 'sext' 'b_182_cast_cast' <Predicate = true> <Delay = 0.00>
ST_1 : Operation 72 [1/1] (0.00ns)   --->   "%b_181_cast_cast = sext i26 %b_181_cast_read"   --->   Operation 72 'sext' 'b_181_cast_cast' <Predicate = true> <Delay = 0.00>
ST_1 : Operation 73 [1/1] (0.00ns)   --->   "%b_180_cast_cast = sext i26 %b_180_cast_read"   --->   Operation 73 'sext' 'b_180_cast_cast' <Predicate = true> <Delay = 0.00>
ST_1 : Operation 74 [1/1] (0.00ns)   --->   "%b_179_cast_cast = sext i26 %b_179_cast_read"   --->   Operation 74 'sext' 'b_179_cast_cast' <Predicate = true> <Delay = 0.00>
ST_1 : Operation 75 [1/1] (0.00ns)   --->   "%b_178_cast_cast = sext i26 %b_178_cast_read"   --->   Operation 75 'sext' 'b_178_cast_cast' <Predicate = true> <Delay = 0.00>
ST_1 : Operation 76 [1/1] (0.00ns)   --->   "%b_177_cast_cast = sext i26 %b_177_cast_read"   --->   Operation 76 'sext' 'b_177_cast_cast' <Predicate = true> <Delay = 0.00>
ST_1 : Operation 77 [1/1] (0.00ns)   --->   "%b_176_cast_cast = sext i26 %b_176_cast_read"   --->   Operation 77 'sext' 'b_176_cast_cast' <Predicate = true> <Delay = 0.00>
ST_1 : Operation 78 [1/1] (0.00ns)   --->   "%b_175_cast_cast = sext i26 %b_175_cast_read"   --->   Operation 78 'sext' 'b_175_cast_cast' <Predicate = true> <Delay = 0.00>
ST_1 : Operation 79 [1/1] (0.00ns)   --->   "%b_174_cast_cast = sext i26 %b_174_cast_read"   --->   Operation 79 'sext' 'b_174_cast_cast' <Predicate = true> <Delay = 0.00>
ST_1 : Operation 80 [1/1] (0.00ns)   --->   "%b_173_cast_cast = sext i26 %b_173_cast_read"   --->   Operation 80 'sext' 'b_173_cast_cast' <Predicate = true> <Delay = 0.00>
ST_1 : Operation 81 [1/1] (0.00ns)   --->   "%b_172_cast_cast = sext i26 %b_172_cast_read"   --->   Operation 81 'sext' 'b_172_cast_cast' <Predicate = true> <Delay = 0.00>
ST_1 : Operation 82 [1/1] (0.00ns)   --->   "%b_171_cast_cast = sext i26 %b_171_cast_read"   --->   Operation 82 'sext' 'b_171_cast_cast' <Predicate = true> <Delay = 0.00>
ST_1 : Operation 83 [1/1] (0.00ns)   --->   "%b_170_cast_cast = sext i26 %b_170_cast_read"   --->   Operation 83 'sext' 'b_170_cast_cast' <Predicate = true> <Delay = 0.00>
ST_1 : Operation 84 [1/1] (0.00ns)   --->   "%b_169_cast_cast = sext i26 %b_169_cast_read"   --->   Operation 84 'sext' 'b_169_cast_cast' <Predicate = true> <Delay = 0.00>
ST_1 : Operation 85 [1/1] (0.00ns)   --->   "%b_168_cast_cast = sext i26 %b_168_cast_read"   --->   Operation 85 'sext' 'b_168_cast_cast' <Predicate = true> <Delay = 0.00>
ST_1 : Operation 86 [1/1] (0.00ns)   --->   "%b_167_cast_cast = sext i26 %b_167_cast_read"   --->   Operation 86 'sext' 'b_167_cast_cast' <Predicate = true> <Delay = 0.00>
ST_1 : Operation 87 [1/1] (0.00ns)   --->   "%b_166_cast_cast = sext i26 %b_166_cast_read"   --->   Operation 87 'sext' 'b_166_cast_cast' <Predicate = true> <Delay = 0.00>
ST_1 : Operation 88 [1/1] (0.00ns)   --->   "%b_165_cast_cast = sext i26 %b_165_cast_read"   --->   Operation 88 'sext' 'b_165_cast_cast' <Predicate = true> <Delay = 0.00>
ST_1 : Operation 89 [1/1] (0.00ns)   --->   "%b_164_cast_cast = sext i26 %b_164_cast_read"   --->   Operation 89 'sext' 'b_164_cast_cast' <Predicate = true> <Delay = 0.00>
ST_1 : Operation 90 [1/1] (0.00ns)   --->   "%b_163_cast_cast = sext i26 %b_163_cast_read"   --->   Operation 90 'sext' 'b_163_cast_cast' <Predicate = true> <Delay = 0.00>
ST_1 : Operation 91 [1/1] (0.00ns)   --->   "%b_162_cast_cast = sext i26 %b_162_cast_read"   --->   Operation 91 'sext' 'b_162_cast_cast' <Predicate = true> <Delay = 0.00>
ST_1 : Operation 92 [1/1] (0.00ns)   --->   "%b_161_cast_cast = sext i26 %b_161_cast_read"   --->   Operation 92 'sext' 'b_161_cast_cast' <Predicate = true> <Delay = 0.00>
ST_1 : Operation 93 [1/1] (0.00ns)   --->   "%b_160_cast_cast = sext i26 %b_160_cast_read"   --->   Operation 93 'sext' 'b_160_cast_cast' <Predicate = true> <Delay = 0.00>
ST_1 : Operation 94 [1/1] (0.00ns)   --->   "%b_159_cast_cast = sext i26 %b_159_cast_read"   --->   Operation 94 'sext' 'b_159_cast_cast' <Predicate = true> <Delay = 0.00>
ST_1 : Operation 95 [1/1] (0.00ns)   --->   "%b_158_cast_cast = sext i26 %b_158_cast_read"   --->   Operation 95 'sext' 'b_158_cast_cast' <Predicate = true> <Delay = 0.00>
ST_1 : Operation 96 [1/1] (0.00ns)   --->   "%b_220_cast_cast = sext i26 %b_220_cast_read"   --->   Operation 96 'sext' 'b_220_cast_cast' <Predicate = true> <Delay = 0.00>
ST_1 : Operation 97 [1/1] (0.00ns)   --->   "%b_219_cast_cast = sext i26 %b_219_cast_read"   --->   Operation 97 'sext' 'b_219_cast_cast' <Predicate = true> <Delay = 0.00>
ST_1 : Operation 98 [1/1] (0.00ns)   --->   "%b_218_cast_cast = sext i26 %b_218_cast_read"   --->   Operation 98 'sext' 'b_218_cast_cast' <Predicate = true> <Delay = 0.00>
ST_1 : Operation 99 [1/1] (0.00ns)   --->   "%b_217_cast_cast = sext i26 %b_217_cast_read"   --->   Operation 99 'sext' 'b_217_cast_cast' <Predicate = true> <Delay = 0.00>
ST_1 : Operation 100 [1/1] (0.00ns)   --->   "%b_216_cast_cast = sext i26 %b_216_cast_read"   --->   Operation 100 'sext' 'b_216_cast_cast' <Predicate = true> <Delay = 0.00>
ST_1 : Operation 101 [1/1] (0.00ns)   --->   "%b_215_cast_cast = sext i26 %b_215_cast_read"   --->   Operation 101 'sext' 'b_215_cast_cast' <Predicate = true> <Delay = 0.00>
ST_1 : Operation 102 [1/1] (0.42ns)   --->   "%store_ln491 = store i2 0, i2 %a" [../src/riccati_solver_hls.cpp:491]   --->   Operation 102 'store' 'store_ln491' <Predicate = true> <Delay = 0.42>
ST_1 : Operation 103 [1/1] (0.00ns)   --->   "%br_ln0 = br void %VITIS_LOOP_743_10"   --->   Operation 103 'br' 'br_ln0' <Predicate = true> <Delay = 0.00>
ST_1 : Operation 104 [1/1] (0.00ns)   --->   "%a_28 = load i2 %a" [../src/riccati_solver_hls.cpp:742]   --->   Operation 104 'load' 'a_28' <Predicate = true> <Delay = 0.00>
ST_1 : Operation 105 [1/1] (0.54ns)   --->   "%icmp_ln742 = icmp_eq  i2 %a_28, i2 2" [../src/riccati_solver_hls.cpp:742]   --->   Operation 105 'icmp' 'icmp_ln742' <Predicate = true> <Delay = 0.54> <CoreInst = "Cmp">   --->   Core 9 'Cmp' <Latency = 0> <II = 1> <Delay = 0.54> <FuncUnit> <Opcode : 'seteq' 'setne' 'setle' 'setge' 'setlt' 'setgt'> <InPorts = 2> <OutPorts = 1>
ST_1 : Operation 106 [1/1] (0.54ns)   --->   "%add_ln742 = add i2 %a_28, i2 1" [../src/riccati_solver_hls.cpp:742]   --->   Operation 106 'add' 'add_ln742' <Predicate = true> <Delay = 0.54> <CoreInst = "Adder">   --->   Core 1 'Adder' <Latency = 0> <II = 1> <Delay = 0.54> <FuncUnit> <Opcode : 'add' 'sub'> <InPorts = 2> <OutPorts = 1>
ST_1 : Operation 107 [1/1] (0.00ns)   --->   "%br_ln742 = br i1 %icmp_ln742, void %fpga_resource_hint.VITIS_LOOP_743_10.473, void %_ZN8ap_fixedILi26ELi12EL9ap_q_mode5EL9ap_o_mode3ELi0EEC2ILi27ELi13ELb1ELS0_5ELS1_3ELi0EEERK13ap_fixed_baseIXT_EXT0_EXT1_EXT2_EXT3_EXT4_EE.exit16614.exitStub" [../src/riccati_solver_hls.cpp:742]   --->   Operation 107 'br' 'br_ln742' <Predicate = true> <Delay = 0.00>
ST_1 : Operation 108 [1/1] (0.54ns)   --->   "%empty = icmp_eq  i2 %a_28, i2 1" [../src/riccati_solver_hls.cpp:742]   --->   Operation 108 'icmp' 'empty' <Predicate = (!icmp_ln742)> <Delay = 0.54> <CoreInst = "Cmp">   --->   Core 9 'Cmp' <Latency = 0> <II = 1> <Delay = 0.54> <FuncUnit> <Opcode : 'seteq' 'setne' 'setle' 'setge' 'setlt' 'setgt'> <InPorts = 2> <OutPorts = 1>
ST_1 : Operation 109 [1/1] (0.00ns)   --->   "%tmp_s = partselect i18 @_ssdm_op_PartSelect.i18.i35.i32.i32, i35 %s1_read, i32 17, i32 34"   --->   Operation 109 'partselect' 'tmp_s' <Predicate = (!icmp_ln742)> <Delay = 0.00>
ST_1 : Operation 110 [1/1] (0.00ns)   --->   "%tmp_1 = partselect i18 @_ssdm_op_PartSelect.i18.i35.i32.i32, i35 %s0_read, i32 17, i32 34"   --->   Operation 110 'partselect' 'tmp_1' <Predicate = (!icmp_ln742)> <Delay = 0.00>
ST_1 : Operation 111 [1/1] (0.36ns)   --->   "%a_29 = select i1 %empty, i18 %tmp_s, i18 %tmp_1" [../src/riccati_solver_hls.cpp:742]   --->   Operation 111 'select' 'a_29' <Predicate = (!icmp_ln742)> <Delay = 0.36> <CoreInst = "Sel">   --->   Core 73 'Sel' <Latency = 0> <II = 1> <Delay = 0.36> <FuncUnit> <Opcode : 'select'> <InPorts = 3> <OutPorts = 1>
ST_1 : Operation 112 [1/1] (0.00ns)   --->   "%a_2_cast = sext i18 %a_29" [../src/riccati_solver_hls.cpp:742]   --->   Operation 112 'sext' 'a_2_cast' <Predicate = (!icmp_ln742)> <Delay = 0.00>
ST_1 : Operation 113 [1/1] (0.00ns)   --->   "%tmp_2 = partselect i18 @_ssdm_op_PartSelect.i18.i35.i32.i32, i35 %s1_1_read, i32 17, i32 34"   --->   Operation 113 'partselect' 'tmp_2' <Predicate = (!icmp_ln742)> <Delay = 0.00>
ST_1 : Operation 114 [1/1] (0.00ns)   --->   "%tmp_3 = partselect i18 @_ssdm_op_PartSelect.i18.i35.i32.i32, i35 %s0_1_read, i32 17, i32 34"   --->   Operation 114 'partselect' 'tmp_3' <Predicate = (!icmp_ln742)> <Delay = 0.00>
ST_1 : Operation 115 [1/1] (0.36ns)   --->   "%a_30 = select i1 %empty, i18 %tmp_2, i18 %tmp_3" [../src/riccati_solver_hls.cpp:742]   --->   Operation 115 'select' 'a_30' <Predicate = (!icmp_ln742)> <Delay = 0.36> <CoreInst = "Sel">   --->   Core 73 'Sel' <Latency = 0> <II = 1> <Delay = 0.36> <FuncUnit> <Opcode : 'select'> <InPorts = 3> <OutPorts = 1>
ST_1 : Operation 116 [1/1] (0.00ns)   --->   "%a_3_cast = sext i18 %a_30" [../src/riccati_solver_hls.cpp:742]   --->   Operation 116 'sext' 'a_3_cast' <Predicate = (!icmp_ln742)> <Delay = 0.00>
ST_1 : Operation 117 [1/1] (0.36ns)   --->   "%a_4 = select i1 %empty, i18 %M_8_read, i18 %M_read" [../src/riccati_solver_hls.cpp:742]   --->   Operation 117 'select' 'a_4' <Predicate = (!icmp_ln742)> <Delay = 0.36> <CoreInst = "Sel">   --->   Core 73 'Sel' <Latency = 0> <II = 1> <Delay = 0.36> <FuncUnit> <Opcode : 'select'> <InPorts = 3> <OutPorts = 1>
ST_1 : Operation 118 [1/1] (0.00ns)   --->   "%a_4_cast = sext i18 %a_4" [../src/riccati_solver_hls.cpp:742]   --->   Operation 118 'sext' 'a_4_cast' <Predicate = (!icmp_ln742)> <Delay = 0.00>
ST_1 : Operation 119 [1/1] (0.36ns)   --->   "%a_5 = select i1 %empty, i18 %M_10_read, i18 %M_9_read" [../src/riccati_solver_hls.cpp:742]   --->   Operation 119 'select' 'a_5' <Predicate = (!icmp_ln742)> <Delay = 0.36> <CoreInst = "Sel">   --->   Core 73 'Sel' <Latency = 0> <II = 1> <Delay = 0.36> <FuncUnit> <Opcode : 'select'> <InPorts = 3> <OutPorts = 1>
ST_1 : Operation 120 [1/1] (0.00ns)   --->   "%a_5_cast = sext i18 %a_5" [../src/riccati_solver_hls.cpp:742]   --->   Operation 120 'sext' 'a_5_cast' <Predicate = (!icmp_ln742)> <Delay = 0.00>
ST_1 : Operation 121 [1/1] (0.36ns)   --->   "%a_6 = select i1 %empty, i18 %M_12_read, i18 %M_11_read" [../src/riccati_solver_hls.cpp:742]   --->   Operation 121 'select' 'a_6' <Predicate = (!icmp_ln742)> <Delay = 0.36> <CoreInst = "Sel">   --->   Core 73 'Sel' <Latency = 0> <II = 1> <Delay = 0.36> <FuncUnit> <Opcode : 'select'> <InPorts = 3> <OutPorts = 1>
ST_1 : Operation 122 [1/1] (0.00ns)   --->   "%a_6_cast = sext i18 %a_6" [../src/riccati_solver_hls.cpp:742]   --->   Operation 122 'sext' 'a_6_cast' <Predicate = (!icmp_ln742)> <Delay = 0.00>
ST_1 : Operation 123 [1/1] (0.36ns)   --->   "%a_7 = select i1 %empty, i18 %M_14_read, i18 %M_13_read" [../src/riccati_solver_hls.cpp:742]   --->   Operation 123 'select' 'a_7' <Predicate = (!icmp_ln742)> <Delay = 0.36> <CoreInst = "Sel">   --->   Core 73 'Sel' <Latency = 0> <II = 1> <Delay = 0.36> <FuncUnit> <Opcode : 'select'> <InPorts = 3> <OutPorts = 1>
ST_1 : Operation 124 [1/1] (0.00ns)   --->   "%sext_ln269 = sext i18 %a_7" [../src/fp_math_hls.cpp:269->../src/riccati_solver_hls.cpp:747]   --->   Operation 124 'sext' 'sext_ln269' <Predicate = (!icmp_ln742)> <Delay = 0.00>
ST_1 : Operation 125 [2/2] (2.08ns)   --->   "%mul_ln272 = mul i44 %b_215_cast_cast, i44 %a_2_cast" [../src/fp_math_hls.cpp:272->../src/riccati_solver_hls.cpp:747]   --->   Operation 125 'mul' 'mul_ln272' <Predicate = (!icmp_ln742)> <Delay = 2.08> <CoreInst = "Mul_DSP">   --->   Core 5 'Mul_DSP' <Latency = 1> <II = 1> <Delay = 2.08> <FuncUnit> <Opcode : 'mul'> <InPorts = 2> <OutPorts = 1>
ST_1 : Operation 126 [2/2] (2.08ns)   --->   "%mul_ln272_1 = mul i44 %b_216_cast_cast, i44 %a_3_cast" [../src/fp_math_hls.cpp:272->../src/riccati_solver_hls.cpp:748]   --->   Operation 126 'mul' 'mul_ln272_1' <Predicate = (!icmp_ln742)> <Delay = 2.08> <CoreInst = "Mul_DSP">   --->   Core 5 'Mul_DSP' <Latency = 1> <II = 1> <Delay = 2.08> <FuncUnit> <Opcode : 'mul'> <InPorts = 2> <OutPorts = 1>
ST_1 : Operation 127 [2/2] (2.08ns)   --->   "%mul_ln272_2 = mul i44 %b_217_cast_cast, i44 %a_4_cast" [../src/fp_math_hls.cpp:272->../src/riccati_solver_hls.cpp:749]   --->   Operation 127 'mul' 'mul_ln272_2' <Predicate = (!icmp_ln742)> <Delay = 2.08> <CoreInst = "Mul_DSP">   --->   Core 5 'Mul_DSP' <Latency = 1> <II = 1> <Delay = 2.08> <FuncUnit> <Opcode : 'mul'> <InPorts = 2> <OutPorts = 1>
ST_1 : Operation 128 [2/2] (2.08ns)   --->   "%mul_ln272_3 = mul i44 %b_218_cast_cast, i44 %a_5_cast" [../src/fp_math_hls.cpp:272->../src/riccati_solver_hls.cpp:750]   --->   Operation 128 'mul' 'mul_ln272_3' <Predicate = (!icmp_ln742)> <Delay = 2.08> <CoreInst = "Mul_DSP">   --->   Core 5 'Mul_DSP' <Latency = 1> <II = 1> <Delay = 2.08> <FuncUnit> <Opcode : 'mul'> <InPorts = 2> <OutPorts = 1>
ST_1 : Operation 129 [2/2] (2.08ns)   --->   "%mul_ln272_4 = mul i44 %b_219_cast_cast, i44 %a_6_cast" [../src/fp_math_hls.cpp:272->../src/riccati_solver_hls.cpp:751]   --->   Operation 129 'mul' 'mul_ln272_4' <Predicate = (!icmp_ln742)> <Delay = 2.08> <CoreInst = "Mul_DSP">   --->   Core 5 'Mul_DSP' <Latency = 1> <II = 1> <Delay = 2.08> <FuncUnit> <Opcode : 'mul'> <InPorts = 2> <OutPorts = 1>
ST_1 : Operation 130 [2/2] (2.08ns)   --->   "%mul_ln272_5 = mul i44 %b_220_cast_cast, i44 %sext_ln269" [../src/fp_math_hls.cpp:272->../src/riccati_solver_hls.cpp:752]   --->   Operation 130 'mul' 'mul_ln272_5' <Predicate = (!icmp_ln742)> <Delay = 2.08> <CoreInst = "Mul_DSP">   --->   Core 5 'Mul_DSP' <Latency = 1> <II = 1> <Delay = 2.08> <FuncUnit> <Opcode : 'mul'> <InPorts = 2> <OutPorts = 1>
ST_1 : Operation 131 [2/2] (2.08ns)   --->   "%mul_ln272_6 = mul i44 %b_158_cast_cast, i44 %a_2_cast" [../src/fp_math_hls.cpp:272->../src/riccati_solver_hls.cpp:747]   --->   Operation 131 'mul' 'mul_ln272_6' <Predicate = (!icmp_ln742)> <Delay = 2.08> <CoreInst = "Mul_DSP">   --->   Core 5 'Mul_DSP' <Latency = 1> <II = 1> <Delay = 2.08> <FuncUnit> <Opcode : 'mul'> <InPorts = 2> <OutPorts = 1>
ST_1 : Operation 132 [2/2] (2.08ns)   --->   "%mul_ln272_7 = mul i44 %b_159_cast_cast, i44 %a_3_cast" [../src/fp_math_hls.cpp:272->../src/riccati_solver_hls.cpp:748]   --->   Operation 132 'mul' 'mul_ln272_7' <Predicate = (!icmp_ln742)> <Delay = 2.08> <CoreInst = "Mul_DSP">   --->   Core 5 'Mul_DSP' <Latency = 1> <II = 1> <Delay = 2.08> <FuncUnit> <Opcode : 'mul'> <InPorts = 2> <OutPorts = 1>
ST_1 : Operation 133 [2/2] (2.08ns)   --->   "%mul_ln272_8 = mul i44 %b_160_cast_cast, i44 %a_4_cast" [../src/fp_math_hls.cpp:272->../src/riccati_solver_hls.cpp:749]   --->   Operation 133 'mul' 'mul_ln272_8' <Predicate = (!icmp_ln742)> <Delay = 2.08> <CoreInst = "Mul_DSP">   --->   Core 5 'Mul_DSP' <Latency = 1> <II = 1> <Delay = 2.08> <FuncUnit> <Opcode : 'mul'> <InPorts = 2> <OutPorts = 1>
ST_1 : Operation 134 [2/2] (2.08ns)   --->   "%mul_ln272_9 = mul i44 %b_161_cast_cast, i44 %a_5_cast" [../src/fp_math_hls.cpp:272->../src/riccati_solver_hls.cpp:750]   --->   Operation 134 'mul' 'mul_ln272_9' <Predicate = (!icmp_ln742)> <Delay = 2.08> <CoreInst = "Mul_DSP">   --->   Core 5 'Mul_DSP' <Latency = 1> <II = 1> <Delay = 2.08> <FuncUnit> <Opcode : 'mul'> <InPorts = 2> <OutPorts = 1>
ST_1 : Operation 135 [2/2] (2.08ns)   --->   "%mul_ln272_10 = mul i44 %b_162_cast_cast, i44 %a_6_cast" [../src/fp_math_hls.cpp:272->../src/riccati_solver_hls.cpp:751]   --->   Operation 135 'mul' 'mul_ln272_10' <Predicate = (!icmp_ln742)> <Delay = 2.08> <CoreInst = "Mul_DSP">   --->   Core 5 'Mul_DSP' <Latency = 1> <II = 1> <Delay = 2.08> <FuncUnit> <Opcode : 'mul'> <InPorts = 2> <OutPorts = 1>
ST_1 : Operation 136 [2/2] (2.08ns)   --->   "%mul_ln272_11 = mul i44 %b_163_cast_cast, i44 %sext_ln269" [../src/fp_math_hls.cpp:272->../src/riccati_solver_hls.cpp:752]   --->   Operation 136 'mul' 'mul_ln272_11' <Predicate = (!icmp_ln742)> <Delay = 2.08> <CoreInst = "Mul_DSP">   --->   Core 5 'Mul_DSP' <Latency = 1> <II = 1> <Delay = 2.08> <FuncUnit> <Opcode : 'mul'> <InPorts = 2> <OutPorts = 1>
ST_1 : Operation 137 [2/2] (2.08ns)   --->   "%mul_ln272_12 = mul i44 %b_164_cast_cast, i44 %a_2_cast" [../src/fp_math_hls.cpp:272->../src/riccati_solver_hls.cpp:747]   --->   Operation 137 'mul' 'mul_ln272_12' <Predicate = (!icmp_ln742)> <Delay = 2.08> <CoreInst = "Mul_DSP">   --->   Core 5 'Mul_DSP' <Latency = 1> <II = 1> <Delay = 2.08> <FuncUnit> <Opcode : 'mul'> <InPorts = 2> <OutPorts = 1>
ST_1 : Operation 138 [2/2] (2.08ns)   --->   "%mul_ln272_13 = mul i44 %b_165_cast_cast, i44 %a_3_cast" [../src/fp_math_hls.cpp:272->../src/riccati_solver_hls.cpp:748]   --->   Operation 138 'mul' 'mul_ln272_13' <Predicate = (!icmp_ln742)> <Delay = 2.08> <CoreInst = "Mul_DSP">   --->   Core 5 'Mul_DSP' <Latency = 1> <II = 1> <Delay = 2.08> <FuncUnit> <Opcode : 'mul'> <InPorts = 2> <OutPorts = 1>
ST_1 : Operation 139 [2/2] (2.08ns)   --->   "%mul_ln272_14 = mul i44 %b_166_cast_cast, i44 %a_4_cast" [../src/fp_math_hls.cpp:272->../src/riccati_solver_hls.cpp:749]   --->   Operation 139 'mul' 'mul_ln272_14' <Predicate = (!icmp_ln742)> <Delay = 2.08> <CoreInst = "Mul_DSP">   --->   Core 5 'Mul_DSP' <Latency = 1> <II = 1> <Delay = 2.08> <FuncUnit> <Opcode : 'mul'> <InPorts = 2> <OutPorts = 1>
ST_1 : Operation 140 [2/2] (2.08ns)   --->   "%mul_ln272_15 = mul i44 %b_167_cast_cast, i44 %a_5_cast" [../src/fp_math_hls.cpp:272->../src/riccati_solver_hls.cpp:750]   --->   Operation 140 'mul' 'mul_ln272_15' <Predicate = (!icmp_ln742)> <Delay = 2.08> <CoreInst = "Mul_DSP">   --->   Core 5 'Mul_DSP' <Latency = 1> <II = 1> <Delay = 2.08> <FuncUnit> <Opcode : 'mul'> <InPorts = 2> <OutPorts = 1>
ST_1 : Operation 141 [2/2] (2.08ns)   --->   "%mul_ln272_16 = mul i44 %b_168_cast_cast, i44 %a_6_cast" [../src/fp_math_hls.cpp:272->../src/riccati_solver_hls.cpp:751]   --->   Operation 141 'mul' 'mul_ln272_16' <Predicate = (!icmp_ln742)> <Delay = 2.08> <CoreInst = "Mul_DSP">   --->   Core 5 'Mul_DSP' <Latency = 1> <II = 1> <Delay = 2.08> <FuncUnit> <Opcode : 'mul'> <InPorts = 2> <OutPorts = 1>
ST_1 : Operation 142 [2/2] (2.08ns)   --->   "%mul_ln272_17 = mul i44 %b_169_cast_cast, i44 %sext_ln269" [../src/fp_math_hls.cpp:272->../src/riccati_solver_hls.cpp:752]   --->   Operation 142 'mul' 'mul_ln272_17' <Predicate = (!icmp_ln742)> <Delay = 2.08> <CoreInst = "Mul_DSP">   --->   Core 5 'Mul_DSP' <Latency = 1> <II = 1> <Delay = 2.08> <FuncUnit> <Opcode : 'mul'> <InPorts = 2> <OutPorts = 1>
ST_1 : Operation 143 [2/2] (2.08ns)   --->   "%mul_ln272_18 = mul i44 %b_170_cast_cast, i44 %a_2_cast" [../src/fp_math_hls.cpp:272->../src/riccati_solver_hls.cpp:747]   --->   Operation 143 'mul' 'mul_ln272_18' <Predicate = (!icmp_ln742)> <Delay = 2.08> <CoreInst = "Mul_DSP">   --->   Core 5 'Mul_DSP' <Latency = 1> <II = 1> <Delay = 2.08> <FuncUnit> <Opcode : 'mul'> <InPorts = 2> <OutPorts = 1>
ST_1 : Operation 144 [2/2] (2.08ns)   --->   "%mul_ln272_19 = mul i44 %b_171_cast_cast, i44 %a_3_cast" [../src/fp_math_hls.cpp:272->../src/riccati_solver_hls.cpp:748]   --->   Operation 144 'mul' 'mul_ln272_19' <Predicate = (!icmp_ln742)> <Delay = 2.08> <CoreInst = "Mul_DSP">   --->   Core 5 'Mul_DSP' <Latency = 1> <II = 1> <Delay = 2.08> <FuncUnit> <Opcode : 'mul'> <InPorts = 2> <OutPorts = 1>
ST_1 : Operation 145 [2/2] (2.08ns)   --->   "%mul_ln272_20 = mul i44 %b_172_cast_cast, i44 %a_4_cast" [../src/fp_math_hls.cpp:272->../src/riccati_solver_hls.cpp:749]   --->   Operation 145 'mul' 'mul_ln272_20' <Predicate = (!icmp_ln742)> <Delay = 2.08> <CoreInst = "Mul_DSP">   --->   Core 5 'Mul_DSP' <Latency = 1> <II = 1> <Delay = 2.08> <FuncUnit> <Opcode : 'mul'> <InPorts = 2> <OutPorts = 1>
ST_1 : Operation 146 [2/2] (2.08ns)   --->   "%mul_ln272_21 = mul i44 %b_173_cast_cast, i44 %a_5_cast" [../src/fp_math_hls.cpp:272->../src/riccati_solver_hls.cpp:750]   --->   Operation 146 'mul' 'mul_ln272_21' <Predicate = (!icmp_ln742)> <Delay = 2.08> <CoreInst = "Mul_DSP">   --->   Core 5 'Mul_DSP' <Latency = 1> <II = 1> <Delay = 2.08> <FuncUnit> <Opcode : 'mul'> <InPorts = 2> <OutPorts = 1>
ST_1 : Operation 147 [2/2] (2.08ns)   --->   "%mul_ln272_22 = mul i44 %b_174_cast_cast, i44 %a_6_cast" [../src/fp_math_hls.cpp:272->../src/riccati_solver_hls.cpp:751]   --->   Operation 147 'mul' 'mul_ln272_22' <Predicate = (!icmp_ln742)> <Delay = 2.08> <CoreInst = "Mul_DSP">   --->   Core 5 'Mul_DSP' <Latency = 1> <II = 1> <Delay = 2.08> <FuncUnit> <Opcode : 'mul'> <InPorts = 2> <OutPorts = 1>
ST_1 : Operation 148 [2/2] (2.08ns)   --->   "%mul_ln272_23 = mul i44 %b_175_cast_cast, i44 %sext_ln269" [../src/fp_math_hls.cpp:272->../src/riccati_solver_hls.cpp:752]   --->   Operation 148 'mul' 'mul_ln272_23' <Predicate = (!icmp_ln742)> <Delay = 2.08> <CoreInst = "Mul_DSP">   --->   Core 5 'Mul_DSP' <Latency = 1> <II = 1> <Delay = 2.08> <FuncUnit> <Opcode : 'mul'> <InPorts = 2> <OutPorts = 1>
ST_1 : Operation 149 [2/2] (2.08ns)   --->   "%mul_ln272_24 = mul i44 %b_176_cast_cast, i44 %a_2_cast" [../src/fp_math_hls.cpp:272->../src/riccati_solver_hls.cpp:747]   --->   Operation 149 'mul' 'mul_ln272_24' <Predicate = (!icmp_ln742)> <Delay = 2.08> <CoreInst = "Mul_DSP">   --->   Core 5 'Mul_DSP' <Latency = 1> <II = 1> <Delay = 2.08> <FuncUnit> <Opcode : 'mul'> <InPorts = 2> <OutPorts = 1>
ST_1 : Operation 150 [2/2] (2.08ns)   --->   "%mul_ln272_25 = mul i44 %b_177_cast_cast, i44 %a_3_cast" [../src/fp_math_hls.cpp:272->../src/riccati_solver_hls.cpp:748]   --->   Operation 150 'mul' 'mul_ln272_25' <Predicate = (!icmp_ln742)> <Delay = 2.08> <CoreInst = "Mul_DSP">   --->   Core 5 'Mul_DSP' <Latency = 1> <II = 1> <Delay = 2.08> <FuncUnit> <Opcode : 'mul'> <InPorts = 2> <OutPorts = 1>
ST_1 : Operation 151 [2/2] (2.08ns)   --->   "%mul_ln272_26 = mul i44 %b_178_cast_cast, i44 %a_4_cast" [../src/fp_math_hls.cpp:272->../src/riccati_solver_hls.cpp:749]   --->   Operation 151 'mul' 'mul_ln272_26' <Predicate = (!icmp_ln742)> <Delay = 2.08> <CoreInst = "Mul_DSP">   --->   Core 5 'Mul_DSP' <Latency = 1> <II = 1> <Delay = 2.08> <FuncUnit> <Opcode : 'mul'> <InPorts = 2> <OutPorts = 1>
ST_1 : Operation 152 [2/2] (2.08ns)   --->   "%mul_ln272_27 = mul i44 %b_179_cast_cast, i44 %a_5_cast" [../src/fp_math_hls.cpp:272->../src/riccati_solver_hls.cpp:750]   --->   Operation 152 'mul' 'mul_ln272_27' <Predicate = (!icmp_ln742)> <Delay = 2.08> <CoreInst = "Mul_DSP">   --->   Core 5 'Mul_DSP' <Latency = 1> <II = 1> <Delay = 2.08> <FuncUnit> <Opcode : 'mul'> <InPorts = 2> <OutPorts = 1>
ST_1 : Operation 153 [2/2] (2.08ns)   --->   "%mul_ln272_28 = mul i44 %b_180_cast_cast, i44 %a_6_cast" [../src/fp_math_hls.cpp:272->../src/riccati_solver_hls.cpp:751]   --->   Operation 153 'mul' 'mul_ln272_28' <Predicate = (!icmp_ln742)> <Delay = 2.08> <CoreInst = "Mul_DSP">   --->   Core 5 'Mul_DSP' <Latency = 1> <II = 1> <Delay = 2.08> <FuncUnit> <Opcode : 'mul'> <InPorts = 2> <OutPorts = 1>
ST_1 : Operation 154 [2/2] (2.08ns)   --->   "%mul_ln272_29 = mul i44 %b_181_cast_cast, i44 %sext_ln269" [../src/fp_math_hls.cpp:272->../src/riccati_solver_hls.cpp:752]   --->   Operation 154 'mul' 'mul_ln272_29' <Predicate = (!icmp_ln742)> <Delay = 2.08> <CoreInst = "Mul_DSP">   --->   Core 5 'Mul_DSP' <Latency = 1> <II = 1> <Delay = 2.08> <FuncUnit> <Opcode : 'mul'> <InPorts = 2> <OutPorts = 1>
ST_1 : Operation 155 [2/2] (2.08ns)   --->   "%mul_ln272_30 = mul i44 %b_182_cast_cast, i44 %a_2_cast" [../src/fp_math_hls.cpp:272->../src/riccati_solver_hls.cpp:747]   --->   Operation 155 'mul' 'mul_ln272_30' <Predicate = (!icmp_ln742)> <Delay = 2.08> <CoreInst = "Mul_DSP">   --->   Core 5 'Mul_DSP' <Latency = 1> <II = 1> <Delay = 2.08> <FuncUnit> <Opcode : 'mul'> <InPorts = 2> <OutPorts = 1>
ST_1 : Operation 156 [2/2] (2.08ns)   --->   "%mul_ln272_31 = mul i44 %b_183_cast_cast, i44 %a_3_cast" [../src/fp_math_hls.cpp:272->../src/riccati_solver_hls.cpp:748]   --->   Operation 156 'mul' 'mul_ln272_31' <Predicate = (!icmp_ln742)> <Delay = 2.08> <CoreInst = "Mul_DSP">   --->   Core 5 'Mul_DSP' <Latency = 1> <II = 1> <Delay = 2.08> <FuncUnit> <Opcode : 'mul'> <InPorts = 2> <OutPorts = 1>
ST_1 : Operation 157 [2/2] (2.08ns)   --->   "%mul_ln272_32 = mul i44 %b_184_cast_cast, i44 %a_4_cast" [../src/fp_math_hls.cpp:272->../src/riccati_solver_hls.cpp:749]   --->   Operation 157 'mul' 'mul_ln272_32' <Predicate = (!icmp_ln742)> <Delay = 2.08> <CoreInst = "Mul_DSP">   --->   Core 5 'Mul_DSP' <Latency = 1> <II = 1> <Delay = 2.08> <FuncUnit> <Opcode : 'mul'> <InPorts = 2> <OutPorts = 1>
ST_1 : Operation 158 [2/2] (2.08ns)   --->   "%mul_ln272_33 = mul i44 %b_185_cast_cast, i44 %a_5_cast" [../src/fp_math_hls.cpp:272->../src/riccati_solver_hls.cpp:750]   --->   Operation 158 'mul' 'mul_ln272_33' <Predicate = (!icmp_ln742)> <Delay = 2.08> <CoreInst = "Mul_DSP">   --->   Core 5 'Mul_DSP' <Latency = 1> <II = 1> <Delay = 2.08> <FuncUnit> <Opcode : 'mul'> <InPorts = 2> <OutPorts = 1>
ST_1 : Operation 159 [2/2] (2.08ns)   --->   "%mul_ln272_34 = mul i44 %b_186_cast_cast, i44 %a_6_cast" [../src/fp_math_hls.cpp:272->../src/riccati_solver_hls.cpp:751]   --->   Operation 159 'mul' 'mul_ln272_34' <Predicate = (!icmp_ln742)> <Delay = 2.08> <CoreInst = "Mul_DSP">   --->   Core 5 'Mul_DSP' <Latency = 1> <II = 1> <Delay = 2.08> <FuncUnit> <Opcode : 'mul'> <InPorts = 2> <OutPorts = 1>
ST_1 : Operation 160 [2/2] (2.08ns)   --->   "%mul_ln272_35 = mul i44 %sext_ln742_cast, i44 %sext_ln269" [../src/fp_math_hls.cpp:272->../src/riccati_solver_hls.cpp:752]   --->   Operation 160 'mul' 'mul_ln272_35' <Predicate = (!icmp_ln742)> <Delay = 2.08> <CoreInst = "Mul_DSP">   --->   Core 5 'Mul_DSP' <Latency = 1> <II = 1> <Delay = 2.08> <FuncUnit> <Opcode : 'mul'> <InPorts = 2> <OutPorts = 1>
ST_1 : Operation 161 [1/1] (0.54ns)   --->   "%icmp_ln753 = icmp_eq  i2 %a_28, i2 0" [../src/riccati_solver_hls.cpp:753]   --->   Operation 161 'icmp' 'icmp_ln753' <Predicate = (!icmp_ln742)> <Delay = 0.54> <CoreInst = "Cmp">   --->   Core 9 'Cmp' <Latency = 0> <II = 1> <Delay = 0.54> <FuncUnit> <Opcode : 'seteq' 'setne' 'setle' 'setge' 'setlt' 'setgt'> <InPorts = 2> <OutPorts = 1>
ST_1 : Operation 162 [1/1] (0.42ns)   --->   "%store_ln491 = store i2 %add_ln742, i2 %a" [../src/riccati_solver_hls.cpp:491]   --->   Operation 162 'store' 'store_ln491' <Predicate = (!icmp_ln742)> <Delay = 0.42>
ST_1 : Operation 395 [1/1] (0.00ns)   --->   "%G_1_load = load i18 %G_1"   --->   Operation 395 'load' 'G_1_load' <Predicate = (icmp_ln742)> <Delay = 0.00>
ST_1 : Operation 396 [1/1] (0.00ns)   --->   "%G_2_load = load i18 %G_2"   --->   Operation 396 'load' 'G_2_load' <Predicate = (icmp_ln742)> <Delay = 0.00>
ST_1 : Operation 397 [1/1] (0.00ns)   --->   "%G_3_load = load i18 %G_3"   --->   Operation 397 'load' 'G_3_load' <Predicate = (icmp_ln742)> <Delay = 0.00>
ST_1 : Operation 398 [1/1] (0.00ns)   --->   "%G_4_load = load i18 %G_4"   --->   Operation 398 'load' 'G_4_load' <Predicate = (icmp_ln742)> <Delay = 0.00>
ST_1 : Operation 399 [1/1] (0.00ns)   --->   "%G_5_load = load i18 %G_5"   --->   Operation 399 'load' 'G_5_load' <Predicate = (icmp_ln742)> <Delay = 0.00>
ST_1 : Operation 400 [1/1] (0.00ns)   --->   "%G_6_load = load i18 %G_6"   --->   Operation 400 'load' 'G_6_load' <Predicate = (icmp_ln742)> <Delay = 0.00>
ST_1 : Operation 401 [1/1] (0.00ns)   --->   "%G_7_load = load i18 %G_7"   --->   Operation 401 'load' 'G_7_load' <Predicate = (icmp_ln742)> <Delay = 0.00>
ST_1 : Operation 402 [1/1] (0.00ns)   --->   "%G_8_load = load i18 %G_8"   --->   Operation 402 'load' 'G_8_load' <Predicate = (icmp_ln742)> <Delay = 0.00>
ST_1 : Operation 403 [1/1] (0.00ns)   --->   "%G_9_load = load i18 %G_9"   --->   Operation 403 'load' 'G_9_load' <Predicate = (icmp_ln742)> <Delay = 0.00>
ST_1 : Operation 404 [1/1] (0.00ns)   --->   "%G_10_load = load i18 %G_10"   --->   Operation 404 'load' 'G_10_load' <Predicate = (icmp_ln742)> <Delay = 0.00>
ST_1 : Operation 405 [1/1] (0.00ns)   --->   "%G_11_load = load i18 %G_11"   --->   Operation 405 'load' 'G_11_load' <Predicate = (icmp_ln742)> <Delay = 0.00>
ST_1 : Operation 406 [1/1] (0.00ns)   --->   "%G_12_load = load i18 %G_12"   --->   Operation 406 'load' 'G_12_load' <Predicate = (icmp_ln742)> <Delay = 0.00>
ST_1 : Operation 407 [1/1] (0.00ns)   --->   "%write_ln0 = write void @_ssdm_op_Write.ap_auto.i18P0A, i18 %G_12_out, i18 %G_12_load"   --->   Operation 407 'write' 'write_ln0' <Predicate = (icmp_ln742)> <Delay = 0.00>
ST_1 : Operation 408 [1/1] (0.00ns)   --->   "%write_ln0 = write void @_ssdm_op_Write.ap_auto.i18P0A, i18 %G_11_out, i18 %G_11_load"   --->   Operation 408 'write' 'write_ln0' <Predicate = (icmp_ln742)> <Delay = 0.00>
ST_1 : Operation 409 [1/1] (0.00ns)   --->   "%write_ln0 = write void @_ssdm_op_Write.ap_auto.i18P0A, i18 %G_10_out, i18 %G_10_load"   --->   Operation 409 'write' 'write_ln0' <Predicate = (icmp_ln742)> <Delay = 0.00>
ST_1 : Operation 410 [1/1] (0.00ns)   --->   "%write_ln0 = write void @_ssdm_op_Write.ap_auto.i18P0A, i18 %G_9_out, i18 %G_9_load"   --->   Operation 410 'write' 'write_ln0' <Predicate = (icmp_ln742)> <Delay = 0.00>
ST_1 : Operation 411 [1/1] (0.00ns)   --->   "%write_ln0 = write void @_ssdm_op_Write.ap_auto.i18P0A, i18 %G_8_out, i18 %G_8_load"   --->   Operation 411 'write' 'write_ln0' <Predicate = (icmp_ln742)> <Delay = 0.00>
ST_1 : Operation 412 [1/1] (0.00ns)   --->   "%write_ln0 = write void @_ssdm_op_Write.ap_auto.i18P0A, i18 %G_7_out, i18 %G_7_load"   --->   Operation 412 'write' 'write_ln0' <Predicate = (icmp_ln742)> <Delay = 0.00>
ST_1 : Operation 413 [1/1] (0.00ns)   --->   "%write_ln0 = write void @_ssdm_op_Write.ap_auto.i18P0A, i18 %G_6_out, i18 %G_6_load"   --->   Operation 413 'write' 'write_ln0' <Predicate = (icmp_ln742)> <Delay = 0.00>
ST_1 : Operation 414 [1/1] (0.00ns)   --->   "%write_ln0 = write void @_ssdm_op_Write.ap_auto.i18P0A, i18 %G_5_out, i18 %G_5_load"   --->   Operation 414 'write' 'write_ln0' <Predicate = (icmp_ln742)> <Delay = 0.00>
ST_1 : Operation 415 [1/1] (0.00ns)   --->   "%write_ln0 = write void @_ssdm_op_Write.ap_auto.i18P0A, i18 %G_4_out, i18 %G_4_load"   --->   Operation 415 'write' 'write_ln0' <Predicate = (icmp_ln742)> <Delay = 0.00>
ST_1 : Operation 416 [1/1] (0.00ns)   --->   "%write_ln0 = write void @_ssdm_op_Write.ap_auto.i18P0A, i18 %G_3_out, i18 %G_3_load"   --->   Operation 416 'write' 'write_ln0' <Predicate = (icmp_ln742)> <Delay = 0.00>
ST_1 : Operation 417 [1/1] (0.00ns)   --->   "%write_ln0 = write void @_ssdm_op_Write.ap_auto.i18P0A, i18 %G_2_out, i18 %G_2_load"   --->   Operation 417 'write' 'write_ln0' <Predicate = (icmp_ln742)> <Delay = 0.00>
ST_1 : Operation 418 [1/1] (0.00ns)   --->   "%write_ln0 = write void @_ssdm_op_Write.ap_auto.i18P0A, i18 %G_1_out, i18 %G_1_load"   --->   Operation 418 'write' 'write_ln0' <Predicate = (icmp_ln742)> <Delay = 0.00>
ST_1 : Operation 419 [1/1] (0.42ns)   --->   "%ret_ln0 = ret"   --->   Operation 419 'ret' 'ret_ln0' <Predicate = (icmp_ln742)> <Delay = 0.42>

State 2 <SV = 1> <Delay = 4.18>
ST_2 : Operation 163 [1/1] (0.00ns)   --->   "%G_1_load_1 = load i18 %G_1" [../src/riccati_solver_hls.cpp:753]   --->   Operation 163 'load' 'G_1_load_1' <Predicate = (icmp_ln753)> <Delay = 0.00>
ST_2 : Operation 164 [1/1] (0.00ns)   --->   "%G_2_load_1 = load i18 %G_2" [../src/riccati_solver_hls.cpp:753]   --->   Operation 164 'load' 'G_2_load_1' <Predicate = (icmp_ln753)> <Delay = 0.00>
ST_2 : Operation 165 [1/1] (0.00ns)   --->   "%G_3_load_1 = load i18 %G_3" [../src/riccati_solver_hls.cpp:753]   --->   Operation 165 'load' 'G_3_load_1' <Predicate = (icmp_ln753)> <Delay = 0.00>
ST_2 : Operation 166 [1/1] (0.00ns)   --->   "%G_4_load_1 = load i18 %G_4" [../src/riccati_solver_hls.cpp:753]   --->   Operation 166 'load' 'G_4_load_1' <Predicate = (icmp_ln753)> <Delay = 0.00>
ST_2 : Operation 167 [1/1] (0.00ns)   --->   "%G_5_load_1 = load i18 %G_5" [../src/riccati_solver_hls.cpp:753]   --->   Operation 167 'load' 'G_5_load_1' <Predicate = (icmp_ln753)> <Delay = 0.00>
ST_2 : Operation 168 [1/1] (0.00ns)   --->   "%G_6_load_1 = load i18 %G_6" [../src/riccati_solver_hls.cpp:753]   --->   Operation 168 'load' 'G_6_load_1' <Predicate = (icmp_ln753)> <Delay = 0.00>
ST_2 : Operation 169 [1/1] (0.00ns)   --->   "%G_7_load_1 = load i18 %G_7" [../src/riccati_solver_hls.cpp:753]   --->   Operation 169 'load' 'G_7_load_1' <Predicate = (!icmp_ln753)> <Delay = 0.00>
ST_2 : Operation 170 [1/1] (0.00ns)   --->   "%G_8_load_1 = load i18 %G_8" [../src/riccati_solver_hls.cpp:753]   --->   Operation 170 'load' 'G_8_load_1' <Predicate = (!icmp_ln753)> <Delay = 0.00>
ST_2 : Operation 171 [1/1] (0.00ns)   --->   "%G_9_load_1 = load i18 %G_9" [../src/riccati_solver_hls.cpp:753]   --->   Operation 171 'load' 'G_9_load_1' <Predicate = (!icmp_ln753)> <Delay = 0.00>
ST_2 : Operation 172 [1/1] (0.00ns)   --->   "%G_10_load_1 = load i18 %G_10" [../src/riccati_solver_hls.cpp:753]   --->   Operation 172 'load' 'G_10_load_1' <Predicate = (!icmp_ln753)> <Delay = 0.00>
ST_2 : Operation 173 [1/1] (0.00ns)   --->   "%G_11_load_1 = load i18 %G_11" [../src/riccati_solver_hls.cpp:753]   --->   Operation 173 'load' 'G_11_load_1' <Predicate = (!icmp_ln753)> <Delay = 0.00>
ST_2 : Operation 174 [1/1] (0.00ns)   --->   "%G_12_load_1 = load i18 %G_12" [../src/riccati_solver_hls.cpp:753]   --->   Operation 174 'load' 'G_12_load_1' <Predicate = (!icmp_ln753)> <Delay = 0.00>
ST_2 : Operation 175 [1/1] (0.00ns)   --->   "%specpipeline_ln739 = specpipeline void @_ssdm_op_SpecPipeline, i32 4294967295, i32 0, i32 0, i32 0, i32 4294967295, void @empty_524" [../src/riccati_solver_hls.cpp:739]   --->   Operation 175 'specpipeline' 'specpipeline_ln739' <Predicate = true> <Delay = 0.00>
ST_2 : Operation 176 [1/1] (0.00ns)   --->   "%speclooptripcount_ln739 = speclooptripcount void @_ssdm_op_SpecLoopTripCount, i64 2, i64 2, i64 2" [../src/riccati_solver_hls.cpp:739]   --->   Operation 176 'speclooptripcount' 'speclooptripcount_ln739' <Predicate = true> <Delay = 0.00>
ST_2 : Operation 177 [1/1] (0.00ns)   --->   "%specloopname_ln742 = specloopname void @_ssdm_op_SpecLoopName, void @empty_563" [../src/riccati_solver_hls.cpp:742]   --->   Operation 177 'specloopname' 'specloopname_ln742' <Predicate = true> <Delay = 0.00>
ST_2 : Operation 178 [1/1] (0.00ns)   --->   "%rbegin48 = specregionbegin i32 @_ssdm_op_SpecRegionBegin, void @empty_481" [../src/fp_math_hls.cpp:272->../src/riccati_solver_hls.cpp:747]   --->   Operation 178 'specregionbegin' 'rbegin48' <Predicate = true> <Delay = 0.00>
ST_2 : Operation 179 [1/2] (2.08ns)   --->   "%mul_ln272 = mul i44 %b_215_cast_cast, i44 %a_2_cast" [../src/fp_math_hls.cpp:272->../src/riccati_solver_hls.cpp:747]   --->   Operation 179 'mul' 'mul_ln272' <Predicate = true> <Delay = 2.08> <CoreInst = "Mul_DSP">   --->   Core 5 'Mul_DSP' <Latency = 1> <II = 1> <Delay = 2.08> <FuncUnit> <Opcode : 'mul'> <InPorts = 2> <OutPorts = 1>
ST_2 : Operation 180 [1/1] (0.00ns)   --->   "%specfucore_ln273 = specfucore void @_ssdm_op_SpecFUCore, i44 %mul_ln272, i64 12, i64 3, i64 1, i1 0" [../src/fp_math_hls.cpp:273->../src/riccati_solver_hls.cpp:747]   --->   Operation 180 'specfucore' 'specfucore_ln273' <Predicate = true> <Delay = 0.00>
ST_2 : Operation 181 [1/1] (0.00ns)   --->   "%product = trunc i44 %mul_ln272" [../src/fp_math_hls.cpp:272->../src/riccati_solver_hls.cpp:747]   --->   Operation 181 'trunc' 'product' <Predicate = true> <Delay = 0.00>
ST_2 : Operation 182 [1/1] (0.00ns)   --->   "%rend70 = specregionend i32 @_ssdm_op_SpecRegionEnd, void @empty_481, i32 %rbegin48" [../src/fp_math_hls.cpp:272->../src/riccati_solver_hls.cpp:747]   --->   Operation 182 'specregionend' 'rend70' <Predicate = true> <Delay = 0.00>
ST_2 : Operation 183 [1/1] (0.00ns)   --->   "%rbegin50 = specregionbegin i32 @_ssdm_op_SpecRegionBegin, void @empty_262" [../src/fp_math_hls.cpp:272->../src/riccati_solver_hls.cpp:748]   --->   Operation 183 'specregionbegin' 'rbegin50' <Predicate = true> <Delay = 0.00>
ST_2 : Operation 184 [1/2] (2.08ns)   --->   "%mul_ln272_1 = mul i44 %b_216_cast_cast, i44 %a_3_cast" [../src/fp_math_hls.cpp:272->../src/riccati_solver_hls.cpp:748]   --->   Operation 184 'mul' 'mul_ln272_1' <Predicate = true> <Delay = 2.08> <CoreInst = "Mul_DSP">   --->   Core 5 'Mul_DSP' <Latency = 1> <II = 1> <Delay = 2.08> <FuncUnit> <Opcode : 'mul'> <InPorts = 2> <OutPorts = 1>
ST_2 : Operation 185 [1/1] (0.00ns)   --->   "%specfucore_ln273 = specfucore void @_ssdm_op_SpecFUCore, i44 %mul_ln272_1, i64 12, i64 3, i64 1, i1 0" [../src/fp_math_hls.cpp:273->../src/riccati_solver_hls.cpp:748]   --->   Operation 185 'specfucore' 'specfucore_ln273' <Predicate = true> <Delay = 0.00>
ST_2 : Operation 186 [1/1] (0.00ns)   --->   "%product_16 = trunc i44 %mul_ln272_1" [../src/fp_math_hls.cpp:272->../src/riccati_solver_hls.cpp:748]   --->   Operation 186 'trunc' 'product_16' <Predicate = true> <Delay = 0.00>
ST_2 : Operation 187 [1/1] (0.00ns)   --->   "%rend68 = specregionend i32 @_ssdm_op_SpecRegionEnd, void @empty_262, i32 %rbegin50" [../src/fp_math_hls.cpp:272->../src/riccati_solver_hls.cpp:748]   --->   Operation 187 'specregionend' 'rend68' <Predicate = true> <Delay = 0.00>
ST_2 : Operation 188 [1/1] (0.00ns)   --->   "%rbegin52 = specregionbegin i32 @_ssdm_op_SpecRegionBegin, void @empty_287" [../src/fp_math_hls.cpp:272->../src/riccati_solver_hls.cpp:749]   --->   Operation 188 'specregionbegin' 'rbegin52' <Predicate = true> <Delay = 0.00>
ST_2 : Operation 189 [1/2] (2.08ns)   --->   "%mul_ln272_2 = mul i44 %b_217_cast_cast, i44 %a_4_cast" [../src/fp_math_hls.cpp:272->../src/riccati_solver_hls.cpp:749]   --->   Operation 189 'mul' 'mul_ln272_2' <Predicate = true> <Delay = 2.08> <CoreInst = "Mul_DSP">   --->   Core 5 'Mul_DSP' <Latency = 1> <II = 1> <Delay = 2.08> <FuncUnit> <Opcode : 'mul'> <InPorts = 2> <OutPorts = 1>
ST_2 : Operation 190 [1/1] (0.00ns)   --->   "%specfucore_ln273 = specfucore void @_ssdm_op_SpecFUCore, i44 %mul_ln272_2, i64 12, i64 3, i64 1, i1 0" [../src/fp_math_hls.cpp:273->../src/riccati_solver_hls.cpp:749]   --->   Operation 190 'specfucore' 'specfucore_ln273' <Predicate = true> <Delay = 0.00>
ST_2 : Operation 191 [1/1] (0.00ns)   --->   "%product_17 = trunc i44 %mul_ln272_2" [../src/fp_math_hls.cpp:272->../src/riccati_solver_hls.cpp:749]   --->   Operation 191 'trunc' 'product_17' <Predicate = true> <Delay = 0.00>
ST_2 : Operation 192 [1/1] (0.00ns)   --->   "%rend66 = specregionend i32 @_ssdm_op_SpecRegionEnd, void @empty_287, i32 %rbegin52" [../src/fp_math_hls.cpp:272->../src/riccati_solver_hls.cpp:749]   --->   Operation 192 'specregionend' 'rend66' <Predicate = true> <Delay = 0.00>
ST_2 : Operation 193 [1/1] (0.00ns)   --->   "%rbegin54 = specregionbegin i32 @_ssdm_op_SpecRegionBegin, void @empty_454" [../src/fp_math_hls.cpp:272->../src/riccati_solver_hls.cpp:750]   --->   Operation 193 'specregionbegin' 'rbegin54' <Predicate = true> <Delay = 0.00>
ST_2 : Operation 194 [1/2] (2.08ns)   --->   "%mul_ln272_3 = mul i44 %b_218_cast_cast, i44 %a_5_cast" [../src/fp_math_hls.cpp:272->../src/riccati_solver_hls.cpp:750]   --->   Operation 194 'mul' 'mul_ln272_3' <Predicate = true> <Delay = 2.08> <CoreInst = "Mul_DSP">   --->   Core 5 'Mul_DSP' <Latency = 1> <II = 1> <Delay = 2.08> <FuncUnit> <Opcode : 'mul'> <InPorts = 2> <OutPorts = 1>
ST_2 : Operation 195 [1/1] (0.00ns)   --->   "%specfucore_ln273 = specfucore void @_ssdm_op_SpecFUCore, i44 %mul_ln272_3, i64 12, i64 3, i64 1, i1 0" [../src/fp_math_hls.cpp:273->../src/riccati_solver_hls.cpp:750]   --->   Operation 195 'specfucore' 'specfucore_ln273' <Predicate = true> <Delay = 0.00>
ST_2 : Operation 196 [1/1] (0.00ns)   --->   "%product_18 = trunc i44 %mul_ln272_3" [../src/fp_math_hls.cpp:272->../src/riccati_solver_hls.cpp:750]   --->   Operation 196 'trunc' 'product_18' <Predicate = true> <Delay = 0.00>
ST_2 : Operation 197 [1/1] (0.00ns)   --->   "%rend64 = specregionend i32 @_ssdm_op_SpecRegionEnd, void @empty_454, i32 %rbegin54" [../src/fp_math_hls.cpp:272->../src/riccati_solver_hls.cpp:750]   --->   Operation 197 'specregionend' 'rend64' <Predicate = true> <Delay = 0.00>
ST_2 : Operation 198 [1/1] (0.00ns)   --->   "%rbegin56 = specregionbegin i32 @_ssdm_op_SpecRegionBegin, void @empty_544" [../src/fp_math_hls.cpp:272->../src/riccati_solver_hls.cpp:751]   --->   Operation 198 'specregionbegin' 'rbegin56' <Predicate = true> <Delay = 0.00>
ST_2 : Operation 199 [1/2] (2.08ns)   --->   "%mul_ln272_4 = mul i44 %b_219_cast_cast, i44 %a_6_cast" [../src/fp_math_hls.cpp:272->../src/riccati_solver_hls.cpp:751]   --->   Operation 199 'mul' 'mul_ln272_4' <Predicate = true> <Delay = 2.08> <CoreInst = "Mul_DSP">   --->   Core 5 'Mul_DSP' <Latency = 1> <II = 1> <Delay = 2.08> <FuncUnit> <Opcode : 'mul'> <InPorts = 2> <OutPorts = 1>
ST_2 : Operation 200 [1/1] (0.00ns)   --->   "%specfucore_ln273 = specfucore void @_ssdm_op_SpecFUCore, i44 %mul_ln272_4, i64 12, i64 3, i64 1, i1 0" [../src/fp_math_hls.cpp:273->../src/riccati_solver_hls.cpp:751]   --->   Operation 200 'specfucore' 'specfucore_ln273' <Predicate = true> <Delay = 0.00>
ST_2 : Operation 201 [1/1] (0.00ns)   --->   "%product_19 = trunc i44 %mul_ln272_4" [../src/fp_math_hls.cpp:272->../src/riccati_solver_hls.cpp:751]   --->   Operation 201 'trunc' 'product_19' <Predicate = true> <Delay = 0.00>
ST_2 : Operation 202 [1/1] (0.00ns)   --->   "%rend62 = specregionend i32 @_ssdm_op_SpecRegionEnd, void @empty_544, i32 %rbegin56" [../src/fp_math_hls.cpp:272->../src/riccati_solver_hls.cpp:751]   --->   Operation 202 'specregionend' 'rend62' <Predicate = true> <Delay = 0.00>
ST_2 : Operation 203 [1/1] (0.00ns)   --->   "%rbegin58 = specregionbegin i32 @_ssdm_op_SpecRegionBegin, void @empty_461" [../src/fp_math_hls.cpp:272->../src/riccati_solver_hls.cpp:752]   --->   Operation 203 'specregionbegin' 'rbegin58' <Predicate = true> <Delay = 0.00>
ST_2 : Operation 204 [1/2] (2.08ns)   --->   "%mul_ln272_5 = mul i44 %b_220_cast_cast, i44 %sext_ln269" [../src/fp_math_hls.cpp:272->../src/riccati_solver_hls.cpp:752]   --->   Operation 204 'mul' 'mul_ln272_5' <Predicate = true> <Delay = 2.08> <CoreInst = "Mul_DSP">   --->   Core 5 'Mul_DSP' <Latency = 1> <II = 1> <Delay = 2.08> <FuncUnit> <Opcode : 'mul'> <InPorts = 2> <OutPorts = 1>
ST_2 : Operation 205 [1/1] (0.00ns)   --->   "%specfucore_ln273 = specfucore void @_ssdm_op_SpecFUCore, i44 %mul_ln272_5, i64 12, i64 3, i64 1, i1 0" [../src/fp_math_hls.cpp:273->../src/riccati_solver_hls.cpp:752]   --->   Operation 205 'specfucore' 'specfucore_ln273' <Predicate = true> <Delay = 0.00>
ST_2 : Operation 206 [1/1] (0.00ns)   --->   "%product_20 = trunc i44 %mul_ln272_5" [../src/fp_math_hls.cpp:272->../src/riccati_solver_hls.cpp:752]   --->   Operation 206 'trunc' 'product_20' <Predicate = true> <Delay = 0.00>
ST_2 : Operation 207 [1/1] (0.00ns)   --->   "%rend60 = specregionend i32 @_ssdm_op_SpecRegionEnd, void @empty_461, i32 %rbegin58" [../src/fp_math_hls.cpp:272->../src/riccati_solver_hls.cpp:752]   --->   Operation 207 'specregionend' 'rend60' <Predicate = true> <Delay = 0.00>
ST_2 : Operation 208 [1/1] (1.74ns)   --->   "%sum = call i32 @sum6_MG_QP_raw, i32 %product, i32 %product_16, i32 %product_17, i32 %product_18, i32 %product_19, i32 %product_20" [../src/riccati_solver_hls.cpp:746]   --->   Operation 208 'call' 'sum' <Predicate = (!icmp_ln742)> <Delay = 1.74> <CoreType = "Generic">   --->   Generic Core
ST_2 : Operation 209 [1/1] (0.00ns)   --->   "%trunc_ln = partselect i18 @_ssdm_op_PartSelect.i18.i32.i32.i32, i32 %sum, i32 14, i32 31" [include/fp_math_hls.h:182->../src/riccati_solver_hls.cpp:753]   --->   Operation 209 'partselect' 'trunc_ln' <Predicate = true> <Delay = 0.00>
ST_2 : Operation 210 [1/1] (0.00ns)   --->   "%rbegin57 = specregionbegin i32 @_ssdm_op_SpecRegionBegin, void @empty_460" [../src/fp_math_hls.cpp:272->../src/riccati_solver_hls.cpp:747]   --->   Operation 210 'specregionbegin' 'rbegin57' <Predicate = true> <Delay = 0.00>
ST_2 : Operation 211 [1/2] (2.08ns)   --->   "%mul_ln272_6 = mul i44 %b_158_cast_cast, i44 %a_2_cast" [../src/fp_math_hls.cpp:272->../src/riccati_solver_hls.cpp:747]   --->   Operation 211 'mul' 'mul_ln272_6' <Predicate = true> <Delay = 2.08> <CoreInst = "Mul_DSP">   --->   Core 5 'Mul_DSP' <Latency = 1> <II = 1> <Delay = 2.08> <FuncUnit> <Opcode : 'mul'> <InPorts = 2> <OutPorts = 1>
ST_2 : Operation 212 [1/1] (0.00ns)   --->   "%specfucore_ln273 = specfucore void @_ssdm_op_SpecFUCore, i44 %mul_ln272_6, i64 12, i64 3, i64 1, i1 0" [../src/fp_math_hls.cpp:273->../src/riccati_solver_hls.cpp:747]   --->   Operation 212 'specfucore' 'specfucore_ln273' <Predicate = true> <Delay = 0.00>
ST_2 : Operation 213 [1/1] (0.00ns)   --->   "%product_21 = trunc i44 %mul_ln272_6" [../src/fp_math_hls.cpp:272->../src/riccati_solver_hls.cpp:747]   --->   Operation 213 'trunc' 'product_21' <Predicate = true> <Delay = 0.00>
ST_2 : Operation 214 [1/1] (0.00ns)   --->   "%rend58 = specregionend i32 @_ssdm_op_SpecRegionEnd, void @empty_460, i32 %rbegin57" [../src/fp_math_hls.cpp:272->../src/riccati_solver_hls.cpp:747]   --->   Operation 214 'specregionend' 'rend58' <Predicate = true> <Delay = 0.00>
ST_2 : Operation 215 [1/1] (0.00ns)   --->   "%rbegin55 = specregionbegin i32 @_ssdm_op_SpecRegionBegin, void @empty_439" [../src/fp_math_hls.cpp:272->../src/riccati_solver_hls.cpp:748]   --->   Operation 215 'specregionbegin' 'rbegin55' <Predicate = true> <Delay = 0.00>
ST_2 : Operation 216 [1/2] (2.08ns)   --->   "%mul_ln272_7 = mul i44 %b_159_cast_cast, i44 %a_3_cast" [../src/fp_math_hls.cpp:272->../src/riccati_solver_hls.cpp:748]   --->   Operation 216 'mul' 'mul_ln272_7' <Predicate = true> <Delay = 2.08> <CoreInst = "Mul_DSP">   --->   Core 5 'Mul_DSP' <Latency = 1> <II = 1> <Delay = 2.08> <FuncUnit> <Opcode : 'mul'> <InPorts = 2> <OutPorts = 1>
ST_2 : Operation 217 [1/1] (0.00ns)   --->   "%specfucore_ln273 = specfucore void @_ssdm_op_SpecFUCore, i44 %mul_ln272_7, i64 12, i64 3, i64 1, i1 0" [../src/fp_math_hls.cpp:273->../src/riccati_solver_hls.cpp:748]   --->   Operation 217 'specfucore' 'specfucore_ln273' <Predicate = true> <Delay = 0.00>
ST_2 : Operation 218 [1/1] (0.00ns)   --->   "%product_22 = trunc i44 %mul_ln272_7" [../src/fp_math_hls.cpp:272->../src/riccati_solver_hls.cpp:748]   --->   Operation 218 'trunc' 'product_22' <Predicate = true> <Delay = 0.00>
ST_2 : Operation 219 [1/1] (0.00ns)   --->   "%rend56 = specregionend i32 @_ssdm_op_SpecRegionEnd, void @empty_439, i32 %rbegin55" [../src/fp_math_hls.cpp:272->../src/riccati_solver_hls.cpp:748]   --->   Operation 219 'specregionend' 'rend56' <Predicate = true> <Delay = 0.00>
ST_2 : Operation 220 [1/1] (0.00ns)   --->   "%rbegin53 = specregionbegin i32 @_ssdm_op_SpecRegionBegin, void @empty_477" [../src/fp_math_hls.cpp:272->../src/riccati_solver_hls.cpp:749]   --->   Operation 220 'specregionbegin' 'rbegin53' <Predicate = true> <Delay = 0.00>
ST_2 : Operation 221 [1/2] (2.08ns)   --->   "%mul_ln272_8 = mul i44 %b_160_cast_cast, i44 %a_4_cast" [../src/fp_math_hls.cpp:272->../src/riccati_solver_hls.cpp:749]   --->   Operation 221 'mul' 'mul_ln272_8' <Predicate = true> <Delay = 2.08> <CoreInst = "Mul_DSP">   --->   Core 5 'Mul_DSP' <Latency = 1> <II = 1> <Delay = 2.08> <FuncUnit> <Opcode : 'mul'> <InPorts = 2> <OutPorts = 1>
ST_2 : Operation 222 [1/1] (0.00ns)   --->   "%specfucore_ln273 = specfucore void @_ssdm_op_SpecFUCore, i44 %mul_ln272_8, i64 12, i64 3, i64 1, i1 0" [../src/fp_math_hls.cpp:273->../src/riccati_solver_hls.cpp:749]   --->   Operation 222 'specfucore' 'specfucore_ln273' <Predicate = true> <Delay = 0.00>
ST_2 : Operation 223 [1/1] (0.00ns)   --->   "%product_23 = trunc i44 %mul_ln272_8" [../src/fp_math_hls.cpp:272->../src/riccati_solver_hls.cpp:749]   --->   Operation 223 'trunc' 'product_23' <Predicate = true> <Delay = 0.00>
ST_2 : Operation 224 [1/1] (0.00ns)   --->   "%rend54 = specregionend i32 @_ssdm_op_SpecRegionEnd, void @empty_477, i32 %rbegin53" [../src/fp_math_hls.cpp:272->../src/riccati_solver_hls.cpp:749]   --->   Operation 224 'specregionend' 'rend54' <Predicate = true> <Delay = 0.00>
ST_2 : Operation 225 [1/1] (0.00ns)   --->   "%rbegin51 = specregionbegin i32 @_ssdm_op_SpecRegionBegin, void @empty_263" [../src/fp_math_hls.cpp:272->../src/riccati_solver_hls.cpp:750]   --->   Operation 225 'specregionbegin' 'rbegin51' <Predicate = true> <Delay = 0.00>
ST_2 : Operation 226 [1/2] (2.08ns)   --->   "%mul_ln272_9 = mul i44 %b_161_cast_cast, i44 %a_5_cast" [../src/fp_math_hls.cpp:272->../src/riccati_solver_hls.cpp:750]   --->   Operation 226 'mul' 'mul_ln272_9' <Predicate = true> <Delay = 2.08> <CoreInst = "Mul_DSP">   --->   Core 5 'Mul_DSP' <Latency = 1> <II = 1> <Delay = 2.08> <FuncUnit> <Opcode : 'mul'> <InPorts = 2> <OutPorts = 1>
ST_2 : Operation 227 [1/1] (0.00ns)   --->   "%specfucore_ln273 = specfucore void @_ssdm_op_SpecFUCore, i44 %mul_ln272_9, i64 12, i64 3, i64 1, i1 0" [../src/fp_math_hls.cpp:273->../src/riccati_solver_hls.cpp:750]   --->   Operation 227 'specfucore' 'specfucore_ln273' <Predicate = true> <Delay = 0.00>
ST_2 : Operation 228 [1/1] (0.00ns)   --->   "%product_24 = trunc i44 %mul_ln272_9" [../src/fp_math_hls.cpp:272->../src/riccati_solver_hls.cpp:750]   --->   Operation 228 'trunc' 'product_24' <Predicate = true> <Delay = 0.00>
ST_2 : Operation 229 [1/1] (0.00ns)   --->   "%rend52 = specregionend i32 @_ssdm_op_SpecRegionEnd, void @empty_263, i32 %rbegin51" [../src/fp_math_hls.cpp:272->../src/riccati_solver_hls.cpp:750]   --->   Operation 229 'specregionend' 'rend52' <Predicate = true> <Delay = 0.00>
ST_2 : Operation 230 [1/1] (0.00ns)   --->   "%rbegin49 = specregionbegin i32 @_ssdm_op_SpecRegionBegin, void @empty_487" [../src/fp_math_hls.cpp:272->../src/riccati_solver_hls.cpp:751]   --->   Operation 230 'specregionbegin' 'rbegin49' <Predicate = true> <Delay = 0.00>
ST_2 : Operation 231 [1/2] (2.08ns)   --->   "%mul_ln272_10 = mul i44 %b_162_cast_cast, i44 %a_6_cast" [../src/fp_math_hls.cpp:272->../src/riccati_solver_hls.cpp:751]   --->   Operation 231 'mul' 'mul_ln272_10' <Predicate = true> <Delay = 2.08> <CoreInst = "Mul_DSP">   --->   Core 5 'Mul_DSP' <Latency = 1> <II = 1> <Delay = 2.08> <FuncUnit> <Opcode : 'mul'> <InPorts = 2> <OutPorts = 1>
ST_2 : Operation 232 [1/1] (0.00ns)   --->   "%specfucore_ln273 = specfucore void @_ssdm_op_SpecFUCore, i44 %mul_ln272_10, i64 12, i64 3, i64 1, i1 0" [../src/fp_math_hls.cpp:273->../src/riccati_solver_hls.cpp:751]   --->   Operation 232 'specfucore' 'specfucore_ln273' <Predicate = true> <Delay = 0.00>
ST_2 : Operation 233 [1/1] (0.00ns)   --->   "%product_25 = trunc i44 %mul_ln272_10" [../src/fp_math_hls.cpp:272->../src/riccati_solver_hls.cpp:751]   --->   Operation 233 'trunc' 'product_25' <Predicate = true> <Delay = 0.00>
ST_2 : Operation 234 [1/1] (0.00ns)   --->   "%rend50 = specregionend i32 @_ssdm_op_SpecRegionEnd, void @empty_487, i32 %rbegin49" [../src/fp_math_hls.cpp:272->../src/riccati_solver_hls.cpp:751]   --->   Operation 234 'specregionend' 'rend50' <Predicate = true> <Delay = 0.00>
ST_2 : Operation 235 [1/1] (0.00ns)   --->   "%rbegin47 = specregionbegin i32 @_ssdm_op_SpecRegionBegin, void @empty_469" [../src/fp_math_hls.cpp:272->../src/riccati_solver_hls.cpp:752]   --->   Operation 235 'specregionbegin' 'rbegin47' <Predicate = true> <Delay = 0.00>
ST_2 : Operation 236 [1/2] (2.08ns)   --->   "%mul_ln272_11 = mul i44 %b_163_cast_cast, i44 %sext_ln269" [../src/fp_math_hls.cpp:272->../src/riccati_solver_hls.cpp:752]   --->   Operation 236 'mul' 'mul_ln272_11' <Predicate = true> <Delay = 2.08> <CoreInst = "Mul_DSP">   --->   Core 5 'Mul_DSP' <Latency = 1> <II = 1> <Delay = 2.08> <FuncUnit> <Opcode : 'mul'> <InPorts = 2> <OutPorts = 1>
ST_2 : Operation 237 [1/1] (0.00ns)   --->   "%specfucore_ln273 = specfucore void @_ssdm_op_SpecFUCore, i44 %mul_ln272_11, i64 12, i64 3, i64 1, i1 0" [../src/fp_math_hls.cpp:273->../src/riccati_solver_hls.cpp:752]   --->   Operation 237 'specfucore' 'specfucore_ln273' <Predicate = true> <Delay = 0.00>
ST_2 : Operation 238 [1/1] (0.00ns)   --->   "%product_26 = trunc i44 %mul_ln272_11" [../src/fp_math_hls.cpp:272->../src/riccati_solver_hls.cpp:752]   --->   Operation 238 'trunc' 'product_26' <Predicate = true> <Delay = 0.00>
ST_2 : Operation 239 [1/1] (0.00ns)   --->   "%rend48 = specregionend i32 @_ssdm_op_SpecRegionEnd, void @empty_469, i32 %rbegin47" [../src/fp_math_hls.cpp:272->../src/riccati_solver_hls.cpp:752]   --->   Operation 239 'specregionend' 'rend48' <Predicate = true> <Delay = 0.00>
ST_2 : Operation 240 [1/1] (1.74ns)   --->   "%sum_11 = call i32 @sum6_MG_QP_raw, i32 %product_21, i32 %product_22, i32 %product_23, i32 %product_24, i32 %product_25, i32 %product_26" [../src/riccati_solver_hls.cpp:746]   --->   Operation 240 'call' 'sum_11' <Predicate = (!icmp_ln742)> <Delay = 1.74> <CoreType = "Generic">   --->   Generic Core
ST_2 : Operation 241 [1/1] (0.00ns)   --->   "%trunc_ln182_1 = partselect i18 @_ssdm_op_PartSelect.i18.i32.i32.i32, i32 %sum_11, i32 14, i32 31" [include/fp_math_hls.h:182->../src/riccati_solver_hls.cpp:753]   --->   Operation 241 'partselect' 'trunc_ln182_1' <Predicate = true> <Delay = 0.00>
ST_2 : Operation 242 [1/1] (0.00ns)   --->   "%rbegin45 = specregionbegin i32 @_ssdm_op_SpecRegionBegin, void @empty_464" [../src/fp_math_hls.cpp:272->../src/riccati_solver_hls.cpp:747]   --->   Operation 242 'specregionbegin' 'rbegin45' <Predicate = true> <Delay = 0.00>
ST_2 : Operation 243 [1/2] (2.08ns)   --->   "%mul_ln272_12 = mul i44 %b_164_cast_cast, i44 %a_2_cast" [../src/fp_math_hls.cpp:272->../src/riccati_solver_hls.cpp:747]   --->   Operation 243 'mul' 'mul_ln272_12' <Predicate = true> <Delay = 2.08> <CoreInst = "Mul_DSP">   --->   Core 5 'Mul_DSP' <Latency = 1> <II = 1> <Delay = 2.08> <FuncUnit> <Opcode : 'mul'> <InPorts = 2> <OutPorts = 1>
ST_2 : Operation 244 [1/1] (0.00ns)   --->   "%specfucore_ln273 = specfucore void @_ssdm_op_SpecFUCore, i44 %mul_ln272_12, i64 12, i64 3, i64 1, i1 0" [../src/fp_math_hls.cpp:273->../src/riccati_solver_hls.cpp:747]   --->   Operation 244 'specfucore' 'specfucore_ln273' <Predicate = true> <Delay = 0.00>
ST_2 : Operation 245 [1/1] (0.00ns)   --->   "%product_27 = trunc i44 %mul_ln272_12" [../src/fp_math_hls.cpp:272->../src/riccati_solver_hls.cpp:747]   --->   Operation 245 'trunc' 'product_27' <Predicate = true> <Delay = 0.00>
ST_2 : Operation 246 [1/1] (0.00ns)   --->   "%rend46 = specregionend i32 @_ssdm_op_SpecRegionEnd, void @empty_464, i32 %rbegin45" [../src/fp_math_hls.cpp:272->../src/riccati_solver_hls.cpp:747]   --->   Operation 246 'specregionend' 'rend46' <Predicate = true> <Delay = 0.00>
ST_2 : Operation 247 [1/1] (0.00ns)   --->   "%rbegin43 = specregionbegin i32 @_ssdm_op_SpecRegionBegin, void @empty_485" [../src/fp_math_hls.cpp:272->../src/riccati_solver_hls.cpp:748]   --->   Operation 247 'specregionbegin' 'rbegin43' <Predicate = true> <Delay = 0.00>
ST_2 : Operation 248 [1/2] (2.08ns)   --->   "%mul_ln272_13 = mul i44 %b_165_cast_cast, i44 %a_3_cast" [../src/fp_math_hls.cpp:272->../src/riccati_solver_hls.cpp:748]   --->   Operation 248 'mul' 'mul_ln272_13' <Predicate = true> <Delay = 2.08> <CoreInst = "Mul_DSP">   --->   Core 5 'Mul_DSP' <Latency = 1> <II = 1> <Delay = 2.08> <FuncUnit> <Opcode : 'mul'> <InPorts = 2> <OutPorts = 1>
ST_2 : Operation 249 [1/1] (0.00ns)   --->   "%specfucore_ln273 = specfucore void @_ssdm_op_SpecFUCore, i44 %mul_ln272_13, i64 12, i64 3, i64 1, i1 0" [../src/fp_math_hls.cpp:273->../src/riccati_solver_hls.cpp:748]   --->   Operation 249 'specfucore' 'specfucore_ln273' <Predicate = true> <Delay = 0.00>
ST_2 : Operation 250 [1/1] (0.00ns)   --->   "%product_28 = trunc i44 %mul_ln272_13" [../src/fp_math_hls.cpp:272->../src/riccati_solver_hls.cpp:748]   --->   Operation 250 'trunc' 'product_28' <Predicate = true> <Delay = 0.00>
ST_2 : Operation 251 [1/1] (0.00ns)   --->   "%rend44 = specregionend i32 @_ssdm_op_SpecRegionEnd, void @empty_485, i32 %rbegin43" [../src/fp_math_hls.cpp:272->../src/riccati_solver_hls.cpp:748]   --->   Operation 251 'specregionend' 'rend44' <Predicate = true> <Delay = 0.00>
ST_2 : Operation 252 [1/1] (0.00ns)   --->   "%rbegin41 = specregionbegin i32 @_ssdm_op_SpecRegionBegin, void @empty_452" [../src/fp_math_hls.cpp:272->../src/riccati_solver_hls.cpp:749]   --->   Operation 252 'specregionbegin' 'rbegin41' <Predicate = true> <Delay = 0.00>
ST_2 : Operation 253 [1/2] (2.08ns)   --->   "%mul_ln272_14 = mul i44 %b_166_cast_cast, i44 %a_4_cast" [../src/fp_math_hls.cpp:272->../src/riccati_solver_hls.cpp:749]   --->   Operation 253 'mul' 'mul_ln272_14' <Predicate = true> <Delay = 2.08> <CoreInst = "Mul_DSP">   --->   Core 5 'Mul_DSP' <Latency = 1> <II = 1> <Delay = 2.08> <FuncUnit> <Opcode : 'mul'> <InPorts = 2> <OutPorts = 1>
ST_2 : Operation 254 [1/1] (0.00ns)   --->   "%specfucore_ln273 = specfucore void @_ssdm_op_SpecFUCore, i44 %mul_ln272_14, i64 12, i64 3, i64 1, i1 0" [../src/fp_math_hls.cpp:273->../src/riccati_solver_hls.cpp:749]   --->   Operation 254 'specfucore' 'specfucore_ln273' <Predicate = true> <Delay = 0.00>
ST_2 : Operation 255 [1/1] (0.00ns)   --->   "%product_29 = trunc i44 %mul_ln272_14" [../src/fp_math_hls.cpp:272->../src/riccati_solver_hls.cpp:749]   --->   Operation 255 'trunc' 'product_29' <Predicate = true> <Delay = 0.00>
ST_2 : Operation 256 [1/1] (0.00ns)   --->   "%rend42 = specregionend i32 @_ssdm_op_SpecRegionEnd, void @empty_452, i32 %rbegin41" [../src/fp_math_hls.cpp:272->../src/riccati_solver_hls.cpp:749]   --->   Operation 256 'specregionend' 'rend42' <Predicate = true> <Delay = 0.00>
ST_2 : Operation 257 [1/1] (0.00ns)   --->   "%rbegin39 = specregionbegin i32 @_ssdm_op_SpecRegionBegin, void @empty_451" [../src/fp_math_hls.cpp:272->../src/riccati_solver_hls.cpp:750]   --->   Operation 257 'specregionbegin' 'rbegin39' <Predicate = true> <Delay = 0.00>
ST_2 : Operation 258 [1/2] (2.08ns)   --->   "%mul_ln272_15 = mul i44 %b_167_cast_cast, i44 %a_5_cast" [../src/fp_math_hls.cpp:272->../src/riccati_solver_hls.cpp:750]   --->   Operation 258 'mul' 'mul_ln272_15' <Predicate = true> <Delay = 2.08> <CoreInst = "Mul_DSP">   --->   Core 5 'Mul_DSP' <Latency = 1> <II = 1> <Delay = 2.08> <FuncUnit> <Opcode : 'mul'> <InPorts = 2> <OutPorts = 1>
ST_2 : Operation 259 [1/1] (0.00ns)   --->   "%specfucore_ln273 = specfucore void @_ssdm_op_SpecFUCore, i44 %mul_ln272_15, i64 12, i64 3, i64 1, i1 0" [../src/fp_math_hls.cpp:273->../src/riccati_solver_hls.cpp:750]   --->   Operation 259 'specfucore' 'specfucore_ln273' <Predicate = true> <Delay = 0.00>
ST_2 : Operation 260 [1/1] (0.00ns)   --->   "%product_30 = trunc i44 %mul_ln272_15" [../src/fp_math_hls.cpp:272->../src/riccati_solver_hls.cpp:750]   --->   Operation 260 'trunc' 'product_30' <Predicate = true> <Delay = 0.00>
ST_2 : Operation 261 [1/1] (0.00ns)   --->   "%rend40 = specregionend i32 @_ssdm_op_SpecRegionEnd, void @empty_451, i32 %rbegin39" [../src/fp_math_hls.cpp:272->../src/riccati_solver_hls.cpp:750]   --->   Operation 261 'specregionend' 'rend40' <Predicate = true> <Delay = 0.00>
ST_2 : Operation 262 [1/1] (0.00ns)   --->   "%rbegin37 = specregionbegin i32 @_ssdm_op_SpecRegionBegin, void @empty_450" [../src/fp_math_hls.cpp:272->../src/riccati_solver_hls.cpp:751]   --->   Operation 262 'specregionbegin' 'rbegin37' <Predicate = true> <Delay = 0.00>
ST_2 : Operation 263 [1/2] (2.08ns)   --->   "%mul_ln272_16 = mul i44 %b_168_cast_cast, i44 %a_6_cast" [../src/fp_math_hls.cpp:272->../src/riccati_solver_hls.cpp:751]   --->   Operation 263 'mul' 'mul_ln272_16' <Predicate = true> <Delay = 2.08> <CoreInst = "Mul_DSP">   --->   Core 5 'Mul_DSP' <Latency = 1> <II = 1> <Delay = 2.08> <FuncUnit> <Opcode : 'mul'> <InPorts = 2> <OutPorts = 1>
ST_2 : Operation 264 [1/1] (0.00ns)   --->   "%specfucore_ln273 = specfucore void @_ssdm_op_SpecFUCore, i44 %mul_ln272_16, i64 12, i64 3, i64 1, i1 0" [../src/fp_math_hls.cpp:273->../src/riccati_solver_hls.cpp:751]   --->   Operation 264 'specfucore' 'specfucore_ln273' <Predicate = true> <Delay = 0.00>
ST_2 : Operation 265 [1/1] (0.00ns)   --->   "%product_31 = trunc i44 %mul_ln272_16" [../src/fp_math_hls.cpp:272->../src/riccati_solver_hls.cpp:751]   --->   Operation 265 'trunc' 'product_31' <Predicate = true> <Delay = 0.00>
ST_2 : Operation 266 [1/1] (0.00ns)   --->   "%rend38 = specregionend i32 @_ssdm_op_SpecRegionEnd, void @empty_450, i32 %rbegin37" [../src/fp_math_hls.cpp:272->../src/riccati_solver_hls.cpp:751]   --->   Operation 266 'specregionend' 'rend38' <Predicate = true> <Delay = 0.00>
ST_2 : Operation 267 [1/1] (0.00ns)   --->   "%rbegin35 = specregionbegin i32 @_ssdm_op_SpecRegionBegin, void @empty_309" [../src/fp_math_hls.cpp:272->../src/riccati_solver_hls.cpp:752]   --->   Operation 267 'specregionbegin' 'rbegin35' <Predicate = true> <Delay = 0.00>
ST_2 : Operation 268 [1/2] (2.08ns)   --->   "%mul_ln272_17 = mul i44 %b_169_cast_cast, i44 %sext_ln269" [../src/fp_math_hls.cpp:272->../src/riccati_solver_hls.cpp:752]   --->   Operation 268 'mul' 'mul_ln272_17' <Predicate = true> <Delay = 2.08> <CoreInst = "Mul_DSP">   --->   Core 5 'Mul_DSP' <Latency = 1> <II = 1> <Delay = 2.08> <FuncUnit> <Opcode : 'mul'> <InPorts = 2> <OutPorts = 1>
ST_2 : Operation 269 [1/1] (0.00ns)   --->   "%specfucore_ln273 = specfucore void @_ssdm_op_SpecFUCore, i44 %mul_ln272_17, i64 12, i64 3, i64 1, i1 0" [../src/fp_math_hls.cpp:273->../src/riccati_solver_hls.cpp:752]   --->   Operation 269 'specfucore' 'specfucore_ln273' <Predicate = true> <Delay = 0.00>
ST_2 : Operation 270 [1/1] (0.00ns)   --->   "%product_32 = trunc i44 %mul_ln272_17" [../src/fp_math_hls.cpp:272->../src/riccati_solver_hls.cpp:752]   --->   Operation 270 'trunc' 'product_32' <Predicate = true> <Delay = 0.00>
ST_2 : Operation 271 [1/1] (0.00ns)   --->   "%rend36 = specregionend i32 @_ssdm_op_SpecRegionEnd, void @empty_309, i32 %rbegin35" [../src/fp_math_hls.cpp:272->../src/riccati_solver_hls.cpp:752]   --->   Operation 271 'specregionend' 'rend36' <Predicate = true> <Delay = 0.00>
ST_2 : Operation 272 [1/1] (1.74ns)   --->   "%sum_12 = call i32 @sum6_MG_QP_raw, i32 %product_27, i32 %product_28, i32 %product_29, i32 %product_30, i32 %product_31, i32 %product_32" [../src/riccati_solver_hls.cpp:746]   --->   Operation 272 'call' 'sum_12' <Predicate = (!icmp_ln742)> <Delay = 1.74> <CoreType = "Generic">   --->   Generic Core
ST_2 : Operation 273 [1/1] (0.00ns)   --->   "%trunc_ln182_2 = partselect i18 @_ssdm_op_PartSelect.i18.i32.i32.i32, i32 %sum_12, i32 14, i32 31" [include/fp_math_hls.h:182->../src/riccati_solver_hls.cpp:753]   --->   Operation 273 'partselect' 'trunc_ln182_2' <Predicate = true> <Delay = 0.00>
ST_2 : Operation 274 [1/1] (0.00ns)   --->   "%rbegin33 = specregionbegin i32 @_ssdm_op_SpecRegionBegin, void @empty_346" [../src/fp_math_hls.cpp:272->../src/riccati_solver_hls.cpp:747]   --->   Operation 274 'specregionbegin' 'rbegin33' <Predicate = true> <Delay = 0.00>
ST_2 : Operation 275 [1/2] (2.08ns)   --->   "%mul_ln272_18 = mul i44 %b_170_cast_cast, i44 %a_2_cast" [../src/fp_math_hls.cpp:272->../src/riccati_solver_hls.cpp:747]   --->   Operation 275 'mul' 'mul_ln272_18' <Predicate = true> <Delay = 2.08> <CoreInst = "Mul_DSP">   --->   Core 5 'Mul_DSP' <Latency = 1> <II = 1> <Delay = 2.08> <FuncUnit> <Opcode : 'mul'> <InPorts = 2> <OutPorts = 1>
ST_2 : Operation 276 [1/1] (0.00ns)   --->   "%specfucore_ln273 = specfucore void @_ssdm_op_SpecFUCore, i44 %mul_ln272_18, i64 12, i64 3, i64 1, i1 0" [../src/fp_math_hls.cpp:273->../src/riccati_solver_hls.cpp:747]   --->   Operation 276 'specfucore' 'specfucore_ln273' <Predicate = true> <Delay = 0.00>
ST_2 : Operation 277 [1/1] (0.00ns)   --->   "%product_33 = trunc i44 %mul_ln272_18" [../src/fp_math_hls.cpp:272->../src/riccati_solver_hls.cpp:747]   --->   Operation 277 'trunc' 'product_33' <Predicate = true> <Delay = 0.00>
ST_2 : Operation 278 [1/1] (0.00ns)   --->   "%rend34 = specregionend i32 @_ssdm_op_SpecRegionEnd, void @empty_346, i32 %rbegin33" [../src/fp_math_hls.cpp:272->../src/riccati_solver_hls.cpp:747]   --->   Operation 278 'specregionend' 'rend34' <Predicate = true> <Delay = 0.00>
ST_2 : Operation 279 [1/1] (0.00ns)   --->   "%rbegin31 = specregionbegin i32 @_ssdm_op_SpecRegionBegin, void @empty_434" [../src/fp_math_hls.cpp:272->../src/riccati_solver_hls.cpp:748]   --->   Operation 279 'specregionbegin' 'rbegin31' <Predicate = true> <Delay = 0.00>
ST_2 : Operation 280 [1/2] (2.08ns)   --->   "%mul_ln272_19 = mul i44 %b_171_cast_cast, i44 %a_3_cast" [../src/fp_math_hls.cpp:272->../src/riccati_solver_hls.cpp:748]   --->   Operation 280 'mul' 'mul_ln272_19' <Predicate = true> <Delay = 2.08> <CoreInst = "Mul_DSP">   --->   Core 5 'Mul_DSP' <Latency = 1> <II = 1> <Delay = 2.08> <FuncUnit> <Opcode : 'mul'> <InPorts = 2> <OutPorts = 1>
ST_2 : Operation 281 [1/1] (0.00ns)   --->   "%specfucore_ln273 = specfucore void @_ssdm_op_SpecFUCore, i44 %mul_ln272_19, i64 12, i64 3, i64 1, i1 0" [../src/fp_math_hls.cpp:273->../src/riccati_solver_hls.cpp:748]   --->   Operation 281 'specfucore' 'specfucore_ln273' <Predicate = true> <Delay = 0.00>
ST_2 : Operation 282 [1/1] (0.00ns)   --->   "%product_34 = trunc i44 %mul_ln272_19" [../src/fp_math_hls.cpp:272->../src/riccati_solver_hls.cpp:748]   --->   Operation 282 'trunc' 'product_34' <Predicate = true> <Delay = 0.00>
ST_2 : Operation 283 [1/1] (0.00ns)   --->   "%rend32 = specregionend i32 @_ssdm_op_SpecRegionEnd, void @empty_434, i32 %rbegin31" [../src/fp_math_hls.cpp:272->../src/riccati_solver_hls.cpp:748]   --->   Operation 283 'specregionend' 'rend32' <Predicate = true> <Delay = 0.00>
ST_2 : Operation 284 [1/1] (0.00ns)   --->   "%rbegin29 = specregionbegin i32 @_ssdm_op_SpecRegionBegin, void @empty_476" [../src/fp_math_hls.cpp:272->../src/riccati_solver_hls.cpp:749]   --->   Operation 284 'specregionbegin' 'rbegin29' <Predicate = true> <Delay = 0.00>
ST_2 : Operation 285 [1/2] (2.08ns)   --->   "%mul_ln272_20 = mul i44 %b_172_cast_cast, i44 %a_4_cast" [../src/fp_math_hls.cpp:272->../src/riccati_solver_hls.cpp:749]   --->   Operation 285 'mul' 'mul_ln272_20' <Predicate = true> <Delay = 2.08> <CoreInst = "Mul_DSP">   --->   Core 5 'Mul_DSP' <Latency = 1> <II = 1> <Delay = 2.08> <FuncUnit> <Opcode : 'mul'> <InPorts = 2> <OutPorts = 1>
ST_2 : Operation 286 [1/1] (0.00ns)   --->   "%specfucore_ln273 = specfucore void @_ssdm_op_SpecFUCore, i44 %mul_ln272_20, i64 12, i64 3, i64 1, i1 0" [../src/fp_math_hls.cpp:273->../src/riccati_solver_hls.cpp:749]   --->   Operation 286 'specfucore' 'specfucore_ln273' <Predicate = true> <Delay = 0.00>
ST_2 : Operation 287 [1/1] (0.00ns)   --->   "%product_35 = trunc i44 %mul_ln272_20" [../src/fp_math_hls.cpp:272->../src/riccati_solver_hls.cpp:749]   --->   Operation 287 'trunc' 'product_35' <Predicate = true> <Delay = 0.00>
ST_2 : Operation 288 [1/1] (0.00ns)   --->   "%rend30 = specregionend i32 @_ssdm_op_SpecRegionEnd, void @empty_476, i32 %rbegin29" [../src/fp_math_hls.cpp:272->../src/riccati_solver_hls.cpp:749]   --->   Operation 288 'specregionend' 'rend30' <Predicate = true> <Delay = 0.00>
ST_2 : Operation 289 [1/1] (0.00ns)   --->   "%rbegin27 = specregionbegin i32 @_ssdm_op_SpecRegionBegin, void @empty_416" [../src/fp_math_hls.cpp:272->../src/riccati_solver_hls.cpp:750]   --->   Operation 289 'specregionbegin' 'rbegin27' <Predicate = true> <Delay = 0.00>
ST_2 : Operation 290 [1/2] (2.08ns)   --->   "%mul_ln272_21 = mul i44 %b_173_cast_cast, i44 %a_5_cast" [../src/fp_math_hls.cpp:272->../src/riccati_solver_hls.cpp:750]   --->   Operation 290 'mul' 'mul_ln272_21' <Predicate = true> <Delay = 2.08> <CoreInst = "Mul_DSP">   --->   Core 5 'Mul_DSP' <Latency = 1> <II = 1> <Delay = 2.08> <FuncUnit> <Opcode : 'mul'> <InPorts = 2> <OutPorts = 1>
ST_2 : Operation 291 [1/1] (0.00ns)   --->   "%specfucore_ln273 = specfucore void @_ssdm_op_SpecFUCore, i44 %mul_ln272_21, i64 12, i64 3, i64 1, i1 0" [../src/fp_math_hls.cpp:273->../src/riccati_solver_hls.cpp:750]   --->   Operation 291 'specfucore' 'specfucore_ln273' <Predicate = true> <Delay = 0.00>
ST_2 : Operation 292 [1/1] (0.00ns)   --->   "%product_36 = trunc i44 %mul_ln272_21" [../src/fp_math_hls.cpp:272->../src/riccati_solver_hls.cpp:750]   --->   Operation 292 'trunc' 'product_36' <Predicate = true> <Delay = 0.00>
ST_2 : Operation 293 [1/1] (0.00ns)   --->   "%rend28 = specregionend i32 @_ssdm_op_SpecRegionEnd, void @empty_416, i32 %rbegin27" [../src/fp_math_hls.cpp:272->../src/riccati_solver_hls.cpp:750]   --->   Operation 293 'specregionend' 'rend28' <Predicate = true> <Delay = 0.00>
ST_2 : Operation 294 [1/1] (0.00ns)   --->   "%rbegin25 = specregionbegin i32 @_ssdm_op_SpecRegionBegin, void @empty_441" [../src/fp_math_hls.cpp:272->../src/riccati_solver_hls.cpp:751]   --->   Operation 294 'specregionbegin' 'rbegin25' <Predicate = true> <Delay = 0.00>
ST_2 : Operation 295 [1/2] (2.08ns)   --->   "%mul_ln272_22 = mul i44 %b_174_cast_cast, i44 %a_6_cast" [../src/fp_math_hls.cpp:272->../src/riccati_solver_hls.cpp:751]   --->   Operation 295 'mul' 'mul_ln272_22' <Predicate = true> <Delay = 2.08> <CoreInst = "Mul_DSP">   --->   Core 5 'Mul_DSP' <Latency = 1> <II = 1> <Delay = 2.08> <FuncUnit> <Opcode : 'mul'> <InPorts = 2> <OutPorts = 1>
ST_2 : Operation 296 [1/1] (0.00ns)   --->   "%specfucore_ln273 = specfucore void @_ssdm_op_SpecFUCore, i44 %mul_ln272_22, i64 12, i64 3, i64 1, i1 0" [../src/fp_math_hls.cpp:273->../src/riccati_solver_hls.cpp:751]   --->   Operation 296 'specfucore' 'specfucore_ln273' <Predicate = true> <Delay = 0.00>
ST_2 : Operation 297 [1/1] (0.00ns)   --->   "%product_37 = trunc i44 %mul_ln272_22" [../src/fp_math_hls.cpp:272->../src/riccati_solver_hls.cpp:751]   --->   Operation 297 'trunc' 'product_37' <Predicate = true> <Delay = 0.00>
ST_2 : Operation 298 [1/1] (0.00ns)   --->   "%rend26 = specregionend i32 @_ssdm_op_SpecRegionEnd, void @empty_441, i32 %rbegin25" [../src/fp_math_hls.cpp:272->../src/riccati_solver_hls.cpp:751]   --->   Operation 298 'specregionend' 'rend26' <Predicate = true> <Delay = 0.00>
ST_2 : Operation 299 [1/1] (0.00ns)   --->   "%rbegin23 = specregionbegin i32 @_ssdm_op_SpecRegionBegin, void @empty_440" [../src/fp_math_hls.cpp:272->../src/riccati_solver_hls.cpp:752]   --->   Operation 299 'specregionbegin' 'rbegin23' <Predicate = true> <Delay = 0.00>
ST_2 : Operation 300 [1/2] (2.08ns)   --->   "%mul_ln272_23 = mul i44 %b_175_cast_cast, i44 %sext_ln269" [../src/fp_math_hls.cpp:272->../src/riccati_solver_hls.cpp:752]   --->   Operation 300 'mul' 'mul_ln272_23' <Predicate = true> <Delay = 2.08> <CoreInst = "Mul_DSP">   --->   Core 5 'Mul_DSP' <Latency = 1> <II = 1> <Delay = 2.08> <FuncUnit> <Opcode : 'mul'> <InPorts = 2> <OutPorts = 1>
ST_2 : Operation 301 [1/1] (0.00ns)   --->   "%specfucore_ln273 = specfucore void @_ssdm_op_SpecFUCore, i44 %mul_ln272_23, i64 12, i64 3, i64 1, i1 0" [../src/fp_math_hls.cpp:273->../src/riccati_solver_hls.cpp:752]   --->   Operation 301 'specfucore' 'specfucore_ln273' <Predicate = true> <Delay = 0.00>
ST_2 : Operation 302 [1/1] (0.00ns)   --->   "%product_38 = trunc i44 %mul_ln272_23" [../src/fp_math_hls.cpp:272->../src/riccati_solver_hls.cpp:752]   --->   Operation 302 'trunc' 'product_38' <Predicate = true> <Delay = 0.00>
ST_2 : Operation 303 [1/1] (0.00ns)   --->   "%rend24 = specregionend i32 @_ssdm_op_SpecRegionEnd, void @empty_440, i32 %rbegin23" [../src/fp_math_hls.cpp:272->../src/riccati_solver_hls.cpp:752]   --->   Operation 303 'specregionend' 'rend24' <Predicate = true> <Delay = 0.00>
ST_2 : Operation 304 [1/1] (1.74ns)   --->   "%sum_13 = call i32 @sum6_MG_QP_raw, i32 %product_33, i32 %product_34, i32 %product_35, i32 %product_36, i32 %product_37, i32 %product_38" [../src/riccati_solver_hls.cpp:746]   --->   Operation 304 'call' 'sum_13' <Predicate = (!icmp_ln742)> <Delay = 1.74> <CoreType = "Generic">   --->   Generic Core
ST_2 : Operation 305 [1/1] (0.00ns)   --->   "%trunc_ln182_3 = partselect i18 @_ssdm_op_PartSelect.i18.i32.i32.i32, i32 %sum_13, i32 14, i32 31" [include/fp_math_hls.h:182->../src/riccati_solver_hls.cpp:753]   --->   Operation 305 'partselect' 'trunc_ln182_3' <Predicate = true> <Delay = 0.00>
ST_2 : Operation 306 [1/1] (0.00ns)   --->   "%rbegin21 = specregionbegin i32 @_ssdm_op_SpecRegionBegin, void @empty_449" [../src/fp_math_hls.cpp:272->../src/riccati_solver_hls.cpp:747]   --->   Operation 306 'specregionbegin' 'rbegin21' <Predicate = true> <Delay = 0.00>
ST_2 : Operation 307 [1/2] (2.08ns)   --->   "%mul_ln272_24 = mul i44 %b_176_cast_cast, i44 %a_2_cast" [../src/fp_math_hls.cpp:272->../src/riccati_solver_hls.cpp:747]   --->   Operation 307 'mul' 'mul_ln272_24' <Predicate = true> <Delay = 2.08> <CoreInst = "Mul_DSP">   --->   Core 5 'Mul_DSP' <Latency = 1> <II = 1> <Delay = 2.08> <FuncUnit> <Opcode : 'mul'> <InPorts = 2> <OutPorts = 1>
ST_2 : Operation 308 [1/1] (0.00ns)   --->   "%specfucore_ln273 = specfucore void @_ssdm_op_SpecFUCore, i44 %mul_ln272_24, i64 12, i64 3, i64 1, i1 0" [../src/fp_math_hls.cpp:273->../src/riccati_solver_hls.cpp:747]   --->   Operation 308 'specfucore' 'specfucore_ln273' <Predicate = true> <Delay = 0.00>
ST_2 : Operation 309 [1/1] (0.00ns)   --->   "%product_39 = trunc i44 %mul_ln272_24" [../src/fp_math_hls.cpp:272->../src/riccati_solver_hls.cpp:747]   --->   Operation 309 'trunc' 'product_39' <Predicate = true> <Delay = 0.00>
ST_2 : Operation 310 [1/1] (0.00ns)   --->   "%rend22 = specregionend i32 @_ssdm_op_SpecRegionEnd, void @empty_449, i32 %rbegin21" [../src/fp_math_hls.cpp:272->../src/riccati_solver_hls.cpp:747]   --->   Operation 310 'specregionend' 'rend22' <Predicate = true> <Delay = 0.00>
ST_2 : Operation 311 [1/1] (0.00ns)   --->   "%rbegin19 = specregionbegin i32 @_ssdm_op_SpecRegionBegin, void @empty_438" [../src/fp_math_hls.cpp:272->../src/riccati_solver_hls.cpp:748]   --->   Operation 311 'specregionbegin' 'rbegin19' <Predicate = true> <Delay = 0.00>
ST_2 : Operation 312 [1/2] (2.08ns)   --->   "%mul_ln272_25 = mul i44 %b_177_cast_cast, i44 %a_3_cast" [../src/fp_math_hls.cpp:272->../src/riccati_solver_hls.cpp:748]   --->   Operation 312 'mul' 'mul_ln272_25' <Predicate = true> <Delay = 2.08> <CoreInst = "Mul_DSP">   --->   Core 5 'Mul_DSP' <Latency = 1> <II = 1> <Delay = 2.08> <FuncUnit> <Opcode : 'mul'> <InPorts = 2> <OutPorts = 1>
ST_2 : Operation 313 [1/1] (0.00ns)   --->   "%specfucore_ln273 = specfucore void @_ssdm_op_SpecFUCore, i44 %mul_ln272_25, i64 12, i64 3, i64 1, i1 0" [../src/fp_math_hls.cpp:273->../src/riccati_solver_hls.cpp:748]   --->   Operation 313 'specfucore' 'specfucore_ln273' <Predicate = true> <Delay = 0.00>
ST_2 : Operation 314 [1/1] (0.00ns)   --->   "%product_40 = trunc i44 %mul_ln272_25" [../src/fp_math_hls.cpp:272->../src/riccati_solver_hls.cpp:748]   --->   Operation 314 'trunc' 'product_40' <Predicate = true> <Delay = 0.00>
ST_2 : Operation 315 [1/1] (0.00ns)   --->   "%rend20 = specregionend i32 @_ssdm_op_SpecRegionEnd, void @empty_438, i32 %rbegin19" [../src/fp_math_hls.cpp:272->../src/riccati_solver_hls.cpp:748]   --->   Operation 315 'specregionend' 'rend20' <Predicate = true> <Delay = 0.00>
ST_2 : Operation 316 [1/1] (0.00ns)   --->   "%rbegin17 = specregionbegin i32 @_ssdm_op_SpecRegionBegin, void @empty_456" [../src/fp_math_hls.cpp:272->../src/riccati_solver_hls.cpp:749]   --->   Operation 316 'specregionbegin' 'rbegin17' <Predicate = true> <Delay = 0.00>
ST_2 : Operation 317 [1/2] (2.08ns)   --->   "%mul_ln272_26 = mul i44 %b_178_cast_cast, i44 %a_4_cast" [../src/fp_math_hls.cpp:272->../src/riccati_solver_hls.cpp:749]   --->   Operation 317 'mul' 'mul_ln272_26' <Predicate = true> <Delay = 2.08> <CoreInst = "Mul_DSP">   --->   Core 5 'Mul_DSP' <Latency = 1> <II = 1> <Delay = 2.08> <FuncUnit> <Opcode : 'mul'> <InPorts = 2> <OutPorts = 1>
ST_2 : Operation 318 [1/1] (0.00ns)   --->   "%specfucore_ln273 = specfucore void @_ssdm_op_SpecFUCore, i44 %mul_ln272_26, i64 12, i64 3, i64 1, i1 0" [../src/fp_math_hls.cpp:273->../src/riccati_solver_hls.cpp:749]   --->   Operation 318 'specfucore' 'specfucore_ln273' <Predicate = true> <Delay = 0.00>
ST_2 : Operation 319 [1/1] (0.00ns)   --->   "%product_41 = trunc i44 %mul_ln272_26" [../src/fp_math_hls.cpp:272->../src/riccati_solver_hls.cpp:749]   --->   Operation 319 'trunc' 'product_41' <Predicate = true> <Delay = 0.00>
ST_2 : Operation 320 [1/1] (0.00ns)   --->   "%rend18 = specregionend i32 @_ssdm_op_SpecRegionEnd, void @empty_456, i32 %rbegin17" [../src/fp_math_hls.cpp:272->../src/riccati_solver_hls.cpp:749]   --->   Operation 320 'specregionend' 'rend18' <Predicate = true> <Delay = 0.00>
ST_2 : Operation 321 [1/1] (0.00ns)   --->   "%rbegin15 = specregionbegin i32 @_ssdm_op_SpecRegionBegin, void @empty_278" [../src/fp_math_hls.cpp:272->../src/riccati_solver_hls.cpp:750]   --->   Operation 321 'specregionbegin' 'rbegin15' <Predicate = true> <Delay = 0.00>
ST_2 : Operation 322 [1/2] (2.08ns)   --->   "%mul_ln272_27 = mul i44 %b_179_cast_cast, i44 %a_5_cast" [../src/fp_math_hls.cpp:272->../src/riccati_solver_hls.cpp:750]   --->   Operation 322 'mul' 'mul_ln272_27' <Predicate = true> <Delay = 2.08> <CoreInst = "Mul_DSP">   --->   Core 5 'Mul_DSP' <Latency = 1> <II = 1> <Delay = 2.08> <FuncUnit> <Opcode : 'mul'> <InPorts = 2> <OutPorts = 1>
ST_2 : Operation 323 [1/1] (0.00ns)   --->   "%specfucore_ln273 = specfucore void @_ssdm_op_SpecFUCore, i44 %mul_ln272_27, i64 12, i64 3, i64 1, i1 0" [../src/fp_math_hls.cpp:273->../src/riccati_solver_hls.cpp:750]   --->   Operation 323 'specfucore' 'specfucore_ln273' <Predicate = true> <Delay = 0.00>
ST_2 : Operation 324 [1/1] (0.00ns)   --->   "%product_42 = trunc i44 %mul_ln272_27" [../src/fp_math_hls.cpp:272->../src/riccati_solver_hls.cpp:750]   --->   Operation 324 'trunc' 'product_42' <Predicate = true> <Delay = 0.00>
ST_2 : Operation 325 [1/1] (0.00ns)   --->   "%rend16 = specregionend i32 @_ssdm_op_SpecRegionEnd, void @empty_278, i32 %rbegin15" [../src/fp_math_hls.cpp:272->../src/riccati_solver_hls.cpp:750]   --->   Operation 325 'specregionend' 'rend16' <Predicate = true> <Delay = 0.00>
ST_2 : Operation 326 [1/1] (0.00ns)   --->   "%rbegin13 = specregionbegin i32 @_ssdm_op_SpecRegionBegin, void @empty_445" [../src/fp_math_hls.cpp:272->../src/riccati_solver_hls.cpp:751]   --->   Operation 326 'specregionbegin' 'rbegin13' <Predicate = true> <Delay = 0.00>
ST_2 : Operation 327 [1/2] (2.08ns)   --->   "%mul_ln272_28 = mul i44 %b_180_cast_cast, i44 %a_6_cast" [../src/fp_math_hls.cpp:272->../src/riccati_solver_hls.cpp:751]   --->   Operation 327 'mul' 'mul_ln272_28' <Predicate = true> <Delay = 2.08> <CoreInst = "Mul_DSP">   --->   Core 5 'Mul_DSP' <Latency = 1> <II = 1> <Delay = 2.08> <FuncUnit> <Opcode : 'mul'> <InPorts = 2> <OutPorts = 1>
ST_2 : Operation 328 [1/1] (0.00ns)   --->   "%specfucore_ln273 = specfucore void @_ssdm_op_SpecFUCore, i44 %mul_ln272_28, i64 12, i64 3, i64 1, i1 0" [../src/fp_math_hls.cpp:273->../src/riccati_solver_hls.cpp:751]   --->   Operation 328 'specfucore' 'specfucore_ln273' <Predicate = true> <Delay = 0.00>
ST_2 : Operation 329 [1/1] (0.00ns)   --->   "%product_43 = trunc i44 %mul_ln272_28" [../src/fp_math_hls.cpp:272->../src/riccati_solver_hls.cpp:751]   --->   Operation 329 'trunc' 'product_43' <Predicate = true> <Delay = 0.00>
ST_2 : Operation 330 [1/1] (0.00ns)   --->   "%rend14 = specregionend i32 @_ssdm_op_SpecRegionEnd, void @empty_445, i32 %rbegin13" [../src/fp_math_hls.cpp:272->../src/riccati_solver_hls.cpp:751]   --->   Operation 330 'specregionend' 'rend14' <Predicate = true> <Delay = 0.00>
ST_2 : Operation 331 [1/1] (0.00ns)   --->   "%rbegin11 = specregionbegin i32 @_ssdm_op_SpecRegionBegin, void @empty_444" [../src/fp_math_hls.cpp:272->../src/riccati_solver_hls.cpp:752]   --->   Operation 331 'specregionbegin' 'rbegin11' <Predicate = true> <Delay = 0.00>
ST_2 : Operation 332 [1/2] (2.08ns)   --->   "%mul_ln272_29 = mul i44 %b_181_cast_cast, i44 %sext_ln269" [../src/fp_math_hls.cpp:272->../src/riccati_solver_hls.cpp:752]   --->   Operation 332 'mul' 'mul_ln272_29' <Predicate = true> <Delay = 2.08> <CoreInst = "Mul_DSP">   --->   Core 5 'Mul_DSP' <Latency = 1> <II = 1> <Delay = 2.08> <FuncUnit> <Opcode : 'mul'> <InPorts = 2> <OutPorts = 1>
ST_2 : Operation 333 [1/1] (0.00ns)   --->   "%specfucore_ln273 = specfucore void @_ssdm_op_SpecFUCore, i44 %mul_ln272_29, i64 12, i64 3, i64 1, i1 0" [../src/fp_math_hls.cpp:273->../src/riccati_solver_hls.cpp:752]   --->   Operation 333 'specfucore' 'specfucore_ln273' <Predicate = true> <Delay = 0.00>
ST_2 : Operation 334 [1/1] (0.00ns)   --->   "%product_44 = trunc i44 %mul_ln272_29" [../src/fp_math_hls.cpp:272->../src/riccati_solver_hls.cpp:752]   --->   Operation 334 'trunc' 'product_44' <Predicate = true> <Delay = 0.00>
ST_2 : Operation 335 [1/1] (0.00ns)   --->   "%rend12 = specregionend i32 @_ssdm_op_SpecRegionEnd, void @empty_444, i32 %rbegin11" [../src/fp_math_hls.cpp:272->../src/riccati_solver_hls.cpp:752]   --->   Operation 335 'specregionend' 'rend12' <Predicate = true> <Delay = 0.00>
ST_2 : Operation 336 [1/1] (1.74ns)   --->   "%sum_14 = call i32 @sum6_MG_QP_raw, i32 %product_39, i32 %product_40, i32 %product_41, i32 %product_42, i32 %product_43, i32 %product_44" [../src/riccati_solver_hls.cpp:746]   --->   Operation 336 'call' 'sum_14' <Predicate = (!icmp_ln742)> <Delay = 1.74> <CoreType = "Generic">   --->   Generic Core
ST_2 : Operation 337 [1/1] (0.00ns)   --->   "%trunc_ln182_4 = partselect i18 @_ssdm_op_PartSelect.i18.i32.i32.i32, i32 %sum_14, i32 14, i32 31" [include/fp_math_hls.h:182->../src/riccati_solver_hls.cpp:753]   --->   Operation 337 'partselect' 'trunc_ln182_4' <Predicate = true> <Delay = 0.00>
ST_2 : Operation 338 [1/1] (0.00ns)   --->   "%rbegin9 = specregionbegin i32 @_ssdm_op_SpecRegionBegin, void @empty_554" [../src/fp_math_hls.cpp:272->../src/riccati_solver_hls.cpp:747]   --->   Operation 338 'specregionbegin' 'rbegin9' <Predicate = true> <Delay = 0.00>
ST_2 : Operation 339 [1/2] (2.08ns)   --->   "%mul_ln272_30 = mul i44 %b_182_cast_cast, i44 %a_2_cast" [../src/fp_math_hls.cpp:272->../src/riccati_solver_hls.cpp:747]   --->   Operation 339 'mul' 'mul_ln272_30' <Predicate = true> <Delay = 2.08> <CoreInst = "Mul_DSP">   --->   Core 5 'Mul_DSP' <Latency = 1> <II = 1> <Delay = 2.08> <FuncUnit> <Opcode : 'mul'> <InPorts = 2> <OutPorts = 1>
ST_2 : Operation 340 [1/1] (0.00ns)   --->   "%specfucore_ln273 = specfucore void @_ssdm_op_SpecFUCore, i44 %mul_ln272_30, i64 12, i64 3, i64 1, i1 0" [../src/fp_math_hls.cpp:273->../src/riccati_solver_hls.cpp:747]   --->   Operation 340 'specfucore' 'specfucore_ln273' <Predicate = true> <Delay = 0.00>
ST_2 : Operation 341 [1/1] (0.00ns)   --->   "%product_45 = trunc i44 %mul_ln272_30" [../src/fp_math_hls.cpp:272->../src/riccati_solver_hls.cpp:747]   --->   Operation 341 'trunc' 'product_45' <Predicate = true> <Delay = 0.00>
ST_2 : Operation 342 [1/1] (0.00ns)   --->   "%rend10 = specregionend i32 @_ssdm_op_SpecRegionEnd, void @empty_554, i32 %rbegin9" [../src/fp_math_hls.cpp:272->../src/riccati_solver_hls.cpp:747]   --->   Operation 342 'specregionend' 'rend10' <Predicate = true> <Delay = 0.00>
ST_2 : Operation 343 [1/1] (0.00ns)   --->   "%rbegin7 = specregionbegin i32 @_ssdm_op_SpecRegionBegin, void @empty_432" [../src/fp_math_hls.cpp:272->../src/riccati_solver_hls.cpp:748]   --->   Operation 343 'specregionbegin' 'rbegin7' <Predicate = true> <Delay = 0.00>
ST_2 : Operation 344 [1/2] (2.08ns)   --->   "%mul_ln272_31 = mul i44 %b_183_cast_cast, i44 %a_3_cast" [../src/fp_math_hls.cpp:272->../src/riccati_solver_hls.cpp:748]   --->   Operation 344 'mul' 'mul_ln272_31' <Predicate = true> <Delay = 2.08> <CoreInst = "Mul_DSP">   --->   Core 5 'Mul_DSP' <Latency = 1> <II = 1> <Delay = 2.08> <FuncUnit> <Opcode : 'mul'> <InPorts = 2> <OutPorts = 1>
ST_2 : Operation 345 [1/1] (0.00ns)   --->   "%specfucore_ln273 = specfucore void @_ssdm_op_SpecFUCore, i44 %mul_ln272_31, i64 12, i64 3, i64 1, i1 0" [../src/fp_math_hls.cpp:273->../src/riccati_solver_hls.cpp:748]   --->   Operation 345 'specfucore' 'specfucore_ln273' <Predicate = true> <Delay = 0.00>
ST_2 : Operation 346 [1/1] (0.00ns)   --->   "%product_46 = trunc i44 %mul_ln272_31" [../src/fp_math_hls.cpp:272->../src/riccati_solver_hls.cpp:748]   --->   Operation 346 'trunc' 'product_46' <Predicate = true> <Delay = 0.00>
ST_2 : Operation 347 [1/1] (0.00ns)   --->   "%rend8 = specregionend i32 @_ssdm_op_SpecRegionEnd, void @empty_432, i32 %rbegin7" [../src/fp_math_hls.cpp:272->../src/riccati_solver_hls.cpp:748]   --->   Operation 347 'specregionend' 'rend8' <Predicate = true> <Delay = 0.00>
ST_2 : Operation 348 [1/1] (0.00ns)   --->   "%rbegin5 = specregionbegin i32 @_ssdm_op_SpecRegionBegin, void @empty_431" [../src/fp_math_hls.cpp:272->../src/riccati_solver_hls.cpp:749]   --->   Operation 348 'specregionbegin' 'rbegin5' <Predicate = true> <Delay = 0.00>
ST_2 : Operation 349 [1/2] (2.08ns)   --->   "%mul_ln272_32 = mul i44 %b_184_cast_cast, i44 %a_4_cast" [../src/fp_math_hls.cpp:272->../src/riccati_solver_hls.cpp:749]   --->   Operation 349 'mul' 'mul_ln272_32' <Predicate = true> <Delay = 2.08> <CoreInst = "Mul_DSP">   --->   Core 5 'Mul_DSP' <Latency = 1> <II = 1> <Delay = 2.08> <FuncUnit> <Opcode : 'mul'> <InPorts = 2> <OutPorts = 1>
ST_2 : Operation 350 [1/1] (0.00ns)   --->   "%specfucore_ln273 = specfucore void @_ssdm_op_SpecFUCore, i44 %mul_ln272_32, i64 12, i64 3, i64 1, i1 0" [../src/fp_math_hls.cpp:273->../src/riccati_solver_hls.cpp:749]   --->   Operation 350 'specfucore' 'specfucore_ln273' <Predicate = true> <Delay = 0.00>
ST_2 : Operation 351 [1/1] (0.00ns)   --->   "%product_47 = trunc i44 %mul_ln272_32" [../src/fp_math_hls.cpp:272->../src/riccati_solver_hls.cpp:749]   --->   Operation 351 'trunc' 'product_47' <Predicate = true> <Delay = 0.00>
ST_2 : Operation 352 [1/1] (0.00ns)   --->   "%rend6 = specregionend i32 @_ssdm_op_SpecRegionEnd, void @empty_431, i32 %rbegin5" [../src/fp_math_hls.cpp:272->../src/riccati_solver_hls.cpp:749]   --->   Operation 352 'specregionend' 'rend6' <Predicate = true> <Delay = 0.00>
ST_2 : Operation 353 [1/1] (0.00ns)   --->   "%rbegin3 = specregionbegin i32 @_ssdm_op_SpecRegionBegin, void @empty_496" [../src/fp_math_hls.cpp:272->../src/riccati_solver_hls.cpp:750]   --->   Operation 353 'specregionbegin' 'rbegin3' <Predicate = true> <Delay = 0.00>
ST_2 : Operation 354 [1/2] (2.08ns)   --->   "%mul_ln272_33 = mul i44 %b_185_cast_cast, i44 %a_5_cast" [../src/fp_math_hls.cpp:272->../src/riccati_solver_hls.cpp:750]   --->   Operation 354 'mul' 'mul_ln272_33' <Predicate = true> <Delay = 2.08> <CoreInst = "Mul_DSP">   --->   Core 5 'Mul_DSP' <Latency = 1> <II = 1> <Delay = 2.08> <FuncUnit> <Opcode : 'mul'> <InPorts = 2> <OutPorts = 1>
ST_2 : Operation 355 [1/1] (0.00ns)   --->   "%specfucore_ln273 = specfucore void @_ssdm_op_SpecFUCore, i44 %mul_ln272_33, i64 12, i64 3, i64 1, i1 0" [../src/fp_math_hls.cpp:273->../src/riccati_solver_hls.cpp:750]   --->   Operation 355 'specfucore' 'specfucore_ln273' <Predicate = true> <Delay = 0.00>
ST_2 : Operation 356 [1/1] (0.00ns)   --->   "%product_48 = trunc i44 %mul_ln272_33" [../src/fp_math_hls.cpp:272->../src/riccati_solver_hls.cpp:750]   --->   Operation 356 'trunc' 'product_48' <Predicate = true> <Delay = 0.00>
ST_2 : Operation 357 [1/1] (0.00ns)   --->   "%rend4 = specregionend i32 @_ssdm_op_SpecRegionEnd, void @empty_496, i32 %rbegin3" [../src/fp_math_hls.cpp:272->../src/riccati_solver_hls.cpp:750]   --->   Operation 357 'specregionend' 'rend4' <Predicate = true> <Delay = 0.00>
ST_2 : Operation 358 [1/1] (0.00ns)   --->   "%rbegin1 = specregionbegin i32 @_ssdm_op_SpecRegionBegin, void @empty_543" [../src/fp_math_hls.cpp:272->../src/riccati_solver_hls.cpp:751]   --->   Operation 358 'specregionbegin' 'rbegin1' <Predicate = true> <Delay = 0.00>
ST_2 : Operation 359 [1/2] (2.08ns)   --->   "%mul_ln272_34 = mul i44 %b_186_cast_cast, i44 %a_6_cast" [../src/fp_math_hls.cpp:272->../src/riccati_solver_hls.cpp:751]   --->   Operation 359 'mul' 'mul_ln272_34' <Predicate = true> <Delay = 2.08> <CoreInst = "Mul_DSP">   --->   Core 5 'Mul_DSP' <Latency = 1> <II = 1> <Delay = 2.08> <FuncUnit> <Opcode : 'mul'> <InPorts = 2> <OutPorts = 1>
ST_2 : Operation 360 [1/1] (0.00ns)   --->   "%specfucore_ln273 = specfucore void @_ssdm_op_SpecFUCore, i44 %mul_ln272_34, i64 12, i64 3, i64 1, i1 0" [../src/fp_math_hls.cpp:273->../src/riccati_solver_hls.cpp:751]   --->   Operation 360 'specfucore' 'specfucore_ln273' <Predicate = true> <Delay = 0.00>
ST_2 : Operation 361 [1/1] (0.00ns)   --->   "%product_49 = trunc i44 %mul_ln272_34" [../src/fp_math_hls.cpp:272->../src/riccati_solver_hls.cpp:751]   --->   Operation 361 'trunc' 'product_49' <Predicate = true> <Delay = 0.00>
ST_2 : Operation 362 [1/1] (0.00ns)   --->   "%rend2 = specregionend i32 @_ssdm_op_SpecRegionEnd, void @empty_543, i32 %rbegin1" [../src/fp_math_hls.cpp:272->../src/riccati_solver_hls.cpp:751]   --->   Operation 362 'specregionend' 'rend2' <Predicate = true> <Delay = 0.00>
ST_2 : Operation 363 [1/1] (0.00ns)   --->   "%rbegin = specregionbegin i32 @_ssdm_op_SpecRegionBegin, void @empty_458" [../src/fp_math_hls.cpp:272->../src/riccati_solver_hls.cpp:752]   --->   Operation 363 'specregionbegin' 'rbegin' <Predicate = true> <Delay = 0.00>
ST_2 : Operation 364 [1/2] (2.08ns)   --->   "%mul_ln272_35 = mul i44 %sext_ln742_cast, i44 %sext_ln269" [../src/fp_math_hls.cpp:272->../src/riccati_solver_hls.cpp:752]   --->   Operation 364 'mul' 'mul_ln272_35' <Predicate = true> <Delay = 2.08> <CoreInst = "Mul_DSP">   --->   Core 5 'Mul_DSP' <Latency = 1> <II = 1> <Delay = 2.08> <FuncUnit> <Opcode : 'mul'> <InPorts = 2> <OutPorts = 1>
ST_2 : Operation 365 [1/1] (0.00ns)   --->   "%specfucore_ln273 = specfucore void @_ssdm_op_SpecFUCore, i44 %mul_ln272_35, i64 12, i64 3, i64 1, i1 0" [../src/fp_math_hls.cpp:273->../src/riccati_solver_hls.cpp:752]   --->   Operation 365 'specfucore' 'specfucore_ln273' <Predicate = true> <Delay = 0.00>
ST_2 : Operation 366 [1/1] (0.00ns)   --->   "%product_50 = trunc i44 %mul_ln272_35" [../src/fp_math_hls.cpp:272->../src/riccati_solver_hls.cpp:752]   --->   Operation 366 'trunc' 'product_50' <Predicate = true> <Delay = 0.00>
ST_2 : Operation 367 [1/1] (0.00ns)   --->   "%rend = specregionend i32 @_ssdm_op_SpecRegionEnd, void @empty_458, i32 %rbegin" [../src/fp_math_hls.cpp:272->../src/riccati_solver_hls.cpp:752]   --->   Operation 367 'specregionend' 'rend' <Predicate = true> <Delay = 0.00>
ST_2 : Operation 368 [1/1] (1.74ns)   --->   "%sum_15 = call i32 @sum6_MG_QP_raw, i32 %product_45, i32 %product_46, i32 %product_47, i32 %product_48, i32 %product_49, i32 %product_50" [../src/riccati_solver_hls.cpp:746]   --->   Operation 368 'call' 'sum_15' <Predicate = (!icmp_ln742)> <Delay = 1.74> <CoreType = "Generic">   --->   Generic Core
ST_2 : Operation 369 [1/1] (0.00ns)   --->   "%trunc_ln182_5 = partselect i18 @_ssdm_op_PartSelect.i18.i32.i32.i32, i32 %sum_15, i32 14, i32 31" [include/fp_math_hls.h:182->../src/riccati_solver_hls.cpp:753]   --->   Operation 369 'partselect' 'trunc_ln182_5' <Predicate = true> <Delay = 0.00>
ST_2 : Operation 370 [1/1] (0.36ns)   --->   "%G_23 = select i1 %icmp_ln753, i18 %trunc_ln, i18 %G_12_load_1" [../src/riccati_solver_hls.cpp:753]   --->   Operation 370 'select' 'G_23' <Predicate = true> <Delay = 0.36> <CoreInst = "Sel">   --->   Core 73 'Sel' <Latency = 0> <II = 1> <Delay = 0.36> <FuncUnit> <Opcode : 'select'> <InPorts = 3> <OutPorts = 1>
ST_2 : Operation 371 [1/1] (0.36ns)   --->   "%G_22 = select i1 %icmp_ln753, i18 %trunc_ln182_1, i18 %G_11_load_1" [../src/riccati_solver_hls.cpp:753]   --->   Operation 371 'select' 'G_22' <Predicate = true> <Delay = 0.36> <CoreInst = "Sel">   --->   Core 73 'Sel' <Latency = 0> <II = 1> <Delay = 0.36> <FuncUnit> <Opcode : 'select'> <InPorts = 3> <OutPorts = 1>
ST_2 : Operation 372 [1/1] (0.36ns)   --->   "%G_21 = select i1 %icmp_ln753, i18 %trunc_ln182_2, i18 %G_10_load_1" [../src/riccati_solver_hls.cpp:753]   --->   Operation 372 'select' 'G_21' <Predicate = true> <Delay = 0.36> <CoreInst = "Sel">   --->   Core 73 'Sel' <Latency = 0> <II = 1> <Delay = 0.36> <FuncUnit> <Opcode : 'select'> <InPorts = 3> <OutPorts = 1>
ST_2 : Operation 373 [1/1] (0.36ns)   --->   "%G_20 = select i1 %icmp_ln753, i18 %trunc_ln182_3, i18 %G_9_load_1" [../src/riccati_solver_hls.cpp:753]   --->   Operation 373 'select' 'G_20' <Predicate = true> <Delay = 0.36> <CoreInst = "Sel">   --->   Core 73 'Sel' <Latency = 0> <II = 1> <Delay = 0.36> <FuncUnit> <Opcode : 'select'> <InPorts = 3> <OutPorts = 1>
ST_2 : Operation 374 [1/1] (0.36ns)   --->   "%G_19 = select i1 %icmp_ln753, i18 %trunc_ln182_4, i18 %G_8_load_1" [../src/riccati_solver_hls.cpp:753]   --->   Operation 374 'select' 'G_19' <Predicate = true> <Delay = 0.36> <CoreInst = "Sel">   --->   Core 73 'Sel' <Latency = 0> <II = 1> <Delay = 0.36> <FuncUnit> <Opcode : 'select'> <InPorts = 3> <OutPorts = 1>
ST_2 : Operation 375 [1/1] (0.36ns)   --->   "%G_18 = select i1 %icmp_ln753, i18 %trunc_ln182_5, i18 %G_7_load_1" [../src/riccati_solver_hls.cpp:753]   --->   Operation 375 'select' 'G_18' <Predicate = true> <Delay = 0.36> <CoreInst = "Sel">   --->   Core 73 'Sel' <Latency = 0> <II = 1> <Delay = 0.36> <FuncUnit> <Opcode : 'select'> <InPorts = 3> <OutPorts = 1>
ST_2 : Operation 376 [1/1] (0.36ns)   --->   "%G_17 = select i1 %icmp_ln753, i18 %G_6_load_1, i18 %trunc_ln" [../src/riccati_solver_hls.cpp:753]   --->   Operation 376 'select' 'G_17' <Predicate = true> <Delay = 0.36> <CoreInst = "Sel">   --->   Core 73 'Sel' <Latency = 0> <II = 1> <Delay = 0.36> <FuncUnit> <Opcode : 'select'> <InPorts = 3> <OutPorts = 1>
ST_2 : Operation 377 [1/1] (0.36ns)   --->   "%G_16 = select i1 %icmp_ln753, i18 %G_5_load_1, i18 %trunc_ln182_1" [../src/riccati_solver_hls.cpp:753]   --->   Operation 377 'select' 'G_16' <Predicate = true> <Delay = 0.36> <CoreInst = "Sel">   --->   Core 73 'Sel' <Latency = 0> <II = 1> <Delay = 0.36> <FuncUnit> <Opcode : 'select'> <InPorts = 3> <OutPorts = 1>
ST_2 : Operation 378 [1/1] (0.36ns)   --->   "%G_15 = select i1 %icmp_ln753, i18 %G_4_load_1, i18 %trunc_ln182_2" [../src/riccati_solver_hls.cpp:753]   --->   Operation 378 'select' 'G_15' <Predicate = true> <Delay = 0.36> <CoreInst = "Sel">   --->   Core 73 'Sel' <Latency = 0> <II = 1> <Delay = 0.36> <FuncUnit> <Opcode : 'select'> <InPorts = 3> <OutPorts = 1>
ST_2 : Operation 379 [1/1] (0.36ns)   --->   "%G_14 = select i1 %icmp_ln753, i18 %G_3_load_1, i18 %trunc_ln182_3" [../src/riccati_solver_hls.cpp:753]   --->   Operation 379 'select' 'G_14' <Predicate = true> <Delay = 0.36> <CoreInst = "Sel">   --->   Core 73 'Sel' <Latency = 0> <II = 1> <Delay = 0.36> <FuncUnit> <Opcode : 'select'> <InPorts = 3> <OutPorts = 1>
ST_2 : Operation 380 [1/1] (0.36ns)   --->   "%G_13 = select i1 %icmp_ln753, i18 %G_2_load_1, i18 %trunc_ln182_4" [../src/riccati_solver_hls.cpp:753]   --->   Operation 380 'select' 'G_13' <Predicate = true> <Delay = 0.36> <CoreInst = "Sel">   --->   Core 73 'Sel' <Latency = 0> <II = 1> <Delay = 0.36> <FuncUnit> <Opcode : 'select'> <InPorts = 3> <OutPorts = 1>
ST_2 : Operation 381 [1/1] (0.36ns)   --->   "%G = select i1 %icmp_ln753, i18 %G_1_load_1, i18 %trunc_ln182_5" [../src/riccati_solver_hls.cpp:753]   --->   Operation 381 'select' 'G' <Predicate = true> <Delay = 0.36> <CoreInst = "Sel">   --->   Core 73 'Sel' <Latency = 0> <II = 1> <Delay = 0.36> <FuncUnit> <Opcode : 'select'> <InPorts = 3> <OutPorts = 1>
ST_2 : Operation 382 [1/1] (0.00ns)   --->   "%store_ln739 = store i18 %G_23, i18 %G_12" [../src/riccati_solver_hls.cpp:739]   --->   Operation 382 'store' 'store_ln739' <Predicate = true> <Delay = 0.00>
ST_2 : Operation 383 [1/1] (0.00ns)   --->   "%store_ln739 = store i18 %G_22, i18 %G_11" [../src/riccati_solver_hls.cpp:739]   --->   Operation 383 'store' 'store_ln739' <Predicate = true> <Delay = 0.00>
ST_2 : Operation 384 [1/1] (0.00ns)   --->   "%store_ln739 = store i18 %G_21, i18 %G_10" [../src/riccati_solver_hls.cpp:739]   --->   Operation 384 'store' 'store_ln739' <Predicate = true> <Delay = 0.00>
ST_2 : Operation 385 [1/1] (0.00ns)   --->   "%store_ln739 = store i18 %G_20, i18 %G_9" [../src/riccati_solver_hls.cpp:739]   --->   Operation 385 'store' 'store_ln739' <Predicate = true> <Delay = 0.00>
ST_2 : Operation 386 [1/1] (0.00ns)   --->   "%store_ln739 = store i18 %G_19, i18 %G_8" [../src/riccati_solver_hls.cpp:739]   --->   Operation 386 'store' 'store_ln739' <Predicate = true> <Delay = 0.00>
ST_2 : Operation 387 [1/1] (0.00ns)   --->   "%store_ln739 = store i18 %G_18, i18 %G_7" [../src/riccati_solver_hls.cpp:739]   --->   Operation 387 'store' 'store_ln739' <Predicate = true> <Delay = 0.00>
ST_2 : Operation 388 [1/1] (0.00ns)   --->   "%store_ln739 = store i18 %G_17, i18 %G_6" [../src/riccati_solver_hls.cpp:739]   --->   Operation 388 'store' 'store_ln739' <Predicate = true> <Delay = 0.00>
ST_2 : Operation 389 [1/1] (0.00ns)   --->   "%store_ln739 = store i18 %G_16, i18 %G_5" [../src/riccati_solver_hls.cpp:739]   --->   Operation 389 'store' 'store_ln739' <Predicate = true> <Delay = 0.00>
ST_2 : Operation 390 [1/1] (0.00ns)   --->   "%store_ln739 = store i18 %G_15, i18 %G_4" [../src/riccati_solver_hls.cpp:739]   --->   Operation 390 'store' 'store_ln739' <Predicate = true> <Delay = 0.00>
ST_2 : Operation 391 [1/1] (0.00ns)   --->   "%store_ln739 = store i18 %G_14, i18 %G_3" [../src/riccati_solver_hls.cpp:739]   --->   Operation 391 'store' 'store_ln739' <Predicate = true> <Delay = 0.00>
ST_2 : Operation 392 [1/1] (0.00ns)   --->   "%store_ln739 = store i18 %G_13, i18 %G_2" [../src/riccati_solver_hls.cpp:739]   --->   Operation 392 'store' 'store_ln739' <Predicate = true> <Delay = 0.00>
ST_2 : Operation 393 [1/1] (0.00ns)   --->   "%store_ln739 = store i18 %G, i18 %G_1" [../src/riccati_solver_hls.cpp:739]   --->   Operation 393 'store' 'store_ln739' <Predicate = true> <Delay = 0.00>
ST_2 : Operation 394 [1/1] (0.00ns)   --->   "%br_ln742 = br void %VITIS_LOOP_743_10" [../src/riccati_solver_hls.cpp:742]   --->   Operation 394 'br' 'br_ln742' <Predicate = true> <Delay = 0.00>


============================================================
+ Verbose Summary: Timing violations
============================================================
Target clock period: 5.000ns, clock uncertainty: 0.500ns.

 <State 1>: 3.416ns
The critical path consists of the following:
	'store' operation ('store_ln491', ../src/riccati_solver_hls.cpp:491) of constant 0 2 bit on local variable 'a', ../src/riccati_solver_hls.cpp:491 [158]  (0.427 ns)
	'load' operation 2 bit ('a', ../src/riccati_solver_hls.cpp:742) on local variable 'a', ../src/riccati_solver_hls.cpp:491 [161]  (0.000 ns)
	'icmp' operation 1 bit ('empty', ../src/riccati_solver_hls.cpp:742) [181]  (0.548 ns)
	'select' operation 18 bit ('a', ../src/riccati_solver_hls.cpp:742) [184]  (0.360 ns)
	'mul' operation 44 bit ('mul_ln272', ../src/fp_math_hls.cpp:272->../src/riccati_solver_hls.cpp:747) [199]  (2.081 ns)

 <State 2>: 4.188ns
The critical path consists of the following:
	'mul' operation 44 bit ('mul_ln272', ../src/fp_math_hls.cpp:272->../src/riccati_solver_hls.cpp:747) [199]  (2.081 ns)
	'call' operation 32 bit ('sum', ../src/riccati_solver_hls.cpp:746) to 'sum6_MG_QP_raw' [228]  (1.747 ns)
	'select' operation 18 bit ('G', ../src/riccati_solver_hls.cpp:753) [391]  (0.360 ns)


============================================================
+ Verbose Summary: Binding
============================================================
N/A
* FSMD analyzer results:
  - Output states:
 - Input state : 
  - Chain level:
	State 1
	State 2


============================================================
+ Verbose Summary: Datapath Resource usage 
============================================================
N/A
