

================================================================
== Vitis HLS Report for 'riccati_backward_pass_Pipeline_VITIS_LOOP_783_12'
================================================================
* Date:           Thu Jun 11 17:48:36 2026

* Version:        2025.2 (Build 6295257 on Nov 14 2025)
* Project:        mpc_fpga_top_opencl
* Solution:       hls (Vitis Kernel Flow Target)
* Product family: zynquplus
* Target device:  xck26-sfvc784-2LV-c


================================================================
== Performance Estimates
================================================================
+ Timing: 
    * Summary: 
    +--------+---------+----------+------------+
    |  Clock |  Target | Estimated| Uncertainty|
    +--------+---------+----------+------------+
    |ap_clk  |  5.00 ns|  3.795 ns|     0.50 ns|
    +--------+---------+----------+------------+

+ Latency: 
    * Summary: 
    +---------+---------+-----------+-----------+-----+-----+-------------------+
    |  Latency (cycles) |   Latency (absolute)  |  Interval |      Pipeline     |
    |   min   |   max   |    min    |    max    | min | max |        Type       |
    +---------+---------+-----------+-----------+-----+-----+-------------------+
    |       14|       14|  70.000 ns|  70.000 ns|    0|    0|  loop pipeline stp|
    +---------+---------+-----------+-----------+-----+-----+-------------------+

    + Detail: 
        * Instance: 
        +-----------------------------+---------------+---------+---------+----------+----------+-----+-----+---------+
        |                             |               |  Latency (cycles) |  Latency (absolute) |  Interval | Pipeline|
        |           Instance          |     Module    |   min   |   max   |    min   |    max   | min | max |   Type  |
        +-----------------------------+---------------+---------+---------+----------+----------+-----+-----+---------+
        |pd_sum_sum6_P_QP_raw_fu_406  |sum6_P_QP_raw  |        0|        0|      0 ns|      0 ns|    1|    1|      yes|
        +-----------------------------+---------------+---------+---------+----------+----------+-----+-----+---------+

        * Loop: 
        +---------------------+---------+---------+----------+-----------+-----------+------+----------+
        |                     |  Latency (cycles) | Iteration|  Initiation Interval  | Trip |          |
        |      Loop Name      |   min   |   max   |  Latency |  achieved |   target  | Count| Pipelined|
        +---------------------+---------+---------+----------+-----------+-----------+------+----------+
        |- VITIS_LOOP_783_12  |       12|       12|         5|          1|          1|     8|       yes|
        +---------------------+---------+---------+----------+-----------+-----------+------+----------+



================================================================
== Utilization Estimates
================================================================
* Summary: 
+-----------------+---------+------+--------+--------+-----+
|       Name      | BRAM_18K|  DSP |   FF   |   LUT  | URAM|
+-----------------+---------+------+--------+--------+-----+
|DSP              |        -|     -|       -|       -|    -|
|Expression       |        -|     -|       0|      60|    -|
|FIFO             |        -|     -|       -|       -|    -|
|Instance         |        -|     -|       0|      43|    -|
|Memory           |        -|     -|       -|       -|    -|
|Multiplexer      |        -|     -|       0|      36|    -|
|Register         |        -|     -|     738|      96|    -|
+-----------------+---------+------+--------+--------+-----+
|Total            |        0|     0|     738|     235|    0|
+-----------------+---------+------+--------+--------+-----+
|Available        |      288|  1248|  234240|  117120|   64|
+-----------------+---------+------+--------+--------+-----+
|Utilization (%)  |        0|     0|      ~0|      ~0|    0|
+-----------------+---------+------+--------+--------+-----+

+ Detail: 
    * Instance: 
    +-----------------------------+-----------------------+---------+----+---+----+-----+
    |           Instance          |         Module        | BRAM_18K| DSP| FF| LUT| URAM|
    +-----------------------------+-----------------------+---------+----+---+----+-----+
    |sparsemux_17_3_27_1_1_U1026  |sparsemux_17_3_27_1_1  |        0|   0|  0|  43|    0|
    +-----------------------------+-----------------------+---------+----+---+----+-----+
    |Total                        |                       |        0|   0|  0|  43|    0|
    +-----------------------------+-----------------------+---------+----+---+----+-----+

    * DSP: 
    N/A

    * Memory: 
    N/A

    * FIFO: 
    N/A

    * Expression: 
    +----------------------+----------+----+---+----+------------+------------+
    |     Variable Name    | Operation| DSP| FF| LUT| Bitwidth P0| Bitwidth P1|
    +----------------------+----------+----+---+----+------------+------------+
    |add_ln783_fu_478_p2   |         +|   0|  0|  12|           4|           1|
    |p_shift_11_fu_647_p2  |         +|   0|  0|  34|          27|          27|
    |icmp_ln783_fu_472_p2  |      icmp|   0|  0|  12|           4|           5|
    |ap_enable_pp0         |       xor|   0|  0|   2|           1|           2|
    +----------------------+----------+----+---+----+------------+------------+
    |Total                 |          |   0|  0|  60|          36|          35|
    +----------------------+----------+----+---+----+------------+------------+

    * Multiplexer: 
    +----------------------------------+----+-----------+-----+-----------+
    |               Name               | LUT| Input Size| Bits| Total Bits|
    +----------------------------------+----+-----------+-----+-----------+
    |ap_done_int                       |   9|          2|    1|          2|
    |ap_loop_exit_ready_pp0_iter4_reg  |   9|          2|    1|          2|
    |ap_sig_allocacmp_i_2              |   9|          2|    4|          8|
    |i_fu_152                          |   9|          2|    4|          8|
    +----------------------------------+----+-----------+-----+-----------+
    |Total                             |  36|          8|   10|         20|
    +----------------------------------+----+-----------+-----+-----------+

    * Register: 
    +----------------------------------+----+----+-----+-----------+
    |               Name               | FF | LUT| Bits| Const Bits|
    +----------------------------------+----+----+-----+-----------+
    |ap_CS_fsm                         |   1|   0|    1|          0|
    |ap_done_reg                       |   1|   0|    1|          0|
    |ap_enable_reg_pp0_iter1           |   1|   0|    1|          0|
    |ap_enable_reg_pp0_iter2           |   1|   0|    1|          0|
    |ap_enable_reg_pp0_iter3           |   1|   0|    1|          0|
    |ap_enable_reg_pp0_iter4           |   1|   0|    1|          0|
    |ap_loop_exit_ready_pp0_iter1_reg  |   1|   0|    1|          0|
    |ap_loop_exit_ready_pp0_iter2_reg  |   1|   0|    1|          0|
    |ap_loop_exit_ready_pp0_iter3_reg  |   1|   0|    1|          0|
    |ap_loop_exit_ready_pp0_iter4_reg  |   1|   0|    1|          0|
    |i_fu_152                          |   4|   0|    4|          0|
    |icmp_ln783_reg_800                |   1|   0|    1|          0|
    |p_shift_1_fu_160                  |  27|   0|   27|          0|
    |p_shift_2_fu_164                  |  27|   0|   27|          0|
    |p_shift_3_fu_168                  |  27|   0|   27|          0|
    |p_shift_4_fu_172                  |  27|   0|   27|          0|
    |p_shift_5_fu_176                  |  27|   0|   27|          0|
    |p_shift_6_fu_180                  |  27|   0|   27|          0|
    |p_shift_7_fu_184                  |  27|   0|   27|          0|
    |p_shift_fu_156                    |  27|   0|   27|          0|
    |sext_ln256_1_cast_reg_790         |  43|   0|   43|          0|
    |sext_ln256_2_cast_reg_785         |  43|   0|   43|          0|
    |sext_ln256_3_cast_reg_780         |  43|   0|   43|          0|
    |sext_ln256_4_cast_reg_775         |  43|   0|   43|          0|
    |sext_ln256_cast_reg_795           |  43|   0|   43|          0|
    |sext_ln783_cast_reg_770           |  43|   0|   43|          0|
    |tmp_s_reg_838                     |  27|   0|   27|          0|
    |trunc_ln182_6_reg_873             |  27|   0|   27|          0|
    |trunc_ln783_2_reg_804             |   3|   0|    3|          0|
    |icmp_ln783_reg_800                |  64|  32|    1|          0|
    |tmp_s_reg_838                     |  64|  32|   27|          0|
    |trunc_ln783_2_reg_804             |  64|  32|    3|          0|
    +----------------------------------+----+----+-----+-----------+
    |Total                             | 738|  96|  577|          0|
    +----------------------------------+----+----+-----+-----------+



================================================================
== Interface
================================================================
* Summary: 
+---------------------------------------+-----+-----+------------+--------------------------------------------------+--------------+
|               RTL Ports               | Dir | Bits|  Protocol  |                   Source Object                  |    C Type    |
+---------------------------------------+-----+-----+------------+--------------------------------------------------+--------------+
|ap_clk                                 |   in|    1|  ap_ctrl_hs|  riccati_backward_pass_Pipeline_VITIS_LOOP_783_12|  return value|
|ap_rst                                 |   in|    1|  ap_ctrl_hs|  riccati_backward_pass_Pipeline_VITIS_LOOP_783_12|  return value|
|ap_start                               |   in|    1|  ap_ctrl_hs|  riccati_backward_pass_Pipeline_VITIS_LOOP_783_12|  return value|
|ap_done                                |  out|    1|  ap_ctrl_hs|  riccati_backward_pass_Pipeline_VITIS_LOOP_783_12|  return value|
|ap_idle                                |  out|    1|  ap_ctrl_hs|  riccati_backward_pass_Pipeline_VITIS_LOOP_783_12|  return value|
|ap_ready                               |  out|    1|  ap_ctrl_hs|  riccati_backward_pass_Pipeline_VITIS_LOOP_783_12|  return value|
|grp_fu_15628_p_din0                    |  out|   27|  ap_ctrl_hs|  riccati_backward_pass_Pipeline_VITIS_LOOP_783_12|  return value|
|grp_fu_15628_p_din1                    |  out|   26|  ap_ctrl_hs|  riccati_backward_pass_Pipeline_VITIS_LOOP_783_12|  return value|
|grp_fu_15628_p_dout0                   |   in|   43|  ap_ctrl_hs|  riccati_backward_pass_Pipeline_VITIS_LOOP_783_12|  return value|
|grp_fu_15628_p_ce                      |  out|    1|  ap_ctrl_hs|  riccati_backward_pass_Pipeline_VITIS_LOOP_783_12|  return value|
|grp_fu_15632_p_din0                    |  out|   27|  ap_ctrl_hs|  riccati_backward_pass_Pipeline_VITIS_LOOP_783_12|  return value|
|grp_fu_15632_p_din1                    |  out|   26|  ap_ctrl_hs|  riccati_backward_pass_Pipeline_VITIS_LOOP_783_12|  return value|
|grp_fu_15632_p_dout0                   |   in|   43|  ap_ctrl_hs|  riccati_backward_pass_Pipeline_VITIS_LOOP_783_12|  return value|
|grp_fu_15632_p_ce                      |  out|    1|  ap_ctrl_hs|  riccati_backward_pass_Pipeline_VITIS_LOOP_783_12|  return value|
|grp_fu_15636_p_din0                    |  out|   27|  ap_ctrl_hs|  riccati_backward_pass_Pipeline_VITIS_LOOP_783_12|  return value|
|grp_fu_15636_p_din1                    |  out|   26|  ap_ctrl_hs|  riccati_backward_pass_Pipeline_VITIS_LOOP_783_12|  return value|
|grp_fu_15636_p_dout0                   |   in|   43|  ap_ctrl_hs|  riccati_backward_pass_Pipeline_VITIS_LOOP_783_12|  return value|
|grp_fu_15636_p_ce                      |  out|    1|  ap_ctrl_hs|  riccati_backward_pass_Pipeline_VITIS_LOOP_783_12|  return value|
|grp_fu_15640_p_din0                    |  out|   27|  ap_ctrl_hs|  riccati_backward_pass_Pipeline_VITIS_LOOP_783_12|  return value|
|grp_fu_15640_p_din1                    |  out|   26|  ap_ctrl_hs|  riccati_backward_pass_Pipeline_VITIS_LOOP_783_12|  return value|
|grp_fu_15640_p_dout0                   |   in|   43|  ap_ctrl_hs|  riccati_backward_pass_Pipeline_VITIS_LOOP_783_12|  return value|
|grp_fu_15640_p_ce                      |  out|    1|  ap_ctrl_hs|  riccati_backward_pass_Pipeline_VITIS_LOOP_783_12|  return value|
|grp_fu_15644_p_din0                    |  out|   27|  ap_ctrl_hs|  riccati_backward_pass_Pipeline_VITIS_LOOP_783_12|  return value|
|grp_fu_15644_p_din1                    |  out|   26|  ap_ctrl_hs|  riccati_backward_pass_Pipeline_VITIS_LOOP_783_12|  return value|
|grp_fu_15644_p_dout0                   |   in|   43|  ap_ctrl_hs|  riccati_backward_pass_Pipeline_VITIS_LOOP_783_12|  return value|
|grp_fu_15644_p_ce                      |  out|    1|  ap_ctrl_hs|  riccati_backward_pass_Pipeline_VITIS_LOOP_783_12|  return value|
|grp_fu_15648_p_din0                    |  out|   27|  ap_ctrl_hs|  riccati_backward_pass_Pipeline_VITIS_LOOP_783_12|  return value|
|grp_fu_15648_p_din1                    |  out|   26|  ap_ctrl_hs|  riccati_backward_pass_Pipeline_VITIS_LOOP_783_12|  return value|
|grp_fu_15648_p_dout0                   |   in|   43|  ap_ctrl_hs|  riccati_backward_pass_Pipeline_VITIS_LOOP_783_12|  return value|
|grp_fu_15648_p_ce                      |  out|    1|  ap_ctrl_hs|  riccati_backward_pass_Pipeline_VITIS_LOOP_783_12|  return value|
|pd_sum_sum6_P_QP_raw_fu_15652_p_din1   |  out|   41|  ap_ctrl_hs|  riccati_backward_pass_Pipeline_VITIS_LOOP_783_12|  return value|
|pd_sum_sum6_P_QP_raw_fu_15652_p_din2   |  out|   41|  ap_ctrl_hs|  riccati_backward_pass_Pipeline_VITIS_LOOP_783_12|  return value|
|pd_sum_sum6_P_QP_raw_fu_15652_p_din3   |  out|   41|  ap_ctrl_hs|  riccati_backward_pass_Pipeline_VITIS_LOOP_783_12|  return value|
|pd_sum_sum6_P_QP_raw_fu_15652_p_din4   |  out|   41|  ap_ctrl_hs|  riccati_backward_pass_Pipeline_VITIS_LOOP_783_12|  return value|
|pd_sum_sum6_P_QP_raw_fu_15652_p_din5   |  out|   41|  ap_ctrl_hs|  riccati_backward_pass_Pipeline_VITIS_LOOP_783_12|  return value|
|pd_sum_sum6_P_QP_raw_fu_15652_p_din6   |  out|   41|  ap_ctrl_hs|  riccati_backward_pass_Pipeline_VITIS_LOOP_783_12|  return value|
|pd_sum_sum6_P_QP_raw_fu_15652_p_dout0  |   in|   41|  ap_ctrl_hs|  riccati_backward_pass_Pipeline_VITIS_LOOP_783_12|  return value|
|pd_sum_sum6_P_QP_raw_fu_15652_p_ready  |   in|    1|  ap_ctrl_hs|  riccati_backward_pass_Pipeline_VITIS_LOOP_783_12|  return value|
|P_address0                             |  out|    3|   ap_memory|                                                 P|         array|
|P_ce0                                  |  out|    1|   ap_memory|                                                 P|         array|
|P_q0                                   |   in|   27|   ap_memory|                                                 P|         array|
|sext_ln256                             |   in|   26|     ap_none|                                        sext_ln256|        scalar|
|P_1_address0                           |  out|    3|   ap_memory|                                               P_1|         array|
|P_1_ce0                                |  out|    1|   ap_memory|                                               P_1|         array|
|P_1_q0                                 |   in|   27|   ap_memory|                                               P_1|         array|
|sext_ln256_1                           |   in|   26|     ap_none|                                      sext_ln256_1|        scalar|
|P_2_address0                           |  out|    3|   ap_memory|                                               P_2|         array|
|P_2_ce0                                |  out|    1|   ap_memory|                                               P_2|         array|
|P_2_q0                                 |   in|   27|   ap_memory|                                               P_2|         array|
|sext_ln256_2                           |   in|   26|     ap_none|                                      sext_ln256_2|        scalar|
|P_3_address0                           |  out|    3|   ap_memory|                                               P_3|         array|
|P_3_ce0                                |  out|    1|   ap_memory|                                               P_3|         array|
|P_3_q0                                 |   in|   27|   ap_memory|                                               P_3|         array|
|sext_ln256_3                           |   in|   26|     ap_none|                                      sext_ln256_3|        scalar|
|P_4_address0                           |  out|    3|   ap_memory|                                               P_4|         array|
|P_4_ce0                                |  out|    1|   ap_memory|                                               P_4|         array|
|P_4_q0                                 |   in|   27|   ap_memory|                                               P_4|         array|
|sext_ln256_4                           |   in|   26|     ap_none|                                      sext_ln256_4|        scalar|
|P_5_address0                           |  out|    3|   ap_memory|                                               P_5|         array|
|P_5_ce0                                |  out|    1|   ap_memory|                                               P_5|         array|
|P_5_q0                                 |   in|   27|   ap_memory|                                               P_5|         array|
|sext_ln783                             |   in|   26|     ap_none|                                        sext_ln783|        scalar|
|p_6                                    |   in|   27|     ap_none|                                               p_6|        scalar|
|p_7                                    |   in|   27|     ap_none|                                               p_7|        scalar|
|p_8                                    |   in|   27|     ap_none|                                               p_8|        scalar|
|p_9                                    |   in|   27|     ap_none|                                               p_9|        scalar|
|p_10                                   |   in|   27|     ap_none|                                              p_10|        scalar|
|p_11                                   |   in|   27|     ap_none|                                              p_11|        scalar|
|p_12                                   |   in|   27|     ap_none|                                              p_12|        scalar|
|p_13                                   |   in|   27|     ap_none|                                              p_13|        scalar|
|p_shift_7_out                          |  out|   27|      ap_vld|                                     p_shift_7_out|       pointer|
|p_shift_7_out_ap_vld                   |  out|    1|      ap_vld|                                     p_shift_7_out|       pointer|
|p_shift_6_out                          |  out|   27|      ap_vld|                                     p_shift_6_out|       pointer|
|p_shift_6_out_ap_vld                   |  out|    1|      ap_vld|                                     p_shift_6_out|       pointer|
|p_shift_5_out                          |  out|   27|      ap_vld|                                     p_shift_5_out|       pointer|
|p_shift_5_out_ap_vld                   |  out|    1|      ap_vld|                                     p_shift_5_out|       pointer|
|p_shift_4_out                          |  out|   27|      ap_vld|                                     p_shift_4_out|       pointer|
|p_shift_4_out_ap_vld                   |  out|    1|      ap_vld|                                     p_shift_4_out|       pointer|
|p_shift_3_out                          |  out|   27|      ap_vld|                                     p_shift_3_out|       pointer|
|p_shift_3_out_ap_vld                   |  out|    1|      ap_vld|                                     p_shift_3_out|       pointer|
|p_shift_2_out                          |  out|   27|      ap_vld|                                     p_shift_2_out|       pointer|
|p_shift_2_out_ap_vld                   |  out|    1|      ap_vld|                                     p_shift_2_out|       pointer|
|p_shift_1_out                          |  out|   21|      ap_vld|                                     p_shift_1_out|       pointer|
|p_shift_1_out_ap_vld                   |  out|    1|      ap_vld|                                     p_shift_1_out|       pointer|
|p_shift_out                            |  out|   21|      ap_vld|                                       p_shift_out|       pointer|
|p_shift_out_ap_vld                     |  out|    1|      ap_vld|                                       p_shift_out|       pointer|
+---------------------------------------+-----+-----+------------+--------------------------------------------------+--------------+

============================================================
+ Verbose Summary: Synthesis Manager
============================================================
InlineROM: 1
ExposeGlobal: 0
============================================================
+ Verbose Summary: CDFG Model
============================================================
IsTopModel: 0
ResetActiveHigh: 1
IsCombinational: 2
IsDatapathOnly: 2
HasWiredReturn: 1
HasMFsm: 2
HasVarLatency: 1
IsPipeline: 0
IsRtlPipelined: 0
IsInstanceOverlapped: 0
IsDontTouch: 0
HasImplIP: 0
IsGatedGlobalClock: 0

+ Individual pipeline summary: 
  * Pipeline-0: initiation interval (II) = 1, depth = 5


============================================================
+ Verbose Summary: Schedule
============================================================
* Number of FSM states : 5
* Pipeline : 1
  Pipeline-0 : II = 1, D = 5, States = { 1 2 3 4 5 }
* Dataflow Pipeline: 0

* FSM state transitions: 
1 --> 2 
2 --> 3 
3 --> 4 
4 --> 5 
5 --> 

* FSM state operations: 

State 1 <SV = 0> <Delay = 1.65>
ST_1 : Operation 8 [1/1] (0.00ns)   --->   "%i = alloca i32 1" [../src/riccati_solver_hls.cpp:491]   --->   Operation 8 'alloca' 'i' <Predicate = true> <Delay = 0.00>
ST_1 : Operation 9 [1/1] (0.00ns)   --->   "%p_shift = alloca i32 1" [../src/riccati_solver_hls.cpp:781]   --->   Operation 9 'alloca' 'p_shift' <Predicate = true> <Delay = 0.00>
ST_1 : Operation 10 [1/1] (0.00ns)   --->   "%p_shift_1 = alloca i32 1" [../src/riccati_solver_hls.cpp:781]   --->   Operation 10 'alloca' 'p_shift_1' <Predicate = true> <Delay = 0.00>
ST_1 : Operation 11 [1/1] (0.00ns)   --->   "%p_shift_2 = alloca i32 1" [../src/riccati_solver_hls.cpp:781]   --->   Operation 11 'alloca' 'p_shift_2' <Predicate = true> <Delay = 0.00>
ST_1 : Operation 12 [1/1] (0.00ns)   --->   "%p_shift_3 = alloca i32 1" [../src/riccati_solver_hls.cpp:781]   --->   Operation 12 'alloca' 'p_shift_3' <Predicate = true> <Delay = 0.00>
ST_1 : Operation 13 [1/1] (0.00ns)   --->   "%p_shift_4 = alloca i32 1" [../src/riccati_solver_hls.cpp:781]   --->   Operation 13 'alloca' 'p_shift_4' <Predicate = true> <Delay = 0.00>
ST_1 : Operation 14 [1/1] (0.00ns)   --->   "%p_shift_5 = alloca i32 1" [../src/riccati_solver_hls.cpp:781]   --->   Operation 14 'alloca' 'p_shift_5' <Predicate = true> <Delay = 0.00>
ST_1 : Operation 15 [1/1] (0.00ns)   --->   "%p_shift_6 = alloca i32 1" [../src/riccati_solver_hls.cpp:781]   --->   Operation 15 'alloca' 'p_shift_6' <Predicate = true> <Delay = 0.00>
ST_1 : Operation 16 [1/1] (0.00ns)   --->   "%p_shift_7 = alloca i32 1" [../src/riccati_solver_hls.cpp:781]   --->   Operation 16 'alloca' 'p_shift_7' <Predicate = true> <Delay = 0.00>
ST_1 : Operation 17 [1/1] (0.00ns)   --->   "%p_13_read = read i27 @_ssdm_op_Read.ap_auto.i27, i27 %p_13"   --->   Operation 17 'read' 'p_13_read' <Predicate = true> <Delay = 0.00>
ST_1 : Operation 18 [1/1] (0.00ns)   --->   "%p_12_read = read i27 @_ssdm_op_Read.ap_auto.i27, i27 %p_12"   --->   Operation 18 'read' 'p_12_read' <Predicate = true> <Delay = 0.00>
ST_1 : Operation 19 [1/1] (0.00ns)   --->   "%p_11_read = read i27 @_ssdm_op_Read.ap_auto.i27, i27 %p_11"   --->   Operation 19 'read' 'p_11_read' <Predicate = true> <Delay = 0.00>
ST_1 : Operation 20 [1/1] (0.00ns)   --->   "%p_10_read = read i27 @_ssdm_op_Read.ap_auto.i27, i27 %p_10"   --->   Operation 20 'read' 'p_10_read' <Predicate = true> <Delay = 0.00>
ST_1 : Operation 21 [1/1] (0.00ns)   --->   "%p_9_read = read i27 @_ssdm_op_Read.ap_auto.i27, i27 %p_9"   --->   Operation 21 'read' 'p_9_read' <Predicate = true> <Delay = 0.00>
ST_1 : Operation 22 [1/1] (0.00ns)   --->   "%p_8_read = read i27 @_ssdm_op_Read.ap_auto.i27, i27 %p_8"   --->   Operation 22 'read' 'p_8_read' <Predicate = true> <Delay = 0.00>
ST_1 : Operation 23 [1/1] (0.00ns)   --->   "%p_7_read = read i27 @_ssdm_op_Read.ap_auto.i27, i27 %p_7"   --->   Operation 23 'read' 'p_7_read' <Predicate = true> <Delay = 0.00>
ST_1 : Operation 24 [1/1] (0.00ns)   --->   "%p_6_read = read i27 @_ssdm_op_Read.ap_auto.i27, i27 %p_6"   --->   Operation 24 'read' 'p_6_read' <Predicate = true> <Delay = 0.00>
ST_1 : Operation 25 [1/1] (0.00ns)   --->   "%sext_ln783_read = read i26 @_ssdm_op_Read.ap_auto.i26, i26 %sext_ln783"   --->   Operation 25 'read' 'sext_ln783_read' <Predicate = true> <Delay = 0.00>
ST_1 : Operation 26 [1/1] (0.00ns)   --->   "%sext_ln256_4_read = read i26 @_ssdm_op_Read.ap_auto.i26, i26 %sext_ln256_4"   --->   Operation 26 'read' 'sext_ln256_4_read' <Predicate = true> <Delay = 0.00>
ST_1 : Operation 27 [1/1] (0.00ns)   --->   "%sext_ln256_3_read = read i26 @_ssdm_op_Read.ap_auto.i26, i26 %sext_ln256_3"   --->   Operation 27 'read' 'sext_ln256_3_read' <Predicate = true> <Delay = 0.00>
ST_1 : Operation 28 [1/1] (0.00ns)   --->   "%sext_ln256_2_read = read i26 @_ssdm_op_Read.ap_auto.i26, i26 %sext_ln256_2"   --->   Operation 28 'read' 'sext_ln256_2_read' <Predicate = true> <Delay = 0.00>
ST_1 : Operation 29 [1/1] (0.00ns)   --->   "%sext_ln256_1_read = read i26 @_ssdm_op_Read.ap_auto.i26, i26 %sext_ln256_1"   --->   Operation 29 'read' 'sext_ln256_1_read' <Predicate = true> <Delay = 0.00>
ST_1 : Operation 30 [1/1] (0.00ns)   --->   "%sext_ln256_read = read i26 @_ssdm_op_Read.ap_auto.i26, i26 %sext_ln256"   --->   Operation 30 'read' 'sext_ln256_read' <Predicate = true> <Delay = 0.00>
ST_1 : Operation 31 [1/1] (0.00ns)   --->   "%sext_ln783_cast = sext i26 %sext_ln783_read"   --->   Operation 31 'sext' 'sext_ln783_cast' <Predicate = true> <Delay = 0.00>
ST_1 : Operation 32 [1/1] (0.00ns)   --->   "%sext_ln256_4_cast = sext i26 %sext_ln256_4_read"   --->   Operation 32 'sext' 'sext_ln256_4_cast' <Predicate = true> <Delay = 0.00>
ST_1 : Operation 33 [1/1] (0.00ns)   --->   "%sext_ln256_3_cast = sext i26 %sext_ln256_3_read"   --->   Operation 33 'sext' 'sext_ln256_3_cast' <Predicate = true> <Delay = 0.00>
ST_1 : Operation 34 [1/1] (0.00ns)   --->   "%sext_ln256_2_cast = sext i26 %sext_ln256_2_read"   --->   Operation 34 'sext' 'sext_ln256_2_cast' <Predicate = true> <Delay = 0.00>
ST_1 : Operation 35 [1/1] (0.00ns)   --->   "%sext_ln256_1_cast = sext i26 %sext_ln256_1_read"   --->   Operation 35 'sext' 'sext_ln256_1_cast' <Predicate = true> <Delay = 0.00>
ST_1 : Operation 36 [1/1] (0.00ns)   --->   "%sext_ln256_cast = sext i26 %sext_ln256_read"   --->   Operation 36 'sext' 'sext_ln256_cast' <Predicate = true> <Delay = 0.00>
ST_1 : Operation 37 [1/1] (0.00ns)   --->   "%specmemcore_ln0 = specmemcore void @_ssdm_op_SpecMemCore, i27 %P, i64 666, i64 23, i64 1, i1 0"   --->   Operation 37 'specmemcore' 'specmemcore_ln0' <Predicate = true> <Delay = 0.00>
ST_1 : Operation 38 [1/1] (0.00ns)   --->   "%specmemcore_ln0 = specmemcore void @_ssdm_op_SpecMemCore, i27 %P_1, i64 666, i64 23, i64 1, i1 0"   --->   Operation 38 'specmemcore' 'specmemcore_ln0' <Predicate = true> <Delay = 0.00>
ST_1 : Operation 39 [1/1] (0.00ns)   --->   "%specmemcore_ln0 = specmemcore void @_ssdm_op_SpecMemCore, i27 %P_2, i64 666, i64 23, i64 1, i1 0"   --->   Operation 39 'specmemcore' 'specmemcore_ln0' <Predicate = true> <Delay = 0.00>
ST_1 : Operation 40 [1/1] (0.00ns)   --->   "%specmemcore_ln0 = specmemcore void @_ssdm_op_SpecMemCore, i27 %P_3, i64 666, i64 23, i64 1, i1 0"   --->   Operation 40 'specmemcore' 'specmemcore_ln0' <Predicate = true> <Delay = 0.00>
ST_1 : Operation 41 [1/1] (0.00ns)   --->   "%specmemcore_ln0 = specmemcore void @_ssdm_op_SpecMemCore, i27 %P_4, i64 666, i64 23, i64 1, i1 0"   --->   Operation 41 'specmemcore' 'specmemcore_ln0' <Predicate = true> <Delay = 0.00>
ST_1 : Operation 42 [1/1] (0.00ns)   --->   "%specmemcore_ln0 = specmemcore void @_ssdm_op_SpecMemCore, i27 %P_5, i64 666, i64 23, i64 1, i1 0"   --->   Operation 42 'specmemcore' 'specmemcore_ln0' <Predicate = true> <Delay = 0.00>
ST_1 : Operation 43 [1/1] (0.42ns)   --->   "%store_ln491 = store i4 0, i4 %i" [../src/riccati_solver_hls.cpp:491]   --->   Operation 43 'store' 'store_ln491' <Predicate = true> <Delay = 0.42>
ST_1 : Operation 44 [1/1] (0.00ns)   --->   "%br_ln0 = br void %for.inc826"   --->   Operation 44 'br' 'br_ln0' <Predicate = true> <Delay = 0.00>
ST_1 : Operation 45 [1/1] (0.00ns)   --->   "%i_2 = load i4 %i" [../src/riccati_solver_hls.cpp:783]   --->   Operation 45 'load' 'i_2' <Predicate = true> <Delay = 0.00>
ST_1 : Operation 46 [1/1] (0.79ns)   --->   "%icmp_ln783 = icmp_eq  i4 %i_2, i4 8" [../src/riccati_solver_hls.cpp:783]   --->   Operation 46 'icmp' 'icmp_ln783' <Predicate = true> <Delay = 0.79> <CoreInst = "Cmp">   --->   Core 9 'Cmp' <Latency = 0> <II = 1> <Delay = 0.78> <FuncUnit> <Opcode : 'seteq' 'setne' 'setle' 'setge' 'setlt' 'setgt'> <InPorts = 2> <OutPorts = 1>
ST_1 : Operation 47 [1/1] (0.79ns)   --->   "%add_ln783 = add i4 %i_2, i4 1" [../src/riccati_solver_hls.cpp:783]   --->   Operation 47 'add' 'add_ln783' <Predicate = true> <Delay = 0.79> <CoreInst = "Adder">   --->   Core 1 'Adder' <Latency = 0> <II = 1> <Delay = 0.79> <FuncUnit> <Opcode : 'add' 'sub'> <InPorts = 2> <OutPorts = 1>
ST_1 : Operation 48 [1/1] (0.00ns)   --->   "%br_ln783 = br i1 %icmp_ln783, void %fpga_resource_hint.for.inc826.433, void %fpga_resource_hint.VITIS_LOOP_843_13.427.exitStub" [../src/riccati_solver_hls.cpp:783]   --->   Operation 48 'br' 'br_ln783' <Predicate = true> <Delay = 0.00>
ST_1 : Operation 49 [1/1] (0.00ns)   --->   "%zext_ln783 = zext i4 %i_2" [../src/riccati_solver_hls.cpp:783]   --->   Operation 49 'zext' 'zext_ln783' <Predicate = (!icmp_ln783)> <Delay = 0.00>
ST_1 : Operation 50 [1/1] (0.00ns)   --->   "%trunc_ln783_2 = trunc i4 %i_2" [../src/riccati_solver_hls.cpp:783]   --->   Operation 50 'trunc' 'trunc_ln783_2' <Predicate = (!icmp_ln783)> <Delay = 0.00>
ST_1 : Operation 51 [1/1] (0.00ns)   --->   "%P_addr = getelementptr i27 %P, i64 0, i64 %zext_ln783" [../src/riccati_solver_hls.cpp:786]   --->   Operation 51 'getelementptr' 'P_addr' <Predicate = (!icmp_ln783)> <Delay = 0.00>
ST_1 : Operation 52 [2/2] (0.67ns)   --->   "%a = load i3 %P_addr" [../src/riccati_solver_hls.cpp:786]   --->   Operation 52 'load' 'a' <Predicate = (!icmp_ln783)> <Delay = 0.67> <CoreInst = "RAM_2P_LUTRAM">   --->   Core 92 'RAM_2P_LUTRAM' <Latency = 1> <II = 1> <Delay = 0.67> <Storage> <Opcode : 'load' 'store'> <Ports = 2> <Width = 27> <Depth = 8> <RAM>
ST_1 : Operation 53 [1/1] (0.00ns)   --->   "%P_1_addr = getelementptr i27 %P_1, i64 0, i64 %zext_ln783" [../src/riccati_solver_hls.cpp:787]   --->   Operation 53 'getelementptr' 'P_1_addr' <Predicate = (!icmp_ln783)> <Delay = 0.00>
ST_1 : Operation 54 [2/2] (0.67ns)   --->   "%a_23 = load i3 %P_1_addr" [../src/riccati_solver_hls.cpp:787]   --->   Operation 54 'load' 'a_23' <Predicate = (!icmp_ln783)> <Delay = 0.67> <CoreInst = "RAM_2P_LUTRAM">   --->   Core 92 'RAM_2P_LUTRAM' <Latency = 1> <II = 1> <Delay = 0.67> <Storage> <Opcode : 'load' 'store'> <Ports = 2> <Width = 27> <Depth = 8> <RAM>
ST_1 : Operation 55 [1/1] (0.00ns)   --->   "%P_2_addr = getelementptr i27 %P_2, i64 0, i64 %zext_ln783" [../src/riccati_solver_hls.cpp:788]   --->   Operation 55 'getelementptr' 'P_2_addr' <Predicate = (!icmp_ln783)> <Delay = 0.00>
ST_1 : Operation 56 [2/2] (0.67ns)   --->   "%a_24 = load i3 %P_2_addr" [../src/riccati_solver_hls.cpp:788]   --->   Operation 56 'load' 'a_24' <Predicate = (!icmp_ln783)> <Delay = 0.67> <CoreInst = "RAM_2P_LUTRAM">   --->   Core 92 'RAM_2P_LUTRAM' <Latency = 1> <II = 1> <Delay = 0.67> <Storage> <Opcode : 'load' 'store'> <Ports = 2> <Width = 27> <Depth = 8> <RAM>
ST_1 : Operation 57 [1/1] (0.00ns)   --->   "%P_3_addr = getelementptr i27 %P_3, i64 0, i64 %zext_ln783" [../src/riccati_solver_hls.cpp:789]   --->   Operation 57 'getelementptr' 'P_3_addr' <Predicate = (!icmp_ln783)> <Delay = 0.00>
ST_1 : Operation 58 [2/2] (0.67ns)   --->   "%a_25 = load i3 %P_3_addr" [../src/riccati_solver_hls.cpp:789]   --->   Operation 58 'load' 'a_25' <Predicate = (!icmp_ln783)> <Delay = 0.67> <CoreInst = "RAM_2P_LUTRAM">   --->   Core 92 'RAM_2P_LUTRAM' <Latency = 1> <II = 1> <Delay = 0.67> <Storage> <Opcode : 'load' 'store'> <Ports = 2> <Width = 27> <Depth = 8> <RAM>
ST_1 : Operation 59 [1/1] (0.00ns)   --->   "%P_4_addr = getelementptr i27 %P_4, i64 0, i64 %zext_ln783" [../src/riccati_solver_hls.cpp:790]   --->   Operation 59 'getelementptr' 'P_4_addr' <Predicate = (!icmp_ln783)> <Delay = 0.00>
ST_1 : Operation 60 [2/2] (0.67ns)   --->   "%a_26 = load i3 %P_4_addr" [../src/riccati_solver_hls.cpp:790]   --->   Operation 60 'load' 'a_26' <Predicate = (!icmp_ln783)> <Delay = 0.67> <CoreInst = "RAM_2P_LUTRAM">   --->   Core 92 'RAM_2P_LUTRAM' <Latency = 1> <II = 1> <Delay = 0.67> <Storage> <Opcode : 'load' 'store'> <Ports = 2> <Width = 27> <Depth = 8> <RAM>
ST_1 : Operation 61 [1/1] (0.00ns)   --->   "%P_5_addr = getelementptr i27 %P_5, i64 0, i64 %zext_ln783" [../src/riccati_solver_hls.cpp:791]   --->   Operation 61 'getelementptr' 'P_5_addr' <Predicate = (!icmp_ln783)> <Delay = 0.00>
ST_1 : Operation 62 [2/2] (0.67ns)   --->   "%a_27 = load i3 %P_5_addr" [../src/riccati_solver_hls.cpp:791]   --->   Operation 62 'load' 'a_27' <Predicate = (!icmp_ln783)> <Delay = 0.67> <CoreInst = "RAM_2P_LUTRAM">   --->   Core 92 'RAM_2P_LUTRAM' <Latency = 1> <II = 1> <Delay = 0.67> <Storage> <Opcode : 'load' 'store'> <Ports = 2> <Width = 27> <Depth = 8> <RAM>
ST_1 : Operation 63 [1/1] (0.72ns)   --->   "%tmp_s = sparsemux i27 @_ssdm_op_SparseMux.ap_auto.8i27.i27.i3, i3 0, i27 %p_6_read, i3 1, i27 %p_7_read, i3 2, i27 %p_8_read, i3 3, i27 %p_9_read, i3 4, i27 %p_10_read, i3 5, i27 %p_11_read, i3 6, i27 %p_12_read, i3 7, i27 %p_13_read, i27 0, i3 %trunc_ln783_2" [../src/riccati_solver_hls.cpp:793]   --->   Operation 63 'sparsemux' 'tmp_s' <Predicate = (!icmp_ln783)> <Delay = 0.72> <CoreInst = "BinarySparseMux_DontCare">   --->   Core 149 'BinarySparseMux_DontCare' <Latency = 0> <II = 1> <Delay = 0.72> <FuncUnit> <Opcode : 'sparsemux'> <InPorts = 2> <OutPorts = 1>
ST_1 : Operation 64 [1/1] (0.67ns)   --->   "%switch_ln792 = switch i3 %trunc_ln783_2, void %arrayidx825.case.7, i3 0, void %arrayidx825.case.0, i3 1, void %arrayidx825.case.1, i3 2, void %arrayidx825.case.2, i3 3, void %arrayidx825.case.3, i3 4, void %arrayidx825.case.4, i3 5, void %arrayidx825.case.5, i3 6, void %fpga_resource_hint.for.inc826.433.arrayidx825.exit_crit_edge" [../src/riccati_solver_hls.cpp:792]   --->   Operation 64 'switch' 'switch_ln792' <Predicate = (!icmp_ln783)> <Delay = 0.67>
ST_1 : Operation 65 [1/1] (0.42ns)   --->   "%store_ln491 = store i4 %add_ln783, i4 %i" [../src/riccati_solver_hls.cpp:491]   --->   Operation 65 'store' 'store_ln491' <Predicate = (!icmp_ln783)> <Delay = 0.42>
ST_1 : Operation 66 [1/1] (0.00ns)   --->   "%br_ln783 = br void %for.inc826" [../src/riccati_solver_hls.cpp:783]   --->   Operation 66 'br' 'br_ln783' <Predicate = (!icmp_ln783)> <Delay = 0.00>

State 2 <SV = 1> <Delay = 2.67>
ST_2 : Operation 67 [1/2] ( I:0.67ns O:0.67ns )   --->   "%a = load i3 %P_addr" [../src/riccati_solver_hls.cpp:786]   --->   Operation 67 'load' 'a' <Predicate = (!icmp_ln783)> <Delay = 0.67> <CoreInst = "RAM_2P_LUTRAM">   --->   Core 92 'RAM_2P_LUTRAM' <Latency = 1> <II = 1> <Delay = 0.67> <Storage> <Opcode : 'load' 'store'> <Ports = 2> <Width = 27> <Depth = 8> <RAM>
ST_2 : Operation 68 [1/1] (0.00ns)   --->   "%sext_ln256_5 = sext i27 %a" [../src/fp_math_hls.cpp:256->../src/riccati_solver_hls.cpp:786]   --->   Operation 68 'sext' 'sext_ln256_5' <Predicate = (!icmp_ln783)> <Delay = 0.00>
ST_2 : Operation 69 [3/3] (1.99ns)   --->   "%mul_ln786 = mul i43 %sext_ln256_5, i43 %sext_ln256_cast" [../src/riccati_solver_hls.cpp:786]   --->   Operation 69 'mul' 'mul_ln786' <Predicate = (!icmp_ln783)> <Delay = 1.99> <CoreInst = "Mul_DSP">   --->   Core 5 'Mul_DSP' <Latency = 2> <II = 1> <Delay = 1.99> <FuncUnit> <Opcode : 'mul'> <InPorts = 2> <OutPorts = 1>
ST_2 : Operation 70 [1/2] ( I:0.67ns O:0.67ns )   --->   "%a_23 = load i3 %P_1_addr" [../src/riccati_solver_hls.cpp:787]   --->   Operation 70 'load' 'a_23' <Predicate = (!icmp_ln783)> <Delay = 0.67> <CoreInst = "RAM_2P_LUTRAM">   --->   Core 92 'RAM_2P_LUTRAM' <Latency = 1> <II = 1> <Delay = 0.67> <Storage> <Opcode : 'load' 'store'> <Ports = 2> <Width = 27> <Depth = 8> <RAM>
ST_2 : Operation 71 [1/1] (0.00ns)   --->   "%sext_ln256_6 = sext i27 %a_23" [../src/fp_math_hls.cpp:256->../src/riccati_solver_hls.cpp:787]   --->   Operation 71 'sext' 'sext_ln256_6' <Predicate = (!icmp_ln783)> <Delay = 0.00>
ST_2 : Operation 72 [3/3] (1.99ns)   --->   "%mul_ln787 = mul i43 %sext_ln256_6, i43 %sext_ln256_1_cast" [../src/riccati_solver_hls.cpp:787]   --->   Operation 72 'mul' 'mul_ln787' <Predicate = (!icmp_ln783)> <Delay = 1.99> <CoreInst = "Mul_DSP">   --->   Core 5 'Mul_DSP' <Latency = 2> <II = 1> <Delay = 1.99> <FuncUnit> <Opcode : 'mul'> <InPorts = 2> <OutPorts = 1>
ST_2 : Operation 73 [1/2] ( I:0.67ns O:0.67ns )   --->   "%a_24 = load i3 %P_2_addr" [../src/riccati_solver_hls.cpp:788]   --->   Operation 73 'load' 'a_24' <Predicate = (!icmp_ln783)> <Delay = 0.67> <CoreInst = "RAM_2P_LUTRAM">   --->   Core 92 'RAM_2P_LUTRAM' <Latency = 1> <II = 1> <Delay = 0.67> <Storage> <Opcode : 'load' 'store'> <Ports = 2> <Width = 27> <Depth = 8> <RAM>
ST_2 : Operation 74 [1/1] (0.00ns)   --->   "%sext_ln256_7 = sext i27 %a_24" [../src/fp_math_hls.cpp:256->../src/riccati_solver_hls.cpp:788]   --->   Operation 74 'sext' 'sext_ln256_7' <Predicate = (!icmp_ln783)> <Delay = 0.00>
ST_2 : Operation 75 [3/3] (1.99ns)   --->   "%mul_ln788 = mul i43 %sext_ln256_7, i43 %sext_ln256_2_cast" [../src/riccati_solver_hls.cpp:788]   --->   Operation 75 'mul' 'mul_ln788' <Predicate = (!icmp_ln783)> <Delay = 1.99> <CoreInst = "Mul_DSP">   --->   Core 5 'Mul_DSP' <Latency = 2> <II = 1> <Delay = 1.99> <FuncUnit> <Opcode : 'mul'> <InPorts = 2> <OutPorts = 1>
ST_2 : Operation 76 [1/2] ( I:0.67ns O:0.67ns )   --->   "%a_25 = load i3 %P_3_addr" [../src/riccati_solver_hls.cpp:789]   --->   Operation 76 'load' 'a_25' <Predicate = (!icmp_ln783)> <Delay = 0.67> <CoreInst = "RAM_2P_LUTRAM">   --->   Core 92 'RAM_2P_LUTRAM' <Latency = 1> <II = 1> <Delay = 0.67> <Storage> <Opcode : 'load' 'store'> <Ports = 2> <Width = 27> <Depth = 8> <RAM>
ST_2 : Operation 77 [1/1] (0.00ns)   --->   "%sext_ln256_8 = sext i27 %a_25" [../src/fp_math_hls.cpp:256->../src/riccati_solver_hls.cpp:789]   --->   Operation 77 'sext' 'sext_ln256_8' <Predicate = (!icmp_ln783)> <Delay = 0.00>
ST_2 : Operation 78 [3/3] (1.99ns)   --->   "%mul_ln789 = mul i43 %sext_ln256_8, i43 %sext_ln256_3_cast" [../src/riccati_solver_hls.cpp:789]   --->   Operation 78 'mul' 'mul_ln789' <Predicate = (!icmp_ln783)> <Delay = 1.99> <CoreInst = "Mul_DSP">   --->   Core 5 'Mul_DSP' <Latency = 2> <II = 1> <Delay = 1.99> <FuncUnit> <Opcode : 'mul'> <InPorts = 2> <OutPorts = 1>
ST_2 : Operation 79 [1/2] ( I:0.67ns O:0.67ns )   --->   "%a_26 = load i3 %P_4_addr" [../src/riccati_solver_hls.cpp:790]   --->   Operation 79 'load' 'a_26' <Predicate = (!icmp_ln783)> <Delay = 0.67> <CoreInst = "RAM_2P_LUTRAM">   --->   Core 92 'RAM_2P_LUTRAM' <Latency = 1> <II = 1> <Delay = 0.67> <Storage> <Opcode : 'load' 'store'> <Ports = 2> <Width = 27> <Depth = 8> <RAM>
ST_2 : Operation 80 [1/1] (0.00ns)   --->   "%sext_ln256_9 = sext i27 %a_26" [../src/fp_math_hls.cpp:256->../src/riccati_solver_hls.cpp:790]   --->   Operation 80 'sext' 'sext_ln256_9' <Predicate = (!icmp_ln783)> <Delay = 0.00>
ST_2 : Operation 81 [3/3] (1.99ns)   --->   "%mul_ln790 = mul i43 %sext_ln256_9, i43 %sext_ln256_4_cast" [../src/riccati_solver_hls.cpp:790]   --->   Operation 81 'mul' 'mul_ln790' <Predicate = (!icmp_ln783)> <Delay = 1.99> <CoreInst = "Mul_DSP">   --->   Core 5 'Mul_DSP' <Latency = 2> <II = 1> <Delay = 1.99> <FuncUnit> <Opcode : 'mul'> <InPorts = 2> <OutPorts = 1>
ST_2 : Operation 82 [1/2] ( I:0.67ns O:0.67ns )   --->   "%a_27 = load i3 %P_5_addr" [../src/riccati_solver_hls.cpp:791]   --->   Operation 82 'load' 'a_27' <Predicate = (!icmp_ln783)> <Delay = 0.67> <CoreInst = "RAM_2P_LUTRAM">   --->   Core 92 'RAM_2P_LUTRAM' <Latency = 1> <II = 1> <Delay = 0.67> <Storage> <Opcode : 'load' 'store'> <Ports = 2> <Width = 27> <Depth = 8> <RAM>
ST_2 : Operation 83 [1/1] (0.00ns)   --->   "%sext_ln256_10 = sext i27 %a_27" [../src/fp_math_hls.cpp:256->../src/riccati_solver_hls.cpp:791]   --->   Operation 83 'sext' 'sext_ln256_10' <Predicate = (!icmp_ln783)> <Delay = 0.00>
ST_2 : Operation 84 [3/3] (1.99ns)   --->   "%mul_ln791 = mul i43 %sext_ln256_10, i43 %sext_ln783_cast" [../src/riccati_solver_hls.cpp:791]   --->   Operation 84 'mul' 'mul_ln791' <Predicate = (!icmp_ln783)> <Delay = 1.99> <CoreInst = "Mul_DSP">   --->   Core 5 'Mul_DSP' <Latency = 2> <II = 1> <Delay = 1.99> <FuncUnit> <Opcode : 'mul'> <InPorts = 2> <OutPorts = 1>

State 3 <SV = 2> <Delay = 1.99>
ST_3 : Operation 85 [2/3] (1.99ns)   --->   "%mul_ln786 = mul i43 %sext_ln256_5, i43 %sext_ln256_cast" [../src/riccati_solver_hls.cpp:786]   --->   Operation 85 'mul' 'mul_ln786' <Predicate = (!icmp_ln783)> <Delay = 1.99> <CoreInst = "Mul_DSP">   --->   Core 5 'Mul_DSP' <Latency = 2> <II = 1> <Delay = 1.99> <FuncUnit> <Opcode : 'mul'> <InPorts = 2> <OutPorts = 1>
ST_3 : Operation 86 [2/3] (1.99ns)   --->   "%mul_ln787 = mul i43 %sext_ln256_6, i43 %sext_ln256_1_cast" [../src/riccati_solver_hls.cpp:787]   --->   Operation 86 'mul' 'mul_ln787' <Predicate = (!icmp_ln783)> <Delay = 1.99> <CoreInst = "Mul_DSP">   --->   Core 5 'Mul_DSP' <Latency = 2> <II = 1> <Delay = 1.99> <FuncUnit> <Opcode : 'mul'> <InPorts = 2> <OutPorts = 1>
ST_3 : Operation 87 [2/3] (1.99ns)   --->   "%mul_ln788 = mul i43 %sext_ln256_7, i43 %sext_ln256_2_cast" [../src/riccati_solver_hls.cpp:788]   --->   Operation 87 'mul' 'mul_ln788' <Predicate = (!icmp_ln783)> <Delay = 1.99> <CoreInst = "Mul_DSP">   --->   Core 5 'Mul_DSP' <Latency = 2> <II = 1> <Delay = 1.99> <FuncUnit> <Opcode : 'mul'> <InPorts = 2> <OutPorts = 1>
ST_3 : Operation 88 [2/3] (1.99ns)   --->   "%mul_ln789 = mul i43 %sext_ln256_8, i43 %sext_ln256_3_cast" [../src/riccati_solver_hls.cpp:789]   --->   Operation 88 'mul' 'mul_ln789' <Predicate = (!icmp_ln783)> <Delay = 1.99> <CoreInst = "Mul_DSP">   --->   Core 5 'Mul_DSP' <Latency = 2> <II = 1> <Delay = 1.99> <FuncUnit> <Opcode : 'mul'> <InPorts = 2> <OutPorts = 1>
ST_3 : Operation 89 [2/3] (1.99ns)   --->   "%mul_ln790 = mul i43 %sext_ln256_9, i43 %sext_ln256_4_cast" [../src/riccati_solver_hls.cpp:790]   --->   Operation 89 'mul' 'mul_ln790' <Predicate = (!icmp_ln783)> <Delay = 1.99> <CoreInst = "Mul_DSP">   --->   Core 5 'Mul_DSP' <Latency = 2> <II = 1> <Delay = 1.99> <FuncUnit> <Opcode : 'mul'> <InPorts = 2> <OutPorts = 1>
ST_3 : Operation 90 [2/3] (1.99ns)   --->   "%mul_ln791 = mul i43 %sext_ln256_10, i43 %sext_ln783_cast" [../src/riccati_solver_hls.cpp:791]   --->   Operation 90 'mul' 'mul_ln791' <Predicate = (!icmp_ln783)> <Delay = 1.99> <CoreInst = "Mul_DSP">   --->   Core 5 'Mul_DSP' <Latency = 2> <II = 1> <Delay = 1.99> <FuncUnit> <Opcode : 'mul'> <InPorts = 2> <OutPorts = 1>

State 4 <SV = 3> <Delay = 3.79>
ST_4 : Operation 91 [1/3] (1.99ns)   --->   "%mul_ln786 = mul i43 %sext_ln256_5, i43 %sext_ln256_cast" [../src/riccati_solver_hls.cpp:786]   --->   Operation 91 'mul' 'mul_ln786' <Predicate = (!icmp_ln783)> <Delay = 1.99> <CoreInst = "Mul_DSP">   --->   Core 5 'Mul_DSP' <Latency = 2> <II = 1> <Delay = 1.99> <FuncUnit> <Opcode : 'mul'> <InPorts = 2> <OutPorts = 1>
ST_4 : Operation 92 [1/1] (0.00ns)   --->   "%trunc_ln257 = trunc i43 %mul_ln786" [../src/fp_math_hls.cpp:257->../src/riccati_solver_hls.cpp:786]   --->   Operation 92 'trunc' 'trunc_ln257' <Predicate = (!icmp_ln783)> <Delay = 0.00>
ST_4 : Operation 93 [1/1] (0.00ns)   --->   "%specfucore_ln257 = specfucore void @_ssdm_op_SpecFUCore, i43 %mul_ln786, i64 12, i64 3, i64 2, i1 0" [../src/fp_math_hls.cpp:257->../src/riccati_solver_hls.cpp:786]   --->   Operation 93 'specfucore' 'specfucore_ln257' <Predicate = (!icmp_ln783)> <Delay = 0.00>
ST_4 : Operation 94 [1/3] (1.99ns)   --->   "%mul_ln787 = mul i43 %sext_ln256_6, i43 %sext_ln256_1_cast" [../src/riccati_solver_hls.cpp:787]   --->   Operation 94 'mul' 'mul_ln787' <Predicate = (!icmp_ln783)> <Delay = 1.99> <CoreInst = "Mul_DSP">   --->   Core 5 'Mul_DSP' <Latency = 2> <II = 1> <Delay = 1.99> <FuncUnit> <Opcode : 'mul'> <InPorts = 2> <OutPorts = 1>
ST_4 : Operation 95 [1/1] (0.00ns)   --->   "%trunc_ln257_30 = trunc i43 %mul_ln787" [../src/fp_math_hls.cpp:257->../src/riccati_solver_hls.cpp:787]   --->   Operation 95 'trunc' 'trunc_ln257_30' <Predicate = (!icmp_ln783)> <Delay = 0.00>
ST_4 : Operation 96 [1/1] (0.00ns)   --->   "%specfucore_ln257 = specfucore void @_ssdm_op_SpecFUCore, i43 %mul_ln787, i64 12, i64 3, i64 2, i1 0" [../src/fp_math_hls.cpp:257->../src/riccati_solver_hls.cpp:787]   --->   Operation 96 'specfucore' 'specfucore_ln257' <Predicate = (!icmp_ln783)> <Delay = 0.00>
ST_4 : Operation 97 [1/3] (1.99ns)   --->   "%mul_ln788 = mul i43 %sext_ln256_7, i43 %sext_ln256_2_cast" [../src/riccati_solver_hls.cpp:788]   --->   Operation 97 'mul' 'mul_ln788' <Predicate = (!icmp_ln783)> <Delay = 1.99> <CoreInst = "Mul_DSP">   --->   Core 5 'Mul_DSP' <Latency = 2> <II = 1> <Delay = 1.99> <FuncUnit> <Opcode : 'mul'> <InPorts = 2> <OutPorts = 1>
ST_4 : Operation 98 [1/1] (0.00ns)   --->   "%trunc_ln257_31 = trunc i43 %mul_ln788" [../src/fp_math_hls.cpp:257->../src/riccati_solver_hls.cpp:788]   --->   Operation 98 'trunc' 'trunc_ln257_31' <Predicate = (!icmp_ln783)> <Delay = 0.00>
ST_4 : Operation 99 [1/1] (0.00ns)   --->   "%specfucore_ln257 = specfucore void @_ssdm_op_SpecFUCore, i43 %mul_ln788, i64 12, i64 3, i64 2, i1 0" [../src/fp_math_hls.cpp:257->../src/riccati_solver_hls.cpp:788]   --->   Operation 99 'specfucore' 'specfucore_ln257' <Predicate = (!icmp_ln783)> <Delay = 0.00>
ST_4 : Operation 100 [1/3] (1.99ns)   --->   "%mul_ln789 = mul i43 %sext_ln256_8, i43 %sext_ln256_3_cast" [../src/riccati_solver_hls.cpp:789]   --->   Operation 100 'mul' 'mul_ln789' <Predicate = (!icmp_ln783)> <Delay = 1.99> <CoreInst = "Mul_DSP">   --->   Core 5 'Mul_DSP' <Latency = 2> <II = 1> <Delay = 1.99> <FuncUnit> <Opcode : 'mul'> <InPorts = 2> <OutPorts = 1>
ST_4 : Operation 101 [1/1] (0.00ns)   --->   "%trunc_ln257_32 = trunc i43 %mul_ln789" [../src/fp_math_hls.cpp:257->../src/riccati_solver_hls.cpp:789]   --->   Operation 101 'trunc' 'trunc_ln257_32' <Predicate = (!icmp_ln783)> <Delay = 0.00>
ST_4 : Operation 102 [1/1] (0.00ns)   --->   "%specfucore_ln257 = specfucore void @_ssdm_op_SpecFUCore, i43 %mul_ln789, i64 12, i64 3, i64 2, i1 0" [../src/fp_math_hls.cpp:257->../src/riccati_solver_hls.cpp:789]   --->   Operation 102 'specfucore' 'specfucore_ln257' <Predicate = (!icmp_ln783)> <Delay = 0.00>
ST_4 : Operation 103 [1/3] (1.99ns)   --->   "%mul_ln790 = mul i43 %sext_ln256_9, i43 %sext_ln256_4_cast" [../src/riccati_solver_hls.cpp:790]   --->   Operation 103 'mul' 'mul_ln790' <Predicate = (!icmp_ln783)> <Delay = 1.99> <CoreInst = "Mul_DSP">   --->   Core 5 'Mul_DSP' <Latency = 2> <II = 1> <Delay = 1.99> <FuncUnit> <Opcode : 'mul'> <InPorts = 2> <OutPorts = 1>
ST_4 : Operation 104 [1/1] (0.00ns)   --->   "%trunc_ln257_33 = trunc i43 %mul_ln790" [../src/fp_math_hls.cpp:257->../src/riccati_solver_hls.cpp:790]   --->   Operation 104 'trunc' 'trunc_ln257_33' <Predicate = (!icmp_ln783)> <Delay = 0.00>
ST_4 : Operation 105 [1/1] (0.00ns)   --->   "%specfucore_ln257 = specfucore void @_ssdm_op_SpecFUCore, i43 %mul_ln790, i64 12, i64 3, i64 2, i1 0" [../src/fp_math_hls.cpp:257->../src/riccati_solver_hls.cpp:790]   --->   Operation 105 'specfucore' 'specfucore_ln257' <Predicate = (!icmp_ln783)> <Delay = 0.00>
ST_4 : Operation 106 [1/3] (1.99ns)   --->   "%mul_ln791 = mul i43 %sext_ln256_10, i43 %sext_ln783_cast" [../src/riccati_solver_hls.cpp:791]   --->   Operation 106 'mul' 'mul_ln791' <Predicate = (!icmp_ln783)> <Delay = 1.99> <CoreInst = "Mul_DSP">   --->   Core 5 'Mul_DSP' <Latency = 2> <II = 1> <Delay = 1.99> <FuncUnit> <Opcode : 'mul'> <InPorts = 2> <OutPorts = 1>
ST_4 : Operation 107 [1/1] (0.00ns)   --->   "%trunc_ln257_34 = trunc i43 %mul_ln791" [../src/fp_math_hls.cpp:257->../src/riccati_solver_hls.cpp:791]   --->   Operation 107 'trunc' 'trunc_ln257_34' <Predicate = (!icmp_ln783)> <Delay = 0.00>
ST_4 : Operation 108 [1/1] (0.00ns)   --->   "%specfucore_ln257 = specfucore void @_ssdm_op_SpecFUCore, i43 %mul_ln791, i64 12, i64 3, i64 2, i1 0" [../src/fp_math_hls.cpp:257->../src/riccati_solver_hls.cpp:791]   --->   Operation 108 'specfucore' 'specfucore_ln257' <Predicate = (!icmp_ln783)> <Delay = 0.00>
ST_4 : Operation 109 [1/1] (1.79ns)   --->   "%pd_sum = call i41 @sum6_P_QP_raw, i41 %trunc_ln257, i41 %trunc_ln257_30, i41 %trunc_ln257_31, i41 %trunc_ln257_32, i41 %trunc_ln257_33, i41 %trunc_ln257_34" [../src/riccati_solver_hls.cpp:785]   --->   Operation 109 'call' 'pd_sum' <Predicate = (!icmp_ln783)> <Delay = 1.79> <CoreType = "Generic">   --->   Generic Core
ST_4 : Operation 110 [1/1] (0.00ns)   --->   "%trunc_ln182_6 = partselect i27 @_ssdm_op_PartSelect.i27.i41.i32.i32, i41 %pd_sum, i32 14, i32 40" [include/fp_math_hls.h:182->../src/riccati_solver_hls.cpp:794]   --->   Operation 110 'partselect' 'trunc_ln182_6' <Predicate = (!icmp_ln783)> <Delay = 0.00>

State 5 <SV = 4> <Delay = 0.96>
ST_5 : Operation 111 [1/1] (0.00ns)   --->   "%p_shift_9 = load i27 %p_shift" [../src/riccati_solver_hls.cpp:783]   --->   Operation 111 'load' 'p_shift_9' <Predicate = true> <Delay = 0.00>
ST_5 : Operation 112 [1/1] (0.00ns)   --->   "%p_shift_10 = load i27 %p_shift_1" [../src/riccati_solver_hls.cpp:783]   --->   Operation 112 'load' 'p_shift_10' <Predicate = true> <Delay = 0.00>
ST_5 : Operation 113 [1/1] (0.00ns)   --->   "%trunc_ln783 = trunc i27 %p_shift_9" [../src/riccati_solver_hls.cpp:783]   --->   Operation 113 'trunc' 'trunc_ln783' <Predicate = true> <Delay = 0.00>
ST_5 : Operation 114 [1/1] (0.00ns)   --->   "%trunc_ln783_1 = trunc i27 %p_shift_10" [../src/riccati_solver_hls.cpp:783]   --->   Operation 114 'trunc' 'trunc_ln783_1' <Predicate = true> <Delay = 0.00>
ST_5 : Operation 115 [1/1] (0.00ns)   --->   "%specpipeline_ln784 = specpipeline void @_ssdm_op_SpecPipeline, i32 1, i32 0, i32 0, i32 0, i32 4294967295, void @empty_524" [../src/riccati_solver_hls.cpp:784]   --->   Operation 115 'specpipeline' 'specpipeline_ln784' <Predicate = (!icmp_ln783)> <Delay = 0.00>
ST_5 : Operation 116 [1/1] (0.00ns)   --->   "%speclooptripcount_ln781 = speclooptripcount void @_ssdm_op_SpecLoopTripCount, i64 8, i64 8, i64 8" [../src/riccati_solver_hls.cpp:781]   --->   Operation 116 'speclooptripcount' 'speclooptripcount_ln781' <Predicate = (!icmp_ln783)> <Delay = 0.00>
ST_5 : Operation 117 [1/1] (0.00ns)   --->   "%specloopname_ln783 = specloopname void @_ssdm_op_SpecLoopName, void @empty_555" [../src/riccati_solver_hls.cpp:783]   --->   Operation 117 'specloopname' 'specloopname_ln783' <Predicate = (!icmp_ln783)> <Delay = 0.00>
ST_5 : Operation 118 [1/1] (0.00ns)   --->   "%rbegin = specregionbegin i32 @_ssdm_op_SpecRegionBegin, void @empty_553" [../src/fp_math_hls.cpp:256->../src/riccati_solver_hls.cpp:786]   --->   Operation 118 'specregionbegin' 'rbegin' <Predicate = (!icmp_ln783)> <Delay = 0.00>
ST_5 : Operation 119 [1/1] (0.00ns)   --->   "%rend680 = specregionend i32 @_ssdm_op_SpecRegionEnd, void @empty_553, i32 %rbegin" [../src/fp_math_hls.cpp:256->../src/riccati_solver_hls.cpp:786]   --->   Operation 119 'specregionend' 'rend680' <Predicate = (!icmp_ln783)> <Delay = 0.00>
ST_5 : Operation 120 [1/1] (0.00ns)   --->   "%rbegin45 = specregionbegin i32 @_ssdm_op_SpecRegionBegin, void @empty_443" [../src/fp_math_hls.cpp:256->../src/riccati_solver_hls.cpp:787]   --->   Operation 120 'specregionbegin' 'rbegin45' <Predicate = (!icmp_ln783)> <Delay = 0.00>
ST_5 : Operation 121 [1/1] (0.00ns)   --->   "%rend678 = specregionend i32 @_ssdm_op_SpecRegionEnd, void @empty_443, i32 %rbegin45" [../src/fp_math_hls.cpp:256->../src/riccati_solver_hls.cpp:787]   --->   Operation 121 'specregionend' 'rend678' <Predicate = (!icmp_ln783)> <Delay = 0.00>
ST_5 : Operation 122 [1/1] (0.00ns)   --->   "%rbegin46 = specregionbegin i32 @_ssdm_op_SpecRegionBegin, void @empty_424" [../src/fp_math_hls.cpp:256->../src/riccati_solver_hls.cpp:788]   --->   Operation 122 'specregionbegin' 'rbegin46' <Predicate = (!icmp_ln783)> <Delay = 0.00>
ST_5 : Operation 123 [1/1] (0.00ns)   --->   "%rend676 = specregionend i32 @_ssdm_op_SpecRegionEnd, void @empty_424, i32 %rbegin46" [../src/fp_math_hls.cpp:256->../src/riccati_solver_hls.cpp:788]   --->   Operation 123 'specregionend' 'rend676' <Predicate = (!icmp_ln783)> <Delay = 0.00>
ST_5 : Operation 124 [1/1] (0.00ns)   --->   "%rbegin47 = specregionbegin i32 @_ssdm_op_SpecRegionBegin, void @empty_423" [../src/fp_math_hls.cpp:256->../src/riccati_solver_hls.cpp:789]   --->   Operation 124 'specregionbegin' 'rbegin47' <Predicate = (!icmp_ln783)> <Delay = 0.00>
ST_5 : Operation 125 [1/1] (0.00ns)   --->   "%rend674 = specregionend i32 @_ssdm_op_SpecRegionEnd, void @empty_423, i32 %rbegin47" [../src/fp_math_hls.cpp:256->../src/riccati_solver_hls.cpp:789]   --->   Operation 125 'specregionend' 'rend674' <Predicate = (!icmp_ln783)> <Delay = 0.00>
ST_5 : Operation 126 [1/1] (0.00ns)   --->   "%rbegin48 = specregionbegin i32 @_ssdm_op_SpecRegionBegin, void @empty_422" [../src/fp_math_hls.cpp:256->../src/riccati_solver_hls.cpp:790]   --->   Operation 126 'specregionbegin' 'rbegin48' <Predicate = (!icmp_ln783)> <Delay = 0.00>
ST_5 : Operation 127 [1/1] (0.00ns)   --->   "%rend672 = specregionend i32 @_ssdm_op_SpecRegionEnd, void @empty_422, i32 %rbegin48" [../src/fp_math_hls.cpp:256->../src/riccati_solver_hls.cpp:790]   --->   Operation 127 'specregionend' 'rend672' <Predicate = (!icmp_ln783)> <Delay = 0.00>
ST_5 : Operation 128 [1/1] (0.00ns)   --->   "%rbegin49 = specregionbegin i32 @_ssdm_op_SpecRegionBegin, void @empty_313" [../src/fp_math_hls.cpp:256->../src/riccati_solver_hls.cpp:791]   --->   Operation 128 'specregionbegin' 'rbegin49' <Predicate = (!icmp_ln783)> <Delay = 0.00>
ST_5 : Operation 129 [1/1] (0.00ns)   --->   "%rend670 = specregionend i32 @_ssdm_op_SpecRegionEnd, void @empty_313, i32 %rbegin49" [../src/fp_math_hls.cpp:256->../src/riccati_solver_hls.cpp:791]   --->   Operation 129 'specregionend' 'rend670' <Predicate = (!icmp_ln783)> <Delay = 0.00>
ST_5 : Operation 130 [1/1] (0.96ns)   --->   "%p_shift_11 = add i27 %trunc_ln182_6, i27 %tmp_s" [../src/riccati_solver_hls.cpp:792]   --->   Operation 130 'add' 'p_shift_11' <Predicate = (!icmp_ln783)> <Delay = 0.96> <CoreInst = "Adder">   --->   Core 1 'Adder' <Latency = 0> <II = 1> <Delay = 0.96> <FuncUnit> <Opcode : 'add' 'sub'> <InPorts = 2> <OutPorts = 1>
ST_5 : Operation 131 [1/1] (0.00ns)   --->   "%store_ln781 = store i27 %p_shift_11, i27 %p_shift_1" [../src/riccati_solver_hls.cpp:781]   --->   Operation 131 'store' 'store_ln781' <Predicate = (!icmp_ln783 & trunc_ln783_2 == 6)> <Delay = 0.00>
ST_5 : Operation 132 [1/1] (0.00ns)   --->   "%br_ln792 = br void %arrayidx825.exit" [../src/riccati_solver_hls.cpp:792]   --->   Operation 132 'br' 'br_ln792' <Predicate = (!icmp_ln783 & trunc_ln783_2 == 6)> <Delay = 0.00>
ST_5 : Operation 133 [1/1] (0.00ns)   --->   "%store_ln781 = store i27 %p_shift_11, i27 %p_shift_2" [../src/riccati_solver_hls.cpp:781]   --->   Operation 133 'store' 'store_ln781' <Predicate = (!icmp_ln783 & trunc_ln783_2 == 5)> <Delay = 0.00>
ST_5 : Operation 134 [1/1] (0.00ns)   --->   "%br_ln792 = br void %arrayidx825.exit" [../src/riccati_solver_hls.cpp:792]   --->   Operation 134 'br' 'br_ln792' <Predicate = (!icmp_ln783 & trunc_ln783_2 == 5)> <Delay = 0.00>
ST_5 : Operation 135 [1/1] (0.00ns)   --->   "%store_ln781 = store i27 %p_shift_11, i27 %p_shift_3" [../src/riccati_solver_hls.cpp:781]   --->   Operation 135 'store' 'store_ln781' <Predicate = (!icmp_ln783 & trunc_ln783_2 == 4)> <Delay = 0.00>
ST_5 : Operation 136 [1/1] (0.00ns)   --->   "%br_ln792 = br void %arrayidx825.exit" [../src/riccati_solver_hls.cpp:792]   --->   Operation 136 'br' 'br_ln792' <Predicate = (!icmp_ln783 & trunc_ln783_2 == 4)> <Delay = 0.00>
ST_5 : Operation 137 [1/1] (0.00ns)   --->   "%store_ln781 = store i27 %p_shift_11, i27 %p_shift_4" [../src/riccati_solver_hls.cpp:781]   --->   Operation 137 'store' 'store_ln781' <Predicate = (!icmp_ln783 & trunc_ln783_2 == 3)> <Delay = 0.00>
ST_5 : Operation 138 [1/1] (0.00ns)   --->   "%br_ln792 = br void %arrayidx825.exit" [../src/riccati_solver_hls.cpp:792]   --->   Operation 138 'br' 'br_ln792' <Predicate = (!icmp_ln783 & trunc_ln783_2 == 3)> <Delay = 0.00>
ST_5 : Operation 139 [1/1] (0.00ns)   --->   "%store_ln781 = store i27 %p_shift_11, i27 %p_shift_5" [../src/riccati_solver_hls.cpp:781]   --->   Operation 139 'store' 'store_ln781' <Predicate = (!icmp_ln783 & trunc_ln783_2 == 2)> <Delay = 0.00>
ST_5 : Operation 140 [1/1] (0.00ns)   --->   "%br_ln792 = br void %arrayidx825.exit" [../src/riccati_solver_hls.cpp:792]   --->   Operation 140 'br' 'br_ln792' <Predicate = (!icmp_ln783 & trunc_ln783_2 == 2)> <Delay = 0.00>
ST_5 : Operation 141 [1/1] (0.00ns)   --->   "%store_ln781 = store i27 %p_shift_11, i27 %p_shift_6" [../src/riccati_solver_hls.cpp:781]   --->   Operation 141 'store' 'store_ln781' <Predicate = (!icmp_ln783 & trunc_ln783_2 == 1)> <Delay = 0.00>
ST_5 : Operation 142 [1/1] (0.00ns)   --->   "%br_ln792 = br void %arrayidx825.exit" [../src/riccati_solver_hls.cpp:792]   --->   Operation 142 'br' 'br_ln792' <Predicate = (!icmp_ln783 & trunc_ln783_2 == 1)> <Delay = 0.00>
ST_5 : Operation 143 [1/1] (0.00ns)   --->   "%store_ln781 = store i27 %p_shift_11, i27 %p_shift_7" [../src/riccati_solver_hls.cpp:781]   --->   Operation 143 'store' 'store_ln781' <Predicate = (!icmp_ln783 & trunc_ln783_2 == 0)> <Delay = 0.00>
ST_5 : Operation 144 [1/1] (0.00ns)   --->   "%br_ln792 = br void %arrayidx825.exit" [../src/riccati_solver_hls.cpp:792]   --->   Operation 144 'br' 'br_ln792' <Predicate = (!icmp_ln783 & trunc_ln783_2 == 0)> <Delay = 0.00>
ST_5 : Operation 145 [1/1] (0.00ns)   --->   "%store_ln781 = store i27 %p_shift_11, i27 %p_shift" [../src/riccati_solver_hls.cpp:781]   --->   Operation 145 'store' 'store_ln781' <Predicate = (!icmp_ln783 & trunc_ln783_2 == 7)> <Delay = 0.00>
ST_5 : Operation 146 [1/1] (0.00ns)   --->   "%br_ln792 = br void %arrayidx825.exit" [../src/riccati_solver_hls.cpp:792]   --->   Operation 146 'br' 'br_ln792' <Predicate = (!icmp_ln783 & trunc_ln783_2 == 7)> <Delay = 0.00>
ST_5 : Operation 147 [1/1] (0.00ns)   --->   "%p_shift_2_load = load i27 %p_shift_2"   --->   Operation 147 'load' 'p_shift_2_load' <Predicate = (icmp_ln783)> <Delay = 0.00>
ST_5 : Operation 148 [1/1] (0.00ns)   --->   "%p_shift_3_load = load i27 %p_shift_3"   --->   Operation 148 'load' 'p_shift_3_load' <Predicate = (icmp_ln783)> <Delay = 0.00>
ST_5 : Operation 149 [1/1] (0.00ns)   --->   "%p_shift_4_load = load i27 %p_shift_4"   --->   Operation 149 'load' 'p_shift_4_load' <Predicate = (icmp_ln783)> <Delay = 0.00>
ST_5 : Operation 150 [1/1] (0.00ns)   --->   "%p_shift_5_load = load i27 %p_shift_5"   --->   Operation 150 'load' 'p_shift_5_load' <Predicate = (icmp_ln783)> <Delay = 0.00>
ST_5 : Operation 151 [1/1] (0.00ns)   --->   "%p_shift_6_load = load i27 %p_shift_6"   --->   Operation 151 'load' 'p_shift_6_load' <Predicate = (icmp_ln783)> <Delay = 0.00>
ST_5 : Operation 152 [1/1] (0.00ns)   --->   "%p_shift_7_load = load i27 %p_shift_7"   --->   Operation 152 'load' 'p_shift_7_load' <Predicate = (icmp_ln783)> <Delay = 0.00>
ST_5 : Operation 153 [1/1] (0.00ns)   --->   "%write_ln0 = write void @_ssdm_op_Write.ap_auto.i27P0A, i27 %p_shift_7_out, i27 %p_shift_7_load"   --->   Operation 153 'write' 'write_ln0' <Predicate = (icmp_ln783)> <Delay = 0.00>
ST_5 : Operation 154 [1/1] (0.00ns)   --->   "%write_ln0 = write void @_ssdm_op_Write.ap_auto.i27P0A, i27 %p_shift_6_out, i27 %p_shift_6_load"   --->   Operation 154 'write' 'write_ln0' <Predicate = (icmp_ln783)> <Delay = 0.00>
ST_5 : Operation 155 [1/1] (0.00ns)   --->   "%write_ln0 = write void @_ssdm_op_Write.ap_auto.i27P0A, i27 %p_shift_5_out, i27 %p_shift_5_load"   --->   Operation 155 'write' 'write_ln0' <Predicate = (icmp_ln783)> <Delay = 0.00>
ST_5 : Operation 156 [1/1] (0.00ns)   --->   "%write_ln0 = write void @_ssdm_op_Write.ap_auto.i27P0A, i27 %p_shift_4_out, i27 %p_shift_4_load"   --->   Operation 156 'write' 'write_ln0' <Predicate = (icmp_ln783)> <Delay = 0.00>
ST_5 : Operation 157 [1/1] (0.00ns)   --->   "%write_ln0 = write void @_ssdm_op_Write.ap_auto.i27P0A, i27 %p_shift_3_out, i27 %p_shift_3_load"   --->   Operation 157 'write' 'write_ln0' <Predicate = (icmp_ln783)> <Delay = 0.00>
ST_5 : Operation 158 [1/1] (0.00ns)   --->   "%write_ln0 = write void @_ssdm_op_Write.ap_auto.i27P0A, i27 %p_shift_2_out, i27 %p_shift_2_load"   --->   Operation 158 'write' 'write_ln0' <Predicate = (icmp_ln783)> <Delay = 0.00>
ST_5 : Operation 159 [1/1] (0.00ns)   --->   "%write_ln783 = write void @_ssdm_op_Write.ap_auto.i21P0A, i21 %p_shift_1_out, i21 %trunc_ln783_1" [../src/riccati_solver_hls.cpp:783]   --->   Operation 159 'write' 'write_ln783' <Predicate = (icmp_ln783)> <Delay = 0.00>
ST_5 : Operation 160 [1/1] (0.00ns)   --->   "%write_ln783 = write void @_ssdm_op_Write.ap_auto.i21P0A, i21 %p_shift_out, i21 %trunc_ln783" [../src/riccati_solver_hls.cpp:783]   --->   Operation 160 'write' 'write_ln783' <Predicate = (icmp_ln783)> <Delay = 0.00>
ST_5 : Operation 161 [1/1] (0.42ns)   --->   "%ret_ln0 = ret"   --->   Operation 161 'ret' 'ret_ln0' <Predicate = (icmp_ln783)> <Delay = 0.42>


============================================================
+ Verbose Summary: Binding
============================================================
STG Binding: 
---------------- STG Properties BEGIN ----------------
- Is combinational: 0
- Is one-state seq: 0
- Is datapath-only: 0
- Is pipelined: 0
- Is top level: 0
Port [ Return ] is wired: 1; IO mode=ap_ctrl_hs:ce=0
Port [ P]:  wired=1; compound=1; hidden=0; nouse=0; global=0; static=0; extern=0; dir=0; type=1; pingpong=0; private_global=0; MemPort=[13]; IO mode=ap_memory:ce=0
Port [ sext_ln256]:  wired=1; compound=0; hidden=0; nouse=0; global=0; static=0; extern=0; dir=0; type=0; pingpong=0; private_global=0; IO mode=ap_none:ce=0
Port [ P_1]:  wired=1; compound=1; hidden=0; nouse=0; global=0; static=0; extern=0; dir=0; type=1; pingpong=0; private_global=0; MemPort=[13]; IO mode=ap_memory:ce=0
Port [ sext_ln256_1]:  wired=1; compound=0; hidden=0; nouse=0; global=0; static=0; extern=0; dir=0; type=0; pingpong=0; private_global=0; IO mode=ap_none:ce=0
Port [ P_2]:  wired=1; compound=1; hidden=0; nouse=0; global=0; static=0; extern=0; dir=0; type=1; pingpong=0; private_global=0; MemPort=[13]; IO mode=ap_memory:ce=0
Port [ sext_ln256_2]:  wired=1; compound=0; hidden=0; nouse=0; global=0; static=0; extern=0; dir=0; type=0; pingpong=0; private_global=0; IO mode=ap_none:ce=0
Port [ P_3]:  wired=1; compound=1; hidden=0; nouse=0; global=0; static=0; extern=0; dir=0; type=1; pingpong=0; private_global=0; MemPort=[13]; IO mode=ap_memory:ce=0
Port [ sext_ln256_3]:  wired=1; compound=0; hidden=0; nouse=0; global=0; static=0; extern=0; dir=0; type=0; pingpong=0; private_global=0; IO mode=ap_none:ce=0
Port [ P_4]:  wired=1; compound=1; hidden=0; nouse=0; global=0; static=0; extern=0; dir=0; type=1; pingpong=0; private_global=0; MemPort=[13]; IO mode=ap_memory:ce=0
Port [ sext_ln256_4]:  wired=1; compound=0; hidden=0; nouse=0; global=0; static=0; extern=0; dir=0; type=0; pingpong=0; private_global=0; IO mode=ap_none:ce=0
Port [ P_5]:  wired=1; compound=1; hidden=0; nouse=0; global=0; static=0; extern=0; dir=0; type=1; pingpong=0; private_global=0; MemPort=[13]; IO mode=ap_memory:ce=0
Port [ sext_ln783]:  wired=1; compound=0; hidden=0; nouse=0; global=0; static=0; extern=0; dir=0; type=0; pingpong=0; private_global=0; IO mode=ap_none:ce=0
Port [ p_6]:  wired=1; compound=0; hidden=0; nouse=0; global=0; static=0; extern=0; dir=0; type=0; pingpong=0; private_global=0; IO mode=ap_none:ce=0
Port [ p_7]:  wired=1; compound=0; hidden=0; nouse=0; global=0; static=0; extern=0; dir=0; type=0; pingpong=0; private_global=0; IO mode=ap_none:ce=0
Port [ p_8]:  wired=1; compound=0; hidden=0; nouse=0; global=0; static=0; extern=0; dir=0; type=0; pingpong=0; private_global=0; IO mode=ap_none:ce=0
Port [ p_9]:  wired=1; compound=0; hidden=0; nouse=0; global=0; static=0; extern=0; dir=0; type=0; pingpong=0; private_global=0; IO mode=ap_none:ce=0
Port [ p_10]:  wired=1; compound=0; hidden=0; nouse=0; global=0; static=0; extern=0; dir=0; type=0; pingpong=0; private_global=0; IO mode=ap_none:ce=0
Port [ p_11]:  wired=1; compound=0; hidden=0; nouse=0; global=0; static=0; extern=0; dir=0; type=0; pingpong=0; private_global=0; IO mode=ap_none:ce=0
Port [ p_12]:  wired=1; compound=0; hidden=0; nouse=0; global=0; static=0; extern=0; dir=0; type=0; pingpong=0; private_global=0; IO mode=ap_none:ce=0
Port [ p_13]:  wired=1; compound=0; hidden=0; nouse=0; global=0; static=0; extern=0; dir=0; type=0; pingpong=0; private_global=0; IO mode=ap_none:ce=0
Port [ p_shift_7_out]:  wired=1; compound=0; hidden=0; nouse=0; global=0; static=0; extern=0; dir=1; type=0; pingpong=0; private_global=0; IO mode=ap_vld:ce=0
Port [ p_shift_6_out]:  wired=1; compound=0; hidden=0; nouse=0; global=0; static=0; extern=0; dir=1; type=0; pingpong=0; private_global=0; IO mode=ap_vld:ce=0
Port [ p_shift_5_out]:  wired=1; compound=0; hidden=0; nouse=0; global=0; static=0; extern=0; dir=1; type=0; pingpong=0; private_global=0; IO mode=ap_vld:ce=0
Port [ p_shift_4_out]:  wired=1; compound=0; hidden=0; nouse=0; global=0; static=0; extern=0; dir=1; type=0; pingpong=0; private_global=0; IO mode=ap_vld:ce=0
Port [ p_shift_3_out]:  wired=1; compound=0; hidden=0; nouse=0; global=0; static=0; extern=0; dir=1; type=0; pingpong=0; private_global=0; IO mode=ap_vld:ce=0
Port [ p_shift_2_out]:  wired=1; compound=0; hidden=0; nouse=0; global=0; static=0; extern=0; dir=1; type=0; pingpong=0; private_global=0; IO mode=ap_vld:ce=0
Port [ p_shift_1_out]:  wired=1; compound=0; hidden=0; nouse=0; global=0; static=0; extern=0; dir=1; type=0; pingpong=0; private_global=0; IO mode=ap_vld:ce=0
Port [ p_shift_out]:  wired=1; compound=0; hidden=0; nouse=0; global=0; static=0; extern=0; dir=1; type=0; pingpong=0; private_global=0; IO mode=ap_vld:ce=0
---------------- STG Properties END ------------------

---------------- Datapath Model BEGIN ----------------

<LifeTime>
<method=bitvector/>
i                       (alloca           ) [ 010000]
p_shift                 (alloca           ) [ 011111]
p_shift_1               (alloca           ) [ 011111]
p_shift_2               (alloca           ) [ 011111]
p_shift_3               (alloca           ) [ 011111]
p_shift_4               (alloca           ) [ 011111]
p_shift_5               (alloca           ) [ 011111]
p_shift_6               (alloca           ) [ 011111]
p_shift_7               (alloca           ) [ 011111]
p_13_read               (read             ) [ 000000]
p_12_read               (read             ) [ 000000]
p_11_read               (read             ) [ 000000]
p_10_read               (read             ) [ 000000]
p_9_read                (read             ) [ 000000]
p_8_read                (read             ) [ 000000]
p_7_read                (read             ) [ 000000]
p_6_read                (read             ) [ 000000]
sext_ln783_read         (read             ) [ 000000]
sext_ln256_4_read       (read             ) [ 000000]
sext_ln256_3_read       (read             ) [ 000000]
sext_ln256_2_read       (read             ) [ 000000]
sext_ln256_1_read       (read             ) [ 000000]
sext_ln256_read         (read             ) [ 000000]
sext_ln783_cast         (sext             ) [ 011110]
sext_ln256_4_cast       (sext             ) [ 011110]
sext_ln256_3_cast       (sext             ) [ 011110]
sext_ln256_2_cast       (sext             ) [ 011110]
sext_ln256_1_cast       (sext             ) [ 011110]
sext_ln256_cast         (sext             ) [ 011110]
specmemcore_ln0         (specmemcore      ) [ 000000]
specmemcore_ln0         (specmemcore      ) [ 000000]
specmemcore_ln0         (specmemcore      ) [ 000000]
specmemcore_ln0         (specmemcore      ) [ 000000]
specmemcore_ln0         (specmemcore      ) [ 000000]
specmemcore_ln0         (specmemcore      ) [ 000000]
store_ln491             (store            ) [ 000000]
br_ln0                  (br               ) [ 000000]
i_2                     (load             ) [ 000000]
icmp_ln783              (icmp             ) [ 011111]
add_ln783               (add              ) [ 000000]
br_ln783                (br               ) [ 000000]
zext_ln783              (zext             ) [ 000000]
trunc_ln783_2           (trunc            ) [ 011111]
P_addr                  (getelementptr    ) [ 011000]
P_1_addr                (getelementptr    ) [ 011000]
P_2_addr                (getelementptr    ) [ 011000]
P_3_addr                (getelementptr    ) [ 011000]
P_4_addr                (getelementptr    ) [ 011000]
P_5_addr                (getelementptr    ) [ 011000]
tmp_s                   (sparsemux        ) [ 011111]
switch_ln792            (switch           ) [ 000000]
store_ln491             (store            ) [ 000000]
br_ln783                (br               ) [ 000000]
a                       (load             ) [ 000000]
sext_ln256_5            (sext             ) [ 010110]
a_23                    (load             ) [ 000000]
sext_ln256_6            (sext             ) [ 010110]
a_24                    (load             ) [ 000000]
sext_ln256_7            (sext             ) [ 010110]
a_25                    (load             ) [ 000000]
sext_ln256_8            (sext             ) [ 010110]
a_26                    (load             ) [ 000000]
sext_ln256_9            (sext             ) [ 010110]
a_27                    (load             ) [ 000000]
sext_ln256_10           (sext             ) [ 010110]
mul_ln786               (mul              ) [ 000000]
trunc_ln257             (trunc            ) [ 000000]
specfucore_ln257        (specfucore       ) [ 000000]
mul_ln787               (mul              ) [ 000000]
trunc_ln257_30          (trunc            ) [ 000000]
specfucore_ln257        (specfucore       ) [ 000000]
mul_ln788               (mul              ) [ 000000]
trunc_ln257_31          (trunc            ) [ 000000]
specfucore_ln257        (specfucore       ) [ 000000]
mul_ln789               (mul              ) [ 000000]
trunc_ln257_32          (trunc            ) [ 000000]
specfucore_ln257        (specfucore       ) [ 000000]
mul_ln790               (mul              ) [ 000000]
trunc_ln257_33          (trunc            ) [ 000000]
specfucore_ln257        (specfucore       ) [ 000000]
mul_ln791               (mul              ) [ 000000]
trunc_ln257_34          (trunc            ) [ 000000]
specfucore_ln257        (specfucore       ) [ 000000]
pd_sum                  (call             ) [ 000000]
trunc_ln182_6           (partselect       ) [ 010001]
p_shift_9               (load             ) [ 000000]
p_shift_10              (load             ) [ 000000]
trunc_ln783             (trunc            ) [ 000000]
trunc_ln783_1           (trunc            ) [ 000000]
specpipeline_ln784      (specpipeline     ) [ 000000]
speclooptripcount_ln781 (speclooptripcount) [ 000000]
specloopname_ln783      (specloopname     ) [ 000000]
rbegin                  (specregionbegin  ) [ 000000]
rend680                 (specregionend    ) [ 000000]
rbegin45                (specregionbegin  ) [ 000000]
rend678                 (specregionend    ) [ 000000]
rbegin46                (specregionbegin  ) [ 000000]
rend676                 (specregionend    ) [ 000000]
rbegin47                (specregionbegin  ) [ 000000]
rend674                 (specregionend    ) [ 000000]
rbegin48                (specregionbegin  ) [ 000000]
rend672                 (specregionend    ) [ 000000]
rbegin49                (specregionbegin  ) [ 000000]
rend670                 (specregionend    ) [ 000000]
p_shift_11              (add              ) [ 000000]
store_ln781             (store            ) [ 000000]
br_ln792                (br               ) [ 000000]
store_ln781             (store            ) [ 000000]
br_ln792                (br               ) [ 000000]
store_ln781             (store            ) [ 000000]
br_ln792                (br               ) [ 000000]
store_ln781             (store            ) [ 000000]
br_ln792                (br               ) [ 000000]
store_ln781             (store            ) [ 000000]
br_ln792                (br               ) [ 000000]
store_ln781             (store            ) [ 000000]
br_ln792                (br               ) [ 000000]
store_ln781             (store            ) [ 000000]
br_ln792                (br               ) [ 000000]
store_ln781             (store            ) [ 000000]
br_ln792                (br               ) [ 000000]
p_shift_2_load          (load             ) [ 000000]
p_shift_3_load          (load             ) [ 000000]
p_shift_4_load          (load             ) [ 000000]
p_shift_5_load          (load             ) [ 000000]
p_shift_6_load          (load             ) [ 000000]
p_shift_7_load          (load             ) [ 000000]
write_ln0               (write            ) [ 000000]
write_ln0               (write            ) [ 000000]
write_ln0               (write            ) [ 000000]
write_ln0               (write            ) [ 000000]
write_ln0               (write            ) [ 000000]
write_ln0               (write            ) [ 000000]
write_ln783             (write            ) [ 000000]
write_ln783             (write            ) [ 000000]
ret_ln0                 (ret              ) [ 000000]
</LifeTime>

<model>

<comp_list>
<comp id="0" class="1000" name="P">
<pin_list>
<pin id="1" dir="1" index="0" bw="1" slack="0"/>
</pin_list>
<bind>
<StgValue><ssdm name="P"/><MemPortTyVec>1 3 </MemPortTyVec>
</StgValue>
</bind>
</comp>

<comp id="2" class="1000" name="sext_ln256">
<pin_list>
<pin id="3" dir="1" index="0" bw="1" slack="0"/>
</pin_list>
<bind>
<StgValue><ssdm name="sext_ln256"/></StgValue>
</bind>
</comp>

<comp id="4" class="1000" name="P_1">
<pin_list>
<pin id="5" dir="1" index="0" bw="1" slack="0"/>
</pin_list>
<bind>
<StgValue><ssdm name="P_1"/><MemPortTyVec>1 3 </MemPortTyVec>
</StgValue>
</bind>
</comp>

<comp id="6" class="1000" name="sext_ln256_1">
<pin_list>
<pin id="7" dir="1" index="0" bw="1" slack="0"/>
</pin_list>
<bind>
<StgValue><ssdm name="sext_ln256_1"/></StgValue>
</bind>
</comp>

<comp id="8" class="1000" name="P_2">
<pin_list>
<pin id="9" dir="1" index="0" bw="1" slack="0"/>
</pin_list>
<bind>
<StgValue><ssdm name="P_2"/><MemPortTyVec>1 3 </MemPortTyVec>
</StgValue>
</bind>
</comp>

<comp id="10" class="1000" name="sext_ln256_2">
<pin_list>
<pin id="11" dir="1" index="0" bw="1" slack="0"/>
</pin_list>
<bind>
<StgValue><ssdm name="sext_ln256_2"/></StgValue>
</bind>
</comp>

<comp id="12" class="1000" name="P_3">
<pin_list>
<pin id="13" dir="1" index="0" bw="1" slack="0"/>
</pin_list>
<bind>
<StgValue><ssdm name="P_3"/><MemPortTyVec>1 3 </MemPortTyVec>
</StgValue>
</bind>
</comp>

<comp id="14" class="1000" name="sext_ln256_3">
<pin_list>
<pin id="15" dir="1" index="0" bw="1" slack="0"/>
</pin_list>
<bind>
<StgValue><ssdm name="sext_ln256_3"/></StgValue>
</bind>
</comp>

<comp id="16" class="1000" name="P_4">
<pin_list>
<pin id="17" dir="1" index="0" bw="1" slack="0"/>
</pin_list>
<bind>
<StgValue><ssdm name="P_4"/><MemPortTyVec>1 3 </MemPortTyVec>
</StgValue>
</bind>
</comp>

<comp id="18" class="1000" name="sext_ln256_4">
<pin_list>
<pin id="19" dir="1" index="0" bw="1" slack="0"/>
</pin_list>
<bind>
<StgValue><ssdm name="sext_ln256_4"/></StgValue>
</bind>
</comp>

<comp id="20" class="1000" name="P_5">
<pin_list>
<pin id="21" dir="1" index="0" bw="1" slack="0"/>
</pin_list>
<bind>
<StgValue><ssdm name="P_5"/><MemPortTyVec>1 3 </MemPortTyVec>
</StgValue>
</bind>
</comp>

<comp id="22" class="1000" name="sext_ln783">
<pin_list>
<pin id="23" dir="1" index="0" bw="1" slack="0"/>
</pin_list>
<bind>
<StgValue><ssdm name="sext_ln783"/></StgValue>
</bind>
</comp>

<comp id="24" class="1000" name="p_6">
<pin_list>
<pin id="25" dir="1" index="0" bw="1" slack="0"/>
</pin_list>
<bind>
<StgValue><ssdm name="p_6"/></StgValue>
</bind>
</comp>

<comp id="26" class="1000" name="p_7">
<pin_list>
<pin id="27" dir="1" index="0" bw="1" slack="0"/>
</pin_list>
<bind>
<StgValue><ssdm name="p_7"/></StgValue>
</bind>
</comp>

<comp id="28" class="1000" name="p_8">
<pin_list>
<pin id="29" dir="1" index="0" bw="1" slack="0"/>
</pin_list>
<bind>
<StgValue><ssdm name="p_8"/></StgValue>
</bind>
</comp>

<comp id="30" class="1000" name="p_9">
<pin_list>
<pin id="31" dir="1" index="0" bw="1" slack="0"/>
</pin_list>
<bind>
<StgValue><ssdm name="p_9"/></StgValue>
</bind>
</comp>

<comp id="32" class="1000" name="p_10">
<pin_list>
<pin id="33" dir="1" index="0" bw="1" slack="0"/>
</pin_list>
<bind>
<StgValue><ssdm name="p_10"/></StgValue>
</bind>
</comp>

<comp id="34" class="1000" name="p_11">
<pin_list>
<pin id="35" dir="1" index="0" bw="1" slack="0"/>
</pin_list>
<bind>
<StgValue><ssdm name="p_11"/></StgValue>
</bind>
</comp>

<comp id="36" class="1000" name="p_12">
<pin_list>
<pin id="37" dir="1" index="0" bw="1" slack="0"/>
</pin_list>
<bind>
<StgValue><ssdm name="p_12"/></StgValue>
</bind>
</comp>

<comp id="38" class="1000" name="p_13">
<pin_list>
<pin id="39" dir="1" index="0" bw="1" slack="0"/>
</pin_list>
<bind>
<StgValue><ssdm name="p_13"/></StgValue>
</bind>
</comp>

<comp id="40" class="1000" name="p_shift_7_out">
<pin_list>
<pin id="41" dir="1" index="0" bw="1" slack="0"/>
</pin_list>
<bind>
<StgValue><ssdm name="p_shift_7_out"/></StgValue>
</bind>
</comp>

<comp id="42" class="1000" name="p_shift_6_out">
<pin_list>
<pin id="43" dir="1" index="0" bw="1" slack="0"/>
</pin_list>
<bind>
<StgValue><ssdm name="p_shift_6_out"/></StgValue>
</bind>
</comp>

<comp id="44" class="1000" name="p_shift_5_out">
<pin_list>
<pin id="45" dir="1" index="0" bw="1" slack="0"/>
</pin_list>
<bind>
<StgValue><ssdm name="p_shift_5_out"/></StgValue>
</bind>
</comp>

<comp id="46" class="1000" name="p_shift_4_out">
<pin_list>
<pin id="47" dir="1" index="0" bw="1" slack="0"/>
</pin_list>
<bind>
<StgValue><ssdm name="p_shift_4_out"/></StgValue>
</bind>
</comp>

<comp id="48" class="1000" name="p_shift_3_out">
<pin_list>
<pin id="49" dir="1" index="0" bw="1" slack="0"/>
</pin_list>
<bind>
<StgValue><ssdm name="p_shift_3_out"/></StgValue>
</bind>
</comp>

<comp id="50" class="1000" name="p_shift_2_out">
<pin_list>
<pin id="51" dir="1" index="0" bw="1" slack="0"/>
</pin_list>
<bind>
<StgValue><ssdm name="p_shift_2_out"/></StgValue>
</bind>
</comp>

<comp id="52" class="1000" name="p_shift_1_out">
<pin_list>
<pin id="53" dir="1" index="0" bw="1" slack="0"/>
</pin_list>
<bind>
<StgValue><ssdm name="p_shift_1_out"/></StgValue>
</bind>
</comp>

<comp id="54" class="1000" name="p_shift_out">
<pin_list>
<pin id="55" dir="1" index="0" bw="1" slack="0"/>
</pin_list>
<bind>
<StgValue><ssdm name="p_shift_out"/></StgValue>
</bind>
</comp>

<comp id="56" class="1001" name="const_56">
<pin_list>
<pin id="57" dir="1" index="0" bw="1" slack="0"/>
</pin_list>
<bind>
<StgValue><ssdm name=""/></StgValue>
</bind>
</comp>

<comp id="58" class="1001" name="const_58">
<pin_list>
<pin id="59" dir="1" index="0" bw="1" slack="0"/>
</pin_list>
<bind>
<StgValue><ssdm name="_ssdm_op_Read.ap_auto.i27"/></StgValue>
</bind>
</comp>

<comp id="60" class="1001" name="const_60">
<pin_list>
<pin id="61" dir="1" index="0" bw="1" slack="0"/>
</pin_list>
<bind>
<StgValue><ssdm name="_ssdm_op_Read.ap_auto.i26"/></StgValue>
</bind>
</comp>

<comp id="62" class="1001" name="const_62">
<pin_list>
<pin id="63" dir="1" index="0" bw="1" slack="2147483647"/>
</pin_list>
<bind>
<StgValue><ssdm name="_ssdm_op_SpecMemCore"/></StgValue>
</bind>
</comp>

<comp id="64" class="1001" name="const_64">
<pin_list>
<pin id="65" dir="1" index="0" bw="1" slack="2147483647"/>
</pin_list>
<bind>
<StgValue><ssdm name=""/></StgValue>
</bind>
</comp>

<comp id="66" class="1001" name="const_66">
<pin_list>
<pin id="67" dir="1" index="0" bw="1" slack="2147483647"/>
</pin_list>
<bind>
<StgValue><ssdm name=""/></StgValue>
</bind>
</comp>

<comp id="68" class="1001" name="const_68">
<pin_list>
<pin id="69" dir="1" index="0" bw="1" slack="2147483647"/>
</pin_list>
<bind>
<StgValue><ssdm name=""/></StgValue>
</bind>
</comp>

<comp id="70" class="1001" name="const_70">
<pin_list>
<pin id="71" dir="1" index="0" bw="1" slack="2147483647"/>
</pin_list>
<bind>
<StgValue><ssdm name=""/></StgValue>
</bind>
</comp>

<comp id="72" class="1001" name="const_72">
<pin_list>
<pin id="73" dir="1" index="0" bw="1" slack="0"/>
</pin_list>
<bind>
<StgValue><ssdm name=""/></StgValue>
</bind>
</comp>

<comp id="74" class="1001" name="const_74">
<pin_list>
<pin id="75" dir="1" index="0" bw="1" slack="0"/>
</pin_list>
<bind>
<StgValue><ssdm name=""/></StgValue>
</bind>
</comp>

<comp id="76" class="1001" name="const_76">
<pin_list>
<pin id="77" dir="1" index="0" bw="1" slack="0"/>
</pin_list>
<bind>
<StgValue><ssdm name=""/></StgValue>
</bind>
</comp>

<comp id="78" class="1001" name="const_78">
<pin_list>
<pin id="79" dir="1" index="0" bw="1" slack="0"/>
</pin_list>
<bind>
<StgValue><ssdm name=""/></StgValue>
</bind>
</comp>

<comp id="80" class="1001" name="const_80">
<pin_list>
<pin id="81" dir="1" index="0" bw="1" slack="0"/>
</pin_list>
<bind>
<StgValue><ssdm name="_ssdm_op_SparseMux.ap_auto.8i27.i27.i3"/></StgValue>
</bind>
</comp>

<comp id="82" class="1001" name="const_82">
<pin_list>
<pin id="83" dir="1" index="0" bw="1" slack="0"/>
</pin_list>
<bind>
<StgValue><ssdm name=""/></StgValue>
</bind>
</comp>

<comp id="84" class="1001" name="const_84">
<pin_list>
<pin id="85" dir="1" index="0" bw="1" slack="0"/>
</pin_list>
<bind>
<StgValue><ssdm name=""/></StgValue>
</bind>
</comp>

<comp id="86" class="1001" name="const_86">
<pin_list>
<pin id="87" dir="1" index="0" bw="1" slack="0"/>
</pin_list>
<bind>
<StgValue><ssdm name=""/></StgValue>
</bind>
</comp>

<comp id="88" class="1001" name="const_88">
<pin_list>
<pin id="89" dir="1" index="0" bw="1" slack="0"/>
</pin_list>
<bind>
<StgValue><ssdm name=""/></StgValue>
</bind>
</comp>

<comp id="90" class="1001" name="const_90">
<pin_list>
<pin id="91" dir="1" index="0" bw="1" slack="0"/>
</pin_list>
<bind>
<StgValue><ssdm name=""/></StgValue>
</bind>
</comp>

<comp id="92" class="1001" name="const_92">
<pin_list>
<pin id="93" dir="1" index="0" bw="1" slack="0"/>
</pin_list>
<bind>
<StgValue><ssdm name=""/></StgValue>
</bind>
</comp>

<comp id="94" class="1001" name="const_94">
<pin_list>
<pin id="95" dir="1" index="0" bw="1" slack="0"/>
</pin_list>
<bind>
<StgValue><ssdm name=""/></StgValue>
</bind>
</comp>

<comp id="96" class="1001" name="const_96">
<pin_list>
<pin id="97" dir="1" index="0" bw="1" slack="0"/>
</pin_list>
<bind>
<StgValue><ssdm name=""/></StgValue>
</bind>
</comp>

<comp id="98" class="1001" name="const_98">
<pin_list>
<pin id="99" dir="1" index="0" bw="1" slack="0"/>
</pin_list>
<bind>
<StgValue><ssdm name=""/></StgValue>
</bind>
</comp>

<comp id="100" class="1001" name="const_100">
<pin_list>
<pin id="101" dir="1" index="0" bw="1" slack="2147483647"/>
</pin_list>
<bind>
<StgValue><ssdm name="_ssdm_op_SpecFUCore"/></StgValue>
</bind>
</comp>

<comp id="102" class="1001" name="const_102">
<pin_list>
<pin id="103" dir="1" index="0" bw="1" slack="2147483647"/>
</pin_list>
<bind>
<StgValue><ssdm name=""/></StgValue>
</bind>
</comp>

<comp id="104" class="1001" name="const_104">
<pin_list>
<pin id="105" dir="1" index="0" bw="1" slack="2147483647"/>
</pin_list>
<bind>
<StgValue><ssdm name=""/></StgValue>
</bind>
</comp>

<comp id="106" class="1001" name="const_106">
<pin_list>
<pin id="107" dir="1" index="0" bw="1" slack="2147483647"/>
</pin_list>
<bind>
<StgValue><ssdm name=""/></StgValue>
</bind>
</comp>

<comp id="108" class="1001" name="const_108">
<pin_list>
<pin id="109" dir="1" index="0" bw="1" slack="0"/>
</pin_list>
<bind>
<StgValue><ssdm name="sum6_P_QP_raw"/></StgValue>
</bind>
</comp>

<comp id="110" class="1001" name="const_110">
<pin_list>
<pin id="111" dir="1" index="0" bw="1" slack="0"/>
</pin_list>
<bind>
<StgValue><ssdm name="_ssdm_op_PartSelect.i27.i41.i32.i32"/></StgValue>
</bind>
</comp>

<comp id="112" class="1001" name="const_112">
<pin_list>
<pin id="113" dir="1" index="0" bw="1" slack="0"/>
</pin_list>
<bind>
<StgValue><ssdm name=""/></StgValue>
</bind>
</comp>

<comp id="114" class="1001" name="const_114">
<pin_list>
<pin id="115" dir="1" index="0" bw="1" slack="0"/>
</pin_list>
<bind>
<StgValue><ssdm name=""/></StgValue>
</bind>
</comp>

<comp id="116" class="1001" name="const_116">
<pin_list>
<pin id="117" dir="1" index="0" bw="1" slack="2147483647"/>
</pin_list>
<bind>
<StgValue><ssdm name="_ssdm_op_SpecPipeline"/></StgValue>
</bind>
</comp>

<comp id="118" class="1001" name="const_118">
<pin_list>
<pin id="119" dir="1" index="0" bw="1" slack="2147483647"/>
</pin_list>
<bind>
<StgValue><ssdm name=""/></StgValue>
</bind>
</comp>

<comp id="120" class="1001" name="const_120">
<pin_list>
<pin id="121" dir="1" index="0" bw="1" slack="2147483647"/>
</pin_list>
<bind>
<StgValue><ssdm name=""/></StgValue>
</bind>
</comp>

<comp id="122" class="1001" name="const_122">
<pin_list>
<pin id="123" dir="1" index="0" bw="1" slack="2147483647"/>
</pin_list>
<bind>
<StgValue><ssdm name="empty_524"/></StgValue>
</bind>
</comp>

<comp id="124" class="1001" name="const_124">
<pin_list>
<pin id="125" dir="1" index="0" bw="1" slack="2147483647"/>
</pin_list>
<bind>
<StgValue><ssdm name="_ssdm_op_SpecLoopTripCount"/></StgValue>
</bind>
</comp>

<comp id="126" class="1001" name="const_126">
<pin_list>
<pin id="127" dir="1" index="0" bw="1" slack="2147483647"/>
</pin_list>
<bind>
<StgValue><ssdm name=""/></StgValue>
</bind>
</comp>

<comp id="128" class="1001" name="const_128">
<pin_list>
<pin id="129" dir="1" index="0" bw="1" slack="2147483647"/>
</pin_list>
<bind>
<StgValue><ssdm name="_ssdm_op_SpecLoopName"/></StgValue>
</bind>
</comp>

<comp id="130" class="1001" name="const_130">
<pin_list>
<pin id="131" dir="1" index="0" bw="1" slack="2147483647"/>
</pin_list>
<bind>
<StgValue><ssdm name="empty_555"/></StgValue>
</bind>
</comp>

<comp id="132" class="1001" name="const_132">
<pin_list>
<pin id="133" dir="1" index="0" bw="1" slack="2147483647"/>
</pin_list>
<bind>
<StgValue><ssdm name="_ssdm_op_SpecRegionBegin"/></StgValue>
</bind>
</comp>

<comp id="134" class="1001" name="const_134">
<pin_list>
<pin id="135" dir="1" index="0" bw="1" slack="2147483647"/>
</pin_list>
<bind>
<StgValue><ssdm name="empty_553"/></StgValue>
</bind>
</comp>

<comp id="136" class="1001" name="const_136">
<pin_list>
<pin id="137" dir="1" index="0" bw="1" slack="2147483647"/>
</pin_list>
<bind>
<StgValue><ssdm name="_ssdm_op_SpecRegionEnd"/></StgValue>
</bind>
</comp>

<comp id="138" class="1001" name="const_138">
<pin_list>
<pin id="139" dir="1" index="0" bw="1" slack="2147483647"/>
</pin_list>
<bind>
<StgValue><ssdm name="empty_443"/></StgValue>
</bind>
</comp>

<comp id="140" class="1001" name="const_140">
<pin_list>
<pin id="141" dir="1" index="0" bw="1" slack="2147483647"/>
</pin_list>
<bind>
<StgValue><ssdm name="empty_424"/></StgValue>
</bind>
</comp>

<comp id="142" class="1001" name="const_142">
<pin_list>
<pin id="143" dir="1" index="0" bw="1" slack="2147483647"/>
</pin_list>
<bind>
<StgValue><ssdm name="empty_423"/></StgValue>
</bind>
</comp>

<comp id="144" class="1001" name="const_144">
<pin_list>
<pin id="145" dir="1" index="0" bw="1" slack="2147483647"/>
</pin_list>
<bind>
<StgValue><ssdm name="empty_422"/></StgValue>
</bind>
</comp>

<comp id="146" class="1001" name="const_146">
<pin_list>
<pin id="147" dir="1" index="0" bw="1" slack="2147483647"/>
</pin_list>
<bind>
<StgValue><ssdm name="empty_313"/></StgValue>
</bind>
</comp>

<comp id="148" class="1001" name="const_148">
<pin_list>
<pin id="149" dir="1" index="0" bw="1" slack="0"/>
</pin_list>
<bind>
<StgValue><ssdm name="_ssdm_op_Write.ap_auto.i27P0A"/></StgValue>
</bind>
</comp>

<comp id="150" class="1001" name="const_150">
<pin_list>
<pin id="151" dir="1" index="0" bw="1" slack="0"/>
</pin_list>
<bind>
<StgValue><ssdm name="_ssdm_op_Write.ap_auto.i21P0A"/></StgValue>
</bind>
</comp>

<comp id="152" class="1004" name="i_fu_152">
<pin_list>
<pin id="153" dir="0" index="0" bw="1" slack="0"/>
<pin id="154" dir="1" index="1" bw="4" slack="0"/>
</pin_list>
<bind>
<opcode="alloca(26) " fcode="alloca"/>
<opset="i/1 "/>
</bind>
</comp>

<comp id="156" class="1004" name="p_shift_fu_156">
<pin_list>
<pin id="157" dir="0" index="0" bw="1" slack="0"/>
<pin id="158" dir="1" index="1" bw="27" slack="4"/>
</pin_list>
<bind>
<opcode="alloca(26) " fcode="alloca"/>
<opset="p_shift/1 "/>
</bind>
</comp>

<comp id="160" class="1004" name="p_shift_1_fu_160">
<pin_list>
<pin id="161" dir="0" index="0" bw="1" slack="0"/>
<pin id="162" dir="1" index="1" bw="27" slack="4"/>
</pin_list>
<bind>
<opcode="alloca(26) " fcode="alloca"/>
<opset="p_shift_1/1 "/>
</bind>
</comp>

<comp id="164" class="1004" name="p_shift_2_fu_164">
<pin_list>
<pin id="165" dir="0" index="0" bw="1" slack="0"/>
<pin id="166" dir="1" index="1" bw="27" slack="4"/>
</pin_list>
<bind>
<opcode="alloca(26) " fcode="alloca"/>
<opset="p_shift_2/1 "/>
</bind>
</comp>

<comp id="168" class="1004" name="p_shift_3_fu_168">
<pin_list>
<pin id="169" dir="0" index="0" bw="1" slack="0"/>
<pin id="170" dir="1" index="1" bw="27" slack="4"/>
</pin_list>
<bind>
<opcode="alloca(26) " fcode="alloca"/>
<opset="p_shift_3/1 "/>
</bind>
</comp>

<comp id="172" class="1004" name="p_shift_4_fu_172">
<pin_list>
<pin id="173" dir="0" index="0" bw="1" slack="0"/>
<pin id="174" dir="1" index="1" bw="27" slack="4"/>
</pin_list>
<bind>
<opcode="alloca(26) " fcode="alloca"/>
<opset="p_shift_4/1 "/>
</bind>
</comp>

<comp id="176" class="1004" name="p_shift_5_fu_176">
<pin_list>
<pin id="177" dir="0" index="0" bw="1" slack="0"/>
<pin id="178" dir="1" index="1" bw="27" slack="4"/>
</pin_list>
<bind>
<opcode="alloca(26) " fcode="alloca"/>
<opset="p_shift_5/1 "/>
</bind>
</comp>

<comp id="180" class="1004" name="p_shift_6_fu_180">
<pin_list>
<pin id="181" dir="0" index="0" bw="1" slack="0"/>
<pin id="182" dir="1" index="1" bw="27" slack="4"/>
</pin_list>
<bind>
<opcode="alloca(26) " fcode="alloca"/>
<opset="p_shift_6/1 "/>
</bind>
</comp>

<comp id="184" class="1004" name="p_shift_7_fu_184">
<pin_list>
<pin id="185" dir="0" index="0" bw="1" slack="0"/>
<pin id="186" dir="1" index="1" bw="27" slack="4"/>
</pin_list>
<bind>
<opcode="alloca(26) " fcode="alloca"/>
<opset="p_shift_7/1 "/>
</bind>
</comp>

<comp id="188" class="1004" name="p_13_read_read_fu_188">
<pin_list>
<pin id="189" dir="0" index="0" bw="27" slack="0"/>
<pin id="190" dir="0" index="1" bw="27" slack="0"/>
<pin id="191" dir="1" index="2" bw="27" slack="0"/>
</pin_list>
<bind>
<opcode="read(1150) " fcode="read"/>
<opset="p_13_read/1 "/>
</bind>
</comp>

<comp id="194" class="1004" name="p_12_read_read_fu_194">
<pin_list>
<pin id="195" dir="0" index="0" bw="27" slack="0"/>
<pin id="196" dir="0" index="1" bw="27" slack="0"/>
<pin id="197" dir="1" index="2" bw="27" slack="0"/>
</pin_list>
<bind>
<opcode="read(1150) " fcode="read"/>
<opset="p_12_read/1 "/>
</bind>
</comp>

<comp id="200" class="1004" name="p_11_read_read_fu_200">
<pin_list>
<pin id="201" dir="0" index="0" bw="27" slack="0"/>
<pin id="202" dir="0" index="1" bw="27" slack="0"/>
<pin id="203" dir="1" index="2" bw="27" slack="0"/>
</pin_list>
<bind>
<opcode="read(1150) " fcode="read"/>
<opset="p_11_read/1 "/>
</bind>
</comp>

<comp id="206" class="1004" name="p_10_read_read_fu_206">
<pin_list>
<pin id="207" dir="0" index="0" bw="27" slack="0"/>
<pin id="208" dir="0" index="1" bw="27" slack="0"/>
<pin id="209" dir="1" index="2" bw="27" slack="0"/>
</pin_list>
<bind>
<opcode="read(1150) " fcode="read"/>
<opset="p_10_read/1 "/>
</bind>
</comp>

<comp id="212" class="1004" name="p_9_read_read_fu_212">
<pin_list>
<pin id="213" dir="0" index="0" bw="27" slack="0"/>
<pin id="214" dir="0" index="1" bw="27" slack="0"/>
<pin id="215" dir="1" index="2" bw="27" slack="0"/>
</pin_list>
<bind>
<opcode="read(1150) " fcode="read"/>
<opset="p_9_read/1 "/>
</bind>
</comp>

<comp id="218" class="1004" name="p_8_read_read_fu_218">
<pin_list>
<pin id="219" dir="0" index="0" bw="27" slack="0"/>
<pin id="220" dir="0" index="1" bw="27" slack="0"/>
<pin id="221" dir="1" index="2" bw="27" slack="0"/>
</pin_list>
<bind>
<opcode="read(1150) " fcode="read"/>
<opset="p_8_read/1 "/>
</bind>
</comp>

<comp id="224" class="1004" name="p_7_read_read_fu_224">
<pin_list>
<pin id="225" dir="0" index="0" bw="27" slack="0"/>
<pin id="226" dir="0" index="1" bw="27" slack="0"/>
<pin id="227" dir="1" index="2" bw="27" slack="0"/>
</pin_list>
<bind>
<opcode="read(1150) " fcode="read"/>
<opset="p_7_read/1 "/>
</bind>
</comp>

<comp id="230" class="1004" name="p_6_read_read_fu_230">
<pin_list>
<pin id="231" dir="0" index="0" bw="27" slack="0"/>
<pin id="232" dir="0" index="1" bw="27" slack="0"/>
<pin id="233" dir="1" index="2" bw="27" slack="0"/>
</pin_list>
<bind>
<opcode="read(1150) " fcode="read"/>
<opset="p_6_read/1 "/>
</bind>
</comp>

<comp id="236" class="1004" name="sext_ln783_read_read_fu_236">
<pin_list>
<pin id="237" dir="0" index="0" bw="26" slack="0"/>
<pin id="238" dir="0" index="1" bw="26" slack="0"/>
<pin id="239" dir="1" index="2" bw="26" slack="0"/>
</pin_list>
<bind>
<opcode="read(1150) " fcode="read"/>
<opset="sext_ln783_read/1 "/>
</bind>
</comp>

<comp id="242" class="1004" name="sext_ln256_4_read_read_fu_242">
<pin_list>
<pin id="243" dir="0" index="0" bw="26" slack="0"/>
<pin id="244" dir="0" index="1" bw="26" slack="0"/>
<pin id="245" dir="1" index="2" bw="26" slack="0"/>
</pin_list>
<bind>
<opcode="read(1150) " fcode="read"/>
<opset="sext_ln256_4_read/1 "/>
</bind>
</comp>

<comp id="248" class="1004" name="sext_ln256_3_read_read_fu_248">
<pin_list>
<pin id="249" dir="0" index="0" bw="26" slack="0"/>
<pin id="250" dir="0" index="1" bw="26" slack="0"/>
<pin id="251" dir="1" index="2" bw="26" slack="0"/>
</pin_list>
<bind>
<opcode="read(1150) " fcode="read"/>
<opset="sext_ln256_3_read/1 "/>
</bind>
</comp>

<comp id="254" class="1004" name="sext_ln256_2_read_read_fu_254">
<pin_list>
<pin id="255" dir="0" index="0" bw="26" slack="0"/>
<pin id="256" dir="0" index="1" bw="26" slack="0"/>
<pin id="257" dir="1" index="2" bw="26" slack="0"/>
</pin_list>
<bind>
<opcode="read(1150) " fcode="read"/>
<opset="sext_ln256_2_read/1 "/>
</bind>
</comp>

<comp id="260" class="1004" name="sext_ln256_1_read_read_fu_260">
<pin_list>
<pin id="261" dir="0" index="0" bw="26" slack="0"/>
<pin id="262" dir="0" index="1" bw="26" slack="0"/>
<pin id="263" dir="1" index="2" bw="26" slack="0"/>
</pin_list>
<bind>
<opcode="read(1150) " fcode="read"/>
<opset="sext_ln256_1_read/1 "/>
</bind>
</comp>

<comp id="266" class="1004" name="sext_ln256_read_read_fu_266">
<pin_list>
<pin id="267" dir="0" index="0" bw="26" slack="0"/>
<pin id="268" dir="0" index="1" bw="26" slack="0"/>
<pin id="269" dir="1" index="2" bw="26" slack="0"/>
</pin_list>
<bind>
<opcode="read(1150) " fcode="read"/>
<opset="sext_ln256_read/1 "/>
</bind>
</comp>

<comp id="272" class="1004" name="write_ln0_write_fu_272">
<pin_list>
<pin id="273" dir="0" index="0" bw="0" slack="0"/>
<pin id="274" dir="0" index="1" bw="27" slack="0"/>
<pin id="275" dir="0" index="2" bw="27" slack="0"/>
<pin id="276" dir="1" index="3" bw="0" slack="2147483647"/>
</pin_list>
<bind>
<opcode="write(1151) " fcode="write"/>
<opset="write_ln0/5 "/>
</bind>
</comp>

<comp id="279" class="1004" name="write_ln0_write_fu_279">
<pin_list>
<pin id="280" dir="0" index="0" bw="0" slack="0"/>
<pin id="281" dir="0" index="1" bw="27" slack="0"/>
<pin id="282" dir="0" index="2" bw="27" slack="0"/>
<pin id="283" dir="1" index="3" bw="0" slack="2147483647"/>
</pin_list>
<bind>
<opcode="write(1151) " fcode="write"/>
<opset="write_ln0/5 "/>
</bind>
</comp>

<comp id="286" class="1004" name="write_ln0_write_fu_286">
<pin_list>
<pin id="287" dir="0" index="0" bw="0" slack="0"/>
<pin id="288" dir="0" index="1" bw="27" slack="0"/>
<pin id="289" dir="0" index="2" bw="27" slack="0"/>
<pin id="290" dir="1" index="3" bw="0" slack="2147483647"/>
</pin_list>
<bind>
<opcode="write(1151) " fcode="write"/>
<opset="write_ln0/5 "/>
</bind>
</comp>

<comp id="293" class="1004" name="write_ln0_write_fu_293">
<pin_list>
<pin id="294" dir="0" index="0" bw="0" slack="0"/>
<pin id="295" dir="0" index="1" bw="27" slack="0"/>
<pin id="296" dir="0" index="2" bw="27" slack="0"/>
<pin id="297" dir="1" index="3" bw="0" slack="2147483647"/>
</pin_list>
<bind>
<opcode="write(1151) " fcode="write"/>
<opset="write_ln0/5 "/>
</bind>
</comp>

<comp id="300" class="1004" name="write_ln0_write_fu_300">
<pin_list>
<pin id="301" dir="0" index="0" bw="0" slack="0"/>
<pin id="302" dir="0" index="1" bw="27" slack="0"/>
<pin id="303" dir="0" index="2" bw="27" slack="0"/>
<pin id="304" dir="1" index="3" bw="0" slack="2147483647"/>
</pin_list>
<bind>
<opcode="write(1151) " fcode="write"/>
<opset="write_ln0/5 "/>
</bind>
</comp>

<comp id="307" class="1004" name="write_ln0_write_fu_307">
<pin_list>
<pin id="308" dir="0" index="0" bw="0" slack="0"/>
<pin id="309" dir="0" index="1" bw="27" slack="0"/>
<pin id="310" dir="0" index="2" bw="27" slack="0"/>
<pin id="311" dir="1" index="3" bw="0" slack="2147483647"/>
</pin_list>
<bind>
<opcode="write(1151) " fcode="write"/>
<opset="write_ln0/5 "/>
</bind>
</comp>

<comp id="314" class="1004" name="write_ln783_write_fu_314">
<pin_list>
<pin id="315" dir="0" index="0" bw="0" slack="0"/>
<pin id="316" dir="0" index="1" bw="21" slack="0"/>
<pin id="317" dir="0" index="2" bw="21" slack="0"/>
<pin id="318" dir="1" index="3" bw="0" slack="2147483647"/>
</pin_list>
<bind>
<opcode="write(1151) " fcode="write"/>
<opset="write_ln783/5 "/>
</bind>
</comp>

<comp id="321" class="1004" name="write_ln783_write_fu_321">
<pin_list>
<pin id="322" dir="0" index="0" bw="0" slack="0"/>
<pin id="323" dir="0" index="1" bw="21" slack="0"/>
<pin id="324" dir="0" index="2" bw="21" slack="0"/>
<pin id="325" dir="1" index="3" bw="0" slack="2147483647"/>
</pin_list>
<bind>
<opcode="write(1151) " fcode="write"/>
<opset="write_ln783/5 "/>
</bind>
</comp>

<comp id="328" class="1004" name="P_addr_gep_fu_328">
<pin_list>
<pin id="329" dir="0" index="0" bw="27" slack="0"/>
<pin id="330" dir="0" index="1" bw="1" slack="0"/>
<pin id="331" dir="0" index="2" bw="4" slack="0"/>
<pin id="332" dir="1" index="3" bw="3" slack="0"/>
</pin_list>
<bind>
<opcode="getelementptr(29) " fcode="getelementptr"/>
<opset="P_addr/1 "/>
</bind>
</comp>

<comp id="335" class="1004" name="grp_access_fu_335">
<pin_list>
<pin id="336" dir="0" index="0" bw="3" slack="0"/>
<pin id="337" dir="0" index="1" bw="27" slack="2147483647"/>
<pin id="338" dir="0" index="2" bw="0" slack="2147483647"/>
<pin id="339" dir="1" index="3" bw="27" slack="0"/>
</pin_list>
<bind>
<opcode="load(27) " fcode="load"/>
<opset="a/1 "/>
</bind>
</comp>

<comp id="341" class="1004" name="P_1_addr_gep_fu_341">
<pin_list>
<pin id="342" dir="0" index="0" bw="27" slack="0"/>
<pin id="343" dir="0" index="1" bw="1" slack="0"/>
<pin id="344" dir="0" index="2" bw="4" slack="0"/>
<pin id="345" dir="1" index="3" bw="3" slack="0"/>
</pin_list>
<bind>
<opcode="getelementptr(29) " fcode="getelementptr"/>
<opset="P_1_addr/1 "/>
</bind>
</comp>

<comp id="348" class="1004" name="grp_access_fu_348">
<pin_list>
<pin id="349" dir="0" index="0" bw="3" slack="0"/>
<pin id="350" dir="0" index="1" bw="27" slack="2147483647"/>
<pin id="351" dir="0" index="2" bw="0" slack="2147483647"/>
<pin id="352" dir="1" index="3" bw="27" slack="0"/>
</pin_list>
<bind>
<opcode="load(27) " fcode="load"/>
<opset="a_23/1 "/>
</bind>
</comp>

<comp id="354" class="1004" name="P_2_addr_gep_fu_354">
<pin_list>
<pin id="355" dir="0" index="0" bw="27" slack="0"/>
<pin id="356" dir="0" index="1" bw="1" slack="0"/>
<pin id="357" dir="0" index="2" bw="4" slack="0"/>
<pin id="358" dir="1" index="3" bw="3" slack="0"/>
</pin_list>
<bind>
<opcode="getelementptr(29) " fcode="getelementptr"/>
<opset="P_2_addr/1 "/>
</bind>
</comp>

<comp id="361" class="1004" name="grp_access_fu_361">
<pin_list>
<pin id="362" dir="0" index="0" bw="3" slack="0"/>
<pin id="363" dir="0" index="1" bw="27" slack="2147483647"/>
<pin id="364" dir="0" index="2" bw="0" slack="2147483647"/>
<pin id="365" dir="1" index="3" bw="27" slack="0"/>
</pin_list>
<bind>
<opcode="load(27) " fcode="load"/>
<opset="a_24/1 "/>
</bind>
</comp>

<comp id="367" class="1004" name="P_3_addr_gep_fu_367">
<pin_list>
<pin id="368" dir="0" index="0" bw="27" slack="0"/>
<pin id="369" dir="0" index="1" bw="1" slack="0"/>
<pin id="370" dir="0" index="2" bw="4" slack="0"/>
<pin id="371" dir="1" index="3" bw="3" slack="0"/>
</pin_list>
<bind>
<opcode="getelementptr(29) " fcode="getelementptr"/>
<opset="P_3_addr/1 "/>
</bind>
</comp>

<comp id="374" class="1004" name="grp_access_fu_374">
<pin_list>
<pin id="375" dir="0" index="0" bw="3" slack="0"/>
<pin id="376" dir="0" index="1" bw="27" slack="2147483647"/>
<pin id="377" dir="0" index="2" bw="0" slack="2147483647"/>
<pin id="378" dir="1" index="3" bw="27" slack="0"/>
</pin_list>
<bind>
<opcode="load(27) " fcode="load"/>
<opset="a_25/1 "/>
</bind>
</comp>

<comp id="380" class="1004" name="P_4_addr_gep_fu_380">
<pin_list>
<pin id="381" dir="0" index="0" bw="27" slack="0"/>
<pin id="382" dir="0" index="1" bw="1" slack="0"/>
<pin id="383" dir="0" index="2" bw="4" slack="0"/>
<pin id="384" dir="1" index="3" bw="3" slack="0"/>
</pin_list>
<bind>
<opcode="getelementptr(29) " fcode="getelementptr"/>
<opset="P_4_addr/1 "/>
</bind>
</comp>

<comp id="387" class="1004" name="grp_access_fu_387">
<pin_list>
<pin id="388" dir="0" index="0" bw="3" slack="0"/>
<pin id="389" dir="0" index="1" bw="27" slack="2147483647"/>
<pin id="390" dir="0" index="2" bw="0" slack="2147483647"/>
<pin id="391" dir="1" index="3" bw="27" slack="0"/>
</pin_list>
<bind>
<opcode="load(27) " fcode="load"/>
<opset="a_26/1 "/>
</bind>
</comp>

<comp id="393" class="1004" name="P_5_addr_gep_fu_393">
<pin_list>
<pin id="394" dir="0" index="0" bw="27" slack="0"/>
<pin id="395" dir="0" index="1" bw="1" slack="0"/>
<pin id="396" dir="0" index="2" bw="4" slack="0"/>
<pin id="397" dir="1" index="3" bw="3" slack="0"/>
</pin_list>
<bind>
<opcode="getelementptr(29) " fcode="getelementptr"/>
<opset="P_5_addr/1 "/>
</bind>
</comp>

<comp id="400" class="1004" name="grp_access_fu_400">
<pin_list>
<pin id="401" dir="0" index="0" bw="3" slack="0"/>
<pin id="402" dir="0" index="1" bw="27" slack="2147483647"/>
<pin id="403" dir="0" index="2" bw="0" slack="2147483647"/>
<pin id="404" dir="1" index="3" bw="27" slack="0"/>
</pin_list>
<bind>
<opcode="load(27) " fcode="load"/>
<opset="a_27/1 "/>
</bind>
</comp>

<comp id="406" class="1004" name="pd_sum_sum6_P_QP_raw_fu_406">
<pin_list>
<pin id="407" dir="0" index="0" bw="41" slack="0"/>
<pin id="408" dir="0" index="1" bw="41" slack="0"/>
<pin id="409" dir="0" index="2" bw="41" slack="0"/>
<pin id="410" dir="0" index="3" bw="41" slack="0"/>
<pin id="411" dir="0" index="4" bw="41" slack="0"/>
<pin id="412" dir="0" index="5" bw="41" slack="0"/>
<pin id="413" dir="0" index="6" bw="41" slack="0"/>
<pin id="414" dir="1" index="7" bw="41" slack="0"/>
</pin_list>
<bind>
<opcode="call(48) " fcode="call"/>
<opset="pd_sum/4 "/>
</bind>
</comp>

<comp id="416" class="1004" name="grp_fu_416">
<pin_list>
<pin id="417" dir="0" index="0" bw="27" slack="0"/>
<pin id="418" dir="0" index="1" bw="26" slack="1"/>
<pin id="419" dir="1" index="2" bw="43" slack="0"/>
</pin_list>
<bind>
<opcode="mul(12) " fcode="mul"/>
<opset="mul_ln786/2 "/>
</bind>
</comp>

<comp id="420" class="1004" name="grp_fu_420">
<pin_list>
<pin id="421" dir="0" index="0" bw="27" slack="0"/>
<pin id="422" dir="0" index="1" bw="26" slack="1"/>
<pin id="423" dir="1" index="2" bw="43" slack="0"/>
</pin_list>
<bind>
<opcode="mul(12) " fcode="mul"/>
<opset="mul_ln787/2 "/>
</bind>
</comp>

<comp id="424" class="1004" name="grp_fu_424">
<pin_list>
<pin id="425" dir="0" index="0" bw="27" slack="0"/>
<pin id="426" dir="0" index="1" bw="26" slack="1"/>
<pin id="427" dir="1" index="2" bw="43" slack="0"/>
</pin_list>
<bind>
<opcode="mul(12) " fcode="mul"/>
<opset="mul_ln788/2 "/>
</bind>
</comp>

<comp id="428" class="1004" name="grp_fu_428">
<pin_list>
<pin id="429" dir="0" index="0" bw="27" slack="0"/>
<pin id="430" dir="0" index="1" bw="26" slack="1"/>
<pin id="431" dir="1" index="2" bw="43" slack="0"/>
</pin_list>
<bind>
<opcode="mul(12) " fcode="mul"/>
<opset="mul_ln789/2 "/>
</bind>
</comp>

<comp id="432" class="1004" name="grp_fu_432">
<pin_list>
<pin id="433" dir="0" index="0" bw="27" slack="0"/>
<pin id="434" dir="0" index="1" bw="26" slack="1"/>
<pin id="435" dir="1" index="2" bw="43" slack="0"/>
</pin_list>
<bind>
<opcode="mul(12) " fcode="mul"/>
<opset="mul_ln790/2 "/>
</bind>
</comp>

<comp id="436" class="1004" name="grp_fu_436">
<pin_list>
<pin id="437" dir="0" index="0" bw="27" slack="0"/>
<pin id="438" dir="0" index="1" bw="26" slack="1"/>
<pin id="439" dir="1" index="2" bw="43" slack="0"/>
</pin_list>
<bind>
<opcode="mul(12) " fcode="mul"/>
<opset="mul_ln791/2 "/>
</bind>
</comp>

<comp id="440" class="1004" name="sext_ln783_cast_fu_440">
<pin_list>
<pin id="441" dir="0" index="0" bw="26" slack="0"/>
<pin id="442" dir="1" index="1" bw="43" slack="1"/>
</pin_list>
<bind>
<opcode="sext(35) " fcode="sext"/>
<opset="sext_ln783_cast/1 "/>
</bind>
</comp>

<comp id="444" class="1004" name="sext_ln256_4_cast_fu_444">
<pin_list>
<pin id="445" dir="0" index="0" bw="26" slack="0"/>
<pin id="446" dir="1" index="1" bw="43" slack="1"/>
</pin_list>
<bind>
<opcode="sext(35) " fcode="sext"/>
<opset="sext_ln256_4_cast/1 "/>
</bind>
</comp>

<comp id="448" class="1004" name="sext_ln256_3_cast_fu_448">
<pin_list>
<pin id="449" dir="0" index="0" bw="26" slack="0"/>
<pin id="450" dir="1" index="1" bw="43" slack="1"/>
</pin_list>
<bind>
<opcode="sext(35) " fcode="sext"/>
<opset="sext_ln256_3_cast/1 "/>
</bind>
</comp>

<comp id="452" class="1004" name="sext_ln256_2_cast_fu_452">
<pin_list>
<pin id="453" dir="0" index="0" bw="26" slack="0"/>
<pin id="454" dir="1" index="1" bw="43" slack="1"/>
</pin_list>
<bind>
<opcode="sext(35) " fcode="sext"/>
<opset="sext_ln256_2_cast/1 "/>
</bind>
</comp>

<comp id="456" class="1004" name="sext_ln256_1_cast_fu_456">
<pin_list>
<pin id="457" dir="0" index="0" bw="26" slack="0"/>
<pin id="458" dir="1" index="1" bw="43" slack="1"/>
</pin_list>
<bind>
<opcode="sext(35) " fcode="sext"/>
<opset="sext_ln256_1_cast/1 "/>
</bind>
</comp>

<comp id="460" class="1004" name="sext_ln256_cast_fu_460">
<pin_list>
<pin id="461" dir="0" index="0" bw="26" slack="0"/>
<pin id="462" dir="1" index="1" bw="43" slack="1"/>
</pin_list>
<bind>
<opcode="sext(35) " fcode="sext"/>
<opset="sext_ln256_cast/1 "/>
</bind>
</comp>

<comp id="464" class="1004" name="store_ln491_store_fu_464">
<pin_list>
<pin id="465" dir="0" index="0" bw="1" slack="0"/>
<pin id="466" dir="0" index="1" bw="4" slack="0"/>
<pin id="467" dir="1" index="2" bw="0" slack="2147483647"/>
</pin_list>
<bind>
<opcode="store(28) " fcode="store"/>
<opset="store_ln491/1 "/>
</bind>
</comp>

<comp id="469" class="1004" name="i_2_load_fu_469">
<pin_list>
<pin id="470" dir="0" index="0" bw="4" slack="0"/>
<pin id="471" dir="1" index="1" bw="4" slack="0"/>
</pin_list>
<bind>
<opcode="load(27) " fcode="load"/>
<opset="i_2/1 "/>
</bind>
</comp>

<comp id="472" class="1004" name="icmp_ln783_fu_472">
<pin_list>
<pin id="473" dir="0" index="0" bw="4" slack="0"/>
<pin id="474" dir="0" index="1" bw="4" slack="0"/>
<pin id="475" dir="1" index="2" bw="1" slack="1"/>
</pin_list>
<bind>
<opcode="icmp(45) " fcode="icmp"/>
<opset="icmp_ln783/1 "/>
</bind>
</comp>

<comp id="478" class="1004" name="add_ln783_fu_478">
<pin_list>
<pin id="479" dir="0" index="0" bw="4" slack="0"/>
<pin id="480" dir="0" index="1" bw="1" slack="0"/>
<pin id="481" dir="1" index="2" bw="4" slack="0"/>
</pin_list>
<bind>
<opcode="add(8) " fcode="add"/>
<opset="add_ln783/1 "/>
</bind>
</comp>

<comp id="484" class="1004" name="zext_ln783_fu_484">
<pin_list>
<pin id="485" dir="0" index="0" bw="4" slack="0"/>
<pin id="486" dir="1" index="1" bw="64" slack="0"/>
</pin_list>
<bind>
<opcode="zext(34) " fcode="zext"/>
<opset="zext_ln783/1 "/>
</bind>
</comp>

<comp id="494" class="1004" name="trunc_ln783_2_fu_494">
<pin_list>
<pin id="495" dir="0" index="0" bw="4" slack="0"/>
<pin id="496" dir="1" index="1" bw="3" slack="0"/>
</pin_list>
<bind>
<opcode="trunc(33) " fcode="trunc"/>
<opset="trunc_ln783_2/1 "/>
</bind>
</comp>

<comp id="498" class="1004" name="tmp_s_fu_498">
<pin_list>
<pin id="499" dir="0" index="0" bw="27" slack="0"/>
<pin id="500" dir="0" index="1" bw="3" slack="0"/>
<pin id="501" dir="0" index="2" bw="27" slack="0"/>
<pin id="502" dir="0" index="3" bw="3" slack="0"/>
<pin id="503" dir="0" index="4" bw="27" slack="0"/>
<pin id="504" dir="0" index="5" bw="3" slack="0"/>
<pin id="505" dir="0" index="6" bw="27" slack="0"/>
<pin id="506" dir="0" index="7" bw="3" slack="0"/>
<pin id="507" dir="0" index="8" bw="27" slack="0"/>
<pin id="508" dir="0" index="9" bw="3" slack="0"/>
<pin id="509" dir="0" index="10" bw="27" slack="0"/>
<pin id="510" dir="0" index="11" bw="3" slack="0"/>
<pin id="511" dir="0" index="12" bw="27" slack="0"/>
<pin id="512" dir="0" index="13" bw="3" slack="0"/>
<pin id="513" dir="0" index="14" bw="27" slack="0"/>
<pin id="514" dir="0" index="15" bw="3" slack="0"/>
<pin id="515" dir="0" index="16" bw="27" slack="0"/>
<pin id="516" dir="0" index="17" bw="27" slack="0"/>
<pin id="517" dir="0" index="18" bw="3" slack="0"/>
<pin id="518" dir="1" index="19" bw="27" slack="4"/>
</pin_list>
<bind>
<opcode="sparsemux(1197) " fcode="sparsemux"/>
<opset="tmp_s/1 "/>
</bind>
</comp>

<comp id="538" class="1004" name="switch_ln792_fu_538">
<pin_list>
<pin id="539" dir="0" index="0" bw="3" slack="0"/>
<pin id="540" dir="0" index="1" bw="1" slack="0"/>
<pin id="541" dir="0" index="2" bw="1" slack="0"/>
<pin id="542" dir="0" index="3" bw="3" slack="0"/>
<pin id="543" dir="0" index="4" bw="3" slack="0"/>
<pin id="544" dir="0" index="5" bw="3" slack="0"/>
<pin id="545" dir="0" index="6" bw="3" slack="0"/>
<pin id="546" dir="0" index="7" bw="2" slack="0"/>
<pin id="547" dir="1" index="8" bw="0" slack="2147483647"/>
</pin_list>
<bind>
<opcode="switch(3) " fcode="switch"/>
<opset="switch_ln792/1 "/>
</bind>
</comp>

<comp id="556" class="1004" name="store_ln491_store_fu_556">
<pin_list>
<pin id="557" dir="0" index="0" bw="4" slack="0"/>
<pin id="558" dir="0" index="1" bw="4" slack="0"/>
<pin id="559" dir="1" index="2" bw="0" slack="2147483647"/>
</pin_list>
<bind>
<opcode="store(28) " fcode="store"/>
<opset="store_ln491/1 "/>
</bind>
</comp>

<comp id="561" class="1004" name="sext_ln256_5_fu_561">
<pin_list>
<pin id="562" dir="0" index="0" bw="27" slack="0"/>
<pin id="563" dir="1" index="1" bw="43" slack="0"/>
</pin_list>
<bind>
<opcode="sext(35) " fcode="sext"/>
<opset="sext_ln256_5/2 "/>
</bind>
</comp>

<comp id="566" class="1004" name="sext_ln256_6_fu_566">
<pin_list>
<pin id="567" dir="0" index="0" bw="27" slack="0"/>
<pin id="568" dir="1" index="1" bw="43" slack="0"/>
</pin_list>
<bind>
<opcode="sext(35) " fcode="sext"/>
<opset="sext_ln256_6/2 "/>
</bind>
</comp>

<comp id="571" class="1004" name="sext_ln256_7_fu_571">
<pin_list>
<pin id="572" dir="0" index="0" bw="27" slack="0"/>
<pin id="573" dir="1" index="1" bw="43" slack="0"/>
</pin_list>
<bind>
<opcode="sext(35) " fcode="sext"/>
<opset="sext_ln256_7/2 "/>
</bind>
</comp>

<comp id="576" class="1004" name="sext_ln256_8_fu_576">
<pin_list>
<pin id="577" dir="0" index="0" bw="27" slack="0"/>
<pin id="578" dir="1" index="1" bw="43" slack="0"/>
</pin_list>
<bind>
<opcode="sext(35) " fcode="sext"/>
<opset="sext_ln256_8/2 "/>
</bind>
</comp>

<comp id="581" class="1004" name="sext_ln256_9_fu_581">
<pin_list>
<pin id="582" dir="0" index="0" bw="27" slack="0"/>
<pin id="583" dir="1" index="1" bw="43" slack="0"/>
</pin_list>
<bind>
<opcode="sext(35) " fcode="sext"/>
<opset="sext_ln256_9/2 "/>
</bind>
</comp>

<comp id="586" class="1004" name="sext_ln256_10_fu_586">
<pin_list>
<pin id="587" dir="0" index="0" bw="27" slack="0"/>
<pin id="588" dir="1" index="1" bw="43" slack="0"/>
</pin_list>
<bind>
<opcode="sext(35) " fcode="sext"/>
<opset="sext_ln256_10/2 "/>
</bind>
</comp>

<comp id="591" class="1004" name="trunc_ln257_fu_591">
<pin_list>
<pin id="592" dir="0" index="0" bw="43" slack="0"/>
<pin id="593" dir="1" index="1" bw="41" slack="0"/>
</pin_list>
<bind>
<opcode="trunc(33) " fcode="trunc"/>
<opset="trunc_ln257/4 "/>
</bind>
</comp>

<comp id="596" class="1004" name="trunc_ln257_30_fu_596">
<pin_list>
<pin id="597" dir="0" index="0" bw="43" slack="0"/>
<pin id="598" dir="1" index="1" bw="41" slack="0"/>
</pin_list>
<bind>
<opcode="trunc(33) " fcode="trunc"/>
<opset="trunc_ln257_30/4 "/>
</bind>
</comp>

<comp id="601" class="1004" name="trunc_ln257_31_fu_601">
<pin_list>
<pin id="602" dir="0" index="0" bw="43" slack="0"/>
<pin id="603" dir="1" index="1" bw="41" slack="0"/>
</pin_list>
<bind>
<opcode="trunc(33) " fcode="trunc"/>
<opset="trunc_ln257_31/4 "/>
</bind>
</comp>

<comp id="606" class="1004" name="trunc_ln257_32_fu_606">
<pin_list>
<pin id="607" dir="0" index="0" bw="43" slack="0"/>
<pin id="608" dir="1" index="1" bw="41" slack="0"/>
</pin_list>
<bind>
<opcode="trunc(33) " fcode="trunc"/>
<opset="trunc_ln257_32/4 "/>
</bind>
</comp>

<comp id="611" class="1004" name="trunc_ln257_33_fu_611">
<pin_list>
<pin id="612" dir="0" index="0" bw="43" slack="0"/>
<pin id="613" dir="1" index="1" bw="41" slack="0"/>
</pin_list>
<bind>
<opcode="trunc(33) " fcode="trunc"/>
<opset="trunc_ln257_33/4 "/>
</bind>
</comp>

<comp id="616" class="1004" name="trunc_ln257_34_fu_616">
<pin_list>
<pin id="617" dir="0" index="0" bw="43" slack="0"/>
<pin id="618" dir="1" index="1" bw="41" slack="0"/>
</pin_list>
<bind>
<opcode="trunc(33) " fcode="trunc"/>
<opset="trunc_ln257_34/4 "/>
</bind>
</comp>

<comp id="621" class="1004" name="trunc_ln182_6_fu_621">
<pin_list>
<pin id="622" dir="0" index="0" bw="27" slack="0"/>
<pin id="623" dir="0" index="1" bw="41" slack="0"/>
<pin id="624" dir="0" index="2" bw="5" slack="0"/>
<pin id="625" dir="0" index="3" bw="7" slack="0"/>
<pin id="626" dir="1" index="4" bw="27" slack="1"/>
</pin_list>
<bind>
<opcode="partselect(1002) " fcode="partselect"/>
<opset="trunc_ln182_6/4 "/>
</bind>
</comp>

<comp id="631" class="1004" name="p_shift_9_load_fu_631">
<pin_list>
<pin id="632" dir="0" index="0" bw="27" slack="4"/>
<pin id="633" dir="1" index="1" bw="27" slack="0"/>
</pin_list>
<bind>
<opcode="load(27) " fcode="load"/>
<opset="p_shift_9/5 "/>
</bind>
</comp>

<comp id="634" class="1004" name="p_shift_10_load_fu_634">
<pin_list>
<pin id="635" dir="0" index="0" bw="27" slack="4"/>
<pin id="636" dir="1" index="1" bw="27" slack="0"/>
</pin_list>
<bind>
<opcode="load(27) " fcode="load"/>
<opset="p_shift_10/5 "/>
</bind>
</comp>

<comp id="637" class="1004" name="trunc_ln783_fu_637">
<pin_list>
<pin id="638" dir="0" index="0" bw="27" slack="0"/>
<pin id="639" dir="1" index="1" bw="21" slack="0"/>
</pin_list>
<bind>
<opcode="trunc(33) " fcode="trunc"/>
<opset="trunc_ln783/5 "/>
</bind>
</comp>

<comp id="642" class="1004" name="trunc_ln783_1_fu_642">
<pin_list>
<pin id="643" dir="0" index="0" bw="27" slack="0"/>
<pin id="644" dir="1" index="1" bw="21" slack="0"/>
</pin_list>
<bind>
<opcode="trunc(33) " fcode="trunc"/>
<opset="trunc_ln783_1/5 "/>
</bind>
</comp>

<comp id="647" class="1004" name="p_shift_11_fu_647">
<pin_list>
<pin id="648" dir="0" index="0" bw="27" slack="1"/>
<pin id="649" dir="0" index="1" bw="27" slack="4"/>
<pin id="650" dir="1" index="2" bw="27" slack="0"/>
</pin_list>
<bind>
<opcode="add(8) " fcode="add"/>
<opset="p_shift_11/5 "/>
</bind>
</comp>

<comp id="651" class="1004" name="store_ln781_store_fu_651">
<pin_list>
<pin id="652" dir="0" index="0" bw="27" slack="0"/>
<pin id="653" dir="0" index="1" bw="27" slack="4"/>
<pin id="654" dir="1" index="2" bw="0" slack="2147483647"/>
</pin_list>
<bind>
<opcode="store(28) " fcode="store"/>
<opset="store_ln781/5 "/>
</bind>
</comp>

<comp id="656" class="1004" name="store_ln781_store_fu_656">
<pin_list>
<pin id="657" dir="0" index="0" bw="27" slack="0"/>
<pin id="658" dir="0" index="1" bw="27" slack="4"/>
<pin id="659" dir="1" index="2" bw="0" slack="2147483647"/>
</pin_list>
<bind>
<opcode="store(28) " fcode="store"/>
<opset="store_ln781/5 "/>
</bind>
</comp>

<comp id="661" class="1004" name="store_ln781_store_fu_661">
<pin_list>
<pin id="662" dir="0" index="0" bw="27" slack="0"/>
<pin id="663" dir="0" index="1" bw="27" slack="4"/>
<pin id="664" dir="1" index="2" bw="0" slack="2147483647"/>
</pin_list>
<bind>
<opcode="store(28) " fcode="store"/>
<opset="store_ln781/5 "/>
</bind>
</comp>

<comp id="666" class="1004" name="store_ln781_store_fu_666">
<pin_list>
<pin id="667" dir="0" index="0" bw="27" slack="0"/>
<pin id="668" dir="0" index="1" bw="27" slack="4"/>
<pin id="669" dir="1" index="2" bw="0" slack="2147483647"/>
</pin_list>
<bind>
<opcode="store(28) " fcode="store"/>
<opset="store_ln781/5 "/>
</bind>
</comp>

<comp id="671" class="1004" name="store_ln781_store_fu_671">
<pin_list>
<pin id="672" dir="0" index="0" bw="27" slack="0"/>
<pin id="673" dir="0" index="1" bw="27" slack="4"/>
<pin id="674" dir="1" index="2" bw="0" slack="2147483647"/>
</pin_list>
<bind>
<opcode="store(28) " fcode="store"/>
<opset="store_ln781/5 "/>
</bind>
</comp>

<comp id="676" class="1004" name="store_ln781_store_fu_676">
<pin_list>
<pin id="677" dir="0" index="0" bw="27" slack="0"/>
<pin id="678" dir="0" index="1" bw="27" slack="4"/>
<pin id="679" dir="1" index="2" bw="0" slack="2147483647"/>
</pin_list>
<bind>
<opcode="store(28) " fcode="store"/>
<opset="store_ln781/5 "/>
</bind>
</comp>

<comp id="681" class="1004" name="store_ln781_store_fu_681">
<pin_list>
<pin id="682" dir="0" index="0" bw="27" slack="0"/>
<pin id="683" dir="0" index="1" bw="27" slack="4"/>
<pin id="684" dir="1" index="2" bw="0" slack="2147483647"/>
</pin_list>
<bind>
<opcode="store(28) " fcode="store"/>
<opset="store_ln781/5 "/>
</bind>
</comp>

<comp id="686" class="1004" name="store_ln781_store_fu_686">
<pin_list>
<pin id="687" dir="0" index="0" bw="27" slack="0"/>
<pin id="688" dir="0" index="1" bw="27" slack="4"/>
<pin id="689" dir="1" index="2" bw="0" slack="2147483647"/>
</pin_list>
<bind>
<opcode="store(28) " fcode="store"/>
<opset="store_ln781/5 "/>
</bind>
</comp>

<comp id="691" class="1004" name="p_shift_2_load_load_fu_691">
<pin_list>
<pin id="692" dir="0" index="0" bw="27" slack="4"/>
<pin id="693" dir="1" index="1" bw="27" slack="0"/>
</pin_list>
<bind>
<opcode="load(27) " fcode="load"/>
<opset="p_shift_2_load/5 "/>
</bind>
</comp>

<comp id="695" class="1004" name="p_shift_3_load_load_fu_695">
<pin_list>
<pin id="696" dir="0" index="0" bw="27" slack="4"/>
<pin id="697" dir="1" index="1" bw="27" slack="0"/>
</pin_list>
<bind>
<opcode="load(27) " fcode="load"/>
<opset="p_shift_3_load/5 "/>
</bind>
</comp>

<comp id="699" class="1004" name="p_shift_4_load_load_fu_699">
<pin_list>
<pin id="700" dir="0" index="0" bw="27" slack="4"/>
<pin id="701" dir="1" index="1" bw="27" slack="0"/>
</pin_list>
<bind>
<opcode="load(27) " fcode="load"/>
<opset="p_shift_4_load/5 "/>
</bind>
</comp>

<comp id="703" class="1004" name="p_shift_5_load_load_fu_703">
<pin_list>
<pin id="704" dir="0" index="0" bw="27" slack="4"/>
<pin id="705" dir="1" index="1" bw="27" slack="0"/>
</pin_list>
<bind>
<opcode="load(27) " fcode="load"/>
<opset="p_shift_5_load/5 "/>
</bind>
</comp>

<comp id="707" class="1004" name="p_shift_6_load_load_fu_707">
<pin_list>
<pin id="708" dir="0" index="0" bw="27" slack="4"/>
<pin id="709" dir="1" index="1" bw="27" slack="0"/>
</pin_list>
<bind>
<opcode="load(27) " fcode="load"/>
<opset="p_shift_6_load/5 "/>
</bind>
</comp>

<comp id="711" class="1004" name="p_shift_7_load_load_fu_711">
<pin_list>
<pin id="712" dir="0" index="0" bw="27" slack="4"/>
<pin id="713" dir="1" index="1" bw="27" slack="0"/>
</pin_list>
<bind>
<opcode="load(27) " fcode="load"/>
<opset="p_shift_7_load/5 "/>
</bind>
</comp>

<comp id="715" class="1005" name="i_reg_715">
<pin_list>
<pin id="716" dir="0" index="0" bw="4" slack="0"/>
<pin id="717" dir="1" index="1" bw="4" slack="0"/>
</pin_list>
<bind>
<opset="i "/>
</bind>
</comp>

<comp id="722" class="1005" name="p_shift_reg_722">
<pin_list>
<pin id="723" dir="0" index="0" bw="27" slack="4"/>
<pin id="724" dir="1" index="1" bw="27" slack="4"/>
</pin_list>
<bind>
<opset="p_shift "/>
</bind>
</comp>

<comp id="728" class="1005" name="p_shift_1_reg_728">
<pin_list>
<pin id="729" dir="0" index="0" bw="27" slack="4"/>
<pin id="730" dir="1" index="1" bw="27" slack="4"/>
</pin_list>
<bind>
<opset="p_shift_1 "/>
</bind>
</comp>

<comp id="734" class="1005" name="p_shift_2_reg_734">
<pin_list>
<pin id="735" dir="0" index="0" bw="27" slack="4"/>
<pin id="736" dir="1" index="1" bw="27" slack="4"/>
</pin_list>
<bind>
<opset="p_shift_2 "/>
</bind>
</comp>

<comp id="740" class="1005" name="p_shift_3_reg_740">
<pin_list>
<pin id="741" dir="0" index="0" bw="27" slack="4"/>
<pin id="742" dir="1" index="1" bw="27" slack="4"/>
</pin_list>
<bind>
<opset="p_shift_3 "/>
</bind>
</comp>

<comp id="746" class="1005" name="p_shift_4_reg_746">
<pin_list>
<pin id="747" dir="0" index="0" bw="27" slack="4"/>
<pin id="748" dir="1" index="1" bw="27" slack="4"/>
</pin_list>
<bind>
<opset="p_shift_4 "/>
</bind>
</comp>

<comp id="752" class="1005" name="p_shift_5_reg_752">
<pin_list>
<pin id="753" dir="0" index="0" bw="27" slack="4"/>
<pin id="754" dir="1" index="1" bw="27" slack="4"/>
</pin_list>
<bind>
<opset="p_shift_5 "/>
</bind>
</comp>

<comp id="758" class="1005" name="p_shift_6_reg_758">
<pin_list>
<pin id="759" dir="0" index="0" bw="27" slack="4"/>
<pin id="760" dir="1" index="1" bw="27" slack="4"/>
</pin_list>
<bind>
<opset="p_shift_6 "/>
</bind>
</comp>

<comp id="764" class="1005" name="p_shift_7_reg_764">
<pin_list>
<pin id="765" dir="0" index="0" bw="27" slack="4"/>
<pin id="766" dir="1" index="1" bw="27" slack="4"/>
</pin_list>
<bind>
<opset="p_shift_7 "/>
</bind>
</comp>

<comp id="770" class="1005" name="sext_ln783_cast_reg_770">
<pin_list>
<pin id="771" dir="0" index="0" bw="43" slack="1"/>
<pin id="772" dir="1" index="1" bw="43" slack="1"/>
</pin_list>
<bind>
<opset="sext_ln783_cast "/>
</bind>
</comp>

<comp id="775" class="1005" name="sext_ln256_4_cast_reg_775">
<pin_list>
<pin id="776" dir="0" index="0" bw="43" slack="1"/>
<pin id="777" dir="1" index="1" bw="43" slack="1"/>
</pin_list>
<bind>
<opset="sext_ln256_4_cast "/>
</bind>
</comp>

<comp id="780" class="1005" name="sext_ln256_3_cast_reg_780">
<pin_list>
<pin id="781" dir="0" index="0" bw="43" slack="1"/>
<pin id="782" dir="1" index="1" bw="43" slack="1"/>
</pin_list>
<bind>
<opset="sext_ln256_3_cast "/>
</bind>
</comp>

<comp id="785" class="1005" name="sext_ln256_2_cast_reg_785">
<pin_list>
<pin id="786" dir="0" index="0" bw="43" slack="1"/>
<pin id="787" dir="1" index="1" bw="43" slack="1"/>
</pin_list>
<bind>
<opset="sext_ln256_2_cast "/>
</bind>
</comp>

<comp id="790" class="1005" name="sext_ln256_1_cast_reg_790">
<pin_list>
<pin id="791" dir="0" index="0" bw="43" slack="1"/>
<pin id="792" dir="1" index="1" bw="43" slack="1"/>
</pin_list>
<bind>
<opset="sext_ln256_1_cast "/>
</bind>
</comp>

<comp id="795" class="1005" name="sext_ln256_cast_reg_795">
<pin_list>
<pin id="796" dir="0" index="0" bw="43" slack="1"/>
<pin id="797" dir="1" index="1" bw="43" slack="1"/>
</pin_list>
<bind>
<opset="sext_ln256_cast "/>
</bind>
</comp>

<comp id="800" class="1005" name="icmp_ln783_reg_800">
<pin_list>
<pin id="801" dir="0" index="0" bw="1" slack="1"/>
<pin id="802" dir="1" index="1" bw="1" slack="2147483647"/>
</pin_list>
<bind>
<opset="icmp_ln783 "/>
</bind>
</comp>

<comp id="804" class="1005" name="trunc_ln783_2_reg_804">
<pin_list>
<pin id="805" dir="0" index="0" bw="3" slack="4"/>
<pin id="806" dir="1" index="1" bw="3" slack="2147483647"/>
</pin_list>
<bind>
<opset="trunc_ln783_2 "/>
</bind>
</comp>

<comp id="808" class="1005" name="P_addr_reg_808">
<pin_list>
<pin id="809" dir="0" index="0" bw="3" slack="1"/>
<pin id="810" dir="1" index="1" bw="3" slack="1"/>
</pin_list>
<bind>
<opset="P_addr "/>
</bind>
</comp>

<comp id="813" class="1005" name="P_1_addr_reg_813">
<pin_list>
<pin id="814" dir="0" index="0" bw="3" slack="1"/>
<pin id="815" dir="1" index="1" bw="3" slack="1"/>
</pin_list>
<bind>
<opset="P_1_addr "/>
</bind>
</comp>

<comp id="818" class="1005" name="P_2_addr_reg_818">
<pin_list>
<pin id="819" dir="0" index="0" bw="3" slack="1"/>
<pin id="820" dir="1" index="1" bw="3" slack="1"/>
</pin_list>
<bind>
<opset="P_2_addr "/>
</bind>
</comp>

<comp id="823" class="1005" name="P_3_addr_reg_823">
<pin_list>
<pin id="824" dir="0" index="0" bw="3" slack="1"/>
<pin id="825" dir="1" index="1" bw="3" slack="1"/>
</pin_list>
<bind>
<opset="P_3_addr "/>
</bind>
</comp>

<comp id="828" class="1005" name="P_4_addr_reg_828">
<pin_list>
<pin id="829" dir="0" index="0" bw="3" slack="1"/>
<pin id="830" dir="1" index="1" bw="3" slack="1"/>
</pin_list>
<bind>
<opset="P_4_addr "/>
</bind>
</comp>

<comp id="833" class="1005" name="P_5_addr_reg_833">
<pin_list>
<pin id="834" dir="0" index="0" bw="3" slack="1"/>
<pin id="835" dir="1" index="1" bw="3" slack="1"/>
</pin_list>
<bind>
<opset="P_5_addr "/>
</bind>
</comp>

<comp id="838" class="1005" name="tmp_s_reg_838">
<pin_list>
<pin id="839" dir="0" index="0" bw="27" slack="4"/>
<pin id="840" dir="1" index="1" bw="27" slack="4"/>
</pin_list>
<bind>
<opset="tmp_s "/>
</bind>
</comp>

<comp id="843" class="1005" name="sext_ln256_5_reg_843">
<pin_list>
<pin id="844" dir="0" index="0" bw="43" slack="1"/>
<pin id="845" dir="1" index="1" bw="43" slack="1"/>
</pin_list>
<bind>
<opset="sext_ln256_5 "/>
</bind>
</comp>

<comp id="848" class="1005" name="sext_ln256_6_reg_848">
<pin_list>
<pin id="849" dir="0" index="0" bw="43" slack="1"/>
<pin id="850" dir="1" index="1" bw="43" slack="1"/>
</pin_list>
<bind>
<opset="sext_ln256_6 "/>
</bind>
</comp>

<comp id="853" class="1005" name="sext_ln256_7_reg_853">
<pin_list>
<pin id="854" dir="0" index="0" bw="43" slack="1"/>
<pin id="855" dir="1" index="1" bw="43" slack="1"/>
</pin_list>
<bind>
<opset="sext_ln256_7 "/>
</bind>
</comp>

<comp id="858" class="1005" name="sext_ln256_8_reg_858">
<pin_list>
<pin id="859" dir="0" index="0" bw="43" slack="1"/>
<pin id="860" dir="1" index="1" bw="43" slack="1"/>
</pin_list>
<bind>
<opset="sext_ln256_8 "/>
</bind>
</comp>

<comp id="863" class="1005" name="sext_ln256_9_reg_863">
<pin_list>
<pin id="864" dir="0" index="0" bw="43" slack="1"/>
<pin id="865" dir="1" index="1" bw="43" slack="1"/>
</pin_list>
<bind>
<opset="sext_ln256_9 "/>
</bind>
</comp>

<comp id="868" class="1005" name="sext_ln256_10_reg_868">
<pin_list>
<pin id="869" dir="0" index="0" bw="43" slack="1"/>
<pin id="870" dir="1" index="1" bw="43" slack="1"/>
</pin_list>
<bind>
<opset="sext_ln256_10 "/>
</bind>
</comp>

<comp id="873" class="1005" name="trunc_ln182_6_reg_873">
<pin_list>
<pin id="874" dir="0" index="0" bw="27" slack="1"/>
<pin id="875" dir="1" index="1" bw="27" slack="1"/>
</pin_list>
<bind>
<opset="trunc_ln182_6 "/>
</bind>
</comp>

</comp_list>

<net_list>
<net id="155"><net_src comp="56" pin="0"/><net_sink comp="152" pin=0"/></net>

<net id="159"><net_src comp="56" pin="0"/><net_sink comp="156" pin=0"/></net>

<net id="163"><net_src comp="56" pin="0"/><net_sink comp="160" pin=0"/></net>

<net id="167"><net_src comp="56" pin="0"/><net_sink comp="164" pin=0"/></net>

<net id="171"><net_src comp="56" pin="0"/><net_sink comp="168" pin=0"/></net>

<net id="175"><net_src comp="56" pin="0"/><net_sink comp="172" pin=0"/></net>

<net id="179"><net_src comp="56" pin="0"/><net_sink comp="176" pin=0"/></net>

<net id="183"><net_src comp="56" pin="0"/><net_sink comp="180" pin=0"/></net>

<net id="187"><net_src comp="56" pin="0"/><net_sink comp="184" pin=0"/></net>

<net id="192"><net_src comp="58" pin="0"/><net_sink comp="188" pin=0"/></net>

<net id="193"><net_src comp="38" pin="0"/><net_sink comp="188" pin=1"/></net>

<net id="198"><net_src comp="58" pin="0"/><net_sink comp="194" pin=0"/></net>

<net id="199"><net_src comp="36" pin="0"/><net_sink comp="194" pin=1"/></net>

<net id="204"><net_src comp="58" pin="0"/><net_sink comp="200" pin=0"/></net>

<net id="205"><net_src comp="34" pin="0"/><net_sink comp="200" pin=1"/></net>

<net id="210"><net_src comp="58" pin="0"/><net_sink comp="206" pin=0"/></net>

<net id="211"><net_src comp="32" pin="0"/><net_sink comp="206" pin=1"/></net>

<net id="216"><net_src comp="58" pin="0"/><net_sink comp="212" pin=0"/></net>

<net id="217"><net_src comp="30" pin="0"/><net_sink comp="212" pin=1"/></net>

<net id="222"><net_src comp="58" pin="0"/><net_sink comp="218" pin=0"/></net>

<net id="223"><net_src comp="28" pin="0"/><net_sink comp="218" pin=1"/></net>

<net id="228"><net_src comp="58" pin="0"/><net_sink comp="224" pin=0"/></net>

<net id="229"><net_src comp="26" pin="0"/><net_sink comp="224" pin=1"/></net>

<net id="234"><net_src comp="58" pin="0"/><net_sink comp="230" pin=0"/></net>

<net id="235"><net_src comp="24" pin="0"/><net_sink comp="230" pin=1"/></net>

<net id="240"><net_src comp="60" pin="0"/><net_sink comp="236" pin=0"/></net>

<net id="241"><net_src comp="22" pin="0"/><net_sink comp="236" pin=1"/></net>

<net id="246"><net_src comp="60" pin="0"/><net_sink comp="242" pin=0"/></net>

<net id="247"><net_src comp="18" pin="0"/><net_sink comp="242" pin=1"/></net>

<net id="252"><net_src comp="60" pin="0"/><net_sink comp="248" pin=0"/></net>

<net id="253"><net_src comp="14" pin="0"/><net_sink comp="248" pin=1"/></net>

<net id="258"><net_src comp="60" pin="0"/><net_sink comp="254" pin=0"/></net>

<net id="259"><net_src comp="10" pin="0"/><net_sink comp="254" pin=1"/></net>

<net id="264"><net_src comp="60" pin="0"/><net_sink comp="260" pin=0"/></net>

<net id="265"><net_src comp="6" pin="0"/><net_sink comp="260" pin=1"/></net>

<net id="270"><net_src comp="60" pin="0"/><net_sink comp="266" pin=0"/></net>

<net id="271"><net_src comp="2" pin="0"/><net_sink comp="266" pin=1"/></net>

<net id="277"><net_src comp="148" pin="0"/><net_sink comp="272" pin=0"/></net>

<net id="278"><net_src comp="40" pin="0"/><net_sink comp="272" pin=1"/></net>

<net id="284"><net_src comp="148" pin="0"/><net_sink comp="279" pin=0"/></net>

<net id="285"><net_src comp="42" pin="0"/><net_sink comp="279" pin=1"/></net>

<net id="291"><net_src comp="148" pin="0"/><net_sink comp="286" pin=0"/></net>

<net id="292"><net_src comp="44" pin="0"/><net_sink comp="286" pin=1"/></net>

<net id="298"><net_src comp="148" pin="0"/><net_sink comp="293" pin=0"/></net>

<net id="299"><net_src comp="46" pin="0"/><net_sink comp="293" pin=1"/></net>

<net id="305"><net_src comp="148" pin="0"/><net_sink comp="300" pin=0"/></net>

<net id="306"><net_src comp="48" pin="0"/><net_sink comp="300" pin=1"/></net>

<net id="312"><net_src comp="148" pin="0"/><net_sink comp="307" pin=0"/></net>

<net id="313"><net_src comp="50" pin="0"/><net_sink comp="307" pin=1"/></net>

<net id="319"><net_src comp="150" pin="0"/><net_sink comp="314" pin=0"/></net>

<net id="320"><net_src comp="52" pin="0"/><net_sink comp="314" pin=1"/></net>

<net id="326"><net_src comp="150" pin="0"/><net_sink comp="321" pin=0"/></net>

<net id="327"><net_src comp="54" pin="0"/><net_sink comp="321" pin=1"/></net>

<net id="333"><net_src comp="0" pin="0"/><net_sink comp="328" pin=0"/></net>

<net id="334"><net_src comp="78" pin="0"/><net_sink comp="328" pin=1"/></net>

<net id="340"><net_src comp="328" pin="3"/><net_sink comp="335" pin=0"/></net>

<net id="346"><net_src comp="4" pin="0"/><net_sink comp="341" pin=0"/></net>

<net id="347"><net_src comp="78" pin="0"/><net_sink comp="341" pin=1"/></net>

<net id="353"><net_src comp="341" pin="3"/><net_sink comp="348" pin=0"/></net>

<net id="359"><net_src comp="8" pin="0"/><net_sink comp="354" pin=0"/></net>

<net id="360"><net_src comp="78" pin="0"/><net_sink comp="354" pin=1"/></net>

<net id="366"><net_src comp="354" pin="3"/><net_sink comp="361" pin=0"/></net>

<net id="372"><net_src comp="12" pin="0"/><net_sink comp="367" pin=0"/></net>

<net id="373"><net_src comp="78" pin="0"/><net_sink comp="367" pin=1"/></net>

<net id="379"><net_src comp="367" pin="3"/><net_sink comp="374" pin=0"/></net>

<net id="385"><net_src comp="16" pin="0"/><net_sink comp="380" pin=0"/></net>

<net id="386"><net_src comp="78" pin="0"/><net_sink comp="380" pin=1"/></net>

<net id="392"><net_src comp="380" pin="3"/><net_sink comp="387" pin=0"/></net>

<net id="398"><net_src comp="20" pin="0"/><net_sink comp="393" pin=0"/></net>

<net id="399"><net_src comp="78" pin="0"/><net_sink comp="393" pin=1"/></net>

<net id="405"><net_src comp="393" pin="3"/><net_sink comp="400" pin=0"/></net>

<net id="415"><net_src comp="108" pin="0"/><net_sink comp="406" pin=0"/></net>

<net id="443"><net_src comp="236" pin="2"/><net_sink comp="440" pin=0"/></net>

<net id="447"><net_src comp="242" pin="2"/><net_sink comp="444" pin=0"/></net>

<net id="451"><net_src comp="248" pin="2"/><net_sink comp="448" pin=0"/></net>

<net id="455"><net_src comp="254" pin="2"/><net_sink comp="452" pin=0"/></net>

<net id="459"><net_src comp="260" pin="2"/><net_sink comp="456" pin=0"/></net>

<net id="463"><net_src comp="266" pin="2"/><net_sink comp="460" pin=0"/></net>

<net id="468"><net_src comp="72" pin="0"/><net_sink comp="464" pin=0"/></net>

<net id="476"><net_src comp="469" pin="1"/><net_sink comp="472" pin=0"/></net>

<net id="477"><net_src comp="74" pin="0"/><net_sink comp="472" pin=1"/></net>

<net id="482"><net_src comp="469" pin="1"/><net_sink comp="478" pin=0"/></net>

<net id="483"><net_src comp="76" pin="0"/><net_sink comp="478" pin=1"/></net>

<net id="487"><net_src comp="469" pin="1"/><net_sink comp="484" pin=0"/></net>

<net id="488"><net_src comp="484" pin="1"/><net_sink comp="328" pin=2"/></net>

<net id="489"><net_src comp="484" pin="1"/><net_sink comp="341" pin=2"/></net>

<net id="490"><net_src comp="484" pin="1"/><net_sink comp="354" pin=2"/></net>

<net id="491"><net_src comp="484" pin="1"/><net_sink comp="367" pin=2"/></net>

<net id="492"><net_src comp="484" pin="1"/><net_sink comp="380" pin=2"/></net>

<net id="493"><net_src comp="484" pin="1"/><net_sink comp="393" pin=2"/></net>

<net id="497"><net_src comp="469" pin="1"/><net_sink comp="494" pin=0"/></net>

<net id="519"><net_src comp="80" pin="0"/><net_sink comp="498" pin=0"/></net>

<net id="520"><net_src comp="82" pin="0"/><net_sink comp="498" pin=1"/></net>

<net id="521"><net_src comp="230" pin="2"/><net_sink comp="498" pin=2"/></net>

<net id="522"><net_src comp="84" pin="0"/><net_sink comp="498" pin=3"/></net>

<net id="523"><net_src comp="224" pin="2"/><net_sink comp="498" pin=4"/></net>

<net id="524"><net_src comp="86" pin="0"/><net_sink comp="498" pin=5"/></net>

<net id="525"><net_src comp="218" pin="2"/><net_sink comp="498" pin=6"/></net>

<net id="526"><net_src comp="88" pin="0"/><net_sink comp="498" pin=7"/></net>

<net id="527"><net_src comp="212" pin="2"/><net_sink comp="498" pin=8"/></net>

<net id="528"><net_src comp="90" pin="0"/><net_sink comp="498" pin=9"/></net>

<net id="529"><net_src comp="206" pin="2"/><net_sink comp="498" pin=10"/></net>

<net id="530"><net_src comp="92" pin="0"/><net_sink comp="498" pin=11"/></net>

<net id="531"><net_src comp="200" pin="2"/><net_sink comp="498" pin=12"/></net>

<net id="532"><net_src comp="94" pin="0"/><net_sink comp="498" pin=13"/></net>

<net id="533"><net_src comp="194" pin="2"/><net_sink comp="498" pin=14"/></net>

<net id="534"><net_src comp="96" pin="0"/><net_sink comp="498" pin=15"/></net>

<net id="535"><net_src comp="188" pin="2"/><net_sink comp="498" pin=16"/></net>

<net id="536"><net_src comp="98" pin="0"/><net_sink comp="498" pin=17"/></net>

<net id="537"><net_src comp="494" pin="1"/><net_sink comp="498" pin=18"/></net>

<net id="548"><net_src comp="494" pin="1"/><net_sink comp="538" pin=0"/></net>

<net id="549"><net_src comp="82" pin="0"/><net_sink comp="538" pin=1"/></net>

<net id="550"><net_src comp="84" pin="0"/><net_sink comp="538" pin=2"/></net>

<net id="551"><net_src comp="86" pin="0"/><net_sink comp="538" pin=3"/></net>

<net id="552"><net_src comp="88" pin="0"/><net_sink comp="538" pin=4"/></net>

<net id="553"><net_src comp="90" pin="0"/><net_sink comp="538" pin=5"/></net>

<net id="554"><net_src comp="92" pin="0"/><net_sink comp="538" pin=6"/></net>

<net id="555"><net_src comp="94" pin="0"/><net_sink comp="538" pin=7"/></net>

<net id="560"><net_src comp="478" pin="2"/><net_sink comp="556" pin=0"/></net>

<net id="564"><net_src comp="335" pin="3"/><net_sink comp="561" pin=0"/></net>

<net id="565"><net_src comp="561" pin="1"/><net_sink comp="416" pin=0"/></net>

<net id="569"><net_src comp="348" pin="3"/><net_sink comp="566" pin=0"/></net>

<net id="570"><net_src comp="566" pin="1"/><net_sink comp="420" pin=0"/></net>

<net id="574"><net_src comp="361" pin="3"/><net_sink comp="571" pin=0"/></net>

<net id="575"><net_src comp="571" pin="1"/><net_sink comp="424" pin=0"/></net>

<net id="579"><net_src comp="374" pin="3"/><net_sink comp="576" pin=0"/></net>

<net id="580"><net_src comp="576" pin="1"/><net_sink comp="428" pin=0"/></net>

<net id="584"><net_src comp="387" pin="3"/><net_sink comp="581" pin=0"/></net>

<net id="585"><net_src comp="581" pin="1"/><net_sink comp="432" pin=0"/></net>

<net id="589"><net_src comp="400" pin="3"/><net_sink comp="586" pin=0"/></net>

<net id="590"><net_src comp="586" pin="1"/><net_sink comp="436" pin=0"/></net>

<net id="594"><net_src comp="416" pin="2"/><net_sink comp="591" pin=0"/></net>

<net id="595"><net_src comp="591" pin="1"/><net_sink comp="406" pin=1"/></net>

<net id="599"><net_src comp="420" pin="2"/><net_sink comp="596" pin=0"/></net>

<net id="600"><net_src comp="596" pin="1"/><net_sink comp="406" pin=2"/></net>

<net id="604"><net_src comp="424" pin="2"/><net_sink comp="601" pin=0"/></net>

<net id="605"><net_src comp="601" pin="1"/><net_sink comp="406" pin=3"/></net>

<net id="609"><net_src comp="428" pin="2"/><net_sink comp="606" pin=0"/></net>

<net id="610"><net_src comp="606" pin="1"/><net_sink comp="406" pin=4"/></net>

<net id="614"><net_src comp="432" pin="2"/><net_sink comp="611" pin=0"/></net>

<net id="615"><net_src comp="611" pin="1"/><net_sink comp="406" pin=5"/></net>

<net id="619"><net_src comp="436" pin="2"/><net_sink comp="616" pin=0"/></net>

<net id="620"><net_src comp="616" pin="1"/><net_sink comp="406" pin=6"/></net>

<net id="627"><net_src comp="110" pin="0"/><net_sink comp="621" pin=0"/></net>

<net id="628"><net_src comp="406" pin="7"/><net_sink comp="621" pin=1"/></net>

<net id="629"><net_src comp="112" pin="0"/><net_sink comp="621" pin=2"/></net>

<net id="630"><net_src comp="114" pin="0"/><net_sink comp="621" pin=3"/></net>

<net id="640"><net_src comp="631" pin="1"/><net_sink comp="637" pin=0"/></net>

<net id="641"><net_src comp="637" pin="1"/><net_sink comp="321" pin=2"/></net>

<net id="645"><net_src comp="634" pin="1"/><net_sink comp="642" pin=0"/></net>

<net id="646"><net_src comp="642" pin="1"/><net_sink comp="314" pin=2"/></net>

<net id="655"><net_src comp="647" pin="2"/><net_sink comp="651" pin=0"/></net>

<net id="660"><net_src comp="647" pin="2"/><net_sink comp="656" pin=0"/></net>

<net id="665"><net_src comp="647" pin="2"/><net_sink comp="661" pin=0"/></net>

<net id="670"><net_src comp="647" pin="2"/><net_sink comp="666" pin=0"/></net>

<net id="675"><net_src comp="647" pin="2"/><net_sink comp="671" pin=0"/></net>

<net id="680"><net_src comp="647" pin="2"/><net_sink comp="676" pin=0"/></net>

<net id="685"><net_src comp="647" pin="2"/><net_sink comp="681" pin=0"/></net>

<net id="690"><net_src comp="647" pin="2"/><net_sink comp="686" pin=0"/></net>

<net id="694"><net_src comp="691" pin="1"/><net_sink comp="307" pin=2"/></net>

<net id="698"><net_src comp="695" pin="1"/><net_sink comp="300" pin=2"/></net>

<net id="702"><net_src comp="699" pin="1"/><net_sink comp="293" pin=2"/></net>

<net id="706"><net_src comp="703" pin="1"/><net_sink comp="286" pin=2"/></net>

<net id="710"><net_src comp="707" pin="1"/><net_sink comp="279" pin=2"/></net>

<net id="714"><net_src comp="711" pin="1"/><net_sink comp="272" pin=2"/></net>

<net id="718"><net_src comp="152" pin="1"/><net_sink comp="715" pin=0"/></net>

<net id="719"><net_src comp="715" pin="1"/><net_sink comp="464" pin=1"/></net>

<net id="720"><net_src comp="715" pin="1"/><net_sink comp="469" pin=0"/></net>

<net id="721"><net_src comp="715" pin="1"/><net_sink comp="556" pin=1"/></net>

<net id="725"><net_src comp="156" pin="1"/><net_sink comp="722" pin=0"/></net>

<net id="726"><net_src comp="722" pin="1"/><net_sink comp="631" pin=0"/></net>

<net id="727"><net_src comp="722" pin="1"/><net_sink comp="686" pin=1"/></net>

<net id="731"><net_src comp="160" pin="1"/><net_sink comp="728" pin=0"/></net>

<net id="732"><net_src comp="728" pin="1"/><net_sink comp="634" pin=0"/></net>

<net id="733"><net_src comp="728" pin="1"/><net_sink comp="651" pin=1"/></net>

<net id="737"><net_src comp="164" pin="1"/><net_sink comp="734" pin=0"/></net>

<net id="738"><net_src comp="734" pin="1"/><net_sink comp="656" pin=1"/></net>

<net id="739"><net_src comp="734" pin="1"/><net_sink comp="691" pin=0"/></net>

<net id="743"><net_src comp="168" pin="1"/><net_sink comp="740" pin=0"/></net>

<net id="744"><net_src comp="740" pin="1"/><net_sink comp="661" pin=1"/></net>

<net id="745"><net_src comp="740" pin="1"/><net_sink comp="695" pin=0"/></net>

<net id="749"><net_src comp="172" pin="1"/><net_sink comp="746" pin=0"/></net>

<net id="750"><net_src comp="746" pin="1"/><net_sink comp="666" pin=1"/></net>

<net id="751"><net_src comp="746" pin="1"/><net_sink comp="699" pin=0"/></net>

<net id="755"><net_src comp="176" pin="1"/><net_sink comp="752" pin=0"/></net>

<net id="756"><net_src comp="752" pin="1"/><net_sink comp="671" pin=1"/></net>

<net id="757"><net_src comp="752" pin="1"/><net_sink comp="703" pin=0"/></net>

<net id="761"><net_src comp="180" pin="1"/><net_sink comp="758" pin=0"/></net>

<net id="762"><net_src comp="758" pin="1"/><net_sink comp="676" pin=1"/></net>

<net id="763"><net_src comp="758" pin="1"/><net_sink comp="707" pin=0"/></net>

<net id="767"><net_src comp="184" pin="1"/><net_sink comp="764" pin=0"/></net>

<net id="768"><net_src comp="764" pin="1"/><net_sink comp="681" pin=1"/></net>

<net id="769"><net_src comp="764" pin="1"/><net_sink comp="711" pin=0"/></net>

<net id="773"><net_src comp="440" pin="1"/><net_sink comp="770" pin=0"/></net>

<net id="774"><net_src comp="770" pin="1"/><net_sink comp="436" pin=1"/></net>

<net id="778"><net_src comp="444" pin="1"/><net_sink comp="775" pin=0"/></net>

<net id="779"><net_src comp="775" pin="1"/><net_sink comp="432" pin=1"/></net>

<net id="783"><net_src comp="448" pin="1"/><net_sink comp="780" pin=0"/></net>

<net id="784"><net_src comp="780" pin="1"/><net_sink comp="428" pin=1"/></net>

<net id="788"><net_src comp="452" pin="1"/><net_sink comp="785" pin=0"/></net>

<net id="789"><net_src comp="785" pin="1"/><net_sink comp="424" pin=1"/></net>

<net id="793"><net_src comp="456" pin="1"/><net_sink comp="790" pin=0"/></net>

<net id="794"><net_src comp="790" pin="1"/><net_sink comp="420" pin=1"/></net>

<net id="798"><net_src comp="460" pin="1"/><net_sink comp="795" pin=0"/></net>

<net id="799"><net_src comp="795" pin="1"/><net_sink comp="416" pin=1"/></net>

<net id="803"><net_src comp="472" pin="2"/><net_sink comp="800" pin=0"/></net>

<net id="807"><net_src comp="494" pin="1"/><net_sink comp="804" pin=0"/></net>

<net id="811"><net_src comp="328" pin="3"/><net_sink comp="808" pin=0"/></net>

<net id="812"><net_src comp="808" pin="1"/><net_sink comp="335" pin=0"/></net>

<net id="816"><net_src comp="341" pin="3"/><net_sink comp="813" pin=0"/></net>

<net id="817"><net_src comp="813" pin="1"/><net_sink comp="348" pin=0"/></net>

<net id="821"><net_src comp="354" pin="3"/><net_sink comp="818" pin=0"/></net>

<net id="822"><net_src comp="818" pin="1"/><net_sink comp="361" pin=0"/></net>

<net id="826"><net_src comp="367" pin="3"/><net_sink comp="823" pin=0"/></net>

<net id="827"><net_src comp="823" pin="1"/><net_sink comp="374" pin=0"/></net>

<net id="831"><net_src comp="380" pin="3"/><net_sink comp="828" pin=0"/></net>

<net id="832"><net_src comp="828" pin="1"/><net_sink comp="387" pin=0"/></net>

<net id="836"><net_src comp="393" pin="3"/><net_sink comp="833" pin=0"/></net>

<net id="837"><net_src comp="833" pin="1"/><net_sink comp="400" pin=0"/></net>

<net id="841"><net_src comp="498" pin="19"/><net_sink comp="838" pin=0"/></net>

<net id="842"><net_src comp="838" pin="1"/><net_sink comp="647" pin=1"/></net>

<net id="846"><net_src comp="561" pin="1"/><net_sink comp="843" pin=0"/></net>

<net id="847"><net_src comp="843" pin="1"/><net_sink comp="416" pin=0"/></net>

<net id="851"><net_src comp="566" pin="1"/><net_sink comp="848" pin=0"/></net>

<net id="852"><net_src comp="848" pin="1"/><net_sink comp="420" pin=0"/></net>

<net id="856"><net_src comp="571" pin="1"/><net_sink comp="853" pin=0"/></net>

<net id="857"><net_src comp="853" pin="1"/><net_sink comp="424" pin=0"/></net>

<net id="861"><net_src comp="576" pin="1"/><net_sink comp="858" pin=0"/></net>

<net id="862"><net_src comp="858" pin="1"/><net_sink comp="428" pin=0"/></net>

<net id="866"><net_src comp="581" pin="1"/><net_sink comp="863" pin=0"/></net>

<net id="867"><net_src comp="863" pin="1"/><net_sink comp="432" pin=0"/></net>

<net id="871"><net_src comp="586" pin="1"/><net_sink comp="868" pin=0"/></net>

<net id="872"><net_src comp="868" pin="1"/><net_sink comp="436" pin=0"/></net>

<net id="876"><net_src comp="621" pin="4"/><net_sink comp="873" pin=0"/></net>

<net id="877"><net_src comp="873" pin="1"/><net_sink comp="647" pin=0"/></net>

</net_list>

</model> 
---------------- Datapath Model END ------------------

* FSMD analyzer results:
  - Output states:
	Port: p_shift_7_out | {5 }
	Port: p_shift_6_out | {5 }
	Port: p_shift_5_out | {5 }
	Port: p_shift_4_out | {5 }
	Port: p_shift_3_out | {5 }
	Port: p_shift_2_out | {5 }
	Port: p_shift_1_out | {5 }
	Port: p_shift_out | {5 }
 - Input state : 
	Port: riccati_backward_pass_Pipeline_VITIS_LOOP_783_12 : P | {1 2 }
	Port: riccati_backward_pass_Pipeline_VITIS_LOOP_783_12 : sext_ln256 | {1 }
	Port: riccati_backward_pass_Pipeline_VITIS_LOOP_783_12 : P_1 | {1 2 }
	Port: riccati_backward_pass_Pipeline_VITIS_LOOP_783_12 : sext_ln256_1 | {1 }
	Port: riccati_backward_pass_Pipeline_VITIS_LOOP_783_12 : P_2 | {1 2 }
	Port: riccati_backward_pass_Pipeline_VITIS_LOOP_783_12 : sext_ln256_2 | {1 }
	Port: riccati_backward_pass_Pipeline_VITIS_LOOP_783_12 : P_3 | {1 2 }
	Port: riccati_backward_pass_Pipeline_VITIS_LOOP_783_12 : sext_ln256_3 | {1 }
	Port: riccati_backward_pass_Pipeline_VITIS_LOOP_783_12 : P_4 | {1 2 }
	Port: riccati_backward_pass_Pipeline_VITIS_LOOP_783_12 : sext_ln256_4 | {1 }
	Port: riccati_backward_pass_Pipeline_VITIS_LOOP_783_12 : P_5 | {1 2 }
	Port: riccati_backward_pass_Pipeline_VITIS_LOOP_783_12 : sext_ln783 | {1 }
	Port: riccati_backward_pass_Pipeline_VITIS_LOOP_783_12 : p_6 | {1 }
	Port: riccati_backward_pass_Pipeline_VITIS_LOOP_783_12 : p_7 | {1 }
	Port: riccati_backward_pass_Pipeline_VITIS_LOOP_783_12 : p_8 | {1 }
	Port: riccati_backward_pass_Pipeline_VITIS_LOOP_783_12 : p_9 | {1 }
	Port: riccati_backward_pass_Pipeline_VITIS_LOOP_783_12 : p_10 | {1 }
	Port: riccati_backward_pass_Pipeline_VITIS_LOOP_783_12 : p_11 | {1 }
	Port: riccati_backward_pass_Pipeline_VITIS_LOOP_783_12 : p_12 | {1 }
	Port: riccati_backward_pass_Pipeline_VITIS_LOOP_783_12 : p_13 | {1 }
  - Chain level:
	State 1
		store_ln491 : 1
		i_2 : 1
		icmp_ln783 : 2
		add_ln783 : 2
		br_ln783 : 3
		zext_ln783 : 2
		trunc_ln783_2 : 2
		P_addr : 3
		a : 4
		P_1_addr : 3
		a_23 : 4
		P_2_addr : 3
		a_24 : 4
		P_3_addr : 3
		a_25 : 4
		P_4_addr : 3
		a_26 : 4
		P_5_addr : 3
		a_27 : 4
		tmp_s : 3
		switch_ln792 : 3
		store_ln491 : 3
	State 2
		sext_ln256_5 : 1
		mul_ln786 : 2
		sext_ln256_6 : 1
		mul_ln787 : 2
		sext_ln256_7 : 1
		mul_ln788 : 2
		sext_ln256_8 : 1
		mul_ln789 : 2
		sext_ln256_9 : 1
		mul_ln790 : 2
		sext_ln256_10 : 1
		mul_ln791 : 2
	State 3
	State 4
		trunc_ln257 : 1
		specfucore_ln257 : 1
		trunc_ln257_30 : 1
		specfucore_ln257 : 1
		trunc_ln257_31 : 1
		specfucore_ln257 : 1
		trunc_ln257_32 : 1
		specfucore_ln257 : 1
		trunc_ln257_33 : 1
		specfucore_ln257 : 1
		trunc_ln257_34 : 1
		specfucore_ln257 : 1
		pd_sum : 2
		trunc_ln182_6 : 3
	State 5
		trunc_ln783 : 1
		trunc_ln783_1 : 1
		rend680 : 1
		rend678 : 1
		rend676 : 1
		rend674 : 1
		rend672 : 1
		rend670 : 1
		store_ln781 : 1
		store_ln781 : 1
		store_ln781 : 1
		store_ln781 : 1
		store_ln781 : 1
		store_ln781 : 1
		store_ln781 : 1
		store_ln781 : 1
		write_ln0 : 1
		write_ln0 : 1
		write_ln0 : 1
		write_ln0 : 1
		write_ln0 : 1
		write_ln0 : 1
		write_ln783 : 2
		write_ln783 : 2


============================================================
+ Verbose Summary: Datapath Resource usage 
============================================================

* Functional unit list:
|----------|-------------------------------|---------|---------|---------|
| Operation|        Functional Unit        |   DSP   |    FF   |   LUT   |
|----------|-------------------------------|---------|---------|---------|
|          |           grp_fu_416          |    2    |    23   |    32   |
|          |           grp_fu_420          |    2    |    23   |    32   |
|    mul   |           grp_fu_424          |    2    |    23   |    32   |
|          |           grp_fu_428          |    2    |    23   |    32   |
|          |           grp_fu_432          |    2    |    23   |    32   |
|          |           grp_fu_436          |    2    |    23   |    32   |
|----------|-------------------------------|---------|---------|---------|
|   call   |  pd_sum_sum6_P_QP_raw_fu_406  |    0    |    0    |   212   |
|----------|-------------------------------|---------|---------|---------|
|    add   |        add_ln783_fu_478       |    0    |    0    |    12   |
|          |       p_shift_11_fu_647       |    0    |    0    |    34   |
|----------|-------------------------------|---------|---------|---------|
| sparsemux|          tmp_s_fu_498         |    0    |    0    |    43   |
|----------|-------------------------------|---------|---------|---------|
|   icmp   |       icmp_ln783_fu_472       |    0    |    0    |    12   |
|----------|-------------------------------|---------|---------|---------|
|          |     p_13_read_read_fu_188     |    0    |    0    |    0    |
|          |     p_12_read_read_fu_194     |    0    |    0    |    0    |
|          |     p_11_read_read_fu_200     |    0    |    0    |    0    |
|          |     p_10_read_read_fu_206     |    0    |    0    |    0    |
|          |      p_9_read_read_fu_212     |    0    |    0    |    0    |
|          |      p_8_read_read_fu_218     |    0    |    0    |    0    |
|   read   |      p_7_read_read_fu_224     |    0    |    0    |    0    |
|          |      p_6_read_read_fu_230     |    0    |    0    |    0    |
|          |  sext_ln783_read_read_fu_236  |    0    |    0    |    0    |
|          | sext_ln256_4_read_read_fu_242 |    0    |    0    |    0    |
|          | sext_ln256_3_read_read_fu_248 |    0    |    0    |    0    |
|          | sext_ln256_2_read_read_fu_254 |    0    |    0    |    0    |
|          | sext_ln256_1_read_read_fu_260 |    0    |    0    |    0    |
|          |  sext_ln256_read_read_fu_266  |    0    |    0    |    0    |
|----------|-------------------------------|---------|---------|---------|
|          |     write_ln0_write_fu_272    |    0    |    0    |    0    |
|          |     write_ln0_write_fu_279    |    0    |    0    |    0    |
|          |     write_ln0_write_fu_286    |    0    |    0    |    0    |
|   write  |     write_ln0_write_fu_293    |    0    |    0    |    0    |
|          |     write_ln0_write_fu_300    |    0    |    0    |    0    |
|          |     write_ln0_write_fu_307    |    0    |    0    |    0    |
|          |    write_ln783_write_fu_314   |    0    |    0    |    0    |
|          |    write_ln783_write_fu_321   |    0    |    0    |    0    |
|----------|-------------------------------|---------|---------|---------|
|          |     sext_ln783_cast_fu_440    |    0    |    0    |    0    |
|          |    sext_ln256_4_cast_fu_444   |    0    |    0    |    0    |
|          |    sext_ln256_3_cast_fu_448   |    0    |    0    |    0    |
|          |    sext_ln256_2_cast_fu_452   |    0    |    0    |    0    |
|          |    sext_ln256_1_cast_fu_456   |    0    |    0    |    0    |
|   sext   |     sext_ln256_cast_fu_460    |    0    |    0    |    0    |
|          |      sext_ln256_5_fu_561      |    0    |    0    |    0    |
|          |      sext_ln256_6_fu_566      |    0    |    0    |    0    |
|          |      sext_ln256_7_fu_571      |    0    |    0    |    0    |
|          |      sext_ln256_8_fu_576      |    0    |    0    |    0    |
|          |      sext_ln256_9_fu_581      |    0    |    0    |    0    |
|          |      sext_ln256_10_fu_586     |    0    |    0    |    0    |
|----------|-------------------------------|---------|---------|---------|
|   zext   |       zext_ln783_fu_484       |    0    |    0    |    0    |
|----------|-------------------------------|---------|---------|---------|
|          |      trunc_ln783_2_fu_494     |    0    |    0    |    0    |
|          |       trunc_ln257_fu_591      |    0    |    0    |    0    |
|          |     trunc_ln257_30_fu_596     |    0    |    0    |    0    |
|          |     trunc_ln257_31_fu_601     |    0    |    0    |    0    |
|   trunc  |     trunc_ln257_32_fu_606     |    0    |    0    |    0    |
|          |     trunc_ln257_33_fu_611     |    0    |    0    |    0    |
|          |     trunc_ln257_34_fu_616     |    0    |    0    |    0    |
|          |       trunc_ln783_fu_637      |    0    |    0    |    0    |
|          |      trunc_ln783_1_fu_642     |    0    |    0    |    0    |
|----------|-------------------------------|---------|---------|---------|
|  switch  |      switch_ln792_fu_538      |    0    |    0    |    0    |
|----------|-------------------------------|---------|---------|---------|
|partselect|      trunc_ln182_6_fu_621     |    0    |    0    |    0    |
|----------|-------------------------------|---------|---------|---------|
|   Total  |                               |    12   |   138   |   505   |
|----------|-------------------------------|---------|---------|---------|

Memories:
N/A

* Register list:
+-------------------------+--------+
|                         |   FF   |
+-------------------------+--------+
|     P_1_addr_reg_813    |    3   |
|     P_2_addr_reg_818    |    3   |
|     P_3_addr_reg_823    |    3   |
|     P_4_addr_reg_828    |    3   |
|     P_5_addr_reg_833    |    3   |
|      P_addr_reg_808     |    3   |
|        i_reg_715        |    4   |
|    icmp_ln783_reg_800   |    1   |
|    p_shift_1_reg_728    |   27   |
|    p_shift_2_reg_734    |   27   |
|    p_shift_3_reg_740    |   27   |
|    p_shift_4_reg_746    |   27   |
|    p_shift_5_reg_752    |   27   |
|    p_shift_6_reg_758    |   27   |
|    p_shift_7_reg_764    |   27   |
|     p_shift_reg_722     |   27   |
|  sext_ln256_10_reg_868  |   43   |
|sext_ln256_1_cast_reg_790|   43   |
|sext_ln256_2_cast_reg_785|   43   |
|sext_ln256_3_cast_reg_780|   43   |
|sext_ln256_4_cast_reg_775|   43   |
|   sext_ln256_5_reg_843  |   43   |
|   sext_ln256_6_reg_848  |   43   |
|   sext_ln256_7_reg_853  |   43   |
|   sext_ln256_8_reg_858  |   43   |
|   sext_ln256_9_reg_863  |   43   |
| sext_ln256_cast_reg_795 |   43   |
| sext_ln783_cast_reg_770 |   43   |
|      tmp_s_reg_838      |   27   |
|  trunc_ln182_6_reg_873  |   27   |
|  trunc_ln783_2_reg_804  |    3   |
+-------------------------+--------+
|          Total          |   812  |
+-------------------------+--------+

* Multiplexer (MUX) list: 
|-------------------|------|------|------|--------||---------||---------||---------|
|        Comp       |  Pin | Size |  BW  | S x BW ||  Delay  ||    FF   ||   LUT   |
|-------------------|------|------|------|--------||---------||---------||---------|
| grp_access_fu_335 |  p0  |   2  |   3  |    6   ||    0    ||    9    |
| grp_access_fu_348 |  p0  |   2  |   3  |    6   ||    0    ||    9    |
| grp_access_fu_361 |  p0  |   2  |   3  |    6   ||    0    ||    9    |
| grp_access_fu_374 |  p0  |   2  |   3  |    6   ||    0    ||    9    |
| grp_access_fu_387 |  p0  |   2  |   3  |    6   ||    0    ||    9    |
| grp_access_fu_400 |  p0  |   2  |   3  |    6   ||    0    ||    9    |
|     grp_fu_416    |  p0  |   2  |  27  |   54   ||    0    ||    9    |
|     grp_fu_420    |  p0  |   2  |  27  |   54   ||    0    ||    9    |
|     grp_fu_424    |  p0  |   2  |  27  |   54   ||    0    ||    9    |
|     grp_fu_428    |  p0  |   2  |  27  |   54   ||    0    ||    9    |
|     grp_fu_432    |  p0  |   2  |  27  |   54   ||    0    ||    9    |
|     grp_fu_436    |  p0  |   2  |  27  |   54   ||    0    ||    9    |
|-------------------|------|------|------|--------||---------||---------||---------|
|       Total       |      |      |      |   360  ||  5.124  ||    0    ||   108   |
|-------------------|------|------|------|--------||---------||---------||---------|



* Summary:
+-----------+--------+--------+--------+--------+
|           |   DSP  |  Delay |   FF   |   LUT  |
+-----------+--------+--------+--------+--------+
|  Function |   12   |    -   |   138  |   505  |
|   Memory  |    -   |    -   |    -   |    -   |
|Multiplexer|    -   |    5   |    0   |   108  |
|  Register |    -   |    -   |   812  |    -   |
+-----------+--------+--------+--------+--------+
|   Total   |   12   |    5   |   950  |   613  |
+-----------+--------+--------+--------+--------+
