

================================================================
== Vitis HLS Report for 'riccati_backward_pass_Pipeline_VITIS_LOOP_726_7_VITIS_LOOP_727_8'
================================================================
* Date:           Thu May 21 15:23:10 2026

* Version:        2025.2 (Build 6295257 on Nov 14 2025)
* Project:        mpc_fpga_top_opencl
* Solution:       hls (Vitis Kernel Flow Target)
* Product family: zynquplus
* Target device:  xck26-sfvc784-2LV-c


================================================================
== Performance Estimates
================================================================
+ Timing: 
    * Summary: 
    +--------+---------+----------+------------+
    |  Clock |  Target | Estimated| Uncertainty|
    +--------+---------+----------+------------+
    |ap_clk  |  5.00 ns|  4.174 ns|     0.50 ns|
    +--------+---------+----------+------------+

+ Latency: 
    * Summary: 
    +---------+---------+-----------+-----------+-----+-----+-------------------+
    |  Latency (cycles) |   Latency (absolute)  |  Interval |      Pipeline     |
    |   min   |   max   |    min    |    max    | min | max |        Type       |
    +---------+---------+-----------+-----------+-----+-----+-------------------+
    |       17|       17|  85.000 ns|  85.000 ns|    0|    0|  loop pipeline stp|
    +---------+---------+-----------+-----------+-----+-----+-------------------+

    + Detail: 
        * Instance: 
        +---------------------------+----------------+---------+---------+----------+----------+-----+-----+---------+
        |                           |                |  Latency (cycles) |  Latency (absolute) |  Interval | Pipeline|
        |          Instance         |     Module     |   min   |   max   |    min   |    max   | min | max |   Type  |
        +---------------------------+----------------+---------+---------+----------+----------+-----+-----+---------+
        |sum_sum6_MG_QP_raw_fu_636  |sum6_MG_QP_raw  |        0|        0|      0 ns|      0 ns|    1|    1|      yes|
        +---------------------------+----------------+---------+---------+----------+----------+-----+-----+---------+

        * Loop: 
        +-------------------------------------+---------+---------+----------+-----------+-----------+------+----------+
        |                                     |  Latency (cycles) | Iteration|  Initiation Interval  | Trip |          |
        |              Loop Name              |   min   |   max   |  Latency |  achieved |   target  | Count| Pipelined|
        +-------------------------------------+---------+---------+----------+-----------+-----------+------+----------+
        |- VITIS_LOOP_726_7_VITIS_LOOP_727_8  |       15|       15|         5|          1|          1|    12|       yes|
        +-------------------------------------+---------+---------+----------+-----------+-----------+------+----------+



================================================================
== Utilization Estimates
================================================================
* Summary: 
+-----------------+---------+------+--------+--------+-----+
|       Name      | BRAM_18K|  DSP |   FF   |   LUT  | URAM|
+-----------------+---------+------+--------+--------+-----+
|DSP              |        -|     -|       -|       -|    -|
|Expression       |        -|     -|       0|     276|    -|
|FIFO             |        -|     -|       -|       -|    -|
|Instance         |        -|    24|     588|     735|    -|
|Memory           |        -|     -|       -|       -|    -|
|Multiplexer      |        -|     -|       0|      54|    -|
|Register         |        -|     -|     827|      96|    -|
+-----------------+---------+------+--------+--------+-----+
|Total            |        0|    24|    1415|    1161|    0|
+-----------------+---------+------+--------+--------+-----+
|Available        |      288|  1248|  234240|  117120|   64|
+-----------------+---------+------+--------+--------+-----+
|Utilization (%)  |        0|     1|      ~0|      ~0|    0|
+-----------------+---------+------+--------+--------+-----+

+ Detail: 
    * Instance: 
    +----------------------------+-----------------------+---------+----+----+-----+-----+
    |          Instance          |         Module        | BRAM_18K| DSP| FF | LUT | URAM|
    +----------------------------+-----------------------+---------+----+----+-----+-----+
    |mul_34s_32s_52_4_1_U852     |mul_34s_32s_52_4_1     |        0|   4|  98|   47|    0|
    |mul_34s_32s_52_4_1_U853     |mul_34s_32s_52_4_1     |        0|   4|  98|   47|    0|
    |mul_34s_32s_52_4_1_U854     |mul_34s_32s_52_4_1     |        0|   4|  98|   47|    0|
    |mul_34s_32s_52_4_1_U855     |mul_34s_32s_52_4_1     |        0|   4|  98|   47|    0|
    |mul_34s_32s_52_4_1_U856     |mul_34s_32s_52_4_1     |        0|   4|  98|   47|    0|
    |mul_34s_32s_52_4_1_U857     |mul_34s_32s_52_4_1     |        0|   4|  98|   47|    0|
    |sparsemux_13_3_32_1_1_U858  |sparsemux_13_3_32_1_1  |        0|   0|   0|   31|    0|
    |sparsemux_13_3_32_1_1_U859  |sparsemux_13_3_32_1_1  |        0|   0|   0|   31|    0|
    |sparsemux_13_3_32_1_1_U860  |sparsemux_13_3_32_1_1  |        0|   0|   0|   31|    0|
    |sparsemux_13_3_32_1_1_U861  |sparsemux_13_3_32_1_1  |        0|   0|   0|   31|    0|
    |sparsemux_13_3_32_1_1_U862  |sparsemux_13_3_32_1_1  |        0|   0|   0|   31|    0|
    |sparsemux_13_3_32_1_1_U863  |sparsemux_13_3_32_1_1  |        0|   0|   0|   31|    0|
    |sum_sum6_MG_QP_raw_fu_636   |sum6_MG_QP_raw         |        0|   0|   0|  267|    0|
    +----------------------------+-----------------------+---------+----+----+-----+-----+
    |Total                       |                       |        0|  24| 588|  735|    0|
    +----------------------------+-----------------------+---------+----+----+-----+-----+

    * DSP: 
    N/A

    * Memory: 
    N/A

    * FIFO: 
    N/A

    * Expression: 
    +------------------------+----------+----+---+----+------------+------------+
    |      Variable Name     | Operation| DSP| FF| LUT| Bitwidth P0| Bitwidth P1|
    +------------------------+----------+----+---+----+------------+------------+
    |add_ln726_1_fu_737_p2   |         +|   0|  0|  12|           4|           1|
    |add_ln726_fu_754_p2     |         +|   0|  0|   9|           2|           1|
    |add_ln727_fu_1047_p2    |         +|   0|  0|  10|           3|           1|
    |empty_fu_783_p2         |      icmp|   0|  0|   9|           2|           1|
    |icmp_ln726_fu_731_p2    |      icmp|   0|  0|  12|           4|           4|
    |icmp_ln727_fu_760_p2    |      icmp|   0|  0|  10|           3|           3|
    |icmp_ln736_fu_855_p2    |      icmp|   0|  0|   9|           2|           1|
    |a_1_fu_800_p3           |    select|   0|  0|  33|           1|          34|
    |a_26_fu_789_p3          |    select|   0|  0|  33|           1|          34|
    |a_2_fu_811_p3           |    select|   0|  0|  33|           1|          34|
    |a_3_fu_822_p3           |    select|   0|  0|  33|           1|          34|
    |a_4_fu_833_p3           |    select|   0|  0|  33|           1|          34|
    |a_5_fu_844_p3           |    select|   0|  0|  33|           1|          34|
    |select_ln723_fu_766_p3  |    select|   0|  0|   3|           1|           1|
    |select_ln726_fu_775_p3  |    select|   0|  0|   2|           1|           2|
    |ap_enable_pp0           |       xor|   0|  0|   2|           1|           2|
    +------------------------+----------+----+---+----+------------+------------+
    |Total                   |          |   0|  0| 276|          29|         221|
    +------------------------+----------+----+---+----+------------+------------+

    * Multiplexer: 
    +--------------------------------------+----+-----------+-----+-----------+
    |                 Name                 | LUT| Input Size| Bits| Total Bits|
    +--------------------------------------+----+-----------+-----+-----------+
    |a_fu_208                              |   9|          2|    2|          4|
    |ap_done_int                           |   9|          2|    1|          2|
    |ap_enable_reg_pp0_iter1               |   9|          2|    1|          2|
    |ap_sig_allocacmp_indvar_flatten_load  |   9|          2|    4|          8|
    |indvar_flatten_fu_212                 |   9|          2|    4|          8|
    |j_1_fu_204                            |   9|          2|    3|          6|
    +--------------------------------------+----+-----------+-----+-----------+
    |Total                                 |  54|         12|   15|         30|
    +--------------------------------------+----+-----------+-----+-----------+

    * Register: 
    +----------------------------------+----+----+-----+-----------+
    |               Name               | FF | LUT| Bits| Const Bits|
    +----------------------------------+----+----+-----+-----------+
    |G_10_fu_256                       |  34|   0|   34|          0|
    |G_11_fu_260                       |  34|   0|   34|          0|
    |G_1_fu_220                        |  34|   0|   34|          0|
    |G_2_fu_224                        |  34|   0|   34|          0|
    |G_3_fu_228                        |  34|   0|   34|          0|
    |G_4_fu_232                        |  34|   0|   34|          0|
    |G_5_fu_236                        |  34|   0|   34|          0|
    |G_6_fu_240                        |  34|   0|   34|          0|
    |G_7_fu_244                        |  34|   0|   34|          0|
    |G_8_fu_248                        |  34|   0|   34|          0|
    |G_9_fu_252                        |  34|   0|   34|          0|
    |G_fu_216                          |  34|   0|   34|          0|
    |a_fu_208                          |   2|   0|    2|          0|
    |ap_CS_fsm                         |   1|   0|    1|          0|
    |ap_done_reg                       |   1|   0|    1|          0|
    |ap_enable_reg_pp0_iter1           |   1|   0|    1|          0|
    |ap_enable_reg_pp0_iter2           |   1|   0|    1|          0|
    |ap_enable_reg_pp0_iter3           |   1|   0|    1|          0|
    |ap_enable_reg_pp0_iter4           |   1|   0|    1|          0|
    |ap_loop_exit_ready_pp0_iter1_reg  |   1|   0|    1|          0|
    |ap_loop_exit_ready_pp0_iter2_reg  |   1|   0|    1|          0|
    |ap_loop_exit_ready_pp0_iter3_reg  |   1|   0|    1|          0|
    |icmp_ln726_reg_1514               |   1|   0|    1|          0|
    |icmp_ln736_reg_1552               |   1|   0|    1|          0|
    |indvar_flatten_fu_212             |   4|   0|    4|          0|
    |j_1_fu_204                        |   3|   0|    3|          0|
    |select_ln723_reg_1518             |   3|   0|    3|          0|
    |sext_ln167_1_cast_reg_1509        |  34|   0|   34|          0|
    |sext_ln167_2_cast_reg_1504        |  34|   0|   34|          0|
    |sext_ln167_3_cast_reg_1499        |  34|   0|   34|          0|
    |sext_ln167_4_cast_reg_1494        |  34|   0|   34|          0|
    |sext_ln167_5_cast_reg_1489        |  34|   0|   34|          0|
    |sext_ln167_6_cast_reg_1484        |  34|   0|   34|          0|
    |icmp_ln726_reg_1514               |  64|  32|    1|          0|
    |icmp_ln736_reg_1552               |  64|  32|    1|          0|
    |select_ln723_reg_1518             |  64|  32|    3|          0|
    +----------------------------------+----+----+-----+-----------+
    |Total                             | 827|  96|  640|          0|
    +----------------------------------+----+----+-----+-----------+



================================================================
== Interface
================================================================
* Summary: 
+----------------------+-----+-----+------------+------------------------------------------------------------------+--------------+
|       RTL Ports      | Dir | Bits|  Protocol  |                           Source Object                          |    C Type    |
+----------------------+-----+-----+------------+------------------------------------------------------------------+--------------+
|ap_clk                |   in|    1|  ap_ctrl_hs|  riccati_backward_pass_Pipeline_VITIS_LOOP_726_7_VITIS_LOOP_727_8|  return value|
|ap_rst                |   in|    1|  ap_ctrl_hs|  riccati_backward_pass_Pipeline_VITIS_LOOP_726_7_VITIS_LOOP_727_8|  return value|
|ap_start              |   in|    1|  ap_ctrl_hs|  riccati_backward_pass_Pipeline_VITIS_LOOP_726_7_VITIS_LOOP_727_8|  return value|
|ap_done               |  out|    1|  ap_ctrl_hs|  riccati_backward_pass_Pipeline_VITIS_LOOP_726_7_VITIS_LOOP_727_8|  return value|
|ap_idle               |  out|    1|  ap_ctrl_hs|  riccati_backward_pass_Pipeline_VITIS_LOOP_726_7_VITIS_LOOP_727_8|  return value|
|ap_ready              |  out|    1|  ap_ctrl_hs|  riccati_backward_pass_Pipeline_VITIS_LOOP_726_7_VITIS_LOOP_727_8|  return value|
|sext_ln167_1          |   in|   33|     ap_none|                                                      sext_ln167_1|        scalar|
|M                     |   in|   34|     ap_none|                                                                 M|        scalar|
|sext_ln167_2          |   in|   33|     ap_none|                                                      sext_ln167_2|        scalar|
|M_2                   |   in|   34|     ap_none|                                                               M_2|        scalar|
|sext_ln167_3          |   in|   33|     ap_none|                                                      sext_ln167_3|        scalar|
|M_12                  |   in|   34|     ap_none|                                                              M_12|        scalar|
|sext_ln167_4          |   in|   33|     ap_none|                                                      sext_ln167_4|        scalar|
|M_14                  |   in|   34|     ap_none|                                                              M_14|        scalar|
|sext_ln167_5          |   in|   33|     ap_none|                                                      sext_ln167_5|        scalar|
|M_16                  |   in|   34|     ap_none|                                                              M_16|        scalar|
|sext_ln167_6          |   in|   33|     ap_none|                                                      sext_ln167_6|        scalar|
|M_18                  |   in|   34|     ap_none|                                                              M_18|        scalar|
|step_data_0_0_0_load  |   in|   32|     ap_none|                                              step_data_0_0_0_load|        scalar|
|step_data_0_0_1_load  |   in|   32|     ap_none|                                              step_data_0_0_1_load|        scalar|
|step_data_0_0_2_load  |   in|   32|     ap_none|                                              step_data_0_0_2_load|        scalar|
|step_data_0_0_3_load  |   in|   32|     ap_none|                                              step_data_0_0_3_load|        scalar|
|step_data_0_0_4_load  |   in|   32|     ap_none|                                              step_data_0_0_4_load|        scalar|
|step_data_0_0_5_load  |   in|   32|     ap_none|                                              step_data_0_0_5_load|        scalar|
|step_data_0_1_0_load  |   in|   32|     ap_none|                                              step_data_0_1_0_load|        scalar|
|step_data_0_1_1_load  |   in|   32|     ap_none|                                              step_data_0_1_1_load|        scalar|
|step_data_0_1_2_load  |   in|   32|     ap_none|                                              step_data_0_1_2_load|        scalar|
|step_data_0_1_3_load  |   in|   32|     ap_none|                                              step_data_0_1_3_load|        scalar|
|step_data_0_1_4_load  |   in|   32|     ap_none|                                              step_data_0_1_4_load|        scalar|
|step_data_0_1_5_load  |   in|   32|     ap_none|                                              step_data_0_1_5_load|        scalar|
|step_data_0_2_0_load  |   in|   32|     ap_none|                                              step_data_0_2_0_load|        scalar|
|step_data_0_2_1_load  |   in|   32|     ap_none|                                              step_data_0_2_1_load|        scalar|
|step_data_0_2_2_load  |   in|   32|     ap_none|                                              step_data_0_2_2_load|        scalar|
|step_data_0_2_3_load  |   in|   32|     ap_none|                                              step_data_0_2_3_load|        scalar|
|step_data_0_2_4_load  |   in|   32|     ap_none|                                              step_data_0_2_4_load|        scalar|
|step_data_0_2_5_load  |   in|   32|     ap_none|                                              step_data_0_2_5_load|        scalar|
|step_data_0_3_0_load  |   in|   32|     ap_none|                                              step_data_0_3_0_load|        scalar|
|step_data_0_3_1_load  |   in|   32|     ap_none|                                              step_data_0_3_1_load|        scalar|
|step_data_0_3_2_load  |   in|   32|     ap_none|                                              step_data_0_3_2_load|        scalar|
|step_data_0_3_3_load  |   in|   32|     ap_none|                                              step_data_0_3_3_load|        scalar|
|step_data_0_3_4_load  |   in|   32|     ap_none|                                              step_data_0_3_4_load|        scalar|
|step_data_0_3_5_load  |   in|   32|     ap_none|                                              step_data_0_3_5_load|        scalar|
|step_data_0_4_0_load  |   in|   32|     ap_none|                                              step_data_0_4_0_load|        scalar|
|step_data_0_4_1_load  |   in|   32|     ap_none|                                              step_data_0_4_1_load|        scalar|
|step_data_0_4_2_load  |   in|   32|     ap_none|                                              step_data_0_4_2_load|        scalar|
|step_data_0_4_3_load  |   in|   32|     ap_none|                                              step_data_0_4_3_load|        scalar|
|step_data_0_4_4_load  |   in|   32|     ap_none|                                              step_data_0_4_4_load|        scalar|
|step_data_0_4_5_load  |   in|   32|     ap_none|                                              step_data_0_4_5_load|        scalar|
|step_data_0_5_0_load  |   in|   32|     ap_none|                                              step_data_0_5_0_load|        scalar|
|step_data_0_5_1_load  |   in|   32|     ap_none|                                              step_data_0_5_1_load|        scalar|
|step_data_0_5_2_load  |   in|   32|     ap_none|                                              step_data_0_5_2_load|        scalar|
|step_data_0_5_3_load  |   in|   32|     ap_none|                                              step_data_0_5_3_load|        scalar|
|step_data_0_5_4_load  |   in|   32|     ap_none|                                              step_data_0_5_4_load|        scalar|
|step_data_0_5_5_load  |   in|   32|     ap_none|                                              step_data_0_5_5_load|        scalar|
|G_13_out              |  out|   34|      ap_vld|                                                          G_13_out|       pointer|
|G_13_out_ap_vld       |  out|    1|      ap_vld|                                                          G_13_out|       pointer|
|G_12_out              |  out|   34|      ap_vld|                                                          G_12_out|       pointer|
|G_12_out_ap_vld       |  out|    1|      ap_vld|                                                          G_12_out|       pointer|
|G_11_out              |  out|   34|      ap_vld|                                                          G_11_out|       pointer|
|G_11_out_ap_vld       |  out|    1|      ap_vld|                                                          G_11_out|       pointer|
|G_10_out              |  out|   34|      ap_vld|                                                          G_10_out|       pointer|
|G_10_out_ap_vld       |  out|    1|      ap_vld|                                                          G_10_out|       pointer|
|G_9_out               |  out|   34|      ap_vld|                                                           G_9_out|       pointer|
|G_9_out_ap_vld        |  out|    1|      ap_vld|                                                           G_9_out|       pointer|
|G_8_out               |  out|   34|      ap_vld|                                                           G_8_out|       pointer|
|G_8_out_ap_vld        |  out|    1|      ap_vld|                                                           G_8_out|       pointer|
|G_7_out               |  out|   34|      ap_vld|                                                           G_7_out|       pointer|
|G_7_out_ap_vld        |  out|    1|      ap_vld|                                                           G_7_out|       pointer|
|G_6_out               |  out|   34|      ap_vld|                                                           G_6_out|       pointer|
|G_6_out_ap_vld        |  out|    1|      ap_vld|                                                           G_6_out|       pointer|
|G_5_out               |  out|   34|      ap_vld|                                                           G_5_out|       pointer|
|G_5_out_ap_vld        |  out|    1|      ap_vld|                                                           G_5_out|       pointer|
|G_4_out               |  out|   34|      ap_vld|                                                           G_4_out|       pointer|
|G_4_out_ap_vld        |  out|    1|      ap_vld|                                                           G_4_out|       pointer|
|G_3_out               |  out|   34|      ap_vld|                                                           G_3_out|       pointer|
|G_3_out_ap_vld        |  out|    1|      ap_vld|                                                           G_3_out|       pointer|
|G_2_out               |  out|   34|      ap_vld|                                                           G_2_out|       pointer|
|G_2_out_ap_vld        |  out|    1|      ap_vld|                                                           G_2_out|       pointer|
+----------------------+-----+-----+------------+------------------------------------------------------------------+--------------+

============================================================
+ Verbose Summary: Synthesis Manager
============================================================
InlineROM: 1
ExposeGlobal: 0
============================================================
+ Verbose Summary: CDFG Model
============================================================
IsTopModel: 0
ResetActiveHigh: 1
IsCombinational: 2
IsDatapathOnly: 2
HasWiredReturn: 1
HasMFsm: 2
HasVarLatency: 1
IsPipeline: 0
IsRtlPipelined: 0
IsInstanceOverlapped: 0
IsDontTouch: 0
HasImplIP: 0
IsGatedGlobalClock: 0

+ Individual pipeline summary: 
  * Pipeline-0: initiation interval (II) = 1, depth = 5


============================================================
+ Verbose Summary: Schedule
============================================================
* Number of FSM states : 5
* Pipeline : 1
  Pipeline-0 : II = 1, D = 5, States = { 1 2 3 4 5 }
* Dataflow Pipeline: 0

* FSM state transitions: 
1 --> 2 
2 --> 3 
3 --> 4 
4 --> 5 
5 --> 

* FSM state operations: 

State 1 <SV = 0> <Delay = 1.65>
ST_1 : Operation 8 [1/1] (0.00ns)   --->   "%j_1 = alloca i32 1" [../src/riccati_solver_hls.cpp:475]   --->   Operation 8 'alloca' 'j_1' <Predicate = true> <Delay = 0.00>
ST_1 : Operation 9 [1/1] (0.00ns)   --->   "%a = alloca i32 1" [../src/riccati_solver_hls.cpp:475]   --->   Operation 9 'alloca' 'a' <Predicate = true> <Delay = 0.00>
ST_1 : Operation 10 [1/1] (0.00ns)   --->   "%indvar_flatten = alloca i32 1"   --->   Operation 10 'alloca' 'indvar_flatten' <Predicate = true> <Delay = 0.00>
ST_1 : Operation 11 [1/1] (0.00ns)   --->   "%G = alloca i32 1" [../src/riccati_solver_hls.cpp:723]   --->   Operation 11 'alloca' 'G' <Predicate = true> <Delay = 0.00>
ST_1 : Operation 12 [1/1] (0.00ns)   --->   "%G_1 = alloca i32 1" [../src/riccati_solver_hls.cpp:723]   --->   Operation 12 'alloca' 'G_1' <Predicate = true> <Delay = 0.00>
ST_1 : Operation 13 [1/1] (0.00ns)   --->   "%G_2 = alloca i32 1" [../src/riccati_solver_hls.cpp:723]   --->   Operation 13 'alloca' 'G_2' <Predicate = true> <Delay = 0.00>
ST_1 : Operation 14 [1/1] (0.00ns)   --->   "%G_3 = alloca i32 1" [../src/riccati_solver_hls.cpp:723]   --->   Operation 14 'alloca' 'G_3' <Predicate = true> <Delay = 0.00>
ST_1 : Operation 15 [1/1] (0.00ns)   --->   "%G_4 = alloca i32 1" [../src/riccati_solver_hls.cpp:723]   --->   Operation 15 'alloca' 'G_4' <Predicate = true> <Delay = 0.00>
ST_1 : Operation 16 [1/1] (0.00ns)   --->   "%G_5 = alloca i32 1" [../src/riccati_solver_hls.cpp:723]   --->   Operation 16 'alloca' 'G_5' <Predicate = true> <Delay = 0.00>
ST_1 : Operation 17 [1/1] (0.00ns)   --->   "%G_6 = alloca i32 1" [../src/riccati_solver_hls.cpp:723]   --->   Operation 17 'alloca' 'G_6' <Predicate = true> <Delay = 0.00>
ST_1 : Operation 18 [1/1] (0.00ns)   --->   "%G_7 = alloca i32 1" [../src/riccati_solver_hls.cpp:723]   --->   Operation 18 'alloca' 'G_7' <Predicate = true> <Delay = 0.00>
ST_1 : Operation 19 [1/1] (0.00ns)   --->   "%G_8 = alloca i32 1" [../src/riccati_solver_hls.cpp:723]   --->   Operation 19 'alloca' 'G_8' <Predicate = true> <Delay = 0.00>
ST_1 : Operation 20 [1/1] (0.00ns)   --->   "%G_9 = alloca i32 1" [../src/riccati_solver_hls.cpp:723]   --->   Operation 20 'alloca' 'G_9' <Predicate = true> <Delay = 0.00>
ST_1 : Operation 21 [1/1] (0.00ns)   --->   "%G_10 = alloca i32 1" [../src/riccati_solver_hls.cpp:723]   --->   Operation 21 'alloca' 'G_10' <Predicate = true> <Delay = 0.00>
ST_1 : Operation 22 [1/1] (0.00ns)   --->   "%G_11 = alloca i32 1" [../src/riccati_solver_hls.cpp:723]   --->   Operation 22 'alloca' 'G_11' <Predicate = true> <Delay = 0.00>
ST_1 : Operation 23 [1/1] (0.00ns)   --->   "%step_data_0_5_5_load_read = read i32 @_ssdm_op_Read.ap_auto.i32, i32 %step_data_0_5_5_load"   --->   Operation 23 'read' 'step_data_0_5_5_load_read' <Predicate = true> <Delay = 0.00>
ST_1 : Operation 24 [1/1] (0.00ns)   --->   "%step_data_0_5_4_load_read = read i32 @_ssdm_op_Read.ap_auto.i32, i32 %step_data_0_5_4_load"   --->   Operation 24 'read' 'step_data_0_5_4_load_read' <Predicate = true> <Delay = 0.00>
ST_1 : Operation 25 [1/1] (0.00ns)   --->   "%step_data_0_5_3_load_read = read i32 @_ssdm_op_Read.ap_auto.i32, i32 %step_data_0_5_3_load"   --->   Operation 25 'read' 'step_data_0_5_3_load_read' <Predicate = true> <Delay = 0.00>
ST_1 : Operation 26 [1/1] (0.00ns)   --->   "%step_data_0_5_2_load_read = read i32 @_ssdm_op_Read.ap_auto.i32, i32 %step_data_0_5_2_load"   --->   Operation 26 'read' 'step_data_0_5_2_load_read' <Predicate = true> <Delay = 0.00>
ST_1 : Operation 27 [1/1] (0.00ns)   --->   "%step_data_0_5_1_load_read = read i32 @_ssdm_op_Read.ap_auto.i32, i32 %step_data_0_5_1_load"   --->   Operation 27 'read' 'step_data_0_5_1_load_read' <Predicate = true> <Delay = 0.00>
ST_1 : Operation 28 [1/1] (0.00ns)   --->   "%step_data_0_5_0_load_read = read i32 @_ssdm_op_Read.ap_auto.i32, i32 %step_data_0_5_0_load"   --->   Operation 28 'read' 'step_data_0_5_0_load_read' <Predicate = true> <Delay = 0.00>
ST_1 : Operation 29 [1/1] (0.00ns)   --->   "%step_data_0_4_5_load_read = read i32 @_ssdm_op_Read.ap_auto.i32, i32 %step_data_0_4_5_load"   --->   Operation 29 'read' 'step_data_0_4_5_load_read' <Predicate = true> <Delay = 0.00>
ST_1 : Operation 30 [1/1] (0.00ns)   --->   "%step_data_0_4_4_load_read = read i32 @_ssdm_op_Read.ap_auto.i32, i32 %step_data_0_4_4_load"   --->   Operation 30 'read' 'step_data_0_4_4_load_read' <Predicate = true> <Delay = 0.00>
ST_1 : Operation 31 [1/1] (0.00ns)   --->   "%step_data_0_4_3_load_read = read i32 @_ssdm_op_Read.ap_auto.i32, i32 %step_data_0_4_3_load"   --->   Operation 31 'read' 'step_data_0_4_3_load_read' <Predicate = true> <Delay = 0.00>
ST_1 : Operation 32 [1/1] (0.00ns)   --->   "%step_data_0_4_2_load_read = read i32 @_ssdm_op_Read.ap_auto.i32, i32 %step_data_0_4_2_load"   --->   Operation 32 'read' 'step_data_0_4_2_load_read' <Predicate = true> <Delay = 0.00>
ST_1 : Operation 33 [1/1] (0.00ns)   --->   "%step_data_0_4_1_load_read = read i32 @_ssdm_op_Read.ap_auto.i32, i32 %step_data_0_4_1_load"   --->   Operation 33 'read' 'step_data_0_4_1_load_read' <Predicate = true> <Delay = 0.00>
ST_1 : Operation 34 [1/1] (0.00ns)   --->   "%step_data_0_4_0_load_read = read i32 @_ssdm_op_Read.ap_auto.i32, i32 %step_data_0_4_0_load"   --->   Operation 34 'read' 'step_data_0_4_0_load_read' <Predicate = true> <Delay = 0.00>
ST_1 : Operation 35 [1/1] (0.00ns)   --->   "%step_data_0_3_5_load_read = read i32 @_ssdm_op_Read.ap_auto.i32, i32 %step_data_0_3_5_load"   --->   Operation 35 'read' 'step_data_0_3_5_load_read' <Predicate = true> <Delay = 0.00>
ST_1 : Operation 36 [1/1] (0.00ns)   --->   "%step_data_0_3_4_load_read = read i32 @_ssdm_op_Read.ap_auto.i32, i32 %step_data_0_3_4_load"   --->   Operation 36 'read' 'step_data_0_3_4_load_read' <Predicate = true> <Delay = 0.00>
ST_1 : Operation 37 [1/1] (0.00ns)   --->   "%step_data_0_3_3_load_read = read i32 @_ssdm_op_Read.ap_auto.i32, i32 %step_data_0_3_3_load"   --->   Operation 37 'read' 'step_data_0_3_3_load_read' <Predicate = true> <Delay = 0.00>
ST_1 : Operation 38 [1/1] (0.00ns)   --->   "%step_data_0_3_2_load_read = read i32 @_ssdm_op_Read.ap_auto.i32, i32 %step_data_0_3_2_load"   --->   Operation 38 'read' 'step_data_0_3_2_load_read' <Predicate = true> <Delay = 0.00>
ST_1 : Operation 39 [1/1] (0.00ns)   --->   "%step_data_0_3_1_load_read = read i32 @_ssdm_op_Read.ap_auto.i32, i32 %step_data_0_3_1_load"   --->   Operation 39 'read' 'step_data_0_3_1_load_read' <Predicate = true> <Delay = 0.00>
ST_1 : Operation 40 [1/1] (0.00ns)   --->   "%step_data_0_3_0_load_read = read i32 @_ssdm_op_Read.ap_auto.i32, i32 %step_data_0_3_0_load"   --->   Operation 40 'read' 'step_data_0_3_0_load_read' <Predicate = true> <Delay = 0.00>
ST_1 : Operation 41 [1/1] (0.00ns)   --->   "%step_data_0_2_5_load_read = read i32 @_ssdm_op_Read.ap_auto.i32, i32 %step_data_0_2_5_load"   --->   Operation 41 'read' 'step_data_0_2_5_load_read' <Predicate = true> <Delay = 0.00>
ST_1 : Operation 42 [1/1] (0.00ns)   --->   "%step_data_0_2_4_load_read = read i32 @_ssdm_op_Read.ap_auto.i32, i32 %step_data_0_2_4_load"   --->   Operation 42 'read' 'step_data_0_2_4_load_read' <Predicate = true> <Delay = 0.00>
ST_1 : Operation 43 [1/1] (0.00ns)   --->   "%step_data_0_2_3_load_read = read i32 @_ssdm_op_Read.ap_auto.i32, i32 %step_data_0_2_3_load"   --->   Operation 43 'read' 'step_data_0_2_3_load_read' <Predicate = true> <Delay = 0.00>
ST_1 : Operation 44 [1/1] (0.00ns)   --->   "%step_data_0_2_2_load_read = read i32 @_ssdm_op_Read.ap_auto.i32, i32 %step_data_0_2_2_load"   --->   Operation 44 'read' 'step_data_0_2_2_load_read' <Predicate = true> <Delay = 0.00>
ST_1 : Operation 45 [1/1] (0.00ns)   --->   "%step_data_0_2_1_load_read = read i32 @_ssdm_op_Read.ap_auto.i32, i32 %step_data_0_2_1_load"   --->   Operation 45 'read' 'step_data_0_2_1_load_read' <Predicate = true> <Delay = 0.00>
ST_1 : Operation 46 [1/1] (0.00ns)   --->   "%step_data_0_2_0_load_read = read i32 @_ssdm_op_Read.ap_auto.i32, i32 %step_data_0_2_0_load"   --->   Operation 46 'read' 'step_data_0_2_0_load_read' <Predicate = true> <Delay = 0.00>
ST_1 : Operation 47 [1/1] (0.00ns)   --->   "%step_data_0_1_5_load_read = read i32 @_ssdm_op_Read.ap_auto.i32, i32 %step_data_0_1_5_load"   --->   Operation 47 'read' 'step_data_0_1_5_load_read' <Predicate = true> <Delay = 0.00>
ST_1 : Operation 48 [1/1] (0.00ns)   --->   "%step_data_0_1_4_load_read = read i32 @_ssdm_op_Read.ap_auto.i32, i32 %step_data_0_1_4_load"   --->   Operation 48 'read' 'step_data_0_1_4_load_read' <Predicate = true> <Delay = 0.00>
ST_1 : Operation 49 [1/1] (0.00ns)   --->   "%step_data_0_1_3_load_read = read i32 @_ssdm_op_Read.ap_auto.i32, i32 %step_data_0_1_3_load"   --->   Operation 49 'read' 'step_data_0_1_3_load_read' <Predicate = true> <Delay = 0.00>
ST_1 : Operation 50 [1/1] (0.00ns)   --->   "%step_data_0_1_2_load_read = read i32 @_ssdm_op_Read.ap_auto.i32, i32 %step_data_0_1_2_load"   --->   Operation 50 'read' 'step_data_0_1_2_load_read' <Predicate = true> <Delay = 0.00>
ST_1 : Operation 51 [1/1] (0.00ns)   --->   "%step_data_0_1_1_load_read = read i32 @_ssdm_op_Read.ap_auto.i32, i32 %step_data_0_1_1_load"   --->   Operation 51 'read' 'step_data_0_1_1_load_read' <Predicate = true> <Delay = 0.00>
ST_1 : Operation 52 [1/1] (0.00ns)   --->   "%step_data_0_1_0_load_read = read i32 @_ssdm_op_Read.ap_auto.i32, i32 %step_data_0_1_0_load"   --->   Operation 52 'read' 'step_data_0_1_0_load_read' <Predicate = true> <Delay = 0.00>
ST_1 : Operation 53 [1/1] (0.00ns)   --->   "%step_data_0_0_5_load_read = read i32 @_ssdm_op_Read.ap_auto.i32, i32 %step_data_0_0_5_load"   --->   Operation 53 'read' 'step_data_0_0_5_load_read' <Predicate = true> <Delay = 0.00>
ST_1 : Operation 54 [1/1] (0.00ns)   --->   "%step_data_0_0_4_load_read = read i32 @_ssdm_op_Read.ap_auto.i32, i32 %step_data_0_0_4_load"   --->   Operation 54 'read' 'step_data_0_0_4_load_read' <Predicate = true> <Delay = 0.00>
ST_1 : Operation 55 [1/1] (0.00ns)   --->   "%step_data_0_0_3_load_read = read i32 @_ssdm_op_Read.ap_auto.i32, i32 %step_data_0_0_3_load"   --->   Operation 55 'read' 'step_data_0_0_3_load_read' <Predicate = true> <Delay = 0.00>
ST_1 : Operation 56 [1/1] (0.00ns)   --->   "%step_data_0_0_2_load_read = read i32 @_ssdm_op_Read.ap_auto.i32, i32 %step_data_0_0_2_load"   --->   Operation 56 'read' 'step_data_0_0_2_load_read' <Predicate = true> <Delay = 0.00>
ST_1 : Operation 57 [1/1] (0.00ns)   --->   "%step_data_0_0_1_load_read = read i32 @_ssdm_op_Read.ap_auto.i32, i32 %step_data_0_0_1_load"   --->   Operation 57 'read' 'step_data_0_0_1_load_read' <Predicate = true> <Delay = 0.00>
ST_1 : Operation 58 [1/1] (0.00ns)   --->   "%step_data_0_0_0_load_read = read i32 @_ssdm_op_Read.ap_auto.i32, i32 %step_data_0_0_0_load"   --->   Operation 58 'read' 'step_data_0_0_0_load_read' <Predicate = true> <Delay = 0.00>
ST_1 : Operation 59 [1/1] (0.00ns)   --->   "%M_18_read = read i34 @_ssdm_op_Read.ap_auto.i34, i34 %M_18"   --->   Operation 59 'read' 'M_18_read' <Predicate = true> <Delay = 0.00>
ST_1 : Operation 60 [1/1] (0.00ns)   --->   "%sext_ln167_6_read = read i33 @_ssdm_op_Read.ap_auto.i33, i33 %sext_ln167_6"   --->   Operation 60 'read' 'sext_ln167_6_read' <Predicate = true> <Delay = 0.00>
ST_1 : Operation 61 [1/1] (0.00ns)   --->   "%M_16_read = read i34 @_ssdm_op_Read.ap_auto.i34, i34 %M_16"   --->   Operation 61 'read' 'M_16_read' <Predicate = true> <Delay = 0.00>
ST_1 : Operation 62 [1/1] (0.00ns)   --->   "%sext_ln167_5_read = read i33 @_ssdm_op_Read.ap_auto.i33, i33 %sext_ln167_5"   --->   Operation 62 'read' 'sext_ln167_5_read' <Predicate = true> <Delay = 0.00>
ST_1 : Operation 63 [1/1] (0.00ns)   --->   "%M_14_read = read i34 @_ssdm_op_Read.ap_auto.i34, i34 %M_14"   --->   Operation 63 'read' 'M_14_read' <Predicate = true> <Delay = 0.00>
ST_1 : Operation 64 [1/1] (0.00ns)   --->   "%sext_ln167_4_read = read i33 @_ssdm_op_Read.ap_auto.i33, i33 %sext_ln167_4"   --->   Operation 64 'read' 'sext_ln167_4_read' <Predicate = true> <Delay = 0.00>
ST_1 : Operation 65 [1/1] (0.00ns)   --->   "%M_12_read = read i34 @_ssdm_op_Read.ap_auto.i34, i34 %M_12"   --->   Operation 65 'read' 'M_12_read' <Predicate = true> <Delay = 0.00>
ST_1 : Operation 66 [1/1] (0.00ns)   --->   "%sext_ln167_3_read = read i33 @_ssdm_op_Read.ap_auto.i33, i33 %sext_ln167_3"   --->   Operation 66 'read' 'sext_ln167_3_read' <Predicate = true> <Delay = 0.00>
ST_1 : Operation 67 [1/1] (0.00ns)   --->   "%M_2_read = read i34 @_ssdm_op_Read.ap_auto.i34, i34 %M_2"   --->   Operation 67 'read' 'M_2_read' <Predicate = true> <Delay = 0.00>
ST_1 : Operation 68 [1/1] (0.00ns)   --->   "%sext_ln167_2_read = read i33 @_ssdm_op_Read.ap_auto.i33, i33 %sext_ln167_2"   --->   Operation 68 'read' 'sext_ln167_2_read' <Predicate = true> <Delay = 0.00>
ST_1 : Operation 69 [1/1] (0.00ns)   --->   "%M_read = read i34 @_ssdm_op_Read.ap_auto.i34, i34 %M"   --->   Operation 69 'read' 'M_read' <Predicate = true> <Delay = 0.00>
ST_1 : Operation 70 [1/1] (0.00ns)   --->   "%sext_ln167_1_read = read i33 @_ssdm_op_Read.ap_auto.i33, i33 %sext_ln167_1"   --->   Operation 70 'read' 'sext_ln167_1_read' <Predicate = true> <Delay = 0.00>
ST_1 : Operation 71 [1/1] (0.00ns)   --->   "%sext_ln167_6_cast = sext i33 %sext_ln167_6_read"   --->   Operation 71 'sext' 'sext_ln167_6_cast' <Predicate = true> <Delay = 0.00>
ST_1 : Operation 72 [1/1] (0.00ns)   --->   "%sext_ln167_5_cast = sext i33 %sext_ln167_5_read"   --->   Operation 72 'sext' 'sext_ln167_5_cast' <Predicate = true> <Delay = 0.00>
ST_1 : Operation 73 [1/1] (0.00ns)   --->   "%sext_ln167_4_cast = sext i33 %sext_ln167_4_read"   --->   Operation 73 'sext' 'sext_ln167_4_cast' <Predicate = true> <Delay = 0.00>
ST_1 : Operation 74 [1/1] (0.00ns)   --->   "%sext_ln167_3_cast = sext i33 %sext_ln167_3_read"   --->   Operation 74 'sext' 'sext_ln167_3_cast' <Predicate = true> <Delay = 0.00>
ST_1 : Operation 75 [1/1] (0.00ns)   --->   "%sext_ln167_2_cast = sext i33 %sext_ln167_2_read"   --->   Operation 75 'sext' 'sext_ln167_2_cast' <Predicate = true> <Delay = 0.00>
ST_1 : Operation 76 [1/1] (0.00ns)   --->   "%sext_ln167_1_cast = sext i33 %sext_ln167_1_read"   --->   Operation 76 'sext' 'sext_ln167_1_cast' <Predicate = true> <Delay = 0.00>
ST_1 : Operation 77 [1/1] (0.42ns)   --->   "%store_ln0 = store i4 0, i4 %indvar_flatten"   --->   Operation 77 'store' 'store_ln0' <Predicate = true> <Delay = 0.42>
ST_1 : Operation 78 [1/1] (0.42ns)   --->   "%store_ln475 = store i2 0, i2 %a" [../src/riccati_solver_hls.cpp:475]   --->   Operation 78 'store' 'store_ln475' <Predicate = true> <Delay = 0.42>
ST_1 : Operation 79 [1/1] (0.42ns)   --->   "%store_ln475 = store i3 0, i3 %j_1" [../src/riccati_solver_hls.cpp:475]   --->   Operation 79 'store' 'store_ln475' <Predicate = true> <Delay = 0.42>
ST_1 : Operation 80 [1/1] (0.00ns)   --->   "%br_ln0 = br void %for.inc643"   --->   Operation 80 'br' 'br_ln0' <Predicate = true> <Delay = 0.00>
ST_1 : Operation 81 [1/1] (0.00ns)   --->   "%indvar_flatten_load = load i4 %indvar_flatten" [../src/riccati_solver_hls.cpp:726]   --->   Operation 81 'load' 'indvar_flatten_load' <Predicate = true> <Delay = 0.00>
ST_1 : Operation 82 [1/1] (0.79ns)   --->   "%icmp_ln726 = icmp_eq  i4 %indvar_flatten_load, i4 12" [../src/riccati_solver_hls.cpp:726]   --->   Operation 82 'icmp' 'icmp_ln726' <Predicate = true> <Delay = 0.79> <CoreInst = "Cmp">   --->   Core 9 'Cmp' <Latency = 0> <II = 1> <Delay = 0.79> <FuncUnit> <Opcode : 'seteq' 'setne' 'setle' 'setge' 'setlt' 'setgt'> <InPorts = 2> <OutPorts = 1>
ST_1 : Operation 83 [1/1] (0.79ns)   --->   "%add_ln726_1 = add i4 %indvar_flatten_load, i4 1" [../src/riccati_solver_hls.cpp:726]   --->   Operation 83 'add' 'add_ln726_1' <Predicate = true> <Delay = 0.79> <CoreInst = "Adder">   --->   Core 1 'Adder' <Latency = 0> <II = 1> <Delay = 0.79> <FuncUnit> <Opcode : 'add' 'sub'> <InPorts = 2> <OutPorts = 1>
ST_1 : Operation 84 [1/1] (0.00ns)   --->   "%br_ln726 = br i1 %icmp_ln726, void %fpga_resource_hint.for.inc643.414, void %_ZN8ap_fixedILi32ELi14EL9ap_q_mode5EL9ap_o_mode3ELi0EEC2ILi33ELi15ELb1ELS0_5ELS1_3ELi0EEERK13ap_fixed_baseIXT_EXT0_EXT1_EXT2_EXT3_EXT4_EE.exit15514.exitStub" [../src/riccati_solver_hls.cpp:726]   --->   Operation 84 'br' 'br_ln726' <Predicate = true> <Delay = 0.00>
ST_1 : Operation 85 [1/1] (0.42ns)   --->   "%store_ln726 = store i4 %add_ln726_1, i4 %indvar_flatten" [../src/riccati_solver_hls.cpp:726]   --->   Operation 85 'store' 'store_ln726' <Predicate = (!icmp_ln726)> <Delay = 0.42>

State 2 <SV = 1> <Delay = 4.10>
ST_2 : Operation 86 [1/1] (0.00ns)   --->   "%j_1_load = load i3 %j_1" [../src/riccati_solver_hls.cpp:727]   --->   Operation 86 'load' 'j_1_load' <Predicate = true> <Delay = 0.00>
ST_2 : Operation 87 [1/1] (0.00ns)   --->   "%a_load = load i2 %a" [../src/riccati_solver_hls.cpp:726]   --->   Operation 87 'load' 'a_load' <Predicate = true> <Delay = 0.00>
ST_2 : Operation 88 [1/1] (0.54ns)   --->   "%add_ln726 = add i2 %a_load, i2 1" [../src/riccati_solver_hls.cpp:726]   --->   Operation 88 'add' 'add_ln726' <Predicate = true> <Delay = 0.54> <CoreInst = "Adder">   --->   Core 1 'Adder' <Latency = 0> <II = 1> <Delay = 0.54> <FuncUnit> <Opcode : 'add' 'sub'> <InPorts = 2> <OutPorts = 1>
ST_2 : Operation 89 [1/1] (0.67ns)   --->   "%icmp_ln727 = icmp_eq  i3 %j_1_load, i3 6" [../src/riccati_solver_hls.cpp:727]   --->   Operation 89 'icmp' 'icmp_ln727' <Predicate = true> <Delay = 0.67> <CoreInst = "Cmp">   --->   Core 9 'Cmp' <Latency = 0> <II = 1> <Delay = 0.67> <FuncUnit> <Opcode : 'seteq' 'setne' 'setle' 'setge' 'setlt' 'setgt'> <InPorts = 2> <OutPorts = 1>
ST_2 : Operation 90 [1/1] (0.20ns)   --->   "%select_ln723 = select i1 %icmp_ln727, i3 0, i3 %j_1_load" [../src/riccati_solver_hls.cpp:723]   --->   Operation 90 'select' 'select_ln723' <Predicate = true> <Delay = 0.20> <CoreInst = "Sel">   --->   Core 73 'Sel' <Latency = 0> <II = 1> <Delay = 0.20> <FuncUnit> <Opcode : 'select'> <InPorts = 3> <OutPorts = 1>
ST_2 : Operation 91 [1/1] (0.17ns)   --->   "%select_ln726 = select i1 %icmp_ln727, i2 %add_ln726, i2 %a_load" [../src/riccati_solver_hls.cpp:726]   --->   Operation 91 'select' 'select_ln726' <Predicate = true> <Delay = 0.17> <CoreInst = "Sel">   --->   Core 73 'Sel' <Latency = 0> <II = 1> <Delay = 0.17> <FuncUnit> <Opcode : 'select'> <InPorts = 3> <OutPorts = 1>
ST_2 : Operation 92 [1/1] (0.54ns)   --->   "%empty = icmp_eq  i2 %select_ln726, i2 1" [../src/riccati_solver_hls.cpp:726]   --->   Operation 92 'icmp' 'empty' <Predicate = true> <Delay = 0.54> <CoreInst = "Cmp">   --->   Core 9 'Cmp' <Latency = 0> <II = 1> <Delay = 0.54> <FuncUnit> <Opcode : 'seteq' 'setne' 'setle' 'setge' 'setlt' 'setgt'> <InPorts = 2> <OutPorts = 1>
ST_2 : Operation 93 [1/1] (0.41ns)   --->   "%a_26 = select i1 %empty, i34 %sext_ln167_1_cast, i34 %M_read" [../src/riccati_solver_hls.cpp:726]   --->   Operation 93 'select' 'a_26' <Predicate = true> <Delay = 0.41> <CoreInst = "Sel">   --->   Core 73 'Sel' <Latency = 0> <II = 1> <Delay = 0.41> <FuncUnit> <Opcode : 'select'> <InPorts = 3> <OutPorts = 1>
ST_2 : Operation 94 [1/1] (0.00ns)   --->   "%a_41_cast87 = sext i34 %a_26" [../src/riccati_solver_hls.cpp:726]   --->   Operation 94 'sext' 'a_41_cast87' <Predicate = true> <Delay = 0.00>
ST_2 : Operation 95 [1/1] (0.41ns)   --->   "%a_1 = select i1 %empty, i34 %sext_ln167_2_cast, i34 %M_2_read" [../src/riccati_solver_hls.cpp:726]   --->   Operation 95 'select' 'a_1' <Predicate = true> <Delay = 0.41> <CoreInst = "Sel">   --->   Core 73 'Sel' <Latency = 0> <II = 1> <Delay = 0.41> <FuncUnit> <Opcode : 'select'> <InPorts = 3> <OutPorts = 1>
ST_2 : Operation 96 [1/1] (0.00ns)   --->   "%a_1_cast89 = sext i34 %a_1" [../src/riccati_solver_hls.cpp:726]   --->   Operation 96 'sext' 'a_1_cast89' <Predicate = true> <Delay = 0.00>
ST_2 : Operation 97 [1/1] (0.41ns)   --->   "%a_2 = select i1 %empty, i34 %sext_ln167_3_cast, i34 %M_12_read" [../src/riccati_solver_hls.cpp:726]   --->   Operation 97 'select' 'a_2' <Predicate = true> <Delay = 0.41> <CoreInst = "Sel">   --->   Core 73 'Sel' <Latency = 0> <II = 1> <Delay = 0.41> <FuncUnit> <Opcode : 'select'> <InPorts = 3> <OutPorts = 1>
ST_2 : Operation 98 [1/1] (0.00ns)   --->   "%a_2_cast91 = sext i34 %a_2" [../src/riccati_solver_hls.cpp:726]   --->   Operation 98 'sext' 'a_2_cast91' <Predicate = true> <Delay = 0.00>
ST_2 : Operation 99 [1/1] (0.41ns)   --->   "%a_3 = select i1 %empty, i34 %sext_ln167_4_cast, i34 %M_14_read" [../src/riccati_solver_hls.cpp:726]   --->   Operation 99 'select' 'a_3' <Predicate = true> <Delay = 0.41> <CoreInst = "Sel">   --->   Core 73 'Sel' <Latency = 0> <II = 1> <Delay = 0.41> <FuncUnit> <Opcode : 'select'> <InPorts = 3> <OutPorts = 1>
ST_2 : Operation 100 [1/1] (0.00ns)   --->   "%a_3_cast93 = sext i34 %a_3" [../src/riccati_solver_hls.cpp:726]   --->   Operation 100 'sext' 'a_3_cast93' <Predicate = true> <Delay = 0.00>
ST_2 : Operation 101 [1/1] (0.41ns)   --->   "%a_4 = select i1 %empty, i34 %sext_ln167_5_cast, i34 %M_16_read" [../src/riccati_solver_hls.cpp:726]   --->   Operation 101 'select' 'a_4' <Predicate = true> <Delay = 0.41> <CoreInst = "Sel">   --->   Core 73 'Sel' <Latency = 0> <II = 1> <Delay = 0.41> <FuncUnit> <Opcode : 'select'> <InPorts = 3> <OutPorts = 1>
ST_2 : Operation 102 [1/1] (0.00ns)   --->   "%a_4_cast95 = sext i34 %a_4" [../src/riccati_solver_hls.cpp:726]   --->   Operation 102 'sext' 'a_4_cast95' <Predicate = true> <Delay = 0.00>
ST_2 : Operation 103 [1/1] (0.41ns)   --->   "%a_5 = select i1 %empty, i34 %sext_ln167_6_cast, i34 %M_18_read" [../src/riccati_solver_hls.cpp:726]   --->   Operation 103 'select' 'a_5' <Predicate = true> <Delay = 0.41> <CoreInst = "Sel">   --->   Core 73 'Sel' <Latency = 0> <II = 1> <Delay = 0.41> <FuncUnit> <Opcode : 'select'> <InPorts = 3> <OutPorts = 1>
ST_2 : Operation 104 [1/1] (0.00ns)   --->   "%sext_ln736 = sext i34 %a_5" [../src/riccati_solver_hls.cpp:736]   --->   Operation 104 'sext' 'sext_ln736' <Predicate = true> <Delay = 0.00>
ST_2 : Operation 105 [1/1] (0.54ns)   --->   "%icmp_ln736 = icmp_eq  i2 %select_ln726, i2 0" [../src/riccati_solver_hls.cpp:736]   --->   Operation 105 'icmp' 'icmp_ln736' <Predicate = true> <Delay = 0.54> <CoreInst = "Cmp">   --->   Core 9 'Cmp' <Latency = 0> <II = 1> <Delay = 0.54> <FuncUnit> <Opcode : 'seteq' 'setne' 'setle' 'setge' 'setlt' 'setgt'> <InPorts = 2> <OutPorts = 1>
ST_2 : Operation 106 [1/1] (0.62ns)   --->   "%b = sparsemux i32 @_ssdm_op_SparseMux.ap_auto.6i32.i32.i3, i3 0, i32 %step_data_0_0_0_load_read, i3 1, i32 %step_data_0_0_1_load_read, i3 2, i32 %step_data_0_0_2_load_read, i3 3, i32 %step_data_0_0_3_load_read, i3 4, i32 %step_data_0_0_4_load_read, i3 5, i32 %step_data_0_0_5_load_read, i32 0, i3 %select_ln723" [../src/riccati_solver_hls.cpp:723]   --->   Operation 106 'sparsemux' 'b' <Predicate = true> <Delay = 0.62> <CoreInst = "BinarySparseMux_DontCare">   --->   Core 149 'BinarySparseMux_DontCare' <Latency = 0> <II = 1> <Delay = 0.62> <FuncUnit> <Opcode : 'sparsemux'> <InPorts = 2> <OutPorts = 1>
ST_2 : Operation 107 [1/1] (0.00ns)   --->   "%sext_ln275 = sext i32 %b" [../src/fp_math_hls.cpp:275->../src/riccati_solver_hls.cpp:730]   --->   Operation 107 'sext' 'sext_ln275' <Predicate = true> <Delay = 0.00>
ST_2 : Operation 108 [4/4] (2.29ns)   --->   "%product = mul i52 %a_41_cast87, i52 %sext_ln275" [../src/fp_math_hls.cpp:275->../src/riccati_solver_hls.cpp:730]   --->   Operation 108 'mul' 'product' <Predicate = true> <Delay = 2.29> <CoreInst = "Mul_DSP">   --->   Core 5 'Mul_DSP' <Latency = 3> <II = 1> <Delay = 2.29> <FuncUnit> <Opcode : 'mul'> <InPorts = 2> <OutPorts = 1>
ST_2 : Operation 109 [1/1] (0.62ns)   --->   "%b_14 = sparsemux i32 @_ssdm_op_SparseMux.ap_auto.6i32.i32.i3, i3 0, i32 %step_data_0_1_0_load_read, i3 1, i32 %step_data_0_1_1_load_read, i3 2, i32 %step_data_0_1_2_load_read, i3 3, i32 %step_data_0_1_3_load_read, i3 4, i32 %step_data_0_1_4_load_read, i3 5, i32 %step_data_0_1_5_load_read, i32 0, i3 %select_ln723" [../src/riccati_solver_hls.cpp:723]   --->   Operation 109 'sparsemux' 'b_14' <Predicate = true> <Delay = 0.62> <CoreInst = "BinarySparseMux_DontCare">   --->   Core 149 'BinarySparseMux_DontCare' <Latency = 0> <II = 1> <Delay = 0.62> <FuncUnit> <Opcode : 'sparsemux'> <InPorts = 2> <OutPorts = 1>
ST_2 : Operation 110 [1/1] (0.00ns)   --->   "%sext_ln275_1 = sext i32 %b_14" [../src/fp_math_hls.cpp:275->../src/riccati_solver_hls.cpp:731]   --->   Operation 110 'sext' 'sext_ln275_1' <Predicate = true> <Delay = 0.00>
ST_2 : Operation 111 [4/4] (2.29ns)   --->   "%product_16 = mul i52 %a_1_cast89, i52 %sext_ln275_1" [../src/fp_math_hls.cpp:275->../src/riccati_solver_hls.cpp:731]   --->   Operation 111 'mul' 'product_16' <Predicate = true> <Delay = 2.29> <CoreInst = "Mul_DSP">   --->   Core 5 'Mul_DSP' <Latency = 3> <II = 1> <Delay = 2.29> <FuncUnit> <Opcode : 'mul'> <InPorts = 2> <OutPorts = 1>
ST_2 : Operation 112 [1/1] (0.62ns)   --->   "%b_15 = sparsemux i32 @_ssdm_op_SparseMux.ap_auto.6i32.i32.i3, i3 0, i32 %step_data_0_2_0_load_read, i3 1, i32 %step_data_0_2_1_load_read, i3 2, i32 %step_data_0_2_2_load_read, i3 3, i32 %step_data_0_2_3_load_read, i3 4, i32 %step_data_0_2_4_load_read, i3 5, i32 %step_data_0_2_5_load_read, i32 0, i3 %select_ln723" [../src/riccati_solver_hls.cpp:723]   --->   Operation 112 'sparsemux' 'b_15' <Predicate = true> <Delay = 0.62> <CoreInst = "BinarySparseMux_DontCare">   --->   Core 149 'BinarySparseMux_DontCare' <Latency = 0> <II = 1> <Delay = 0.62> <FuncUnit> <Opcode : 'sparsemux'> <InPorts = 2> <OutPorts = 1>
ST_2 : Operation 113 [1/1] (0.00ns)   --->   "%sext_ln275_2 = sext i32 %b_15" [../src/fp_math_hls.cpp:275->../src/riccati_solver_hls.cpp:732]   --->   Operation 113 'sext' 'sext_ln275_2' <Predicate = true> <Delay = 0.00>
ST_2 : Operation 114 [4/4] (2.29ns)   --->   "%product_17 = mul i52 %a_2_cast91, i52 %sext_ln275_2" [../src/fp_math_hls.cpp:275->../src/riccati_solver_hls.cpp:732]   --->   Operation 114 'mul' 'product_17' <Predicate = true> <Delay = 2.29> <CoreInst = "Mul_DSP">   --->   Core 5 'Mul_DSP' <Latency = 3> <II = 1> <Delay = 2.29> <FuncUnit> <Opcode : 'mul'> <InPorts = 2> <OutPorts = 1>
ST_2 : Operation 115 [1/1] (0.62ns)   --->   "%b_16 = sparsemux i32 @_ssdm_op_SparseMux.ap_auto.6i32.i32.i3, i3 0, i32 %step_data_0_3_0_load_read, i3 1, i32 %step_data_0_3_1_load_read, i3 2, i32 %step_data_0_3_2_load_read, i3 3, i32 %step_data_0_3_3_load_read, i3 4, i32 %step_data_0_3_4_load_read, i3 5, i32 %step_data_0_3_5_load_read, i32 0, i3 %select_ln723" [../src/riccati_solver_hls.cpp:723]   --->   Operation 115 'sparsemux' 'b_16' <Predicate = true> <Delay = 0.62> <CoreInst = "BinarySparseMux_DontCare">   --->   Core 149 'BinarySparseMux_DontCare' <Latency = 0> <II = 1> <Delay = 0.62> <FuncUnit> <Opcode : 'sparsemux'> <InPorts = 2> <OutPorts = 1>
ST_2 : Operation 116 [1/1] (0.00ns)   --->   "%sext_ln275_3 = sext i32 %b_16" [../src/fp_math_hls.cpp:275->../src/riccati_solver_hls.cpp:733]   --->   Operation 116 'sext' 'sext_ln275_3' <Predicate = true> <Delay = 0.00>
ST_2 : Operation 117 [4/4] (2.29ns)   --->   "%product_18 = mul i52 %a_3_cast93, i52 %sext_ln275_3" [../src/fp_math_hls.cpp:275->../src/riccati_solver_hls.cpp:733]   --->   Operation 117 'mul' 'product_18' <Predicate = true> <Delay = 2.29> <CoreInst = "Mul_DSP">   --->   Core 5 'Mul_DSP' <Latency = 3> <II = 1> <Delay = 2.29> <FuncUnit> <Opcode : 'mul'> <InPorts = 2> <OutPorts = 1>
ST_2 : Operation 118 [1/1] (0.62ns)   --->   "%b_17 = sparsemux i32 @_ssdm_op_SparseMux.ap_auto.6i32.i32.i3, i3 0, i32 %step_data_0_4_0_load_read, i3 1, i32 %step_data_0_4_1_load_read, i3 2, i32 %step_data_0_4_2_load_read, i3 3, i32 %step_data_0_4_3_load_read, i3 4, i32 %step_data_0_4_4_load_read, i3 5, i32 %step_data_0_4_5_load_read, i32 0, i3 %select_ln723" [../src/riccati_solver_hls.cpp:723]   --->   Operation 118 'sparsemux' 'b_17' <Predicate = true> <Delay = 0.62> <CoreInst = "BinarySparseMux_DontCare">   --->   Core 149 'BinarySparseMux_DontCare' <Latency = 0> <II = 1> <Delay = 0.62> <FuncUnit> <Opcode : 'sparsemux'> <InPorts = 2> <OutPorts = 1>
ST_2 : Operation 119 [1/1] (0.00ns)   --->   "%sext_ln275_4 = sext i32 %b_17" [../src/fp_math_hls.cpp:275->../src/riccati_solver_hls.cpp:734]   --->   Operation 119 'sext' 'sext_ln275_4' <Predicate = true> <Delay = 0.00>
ST_2 : Operation 120 [4/4] (2.29ns)   --->   "%product_19 = mul i52 %a_4_cast95, i52 %sext_ln275_4" [../src/fp_math_hls.cpp:275->../src/riccati_solver_hls.cpp:734]   --->   Operation 120 'mul' 'product_19' <Predicate = true> <Delay = 2.29> <CoreInst = "Mul_DSP">   --->   Core 5 'Mul_DSP' <Latency = 3> <II = 1> <Delay = 2.29> <FuncUnit> <Opcode : 'mul'> <InPorts = 2> <OutPorts = 1>
ST_2 : Operation 121 [1/1] (0.62ns)   --->   "%b_18 = sparsemux i32 @_ssdm_op_SparseMux.ap_auto.6i32.i32.i3, i3 0, i32 %step_data_0_5_0_load_read, i3 1, i32 %step_data_0_5_1_load_read, i3 2, i32 %step_data_0_5_2_load_read, i3 3, i32 %step_data_0_5_3_load_read, i3 4, i32 %step_data_0_5_4_load_read, i3 5, i32 %step_data_0_5_5_load_read, i32 0, i3 %select_ln723" [../src/riccati_solver_hls.cpp:723]   --->   Operation 121 'sparsemux' 'b_18' <Predicate = true> <Delay = 0.62> <CoreInst = "BinarySparseMux_DontCare">   --->   Core 149 'BinarySparseMux_DontCare' <Latency = 0> <II = 1> <Delay = 0.62> <FuncUnit> <Opcode : 'sparsemux'> <InPorts = 2> <OutPorts = 1>
ST_2 : Operation 122 [1/1] (0.00ns)   --->   "%sext_ln275_5 = sext i32 %b_18" [../src/fp_math_hls.cpp:275->../src/riccati_solver_hls.cpp:735]   --->   Operation 122 'sext' 'sext_ln275_5' <Predicate = true> <Delay = 0.00>
ST_2 : Operation 123 [4/4] (2.29ns)   --->   "%product_20 = mul i52 %sext_ln736, i52 %sext_ln275_5" [../src/fp_math_hls.cpp:275->../src/riccati_solver_hls.cpp:735]   --->   Operation 123 'mul' 'product_20' <Predicate = true> <Delay = 2.29> <CoreInst = "Mul_DSP">   --->   Core 5 'Mul_DSP' <Latency = 3> <II = 1> <Delay = 2.29> <FuncUnit> <Opcode : 'mul'> <InPorts = 2> <OutPorts = 1>
ST_2 : Operation 124 [1/1] (0.00ns)   --->   "%br_ln736 = br i1 %icmp_ln736, void %arrayidx642863.case.1, void %arrayidx642863.case.0" [../src/riccati_solver_hls.cpp:736]   --->   Operation 124 'br' 'br_ln736' <Predicate = true> <Delay = 0.00>
ST_2 : Operation 125 [1/1] (0.67ns)   --->   "%switch_ln736 = switch i3 %select_ln723, void %arrayidx642863.case.522, i3 0, void %arrayidx642863.case.017, i3 1, void %arrayidx642863.case.118, i3 2, void %arrayidx642863.case.219, i3 3, void %arrayidx642863.case.320, i3 4, void %arrayidx642863.case.1.arrayidx642863.exit_crit_edge" [../src/riccati_solver_hls.cpp:736]   --->   Operation 125 'switch' 'switch_ln736' <Predicate = (!icmp_ln736)> <Delay = 0.67>
ST_2 : Operation 126 [1/1] (0.67ns)   --->   "%switch_ln736 = switch i3 %select_ln723, void %arrayidx642863.case.5, i3 0, void %arrayidx642863.case.013, i3 1, void %arrayidx642863.case.114, i3 2, void %arrayidx642863.case.2, i3 3, void %arrayidx642863.case.3, i3 4, void %arrayidx642863.case.0.arrayidx642863.exit_crit_edge" [../src/riccati_solver_hls.cpp:736]   --->   Operation 126 'switch' 'switch_ln736' <Predicate = (icmp_ln736)> <Delay = 0.67>
ST_2 : Operation 127 [1/1] (0.67ns)   --->   "%add_ln727 = add i3 %select_ln723, i3 1" [../src/riccati_solver_hls.cpp:727]   --->   Operation 127 'add' 'add_ln727' <Predicate = true> <Delay = 0.67> <CoreInst = "Adder">   --->   Core 1 'Adder' <Latency = 0> <II = 1> <Delay = 0.67> <FuncUnit> <Opcode : 'add' 'sub'> <InPorts = 2> <OutPorts = 1>
ST_2 : Operation 128 [1/1] (0.42ns)   --->   "%store_ln475 = store i2 %select_ln726, i2 %a" [../src/riccati_solver_hls.cpp:475]   --->   Operation 128 'store' 'store_ln475' <Predicate = true> <Delay = 0.42>
ST_2 : Operation 129 [1/1] (0.42ns)   --->   "%store_ln475 = store i3 %add_ln727, i3 %j_1" [../src/riccati_solver_hls.cpp:475]   --->   Operation 129 'store' 'store_ln475' <Predicate = true> <Delay = 0.42>
ST_2 : Operation 130 [1/1] (0.00ns)   --->   "%br_ln727 = br void %for.inc643" [../src/riccati_solver_hls.cpp:727]   --->   Operation 130 'br' 'br_ln727' <Predicate = true> <Delay = 0.00>

State 3 <SV = 2> <Delay = 2.29>
ST_3 : Operation 131 [3/4] (2.29ns)   --->   "%product = mul i52 %a_41_cast87, i52 %sext_ln275" [../src/fp_math_hls.cpp:275->../src/riccati_solver_hls.cpp:730]   --->   Operation 131 'mul' 'product' <Predicate = true> <Delay = 2.29> <CoreInst = "Mul_DSP">   --->   Core 5 'Mul_DSP' <Latency = 3> <II = 1> <Delay = 2.29> <FuncUnit> <Opcode : 'mul'> <InPorts = 2> <OutPorts = 1>
ST_3 : Operation 132 [3/4] (2.29ns)   --->   "%product_16 = mul i52 %a_1_cast89, i52 %sext_ln275_1" [../src/fp_math_hls.cpp:275->../src/riccati_solver_hls.cpp:731]   --->   Operation 132 'mul' 'product_16' <Predicate = true> <Delay = 2.29> <CoreInst = "Mul_DSP">   --->   Core 5 'Mul_DSP' <Latency = 3> <II = 1> <Delay = 2.29> <FuncUnit> <Opcode : 'mul'> <InPorts = 2> <OutPorts = 1>
ST_3 : Operation 133 [3/4] (2.29ns)   --->   "%product_17 = mul i52 %a_2_cast91, i52 %sext_ln275_2" [../src/fp_math_hls.cpp:275->../src/riccati_solver_hls.cpp:732]   --->   Operation 133 'mul' 'product_17' <Predicate = true> <Delay = 2.29> <CoreInst = "Mul_DSP">   --->   Core 5 'Mul_DSP' <Latency = 3> <II = 1> <Delay = 2.29> <FuncUnit> <Opcode : 'mul'> <InPorts = 2> <OutPorts = 1>
ST_3 : Operation 134 [3/4] (2.29ns)   --->   "%product_18 = mul i52 %a_3_cast93, i52 %sext_ln275_3" [../src/fp_math_hls.cpp:275->../src/riccati_solver_hls.cpp:733]   --->   Operation 134 'mul' 'product_18' <Predicate = true> <Delay = 2.29> <CoreInst = "Mul_DSP">   --->   Core 5 'Mul_DSP' <Latency = 3> <II = 1> <Delay = 2.29> <FuncUnit> <Opcode : 'mul'> <InPorts = 2> <OutPorts = 1>
ST_3 : Operation 135 [3/4] (2.29ns)   --->   "%product_19 = mul i52 %a_4_cast95, i52 %sext_ln275_4" [../src/fp_math_hls.cpp:275->../src/riccati_solver_hls.cpp:734]   --->   Operation 135 'mul' 'product_19' <Predicate = true> <Delay = 2.29> <CoreInst = "Mul_DSP">   --->   Core 5 'Mul_DSP' <Latency = 3> <II = 1> <Delay = 2.29> <FuncUnit> <Opcode : 'mul'> <InPorts = 2> <OutPorts = 1>
ST_3 : Operation 136 [3/4] (2.29ns)   --->   "%product_20 = mul i52 %sext_ln736, i52 %sext_ln275_5" [../src/fp_math_hls.cpp:275->../src/riccati_solver_hls.cpp:735]   --->   Operation 136 'mul' 'product_20' <Predicate = true> <Delay = 2.29> <CoreInst = "Mul_DSP">   --->   Core 5 'Mul_DSP' <Latency = 3> <II = 1> <Delay = 2.29> <FuncUnit> <Opcode : 'mul'> <InPorts = 2> <OutPorts = 1>

State 4 <SV = 3> <Delay = 2.29>
ST_4 : Operation 137 [2/4] (2.29ns)   --->   "%product = mul i52 %a_41_cast87, i52 %sext_ln275" [../src/fp_math_hls.cpp:275->../src/riccati_solver_hls.cpp:730]   --->   Operation 137 'mul' 'product' <Predicate = true> <Delay = 2.29> <CoreInst = "Mul_DSP">   --->   Core 5 'Mul_DSP' <Latency = 3> <II = 1> <Delay = 2.29> <FuncUnit> <Opcode : 'mul'> <InPorts = 2> <OutPorts = 1>
ST_4 : Operation 138 [2/4] (2.29ns)   --->   "%product_16 = mul i52 %a_1_cast89, i52 %sext_ln275_1" [../src/fp_math_hls.cpp:275->../src/riccati_solver_hls.cpp:731]   --->   Operation 138 'mul' 'product_16' <Predicate = true> <Delay = 2.29> <CoreInst = "Mul_DSP">   --->   Core 5 'Mul_DSP' <Latency = 3> <II = 1> <Delay = 2.29> <FuncUnit> <Opcode : 'mul'> <InPorts = 2> <OutPorts = 1>
ST_4 : Operation 139 [2/4] (2.29ns)   --->   "%product_17 = mul i52 %a_2_cast91, i52 %sext_ln275_2" [../src/fp_math_hls.cpp:275->../src/riccati_solver_hls.cpp:732]   --->   Operation 139 'mul' 'product_17' <Predicate = true> <Delay = 2.29> <CoreInst = "Mul_DSP">   --->   Core 5 'Mul_DSP' <Latency = 3> <II = 1> <Delay = 2.29> <FuncUnit> <Opcode : 'mul'> <InPorts = 2> <OutPorts = 1>
ST_4 : Operation 140 [2/4] (2.29ns)   --->   "%product_18 = mul i52 %a_3_cast93, i52 %sext_ln275_3" [../src/fp_math_hls.cpp:275->../src/riccati_solver_hls.cpp:733]   --->   Operation 140 'mul' 'product_18' <Predicate = true> <Delay = 2.29> <CoreInst = "Mul_DSP">   --->   Core 5 'Mul_DSP' <Latency = 3> <II = 1> <Delay = 2.29> <FuncUnit> <Opcode : 'mul'> <InPorts = 2> <OutPorts = 1>
ST_4 : Operation 141 [2/4] (2.29ns)   --->   "%product_19 = mul i52 %a_4_cast95, i52 %sext_ln275_4" [../src/fp_math_hls.cpp:275->../src/riccati_solver_hls.cpp:734]   --->   Operation 141 'mul' 'product_19' <Predicate = true> <Delay = 2.29> <CoreInst = "Mul_DSP">   --->   Core 5 'Mul_DSP' <Latency = 3> <II = 1> <Delay = 2.29> <FuncUnit> <Opcode : 'mul'> <InPorts = 2> <OutPorts = 1>
ST_4 : Operation 142 [2/4] (2.29ns)   --->   "%product_20 = mul i52 %sext_ln736, i52 %sext_ln275_5" [../src/fp_math_hls.cpp:275->../src/riccati_solver_hls.cpp:735]   --->   Operation 142 'mul' 'product_20' <Predicate = true> <Delay = 2.29> <CoreInst = "Mul_DSP">   --->   Core 5 'Mul_DSP' <Latency = 3> <II = 1> <Delay = 2.29> <FuncUnit> <Opcode : 'mul'> <InPorts = 2> <OutPorts = 1>
ST_4 : Operation 196 [1/1] (0.00ns)   --->   "%G_load = load i34 %G"   --->   Operation 196 'load' 'G_load' <Predicate = (icmp_ln726)> <Delay = 0.00>
ST_4 : Operation 197 [1/1] (0.00ns)   --->   "%G_1_load = load i34 %G_1"   --->   Operation 197 'load' 'G_1_load' <Predicate = (icmp_ln726)> <Delay = 0.00>
ST_4 : Operation 198 [1/1] (0.00ns)   --->   "%G_2_load = load i34 %G_2"   --->   Operation 198 'load' 'G_2_load' <Predicate = (icmp_ln726)> <Delay = 0.00>
ST_4 : Operation 199 [1/1] (0.00ns)   --->   "%G_3_load = load i34 %G_3"   --->   Operation 199 'load' 'G_3_load' <Predicate = (icmp_ln726)> <Delay = 0.00>
ST_4 : Operation 200 [1/1] (0.00ns)   --->   "%G_4_load = load i34 %G_4"   --->   Operation 200 'load' 'G_4_load' <Predicate = (icmp_ln726)> <Delay = 0.00>
ST_4 : Operation 201 [1/1] (0.00ns)   --->   "%G_5_load = load i34 %G_5"   --->   Operation 201 'load' 'G_5_load' <Predicate = (icmp_ln726)> <Delay = 0.00>
ST_4 : Operation 202 [1/1] (0.00ns)   --->   "%G_6_load = load i34 %G_6"   --->   Operation 202 'load' 'G_6_load' <Predicate = (icmp_ln726)> <Delay = 0.00>
ST_4 : Operation 203 [1/1] (0.00ns)   --->   "%G_7_load = load i34 %G_7"   --->   Operation 203 'load' 'G_7_load' <Predicate = (icmp_ln726)> <Delay = 0.00>
ST_4 : Operation 204 [1/1] (0.00ns)   --->   "%G_8_load = load i34 %G_8"   --->   Operation 204 'load' 'G_8_load' <Predicate = (icmp_ln726)> <Delay = 0.00>
ST_4 : Operation 205 [1/1] (0.00ns)   --->   "%G_9_load = load i34 %G_9"   --->   Operation 205 'load' 'G_9_load' <Predicate = (icmp_ln726)> <Delay = 0.00>
ST_4 : Operation 206 [1/1] (0.00ns)   --->   "%G_10_load = load i34 %G_10"   --->   Operation 206 'load' 'G_10_load' <Predicate = (icmp_ln726)> <Delay = 0.00>
ST_4 : Operation 207 [1/1] (0.00ns)   --->   "%G_11_load = load i34 %G_11"   --->   Operation 207 'load' 'G_11_load' <Predicate = (icmp_ln726)> <Delay = 0.00>
ST_4 : Operation 208 [1/1] (0.00ns)   --->   "%write_ln0 = write void @_ssdm_op_Write.ap_auto.i34P0A, i34 %G_13_out, i34 %G_11_load"   --->   Operation 208 'write' 'write_ln0' <Predicate = (icmp_ln726)> <Delay = 0.00>
ST_4 : Operation 209 [1/1] (0.00ns)   --->   "%write_ln0 = write void @_ssdm_op_Write.ap_auto.i34P0A, i34 %G_12_out, i34 %G_10_load"   --->   Operation 209 'write' 'write_ln0' <Predicate = (icmp_ln726)> <Delay = 0.00>
ST_4 : Operation 210 [1/1] (0.00ns)   --->   "%write_ln0 = write void @_ssdm_op_Write.ap_auto.i34P0A, i34 %G_11_out, i34 %G_9_load"   --->   Operation 210 'write' 'write_ln0' <Predicate = (icmp_ln726)> <Delay = 0.00>
ST_4 : Operation 211 [1/1] (0.00ns)   --->   "%write_ln0 = write void @_ssdm_op_Write.ap_auto.i34P0A, i34 %G_10_out, i34 %G_8_load"   --->   Operation 211 'write' 'write_ln0' <Predicate = (icmp_ln726)> <Delay = 0.00>
ST_4 : Operation 212 [1/1] (0.00ns)   --->   "%write_ln0 = write void @_ssdm_op_Write.ap_auto.i34P0A, i34 %G_9_out, i34 %G_7_load"   --->   Operation 212 'write' 'write_ln0' <Predicate = (icmp_ln726)> <Delay = 0.00>
ST_4 : Operation 213 [1/1] (0.00ns)   --->   "%write_ln0 = write void @_ssdm_op_Write.ap_auto.i34P0A, i34 %G_8_out, i34 %G_6_load"   --->   Operation 213 'write' 'write_ln0' <Predicate = (icmp_ln726)> <Delay = 0.00>
ST_4 : Operation 214 [1/1] (0.00ns)   --->   "%write_ln0 = write void @_ssdm_op_Write.ap_auto.i34P0A, i34 %G_7_out, i34 %G_5_load"   --->   Operation 214 'write' 'write_ln0' <Predicate = (icmp_ln726)> <Delay = 0.00>
ST_4 : Operation 215 [1/1] (0.00ns)   --->   "%write_ln0 = write void @_ssdm_op_Write.ap_auto.i34P0A, i34 %G_6_out, i34 %G_4_load"   --->   Operation 215 'write' 'write_ln0' <Predicate = (icmp_ln726)> <Delay = 0.00>
ST_4 : Operation 216 [1/1] (0.00ns)   --->   "%write_ln0 = write void @_ssdm_op_Write.ap_auto.i34P0A, i34 %G_5_out, i34 %G_3_load"   --->   Operation 216 'write' 'write_ln0' <Predicate = (icmp_ln726)> <Delay = 0.00>
ST_4 : Operation 217 [1/1] (0.00ns)   --->   "%write_ln0 = write void @_ssdm_op_Write.ap_auto.i34P0A, i34 %G_4_out, i34 %G_2_load"   --->   Operation 217 'write' 'write_ln0' <Predicate = (icmp_ln726)> <Delay = 0.00>
ST_4 : Operation 218 [1/1] (0.00ns)   --->   "%write_ln0 = write void @_ssdm_op_Write.ap_auto.i34P0A, i34 %G_3_out, i34 %G_1_load"   --->   Operation 218 'write' 'write_ln0' <Predicate = (icmp_ln726)> <Delay = 0.00>
ST_4 : Operation 219 [1/1] (0.00ns)   --->   "%write_ln0 = write void @_ssdm_op_Write.ap_auto.i34P0A, i34 %G_2_out, i34 %G_load"   --->   Operation 219 'write' 'write_ln0' <Predicate = (icmp_ln726)> <Delay = 0.00>
ST_4 : Operation 220 [1/1] (0.42ns)   --->   "%ret_ln0 = ret"   --->   Operation 220 'ret' 'ret_ln0' <Predicate = (icmp_ln726)> <Delay = 0.42>

State 5 <SV = 4> <Delay = 4.17>
ST_5 : Operation 143 [1/1] (0.00ns)   --->   "%specloopname_ln0 = specloopname void @_ssdm_op_SpecLoopName, void @VITIS_LOOP_726_7_VITIS_LOOP_727_8_str"   --->   Operation 143 'specloopname' 'specloopname_ln0' <Predicate = true> <Delay = 0.00>
ST_5 : Operation 144 [1/1] (0.00ns)   --->   "%speclooptripcount_ln0 = speclooptripcount void @_ssdm_op_SpecLoopTripCount, i64 12, i64 12, i64 12"   --->   Operation 144 'speclooptripcount' 'speclooptripcount_ln0' <Predicate = true> <Delay = 0.00>
ST_5 : Operation 145 [1/1] (0.00ns)   --->   "%specpipeline_ln728 = specpipeline void @_ssdm_op_SpecPipeline, i32 1, i32 0, i32 0, i32 0, i32 4294967295, void @empty_485" [../src/riccati_solver_hls.cpp:728]   --->   Operation 145 'specpipeline' 'specpipeline_ln728' <Predicate = true> <Delay = 0.00>
ST_5 : Operation 146 [1/1] (0.00ns)   --->   "%rbegin = specregionbegin i32 @_ssdm_op_SpecRegionBegin, void @empty_406" [../src/fp_math_hls.cpp:275->../src/riccati_solver_hls.cpp:730]   --->   Operation 146 'specregionbegin' 'rbegin' <Predicate = true> <Delay = 0.00>
ST_5 : Operation 147 [1/4] (2.29ns)   --->   "%product = mul i52 %a_41_cast87, i52 %sext_ln275" [../src/fp_math_hls.cpp:275->../src/riccati_solver_hls.cpp:730]   --->   Operation 147 'mul' 'product' <Predicate = true> <Delay = 2.29> <CoreInst = "Mul_DSP">   --->   Core 5 'Mul_DSP' <Latency = 3> <II = 1> <Delay = 2.29> <FuncUnit> <Opcode : 'mul'> <InPorts = 2> <OutPorts = 1>
ST_5 : Operation 148 [1/1] (0.00ns)   --->   "%specfucore_ln276 = specfucore void @_ssdm_op_SpecFUCore, i52 %product, i64 12, i64 3, i64 3, i1 0" [../src/fp_math_hls.cpp:276->../src/riccati_solver_hls.cpp:730]   --->   Operation 148 'specfucore' 'specfucore_ln276' <Predicate = true> <Delay = 0.00>
ST_5 : Operation 149 [1/1] (0.00ns)   --->   "%rend460 = specregionend i32 @_ssdm_op_SpecRegionEnd, void @empty_406, i32 %rbegin" [../src/fp_math_hls.cpp:275->../src/riccati_solver_hls.cpp:730]   --->   Operation 149 'specregionend' 'rend460' <Predicate = true> <Delay = 0.00>
ST_5 : Operation 150 [1/1] (0.00ns)   --->   "%rbegin29 = specregionbegin i32 @_ssdm_op_SpecRegionBegin, void @empty_405" [../src/fp_math_hls.cpp:275->../src/riccati_solver_hls.cpp:731]   --->   Operation 150 'specregionbegin' 'rbegin29' <Predicate = true> <Delay = 0.00>
ST_5 : Operation 151 [1/4] (2.29ns)   --->   "%product_16 = mul i52 %a_1_cast89, i52 %sext_ln275_1" [../src/fp_math_hls.cpp:275->../src/riccati_solver_hls.cpp:731]   --->   Operation 151 'mul' 'product_16' <Predicate = true> <Delay = 2.29> <CoreInst = "Mul_DSP">   --->   Core 5 'Mul_DSP' <Latency = 3> <II = 1> <Delay = 2.29> <FuncUnit> <Opcode : 'mul'> <InPorts = 2> <OutPorts = 1>
ST_5 : Operation 152 [1/1] (0.00ns)   --->   "%specfucore_ln276 = specfucore void @_ssdm_op_SpecFUCore, i52 %product_16, i64 12, i64 3, i64 3, i1 0" [../src/fp_math_hls.cpp:276->../src/riccati_solver_hls.cpp:731]   --->   Operation 152 'specfucore' 'specfucore_ln276' <Predicate = true> <Delay = 0.00>
ST_5 : Operation 153 [1/1] (0.00ns)   --->   "%rend458 = specregionend i32 @_ssdm_op_SpecRegionEnd, void @empty_405, i32 %rbegin29" [../src/fp_math_hls.cpp:275->../src/riccati_solver_hls.cpp:731]   --->   Operation 153 'specregionend' 'rend458' <Predicate = true> <Delay = 0.00>
ST_5 : Operation 154 [1/1] (0.00ns)   --->   "%rbegin30 = specregionbegin i32 @_ssdm_op_SpecRegionBegin, void @empty_420" [../src/fp_math_hls.cpp:275->../src/riccati_solver_hls.cpp:732]   --->   Operation 154 'specregionbegin' 'rbegin30' <Predicate = true> <Delay = 0.00>
ST_5 : Operation 155 [1/4] (2.29ns)   --->   "%product_17 = mul i52 %a_2_cast91, i52 %sext_ln275_2" [../src/fp_math_hls.cpp:275->../src/riccati_solver_hls.cpp:732]   --->   Operation 155 'mul' 'product_17' <Predicate = true> <Delay = 2.29> <CoreInst = "Mul_DSP">   --->   Core 5 'Mul_DSP' <Latency = 3> <II = 1> <Delay = 2.29> <FuncUnit> <Opcode : 'mul'> <InPorts = 2> <OutPorts = 1>
ST_5 : Operation 156 [1/1] (0.00ns)   --->   "%specfucore_ln276 = specfucore void @_ssdm_op_SpecFUCore, i52 %product_17, i64 12, i64 3, i64 3, i1 0" [../src/fp_math_hls.cpp:276->../src/riccati_solver_hls.cpp:732]   --->   Operation 156 'specfucore' 'specfucore_ln276' <Predicate = true> <Delay = 0.00>
ST_5 : Operation 157 [1/1] (0.00ns)   --->   "%rend456 = specregionend i32 @_ssdm_op_SpecRegionEnd, void @empty_420, i32 %rbegin30" [../src/fp_math_hls.cpp:275->../src/riccati_solver_hls.cpp:732]   --->   Operation 157 'specregionend' 'rend456' <Predicate = true> <Delay = 0.00>
ST_5 : Operation 158 [1/1] (0.00ns)   --->   "%rbegin31 = specregionbegin i32 @_ssdm_op_SpecRegionBegin, void @empty_437" [../src/fp_math_hls.cpp:275->../src/riccati_solver_hls.cpp:733]   --->   Operation 158 'specregionbegin' 'rbegin31' <Predicate = true> <Delay = 0.00>
ST_5 : Operation 159 [1/4] (2.29ns)   --->   "%product_18 = mul i52 %a_3_cast93, i52 %sext_ln275_3" [../src/fp_math_hls.cpp:275->../src/riccati_solver_hls.cpp:733]   --->   Operation 159 'mul' 'product_18' <Predicate = true> <Delay = 2.29> <CoreInst = "Mul_DSP">   --->   Core 5 'Mul_DSP' <Latency = 3> <II = 1> <Delay = 2.29> <FuncUnit> <Opcode : 'mul'> <InPorts = 2> <OutPorts = 1>
ST_5 : Operation 160 [1/1] (0.00ns)   --->   "%specfucore_ln276 = specfucore void @_ssdm_op_SpecFUCore, i52 %product_18, i64 12, i64 3, i64 3, i1 0" [../src/fp_math_hls.cpp:276->../src/riccati_solver_hls.cpp:733]   --->   Operation 160 'specfucore' 'specfucore_ln276' <Predicate = true> <Delay = 0.00>
ST_5 : Operation 161 [1/1] (0.00ns)   --->   "%rend454 = specregionend i32 @_ssdm_op_SpecRegionEnd, void @empty_437, i32 %rbegin31" [../src/fp_math_hls.cpp:275->../src/riccati_solver_hls.cpp:733]   --->   Operation 161 'specregionend' 'rend454' <Predicate = true> <Delay = 0.00>
ST_5 : Operation 162 [1/1] (0.00ns)   --->   "%rbegin32 = specregionbegin i32 @_ssdm_op_SpecRegionBegin, void @empty_503" [../src/fp_math_hls.cpp:275->../src/riccati_solver_hls.cpp:734]   --->   Operation 162 'specregionbegin' 'rbegin32' <Predicate = true> <Delay = 0.00>
ST_5 : Operation 163 [1/4] (2.29ns)   --->   "%product_19 = mul i52 %a_4_cast95, i52 %sext_ln275_4" [../src/fp_math_hls.cpp:275->../src/riccati_solver_hls.cpp:734]   --->   Operation 163 'mul' 'product_19' <Predicate = true> <Delay = 2.29> <CoreInst = "Mul_DSP">   --->   Core 5 'Mul_DSP' <Latency = 3> <II = 1> <Delay = 2.29> <FuncUnit> <Opcode : 'mul'> <InPorts = 2> <OutPorts = 1>
ST_5 : Operation 164 [1/1] (0.00ns)   --->   "%specfucore_ln276 = specfucore void @_ssdm_op_SpecFUCore, i52 %product_19, i64 12, i64 3, i64 3, i1 0" [../src/fp_math_hls.cpp:276->../src/riccati_solver_hls.cpp:734]   --->   Operation 164 'specfucore' 'specfucore_ln276' <Predicate = true> <Delay = 0.00>
ST_5 : Operation 165 [1/1] (0.00ns)   --->   "%rend452 = specregionend i32 @_ssdm_op_SpecRegionEnd, void @empty_503, i32 %rbegin32" [../src/fp_math_hls.cpp:275->../src/riccati_solver_hls.cpp:734]   --->   Operation 165 'specregionend' 'rend452' <Predicate = true> <Delay = 0.00>
ST_5 : Operation 166 [1/1] (0.00ns)   --->   "%rbegin33 = specregionbegin i32 @_ssdm_op_SpecRegionBegin, void @empty_499" [../src/fp_math_hls.cpp:275->../src/riccati_solver_hls.cpp:735]   --->   Operation 166 'specregionbegin' 'rbegin33' <Predicate = true> <Delay = 0.00>
ST_5 : Operation 167 [1/4] (2.29ns)   --->   "%product_20 = mul i52 %sext_ln736, i52 %sext_ln275_5" [../src/fp_math_hls.cpp:275->../src/riccati_solver_hls.cpp:735]   --->   Operation 167 'mul' 'product_20' <Predicate = true> <Delay = 2.29> <CoreInst = "Mul_DSP">   --->   Core 5 'Mul_DSP' <Latency = 3> <II = 1> <Delay = 2.29> <FuncUnit> <Opcode : 'mul'> <InPorts = 2> <OutPorts = 1>
ST_5 : Operation 168 [1/1] (0.00ns)   --->   "%specfucore_ln276 = specfucore void @_ssdm_op_SpecFUCore, i52 %product_20, i64 12, i64 3, i64 3, i1 0" [../src/fp_math_hls.cpp:276->../src/riccati_solver_hls.cpp:735]   --->   Operation 168 'specfucore' 'specfucore_ln276' <Predicate = true> <Delay = 0.00>
ST_5 : Operation 169 [1/1] (0.00ns)   --->   "%rend450 = specregionend i32 @_ssdm_op_SpecRegionEnd, void @empty_499, i32 %rbegin33" [../src/fp_math_hls.cpp:275->../src/riccati_solver_hls.cpp:735]   --->   Operation 169 'specregionend' 'rend450' <Predicate = true> <Delay = 0.00>
ST_5 : Operation 170 [1/1] (1.88ns)   --->   "%sum = call i52 @sum6_MG_QP_raw, i52 %product, i52 %product_16, i52 %product_17, i52 %product_18, i52 %product_19, i52 %product_20" [../src/riccati_solver_hls.cpp:729]   --->   Operation 170 'call' 'sum' <Predicate = (!icmp_ln726)> <Delay = 1.88> <CoreType = "Generic">   --->   Generic Core
ST_5 : Operation 171 [1/1] (0.00ns)   --->   "%G_12 = partselect i34 @_ssdm_op_PartSelect.i34.i52.i32.i32, i52 %sum, i32 18, i32 51" [include/fp_math_hls.h:167->../src/riccati_solver_hls.cpp:736]   --->   Operation 171 'partselect' 'G_12' <Predicate = true> <Delay = 0.00>
ST_5 : Operation 172 [1/1] (0.00ns)   --->   "%store_ln723 = store i34 %G_12, i34 %G_1" [../src/riccati_solver_hls.cpp:723]   --->   Operation 172 'store' 'store_ln723' <Predicate = (!icmp_ln736 & select_ln723 == 4)> <Delay = 0.00>
ST_5 : Operation 173 [1/1] (0.00ns)   --->   "%br_ln736 = br void %arrayidx642863.exit" [../src/riccati_solver_hls.cpp:736]   --->   Operation 173 'br' 'br_ln736' <Predicate = (!icmp_ln736 & select_ln723 == 4)> <Delay = 0.00>
ST_5 : Operation 174 [1/1] (0.00ns)   --->   "%store_ln723 = store i34 %G_12, i34 %G_2" [../src/riccati_solver_hls.cpp:723]   --->   Operation 174 'store' 'store_ln723' <Predicate = (!icmp_ln736 & select_ln723 == 3)> <Delay = 0.00>
ST_5 : Operation 175 [1/1] (0.00ns)   --->   "%br_ln736 = br void %arrayidx642863.exit" [../src/riccati_solver_hls.cpp:736]   --->   Operation 175 'br' 'br_ln736' <Predicate = (!icmp_ln736 & select_ln723 == 3)> <Delay = 0.00>
ST_5 : Operation 176 [1/1] (0.00ns)   --->   "%store_ln723 = store i34 %G_12, i34 %G_3" [../src/riccati_solver_hls.cpp:723]   --->   Operation 176 'store' 'store_ln723' <Predicate = (!icmp_ln736 & select_ln723 == 2)> <Delay = 0.00>
ST_5 : Operation 177 [1/1] (0.00ns)   --->   "%br_ln736 = br void %arrayidx642863.exit" [../src/riccati_solver_hls.cpp:736]   --->   Operation 177 'br' 'br_ln736' <Predicate = (!icmp_ln736 & select_ln723 == 2)> <Delay = 0.00>
ST_5 : Operation 178 [1/1] (0.00ns)   --->   "%store_ln723 = store i34 %G_12, i34 %G_4" [../src/riccati_solver_hls.cpp:723]   --->   Operation 178 'store' 'store_ln723' <Predicate = (!icmp_ln736 & select_ln723 == 1)> <Delay = 0.00>
ST_5 : Operation 179 [1/1] (0.00ns)   --->   "%br_ln736 = br void %arrayidx642863.exit" [../src/riccati_solver_hls.cpp:736]   --->   Operation 179 'br' 'br_ln736' <Predicate = (!icmp_ln736 & select_ln723 == 1)> <Delay = 0.00>
ST_5 : Operation 180 [1/1] (0.00ns)   --->   "%store_ln723 = store i34 %G_12, i34 %G_5" [../src/riccati_solver_hls.cpp:723]   --->   Operation 180 'store' 'store_ln723' <Predicate = (!icmp_ln736 & select_ln723 == 0)> <Delay = 0.00>
ST_5 : Operation 181 [1/1] (0.00ns)   --->   "%br_ln736 = br void %arrayidx642863.exit" [../src/riccati_solver_hls.cpp:736]   --->   Operation 181 'br' 'br_ln736' <Predicate = (!icmp_ln736 & select_ln723 == 0)> <Delay = 0.00>
ST_5 : Operation 182 [1/1] (0.00ns)   --->   "%store_ln723 = store i34 %G_12, i34 %G" [../src/riccati_solver_hls.cpp:723]   --->   Operation 182 'store' 'store_ln723' <Predicate = (!icmp_ln736 & select_ln723 != 0 & select_ln723 != 1 & select_ln723 != 2 & select_ln723 != 3 & select_ln723 != 4)> <Delay = 0.00>
ST_5 : Operation 183 [1/1] (0.00ns)   --->   "%br_ln736 = br void %arrayidx642863.exit" [../src/riccati_solver_hls.cpp:736]   --->   Operation 183 'br' 'br_ln736' <Predicate = (!icmp_ln736 & select_ln723 != 0 & select_ln723 != 1 & select_ln723 != 2 & select_ln723 != 3 & select_ln723 != 4)> <Delay = 0.00>
ST_5 : Operation 184 [1/1] (0.00ns)   --->   "%store_ln723 = store i34 %G_12, i34 %G_7" [../src/riccati_solver_hls.cpp:723]   --->   Operation 184 'store' 'store_ln723' <Predicate = (icmp_ln736 & select_ln723 == 4)> <Delay = 0.00>
ST_5 : Operation 185 [1/1] (0.00ns)   --->   "%br_ln736 = br void %arrayidx642863.exit" [../src/riccati_solver_hls.cpp:736]   --->   Operation 185 'br' 'br_ln736' <Predicate = (icmp_ln736 & select_ln723 == 4)> <Delay = 0.00>
ST_5 : Operation 186 [1/1] (0.00ns)   --->   "%store_ln723 = store i34 %G_12, i34 %G_8" [../src/riccati_solver_hls.cpp:723]   --->   Operation 186 'store' 'store_ln723' <Predicate = (icmp_ln736 & select_ln723 == 3)> <Delay = 0.00>
ST_5 : Operation 187 [1/1] (0.00ns)   --->   "%br_ln736 = br void %arrayidx642863.exit" [../src/riccati_solver_hls.cpp:736]   --->   Operation 187 'br' 'br_ln736' <Predicate = (icmp_ln736 & select_ln723 == 3)> <Delay = 0.00>
ST_5 : Operation 188 [1/1] (0.00ns)   --->   "%store_ln723 = store i34 %G_12, i34 %G_11" [../src/riccati_solver_hls.cpp:723]   --->   Operation 188 'store' 'store_ln723' <Predicate = (icmp_ln736 & select_ln723 == 2)> <Delay = 0.00>
ST_5 : Operation 189 [1/1] (0.00ns)   --->   "%br_ln736 = br void %arrayidx642863.exit" [../src/riccati_solver_hls.cpp:736]   --->   Operation 189 'br' 'br_ln736' <Predicate = (icmp_ln736 & select_ln723 == 2)> <Delay = 0.00>
ST_5 : Operation 190 [1/1] (0.00ns)   --->   "%store_ln723 = store i34 %G_12, i34 %G_10" [../src/riccati_solver_hls.cpp:723]   --->   Operation 190 'store' 'store_ln723' <Predicate = (icmp_ln736 & select_ln723 == 1)> <Delay = 0.00>
ST_5 : Operation 191 [1/1] (0.00ns)   --->   "%br_ln736 = br void %arrayidx642863.exit" [../src/riccati_solver_hls.cpp:736]   --->   Operation 191 'br' 'br_ln736' <Predicate = (icmp_ln736 & select_ln723 == 1)> <Delay = 0.00>
ST_5 : Operation 192 [1/1] (0.00ns)   --->   "%store_ln723 = store i34 %G_12, i34 %G_9" [../src/riccati_solver_hls.cpp:723]   --->   Operation 192 'store' 'store_ln723' <Predicate = (icmp_ln736 & select_ln723 == 0)> <Delay = 0.00>
ST_5 : Operation 193 [1/1] (0.00ns)   --->   "%br_ln736 = br void %arrayidx642863.exit" [../src/riccati_solver_hls.cpp:736]   --->   Operation 193 'br' 'br_ln736' <Predicate = (icmp_ln736 & select_ln723 == 0)> <Delay = 0.00>
ST_5 : Operation 194 [1/1] (0.00ns)   --->   "%store_ln723 = store i34 %G_12, i34 %G_6" [../src/riccati_solver_hls.cpp:723]   --->   Operation 194 'store' 'store_ln723' <Predicate = (icmp_ln736 & select_ln723 != 0 & select_ln723 != 1 & select_ln723 != 2 & select_ln723 != 3 & select_ln723 != 4)> <Delay = 0.00>
ST_5 : Operation 195 [1/1] (0.00ns)   --->   "%br_ln736 = br void %arrayidx642863.exit" [../src/riccati_solver_hls.cpp:736]   --->   Operation 195 'br' 'br_ln736' <Predicate = (icmp_ln736 & select_ln723 != 0 & select_ln723 != 1 & select_ln723 != 2 & select_ln723 != 3 & select_ln723 != 4)> <Delay = 0.00>


============================================================
+ Verbose Summary: Binding
============================================================
STG Binding: 
---------------- STG Properties BEGIN ----------------
- Is combinational: 0
- Is one-state seq: 0
- Is datapath-only: 0
- Is pipelined: 0
- Is top level: 0
Port [ Return ] is wired: 1; IO mode=ap_ctrl_hs:ce=0
Port [ sext_ln167_1]:  wired=1; compound=0; hidden=0; nouse=0; global=0; static=0; extern=0; dir=0; type=0; pingpong=0; private_global=0; IO mode=ap_none:ce=0
Port [ M]:  wired=1; compound=0; hidden=0; nouse=0; global=0; static=0; extern=0; dir=0; type=0; pingpong=0; private_global=0; IO mode=ap_none:ce=0
Port [ sext_ln167_2]:  wired=1; compound=0; hidden=0; nouse=0; global=0; static=0; extern=0; dir=0; type=0; pingpong=0; private_global=0; IO mode=ap_none:ce=0
Port [ M_2]:  wired=1; compound=0; hidden=0; nouse=0; global=0; static=0; extern=0; dir=0; type=0; pingpong=0; private_global=0; IO mode=ap_none:ce=0
Port [ sext_ln167_3]:  wired=1; compound=0; hidden=0; nouse=0; global=0; static=0; extern=0; dir=0; type=0; pingpong=0; private_global=0; IO mode=ap_none:ce=0
Port [ M_12]:  wired=1; compound=0; hidden=0; nouse=0; global=0; static=0; extern=0; dir=0; type=0; pingpong=0; private_global=0; IO mode=ap_none:ce=0
Port [ sext_ln167_4]:  wired=1; compound=0; hidden=0; nouse=0; global=0; static=0; extern=0; dir=0; type=0; pingpong=0; private_global=0; IO mode=ap_none:ce=0
Port [ M_14]:  wired=1; compound=0; hidden=0; nouse=0; global=0; static=0; extern=0; dir=0; type=0; pingpong=0; private_global=0; IO mode=ap_none:ce=0
Port [ sext_ln167_5]:  wired=1; compound=0; hidden=0; nouse=0; global=0; static=0; extern=0; dir=0; type=0; pingpong=0; private_global=0; IO mode=ap_none:ce=0
Port [ M_16]:  wired=1; compound=0; hidden=0; nouse=0; global=0; static=0; extern=0; dir=0; type=0; pingpong=0; private_global=0; IO mode=ap_none:ce=0
Port [ sext_ln167_6]:  wired=1; compound=0; hidden=0; nouse=0; global=0; static=0; extern=0; dir=0; type=0; pingpong=0; private_global=0; IO mode=ap_none:ce=0
Port [ M_18]:  wired=1; compound=0; hidden=0; nouse=0; global=0; static=0; extern=0; dir=0; type=0; pingpong=0; private_global=0; IO mode=ap_none:ce=0
Port [ step_data_0_0_0_load]:  wired=1; compound=0; hidden=0; nouse=0; global=0; static=0; extern=0; dir=0; type=0; pingpong=0; private_global=0; IO mode=ap_none:ce=0
Port [ step_data_0_0_1_load]:  wired=1; compound=0; hidden=0; nouse=0; global=0; static=0; extern=0; dir=0; type=0; pingpong=0; private_global=0; IO mode=ap_none:ce=0
Port [ step_data_0_0_2_load]:  wired=1; compound=0; hidden=0; nouse=0; global=0; static=0; extern=0; dir=0; type=0; pingpong=0; private_global=0; IO mode=ap_none:ce=0
Port [ step_data_0_0_3_load]:  wired=1; compound=0; hidden=0; nouse=0; global=0; static=0; extern=0; dir=0; type=0; pingpong=0; private_global=0; IO mode=ap_none:ce=0
Port [ step_data_0_0_4_load]:  wired=1; compound=0; hidden=0; nouse=0; global=0; static=0; extern=0; dir=0; type=0; pingpong=0; private_global=0; IO mode=ap_none:ce=0
Port [ step_data_0_0_5_load]:  wired=1; compound=0; hidden=0; nouse=0; global=0; static=0; extern=0; dir=0; type=0; pingpong=0; private_global=0; IO mode=ap_none:ce=0
Port [ step_data_0_1_0_load]:  wired=1; compound=0; hidden=0; nouse=0; global=0; static=0; extern=0; dir=0; type=0; pingpong=0; private_global=0; IO mode=ap_none:ce=0
Port [ step_data_0_1_1_load]:  wired=1; compound=0; hidden=0; nouse=0; global=0; static=0; extern=0; dir=0; type=0; pingpong=0; private_global=0; IO mode=ap_none:ce=0
Port [ step_data_0_1_2_load]:  wired=1; compound=0; hidden=0; nouse=0; global=0; static=0; extern=0; dir=0; type=0; pingpong=0; private_global=0; IO mode=ap_none:ce=0
Port [ step_data_0_1_3_load]:  wired=1; compound=0; hidden=0; nouse=0; global=0; static=0; extern=0; dir=0; type=0; pingpong=0; private_global=0; IO mode=ap_none:ce=0
Port [ step_data_0_1_4_load]:  wired=1; compound=0; hidden=0; nouse=0; global=0; static=0; extern=0; dir=0; type=0; pingpong=0; private_global=0; IO mode=ap_none:ce=0
Port [ step_data_0_1_5_load]:  wired=1; compound=0; hidden=0; nouse=0; global=0; static=0; extern=0; dir=0; type=0; pingpong=0; private_global=0; IO mode=ap_none:ce=0
Port [ step_data_0_2_0_load]:  wired=1; compound=0; hidden=0; nouse=0; global=0; static=0; extern=0; dir=0; type=0; pingpong=0; private_global=0; IO mode=ap_none:ce=0
Port [ step_data_0_2_1_load]:  wired=1; compound=0; hidden=0; nouse=0; global=0; static=0; extern=0; dir=0; type=0; pingpong=0; private_global=0; IO mode=ap_none:ce=0
Port [ step_data_0_2_2_load]:  wired=1; compound=0; hidden=0; nouse=0; global=0; static=0; extern=0; dir=0; type=0; pingpong=0; private_global=0; IO mode=ap_none:ce=0
Port [ step_data_0_2_3_load]:  wired=1; compound=0; hidden=0; nouse=0; global=0; static=0; extern=0; dir=0; type=0; pingpong=0; private_global=0; IO mode=ap_none:ce=0
Port [ step_data_0_2_4_load]:  wired=1; compound=0; hidden=0; nouse=0; global=0; static=0; extern=0; dir=0; type=0; pingpong=0; private_global=0; IO mode=ap_none:ce=0
Port [ step_data_0_2_5_load]:  wired=1; compound=0; hidden=0; nouse=0; global=0; static=0; extern=0; dir=0; type=0; pingpong=0; private_global=0; IO mode=ap_none:ce=0
Port [ step_data_0_3_0_load]:  wired=1; compound=0; hidden=0; nouse=0; global=0; static=0; extern=0; dir=0; type=0; pingpong=0; private_global=0; IO mode=ap_none:ce=0
Port [ step_data_0_3_1_load]:  wired=1; compound=0; hidden=0; nouse=0; global=0; static=0; extern=0; dir=0; type=0; pingpong=0; private_global=0; IO mode=ap_none:ce=0
Port [ step_data_0_3_2_load]:  wired=1; compound=0; hidden=0; nouse=0; global=0; static=0; extern=0; dir=0; type=0; pingpong=0; private_global=0; IO mode=ap_none:ce=0
Port [ step_data_0_3_3_load]:  wired=1; compound=0; hidden=0; nouse=0; global=0; static=0; extern=0; dir=0; type=0; pingpong=0; private_global=0; IO mode=ap_none:ce=0
Port [ step_data_0_3_4_load]:  wired=1; compound=0; hidden=0; nouse=0; global=0; static=0; extern=0; dir=0; type=0; pingpong=0; private_global=0; IO mode=ap_none:ce=0
Port [ step_data_0_3_5_load]:  wired=1; compound=0; hidden=0; nouse=0; global=0; static=0; extern=0; dir=0; type=0; pingpong=0; private_global=0; IO mode=ap_none:ce=0
Port [ step_data_0_4_0_load]:  wired=1; compound=0; hidden=0; nouse=0; global=0; static=0; extern=0; dir=0; type=0; pingpong=0; private_global=0; IO mode=ap_none:ce=0
Port [ step_data_0_4_1_load]:  wired=1; compound=0; hidden=0; nouse=0; global=0; static=0; extern=0; dir=0; type=0; pingpong=0; private_global=0; IO mode=ap_none:ce=0
Port [ step_data_0_4_2_load]:  wired=1; compound=0; hidden=0; nouse=0; global=0; static=0; extern=0; dir=0; type=0; pingpong=0; private_global=0; IO mode=ap_none:ce=0
Port [ step_data_0_4_3_load]:  wired=1; compound=0; hidden=0; nouse=0; global=0; static=0; extern=0; dir=0; type=0; pingpong=0; private_global=0; IO mode=ap_none:ce=0
Port [ step_data_0_4_4_load]:  wired=1; compound=0; hidden=0; nouse=0; global=0; static=0; extern=0; dir=0; type=0; pingpong=0; private_global=0; IO mode=ap_none:ce=0
Port [ step_data_0_4_5_load]:  wired=1; compound=0; hidden=0; nouse=0; global=0; static=0; extern=0; dir=0; type=0; pingpong=0; private_global=0; IO mode=ap_none:ce=0
Port [ step_data_0_5_0_load]:  wired=1; compound=0; hidden=0; nouse=0; global=0; static=0; extern=0; dir=0; type=0; pingpong=0; private_global=0; IO mode=ap_none:ce=0
Port [ step_data_0_5_1_load]:  wired=1; compound=0; hidden=0; nouse=0; global=0; static=0; extern=0; dir=0; type=0; pingpong=0; private_global=0; IO mode=ap_none:ce=0
Port [ step_data_0_5_2_load]:  wired=1; compound=0; hidden=0; nouse=0; global=0; static=0; extern=0; dir=0; type=0; pingpong=0; private_global=0; IO mode=ap_none:ce=0
Port [ step_data_0_5_3_load]:  wired=1; compound=0; hidden=0; nouse=0; global=0; static=0; extern=0; dir=0; type=0; pingpong=0; private_global=0; IO mode=ap_none:ce=0
Port [ step_data_0_5_4_load]:  wired=1; compound=0; hidden=0; nouse=0; global=0; static=0; extern=0; dir=0; type=0; pingpong=0; private_global=0; IO mode=ap_none:ce=0
Port [ step_data_0_5_5_load]:  wired=1; compound=0; hidden=0; nouse=0; global=0; static=0; extern=0; dir=0; type=0; pingpong=0; private_global=0; IO mode=ap_none:ce=0
Port [ G_13_out]:  wired=1; compound=0; hidden=0; nouse=0; global=0; static=0; extern=0; dir=1; type=0; pingpong=0; private_global=0; IO mode=ap_vld:ce=0
Port [ G_12_out]:  wired=1; compound=0; hidden=0; nouse=0; global=0; static=0; extern=0; dir=1; type=0; pingpong=0; private_global=0; IO mode=ap_vld:ce=0
Port [ G_11_out]:  wired=1; compound=0; hidden=0; nouse=0; global=0; static=0; extern=0; dir=1; type=0; pingpong=0; private_global=0; IO mode=ap_vld:ce=0
Port [ G_10_out]:  wired=1; compound=0; hidden=0; nouse=0; global=0; static=0; extern=0; dir=1; type=0; pingpong=0; private_global=0; IO mode=ap_vld:ce=0
Port [ G_9_out]:  wired=1; compound=0; hidden=0; nouse=0; global=0; static=0; extern=0; dir=1; type=0; pingpong=0; private_global=0; IO mode=ap_vld:ce=0
Port [ G_8_out]:  wired=1; compound=0; hidden=0; nouse=0; global=0; static=0; extern=0; dir=1; type=0; pingpong=0; private_global=0; IO mode=ap_vld:ce=0
Port [ G_7_out]:  wired=1; compound=0; hidden=0; nouse=0; global=0; static=0; extern=0; dir=1; type=0; pingpong=0; private_global=0; IO mode=ap_vld:ce=0
Port [ G_6_out]:  wired=1; compound=0; hidden=0; nouse=0; global=0; static=0; extern=0; dir=1; type=0; pingpong=0; private_global=0; IO mode=ap_vld:ce=0
Port [ G_5_out]:  wired=1; compound=0; hidden=0; nouse=0; global=0; static=0; extern=0; dir=1; type=0; pingpong=0; private_global=0; IO mode=ap_vld:ce=0
Port [ G_4_out]:  wired=1; compound=0; hidden=0; nouse=0; global=0; static=0; extern=0; dir=1; type=0; pingpong=0; private_global=0; IO mode=ap_vld:ce=0
Port [ G_3_out]:  wired=1; compound=0; hidden=0; nouse=0; global=0; static=0; extern=0; dir=1; type=0; pingpong=0; private_global=0; IO mode=ap_vld:ce=0
Port [ G_2_out]:  wired=1; compound=0; hidden=0; nouse=0; global=0; static=0; extern=0; dir=1; type=0; pingpong=0; private_global=0; IO mode=ap_vld:ce=0
---------------- STG Properties END ------------------

---------------- Datapath Model BEGIN ----------------

<LifeTime>
<method=bitvector/>
j_1                       (alloca           ) [ 011000]
a                         (alloca           ) [ 011000]
indvar_flatten            (alloca           ) [ 010000]
G                         (alloca           ) [ 011111]
G_1                       (alloca           ) [ 011111]
G_2                       (alloca           ) [ 011111]
G_3                       (alloca           ) [ 011111]
G_4                       (alloca           ) [ 011111]
G_5                       (alloca           ) [ 011111]
G_6                       (alloca           ) [ 011111]
G_7                       (alloca           ) [ 011111]
G_8                       (alloca           ) [ 011111]
G_9                       (alloca           ) [ 011111]
G_10                      (alloca           ) [ 011111]
G_11                      (alloca           ) [ 011111]
step_data_0_5_5_load_read (read             ) [ 011000]
step_data_0_5_4_load_read (read             ) [ 011000]
step_data_0_5_3_load_read (read             ) [ 011000]
step_data_0_5_2_load_read (read             ) [ 011000]
step_data_0_5_1_load_read (read             ) [ 011000]
step_data_0_5_0_load_read (read             ) [ 011000]
step_data_0_4_5_load_read (read             ) [ 011000]
step_data_0_4_4_load_read (read             ) [ 011000]
step_data_0_4_3_load_read (read             ) [ 011000]
step_data_0_4_2_load_read (read             ) [ 011000]
step_data_0_4_1_load_read (read             ) [ 011000]
step_data_0_4_0_load_read (read             ) [ 011000]
step_data_0_3_5_load_read (read             ) [ 011000]
step_data_0_3_4_load_read (read             ) [ 011000]
step_data_0_3_3_load_read (read             ) [ 011000]
step_data_0_3_2_load_read (read             ) [ 011000]
step_data_0_3_1_load_read (read             ) [ 011000]
step_data_0_3_0_load_read (read             ) [ 011000]
step_data_0_2_5_load_read (read             ) [ 011000]
step_data_0_2_4_load_read (read             ) [ 011000]
step_data_0_2_3_load_read (read             ) [ 011000]
step_data_0_2_2_load_read (read             ) [ 011000]
step_data_0_2_1_load_read (read             ) [ 011000]
step_data_0_2_0_load_read (read             ) [ 011000]
step_data_0_1_5_load_read (read             ) [ 011000]
step_data_0_1_4_load_read (read             ) [ 011000]
step_data_0_1_3_load_read (read             ) [ 011000]
step_data_0_1_2_load_read (read             ) [ 011000]
step_data_0_1_1_load_read (read             ) [ 011000]
step_data_0_1_0_load_read (read             ) [ 011000]
step_data_0_0_5_load_read (read             ) [ 011000]
step_data_0_0_4_load_read (read             ) [ 011000]
step_data_0_0_3_load_read (read             ) [ 011000]
step_data_0_0_2_load_read (read             ) [ 011000]
step_data_0_0_1_load_read (read             ) [ 011000]
step_data_0_0_0_load_read (read             ) [ 011000]
M_18_read                 (read             ) [ 011000]
sext_ln167_6_read         (read             ) [ 000000]
M_16_read                 (read             ) [ 011000]
sext_ln167_5_read         (read             ) [ 000000]
M_14_read                 (read             ) [ 011000]
sext_ln167_4_read         (read             ) [ 000000]
M_12_read                 (read             ) [ 011000]
sext_ln167_3_read         (read             ) [ 000000]
M_2_read                  (read             ) [ 011000]
sext_ln167_2_read         (read             ) [ 000000]
M_read                    (read             ) [ 011000]
sext_ln167_1_read         (read             ) [ 000000]
sext_ln167_6_cast         (sext             ) [ 011000]
sext_ln167_5_cast         (sext             ) [ 011000]
sext_ln167_4_cast         (sext             ) [ 011000]
sext_ln167_3_cast         (sext             ) [ 011000]
sext_ln167_2_cast         (sext             ) [ 011000]
sext_ln167_1_cast         (sext             ) [ 011000]
store_ln0                 (store            ) [ 000000]
store_ln475               (store            ) [ 000000]
store_ln475               (store            ) [ 000000]
br_ln0                    (br               ) [ 000000]
indvar_flatten_load       (load             ) [ 000000]
icmp_ln726                (icmp             ) [ 011111]
add_ln726_1               (add              ) [ 000000]
br_ln726                  (br               ) [ 000000]
store_ln726               (store            ) [ 000000]
j_1_load                  (load             ) [ 000000]
a_load                    (load             ) [ 000000]
add_ln726                 (add              ) [ 000000]
icmp_ln727                (icmp             ) [ 000000]
select_ln723              (select           ) [ 010111]
select_ln726              (select           ) [ 000000]
empty                     (icmp             ) [ 000000]
a_26                      (select           ) [ 000000]
a_41_cast87               (sext             ) [ 010111]
a_1                       (select           ) [ 000000]
a_1_cast89                (sext             ) [ 010111]
a_2                       (select           ) [ 000000]
a_2_cast91                (sext             ) [ 010111]
a_3                       (select           ) [ 000000]
a_3_cast93                (sext             ) [ 010111]
a_4                       (select           ) [ 000000]
a_4_cast95                (sext             ) [ 010111]
a_5                       (select           ) [ 000000]
sext_ln736                (sext             ) [ 010111]
icmp_ln736                (icmp             ) [ 011111]
b                         (sparsemux        ) [ 000000]
sext_ln275                (sext             ) [ 010111]
b_14                      (sparsemux        ) [ 000000]
sext_ln275_1              (sext             ) [ 010111]
b_15                      (sparsemux        ) [ 000000]
sext_ln275_2              (sext             ) [ 010111]
b_16                      (sparsemux        ) [ 000000]
sext_ln275_3              (sext             ) [ 010111]
b_17                      (sparsemux        ) [ 000000]
sext_ln275_4              (sext             ) [ 010111]
b_18                      (sparsemux        ) [ 000000]
sext_ln275_5              (sext             ) [ 010111]
br_ln736                  (br               ) [ 000000]
switch_ln736              (switch           ) [ 000000]
switch_ln736              (switch           ) [ 000000]
add_ln727                 (add              ) [ 000000]
store_ln475               (store            ) [ 000000]
store_ln475               (store            ) [ 000000]
br_ln727                  (br               ) [ 000000]
specloopname_ln0          (specloopname     ) [ 000000]
speclooptripcount_ln0     (speclooptripcount) [ 000000]
specpipeline_ln728        (specpipeline     ) [ 000000]
rbegin                    (specregionbegin  ) [ 000000]
product                   (mul              ) [ 000000]
specfucore_ln276          (specfucore       ) [ 000000]
rend460                   (specregionend    ) [ 000000]
rbegin29                  (specregionbegin  ) [ 000000]
product_16                (mul              ) [ 000000]
specfucore_ln276          (specfucore       ) [ 000000]
rend458                   (specregionend    ) [ 000000]
rbegin30                  (specregionbegin  ) [ 000000]
product_17                (mul              ) [ 000000]
specfucore_ln276          (specfucore       ) [ 000000]
rend456                   (specregionend    ) [ 000000]
rbegin31                  (specregionbegin  ) [ 000000]
product_18                (mul              ) [ 000000]
specfucore_ln276          (specfucore       ) [ 000000]
rend454                   (specregionend    ) [ 000000]
rbegin32                  (specregionbegin  ) [ 000000]
product_19                (mul              ) [ 000000]
specfucore_ln276          (specfucore       ) [ 000000]
rend452                   (specregionend    ) [ 000000]
rbegin33                  (specregionbegin  ) [ 000000]
product_20                (mul              ) [ 000000]
specfucore_ln276          (specfucore       ) [ 000000]
rend450                   (specregionend    ) [ 000000]
sum                       (call             ) [ 000000]
G_12                      (partselect       ) [ 000000]
store_ln723               (store            ) [ 000000]
br_ln736                  (br               ) [ 000000]
store_ln723               (store            ) [ 000000]
br_ln736                  (br               ) [ 000000]
store_ln723               (store            ) [ 000000]
br_ln736                  (br               ) [ 000000]
store_ln723               (store            ) [ 000000]
br_ln736                  (br               ) [ 000000]
store_ln723               (store            ) [ 000000]
br_ln736                  (br               ) [ 000000]
store_ln723               (store            ) [ 000000]
br_ln736                  (br               ) [ 000000]
store_ln723               (store            ) [ 000000]
br_ln736                  (br               ) [ 000000]
store_ln723               (store            ) [ 000000]
br_ln736                  (br               ) [ 000000]
store_ln723               (store            ) [ 000000]
br_ln736                  (br               ) [ 000000]
store_ln723               (store            ) [ 000000]
br_ln736                  (br               ) [ 000000]
store_ln723               (store            ) [ 000000]
br_ln736                  (br               ) [ 000000]
store_ln723               (store            ) [ 000000]
br_ln736                  (br               ) [ 000000]
G_load                    (load             ) [ 000000]
G_1_load                  (load             ) [ 000000]
G_2_load                  (load             ) [ 000000]
G_3_load                  (load             ) [ 000000]
G_4_load                  (load             ) [ 000000]
G_5_load                  (load             ) [ 000000]
G_6_load                  (load             ) [ 000000]
G_7_load                  (load             ) [ 000000]
G_8_load                  (load             ) [ 000000]
G_9_load                  (load             ) [ 000000]
G_10_load                 (load             ) [ 000000]
G_11_load                 (load             ) [ 000000]
write_ln0                 (write            ) [ 000000]
write_ln0                 (write            ) [ 000000]
write_ln0                 (write            ) [ 000000]
write_ln0                 (write            ) [ 000000]
write_ln0                 (write            ) [ 000000]
write_ln0                 (write            ) [ 000000]
write_ln0                 (write            ) [ 000000]
write_ln0                 (write            ) [ 000000]
write_ln0                 (write            ) [ 000000]
write_ln0                 (write            ) [ 000000]
write_ln0                 (write            ) [ 000000]
write_ln0                 (write            ) [ 000000]
ret_ln0                   (ret              ) [ 000000]
</LifeTime>

<model>

<comp_list>
<comp id="0" class="1000" name="sext_ln167_1">
<pin_list>
<pin id="1" dir="1" index="0" bw="1" slack="0"/>
</pin_list>
<bind>
<StgValue><ssdm name="sext_ln167_1"/></StgValue>
</bind>
</comp>

<comp id="2" class="1000" name="M">
<pin_list>
<pin id="3" dir="1" index="0" bw="1" slack="0"/>
</pin_list>
<bind>
<StgValue><ssdm name="M"/></StgValue>
</bind>
</comp>

<comp id="4" class="1000" name="sext_ln167_2">
<pin_list>
<pin id="5" dir="1" index="0" bw="1" slack="0"/>
</pin_list>
<bind>
<StgValue><ssdm name="sext_ln167_2"/></StgValue>
</bind>
</comp>

<comp id="6" class="1000" name="M_2">
<pin_list>
<pin id="7" dir="1" index="0" bw="1" slack="0"/>
</pin_list>
<bind>
<StgValue><ssdm name="M_2"/></StgValue>
</bind>
</comp>

<comp id="8" class="1000" name="sext_ln167_3">
<pin_list>
<pin id="9" dir="1" index="0" bw="1" slack="0"/>
</pin_list>
<bind>
<StgValue><ssdm name="sext_ln167_3"/></StgValue>
</bind>
</comp>

<comp id="10" class="1000" name="M_12">
<pin_list>
<pin id="11" dir="1" index="0" bw="1" slack="0"/>
</pin_list>
<bind>
<StgValue><ssdm name="M_12"/></StgValue>
</bind>
</comp>

<comp id="12" class="1000" name="sext_ln167_4">
<pin_list>
<pin id="13" dir="1" index="0" bw="1" slack="0"/>
</pin_list>
<bind>
<StgValue><ssdm name="sext_ln167_4"/></StgValue>
</bind>
</comp>

<comp id="14" class="1000" name="M_14">
<pin_list>
<pin id="15" dir="1" index="0" bw="1" slack="0"/>
</pin_list>
<bind>
<StgValue><ssdm name="M_14"/></StgValue>
</bind>
</comp>

<comp id="16" class="1000" name="sext_ln167_5">
<pin_list>
<pin id="17" dir="1" index="0" bw="1" slack="0"/>
</pin_list>
<bind>
<StgValue><ssdm name="sext_ln167_5"/></StgValue>
</bind>
</comp>

<comp id="18" class="1000" name="M_16">
<pin_list>
<pin id="19" dir="1" index="0" bw="1" slack="0"/>
</pin_list>
<bind>
<StgValue><ssdm name="M_16"/></StgValue>
</bind>
</comp>

<comp id="20" class="1000" name="sext_ln167_6">
<pin_list>
<pin id="21" dir="1" index="0" bw="1" slack="0"/>
</pin_list>
<bind>
<StgValue><ssdm name="sext_ln167_6"/></StgValue>
</bind>
</comp>

<comp id="22" class="1000" name="M_18">
<pin_list>
<pin id="23" dir="1" index="0" bw="1" slack="0"/>
</pin_list>
<bind>
<StgValue><ssdm name="M_18"/></StgValue>
</bind>
</comp>

<comp id="24" class="1000" name="step_data_0_0_0_load">
<pin_list>
<pin id="25" dir="1" index="0" bw="1" slack="0"/>
</pin_list>
<bind>
<StgValue><ssdm name="step_data_0_0_0_load"/></StgValue>
</bind>
</comp>

<comp id="26" class="1000" name="step_data_0_0_1_load">
<pin_list>
<pin id="27" dir="1" index="0" bw="1" slack="0"/>
</pin_list>
<bind>
<StgValue><ssdm name="step_data_0_0_1_load"/></StgValue>
</bind>
</comp>

<comp id="28" class="1000" name="step_data_0_0_2_load">
<pin_list>
<pin id="29" dir="1" index="0" bw="1" slack="0"/>
</pin_list>
<bind>
<StgValue><ssdm name="step_data_0_0_2_load"/></StgValue>
</bind>
</comp>

<comp id="30" class="1000" name="step_data_0_0_3_load">
<pin_list>
<pin id="31" dir="1" index="0" bw="1" slack="0"/>
</pin_list>
<bind>
<StgValue><ssdm name="step_data_0_0_3_load"/></StgValue>
</bind>
</comp>

<comp id="32" class="1000" name="step_data_0_0_4_load">
<pin_list>
<pin id="33" dir="1" index="0" bw="1" slack="0"/>
</pin_list>
<bind>
<StgValue><ssdm name="step_data_0_0_4_load"/></StgValue>
</bind>
</comp>

<comp id="34" class="1000" name="step_data_0_0_5_load">
<pin_list>
<pin id="35" dir="1" index="0" bw="1" slack="0"/>
</pin_list>
<bind>
<StgValue><ssdm name="step_data_0_0_5_load"/></StgValue>
</bind>
</comp>

<comp id="36" class="1000" name="step_data_0_1_0_load">
<pin_list>
<pin id="37" dir="1" index="0" bw="1" slack="0"/>
</pin_list>
<bind>
<StgValue><ssdm name="step_data_0_1_0_load"/></StgValue>
</bind>
</comp>

<comp id="38" class="1000" name="step_data_0_1_1_load">
<pin_list>
<pin id="39" dir="1" index="0" bw="1" slack="0"/>
</pin_list>
<bind>
<StgValue><ssdm name="step_data_0_1_1_load"/></StgValue>
</bind>
</comp>

<comp id="40" class="1000" name="step_data_0_1_2_load">
<pin_list>
<pin id="41" dir="1" index="0" bw="1" slack="0"/>
</pin_list>
<bind>
<StgValue><ssdm name="step_data_0_1_2_load"/></StgValue>
</bind>
</comp>

<comp id="42" class="1000" name="step_data_0_1_3_load">
<pin_list>
<pin id="43" dir="1" index="0" bw="1" slack="0"/>
</pin_list>
<bind>
<StgValue><ssdm name="step_data_0_1_3_load"/></StgValue>
</bind>
</comp>

<comp id="44" class="1000" name="step_data_0_1_4_load">
<pin_list>
<pin id="45" dir="1" index="0" bw="1" slack="0"/>
</pin_list>
<bind>
<StgValue><ssdm name="step_data_0_1_4_load"/></StgValue>
</bind>
</comp>

<comp id="46" class="1000" name="step_data_0_1_5_load">
<pin_list>
<pin id="47" dir="1" index="0" bw="1" slack="0"/>
</pin_list>
<bind>
<StgValue><ssdm name="step_data_0_1_5_load"/></StgValue>
</bind>
</comp>

<comp id="48" class="1000" name="step_data_0_2_0_load">
<pin_list>
<pin id="49" dir="1" index="0" bw="1" slack="0"/>
</pin_list>
<bind>
<StgValue><ssdm name="step_data_0_2_0_load"/></StgValue>
</bind>
</comp>

<comp id="50" class="1000" name="step_data_0_2_1_load">
<pin_list>
<pin id="51" dir="1" index="0" bw="1" slack="0"/>
</pin_list>
<bind>
<StgValue><ssdm name="step_data_0_2_1_load"/></StgValue>
</bind>
</comp>

<comp id="52" class="1000" name="step_data_0_2_2_load">
<pin_list>
<pin id="53" dir="1" index="0" bw="1" slack="0"/>
</pin_list>
<bind>
<StgValue><ssdm name="step_data_0_2_2_load"/></StgValue>
</bind>
</comp>

<comp id="54" class="1000" name="step_data_0_2_3_load">
<pin_list>
<pin id="55" dir="1" index="0" bw="1" slack="0"/>
</pin_list>
<bind>
<StgValue><ssdm name="step_data_0_2_3_load"/></StgValue>
</bind>
</comp>

<comp id="56" class="1000" name="step_data_0_2_4_load">
<pin_list>
<pin id="57" dir="1" index="0" bw="1" slack="0"/>
</pin_list>
<bind>
<StgValue><ssdm name="step_data_0_2_4_load"/></StgValue>
</bind>
</comp>

<comp id="58" class="1000" name="step_data_0_2_5_load">
<pin_list>
<pin id="59" dir="1" index="0" bw="1" slack="0"/>
</pin_list>
<bind>
<StgValue><ssdm name="step_data_0_2_5_load"/></StgValue>
</bind>
</comp>

<comp id="60" class="1000" name="step_data_0_3_0_load">
<pin_list>
<pin id="61" dir="1" index="0" bw="1" slack="0"/>
</pin_list>
<bind>
<StgValue><ssdm name="step_data_0_3_0_load"/></StgValue>
</bind>
</comp>

<comp id="62" class="1000" name="step_data_0_3_1_load">
<pin_list>
<pin id="63" dir="1" index="0" bw="1" slack="0"/>
</pin_list>
<bind>
<StgValue><ssdm name="step_data_0_3_1_load"/></StgValue>
</bind>
</comp>

<comp id="64" class="1000" name="step_data_0_3_2_load">
<pin_list>
<pin id="65" dir="1" index="0" bw="1" slack="0"/>
</pin_list>
<bind>
<StgValue><ssdm name="step_data_0_3_2_load"/></StgValue>
</bind>
</comp>

<comp id="66" class="1000" name="step_data_0_3_3_load">
<pin_list>
<pin id="67" dir="1" index="0" bw="1" slack="0"/>
</pin_list>
<bind>
<StgValue><ssdm name="step_data_0_3_3_load"/></StgValue>
</bind>
</comp>

<comp id="68" class="1000" name="step_data_0_3_4_load">
<pin_list>
<pin id="69" dir="1" index="0" bw="1" slack="0"/>
</pin_list>
<bind>
<StgValue><ssdm name="step_data_0_3_4_load"/></StgValue>
</bind>
</comp>

<comp id="70" class="1000" name="step_data_0_3_5_load">
<pin_list>
<pin id="71" dir="1" index="0" bw="1" slack="0"/>
</pin_list>
<bind>
<StgValue><ssdm name="step_data_0_3_5_load"/></StgValue>
</bind>
</comp>

<comp id="72" class="1000" name="step_data_0_4_0_load">
<pin_list>
<pin id="73" dir="1" index="0" bw="1" slack="0"/>
</pin_list>
<bind>
<StgValue><ssdm name="step_data_0_4_0_load"/></StgValue>
</bind>
</comp>

<comp id="74" class="1000" name="step_data_0_4_1_load">
<pin_list>
<pin id="75" dir="1" index="0" bw="1" slack="0"/>
</pin_list>
<bind>
<StgValue><ssdm name="step_data_0_4_1_load"/></StgValue>
</bind>
</comp>

<comp id="76" class="1000" name="step_data_0_4_2_load">
<pin_list>
<pin id="77" dir="1" index="0" bw="1" slack="0"/>
</pin_list>
<bind>
<StgValue><ssdm name="step_data_0_4_2_load"/></StgValue>
</bind>
</comp>

<comp id="78" class="1000" name="step_data_0_4_3_load">
<pin_list>
<pin id="79" dir="1" index="0" bw="1" slack="0"/>
</pin_list>
<bind>
<StgValue><ssdm name="step_data_0_4_3_load"/></StgValue>
</bind>
</comp>

<comp id="80" class="1000" name="step_data_0_4_4_load">
<pin_list>
<pin id="81" dir="1" index="0" bw="1" slack="0"/>
</pin_list>
<bind>
<StgValue><ssdm name="step_data_0_4_4_load"/></StgValue>
</bind>
</comp>

<comp id="82" class="1000" name="step_data_0_4_5_load">
<pin_list>
<pin id="83" dir="1" index="0" bw="1" slack="0"/>
</pin_list>
<bind>
<StgValue><ssdm name="step_data_0_4_5_load"/></StgValue>
</bind>
</comp>

<comp id="84" class="1000" name="step_data_0_5_0_load">
<pin_list>
<pin id="85" dir="1" index="0" bw="1" slack="0"/>
</pin_list>
<bind>
<StgValue><ssdm name="step_data_0_5_0_load"/></StgValue>
</bind>
</comp>

<comp id="86" class="1000" name="step_data_0_5_1_load">
<pin_list>
<pin id="87" dir="1" index="0" bw="1" slack="0"/>
</pin_list>
<bind>
<StgValue><ssdm name="step_data_0_5_1_load"/></StgValue>
</bind>
</comp>

<comp id="88" class="1000" name="step_data_0_5_2_load">
<pin_list>
<pin id="89" dir="1" index="0" bw="1" slack="0"/>
</pin_list>
<bind>
<StgValue><ssdm name="step_data_0_5_2_load"/></StgValue>
</bind>
</comp>

<comp id="90" class="1000" name="step_data_0_5_3_load">
<pin_list>
<pin id="91" dir="1" index="0" bw="1" slack="0"/>
</pin_list>
<bind>
<StgValue><ssdm name="step_data_0_5_3_load"/></StgValue>
</bind>
</comp>

<comp id="92" class="1000" name="step_data_0_5_4_load">
<pin_list>
<pin id="93" dir="1" index="0" bw="1" slack="0"/>
</pin_list>
<bind>
<StgValue><ssdm name="step_data_0_5_4_load"/></StgValue>
</bind>
</comp>

<comp id="94" class="1000" name="step_data_0_5_5_load">
<pin_list>
<pin id="95" dir="1" index="0" bw="1" slack="0"/>
</pin_list>
<bind>
<StgValue><ssdm name="step_data_0_5_5_load"/></StgValue>
</bind>
</comp>

<comp id="96" class="1000" name="G_13_out">
<pin_list>
<pin id="97" dir="1" index="0" bw="1" slack="0"/>
</pin_list>
<bind>
<StgValue><ssdm name="G_13_out"/></StgValue>
</bind>
</comp>

<comp id="98" class="1000" name="G_12_out">
<pin_list>
<pin id="99" dir="1" index="0" bw="1" slack="0"/>
</pin_list>
<bind>
<StgValue><ssdm name="G_12_out"/></StgValue>
</bind>
</comp>

<comp id="100" class="1000" name="G_11_out">
<pin_list>
<pin id="101" dir="1" index="0" bw="1" slack="0"/>
</pin_list>
<bind>
<StgValue><ssdm name="G_11_out"/></StgValue>
</bind>
</comp>

<comp id="102" class="1000" name="G_10_out">
<pin_list>
<pin id="103" dir="1" index="0" bw="1" slack="0"/>
</pin_list>
<bind>
<StgValue><ssdm name="G_10_out"/></StgValue>
</bind>
</comp>

<comp id="104" class="1000" name="G_9_out">
<pin_list>
<pin id="105" dir="1" index="0" bw="1" slack="0"/>
</pin_list>
<bind>
<StgValue><ssdm name="G_9_out"/></StgValue>
</bind>
</comp>

<comp id="106" class="1000" name="G_8_out">
<pin_list>
<pin id="107" dir="1" index="0" bw="1" slack="0"/>
</pin_list>
<bind>
<StgValue><ssdm name="G_8_out"/></StgValue>
</bind>
</comp>

<comp id="108" class="1000" name="G_7_out">
<pin_list>
<pin id="109" dir="1" index="0" bw="1" slack="0"/>
</pin_list>
<bind>
<StgValue><ssdm name="G_7_out"/></StgValue>
</bind>
</comp>

<comp id="110" class="1000" name="G_6_out">
<pin_list>
<pin id="111" dir="1" index="0" bw="1" slack="0"/>
</pin_list>
<bind>
<StgValue><ssdm name="G_6_out"/></StgValue>
</bind>
</comp>

<comp id="112" class="1000" name="G_5_out">
<pin_list>
<pin id="113" dir="1" index="0" bw="1" slack="0"/>
</pin_list>
<bind>
<StgValue><ssdm name="G_5_out"/></StgValue>
</bind>
</comp>

<comp id="114" class="1000" name="G_4_out">
<pin_list>
<pin id="115" dir="1" index="0" bw="1" slack="0"/>
</pin_list>
<bind>
<StgValue><ssdm name="G_4_out"/></StgValue>
</bind>
</comp>

<comp id="116" class="1000" name="G_3_out">
<pin_list>
<pin id="117" dir="1" index="0" bw="1" slack="0"/>
</pin_list>
<bind>
<StgValue><ssdm name="G_3_out"/></StgValue>
</bind>
</comp>

<comp id="118" class="1000" name="G_2_out">
<pin_list>
<pin id="119" dir="1" index="0" bw="1" slack="0"/>
</pin_list>
<bind>
<StgValue><ssdm name="G_2_out"/></StgValue>
</bind>
</comp>

<comp id="120" class="1001" name="const_120">
<pin_list>
<pin id="121" dir="1" index="0" bw="1" slack="0"/>
</pin_list>
<bind>
<StgValue><ssdm name=""/></StgValue>
</bind>
</comp>

<comp id="122" class="1001" name="const_122">
<pin_list>
<pin id="123" dir="1" index="0" bw="1" slack="0"/>
</pin_list>
<bind>
<StgValue><ssdm name="_ssdm_op_Read.ap_auto.i32"/></StgValue>
</bind>
</comp>

<comp id="124" class="1001" name="const_124">
<pin_list>
<pin id="125" dir="1" index="0" bw="1" slack="0"/>
</pin_list>
<bind>
<StgValue><ssdm name="_ssdm_op_Read.ap_auto.i34"/></StgValue>
</bind>
</comp>

<comp id="126" class="1001" name="const_126">
<pin_list>
<pin id="127" dir="1" index="0" bw="1" slack="0"/>
</pin_list>
<bind>
<StgValue><ssdm name="_ssdm_op_Read.ap_auto.i33"/></StgValue>
</bind>
</comp>

<comp id="128" class="1001" name="const_128">
<pin_list>
<pin id="129" dir="1" index="0" bw="1" slack="0"/>
</pin_list>
<bind>
<StgValue><ssdm name=""/></StgValue>
</bind>
</comp>

<comp id="130" class="1001" name="const_130">
<pin_list>
<pin id="131" dir="1" index="0" bw="1" slack="0"/>
</pin_list>
<bind>
<StgValue><ssdm name=""/></StgValue>
</bind>
</comp>

<comp id="132" class="1001" name="const_132">
<pin_list>
<pin id="133" dir="1" index="0" bw="1" slack="0"/>
</pin_list>
<bind>
<StgValue><ssdm name=""/></StgValue>
</bind>
</comp>

<comp id="134" class="1001" name="const_134">
<pin_list>
<pin id="135" dir="1" index="0" bw="1" slack="0"/>
</pin_list>
<bind>
<StgValue><ssdm name=""/></StgValue>
</bind>
</comp>

<comp id="136" class="1001" name="const_136">
<pin_list>
<pin id="137" dir="1" index="0" bw="1" slack="0"/>
</pin_list>
<bind>
<StgValue><ssdm name=""/></StgValue>
</bind>
</comp>

<comp id="138" class="1001" name="const_138">
<pin_list>
<pin id="139" dir="1" index="0" bw="1" slack="0"/>
</pin_list>
<bind>
<StgValue><ssdm name=""/></StgValue>
</bind>
</comp>

<comp id="140" class="1001" name="const_140">
<pin_list>
<pin id="141" dir="1" index="0" bw="1" slack="0"/>
</pin_list>
<bind>
<StgValue><ssdm name=""/></StgValue>
</bind>
</comp>

<comp id="142" class="1001" name="const_142">
<pin_list>
<pin id="143" dir="1" index="0" bw="1" slack="0"/>
</pin_list>
<bind>
<StgValue><ssdm name="_ssdm_op_SparseMux.ap_auto.6i32.i32.i3"/></StgValue>
</bind>
</comp>

<comp id="144" class="1001" name="const_144">
<pin_list>
<pin id="145" dir="1" index="0" bw="1" slack="0"/>
</pin_list>
<bind>
<StgValue><ssdm name=""/></StgValue>
</bind>
</comp>

<comp id="146" class="1001" name="const_146">
<pin_list>
<pin id="147" dir="1" index="0" bw="1" slack="0"/>
</pin_list>
<bind>
<StgValue><ssdm name=""/></StgValue>
</bind>
</comp>

<comp id="148" class="1001" name="const_148">
<pin_list>
<pin id="149" dir="1" index="0" bw="1" slack="0"/>
</pin_list>
<bind>
<StgValue><ssdm name=""/></StgValue>
</bind>
</comp>

<comp id="150" class="1001" name="const_150">
<pin_list>
<pin id="151" dir="1" index="0" bw="1" slack="0"/>
</pin_list>
<bind>
<StgValue><ssdm name=""/></StgValue>
</bind>
</comp>

<comp id="152" class="1001" name="const_152">
<pin_list>
<pin id="153" dir="1" index="0" bw="1" slack="0"/>
</pin_list>
<bind>
<StgValue><ssdm name=""/></StgValue>
</bind>
</comp>

<comp id="154" class="1001" name="const_154">
<pin_list>
<pin id="155" dir="1" index="0" bw="1" slack="0"/>
</pin_list>
<bind>
<StgValue><ssdm name=""/></StgValue>
</bind>
</comp>

<comp id="156" class="1001" name="const_156">
<pin_list>
<pin id="157" dir="1" index="0" bw="1" slack="2147483647"/>
</pin_list>
<bind>
<StgValue><ssdm name="_ssdm_op_SpecLoopName"/></StgValue>
</bind>
</comp>

<comp id="158" class="1001" name="const_158">
<pin_list>
<pin id="159" dir="1" index="0" bw="1" slack="2147483647"/>
</pin_list>
<bind>
<StgValue><ssdm name="VITIS_LOOP_726_7_VITIS_LOOP_727_8_str"/></StgValue>
</bind>
</comp>

<comp id="160" class="1001" name="const_160">
<pin_list>
<pin id="161" dir="1" index="0" bw="1" slack="2147483647"/>
</pin_list>
<bind>
<StgValue><ssdm name="_ssdm_op_SpecLoopTripCount"/></StgValue>
</bind>
</comp>

<comp id="162" class="1001" name="const_162">
<pin_list>
<pin id="163" dir="1" index="0" bw="1" slack="2147483647"/>
</pin_list>
<bind>
<StgValue><ssdm name=""/></StgValue>
</bind>
</comp>

<comp id="164" class="1001" name="const_164">
<pin_list>
<pin id="165" dir="1" index="0" bw="1" slack="2147483647"/>
</pin_list>
<bind>
<StgValue><ssdm name="_ssdm_op_SpecPipeline"/></StgValue>
</bind>
</comp>

<comp id="166" class="1001" name="const_166">
<pin_list>
<pin id="167" dir="1" index="0" bw="1" slack="2147483647"/>
</pin_list>
<bind>
<StgValue><ssdm name=""/></StgValue>
</bind>
</comp>

<comp id="168" class="1001" name="const_168">
<pin_list>
<pin id="169" dir="1" index="0" bw="1" slack="2147483647"/>
</pin_list>
<bind>
<StgValue><ssdm name=""/></StgValue>
</bind>
</comp>

<comp id="170" class="1001" name="const_170">
<pin_list>
<pin id="171" dir="1" index="0" bw="1" slack="2147483647"/>
</pin_list>
<bind>
<StgValue><ssdm name="empty_485"/></StgValue>
</bind>
</comp>

<comp id="172" class="1001" name="const_172">
<pin_list>
<pin id="173" dir="1" index="0" bw="1" slack="2147483647"/>
</pin_list>
<bind>
<StgValue><ssdm name="_ssdm_op_SpecRegionBegin"/></StgValue>
</bind>
</comp>

<comp id="174" class="1001" name="const_174">
<pin_list>
<pin id="175" dir="1" index="0" bw="1" slack="2147483647"/>
</pin_list>
<bind>
<StgValue><ssdm name="empty_406"/></StgValue>
</bind>
</comp>

<comp id="176" class="1001" name="const_176">
<pin_list>
<pin id="177" dir="1" index="0" bw="1" slack="2147483647"/>
</pin_list>
<bind>
<StgValue><ssdm name="_ssdm_op_SpecFUCore"/></StgValue>
</bind>
</comp>

<comp id="178" class="1001" name="const_178">
<pin_list>
<pin id="179" dir="1" index="0" bw="1" slack="2147483647"/>
</pin_list>
<bind>
<StgValue><ssdm name=""/></StgValue>
</bind>
</comp>

<comp id="180" class="1001" name="const_180">
<pin_list>
<pin id="181" dir="1" index="0" bw="1" slack="2147483647"/>
</pin_list>
<bind>
<StgValue><ssdm name=""/></StgValue>
</bind>
</comp>

<comp id="182" class="1001" name="const_182">
<pin_list>
<pin id="183" dir="1" index="0" bw="1" slack="2147483647"/>
</pin_list>
<bind>
<StgValue><ssdm name="_ssdm_op_SpecRegionEnd"/></StgValue>
</bind>
</comp>

<comp id="184" class="1001" name="const_184">
<pin_list>
<pin id="185" dir="1" index="0" bw="1" slack="2147483647"/>
</pin_list>
<bind>
<StgValue><ssdm name="empty_405"/></StgValue>
</bind>
</comp>

<comp id="186" class="1001" name="const_186">
<pin_list>
<pin id="187" dir="1" index="0" bw="1" slack="2147483647"/>
</pin_list>
<bind>
<StgValue><ssdm name="empty_420"/></StgValue>
</bind>
</comp>

<comp id="188" class="1001" name="const_188">
<pin_list>
<pin id="189" dir="1" index="0" bw="1" slack="2147483647"/>
</pin_list>
<bind>
<StgValue><ssdm name="empty_437"/></StgValue>
</bind>
</comp>

<comp id="190" class="1001" name="const_190">
<pin_list>
<pin id="191" dir="1" index="0" bw="1" slack="2147483647"/>
</pin_list>
<bind>
<StgValue><ssdm name="empty_503"/></StgValue>
</bind>
</comp>

<comp id="192" class="1001" name="const_192">
<pin_list>
<pin id="193" dir="1" index="0" bw="1" slack="2147483647"/>
</pin_list>
<bind>
<StgValue><ssdm name="empty_499"/></StgValue>
</bind>
</comp>

<comp id="194" class="1001" name="const_194">
<pin_list>
<pin id="195" dir="1" index="0" bw="1" slack="0"/>
</pin_list>
<bind>
<StgValue><ssdm name="sum6_MG_QP_raw"/></StgValue>
</bind>
</comp>

<comp id="196" class="1001" name="const_196">
<pin_list>
<pin id="197" dir="1" index="0" bw="1" slack="0"/>
</pin_list>
<bind>
<StgValue><ssdm name="_ssdm_op_PartSelect.i34.i52.i32.i32"/></StgValue>
</bind>
</comp>

<comp id="198" class="1001" name="const_198">
<pin_list>
<pin id="199" dir="1" index="0" bw="1" slack="0"/>
</pin_list>
<bind>
<StgValue><ssdm name=""/></StgValue>
</bind>
</comp>

<comp id="200" class="1001" name="const_200">
<pin_list>
<pin id="201" dir="1" index="0" bw="1" slack="0"/>
</pin_list>
<bind>
<StgValue><ssdm name=""/></StgValue>
</bind>
</comp>

<comp id="202" class="1001" name="const_202">
<pin_list>
<pin id="203" dir="1" index="0" bw="1" slack="0"/>
</pin_list>
<bind>
<StgValue><ssdm name="_ssdm_op_Write.ap_auto.i34P0A"/></StgValue>
</bind>
</comp>

<comp id="204" class="1004" name="j_1_fu_204">
<pin_list>
<pin id="205" dir="0" index="0" bw="1" slack="0"/>
<pin id="206" dir="1" index="1" bw="3" slack="0"/>
</pin_list>
<bind>
<opcode="alloca(26) " fcode="alloca"/>
<opset="j_1/1 "/>
</bind>
</comp>

<comp id="208" class="1004" name="a_fu_208">
<pin_list>
<pin id="209" dir="0" index="0" bw="1" slack="0"/>
<pin id="210" dir="1" index="1" bw="2" slack="0"/>
</pin_list>
<bind>
<opcode="alloca(26) " fcode="alloca"/>
<opset="a/1 "/>
</bind>
</comp>

<comp id="212" class="1004" name="indvar_flatten_fu_212">
<pin_list>
<pin id="213" dir="0" index="0" bw="1" slack="0"/>
<pin id="214" dir="1" index="1" bw="4" slack="0"/>
</pin_list>
<bind>
<opcode="alloca(26) " fcode="alloca"/>
<opset="indvar_flatten/1 "/>
</bind>
</comp>

<comp id="216" class="1004" name="G_fu_216">
<pin_list>
<pin id="217" dir="0" index="0" bw="1" slack="0"/>
<pin id="218" dir="1" index="1" bw="34" slack="3"/>
</pin_list>
<bind>
<opcode="alloca(26) " fcode="alloca"/>
<opset="G/1 "/>
</bind>
</comp>

<comp id="220" class="1004" name="G_1_fu_220">
<pin_list>
<pin id="221" dir="0" index="0" bw="1" slack="0"/>
<pin id="222" dir="1" index="1" bw="34" slack="3"/>
</pin_list>
<bind>
<opcode="alloca(26) " fcode="alloca"/>
<opset="G_1/1 "/>
</bind>
</comp>

<comp id="224" class="1004" name="G_2_fu_224">
<pin_list>
<pin id="225" dir="0" index="0" bw="1" slack="0"/>
<pin id="226" dir="1" index="1" bw="34" slack="3"/>
</pin_list>
<bind>
<opcode="alloca(26) " fcode="alloca"/>
<opset="G_2/1 "/>
</bind>
</comp>

<comp id="228" class="1004" name="G_3_fu_228">
<pin_list>
<pin id="229" dir="0" index="0" bw="1" slack="0"/>
<pin id="230" dir="1" index="1" bw="34" slack="3"/>
</pin_list>
<bind>
<opcode="alloca(26) " fcode="alloca"/>
<opset="G_3/1 "/>
</bind>
</comp>

<comp id="232" class="1004" name="G_4_fu_232">
<pin_list>
<pin id="233" dir="0" index="0" bw="1" slack="0"/>
<pin id="234" dir="1" index="1" bw="34" slack="3"/>
</pin_list>
<bind>
<opcode="alloca(26) " fcode="alloca"/>
<opset="G_4/1 "/>
</bind>
</comp>

<comp id="236" class="1004" name="G_5_fu_236">
<pin_list>
<pin id="237" dir="0" index="0" bw="1" slack="0"/>
<pin id="238" dir="1" index="1" bw="34" slack="3"/>
</pin_list>
<bind>
<opcode="alloca(26) " fcode="alloca"/>
<opset="G_5/1 "/>
</bind>
</comp>

<comp id="240" class="1004" name="G_6_fu_240">
<pin_list>
<pin id="241" dir="0" index="0" bw="1" slack="0"/>
<pin id="242" dir="1" index="1" bw="34" slack="3"/>
</pin_list>
<bind>
<opcode="alloca(26) " fcode="alloca"/>
<opset="G_6/1 "/>
</bind>
</comp>

<comp id="244" class="1004" name="G_7_fu_244">
<pin_list>
<pin id="245" dir="0" index="0" bw="1" slack="0"/>
<pin id="246" dir="1" index="1" bw="34" slack="3"/>
</pin_list>
<bind>
<opcode="alloca(26) " fcode="alloca"/>
<opset="G_7/1 "/>
</bind>
</comp>

<comp id="248" class="1004" name="G_8_fu_248">
<pin_list>
<pin id="249" dir="0" index="0" bw="1" slack="0"/>
<pin id="250" dir="1" index="1" bw="34" slack="3"/>
</pin_list>
<bind>
<opcode="alloca(26) " fcode="alloca"/>
<opset="G_8/1 "/>
</bind>
</comp>

<comp id="252" class="1004" name="G_9_fu_252">
<pin_list>
<pin id="253" dir="0" index="0" bw="1" slack="0"/>
<pin id="254" dir="1" index="1" bw="34" slack="3"/>
</pin_list>
<bind>
<opcode="alloca(26) " fcode="alloca"/>
<opset="G_9/1 "/>
</bind>
</comp>

<comp id="256" class="1004" name="G_10_fu_256">
<pin_list>
<pin id="257" dir="0" index="0" bw="1" slack="0"/>
<pin id="258" dir="1" index="1" bw="34" slack="3"/>
</pin_list>
<bind>
<opcode="alloca(26) " fcode="alloca"/>
<opset="G_10/1 "/>
</bind>
</comp>

<comp id="260" class="1004" name="G_11_fu_260">
<pin_list>
<pin id="261" dir="0" index="0" bw="1" slack="0"/>
<pin id="262" dir="1" index="1" bw="34" slack="3"/>
</pin_list>
<bind>
<opcode="alloca(26) " fcode="alloca"/>
<opset="G_11/1 "/>
</bind>
</comp>

<comp id="264" class="1004" name="step_data_0_5_5_load_read_read_fu_264">
<pin_list>
<pin id="265" dir="0" index="0" bw="32" slack="0"/>
<pin id="266" dir="0" index="1" bw="32" slack="0"/>
<pin id="267" dir="1" index="2" bw="32" slack="1"/>
</pin_list>
<bind>
<opcode="read(1150) " fcode="read"/>
<opset="step_data_0_5_5_load_read/1 "/>
</bind>
</comp>

<comp id="270" class="1004" name="step_data_0_5_4_load_read_read_fu_270">
<pin_list>
<pin id="271" dir="0" index="0" bw="32" slack="0"/>
<pin id="272" dir="0" index="1" bw="32" slack="0"/>
<pin id="273" dir="1" index="2" bw="32" slack="1"/>
</pin_list>
<bind>
<opcode="read(1150) " fcode="read"/>
<opset="step_data_0_5_4_load_read/1 "/>
</bind>
</comp>

<comp id="276" class="1004" name="step_data_0_5_3_load_read_read_fu_276">
<pin_list>
<pin id="277" dir="0" index="0" bw="32" slack="0"/>
<pin id="278" dir="0" index="1" bw="32" slack="0"/>
<pin id="279" dir="1" index="2" bw="32" slack="1"/>
</pin_list>
<bind>
<opcode="read(1150) " fcode="read"/>
<opset="step_data_0_5_3_load_read/1 "/>
</bind>
</comp>

<comp id="282" class="1004" name="step_data_0_5_2_load_read_read_fu_282">
<pin_list>
<pin id="283" dir="0" index="0" bw="32" slack="0"/>
<pin id="284" dir="0" index="1" bw="32" slack="0"/>
<pin id="285" dir="1" index="2" bw="32" slack="1"/>
</pin_list>
<bind>
<opcode="read(1150) " fcode="read"/>
<opset="step_data_0_5_2_load_read/1 "/>
</bind>
</comp>

<comp id="288" class="1004" name="step_data_0_5_1_load_read_read_fu_288">
<pin_list>
<pin id="289" dir="0" index="0" bw="32" slack="0"/>
<pin id="290" dir="0" index="1" bw="32" slack="0"/>
<pin id="291" dir="1" index="2" bw="32" slack="1"/>
</pin_list>
<bind>
<opcode="read(1150) " fcode="read"/>
<opset="step_data_0_5_1_load_read/1 "/>
</bind>
</comp>

<comp id="294" class="1004" name="step_data_0_5_0_load_read_read_fu_294">
<pin_list>
<pin id="295" dir="0" index="0" bw="32" slack="0"/>
<pin id="296" dir="0" index="1" bw="32" slack="0"/>
<pin id="297" dir="1" index="2" bw="32" slack="1"/>
</pin_list>
<bind>
<opcode="read(1150) " fcode="read"/>
<opset="step_data_0_5_0_load_read/1 "/>
</bind>
</comp>

<comp id="300" class="1004" name="step_data_0_4_5_load_read_read_fu_300">
<pin_list>
<pin id="301" dir="0" index="0" bw="32" slack="0"/>
<pin id="302" dir="0" index="1" bw="32" slack="0"/>
<pin id="303" dir="1" index="2" bw="32" slack="1"/>
</pin_list>
<bind>
<opcode="read(1150) " fcode="read"/>
<opset="step_data_0_4_5_load_read/1 "/>
</bind>
</comp>

<comp id="306" class="1004" name="step_data_0_4_4_load_read_read_fu_306">
<pin_list>
<pin id="307" dir="0" index="0" bw="32" slack="0"/>
<pin id="308" dir="0" index="1" bw="32" slack="0"/>
<pin id="309" dir="1" index="2" bw="32" slack="1"/>
</pin_list>
<bind>
<opcode="read(1150) " fcode="read"/>
<opset="step_data_0_4_4_load_read/1 "/>
</bind>
</comp>

<comp id="312" class="1004" name="step_data_0_4_3_load_read_read_fu_312">
<pin_list>
<pin id="313" dir="0" index="0" bw="32" slack="0"/>
<pin id="314" dir="0" index="1" bw="32" slack="0"/>
<pin id="315" dir="1" index="2" bw="32" slack="1"/>
</pin_list>
<bind>
<opcode="read(1150) " fcode="read"/>
<opset="step_data_0_4_3_load_read/1 "/>
</bind>
</comp>

<comp id="318" class="1004" name="step_data_0_4_2_load_read_read_fu_318">
<pin_list>
<pin id="319" dir="0" index="0" bw="32" slack="0"/>
<pin id="320" dir="0" index="1" bw="32" slack="0"/>
<pin id="321" dir="1" index="2" bw="32" slack="1"/>
</pin_list>
<bind>
<opcode="read(1150) " fcode="read"/>
<opset="step_data_0_4_2_load_read/1 "/>
</bind>
</comp>

<comp id="324" class="1004" name="step_data_0_4_1_load_read_read_fu_324">
<pin_list>
<pin id="325" dir="0" index="0" bw="32" slack="0"/>
<pin id="326" dir="0" index="1" bw="32" slack="0"/>
<pin id="327" dir="1" index="2" bw="32" slack="1"/>
</pin_list>
<bind>
<opcode="read(1150) " fcode="read"/>
<opset="step_data_0_4_1_load_read/1 "/>
</bind>
</comp>

<comp id="330" class="1004" name="step_data_0_4_0_load_read_read_fu_330">
<pin_list>
<pin id="331" dir="0" index="0" bw="32" slack="0"/>
<pin id="332" dir="0" index="1" bw="32" slack="0"/>
<pin id="333" dir="1" index="2" bw="32" slack="1"/>
</pin_list>
<bind>
<opcode="read(1150) " fcode="read"/>
<opset="step_data_0_4_0_load_read/1 "/>
</bind>
</comp>

<comp id="336" class="1004" name="step_data_0_3_5_load_read_read_fu_336">
<pin_list>
<pin id="337" dir="0" index="0" bw="32" slack="0"/>
<pin id="338" dir="0" index="1" bw="32" slack="0"/>
<pin id="339" dir="1" index="2" bw="32" slack="1"/>
</pin_list>
<bind>
<opcode="read(1150) " fcode="read"/>
<opset="step_data_0_3_5_load_read/1 "/>
</bind>
</comp>

<comp id="342" class="1004" name="step_data_0_3_4_load_read_read_fu_342">
<pin_list>
<pin id="343" dir="0" index="0" bw="32" slack="0"/>
<pin id="344" dir="0" index="1" bw="32" slack="0"/>
<pin id="345" dir="1" index="2" bw="32" slack="1"/>
</pin_list>
<bind>
<opcode="read(1150) " fcode="read"/>
<opset="step_data_0_3_4_load_read/1 "/>
</bind>
</comp>

<comp id="348" class="1004" name="step_data_0_3_3_load_read_read_fu_348">
<pin_list>
<pin id="349" dir="0" index="0" bw="32" slack="0"/>
<pin id="350" dir="0" index="1" bw="32" slack="0"/>
<pin id="351" dir="1" index="2" bw="32" slack="1"/>
</pin_list>
<bind>
<opcode="read(1150) " fcode="read"/>
<opset="step_data_0_3_3_load_read/1 "/>
</bind>
</comp>

<comp id="354" class="1004" name="step_data_0_3_2_load_read_read_fu_354">
<pin_list>
<pin id="355" dir="0" index="0" bw="32" slack="0"/>
<pin id="356" dir="0" index="1" bw="32" slack="0"/>
<pin id="357" dir="1" index="2" bw="32" slack="1"/>
</pin_list>
<bind>
<opcode="read(1150) " fcode="read"/>
<opset="step_data_0_3_2_load_read/1 "/>
</bind>
</comp>

<comp id="360" class="1004" name="step_data_0_3_1_load_read_read_fu_360">
<pin_list>
<pin id="361" dir="0" index="0" bw="32" slack="0"/>
<pin id="362" dir="0" index="1" bw="32" slack="0"/>
<pin id="363" dir="1" index="2" bw="32" slack="1"/>
</pin_list>
<bind>
<opcode="read(1150) " fcode="read"/>
<opset="step_data_0_3_1_load_read/1 "/>
</bind>
</comp>

<comp id="366" class="1004" name="step_data_0_3_0_load_read_read_fu_366">
<pin_list>
<pin id="367" dir="0" index="0" bw="32" slack="0"/>
<pin id="368" dir="0" index="1" bw="32" slack="0"/>
<pin id="369" dir="1" index="2" bw="32" slack="1"/>
</pin_list>
<bind>
<opcode="read(1150) " fcode="read"/>
<opset="step_data_0_3_0_load_read/1 "/>
</bind>
</comp>

<comp id="372" class="1004" name="step_data_0_2_5_load_read_read_fu_372">
<pin_list>
<pin id="373" dir="0" index="0" bw="32" slack="0"/>
<pin id="374" dir="0" index="1" bw="32" slack="0"/>
<pin id="375" dir="1" index="2" bw="32" slack="1"/>
</pin_list>
<bind>
<opcode="read(1150) " fcode="read"/>
<opset="step_data_0_2_5_load_read/1 "/>
</bind>
</comp>

<comp id="378" class="1004" name="step_data_0_2_4_load_read_read_fu_378">
<pin_list>
<pin id="379" dir="0" index="0" bw="32" slack="0"/>
<pin id="380" dir="0" index="1" bw="32" slack="0"/>
<pin id="381" dir="1" index="2" bw="32" slack="1"/>
</pin_list>
<bind>
<opcode="read(1150) " fcode="read"/>
<opset="step_data_0_2_4_load_read/1 "/>
</bind>
</comp>

<comp id="384" class="1004" name="step_data_0_2_3_load_read_read_fu_384">
<pin_list>
<pin id="385" dir="0" index="0" bw="32" slack="0"/>
<pin id="386" dir="0" index="1" bw="32" slack="0"/>
<pin id="387" dir="1" index="2" bw="32" slack="1"/>
</pin_list>
<bind>
<opcode="read(1150) " fcode="read"/>
<opset="step_data_0_2_3_load_read/1 "/>
</bind>
</comp>

<comp id="390" class="1004" name="step_data_0_2_2_load_read_read_fu_390">
<pin_list>
<pin id="391" dir="0" index="0" bw="32" slack="0"/>
<pin id="392" dir="0" index="1" bw="32" slack="0"/>
<pin id="393" dir="1" index="2" bw="32" slack="1"/>
</pin_list>
<bind>
<opcode="read(1150) " fcode="read"/>
<opset="step_data_0_2_2_load_read/1 "/>
</bind>
</comp>

<comp id="396" class="1004" name="step_data_0_2_1_load_read_read_fu_396">
<pin_list>
<pin id="397" dir="0" index="0" bw="32" slack="0"/>
<pin id="398" dir="0" index="1" bw="32" slack="0"/>
<pin id="399" dir="1" index="2" bw="32" slack="1"/>
</pin_list>
<bind>
<opcode="read(1150) " fcode="read"/>
<opset="step_data_0_2_1_load_read/1 "/>
</bind>
</comp>

<comp id="402" class="1004" name="step_data_0_2_0_load_read_read_fu_402">
<pin_list>
<pin id="403" dir="0" index="0" bw="32" slack="0"/>
<pin id="404" dir="0" index="1" bw="32" slack="0"/>
<pin id="405" dir="1" index="2" bw="32" slack="1"/>
</pin_list>
<bind>
<opcode="read(1150) " fcode="read"/>
<opset="step_data_0_2_0_load_read/1 "/>
</bind>
</comp>

<comp id="408" class="1004" name="step_data_0_1_5_load_read_read_fu_408">
<pin_list>
<pin id="409" dir="0" index="0" bw="32" slack="0"/>
<pin id="410" dir="0" index="1" bw="32" slack="0"/>
<pin id="411" dir="1" index="2" bw="32" slack="1"/>
</pin_list>
<bind>
<opcode="read(1150) " fcode="read"/>
<opset="step_data_0_1_5_load_read/1 "/>
</bind>
</comp>

<comp id="414" class="1004" name="step_data_0_1_4_load_read_read_fu_414">
<pin_list>
<pin id="415" dir="0" index="0" bw="32" slack="0"/>
<pin id="416" dir="0" index="1" bw="32" slack="0"/>
<pin id="417" dir="1" index="2" bw="32" slack="1"/>
</pin_list>
<bind>
<opcode="read(1150) " fcode="read"/>
<opset="step_data_0_1_4_load_read/1 "/>
</bind>
</comp>

<comp id="420" class="1004" name="step_data_0_1_3_load_read_read_fu_420">
<pin_list>
<pin id="421" dir="0" index="0" bw="32" slack="0"/>
<pin id="422" dir="0" index="1" bw="32" slack="0"/>
<pin id="423" dir="1" index="2" bw="32" slack="1"/>
</pin_list>
<bind>
<opcode="read(1150) " fcode="read"/>
<opset="step_data_0_1_3_load_read/1 "/>
</bind>
</comp>

<comp id="426" class="1004" name="step_data_0_1_2_load_read_read_fu_426">
<pin_list>
<pin id="427" dir="0" index="0" bw="32" slack="0"/>
<pin id="428" dir="0" index="1" bw="32" slack="0"/>
<pin id="429" dir="1" index="2" bw="32" slack="1"/>
</pin_list>
<bind>
<opcode="read(1150) " fcode="read"/>
<opset="step_data_0_1_2_load_read/1 "/>
</bind>
</comp>

<comp id="432" class="1004" name="step_data_0_1_1_load_read_read_fu_432">
<pin_list>
<pin id="433" dir="0" index="0" bw="32" slack="0"/>
<pin id="434" dir="0" index="1" bw="32" slack="0"/>
<pin id="435" dir="1" index="2" bw="32" slack="1"/>
</pin_list>
<bind>
<opcode="read(1150) " fcode="read"/>
<opset="step_data_0_1_1_load_read/1 "/>
</bind>
</comp>

<comp id="438" class="1004" name="step_data_0_1_0_load_read_read_fu_438">
<pin_list>
<pin id="439" dir="0" index="0" bw="32" slack="0"/>
<pin id="440" dir="0" index="1" bw="32" slack="0"/>
<pin id="441" dir="1" index="2" bw="32" slack="1"/>
</pin_list>
<bind>
<opcode="read(1150) " fcode="read"/>
<opset="step_data_0_1_0_load_read/1 "/>
</bind>
</comp>

<comp id="444" class="1004" name="step_data_0_0_5_load_read_read_fu_444">
<pin_list>
<pin id="445" dir="0" index="0" bw="32" slack="0"/>
<pin id="446" dir="0" index="1" bw="32" slack="0"/>
<pin id="447" dir="1" index="2" bw="32" slack="1"/>
</pin_list>
<bind>
<opcode="read(1150) " fcode="read"/>
<opset="step_data_0_0_5_load_read/1 "/>
</bind>
</comp>

<comp id="450" class="1004" name="step_data_0_0_4_load_read_read_fu_450">
<pin_list>
<pin id="451" dir="0" index="0" bw="32" slack="0"/>
<pin id="452" dir="0" index="1" bw="32" slack="0"/>
<pin id="453" dir="1" index="2" bw="32" slack="1"/>
</pin_list>
<bind>
<opcode="read(1150) " fcode="read"/>
<opset="step_data_0_0_4_load_read/1 "/>
</bind>
</comp>

<comp id="456" class="1004" name="step_data_0_0_3_load_read_read_fu_456">
<pin_list>
<pin id="457" dir="0" index="0" bw="32" slack="0"/>
<pin id="458" dir="0" index="1" bw="32" slack="0"/>
<pin id="459" dir="1" index="2" bw="32" slack="1"/>
</pin_list>
<bind>
<opcode="read(1150) " fcode="read"/>
<opset="step_data_0_0_3_load_read/1 "/>
</bind>
</comp>

<comp id="462" class="1004" name="step_data_0_0_2_load_read_read_fu_462">
<pin_list>
<pin id="463" dir="0" index="0" bw="32" slack="0"/>
<pin id="464" dir="0" index="1" bw="32" slack="0"/>
<pin id="465" dir="1" index="2" bw="32" slack="1"/>
</pin_list>
<bind>
<opcode="read(1150) " fcode="read"/>
<opset="step_data_0_0_2_load_read/1 "/>
</bind>
</comp>

<comp id="468" class="1004" name="step_data_0_0_1_load_read_read_fu_468">
<pin_list>
<pin id="469" dir="0" index="0" bw="32" slack="0"/>
<pin id="470" dir="0" index="1" bw="32" slack="0"/>
<pin id="471" dir="1" index="2" bw="32" slack="1"/>
</pin_list>
<bind>
<opcode="read(1150) " fcode="read"/>
<opset="step_data_0_0_1_load_read/1 "/>
</bind>
</comp>

<comp id="474" class="1004" name="step_data_0_0_0_load_read_read_fu_474">
<pin_list>
<pin id="475" dir="0" index="0" bw="32" slack="0"/>
<pin id="476" dir="0" index="1" bw="32" slack="0"/>
<pin id="477" dir="1" index="2" bw="32" slack="1"/>
</pin_list>
<bind>
<opcode="read(1150) " fcode="read"/>
<opset="step_data_0_0_0_load_read/1 "/>
</bind>
</comp>

<comp id="480" class="1004" name="M_18_read_read_fu_480">
<pin_list>
<pin id="481" dir="0" index="0" bw="34" slack="0"/>
<pin id="482" dir="0" index="1" bw="34" slack="0"/>
<pin id="483" dir="1" index="2" bw="34" slack="1"/>
</pin_list>
<bind>
<opcode="read(1150) " fcode="read"/>
<opset="M_18_read/1 "/>
</bind>
</comp>

<comp id="486" class="1004" name="sext_ln167_6_read_read_fu_486">
<pin_list>
<pin id="487" dir="0" index="0" bw="33" slack="0"/>
<pin id="488" dir="0" index="1" bw="33" slack="0"/>
<pin id="489" dir="1" index="2" bw="33" slack="0"/>
</pin_list>
<bind>
<opcode="read(1150) " fcode="read"/>
<opset="sext_ln167_6_read/1 "/>
</bind>
</comp>

<comp id="492" class="1004" name="M_16_read_read_fu_492">
<pin_list>
<pin id="493" dir="0" index="0" bw="34" slack="0"/>
<pin id="494" dir="0" index="1" bw="34" slack="0"/>
<pin id="495" dir="1" index="2" bw="34" slack="1"/>
</pin_list>
<bind>
<opcode="read(1150) " fcode="read"/>
<opset="M_16_read/1 "/>
</bind>
</comp>

<comp id="498" class="1004" name="sext_ln167_5_read_read_fu_498">
<pin_list>
<pin id="499" dir="0" index="0" bw="33" slack="0"/>
<pin id="500" dir="0" index="1" bw="33" slack="0"/>
<pin id="501" dir="1" index="2" bw="33" slack="0"/>
</pin_list>
<bind>
<opcode="read(1150) " fcode="read"/>
<opset="sext_ln167_5_read/1 "/>
</bind>
</comp>

<comp id="504" class="1004" name="M_14_read_read_fu_504">
<pin_list>
<pin id="505" dir="0" index="0" bw="34" slack="0"/>
<pin id="506" dir="0" index="1" bw="34" slack="0"/>
<pin id="507" dir="1" index="2" bw="34" slack="1"/>
</pin_list>
<bind>
<opcode="read(1150) " fcode="read"/>
<opset="M_14_read/1 "/>
</bind>
</comp>

<comp id="510" class="1004" name="sext_ln167_4_read_read_fu_510">
<pin_list>
<pin id="511" dir="0" index="0" bw="33" slack="0"/>
<pin id="512" dir="0" index="1" bw="33" slack="0"/>
<pin id="513" dir="1" index="2" bw="33" slack="0"/>
</pin_list>
<bind>
<opcode="read(1150) " fcode="read"/>
<opset="sext_ln167_4_read/1 "/>
</bind>
</comp>

<comp id="516" class="1004" name="M_12_read_read_fu_516">
<pin_list>
<pin id="517" dir="0" index="0" bw="34" slack="0"/>
<pin id="518" dir="0" index="1" bw="34" slack="0"/>
<pin id="519" dir="1" index="2" bw="34" slack="1"/>
</pin_list>
<bind>
<opcode="read(1150) " fcode="read"/>
<opset="M_12_read/1 "/>
</bind>
</comp>

<comp id="522" class="1004" name="sext_ln167_3_read_read_fu_522">
<pin_list>
<pin id="523" dir="0" index="0" bw="33" slack="0"/>
<pin id="524" dir="0" index="1" bw="33" slack="0"/>
<pin id="525" dir="1" index="2" bw="33" slack="0"/>
</pin_list>
<bind>
<opcode="read(1150) " fcode="read"/>
<opset="sext_ln167_3_read/1 "/>
</bind>
</comp>

<comp id="528" class="1004" name="M_2_read_read_fu_528">
<pin_list>
<pin id="529" dir="0" index="0" bw="34" slack="0"/>
<pin id="530" dir="0" index="1" bw="34" slack="0"/>
<pin id="531" dir="1" index="2" bw="34" slack="1"/>
</pin_list>
<bind>
<opcode="read(1150) " fcode="read"/>
<opset="M_2_read/1 "/>
</bind>
</comp>

<comp id="534" class="1004" name="sext_ln167_2_read_read_fu_534">
<pin_list>
<pin id="535" dir="0" index="0" bw="33" slack="0"/>
<pin id="536" dir="0" index="1" bw="33" slack="0"/>
<pin id="537" dir="1" index="2" bw="33" slack="0"/>
</pin_list>
<bind>
<opcode="read(1150) " fcode="read"/>
<opset="sext_ln167_2_read/1 "/>
</bind>
</comp>

<comp id="540" class="1004" name="M_read_read_fu_540">
<pin_list>
<pin id="541" dir="0" index="0" bw="34" slack="0"/>
<pin id="542" dir="0" index="1" bw="34" slack="0"/>
<pin id="543" dir="1" index="2" bw="34" slack="1"/>
</pin_list>
<bind>
<opcode="read(1150) " fcode="read"/>
<opset="M_read/1 "/>
</bind>
</comp>

<comp id="546" class="1004" name="sext_ln167_1_read_read_fu_546">
<pin_list>
<pin id="547" dir="0" index="0" bw="33" slack="0"/>
<pin id="548" dir="0" index="1" bw="33" slack="0"/>
<pin id="549" dir="1" index="2" bw="33" slack="0"/>
</pin_list>
<bind>
<opcode="read(1150) " fcode="read"/>
<opset="sext_ln167_1_read/1 "/>
</bind>
</comp>

<comp id="552" class="1004" name="write_ln0_write_fu_552">
<pin_list>
<pin id="553" dir="0" index="0" bw="0" slack="0"/>
<pin id="554" dir="0" index="1" bw="34" slack="0"/>
<pin id="555" dir="0" index="2" bw="34" slack="0"/>
<pin id="556" dir="1" index="3" bw="0" slack="2147483647"/>
</pin_list>
<bind>
<opcode="write(1151) " fcode="write"/>
<opset="write_ln0/4 "/>
</bind>
</comp>

<comp id="559" class="1004" name="write_ln0_write_fu_559">
<pin_list>
<pin id="560" dir="0" index="0" bw="0" slack="0"/>
<pin id="561" dir="0" index="1" bw="34" slack="0"/>
<pin id="562" dir="0" index="2" bw="34" slack="0"/>
<pin id="563" dir="1" index="3" bw="0" slack="2147483647"/>
</pin_list>
<bind>
<opcode="write(1151) " fcode="write"/>
<opset="write_ln0/4 "/>
</bind>
</comp>

<comp id="566" class="1004" name="write_ln0_write_fu_566">
<pin_list>
<pin id="567" dir="0" index="0" bw="0" slack="0"/>
<pin id="568" dir="0" index="1" bw="34" slack="0"/>
<pin id="569" dir="0" index="2" bw="34" slack="0"/>
<pin id="570" dir="1" index="3" bw="0" slack="2147483647"/>
</pin_list>
<bind>
<opcode="write(1151) " fcode="write"/>
<opset="write_ln0/4 "/>
</bind>
</comp>

<comp id="573" class="1004" name="write_ln0_write_fu_573">
<pin_list>
<pin id="574" dir="0" index="0" bw="0" slack="0"/>
<pin id="575" dir="0" index="1" bw="34" slack="0"/>
<pin id="576" dir="0" index="2" bw="34" slack="0"/>
<pin id="577" dir="1" index="3" bw="0" slack="2147483647"/>
</pin_list>
<bind>
<opcode="write(1151) " fcode="write"/>
<opset="write_ln0/4 "/>
</bind>
</comp>

<comp id="580" class="1004" name="write_ln0_write_fu_580">
<pin_list>
<pin id="581" dir="0" index="0" bw="0" slack="0"/>
<pin id="582" dir="0" index="1" bw="34" slack="0"/>
<pin id="583" dir="0" index="2" bw="34" slack="0"/>
<pin id="584" dir="1" index="3" bw="0" slack="2147483647"/>
</pin_list>
<bind>
<opcode="write(1151) " fcode="write"/>
<opset="write_ln0/4 "/>
</bind>
</comp>

<comp id="587" class="1004" name="write_ln0_write_fu_587">
<pin_list>
<pin id="588" dir="0" index="0" bw="0" slack="0"/>
<pin id="589" dir="0" index="1" bw="34" slack="0"/>
<pin id="590" dir="0" index="2" bw="34" slack="0"/>
<pin id="591" dir="1" index="3" bw="0" slack="2147483647"/>
</pin_list>
<bind>
<opcode="write(1151) " fcode="write"/>
<opset="write_ln0/4 "/>
</bind>
</comp>

<comp id="594" class="1004" name="write_ln0_write_fu_594">
<pin_list>
<pin id="595" dir="0" index="0" bw="0" slack="0"/>
<pin id="596" dir="0" index="1" bw="34" slack="0"/>
<pin id="597" dir="0" index="2" bw="34" slack="0"/>
<pin id="598" dir="1" index="3" bw="0" slack="2147483647"/>
</pin_list>
<bind>
<opcode="write(1151) " fcode="write"/>
<opset="write_ln0/4 "/>
</bind>
</comp>

<comp id="601" class="1004" name="write_ln0_write_fu_601">
<pin_list>
<pin id="602" dir="0" index="0" bw="0" slack="0"/>
<pin id="603" dir="0" index="1" bw="34" slack="0"/>
<pin id="604" dir="0" index="2" bw="34" slack="0"/>
<pin id="605" dir="1" index="3" bw="0" slack="2147483647"/>
</pin_list>
<bind>
<opcode="write(1151) " fcode="write"/>
<opset="write_ln0/4 "/>
</bind>
</comp>

<comp id="608" class="1004" name="write_ln0_write_fu_608">
<pin_list>
<pin id="609" dir="0" index="0" bw="0" slack="0"/>
<pin id="610" dir="0" index="1" bw="34" slack="0"/>
<pin id="611" dir="0" index="2" bw="34" slack="0"/>
<pin id="612" dir="1" index="3" bw="0" slack="2147483647"/>
</pin_list>
<bind>
<opcode="write(1151) " fcode="write"/>
<opset="write_ln0/4 "/>
</bind>
</comp>

<comp id="615" class="1004" name="write_ln0_write_fu_615">
<pin_list>
<pin id="616" dir="0" index="0" bw="0" slack="0"/>
<pin id="617" dir="0" index="1" bw="34" slack="0"/>
<pin id="618" dir="0" index="2" bw="34" slack="0"/>
<pin id="619" dir="1" index="3" bw="0" slack="2147483647"/>
</pin_list>
<bind>
<opcode="write(1151) " fcode="write"/>
<opset="write_ln0/4 "/>
</bind>
</comp>

<comp id="622" class="1004" name="write_ln0_write_fu_622">
<pin_list>
<pin id="623" dir="0" index="0" bw="0" slack="0"/>
<pin id="624" dir="0" index="1" bw="34" slack="0"/>
<pin id="625" dir="0" index="2" bw="34" slack="0"/>
<pin id="626" dir="1" index="3" bw="0" slack="2147483647"/>
</pin_list>
<bind>
<opcode="write(1151) " fcode="write"/>
<opset="write_ln0/4 "/>
</bind>
</comp>

<comp id="629" class="1004" name="write_ln0_write_fu_629">
<pin_list>
<pin id="630" dir="0" index="0" bw="0" slack="0"/>
<pin id="631" dir="0" index="1" bw="34" slack="0"/>
<pin id="632" dir="0" index="2" bw="34" slack="0"/>
<pin id="633" dir="1" index="3" bw="0" slack="2147483647"/>
</pin_list>
<bind>
<opcode="write(1151) " fcode="write"/>
<opset="write_ln0/4 "/>
</bind>
</comp>

<comp id="636" class="1004" name="sum_sum6_MG_QP_raw_fu_636">
<pin_list>
<pin id="637" dir="0" index="0" bw="52" slack="0"/>
<pin id="638" dir="0" index="1" bw="52" slack="0"/>
<pin id="639" dir="0" index="2" bw="52" slack="0"/>
<pin id="640" dir="0" index="3" bw="52" slack="0"/>
<pin id="641" dir="0" index="4" bw="52" slack="0"/>
<pin id="642" dir="0" index="5" bw="52" slack="0"/>
<pin id="643" dir="0" index="6" bw="52" slack="0"/>
<pin id="644" dir="1" index="7" bw="52" slack="0"/>
</pin_list>
<bind>
<opcode="call(48) " fcode="call"/>
<opset="sum/5 "/>
</bind>
</comp>

<comp id="646" class="1004" name="grp_fu_646">
<pin_list>
<pin id="647" dir="0" index="0" bw="34" slack="0"/>
<pin id="648" dir="0" index="1" bw="32" slack="0"/>
<pin id="649" dir="1" index="2" bw="52" slack="0"/>
</pin_list>
<bind>
<opcode="mul(12) " fcode="mul"/>
<opset="product/2 "/>
</bind>
</comp>

<comp id="651" class="1004" name="grp_fu_651">
<pin_list>
<pin id="652" dir="0" index="0" bw="34" slack="0"/>
<pin id="653" dir="0" index="1" bw="32" slack="0"/>
<pin id="654" dir="1" index="2" bw="52" slack="0"/>
</pin_list>
<bind>
<opcode="mul(12) " fcode="mul"/>
<opset="product_16/2 "/>
</bind>
</comp>

<comp id="656" class="1004" name="grp_fu_656">
<pin_list>
<pin id="657" dir="0" index="0" bw="34" slack="0"/>
<pin id="658" dir="0" index="1" bw="32" slack="0"/>
<pin id="659" dir="1" index="2" bw="52" slack="0"/>
</pin_list>
<bind>
<opcode="mul(12) " fcode="mul"/>
<opset="product_17/2 "/>
</bind>
</comp>

<comp id="661" class="1004" name="grp_fu_661">
<pin_list>
<pin id="662" dir="0" index="0" bw="34" slack="0"/>
<pin id="663" dir="0" index="1" bw="32" slack="0"/>
<pin id="664" dir="1" index="2" bw="52" slack="0"/>
</pin_list>
<bind>
<opcode="mul(12) " fcode="mul"/>
<opset="product_18/2 "/>
</bind>
</comp>

<comp id="666" class="1004" name="grp_fu_666">
<pin_list>
<pin id="667" dir="0" index="0" bw="34" slack="0"/>
<pin id="668" dir="0" index="1" bw="32" slack="0"/>
<pin id="669" dir="1" index="2" bw="52" slack="0"/>
</pin_list>
<bind>
<opcode="mul(12) " fcode="mul"/>
<opset="product_19/2 "/>
</bind>
</comp>

<comp id="671" class="1004" name="grp_fu_671">
<pin_list>
<pin id="672" dir="0" index="0" bw="34" slack="0"/>
<pin id="673" dir="0" index="1" bw="32" slack="0"/>
<pin id="674" dir="1" index="2" bw="52" slack="0"/>
</pin_list>
<bind>
<opcode="mul(12) " fcode="mul"/>
<opset="product_20/2 "/>
</bind>
</comp>

<comp id="676" class="1004" name="grp_fu_676">
<pin_list>
<pin id="677" dir="0" index="0" bw="3" slack="0"/>
<pin id="678" dir="0" index="1" bw="1" slack="0"/>
<pin id="679" dir="0" index="2" bw="1" slack="0"/>
<pin id="680" dir="0" index="3" bw="3" slack="0"/>
<pin id="681" dir="0" index="4" bw="3" slack="0"/>
<pin id="682" dir="0" index="5" bw="3" slack="0"/>
<pin id="683" dir="1" index="6" bw="0" slack="2147483647"/>
</pin_list>
<bind>
<opcode="switch(3) " fcode="switch"/>
<opset="switch_ln736/2 switch_ln736/2 "/>
</bind>
</comp>

<comp id="689" class="1004" name="sext_ln167_6_cast_fu_689">
<pin_list>
<pin id="690" dir="0" index="0" bw="33" slack="0"/>
<pin id="691" dir="1" index="1" bw="34" slack="1"/>
</pin_list>
<bind>
<opcode="sext(35) " fcode="sext"/>
<opset="sext_ln167_6_cast/1 "/>
</bind>
</comp>

<comp id="693" class="1004" name="sext_ln167_5_cast_fu_693">
<pin_list>
<pin id="694" dir="0" index="0" bw="33" slack="0"/>
<pin id="695" dir="1" index="1" bw="34" slack="1"/>
</pin_list>
<bind>
<opcode="sext(35) " fcode="sext"/>
<opset="sext_ln167_5_cast/1 "/>
</bind>
</comp>

<comp id="697" class="1004" name="sext_ln167_4_cast_fu_697">
<pin_list>
<pin id="698" dir="0" index="0" bw="33" slack="0"/>
<pin id="699" dir="1" index="1" bw="34" slack="1"/>
</pin_list>
<bind>
<opcode="sext(35) " fcode="sext"/>
<opset="sext_ln167_4_cast/1 "/>
</bind>
</comp>

<comp id="701" class="1004" name="sext_ln167_3_cast_fu_701">
<pin_list>
<pin id="702" dir="0" index="0" bw="33" slack="0"/>
<pin id="703" dir="1" index="1" bw="34" slack="1"/>
</pin_list>
<bind>
<opcode="sext(35) " fcode="sext"/>
<opset="sext_ln167_3_cast/1 "/>
</bind>
</comp>

<comp id="705" class="1004" name="sext_ln167_2_cast_fu_705">
<pin_list>
<pin id="706" dir="0" index="0" bw="33" slack="0"/>
<pin id="707" dir="1" index="1" bw="34" slack="1"/>
</pin_list>
<bind>
<opcode="sext(35) " fcode="sext"/>
<opset="sext_ln167_2_cast/1 "/>
</bind>
</comp>

<comp id="709" class="1004" name="sext_ln167_1_cast_fu_709">
<pin_list>
<pin id="710" dir="0" index="0" bw="33" slack="0"/>
<pin id="711" dir="1" index="1" bw="34" slack="1"/>
</pin_list>
<bind>
<opcode="sext(35) " fcode="sext"/>
<opset="sext_ln167_1_cast/1 "/>
</bind>
</comp>

<comp id="713" class="1004" name="store_ln0_store_fu_713">
<pin_list>
<pin id="714" dir="0" index="0" bw="1" slack="0"/>
<pin id="715" dir="0" index="1" bw="4" slack="0"/>
<pin id="716" dir="1" index="2" bw="0" slack="2147483647"/>
</pin_list>
<bind>
<opcode="store(28) " fcode="store"/>
<opset="store_ln0/1 "/>
</bind>
</comp>

<comp id="718" class="1004" name="store_ln475_store_fu_718">
<pin_list>
<pin id="719" dir="0" index="0" bw="1" slack="0"/>
<pin id="720" dir="0" index="1" bw="2" slack="0"/>
<pin id="721" dir="1" index="2" bw="0" slack="2147483647"/>
</pin_list>
<bind>
<opcode="store(28) " fcode="store"/>
<opset="store_ln475/1 "/>
</bind>
</comp>

<comp id="723" class="1004" name="store_ln475_store_fu_723">
<pin_list>
<pin id="724" dir="0" index="0" bw="1" slack="0"/>
<pin id="725" dir="0" index="1" bw="3" slack="0"/>
<pin id="726" dir="1" index="2" bw="0" slack="2147483647"/>
</pin_list>
<bind>
<opcode="store(28) " fcode="store"/>
<opset="store_ln475/1 "/>
</bind>
</comp>

<comp id="728" class="1004" name="indvar_flatten_load_load_fu_728">
<pin_list>
<pin id="729" dir="0" index="0" bw="4" slack="0"/>
<pin id="730" dir="1" index="1" bw="4" slack="0"/>
</pin_list>
<bind>
<opcode="load(27) " fcode="load"/>
<opset="indvar_flatten_load/1 "/>
</bind>
</comp>

<comp id="731" class="1004" name="icmp_ln726_fu_731">
<pin_list>
<pin id="732" dir="0" index="0" bw="4" slack="0"/>
<pin id="733" dir="0" index="1" bw="4" slack="0"/>
<pin id="734" dir="1" index="2" bw="1" slack="3"/>
</pin_list>
<bind>
<opcode="icmp(45) " fcode="icmp"/>
<opset="icmp_ln726/1 "/>
</bind>
</comp>

<comp id="737" class="1004" name="add_ln726_1_fu_737">
<pin_list>
<pin id="738" dir="0" index="0" bw="4" slack="0"/>
<pin id="739" dir="0" index="1" bw="1" slack="0"/>
<pin id="740" dir="1" index="2" bw="4" slack="0"/>
</pin_list>
<bind>
<opcode="add(8) " fcode="add"/>
<opset="add_ln726_1/1 "/>
</bind>
</comp>

<comp id="743" class="1004" name="store_ln726_store_fu_743">
<pin_list>
<pin id="744" dir="0" index="0" bw="4" slack="0"/>
<pin id="745" dir="0" index="1" bw="4" slack="0"/>
<pin id="746" dir="1" index="2" bw="0" slack="2147483647"/>
</pin_list>
<bind>
<opcode="store(28) " fcode="store"/>
<opset="store_ln726/1 "/>
</bind>
</comp>

<comp id="748" class="1004" name="j_1_load_load_fu_748">
<pin_list>
<pin id="749" dir="0" index="0" bw="3" slack="1"/>
<pin id="750" dir="1" index="1" bw="3" slack="0"/>
</pin_list>
<bind>
<opcode="load(27) " fcode="load"/>
<opset="j_1_load/2 "/>
</bind>
</comp>

<comp id="751" class="1004" name="a_load_load_fu_751">
<pin_list>
<pin id="752" dir="0" index="0" bw="2" slack="1"/>
<pin id="753" dir="1" index="1" bw="2" slack="0"/>
</pin_list>
<bind>
<opcode="load(27) " fcode="load"/>
<opset="a_load/2 "/>
</bind>
</comp>

<comp id="754" class="1004" name="add_ln726_fu_754">
<pin_list>
<pin id="755" dir="0" index="0" bw="2" slack="0"/>
<pin id="756" dir="0" index="1" bw="1" slack="0"/>
<pin id="757" dir="1" index="2" bw="2" slack="0"/>
</pin_list>
<bind>
<opcode="add(8) " fcode="add"/>
<opset="add_ln726/2 "/>
</bind>
</comp>

<comp id="760" class="1004" name="icmp_ln727_fu_760">
<pin_list>
<pin id="761" dir="0" index="0" bw="3" slack="0"/>
<pin id="762" dir="0" index="1" bw="3" slack="0"/>
<pin id="763" dir="1" index="2" bw="1" slack="0"/>
</pin_list>
<bind>
<opcode="icmp(45) " fcode="icmp"/>
<opset="icmp_ln727/2 "/>
</bind>
</comp>

<comp id="766" class="1004" name="select_ln723_fu_766">
<pin_list>
<pin id="767" dir="0" index="0" bw="1" slack="0"/>
<pin id="768" dir="0" index="1" bw="3" slack="0"/>
<pin id="769" dir="0" index="2" bw="3" slack="0"/>
<pin id="770" dir="1" index="3" bw="3" slack="0"/>
</pin_list>
<bind>
<opcode="select(49) " fcode="select"/>
<opset="select_ln723/2 "/>
</bind>
</comp>

<comp id="775" class="1004" name="select_ln726_fu_775">
<pin_list>
<pin id="776" dir="0" index="0" bw="1" slack="0"/>
<pin id="777" dir="0" index="1" bw="2" slack="0"/>
<pin id="778" dir="0" index="2" bw="2" slack="0"/>
<pin id="779" dir="1" index="3" bw="2" slack="0"/>
</pin_list>
<bind>
<opcode="select(49) " fcode="select"/>
<opset="select_ln726/2 "/>
</bind>
</comp>

<comp id="783" class="1004" name="empty_fu_783">
<pin_list>
<pin id="784" dir="0" index="0" bw="2" slack="0"/>
<pin id="785" dir="0" index="1" bw="2" slack="0"/>
<pin id="786" dir="1" index="2" bw="1" slack="0"/>
</pin_list>
<bind>
<opcode="icmp(45) " fcode="icmp"/>
<opset="empty/2 "/>
</bind>
</comp>

<comp id="789" class="1004" name="a_26_fu_789">
<pin_list>
<pin id="790" dir="0" index="0" bw="1" slack="0"/>
<pin id="791" dir="0" index="1" bw="34" slack="1"/>
<pin id="792" dir="0" index="2" bw="34" slack="1"/>
<pin id="793" dir="1" index="3" bw="34" slack="0"/>
</pin_list>
<bind>
<opcode="select(49) " fcode="select"/>
<opset="a_26/2 "/>
</bind>
</comp>

<comp id="795" class="1004" name="a_41_cast87_fu_795">
<pin_list>
<pin id="796" dir="0" index="0" bw="34" slack="0"/>
<pin id="797" dir="1" index="1" bw="52" slack="0"/>
</pin_list>
<bind>
<opcode="sext(35) " fcode="sext"/>
<opset="a_41_cast87/2 "/>
</bind>
</comp>

<comp id="800" class="1004" name="a_1_fu_800">
<pin_list>
<pin id="801" dir="0" index="0" bw="1" slack="0"/>
<pin id="802" dir="0" index="1" bw="34" slack="1"/>
<pin id="803" dir="0" index="2" bw="34" slack="1"/>
<pin id="804" dir="1" index="3" bw="34" slack="0"/>
</pin_list>
<bind>
<opcode="select(49) " fcode="select"/>
<opset="a_1/2 "/>
</bind>
</comp>

<comp id="806" class="1004" name="a_1_cast89_fu_806">
<pin_list>
<pin id="807" dir="0" index="0" bw="34" slack="0"/>
<pin id="808" dir="1" index="1" bw="52" slack="0"/>
</pin_list>
<bind>
<opcode="sext(35) " fcode="sext"/>
<opset="a_1_cast89/2 "/>
</bind>
</comp>

<comp id="811" class="1004" name="a_2_fu_811">
<pin_list>
<pin id="812" dir="0" index="0" bw="1" slack="0"/>
<pin id="813" dir="0" index="1" bw="34" slack="1"/>
<pin id="814" dir="0" index="2" bw="34" slack="1"/>
<pin id="815" dir="1" index="3" bw="34" slack="0"/>
</pin_list>
<bind>
<opcode="select(49) " fcode="select"/>
<opset="a_2/2 "/>
</bind>
</comp>

<comp id="817" class="1004" name="a_2_cast91_fu_817">
<pin_list>
<pin id="818" dir="0" index="0" bw="34" slack="0"/>
<pin id="819" dir="1" index="1" bw="52" slack="0"/>
</pin_list>
<bind>
<opcode="sext(35) " fcode="sext"/>
<opset="a_2_cast91/2 "/>
</bind>
</comp>

<comp id="822" class="1004" name="a_3_fu_822">
<pin_list>
<pin id="823" dir="0" index="0" bw="1" slack="0"/>
<pin id="824" dir="0" index="1" bw="34" slack="1"/>
<pin id="825" dir="0" index="2" bw="34" slack="1"/>
<pin id="826" dir="1" index="3" bw="34" slack="0"/>
</pin_list>
<bind>
<opcode="select(49) " fcode="select"/>
<opset="a_3/2 "/>
</bind>
</comp>

<comp id="828" class="1004" name="a_3_cast93_fu_828">
<pin_list>
<pin id="829" dir="0" index="0" bw="34" slack="0"/>
<pin id="830" dir="1" index="1" bw="52" slack="0"/>
</pin_list>
<bind>
<opcode="sext(35) " fcode="sext"/>
<opset="a_3_cast93/2 "/>
</bind>
</comp>

<comp id="833" class="1004" name="a_4_fu_833">
<pin_list>
<pin id="834" dir="0" index="0" bw="1" slack="0"/>
<pin id="835" dir="0" index="1" bw="34" slack="1"/>
<pin id="836" dir="0" index="2" bw="34" slack="1"/>
<pin id="837" dir="1" index="3" bw="34" slack="0"/>
</pin_list>
<bind>
<opcode="select(49) " fcode="select"/>
<opset="a_4/2 "/>
</bind>
</comp>

<comp id="839" class="1004" name="a_4_cast95_fu_839">
<pin_list>
<pin id="840" dir="0" index="0" bw="34" slack="0"/>
<pin id="841" dir="1" index="1" bw="52" slack="0"/>
</pin_list>
<bind>
<opcode="sext(35) " fcode="sext"/>
<opset="a_4_cast95/2 "/>
</bind>
</comp>

<comp id="844" class="1004" name="a_5_fu_844">
<pin_list>
<pin id="845" dir="0" index="0" bw="1" slack="0"/>
<pin id="846" dir="0" index="1" bw="34" slack="1"/>
<pin id="847" dir="0" index="2" bw="34" slack="1"/>
<pin id="848" dir="1" index="3" bw="34" slack="0"/>
</pin_list>
<bind>
<opcode="select(49) " fcode="select"/>
<opset="a_5/2 "/>
</bind>
</comp>

<comp id="850" class="1004" name="sext_ln736_fu_850">
<pin_list>
<pin id="851" dir="0" index="0" bw="34" slack="0"/>
<pin id="852" dir="1" index="1" bw="52" slack="0"/>
</pin_list>
<bind>
<opcode="sext(35) " fcode="sext"/>
<opset="sext_ln736/2 "/>
</bind>
</comp>

<comp id="855" class="1004" name="icmp_ln736_fu_855">
<pin_list>
<pin id="856" dir="0" index="0" bw="2" slack="0"/>
<pin id="857" dir="0" index="1" bw="2" slack="0"/>
<pin id="858" dir="1" index="2" bw="1" slack="3"/>
</pin_list>
<bind>
<opcode="icmp(45) " fcode="icmp"/>
<opset="icmp_ln736/2 "/>
</bind>
</comp>

<comp id="861" class="1004" name="b_fu_861">
<pin_list>
<pin id="862" dir="0" index="0" bw="32" slack="0"/>
<pin id="863" dir="0" index="1" bw="3" slack="0"/>
<pin id="864" dir="0" index="2" bw="32" slack="1"/>
<pin id="865" dir="0" index="3" bw="3" slack="0"/>
<pin id="866" dir="0" index="4" bw="32" slack="1"/>
<pin id="867" dir="0" index="5" bw="3" slack="0"/>
<pin id="868" dir="0" index="6" bw="32" slack="1"/>
<pin id="869" dir="0" index="7" bw="3" slack="0"/>
<pin id="870" dir="0" index="8" bw="32" slack="1"/>
<pin id="871" dir="0" index="9" bw="3" slack="0"/>
<pin id="872" dir="0" index="10" bw="32" slack="1"/>
<pin id="873" dir="0" index="11" bw="3" slack="0"/>
<pin id="874" dir="0" index="12" bw="32" slack="1"/>
<pin id="875" dir="0" index="13" bw="32" slack="0"/>
<pin id="876" dir="0" index="14" bw="3" slack="0"/>
<pin id="877" dir="1" index="15" bw="32" slack="0"/>
</pin_list>
<bind>
<opcode="sparsemux(1197) " fcode="sparsemux"/>
<opset="b/2 "/>
</bind>
</comp>

<comp id="887" class="1004" name="sext_ln275_fu_887">
<pin_list>
<pin id="888" dir="0" index="0" bw="32" slack="0"/>
<pin id="889" dir="1" index="1" bw="52" slack="0"/>
</pin_list>
<bind>
<opcode="sext(35) " fcode="sext"/>
<opset="sext_ln275/2 "/>
</bind>
</comp>

<comp id="892" class="1004" name="b_14_fu_892">
<pin_list>
<pin id="893" dir="0" index="0" bw="32" slack="0"/>
<pin id="894" dir="0" index="1" bw="3" slack="0"/>
<pin id="895" dir="0" index="2" bw="32" slack="1"/>
<pin id="896" dir="0" index="3" bw="3" slack="0"/>
<pin id="897" dir="0" index="4" bw="32" slack="1"/>
<pin id="898" dir="0" index="5" bw="3" slack="0"/>
<pin id="899" dir="0" index="6" bw="32" slack="1"/>
<pin id="900" dir="0" index="7" bw="3" slack="0"/>
<pin id="901" dir="0" index="8" bw="32" slack="1"/>
<pin id="902" dir="0" index="9" bw="3" slack="0"/>
<pin id="903" dir="0" index="10" bw="32" slack="1"/>
<pin id="904" dir="0" index="11" bw="3" slack="0"/>
<pin id="905" dir="0" index="12" bw="32" slack="1"/>
<pin id="906" dir="0" index="13" bw="32" slack="0"/>
<pin id="907" dir="0" index="14" bw="3" slack="0"/>
<pin id="908" dir="1" index="15" bw="32" slack="0"/>
</pin_list>
<bind>
<opcode="sparsemux(1197) " fcode="sparsemux"/>
<opset="b_14/2 "/>
</bind>
</comp>

<comp id="918" class="1004" name="sext_ln275_1_fu_918">
<pin_list>
<pin id="919" dir="0" index="0" bw="32" slack="0"/>
<pin id="920" dir="1" index="1" bw="52" slack="0"/>
</pin_list>
<bind>
<opcode="sext(35) " fcode="sext"/>
<opset="sext_ln275_1/2 "/>
</bind>
</comp>

<comp id="923" class="1004" name="b_15_fu_923">
<pin_list>
<pin id="924" dir="0" index="0" bw="32" slack="0"/>
<pin id="925" dir="0" index="1" bw="3" slack="0"/>
<pin id="926" dir="0" index="2" bw="32" slack="1"/>
<pin id="927" dir="0" index="3" bw="3" slack="0"/>
<pin id="928" dir="0" index="4" bw="32" slack="1"/>
<pin id="929" dir="0" index="5" bw="3" slack="0"/>
<pin id="930" dir="0" index="6" bw="32" slack="1"/>
<pin id="931" dir="0" index="7" bw="3" slack="0"/>
<pin id="932" dir="0" index="8" bw="32" slack="1"/>
<pin id="933" dir="0" index="9" bw="3" slack="0"/>
<pin id="934" dir="0" index="10" bw="32" slack="1"/>
<pin id="935" dir="0" index="11" bw="3" slack="0"/>
<pin id="936" dir="0" index="12" bw="32" slack="1"/>
<pin id="937" dir="0" index="13" bw="32" slack="0"/>
<pin id="938" dir="0" index="14" bw="3" slack="0"/>
<pin id="939" dir="1" index="15" bw="32" slack="0"/>
</pin_list>
<bind>
<opcode="sparsemux(1197) " fcode="sparsemux"/>
<opset="b_15/2 "/>
</bind>
</comp>

<comp id="949" class="1004" name="sext_ln275_2_fu_949">
<pin_list>
<pin id="950" dir="0" index="0" bw="32" slack="0"/>
<pin id="951" dir="1" index="1" bw="52" slack="0"/>
</pin_list>
<bind>
<opcode="sext(35) " fcode="sext"/>
<opset="sext_ln275_2/2 "/>
</bind>
</comp>

<comp id="954" class="1004" name="b_16_fu_954">
<pin_list>
<pin id="955" dir="0" index="0" bw="32" slack="0"/>
<pin id="956" dir="0" index="1" bw="3" slack="0"/>
<pin id="957" dir="0" index="2" bw="32" slack="1"/>
<pin id="958" dir="0" index="3" bw="3" slack="0"/>
<pin id="959" dir="0" index="4" bw="32" slack="1"/>
<pin id="960" dir="0" index="5" bw="3" slack="0"/>
<pin id="961" dir="0" index="6" bw="32" slack="1"/>
<pin id="962" dir="0" index="7" bw="3" slack="0"/>
<pin id="963" dir="0" index="8" bw="32" slack="1"/>
<pin id="964" dir="0" index="9" bw="3" slack="0"/>
<pin id="965" dir="0" index="10" bw="32" slack="1"/>
<pin id="966" dir="0" index="11" bw="3" slack="0"/>
<pin id="967" dir="0" index="12" bw="32" slack="1"/>
<pin id="968" dir="0" index="13" bw="32" slack="0"/>
<pin id="969" dir="0" index="14" bw="3" slack="0"/>
<pin id="970" dir="1" index="15" bw="32" slack="0"/>
</pin_list>
<bind>
<opcode="sparsemux(1197) " fcode="sparsemux"/>
<opset="b_16/2 "/>
</bind>
</comp>

<comp id="980" class="1004" name="sext_ln275_3_fu_980">
<pin_list>
<pin id="981" dir="0" index="0" bw="32" slack="0"/>
<pin id="982" dir="1" index="1" bw="52" slack="0"/>
</pin_list>
<bind>
<opcode="sext(35) " fcode="sext"/>
<opset="sext_ln275_3/2 "/>
</bind>
</comp>

<comp id="985" class="1004" name="b_17_fu_985">
<pin_list>
<pin id="986" dir="0" index="0" bw="32" slack="0"/>
<pin id="987" dir="0" index="1" bw="3" slack="0"/>
<pin id="988" dir="0" index="2" bw="32" slack="1"/>
<pin id="989" dir="0" index="3" bw="3" slack="0"/>
<pin id="990" dir="0" index="4" bw="32" slack="1"/>
<pin id="991" dir="0" index="5" bw="3" slack="0"/>
<pin id="992" dir="0" index="6" bw="32" slack="1"/>
<pin id="993" dir="0" index="7" bw="3" slack="0"/>
<pin id="994" dir="0" index="8" bw="32" slack="1"/>
<pin id="995" dir="0" index="9" bw="3" slack="0"/>
<pin id="996" dir="0" index="10" bw="32" slack="1"/>
<pin id="997" dir="0" index="11" bw="3" slack="0"/>
<pin id="998" dir="0" index="12" bw="32" slack="1"/>
<pin id="999" dir="0" index="13" bw="32" slack="0"/>
<pin id="1000" dir="0" index="14" bw="3" slack="0"/>
<pin id="1001" dir="1" index="15" bw="32" slack="0"/>
</pin_list>
<bind>
<opcode="sparsemux(1197) " fcode="sparsemux"/>
<opset="b_17/2 "/>
</bind>
</comp>

<comp id="1011" class="1004" name="sext_ln275_4_fu_1011">
<pin_list>
<pin id="1012" dir="0" index="0" bw="32" slack="0"/>
<pin id="1013" dir="1" index="1" bw="52" slack="0"/>
</pin_list>
<bind>
<opcode="sext(35) " fcode="sext"/>
<opset="sext_ln275_4/2 "/>
</bind>
</comp>

<comp id="1016" class="1004" name="b_18_fu_1016">
<pin_list>
<pin id="1017" dir="0" index="0" bw="32" slack="0"/>
<pin id="1018" dir="0" index="1" bw="3" slack="0"/>
<pin id="1019" dir="0" index="2" bw="32" slack="1"/>
<pin id="1020" dir="0" index="3" bw="3" slack="0"/>
<pin id="1021" dir="0" index="4" bw="32" slack="1"/>
<pin id="1022" dir="0" index="5" bw="3" slack="0"/>
<pin id="1023" dir="0" index="6" bw="32" slack="1"/>
<pin id="1024" dir="0" index="7" bw="3" slack="0"/>
<pin id="1025" dir="0" index="8" bw="32" slack="1"/>
<pin id="1026" dir="0" index="9" bw="3" slack="0"/>
<pin id="1027" dir="0" index="10" bw="32" slack="1"/>
<pin id="1028" dir="0" index="11" bw="3" slack="0"/>
<pin id="1029" dir="0" index="12" bw="32" slack="1"/>
<pin id="1030" dir="0" index="13" bw="32" slack="0"/>
<pin id="1031" dir="0" index="14" bw="3" slack="0"/>
<pin id="1032" dir="1" index="15" bw="32" slack="0"/>
</pin_list>
<bind>
<opcode="sparsemux(1197) " fcode="sparsemux"/>
<opset="b_18/2 "/>
</bind>
</comp>

<comp id="1042" class="1004" name="sext_ln275_5_fu_1042">
<pin_list>
<pin id="1043" dir="0" index="0" bw="32" slack="0"/>
<pin id="1044" dir="1" index="1" bw="52" slack="0"/>
</pin_list>
<bind>
<opcode="sext(35) " fcode="sext"/>
<opset="sext_ln275_5/2 "/>
</bind>
</comp>

<comp id="1047" class="1004" name="add_ln727_fu_1047">
<pin_list>
<pin id="1048" dir="0" index="0" bw="3" slack="0"/>
<pin id="1049" dir="0" index="1" bw="1" slack="0"/>
<pin id="1050" dir="1" index="2" bw="3" slack="0"/>
</pin_list>
<bind>
<opcode="add(8) " fcode="add"/>
<opset="add_ln727/2 "/>
</bind>
</comp>

<comp id="1053" class="1004" name="store_ln475_store_fu_1053">
<pin_list>
<pin id="1054" dir="0" index="0" bw="2" slack="0"/>
<pin id="1055" dir="0" index="1" bw="2" slack="1"/>
<pin id="1056" dir="1" index="2" bw="0" slack="2147483647"/>
</pin_list>
<bind>
<opcode="store(28) " fcode="store"/>
<opset="store_ln475/2 "/>
</bind>
</comp>

<comp id="1058" class="1004" name="store_ln475_store_fu_1058">
<pin_list>
<pin id="1059" dir="0" index="0" bw="3" slack="0"/>
<pin id="1060" dir="0" index="1" bw="3" slack="1"/>
<pin id="1061" dir="1" index="2" bw="0" slack="2147483647"/>
</pin_list>
<bind>
<opcode="store(28) " fcode="store"/>
<opset="store_ln475/2 "/>
</bind>
</comp>

<comp id="1063" class="1004" name="G_12_fu_1063">
<pin_list>
<pin id="1064" dir="0" index="0" bw="34" slack="0"/>
<pin id="1065" dir="0" index="1" bw="52" slack="0"/>
<pin id="1066" dir="0" index="2" bw="6" slack="0"/>
<pin id="1067" dir="0" index="3" bw="7" slack="0"/>
<pin id="1068" dir="1" index="4" bw="34" slack="0"/>
</pin_list>
<bind>
<opcode="partselect(1002) " fcode="partselect"/>
<opset="G_12/5 "/>
</bind>
</comp>

<comp id="1073" class="1004" name="store_ln723_store_fu_1073">
<pin_list>
<pin id="1074" dir="0" index="0" bw="34" slack="0"/>
<pin id="1075" dir="0" index="1" bw="34" slack="4"/>
<pin id="1076" dir="1" index="2" bw="0" slack="2147483647"/>
</pin_list>
<bind>
<opcode="store(28) " fcode="store"/>
<opset="store_ln723/5 "/>
</bind>
</comp>

<comp id="1078" class="1004" name="store_ln723_store_fu_1078">
<pin_list>
<pin id="1079" dir="0" index="0" bw="34" slack="0"/>
<pin id="1080" dir="0" index="1" bw="34" slack="4"/>
<pin id="1081" dir="1" index="2" bw="0" slack="2147483647"/>
</pin_list>
<bind>
<opcode="store(28) " fcode="store"/>
<opset="store_ln723/5 "/>
</bind>
</comp>

<comp id="1083" class="1004" name="store_ln723_store_fu_1083">
<pin_list>
<pin id="1084" dir="0" index="0" bw="34" slack="0"/>
<pin id="1085" dir="0" index="1" bw="34" slack="4"/>
<pin id="1086" dir="1" index="2" bw="0" slack="2147483647"/>
</pin_list>
<bind>
<opcode="store(28) " fcode="store"/>
<opset="store_ln723/5 "/>
</bind>
</comp>

<comp id="1088" class="1004" name="store_ln723_store_fu_1088">
<pin_list>
<pin id="1089" dir="0" index="0" bw="34" slack="0"/>
<pin id="1090" dir="0" index="1" bw="34" slack="4"/>
<pin id="1091" dir="1" index="2" bw="0" slack="2147483647"/>
</pin_list>
<bind>
<opcode="store(28) " fcode="store"/>
<opset="store_ln723/5 "/>
</bind>
</comp>

<comp id="1093" class="1004" name="store_ln723_store_fu_1093">
<pin_list>
<pin id="1094" dir="0" index="0" bw="34" slack="0"/>
<pin id="1095" dir="0" index="1" bw="34" slack="4"/>
<pin id="1096" dir="1" index="2" bw="0" slack="2147483647"/>
</pin_list>
<bind>
<opcode="store(28) " fcode="store"/>
<opset="store_ln723/5 "/>
</bind>
</comp>

<comp id="1098" class="1004" name="store_ln723_store_fu_1098">
<pin_list>
<pin id="1099" dir="0" index="0" bw="34" slack="0"/>
<pin id="1100" dir="0" index="1" bw="34" slack="4"/>
<pin id="1101" dir="1" index="2" bw="0" slack="2147483647"/>
</pin_list>
<bind>
<opcode="store(28) " fcode="store"/>
<opset="store_ln723/5 "/>
</bind>
</comp>

<comp id="1103" class="1004" name="store_ln723_store_fu_1103">
<pin_list>
<pin id="1104" dir="0" index="0" bw="34" slack="0"/>
<pin id="1105" dir="0" index="1" bw="34" slack="4"/>
<pin id="1106" dir="1" index="2" bw="0" slack="2147483647"/>
</pin_list>
<bind>
<opcode="store(28) " fcode="store"/>
<opset="store_ln723/5 "/>
</bind>
</comp>

<comp id="1108" class="1004" name="store_ln723_store_fu_1108">
<pin_list>
<pin id="1109" dir="0" index="0" bw="34" slack="0"/>
<pin id="1110" dir="0" index="1" bw="34" slack="4"/>
<pin id="1111" dir="1" index="2" bw="0" slack="2147483647"/>
</pin_list>
<bind>
<opcode="store(28) " fcode="store"/>
<opset="store_ln723/5 "/>
</bind>
</comp>

<comp id="1113" class="1004" name="store_ln723_store_fu_1113">
<pin_list>
<pin id="1114" dir="0" index="0" bw="34" slack="0"/>
<pin id="1115" dir="0" index="1" bw="34" slack="4"/>
<pin id="1116" dir="1" index="2" bw="0" slack="2147483647"/>
</pin_list>
<bind>
<opcode="store(28) " fcode="store"/>
<opset="store_ln723/5 "/>
</bind>
</comp>

<comp id="1118" class="1004" name="store_ln723_store_fu_1118">
<pin_list>
<pin id="1119" dir="0" index="0" bw="34" slack="0"/>
<pin id="1120" dir="0" index="1" bw="34" slack="4"/>
<pin id="1121" dir="1" index="2" bw="0" slack="2147483647"/>
</pin_list>
<bind>
<opcode="store(28) " fcode="store"/>
<opset="store_ln723/5 "/>
</bind>
</comp>

<comp id="1123" class="1004" name="store_ln723_store_fu_1123">
<pin_list>
<pin id="1124" dir="0" index="0" bw="34" slack="0"/>
<pin id="1125" dir="0" index="1" bw="34" slack="4"/>
<pin id="1126" dir="1" index="2" bw="0" slack="2147483647"/>
</pin_list>
<bind>
<opcode="store(28) " fcode="store"/>
<opset="store_ln723/5 "/>
</bind>
</comp>

<comp id="1128" class="1004" name="store_ln723_store_fu_1128">
<pin_list>
<pin id="1129" dir="0" index="0" bw="34" slack="0"/>
<pin id="1130" dir="0" index="1" bw="34" slack="4"/>
<pin id="1131" dir="1" index="2" bw="0" slack="2147483647"/>
</pin_list>
<bind>
<opcode="store(28) " fcode="store"/>
<opset="store_ln723/5 "/>
</bind>
</comp>

<comp id="1133" class="1004" name="G_load_load_fu_1133">
<pin_list>
<pin id="1134" dir="0" index="0" bw="34" slack="3"/>
<pin id="1135" dir="1" index="1" bw="34" slack="0"/>
</pin_list>
<bind>
<opcode="load(27) " fcode="load"/>
<opset="G_load/4 "/>
</bind>
</comp>

<comp id="1137" class="1004" name="G_1_load_load_fu_1137">
<pin_list>
<pin id="1138" dir="0" index="0" bw="34" slack="3"/>
<pin id="1139" dir="1" index="1" bw="34" slack="0"/>
</pin_list>
<bind>
<opcode="load(27) " fcode="load"/>
<opset="G_1_load/4 "/>
</bind>
</comp>

<comp id="1141" class="1004" name="G_2_load_load_fu_1141">
<pin_list>
<pin id="1142" dir="0" index="0" bw="34" slack="3"/>
<pin id="1143" dir="1" index="1" bw="34" slack="0"/>
</pin_list>
<bind>
<opcode="load(27) " fcode="load"/>
<opset="G_2_load/4 "/>
</bind>
</comp>

<comp id="1145" class="1004" name="G_3_load_load_fu_1145">
<pin_list>
<pin id="1146" dir="0" index="0" bw="34" slack="3"/>
<pin id="1147" dir="1" index="1" bw="34" slack="0"/>
</pin_list>
<bind>
<opcode="load(27) " fcode="load"/>
<opset="G_3_load/4 "/>
</bind>
</comp>

<comp id="1149" class="1004" name="G_4_load_load_fu_1149">
<pin_list>
<pin id="1150" dir="0" index="0" bw="34" slack="3"/>
<pin id="1151" dir="1" index="1" bw="34" slack="0"/>
</pin_list>
<bind>
<opcode="load(27) " fcode="load"/>
<opset="G_4_load/4 "/>
</bind>
</comp>

<comp id="1153" class="1004" name="G_5_load_load_fu_1153">
<pin_list>
<pin id="1154" dir="0" index="0" bw="34" slack="3"/>
<pin id="1155" dir="1" index="1" bw="34" slack="0"/>
</pin_list>
<bind>
<opcode="load(27) " fcode="load"/>
<opset="G_5_load/4 "/>
</bind>
</comp>

<comp id="1157" class="1004" name="G_6_load_load_fu_1157">
<pin_list>
<pin id="1158" dir="0" index="0" bw="34" slack="3"/>
<pin id="1159" dir="1" index="1" bw="34" slack="0"/>
</pin_list>
<bind>
<opcode="load(27) " fcode="load"/>
<opset="G_6_load/4 "/>
</bind>
</comp>

<comp id="1161" class="1004" name="G_7_load_load_fu_1161">
<pin_list>
<pin id="1162" dir="0" index="0" bw="34" slack="3"/>
<pin id="1163" dir="1" index="1" bw="34" slack="0"/>
</pin_list>
<bind>
<opcode="load(27) " fcode="load"/>
<opset="G_7_load/4 "/>
</bind>
</comp>

<comp id="1165" class="1004" name="G_8_load_load_fu_1165">
<pin_list>
<pin id="1166" dir="0" index="0" bw="34" slack="3"/>
<pin id="1167" dir="1" index="1" bw="34" slack="0"/>
</pin_list>
<bind>
<opcode="load(27) " fcode="load"/>
<opset="G_8_load/4 "/>
</bind>
</comp>

<comp id="1169" class="1004" name="G_9_load_load_fu_1169">
<pin_list>
<pin id="1170" dir="0" index="0" bw="34" slack="3"/>
<pin id="1171" dir="1" index="1" bw="34" slack="0"/>
</pin_list>
<bind>
<opcode="load(27) " fcode="load"/>
<opset="G_9_load/4 "/>
</bind>
</comp>

<comp id="1173" class="1004" name="G_10_load_load_fu_1173">
<pin_list>
<pin id="1174" dir="0" index="0" bw="34" slack="3"/>
<pin id="1175" dir="1" index="1" bw="34" slack="0"/>
</pin_list>
<bind>
<opcode="load(27) " fcode="load"/>
<opset="G_10_load/4 "/>
</bind>
</comp>

<comp id="1177" class="1004" name="G_11_load_load_fu_1177">
<pin_list>
<pin id="1178" dir="0" index="0" bw="34" slack="3"/>
<pin id="1179" dir="1" index="1" bw="34" slack="0"/>
</pin_list>
<bind>
<opcode="load(27) " fcode="load"/>
<opset="G_11_load/4 "/>
</bind>
</comp>

<comp id="1181" class="1005" name="j_1_reg_1181">
<pin_list>
<pin id="1182" dir="0" index="0" bw="3" slack="0"/>
<pin id="1183" dir="1" index="1" bw="3" slack="0"/>
</pin_list>
<bind>
<opset="j_1 "/>
</bind>
</comp>

<comp id="1188" class="1005" name="a_reg_1188">
<pin_list>
<pin id="1189" dir="0" index="0" bw="2" slack="0"/>
<pin id="1190" dir="1" index="1" bw="2" slack="0"/>
</pin_list>
<bind>
<opset="a "/>
</bind>
</comp>

<comp id="1195" class="1005" name="indvar_flatten_reg_1195">
<pin_list>
<pin id="1196" dir="0" index="0" bw="4" slack="0"/>
<pin id="1197" dir="1" index="1" bw="4" slack="0"/>
</pin_list>
<bind>
<opset="indvar_flatten "/>
</bind>
</comp>

<comp id="1202" class="1005" name="G_reg_1202">
<pin_list>
<pin id="1203" dir="0" index="0" bw="34" slack="3"/>
<pin id="1204" dir="1" index="1" bw="34" slack="3"/>
</pin_list>
<bind>
<opset="G "/>
</bind>
</comp>

<comp id="1208" class="1005" name="G_1_reg_1208">
<pin_list>
<pin id="1209" dir="0" index="0" bw="34" slack="3"/>
<pin id="1210" dir="1" index="1" bw="34" slack="3"/>
</pin_list>
<bind>
<opset="G_1 "/>
</bind>
</comp>

<comp id="1214" class="1005" name="G_2_reg_1214">
<pin_list>
<pin id="1215" dir="0" index="0" bw="34" slack="3"/>
<pin id="1216" dir="1" index="1" bw="34" slack="3"/>
</pin_list>
<bind>
<opset="G_2 "/>
</bind>
</comp>

<comp id="1220" class="1005" name="G_3_reg_1220">
<pin_list>
<pin id="1221" dir="0" index="0" bw="34" slack="3"/>
<pin id="1222" dir="1" index="1" bw="34" slack="3"/>
</pin_list>
<bind>
<opset="G_3 "/>
</bind>
</comp>

<comp id="1226" class="1005" name="G_4_reg_1226">
<pin_list>
<pin id="1227" dir="0" index="0" bw="34" slack="3"/>
<pin id="1228" dir="1" index="1" bw="34" slack="3"/>
</pin_list>
<bind>
<opset="G_4 "/>
</bind>
</comp>

<comp id="1232" class="1005" name="G_5_reg_1232">
<pin_list>
<pin id="1233" dir="0" index="0" bw="34" slack="3"/>
<pin id="1234" dir="1" index="1" bw="34" slack="3"/>
</pin_list>
<bind>
<opset="G_5 "/>
</bind>
</comp>

<comp id="1238" class="1005" name="G_6_reg_1238">
<pin_list>
<pin id="1239" dir="0" index="0" bw="34" slack="3"/>
<pin id="1240" dir="1" index="1" bw="34" slack="3"/>
</pin_list>
<bind>
<opset="G_6 "/>
</bind>
</comp>

<comp id="1244" class="1005" name="G_7_reg_1244">
<pin_list>
<pin id="1245" dir="0" index="0" bw="34" slack="3"/>
<pin id="1246" dir="1" index="1" bw="34" slack="3"/>
</pin_list>
<bind>
<opset="G_7 "/>
</bind>
</comp>

<comp id="1250" class="1005" name="G_8_reg_1250">
<pin_list>
<pin id="1251" dir="0" index="0" bw="34" slack="3"/>
<pin id="1252" dir="1" index="1" bw="34" slack="3"/>
</pin_list>
<bind>
<opset="G_8 "/>
</bind>
</comp>

<comp id="1256" class="1005" name="G_9_reg_1256">
<pin_list>
<pin id="1257" dir="0" index="0" bw="34" slack="3"/>
<pin id="1258" dir="1" index="1" bw="34" slack="3"/>
</pin_list>
<bind>
<opset="G_9 "/>
</bind>
</comp>

<comp id="1262" class="1005" name="G_10_reg_1262">
<pin_list>
<pin id="1263" dir="0" index="0" bw="34" slack="3"/>
<pin id="1264" dir="1" index="1" bw="34" slack="3"/>
</pin_list>
<bind>
<opset="G_10 "/>
</bind>
</comp>

<comp id="1268" class="1005" name="G_11_reg_1268">
<pin_list>
<pin id="1269" dir="0" index="0" bw="34" slack="3"/>
<pin id="1270" dir="1" index="1" bw="34" slack="3"/>
</pin_list>
<bind>
<opset="G_11 "/>
</bind>
</comp>

<comp id="1274" class="1005" name="step_data_0_5_5_load_read_reg_1274">
<pin_list>
<pin id="1275" dir="0" index="0" bw="32" slack="1"/>
<pin id="1276" dir="1" index="1" bw="32" slack="1"/>
</pin_list>
<bind>
<opset="step_data_0_5_5_load_read "/>
</bind>
</comp>

<comp id="1279" class="1005" name="step_data_0_5_4_load_read_reg_1279">
<pin_list>
<pin id="1280" dir="0" index="0" bw="32" slack="1"/>
<pin id="1281" dir="1" index="1" bw="32" slack="1"/>
</pin_list>
<bind>
<opset="step_data_0_5_4_load_read "/>
</bind>
</comp>

<comp id="1284" class="1005" name="step_data_0_5_3_load_read_reg_1284">
<pin_list>
<pin id="1285" dir="0" index="0" bw="32" slack="1"/>
<pin id="1286" dir="1" index="1" bw="32" slack="1"/>
</pin_list>
<bind>
<opset="step_data_0_5_3_load_read "/>
</bind>
</comp>

<comp id="1289" class="1005" name="step_data_0_5_2_load_read_reg_1289">
<pin_list>
<pin id="1290" dir="0" index="0" bw="32" slack="1"/>
<pin id="1291" dir="1" index="1" bw="32" slack="1"/>
</pin_list>
<bind>
<opset="step_data_0_5_2_load_read "/>
</bind>
</comp>

<comp id="1294" class="1005" name="step_data_0_5_1_load_read_reg_1294">
<pin_list>
<pin id="1295" dir="0" index="0" bw="32" slack="1"/>
<pin id="1296" dir="1" index="1" bw="32" slack="1"/>
</pin_list>
<bind>
<opset="step_data_0_5_1_load_read "/>
</bind>
</comp>

<comp id="1299" class="1005" name="step_data_0_5_0_load_read_reg_1299">
<pin_list>
<pin id="1300" dir="0" index="0" bw="32" slack="1"/>
<pin id="1301" dir="1" index="1" bw="32" slack="1"/>
</pin_list>
<bind>
<opset="step_data_0_5_0_load_read "/>
</bind>
</comp>

<comp id="1304" class="1005" name="step_data_0_4_5_load_read_reg_1304">
<pin_list>
<pin id="1305" dir="0" index="0" bw="32" slack="1"/>
<pin id="1306" dir="1" index="1" bw="32" slack="1"/>
</pin_list>
<bind>
<opset="step_data_0_4_5_load_read "/>
</bind>
</comp>

<comp id="1309" class="1005" name="step_data_0_4_4_load_read_reg_1309">
<pin_list>
<pin id="1310" dir="0" index="0" bw="32" slack="1"/>
<pin id="1311" dir="1" index="1" bw="32" slack="1"/>
</pin_list>
<bind>
<opset="step_data_0_4_4_load_read "/>
</bind>
</comp>

<comp id="1314" class="1005" name="step_data_0_4_3_load_read_reg_1314">
<pin_list>
<pin id="1315" dir="0" index="0" bw="32" slack="1"/>
<pin id="1316" dir="1" index="1" bw="32" slack="1"/>
</pin_list>
<bind>
<opset="step_data_0_4_3_load_read "/>
</bind>
</comp>

<comp id="1319" class="1005" name="step_data_0_4_2_load_read_reg_1319">
<pin_list>
<pin id="1320" dir="0" index="0" bw="32" slack="1"/>
<pin id="1321" dir="1" index="1" bw="32" slack="1"/>
</pin_list>
<bind>
<opset="step_data_0_4_2_load_read "/>
</bind>
</comp>

<comp id="1324" class="1005" name="step_data_0_4_1_load_read_reg_1324">
<pin_list>
<pin id="1325" dir="0" index="0" bw="32" slack="1"/>
<pin id="1326" dir="1" index="1" bw="32" slack="1"/>
</pin_list>
<bind>
<opset="step_data_0_4_1_load_read "/>
</bind>
</comp>

<comp id="1329" class="1005" name="step_data_0_4_0_load_read_reg_1329">
<pin_list>
<pin id="1330" dir="0" index="0" bw="32" slack="1"/>
<pin id="1331" dir="1" index="1" bw="32" slack="1"/>
</pin_list>
<bind>
<opset="step_data_0_4_0_load_read "/>
</bind>
</comp>

<comp id="1334" class="1005" name="step_data_0_3_5_load_read_reg_1334">
<pin_list>
<pin id="1335" dir="0" index="0" bw="32" slack="1"/>
<pin id="1336" dir="1" index="1" bw="32" slack="1"/>
</pin_list>
<bind>
<opset="step_data_0_3_5_load_read "/>
</bind>
</comp>

<comp id="1339" class="1005" name="step_data_0_3_4_load_read_reg_1339">
<pin_list>
<pin id="1340" dir="0" index="0" bw="32" slack="1"/>
<pin id="1341" dir="1" index="1" bw="32" slack="1"/>
</pin_list>
<bind>
<opset="step_data_0_3_4_load_read "/>
</bind>
</comp>

<comp id="1344" class="1005" name="step_data_0_3_3_load_read_reg_1344">
<pin_list>
<pin id="1345" dir="0" index="0" bw="32" slack="1"/>
<pin id="1346" dir="1" index="1" bw="32" slack="1"/>
</pin_list>
<bind>
<opset="step_data_0_3_3_load_read "/>
</bind>
</comp>

<comp id="1349" class="1005" name="step_data_0_3_2_load_read_reg_1349">
<pin_list>
<pin id="1350" dir="0" index="0" bw="32" slack="1"/>
<pin id="1351" dir="1" index="1" bw="32" slack="1"/>
</pin_list>
<bind>
<opset="step_data_0_3_2_load_read "/>
</bind>
</comp>

<comp id="1354" class="1005" name="step_data_0_3_1_load_read_reg_1354">
<pin_list>
<pin id="1355" dir="0" index="0" bw="32" slack="1"/>
<pin id="1356" dir="1" index="1" bw="32" slack="1"/>
</pin_list>
<bind>
<opset="step_data_0_3_1_load_read "/>
</bind>
</comp>

<comp id="1359" class="1005" name="step_data_0_3_0_load_read_reg_1359">
<pin_list>
<pin id="1360" dir="0" index="0" bw="32" slack="1"/>
<pin id="1361" dir="1" index="1" bw="32" slack="1"/>
</pin_list>
<bind>
<opset="step_data_0_3_0_load_read "/>
</bind>
</comp>

<comp id="1364" class="1005" name="step_data_0_2_5_load_read_reg_1364">
<pin_list>
<pin id="1365" dir="0" index="0" bw="32" slack="1"/>
<pin id="1366" dir="1" index="1" bw="32" slack="1"/>
</pin_list>
<bind>
<opset="step_data_0_2_5_load_read "/>
</bind>
</comp>

<comp id="1369" class="1005" name="step_data_0_2_4_load_read_reg_1369">
<pin_list>
<pin id="1370" dir="0" index="0" bw="32" slack="1"/>
<pin id="1371" dir="1" index="1" bw="32" slack="1"/>
</pin_list>
<bind>
<opset="step_data_0_2_4_load_read "/>
</bind>
</comp>

<comp id="1374" class="1005" name="step_data_0_2_3_load_read_reg_1374">
<pin_list>
<pin id="1375" dir="0" index="0" bw="32" slack="1"/>
<pin id="1376" dir="1" index="1" bw="32" slack="1"/>
</pin_list>
<bind>
<opset="step_data_0_2_3_load_read "/>
</bind>
</comp>

<comp id="1379" class="1005" name="step_data_0_2_2_load_read_reg_1379">
<pin_list>
<pin id="1380" dir="0" index="0" bw="32" slack="1"/>
<pin id="1381" dir="1" index="1" bw="32" slack="1"/>
</pin_list>
<bind>
<opset="step_data_0_2_2_load_read "/>
</bind>
</comp>

<comp id="1384" class="1005" name="step_data_0_2_1_load_read_reg_1384">
<pin_list>
<pin id="1385" dir="0" index="0" bw="32" slack="1"/>
<pin id="1386" dir="1" index="1" bw="32" slack="1"/>
</pin_list>
<bind>
<opset="step_data_0_2_1_load_read "/>
</bind>
</comp>

<comp id="1389" class="1005" name="step_data_0_2_0_load_read_reg_1389">
<pin_list>
<pin id="1390" dir="0" index="0" bw="32" slack="1"/>
<pin id="1391" dir="1" index="1" bw="32" slack="1"/>
</pin_list>
<bind>
<opset="step_data_0_2_0_load_read "/>
</bind>
</comp>

<comp id="1394" class="1005" name="step_data_0_1_5_load_read_reg_1394">
<pin_list>
<pin id="1395" dir="0" index="0" bw="32" slack="1"/>
<pin id="1396" dir="1" index="1" bw="32" slack="1"/>
</pin_list>
<bind>
<opset="step_data_0_1_5_load_read "/>
</bind>
</comp>

<comp id="1399" class="1005" name="step_data_0_1_4_load_read_reg_1399">
<pin_list>
<pin id="1400" dir="0" index="0" bw="32" slack="1"/>
<pin id="1401" dir="1" index="1" bw="32" slack="1"/>
</pin_list>
<bind>
<opset="step_data_0_1_4_load_read "/>
</bind>
</comp>

<comp id="1404" class="1005" name="step_data_0_1_3_load_read_reg_1404">
<pin_list>
<pin id="1405" dir="0" index="0" bw="32" slack="1"/>
<pin id="1406" dir="1" index="1" bw="32" slack="1"/>
</pin_list>
<bind>
<opset="step_data_0_1_3_load_read "/>
</bind>
</comp>

<comp id="1409" class="1005" name="step_data_0_1_2_load_read_reg_1409">
<pin_list>
<pin id="1410" dir="0" index="0" bw="32" slack="1"/>
<pin id="1411" dir="1" index="1" bw="32" slack="1"/>
</pin_list>
<bind>
<opset="step_data_0_1_2_load_read "/>
</bind>
</comp>

<comp id="1414" class="1005" name="step_data_0_1_1_load_read_reg_1414">
<pin_list>
<pin id="1415" dir="0" index="0" bw="32" slack="1"/>
<pin id="1416" dir="1" index="1" bw="32" slack="1"/>
</pin_list>
<bind>
<opset="step_data_0_1_1_load_read "/>
</bind>
</comp>

<comp id="1419" class="1005" name="step_data_0_1_0_load_read_reg_1419">
<pin_list>
<pin id="1420" dir="0" index="0" bw="32" slack="1"/>
<pin id="1421" dir="1" index="1" bw="32" slack="1"/>
</pin_list>
<bind>
<opset="step_data_0_1_0_load_read "/>
</bind>
</comp>

<comp id="1424" class="1005" name="step_data_0_0_5_load_read_reg_1424">
<pin_list>
<pin id="1425" dir="0" index="0" bw="32" slack="1"/>
<pin id="1426" dir="1" index="1" bw="32" slack="1"/>
</pin_list>
<bind>
<opset="step_data_0_0_5_load_read "/>
</bind>
</comp>

<comp id="1429" class="1005" name="step_data_0_0_4_load_read_reg_1429">
<pin_list>
<pin id="1430" dir="0" index="0" bw="32" slack="1"/>
<pin id="1431" dir="1" index="1" bw="32" slack="1"/>
</pin_list>
<bind>
<opset="step_data_0_0_4_load_read "/>
</bind>
</comp>

<comp id="1434" class="1005" name="step_data_0_0_3_load_read_reg_1434">
<pin_list>
<pin id="1435" dir="0" index="0" bw="32" slack="1"/>
<pin id="1436" dir="1" index="1" bw="32" slack="1"/>
</pin_list>
<bind>
<opset="step_data_0_0_3_load_read "/>
</bind>
</comp>

<comp id="1439" class="1005" name="step_data_0_0_2_load_read_reg_1439">
<pin_list>
<pin id="1440" dir="0" index="0" bw="32" slack="1"/>
<pin id="1441" dir="1" index="1" bw="32" slack="1"/>
</pin_list>
<bind>
<opset="step_data_0_0_2_load_read "/>
</bind>
</comp>

<comp id="1444" class="1005" name="step_data_0_0_1_load_read_reg_1444">
<pin_list>
<pin id="1445" dir="0" index="0" bw="32" slack="1"/>
<pin id="1446" dir="1" index="1" bw="32" slack="1"/>
</pin_list>
<bind>
<opset="step_data_0_0_1_load_read "/>
</bind>
</comp>

<comp id="1449" class="1005" name="step_data_0_0_0_load_read_reg_1449">
<pin_list>
<pin id="1450" dir="0" index="0" bw="32" slack="1"/>
<pin id="1451" dir="1" index="1" bw="32" slack="1"/>
</pin_list>
<bind>
<opset="step_data_0_0_0_load_read "/>
</bind>
</comp>

<comp id="1454" class="1005" name="M_18_read_reg_1454">
<pin_list>
<pin id="1455" dir="0" index="0" bw="34" slack="1"/>
<pin id="1456" dir="1" index="1" bw="34" slack="1"/>
</pin_list>
<bind>
<opset="M_18_read "/>
</bind>
</comp>

<comp id="1459" class="1005" name="M_16_read_reg_1459">
<pin_list>
<pin id="1460" dir="0" index="0" bw="34" slack="1"/>
<pin id="1461" dir="1" index="1" bw="34" slack="1"/>
</pin_list>
<bind>
<opset="M_16_read "/>
</bind>
</comp>

<comp id="1464" class="1005" name="M_14_read_reg_1464">
<pin_list>
<pin id="1465" dir="0" index="0" bw="34" slack="1"/>
<pin id="1466" dir="1" index="1" bw="34" slack="1"/>
</pin_list>
<bind>
<opset="M_14_read "/>
</bind>
</comp>

<comp id="1469" class="1005" name="M_12_read_reg_1469">
<pin_list>
<pin id="1470" dir="0" index="0" bw="34" slack="1"/>
<pin id="1471" dir="1" index="1" bw="34" slack="1"/>
</pin_list>
<bind>
<opset="M_12_read "/>
</bind>
</comp>

<comp id="1474" class="1005" name="M_2_read_reg_1474">
<pin_list>
<pin id="1475" dir="0" index="0" bw="34" slack="1"/>
<pin id="1476" dir="1" index="1" bw="34" slack="1"/>
</pin_list>
<bind>
<opset="M_2_read "/>
</bind>
</comp>

<comp id="1479" class="1005" name="M_read_reg_1479">
<pin_list>
<pin id="1480" dir="0" index="0" bw="34" slack="1"/>
<pin id="1481" dir="1" index="1" bw="34" slack="1"/>
</pin_list>
<bind>
<opset="M_read "/>
</bind>
</comp>

<comp id="1484" class="1005" name="sext_ln167_6_cast_reg_1484">
<pin_list>
<pin id="1485" dir="0" index="0" bw="34" slack="1"/>
<pin id="1486" dir="1" index="1" bw="34" slack="1"/>
</pin_list>
<bind>
<opset="sext_ln167_6_cast "/>
</bind>
</comp>

<comp id="1489" class="1005" name="sext_ln167_5_cast_reg_1489">
<pin_list>
<pin id="1490" dir="0" index="0" bw="34" slack="1"/>
<pin id="1491" dir="1" index="1" bw="34" slack="1"/>
</pin_list>
<bind>
<opset="sext_ln167_5_cast "/>
</bind>
</comp>

<comp id="1494" class="1005" name="sext_ln167_4_cast_reg_1494">
<pin_list>
<pin id="1495" dir="0" index="0" bw="34" slack="1"/>
<pin id="1496" dir="1" index="1" bw="34" slack="1"/>
</pin_list>
<bind>
<opset="sext_ln167_4_cast "/>
</bind>
</comp>

<comp id="1499" class="1005" name="sext_ln167_3_cast_reg_1499">
<pin_list>
<pin id="1500" dir="0" index="0" bw="34" slack="1"/>
<pin id="1501" dir="1" index="1" bw="34" slack="1"/>
</pin_list>
<bind>
<opset="sext_ln167_3_cast "/>
</bind>
</comp>

<comp id="1504" class="1005" name="sext_ln167_2_cast_reg_1504">
<pin_list>
<pin id="1505" dir="0" index="0" bw="34" slack="1"/>
<pin id="1506" dir="1" index="1" bw="34" slack="1"/>
</pin_list>
<bind>
<opset="sext_ln167_2_cast "/>
</bind>
</comp>

<comp id="1509" class="1005" name="sext_ln167_1_cast_reg_1509">
<pin_list>
<pin id="1510" dir="0" index="0" bw="34" slack="1"/>
<pin id="1511" dir="1" index="1" bw="34" slack="1"/>
</pin_list>
<bind>
<opset="sext_ln167_1_cast "/>
</bind>
</comp>

<comp id="1514" class="1005" name="icmp_ln726_reg_1514">
<pin_list>
<pin id="1515" dir="0" index="0" bw="1" slack="3"/>
<pin id="1516" dir="1" index="1" bw="1" slack="2147483647"/>
</pin_list>
<bind>
<opset="icmp_ln726 "/>
</bind>
</comp>

<comp id="1518" class="1005" name="select_ln723_reg_1518">
<pin_list>
<pin id="1519" dir="0" index="0" bw="3" slack="3"/>
<pin id="1520" dir="1" index="1" bw="3" slack="2147483647"/>
</pin_list>
<bind>
<opset="select_ln723 "/>
</bind>
</comp>

<comp id="1522" class="1005" name="a_41_cast87_reg_1522">
<pin_list>
<pin id="1523" dir="0" index="0" bw="52" slack="1"/>
<pin id="1524" dir="1" index="1" bw="52" slack="1"/>
</pin_list>
<bind>
<opset="a_41_cast87 "/>
</bind>
</comp>

<comp id="1527" class="1005" name="a_1_cast89_reg_1527">
<pin_list>
<pin id="1528" dir="0" index="0" bw="52" slack="1"/>
<pin id="1529" dir="1" index="1" bw="52" slack="1"/>
</pin_list>
<bind>
<opset="a_1_cast89 "/>
</bind>
</comp>

<comp id="1532" class="1005" name="a_2_cast91_reg_1532">
<pin_list>
<pin id="1533" dir="0" index="0" bw="52" slack="1"/>
<pin id="1534" dir="1" index="1" bw="52" slack="1"/>
</pin_list>
<bind>
<opset="a_2_cast91 "/>
</bind>
</comp>

<comp id="1537" class="1005" name="a_3_cast93_reg_1537">
<pin_list>
<pin id="1538" dir="0" index="0" bw="52" slack="1"/>
<pin id="1539" dir="1" index="1" bw="52" slack="1"/>
</pin_list>
<bind>
<opset="a_3_cast93 "/>
</bind>
</comp>

<comp id="1542" class="1005" name="a_4_cast95_reg_1542">
<pin_list>
<pin id="1543" dir="0" index="0" bw="52" slack="1"/>
<pin id="1544" dir="1" index="1" bw="52" slack="1"/>
</pin_list>
<bind>
<opset="a_4_cast95 "/>
</bind>
</comp>

<comp id="1547" class="1005" name="sext_ln736_reg_1547">
<pin_list>
<pin id="1548" dir="0" index="0" bw="52" slack="1"/>
<pin id="1549" dir="1" index="1" bw="52" slack="1"/>
</pin_list>
<bind>
<opset="sext_ln736 "/>
</bind>
</comp>

<comp id="1552" class="1005" name="icmp_ln736_reg_1552">
<pin_list>
<pin id="1553" dir="0" index="0" bw="1" slack="3"/>
<pin id="1554" dir="1" index="1" bw="1" slack="2147483647"/>
</pin_list>
<bind>
<opset="icmp_ln736 "/>
</bind>
</comp>

<comp id="1556" class="1005" name="sext_ln275_reg_1556">
<pin_list>
<pin id="1557" dir="0" index="0" bw="52" slack="1"/>
<pin id="1558" dir="1" index="1" bw="52" slack="1"/>
</pin_list>
<bind>
<opset="sext_ln275 "/>
</bind>
</comp>

<comp id="1561" class="1005" name="sext_ln275_1_reg_1561">
<pin_list>
<pin id="1562" dir="0" index="0" bw="52" slack="1"/>
<pin id="1563" dir="1" index="1" bw="52" slack="1"/>
</pin_list>
<bind>
<opset="sext_ln275_1 "/>
</bind>
</comp>

<comp id="1566" class="1005" name="sext_ln275_2_reg_1566">
<pin_list>
<pin id="1567" dir="0" index="0" bw="52" slack="1"/>
<pin id="1568" dir="1" index="1" bw="52" slack="1"/>
</pin_list>
<bind>
<opset="sext_ln275_2 "/>
</bind>
</comp>

<comp id="1571" class="1005" name="sext_ln275_3_reg_1571">
<pin_list>
<pin id="1572" dir="0" index="0" bw="52" slack="1"/>
<pin id="1573" dir="1" index="1" bw="52" slack="1"/>
</pin_list>
<bind>
<opset="sext_ln275_3 "/>
</bind>
</comp>

<comp id="1576" class="1005" name="sext_ln275_4_reg_1576">
<pin_list>
<pin id="1577" dir="0" index="0" bw="52" slack="1"/>
<pin id="1578" dir="1" index="1" bw="52" slack="1"/>
</pin_list>
<bind>
<opset="sext_ln275_4 "/>
</bind>
</comp>

<comp id="1581" class="1005" name="sext_ln275_5_reg_1581">
<pin_list>
<pin id="1582" dir="0" index="0" bw="52" slack="1"/>
<pin id="1583" dir="1" index="1" bw="52" slack="1"/>
</pin_list>
<bind>
<opset="sext_ln275_5 "/>
</bind>
</comp>

</comp_list>

<net_list>
<net id="207"><net_src comp="120" pin="0"/><net_sink comp="204" pin=0"/></net>

<net id="211"><net_src comp="120" pin="0"/><net_sink comp="208" pin=0"/></net>

<net id="215"><net_src comp="120" pin="0"/><net_sink comp="212" pin=0"/></net>

<net id="219"><net_src comp="120" pin="0"/><net_sink comp="216" pin=0"/></net>

<net id="223"><net_src comp="120" pin="0"/><net_sink comp="220" pin=0"/></net>

<net id="227"><net_src comp="120" pin="0"/><net_sink comp="224" pin=0"/></net>

<net id="231"><net_src comp="120" pin="0"/><net_sink comp="228" pin=0"/></net>

<net id="235"><net_src comp="120" pin="0"/><net_sink comp="232" pin=0"/></net>

<net id="239"><net_src comp="120" pin="0"/><net_sink comp="236" pin=0"/></net>

<net id="243"><net_src comp="120" pin="0"/><net_sink comp="240" pin=0"/></net>

<net id="247"><net_src comp="120" pin="0"/><net_sink comp="244" pin=0"/></net>

<net id="251"><net_src comp="120" pin="0"/><net_sink comp="248" pin=0"/></net>

<net id="255"><net_src comp="120" pin="0"/><net_sink comp="252" pin=0"/></net>

<net id="259"><net_src comp="120" pin="0"/><net_sink comp="256" pin=0"/></net>

<net id="263"><net_src comp="120" pin="0"/><net_sink comp="260" pin=0"/></net>

<net id="268"><net_src comp="122" pin="0"/><net_sink comp="264" pin=0"/></net>

<net id="269"><net_src comp="94" pin="0"/><net_sink comp="264" pin=1"/></net>

<net id="274"><net_src comp="122" pin="0"/><net_sink comp="270" pin=0"/></net>

<net id="275"><net_src comp="92" pin="0"/><net_sink comp="270" pin=1"/></net>

<net id="280"><net_src comp="122" pin="0"/><net_sink comp="276" pin=0"/></net>

<net id="281"><net_src comp="90" pin="0"/><net_sink comp="276" pin=1"/></net>

<net id="286"><net_src comp="122" pin="0"/><net_sink comp="282" pin=0"/></net>

<net id="287"><net_src comp="88" pin="0"/><net_sink comp="282" pin=1"/></net>

<net id="292"><net_src comp="122" pin="0"/><net_sink comp="288" pin=0"/></net>

<net id="293"><net_src comp="86" pin="0"/><net_sink comp="288" pin=1"/></net>

<net id="298"><net_src comp="122" pin="0"/><net_sink comp="294" pin=0"/></net>

<net id="299"><net_src comp="84" pin="0"/><net_sink comp="294" pin=1"/></net>

<net id="304"><net_src comp="122" pin="0"/><net_sink comp="300" pin=0"/></net>

<net id="305"><net_src comp="82" pin="0"/><net_sink comp="300" pin=1"/></net>

<net id="310"><net_src comp="122" pin="0"/><net_sink comp="306" pin=0"/></net>

<net id="311"><net_src comp="80" pin="0"/><net_sink comp="306" pin=1"/></net>

<net id="316"><net_src comp="122" pin="0"/><net_sink comp="312" pin=0"/></net>

<net id="317"><net_src comp="78" pin="0"/><net_sink comp="312" pin=1"/></net>

<net id="322"><net_src comp="122" pin="0"/><net_sink comp="318" pin=0"/></net>

<net id="323"><net_src comp="76" pin="0"/><net_sink comp="318" pin=1"/></net>

<net id="328"><net_src comp="122" pin="0"/><net_sink comp="324" pin=0"/></net>

<net id="329"><net_src comp="74" pin="0"/><net_sink comp="324" pin=1"/></net>

<net id="334"><net_src comp="122" pin="0"/><net_sink comp="330" pin=0"/></net>

<net id="335"><net_src comp="72" pin="0"/><net_sink comp="330" pin=1"/></net>

<net id="340"><net_src comp="122" pin="0"/><net_sink comp="336" pin=0"/></net>

<net id="341"><net_src comp="70" pin="0"/><net_sink comp="336" pin=1"/></net>

<net id="346"><net_src comp="122" pin="0"/><net_sink comp="342" pin=0"/></net>

<net id="347"><net_src comp="68" pin="0"/><net_sink comp="342" pin=1"/></net>

<net id="352"><net_src comp="122" pin="0"/><net_sink comp="348" pin=0"/></net>

<net id="353"><net_src comp="66" pin="0"/><net_sink comp="348" pin=1"/></net>

<net id="358"><net_src comp="122" pin="0"/><net_sink comp="354" pin=0"/></net>

<net id="359"><net_src comp="64" pin="0"/><net_sink comp="354" pin=1"/></net>

<net id="364"><net_src comp="122" pin="0"/><net_sink comp="360" pin=0"/></net>

<net id="365"><net_src comp="62" pin="0"/><net_sink comp="360" pin=1"/></net>

<net id="370"><net_src comp="122" pin="0"/><net_sink comp="366" pin=0"/></net>

<net id="371"><net_src comp="60" pin="0"/><net_sink comp="366" pin=1"/></net>

<net id="376"><net_src comp="122" pin="0"/><net_sink comp="372" pin=0"/></net>

<net id="377"><net_src comp="58" pin="0"/><net_sink comp="372" pin=1"/></net>

<net id="382"><net_src comp="122" pin="0"/><net_sink comp="378" pin=0"/></net>

<net id="383"><net_src comp="56" pin="0"/><net_sink comp="378" pin=1"/></net>

<net id="388"><net_src comp="122" pin="0"/><net_sink comp="384" pin=0"/></net>

<net id="389"><net_src comp="54" pin="0"/><net_sink comp="384" pin=1"/></net>

<net id="394"><net_src comp="122" pin="0"/><net_sink comp="390" pin=0"/></net>

<net id="395"><net_src comp="52" pin="0"/><net_sink comp="390" pin=1"/></net>

<net id="400"><net_src comp="122" pin="0"/><net_sink comp="396" pin=0"/></net>

<net id="401"><net_src comp="50" pin="0"/><net_sink comp="396" pin=1"/></net>

<net id="406"><net_src comp="122" pin="0"/><net_sink comp="402" pin=0"/></net>

<net id="407"><net_src comp="48" pin="0"/><net_sink comp="402" pin=1"/></net>

<net id="412"><net_src comp="122" pin="0"/><net_sink comp="408" pin=0"/></net>

<net id="413"><net_src comp="46" pin="0"/><net_sink comp="408" pin=1"/></net>

<net id="418"><net_src comp="122" pin="0"/><net_sink comp="414" pin=0"/></net>

<net id="419"><net_src comp="44" pin="0"/><net_sink comp="414" pin=1"/></net>

<net id="424"><net_src comp="122" pin="0"/><net_sink comp="420" pin=0"/></net>

<net id="425"><net_src comp="42" pin="0"/><net_sink comp="420" pin=1"/></net>

<net id="430"><net_src comp="122" pin="0"/><net_sink comp="426" pin=0"/></net>

<net id="431"><net_src comp="40" pin="0"/><net_sink comp="426" pin=1"/></net>

<net id="436"><net_src comp="122" pin="0"/><net_sink comp="432" pin=0"/></net>

<net id="437"><net_src comp="38" pin="0"/><net_sink comp="432" pin=1"/></net>

<net id="442"><net_src comp="122" pin="0"/><net_sink comp="438" pin=0"/></net>

<net id="443"><net_src comp="36" pin="0"/><net_sink comp="438" pin=1"/></net>

<net id="448"><net_src comp="122" pin="0"/><net_sink comp="444" pin=0"/></net>

<net id="449"><net_src comp="34" pin="0"/><net_sink comp="444" pin=1"/></net>

<net id="454"><net_src comp="122" pin="0"/><net_sink comp="450" pin=0"/></net>

<net id="455"><net_src comp="32" pin="0"/><net_sink comp="450" pin=1"/></net>

<net id="460"><net_src comp="122" pin="0"/><net_sink comp="456" pin=0"/></net>

<net id="461"><net_src comp="30" pin="0"/><net_sink comp="456" pin=1"/></net>

<net id="466"><net_src comp="122" pin="0"/><net_sink comp="462" pin=0"/></net>

<net id="467"><net_src comp="28" pin="0"/><net_sink comp="462" pin=1"/></net>

<net id="472"><net_src comp="122" pin="0"/><net_sink comp="468" pin=0"/></net>

<net id="473"><net_src comp="26" pin="0"/><net_sink comp="468" pin=1"/></net>

<net id="478"><net_src comp="122" pin="0"/><net_sink comp="474" pin=0"/></net>

<net id="479"><net_src comp="24" pin="0"/><net_sink comp="474" pin=1"/></net>

<net id="484"><net_src comp="124" pin="0"/><net_sink comp="480" pin=0"/></net>

<net id="485"><net_src comp="22" pin="0"/><net_sink comp="480" pin=1"/></net>

<net id="490"><net_src comp="126" pin="0"/><net_sink comp="486" pin=0"/></net>

<net id="491"><net_src comp="20" pin="0"/><net_sink comp="486" pin=1"/></net>

<net id="496"><net_src comp="124" pin="0"/><net_sink comp="492" pin=0"/></net>

<net id="497"><net_src comp="18" pin="0"/><net_sink comp="492" pin=1"/></net>

<net id="502"><net_src comp="126" pin="0"/><net_sink comp="498" pin=0"/></net>

<net id="503"><net_src comp="16" pin="0"/><net_sink comp="498" pin=1"/></net>

<net id="508"><net_src comp="124" pin="0"/><net_sink comp="504" pin=0"/></net>

<net id="509"><net_src comp="14" pin="0"/><net_sink comp="504" pin=1"/></net>

<net id="514"><net_src comp="126" pin="0"/><net_sink comp="510" pin=0"/></net>

<net id="515"><net_src comp="12" pin="0"/><net_sink comp="510" pin=1"/></net>

<net id="520"><net_src comp="124" pin="0"/><net_sink comp="516" pin=0"/></net>

<net id="521"><net_src comp="10" pin="0"/><net_sink comp="516" pin=1"/></net>

<net id="526"><net_src comp="126" pin="0"/><net_sink comp="522" pin=0"/></net>

<net id="527"><net_src comp="8" pin="0"/><net_sink comp="522" pin=1"/></net>

<net id="532"><net_src comp="124" pin="0"/><net_sink comp="528" pin=0"/></net>

<net id="533"><net_src comp="6" pin="0"/><net_sink comp="528" pin=1"/></net>

<net id="538"><net_src comp="126" pin="0"/><net_sink comp="534" pin=0"/></net>

<net id="539"><net_src comp="4" pin="0"/><net_sink comp="534" pin=1"/></net>

<net id="544"><net_src comp="124" pin="0"/><net_sink comp="540" pin=0"/></net>

<net id="545"><net_src comp="2" pin="0"/><net_sink comp="540" pin=1"/></net>

<net id="550"><net_src comp="126" pin="0"/><net_sink comp="546" pin=0"/></net>

<net id="551"><net_src comp="0" pin="0"/><net_sink comp="546" pin=1"/></net>

<net id="557"><net_src comp="202" pin="0"/><net_sink comp="552" pin=0"/></net>

<net id="558"><net_src comp="96" pin="0"/><net_sink comp="552" pin=1"/></net>

<net id="564"><net_src comp="202" pin="0"/><net_sink comp="559" pin=0"/></net>

<net id="565"><net_src comp="98" pin="0"/><net_sink comp="559" pin=1"/></net>

<net id="571"><net_src comp="202" pin="0"/><net_sink comp="566" pin=0"/></net>

<net id="572"><net_src comp="100" pin="0"/><net_sink comp="566" pin=1"/></net>

<net id="578"><net_src comp="202" pin="0"/><net_sink comp="573" pin=0"/></net>

<net id="579"><net_src comp="102" pin="0"/><net_sink comp="573" pin=1"/></net>

<net id="585"><net_src comp="202" pin="0"/><net_sink comp="580" pin=0"/></net>

<net id="586"><net_src comp="104" pin="0"/><net_sink comp="580" pin=1"/></net>

<net id="592"><net_src comp="202" pin="0"/><net_sink comp="587" pin=0"/></net>

<net id="593"><net_src comp="106" pin="0"/><net_sink comp="587" pin=1"/></net>

<net id="599"><net_src comp="202" pin="0"/><net_sink comp="594" pin=0"/></net>

<net id="600"><net_src comp="108" pin="0"/><net_sink comp="594" pin=1"/></net>

<net id="606"><net_src comp="202" pin="0"/><net_sink comp="601" pin=0"/></net>

<net id="607"><net_src comp="110" pin="0"/><net_sink comp="601" pin=1"/></net>

<net id="613"><net_src comp="202" pin="0"/><net_sink comp="608" pin=0"/></net>

<net id="614"><net_src comp="112" pin="0"/><net_sink comp="608" pin=1"/></net>

<net id="620"><net_src comp="202" pin="0"/><net_sink comp="615" pin=0"/></net>

<net id="621"><net_src comp="114" pin="0"/><net_sink comp="615" pin=1"/></net>

<net id="627"><net_src comp="202" pin="0"/><net_sink comp="622" pin=0"/></net>

<net id="628"><net_src comp="116" pin="0"/><net_sink comp="622" pin=1"/></net>

<net id="634"><net_src comp="202" pin="0"/><net_sink comp="629" pin=0"/></net>

<net id="635"><net_src comp="118" pin="0"/><net_sink comp="629" pin=1"/></net>

<net id="645"><net_src comp="194" pin="0"/><net_sink comp="636" pin=0"/></net>

<net id="650"><net_src comp="646" pin="2"/><net_sink comp="636" pin=1"/></net>

<net id="655"><net_src comp="651" pin="2"/><net_sink comp="636" pin=2"/></net>

<net id="660"><net_src comp="656" pin="2"/><net_sink comp="636" pin=3"/></net>

<net id="665"><net_src comp="661" pin="2"/><net_sink comp="636" pin=4"/></net>

<net id="670"><net_src comp="666" pin="2"/><net_sink comp="636" pin=5"/></net>

<net id="675"><net_src comp="671" pin="2"/><net_sink comp="636" pin=6"/></net>

<net id="684"><net_src comp="132" pin="0"/><net_sink comp="676" pin=1"/></net>

<net id="685"><net_src comp="144" pin="0"/><net_sink comp="676" pin=2"/></net>

<net id="686"><net_src comp="146" pin="0"/><net_sink comp="676" pin=3"/></net>

<net id="687"><net_src comp="148" pin="0"/><net_sink comp="676" pin=4"/></net>

<net id="688"><net_src comp="150" pin="0"/><net_sink comp="676" pin=5"/></net>

<net id="692"><net_src comp="486" pin="2"/><net_sink comp="689" pin=0"/></net>

<net id="696"><net_src comp="498" pin="2"/><net_sink comp="693" pin=0"/></net>

<net id="700"><net_src comp="510" pin="2"/><net_sink comp="697" pin=0"/></net>

<net id="704"><net_src comp="522" pin="2"/><net_sink comp="701" pin=0"/></net>

<net id="708"><net_src comp="534" pin="2"/><net_sink comp="705" pin=0"/></net>

<net id="712"><net_src comp="546" pin="2"/><net_sink comp="709" pin=0"/></net>

<net id="717"><net_src comp="128" pin="0"/><net_sink comp="713" pin=0"/></net>

<net id="722"><net_src comp="130" pin="0"/><net_sink comp="718" pin=0"/></net>

<net id="727"><net_src comp="132" pin="0"/><net_sink comp="723" pin=0"/></net>

<net id="735"><net_src comp="728" pin="1"/><net_sink comp="731" pin=0"/></net>

<net id="736"><net_src comp="134" pin="0"/><net_sink comp="731" pin=1"/></net>

<net id="741"><net_src comp="728" pin="1"/><net_sink comp="737" pin=0"/></net>

<net id="742"><net_src comp="136" pin="0"/><net_sink comp="737" pin=1"/></net>

<net id="747"><net_src comp="737" pin="2"/><net_sink comp="743" pin=0"/></net>

<net id="758"><net_src comp="751" pin="1"/><net_sink comp="754" pin=0"/></net>

<net id="759"><net_src comp="138" pin="0"/><net_sink comp="754" pin=1"/></net>

<net id="764"><net_src comp="748" pin="1"/><net_sink comp="760" pin=0"/></net>

<net id="765"><net_src comp="140" pin="0"/><net_sink comp="760" pin=1"/></net>

<net id="771"><net_src comp="760" pin="2"/><net_sink comp="766" pin=0"/></net>

<net id="772"><net_src comp="132" pin="0"/><net_sink comp="766" pin=1"/></net>

<net id="773"><net_src comp="748" pin="1"/><net_sink comp="766" pin=2"/></net>

<net id="774"><net_src comp="766" pin="3"/><net_sink comp="676" pin=0"/></net>

<net id="780"><net_src comp="760" pin="2"/><net_sink comp="775" pin=0"/></net>

<net id="781"><net_src comp="754" pin="2"/><net_sink comp="775" pin=1"/></net>

<net id="782"><net_src comp="751" pin="1"/><net_sink comp="775" pin=2"/></net>

<net id="787"><net_src comp="775" pin="3"/><net_sink comp="783" pin=0"/></net>

<net id="788"><net_src comp="138" pin="0"/><net_sink comp="783" pin=1"/></net>

<net id="794"><net_src comp="783" pin="2"/><net_sink comp="789" pin=0"/></net>

<net id="798"><net_src comp="789" pin="3"/><net_sink comp="795" pin=0"/></net>

<net id="799"><net_src comp="795" pin="1"/><net_sink comp="646" pin=0"/></net>

<net id="805"><net_src comp="783" pin="2"/><net_sink comp="800" pin=0"/></net>

<net id="809"><net_src comp="800" pin="3"/><net_sink comp="806" pin=0"/></net>

<net id="810"><net_src comp="806" pin="1"/><net_sink comp="651" pin=0"/></net>

<net id="816"><net_src comp="783" pin="2"/><net_sink comp="811" pin=0"/></net>

<net id="820"><net_src comp="811" pin="3"/><net_sink comp="817" pin=0"/></net>

<net id="821"><net_src comp="817" pin="1"/><net_sink comp="656" pin=0"/></net>

<net id="827"><net_src comp="783" pin="2"/><net_sink comp="822" pin=0"/></net>

<net id="831"><net_src comp="822" pin="3"/><net_sink comp="828" pin=0"/></net>

<net id="832"><net_src comp="828" pin="1"/><net_sink comp="661" pin=0"/></net>

<net id="838"><net_src comp="783" pin="2"/><net_sink comp="833" pin=0"/></net>

<net id="842"><net_src comp="833" pin="3"/><net_sink comp="839" pin=0"/></net>

<net id="843"><net_src comp="839" pin="1"/><net_sink comp="666" pin=0"/></net>

<net id="849"><net_src comp="783" pin="2"/><net_sink comp="844" pin=0"/></net>

<net id="853"><net_src comp="844" pin="3"/><net_sink comp="850" pin=0"/></net>

<net id="854"><net_src comp="850" pin="1"/><net_sink comp="671" pin=0"/></net>

<net id="859"><net_src comp="775" pin="3"/><net_sink comp="855" pin=0"/></net>

<net id="860"><net_src comp="130" pin="0"/><net_sink comp="855" pin=1"/></net>

<net id="878"><net_src comp="142" pin="0"/><net_sink comp="861" pin=0"/></net>

<net id="879"><net_src comp="132" pin="0"/><net_sink comp="861" pin=1"/></net>

<net id="880"><net_src comp="144" pin="0"/><net_sink comp="861" pin=3"/></net>

<net id="881"><net_src comp="146" pin="0"/><net_sink comp="861" pin=5"/></net>

<net id="882"><net_src comp="148" pin="0"/><net_sink comp="861" pin=7"/></net>

<net id="883"><net_src comp="150" pin="0"/><net_sink comp="861" pin=9"/></net>

<net id="884"><net_src comp="152" pin="0"/><net_sink comp="861" pin=11"/></net>

<net id="885"><net_src comp="154" pin="0"/><net_sink comp="861" pin=13"/></net>

<net id="886"><net_src comp="766" pin="3"/><net_sink comp="861" pin=14"/></net>

<net id="890"><net_src comp="861" pin="15"/><net_sink comp="887" pin=0"/></net>

<net id="891"><net_src comp="887" pin="1"/><net_sink comp="646" pin=1"/></net>

<net id="909"><net_src comp="142" pin="0"/><net_sink comp="892" pin=0"/></net>

<net id="910"><net_src comp="132" pin="0"/><net_sink comp="892" pin=1"/></net>

<net id="911"><net_src comp="144" pin="0"/><net_sink comp="892" pin=3"/></net>

<net id="912"><net_src comp="146" pin="0"/><net_sink comp="892" pin=5"/></net>

<net id="913"><net_src comp="148" pin="0"/><net_sink comp="892" pin=7"/></net>

<net id="914"><net_src comp="150" pin="0"/><net_sink comp="892" pin=9"/></net>

<net id="915"><net_src comp="152" pin="0"/><net_sink comp="892" pin=11"/></net>

<net id="916"><net_src comp="154" pin="0"/><net_sink comp="892" pin=13"/></net>

<net id="917"><net_src comp="766" pin="3"/><net_sink comp="892" pin=14"/></net>

<net id="921"><net_src comp="892" pin="15"/><net_sink comp="918" pin=0"/></net>

<net id="922"><net_src comp="918" pin="1"/><net_sink comp="651" pin=1"/></net>

<net id="940"><net_src comp="142" pin="0"/><net_sink comp="923" pin=0"/></net>

<net id="941"><net_src comp="132" pin="0"/><net_sink comp="923" pin=1"/></net>

<net id="942"><net_src comp="144" pin="0"/><net_sink comp="923" pin=3"/></net>

<net id="943"><net_src comp="146" pin="0"/><net_sink comp="923" pin=5"/></net>

<net id="944"><net_src comp="148" pin="0"/><net_sink comp="923" pin=7"/></net>

<net id="945"><net_src comp="150" pin="0"/><net_sink comp="923" pin=9"/></net>

<net id="946"><net_src comp="152" pin="0"/><net_sink comp="923" pin=11"/></net>

<net id="947"><net_src comp="154" pin="0"/><net_sink comp="923" pin=13"/></net>

<net id="948"><net_src comp="766" pin="3"/><net_sink comp="923" pin=14"/></net>

<net id="952"><net_src comp="923" pin="15"/><net_sink comp="949" pin=0"/></net>

<net id="953"><net_src comp="949" pin="1"/><net_sink comp="656" pin=1"/></net>

<net id="971"><net_src comp="142" pin="0"/><net_sink comp="954" pin=0"/></net>

<net id="972"><net_src comp="132" pin="0"/><net_sink comp="954" pin=1"/></net>

<net id="973"><net_src comp="144" pin="0"/><net_sink comp="954" pin=3"/></net>

<net id="974"><net_src comp="146" pin="0"/><net_sink comp="954" pin=5"/></net>

<net id="975"><net_src comp="148" pin="0"/><net_sink comp="954" pin=7"/></net>

<net id="976"><net_src comp="150" pin="0"/><net_sink comp="954" pin=9"/></net>

<net id="977"><net_src comp="152" pin="0"/><net_sink comp="954" pin=11"/></net>

<net id="978"><net_src comp="154" pin="0"/><net_sink comp="954" pin=13"/></net>

<net id="979"><net_src comp="766" pin="3"/><net_sink comp="954" pin=14"/></net>

<net id="983"><net_src comp="954" pin="15"/><net_sink comp="980" pin=0"/></net>

<net id="984"><net_src comp="980" pin="1"/><net_sink comp="661" pin=1"/></net>

<net id="1002"><net_src comp="142" pin="0"/><net_sink comp="985" pin=0"/></net>

<net id="1003"><net_src comp="132" pin="0"/><net_sink comp="985" pin=1"/></net>

<net id="1004"><net_src comp="144" pin="0"/><net_sink comp="985" pin=3"/></net>

<net id="1005"><net_src comp="146" pin="0"/><net_sink comp="985" pin=5"/></net>

<net id="1006"><net_src comp="148" pin="0"/><net_sink comp="985" pin=7"/></net>

<net id="1007"><net_src comp="150" pin="0"/><net_sink comp="985" pin=9"/></net>

<net id="1008"><net_src comp="152" pin="0"/><net_sink comp="985" pin=11"/></net>

<net id="1009"><net_src comp="154" pin="0"/><net_sink comp="985" pin=13"/></net>

<net id="1010"><net_src comp="766" pin="3"/><net_sink comp="985" pin=14"/></net>

<net id="1014"><net_src comp="985" pin="15"/><net_sink comp="1011" pin=0"/></net>

<net id="1015"><net_src comp="1011" pin="1"/><net_sink comp="666" pin=1"/></net>

<net id="1033"><net_src comp="142" pin="0"/><net_sink comp="1016" pin=0"/></net>

<net id="1034"><net_src comp="132" pin="0"/><net_sink comp="1016" pin=1"/></net>

<net id="1035"><net_src comp="144" pin="0"/><net_sink comp="1016" pin=3"/></net>

<net id="1036"><net_src comp="146" pin="0"/><net_sink comp="1016" pin=5"/></net>

<net id="1037"><net_src comp="148" pin="0"/><net_sink comp="1016" pin=7"/></net>

<net id="1038"><net_src comp="150" pin="0"/><net_sink comp="1016" pin=9"/></net>

<net id="1039"><net_src comp="152" pin="0"/><net_sink comp="1016" pin=11"/></net>

<net id="1040"><net_src comp="154" pin="0"/><net_sink comp="1016" pin=13"/></net>

<net id="1041"><net_src comp="766" pin="3"/><net_sink comp="1016" pin=14"/></net>

<net id="1045"><net_src comp="1016" pin="15"/><net_sink comp="1042" pin=0"/></net>

<net id="1046"><net_src comp="1042" pin="1"/><net_sink comp="671" pin=1"/></net>

<net id="1051"><net_src comp="766" pin="3"/><net_sink comp="1047" pin=0"/></net>

<net id="1052"><net_src comp="144" pin="0"/><net_sink comp="1047" pin=1"/></net>

<net id="1057"><net_src comp="775" pin="3"/><net_sink comp="1053" pin=0"/></net>

<net id="1062"><net_src comp="1047" pin="2"/><net_sink comp="1058" pin=0"/></net>

<net id="1069"><net_src comp="196" pin="0"/><net_sink comp="1063" pin=0"/></net>

<net id="1070"><net_src comp="636" pin="7"/><net_sink comp="1063" pin=1"/></net>

<net id="1071"><net_src comp="198" pin="0"/><net_sink comp="1063" pin=2"/></net>

<net id="1072"><net_src comp="200" pin="0"/><net_sink comp="1063" pin=3"/></net>

<net id="1077"><net_src comp="1063" pin="4"/><net_sink comp="1073" pin=0"/></net>

<net id="1082"><net_src comp="1063" pin="4"/><net_sink comp="1078" pin=0"/></net>

<net id="1087"><net_src comp="1063" pin="4"/><net_sink comp="1083" pin=0"/></net>

<net id="1092"><net_src comp="1063" pin="4"/><net_sink comp="1088" pin=0"/></net>

<net id="1097"><net_src comp="1063" pin="4"/><net_sink comp="1093" pin=0"/></net>

<net id="1102"><net_src comp="1063" pin="4"/><net_sink comp="1098" pin=0"/></net>

<net id="1107"><net_src comp="1063" pin="4"/><net_sink comp="1103" pin=0"/></net>

<net id="1112"><net_src comp="1063" pin="4"/><net_sink comp="1108" pin=0"/></net>

<net id="1117"><net_src comp="1063" pin="4"/><net_sink comp="1113" pin=0"/></net>

<net id="1122"><net_src comp="1063" pin="4"/><net_sink comp="1118" pin=0"/></net>

<net id="1127"><net_src comp="1063" pin="4"/><net_sink comp="1123" pin=0"/></net>

<net id="1132"><net_src comp="1063" pin="4"/><net_sink comp="1128" pin=0"/></net>

<net id="1136"><net_src comp="1133" pin="1"/><net_sink comp="629" pin=2"/></net>

<net id="1140"><net_src comp="1137" pin="1"/><net_sink comp="622" pin=2"/></net>

<net id="1144"><net_src comp="1141" pin="1"/><net_sink comp="615" pin=2"/></net>

<net id="1148"><net_src comp="1145" pin="1"/><net_sink comp="608" pin=2"/></net>

<net id="1152"><net_src comp="1149" pin="1"/><net_sink comp="601" pin=2"/></net>

<net id="1156"><net_src comp="1153" pin="1"/><net_sink comp="594" pin=2"/></net>

<net id="1160"><net_src comp="1157" pin="1"/><net_sink comp="587" pin=2"/></net>

<net id="1164"><net_src comp="1161" pin="1"/><net_sink comp="580" pin=2"/></net>

<net id="1168"><net_src comp="1165" pin="1"/><net_sink comp="573" pin=2"/></net>

<net id="1172"><net_src comp="1169" pin="1"/><net_sink comp="566" pin=2"/></net>

<net id="1176"><net_src comp="1173" pin="1"/><net_sink comp="559" pin=2"/></net>

<net id="1180"><net_src comp="1177" pin="1"/><net_sink comp="552" pin=2"/></net>

<net id="1184"><net_src comp="204" pin="1"/><net_sink comp="1181" pin=0"/></net>

<net id="1185"><net_src comp="1181" pin="1"/><net_sink comp="723" pin=1"/></net>

<net id="1186"><net_src comp="1181" pin="1"/><net_sink comp="748" pin=0"/></net>

<net id="1187"><net_src comp="1181" pin="1"/><net_sink comp="1058" pin=1"/></net>

<net id="1191"><net_src comp="208" pin="1"/><net_sink comp="1188" pin=0"/></net>

<net id="1192"><net_src comp="1188" pin="1"/><net_sink comp="718" pin=1"/></net>

<net id="1193"><net_src comp="1188" pin="1"/><net_sink comp="751" pin=0"/></net>

<net id="1194"><net_src comp="1188" pin="1"/><net_sink comp="1053" pin=1"/></net>

<net id="1198"><net_src comp="212" pin="1"/><net_sink comp="1195" pin=0"/></net>

<net id="1199"><net_src comp="1195" pin="1"/><net_sink comp="713" pin=1"/></net>

<net id="1200"><net_src comp="1195" pin="1"/><net_sink comp="728" pin=0"/></net>

<net id="1201"><net_src comp="1195" pin="1"/><net_sink comp="743" pin=1"/></net>

<net id="1205"><net_src comp="216" pin="1"/><net_sink comp="1202" pin=0"/></net>

<net id="1206"><net_src comp="1202" pin="1"/><net_sink comp="1098" pin=1"/></net>

<net id="1207"><net_src comp="1202" pin="1"/><net_sink comp="1133" pin=0"/></net>

<net id="1211"><net_src comp="220" pin="1"/><net_sink comp="1208" pin=0"/></net>

<net id="1212"><net_src comp="1208" pin="1"/><net_sink comp="1073" pin=1"/></net>

<net id="1213"><net_src comp="1208" pin="1"/><net_sink comp="1137" pin=0"/></net>

<net id="1217"><net_src comp="224" pin="1"/><net_sink comp="1214" pin=0"/></net>

<net id="1218"><net_src comp="1214" pin="1"/><net_sink comp="1078" pin=1"/></net>

<net id="1219"><net_src comp="1214" pin="1"/><net_sink comp="1141" pin=0"/></net>

<net id="1223"><net_src comp="228" pin="1"/><net_sink comp="1220" pin=0"/></net>

<net id="1224"><net_src comp="1220" pin="1"/><net_sink comp="1083" pin=1"/></net>

<net id="1225"><net_src comp="1220" pin="1"/><net_sink comp="1145" pin=0"/></net>

<net id="1229"><net_src comp="232" pin="1"/><net_sink comp="1226" pin=0"/></net>

<net id="1230"><net_src comp="1226" pin="1"/><net_sink comp="1088" pin=1"/></net>

<net id="1231"><net_src comp="1226" pin="1"/><net_sink comp="1149" pin=0"/></net>

<net id="1235"><net_src comp="236" pin="1"/><net_sink comp="1232" pin=0"/></net>

<net id="1236"><net_src comp="1232" pin="1"/><net_sink comp="1093" pin=1"/></net>

<net id="1237"><net_src comp="1232" pin="1"/><net_sink comp="1153" pin=0"/></net>

<net id="1241"><net_src comp="240" pin="1"/><net_sink comp="1238" pin=0"/></net>

<net id="1242"><net_src comp="1238" pin="1"/><net_sink comp="1128" pin=1"/></net>

<net id="1243"><net_src comp="1238" pin="1"/><net_sink comp="1157" pin=0"/></net>

<net id="1247"><net_src comp="244" pin="1"/><net_sink comp="1244" pin=0"/></net>

<net id="1248"><net_src comp="1244" pin="1"/><net_sink comp="1103" pin=1"/></net>

<net id="1249"><net_src comp="1244" pin="1"/><net_sink comp="1161" pin=0"/></net>

<net id="1253"><net_src comp="248" pin="1"/><net_sink comp="1250" pin=0"/></net>

<net id="1254"><net_src comp="1250" pin="1"/><net_sink comp="1108" pin=1"/></net>

<net id="1255"><net_src comp="1250" pin="1"/><net_sink comp="1165" pin=0"/></net>

<net id="1259"><net_src comp="252" pin="1"/><net_sink comp="1256" pin=0"/></net>

<net id="1260"><net_src comp="1256" pin="1"/><net_sink comp="1123" pin=1"/></net>

<net id="1261"><net_src comp="1256" pin="1"/><net_sink comp="1169" pin=0"/></net>

<net id="1265"><net_src comp="256" pin="1"/><net_sink comp="1262" pin=0"/></net>

<net id="1266"><net_src comp="1262" pin="1"/><net_sink comp="1118" pin=1"/></net>

<net id="1267"><net_src comp="1262" pin="1"/><net_sink comp="1173" pin=0"/></net>

<net id="1271"><net_src comp="260" pin="1"/><net_sink comp="1268" pin=0"/></net>

<net id="1272"><net_src comp="1268" pin="1"/><net_sink comp="1113" pin=1"/></net>

<net id="1273"><net_src comp="1268" pin="1"/><net_sink comp="1177" pin=0"/></net>

<net id="1277"><net_src comp="264" pin="2"/><net_sink comp="1274" pin=0"/></net>

<net id="1278"><net_src comp="1274" pin="1"/><net_sink comp="1016" pin=12"/></net>

<net id="1282"><net_src comp="270" pin="2"/><net_sink comp="1279" pin=0"/></net>

<net id="1283"><net_src comp="1279" pin="1"/><net_sink comp="1016" pin=10"/></net>

<net id="1287"><net_src comp="276" pin="2"/><net_sink comp="1284" pin=0"/></net>

<net id="1288"><net_src comp="1284" pin="1"/><net_sink comp="1016" pin=8"/></net>

<net id="1292"><net_src comp="282" pin="2"/><net_sink comp="1289" pin=0"/></net>

<net id="1293"><net_src comp="1289" pin="1"/><net_sink comp="1016" pin=6"/></net>

<net id="1297"><net_src comp="288" pin="2"/><net_sink comp="1294" pin=0"/></net>

<net id="1298"><net_src comp="1294" pin="1"/><net_sink comp="1016" pin=4"/></net>

<net id="1302"><net_src comp="294" pin="2"/><net_sink comp="1299" pin=0"/></net>

<net id="1303"><net_src comp="1299" pin="1"/><net_sink comp="1016" pin=2"/></net>

<net id="1307"><net_src comp="300" pin="2"/><net_sink comp="1304" pin=0"/></net>

<net id="1308"><net_src comp="1304" pin="1"/><net_sink comp="985" pin=12"/></net>

<net id="1312"><net_src comp="306" pin="2"/><net_sink comp="1309" pin=0"/></net>

<net id="1313"><net_src comp="1309" pin="1"/><net_sink comp="985" pin=10"/></net>

<net id="1317"><net_src comp="312" pin="2"/><net_sink comp="1314" pin=0"/></net>

<net id="1318"><net_src comp="1314" pin="1"/><net_sink comp="985" pin=8"/></net>

<net id="1322"><net_src comp="318" pin="2"/><net_sink comp="1319" pin=0"/></net>

<net id="1323"><net_src comp="1319" pin="1"/><net_sink comp="985" pin=6"/></net>

<net id="1327"><net_src comp="324" pin="2"/><net_sink comp="1324" pin=0"/></net>

<net id="1328"><net_src comp="1324" pin="1"/><net_sink comp="985" pin=4"/></net>

<net id="1332"><net_src comp="330" pin="2"/><net_sink comp="1329" pin=0"/></net>

<net id="1333"><net_src comp="1329" pin="1"/><net_sink comp="985" pin=2"/></net>

<net id="1337"><net_src comp="336" pin="2"/><net_sink comp="1334" pin=0"/></net>

<net id="1338"><net_src comp="1334" pin="1"/><net_sink comp="954" pin=12"/></net>

<net id="1342"><net_src comp="342" pin="2"/><net_sink comp="1339" pin=0"/></net>

<net id="1343"><net_src comp="1339" pin="1"/><net_sink comp="954" pin=10"/></net>

<net id="1347"><net_src comp="348" pin="2"/><net_sink comp="1344" pin=0"/></net>

<net id="1348"><net_src comp="1344" pin="1"/><net_sink comp="954" pin=8"/></net>

<net id="1352"><net_src comp="354" pin="2"/><net_sink comp="1349" pin=0"/></net>

<net id="1353"><net_src comp="1349" pin="1"/><net_sink comp="954" pin=6"/></net>

<net id="1357"><net_src comp="360" pin="2"/><net_sink comp="1354" pin=0"/></net>

<net id="1358"><net_src comp="1354" pin="1"/><net_sink comp="954" pin=4"/></net>

<net id="1362"><net_src comp="366" pin="2"/><net_sink comp="1359" pin=0"/></net>

<net id="1363"><net_src comp="1359" pin="1"/><net_sink comp="954" pin=2"/></net>

<net id="1367"><net_src comp="372" pin="2"/><net_sink comp="1364" pin=0"/></net>

<net id="1368"><net_src comp="1364" pin="1"/><net_sink comp="923" pin=12"/></net>

<net id="1372"><net_src comp="378" pin="2"/><net_sink comp="1369" pin=0"/></net>

<net id="1373"><net_src comp="1369" pin="1"/><net_sink comp="923" pin=10"/></net>

<net id="1377"><net_src comp="384" pin="2"/><net_sink comp="1374" pin=0"/></net>

<net id="1378"><net_src comp="1374" pin="1"/><net_sink comp="923" pin=8"/></net>

<net id="1382"><net_src comp="390" pin="2"/><net_sink comp="1379" pin=0"/></net>

<net id="1383"><net_src comp="1379" pin="1"/><net_sink comp="923" pin=6"/></net>

<net id="1387"><net_src comp="396" pin="2"/><net_sink comp="1384" pin=0"/></net>

<net id="1388"><net_src comp="1384" pin="1"/><net_sink comp="923" pin=4"/></net>

<net id="1392"><net_src comp="402" pin="2"/><net_sink comp="1389" pin=0"/></net>

<net id="1393"><net_src comp="1389" pin="1"/><net_sink comp="923" pin=2"/></net>

<net id="1397"><net_src comp="408" pin="2"/><net_sink comp="1394" pin=0"/></net>

<net id="1398"><net_src comp="1394" pin="1"/><net_sink comp="892" pin=12"/></net>

<net id="1402"><net_src comp="414" pin="2"/><net_sink comp="1399" pin=0"/></net>

<net id="1403"><net_src comp="1399" pin="1"/><net_sink comp="892" pin=10"/></net>

<net id="1407"><net_src comp="420" pin="2"/><net_sink comp="1404" pin=0"/></net>

<net id="1408"><net_src comp="1404" pin="1"/><net_sink comp="892" pin=8"/></net>

<net id="1412"><net_src comp="426" pin="2"/><net_sink comp="1409" pin=0"/></net>

<net id="1413"><net_src comp="1409" pin="1"/><net_sink comp="892" pin=6"/></net>

<net id="1417"><net_src comp="432" pin="2"/><net_sink comp="1414" pin=0"/></net>

<net id="1418"><net_src comp="1414" pin="1"/><net_sink comp="892" pin=4"/></net>

<net id="1422"><net_src comp="438" pin="2"/><net_sink comp="1419" pin=0"/></net>

<net id="1423"><net_src comp="1419" pin="1"/><net_sink comp="892" pin=2"/></net>

<net id="1427"><net_src comp="444" pin="2"/><net_sink comp="1424" pin=0"/></net>

<net id="1428"><net_src comp="1424" pin="1"/><net_sink comp="861" pin=12"/></net>

<net id="1432"><net_src comp="450" pin="2"/><net_sink comp="1429" pin=0"/></net>

<net id="1433"><net_src comp="1429" pin="1"/><net_sink comp="861" pin=10"/></net>

<net id="1437"><net_src comp="456" pin="2"/><net_sink comp="1434" pin=0"/></net>

<net id="1438"><net_src comp="1434" pin="1"/><net_sink comp="861" pin=8"/></net>

<net id="1442"><net_src comp="462" pin="2"/><net_sink comp="1439" pin=0"/></net>

<net id="1443"><net_src comp="1439" pin="1"/><net_sink comp="861" pin=6"/></net>

<net id="1447"><net_src comp="468" pin="2"/><net_sink comp="1444" pin=0"/></net>

<net id="1448"><net_src comp="1444" pin="1"/><net_sink comp="861" pin=4"/></net>

<net id="1452"><net_src comp="474" pin="2"/><net_sink comp="1449" pin=0"/></net>

<net id="1453"><net_src comp="1449" pin="1"/><net_sink comp="861" pin=2"/></net>

<net id="1457"><net_src comp="480" pin="2"/><net_sink comp="1454" pin=0"/></net>

<net id="1458"><net_src comp="1454" pin="1"/><net_sink comp="844" pin=2"/></net>

<net id="1462"><net_src comp="492" pin="2"/><net_sink comp="1459" pin=0"/></net>

<net id="1463"><net_src comp="1459" pin="1"/><net_sink comp="833" pin=2"/></net>

<net id="1467"><net_src comp="504" pin="2"/><net_sink comp="1464" pin=0"/></net>

<net id="1468"><net_src comp="1464" pin="1"/><net_sink comp="822" pin=2"/></net>

<net id="1472"><net_src comp="516" pin="2"/><net_sink comp="1469" pin=0"/></net>

<net id="1473"><net_src comp="1469" pin="1"/><net_sink comp="811" pin=2"/></net>

<net id="1477"><net_src comp="528" pin="2"/><net_sink comp="1474" pin=0"/></net>

<net id="1478"><net_src comp="1474" pin="1"/><net_sink comp="800" pin=2"/></net>

<net id="1482"><net_src comp="540" pin="2"/><net_sink comp="1479" pin=0"/></net>

<net id="1483"><net_src comp="1479" pin="1"/><net_sink comp="789" pin=2"/></net>

<net id="1487"><net_src comp="689" pin="1"/><net_sink comp="1484" pin=0"/></net>

<net id="1488"><net_src comp="1484" pin="1"/><net_sink comp="844" pin=1"/></net>

<net id="1492"><net_src comp="693" pin="1"/><net_sink comp="1489" pin=0"/></net>

<net id="1493"><net_src comp="1489" pin="1"/><net_sink comp="833" pin=1"/></net>

<net id="1497"><net_src comp="697" pin="1"/><net_sink comp="1494" pin=0"/></net>

<net id="1498"><net_src comp="1494" pin="1"/><net_sink comp="822" pin=1"/></net>

<net id="1502"><net_src comp="701" pin="1"/><net_sink comp="1499" pin=0"/></net>

<net id="1503"><net_src comp="1499" pin="1"/><net_sink comp="811" pin=1"/></net>

<net id="1507"><net_src comp="705" pin="1"/><net_sink comp="1504" pin=0"/></net>

<net id="1508"><net_src comp="1504" pin="1"/><net_sink comp="800" pin=1"/></net>

<net id="1512"><net_src comp="709" pin="1"/><net_sink comp="1509" pin=0"/></net>

<net id="1513"><net_src comp="1509" pin="1"/><net_sink comp="789" pin=1"/></net>

<net id="1517"><net_src comp="731" pin="2"/><net_sink comp="1514" pin=0"/></net>

<net id="1521"><net_src comp="766" pin="3"/><net_sink comp="1518" pin=0"/></net>

<net id="1525"><net_src comp="795" pin="1"/><net_sink comp="1522" pin=0"/></net>

<net id="1526"><net_src comp="1522" pin="1"/><net_sink comp="646" pin=0"/></net>

<net id="1530"><net_src comp="806" pin="1"/><net_sink comp="1527" pin=0"/></net>

<net id="1531"><net_src comp="1527" pin="1"/><net_sink comp="651" pin=0"/></net>

<net id="1535"><net_src comp="817" pin="1"/><net_sink comp="1532" pin=0"/></net>

<net id="1536"><net_src comp="1532" pin="1"/><net_sink comp="656" pin=0"/></net>

<net id="1540"><net_src comp="828" pin="1"/><net_sink comp="1537" pin=0"/></net>

<net id="1541"><net_src comp="1537" pin="1"/><net_sink comp="661" pin=0"/></net>

<net id="1545"><net_src comp="839" pin="1"/><net_sink comp="1542" pin=0"/></net>

<net id="1546"><net_src comp="1542" pin="1"/><net_sink comp="666" pin=0"/></net>

<net id="1550"><net_src comp="850" pin="1"/><net_sink comp="1547" pin=0"/></net>

<net id="1551"><net_src comp="1547" pin="1"/><net_sink comp="671" pin=0"/></net>

<net id="1555"><net_src comp="855" pin="2"/><net_sink comp="1552" pin=0"/></net>

<net id="1559"><net_src comp="887" pin="1"/><net_sink comp="1556" pin=0"/></net>

<net id="1560"><net_src comp="1556" pin="1"/><net_sink comp="646" pin=1"/></net>

<net id="1564"><net_src comp="918" pin="1"/><net_sink comp="1561" pin=0"/></net>

<net id="1565"><net_src comp="1561" pin="1"/><net_sink comp="651" pin=1"/></net>

<net id="1569"><net_src comp="949" pin="1"/><net_sink comp="1566" pin=0"/></net>

<net id="1570"><net_src comp="1566" pin="1"/><net_sink comp="656" pin=1"/></net>

<net id="1574"><net_src comp="980" pin="1"/><net_sink comp="1571" pin=0"/></net>

<net id="1575"><net_src comp="1571" pin="1"/><net_sink comp="661" pin=1"/></net>

<net id="1579"><net_src comp="1011" pin="1"/><net_sink comp="1576" pin=0"/></net>

<net id="1580"><net_src comp="1576" pin="1"/><net_sink comp="666" pin=1"/></net>

<net id="1584"><net_src comp="1042" pin="1"/><net_sink comp="1581" pin=0"/></net>

<net id="1585"><net_src comp="1581" pin="1"/><net_sink comp="671" pin=1"/></net>

</net_list>

</model> 
---------------- Datapath Model END ------------------

* FSMD analyzer results:
  - Output states:
	Port: G_13_out | {4 }
	Port: G_12_out | {4 }
	Port: G_11_out | {4 }
	Port: G_10_out | {4 }
	Port: G_9_out | {4 }
	Port: G_8_out | {4 }
	Port: G_7_out | {4 }
	Port: G_6_out | {4 }
	Port: G_5_out | {4 }
	Port: G_4_out | {4 }
	Port: G_3_out | {4 }
	Port: G_2_out | {4 }
 - Input state : 
	Port: riccati_backward_pass_Pipeline_VITIS_LOOP_726_7_VITIS_LOOP_727_8 : sext_ln167_1 | {1 }
	Port: riccati_backward_pass_Pipeline_VITIS_LOOP_726_7_VITIS_LOOP_727_8 : M | {1 }
	Port: riccati_backward_pass_Pipeline_VITIS_LOOP_726_7_VITIS_LOOP_727_8 : sext_ln167_2 | {1 }
	Port: riccati_backward_pass_Pipeline_VITIS_LOOP_726_7_VITIS_LOOP_727_8 : M_2 | {1 }
	Port: riccati_backward_pass_Pipeline_VITIS_LOOP_726_7_VITIS_LOOP_727_8 : sext_ln167_3 | {1 }
	Port: riccati_backward_pass_Pipeline_VITIS_LOOP_726_7_VITIS_LOOP_727_8 : M_12 | {1 }
	Port: riccati_backward_pass_Pipeline_VITIS_LOOP_726_7_VITIS_LOOP_727_8 : sext_ln167_4 | {1 }
	Port: riccati_backward_pass_Pipeline_VITIS_LOOP_726_7_VITIS_LOOP_727_8 : M_14 | {1 }
	Port: riccati_backward_pass_Pipeline_VITIS_LOOP_726_7_VITIS_LOOP_727_8 : sext_ln167_5 | {1 }
	Port: riccati_backward_pass_Pipeline_VITIS_LOOP_726_7_VITIS_LOOP_727_8 : M_16 | {1 }
	Port: riccati_backward_pass_Pipeline_VITIS_LOOP_726_7_VITIS_LOOP_727_8 : sext_ln167_6 | {1 }
	Port: riccati_backward_pass_Pipeline_VITIS_LOOP_726_7_VITIS_LOOP_727_8 : M_18 | {1 }
	Port: riccati_backward_pass_Pipeline_VITIS_LOOP_726_7_VITIS_LOOP_727_8 : step_data_0_0_0_load | {1 }
	Port: riccati_backward_pass_Pipeline_VITIS_LOOP_726_7_VITIS_LOOP_727_8 : step_data_0_0_1_load | {1 }
	Port: riccati_backward_pass_Pipeline_VITIS_LOOP_726_7_VITIS_LOOP_727_8 : step_data_0_0_2_load | {1 }
	Port: riccati_backward_pass_Pipeline_VITIS_LOOP_726_7_VITIS_LOOP_727_8 : step_data_0_0_3_load | {1 }
	Port: riccati_backward_pass_Pipeline_VITIS_LOOP_726_7_VITIS_LOOP_727_8 : step_data_0_0_4_load | {1 }
	Port: riccati_backward_pass_Pipeline_VITIS_LOOP_726_7_VITIS_LOOP_727_8 : step_data_0_0_5_load | {1 }
	Port: riccati_backward_pass_Pipeline_VITIS_LOOP_726_7_VITIS_LOOP_727_8 : step_data_0_1_0_load | {1 }
	Port: riccati_backward_pass_Pipeline_VITIS_LOOP_726_7_VITIS_LOOP_727_8 : step_data_0_1_1_load | {1 }
	Port: riccati_backward_pass_Pipeline_VITIS_LOOP_726_7_VITIS_LOOP_727_8 : step_data_0_1_2_load | {1 }
	Port: riccati_backward_pass_Pipeline_VITIS_LOOP_726_7_VITIS_LOOP_727_8 : step_data_0_1_3_load | {1 }
	Port: riccati_backward_pass_Pipeline_VITIS_LOOP_726_7_VITIS_LOOP_727_8 : step_data_0_1_4_load | {1 }
	Port: riccati_backward_pass_Pipeline_VITIS_LOOP_726_7_VITIS_LOOP_727_8 : step_data_0_1_5_load | {1 }
	Port: riccati_backward_pass_Pipeline_VITIS_LOOP_726_7_VITIS_LOOP_727_8 : step_data_0_2_0_load | {1 }
	Port: riccati_backward_pass_Pipeline_VITIS_LOOP_726_7_VITIS_LOOP_727_8 : step_data_0_2_1_load | {1 }
	Port: riccati_backward_pass_Pipeline_VITIS_LOOP_726_7_VITIS_LOOP_727_8 : step_data_0_2_2_load | {1 }
	Port: riccati_backward_pass_Pipeline_VITIS_LOOP_726_7_VITIS_LOOP_727_8 : step_data_0_2_3_load | {1 }
	Port: riccati_backward_pass_Pipeline_VITIS_LOOP_726_7_VITIS_LOOP_727_8 : step_data_0_2_4_load | {1 }
	Port: riccati_backward_pass_Pipeline_VITIS_LOOP_726_7_VITIS_LOOP_727_8 : step_data_0_2_5_load | {1 }
	Port: riccati_backward_pass_Pipeline_VITIS_LOOP_726_7_VITIS_LOOP_727_8 : step_data_0_3_0_load | {1 }
	Port: riccati_backward_pass_Pipeline_VITIS_LOOP_726_7_VITIS_LOOP_727_8 : step_data_0_3_1_load | {1 }
	Port: riccati_backward_pass_Pipeline_VITIS_LOOP_726_7_VITIS_LOOP_727_8 : step_data_0_3_2_load | {1 }
	Port: riccati_backward_pass_Pipeline_VITIS_LOOP_726_7_VITIS_LOOP_727_8 : step_data_0_3_3_load | {1 }
	Port: riccati_backward_pass_Pipeline_VITIS_LOOP_726_7_VITIS_LOOP_727_8 : step_data_0_3_4_load | {1 }
	Port: riccati_backward_pass_Pipeline_VITIS_LOOP_726_7_VITIS_LOOP_727_8 : step_data_0_3_5_load | {1 }
	Port: riccati_backward_pass_Pipeline_VITIS_LOOP_726_7_VITIS_LOOP_727_8 : step_data_0_4_0_load | {1 }
	Port: riccati_backward_pass_Pipeline_VITIS_LOOP_726_7_VITIS_LOOP_727_8 : step_data_0_4_1_load | {1 }
	Port: riccati_backward_pass_Pipeline_VITIS_LOOP_726_7_VITIS_LOOP_727_8 : step_data_0_4_2_load | {1 }
	Port: riccati_backward_pass_Pipeline_VITIS_LOOP_726_7_VITIS_LOOP_727_8 : step_data_0_4_3_load | {1 }
	Port: riccati_backward_pass_Pipeline_VITIS_LOOP_726_7_VITIS_LOOP_727_8 : step_data_0_4_4_load | {1 }
	Port: riccati_backward_pass_Pipeline_VITIS_LOOP_726_7_VITIS_LOOP_727_8 : step_data_0_4_5_load | {1 }
	Port: riccati_backward_pass_Pipeline_VITIS_LOOP_726_7_VITIS_LOOP_727_8 : step_data_0_5_0_load | {1 }
	Port: riccati_backward_pass_Pipeline_VITIS_LOOP_726_7_VITIS_LOOP_727_8 : step_data_0_5_1_load | {1 }
	Port: riccati_backward_pass_Pipeline_VITIS_LOOP_726_7_VITIS_LOOP_727_8 : step_data_0_5_2_load | {1 }
	Port: riccati_backward_pass_Pipeline_VITIS_LOOP_726_7_VITIS_LOOP_727_8 : step_data_0_5_3_load | {1 }
	Port: riccati_backward_pass_Pipeline_VITIS_LOOP_726_7_VITIS_LOOP_727_8 : step_data_0_5_4_load | {1 }
	Port: riccati_backward_pass_Pipeline_VITIS_LOOP_726_7_VITIS_LOOP_727_8 : step_data_0_5_5_load | {1 }
  - Chain level:
	State 1
		store_ln0 : 1
		store_ln475 : 1
		store_ln475 : 1
		indvar_flatten_load : 1
		icmp_ln726 : 2
		add_ln726_1 : 2
		br_ln726 : 3
		store_ln726 : 3
	State 2
		add_ln726 : 1
		icmp_ln727 : 1
		select_ln723 : 2
		select_ln726 : 2
		empty : 3
		a_26 : 4
		a_41_cast87 : 5
		a_1 : 4
		a_1_cast89 : 5
		a_2 : 4
		a_2_cast91 : 5
		a_3 : 4
		a_3_cast93 : 5
		a_4 : 4
		a_4_cast95 : 5
		a_5 : 4
		sext_ln736 : 5
		icmp_ln736 : 3
		b : 3
		sext_ln275 : 4
		product : 6
		b_14 : 3
		sext_ln275_1 : 4
		product_16 : 6
		b_15 : 3
		sext_ln275_2 : 4
		product_17 : 6
		b_16 : 3
		sext_ln275_3 : 4
		product_18 : 6
		b_17 : 3
		sext_ln275_4 : 4
		product_19 : 6
		b_18 : 3
		sext_ln275_5 : 4
		product_20 : 6
		br_ln736 : 4
		switch_ln736 : 3
		switch_ln736 : 3
		add_ln727 : 3
		store_ln475 : 3
		store_ln475 : 4
	State 3
	State 4
		write_ln0 : 1
		write_ln0 : 1
		write_ln0 : 1
		write_ln0 : 1
		write_ln0 : 1
		write_ln0 : 1
		write_ln0 : 1
		write_ln0 : 1
		write_ln0 : 1
		write_ln0 : 1
		write_ln0 : 1
		write_ln0 : 1
	State 5
		specfucore_ln276 : 1
		rend460 : 1
		specfucore_ln276 : 1
		rend458 : 1
		specfucore_ln276 : 1
		rend456 : 1
		specfucore_ln276 : 1
		rend454 : 1
		specfucore_ln276 : 1
		rend452 : 1
		specfucore_ln276 : 1
		rend450 : 1
		sum : 1
		G_12 : 2
		store_ln723 : 3
		store_ln723 : 3
		store_ln723 : 3
		store_ln723 : 3
		store_ln723 : 3
		store_ln723 : 3
		store_ln723 : 3
		store_ln723 : 3
		store_ln723 : 3
		store_ln723 : 3
		store_ln723 : 3
		store_ln723 : 3


============================================================
+ Verbose Summary: Datapath Resource usage 
============================================================

* Functional unit list:
|----------|---------------------------------------|---------|---------|---------|
| Operation|            Functional Unit            |   DSP   |    FF   |   LUT   |
|----------|---------------------------------------|---------|---------|---------|
|          |               grp_fu_646              |    4    |    98   |    47   |
|          |               grp_fu_651              |    4    |    98   |    47   |
|    mul   |               grp_fu_656              |    4    |    98   |    47   |
|          |               grp_fu_661              |    4    |    98   |    47   |
|          |               grp_fu_666              |    4    |    98   |    47   |
|          |               grp_fu_671              |    4    |    98   |    47   |
|----------|---------------------------------------|---------|---------|---------|
|   call   |       sum_sum6_MG_QP_raw_fu_636       |    0    |    0    |   267   |
|----------|---------------------------------------|---------|---------|---------|
|          |          select_ln723_fu_766          |    0    |    0    |    3    |
|          |          select_ln726_fu_775          |    0    |    0    |    2    |
|          |              a_26_fu_789              |    0    |    0    |    33   |
|  select  |               a_1_fu_800              |    0    |    0    |    33   |
|          |               a_2_fu_811              |    0    |    0    |    33   |
|          |               a_3_fu_822              |    0    |    0    |    33   |
|          |               a_4_fu_833              |    0    |    0    |    33   |
|          |               a_5_fu_844              |    0    |    0    |    33   |
|----------|---------------------------------------|---------|---------|---------|
|          |                b_fu_861               |    0    |    0    |    31   |
|          |              b_14_fu_892              |    0    |    0    |    31   |
| sparsemux|              b_15_fu_923              |    0    |    0    |    31   |
|          |              b_16_fu_954              |    0    |    0    |    31   |
|          |              b_17_fu_985              |    0    |    0    |    31   |
|          |              b_18_fu_1016             |    0    |    0    |    31   |
|----------|---------------------------------------|---------|---------|---------|
|          |           icmp_ln726_fu_731           |    0    |    0    |    12   |
|   icmp   |           icmp_ln727_fu_760           |    0    |    0    |    10   |
|          |              empty_fu_783             |    0    |    0    |    9    |
|          |           icmp_ln736_fu_855           |    0    |    0    |    9    |
|----------|---------------------------------------|---------|---------|---------|
|          |           add_ln726_1_fu_737          |    0    |    0    |    12   |
|    add   |            add_ln726_fu_754           |    0    |    0    |    9    |
|          |           add_ln727_fu_1047           |    0    |    0    |    10   |
|----------|---------------------------------------|---------|---------|---------|
|          | step_data_0_5_5_load_read_read_fu_264 |    0    |    0    |    0    |
|          | step_data_0_5_4_load_read_read_fu_270 |    0    |    0    |    0    |
|          | step_data_0_5_3_load_read_read_fu_276 |    0    |    0    |    0    |
|          | step_data_0_5_2_load_read_read_fu_282 |    0    |    0    |    0    |
|          | step_data_0_5_1_load_read_read_fu_288 |    0    |    0    |    0    |
|          | step_data_0_5_0_load_read_read_fu_294 |    0    |    0    |    0    |
|          | step_data_0_4_5_load_read_read_fu_300 |    0    |    0    |    0    |
|          | step_data_0_4_4_load_read_read_fu_306 |    0    |    0    |    0    |
|          | step_data_0_4_3_load_read_read_fu_312 |    0    |    0    |    0    |
|          | step_data_0_4_2_load_read_read_fu_318 |    0    |    0    |    0    |
|          | step_data_0_4_1_load_read_read_fu_324 |    0    |    0    |    0    |
|          | step_data_0_4_0_load_read_read_fu_330 |    0    |    0    |    0    |
|          | step_data_0_3_5_load_read_read_fu_336 |    0    |    0    |    0    |
|          | step_data_0_3_4_load_read_read_fu_342 |    0    |    0    |    0    |
|          | step_data_0_3_3_load_read_read_fu_348 |    0    |    0    |    0    |
|          | step_data_0_3_2_load_read_read_fu_354 |    0    |    0    |    0    |
|          | step_data_0_3_1_load_read_read_fu_360 |    0    |    0    |    0    |
|          | step_data_0_3_0_load_read_read_fu_366 |    0    |    0    |    0    |
|          | step_data_0_2_5_load_read_read_fu_372 |    0    |    0    |    0    |
|          | step_data_0_2_4_load_read_read_fu_378 |    0    |    0    |    0    |
|          | step_data_0_2_3_load_read_read_fu_384 |    0    |    0    |    0    |
|          | step_data_0_2_2_load_read_read_fu_390 |    0    |    0    |    0    |
|          | step_data_0_2_1_load_read_read_fu_396 |    0    |    0    |    0    |
|   read   | step_data_0_2_0_load_read_read_fu_402 |    0    |    0    |    0    |
|          | step_data_0_1_5_load_read_read_fu_408 |    0    |    0    |    0    |
|          | step_data_0_1_4_load_read_read_fu_414 |    0    |    0    |    0    |
|          | step_data_0_1_3_load_read_read_fu_420 |    0    |    0    |    0    |
|          | step_data_0_1_2_load_read_read_fu_426 |    0    |    0    |    0    |
|          | step_data_0_1_1_load_read_read_fu_432 |    0    |    0    |    0    |
|          | step_data_0_1_0_load_read_read_fu_438 |    0    |    0    |    0    |
|          | step_data_0_0_5_load_read_read_fu_444 |    0    |    0    |    0    |
|          | step_data_0_0_4_load_read_read_fu_450 |    0    |    0    |    0    |
|          | step_data_0_0_3_load_read_read_fu_456 |    0    |    0    |    0    |
|          | step_data_0_0_2_load_read_read_fu_462 |    0    |    0    |    0    |
|          | step_data_0_0_1_load_read_read_fu_468 |    0    |    0    |    0    |
|          | step_data_0_0_0_load_read_read_fu_474 |    0    |    0    |    0    |
|          |         M_18_read_read_fu_480         |    0    |    0    |    0    |
|          |     sext_ln167_6_read_read_fu_486     |    0    |    0    |    0    |
|          |         M_16_read_read_fu_492         |    0    |    0    |    0    |
|          |     sext_ln167_5_read_read_fu_498     |    0    |    0    |    0    |
|          |         M_14_read_read_fu_504         |    0    |    0    |    0    |
|          |     sext_ln167_4_read_read_fu_510     |    0    |    0    |    0    |
|          |         M_12_read_read_fu_516         |    0    |    0    |    0    |
|          |     sext_ln167_3_read_read_fu_522     |    0    |    0    |    0    |
|          |          M_2_read_read_fu_528         |    0    |    0    |    0    |
|          |     sext_ln167_2_read_read_fu_534     |    0    |    0    |    0    |
|          |           M_read_read_fu_540          |    0    |    0    |    0    |
|          |     sext_ln167_1_read_read_fu_546     |    0    |    0    |    0    |
|----------|---------------------------------------|---------|---------|---------|
|          |         write_ln0_write_fu_552        |    0    |    0    |    0    |
|          |         write_ln0_write_fu_559        |    0    |    0    |    0    |
|          |         write_ln0_write_fu_566        |    0    |    0    |    0    |
|          |         write_ln0_write_fu_573        |    0    |    0    |    0    |
|          |         write_ln0_write_fu_580        |    0    |    0    |    0    |
|   write  |         write_ln0_write_fu_587        |    0    |    0    |    0    |
|          |         write_ln0_write_fu_594        |    0    |    0    |    0    |
|          |         write_ln0_write_fu_601        |    0    |    0    |    0    |
|          |         write_ln0_write_fu_608        |    0    |    0    |    0    |
|          |         write_ln0_write_fu_615        |    0    |    0    |    0    |
|          |         write_ln0_write_fu_622        |    0    |    0    |    0    |
|          |         write_ln0_write_fu_629        |    0    |    0    |    0    |
|----------|---------------------------------------|---------|---------|---------|
|  switch  |               grp_fu_676              |    0    |    0    |    0    |
|----------|---------------------------------------|---------|---------|---------|
|          |        sext_ln167_6_cast_fu_689       |    0    |    0    |    0    |
|          |        sext_ln167_5_cast_fu_693       |    0    |    0    |    0    |
|          |        sext_ln167_4_cast_fu_697       |    0    |    0    |    0    |
|          |        sext_ln167_3_cast_fu_701       |    0    |    0    |    0    |
|          |        sext_ln167_2_cast_fu_705       |    0    |    0    |    0    |
|          |        sext_ln167_1_cast_fu_709       |    0    |    0    |    0    |
|          |           a_41_cast87_fu_795          |    0    |    0    |    0    |
|          |           a_1_cast89_fu_806           |    0    |    0    |    0    |
|   sext   |           a_2_cast91_fu_817           |    0    |    0    |    0    |
|          |           a_3_cast93_fu_828           |    0    |    0    |    0    |
|          |           a_4_cast95_fu_839           |    0    |    0    |    0    |
|          |           sext_ln736_fu_850           |    0    |    0    |    0    |
|          |           sext_ln275_fu_887           |    0    |    0    |    0    |
|          |          sext_ln275_1_fu_918          |    0    |    0    |    0    |
|          |          sext_ln275_2_fu_949          |    0    |    0    |    0    |
|          |          sext_ln275_3_fu_980          |    0    |    0    |    0    |
|          |          sext_ln275_4_fu_1011         |    0    |    0    |    0    |
|          |          sext_ln275_5_fu_1042         |    0    |    0    |    0    |
|----------|---------------------------------------|---------|---------|---------|
|partselect|              G_12_fu_1063             |    0    |    0    |    0    |
|----------|---------------------------------------|---------|---------|---------|
|   Total  |                                       |    24   |   588   |   1009  |
|----------|---------------------------------------|---------|---------|---------|

Memories:
N/A

* Register list:
+----------------------------------+--------+
|                                  |   FF   |
+----------------------------------+--------+
|           G_10_reg_1262          |   34   |
|           G_11_reg_1268          |   34   |
|           G_1_reg_1208           |   34   |
|           G_2_reg_1214           |   34   |
|           G_3_reg_1220           |   34   |
|           G_4_reg_1226           |   34   |
|           G_5_reg_1232           |   34   |
|           G_6_reg_1238           |   34   |
|           G_7_reg_1244           |   34   |
|           G_8_reg_1250           |   34   |
|           G_9_reg_1256           |   34   |
|            G_reg_1202            |   34   |
|        M_12_read_reg_1469        |   34   |
|        M_14_read_reg_1464        |   34   |
|        M_16_read_reg_1459        |   34   |
|        M_18_read_reg_1454        |   34   |
|         M_2_read_reg_1474        |   34   |
|          M_read_reg_1479         |   34   |
|        a_1_cast89_reg_1527       |   52   |
|        a_2_cast91_reg_1532       |   52   |
|        a_3_cast93_reg_1537       |   52   |
|       a_41_cast87_reg_1522       |   52   |
|        a_4_cast95_reg_1542       |   52   |
|            a_reg_1188            |    2   |
|        icmp_ln726_reg_1514       |    1   |
|        icmp_ln736_reg_1552       |    1   |
|      indvar_flatten_reg_1195     |    4   |
|           j_1_reg_1181           |    3   |
|       select_ln723_reg_1518      |    3   |
|    sext_ln167_1_cast_reg_1509    |   34   |
|    sext_ln167_2_cast_reg_1504    |   34   |
|    sext_ln167_3_cast_reg_1499    |   34   |
|    sext_ln167_4_cast_reg_1494    |   34   |
|    sext_ln167_5_cast_reg_1489    |   34   |
|    sext_ln167_6_cast_reg_1484    |   34   |
|       sext_ln275_1_reg_1561      |   52   |
|       sext_ln275_2_reg_1566      |   52   |
|       sext_ln275_3_reg_1571      |   52   |
|       sext_ln275_4_reg_1576      |   52   |
|       sext_ln275_5_reg_1581      |   52   |
|        sext_ln275_reg_1556       |   52   |
|        sext_ln736_reg_1547       |   52   |
|step_data_0_0_0_load_read_reg_1449|   32   |
|step_data_0_0_1_load_read_reg_1444|   32   |
|step_data_0_0_2_load_read_reg_1439|   32   |
|step_data_0_0_3_load_read_reg_1434|   32   |
|step_data_0_0_4_load_read_reg_1429|   32   |
|step_data_0_0_5_load_read_reg_1424|   32   |
|step_data_0_1_0_load_read_reg_1419|   32   |
|step_data_0_1_1_load_read_reg_1414|   32   |
|step_data_0_1_2_load_read_reg_1409|   32   |
|step_data_0_1_3_load_read_reg_1404|   32   |
|step_data_0_1_4_load_read_reg_1399|   32   |
|step_data_0_1_5_load_read_reg_1394|   32   |
|step_data_0_2_0_load_read_reg_1389|   32   |
|step_data_0_2_1_load_read_reg_1384|   32   |
|step_data_0_2_2_load_read_reg_1379|   32   |
|step_data_0_2_3_load_read_reg_1374|   32   |
|step_data_0_2_4_load_read_reg_1369|   32   |
|step_data_0_2_5_load_read_reg_1364|   32   |
|step_data_0_3_0_load_read_reg_1359|   32   |
|step_data_0_3_1_load_read_reg_1354|   32   |
|step_data_0_3_2_load_read_reg_1349|   32   |
|step_data_0_3_3_load_read_reg_1344|   32   |
|step_data_0_3_4_load_read_reg_1339|   32   |
|step_data_0_3_5_load_read_reg_1334|   32   |
|step_data_0_4_0_load_read_reg_1329|   32   |
|step_data_0_4_1_load_read_reg_1324|   32   |
|step_data_0_4_2_load_read_reg_1319|   32   |
|step_data_0_4_3_load_read_reg_1314|   32   |
|step_data_0_4_4_load_read_reg_1309|   32   |
|step_data_0_4_5_load_read_reg_1304|   32   |
|step_data_0_5_0_load_read_reg_1299|   32   |
|step_data_0_5_1_load_read_reg_1294|   32   |
|step_data_0_5_2_load_read_reg_1289|   32   |
|step_data_0_5_3_load_read_reg_1284|   32   |
|step_data_0_5_4_load_read_reg_1279|   32   |
|step_data_0_5_5_load_read_reg_1274|   32   |
+----------------------------------+--------+
|               Total              |  2606  |
+----------------------------------+--------+

* Multiplexer (MUX) list: 
|------------|------|------|------|--------||---------||---------||---------|
|    Comp    |  Pin | Size |  BW  | S x BW ||  Delay  ||    FF   ||   LUT   |
|------------|------|------|------|--------||---------||---------||---------|
| grp_fu_646 |  p0  |   2  |  34  |   68   ||    0    ||    9    |
| grp_fu_646 |  p1  |   2  |  32  |   64   ||    0    ||    9    |
| grp_fu_651 |  p0  |   2  |  34  |   68   ||    0    ||    9    |
| grp_fu_651 |  p1  |   2  |  32  |   64   ||    0    ||    9    |
| grp_fu_656 |  p0  |   2  |  34  |   68   ||    0    ||    9    |
| grp_fu_656 |  p1  |   2  |  32  |   64   ||    0    ||    9    |
| grp_fu_661 |  p0  |   2  |  34  |   68   ||    0    ||    9    |
| grp_fu_661 |  p1  |   2  |  32  |   64   ||    0    ||    9    |
| grp_fu_666 |  p0  |   2  |  34  |   68   ||    0    ||    9    |
| grp_fu_666 |  p1  |   2  |  32  |   64   ||    0    ||    9    |
| grp_fu_671 |  p0  |   2  |  34  |   68   ||    0    ||    9    |
| grp_fu_671 |  p1  |   2  |  32  |   64   ||    0    ||    9    |
|------------|------|------|------|--------||---------||---------||---------|
|    Total   |      |      |      |   792  ||  5.124  ||    0    ||   108   |
|------------|------|------|------|--------||---------||---------||---------|



* Summary:
+-----------+--------+--------+--------+--------+
|           |   DSP  |  Delay |   FF   |   LUT  |
+-----------+--------+--------+--------+--------+
|  Function |   24   |    -   |   588  |  1009  |
|   Memory  |    -   |    -   |    -   |    -   |
|Multiplexer|    -   |    5   |    0   |   108  |
|  Register |    -   |    -   |  2606  |    -   |
+-----------+--------+--------+--------+--------+
|   Total   |   24   |    5   |  3194  |  1117  |
+-----------+--------+--------+--------+--------+
