monotonic_time_ns,ros_time_sec,ros_time_nsec,cpu_short_window_percent,gpu_percent
4783819568533,1777552618,84222873,0.000,0.000
4783839899490,1777552618,104553638,66.667,25.000
4783859640368,1777552618,124294996,80.000,25.000
4783879639737,1777552618,144294109,85.714,38.000
4783899616640,1777552618,164270628,88.889,38.000
4783919656910,1777552618,184310642,90.909,26.000
4783939647351,1777552618,204302202,100.000,26.000
4783959641567,1777552618,224296099,98.485,25.000
4783979648778,1777552618,244303021,98.333,25.000
4783999639858,1777552618,264294550,98.333,25.000
4784019642460,1777552618,284295135,98.333,25.000
4784039659207,1777552618,304312811,98.333,25.000
4784059637070,1777552618,324291154,98.750,25.000
4784079637496,1777552618,344292508,98.864,26.000
4784099654019,1777552618,364308327,97.348,26.000
4784119635627,1777552618,384289422,97.348,25.000
4784139708220,1777552618,404362751,97.348,25.000
4784159646335,1777552618,424300258,97.348,25.000
4784179676523,1777552618,444330703,96.212,25.000
4784199638929,1777552618,464292564,96.212,0.000
4784219638426,1777552618,484292190,95.833,0.000
4784239652037,1777552618,504306249,95.833,25.000
4784259639693,1777552618,524294449,95.202,25.000
4784279638711,1777552618,544292666,91.794,0.000
4784299635136,1777552618,564288867,77.984,0.000
4784319638153,1777552618,584291981,69.683,8.000
4784339636115,1777552618,604290006,52.651,8.000
4784359664799,1777552618,624318531,40.048,25.000
4784379634405,1777552618,644287817,28.333,25.000
4784399637615,1777552618,664290195,28.571,0.000
4784419637145,1777552618,684289660,26.753,0.000
4784439635842,1777552618,704288806,26.797,0.000
4784459650925,1777552618,724305265,30.298,0.000
4784479635669,1777552618,744288793,34.037,25.000
4784499637311,1777552618,764290722,34.181,25.000
4784519633960,1777552618,784286731,37.456,25.000
4784539636561,1777552618,804295702,33.272,25.000
4784559636923,1777552618,824290047,32.493,0.000
4784579634852,1777552618,844287912,23.023,0.000
4784599633646,1777552618,864286961,21.937,19.000
4784619636215,1777552618,884289051,24.535,19.000
4784639673573,1777552618,904326248,23.755,26.000
4784659634410,1777552618,924287054,24.232,26.000
4784679636948,1777552618,944289591,25.940,20.000
4784699635389,1777552618,964288289,28.048,20.000
4784719635751,1777552618,984287466,29.143,25.000
4784739634000,1777552619,4286643,27.143,25.000
4784759631321,1777552619,24284221,27.476,25.000
4784779633827,1777552619,44286694,25.195,25.000
4784799621131,1777552619,64274030,23.680,0.000
4784819638390,1777552619,84289370,23.247,0.000
4784839633599,1777552619,104283938,23.175,25.000
4784859703088,1777552619,124355924,24.690,25.000
4784879638611,1777552619,144290934,24.635,25.000
4784899638492,1777552619,164291904,24.159,25.000
4784919637733,1777552619,184289225,21.962,25.000
4784939722584,1777552619,204373659,19.437,25.000
4784959640825,1777552619,224292700,19.437,20.000
4784979636482,1777552619,244289669,20.238,20.000
4784999634539,1777552619,264287855,19.048,25.000
4785019640853,1777552619,284295097,21.905,25.000
4785039728584,1777552619,304381419,28.853,5.000
4785059682092,1777552619,324335312,33.167,5.000
4785079641970,1777552619,344295573,36.169,25.000
4785099639867,1777552619,364294527,42.643,25.000
4785119669511,1777552619,384323275,43.929,25.000
4785139641134,1777552619,404294738,37.662,25.000
4785159587890,1777552619,424241493,40.476,25.000
4785179635552,1777552619,444289380,39.524,25.000
4785199638090,1777552619,464292718,40.060,0.000
4785220615867,1777552619,485269887,36.937,0.000
4785239641629,1777552619,504295297,41.964,25.000
4785259638342,1777552619,524292202,40.271,25.000
4785279642000,1777552619,544295892,39.058,25.000
4785299644538,1777552619,564298398,38.571,25.000
4785319666054,1777552619,584319401,39.000,0.000
4785339638028,1777552619,604291504,37.273,0.000
4785359639446,1777552619,624293466,37.667,25.000
4785379649312,1777552619,644303076,39.952,25.000
4785399650922,1777552619,664304910,40.238,0.000
4785419662997,1777552619,684316504,40.563,0.000
4785439636731,1777552619,704290751,41.619,0.000
4785459631556,1777552619,724285384,40.260,0.000
4785479611212,1777552619,744265968,40.260,25.000
4785499676348,1777552619,764330656,39.578,25.000
4785519641602,1777552619,784295558,36.548,25.000
4785539637131,1777552619,804290607,37.869,25.000
4785559691738,1777552619,824345502,36.093,25.000
4785579666369,1777552619,844320581,35.702,25.000
4785599637415,1777552619,864291691,36.500,0.000
4785619639633,1777552619,884293013,39.119,0.000
4785639655228,1777552619,904308608,36.320,25.000
4785659637476,1777552619,924297672,37.835,25.000
4785679640878,1777552619,944295089,39.619,0.000
4785699642071,1777552619,964296187,41.732,0.000
4785719635392,1777552619,984288388,37.868,25.000
4785739637226,1777552620,4289709,35.054,25.000
4785759645780,1777552620,24298520,33.994,25.000
4785779646365,1777552620,44299553,28.885,25.000
4785799640422,1777552620,64292394,19.037,0.000
4785819633231,1777552620,84284466,19.381,0.000
4785839700736,1777552620,104352195,19.857,0.000
4785859631618,1777552620,124282981,18.052,0.000
4785879695762,1777552620,144349334,21.764,25.000
4785899652087,1777552620,164305563,21.840,25.000
4785919642719,1777552620,184295779,25.682,25.000
4785939636552,1777552620,204288972,23.030,25.000
4785959663252,1777552620,224317144,24.000,0.000
4785979632091,1777552620,244285598,22.694,0.000
4785999646278,1777552620,264300233,22.278,25.000
4786019640142,1777552620,284293394,22.813,25.000
4786039631607,1777552620,304286331,30.063,25.000
4786059633537,1777552620,324286852,29.224,25.000
4786079633002,1777552620,344286062,25.963,25.000
4786099632884,1777552620,364287191,31.179,25.000
4786119637629,1777552620,384292033,31.810,25.000
4786139638983,1777552620,404293259,29.810,25.000
4786159636880,1777552620,424289780,32.345,0.000
4786179640538,1777552620,444294046,36.488,0.000
4786199671751,1777552620,464326059,36.742,0.000
4786219639117,1777552620,484293169,38.636,0.000
4786239635990,1777552620,504290714,39.596,25.000
4786259634687,1777552620,524288931,37.367,25.000
4786279639817,1777552620,544294573,36.717,25.000
4786299639667,1777552620,564294199,38.416,25.000
4786319642429,1777552620,584296544,39.044,25.000
4786339638854,1777552620,604293097,37.774,25.000
4786359646224,1777552620,624300500,40.690,25.000
4786379642873,1777552620,644297085,40.690,25.000
4786399637986,1777552620,664292902,40.690,25.000
4786419686609,1777552620,684340820,40.071,25.000
4786439641493,1777552620,704296153,41.623,0.000
4786459645279,1777552620,724300099,41.851,0.000
4786479641032,1777552620,744295660,43.561,25.000
4786499643442,1777552620,764297718,48.939,25.000
4786519638715,1777552620,784298431,52.083,25.000
4786539635972,1777552620,804289672,49.583,25.000
4786559638542,1777552620,824292882,52.833,0.000
4786579641240,1777552620,844295355,51.061,0.000
4786599689414,1777552620,864343402,49.714,0.000
4786619674862,1777552620,884327314,43.409,0.000
4786639683609,1777552620,904335964,39.268,25.000
4786659684418,1777552620,924336678,36.162,25.000
4786679661417,1777552620,944316173,30.851,25.000
4786699641424,1777552620,964294900,26.955,25.000
4786719637305,1777552620,984290013,26.365,0.000
4786739638403,1777552621,4291303,26.206,0.000
4786759638989,1777552621,24291888,24.623,25.000
4786779637942,1777552621,44290233,23.929,25.000
4786799636223,1777552621,64293539,18.290,6.000
4786819637801,1777552621,84289164,23.119,6.000
4786839637138,1777552621,104288022,21.017,25.000
4786859656670,1777552621,124308289,24.369,25.000
4786879635237,1777552621,144287561,21.775,25.000
4786899636207,1777552621,164289266,21.342,25.000
4786919668795,1777552621,184321983,19.784,0.000
4786939636962,1777552621,204291397,22.476,0.000
4786959638219,1777552621,224291087,22.476,0.000
4786979636532,1777552621,244289496,21.299,0.000
4786999636638,1777552621,264290114,27.357,7.000
4787019637191,1777552621,284289867,26.833,7.000
4787039639985,1777552621,304292757,25.317,25.000
4787059646971,1777552621,324299807,21.551,25.000
4787079635300,1777552621,344287655,23.706,7.000
4787099637485,1777552621,364291057,20.685,7.000
4787119640631,1777552621,384294267,18.095,25.000
4787139666851,1777552621,404319847,18.095,25.000
4787159639818,1777552621,424292942,19.683,38.000
4787179637331,1777552621,444290295,16.595,38.000
4787199636061,1777552621,464289344,20.476,0.000
4787219635046,1777552621,484287882,18.615,0.000
4787239636912,1777552621,504289235,20.130,25.000
4787259634297,1777552621,524286812,17.605,25.000
4787279634050,1777552621,544286022,18.175,25.000
4787299634092,1777552621,564286703,16.017,25.000
4787320051233,1777552621,584705061,17.778,25.000
4787339644064,1777552621,604298659,21.528,25.000
4787359641001,1777552621,624295053,32.611,25.000
4787379636402,1777552621,644289557,31.162,25.000
4787399640892,1777552621,664294687,36.616,25.000
4787419639237,1777552621,684290568,38.636,25.000
4787439635566,1777552621,704287666,35.552,51.000
4787459633975,1777552621,724285947,27.922,51.000
4787479634977,1777552621,744287012,27.131,25.000
4787499636587,1777552621,764289422,21.131,25.000
4787519634196,1777552621,784286487,17.190,25.000
4787539633757,1777552621,804285793,18.001,25.000
4787559634279,1777552621,824287434,19.802,25.000
4787579636400,1777552621,844288916,19.517,25.000
4787599636442,1777552621,864289278,19.802,0.000
4787619598719,1777552621,884250115,21.310,0.000
4787639629356,1777552621,904281552,21.310,25.000
4787659628918,1777552621,924280601,21.786,25.000
4787679680965,1777552621,944336072,20.119,25.000
4787699638922,1777552621,964292973,25.357,25.000
4787719633938,1777552621,984286998,22.186,32.000
4787739671872,1777552622,4325988,27.489,32.000
4787759685451,1777552622,24340783,39.358,25.000
4787779640144,1777552622,44294451,54.131,25.000
4787799638425,1777552622,64293405,64.520,0.000
4787819642339,1777552622,84296070,78.157,0.000
4787839638700,1777552622,104293168,91.414,0.000
4787859657751,1777552622,124312763,91.364,0.000
4787879634078,1777552622,144288450,90.606,38.000
4787899636552,1777552622,164295436,75.917,38.000
4787919634705,1777552622,184288213,65.985,25.000
4787939633595,1777552622,204288254,48.000,25.000
4787959635748,1777552622,224290216,50.909,25.000
4787979639278,1777552622,244293810,40.083,25.000
4787999635543,1777552622,264289787,41.548,0.000
4788019634081,1777552622,284286532,39.892,0.000
4788039710834,1777552622,304364758,51.083,25.000
4788059634227,1777552622,324288215,42.306,25.000
4788079634109,1777552622,344288289,38.492,31.000
4788099633286,1777552622,364287722,36.413,31.000
4788119634032,1777552622,384288372,39.079,26.000
4788139631929,1777552622,404285725,37.345,26.000
4788159632899,1777552622,424286726,30.130,26.000
4788179632204,1777552622,444285776,29.264,26.000
4788199638774,1777552622,464292602,30.476,0.000
4788219632159,1777552622,484284387,32.857,0.000
4788239643018,1777552622,504296141,31.234,0.000
4788259634930,1777552622,524288342,34.738,0.000
4788279636572,1777552622,544290176,34.738,26.000
4788299635653,1777552622,564289481,35.765,26.000
4788319635823,1777552622,584289810,35.765,26.000
4788339636824,1777552622,604290684,38.222,26.000
4788359634722,1777552622,624288357,37.886,0.000
4788379635083,1777552622,644288815,36.371,0.000
4788399636597,1777552622,664290232,34.048,27.000
4788419634942,1777552622,684286625,31.017,27.000
4788439635655,1777552622,704288875,28.571,26.000
4788459633649,1777552622,724287028,29.286,26.000
4788479635770,1777552622,744288990,28.036,26.000
4788499635588,1777552622,764289032,26.623,26.000
4788519634285,1777552622,784287121,30.000,25.000
4788539636279,1777552622,804289307,29.058,25.000
4788559633504,1777552622,824286756,29.167,26.000
4788579635274,1777552622,844288461,29.199,26.000
4788599636819,1777552622,864290455,30.155,0.000
4788619636541,1777552622,884288640,28.582,0.000
4788639633862,1777552622,904286922,29.476,34.000
4788659633551,1777552622,924286835,31.082,34.000
4788679639834,1777552622,944293885,31.571,26.000
4788699636547,1777552622,964290598,36.429,26.000
4788719634124,1777552622,984286959,36.095,34.000
4788739635317,1777552623,4287929,36.810,34.000
4788759632575,1777552623,24285314,36.494,26.000
4788779636200,1777552623,44289356,36.143,26.000
4788799633714,1777552623,64287029,31.558,25.000
4788819634139,1777552623,84286719,33.420,25.000
4788839637317,1777552623,104290985,36.762,0.000
4788859632814,1777552623,124286002,36.762,0.000
4788879636024,1777552623,144289467,35.238,26.000
4788899635105,1777552623,164288933,34.589,26.000
4788919636267,1777552623,184289390,36.000,27.000
4788939637236,1777552623,204290968,36.061,27.000
4788959635710,1777552623,224289249,35.500,27.000
4788979635655,1777552623,244289163,32.786,27.000
4788999636785,1777552623,264290708,31.623,0.000
4789019635066,1777552623,284286621,32.273,0.000
4789039605632,1777552623,304258212,32.786,26.000
4789059635597,1777552623,324289297,31.320,26.000
4789079638199,1777552623,344291994,33.917,27.000
4789099637696,1777552623,364291908,32.631,27.000
4789119634761,1777552623,384288397,31.202,0.000
4789139638195,1777552623,404291767,29.318,0.000
4789159634972,1777552623,424288128,30.639,26.000
4789179634886,1777552623,444288265,29.502,26.000
4789199636591,1777552623,464290131,28.203,0.000
4789219634329,1777552623,484286940,29.502,0.000
4789239635586,1777552623,504288486,33.074,0.000
4789259635628,1777552623,524289167,34.038,0.000
4789279636469,1777552623,544290361,29.990,26.000
4789299641439,1777552623,564295619,31.955,26.000
4789319636200,1777552623,584289580,32.490,27.000
4789339635185,1777552623,604289269,31.396,27.000
4789359636027,1777552623,624289631,31.071,0.000
4789379635236,1777552623,644289320,31.786,0.000
4789399634414,1777552623,664288241,30.714,7.000
4789419636664,1777552623,684289979,31.821,7.000
4789439636257,1777552623,704289029,31.201,26.000
4789459635242,1777552623,724288334,33.474,26.000
4789479634772,1777552623,744287543,31.201,8.000
4789499637309,1777552623,764291073,31.786,8.000
4789519637095,1777552623,784290667,29.545,26.000
4789539636592,1777552623,804289940,33.286,26.000
4789559622040,1777552623,824275740,30.909,26.000
4789579635683,1777552623,844289255,25.714,26.000
4789599636557,1777552623,864290608,31.619,0.000
4789619633814,1777552623,884286201,33.619,0.000
4789639633023,1777552623,904285315,30.563,26.000
4789659608838,1777552623,924262602,29.063,26.000
4789679636147,1777552623,944289846,33.111,11.000
4789699634492,1777552623,964287967,31.063,11.000
4789719634789,1777552623,984288233,27.590,26.000
4789739636079,1777552624,4289779,28.240,26.000
4789759637977,1777552624,24291452,29.913,19.000
4789779636386,1777552624,44289285,31.082,19.000
4789799638284,1777552624,64291855,27.403,26.000
4789819633461,1777552624,84285336,32.143,26.000
4789839634398,1777552624,104287234,29.429,11.000
4789859632967,1777552624,124286123,29.506,11.000
4789879634449,1777552624,144288149,27.473,26.000
4789899636059,1777552624,164289566,26.810,26.000
4789919636132,1777552624,184289512,26.919,26.000
4789939635790,1777552624,204289873,30.689,26.000
4789959637175,1777552624,224290491,29.881,26.000
4789979638113,1777552624,244291556,30.833,26.000
4789999638730,1777552624,264292494,33.611,0.000
4790019636339,1777552624,284288695,31.421,0.000
4790039636189,1777552624,304289505,32.540,26.000
4790059637030,1777552624,324290346,34.738,26.000
4790079638992,1777552624,344292724,37.119,26.000
4790099638682,1777552624,364292573,36.126,26.000
4790119636579,1777552624,384291015,35.452,6.000
4790139637388,1777552624,404290896,36.222,6.000
4790159637974,1777552624,424291194,36.008,26.000
4790179636319,1777552624,444290371,32.734,26.000
4790199638985,1777552624,464292973,31.522,5.000
4790219640883,1777552624,484293526,30.830,5.000
4790239637436,1777552624,504291744,31.461,0.000
4790259637509,1777552624,524290793,34.393,0.000
4790279637711,1777552624,544291666,34.393,26.000
4790299637560,1777552624,564291868,33.084,26.000
4790319637250,1777552624,584291333,34.870,26.000
4790339638443,1777552624,604291631,35.440,26.000
4790359636084,1777552624,624289976,34.037,26.000
4790379636414,1777552624,644290242,28.626,26.000
4790399634535,1777552624,664288139,33.202,0.000
4790419636273,1777552624,684288244,29.048,0.000
4790439636954,1777552624,704289950,30.866,26.000
4790459636228,1777552624,724289223,29.952,26.000
4790479635949,1777552624,744288849,32.905,4.000
4790499637431,1777552624,764291099,30.173,4.000
4790519635712,1777552624,784288996,31.524,21.000
4790539637354,1777552624,804290445,31.690,21.000
4790559636179,1777552624,824289495,29.964,26.000
4790579636285,1777552624,844290240,28.146,26.000
4790599637030,1777552624,864290154,30.294,26.000
4790619635727,1777552624,884287859,30.960,26.000
4790639634841,1777552624,904287804,32.460,26.000
4790659635970,1777552624,924289158,35.238,26.000
4790679635500,1777552624,944288847,31.169,0.000
4790699636373,1777552624,964289433,31.818,0.000
4790719635263,1777552624,984288514,34.293,26.000
4790739636488,1777552625,4289292,30.981,26.000
4790759602382,1777552625,24255730,28.032,0.000
4790779633371,1777552625,44286623,30.413,0.000
4790799635493,1777552625,64288360,27.648,26.000
4790819633294,1777552625,84284657,31.357,26.000
4790839637112,1777552625,104289563,33.000,26.000
4790859632353,1777552625,124285540,31.818,26.000
4790879636907,1777552625,144290446,35.952,0.000
4790899637204,1777552625,164290456,33.442,0.000
4790919636606,1777552625,184290337,35.765,0.000
4790939637191,1777552625,204290507,33.947,0.000
4790959635120,1777552625,224288980,36.556,26.000
4790979634330,1777552625,244287997,33.535,26.000
4790999603520,1777552625,264257732,31.056,26.000
4791019634733,1777552625,284288240,31.833,26.000
4791039634390,1777552625,304288154,32.167,0.000
4791059637632,1777552625,324291396,32.879,0.000
4791079637289,1777552625,344290989,33.636,26.000
4791099638131,1777552625,364291063,40.000,26.000
4791119635164,1777552625,384288768,37.987,26.000
4791139634885,1777552625,404288105,39.690,26.000
4791159635855,1777552625,424289747,37.476,26.000
4791179635801,1777552625,444289596,36.143,26.000
4791199636450,1777552625,464290150,35.887,26.000
4791219638604,1777552625,484290863,37.100,26.000
4791239637205,1777552625,504290393,36.024,26.000
4791259635870,1777552625,524290210,34.567,26.000
4791279635496,1777552625,544289260,34.113,0.000
4791299638770,1777552625,564293109,36.476,0.000
4791319639355,1777552625,584293151,35.857,26.000
4791339638661,1777552625,604292680,35.065,26.000
4791359640206,1777552625,624294738,41.536,26.000
4791379637623,1777552625,644291547,44.119,26.000
4791399636737,1777552625,664290949,43.139,26.000
4791419637322,1777552625,684291662,44.048,26.000
4791439637396,1777552625,704291736,50.452,26.000
4791459640766,1777552625,724294945,47.684,26.000
4791479639655,1777552625,744293355,47.587,26.000
4791499639632,1777552625,764293972,49.607,26.000
4791519637882,1777552625,784291933,47.893,4.000
4791539638179,1777552625,804291687,44.708,4.000
4791559637901,1777552625,824290896,37.468,26.000
4791579638070,1777552625,844291322,35.519,26.000
4791599634463,1777552625,864287811,30.584,26.000
4791619635977,1777552625,884289100,31.739,26.000
4791639637362,1777552625,904290486,29.913,26.000
4791659637116,1777552625,924290240,30.484,26.000
4791679636901,1777552625,944290505,28.817,0.000
4791699636207,1777552625,964289074,33.817,0.000
4791719635192,1777552625,984288636,29.329,26.000
4791739635522,1777552626,4288901,29.524,26.000
4791759635755,1777552626,24289487,29.957,26.000
4791779640181,1777552626,44293529,32.952,26.000
4791799639198,1777552626,64291362,29.957,0.000
4791819640168,1777552626,84293580,31.169,0.000
4791839636497,1777552626,104289525,32.905,26.000
4791859635482,1777552626,124289246,35.190,26.000
4791879639524,1777552626,144293160,35.325,0.000
4791899634829,1777552626,164288529,34.069,0.000
4791919635735,1777552626,184289210,37.749,0.000
4791939637760,1777552626,204291620,37.749,0.000
4791959637610,1777552626,224291214,33.853,26.000
4791979635763,1777552626,244289623,31.991,26.000
4791999634653,1777552626,264289152,32.357,26.000
4792019634822,1777552626,284287146,34.827,26.000
4792039633327,1777552626,304286227,29.690,0.000
4792059634425,1777552626,324287421,32.643,0.000
4792079633122,1777552626,344285990,31.690,0.000
4792099632492,1777552626,364285967,34.719,0.000
4792119637462,1777552626,384291193,28.619,26.000
4792139632991,1777552626,404286434,29.048,26.000
4792159635848,1777552626,424289388,26.970,0.000
4792179635634,1777552626,444289334,27.316,0.000
4792199632731,1777552626,464286623,25.333,26.000
4792219632388,1777552626,484285160,28.788,26.000
4792239633006,1777552626,504286002,30.000,26.000
4792259635288,1777552626,524288475,31.212,26.000
4792279630401,1777552626,544283556,27.229,0.000
4792299637771,1777552626,564290767,30.909,0.000
4792319637908,1777552626,584292152,32.238,0.000
4792339635358,1777552626,604289569,31.571,0.000
4792359635175,1777552626,624289003,33.571,7.000
4792379635088,1777552626,644288308,34.524,7.000
4792399634522,1777552626,664287998,31.385,26.000
4792419636100,1777552626,684289543,30.238,26.000
4792439636237,1777552626,704290193,29.913,7.000
4792459637111,1777552626,724290682,28.071,7.000
4792479636928,1777552626,744290340,27.684,26.000
4792499631561,1777552626,764285357,29.502,26.000
4792519635443,1777552626,784289431,30.455,26.000
4792539637180,1777552626,804290400,25.909,26.000
4792559634630,1777552626,824287401,23.636,0.000
4792579633039,1777552626,844286131,23.619,0.000
4792599636313,1777552626,864289948,23.619,26.000
4792619634434,1777552626,884287238,23.290,26.000
4792639634123,1777552626,904287375,23.952,25.000
4792659634549,1777552626,924288185,25.952,25.000
4792679635519,1777552626,944288066,23.333,26.000
4792699633384,1777552626,964286507,24.000,26.000
4792719635538,1777552626,984288885,22.000,12.000
4792739635291,1777552627,4289023,22.381,12.000
4792759636164,1777552627,24289416,25.571,26.000
4792779635662,1777552627,44288786,26.277,26.000
4792799637016,1777552627,64290427,27.792,9.000
4792819637665,1777552627,84290085,30.405,9.000
4792839635786,1777552627,104289070,32.786,26.000
4792859636148,1777552627,124289303,28.500,26.000
4792879634333,1777552627,144286785,27.452,26.000
4792899635239,1777552627,164287338,30.931,26.000
4792919635056,1777552627,184288084,29.416,26.000
4792939641402,1777552627,204294366,25.357,26.000
4792959636035,1777552627,224289095,26.916,0.000
4792979633324,1777552627,244286192,26.916,0.000
4792999632854,1777552627,264286553,27.321,26.000
4793019634015,1777552627,284286083,30.655,26.000
4793039636745,1777552627,304289517,29.762,26.000
4793059637171,1777552627,324290646,27.771,26.000
4793079634684,1777552627,344288095,25.952,6.000
4793099636389,1777552627,364290121,30.595,6.000
4793119636559,1777552627,384290963,26.762,26.000
4793139635512,1777552627,404289052,30.905,26.000
4793159636226,1777552627,424289894,31.277,4.000
4793179633931,1777552627,444287567,34.405,4.000
4793199635349,1777552627,464288888,30.519,0.000
4793219657152,1777552627,484310532,29.004,0.000
4793239640360,1777552627,504293964,28.119,26.000
4793259635729,1777552627,524288885,29.913,26.000
4793279633306,1777552627,544286142,23.667,26.000
4793299635076,1777552627,564288552,27.879,26.000
4793319634477,1777552627,584288113,27.119,26.000
4793339635383,1777552627,604289243,22.489,26.000
4793359635969,1777552627,624290148,23.786,0.000
4793379634154,1777552627,644288013,24.957,0.000
4793399633715,1777552627,664287895,23.786,26.000
4793419634621,1777552627,684286304,27.078,26.000
4793439635334,1777552627,704288298,25.024,4.000
4793459635504,1777552627,724289011,25.022,4.000
4793479633209,1777552627,744286813,23.857,21.000
4793499634051,1777552627,764287878,26.357,21.000
4793519627979,1777552627,784281455,27.013,26.000
4793539635862,1777552627,804289657,26.710,26.000
4793559635263,1777552627,824288643,27.244,0.000
4793579634280,1777552627,844287916,26.486,0.000
4793599634258,1777552627,864287926,26.595,0.000
4793619634107,1777552627,884287583,28.770,0.000
4793639632773,1777552627,904286792,30.480,26.000
4793659635502,1777552627,924288786,25.891,26.000
4793679635512,1777552627,944288860,25.821,26.000
4793699632481,1777552627,964286885,26.036,26.000
4793719635467,1777552627,984288719,23.619,0.000
4793739635892,1777552628,4289560,20.619,0.000
4793759635614,1777552628,24288833,23.952,26.000
4793779635175,1777552628,44287723,24.805,26.000
4793799635665,1777552628,64287956,26.429,26.000
4793819633402,1777552628,84285694,27.571,26.000
4793839636228,1777552628,104289447,28.961,26.000
4793859637293,1777552628,124291153,33.190,26.000
4793879633366,1777552628,144285978,33.821,26.000
4793899634784,1777552628,164288132,34.036,26.000
4793919634249,1777552628,184287757,29.729,26.000
4793939634259,1777552628,204287222,28.409,26.000
4793959636605,1777552628,224290304,29.621,0.000
4793979633446,1777552628,244286729,26.364,0.000
4793999634671,1777552628,264288083,24.000,26.000
4794019633721,1777552628,284286044,24.545,26.000
4794039633474,1777552628,304286406,27.952,26.000
4794059635276,1777552628,324287951,27.571,26.000
4794079632501,1777552628,344285401,28.238,26.000
4794099633791,1777552628,364287394,30.519,26.000
4794119632424,1777552628,384285099,31.571,26.000
4794139636818,1777552628,404290550,27.835,26.000
4794159633787,1777552628,424287263,30.667,26.000
4794179634148,1777552628,444287496,28.000,26.000
4794199635022,1777552628,464288562,30.303,0.000
4794219631831,1777552628,484283867,31.169,0.000
4794239634977,1777552628,504287845,28.139,26.000
4794259635402,1777552628,524288846,26.619,26.000
4794279632052,1777552628,544284983,28.095,26.000
4794299635997,1777552628,564290145,29.905,26.000
4794319634759,1777552628,584288651,27.952,26.000
4794339636784,1777552628,604290740,27.952,26.000
4794359635482,1777552628,624289150,28.701,0.000
4794379636003,1777552628,644288999,26.623,0.000
4794399632332,1777552628,664286448,27.841,26.000
4794419631830,1777552628,684284921,24.553,26.000
4794439636672,1777552628,704290564,22.994,26.000
4794459636681,1777552628,724289901,24.341,26.000
4794479631954,1777552628,744285590,27.675,0.000
4794499633116,1777552628,764286912,22.786,0.000
4794519634117,1777552628,784287721,25.563,26.000
4794539634447,1777552628,804288243,24.848,26.000
4794559635801,1777552628,824289596,27.879,26.000
4794579633570,1777552628,844287781,28.485,26.000
4794599634027,1777552628,864288111,28.485,26.000
4794619632885,1777552628,884285912,29.333,26.000
4794639635166,1777552628,904288322,29.697,0.000
4794659634024,1777552628,924287211,28.000,0.000
4794679633361,1777552628,944286677,29.619,26.000
4794699637115,1777552628,964289951,31.619,26.000
4794719632708,1777552628,984285896,29.957,26.000
4794739631469,1777552629,4284753,28.571,26.000
4794759632183,1777552629,24285242,31.299,0.000
4794779633408,1777552629,44287012,30.643,0.000
4794799635434,1777552629,64287790,29.675,26.000
4794819638036,1777552629,84292312,31.976,26.000
4794839638397,1777552629,104292641,33.405,0.000
4794859633158,1777552629,124286602,32.214,0.000
4794879632144,1777552629,144285651,32.316,0.000
4794899633657,1777552629,164287357,32.468,0.000
4794919640323,1777552629,184294087,35.195,26.000
4794939635084,1777552629,204289232,33.139,26.000
4794959634806,1777552629,224288057,30.563,26.000
4794979635583,1777552629,244289507,32.071,26.000
4794999636681,1777552629,264290573,33.690,0.000
4795019633810,1777552629,284287350,29.357,0.000
4795039635356,1777552629,304288895,28.571,0.000
4795059635909,1777552629,324289609,31.738,0.000
4795079635503,1777552629,344289106,30.286,26.000
4795099634648,1777552629,364288636,28.485,26.000
4795119635746,1777552629,384290149,28.000,0.000
4795139634859,1777552629,404288687,27.273,0.000
4795159635733,1777552629,424288888,27.532,26.000
4795179635742,1777552629,444289506,28.405,26.000
4795199636040,1777552629,464289643,28.405,26.000
4795219634289,1777552629,484287220,28.853,26.000
4795239634522,1777552629,504287166,31.357,0.000
4795259634020,1777552629,524287463,29.913,0.000
4795279633997,1777552629,544287249,31.126,26.000
4795299636311,1777552629,564289915,31.883,26.000
4795319635008,1777552629,584289060,34.024,26.000
4795339635626,1777552629,604289869,31.580,26.000
4795359648885,1777552629,624302168,30.905,26.000
4795379634205,1777552629,644288352,29.654,26.000
4795399636198,1777552629,664290314,29.957,7.000
4795419636240,1777552629,684289971,28.745,7.000
4795439634425,1777552629,704288029,28.745,26.000
4795459635491,1777552629,724288774,31.775,26.000
4795479635948,1777552629,744289328,36.000,18.000
4795499634997,1777552629,764288729,35.667,18.000
4795519634815,1777552629,784288355,35.000,26.000
4795539636969,1777552629,804290284,33.333,26.000
4795559636338,1777552629,824289046,34.381,26.000
4795579636091,1777552629,844288831,29.333,26.000
4795599635877,1777552629,864289224,29.805,26.000
4795619635566,1777552629,884288114,32.310,26.000
4795639635352,1777552629,904287995,32.706,0.000
4795659635297,1777552629,924287813,29.675,0.000
4795679635947,1777552629,944289678,32.965,26.000
4795699636628,1777552629,964290488,33.918,26.000
4795719636062,1777552629,984290145,36.407,26.000
4795739635719,1777552630,4289451,36.857,26.000
4795759636977,1777552630,24290484,36.537,10.000
4795779637690,1777552630,44291070,35.931,10.000
4795799639588,1777552630,64292167,35.524,26.000
4795819641006,1777552630,84294481,33.952,26.000
4795839634902,1777552630,104288250,33.952,6.000
4795859636512,1777552630,124289700,30.619,6.000
4795879639658,1777552630,144292781,33.550,0.000
4795899636179,1777552630,164289399,30.866,0.000
4795919634524,1777552630,184288288,32.905,26.000
4795939635654,1777552630,204289801,28.701,26.000
4795959633199,1777552630,224286131,30.216,26.000
4795979632280,1777552630,244285788,30.216,26.000
4795999639811,1777552630,264293574,28.853,26.000
4796019637452,1777552630,284290991,27.229,26.000
4796039636437,1777552630,304290073,32.238,0.000
4796059637279,1777552630,324289698,29.738,0.000
4796079634312,1777552630,344287916,31.883,26.000
4796099645203,1777552630,364299542,28.952,26.000
4796119636155,1777552630,384290335,32.273,5.000
4796139633796,1777552630,404287688,30.758,5.000
4796159638190,1777552630,424291730,31.048,20.000
4796179633047,1777552630,444286523,32.121,20.000
4796199639105,1777552630,464292837,36.000,26.000
4796219672814,1777552630,484326578,30.619,26.000
4796239640500,1777552630,504294264,34.571,0.000
4796259633021,1777552630,524286497,37.952,0.000
4796279631046,1777552630,544284458,36.333,0.000
4796299636080,1777552630,564289844,37.576,0.000
4796319636122,1777552630,584289917,42.667,26.000
4796339639588,1777552630,604293287,41.000,26.000
4796359633516,1777552630,624287152,39.654,26.000
4796379634230,1777552630,644287834,40.159,26.000
4796399636768,1777552630,664290819,39.175,0.000
4796419637033,1777552630,684290541,35.613,0.000
4796439637843,1777552630,704291062,33.556,21.000
4796459633532,1777552630,724286431,32.128,21.000
4796479640422,1777552630,744293610,30.738,26.000
4796499635055,1777552630,764288690,29.405,26.000
4796519655546,1777552630,784309822,32.976,21.000
4796539630017,1777552630,804283621,33.615,21.000
4796559636843,1777552630,824290063,36.476,26.000
4796579633428,1777552630,844287320,38.052,26.000
4796599633534,1777552630,864287394,38.398,27.000
4796619634568,1777552630,884288139,33.000,27.000
4796639634737,1777552630,904287925,32.424,0.000
4796659635739,1777552630,924288926,33.550,0.000
4796679636708,1777552630,944289864,32.987,26.000
4796699636206,1777552630,964289361,30.476,26.000
4796719637047,1777552630,984290907,33.160,26.000
4796739637697,1777552631,4291652,33.810,26.000
4796759637130,1777552631,24291022,32.857,27.000
4796779639508,1777552631,44292759,31.524,27.000
4796799639517,1777552631,64292193,31.905,26.000
4796819637287,1777552631,84290186,32.286,26.000
4796839642961,1777552631,104296660,34.667,26.000
4796859636921,1777552631,124290205,35.411,26.000
4796879637027,1777552631,144290375,38.167,0.000
4796899637036,1777552631,164290544,33.485,0.000
4796919635734,1777552631,184289401,33.485,26.000
4796939636191,1777552631,204289987,31.926,26.000
4796959641417,1777552631,224294797,31.119,26.000
4796979636914,1777552631,244290230,31.732,26.000
4796999636924,1777552631,264290623,33.905,26.000
4797019638085,1777552631,284290953,34.156,26.000
4797039638159,1777552631,304291570,35.238,0.000
4797059636856,1777552631,324289820,35.065,0.000
4797079635841,1777552631,344288837,32.952,26.000
4797099636107,1777552631,364289583,31.169,26.000
4797119638645,1777552631,384291992,30.905,26.000
4797139631773,1777552631,404285537,29.238,26.000
4797159635271,1777552631,424289323,28.095,0.000
4797179635313,1777552631,444288596,27.835,0.000
4797199635738,1777552631,464288798,33.857,26.000
4797219636260,1777552631,484288839,29.913,26.000
4797239634317,1777552631,504286929,30.779,0.000
4797259634871,1777552631,524288890,33.810,0.000
4797279635488,1777552631,544289348,34.095,0.000
4797299636586,1777552631,564290509,31.645,0.000
4797319636083,1777552631,584290199,30.940,26.000
4797339635676,1777552631,604289632,30.821,26.000
4797359636102,1777552631,624290250,31.959,26.000
4797379591563,1777552631,644245390,31.583,26.000
4797399636569,1777552631,664290301,33.250,0.000
4797419638915,1777552631,684291462,36.500,0.000
4797439634156,1777552631,704287375,36.212,0.000
4797459636469,1777552631,724289369,34.119,0.000
4797479636991,1777552631,744290211,35.452,26.000
4797499637064,1777552631,764290796,34.394,26.000
4797519600558,1777552631,784254002,33.786,0.000
4797539633787,1777552631,804287103,34.502,0.000
4797559632836,1777552631,824285768,34.502,25.000
4797579611019,1777552631,844264207,36.017,25.000
4797599632375,1777552631,864285979,38.398,25.000
4797619636993,1777552631,884290757,36.234,25.000
4797639615432,1777552631,904268748,36.524,0.000
4797659634900,1777552631,924287735,36.655,0.000
4797679618940,1777552631,944271263,37.825,25.000
4797699632487,1777552631,964286250,36.321,25.000
4797719634544,1777552631,984288532,36.050,25.000
4797739634298,1777552632,4287613,37.655,25.000
4797759628227,1777552632,24281446,37.522,26.000
4797779635085,1777552632,44288208,36.952,26.000
4797799636342,1777552632,64290074,35.411,0.000
4797819635872,1777552632,84289571,36.068,0.000
4797839633577,1777552632,104286541,35.008,26.000
4797859638739,1777552632,124292535,34.722,26.000
4797879638620,1777552632,144292160,36.294,26.000
4797899638022,1777552632,164291978,38.579,26.000
4797919635343,1777552632,184289363,36.810,0.000
4797939632888,1777552632,204285916,35.281,0.000
4797959634978,1777552632,224288486,37.810,26.000
4797979635691,1777552632,244288751,35.325,26.000
4797999635861,1777552632,264290297,34.416,25.000
4798019635230,1777552632,284288546,34.905,25.000
4798039632648,1777552632,304285483,37.905,26.000
4798059636177,1777552632,324289365,35.974,26.000
4798079633435,1777552632,344286686,37.489,0.000
4798099632196,1777552632,364285672,38.905,0.000
4798119634542,1777552632,384288113,39.857,26.000
4798139639032,1777552632,404292571,38.857,26.000
4798159633568,1777552632,424286660,40.476,26.000
4798179632458,1777552632,444285741,40.968,26.000
4798199634771,1777552632,464288311,43.304,26.000
4798219632349,1777552632,484285216,40.491,26.000
4798239634982,1777552632,504288394,40.302,20.000
4798259633552,1777552632,524286611,39.635,20.000
4798279635257,1777552632,544288797,38.052,0.000
4798299638723,1777552632,564292839,35.190,0.000
4798319631756,1777552632,584285616,35.286,25.000
4798339636406,1777552632,604289850,33.701,25.000
4798359636223,1777552632,624289187,33.357,26.000
4798379634473,1777552632,644287724,34.870,26.000
4798399634098,1777552632,664288182,34.870,26.000
4798419634140,1777552632,684286687,36.405,26.000
4798439634789,1777552632,704288265,37.238,0.000
4798459632814,1777552632,724285554,34.805,0.000
4798479631896,1777552632,744285691,36.286,25.000
4798499636322,1777552632,764290565,36.883,25.000
4798519635403,1777552632,784290255,34.502,18.000
4798539636341,1777552632,804290488,34.156,18.000
4798559633886,1777552632,824287233,36.286,7.000
4798579632487,1777552632,844285547,32.338,7.000
4798599632945,1777552632,864287188,32.987,26.000
4798619640155,1777552632,884292702,34.738,26.000
4798639635524,1777552632,904287303,34.738,26.000
4798659635949,1777552632,924288785,33.203,26.000
4798679632406,1777552632,944285466,37.190,26.000
4798699635520,1777552632,964289540,35.714,26.000
4798719633738,1777552632,984287789,36.364,0.000
4798739635635,1777552633,4289207,39.500,0.000
4798759635197,1777552633,24288864,38.939,25.000
4798779634694,1777552633,44288074,39.697,25.000
4798799639184,1777552633,64293044,39.524,10.000
4798819637241,1777552633,84290109,39.476,10.000
4798839634242,1777552633,104287750,40.476,19.000
4798859633036,1777552633,124286607,39.143,19.000
4798879616083,1777552633,144269815,39.264,26.000
4798899636095,1777552633,164289699,41.476,26.000
4798919637193,1777552633,184290892,38.857,0.000
4798939634450,1777552633,204288533,35.325,0.000
4798959636251,1777552633,224289855,37.869,14.000
4798979636453,1777552633,244289929,35.942,14.000
4798999639183,1777552633,264292754,34.202,25.000
4799019634680,1777552633,284288027,34.989,25.000
4799039637505,1777552633,304290437,34.232,25.000
4799059632458,1777552633,324285806,34.738,25.000
4799079632564,1777552633,344286071,33.405,0.000
4799099635198,1777552633,364289313,33.119,0.000
4799119641928,1777552633,384296235,34.004,26.000
4799139634256,1777552633,404288148,31.452,26.000
4799159638138,1777552633,424291902,33.119,6.000
4799179637828,1777552633,444291431,34.004,6.000
4799199640301,1777552633,464293649,34.738,21.000
4799219638839,1777552633,484291386,32.452,21.000
4799239636128,1777552633,504289412,34.952,26.000
4799259639754,1777552633,524292429,37.835,26.000
4799279637651,1777552633,544290391,38.905,26.000
4799299640765,1777552633,564294144,38.398,26.000
4799319640038,1777552633,584293418,39.870,0.000
4799339639568,1777552633,604292947,39.810,0.000
4799359635065,1777552633,624288796,38.095,26.000
4799379636930,1777552633,644290182,37.662,26.000
4799399639308,1777552633,664293776,38.095,26.000
4799419639509,1777552633,684292441,38.571,26.000
4799439638079,1777552633,704291426,40.433,26.000
4799459642345,1777552633,724295852,40.238,26.000
4799479636370,1777552633,744290037,39.610,21.000
4799499634395,1777552633,764287742,39.610,21.000
4799519637125,1777552633,784290632,38.745,26.000
4799539633934,1777552633,804286993,37.229,26.000
4799559635063,1777552633,824288891,37.186,0.000
4799579635329,1777552633,844289381,36.857,0.000
4799599633866,1777552633,864288174,34.459,26.000
4799619633300,1777552633,884287031,34.810,26.000
4799639635293,1777552633,904288545,33.463,26.000
4799659635527,1777552633,924288586,33.766,26.000
4799679638416,1777552633,944291860,33.810,26.000
4799699636602,1777552633,964290205,33.766,26.000
4799719636771,1777552633,984290567,35.584,0.000
4799739635245,1777552634,4288656,34.719,0.000
4799759632726,1777552634,24286233,33.961,26.000
4799779635680,1777552634,44289539,35.173,26.000
4799799642282,1777552634,64296077,33.355,26.000
4799819638035,1777552634,84292022,34.071,26.000
4799839639580,1777552634,104293408,38.024,5.000
4799859636998,1777552634,124290633,39.571,5.000
4799879637935,1777552634,144291699,42.202,26.000
4799899642745,1777552634,164296541,43.155,26.000
4799919636354,1777552634,184290630,41.774,0.000
4799939637451,1777552634,204290575,37.821,0.000
4799959639445,1777552634,224292441,37.821,0.000
4799979637182,1777552634,244290018,34.571,0.000
4799999639848,1777552634,264294348,35.286,26.000
4800019635729,1777552634,284288533,33.000,26.000
4800039637499,1777552634,304290206,35.000,26.000
4800059636772,1777552634,324290216,35.952,26.000
4800079637454,1777552634,344291249,36.286,0.000
4800099636567,1777552634,364290683,35.571,0.000
4800119636096,1777552634,384290020,34.238,0.000
4800139634826,1777552634,404287949,33.203,0.000
4800159636499,1777552634,424289911,33.203,26.000
4800179638301,1777552634,444292033,32.554,26.000
4800199636198,1777552634,464288842,32.814,0.000
4800219634704,1777552634,484287475,31.645,0.000
4800239634777,1777552634,504287389,32.597,26.000
4800259633442,1777552634,524286758,33.983,26.000
4800279634220,1777552634,544287888,31.342,26.000
4800299637014,1777552634,564290906,32.476,26.000
4800319633439,1777552634,584287043,32.143,0.000
4800339635753,1777552634,604288620,30.976,0.000
4800359634578,1777552634,624288246,33.095,26.000
4800379635291,1777552634,644288927,32.792,26.000
4800399635909,1777552634,664289673,31.623,26.000
4800419635534,1777552634,684288466,30.452,26.000
4800439636248,1777552634,704289276,30.866,26.000
4800459634433,1777552634,724287333,32.641,26.000
4800479635403,1777552634,744288943,30.286,0.000
4800499634292,1777552634,764287512,30.563,0.000
4800519635966,1777552634,784289634,29.307,24.000
4800539636359,1777552634,804290475,31.571,24.000
4800559634449,1777552634,824288084,30.952,26.000
4800579635546,1777552634,844288926,32.035,26.000
4800599636260,1777552634,864289703,35.524,0.000
4800619636237,1777552634,884289137,36.905,0.000
4800639636311,1777552634,904289498,38.095,26.000
4800659635744,1777552634,924289156,36.277,26.000
4800679635113,1777552634,944288813,33.952,26.000
4800699635763,1777552634,964289431,34.762,26.000
4800719636285,1777552634,984289600,33.524,26.000
4800739636966,1777552635,4290570,33.524,26.000
4800759635759,1777552635,24289331,37.095,0.000
4800779635513,1777552635,44289501,38.762,0.000
4800799636130,1777552635,64289126,38.762,26.000
4800819636300,1777552635,84288527,37.251,26.000
4800839638806,1777552635,104293049,38.405,26.000
4800859636575,1777552635,124290467,38.925,26.000
4800879634760,1777552635,144288236,36.901,26.000
4800899641970,1777552635,164295926,33.416,26.000
4800919632059,1777552635,184285758,34.174,26.000
4800939635493,1777552635,204289416,33.750,26.000
4800959608427,1777552635,224261999,30.714,26.000
4800979635768,1777552635,244289467,29.786,26.000
4800999640610,1777552635,264294725,30.108,0.000
4801019637547,1777552635,284290062,31.439,0.000
4801039637300,1777552635,304290104,31.821,26.000
4801059636061,1777552635,324289409,33.155,26.000
4801079635623,1777552635,344289163,32.219,26.000
4801099634576,1777552635,364288532,37.226,26.000
4801119635482,1777552635,384289085,34.810,26.000
4801139632035,1777552635,404285831,35.584,26.000
4801159635757,1777552635,424289712,33.810,39.000
4801179638967,1777552635,444292730,35.286,39.000
4801199634464,1777552635,464288131,31.212,34.000
4801219632777,1777552635,484285004,30.667,34.000
4801239635059,1777552635,504288534,31.212,0.000
4801259636988,1777552635,524290368,31.286,0.000
4801279636966,1777552635,544290665,32.238,26.000
4801299666322,1777552635,564320342,34.905,26.000
4801319634648,1777552635,584287548,32.338,26.000
4801339638754,1777552635,604292550,33.524,26.000
4801359612553,1777552635,624266061,34.905,26.000
4801379636565,1777552635,644290393,33.463,26.000
4801399636446,1777552635,664290498,32.251,0.000
4801419637384,1777552635,684291020,34.476,0.000
4801439635217,1777552635,704288597,34.113,26.000
4801459635547,1777552635,724289278,34.416,26.000
4801479636196,1777552635,744290312,31.688,18.000
4801499635982,1777552635,764289905,32.310,18.000
4801519636087,1777552635,784290011,28.463,7.000
4801539640449,1777552635,804294149,32.403,7.000
4801559635306,1777552635,824288558,29.690,26.000
4801579633011,1777552635,844286935,28.500,26.000
4801599636765,1777552635,864290209,27.548,0.000
4801619635558,1777552635,884287914,26.861,0.000
4801639635376,1777552635,904288628,29.589,0.000
4801659634745,1777552635,924288509,30.167,0.000
4801679636515,1777552635,944290823,31.833,26.000
4801699633548,1777552635,964287472,30.303,26.000
4801719635222,1777552635,984288569,30.303,26.000
4801739633599,1777552636,4286883,31.515,26.000
4801759633513,1777552636,24286636,28.788,0.000
4801779640723,1777552636,44294198,24.242,0.000
4801799637052,1777552636,64290336,26.320,11.000
4801819637221,1777552636,84290921,29.952,11.000
4801839635215,1777552636,104288914,25.286,26.000
4801859635928,1777552636,124289532,28.038,26.000
4801879634369,1777552636,144287333,28.492,18.000
4801899632523,1777552636,164285614,30.310,18.000
4801919634420,1777552636,184287672,26.556,26.000
4801939635486,1777552636,204288578,29.192,26.000
4801959635655,1777552636,224288651,26.556,26.000
4801979634673,1777552636,244287860,25.505,26.000
4801999634938,1777552636,264288798,23.889,0.000
4802019634884,1777552636,284287847,24.293,0.000
4802039631533,1777552636,304285521,21.167,26.000
4802059631510,1777552636,324285050,26.111,26.000
4802079633984,1777552636,344288068,24.056,26.000
4802099642218,1777552636,364296526,26.111,26.000
4802119641268,1777552636,384295288,27.323,26.000
4802139635421,1777552636,404288640,29.389,26.000
4802159592610,1777552636,424246437,26.000,26.000
4802179640048,1777552636,444293460,28.000,26.000
4802199635097,1777552636,464288573,28.119,26.000
4802219638019,1777552636,484291142,27.619,26.000
4802239635020,1777552636,504289040,27.835,26.000
4802259635029,1777552636,524289049,28.398,26.000
4802279634079,1777552636,544288066,27.338,0.000
4802299633736,1777552636,564287116,28.203,0.000
4802319636370,1777552636,584289878,26.385,26.000
4802339633691,1777552636,604287455,23.690,26.000
4802359633413,1777552636,624287912,25.433,26.000
4802379632942,1777552636,644287346,24.107,26.000
4802399635928,1777552636,664289787,24.107,26.000
4802419633793,1777552636,684286149,28.279,26.000
4802439635787,1777552636,704288846,29.578,21.000
4802459634420,1777552636,724287736,27.630,21.000
4802479635326,1777552636,744289153,28.604,26.000
4802499636807,1777552636,764290859,25.952,26.000
4802519634224,1777552636,784287892,22.595,4.000
4802539632410,1777552636,804285725,26.602,4.000
4802559639332,1777552636,824292680,22.690,26.000
4802579634669,1777552636,844288016,22.667,26.000
4802599628150,1777552636,864282041,23.619,26.000
4802619636448,1777552636,884289444,26.320,26.000
4802639636169,1777552636,904290061,22.952,26.000
4802659639955,1777552636,924293207,27.238,26.000
4802679635772,1777552636,944289344,27.738,0.000
4802699633414,1777552636,964286697,28.853,0.000
4802719634991,1777552636,984288083,26.786,26.000
4802739635897,1777552637,4289564,26.429,26.000
4802759633410,1777552637,24286918,25.071,26.000
4802779636876,1777552637,44290223,28.701,26.000
4802799639638,1777552637,64292089,29.571,0.000
4802819638527,1777552637,84292067,31.429,0.000
4802839636264,1777552637,104290060,34.452,26.000
4802859639442,1777552637,124292982,36.169,26.000
4802879638331,1777552637,144292543,33.286,0.000
4802899636517,1777552637,164290664,33.286,0.000
4802919634734,1777552637,184288145,32.532,26.000
4802939635959,1777552637,204289051,31.429,26.000
4802959634017,1777552637,224287524,31.238,26.000
4802979642027,1777552637,244294991,28.723,26.000
4802999642324,1777552637,264295992,30.541,0.000
4803019635005,1777552637,284287969,31.429,0.000
4803039637671,1777552637,304290795,32.468,26.000
4803059635664,1777552637,324288756,31.602,26.000
4803079644667,1777552637,344297982,33.190,0.000
4803099638435,1777552637,364291495,31.190,0.000
4803119636621,1777552637,384289776,29.524,26.000
4803139636118,1777552637,404289658,30.571,26.000
4803159640864,1777552637,424293860,32.238,0.000
4803179635273,1777552637,444288941,31.126,0.000
4803199638323,1777552637,464291830,28.442,26.000
4803219637724,1777552637,484290368,28.030,26.000
4803239635525,1777552637,504288937,28.232,26.000
4803259635919,1777552637,524290483,26.056,26.000
4803279635800,1777552637,544288828,24.466,0.000
4803299636034,1777552637,564288933,27.951,0.000
4803319635723,1777552637,584288495,28.817,26.000
4803339636277,1777552637,604289656,26.643,26.000
4803359635166,1777552637,624289346,28.261,26.000
4803379640136,1777552637,644294540,31.898,26.000
4803399635953,1777552637,664289429,35.397,26.000
4803419633786,1777552637,684286494,32.778,26.000
4803439635268,1777552637,704288456,34.646,0.000
4803459634413,1777552637,724287793,34.952,0.000
4803479635671,1777552637,744288923,34.286,26.000
4803499640961,1777552637,764294405,34.199,26.000
4803519635946,1777552637,784289742,36.017,26.000
4803539635571,1777552637,804289495,37.000,26.000
4803559633149,1777552637,824286880,36.061,26.000
4803579634182,1777552637,844288170,34.848,26.000
4803599635344,1777552637,864289203,34.351,26.000
4803619634105,1777552637,884286877,34.452,26.000
4803639635395,1777552637,904288678,36.515,26.000
4803659633836,1777552637,924287472,33.139,26.000
4803679636470,1777552637,944290137,32.167,0.000
4803699632223,1777552637,964286114,32.714,0.000
4803719634152,1777552637,984287948,32.714,25.000
4803739632978,1777552638,4286165,29.286,25.000
4803759635099,1777552638,24288927,29.952,25.000
4803779640518,1777552638,44293865,31.775,25.000
4803799641263,1777552638,64293939,32.619,26.000
4803819638296,1777552638,84291388,33.517,26.000
4803839640930,1777552638,104294246,33.869,26.000
4803859637579,1777552638,124291119,37.155,26.000
4803879637493,1777552638,144291096,38.440,25.000
4803899639710,1777552638,164293282,37.067,25.000
4803919637351,1777552638,184290571,37.476,0.000
4803939637009,1777552638,204290165,37.302,0.000
4803959640603,1777552638,224293854,35.570,25.000
4803979637156,1777552638,244290952,34.206,25.000
4803999638029,1777552638,264292241,33.722,26.000
4804019638551,1777552638,284291290,34.437,26.000
4804039638432,1777552638,304292260,35.881,26.000
4804059637514,1777552638,324290733,33.485,26.000
4804079638035,1777552638,344291447,34.848,0.000
4804099637629,1777552638,364291744,34.654,0.000
4804119639110,1777552638,384292906,33.262,26.000
4804139635823,1777552638,404289363,30.548,26.000
4804159647866,1777552638,424301374,33.485,26.000
4804179642595,1777552638,444296743,32.214,26.000
4804199637932,1777552638,464292144,32.429,0.000
4804219638166,1777552638,484291353,31.571,0.000
4804239636575,1777552638,504290147,34.383,26.000
4804259639241,1777552638,524292940,33.917,26.000
4804279641778,1777552638,544295606,35.833,0.000
4804299638299,1777552638,564292127,34.275,0.000
4804319637701,1777552638,584291144,35.689,0.000
4804339639406,1777552638,604293330,37.056,0.000
4804359641624,1777552638,624295452,37.020,26.000
4804379637665,1777552638,644291269,35.222,26.000
4804399637675,1777552638,664291150,34.553,26.000
4804419590575,1777552638,684243731,37.214,26.000
4804439637854,1777552638,704291329,36.970,0.000
4804459638055,1777552638,724292043,34.952,0.000
4804479644817,1777552638,744298421,34.805,7.000
4804499639898,1777552638,764293630,34.913,7.000
4804519635235,1777552638,784289287,32.078,26.000
4804539637965,1777552638,804291601,30.341,26.000
4804559639479,1777552638,824292922,30.341,7.000
4804579641568,1777552638,844295268,31.675,7.000
4804599639722,1777552638,864293613,31.056,26.000
4804619639603,1777552638,884292343,31.889,26.000
4804639638620,1777552638,904291840,31.717,26.000
4804659640134,1777552638,924293834,29.394,26.000
4804679639727,1777552638,944293203,28.182,0.000
4804699639001,1777552638,964292509,27.229,0.000
4804719639682,1777552638,984292966,27.333,26.000
4804739638124,1777552639,4291279,29.333,26.000
4804759643510,1777552639,24296985,30.619,26.000
4804779633918,1777552639,44287298,32.684,26.000
4804799638856,1777552639,64291852,36.472,26.000
4804819638834,1777552639,84291541,39.199,26.000
4804839637787,1777552639,104292159,39.004,10.000
4804859636580,1777552639,124290248,40.722,10.000
4804879636206,1777552639,144289297,38.903,26.000
4804899634935,1777552639,164288251,38.960,26.000
4804919634400,1777552639,184287812,36.675,7.000
4804939635882,1777552639,204289582,34.964,7.000
4804959636820,1777552639,224290231,31.429,26.000
4804979638077,1777552639,244291745,26.480,26.000
4804999639879,1777552639,264294027,26.813,26.000
4805019639088,1777552639,284291380,27.369,26.000
4805039639002,1777552639,304291933,30.798,26.000
4805059641828,1777552639,324295143,30.020,26.000
4805079636780,1777552639,344290128,33.889,0.000
4805099638166,1777552639,364292090,33.341,0.000
4805119681572,1777552639,384342665,36.068,26.000
4805139636873,1777552639,404290797,33.190,26.000
4805159638259,1777552639,424291798,32.554,26.000
4805179636764,1777552639,444290528,32.576,26.000
4805199641958,1777552639,464295690,31.861,0.000
4805219639887,1777552639,484293171,30.048,0.000
4805239637976,1777552639,504292124,35.289,26.000
4805259638498,1777552639,524292486,35.246,26.000
4805279638283,1777552639,544292175,36.696,6.000
4805299638229,1777552639,564291768,37.222,6.000
4805319637374,1777552639,584291010,34.603,0.000
4805339639752,1777552639,604294060,31.977,0.000
4805359636689,1777552639,624290837,33.972,0.000
4805379637115,1777552639,644290302,32.083,0.000
4805399639140,1777552639,664292840,33.063,26.000
4805419637902,1777552639,684290193,32.413,26.000
4805439641111,1777552639,704294875,32.940,26.000
4805459640385,1777552639,724293796,32.478,26.000
4805479636650,1777552639,744288909,30.281,5.000
4805499638035,1777552639,764291383,32.690,5.000
4805519638909,1777552639,784291617,33.024,26.000
4805539638598,1777552639,804292362,33.052,26.000
4805559642288,1777552639,824295828,33.550,4.000
4805579637049,1777552639,844290365,32.286,4.000
4805599642147,1777552639,864296295,34.545,0.000
4805619639532,1777552639,884292016,33.333,0.000
4805639640438,1777552639,904293722,30.381,26.000
4805659641120,1777552639,924294499,31.492,26.000
4805679638057,1777552639,944291660,34.863,26.000
4805699636402,1777552639,964290102,36.075,26.000
4805719639100,1777552639,984292543,33.968,0.000
4805739639845,1777552640,4293481,37.635,0.000
4805759639439,1777552640,24293202,35.976,0.000
4805779637624,1777552640,44290844,34.452,0.000
4805799640450,1777552640,64293701,33.442,26.000
4805819639531,1777552640,84291759,36.093,26.000
4805839638164,1777552640,104292632,35.444,0.000
4805859642942,1777552640,124297154,34.702,0.000
4805879637831,1777552640,144291851,37.305,26.000
4805899638449,1777552640,164292469,38.619,26.000
4805919638714,1777552640,184292446,35.369,26.000
4805939638084,1777552640,204291207,34.232,26.000
4805959637485,1777552640,224291441,33.258,0.000
4805979635894,1777552640,244289402,32.250,0.000
4805999637696,1777552640,264291908,33.359,26.000
4806019639594,1777552640,284292333,34.040,26.000
4806039636947,1777552640,304290103,36.421,26.000
4806059635420,1777552640,324288768,40.101,26.000
4806079635814,1777552640,344289449,37.504,26.000
4806099637839,1777552640,364291795,34.810,26.000
4806119635609,1777552640,384289212,31.143,0.000
4806139635906,1777552640,404289478,30.524,0.000
4806159636428,1777552640,424290063,27.524,26.000
4806179633717,1777552640,444287801,26.952,26.000
4806199635967,1777552640,464289378,28.202,26.000
4806219616454,1777552640,484269290,30.184,26.000
4806239640850,1777552640,504293910,28.619,26.000
4806259639035,1777552640,524292831,29.536,26.000
4806279636100,1777552640,544289608,26.583,26.000
4806299636558,1777552640,564289810,27.333,26.000
4806319636631,1777552640,584290459,30.619,26.000
4806339641057,1777552640,604294725,29.913,26.000
4806359635370,1777552640,624289486,30.460,0.000
4806379634676,1777552640,644288727,32.237,0.000
4806399634845,1777552640,664288737,33.449,26.000
4806419636423,1777552640,684288938,29.508,26.000
4806439638993,1777552640,704292436,32.540,26.000
4806459633689,1777552640,724287005,31.674,26.000
4806479634019,1777552640,744287463,28.036,26.000
4806499636557,1777552640,764290544,29.275,26.000
4806519636374,1777552640,784290042,29.275,26.000
4806539646785,1777552640,804300004,29.536,26.000
4806559644138,1777552640,824297806,31.952,26.000
4806579635346,1777552640,844289046,34.036,26.000
4806599637212,1777552640,864291328,33.536,0.000
4806619637414,1777552640,884290537,32.488,0.000
4806639640719,1777552640,904294003,32.219,26.000
4806659639929,1777552640,924293884,29.155,26.000
4806679635042,1777552640,944288453,30.821,26.000
4806699635819,1777552640,964289359,31.155,26.000
4806719635189,1777552640,984288120,33.155,26.000
4806739604443,1777552641,4258047,31.155,26.000
4806759634568,1777552641,24287979,32.817,0.000
4806779614767,1777552641,44268147,32.006,0.000
4806799638971,1777552641,64292191,30.599,26.000
4806819637796,1777552641,84290504,31.313,26.000
4806839643214,1777552641,104296402,32.287,26.000
4806859636631,1777552641,124290523,31.071,26.000
4806879634976,1777552641,144288068,32.000,0.000
4806899636266,1777552641,164289294,30.548,0.000
4806919636948,1777552641,184290103,30.043,26.000
4806939636733,1777552641,204290625,31.262,26.000
4806959635526,1777552641,224289034,32.381,0.000
4806979634960,1777552641,244288371,32.835,0.000
4806999636985,1777552641,264290365,33.167,0.000
4807019635651,1777552641,284288742,35.833,0.000
4807039634924,1777552641,304288368,34.405,26.000
4807059642518,1777552641,324296346,31.071,26.000
4807079635583,1777552641,344288739,32.565,26.000
4807099635977,1777552641,364289548,33.517,26.000
4807119635666,1777552641,384288502,33.333,0.000
4807139638972,1777552641,404292512,33.030,0.000
4807159631685,1777552641,424284616,32.165,0.000
4807179633678,1777552641,444286930,30.952,0.000
4807199633208,1777552641,464286747,28.381,26.000
4807219633089,1777552641,484286373,30.909,26.000
4807239633643,1777552641,504287054,27.571,0.000
4807259633012,1777552641,524286296,27.794,0.000
4807279633502,1777552641,544286209,25.079,26.000
4807299636071,1777552641,564290347,27.460,26.000
4807319634033,1777552641,584287860,27.460,26.000
4807339638202,1777552641,604291838,30.175,26.000
4807359628131,1777552641,624281895,30.452,0.000
4807379635181,1777552641,644288945,33.167,0.000
4807399633206,1777552641,664286970,35.346,26.000
4807419634848,1777552641,684288836,34.318,26.000
4807439642730,1777552641,704295790,33.149,26.000
4807459641300,1777552641,724295383,31.917,26.000
4807479635804,1777552641,744288768,32.911,26.000
4807499636838,1777552641,764290442,32.911,26.000
4807519634447,1777552641,784287891,34.643,7.000
4807539635641,1777552641,804288828,35.325,7.000
4807559635234,1777552641,824288582,35.887,26.000
4807579633772,1777552641,844286927,34.238,26.000
4807599634549,1777552641,864287897,36.857,18.000
4807619635679,1777552641,884288322,35.190,18.000
4807639641385,1777552641,904294508,34.476,26.000
4807659635154,1777552641,924288821,33.524,26.000
4807679633947,1777552641,944287391,35.325,26.000
4807699636101,1777552641,964289960,35.325,26.000
4807719635598,1777552641,984289170,34.571,26.000
4807739634263,1777552642,4287931,35.974,26.000
4807759633953,1777552642,24285956,36.952,26.000
4807779636075,1777552642,44289326,33.905,26.000
4807799639476,1777552642,64292184,32.286,8.000
4807819634717,1777552642,84287489,34.113,8.000
4807839636615,1777552642,104289419,34.690,26.000
4807859634448,1777552642,124287924,34.690,26.000
4807879636026,1777552642,144289117,36.119,17.000
4807899633443,1777552642,164286311,37.381,17.000
4807919638637,1777552642,184292209,33.548,26.000
4807939636214,1777552642,204289722,31.881,26.000
4807959635296,1777552642,224288323,34.033,26.000
4807979635049,1777552642,244288205,33.722,26.000
4807999635475,1777552642,264289366,33.722,26.000
4808019634236,1777552642,284286815,36.825,26.000
4808039635558,1777552642,304288361,36.341,0.000
4808059636335,1777552642,324289235,33.738,0.000
4808079635993,1777552642,344289020,37.294,26.000
4808099637986,1777552642,364291846,35.294,26.000
4808119640684,1777552642,384294736,36.008,26.000
4808139599825,1777552642,404253013,36.631,26.000
4808159637279,1777552642,424290690,39.008,0.000
4808179634728,1777552642,444288747,37.280,0.000
4808199621744,1777552642,464275155,38.167,26.000
4808219638203,1777552642,484291007,36.970,26.000
4808239638180,1777552642,504292040,38.972,6.000
4808259634350,1777552642,524287729,38.409,6.000
4808279634519,1777552642,544288123,38.409,0.000
4808299635041,1777552642,564288740,38.972,0.000
4808319636138,1777552642,584290190,39.838,26.000
4808339634419,1777552642,604288279,35.905,26.000
4808359634941,1777552642,624288065,38.905,26.000
4808379634502,1777552642,644287690,38.853,26.000
4808399634320,1777552642,664287795,39.008,26.000
4808419635993,1777552642,684288893,39.841,26.000
4808439634947,1777552642,704287174,37.734,26.000
4808459635596,1777552642,724289168,34.704,26.000
4808479634198,1777552642,744287801,35.000,26.000
4808499635647,1777552642,764289251,34.397,26.000
4808519634057,1777552642,784287180,34.452,0.000
4808539636754,1777552642,804290998,34.087,0.000
4808559635452,1777552642,824289439,34.271,21.000
4808579623620,1777552642,844277064,33.838,21.000
4808599635023,1777552642,864288594,32.330,26.000
4808619634168,1777552642,884286684,30.611,26.000
4808639635746,1777552642,904289349,30.281,28.000
4808659639275,1777552642,924292655,29.817,28.000
4808679637109,1777552642,944290392,32.626,26.000
4808699637438,1777552642,964291106,31.246,26.000
4808719642408,1777552642,984296556,33.627,26.000
4808739637169,1777552643,4291221,36.107,26.000
4808759591894,1777552643,24246361,38.084,0.000
4808779635972,1777552643,44289768,35.702,0.000
4808799636525,1777552643,64288689,39.470,26.000
4808819634935,1777552643,84287898,41.331,26.000
4808839638529,1777552643,104292452,38.000,26.000
4808859644139,1777552643,124297838,37.835,26.000
4808879635219,1777552643,144288887,37.667,26.000
4808899634909,1777552643,164288608,39.536,26.000
4808919634502,1777552643,184288618,37.760,25.000
4808939634095,1777552643,204287763,37.110,25.000
4808959639481,1777552643,224293053,38.472,26.000
4808979634498,1777552643,244288006,36.793,26.000
4808999635692,1777552643,264289552,35.841,26.000
4809019641526,1777552643,284294522,35.460,26.000
4809039640191,1777552643,304293475,36.516,0.000
4809059634056,1777552643,324286732,36.486,0.000
4809079635858,1777552643,344289590,35.332,26.000
4809099634363,1777552643,364288191,39.163,26.000
4809119638725,1777552643,384292809,38.286,26.000
4809139642255,1777552643,404295699,39.044,26.000
4809159635416,1777552643,424288635,38.774,26.000
4809179638145,1777552643,444291749,39.155,26.000
4809199641131,1777552643,464294639,40.357,25.000
4809219636916,1777552643,484290104,38.857,25.000
4809239638526,1777552643,504292322,36.571,25.000
4809259639335,1777552643,524293355,33.857,25.000
4809279634224,1777552643,544287540,35.476,0.000
4809299637690,1777552643,564291550,31.190,0.000
4809319844986,1777552643,584498333,32.900,26.000
4809339646734,1777552643,604300274,33.571,26.000
4809359642295,1777552643,624296283,36.869,26.000
4809379641729,1777552643,644295748,37.457,26.000
4809399636585,1777552643,664290445,40.250,26.000
4809419637203,1777552643,684289655,41.136,26.000
4809439638717,1777552643,704292320,41.821,0.000
4809459637446,1777552643,724290922,37.186,0.000
4809479635439,1777552643,744288979,35.022,26.000
4809499636825,1777552643,764290364,33.160,26.000
4809519635362,1777552643,784289734,31.476,26.000
4809539636588,1777552643,804290927,30.433,26.000
4809559635349,1777552643,824288537,30.524,0.000
4809579635230,1777552643,844288418,33.619,0.000
4809599634856,1777552643,864288204,34.714,26.000
4809619633617,1777552643,884287637,29.481,26.000
4809639634619,1777552643,904288447,31.905,0.000
4809659631940,1777552643,924284648,29.177,0.000
4809679635342,1777552643,944288818,30.346,0.000
4809699635319,1777552643,964289211,27.286,0.000
4809719635937,1777552643,984289509,31.730,26.000
4809739637226,1777552644,4289998,31.118,26.000
4809759636436,1777552644,24289879,33.183,26.000
4809779649055,1777552644,44302306,34.611,26.000
4809799636519,1777552644,64288970,35.707,0.000
4809819642257,1777552644,84295540,33.167,0.000
4809839633145,1777552644,104287293,34.000,0.000
4809859635811,1777552644,124289767,35.964,0.000
4809879633964,1777552644,144287952,36.331,26.000
4809899635158,1777552644,164288378,34.470,26.000
4809919632543,1777552644,184285891,36.548,0.000
4809939634665,1777552644,204287948,37.821,0.000
4809959636306,1777552644,224289238,35.628,26.000
4809979635804,1777552644,244288928,36.524,26.000
4809999635973,1777552644,264290025,38.810,26.000
4810019641295,1777552644,284294259,36.524,26.000
4810039639705,1777552644,304292764,37.100,0.000
4810059640002,1777552644,324293254,37.357,0.000
4810079634411,1777552644,344288303,39.262,26.000
4810099637013,1777552644,364290777,39.372,26.000
4810119642431,1777552644,384296195,38.310,26.000
4810139640136,1777552644,404293580,36.024,26.000
4810159637137,1777552644,424290517,36.840,26.000
4810179636667,1777552644,444290206,36.190,26.000
4810199636612,1777552644,464290504,35.476,0.000
4810219635309,1777552644,484288785,38.009,0.000
4810239687196,1777552644,504340704,38.030,26.000
4810259640929,1777552644,524294117,37.548,26.000
4810279634410,1777552644,544287373,36.407,25.000
4810299633779,1777552644,564287351,35.281,25.000
4810319639613,1777552644,584293345,33.619,25.000
4810339634438,1777552644,604288234,35.595,25.000
4810359635472,1777552644,624289075,34.177,26.000
4810379603446,1777552644,644257306,38.810,26.000
4810399635427,1777552644,664289382,39.333,26.000
4810419636396,1777552644,684289712,39.190,26.000
4810439682875,1777552644,704336126,40.173,0.000
4810459641600,1777552644,724294467,40.857,0.000
4810479635209,1777552644,744288108,41.472,25.000
4810499635698,1777552644,764289302,39.394,25.000
4810519636540,1777552644,784290047,37.879,25.000
4810539700972,1777552644,804354224,34.667,25.000
4810559634158,1777552644,824287122,33.667,26.000
4810579636568,1777552644,844289532,31.286,26.000
4810599638178,1777552644,864291269,34.199,26.000
4810619638731,1777552644,884291663,33.636,26.000
4810639639509,1777552644,904292280,33.636,18.000
4810659634078,1777552644,924286913,30.303,18.000
4810679639624,1777552644,944293035,35.411,0.000
4810699633969,1777552644,964287508,32.619,0.000
4810719640539,1777552644,984293982,30.619,25.000
4810739634788,1777552645,4288231,33.286,25.000
4810759634509,1777552645,24288305,35.286,26.000
4810779636407,1777552645,44290010,33.896,26.000
4810799643713,1777552645,64296933,32.000,26.000
4810819645227,1777552645,84299086,35.333,26.000
4810839634931,1777552645,104289047,36.286,0.000
4810859634300,1777552645,124288000,36.571,0.000
4810879634278,1777552645,144287657,36.571,26.000
4810899634063,1777552645,164287539,39.383,26.000
4810919635865,1777552645,184289629,34.988,19.000
4810939646659,1777552645,204300263,30.702,19.000
4810959634508,1777552645,224287887,29.729,8.000
4810979635125,1777552645,244288825,30.076,8.000
4810999634751,1777552645,264288546,26.667,26.000
4811019686574,1777552645,284339793,29.619,26.000
4811039638642,1777552645,304290998,33.786,0.000
4811059642748,1777552645,324296128,31.786,0.000
4811079639333,1777552645,344292969,31.405,26.000
4811099641423,1777552645,364295730,35.988,26.000
4811119652217,1777552645,384306429,34.989,26.000
4811139635201,1777552645,404288933,35.703,26.000
4811159637099,1777552645,424290766,35.054,26.000
4811179634964,1777552645,444289208,36.569,26.000
4811199634653,1777552645,464288801,31.461,7.000
4811219640743,1777552645,484293707,28.810,7.000
4811239640305,1777552645,504293684,25.119,19.000
4811259635994,1777552645,524289085,30.417,19.000
4811279637956,1777552645,544291399,31.036,26.000
4811299638221,1777552645,564292401,34.750,26.000
4811319637366,1777552645,584290970,34.250,19.000
4811339660738,1777552645,604314726,32.803,19.000
4811359637577,1777552645,624291117,30.758,26.000
4811379636307,1777552645,644289942,30.379,26.000
4811399635196,1777552645,664289120,30.119,26.000
4811419639142,1777552645,684292042,28.820,26.000
4811439636335,1777552645,704289491,28.366,0.000
4811459638553,1777552645,724291612,24.726,0.000
4811479633442,1777552645,744287013,24.264,26.000
4811499635883,1777552645,764288975,27.810,26.000
4811519757698,1777552645,784410501,26.857,26.000
4811539633886,1777552645,804287106,26.857,26.000
4811559634376,1777552645,824287563,31.234,26.000
4811579633873,1777552645,844287125,28.286,26.000
4811599637019,1777552645,864291039,29.952,21.000
4811619634788,1777552645,884287432,28.286,21.000
4811639634734,1777552645,904287409,29.351,26.000
4811659635575,1777552645,924288091,29.071,26.000
4811679634496,1777552645,944287588,29.905,4.000
4811699641067,1777552645,964294894,27.186,4.000
4811719641332,1777552645,984294712,25.974,0.000
4811739634973,1777552646,4288609,26.571,0.000
4811759636263,1777552646,24289738,25.714,39.000
4811779643601,1777552646,44297108,27.238,39.000
4811799714018,1777552646,64366949,28.286,26.000
4811819639779,1777552646,84293575,30.286,26.000
4811839639437,1777552646,104292976,31.429,26.000
4811859637014,1777552646,124290618,29.238,26.000
4811879636127,1777552646,144289603,34.156,26.000
4811899640617,1777552646,164294061,35.571,26.000
4811919641907,1777552646,184295511,34.383,0.000
4811939640252,1777552646,204293984,32.036,0.000
4811959639750,1777552646,224293385,32.608,0.000
4811979640367,1777552646,244293619,31.093,0.000
4811999638744,1777552646,264292508,30.227,26.000
4812019643586,1777552646,284296166,28.167,26.000
4812039634827,1777552646,304287150,25.152,26.000
4812059635220,1777552646,324289144,26.786,26.000
4812079638750,1777552646,344292034,25.452,26.000
4812099638856,1777552646,364292523,24.957,26.000
4812119635505,1777552646,384289173,24.502,0.000
4812139634202,1777552646,404287486,27.952,0.000
4812159634628,1777552646,424288615,28.182,26.000
4812179637197,1777552646,444290929,28.442,26.000
4812199744898,1777552646,464398694,25.952,26.000
4812219636896,1777552646,484290148,27.078,26.000
4812239634282,1777552646,504287309,29.071,0.000
4812259638611,1777552646,524292439,27.035,0.000
4812279638461,1777552646,544292289,26.883,26.000
4812299639014,1777552646,564293066,27.403,26.000
4812319643472,1777552646,584297812,26.310,0.000
4812339642490,1777552646,604296317,25.736,0.000
4812359635490,1777552646,624288870,26.690,0.000
4812379639948,1777552646,644293584,26.688,0.000
4812399639062,1777552646,664293082,28.667,26.000
4812419654849,1777552646,684308389,28.952,26.000
4812439635816,1777552646,704288620,30.303,26.000
4812459640114,1777552646,724292950,30.000,26.000
4812479637564,1777552646,744290943,27.333,0.000
4812499776468,1777552646,764430039,23.636,0.000
4812519637966,1777552646,784291058,23.723,0.000
4812539636344,1777552646,804289179,20.346,0.000
4812559637505,1777552646,824290085,21.558,26.000
4812579636523,1777552646,844289518,25.381,26.000
4812599637300,1777552646,864291288,30.048,0.000
4812619636158,1777552646,884288993,23.939,0.000
4812639634599,1777552646,904287883,25.152,26.000
4812659634672,1777552646,924288180,26.333,26.000
4812679635578,1777552646,944289278,27.576,26.000
4812699633123,1777552646,964286663,24.848,26.000
4812719637101,1777552646,984290161,24.848,0.000
4812739635894,1777552647,4288922,26.000,0.000
4812759641504,1777552647,24294596,27.333,26.000
4812779638826,1777552647,44291917,27.576,26.000
4812799663638,1777552647,64316569,29.048,26.000
4812819639517,1777552647,84294112,31.571,26.000
4812839636582,1777552647,104289417,37.155,26.000
4812859639312,1777552647,124293203,36.461,26.000
4812879637529,1777552647,144290780,36.461,0.000
4812899675750,1777552647,164329642,31.488,0.000
4812919638476,1777552647,184292080,30.536,26.000
4812939638869,1777552647,204292729,27.792,26.000
4812959635871,1777552647,224289314,29.610,26.000
4812979638760,1777552647,244292524,28.952,26.000
4812999635089,1777552647,264289141,29.610,26.000
4813019634779,1777552647,284287742,31.277,26.000
4813039634468,1777552647,304287208,29.071,26.000
4813059635982,1777552647,324289746,25.905,26.000
4813079619990,1777552647,344273145,27.446,26.000
4813099639713,1777552647,364293189,25.628,26.000
4813119636618,1777552647,384289582,23.071,0.000
4813139636628,1777552647,404289687,22.119,0.000
4813159634173,1777552647,424287457,23.286,26.000
4813179642375,1777552647,444296011,22.333,26.000
4813199641201,1777552647,464294836,23.333,25.000
4813219637242,1777552647,484289917,25.452,25.000
4813239641060,1777552647,504294311,27.452,26.000
4813259639821,1777552647,524292785,26.405,26.000
4813279639382,1777552647,544292602,28.550,26.000
4813299638880,1777552647,564292612,29.935,26.000
4813319634313,1777552647,584287500,31.126,26.000
4813339635410,1777552647,604288790,29.502,26.000
4813359635388,1777552647,624289312,33.398,0.000
4813379649255,1777552647,644302826,32.186,0.000
4813399640591,1777552647,664294867,28.074,26.000
4813419652858,1777552647,684306782,25.216,26.000
4813439638402,1777552647,704291910,30.238,26.000
4813459639980,1777552647,724293295,29.567,26.000
4813479635093,1777552647,744288664,28.738,26.000
4813499637662,1777552647,764291202,33.024,26.000
4813519685549,1777552647,784339473,32.357,0.000
4813539635889,1777552647,804289365,32.403,0.000
4813559637243,1777552647,824291006,34.310,26.000
4813579634564,1777552647,844287752,31.524,26.000
4813599637294,1777552647,864290833,29.238,32.000
4813619640952,1777552647,884295003,29.610,32.000
4813639640033,1777552647,904293573,28.286,7.000
4813659636554,1777552647,924289934,25.455,7.000
4813679634323,1777552647,944288087,26.286,26.000
4813699639741,1777552647,964293569,28.139,26.000
4813719639847,1777552647,984293482,29.524,0.000
4813739633327,1777552648,4287059,28.810,0.000
4813759624344,1777552648,24278300,30.143,39.000
4813779638659,1777552648,44292519,33.463,39.000
4813799643021,1777552648,64296753,31.840,0.000
4813819642838,1777552648,84297498,28.203,0.000
4813839640608,1777552648,104294275,27.667,26.000
4813859637065,1777552648,124290860,29.048,26.000
4813879637106,1777552648,144290550,26.238,16.000
4813899642268,1777552648,164296128,27.738,16.000
4813919637989,1777552648,184291913,30.690,16.000
4813939639727,1777552648,204293811,31.991,16.000
4813959643897,1777552648,224297884,31.571,26.000
4813979640994,1777552648,244294374,31.571,26.000
4813999636843,1777552648,264290703,31.732,0.000
4814019633972,1777552648,284286648,31.732,0.000
4814039634814,1777552648,304288769,28.405,26.000
4814059635079,1777552648,324289643,29.156,26.000
4814079637777,1777552648,344291541,29.310,26.000
4814099636282,1777552648,364290206,31.976,26.000
4814119644645,1777552648,384298632,30.643,26.000
4814139636429,1777552648,404290545,34.393,26.000
4814159638551,1777552648,424292443,35.393,39.000
4814179635424,1777552648,444289380,36.797,39.000
4814199649035,1777552648,464302767,34.952,19.000
4814219638707,1777552648,484290967,33.593,19.000
4814239639421,1777552648,504293249,33.626,26.000
4814259682571,1777552648,524335919,39.080,26.000
4814279639024,1777552648,544292595,35.444,19.000
4814299640793,1777552648,564294557,37.435,19.000
4814319640675,1777552648,584294439,39.226,26.000
4814339635596,1777552648,604289455,36.274,26.000
4814359635413,1777552648,624288825,35.703,26.000
4814379640191,1777552648,644293987,35.877,26.000
4814399640425,1777552648,664294380,35.190,0.000
4814419639890,1777552648,684292790,32.900,0.000
4814439635067,1777552648,704287967,31.688,26.000
4814459634276,1777552648,724287656,33.476,26.000
4814479642703,1777552648,744296402,33.952,26.000
4814499665595,1777552648,764319230,32.489,26.000
4814519637025,1777552648,784289989,31.405,26.000
4814539641195,1777552648,804294735,33.690,26.000
4814559637460,1777552648,824290968,31.405,21.000
4814579642686,1777552648,844296610,30.571,21.000
4814599652073,1777552648,864305836,32.071,26.000
4814619636240,1777552648,884288788,33.357,26.000
4814639639834,1777552648,904292382,30.325,4.000
4814659633635,1777552648,924287047,30.065,4.000
4814679634285,1777552648,944287824,32.554,26.000
4814699639607,1777552648,964293658,30.476,26.000
4814719633887,1777552648,984287107,31.688,26.000
4814739640522,1777552649,4294573,32.944,26.000
4814759634194,1777552649,24287990,33.810,26.000
4814779635196,1777552649,44288928,30.823,26.000
4814799639430,1777552649,64292778,30.563,0.000
4814819638383,1777552649,84292499,32.900,0.000
4814839635576,1777552649,104288188,31.690,39.000
4814859636034,1777552649,124289414,34.690,39.000
4814879633931,1777552649,144287855,38.024,26.000
4814899635829,1777552649,164289657,36.976,26.000
4814919636510,1777552649,184289698,33.355,0.000
4814939633928,1777552649,204286987,36.238,0.000
4814959632945,1777552649,224286325,36.093,26.000
4814979638715,1777552649,244292319,33.366,26.000
4814999708684,1777552649,264362672,30.417,0.000
4815019787774,1777552649,284441698,35.417,0.000
4815039641816,1777552649,304295355,36.369,0.000
4815059642849,1777552649,324296837,31.952,0.000
4815079644811,1777552649,344299023,30.866,26.000
4815099638964,1777552649,364292888,34.905,26.000
4815119641502,1777552649,384295265,34.156,26.000
4815139637639,1777552649,404291498,28.701,26.000
4815159641265,1777552649,424294836,31.818,0.000
4815179636537,1777552649,444290429,33.203,0.000
4815199637155,1777552649,464289799,32.359,0.000
4815219633996,1777552649,484285456,29.262,0.000
4815239633238,1777552649,504286169,28.420,26.000
4815259637343,1777552649,524290499,27.121,26.000
4815279637545,1777552649,544291373,28.939,0.000
4815299634642,1777552649,564288502,29.476,0.000
4815319632955,1777552649,584286111,31.212,25.000
4815339632645,1777552649,604285672,32.000,25.000
4815359636463,1777552649,624289682,31.061,26.000
4815379723265,1777552649,644377125,29.881,26.000
4815399635874,1777552649,664289829,31.452,0.000
4815419636907,1777552649,684289775,35.548,0.000
4815439635572,1777552649,704288920,35.881,25.000
4815459635038,1777552649,724288770,38.381,25.000
4815479638568,1777552649,744292299,36.104,25.000
4815499640817,1777552649,764294197,36.537,25.000
4815519635258,1777552649,784288606,33.202,26.000
4815539634692,1777552649,804288103,32.726,26.000
4815559635437,1777552649,824288817,33.387,0.000
4815579642359,1777552649,844295995,31.872,0.000
4815599641473,1777552649,864294981,33.060,26.000
4815619635402,1777552649,884288141,30.736,26.000
4815639634419,1777552649,904287447,31.169,25.000
4815659635421,1777552649,924288064,32.035,25.000
4815679638246,1777552649,944291210,31.571,34.000
4815699639664,1777552649,964292692,31.169,34.000
4815719635289,1777552649,984288733,29.654,26.000
4815739633186,1777552650,4286598,30.286,26.000
4815759634092,1777552650,24287119,31.000,26.000
4815779637238,1777552650,44290553,30.000,26.000
4815799637855,1777552650,64291203,32.333,0.000
4815819639529,1777552650,84292300,32.333,0.000
4815839637170,1777552650,104290038,37.333,26.000
4815859634651,1777552650,124288159,37.333,26.000
4815879724910,1777552650,144379218,36.167,26.000
4815899635598,1777552650,164289298,36.167,26.000
4815919632951,1777552650,184286203,33.745,26.000
4815939634497,1777552650,204287845,31.623,26.000
4815959633706,1777552650,224287118,31.320,26.000
4815979638452,1777552650,244292280,29.156,26.000
4815999656224,1777552650,264309699,29.913,39.000
4816019632615,1777552650,284285386,33.083,39.000
4816039634736,1777552650,304288212,33.712,0.000
4816059634010,1777552650,324286941,30.682,0.000
4816079633667,1777552650,344286887,32.500,26.000
4816099634477,1777552650,364287632,31.464,26.000
4816119640823,1777552650,384294075,29.470,26.000
4816139637024,1777552650,404291012,30.286,26.000
4816159634953,1777552650,424288269,33.905,25.000
4816179683864,1777552650,444337180,36.905,25.000
4816199642493,1777552650,464296449,38.571,26.000
4816219636134,1777552650,484288937,36.071,26.000
4816239642064,1777552650,504296084,35.452,26.000
4816259639865,1777552650,524293053,33.548,26.000
4816279639395,1777552650,544293190,33.528,18.000
4816299635020,1777552650,564289007,32.833,18.000
4816319634645,1777552650,584288249,32.952,0.000
4816339638847,1777552650,604292579,34.502,0.000
4816359638760,1777552650,624293548,34.024,26.000
4816379636274,1777552650,644290517,35.024,26.000
4816399634139,1777552650,664288062,37.641,26.000
4816419649190,1777552650,684303018,41.320,26.000
4816439639502,1777552650,704292914,40.452,0.000
4816459637720,1777552650,724290939,41.286,0.000
4816479643554,1777552650,744296997,38.810,0.000
4816499644299,1777552650,764298383,37.229,0.000
4816519822984,1777552650,784476651,34.619,26.000
4816539649375,1777552650,804302754,34.502,26.000
4816559635943,1777552650,824289674,34.619,18.000
4816579638608,1777552650,844291892,34.978,18.000
4816599647771,1777552650,864301087,34.654,9.000
4816619639363,1777552650,884292423,33.548,9.000
4816639641421,1777552650,904294065,32.771,26.000
4816659801032,1777552650,924454027,31.602,26.000
4816679642272,1777552650,944295236,28.452,0.000
4816699633609,1777552650,964287244,30.238,0.000
4816719633298,1777552650,984286422,33.550,26.000
4816739635484,1777552651,4288799,30.411,26.000
4816759636997,1777552651,24290185,31.320,26.000
4816779639407,1777552651,44293267,29.913,26.000
4816799644441,1777552651,64297213,27.208,26.000
4816819639618,1777552651,84292710,28.976,26.000
4816839635819,1777552651,104288783,33.262,0.000
4816859640469,1777552651,124294393,33.929,0.000
4816879639487,1777552651,144293410,37.511,15.000
4816899637640,1777552651,164291179,38.952,15.000
4816919635185,1777552651,184288469,37.532,26.000
4816939610744,1777552651,204264380,34.502,26.000
4816959638212,1777552651,224291624,32.500,19.000
4816979627565,1777552651,244281200,30.750,19.000
4816999634455,1777552651,264287642,32.457,26.000
4817019638689,1777552651,284291364,31.988,26.000
4817039633866,1777552651,304286733,34.702,26.000
4817059632115,1777552651,324285495,35.444,26.000
4817079642238,1777552651,344295073,33.268,0.000
4817099641351,1777552651,364295211,35.690,0.000
4817120071518,1777552651,384725346,34.264,26.000
4817139636889,1777552651,404290365,34.976,26.000
4817159636003,1777552651,424289606,36.024,26.000
4817179633708,1777552651,444287312,38.918,26.000
4817199639510,1777552651,464292858,35.238,0.000
4817219632991,1777552651,484285506,36.580,0.000
4817239686638,1777552651,504340114,35.905,21.000
4817259953108,1777552651,524607031,38.398,21.000
4817279657150,1777552651,544310657,37.952,26.000
4817299637701,1777552651,564291657,37.532,26.000
4817319638799,1777552651,584292210,37.619,4.000
4817339634712,1777552651,604287739,39.333,4.000
4817359639138,1777552651,624293413,35.000,26.000
4817379637227,1777552651,644291151,32.000,26.000
4817399635476,1777552651,664289272,32.167,26.000
4817419640158,1777552651,684292738,36.119,26.000
4817439634215,1777552651,704287659,34.004,26.000
4817459696279,1777552651,724349627,34.567,26.000
4817479731652,1777552651,744385576,37.900,0.000
4817499680968,1777552651,764334540,37.524,0.000
4817519637197,1777552651,784291281,37.143,26.000
4817539636023,1777552651,804289402,37.143,26.000
4817559638688,1777552651,824292388,36.656,26.000
4817579636010,1777552651,844294222,34.275,26.000
4817599635603,1777552651,864289559,36.277,4.000
4817619638141,1777552651,884290528,38.571,4.000
4817639637062,1777552651,904290186,40.857,26.000
4817659708567,1777552651,924361531,40.660,26.000
4817679823117,1777552651,944476208,41.786,4.000
4817699636450,1777552651,964289862,42.089,4.000
4817719640332,1777552651,984293968,40.465,0.000
4817739637717,1777552652,4291929,36.560,0.000
4817759641343,1777552652,24294659,32.940,26.000
4817779668460,1777552652,44326960,32.940,26.000
4817799637682,1777552652,64290133,31.690,26.000
4817819636379,1777552652,84289535,33.238,26.000
4817839615458,1777552652,104269318,35.405,0.000
4817859641839,1777552652,124296018,39.024,0.000
4817879640600,1777552652,144294940,37.857,0.000
4817899638657,1777552652,164292325,38.786,0.000
4817919814653,1777552652,184468001,38.593,26.000
4817939800805,1777552652,204454537,38.202,26.000
4817959638430,1777552652,224292161,37.250,0.000
4817979775382,1777552652,244428409,36.331,0.000
4817999653874,1777552652,264307158,36.331,26.000
4818019636954,1777552652,284289758,36.786,26.000
4818039690857,1777552652,304343629,34.589,26.000
4818059640173,1777552652,324293681,35.152,26.000
4818079640983,1777552652,344294330,37.619,0.000
4818099639264,1777552652,364292868,35.368,0.000
4818119641098,1777552652,384294349,36.357,26.000
4818139641715,1777552652,404295639,35.857,26.000
4818159642845,1777552652,424296609,37.524,26.000
4818179646631,1777552652,444300106,33.810,26.000
4818200236655,1777552652,464889970,32.857,26.000
4818219753093,1777552652,484405704,31.277,26.000
4818239638242,1777552652,504291750,32.143,0.000
4818259634571,1777552652,524288367,32.024,0.000
4818279640597,1777552652,544294681,32.738,26.000
4818299656609,1777552652,564310564,34.264,26.000
4818319639464,1777552652,584293132,35.190,26.000
4818339661588,1777552652,604315704,34.156,26.000
4818359811565,1777552652,624465329,32.338,25.000
4818379641157,1777552652,644295593,32.338,25.000
4818399636974,1777552652,664290994,35.286,26.000
4818419636407,1777552652,684289211,34.048,26.000
4818439641409,1777552652,704294533,29.452,26.000
4818459762231,1777552652,724415867,31.104,26.000
4818479695034,1777552652,744348285,32.821,0.000
4818499641854,1777552652,764295553,31.306,0.000
4818519635430,1777552652,784288490,30.960,0.000
4818539690614,1777552652,804344185,34.401,0.000
4818559658236,1777552652,824311263,35.365,26.000
4818579640131,1777552652,844293575,33.143,26.000
4818599641069,1777552652,864299345,36.143,26.000
4818619641078,1777552652,884292858,35.190,26.000
4818639640992,1777552652,904293667,37.100,26.000
4818659641001,1777552652,924294093,37.749,26.000
4818679639987,1777552652,944293430,38.190,26.000
4818699637212,1777552652,964290239,36.143,26.000
4818719638821,1777552652,984292457,37.595,26.000
4818739646928,1777552653,4300211,37.119,26.000
4818759639865,1777552653,24293820,36.119,0.000
4818779636290,1777552653,44290309,36.732,0.000
4818799641452,1777552653,64293839,38.550,26.000
4818819773539,1777552653,84426599,38.667,26.000
4818839639006,1777552653,104291746,41.524,26.000
4818859641416,1777552653,124294892,39.827,26.000
4818879633745,1777552653,144286932,40.155,26.000
4818899706530,1777552653,164359589,38.155,26.000
4818919636612,1777552653,184289928,37.110,26.000
4818939635661,1777552653,204289105,33.344,26.000
4818959640727,1777552653,224294299,32.393,26.000
4818979686886,1777552653,244340297,29.221,26.000
4818999636490,1777552653,264290574,29.221,0.000
4819019635059,1777552653,284287895,28.643,0.000
4819039733959,1777552653,304387275,30.929,26.000
4819059638662,1777552653,324292138,31.753,26.000
4819079640848,1777552653,344294004,31.929,26.000
4819099766631,1777552653,364419595,32.310,26.000
4819119636899,1777552653,384290566,33.643,0.000
4819139640044,1777552653,404299057,32.749,0.000
4819159689851,1777552653,424343455,32.833,0.000
4819179642976,1777552653,444296803,37.641,0.000
4819199638249,1777552653,464291788,38.777,26.000
4819219638706,1777552653,484290294,38.885,26.000
4819239637243,1777552653,504290431,39.560,20.000
4819259740432,1777552653,524393972,37.478,20.000
4819279635694,1777552653,544288978,34.655,7.000
4819299637560,1777552653,564291612,34.627,7.000
4819319638657,1777552653,584292901,31.841,26.000
4819339639243,1777552653,604293039,34.222,26.000
4819359716733,1777552653,624370560,32.889,0.000
4819379639166,1777552653,644292098,37.222,0.000
4819399641320,1777552653,664295083,35.952,26.000
4819419638097,1777552653,684291860,40.476,26.000
4819439642811,1777552653,704297246,42.641,26.000
4819459652261,1777552653,724306313,39.719,26.000
4819479642094,1777552653,744296177,38.983,26.000
4819499634486,1777552653,764288250,39.589,26.000
4819519638560,1777552653,784292164,37.762,0.000
4819539640266,1777552653,804293613,34.589,0.000
4819559635123,1777552653,824289174,33.117,8.000
4819579639101,1777552653,844292288,37.262,8.000
4819599636294,1777552653,864290313,38.262,26.000
4819619636719,1777552653,884290067,37.359,26.000
4819639830157,1777552653,904484433,36.143,9.000
4819659642083,1777552653,924295686,37.619,9.000
4819679639180,1777552653,944293328,36.024,26.000
4819699726815,1777552653,964381090,34.488,26.000
4819719747946,1777552653,984402094,38.202,26.000
4819739637704,1777552654,4290860,41.619,26.000
4819759682038,1777552654,24335354,40.381,0.000
4819779637467,1777552654,44290655,40.152,0.000
4819799642565,1777552654,64295593,37.045,26.000
4819819637550,1777552654,84290770,37.045,26.000
4819839638552,1777552654,104291611,35.703,26.000
4819859638945,1777552654,124292837,33.506,26.000
4819879636810,1777552654,144290638,36.794,26.000
4819899640148,1777552654,164293880,36.479,26.000
4819919642046,1777552654,184296002,34.413,19.000
4819939635431,1777552654,204293611,33.709,19.000
4819959637040,1777552654,224290868,34.444,26.000
4819979635738,1777552654,244289405,33.889,26.000
4819999633571,1777552654,264287367,35.361,6.000
4820019638189,1777552654,284291088,36.563,6.000
4820039650392,1777552654,304304123,36.563,26.000
4820059643072,1777552654,324297188,37.849,26.000
4820079638953,1777552654,344292013,37.190,26.000
4820099637235,1777552654,364291062,36.238,26.000
4820119773290,1777552654,384427246,38.355,26.000
4820139638694,1777552654,404292489,39.190,26.000
4820159639407,1777552654,424292723,36.883,0.000
4820179636952,1777552654,444290428,41.169,0.000
4820199594717,1777552654,464248065,44.848,26.000
4820219633707,1777552654,484286415,42.468,26.000
4820239642677,1777552654,504296953,38.680,26.000
4820259639070,1777552654,524292610,41.167,26.000
4820279641576,1777552654,544294892,37.833,4.000
4820299637873,1777552654,564291861,35.167,4.000
4820319755655,1777552654,584409355,34.786,26.000
4820339639652,1777552654,604293896,37.286,26.000
4820359636430,1777552654,624290353,36.061,4.000
4820379634711,1777552654,644288603,34.351,4.000
4820399636096,1777552654,664289860,35.866,0.000
4820419636234,1777552654,684288269,31.364,0.000
4820439761185,1777552654,704414852,31.364,26.000
4820459639549,1777552654,724292865,29.697,26.000
4820479706126,1777552654,744359569,28.500,26.000
4820499680436,1777552654,764334264,30.881,26.000
4820519634585,1777552654,784287869,30.881,0.000
4820539633218,1777552654,804286214,33.831,0.000
4820559637868,1777552654,824291632,32.714,0.000
4820579635222,1777552654,844288825,30.909,0.000
4820599634175,1777552654,864287683,33.593,26.000
4820619828029,1777552654,884480609,31.732,26.000
4820639636050,1777552654,904289078,29.567,4.000
4820659634651,1777552654,924288479,27.706,4.000
4820679638853,1777552654,944292425,27.524,0.000
4820699641135,1777552654,964294707,25.974,0.000
4820719763781,1777552654,984417193,26.238,25.000
4820739640002,1777552655,4293253,29.667,25.000
4820759642412,1777552655,24295439,28.714,26.000
4820779641685,1777552655,44294521,30.381,26.000
4820799639934,1777552655,64292418,32.798,0.000
4820819640392,1777552655,84294251,32.500,0.000
4821422968837,1777552655,687777177,27.750,0.000
4821439640941,1777552655,704295761,33.306,0.000
4821459635894,1777552655,724290074,36.083,0.000
4821479667395,1777552655,744321639,32.869,34.000
4821499637289,1777552655,764291405,37.175,34.000
4821519641331,1777552655,784295159,36.032,26.000
4821539808270,1777552655,804462450,32.900,26.000
4821559668617,1777552655,824321709,24.921,26.000
4821579656753,1777552655,844310037,28.070,26.000
4821599647162,1777552655,864300413,29.946,26.000
4821619635234,1777552655,884287941,26.699,26.000
4821639634251,1777552655,904287407,26.353,26.000
4821659634805,1777552655,924287640,27.565,26.000
4821679664577,1777552655,944318341,27.905,0.000
4821699682925,1777552655,964336945,28.571,0.000
4821719672021,1777552655,984325561,27.619,26.000
4821739637787,1777552656,4291583,25.974,26.000
4821759634948,1777552656,24288232,26.883,26.000
4821779635790,1777552656,44289393,25.671,26.000
4821799636791,1777552656,64288475,26.775,0.000
4821819655171,1777552656,84307078,27.608,0.000
4821839670446,1777552656,104323185,28.258,0.000
4821859636852,1777552656,124290167,28.763,0.000
4821879638269,1777552656,144291585,33.265,26.000
4821899636359,1777552656,164289898,36.377,26.000
4821919650033,1777552656,184303189,33.683,26.000
4821939720450,1777552656,204373926,32.683,26.000
4821959635875,1777552656,224288903,32.841,0.000
4821979635884,1777552656,244289072,31.222,0.000
4821999732000,1777552656,264385828,29.270,26.000
4822019787823,1777552656,284442323,28.000,26.000
4822039784761,1777552656,304438684,29.000,0.000
4822059783810,1777552656,324437350,28.841,0.000
4822079640060,1777552656,344293664,30.512,26.000
4822099638149,1777552656,364292137,33.056,26.000
4822119690292,1777552656,384344504,32.323,25.000
4822139715040,1777552656,404369252,32.323,25.000
4822159735212,1777552656,424388432,36.000,25.000
4822179641228,1777552656,444294799,35.444,25.000
4822199661591,1777552656,464315227,34.545,0.000
4822219653632,1777552656,484306019,28.485,0.000
4822239698990,1777552656,504351826,29.548,7.000
4822259636305,1777552656,524289493,25.952,7.000
4822279641307,1777552656,544294815,25.952,26.000
4822299640772,1777552656,564294568,29.048,26.000
4822319639310,1777552656,584292945,30.000,7.000
4822339639223,1777552656,604292411,27.128,7.000
4822359862264,1777552656,624515612,29.127,26.000
4822379745877,1777552656,644399385,33.968,26.000
4822399637619,1777552656,664291543,32.254,26.000
4822419696803,1777552656,684350471,31.302,26.000
4822439639238,1777552656,704292906,31.996,0.000
4822459783071,1777552656,724437059,32.060,0.000
4822479759046,1777552656,744412330,32.724,26.000
4822499637251,1777552656,764290630,31.858,26.000
4822519754073,1777552656,784407452,29.737,26.000
4822539721311,1777552656,804374242,32.237,26.000
4822559634847,1777552656,824288386,31.732,26.000
4822579634216,1777552656,844287180,33.063,26.000
4822599634866,1777552656,864288437,32.083,17.000
4822619638364,1777552656,884290943,32.417,17.000
4822639636933,1777552656,904290089,31.472,26.000
4822659635118,1777552656,924288466,27.962,26.000
4822679641016,1777552656,944294524,30.341,6.000
4822699639714,1777552656,964293413,33.897,6.000
4822719648492,1777552656,984302160,32.330,26.000
4822739704123,1777552657,4357631,32.475,26.000
4822759633277,1777552657,24286337,35.187,26.000
4822779635623,1777552657,44288875,37.773,26.000
4822799640369,1777552657,64292981,35.255,26.000
4822819638330,1777552657,84290718,36.003,26.000
4822839777971,1777552657,104431510,33.844,0.000
4822859641838,1777552657,124295697,33.308,0.000
4822879638295,1777552657,144292026,33.167,26.000
4822899639200,1777552657,164292772,37.631,26.000
4822919647083,1777552657,184300782,33.056,26.000
4822939644980,1777552657,204298775,33.460,26.000
4822959648606,1777552657,224302113,37.341,0.000
4822979638854,1777552657,244292682,37.338,0.000
4822999639408,1777552657,264293331,36.201,26.000
4823019658907,1777552657,284312095,37.536,26.000
4823039762608,1777552657,304415923,35.821,4.000
4823059741527,1777552657,324395835,34.571,4.000
4823079637461,1777552657,344291481,35.570,0.000
4823099698565,1777552657,364352617,35.365,0.000
4823119638344,1777552657,384292780,33.365,26.000
4823139682550,1777552657,404336250,30.981,26.000
4823159639643,1777552657,424293663,31.631,26.000
4823179688842,1777552657,444342926,33.738,26.000
4823199690964,1777552657,464345079,34.892,0.000
4823219640408,1777552657,484293979,27.316,0.000
4823239717641,1777552657,504371437,30.649,0.000
4823259638090,1777552657,524292014,33.000,0.000
4823279711228,1777552657,544364575,32.771,26.000
4823299638846,1777552657,564292481,32.121,26.000
4823319652968,1777552657,584306476,33.687,4.000
4823339659603,1777552657,604313046,32.675,4.000
4823359636314,1777552657,624290397,30.354,21.000
4823379683048,1777552657,644337004,32.482,21.000
4823399640397,1777552657,664294417,35.167,26.000
4823419642167,1777552657,684295130,31.970,26.000
4823439638432,1777552657,704291299,30.152,0.000
4823459640137,1777552657,724294413,31.738,0.000
4823479648660,1777552657,744302904,33.543,26.000
4823499657310,1777552657,764310978,33.175,26.000
4823519635653,1777552657,784289321,32.619,26.000
4823539681236,1777552657,804334967,36.583,26.000
4823559636952,1777552657,824296029,33.258,26.000
4823579635682,1777552657,844289413,34.426,26.000
4823599647788,1777552657,864302256,31.536,0.000
4823619641301,1777552657,884294809,28.669,0.000
4823639639327,1777552657,904292994,30.487,26.000
4823659637000,1777552657,924290603,34.806,26.000
4823679634449,1777552657,944288245,36.139,26.000
4823699660125,1777552657,964314305,33.373,26.000
4823719650438,1777552657,984304969,35.960,0.000
4823739638542,1777552658,4291697,31.555,0.000
4823759637687,1777552658,24296987,32.767,26.000
4823779638657,1777552658,44292324,35.234,26.000
4823799652268,1777552658,64305839,34.139,26.000
4823819670071,1777552658,84328251,31.035,26.000
4823839637789,1777552658,104290465,37.472,26.000
4823859637798,1777552658,124290986,35.379,26.000
4823879637040,1777552658,144291092,34.083,0.000
4823899712289,1777552658,164365925,37.528,0.000
4823919664486,1777552658,184318121,35.563,26.000
4823939641901,1777552658,204295152,34.944,26.000
4823959745057,1777552658,224398757,34.944,26.000
4823979641056,1777552658,244293891,34.944,26.000
4823999639689,1777552658,264293453,31.500,26.000
4824019826406,1777552658,284479882,31.753,26.000
4824039654045,1777552658,304307009,31.500,26.000
4824059636613,1777552658,324289833,29.500,26.000
4824079712343,1777552658,344366202,27.468,26.000
4824099637272,1777552658,364291228,29.078,26.000
4824119637986,1777552658,384291749,28.030,0.000
4824139641003,1777552658,404294863,28.030,0.000
4824159634292,1777552658,424288280,24.833,26.000
4824179637246,1777552658,444291074,26.507,26.000
4824199638343,1777552658,464292619,24.618,26.000
4824219705368,1777552658,484358492,23.752,26.000
4824239657949,1777552658,504311424,25.538,26.000
4824259644197,1777552658,524297448,26.187,26.000
4824279637325,1777552658,544291281,25.985,26.000
4824299676731,1777552658,564329759,25.631,26.000
4824319640257,1777552658,584293508,26.702,26.000
4824339640618,1777552658,604294350,25.452,26.000
4824359635315,1777552658,624288791,26.738,0.000
4824379642429,1777552658,644295937,25.690,0.000
4824399636326,1777552658,664290282,26.802,26.000
4824419683796,1777552658,684336760,25.664,26.000
4824439634009,1777552658,704291805,26.286,26.000
4824459634082,1777552658,724287238,25.303,26.000
4824479636556,1777552658,744288943,22.619,0.000
4824499640182,1777552658,764298746,24.364,0.000
4824519638591,1777552658,784291715,23.065,26.000
4824539820572,1777552658,804474335,25.028,26.000
4824559639858,1777552658,824292950,23.697,26.000
4824579809101,1777552658,844462353,26.614,26.000
4824599639909,1777552658,864293833,22.305,0.000
4824619824866,1777552658,884477926,25.250,0.000
4824639635351,1777552658,904293500,22.955,0.000
4824659641186,1777552658,924294597,28.806,0.000
4824679638187,1777552658,944292142,29.556,39.000
4824699870573,1777552658,964523920,29.556,39.000
4824719711973,1777552658,984365033,26.869,0.000
4824739637479,1777552659,4295819,28.947,0.000
4824759638001,1777552659,24291508,28.947,26.000
4824779637082,1777552659,44290526,29.596,26.000
4824799822551,1777552659,64474875,28.932,26.000
4824819799070,1777552659,84452546,29.582,26.000
4824839639479,1777552659,104293210,30.491,26.000
4824859639488,1777552659,124292996,26.652,26.000
4824879633065,1777552659,144286604,26.306,0.000
4824899839240,1777552659,164493260,28.167,0.000
4824919695426,1777552659,184348710,23.442,0.000
4824939635782,1777552659,204288489,23.786,0.000
4824959637391,1777552659,224294675,29.452,25.000
4824979642617,1777552659,244300573,30.405,25.000
4824999640034,1777552659,264293446,26.952,0.000
4825019662670,1777552659,284315634,28.619,0.000
4825039642070,1777552659,304294649,25.368,26.000
4825060564097,1777552659,325217412,26.405,26.000
4825079635016,1777552659,344288299,26.405,26.000
4825099638834,1777552659,364293141,26.688,26.000
4825119660541,1777552659,384314209,30.071,0.000
4825139642565,1777552659,404295657,32.071,0.000
4825159650671,1777552659,424305011,33.571,26.000
4825179893042,1777552659,444547926,32.619,26.000
4825200115764,1777552659,464769815,30.619,26.000
4825219777465,1777552659,484429469,31.155,26.000
4825239650773,1777552659,504303609,29.155,26.000
4825259702532,1777552659,524355304,29.491,26.000
4825279684460,1777552659,544337903,27.673,7.000
4825299636784,1777552659,564289780,27.009,7.000
4825319694656,1777552659,584353828,26.522,26.000
4825339639619,1777552659,604292551,26.522,26.000
4825359637869,1777552659,624291120,28.795,16.000
4825379635350,1777552659,644288921,30.397,16.000
4825399639488,1777552659,664293187,26.479,26.000
4825419648458,1777552659,684302062,28.413,26.000
4825439635954,1777552659,704289334,31.841,26.000
4825459641564,1777552659,724294976,31.341,26.000
4825479636997,1777552659,744290601,31.667,26.000
4825499642223,1777552659,764295763,31.381,26.000
4825519741219,1777552659,784393799,33.381,0.000
4825539641474,1777552659,804294598,30.667,0.000
4825559641068,1777552659,824294671,31.238,26.000
4825579640277,1777552659,844293657,29.372,26.000
4825599647135,1777552659,864300739,29.026,26.000
4825619636071,1777552659,884288715,29.026,26.000
4825639635281,1777552659,904287828,29.372,6.000
4825659639515,1777552659,924292606,30.411,6.000
4825679664423,1777552659,944318539,31.952,26.000
4825699664048,1777552659,964317876,31.952,26.000
4825719657721,1777552659,984311389,31.238,6.000
4825739637952,1777552660,4291204,32.107,6.000
4825759636682,1777552660,24290477,34.357,0.000
4825779637843,1777552660,44291927,34.913,0.000
4825799753673,1777552660,64407117,30.368,26.000
4825819639398,1777552660,84292746,35.452,26.000
4825839636656,1777552660,104289843,33.561,26.000
4825859660572,1777552660,124314111,35.909,26.000
4825879670118,1777552660,144324202,35.452,0.000
4825899640428,1777552660,164294096,32.879,0.000
4825919663736,1777552660,184317756,33.182,0.000
4825939637215,1777552660,204290915,33.167,0.000
4825959636872,1777552660,224289836,29.119,26.000
4825979633810,1777552660,244287477,27.424,26.000
4825999634299,1777552660,264287903,25.455,4.000
4826019634725,1777552660,284287592,29.667,4.000
4826039635758,1777552660,304288530,25.671,20.000
4826059633463,1777552660,324286715,26.238,20.000
4826079634913,1777552660,344288101,28.398,26.000
4826099635147,1777552660,364289870,32.238,26.000
4826119647669,1777552660,384301657,30.444,0.000
4826139638270,1777552660,404291970,32.917,0.000
4826159643656,1777552660,424297836,33.301,26.000
4826179635120,1777552660,444289172,33.301,26.000
4826199641755,1777552660,464295614,33.604,0.000
4826219671783,1777552660,484323563,32.381,0.000
4826239631596,1777552660,504284848,34.917,26.000
4826259641207,1777552660,524294523,32.457,26.000
4826279639456,1777552660,544293796,33.702,0.000
4826300166786,1777552660,564820293,33.702,0.000
4826319639987,1777552660,584293783,31.775,25.000
4826339640861,1777552660,604295169,29.123,25.000
4826359672810,1777552660,624326605,27.536,26.000
4826379644272,1777552660,644298356,24.383,26.000
4826399636281,1777552660,664290076,27.035,0.000
4826419638402,1777552660,684291590,26.488,0.000
4826439675088,1777552660,704328819,28.988,26.000
4826459640085,1777552660,724293305,28.820,26.000
4826479638431,1777552660,744291554,31.702,26.000
4826499642441,1777552660,764295788,28.853,26.000
4826519640658,1777552660,784293750,30.071,26.000
4826539636795,1777552660,804289855,27.338,26.000
4826559635748,1777552660,824289480,26.883,0.000
4826579920268,1777552660,844573744,26.219,0.000
4826599656409,1777552660,864310877,27.556,26.000
4826619670020,1777552660,884322824,25.960,26.000
4826639662637,1777552660,904316081,29.111,34.000
4826659637332,1777552660,924291352,26.970,34.000
4826679639646,1777552660,944293633,23.997,26.000
4826699661545,1777552660,964314989,26.320,26.000
4826719635184,1777552660,984288820,28.009,26.000
4826739636858,1777552661,4290621,31.504,26.000
4826759633795,1777552661,24287847,30.516,26.000
4826779639565,1777552661,44293905,33.567,26.000
4826799636022,1777552661,64289530,30.920,0.000
4826819636352,1777552661,84287843,30.155,0.000
4826839638057,1777552661,104291981,31.619,39.000
4826859640083,1777552661,124293270,30.286,39.000
4826879642525,1777552661,144296288,30.455,26.000
4826899639302,1777552661,164293385,35.833,26.000
4826919637775,1777552661,184291795,34.134,26.000
4826939639897,1777552661,204293180,33.485,26.000
4826959638082,1777552661,224292198,35.548,25.000
4826979638699,1777552661,244292815,32.316,25.000
4826999638197,1777552661,264291993,31.000,26.000
4827019639999,1777552661,284292194,29.351,26.000
4827039632807,1777552661,304286219,31.119,0.000
4827059640146,1777552661,324293781,28.290,0.000
4827079685888,1777552661,344339268,28.405,25.000
4827099641797,1777552661,364295464,26.977,25.000
4827119639534,1777552661,384292369,26.925,34.000
4827139634231,1777552661,404287706,27.161,34.000
4827159635616,1777552661,424289124,27.377,0.000
4827179637802,1777552661,444291534,25.538,0.000
4827199653013,1777552661,464306809,27.356,0.000
4827219635901,1777552661,484287840,28.038,0.000
4827239640999,1777552661,504294603,29.856,25.000
4827259687989,1777552661,524341529,28.038,25.000
4827279661148,1777552661,544314720,31.397,26.000
4827299637379,1777552661,564290919,28.543,26.000
4827319636012,1777552661,584289040,28.647,0.000
4827339638774,1777552661,604292730,27.917,0.000
4827359644224,1777552661,624297668,30.972,26.000
4827379649130,1777552661,644303566,27.002,26.000
4827399637234,1777552661,664298615,29.861,0.000
4827419636444,1777552661,684288607,30.611,0.000
4827439641382,1777552661,704294761,31.341,26.000
4827459635662,1777552661,724289362,29.610,26.000
4827479634968,1777552661,744288988,27.987,26.000
4827499640066,1777552661,764294022,30.627,26.000
4827519673007,1777552661,784326482,30.627,26.000
4827539643189,1777552661,804296985,30.115,26.000
4827559642334,1777552661,824296930,30.714,0.000
4827579640328,1777552661,844294443,33.905,0.000
4827599645586,1777552661,864299413,32.136,0.000
4827619636506,1777552661,884289630,33.272,0.000
4827639641412,1777552661,904294792,34.063,26.000
4827659636269,1777552661,924290065,30.563,26.000
4827679635030,1777552661,944289018,29.786,0.000
4827699638912,1777552661,964292996,28.786,0.000
4827719642538,1777552661,984296014,28.091,26.000
4827739638387,1777552662,4291831,26.127,26.000
4827759659839,1777552662,24313635,30.460,26.000
4827779639846,1777552662,44294090,29.889,26.000
4827799639728,1777552662,64293427,30.548,0.000
4827819640249,1777552662,84292381,30.043,0.000
4827839639587,1777552662,104292870,32.965,26.000
4827859636012,1777552662,124289007,32.965,26.000
4827879668953,1777552662,144323068,34.833,26.000
4827899711527,1777552662,164365546,35.369,26.000
4827919641929,1777552662,184296045,33.972,26.000
4827939636754,1777552662,204290773,33.323,26.000
4827959636987,1777552662,224291007,34.155,7.000
4827979641125,1777552662,244294761,32.868,7.000
4827999643247,1777552662,264297395,33.734,26.000
4828019639544,1777552662,284292924,35.821,26.000
4828039640065,1777552662,304293157,34.536,18.000
4828059640235,1777552662,324293551,34.536,18.000
4828079643445,1777552662,344297976,35.250,26.000
4828100165718,1777552662,364819961,29.714,26.000
4828119635847,1777552662,384289162,29.318,26.000
4828139641041,1777552662,404294645,26.851,26.000
4828159641146,1777552662,424294238,26.201,26.000
4828179851322,1777552662,444504766,26.706,26.000
4828199636461,1777552662,464290224,28.525,0.000
4828219634614,1777552662,484286746,32.016,0.000
4828239636256,1777552662,504289155,31.573,26.000
4828259640938,1777552662,524294221,36.730,26.000
4828279639443,1777552662,544293591,36.175,26.000
4828299641789,1777552662,564295872,32.237,26.000
4828319635942,1777552662,584289513,27.571,7.000
4828339635919,1777552662,604289267,28.961,7.000
4828359639257,1777552662,624292925,30.571,26.000
4828379640770,1777552662,644294374,28.905,26.000
4828399642668,1777552662,664297008,32.175,6.000
4828419635509,1777552662,684288408,32.929,6.000
4828439634302,1777552662,704287938,34.937,0.000
4828459634312,1777552662,724287467,35.437,0.000
4828479639250,1777552662,744292597,35.245,26.000
4828499638843,1777552662,764292383,37.500,26.000
4828519633732,1777552662,784287816,34.091,26.000
4828539641038,1777552662,804294962,32.452,26.000
4828559639736,1777552662,824293179,31.017,0.000
4828579978949,1777552662,844632297,29.952,0.000
4828600057463,1777552662,864711579,30.260,0.000
4828619636852,1777552662,884290199,32.571,0.000
4828639635421,1777552662,904289185,32.381,26.000
4828659642311,1777552662,924296587,32.078,26.000
4828679638160,1777552662,944291988,33.238,5.000
4828699638906,1777552662,964292477,30.619,5.000
4828719635651,1777552662,984289671,30.823,19.000
4828739641101,1777552663,4295153,29.905,19.000
4828759641014,1777552663,24294330,29.004,26.000
4828779639840,1777552663,44293667,31.977,26.000
4828799597765,1777552663,64250088,33.189,0.000
4828819634546,1777552663,84286838,36.825,0.000
4828839633339,1777552663,104287391,36.977,0.000
4828859639526,1777552663,124293513,36.675,0.000
4828879658481,1777552663,144312661,37.452,0.000
4828899636696,1777552663,164290844,34.833,0.000
4828919636642,1777552663,184290469,31.881,26.000
4828939639723,1777552663,204293903,30.095,26.000
4828959644789,1777552663,224298649,28.496,4.000
4828979641887,1777552663,244296002,31.345,4.000
4828999641352,1777552663,264295500,29.665,26.000
4829019640881,1777552663,284293301,32.631,26.000
4829039642971,1777552663,304296543,30.152,26.000
4829059636420,1777552663,324290312,29.015,26.000
4829079638446,1777552663,344291921,29.665,0.000
4829099634551,1777552663,364288762,29.917,0.000
4829119634624,1777552663,384288932,32.045,26.000
4829139638474,1777552663,404292654,28.528,26.000
4829159651957,1777552663,424306361,31.714,26.000
4829179673729,1777552663,444327748,34.250,26.000
4829199639142,1777552663,464292938,32.631,15.000
4829219638576,1777552663,484291315,32.955,15.000
4829239657755,1777552663,504311551,34.536,0.000
4829259635202,1777552663,524289382,34.080,0.000
4829279639468,1777552663,544293488,31.775,26.000
4829299633781,1777552663,564287289,30.216,26.000
4829319636447,1777552663,584290787,31.175,26.000
4829339640617,1777552663,604294381,30.180,26.000
4829359640338,1777552663,624294262,28.468,26.000
4829379636603,1777552663,644290463,28.754,26.000
4829399635525,1777552663,664289288,27.958,26.000
4829419639727,1777552663,684292050,26.804,26.000
4829439681181,1777552663,704334880,29.921,26.000
4829459646306,1777552663,724299878,27.143,26.000
4829479647916,1777552663,744301360,26.234,0.000
4829499636884,1777552663,764290456,26.857,0.000
4829519668129,1777552663,784321989,26.833,26.000
4829539640424,1777552663,804293931,25.516,26.000
4829559651858,1777552663,824305654,25.014,26.000
4829579643451,1777552663,844297054,27.516,26.000
4829599641220,1777552663,864295080,28.694,26.000
4829619636589,1777552663,884289073,30.905,26.000
4829639645719,1777552663,904298907,31.017,26.000
4829659672580,1777552663,924325927,31.405,26.000
4829679656203,1777552663,944309839,33.960,26.000
4829699637203,1777552663,964291223,31.522,26.000
4829719661215,1777552663,984315235,30.056,0.000
4829739638758,1777552664,4292938,27.626,0.000
4829759635183,1777552664,24289555,28.384,26.000
4829779635609,1777552664,44289372,27.879,26.000
4829799644931,1777552664,64297287,28.508,26.000
4829819822783,1777552664,84474787,25.267,26.000
4829839638293,1777552664,104292025,30.746,0.000
4829859783950,1777552664,124437394,28.600,0.000
4829879643369,1777552664,144297292,28.841,0.000
4829899640274,1777552664,164294038,26.851,0.000
4829919639355,1777552664,184293247,33.821,26.000
4829939594944,1777552664,204248356,30.747,26.000
4829959606667,1777552664,224260910,29.266,26.000
4829979813002,1777552664,244467598,25.956,26.000
4829999649410,1777552664,264303814,27.857,0.000
4830019636426,1777552664,284289678,27.792,0.000
4830039637972,1777552664,304291416,27.556,26.000
4830059692291,1777552664,324346023,24.040,26.000
4830079652872,1777552664,344306636,30.492,0.000
4830099603309,1777552664,364257264,28.270,0.000
4830119634425,1777552664,384288157,24.127,25.000
4830139638083,1777552664,404292199,21.905,25.000
4830159638125,1777552664,424292112,22.857,26.000
4830179653720,1777552664,444307740,20.130,26.000
4830199638240,1777552664,464291779,19.264,26.000
4830219640905,1777552664,484294093,22.083,26.000
4830239642803,1777552664,504296503,21.591,0.000
4830259633084,1777552664,524286879,20.292,0.000
4830279639910,1777552664,544293737,20.292,0.000
4830299638351,1777552664,564292499,22.110,0.000
4830319638553,1777552664,584292284,22.597,25.000
4830339636450,1777552664,604290758,21.082,25.000
4830359633515,1777552664,624287727,24.619,0.000
4830379638357,1777552664,644292345,22.119,0.000
4830399635390,1777552664,664289186,20.655,26.000
4830419638920,1777552664,684292396,21.702,26.000
4830439640658,1777552664,704294517,28.369,26.000
4830459744710,1777552664,724398090,26.742,26.000
4830479649925,1777552664,744303785,29.015,0.000
4830499673969,1777552664,764327989,31.667,0.000
4830519638711,1777552664,784293051,29.654,26.000
4830539645697,1777552664,804299845,27.186,26.000
4830559684271,1777552664,824338483,23.506,0.000
4830579642580,1777552664,844296600,25.143,0.000
4830599637629,1777552664,864291777,24.524,26.000
4830619635526,1777552664,884287850,26.976,26.000
4830639708055,1777552664,904361499,25.678,6.000
4830659726979,1777552664,924380487,24.812,6.000
4830679646404,1777552664,944299975,27.626,26.000
4830699642477,1777552664,964296657,30.270,26.000
4830719636598,1777552664,984290009,29.986,18.000
4830739638655,1777552665,4292547,30.762,18.000
4830759640137,1777552665,24293325,31.714,26.000
4830779642867,1777552665,44296758,29.333,26.000
4830799634523,1777552665,64286143,28.972,26.000
4830819634565,1777552665,84286376,25.639,26.000
4830839637935,1777552665,104289714,25.335,26.000
4830859644793,1777552665,124296764,24.917,26.000
4830879640610,1777552665,144293957,22.652,0.000
4830899640875,1777552665,164294671,22.165,0.000
4830919639957,1777552665,184293912,26.407,26.000
4830939635006,1777552665,204288833,26.710,26.000
4830959641160,1777552665,224294923,29.740,26.000
4830979639057,1777552665,244292661,32.714,26.000
4830999633082,1777552665,264287102,28.442,19.000
4831019634275,1777552665,284286983,30.714,19.000
4831039636877,1777552665,304290641,32.738,26.000
4831059639863,1777552665,324293179,28.071,26.000
4831079638752,1777552665,344291876,25.519,18.000
4831099637098,1777552665,364291181,29.848,18.000
4831119640083,1777552665,384293815,28.667,0.000
4831139635484,1777552665,404289408,25.152,0.000
4831159637894,1777552665,424291562,21.255,26.000
4831179638768,1777552665,444292211,24.381,26.000
4831199636601,1777552665,464289853,19.619,26.000
4831219636738,1777552665,484289670,18.896,26.000
4831239636780,1777552665,504290576,19.805,0.000
4831259640758,1777552665,524294521,25.119,0.000
4831279715719,1777552665,544369323,22.452,0.000
4831299638888,1777552665,564292780,21.061,0.000
4831319698616,1777552665,584352380,24.924,26.000
4831339635323,1777552665,604289215,30.452,26.000
4831359644741,1777552665,624298377,27.684,15.000
4831379639662,1777552665,644293682,25.866,15.000
4831399635127,1777552665,664288603,28.452,13.000
4831419638657,1777552665,684292037,29.758,13.000
4831439724244,1777552665,704378072,29.975,26.000
4831459641172,1777552665,724295032,27.675,26.000
4831479722695,1777552665,744376618,31.341,0.000
4831499634215,1777552665,764287914,26.977,0.000
4831519638993,1777552665,784293044,28.405,26.000
4831539638618,1777552665,804292510,27.641,26.000
4831559845946,1777552665,824499581,26.320,26.000
4831579639629,1777552665,844293073,26.952,26.000
4831599641495,1777552665,864295002,28.619,26.000
4831619638752,1777552665,884291268,27.835,26.000
4831639766135,1777552665,904419675,28.952,0.000
4831659634546,1777552665,924288086,29.004,0.000
4831679634684,1777552665,944288832,27.489,19.000
4831699639270,1777552665,964293098,26.580,19.000
4831719656209,1777552665,984310325,31.238,26.000
4831739640249,1777552666,4293661,27.238,26.000
4831759644291,1777552666,24298055,27.952,0.000
4831779634539,1777552666,44287951,27.489,0.000
4831799647670,1777552666,64299482,29.690,26.000
4831819641311,1777552666,84294403,27.641,26.000
4831839653610,1777552666,104306509,29.357,26.000
4831859638706,1777552666,124292629,26.039,26.000
4831879634235,1777552666,144288350,28.550,26.000
4831899638436,1777552666,164291432,29.952,26.000
4831919659440,1777552666,184313172,28.286,0.000
4831939638327,1777552666,204292475,24.848,0.000
4831959944993,1777552666,224599269,26.381,20.000
4831979660685,1777552666,244314544,23.333,20.000
4831999638164,1777552666,264291671,21.286,26.000
4832019637885,1777552666,284291649,24.738,26.000
4832039634022,1777552666,304287850,28.071,21.000
4832061757713,1777552666,326411253,28.452,26.000
4832079677662,1777552666,344330881,27.738,26.000
4832099643300,1777552666,364297703,31.508,26.000
4832119653838,1777552666,384308498,30.202,26.000
4832139641270,1777552666,404295002,29.056,26.000
4832159636671,1777552666,424290019,24.250,0.000
4832179638665,1777552666,444291981,30.722,0.000
4832199636818,1777552666,464290422,29.545,26.000
4832219636732,1777552666,484289055,31.619,26.000
4832239638405,1777552666,504291593,28.745,26.000
4832259637583,1777552666,524290866,30.260,26.000
4832279637944,1777552666,544291580,30.667,26.000
4832299639074,1777552666,564292806,32.424,26.000
4832319637899,1777552666,584291183,32.333,20.000
4832339680121,1777552666,604333181,31.083,20.000
4832359746858,1777552666,624400685,28.258,26.000
4832379707439,1777552666,644361107,27.608,26.000
4832399638065,1777552666,664291669,28.745,4.000
4832419638939,1777552666,684291710,26.364,4.000
4832439640356,1777552666,704292776,26.806,25.000
4832459638062,1777552666,724290673,23.719,25.000
4832479636215,1777552666,744288698,23.719,26.000
4832499637024,1777552666,764290052,27.175,26.000
4832519636938,1777552666,784290413,28.240,25.000
4832539639636,1777552666,804293367,29.794,25.000
4832559641885,1777552666,824294753,31.222,0.000
4832579636806,1777552666,844289418,29.033,0.000
4832599636240,1777552666,864290579,31.760,26.000
4832619635065,1777552666,884287901,31.212,26.000
4832639631074,1777552666,904284838,30.000,26.000
4832659783292,1777552666,924436799,34.286,26.000
4832679768836,1777552666,944422727,33.571,0.000
4832699634495,1777552666,964288386,31.656,0.000
4832719632328,1777552666,984286604,30.369,26.000
4832739636946,1777552667,4291030,30.750,26.000
4832759678304,1777552667,24332131,27.045,0.000
4832779688906,1777552667,44342894,25.877,0.000
4832799637230,1777552667,64289746,28.500,26.000
4832819648249,1777552667,84300733,30.455,26.000
4832839638977,1777552667,104292133,29.333,26.000
4832859653100,1777552667,124305936,28.712,26.000
4832879636980,1777552667,144290840,34.369,26.000
4832899640894,1777552667,164294498,34.083,26.000
4832919638695,1777552667,184292107,30.036,0.000
4832939635953,1777552667,204289364,25.790,0.000
4832959685727,1777552667,224339939,24.654,0.000
4832979641316,1777552667,244294664,24.654,0.000
4832999710645,1777552667,264364569,25.411,4.000
4833019634294,1777552667,284287226,27.000,4.000
4833039715016,1777552667,304369452,29.000,0.000
4833059637769,1777552667,324291469,29.714,0.000
4833079642099,1777552667,344295927,28.714,26.000
4833099705220,1777552667,364359079,29.667,26.000
4833119651399,1777552667,384305675,30.758,26.000
4833139636719,1777552667,404290995,27.987,26.000
4833159636601,1777552667,424290396,28.474,0.000
4833179653732,1777552667,444307272,28.474,0.000
4833199609001,1777552667,464262732,32.110,26.000
4833219640598,1777552667,484293209,30.821,26.000
4833239665090,1777552667,504317989,31.536,26.000
4833259635816,1777552667,524288780,28.701,26.000
4833279635121,1777552667,544289461,29.571,26.000
4833299636891,1777552667,564290719,28.286,26.000
4833319637733,1777552667,584291496,27.571,0.000
4833339639246,1777552667,604293170,29.238,0.000
4833359636567,1777552667,624290587,28.952,26.000
4833379652675,1777552667,644306598,26.825,26.000
4833399674446,1777552667,664328818,30.008,26.000
4833419692154,1777552667,684344925,29.066,26.000
4833439700932,1777552667,704359848,30.581,26.000
4833459648264,1777552667,724301932,31.111,26.000
4833479665651,1777552667,744319127,32.952,26.000
4833499692960,1777552667,764346691,32.734,26.000
4833519683208,1777552667,784336812,33.925,26.000
4833539682930,1777552667,804335381,34.044,26.000
4833559636790,1777552667,824290554,32.079,0.000
4833579635199,1777552667,844288355,30.317,0.000
4833599644106,1777552667,864297069,29.509,26.000
4833619686840,1777552667,884339611,30.375,26.000
4833639712580,1777552667,904366248,29.579,26.000
4833659705261,1777552667,924359184,27.843,26.000
4833679689877,1777552667,944343160,31.357,25.000
4833699698047,1777552667,964351106,33.557,25.000
4833719639522,1777552667,984292902,31.794,26.000
4833739686513,1777552668,4339860,30.058,26.000
4833759636469,1777552668,24290104,30.730,25.000
4833779634910,1777552668,44288802,30.000,25.000
4833799634823,1777552668,64287563,28.611,0.000
4833819643154,1777552668,84295061,26.515,0.000
4833839783114,1777552668,104436174,26.010,25.000
4833859638340,1777552668,124292360,27.525,25.000
4833879632845,1777552668,144286481,28.157,26.000
4833899632951,1777552668,164286906,31.144,26.000
4833919640321,1777552668,184294021,34.488,0.000
4833939638250,1777552668,204290958,33.933,0.000
4833959964854,1777552668,224618970,34.766,0.000
4833979640733,1777552668,244294017,34.071,0.000
4833999637670,1777552668,264291210,31.119,26.000
4834019636368,1777552668,284289427,28.939,26.000
4834039636185,1777552668,304289053,25.159,26.000
4834059639075,1777552668,324292647,27.626,26.000
4834079670640,1777552668,344324436,26.667,0.000
4834099634453,1777552668,364287833,29.394,0.000
4834119731849,1777552668,384385293,27.987,26.000
4834139681613,1777552668,404335249,29.805,26.000
4834159635954,1777552668,424290198,30.325,0.000
4834179662078,1777552668,444315938,28.643,0.000
4834199695531,1777552668,464349455,26.039,26.000
4834219699669,1777552668,484351961,26.688,26.000
4834239635288,1777552668,504288187,28.190,26.000
4834259709609,1777552668,524362733,26.782,26.000
4834279634507,1777552668,544287822,28.889,26.000
4834299634900,1777552668,564288120,25.613,26.000
4834319637182,1777552668,584291010,33.175,0.000
4834339638952,1777552668,604292843,29.293,0.000
4834359640433,1777552668,624293397,31.583,0.000
4834379634010,1777552668,644287966,30.869,0.000
4834399635780,1777552668,664289831,33.369,26.000
4834419695315,1777552668,684348471,33.366,26.000
4834439636151,1777552668,704289146,33.369,0.000
4834459635488,1777552668,724288420,30.119,0.000
4834479635817,1777552668,744289101,29.502,26.000
4834499638547,1777552668,764292183,31.952,26.000
4834519635196,1777552668,784288800,30.619,26.000
4834539634022,1777552668,804286889,28.442,26.000
4834559637135,1777552668,824290003,32.338,26.000
4834579636089,1777552668,844288508,32.716,26.000
4834599639043,1777552668,864293318,31.353,0.000
4834619634284,1777552668,884287567,28.019,0.000
4834639723070,1777552668,904376962,29.491,0.000
4834659639487,1777552668,924292707,28.626,0.000
4834679637160,1777552668,944291084,29.738,26.000
4834699638098,1777552668,964291798,26.169,26.000
4834719635707,1777552668,984289279,31.841,0.000
4834739637029,1777552669,4290920,31.222,0.000
4834759636174,1777552669,24289906,33.365,26.000
4834779637112,1777552669,44291035,31.739,26.000
4834799636545,1777552669,64288773,34.567,26.000
4834819635978,1777552669,84287950,34.711,26.000
4834839638612,1777552669,104292184,32.849,0.000
4834859636733,1777552669,124290113,31.032,0.000
4834879635911,1777552669,144288746,35.000,26.000
4834899638257,1777552669,164292340,30.306,26.000
4834919640026,1777552669,184293982,31.591,26.000
4834939633507,1777552669,204288039,29.022,26.000
4834959636141,1777552669,224289360,31.889,0.000
4834979636086,1777552669,244289530,28.619,0.000
4834999586586,1777552669,264240638,27.154,7.000
4835019633417,1777552669,284286636,30.925,7.000
4835039639667,1777552669,304293239,30.591,26.000
4835059634588,1777552669,324288160,29.897,26.000
4835079637190,1777552669,344290409,31.111,18.000
4835099633583,1777552669,364288051,33.861,18.000
4835119637369,1777552669,384292380,30.278,26.000
4835139637474,1777552669,404291174,33.520,26.000
4835159634891,1777552669,424288719,34.750,26.000
4835179634805,1777552669,444288248,33.359,26.000
4835199637470,1777552669,464291298,32.980,26.000
4835219633832,1777552669,484285771,31.722,26.000
4835239633937,1777552669,504287605,32.341,0.000
4835259635739,1777552669,524289214,31.219,0.000
4835279635588,1777552669,544289480,30.967,26.000
4835299635118,1777552669,564288273,30.967,26.000
4835319633463,1777552669,584288123,30.368,26.000
4835339633856,1777552669,604287748,32.786,26.000
4835359621192,1777552669,624274732,33.500,15.000
4835379632499,1777552669,644286295,31.119,15.000
4835399633469,1777552669,664286816,33.571,26.000
4835419632870,1777552669,684285162,31.036,26.000
4835439635088,1777552669,704289364,31.461,6.000
4835459636185,1777552669,724290269,29.893,6.000
4835479636259,1777552669,744289895,31.461,0.000
4835499632652,1777552669,764286096,33.321,0.000
4835519634806,1777552669,784288633,31.571,26.000
4835539633503,1777552669,804287043,26.571,26.000
4835559634217,1777552669,824287884,27.186,26.000
4835579631314,1777552669,844285077,27.571,26.000
4835599642300,1777552669,864296928,27.238,0.000
4835619634821,1777552669,884286921,27.489,0.000
4835639637135,1777552669,904290610,29.307,0.000
4835659635480,1777552669,924288444,32.424,0.000
4835679633793,1777552669,944286725,30.260,26.000
4835699634123,1777552669,964287310,28.745,26.000
4835719634004,1777552669,984287576,27.532,6.000
4835739637278,1777552670,4290178,30.667,6.000
4835759633063,1777552670,24286667,30.619,21.000
4835779633713,1777552670,44287028,31.472,21.000
4835799634682,1777552670,64286718,35.368,26.000
4835819637508,1777552670,84290120,40.238,26.000
4835839634573,1777552670,104287537,37.229,0.000
4835859637399,1777552670,124291643,39.952,0.000
4835879634816,1777552670,144288740,40.333,26.000
4835899637386,1777552670,164290990,39.333,26.000
4835919636275,1777552670,184289751,37.286,26.000
4835939639645,1777552670,204293217,34.416,26.000
4835959635174,1777552670,224289034,38.571,26.000
4835979633231,1777552670,244286579,34.405,26.000
4835999632409,1777552670,264286620,34.307,0.000
4836019633954,1777552670,284287142,30.411,0.000
4836039634124,1777552670,304286767,32.167,26.000
4836059635061,1777552670,324288313,29.405,26.000
4836079634431,1777552670,344287618,30.216,26.000
4836099633096,1777552670,364286604,29.369,26.000
4836119633682,1777552670,384287829,32.925,21.000
4836139635099,1777552670,404288735,29.931,21.000
4836159635749,1777552670,424289416,29.412,26.000
4836179634286,1777552670,444288466,31.520,26.000
4836199633527,1777552670,464287131,33.427,26.000
4836219635329,1777552670,484287973,30.649,26.000
4836239641899,1777552670,504295215,31.000,0.000
4836259636404,1777552670,524289176,30.286,0.000
4836279632957,1777552670,544285889,33.841,26.000
4836299631495,1777552670,564284842,32.583,26.000
4836319636433,1777552670,584290868,30.115,26.000
4836339635930,1777552670,604289982,33.038,26.000
4836359636675,1777552670,624290983,38.897,26.000
4836379635949,1777552670,644289681,35.361,26.000
4836399635798,1777552670,664289786,34.952,25.000
4836419634688,1777552670,684287875,36.524,25.000
4836439638026,1777552670,704291405,35.022,26.000
4836459632946,1777552670,724286358,32.244,26.000
4836479636316,1777552670,744290464,32.908,0.000
4836499634662,1777552670,764288553,34.524,0.000
4836519647312,1777552670,784300660,33.766,25.000
4836539635417,1777552670,804289020,33.000,25.000
4836559634530,1777552670,824288390,31.169,26.000
4836579632939,1777552670,844286831,34.571,26.000
4836599634709,1777552670,864288697,37.238,0.000
4836619635838,1777552670,884288194,36.857,0.000
4836639637512,1777552670,904290380,38.143,0.000
4836659635281,1777552670,924287989,40.429,0.000
4836679635579,1777552670,944288606,39.221,26.000
4836699633860,1777552670,964287176,36.797,26.000
4836719634286,1777552670,984287729,37.143,26.000
4836739632791,1777552671,4286235,36.429,26.000
4836759633312,1777552671,24287172,33.117,0.000
4836779634314,1777552671,44288046,32.762,0.000
4836799635700,1777552671,64287639,33.476,26.000
4836819637373,1777552671,84289761,31.991,26.000
4836839636839,1777552671,104289930,31.472,26.000
4836859635600,1777552671,124288820,31.212,26.000
4836879636570,1777552671,144289885,33.571,26.000
4836899639171,1777552671,164293223,31.571,26.000
4836919637517,1777552671,184291888,32.571,26.000
4836939649655,1777552671,204303611,28.961,26.000
4836959637312,1777552671,224291267,31.413,26.000
4836979636041,1777552671,244289805,34.040,26.000
4836999637010,1777552671,264290614,32.785,0.000
4837019731398,1777552671,284384682,33.997,0.000
4837039635333,1777552671,304288585,34.397,0.000
4837059636143,1777552671,324289298,35.841,0.000
4837079637016,1777552671,344291004,30.563,26.000
4837099638626,1777552671,364292454,28.182,26.000
4837119638059,1777552671,384292015,24.333,0.000
4837139638261,1777552671,404292025,27.229,0.000
4837159637246,1777552671,424290530,28.442,26.000
4837179637448,1777552671,444290667,31.169,26.000
4837199637297,1777552671,464291093,36.619,26.000
4837219638171,1777552671,484290942,37.835,26.000
4837239636804,1777552671,504290280,39.000,0.000
4837259635405,1777552671,524288753,36.970,0.000
4837279634519,1777552671,544288378,38.000,26.000
4837299634688,1777552671,564288356,39.238,26.000
4837319637866,1777552671,584291886,34.238,26.000
4837339636499,1777552671,604290359,36.238,26.000
4837359633437,1777552671,624286688,33.857,26.000
4837379636486,1777552671,644289706,35.180,26.000
4837399638736,1777552671,664292404,35.127,0.000
4837419636537,1777552671,684290333,33.752,0.000
4837439636995,1777552671,704290886,35.570,26.000
4837459635660,1777552671,724288848,34.401,26.000
4837479634645,1777552671,744287865,35.000,26.000
4837499636191,1777552671,764289763,35.000,26.000
4837519635336,1777552671,784288780,32.121,26.000
4837539638130,1777552671,804291478,33.081,26.000
4837559638332,1777552671,824292031,32.431,26.000
4837579635909,1777552671,844289129,34.960,26.000
4837599637871,1777552671,864291634,34.769,26.000
4837619638424,1777552671,884291388,33.153,26.000
4837639637826,1777552671,904291141,31.413,0.000
4837659635595,1777552671,924289070,28.557,0.000
4837679636852,1777552671,944290808,30.635,26.000
4837699635870,1777552671,964289761,29.661,26.000
4837719636007,1777552671,984290123,26.405,26.000
4837739638481,1777552672,4292565,24.762,26.000
4837759637946,1777552672,24291294,27.229,26.000
4837779635876,1777552672,44289831,31.167,26.000
4837799635341,1777552672,64287665,28.333,26.000
4837819636471,1777552672,84289946,32.121,26.000
4837839636512,1777552672,104289572,32.987,26.000
4837859634249,1777552672,124288429,35.036,26.000
4837879633907,1777552672,144287926,32.154,26.000
4837899635900,1777552672,164290464,31.050,26.000
4837919639814,1777552672,184293482,30.440,0.000
4837939641520,1777552672,204295764,30.790,0.000
4837959638105,1777552672,224291837,33.869,26.000
4837979634882,1777552672,244288838,35.335,26.000
4837999637836,1777552672,264291504,38.202,26.000
4838019636373,1777552672,284289497,36.515,26.000
4838039636767,1777552672,304290050,38.786,19.000
4838059637384,1777552672,324291212,38.869,19.000
4838079638226,1777552672,344292406,36.821,26.000
4838099636955,1777552672,364291039,37.488,26.000
4838119812823,1777552672,384466843,35.524,19.000
4838139634798,1777552672,404288338,33.463,19.000
4838159635607,1777552672,424289755,34.978,0.000
4838179637313,1777552672,444291685,39.690,0.000
4838199641899,1777552672,464296303,42.413,26.000
4838219636052,1777552672,484289720,41.894,26.000
4838239636317,1777552672,504289601,46.798,26.000
4838259634759,1777552672,524287914,45.530,26.000
4838279636624,1777552672,544290036,42.500,0.000
4838299635130,1777552672,564289277,39.199,0.000
4838319635363,1777552672,584289575,37.405,0.000
4838339632940,1777552672,604286288,36.472,0.000
4838359637206,1777552672,624291194,38.405,26.000
4838379637856,1777552672,644291267,38.550,26.000
4838399665228,1777552672,664318768,36.277,14.000
4838419795555,1777552672,684449159,39.821,14.000
4838439634524,1777552672,704287712,37.370,8.000
4838459635077,1777552672,724288041,37.370,8.000
4838479635631,1777552672,744288627,36.461,26.000
4838499635992,1777552672,764289212,34.643,26.000
4838519633954,1777552672,784287205,32.857,0.000
4838539635563,1777552672,804288911,30.390,0.000
4838559639189,1777552672,824292921,28.312,25.000
4838579637246,1777552672,844290786,28.476,25.000
4838599634952,1777552672,864288843,28.918,25.000
4838619635633,1777552672,884288405,32.524,25.000
4838639634715,1777552672,904287870,33.619,26.000
4838659634308,1777552672,924287976,35.905,26.000
4838679635406,1777552672,944288849,32.641,0.000
4838699636375,1777552672,964290043,32.078,0.000
4838719635777,1777552672,984289892,30.286,20.000
4838739636618,1777552673,4290062,29.155,20.000
4838759637588,1777552673,24291031,27.478,25.000
4838779636157,1777552673,44290017,32.274,25.000
4838799635142,1777552673,64286634,30.509,21.000
4838819636176,1777552673,84289172,30.855,21.000
4838839636281,1777552673,104289245,30.690,26.000
4838859633827,1777552673,124287686,31.742,26.000
4838879637260,1777552673,144290800,31.083,26.000
4838899637078,1777552673,164291098,34.083,26.000
4838919634335,1777552673,184288451,33.702,0.000
4838939637929,1777552673,204291949,32.154,0.000
4838959638162,1777552673,224292534,35.619,26.000
4838979635932,1777552673,244289759,34.762,26.000
4838999638469,1777552673,264292553,30.286,26.000
4839019638767,1777552673,284292275,30.216,26.000
4839039637336,1777552673,304290524,29.571,26.000
4839059633761,1777552673,324286533,28.701,26.000
4839079633771,1777552673,344287246,26.238,21.000
4839099635444,1777552673,364289624,25.368,21.000
4839119636222,1777552673,384289922,27.619,26.000
4839139632167,1777552673,404285963,26.277,26.000
4839159635217,1777552673,424289140,26.905,4.000
4839179630970,1777552673,444284830,26.277,4.000
4839199635460,1777552673,464288999,28.190,26.000
4839219636685,1777552673,484289425,31.238,26.000
4839239634999,1777552673,504288090,28.139,26.000
4839259634560,1777552673,524287876,28.139,26.000
4839279634890,1777552673,544288493,27.273,0.000
4839299640724,1777552673,564294519,27.922,0.000
4839319688866,1777552673,584342374,27.576,0.000
4839339635110,1777552673,604289290,29.286,0.000
4839359635471,1777552673,624289139,27.489,26.000
4839379637337,1777552673,644290877,29.567,26.000
4839399640867,1777552673,664294919,32.190,26.000
4839419641036,1777552673,684293520,31.688,26.000
4839439635957,1777552673,704289753,32.905,4.000
4839459635839,1777552673,724288546,34.905,4.000
4839479636264,1777552673,744289484,33.286,26.000
4839499637618,1777552673,764291318,30.619,26.000
4839519637051,1777552673,784290271,29.952,0.000
4839539633636,1777552673,804287112,29.869,0.000
4839559634990,1777552673,824288210,28.366,26.000
4839579634872,1777552673,844288571,27.917,26.000
4839599637249,1777552673,864290661,27.197,26.000
4839619633706,1777552673,884286286,30.917,26.000
4839639637108,1777552673,904291256,30.649,26.000
4839659635678,1777552673,924289793,34.214,26.000
4839679636583,1777552673,944290763,31.407,26.000
4839699636561,1777552673,964290004,36.167,26.000
4839719636538,1777552673,984290366,32.424,0.000
4839739637252,1777552674,4290823,27.786,0.000
4839759635981,1777552674,24289201,28.619,26.000
4839779638071,1777552674,44291514,28.619,26.000
4839799867160,1777552674,64518940,28.788,0.000
4839819641066,1777552674,84291885,30.119,0.000
4839839636851,1777552674,104289942,31.017,26.000
4839859634780,1777552674,124288576,32.571,26.000
4839879634758,1777552674,144288041,32.571,26.000
4839899637391,1777552674,164290771,30.823,26.000
4839919633080,1777552674,184286748,27.987,26.000
4839939635522,1777552674,204288966,27.381,26.000
4839959638700,1777552674,224292496,28.485,0.000
4839979679098,1777552674,244332445,26.212,0.000
4839999637663,1777552674,264291234,27.786,0.000
4840019633736,1777552674,284286507,28.701,0.000
4840039635441,1777552674,304287989,27.944,26.000
4840059633947,1777552674,324287294,26.429,26.000
4840079633284,1777552674,344286152,27.405,0.000
4840099623468,1777552674,364276560,27.944,0.000
4840119634871,1777552674,384287707,22.167,26.000
4840139634625,1777552674,404287716,23.000,26.000
4840159635722,1777552674,424289102,20.909,26.000
4840179632851,1777552674,444286551,20.000,26.000
4840199684738,1777552674,464337990,21.818,26.000
4840219634150,1777552674,484286730,24.000,26.000
4840239634896,1777552674,504286643,23.636,26.000
4840259637722,1777552674,524291133,27.905,26.000
4840279637987,1777552674,544291879,27.905,26.000
4840299639437,1777552674,564293297,26.571,26.000
4840319634774,1777552674,584288474,23.853,0.000
4840339635263,1777552674,604289187,27.571,0.000
4840359635273,1777552674,624289421,26.472,26.000
4840379634994,1777552674,644288406,27.405,26.000
4840399635804,1777552674,664290176,27.944,26.000
4840419634661,1777552674,684288041,32.792,26.000
4840439634959,1777552674,704288722,34.004,26.000
4840459638296,1777552674,724292380,32.238,26.000
4840479735532,1777552674,744389200,30.333,26.000
4840499636843,1777552674,764296208,33.286,26.000
4840519635125,1777552674,784288760,33.571,26.000
4840539636798,1777552674,804290882,32.338,26.000
4840559635976,1777552674,824289675,35.368,26.000
4840579636497,1777552674,844290357,33.550,26.000
4840599635354,1777552674,864289566,33.290,0.000
4840619634884,1777552674,884287751,30.333,0.000
4840639634925,1777552674,904287601,33.081,26.000
4840659634743,1777552674,924288058,27.323,26.000
4840679634880,1777552674,944288356,29.401,26.000
4840699635978,1777552674,964290286,30.341,26.000
4840719636115,1777552674,984289271,30.722,26.000
4840739634877,1777552675,4288256,25.738,26.000
4840759634822,1777552675,24287850,31.357,26.000
4840779636464,1777552675,44289395,25.738,26.000
4840799636761,1777552675,64288829,28.405,19.000
4840819635971,1777552675,84287526,31.126,19.000
4840839638956,1777552675,104292272,35.571,0.000
4840859636886,1777552675,124290041,36.320,0.000
4840879659778,1777552675,144312709,40.667,26.000
4840899635849,1777552675,164289324,37.944,26.000
4840919634674,1777552675,184288694,38.405,26.000
4840939636572,1777552675,204291103,37.944,26.000
4840959635685,1777552675,224289481,37.071,0.000
4840979646384,1777552675,244299859,38.810,0.000
4840999636760,1777552675,264290940,35.823,0.000
4841019634721,1777552675,284287621,35.368,0.000
4841039634411,1777552675,304287406,36.286,26.000
4841059635924,1777552675,324289784,35.411,26.000
4841079738505,1777552675,344391564,30.303,19.000
4841099642312,1777552675,364296140,33.247,19.000
4841119638545,1777552675,384292661,34.286,14.000
4841139634330,1777552675,404287358,32.571,14.000
4841159635524,1777552675,424289127,35.022,26.000
4841179640622,1777552675,444294385,36.857,26.000
4841199647192,1777552675,464300859,37.186,0.000
4841219636992,1777552675,484289060,33.290,0.000
4841239636810,1777552675,504290637,32.619,26.000
4841259635699,1777552675,524289175,32.333,26.000
4841279634492,1777552675,544287648,32.857,26.000
4841299640518,1777552675,564294186,31.643,26.000
4841319636847,1777552675,584290771,34.976,26.000
4841339634617,1777552675,604288092,36.342,26.000
4841359633922,1777552675,624287270,33.976,0.000
4841379641612,1777552675,644295984,36.548,0.000
4841399636149,1777552675,664290809,44.429,26.000
4841419636287,1777552675,684290146,47.403,26.000
4841439633192,1777552675,704287084,47.810,26.000
4841459636370,1777552675,724290197,47.810,26.000
4841479635579,1777552675,744290015,46.667,19.000
4841499635589,1777552675,764289576,44.892,19.000
4841519635662,1777552675,784289970,36.238,26.000
4841539636504,1777552675,804290875,35.368,26.000
4841559634785,1777552675,824288709,34.929,26.000
4841579634730,1777552675,844287694,31.214,26.000
4841599796389,1777552675,864450345,28.214,0.000
4841619636445,1777552675,884288705,31.710,0.000
4841639634247,1777552675,904286602,30.429,26.000
4841659636496,1777552675,924289044,32.690,26.000
4841679640634,1777552675,944294078,34.913,26.000
4841699633155,1777552675,964286823,33.961,26.000
4841719634541,1777552675,984287888,35.357,26.000
4841739635222,1777552676,4289242,36.524,26.000
4841759634623,1777552676,24287971,36.524,21.000
4841779635401,1777552676,44288749,31.952,21.000
4841799645108,1777552676,64297111,32.905,25.000
4841819637660,1777552676,84289376,31.238,25.000
4841839638310,1777552676,104293002,32.944,6.000
4841859635823,1777552676,124289587,34.952,6.000
4841879675837,1777552676,144329504,36.623,26.000
4841899636034,1777552676,164290438,37.835,26.000
4841919636587,1777552676,184290639,35.714,26.000
4841939634485,1777552676,204287960,34.619,26.000
4841959634238,1777552676,224288034,35.108,26.000
4841979704047,1777552676,244357363,31.619,26.000
4841999635409,1777552676,264289205,30.667,0.000
4842019633882,1777552676,284287678,31.364,0.000
4842039637476,1777552676,304291432,31.970,25.000
4842059640078,1777552676,324293522,32.273,25.000
4842079691293,1777552676,344344609,30.455,26.000
4842099638337,1777552676,364292421,32.548,26.000
4842119636106,1777552676,384289038,33.714,0.000
4842139639764,1777552676,404293560,33.333,0.000
4842159638525,1777552676,424291841,31.061,26.000
4842179728624,1777552676,444381940,34.351,26.000
4842199768862,1777552676,464422178,33.398,0.000
4842219635769,1777552676,484288605,29.459,0.000
4842239632771,1777552676,504285862,29.913,26.000
4842259634540,1777552676,524288720,33.344,26.000
4842279845676,1777552676,544499152,29.893,26.000
4842299820883,1777552676,564474102,30.963,26.000
4842319633832,1777552676,584287148,29.145,26.000
4842339637074,1777552676,604290390,30.444,26.000
4842359638844,1777552676,624293248,25.881,0.000
4842379638149,1777552676,644291689,28.833,0.000
4842399638191,1777552676,664291442,27.333,0.000
4842419635352,1777552676,684288828,31.775,0.000
4842439636290,1777552676,704289861,33.593,26.000
4842459635531,1777552676,724289583,32.814,26.000
4842479808455,1777552676,744462378,32.814,0.000
4842499637630,1777552676,764291266,35.714,0.000
4842519635047,1777552676,784288427,36.429,26.000
4842539637873,1777552676,804290709,34.429,26.000
4842559638619,1777552676,824292318,32.035,26.000
4842579636356,1777552676,844290504,32.727,26.000
4842599636685,1777552676,864291121,35.429,26.000
4842619634839,1777552676,884287418,32.208,26.000
4842639633952,1777552676,904287300,32.424,0.000
4842659637898,1777552676,924291053,35.333,0.000
4842679638355,1777552676,944291767,36.017,0.000
4842699614266,1777552676,964267998,32.641,0.000
4842719635270,1777552676,984289098,36.857,26.000
4842739632751,1777552677,4286995,37.571,26.000
4842759722402,1777552677,24375750,37.238,0.000
4842779640675,1777552677,44295399,34.571,0.000
4842799636300,1777552677,64288559,37.571,26.000
4842819634741,1777552677,84286745,35.108,26.000
4842839634399,1777552677,104288866,36.407,26.000
4842859633960,1777552677,124287852,34.242,26.000
4842879635794,1777552677,144288437,35.455,0.000
4842899634491,1777552677,164288607,33.182,0.000
4842919640997,1777552677,184295145,34.500,26.000
4842939634254,1777552677,204287890,32.238,26.000
4842959859855,1777552677,224513811,34.063,26.000
4842979819509,1777552677,244473720,33.088,26.000
4842999634218,1777552677,264287790,36.897,26.000
4843019634932,1777552677,284287896,37.179,26.000
4843039634717,1777552677,304288065,36.313,0.000
4843059658953,1777552677,324311405,37.071,0.000
4843079637233,1777552677,344290068,36.619,26.000
4843099635450,1777552677,364289502,34.048,26.000
4843119631683,1777552677,384286119,33.701,26.000
4843139636333,1777552677,404290225,34.024,26.000
4843159637815,1777552677,424290714,33.961,26.000
4843179637376,1777552677,444290148,34.024,26.000
4843199639562,1777552677,464293421,34.190,26.000
4843219636307,1777552677,484289494,34.762,26.000
4843239633724,1777552677,504287296,35.286,26.000
4843259633445,1777552677,524286441,33.952,26.000
4843279697494,1777552677,544350585,35.628,0.000
4843299635385,1777552677,564289276,32.186,0.000
4843319634466,1777552677,584287974,34.627,26.000
4843339634987,1777552677,604288879,33.627,26.000
4843359635861,1777552677,624289593,32.294,26.000
4843379638143,1777552677,644291522,30.389,26.000
4843399633704,1777552677,664287531,35.889,26.000
4843419634225,1777552677,684287893,34.589,26.000
4843439634683,1777552677,704288734,35.498,26.000
4843459850939,1777552677,724504383,36.710,26.000
4843479641326,1777552677,744294834,38.225,26.000
4843499633975,1777552677,764287835,36.926,26.000
4843519639137,1777552677,784293317,33.619,0.000
4843539639787,1777552677,804294190,32.786,0.000
4843559633715,1777552677,824287671,29.738,26.000
4843579635805,1777552677,844288577,26.385,26.000
4843599638823,1777552677,864291915,28.452,26.000
4843619631984,1777552677,884285011,31.786,26.000
4843639635161,1777552677,904287677,35.065,0.000
4843659709739,1777552677,924362638,31.775,0.000
4843679637901,1777552677,944290704,36.952,0.000
4843699636534,1777552677,964289978,35.238,0.000
4843719638432,1777552677,984292291,35.931,26.000
4843739633929,1777552678,4287660,33.524,26.000
4843759639443,1777552678,24292182,33.524,0.000
4843779634908,1777552678,44288479,35.810,0.000
4843799633253,1777552678,64285673,35.584,0.000
4843819639375,1777552678,84292627,34.372,0.000
4843839639833,1777552678,104293500,35.671,26.000
4843859634530,1777552678,124288165,39.286,26.000
4843879660366,1777552678,144313169,38.745,0.000
4843899640917,1777552678,164294073,38.788,0.000
4843919639070,1777552678,184292738,40.286,26.000
4843939635239,1777552678,204288811,39.571,26.000
4843959636721,1777552678,224290133,37.489,25.000
4843979637659,1777552678,244290526,37.286,25.000
4843999634404,1777552678,264288039,34.286,25.000
4844019637134,1777552678,284290449,36.333,25.000
4844039634359,1777552678,304288474,34.000,0.000
4844059637441,1777552678,324291012,32.667,0.000
4844079644651,1777552678,344302991,33.333,25.000
4844099639572,1777552678,364293303,35.619,25.000
4844119639869,1777552678,384293985,35.714,25.000
4844139635654,1777552678,404289322,33.442,25.000
4844159640656,1777552678,424294868,34.307,17.000
4844179636825,1777552678,444290461,34.567,17.000
4844199639875,1777552678,464293959,35.216,26.000
4844219637036,1777552678,484289808,37.035,26.000
4844239644342,1777552678,504298138,36.991,26.000
4844259634079,1777552678,524287971,36.883,26.000
4844279641993,1777552678,544295565,39.202,0.000
4844299638098,1777552678,564291862,36.504,0.000
4844319634139,1777552678,584287839,37.583,25.000
4844339636197,1777552678,604289929,35.119,25.000
4844359633038,1777552678,624286322,34.816,26.000
4844379639320,1777552678,644297692,32.165,26.000
4844399633825,1777552678,664287301,34.242,26.000
4844419636171,1777552678,684289550,37.835,26.000
4844439638004,1777552678,704291736,36.883,19.000
4844459633021,1777552678,724286721,37.238,19.000
4844479633863,1777552678,744292907,37.571,26.000
4844499639505,1777552678,764293237,37.792,26.000
4844519634906,1777552678,784288862,35.238,6.000
4844539635108,1777552678,804289191,35.571,6.000
4844559636205,1777552678,824290225,34.857,26.000
4844579633526,1777552678,844287130,35.190,26.000
4844599634816,1777552678,864288836,33.905,26.000
4844619600294,1777552678,884252809,35.368,26.000
4844639635155,1777552678,904288631,34.286,0.000
4844659607737,1777552678,924261373,32.987,0.000
4844679607459,1777552678,944261575,34.167,0.000
4844699634543,1777552678,964288339,33.258,0.000
4844719634073,1777552678,984287740,34.250,26.000
4844739621473,1777552679,4276037,31.742,26.000
4844759634796,1777552679,24288239,33.820,26.000
4844779612115,1777552679,44265270,32.619,26.000
4844799620413,1777552679,64273601,34.848,4.000
4844819637096,1777552679,84290284,31.515,4.000
4844839634449,1777552679,104288117,33.167,26.000
4844859625914,1777552679,124278558,34.048,26.000
4844879634724,1777552679,144288488,34.913,4.000
4844899633774,1777552679,164286865,34.357,4.000
4844919635351,1777552679,184288699,38.643,26.000
4844939635073,1777552679,204288869,39.429,26.000
4844959637483,1777552679,224291214,36.190,26.000
4844979633524,1777552679,244287415,33.905,26.000
4844999633629,1777552679,264287105,33.777,26.000
4845019634983,1777552679,284287402,37.716,26.000
4845039634960,1777552679,304288532,39.275,0.000
4845059637018,1777552679,324290109,37.197,0.000
4845079633251,1777552679,344285991,39.924,0.000
4845099635693,1777552679,364288944,39.351,0.000
4845119637334,1777552679,384290554,38.786,25.000
4845139638560,1777552679,404292356,37.078,25.000
4845159638057,1777552679,424291629,35.071,0.000
4845179634738,1777552679,444288022,35.274,0.000
4845199636028,1777552679,464289600,36.897,26.000
4845219596641,1777552679,484249317,35.815,26.000
4845239638063,1777552679,504290867,37.278,26.000
4845259636825,1777552679,524289756,38.510,26.000
4845279637986,1777552679,544291654,38.869,0.000
4845299638668,1777552679,564292271,36.807,0.000
4845319636373,1777552679,584289881,33.669,25.000
4845339637246,1777552679,604290626,36.158,25.000
4845359635752,1777552679,624289355,37.690,0.000
4845379637553,1777552679,644291253,34.567,0.000
4845399639131,1777552679,664293599,35.690,26.000
4845419638948,1777552679,684292328,38.506,26.000
4845439634862,1777552679,704288689,39.000,0.000
4845459638071,1777552679,724291547,39.351,0.000
4845479639073,1777552679,744292805,39.004,26.000
4845499635626,1777552679,764288942,40.190,26.000
4845519634227,1777552679,784287671,38.643,26.000
4845539634525,1777552679,804288064,34.351,26.000
4845559632678,1777552679,824285802,33.881,0.000
4845579633008,1777552679,844286579,37.595,0.000
4845599634361,1777552679,864288189,36.342,26.000
4845619634627,1777552679,884287270,36.082,26.000
4845639634796,1777552679,904287472,38.619,26.000
4845659631765,1777552679,924285305,37.489,26.000
4845679636255,1777552679,944289219,38.297,26.000
4845699637289,1777552679,964291405,36.460,26.000
4845719638290,1777552679,984292214,35.794,0.000
4845739635100,1777552680,4287679,37.127,0.000
4845759635173,1777552680,24288105,34.358,26.000
4845779635599,1777552680,44289426,37.440,26.000
4845799637208,1777552680,64291356,38.774,26.000
4845819638082,1777552680,84291941,37.821,26.000
4845839636043,1777552680,104289071,39.794,26.000
4845859635508,1777552680,124288792,40.488,26.000
4845879635710,1777552680,144288962,38.701,26.000
4845899636711,1777552680,164290539,38.139,26.000
4845919637873,1777552680,184291797,38.398,26.000
4845939636122,1777552680,204289438,36.286,26.000
4845959635876,1777552680,224289543,37.532,0.000
4845979636877,1777552680,244290897,37.952,0.000
4845999634903,1777552680,264289050,40.238,26.000
4846019634688,1777552680,284287044,40.238,26.000
4846039634698,1777552680,304288173,41.126,26.000
4846059635635,1777552680,324289271,38.905,26.000
4846079637277,1777552680,344290720,41.107,26.000
4846099636774,1777552680,364290698,37.179,26.000
4846119634671,1777552680,384288371,34.893,26.000
4846139637625,1777552680,404290941,35.703,26.000
4846159636515,1777552680,424289798,37.512,26.000
4846179635724,1777552680,444289104,35.310,26.000
4846199635541,1777552680,464289433,39.952,0.000
4846219633375,1777552680,484286146,39.351,0.000
4846239633416,1777552680,504286924,39.048,26.000
4846259635410,1777552680,524289301,37.749,26.000
4846279636507,1777552680,544289631,39.048,26.000
4846299634373,1777552680,564287912,36.017,26.000
4846319637454,1777552680,584291602,36.883,0.000
4846339635640,1777552680,604289371,40.238,0.000
4846359635297,1777552680,624289029,39.697,0.000
4846379635307,1777552680,644288718,38.048,0.000
4846399636724,1777552680,664290264,39.351,26.000
4846419636222,1777552680,684289409,39.307,26.000
4846439635559,1777552680,704288715,38.571,26.000
4846459635216,1777552680,724288340,39.905,26.000
4846479636346,1777552680,744289822,38.658,8.000
4846499634723,1777552680,764288743,39.571,8.000
4846519634733,1777552680,784288528,38.619,26.000
4846539637591,1777552680,804291066,40.216,26.000
4846559635104,1777552680,824288963,38.701,0.000
4846579635625,1777552680,844289037,38.701,0.000
4846599638803,1777552680,864292183,40.190,26.000
4846619635964,1777552680,884288640,41.905,26.000
4846639635110,1777552680,904288041,42.619,26.000
4846659634255,1777552680,924287923,41.286,26.000
4846679636153,1777552680,944289980,41.429,26.000
4846699636290,1777552680,964290342,40.736,26.000
4846719634219,1777552680,984287535,36.810,0.000
4846739634101,1777552681,4286776,33.810,0.000
4846759635230,1777552681,24288450,31.241,26.000
4846779637800,1777552681,44291276,33.794,26.000
4846799637810,1777552681,64291573,34.556,26.000
4846819637723,1777552681,84290783,34.098,26.000
4846839634852,1777552681,104287848,35.916,15.000
4846859635630,1777552681,124288433,41.238,15.000
4846879637079,1777552681,144290299,39.810,26.000
4846899636033,1777552681,164289828,37.524,26.000
4846919637706,1777552681,184291438,36.571,26.000
4846939642228,1777552681,204296536,36.277,26.000
4846959635645,1777552681,224288993,33.536,0.000
4846979635815,1777552681,244289674,33.139,0.000
4846999635152,1777552681,264288756,36.091,26.000
4847019634553,1777552681,284287197,36.923,26.000
4847039634179,1777552681,304287526,35.105,26.000
4847059633964,1777552681,324287408,35.317,26.000
4847079634966,1777552681,344288986,33.429,26.000
4847099637056,1777552681,364291235,31.948,26.000
4847119635497,1777552681,384289645,29.952,19.000
4847139634386,1777552681,404288150,33.702,19.000
4847159636028,1777552681,424289632,33.409,26.000
4847179635813,1777552681,444289993,31.894,26.000
4847199634127,1777552681,464288178,35.369,4.000
4847219638456,1777552681,484290876,32.154,4.000
4847239677958,1777552681,504332170,33.571,26.000
4847259636331,1777552681,524290223,33.238,26.000
4847279638357,1777552681,544292377,36.794,26.000
4847299635582,1777552681,564289410,36.008,26.000
4847319636360,1777552681,584290059,38.341,0.000
4847339636433,1777552681,604289461,33.644,0.000
4847359636859,1777552681,624290558,32.994,0.000
4847379636836,1777552681,644289800,33.701,0.000
4847399635597,1777552681,664289105,31.277,26.000
4847419636567,1777552681,684290075,33.550,26.000
4847439635520,1777552681,704288516,35.905,26.000
4847459635466,1777552681,724288877,33.619,26.000
4847479636883,1777552681,744290455,29.286,4.000
4847499635037,1777552681,764289120,29.452,4.000
4847519634118,1777552681,784288106,29.805,26.000
4847539635568,1777552681,804289107,29.071,26.000
4847559634809,1777552681,824287901,29.242,4.000
4847579634242,1777552681,844287878,34.500,4.000
4847599637164,1777552681,864290896,36.126,26.000
4847619633461,1777552681,884287001,36.571,26.000
4847639635327,1777552681,904288739,36.952,26.000
4847659632616,1777552681,924286188,33.857,26.000
4847679634002,1777552681,944288182,31.948,26.000
4847699637084,1777552681,964290463,30.857,26.000
4847719633861,1777552681,984287496,30.857,0.000
4847739633774,1777552682,4287378,31.082,0.000
4847759635768,1777552682,24288923,34.190,0.000
4847779635265,1777552682,44288741,38.063,0.000
4847799636075,1777552682,64290095,37.071,26.000
4847819639061,1777552682,84290584,37.071,26.000
4847839635166,1777552682,104287393,38.778,0.000
4847859635879,1777552682,124289419,42.409,0.000
4847879636017,1777552682,144289908,41.584,26.000
4847899635770,1777552682,164288990,42.392,26.000
4847919637444,1777552682,184291239,42.155,26.000
4847939636173,1777552682,204289873,39.004,26.000
4847959638359,1777552682,224291834,39.859,0.000
4847979635328,1777552682,244289380,38.831,0.000
4847999638378,1777552682,264292461,40.619,25.000
4848019615249,1777552682,284268820,41.602,25.000
4848039637501,1777552682,304291328,43.583,25.000
4848059635846,1777552682,324289642,44.726,25.000
4848079635855,1777552682,344289971,45.143,26.000
4848099636313,1777552682,364290333,43.238,26.000
4848119636322,1777552682,384290214,42.024,0.000
4848139635916,1777552682,404289519,40.022,0.000
4848159635925,1777552682,424289465,39.535,26.000
4848179633502,1777552682,444287074,38.669,26.000
4848199636008,1777552682,464290156,38.488,26.000
4848219632497,1777552682,484285557,40.292,26.000
4848239635035,1777552682,504288255,42.036,26.000
4848259632292,1777552682,524285512,40.325,26.000
4848279636142,1777552682,544290002,40.560,26.000
4848299637656,1777552682,564291675,39.607,26.000
4848319637857,1777552682,584291781,42.067,26.000
4848339639563,1777552682,604293711,39.859,26.000
4848359636980,1777552682,624290584,38.387,0.000
4848379635741,1777552682,644289345,39.946,0.000
4848399633799,1777552682,664287754,39.946,26.000
4848419636624,1777552682,684290420,39.383,26.000
4848439638362,1777552682,704292670,38.083,26.000
4848459640836,1777552682,724295111,38.917,26.000
4848479635917,1777552682,744289520,35.985,26.000
4848499637046,1777552682,764291066,34.333,26.000
4848519633663,1777552682,784287171,34.000,26.000
4848539633193,1777552682,804286796,33.939,26.000
4848559635570,1777552682,824288918,34.470,26.000
4848579636476,1777552682,844289920,35.750,26.000
4848599638342,1777552682,864292137,35.530,26.000
4848619637103,1777552682,884290227,35.833,26.000
4848639636793,1777552682,904290684,35.271,0.000
4848659637250,1777552682,924291174,35.603,0.000
4848679635083,1777552682,944288623,38.124,26.000
4848699649462,1777552682,964303194,37.475,26.000
4848719633470,1777552682,984287298,37.139,26.000
4848739634920,1777552683,4288523,36.425,26.000
4848759634737,1777552683,24288533,37.154,26.000
4848779636251,1777552683,44290238,37.154,26.000
4848799638692,1777552683,64292136,36.417,26.000
4848819639182,1777552683,84291538,34.167,26.000
4848839634839,1777552683,104287611,38.119,26.000
4848859637665,1777552683,124290532,34.310,26.000
4848879636394,1777552683,144289934,35.143,26.000
4848899636051,1777552683,164289559,33.476,26.000
4848919638109,1777552683,184291265,32.655,26.000
4848939638119,1777552683,204291754,31.302,26.000
4848959637456,1777552683,224290996,31.108,26.000
4848979636633,1777552683,244290333,32.146,26.000
4848999637571,1777552683,264291687,33.965,0.000
4849019636268,1777552683,284288880,30.917,0.000
4849039636950,1777552683,304290041,29.621,0.000
4849059635199,1777552683,324288259,29.667,0.000
4849079635369,1777552683,344289100,30.048,26.000
4849099640627,1777552683,364294262,27.048,26.000
4849119636892,1777552683,384290175,29.437,27.000
4849139636677,1777552683,404289865,30.043,27.000
4849159635054,1777552683,424288786,30.909,26.000
4849179637432,1777552683,444290396,28.952,26.000
4849199636482,1777552683,464290309,33.896,26.000
4849219636203,1777552683,484289167,32.987,26.000
4849239636148,1777552683,504289656,32.987,0.000
4849259634110,1777552683,524287745,34.286,0.000
4849279636295,1777552683,544289899,32.381,35.000
4849299636625,1777552683,564290069,31.169,35.000
4849319638427,1777552683,584292222,31.286,26.000
4849339636132,1777552683,604289927,29.952,26.000
4849359636397,1777552683,624289681,26.333,26.000
4849379637815,1777552683,644291323,28.788,26.000
4849399639233,1777552683,664292452,32.333,0.000
4849419636362,1777552683,684290093,30.606,0.000
4849439640340,1777552683,704293847,29.924,39.000
4849459636253,1777552683,724289344,30.639,39.000
4849479636102,1777552683,744289578,34.578,26.000
4849499636720,1777552683,764290003,31.548,26.000
4849519636249,1777552683,784290141,31.702,18.000
4849539637731,1777552683,804291238,31.738,18.000
4849559634764,1777552683,824288015,33.238,26.000
4849579638262,1777552683,844291545,30.238,26.000
4849599638623,1777552683,864292259,35.238,26.000
4849619634568,1777552683,884286668,34.257,26.000
4849639637266,1777552683,904289941,35.577,0.000
4849659635035,1777552683,924288063,31.897,0.000
4849679637029,1777552683,944290216,31.563,26.000
4849699637870,1777552683,964291570,32.027,26.000
4849719635672,1777552683,984289019,30.905,26.000
4849739635361,1777552684,4288581,31.883,26.000
4849759636907,1777552684,24290222,33.738,26.000
4849779637204,1777552684,44291064,37.381,26.000
4849799642110,1777552684,64296002,33.405,19.000
4849819638791,1777552684,84292491,32.452,19.000
4849839635568,1777552684,104288532,33.119,26.000
4849859634746,1777552684,124288093,33.167,26.000
4849879634243,1777552684,144287783,32.532,4.000
4849899635213,1777552684,164288688,31.883,4.000
4849919634678,1777552684,184287834,31.738,26.000
4849939650081,1777552684,204304773,31.905,26.000
4849959636393,1777552684,224289165,30.628,26.000
4849979635987,1777552684,244289110,31.071,26.000
4849999634940,1777552684,264288992,31.071,0.000
4850019634790,1777552684,284287273,30.519,0.000
4850039637583,1777552684,304290579,27.119,0.000
4850059633592,1777552684,324287324,27.333,0.000
4850079634498,1777552684,344288646,28.583,26.000
4850099636652,1777552684,364290863,29.881,26.000
4850119641526,1777552684,384295289,26.202,26.000
4850139636030,1777552684,404289378,26.872,26.000
4850159600548,1777552684,424254216,28.842,0.000
4850179635185,1777552684,444288565,30.011,0.000
4850199633947,1777552684,464287358,26.476,25.000
4850219633860,1777552684,484285832,27.100,25.000
4850239635406,1777552684,504293554,30.238,0.000
4850259638360,1777552684,524291547,29.155,0.000
4850279635489,1777552684,544288804,26.869,26.000
4850299639979,1777552684,564293550,28.323,26.000
4850319635924,1777552684,584288887,31.440,26.000
4850339635133,1777552684,604288865,27.988,26.000
4850359632934,1777552684,624287466,29.535,26.000
4850379634384,1777552684,644288500,28.398,26.000
4850399637178,1777552684,664291261,29.952,0.000
4850419635683,1777552684,684288167,27.229,0.000
4850439637517,1777552684,704291632,27.424,0.000
4850459636150,1777552684,724289978,28.889,0.000
4850479635103,1777552684,744289219,30.707,25.000
4850499634697,1777552684,764288524,31.162,25.000
4850519635506,1777552684,784288918,30.230,0.000
4850539636092,1777552684,804289439,29.516,0.000
4850559633893,1777552684,824287337,27.571,25.000
4850579635855,1777552684,844289138,26.277,25.000
4850599636216,1777552684,864289756,25.368,26.000
4850619634978,1777552684,884288613,24.905,26.000
4850639636587,1777552684,904290159,22.905,26.000
4850659637013,1777552684,924290232,21.905,26.000
4850679635806,1777552684,944289602,21.905,0.000
4850699636712,1777552684,964290699,22.905,0.000
4850719636305,1777552684,984289397,23.476,0.000
4850739636059,1777552685,4289662,28.874,0.000
4850759636228,1777552685,24289896,29.762,26.000
4850779636589,1777552685,44290705,28.874,26.000
4850799637911,1777552685,64292027,32.208,0.000
4850819636480,1777552685,84288484,28.874,0.000
4850839635338,1777552685,104288845,28.952,26.000
4850859636595,1777552685,124290455,27.532,26.000
4850879636061,1777552685,144290048,32.056,26.000
4850899635878,1777552685,164289258,28.389,26.000
4850919634832,1777552685,184289331,27.341,26.000
4850939591380,1777552685,204245464,26.025,26.000
4850959634626,1777552685,224288614,26.960,26.000
4850979635596,1777552685,244289424,25.267,26.000
4850999634229,1777552685,264288601,25.411,26.000
4851019635583,1777552685,284288483,26.277,26.000
4851039633896,1777552685,304287436,24.459,0.000
4851059633714,1777552685,324287733,25.411,0.000
4851079635707,1777552685,344289247,24.619,26.000
4851099641926,1777552685,364295465,23.190,26.000
4851119636430,1777552685,384290066,28.190,26.000
4851139637656,1777552685,404290812,30.190,26.000
4851159634401,1777552685,424288293,33.143,26.000
4851179638123,1777552685,444291855,34.221,26.000
4851199634100,1777552685,464288120,32.857,26.000
4851219634590,1777552685,484286721,32.251,26.000
4851239634215,1777552685,504286827,32.035,26.000
4851259635857,1777552685,524288596,28.398,26.000
4851279636378,1777552685,544290110,29.697,0.000
4851299636388,1777552685,564290183,29.242,0.000
4851319635885,1777552685,584289233,26.333,26.000
4851339635863,1777552685,604289370,23.182,26.000
4851359634400,1777552685,624288003,23.500,26.000
4851379634409,1777552685,644288557,24.119,26.000
4851399639411,1777552685,664293015,25.833,0.000
4851419635548,1777552685,684287968,26.515,0.000
4851439635750,1777552685,704289001,24.242,0.000
4851459636559,1777552685,724289523,25.758,0.000
4851479636633,1777552685,744290397,23.593,26.000
4851499637378,1777552685,764291046,22.024,26.000
4851519634764,1777552685,784288495,24.246,26.000
4851539635317,1777552685,804288633,26.960,26.000
4851559636511,1777552685,824289570,27.794,0.000
4851579635432,1777552685,844288428,28.841,0.000
4851599637458,1777552685,864291093,30.115,26.000
4851619633979,1777552685,884286398,33.752,26.000
4851639635204,1777552685,904288072,33.810,26.000
4851659635342,1777552685,924289330,34.004,26.000
4851679633303,1777552685,944287195,33.738,0.000
4851699633889,1777552685,964287332,34.762,0.000
4851719635434,1777552685,984289006,31.320,0.000
4851739634676,1777552686,4287927,28.833,0.000
4851759636221,1777552686,24289569,30.758,26.000
4851779636871,1777552686,44290859,30.108,26.000
4851799635536,1777552686,64289204,29.786,26.000
4851819613975,1777552686,84267195,31.119,26.000
4851839635523,1777552686,104288615,34.278,0.000
4851859635245,1777552686,124288336,33.528,0.000
4851879634582,1777552686,144288570,34.242,26.000
4851899637312,1777552686,164291267,32.242,26.000
4851919636937,1777552686,184290957,32.341,0.000
4851939637171,1777552686,204291222,29.083,0.000
4851959641053,1777552686,224294432,30.985,26.000
4851979635717,1777552686,244289385,31.017,26.000
4851999639791,1777552686,264293555,30.368,26.000
4852019643097,1777552686,284297469,34.156,26.000
4852039638402,1777552686,304292550,36.580,26.000
4852059594407,1777552686,324248491,36.286,26.000
4852079641973,1777552686,344295353,38.333,0.000
4852099639135,1777552686,364293090,40.952,0.000
4852119637800,1777552686,384291788,39.957,26.000
4852139634065,1777552686,404287861,36.905,26.000
4852159635867,1777552686,424289630,36.926,26.000
4852179633604,1777552686,444287496,36.017,26.000
4852199635406,1777552686,464289585,34.156,0.000
4852219637015,1777552686,484289723,35.108,0.000
4852239636129,1777552686,504289060,35.487,26.000
4852259635786,1777552686,524289102,37.045,26.000
4852279634547,1777552686,544287735,35.184,26.000
4852299636029,1777552686,564289121,38.171,26.000
4852319637639,1777552686,584291434,36.613,0.000
4852339636720,1777552686,604290292,35.024,0.000
4852359637818,1777552686,624291645,36.024,26.000
4852379637219,1777552686,644290535,36.645,26.000
4852399636268,1777552686,664289744,35.996,26.000
4852419640918,1777552686,684294938,31.840,26.000
4852439636127,1777552686,704289763,33.247,26.000
4852459611270,1777552686,724264650,35.267,26.000
4852479642739,1777552686,744296503,32.799,7.000
4852499640348,1777552686,764293408,30.841,7.000
4852519700556,1777552686,784354160,31.127,26.000
4852539635086,1777552686,804288978,29.877,26.000
4852559636792,1777552686,824290556,28.607,0.000
4852579641122,1777552686,844294630,28.821,0.000
4852599634923,1777552686,864288751,29.774,26.000
4852619633588,1777552686,884285944,34.080,26.000
4852639635006,1777552686,904288129,32.608,26.000
4852659637672,1777552686,924290859,29.833,26.000
4852679640753,1777552686,944293845,29.199,0.000
4852699635098,1777552686,964288318,29.957,0.000
4852719636132,1777552686,984289447,28.139,0.000
4852739636301,1777552687,4289905,26.238,0.000
4852759633718,1777552687,24287706,25.065,26.000
4852779635264,1777552687,44288740,25.571,26.000
4852799634858,1777552687,64288813,23.905,26.000
4852819636723,1777552687,84290487,25.452,26.000
4852839634204,1777552687,104288160,27.738,18.000
4852859635878,1777552687,124289834,31.580,18.000
4852879635631,1777552687,144289555,31.959,26.000
4852899633913,1777552687,164287708,34.232,26.000
4852919636258,1777552687,184289862,34.946,26.000
4852939639916,1777552687,204293904,34.946,26.000
4852959635189,1777552687,224288633,35.440,0.000
4852979633855,1777552687,244287234,37.024,0.000
4852999637128,1777552687,264291052,35.571,0.000
4853019634962,1777552687,284288277,38.947,0.000
4853039637211,1777552687,304290815,33.437,26.000
4853059635333,1777552687,324288872,32.518,26.000
4853079634734,1777552687,344288114,30.094,26.000
4853099681724,1777552687,364336064,32.821,26.000
4853119638785,1777552687,384292645,28.286,33.000
4853139635403,1777552687,404288942,34.300,33.000
4853159637428,1777552687,424291192,35.058,26.000
4853179638302,1777552687,444291745,37.421,26.000
4853199636167,1777552687,464289963,36.087,6.000
4853219638193,1777552687,484291060,35.988,6.000
4853239644795,1777552687,504298207,34.473,25.000
4853259636227,1777552687,524289959,35.810,25.000
4853279634445,1777552687,544287760,35.152,26.000
4853299634422,1777552687,564287898,35.281,26.000
4853319635648,1777552687,584289315,36.381,26.000
4853339638410,1777552687,604291693,34.048,26.000
4853359638291,1777552687,624291671,28.452,26.000
4853379634556,1777552687,644288512,30.262,26.000
4853399634790,1777552687,664288425,32.881,25.000
4853419636687,1777552687,684289043,33.528,25.000
4853439637145,1777552687,704290684,33.420,26.000
4853459637506,1777552687,724290758,38.874,26.000
4853479636748,1777552687,744290095,37.714,0.000
4853499636373,1777552687,764289561,36.095,0.000
4853519636671,1777552687,784289698,33.143,26.000
4853539634952,1777552687,804288043,35.476,26.000
4853559636561,1777552687,824290133,32.905,26.000
4853579635739,1777552687,844289599,31.619,26.000
4853599634980,1777552687,864288744,29.654,19.000
4853619631885,1777552687,884285937,30.563,19.000
4853639634231,1777552687,904287579,28.619,26.000
4853659634977,1777552687,924288740,28.095,26.000
4853679633706,1777552687,944287150,31.775,26.000
4853699634772,1777552687,964288087,31.619,26.000
4853719634845,1777552687,984288129,32.452,0.000
4853739632326,1777552688,4285770,31.320,0.000
4853759634992,1777552688,24289076,30.714,26.000
4853779633625,1777552688,44287741,28.786,26.000
4853799635491,1777552688,64289319,28.593,26.000
4853819638701,1777552688,84292240,28.214,26.000
4853839636342,1777552688,104289018,33.488,26.000
4853859637760,1777552688,124291427,33.488,26.000
4853879637385,1777552688,144291277,33.366,21.000
4853899638035,1777552688,164291286,31.245,21.000
4853919635996,1777552688,184289055,33.619,26.000
4853939636933,1777552688,204290601,25.000,26.000
4853959636591,1777552688,224290451,33.333,4.000
4853979639833,1777552688,244293308,30.119,4.000
4853999635426,1777552688,264288453,32.452,26.000
4854019635819,1777552688,284288079,33.896,26.000
4854039635317,1777552688,304289208,33.896,26.000
4854059636126,1777552688,324289570,31.190,26.000
4854079636072,1777552688,344289131,31.515,26.000
4854099637713,1777552688,364291733,27.619,26.000
4854119639387,1777552688,384292799,29.048,26.000
4854139641189,1777552688,404294792,33.983,26.000
4854159635789,1777552688,424288785,33.528,21.000
4854179636439,1777552688,444289595,34.517,21.000
4854199637024,1777552688,464290436,36.778,26.000
4854219640714,1777552688,484293262,35.556,26.000
4854239634995,1777552688,504288759,35.123,0.000
4854259636573,1777552688,524290241,29.062,0.000
4854279636422,1777552688,544289386,29.810,26.000
4854299635536,1777552688,564288915,32.429,26.000
4854319636153,1777552688,584289597,32.595,26.000
4854339642243,1777552688,604296455,29.738,26.000
4854359636652,1777552688,624290320,34.024,0.000
4854379635894,1777552688,644289881,34.024,0.000
4854399635263,1777552688,664288611,34.719,0.000
4854419679821,1777552688,684332881,33.738,0.000
4854439634962,1777552688,704288662,38.203,26.000
4854459633563,1777552688,724286847,37.738,26.000
4854479598209,1777552688,744251813,37.944,26.000
4854499634542,1777552688,764287986,37.571,26.000
4854519634264,1777552688,784287131,38.488,0.000
4854539633313,1777552688,804286469,37.202,0.000
4854559632586,1777552688,824285710,33.869,26.000
4854579633876,1777552688,844286424,33.821,26.000
4854599632605,1777552688,864286049,33.019,0.000
4854619635399,1777552688,884287787,30.786,0.000
4854639640689,1777552688,904293749,32.833,26.000
4854659640027,1777552688,924293278,31.167,26.000
4854679639492,1777552688,944292488,32.273,26.000
4854699633869,1777552688,964287376,32.048,26.000
4854719635478,1777552688,984288602,32.048,26.000
4854739635360,1777552689,4289188,30.000,26.000
4854759648491,1777552689,24301902,33.247,0.000
4854779715067,1777552689,44368703,32.944,0.000
4854799637213,1777552689,64290144,30.173,26.000
4854819643815,1777552689,84297962,28.766,26.000
4854839641072,1777552689,104294676,35.357,26.000
4854859637817,1777552689,124290653,35.260,26.000
4854879634722,1777552689,144287718,33.786,0.000
4854899633739,1777552689,164286575,35.333,0.000
4854919637941,1777552689,184290873,36.881,26.000
4854939641759,1777552689,204295011,35.346,26.000
4854959637928,1777552689,224291820,33.452,26.000
4854979636882,1777552689,244290581,35.909,26.000
4854999650589,1777552689,264304096,36.970,26.000
4855019637573,1777552689,284289992,36.970,26.000
4855039635086,1777552689,304287537,38.398,26.000
4855059635735,1777552689,324288731,37.229,26.000
4855079639041,1777552689,344291845,37.571,26.000
4855099641899,1777552689,364294927,39.571,26.000
4855119637428,1777552689,384290328,39.870,0.000
4855139635645,1777552689,404289025,38.139,0.000
4855159640839,1777552689,424294187,39.957,0.000
4855179640337,1777552689,444293780,38.745,0.000
4855199639386,1777552689,464293310,36.277,26.000
4855219641156,1777552689,484293191,37.413,26.000
4855239636141,1777552689,504288528,38.393,26.000
4855259635222,1777552689,524288730,36.393,26.000
4855279635616,1777552689,544288419,34.750,26.000
4855299635081,1777552689,564288525,38.020,26.000
4855319637235,1777552689,584291126,33.698,26.000
4855339637052,1777552689,604290400,30.246,26.000
4855359636742,1777552689,624290057,32.042,26.000
4855379635919,1777552689,644289107,32.389,26.000
4855399634552,1777552689,664288156,29.704,0.000
4855419637442,1777552689,684290598,30.071,0.000
4855439637099,1777552689,704290735,32.071,26.000
4855459641781,1777552689,724295257,35.292,26.000
4855479636606,1777552689,744290402,32.370,26.000
4855499636168,1777552689,764290123,34.536,26.000
4855519637777,1777552689,784291573,36.583,26.000
4855539637691,1777552689,804291743,36.202,26.000
4855559635908,1777552689,824289224,31.738,26.000
4855579636238,1777552689,844289681,31.738,26.000
4855599638615,1777552689,864292539,31.571,25.000
4855619639297,1777552689,884291876,33.896,25.000
4855639638442,1777552689,904291662,30.216,26.000
4855659634035,1777552689,924287095,30.667,26.000
4855679634429,1777552689,944287840,30.909,25.000
4855699703854,1777552689,964357745,30.952,25.000
4855719643249,1777552689,984296564,31.952,26.000
4855739636057,1777552690,4289725,33.593,26.000
4855759644356,1777552690,24297831,36.061,0.000
4855779639981,1777552690,44293072,37.286,0.000
4855799636694,1777552690,64289881,38.398,0.000
4855819658722,1777552690,84312453,35.216,0.000
4855839636041,1777552690,104289164,38.738,26.000
4855859656788,1777552690,124310200,39.080,26.000
4855879639132,1777552690,144291744,36.179,26.000
4855899639749,1777552690,164293065,32.893,26.000
4855919655281,1777552690,184308500,34.556,26.000
4855939642297,1777552690,204295836,30.726,26.000
4855959641090,1777552690,224294278,32.190,26.000
4855979656077,1777552690,244309585,32.294,26.000
4855999640053,1777552690,264293721,34.667,0.000
4856019639134,1777552690,284292130,32.468,0.000
4856039636263,1777552690,304290187,35.195,26.000
4856059641329,1777552690,324295093,33.000,26.000
4856079636794,1777552690,344290206,33.952,26.000
4856099639204,1777552690,364293544,33.952,26.000
4856119719478,1777552690,384373562,36.119,26.000
4856139636983,1777552690,404290843,34.571,26.000
4856159642625,1777552690,424296389,34.459,0.000
4856179644971,1777552690,444298318,34.964,0.000
4856199687577,1777552690,464341180,35.916,26.000
4856219639965,1777552690,484293025,37.540,26.000
4856239642951,1777552690,504296970,39.163,26.000
4856259691413,1777552690,524345177,43.460,26.000
4856279707809,1777552690,544361348,41.587,0.000
4856299640163,1777552690,564293703,39.143,0.000
4856319996338,1777552690,584665015,38.190,26.000
4856339695516,1777552690,604348511,37.794,26.000
4856359640063,1777552690,624294115,37.475,26.000
4856379635976,1777552690,644289868,37.175,26.000
4856399635186,1777552690,664288853,34.444,0.000
4856419636219,1777552690,684289023,34.444,0.000
4856439635397,1777552690,704289128,33.222,26.000
4856459638446,1777552690,724292050,34.556,26.000
4856479638904,1777552690,744292508,34.747,26.000
4856499636417,1777552690,764289989,36.566,26.000
4856519637163,1777552690,784291246,37.702,26.000
4856539632116,1777552690,804286135,36.533,26.000
4856559641278,1777552690,824294978,30.917,0.000
4856579636423,1777552690,844289867,31.869,0.000
4856599654514,1777552690,864308022,34.080,26.000
4856619639322,1777552690,884291806,31.952,26.000
4856639637412,1777552690,904290535,34.762,19.000
4856659741272,1777552690,924394268,32.294,19.000
4856679636150,1777552690,944289242,33.160,26.000
4856699764621,1777552690,964418257,31.905,26.000
4856719822141,1777552690,984476129,30.905,26.000
4856739637651,1777552691,4291703,34.502,26.000
4856759642237,1777552691,24295905,37.238,0.000
4856779639014,1777552691,44292426,37.238,0.000
4856799639279,1777552691,64293043,38.190,0.000
4856819637881,1777552691,84291100,38.024,0.000
4856839639042,1777552691,104292934,37.262,25.000
4856859637804,1777552691,124291183,38.059,25.000
4856879638901,1777552691,144292249,38.794,26.000
4856899638111,1777552691,164291778,37.345,26.000
4856919644265,1777552691,184297772,35.873,18.000
4856939638034,1777552691,204291989,36.414,18.000
4856959640891,1777552691,224294719,34.500,26.000
4856979637733,1777552691,244291688,33.190,26.000
4856999636878,1777552691,264290514,35.022,18.000
4857019636727,1777552691,284290203,33.203,18.000
4857039638273,1777552691,304291877,34.857,26.000
4857059636458,1777552691,324290446,36.450,26.000
4857079635540,1777552691,344289559,37.316,0.000
4857099640350,1777552691,364294305,38.476,0.000
4857119636071,1777552691,384289706,38.476,26.000
4857139635760,1777552691,404289364,40.660,26.000
4857159641946,1777552691,424296126,37.284,26.000
4857179635555,1777552691,444289127,35.465,26.000
4857199639469,1777552691,464292976,35.440,13.000
4857219639222,1777552691,484291770,37.327,13.000
4857239640192,1777552691,504292547,37.810,26.000
4857259637801,1777552691,524290221,39.143,26.000
4857279677175,1777552691,544330586,40.693,9.000
4857299638652,1777552691,564291936,41.143,9.000
4857319637829,1777552691,584290665,42.095,26.000
4857339634767,1777552691,604288274,40.524,26.000
4857359637976,1777552691,624291452,36.840,26.000
4857379639042,1777552691,644292550,37.706,26.000
4857399635819,1777552691,664289487,36.840,26.000
4857419635605,1777552691,684288568,35.325,26.000
4857439659297,1777552691,704312484,33.701,0.000
4857459723505,1777552691,724377237,38.024,0.000
4857479633585,1777552691,744286964,38.024,0.000
4857499635354,1777552691,764288574,36.524,0.000
4857519639012,1777552691,784292744,34.238,26.000
4857539636653,1777552691,804290225,36.405,26.000
4857559634743,1777552691,824288186,30.405,6.000
4857579633792,1777552691,844287204,27.900,6.000
4857599635658,1777552691,864288973,28.745,26.000
4857619635443,1777552691,884287703,28.442,26.000
4857639634813,1777552691,904287840,28.095,26.000
4857659594818,1777552691,924247621,27.857,26.000
4857679634768,1777552691,944288051,28.857,0.000
4857699634585,1777552691,964288285,27.905,0.000
4857719635075,1777552691,984288966,30.524,26.000
4857739636620,1777552692,4289424,29.571,26.000
4857759864462,1777552692,24517329,32.597,26.000
4857779876313,1777552692,44530300,34.416,26.000
4857799873762,1777552692,64527525,33.506,26.000
4857819857193,1777552692,84510797,35.571,26.000
4857839861683,1777552692,104515031,38.052,0.000
4857859880319,1777552692,124533890,39.794,0.000
4857879640559,1777552692,144294163,36.841,26.000
4857899640696,1777552692,164294172,35.310,26.000
4857919636385,1777552692,184290181,36.176,26.000
4857939638795,1777552692,204292431,33.508,26.000
4857959641909,1777552692,224295481,35.310,21.000
4857979637022,1777552692,244290433,33.290,21.000
4857999635591,1777552692,264289163,33.119,26.000
4858019637489,1777552692,284290740,31.786,26.000
4858039638970,1777552692,304292350,30.714,26.000
4858059635427,1777552692,324288743,28.247,26.000
4858079640109,1777552692,344293681,28.247,0.000
4858099883569,1777552692,364537620,33.247,0.000
4858119605661,1777552692,384259616,31.429,26.000
4858139795962,1777552692,404449886,32.286,26.000
4858159639219,1777552692,424292535,32.667,26.000
4858179612218,1777552692,444266110,32.286,26.000
4858199638406,1777552692,464292106,29.286,26.000
4858219637647,1777552692,484290067,32.792,26.000
4858239637753,1777552692,504290749,34.870,19.000
4858259748430,1777552692,524401458,33.024,19.000
4858279620106,1777552692,544273070,32.186,26.000
4858299622548,1777552692,564275735,29.459,26.000
4858319627358,1777552692,584280769,33.619,5.000
4858339630055,1777552692,604283659,31.333,5.000
4858359640402,1777552692,624293078,29.697,26.000
4858379631899,1777552692,644284830,29.452,26.000
4858399635748,1777552692,664288904,30.714,26.000
4858419644047,1777552692,684297010,30.452,26.000
4858439640792,1777552692,704293820,31.169,0.000
4858459643202,1777552692,724296485,29.957,0.000
4858479640235,1777552692,744293742,29.119,0.000
4858499641268,1777552692,764295160,28.119,0.000
4858519644542,1777552692,784298466,31.245,26.000
4858539640359,1777552692,804293547,30.536,26.000
4858559636848,1777552692,824290324,32.536,26.000
4858579637690,1777552692,844291102,29.318,26.000
4858599635715,1777552692,864289191,27.955,0.000
4858619638797,1777552692,884292337,28.820,0.000
4858639639895,1777552692,904293274,27.833,26.000
4858659638848,1777552692,924292036,28.333,26.000
4858679637705,1777552692,944291213,30.167,0.000
4858699640819,1777552692,964294295,28.788,0.000
4858719635516,1777552692,984288800,29.667,26.000
4858739639878,1777552693,4293546,31.238,26.000
4858759636815,1777552693,24290195,29.004,26.000
4858779637657,1777552693,44291356,33.476,26.000
4858799641826,1777552693,64295622,35.310,26.000
4858819644908,1777552693,84297648,34.784,26.000
4858839638037,1777552693,104291321,32.294,0.000
4858859638751,1777552693,124292226,34.024,0.000
4858879634600,1777552693,144288267,29.452,0.000
4858899635185,1777552693,164288917,30.619,0.000
4858919637627,1777552693,184290878,31.000,26.000
4858939835641,1777552693,204489629,31.833,26.000
4858959643246,1777552693,224296722,32.576,0.000
4858979637623,1777552693,244291259,31.926,0.000
4858999636449,1777552693,264289828,34.459,26.000
4859019634762,1777552693,284287821,32.905,26.000
4859039617041,1777552693,304270485,31.732,26.000
4859059632829,1777552693,324285792,33.095,26.000
4859079633158,1777552693,344286474,32.405,26.000
4859099635600,1777552693,364289204,33.476,26.000
4859119640666,1777552693,384299262,33.766,0.000
4859139636739,1777552693,404290759,35.143,0.000
4859159634732,1777552693,424288912,36.143,0.000
4859179634198,1777552693,444287993,38.190,0.000
4859199636511,1777552693,464290307,37.667,0.000
4859219637609,1777552693,484290957,36.952,0.000
4859239637138,1777552693,504290806,38.619,0.000
4859259636572,1777552693,524289599,40.519,0.000
4859279635653,1777552693,544289513,39.571,26.000
4859299641391,1777552693,564295283,38.524,26.000
4859319635640,1777552693,584289468,39.870,26.000
4859339636802,1777552693,604290885,37.143,26.000
4859359637035,1777552693,624291087,34.113,26.000
4859379637557,1777552693,644291480,29.905,26.000
4859399637150,1777552693,664291202,29.264,26.000
4859419637992,1777552693,684291019,27.792,26.000
4859439638897,1777552693,704292501,31.385,0.000
4859459632762,1777552693,724286686,27.489,0.000
4859479634756,1777552693,744288423,30.519,0.000
4859499639086,1777552693,764292497,32.305,0.000
4859519634391,1777552693,784287962,34.202,26.000
4859539640001,1777552693,804293540,32.652,26.000
4859559638858,1777552693,824292046,33.869,26.000
4859579633875,1777552693,844287703,35.292,26.000
4859599645438,1777552693,864299841,31.238,26.000
4859619639814,1777552693,884293098,34.805,26.000
4859639635343,1777552693,904288883,32.952,26.000
4859659634617,1777552693,924288124,34.286,26.000
4859679633378,1777552693,944287654,32.121,26.000
4859699633964,1777552693,964287535,33.030,26.000
4859719640342,1777552693,984294202,32.286,26.000
4859739642111,1777552694,4295491,35.974,26.000
4859759636520,1777552694,24289740,34.156,26.000
4859779637714,1777552694,44291574,36.238,26.000
4859799640316,1777552694,64293791,33.247,26.000
4859819638469,1777552694,84290921,35.722,26.000
4859839637102,1777552694,104290162,34.294,0.000
4859859638328,1777552694,124291836,36.294,0.000
4859879637793,1777552694,144291461,38.008,0.000
4859899639979,1777552694,164293775,41.246,0.000
4859919641301,1777552694,184295352,36.991,26.000
4859939634301,1777552694,204288321,38.398,26.000
4859959639527,1777552694,224293675,37.738,26.000
4859979637009,1777552694,244291508,38.203,26.000
4859999635930,1777552694,264289790,36.645,26.000
4860019634115,1777552694,284287367,38.643,26.000
4860039633709,1777552694,304287696,37.929,26.000
4860059635830,1777552694,324289466,36.299,26.000
4860079635072,1777552694,344288931,37.662,26.000
4860099635113,1777552694,364289485,37.429,26.000
4860119634547,1777552694,384288854,39.221,0.000
4860139635100,1777552694,404288736,39.654,0.000
4860159639750,1777552694,424293162,40.866,0.000
4860179638671,1777552694,444292371,40.119,0.000
4860199637913,1777552694,464291548,40.628,26.000
4860219639522,1777552694,484292870,40.628,26.000
4860239636492,1777552694,504289423,38.119,26.000
4860259636789,1777552694,524290201,35.000,26.000
4860279635486,1777552694,544289218,35.260,26.000
4860299638344,1777552694,564291820,37.478,26.000
4860319641362,1777552694,584294966,35.703,26.000
4860339637211,1777552694,604290751,32.988,26.000
4860359640709,1777552694,624294280,35.155,0.000
4860379640654,1777552694,644294290,37.155,0.000
4860399640568,1777552694,664294907,35.190,26.000
4860419637697,1777552694,684291045,35.974,26.000
4860439637706,1777552694,704291854,32.381,26.000
4860459634772,1777552694,724288951,36.571,26.000
4860479637597,1777552694,744291297,34.286,26.000
4860499643335,1777552694,764297291,34.199,26.000
4860519641137,1777552694,784295060,35.571,0.000
4860539664413,1777552694,804318176,36.234,0.000
4860559648324,1777552694,824302056,38.095,26.000
4860579636332,1777552694,844289936,37.489,26.000
4860599635222,1777552694,864288633,37.452,26.000
4860619636159,1777552694,884289187,37.944,26.000
4860639640585,1777552694,904293517,33.405,0.000
4860659639795,1777552694,924293718,33.398,0.000
4860679640636,1777552694,944293984,30.071,35.000
4860699639910,1777552694,964293257,32.100,35.000
4860719638575,1777552694,984292595,31.857,26.000
4860739634968,1777552695,4288284,29.913,26.000
4860759636226,1777552695,24290149,31.571,0.000
4860779637579,1777552695,44290863,31.732,0.000
4860799641205,1777552695,64295449,33.952,26.000
4860819636446,1777552695,84289698,35.671,26.000
4860839636104,1777552695,104289579,40.571,26.000
4860859633713,1777552695,124287188,37.186,26.000
4860879637243,1777552695,144290686,38.238,26.000
4860899641861,1777552695,164294824,38.820,26.000
4860919677970,1777552695,184331734,37.702,7.000
4860939640439,1777552695,204294267,35.747,7.000
4860959634688,1777552695,224289220,37.036,26.000
4860979637322,1777552695,244290798,34.881,26.000
4860999635699,1777552695,264289591,33.905,19.000
4861019635997,1777552695,284289632,32.119,19.000
4861039638406,1777552695,304291754,31.926,26.000
4861059637584,1777552695,324291540,29.762,26.000
4861079643994,1777552695,344298206,33.405,26.000
4861099639683,1777552695,364293447,36.126,26.000
4861119635980,1777552695,384290352,34.502,0.000
4861139640758,1777552695,404294426,32.532,0.000
4861159637343,1777552695,424291139,37.119,0.000
4861179635080,1777552695,444288300,36.082,0.000
4861199640530,1777552695,464294742,34.690,26.000
4861219637276,1777552695,484291103,36.039,26.000
4861239635461,1777552695,504289289,39.667,26.000
4861259636974,1777552695,524290674,37.879,26.000
4861279637368,1777552695,544291196,34.429,19.000
4861299633281,1777552695,564287013,32.810,19.000
4861319636107,1777552695,584289870,33.095,26.000
4861339642773,1777552695,604296505,30.571,26.000
4861359644095,1777552695,624297730,33.571,17.000
4861379637351,1777552695,644291179,34.416,17.000
4861399643217,1777552695,664297333,37.524,26.000
4861419642619,1777552695,684295742,35.065,26.000
4861439637988,1777552695,704290951,35.065,26.000
4861459642350,1777552695,724295985,34.238,26.000
4861479638839,1777552695,744292955,35.286,34.000
4861499641313,1777552695,764295140,33.247,34.000
4861519640906,1777552695,784294862,31.238,0.000
4861539641940,1777552695,804295607,33.286,0.000
4861559638877,1777552695,824292896,34.238,0.000
4861579637158,1777552695,844291242,32.238,0.000
4861599643792,1777552695,864297556,31.786,26.000
4861619640057,1777552695,884292989,33.139,26.000
4861639636162,1777552695,904289350,32.489,10.000
4861659639820,1777552695,924293232,31.732,10.000
4861679635797,1777552695,944289465,32.238,26.000
4861699638687,1777552695,964292643,33.290,26.000
4861719635016,1777552695,984289228,33.738,25.000
4861739598990,1777552696,4252017,34.351,25.000
4861759638875,1777552696,24292607,35.000,0.000
4861779637029,1777552696,44290888,36.619,0.000
4861799637838,1777552696,64291346,37.349,26.000
4861819639128,1777552696,84291451,36.227,26.000
4861839637089,1777552696,104290277,37.849,26.000
4861859637579,1777552696,124290766,36.849,26.000
4861879650965,1777552696,144304857,37.179,26.000
4861899647743,1777552696,164300994,34.805,26.000
4861919637895,1777552696,184291371,34.199,0.000
4861939654386,1777552696,204308310,33.095,0.000
4861959692064,1777552696,224346499,34.351,26.000
4861979644068,1777552696,244298056,37.071,26.000
4861999639245,1777552696,264293265,37.238,26.000
4862019638486,1777552696,284290970,36.883,26.000
4862039639424,1777552696,304292484,36.883,0.000
4862059680462,1777552696,324334033,31.071,0.000
4862079638419,1777552696,344292535,31.167,26.000
4862099642013,1777552696,364295936,31.833,26.000
4862119649607,1777552696,384303851,32.167,26.000
4862139636687,1777552696,404289907,32.881,26.000
4862159634808,1777552696,424288508,35.152,0.000
4862179637410,1777552696,444291238,38.442,0.000
4862199636811,1777552696,464290575,38.398,0.000
4862219635605,1777552696,484287928,32.944,0.000
4862239641919,1777552696,504295427,35.524,25.000
4862259637096,1777552696,524290796,35.022,25.000
4862279634993,1777552696,544289045,33.952,26.000
4862299674847,1777552696,564328610,33.896,26.000
4862319638308,1777552696,584291688,36.619,20.000
4862339644398,1777552696,604300626,35.714,20.000
4862359638135,1777552696,624291867,32.000,26.000
4862379637729,1777552696,644291748,32.727,26.000
4862399637514,1777552696,664291694,34.502,26.000
4862419637140,1777552696,684289559,32.684,26.000
4862439636189,1777552696,704289729,32.619,0.000
4862459636614,1777552696,724290474,34.199,0.000
4862479640208,1777552696,744294132,33.952,26.000
4862499638010,1777552696,764292189,32.381,26.000
4862519637539,1777552696,784290663,32.381,26.000
4862539636428,1777552696,804290032,32.000,26.000
4862559636982,1777552696,824290778,34.199,26.000
4862579637759,1777552696,844291747,33.593,26.000
4862599636073,1777552696,864290060,31.905,26.000
4862619633778,1777552696,884286037,32.405,26.000
4862639633339,1777552696,904286463,32.489,26.000
4862659633989,1777552696,924287176,31.452,26.000
4862679636143,1777552696,944290002,32.489,0.000
4862699641337,1777552696,964294908,31.277,0.000
4862719633537,1777552696,984287365,33.571,26.000
4862739633803,1777552697,4286990,32.684,26.000
4862759645653,1777552697,24299833,34.416,26.000
4862779637918,1777552697,44291970,36.905,26.000
4862799635815,1777552697,64290187,39.238,0.000
4862819639089,1777552697,84292661,34.156,0.000
4862839638907,1777552697,104292990,34.571,0.000
4862859662375,1777552697,124315690,35.108,0.000
4862879642670,1777552697,144296658,35.333,26.000
4862899637175,1777552697,164291323,36.000,26.000
4862919642145,1777552697,184296293,40.286,0.000
4862939635818,1777552697,204289485,36.948,0.000
4862959644020,1777552697,224297752,39.893,0.000
4862979638717,1777552697,244292641,36.266,0.000
4862999639942,1777552697,264294186,35.736,26.000
4863019634703,1777552697,284287859,36.645,26.000
4863039638233,1777552697,304291485,39.238,0.000
4863059643139,1777552697,324296263,36.050,0.000
4863079843298,1777552697,344496710,38.940,26.000
4863099642102,1777552697,364295674,36.840,26.000
4863119634175,1777552697,384287746,37.476,26.000
4863139636744,1777552697,404289804,37.100,26.000
4863159638322,1777552697,424292534,35.022,0.000
4863179634139,1777552697,444287743,35.887,0.000
4863199728078,1777552697,464381426,37.476,26.000
4863219639118,1777552697,484292050,37.749,26.000
4863239634423,1777552697,504288059,33.810,26.000
4863259637857,1777552697,524291173,33.405,26.000
4863279640107,1777552697,544293583,32.186,26.000
4863299653238,1777552697,564306938,34.307,26.000
4863319641118,1777552697,584294978,30.452,0.000
4863339634247,1777552697,604288074,33.442,0.000
4863359637361,1777552697,624291380,35.065,26.000
4863379635994,1777552697,644289694,36.571,26.000
4863399636867,1777552697,664290567,34.762,26.000
4863419635661,1777552697,684287376,32.944,26.000
4863439642039,1777552697,704295547,34.238,0.000
4863459682085,1777552697,724335560,35.974,0.000
4863479727347,1777552697,744381079,35.286,26.000
4863499640339,1777552697,764294327,35.952,26.000
4863519639741,1777552697,784293312,37.446,26.000
4863539639398,1777552697,804293226,39.524,26.000
4863559634447,1777552697,824288467,37.310,26.000
4863579637529,1777552697,844291100,36.948,26.000
4863599637154,1777552697,864290694,39.574,0.000
4863619636332,1777552697,884288623,37.246,0.000
4863639639989,1777552697,904293241,33.960,26.000
4863659637503,1777552697,924297763,36.631,26.000
4863679636744,1777552697,944291020,37.675,26.000
4863699634897,1777552697,964289269,36.126,26.000
4863719634235,1777552697,984288126,36.786,26.000
4863739635844,1777552698,4295881,36.732,26.000
4863759638382,1777552698,24291922,36.857,26.000
4863779799177,1777552698,44453164,38.357,26.000
4863799634657,1777552698,64288964,39.024,0.000
4863819636234,1777552698,84288846,39.632,0.000
4863839636980,1777552698,104289495,39.976,0.000
4863859637309,1777552698,124290401,38.506,0.000
4863879638119,1777552698,144290954,37.857,26.000
4863899727610,1777552698,164380669,37.900,26.000
4863919641114,1777552698,184294654,35.405,26.000
4863939638051,1777552698,204291399,34.857,26.000
4863959691858,1777552698,224345366,33.524,26.000
4863979637270,1777552698,244290778,35.671,26.000
4863999639168,1777552698,264293507,35.738,26.000
4864019640777,1777552698,284294509,36.732,26.000
4864039639699,1777552698,304293174,36.667,39.000
4864059634108,1777552698,324288223,37.121,39.000
4864079640710,1777552698,344294409,37.167,26.000
4864099662418,1777552698,364316149,36.926,26.000
4864119637560,1777552698,384291228,34.675,26.000
4864139637026,1777552698,404290885,37.100,26.000
4864159635179,1777552698,424288559,36.643,26.000
4864179640949,1777552698,444294297,37.208,26.000
4864199642015,1777552698,464296130,38.524,0.000
4864219642088,1777552698,484294572,40.130,0.000
4864239647474,1777552698,504301174,36.619,0.000
4864259634618,1777552698,524288638,36.738,0.000
4864279636964,1777552698,544291400,35.071,26.000
4864299636045,1777552698,564290097,38.290,26.000
4864319636087,1777552698,584290075,36.775,26.000
4864339639201,1777552698,604292708,37.619,26.000
4864359641354,1777552698,624295502,37.229,26.000
4864379633235,1777552698,644287543,36.017,26.000
4864399638685,1777552698,664292481,33.286,26.000
4864419642631,1777552698,684295370,31.952,26.000
4864439638992,1777552698,704292628,34.957,0.000
4864459641530,1777552698,724294781,33.290,0.000
4864479640835,1777552698,744294727,35.286,0.000
4864499642189,1777552698,764296208,35.974,0.000
4864519636182,1777552698,784290553,38.190,26.000
4864539636287,1777552698,804289955,35.476,26.000
4864559641897,1777552698,824296077,41.476,26.000
4864579641715,1777552698,844295030,38.961,26.000
4864599638140,1777552698,864292031,37.597,0.000
4864619635141,1777552698,884287976,36.082,0.000
4864639640271,1777552698,904294163,35.405,26.000
4864659671452,1777552698,924324319,33.095,26.000
4864679638306,1777552698,944291877,33.095,26.000
4864699637931,1777552698,964292303,33.952,26.000
4864719635828,1777552698,984289176,35.619,8.000
4864739638590,1777552699,4292290,38.095,8.000
4864759698926,1777552699,24352722,39.238,26.000
4864779637073,1777552699,44291124,39.238,26.000
4864799687103,1777552699,64340579,40.216,26.000
4864819645477,1777552699,84297032,38.405,26.000
4864839697716,1777552699,104350423,39.405,0.000
4864859637943,1777552699,124290810,38.853,0.000
4864879671620,1777552699,144325831,36.071,25.000
4864899636842,1777552699,164290349,35.823,25.000
4864919638963,1777552699,184292343,35.357,26.000
4864939677601,1777552699,204331492,35.130,26.000
4864959639110,1777552699,224293706,34.264,26.000
4864979635023,1777552699,244289363,34.870,26.000
4864999637977,1777552699,264291645,37.524,19.000
4865019647715,1777552699,284300327,37.143,19.000
4865039722837,1777552699,304376857,40.071,25.000
4865059678394,1777552699,324331773,39.238,25.000
4865079640671,1777552699,344294915,37.619,6.000
4865099697103,1777552699,364350354,38.452,6.000
4865119641554,1777552699,384295894,38.690,26.000
4865139647132,1777552699,404300480,39.524,26.000
4865159770323,1777552699,424423990,40.357,26.000
4865179646223,1777552699,444300019,38.506,26.000
4865199642008,1777552699,464295420,40.022,0.000
4865219638369,1777552699,484290757,37.857,0.000
4865239635690,1777552699,504289518,35.909,26.000
4865259640436,1777552699,524298456,38.074,26.000
4865279641438,1777552699,544295906,40.833,21.000
4865299638279,1777552699,564292395,36.786,21.000
4865319753725,1777552699,584407488,35.167,26.000
4865339638138,1777552699,604292318,33.442,26.000
4865359714828,1777552699,624368495,32.857,4.000
4865379635821,1777552699,644289168,34.156,4.000
4865399636790,1777552699,664291514,37.186,26.000
4865419636576,1777552699,684289187,38.139,26.000
4865439749589,1777552699,704403513,39.405,26.000
4865459671926,1777552699,724325434,39.459,26.000
4865479645277,1777552699,744299137,40.357,0.000
4865499643878,1777552699,764298090,42.024,0.000
4865519668050,1777552699,784322358,38.976,0.000
4865539658203,1777552699,804312318,41.602,0.000
4865559641186,1777552699,824295238,42.251,26.000
4865579643756,1777552699,844297936,42.511,26.000
4865599642902,1777552699,864297241,40.214,26.000
4865619688804,1777552699,884341767,40.238,26.000
4865639707791,1777552699,904361491,40.310,0.000
4865659636689,1777552699,924290677,39.675,0.000
4865679638971,1777552699,944292671,38.052,26.000
4865699639717,1777552699,964293320,35.108,26.000
4865719647407,1777552699,984301427,35.286,4.000
4865739636535,1777552700,4290139,33.290,4.000
4865759641729,1777552700,24295685,32.333,26.000
4865779759383,1777552700,44412987,30.833,26.000
4865799635027,1777552700,64288823,33.081,26.000
4865819686306,1777552700,84339750,33.081,26.000
4865839636422,1777552700,104289706,35.222,26.000
4865859647345,1777552700,124300757,36.566,26.000
4865879634169,1777552700,144288637,36.722,0.000
4865899783890,1777552700,164437622,34.024,0.000
4865919636204,1777552700,184290096,32.857,26.000
4865939636470,1777552700,204290073,32.900,26.000
4865959635455,1777552700,224290019,32.238,26.000
4865979642985,1777552700,244297389,35.405,26.000
4865999642611,1777552700,264296727,35.500,0.000
4866019635067,1777552700,284288095,36.169,0.000
4866039635493,1777552700,304289353,38.119,26.000
4866059639599,1777552700,324293715,36.238,26.000
4866079641177,1777552700,344295548,35.065,26.000
4866099641698,1777552700,364295750,32.381,26.000
4866119636555,1777552700,384290319,33.833,0.000
4866139638165,1777552700,404291864,30.303,0.000
4866159796079,1777552700,424450163,29.924,26.000
4866179635623,1777552700,444289483,30.790,26.000
4866199640497,1777552700,464294549,32.393,26.000
4866219639611,1777552700,484291966,28.994,26.000
4866239634884,1777552700,504288615,31.060,26.000
4866259641934,1777552700,524295634,30.143,26.000
4866279636727,1777552700,544290970,31.413,0.000
4866299638592,1777552700,564292356,29.466,0.000
4866319636746,1777552700,584290541,31.341,26.000
4866339634707,1777552700,604287863,33.903,26.000
4866359636669,1777552700,624294593,34.163,26.000
4866379640775,1777552700,644295082,32.190,26.000
4866399752764,1777552700,664406464,30.476,26.000
4866419634969,1777552700,684287644,31.631,26.000
4866439636642,1777552700,704289702,31.460,26.000
4866459635340,1777552700,724289007,33.709,26.000
4866479640918,1777552700,744295290,33.449,0.000
4866499637343,1777552700,764291171,34.127,0.000
4866519638985,1777552700,784292780,33.550,0.000
4866539635954,1777552700,804289813,33.952,0.000
4866559638651,1777552700,824291807,33.896,26.000
4866579635685,1777552700,844289192,34.242,26.000
4866599634638,1777552700,864288626,35.333,26.000
4866619634839,1777552700,884287163,33.286,26.000
4866639640354,1777552700,904293861,34.952,26.000
4866659639979,1777552700,924293583,33.619,26.000
4866679684729,1777552700,944338429,33.952,26.000
4866699703141,1777552700,964357160,34.113,26.000
4866719641192,1777552700,984295115,32.405,26.000
4866739640049,1777552701,4293621,32.071,26.000
4866759640602,1777552701,24294078,32.489,26.000
4866779677704,1777552701,44331884,34.156,26.000
4866799677073,1777552701,64330965,32.286,26.000
4866819643511,1777552701,84296507,35.519,26.000
4866839653250,1777552701,104306181,38.119,26.000
4866859661772,1777552701,124314832,36.452,26.000
4866879658101,1777552701,144311961,35.823,0.000
4866899636188,1777552701,164290368,34.502,0.000
4866919636774,1777552701,184290985,33.333,0.000
4866939634543,1777552701,204287827,34.545,0.000
4866959653146,1777552701,224307006,31.169,26.000
4866979637218,1777552701,244291174,32.786,26.000
4866999637132,1777552701,264290863,33.139,26.000
4867019636149,1777552701,284289145,35.167,26.000
4867039634558,1777552701,304288194,33.119,26.000
4867059637896,1777552701,324291692,35.341,26.000
4867079642994,1777552701,344297014,35.808,26.000
4867099681024,1777552701,364335075,36.889,26.000
4867119669128,1777552701,384323372,36.522,0.000
4867139636366,1777552701,404290514,39.508,0.000
4867159639032,1777552701,424292507,36.169,25.000
4867179770639,1777552701,444424243,36.119,25.000
4867199637802,1777552701,464291694,33.139,26.000
4867219700987,1777552701,484354110,35.866,26.000
4867239635453,1777552701,504294273,34.697,26.000
4867259639847,1777552701,524293483,37.333,26.000
4867279641873,1777552701,544295764,35.167,0.000
4867299639194,1777552701,564292702,36.119,0.000
4867319720172,1777552701,584373904,33.738,26.000
4867339641549,1777552701,604295185,32.738,26.000
4867359637206,1777552701,624291738,29.405,26.000
4867379640128,1777552701,644293892,32.706,26.000
4867399640649,1777552701,664294893,30.524,7.000
4867419639827,1777552701,684292246,29.307,7.000
4867439635132,1777552701,704288831,28.095,26.000
4867459634885,1777552701,724288905,28.658,26.000
4867479636495,1777552701,744291475,28.286,26.000
4867499636760,1777552701,764290812,27.229,26.000
4867519634946,1777552701,784288741,29.286,0.000
4867539636459,1777552701,804290159,30.563,0.000
4867559747072,1777552701,824400964,32.078,26.000
4867579650144,1777552701,844304035,28.182,26.000
4867599634535,1777552701,864288363,26.364,26.000
4867619639889,1777552701,884292821,30.260,26.000
4867639636667,1777552701,904290270,28.786,26.000
4867659636356,1777552701,924290312,25.260,26.000
4867679636621,1777552701,944289937,24.957,10.000
4867699635735,1777552701,964289371,29.119,10.000
4867719639649,1777552701,984293540,27.500,26.000
4867739636426,1777552702,4290094,28.030,26.000
4867759638612,1777552702,24292663,27.667,26.000
4867779635101,1777552702,44288448,28.857,26.000
4867799787414,1777552702,64441594,26.190,0.000
4867819643184,1777552702,84300981,25.022,0.000
4867839640506,1777552702,104294045,26.537,26.000
4867859635042,1777552702,124293319,28.524,26.000
4867879636780,1777552702,144295280,27.749,26.000
4867899641302,1777552702,164294362,25.411,26.000
4867919660258,1777552702,184313829,28.619,26.000
4867939642409,1777552702,204296653,26.320,26.000
4867959635826,1777552702,224290230,28.853,17.000
4867979633979,1777552702,244288063,25.216,17.000
4867999680490,1777552702,264334253,24.957,26.000
4868019661905,1777552702,284314645,27.489,26.000
4868039634968,1777552702,304288091,28.238,6.000
4868059641090,1777552702,324295526,26.623,6.000
4868079638603,1777552702,344292591,30.786,26.000
4868099845802,1777552702,364500014,29.286,26.000
4868119636670,1777552702,384291394,28.214,26.000
4868139638951,1777552702,404293131,27.468,26.000
4868159636561,1777552702,424290868,29.667,26.000
4868179680607,1777552702,444334499,26.364,26.000
4868199637444,1777552702,464291463,24.545,0.000
4868219635917,1777552702,484288593,21.623,0.000
4868239641143,1777552702,504295035,24.008,26.000
4868259634816,1777552702,524288067,24.293,26.000
4868279635465,1777552702,544289133,25.889,0.000
4868299637907,1777552702,564291735,29.556,0.000
4868319638461,1777552702,584292320,26.556,5.000
4868339636934,1777552702,604290570,27.286,5.000
4868359686421,1777552702,624340408,23.619,26.000
4868379791113,1777552702,644445421,25.108,26.000
4868399636450,1777552702,664290694,24.459,4.000
4868419637036,1777552702,684290031,26.126,4.000
4868439635541,1777552702,704289369,29.156,25.000
4868459635071,1777552702,724289122,29.358,25.000
4868479641257,1777552702,744295884,25.294,26.000
4868499636434,1777552702,764289749,24.780,26.000
4868519635835,1777552702,784290047,27.204,26.000
4868539638629,1777552702,804292584,25.581,26.000
4868559636814,1777552702,824291122,25.250,26.000
4868579634263,1777552702,844288539,26.851,26.000
4868599592892,1777552702,864247200,30.286,26.000
4868619638123,1777552702,884291246,26.926,26.000
4868639640628,1777552702,904294392,28.175,25.000
4868659637981,1777552702,924291489,25.007,25.000
4868679636359,1777552702,944289802,25.889,0.000
4868699647345,1777552702,964300661,22.886,0.000
4868719649851,1777552702,984303583,24.127,26.000
4868739737966,1777552703,4391218,20.571,26.000
4868759643853,1777552703,24297425,22.238,26.000
4868779639158,1777552703,44291930,17.186,26.000
4868799640960,1777552703,64294788,20.108,0.000
4868819727955,1777552703,84381110,21.515,0.000
4868839640819,1777552703,104293623,26.667,26.000
4868859635836,1777552703,124288640,24.242,26.000
4868879637638,1777552703,144290473,29.619,26.000
4868899638255,1777552703,164291667,27.835,26.000
4868919684317,1777552703,184338177,26.169,26.000
4868939764079,1777552703,204417267,23.247,26.000
4868959652237,1777552703,224305457,23.905,0.000
4868979654583,1777552703,244307770,22.381,0.000
4868999834387,1777552703,264488663,19.952,26.000
4869019689805,1777552703,284343665,24.167,26.000
4869039641522,1777552703,304295701,24.881,26.000
4869059636923,1777552703,324290846,24.134,26.000
4869079637604,1777552703,344290760,26.548,26.000
4869099638286,1777552703,364291825,21.104,26.000
4869119640632,1777552703,384294907,18.939,26.000
4869139645986,1777552703,404300005,18.333,26.000
4869159636618,1777552703,424290286,19.167,0.000
4869179636371,1777552703,444289943,15.909,0.000
4869199637437,1777552703,464291425,23.786,0.000
4869219638919,1777552703,484291850,29.452,0.000
4869239637872,1777552703,504291636,30.738,26.000
4869259636857,1777552703,524290429,29.459,26.000
4869279637123,1777552703,544295527,32.857,26.000
4869299637228,1777552703,564290960,33.571,26.000
4869319639446,1777552703,584293722,30.821,26.000
4869339635583,1777552703,604290275,28.821,26.000
4869359636521,1777552703,624290188,30.607,26.000
4869379635186,1777552703,644288150,27.655,26.000
4869399635932,1777552703,664290335,23.626,26.000
4869419865373,1777552703,684518945,21.807,26.000
4869439644367,1777552703,704298195,24.275,26.000
4869459636152,1777552703,724289756,24.275,26.000
4869479636129,1777552703,744289669,22.002,26.000
4869499636619,1777552703,764289679,24.202,26.000
4869519637333,1777552703,784290840,23.189,26.000
4869539638462,1777552703,804292642,26.825,26.000
4869559642248,1777552703,824296460,27.508,0.000
4869579690359,1777552703,844343642,28.460,0.000
4869599875220,1777552703,864530071,31.127,0.000
4869619641828,1777552703,884294632,26.883,0.000
4869639637741,1777552703,904291505,25.238,27.000
4869659638903,1777552703,924292347,25.714,27.000
4869679636224,1777552703,944289700,26.869,26.000
4869699637130,1777552703,964291117,27.841,26.000
4869719641076,1777552703,984295063,28.127,26.000
4869739637757,1777552704,4292000,27.388,26.000
4869759638982,1777552704,24293226,23.460,26.000
4869779636816,1777552704,44290963,22.190,26.000
4869799637753,1777552704,64291869,22.905,0.000
4869819641059,1777552704,84292742,24.452,0.000
4869839633996,1777552704,104287343,26.738,26.000
4869859634805,1777552704,124288377,25.216,26.000
4869879633439,1777552704,144286210,26.371,26.000
4869899638281,1777552704,164291820,28.189,26.000
4869919639410,1777552704,184292758,29.704,26.000
4869939635163,1777552704,204288383,27.431,26.000
4869959643397,1777552704,224297193,30.091,0.000
4869979634542,1777552704,244288498,29.232,0.000
4869999635992,1777552704,264289435,30.155,26.000
4870019730315,1777552704,284383439,27.155,26.000
4870039650348,1777552704,304303440,29.869,26.000
4870059636308,1777552704,324289752,30.563,26.000
4870079641342,1777552704,344295106,29.899,0.000
4870099635975,1777552704,364289387,28.038,0.000
4870119633552,1777552704,384286996,29.856,26.000
4870139634714,1777552704,404288445,32.356,26.000
4870159637315,1777552704,424291143,29.147,26.000
4870179667120,1777552704,444320340,26.641,26.000
4870199633814,1777552704,464287258,29.306,26.000
4870219676132,1777552704,484328360,32.306,26.000
4870239636905,1777552704,504289965,30.841,0.000
4870259674135,1777552704,524327354,26.883,0.000
4870279705892,1777552704,544359719,27.857,26.000
4870299745809,1777552704,564399637,27.143,26.000
4870319784511,1777552704,584438467,28.476,26.000
4870339799978,1777552704,604453742,28.810,26.000
4870359636738,1777552704,624289894,30.405,26.000
4870379635787,1777552704,644289391,32.119,26.000
4870399635861,1777552704,664290041,30.119,26.000
4870419655681,1777552704,684308900,29.848,26.000
4870439635784,1777552704,704289164,29.500,26.000
4870459634641,1777552704,724287541,26.169,26.000
4870479637275,1777552704,744290975,27.792,0.000
4870499635620,1777552704,764293672,28.442,0.000
4870519642862,1777552704,784297394,31.905,26.000
4870539635607,1777552704,804294395,31.277,26.000
4870559796210,1777552704,824450357,33.619,26.000
4870579705009,1777552704,844358901,30.866,26.000
4870599640788,1777552704,864295640,33.452,26.000
4870619638813,1777552704,884292353,33.452,26.000
4870639864287,1777552704,904517890,32.952,0.000
4870659692662,1777552704,924346298,32.508,0.000
4870679641466,1777552704,944295454,33.460,26.000
4870699647812,1777552704,964301128,34.704,26.000
4870719633004,1777552704,984286512,33.913,26.000
4870739633206,1777552705,4287161,33.860,26.000
4870759633919,1777552705,24287491,31.840,26.000
4870779709969,1777552705,44363892,31.840,26.000
4870799675478,1777552705,64329978,29.024,26.000
4870819659870,1777552705,84312482,29.091,26.000
4870839638213,1777552705,104291753,29.773,0.000
4870859642447,1777552705,124295475,27.608,0.000
4870879637976,1777552705,144291676,27.417,0.000
4870899647043,1777552705,164300774,30.036,0.000
4870919643180,1777552705,184297200,30.988,26.000
4870939636885,1777552705,204290584,30.294,26.000
4870959643551,1777552705,224297411,32.675,26.000
4870979635207,1777552705,244288971,30.570,26.000
4870999639313,1777552705,264293685,31.008,26.000
4871019638779,1777552705,284292350,31.306,26.000
4871039636900,1777552705,304289736,30.043,26.000
4871059642510,1777552705,324295954,29.714,26.000
4871079719808,1777552705,344373827,31.679,26.000
4871099658915,1777552705,364313703,28.149,26.000
4871119636554,1777552705,384290510,31.536,26.000
4871139632947,1777552705,404286967,31.807,26.000
4871159636285,1777552705,424290304,30.292,26.000
4871179634470,1777552705,444287978,28.247,26.000
4871199633711,1777552705,464287571,30.357,26.000
4871219633817,1777552705,484287133,31.277,26.000
4871239634786,1777552705,504288422,30.286,0.000
4871259630924,1777552705,524284143,30.286,0.000
4871279671513,1777552705,544324797,28.286,0.000
4871299648480,1777552705,564302404,30.786,0.000
4871319634440,1777552705,584288364,33.008,25.000
4871339635986,1777552705,604290006,30.310,25.000
4871359635995,1777552705,624290303,29.661,26.000
4871379634693,1777552705,644288104,32.843,26.000
4871399636942,1777552705,664290642,35.418,26.000
4871419639640,1777552705,684292764,32.405,26.000
4871439739532,1777552705,704393360,32.994,26.000
4871459646060,1777552705,724299087,37.008,26.000
4871479634740,1777552705,744288216,36.508,0.000
4871499633117,1777552705,764287521,35.460,0.000
4871519634823,1777552705,784289291,34.055,26.000
4871539634128,1777552705,804287412,34.571,26.000
4871559638330,1777552705,824292510,31.857,26.000
4871579633827,1777552705,844287815,29.143,26.000
4871599638925,1777552705,864292689,27.143,26.000
4871619632022,1777552705,884286074,30.173,26.000
4871639650914,1777552705,904304997,28.355,0.000
4871659632041,1777552705,924285997,30.175,0.000
4871679639027,1777552705,944292727,30.175,26.000
4871699637308,1777552705,964291520,32.175,26.000
4871719680138,1777552705,984333934,32.583,34.000
4871739637199,1777552706,4291379,32.179,34.000
4871759650682,1777552706,24304478,31.025,7.000
4871779636610,1777552706,44289926,31.674,7.000
4871799632075,1777552706,64286031,31.674,26.000
4871819631573,1777552706,84282488,32.843,26.000
4871839638687,1777552706,104292451,32.627,26.000
4871859638152,1777552706,124291340,31.479,26.000
4871879635441,1777552706,144289685,32.627,0.000
4871899638043,1777552706,164292223,30.830,0.000
4871919789269,1777552706,184442840,31.627,26.000
4871939735897,1777552706,204389884,30.974,26.000
4871959646232,1777552706,224300412,30.286,26.000
4871979764462,1777552706,244418514,26.623,26.000
4871999638379,1777552706,264292206,30.500,0.000
4872019642805,1777552706,284295640,32.273,0.000
4872039634269,1777552706,304287329,29.786,12.000
4872059639015,1777552706,324292235,27.727,12.000
4872079678293,1777552706,344331480,31.500,26.000
4872099726915,1777552706,364380455,29.545,26.000
4872119637315,1777552706,384291111,29.091,9.000
4872139676561,1777552706,404330133,30.714,9.000
4872159662649,1777552706,424316925,34.048,26.000
4872179672931,1777552706,444326695,30.303,26.000
4872199638281,1777552706,464296845,33.583,26.000
4872219634002,1777552706,484287062,33.517,26.000
4872239661375,1777552706,504315426,37.155,0.000
4872259639494,1777552706,524292969,32.393,0.000
4872279636239,1777552706,544290195,35.821,0.000
4872299647066,1777552706,564301181,30.779,0.000
4872319653860,1777552706,584307975,31.857,26.000
4872339715348,1777552706,604369111,31.991,26.000
4872359669816,1777552706,624323868,32.905,26.000
4872379664993,1777552706,644319013,30.905,26.000
4872399637096,1777552706,664291116,32.333,19.000
4872419636657,1777552706,684289845,31.667,19.000
4872439647004,1777552706,704300832,31.667,26.000
4872459632356,1777552706,724285223,30.786,26.000
4872479639438,1777552706,744293586,29.357,6.000
4872499646808,1777552706,764301180,31.698,6.000
4872519681573,1777552706,784335465,29.769,26.000
4872539640842,1777552706,804294862,30.527,26.000
4872559673271,1777552706,824327259,30.267,26.000
4872579668416,1777552706,844322500,32.085,26.000
4872599658729,1777552706,864313069,32.749,26.000
4872619708215,1777552706,884361051,35.981,26.000
4872639642714,1777552706,904296606,34.913,0.000
4872659640547,1777552706,924294183,31.335,0.000
4872679640173,1777552706,944294608,30.468,26.000
4872699637654,1777552706,964291354,28.997,26.000
4872719635167,1777552706,984295299,29.460,26.000
4872739691663,1777552707,4344626,31.508,26.000
4872759653620,1777552707,24306040,30.238,4.000
4872779641884,1777552707,44295008,30.238,4.000
4872799635813,1777552707,64289289,30.238,26.000
4872819633966,1777552707,84290002,28.442,26.000
4872840039043,1777552707,104692198,29.553,26.000
4872859636193,1777552707,124289701,31.556,26.000
4872879641131,1777552707,144294351,28.687,0.000
4872899636020,1777552707,164289688,31.841,0.000
4872919635582,1777552707,184289185,34.841,26.000
4872939637735,1777552707,204291115,31.952,26.000
4872959636497,1777552707,224290357,28.398,26.000
4872979633434,1777552707,244287134,31.000,26.000
4872999636548,1777552707,264290151,33.056,26.000
4873019636141,1777552707,284289233,34.596,26.000
4873039637271,1777552707,304290330,35.611,27.000
4873059635328,1777552707,324288228,32.374,27.000
4873079634281,1777552707,344287277,31.724,26.000
4873099642292,1777552707,364295991,34.250,26.000
4873119633884,1777552707,384287584,32.280,26.000
4873139634790,1777552707,404288234,30.619,26.000
4873159638000,1777552707,424291635,32.619,0.000
4873179637433,1777552707,444290237,32.431,0.000
4873199635970,1777552707,464289510,34.960,26.000
4873219647405,1777552707,484300625,34.769,26.000
4873239635573,1777552707,504288793,32.042,26.000
4873259640063,1777552707,524294083,33.246,26.000
4873279640297,1777552707,544294124,29.719,26.000
4873299647731,1777552707,564301495,28.821,26.000
4873319636635,1777552707,584289983,31.536,0.000
4873339657511,1777552707,604311115,32.091,0.000
4873359636334,1777552707,624290450,29.174,26.000
4873379639768,1777552707,644293756,33.091,26.000
4873399635617,1777552707,664289381,32.175,26.000
4873419639979,1777552707,684293775,30.758,26.000
4873439654966,1777552707,704308218,28.106,25.000
4873459636958,1777552707,724290945,30.917,25.000
4873479640487,1777552707,744294059,28.366,26.000
4873499647218,1777552707,764301237,31.699,26.000
4873519636442,1777552707,784290334,32.381,0.000
4873539639716,1777552707,804293575,31.025,0.000
4873559640685,1777552707,824294481,32.431,0.000
4873579638903,1777552707,844292506,36.389,0.000
4873599638528,1777552707,864292388,34.596,26.000
4873619641002,1777552707,884294669,30.389,26.000
4873639640211,1777552707,904294167,27.121,26.000
4873659635292,1777552707,924288832,27.556,26.000
4873679644070,1777552707,944297802,25.051,26.000
4873699641136,1777552707,964295123,28.947,26.000
4873719636409,1777552707,984290300,32.222,26.000
4873739640322,1777552708,4293958,37.937,26.000
4873759635851,1777552708,24289647,35.152,25.000
4873779640533,1777552708,44293721,37.000,25.000
4873799641343,1777552708,64294723,37.000,26.000
4873819633320,1777552708,84286091,36.017,26.000
4873839638770,1777552708,104293205,36.286,26.000
4873859635483,1777552708,124289054,34.286,26.000
4873879641221,1777552708,144295305,35.238,0.000
4873899634926,1777552708,164288849,33.175,0.000
4873919635255,1777552708,184289307,33.127,26.000
4873939707240,1777552708,204361452,30.635,26.000
4873959639787,1777552708,224293326,32.127,26.000
4873979634996,1777552708,244288663,30.505,26.000
4873999639837,1777552708,264293985,32.468,26.000
4874019635847,1777552708,284289802,36.147,26.000
4874039635440,1777552708,304289012,33.665,0.000
4874059635545,1777552708,324289277,35.743,0.000
4874079714827,1777552708,344368527,34.899,26.000
4874099634828,1777552708,364288656,37.675,26.000
4874119691740,1777552708,384352032,38.925,26.000
4874139641184,1777552708,404295012,39.619,26.000
4874159640905,1777552708,424294445,33.905,0.000
4874179637522,1777552708,444291254,32.119,0.000
4874199641980,1777552708,464295648,32.835,26.000
4874219635333,1777552708,484289065,31.699,26.000
4874239642447,1777552708,504296083,31.536,26.000
4874259634392,1777552708,524287932,33.917,26.000
4874279634882,1777552708,544288293,34.472,34.000
4874299636267,1777552708,564290191,32.962,34.000
4874319640469,1777552708,584294713,31.091,0.000
4874339640446,1777552708,604294530,28.947,0.000
4874359695694,1777552708,624349105,31.425,26.000
4874379636561,1777552708,644291029,30.869,26.000
4874399637915,1777552708,664292382,32.139,26.000
4874419634212,1777552708,684287431,31.901,26.000
4874439669553,1777552708,704322389,31.952,0.000
4874459634807,1777552708,724288282,31.984,0.000
4874479671428,1777552708,744324424,34.257,26.000
4874499639306,1777552708,764292942,37.683,26.000
4874519634707,1777552708,784288119,36.397,26.000
4874539634621,1777552708,804288032,34.556,26.000
4874559637318,1777552708,824291114,35.270,0.000
4874579659890,1777552708,844314614,33.325,0.000
4874599637337,1777552708,864291421,31.520,26.000
4874619671974,1777552708,884324650,31.520,26.000
4874639639116,1777552708,904292144,31.520,26.000
4874659693372,1777552708,924346399,30.473,26.000
4874679635519,1777552708,944289379,28.250,26.000
4874699641513,1777552708,964295309,29.596,26.000
4874719636210,1777552708,984289430,30.310,0.000
4874739638332,1777552709,4291647,29.012,0.000
4874759633861,1777552709,24287048,28.102,26.000
4874779641231,1777552709,44294643,25.418,26.000
4874799635064,1777552709,64288379,27.238,26.000
4874819634689,1777552709,84287717,25.411,26.000
4874839635147,1777552709,104288110,23.952,26.000
4874859635252,1777552709,124288600,25.667,26.000
4874879635454,1777552709,144289569,29.833,26.000
4874899634919,1777552709,164288363,28.056,26.000
4874919637041,1777552709,184290868,28.056,0.000
4874939639578,1777552709,204293054,26.154,0.000
4874959635780,1777552709,224288679,28.611,0.000
4874979635341,1777552709,244288785,26.111,0.000
4874999638647,1777552709,264292666,27.374,26.000
4875019593051,1777552709,284245791,33.397,26.000
4875039682830,1777552709,304336498,37.952,26.000
4875059643444,1777552709,324297399,40.815,26.000
4875079640445,1777552709,344293696,39.679,39.000
4875099639238,1777552709,364293194,38.091,39.000
4875119635727,1777552709,384289043,35.657,26.000
4875139635289,1777552709,404288284,28.485,26.000
4875159638114,1777552709,424291718,18.788,26.000
4875179640108,1777552709,444294256,19.470,26.000
4875199750017,1777552709,464404357,26.417,26.000
4875219645184,1777552709,484299299,28.831,26.000
4875239641225,1777552709,504295436,37.429,26.000
4875259638418,1777552709,524291765,37.762,26.000
4875279642204,1777552709,544295583,35.048,26.000
4875299642661,1777552709,564296105,32.165,26.000
4875319640110,1777552709,584293010,24.000,0.000
4875339635735,1777552709,604289115,19.654,0.000
4875359635873,1777552709,624288804,14.619,0.000
4875379643019,1777552709,644296111,14.805,0.000
4875399636660,1777552709,664290520,12.294,26.000
4875419641406,1777552709,684294625,13.524,26.000
4875439638855,1777552709,704291979,13.524,19.000
4875459640177,1777552709,724293044,14.113,19.000
4875479635258,1777552709,744288093,15.524,26.000
4875499635587,1777552709,764288743,16.417,26.000
4875519641101,1777552709,784293777,18.734,26.000
4875539639638,1777552709,804292218,17.274,26.000
4875559633727,1777552709,824287075,16.483,0.000
4875579637417,1777552709,844290637,18.301,0.000
4875599635058,1777552709,864288502,19.513,26.000
4875619634268,1777552709,884285823,13.190,26.000
4875639636773,1777552709,904288425,15.022,26.000
4875659635247,1777552709,924287538,15.667,26.000
4875679638041,1777552709,944291260,12.424,26.000
4875699601694,1777552709,964254690,12.000,26.000
4875719651885,1777552709,984312561,15.455,0.000
4875739632500,1777552710,4284728,12.727,0.000
4875759633214,1777552710,24285569,15.325,26.000
4875779632807,1777552710,44285707,16.857,26.000
4875799639762,1777552710,64292885,19.221,26.000
4875819636411,1777552710,84288094,16.190,26.000
4875839634308,1777552710,104285799,17.476,11.000
4875859634893,1777552710,124286513,12.619,11.000
4875879661050,1777552710,144316606,12.619,26.000
4875899637153,1777552710,164289124,12.619,26.000
4875919635498,1777552710,184287085,10.952,0.000
4875939655958,1777552710,204307353,9.524,0.000
4875959640573,1777552710,224292673,14.762,0.000
4875979745778,1777552710,244397782,15.095,0.000
4875999638480,1777552710,264291668,18.268,26.000
4876019640026,1777552710,284291869,17.476,26.000
4876039636547,1777552710,304289542,16.286,26.000
4876059638124,1777552710,324291760,15.455,26.000
4876079753090,1777552710,344406246,18.333,26.000
4876099640672,1777552710,364292963,19.567,26.000
4876119704560,1777552710,384361396,20.190,19.000
4876139706906,1777552710,404358141,18.355,19.000
4876159636156,1777552710,424288607,17.922,26.000
4876179643430,1777552710,444296137,15.195,26.000
4876199639727,1777552710,464292498,15.524,0.000
4876219646169,1777552710,484297436,14.113,0.000
4876239671173,1777552710,504321961,17.219,0.000
4876259642348,1777552710,524295695,21.893,0.000
4876279664855,1777552710,544320603,39.893,26.000
4876299639454,1777552710,564294562,52.933,26.000
4876319668715,1777552710,584323951,65.509,0.000
4876339704280,1777552710,604360316,86.643,0.000
4876359643291,1777552710,624297055,95.130,0.000
4876379639396,1777552710,644294792,94.697,0.000
4876399637869,1777552710,664292177,90.417,0.000
4876419632214,1777552710,684286554,81.937,0.000
4876439633760,1777552710,704287780,70.574,0.000
4876459634377,1777552710,724287725,55.725,0.000
4876479641044,1777552710,744297336,40.917,0.000
4876499633596,1777552710,764287040,38.074,0.000
4876519634246,1777552710,784289066,33.203,3.000
4876539632975,1777552710,804284595,30.952,3.000
4876559631320,1777552710,824281340,27.922,9.000
4876579634370,1777552710,844283557,22.208,9.000
4876599632043,1777552710,864281231,15.195,0.000
4876619631029,1777552710,884280824,7.013,0.000
4876639629598,1777552710,904278817,2.597,0.000
4876659630760,1777552710,924280203,-0.000,0.000
4876679632273,1777552710,944281429,-0.000,0.000
4876699631451,1777552710,964280990,-0.000,0.000
4876719631044,1777552710,984280423,1.429,0.000
4876739632974,1777552711,4282225,1.299,0.000
4876759632727,1777552711,24282875,3.896,0.000
4876779630592,1777552711,44280196,5.714,0.000
4876799629354,1777552711,64278541,7.013,0.000
4876819630387,1777552711,84279543,9.952,0.000
4876839630717,1777552711,104279680,14.476,0.000
4876859627302,1777552711,124275337,16.190,0.000
4876879626703,1777552711,144275539,12.952,0.000
4876899629625,1777552711,164279004,11.524,0.000
4876919628098,1777552711,184277286,7.857,0.000
4876939641581,1777552711,204290257,4.545,0.000
4876959625685,1777552711,224274808,1.515,0.000
4876979626367,1777552711,244275266,2.857,0.000
4876999624072,1777552711,264272363,2.597,0.000
4877019623921,1777552711,284272565,2.597,0.000
4877039624635,1777552711,304272670,2.597,0.000
