idx,stamp_ns,status,status_api,iters,out_steer_fp,out_accel_fp,ey_fp,epsi_fp,vx_fp,vy_fp,omega_fp,steer_meas_fp,prev_accel_in_fp,pub_steer_rad,pub_accel_mps2,used_fallback
1,1779177349762468915,1,1,50,-22384,1851488,27100,-42010,0,0,-77,0,0,-0.0853882,0.5000000,1
2,1779177349767465168,1,1,50,-22384,1851488,27100,-42010,0,0,-108,0,131072,-0.0853882,0.5000000,1
3,1779177349772575825,1,1,50,-22384,1851488,27100,-42010,0,0,-81,0,131072,-0.0853882,0.5000000,1
4,1779177349777468204,1,1,50,-22384,1851488,27100,-42011,0,0,-86,0,131072,-0.0853882,0.5000000,1
5,1779177349782477130,1,1,50,-22384,1851488,27100,-42012,0,0,-137,0,131072,-0.0853882,0.5000000,1
6,1779177349787472295,1,1,50,-22384,1851488,27100,-42012,0,0,-151,0,131072,-0.0853882,0.5000000,1
7,1779177349792466373,1,1,50,-22384,1851488,27100,-42013,0,0,-66,0,131072,-0.0853882,0.5000000,1
8,1779177349797458146,1,1,50,-22384,1851488,27100,-42012,0,0,79,0,131072,-0.0853882,0.5000000,1
9,1779177349802547554,1,1,50,-22384,1851488,27100,-42011,0,0,199,0,131072,-0.0853882,0.5000000,1
10,1779177349807466654,1,1,50,-22384,1851488,27100,-42010,0,0,260,0,131072,-0.0853882,0.5000000,1
11,1779177349812438011,1,1,50,-22384,1851488,27100,-42009,0,0,284,0,131072,-0.0853882,0.5000000,1
12,1779177349817449753,1,1,50,22368,1851488,27100,-42007,0,0,304,0,131072,0.0853271,0.5000000,1
13,1779177349822452119,1,1,50,-22384,1851488,27100,-42005,0,0,348,0,131072,-0.0853882,0.5000000,1
14,1779177349827453172,1,1,50,-22384,1851488,27100,-42003,0,0,359,0,131072,-0.0853882,0.5000000,1
15,1779177349832447186,1,1,50,22368,1851488,27100,-42002,0,0,286,0,131072,0.0853271,0.5000000,1
16,1779177349837445295,1,1,50,-22384,1851488,27100,-42001,0,0,178,0,131072,-0.0853882,0.5000000,1
17,1779177349842441709,1,1,50,22368,1851488,27100,-42001,0,0,82,0,131072,0.0853271,0.5000000,1
18,1779177349847448843,1,1,50,-22384,1851488,27100,-42001,0,0,32,0,131072,-0.0853882,0.5000000,1
19,1779177349852442376,1,1,50,22368,1851488,27100,-42001,0,0,11,0,131072,0.0853271,0.5000000,1
20,1779177349857436646,1,1,50,-22384,1851488,27100,-42001,0,0,-28,0,131072,-0.0853882,0.5000000,1
21,1779177349862446276,1,1,50,22368,1851488,27100,-42001,0,0,-82,0,131072,0.0853271,0.5000000,1
22,1779177349867444514,1,1,50,-22384,1851488,27100,-42002,0,0,-124,0,131072,-0.0853882,0.5000000,1
23,1779177349872450815,1,1,50,22368,1851488,27100,-42002,0,0,-134,0,131072,0.0853271,0.5000000,1
24,1779177349877443997,1,1,50,-22384,1851488,27100,-42003,0,0,-83,0,131072,-0.0853882,0.5000000,1
25,1779177349882448443,1,1,50,22368,1851488,27100,-42003,0,0,11,0,131072,0.0853271,0.5000000,1
26,1779177349887457849,1,1,50,-22384,1851488,27100,-42002,0,0,55,0,131072,-0.0853882,0.5000000,1
27,1779177349892429142,1,1,50,22368,1851488,27100,-42002,0,0,11,0,131072,0.0853271,0.5000000,1
28,1779177349897433267,1,1,50,-22384,1851488,27100,-42003,0,0,-46,0,131072,-0.0853882,0.5000000,1
29,1779177349902435153,1,1,50,22368,1851488,27100,-42003,0,0,-100,0,131072,0.0853271,0.5000000,1
30,1779177349907431727,1,1,50,-22384,1851488,27100,-42004,0,0,-222,0,131072,-0.0853882,0.5000000,1
31,1779177349912437037,1,1,50,22368,1851488,27100,-42006,0,0,-345,0,131072,0.0853271,0.5000000,1
32,1779177349917431562,1,1,50,-22384,1851488,27100,-42008,0,0,-343,0,131072,-0.0853882,0.5000000,1
33,1779177349922427080,1,1,50,22368,1851488,27100,-42009,0,0,-238,0,131072,0.0853271,0.5000000,1
34,1779177349927427717,1,1,50,-22384,1851488,27100,-42009,0,0,-83,0,131072,-0.0853882,0.5000000,1
35,1779177349932436419,1,1,50,22368,1851488,27100,-42009,0,0,89,0,131072,0.0853271,0.5000000,1
36,1779177349937436225,1,1,50,-22384,1851488,27100,-42008,0,0,218,0,131072,-0.0853882,0.5000000,1
37,1779177349942430846,1,1,50,22368,1851488,27100,-42006,0,0,285,0,131072,0.0853271,0.5000000,1
38,1779177349947451485,1,1,50,-22384,1851488,27100,-42005,0,0,278,0,131072,-0.0853882,0.5000000,1
39,1779177349952451642,1,1,50,-22384,1851488,27100,-42004,0,0,171,0,131072,-0.0853882,0.5000000,1
40,1779177349957440248,1,1,50,-22384,1851488,27100,-42004,0,0,25,0,131072,-0.0853882,0.5000000,1
41,1779177349962438165,1,1,50,-22384,1851488,27100,-42004,0,0,-72,0,131072,-0.0853882,0.5000000,1
42,1779177349967435539,1,1,50,-22384,1851488,27100,-42005,0,0,-103,0,131072,-0.0853882,0.5000000,1
43,1779177349972436977,1,1,50,-22384,1851488,27100,-42005,0,0,-49,0,131072,-0.0853882,0.5000000,1
44,1779177349977428174,1,1,50,-22384,1851488,27100,-42005,0,0,60,0,131072,-0.0853882,0.5000000,1
45,1779177349982431116,1,1,50,-22384,1851488,27100,-42004,0,0,88,0,131072,-0.0853882,0.5000000,1
46,1779177349987441450,1,1,50,-22384,1851488,27100,-42004,0,0,40,0,131072,-0.0853882,0.5000000,1
47,1779177349992428615,1,1,50,-22384,1851488,27100,-42004,0,0,51,0,131072,-0.0853882,0.5000000,1
48,1779177349997456934,1,1,50,-22384,1851488,27100,-42003,0,0,135,0,131072,-0.0853882,0.5000000,1
49,1779177350002446147,1,1,50,-22384,1851488,27100,-42002,0,0,181,0,131072,-0.0853882,0.5000000,1
50,1779177350007434368,1,1,50,-22384,1851488,27100,-42002,0,0,149,0,131072,-0.0853882,0.5000000,1
51,1779177350012438110,1,1,50,-22384,1851488,27100,-42001,0,0,122,0,131072,-0.0853882,0.5000000,1
52,1779177350017453915,1,1,50,-22384,1851488,27100,-42000,0,0,124,0,131072,-0.0853882,0.5000000,1
53,1779177350022433208,1,1,50,-22384,1851488,27100,-42000,0,0,124,0,131072,-0.0853882,0.5000000,1
54,1779177350027450102,1,1,50,-22384,1851488,27100,-41999,0,0,104,0,131072,-0.0853882,0.5000000,1
55,1779177350032435859,1,1,50,-22384,1851488,27100,-41999,0,0,44,0,131072,-0.0853882,0.5000000,1
56,1779177350037430928,1,1,50,-22384,1851488,27100,-41999,0,0,-20,0,131072,-0.0853882,0.5000000,1
57,1779177350042453806,1,1,50,-22384,1851488,27100,-41999,0,0,-49,0,131072,-0.0853882,0.5000000,1
58,1779177350047449644,1,1,50,-22384,1851488,27100,-42000,0,0,-70,0,131072,-0.0853882,0.5000000,1
59,1779177350052445961,1,1,50,-22384,1851488,27100,-42000,0,0,-102,0,131072,-0.0853882,0.5000000,1
60,1779177350057431558,1,1,50,-22384,1851488,27100,-42001,0,0,-165,0,131072,-0.0853882,0.5000000,1
61,1779177350062448196,1,1,50,-22384,1851488,27100,-42002,0,0,-243,0,131072,-0.0853882,0.5000000,1
62,1779177350067449345,1,1,50,-22384,1851488,27100,-42003,0,0,-211,0,131072,-0.0853882,0.5000000,1
63,1779177350072439582,1,1,50,-22384,1851488,27100,-42004,0,0,-74,0,131072,-0.0853882,0.5000000,1
64,1779177350077446108,1,1,50,-22384,1851488,27100,-42004,0,0,-2,0,131072,-0.0853882,0.5000000,1
65,1779177350082437529,1,1,50,-22384,1851488,27100,-42004,0,0,-44,0,131072,-0.0853882,0.5000000,1
66,1779177350087432022,1,1,50,-22384,1851488,27100,-42004,0,0,-81,0,131072,-0.0853882,0.5000000,1
67,1779177350092436788,1,1,50,-22384,1851488,27100,-42004,0,0,-22,0,131072,-0.0853882,0.5000000,1
68,1779177350097429329,1,1,50,-22384,1851488,27100,-42004,0,0,85,0,131072,-0.0853882,0.5000000,1
69,1779177350102442607,1,1,50,-22384,1851488,27100,-42003,0,0,139,0,131072,-0.0853882,0.5000000,1
70,1779177350107434668,1,1,50,-22384,1851488,27100,-42003,0,0,59,0,131072,-0.0853882,0.5000000,1
71,1779177350112497035,1,1,50,-22384,1851488,27100,-42004,0,0,-107,0,131072,-0.0853882,0.5000000,1
72,1779177350117443975,1,1,50,-22384,1851488,27100,-42004,0,0,-158,0,131072,-0.0853882,0.5000000,1
73,1779177350122435204,1,1,50,-22384,1851488,27100,-42005,0,0,-58,0,131072,-0.0853882,0.5000000,1
74,1779177350127441602,1,1,50,-22384,1851488,27100,-42005,0,0,-5,0,131072,-0.0853882,0.5000000,1
75,1779177350132443807,1,1,50,-22384,1851488,27100,-42005,0,0,-117,0,131072,-0.0853882,0.5000000,1
76,1779177350137430620,1,1,50,-22384,1851488,27100,-42006,0,0,-248,0,131072,-0.0853882,0.5000000,1
77,1779177350142452314,1,1,50,-22384,1851488,27100,-42008,0,0,-226,0,131072,-0.0853882,0.5000000,1
78,1779177350147450775,1,1,50,-22384,1851488,27100,-42008,0,0,-55,0,131072,-0.0853882,0.5000000,1
79,1779177350152461813,1,1,50,-22384,1851488,27100,-42007,0,0,124,0,131072,-0.0853882,0.5000000,1
80,1779177350157462802,1,1,50,-22384,1851488,27100,-42006,0,0,213,0,131072,-0.0853882,0.5000000,1
81,1779177350162454672,1,1,50,-22384,1851488,27100,-42005,0,0,228,0,131072,-0.0853882,0.5000000,1
82,1779177350167456013,1,1,50,22368,1851488,27100,-42004,0,0,211,0,131072,0.0853271,0.5000000,1
83,1779177350172448746,1,1,50,-22384,1851488,27100,-42003,0,0,170,0,131072,-0.0853882,0.5000000,1
84,1779177350177446664,1,1,50,-22384,1851488,27100,-42003,0,0,92,0,131072,-0.0853882,0.5000000,1
85,1779177350182428965,1,1,50,-22384,1851488,27100,-42003,0,0,13,0,131072,-0.0853882,0.5000000,1
86,1779177350187455171,1,1,50,-22384,1851488,27100,-42003,0,0,-18,0,131072,-0.0853882,0.5000000,1
87,1779177350192435359,1,1,50,-22384,1851488,27100,-42003,0,0,0,0,131072,-0.0853882,0.5000000,1
88,1779177350197442749,1,1,50,-22384,1851488,27100,-42003,0,0,35,0,131072,-0.0853882,0.5000000,1
89,1779177350202457723,1,1,50,-22384,1851488,27100,-42002,0,0,34,0,131072,-0.0853882,0.5000000,1
90,1779177350207480089,1,1,50,-22384,1851488,27100,-42003,0,0,-49,0,131072,-0.0853882,0.5000000,1
91,1779177350212452085,1,1,50,-22384,1851488,27100,-42004,0,0,-195,0,131072,-0.0853882,0.5000000,1
92,1779177350217437106,1,1,50,-22384,1851488,27100,-42005,0,0,-315,0,131072,-0.0853882,0.5000000,1
93,1779177350222438864,1,1,50,-22384,1851488,27100,-42007,0,0,-304,0,131072,-0.0853882,0.5000000,1
94,1779177350227444941,1,1,50,-22384,1851488,27100,-42008,0,0,-190,0,131072,-0.0853882,0.5000000,1
95,1779177350232444331,1,1,50,-22384,1851488,27100,-42008,0,0,-121,0,131072,-0.0853882,0.5000000,1
96,1779177350237445512,1,1,50,-22384,1851488,27100,-42009,0,0,-148,0,131072,-0.0853882,0.5000000,1
97,1779177350242439269,1,1,50,-22384,1851488,27100,-42010,0,0,-178,0,131072,-0.0853882,0.5000000,1
98,1779177350247443907,1,1,50,-22384,1851488,27100,-42010,0,0,-121,0,131072,-0.0853882,0.5000000,1
99,1779177350252437216,1,1,50,-22384,1851488,27100,-42011,0,0,-40,0,131072,-0.0853882,0.5000000,1
100,1779177350257433245,1,1,50,-22384,1851488,27100,-42010,0,0,32,0,131072,-0.0853882,0.5000000,1
101,1779177350262446779,1,1,50,-22384,1851488,27100,-42010,0,0,175,0,131072,-0.0853882,0.5000000,1
102,1779177350267441592,1,1,50,-22384,1851488,27100,-42008,0,0,353,0,131072,-0.0853882,0.5000000,1
103,1779177350272432054,1,1,50,-22384,1851488,27100,-42006,0,0,398,0,131072,-0.0853882,0.5000000,1
104,1779177350277431859,1,1,50,-22384,1851488,27100,-42005,0,0,260,0,131072,-0.0853882,0.5000000,1
105,1779177350282443089,1,1,50,-22384,1851488,27100,-42004,0,0,50,0,131072,-0.0853882,0.5000000,1
106,1779177350287445262,1,1,50,-22384,1851488,27100,-42005,0,0,-94,0,131072,-0.0853882,0.5000000,1
107,1779177350292456908,1,1,50,-22384,1851488,27100,-42005,0,0,-140,0,131072,-0.0853882,0.5000000,1
108,1779177350297458409,1,1,50,-22384,1851488,27100,-42006,0,0,-128,0,131072,-0.0853882,0.5000000,1
109,1779177350302440710,1,1,50,-22384,1851488,27100,-42007,0,0,-97,0,131072,-0.0853882,0.5000000,1
110,1779177350307433635,1,1,50,-22384,1851488,27100,-42007,0,0,-116,0,131072,-0.0853882,0.5000000,1
111,1779177350312461505,1,1,50,-22384,1851488,27100,-42008,0,0,-217,0,131072,-0.0853882,0.5000000,1
112,1779177350317425470,1,1,50,-22384,1851488,27100,-42010,0,0,-295,0,131072,-0.0853882,0.5000000,1
113,1779177350322432603,1,1,50,-22384,1851488,27100,-42011,0,0,-284,0,131072,-0.0853882,0.5000000,1
114,1779177350327452665,1,1,50,-22384,1851488,27100,-42013,0,0,-267,0,131072,-0.0853882,0.5000000,1
115,1779177350332443254,1,1,50,-22384,1851488,27100,-42014,0,0,-319,0,131072,-0.0853882,0.5000000,1
116,1779177350337437620,1,1,50,-22384,1851488,27100,-42016,0,0,-356,0,131072,-0.0853882,0.5000000,1
117,1779177350342433393,1,1,50,-22384,1851488,27100,-42017,0,0,-280,0,131072,-0.0853882,0.5000000,1
118,1779177350347443311,1,1,50,-22384,1851488,27100,-42018,0,0,-152,0,131072,-0.0853882,0.5000000,1
119,1779177350352452556,1,1,50,-22384,1851488,27100,-42019,0,0,-93,0,131072,-0.0853882,0.5000000,1
120,1779177350357715632,1,1,50,-22384,1851488,27100,-42019,0,0,-35,0,131072,-0.0853882,0.5000000,1
121,1779177350362497992,1,1,50,-22384,1851488,27100,-42019,0,0,-35,0,131072,-0.0853882,0.5000000,1
122,1779177350367586856,1,1,50,-22384,1851488,27100,-42019,0,0,51,0,131072,-0.0853882,0.5000000,1
123,1779177350372456802,1,1,50,-22384,1851488,27100,-42018,0,0,126,0,131072,-0.0853882,0.5000000,1
124,1779177350377458175,1,1,50,-22384,1851488,27100,-42018,0,0,144,0,131072,-0.0853882,0.5000000,1
125,1779177350384872889,1,1,50,-22384,1851488,27100,-42017,0,0,95,0,131072,-0.0853882,0.5000000,1
126,1779177350387252309,1,1,50,-22384,1851488,27100,-42017,0,0,-33,0,131072,-0.0853882,0.5000000,1
127,1779177350392331700,1,1,50,-22384,1851488,27100,-42018,0,0,-121,0,131072,-0.0853882,0.5000000,1
128,1779177350403504460,1,1,50,-22384,1851488,27100,-42019,0,0,-155,0,131072,-0.0853882,0.5000000,1
129,1779177350406982436,1,1,50,-22384,1851488,27100,-42019,0,0,3,0,131072,-0.0853882,0.5000000,1
130,1779177350408000317,1,1,50,-22384,1851488,27100,-42019,0,0,135,0,131072,-0.0853882,0.5000000,1
131,1779177350412037122,1,1,50,-22384,1851488,27100,-42018,0,0,245,0,131072,-0.0853882,0.5000000,1
132,1779177350417241157,1,1,50,-22384,1851488,27100,-42017,0,0,256,0,131072,-0.0853882,0.5000000,1
133,1779177350422311364,1,1,50,-22384,1851488,27100,-42015,0,0,281,0,131072,-0.0853882,0.5000000,1
134,1779177350432645351,1,1,50,-22384,1851488,27100,-42013,0,0,183,0,131072,-0.0853882,0.5000000,1
135,1779177350442403612,1,1,50,-22384,1851488,27100,-42012,0,0,129,0,131072,-0.0853882,0.5000000,1
136,1779177350447971656,1,1,50,-22384,1851488,27100,-42011,0,0,147,0,131072,-0.0853882,0.5000000,1
137,1779177350452424791,1,1,50,-22384,1851488,27100,-42010,0,0,202,0,131072,-0.0853882,0.5000000,1
138,1779177350457708156,1,1,50,-22384,1851488,27100,-42009,0,0,189,0,131072,-0.0853882,0.5000000,1
139,1779177350462123562,1,1,50,-22384,1851488,27100,-42008,0,0,189,0,131072,-0.0853882,0.5000000,1
140,1779177350467820025,1,1,50,-22384,1851488,27100,-42007,0,0,173,0,131072,-0.0853882,0.5000000,1
141,1779177350474468480,1,1,50,-22384,1851488,27100,-42006,0,0,232,0,131072,-0.0853882,0.5000000,1
142,1779177350477579022,1,1,50,-22384,1851488,27100,-42005,0,0,318,0,131072,-0.0853882,0.5000000,1
143,1779177350483931725,1,1,50,-22384,1851488,27100,-42003,0,0,366,0,131072,-0.0853882,0.5000000,1
144,1779177350487602441,1,1,50,-22384,1851488,27100,-42001,0,0,318,0,131072,-0.0853882,0.5000000,1
145,1779177350492564454,1,1,50,-22384,1851488,27100,-42000,0,0,295,0,131072,-0.0853882,0.5000000,1
146,1779177350497690886,1,1,50,-22384,1851488,27100,-41998,0,0,311,0,131072,-0.0853882,0.5000000,1
147,1779177350502755973,1,1,50,-22384,1851488,27100,-41997,0,0,305,0,131072,-0.0853882,0.5000000,1
148,1779177350507674177,1,1,50,-22384,1851488,27100,-41996,0,0,219,0,131072,-0.0853882,0.5000000,1
149,1779177350512432920,1,1,50,-22384,1851488,27100,-41995,0,0,110,0,131072,-0.0853882,0.5000000,1
150,1779177350517550744,1,1,50,-22384,1851488,27100,-41995,0,0,-25,0,131072,-0.0853882,0.5000000,1
151,1779177350522640920,1,1,50,-22384,1851488,27100,-41995,0,0,-25,0,131072,-0.0853882,0.5000000,1
152,1779177350527200746,1,1,50,-22384,1851488,27100,-41996,0,0,-67,0,131072,-0.0853882,0.5000000,1
153,1779177350532310026,1,1,50,-22384,1851488,27100,-41996,0,0,-80,0,131072,-0.0853882,0.5000000,1
154,1779177350537346505,1,1,50,-22384,1851488,27100,-41996,0,0,-75,0,131072,-0.0853882,0.5000000,1
155,1779177350542712943,1,1,50,-22384,1851488,27100,-41996,0,0,-30,0,131072,-0.0853882,0.5000000,1
156,1779177350547548649,1,1,50,-22384,1851488,27100,-41996,0,0,115,0,131072,-0.0853882,0.5000000,1
157,1779177350552491685,1,1,50,-22384,1851488,27100,-41995,0,0,210,0,131072,-0.0853882,0.5000000,1
158,1779177350557450305,1,1,50,-22384,1851488,27100,-41994,0,0,166,0,131072,-0.0853882,0.5000000,1
159,1779177350562455102,1,1,50,-22384,1851488,27100,-41994,0,0,71,0,131072,-0.0853882,0.5000000,1
160,1779177350567468284,1,1,50,-22384,1851488,27100,-41993,0,0,40,0,131072,-0.0853882,0.5000000,1
161,1779177350572545979,1,1,50,-22384,1851488,27100,-41993,0,0,48,0,131072,-0.0853882,0.5000000,1
162,1779177350577541113,1,1,50,-22384,1851488,27100,-41993,0,0,-13,0,131072,-0.0853882,0.5000000,1
163,1779177350582603992,1,1,50,-22384,1851488,27100,-41994,0,0,-127,0,131072,-0.0853882,0.5000000,1
164,1779177350587581236,1,1,50,-22384,1851488,27100,-41995,0,0,-206,0,131072,-0.0853882,0.5000000,1
165,1779177350592556049,1,1,50,-22384,1851488,27100,-41996,0,0,-200,0,131072,-0.0853882,0.5000000,1
166,1779177350597541710,1,1,50,-22384,1851488,27100,-41996,0,0,-93,0,131072,-0.0853882,0.5000000,1
167,1779177350602530763,1,1,50,-22384,1851488,27100,-41996,0,0,18,0,131072,-0.0853882,0.5000000,1
168,1779177350607550793,1,1,50,-22384,1851488,27100,-41996,0,0,25,0,131072,-0.0853882,0.5000000,1
169,1779177350612488453,1,1,50,-22384,1851488,27100,-41996,0,0,-19,0,131072,-0.0853882,0.5000000,1
170,1779177350617497763,1,1,50,-22384,1851488,27100,-41997,0,0,-43,0,131072,-0.0853882,0.5000000,1
171,1779177350622562178,1,1,50,-22384,1851488,27100,-41997,0,0,-64,0,131072,-0.0853882,0.5000000,1
172,1779177350627466429,1,1,50,-22384,1851488,27100,-41997,0,0,-100,0,131072,-0.0853882,0.5000000,1
173,1779177350632476954,1,1,50,-22384,1851488,27100,-41998,0,0,-136,0,131072,-0.0853882,0.5000000,1
174,1779177350637467447,1,1,50,-22384,1851488,27100,-41999,0,0,-129,0,131072,-0.0853882,0.5000000,1
175,1779177350642472693,1,1,50,-22384,1851488,27100,-41999,0,0,-21,0,131072,-0.0853882,0.5000000,1
176,1779177350647470770,1,1,50,-22384,1851488,27100,-41998,0,0,142,0,131072,-0.0853882,0.5000000,1
177,1779177350652457295,1,1,50,-22384,1851488,27100,-41997,0,0,240,0,131072,-0.0853882,0.5000000,1
178,1779177350657452877,1,1,50,-22384,1851488,27100,-41996,0,0,218,0,131072,-0.0853882,0.5000000,1
179,1779177350662455402,1,1,50,-22384,1851488,27100,-41995,0,0,146,0,131072,-0.0853882,0.5000000,1
180,1779177350667454151,1,1,50,-22384,1851488,27100,-41994,0,0,137,0,131072,-0.0853882,0.5000000,1
181,1779177350672496678,1,1,50,-22384,1851488,27100,-41994,0,0,146,0,131072,-0.0853882,0.5000000,1
182,1779177350677618662,1,1,50,-22384,1851488,27100,-41993,0,0,91,0,131072,-0.0853882,0.5000000,1
183,1779177350682591875,1,1,50,-22384,1851488,27100,-41993,0,0,0,0,131072,-0.0853882,0.5000000,1
184,1779177350687399004,1,1,50,-22384,1851488,27100,-41993,0,0,-34,0,131072,-0.0853882,0.5000000,1
185,1779177350692514396,1,1,50,-22384,1851488,27100,-41993,0,0,44,0,131072,-0.0853882,0.5000000,1
186,1779177350697480184,1,1,50,-22384,1851488,27100,-41993,0,0,98,0,131072,-0.0853882,0.5000000,1
187,1779177350702493846,1,1,50,-22384,1851488,27100,-41993,0,0,10,0,131072,-0.0853882,0.5000000,1
188,1779177350707457363,1,1,50,-22384,1851488,27100,-41993,0,0,-164,0,131072,-0.0853882,0.5000000,1
189,1779177350712471248,1,1,50,-22384,1851488,27100,-41995,0,0,-324,0,131072,-0.0853882,0.5000000,1
190,1779177350717522959,1,1,50,-22384,1851488,27100,-41997,0,0,-390,0,131072,-0.0853882,0.5000000,1
191,1779177350722534093,1,1,50,-22384,1851488,27100,-41999,0,0,-313,0,131072,-0.0853882,0.5000000,1
192,1779177350727526154,1,1,50,-22384,1851488,27100,-41999,0,0,-132,0,131072,-0.0853882,0.5000000,1
193,1779177350732486470,1,1,50,-22384,1851488,27100,-41999,0,0,31,0,131072,-0.0853882,0.5000000,1
194,1779177350737466819,1,1,50,-22384,1851488,27100,-41999,0,0,89,0,131072,-0.0853882,0.5000000,1
195,1779177350742480225,1,1,50,-22384,1851488,27100,-41998,0,0,75,0,131072,-0.0853882,0.5000000,1
196,1779177350747447997,1,1,50,-22384,1851488,27100,-41998,0,0,87,0,131072,-0.0853882,0.5000000,1
197,1779177350752476636,1,1,50,-22384,1851488,27100,-41997,0,0,107,0,131072,-0.0853882,0.5000000,1
198,1779177350757465113,1,1,50,-22384,1851488,27100,-41997,0,0,80,0,131072,-0.0853882,0.5000000,1
199,1779177350762487927,1,1,50,-22384,1851488,27100,-41997,0,0,42,0,131072,-0.0853882,0.5000000,1
200,1779177350767530933,1,1,50,-22384,1851488,27100,-41996,0,0,77,0,131072,-0.0853882,0.5000000,1
201,1779177350772104232,1,1,50,-22384,1851488,27100,-41996,0,0,138,0,131072,-0.0853882,0.5000000,1
202,1779177350777482639,1,1,50,-22384,1851488,27100,-41995,0,0,110,0,131072,-0.0853882,0.5000000,1
203,1779177350782532493,1,1,50,-22384,1851488,27100,-41995,0,0,5,0,131072,-0.0853882,0.5000000,1
204,1779177350787497450,1,1,50,-22384,1851488,27100,-41995,0,0,-99,0,131072,-0.0853882,0.5000000,1
205,1779177350792470854,1,1,50,-22384,1851488,27100,-41996,0,0,-146,0,131072,-0.0853882,0.5000000,1
206,1779177350797487620,1,1,50,-22384,1851488,27100,-41997,0,0,-108,0,131072,-0.0853882,0.5000000,1
207,1779177350802491842,1,1,50,-22384,1851488,27100,-41997,0,0,-44,0,131072,-0.0853882,0.5000000,1
208,1779177350807516544,1,1,50,-22384,1851488,27100,-41997,0,0,-51,0,131072,-0.0853882,0.5000000,1
209,1779177350812488924,1,1,50,-22384,1851488,27100,-41998,0,0,-70,0,131072,-0.0853882,0.5000000,1
210,1779177350817496666,1,1,50,-22384,1851488,27100,-41998,0,0,-24,0,131072,-0.0853882,0.5000000,1
211,1779177350822503544,1,1,50,-22384,1851488,27100,-41997,0,0,48,0,131072,-0.0853882,0.5000000,1
212,1779177350827521525,1,1,50,-22384,1851488,27100,-41997,0,0,115,0,131072,-0.0853882,0.5000000,1
213,1779177350832500498,1,1,50,-22384,1851488,27100,-41996,0,0,174,0,131072,-0.0853882,0.5000000,1
214,1779177350837487727,1,1,50,-22384,1851488,27100,-41995,0,0,200,0,131072,-0.0853882,0.5000000,1
215,1779177350842502541,1,1,50,-22384,1851488,27100,-41994,0,0,194,0,131072,-0.0853882,0.5000000,1
216,1779177350847131937,1,1,50,-22384,1851488,27100,-41993,0,0,154,0,131072,-0.0853882,0.5000000,1
217,1779177350852497960,1,1,50,-22384,1851488,27100,-41993,0,0,88,0,131072,-0.0853882,0.5000000,1
218,1779177350857492485,1,1,50,-22384,1851488,27100,-41993,0,0,1,0,131072,-0.0853882,0.5000000,1
219,1779177350862509059,1,1,50,-22384,1851488,27100,-41993,0,0,-63,0,131072,-0.0853882,0.5000000,1
220,1779177350867587074,1,1,50,-22384,1851488,27100,-41993,0,0,-64,0,131072,-0.0853882,0.5000000,1
221,1779177350872486429,1,1,50,-22384,1851488,27100,-41994,0,0,-23,0,131072,-0.0853882,0.5000000,1
222,1779177350877483994,1,1,50,-22384,1851488,27100,-41993,0,0,25,0,131072,-0.0853882,0.5000000,1
223,1779177350882659484,1,1,50,-22384,1851488,27100,-41993,0,0,61,0,131072,-0.0853882,0.5000000,1
224,1779177350887507958,1,1,50,-22384,1851488,27100,-41993,0,0,101,0,131072,-0.0853882,0.5000000,1
225,1779177350892487763,1,1,50,-22384,1851488,27100,-41992,0,0,152,0,131072,-0.0853882,0.5000000,1
226,1779177350897494864,1,1,50,-22384,1851488,27100,-41991,0,0,167,0,131072,-0.0853882,0.5000000,1
227,1779177350902490669,1,1,50,-22384,1851488,27100,-41991,0,0,111,0,131072,-0.0853882,0.5000000,1
228,1779177350907475882,1,1,50,-22384,1851488,27100,-41990,0,0,18,0,131072,-0.0853882,0.5000000,1
229,1779177350912483208,1,1,50,-22384,1851488,27100,-41991,0,0,-53,0,131072,-0.0853882,0.5000000,1
230,1779177350917459173,1,1,50,-22384,1851488,27100,-41991,0,0,-66,0,131072,-0.0853882,0.5000000,1
231,1779177350922461954,1,1,50,-22384,1851488,27100,-41991,0,0,-45,0,131072,-0.0853882,0.5000000,1
232,1779177350927463328,1,1,50,-22384,1851488,27100,-41991,0,0,-49,0,131072,-0.0853882,0.5000000,1
233,1779177350932456893,1,1,50,-22384,1851488,27100,-41992,0,0,-81,0,131072,-0.0853882,0.5000000,1
234,1779177350937470427,1,1,50,-22384,1851488,27100,-41992,0,0,-100,0,131072,-0.0853882,0.5000000,1
235,1779177350942462040,1,1,50,-22384,1851488,27100,-41993,0,0,-72,0,131072,-0.0853882,0.5000000,1
236,1779177350947517623,1,1,50,-22384,1851488,27100,-41993,0,0,-15,0,131072,-0.0853882,0.5000000,1
237,1779177350952464947,1,1,50,-22384,1851488,27100,-41993,0,0,24,0,131072,-0.0853882,0.5000000,1
238,1779177350957465968,1,1,50,-22384,1851488,27100,-41993,0,0,25,0,131072,-0.0853882,0.5000000,1
239,1779177350962474382,1,1,50,-22384,1851488,27100,-41992,0,0,44,0,131072,-0.0853882,0.5000000,1
240,1779177350967464299,1,1,50,-22384,1851488,27100,-41992,0,0,103,0,131072,-0.0853882,0.5000000,1
241,1779177350972467880,1,1,50,-22384,1851488,27100,-41991,0,0,151,0,131072,-0.0853882,0.5000000,1
242,1779177350977463142,1,1,50,-22384,1851488,27100,-41990,0,0,164,0,131072,-0.0853882,0.5000000,1
243,1779177350982460771,1,1,50,-22384,1851488,27100,-41990,0,0,152,0,131072,-0.0853882,0.5000000,1
244,1779177350987466912,1,1,50,-22384,1851488,27100,-41989,0,0,117,0,131072,-0.0853882,0.5000000,1
245,1779177350992455965,1,1,50,-22384,1851488,27100,-41989,0,0,53,0,131072,-0.0853882,0.5000000,1
246,1779177350997460059,1,1,50,-22384,1851488,27100,-41989,0,0,8,0,131072,-0.0853882,0.5000000,1
247,1779177351002070799,1,1,50,-22384,1851488,27100,-41988,0,0,41,0,131072,-0.0853882,0.5000000,1
248,1779177351007463574,1,1,50,-22384,1851488,27100,-41988,0,0,68,0,131072,-0.0853882,0.5000000,1
249,1779177351012448786,1,1,50,-22384,1851488,27100,-41988,0,0,14,0,131072,-0.0853882,0.5000000,1
250,1779177351017485904,1,1,50,-22384,1851488,27100,-41988,0,0,-5,0,131072,-0.0853882,0.5000000,1
251,1779177351022452749,1,1,50,-22384,1851488,27100,-41988,0,0,77,0,131072,-0.0853882,0.5000000,1
252,1779177351027452810,1,1,50,-22384,1851488,27100,-41987,0,0,121,0,131072,-0.0853882,0.5000000,1
253,1779177351032446791,1,1,50,-22384,1851488,27100,-41987,0,0,39,0,131072,-0.0853882,0.5000000,1
254,1779177351037445892,1,1,50,-22384,1851488,27100,-41987,0,0,-80,0,131072,-0.0853882,0.5000000,1
255,1779177351042449601,1,1,50,-22384,1851488,27100,-41988,0,0,-108,0,131072,-0.0853882,0.5000000,1
256,1779177351047494719,1,1,50,-22384,1851488,27100,-41988,0,0,-41,0,131072,-0.0853882,0.5000000,1
257,1779177351052449819,1,1,50,-22384,1851488,27100,-41988,0,0,19,0,131072,-0.0853882,0.5000000,1
258,1779177351057448280,1,1,50,-22384,1851488,27100,-41988,0,0,16,0,131072,-0.0853882,0.5000000,1
259,1779177351062446805,1,1,50,-22384,1851488,27100,-41988,0,0,-16,0,131072,-0.0853882,0.5000000,1
260,1779177351067895997,1,1,50,-22384,1851488,27100,-41988,0,0,-2,0,131072,-0.0853882,0.5000000,1
261,1779177351072440431,1,1,50,-22384,1851488,27100,-41988,0,0,55,0,131072,-0.0853882,0.5000000,1
262,1779177351077684018,1,1,50,-22384,1851488,27100,-41987,0,0,66,0,131072,-0.0853882,0.5000000,1
263,1779177351082445993,1,1,50,-22384,1851488,27100,-41987,0,0,27,0,131072,-0.0853882,0.5000000,1
264,1779177351087455367,1,1,50,-22384,1851488,27100,-41987,0,0,7,0,131072,-0.0853882,0.5000000,1
265,1779177351092453924,1,1,50,-22384,1851488,27100,-41987,0,0,37,0,131072,-0.0853882,0.5000000,1
266,1779177351097450721,1,1,50,-22384,1851488,27100,-41986,0,0,117,0,131072,-0.0853882,0.5000000,1
267,1779177351102460542,1,1,50,-22384,1851488,27100,-41985,0,0,198,0,131072,-0.0853882,0.5000000,1
268,1779177351107470875,1,1,50,-22384,1851488,27100,-41984,0,0,211,0,131072,-0.0853882,0.5000000,1
269,1779177351112715039,1,1,50,-22384,1851488,27100,-41983,0,0,162,0,131072,-0.0853882,0.5000000,1
270,1779177351117470006,1,1,50,-22384,1851488,27100,-41983,0,0,162,0,131072,-0.0853882,0.5000000,1
271,1779177351122509812,1,1,50,-22384,1851488,27100,-41982,0,0,176,0,131072,-0.0853882,0.5000000,1
272,1779177351127491600,1,1,50,-22384,1851488,27100,-41981,0,0,165,0,131072,-0.0853882,0.5000000,1
273,1779177351132462413,1,1,50,-22384,1851488,27100,-41981,0,0,63,0,131072,-0.0853882,0.5000000,1
274,1779177351137485674,1,1,50,-22384,1851488,27100,-41981,0,0,-53,0,131072,-0.0853882,0.5000000,1
275,1779177351142028860,1,1,50,-22384,1851488,27100,-41981,0,0,-50,0,131072,-0.0853882,0.5000000,1
276,1779177351147525157,1,1,50,-22384,1851488,27100,-41981,0,0,40,0,131072,-0.0853882,0.5000000,1
277,1779177351152443104,1,1,50,-22384,1851488,27100,-41980,0,0,81,0,131072,-0.0853882,0.5000000,1
278,1779177351157448094,1,1,50,-22384,1851488,27100,-41980,0,0,42,0,131072,-0.0853882,0.5000000,1
279,1779177351162451035,1,1,50,-22384,1851488,27100,-41980,0,0,20,0,131072,-0.0853882,0.5000000,1
280,1779177351167466840,1,1,50,-22384,1851488,27100,-41980,0,0,75,0,131072,-0.0853882,0.5000000,1
281,1779177351172460789,1,1,50,-22384,1851488,27100,-41979,0,0,156,0,131072,-0.0853882,0.5000000,1
282,1779177351177438642,1,1,50,-22384,1851488,27100,-41978,0,0,181,0,131072,-0.0853882,0.5000000,1
283,1779177351182580914,1,1,50,-22384,1851488,27100,-41977,0,0,141,0,131072,-0.0853882,0.5000000,1
284,1779177351187461676,1,1,50,-22384,1851488,27100,-41977,0,0,112,0,131072,-0.0853882,0.5000000,1
285,1779177351192453065,1,1,50,-22384,1851488,27100,-41976,0,0,143,0,131072,-0.0853882,0.5000000,1
286,1779177351197459271,1,1,50,-22384,1851488,27100,-41975,0,0,199,0,131072,-0.0853882,0.5000000,1
287,1779177351202469060,1,1,50,-22384,1851488,27100,-41974,0,0,219,0,131072,-0.0853882,0.5000000,1
288,1779177351207461281,1,1,50,-22384,1851488,27100,-41973,0,0,185,0,131072,-0.0853882,0.5000000,1
289,1779177351212468254,1,1,50,-22384,1851488,27100,-41973,0,0,103,0,131072,-0.0853882,0.5000000,1
290,1779177351217470235,1,1,50,-22384,1851488,27100,-41973,0,0,21,0,131072,-0.0853882,0.5000000,1
291,1779177351222465368,1,1,50,-22384,1851488,27100,-41972,0,0,6,0,131072,-0.0853882,0.5000000,1
292,1779177351227468821,1,1,50,-22384,1851488,27100,-41972,0,0,21,0,131072,-0.0853882,0.5000000,1
293,1779177351232469138,1,1,50,-22384,1851488,27100,-41972,0,0,-6,0,131072,-0.0853882,0.5000000,1
294,1779177351237452367,1,1,50,-22384,1851488,27100,-41972,0,0,4,0,131072,-0.0853882,0.5000000,1
295,1779177351242454988,1,1,50,-22384,1851488,27100,-41972,0,0,95,0,131072,-0.0853882,0.5000000,1
296,1779177351247455849,1,1,50,-22384,1851488,27100,-41971,0,0,190,0,131072,-0.0853882,0.5000000,1
297,1779177351252445510,1,1,50,-22384,1851488,27100,-41970,0,0,246,0,131072,-0.0853882,0.5000000,1
298,1779177351257453571,1,1,50,-22384,1851488,27100,-41969,0,0,236,0,131072,-0.0853882,0.5000000,1
299,1779177351262454401,1,1,50,-22384,1851488,27100,-41968,0,0,166,0,131072,-0.0853882,0.5000000,1
300,1779177351267470942,1,1,50,-22384,1851488,27100,-41967,0,0,120,0,131072,-0.0853882,0.5000000,1
301,1779177351272471899,1,1,50,-22384,1851488,27100,-41967,0,0,113,0,131072,-0.0853882,0.5000000,1
302,1779177351277457464,1,1,50,-22384,1851488,27100,-41966,0,0,60,0,131072,-0.0853882,0.5000000,1
303,1779177351282627225,1,1,50,-22384,1851488,27100,-41967,0,0,-68,0,131072,-0.0853882,0.5000000,1
304,1779177351287480467,1,1,50,-22384,1851488,27100,-41968,0,0,-187,0,131072,-0.0853882,0.5000000,1
305,1779177351292457295,1,1,50,-22384,1851488,27100,-41968,0,0,-180,0,131072,-0.0853882,0.5000000,1
306,1779177351297452940,1,1,50,-22384,1851488,27100,-41968,0,0,-15,0,131072,-0.0853882,0.5000000,1
307,1779177351302461673,1,1,50,-22384,1851488,27100,-41967,0,0,215,0,131072,-0.0853882,0.5000000,1
308,1779177351307473063,1,1,50,-22384,1851488,27100,-41965,0,0,386,0,131072,-0.0853882,0.5000000,1
309,1779177351312468484,1,1,50,-22384,1851488,27100,-41963,0,0,410,0,131072,-0.0853882,0.5000000,1
310,1779177351317466657,1,1,50,-22384,1851488,27100,-41962,0,0,351,0,131072,-0.0853882,0.5000000,1
311,1779177351322455646,1,1,50,-22384,1851488,27100,-41960,0,0,332,0,131072,-0.0853882,0.5000000,1
312,1779177351327456699,1,1,50,-22384,1851488,27100,-41958,0,0,335,0,131072,-0.0853882,0.5000000,1
313,1779177351332452120,1,1,50,-22384,1851488,27100,-41957,0,0,296,0,131072,-0.0853882,0.5000000,1
314,1779177351337448373,1,1,50,-22384,1851488,27100,-41956,0,0,241,0,131072,-0.0853882,0.5000000,1
315,1779177351342456306,1,1,50,-22384,1851488,27100,-41955,0,0,212,0,131072,-0.0853882,0.5000000,1
316,1779177351347464079,1,1,50,-22384,1851488,27100,-41954,0,0,192,0,131072,-0.0853882,0.5000000,1
317,1779177351352605360,1,1,50,-22384,1851488,27100,-41953,0,0,147,0,131072,-0.0853882,0.5000000,1
318,1779177351358014359,1,1,50,-22384,1851488,27100,-41953,0,0,64,0,131072,-0.0853882,0.5000000,1
319,1779177351363048117,1,1,50,-22384,1851488,27100,-41953,0,0,-3,0,131072,-0.0853882,0.5000000,1
320,1779177351369681115,1,1,50,-22384,1851488,27100,-41953,0,0,4,0,131072,-0.0853882,0.5000000,1
321,1779177351372467073,1,1,50,-22384,1851488,27100,-41952,0,0,38,0,131072,-0.0853882,0.5000000,1
322,1779177351377453789,1,1,50,-22384,1851488,27100,-41952,0,0,46,0,131072,-0.0853882,0.5000000,1
323,1779177351383565942,1,1,50,-22384,1851488,27100,-41952,0,0,7,0,131072,-0.0853882,0.5000000,1
324,1779177351389143426,1,1,50,-22384,1851488,27100,-41952,0,0,-30,0,131072,-0.0853882,0.5000000,1
325,1779177351392347698,1,1,50,-22384,1851488,27100,-41953,0,0,-102,0,131072,-0.0853882,0.5000000,1
326,1779177351397574037,1,1,50,-26800,1851488,27100,-41953,0,0,-166,-4423,131072,-0.1022339,0.5000000,1
327,1779177351402606131,1,1,50,-26800,1851488,27100,-41955,0,0,-264,-4423,131072,-0.1022339,0.5000000,1
328,1779177351407539534,1,1,50,-26800,1851488,27100,-41956,0,0,-307,-4423,131072,-0.1022339,0.5000000,1
329,1779177351412538955,1,1,50,-26800,1851488,27100,-41957,0,0,-227,-4423,131072,-0.1022339,0.5000000,1
330,1779177351417631915,1,1,50,-31248,1851488,27100,-41958,0,0,-70,-8869,131072,-0.1192017,0.5000000,1
331,1779177351422592391,1,1,50,-35968,1851488,27100,-41958,0,0,44,-13590,131072,-0.1372070,0.5000000,1
332,1779177351427593572,1,1,50,-35968,1851488,27100,-41957,0,0,63,-13590,131072,-0.1372070,0.5000000,1
333,1779177351432186807,1,1,50,-35008,1851488,27100,-41957,0,0,44,-12637,131072,-0.1335449,0.5000000,1
334,1779177351437603358,1,1,50,-34720,1851488,27100,-41957,0,0,45,-12339,131072,-0.1324463,0.5000000,1
335,1779177351443414384,1,1,50,-42032,1851488,27100,-41956,0,0,71,-19652,131072,-0.1603394,0.5000000,1
336,1779177351447165677,1,1,50,-40544,1851488,27100,-41956,0,0,116,-18175,131072,-0.1546631,0.5000000,1
337,1779177351452584981,1,1,50,-44704,1851488,27100,-41955,0,0,114,-22330,131072,-0.1705322,0.5000000,1
338,1779177351457570034,1,1,50,-49296,1851488,27100,-41955,0,0,31,-26921,131072,-0.1880493,0.5000000,1
339,1779177351462503437,1,1,50,-53200,1851488,27100,-41956,0,0,-208,-30826,131072,-0.2029419,0.5000000,1
340,1779177351467548875,1,1,50,-56272,1851488,27100,-41957,0,0,-110,-33900,131072,-0.2146606,0.5000000,1
341,1779177351472492967,1,1,50,-58384,1851488,27100,-41949,0,0,1486,-36007,131072,-0.2227173,0.5000000,1
342,1779177351477592807,1,1,50,-59568,1851488,27100,-41933,0,0,3285,-37187,131072,-0.2272339,0.5000000,1
343,1779177351482486785,1,1,50,-60016,1851488,27100,-41921,0,0,2375,-37641,131072,-0.2289429,0.5000000,1
344,1779177351487477246,1,1,50,-59904,1851488,27100,-41924,0,0,-561,-37533,131072,-0.2285156,0.5000000,1
345,1779177351492530972,1,1,50,-59408,1851488,27100,-41941,0,0,-3381,-37035,131072,-0.2266235,0.5000000,1
346,1779177351497833281,1,1,50,-58736,1851488,27100,-41966,0,0,-4771,-36353,131072,-0.2240601,0.5000000,1
347,1779177351502755100,1,1,50,-58736,1851488,27100,-41984,0,0,-3598,-36353,131072,-0.2240601,0.5000000,1
348,1779177351507702520,1,1,50,-58224,1851488,27100,-41990,0,0,-1186,-35844,131072,-0.2221069,0.5000000,1
349,1779177351512381325,1,1,50,-57728,1851488,27100,-41987,0,0,640,-35351,131072,-0.2202148,0.5000000,1
350,1779177351517527950,1,1,50,-57328,1851488,27100,-41980,0,0,1353,-34952,131072,-0.2186890,0.5000000,1
351,1779177351522476265,1,1,50,-57072,1851488,27100,-41973,0,0,1425,-34700,131072,-0.2177124,0.5000000,1
352,1779177351527509255,1,1,50,-56960,1851488,27100,-41970,0,0,617,-34580,131072,-0.2172852,0.5000000,1
353,1779177351532419650,1,1,50,-56912,1851488,27100,-41977,0,0,-1523,-34535,131072,-0.2171021,0.5000000,1
354,1779177351537473313,1,1,50,-56912,1851488,27100,-42001,0,0,-4652,-34535,131072,-0.2171021,0.5000000,1
355,1779177351542542495,1,1,50,-56928,1851488,27100,-42043,0,0,-8328,-34544,131072,-0.2171631,0.5000000,1
356,1779177351547471707,1,1,50,-56880,1851488,27100,-42104,0,0,-12378,-34501,131072,-0.2169800,0.5000000,1
357,1779177351552491352,1,1,50,-56736,1851488,27100,-42188,0,0,-16744,-34360,131072,-0.2164307,0.5000000,1
358,1779177351557468277,1,1,50,-56448,1851488,27100,-42292,0,0,-20860,-34077,131072,-0.2153320,0.5000000,1
359,1779177351562490354,1,1,50,-56032,1851488,27100,-42409,0,0,-23274,-33648,131072,-0.2137451,0.5000000,1
360,1779177351567461999,1,1,50,-55504,1851488,27100,-42522,0,0,-22703,-33133,131072,-0.2117310,0.5000000,1
361,1779177351572464972,1,1,50,-55040,1851488,27100,-42620,0,0,-19651,-32658,131072,-0.2099609,0.5000000,1
362,1779177351577469353,1,1,50,-54736,1851488,27100,-42701,0,0,-16162,-32359,131072,-0.2088013,0.5000000,1
363,1779177351582470630,1,1,50,-54672,1851488,27100,-42768,0,0,-13375,-32292,131072,-0.2085571,0.5000000,1
364,1779177351587466755,1,1,50,-54800,1851488,27066,-42840,39344,-309,-14449,-32422,131072,-0.2090454,0.5000000,1
365,1779177351592466816,1,1,50,-54816,1851488,27031,-42913,41777,-369,-14574,-32436,131072,-0.2091064,0.5000000,1
366,1779177351597466749,1,1,50,-54720,1851488,26993,-42990,44032,-396,-15526,-32343,131072,-0.2087402,0.5000000,1
367,1779177351602462906,1,1,50,-54528,1851488,26953,-43077,46228,-417,-17335,-32152,131072,-0.2080078,0.5000000,1
368,1779177351607469464,1,1,50,-54240,1851488,26911,-43181,48305,-433,-20875,-31871,131072,-0.2069092,0.5000000,1
369,1779177351612534198,1,1,50,-53856,1851488,26867,-43313,50322,-448,-25926,-31476,131072,-0.2054443,0.5000000,1
370,1779177351617720760,1,1,50,-53312,1851488,26820,-43474,52340,-463,-31025,-30942,131072,-0.2033691,0.5000000,1
371,1779177351622485935,1,1,50,-52640,1851488,26775,-43641,53883,-432,-35019,-30266,131072,-0.2008057,0.5000000,1
372,1779177351627605039,1,1,50,-51920,1851488,26726,-43839,55367,-447,-38677,-29542,131072,-0.1980591,0.5000000,1
373,1779177351632507370,1,1,50,-51184,1851488,26677,-44041,57028,-431,-41256,-28806,131072,-0.1952515,0.5000000,1
374,1779177351637630570,1,1,50,-50480,1851488,26622,-44260,62072,-467,-42848,-28106,131072,-0.1925659,0.5000000,1
375,1779177351643350745,1,1,50,-50480,1851488,26554,-44510,67413,-557,-43621,-28106,131072,-0.1925659,0.5000000,1
376,1779177351647920652,1,1,50,-50112,1851488,26488,-44708,81002,-580,-43352,-27741,131072,-0.1911621,0.5000000,1
377,1779177351652679683,1,1,50,-49584,1851488,26422,-44914,78688,-576,-43237,-27206,131072,-0.1891479,0.5000000,1
378,1779177351657523164,1,1,50,-49056,1851488,25603,-42344,80884,-588,-43860,-26682,131072,-0.1871338,0.5000000,1
379,1779177351662501432,1,1,50,-48736,1851488,25531,-42569,86521,-636,-45349,-26366,131072,-0.1859131,0.5000000,1
380,1779177351667520726,1,1,50,-48496,1851488,25453,-42804,90913,-677,-46749,-26117,131072,-0.1849976,0.5000000,1
381,1779177351672497714,1,1,50,-48240,1851488,25373,-43042,94770,-705,-47851,-25860,131072,-0.1840210,7.0628662,0
382,1779177351677177096,1,1,50,-3184,1851488,25291,-43277,102247,-730,-50154,-25561,1851488,-0.0121460,7.0628662,0
383,1779177351682511661,1,1,50,-2800,1851488,25194,-43567,105511,-809,-54328,-25168,1851488,-0.0106812,7.0628662,0
384,1779177351687527914,1,1,50,-2272,1851488,25098,-43853,110614,-816,-56995,-24640,1851488,-0.0086670,7.0628662,0
385,1779177351692491143,1,1,50,-1680,1851488,24995,-44142,119278,-851,-58257,-24048,1851488,-0.0064087,7.0628662,0
386,1779177351697487172,1,1,50,-1072,1851488,24888,-44441,122720,-869,-59981,-23453,1851488,-0.0040894,7.0628662,0
387,1779177351702484161,1,1,50,-512,1851488,24777,-44757,125450,-873,-63182,-22895,1851488,-0.0019531,7.0628662,0
388,1779177351707507134,1,1,50,16,1851488,24660,-45095,131859,-891,-67178,-22364,1851488,0.0000610,7.0628662,0
389,1779177351712633119,1,1,50,544,1851488,23808,-42733,136072,-902,-70427,-21829,1851488,0.0020752,7.0628662,0
390,1779177351717427766,1,1,50,864,1851488,23693,-43078,141294,-889,-72052,-21509,1851488,0.0032959,7.0628662,0
391,1779177351722490773,1,1,50,1088,1851488,23563,-43446,150849,-951,-72669,-21290,1851488,0.0041504,7.0628662,0
392,1779177351727523187,1,1,50,1280,1851488,23431,-43814,152866,-982,-73083,-21091,1851488,0.0048828,7.0628662,0
393,1779177351732502288,1,1,50,1536,1851488,23296,-44177,155715,-1000,-73041,-20840,1851488,0.0058594,7.0628662,0
394,1779177351737488204,1,1,50,1872,1851488,23151,-44544,166634,-1066,-73604,-20501,1851488,0.0071411,7.0628662,0
395,1779177351742518218,1,1,50,2256,1851488,23001,-44925,169245,-1104,-75695,-20119,1851488,0.0086060,7.0628662,0
396,1779177351747608490,1,1,50,2720,1851488,22131,-42651,173933,-1130,-77539,-19662,1851488,0.0103760,7.0628662,0
397,1779177351752461219,1,1,50,2992,1851488,21983,-43031,181232,-1152,-78314,-19386,1851488,0.0114136,7.0628662,0
398,1779177351757501121,1,1,50,3216,1851488,21823,-43424,185801,-1194,-77956,-19167,1851488,0.0122681,7.0628662,0
399,1779177351762541311,1,1,50,3472,1851488,21656,-43811,192626,-1253,-76901,-18902,1851488,0.0132446,7.0628662,0
400,1779177351767526044,1,1,50,3808,1851488,21482,-44191,200993,-1332,-76200,-18570,1851488,0.0145264,7.0628662,0
401,1779177351772506328,1,1,50,4192,1851488,21302,-44569,206156,-1402,-75894,-18177,1851488,0.0159912,7.0628662,0
402,1779177351777495605,1,1,50,4656,1851488,20415,-42312,213099,-1476,-74535,-17723,1851488,0.0177612,7.0628662,0
403,1779177351782488722,1,1,50,4880,1851488,20230,-42675,220695,-1579,-72812,-17499,1851488,0.0186157,7.0628662,0
404,1779177351787517424,1,1,50,5024,1851488,20037,-43039,225145,-1691,-72314,-17344,1851488,0.0191650,7.0628662,0
405,1779177351792495756,1,1,50,5248,1851488,19840,-43401,229893,-1798,-72635,-17129,1851488,0.0200195,7.0628662,0
406,1779177351797630893,1,1,50,5568,1851488,19630,-43773,236005,-1916,-72544,-16808,1851488,0.0212402,7.0628662,0
407,1779177351802491623,1,1,50,6000,1851488,18746,-41554,238616,-1989,-72360,-16374,1851488,0.0228882,7.0628662,0
408,1779177351807522116,1,1,50,6240,1851488,18542,-41913,242473,-2074,-71306,-16135,1851488,0.0238037,7.0628662,0
409,1779177351812488641,1,1,50,6464,1851488,18335,-42263,247043,-2173,-70462,-15911,1851488,0.0246582,7.0628662,0
410,1779177351817477213,1,1,50,6752,1851488,17435,-40077,252087,-2361,-69805,-15617,1851488,0.0257568,7.0628662,0
411,1779177351822467290,1,1,50,6752,1851488,17231,-40426,252087,-2361,-69805,-15617,1851488,0.0257568,7.0628662,0
412,1779177351827619963,1,1,50,6912,1851488,17014,-40780,257190,-2502,-68848,-15471,1851488,0.0263672,7.0628662,0
413,1779177351832634361,1,1,50,7216,1851488,16798,-41122,259564,-2637,-68078,-15164,1851488,0.0275269,7.0628662,0
414,1779177351837618965,1,1,50,7664,1851488,16581,-41457,260276,-2714,-67343,-14718,1851488,0.0292358,7.0628662,0
415,1779177351843257570,1,1,50,8176,1851488,16331,-41834,262709,-2778,-66812,-14195,1851488,0.0311890,7.0628662,0
416,1779177351847612239,1,1,50,8768,1851488,15484,-39666,266210,-2792,-70043,-13609,1851488,0.0334473,7.0628662,0
417,1779177351852476617,1,1,50,9120,1851488,15267,-40020,276358,-2766,-72751,-13262,1851488,0.0347900,7.0628662,0
418,1779177351857472614,1,1,50,9376,1851488,15035,-40396,287455,-2711,-75190,-13003,1851488,0.0357666,7.0628662,0
419,1779177351862475459,1,1,50,9664,1851488,14796,-40781,291906,-2626,-77025,-12715,1851488,0.0368652,7.0628662,0
420,1779177351867640676,1,1,50,10048,1851488,13910,-38758,296000,-2510,-78188,-12334,1851488,0.0383301,7.0628662,0
421,1779177351872475357,1,1,50,10256,1851488,13680,-39145,305139,-2394,-80038,-12124,1851488,0.0391235,7.0628662,0
422,1779177351877101777,1,1,50,10480,1851488,13456,-39523,309827,-2269,-81672,-11895,1851488,0.0399780,7.0628662,0
423,1779177351882489528,1,1,50,10816,1851488,12562,-37595,313922,-2100,-81664,-11565,1851488,0.0412598,7.0628662,0
424,1779177351887625784,1,1,50,10992,1851488,12315,-38022,320746,-1945,-82982,-11377,1851488,0.0419312,7.0628662,0
425,1779177351892545107,1,1,50,11264,1851488,12074,-38439,325672,-1786,-84908,-11118,1851488,0.0429688,7.0628662,0
426,1779177351897491151,1,1,50,11648,1851488,11200,-36523,330656,-1599,-86259,-10724,1851488,0.0444336,7.0628662,0
427,1779177351902191365,1,1,50,11904,1851488,10973,-36934,336116,-1428,-87468,-10477,1851488,0.0454102,7.0628662,0
428,1779177351907778896,1,1,50,12208,1851488,10698,-37416,340567,-1213,-86270,-10170,1851488,0.0465698,7.0628662,0
429,1779177351912766637,1,1,50,12656,1851488,10446,-37843,345611,-1000,-85607,-9718,1851488,0.0482788,7.0628662,0
430,1779177351917686344,1,1,50,13200,1851488,9604,-35998,351308,-777,-83288,-9168,1851488,0.0503540,7.0628662,0
431,1779177351922548290,1,1,50,13504,1851488,9363,-36385,356055,-576,-79669,-8873,1851488,0.0515137,7.0628662,0
432,1779177351927522302,1,1,50,13744,1851488,9111,-36762,360802,-401,-75733,-8627,1851488,0.0524292,7.0628662,0
433,1779177351932559164,1,1,50,14064,1851488,8266,-34894,366974,-250,-73181,-8313,1851488,0.0536499,7.0628662,0
434,1779177351937575130,1,1,50,14176,1851488,8017,-35262,371959,-125,-73288,-8200,1851488,0.0540771,7.0628662,0
435,1779177351942644857,1,1,50,14352,1851488,7759,-35645,377122,8,-75493,-8021,1851488,0.0547485,7.0628662,0
436,1779177351947515891,1,1,50,14704,1851488,6939,-33850,383234,170,-78939,-7678,1851488,0.0560913,7.0628662,0
437,1779177351952492879,1,1,50,14912,1851488,6690,-34260,388575,371,-82492,-7469,1851488,0.0568848,7.0628662,0
438,1779177351957498220,1,1,50,14912,1851488,5874,-32579,394212,594,-86402,-7469,1851488,0.0568848,7.0628662,0
439,1779177351962546699,1,1,50,14960,1851488,5625,-33035,400562,847,-90444,-7408,1851488,0.0570679,7.0628662,0
440,1779177351967590953,1,1,50,15264,1851488,5372,-33512,405962,1122,-94497,-7104,1851488,0.0582275,7.0628662,0
441,1779177351972468163,1,1,50,15776,1851488,4572,-31898,411837,1430,-98097,-6595,1851488,0.0601807,7.0628662,0
442,1779177351977491808,1,1,50,16080,1851488,4324,-32399,417296,1817,-99734,-6301,1851488,0.0613403,7.0628662,0
443,1779177351982507998,1,1,50,16384,1851488,4073,-32901,421450,2213,-100209,-5984,1851488,0.0625000,7.0628662,0
444,1779177351987526203,1,1,50,16800,1851488,3292,-31377,426851,2617,-99607,-5569,1851488,0.0640869,7.0628662,0
445,1779177351992492792,1,1,50,17008,1851488,3049,-31867,432013,3000,-98584,-5373,1851488,0.0648804,7.0628662,0
446,1779177351997501013,1,1,50,17232,1851488,2275,-30357,436761,3369,-97171,-5140,1851488,0.0657349,7.0628662,0
447,1779177352002533715,1,1,50,17248,1851488,2034,-30838,442220,3707,-95642,-5123,1851488,0.0657959,7.0628662,0
448,1779177352007515951,1,1,50,17376,1851488,1791,-31305,446849,4016,-93750,-5003,1851488,0.0662842,7.0628662,0
449,1779177352012492299,1,1,50,17696,-1851504,1037,-29793,452071,4313,-91084,-4686,1851488,0.0675049,-7.0629272,0
450,1779177352017492648,1,1,50,17824,-1851504,799,-30233,457115,4581,-87941,-4547,-1851504,0.0679932,-7.0629272,0
451,1779177352022485797,1,1,50,18016,-1851504,55,-28727,461803,4817,-84929,-4356,-1851504,0.0687256,-7.0629272,0
452,1779177352027512130,1,1,50,18016,1851488,-179,-29143,467619,5017,-82670,-4365,-1851504,0.0687256,7.0628662,0
453,1779177352032478558,1,1,50,18096,-1851504,-913,-27644,472663,5193,-81369,-4272,1851488,0.0690308,-7.0629272,0
454,1779177352037477339,1,1,50,18048,-1851504,-1140,-28049,477292,5349,-80955,-4331,-1851504,0.0688477,-7.0629272,0
455,1779177352042589307,1,1,50,-26624,-1851504,-1872,-26585,482395,5508,-81262,-4251,-1851504,-0.1015625,-7.0629272,0
456,1779177352047512053,1,1,50,-26640,-1851504,-2088,-26994,486549,5661,-83106,-4263,-1851504,-0.1016235,-7.0629272,0
457,1779177352052731128,1,1,50,-26480,-1851504,-2324,-27440,491296,5853,-85557,-4104,-1851504,-0.1010132,-7.0629272,0
458,1779177352057487022,1,1,50,-26080,-1851504,-3013,-26023,495272,6074,-89159,-3698,-1851504,-0.0994873,-7.0629272,0
459,1779177352062481931,1,1,50,-25824,-1851504,-3231,-26481,499486,6355,-91758,-3442,-1851504,-0.0985107,-7.0629272,0
460,1779177352067509768,1,1,50,-25504,-1851504,-3921,-25132,503996,6677,-93379,-3124,-1851504,-0.0972900,-7.0629272,0
461,1779177352072475588,1,1,50,-25392,-1851504,-4130,-25600,507497,7005,-94276,-3016,-1851504,-0.0968628,-7.0629272,0
462,1779177352077478177,1,1,50,-25200,-1851504,-4807,-24270,511888,7346,-93995,-2822,-1851504,-0.0961304,-7.0629272,0
463,1779177352082487518,1,1,50,-25152,-1851504,-5010,-24732,515983,7672,-92238,-2780,-1851504,-0.0959473,-7.0629272,0
464,1779177352087514812,1,1,50,-25008,-1851504,-5672,-23412,519662,7976,-88656,-2630,-1851504,-0.0953979,-7.0629272,0
465,1779177352092478744,1,1,50,-25024,1851488,-5865,-23829,523757,8224,-83980,-2654,-1851504,-0.0954590,7.0628662,0
466,1779177352097471476,1,1,50,19792,-1311008,-6511,-22480,527792,8417,-78782,-2590,1851488,0.0755005,-5.0010986,0
467,1779177352102516690,1,1,50,19664,1851488,-6700,-22853,532361,8542,-73924,-2711,-1311008,0.0750122,7.0628662,0
468,1779177352107502127,1,1,50,19648,-1851504,-7332,-21484,536219,8610,-70009,-2733,1851488,0.0749512,-7.0629272,0
469,1779177352112479339,1,1,50,19488,-1851504,-7511,-21820,540729,8628,-67579,-2887,-1851504,0.0743408,-7.0629272,0
470,1779177352117475719,1,1,50,19472,-1851504,-8130,-20453,544764,8625,-66688,-2902,-1851504,0.0742798,-7.0629272,0
471,1779177352122475044,1,1,50,19344,-1851504,-8303,-20790,548562,8612,-67293,-3033,-1851504,0.0737915,-7.0629272,0
472,1779177352127498946,1,1,50,19376,-1851504,-8903,-19476,552657,8618,-68826,-2999,-1851504,0.0739136,-7.0629272,0
473,1779177352132485182,1,1,50,19296,-1851504,-9503,-18177,555980,8643,-70876,-3081,-1851504,0.0736084,-7.0629272,0
474,1779177352137531644,1,1,50,19040,-1851504,-119189,-41817,559481,8683,-72694,-3331,-1851504,0.0726318,-7.0629272,0
475,1779177352142637147,1,1,50,41440,-1851504,-119693,-40489,562448,10273,-58990,19073,-1851504,0.1580811,-7.0629272,0
476,1779177352147614232,1,1,50,63840,-1851504,-120064,-40677,566187,13040,-37817,41477,-1851504,0.2435303,-7.0629272,0
477,1779177352152396527,1,1,50,86240,-1851504,-120496,-39142,569154,16691,-13683,63881,-1851504,0.3289795,-7.0629272,0
478,1779177352157481934,1,1,50,102224,-1851504,-120820,-39057,572358,21513,16771,86285,-1851504,0.3899536,-7.0629272,0
479,1779177352162481099,1,1,50,102224,-1851504,-123691,-21006,575503,26601,43239,102236,-1851504,0.3899536,-7.0629272,0
480,1779177352167503688,1,1,50,102224,1851488,-124113,-19312,578471,31086,59422,102236,-1851504,0.3899536,7.0628662,0
481,1779177352172831565,1,1,50,102224,1851488,-124498,-17566,582743,35292,72465,101375,1851488,0.3899536,7.0628662,0
482,1779177352177490625,1,1,50,102224,1851488,-124860,-15858,586897,38487,71928,99616,1851488,0.3899536,7.0628662,0
483,1779177352182486366,1,1,50,102224,1851488,-125459,-18107,590695,41592,74234,97446,1851488,0.3899536,7.0628662,0
484,1779177352187521276,1,1,50,102224,1851488,-125779,-16397,594256,44470,74872,96804,1851488,0.3899536,7.0628662,0
485,1779177352192480023,1,1,50,102224,1851488,-125729,-16035,598706,47114,72996,96465,1851488,0.3899536,7.0628662,0
486,1779177352197481940,1,1,50,102224,1851488,-125996,-14344,602326,49634,70722,96152,1851488,0.3899536,7.0628662,0
487,1779177352202484817,1,1,50,102224,1851488,-126238,-12681,605946,51994,67477,95376,1851488,0.3899536,7.0628662,0
488,1779177352207475470,1,1,50,102224,1851488,-126456,-11048,608854,54175,63424,94094,1851488,0.3899536,7.0628662,0
489,1779177352212481291,1,1,50,102224,1851488,-126303,-10748,612236,56189,59932,92438,1851488,0.3899536,7.0628662,0
490,1779177352217481703,1,1,50,102224,1851488,-126466,-9163,615500,58049,58955,91057,1851488,0.3899536,7.0628662,0
491,1779177352222485156,1,1,50,102224,1851488,-126613,-7547,619001,59745,62201,89796,1851488,0.3899536,7.0628662,0
492,1779177352227503969,1,1,50,102224,1851488,-126394,-7198,621969,61224,69569,88369,1851488,0.3899536,7.0628662,0
493,1779177352232479166,1,1,50,102224,1851488,-127172,-11106,625529,62442,79464,87070,1851488,0.3899536,7.0628662,0
494,1779177352237483290,1,1,50,102224,1851488,-127315,-9380,629446,63540,92942,87912,1851488,0.3899536,7.0628662,0
495,1779177352242480983,1,1,50,102224,1851488,-127103,-8839,633006,64454,108208,88539,1851488,0.3899536,7.0628662,0
496,1779177352247501460,1,1,50,102224,1851488,-127204,-6942,636448,65122,124503,88380,1851488,0.3899536,7.0628662,0
497,1779177352252517362,1,1,50,102224,1851488,-127284,-4982,640009,65465,140276,87072,1851488,0.3899536,7.0628662,0
498,1779177352257478989,1,1,50,102224,1851488,-127016,-4215,643273,65439,154600,84763,1851488,0.3899536,7.0628662,0
499,1779177352262496107,1,1,50,102224,1851488,-127049,-2133,647427,65073,169401,82269,1851488,0.3899536,7.0628662,0
500,1779177352267507816,1,1,50,101920,1851488,-127070,43,651402,64363,184964,79561,1851488,0.3887939,7.0628662,0
501,1779177352272483812,1,1,50,98992,1851488,-127073,2275,655319,63307,201279,76625,1851488,0.3776245,7.0628662,0
502,1779177352277809801,1,1,50,95904,1851488,-126706,3446,659948,61799,219738,73543,1851488,0.3658447,7.0628662,0
503,1779177352282635489,1,1,50,93056,1851488,-127299,193,664339,60098,235201,70696,1851488,0.3549805,7.0628662,0
504,1779177352287520635,1,1,50,92512,1851488,-127004,1426,668612,58231,252410,70156,1851488,0.3529053,7.0628662,0
505,1779177352292488695,1,1,50,92400,1851488,-126991,3967,673122,56196,269830,70045,1851488,0.3524780,7.0628662,0
506,1779177352297482260,1,1,50,91264,1851488,-126969,6624,676979,53948,285345,68910,1851488,0.3481445,7.0628662,0
507,1779177352302494257,1,1,50,88864,1851488,-126915,9296,680718,51437,298176,66496,1851488,0.3389893,7.0628662,0
508,1779177352307580816,1,1,50,85520,1851488,-126846,12072,683803,48617,308452,63153,1851488,0.3262329,7.0628662,0
509,1779177352312493930,1,1,50,81744,1851488,-126684,10728,687423,45651,316072,59388,1851488,0.3118286,7.0628662,0
510,1779177352317490055,1,1,50,79552,1851488,-126619,13540,691577,42535,323379,57187,1851488,0.3034668,7.0628662,0
511,1779177352322521637,1,1,50,77552,1851488,-126531,16381,695435,39319,330268,55198,1851488,0.2958374,7.0628662,0
512,1779177352327506753,1,1,50,75104,1851488,-126433,19253,699114,36035,336653,52743,1851488,0.2864990,7.0628662,0
513,1779177352332496638,1,1,50,72128,1851488,-126048,20481,703030,32621,343112,49767,1851488,0.2751465,7.0628662,0
514,1779177352337488634,1,1,50,69344,1851488,-125904,23417,707125,29094,350290,46985,1851488,0.2645264,7.0628662,0
515,1779177352342661467,1,1,50,66384,1851488,-125718,26431,710923,25305,358069,44027,1851488,0.2532349,7.0628662,0
516,1779177352348114787,1,1,50,63136,1851488,-125494,29621,714306,21151,366516,40768,1851488,0.2408447,7.0628662,0
517,1779177352352494577,1,1,50,59584,1851488,-125053,31272,716798,17680,377111,37228,1851488,0.2272949,7.0628662,0
518,1779177352357527470,1,1,50,56432,1851488,-124824,34383,719646,13491,385689,34078,1851488,0.2152710,7.0628662,0
519,1779177352362544812,1,1,50,53312,1851488,-124728,35647,721308,9187,392607,30946,1851488,0.2033691,7.0628662,0
520,1779177352367514984,1,1,50,50848,1851488,-124490,38788,723444,4868,397306,28489,1851488,0.1939697,7.0628662,0
521,1779177352372485508,1,1,50,3552,1851488,-124237,41949,726055,515,399417,25943,1851488,0.0135498,7.0628662,0
522,1779177352377481856,1,1,50,640,1851488,-123957,45105,729141,-3885,399867,23024,1851488,0.0024414,7.0628662,0
523,1779177352382553855,1,1,50,640,1851488,-123347,47143,732049,-8152,401844,23024,1851488,0.0024414,7.0628662,0
524,1779177352387527003,1,1,50,-2432,1851488,-123654,49397,734660,-12372,403825,19962,1851488,-0.0092773,7.0628662,0
525,1779177352392492535,1,1,50,-6288,1851488,-123334,52569,737508,-16681,405019,16101,1851488,-0.0239868,7.0628662,0
526,1779177352397508404,1,1,50,-10176,1851488,-122984,55749,740001,-21115,405006,12212,1851488,-0.0388184,7.0628662,0
527,1779177352402522833,1,1,50,-13840,1851488,-122310,57771,742493,-25590,403212,8549,1851488,-0.0527954,7.0628662,0
528,1779177352407534894,1,1,50,-16912,1851488,-121916,60919,744748,-30037,398126,5478,1851488,-0.0645142,7.0628662,0
529,1779177352412561612,1,1,50,-19760,1851488,-120294,64312,747181,-34409,388095,2625,1851488,-0.0753784,7.0628662,0
530,1779177352417570089,1,1,50,-23040,1851488,-119816,67318,749318,-38636,372675,-671,1851488,-0.0878906,7.0628662,0
531,1779177352422514820,1,1,50,-26272,1851488,-119327,70203,751513,-42602,353460,-3899,1851488,-0.1002197,7.0628662,0
532,1779177352427517473,1,1,50,-29152,1851488,-118808,72996,753531,-46337,331480,-6779,1851488,-0.1112061,7.0628662,0
533,1779177352432501085,1,1,50,-31680,1851488,-117912,75369,756379,-49732,308847,-9311,1851488,-0.1208496,7.0628662,0
534,1779177352437505274,1,1,50,-33952,1851488,-117600,79064,759287,-52805,286088,-11582,1851488,-0.1295166,7.0628662,0
535,1779177352442552472,1,1,50,-36496,1851488,-116989,81524,761542,-55589,265247,-14124,1851488,-0.1392212,7.0628662,0
536,1779177352447537173,1,1,50,-38992,1851488,-116091,82759,763797,-58067,247644,-16614,1851488,-0.1487427,7.0628662,0
537,1779177352452507825,1,1,50,-40960,1851488,-115446,85029,766052,-60296,231979,-18576,1851488,-0.1562500,7.0628662,0
538,1779177352457496141,1,1,50,-42816,1851488,-114773,87211,768426,-62326,215935,-20439,1851488,-0.1633301,7.0628662,0
539,1779177352462523211,1,1,50,-44800,1851488,-114301,89809,770384,-64171,197733,-22429,1851488,-0.1708984,7.0628662,0
540,1779177352467634282,1,1,50,-46992,1851488,-113284,90713,773055,-65834,176739,-24608,1851488,-0.1792603,7.0628662,0
541,1779177352472489347,1,1,50,-48768,1851488,-112561,92560,775844,-67154,155612,-26396,1851488,-0.1860352,7.0628662,0
542,1779177352477635108,1,1,50,-50400,1851488,-111760,94341,778692,-68280,131570,-28025,1851488,-0.1922607,7.0628662,0
543,1779177352482508829,1,1,50,-52000,1851488,-110979,96632,784508,-69452,85128,-29627,1851488,-0.1983643,7.0628662,0
544,1779177352487525883,1,1,50,-52000,1851488,-109882,97059,784508,-69452,85128,-29627,1851488,-0.1983643,7.0628662,0
545,1779177352492488183,1,1,50,-53600,1851488,-109036,98456,787475,-69590,62698,-31218,1851488,-0.2044678,7.0628662,0
546,1779177352497488883,1,1,50,-55808,1851488,-108164,99758,789849,-69527,40610,-33435,1851488,-0.2128906,7.0628662,0
547,1779177352502482000,1,1,50,-57904,1851488,-107265,100918,792222,-69267,19244,-35531,1851488,-0.2208862,7.0628662,0
548,1779177352507512910,1,1,50,-59632,1851488,-106342,101981,794418,-68800,-1778,-37249,1851488,-0.2274780,7.0628662,0
549,1779177352512519306,1,1,50,-61040,1851488,-105163,101846,796198,-68122,-22473,-38660,1851488,-0.2328491,7.0628662,0
550,1779177352517508967,1,1,50,-61872,1851488,-104213,102703,798275,-67209,-43014,-39489,1851488,-0.2360229,7.0628662,0
551,1779177352522505764,1,1,50,-62608,1851488,-103244,103452,800352,-66065,-63746,-40237,1851488,-0.2388306,7.0628662,0
552,1779177352527533729,1,1,50,-63456,1851488,-102249,104088,802607,-64694,-84849,-41074,1851488,-0.2420654,7.0628662,0
553,1779177352532519710,1,1,50,-64368,1851488,-101026,103706,804862,-63124,-106162,-41984,1851488,-0.2455444,7.0628662,0
554,1779177352537515706,1,1,50,-64992,1851488,-99998,104112,807533,-61327,-127941,-42621,1851488,-0.2479248,7.0628662,0
555,1779177352542511479,1,1,50,-65632,1851488,-98956,104414,810262,-59306,-149912,-43259,1851488,-0.2503662,7.0628662,0
556,1779177352547518004,1,1,50,-55952,1851488,-97896,104601,812399,-57064,-171312,-43959,1851488,-0.2134399,7.0628662,0
557,1779177352552532817,1,1,50,-41312,1851488,-96569,103642,814298,-54618,-191217,-44643,1851488,-0.1575928,7.0628662,0
558,1779177352557494829,1,1,50,-22560,1851488,-95490,103646,816137,-52004,-208699,-44930,1851488,-0.0860596,7.0628662,0
559,1779177352562859731,1,1,50,-22800,1851488,-94406,104217,817858,-49016,-224601,-45174,1851488,-0.0869751,7.0628662,0
560,1779177352567540776,1,1,50,-23456,1851488,-93374,104148,819342,-46332,-236298,-45837,1851488,-0.0894775,7.0628662,0
561,1779177352572507108,1,1,50,-24288,1851488,-92249,103942,821181,-43467,-247223,-46664,1851488,-0.0926514,7.0628662,0
562,1779177352577499168,1,1,50,-25088,1851488,-90858,102658,823496,-40586,-257250,-47465,1851488,-0.0957031,7.0628662,0
563,1779177352582494845,1,1,50,-25456,1851488,-89685,102736,825869,-37687,-267074,-47828,1851488,-0.0971069,7.0628662,0
564,1779177352587547707,1,1,50,-25872,1851488,-88498,102353,827768,-34746,-277508,-48249,1851488,-0.0986938,7.0628662,0
565,1779177352592822495,1,1,50,-26336,1851488,-87235,101828,829727,-31627,-288512,-48715,1851488,-0.1004639,7.0628662,0
566,1779177352597578229,1,1,50,-26816,1851488,-86120,101427,831566,-28827,-298992,-49186,1851488,-0.1022949,7.0628662,0
567,1779177352602493488,1,1,50,-27248,1851488,-84704,99905,832872,-25910,-309682,-49629,1851488,-0.1039429,7.0628662,0
568,1779177352607516205,1,1,50,-27280,1851488,-83492,99292,834593,-22876,-319538,-49663,1851488,-0.1040649,7.0628662,0
569,1779177352612494122,1,1,50,-27264,1851488,-82138,98428,836195,-19832,-328062,-49646,1851488,-0.1040039,7.0628662,0
570,1779177352617491302,1,1,50,-27296,1851488,-80931,97756,837857,-16764,-335350,-49674,1851488,-0.1041260,7.0628662,0
571,1779177352622488003,1,1,50,-27440,1851488,-79479,96051,839518,-13711,-341126,-49819,1851488,-0.1046753,7.0628662,0
572,1779177352627515488,1,1,50,-27376,1851488,-78248,95290,841358,-10663,-345019,-49750,1851488,-0.1044312,7.0628662,0
573,1779177352632500349,1,1,50,-27424,1851488,-77187,94819,843079,-7704,-347087,-49796,1851488,-0.1046143,7.0628662,0
574,1779177352637215698,1,1,50,-27728,1851488,-76045,94166,844147,-5008,-347608,-50103,1851488,-0.1057739,7.0628662,0
575,1779177352642503766,1,1,50,-28144,1851488,-74732,93298,845630,-2122,-348571,-50521,1851488,-0.1073608,7.0628662,0
576,1779177352647516532,1,1,50,-28544,1851488,-73500,92526,847055,487,-348687,-50917,1851488,-0.1088867,7.0628662,0
577,1779177352652549041,1,1,50,-28912,1851488,-72024,90765,848063,2973,-349800,-51291,1851488,-0.1102905,7.0628662,0
578,1779177352657498733,1,1,50,-28928,1851488,-70807,89977,849369,5338,-352204,-51305,1851488,-0.1103516,7.0628662,0
579,1779177352662520394,1,1,50,-28928,1851488,-70055,90408,851090,7685,-356074,-51301,1851488,-0.1103516,7.0628662,0
580,1779177352667564328,1,1,50,-29360,1851488,-68797,89534,852692,9988,-361190,-51743,1851488,-0.1119995,7.0628662,0
581,1779177352672501731,1,1,50,-29824,1851488,-67581,88693,853998,12208,-367344,-52195,1851488,-0.1137695,7.0628662,0
582,1779177352677493920,1,1,50,-30064,1851488,-66110,86823,855481,14456,-374596,-52445,1851488,-0.1146851,7.0628662,0
583,1779177352682515805,1,1,50,-29808,1851488,-65025,85365,856965,16772,-381993,-52177,1851488,-0.1137085,7.0628662,0
584,1779177352687538202,1,1,50,-29216,1851488,-63799,84371,858330,19165,-388915,-51588,1851488,-0.1114502,7.0628662,0
585,1779177352692491030,1,1,50,-28720,1851488,-62846,84311,860169,24048,-400364,-51101,1851488,-0.1095581,7.0628662,0
586,1779177352697542164,1,1,50,-28720,1851488,-61374,82289,860169,24048,-400364,-51101,1851488,-0.1095581,7.0628662,0
587,1779177352702548433,1,1,50,-28384,1851488,-59932,80265,861119,26511,-404312,-50760,1851488,-0.1082764,7.0628662,0
588,1779177352707542638,1,1,50,-27904,1851488,-58730,79165,862780,28978,-406623,-50275,1851488,-0.1064453,7.0628662,0
589,1779177352712585451,1,1,50,-27536,1851488,-57714,79066,864501,31441,-407471,-49914,1851488,-0.1050415,7.0628662,0
590,1779177352717494246,1,1,50,-27776,1851488,-56537,77997,865688,33744,-407310,-50153,1851488,-0.1059570,7.0628662,0
591,1779177352722495491,1,1,50,-28176,1851488,-55343,76894,866934,35975,-406957,-50548,1851488,-0.1074829,7.0628662,0
592,1779177352727558849,1,1,50,-28416,1851488,-53903,74837,868299,38128,-406279,-50789,1851488,-0.1083984,7.0628662,0
593,1779177352732516029,1,1,50,-28144,1851488,-53436,74104,869308,40160,-404197,-50520,1851488,-0.1073608,7.0628662,0
594,1779177352737502777,1,1,50,-27712,1851488,-52266,73017,870020,42117,-400646,-50093,1851488,-0.1057129,7.0628662,0
595,1779177352742496726,1,1,50,-27456,1851488,-51110,71967,870436,43953,-396505,-49831,1851488,-0.1047363,7.0628662,0
596,1779177352747525715,1,1,50,-27456,1851488,-49953,70913,871088,45659,-393410,-49828,1851488,-0.1047363,7.0628662,0
597,1779177352752499568,1,1,50,-27552,1851488,-48583,68963,872453,47226,-392170,-49933,1851488,-0.1051025,7.0628662,0
598,1779177352757504140,1,1,50,-27328,1851488,-47448,67909,873877,48743,-392833,-49709,1851488,-0.1042480,7.0628662,0
599,1779177352762504649,1,1,50,-27024,1851488,-46750,69097,875480,50243,-394835,-49392,1851488,-0.1030884,7.0628662,0
600,1779177352767532007,1,1,50,-27600,1851488,-45593,67985,876429,51693,-397804,-49978,1851488,-0.1052856,7.0628662,0
601,1779177352772530979,1,1,50,-28208,1851488,-44228,65984,876429,53086,-400304,-50581,1851488,-0.1076050,7.0628662,0
602,1779177352777490591,1,1,50,-28144,1851488,-43126,64927,876489,54458,-401301,-50519,1851488,-0.1073608,7.0628662,0
603,1779177352782491900,1,1,50,-27776,1851488,-42545,63133,876607,55826,-401290,-50152,1851488,-0.1059570,7.0628662,0
604,1779177352787517337,1,1,50,-26928,1851488,-41460,62035,877023,57204,-400871,-49303,1851488,-0.1027222,7.0628662,0
605,1779177352792489654,1,1,50,-26192,1851488,-40169,60044,877616,58556,-400306,-48562,1851488,-0.0999146,7.0628662,0
606,1779177352797488498,1,1,50,-25440,1851488,-39108,58937,878625,59908,-399465,-47816,1851488,-0.0970459,7.0628662,0
607,1779177352802500143,1,1,50,-24992,1851488,-38059,57844,880049,61236,-398676,-47361,1851488,-0.0953369,7.0628662,0
608,1779177352807555822,1,1,50,-24752,1851488,-37010,56723,881473,62537,-398543,-47124,1851488,-0.0944214,7.0628662,0
609,1779177352812496873,1,1,50,-24640,1851488,-36000,55637,882482,63769,-398917,-47019,1851488,-0.0939941,7.0628662,0
610,1779177352817543943,1,1,50,-24560,1851488,-36692,56730,883194,64995,-399754,-46941,1851488,-0.0936890,7.0628662,0
611,1779177352822574052,1,1,50,-24560,1851488,-35674,55604,883491,66183,-400230,-46941,1851488,-0.0936890,7.0628662,0
612,1779177352827952779,1,1,50,-24768,1851488,-34338,53451,883788,67413,-400163,-47143,1851488,-0.0944824,7.0628662,0
613,1779177352832687425,1,1,50,-24480,1851488,-32822,49062,883906,68452,-397700,-46855,1851488,-0.0933838,7.0628662,0
614,1779177352837522393,1,1,50,-22736,1851488,-31934,48027,883669,69539,-394223,-45109,1851488,-0.0867310,7.0628662,0
615,1779177352843239976,1,1,50,-21184,1851488,-30636,45786,884203,70824,-391912,-43556,1851488,-0.0808105,7.0628662,0
616,1779177352849773323,1,1,50,-19952,1851488,-29860,45851,886873,72892,-387871,-42322,1851488,-0.0761108,7.0628662,0
617,1779177352852583153,1,1,50,-19952,1851488,-29230,44761,886873,72892,-387871,-42322,1851488,-0.0761108,7.0628662,0
618,1779177352857194628,1,1,50,-20144,1851488,-28212,42970,888179,73811,-388393,-42512,1851488,-0.0768433,7.0628662,0
619,1779177352863335774,1,1,50,-19856,1851488,-27327,41739,889010,74994,-390924,-42237,1851488,-0.0757446,7.0628662,0
620,1779177352867895407,1,1,50,-19280,1851488,-26357,39955,888594,75881,-391223,-41654,1851488,-0.0735474,7.0628662,0
621,1779177352872786826,1,1,50,-18384,1851488,-25544,38905,887586,76887,-391521,-40763,1851488,-0.0701294,7.0628662,0
622,1779177352877499743,1,1,50,-17664,1851488,-24781,37909,886992,77859,-391886,-40044,1851488,-0.0673828,7.0628662,0
623,1779177352882494044,1,1,50,-17328,1851488,-24364,36095,886814,78877,-392805,-39697,1851488,-0.0661011,7.0628662,0
624,1779177352887516761,1,1,50,-16592,1851488,-23573,34948,887230,79927,-393773,-38972,1851488,-0.0632935,7.0628662,0
625,1779177352892732667,1,1,50,-15936,1851488,-22766,33743,888298,81047,-395160,-38307,1851488,-0.0607910,7.0628662,0
626,1779177352897497010,1,1,50,-15328,1851488,-22051,32665,890137,82107,-396953,-37701,1851488,-0.0584717,7.0628662,0
627,1779177352902505135,1,1,50,-14848,1851488,-21536,32333,892155,84431,-402318,-37217,1851488,-0.0566406,7.0628662,0
628,1779177352907613647,1,1,50,-14848,1851488,-20564,30278,892155,84431,-402318,-37217,1851488,-0.0566406,7.0628662,0
629,1779177352912323812,1,1,50,-14320,1851488,-20493,29852,892452,85521,-404447,-36695,1851488,-0.0546265,7.0628662,0
630,1779177352917957649,1,1,50,-13792,1851488,-19457,27575,892036,86850,-404210,-36163,1851488,-0.0526123,7.0628662,0
631,1779177352922520995,1,1,50,-12864,1851488,-18847,26565,891265,87953,-400217,-35237,1851488,-0.0490723,7.0628662,0
632,1779177352927529952,1,1,50,-12112,1851488,-18167,25386,890968,89092,-394043,-34489,1851488,-0.0462036,7.0628662,0
633,1779177352932502652,1,1,50,-11664,1851488,-18317,23285,890790,90096,-386524,-34037,1851488,-0.0444946,7.0628662,0
634,1779177352937511897,1,1,50,-10848,1851488,-17688,22191,891087,90988,-377912,-33221,1851488,-0.0413818,7.0628662,0
635,1779177352943245000,1,1,50,-10160,1851488,-16751,20077,892155,91858,-368712,-32543,1851488,-0.0387573,7.0628662,0
636,1779177352947716088,1,1,50,-9360,1851488,-16234,19251,893460,92418,-359421,-31735,1851488,-0.0357056,7.0628662,0
637,1779177352952712276,1,1,50,-8880,1851488,-15651,18282,894529,92898,-352138,-31259,1851488,-0.0338745,7.0628662,0
638,1779177352957753618,1,1,50,-8704,1851488,-15072,17291,895003,93249,-347899,-31082,1851488,-0.0332031,7.0628662,0
639,1779177352962517161,1,1,50,-8592,1851488,-15123,16560,894885,93502,-345630,-30967,1851488,-0.0327759,7.0628662,0
640,1779177352967526822,1,1,50,-8384,1851488,-14588,15616,893935,93720,-343041,-30755,1851488,-0.0319824,7.0628662,0
641,1779177352972493890,1,1,50,-8192,1851488,-14072,14694,892867,93883,-337968,-30569,1851488,-0.0312500,7.0628662,0
642,1779177352977486303,1,1,50,-7888,1851488,-13368,13041,892570,93967,-331034,-30265,1851488,-0.0300903,7.0628662,0
643,1779177352982516636,1,1,50,-7280,1851488,-13362,11267,893223,93971,-324542,-29657,1851488,-0.0277710,7.0628662,0
644,1779177352987533209,1,1,50,-6272,1851488,-12905,10433,894469,93938,-320013,-28648,1851488,-0.0239258,7.0628662,0
645,1779177352992525430,1,1,50,-5440,1851488,-12468,9625,896190,93899,-317749,-27811,1851488,-0.0207520,7.0628662,0
646,1779177352997783929,1,1,50,-4832,1851488,-11817,7957,897199,93869,-317234,-27211,1851488,-0.0184326,7.0628662,0
647,1779177353002544144,1,1,50,-4048,1851488,-11440,7235,897377,93886,-316962,-26422,1851488,-0.0154419,7.0628662,0
648,1779177353007515116,1,1,50,-3760,1851488,-11065,6499,897555,93918,-316147,-26137,1851488,-0.0143433,7.0628662,0
649,1779177353012497960,1,1,50,-3760,1851488,-11851,5931,896962,93959,-313639,-26137,1851488,-0.0143433,7.0628662,0
650,1779177353017598791,1,1,50,-3200,1851488,-11283,4350,895834,93942,-309818,-25582,1851488,-0.0122070,7.0628662,0
651,1779177353022773000,1,1,50,-2208,1851488,-10965,3667,895122,93921,-304475,-24585,1851488,-0.0084229,7.0628662,0
652,1779177353027525886,1,1,50,-1344,1851488,-10719,3186,895478,93871,-298954,-23717,1851488,-0.0051270,7.0628662,0
653,1779177353032503866,1,1,50,-1296,1851488,-11022,767,896665,93737,-294748,-23669,1851488,-0.0049438,7.0628662,0
654,1779177353037506486,1,1,50,-64,1851488,-10553,-692,897852,93625,-291732,-22440,1851488,-0.0002441,7.0628662,0
655,1779177353043246149,1,1,50,1584,1851488,-10290,-1376,898801,93575,-290296,-20796,1851488,0.0060425,7.0628662,0
656,1779177353047531152,1,1,50,2736,1851488,-10178,-1605,899513,93589,-292162,-19632,1851488,0.0104370,7.0628662,0
657,1779177353052504844,1,1,50,3312,-1851504,-10015,-2041,899691,93678,-294297,-19059,1851488,0.0126343,-7.0629272,0
658,1779177353057495144,1,1,50,3664,-1851504,-9594,-3507,899513,93822,-293867,-18707,-1851504,0.0139771,-7.0629272,0
659,1779177353062549190,1,1,50,4288,-1851504,-10208,-4192,898861,93990,-288859,-18091,-1851504,0.0163574,-7.0629272,0
660,1779177353067544386,1,1,50,5040,-1851504,-10083,-4529,897792,94098,-280012,-17339,-1851504,0.0192261,-7.0629272,0
661,1779177353072710019,1,1,50,5376,-1851504,-9967,-4805,897436,94063,-269546,-17000,-1851504,0.0205078,-7.0629272,0
662,1779177353077548411,1,1,50,5648,-1851504,-9881,-4955,897911,93871,-259690,-16731,-1851504,0.0215454,-7.0629272,0
663,1779177353082461014,1,1,50,5568,-1851504,-10329,-5556,898683,93513,-251537,-16812,-1851504,0.0212402,-7.0629272,0
664,1779177353087531540,1,1,50,5840,-1851504,-10257,-5666,899751,93039,-245115,-16529,-1851504,0.0222778,-7.0629272,0
665,1779177353092485679,1,1,50,6304,-1851504,-9905,-6856,900522,92518,-240314,-16070,-1851504,0.0240479,-7.0629272,0
666,1779177353097489804,1,1,50,7008,-1851504,-9854,-6888,900404,91972,-236602,-15364,-1851504,0.0267334,-7.0629272,0
667,1779177353102492552,1,1,50,-37872,-1851504,-9806,-6917,899632,91368,-234293,-15492,-1851504,-0.1444702,-7.0629272,0
668,1779177353107523398,1,1,50,-37456,-1851504,-9767,-6929,898979,90765,-232538,-15087,-1851504,-0.1428833,-7.0629272,0
669,1779177353112504866,1,1,50,-37280,-1851504,-10822,-7581,898623,90170,-230937,-14899,-1851504,-0.1422119,-7.0629272,0
670,1779177353117492798,1,1,50,-37280,1851488,-11130,-6418,898861,89623,-228385,-14899,-1851504,-0.1422119,7.0628662,0
671,1779177353122758273,1,1,50,-37312,-1851504,-10788,-7604,899869,89029,-225359,-14928,1851488,-0.1423340,-7.0629272,0
672,1779177353127554104,1,1,50,-36912,-1851504,-10499,-8674,901353,88447,-223017,-14528,-1851504,-0.1408081,-7.0629272,0
673,1779177353132508436,1,1,50,-36112,-1851504,-11309,-8960,902184,87886,-220829,-13738,-1851504,-0.1377563,-7.0629272,0
674,1779177353137540529,1,1,50,-34496,-1851504,-11316,-8929,902125,87408,-218154,-12121,-1851504,-0.1315918,-7.0629272,0
675,1779177353143234559,1,1,50,-33296,-1851504,-11283,-9042,902125,86925,-213943,-10913,-1851504,-0.1270142,-7.0629272,0
676,1779177353147550058,1,1,50,-32768,-1851504,-11327,-8858,902125,86541,-208834,-10393,-1851504,-0.1250000,-7.0629272,0
677,1779177353152535238,1,1,50,-32688,-1851504,-11333,-8797,902065,86026,-202062,-10311,-1851504,-0.1246948,-7.0629272,0
678,1779177353157640901,1,1,50,-33136,-1851504,-11061,-9792,901828,85364,-194738,-10765,-1851504,-0.1264038,-7.0629272,0
679,1779177353162543423,1,1,50,-33328,615392,-12046,-10250,901234,84610,-186809,-10948,-1851504,-0.1271362,2.3475342,0
680,1779177353167569917,1,1,50,11776,-1851504,-12064,-10129,900819,83745,-178144,-10605,615392,0.0449219,-7.0629272,0
681,1779177353172550905,1,1,50,12512,-1851504,-12085,-9972,901175,82820,-169501,-9868,-1851504,0.0477295,-7.0629272,0
682,1779177353177488627,1,1,50,12752,-1851504,-12096,-9839,901768,81808,-162722,-9617,-1851504,0.0486450,-7.0629272,0
683,1779177353182529201,1,1,50,12576,-1851504,-12863,-10373,902599,80687,-158667,-9801,-1851504,0.0479736,-7.0629272,0
684,1779177353187585135,1,1,50,13152,-1851504,-12648,-11163,903193,79579,-156292,-9230,-1851504,0.0501709,-7.0629272,0
685,1779177353192516010,1,1,50,14048,-1851504,-12675,-11025,902955,78557,-154825,-8333,-1851504,0.0535889,-7.0629272,0
686,1779177353197539047,1,1,50,13504,-1851504,-12696,-10929,902184,77492,-154782,-8869,-1851504,0.0515137,-7.0629272,0
687,1779177353202515971,1,1,50,13808,-1851504,-12715,-10863,901590,76495,-154960,-8563,-1851504,0.0526733,-7.0629272,0
688,1779177353207619490,1,1,50,13856,-1851504,-12727,-10852,901294,75519,-155160,-8525,-1851504,0.0528564,-7.0629272,0
689,1779177353212520476,1,1,50,13696,-1851504,-13498,-11803,901472,74616,-155267,-8676,-1851504,0.0522461,-7.0629272,0
690,1779177353217570489,1,1,50,14576,-1851504,-13540,-11795,902184,73788,-154331,-7806,-1851504,0.0556030,-7.0629272,0
691,1779177353222495348,1,1,50,14592,-1851504,-13585,-11789,903489,73007,-153084,-7787,-1851504,0.0556641,-7.0629272,0
692,1779177353227551346,1,1,50,14704,-1851504,-13433,-12553,904201,72226,-151132,-7674,-1851504,0.0560913,-7.0629272,0
693,1779177353232557615,1,1,50,15104,-1851504,-13965,-12436,903608,71474,-148647,-7265,-1851504,0.0576172,-7.0629272,0
694,1779177353237630701,1,1,50,15568,-1851504,-14025,-12396,903252,70726,-146241,-6805,-1851504,0.0593872,-7.0629272,0
695,1779177353243355739,1,1,50,15568,-1851504,-14077,-12420,903430,69870,-144021,-6805,-1851504,0.0593872,-7.0629272,0
696,1779177353247815402,1,1,50,15456,-1851504,-14177,-12210,903845,69194,-141584,-6923,-1851504,0.0589600,-7.0629272,0
697,1779177353252508927,1,1,50,15024,-1851504,-14277,-12009,904380,68444,-138033,-7344,-1851504,0.0573120,-7.0629272,0
698,1779177353257565885,1,1,50,14080,-1851504,-14152,-12686,904617,67540,-133958,-8297,-1851504,0.0537109,-7.0629272,0
699,1779177353262512216,1,1,50,13600,-1851504,-14812,-13778,904617,66588,-129669,-8777,-1851504,0.0518799,-7.0629272,0
700,1779177353267557846,1,1,50,14880,-1851504,-14955,-13484,905032,65667,-124796,-7494,-1851504,0.0567627,-7.0629272,0
701,1779177353272493553,1,1,50,15792,-1851504,-15105,-13138,905685,64780,-120583,-6581,-1851504,0.0602417,-7.0629272,0
702,1779177353277527758,1,1,50,16496,-1851504,-15248,-12816,906278,63886,-117090,-5882,-1851504,0.0629272,-7.0629272,0
703,1779177353282542283,1,1,50,15552,-1851504,-15691,-12810,906397,62907,-115110,-6826,-1851504,0.0593262,-7.0629272,0
704,1779177353287534951,1,1,50,15120,-1851504,-15837,-12490,906219,61907,-114249,-7257,-1851504,0.0576782,-7.0629272,0
705,1779177353292489667,1,1,50,14912,-1851504,-15754,-13058,906041,60925,-114709,-7468,-1851504,0.0568848,-7.0629272,0
706,1779177353297500415,1,1,50,15152,-1851504,-15892,-12782,905863,59996,-115627,-7224,-1851504,0.0578003,-7.0629272,0
707,1779177353302502140,1,1,50,15408,-1851504,-16028,-12524,906041,59142,-116030,-6961,-1851504,0.0587769,-7.0629272,0
708,1779177353307527801,1,1,50,15472,-1851504,-16156,-12304,906575,58332,-115805,-6909,-1851504,0.0590210,-7.0629272,0
709,1779177353312634648,1,1,50,15280,-1851504,-16509,-12676,907347,57530,-115635,-7098,-1851504,0.0582886,-7.0629272,0
710,1779177353317515794,1,1,50,15360,-1851504,-16649,-12474,908177,56802,-115874,-7009,-1851504,0.0585938,-7.0629272,0
711,1779177353322508590,1,1,50,15344,-1456944,-16788,-12295,908771,56093,-116611,-7027,-1851504,0.0585327,-5.5578003,0
712,1779177353327543179,1,1,50,15216,-1851504,-16934,-12102,908355,55411,-117534,-7156,-1456944,0.0580444,-7.0629272,0
713,1779177353332576649,1,1,50,15040,1851488,-17068,-13621,908237,54761,-118188,-7330,-1851504,0.0573730,7.0628662,0
714,1779177353337501731,1,1,50,15728,1851488,-17226,-13448,908949,54211,-117787,-6651,1851488,0.0599976,7.0628662,0
715,1779177353343209297,1,1,50,16208,1851488,-17390,-13319,909839,53632,-116250,-6165,1851488,0.0618286,7.0628662,0
716,1779177353347536381,1,1,50,16320,-1851504,-17572,-12994,910729,53200,-114234,-6052,1851488,0.0622559,-7.0629272,0
717,1779177353352508249,1,1,50,16048,1851488,-17750,-12731,911323,52668,-112017,-6333,-1851504,0.0612183,7.0628662,0
718,1779177353357513494,1,1,50,15552,1851488,-17716,-13284,911679,52084,-110392,-6828,1851488,0.0593262,7.0628662,0
719,1779177353362507922,1,1,50,15456,-1851504,-18164,-14275,912094,51490,-108865,-6927,1851488,0.0589600,-7.0629272,0
720,1779177353367535727,1,1,50,16144,-1851504,-18385,-13927,912687,50938,-106577,-6235,-1851504,0.0615845,-7.0629272,0
721,1779177353372508491,1,1,50,16608,-1163792,-18616,-13515,912925,50405,-103837,-5767,-1851504,0.0633545,-4.4395142,0
722,1779177353377498855,1,1,50,16576,1851488,-18855,-13053,913044,49841,-101446,-5795,-1163792,0.0632324,7.0628662,0
723,1779177353382510372,1,1,50,16224,1851488,-18981,-12811,913162,49231,-100163,-6148,1851488,0.0618896,7.0628662,0
724,1779177353387524577,1,1,50,15792,1851488,-18966,-13312,913281,48594,-99844,-6578,1851488,0.0602417,7.0628662,0
725,1779177353392498717,1,1,50,15776,1851488,-19216,-12788,913281,47981,-99666,-6599,1851488,0.0601807,7.0628662,0
726,1779177353397503545,1,1,50,15776,1851488,-19467,-12247,913696,47387,-99390,-6599,1851488,0.0601807,7.0628662,0
727,1779177353402499286,1,1,50,15664,1851488,-19719,-11687,914586,46810,-99554,-6707,1851488,0.0597534,7.0628662,0
728,1779177353407536627,1,1,50,15456,1851488,-19970,-11122,915536,46244,-100604,-6927,1851488,0.0589600,7.0628662,0
729,1779177353412210375,1,1,50,15136,1851488,-20050,-12164,916307,45742,-102158,-7246,1851488,0.0577393,7.0628662,0
730,1779177353417513323,1,1,50,15488,1851488,-20318,-11601,917079,45251,-103145,-6888,1851488,0.0590820,7.0628662,0
731,1779177353422502248,1,1,50,15840,1851488,-20577,-11018,917316,44852,-103711,-6528,1851488,0.0604248,7.0628662,0
732,1779177353427531941,1,1,50,15968,1851488,-20835,-10422,917672,44487,-104287,-6405,1851488,0.0609131,7.0628662,0
733,1779177353432502209,1,1,50,15808,1851488,-21399,-8685,918681,44144,-104913,-6568,1851488,0.0603027,7.0628662,0
734,1779177353437421979,1,1,50,15168,1851488,-21502,-9924,919868,43834,-105141,-7214,1851488,0.0578613,7.0628662,0
735,1779177353442631229,1,1,50,15280,1851488,-21462,-10473,920521,43489,-105316,-7096,1851488,0.0582886,7.0628662,0
736,1779177353447546551,1,1,50,15888,1851488,-21734,-9849,921411,43223,-104931,-6484,1851488,0.0606079,7.0628662,0
737,1779177353452505395,1,1,50,16272,1851488,-21997,-9230,922182,42988,-104282,-6105,1851488,0.0620728,7.0628662,0
738,1779177353457507215,1,1,50,16240,1851488,-22246,-8635,922420,42747,-102967,-6129,1851488,0.0619507,7.0628662,0
739,1779177353462531180,1,1,50,15968,1851488,-22412,-10497,923132,42474,-100424,-6405,1851488,0.0609131,7.0628662,0
740,1779177353467538153,1,1,50,16656,1851488,-22659,-9851,923903,42215,-96244,-5727,1851488,0.0635376,7.0628662,0
741,1779177353472506116,1,1,50,17200,1851488,-22896,-9195,924259,41930,-91687,-5182,1851488,0.0656128,7.0628662,0
742,1779177353477533186,1,1,50,17216,1851488,-23119,-8546,925031,41573,-87975,-5160,1851488,0.0656738,7.0628662,0
743,1779177353482502877,1,1,50,16816,1851488,-23239,-8567,926040,41145,-85765,-5552,1851488,0.0641479,7.0628662,0
744,1779177353487532955,1,1,50,16576,1851488,-23458,-7930,926455,40672,-84941,-5806,1851488,0.0632324,7.0628662,0
745,1779177353492518423,1,1,50,16320,1851488,-23665,-7313,927286,40193,-85535,-6049,1851488,0.0622559,7.0628662,0
746,1779177353497515315,1,1,50,16096,1851488,-23857,-6742,928532,39733,-87587,-6277,1851488,0.0614014,7.0628662,0
747,1779177353502520336,1,1,50,15888,1851488,-24040,-6200,929600,39318,-90581,-6492,1851488,0.0606079,7.0628662,0
748,1779177353507527148,1,1,50,15680,1851488,-23959,-6668,930431,38963,-93394,-6689,1851488,0.0598145,7.0628662,0
749,1779177353512516841,1,1,50,15840,1851488,-24242,-7067,931262,38690,-95347,-6536,1851488,0.0604248,7.0628662,0
750,1779177353517501989,1,1,50,16400,1851488,-24415,-6617,931736,38502,-96667,-5971,1851488,0.0625610,7.0628662,0
751,1779177353522505345,1,1,50,16736,1851488,-24576,-6201,932686,38370,-97771,-5645,1851488,0.0638428,7.0628662,0
752,1779177353527521118,1,1,50,16736,1851488,-24727,-5805,934169,38270,-98527,-5633,1851488,0.0638428,7.0628662,0
753,1779177353532509498,1,1,50,16528,1851488,-24860,-7003,935297,38179,-98916,-5843,1851488,0.0630493,7.0628662,0
754,1779177353537502519,1,1,50,16944,1851488,-25018,-6677,937908,38082,-98194,-5432,1851488,0.0646362,7.0628662,0
755,1779177353542541876,1,1,50,16944,1851488,-24951,-7172,937908,38082,-98194,-5432,1851488,0.0646362,7.0628662,0
756,1779177353547534544,1,1,50,17280,1851488,-25100,-6829,938739,38053,-96854,-5092,1851488,0.0659180,7.0628662,0
757,1779177353552496620,1,1,50,17440,1851488,-25239,-6499,939332,38013,-94515,-4943,1851488,0.0665283,7.0628662,0
758,1779177353557500201,1,1,50,17264,1851488,-25368,-6181,940460,37922,-91523,-5117,1851488,0.0658569,7.0628662,0
759,1779177353562504869,1,1,50,16832,1851488,-25467,-6838,941587,37755,-88675,-5544,1851488,0.0642090,7.0628662,0
760,1779177353567530146,1,1,50,16800,1851488,-25406,-7273,942774,37542,-86446,-5577,1851488,0.0640869,7.0628662,0
761,1779177353572515070,1,1,50,17088,1851488,-25551,-6907,944139,37321,-85265,-5287,1851488,0.0651855,7.0628662,0
762,1779177353577499835,1,1,50,17152,1851488,-25688,-6564,945148,37093,-85484,-5228,1851488,0.0654297,7.0628662,0
763,1779177353582511159,1,1,50,16864,1851488,-25838,-8074,945860,36861,-86956,-5509,1851488,0.0643311,7.0628662,0
764,1779177353587540372,1,1,50,17424,1851488,-26007,-7749,947106,36707,-88441,-4956,1851488,0.0664673,7.0628662,0
765,1779177353592541713,1,1,50,17888,1851488,-26180,-7396,948352,36621,-89502,-4493,1851488,0.0682373,7.0628662,0
766,1779177353597508301,1,1,50,17968,1851488,-26136,-7844,949361,36568,-90181,-4415,1851488,0.0685425,7.0628662,0
767,1779177353602570859,1,1,50,18064,1851488,-26296,-7511,950667,36540,-90810,-4306,1851488,0.0689087,7.0628662,0
768,1779177353607538086,1,1,50,17952,1851488,-26452,-7175,951972,36522,-92091,-4424,1851488,0.0684814,7.0628662,0
769,1779177353612512066,1,1,50,17616,1851488,-26513,-7758,953218,36511,-93777,-4757,1851488,0.0671997,7.0628662,0
770,1779177353617504959,1,1,50,17664,1851488,-26692,-7415,955177,36541,-94919,-4707,1851488,0.0673828,7.0628662,0
771,1779177353622512155,1,1,50,17744,1851488,-26862,-7092,956957,36603,-95470,-4633,1851488,0.0676880,7.0628662,0
772,1779177353627565561,1,1,50,17632,1851488,-27025,-6778,958262,36670,-95810,-4738,1851488,0.0672607,7.0628662,0
773,1779177353632505268,1,1,50,17360,1851488,-26985,-9135,959687,36727,-95717,-5015,1851488,0.0662231,7.0628662,0
774,1779177353637501488,1,1,50,18320,1851488,-27180,-8799,960814,36847,-93616,-4050,1851488,0.0698853,7.0628662,0
775,1779177353642505549,1,1,50,19040,1851488,-27372,-8433,961408,36973,-89866,-3331,1851488,0.0726318,7.0628662,0
776,1779177353647527626,1,1,50,19104,1851488,-27557,-8051,962832,37031,-85638,-3276,1851488,0.0728760,7.0628662,0
777,1779177353652498886,1,1,50,18672,1851488,-27734,-7659,964553,36983,-82106,-3707,1851488,0.0712280,7.0628662,0
778,1779177353657505154,1,1,50,18016,1851488,-27695,-8059,965918,36830,-80028,-4352,1851488,0.0687256,7.0628662,0
779,1779177353662510655,1,1,50,17776,1851488,-27905,-8038,967461,36632,-79481,-4599,1851488,0.0678101,7.0628662,0
780,1779177353667531260,1,1,50,17840,1851488,-28083,-7633,968707,36438,-80250,-4532,1851488,0.0680542,7.0628662,0
781,1779177353672501112,1,1,50,17792,1851488,-28258,-7227,969716,36267,-81923,-4586,1851488,0.0678711,7.0628662,0
782,1779177353677500660,1,1,50,17536,1851488,-28427,-6829,971258,36122,-83798,-4839,1851488,0.0668945,7.0628662,0
783,1779177353682511249,1,1,50,17216,1851488,-28703,-8154,972801,36002,-85371,-5158,1851488,0.0656738,7.0628662,0
784,1779177353687531534,1,1,50,17792,1851488,-28678,-8587,974285,35959,-86235,-4584,1851488,0.0678711,7.0628662,0
785,1779177353692501482,1,1,50,18640,1851488,-28868,-8205,976125,35996,-87122,-3736,1851488,0.0711060,7.0628662,0
786,1779177353697508806,1,1,50,19024,1851488,-29049,-7846,977964,36081,-88779,-3350,1851488,0.0725708,7.0628662,0
787,1779177353702505731,1,1,50,18896,1851488,-29226,-7485,979566,36190,-91039,-3479,1851488,0.0720825,7.0628662,0
788,1779177353707532736,1,1,50,18480,1851488,-29397,-7138,981465,36318,-93215,-3890,1851488,0.0704956,7.0628662,0
789,1779177353712511708,1,1,50,18064,1851488,-29644,-8273,983186,36459,-94754,-4318,1851488,0.0689087,7.0628662,0
790,1779177353717115887,1,1,50,18496,1851488,-29822,-7908,984670,36644,-94696,-3873,1851488,0.0705566,7.0628662,0
791,1779177353722509781,1,1,50,18864,1851488,-29993,-7580,985975,36882,-92339,-3505,1851488,0.0719604,7.0628662,0
792,1779177353727563315,1,1,50,18864,1851488,-30152,-7233,986925,37053,-88888,-3514,1851488,0.0719604,7.0628662,0
793,1779177353732509358,1,1,50,18480,1851488,-30415,-7761,988468,37126,-84952,-3889,1851488,0.0704956,7.0628662,0
794,1779177353737506442,1,1,50,18416,1851488,-30587,-7359,990367,37122,-81123,-3961,1851488,0.0702515,7.0628662,0
795,1779177353742509191,1,1,50,18208,1851488,-30755,-6939,992147,37035,-78472,-4161,1851488,0.0694580,7.0628662,0
796,1779177353747545956,1,1,50,17840,1851488,-30915,-6517,993690,36878,-77653,-4536,1851488,0.0680542,7.0628662,0
797,1779177353752653923,1,1,50,17408,1851488,-31066,-6113,994936,36682,-78692,-4971,1851488,0.0664062,7.0628662,0
798,1779177353757580990,1,1,50,17408,1851488,-31004,-6511,996004,36523,-80682,-4971,1851488,0.0664062,7.0628662,0
799,1779177353762643292,1,1,50,17392,1851488,-31436,-7179,997547,36408,-82689,-4991,1851488,0.0663452,7.0628662,0
800,1779177353767550230,1,1,50,17856,1851488,-31593,-6799,999565,36377,-83710,-4518,1851488,0.0681152,7.0628662,0
801,1779177353772510930,1,1,50,18048,1851488,-31750,-6396,1001523,36385,-84332,-4320,1851488,0.0688477,7.0628662,0
802,1779177353777547439,1,1,50,17904,1851488,-31896,-6023,1003481,36401,-85787,-4472,1851488,0.0682983,7.0628662,0
803,1779177353782517579,1,1,50,17568,1851488,-32104,-7308,1005499,36428,-88625,-4815,1851488,0.0670166,7.0628662,0
804,1779177353787541448,1,1,50,18064,1851488,-32269,-6973,1007161,36550,-91553,-4304,1851488,0.0689087,7.0628662,0
805,1779177353792552613,1,1,50,18496,1851488,-32431,-6633,1008882,36759,-93686,-3885,1851488,0.0705566,7.0628662,0
806,1779177353797506752,1,1,50,18544,1851488,-32587,-6289,1010425,37008,-94170,-3832,1851488,0.0707397,7.0628662,0
807,1779177353802508893,1,1,50,18288,1851488,-32734,-5944,1011730,37246,-92537,-4089,1851488,0.0697632,7.0628662,0
808,1779177353807523513,1,1,50,17840,1851488,-32666,-6392,1013036,37418,-89188,-4535,1851488,0.0680542,7.0628662,0
809,1779177353812514774,1,1,50,17696,1851488,-33126,-8111,1014519,37510,-84725,-4685,1851488,0.0675049,7.0628662,0
810,1779177353817508082,1,1,50,18656,1851488,-33511,-6892,1017902,37542,-74813,-3719,1851488,0.0711670,7.0628662,0
811,1779177353822579920,1,1,50,18656,1851488,-33460,-7272,1017902,37542,-74813,-3719,1851488,0.0711670,7.0628662,0
812,1779177353827788754,1,1,50,18656,1851488,-33612,-6851,1019801,37416,-72152,-3724,1851488,0.0711670,7.0628662,0
813,1779177353832516136,1,1,50,18400,1851488,-33883,-7408,1020988,37242,-72063,-3979,1851488,0.0701904,7.0628662,0
814,1779177353837532037,1,1,50,-26240,1851488,-34048,-6975,1022234,37074,-73673,-3859,1851488,-0.1000977,7.0628662,0
815,1779177353842516161,1,1,50,-26208,1851488,-34210,-6538,1023658,36951,-76187,-3834,1851488,-0.0999756,7.0628662,0
816,1779177353847658721,1,1,50,18400,1851488,-34353,-6160,1025735,36877,-78418,-3975,1851488,0.0701904,7.0628662,0
817,1779177353852508921,1,1,50,18096,1851488,-34502,-5731,1028049,36840,-80018,-4280,1851488,0.0690308,7.0628662,0
818,1779177353857511030,1,1,50,-27024,1851488,-34635,-5349,1030067,36816,-81809,-4652,1851488,-0.1030884,7.0628662,0
819,1779177353862659030,1,1,50,17360,1851488,-34953,-6542,1032203,36810,-84634,-5023,1851488,0.0662231,7.0628662,0
820,1779177353867552720,1,1,50,-5280,1851488,-35110,-6174,1034162,36905,-87607,-4433,1851488,-0.0201416,7.0628662,0
821,1779177353872513131,1,1,50,18432,1851488,-35260,-5819,1035586,37095,-90046,-3939,1851488,0.0703125,7.0628662,0
822,1779177353877512712,1,1,50,18528,1851488,-35401,-5472,1037188,37340,-91297,-3854,1851488,0.0706787,7.0628662,0
823,1779177353882656136,1,1,50,18272,1851488,-35405,-6940,1038612,37596,-90647,-4097,1851488,0.0697021,7.0628662,0
824,1779177353887572194,1,1,50,18784,1851488,-35358,-7370,1039977,37856,-87369,-3599,1851488,0.0716553,7.0628662,0
825,1779177353892513565,1,1,50,19424,1851488,-35508,-6995,1041639,38089,-82428,-2949,1851488,0.0740967,7.0628662,0
826,1779177353897507098,1,1,50,19488,1851488,-35656,-6572,1043004,38223,-77590,-2889,1851488,0.0743408,7.0628662,0
827,1779177353902508918,1,1,50,19056,1851488,-35795,-6133,1044546,38228,-74014,-3321,1851488,0.0726929,7.0628662,0
828,1779177353907543540,1,1,50,18400,1851488,-35920,-5711,1046386,38121,-72195,-3970,1851488,0.0701904,7.0628662,0
829,1779177353912518415,1,1,50,17760,1851488,-36377,-5936,1047573,37942,-72341,-4619,1851488,0.0677490,7.0628662,0
830,1779177353917516716,1,1,50,17712,1851488,-36510,-5496,1048404,37770,-73953,-4656,1851488,0.0675659,7.0628662,0
831,1779177353922512712,1,1,50,17744,1851488,-36630,-5091,1049828,37644,-76477,-4637,1851488,0.0676880,7.0628662,0
832,1779177353927558406,1,1,50,17600,1851488,-36747,-4675,1051608,37568,-79010,-4777,1851488,0.0671387,7.0628662,0
833,1779177353932517793,1,1,50,17376,1851488,-36781,-5542,1053863,37540,-81009,-5007,1851488,0.0662842,7.0628662,0
834,1779177353937511102,1,1,50,17696,1851488,-36912,-5146,1055940,37581,-82445,-4673,1851488,0.0675049,7.0628662,0
835,1779177353942509562,1,1,50,17904,1851488,-37030,-4775,1057958,37671,-84062,-4467,1851488,0.0682983,7.0628662,0
836,1779177353947552056,1,1,50,17808,1851488,-37141,-4408,1059797,37790,-86249,-4564,1851488,0.0679321,7.0628662,0
837,1779177353952514195,1,1,50,17520,1851488,-37246,-4047,1060925,37932,-88751,-4861,1851488,0.0668335,7.0628662,0
838,1779177353957698900,1,1,50,17152,1851488,-37138,-4515,1062053,38133,-90311,-5220,1851488,0.0654297,7.0628662,0
839,1779177353962810484,1,1,50,17200,1851488,-37560,-5833,1063477,38340,-90166,-5176,1851488,0.0656128,7.0628662,0
840,1779177353967590091,1,1,50,18192,1851488,-37694,-5446,1065020,38591,-87386,-4185,1851488,0.0693970,7.0628662,0
841,1779177353972511045,1,1,50,18784,1851488,-37816,-5054,1066741,38827,-83227,-3592,1851488,0.0716553,7.0628662,0
842,1779177353977511426,1,1,50,18688,1851488,-37924,-4667,1068224,38970,-79126,-3686,1851488,0.0712891,7.0628662,0
843,1779177353982514750,1,1,50,18112,1851488,-37872,-4773,1069292,38986,-76268,-4262,1851488,0.0690918,7.0628662,0
844,1779177353987545499,1,1,50,17664,1851488,-37978,-4350,1070538,38914,-75070,-4718,1851488,0.0673828,7.0628662,0
845,1779177353992533304,1,1,50,17280,1851488,-38071,-3945,1071547,38797,-75405,-5098,1851488,0.0659180,7.0628662,0
846,1779177353997510068,1,1,50,16928,1851488,-38163,-3517,1072378,38672,-76613,-5440,1851488,0.0645752,7.0628662,0
847,1779177354002516016,1,1,50,16640,1851488,-38239,-3122,1073862,38559,-78021,-5742,1851488,0.0634766,7.0628662,0
848,1779177354007545901,1,1,50,16336,1851488,-38307,-2734,1075583,38464,-79233,-6044,1851488,0.0623169,7.0628662,0
849,1779177354012524873,1,1,50,16016,1851488,-38402,-4302,1077660,38383,-80219,-6353,1851488,0.0610962,7.0628662,0
850,1779177354017666760,1,1,50,16800,1851488,-38494,-3926,1079796,38384,-80801,-5573,1851488,0.0640869,7.0628662,0
851,1779177354022531393,1,1,50,17392,1851488,-38580,-3542,1081517,38440,-81973,-4983,1851488,0.0663452,7.0628662,0
852,1779177354027785764,1,1,50,-27312,1851488,-38652,-3188,1082822,38531,-84216,-4929,1851488,-0.1041870,7.0628662,0
853,1779177354032569371,1,1,50,17168,1851488,-38724,-2820,1083653,38642,-86944,-5202,1851488,0.0654907,7.0628662,0
854,1779177354037515509,1,1,50,16784,1851488,-38785,-2469,1084543,38788,-89038,-5588,1851488,0.0640259,7.0628662,0
855,1779177354042594996,1,1,50,16448,1851488,-38768,-4028,1086146,38959,-89657,-5921,1851488,0.0627441,7.0628662,0
856,1779177354047560367,1,1,50,-27568,1851488,-38854,-3679,1087926,39187,-88007,-5199,1851488,-0.1051636,7.0628662,0
857,1779177354052520778,1,1,50,-27056,1851488,-38932,-3311,1089528,39411,-85197,-4676,1851488,-0.1032104,7.0628662,0
858,1779177354057519398,1,1,50,-27072,1851488,-38996,-2952,1090774,39571,-82909,-4703,1851488,-0.1032715,7.0628662,0
859,1779177354062531971,1,1,50,-27536,1851488,-39328,-2274,1091546,39649,-82440,-5152,1851488,-0.1050415,7.0628662,0
860,1779177354068077709,1,1,50,-28080,1851488,-39166,-2740,1092495,39683,-83878,-5704,1851488,-0.1071167,7.0628662,0
861,1779177354072607485,1,1,50,-28144,1851488,-39228,-2362,1093089,39735,-85794,-5773,1851488,-0.1073608,7.0628662,0
862,1779177354078139622,1,1,50,-28160,1851488,-39259,-2052,1094513,39846,-87527,-5782,1851488,-0.1074219,7.0628662,0
863,1779177354082968254,1,1,50,-28256,1851488,-39296,-1710,1096174,39979,-88272,-5880,1851488,-0.1077881,7.0628662,0
864,1779177354087792342,1,1,50,-28512,1851488,-39572,-1568,1097836,40106,-88873,-6130,1851488,-0.1087646,7.0628662,0
865,1779177354092549804,1,1,50,-28560,1851488,-39618,-1230,1099498,40240,-89815,-6189,1851488,-0.1089478,7.0628662,0
866,1779177354097523720,1,1,50,-28704,1851488,-39650,-913,1101041,40391,-91543,-6329,1851488,-0.1094971,7.0628662,0
867,1779177354102521796,1,1,50,-28928,1851488,-39674,-604,1102168,40563,-93938,-6557,1851488,-0.1103516,7.0628662,0
868,1779177354107549921,1,1,50,-29120,1851488,-39691,-300,1103118,40773,-96426,-6748,1851488,-0.1110840,7.0628662,0
869,1779177354112528893,1,1,50,-29280,1851488,-39699,-2288,1103830,41019,-98217,-6901,1851488,-0.1116943,7.0628662,0
870,1779177354117234833,1,1,50,-28240,1851488,-39555,-2752,1105194,41284,-98590,-5856,1851488,-0.1077271,7.0628662,0
871,1779177354122569526,1,1,50,-27104,1851488,-39571,-2489,1107153,41744,-95868,-4734,1851488,-0.1033936,7.0628662,0
872,1779177354127662932,1,1,50,-26704,1851488,-39772,-1404,1109111,42140,-92637,-4330,1851488,-0.1018677,7.0628662,0
873,1779177354132522061,1,1,50,-27296,-1851504,-39782,-1079,1110476,42403,-90607,-4923,1851488,-0.1041260,-7.0629272,0
874,1779177354137519561,1,1,50,16672,-1851504,-39779,-763,1111247,42571,-90642,-5703,-1851504,0.0635986,-7.0629272,0
875,1779177354142526790,1,1,50,16112,-1851504,-39983,-2406,1111663,42697,-92561,-6268,-1851504,0.0614624,-7.0629272,0
876,1779177354147541122,1,1,50,16912,-1851504,-40202,-1335,1112197,42917,-94311,-5463,-1851504,0.0645142,-7.0629272,0
877,1779177354152520446,1,1,50,17408,-1851504,-40216,-1034,1113502,43203,-95109,-4962,-1851504,0.0664062,-7.0629272,0
878,1779177354157517978,1,1,50,-27312,-1851504,-40219,-739,1115401,43505,-94951,-4942,-1851504,-0.1041870,-7.0629272,0
879,1779177354162528406,1,1,50,-27600,-1851504,-40231,-1477,1117300,43782,-94654,-5222,-1851504,-0.1052856,-7.0629272,0
880,1779177354167769497,1,1,50,-27392,-1851504,-40230,-1193,1118606,44073,-94857,-5013,-1851504,-0.1044922,-7.0629272,0
881,1779177354172520783,1,1,50,-27184,-1851504,-40233,-893,1120030,44350,-96003,-4811,-1851504,-0.1036987,-7.0629272,0
882,1779177354177637774,1,1,50,-27216,-1851504,-40214,-630,1121217,44667,-97393,-4847,-1851504,-0.1038208,-7.0629272,0
883,1779177354182286817,1,1,50,-27408,-1851504,-40022,-1085,1122048,44974,-98002,-5025,-1851504,-0.1045532,-7.0629272,0
884,1779177354187675943,1,1,50,-27344,-1851504,-40160,-74,1123294,45329,-97240,-4971,-1851504,-0.1043091,-7.0629272,0
885,1779177354192551872,1,1,50,-27664,-1851504,-40126,231,1124659,45606,-95723,-5285,-1851504,-0.1055298,-7.0629272,0
886,1779177354197779778,1,1,50,-28048,-1851504,-40336,-1102,1126439,45838,-93613,-5669,-1851504,-0.1069946,-7.0629272,0
887,1779177354202548184,1,1,50,-27440,-1851504,-40556,7,1128338,46041,-90315,-5066,-1851504,-0.1046753,-7.0629272,0
888,1779177354207548981,1,1,50,-27248,-1851504,-40535,318,1129525,46192,-87156,-4867,-1851504,-0.1039429,-7.0629272,0
889,1779177354213026141,1,1,50,-27472,-1851504,-39975,-115,1130296,46261,-85340,-5091,-1851504,-0.1047974,-7.0629272,0
890,1779177354217534861,1,1,50,-27616,-1851504,-39967,261,1130415,46271,-85404,-5240,-1851504,-0.1053467,-7.0629272,0
891,1779177354222532617,1,1,50,-27792,-1851504,-39734,-173,1131008,46272,-86652,-5423,-1851504,-0.1060181,-7.0629272,0
892,1779177354227566182,1,1,50,-27712,-1851504,-39688,155,1132611,46313,-87359,-5333,-1851504,-0.1057129,-7.0629272,0
893,1779177354232528449,1,1,50,-27648,-1851504,-39633,480,1134569,46377,-86491,-5264,-1851504,-0.1054688,-7.0629272,0
894,1779177354237516701,1,1,50,-27744,-1851504,-39754,1567,1136349,46419,-84604,-5365,-1851504,-0.1058350,-7.0629272,0
895,1779177354242530361,1,1,50,-28256,-1851504,-39688,1091,1137714,46387,-83239,-5879,-1851504,-0.1077881,-7.0629272,0
896,1779177354247547158,1,1,50,-28320,-1851504,-39626,1423,1138901,46325,-82787,-5941,-1851504,-0.1080322,-7.0629272,0
897,1779177354252934044,1,1,50,-28304,-1851504,-39530,1700,1139851,46253,-82970,-5934,-1851504,-0.1079712,-7.0629272,0
898,1779177354257592432,1,1,50,-28384,-1851504,-39470,2059,1140681,46195,-82423,-6000,-1851504,-0.1082764,-7.0629272,0
899,1779177354262667022,1,1,50,16256,1851488,-39118,1348,1142106,46117,-80997,-6126,-1851504,0.0620117,7.0628662,0
900,1779177354267562951,1,1,50,16496,1851488,-39049,1686,1143708,46034,-77969,-5878,1851488,0.0629272,7.0628662,0
901,1779177354272534691,1,1,50,16592,1851488,-38963,2018,1145429,45895,-74312,-5785,1851488,0.0632935,7.0628662,0
902,1779177354277518143,1,1,50,16400,1851488,-38864,2343,1146853,45671,-71349,-5971,1851488,0.0625610,7.0628662,0
903,1779177354282520859,1,1,50,-368,1851488,-38763,2701,1147684,45363,-69928,-6351,1851488,-0.0014038,7.0628662,0
904,1779177354287536311,1,1,50,15680,1851488,-38644,3017,1148099,45011,-69961,-6693,1851488,0.0598145,7.0628662,0
905,1779177354292627446,1,1,50,-19120,1851488,-38451,2951,1148158,44648,-70991,-6946,1851488,-0.0729370,7.0628662,0
906,1779177354297526319,1,1,50,15424,1851488,-38335,3257,1148989,44336,-72084,-6951,1851488,0.0588379,7.0628662,0
907,1779177354302566829,1,1,50,15408,1851488,-38206,3557,1150710,44053,-72966,-6965,1851488,0.0587769,7.0628662,0
908,1779177354307642123,1,1,50,15344,1851488,-38061,3826,1152668,43798,-73410,-7034,1851488,0.0585327,7.0628662,0
909,1779177354312614790,1,1,50,-29568,-1525264,-38253,5239,1154211,43560,-73673,-7191,1851488,-0.1127930,-5.8184204,0
910,1779177354317526656,1,1,50,14560,-1851504,-37931,4872,1155102,43300,-74823,-7813,-1525264,0.0555420,-7.0629272,0
911,1779177354322521980,1,1,50,-30512,-1320176,-37950,5743,1155873,43050,-77080,-8137,-1851504,-0.1163940,-5.0360718,0
912,1779177354327535801,1,1,50,13952,-1851504,-37783,5959,1156644,42842,-79871,-8416,-1320176,0.0532227,-7.0629272,0
913,1779177354332515156,1,1,50,-30944,1574512,-37613,6168,1157772,42697,-82322,-8572,-1851504,-0.1180420,6.0062866,0
914,1779177354337515601,1,1,50,-30992,-1851504,-37268,5748,1159493,42614,-84025,-8614,1574512,-0.1182251,-7.0629272,0
915,1779177354342654512,1,1,50,-30816,-1851504,-36732,3824,1161095,42588,-84615,-8446,-1851504,-0.1175537,-7.0629272,0
916,1779177354347575115,1,1,50,-29712,-1851504,-36582,4017,1162460,42652,-83302,-7340,-1851504,-0.1133423,-7.0629272,0
917,1779177354352662857,1,1,50,-29008,-1851504,-36419,4214,1163588,42737,-81655,-6633,-1851504,-0.1106567,-7.0629272,0
918,1779177354357553730,1,1,50,-28896,-1851504,-36259,4426,1163884,42788,-81063,-6523,-1851504,-0.1102295,-7.0629272,0
919,1779177354362562591,1,1,50,-29152,-1851504,-36168,3904,1163825,42807,-82075,-6774,-1851504,-0.1112061,-7.0629272,0
920,1779177354367543194,1,1,50,-29056,-1851504,-36156,4686,1163884,42856,-83917,-6680,-1851504,-0.1108398,-7.0629272,0
921,1779177354372520438,1,1,50,-29120,-1851504,-35991,4867,1164893,42942,-85941,-6751,-1851504,-0.1110840,-7.0629272,0
922,1779177354377520402,1,1,50,-29264,-1851504,-35817,5033,1166614,43068,-87184,-6893,-1851504,-0.1116333,-7.0629272,0
923,1779177354382522543,1,1,50,-29376,-1851504,-35637,5200,1168394,43215,-87252,-7005,-1851504,-0.1120605,-7.0629272,0
924,1779177354387547275,1,1,50,15296,-1851504,-35447,5356,1169344,43358,-86998,-7080,-1851504,0.0583496,-7.0629272,0
925,1779177354392526631,1,1,50,-29600,-1851504,-35563,4218,1169581,43480,-87609,-7225,-1851504,-0.1129150,-7.0629272,0
926,1779177354397542948,1,1,50,-28816,-1851504,-35406,4362,1169759,43666,-88740,-6435,-1851504,-0.1099243,-7.0629272,0
927,1779177354402752581,1,1,50,-28176,-1851504,-35241,4524,1170412,43926,-90080,-5805,-1851504,-0.1074829,-7.0629272,0
928,1779177354407658879,1,1,50,-27968,-1851504,-35077,4662,1171658,44211,-90949,-5589,-1851504,-0.1066895,-7.0629272,0
929,1779177354412738685,1,1,50,16656,1851488,-34720,4501,1173438,44513,-90889,-5713,-1851504,0.0635376,7.0628662,0
930,1779177354417538580,1,1,50,-28128,-1851504,-34569,4686,1174388,44789,-89542,-5746,1851488,-0.1072998,-7.0629272,0
931,1779177354422677556,1,1,50,16544,-1851504,-34387,4838,1174685,45038,-88164,-5836,-1851504,0.0631104,-7.0629272,0
932,1779177354427587278,1,1,50,16368,-1851504,-34218,5029,1174566,45225,-88147,-6005,-1851504,0.0624390,-7.0629272,0
933,1779177354432851313,1,1,50,16256,-1851504,-34016,5172,1174447,45412,-89683,-6117,-1851504,0.0620117,-7.0629272,0
934,1779177354437532133,1,1,50,-28560,1851488,-33848,5355,1174566,45601,-91880,-6190,-1851504,-0.1089478,7.0628662,0
935,1779177354442819464,1,1,50,1440,-1851504,-33661,4243,1174744,45858,-94159,-6245,1851488,0.0054932,-7.0629272,0
936,1779177354447687265,1,1,50,16816,1851488,-33501,4391,1175337,46184,-95155,-5559,-1851504,0.0641479,7.0628662,0
937,1779177354452547866,1,1,50,17376,-1851504,-33339,4555,1177296,46948,-95536,-4992,1851488,0.0662842,-7.0629272,0
938,1779177354457620120,1,1,50,17376,1851488,-33003,4071,1177296,46948,-95536,-4992,-1851504,0.0662842,7.0628662,0
939,1779177354462580435,1,1,50,17488,-1851504,-33079,5216,1177592,47322,-96527,-4889,1851488,0.0667114,-7.0629272,0
940,1779177354467629456,1,1,50,17344,203264,-32725,4720,1177058,47708,-98251,-5032,-1851504,0.0661621,0.7753906,0
941,1779177354472667854,1,1,50,-27408,1851488,-32533,4844,1176168,48119,-99701,-5036,203264,-0.1045532,7.0628662,0
942,1779177354477592072,1,1,50,17392,-1851504,-32343,4979,1175693,48542,-99879,-4985,1851488,0.0663452,-7.0629272,0
943,1779177354482612805,1,1,50,-27312,1851488,-32355,5009,1176049,48968,-98676,-4940,-1851504,-0.1041870,7.0628662,0
944,1779177354487665922,1,1,50,17648,-1851504,-31998,4522,1177236,49373,-96300,-4731,1851488,0.0673218,-7.0629272,0
945,1779177354492649662,1,1,50,-26880,-1851504,-31949,5271,1178304,49724,-93517,-4507,-1851504,-0.1025391,-7.0629272,0
946,1779177354497526711,1,1,50,17760,1851488,-31745,5426,1178660,49988,-91612,-4608,-1851504,0.0677490,7.0628662,0
947,1779177354502538963,1,1,50,-27232,1851488,-31525,5564,1177770,50187,-91458,-4860,1851488,-0.1038818,7.0628662,0
948,1779177354507562480,1,1,50,-27472,1851488,-31299,5697,1176762,50359,-93175,-5094,1851488,-0.1047974,7.0628662,0
949,1779177354512633038,1,1,50,-27536,1851488,-31129,4351,1175871,50559,-95719,-5162,1851488,-0.1050415,7.0628662,0
950,1779177354517517479,1,1,50,-26720,1851488,-30935,4466,1175100,50854,-96939,-4340,1851488,-0.1019287,7.0628662,0
951,1779177354522578597,1,1,50,-26080,1851488,-30717,4547,1174566,51219,-96317,-3702,1851488,-0.0994873,7.0628662,0
952,1779177354527570113,1,1,50,-25888,1851488,-30501,4650,1173735,51564,-94733,-3518,1851488,-0.0987549,7.0628662,0
953,1779177354532578526,1,1,50,-25984,1851488,-30540,4412,1173201,51855,-93478,-3600,1851488,-0.0991211,7.0628662,0
954,1779177354537589402,1,1,50,18880,1851488,-30185,3946,1173320,52115,-93070,-3495,1851488,0.0720215,7.0628662,0
955,1779177354543088547,1,1,50,19104,1851488,-30066,4511,1170709,52389,-93141,-3276,1851488,0.0728760,7.0628662,0
956,1779177354547466799,1,1,50,19120,1851488,-29884,4625,1166436,52590,-93521,-3253,1851488,0.0729370,7.0628662,0
957,1779177354552543917,1,1,50,-16800,1851488,-29648,4675,1158721,52791,-93577,-3389,1851488,-0.0640869,7.0628662,0
958,1779177354557548266,1,1,50,-25952,1851488,-29405,4693,1151363,52948,-93305,-3573,1851488,-0.0989990,7.0628662,0
959,1779177354562553062,1,1,50,-26128,1851488,-29461,3009,1141156,53049,-92869,-3744,1851488,-0.0996704,7.0628662,0
960,1779177354567576675,1,1,50,-25264,1851488,-29253,3031,1134035,53172,-92167,-2894,1851488,-0.0963745,7.0628662,0
961,1779177354572546846,1,1,50,20128,1851488,-29047,3060,1132017,53310,-92001,-2240,1851488,0.0767822,7.0628662,0
962,1779177354577522074,1,1,50,-24352,1851488,-28834,3070,1135519,53469,-92488,-1978,1851488,-0.0928955,7.0628662,0
963,1779177354582540694,1,1,50,-24352,1851488,-28610,3048,1141334,53654,-93163,-1968,1851488,-0.0928955,7.0628662,0
964,1779177354587543539,1,1,50,20272,1851488,-28392,3054,1148515,53863,-93576,-2100,1851488,0.0773315,7.0628662,0
965,1779177354592527663,1,1,50,-24576,1851488,-28743,2002,1156644,54093,-93199,-2197,1851488,-0.0937500,7.0628662,0
966,1779177354597561036,1,1,50,-23888,1851488,-28430,1542,1162994,54330,-91411,-1519,1851488,-0.0911255,7.0628662,0
967,1779177354602610729,1,1,50,-23216,1851488,-28341,1980,1165783,54620,-87754,-836,1851488,-0.0885620,7.0628662,0
968,1779177354607563812,1,1,50,-23168,1851488,-28142,1994,1166199,54817,-84993,-786,1851488,-0.0883789,7.0628662,0
969,1779177354612579041,1,1,50,21312,1851488,-28168,2071,1164834,54924,-84184,-1069,1851488,0.0812988,7.0628662,0
970,1779177354617506811,1,1,50,-23744,1851488,-27970,2097,1160561,54994,-85200,-1361,1851488,-0.0905762,7.0628662,0
971,1779177354622537784,1,1,50,-23936,1851488,-27765,2105,1154686,55049,-87680,-1564,1851488,-0.0913086,7.0628662,0
972,1779177354627632438,1,1,50,-24032,1851488,-27552,2077,1145666,55111,-91055,-1648,1851488,-0.0916748,7.0628662,0
973,1779177354632539504,1,1,50,-24096,1851488,-27354,2065,1135993,55208,-94634,-1716,1851488,-0.0919189,7.0628662,0
974,1779177354637513900,1,1,50,20592,1851488,-27153,2037,1125964,55344,-97782,-1786,1851488,0.0785522,7.0628662,0
975,1779177354642558153,1,1,50,20560,1851488,-27345,-568,1122166,55532,-100134,-1816,1851488,0.0784302,7.0628662,0
976,1779177354647549285,1,1,50,21968,1851488,-27199,-608,1124599,55865,-100741,-415,1851488,0.0838013,7.0628662,0
977,1779177354652534305,1,1,50,23088,1851488,-27049,-656,1126439,56282,-100155,727,1851488,0.0880737,7.0628662,0
978,1779177354657508317,1,1,50,23488,1851488,-26899,-689,1125490,56695,-98883,1120,1851488,0.0895996,7.0628662,0
979,1779177354662521273,1,1,50,23328,1851488,-27040,-1800,1123353,57051,-96861,969,1851488,0.0889893,7.0628662,0
980,1779177354667537430,1,1,50,23616,1851488,-26910,-1803,1120920,57362,-93204,1263,1851488,0.0900879,7.0628662,0
981,1779177354672500273,1,1,50,23808,1851488,-26780,-1775,1120327,57590,-87796,1454,1851488,0.0908203,7.0628662,0
982,1779177354677517421,1,1,50,23744,1851488,-26644,-1727,1120030,57689,-81910,1381,1851488,0.0905762,7.0628662,0
983,1779177354682515402,1,1,50,23424,1851488,-26509,-1652,1119793,57632,-77901,1065,1851488,0.0893555,7.0628662,0
984,1779177354687531750,1,1,50,23008,1851488,-26374,-1559,1119318,57461,-76487,653,1851488,0.0877686,7.0628662,0
985,1779177354692531778,1,1,50,22720,1851488,-26561,-1974,1119021,57243,-76828,357,1851488,0.0866699,7.0628662,0
986,1779177354697517662,1,1,50,22896,1851488,-26438,-1890,1119199,57054,-77827,537,1851488,0.0873413,7.0628662,0
987,1779177354702565372,1,1,50,23072,1851488,-26310,-1811,1117834,56886,-79013,709,1851488,0.0880127,7.0628662,0
988,1779177354707640634,1,1,50,23104,1851488,-26304,-1260,1115639,56756,-79370,739,1851488,0.0881348,7.0628662,0
989,1779177354712527571,1,1,50,22800,1851488,-26566,-1875,1112553,56614,-78606,433,1851488,0.0869751,7.0628662,0
990,1779177354717595121,1,1,50,22912,1851488,-26325,-2261,1110713,56456,-76178,552,1851488,0.0874023,7.0628662,0
991,1779177354722518251,1,1,50,23184,1851488,-26215,-2129,1109170,56268,-72988,821,1851488,0.0884399,7.0628662,0
992,1779177354727556968,1,1,50,23184,1851488,-26095,-2005,1107628,56008,-70042,821,1851488,0.0884399,7.0628662,0
993,1779177354732512131,1,1,50,22928,1851488,-26107,-1351,1104898,55673,-67971,565,1851488,0.0874634,7.0628662,0
994,1779177354737517152,1,1,50,22368,1851488,-25987,-1194,1102643,55255,-66521,-14,1851488,0.0853271,7.0628662,0
995,1779177354742525116,1,1,50,21840,1851488,-26215,-2704,1100566,54779,-65059,-538,1851488,0.0833130,7.0628662,0
996,1779177354747532408,1,1,50,22384,1851488,-26137,-2497,1099498,54321,-62599,19,1851488,0.0853882,7.0628662,0
997,1779177354752536853,1,1,50,22864,1851488,-26046,-2310,1098904,53856,-59979,496,1851488,0.0872192,7.0628662,0
998,1779177354757521361,1,1,50,22864,1851488,-25962,-2089,1096827,53347,-58650,496,1851488,0.0872192,7.0628662,0
999,1779177354762642224,1,1,50,22528,1851488,-26271,-2539,1094335,52783,-59085,165,1851488,0.0859375,7.0628662,0
1000,1779177354767479432,1,1,50,22608,1851488,-26203,-2320,1093148,52279,-60565,240,1851488,0.0862427,7.0628662,0
1001,1779177354772533189,1,1,50,22656,1851488,-26123,-2123,1092139,51803,-62214,294,1851488,0.0864258,7.0628662,0
1002,1779177354777527617,1,1,50,22592,1851488,-26048,-1913,1090478,51376,-63522,231,1851488,0.0861816,7.0628662,0
1003,1779177354782524926,1,1,50,22400,1851488,-25965,-1720,1087866,50970,-63724,34,1851488,0.0854492,7.0628662,0
1004,1779177354787541274,1,1,50,22096,1851488,-25887,-1489,1084484,50551,-62394,-272,1851488,0.0842896,7.0628662,0
1005,1779177354792531542,1,1,50,21760,1851488,-26175,-3284,1081161,50088,-59784,-613,1851488,0.0830078,7.0628662,0
1006,1779177354797641269,1,1,50,22464,1851488,-26131,-3032,1078906,49617,-55905,106,1851488,0.0856934,7.0628662,0
1007,1779177354802536015,1,1,50,22944,1851488,-26090,-2753,1076295,49126,-52374,584,1851488,0.0875244,7.0628662,0
1008,1779177354807633677,1,1,50,22944,1851488,-26189,-1920,1073684,48542,-50273,584,1851488,0.0875244,7.0628662,0
1009,1779177354812646506,1,1,50,22224,1851488,-26425,-1692,1070242,47936,-49268,-151,1851488,0.0847778,7.0628662,0
1010,1779177354817813674,1,1,50,-23168,1851488,-26508,-839,1066741,47213,-49009,-793,1851488,-0.0883789,7.0628662,0
1011,1779177354822659810,1,1,50,-23936,1851488,-26301,-1070,1063655,46547,-47739,-1562,1851488,-0.0913086,7.0628662,0
1012,1779177354827679135,1,1,50,-24304,1851488,-26236,-741,1060628,45771,-46621,-1930,1851488,-0.0927124,7.0628662,0
1013,1779177354832498935,1,1,50,-24576,1851488,-26176,-402,1058373,45007,-45696,-2204,1851488,-0.0937500,7.0628662,0
1014,1779177354837522356,1,1,50,-24928,1851488,-26107,-62,1056000,44189,-45973,-2555,1851488,-0.0950928,7.0628662,0
1015,1779177354842536656,1,1,50,-25312,1851488,-26539,-387,1053863,43378,-47812,-2932,1851488,-0.0965576,7.0628662,0
1016,1779177354847944566,1,1,50,-25184,1851488,-26464,-88,1051252,42576,-50488,-2812,1851488,-0.0960693,7.0628662,0
1017,1779177354852683148,1,1,50,-25152,1851488,-26416,245,1049235,41952,-53220,-2768,1851488,-0.0959473,7.0628662,0
1018,1779177354857525156,1,1,50,-25328,1851488,-26360,557,1047217,41373,-55485,-2955,1851488,-0.0966187,7.0628662,0
1019,1779177354862530305,1,1,50,-25664,1851488,-26800,-38,1044428,40814,-56613,-3285,1851488,-0.0979004,7.0628662,0
1020,1779177354867537149,1,1,50,-25424,1851488,-26753,268,1041520,40305,-55716,-3053,1851488,-0.0969849,7.0628662,0
1021,1779177354872522841,1,1,50,-25360,1851488,-26708,610,1038316,39796,-53212,-2983,1851488,-0.0967407,7.0628662,0
1022,1779177354877522261,1,1,50,-25616,1851488,-26657,963,1034933,39227,-50064,-3244,1851488,-0.0977173,7.0628662,0
1023,1779177354882516721,1,1,50,-26192,1851488,-26607,1343,1032203,38571,-47272,-3813,1851488,-0.0999146,7.0628662,0
1024,1779177354887530478,1,1,50,-26896,1851488,-26393,1115,1029177,37825,-45474,-4518,1851488,-0.1026001,7.0628662,0
1025,1779177354892539562,1,1,50,-27264,1851488,-26772,-133,1025794,37039,-44407,-4895,1851488,-0.1040039,7.0628662,0
1026,1779177354897745291,1,1,50,-26688,1851488,-26738,260,1022530,36261,-43139,-4312,1851488,-0.1018066,7.0628662,0
1027,1779177354902521986,1,1,50,-26336,1851488,-26721,701,1019267,35567,-41543,-3963,1851488,-0.1004639,7.0628662,0
1028,1779177354907540063,1,1,50,-26528,-1851504,-26687,1124,1015647,34811,-40343,-4145,1851488,-0.1011963,-7.0629272,0
1029,1779177354912533563,1,1,50,-27104,1851488,-27190,1508,1012383,34017,-39821,-4723,-1851504,-0.1033936,7.0628662,0
1030,1779177354917595288,1,1,50,-27696,-1851504,-26995,1306,1009534,33226,-39893,-5323,1851488,-0.1056519,-7.0629272,0
1031,1779177354922532211,1,1,50,-27952,-1851504,-26974,1752,1007042,32424,-41468,-5570,-1851504,-0.1066284,-7.0629272,0
1032,1779177354927535183,1,1,50,-28208,-1851504,-26946,2181,1004550,31650,-44069,-5833,-1851504,-0.1076050,-7.0629272,0
1033,1779177354932608493,1,1,50,-28576,-1851504,-26917,2617,1001998,30918,-47272,-6192,-1851504,-0.1090088,-7.0629272,0
1034,1779177354937534312,1,1,50,-28992,-1851504,-27401,2917,999506,30263,-50333,-6610,-1851504,-0.1105957,-7.0629272,0
1035,1779177354942528740,1,1,50,-29232,-1851504,-27388,3340,996894,29663,-52879,-6851,-1851504,-0.1115112,-7.0629272,0
1036,1779177354947640419,1,1,50,-29488,-1851504,-27360,3735,994046,29098,-54663,-7113,-1851504,-0.1124878,-7.0629272,0
1037,1779177354952578685,1,1,50,-29920,-1851504,-27343,4159,991198,28575,-55401,-7537,-1851504,-0.1141357,-7.0629272,0
1038,1779177354957530168,1,1,50,-30448,-1851504,-27319,4578,988468,28043,-55324,-8064,-1851504,-0.1161499,-7.0629272,0
1039,1779177354962534709,1,1,50,-31024,-1851504,-27090,3040,985501,27479,-54742,-8649,-1851504,-0.1183472,-7.0629272,0
1040,1779177354967542385,1,1,50,-30704,-1851504,-26901,2772,982118,26940,-53581,-8320,-1851504,-0.1171265,-7.0629272,0
1041,1779177354972521837,1,1,50,-30176,-1851504,-26875,3210,978676,26430,-52441,-7793,-1851504,-0.1151123,-7.0629272,0
1042,1779177354977532457,1,1,50,-30144,-1851504,-26845,3661,975472,25909,-51697,-7772,-1851504,-0.1149902,-7.0629272,0
1043,1779177354982525861,1,1,50,-30640,-1851504,-26810,4110,972327,25356,-50947,-8264,-1851504,-0.1168823,-7.0629272,0
1044,1779177354987532513,1,1,50,-31408,-1851504,-26955,5321,969538,24752,-50037,-9039,-1851504,-0.1198120,-7.0629272,0
1045,1779177354992574463,1,1,50,-32624,-1851504,-27266,4235,966689,24063,-49606,-10242,-1851504,-0.1244507,-7.0629272,0
1046,1779177354997522490,1,1,50,-32880,-1851504,-27262,4739,963247,23382,-49325,-10496,-1851504,-0.1254272,-7.0629272,0
1047,1779177355002582711,1,1,50,-32960,-1851504,-27247,5232,959687,22695,-49668,-10585,-1851504,-0.1257324,-7.0629272,0
1048,1779177355007548370,1,1,50,-33264,-1851504,-27237,5741,956660,22027,-50751,-10890,-1851504,-0.1268921,-7.0629272,0
1049,1779177355012572111,1,1,50,-33808,-1851504,-27632,5917,954109,21357,-53149,-11433,-1851504,-0.1289673,-7.0629272,0
1050,1779177355017526410,1,1,50,-34176,-1851504,-27622,6398,952032,20739,-56619,-11807,-1851504,-0.1303711,-7.0629272,0
1051,1779177355022597127,1,1,50,-34608,-1851504,-27611,6885,949836,20193,-60702,-12238,-1851504,-0.1320190,-7.0629272,0
1052,1779177355027574819,1,1,50,-35104,-1851504,-27392,6561,947759,19690,-65094,-12727,-1851504,-0.1339111,-7.0629272,0
1053,1779177355032533917,1,1,50,-35232,-1851504,-27373,7008,945266,19277,-68601,-12854,-1851504,-0.1343994,-7.0629272,0
1054,1779177355037528953,1,1,50,9344,-1851504,-27351,7451,941943,18924,-71096,-13029,-1851504,0.0356445,-7.0629272,0
1055,1779177355042597719,1,1,50,8944,-1851504,-27844,7093,938858,18593,-72659,-13428,-1851504,0.0341187,-7.0629272,0
1056,1779177355047538353,1,1,50,8880,-1851504,-27844,7572,935475,18302,-72951,-13492,-1851504,0.0338745,-7.0629272,0
1057,1779177355052519757,1,1,50,8656,-1851504,-27839,8050,932745,18003,-72864,-13727,-1851504,0.0330200,-7.0629272,0
1058,1779177355057526761,1,1,50,8112,-1851504,-27837,8562,930728,17674,-73022,-14261,-1851504,0.0309448,-7.0629272,0
1059,1779177355062550661,1,1,50,7408,-1851504,-28247,8519,928947,17308,-73723,-14968,-1851504,0.0282593,-7.0629272,0
1060,1779177355067536801,1,1,50,7056,-1851504,-28016,8148,925090,16942,-74534,-15322,-1851504,0.0269165,-7.0629272,0
1061,1779177355072518748,1,1,50,-37648,-1851504,-28020,8689,921233,16600,-74864,-15271,-1851504,-0.1436157,-7.0629272,0
1062,1779177355077524824,1,1,50,-37792,-1851504,-28019,9236,918028,16260,-74664,-15422,-1851504,-0.1441650,-7.0629272,0
1063,1779177355082530772,1,1,50,-38320,-1851504,-28023,9821,915833,15891,-74323,-15946,-1851504,-0.1461792,-7.0629272,0
1064,1779177355087535312,1,1,50,-39104,-1851504,-28025,10424,913518,15474,-74498,-16721,-1851504,-0.1491699,-7.0629272,0
1065,1779177355092527756,1,1,50,-39936,-1851504,-28485,10762,910789,15016,-75931,-17567,-1851504,-0.1523438,-7.0629272,0
1066,1779177355097530536,1,1,50,-40464,-1851504,-28229,10368,908118,14562,-78833,-18091,-1851504,-0.1543579,-7.0629272,0
1067,1779177355102527332,1,1,50,-40480,-1851504,-28234,10972,905388,14173,-82417,-18101,-1851504,-0.1544189,-7.0629272,0
1068,1779177355107556032,1,1,50,-40560,-1851504,-28238,11583,902481,13851,-86020,-18183,-1851504,-0.1547241,-7.0629272,0
1069,1779177355112544540,1,1,50,-14400,-1851504,-28553,11935,900107,13580,-89446,-18529,-1851504,-0.0549316,-7.0629272,0
1070,1779177355117532120,1,1,50,-41296,-1851504,-28567,12561,897971,13352,-92999,-18914,-1851504,-0.1575317,-7.0629272,0
1071,1779177355122533459,1,1,50,-41792,-1851504,-28574,13168,896487,13160,-96584,-19410,-1851504,-0.1594238,-7.0629272,0
1072,1779177355127535535,1,1,50,-42384,-1851504,-28289,12669,895063,12996,-99695,-20002,-1851504,-0.1616821,-7.0629272,0
1073,1779177355132518027,1,1,50,-42560,-1851504,-28291,13287,892926,12878,-101868,-20185,-1851504,-0.1623535,-7.0629272,0
1074,1779177355137208799,1,1,50,-42768,-1851504,-28308,13950,889722,12800,-102866,-20395,-1851504,-0.1631470,-7.0629272,0
1075,1779177355142625797,1,1,50,-43200,-1851504,-28827,14156,885924,12676,-104793,-20826,-1851504,-0.1647949,-7.0629272,0
1076,1779177355147561024,1,1,50,1280,-1851504,-28843,14817,883076,12578,-105414,-21089,-1851504,0.0048828,-7.0629272,0
1077,1779177355152533755,1,1,50,-43872,-1851504,-28859,15498,880524,12461,-106875,-21497,-1851504,-0.1673584,-7.0629272,0
1078,1779177355157520598,1,1,50,-44448,-1851504,-28543,14951,878803,12331,-109715,-22065,-1851504,-0.1695557,-7.0629272,0
1079,1779177355162563443,1,1,50,-44640,-1851504,-28943,15704,876251,12236,-113495,-22266,-1851504,-0.1702881,-7.0629272,0
1080,1779177355167543983,1,1,50,-44768,-1851504,-28949,16368,873581,12196,-117231,-22394,-1851504,-0.1707764,-7.0629272,0
1081,1779177355172539050,1,1,50,-45040,-1851504,-28950,17023,869783,12194,-120350,-22666,-1851504,-0.1718140,-7.0629272,0
1082,1779177355177528806,1,1,50,-45520,-1851504,-28614,16412,866282,12205,-122435,-23140,-1851504,-0.1736450,-7.0629272,0
1083,1779177355182524898,1,1,50,-45696,-1851504,-28606,17078,863849,12233,-123401,-23314,-1851504,-0.1743164,-7.0629272,0
1084,1779177355187538910,1,1,50,-45984,-1851504,-28600,17774,861594,12251,-124016,-23602,-1851504,-0.1754150,-7.0629272,0
1085,1779177355192534970,1,1,50,-46480,-1851504,-28862,17424,859695,12239,-125213,-24109,-1851504,-0.1773071,-7.0629272,0
1086,1779177355197594647,1,1,50,-46624,-1851504,-28872,18134,857143,12232,-127399,-24248,-1851504,-0.1778564,-7.0629272,0
1087,1779177355202528818,1,1,50,-2032,-1851504,-28884,18841,854829,12245,-130179,-24401,-1851504,-0.0077515,-7.0629272,0
1088,1779177355207621488,1,1,50,-2032,-1851504,-28515,18161,851861,12297,-133449,-24401,-1851504,-0.0077515,-7.0629272,0
1089,1779177355212642540,1,1,50,-2128,-1851504,-28837,18415,848954,12386,-136639,-24509,-1851504,-0.0081177,-7.0629272,0
1090,1779177355217728714,1,1,50,-2240,-1851504,-28836,19088,847114,12514,-139805,-24620,-1851504,-0.0085449,-7.0629272,0
1091,1779177355222609795,1,1,50,-2544,-1851504,-28480,18394,845452,12659,-142194,-24923,-1851504,-0.0097046,-7.0629272,0
1092,1779177355227551038,1,1,50,-2608,-1851504,-28478,19089,844384,12831,-143885,-24989,-1851504,-0.0099487,-7.0629272,0
1093,1779177355232549913,1,1,50,-2768,-1851504,-28459,19742,842841,13010,-145135,-25147,-1851504,-0.0105591,-7.0629272,0
1094,1779177355237744410,1,1,50,-3184,-1851504,-28419,20361,840586,13174,-146555,-25558,-1851504,-0.0121460,-7.0629272,0
1095,1779177355242671668,1,1,50,-3808,-1851504,-28670,20386,837975,13297,-147417,-26178,-1851504,-0.0145264,-7.0629272,0
1096,1779177355247560045,1,1,50,-4160,-1851504,-28293,19662,834593,13393,-148133,-26539,-1851504,-0.0158691,-7.0629272,0
1097,1779177355252529609,1,1,50,-4080,-1851504,-28269,20299,830676,13490,-149190,-26459,-1851504,-0.0155640,-7.0629272,0
1098,1779177355257526692,1,1,50,-4144,-1851504,-28236,20910,827709,13586,-151117,-26523,-1851504,-0.0158081,-7.0629272,0
1099,1779177355262109302,1,1,50,-4496,-1851504,-28232,21572,825454,13671,-153364,-26875,-1851504,-0.0171509,-7.0629272,0
1100,1779177355267549117,1,1,50,-5088,-1851504,-28440,21918,823021,13757,-157565,-27464,-1851504,-0.0194092,-7.0629272,0
1101,1779177355272536312,1,1,50,-5536,-1851504,-28388,22451,820232,13860,-160212,-27919,-1851504,-0.0211182,-7.0629272,0
1102,1779177355277532628,1,1,50,-50752,-1851504,-28335,22979,817383,13961,-162155,-28378,-1851504,-0.1936035,-7.0629272,0
1103,1779177355282541232,1,1,50,-6528,-1851504,-28272,23476,814832,14045,-163542,-28910,-1851504,-0.0249023,-7.0629272,0
1104,1779177355287541772,1,1,50,-7152,-1851504,-27845,22653,812339,14097,-164645,-29526,-1851504,-0.0272827,-7.0629272,0
1105,1779177355292526440,1,1,50,-7344,-1851504,-27393,20300,809847,14142,-165507,-29720,-1851504,-0.0280151,-7.0629272,0
1106,1779177355297519779,1,1,50,-6464,-1851504,-27328,20778,807355,14248,-166010,-28844,-1851504,-0.0246582,-7.0629272,0
1107,1779177355302539104,1,1,50,-5824,-1851504,-27258,21239,805159,14392,-166986,-28200,-1851504,-0.0222168,-7.0629272,0
1108,1779177355307534939,1,1,50,-5872,-1851504,-27183,21673,802963,14533,-168847,-28246,-1851504,-0.0223999,-7.0629272,0
1109,1779177355312543512,1,1,50,-6496,-1851504,-27176,20435,801005,14649,-171367,-28877,-1851504,-0.0247803,-7.0629272,0
1110,1779177355317540691,1,1,50,-6592,-1851504,-27452,22165,798631,14784,-173321,-28961,-1851504,-0.0251465,-7.0629272,0
1111,1779177355322519599,1,1,50,-7216,-1851504,-27050,21295,796079,14892,-174858,-29590,-1851504,-0.0275269,-7.0629272,0
1112,1779177355327532555,1,1,50,-52352,-505648,-26986,21718,793231,14983,-176022,-29976,-1851504,-0.1997070,-1.9288940,0
1113,1779177355332536199,1,1,50,-8032,-1851504,-26930,22161,791332,15051,-177112,-30414,-505648,-0.0306396,-7.0629272,0
1114,1779177355337528323,1,1,50,-53392,-1851504,-26528,21271,789849,15088,-178404,-31013,-1851504,-0.2036743,-7.0629272,0
1115,1779177355342764324,1,1,50,-53584,-1851504,-26993,21070,788128,15125,-180190,-31203,-1851504,-0.2044067,-7.0629272,0
1116,1779177355347592284,1,1,50,-53408,-1851504,-26974,21574,786169,15188,-181206,-31034,-1851504,-0.2037354,-7.0629272,0
1117,1779177355352537687,1,1,50,-8736,-1851504,-26949,22060,783736,15250,-182359,-31109,-1851504,-0.0333252,-7.0629272,0
1118,1779177355357531634,1,1,50,-9232,-1851504,-26927,22557,781066,15285,-183316,-31607,-1851504,-0.0352173,-7.0629272,0
1119,1779177355362731379,1,1,50,-10064,-1851504,-26877,22022,777446,15261,-184561,-32435,-1851504,-0.0383911,-7.0629272,0
1120,1779177355367555179,1,1,50,-10480,-1851504,-26874,22578,773885,15217,-185218,-32851,-1851504,-0.0399780,-7.0629272,0
1121,1779177355372524678,1,1,50,-10864,-1851504,-26476,21650,770800,15146,-186864,-33239,-1851504,-0.0414429,-7.0629272,0
1122,1779177355377539266,1,1,50,-10832,-1851504,-26455,22163,768189,15094,-188869,-33211,-1851504,-0.0413208,-7.0629272,0
1123,1779177355382528574,1,1,50,-10944,-1851504,-26445,22703,765933,15058,-190913,-33327,-1851504,-0.0417480,-7.0629272,0
1124,1779177355387562586,1,1,50,-11408,-1851504,-26044,21730,763797,15016,-193167,-33777,-1851504,-0.0435181,-7.0629272,0
1125,1779177355392523669,1,1,50,-56304,-1851504,-26453,22835,761542,14991,-195185,-33925,-1851504,-0.2147827,-7.0629272,0
1126,1779177355397540242,1,1,50,-11920,-1851504,-26447,23371,759406,14965,-197281,-34288,-1851504,-0.0454712,-7.0629272,0
1127,1779177355402535533,1,1,50,-12544,-1851504,-26454,23941,757151,14920,-199071,-34918,-1851504,-0.0478516,-7.0629272,0
1128,1779177355407542025,1,1,50,-58096,-1851504,-26042,22938,754480,14840,-200465,-35715,-1851504,-0.2216187,-7.0629272,0
1129,1779177355412573670,1,1,50,-58384,1851488,-26368,23442,753650,14761,-201287,-36004,-1851504,-0.2227173,7.0628662,0
1130,1779177355417529345,1,1,50,-13776,-1851504,-26391,24047,751751,14682,-201773,-36148,1851488,-0.0525513,-7.0629272,0
1131,1779177355422533373,1,1,50,-14160,-1851504,-25982,23032,750860,14584,-202836,-36536,-1851504,-0.0540161,-7.0629272,0
1132,1779177355427592346,1,1,50,-14240,-1851504,-25993,23623,751157,14502,-204064,-36614,-1851504,-0.0543213,-7.0629272,0
1133,1779177355432520660,1,1,50,-14480,-1851504,-26020,24251,749970,14423,-204698,-36852,-1851504,-0.0552368,-7.0629272,0
1134,1779177355437522832,1,1,50,-15056,-1851504,-25609,23224,749614,14317,-205322,-37431,-1851504,-0.0574341,-7.0629272,0
1135,1779177355442871765,1,1,50,-15296,-1851504,-26098,23115,747003,14189,-206333,-37673,-1851504,-0.0583496,-7.0629272,0
1136,1779177355447767566,1,1,50,-15216,-1851504,-26157,23794,742315,14077,-206441,-37592,-1851504,-0.0580444,-7.0629272,0
1137,1779177355452784618,1,1,50,-15408,-1851504,-26215,24461,736559,13930,-207812,-37782,-1851504,-0.0587769,-7.0629272,0
1138,1779177355457544256,1,1,50,-15968,-1851504,-25832,23461,731812,13760,-210060,-38344,-1851504,-0.0609131,-7.0629272,0
1139,1779177355462593310,1,1,50,-16192,-1851504,-26267,24059,729972,13599,-213704,-38561,-1851504,-0.0617676,-7.0629272,0
1140,1779177355467592825,1,1,50,-16272,-1851504,-25873,22973,730862,13501,-217352,-38649,-1851504,-0.0620728,-7.0629272,0
1141,1779177355472725657,1,1,50,-15952,-1851504,-25926,23592,733770,13496,-220555,-38322,-1851504,-0.0608521,-7.0629272,0
1142,1779177355477810935,1,1,50,-15888,-1851504,-25987,24239,738102,13566,-222644,-38263,-1851504,-0.0606079,-7.0629272,0
1143,1779177355482660175,1,1,50,-61104,-1851504,-25596,23155,743146,13655,-223535,-38721,-1851504,-0.2330933,-7.0629272,0
1144,1779177355487587433,1,1,50,-61344,-1851504,-25662,23855,747834,13760,-223823,-38966,-1851504,-0.2340088,-7.0629272,0
1145,1779177355492714152,1,1,50,-23184,-1851504,-26141,24994,748368,13842,-224016,-39386,-1851504,-0.0884399,-7.0629272,0
1146,1779177355497550048,1,1,50,-17728,-1851504,-25739,23911,745994,13862,-223903,-40103,-1851504,-0.0676270,-7.0629272,0
1147,1779177355502003470,1,1,50,-18016,-1851504,-25844,24753,740001,13834,-223928,-40391,-1851504,-0.0687256,-7.0629272,0
1148,1779177355507593113,1,1,50,-18432,-1851504,-25867,25348,732286,13728,-227935,-40812,-1851504,-0.0703125,-7.0629272,0
1149,1779177355512197835,1,1,50,-19072,-1851504,-26533,26081,722910,13656,-230705,-41450,-1851504,-0.0727539,-7.0629272,0
1150,1779177355517569168,1,1,50,-19680,-1851504,-26090,24808,713237,13478,-237083,-42061,-1851504,-0.0750732,-7.0629272,0
1151,1779177355522558507,1,1,50,-19648,1851488,-26192,25514,704633,13373,-241609,-42016,-1851504,-0.0749512,7.0628662,0
1152,1779177355527333666,1,1,50,-64320,-1851504,-26327,26290,696384,13302,-244224,-41937,1851488,-0.2453613,-7.0629272,0
1153,1779177355532773448,1,1,50,-64528,-1851504,-25887,24950,692705,13229,-246345,-42154,-1851504,-0.2461548,-7.0629272,0
1154,1779177355537678114,1,1,50,-19632,-1851504,-26008,25696,694426,13215,-246064,-42012,-1851504,-0.0748901,-7.0629272,0
1155,1779177355542692702,1,1,50,-19744,-1851504,-26109,24470,698698,13213,-245500,-42118,-1851504,-0.0753174,-7.0629272,0
1156,1779177355547109964,1,1,50,-19456,1851488,-26277,25378,704395,13248,-243473,-41827,-1851504,-0.0742188,7.0628662,0
1157,1779177355552602484,1,1,50,-19568,-1851504,-25836,24041,711754,13292,-243326,-41947,1851488,-0.0746460,-7.0629272,0
1158,1779177355557547310,1,1,50,-19536,-1851504,-25951,24858,720121,13375,-241361,-41904,-1851504,-0.0745239,-7.0629272,0
1159,1779177355562548458,1,1,50,-19824,1720576,-26508,25595,728132,13448,-239390,-42193,-1851504,-0.0756226,6.5634766,0
1160,1779177355567640232,1,1,50,-65120,-1851504,-26624,26432,728014,13451,-238255,-42744,1720576,-0.2484131,-7.0629272,0
1161,1779177355572555362,1,1,50,-66000,-1851504,-26211,25257,718341,13331,-238992,-43628,-1851504,-0.2517700,-7.0629272,0
1162,1779177355577547710,1,1,50,-66368,-1851504,-26337,26101,705760,13136,-242468,-43991,-1851504,-0.2531738,-7.0629272,0
1163,1779177355582546010,1,1,50,-66800,-1851504,-26483,26957,692467,12902,-248053,-44422,-1851504,-0.2548218,-7.0629272,0
1164,1779177355587603383,1,1,50,-67408,-1851504,-26075,25670,678581,12640,-254487,-45038,-1851504,-0.2571411,-7.0629272,0
1165,1779177355592706101,1,1,50,-67456,-1851504,-26648,26407,666179,12408,-259553,-45085,-1851504,-0.2573242,-7.0629272,0
1166,1779177355597624719,1,1,50,-67264,-1851504,-26824,27231,665585,12275,-262437,-44888,-1851504,-0.2565918,-7.0629272,0
1167,1779177355602526825,1,1,50,-67264,-1851504,-26431,25936,672350,12226,-264202,-44888,-1851504,-0.2565918,-7.0629272,0
1168,1779177355607726698,1,1,50,-66976,-1851504,-26578,26702,682023,12279,-265357,-44595,-1851504,-0.2554932,-7.0629272,0
1169,1779177355612610627,1,1,50,-67104,-1851504,-27252,27318,693002,12393,-265047,-44729,-1851504,-0.2559814,-7.0629272,0
1170,1779177355617720993,1,1,50,-67616,-1851504,-26823,25969,705285,12539,-264009,-45238,-1851504,-0.2579346,-7.0629272,0
1171,1779177355622594266,1,1,50,-67808,-1851504,-26996,26888,710626,12673,-260178,-45430,-1851504,-0.2586670,-7.0629272,0
1172,1779177355627581174,1,1,50,-23424,-1851504,-26583,25614,701547,12674,-255458,-45799,-1851504,-0.0893555,-7.0629272,0
1173,1779177355632649523,1,1,50,-23424,-1851504,-26744,26529,687245,12525,-252466,-45806,-1851504,-0.0893555,-7.0629272,0
1174,1779177355637563053,1,1,50,-23712,-1851504,-26922,27457,673834,12258,-254191,-46085,-1851504,-0.0904541,-7.0629272,0
1175,1779177355642650699,1,1,50,-24512,-1851504,-27180,25890,659829,11887,-261829,-46893,-1851504,-0.0935059,-7.0629272,0
1176,1779177355647572293,1,1,50,-24512,-1851504,-27396,26761,648495,11588,-271788,-46884,-1851504,-0.0935059,-7.0629272,0
1177,1779177355652558529,1,1,50,-24416,-1851504,-27621,27592,647545,11436,-281408,-46794,-1851504,-0.0931396,-7.0629272,0
1178,1779177355657627038,1,1,50,-24416,-1851504,-27223,26128,654963,11464,-288819,-46794,-1851504,-0.0931396,-7.0629272,0
1179,1779177355662487863,1,1,50,-24000,-1851504,-27441,26936,664636,11671,-292251,-46377,-1851504,-0.0915527,-7.0629272,0
1180,1779177355667572373,1,1,50,-23872,-1851504,-27037,25448,676504,12005,-292566,-46254,-1851504,-0.0910645,-7.0629272,0
1181,1779177355672561392,1,1,50,-23600,-1851504,-27227,26245,688907,12414,-289365,-45969,-1851504,-0.0900269,-7.0629272,0
1182,1779177355677600109,1,1,50,-23872,-1851504,-26822,24813,694960,12777,-284168,-46255,-1851504,-0.0910645,-7.0629272,0
1183,1779177355682546952,1,1,50,-23984,-1851504,-27003,25672,685940,12981,-277652,-46363,-1851504,-0.0914917,-7.0629272,0
1184,1779177355687574340,1,1,50,-24528,-1851504,-27193,26551,671876,12965,-272802,-46900,-1851504,-0.0935669,-7.0629272,0
1185,1779177355692607233,1,1,50,-25472,-1851504,-27472,26142,658524,12740,-272224,-47852,-1851504,-0.0971680,-7.0629272,0
1186,1779177355697547867,1,1,50,-26064,-1851504,-27699,27040,645884,12412,-276411,-48443,-1851504,-0.0994263,-7.0629272,0
1187,1779177355702550231,1,1,50,-26560,1851488,-27933,27875,636151,12065,-284312,-48929,-1851504,-0.1013184,7.0628662,0
1188,1779177355707539347,1,1,50,-27184,-1851504,-27546,26410,635914,11798,-293628,-49558,1851488,-0.1036987,-7.0629272,0
1189,1779177355712534319,1,1,50,-71840,-1851504,-27771,27144,641908,11713,-301642,-49468,-1851504,-0.2740479,-7.0629272,0
1190,1779177355717538091,1,1,50,-71840,1851488,-27386,25607,650631,11794,-307206,-49461,-1851504,-0.2740479,7.0628662,0
1191,1779177355722533670,1,1,50,-26672,-1851504,-27605,26333,661194,12040,-309165,-49049,1851488,-0.1017456,-7.0629272,0
1192,1779177355727543234,1,1,50,-26560,-1851504,-27215,24793,673122,12384,-307490,-48938,-1851504,-0.1013184,-7.0629272,0
1193,1779177355732588480,1,1,50,-26256,-1851504,-27411,25534,682439,12768,-303039,-48635,-1851504,-0.1001587,-7.0629272,0
1194,1779177355737526938,1,1,50,-26384,-1851504,-27625,26347,677691,13025,-297649,-48752,-1851504,-0.1006470,-7.0629272,0
1195,1779177355742546934,1,1,50,-27168,-1851504,-28148,23222,667781,13082,-294089,-49540,-1851504,-0.1036377,-7.0629272,0
1196,1779177355747551090,1,1,50,-26672,-1851504,-28418,24063,655734,13043,-292563,-49047,-1851504,-0.1017456,-7.0629272,0
1197,1779177355752539438,1,1,50,-26368,-1851504,-28708,24933,645231,12941,-293609,-48736,-1851504,-0.1005859,-7.0629272,0
1198,1779177355757533994,1,1,50,-26624,-1851504,-28352,23451,635083,12777,-296708,-49007,-1851504,-0.1015625,-7.0629272,0
1199,1779177355762539430,1,1,50,-26640,1851488,-28660,24336,629149,12624,-300797,-49014,-1851504,-0.1016235,7.0628662,0
1200,1779177355767641796,1,1,50,-26640,-1851504,-28309,22776,628259,12526,-305624,-49014,1851488,-0.1016235,-7.0629272,0
1201,1779177355772540957,1,1,50,-26288,-1851504,-27988,21259,631760,12544,-309604,-48660,-1851504,-0.1002808,-7.0629272,0
1202,1779177355777575482,1,1,50,-25424,-1851504,-28290,22138,638822,12719,-311551,-47792,-1851504,-0.0969849,-7.0629272,0
1203,1779177355782537877,1,1,50,-25152,-1851504,-28615,23107,648910,12990,-311432,-47521,-1851504,-0.0959473,-7.0629272,0
1204,1779177355787582802,1,1,50,-25808,-1851504,-28265,21541,661313,13287,-310423,-48184,-1851504,-0.0984497,-7.0629272,0
1205,1779177355792557677,1,1,50,-26272,-1851504,-29555,22101,672944,13595,-308743,-48652,-1851504,-0.1002197,-7.0629272,0
1206,1779177355797548329,1,1,50,-26384,-1851504,-29944,23260,670807,13843,-306861,-48758,-1851504,-0.1006470,-7.0629272,0
1207,1779177355802548677,1,1,50,-26608,-1851504,-29591,21731,661906,13979,-305768,-48980,-1851504,-0.1015015,-7.0629272,0
1208,1779177355807546497,1,1,50,-71088,-1851504,-29985,22937,654429,14060,-305772,-48716,-1851504,-0.2711792,-7.0629272,0
1209,1779177355812549597,1,1,50,-71280,-1851504,-31054,23923,648317,14085,-307172,-48902,-1851504,-0.2719116,-7.0629272,0
1210,1779177355817537560,1,1,50,-26976,-1851504,-30700,22380,644400,14070,-309436,-49354,-1851504,-0.1029053,-7.0629272,0
1211,1779177355822644439,1,1,50,-26944,-1851504,-30359,20787,642323,14075,-311887,-49324,-1851504,-0.1027832,-7.0629272,0
1212,1779177355827729461,1,1,50,-26224,-1851504,-30772,22033,643391,14169,-314309,-48597,-1851504,-0.1000366,-7.0629272,0
1213,1779177355832541580,1,1,50,-25728,-1851504,-31228,23441,647011,14338,-316662,-48098,-1851504,-0.0981445,-7.0629272,0
1214,1779177355837549256,1,1,50,-25888,-1851504,-30873,21846,652649,14564,-318550,-48261,-1851504,-0.0987549,-7.0629272,0
1215,1779177355842553636,1,1,50,-70608,-1851504,-31660,22413,658524,14845,-318632,-48229,-1851504,-0.2693481,-7.0629272,0
1216,1779177355847567936,1,1,50,-25872,-1851504,-31312,20821,660541,15125,-317526,-48244,-1851504,-0.0986938,-7.0629272,0
1217,1779177355852544572,1,1,50,-25456,-1851504,-31732,22170,656387,15370,-316013,-47833,-1851504,-0.0971069,-7.0629272,0
1218,1779177355857541208,1,1,50,-25328,-1851504,-32178,23610,652233,15563,-315582,-47701,-1851504,-0.0966187,-7.0629272,0
1219,1779177355862681335,1,1,50,-25664,-1851504,-31972,20964,649088,15698,-316870,-48046,-1851504,-0.0979004,-7.0629272,0
1220,1779177355867670771,1,1,50,-25232,-1851504,-32413,22394,647723,15858,-318090,-47609,-1851504,-0.0962524,-7.0629272,0
1221,1779177355872653966,1,1,50,-25088,-1851504,-32068,20808,647842,16025,-318329,-47460,-1851504,-0.0957031,-7.0629272,0
1222,1779177355877903344,1,1,50,-24672,-1851504,-32465,22132,649029,16243,-316801,-47046,-1851504,-0.0941162,-7.0629272,0
1223,1779177355882865323,1,1,50,-24672,-1851504,-32884,23570,650097,16423,-314300,-47051,-1851504,-0.0941162,-7.0629272,0
1224,1779177355887550655,1,1,50,-25216,-1851504,-33331,25129,649563,16515,-311984,-47591,-1851504,-0.0961914,-7.0629272,0
1225,1779177355892557179,1,1,50,-26256,-1851504,-33148,24810,648198,16499,-311107,-48636,-1851504,-0.1001587,-7.0629272,0
1226,1779177355897538839,1,1,50,-27104,-1851504,-33537,26215,646299,16403,-311735,-49483,-1851504,-0.1033936,-7.0629272,0
1227,1779177355902537651,1,1,50,-27984,-1851504,-33143,24644,645409,16256,-314343,-50359,-1851504,-0.1067505,-7.0629272,0
1228,1779177355907543119,1,1,50,-28080,-1851504,-33510,25985,645112,16144,-318054,-50458,-1851504,-0.1071167,-7.0629272,0
1229,1779177355912557259,1,1,50,-28064,-1851504,-33878,27297,645409,16091,-322220,-50447,-1851504,-0.1070557,-7.0629272,0
1230,1779177355917601576,1,1,50,-28368,-1851504,-33468,25653,645646,16078,-326075,-50740,-1851504,-0.1082153,-7.0629272,0
1231,1779177355922555139,1,1,50,-28192,-1851504,-33818,26917,645409,16127,-328007,-50568,-1851504,-0.1075439,-7.0629272,0
1232,1779177355927573727,1,1,50,-28288,-1851504,-34148,28097,644637,16187,-327854,-50659,-1851504,-0.1079102,-7.0629272,0
1233,1779177355932539002,1,1,50,-28768,-1851504,-33736,26479,643688,16203,-325932,-51148,-1851504,-0.1097412,-7.0629272,0
1234,1779177355937542038,1,1,50,-28832,-1851504,-34052,27667,642976,16183,-322755,-51214,-1851504,-0.1099854,-7.0629272,0
1235,1779177355942543954,1,1,50,-29152,-1851504,-34712,29680,641789,16092,-319273,-51534,-1851504,-0.1112061,-7.0629272,0
1236,1779177355947578735,1,1,50,-30144,-1851504,-34278,28086,641255,15891,-316685,-52513,-1851504,-0.1149902,-7.0629272,0
1237,1779177355952545066,1,1,50,-30656,-1851504,-34565,29247,640840,15633,-314854,-53030,-1851504,-0.1169434,-7.0629272,0
1238,1779177355957553286,1,1,50,-31136,-1851504,-34141,27673,640721,15331,-314247,-53510,-1851504,-0.1187744,-7.0629272,0
1239,1779177355962630308,1,1,50,-30992,-1851504,-34405,28778,640483,15043,-314715,-53368,-1851504,-0.1182251,-7.0629272,0
1240,1779177355967559646,1,1,50,-31088,-1851504,-34687,29916,640365,14778,-316398,-53456,-1851504,-0.1185913,-7.0629272,0
1241,1779177355972540185,1,1,50,-31680,-1851504,-34966,31011,640661,14511,-319652,-54057,-1851504,-0.1208496,-7.0629272,0
1242,1779177355977606487,1,1,50,-31680,-1851504,-34521,29373,640958,14301,-323320,-54057,-1851504,-0.1208496,-7.0629272,0
1243,1779177355982541073,1,1,50,-31920,-1851504,-34798,30449,641077,14142,-326782,-54289,-1851504,-0.1217651,-7.0629272,0
1244,1779177355987550381,1,1,50,-32608,-1851504,-34367,28795,640068,13982,-330263,-54989,-1851504,-0.1243896,-7.0629272,0
1245,1779177355992604202,1,1,50,-32784,-1851504,-35584,30658,639415,13860,-332772,-55157,-1851504,-0.1250610,-7.0629272,0
1246,1779177355997668968,1,1,50,-32992,-1851504,-35874,31690,638941,13762,-333910,-55362,-1851504,-0.1258545,-7.0629272,0
1247,1779177356002574017,1,1,50,-33584,-1851504,-35440,30054,638822,13647,-333634,-55961,-1851504,-0.1281128,-7.0629272,0
1248,1779177356007617790,1,1,50,-33712,-1851504,-35755,31212,638466,13522,-332331,-56086,-1851504,-0.1286011,-7.0629272,0
1249,1779177356012574872,1,1,50,-34016,-1851504,-36094,32448,638110,13366,-330388,-56399,-1851504,-0.1297607,-7.0629272,0
1250,1779177356017535763,1,1,50,-34720,-1851504,-35648,30816,638169,13148,-329001,-57097,-1851504,-0.1324463,-7.0629272,0
1251,1779177356022540655,1,1,50,-34912,-1851504,-35219,29173,638585,12912,-328319,-57293,-1851504,-0.1331787,-7.0629272,0
1252,1779177356027580683,1,1,50,-79120,-1851504,-35547,30473,639297,12722,-328218,-56736,-1851504,-0.3018188,-7.0629272,0
1253,1779177356032575271,1,1,50,-78864,-1851504,-35902,31861,639415,12559,-329148,-56492,-1851504,-0.3008423,-7.0629272,0
1254,1779177356037533345,1,1,50,-79248,-1851504,-35467,30218,639949,12398,-331467,-56877,-1851504,-0.3023071,-7.0629272,0
1255,1779177356042771875,1,1,50,-79328,-1851504,-36569,32308,640187,12267,-334765,-56944,-1851504,-0.3026123,-7.0629272,0
1256,1779177356047614715,1,1,50,-79520,-1851504,-36949,33795,640602,12185,-337495,-57144,-1851504,-0.3033447,-7.0629272,0
1257,1779177356052579285,1,1,50,-80048,-1851504,-36491,32104,640483,12107,-340583,-57672,-1851504,-0.3053589,-7.0629272,0
1258,1779177356057543024,1,1,50,-80048,-1851504,-36851,33544,640424,12073,-342857,-57666,-1851504,-0.3053589,-7.0629272,0
1259,1779177356062546956,1,1,50,-80112,1851488,-37208,34957,640602,12067,-343873,-57736,-1851504,-0.3056030,7.0628662,0
1260,1779177356067548167,1,1,50,-80448,-1851504,-36732,33238,640721,12054,-343552,-58076,1851488,-0.3068848,-7.0629272,0
1261,1779177356072543843,1,1,50,-80336,-1851504,-37062,34613,640780,12045,-342227,-57960,-1851504,-0.3064575,-7.0629272,0
1262,1779177356077540862,1,1,50,-80384,1851488,-37383,35944,639890,11960,-340160,-58015,-1851504,-0.3066406,7.0628662,0
1263,1779177356082623164,1,1,50,-80384,-1851504,-36888,34215,639890,11960,-340160,-58015,1851488,-0.3066406,-7.0629272,0
1264,1779177356087692633,1,1,50,-80336,-605008,-37184,35508,639771,11904,-339981,-57964,-1851504,-0.3064575,-2.3079224,0
1265,1779177356092556114,1,1,50,-80592,1851488,-37322,31819,640246,11838,-340497,-58212,-605008,-0.3074341,7.0628662,0
1266,1779177356097543085,1,1,50,-79504,1851488,-37622,33086,640543,11854,-341394,-57133,1851488,-0.3032837,7.0628662,0
1267,1779177356102549737,1,1,50,-78544,1851488,-37918,34320,641255,11951,-342691,-56165,1851488,-0.2996216,7.0628662,0
1268,1779177356107605286,1,1,50,-78240,1851488,-37445,32577,641848,12084,-344738,-55859,1851488,-0.2984619,7.0628662,0
1269,1779177356112545184,1,1,50,-77872,1851488,-37732,33810,642442,12262,-346962,-55493,1851488,-0.2970581,7.0628662,0
1270,1779177356117580252,1,1,50,-77952,-1851504,-38008,34975,642560,12458,-349537,-55569,1851488,-0.2973633,-7.0629272,0
1271,1779177356122550391,1,1,50,-78464,1851488,-37532,33225,642086,12638,-352032,-56085,-1851504,-0.2993164,7.0628662,0
1272,1779177356127580403,1,1,50,-78512,-1851504,-37797,34370,641848,12837,-354136,-56132,1851488,-0.2994995,-7.0629272,0
1273,1779177356132582351,1,1,50,-78512,-1851504,-38072,35530,641611,13049,-355904,-56140,-1851504,-0.2994995,-7.0629272,0
1274,1779177356137610059,1,1,50,-78832,1851488,-37581,33732,641967,13256,-357555,-56451,-1851504,-0.3007202,7.0628662,0
1275,1779177356142599463,1,1,50,-78688,-1851504,-38439,34449,642086,13481,-358281,-56305,1851488,-0.3001709,-7.0629272,0
1276,1779177356147566113,1,1,50,-78288,-1851504,-38718,35616,642679,13733,-358023,-55911,-1851504,-0.2986450,-7.0629272,0
1277,1779177356152538652,1,1,50,-78128,-1851504,-38227,33838,643035,13979,-357552,-55758,-1851504,-0.2980347,-7.0629272,0
1278,1779177356157545848,1,1,50,-77680,1851488,-38488,34992,644044,14245,-357319,-55303,-1851504,-0.2963257,7.0628662,0
1279,1779177356162546228,1,1,50,-77536,-1851504,-38752,36148,645290,14510,-357601,-55162,1851488,-0.2957764,-7.0629272,0
1280,1779177356167596368,1,1,50,-77808,1851488,-38241,34339,646358,14757,-358169,-55434,-1851504,-0.2968140,7.0628662,0
1281,1779177356172594220,1,1,50,-77696,1851488,-38494,35503,646892,15006,-358188,-55313,1851488,-0.2963867,7.0628662,0
1282,1779177356177544742,1,1,50,-32912,1851488,-38755,36685,647545,15246,-358051,-55280,1851488,-0.1255493,7.0628662,0
1283,1779177356182672325,1,1,50,-33104,1851488,-38224,34846,648317,15471,-358610,-55486,1851488,-0.1262817,7.0628662,0
1284,1779177356187544990,1,1,50,-32864,1851488,-38478,36041,648613,15698,-359409,-55244,1851488,-0.1253662,7.0628662,0
1285,1779177356192598971,1,1,50,-32624,1851488,-39126,35991,649029,15949,-360955,-55004,1851488,-0.1244507,7.0628662,0
1286,1779177356197548917,1,1,50,-32160,1851488,-38617,34197,649147,16234,-362332,-54530,1851488,-0.1226807,7.0628662,0
1287,1779177356202599826,1,1,50,-31264,1851488,-38847,35310,649919,16593,-363098,-53636,1851488,-0.1192627,7.0628662,0
1288,1779177356207684719,1,1,50,-30640,1851488,-39064,36371,650512,16990,-363257,-53016,1851488,-0.1168823,7.0628662,0
1289,1779177356212679659,1,1,50,-30400,1851488,-38539,34558,651046,17379,-362988,-52773,1851488,-0.1159668,7.0628662,0
1290,1779177356217612069,1,1,50,-29968,1851488,-38761,35691,650928,17766,-362100,-52337,1851488,-0.1143188,7.0628662,0
1291,1779177356222595200,1,1,50,-29776,1851488,-38977,36800,651640,18141,-360921,-52149,1851488,-0.1135864,7.0628662,0
1292,1779177356227555163,1,1,50,-29968,1851488,-39183,37866,652530,18473,-359534,-52336,1851488,-0.1143188,7.0628662,0
1293,1779177356232555254,1,1,50,-30272,1851488,-38631,36078,653479,18756,-357733,-52650,1851488,-0.1154785,7.0628662,0
1294,1779177356237538129,1,1,50,-30080,1851488,-38824,37166,654132,19016,-355243,-52454,1851488,-0.1147461,7.0628662,0
1295,1779177356242554445,1,1,50,-29776,1851488,-38903,37135,654904,19256,-353071,-52151,1851488,-0.1135864,7.0628662,0
1296,1779177356247577866,1,1,50,-29344,1851488,-38352,35367,656209,19492,-352120,-51715,1851488,-0.1119385,7.0628662,0
1297,1779177356252576645,1,1,50,-28560,1851488,-38513,36409,657515,19764,-352510,-50928,1851488,-0.1089478,7.0628662,0
1298,1779177356257545824,1,1,50,-27920,1851488,-38664,37391,658346,20071,-354149,-50296,1851488,-0.1065063,7.0628662,0
1299,1779177356262622013,1,1,50,-27456,1851488,-38132,30016,658880,20426,-356683,-49837,1851488,-0.1047363,7.0628662,0
1300,1779177356267593976,1,1,50,-24640,1851488,-38323,30996,660126,20983,-358200,-47020,1851488,-0.0939941,7.0628662,0
1301,1779177356272573427,1,1,50,-21856,1851488,-38499,31912,661016,21721,-359089,-44237,1851488,-0.0833740,7.0628662,0
1302,1779177356277545966,1,1,50,-20176,1851488,-38659,32761,662084,22548,-359773,-42547,1851488,-0.0769653,7.0628662,0
1303,1779177356282551466,1,1,50,-19488,1851488,-38141,30959,662796,23396,-359901,-41865,1851488,-0.0743408,7.0628662,0
1304,1779177356287557478,1,1,50,-19072,1851488,-38280,31786,663924,24235,-358803,-41448,1851488,-0.0727539,7.0628662,0
1305,1779177356292608003,1,1,50,-63584,1851488,-38788,29947,665051,25044,-356321,-41202,1851488,-0.2425537,7.0628662,0
1306,1779177356297595262,1,1,50,-17600,1851488,-38929,30709,666654,25860,-352362,-39979,1851488,-0.0671387,7.0628662,0
1307,1779177356302588025,1,1,50,-16384,1851488,-38418,28972,667662,26665,-347871,-38767,1851488,-0.0625000,7.0628662,0
1308,1779177356307588981,1,1,50,-59984,1851488,-38539,29753,669561,27457,-343694,-37615,1851488,-0.2288208,7.0628662,0
1309,1779177356312547568,1,1,50,-59120,1851488,-38899,27641,671164,28213,-340738,-36738,1851488,-0.2255249,7.0628662,0
1310,1779177356317545995,1,1,50,-57408,1851488,-39021,28355,673003,29021,-339062,-35037,1851488,-0.2189941,7.0628662,0
1311,1779177356322600488,1,1,50,-55952,1851488,-38514,26640,674546,29881,-339307,-33578,1851488,-0.2134399,7.0628662,0
1312,1779177356327569475,1,1,50,-54720,1851488,-38609,27286,675970,30776,-341382,-32337,1851488,-0.2087402,7.0628662,0
1313,1779177356332591519,1,1,50,-53808,1851488,-38694,27884,677038,31731,-344037,-31424,1851488,-0.2052612,7.0628662,0
1314,1779177356337612859,1,1,50,-53104,1851488,-38768,28427,678641,32730,-346111,-30734,1851488,-0.2025757,7.0628662,0
1315,1779177356342591766,1,1,50,-52576,1851488,-39068,26976,679946,33741,-346576,-30197,1851488,-0.2005615,7.0628662,0
1316,1779177356347799607,1,1,50,-51248,1851488,-38535,25180,681964,34767,-344800,-28870,1851488,-0.1954956,7.0628662,0
1317,1779177356352620974,1,1,50,-49632,1851488,-38609,25709,683566,35842,-339554,-27255,1851488,-0.1893311,7.0628662,0
1318,1779177356357871856,1,1,50,-48288,1851488,-38075,23963,685346,36984,-332379,-25904,1851488,-0.1842041,7.0628662,0
1319,1779177356362590501,1,1,50,-47200,1851488,-38359,21580,687127,37940,-326150,-24823,1851488,-0.1800537,7.0628662,0
1320,1779177356367580256,1,1,50,-45200,1851488,-38408,22070,689619,38966,-318356,-22824,1851488,-0.1724243,7.0628662,0
1321,1779177356372581916,1,1,50,-43440,1851488,-38439,22537,692052,39967,-310251,-21064,1851488,-0.1657104,7.0628662,0
1322,1779177356377576023,1,1,50,-42304,1851488,-37948,21025,694723,40897,-302715,-19931,1851488,-0.1613770,7.0628662,0
1323,1779177356382554898,1,1,50,-41584,1851488,-37953,21501,696443,41730,-296531,-19206,1851488,-0.1586304,7.0628662,0
1324,1779177356387569582,1,1,50,-41072,1851488,-37948,21965,698046,42484,-291606,-18696,1851488,-0.1566772,7.0628662,0
1325,1779177356392589450,1,1,50,-40608,1851488,-37840,19752,699767,43173,-287027,-18228,1851488,-0.1549072,7.0628662,0
1326,1779177356397585734,1,1,50,-39056,1851488,-37367,18348,701844,43878,-280969,-16679,1851488,-0.1489868,7.0628662,0
1327,1779177356402597730,1,1,50,-37344,1851488,-37360,18790,704277,44594,-272730,-14973,1851488,-0.1424561,7.0628662,0
1328,1779177356407596477,1,1,50,-20112,1851488,-37340,19234,707066,45263,-262488,-13654,1851488,-0.0767212,7.0628662,0
1329,1779177356412583992,1,1,50,-28992,1851488,-36896,15325,709261,45821,-250968,-12805,1851488,-0.1105957,7.0628662,0
1330,1779177356417579124,1,1,50,-6528,1851488,-36890,15844,711813,46313,-238589,-11183,1851488,-0.0249023,7.0628662,0
1331,1779177356422559791,1,1,50,12656,1851488,-36875,16391,714306,46714,-226682,-9718,1851488,0.0482788,7.0628662,0
1332,1779177356427583787,1,1,50,13600,1851488,-36838,16911,717095,47008,-216095,-8768,1851488,0.0518799,7.0628662,0
1333,1779177356432581127,1,1,50,14144,1851488,-36377,15875,720240,47189,-207390,-8237,1851488,0.0539551,7.0628662,0
1334,1779177356437587810,1,1,50,14432,1851488,-36320,16431,722851,47271,-200417,-7940,1851488,0.0550537,7.0628662,0
1335,1779177356442596830,1,1,50,-29984,1851488,-36569,14964,725521,47287,-194641,-7611,1851488,-0.1143799,7.0628662,0
1336,1779177356447596666,1,1,50,-28560,1851488,-36131,14021,727776,47327,-188474,-6181,1851488,-0.1089478,7.0628662,0
1337,1779177356452606518,1,1,50,17664,-1851504,-36071,14574,730625,47391,-181596,-4713,1851488,0.0673828,-7.0629272,0
1338,1779177356457601457,1,1,50,18768,-1851504,-36000,15123,733532,47441,-174501,-3608,-1851504,0.0715942,-7.0629272,0
1339,1779177356462593805,1,1,50,19504,1851488,-36218,13618,736262,47451,-167384,-2869,-1851504,0.0744019,7.0628662,0
1340,1779177356467601352,1,1,50,21024,1851488,-35794,12819,738873,47470,-159514,-1354,1851488,0.0802002,7.0628662,0
1341,1779177356472634341,1,1,50,22320,-1851504,-35721,13404,742078,47477,-151266,-60,1851488,0.0851440,-7.0629272,0
1342,1779177356477584735,1,1,50,-21568,-243984,-35637,13981,745342,47437,-143141,822,-1851504,-0.0822754,-0.9307251,0
1343,1779177356482604667,1,1,50,23728,1851488,-35204,13305,748427,47329,-134800,1363,-243984,0.0905151,7.0628662,0
1344,1779177356487552054,1,1,50,23936,1851488,-35097,13914,751751,47136,-126717,1577,1851488,0.0913086,7.0628662,0
1345,1779177356492605682,1,1,50,24144,1851488,-35211,12573,754955,46855,-119080,1790,1851488,0.0921021,7.0628662,0
1346,1779177356497596526,1,1,50,20832,1851488,-34801,12013,758100,46578,-112166,3092,1851488,0.0794678,7.0628662,0
1347,1779177356502592585,1,1,50,25504,1851488,-34691,12650,760889,46303,-105810,4293,1851488,0.0972900,7.0628662,0
1348,1779177356507586821,1,1,50,-2272,1851488,-34563,13259,764272,46018,-99556,5162,1851488,-0.0086670,7.0628662,0
1349,1779177356512608449,1,1,50,16640,1851488,-34550,11536,767358,45699,-93314,5709,1851488,0.0634766,7.0628662,0
1350,1779177356517547739,1,1,50,-15152,1851488,-34161,11106,770622,45421,-86887,7244,1851488,-0.0578003,7.0628662,0
1351,1779177356522553399,1,1,50,-13888,1851488,-34033,11733,773945,45151,-80411,8496,1851488,-0.0529785,7.0628662,0
1352,1779177356527581299,1,1,50,-13088,1851488,-33887,12339,776971,44858,-74028,9299,1851488,-0.0499268,7.0628662,0
1353,1779177356532590639,1,1,50,-12656,1851488,-33730,12950,780769,44526,-67434,9742,1851488,-0.0482788,7.0628662,0
1354,1779177356537551305,1,1,50,-12352,1851488,-33321,12652,784745,44144,-60125,10041,1851488,-0.0471191,7.0628662,0
1355,1779177356542590182,1,1,50,-12336,1851488,-33376,11999,788721,43675,-51850,10057,1851488,-0.0470581,7.0628662,0
1356,1779177356547568289,1,1,50,-11568,1851488,-33199,12630,792282,43165,-42961,10818,1851488,-0.0441284,7.0628662,0
1357,1779177356552559708,1,1,50,-10736,1851488,-32796,12458,795723,42604,-34306,11662,1851488,-0.0409546,7.0628662,0
1358,1779177356557611001,1,1,50,-10384,1851488,-32596,13149,799343,41959,-26512,12010,1851488,-0.0396118,7.0628662,0
1359,1779177356562853307,1,1,50,-10272,1851488,-32625,12258,802607,41206,-19389,12115,1851488,-0.0391846,7.0628662,0
1360,1779177356567649905,1,1,50,-9392,1851488,-32434,12908,805218,40504,-13648,12993,1851488,-0.0358276,7.0628662,0
1361,1779177356572602892,1,1,50,-8448,1851488,-32212,13525,808601,39791,-8348,13948,1851488,-0.0322266,7.0628662,0
1362,1779177356577606824,1,1,50,-7744,1851488,-31807,13507,812577,39073,-3702,14640,1851488,-0.0295410,7.0628662,0
1363,1779177356582623204,1,1,50,-7632,1851488,-31553,14107,816434,38327,633,14753,1851488,-0.0291138,7.0628662,0
1364,1779177356587637280,1,1,50,-7696,1851488,-31286,14696,820232,37548,5130,14693,1851488,-0.0293579,7.0628662,0
1365,1779177356592761118,1,1,50,-7696,1851488,-31306,13708,824386,36721,10179,14690,1851488,-0.0293579,7.0628662,0
1366,1779177356597338287,1,1,50,-6752,1851488,-30943,13774,828421,35947,14548,15637,1851488,-0.0257568,7.0628662,0
1367,1779177356602822455,1,1,50,-6080,1851488,-30618,14327,831804,35103,21309,16310,1851488,-0.0231934,7.0628662,0
1368,1779177356607643054,1,1,50,-5728,1851488,-30329,14833,835067,34317,25730,16658,1851488,-0.0218506,7.0628662,0
1369,1779177356612879568,1,1,50,-5568,1851488,-30221,13560,838806,33438,30011,16816,1851488,-0.0212402,7.0628662,0
1370,1779177356617880171,1,1,50,-4608,1851488,-29839,13727,842367,32635,33470,17776,1851488,-0.0175781,7.0628662,0
1371,1779177356622377818,1,1,50,-4032,1851488,-29557,14135,845749,31895,35466,18354,1851488,-0.0153809,7.0628662,0
1372,1779177356627610044,1,1,50,-3760,1851488,-29195,14509,849725,31098,39482,18627,1851488,-0.0143433,7.0628662,0
1373,1779177356632672857,1,1,50,-3680,1851488,-28826,14827,853820,30302,43014,18712,1851488,-0.0140381,7.0628662,0
1374,1779177356637619283,1,1,50,-3616,1851488,-28442,15073,857914,29506,46820,18769,1851488,-0.0137939,7.0628662,0
1375,1779177356642569581,1,1,50,-3568,1851488,-28278,12604,862306,28685,51222,18819,1851488,-0.0136108,7.0628662,0
1376,1779177356647610218,1,1,50,-2432,1851488,-27916,12854,866222,27888,56832,19967,1851488,-0.0092773,7.0628662,0
1377,1779177356652619782,1,1,50,-1408,1851488,-27534,13047,869961,27102,62650,20986,1851488,-0.0053711,7.0628662,0
1378,1779177356657686339,1,1,50,-976,1851488,-27126,13192,873877,26270,68026,21423,1851488,-0.0037231,7.0628662,0
1379,1779177356662679935,1,1,50,-992,1851488,-26868,11899,877557,25391,71923,21395,1851488,-0.0037842,7.0628662,0
1380,1779177356667582232,1,1,50,-400,1851488,-26549,12264,881414,24535,74330,21988,1851488,-0.0015259,7.0628662,0
1381,1779177356672609524,1,1,50,-160,1851488,-26133,12301,886280,23668,75536,22229,1851488,-0.0006104,7.0628662,0
1382,1779177356677610416,1,1,50,-176,1851488,-25714,12312,890849,22817,75852,22208,1851488,-0.0006714,7.0628662,0
1383,1779177356682612235,1,1,50,-304,1851488,-25287,12286,895359,21987,76107,22082,1851488,-0.0011597,7.0628662,0
1384,1779177356687595366,1,1,50,-432,1851488,-24968,12668,899751,21180,76667,21960,1851488,-0.0016479,7.0628662,0
1385,1779177356692601314,1,1,50,-784,1851488,-24755,10203,903549,20367,77591,21611,1851488,-0.0029907,7.0628662,0
1386,1779177356697655327,1,1,50,272,1851488,-24353,10123,906457,19634,79975,22657,1851488,0.0010376,7.0628662,0
1387,1779177356702699932,1,1,50,1264,1851488,-23950,10044,910017,18953,83420,23655,1851488,0.0048218,7.0628662,0
1388,1779177356707600245,1,1,50,1680,1851488,-23556,9965,913637,18284,86915,24073,1851488,0.0064087,7.0628662,0
1389,1779177356712632049,1,1,50,1584,1851488,-23298,7584,917435,17551,90666,23983,1851488,0.0060425,7.0628662,0
1390,1779177356717835186,1,1,50,2416,1851488,-23068,8079,921826,16750,95173,24815,1851488,0.0092163,7.0628662,0
1391,1779177356722731723,1,1,50,2816,1851488,-22712,8027,926455,16022,101094,25211,1851488,0.0107422,7.0628662,0
1392,1779177356727598595,1,1,50,2720,1851488,-22355,7991,930193,15210,108230,25106,1851488,0.0103760,7.0628662,0
1393,1779177356732605791,1,1,50,2304,1851488,-21988,7979,934229,14243,116660,24689,1851488,0.0087891,7.0628662,0
1394,1779177356737566458,1,1,50,1744,1851488,-21625,8006,938264,13125,125423,24130,1851488,0.0066528,7.0628662,0
1395,1779177356742691224,1,1,50,1152,1851488,-21312,6315,941647,11802,133961,23537,1851488,0.0043945,7.0628662,0
1396,1779177356747564689,1,1,50,1456,1851488,-20983,6385,944851,10455,140971,23846,1851488,0.0055542,7.0628662,0
1397,1779177356752599597,1,1,50,1680,1851488,-20815,7121,949183,8990,146112,24078,1851488,0.0064087,7.0628662,0
1398,1779177356757769645,1,1,50,1328,1851488,-20479,7249,954346,7408,149021,23719,1851488,0.0050659,7.0628662,0
1399,1779177356762527523,1,1,50,8848,1851488,-20289,6083,959093,5909,149963,23083,1851488,0.0337524,7.0628662,0
1400,1779177356767689218,1,1,50,45520,1851488,-19981,6211,964493,4315,151348,23167,1851488,0.1736450,7.0628662,0
1401,1779177356772578875,1,1,50,880,1851488,-19682,6290,969241,2835,152142,23279,1851488,0.0033569,7.0628662,0
1402,1779177356777569687,1,1,50,720,1851488,-19381,6376,973276,1344,152632,23117,1851488,0.0027466,7.0628662,0
1403,1779177356782611347,1,1,50,45088,1851488,-19087,6486,976540,-148,152875,22726,1851488,0.1719971,7.0628662,0
1404,1779177356787566606,1,1,50,44640,1851488,-18794,6566,979685,-1602,153068,22286,1851488,0.1702881,7.0628662,0
1405,1779177356792588266,1,1,50,-560,1851488,-18909,5597,983364,-3063,153271,21832,1851488,-0.0021362,7.0628662,0
1406,1779177356797556741,1,1,50,44528,1851488,-18655,5680,987340,-4448,153809,22160,1851488,0.1698608,7.0628662,0
1407,1779177356802671875,1,1,50,44768,1851488,-18401,5787,991257,-5826,155173,22412,1851488,0.1707764,7.0628662,0
1408,1779177356807613757,1,1,50,-112,1851488,-18156,5890,994936,-7152,157162,22285,1851488,-0.0004272,7.0628662,0
1409,1779177356812608537,1,1,50,44208,-1851504,-18127,4468,998141,-8521,160232,21841,1851488,0.1686401,-7.0629272,0
1410,1779177356817668630,1,1,50,-320,-1851504,-17732,3931,1003838,-11329,170836,22066,-1851504,-0.0012207,-7.0629272,0
1411,1779177356822633456,1,1,50,44432,-1851504,-17521,4089,1003838,-11329,170836,22066,-1851504,0.1694946,-7.0629272,0
1412,1779177356827688813,1,1,50,44192,-1851504,-17497,4983,1006330,-12844,176827,21838,-1851504,0.1685791,-7.0629272,0
1413,1779177356832713098,1,1,50,43504,-1851504,-17291,5194,1009534,-14485,181220,21140,-1851504,0.1659546,-7.0629272,0
1414,1779177356837590562,1,1,50,42608,-1851504,-17094,5413,1013273,-16177,183550,20252,-1851504,0.1625366,-7.0629272,0
1415,1779177356842592222,1,1,50,41808,-1851504,-17086,3458,1016952,-17964,184163,19449,-1851504,0.1594849,-7.0629272,0
1416,1779177356847835295,1,1,50,42320,-1851504,-16942,3774,1021403,-19765,184617,19952,-1851504,0.1614380,-7.0629272,0
1417,1779177356852661495,1,1,50,42720,-1851504,-16789,3989,1025260,-21357,185146,20367,-1851504,0.1629639,-7.0629272,0
1418,1779177356857555088,1,1,50,42592,-1851504,-16652,4268,1028346,-22947,186151,20236,-1851504,0.1624756,-7.0629272,0
1419,1779177356862559915,1,1,50,42048,-1851504,-16515,4562,1031372,-24584,187059,19691,-1851504,0.1604004,-7.0629272,0
1420,1779177356867638089,1,1,50,41296,-1851504,-16547,5512,1034162,-26267,186988,18933,-1851504,0.1575317,-7.0629272,0
1421,1779177356872564963,1,1,50,-4320,-1851504,-16446,4028,1037485,-27909,185532,18070,-1851504,-0.0164795,-7.0629272,0
1422,1779177356877558366,1,1,50,40608,-1851504,-16355,4349,1041223,-29490,184265,18248,-1851504,0.1549072,-7.0629272,0
1423,1779177356882638460,1,1,50,40816,-1851504,-16264,4674,1044665,-31016,183929,18451,-1851504,0.1557007,-7.0629272,0
1424,1779177356887686489,1,1,50,40592,-1851504,-16178,5017,1047514,-32498,184259,18231,-1851504,0.1548462,-7.0629272,0
1425,1779177356892780118,1,1,50,40032,-1851504,-15900,4367,1049828,-33995,184678,17677,-1851504,0.1527100,-7.0629272,0
1426,1779177356897552396,1,1,50,39776,-1851504,-15832,4689,1051905,-35380,185226,17421,-1851504,0.1517334,-7.0629272,0
1427,1779177356902586217,1,1,50,39472,-1851504,-15772,5078,1053923,-36833,186473,17113,-1851504,0.1505737,-7.0629272,0
1428,1779177356908056016,1,1,50,38992,-1851504,-15718,5552,1055822,-38429,188319,16634,-1851504,0.1487427,-7.0629272,0
1429,1779177356912899752,1,1,50,38304,-1851504,-15660,5947,1058314,-39880,189587,15949,-1851504,0.1461182,-7.0629272,0
1430,1779177356917672478,1,1,50,37600,-1653904,-15733,6854,1061044,-41344,189999,15234,-1851504,0.1434326,-6.3091431,0
1431,1779177356922545302,1,1,50,36848,-1851504,-15613,6057,1063536,-42858,189683,14488,-1653904,0.1405640,-7.0629272,0
1432,1779177356927631412,1,1,50,36848,-1851504,-15703,7023,1066325,-44391,189927,14488,-1851504,0.1405640,-7.0629272,0
1433,1779177356932539533,1,1,50,36608,-1851504,-15538,6925,1068818,-45851,190953,14243,-1851504,0.1396484,-7.0629272,0
1434,1779177356937633291,1,1,50,36096,-1851504,-15507,7414,1070954,-47381,192194,13731,-1851504,0.1376953,-7.0629272,0
1435,1779177356942597062,1,1,50,35424,-1851504,-15341,6804,1072912,-48900,192840,13071,-1851504,0.1351318,-7.0629272,0
1436,1779177356947561729,1,1,50,35200,-1851504,-15321,7268,1074989,-50405,192858,12840,-1851504,0.1342773,-7.0629272,0
1437,1779177356952594109,1,1,50,34896,-1851504,-15308,7769,1077541,-51914,192339,12528,-1851504,0.1331177,-7.0629272,0
1438,1779177356957553464,1,1,50,-10352,-1851504,-15288,8244,1080152,-53384,191780,12034,-1851504,-0.0394897,-7.0629272,0
1439,1779177356962589236,1,1,50,33744,-1851504,-15270,8744,1082348,-54868,191507,11390,-1851504,0.1287231,-7.0629272,0
1440,1779177356967602224,1,1,50,33040,-1851504,-15248,9236,1083950,-56344,191456,10681,-1851504,0.1260376,-7.0629272,0
1441,1779177356972613708,1,1,50,32352,-1851504,-14963,8774,1084959,-57820,191334,9984,-1851504,0.1234131,-7.0629272,0
1442,1779177356977594183,1,1,50,32096,-1851504,-14955,9274,1085730,-59255,191276,9729,-1851504,0.1224365,-7.0629272,0
1443,1779177356982570658,1,1,50,31776,-1851504,-14940,9762,1086739,-60664,190991,9416,-1851504,0.1212158,-7.0629272,0
1444,1779177356987600798,1,1,50,31280,-1851504,-14930,10276,1088163,-62076,189978,8917,-1851504,0.1193237,-7.0629272,0
1445,1779177356992626523,1,1,50,30656,-1851504,-14677,10083,1090003,-63467,187792,8291,-1851504,0.1169434,-7.0629272,0
1446,1779177356997597429,1,1,50,30208,-1851504,-14673,10563,1091605,-64788,184632,7854,-1851504,0.1152344,-7.0629272,0
1447,1779177357002556080,1,1,50,29792,-1851504,-14661,11009,1092495,-66026,181253,7433,-1851504,0.1136475,-7.0629272,0
1448,1779177357007683438,1,1,50,29328,-1851504,-14652,11481,1093504,-67225,178284,6970,-1851504,0.1118774,-7.0629272,0
1449,1779177357012557415,1,1,50,28800,-1851504,-14633,11892,1094513,-68304,175903,6438,-1851504,0.1098633,-7.0629272,0
1450,1779177357017644036,1,1,50,28224,-1851504,-14619,12343,1095759,-69385,173405,5871,-1851504,0.1076660,-7.0629272,0
1451,1779177357022729473,1,1,50,27648,-1851504,-14327,11887,1096768,-70419,170633,5286,-1851504,0.1054688,-7.0629272,0
1452,1779177357027673723,1,1,50,27344,-1851504,-14313,12295,1097124,-71352,167381,4989,-1851504,0.1043091,-7.0629272,0
1453,1779177357032637846,1,1,50,27344,-1851504,-14407,13106,1097539,-72190,163426,4989,-1851504,0.1043091,-7.0629272,0
1454,1779177357037587536,1,1,50,26864,-1851504,-14264,13014,1098192,-72948,158737,4509,-1851504,0.1024780,-7.0629272,0
1455,1779177357042738415,1,1,50,26224,-1851504,-14185,13505,1098845,-73655,153591,3858,-1851504,0.1000366,-7.0629272,0
1456,1779177357047641544,1,1,50,25520,-1851504,-14263,14233,1098607,-74239,148475,3166,-1851504,0.0973511,-7.0629272,0
1457,1779177357052552481,1,1,50,24944,-1851504,-14237,14517,1096412,-74724,143249,2588,-1851504,0.0951538,-7.0629272,0
1458,1779177357057564893,1,1,50,24544,-1851504,-14207,14782,1093267,-75100,137951,2191,-1851504,0.0936279,-7.0629272,0
1459,1779177357062615801,1,1,50,24240,-1851504,-14182,15047,1084662,-75330,132539,1875,-1851504,0.0924683,-7.0629272,0
1460,1779177357068268388,1,1,50,-20736,-1851504,-13968,14572,1075701,-75415,126461,1652,-1851504,-0.0791016,-7.0629272,0
1461,1779177357073066363,1,1,50,-20896,-1851504,-13738,12786,1064604,-75311,120186,1489,-1851504,-0.0797119,-7.0629272,0
1462,1779177357079075791,1,1,50,-20000,-1851504,-13771,13087,1054813,-74912,113516,2391,-1851504,-0.0762939,-7.0629272,0
1463,1779177357082671080,1,1,50,-19216,-1851504,-13847,13476,1054694,-74583,108106,3170,-1851504,-0.0733032,-7.0629272,0
1464,1779177357087637762,1,1,50,-18912,-1851504,-13645,12886,1060272,-73983,103255,3474,-1851504,-0.0721436,-7.0629272,0
1465,1779177357092784385,1,1,50,-18912,-1851504,-13752,12991,1067690,-73312,99228,3474,-1851504,-0.0721436,-7.0629272,0
1466,1779177357097707258,1,1,50,-19504,-1851504,-13842,13462,1075583,-72681,95749,2886,-1851504,-0.0744019,-7.0629272,0
1467,1779177357102566194,1,1,50,-20272,-1851504,-13843,13581,1081636,-72082,92385,2113,-1851504,-0.0773315,-7.0629272,0
1468,1779177357107572206,1,1,50,-20976,-1851504,-13839,13689,1086442,-71480,88974,1411,-1851504,-0.0800171,-7.0629272,0
1469,1779177357112564265,1,1,50,-21600,-1851504,-13834,13804,1088697,-70878,85659,793,-1851504,-0.0823975,-7.0629272,0
1470,1779177357117648422,1,1,50,-22144,-1851504,-13696,12371,1087392,-70245,82072,244,-1851504,-0.0844727,-7.0629272,0
1471,1779177357122630017,1,1,50,-22128,-1851504,-13712,12473,1085018,-69561,77917,262,-1851504,-0.0844116,-7.0629272,0
1472,1779177357127776256,1,1,50,-22160,-1851504,-13732,12579,1077838,-68761,72311,236,-1851504,-0.0845337,-7.0629272,0
1473,1779177357132603383,1,1,50,-22288,-1851504,-13749,12648,1069233,-67903,64657,98,-1851504,-0.0850220,-7.0629272,0
1474,1779177357137634291,1,1,50,-22288,-1851504,-13825,12927,1059441,-66843,55519,98,-1851504,-0.0850220,-7.0629272,0
1475,1779177357142598862,1,1,50,-22160,-1851504,-13601,12313,1055228,-65623,46368,233,-1851504,-0.0845337,-7.0629272,0
1476,1779177357147644938,1,1,50,-21936,-1851504,-13616,12281,1058907,-64231,38563,453,-1851504,-0.0836792,-7.0629272,0
1477,1779177357152536003,1,1,50,-21920,-1851504,-13629,12242,1061044,-62776,32521,465,-1851504,-0.0836182,-7.0629272,0
1478,1779177357157614720,1,1,50,-22144,-1851504,-13637,12187,1062883,-61209,28220,247,-1851504,-0.0844727,-7.0629272,0
1479,1779177357162517561,1,1,50,-22512,-1851504,-13642,12130,1059976,-59679,25256,-130,-1851504,-0.0858765,-7.0629272,0
1480,1779177357167611510,1,1,50,-22928,-1851504,-13646,12080,1055109,-58099,23226,-558,-1851504,-0.0874634,-7.0629272,0
1481,1779177357172632338,1,1,50,-23280,-1851504,-13475,10395,1052854,-56573,22232,-910,-1851504,-0.0888062,-7.0629272,0
1482,1779177357177597325,1,1,50,-22896,-1851504,-13502,10358,1053329,-55072,22774,-523,-1851504,-0.0873413,-7.0629272,0
1483,1779177357182609224,1,1,50,-22672,-1851504,-13526,10341,1053092,-53607,23877,-295,-1851504,-0.0864868,-7.0629272,0
1484,1779177357187610724,1,1,50,-22880,-1851504,-13545,10326,1051252,-52229,24052,-504,-1851504,-0.0872803,-7.0629272,0
1485,1779177357192615231,1,1,50,-23376,-1851504,-13327,9401,1048997,-50930,22021,-992,-1851504,-0.0891724,-7.0629272,0
1486,1779177357197605626,1,1,50,-23552,-1851504,-13356,9366,1047395,-49648,17587,-1172,-1851504,-0.0898438,-7.0629272,0
1487,1779177357202613493,1,1,50,-23680,-1851504,-13382,9316,1045852,-48321,11668,-1304,-1851504,-0.0903320,-7.0629272,0
1488,1779177357207604657,1,1,50,-23840,-1851504,-13407,9251,1043597,-46931,5936,-1470,-1851504,-0.0909424,-7.0629272,0
1489,1779177357212600172,1,1,50,-24032,-1851504,-13430,9177,1040808,-45480,1514,-1653,-1851504,-0.0916748,-7.0629272,0
1490,1779177357217608583,1,1,50,-24240,-1851504,-13446,9081,1037722,-43995,-1316,-1863,-1851504,-0.0924683,-7.0629272,0
1491,1779177357222653092,1,1,50,-24512,-1851504,-13273,9318,1034696,-42509,-2608,-2134,-1851504,-0.0935059,-7.0629272,0
1492,1779177357227637119,1,1,50,-25056,-1851504,-13275,9227,1031254,-41099,-2764,-2685,-1851504,-0.0955811,-7.0629272,0
1493,1779177357232609849,1,1,50,-25632,-1851504,-13279,9164,1028346,-39774,-2478,-3256,-1851504,-0.0977783,-7.0629272,0
1494,1779177357237617781,1,1,50,-26112,-1851504,-13274,9081,1025557,-38523,-2472,-3741,-1851504,-0.0996094,-7.0629272,0
1495,1779177357242611984,1,1,50,-26560,-1851504,-13172,8147,1022530,-37345,-3097,-4178,-1851504,-0.1013184,-7.0629272,0
1496,1779177357247601227,1,1,50,-26624,-1851504,-13195,8124,1019623,-36200,-4575,-4244,-1851504,-0.1015625,-7.0629272,0
1497,1779177357252617607,1,1,50,-15472,-1851504,-13199,8029,1016952,-35050,-7386,-4133,-1851504,-0.0590210,-7.0629272,0
1498,1779177357257601314,1,1,50,-26544,-1851504,-13206,7943,1013807,-33892,-11373,-4161,-1851504,-0.1012573,-7.0629272,0
1499,1779177357262604989,1,1,50,18016,-1851504,-13207,7825,1010840,-32702,-15352,-4358,-1851504,0.0687256,-7.0629272,0
1500,1779177357267594456,1,1,50,17696,-1851504,-13208,7704,1007635,-31498,-18303,-4672,-1851504,0.0675049,-7.0629272,0
1501,1779177357272657525,1,1,50,17312,-1851504,-13206,7572,1003778,-30286,-20557,-5071,-1851504,0.0660400,-7.0629272,0
1502,1779177357277612783,1,1,50,16864,-1851504,-13095,6321,1000336,-29127,-22902,-5505,-1851504,0.0643311,-7.0629272,0
1503,1779177357282590250,1,1,50,-27824,-1851504,-13111,6179,996598,-27954,-25290,-5454,-1851504,-0.1061401,-7.0629272,0
1504,1779177357287609350,1,1,50,-27808,-1851504,-13126,6031,992266,-26764,-27670,-5434,-1851504,-0.1060791,-7.0629272,0
1505,1779177357292638498,1,1,50,16736,-1851504,-13233,5415,988468,-25581,-29816,-5641,-1851504,0.0638428,-7.0629272,0
1506,1779177357297602716,1,1,50,-28160,-1851504,-13260,5280,985085,-24425,-31213,-5784,-1851504,-0.1074219,-7.0629272,0
1507,1779177357302607319,1,1,50,-28400,-1851504,-13274,5101,980872,-23291,-31860,-6027,-1851504,-0.1083374,-7.0629272,0
1508,1779177357307656244,1,1,50,-28208,-1851504,-13296,4961,976243,-22162,-31543,-5830,-1851504,-0.1076050,-7.0629272,0
1509,1779177357312639023,1,1,50,16608,-1851504,-13319,4844,971852,-21092,-30542,-5761,-1851504,0.0633545,-7.0629272,0
1510,1779177357317612809,1,1,50,-28416,-1851504,-13365,4835,967995,-20102,-29668,-6042,-1851504,-0.1083984,-7.0629272,0
1511,1779177357322636805,1,1,50,-29296,-1851504,-13363,3536,963485,-19215,-30141,-6926,-1851504,-0.1117554,-7.0629272,0
1512,1779177357327606592,1,1,50,-29728,-1851504,-13418,3480,958797,-18389,-31858,-7348,-1851504,-0.1134033,-7.0629272,0
1513,1779177357332602011,1,1,50,-30000,-1851504,-13483,3455,954761,-17577,-34416,-7631,-1851504,-0.1144409,-7.0629272,0
1514,1779177357337607638,1,1,50,-30320,-1851504,-13506,3267,950904,-16768,-37450,-7947,-1851504,-0.1156616,-7.0629272,0
1515,1779177357342622546,1,1,50,-30384,-1851504,-13373,2384,946750,-15935,-40459,-8001,-1851504,-0.1159058,-7.0629272,0
1516,1779177357347626190,1,1,50,-30272,-1851504,-13502,2533,942833,-15074,-42840,-7893,-1851504,-0.1154785,-7.0629272,0
1517,1779177357352962993,1,1,50,-30768,-1851504,-13531,2296,938501,-14145,-44383,-8392,-1851504,-0.1173706,-7.0629272,0
1518,1779177357357647653,1,1,50,-31104,-1851504,-13615,2310,934169,-13390,-45173,-8726,-1851504,-0.1186523,-7.0629272,0
1519,1779177357362617119,1,1,50,13200,-1851504,-13692,2291,929897,-12636,-45872,-9173,-1851504,0.0503540,-7.0629272,0
1520,1779177357367605658,1,1,50,12592,-1851504,-13714,2055,925624,-11938,-47218,-9791,-1851504,0.0480347,-7.0629272,0
1521,1779177357372642582,1,1,50,12320,-1851504,-13695,1675,921233,-11256,-49546,-10053,-1851504,0.0469971,-7.0629272,0
1522,1779177357377606289,1,1,50,12176,-1851504,-13788,1682,916663,-10581,-52677,-10192,-1851504,0.0464478,-7.0629272,0
1523,1779177357382597228,1,1,50,11888,-1851504,-13887,1701,912331,-9894,-56221,-10482,-1851504,0.0453491,-7.0629272,0
1524,1779177357387611176,1,1,50,11376,-1851504,-13987,1715,907821,-9204,-59696,-10999,-1851504,0.0433960,-7.0629272,0
1525,1779177357392635555,1,1,50,10704,-1851504,-14129,565,902896,-8528,-62620,-11676,-1851504,0.0408325,-7.0629272,0
1526,1779177357397613854,1,1,50,10560,-1851504,-14161,246,898267,-7847,-64022,-11823,-1851504,0.0402832,-7.0629272,0
1527,1779177357402610713,1,1,50,-33904,-1851504,-14284,287,893579,-7150,-63371,-11527,-1851504,-0.1293335,-7.0629272,0
1528,1779177357407747480,1,1,50,10720,-1851504,-14416,376,888832,-6489,-61208,-11657,-1851504,0.0408936,-7.0629272,0
1529,1779177357412734483,1,1,50,-34672,-1851504,-14551,516,883847,-5959,-58433,-12299,-1851504,-0.1322632,-7.0629272,0
1530,1779177357417603819,1,1,50,9088,-1851504,-14687,687,879337,-5579,-56522,-13285,-1851504,0.0346680,-7.0629272,0
1531,1779177357423886182,1,1,50,-36816,-1851504,-14664,-776,873759,-5252,-57870,-14432,-1851504,-0.1404419,-7.0629272,0
1532,1779177357427825895,1,1,50,-36816,-1851504,-14815,-526,869842,-5043,-57641,-14447,-1851504,-0.1404419,-7.0629272,0
1533,1779177357432614045,1,1,50,-36992,-1851504,-14980,-298,865392,-4815,-59757,-14615,-1851504,-0.1411133,-7.0629272,0
1534,1779177357437613689,1,1,50,-37584,-1851504,-15148,-78,861534,-4594,-62575,-15211,-1851504,-0.1433716,-7.0629272,0
1535,1779177357442774936,1,1,50,-38480,-1851504,-15289,-1023,857321,-4391,-65692,-16106,-1851504,-0.1467896,-7.0629272,0
1536,1779177357447572366,1,1,50,-38960,-1851504,-15328,-1349,853286,-4193,-68012,-16583,-1851504,-0.1486206,-7.0629272,0
1537,1779177357452611147,1,1,50,-38864,-1851504,-15525,-1097,849250,-3952,-69968,-16480,-1851504,-0.1482544,-7.0629272,0
1538,1779177357457602854,1,1,50,5648,-1851504,-15564,-1451,845215,-3712,-70933,-16726,-1851504,0.0215454,-7.0629272,0
1539,1779177357462617377,1,1,50,-39200,1851488,-15927,-527,841180,-3476,-70671,-16829,-1851504,-0.1495361,7.0628662,0
1540,1779177357467603324,1,1,50,-40528,1851488,-15955,-878,836551,-3348,-70376,-18146,1851488,-0.1546021,7.0628662,0
1541,1779177357472637016,1,1,50,-41488,1851488,-15963,-952,832278,-3299,-70648,-19107,1851488,-0.1582642,7.0628662,0
1542,1779177357477630035,1,1,50,-992,1851488,-16187,-578,828006,-3315,-72092,-20038,1851488,-0.0037842,7.0628662,0
1543,1779177357482605102,1,1,50,-43440,1851488,-16413,-201,823852,-3380,-74861,-21070,1851488,-0.1657104,7.0628662,0
1544,1779177357487598345,1,1,50,160,1851488,-16437,-593,819223,-3478,-78470,-22220,1851488,0.0006104,7.0628662,0
1545,1779177357492646342,1,1,50,-304,1851488,-16488,-1324,814772,-3549,-81840,-22686,1851488,-0.0011597,7.0628662,0
1546,1779177357497611136,1,1,50,-528,1851488,-16747,-900,810500,-3581,-84272,-22906,1851488,-0.0020142,7.0628662,0
1547,1779177357502617660,1,1,50,-45920,1851488,-16782,-1331,806049,-3622,-86071,-23549,1851488,-0.1751709,7.0628662,0
1548,1779177357507601847,1,1,50,-1520,1851488,-17045,-869,800946,-3661,-86575,-23898,1851488,-0.0057983,7.0628662,0
1549,1779177357512614930,1,1,50,-2272,1851488,-17307,-405,797029,-3746,-86531,-24650,1851488,-0.0086670,7.0628662,0
1550,1779177357517598477,1,1,50,-3552,1851488,-17576,97,793112,-3918,-86813,-25931,1851488,-0.0135498,7.0628662,0
1551,1779177357522618057,1,1,50,-5136,1851488,-17335,-1112,789255,-4189,-88312,-27517,1851488,-0.0195923,7.0628662,0
1552,1779177357527681542,1,1,50,-5744,1851488,-17627,-588,785279,-4471,-90587,-28124,1851488,-0.0219116,7.0628662,0
1553,1779177357532604319,1,1,50,-6416,1851488,-17930,-17,781778,-4746,-93419,-28792,1851488,-0.0244751,7.0628662,0
1554,1779177357537620219,1,1,50,-7504,1851488,-18235,540,778099,-5045,-97398,-29879,1851488,-0.0286255,7.0628662,0
1555,1779177357542631702,1,1,50,-9040,1851488,-18124,-494,774538,-5376,-101779,-31417,1851488,-0.0344849,7.0628662,0
1556,1779177357547611953,1,1,50,-9696,1851488,-18442,66,770503,-5669,-105455,-32072,1851488,-0.0369873,7.0628662,0
1557,1779177357552610957,1,1,50,-10368,1851488,-18774,669,766942,-5942,-108871,-32743,1851488,-0.0395508,7.0628662,0
1558,1779177357557668617,1,1,50,-11440,1851488,-18800,98,763500,-6229,-112790,-33809,1851488,-0.0436401,7.0628662,0
1559,1779177357562500288,1,1,50,-11952,1851488,-19142,756,760237,-6436,-115935,-34335,1851488,-0.0455933,7.0628662,0
1560,1779177357567569661,1,1,50,-12896,1851488,-19508,1456,757269,-6698,-120841,-35268,1851488,-0.0491943,7.0628662,0
1561,1779177357572612826,1,1,50,-14352,1851488,-19325,127,755193,-6971,-125582,-36724,1851488,-0.0547485,7.0628662,0
1562,1779177357577600661,1,1,50,-14912,1851488,-19726,894,752344,-7197,-129241,-37290,1851488,-0.0568848,7.0628662,0
1563,1779177357582569071,1,1,50,-15600,1851488,-20159,1781,749674,-7407,-132560,-37974,1851488,-0.0595093,7.0628662,0
1564,1779177357587569931,1,1,50,-16768,1851488,-20635,2812,745935,-7642,-136732,-39150,1851488,-0.0639648,7.0628662,0
1565,1779177357592621255,1,1,50,-18512,1851488,-20438,1462,741959,-7928,-142618,-40887,1851488,-0.0706177,7.0628662,0
1566,1779177357597568129,1,1,50,-19264,1851488,-20963,2617,737627,-8165,-149023,-41645,1851488,-0.0734863,7.0628662,0
1567,1779177357602592445,1,1,50,-20160,1851488,-20973,1831,734067,-8364,-156523,-42528,1851488,-0.0769043,7.0628662,0
1568,1779177357607567896,1,1,50,-20384,1851488,-21523,3085,730684,-8463,-163707,-42754,1851488,-0.0777588,7.0628662,0
1569,1779177357612720215,1,1,50,-20880,1851488,-22119,4469,727361,-8493,-171126,-43251,1851488,-0.0796509,7.0628662,0
1570,1779177357617370922,1,1,50,-21904,1851488,-22149,3675,724038,-8424,-175971,-44283,1851488,-0.0835571,7.0628662,0
1571,1779177357622595370,1,1,50,-22416,1851488,-22792,5125,720952,-8391,-182670,-44792,1851488,-0.0855103,7.0628662,0
1572,1779177357627576037,1,1,50,-23296,1851488,-23462,6724,717985,-8329,-186970,-45667,1851488,-0.0888672,7.0628662,0
1573,1779177357632603809,1,1,50,-24608,1851488,-23419,5766,715136,-8302,-190691,-46977,1851488,-0.0938721,7.0628662,0
1574,1779177357637572220,1,1,50,-25200,1851488,-24105,7506,712822,-8268,-193728,-47572,1851488,-0.0961304,7.0628662,0
1575,1779177357642612152,1,1,50,-25856,1851488,-23931,4064,710270,-8243,-197713,-48238,1851488,-0.0986328,7.0628662,0
1576,1779177357647605267,1,1,50,-24960,1851488,-24626,5855,707897,-8110,-201819,-47331,1851488,-0.0952148,7.0628662,0
1577,1779177357652623855,1,1,50,-24400,1851488,-24594,4816,705523,-7893,-206960,-46776,1851488,-0.0930786,7.0628662,0
1578,1779177357657622058,1,1,50,-23776,1851488,-25258,6567,703802,-7579,-212694,-46146,1851488,-0.0906982,7.0628662,0
1579,1779177357662642182,1,1,50,-23920,1851488,-25928,8341,701369,-7215,-219273,-46294,1851488,-0.0912476,7.0628662,0
1580,1779177357667624481,1,1,50,-24848,1851488,-26602,10135,700479,-6844,-226463,-47221,1851488,-0.0947876,7.0628662,0
1581,1779177357672629980,1,1,50,-26368,1851488,-27150,11725,701013,-6487,-233888,-48739,1851488,-0.1005859,7.0628662,0
1582,1779177357677623031,1,1,50,-27968,1851488,-27031,10524,702793,-6144,-240517,-50339,1851488,-0.1066895,7.0628662,0
1583,1779177357682625939,1,1,50,-28480,1851488,-27678,12170,705107,-5748,-245430,-50859,1851488,-0.1086426,7.0628662,0
1584,1779177357687572973,1,1,50,-28752,1851488,-28326,13844,707540,-5317,-248997,-51132,1851488,-0.1096802,7.0628662,0
1585,1779177357692609129,1,1,50,-29392,1851488,-27899,12396,709380,-4884,-252771,-51775,1851488,-0.1121216,7.0628662,0
1586,1779177357697585316,1,1,50,-29456,1851488,-28525,14007,708549,-4432,-256584,-51827,1851488,-0.1123657,7.0628662,0
1587,1779177357702608384,1,1,50,-29696,1851488,-28365,12693,704692,-3976,-261549,-52068,1851488,-0.1132812,7.0628662,0
1588,1779177357707642044,1,1,50,-29392,1851488,-28952,14203,698698,-3478,-267547,-51764,1851488,-0.1121216,7.0628662,0
1589,1779177357712646359,1,1,50,-29392,1851488,-29545,15725,692705,-2951,-275109,-51764,1851488,-0.1121216,7.0628662,0
1590,1779177357717616306,1,1,50,-30128,1851488,-29362,14311,686237,-2429,-284410,-52502,1851488,-0.1149292,7.0628662,0
1591,1779177357722616365,1,1,50,-30400,1851488,-29936,15064,680540,-1847,-294323,-52779,1851488,-0.1159668,7.0628662,0
1592,1779177357727615880,1,1,50,-30560,1851488,-30544,16459,676920,-1187,-303615,-52934,1851488,-0.1165771,7.0628662,0
1593,1779177357732622148,1,1,50,-31056,1851488,-30344,14901,675733,-474,-311299,-53432,1851488,-0.1184692,7.0628662,0
1594,1779177357737696897,1,1,50,-30960,1851488,-30935,16250,676682,329,-316101,-53343,1851488,-0.1181030,7.0628662,0
1595,1779177357742761886,1,1,50,-31136,1851488,-31396,16542,679768,1159,-317945,-53519,1851488,-0.1187744,7.0628662,0
1596,1779177357747929277,1,1,50,-31424,1851488,-31174,14901,684338,1993,-317596,-53795,1851488,-0.1198730,7.0628662,0
1597,1779177357752603728,1,1,50,-31104,1851488,-31780,16399,689441,2728,-314785,-53484,1851488,-0.1186523,7.0628662,0
1598,1779177357757734927,1,1,50,-31264,1851488,-31551,14797,691993,3480,-312343,-53641,1851488,-0.1192627,7.0628662,0
1599,1779177357762620167,1,1,50,-31040,1851488,-32122,16251,688966,4119,-309573,-53414,1851488,-0.1184082,7.0628662,0
1600,1779177357767620035,1,1,50,-31168,1851488,-31897,14709,682498,4655,-308584,-53544,1851488,-0.1188965,7.0628662,0
1601,1779177357772639071,1,1,50,-30912,1851488,-32453,15658,676979,5133,-309441,-53294,1851488,-0.1179199,7.0628662,0
1602,1779177357777623257,1,1,50,-31024,1851488,-33064,17152,672825,5563,-312052,-53396,1851488,-0.1183472,7.0628662,0
1603,1779177357782639349,1,1,50,-31776,1851488,-32824,15569,670214,5942,-315572,-54148,1851488,-0.1212158,7.0628662,0
1604,1779177357787628432,1,1,50,-32048,1851488,-33413,17040,669443,6324,-317989,-54424,1851488,-0.1222534,7.0628662,0
1605,1779177357792627403,1,1,50,-32544,1851488,-33856,17716,669858,6688,-319594,-54921,1851488,-0.1241455,7.0628662,0
1606,1779177357797633895,1,1,50,-33200,1851488,-33605,16107,670748,7017,-321390,-55582,1851488,-0.1266479,7.0628662,0
1607,1779177357802630274,1,1,50,-33168,1851488,-33373,14491,669917,7348,-323366,-55548,1851488,-0.1265259,7.0628662,0
1608,1779177357807632797,1,1,50,-32288,1851488,-33986,16110,667662,7733,-325534,-54660,1851488,-0.1231689,7.0628662,0
1609,1779177357812630361,1,1,50,-31792,1851488,-34615,17789,664755,8139,-328660,-54173,1851488,-0.1212769,7.0628662,0
1610,1779177357817635956,1,1,50,-32160,1851488,-34358,16122,662618,8528,-333041,-54536,1851488,-0.1226807,7.0628662,0
1611,1779177357822816084,1,1,50,-32224,1851488,-35135,17670,661253,8957,-337742,-54594,1851488,-0.1229248,7.0628662,0
1612,1779177357827809935,1,1,50,-32336,1851488,-35802,19419,660423,9396,-341599,-54713,1851488,-0.1233521,7.0628662,0
1613,1779177357832620678,1,1,50,-32752,1851488,-35530,17760,659770,9816,-344728,-55124,1851488,-0.1249390,7.0628662,0
1614,1779177357837641377,1,1,50,-32592,1851488,-36155,19419,658939,10277,-347338,-54966,1851488,-0.1243286,7.0628662,0
1615,1779177357842628412,1,1,50,-32560,1851488,-36885,20708,658346,10743,-349307,-54934,1851488,-0.1242065,7.0628662,0
1616,1779177357847636088,1,1,50,-32736,1851488,-36580,18951,657633,11194,-350843,-55118,1851488,-0.1248779,7.0628662,0
1617,1779177357852628115,1,1,50,-32400,1851488,-37143,20383,657337,11659,-351486,-54778,1851488,-0.1235962,7.0628662,0
1618,1779177357857614254,1,1,50,-32320,1851488,-36840,18629,656506,12105,-351635,-54694,1851488,-0.1232910,7.0628662,0
1619,1779177357862635082,1,1,50,-31840,1851488,-37354,19952,655913,12559,-351071,-54212,1851488,-0.1214600,7.0628662,0
1620,1779177357867635461,1,1,50,-31664,1851488,-37051,18201,655260,12986,-350102,-54032,1851488,-0.1207886,7.0628662,0
1621,1779177357872696162,1,1,50,-31152,1851488,-37444,18999,654607,13408,-348820,-53532,1851488,-0.1188354,7.0628662,0
1622,1779177357877645244,1,1,50,-31024,1851488,-37944,20222,653598,13782,-347607,-53401,1851488,-0.1183472,7.0628662,0
1623,1779177357882632727,1,1,50,-31520,1851488,-37634,18492,652589,14080,-346966,-53899,1851488,-0.1202393,7.0628662,0
1624,1779177357887618034,1,1,50,-31616,-1851504,-38107,19675,651877,14343,-346219,-53985,1851488,-0.1206055,-7.0629272,0
1625,1779177357892629486,1,1,50,-31936,1851488,-38592,20896,651343,14556,-345502,-54311,-1851504,-0.1218262,7.0628662,0
1626,1779177357897627433,1,1,50,-32656,-1851504,-38270,19171,651284,14700,-345070,-55024,1851488,-0.1245728,-7.0629272,0
1627,1779177357902617316,1,1,50,-32768,-1851504,-37970,17451,650809,14818,-344674,-55138,-1851504,-0.1250000,-7.0629272,0
1628,1779177357907624511,1,1,50,-32016,1851488,-38427,18686,650631,14973,-344242,-54395,-1851504,-0.1221313,7.0628662,0
1629,1779177357912643995,1,1,50,-31552,1851488,-38912,20023,650750,15144,-344365,-53935,1851488,-0.1203613,7.0628662,0
1630,1779177357917698680,1,1,50,-31968,-1851504,-38594,18276,651343,15287,-345493,-54337,1851488,-0.1219482,-7.0629272,0
1631,1779177357922642130,1,1,50,-32080,1851488,-39833,18927,651640,15427,-346652,-54455,-1851504,-0.1223755,7.0628662,0
1632,1779177357927633741,1,1,50,-31856,1851488,-40416,20420,652115,15595,-347500,-54234,1851488,-0.1215210,7.0628662,0
1633,1779177357932655049,1,1,50,-31904,-1851504,-41009,21944,652471,15764,-348042,-54287,1851488,-0.1217041,-7.0629272,0
1634,1779177357937636323,1,1,50,-32544,-1248448,-40669,20208,652827,15891,-348443,-54916,-1851504,-0.1241455,-4.7624512,0
1635,1779177357942619742,1,1,50,-32688,1851488,-41264,21820,653242,16010,-348285,-55065,-1248448,-0.1246948,7.0628662,0
1636,1779177357947605689,1,1,50,-32816,-1851504,-40924,20087,653064,16111,-347678,-55184,1851488,-0.1251831,-7.0629272,0
1637,1779177357952687095,1,1,50,-32352,1851488,-40599,18326,652649,16227,-346533,-54724,-1851504,-0.1234131,7.0628662,0
1638,1779177357957665201,1,1,50,-31248,-1851504,-41182,20079,652352,16389,-344570,-53621,1851488,-0.1192017,-7.0629272,0
1639,1779177357962652236,1,1,50,-30720,1851488,-41768,21859,652827,16555,-343047,-53092,-1851504,-0.1171875,7.0628662,0
1640,1779177357967704809,1,1,50,-30944,1851488,-41420,20127,653242,16680,-342780,-53325,1851488,-0.1180420,7.0628662,0
1641,1779177357972658915,1,1,50,-30944,1851488,-42462,19029,654251,16800,-343330,-53317,1851488,-0.1180420,7.0628662,0
1642,1779177357977639422,1,1,50,-29744,1851488,-43126,20920,654963,17005,-343960,-52124,1851488,-0.1134644,7.0628662,0
1643,1779177357982638745,1,1,50,-28960,1851488,-42789,19195,656269,17270,-344990,-51338,1851488,-0.1104736,7.0628662,0
1644,1779177357987639540,1,1,50,-28128,1851488,-43425,21086,657277,17596,-345916,-50510,1851488,-0.1072998,7.0628662,0
1645,1779177357992655120,1,1,50,-27824,1851488,-44038,22919,658168,17945,-346695,-50192,1851488,-0.1061401,7.0628662,0
1646,1779177357997621131,1,1,50,-27792,1851488,-43673,21195,658820,18288,-347192,-50174,1851488,-0.1060181,7.0628662,0
1647,1779177358002588037,1,1,50,-27424,1851488,-43327,19471,659829,18650,-347031,-49796,1851488,-0.1046143,7.0628662,0
1648,1779177358007689987,1,1,50,-26496,1851488,-43891,21334,660423,19067,-345962,-48875,1851488,-0.1010742,7.0628662,0
1649,1779177358012709982,1,1,50,-26096,1851488,-44442,23180,660719,19467,-344693,-48476,1851488,-0.0995483,7.0628662,0
1650,1779177358017636887,1,1,50,-26512,1851488,-44978,25001,660779,19794,-344187,-48895,1851488,-0.1011353,7.0628662,0
1651,1779177358022658195,1,1,50,-27184,1851488,-44845,21414,660957,20059,-344699,-49566,1851488,-0.1036987,7.0628662,0
1652,1779177358027633805,1,1,50,-26416,1851488,-45369,23146,661906,20372,-344921,-48792,1851488,-0.1007690,7.0628662,0
1653,1779177358032638280,1,1,50,-25392,1851488,-45881,24852,662737,20747,-344692,-47766,1851488,-0.0968628,7.0628662,0
1654,1779177358037650468,1,1,50,-25056,1851488,-45471,23126,663271,21125,-344433,-47425,1851488,-0.0955811,7.0628662,0
1655,1779177358042730977,1,1,50,-24656,1851488,-45557,24020,663746,21513,-344273,-47027,1851488,-0.0940552,7.0628662,0
1656,1779177358047620313,1,1,50,-24512,1851488,-45983,25516,665407,21886,-344815,-46882,1851488,-0.0935059,7.0628662,0
1657,1779177358052636116,1,1,50,-24560,1851488,-45558,23780,666891,22263,-346180,-46932,1851488,-0.0936890,7.0628662,0
1658,1779177358057614671,1,1,50,-24160,1851488,-45939,25182,668849,22677,-347368,-46535,1851488,-0.0921631,7.0628662,0
1659,1779177358062622730,1,1,50,-23984,1851488,-46281,26440,670392,23111,-348089,-46357,1851488,-0.0914917,7.0628662,0
1660,1779177358067647814,1,1,50,-24368,1851488,-45835,24687,671935,23520,-348689,-46736,1851488,-0.0929565,7.0628662,0
1661,1779177358072641377,1,1,50,-24336,1851488,-45918,24684,672706,23920,-349219,-46708,1851488,-0.0928345,7.0628662,0
1662,1779177358077645500,1,1,50,-24000,1851488,-46204,25705,673300,24333,-350252,-46372,1851488,-0.0915527,7.0628662,0
1663,1779177358082623862,1,1,50,-23808,1851488,-46474,26657,673181,24747,-352204,-46178,1851488,-0.0908203,7.0628662,0
1664,1779177358087629841,1,1,50,-24096,1851488,-46018,24880,673893,25154,-354901,-46477,1851488,-0.0919189,7.0628662,0
1665,1779177358092657229,1,1,50,-23952,1851488,-45741,24120,674427,25592,-357078,-46327,1851488,-0.0913696,7.0628662,0
1666,1779177358097603111,1,1,50,-23600,1851488,-45317,22349,675555,26061,-358162,-45981,1851488,-0.0900269,7.0628662,0
1667,1779177358102632834,1,1,50,-22768,1851488,-45533,23140,676979,26595,-357837,-45140,1851488,-0.0868530,7.0628662,0
1668,1779177358107624541,1,1,50,-22304,1851488,-45753,23957,679056,27139,-356619,-44685,1851488,-0.0850830,7.0628662,0
1669,1779177358112619288,1,1,50,-22512,1851488,-45977,24794,680896,27640,-355000,-44883,1851488,-0.0858765,7.0628662,0
1670,1779177358117623859,1,1,50,-23360,1851488,-46191,25602,683091,28054,-353326,-45729,1851488,-0.0891113,7.0628662,0
1671,1779177358122784370,1,1,50,-24608,1851488,-45698,23014,684634,28361,-351839,-46986,1851488,-0.0938721,7.0628662,0
1672,1779177358127622601,1,1,50,-24720,1851488,-45937,23930,686355,28620,-349840,-47102,1851488,-0.0942993,7.0628662,0
1673,1779177358132621252,1,1,50,-24592,1851488,-46161,24797,687898,28867,-348206,-46968,1851488,-0.0938110,7.0628662,0
1674,1779177358137622687,1,1,50,-24720,1851488,-45702,23059,689322,29081,-347508,-47103,1851488,-0.0942993,7.0628662,0
1675,1779177358142741181,1,1,50,-24416,1851488,-45529,22345,689975,29305,-347660,-46790,1851488,-0.0931396,7.0628662,0
1676,1779177358147641046,1,1,50,-23872,1851488,-45765,23262,690628,29551,-348532,-46251,1851488,-0.0910645,7.0628662,0
1677,1779177358152648625,1,1,50,-23792,1851488,-45991,24131,691281,29811,-350444,-46166,1851488,-0.0907593,7.0628662,0
1678,1779177358157623979,1,1,50,-24208,1851488,-45537,22374,692942,30071,-353112,-46576,1851488,-0.0923462,7.0628662,0
1679,1779177358162772458,1,1,50,-24112,1851488,-45735,23161,694426,30383,-355605,-46484,1851488,-0.0919800,7.0628662,0
1680,1779177358167628609,1,1,50,-24096,1851488,-45969,24074,696265,30712,-357370,-46470,1851488,-0.0919189,7.0628662,0
1681,1779177358172718655,1,1,50,-24400,1851488,-46526,23956,698342,31062,-358556,-46783,1851488,-0.0930786,7.0628662,0
1682,1779177358177640152,1,1,50,-24576,1851488,-46069,22191,700301,31405,-358606,-46947,1851488,-0.0937500,7.0628662,0
1683,1779177358182625746,1,1,50,-24064,1851488,-46283,23014,701844,31782,-357577,-46439,1851488,-0.0917969,7.0628662,0
1684,1779177358187618669,1,1,50,-23760,1851488,-46500,23860,703565,32160,-356151,-46133,1851488,-0.0906372,7.0628662,0
1685,1779177358192632073,1,1,50,-23936,1851488,-46640,23861,704870,32498,-354974,-46315,1851488,-0.0913086,7.0628662,0
1686,1779177358197777191,1,1,50,-24256,1851488,-46155,22038,706116,32800,-354358,-46626,1851488,-0.0925293,7.0628662,0
1687,1779177358202627998,1,1,50,-23952,1851488,-46364,22913,706413,33083,-353908,-46320,1851488,-0.0913696,7.0628662,0
1688,1779177358207645434,1,1,50,-23824,1851488,-46556,23722,707422,33371,-354315,-46204,1851488,-0.0908813,7.0628662,0
1689,1779177358212622452,1,1,50,-24112,1851488,-46082,21953,709321,33645,-355421,-46482,1851488,-0.0919800,7.0628662,0
1690,1779177358217620879,1,1,50,-23888,1851488,-46261,22758,711694,33958,-356328,-46261,1851488,-0.0911255,7.0628662,0
1691,1779177358222645931,1,1,50,-23760,1851488,-46778,22815,713890,34297,-356707,-46138,1851488,-0.0906372,7.0628662,0
1692,1779177358227645446,1,1,50,-23632,1851488,-46964,23594,716026,34650,-356368,-46005,1851488,-0.0901489,7.0628662,0
1693,1779177358232628097,1,1,50,-23856,1851488,-47151,24381,717985,34981,-355680,-46232,1851488,-0.0910034,7.0628662,0
1694,1779177358237625659,1,1,50,-24400,1851488,-46653,22608,720121,35268,-354767,-46780,1851488,-0.0930786,7.0628662,0
1695,1779177358242743321,1,1,50,-24336,1851488,-47009,22125,722020,35556,-352744,-46709,1851488,-0.0928345,7.0628662,0
1696,1779177358247625810,1,1,50,-23728,1851488,-47200,22964,723622,35840,-348819,-46111,1851488,-0.0905151,7.0628662,0
1697,1779177358252629037,1,1,50,-23488,1851488,-46715,21241,725225,36088,-344551,-45866,1851488,-0.0895996,7.0628662,0
1698,1779177358257656200,1,1,50,-22992,1851488,-46868,22033,726174,36303,-341034,-45364,1851488,-0.0877075,7.0628662,0
1699,1779177358262749670,1,1,50,-22944,1851488,-47012,22801,727420,36472,-339732,-45319,1851488,-0.0875244,7.0628662,0
1700,1779177358267628478,1,1,50,-23408,1851488,-47171,23619,728726,36587,-340743,-45788,1851488,-0.0892944,7.0628662,0
1701,1779177358272647641,1,1,50,-24192,1851488,-46862,20749,730743,36680,-343760,-46570,1851488,-0.0922852,7.0628662,0
1702,1779177358277625844,1,1,50,-23664,1851488,-47025,21514,732761,36864,-346640,-46036,1851488,-0.0902710,7.0628662,0
1703,1779177358282628527,1,1,50,-22992,1851488,-47177,22229,734719,37144,-349026,-45364,1851488,-0.0877075,7.0628662,0
1704,1779177358287628266,1,1,50,-22800,1851488,-47323,22918,736322,37473,-351162,-45175,1851488,-0.0869751,7.0628662,0
1705,1779177358293926757,1,1,50,-23152,1851488,-47414,22022,738517,37901,-354369,-45527,1851488,-0.0883179,7.0628662,0
1706,1779177358297270935,1,1,50,-23152,1851488,-47084,20835,739763,38153,-354965,-45525,1851488,-0.0883179,7.0628662,0
1707,1779177358302648891,1,1,50,-22592,1851488,-47189,21339,741603,38612,-356965,-44967,1851488,-0.0861816,7.0628662,0
1708,1779177358307646966,1,1,50,-22208,1851488,-47326,21960,743027,39085,-357953,-44576,1851488,-0.0847168,7.0628662,0
1709,1779177358312649841,1,1,50,-22336,1851488,-46866,18799,744273,39552,-358852,-44709,1851488,-0.0852051,7.0628662,0
1710,1779177358317627212,1,1,50,-21440,1851488,-47003,19413,745460,40076,-358910,-43822,1851488,-0.0817871,7.0628662,0
1711,1779177358322656935,1,1,50,-20736,1851488,-47134,20011,746707,40639,-358386,-43113,1851488,-0.0791016,7.0628662,0
1712,1779177358327643426,1,1,50,-20608,1851488,-47257,20589,748902,41189,-357582,-42983,1851488,-0.0786133,7.0628662,0
1713,1779177358332655645,1,1,50,-21056,1851488,-46766,18800,751039,41693,-356892,-43435,1851488,-0.0803223,7.0628662,0
1714,1779177358337618167,1,1,50,-21008,1851488,-46879,19401,752997,42177,-356101,-43388,1851488,-0.0801392,7.0628662,0
1715,1779177358342777558,1,1,50,-21072,1851488,-47132,18513,754540,42655,-355863,-43444,1851488,-0.0803833,7.0628662,0
1716,1779177358347630446,1,1,50,-20752,1851488,-47272,19140,756557,43116,-355654,-43121,1851488,-0.0791626,7.0628662,0
1717,1779177358352639017,1,1,50,-20624,1851488,-47386,19679,758753,43595,-355425,-42997,1851488,-0.0786743,7.0628662,0
1718,1779177358357625988,1,1,50,-20880,1851488,-46895,17910,760652,44045,-354662,-43262,1851488,-0.0796509,7.0628662,0
1719,1779177358362706689,1,1,50,-20624,1851488,-47076,16945,762195,44501,-353298,-43007,1851488,-0.0786743,7.0628662,0
1720,1779177358367647802,1,1,50,-19856,1851488,-47201,17522,763975,44969,-351958,-42233,1851488,-0.0757446,7.0628662,0
1721,1779177358372643701,1,1,50,-19472,1851488,-47314,18062,765874,45441,-351961,-41848,1851488,-0.0742798,7.0628662,0
1722,1779177358377652752,1,1,50,-19664,1851488,-47426,18598,767417,45893,-353496,-42036,1851488,-0.0750122,7.0628662,0
1723,1779177358382626955,1,1,50,-20208,1851488,-46938,16828,768960,46323,-355752,-42577,1851488,-0.0770874,7.0628662,0
1724,1779177358387675655,1,1,50,-20064,1851488,-47025,17289,770206,46795,-357484,-42435,1851488,-0.0765381,7.0628662,0
1725,1779177358392654273,1,1,50,-19936,1851488,-47358,17016,771393,47283,-358510,-42314,1851488,-0.0760498,7.0628662,0
1726,1779177358397629500,1,1,50,-19696,1851488,-47466,17511,772224,47788,-358743,-42070,1851488,-0.0751343,7.0628662,0
1727,1779177358402647671,1,1,50,-19712,1851488,-47561,17962,773648,48289,-358243,-42087,1851488,-0.0751953,7.0628662,0
1728,1779177358407628562,1,1,50,-20064,1851488,-47067,16183,775488,48749,-357081,-42433,1851488,-0.0765381,7.0628662,0
1729,1779177358412655758,1,1,50,-19824,1851488,-47314,15126,777031,49203,-355170,-42198,1851488,-0.0756226,7.0628662,0
1730,1779177358417631816,1,1,50,-18976,1851488,-47418,15617,778989,49675,-352640,-41355,1851488,-0.0723877,7.0628662,0
1731,1779177358422605666,1,1,50,-18496,1851488,-47521,16128,780828,50134,-350196,-40878,1851488,-0.0705566,7.0628662,0
1732,1779177358427666175,1,1,50,-18640,1851488,-47035,14365,782787,50549,-348203,-41009,1851488,-0.0711060,7.0628662,0
1733,1779177358432626201,1,1,50,-18400,1851488,-47123,14879,783974,50932,-346037,-40780,1851488,-0.0701904,7.0628662,0
1734,1779177358437651604,1,1,50,-18384,1851488,-47199,15368,785042,51278,-344132,-40756,1851488,-0.0701294,7.0628662,0
1735,1779177358442658576,1,1,50,-18736,1851488,-47860,14734,786466,51567,-342808,-41105,1851488,-0.0714722,7.0628662,0
1736,1779177358447628074,1,1,50,-18672,1851488,-47959,15248,787653,51834,-341544,-41055,1851488,-0.0712280,7.0628662,0
1737,1779177358452656326,1,1,50,-18752,1851488,-48053,15758,789374,52083,-340196,-41122,1851488,-0.0715332,7.0628662,0
1738,1779177358457651009,1,1,50,-19056,1851488,-47568,14066,791035,52292,-338740,-41436,1851488,-0.0726929,7.0628662,0
1739,1779177358462703773,1,1,50,-18784,1851488,-47732,13154,793053,52508,-337090,-41152,1851488,-0.0716553,7.0628662,0
1740,1779177358467630774,1,1,50,-17920,1851488,-47825,13695,794833,52754,-334918,-40302,1851488,-0.0683594,7.0628662,0
1741,1779177358472628241,1,1,50,-17488,1851488,-47918,14253,796495,53000,-332848,-39870,1851488,-0.0667114,7.0628662,0
1742,1779177358477641196,1,1,50,-17680,1851488,-47999,14787,798572,53210,-331346,-40051,1851488,-0.0674438,7.0628662,0
1743,1779177358482647815,1,1,50,-18288,1851488,-47519,13130,800055,53359,-330974,-40670,1851488,-0.0697632,7.0628662,0
1744,1779177358487627650,1,1,50,-18272,1851488,-48161,15878,801064,53504,-331531,-40649,1851488,-0.0697021,7.0628662,0
1745,1779177358492655838,1,1,50,-19024,1851488,-48414,13596,801539,53608,-333553,-41397,1851488,-0.0725708,7.0628662,0
1746,1779177358497630200,1,1,50,-18688,1851488,-48510,14134,802666,53771,-335565,-41056,1851488,-0.0712891,7.0628662,0
1747,1779177358502634259,1,1,50,-18208,1851488,-48594,14630,803794,54001,-337274,-40590,1851488,-0.0694580,7.0628662,0
1748,1779177358507658223,1,1,50,-18096,1851488,-49291,17338,804565,54263,-338614,-40477,1851488,-0.0690308,7.0628662,0
1749,1779177358512732044,1,1,50,-18096,1851488,-48913,14724,806227,54554,-339431,-40477,1851488,-0.0690308,7.0628662,0
1750,1779177358517882250,1,1,50,-18128,1851488,-48411,12975,808363,54867,-339687,-40504,1851488,-0.0691528,7.0628662,0
1751,1779177358522643199,1,1,50,-17520,1851488,-48514,13546,810500,55203,-338733,-39896,1851488,-0.0668335,7.0628662,0
1752,1779177358527684635,1,1,50,-17184,1851488,-48593,14056,812517,55569,-337784,-39565,1851488,-0.0655518,7.0628662,0
1753,1779177358532632917,1,1,50,-17312,1851488,-48677,14594,814179,55904,-336655,-39688,1851488,-0.0660400,7.0628662,0
1754,1779177358537655089,1,1,50,-17776,1851488,-48748,15107,815247,56190,-335691,-40150,1851488,-0.0678101,7.0628662,0
1755,1779177358542746894,1,1,50,-18400,1851488,-48614,13761,815544,56411,-335088,-40778,1851488,-0.0701904,7.0628662,0
1756,1779177358547713192,1,1,50,-18304,1851488,-48666,14301,816612,56623,-334243,-40679,1851488,-0.0698242,7.0628662,0
1757,1779177358552648130,1,1,50,-18192,1851488,-48719,14859,817799,56828,-333343,-40562,1851488,-0.0693970,7.0628662,0
1758,1779177358557630556,1,1,50,-18336,1851488,-48764,15405,819223,57015,-332802,-40715,1851488,-0.0699463,7.0628662,0
1759,1779177358563443915,1,1,50,-18720,1851488,-48769,13554,821537,57209,-334051,-41096,1851488,-0.0714111,7.0628662,0
1760,1779177358567692660,1,1,50,-18128,1851488,-48912,14327,823377,57408,-333818,-40506,1851488,-0.0691528,7.0628662,0
1761,1779177358572686927,1,1,50,-17664,1851488,-48976,14846,825573,57679,-335015,-40037,1851488,-0.0673828,7.0628662,0
1762,1779177358577643017,1,1,50,-17616,1851488,-48470,13182,827175,57975,-335815,-39987,1851488,-0.0671997,7.0628662,0
1763,1779177358582670916,1,1,50,-17168,1851488,-48511,13660,828718,58318,-335803,-39542,1851488,-0.0654907,7.0628662,0
1764,1779177358587652351,1,1,50,-16912,1851488,-48554,14161,829608,58668,-335587,-39284,1851488,-0.0645142,7.0628662,0
1765,1779177358592603897,1,1,50,-17008,1851488,-48808,14753,830142,58995,-336260,-39380,1851488,-0.0648804,7.0628662,0
1766,1779177358597644693,1,1,50,-17360,1851488,-48830,15204,830914,59309,-338192,-39729,1851488,-0.0662231,7.0628662,0
1767,1779177358602670768,1,1,50,-17824,1851488,-48844,15624,831685,59616,-340644,-40202,1851488,-0.0679932,7.0628662,0
1768,1779177358607639338,1,1,50,-18320,1851488,-48867,16072,832634,59924,-342733,-40695,1851488,-0.0698853,7.0628662,0
1769,1779177358612657830,1,1,50,-18704,1851488,-49256,16078,834177,60245,-343937,-41076,1851488,-0.0713501,7.0628662,0
1770,1779177358617716610,1,1,50,-18704,1851488,-48704,14339,836492,60597,-343773,-41076,1851488,-0.0713501,7.0628662,0
1771,1779177358622633339,1,1,50,-17920,1851488,-48714,14767,838687,60991,-341677,-40298,1851488,-0.0683594,7.0628662,0
1772,1779177358627652823,1,1,50,-17360,1851488,-48712,15190,840408,61395,-338615,-39728,1851488,-0.0662231,7.0628662,0
1773,1779177358632650546,1,1,50,-17296,1851488,-48706,15625,842011,61747,-335238,-39673,1851488,-0.0659790,7.0628662,0
1774,1779177358637743759,1,1,50,-17712,1851488,-48676,16003,843435,62017,-332283,-40093,1851488,-0.0675659,7.0628662,0
1775,1779177358642661192,1,1,50,-18368,1851488,-48821,16269,843969,62181,-329415,-40741,1851488,-0.0700684,7.0628662,0
1776,1779177358647639907,1,1,50,-18848,1851488,-48263,14641,844562,62265,-327001,-41231,1851488,-0.0718994,7.0628662,0
1777,1779177358652653470,1,1,50,-18528,1851488,-48245,15085,845690,62336,-324983,-40907,1851488,-0.0706787,7.0628662,0
1778,1779177358657648057,1,1,50,-18176,1851488,-48217,15507,847292,62408,-323989,-40559,1851488,-0.0693359,7.0628662,0
1779,1779177358662662324,1,1,50,-18176,1851488,-48367,14171,849666,62481,-324567,-40555,1851488,-0.0693359,7.0628662,0
1780,1779177358667621070,1,1,50,-17568,1851488,-48369,14593,852039,62622,-325893,-39939,1851488,-0.0670166,7.0628662,0
1781,1779177358672647498,1,1,50,-17056,1851488,-47828,12946,854176,62834,-327645,-39436,1851488,-0.0650635,7.0628662,0
1782,1779177358677653381,1,1,50,-16192,1851488,-47809,13320,855481,63136,-328783,-38564,1851488,-0.0617676,7.0628662,0
1783,1779177358682652320,1,1,50,-15664,1851488,-47786,13690,856193,63484,-329467,-38038,1851488,-0.0597534,7.0628662,0
1784,1779177358687654107,1,1,50,-15648,1851488,-47756,14039,857084,63838,-330276,-38031,1851488,-0.0596924,7.0628662,0
1785,1779177358692711703,1,1,50,-16016,1851488,-47990,13936,857796,64177,-331807,-38394,1851488,-0.0610962,7.0628662,0
1786,1779177358697721939,1,1,50,-16208,1851488,-47957,14237,858211,64516,-333730,-38586,1851488,-0.0618286,7.0628662,0
1787,1779177358702821552,1,1,50,-16336,1851488,-47916,14518,858983,64878,-335732,-38717,1851488,-0.0623169,7.0628662,0
1788,1779177358707661639,1,1,50,-16432,1851488,-47383,12887,860288,65245,-337014,-38811,1851488,-0.0626831,7.0628662,0
1789,1779177358712667650,1,1,50,-15872,1851488,-47647,12224,862068,65686,-337549,-38244,1851488,-0.0605469,7.0628662,0
1790,1779177358717703390,1,1,50,-14880,1851488,-47604,12479,864205,66205,-336717,-37256,1851488,-0.0567627,7.0628662,0
1791,1779177358722793307,1,1,50,-14288,1851488,-47554,12739,866044,66750,-334974,-36660,1851488,-0.0545044,7.0628662,0
1792,1779177358727693268,1,1,50,-14224,1851488,-47514,13036,867884,67243,-333056,-36599,1851488,-0.0542603,7.0628662,0
1793,1779177358732696207,1,1,50,-14576,1851488,-47461,13314,869427,67684,-331908,-36953,1851488,-0.0556030,7.0628662,0
1794,1779177358737644265,1,1,50,-15072,1851488,-47406,13590,870436,68058,-331157,-37455,1851488,-0.0574951,7.0628662,0
1795,1779177358742740774,1,1,50,-15600,1851488,-47459,14595,870792,68383,-330831,-37969,1851488,-0.0595093,7.0628662,0
1796,1779177358747640735,1,1,50,-16352,1851488,-46899,12973,871385,68633,-330889,-38729,1851488,-0.0623779,7.0628662,0
1797,1779177358752631066,1,1,50,-16304,1851488,-46810,13226,873343,68900,-331376,-38679,1851488,-0.0621948,7.0628662,0
1798,1779177358757641845,1,1,50,-16032,1851488,-46718,13474,875598,69204,-331918,-38408,1851488,-0.0611572,7.0628662,0
1799,1779177358762656240,1,1,50,-15856,1851488,-46735,11837,877438,69534,-332388,-38228,1851488,-0.0604858,7.0628662,0
1800,1779177358767682668,1,1,50,-14976,1851488,-46652,12051,879100,69932,-332569,-37357,1851488,-0.0571289,7.0628662,0
1801,1779177358772653382,1,1,50,-14336,1851488,-46574,12285,880524,70369,-332876,-36705,1851488,-0.0546875,7.0628662,0
1802,1779177358777690978,1,1,50,-14160,1851488,-46481,12474,881177,70816,-333407,-36530,1851488,-0.0540161,7.0628662,0
1803,1779177358782652156,1,1,50,-14368,1851488,-46392,12680,881948,71240,-333811,-36747,1851488,-0.0548096,7.0628662,0
1804,1779177358787708248,1,1,50,-14752,1851488,-46292,12852,882601,71642,-334408,-37131,1851488,-0.0562744,7.0628662,0
1805,1779177358792667667,1,1,50,-15136,1851488,-46578,11507,883016,72010,-335104,-37507,1851488,-0.0577393,7.0628662,0
1806,1779177358797648301,1,1,50,-14592,1851488,-46496,11691,883847,72420,-335437,-36961,1851488,-0.0556641,7.0628662,0
1807,1779177358802641640,1,1,50,-13968,1851488,-46405,11848,885449,72875,-335289,-36348,1851488,-0.0532837,7.0628662,0
1808,1779177358807692644,1,1,50,-13712,1851488,-46310,12005,887170,73347,-334595,-36091,1851488,-0.0523071,7.0628662,0
1809,1779177358812611901,1,1,50,-13808,1851488,-46438,8319,888416,73781,-332981,-36183,1851488,-0.0526733,7.0628662,0
1810,1779177358817683962,1,1,50,-12224,1851488,-47312,12125,892214,74763,-326740,-34595,1851488,-0.0466309,7.0628662,0
1811,1779177358822706294,1,1,50,-12224,1851488,-46743,10484,893757,75162,-323867,-34595,1851488,-0.0466309,7.0628662,0
1812,1779177358827720465,1,1,50,-12224,1851488,-46201,8860,893757,75162,-323867,-34595,1851488,-0.0466309,7.0628662,0
1813,1779177358832664971,1,1,50,-11728,1851488,-46125,9094,894351,75527,-320487,-34107,1851488,-0.0447388,7.0628662,0
1814,1779177358837641701,1,1,50,-11456,1851488,-46042,9328,895003,75844,-317045,-33830,1851488,-0.0437012,7.0628662,0
1815,1779177358842711394,1,1,50,-11568,1851488,-46487,10020,895716,76090,-314380,-33950,1851488,-0.0441284,7.0628662,0
1816,1779177358847704285,1,1,50,-12032,1851488,-46375,10260,897080,76258,-312916,-34403,1851488,-0.0458984,7.0628662,0
1817,1779177358852694135,1,1,50,-12576,1851488,-46259,10497,898861,76372,-312653,-34957,1851488,-0.0479736,7.0628662,0
1818,1779177358857655633,1,1,50,-13072,1851488,-46148,10750,900048,76456,-313102,-35452,1851488,-0.0498657,7.0628662,0
1819,1779177358862786832,1,1,50,-13440,1851488,-46859,10268,901175,76557,-314093,-35813,1851488,-0.0512695,7.0628662,0
1820,1779177358867825196,1,1,50,-57872,-1851504,-46737,10453,902659,76681,-315527,-35495,1851488,-0.2207642,-7.0629272,0
1821,1779177358872718820,1,1,50,-54720,-1851504,-46635,10700,903489,76853,-316825,-35130,-1851504,-0.2087402,-7.0629272,0
1822,1779177358877650941,1,1,50,-12608,-1851504,-46523,10914,903667,77054,-317755,-34977,-1851504,-0.0480957,-7.0629272,0
1823,1779177358882648728,1,1,50,-57488,1851488,-46400,11095,904023,77261,-318140,-35105,-1851504,-0.2192993,7.0628662,0
1824,1779177358887681140,1,1,50,-57824,-1851504,-46271,11262,904617,77451,-318319,-35450,1851488,-0.2205811,-7.0629272,0
1825,1779177358892665807,1,1,50,-13504,-1851504,-46529,11879,905626,77615,-318491,-35875,-1851504,-0.0515137,-7.0629272,0
1826,1779177358897649417,1,1,50,-13952,1851488,-46389,12044,906753,77757,-318671,-36331,-1851504,-0.0532227,7.0628662,0
1827,1779177358902662789,1,1,50,-14320,-1851504,-46253,12228,907703,77882,-318701,-36696,1851488,-0.0546265,-7.0629272,0
1828,1779177358907653215,1,1,50,-14592,-1851504,-46106,12375,908533,77992,-318425,-36969,-1851504,-0.0556641,-7.0629272,0
1829,1779177358912659707,1,1,50,-59648,1851488,-46554,11006,910017,78087,-317910,-37274,-1851504,-0.2275391,7.0628662,0
1830,1779177358917664406,1,1,50,-14224,-1851504,-46425,11174,911560,78226,-316433,-36606,1851488,-0.0542603,-7.0629272,0
1831,1779177358922643056,1,1,50,-13600,1851488,-45855,9609,912925,78386,-314475,-35982,-1851504,-0.0518799,7.0628662,0
1832,1779177358927654283,1,1,50,-57472,-1851504,-45717,9785,913815,78572,-312434,-35091,1851488,-0.2192383,-7.0629272,0
1833,1779177358932742793,1,1,50,-57008,1851488,-45573,9961,914586,78753,-310995,-34635,-1851504,-0.2174683,7.0628662,0
1834,1779177358937694946,1,1,50,-12336,-1851504,-45441,10177,915477,78900,-310219,-34706,1851488,-0.0470581,-7.0629272,0
1835,1779177358942670365,1,1,50,-57504,1851488,-45827,10565,916011,79005,-310220,-35122,-1851504,-0.2193604,7.0628662,0
1836,1779177358948077026,1,1,50,-57968,-1851504,-45631,10609,916545,79086,-311183,-35598,1851488,-0.2211304,-7.0629272,0
1837,1779177358952810486,1,1,50,-58400,1851488,-45521,10901,917257,79151,-311441,-36017,-1851504,-0.2227783,7.0628662,0
1838,1779177358957719791,1,1,50,-13936,1851488,-45380,11095,918444,79212,-312403,-36307,1851488,-0.0531616,7.0628662,0
1839,1779177358962687209,1,1,50,-14160,1851488,-46081,8809,920046,79288,-313608,-36534,1851488,-0.0540161,7.0628662,0
1840,1779177358967675460,1,1,50,-12896,1851488,-45974,8986,920995,79475,-313839,-35277,1851488,-0.0491943,7.0628662,0
1841,1779177358972728864,1,1,50,-11728,1851488,-45855,9134,920936,79738,-313352,-34109,1851488,-0.0447388,7.0628662,0
1842,1779177358977674202,1,1,50,-11296,1851488,-45746,9318,921292,80008,-312603,-33674,1851488,-0.0430908,7.0628662,0
1843,1779177358982680181,1,1,50,-11504,1851488,-45625,9475,921826,80247,-312353,-33887,1851488,-0.0438843,7.0628662,0
1844,1779177358987652687,1,1,50,-11984,1851488,-45509,9649,922182,80443,-312466,-34367,1851488,-0.0457153,7.0628662,0
1845,1779177358992670155,1,1,50,-12528,1851488,-46146,9537,922835,80606,-312941,-34896,1851488,-0.0477905,7.0628662,0
1846,1779177358997663270,1,1,50,-12608,1851488,-46026,9685,923903,80774,-313310,-34987,1851488,-0.0480957,7.0628662,0
1847,1779177359002705122,1,1,50,-12672,1851488,-45906,9840,924556,80945,-313350,-35050,1851488,-0.0483398,7.0628662,0
1848,1779177359007648347,1,1,50,-12848,1851488,-45347,8295,925327,81104,-312537,-35216,1851488,-0.0490112,7.0628662,0
1849,1779177359012679575,1,1,50,-12384,-1851504,-46223,8061,926396,81284,-310932,-34764,1851488,-0.0472412,-7.0629272,0
1850,1779177359017652817,1,1,50,-11520,-1851504,-46109,8248,927345,81491,-308566,-33890,-1851504,-0.0439453,-7.0629272,0
1851,1779177359022657451,1,1,50,-11040,-1851504,-45983,8410,928117,81686,-306188,-33408,-1851504,-0.0421143,-7.0629272,0
1852,1779177359027691591,1,1,50,-20160,1851488,-45858,8595,928651,81825,-304325,-33564,-1851504,-0.0769043,7.0628662,0
1853,1779177359032648929,1,1,50,-11712,-1851504,-45737,8801,928354,81887,-303329,-34085,1851488,-0.0446777,-7.0629272,0
1854,1779177359037658940,1,1,50,-12384,-1851504,-45607,8980,927938,81880,-303635,-34755,-1851504,-0.0472412,-7.0629272,0
1855,1779177359042667127,1,1,50,-13024,-1851504,-46416,8447,928235,81839,-304903,-35397,-1851504,-0.0496826,-7.0629272,0
1856,1779177359047663217,1,1,50,-12768,-1851504,-46301,8610,929007,81847,-306352,-35147,-1851504,-0.0487061,-7.0629272,0
1857,1779177359052661196,1,1,50,-12448,1851488,-46181,8750,930550,81917,-308029,-34824,-1851504,-0.0474854,7.0628662,0
1858,1779177359057664359,1,1,50,-12400,1851488,-46062,8888,931736,82028,-309703,-34782,1851488,-0.0473022,7.0628662,0
1859,1779177359062675618,1,1,50,-12624,1851488,-46988,8953,931380,82148,-310921,-35007,1851488,-0.0481567,7.0628662,0
1860,1779177359067663708,1,1,50,-12672,1851488,-46433,7400,930728,82276,-311328,-35055,1851488,-0.0483398,7.0628662,0
1861,1779177359072690871,1,1,50,-12032,1851488,-46305,7504,930668,82450,-310882,-34406,1851488,-0.0458984,7.0628662,0
1862,1779177359077649809,1,1,50,-11536,1851488,-46185,7636,930550,82638,-310177,-33904,1851488,-0.0440063,7.0628662,0
1863,1779177359082659532,1,1,50,-11488,1851488,-46054,7737,930787,82812,-310138,-33869,1851488,-0.0438232,7.0628662,0
1864,1779177359087647047,1,1,50,-11936,1851488,-45928,7852,931558,82956,-310859,-34313,1851488,-0.0455322,7.0628662,0
1865,1779177359092660898,1,1,50,-12496,1851488,-46955,8092,932449,83080,-311979,-34867,1851488,-0.0476685,7.0628662,0
1866,1779177359097661692,1,1,50,-12736,1851488,-46828,8174,932864,83207,-312925,-35115,1851488,-0.0485840,7.0628662,0
1867,1779177359102657783,1,1,50,-12912,1851488,-46697,8238,933517,83340,-313767,-35291,1851488,-0.0492554,7.0628662,0
1868,1779177359107666418,1,1,50,-57808,-1851504,-46563,8288,934525,83485,-314468,-35434,1851488,-0.2205200,-7.0629272,0
1869,1779177359112668621,1,1,50,-58096,1851488,-47471,6817,935475,83627,-314801,-35715,-1851504,-0.2216187,7.0628662,0
1870,1779177359117664007,1,1,50,-57312,-1851504,-46945,5248,935712,83822,-314051,-34933,1851488,-0.2186279,-7.0629272,0
1871,1779177359122656834,1,1,50,-11072,-1851504,-46828,5268,935534,84092,-312540,-33454,-1851504,-0.0422363,-7.0629272,0
1872,1779177359127649052,1,1,50,-10208,-1851504,-46722,5335,934941,84374,-311326,-32581,-1851504,-0.0389404,-7.0629272,0
1873,1779177359132652599,1,1,50,-10176,-1851504,-46604,5364,934525,84622,-310667,-32548,-1851504,-0.0388184,-7.0629272,0
1874,1779177359137658578,1,1,50,-55392,1851488,-46485,5385,934704,84819,-310191,-33008,-1851504,-0.2113037,7.0628662,0
1875,1779177359142674669,1,1,50,-56064,1851488,-47374,4674,935712,84965,-309852,-33689,1851488,-0.2138672,7.0628662,0
1876,1779177359147482083,1,1,50,-56112,1851488,-47286,4765,936781,85102,-309048,-33743,1851488,-0.2140503,7.0628662,0
1877,1779177359152671298,1,1,50,-56000,-1851504,-47158,4733,937374,85240,-308654,-33627,1851488,-0.2136230,-7.0629272,0
1878,1779177359157652477,1,1,50,-19056,1851488,-47053,4776,937196,85352,-307898,-33702,-1851504,-0.0726929,7.0628662,0
1879,1779177359162710233,1,1,50,-44208,1851488,-48111,4108,936424,85417,-307422,-34059,1851488,-0.1686401,7.0628662,0
1880,1779177359167664178,1,1,50,-56144,1851488,-48029,4223,935831,85482,-306509,-33775,1851488,-0.2141724,7.0628662,0
1881,1779177359172663533,1,1,50,-11296,1851488,-47947,4342,935712,85534,-305884,-33675,1851488,-0.0430908,7.0628662,0
1882,1779177359177652328,1,1,50,-56304,1851488,-47871,4487,935950,85557,-305857,-33935,1851488,-0.2147827,7.0628662,0
1883,1779177359182669379,1,1,50,-12064,1851488,-47809,4694,936662,85553,-306590,-34432,1851488,-0.0460205,7.0628662,0
1884,1779177359187658109,1,1,50,-12624,1851488,-47757,4938,937315,85532,-307937,-34994,1851488,-0.0481567,7.0628662,0
1885,1779177359192667608,1,1,50,-13024,1851488,-49059,5109,937789,85514,-309670,-35404,1851488,-0.0496826,7.0628662,0
1886,1779177359197655059,1,1,50,-13008,1851488,-49029,5404,938798,85540,-311137,-35383,1851488,-0.0496216,7.0628662,0
1887,1779177359202668430,1,1,50,-12928,1851488,-49001,5718,939688,85606,-312318,-35296,1851488,-0.0493164,7.0628662,0
1888,1779177359207829836,1,1,50,-12832,1851488,-48965,6033,939748,85701,-313444,-35213,1851488,-0.0489502,7.0628662,0
1889,1779177359212679139,1,1,50,-12992,1851488,-50274,5075,939451,85793,-313939,-35370,1851488,-0.0495605,7.0628662,0
1890,1779177359217661598,1,1,50,-12208,1851488,-49769,3511,939332,85945,-313871,-34579,1851488,-0.0465698,7.0628662,0
1891,1779177359222656248,1,1,50,-10784,1851488,-49763,3904,938858,86178,-312738,-33161,1851488,-0.0411377,7.0628662,0
1892,1779177359227663347,1,1,50,-9728,1851488,-49756,4329,938739,86449,-310961,-32104,1851488,-0.0371094,7.0628662,0
1893,1779177359232661518,1,1,50,-9584,1851488,-49745,4780,939451,86693,-308965,-31965,1851488,-0.0365601,7.0628662,0
1894,1779177359237653608,1,1,50,-10016,1851488,-49725,5237,940460,86870,-306976,-32397,1851488,-0.0382080,7.0628662,0
1895,1779177359242726245,1,1,50,-10496,1851488,-51095,5516,941409,86983,-305098,-32878,1851488,-0.0400391,7.0628662,0
1896,1779177359247660766,1,1,50,-10512,1851488,-51617,8016,941884,87057,-302954,-32881,1851488,-0.0401001,7.0628662,0
1897,1779177359252739418,1,1,50,-11072,1851488,-51043,6484,941469,87087,-301621,-33448,1851488,-0.0422363,7.0628662,0
1898,1779177359257701396,1,1,50,-11040,1851488,-51000,6946,941231,87053,-301394,-33410,1851488,-0.0421143,7.0628662,0
1899,1779177359262667982,1,1,50,-10928,1851488,-50959,7438,941291,87024,-301739,-33310,1851488,-0.0416870,7.0628662,0
1900,1779177359267671561,1,1,50,-10816,1851488,-50891,7853,941350,87010,-302642,-33198,1851488,-0.0412598,7.0628662,0
1901,1779177359272674020,1,1,50,-10832,1851488,-52139,5266,942003,87018,-304219,-33215,1851488,-0.0413208,7.0628662,0
1902,1779177359277671358,1,1,50,-8928,1851488,-52118,5623,943368,87193,-305115,-31305,1851488,-0.0340576,7.0628662,0
1903,1779177359282664537,1,1,50,-7104,1851488,-52083,5949,944554,87508,-305467,-29485,1851488,-0.0270996,7.0628662,0
1904,1779177359287668436,1,1,50,-6224,1851488,-52026,6222,945148,87882,-305617,-28600,1851488,-0.0237427,7.0628662,0
1905,1779177359292733648,1,1,50,-6016,1851488,-53301,5820,945682,88267,-305758,-28389,1851488,-0.0229492,7.0628662,0
1906,1779177359297661705,1,1,50,-5440,1851488,-52774,4315,945919,88670,-305419,-27812,1851488,-0.0207520,7.0628662,0
1907,1779177359302672964,1,1,50,-4416,1851488,-52694,4520,946157,89127,-304540,-26788,1851488,-0.0168457,7.0628662,0
1908,1779177359307663487,1,1,50,-3760,1851488,-52597,4681,946335,89592,-303459,-26137,1851488,-0.0143433,7.0628662,0
1909,1779177359312729083,1,1,50,-3552,1851488,-52490,4831,946097,90037,-302482,-25921,1851488,-0.0135498,7.0628662,0
1910,1779177359317657492,1,1,50,-3760,1851488,-52376,4956,945919,90420,-301462,-26135,1851488,-0.0143433,7.0628662,0
1911,1779177359322354663,1,1,50,-4064,1851488,-53427,6364,946987,90743,-300136,-26445,1851488,-0.0155029,7.0628662,0
1912,1779177359328439708,1,1,50,-29280,1851488,-53153,6129,948471,91088,-299567,-27006,1851488,-0.1116943,7.0628662,0
1913,1779177359332916394,1,1,50,-49824,1851488,-53054,6358,949242,91300,-298168,-27453,1851488,-0.1900635,7.0628662,0
1914,1779177359337734561,1,1,50,-50096,1851488,-52913,6484,950133,91486,-297619,-27721,1851488,-0.1911011,7.0628662,0
1915,1779177359342684250,1,1,50,-50336,1851488,-54111,5110,950785,91650,-297745,-27955,1851488,-0.1920166,7.0628662,0
1916,1779177359347668020,1,1,50,-49312,1851488,-53574,3627,950607,91877,-297456,-26940,1851488,-0.1881104,7.0628662,0
1917,1779177359352719024,1,1,50,-47680,1851488,-53432,3711,950904,92203,-296475,-25309,1851488,-0.1818848,7.0628662,0
1918,1779177359357665674,1,1,50,-46496,1851488,-53307,3864,951794,92577,-295243,-24123,1851488,-0.1773682,7.0628662,0
1919,1779177359362667269,1,1,50,-46192,1851488,-53179,4038,952922,92949,-294280,-23814,1851488,-0.1762085,7.0628662,0
1920,1779177359367706720,1,1,50,-46368,1851488,-53042,4199,954227,93291,-293284,-23989,1851488,-0.1768799,7.0628662,0
1921,1779177359372705275,1,1,50,-46640,1851488,-54210,2475,955355,93590,-291611,-24266,1851488,-0.1779175,7.0628662,0
1922,1779177359377668469,1,1,50,-800,1851488,-54114,2679,955592,93917,-288161,-23179,1851488,-0.0030518,7.0628662,0
1923,1779177359382674256,1,1,50,400,1851488,-54002,2870,956245,94255,-283432,-21971,1851488,0.0015259,7.0628662,0
1924,1779177359387671594,1,1,50,1088,1851488,-53878,3052,957313,94545,-278095,-21282,1851488,0.0041504,7.0628662,0
1925,1779177359392672421,1,1,50,1120,1851488,-55008,2042,957847,94730,-272830,-21250,1851488,0.0042725,7.0628662,0
1926,1779177359397572989,1,1,50,1904,1851488,-54902,2263,958381,94811,-268313,-20474,1851488,0.0072632,7.0628662,0
1927,1779177359402457045,1,1,50,2528,1851488,-54787,2477,959034,94860,-264783,-19855,1851488,0.0096436,7.0628662,0
1928,1779177359407768663,1,1,50,2768,1851488,-54620,2574,959390,94905,-261741,-19604,1851488,0.0105591,7.0628662,0
1929,1779177359412739345,1,1,50,2832,1851488,-54483,2768,960458,94901,-258484,-19547,1851488,0.0108032,7.0628662,0
1930,1779177359417675627,1,1,50,2672,1851488,-54347,2991,961704,94835,-254099,-19708,1851488,0.0101929,7.0628662,0
1931,1779177359422970349,1,1,50,2480,1851488,-56206,3958,962416,94686,-248798,-19897,1851488,0.0094604,7.0628662,0
1932,1779177359428001032,1,1,50,2704,1851488,-56091,4258,962951,94441,-242450,-19673,1851488,0.0103149,7.0628662,0
1933,1779177359433047716,1,1,50,2960,1851488,-55548,3073,963663,94103,-234705,-19413,1851488,0.0112915,7.0628662,0
1934,1779177359437774520,1,1,50,3424,1851488,-55455,3522,964078,93707,-225437,-18946,1851488,0.0130615,7.0628662,0
1935,1779177359442742802,1,1,50,3664,1851488,-57076,3297,964850,93153,-216607,-18707,1851488,0.0139771,7.0628662,0
1936,1779177359447819246,1,1,50,4416,1851488,-56555,2236,966155,92498,-209026,-17953,1851488,0.0168457,7.0628662,0
1937,1779177359452745095,1,1,50,5312,1851488,-56458,2791,967461,91811,-202993,-17070,1851488,0.0202637,7.0628662,0
1938,1779177359457717313,1,1,50,5808,1851488,-56357,3384,968825,91072,-198709,-16560,1851488,0.0221558,7.0628662,0
1939,1779177359462694652,1,1,50,5920,1851488,-56249,3990,970428,90298,-196588,-16451,1851488,0.0225830,7.0628662,0
1940,1779177359467693014,1,1,50,5808,1851488,-56144,4633,971852,89512,-197149,-16569,1851488,0.0221558,7.0628662,0
1941,1779177359472755090,1,1,50,5744,1851488,-57901,4130,972920,88761,-199753,-16629,1851488,0.0219116,7.0628662,0
1942,1779177359477687948,1,1,50,6928,1851488,-57830,4775,973810,88189,-202106,-15455,1851488,0.0264282,7.0628662,0
1943,1779177359482772776,1,1,50,8176,1851488,-57740,5404,974760,87759,-203252,-14204,1851488,0.0311890,7.0628662,0
1944,1779177359487701057,1,1,50,9056,1851488,-57656,6073,975412,87442,-202401,-13314,1851488,0.0345459,7.0628662,0
1945,1779177359492732797,1,1,50,9504,1851488,-59269,6279,975947,87148,-199607,-12875,1851488,0.0362549,7.0628662,0
1946,1779177359497729367,1,1,50,10304,1851488,-58728,5306,976599,86871,-194717,-12068,1851488,0.0393066,7.0628662,0
1947,1779177359502753875,1,1,50,11152,1851488,-58623,6040,978380,86576,-187973,-11229,1851488,0.0425415,7.0628662,0
1948,1779177359507773006,1,1,50,11632,1851488,-58506,6809,980753,86210,-180275,-10751,1851488,0.0443726,7.0628662,0
1949,1779177359512697927,1,1,50,11680,1851488,-58378,7602,983068,85737,-172965,-10694,1851488,0.0445557,7.0628662,0
1950,1779177359517697921,1,1,50,11536,1851488,-58239,8448,985501,85138,-166635,-10834,1851488,0.0440063,7.0628662,0
1951,1779177359523082982,1,1,50,11360,1851488,-59657,7726,988112,84390,-161244,-11015,1851488,0.0433350,7.0628662,0
1952,1779177359527710807,1,1,50,12480,1851488,-59566,8629,989892,83755,-155518,-9893,1851488,0.0476074,7.0628662,0
1953,1779177359532732722,1,1,50,13632,1851488,-59412,9483,992800,83071,-150091,-8745,1851488,0.0520020,7.0628662,0
1954,1779177359537706765,1,1,50,14256,1851488,-59245,10346,995708,82372,-145495,-8121,1851488,0.0543823,7.0628662,0
1955,1779177359542678407,1,1,50,14432,1851488,-60437,9614,997666,81632,-142718,-7942,1851488,0.0550537,7.0628662,0
1956,1779177359547668641,1,1,50,15632,1851488,-59857,8906,999624,80953,-141870,-6739,1851488,0.0596313,7.0628662,0
1957,1779177359552674236,1,1,50,16848,1851488,-59662,9700,1001583,80372,-142855,-5525,1851488,0.0642700,7.0628662,0
1958,1779177359557699127,1,1,50,-27104,1851488,-59453,10486,1003007,79892,-144557,-4722,1851488,-0.1033936,7.0628662,0
1959,1779177359562700562,1,1,50,-26640,1851488,-59219,11216,1004668,79504,-145636,-4270,1851488,-0.1016235,7.0628662,0
1960,1779177359567539305,1,1,50,18368,1851488,-58979,11913,1006449,79174,-145811,-4006,1851488,0.0700684,7.0628662,0
1961,1779177359572747145,1,1,50,18528,1851488,-58678,12553,1007576,78871,-144660,-3840,1851488,0.0706787,7.0628662,0
1962,1779177359577667457,1,1,50,18720,1851488,-60232,12002,1008763,78592,-143396,-3653,1851488,0.0714111,7.0628662,0
1963,1779177359582695709,1,1,50,20128,1851488,-59960,12579,1010306,78394,-141025,-2240,1851488,0.0767822,7.0628662,0
1964,1779177359587681975,1,1,50,-23280,1851488,-59672,13139,1012680,78261,-138392,-902,1851488,-0.0888062,7.0628662,0
1965,1779177359592701746,1,1,50,-22496,1851488,-59717,12060,1015350,78145,-136384,-115,1851488,-0.0858154,7.0628662,0
1966,1779177359597663820,1,1,50,-21328,1851488,-59404,12572,1017724,78086,-134686,1070,1851488,-0.0813599,7.0628662,0
1967,1779177359602716072,1,1,50,-20416,-1851504,-58770,11902,1020275,78069,-132671,1981,1851488,-0.0778809,-7.0629272,0
1968,1779177359607679362,1,1,50,-19936,-1851504,-58421,12373,1022649,78056,-130288,2454,-1851504,-0.0760498,-7.0629272,0
1969,1779177359612671676,1,1,50,-19760,-1851504,-58050,12820,1024548,78016,-127330,2628,-1851504,-0.0753784,-7.0629272,0
1970,1779177359617868028,1,1,50,-19712,-1851504,-57889,14231,1026803,77930,-123770,2678,-1851504,-0.0751953,-7.0629272,0
1971,1779177359622690610,1,1,50,-19600,-1851504,-58707,12638,1029117,77803,-120785,2798,-1851504,-0.0747681,-7.0629272,0
1972,1779177359627682605,1,1,50,-18128,-1851504,-58318,12984,1031610,77725,-117392,4270,-1851504,-0.0691528,-7.0629272,0
1973,1779177359632671847,1,1,50,-16768,-1851504,-57916,13322,1034399,77685,-114713,5619,-1851504,-0.0639648,-7.0629272,0
1974,1779177359637662626,1,1,50,-16048,1851488,-57491,13611,1036535,77651,-112803,6347,-1851504,-0.0612183,7.0628662,0
1975,1779177359642678909,1,1,50,-15840,-1851504,-58011,12466,1037959,77599,-110994,6556,1851488,-0.0604248,-7.0629272,0
1976,1779177359647667223,1,1,50,-14848,-1851504,-57383,11926,1039502,77585,-108194,7539,-1851504,-0.0566406,-7.0629272,0
1977,1779177359652704787,1,1,50,-14064,-1851504,-56950,12195,1040808,77573,-104479,8334,-1851504,-0.0536499,-7.0629272,0
1978,1779177359657672077,1,1,50,-13712,-1851504,-56517,12481,1041639,77513,-100427,8680,-1851504,-0.0523071,-7.0629272,0
1979,1779177359662701064,1,1,50,-13664,-1851504,-56060,12737,1043004,77380,-96180,8728,-1851504,-0.0521240,-7.0629272,0
1980,1779177359667661858,1,1,50,-13744,-1851504,-56403,11919,1044784,77170,-92775,8646,-1851504,-0.0524292,-7.0629272,0
1981,1779177359673529426,1,1,50,-13744,-1851504,-56000,12692,1047395,76861,-88984,8646,-1851504,-0.0524292,-7.0629272,0
1982,1779177359677782939,1,1,50,-12624,-1851504,-55461,12318,1049531,76645,-88004,9770,-1851504,-0.0481567,-7.0629272,0
1983,1779177359682670930,1,1,50,-11664,-1851504,-54850,11904,1051608,76463,-84635,10729,-1851504,-0.0444946,-7.0629272,0
1984,1779177359687668365,1,1,50,-11280,-1851504,-54369,12114,1053151,76245,-79926,11104,-1851504,-0.0430298,-7.0629272,0
1985,1779177359692529860,1,1,50,-11328,-1851504,-55897,11645,1054160,75947,-73726,11064,-1851504,-0.0432129,-7.0629272,0
1986,1779177359697709412,1,1,50,-10304,-1851504,-55406,11844,1054991,75581,-63608,12087,-1851504,-0.0393066,-7.0629272,0
1987,1779177359702750655,1,1,50,-9520,-1851504,-54921,12082,1055940,75083,-52601,12867,-1851504,-0.0363159,-7.0629272,0
1988,1779177359707671512,1,1,50,-9376,-1851504,-54447,12370,1057246,74402,-41901,13016,-1851504,-0.0357666,-7.0629272,0
1989,1779177359712697683,1,1,50,-9664,-1851504,-53950,12674,1058551,73493,-32159,12727,-1851504,-0.0368652,-7.0629272,0
1990,1779177359717684942,1,1,50,-10128,-1851504,-53336,12554,1059738,72393,-23897,12265,-1851504,-0.0386353,-7.0629272,0
1991,1779177359722709193,1,1,50,-10624,-1851504,-53993,11022,1060094,71119,-16558,11760,-1851504,-0.0405273,-7.0629272,0
1992,1779177359727704228,1,1,50,-9776,-1851504,-53532,11425,1060688,69802,-8817,12622,-1851504,-0.0372925,-7.0629272,0
1993,1779177359732714239,1,1,50,-9024,-1851504,-53065,11859,1061281,68418,-605,13362,-1851504,-0.0344238,-7.0629272,0
1994,1779177359738063106,1,1,50,-8864,-1851504,-52561,12359,1061637,66821,8202,13524,-1851504,-0.0338135,-7.0629272,0
1995,1779177359742717108,1,1,50,-9152,-1851504,-53133,12580,1062409,65296,15833,13241,-1851504,-0.0349121,-7.0629272,0
1996,1779177359747703951,1,1,50,-9184,-1851504,-52666,13125,1063299,63557,23323,13213,-1851504,-0.0350342,-7.0629272,0
1997,1779177359752703113,1,1,50,-9264,-1851504,-52196,13699,1064308,61714,29490,13124,-1851504,-0.0353394,-7.0629272,0
1998,1779177359757662947,1,1,50,-9504,-1851504,-51719,14267,1065613,59808,34149,12892,-1851504,-0.0362549,-7.0629272,0
1999,1779177359762676126,1,1,50,-9808,-1851504,-51236,14862,1066859,57831,37846,12576,-1851504,-0.0374146,-7.0629272,0
2000,1779177359767655320,1,1,50,-10080,-1851504,-50749,15450,1067927,55843,41592,12314,-1851504,-0.0384521,-7.0629272,0
2001,1779177359772729813,1,1,50,-10288,-1851504,-51252,16384,1067987,53794,46323,12100,-1851504,-0.0392456,-7.0629272,0
2002,1779177359777719599,1,1,50,-10288,-1851504,-50659,16643,1066741,51750,51919,12100,-1851504,-0.0392456,-7.0629272,0
2003,1779177359782670505,1,1,50,-10224,-1851504,-50161,17270,1065198,49681,57905,12173,-1851504,-0.0390015,-7.0629272,0
2004,1779177359787652323,1,1,50,-10352,-1851504,-49650,17895,1060984,47535,63894,12041,-1851504,-0.0394897,-7.0629272,0
2005,1779177359792679038,1,1,50,34080,-1851504,-49917,18131,1057127,45296,69550,11716,-1851504,0.1300049,-7.0629272,0
2006,1779177359797651737,1,1,50,34144,1851488,-49409,18782,1050243,43047,74665,11784,-1851504,0.1302490,7.0628662,0
2007,1779177359802646259,1,1,50,34176,1851488,-48892,19427,1041579,40763,78734,11822,1851488,0.1303711,7.0628662,0
2008,1779177359807671726,1,1,50,34048,1851488,-48370,20070,1032144,38455,81361,11684,1851488,0.1298828,7.0628662,0
2009,1779177359812662825,1,1,50,33776,-1851504,-47847,20686,1021344,36177,82719,11420,1851488,0.1288452,-7.0629272,0
2010,1779177359817675588,1,1,50,33488,-1851504,-47318,21296,1021581,33926,83410,11129,-1851504,0.1277466,-7.0629272,0
2011,1779177359822736768,1,1,50,33488,-1851504,-47784,19115,1028702,31720,83702,11129,-1851504,0.1277466,-7.0629272,0
2012,1779177359827667897,1,1,50,34608,-1851504,-47294,19655,1036357,29714,84013,12245,-1851504,0.1320190,-7.0629272,0
2013,1779177359832663924,1,1,50,35472,-1851504,-46792,20200,1043419,27802,84292,13115,-1851504,0.1353149,-7.0629272,0
2014,1779177359837666671,1,1,50,35824,1851488,-46278,20713,1047810,25970,84684,13463,-1851504,0.1366577,7.0628662,0
2015,1779177359842672681,1,1,50,35808,1851488,-46425,20893,1049057,24193,85573,13442,1851488,0.1365967,7.0628662,0
2016,1779177359847806375,1,1,50,36080,1851488,-45877,21343,1047870,22436,87768,13722,1851488,0.1376343,7.0628662,0
2017,1779177359852654910,1,1,50,36080,1851488,-45374,21840,1044487,20797,90777,13727,1851488,0.1376343,7.0628662,0
2018,1779177359857665017,1,1,50,35888,1851488,-44845,22329,1038790,19093,94079,13533,1851488,0.1369019,7.0628662,0
2019,1779177359862941115,1,1,50,35664,1851488,-44288,22849,1031313,17283,96543,13296,1851488,0.1360474,7.0628662,0
2020,1779177359867665999,1,1,50,35472,1851488,-43782,23274,1023955,15674,96545,13112,1851488,0.1353149,7.0628662,0
2021,1779177359872668970,1,1,50,35376,1851488,-43894,23668,1021996,14025,94558,13022,1851488,0.1349487,7.0628662,0
2022,1779177359877673413,1,1,50,35520,971984,-43326,23970,1027218,11046,87515,13164,1851488,0.1354980,3.7078247,0
2023,1779177359882730177,1,1,50,35520,1851488,-42791,24413,1027218,11046,87515,13164,971984,0.1354980,7.0628662,0
2024,1779177359887669882,1,1,50,35552,-1851504,-42239,24717,1028761,9768,84725,13184,1851488,0.1356201,-7.0629272,0
2025,1779177359892728214,1,1,50,35760,-1851504,-42164,24208,1025972,8580,83443,13400,-1851504,0.1364136,-7.0629272,0
2026,1779177359897702384,1,1,50,36640,-1851504,-41618,24477,1020216,7546,84419,14273,-1851504,0.1397705,-7.0629272,0
2027,1779177359902700363,1,1,50,37376,-1851504,-41064,24735,1017902,6578,87580,15009,-1851504,0.1425781,-7.0629272,0
2028,1779177359907678629,1,1,50,37600,-1851504,-40507,24993,1018317,5601,91754,15246,-1851504,0.1434326,-7.0629272,0
2029,1779177359912719969,1,1,50,37472,-1851504,-39939,25257,1017427,4555,95780,15106,-1851504,0.1429443,-7.0629272,0
2030,1779177359917674170,1,1,50,37248,-1851504,-39375,25504,1015231,3474,98604,14882,-1851504,0.1420898,-7.0629272,0
2031,1779177359922707222,1,1,50,-7632,-1851504,-39280,24965,1013629,2353,99802,14760,-1851504,-0.0291138,-7.0629272,0
2032,1779177359927707921,1,1,50,-7056,-1851504,-38719,25181,1012858,1297,99697,15330,-1851504,-0.0269165,-7.0629272,0
2033,1779177359932702859,1,1,50,-6496,-1851504,-38157,25382,1011077,323,99439,15899,-1851504,-0.0247803,-7.0629272,0
2034,1779177359937706342,1,1,50,-6096,-1851504,-37591,25571,1008110,-579,100590,16288,-1851504,-0.0232544,-7.0629272,0
2035,1779177359942761026,1,1,50,-5888,-1851504,-37412,25477,1004728,-1459,103793,16505,-1851504,-0.0224609,-7.0629272,0
2036,1779177359947682971,1,1,50,-5536,-1851504,-36855,25661,1001701,-2317,108044,16861,-1851504,-0.0211182,-7.0629272,0
2037,1779177359953010782,1,1,50,-5296,-1851504,-36257,25894,998378,-3277,112128,17100,-1851504,-0.0202026,-7.0629272,0
2038,1779177359958011896,1,1,50,-5232,-1851504,-35691,26091,994936,-4210,114122,17167,-1851504,-0.0199585,-7.0629272,0
2039,1779177359962733516,1,1,50,39568,-1851504,-35148,26245,992147,-5087,114702,17205,-1851504,0.1509399,-7.0629272,0
2040,1779177359967674277,1,1,50,39680,-1851504,-34584,26411,989773,-5970,114856,17320,-1851504,0.1513672,-7.0629272,0
2041,1779177359972714433,1,1,50,39808,-1851504,-34529,24639,986806,-6825,114195,17449,-1851504,0.1518555,-7.0629272,0
2042,1779177359977678395,1,1,50,41184,-1851504,-33997,24782,983068,-7522,113478,18822,-1851504,0.1571045,-7.0629272,0
2043,1779177359982680790,1,1,50,42416,-1851504,-33456,24899,979329,-8093,113160,20060,-1851504,0.1618042,-7.0629272,0
2044,1779177359987685617,1,1,50,43088,-1851504,-33030,25465,975472,-8583,113099,20721,-1851504,0.1643677,-7.0629272,0
2045,1779177359992711372,1,1,50,42816,-1851504,-32883,24858,971793,-9063,113006,20462,-1851504,0.1633301,-7.0629272,0
2046,1779177359997770120,1,1,50,42976,-1851504,-32355,24980,968054,-9507,113621,20608,-1851504,0.1639404,-7.0629272,0
2047,1779177360002678049,1,1,50,43280,-1851504,-31833,25060,964434,-9904,114546,20917,-1851504,0.1651001,-7.0629272,0
2048,1779177360007709180,1,1,50,43552,-1851504,-31309,25188,960814,-10286,115511,21184,-1851504,0.1661377,-7.0629272,0
2049,1779177360012709014,1,1,50,43728,-1851504,-30781,25284,957135,-10647,115618,21371,-1851504,0.1668091,-7.0629272,0
2050,1779177360017763314,1,1,50,43920,-1851504,-30573,23925,952684,-10976,115326,21560,-1851504,0.1675415,-7.0629272,0
2051,1779177360022691563,1,1,50,45120,-1851504,-30079,24013,948056,-11188,116033,22761,-1851504,0.1721191,-7.0629272,0
2052,1779177360027836745,1,1,50,46368,-1851504,-29562,24111,943427,-11317,119010,24003,-1851504,0.1768799,-7.0629272,0
2053,1779177360032787394,1,1,50,47104,-1851504,-29062,24218,938561,-11429,123092,24743,-1851504,0.1796875,-7.0629272,0
2054,1779177360037711226,1,1,50,47408,-1851504,-28561,24329,933517,-11579,127667,25044,-1851504,0.1808472,-7.0629272,0
2055,1779177360042794871,1,1,50,47424,-1851504,-28326,23302,928295,-11796,131732,25058,-1851504,0.1809082,-7.0629272,0
2056,1779177360047723888,1,1,50,47536,-1851504,-27835,23401,923666,-12052,133843,25173,-1851504,0.1813354,-7.0629272,0
2057,1779177360052677385,1,1,50,47776,-1851504,-27484,24068,918800,-12306,134547,25419,-1851504,0.1822510,-7.0629272,0
2058,1779177360057724004,1,1,50,47440,-1851504,-26969,24113,913993,-12575,134056,25084,-1851504,0.1809692,-7.0629272,0
2059,1779177360062709694,1,1,50,47376,-1851504,-26457,24135,909602,-12812,132981,25023,-1851504,0.1807251,-7.0629272,0
2060,1779177360068201093,1,1,50,47696,-1851504,-25709,23453,904795,-13002,133035,25341,-1851504,0.1819458,-7.0629272,0
2061,1779177360072368619,1,1,50,48608,-1851504,-25900,21821,900107,-13129,131109,26247,-1851504,0.1854248,-7.0629272,0
2062,1779177360078557923,1,1,50,5648,-1851504,-25310,21892,893579,-13169,134994,28044,-1851504,0.0215454,-7.0629272,0
2063,1779177360082774122,1,1,50,7152,-1851504,-24589,20839,889722,-13143,136622,29543,-1851504,0.0272827,-7.0629272,0
2064,1779177360087464285,1,1,50,8672,-1851504,-24316,21499,884440,-13033,140827,31062,-1851504,0.0330811,-7.0629272,0
2065,1779177360092732126,1,1,50,8688,-1851504,-23712,21595,878922,-12866,146445,31074,-1851504,0.0331421,-7.0629272,0
2066,1779177360097683767,1,1,50,8016,-1851504,-23413,22335,873581,-12840,149408,30408,-1851504,0.0305786,-7.0629272,0
2067,1779177360102712114,1,1,50,7168,1779712,-22899,22207,868655,-12907,151780,29564,-1851504,0.0273438,6.7890625,0
2068,1779177360107712556,1,1,50,52176,-1851504,-22380,22055,863611,-12977,154146,29819,1779712,0.1990356,-7.0629272,0
2069,1779177360112678630,1,1,50,53200,-1851504,-21858,21879,858626,-13000,156492,30832,-1851504,0.2029419,-7.0629272,0
2070,1779177360117943367,1,1,50,54288,-1851504,-21152,19564,853464,-12970,159280,31925,-1851504,0.2070923,-7.0629272,0
2071,1779177360122754301,1,1,50,56416,-1851504,-20903,20342,848538,-12838,161596,34049,-1851504,0.2152100,-7.0629272,0
2072,1779177360127752407,1,1,50,56672,-1851504,-20360,20061,843019,-12707,164501,34318,-1851504,0.2161865,-7.0629272,0
2073,1779177360132721905,1,1,50,56704,-1851504,-19807,19740,837085,-12609,168023,34344,-1851504,0.2163086,-7.0629272,0
2074,1779177360137730571,1,1,50,57104,-1851504,-19242,19404,831863,-12526,172680,34744,-1851504,0.2178345,-7.0629272,0
2075,1779177360142729254,1,1,50,57808,-1851504,-19006,19434,826107,-12457,177786,35451,-1851504,0.2205200,-7.0629272,0
2076,1779177360147692607,1,1,50,58240,-1851504,-18453,19090,820469,-12424,182222,35887,-1851504,0.2221680,-7.0629272,0
2077,1779177360152722394,1,1,50,59072,-1851504,-17884,18722,815069,-12389,185950,36712,-1851504,0.2253418,-7.0629272,0
2078,1779177360157739733,1,1,50,60064,-1851504,-17308,18330,809906,-12330,188710,37698,-1851504,0.2291260,-7.0629272,0
2079,1779177360162728559,1,1,50,61072,-1851504,-17081,19281,804803,-12231,190714,38706,-1851504,0.2329712,-7.0629272,0
2080,1779177360167682473,1,1,50,61200,-1851504,-16501,18833,799818,-12141,191527,38833,-1851504,0.2334595,-7.0629272,0
2081,1779177360172725732,1,1,50,61632,-1851504,-15940,16079,794359,-12014,191935,39271,-1851504,0.2351074,-7.0629272,0
2082,1779177360177716094,1,1,50,63440,-1851504,-15372,15578,789433,-11761,192643,41081,-1851504,0.2420044,-7.0629272,0
2083,1779177360182690136,1,1,50,65488,-1851504,-15189,16544,784330,-11376,194196,43120,-1851504,0.2498169,-7.0629272,0
2084,1779177360187713747,1,1,50,66496,-1851504,-14613,16017,778929,-10940,196570,44143,-1851504,0.2536621,-7.0629272,0
2085,1779177360192689709,1,1,50,67504,-1851504,-13933,13933,773529,-10478,199811,45140,-1851504,0.2575073,-7.0629272,0
2086,1779177360197723944,1,1,50,69264,-1851504,-13338,13317,768070,-9942,204458,46911,-1851504,0.2642212,-7.0629272,0
2087,1779177360202747011,1,1,50,69264,-1851504,-13183,14363,762551,-9481,208245,46911,-1851504,0.2642212,-7.0629272,0
2088,1779177360207771006,1,1,50,70480,-1851504,-12585,13745,757032,-8998,212174,48114,-1851504,0.2688599,-7.0629272,0
2089,1779177360212672694,1,1,50,72368,-483392,-11965,13033,751988,-8465,216231,50002,-1851504,0.2760620,-1.8439941,0
2090,1779177360217734386,1,1,50,74336,-1851504,-11809,14152,746647,-7847,221148,51980,-483392,0.2835693,-7.0629272,0
2091,1779177360222750221,1,1,50,75696,-1851504,-11226,11324,742018,-7230,225125,53335,-1851504,0.2887573,-7.0629272,0
2092,1779177360227715143,1,1,50,78320,-1851504,-10541,10338,737330,-6516,229038,55958,-1851504,0.2987671,-7.0629272,0
2093,1779177360232666624,1,1,50,36464,-1851504,-10418,11492,732880,-5689,233050,58860,-1851504,0.1390991,-7.0629272,0
2094,1779177360237707707,1,1,50,82816,-1851504,-9691,10382,728429,-4822,236734,60456,-1851504,0.3159180,-7.0629272,0
2095,1779177360242812696,1,1,50,84416,-1851504,-8793,7092,724038,-3918,240441,62051,-1851504,0.3220215,-7.0629272,0
2096,1779177360247722289,1,1,50,86832,-1851504,-8704,8291,719646,-2972,244227,64470,-1851504,0.3312378,-7.0629272,0
2097,1779177360252679882,1,1,50,43472,-1851504,-7895,6772,715196,-2008,249302,65868,-1851504,0.1658325,-7.0629272,0
2098,1779177360257673476,1,1,50,89888,-1851504,-7024,5072,710508,-1031,256377,67530,-1851504,0.3428955,-7.0629272,0
2099,1779177360262729312,1,1,50,91936,-1851504,-6946,6417,705226,-35,265995,69575,-1851504,0.3507080,-7.0629272,0
2100,1779177360267709114,1,1,50,92896,-1851504,-6046,4634,700657,842,276079,70541,-1851504,0.3543701,-7.0629272,0
2101,1779177360272742901,1,1,50,94320,-1851504,-5050,-228,696206,1651,286547,71952,-1851504,0.3598022,-7.0629272,0
2102,1779177360277695310,1,1,50,97232,-1851504,-5032,1239,691815,2469,296213,74867,-1851504,0.3709106,-7.0629272,0
2103,1779177360282712585,1,1,50,99184,-1851504,-4073,-796,687423,3269,304432,76823,-1851504,0.3783569,-7.0629272,0
2104,1779177360287697859,1,1,50,56480,-1851504,-3097,-2864,683210,4061,310838,78879,-1851504,0.2154541,-7.0629272,0
2105,1779177360292717630,1,1,50,58816,-1851504,-2974,-4584,679293,4899,316297,81212,-1851504,0.2243652,-7.0629272,0
2106,1779177360297864668,1,1,50,61120,-1851504,-2019,-6669,675377,5810,321333,83513,-1851504,0.2331543,-7.0629272,0
2107,1779177360302726931,1,1,50,63568,-1851504,-2060,-5092,671994,6726,324303,85964,-1851504,0.2424927,-7.0629272,0
2108,1779177360307775471,1,1,50,102224,-1851504,-1100,-7261,668256,7606,328082,87163,-1851504,0.3899536,-7.0629272,0
2109,1779177360312696423,1,1,50,65984,1851488,-118,-9493,663746,8542,333764,88370,-1851504,0.2517090,7.0628662,0
2110,1779177360317677569,1,1,50,67600,-1851504,-180,-7787,660838,9482,342451,89992,1851488,0.2578735,-7.0629272,0
2111,1779177360322689340,1,1,50,102224,-1851504,1079,-13900,657930,10315,352907,90639,-1851504,0.3899536,-7.0629272,0
2112,1779177360327678422,1,1,50,70512,-1851504,972,-12077,654073,11125,365468,92904,-1851504,0.2689819,-7.0629272,0
2113,1779177360332676369,1,1,50,73088,-1851504,1881,-14023,649385,11915,379807,95472,-1851504,0.2788086,-7.0629272,0
2114,1779177360337703276,1,1,50,76896,-1851504,2817,-15942,644934,12748,396115,99280,-1851504,0.2933350,-7.0629272,0
2115,1779177360342684646,1,1,50,79840,-1851504,2702,-13890,640958,13525,412022,102236,-1851504,0.3045654,-7.0629272,0
2116,1779177360347675776,1,1,50,79840,-1851504,3650,-15745,637160,14075,425252,102236,-1851504,0.3045654,-7.0629272,0
2117,1779177360352673370,1,1,50,78656,1851488,3545,-13568,633718,14366,435491,101050,-1851504,0.3000488,7.0628662,0
2118,1779177360357675669,1,1,50,76688,1851488,4502,-15400,629624,14406,443217,99075,1851488,0.2925415,7.0628662,0
2119,1779177360362702384,1,1,50,75776,1851488,4403,-13136,626004,14308,450468,98174,1851488,0.2890625,7.0628662,0
2120,1779177360367669801,1,1,50,74960,1851488,5380,-15041,623096,14091,457700,97357,1851488,0.2859497,7.0628662,0
2121,1779177360372733029,1,1,50,75264,-1851504,6656,-22267,620900,13822,466916,97653,1851488,0.2871094,-7.0629272,0
2122,1779177360377696863,1,1,50,78592,-1851504,6477,-19888,619120,13686,479234,100985,-1851504,0.2998047,-7.0629272,0
2123,1779177360382691385,1,1,50,79840,-1851504,7463,-21848,617043,13495,492919,102236,-1851504,0.3045654,-7.0629272,0
2124,1779177360387709972,1,1,50,79840,-1851504,7287,-19304,614966,13156,506850,102236,-1851504,0.3045654,-7.0629272,0
2125,1779177360392679470,1,1,50,79840,-1851504,8295,-21277,613423,12676,520456,102236,-1851504,0.3045654,-7.0629272,0
2126,1779177360397747690,1,1,50,79840,-1851504,9349,-23283,612296,12049,533642,102236,-1851504,0.3045654,-7.0629272,0
2127,1779177360402720612,1,1,50,79840,-1851504,9600,-27360,611821,11310,545332,102236,-1851504,0.3045654,-7.0629272,0
2128,1779177360407674205,1,1,50,79840,-1851504,10615,-29359,612652,10464,556073,102236,-1851504,0.3045654,-7.0629272,0
2129,1779177360412679224,1,1,50,79840,-1851504,10335,-26524,614788,9506,566402,102236,-1851504,0.3045654,-7.0629272,0
2130,1779177360417739091,1,1,50,79840,-1851504,11326,-28373,615916,8451,576460,102236,-1851504,0.3045654,-7.0629272,0
2131,1779177360422688717,1,1,50,79840,-1851504,12365,-30359,613364,7378,585656,102236,-1851504,0.3045654,-7.0629272,0
2132,1779177360427668295,1,1,50,79840,-1851504,12063,-27401,608439,6293,594093,102236,-1851504,0.3045654,-7.0629272,0
2133,1779177360432733251,1,1,50,79840,-1851504,11788,-24353,602504,5206,601731,102236,-1851504,0.3045654,-7.0629272,0
2134,1779177360437728509,1,1,50,79840,-1851504,12801,-26239,595264,4175,608487,102236,-1851504,0.3045654,-7.0629272,0
2135,1779177360442730839,1,1,50,79840,-1851504,13830,-28094,590161,3175,615219,102236,-1851504,0.3045654,-7.0629272,0
2136,1779177360447730194,1,1,50,79840,-1851504,13544,-24983,588559,2170,622416,102236,-1851504,0.3045654,-7.0629272,0
2137,1779177360452751085,1,1,50,102224,-1851504,14528,-31601,590873,1110,630142,102236,-1851504,0.3899536,-7.0629272,0
2138,1779177360457749479,1,1,50,102224,-1851504,14188,-28413,595621,-25,637798,102236,-1851504,0.3899536,-7.0629272,0
2139,1779177360462698752,1,1,50,102224,-1851504,15199,-30394,602148,-1246,644544,102236,-1851504,0.3899536,-7.0629272,0
2140,1779177360467969281,1,1,50,102224,-1851504,14838,-26971,603632,-2575,649385,102236,-1851504,0.3899536,-7.0629272,0
2141,1779177360472882490,1,1,50,102224,-1851504,15839,-28970,599062,-3742,650825,102236,-1851504,0.3899536,-7.0629272,0
2142,1779177360477696080,1,1,50,102224,1851488,16898,-31176,594018,-4779,649891,102236,-1851504,0.3899536,7.0628662,0
2143,1779177360482732747,1,1,50,102224,1851488,16535,-27914,589983,-5740,647780,102236,1851488,0.3899536,7.0628662,0
2144,1779177360487731557,1,1,50,102224,1851488,17607,-30164,587728,-6582,645804,102236,1851488,0.3899536,7.0628662,0
2145,1779177360492736192,1,1,50,102224,1851488,18236,-29372,585888,-7326,645769,102236,1851488,0.3899536,7.0628662,0
2146,1779177360497754875,1,1,50,102224,1851488,19300,-31636,585236,-8018,648705,102236,1851488,0.3899536,7.0628662,0
2147,1779177360502757941,1,1,50,102224,1851488,20404,-33987,584998,-8698,653313,102236,1851488,0.3899536,7.0628662,0
2148,1779177360507707982,1,1,50,102224,1851488,20002,-30736,583396,-9365,656770,102236,1851488,0.3899536,7.0628662,0
2149,1779177360512697385,1,1,50,102224,1851488,21107,-33123,580607,-10004,657406,102236,1851488,0.3899536,7.0628662,0
2150,1779177360517614401,1,1,50,102224,1851488,20715,-29899,576868,-10557,655701,102236,1851488,0.3899536,7.0628662,0
2151,1779177360522740446,1,1,50,102224,1851488,24277,-34745,573664,-11035,653702,102236,1851488,0.3899536,7.0628662,0
2152,1779177360527735257,1,1,50,102224,1851488,23861,-31483,572299,-11430,653041,102236,1851488,0.3899536,7.0628662,0
2153,1779177360532698386,1,1,50,102224,1851488,24999,-33962,570934,-11773,653571,102236,1851488,0.3899536,7.0628662,0
2154,1779177360537729869,1,1,50,102224,1851488,26135,-36356,569807,-12091,654285,102236,1851488,0.3899536,7.0628662,0
2155,1779177360542789225,1,1,50,102224,1851488,27752,-35440,568620,-12383,654107,102236,1851488,0.3899536,7.0628662,0
2156,1779177360547857029,1,1,50,102224,1851488,27319,-32133,566958,-12634,652603,102236,1851488,0.3899536,7.0628662,0
2157,1779177360552799422,1,1,50,102224,1851488,28428,-34583,566543,-12840,650328,102236,1851488,0.3899536,7.0628662,0
2158,1779177360557829946,1,1,50,102224,1851488,28006,-31324,566068,-13003,647756,102236,1851488,0.3899536,7.0628662,0
2159,1779177360562708945,1,1,50,94496,1851488,29101,-33816,566068,-13121,645227,102236,1851488,0.3604736,7.0628662,0
2160,1779177360567757293,1,1,50,93808,1851488,28685,-30570,566068,-13204,643001,102236,1851488,0.3578491,7.0628662,0
2161,1779177360572766183,1,1,50,79840,1851488,31722,-35223,565237,-13245,641074,102236,1851488,0.3045654,7.0628662,0
2162,1779177360577742721,1,1,50,79840,1851488,31297,-32040,564703,-13253,639588,102236,1851488,0.3045654,7.0628662,0
2163,1779177360582700635,1,1,50,79840,1851488,32302,-34323,563872,-13233,638808,102236,1851488,0.3045654,7.0628662,0
2164,1779177360587740278,1,1,50,79840,1851488,33312,-36542,562923,-13192,639130,102236,1851488,0.3045654,7.0628662,0
2165,1779177360592753585,1,1,50,79840,1851488,32872,-33332,562448,-13152,640481,102236,1851488,0.3045654,7.0628662,0
2166,1779177360597759403,1,1,50,79840,1851488,33844,-35440,561439,-13119,642042,102236,1851488,0.3045654,7.0628662,0
2167,1779177360602729381,1,1,50,79840,1851488,33421,-32244,560727,-13097,643049,102236,1851488,0.3045654,7.0628662,0
2168,1779177360607681630,1,1,50,79840,1851488,34377,-34330,560668,-13089,643247,102236,1851488,0.3045654,7.0628662,0
2169,1779177360613137956,1,1,50,79840,1851488,33927,-30823,560787,-13084,642724,102236,1851488,0.3045654,7.0628662,0
2170,1779177360618109310,1,1,50,79840,1851488,37777,-40586,561617,-13084,641391,102236,1851488,0.3045654,7.0628662,0
2171,1779177360622737647,1,1,50,79840,1851488,37330,-37627,561914,-13072,639274,102236,1851488,0.3045654,7.0628662,0
2172,1779177360627886157,1,1,50,79840,1851488,36867,-34346,562448,-13041,637244,102236,1851488,0.3045654,7.0628662,0
2173,1779177360632817958,1,1,50,79840,1851488,36457,-31210,563754,-13006,635800,102236,1851488,0.3045654,7.0628662,0
2174,1779177360637745118,1,1,50,79840,1851488,38705,-38532,564525,-12965,635400,102236,1851488,0.3045654,7.0628662,0
2175,1779177360642668983,1,1,50,79840,1851488,40217,-35530,565356,-12932,636279,102236,1851488,0.3045654,7.0628662,0
2176,1779177360647716147,1,1,50,79840,1851488,41114,-37543,566009,-12919,638429,102236,1851488,0.3045654,7.0628662,0
2177,1779177360652718925,1,1,50,79840,1851488,40662,-34333,567255,-12948,641673,102236,1851488,0.3045654,7.0628662,0
2178,1779177360657681511,1,1,50,79840,1851488,41582,-36478,567967,-13022,645333,102236,1851488,0.3045654,7.0628662,0
2179,1779177360662687265,1,1,50,79840,1851488,42519,-38616,568086,-13138,648638,102236,1851488,0.3045654,7.0628662,0
2180,1779177360667685339,1,1,50,79840,1851488,42053,-35361,568382,-13289,651212,102236,1851488,0.3045654,7.0628662,0
2181,1779177360672760408,1,1,50,79840,1851488,45334,-37289,567908,-13458,652912,102236,1851488,0.3045654,7.0628662,0
2182,1779177360677756594,1,1,50,79840,-1851504,46318,-39582,567255,-13626,653646,102236,1851488,0.3045654,-7.0629272,0
2183,1779177360682712075,1,1,50,79840,-1851504,45846,-36344,566602,-13782,653362,102236,-1851504,0.3045654,-7.0629272,0
2184,1779177360687715302,1,1,50,79840,-1851504,46816,-38658,566365,-13924,652295,102236,-1851504,0.3045654,-7.0629272,0
2185,1779177360692681311,1,1,50,79840,-1851504,47801,-41027,566721,-14047,651024,102236,-1851504,0.3045654,-7.0629272,0
2186,1779177360697718843,1,1,50,79840,-1851504,47304,-37752,566543,-14146,649992,102236,-1851504,0.3045654,-7.0629272,0
2187,1779177360702719541,1,1,50,79840,-1851504,48284,-40181,566839,-14230,649403,102236,-1851504,0.3045654,-7.0629272,0
2188,1779177360707722000,1,1,50,79840,-1851504,49273,-42629,567195,-14306,649171,102236,-1851504,0.3045654,-7.0629272,0
2189,1779177360712735947,1,1,50,79840,-1851504,48758,-39372,567967,-14384,649531,102236,-1851504,0.3045654,-7.0629272,0
2190,1779177360717832391,1,1,50,79840,-1851504,49700,-41700,569510,-14482,650991,102236,-1851504,0.3045654,-7.0629272,0
2191,1779177360722931300,1,1,50,79840,-1851504,52180,-46125,570400,-14604,653642,102236,-1851504,0.3045654,-7.0629272,0
2192,1779177360727962751,1,1,50,79840,-1851504,51621,-42818,571824,-14767,657233,102236,-1851504,0.3045654,-7.0629272,0
2193,1779177360732724852,1,1,50,79840,-1851504,52505,-45349,573189,-14969,660983,102236,-1851504,0.3045654,-7.0629272,0
2194,1779177360737740495,1,1,50,79840,-1851504,53359,-47689,574435,-15230,664098,102236,-1851504,0.3045654,-7.0629272,0
2195,1779177360742756554,1,1,50,79840,-1851504,54448,-44987,575029,-15521,666026,102236,-1851504,0.3045654,-7.0629272,0
2196,1779177360747331770,1,1,50,79840,-1851504,55314,-47585,574851,-15789,666786,102236,-1851504,0.3045654,-7.0629272,0
2197,1779177360752727998,1,1,50,79840,-1851504,56081,-49630,575681,-16108,666509,102236,-1851504,0.3045654,-7.0629272,0
2198,1779177360757745593,1,1,50,79840,-1851504,56877,-51873,576097,-16386,665108,102236,-1851504,0.3045654,-7.0629272,0
2199,1779177360762741843,1,1,50,102224,-1851504,57674,-54135,576868,-16639,662760,102236,-1851504,0.3899536,-7.0629272,0
2200,1779177360767746125,1,1,50,102224,-1851504,57016,-50830,578055,-16863,660486,102236,-1851504,0.3899536,-7.0629272,0
2201,1779177360772761320,1,1,50,102224,-1851504,58655,-55997,578708,-17055,659228,102236,-1851504,0.3899536,-7.0629272,0
2202,1779177360777736098,1,1,50,102224,-1851504,59373,-58204,579301,-17226,659494,102236,-1851504,0.3899536,-7.0629272,0
2203,1779177360782689435,1,1,50,102224,-1851504,58674,-54928,579064,-17385,661383,102236,-1851504,0.3899536,-7.0629272,0
2204,1779177360787686614,1,1,50,102224,-1851504,59361,-57075,579242,-17561,664909,102236,-1851504,0.3899536,-7.0629272,0
2205,1779177360792683952,1,1,50,102224,-1851504,61073,-59437,579242,-17769,669516,102236,-1851504,0.3899536,-7.0629272,0
2206,1779177360797717867,1,1,50,102224,-1851504,60348,-56043,579005,-18019,674276,102236,-1851504,0.3899536,-7.0629272,0
2207,1779177360802685541,1,1,50,102224,-1851504,60985,-58058,579183,-18310,678161,102236,-1851504,0.3899536,-7.0629272,0
2208,1779177360807717408,1,1,50,79840,-1851504,61611,-60010,579005,-18632,680266,102236,-1851504,0.3045654,-7.0629272,0
2209,1779177360812722875,1,1,50,79840,-1851504,60878,-56604,579717,-18967,680301,102236,-1851504,0.3045654,-7.0629272,0
2210,1779177360817764150,1,1,50,79840,-1851504,62707,-60362,580192,-19563,674588,102236,-1851504,0.3045654,-7.0629272,0
2211,1779177360822773489,1,1,50,79840,-1851504,61967,-56982,580192,-19563,674588,102236,-1851504,0.3045654,-7.0629272,0
2212,1779177360827846381,1,1,50,79840,-1851504,62517,-58872,580666,-19787,670584,102236,-1851504,0.3045654,-7.0629272,0
2213,1779177360832621218,1,1,50,79840,-1851504,63123,-61012,580607,-19936,667135,102236,-1851504,0.3045654,-7.0629272,0
2214,1779177360837781888,1,1,50,79840,-1851504,62349,-57581,581497,-20057,665008,102236,-1851504,0.3045654,-7.0629272,0
2215,1779177360843039617,1,1,50,79840,-1851504,65981,-67026,581972,-20152,664681,102236,-1851504,0.3045654,-7.0629272,0
2216,1779177360847870871,1,1,50,79840,-675632,65192,-63806,582506,-20236,666464,102236,-1851504,0.3045654,-2.5773315,0
2217,1779177360852746767,1,1,50,79840,1836912,65808,-65849,583040,-20345,670131,102236,-675632,0.3045654,7.0072632,0
2218,1779177360857739625,1,1,50,79840,-1851504,66417,-67831,582981,-20493,674990,102236,1836912,0.3045654,-7.0629272,0
2219,1779177360862716003,1,1,50,79840,-1851504,65592,-64445,583396,-20697,680351,102236,-1851504,0.3045654,-7.0629272,0
2220,1779177360867834048,1,1,50,79840,-1851504,64780,-60937,583752,-20966,685429,102236,-1851504,0.3045654,-7.0629272,0
2221,1779177360872837467,1,1,50,79840,-1851504,66102,-63048,584583,-21286,689427,102236,-1851504,0.3045654,-7.0629272,0
2222,1779177360877879798,1,1,50,79840,-1851504,66672,-64964,585176,-21646,691700,102236,-1851504,0.3045654,-7.0629272,0
2223,1779177360882692780,1,1,50,79840,-1851504,65895,-61634,585770,-22004,691756,102236,-1851504,0.3045654,-7.0629272,0
2224,1779177360887835594,1,1,50,79840,-1851504,66438,-63549,587194,-22385,689976,102236,-1851504,0.3045654,-7.0629272,0
2225,1779177360892774051,1,1,50,79840,-1851504,67872,-66082,587728,-22713,687244,102236,-1851504,0.3045654,-7.0629272,0
2226,1779177360897738044,1,1,50,79840,-1851504,68474,-68258,588025,-22994,684692,102236,-1851504,0.3045654,-7.0629272,0
2227,1779177360902762775,1,1,50,79840,-1851504,67620,-64826,587728,-23225,683096,102236,-1851504,0.3045654,-7.0629272,0
2228,1779177360907757490,1,1,50,102224,-1851504,68198,-67027,588025,-23425,682989,102236,-1851504,0.3899536,-7.0629272,0
2229,1779177360912749260,1,1,50,102224,-1851504,68791,-69300,588618,-23619,684488,102236,-1851504,0.3899536,-7.0629272,0
2230,1779177360917713381,1,1,50,102224,-1851504,67931,-65887,588974,-23824,687490,102236,-1851504,0.3899536,-7.0629272,0
2231,1779177360922731104,1,1,50,102224,557408,69206,-68731,589508,-24063,691586,102236,-1851504,0.3899536,2.1263428,0
2232,1779177360927732155,1,1,50,79840,1851488,69762,-70909,589390,-24336,695834,102236,557408,0.3045654,7.0628662,0
2233,1779177360932773910,1,1,50,79840,1851488,70314,-73078,589864,-24654,699321,102236,1851488,0.3045654,7.0628662,0
2234,1779177360937730448,1,1,50,79840,1851488,70875,-75287,590398,-24998,701478,102236,1851488,0.3045654,7.0628662,0
2235,1779177360942815564,1,1,50,79840,1851488,72305,-75987,590754,-25362,702128,102236,1851488,0.3045654,7.0628662,0
2236,1779177360948485655,1,1,50,79840,1851488,71231,-72010,591111,-25758,701238,102236,1851488,0.3045654,7.0628662,0
2237,1779177360952728415,1,1,50,79840,1851488,70457,-69044,591407,-26028,699175,102236,1851488,0.3045654,7.0628662,0
2238,1779177360957727289,1,1,50,79840,1851488,70963,-71152,592713,-26323,696368,102236,1851488,0.3045654,7.0628662,0
2239,1779177360962742644,1,1,50,79840,1851488,71451,-73230,594256,-26589,693255,102236,1851488,0.3045654,7.0628662,0
2240,1779177360967738702,1,1,50,79840,1851488,70519,-69780,596214,-26827,690590,102236,1851488,0.3045654,7.0628662,0
2241,1779177360972679687,1,1,50,79840,1851488,71448,-73001,597935,-27040,689293,102236,1851488,0.3045654,7.0628662,0
2242,1779177360977694658,1,1,50,79840,1851488,71863,-75007,599537,-27251,689818,102236,1851488,0.3045654,7.0628662,0
2243,1779177360982728189,1,1,50,79840,1851488,70896,-71524,601199,-27481,691941,102236,1851488,0.3045654,7.0628662,0
2244,1779177360987761305,1,1,50,79840,1851488,71258,-73416,602445,-27742,695172,102236,1851488,0.3045654,7.0628662,0
2245,1779177360992710706,1,1,50,79840,1851488,71841,-75614,603394,-28037,699284,102236,1851488,0.3045654,7.0628662,0
2246,1779177360997730509,1,1,50,79840,1851488,72152,-77380,603632,-28375,703890,102236,1851488,0.3045654,7.0628662,0
2247,1779177361002759848,1,1,50,79840,1851488,71149,-73818,604522,-28765,708200,102236,1851488,0.3045654,7.0628662,0
2248,1779177361007726273,1,1,50,79840,1851488,71431,-75528,605056,-29188,710938,102236,1851488,0.3045654,7.0628662,0
2249,1779177361012763708,1,1,50,79840,1851488,71684,-77130,605887,-29640,711450,102236,1851488,0.3045654,7.0628662,0
2250,1779177361017759254,1,1,50,79840,1851488,71933,-78729,606777,-30081,709988,102236,1851488,0.3045654,7.0628662,0
2251,1779177361022765617,1,1,50,79840,1851488,72322,-81528,607904,-30496,707544,102236,1851488,0.3045654,7.0628662,0
2252,1779177361027730218,1,1,50,79840,1851488,71268,-78027,609685,-30879,705183,102236,1851488,0.3045654,7.0628662,0
2253,1779177361032754309,1,1,50,79840,1851488,71428,-79452,611762,-31245,703615,102236,1851488,0.3045654,7.0628662,0
2254,1779177361037730590,1,1,50,79840,1851488,71578,-80841,614254,-31603,703213,102236,1851488,0.3045654,7.0628662,0
2255,1779177361042753945,1,1,50,79840,1851488,72152,-80025,616746,-31977,704266,102236,1851488,0.3045654,7.0628662,0
2256,1779177361047757747,1,1,50,79008,1851488,71085,-76488,619832,-32388,706926,101392,1851488,0.3013916,7.0628662,0
2257,1779177361052843727,1,1,50,77408,1851488,71167,-77568,622384,-33017,709265,99804,1851488,0.2952881,7.0628662,0
2258,1779177361057732327,1,1,50,75776,1851488,71260,-78660,625114,-33759,711918,98170,1851488,0.2890625,7.0628662,0
2259,1779177361062774402,1,1,50,74368,1851488,70179,-75057,626953,-34638,714519,96763,1851488,0.2836914,7.0628662,0
2260,1779177361067740507,1,1,50,72848,1851488,70222,-75992,626597,-35579,716345,95232,1851488,0.2778931,7.0628662,0
2261,1779177361072760598,1,1,50,71296,1851488,70481,-77118,626123,-36594,716786,93686,1851488,0.2719727,7.0628662,0
2262,1779177361077747632,1,1,50,70048,1851488,70465,-77814,627665,-37655,716177,92438,1851488,0.2672119,7.0628662,0
2263,1779177361082756618,1,1,50,69344,1851488,69377,-74232,629683,-38730,715183,91731,1851488,0.2645264,7.0628662,0
2264,1779177361087731876,1,1,50,68864,1851488,69336,-74879,631167,-39777,714194,91255,1851488,0.2626953,7.0628662,0
2265,1779177361092766559,1,1,50,68240,1851488,69466,-74106,633362,-40839,712893,90639,1851488,0.2603149,7.0628662,0
2266,1779177361097761881,1,1,50,67008,1851488,69398,-74564,635855,-41936,710511,89401,1851488,0.2556152,7.0628662,0
2267,1779177361102762739,1,1,50,65744,1851488,68315,-71029,639356,-43079,706936,88136,1851488,0.2507935,7.0628662,0
2268,1779177361107728844,1,1,50,64768,1851488,68215,-71442,642857,-44222,702997,87160,1851488,0.2470703,7.0628662,0
2269,1779177361112762727,1,1,50,63792,1851488,68085,-71751,645884,-45375,699765,86190,1851488,0.2433472,7.0628662,0
2270,1779177361117719872,1,1,50,62704,1851488,67954,-72028,648020,-46509,698024,85097,1851488,0.2391968,7.0628662,0
2271,1779177361122763323,1,1,50,61552,1851488,67224,-70058,650038,-47684,696948,83937,1851488,0.2348022,7.0628662,0
2272,1779177361127722196,1,1,50,61008,1851488,67070,-70271,650928,-48809,695741,83393,1851488,0.2327271,7.0628662,0
2273,1779177361132756175,1,1,50,60288,1851488,66882,-70341,652767,-49950,693364,82685,1851488,0.2299805,7.0628662,0
2274,1779177361137744617,1,1,50,59168,1851488,65790,-66899,654904,-51093,689930,81554,1851488,0.2257080,7.0628662,0
2275,1779177361142781252,1,1,50,57520,1851488,65861,-67057,658168,-52297,685748,79918,1851488,0.2194214,7.0628662,0
2276,1779177361147840576,1,1,50,55568,1851488,65640,-67016,661135,-53562,680847,77957,1851488,0.2119751,7.0628662,0
2277,1779177361152793881,1,1,50,55568,1851488,64566,-63665,664280,-54715,676427,77957,1851488,0.2119751,7.0628662,0
2278,1779177361157741970,1,1,50,53760,1851488,64353,-63696,667662,-55917,671063,76149,1851488,0.2050781,7.0628662,0
2279,1779177361162756268,1,1,50,51040,1851488,64103,-63607,672469,-57252,666009,73429,1851488,0.1947021,7.0628662,0
2280,1779177361167718757,1,1,50,48176,1851488,63034,-60316,676267,-58679,663067,70574,1851488,0.1837769,7.0628662,0
2281,1779177361172769057,1,1,50,45456,1851488,63416,-61332,679887,-60252,661655,67853,1851488,0.1734009,7.0628662,0
2282,1779177361177741146,1,1,50,43344,1851488,63144,-61165,682557,-61878,660107,65743,1851488,0.1653442,7.0628662,0
2283,1779177361182772917,1,1,50,41600,1851488,62846,-60907,685168,-63574,655860,63986,1851488,0.1586914,7.0628662,0
2284,1779177361187732206,1,1,50,39984,1851488,61766,-57693,687779,-65244,648045,62381,1851488,0.1525269,7.0628662,0
2285,1779177361192765865,1,1,50,83056,1851488,61499,-58003,690865,-66901,636662,60701,1851488,0.3168335,7.0628662,0
2286,1779177361197743363,1,1,50,81568,1851488,60428,-54902,694307,-68445,623020,59202,1851488,0.3111572,7.0628662,0
2287,1779177361202760189,1,1,50,80048,1851488,60092,-54751,698461,-69892,608059,57691,1851488,0.3053589,7.0628662,0
2288,1779177361207719383,1,1,50,78544,1851488,59754,-54630,701784,-71185,593581,56176,1851488,0.2996216,7.0628662,0
2289,1779177361212765810,1,1,50,77040,1851488,59383,-54440,704870,-72372,581308,54676,1851488,0.2938843,7.0628662,0
2290,1779177361217719755,1,1,50,75552,1851488,58322,-51599,708253,-73450,573510,53187,1851488,0.2882080,7.0628662,0
2291,1779177361222785639,1,1,50,73968,1851488,58552,-51660,711754,-74541,570014,51602,1851488,0.2821655,7.0628662,0
2292,1779177361227724639,1,1,50,72112,1851488,58194,-51466,715196,-75672,569408,49757,1851488,0.2750854,7.0628662,0
2293,1779177361232779355,1,1,50,70112,1851488,57123,-48597,717866,-76937,567555,47753,1851488,0.2674561,7.0628662,0
2294,1779177361237721075,1,1,50,68032,1851488,56746,-48371,721011,-78267,561798,45667,1851488,0.2595215,7.0628662,0
2295,1779177361242776399,1,1,50,66048,1851488,56612,-49082,724275,-79657,550494,43681,1851488,0.2519531,7.0628662,0
2296,1779177361247739432,1,1,50,64576,1851488,55563,-46425,727361,-80929,535421,42216,1851488,0.2463379,7.0628662,0
2297,1779177361252763171,1,1,50,63360,1851488,55770,-48597,730269,-82051,518695,41007,1851488,0.2416992,7.0628662,0
2298,1779177361257325586,1,1,50,62208,1851488,54796,-46295,732880,-82827,504585,39845,1851488,0.2373047,7.0628662,0
2299,1779177361262773271,1,1,50,61104,1851488,53662,-43624,736203,-83697,490328,38744,1851488,0.2330933,7.0628662,0
2300,1779177361267743729,1,1,50,59888,1851488,53217,-43504,739585,-84363,481861,37532,1851488,0.2284546,7.0628662,0
2301,1779177361272767147,1,1,50,58576,1851488,52828,-43331,742731,-85006,477266,36210,1851488,0.2234497,7.0628662,0
2302,1779177361277737349,1,1,50,56960,1851488,52368,-43107,746232,-85698,475617,34598,1851488,0.2172852,7.0628662,0
2303,1779177361282764128,1,1,50,55136,1851488,51339,-40723,750148,-86514,474236,32769,1851488,0.2103271,7.0628662,0
2304,1779177361287734937,1,1,50,53280,1851488,50869,-40481,753828,-87434,470136,30912,1851488,0.2032471,7.0628662,0
2305,1779177361292750452,1,1,50,51520,1851488,50372,-40174,757685,-88426,460367,29156,1851488,0.1965332,7.0628662,0
2306,1779177361297745550,1,1,50,49936,1851488,49366,-37956,761483,-89371,444175,27576,1851488,0.1904907,7.0628662,0
2307,1779177361302771720,1,1,50,48672,1851488,49302,-38455,765162,-90160,422701,26313,1851488,0.1856689,7.0628662,0
2308,1779177361307855813,1,1,50,47760,1851488,48775,-38310,768367,-90685,399211,25394,1851488,0.1821899,7.0628662,0
2309,1779177361312766493,1,1,50,47024,-1851504,48262,-38234,771393,-90894,378368,24662,1851488,0.1793823,-7.0629272,0
2310,1779177361317829112,1,1,50,46416,1851488,47250,-36401,774241,-90846,362104,24051,-1851504,0.1770630,7.0628662,0
2311,1779177361322771505,1,1,50,45808,-1851504,47043,-38252,776971,-90621,351139,23454,1851488,0.1747437,-7.0629272,0
2312,1779177361327724586,1,1,50,976,-1851504,46487,-38209,780057,-90278,343938,23360,-1851504,0.0037231,-7.0629272,0
2313,1779177361332771141,1,1,50,576,-1851504,45476,-36502,784152,-89904,338247,22962,-1851504,0.0021973,-7.0629272,0
2314,1779177361337732094,1,1,50,44592,-1851504,44900,-36421,788068,-89557,331816,22231,-1851504,0.1701050,-7.0629272,0
2315,1779177361342769177,1,1,50,-1280,1851488,44297,-36288,792044,-89238,322119,21106,-1851504,-0.0048828,7.0628662,0
2316,1779177361347731251,1,1,50,42224,-1851504,43326,-34758,796554,-88915,308506,19869,1851488,0.1610718,-7.0629272,0
2317,1779177361352784718,1,1,50,-3504,1851488,43214,-34648,801124,-88496,291997,18884,-1851504,-0.0133667,7.0628662,0
2318,1779177361357729639,1,1,50,40288,-1851504,42611,-34631,805100,-87945,274902,17921,1851488,0.1536865,-7.0629272,0
2319,1779177361362759586,1,1,50,39424,-1851504,41973,-34572,808601,-87223,259614,17063,-1851504,0.1503906,-7.0629272,0
2320,1779177361367739803,1,1,50,38656,-1851504,41024,-33335,812458,-86380,248217,16301,-1851504,0.1474609,-7.0629272,0
2321,1779177361372757622,1,1,50,38112,-1851504,40691,-33988,816375,-85456,241071,15750,-1851504,0.1453857,-7.0629272,0
2322,1779177361377729999,1,1,50,37712,-1851504,40033,-33889,819816,-84523,237368,15357,-1851504,0.1438599,-7.0629272,0
2323,1779177361382770059,1,1,50,37136,-1851504,39348,-33699,824208,-83635,235197,14774,-1851504,0.1416626,-7.0629272,0
2324,1779177361387724676,1,1,50,36256,-1851504,38423,-32546,828421,-82862,232646,13888,-1851504,0.1383057,-7.0629272,0
2325,1779177361392422102,1,1,50,35376,-1851504,37784,-32355,832219,-82206,228319,13021,-1851504,0.1349487,-7.0629272,0
2326,1779177361397741720,1,1,50,34544,-1851504,37020,-31995,836076,-81511,220100,12189,-1851504,0.1317749,-7.0629272,0
2327,1779177361402779699,1,1,50,33728,-1851504,36877,-32212,840171,-80834,209872,11371,-1851504,0.1286621,-7.0629272,0
2328,1779177361407749421,1,1,50,33040,-1851504,35975,-31226,843613,-80098,198471,10674,-1851504,0.1260376,-7.0629272,0
2329,1779177361412754023,1,1,50,32656,-1851504,35245,-30923,847351,-79250,187656,10298,-1851504,0.1245728,-7.0629272,0
2330,1779177361417748609,1,1,50,32336,-1851504,34500,-30571,850971,-78307,178052,9970,-1851504,0.1233521,-7.0629272,0
2331,1779177361422871198,1,1,50,31952,-1851504,34152,-30767,854888,-77269,169340,9596,-1851504,0.1218872,-7.0629272,0
2332,1779177361427751189,1,1,50,31568,-1851504,33298,-29977,858804,-76231,161699,9201,-1851504,0.1204224,-7.0629272,0
2333,1779177361432806769,1,1,50,31312,-1851504,32536,-29625,862958,-75114,155193,8948,-1851504,0.1194458,-7.0629272,0
2334,1779177361437749514,1,1,50,30912,-1851504,31784,-29237,866697,-74009,149447,8549,-1851504,0.1179199,-7.0629272,0
2335,1779177361442766180,1,1,50,30416,-1851504,31026,-28850,870436,-72892,143785,8052,-1851504,0.1160278,-7.0629272,0
2336,1779177361447750942,1,1,50,29872,-1851504,30197,-28161,874234,-71790,138118,7514,-1851504,0.1139526,-7.0629272,0
2337,1779177361452764792,1,1,50,29536,-1851504,29895,-27406,877853,-70675,132857,7172,-1851504,0.1126709,-7.0629272,0
2338,1779177361457748114,1,1,50,28848,-1851504,29172,-27070,881177,-69586,127940,6490,-1851504,0.1100464,-7.0629272,0
2339,1779177361462755148,1,1,50,28144,-1851504,28527,-27013,884500,-68517,123210,5777,-1851504,0.1073608,-7.0629272,0
2340,1779177361468068078,1,1,50,27312,-1851504,27691,-26382,888238,-67364,118771,4947,-1851504,0.1041870,-7.0629272,0
2341,1779177361472826658,1,1,50,26800,-1851504,27230,-26761,891680,-66405,114002,4437,-1851504,0.1022339,-7.0629272,0
2342,1779177361477812860,1,1,50,26656,-1851504,26455,-26211,895300,-65384,110184,4289,-1851504,0.1016846,-7.0629272,0
2343,1779177361482760053,1,1,50,26704,-1851504,25763,-25937,898920,-64361,107407,4336,-1851504,0.1018677,-7.0629272,0
2344,1779177361487752367,1,1,50,26512,-1851504,25070,-25667,902362,-63350,104505,4156,-1851504,0.1011353,-7.0629272,0
2345,1779177361492756841,1,1,50,26080,-1851504,24378,-25390,905507,-62370,100592,3724,-1851504,0.0994873,-7.0629272,0
2346,1779177361497744547,1,1,50,25520,-1851504,23695,-25132,908830,-61416,95733,3164,-1851504,0.0973511,-7.0629272,0
2347,1779177361502765182,1,1,50,24928,-1851504,23248,-25521,911441,-60458,90370,2566,-1851504,0.0950928,-7.0629272,0
2348,1779177361507726775,1,1,50,24912,-1851504,22567,-25302,914112,-59467,85189,2552,-1851504,0.0950317,-7.0629272,0
2349,1779177361512772754,1,1,50,24912,-1851504,21879,-25093,917197,-58417,80123,2559,-1851504,0.0950317,-7.0629272,0
2350,1779177361517731083,1,1,50,24656,-1851504,21200,-24867,920283,-57365,75052,2303,-1851504,0.0940552,-7.0629272,0
2351,1779177361522810375,1,1,50,24208,-1851504,20571,-26283,923013,-56279,69982,1850,-1851504,0.0923462,-7.0629272,0
2352,1779177361527727775,1,1,50,24336,-1851504,19874,-26060,925446,-55179,65356,1974,-1851504,0.0928345,-7.0629272,0
2353,1779177361532779227,1,1,50,24352,-1851504,19140,-25753,927523,-54015,60738,1991,-1851504,0.0928955,-7.0629272,0
2354,1779177361537750964,1,1,50,24384,-1851504,18451,-25571,929600,-52836,56191,2030,-1851504,0.0930176,-7.0629272,0
2355,1779177361542773679,1,1,50,24176,-1851504,17756,-25379,931855,-51630,52006,1821,-1851504,0.0922241,-7.0629272,0
2356,1779177361548302262,1,1,50,23696,-1851504,16987,-25126,933991,-50278,48612,1341,-1851504,0.0903931,-7.0629272,0
2357,1779177361552966056,1,1,50,23104,-1851504,16483,-26077,936009,-49202,45055,736,-1851504,0.0881348,-7.0629272,0
2358,1779177361557386036,1,1,50,22912,-1851504,15856,-25870,938145,-48178,41918,555,-1851504,0.0874023,-7.0629272,0
2359,1779177361563386951,1,1,50,22640,-1851504,15002,-25556,939866,-46794,38699,280,-1851504,0.0863647,-7.0629272,0
2360,1779177361567857524,1,1,50,22176,-1851504,13861,-26313,941350,-45791,35867,-202,-1851504,0.0845947,-7.0629272,0
2361,1779177361572816077,1,1,50,22176,-1851504,13136,-25993,943071,-44670,33580,-202,-1851504,0.0845947,-7.0629272,0
2362,1779177361577876136,1,1,50,21952,-1851504,12445,-25834,945029,-43532,31386,-422,-1851504,0.0837402,-7.0629272,0
2363,1779177361582782592,1,1,50,21840,-1851504,11740,-25507,947047,-42460,28728,-538,-1851504,0.0833130,-7.0629272,0
2364,1779177361587728121,1,1,50,21504,-1851504,11032,-25165,948530,-41397,25948,-877,-1851504,0.0820312,-7.0629272,0
2365,1779177361592759572,1,1,50,20848,-1851504,10239,-24496,949242,-40350,23194,-1520,-1851504,0.0795288,-7.0629272,0
2366,1779177361597726701,1,1,50,19568,-1851504,9520,-24064,949777,-39393,20139,-2808,-1851504,0.0746460,-7.0629272,0
2367,1779177361602758824,1,1,50,18256,-1851504,9696,-24773,950251,-38492,16918,-4125,-1851504,0.0696411,-7.0629272,0
2368,1779177361607785635,1,1,50,17776,-1851504,8965,-24339,950133,-37599,14234,-4607,-1851504,0.0678101,-7.0629272,0
2369,1779177361612734460,1,1,50,17520,-1851504,8242,-23866,949064,-36719,11930,-4859,-1851504,0.0668335,-7.0629272,0
2370,1779177361617709430,1,1,50,17088,-1851504,7524,-23384,947225,-35851,9558,-5286,-1851504,0.0651855,-7.0629272,0
2371,1779177361622765873,1,1,50,16416,-1851504,6955,-24186,942359,-34995,6998,-5953,-1851504,0.0626221,-7.0629272,0
2372,1779177361627696265,1,1,50,16208,-1851504,6363,-24162,934941,-34150,4936,-6172,-1851504,0.0618286,-7.0629272,0
2373,1779177361632730116,1,1,50,16432,-1851504,5642,-23632,925149,-33252,3568,-5951,-1851504,0.0626831,-7.0629272,0
2374,1779177361637734495,1,1,50,16432,-1851504,4933,-23071,914468,-32353,2661,-5940,-1851504,0.0626831,-7.0629272,0
2375,1779177361642784282,1,1,50,16080,-1851504,4226,-22480,908177,-31481,1580,-6302,-1851504,0.0613403,-7.0629272,0
2376,1779177361648398275,1,1,50,15536,-1851504,3463,-21875,914052,-30580,-272,-6835,-1851504,0.0592651,-7.0629272,0
2377,1779177361652838288,1,1,50,14992,-1851504,2828,-22422,922657,-29913,-1553,-7384,-1851504,0.0571899,-7.0629272,0
2378,1779177361657783752,1,1,50,14672,-1851504,2291,-22439,931499,-29206,-3407,-7700,-1851504,0.0559692,-7.0629272,0
2379,1779177361664556142,1,1,50,14592,-1851504,1399,-21811,937789,-28246,-6436,-7780,-1851504,0.0556641,-7.0629272,0
2380,1779177361668048515,1,1,50,14240,-1851504,1028,-21835,942477,-27743,-6777,-8139,-1851504,0.0543213,-7.0629272,0
2381,1779177361672209225,1,1,50,13888,-1851504,324,-20805,943190,-27174,-8234,-8480,-1851504,0.0529785,-7.0629272,0
2382,1779177361677731152,1,1,50,-30864,1851488,-419,-20135,944198,-26524,-11046,-8480,-1851504,-0.1177368,7.0628662,0
2383,1779177361682938415,1,1,50,-32384,-1851504,-1120,-19435,939688,-25879,-12233,-10015,1851488,-0.1235352,-7.0629272,0
2384,1779177361687838247,1,1,50,-34240,1851488,-1778,-18739,932627,-25416,-14995,-11860,-1851504,-0.1306152,7.0628662,0
2385,1779177361692917443,1,1,50,-35728,-1851504,-2448,-18027,922479,-24996,-20171,-13349,1851488,-0.1362915,-7.0629272,0
2386,1779177361697766681,1,1,50,-36768,1851488,-2872,-18161,912213,-24579,-27593,-14386,-1851504,-0.1402588,7.0628662,0
2387,1779177361702699410,1,1,50,-36784,-1851504,-3417,-18067,911797,-24040,-36559,-14410,1851488,-0.1403198,-7.0629272,0
2388,1779177361707702956,1,1,50,-36336,1851488,-4057,-17462,915477,-23325,-45435,-13954,-1851504,-0.1386108,7.0628662,0
2389,1779177361712747079,1,1,50,-36240,-1851504,-4696,-16874,920461,-22466,-53206,-13869,1851488,-0.1382446,-7.0629272,0
2390,1779177361717735361,1,1,50,-36736,1851488,-5324,-16286,919571,-21542,-59426,-14360,-1851504,-0.1401367,7.0628662,0
2391,1779177361722756732,1,1,50,-37632,-1851504,-6022,-16664,915833,-20596,-63934,-15254,1851488,-0.1435547,-7.0629272,0
2392,1779177361727736501,1,1,50,-38144,-1851504,-6410,-16992,909780,-19650,-65796,-15762,-1851504,-0.1455078,-7.0629272,0
2393,1779177361732756720,1,1,50,-37984,1851488,-7022,-16413,907643,-18692,-65096,-15610,-1851504,-0.1448975,7.0628662,0
2394,1779177361737733225,1,1,50,-38080,1851488,-7624,-15804,907703,-17800,-63701,-15702,1851488,-0.1452637,7.0628662,0
2395,1779177361742759812,1,1,50,-38768,1851488,-8446,-16467,906160,-17008,-64146,-16385,1851488,-0.1478882,7.0628662,0
2396,1779177361747763774,1,1,50,-39136,1851488,-9049,-15863,903549,-16270,-66837,-16759,1851488,-0.1492920,7.0628662,0
2397,1779177361752738392,1,1,50,-39648,1851488,-9646,-15247,901828,-15554,-71308,-17274,1851488,-0.1512451,7.0628662,0
2398,1779177361757741874,1,1,50,-40320,1851488,-10232,-14670,900997,-14828,-76925,-17938,1851488,-0.1538086,7.0628662,0
2399,1779177361762736780,1,1,50,-41088,1851488,-10557,-15084,899098,-14085,-82880,-18711,1851488,-0.1567383,7.0628662,0
2400,1779177361767789096,1,1,50,-41088,1851488,-11127,-14539,896487,-13260,-87773,-18704,1851488,-0.1567383,7.0628662,0
2401,1779177361772755713,1,1,50,-41216,1851488,-11619,-14188,894351,-12407,-91088,-18844,1851488,-0.1572266,7.0628662,0
2402,1779177361777743323,1,1,50,-41648,1851488,-12187,-13598,892392,-11559,-93759,-19276,1851488,-0.1588745,7.0628662,0
2403,1779177361782742357,1,1,50,-42304,-1851504,-13063,-11865,890612,-10741,-97237,-19924,1851488,-0.1613770,-7.0629272,0
2404,1779177361787781936,1,1,50,-43776,-1851504,-13320,-12379,888476,-9893,-101996,-21401,-1851504,-0.1669922,-7.0629272,0
2405,1779177361792741097,1,1,50,-44240,-1851504,-13912,-12641,885687,-9142,-108941,-21867,-1851504,-0.1687622,-7.0629272,0
2406,1779177361797764772,1,1,50,-44032,-1851504,-14172,-13221,882838,-8280,-115547,-21648,-1851504,-0.1679688,-7.0629272,0
2407,1779177361802753790,1,1,50,-43184,-1851504,-14739,-12602,879693,-7294,-120896,-20806,-1851504,-0.1647339,-7.0629272,0
2408,1779177361807743576,1,1,50,-42848,-1851504,-15299,-11983,876667,-6239,-125296,-20465,-1851504,-0.1634521,-7.0629272,0
2409,1779177361812757970,1,1,50,-43216,-1851504,-15867,-11308,873047,-5179,-129087,-20839,-1851504,-0.1648560,-7.0629272,0
2410,1779177361817742284,1,1,50,-44112,-1851504,-16427,-10624,869308,-4172,-132269,-21729,-1851504,-0.1682739,-7.0629272,0
2411,1779177361822766311,1,1,50,-45088,-1851504,-16494,-11730,865451,-3219,-134690,-22715,-1851504,-0.1719971,-7.0629272,0
2412,1779177361827653118,1,1,50,-44496,-1851504,-17056,-10982,861119,-2263,-135022,-22115,-1851504,-0.1697388,-7.0629272,0
2413,1779177361832742426,1,1,50,-44752,-1851504,-17623,-10223,856787,-1331,-134999,-22374,-1851504,-0.1707153,-7.0629272,0
2414,1779177361837734964,1,1,50,-1168,-1851504,-18192,-9386,852870,-545,-135375,-23545,-1851504,-0.0044556,-7.0629272,0
2415,1779177361842745839,1,1,50,-1952,-588736,-18754,-9390,848657,154,-136196,-24325,-1851504,-0.0074463,-2.2458496,0
2416,1779177361847749449,1,1,50,-2176,-1851504,-18906,-10076,844147,808,-137088,-24554,-588736,-0.0083008,-7.0629272,0
2417,1779177361852739907,1,1,50,-46432,-1851504,-19476,-9152,840230,1470,-137625,-24061,-1851504,-0.1771240,-7.0629272,0
2418,1779177361857738877,1,1,50,-46752,-1851504,-20044,-8192,836610,2082,-138469,-24378,-1851504,-0.1783447,-7.0629272,0
2419,1779177361862974141,1,1,50,-47632,1851488,-20623,-7200,832634,2636,-139905,-25261,-1851504,-0.1817017,7.0628662,0
2420,1779177361867737585,1,1,50,-49136,1851488,-20722,-7870,828362,3034,-140693,-26757,1851488,-0.1874390,7.0628662,0
2421,1779177361872766444,1,1,50,-50416,1851488,-21010,-6432,824683,3354,-142107,-28033,1851488,-0.1923218,7.0628662,0
2422,1779177361877750086,1,1,50,-51856,1851488,-21571,-5329,821300,3575,-144242,-29475,1851488,-0.1978149,7.0628662,0
2423,1779177361882756256,1,1,50,-53328,1851488,-22137,-4188,817502,3714,-147831,-30946,1851488,-0.2034302,7.0628662,0
2424,1779177361887737306,1,1,50,-54672,1851488,-22189,-4947,813467,3804,-152400,-32289,1851488,-0.2085571,7.0628662,0
2425,1779177361892770709,1,1,50,-55328,1851488,-22634,-3840,809610,3909,-156770,-32955,1851488,-0.2110596,7.0628662,0
2426,1779177361897745390,1,1,50,-56016,1851488,-23199,-2635,805634,4022,-160022,-33641,1851488,-0.2136841,7.0628662,0
2427,1779177361902750856,1,1,50,-57168,1851488,-23225,-3449,801302,4093,-162533,-34785,1851488,-0.2180786,7.0628662,0
2428,1779177361907742530,1,1,50,-57824,1851488,-23790,-2154,796258,4141,-163922,-35444,1851488,-0.2205811,7.0628662,0
2429,1779177361912759677,1,1,50,-59056,1851488,-24360,-800,791688,4113,-165123,-36682,1851488,-0.2252808,7.0628662,0
2430,1779177361917798360,1,1,50,-60896,1851488,-24952,667,787237,3967,-166717,-38523,1851488,-0.2322998,7.0628662,0
2431,1779177361922763249,1,1,50,-63296,1851488,-24733,271,782549,3683,-168870,-40918,1851488,-0.2414551,7.0628662,0
2432,1779177361927736779,1,1,50,-65008,1851488,-25333,1840,777921,3318,-171432,-42627,1851488,-0.2479858,7.0628662,0
2433,1779177361932743109,1,1,50,-67360,1851488,-25957,3519,773470,2838,-174864,-44985,1851488,-0.2569580,7.0628662,0
2434,1779177361937741183,1,1,50,-69456,1851488,-26603,5309,768901,2282,-178519,-47076,1851488,-0.2649536,7.0628662,0
2435,1779177361942762490,1,1,50,-71312,1851488,-27018,8316,764569,1669,-182360,-48938,1851488,-0.2720337,7.0628662,0
2436,1779177361947757396,1,1,50,-73536,1851488,-26899,7385,759762,985,-186360,-51163,1851488,-0.2805176,7.0628662,0
2437,1779177361952746382,1,1,50,-74912,1851488,-27576,9372,755311,291,-189734,-52538,1851488,-0.2857666,7.0628662,0
2438,1779177361957742760,1,1,50,-77936,1851488,-27451,8406,751039,-532,-193457,-55553,1851488,-0.2973022,7.0628662,0
2439,1779177361962741442,1,1,50,-80624,1851488,-28103,10389,747122,-1448,-196924,-58241,1851488,-0.3075562,7.0628662,0
2440,1779177361967748540,1,1,50,-83664,1851488,-28773,12453,742612,-2483,-200402,-61284,1851488,-0.3191528,7.0628662,0
2441,1779177361972744630,1,1,50,-86560,1851488,-28218,11613,738577,-3616,-203543,-64187,1851488,-0.3302002,7.0628662,0
2442,1779177361977740816,1,1,50,-88576,1851488,-28908,13700,734126,-4792,-205867,-66197,1851488,-0.3378906,7.0628662,0
2443,1779177361982738570,1,1,50,-90992,1851488,-29614,15862,730150,-6046,-208232,-68609,1851488,-0.3471069,7.0628662,0
2444,1779177361987750373,1,1,50,-93824,1851488,-29438,14801,726174,-7403,-211718,-71444,1851488,-0.3579102,7.0628662,0
2445,1779177361992764127,1,1,50,-95840,1851488,-29683,17209,721723,-8787,-216797,-73464,1851488,-0.3656006,7.0628662,0
2446,1779177361997824411,1,1,50,-95840,1851488,-29504,16076,717629,-10051,-223807,-73464,1851488,-0.3656006,7.0628662,0
2447,1779177362002950104,1,1,50,-97376,1851488,-30209,18187,713475,-11277,-234529,-74997,1851488,-0.3714600,7.0628662,0
2448,1779177362007746221,1,1,50,-100576,1851488,-30956,20445,709914,-12427,-246499,-78203,1851488,-0.3836670,7.0628662,0
2449,1779177362012770247,1,1,50,-102224,1851488,-30758,19127,705642,-13675,-262384,-82207,1851488,-0.3899536,7.0628662,0
2450,1779177362017753281,1,1,50,-102224,1851488,-31507,21314,701962,-14853,-277751,-85573,1851488,-0.3899536,7.0628662,0
2451,1779177362022756923,1,1,50,-102224,1851488,-30802,20452,698105,-16031,-292759,-89579,1851488,-0.3899536,7.0628662,0
2452,1779177362027734516,1,1,50,-102224,1851488,-31617,22675,694604,-17232,-306690,-94059,1851488,-0.3899536,7.0628662,0
2453,1779177362032719213,1,1,50,-102224,1851488,-32472,24987,691755,-18546,-320236,-99628,1851488,-0.3899536,7.0628662,0
2454,1779177362037693671,1,1,50,-102224,1851488,-33383,27457,688017,-19782,-331399,-102236,1851488,-0.3899536,7.0628662,0
2455,1779177362042697793,1,1,50,-102224,1851488,-32661,25053,684160,-20822,-340397,-102236,1851488,-0.3899536,7.0628662,0
2456,1779177362047701210,1,1,50,-102224,1851488,-32455,23311,680302,-21621,-348121,-101022,1851488,-0.3899536,7.0628662,0
2457,1779177362052689332,1,1,50,-102224,1851488,-33416,25862,676860,-22202,-355906,-99730,1851488,-0.3899536,7.0628662,0
2458,1779177362057686094,1,1,50,-102224,1851488,-34413,28517,673775,-22688,-365757,-100190,1851488,-0.3899536,7.0628662,0
2459,1779177362062696712,1,1,50,-102224,1851488,-34176,26622,670214,-23164,-378226,-102236,1851488,-0.3899536,7.0628662,0
2460,1779177362067722882,1,1,50,-102224,1851488,-33966,24657,666713,-23462,-390934,-102236,1851488,-0.3899536,7.0628662,0
2461,1779177362072859808,1,1,50,-102224,1851488,-34819,25659,662915,-23593,-403832,-102236,1851488,-0.3899536,7.0628662,0
2462,1779177362077755607,1,1,50,-102224,1851488,-35971,28550,660007,-23555,-413953,-102236,1851488,-0.3899536,7.0628662,0
2463,1779177362082723504,1,1,50,-102224,1851488,-37147,31500,657277,-23398,-423303,-102236,1851488,-0.3899536,7.0628662,0
2464,1779177362087738666,1,1,50,-102224,1851488,-36881,29337,655913,-23130,-431399,-102236,1851488,-0.3899536,7.0628662,0
2465,1779177362092754212,1,1,50,-102224,1851488,-38031,29201,655556,-22771,-438403,-102236,1851488,-0.3899536,7.0628662,0
2466,1779177362097732990,1,1,50,-102224,1851488,-37792,26986,656743,-22334,-444873,-102236,1851488,-0.3899536,7.0628662,0
2467,1779177362102772697,1,1,50,-102224,1851488,-37574,24709,658998,-21816,-451892,-102236,1851488,-0.3899536,7.0628662,0
2468,1779177362107755090,1,1,50,-102224,1851488,-38772,27769,662678,-21215,-459120,-102236,1851488,-0.3899536,7.0628662,0
2469,1779177362112740139,1,1,50,-102224,1851488,-39979,30896,667069,-20523,-467143,-102236,1851488,-0.3899536,7.0628662,0
2470,1779177362117722757,1,1,50,-102224,1851488,-39698,28524,671460,-19731,-475893,-102236,1851488,-0.3899536,7.0628662,0
2471,1779177362122711326,1,1,50,-102224,1851488,-40929,29387,673656,-18847,-485231,-102236,1851488,-0.3899536,7.0628662,0
2472,1779177362127738777,1,1,50,-102224,1851488,-40659,26901,667959,-17917,-494471,-102236,1851488,-0.3899536,7.0628662,0
2473,1779177362132696306,1,1,50,-102224,1851488,-41888,29956,657515,-16974,-502235,-101826,1851488,-0.3899536,7.0628662,0
2474,1779177362137764781,1,1,50,-102224,1851488,-43128,33029,646062,-16057,-509896,-102014,1851488,-0.3899536,7.0628662,0
2475,1779177362142769671,1,1,50,-102224,1851488,-44644,32780,634134,-15207,-516766,-102236,1851488,-0.3899536,7.0628662,0
2476,1779177362147746401,1,1,50,-102224,1851488,-42819,24549,623690,-14401,-522921,-102236,1851488,-0.3899536,7.0628662,0
2477,1779177362152742074,1,1,50,-102224,1851488,-44073,27542,616390,-13549,-527552,-101180,1851488,-0.3899536,7.0628662,0
2478,1779177362157938521,1,1,50,-102224,1851488,-45274,30297,613779,-12663,-531939,-100992,1851488,-0.3899536,7.0628662,0
2479,1779177362162756046,1,1,50,-102224,1851488,-46500,33306,616390,-11860,-534997,-101658,1851488,-0.3899536,7.0628662,0
2480,1779177362167744616,1,1,50,-102224,1851488,-46176,30618,623393,-11018,-538924,-102236,1851488,-0.3899536,7.0628662,0
2481,1779177362172743938,1,1,50,-102224,1851488,-46221,25024,635024,-10075,-542782,-102236,1851488,-0.3899536,7.0628662,0
2482,1779177362177757724,1,1,50,-102224,1851488,-47429,27822,647130,-8914,-545767,-100493,1851488,-0.3899536,7.0628662,0
2483,1779177362182759062,1,1,50,-102224,1851488,-48552,30363,648020,-7693,-548110,-99243,1851488,-0.3899536,7.0628662,0
2484,1779177362187740047,1,1,50,-102224,1851488,-49645,32842,642145,-6537,-550621,-98769,1851488,-0.3899536,7.0628662,0
2485,1779177362192731689,1,1,50,-102224,1851488,-49291,30072,637457,-5477,-554855,-99113,1851488,-0.3899536,7.0628662,0
2486,1779177362197739747,1,1,50,-102224,1851488,-48967,27261,634193,-4446,-561275,-99079,1851488,-0.3899536,7.0628662,0
2487,1779177362202760893,1,1,50,-102224,1851488,-49976,29599,632650,-3342,-569149,-98147,1851488,-0.3899536,7.0628662,0
2488,1779177362207744695,1,1,50,-102224,1851488,-50923,31698,632176,-2201,-578303,-97984,1851488,-0.3899536,7.0628662,0
2489,1779177362212808146,1,1,50,-102224,1851488,-50560,28719,631760,-993,-588453,-98759,1851488,-0.3899536,7.0628662,0
2490,1779177362217757483,1,1,50,-102224,1851488,-51474,30763,629149,146,-597465,-99175,1851488,-0.3899536,7.0628662,0
2491,1779177362222766245,1,1,50,-102224,1851488,-53212,31440,626063,1285,-601432,-99664,1851488,-0.3899536,7.0628662,0
2492,1779177362227745182,1,1,50,-102224,1851488,-54225,33346,623927,2337,-599147,-100318,1851488,-0.3899536,7.0628662,0
2493,1779177362232755352,1,1,50,-102224,1851488,-53831,30371,621909,3177,-593780,-101939,1851488,-0.3899536,7.0628662,0
2494,1779177362237757682,1,1,50,-102224,1851488,-54822,32359,620129,3859,-587009,-102236,1851488,-0.3899536,7.0628662,0
2495,1779177362242998674,1,1,50,-102224,1851488,-55767,34159,618527,4423,-581167,-102236,1851488,-0.3899536,7.0628662,0
2496,1779177362247787399,1,1,50,-102224,1851488,-54081,26557,617933,4829,-575578,-102236,1851488,-0.3899536,7.0628662,0
2497,1779177362252841890,1,1,50,-102224,1851488,-54993,28513,617221,5233,-571585,-101020,1851488,-0.3899536,7.0628662,0
2498,1779177362257758170,1,1,50,-102224,1851488,-55898,30515,616212,5587,-568359,-100313,1851488,-0.3899536,7.0628662,0
2499,1779177362262760435,1,1,50,-102224,1851488,-55528,27674,615085,5829,-567901,-100989,1851488,-0.3899536,7.0628662,0
2500,1779177362267744621,1,1,50,-102224,1851488,-56426,29712,613245,5962,-570171,-102054,1851488,-0.3899536,7.0628662,0
2501,1779177362272759655,1,1,50,-102224,1851488,-58013,30726,612058,6093,-574284,-102236,1851488,-0.3899536,7.0628662,0
2502,1779177362277745825,1,1,50,-102224,1851488,-57643,27839,610456,6250,-578862,-102236,1851488,-0.3899536,7.0628662,0
2503,1779177362282752219,1,1,50,-102224,1851488,-58652,29857,608735,6438,-582637,-102236,1851488,-0.3899536,7.0628662,0
2504,1779177362287813974,1,1,50,-102224,1851488,-59674,31902,607311,6649,-584518,-102236,1851488,-0.3899536,7.0628662,0
2505,1779177362292875025,1,1,50,-102224,1851488,-60694,33962,606302,6860,-583802,-102236,1851488,-0.3899536,7.0628662,0
2506,1779177362297793705,1,1,50,-102224,1851488,-58938,26092,605946,7041,-580405,-102236,1851488,-0.3899536,7.0628662,0
2507,1779177362302971399,1,1,50,-102224,1851488,-60286,25115,604997,7208,-575244,-101587,1851488,-0.3899536,7.0628662,0
2508,1779177362307901888,1,1,50,-102224,1851488,-59980,22316,604878,7349,-567683,-100701,1851488,-0.3899536,7.0628662,0
2509,1779177362312692404,1,1,50,-102224,1851488,-62465,29495,605412,7467,-559366,-99499,1851488,-0.3899536,7.0628662,0
2510,1779177362317789712,1,1,50,-102224,1851488,-62097,26675,606421,7489,-553298,-99499,1851488,-0.3899536,7.0628662,0
2511,1779177362322721481,1,1,50,-102224,1851488,-63128,28821,607845,7395,-549444,-100344,1851488,-0.3899536,7.0628662,0
2512,1779177362327864070,1,1,50,-102224,1851488,-61466,21136,608735,7136,-550056,-102236,1851488,-0.3899536,7.0628662,0
2513,1779177362332848639,1,1,50,-102224,1851488,-62446,23237,609447,6916,-552653,-102236,1851488,-0.3899536,7.0628662,0
2514,1779177362337760119,1,1,50,-102224,1851488,-63425,25345,609447,6778,-556938,-101685,1851488,-0.3899536,7.0628662,0
2515,1779177362342754609,1,1,50,-102224,1851488,-63114,22533,609981,6711,-562922,-101617,1851488,-0.3899536,7.0628662,0
2516,1779177362347751307,1,1,50,-102224,1851488,-64055,24520,609507,6753,-568905,-101083,1851488,-0.3899536,7.0628662,0
2517,1779177362352777509,1,1,50,-102224,1851488,-64982,23723,608320,6847,-574538,-101214,1851488,-0.3899536,7.0628662,0
2518,1779177362357764959,1,1,50,-102224,1851488,-64690,20837,607667,6959,-578782,-101836,1851488,-0.3899536,7.0628662,0
2519,1779177362362763768,1,1,50,-102224,1851488,-65736,22842,607074,7085,-580688,-102236,1851488,-0.3899536,7.0628662,0
2520,1779177362367751090,1,1,50,-102224,1851488,-66796,24928,607548,7232,-579921,-102236,1851488,-0.3899536,7.0628662,0
2521,1779177362372754092,1,1,50,-102224,1851488,-67863,27069,608023,7367,-577191,-102236,1851488,-0.3899536,7.0628662,0
2522,1779177362377787175,1,1,50,-102224,1851488,-66209,19154,608735,7467,-573480,-102236,1851488,-0.3899536,7.0628662,0
2523,1779177362382760256,1,1,50,-102224,1851488,-67226,21352,608854,7543,-569149,-101805,1851488,-0.3899536,7.0628662,0
2524,1779177362387752185,1,1,50,-102224,1851488,-68258,23656,609032,7546,-565739,-102054,1851488,-0.3899536,7.0628662,0
2525,1779177362392760403,1,1,50,-79856,1851488,-69324,26132,609863,7502,-563579,-102236,1851488,-0.3046265,7.0628662,0
2526,1779177362397767886,1,1,50,-79856,1851488,-68999,23314,610159,7437,-562741,-102236,1851488,-0.3046265,7.0628662,0
2527,1779177362402746087,1,1,50,-79856,-1851504,-70757,22824,610753,7372,-563428,-102236,1851488,-0.3046265,-7.0629272,0
2528,1779177362407740961,1,1,50,-79856,-1851504,-71969,25565,610872,7320,-565643,-102236,-1851504,-0.3046265,-7.0629272,0
2529,1779177362413023137,1,1,50,-79856,-1851504,-73182,28265,611584,7306,-569418,-102236,-1851504,-0.3046265,-7.0629272,0
2530,1779177362417749300,1,1,50,-79856,1851488,-74429,31324,612236,7347,-571172,-102236,-1851504,-0.3046265,7.0628662,0
2531,1779177362424478840,1,1,50,-79856,1851488,-73918,27442,613067,7442,-576827,-102236,1851488,-0.3046265,7.0628662,0
2532,1779177362427396256,1,1,50,-79856,1851488,-73715,25784,613305,7524,-568338,-102236,1851488,-0.3046265,7.0628662,0
2533,1779177362432743106,1,1,50,-79856,-1851504,-74860,28642,613483,7555,-566966,-102236,1851488,-0.3046265,-7.0629272,0
2534,1779177362437748860,1,1,50,-79856,1851488,-76016,31758,614195,7573,-562671,-102236,-1851504,-0.3046265,7.0628662,0
2535,1779177362442750550,1,1,50,-79856,-1851504,-77139,34875,614076,7533,-557664,-102236,1851488,-0.3046265,-7.0629272,0
2536,1779177362447765040,1,1,50,-79856,-1851504,-76710,32103,614195,7434,-552789,-102236,-1851504,-0.3046265,-7.0629272,0
2537,1779177362452720425,1,1,50,-79856,-1851504,-77211,33815,614017,7278,-548298,-102236,-1851504,-0.3046265,-7.0629272,0
2538,1779177362457840741,1,1,50,-79856,-1851504,-78355,37002,614135,7070,-545108,-102236,-1851504,-0.3046265,-7.0629272,0
2539,1779177362462768318,1,1,50,-79856,-1851504,-79477,40265,614788,6848,-542277,-102236,-1851504,-0.3046265,-7.0629272,0
2540,1779177362467745047,1,1,50,-79856,-1851504,-80572,43526,615797,6611,-541282,-102236,-1851504,-0.3046265,-7.0629272,0
2541,1779177362472752081,1,1,50,-79856,-1851504,-81625,46725,616865,6386,-542112,-102236,-1851504,-0.3046265,-7.0629272,0
2542,1779177362477761483,1,1,50,-79856,-1851504,-81062,43998,617399,6189,-544486,-102236,-1851504,-0.3046265,-7.0629272,0
2543,1779177362482746660,1,1,50,-79856,-1851504,-80533,41263,618527,6047,-548481,-102236,-1851504,-0.3046265,-7.0629272,0
2544,1779177362487742238,1,1,50,-79856,-1851504,-81467,44340,619476,5973,-554180,-102236,-1851504,-0.3046265,-7.0629272,0
2545,1779177362492744376,1,1,50,-79856,-1851504,-82363,47344,620663,5989,-560665,-102236,-1851504,-0.3046265,-7.0629272,0
2546,1779177362497767090,1,1,50,-79856,-1851504,-83223,50277,621375,6094,-566617,-102236,-1851504,-0.3046265,-7.0629272,0
2547,1779177362502752492,1,1,50,-79856,-1851504,-82796,50753,621909,6274,-571137,-102236,-1851504,-0.3046265,-7.0629272,0
2548,1779177362508419414,1,1,50,-79856,-1851504,-83565,53130,622087,6535,-575750,-102236,-1851504,-0.3046265,-7.0629272,0
2549,1779177362512766912,1,1,50,-79856,1851488,-84479,56248,621850,6771,-574258,-102236,-1851504,-0.3046265,7.0628662,0
2550,1779177362517773626,1,1,50,-79856,1851488,-83799,53374,621375,7005,-574033,-102236,1851488,-0.3046265,7.0628662,0
2551,1779177362522758068,1,1,50,-79856,1851488,-84549,56040,620248,7209,-572240,-102236,1851488,-0.3046265,7.0628662,0
2552,1779177362527797742,1,1,50,-79856,1851488,-83867,53169,620248,7209,-572240,-102236,1851488,-0.3046265,7.0628662,0
2553,1779177362532744807,1,1,50,-79856,1851488,-84553,55824,620366,7505,-566592,-102236,1851488,-0.3046265,7.0628662,0
2554,1779177362537754849,1,1,50,-79856,-1851504,-85202,58432,621435,7598,-563468,-102236,1851488,-0.3046265,-7.0629272,0
2555,1779177362542847965,1,1,50,-79856,-1851504,-85806,60965,622325,7656,-560328,-102236,-1851504,-0.3046265,-7.0629272,0
2556,1779177362547755765,1,1,50,-79856,-1851504,-86397,63545,623512,7681,-556809,-102236,-1851504,-0.3046265,-7.0629272,0
2557,1779177362552751854,1,1,50,-79856,-1851504,-85457,62323,625054,7676,-554671,-102236,-1851504,-0.3046265,-7.0629272,0
2558,1779177362557768425,1,1,50,-79856,-1851504,-86083,64834,626716,7661,-554065,-102236,-1851504,-0.3046265,-7.0629272,0
2559,1779177362562750530,1,1,50,-79856,-1851504,-85296,62070,628378,7656,-554771,-102236,-1851504,-0.3046265,-7.0629272,0
2560,1779177362567753756,1,1,50,-79856,-1851504,-85857,64515,628793,7666,-556552,-102236,-1851504,-0.3046265,-7.0629272,0
2561,1779177362572769142,1,1,50,-79856,-1851504,-86382,66880,628971,7699,-559170,-102236,-1851504,-0.3046265,-7.0629272,0
2562,1779177362577751760,1,1,50,-79856,-1851504,-85571,64079,628437,7759,-562191,-102236,-1851504,-0.3046265,-7.0629272,0
2563,1779177362582755946,1,1,50,-79856,-1851504,-86067,66474,627487,7845,-565089,-102236,-1851504,-0.3046265,-7.0629272,0
2564,1779177362587781924,1,1,50,-79856,1851488,-86542,68841,626004,7947,-566850,-102236,-1851504,-0.3046265,7.0628662,0
2565,1779177362593246121,1,1,50,-79856,1851488,-86913,70910,625410,8070,-568095,-102236,1851488,-0.3046265,7.0628662,0
2566,1779177362597749655,1,1,50,-79856,1851488,-87443,73577,626004,8185,-564409,-102236,1851488,-0.3046265,7.0628662,0
2567,1779177362602755633,1,1,50,-79856,1851488,-85204,67808,627131,8271,-561890,-102236,1851488,-0.3046265,7.0628662,0
2568,1779177362607760267,1,1,50,-79856,1851488,-85687,70259,628378,8332,-558384,-102236,1851488,-0.3046265,7.0628662,0
2569,1779177362612749893,1,1,50,-79856,1851488,-86158,72754,628971,8351,-554391,-102236,1851488,-0.3046265,7.0628662,0
2570,1779177362617746942,1,1,50,-79856,1851488,-86606,75256,630039,8328,-550886,-102236,1851488,-0.3046265,7.0628662,0
2571,1779177362622753560,1,1,50,-79856,1851488,-87043,77811,631285,8274,-548372,-102236,1851488,-0.3046265,7.0628662,0
2572,1779177362627765234,1,1,50,-79856,1851488,-86093,75070,632354,8202,-546912,-102236,1851488,-0.3046265,7.0628662,0
2573,1779177362632772749,1,1,50,-79856,1851488,-86497,77706,632294,8114,-546903,-102236,1851488,-0.3046265,7.0628662,0
2574,1779177362637742086,1,1,50,-79856,1851488,-86887,80342,632354,8032,-548829,-102236,1851488,-0.3046265,7.0628662,0
2575,1779177362642764960,1,1,50,-79856,1851488,-85906,77567,632354,7980,-552492,-102236,1851488,-0.3046265,7.0628662,0
2576,1779177362647758778,1,1,50,-79856,1851488,-86228,80096,631760,7972,-556057,-102236,1851488,-0.3046265,7.0628662,0
2577,1779177362652750547,1,1,50,-79856,1851488,-85983,83047,631285,8005,-558473,-102236,1851488,-0.3046265,7.0628662,0
2578,1779177362657775918,1,1,50,-79856,1851488,-86324,85572,630929,8065,-559308,-102236,1851488,-0.3046265,7.0628662,0
2579,1779177362662782888,1,1,50,-79856,1851488,-86630,88027,630989,8133,-558133,-102236,1851488,-0.3046265,7.0628662,0
2580,1779177362667765921,1,1,50,-79856,1851488,-85571,85260,630989,8181,-555174,-102236,1851488,-0.3046265,7.0628662,0
2581,1779177362672754779,1,1,50,-79856,1851488,-85817,87695,631938,8198,-551449,-102236,1851488,-0.3046265,7.0628662,0
2582,1779177362677795318,1,1,50,-79856,1851488,-84746,84933,633006,8177,-547889,-102236,1851488,-0.3046265,7.0628662,0
2583,1779177362682754607,1,1,50,-79856,1851488,-84938,87369,634609,8128,-544480,-102236,1851488,-0.3046265,7.0628662,0
2584,1779177362687768361,1,1,50,-79856,1851488,-85093,89753,635795,8048,-542202,-102236,1851488,-0.3046265,7.0628662,0
2585,1779177362692749058,1,1,50,-79856,1851488,-85221,92085,637338,7961,-541244,-102236,1851488,-0.3046265,7.0628662,0
2586,1779177362697750204,1,1,50,-102224,1851488,-85301,94301,639712,7889,-542130,-102236,1851488,-0.3899536,7.0628662,0
2587,1779177362702756150,1,1,50,-102224,1851488,-83805,91133,641789,7855,-544450,-102236,1851488,-0.3899536,7.0628662,0
2588,1779177362707763632,1,1,50,-102224,1851488,-83898,93291,643213,7868,-547616,-102236,1851488,-0.3899536,7.0628662,0
2589,1779177362712755274,1,1,50,-102224,1851488,-83965,95381,644341,7933,-551238,-102236,1851488,-0.3899536,7.0628662,0
2590,1779177362717753443,1,1,50,-102224,1851488,-84005,97395,645884,8059,-555230,-102236,1851488,-0.3899536,7.0628662,0
2591,1779177362722753693,1,1,50,-102224,1851488,-82809,94600,646596,8238,-559009,-102236,1851488,-0.3899536,7.0628662,0
2592,1779177362727775032,1,1,50,-102224,1851488,-81638,91778,647011,8462,-562149,-102236,1851488,-0.3899536,7.0628662,0
2593,1779177362732752433,1,1,50,-79856,1851488,-82749,98324,646833,8711,-564022,-102236,1851488,-0.3046265,7.0628662,0
2594,1779177362738210518,1,1,50,-102224,1851488,-81428,95235,647486,9004,-565871,-102236,1851488,-0.3899536,7.0628662,0
2595,1779177362742539776,1,1,50,-102224,1851488,-81503,97402,648257,9250,-561217,-102236,1851488,-0.3899536,7.0628662,0
2596,1779177362747757279,1,1,50,-102224,1851488,-81347,99051,649147,9478,-558634,-102236,1851488,-0.3899536,7.0628662,0
2597,1779177362752752568,1,1,50,-102224,1851488,-80002,97684,649326,9651,-553846,-102236,1851488,-0.3899536,7.0628662,0
2598,1779177362757757234,1,1,50,-102224,-1851504,-79904,99416,650156,9760,-549503,-102236,1851488,-0.3899536,-7.0629272,0
2599,1779177362762757260,1,1,50,-102224,-1851504,-79784,101107,651284,9817,-546322,-102236,-1851504,-0.3899536,-7.0629272,0
2600,1779177362767776455,1,1,50,-79856,-1851504,-79643,102760,652352,9840,-544337,-102236,-1851504,-0.3046265,-7.0629272,0
2601,1779177362772755488,1,1,50,-79856,-1851504,-78371,100056,653301,9844,-543071,-102236,-1851504,-0.3046265,-7.0629272,0
2602,1779177362777753306,1,1,50,-79856,-1851504,-77122,97344,654666,9846,-542768,-102236,-1851504,-0.3046265,-7.0629272,0
2603,1779177362782810933,1,1,50,-79856,-1851504,-76909,98930,656743,9866,-543271,-102236,-1851504,-0.3046265,-7.0629272,0
2604,1779177362787784782,1,1,50,-79856,-1851504,-76696,100504,659058,9915,-543420,-102236,-1851504,-0.3046265,-7.0629272,0
2605,1779177362792759623,1,1,50,-102224,-1851504,-75435,97801,661135,9985,-543457,-102236,-1851504,-0.3899536,-7.0629272,0
2606,1779177362797784898,1,1,50,-102224,-1851504,-75166,99286,663034,10072,-543799,-102236,-1851504,-0.3899536,-7.0629272,0
2607,1779177362802782044,1,1,50,-102224,-1851504,-74682,103707,665170,10182,-544493,-102236,-1851504,-0.3899536,-7.0629272,0
2608,1779177362807763797,1,1,50,-102224,-1851504,-74400,105092,667128,10314,-545793,-102236,-1851504,-0.3899536,-7.0629272,0
2609,1779177362812754127,1,1,50,-102224,-1851504,-73065,102359,668849,10476,-547637,-102236,-1851504,-0.3899536,-7.0629272,0
2610,1779177362817750856,1,1,50,-102224,-1851504,-72750,103693,670095,10667,-549576,-102236,-1851504,-0.3899536,-7.0629272,0
2611,1779177362822781347,1,1,50,-102224,-1851504,-71079,103539,671460,10890,-551164,-102236,-1851504,-0.3899536,-7.0629272,0
2612,1779177362827790749,1,1,50,-102224,-1851504,-69747,100776,672766,11136,-551624,-102236,-1851504,-0.3899536,-7.0629272,0
2613,1779177362832757270,1,1,50,-102224,-1851504,-69410,102009,674665,11393,-550859,-102236,-1851504,-0.3899536,-7.0629272,0
2614,1779177362837756048,1,1,50,-102224,-1851504,-68090,99263,676148,11644,-549379,-102236,-1851504,-0.3899536,-7.0629272,0
2615,1779177362842775946,1,1,50,-102224,-1851504,-67701,100411,678225,11883,-547518,-102236,-1851504,-0.3899536,-7.0629272,0
2616,1779177362847567359,1,1,50,-102224,-1851504,-67363,101667,680658,12100,-544872,-102236,-1851504,-0.3899536,-7.0629272,0
2617,1779177362852997635,1,1,50,-102224,-1851504,-66775,100496,682913,12320,-545652,-102236,-1851504,-0.3899536,-7.0629272,0
2618,1779177362857757239,1,1,50,-79856,-1851504,-66447,101723,684872,12532,-543623,-102236,-1851504,-0.3046265,-7.0629272,0
2619,1779177362862754353,1,1,50,-79856,-1851504,-66038,102745,686118,12728,-544259,-102236,-1851504,-0.3046265,-7.0629272,0
2620,1779177362867768331,1,1,50,-79856,-1851504,-65620,103721,686652,12929,-545910,-102236,-1851504,-0.3046265,-7.0629272,0
2621,1779177362872767909,1,1,50,-79856,-1851504,-62842,99740,687661,13153,-548100,-102236,-1851504,-0.3046265,-7.0629272,0
2622,1779177362877760607,1,1,50,-79856,-1851504,-61520,96993,688135,13400,-550170,-102236,-1851504,-0.3046265,-7.0629272,0
2623,1779177362882811962,1,1,50,-79856,-1823424,-61045,97865,689441,13680,-551684,-102236,-1851504,-0.3046265,-6.9558105,0
2624,1779177362887764723,1,1,50,-79856,-1851504,-60586,98744,691518,13984,-551601,-102236,-1823424,-0.3046265,-7.0629272,0
2625,1779177362892750700,1,1,50,-79856,1851488,-59263,95998,694010,14300,-550802,-102236,-1851504,-0.3046265,7.0628662,0
2626,1779177362897759334,1,1,50,-79856,-1851504,-59605,100303,696740,14619,-549125,-102236,1851488,-0.3046265,-7.0629272,0
2627,1779177362902763296,1,1,50,-79856,-1851504,-58439,97875,699826,14931,-546524,-102236,-1851504,-0.3046265,-7.0629272,0
2628,1779177362907772474,1,1,50,-79856,-1851504,-57932,98603,703505,15231,-543534,-102236,-1851504,-0.3046265,-7.0629272,0
2629,1779177362912757300,1,1,50,-79856,1851488,-57420,99319,707184,15512,-540433,-102236,-1851504,-0.3046265,7.0628662,0
2630,1779177362917754349,1,1,50,-79856,1851488,-56052,96632,709617,15761,-537659,-102236,1851488,-0.3046265,7.0628662,0
2631,1779177362922769352,1,1,50,-79856,1851488,-54586,96893,711220,15975,-535637,-102236,1851488,-0.3046265,7.0628662,0
2632,1779177362927783970,1,1,50,-79856,1851488,-54039,97520,713297,16172,-534884,-102236,1851488,-0.3046265,7.0628662,0
2633,1779177362932760507,1,1,50,-79856,1851488,-52686,94855,715255,16368,-535676,-102236,1851488,-0.3046265,7.0628662,0
2634,1779177362937766229,1,1,50,-79856,1851488,-52118,95418,718460,16601,-538526,-102236,1851488,-0.3046265,7.0628662,0
2635,1779177362942755599,1,1,50,-79856,1851488,-51542,95915,721842,16899,-542566,-102236,1851488,-0.3046265,7.0628662,0
2636,1779177362947832810,1,1,50,-79856,1851488,-50160,93137,725937,17293,-547155,-102236,1851488,-0.3046265,7.0628662,0
2637,1779177362952768643,1,1,50,-79856,1851488,-49413,93293,730387,17771,-549860,-102236,1851488,-0.3046265,7.0628662,0
2638,1779177362957765373,1,1,50,-79856,1851488,-48820,93640,734897,18320,-551374,-102236,1851488,-0.3046265,7.0628662,0
2639,1779177362962787575,1,1,50,-79856,1851488,-48211,93938,739111,18916,-551252,-102236,1851488,-0.3046265,7.0628662,0
2640,1779177362967802065,1,1,50,-79856,1851488,-46833,91181,742256,19514,-549721,-102236,1851488,-0.3046265,7.0628662,0
2641,1779177362972767274,1,1,50,-79856,1851488,-45171,91011,743917,20074,-547339,-102236,1851488,-0.3046265,7.0628662,0
2642,1779177362977759364,1,1,50,-79856,1851488,-44564,91262,744452,20580,-545077,-102236,1851488,-0.3046265,7.0628662,0
2643,1779177362982757950,1,1,50,-79856,1851488,-43211,88547,745876,21044,-543129,-102236,1851488,-0.3046265,7.0628662,0
2644,1779177362987762680,1,1,50,-79856,1851488,-42581,88738,748309,21484,-541794,-102236,1851488,-0.3046265,7.0628662,0
2645,1779177362992767281,1,1,50,-79856,1851488,-41953,88919,751217,21916,-540930,-102236,1851488,-0.3046265,7.0628662,0
2646,1779177362997749355,1,1,50,-79856,1851488,-40616,86231,754302,22346,-539687,-102236,1851488,-0.3046265,7.0628662,0
2647,1779177363002796774,1,1,50,-79856,1851488,-39998,87280,759109,22796,-537927,-102236,1851488,-0.3046265,7.0628662,0
2648,1779177363007765183,1,1,50,-79856,1851488,-39355,87407,764925,23257,-534563,-102236,1851488,-0.3046265,7.0628662,0
2649,1779177363012762488,1,1,50,-79856,1851488,-38691,87477,770206,23705,-530924,-102236,1851488,-0.3046265,7.0628662,0
2650,1779177363017807219,1,1,50,-79856,1851488,-37314,84816,774419,24128,-527478,-102236,1851488,-0.3046265,7.0628662,0
2651,1779177363022768876,1,1,50,-79856,1851488,-36641,84883,777149,24501,-524351,-102236,1851488,-0.3046265,7.0628662,0
2652,1779177363027793094,1,1,50,-79856,1851488,-35296,82253,779286,24836,-523478,-102236,1851488,-0.3046265,7.0628662,0
2653,1779177363032753246,1,1,50,-79856,1851488,-34615,82281,781541,25162,-524335,-102236,1851488,-0.3046265,7.0628662,0
2654,1779177363037761656,1,1,50,-79856,1851488,-33911,82210,785279,25532,-527601,-102236,1851488,-0.3046265,7.0628662,0
2655,1779177363042754833,1,1,50,-79856,-1851504,-33207,82086,789908,25986,-532525,-102236,1851488,-0.3046265,-7.0629272,0
2656,1779177363047796780,1,1,50,-79856,-1851504,-31865,79370,794537,26553,-538750,-102236,-1851504,-0.3046265,-7.0629272,0
2657,1779177363052784037,1,1,50,-79856,-1851504,-33466,86791,799877,27247,-543970,-102236,-1851504,-0.3046265,-7.0629272,0
2658,1779177363057961571,1,1,50,-102224,1851488,-31992,83954,806761,28104,-547931,-102236,-1851504,-0.3899536,7.0628662,0
2659,1779177363062783096,1,1,50,-79856,1851488,-31263,83687,813170,28996,-546463,-102236,1851488,-0.3046265,7.0628662,0
2660,1779177363068402721,1,1,50,-79856,1851488,-30305,82951,817799,30026,-547902,-102236,1851488,-0.3046265,7.0628662,0
2661,1779177363072855021,1,1,50,-79856,1851488,-28502,79733,819342,30838,-540514,-102236,1851488,-0.3046265,7.0628662,0
2662,1779177363079040996,1,1,50,-79856,1851488,-26824,76362,821181,31800,-544982,-102236,1851488,-0.3046265,7.0628662,0
2663,1779177363082591258,1,1,50,-79856,1851488,-26430,76726,823911,32397,-532575,-102236,1851488,-0.3046265,7.0628662,0
2664,1779177363087788664,1,1,50,-79856,1851488,-25595,76181,828302,33084,-535171,-102236,1851488,-0.3046265,7.0628662,0
2665,1779177363092749489,1,1,50,-79856,1851488,-24270,73524,832872,33806,-535605,-102236,1851488,-0.3046265,7.0628662,0
2666,1779177363097749002,1,1,50,-79856,1851488,-23477,73022,837501,34562,-536290,-102236,1851488,-0.3046265,7.0628662,0
2667,1779177363102850150,1,1,50,-102224,1851488,-21478,72113,843672,35386,-536145,-102236,1851488,-0.3899536,7.0628662,0
2668,1779177363107981315,1,1,50,-102224,1851488,-20617,71471,851209,36265,-532961,-102236,1851488,-0.3899536,7.0628662,0
2669,1779177363112769720,1,1,50,-102224,1851488,-19836,70980,856490,37058,-525046,-102236,1851488,-0.3899536,7.0628662,0
2670,1779177363117837683,1,1,50,-102224,1851488,-18509,68347,858211,37747,-519601,-102236,1851488,-0.3899536,7.0628662,0
2671,1779177363122974000,1,1,50,-102224,1851488,-17114,67218,859695,38339,-516998,-102236,1851488,-0.3899536,7.0628662,0
2672,1779177363127857478,1,1,50,-102224,1851488,-16801,68590,862543,38866,-516620,-102236,1851488,-0.3899536,7.0628662,0
2673,1779177363132761918,1,1,50,-102224,1851488,-15534,66038,867290,39420,-520420,-102236,1851488,-0.3899536,7.0628662,0
2674,1779177363137757655,1,1,50,-102224,1851488,-14719,65306,872869,40091,-527423,-102236,1851488,-0.3899536,7.0628662,0
2675,1779177363142775153,1,1,50,-102224,1851488,-13902,64495,877675,40913,-536094,-102236,1851488,-0.3899536,7.0628662,0
2676,1779177363147772267,1,1,50,-102224,1851488,-13090,63614,883372,41916,-544883,-102236,1851488,-0.3899536,7.0628662,0
2677,1779177363152782692,1,1,50,-102224,1851488,-12577,63757,890731,43122,-551349,-102236,1851488,-0.3899536,7.0628662,0
2678,1779177363157776318,1,1,50,-102224,1851488,-12237,64563,897021,44465,-552706,-102236,1851488,-0.3899536,7.0628662,0
2679,1779177363162786808,1,1,50,-102224,1851488,-10939,61808,898861,45805,-549713,-102236,1851488,-0.3899536,7.0628662,0
2680,1779177363167786801,1,1,50,-102224,1851488,-9681,59082,899929,47049,-545309,-102236,1851488,-0.3899536,7.0628662,0
2681,1779177363172788267,1,1,50,-102224,1851488,-8721,58173,904261,48218,-542362,-102236,1851488,-0.3899536,7.0628662,0
2682,1779177363177772900,1,1,50,-79856,1851488,-7927,57192,910373,49359,-541401,-102236,1851488,-0.3046265,7.0628662,0
2683,1779177363182761085,1,1,50,-102224,1851488,-7137,56188,916129,50508,-542181,-102236,1851488,-0.3899536,7.0628662,0
2684,1779177363187771383,1,1,50,-102224,1851488,-6342,55119,921708,51700,-544586,-102236,1851488,-0.3899536,7.0628662,0
2685,1779177363192766961,1,1,50,-102224,1851488,-5138,52383,929007,52975,-547636,-102236,1851488,-0.3899536,7.0628662,0
2686,1779177363197758922,1,1,50,-102224,1851488,-4359,51294,936721,54350,-549151,-102236,1851488,-0.3899536,7.0628662,0
2687,1779177363202783300,1,1,50,-102224,1851488,-3685,52766,940163,55752,-547355,-102236,1851488,-0.3899536,7.0628662,0
2688,1779177363207786750,1,1,50,-102224,1851488,-2879,51649,941943,57084,-543037,-102236,1851488,-0.3899536,7.0628662,0
2689,1779177363212777527,1,1,50,-102224,1851488,-2087,50540,945919,58332,-539660,-102236,1851488,-0.3899536,7.0628662,0
2690,1779177363217749904,1,1,50,-102224,1851488,-1305,49421,952269,59543,-539464,-102236,1851488,-0.3899536,7.0628662,0
2691,1779177363222768906,1,1,50,-102224,1851488,-1224,47033,958915,60800,-542820,-102236,1851488,-0.3899536,7.0628662,0
2692,1779177363227801540,1,1,50,-102224,1851488,-74,44275,964612,62147,-548058,-102236,1851488,-0.3899536,7.0628662,0
2693,1779177363232774237,1,1,50,-102224,1851488,639,43058,970962,63606,-553450,-102236,1851488,-0.3899536,7.0628662,0
2694,1779177363237785815,1,1,50,-102224,1851488,1361,41754,978202,65218,-558206,-102236,1851488,-0.3899536,7.0628662,0
2695,1779177363242802193,1,1,50,-102224,1851488,2067,40443,981821,66910,-559947,-102236,1851488,-0.3899536,7.0628662,0
2696,1779177363247795722,1,1,50,-102224,1851488,3136,37654,984611,68602,-558653,-102236,1851488,-0.3899536,7.0628662,0
2697,1779177363252785892,1,1,50,-102224,1851488,3689,37509,989595,70272,-557136,-102236,1851488,-0.3899536,7.0628662,0
2698,1779177363257767837,1,1,50,-79856,1851488,4363,36200,995292,71923,-557970,-102236,1851488,-0.3046265,7.0628662,0
2699,1779177363262781975,1,1,50,-79856,1851488,4657,36234,1000218,73606,-561811,-102236,1851488,-0.3046265,7.0628662,0
2700,1779177363268106552,1,1,50,-79856,1851488,5763,33204,1005855,75487,-569005,-102236,1851488,-0.3046265,7.0628662,0
2701,1779177363272748617,1,1,50,-79856,1851488,5707,31622,1012145,77274,-570123,-102236,1851488,-0.3046265,7.0628662,0
2702,1779177363277756451,1,1,50,-79360,1851488,6318,30143,1017664,79266,-572584,-101728,1851488,-0.3027344,7.0628662,0
2703,1779177363282763037,1,1,50,-78384,1851488,6910,28685,1022768,81365,-569948,-100765,1851488,-0.2990112,7.0628662,0
2704,1779177363287773206,1,1,50,-77152,1851488,7498,27223,1028405,83492,-563317,-99532,1851488,-0.2943115,7.0628662,0
2705,1779177363292762416,1,1,50,-76080,1851488,8062,25822,1034755,85554,-555933,-98459,1851488,-0.2902222,7.0628662,0
2706,1779177363297781418,1,1,50,-75200,1851488,8987,23055,1041579,87552,-551274,-97581,1851488,-0.2868652,7.0628662,0
2707,1779177363302765091,1,1,50,-73552,1851488,8908,24896,1048226,89563,-549650,-95929,1851488,-0.2805786,7.0628662,0
2708,1779177363307887967,1,1,50,-73632,1851488,9496,23401,1054635,91607,-552882,-96014,1851488,-0.2808838,7.0628662,0
2709,1779177363312882457,1,1,50,-73648,1851488,10047,21946,1061222,93684,-556751,-96028,1851488,-0.2809448,7.0628662,0
2710,1779177363317775824,1,1,50,-73120,1851488,10567,20522,1068699,95859,-560023,-95494,1851488,-0.2789307,7.0628662,0
2711,1779177363322770089,1,1,50,-72016,1851488,10564,19556,1075761,98236,-562929,-94398,1851488,-0.2747192,7.0628662,0
2712,1779177363327785219,1,1,50,-70960,1851488,11443,16727,1081754,100754,-564073,-93335,1851488,-0.2706909,7.0628662,0
2713,1779177363332767996,1,1,50,-69088,1851488,11924,15225,1086027,103369,-563073,-91466,1851488,-0.2635498,7.0628662,0
2714,1779177363337754454,1,1,50,-67184,1851488,12397,13703,1088697,106035,-561477,-89562,1851488,-0.2562866,7.0628662,0
2715,1779177363342766159,1,1,50,-65696,1851488,12862,12156,1091664,108726,-560274,-88075,1851488,-0.2506104,7.0628662,0
2716,1779177363347776297,1,1,50,-64688,1851488,13645,9354,1096471,111431,-559231,-87068,1851488,-0.2467651,7.0628662,0
2717,1779177363352767459,1,1,50,-63184,1851488,13973,9962,1102227,114188,-557377,-85565,1851488,-0.2410278,7.0628662,0
2718,1779177363357755612,1,1,50,-63008,1851488,14406,8450,1107984,116906,-555149,-85378,1851488,-0.2403564,7.0628662,0
2719,1779177363362306666,1,1,50,-62880,1851488,14763,7182,1114096,119345,-549310,-85259,1851488,-0.2398682,7.0628662,0
2720,1779177363367789584,1,1,50,-62704,1851488,14894,6655,1119437,122152,-548351,-85082,1851488,-0.2391968,7.0628662,0
2721,1779177363372880172,1,1,50,-62624,1851488,15100,3786,1120386,124659,-542670,-85005,1851488,-0.2388916,7.0628662,0
2722,1779177363377881125,1,1,50,-61712,1851488,15788,1103,1121454,126995,-536502,-84091,1851488,-0.2354126,7.0628662,0
2723,1779177363382779004,1,1,50,-59840,1851488,16108,-279,1128041,129281,-531393,-82215,1851488,-0.2282715,7.0628662,0
2724,1779177363387783798,1,1,50,-57984,1851488,16430,-1731,1137002,131668,-529789,-80365,1851488,-0.2211914,7.0628662,0
2725,1779177363392783247,1,1,50,-56304,1851488,16726,-3150,1142462,134120,-530496,-78686,1851488,-0.2147827,7.0628662,0
2726,1779177363397784137,1,1,50,-54704,1851488,17019,-4636,1147862,136686,-532593,-77086,1851488,-0.2086792,7.0628662,0
2727,1779177363402793667,1,1,50,-53776,1851488,17207,-3082,1155398,139384,-535226,-76158,1851488,-0.2051392,7.0628662,0
2728,1779177363407772156,1,1,50,-55216,1851488,17495,-4564,1159018,142002,-537738,-77596,1851488,-0.2106323,7.0628662,0
2729,1779177363412756725,1,1,50,-56192,1851488,17771,-6068,1157713,144521,-538467,-78573,1851488,-0.2143555,7.0628662,0
2730,1779177363417775375,1,1,50,-56144,1851488,18028,-7574,1162401,147065,-538027,-78524,1851488,-0.2141724,7.0628662,0
2731,1779177363422853002,1,1,50,-55168,1851488,16981,-8730,1171421,149739,-538564,-77548,1851488,-0.2104492,7.0628662,0
2732,1779177363427772002,1,1,50,-53216,1851488,17509,-11381,1176346,152448,-538896,-75592,1851488,-0.2030029,7.0628662,0
2733,1779177363432764891,1,1,50,-50176,1851488,17689,-12907,1179076,155352,-538150,-72548,1851488,-0.1914062,7.0628662,0
2734,1779177363437782421,1,1,50,-47376,1851488,17847,-14397,1184179,158412,-534526,-69752,1851488,-0.1807251,7.0628662,0
2735,1779177363442819728,1,1,50,-45280,1851488,17995,-15885,1187087,161481,-527603,-67650,1851488,-0.1727295,7.0628662,0
2736,1779177363447853354,1,1,50,-43872,1851488,18430,-18485,1186316,164372,-516475,-66246,1851488,-0.1673584,7.0628662,0
2737,1779177363452796002,1,1,50,-42288,1851488,17438,-17713,1190944,167033,-502101,-64663,1851488,-0.1613159,7.0628662,0
2738,1779177363457766043,1,1,50,-42160,1851488,17542,-18984,1198837,169413,-490372,-64533,1851488,-0.1608276,7.0628662,0
2739,1779177363462794038,1,1,50,-42048,-1851504,17306,-19084,1202813,171535,-483990,-64416,1851488,-0.1604004,-7.0629272,0
2740,1779177363467812976,1,1,50,-86848,1851488,17387,-20352,1205661,173475,-482323,-64471,-1851504,-0.3312988,7.0628662,0
2741,1779177363472766632,1,1,50,-41616,1851488,16375,-21682,1209281,175372,-483365,-63984,1851488,-0.1587524,7.0628662,0
2742,1779177363477846179,1,1,50,-41616,1851488,17062,-25317,1209163,177284,-486888,-63984,1851488,-0.1587524,7.0628662,0
2743,1779177363482787580,1,1,50,-38016,1851488,16722,-25416,1210231,179407,-487415,-60387,1851488,-0.1450195,7.0628662,0
2744,1779177363487788117,1,1,50,-34464,1851488,16693,-26696,1217055,181821,-486402,-56839,1851488,-0.1314697,7.0628662,0
2745,1779177363492764110,1,1,50,-31680,1851488,16649,-27970,1222277,184374,-484987,-54059,1851488,-0.1208496,7.0628662,0
2746,1779177363497781288,1,1,50,-29680,1851488,16899,-30399,1224948,187002,-484117,-52054,1851488,-0.1132202,7.0628662,0
2747,1779177363502792418,1,1,50,-27408,1851488,16257,-28084,1229517,189736,-482105,-49779,1851488,-0.1045532,7.0628662,0
2748,1779177363507783387,1,1,50,-27760,1851488,16207,-29340,1235748,192392,-478936,-50140,1851488,-0.1058960,7.0628662,0
2749,1779177363512784821,1,1,50,-28320,1851488,16144,-30569,1237944,194895,-472581,-50697,1851488,-0.1080322,7.0628662,0
2750,1779177363517784526,1,1,50,-28176,1851488,16067,-31749,1240614,197216,-461884,-50557,1851488,-0.1074829,7.0628662,0
2751,1779177363522785928,1,1,50,-55840,1851488,14848,-34384,1247794,199365,-449366,-49661,1851488,-0.2130127,7.0628662,0
2752,1779177363527946726,1,1,50,-56464,1851488,15005,-36644,1252957,201466,-437887,-46729,1851488,-0.2153931,7.0628662,0
2753,1779177363532781531,1,1,50,-65264,1851488,14808,-37591,1254975,203367,-427166,-42895,1851488,-0.2489624,7.0628662,0
2754,1779177363537766100,1,1,50,-62320,1851488,14607,-38584,1256637,205219,-420662,-39948,1851488,-0.2377319,7.0628662,0
2755,1779177363542780142,1,1,50,-60496,1851488,14392,-39570,1257823,207002,-419670,-38116,1851488,-0.2307739,7.0628662,0
2756,1779177363547794280,1,1,50,-46096,1851488,14452,-41691,1259307,208807,-423019,-36891,1851488,-0.1758423,7.0628662,0
2757,1779177363552799618,1,1,50,-44208,1851488,13723,-42591,1261384,210787,-426585,-35003,1851488,-0.1686401,7.0628662,0
2758,1779177363557779163,1,1,50,-29280,1851488,13449,-43621,1261799,212928,-428383,-32892,1851488,-0.1116943,7.0628662,0
2759,1779177363562768276,1,1,50,-53264,1851488,12875,-43580,1262393,215192,-428548,-30888,1851488,-0.2031860,7.0628662,0
2760,1779177363567784014,1,1,50,-15216,1851488,12585,-44620,1264707,217507,-426485,-29823,1851488,-0.0580444,7.0628662,0
2761,1779177363572767335,1,1,50,-6608,1851488,11671,-46889,1267556,219780,-419953,-28987,1851488,-0.0252075,7.0628662,0
2762,1779177363577782913,1,1,50,-4496,1851488,11608,-48932,1270582,222017,-407412,-26869,1851488,-0.0171509,7.0628662,0
2763,1779177363582798683,1,1,50,-4496,1851488,11226,-49830,1273668,223918,-392502,-26869,1851488,-0.0171509,7.0628662,0
2764,1779177363587799701,1,1,50,-16832,1851488,10834,-50641,1276932,225583,-376462,-24496,1851488,-0.0642090,7.0628662,0
2765,1779177363592798510,1,1,50,-1392,1851488,10148,-50318,1280611,227016,-361419,-21863,1851488,-0.0053101,7.0628662,0
2766,1779177363597786343,1,1,50,1872,1851488,10021,-52060,1284349,228163,-349222,-20499,1851488,0.0071411,7.0628662,0
2767,1779177363603148842,1,1,50,3184,1851488,10136,-51312,1287910,229169,-341082,-19188,1851488,0.0121460,7.0628662,0
2768,1779177363607499188,1,1,50,3120,1851488,9729,-51732,1291055,229811,-338086,-19262,1851488,0.0119019,7.0628662,0
2769,1779177363612841814,1,1,50,2944,1851488,8692,-50441,1293132,230512,-340518,-19427,1851488,0.0112305,7.0628662,0
2770,1779177363617506343,1,1,50,-42512,1851488,8576,-52045,1295031,231184,-343829,-20128,1851488,-0.1621704,7.0628662,0
2771,1779177363623232882,1,1,50,-12304,1851488,7808,-55638,1296871,232054,-348913,-19453,1851488,-0.0469360,7.0628662,0
2772,1779177363627480793,1,1,50,6992,1851488,7597,-57131,1298176,232838,-351458,-15390,1851488,0.0266724,7.0628662,0
2773,1779177363632780954,1,1,50,4320,1851488,7033,-57952,1299779,234496,-347507,-10529,1851488,0.0164795,7.0628662,0
2774,1779177363637761299,1,1,50,15344,1851488,6481,-58627,1300135,236139,-340926,-7032,1851488,0.0585327,7.0628662,0
2775,1779177363642784622,1,1,50,17568,1851488,5924,-59274,1299422,237721,-331614,-4810,1851488,0.0670166,7.0628662,0
2776,1779177363647800423,1,1,50,18608,1851488,5370,-59877,1298710,239080,-318891,-3766,1851488,0.0709839,7.0628662,0
2777,1779177363652767712,1,1,50,18800,1851488,4546,-60701,1298948,240083,-303377,-3577,1851488,0.0717163,7.0628662,0
2778,1779177363657766106,1,1,50,19088,1851488,3954,-61136,1299897,240701,-285616,-3294,1851488,0.0728149,7.0628662,0
2779,1779177363662782548,1,1,50,19216,1851488,3354,-61483,1301321,240876,-267867,-3156,1851488,0.0733032,7.0628662,0
2780,1779177363667786221,1,1,50,19456,1851488,2489,-60770,1303161,240630,-252607,-2923,1851488,0.0742188,7.0628662,0
2781,1779177363672782567,1,1,50,18976,1851488,2170,-60678,1304704,239989,-242263,-3400,1851488,0.0723877,7.0628662,0
2782,1779177363677775680,1,1,50,18320,1851488,1822,-61862,1305653,239069,-237148,-4053,1851488,0.0698853,7.0628662,0
2783,1779177363682782874,1,1,50,18832,1851488,1199,-62054,1306484,238084,-235300,-3551,1851488,0.0718384,7.0628662,0
2784,1779177363687786196,1,1,50,20080,1851488,62,-60325,1308383,237179,-235349,-2299,1851488,0.0765991,7.0628662,0
2785,1779177363692825422,1,1,50,20304,1851488,-300,-61520,1310876,236318,-237124,-2074,1851488,0.0774536,7.0628662,0
2786,1779177363697815687,1,1,50,21200,1851488,-695,-62708,1313131,235630,-237964,-1169,1851488,0.0808716,7.0628662,0
2787,1779177363702985285,1,1,50,23104,1851488,-1231,-64172,1314673,235103,-235825,740,1851488,0.0881348,7.0628662,0
2788,1779177363707786234,1,1,50,25824,1851488,-1928,-64304,1315089,234751,-230078,3465,1851488,0.0985107,7.0628662,0
2789,1779177363712764435,1,1,50,27968,1851488,-2632,-64469,1315267,234391,-220680,5608,1851488,0.1066895,7.0628662,0
2790,1779177363717763244,1,1,50,29184,1851488,-3596,-63596,1316038,233886,-208464,6820,1851488,0.1113281,7.0628662,0
2791,1779177363722863016,1,1,50,28912,1851488,-4634,-64224,1316988,233056,-195179,6547,1851488,0.1102905,7.0628662,0
2792,1779177363727771968,1,1,50,28480,1851488,-5110,-65123,1317522,231921,-183198,6118,1851488,0.1086426,7.0628662,0
2793,1779177363732777561,1,1,50,28768,1851488,-5849,-65061,1317700,230509,-173712,6400,1851488,0.1097412,7.0628662,0
2794,1779177363737767859,1,1,50,29248,1851488,-6829,-64017,1317225,228925,-167784,6883,1851488,0.1115723,7.0628662,0
2795,1779177363742765548,1,1,50,29008,1851488,-7561,-63908,1316157,227206,-164822,6652,1851488,0.1106567,7.0628662,0
2796,1779177363747807687,1,1,50,28944,1851488,-8069,-64727,1315148,225433,-162399,6591,1851488,0.1104126,7.0628662,0
2797,1779177363752780128,1,1,50,29776,1851488,-9013,-65342,1315386,223726,-158272,7411,1851488,0.1135864,7.0628662,0
2798,1779177363757782809,1,1,50,31344,1851488,-9806,-65168,1316572,222065,-151249,8990,1851488,0.1195679,7.0628662,0
2799,1779177363762738738,1,1,50,32496,1851488,-10591,-64946,1317641,220370,-141769,10142,1851488,0.1239624,7.0628662,0
2800,1779177363767794605,1,1,50,32848,1851488,-11384,-64694,1318649,218473,-130506,10494,1851488,0.1253052,7.0628662,0
2801,1779177363772938698,1,1,50,32688,1851488,-13011,-64380,1319302,216293,-118029,10327,1851488,0.1246948,7.0628662,0
2802,1779177363777774303,1,1,50,32352,1851488,-13566,-64887,1320074,213977,-104813,9984,1851488,0.1234131,7.0628662,0
2803,1779177363782780825,1,1,50,32432,1851488,-14386,-64408,1321676,211319,-90558,10079,1851488,0.1237183,7.0628662,0
2804,1779177363787788563,1,1,50,-12144,-1851504,-15422,-62987,1323337,208389,-76894,10244,1851488,-0.0463257,-7.0629272,0
2805,1779177363792767340,1,1,50,-12832,1851488,-16458,-61524,1324287,205168,-66684,9560,-1851504,-0.0489502,7.0628662,0
2806,1779177363797874856,1,1,50,30160,1851488,-17033,-61835,1324821,201688,-60760,7794,1851488,0.1150513,7.0628662,0
2807,1779177363803110567,1,1,50,29264,1851488,-18356,-62882,1324465,197878,-60608,6906,1851488,0.1116333,7.0628662,0
2808,1779177363807790105,1,1,50,30544,1851488,-19159,-62283,1323516,194641,-61045,8177,1851488,0.1165161,7.0628662,0
2809,1779177363812774450,1,1,50,31920,1851488,-20222,-60800,1322863,191383,-60028,9558,1851488,0.1217651,7.0628662,0
2810,1779177363817787436,1,1,50,32208,1851488,-22066,-60499,1322744,188189,-57244,9853,1851488,0.1228638,7.0628662,0
2811,1779177363823548408,1,1,50,32208,1851488,-22779,-60798,1322922,184540,-51866,9853,1851488,0.1228638,7.0628662,0
2812,1779177363827807456,1,1,50,32944,1851488,-23519,-60100,1323397,181854,-44073,10583,1851488,0.1256714,7.0628662,0
2813,1779177363832799481,1,1,50,33104,1851488,-24343,-59403,1324228,178595,-33574,10740,1851488,0.1262817,7.0628662,0
2814,1779177363837766418,1,1,50,32528,1851488,-25158,-58643,1324465,175138,-22109,10174,1851488,0.1240845,7.0628662,0
2815,1779177363842776876,1,1,50,31616,1851488,-26164,-56975,1324524,171391,-10933,9256,1851488,0.1206055,7.0628662,0
2816,1779177363847795046,1,1,50,29856,1851488,-27170,-55276,1325355,167340,-2027,7494,1851488,0.1138916,7.0628662,0
2817,1779177363852776287,1,1,50,26912,1851488,-28172,-55686,1326483,163013,2751,4555,1851488,0.1026611,7.0628662,0
2818,1779177363857783129,1,1,50,26944,1851488,-29025,-54802,1327551,158667,5551,4579,1851488,0.1027832,7.0628662,0
2819,1779177363862792914,1,1,50,27536,1851488,-30100,-53108,1328322,154409,7147,5179,1851488,0.1050415,7.0628662,0
2820,1779177363867611016,1,1,50,-17472,1851488,-30905,-52249,1328797,150374,7461,4914,1851488,-0.0666504,7.0628662,0
2821,1779177363872801766,1,1,50,-18176,1762080,-32375,-51886,1329746,146090,5790,4217,1851488,-0.0693359,6.7218018,0
2822,1779177363877784127,1,1,50,26304,-1851504,-32778,-52686,1331705,142127,2788,3938,1762080,0.1003418,-7.0629272,0
2823,1779177363882791993,1,1,50,-17136,1851488,-33821,-51056,1334197,138427,-58,5263,-1851504,-0.0653687,7.0628662,0
2824,1779177363887800242,1,1,50,28544,1851488,-34646,-50270,1336512,134973,-1697,6189,1851488,0.1088867,7.0628662,0
2825,1779177363892780363,1,1,50,27712,1851488,-35462,-49483,1338232,131625,-2536,5347,1851488,0.1057129,7.0628662,0
2826,1779177363897798053,1,1,50,27024,1851488,-36683,-47125,1339657,128325,-2451,4660,1851488,0.1030884,7.0628662,0
2827,1779177363902846592,1,1,50,-17728,1851488,-37839,-48663,1341318,125099,-1143,4660,1851488,-0.0676270,7.0628662,0
2828,1779177363907807097,1,1,50,27248,1851488,-38663,-47894,1342742,122003,1445,4880,1851488,0.1039429,7.0628662,0
2829,1779177363912797618,1,1,50,-17648,-1851504,-39486,-47094,1343989,118900,4426,4746,1851488,-0.0673218,-7.0629272,0
2830,1779177363917799500,1,1,50,26480,-1851504,-40494,-45531,1345888,115762,6564,4119,-1851504,0.1010132,-7.0629272,0
2831,1779177363922925864,1,1,50,-19344,1851488,-42100,-46201,1348083,112508,7164,3047,-1851504,-0.0737915,7.0628662,0
2832,1779177363927814879,1,1,50,-20272,-1851504,-42922,-45395,1349567,109421,7111,2119,1851488,-0.0773315,-7.0629272,0
2833,1779177363932829337,1,1,50,25360,1851488,-43753,-44577,1350932,106403,7935,3002,-1851504,0.0967407,7.0628662,0
2834,1779177363937772945,1,1,50,25632,1851488,-44566,-43748,1352890,103510,8484,3273,1851488,0.0977783,7.0628662,0
2835,1779177363942775307,1,1,50,-19632,-1851504,-45594,-42054,1355917,100619,7567,2755,1851488,-0.0748901,-7.0629272,0
2836,1779177363947831302,1,1,50,-21152,1851488,-46419,-41145,1358706,97705,4894,1234,-1851504,-0.0806885,7.0628662,0
2837,1779177363952833311,1,1,50,22176,1851488,-47338,-41897,1361020,94882,1420,-201,1851488,0.0845947,7.0628662,0
2838,1779177363959308765,1,1,50,23248,1851488,-48380,-40966,1362800,91543,-1395,882,1851488,0.0886841,7.0628662,0
2839,1779177363963188795,1,1,50,22592,-1851504,-48861,-40973,1364521,89674,-2043,233,1851488,0.0861816,-7.0629272,0
2840,1779177363967810284,1,1,50,21952,-1851504,-50131,-38030,1366183,87433,-3047,-418,-1851504,0.0837402,-7.0629272,0
2841,1779177363972806565,1,1,50,-23520,1851488,-51376,-37550,1368022,85053,-3313,-1149,-1851504,-0.0897217,7.0628662,0
2842,1779177363977801695,1,1,50,-23856,1851488,-52206,-36491,1370159,82727,-2361,-1479,1851488,-0.0910034,7.0628662,0
2843,1779177363983005277,1,1,50,-24080,1851488,-53034,-35433,1372532,80332,-674,-1710,1851488,-0.0918579,7.0628662,0
2844,1779177363987817554,1,1,50,20000,1851488,-54087,-33203,1374491,78097,1312,-2371,1851488,0.0762939,7.0628662,0
2845,1779177363992781579,1,1,50,19264,1851488,-54851,-32062,1376152,75753,2610,-3117,1851488,0.0734863,7.0628662,0
2846,1779177363997781700,1,1,50,16016,1851488,-55595,-30922,1378229,73207,1344,-6367,1851488,0.0610962,7.0628662,0
2847,1779177364002786174,1,1,50,15968,1851488,-57228,-29474,1380900,70763,-351,-6407,1851488,0.0609131,7.0628662,0
2848,1779177364007835160,1,1,50,15968,1851488,-57669,-29488,1383807,68413,-2735,-6407,1851488,0.0609131,7.0628662,0
2849,1779177364012785905,1,1,50,16576,-1851504,-58396,-28359,1386241,66279,-4477,-5800,1851488,0.0632324,-7.0629272,0
2850,1779177364017771625,1,1,50,-28272,1851488,-59393,-26086,1387961,64230,-5856,-5888,-1851504,-0.1078491,7.0628662,0
2851,1779177364022771267,1,1,50,16064,1851488,-60611,-25262,1389920,62242,-6897,-6308,1851488,0.0612793,7.0628662,0
2852,1779177364027884767,1,1,50,13968,1851488,-61268,-24179,1392056,60153,-8846,-8403,1851488,0.0532837,7.0628662,0
2853,1779177364032781109,1,1,50,-31664,1851488,-61876,-23121,1394014,58204,-9673,-9288,1851488,-0.1207886,7.0628662,0
2854,1779177364037881489,1,1,50,13536,1851488,-62734,-21014,1395913,56282,-9110,-8844,1851488,0.0516357,7.0628662,0
2855,1779177364042783432,1,1,50,12672,1851488,-63270,-20011,1397990,54417,-8351,-9698,1851488,0.0483398,7.0628662,0
2856,1779177364047802658,1,1,50,-33248,1851488,-63782,-19040,1399949,52461,-9017,-10869,1851488,-0.1268311,7.0628662,0
2857,1779177364052787739,1,1,50,-34448,1851488,-65125,-18404,1401432,50510,-11091,-12075,1851488,-0.1314087,7.0628662,0
2858,1779177364057780852,1,1,50,-33552,1851488,-65609,-17541,1402975,48725,-13502,-11179,1851488,-0.1279907,7.0628662,0
2859,1779177364062806766,1,1,50,-36528,1851488,-66067,-16733,1405467,46847,-18883,-14154,1851488,-0.1393433,7.0628662,0
2860,1779177364067799015,1,1,50,-35312,1851488,-66712,-15137,1408613,45263,-22927,-12928,1851488,-0.1347046,7.0628662,0
2861,1779177364073197194,1,1,50,9104,1851488,-67407,-13803,1411105,43693,-28104,-13268,1851488,0.0347290,7.0628662,0
2862,1779177364077811450,1,1,50,-36912,1851488,-67757,-13143,1412292,42444,-33605,-14530,1851488,-0.1408081,7.0628662,0
2863,1779177364083075193,1,1,50,6704,1851488,-68103,-12578,1413538,41135,-42278,-15673,1851488,0.0255737,7.0628662,0
2864,1779177364087805612,1,1,50,5968,1851488,-68611,-11254,1415378,40173,-50210,-16411,1851488,0.0227661,7.0628662,0
2865,1779177364092766980,1,1,50,4304,-1851504,-68911,-10763,1417514,39298,-58789,-18079,1851488,0.0164185,-7.0629272,0
2866,1779177364097771678,1,1,50,-41696,-1851504,-69201,-10297,1419413,38596,-66803,-19317,-1851504,-0.1590576,-7.0629272,0
2867,1779177364102804728,1,1,50,-40736,-1851504,-70342,-9429,1420956,38198,-73812,-18352,-1851504,-0.1553955,-7.0629272,0
2868,1779177364107785969,1,1,50,-40784,-1851504,-70878,-8037,1422558,38007,-81604,-18402,-1851504,-0.1555786,-7.0629272,0
2869,1779177364113567197,1,1,50,-42112,-1851504,-70919,-8567,1424042,38043,-91716,-19736,-1851504,-0.1606445,-7.0629272,0
2870,1779177364117921447,1,1,50,-42416,-1851504,-71407,-7152,1425585,38222,-100508,-20032,-1851504,-0.1618042,-7.0629272,0
2871,1779177364123119557,1,1,50,-44560,-740032,-71640,-6813,1428255,38541,-112691,-22191,-1851504,-0.1699829,-2.8229980,0
2872,1779177364127803542,1,1,50,336,1291600,-71848,-6496,1431578,39155,-122429,-22041,-740032,0.0012817,4.9270630,0
2873,1779177364132906706,1,1,50,1136,1851488,-73102,-5190,1433477,40144,-131981,-21235,1291600,0.0043335,7.0628662,0
2874,1779177364137812745,1,1,50,1040,-1851504,-73251,-5079,1434367,41326,-140753,-21336,1851488,0.0039673,-7.0629272,0
2875,1779177364142789090,1,1,50,880,-1851504,-73377,-5044,1435376,42730,-149040,-21501,-1851504,0.0033569,-7.0629272,0
2876,1779177364147803163,1,1,50,656,-1851504,-73679,-4297,1437334,44331,-155889,-21726,-1851504,0.0025024,-7.0629272,0
2877,1779177364152783156,1,1,50,-128,-1851504,-74357,-2870,1439649,46027,-160987,-22497,-1851504,-0.0004883,-7.0629272,0
2878,1779177364157780077,1,1,50,-1680,1851488,-74395,-2945,1441726,47732,-165531,-24063,-1851504,-0.0064087,7.0628662,0
2879,1779177364162793351,1,1,50,-47600,-1851504,-74429,-3006,1443150,49454,-170364,-25218,1851488,-0.1815796,-7.0629272,0
2880,1779177364167785184,1,1,50,-48016,1851488,-74660,-2244,1444752,51239,-175657,-25639,-1851504,-0.1831665,7.0628662,0
2881,1779177364172775481,1,1,50,-4048,-1851504,-74680,-2280,1446532,53080,-181787,-26422,1851488,-0.0154419,-7.0629272,0
2882,1779177364177773554,1,1,50,-49408,1851488,-74686,-2337,1449084,55021,-188294,-27026,-1851504,-0.1884766,7.0628662,0
2883,1779177364182809004,1,1,50,-5024,-1851504,-75610,450,1452407,57100,-194591,-27393,1851488,-0.0191650,-7.0629272,0
2884,1779177364187782213,1,1,50,-7072,-1851504,-75557,421,1455612,59156,-200995,-29445,-1851504,-0.0269775,-7.0629272,0
2885,1779177364192767262,1,1,50,-8528,-1851504,-75765,1449,1457214,61257,-206581,-30908,-1851504,-0.0325317,-7.0629272,0
2886,1779177364197776151,1,1,50,-9824,-1851504,-75685,1449,1458104,63392,-211079,-32192,-1851504,-0.0374756,-7.0629272,0
2887,1779177364202798321,1,1,50,-54976,-1851504,-75327,4487,1459588,65586,-214010,-32606,-1851504,-0.2097168,-7.0629272,0
2888,1779177364207807563,1,1,50,-12752,-1851504,-74878,3401,1462258,67649,-216902,-35122,-1851504,-0.0486450,-7.0629272,0
2889,1779177364212775523,1,1,50,-13888,-1851504,-74983,4535,1465107,69665,-218694,-36259,-1851504,-0.0529785,-7.0629272,0
2890,1779177364217809277,1,1,50,-13888,-1851504,-74782,4566,1466887,71717,-220122,-36259,-1851504,-0.0529785,-7.0629272,0
2891,1779177364222785206,1,1,50,-14384,-1851504,-74843,5718,1467896,73708,-222460,-36757,-1851504,-0.0548706,-7.0629272,0
2892,1779177364227781327,1,1,50,-15552,-1851504,-74593,5720,1469735,75656,-226901,-37920,-1851504,-0.0593262,-7.0629272,0
2893,1779177364232798537,1,1,50,-60960,1851488,-73961,7149,1472584,77663,-232248,-38578,-1851504,-0.2325439,7.0628662,0
2894,1779177364237773154,1,1,50,-62224,1851488,-73931,8207,1476204,79692,-237421,-39855,1851488,-0.2373657,7.0628662,0
2895,1779177364242788123,1,1,50,-63616,1851488,-73574,8085,1479764,81764,-241994,-41237,1851488,-0.2426758,7.0628662,0
2896,1779177364247785044,1,1,50,-64128,1851488,-73469,8999,1482197,83890,-245054,-41747,1851488,-0.2446289,7.0628662,0
2897,1779177364252798990,1,1,50,-64720,1851488,-72332,10064,1483562,86027,-246997,-42339,1851488,-0.2468872,7.0628662,0
2898,1779177364257789959,1,1,50,-66192,1851488,-71869,9836,1485046,88071,-247721,-43808,1851488,-0.2525024,7.0628662,0
2899,1779177364262793696,1,1,50,-67120,1851488,-71631,10571,1488132,90047,-246372,-44749,1851488,-0.2560425,7.0628662,0
2900,1779177364267807162,1,1,50,-23312,-1851504,-71111,10282,1492226,91904,-243430,-45688,1851488,-0.0889282,-7.0629272,0
2901,1779177364272792275,1,1,50,-23888,-1851504,-70580,9989,1494778,93598,-240472,-46260,-1851504,-0.0911255,-7.0629272,0
2902,1779177364277770668,1,1,50,-24032,-1851504,-70245,10544,1495965,95161,-239349,-46405,-1851504,-0.0916748,-7.0629272,0
2903,1779177364283172207,1,1,50,-24736,-1851504,-70152,8768,1497508,96740,-242853,-47119,-1851504,-0.0943604,-7.0629272,0
2904,1779177364287811071,1,1,50,-24048,-1851504,-69871,9265,1500712,98215,-243153,-46419,-1851504,-0.0917358,-7.0629272,0
2905,1779177364292789240,1,1,50,-23856,-1851504,-69315,8815,1504925,99809,-246250,-46236,-1851504,-0.0910034,-7.0629272,0
2906,1779177364297804082,1,1,50,-24080,-1851504,-68949,9136,1508427,101473,-249122,-46449,-1851504,-0.0918579,-7.0629272,0
2907,1779177364302807371,1,1,50,-24912,-1851504,-68049,9407,1511275,103141,-251601,-47284,-1851504,-0.0950317,-7.0629272,0
2908,1779177364307810052,1,1,50,-26272,-1851504,-67461,8943,1513174,104765,-253733,-48645,-1851504,-0.1002197,-7.0629272,0
2909,1779177364312797245,1,1,50,-71744,-1851504,-67063,9244,1514598,106370,-254387,-49360,-1851504,-0.2736816,-7.0629272,0
2910,1779177364317791158,1,1,50,-72688,-1851504,-66462,8768,1518337,107920,-253922,-50313,-1851504,-0.2772827,-7.0629272,0
2911,1779177364322794512,1,1,50,-28544,-1851504,-66053,9091,1523559,109417,-253247,-50912,-1851504,-0.1088867,-7.0629272,0
2912,1779177364327804105,1,1,50,-74224,-1851504,-65444,8634,1526467,110819,-254254,-51847,-1851504,-0.2831421,-7.0629272,0
2913,1779177364332796962,1,1,50,-74688,1851488,-65511,8732,1527416,112189,-257551,-52308,-1851504,-0.2849121,7.0628662,0
2914,1779177364337781339,1,1,50,-75072,1851488,-64914,8223,1529078,113607,-263390,-52693,1851488,-0.2863770,7.0628662,0
2915,1779177364342748628,1,1,50,-75120,1851488,-64537,8508,1533588,115184,-270364,-52749,1851488,-0.2865601,7.0628662,0
2916,1779177364347811119,1,1,50,-75632,1851488,-63916,7904,1538454,116964,-277400,-53250,1851488,-0.2885132,7.0628662,0
2917,1779177364352794567,1,1,50,-75728,1851488,-64416,6871,1541718,118899,-282163,-53350,1851488,-0.2888794,7.0628662,0
2918,1779177364357798305,1,1,50,-74928,1851488,-63629,5443,1545338,121014,-285226,-52556,1851488,-0.2858276,7.0628662,0
2919,1779177364362770777,1,1,50,-28736,1851488,-63278,5654,1548424,123272,-285612,-51110,1851488,-0.1096191,7.0628662,0
2920,1779177364367792467,1,1,50,-28320,1851488,-62699,5036,1551035,125557,-283663,-50694,1851488,-0.1080322,7.0628662,0
2921,1779177364372779404,1,1,50,-28528,1851488,-62330,5260,1555663,127734,-279691,-50904,1851488,-0.1088257,7.0628662,0
2922,1779177364378407093,1,1,50,-29696,1851488,-61644,4503,1561301,130044,-279300,-52074,1851488,-0.1132812,7.0628662,0
2923,1779177364383178280,1,1,50,-30336,1851488,-62184,3398,1564031,131849,-277330,-52705,1851488,-0.1157227,7.0628662,0
2924,1779177364387897979,1,1,50,-29472,1851488,-61907,3713,1564327,133592,-277961,-51852,1851488,-0.1124268,7.0628662,0
2925,1779177364392797586,1,1,50,-29376,-1851504,-61840,4744,1566879,135405,-282198,-51753,1851488,-0.1120605,-7.0629272,0
2926,1779177364398265398,1,1,50,-30784,-1851504,-60958,3155,1572101,137564,-290632,-53158,-1851504,-0.1174316,-7.0629272,0
2927,1779177364402951496,1,1,50,-75504,1851488,-60542,1734,1575840,139550,-295323,-53129,-1851504,-0.2880249,7.0628662,0
2928,1779177364407811390,1,1,50,-29312,1851488,-59823,275,1578570,141814,-300071,-51688,1851488,-0.1118164,7.0628662,0
2929,1779177364412837176,1,1,50,-27296,1851488,-59504,373,1581893,144405,-302698,-49672,1851488,-0.1041260,7.0628662,0
2930,1779177364417836561,1,1,50,-71280,1851488,-58976,-323,1584800,147074,-301336,-48905,1851488,-0.2719116,7.0628662,0
2931,1779177364422988334,1,1,50,-26512,1851488,-58624,-239,1588242,149747,-296694,-48883,1851488,-0.1011353,7.0628662,0
2932,1779177364427900869,1,1,50,-27472,1851488,-58096,-851,1593464,152075,-288456,-49851,1851488,-0.1047974,7.0628662,0
2933,1779177364433064098,1,1,50,-72896,1851488,-58780,-2522,1596966,154189,-281920,-50523,1851488,-0.2780762,7.0628662,0
2934,1779177364437561263,1,1,50,-27136,1851488,-58583,-2148,1597440,155809,-273493,-49513,1851488,-0.1035156,7.0628662,0
2935,1779177364443372732,1,1,50,-26976,1851488,-58429,-1331,1598865,157645,-274760,-49344,1851488,-0.1029053,7.0628662,0
2936,1779177364447944107,1,1,50,-28256,1851488,-57756,-2569,1602663,159122,-270960,-50630,1851488,-0.1077881,7.0628662,0
2937,1779177364454107105,1,1,50,-28624,1851488,-57257,-1607,1606995,160866,-279387,-50999,1851488,-0.1091919,7.0628662,0
2938,1779177364458122338,1,1,50,-29312,-1851504,-56659,-2714,1609190,162175,-275699,-51695,1851488,-0.1118164,-7.0629272,0
2939,1779177364462693233,1,1,50,-73920,1851488,-56196,-3188,1611920,163519,-278198,-51548,-1851504,-0.2819824,7.0628662,0
2940,1779177364467818221,1,1,50,-73344,-130848,-55850,-3035,1614531,165134,-282059,-50961,1851488,-0.2797852,-0.4991455,0
2941,1779177364472837927,1,1,50,-73280,-1851504,-55320,-3631,1617320,166824,-281560,-50910,-130848,-0.2795410,-7.0629272,0
2942,1779177364477800735,1,1,50,-28384,-1851504,-54988,-3418,1621712,168485,-279106,-50765,-1851504,-0.1082764,-7.0629272,0
2943,1779177364482784696,1,1,50,-28784,-1851504,-55281,-4874,1624738,170037,-278736,-51157,-1851504,-0.1098022,-7.0629272,0
2944,1779177364487927093,1,1,50,-27952,-1851504,-54968,-4713,1625331,171650,-281379,-50327,-1851504,-0.1066284,-7.0629272,0
2945,1779177364492801035,1,1,50,-27504,-1851504,-54481,-5296,1625925,173257,-284115,-49880,-1851504,-0.1049194,-7.0629272,0
2946,1779177364497856326,1,1,50,-71936,1851488,-54172,-5143,1628714,175016,-288670,-49564,-1851504,-0.2744141,7.0628662,0
2947,1779177364502902144,1,1,50,-71984,1851488,-53797,-4088,1631978,176900,-292838,-49606,1851488,-0.2745972,7.0628662,0
2948,1779177364507860281,1,1,50,-73232,-1851504,-53060,-5557,1634292,178778,-296151,-50862,1851488,-0.2793579,-7.0629272,0
2949,1779177364512797712,1,1,50,-73264,-1851504,-52729,-5428,1636666,180728,-296967,-50885,-1851504,-0.2794800,-7.0629272,0
2950,1779177364517797482,1,1,50,-73104,-1851504,-52393,-5286,1639040,182714,-294238,-50724,-1851504,-0.2788696,-7.0629272,0
2951,1779177364522807395,1,1,50,-73408,1851488,-51842,-5940,1641591,184575,-287633,-51035,-1851504,-0.2800293,7.0628662,0
2952,1779177364527716794,1,1,50,-28864,-1851504,-51508,-5703,1645152,186169,-278345,-51233,1851488,-0.1101074,-7.0629272,0
2953,1779177364532887160,1,1,50,-29392,-1851504,-51698,-6435,1647704,187491,-271786,-51773,-1851504,-0.1121216,-7.0629272,0
2954,1779177364537920050,1,1,50,-29104,1851488,-50974,-7776,1648297,188544,-266520,-51483,-1851504,-0.1110229,7.0628662,0
2955,1779177364542553474,1,1,50,-27952,-1851504,-50530,-8188,1649365,189362,-262026,-50320,1851488,-0.1066284,-7.0629272,0
2956,1779177364547901572,1,1,50,-71632,-1851504,-50179,-8019,1652510,190237,-265066,-49258,-1851504,-0.2732544,-7.0629272,0
2957,1779177364553505612,1,1,50,-71344,1851488,-49386,-7610,1656427,191351,-270602,-48974,-1851504,-0.2721558,7.0628662,0
2958,1779177364557885302,1,1,50,-26912,1851488,-48771,-8796,1658445,192383,-270640,-49284,1851488,-0.1026611,7.0628662,0
2959,1779177364562823822,1,1,50,-26448,1851488,-48646,-7765,1660521,193552,-275215,-48822,1851488,-0.1008911,7.0628662,0
2960,1779177364567818759,1,1,50,-26640,1851488,-48121,-8372,1661649,194852,-277829,-49011,1851488,-0.1016235,7.0628662,0
2961,1779177364572787487,1,1,50,-26688,1851488,-47795,-8153,1663726,196212,-276819,-49069,1851488,-0.1018066,7.0628662,0
2962,1779177364577780825,1,1,50,-26688,1851488,-47267,-8731,1667168,197545,-273330,-49058,1851488,-0.1018066,7.0628662,0
2963,1779177364582800882,1,1,50,-26432,1851488,-47674,-9091,1669067,198774,-269200,-48805,1851488,-0.1008301,7.0628662,0
2964,1779177364587801708,1,1,50,-25664,1851488,-47351,-8840,1669304,199889,-265580,-48042,1851488,-0.0979004,7.0628662,0
2965,1779177364592793701,1,1,50,-25440,1851488,-46830,-9373,1670372,200885,-263747,-47820,1851488,-0.0970459,7.0628662,0
2966,1779177364597794526,1,1,50,-25248,1851488,-46499,-9109,1672983,201833,-263551,-47620,1851488,-0.0963135,7.0628662,0
2967,1779177364602812824,1,1,50,-25296,1851488,-46293,-8491,1675773,202777,-264394,-47673,1851488,-0.0964966,7.0628662,0
2968,1779177364607789616,1,1,50,-70256,-1851504,-45756,-9038,1678206,203725,-265347,-47873,1851488,-0.2680054,-7.0629272,0
2969,1779177364612792746,1,1,50,-70176,1851488,-45416,-8785,1680045,204707,-266160,-47801,-1851504,-0.2677002,7.0628662,0
2970,1779177364617758242,1,1,50,-47168,1851488,-44874,-9336,1680876,205708,-265163,-47556,1851488,-0.1799316,7.0628662,0
2971,1779177364622790204,1,1,50,-69552,1851488,-44516,-9091,1682953,206709,-261796,-47175,1851488,-0.2653198,7.0628662,0
2972,1779177364627801558,1,1,50,-69408,1851488,-43971,-9576,1686573,207612,-256399,-47024,1851488,-0.2647705,7.0628662,0
2973,1779177364632882641,1,1,50,-68960,1851488,-43912,-9196,1688472,208373,-251599,-46589,1851488,-0.2630615,7.0628662,0
2974,1779177364637895723,1,1,50,-68880,1851488,-43785,-8109,1690015,209438,-247466,-46501,1851488,-0.2627563,7.0628662,0
2975,1779177364642947077,1,1,50,-68880,1851488,-43012,-9359,1690015,209438,-247466,-46501,1851488,-0.2627563,7.0628662,0
2976,1779177364648110210,1,1,50,-68816,1851488,-42636,-9091,1692804,209909,-248281,-46434,1851488,-0.2625122,7.0628662,0
2977,1779177364652697522,1,1,50,-35568,-1851504,-42111,-6964,1695059,210362,-246928,-46235,1851488,-0.1356812,-7.0629272,0
2978,1779177364658042835,1,1,50,-25216,-1851504,-41249,-8309,1697433,210772,-251754,-47591,-1851504,-0.0961914,-7.0629272,0
2979,1779177364662803015,1,1,50,-25424,-1851504,-40873,-7981,1699035,211277,-252004,-47806,-1851504,-0.0969849,-7.0629272,0
2980,1779177364667834497,1,1,50,-25248,-1851504,-40456,-7706,1699984,211827,-252110,-47629,-1851504,-0.0963135,-7.0629272,0
2981,1779177364672804249,1,1,50,-69584,-1851504,-39852,-8169,1701765,212402,-248977,-47208,-1851504,-0.2654419,-7.0629272,0
2982,1779177364677798162,1,1,50,-68944,1851488,-39427,-7869,1705147,212929,-244768,-46570,-1851504,-0.2630005,7.0628662,0
2983,1779177364682804876,1,1,50,-23840,1851488,-38751,-8201,1707165,213346,-241228,-46219,1851488,-0.0909424,7.0628662,0
2984,1779177364687803845,1,1,50,-23408,1851488,-38348,-7877,1707936,213671,-238808,-45778,1851488,-0.0892944,7.0628662,0
2985,1779177364692808543,1,1,50,-68048,1851488,-37947,-7533,1709835,213929,-238163,-45670,1851488,-0.2595825,7.0628662,0
2986,1779177364697779223,1,1,50,-23264,1851488,-37342,-7951,1712446,214180,-239269,-45646,1851488,-0.0887451,7.0628662,0
2987,1779177364702820625,1,1,50,-22528,-1851504,-36726,-6548,1714464,214528,-241609,-44898,1851488,-0.0859375,-7.0629272,0
2988,1779177364707789770,1,1,50,-22944,-1851504,-35891,-7763,1716303,214927,-244422,-45312,-1851504,-0.0875244,-7.0629272,0
2989,1779177364712776931,1,1,50,-22752,-1851504,-35455,-7469,1717609,215433,-247382,-45135,-1851504,-0.0867920,-7.0629272,0
2990,1779177364717789244,1,1,50,-66928,1851488,-35011,-7193,1718321,216071,-249300,-44553,-1851504,-0.2553101,7.0628662,0
2991,1779177364722786006,1,1,50,-21552,-1851504,-34369,-7671,1719745,216808,-249058,-43920,1851488,-0.0822144,-7.0629272,0
2992,1779177364727788975,1,1,50,-20816,-1851504,-33725,-8154,1722000,217586,-247487,-43186,-1851504,-0.0794067,-7.0629272,0
2993,1779177364732779624,1,1,50,-64832,1851488,-32910,-7493,1723543,218352,-245810,-42450,-1851504,-0.2473145,7.0628662,0
2994,1779177364737786177,1,1,50,-19808,-1851504,-32453,-7226,1724315,219070,-244488,-42187,1851488,-0.0755615,-7.0629272,0
2995,1779177364742814779,1,1,50,-19872,-1851504,-32185,-6274,1725620,219738,-243354,-42254,-1851504,-0.0758057,-7.0629272,0
2996,1779177364747902839,1,1,50,-19872,-1851504,-31295,-7512,1727638,220376,-243339,-42254,-1851504,-0.0758057,-7.0629272,0
2997,1779177364752802254,1,1,50,-19248,-1851504,-30571,-7249,1729418,221029,-243306,-41616,-1851504,-0.0734253,-7.0629272,0
2998,1779177364757786087,1,1,50,-18608,-1851504,-29725,-8465,1730605,221728,-243824,-40979,-1851504,-0.0709839,-7.0629272,0
2999,1779177364762785440,1,1,50,-17648,-1851504,-29241,-8289,1731376,222498,-242876,-40023,-1851504,-0.0673218,-7.0629272,0
3000,1779177364767783449,1,1,50,-16720,-1851504,-28743,-8157,1732148,223285,-240212,-39103,-1851504,-0.0637817,-7.0629272,0
3001,1779177364772784434,1,1,50,-16256,-1851504,-28070,-8680,1733453,224007,-236234,-38632,-1851504,-0.0620117,-7.0629272,0
3002,1779177364777776139,1,1,50,-15872,-1851504,-27406,-9165,1735293,224617,-231027,-38240,-1851504,-0.0605469,-7.0629272,0
3003,1779177364782797093,1,1,50,-15280,-1851504,-26773,-8975,1736539,225091,-225579,-37650,-1851504,-0.0582886,-7.0629272,0
3004,1779177364787783230,1,1,50,-59664,-1851504,-26280,-8813,1736895,225395,-220686,-37291,-1851504,-0.2276001,-7.0629272,0
3005,1779177364792784119,1,1,50,-14928,1851488,-25617,-9269,1737429,225533,-217045,-37301,-1851504,-0.0569458,7.0628662,0
3006,1779177364797792241,1,1,50,-14720,1851488,-25113,-9108,1738735,225568,-214531,-37096,1851488,-0.0561523,7.0628662,0
3007,1779177364802809035,1,1,50,-14288,1851488,-24742,-8421,1739862,225553,-213301,-36668,1851488,-0.0545044,7.0628662,0
3008,1779177364807825124,1,1,50,-59056,1851488,-23910,-9492,1740100,225498,-213614,-36680,1851488,-0.2252808,7.0628662,0
3009,1779177364812847902,1,1,50,-13952,1851488,-23393,-9350,1739922,225476,-214646,-36328,1851488,-0.0532227,7.0628662,0
3010,1779177364817785046,1,1,50,-58160,1851488,-23049,-8612,1739981,225524,-215453,-35784,1851488,-0.2218628,7.0628662,0
3011,1779177364822826672,1,1,50,-13408,-1851504,-22218,-9706,1740456,225603,-216998,-35784,1851488,-0.0511475,-7.0629272,0
3012,1779177364828319989,1,1,50,-57680,1851488,-21629,-9702,1741346,225783,-219743,-35310,-1851504,-0.2200317,7.0628662,0
3013,1779177364832892324,1,1,50,-56816,1851488,-21600,-10818,1741880,226069,-217741,-34435,1851488,-0.2167358,7.0628662,0
3014,1779177364837810780,1,1,50,-55344,1851488,-21136,-10685,1741524,226395,-217651,-32964,1851488,-0.2111206,7.0628662,0
3015,1779177364842908087,1,1,50,-54416,1851488,-20646,-10593,1741168,226781,-218336,-32033,1851488,-0.2075806,7.0628662,0
3016,1779177364847823694,1,1,50,-9472,-1851504,-20359,-9824,1741999,227186,-218642,-31842,1851488,-0.0361328,-7.0629272,0
3017,1779177364852844776,1,1,50,-54528,1851488,-20404,-10501,1742711,227607,-219747,-32147,-1851504,-0.2080078,7.0628662,0
3018,1779177364857798176,1,1,50,-54592,1851488,-19783,-10979,1741465,228022,-220628,-32221,1851488,-0.2082520,7.0628662,0
3019,1779177364863135266,1,1,50,-54288,1851488,-19256,-10936,1739506,228493,-222287,-31912,1851488,-0.2070923,7.0628662,0
3020,1779177364867820883,1,1,50,-53712,1851488,-18831,-10741,1739032,228981,-220455,-31335,1851488,-0.2048950,7.0628662,0
3021,1779177364872784396,1,1,50,-8672,1851488,-18212,-11204,1739091,229446,-220113,-31042,1851488,-0.0330811,7.0628662,0
3022,1779177364877810278,1,1,50,-8448,1851488,-17735,-11072,1738379,229905,-220325,-30817,1851488,-0.0322266,7.0628662,0
3023,1779177364882809887,1,1,50,-53152,-1851504,-18289,-13143,1737311,230355,-221588,-30774,1851488,-0.2027588,-7.0629272,0
3024,1779177364887798360,1,1,50,-51392,-1851504,-17882,-13017,1736302,230943,-223438,-29012,-1851504,-0.1960449,-7.0629272,0
3025,1779177364892784017,1,1,50,-5200,1851488,-17479,-12890,1735234,231664,-225952,-27577,-1851504,-0.0198364,7.0628662,0
3026,1779177364897785226,1,1,50,-4592,-1851504,-16907,-13433,1734640,232492,-228862,-26973,1851488,-0.0175171,-7.0629272,0
3027,1779177364902803428,1,1,50,-49200,-1851504,-17228,-13359,1733809,233407,-231824,-26822,-1851504,-0.1876831,-7.0629272,0
3028,1779177364907806109,1,1,50,-4144,1851488,-16664,-13916,1731673,234402,-234056,-26525,-1851504,-0.0158081,7.0628662,0
3029,1779177364912811799,1,1,50,-3568,1851488,-16247,-13892,1728231,235465,-234619,-25938,1851488,-0.0136108,7.0628662,0
3030,1779177364917785935,1,1,50,-3136,1851488,-15685,-14453,1724552,236518,-233572,-25505,1851488,-0.0119629,7.0628662,0
3031,1779177364922801705,1,1,50,-2496,-1851504,-15256,-14455,1721348,237541,-232463,-24864,1851488,-0.0095215,-7.0629272,0
3032,1779177364927775906,1,1,50,-46784,-1851504,-14689,-15043,1716659,238493,-232527,-24406,-1851504,-0.1784668,-7.0629272,0
3033,1779177364932753978,1,1,50,-1056,-1851504,-15355,-16779,1710725,239447,-233825,-23432,-1851504,-0.0040283,-7.0629272,0
3034,1779177364937741267,1,1,50,1808,-1851504,-14981,-16864,1702121,240547,-235589,-20570,-1851504,0.0068970,-7.0629272,0
3035,1779177364942780142,1,1,50,-41040,-1851504,-14461,-17533,1690608,241731,-239377,-18656,-1851504,-0.1565552,-7.0629272,0
3036,1779177364947745702,1,1,50,-39840,1851488,-14080,-17700,1677019,242969,-244848,-17460,-1851504,-0.1519775,7.0628662,0
3037,1779177364952750495,1,1,50,-40048,-1851504,-14387,-17213,1665744,244267,-251532,-17664,1851488,-0.1527710,-7.0629272,0
3038,1779177364957424401,1,1,50,3200,-1851504,-13895,-17930,1665328,245649,-257400,-19176,-1851504,0.0122070,-7.0629272,0
3039,1779177364962813300,1,1,50,2272,-1851504,-13323,-18874,1668414,247270,-265404,-20099,-1851504,0.0086670,-7.0629272,0
3040,1779177364967820237,1,1,50,2992,-1851504,-12922,-19308,1668414,249046,-269657,-19384,-1851504,0.0114136,-7.0629272,0
3041,1779177364972807398,1,1,50,4352,1851488,-12420,-20185,1668533,251001,-270771,-18024,-1851504,0.0166016,7.0628662,0
3042,1779177364977781407,1,1,50,6432,1851488,-11923,-21090,1668770,253081,-269294,-15943,1851488,0.0245361,7.0628662,0
3043,1779177364982754647,1,1,50,9280,1851488,-13219,-23610,1666515,255234,-266177,-13088,1851488,0.0354004,7.0628662,0
3044,1779177364987863411,1,1,50,15024,1851488,-12695,-24961,1661946,257257,-264427,-7352,1851488,0.0573120,7.0628662,0
3045,1779177364992788715,1,1,50,21536,1851488,-12322,-25787,1655418,259844,-257171,-835,1851488,0.0821533,7.0628662,0
3046,1779177364997832197,1,1,50,25408,1851488,-12056,-26172,1650849,262421,-253820,3053,1851488,0.0969238,7.0628662,0
3047,1779177365002957313,1,1,50,28432,1851488,-12863,-28476,1647051,265043,-254132,6069,1851488,0.1084595,7.0628662,0
3048,1779177365007825559,1,1,50,33232,1851488,-12558,-29267,1644796,267778,-255418,10874,1851488,0.1267700,7.0628662,0
3049,1779177365012807664,1,1,50,36144,1851488,-12352,-29649,1641473,270720,-256489,13791,1851488,0.1378784,7.0628662,0
3050,1779177365017819177,1,1,50,39152,1851488,-12149,-30018,1636250,273803,-256238,16789,1851488,0.1493530,7.0628662,0
3051,1779177365022801889,1,1,50,42736,1851488,-11833,-30825,1631088,276984,-253955,20382,1851488,0.1630249,7.0628662,0
3052,1779177365027793722,1,1,50,46176,1851488,-11631,-31141,1626993,280220,-249209,23810,1851488,0.1761475,7.0628662,0
3053,1779177365032800947,1,1,50,47856,1851488,-12776,-32510,1622364,283315,-242820,25498,1851488,0.1825562,7.0628662,0
3054,1779177365037804492,1,1,50,50224,-1851504,-12599,-32761,1616074,286241,-234895,27871,1851488,0.1915894,-7.0629272,0
3055,1779177365042808134,1,1,50,5600,1851488,-12303,-33428,1610377,288812,-228445,27987,-1851504,0.0213623,7.0628662,0
3056,1779177365047499255,1,1,50,6480,-1851504,-12151,-33547,1606639,290950,-225019,28877,1851488,0.0247192,-7.0629272,0
3057,1779177365052883865,1,1,50,6048,1851488,-13232,-35122,1602544,293231,-219771,28445,-1851504,0.0230713,7.0628662,0
3058,1779177365057850738,1,1,50,7856,-1851504,-12966,-35724,1596906,295194,-217325,30242,1851488,0.0299683,-7.0629272,0
3059,1779177365062937325,1,1,50,7856,-1851504,-12808,-35861,1592278,297042,-216249,30242,-1851504,0.0299683,-7.0629272,0
3060,1779177365067811523,1,1,50,8240,1851488,-12550,-36432,1589192,298739,-217684,30625,-1851504,0.0314331,7.0628662,0
3061,1779177365072819068,1,1,50,9568,-1851504,-12398,-36559,1585157,300541,-218741,31958,1851488,0.0364990,-7.0629272,0
3062,1779177365077805044,1,1,50,10672,1851488,-12130,-37154,1579816,302355,-219720,33064,-1851504,0.0407104,7.0628662,0
3063,1779177365082796013,1,1,50,57168,-1851504,-13820,-38787,1575068,304233,-218024,34807,1851488,0.2180786,-7.0629272,0
3064,1779177365087799910,1,1,50,13520,1851488,-13598,-39324,1572101,306068,-211297,35906,-1851504,0.0515747,7.0628662,0
3065,1779177365092794879,1,1,50,14832,1851488,-13490,-39311,1568303,307708,-197743,37231,1851488,0.0565796,7.0628662,0
3066,1779177365097807736,1,1,50,14848,-1851504,-13259,-39692,1562725,308857,-178780,37246,1851488,0.0566406,-7.0629272,0
3067,1779177365102817746,1,1,50,15520,1851488,-14781,-41546,1557800,309408,-155662,37919,-1851504,0.0592041,7.0628662,0
3068,1779177365107804138,1,1,50,15056,1851488,-14607,-41668,1554120,309189,-130026,37453,1851488,0.0574341,7.0628662,0
3069,1779177365112799171,1,1,50,14512,1851488,-14552,-41122,1550382,308141,-102060,36911,1851488,0.0553589,7.0628662,0
3070,1779177365117801692,1,1,50,12768,1851488,-14368,-40963,1546050,306130,-73191,35167,1851488,0.0487061,7.0628662,0
3071,1779177365122787445,1,1,50,11552,1851488,-14308,-40112,1541540,303204,-44506,33947,1851488,0.0440674,7.0628662,0
3072,1779177365127800750,1,1,50,8960,1851488,-14250,-39114,1536436,299272,-18146,31351,1851488,0.0341797,7.0628662,0
3073,1779177365132936362,1,1,50,7408,1851488,-15288,-41963,1530561,294398,6595,29807,1851488,0.0282593,7.0628662,0
3074,1779177365137795008,1,1,50,6416,1851488,-15334,-40697,1525043,289100,29761,28804,1851488,0.0244751,7.0628662,0
3075,1779177365143112161,1,1,50,3696,1851488,-15222,-39857,1521007,282502,52707,26092,1851488,0.0140991,7.0628662,0
3076,1779177365147796082,1,1,50,1568,1851488,-15274,-38360,1517269,276061,75937,23965,1851488,0.0059814,7.0628662,0
3077,1779177365152817036,1,1,50,-1744,1851488,-16395,-36036,1511631,268391,99473,20640,1851488,-0.0066528,7.0628662,0
3078,1779177365157820837,1,1,50,-4272,1851488,-16393,-34255,1505222,260063,123094,18124,1851488,-0.0162964,7.0628662,0
3079,1779177365162796733,1,1,50,36672,1851488,-16254,-32927,1499941,251038,145132,14312,1851488,0.1398926,7.0628662,0
3080,1779177365167794230,1,1,50,33760,1851488,-16254,-30904,1495668,241360,166120,11407,1851488,0.1287842,7.0628662,0
3081,1779177365172805743,1,1,50,29792,1851488,-16109,-29371,1491455,231018,185586,7424,1851488,0.1136475,7.0628662,0
3082,1779177365177807560,1,1,50,27200,1851488,-16114,-27116,1486945,220218,205314,4846,1851488,0.1037598,7.0628662,0
3083,1779177365182809377,1,1,50,23264,1851488,-17387,-26878,1481604,208862,224338,908,1851488,0.0887451,7.0628662,0
3084,1779177365187795130,1,1,50,21536,1851488,-17431,-24399,1476026,197169,243507,-834,1851488,0.0821533,7.0628662,0
3085,1779177365192806803,1,1,50,16912,1851488,-17321,-22460,1470329,184864,259390,-5458,1851488,0.0645142,7.0628662,0
3086,1779177365197801228,1,1,50,13920,1851488,-17214,-20442,1464869,172272,273307,-8448,1851488,0.0531006,7.0628662,0
3087,1779177365202900647,1,1,50,9440,1851488,-18461,-16430,1459588,159050,283549,-12933,1851488,0.0360107,7.0628662,0
3088,1779177365207820510,1,1,50,5056,1851488,-18476,-13666,1454781,146069,292054,-17327,1851488,0.0192871,7.0628662,0
3089,1779177365212801943,1,1,50,1728,1851488,-18330,-11496,1448847,132816,297713,-20648,1851488,0.0065918,7.0628662,0
3090,1779177365217568298,1,1,50,-1056,1851488,-18192,-9383,1441785,120154,301859,-23437,1851488,-0.0040283,7.0628662,0
3091,1779177365222799657,1,1,50,-4848,1851488,-18197,-6433,1435198,106242,298154,-27225,1851488,-0.0184937,7.0628662,0
3092,1779177365227848579,1,1,50,-9280,1851488,-18044,-4258,1429204,93012,292406,-31663,1851488,-0.0354004,7.0628662,0
3093,1779177365232827292,1,1,50,-11024,-1851504,-20026,-140,1423211,80373,285441,-33399,1851488,-0.0420532,-7.0629272,0
3094,1779177365237796244,1,1,50,-13520,1851488,-19849,1974,1416387,68140,276640,-35897,-1851504,-0.0515747,7.0628662,0
3095,1779177365242800685,1,1,50,-14928,-1851504,-19847,4766,1409503,56313,266826,-37311,1851488,-0.0569458,-7.0629272,0
3096,1779177365247782597,1,1,50,-16592,-1851504,-19662,6788,1402856,45034,255716,-38970,-1851504,-0.0632935,-7.0629272,0
3097,1779177365252836544,1,1,50,-19056,-1851504,-21053,10966,1396507,34059,241715,-41434,-1851504,-0.0726929,-7.0629272,0
3098,1779177365257799608,1,1,50,-22576,1851488,-20808,12850,1390513,23742,226294,-44945,-1851504,-0.0861206,7.0628662,0
3099,1779177365262635085,1,1,50,-25568,-1851504,-20758,15414,1383629,14380,212951,-47944,1851488,-0.0975342,-7.0629272,0
3100,1779177365267795658,1,1,50,-28528,1851488,-20492,17208,1376864,4643,193576,-50905,-1851504,-0.1088257,7.0628662,0
3101,1779177365272801155,1,1,50,-30288,1851488,-20651,20487,1370099,-4114,176838,-52662,1851488,-0.1155396,7.0628662,0
3102,1779177365278111619,1,1,50,-31856,1851488,-20141,21316,1363987,-12661,156110,-54227,1851488,-0.1215210,7.0628662,0
3103,1779177365282902039,1,1,50,-31056,1851488,-21218,22578,1357993,-19656,135029,-53436,1851488,-0.1184692,7.0628662,0
3104,1779177365287802350,1,1,50,-75424,1851488,-20967,23949,1352415,-26040,107978,-53048,1851488,-0.2877197,7.0628662,0
3105,1779177365292797095,1,1,50,-75616,1851488,-20926,26089,1346778,-31662,76774,-53236,1851488,-0.2884521,7.0628662,0
3106,1779177365297805408,1,1,50,-74672,1851488,-20660,27226,1340191,-36254,44637,-52293,1851488,-0.2848511,7.0628662,0
3107,1779177365302841050,1,1,50,-66464,1851488,-21439,29975,1333070,-39347,16751,-44085,1851488,-0.2535400,7.0628662,0
3108,1779177365307814354,1,1,50,-64032,1851488,-21115,30875,1325771,-41429,-11589,-41648,1851488,-0.2442627,7.0628662,0
3109,1779177365312844268,1,1,50,-60096,1851488,-21016,32647,1318946,-42475,-38825,-37717,1851488,-0.2292480,7.0628662,0
3110,1779177365317801060,1,1,50,-51792,1851488,-20665,33359,1312359,-42238,-61299,-29420,1851488,-0.1975708,7.0628662,0
3111,1779177365322798173,1,1,50,-50784,1851488,-20294,33974,1306009,-41367,-85687,-28414,1851488,-0.1937256,7.0628662,0
3112,1779177365327804534,1,1,50,-49984,1851488,-19901,34467,1299600,-39849,-111177,-27604,1851488,-0.1906738,7.0628662,0
3113,1779177365332803407,1,1,50,-45936,1851488,-20839,34532,1291293,-37473,-134382,-23557,1851488,-0.1752319,7.0628662,0
3114,1779177365337801672,1,1,50,-29152,1851488,-20454,34922,1282688,-33479,-147307,-6770,1851488,-0.1112061,7.0628662,0
3115,1779177365342800193,1,1,50,-30832,1851488,-20047,35239,1273787,-29407,-165529,-8449,1851488,-0.1176147,7.0628662,0
3116,1779177365347816186,1,1,50,-34560,1851488,-19615,35459,1265301,-25258,-187694,-12177,1851488,-0.1318359,7.0628662,0
3117,1779177365352816499,1,1,50,-33168,1851488,-20230,35181,1258120,-20627,-208743,-10794,1851488,-0.1265259,7.0628662,0
3118,1779177365357820076,1,1,50,-23488,1851488,-19772,35271,1251830,-14989,-224224,-1114,1851488,-0.0895996,7.0628662,0
3119,1779177365362818629,1,1,50,-19840,1851488,-19284,35282,1245539,-8928,-240832,2559,1851488,-0.0756836,7.0628662,0
3120,1779177365367801854,1,1,50,-20304,1851488,-19094,36487,1238537,-2725,-260570,2093,1851488,-0.0774536,7.0628662,0
3121,1779177365372815671,1,1,50,33408,1851488,-18552,36392,1231772,4370,-274800,11041,1851488,0.1274414,7.0628662,0
3122,1779177365377813168,1,1,50,32704,1851488,-18336,37564,1225066,11488,-290447,10343,1851488,0.1247559,7.0628662,0
3123,1779177365382896299,1,1,50,31888,1851488,-18696,35294,1219013,18853,-304431,9521,1851488,0.1216431,7.0628662,0
3124,1779177365387859811,1,1,50,27888,1851488,-18117,35058,1213020,25796,-320434,5531,1851488,0.1063843,7.0628662,0
3125,1779177365392809659,1,1,50,21024,1851488,-17514,34735,1206908,32389,-337796,-1359,1851488,0.0802002,7.0628662,0
3126,1779177365398631176,1,1,50,20864,1851488,-16715,34080,1199312,40307,-348096,-1506,1851488,0.0795898,7.0628662,0
3127,1779177365403160181,1,1,50,24016,1851488,-17741,34868,1192487,46417,-358340,1654,1851488,0.0916138,7.0628662,0
3128,1779177365407838183,1,1,50,24192,1851488,-16777,33184,1186316,52935,-359985,1836,1851488,0.0922852,7.0628662,0
3129,1779177365412806303,1,1,50,20704,1851488,-16112,32778,1178364,59395,-359213,-1670,1851488,0.0789795,7.0628662,0
3130,1779177365417796215,1,1,50,20384,1851488,-15423,32391,1170353,65575,-354266,-1992,1851488,0.0777588,7.0628662,0
3131,1779177365422807633,1,1,50,4544,1851488,-14715,32073,1163528,71571,-343877,367,1851488,0.0173340,7.0628662,0
3132,1779177365427802474,1,1,50,27424,1851488,-13983,31816,1156170,77370,-327348,5064,1851488,0.1046143,7.0628662,0
3133,1779177365432832771,1,1,50,-35856,1851488,-14212,32372,1149701,81350,-321345,-13483,1851488,-0.1367798,7.0628662,0
3134,1779177365437807260,1,1,50,-31584,1851488,-13447,32211,1143352,85254,-306643,-9211,1851488,-0.1204834,7.0628662,0
3135,1779177365442825685,1,1,50,-35952,1851488,-12654,32075,1136883,88390,-292431,-13579,1851488,-0.1371460,7.0628662,0
3136,1779177365447807182,1,1,50,-35584,1851488,-11861,32044,1131068,91065,-274852,-13211,1851488,-0.1357422,7.0628662,0
3137,1779177365452846376,1,1,50,-40384,1851488,-11992,31052,1125371,92924,-257972,-18006,1851488,-0.1540527,7.0628662,0
3138,1779177365457832192,1,1,50,-21984,1851488,-11204,31228,1119971,95511,-226621,415,1851488,-0.0838623,7.0628662,0
3139,1779177365462835289,1,1,50,-26544,1851488,-10400,31515,1114452,96988,-202356,-4171,1851488,-0.1012573,7.0628662,0
3140,1779177365467818034,1,1,50,-14896,1851488,-9582,31930,1109467,98623,-173129,7503,1851488,-0.0568237,7.0628662,0
3141,1779177365472839915,1,1,50,-5552,1851488,-8744,32509,1103414,100164,-143473,16838,1851488,-0.0211792,7.0628662,0
3142,1779177365477806564,1,1,50,48,1851488,-7903,33232,1097124,101334,-115524,22442,1851488,0.0001831,7.0628662,0
3143,1779177365482832509,1,1,50,-1184,1851488,-8333,35672,1090952,101757,-90933,21206,1851488,-0.0045166,7.0628662,0
3144,1779177365488044859,1,1,50,7008,1851488,-7420,36656,1083950,101596,-66105,29397,1851488,0.0267334,7.0628662,0
3145,1779177365493051829,1,1,50,14048,1851488,-6167,36468,1077066,101433,-37494,36432,1851488,0.0535889,7.0628662,0
3146,1779177365498015917,1,1,50,17072,1851488,-5294,37814,1069530,101312,-6717,39456,1851488,0.0651245,7.0628662,0
3147,1779177365502940420,1,1,50,3360,1851488,-5219,39660,1062053,99635,8787,25757,1851488,0.0128174,7.0628662,0
3148,1779177365507821466,1,1,50,-8832,1851488,-3975,39736,1054991,96898,15595,13554,1851488,-0.0336914,7.0628662,0
3149,1779177365512849748,1,1,50,-13552,1851488,-3071,41255,1048285,93697,21142,8834,1851488,-0.0516968,7.0628662,0
3150,1779177365517843276,1,1,50,-20384,1851488,-2180,42820,1041401,90046,23174,2010,1851488,-0.0777588,7.0628662,0
3151,1779177365522820133,1,1,50,-17584,1851488,-1289,44418,1034992,86664,27581,4803,1851488,-0.0670776,7.0628662,0
3152,1779177365527841630,1,1,50,-22640,1851488,-6,44552,1028999,82930,26717,-257,1851488,-0.0863647,7.0628662,0
3153,1779177365532826007,1,1,50,-21392,1851488,-368,45632,1022886,79444,26088,1001,1851488,-0.0816040,7.0628662,0
3154,1779177365537819408,1,1,50,-30160,1851488,507,47237,1016893,75497,19103,-7776,1851488,-0.1150513,7.0628662,0
3155,1779177365542817065,1,1,50,-25392,1851488,1386,48850,1011255,72131,17467,-3013,1851488,-0.0968628,7.0628662,0
3156,1779177365547833986,1,1,50,-25024,-1851504,2266,50499,1005677,68921,16590,-2651,1851488,-0.0954590,-7.0629272,0
3157,1779177365552851356,1,1,50,14496,1851488,2089,52600,999921,65487,13367,-7877,-1851504,0.0552979,7.0628662,0
3158,1779177365557845556,1,1,50,-34160,1851488,3383,52652,994580,61989,10524,-11784,1851488,-0.1303101,7.0628662,0
3159,1779177365562852878,1,1,50,-40848,1851488,4262,54292,988705,58214,6842,-18473,1851488,-0.1558228,7.0628662,0
3160,1779177365567908680,1,1,50,-43456,1851488,5152,55945,983008,54433,5981,-21077,1851488,-0.1657715,7.0628662,0
3161,1779177365572988099,1,1,50,-48080,-1851504,6046,57613,976955,50474,6162,-25708,1851488,-0.1834106,-7.0629272,0
3162,1779177365577846488,1,1,50,-50544,1851488,7296,57659,971021,46662,9528,-28170,-1851504,-0.1928101,7.0628662,0
3163,1779177365582832849,1,1,50,-51808,-1851504,7245,59553,964493,42737,13720,-29429,1851488,-0.1976318,-7.0629272,0
3164,1779177365587821994,1,1,50,-51808,1851488,7637,63027,957788,38397,14693,-29429,-1851504,-0.1976318,7.0628662,0
3165,1779177365592961702,1,1,50,-56512,-1851504,8972,63114,951023,34071,17037,-34130,1851488,-0.2155762,-7.0629272,0
3166,1779177365597653848,1,1,50,-64704,1851488,9728,64967,943783,30387,23938,-42331,-1851504,-0.2468262,7.0628662,0
3167,1779177365602847637,1,1,50,-34752,1851488,10021,68221,937493,24770,11456,-57132,1851488,-0.1325684,7.0628662,0
3168,1779177365607819822,1,1,50,-52624,-1851504,11301,68198,930965,18703,-4596,-74999,1851488,-0.2007446,-7.0629272,0
3169,1779177365612842663,1,1,50,-102224,-1851504,12115,69843,924378,11861,-26852,-94813,-1851504,-0.3899536,-7.0629272,0
3170,1779177365617813760,1,1,50,-79856,-1851504,12891,71423,918444,5294,-44723,-102236,-1851504,-0.3046265,-7.0629272,0
3171,1779177365622841721,1,1,50,-79856,-1851504,13660,72956,913459,-775,-58039,-102236,-1851504,-0.3046265,-7.0629272,0
3172,1779177365627819666,1,1,50,-79856,-1851504,14871,72614,909780,-6314,-68852,-102236,-1851504,-0.3046265,-7.0629272,0
3173,1779177365632877740,1,1,50,-79856,-1851504,14766,75656,905210,-11532,-81100,-102236,-1851504,-0.3046265,-7.0629272,0
3174,1779177365637838052,1,1,50,-79856,-1851504,15488,77063,902540,-16232,-93293,-102236,-1851504,-0.3046265,-7.0629272,0
3175,1779177365642831741,1,1,50,-79856,-1851504,16201,78427,900107,-20563,-107726,-102236,-1851504,-0.3046265,-7.0629272,0
3176,1779177365647860023,1,1,50,-79856,-1851504,17409,77804,897555,-24496,-123955,-102236,-1851504,-0.3046265,-7.0629272,0
3177,1779177365652888624,1,1,50,-79856,1851488,17375,81293,893579,-27988,-140946,-102236,-1851504,-0.3046265,7.0628662,0
3178,1779177365657852968,1,1,50,-79856,1851488,18567,80509,888238,-31007,-157877,-102236,1851488,-0.3046265,7.0628662,0
3179,1779177365662821857,1,1,50,-79856,1851488,19265,81579,882126,-33621,-175576,-102236,1851488,-0.3046265,7.0628662,0
3180,1779177365667773272,1,1,50,-79856,1851488,19945,82575,876429,-35824,-193136,-102236,1851488,-0.3046265,7.0628662,0
3181,1779177365672796498,1,1,50,-79856,1851488,20625,83499,872335,-37671,-210882,-102236,1851488,-0.3046265,7.0628662,0
3182,1779177365677825868,1,1,50,-79856,1851488,21798,82355,869071,-39142,-227405,-102236,1851488,-0.3046265,7.0628662,0
3183,1779177365682832773,1,1,50,-79856,1851488,21154,84993,866994,-40267,-242609,-102236,1851488,-0.3046265,7.0628662,0
3184,1779177365687819262,1,1,50,-79856,1851488,21809,85727,862721,-41091,-257181,-102236,1851488,-0.3046265,7.0628662,0
3185,1779177365692826487,1,1,50,-79856,-1851504,22454,86414,859695,-41643,-272088,-102236,1851488,-0.3046265,-7.0629272,0
3186,1779177365697903954,1,1,50,-79856,-1851504,23650,84952,857380,-41929,-288081,-102236,-1851504,-0.3046265,-7.0629272,0
3187,1779177365703002381,1,1,50,-102224,-1851504,23285,88256,855897,-41932,-305025,-102236,-1851504,-0.3899536,-7.0629272,0
3188,1779177365707801377,1,1,50,-102224,-1851504,24441,86718,855125,-41662,-320498,-102236,-1851504,-0.3899536,-7.0629272,0
3189,1779177365712815034,1,1,50,-102224,-1851504,25111,87113,855303,-41129,-339112,-102236,-1851504,-0.3899536,-7.0629272,0
3190,1779177365717798003,1,1,50,-102224,-1851504,25774,87434,855897,-40305,-356723,-102236,-1851504,-0.3899536,-7.0629272,0
3191,1779177365722799340,1,1,50,-102224,-1851504,26975,85568,856193,-39214,-373209,-102236,-1851504,-0.3899536,-7.0629272,0
3192,1779177365727816517,1,1,50,-102224,-1851504,27647,85736,853760,-37898,-387918,-102236,-1851504,-0.3899536,-7.0629272,0
3193,1779177365732810974,1,1,50,-79856,-1851504,26349,87370,848420,-36423,-400268,-102236,-1851504,-0.3046265,-7.0629272,0
3194,1779177365737812471,1,1,50,-79856,-1851504,27543,85315,840586,-34846,-410906,-102236,-1851504,-0.3046265,-7.0629272,0
3195,1779177365742806960,1,1,50,-102224,-1851504,28160,85357,830914,-33217,-420315,-102236,-1851504,-0.3899536,-7.0629272,0
3196,1779177365747816105,1,1,50,-79856,-1851504,28748,85394,821063,-31558,-429160,-102236,-1851504,-0.3046265,-7.0629272,0
3197,1779177365752859555,1,1,50,-79856,-1851504,28507,84287,811865,-29873,-437518,-102236,-1851504,-0.3046265,-7.0629272,0
3198,1779177365757910686,1,1,50,-79856,-1851504,29644,82038,807711,-28153,-445243,-102236,-1851504,-0.3046265,-7.0629272,0
3199,1779177365762827669,1,1,50,-79856,-1851504,30192,82011,808897,-26426,-451865,-102236,-1851504,-0.3046265,-7.0629272,0
3200,1779177365767820685,1,1,50,-79856,815200,30763,81894,814001,-24609,-459517,-102236,-1851504,-0.3046265,3.1097412,0
3201,1779177365772830119,1,1,50,-79856,-1851504,31337,81760,822071,-22687,-467740,-102236,815200,-0.3046265,-7.0629272,0
3202,1779177365777828320,1,1,50,-79856,1851488,32495,79379,831329,-20653,-476281,-102236,-1851504,-0.3046265,7.0628662,0
3203,1779177365782842905,1,1,50,-102224,-1851504,31129,81410,839578,-18498,-485125,-102236,1851488,-0.3899536,-7.0629272,0
3204,1779177365787758992,1,1,50,-102224,1851488,32292,78984,837738,-16346,-493474,-102236,-1851504,-0.3899536,7.0628662,0
3205,1779177365792795914,1,1,50,-102224,-1851504,32870,78677,827650,-14180,-503243,-102236,1851488,-0.3899536,-7.0629272,0
3206,1779177365797806243,1,1,50,-102224,-1851504,33412,78345,814832,-12068,-513413,-102236,-1851504,-0.3899536,-7.0629272,0
3207,1779177365802823292,1,1,50,-102224,-1851504,33715,77011,800352,-10009,-523602,-102236,-1851504,-0.3899536,-7.0629272,0
3208,1779177365807821045,1,1,50,-102224,-1851504,34795,74350,786229,-8017,-532504,-102236,-1851504,-0.3899536,-7.0629272,0
3209,1779177365812838895,1,1,50,-102224,-1851504,35283,73874,774301,-6079,-539583,-102236,-1851504,-0.3899536,-7.0629272,0
3210,1779177365817829832,1,1,50,-102224,-1851504,35747,73408,773173,-4143,-544303,-102236,-1851504,-0.3899536,-7.0629272,0
3211,1779177365822834977,1,1,50,-102224,-1851504,36794,70679,778929,-2166,-545435,-102236,-1851504,-0.3899536,-7.0629272,0
3212,1779177365827974461,1,1,50,-102224,-1851504,37298,70156,789967,-101,-542024,-102236,-1851504,-0.3899536,-7.0629272,0
3213,1779177365832814226,1,1,50,-102224,-1851504,37190,69956,803972,1833,-532239,-102236,-1851504,-0.3899536,-7.0629272,0
3214,1779177365837811307,1,1,50,-79856,1851488,37697,69607,816375,3707,-521751,-102236,-1851504,-0.3046265,7.0628662,0
3215,1779177365842833605,1,1,50,-102224,-1851504,38198,69280,811924,5292,-511011,-102236,1851488,-0.3899536,-7.0629272,0
3216,1779177365847888415,1,1,50,-102224,-1851504,38672,69014,802370,6547,-501941,-102236,-1851504,-0.3899536,-7.0629272,0
3217,1779177365852845655,1,1,50,-102224,-1851504,38904,67603,794774,7507,-496195,-102236,-1851504,-0.3899536,-7.0629272,0
3218,1779177365857841904,1,1,50,-102224,-1851504,39930,65117,788009,8275,-497629,-102236,-1851504,-0.3899536,-7.0629272,0
3219,1779177365862818440,1,1,50,-102224,-1851504,40351,64858,783261,8982,-507919,-102236,-1851504,-0.3899536,-7.0629272,0
3220,1779177365867814177,1,1,50,-102224,-1851504,40752,64509,780947,9798,-526878,-102236,-1851504,-0.3899536,-7.0629272,0
3221,1779177365872848091,1,1,50,-79856,-1851504,41744,61743,782015,10889,-549593,-102236,-1851504,-0.3046265,-7.0629272,0
3222,1779177365877830195,1,1,50,-79856,-1851504,42127,61219,786110,12315,-567711,-102236,-1851504,-0.3046265,-7.0629272,0
3223,1779177365882871501,1,1,50,-102224,1851488,42345,59999,792104,14045,-577090,-102236,-1851504,-0.3899536,7.0628662,0
3224,1779177365887802373,1,1,50,-102224,-1851504,42711,59487,796495,15854,-577209,-102236,1851488,-0.3899536,-7.0629272,0
3225,1779177365892832030,1,1,50,-102224,1851488,43064,58997,793053,17579,-572570,-102236,-1851504,-0.3899536,7.0628662,0
3226,1779177365897813271,1,1,50,-102224,-1851504,43368,58629,786881,19065,-565144,-102236,1851488,-0.3899536,-7.0629272,0
3227,1779177365902833264,1,1,50,-102224,-1851504,42881,59045,782312,20325,-557703,-102236,-1851504,-0.3899536,-7.0629272,0
3228,1779177365907440896,1,1,50,-102224,-1851504,43763,56513,780472,21301,-549398,-102236,-1851504,-0.3899536,-7.0629272,0
3229,1779177365912835362,1,1,50,-102224,-1851504,44758,53557,780235,22253,-548127,-102236,-1851504,-0.3899536,-7.0629272,0
3230,1779177365917813211,1,1,50,-102224,-1851504,44973,53425,780354,23068,-546178,-102236,-1851504,-0.3899536,-7.0629272,0
3231,1779177365922820628,1,1,50,-102224,-1851504,45148,53372,778811,23803,-547916,-102236,-1851504,-0.3899536,-7.0629272,0
3232,1779177365927812653,1,1,50,-102224,-1851504,46033,50618,776912,24507,-551650,-102236,-1851504,-0.3899536,-7.0629272,0
3233,1779177365932842311,1,1,50,-102224,-1851504,46275,49627,774479,25214,-554776,-102236,-1851504,-0.3899536,-7.0629272,0
3234,1779177365937836671,1,1,50,-102224,-1851504,46413,49588,772164,25904,-555526,-102236,-1851504,-0.3899536,-7.0629272,0
3235,1779177365942854809,1,1,50,-102224,-1851504,46524,49575,769613,26546,-555589,-102236,-1851504,-0.3899536,-7.0629272,0
3236,1779177365947809329,1,1,50,-102224,-1851504,47351,46819,767595,27128,-556128,-102236,-1851504,-0.3899536,-7.0629272,0
3237,1779177365952903596,1,1,50,-102224,-1851504,47154,46934,765874,27686,-558729,-102236,-1851504,-0.3899536,-7.0629272,0
3238,1779177365957821347,1,1,50,-102224,-1851504,47941,44173,764747,28225,-561544,-102236,-1851504,-0.3899536,-7.0629272,0
3239,1779177365962818780,1,1,50,-102224,1851488,47959,44277,762966,28770,-565741,-102236,-1851504,-0.3899536,7.0628662,0
3240,1779177365967777204,1,1,50,-102224,-1851504,47947,44395,761898,29335,-569795,-102236,1851488,-0.3899536,-7.0629272,0
3241,1779177365972831054,1,1,50,-102224,-1851504,48724,41495,761483,29941,-573861,-102236,-1851504,-0.3899536,-7.0629272,0
3242,1779177365977822215,1,1,50,-102224,-1851504,48709,41539,761483,30573,-576480,-102236,-1851504,-0.3899536,-7.0629272,0
3243,1779177365983455343,1,1,50,-102224,-1851504,48899,38888,761067,31292,-580764,-102236,-1851504,-0.3899536,-7.0629272,0
3244,1779177365987832825,1,1,50,-102224,-1851504,48748,39380,760652,31873,-576821,-102236,-1851504,-0.3899536,-7.0629272,0
3245,1779177365992853619,1,1,50,-102224,-1851504,48670,39502,760474,32449,-576507,-102236,-1851504,-0.3899536,-7.0629272,0
3246,1779177365997835563,1,1,50,-102224,-1851504,49380,36641,759821,32981,-574414,-102236,-1851504,-0.3899536,-7.0629272,0
3247,1779177366002846181,1,1,50,-102224,-1851504,49164,37377,758160,33438,-571730,-102236,-1851504,-0.3899536,-7.0629272,0
3248,1779177366007818365,1,1,50,-102224,1851488,49844,34546,756320,33807,-569384,-102236,-1851504,-0.3899536,7.0628662,0
3249,1779177366013336418,1,1,50,-79856,1851488,49798,34393,754421,34131,-570910,-102236,1851488,-0.3046265,7.0628662,0
3250,1779177366018123189,1,1,50,-79856,1851488,49626,34688,752047,34391,-569329,-102236,1851488,-0.3046265,7.0628662,0
3251,1779177366022829223,1,1,50,-79856,1851488,50236,32012,751217,34603,-568774,-102236,1851488,-0.3046265,7.0628662,0
3252,1779177366027939618,1,1,50,-79856,1851488,50105,32055,752463,34830,-570379,-102236,1851488,-0.3046265,7.0628662,0
3253,1779177366032911674,1,1,50,-79856,1851488,49785,32313,754302,35088,-569657,-102236,1851488,-0.3046265,7.0628662,0
3254,1779177366037816049,1,1,50,-79856,1851488,49608,32463,755489,35333,-567420,-102236,1851488,-0.3046265,7.0628662,0
3255,1779177366042832042,1,1,50,-79856,1851488,49427,32561,756557,35552,-564267,-102236,1851488,-0.3046265,7.0628662,0
3256,1779177366047862691,1,1,50,-79856,1851488,50058,29745,757744,35728,-559767,-102236,1851488,-0.3046265,7.0628662,0
3257,1779177366052838715,1,1,50,-79024,1851488,50116,29044,759109,35895,-553933,-101401,1851488,-0.3014526,7.0628662,0
3258,1779177366057812244,1,1,50,-77936,1851488,50693,26317,759881,36044,-548364,-100317,1851488,-0.2973022,7.0628662,0
3259,1779177366062833485,1,1,50,-76304,1851488,51236,23584,758990,36196,-544266,-98681,1851488,-0.2910767,7.0628662,0
3260,1779177366067661185,1,1,50,-74192,1851488,51020,23797,756142,36370,-541040,-96572,1851488,-0.2830200,7.0628662,0
3261,1779177366072843486,1,1,50,-72656,1851488,50826,23791,755014,36587,-542067,-95026,1851488,-0.2771606,7.0628662,0
3262,1779177366078620170,1,1,50,-71744,1851488,50681,23421,756735,36925,-546519,-94114,1851488,-0.2736816,7.0628662,0
3263,1779177366082944242,1,1,50,-71072,1851488,50871,22813,758456,37241,-544295,-93445,1851488,-0.2711182,7.0628662,0
3264,1779177366087920842,1,1,50,-70736,1851488,50650,22823,759999,37638,-545455,-93109,1851488,-0.2698364,7.0628662,0
3265,1779177366092842881,1,1,50,-70368,1851488,51143,20140,760949,38065,-544971,-92742,1851488,-0.2684326,7.0628662,0
3266,1779177366097815417,1,1,50,-69168,1851488,50913,20143,762314,38561,-543083,-91546,1851488,-0.2638550,7.0628662,0
3267,1779177366102828690,1,1,50,-68080,1851488,51313,15956,763144,39088,-540173,-90460,1851488,-0.2597046,7.0628662,0
3268,1779177366107820459,1,1,50,-65584,1851488,51723,13282,763916,39713,-535637,-87964,1851488,-0.2501831,7.0628662,0
3269,1779177366112836452,1,1,50,-62752,1851488,51449,13307,764509,40432,-530844,-85123,1851488,-0.2393799,7.0628662,0
3270,1779177366117839485,1,1,50,-62752,1851488,51829,10661,764272,41038,-528800,-85123,1851488,-0.2393799,7.0628662,0
3271,1779177366122842837,1,1,50,-61008,1851488,51540,10706,761542,41663,-528377,-83377,1851488,-0.2327271,7.0628662,0
3272,1779177366128053747,1,1,50,-59440,1851488,51237,10679,759703,42359,-530110,-81809,1851488,-0.2267456,7.0628662,0
3273,1779177366133066156,1,1,50,-58384,1851488,50373,14556,760593,43099,-532005,-80767,1851488,-0.2227173,7.0628662,0
3274,1779177366137841728,1,1,50,-59728,1851488,49979,14839,762610,43740,-534376,-82108,1851488,-0.2278442,7.0628662,0
3275,1779177366142838744,1,1,50,-61600,1851488,50397,12154,764094,44314,-537335,-83980,1851488,-0.2349854,7.0628662,0
3276,1779177366147812176,1,1,50,-62112,1851488,49999,12352,765755,44891,-537984,-84495,1851488,-0.2369385,7.0628662,0
3277,1779177366153055919,1,1,50,-62096,1851488,49999,10196,768070,45513,-537243,-84471,1851488,-0.2368774,7.0628662,0
3278,1779177366157848387,1,1,50,-61088,1851488,51089,4692,769850,46126,-532015,-83463,1851488,-0.2330322,7.0628662,0
3279,1779177366162934781,1,1,50,-58144,1851488,50678,4973,771808,46882,-525538,-80514,1851488,-0.2218018,7.0628662,0
3280,1779177366168553349,1,1,50,-55952,1851488,50270,5081,773233,47744,-520511,-78326,1851488,-0.2134399,7.0628662,0
3281,1779177366172901870,1,1,50,-55024,1851488,49748,5953,772699,48354,-514473,-77398,1851488,-0.2098999,7.0628662,0
3282,1779177366177843045,1,1,50,-55424,1851488,49248,6533,770859,48879,-514222,-77799,1851488,-0.2114258,7.0628662,0
3283,1779177366182842494,1,1,50,-56432,1851488,49743,5981,771096,49318,-516669,-78815,1851488,-0.2152710,7.0628662,0
3284,1779177366187836502,1,1,50,-57616,1851488,49253,6524,773114,49723,-520455,-79995,1851488,-0.2197876,7.0628662,0
3285,1779177366192822607,1,1,50,-58464,1851488,48751,7043,774479,50130,-524244,-80838,1851488,-0.2230225,7.0628662,0
3286,1779177366197863337,1,1,50,-102224,-1851504,49091,4386,775369,50578,-527082,-81075,1851488,-0.3899536,-7.0629272,0
3287,1779177366204061662,1,1,50,-102224,-1851504,48922,2633,776912,51264,-530925,-80034,-1851504,-0.3899536,-7.0629272,0
3288,1779177366208123648,1,1,50,-100224,-1851504,48340,3533,778158,51749,-525390,-77848,-1851504,-0.3823242,-7.0629272,0
3289,1779177366212829298,1,1,50,-98640,-1851504,48619,1085,779048,52447,-520152,-76271,-1851504,-0.3762817,-7.0629272,0
3290,1779177366217837931,1,1,50,-97184,-1851504,48096,1522,779523,53176,-514836,-74807,-1851504,-0.3707275,-7.0629272,0
3291,1779177366222839075,1,1,50,-51632,-1851504,47574,1946,779820,53842,-509045,-74011,-1851504,-0.1969604,-7.0629272,0
3292,1779177366227922366,1,1,50,-51616,-1851504,47860,-617,778870,54383,-504068,-73989,-1851504,-0.1968994,-7.0629272,0
3293,1779177366232831029,1,1,50,-51280,1851488,47437,1360,777565,54811,-499226,-73651,-1851504,-0.1956177,7.0628662,0
3294,1779177366237506214,1,1,50,-51696,1851488,47698,-954,778277,55113,-494800,-74074,1851488,-0.1972046,7.0628662,0
3295,1779177366242835046,1,1,50,-96464,-1851504,47196,-629,780176,55391,-492125,-74090,1851488,-0.3679810,-7.0629272,0
3296,1779177366248042052,1,1,50,-51664,1851488,46681,-248,781659,55628,-488483,-74042,-1851504,-0.1970825,7.0628662,0
3297,1779177366252859096,1,1,50,-96448,1851488,46980,-4835,783440,55801,-484155,-74077,1851488,-0.3679199,7.0628662,0
3298,1779177366257859089,1,1,50,-94864,1851488,46416,-4312,785991,56037,-480610,-72495,1851488,-0.3618774,7.0628662,0
3299,1779177366262847561,1,1,50,-93280,1851488,46614,-6693,789255,56347,-477339,-70899,1851488,-0.3558350,7.0628662,0
3300,1779177366267841730,1,1,50,-91616,1851488,46044,-6122,791035,56721,-474373,-69235,1851488,-0.3494873,7.0628662,0
3301,1779177366272844731,1,1,50,-90736,1851488,45470,-5566,792341,57103,-472368,-68358,1851488,-0.3461304,7.0628662,0
3302,1779177366277841491,1,1,50,-90672,1851488,45655,-7924,794002,57459,-471911,-68296,1851488,-0.3458862,7.0628662,0
3303,1779177366283622079,1,1,50,-90384,1851488,45158,-6760,795842,57890,-474305,-68012,1851488,-0.3447876,7.0628662,0
3304,1779177366288044266,1,1,50,-90464,1851488,44558,-5908,796970,58244,-472909,-68091,1851488,-0.3450928,7.0628662,0
3305,1779177366292827901,1,1,50,-90992,1851488,44736,-8172,798453,58574,-473172,-68618,1851488,-0.3471069,7.0628662,0
3306,1779177366297840950,1,1,50,-90944,1851488,44159,-7598,800530,58937,-472884,-68567,1851488,-0.3469238,7.0628662,0
3307,1779177366302849071,1,1,50,-90704,1851488,43394,-9705,802488,59317,-471057,-68328,1851488,-0.3460083,7.0628662,0
3308,1779177366307877352,1,1,50,-91040,1851488,42750,-9106,803972,59648,-468525,-68658,1851488,-0.3472900,7.0628662,0
3309,1779177366312848768,1,1,50,-91792,1851488,42891,-11422,805990,59896,-465912,-69409,1851488,-0.3501587,7.0628662,0
3310,1779177366317845945,1,1,50,-92544,1851488,42250,-10796,808067,60068,-464317,-70167,1851488,-0.3530273,7.0628662,0
3311,1779177366322896691,1,1,50,-93680,1851488,41604,-10200,809313,60148,-464503,-71302,1851488,-0.3573608,7.0628662,0
3312,1779177366327832490,1,1,50,-95088,1851488,40943,-9552,810440,60149,-465614,-72718,1851488,-0.3627319,7.0628662,0
3313,1779177366334274950,1,1,50,-95968,1851488,41329,-12371,812577,60206,-471072,-73596,1851488,-0.3660889,7.0628662,0
3314,1779177366338077474,1,1,50,-97504,1851488,41401,-14137,813942,60275,-464570,-75131,1851488,-0.3719482,7.0628662,0
3315,1779177366342847733,1,1,50,-99248,1851488,40745,-13443,816019,60080,-464093,-76874,1851488,-0.3786011,7.0628662,0
3316,1779177366347845293,1,1,50,-101120,1851488,40080,-12839,819164,59794,-463172,-78736,1851488,-0.3857422,7.0628662,0
3317,1779177366352848006,1,1,50,-102224,1851488,39578,-13299,823199,59433,-461065,-80613,1851488,-0.3899536,7.0628662,0
3318,1779177366357841023,1,1,50,-102224,1851488,39645,-15583,827472,59067,-457497,-81182,1851488,-0.3899536,7.0628662,0
3319,1779177366362841239,1,1,50,-102224,1851488,38968,-14997,832278,58783,-452754,-80088,1851488,-0.3899536,7.0628662,0
3320,1779177366367843632,1,1,50,-102224,1851488,38281,-14385,836848,58485,-449125,-80085,1851488,-0.3899536,7.0628662,0
3321,1779177366372838249,1,1,50,-102224,1851488,37592,-13793,841239,58176,-447221,-80287,1851488,-0.3899536,7.0628662,0
3322,1779177366377848514,1,1,50,-102224,1851488,37641,-16031,846402,57915,-446757,-80135,1851488,-0.3899536,7.0628662,0
3323,1779177366382855099,1,1,50,-101968,1851488,36726,-14402,851624,57750,-446972,-79588,1851488,-0.3889771,7.0628662,0
3324,1779177366387822098,1,1,50,-101376,-1851504,36060,-13882,856846,57692,-447558,-78999,1851488,-0.3867188,-7.0629272,0
3325,1779177366392820779,1,1,50,-55584,-1851504,35382,-13362,862543,57775,-448489,-77958,-1851504,-0.2120361,-7.0629272,0
3326,1779177366397836132,1,1,50,-98704,-1851504,35432,-15613,868655,58043,-448704,-76329,-1851504,-0.3765259,-7.0629272,0
3327,1779177366402825565,1,1,50,-51424,-1851504,34836,-17530,873759,58520,-447096,-73793,-1851504,-0.1961670,-7.0629272,0
3328,1779177366407850486,1,1,50,-47424,-1851504,34166,-17122,878684,59265,-443704,-69800,-1851504,-0.1809082,-7.0629272,0
3329,1779177366412837102,1,1,50,-43824,1851488,33498,-16690,883016,60194,-439502,-66200,-1851504,-0.1671753,7.0628662,0
3330,1779177366417851527,1,1,50,-85808,-1851504,33504,-18875,886221,61230,-435680,-63433,1851488,-0.3273315,-7.0629272,0
3331,1779177366422840480,1,1,50,-83488,1851488,32849,-18413,889366,62335,-431946,-61111,-1851504,-0.3184814,7.0628662,0
3332,1779177366427839384,1,1,50,-36752,1851488,32220,-18032,893579,63505,-427762,-59122,1851488,-0.1401978,7.0628662,0
3333,1779177366432853906,1,1,50,-35024,1851488,31757,-17914,898089,64718,-422508,-57399,1851488,-0.1336060,7.0628662,0
3334,1779177366437921292,1,1,50,-33344,1851488,31145,-17541,903608,65969,-416114,-55713,1851488,-0.1271973,7.0628662,0
3335,1779177366442837667,1,1,50,-31616,1851488,30553,-17142,910076,67197,-408654,-53997,1851488,-0.1206055,7.0628662,0
3336,1779177366447851356,1,1,50,-29920,1851488,30577,-19157,916129,68440,-402030,-52294,1851488,-0.1141357,7.0628662,0
3337,1779177366453161532,1,1,50,-27968,1851488,30522,-21462,921648,69772,-397484,-50342,1851488,-0.1066895,7.0628662,0
3338,1779177366457855757,1,1,50,-24416,1851488,29930,-20981,926633,71089,-393020,-46784,1851488,-0.0931396,7.0628662,0
3339,1779177366462846470,1,1,50,-20944,1851488,29352,-20653,931677,72632,-391250,-43322,1851488,-0.0798950,7.0628662,0
3340,1779177366467858943,1,1,50,-62944,1851488,28794,-20400,937255,74326,-392173,-40571,1851488,-0.2401123,7.0628662,0
3341,1779177366472840439,1,1,50,-15984,1851488,28254,-20204,942952,76164,-395398,-38364,1851488,-0.0609741,7.0628662,0
3342,1779177366477832879,1,1,50,-13888,1851488,27731,-20079,948352,78188,-399617,-36266,1851488,-0.0529785,7.0628662,0
3343,1779177366482845288,1,1,50,-11648,1851488,27611,-22664,954643,80435,-403082,-34020,1851488,-0.0444336,7.0628662,0
3344,1779177366487845857,1,1,50,-7744,1851488,27085,-22663,960043,82970,-403360,-30125,1851488,-0.0295410,7.0628662,0
3345,1779177366493187042,1,1,50,-3920,1851488,27076,-24801,963603,85891,-400360,-26296,1851488,-0.0149536,7.0628662,0
3346,1779177366497825970,1,1,50,-704,1851488,26587,-24688,966808,88500,-396642,-23072,1851488,-0.0026855,7.0628662,0
3347,1779177366502857772,1,1,50,1840,1851488,26110,-24737,970784,91371,-392523,-20540,1851488,0.0070190,7.0628662,0
3348,1779177366507838372,1,1,50,3936,1851488,25654,-24808,974285,94200,-389652,-18446,1851488,0.0150146,7.0628662,0
3349,1779177366512852381,1,1,50,5920,1851488,25552,-24323,978914,97068,-387439,-16463,1851488,0.0225830,7.0628662,0
3350,1779177366517844341,1,1,50,7552,1851488,25149,-24490,984433,99940,-385499,-14827,1851488,0.0288086,7.0628662,0
3351,1779177366522846574,1,1,50,9376,1851488,24764,-24693,990307,102857,-382652,-13001,1851488,0.0357666,7.0628662,0
3352,1779177366527831622,1,1,50,11600,1851488,24392,-24901,996123,105811,-377668,-10782,1851488,0.0442505,7.0628662,0
3353,1779177366532844159,1,1,50,14096,1851488,24145,-27074,1001998,108802,-370041,-8281,1851488,0.0537720,7.0628662,0
3354,1779177366537849560,1,1,50,17760,1851488,23346,-25784,1008110,111839,-360239,-4611,1851488,0.0677490,7.0628662,0
3355,1779177366542928019,1,1,50,17760,1851488,23402,-27574,1014341,114675,-352529,-4611,1851488,0.0677490,7.0628662,0
3356,1779177366547827721,1,1,50,20928,1851488,23058,-27809,1019979,117424,-346352,-1451,1851488,0.0798340,7.0628662,0
3357,1779177366552844482,1,1,50,24976,1851488,22732,-28098,1025676,120346,-340866,2620,1851488,0.0952759,7.0628662,0
3358,1779177366557844763,1,1,50,28528,1851488,22777,-29782,1031254,123336,-336819,6164,1851488,0.1088257,7.0628662,0
3359,1779177366562851156,1,1,50,31296,1851488,22397,-31367,1035823,126372,-333023,8930,1851488,0.1193848,7.0628662,0
3360,1779177366567828044,1,1,50,34400,1851488,22067,-31650,1039384,129448,-327427,12036,1851488,0.1312256,7.0628662,0
3361,1779177366572848517,1,1,50,37248,1851488,21760,-31964,1042351,132548,-318719,14882,1851488,0.1420898,7.0628662,0
3362,1779177366577881599,1,1,50,39648,1851488,21473,-32273,1045318,135557,-307081,17282,1851488,0.1512451,7.0628662,0
3363,1779177366582852887,1,1,50,41776,1851488,21138,-34209,1047929,138352,-293837,19410,1851488,0.1593628,7.0628662,0
3364,1779177366587855663,1,1,50,44704,1851488,20836,-34440,1050421,141013,-279272,22344,1851488,0.1705322,7.0628662,0
3365,1779177366592948810,1,1,50,47456,-1851504,20557,-34679,1053923,143541,-264039,25098,1851488,0.1810303,-7.0629272,0
3366,1779177366597843905,1,1,50,49632,-1851504,20286,-34809,1057661,145752,-249313,27274,-1851504,0.1893311,-7.0629272,0
3367,1779177366602835353,1,1,50,51280,-1851504,20036,-34941,1061874,147772,-232487,28917,-1851504,0.1956177,-7.0629272,0
3368,1779177366607846450,1,1,50,7824,1851488,20057,-36014,1067097,149511,-214237,30218,-1851504,0.0298462,7.0628662,0
3369,1779177366612939885,1,1,50,53488,1851488,19748,-38328,1072022,150932,-195330,31123,1851488,0.2040405,7.0628662,0
3370,1779177366618062473,1,1,50,55760,1851488,19469,-38282,1077007,152101,-176248,33404,1851488,0.2127075,7.0628662,0
3371,1779177366622858172,1,1,50,57952,1851488,19203,-38135,1082051,152949,-160016,35596,1851488,0.2210693,7.0628662,0
3372,1779177366627859029,1,1,50,59616,1851488,18957,-38011,1087273,153608,-144018,37249,1851488,0.2274170,7.0628662,0
3373,1779177366632847470,1,1,50,60720,1851488,18533,-39715,1091783,154010,-130302,38352,1851488,0.2316284,7.0628662,0
3374,1779177366637847878,1,1,50,62704,1851488,18268,-39552,1095284,154262,-117268,40348,1851488,0.2391968,7.0628662,0
3375,1779177366642840511,1,1,50,64576,1851488,18015,-39359,1098726,154373,-104783,42214,1851488,0.2463379,7.0628662,0
3376,1779177366647842264,1,1,50,64576,1851488,17780,-39164,1101634,154325,-92608,42214,1851488,0.2463379,7.0628662,0
3377,1779177366653115159,1,1,50,65600,1851488,17559,-38983,1104008,154013,-78992,43244,1851488,0.2502441,7.0628662,0
3378,1779177366657817992,1,1,50,66880,1851488,17499,-39294,1106737,153540,-66208,44521,1851488,0.2551270,7.0628662,0
3379,1779177366662855490,1,1,50,67760,1851488,17128,-41517,1108577,152838,-47853,45392,1851488,0.2584839,7.0628662,0
3380,1779177366667848187,1,1,50,69792,1851488,16882,-41161,1109942,151910,-25548,47433,1851488,0.2662354,7.0628662,0
3381,1779177366672849459,1,1,50,71232,1851488,16649,-40724,1111841,150631,255,48870,1851488,0.2717285,7.0628662,0
3382,1779177366677845036,1,1,50,71712,1851488,16352,-39904,1114452,148878,28434,49349,1851488,0.2735596,7.0628662,0
3383,1779177366682865381,1,1,50,26848,1851488,15869,-41599,1118309,146562,58521,49232,1851488,0.1024170,7.0628662,0
3384,1779177366687837565,1,1,50,27760,1851488,15698,-41148,1122582,143765,90702,50159,1851488,0.1058960,7.0628662,0
3385,1779177366692843222,1,1,50,72768,1851488,15474,-40363,1127270,140360,123484,50400,1851488,0.2775879,7.0628662,0
3386,1779177366697834511,1,1,50,37568,1851488,15263,-39494,1132195,136318,153818,49729,1851488,0.1433105,7.0628662,0
3387,1779177366702826631,1,1,50,66368,1851488,15067,-38583,1137239,131661,179680,48516,1851488,0.2531738,7.0628662,0
3388,1779177366707845984,1,1,50,69552,1851488,14874,-37612,1142521,126466,200757,47184,1851488,0.2653198,7.0628662,0
3389,1779177366712848057,1,1,50,68368,1851488,14554,-38169,1148040,120909,217496,46013,1851488,0.2608032,7.0628662,0
3390,1779177366717839249,1,1,50,68512,1851488,14352,-37215,1154389,115173,231379,46147,1851488,0.2613525,7.0628662,0
3391,1779177366722846538,1,1,50,68752,1851488,14148,-36243,1161511,109298,243488,46386,1851488,0.2622681,7.0628662,0
3392,1779177366727829859,1,1,50,68624,1851488,13958,-35315,1168157,103348,254936,46268,1851488,0.2617798,7.0628662,0
3393,1779177366732848092,1,1,50,68144,1851488,13564,-37099,1173498,97242,266046,45790,1851488,0.2599487,7.0628662,0
3394,1779177366737841268,1,1,50,69248,1851488,13201,-35718,1177652,91169,276713,46888,1851488,0.2641602,7.0628662,0
3395,1779177366742855501,1,1,50,69792,1851488,13042,-35115,1182043,85042,285696,47432,1851488,0.2662354,7.0628662,0
3396,1779177366747902119,1,1,50,69696,1851488,12777,-34119,1187028,78840,293401,47338,1851488,0.2658691,7.0628662,0
3397,1779177366752943777,1,1,50,24304,-1851504,12503,-33102,1193021,72596,300959,46692,1851488,0.0927124,-7.0629272,0
3398,1779177366758273122,1,1,50,68144,1851488,12068,-31448,1198718,65995,310413,45777,-1851504,0.2599487,7.0628662,0
3399,1779177366762734733,1,1,50,22288,-1851504,12058,-36488,1203762,60381,317237,44676,1851488,0.0850220,-7.0629272,0
3400,1779177366767855561,1,1,50,24864,-1851504,11635,-35365,1208154,54034,326294,47258,-1851504,0.0948486,-7.0629272,0
3401,1779177366772855842,1,1,50,71616,-1851504,11220,-34258,1212604,47930,333940,49253,-1851504,0.2731934,-7.0629272,0
3402,1779177366777857338,1,1,50,27232,1851488,10804,-33149,1217411,41832,340767,49630,-1851504,0.1038818,7.0628662,0
3403,1779177366782863795,1,1,50,26368,1851488,10597,-34131,1222693,35668,348260,48761,1851488,0.1005859,7.0628662,0
3404,1779177366787852684,1,1,50,26304,1851488,10131,-32958,1228924,29495,358290,48696,1851488,0.1003418,7.0628662,0
3405,1779177366792856644,1,1,50,70624,-1851504,9654,-31724,1235214,23184,369912,48270,1851488,0.2694092,-7.0629272,0
3406,1779177366797855357,1,1,50,25040,-1851504,9176,-30463,1240495,16701,380802,47428,-1851504,0.0955200,-7.0629272,0
3407,1779177366802844470,1,1,50,68544,-1851504,8691,-29163,1244946,10051,389051,46190,-1851504,0.2614746,-7.0629272,0
3408,1779177366807850606,1,1,50,67168,-1851504,8036,-27188,1250168,3249,394627,44812,-1851504,0.2562256,-7.0629272,0
3409,1779177366812844007,1,1,50,21056,1851488,7718,-29689,1257408,-3613,398407,43449,-1851504,0.0803223,7.0628662,0
3410,1779177366817840896,1,1,50,21904,-1851504,7150,-28355,1265716,-10375,402234,44300,1851488,0.0835571,-7.0629272,0
3411,1779177366822851289,1,1,50,21904,1851488,6754,-27667,1273787,-17113,404648,44300,-1851504,0.0835571,7.0628662,0
3412,1779177366828113464,1,1,50,21776,-1851504,5945,-25531,1281323,-24109,405748,44170,1851488,0.0830688,-7.0629272,0
3413,1779177366834161194,1,1,50,65744,-1851504,5441,-25726,1290343,-32099,405442,43383,-1851504,0.2507935,-7.0629272,0
3414,1779177366838250348,1,1,50,20592,-1851504,4786,-24100,1296099,-37347,397795,42991,-1851504,0.0785522,-7.0629272,0
3415,1779177366842962174,1,1,50,20256,1851488,4208,-22928,1303636,-43175,391578,42647,-1851504,0.0772705,7.0628662,0
3416,1779177366847864148,1,1,50,19760,1851488,3600,-21726,1310757,-49010,386698,42156,1851488,0.0753784,7.0628662,0
3417,1779177366852846701,1,1,50,19040,1851488,3149,-21182,1317285,-54754,384268,41437,1851488,0.0726318,7.0628662,0
3418,1779177366857844037,1,1,50,62912,1851488,2706,-20650,1322032,-60390,384665,40558,1851488,0.2399902,7.0628662,0
3419,1779177366863598832,1,1,50,62912,1851488,1765,-21463,1326245,-66751,388507,40558,1851488,0.2399902,7.0628662,0
3420,1779177366868005243,1,1,50,63408,1851488,1164,-20431,1329628,-71549,387815,41052,1851488,0.2418823,7.0628662,0
3421,1779177366872848272,1,1,50,63296,1851488,483,-19231,1334494,-76725,387614,40940,1851488,0.2414551,7.0628662,0
3422,1779177366877845640,1,1,50,62480,-1851504,-232,-17949,1340369,-82023,387020,40124,1851488,0.2383423,-7.0629272,0
3423,1779177366882865857,1,1,50,16544,-1851504,-495,-17794,1346244,-87314,386825,38939,-1851504,0.0631104,-7.0629272,0
3424,1779177366887842106,1,1,50,60160,1851488,-1386,-15869,1351169,-92528,386734,37804,-1851504,0.2294922,7.0628662,0
3425,1779177366892839346,1,1,50,58976,1851488,-2101,-14587,1356095,-97741,385304,36623,1851488,0.2249756,7.0628662,0
3426,1779177366897840427,1,1,50,12992,-1851504,-2665,-13897,1361851,-102913,381462,35380,1851488,0.0495605,-7.0629272,0
3427,1779177366902851044,1,1,50,56592,1851488,-3390,-12620,1368972,-107994,376374,34239,-1851504,0.2158813,7.0628662,0
3428,1779177366907836668,1,1,50,55408,1851488,-4113,-11350,1375796,-112918,372713,33049,1851488,0.2113647,7.0628662,0
3429,1779177366912855061,1,1,50,9472,-1851504,-4431,-12325,1381849,-117778,372598,31860,1851488,0.0361328,-7.0629272,0
3430,1779177366917846030,1,1,50,54240,1851488,-5205,-11012,1386834,-122524,375656,31881,-1851504,0.2069092,7.0628662,0
3431,1779177366922842375,1,1,50,9136,1851488,-5835,-10227,1391878,-127302,378422,31530,1851488,0.0348511,7.0628662,0
3432,1779177366927859232,1,1,50,7904,1851488,-6614,-8852,1396863,-132175,378521,30303,1851488,0.0301514,7.0628662,0
3433,1779177366932930554,1,1,50,6288,1851488,-7111,-8027,1401907,-137132,376593,28672,1851488,0.0239868,7.0628662,0
3434,1779177366937845105,1,1,50,4960,1851488,-7866,-6712,1406061,-141880,374526,27358,1851488,0.0189209,7.0628662,0
3435,1779177366942846377,1,1,50,3696,1851488,-8633,-5354,1408672,-146639,373442,26094,1851488,0.0140991,7.0628662,0
3436,1779177366947851746,1,1,50,2400,1851488,-9272,-4477,1410037,-151348,371892,24789,1851488,0.0091553,7.0628662,0
3437,1779177366953017887,1,1,50,1024,1851488,-10056,-3070,1410927,-156139,367897,23413,1851488,0.0039062,7.0628662,0
3438,1779177366958066073,1,1,50,-352,1851488,-10815,-1717,1411817,-160684,360439,22040,1851488,-0.0013428,7.0628662,0
3439,1779177366962862157,1,1,50,43216,1851488,-11548,-2168,1413241,-168696,345834,20858,1851488,0.1648560,7.0628662,0
3440,1779177366967855301,1,1,50,43216,1851488,-12426,-441,1413241,-168696,345834,20858,1851488,0.1648560,7.0628662,0
3441,1779177366972875646,1,1,50,43216,-1851504,-12961,-99,1412945,-172371,344355,20850,1851488,0.1648560,-7.0629272,0
3442,1779177366977850646,1,1,50,-2432,-1851504,-13706,1168,1412707,-175933,345572,19966,-1851504,-0.0092773,-7.0629272,0
3443,1779177366982846191,1,1,50,-3984,1851488,-14124,1645,1412885,-179554,346498,18401,-1851504,-0.0151978,7.0628662,0
3444,1779177366987868072,1,1,50,-5744,1851488,-14977,3378,1413775,-183250,344951,16647,1851488,-0.0219116,7.0628662,0
3445,1779177366992991012,1,1,50,-7312,887456,-15600,4226,1414844,-186995,340914,15081,1851488,-0.0278931,3.3853760,0
3446,1779177366997845561,1,1,50,-8848,-1851504,-16281,5402,1415496,-190446,335549,13538,887456,-0.0337524,-7.0629272,0
3447,1779177367002845458,1,1,50,-10352,-1851504,-16976,6610,1415674,-193864,329994,12047,-1851504,-0.0394897,-7.0629272,0
3448,1779177367007847754,1,1,50,-11776,-1851504,-17658,7786,1415200,-197131,324268,10611,-1851504,-0.0449219,-7.0629272,0
3449,1779177367012873763,1,1,50,-13200,-1851504,-17965,7389,1414606,-200260,317580,9186,-1851504,-0.0503540,-7.0629272,0
3450,1779177367017849371,1,1,50,-14064,-1851504,-18654,8510,1414191,-203146,309701,8328,-1851504,-0.0536499,-7.0629272,0
3451,1779177367022847284,1,1,50,18528,1851488,-19328,9575,1413894,-205819,300586,7294,-1851504,0.0706787,7.0628662,0
3452,1779177367027839724,1,1,50,28432,1851488,-19884,10169,1413241,-208243,290932,6077,1851488,0.1084595,7.0628662,0
3453,1779177367032852421,1,1,50,26896,1851488,-20350,11591,1412173,-210441,281526,4543,1851488,0.1026001,7.0628662,0
3454,1779177367037854653,1,1,50,24896,1851488,-20975,12527,1410571,-212436,272553,2532,1851488,0.0949707,7.0628662,0
3455,1779177367042853941,1,1,50,23072,1851488,-21592,13442,1408969,-214239,263934,704,1851488,0.0880127,7.0628662,0
3456,1779177367047850350,1,1,50,-23136,1851488,-22094,13914,1407663,-215844,255505,-766,1851488,-0.0882568,7.0628662,0
3457,1779177367052841382,1,1,50,-24608,1851488,-22561,16063,1406061,-217258,247297,-2239,1851488,-0.0938721,7.0628662,0
3458,1779177367057828126,1,1,50,-27136,1851488,-23111,16873,1403747,-218556,238861,-4761,1851488,-0.1035156,7.0628662,0
3459,1779177367062840439,1,1,50,-29328,1851488,-23650,17640,1398228,-219694,230354,-6946,1851488,-0.1118774,7.0628662,0
3460,1779177367067824079,1,1,50,-30864,1851488,-24186,18395,1389979,-220597,221623,-8488,1851488,-0.1177368,7.0628662,0
3461,1779177367072772454,1,1,50,-31808,1851488,-24621,18750,1380722,-221222,212384,-9425,1851488,-0.1213379,7.0628662,0
3462,1779177367077836096,1,1,50,-32432,1851488,-25150,19438,1369209,-221539,202329,-10063,1851488,-0.1237183,7.0628662,0
3463,1779177367082834488,1,1,50,-33008,1851488,-24861,21471,1358231,-221524,192539,-10627,1851488,-0.1259155,7.0628662,0
3464,1779177367087831857,1,1,50,-34384,1851488,-25250,21788,1356510,-221328,183466,-12007,1851488,-0.1311646,7.0628662,0
3465,1779177367092830121,1,1,50,-35792,1851488,-25703,22380,1360961,-221026,175756,-13409,1851488,-0.1365356,7.0628662,0
3466,1779177367097870211,1,1,50,-37456,1851488,-26149,22964,1363453,-220655,168470,-15085,1851488,-0.1428833,7.0628662,0
3467,1779177367102843194,1,1,50,-39264,1851488,-26431,23653,1363453,-220226,160388,-16892,1851488,-0.1497803,7.0628662,0
3468,1779177367107396008,1,1,50,-41056,1851488,-26800,24084,1360723,-219738,151345,-18680,1851488,-0.1566162,7.0628662,0
3469,1779177367112848971,1,1,50,-42464,1851488,-27193,24394,1358409,-218991,138044,-20090,1851488,-0.1619873,7.0628662,0
3470,1779177367117854692,1,1,50,-43696,1851488,-27594,24829,1355620,-218036,126341,-21312,1851488,-0.1666870,7.0628662,0
3471,1779177367122847036,1,1,50,-44704,1851488,-27977,25202,1355501,-216867,114378,-22330,1851488,-0.1705322,7.0628662,0
3472,1779177367127844404,1,1,50,-45472,1851488,-28351,25527,1354611,-215459,101352,-23089,1851488,-0.1734619,7.0628662,0
3473,1779177367132869773,1,1,50,-45968,1851488,-28202,25101,1352653,-213758,86754,-23597,1851488,-0.1753540,7.0628662,0
3474,1779177367137845221,1,1,50,-46496,1851488,-28567,25300,1350991,-211763,70215,-24127,1851488,-0.1773682,7.0628662,0
3475,1779177367142852510,1,1,50,-46928,1851488,-28923,25422,1349448,-209394,51665,-24559,1851488,-0.1790161,7.0628662,0
3476,1779177367147847286,1,1,50,-47104,1851488,-29238,25338,1346481,-206606,32558,-24733,1851488,-0.1796875,7.0628662,0
3477,1779177367152859663,1,1,50,-47376,1851488,-29259,24822,1342802,-203383,13904,-25001,1851488,-0.1807251,7.0628662,0
3478,1779177367157901992,1,1,50,-47312,850032,-29597,24693,1340428,-199724,-4032,-24932,1851488,-0.1804810,3.2426147,0
3479,1779177367162863488,1,1,50,-47120,1851488,-29918,24491,1337936,-195737,-21654,-24749,850032,-0.1797485,7.0628662,0
3480,1779177367167852472,1,1,50,-46912,1851488,-30231,24211,1334435,-191354,-39811,-24531,1851488,-0.1789551,7.0628662,0
3481,1779177367172882673,1,1,50,-46624,1851488,-30495,23685,1326423,-181392,-76250,-24254,1851488,-0.1778564,7.0628662,0
3482,1779177367177912138,1,1,50,-46624,1851488,-30807,23302,1326423,-181392,-76250,-24254,1851488,-0.1778564,7.0628662,0
3483,1779177367182874562,1,1,50,-46640,1851488,-30477,22633,1321973,-175974,-92710,-24271,1851488,-0.1779175,7.0628662,0
3484,1779177367187850426,1,1,50,-46512,-1851504,-30746,22027,1317166,-170253,-107424,-24133,1851488,-0.1774292,-7.0629272,0
3485,1779177367192851026,1,1,50,-46128,-1851504,-30997,21324,1312656,-164255,-120879,-23756,-1851504,-0.1759644,-7.0629272,0
3486,1779177367197876331,1,1,50,-46144,1851488,-31256,20620,1307968,-158047,-134115,-23775,-1851504,-0.1760254,7.0628662,0
3487,1779177367202864611,1,1,50,-17856,-1851504,-31278,18238,1302568,-151714,-147007,-23684,1851488,-0.0681152,-7.0629272,0
3488,1779177367207845051,1,1,50,-80,-1851504,-31552,17418,1296752,-145161,-158632,-22453,-1851504,-0.0003052,-7.0629272,0
3489,1779177367212852244,1,1,50,1344,-1851504,-31819,16543,1290462,-138371,-169352,-21039,-1851504,0.0051270,-7.0629272,0
3490,1779177367217853452,1,1,50,2496,-1851504,-32072,15607,1284053,-131439,-179855,-19877,-1851504,0.0095215,-7.0629272,0
3491,1779177367222858053,1,1,50,3072,-1851504,-32322,14644,1278356,-124404,-190405,-19301,-1851504,0.0117188,-7.0629272,0
3492,1779177367227849373,1,1,50,3792,-1851504,-32569,13665,1272956,-117286,-200201,-18590,-1851504,0.0144653,-7.0629272,0
3493,1779177367232890678,1,1,50,4944,-1851504,-32366,12484,1267734,-109991,-208260,-17430,-1851504,0.0188599,-7.0629272,0
3494,1779177367237850510,1,1,50,6336,-1851504,-32598,11456,1262274,-102744,-214322,-16043,-1851504,0.0241699,-7.0629272,0
3495,1779177367242856678,1,1,50,7856,-1851504,-32849,10502,1256399,-95403,-218371,-14525,-1851504,0.0299683,-7.0629272,0
3496,1779177367247845023,1,1,50,9232,-1851504,-33077,9498,1250643,-88125,-220646,-13142,-1851504,0.0352173,-7.0629272,0
3497,1779177367252867224,1,1,50,11056,-1851504,-32648,8172,1244768,-80850,-220914,-11316,-1851504,0.0421753,-7.0629272,0
3498,1779177367257856592,1,1,50,12976,-1851504,-32872,7222,1239368,-73718,-219782,-9401,-1851504,0.0494995,-7.0629272,0
3499,1779177367262860008,1,1,50,-30048,-1851504,-33083,6269,1234146,-66704,-218115,-7666,-1851504,-0.1146240,-7.0629272,0
3500,1779177367267857921,1,1,50,-28384,-1851504,-33292,5365,1228152,-59855,-216711,-6007,-1851504,-0.1082764,-7.0629272,0
3501,1779177367272859737,1,1,50,-25440,-1851504,-33489,4474,1222218,-53062,-215010,-3068,-1851504,-0.0970459,-7.0629272,0
3502,1779177367277854001,1,1,50,-22864,-1851504,-33683,3634,1215631,-46372,-213518,-483,-1851504,-0.0872192,-7.0629272,0
3503,1779177367282906155,1,1,50,12784,1851488,-33091,878,1208985,-39813,-213076,329,-1851504,0.0487671,7.0628662,0
3504,1779177367287862210,1,1,50,23264,1851488,-33388,367,1201448,-33573,-213547,905,1851488,0.0887451,7.0628662,0
3505,1779177367292850171,1,1,50,25008,1851488,-33606,-397,1194030,-27383,-213147,2642,1851488,0.0953979,7.0628662,0
3506,1779177367297858163,1,1,50,29536,1851488,-33813,-1134,1187028,-21093,-209780,7179,1851488,0.1126709,7.0628662,0
3507,1779177367302869004,1,1,50,30560,1851488,-34019,-1798,1180085,-15030,-206040,8205,1851488,0.1165771,7.0628662,0
3508,1779177367307858916,1,1,50,29648,1851488,-33423,-2999,1172608,-9356,-202739,7280,1851488,0.1130981,7.0628662,0
3509,1779177367312873021,1,1,50,28560,1851488,-33630,-3595,1165902,-4007,-199404,6203,1851488,0.1089478,7.0628662,0
3510,1779177367317865685,1,1,50,27936,1851488,-33831,-4141,1159256,1006,-195733,5578,1851488,0.1065674,7.0628662,0
3511,1779177367322850733,1,1,50,28336,1851488,-34022,-4647,1152550,5770,-191120,5973,1851488,0.1080933,7.0628662,0
3512,1779177367327869350,1,1,50,29920,1851488,-34208,-5100,1146259,10389,-185213,7565,1851488,0.1141357,7.0628662,0
3513,1779177367332871710,1,1,50,36608,1851488,-33681,-8364,1140325,15134,-175949,14253,1851488,0.1396484,7.0628662,0
3514,1779177367337874455,1,1,50,32496,1851488,-33892,-8711,1135281,19224,-172182,10135,1851488,0.1239624,7.0628662,0
3515,1779177367342922161,1,1,50,-14128,-1851504,-34094,-9037,1129940,22984,-170084,8259,1851488,-0.0538940,-7.0629272,0
3516,1779177367347879944,1,1,50,30720,1851488,-34291,-9299,1124362,26493,-167190,8354,-1851504,0.1171875,7.0628662,0
3517,1779177367352892353,1,1,50,-9472,-1851504,-33609,-11107,1118665,30143,-159259,12924,1851488,-0.0361328,-7.0629272,0
3518,1779177367357874617,1,1,50,37024,1851488,-33984,-10573,1113443,33571,-149368,14657,-1851504,0.1412354,7.0628662,0
3519,1779177367362874001,1,1,50,33520,1851488,-34200,-10583,1107450,36425,-140946,11163,1851488,0.1278687,7.0628662,0
3520,1779177367367871209,1,1,50,33440,1851488,-34411,-10502,1101159,38970,-130723,11072,1851488,0.1275635,7.0628662,0
3521,1779177367372867906,1,1,50,-9856,-1851504,-34609,-10343,1095106,41282,-117990,12530,1851488,-0.0375977,-7.0629272,0
3522,1779177367377869082,1,1,50,-8400,-1851504,-34805,-10052,1088460,43318,-103465,13986,-1851504,-0.0320435,-7.0629272,0
3523,1779177367382873459,1,1,50,-2672,1851488,-34067,-10851,1081814,45336,-85246,19723,-1851504,-0.0101929,7.0628662,0
3524,1779177367387891980,1,1,50,-11168,1851488,-34281,-10329,1075464,46313,-73914,11216,1851488,-0.0426025,7.0628662,0
3525,1779177367392857827,1,1,50,-16112,-1851504,-34481,-9748,1068936,46662,-63901,6272,1851488,-0.0614624,-7.0629272,0
3526,1779177367397857180,1,1,50,-5872,1851488,-34930,-8054,1062765,47457,-44732,16525,-1851504,-0.0223999,7.0628662,0
3527,1779177367402862868,1,1,50,-6320,-1851504,-34259,-8433,1056712,47781,-27576,16077,1851488,-0.0241089,-7.0629272,0
3528,1779177367407861037,1,1,50,42432,-1851504,-34189,-8481,1050659,47990,-9581,20074,-1851504,0.1618652,-7.0629272,0
3529,1779177367412862245,1,1,50,40464,-1851504,-34370,-7416,1044546,47678,3970,18108,-1851504,0.1543579,-7.0629272,0
3530,1779177367417856957,1,1,50,35072,-1588640,-34542,-6271,1039087,46730,11836,12704,-1851504,0.1337891,-6.0601807,0
3531,1779177367422860278,1,1,50,28832,1851488,-34713,-5049,1033509,45231,15136,6472,-1588640,0.1099854,7.0628662,0
3532,1779177367427887791,1,1,50,27648,-1851504,-34883,-3739,1027871,43624,18223,5285,1851488,0.1054688,-7.0629272,0
3533,1779177367432864967,1,1,50,-18224,-1851504,-34238,-3377,1022590,41949,20679,4170,-1851504,-0.0695190,-7.0629272,0
3534,1779177367437937633,1,1,50,30064,-1851504,-34445,-1835,1017130,40486,25737,7705,-1851504,0.1146851,-7.0629272,0
3535,1779177367442860952,1,1,50,33408,-1851504,-34667,-132,1011374,39233,32073,11045,-1851504,0.1274414,-7.0629272,0
3536,1779177367447888369,1,1,50,39120,-1851504,-34898,1787,1005677,38252,40631,16767,-1851504,0.1492310,-7.0629272,0
3537,1779177367452862152,1,1,50,34240,-1851504,-34485,1865,999684,36821,43593,11881,-1851504,0.1306152,-7.0629272,0
3538,1779177367457858337,1,1,50,22944,-1851504,-34794,4134,993690,34623,40171,588,-1851504,0.0875244,-7.0629272,0
3539,1779177367462874810,1,1,50,19696,1851488,-35121,6597,988052,32345,39103,-2677,-1851504,0.0751343,7.0628662,0
3540,1779177367467872434,1,1,50,-27520,-1851504,-35450,9201,981703,30014,40106,-5148,1851488,-0.1049805,-7.0629272,0
3541,1779177367472914827,1,1,50,-5808,-1851504,-35773,11940,975769,27545,41360,-7906,-1851504,-0.0221558,-7.0629272,0
3542,1779177367477897571,1,1,50,-31680,-1851504,-36105,14857,969834,25080,42925,-9303,-1851504,-0.1208496,-7.0629272,0
3543,1779177367482908732,1,1,50,7136,-1851504,-35968,16645,964078,22271,41018,-15235,-1851504,0.0272217,-7.0629272,0
3544,1779177367487862003,1,1,50,-36304,1851488,-36300,19665,957847,19722,41702,-13934,-1851504,-0.1384888,7.0628662,0
3545,1779177367492873580,1,1,50,-31440,-1463168,-36601,22770,951260,17553,45819,-9063,1851488,-0.1199341,-5.5815430,0
3546,1779177367497870884,1,1,50,14848,-1851504,-36874,25942,945207,15502,50048,-7523,-1463168,0.0566406,-7.0629272,0
3547,1779177367502904862,1,1,50,14544,-1851504,-36509,28153,938976,13418,53289,-7833,-1851504,0.0554810,-7.0629272,0
3548,1779177367507914358,1,1,50,12912,-1851504,-35950,28430,932508,11261,55474,-9461,-1851504,0.0492554,-7.0629272,0
3549,1779177367512877134,1,1,50,12320,-1851504,-36109,31591,925921,9134,57808,-10061,-1851504,0.0469971,-7.0629272,0
3550,1779177367517938248,1,1,50,-36448,1851488,-36227,34788,919987,6743,57376,-14064,-1851504,-0.1390381,7.0628662,0
3551,1779177367522936416,1,1,50,-38976,-1851504,-36313,37954,914171,4322,55876,-16602,1851488,-0.1486816,-7.0629272,0
3552,1779177367527868151,1,1,50,-47600,-1851504,-36368,41054,907762,1498,49083,-25225,-1851504,-0.1815796,-7.0629272,0
3553,1779177367532872335,1,1,50,-53440,-1851504,-36307,43350,901946,-1510,40167,-31056,-1851504,-0.2038574,-7.0629272,0
3554,1779177367537880136,1,1,50,-59696,-1851504,-36338,46367,895716,-4645,30242,-37325,-1851504,-0.2277222,-7.0629272,0
3555,1779177367542902817,1,1,50,-67200,-1851504,-35590,46463,889485,-7972,19085,-44816,-1851504,-0.2563477,-7.0629272,0
3556,1779177367547863289,1,1,50,-73376,-1851504,-35589,49414,883254,-11323,7776,-50997,-1851504,-0.2799072,-7.0629272,0
3557,1779177367552867601,1,1,50,-81984,-1851504,-35337,51273,877497,-14923,-7220,-59612,-1851504,-0.3127441,-7.0629272,0
3558,1779177367557907402,1,1,50,-91712,-1851504,-35311,54057,872038,-18765,-26020,-69342,-1851504,-0.3498535,-7.0629272,0
3559,1779177367562865954,1,1,50,-102224,-1851504,-35300,56792,866519,-22822,-47428,-81291,-1851504,-0.3899536,-7.0629272,0
3560,1779177367567858586,1,1,50,-102224,-1851504,-34511,56441,860941,-27072,-70368,-92367,-1851504,-0.3899536,-7.0629272,0
3561,1779177367572867379,1,1,50,-102224,-1851504,-34466,58942,855837,-31388,-92992,-102236,-1851504,-0.3899536,-7.0629272,0
3562,1779177367577863787,1,1,50,-102224,-1851504,-34418,61373,851209,-35132,-109562,-102236,-1851504,-0.3899536,-7.0629272,0
3563,1779177367582897860,1,1,50,-102224,-1851504,-34252,63256,846877,-38464,-124107,-102236,-1851504,-0.3899536,-7.0629272,0
3564,1779177367587849308,1,1,50,-102224,-1851504,-34244,65636,842307,-41362,-136942,-102236,-1851504,-0.3899536,-7.0629272,0
3565,1779177367592851124,1,1,50,-102224,-1851504,-33422,64884,839340,-43952,-150435,-102236,-1851504,-0.3899536,-7.0629272,0
3566,1779177367597974735,1,1,50,-79856,-1851504,-33378,67199,836017,-46262,-164788,-102236,-1851504,-0.3046265,-7.0629272,0
3567,1779177367602869669,1,1,50,-79856,-1851504,-32833,69672,831922,-48141,-175807,-102236,-1851504,-0.3046265,-7.0629272,0
3568,1779177367607875902,1,1,50,-79856,1141648,-32827,72052,826463,-49802,-188252,-102236,-1851504,-0.3046265,4.3550415,0
3569,1779177367612883735,1,1,50,-102224,-1851504,-31965,71048,821241,-51190,-200438,-102236,1141648,-0.3899536,-7.0629272,0
3570,1779177367617939344,1,1,50,-102224,-1851504,-31943,73419,817918,-52331,-213171,-102236,-1851504,-0.3899536,-7.0629272,0
3571,1779177367622913736,1,1,50,-102224,-1851504,-31919,75753,814713,-53201,-225352,-102236,-1851504,-0.3899536,-7.0629272,0
3572,1779177367627884064,1,1,50,-102224,-1851504,-31866,77971,813111,-53838,-238439,-102236,-1851504,-0.3899536,-7.0629272,0
3573,1779177367632911609,1,1,50,-102224,-1851504,-31221,76915,813942,-54239,-252955,-102236,-1851504,-0.3899536,-7.0629272,0
3574,1779177367637877424,1,1,50,-102224,1851488,-31125,78900,816849,-54380,-267647,-102236,-1851504,-0.3899536,7.0628662,0
3575,1779177367642950539,1,1,50,-102224,-1851504,-30951,80642,821241,-54266,-284585,-102236,1851488,-0.3899536,-7.0629272,0
3576,1779177367647872385,1,1,50,-102224,-1851504,-30757,82243,825513,-53880,-301507,-102236,-1851504,-0.3899536,-7.0629272,0
3577,1779177367652848057,1,1,50,-79856,-1851504,-30672,82941,827946,-53224,-320685,-102236,-1851504,-0.3046265,-7.0629272,0
3578,1779177367657483401,1,1,50,-79856,-1851504,-29720,81372,827294,-52350,-338630,-102236,-1851504,-0.3046265,-7.0629272,0
3579,1779177367662843594,1,1,50,-79856,1851488,-29382,82357,821953,-51083,-365411,-102236,-1851504,-0.3046265,7.0628662,0
3580,1779177367667867107,1,1,50,-102224,-1851504,-29102,83316,813467,-49547,-388127,-102236,1851488,-0.3899536,-7.0629272,0
3581,1779177367672922557,1,1,50,-79856,-1851504,-28077,81239,803913,-47740,-410884,-102236,-1851504,-0.3046265,-7.0629272,0
3582,1779177367677854419,1,1,50,-79856,-1851504,-27826,82067,793350,-45749,-430772,-102236,-1851504,-0.3046265,-7.0629272,0
3583,1779177367683124306,1,1,50,-79856,-1851504,-28868,82700,783914,-43438,-449237,-102236,-1851504,-0.3046265,-7.0629272,0
3584,1779177367687862180,1,1,50,-79856,-1851504,-27925,80526,777683,-41221,-458819,-102236,-1851504,-0.3046265,-7.0629272,0
3585,1779177367692861373,1,1,50,-79856,-1851504,-27730,81257,775903,-38848,-466771,-102236,-1851504,-0.3046265,-7.0629272,0
3586,1779177367697920183,1,1,50,-102224,-1851504,-27515,81954,778751,-36419,-471977,-102236,-1851504,-0.3899536,-7.0629272,0
3587,1779177367702859054,1,1,50,-102224,-1851504,-27344,82835,785398,-34039,-475116,-102236,-1851504,-0.3899536,-7.0629272,0
3588,1779177367707895015,1,1,50,-102224,-1851504,-26271,80419,793706,-31619,-479729,-102236,-1851504,-0.3899536,-7.0629272,0
3589,1779177367712940032,1,1,50,-79856,-1851504,-26993,79933,792875,-29239,-485998,-102236,-1851504,-0.3046265,-7.0629272,0
3590,1779177367717891608,1,1,50,-79856,-1851504,-26819,80759,785873,-26964,-493681,-102236,-1851504,-0.3046265,-7.0629272,0
3591,1779177367722907312,1,1,50,-79856,-1851504,-26649,81579,782075,-24674,-504011,-102236,-1851504,-0.3046265,-7.0629272,0
3592,1779177367727878600,1,1,50,-79856,-1851504,-26513,82480,782075,-22349,-516444,-102236,-1851504,-0.3046265,-7.0629272,0
3593,1779177367732876161,1,1,50,-102224,-1851504,-25335,79199,784152,-19911,-531165,-102236,-1851504,-0.3899536,-7.0629272,0
3594,1779177367737861913,1,1,50,-102224,-1851504,-24275,76474,783914,-17364,-546561,-102236,-1851504,-0.3899536,-7.0629272,0
3595,1779177367742863377,1,1,50,-79856,-1851504,-24114,77158,780354,-14719,-561132,-102236,-1851504,-0.3046265,-7.0629272,0
3596,1779177367747856521,1,1,50,-79856,1609440,-23065,74302,777387,-12002,-572101,-102236,-1851504,-0.3046265,6.1395264,0
3597,1779177367752900547,1,1,50,-102224,-1851504,-22884,74931,775072,-9238,-576789,-102236,1609440,-0.3899536,-7.0629272,0
3598,1779177367757866586,1,1,50,-102224,-1851504,-22733,75686,772699,-6597,-573817,-102236,-1851504,-0.3899536,-7.0629272,0
3599,1779177367762861171,1,1,50,-102224,-1851504,-23962,77339,770028,-4138,-566177,-102236,-1851504,-0.3899536,-7.0629272,0
3600,1779177367767878636,1,1,50,-79856,-1851504,-22870,74543,768129,-1922,-557262,-102236,-1851504,-0.3046265,-7.0629272,0
3601,1779177367772861380,1,1,50,-79856,-1851504,-22738,75376,766468,20,-549753,-102236,-1851504,-0.3046265,-7.0629272,0
3602,1779177367778042016,1,1,50,-79856,-1851504,-22575,76176,765399,1813,-545819,-102236,-1851504,-0.3046265,-7.0629272,0
3603,1779177367783066681,1,1,50,-79856,-1851504,-22262,77623,764925,3400,-542918,-102236,-1851504,-0.3046265,-7.0629272,0
3604,1779177367787931566,1,1,50,-79856,-1851504,-20250,71414,765459,4826,-541087,-102236,-1851504,-0.3046265,-7.0629272,0
3605,1779177367792871141,1,1,50,-79856,-1851504,-20092,72315,766290,6187,-541553,-102236,-1851504,-0.3046265,-7.0629272,0
3606,1779177367797861502,1,1,50,-79856,-1851504,-19906,73121,766349,7506,-543339,-102236,-1851504,-0.3046265,-7.0629272,0
3607,1779177367802862678,1,1,50,-102224,-1851504,-19701,73841,766112,8789,-545422,-102236,-1851504,-0.3899536,-7.0629272,0
3608,1779177367807865711,1,1,50,-102224,-1851504,-19493,74533,766112,10044,-547476,-102236,-1851504,-0.3899536,-7.0629272,0
3609,1779177367812962633,1,1,50,-102224,1851488,-19838,76026,766052,11294,-549854,-102236,-1851504,-0.3899536,7.0628662,0
3610,1779177367817836799,1,1,50,-79856,1851488,-18734,73344,763797,12443,-550378,-102236,1851488,-0.3046265,7.0628662,0
3611,1779177367823022524,1,1,50,-79856,1851488,-17595,70482,762076,13598,-551913,-102236,1851488,-0.3046265,7.0628662,0
3612,1779177367827997811,1,1,50,-79856,1851488,-17341,70920,762195,14675,-551604,-102236,1851488,-0.3046265,7.0628662,0
3613,1779177367832860393,1,1,50,-79856,1851488,-17019,70778,763916,15693,-550786,-102236,1851488,-0.3046265,7.0628662,0
3614,1779177367837864257,1,1,50,-79856,1851488,-15935,68023,765696,16698,-550532,-102236,1851488,-0.3046265,7.0628662,0
3615,1779177367842856441,1,1,50,-79856,1851488,-15652,68279,768485,17680,-549911,-102236,1851488,-0.3046265,7.0628662,0
3616,1779177367847858866,1,1,50,-79856,1851488,-14587,65528,772046,18648,-549955,-102236,1851488,-0.3046265,7.0628662,0
3617,1779177367852586468,1,1,50,-79856,1851488,-14319,65807,775606,19558,-549646,-102236,1851488,-0.3046265,7.0628662,0
3618,1779177367857866531,1,1,50,-79856,1851488,-13912,65657,778692,20561,-553693,-102236,1851488,-0.3046265,7.0628662,0
3619,1779177367862962462,1,1,50,-79856,1851488,-13729,64001,780116,21561,-556566,-102236,1851488,-0.3046265,7.0628662,0
3620,1779177367867863604,1,1,50,-79856,1851488,-13403,63967,779879,22520,-558850,-102236,1851488,-0.3046265,7.0628662,0
3621,1779177367872928334,1,1,50,-79856,1851488,-13030,63726,778692,23487,-562088,-102236,1851488,-0.3046265,7.0628662,0
3622,1779177367877863524,1,1,50,-79856,1851488,-12691,63536,779226,24441,-563608,-102236,1851488,-0.3046265,7.0628662,0
3623,1779177367882868445,1,1,50,-79856,1851488,-11064,60085,781303,25412,-564287,-102236,1851488,-0.3046265,7.0628662,0
3624,1779177367887863733,1,1,50,-79856,1851488,-10067,57270,783558,26373,-563449,-102236,1851488,-0.3046265,7.0628662,0
3625,1779177367892868526,1,1,50,-79856,1851488,-9724,57057,785457,27301,-561518,-102236,1851488,-0.3046265,7.0628662,0
3626,1779177367897867878,1,1,50,-79856,1851488,-9395,56875,788128,28187,-558560,-102236,1851488,-0.3046265,7.0628662,0
3627,1779177367902871551,1,1,50,-79856,1851488,-9063,56674,792460,29038,-554935,-102236,1851488,-0.3046265,7.0628662,0
3628,1779177367907913912,1,1,50,-79856,1851488,-8075,53893,796792,29850,-551594,-102236,1851488,-0.3046265,7.0628662,0
3629,1779177367912865295,1,1,50,-79856,1851488,-7826,55706,799699,30592,-548537,-102236,1851488,-0.3046265,7.0628662,0
3630,1779177367917862600,1,1,50,-79856,1851488,-7508,55579,800352,31267,-547065,-102236,1851488,-0.3046265,7.0628662,0
3631,1779177367923210665,1,1,50,-79856,1851488,-7139,55269,799165,31917,-548933,-102236,1851488,-0.3046265,7.0628662,0
3632,1779177367927862457,1,1,50,-79856,1851488,-6919,55344,799521,32486,-548160,-102236,1851488,-0.3046265,7.0628662,0
3633,1779177367933014581,1,1,50,-79856,1851488,-5531,51100,802785,33117,-552514,-102236,1851488,-0.3046265,7.0628662,0
3634,1779177367937857673,1,1,50,-79856,1851488,-5291,51033,807117,33801,-555665,-102236,1851488,-0.3046265,7.0628662,0
3635,1779177367942873026,1,1,50,-79856,1851488,-4356,48219,810203,34566,-560930,-102236,1851488,-0.3046265,7.0628662,0
3636,1779177367947920828,1,1,50,-79856,1851488,-4080,47978,812755,35418,-566285,-102236,1851488,-0.3046265,7.0628662,0
3637,1779177367952903956,1,1,50,-79856,1851488,-3832,47787,816493,36354,-569923,-102236,1851488,-0.3046265,7.0628662,0
3638,1779177367958211796,1,1,50,-79856,1851488,-3523,47361,819935,37415,-573291,-102236,1851488,-0.3046265,7.0628662,0
3639,1779177367962901925,1,1,50,-79856,1851488,-4035,48221,822190,38387,-570647,-102236,1851488,-0.3046265,7.0628662,0
3640,1779177367967866588,1,1,50,-79856,1851488,-3118,45395,822902,39339,-569190,-102236,1851488,-0.3046265,7.0628662,0
3641,1779177367972900949,1,1,50,-79856,1851488,-2903,45164,820825,40212,-567038,-102236,1851488,-0.3046265,7.0628662,0
3642,1779177367977876173,1,1,50,-79856,1851488,-2708,44976,819757,40989,-563290,-102236,1851488,-0.3046265,7.0628662,0
3643,1779177367982897126,1,1,50,-79856,1851488,-2118,44755,822190,41709,-558551,-102236,1851488,-0.3046265,7.0628662,0
3644,1779177367987864318,1,1,50,-79856,1851488,-1235,42012,826047,42360,-552310,-102236,1851488,-0.3046265,7.0628662,0
3645,1779177367992869942,1,1,50,-79856,1851488,-1047,41865,828659,42918,-546112,-102236,1851488,-0.3046265,7.0628662,0
3646,1779177367997903632,1,1,50,-79856,1851488,-187,39144,831151,43383,-540634,-102236,1851488,-0.3046265,7.0628662,0
3647,1779177368002921864,1,1,50,-79856,1851488,-2,39041,835780,43793,-535732,-102236,1851488,-0.3046265,7.0628662,0
3648,1779177368007914848,1,1,50,-79856,1851488,176,38957,840527,44159,-531117,-102236,1851488,-0.3046265,7.0628662,0
3649,1779177368012865207,1,1,50,-79856,1851488,210,39937,842070,44449,-526828,-102236,1851488,-0.3046265,7.0628662,0
3650,1779177368017863280,1,1,50,-79856,1851488,1048,37316,840942,44645,-524355,-102236,1851488,-0.3046265,7.0628662,0
3651,1779177368022865512,1,1,50,-79856,1851488,520,39772,839340,44772,-524204,-102236,1851488,-0.3046265,7.0628662,0
3652,1779177368027947362,1,1,50,-79856,1851488,1370,37094,841002,44914,-526931,-102236,1851488,-0.3046265,7.0628662,0
3653,1779177368032653363,1,1,50,-79856,1851488,1607,37534,846343,45142,-528664,-102236,1851488,-0.3046265,7.0628662,0
3654,1779177368037819407,1,1,50,-79856,1851488,2444,34772,850853,45468,-534713,-102236,1851488,-0.3046265,7.0628662,0
3655,1779177368042869544,1,1,50,-79856,1851488,2596,34554,854116,45915,-539510,-102236,1851488,-0.3046265,7.0628662,0
3656,1779177368047862624,1,1,50,-79856,1851488,2734,34339,857380,46459,-543559,-102236,1851488,-0.3046265,7.0628662,0
3657,1779177368052863096,1,1,50,-79856,1851488,2869,34089,861416,47099,-545951,-102236,1851488,-0.3046265,7.0628662,0
3658,1779177368057862001,1,1,50,-79856,1851488,3644,31360,864857,47795,-545905,-102236,1851488,-0.3046265,7.0628662,0
3659,1779177368062866057,1,1,50,-79856,1851488,3710,31882,864442,48458,-544357,-102236,1851488,-0.3046265,7.0628662,0
3660,1779177368067872705,1,1,50,-79856,1851488,3821,31625,861772,49033,-542777,-102236,1851488,-0.3046265,7.0628662,0
3661,1779177368072865209,1,1,50,-79856,1851488,3924,31366,861297,49551,-541565,-102236,1851488,-0.3046265,7.0628662,0
3662,1779177368077862609,1,1,50,-79856,1851488,4019,31110,864561,50067,-540018,-102236,1851488,-0.3046265,7.0628662,0
3663,1779177368082895434,1,1,50,-79856,1851488,4966,28676,868596,50589,-537603,-102236,1851488,-0.3046265,7.0628662,0
3664,1779177368087865954,1,1,50,-79664,1851488,5050,28445,871266,51087,-534052,-102038,1851488,-0.3038940,7.0628662,0
3665,1779177368092871098,1,1,50,-79424,1851488,5134,28198,874056,51556,-531023,-101803,1851488,-0.3029785,7.0628662,0
3666,1779177368097867186,1,1,50,-79312,1851488,5842,25561,878506,52014,-527787,-101690,1851488,-0.3025513,7.0628662,0
3667,1779177368102862858,1,1,50,-78272,1851488,5920,25348,883016,52517,-522926,-100641,1851488,-0.2985840,7.0628662,0
3668,1779177368107909219,1,1,50,-77328,1851488,5997,25137,884144,52993,-517562,-99703,1851488,-0.2949829,7.0628662,0
3669,1779177368112946108,1,1,50,-76800,1851488,5873,25566,881651,53356,-513407,-99181,1851488,-0.2929688,7.0628662,0
3670,1779177368117869907,1,1,50,-76976,1851488,5911,25414,879871,53595,-511628,-99354,1851488,-0.2936401,7.0628662,0
3671,1779177368122931308,1,1,50,-77424,1851488,6593,22814,883016,53809,-513759,-99800,1851488,-0.2953491,7.0628662,0
3672,1779177368127868355,1,1,50,-76784,1851488,6628,22624,890137,54169,-515785,-99161,1851488,-0.2929077,7.0628662,0
3673,1779177368132936125,1,1,50,-75872,1851488,7664,20284,894766,54616,-519692,-98240,1851488,-0.2894287,7.0628662,0
3674,1779177368138023415,1,1,50,-74176,1851488,7719,19979,898030,55323,-522421,-96549,1851488,-0.2829590,7.0628662,0
3675,1779177368142917772,1,1,50,-72816,1851488,7752,19738,902421,56158,-523048,-95190,1851488,-0.2777710,7.0628662,0
3676,1779177368147880260,1,1,50,-72160,1851488,7788,19462,906100,57068,-522738,-94530,1851488,-0.2752686,7.0628662,0
3677,1779177368152907388,1,1,50,-72048,1851488,7824,19159,905922,57954,-521002,-94417,1851488,-0.2748413,7.0628662,0
3678,1779177368157871028,1,1,50,-72192,1851488,7848,18884,903549,58724,-518264,-94570,1851488,-0.2753906,7.0628662,0
3679,1779177368162872652,1,1,50,-72432,1851488,7901,20508,903015,59400,-517266,-94805,1851488,-0.2763062,7.0628662,0
3680,1779177368167865188,1,1,50,-73680,1851488,7946,20184,906516,59994,-518693,-96055,1851488,-0.2810669,7.0628662,0
3681,1779177368172866332,1,1,50,-75248,1851488,8575,17579,910076,60536,-520879,-97627,1851488,-0.2870483,7.0628662,0
3682,1779177368177866644,1,1,50,-76272,1851488,8606,17254,911679,61052,-521360,-98652,1851488,-0.2909546,7.0628662,0
3683,1779177368182939950,1,1,50,-75744,1851488,8861,16012,914112,61628,-519157,-98112,1851488,-0.2889404,7.0628662,0
3684,1779177368187910021,1,1,50,-73472,1851488,8858,15715,917494,62312,-512305,-95852,1851488,-0.2802734,7.0628662,0
3685,1779177368193210917,1,1,50,-71568,1851488,8888,15283,921055,63054,-505016,-93944,1851488,-0.2730103,7.0628662,0
3686,1779177368197868405,1,1,50,-70576,1851488,8835,15234,923547,63643,-492708,-92950,1851488,-0.2692261,7.0628662,0
3687,1779177368202873037,1,1,50,-70704,1851488,9401,12802,922242,64006,-486006,-93075,1851488,-0.2697144,7.0628662,0
3688,1779177368207856997,1,1,50,-70240,1851488,9374,12652,919215,64225,-482087,-92609,1851488,-0.2679443,7.0628662,0
3689,1779177368212870685,1,1,50,-69808,1851488,9273,14784,920758,64411,-481281,-92187,1851488,-0.2662964,7.0628662,0
3690,1779177368217882294,1,1,50,-70880,1851488,9279,14578,928295,64596,-483625,-93251,1851488,-0.2703857,7.0628662,0
3691,1779177368222946543,1,1,50,-72064,1851488,9281,14330,934644,64819,-488863,-94434,1851488,-0.2749023,7.0628662,0
3692,1779177368227868454,1,1,50,-72576,1851488,9264,14107,936484,65112,-494599,-94947,1851488,-0.2768555,7.0628662,0
3693,1779177368232878910,1,1,50,-72416,1851488,9400,13655,938739,65541,-501267,-94785,1851488,-0.2762451,7.0628662,0
3694,1779177368238109564,1,1,50,-71760,1851488,9978,11003,941409,66176,-507109,-94138,1851488,-0.2737427,7.0628662,0
3695,1779177368242939952,1,1,50,-69888,1851488,9933,10779,939985,66940,-505225,-92262,1851488,-0.2666016,7.0628662,0
3696,1779177368247869574,1,1,50,-68240,1851488,9897,10499,937196,67725,-501328,-90617,1851488,-0.2603149,7.0628662,0
3697,1779177368252868926,1,1,50,-67472,1851488,9854,10231,938027,68477,-498028,-89853,1851488,-0.2573853,7.0628662,0
3698,1779177368257865878,1,1,50,-67440,1851488,9812,9943,941943,69190,-496824,-89812,1851488,-0.2572632,7.0628662,0
3699,1779177368262927440,1,1,50,-67744,1851488,9987,9615,944673,69874,-496789,-90125,1851488,-0.2584229,7.0628662,0
3700,1779177368267900776,1,1,50,-68112,1851488,9923,9361,946275,70518,-494301,-90481,1851488,-0.2598267,7.0628662,0
3701,1779177368272908928,1,1,50,-68240,1851488,9855,9117,949302,71122,-489478,-90620,1851488,-0.2603149,7.0628662,0
3702,1779177368277880215,1,1,50,-68272,1851488,10355,6720,953159,71654,-482095,-90646,1851488,-0.2604370,7.0628662,0
3703,1779177368283023603,1,1,50,-67280,1851488,10356,7514,955829,72138,-473874,-89660,1851488,-0.2566528,7.0628662,0
3704,1779177368287722372,1,1,50,-67104,1851488,10252,7547,954583,72404,-463356,-89472,1851488,-0.2559814,7.0628662,0
3705,1779177368293040932,1,1,50,-67440,1851488,10205,7296,951913,72443,-460731,-89810,1851488,-0.2572632,7.0628662,0
3706,1779177368297892312,1,1,50,-67776,1851488,10109,7261,952506,72416,-457416,-90155,1851488,-0.2585449,7.0628662,0
3707,1779177368302907665,1,1,50,-68240,1851488,10016,7174,958797,72369,-458410,-90611,1851488,-0.2603149,7.0628662,0
3708,1779177368307884008,1,1,50,-68464,1851488,10486,4881,964850,72397,-460799,-90845,1851488,-0.2611694,7.0628662,0
3709,1779177368313088357,1,1,50,-67392,1851488,10343,6005,966867,72565,-465348,-89764,1851488,-0.2570801,7.0628662,0
3710,1779177368317872216,1,1,50,-66768,1851488,10238,5968,969360,72862,-467213,-89137,1851488,-0.2546997,7.0628662,0
3711,1779177368324070733,1,1,50,-66560,1851488,9679,7409,972623,73338,-477864,-88928,1851488,-0.2539062,7.0628662,0
3712,1779177368327622467,1,1,50,-67040,1851488,10028,5750,970962,73729,-466933,-89415,1851488,-0.2557373,7.0628662,0
3713,1779177368333135847,1,1,50,-67088,1851488,9659,5197,967401,74013,-472256,-89464,1851488,-0.2559204,7.0628662,0
3714,1779177368337952443,1,1,50,-66560,1851488,8913,7309,967817,74381,-470754,-88929,1851488,-0.2539062,7.0628662,0
3715,1779177368343057685,1,1,50,-66560,1851488,9410,4897,971674,74774,-472596,-88929,1851488,-0.2539062,7.0628662,0
3716,1779177368347871561,1,1,50,-66224,1851488,9265,4816,974938,75221,-472376,-88600,1851488,-0.2526245,7.0628662,0
3717,1779177368352871201,1,1,50,-65904,1851488,9711,2455,977015,75709,-472289,-88281,1851488,-0.2514038,7.0628662,0
3718,1779177368357871545,1,1,50,-64896,1851488,9585,2277,979626,76270,-468860,-87274,1851488,-0.2475586,7.0628662,0
3719,1779177368362908530,1,1,50,-64080,1851488,9257,3730,983127,76841,-462417,-86457,1851488,-0.2444458,7.0628662,0
3720,1779177368367870026,1,1,50,-64576,1851488,9148,3636,985619,77257,-453554,-86950,1851488,-0.2463379,7.0628662,0
3721,1779177368372880226,1,1,50,-65488,1851488,9039,3561,983720,77412,-445236,-87865,1851488,-0.2498169,7.0628662,0
3722,1779177368377882842,1,1,50,-66272,1851488,8930,3495,981762,77329,-439258,-88651,1851488,-0.2528076,7.0628662,0
3723,1779177368382930547,1,1,50,-66752,1851488,8634,3243,984551,77135,-437191,-89129,1851488,-0.2546387,7.0628662,0
3724,1779177368387870794,1,1,50,-66784,1851488,9055,1081,991198,76981,-437668,-89166,1851488,-0.2547607,7.0628662,0
3725,1779177368392976101,1,1,50,-65616,1851488,8927,947,995708,76963,-441558,-87994,1851488,-0.2503052,7.0628662,0
3726,1779177368397880539,1,1,50,-64288,1851488,8781,870,998081,77127,-445562,-86670,1851488,-0.2452393,7.0628662,0
3727,1779177368402868531,1,1,50,-63328,1851488,8636,742,1001226,77460,-451238,-85709,1851488,-0.2415771,7.0628662,0
3728,1779177368407923148,1,1,50,-62736,1851488,8496,546,1003185,77958,-456215,-85118,1851488,-0.2393188,7.0628662,0
3729,1779177368412874659,1,1,50,-62336,1851488,8148,2787,1000514,78521,-457813,-84704,1851488,-0.2377930,7.0628662,0
3730,1779177368417875931,1,1,50,-63568,1851488,8044,2590,998912,79005,-458961,-85937,1851488,-0.2424927,7.0628662,0
3731,1779177368422936565,1,1,50,-64832,1851488,7947,2332,1001583,79450,-460789,-87209,1851488,-0.2473145,7.0628662,0
3732,1779177368427883980,1,1,50,-65536,1851488,7845,2087,1004906,79899,-461732,-87906,1851488,-0.2500000,7.0628662,0
3733,1779177368432876324,1,1,50,-65616,1851488,7527,1986,1007398,80378,-461443,-87988,1851488,-0.2503052,7.0628662,0
3734,1779177368437872124,1,1,50,-65248,1851488,7947,-303,1010721,80895,-458101,-87623,1851488,-0.2489014,7.0628662,0
3735,1779177368442868724,1,1,50,-63792,1851488,7295,1502,1014697,81464,-451012,-86166,1851488,-0.2433472,7.0628662,0
3736,1779177368448090609,1,1,50,-63792,1851488,7730,-813,1018495,81936,-443339,-86166,1851488,-0.2433472,7.0628662,0
3737,1779177368452945350,1,1,50,-63024,1851488,7599,-894,1018911,82261,-431901,-85395,1851488,-0.2404175,7.0628662,0
3738,1779177368457909405,1,1,50,-62528,1851488,7478,-999,1017486,82371,-424347,-84905,1851488,-0.2385254,7.0628662,0
3739,1779177368462904533,1,1,50,-62432,1851488,7027,1701,1019445,82355,-422201,-84807,1851488,-0.2381592,7.0628662,0
3740,1779177368468015216,1,1,50,-64112,1851488,6965,1491,1026269,82264,-427050,-86481,1851488,-0.2445679,7.0628662,0
3741,1779177368472875749,1,1,50,-65536,1851488,6871,1373,1031669,82244,-434560,-87909,1851488,-0.2500000,7.0628662,0
3742,1779177368477869021,1,1,50,-65888,1851488,6795,1100,1033805,82376,-445524,-88265,1851488,-0.2513428,7.0628662,0
3743,1779177368482915254,1,1,50,-65280,1851488,6591,922,1035823,82790,-456066,-87648,1851488,-0.2490234,7.0628662,0
3744,1779177368487864941,1,1,50,-64464,1851488,6501,597,1037722,83464,-462584,-86835,1851488,-0.2459106,7.0628662,0
3745,1779177368492878277,1,1,50,-63792,1851488,6421,195,1036179,84280,-465115,-86166,1851488,-0.2433472,7.0628662,0
3746,1779177368497920863,1,1,50,-63488,1851488,6336,-207,1034280,85121,-464147,-85868,1851488,-0.2421875,7.0628662,0
3747,1779177368502899062,1,1,50,-63360,1851488,6249,-589,1036951,85941,-461451,-85735,1851488,-0.2416992,7.0628662,0
3748,1779177368507876846,1,1,50,-63296,1851488,6646,-2874,1041045,86729,-459009,-85674,1851488,-0.2414551,7.0628662,0
3749,1779177368512877254,1,1,50,-62224,1851488,6205,-712,1043834,87544,-455584,-84593,1851488,-0.2373657,7.0628662,0
3750,1779177368517869662,1,1,50,-62640,1851488,6157,-1055,1046920,88268,-450617,-85022,1851488,-0.2389526,7.0628662,0
3751,1779177368522896119,1,1,50,-102224,-1851504,6107,-1374,1050659,88865,-443831,-85774,1851488,-0.3899536,-7.0629272,0
3752,1779177368527867502,1,1,50,-63888,-1851504,6055,-1655,1053567,89299,-434537,-86258,-1851504,-0.2437134,-7.0629272,0
3753,1779177368533679418,1,1,50,-64096,-1851504,5388,-1426,1052854,89543,-430078,-86471,-1851504,-0.2445068,-7.0629272,0
3754,1779177368538053123,1,1,50,-64144,-1851504,4780,513,1052083,89630,-415759,-86512,-1851504,-0.2446899,-7.0629272,0
3755,1779177368543001690,1,1,50,-78736,-1851504,5212,-1530,1055762,89398,-412798,-87754,-1851504,-0.3003540,-7.0629272,0
3756,1779177368547876975,1,1,50,-65424,1851488,4644,177,1065079,89011,-420310,-87806,-1851504,-0.2495728,7.0628662,0
3757,1779177368552948393,1,1,50,-102224,1851488,5077,-1954,1065079,89011,-420310,-87806,1851488,-0.3899536,7.0628662,0
3758,1779177368557957473,1,1,50,-102224,1851488,5007,-2242,1066859,89069,-427891,-86773,1851488,-0.3899536,7.0628662,0
3759,1779177368562961337,1,1,50,-63168,1851488,4316,-1211,1068640,89379,-435546,-85544,1851488,-0.2409668,7.0628662,0
3760,1779177368567910640,1,1,50,-62768,1851488,4251,-1563,1067571,89847,-441279,-85145,1851488,-0.2394409,7.0628662,0
3761,1779177368572877160,1,1,50,-62592,1851488,4180,-1924,1064723,90399,-444634,-84961,1851488,-0.2387695,7.0628662,0
3762,1779177368577920929,1,1,50,-62496,1851488,4116,-2355,1064723,91016,-446667,-84879,1851488,-0.2384033,7.0628662,0
3763,1779177368582978618,1,1,50,-62480,1851488,3190,-3127,1068046,91695,-447778,-84859,1851488,-0.2383423,7.0628662,0
3764,1779177368587941618,1,1,50,-61872,1851488,3082,-3515,1071191,92436,-446454,-84248,1851488,-0.2360229,7.0628662,0
3765,1779177368592916873,1,1,50,-61216,1851488,2974,-3898,1073387,93191,-442666,-83585,1851488,-0.2335205,7.0628662,0
3766,1779177368597872192,1,1,50,-60688,1851488,2863,-4247,1076710,93908,-435956,-83071,1851488,-0.2315063,7.0628662,0
3767,1779177368602872856,1,1,50,-60352,1851488,2754,-4581,1080330,94530,-427358,-82721,1851488,-0.2302246,7.0628662,0
3768,1779177368607869296,1,1,50,-60256,1851488,3113,-6667,1081042,94962,-417493,-82628,1851488,-0.2298584,7.0628662,0
3769,1779177368612940106,1,1,50,-59264,1851488,2010,-4703,1079499,95222,-408432,-81643,1851488,-0.2260742,7.0628662,0
3770,1779177368617927906,1,1,50,-59632,1851488,1912,-4914,1081398,95276,-402596,-82007,1851488,-0.2274780,7.0628662,0
3771,1779177368622912154,1,1,50,-60160,1851488,1808,-5111,1089172,95253,-402133,-82531,1851488,-0.2294922,7.0628662,0
3772,1779177368627886033,1,1,50,-60256,1851488,1703,-5345,1096056,95287,-406557,-82635,1851488,-0.2298584,7.0628662,0
3773,1779177368632555970,1,1,50,-59760,1851488,168,-4200,1097065,95444,-412901,-82139,1851488,-0.2279663,7.0628662,0
3774,1779177368637874593,1,1,50,-59296,1851488,92,-4674,1097005,95792,-426881,-81668,1851488,-0.2261963,7.0628662,0
3775,1779177368642905114,1,1,50,-58368,1851488,-5,-5088,1096709,96465,-436552,-80744,1851488,-0.2226562,7.0628662,0
3776,1779177368647877202,1,1,50,-57408,1851488,-106,-5516,1093979,97344,-442112,-79784,1851488,-0.2189941,7.0628662,0
3777,1779177368652874922,1,1,50,-56608,1851488,-207,-5965,1092377,98349,-444010,-78985,1851488,-0.2159424,7.0628662,0
3778,1779177368657876674,1,1,50,-56608,1851488,142,-8189,1093979,99380,-444562,-78985,1851488,-0.2159424,7.0628662,0
3779,1779177368662971612,1,1,50,-55520,1851488,-292,-7329,1096471,100507,-444865,-77892,1851488,-0.2117920,7.0628662,0
3780,1779177368667879634,1,1,50,-55104,1851488,-846,-5963,1098014,101605,-442024,-77474,1851488,-0.2102051,7.0628662,0
3781,1779177368672922796,1,1,50,-55856,1851488,-925,-6431,1099142,102601,-437148,-78235,1851488,-0.2130737,7.0628662,0
3782,1779177368677919300,1,1,50,-56736,1851488,-1023,-6791,1101159,103419,-428591,-79107,1851488,-0.2164307,7.0628662,0
3783,1779177368682957821,1,1,50,-57072,1851488,-2057,-6819,1102761,104029,-418727,-79442,1851488,-0.2177124,7.0628662,0
3784,1779177368687915604,1,1,50,-56896,1851488,-1703,-8847,1101456,104396,-409019,-79266,1851488,-0.2170410,7.0628662,0
3785,1779177368692879243,1,1,50,-55568,1851488,-2264,-7344,1101278,104624,-402293,-77950,1851488,-0.2119751,7.0628662,0
3786,1779177368697875811,1,1,50,-55456,1851488,-2370,-7596,1106381,104764,-401379,-77834,1851488,-0.2115479,7.0628662,0
3787,1779177368702942173,1,1,50,-55488,1851488,-2473,-7910,1113384,104954,-406527,-77870,1851488,-0.2116699,7.0628662,0
3788,1779177368707920885,1,1,50,-55152,1851488,-2139,-9977,1115520,105290,-415250,-77525,1851488,-0.2103882,7.0628662,0
3789,1779177368712959118,1,1,50,-53216,1851488,-3024,-9354,1114333,105918,-425788,-75597,1851488,-0.2030029,7.0628662,0
3790,1779177368717882340,1,1,50,-51712,1851488,-3614,-8002,1113146,106819,-435174,-74080,1851488,-0.1972656,7.0628662,0
3791,1779177368722916605,1,1,50,-51712,1851488,-3726,-8502,1111069,107891,-443657,-74093,1851488,-0.1972656,7.0628662,0
3792,1779177368727877844,1,1,50,-52080,1851488,-3848,-8983,1109764,109058,-448245,-74448,1851488,-0.1986694,7.0628662,0
3793,1779177368732938382,1,1,50,-52048,1851488,-4930,-9784,1110891,110326,-450156,-74423,1851488,-0.1985474,7.0628662,0
3794,1779177368737891045,1,1,50,-51216,1851488,-4607,-12005,1112434,111637,-448402,-73592,1851488,-0.1953735,7.0628662,0
3795,1779177368742871356,1,1,50,-49200,1851488,-4744,-12480,1113621,113015,-442757,-71581,1851488,-0.1876831,7.0628662,0
3796,1779177368747883669,1,1,50,-47696,1851488,-4877,-12929,1114333,114338,-432676,-70071,1851488,-0.1819458,7.0628662,0
3797,1779177368752918126,1,1,50,-47008,1851488,-5012,-13314,1115164,115457,-419752,-69379,1851488,-0.1793213,7.0628662,0
3798,1779177368757876901,1,1,50,-91712,-1851504,-5153,-13598,1115876,116256,-406341,-69331,1851488,-0.3498535,-7.0629272,0
3799,1779177368762957887,1,1,50,-92160,-1851504,-6276,-11583,1113740,116699,-396298,-69784,-1851504,-0.3515625,-7.0629272,0
3800,1779177368767881877,1,1,50,-49216,-1851504,-6391,-11771,1112909,116780,-390715,-71588,-1851504,-0.1877441,-7.0629272,0
3801,1779177368772871501,1,1,50,-50480,1851488,-6497,-12026,1115935,116690,-391910,-72860,-1851504,-0.1925659,7.0628662,0
3802,1779177368777879686,1,1,50,-95520,-1851504,-6610,-12301,1120208,116658,-398656,-73137,1851488,-0.3643799,-7.0629272,0
3803,1779177368782912350,1,1,50,-94912,1851488,-7756,-10991,1121514,116826,-408873,-72542,-1851504,-0.3620605,7.0628662,0
3804,1779177368788097307,1,1,50,-94368,-1851504,-7416,-13174,1120208,117246,-421034,-71995,1851488,-0.3599854,-7.0629272,0
3805,1779177368792882286,1,1,50,-92464,1851488,-7552,-13516,1118250,117968,-428967,-70089,-1851504,-0.3527222,7.0628662,0
3806,1779177368797884006,1,1,50,-46112,-1851504,-7674,-13997,1115639,118944,-435908,-68491,1851488,-0.1759033,-7.0629272,0
3807,1779177368802896639,1,1,50,-45120,-1851504,-7797,-14498,1114037,120086,-439025,-67496,-1851504,-0.1721191,-7.0629272,0
3808,1779177368807923927,1,1,50,-44512,-1851504,-7920,-15008,1115342,121316,-438315,-66894,-1851504,-0.1697998,-7.0629272,0
3809,1779177368812947888,1,1,50,-44272,-1851504,-9250,-14246,1117419,122530,-435056,-66647,-1851504,-0.1688843,-7.0629272,0
3810,1779177368817896007,1,1,50,-89616,1851488,-9824,-12991,1118665,123594,-430315,-67242,-1851504,-0.3418579,7.0628662,0
3811,1779177368822964801,1,1,50,-89616,-1851504,-9935,-13474,1119318,124552,-424187,-67242,1851488,-0.3418579,-7.0629272,0
3812,1779177368827871287,1,1,50,-82576,1851488,-10061,-13841,1119615,125258,-415135,-68258,-1851504,-0.3150024,7.0628662,0
3813,1779177368832892943,1,1,50,-91472,-1851504,-11855,-14537,1118309,125692,-405723,-69097,1851488,-0.3489380,-7.0629272,0
3814,1779177368837904200,1,1,50,-46288,-1851504,-11556,-16521,1115698,125905,-396038,-68656,-1851504,-0.1765747,-7.0629272,0
3815,1779177368842943585,1,1,50,-89344,1851488,-11701,-16813,1115342,126002,-388288,-66968,-1851504,-0.3408203,7.0628662,0
3816,1779177368848045691,1,1,50,-88112,-1851504,-11842,-17128,1118487,126040,-385193,-65734,1851488,-0.3361206,-7.0629272,0
3817,1779177368852937905,1,1,50,-42832,1851488,-12420,-15739,1121514,126073,-386295,-65205,-1851504,-0.1633911,7.0628662,0
3818,1779177368857878280,1,1,50,-87936,-1851504,-12151,-17679,1122285,126116,-392666,-65553,1851488,-0.3354492,-7.0629272,0
3819,1779177368862943521,1,1,50,-42176,-1851504,-13873,-18102,1121692,126357,-401746,-64559,-1851504,-0.1608887,-7.0629272,0
3820,1779177368868119230,1,1,50,-40512,1851488,-14894,-15397,1119852,126889,-410943,-62890,-1851504,-0.1545410,7.0628662,0
3821,1779177368873291034,1,1,50,-85488,-1851504,-14599,-17564,1117300,127581,-418884,-63117,1851488,-0.3261108,-7.0629272,0
3822,1779177368877864168,1,1,50,-40240,1851488,-14780,-17907,1115817,128331,-421245,-62610,-1851504,-0.1535034,7.0628662,0
3823,1779177368883018468,1,1,50,-84496,-1851504,-14934,-18519,1117182,129253,-424036,-62127,1851488,-0.3223267,-7.0629272,0
3824,1779177368887925594,1,1,50,-83712,1851488,-16633,-19546,1119674,130238,-421776,-61334,-1851504,-0.3193359,7.0628662,0
3825,1779177368893092758,1,1,50,-82080,-1851504,-17250,-18565,1121395,131319,-417487,-59709,1851488,-0.3131104,-7.0629272,0
3826,1779177368897874345,1,1,50,-81888,1851488,-17452,-18952,1122404,132220,-409308,-59514,-1851504,-0.3123779,7.0628662,0
3827,1779177368902918210,1,1,50,-82080,-1851504,-17646,-19399,1122997,132954,-401212,-59711,1851488,-0.3131104,-7.0629272,0
3828,1779177368907943931,1,1,50,-82208,1851488,-17842,-19793,1121751,133463,-391654,-59825,-1851504,-0.3135986,7.0628662,0
3829,1779177368912892498,1,1,50,-82480,-1851504,-18942,-21987,1120030,133704,-382152,-60105,1851488,-0.3146362,-7.0629272,0
3830,1779177368917945163,1,1,50,-36496,-1851504,-19141,-22249,1120624,133818,-375045,-58878,-1851504,-0.1392212,-7.0629272,0
3831,1779177368922947715,1,1,50,-79904,1851488,-19350,-22461,1123828,133891,-371981,-57534,-1851504,-0.3048096,7.0628662,0
3832,1779177368927884666,1,1,50,-78880,1851488,-19567,-22638,1126498,133988,-374224,-56496,1851488,-0.3009033,7.0628662,0
3833,1779177368932888978,1,1,50,-78256,1851488,-21585,-23063,1127092,134178,-381422,-55884,1851488,-0.2985229,7.0628662,0
3834,1779177368937928459,1,1,50,-32256,1851488,-22292,-21443,1126558,134598,-390233,-54625,1851488,-0.1230469,7.0628662,0
3835,1779177368942901827,1,1,50,-31856,1851488,-22559,-21576,1125549,135205,-398191,-54235,1851488,-0.1215210,7.0628662,0
3836,1779177368947926587,1,1,50,-31824,1851488,-22825,-21726,1122997,135948,-404011,-54204,1851488,-0.1213989,7.0628662,0
3837,1779177368952879026,1,1,50,-31568,1851488,-23103,-21805,1121870,136787,-405998,-53938,1851488,-0.1204224,7.0628662,0
3838,1779177368958414903,1,1,50,-31232,1851488,-23349,-22124,1123235,137784,-406777,-53605,1851488,-0.1191406,7.0628662,0
3839,1779177368962954789,1,1,50,-30944,1851488,-25640,-21899,1125371,138627,-400233,-53316,1851488,-0.1180420,7.0628662,0
3840,1779177368971533715,1,1,50,-74960,1851488,-27351,-17409,1127033,140039,-406386,-52588,1851488,-0.2859497,7.0628662,0
3841,1779177368972957045,1,1,50,-74960,1851488,-27260,-17948,1128160,140303,-378944,-52588,1851488,-0.2859497,7.0628662,0
3842,1779177368978294773,1,1,50,-31312,-1851504,-26946,-19933,1129050,140648,-371828,-53683,1851488,-0.1194458,-7.0629272,0
3843,1779177368983191851,1,1,50,-31280,-1851504,-29390,-19570,1128338,140726,-364043,-53659,-1851504,-0.1193237,-7.0629272,0
3844,1779177368987925117,1,1,50,-75152,1851488,-29660,-19261,1127567,140682,-357166,-52777,-1851504,-0.2866821,7.0628662,0
3845,1779177368992883060,1,1,50,-74320,-1851504,-29897,-19058,1129110,140556,-353919,-51941,1851488,-0.2835083,-7.0629272,0
3846,1779177368997870764,1,1,50,-28816,-1851504,-30133,-18834,1131543,140436,-354133,-51184,-1851504,-0.1099243,-7.0629272,0
3847,1779177369002965478,1,1,50,-27984,-1851504,-30339,-18730,1133204,140394,-358149,-50354,-1851504,-0.1067505,-7.0629272,0
3848,1779177369007880508,1,1,50,-27024,-1851504,-30545,-18600,1134272,140513,-363713,-49392,-1851504,-0.1030884,-7.0629272,0
3849,1779177369012945717,1,1,50,-70624,1851488,-32931,-16438,1134984,140840,-370397,-48244,-1851504,-0.2694092,7.0628662,0
3850,1779177369017993198,1,1,50,-70208,1851488,-33054,-16485,1134450,141324,-376144,-47837,1851488,-0.2678223,7.0628662,0
3851,1779177369022912676,1,1,50,-69840,1851488,-33167,-16549,1132551,141909,-379311,-47468,1851488,-0.2664185,7.0628662,0
3852,1779177369027871963,1,1,50,-69312,1851488,-33267,-16643,1132255,142581,-380045,-46941,1851488,-0.2644043,7.0628662,0
3853,1779177369032933268,1,1,50,-68688,1851488,-35691,-17198,1133976,143320,-378602,-46315,1851488,-0.2620239,7.0628662,0
3854,1779177369037921516,1,1,50,-66880,1851488,-35761,-17388,1135756,144129,-373834,-44509,1851488,-0.2551270,7.0628662,0
3855,1779177369042991877,1,1,50,-65200,1851488,-36230,-15954,1137358,144946,-366815,-42824,1851488,-0.2487183,7.0628662,0
3856,1779177369047954844,1,1,50,-64640,1851488,-36271,-16133,1139376,145622,-358324,-42266,1851488,-0.2465820,7.0628662,0
3857,1779177369054043982,1,1,50,-64752,1851488,-36633,-15132,1140741,146205,-353102,-42373,1851488,-0.2470093,7.0628662,0
3858,1779177369057597924,1,1,50,-65168,1851488,-36357,-16345,1140622,146448,-341490,-42796,1851488,-0.2485962,7.0628662,0
3859,1779177369063018854,1,1,50,-65152,1851488,-38422,-16588,1141571,146513,-340798,-42769,1851488,-0.2485352,7.0628662,0
3860,1779177369068504489,1,1,50,-64128,1851488,-38416,-16890,1144717,146669,-343222,-41748,1851488,-0.2446289,7.0628662,0
3861,1779177369072929523,1,1,50,-62656,1851488,-38486,-16848,1147031,146942,-347887,-40281,1851488,-0.2390137,7.0628662,0
3862,1779177369078641372,1,1,50,-61216,-1851504,-39323,-13999,1148930,147535,-358885,-38832,1851488,-0.2335205,-7.0629272,0
3863,1779177369083407118,1,1,50,-60880,1851488,-41669,-15048,1150532,148283,-368538,-38498,-1851504,-0.2322388,7.0628662,0
3864,1779177369088028125,1,1,50,-59728,-1851504,-41746,-15139,1151778,149269,-376297,-37350,1851488,-0.2278442,-7.0629272,0
3865,1779177369092932627,1,1,50,-58064,1851488,-41790,-15375,1151244,150555,-381351,-35689,-1851504,-0.2214966,7.0628662,0
3866,1779177369097932523,1,1,50,-56432,-1851504,-41812,-15673,1150354,152036,-381637,-34054,1851488,-0.2152710,-7.0629272,0
3867,1779177369102904098,1,1,50,-55152,1851488,-41821,-15973,1151363,153562,-376448,-32779,-1851504,-0.2103882,7.0628662,0
3868,1779177369107931578,1,1,50,-54160,-1851504,-41416,-17815,1153381,155027,-366467,-31777,1851488,-0.2066040,-7.0629272,0
3869,1779177369112934034,1,1,50,-8208,-1851504,-43697,-20573,1155220,156311,-352353,-30585,-1851504,-0.0313110,-7.0629272,0
3870,1779177369117885417,1,1,50,-49824,1851488,-44061,-19189,1157891,157458,-335197,-27444,-1851504,-0.1900635,7.0628662,0
3871,1779177369122908577,1,1,50,-47504,-1851504,-44050,-19307,1159968,158367,-319512,-25135,1851488,-0.1812134,-7.0629272,0
3872,1779177369128034460,1,1,50,-46496,1851488,-44023,-19408,1159730,158967,-308323,-24126,-1851504,-0.1773682,7.0628662,0
3873,1779177369132967698,1,1,50,-46368,-1851504,-46221,-20647,1160561,159291,-301854,-23993,1851488,-0.1768799,-7.0629272,0
3874,1779177369137885032,1,1,50,-256,1851488,-46592,-19161,1162579,159567,-298526,-22630,-1851504,-0.0009766,7.0628662,0
3875,1779177369142952034,1,1,50,880,-1851504,-46595,-19153,1164537,159861,-298145,-21503,1851488,0.0033569,-7.0629272,0
3876,1779177369147967706,1,1,50,-42896,1851488,-46981,-17615,1166317,160216,-298975,-20515,-1851504,-0.1636353,7.0628662,0
3877,1779177369152886736,1,1,50,-42240,-1851504,-46985,-17525,1168216,160632,-298001,-19858,1851488,-0.1611328,-7.0629272,0
3878,1779177369157886472,1,1,50,-41776,-1851504,-46980,-17411,1170175,161069,-293246,-19400,-1851504,-0.1593628,-7.0629272,0
3879,1779177369162911072,1,1,50,-41088,-1851504,-49851,-21528,1171421,161443,-284822,-18710,-1851504,-0.1567383,-7.0629272,0
3880,1779177369167884439,1,1,50,-36960,1851488,-49962,-21258,1172726,161891,-272970,-14586,-1851504,-0.1409912,7.0628662,0
3881,1779177369172884879,1,1,50,-33280,-1851504,-50056,-20941,1174922,162317,-261228,-10905,1851488,-0.1269531,-7.0629272,0
3882,1779177369177881831,1,1,50,-30928,-1851504,-50141,-20559,1176940,162634,-251994,-8549,-1851504,-0.1179810,-7.0629272,0
3883,1779177369182924704,1,1,50,-29824,1851488,-52725,-19699,1178364,162815,-245873,-7453,-1851504,-0.1137695,7.0628662,0
3884,1779177369187885015,1,1,50,-28640,1851488,-52372,-20900,1180025,162941,-242087,-6261,1851488,-0.1092529,7.0628662,0
3885,1779177369192897423,1,1,50,-27328,1851488,-52455,-20436,1181509,163075,-239890,-4959,1851488,-0.1042480,7.0628662,0
3886,1779177369197902407,1,1,50,-26096,1851488,-52523,-19948,1181984,163240,-237896,-3714,1851488,-0.0995483,7.0628662,0
3887,1779177369202923135,1,1,50,-25200,1851488,-52995,-17808,1182577,163419,-234630,-2816,1851488,-0.0961304,7.0628662,0
3888,1779177369207950616,1,1,50,-24656,1851488,-54745,-20866,1184357,163569,-229556,-2278,1851488,-0.0940552,7.0628662,0
3889,1779177369212929903,1,1,50,-22304,1851488,-55257,-18658,1186672,163770,-220736,92,1851488,-0.0850830,7.0628662,0
3890,1779177369217906855,1,1,50,-20240,1851488,-55298,-18075,1188986,163916,-208978,2144,1851488,-0.0772095,7.0628662,0
3891,1779177369222959584,1,1,50,-19008,1851488,-55310,-17464,1191656,163888,-197099,3380,1851488,-0.0725098,7.0628662,0
3892,1779177369227896534,1,1,50,-18464,1851488,-55307,-16805,1195098,163651,-188101,3921,1851488,-0.0704346,7.0628662,0
3893,1779177369232909390,1,1,50,-18304,1851488,-57276,-18440,1198540,163244,-182154,4084,1851488,-0.0698242,7.0628662,0
3894,1779177369237902534,1,1,50,-16208,1851488,-57282,-17815,1201626,162874,-177009,6190,1851488,-0.0618286,7.0628662,0
3895,1779177369242922654,1,1,50,-13936,1851488,-57269,-17165,1204534,162566,-171835,8458,1851488,-0.0531616,7.0628662,0
3896,1779177369247898614,1,1,50,-12352,1851488,-57226,-16537,1206789,162268,-166881,10032,1851488,-0.0471191,7.0628662,0
3897,1779177369252893677,1,1,50,33168,1851488,-57513,-14548,1209341,161932,-161618,10808,1851488,0.1265259,7.0628662,0
3898,1779177369257902725,1,1,50,33520,1851488,-57051,-15327,1212842,161529,-155499,11153,1851488,0.1278687,7.0628662,0
3899,1779177369262932638,1,1,50,33792,-1851504,-59179,-17411,1216224,161032,-148492,11434,1851488,0.1289062,-7.0629272,0
3900,1779177369267910709,1,1,50,36336,-1851504,-59430,-15570,1217708,160568,-139493,13977,-1851504,0.1386108,-7.0629272,0
3901,1779177369272895821,1,1,50,-6048,1851488,-59315,-15000,1219073,160070,-129716,16344,-1851504,-0.0230713,7.0628662,0
3902,1779177369277897701,1,1,50,39968,-1851504,-59174,-14427,1221031,159450,-121404,17606,1851488,0.1524658,-7.0629272,0
3903,1779177369282912989,1,1,50,40320,-1851504,-60582,-15815,1222515,158680,-115710,17954,-1851504,0.1538086,-7.0629272,0
3904,1779177369287883444,1,1,50,-2832,1851488,-60449,-15285,1224117,157920,-111258,19557,-1851504,-0.0108032,7.0628662,0
3905,1779177369292924525,1,1,50,41920,-1851504,-60290,-14777,1226609,157081,-108395,19557,1851488,0.1599121,-7.0629272,0
3906,1779177369297898340,1,1,50,43072,-1851504,-60111,-14301,1229458,156303,-105546,20706,-1851504,0.1643066,-7.0629272,0
3907,1779177369302928541,1,1,50,-480,-1851504,-60149,-12915,1231772,155565,-100290,21919,-1851504,-0.0018311,-7.0629272,0
3908,1779177369308218876,1,1,50,45152,-1851504,-61320,-14602,1233968,154754,-90398,22791,-1851504,0.1722412,-7.0629272,0
3909,1779177369313204467,1,1,50,46608,1851488,-61121,-14073,1235748,153883,-76478,24251,-1851504,0.1777954,7.0628662,0
3910,1779177369317901956,1,1,50,2784,1851488,-61139,-12669,1237232,152836,-60196,25172,1851488,0.0106201,7.0628662,0
3911,1779177369322913660,1,1,50,47728,1851488,-60885,-12085,1239665,151381,-42290,25375,1851488,0.1820679,7.0628662,0
3912,1779177369327943412,1,1,50,47360,1851488,-60619,-11433,1242513,149517,-26388,24997,1851488,0.1806641,7.0628662,0
3913,1779177369332896747,1,1,50,46768,1851488,-61860,-10974,1245183,147327,-13775,24403,1851488,0.1784058,7.0628662,0
3914,1779177369337887171,1,1,50,46784,1851488,-61576,-10278,1247082,144887,-3375,24419,1851488,0.1784668,7.0628662,0
3915,1779177369342918363,1,1,50,46896,1851488,-61277,-9555,1248329,142258,5476,24530,1851488,0.1788940,7.0628662,0
3916,1779177369347888659,1,1,50,46880,1851488,-61134,-8194,1249337,139527,13339,24519,1851488,0.1788330,7.0628662,0
3917,1779177369352883242,1,1,50,46864,1851488,-60801,-7477,1250406,136675,21443,24504,1851488,0.1787720,7.0628662,0
3918,1779177369357892706,1,1,50,46752,1851488,-60309,-7328,1251830,133697,29930,24384,1851488,0.1783447,7.0628662,0
3919,1779177369362874106,1,1,50,46352,1851488,-61987,-8556,1253432,130596,38255,23994,1851488,0.1768188,7.0628662,0
3920,1779177369367891826,1,1,50,48096,-1851504,-61683,-7785,1255272,127482,48212,25741,1851488,0.1834717,-7.0629272,0
3921,1779177369372892906,1,1,50,4720,-1851504,-61368,-6985,1256577,124321,59364,27108,-1851504,0.0180054,-7.0629272,0
3922,1779177369377890882,1,1,50,49776,1851488,-61045,-6136,1256933,121004,71031,27422,-1851504,0.1898804,7.0628662,0
3923,1779177369382919610,1,1,50,4592,-1851504,-62392,-6559,1256933,117449,82774,26991,1851488,0.0175171,-7.0629272,0
3924,1779177369387885841,1,1,50,50288,-1851504,-61978,-6086,1257111,113819,95210,27923,-1851504,0.1918335,-7.0629272,0
3925,1779177369392905290,1,1,50,50656,-1851504,-61783,-4660,1257883,109979,108066,28299,-1851504,0.1932373,-7.0629272,0
3926,1779177369397908258,1,1,50,50496,-1851504,-61472,-3596,1259366,105939,121473,28134,-1851504,0.1926270,-7.0629272,0
3927,1779177369403400133,1,1,50,49920,-1851504,-61104,-2423,1261147,101275,136915,27554,-1851504,0.1904297,-7.0629272,0
3928,1779177369408067157,1,1,50,49024,-1851504,-60801,-1292,1261562,96995,150566,26671,-1851504,0.1870117,-7.0629272,0
3929,1779177369412911209,1,1,50,48192,-1851504,-62118,-2793,1260850,92297,163879,25835,-1851504,0.1838379,-7.0629272,0
3930,1779177369417894145,1,1,50,49472,-1851504,-61834,-1513,1259841,87362,176965,27112,-1851504,0.1887207,-7.0629272,0
3931,1779177369422925721,1,1,50,50208,-1851504,-61638,222,1258951,82254,188477,27842,-1851504,0.1915283,-7.0629272,0
3932,1779177369428031700,1,1,50,50224,-1851504,-61318,1597,1257289,76940,197833,27858,-1851504,0.1915894,-7.0629272,0
3933,1779177369432997611,1,1,50,4928,-1851504,-62177,3656,1255746,71668,204775,27318,-1851504,0.0187988,-7.0629272,0
3934,1779177369437908449,1,1,50,4192,-1851504,-61837,5027,1250109,66405,209778,26589,-1851504,0.0159912,-7.0629272,0
3935,1779177369442943033,1,1,50,3616,-1851504,-61471,6408,1243225,61023,213359,26003,-1851504,0.0137939,-7.0629272,0
3936,1779177369447907696,1,1,50,3136,-1851504,-61104,7780,1233493,55781,215750,25521,-1851504,0.0119629,-7.0629272,0
3937,1779177369452907368,1,1,50,2736,-1851504,-60787,9402,1222218,50608,217930,25126,-1851504,0.0104370,-7.0629272,0
3938,1779177369457892096,1,1,50,2624,-1851504,-60389,10737,1213198,45573,220896,25011,-1851504,0.0100098,-7.0629272,0
3939,1779177369463023515,1,1,50,2464,-1851504,-61615,11994,1214622,40462,225427,24854,-1851504,0.0093994,-7.0629272,0
3940,1779177369467894031,1,1,50,2464,-1851504,-61204,13314,1221031,35640,231571,24856,-1851504,0.0093994,-7.0629272,0
3941,1779177369472885031,1,1,50,2144,1851488,-60770,14683,1225304,30664,238899,24535,-1851504,0.0081787,7.0628662,0
3942,1779177369477997250,1,1,50,46496,1851488,-60304,16068,1227559,25507,246414,24132,1851488,0.1773682,7.0628662,0
3943,1779177369482867926,1,1,50,46096,1851488,-61112,18575,1227262,20546,252717,23729,1851488,0.1758423,7.0628662,0
3944,1779177369487920495,1,1,50,45616,1851488,-60603,19966,1224532,15380,257515,23254,1851488,0.1740112,7.0628662,0
3945,1779177369492899079,1,1,50,45248,1851488,-60090,21338,1221328,10322,261466,22887,1851488,0.1726074,7.0628662,0
3946,1779177369497919039,1,1,50,44928,1851488,-59567,22746,1221684,5260,265810,22562,1851488,0.1713867,7.0628662,0
3947,1779177369502932151,1,1,50,44976,1851488,-59014,24085,1220556,264,271134,22608,1851488,0.1715698,7.0628662,0
3948,1779177369508003697,1,1,50,45728,1851488,-58454,25489,1219191,-4757,276813,23375,1851488,0.1744385,7.0628662,0
3949,1779177369513044106,1,1,50,45984,1851488,-59467,25682,1216877,-9664,281585,23627,1851488,0.1754150,7.0628662,0
3950,1779177369517899742,1,1,50,46800,1851488,-58929,26997,1214325,-14273,283464,24432,1851488,0.1785278,7.0628662,0
3951,1779177369522942359,1,1,50,47136,1851488,-58358,28328,1211952,-18925,282102,24780,1851488,0.1798096,7.0628662,0
3952,1779177369527919886,1,1,50,46960,1851488,-57782,29601,1209756,-23342,278602,24594,1851488,0.1791382,7.0628662,0
3953,1779177369532925766,1,1,50,46624,-1851504,-57787,31242,1207501,-27573,275479,24271,1851488,0.1778564,-7.0629272,0
3954,1779177369537919646,1,1,50,46736,-1851504,-57170,32433,1205365,-31572,274492,24368,-1851504,0.1782837,-7.0629272,0
3955,1779177369542948727,1,1,50,46448,-1851504,-56537,33620,1203288,-35457,275321,24091,-1851504,0.1771851,-7.0629272,0
3956,1779177369547924302,1,1,50,45552,-1851504,-55901,34778,1200499,-39243,276841,23198,-1851504,0.1737671,-7.0629272,0
3957,1779177369552971207,1,1,50,44112,1851488,-55246,35942,1197175,-43078,278543,21745,-1851504,0.1682739,7.0628662,0
3958,1779177369557931262,1,1,50,42208,1851488,-54527,36808,1193971,-46872,279832,19845,1851488,0.1610107,7.0628662,0
3959,1779177369563014104,1,1,50,40800,1851488,-54435,37295,1190826,-50746,280468,18438,1851488,0.1556396,7.0628662,0
3960,1779177369568049904,1,1,50,38352,1851488,-53766,38387,1187799,-54620,279328,15993,1851488,0.1463013,7.0628662,0
3961,1779177369572957382,1,1,50,34944,1851488,-53108,39418,1183883,-58448,276234,12580,1851488,0.1333008,7.0628662,0
3962,1779177369577903325,1,1,50,31408,1851488,-52440,40413,1179907,-62322,271493,9045,1851488,0.1198120,7.0628662,0
3963,1779177369583121690,1,1,50,27920,-1851504,-52223,41269,1175041,-66376,264792,5561,1851488,0.1065063,-7.0629272,0
3964,1779177369587979918,1,1,50,-19152,1851488,-51566,42146,1169759,-69992,257592,3240,-1851504,-0.0730591,7.0628662,0
3965,1779177369592967046,1,1,50,-16720,1851488,-50893,43013,1164537,-73228,251600,5667,1851488,-0.0637817,7.0628662,0
3966,1779177369597904572,1,1,50,-17360,1851488,-50223,43820,1159671,-76205,244642,5025,1851488,-0.0662231,7.0628662,0
3967,1779177369602925044,1,1,50,-20384,1851488,-49542,44591,1154033,-79142,236600,2010,1851488,-0.0777588,7.0628662,0
3968,1779177369607891947,1,1,50,-23056,1851488,-48758,44863,1148693,-81916,229891,-677,1851488,-0.0879517,7.0628662,0
3969,1779177369613160714,1,1,50,-24992,1851488,-48652,45360,1143114,-84565,225985,-2620,1851488,-0.0953369,7.0628662,0
3970,1779177369617985885,1,1,50,-25488,1851488,-47868,45507,1137655,-86914,224178,-3109,1851488,-0.0972290,7.0628662,0
3971,1779177369622964373,1,1,50,-25024,1851488,-47320,46617,1131661,-89214,223039,-2653,1851488,-0.0954590,7.0628662,0
3972,1779177369627943116,1,1,50,-29200,1851488,-46656,47260,1125193,-91616,220124,-6818,1851488,-0.1113892,7.0628662,0
3973,1779177369632940644,1,1,50,-30416,1851488,-46145,47860,1118725,-93921,217383,-8038,1851488,-0.1160278,7.0628662,0
3974,1779177369637896955,1,1,50,-27952,1851488,-45484,48456,1112019,-95864,216906,-5578,1851488,-0.1066284,7.0628662,0
3975,1779177369642873362,1,1,50,-24416,1851488,-44820,49055,1105669,-97461,217783,-2043,1851488,-0.0931396,7.0628662,0
3976,1779177369647975212,1,1,50,-25200,1851488,-44137,49641,1099260,-99070,215668,-2823,1851488,-0.0961304,7.0628662,0
3977,1779177369653166057,1,1,50,-18960,1851488,-43447,50255,1093148,-100127,215075,3430,1851488,-0.0723267,7.0628662,0
3978,1779177369657959932,1,1,50,-23120,1851488,-42796,50734,1087629,-101285,207674,-740,1851488,-0.0881958,7.0628662,0
3979,1779177369662917363,1,1,50,-28784,1851488,-41871,50866,1082229,-102623,194426,-6414,1851488,-0.1098022,7.0628662,0
3980,1779177369667897034,1,1,50,-30304,1851488,-41201,51207,1077541,-103709,181102,-7934,1851488,-0.1156006,7.0628662,0
3981,1779177369672895042,1,1,50,-30528,1851488,-40512,51421,1072912,-104464,169073,-8148,1851488,-0.1164551,7.0628662,0
3982,1779177369677887929,1,1,50,-33888,1851488,-39827,51559,1068283,-105132,156017,-11514,1851488,-0.1292725,7.0628662,0
3983,1779177369682936978,1,1,50,-35856,1851488,-38591,51366,1063655,-105610,143004,-13487,1851488,-0.1367798,7.0628662,0
3984,1779177369687890953,1,1,50,-37360,1851488,-37905,51285,1058551,-105861,130139,-14990,1851488,-0.1425171,7.0628662,0
3985,1779177369692891169,1,1,50,-35536,1851488,-37210,51110,1053270,-105684,117993,-13158,1851488,-0.1355591,7.0628662,0
3986,1779177369697985883,1,1,50,12272,1851488,-36504,50846,1048582,-105020,105201,-10104,1851488,0.0468140,7.0628662,0
3987,1779177369702917009,1,1,50,19744,1851488,-35810,50479,1043300,-103620,93538,-2630,1851488,0.0753174,7.0628662,0
3988,1779177369707891689,1,1,50,19536,1851488,-35102,49973,1037544,-102003,77489,-2832,1851488,0.0745239,7.0628662,0
3989,1779177369712913409,1,1,50,18064,1851488,-33760,46593,1032322,-100172,60061,-4317,1851488,0.0689087,7.0628662,0
3990,1779177369718306370,1,1,50,16832,1851488,-33299,46833,1025913,-97950,44549,-5536,1851488,0.0642090,7.0628662,0
3991,1779177369723275289,1,1,50,16688,1851488,-32621,45999,1019207,-95654,33119,-5695,1851488,0.0636597,7.0628662,0
3992,1779177369727954762,1,1,50,19552,1851488,-31959,45062,1013214,-93153,26124,-2822,1851488,0.0745850,7.0628662,0
3993,1779177369732897280,1,1,50,25408,-1851504,-30660,43292,1006745,-90055,22974,3042,1851488,0.0969238,-7.0629272,0
3994,1779177369737890904,1,1,50,22608,-1851504,-29981,42216,999862,-87136,16175,252,-1851504,0.0862427,-7.0629272,0
3995,1779177369742946257,1,1,50,16592,1851488,-29296,41035,993987,-84538,3903,-5777,-1851504,0.0632935,7.0628662,0
3996,1779177369747902728,1,1,50,13856,-1851504,-28935,40985,988349,-82012,-10264,-8524,1851488,0.0528564,-7.0629272,0
3997,1779177369752966465,1,1,50,-33488,1851488,-28267,39604,983068,-79406,-25847,-11110,-1851504,-0.1277466,7.0628662,0
3998,1779177369758113533,1,1,50,16080,-1851504,-27594,38107,978202,-76204,-37807,-6295,1851488,0.0613403,-7.0629272,0
3999,1779177369762954673,1,1,50,19856,-1851504,-26336,34361,973454,-72834,-48231,-2521,-1851504,0.0757446,-7.0629272,0
4000,1779177369767940808,1,1,50,22336,-800512,-25713,32684,968113,-69116,-56386,-34,-1851504,0.0852051,-3.0537109,0
4001,1779177369772935488,1,1,50,24096,1851488,-25095,30949,962476,-65252,-61646,1736,-800512,0.0919189,7.0628662,0
4002,1779177369777937432,1,1,50,25040,1851488,-24480,29163,957135,-61361,-64736,2683,1851488,0.0955200,7.0628662,0
4003,1779177369782925167,1,1,50,25792,1851488,-23170,26708,951260,-57516,-66903,3431,1851488,0.0983887,7.0628662,0
4004,1779177369787893767,1,1,50,27328,1851488,-22566,24806,945088,-53686,-68827,4973,1851488,0.1042480,7.0628662,0
4005,1779177369792889918,1,1,50,28992,1851488,-21952,22807,939154,-49834,-70966,6637,1851488,0.1105957,7.0628662,0
4006,1779177369797937623,1,1,50,29920,1851488,-21342,20753,933279,-45990,-73224,7552,1851488,0.1141357,7.0628662,0
4007,1779177369802949135,1,1,50,29712,1851488,-21189,20377,927167,-42295,-74916,7351,1851488,0.1133423,7.0628662,0
4008,1779177369807890374,1,1,50,29584,1851488,-20598,18238,920639,-38773,-74350,7224,1851488,0.1128540,7.0628662,0
4009,1779177369812903710,1,1,50,29920,1851488,-19211,14137,914646,-35329,-70457,7555,1851488,0.1141357,7.0628662,0
4010,1779177369817901686,1,1,50,31200,1851488,-17956,9393,901472,-28930,-55797,8833,1851488,0.1190186,7.0628662,0
4011,1779177369822961167,1,1,50,31200,1851488,-17942,9111,901472,-28930,-55797,8833,1851488,0.1190186,7.0628662,0
4012,1779177369828229133,1,1,50,32912,1851488,-17252,6299,894707,-25992,-48196,10557,1851488,0.1255493,7.0628662,0
4013,1779177369832994560,1,1,50,36704,1851488,-16630,4543,888654,-23469,-42927,14340,1851488,0.1400146,7.0628662,0
4014,1779177369837969559,1,1,50,41296,1851488,-15977,1614,882720,-20478,-35281,18940,1851488,0.1575317,7.0628662,0
4015,1779177369842924782,1,1,50,47632,1851488,-15289,-1510,876370,-17340,-29004,25266,1851488,0.1817017,7.0628662,0
4016,1779177369847920773,1,1,50,53888,1851488,-14579,-4785,870376,-14003,-23424,31530,1851488,0.2055664,7.0628662,0
4017,1779177369852916701,1,1,50,59696,-1851504,-14711,-4874,864739,-10522,-17703,37343,1851488,0.2277222,-7.0629272,0
4018,1779177369857954902,1,1,50,64000,1851488,-13997,-8345,858864,-6975,-10971,41647,-1851504,0.2441406,7.0628662,0
4019,1779177369863101713,1,1,50,64272,1851488,-12666,-13910,852633,-3608,-3923,41914,1851488,0.2451782,7.0628662,0
4020,1779177369867941029,1,1,50,64624,1851488,-11968,-17512,846817,-676,2973,42270,1851488,0.2465210,7.0628662,0
4021,1779177369872897212,1,1,50,68800,1851488,-11268,-21174,840824,2356,15620,46439,1851488,0.2624512,7.0628662,0
4022,1779177369877896308,1,1,50,73216,1851488,-11577,-21013,834889,5359,32096,50853,1851488,0.2792969,7.0628662,0
4023,1779177369882942701,1,1,50,73088,-1851504,-10362,-26259,828006,7973,47499,50729,1851488,0.2788086,-7.0629272,0
4024,1779177369887926373,1,1,50,72608,1851488,-9737,-29839,821419,10157,59267,50246,-1851504,0.2769775,7.0628662,0
4025,1779177369893267013,1,1,50,25632,1851488,-9177,-33313,814891,12033,67184,48028,1851488,0.0977783,7.0628662,0
4026,1779177369897963061,1,1,50,23152,1851488,-9594,-33007,808423,13331,65163,45546,1851488,0.0883179,7.0628662,0
4027,1779177369902961773,1,1,50,23280,1851488,-9068,-36533,801776,14697,63621,45667,1851488,0.0888062,7.0628662,0
4028,1779177369907904355,1,1,50,23088,1851488,-8540,-40138,795071,16000,61728,45487,1851488,0.0880737,7.0628662,0
4029,1779177369912904283,1,1,50,19120,1851488,-8570,-42614,788246,17026,59945,41519,1851488,0.0729370,7.0628662,0
4030,1779177369917921076,1,1,50,17392,1851488,-8124,-46283,782193,17920,61497,39787,1851488,0.0663452,7.0628662,0
4031,1779177369922953452,1,1,50,21792,1851488,-7681,-49978,775606,19042,70268,44177,1851488,0.0831299,7.0628662,0
4032,1779177369927914339,1,1,50,32560,1851488,-7211,-53722,768782,20664,87710,54951,1851488,0.1242065,7.0628662,0
4033,1779177369933191298,1,1,50,42304,1851488,-6259,-60052,762076,22025,106337,64692,1851488,0.1613770,7.0628662,0
4034,1779177369938000245,1,1,50,48768,1851488,-6969,-59433,755371,23545,128710,71161,1851488,0.1860352,7.0628662,0
4035,1779177369942937163,1,1,50,55040,1851488,-7672,-58648,748724,25521,159140,77435,1851488,0.2099609,7.0628662,0
4036,1779177369947915683,1,1,50,61104,1851488,-7259,-62132,741959,27361,188140,83492,1851488,0.2330933,7.0628662,0
4037,1779177369952957691,1,1,50,72096,1851488,-6823,-65589,735728,29421,218727,94490,1851488,0.2750244,7.0628662,0
4038,1779177369957901426,1,1,50,79840,1851488,-7557,-64376,729379,31396,245466,102236,1851488,0.3045654,7.0628662,0
4039,1779177369962928075,1,1,50,79840,1851488,-6683,-70701,723563,32925,266150,102236,1851488,0.3045654,7.0628662,0
4040,1779177369967922818,1,1,50,79840,1851488,-7464,-69293,717095,34085,281926,102236,1851488,0.3045654,7.0628662,0
4041,1779177369972918074,1,1,50,79840,1851488,-7049,-72575,709855,34977,294789,102236,1851488,0.3045654,7.0628662,0
4042,1779177369978004340,1,1,50,79840,1851488,-6642,-75781,702912,35671,306377,102236,1851488,0.3045654,7.0628662,0
4043,1779177369982932042,1,1,50,79840,1851488,-7217,-77031,696265,36165,315110,102236,1851488,0.3045654,7.0628662,0
4044,1779177369988073445,1,1,50,79840,1851488,-6845,-80247,689678,36547,324780,102236,1851488,0.3045654,7.0628662,0
4045,1779177369993004091,1,1,50,79840,1851488,-7676,-78611,682735,36780,331803,102236,1851488,0.3045654,7.0628662,0
4046,1779177369997977235,1,1,50,79840,1851488,-7285,-81850,675614,36928,339148,102236,1851488,0.3045654,7.0628662,0
4047,1779177370002922249,1,1,50,79840,1851488,-6877,-85071,669621,36986,346097,102236,1851488,0.3045654,7.0628662,0
4048,1779177370007937153,1,1,50,79840,1851488,-7751,-83299,663390,36966,353284,102236,1851488,0.3045654,7.0628662,0
4049,1779177370012978010,1,1,50,79840,1851488,-6719,-93496,657693,36868,360414,102236,1851488,0.3045654,7.0628662,0
4050,1779177370017882095,1,1,50,79840,1851488,-7657,-91696,652589,36700,366936,102236,1851488,0.3045654,7.0628662,0
4051,1779177370023033930,1,1,50,79840,1851488,-7320,-94931,646536,36465,375939,102236,1851488,0.3045654,7.0628662,0
4052,1779177370028021986,1,1,50,79840,1851488,-8273,-93012,641018,36150,384730,102236,1851488,0.3045654,7.0628662,0
4053,1779177370032985432,1,1,50,79840,1851488,-7910,-96247,635855,35759,395033,102236,1851488,0.3045654,7.0628662,0
4054,1779177370038032721,1,1,50,79840,1851488,-8876,-94190,631582,35265,407501,102236,1851488,0.3045654,7.0628662,0
4055,1779177370043090570,1,1,50,79840,1851488,-8513,-97393,627250,34653,421499,102236,1851488,0.3045654,7.0628662,0
4056,1779177370047911901,1,1,50,79840,1851488,-9440,-95292,623037,33947,435754,102236,1851488,0.3045654,7.0628662,0
4057,1779177370052898324,1,1,50,79840,1851488,-9039,-98517,618942,33094,452101,102236,1851488,0.3045654,7.0628662,0
4058,1779177370057901836,1,1,50,79840,1851488,-10006,-96172,614966,32099,468700,102236,1851488,0.3045654,7.0628662,0
4059,1779177370063551123,1,1,50,79840,1851488,-7930,-106596,610278,30832,487024,102236,1851488,0.3045654,7.0628662,0
4060,1779177370067824185,1,1,50,79840,1851488,-8827,-104467,605768,29762,498236,102236,1851488,0.3045654,7.0628662,0
4061,1779177370073344381,1,1,50,79840,1851488,-8551,-107253,600665,28329,513107,102236,1851488,0.3045654,7.0628662,0
4062,1779177370078157617,1,1,50,79840,1851488,-9560,-104739,595977,27013,522475,102236,1851488,0.3045654,7.0628662,0
4063,1779177370082948227,1,1,50,79840,1851488,-9118,-107866,590814,25701,530338,102236,1851488,0.3045654,7.0628662,0
4064,1779177370087897018,1,1,50,79840,1851488,-10153,-105205,585770,24363,537720,102236,1851488,0.3045654,7.0628662,0
4065,1779177370092913586,1,1,50,79840,1851488,-11172,-102471,581616,23028,544990,102236,1851488,0.3045654,7.0628662,0
4066,1779177370097895881,1,1,50,79840,1851488,-10806,-105347,577580,21726,552310,102236,1851488,0.3045654,7.0628662,0
4067,1779177370102933633,1,1,50,79840,1851488,-11825,-102527,572655,20439,559873,102236,1851488,0.3045654,7.0628662,0
4068,1779177370107904408,1,1,50,79840,1851488,-11428,-105428,569510,19185,567703,102236,1851488,0.3045654,7.0628662,0
4069,1779177370112900848,1,1,50,79840,1851488,-10414,-111055,567967,17923,576254,102236,1851488,0.3045654,7.0628662,0
4070,1779177370117901223,1,1,50,79840,1851488,-10054,-113813,566721,16649,585449,102236,1851488,0.3045654,7.0628662,0
4071,1779177370122913151,1,1,50,79840,1851488,-11164,-110831,566424,15348,594969,102236,1851488,0.3045654,7.0628662,0
4072,1779177370127895382,1,1,50,79840,1851488,-10809,-113485,566602,14025,604048,102236,1851488,0.3045654,7.0628662,0
4073,1779177370132888558,1,1,50,79840,1851488,-11923,-110430,566483,12677,611883,102236,1851488,0.3045654,7.0628662,0
4074,1779177370137897797,1,1,50,79840,1851488,-13015,-107335,565771,11325,617882,102236,1851488,0.3045654,7.0628662,0
4075,1779177370142934046,1,1,50,79840,1851488,-14082,-104204,562923,10008,621698,102236,1851488,0.3045654,7.0628662,0
4076,1779177370147911893,1,1,50,79840,1851488,-13781,-106741,558947,8785,623412,102236,1851488,0.3045654,7.0628662,0
4077,1779177370152889228,1,1,50,79840,1851488,-14823,-103639,554199,7666,623347,102236,1851488,0.3045654,7.0628662,0
4078,1779177370157914788,1,1,50,79840,1851488,-14525,-106067,547138,6681,621766,102236,1851488,0.3045654,7.0628662,0
4079,1779177370163294533,1,1,50,79840,1851488,-12517,-110853,540491,5785,619294,102236,1851488,0.3045654,7.0628662,0
4080,1779177370167913011,1,1,50,79840,1851488,-12128,-113454,535329,5145,616976,102236,1851488,0.3045654,7.0628662,0
4081,1779177370172899402,1,1,50,79840,1851488,-13206,-110387,531946,4557,614982,102236,1851488,0.3045654,7.0628662,0
4082,1779177370177898306,1,1,50,79840,1851488,-12875,-112759,530047,4049,613824,102236,1851488,0.3045654,7.0628662,0
4083,1779177370182919514,1,1,50,79840,1851488,-13956,-109679,530641,3581,613519,102236,1851488,0.3045654,7.0628662,0
4084,1779177370187905553,1,1,50,79840,1851488,-15007,-106619,533133,3128,613667,102236,1851488,0.3045654,7.0628662,0
4085,1779177370192945482,1,1,50,79840,1851488,-16052,-103526,537465,2657,613786,102236,1851488,0.3045654,7.0628662,0
4086,1779177370197900128,1,1,50,79840,1851488,-15798,-105807,542450,2175,613636,102236,1851488,0.3045654,7.0628662,0
4087,1779177370202920568,1,1,50,79840,1851488,-16850,-102729,545179,1693,613235,102236,1851488,0.3045654,7.0628662,0
4088,1779177370207893103,1,1,50,79840,1851488,-16591,-104956,538830,1316,612159,102236,1851488,0.3045654,7.0628662,0
4089,1779177370212903463,1,1,50,79840,1851488,-15103,-107199,529750,1067,610754,102236,1851488,0.3045654,7.0628662,0
4090,1779177370217901663,1,1,50,79840,1851488,-14794,-109444,519069,958,609007,102236,1851488,0.3045654,7.0628662,0
4091,1779177370222936215,1,1,50,79840,1851488,-15821,-106385,511770,949,607527,102236,1851488,0.3045654,7.0628662,0
4092,1779177370227900398,1,1,50,79840,1851488,-15479,-108586,508802,987,606936,102236,1851488,0.3045654,7.0628662,0
4093,1779177370233062281,1,1,50,79840,1851488,-16521,-105454,510820,1009,606822,102236,1851488,0.3045654,7.0628662,0
4094,1779177370237899101,1,1,50,79840,1851488,-17480,-102523,515508,984,605861,102236,1851488,0.3045654,7.0628662,0
4095,1779177370243064505,1,1,50,79840,1851488,-18486,-99412,520612,919,602289,102236,1851488,0.3045654,7.0628662,0
4096,1779177370248237012,1,1,50,79840,1851488,-19464,-96334,520315,902,595058,102236,1851488,0.3045654,7.0628662,0
4097,1779177370252987174,1,1,50,79840,1851488,-19130,-98785,515390,1011,585499,102236,1851488,0.3045654,7.0628662,0
4098,1779177370257906684,1,1,50,79840,1851488,-18776,-101172,510642,1265,575872,102236,1851488,0.3045654,7.0628662,0
4099,1779177370262952116,1,1,50,79840,1851488,-16814,-102502,508150,1638,568093,102236,1851488,0.3045654,7.0628662,0
4100,1779177370267902411,1,1,50,79840,1851488,-16431,-104946,507438,2068,563783,102236,1851488,0.3045654,7.0628662,0
4101,1779177370272916547,1,1,50,79840,1851488,-17398,-102118,506963,2525,564003,102236,1851488,0.3045654,7.0628662,0
4102,1779177370277921530,1,1,50,79840,1851488,-16967,-104621,505123,2961,568308,102236,1851488,0.3045654,7.0628662,0
4103,1779177370282925170,1,1,50,79840,1851488,-17917,-101748,503106,3337,574139,102236,1851488,0.3045654,7.0628662,0
4104,1779177370287902409,1,1,50,79840,1851488,-18830,-98871,500435,3644,578102,102236,1851488,0.3045654,7.0628662,0
4105,1779177370292901441,1,1,50,79840,1851488,-19716,-95977,498358,3905,578952,102236,1851488,0.3045654,7.0628662,0
4106,1779177370297901880,1,1,50,79840,1851488,-19275,-98471,497527,4146,578188,102236,1851488,0.3045654,7.0628662,0
4107,1779177370302920400,1,1,50,79840,1851488,-20156,-95572,496341,4388,577596,102236,1851488,0.3045654,7.0628662,0
4108,1779177370307900615,1,1,50,79840,1851488,-19676,-98105,495569,4624,577607,102236,1851488,0.3045654,7.0628662,0
4109,1779177370312920159,1,1,50,79840,1851488,-17770,-98262,495272,4846,577390,102236,1851488,0.3045654,7.0628662,0
4110,1779177370317915255,1,1,50,79840,1851488,-17235,-100944,493908,5065,576018,102236,1851488,0.3045654,7.0628662,0
4111,1779177370322934831,1,1,50,79840,1851488,-18126,-98064,492365,5298,573598,102236,1851488,0.3045654,7.0628662,0
4112,1779177370327909222,1,1,50,79840,1851488,-17553,-100800,492127,5538,571282,102236,1851488,0.3045654,7.0628662,0
4113,1779177370333138115,1,1,50,79840,1851488,-18474,-97821,491118,5808,569572,102236,1851488,0.3045654,7.0628662,0
4114,1779177370338362240,1,1,50,79840,1851488,-19365,-94849,490228,6083,568906,102236,1851488,0.3045654,7.0628662,0
4115,1779177370343088657,1,1,50,79840,1851488,-20144,-92159,489338,6326,569215,102236,1851488,0.3045654,7.0628662,0
4116,1779177370348030375,1,1,50,79840,1851488,-19573,-94946,487380,6575,569720,102236,1851488,0.3045654,7.0628662,0
4117,1779177370352977693,1,1,50,79840,1851488,-20381,-92122,486015,6811,570818,102236,1851488,0.3045654,7.0628662,0
4118,1779177370357915219,1,1,50,79840,1851488,-19760,-94971,485540,7022,572663,102236,1851488,0.3045654,7.0628662,0
4119,1779177370363013517,1,1,50,79840,1851488,-18164,-91791,483997,7216,574482,102236,1851488,0.3045654,7.0628662,0
4120,1779177370367925411,1,1,50,79840,1851488,-18932,-88962,483107,7376,575915,102236,1851488,0.3045654,7.0628662,0
4121,1779177370372904250,1,1,50,79840,1851488,-18290,-91787,483582,7508,576281,102236,1851488,0.3045654,7.0628662,0
4122,1779177370377948659,1,1,50,79840,1851488,-19077,-88886,483285,7630,575117,102236,1851488,0.3045654,7.0628662,0
4123,1779177370382958186,1,1,50,79840,1851488,-18427,-91663,482632,7759,572565,102236,1851488,0.3045654,7.0628662,0
4124,1779177370387962178,1,1,50,79840,1851488,-19206,-88815,483285,7901,569237,102236,1851488,0.3045654,7.0628662,0
4125,1779177370392919609,1,1,50,79840,1851488,-19953,-86011,483404,8064,565677,102236,1851488,0.3045654,7.0628662,0
4126,1779177370397973521,1,1,50,79840,1851488,-19291,-88887,483760,8253,562753,102236,1851488,0.3045654,7.0628662,0
4127,1779177370402940488,1,1,50,79840,1851488,-20041,-86098,484769,8448,561588,102236,1851488,0.3045654,7.0628662,0
4128,1779177370407919871,1,1,50,102224,-1851504,-19355,-88977,484709,8641,562171,102236,1851488,0.3899536,-7.0629272,0
4129,1779177370413011481,1,1,50,102224,-1851504,-16699,-86338,485006,8815,563998,102236,-1851504,0.3899536,-7.0629272,0
4130,1779177370417967760,1,1,50,102224,1851488,-15991,-89202,486015,8944,566420,102236,-1851504,0.3899536,7.0628662,0
4131,1779177370422945319,1,1,50,102224,1851488,-16743,-86372,485778,9041,568636,102236,1851488,0.3899536,7.0628662,0
4132,1779177370427916638,1,1,50,102224,1851488,-17469,-83533,485837,9106,570888,102236,1851488,0.3899536,7.0628662,0
4133,1779177370432921301,1,1,50,102224,-1851504,-16777,-86313,486193,9139,573386,102236,1851488,0.3899536,-7.0629272,0
4134,1779177370437955054,1,1,50,102224,256208,-17511,-83414,485778,9147,575850,102236,-1851504,0.3899536,0.9773560,0
4135,1779177370442940549,1,1,50,102224,1851488,-16794,-86173,485718,9129,578012,102236,256208,0.3899536,7.0628662,0
4136,1779177370447965437,1,1,50,102224,-1851504,-17527,-83262,485956,9087,579320,102236,1851488,0.3899536,-7.0629272,0
4137,1779177370452949268,1,1,50,102224,1851488,-16803,-85955,485362,8995,578434,102236,-1851504,0.3899536,7.0628662,0
4138,1779177370458011437,1,1,50,102224,-1851504,-17538,-83027,485362,8995,578434,102236,1851488,0.3899536,-7.0629272,0
4139,1779177370462997381,1,1,50,102224,1851488,-16186,-79268,486134,8957,577018,102236,-1851504,0.3899536,7.0628662,0
4140,1779177370467986652,1,1,50,102224,-1851504,-15516,-81971,486074,8938,575232,102236,1851488,0.3899536,-7.0629272,0
4141,1779177370472934578,1,1,50,102224,1851488,-16203,-79133,487024,8931,573644,102236,-1851504,0.3899536,7.0628662,0
4142,1779177370477911817,1,1,50,102224,1851488,-15520,-81830,488329,8932,572384,102236,1851488,0.3899536,7.0628662,0
4143,1779177370482934945,1,1,50,102224,1851488,-16219,-78959,488982,8941,571473,102236,1851488,0.3899536,7.0628662,0
4144,1779177370487900728,1,1,50,102224,1851488,-15532,-81609,490762,8944,571499,102236,1851488,0.3899536,7.0628662,0
4145,1779177370492914384,1,1,50,102224,1851488,-16232,-78738,492127,8937,572700,102236,1851488,0.3899536,7.0628662,0
4146,1779177370497912360,1,1,50,102224,1851488,-15539,-81332,493255,8908,575324,102236,1851488,0.3899536,7.0628662,0
4147,1779177370503056867,1,1,50,102224,1851488,-16258,-78352,494560,8840,579279,102236,1851488,0.3899536,7.0628662,0
4148,1779177370507906903,1,1,50,102224,1851488,-15533,-80963,494916,8737,584361,102236,1851488,0.3899536,7.0628662,0
4149,1779177370513063186,1,1,50,102224,1851488,-14009,-76190,495450,8575,589506,102236,1851488,0.3899536,7.0628662,0
4150,1779177370517917094,1,1,50,102224,1851488,-14648,-73304,496756,8369,594655,102236,1851488,0.3899536,7.0628662,0
4151,1779177370522930302,1,1,50,102224,1851488,-13974,-75688,497112,8112,598511,102229,1851488,0.3899536,7.0628662,0
4152,1779177370527908629,1,1,50,102224,1851488,-14628,-72696,497646,7830,600905,102236,1851488,0.3899536,7.0628662,0
4153,1779177370532908781,1,1,50,102224,1851488,-13939,-75063,498418,7508,601437,101831,1851488,0.3899536,7.0628662,0
4154,1779177370537927077,1,1,50,102224,1851488,-14597,-72050,498358,7190,600365,101620,1851488,0.3899536,7.0628662,0
4155,1779177370543023295,1,1,50,102224,1851488,-13910,-74354,499070,6856,597827,101016,1851488,0.3899536,7.0628662,0
4156,1779177370547926196,1,1,50,102224,1851488,-14552,-71437,500317,6560,595039,100786,1851488,0.3899536,7.0628662,0
4157,1779177370552926571,1,1,50,102224,1851488,-13844,-73804,501385,6270,592010,100330,1851488,0.3899536,7.0628662,0
4158,1779177370557919267,1,1,50,102224,1851488,-13106,-76151,502512,6017,589681,100199,1851488,0.3899536,7.0628662,0
4159,1779177370562974972,1,1,50,102224,1851488,-12465,-71883,502750,5803,588196,100467,1851488,0.3899536,7.0628662,0
4160,1779177370567915058,1,1,50,102224,1851488,-13097,-68981,502750,5594,587458,99716,1851488,0.3899536,7.0628662,0
4161,1779177370572923274,1,1,50,102224,1851488,-12387,-71368,503818,5306,586858,98361,1851488,0.3899536,7.0628662,0
4162,1779177370577932929,1,1,50,102224,1851488,-13028,-68428,504174,4979,586818,97400,1851488,0.3899536,7.0628662,0
4163,1779177370582953850,1,1,50,102224,1851488,-13645,-65480,504055,4609,587323,96367,1851488,0.3899536,7.0628662,0
4164,1779177370587941265,1,1,50,102224,1851488,-12951,-67836,504530,4183,588667,95223,1851488,0.3899536,7.0628662,0
4165,1779177370592925448,1,1,50,102224,1851488,-12218,-70189,505123,3729,591174,94639,1851488,0.3899536,7.0628662,0
4166,1779177370597915231,1,1,50,102224,1851488,-12856,-67221,506251,3270,594787,94633,1851488,0.3899536,7.0628662,0
4167,1779177370602946488,1,1,50,102224,1851488,-12116,-69520,507378,2774,598556,94406,1851488,0.3899536,7.0628662,0
4168,1779177370607923023,1,1,50,102224,1851488,-12755,-66522,508565,2273,602280,94484,1851488,0.3899536,7.0628662,0
4169,1779177370612941255,1,1,50,102224,1851488,-11699,-63790,510642,1716,605107,94087,1851488,0.3899536,7.0628662,0
4170,1779177370617920670,1,1,50,102224,1851488,-10961,-66122,511888,1068,606450,92694,1851488,0.3899536,7.0628662,0
4171,1779177370622945270,1,1,50,102224,1851488,-11588,-63073,512956,359,606737,91532,1851488,0.3899536,7.0628662,0
4172,1779177370627906125,1,1,50,102224,1851488,-10835,-65435,514855,-402,606499,90182,1851488,0.3899536,7.0628662,0
4173,1779177370632906404,1,1,50,102224,1851488,-11463,-62404,515983,-1158,606135,89653,1851488,0.3899536,7.0628662,0
4174,1779177370637908092,1,1,50,102224,1851488,-10702,-64777,516814,-1903,605855,89069,1851488,0.3899536,7.0628662,0
4175,1779177370642938420,1,1,50,102224,1851488,-11336,-61726,516992,-2579,606525,89354,1851488,0.3899536,7.0628662,0
4176,1779177370647904203,1,1,50,102224,1851488,-10545,-64169,516814,-3198,608170,89464,1851488,0.3899536,7.0628662,0
4177,1779177370652905027,1,1,50,102224,1851488,-11175,-61116,517110,-3742,610653,90303,1851488,0.3899536,7.0628662,0
4178,1779177370658175393,1,1,50,102224,1851488,-10387,-63454,516992,-4274,612420,90725,1851488,0.3899536,7.0628662,0
4179,1779177370662959475,1,1,50,102224,1851488,-9846,-61108,517704,-4705,614701,91387,1851488,0.3899536,7.0628662,0
4180,1779177370668037612,1,1,50,102224,1851488,-10465,-57987,519128,-5173,614641,91305,1851488,0.3899536,7.0628662,0
4181,1779177370673001827,1,1,50,102224,1851488,-9661,-60523,519365,-5666,612289,90374,1851488,0.3899536,7.0628662,0
4182,1779177370677915321,1,1,50,102224,1851488,-10261,-57534,519722,-6123,608351,89990,1851488,0.3899536,7.0628662,0
4183,1779177370682932081,1,1,50,102224,1851488,-9447,-60122,520671,-6549,602901,89590,1851488,0.3899536,7.0628662,0
4184,1779177370687903208,1,1,50,102224,1851488,-10055,-57153,521502,-6838,597221,90366,1851488,0.3899536,7.0628662,0
4185,1779177370692907583,1,1,50,102224,1851488,-9213,-59882,523045,-7007,591456,91197,1851488,0.3899536,7.0628662,0
4186,1779177370697909111,1,1,50,102224,1851488,-9826,-56947,523757,-6995,586765,92893,1851488,0.3899536,7.0628662,0
4187,1779177370702997777,1,1,50,102224,-1851504,-8978,-59701,524469,-6840,583219,94343,1851488,0.3899536,-7.0629272,0
4188,1779177370707908070,1,1,50,102224,-1851504,-9578,-56847,525240,-6557,581237,96097,-1851504,0.3899536,-7.0629272,0
4189,1779177370712916158,1,1,50,102224,-1851504,-7498,-60205,525359,-6145,580299,97948,-1851504,0.3899536,-7.0629272,0
4190,1779177370717914325,1,1,50,102224,-1851504,-8110,-57302,526487,-5592,580748,100572,-1851504,0.3899536,-7.0629272,0
4191,1779177370722940526,1,1,50,102224,-1851504,-7236,-60074,527851,-4985,581489,102236,-1851504,0.3899536,-7.0629272,0
4192,1779177370727925925,1,1,50,102224,-1851504,-7842,-57176,528148,-4436,581309,102236,-1851504,0.3899536,-7.0629272,0
4193,1779177370732916924,1,1,50,102224,-1851504,-6955,-59966,529157,-4001,580301,101189,-1851504,0.3899536,-7.0629272,0
4194,1779177370737907219,1,1,50,102224,-1851504,-7558,-57075,529928,-3626,579373,100667,-1851504,0.3899536,-7.0629272,0
4195,1779177370742932076,1,1,50,102224,-1851504,-6681,-59803,530997,-3319,578498,100004,-1851504,0.3899536,-7.0629272,0
4196,1779177370747981092,1,1,50,102224,-1851504,-7289,-56884,532243,-3027,578077,100120,-1851504,0.3899536,-7.0629272,0
4197,1779177370753069758,1,1,50,102224,-1851504,-6426,-59533,532896,-2756,577687,100102,-1851504,0.3899536,-7.0629272,0
4198,1779177370758004724,1,1,50,102224,-1851504,-7018,-56681,534498,-2484,577955,100702,-1851504,0.3899536,-7.0629272,0
4199,1779177370762955947,1,1,50,102224,-1851504,-6217,-55058,535447,-2191,579326,101494,-1851504,0.3899536,-7.0629272,0
4200,1779177370767928545,1,1,50,102224,-1851504,-5369,-57719,536871,-1916,582082,101971,-1851504,0.3899536,-7.0629272,0
4201,1779177370772911481,1,1,50,102224,-1851504,-5949,-54797,538948,-1693,586334,102236,-1851504,0.3899536,-7.0629272,0
4202,1779177370777911280,1,1,50,102224,-1851504,-5104,-57384,540491,-1580,591241,101766,-1851504,0.3899536,-7.0629272,0
4203,1779177370782933608,1,1,50,102224,-1851504,-5688,-54388,542628,-1595,596475,101114,-1851504,0.3899536,-7.0629272,0
4204,1779177370787911167,1,1,50,102224,-1851504,-4860,-56862,544467,-1769,601315,99882,-1851504,0.3899536,-7.0629272,0
4205,1779177370792913175,1,1,50,102224,-1851504,-5443,-53830,546782,-2062,605958,99125,-1851504,0.3899536,-7.0629272,0
4206,1779177370797910511,1,1,50,75712,-1851504,-4639,-56173,549511,-2484,609937,98097,-1851504,0.2888184,-7.0629272,0
4207,1779177370802930631,1,1,50,75344,-1851504,-5227,-53093,551707,-2975,613649,97737,-1851504,0.2874146,-7.0629272,0
4208,1779177370807907678,1,1,50,102224,-1851504,-4425,-55407,554615,-3545,616917,97093,-1851504,0.3899536,-7.0629272,0
4209,1779177370812917717,1,1,50,102224,-1851504,-3459,-51681,557167,-4151,619930,97033,-1851504,0.3899536,-7.0629272,0
4210,1779177370817915341,1,1,50,102224,-1851504,-2662,-53873,563279,-5580,623721,95941,-1851504,0.3899536,-7.0629272,0
4211,1779177370822962022,1,1,50,102224,-1851504,-3253,-50725,563279,-5580,623721,95941,-1851504,0.3899536,-7.0629272,0
4212,1779177370828182979,1,1,50,102224,-1851504,-2506,-52708,566187,-6447,624068,94338,-1851504,0.3899536,-7.0629272,0
4213,1779177370832924180,1,1,50,102224,-1851504,-3062,-49750,567314,-7253,623998,93444,-1851504,0.3899536,-7.0629272,0
4214,1779177370837979725,1,1,50,102224,-1851504,-2313,-51785,566602,-8113,623070,92504,-1851504,0.3899536,-7.0629272,0
4215,1779177370842959812,1,1,50,102224,-1851504,-2895,-48682,567908,-8922,622995,92301,-1851504,0.3899536,-7.0629272,0
4216,1779177370847959804,1,1,50,102224,-1851504,-2154,-50711,569391,-9724,623581,91903,-1851504,0.3899536,-7.0629272,0
4217,1779177370852917554,1,1,50,102224,-1851504,-2733,-47612,571053,-10487,625106,92026,-1851504,0.3899536,-7.0629272,0
4218,1779177370857902377,1,1,50,102224,-1851504,-2013,-49559,573248,-11272,626725,91674,-1851504,0.3899536,-7.0629272,0
4219,1779177370862965058,1,1,50,102224,-1851504,-1731,-46224,575503,-12078,628059,91499,-1851504,0.3899536,-7.0629272,0
4220,1779177370867913081,1,1,50,102224,-1851504,-1050,-48075,578293,-12933,628474,90440,-1851504,0.3899536,-7.0629272,0
4221,1779177370872974226,1,1,50,102224,-1851504,-381,-49782,581141,-13852,628525,89548,-1851504,0.3899536,-7.0629272,0
4222,1779177370877965705,1,1,50,102224,-1851504,-988,-46638,585058,-14762,629722,89353,-1851504,0.3899536,-7.0629272,0
4223,1779177370882955841,1,1,50,102224,-1851504,-347,-48266,588499,-15709,631618,88797,-1851504,0.3899536,-7.0629272,0
4224,1779177370887939928,1,1,50,102224,-1851504,-951,-45107,591229,-16671,633799,88523,-1851504,0.3899536,-7.0629272,0
4225,1779177370892933743,1,1,50,102224,-1851504,-340,-46624,592713,-17680,634854,87618,-1851504,0.3899536,-7.0629272,0
4226,1779177370897920006,1,1,50,64432,-1851504,-939,-43459,594018,-18708,634766,86823,-1851504,0.2457886,-7.0629272,0
4227,1779177370902932606,1,1,50,63200,1373536,-364,-44854,595799,-19781,633721,85585,-1851504,0.2410889,5.2396240,0
4228,1779177370907914613,1,1,50,102224,1851488,212,-46196,597341,-20850,632412,84646,1373536,0.3899536,7.0628662,0
4229,1779177370912991791,1,1,50,102224,-1851504,600,-41787,599596,-21911,630998,84281,1851488,0.3899536,-7.0629272,0
4230,1779177370917917157,1,1,50,102224,1851488,1172,-43076,602030,-22956,628963,83268,-1851504,0.3899536,7.0628662,0
4231,1779177370922938205,1,1,50,102224,-1851504,574,-39931,604937,-24030,626220,82358,1851488,0.3899536,-7.0629272,0
4232,1779177370927916564,1,1,50,102224,-1851504,1104,-41096,607608,-25111,623377,81129,-1851504,0.3899536,-7.0629272,0
4233,1779177370932915403,1,1,50,102224,-1851504,515,-37987,611584,-26205,621904,80253,-1851504,0.3899536,-7.0629272,0
4234,1779177370937916707,1,1,50,101632,-1851504,1017,-39075,615619,-27333,622293,79276,-1851504,0.3876953,-7.0629272,0
4235,1779177370943020189,1,1,50,101632,-1851504,908,-35756,619773,-28479,624237,79266,-1851504,0.3876953,-7.0629272,0
4236,1779177370947917874,1,1,50,101264,-1851504,1397,-36777,623452,-29608,625909,78911,-1851504,0.3862915,-7.0629272,0
4237,1779177370952977131,1,1,50,100736,-1851504,1860,-37621,627487,-30821,625476,78381,-1851504,0.3842773,-7.0629272,0
4238,1779177370958661459,1,1,50,100288,-1851504,1189,-34084,631463,-32192,622083,77935,-1851504,0.3825684,-7.0629272,0
4239,1779177370963194016,1,1,50,99920,-1851504,1680,-35193,635380,-33243,616853,77564,-1851504,0.3811646,-7.0629272,0
4240,1779177370967925137,1,1,50,100144,-1851504,1131,-32306,639593,-34259,610176,77791,-1851504,0.3820190,-7.0629272,0
4241,1779177370972905032,1,1,50,100064,-1851504,1546,-33135,645112,-35263,602908,77704,-1851504,0.3817139,-7.0629272,0
4242,1779177370977911520,1,1,50,99776,1069328,1944,-33888,651224,-36221,596017,77415,-1851504,0.3806152,4.0791626,0
4243,1779177370982931704,1,1,50,99456,1851488,2332,-34589,656684,-37129,589984,77098,1069328,0.3793945,7.0628662,0
4244,1779177370987949584,1,1,50,100032,1851488,1725,-31653,661847,-37975,585200,77668,1851488,0.3815918,7.0628662,0
4245,1779177370993866013,1,1,50,100464,1851488,1346,-28537,667781,-38856,582745,78100,1851488,0.3832397,7.0628662,0
4246,1779177370998227301,1,1,50,100080,1851488,1764,-29565,672054,-39484,580705,77727,1851488,0.3817749,7.0628662,0
4247,1779177371002965111,1,1,50,99712,1851488,2132,-30306,677038,-40208,579574,77508,1851488,0.3803711,7.0628662,0
4248,1779177371007974446,1,1,50,62480,1851488,1553,-27405,681786,-40958,579170,77879,1851488,0.2383423,7.0628662,0
4249,1779177371012942245,1,1,50,99952,1851488,2086,-27204,686652,-41739,577100,77593,1851488,0.3812866,7.0628662,0
4250,1779177371017976509,1,1,50,99056,1851488,2391,-27677,691637,-42586,571709,76702,1851488,0.3778687,7.0628662,0
4251,1779177371022953780,1,1,50,98400,1851488,1829,-24875,696621,-43412,562974,76042,1851488,0.3753662,7.0628662,0
4252,1779177371027981452,1,1,50,98544,1851488,2106,-25346,702318,-44145,552761,76184,1851488,0.3759155,7.0628662,0
4253,1779177371032933090,1,1,50,81040,1851488,2379,-25829,707303,-44736,542289,76385,1851488,0.3091431,7.0628662,0
4254,1779177371037923353,1,1,50,54032,1851488,1822,-23168,712881,-45220,533179,76431,1851488,0.2061157,7.0628662,0
4255,1779177371042996242,1,1,50,53440,1851488,2177,-25082,718163,-45660,526539,75834,1851488,0.2038574,7.0628662,0
4256,1779177371047921095,1,1,50,52704,1851488,2417,-25548,723444,-46083,523069,75102,1851488,0.2010498,7.0628662,0
4257,1779177371052922047,1,1,50,52816,1851488,1849,-22930,729675,-46512,523678,75209,1851488,0.2014771,7.0628662,0
4258,1779177371057964311,1,1,50,53120,1851488,2049,-23219,735847,-46989,527090,75509,1851488,0.2026367,7.0628662,0
4259,1779177371062941614,1,1,50,52560,1851488,1969,-23976,742375,-47606,530958,74949,1851488,0.2005005,7.0628662,0
4260,1779177371067968902,1,1,50,51232,1851488,1402,-21292,748843,-48426,533865,73618,1851488,0.1954346,7.0628662,0
4261,1779177371072919548,1,1,50,94320,1851488,1579,-21467,755786,-49431,534713,71953,1851488,0.3598022,7.0628662,0
4262,1779177371077922291,1,1,50,92480,1851488,1734,-21542,763026,-50624,533305,70114,1851488,0.3527832,7.0628662,0
4263,1779177371082946027,1,1,50,90416,1851488,1176,-18881,770325,-51971,529681,68051,1851488,0.3449097,7.0628662,0
4264,1779177371087963939,1,1,50,88112,1851488,2006,-21561,777683,-53441,525219,65748,1851488,0.3361206,7.0628662,0
4265,1779177371093603689,1,1,50,85584,1851488,2161,-23547,784092,-55027,523852,63228,1851488,0.3264771,7.0628662,0
4266,1779177371098245720,1,1,50,84000,1851488,1588,-21123,789552,-56461,522239,61632,1851488,0.3204346,7.0628662,0
4267,1779177371102954601,1,1,50,82608,1851488,1032,-18666,795071,-58079,521674,60249,1851488,0.3151245,7.0628662,0
4268,1779177371107924255,1,1,50,81040,1851488,1108,-18559,800886,-59879,522254,58674,1851488,0.3091431,7.0628662,0
4269,1779177371114115859,1,1,50,79008,1851488,796,-18502,807533,-62302,522417,56643,1851488,0.3013916,7.0628662,0
4270,1779177371117710441,1,1,50,76816,1851488,373,-16635,812280,-63676,519468,54456,1851488,0.2930298,7.0628662,0
4271,1779177371122934245,1,1,50,74832,1851488,369,-16316,817680,-65916,513014,52471,1851488,0.2854614,7.0628662,0
4272,1779177371127970781,1,1,50,72784,1851488,366,-16048,822665,-68067,504982,50429,1851488,0.2776489,7.0628662,0
4273,1779177371132963509,1,1,50,70720,1851488,360,-15801,827412,-70168,496625,48359,1851488,0.2697754,7.0628662,0
4274,1779177371137914475,1,1,50,68672,1851488,-227,-13375,832516,-72221,490057,46304,1851488,0.2619629,7.0628662,0
4275,1779177371142955363,1,1,50,66704,1851488,-464,-15239,837738,-74305,486919,44343,1851488,0.2544556,7.0628662,0
4276,1779177371147963866,1,1,50,65744,1851488,-535,-14889,843138,-76364,488107,43385,1851488,0.2507935,7.0628662,0
4277,1779177371153160822,1,1,50,64624,1851488,-652,-14336,849547,-78590,491867,42266,1851488,0.2465210,7.0628662,0
4278,1779177371157915368,1,1,50,62784,1851488,-724,-13930,856371,-80794,496256,40430,1851488,0.2395020,7.0628662,0
4279,1779177371163053987,1,1,50,60336,1851488,-1585,-11402,863315,-83415,498252,37983,1851488,0.2301636,7.0628662,0
4280,1779177371168188189,1,1,50,57760,1851488,-1720,-10737,870673,-86228,496415,35406,1851488,0.2203369,7.0628662,0
4281,1779177371172926094,1,1,50,55200,1851488,-1831,-10195,877023,-88921,490667,32843,1851488,0.2105713,7.0628662,0
4282,1779177371177936358,1,1,50,52912,1851488,-1986,-9521,882898,-91785,481555,30546,1851488,0.2018433,7.0628662,0
4283,1779177371182946749,1,1,50,50832,1851488,-2601,-7154,888238,-94575,472403,28475,1851488,0.1939087,7.0628662,0
4284,1779177371188086584,1,1,50,49104,1851488,-2794,-6422,893104,-97334,465514,26743,1851488,0.1873169,7.0628662,0
4285,1779177371193021774,1,1,50,47312,1851488,-2866,-7058,897792,-99928,462551,24947,1851488,0.1804810,7.0628662,0
4286,1779177371197698205,1,1,50,45968,-1851504,-3048,-6382,902362,-102292,463125,23613,1851488,0.1753540,-7.0629272,0
4287,1779177371202949082,1,1,50,44480,-1851504,-3693,-3966,906041,-105104,460092,22113,-1851504,0.1696777,-7.0629272,0
4288,1779177371207971218,1,1,50,42720,-1851504,-3930,-3107,909127,-107781,454875,20362,-1851504,0.1629639,-7.0629272,0
4289,1779177371212934057,1,1,50,-4064,1851488,-4083,-1845,911916,-110395,444664,18326,-1851504,-0.0155029,7.0628662,0
4290,1779177371217919008,1,1,50,38400,1851488,-4339,-951,914112,-112909,429460,16043,1851488,0.1464844,7.0628662,0
4291,1779177371222944152,1,1,50,36272,-1851504,-4617,-36,916663,-115239,411098,13912,1851488,0.1383667,-7.0629272,0
4292,1779177371227963823,1,1,50,34544,1851488,-5189,1932,919631,-117289,392053,12182,-1851504,0.1317749,7.0628662,0
4293,1779177371232918470,1,1,50,33344,1851488,-5464,2706,922835,-119003,374528,10978,1851488,0.1271973,7.0628662,0
4294,1779177371237969342,1,1,50,32224,1851488,-5762,3524,926336,-120474,359075,9860,1851488,0.1229248,7.0628662,0
4295,1779177371242968277,1,1,50,30976,1851488,-5856,4346,930965,-121723,346250,8613,1851488,0.1181641,7.0628662,0
4296,1779177371247967437,1,1,50,29456,1851488,-6165,5209,935831,-122841,334802,7095,1851488,0.1123657,7.0628662,0
4297,1779177371252961668,1,1,50,27712,-1851504,-6488,6112,940222,-123868,322927,5349,1851488,0.1057129,-7.0629272,0
4298,1779177371257964315,1,1,50,25968,1851488,-6818,7024,944495,-124795,309383,3615,-1851504,0.0990601,7.0628662,0
4299,1779177371263074421,1,1,50,24400,-1851504,-7057,7739,948234,-125595,294132,2041,1851488,0.0930786,-7.0629272,0
4300,1779177371267982570,1,1,50,-21200,-1851504,-7388,8571,950904,-126133,279127,1194,-1851504,-0.0808716,-7.0629272,0
4301,1779177371272983906,1,1,50,22848,-1851504,-7724,9395,953752,-126453,264100,489,-1851504,0.0871582,-7.0629272,0
4302,1779177371277950808,1,1,50,-22752,-1851504,-8058,10203,956601,-126561,249702,-373,-1851504,-0.0867920,-7.0629272,0
4303,1779177371282938287,1,1,50,-23856,-1851504,-8400,11029,958797,-126487,235823,-1475,-1851504,-0.0910034,-7.0629272,0
4304,1779177371287884453,1,1,50,19744,-879936,-8813,12133,961111,-126177,223058,-2624,-1851504,0.0753174,-3.3566895,0
4305,1779177371293015008,1,1,50,18848,-1851504,-8777,13319,963129,-125776,208062,-3522,-879936,0.0718994,-7.0629272,0
4306,1779177371297925077,1,1,50,17664,-1851504,-8977,13645,965206,-125223,193204,-4718,-1851504,0.0673828,-7.0629272,0
4307,1779177371303005806,1,1,50,17664,-1851504,-9344,14552,967757,-124405,178556,-4718,-1851504,0.0673828,-7.0629272,0
4308,1779177371307972676,1,1,50,16464,-1851504,-9607,15084,970250,-123456,164837,-5905,-1851504,0.0628052,-7.0629272,0
4309,1779177371312978460,1,1,50,14960,-1851504,-9475,15163,972801,-122392,151697,-7415,-1851504,0.0570679,-7.0629272,0
4310,1779177371317996212,1,1,50,13648,-1851504,-9793,15857,976006,-121225,138202,-8729,-1851504,0.0520630,-7.0629272,0
4311,1779177371322985771,1,1,50,12896,-1851504,-10023,16208,978973,-119919,123898,-9476,-1851504,0.0491943,-7.0629272,0
4312,1779177371327974498,1,1,50,12304,-1851504,-10242,16495,981940,-118445,109239,-10069,-1851504,0.0469360,-7.0629272,0
4313,1779177371332997146,1,1,50,11664,-1851504,-10155,16367,985441,-116798,95188,-10717,-1851504,0.0444946,-7.0629272,0
4314,1779177371337985137,1,1,50,-33760,-1851504,-10359,16551,988883,-115017,82253,-11378,-1851504,-0.1287842,-7.0629272,0
4315,1779177371343060554,1,1,50,-34496,-1851504,-10555,16687,992088,-113084,70010,-12120,-1851504,-0.1315918,-7.0629272,0
4316,1779177371347989919,1,1,50,9424,-1851504,-10736,16774,995292,-111113,58814,-12947,-1851504,0.0359497,-7.0629272,0
4317,1779177371353055416,1,1,50,8528,-1851504,-10911,16824,997844,-108953,48436,-13844,-1851504,0.0325317,-7.0629272,0
4318,1779177371357911564,1,1,50,7536,-1851504,-11079,16860,1000277,-106896,37545,-14841,-1851504,0.0287476,-7.0629272,0
4319,1779177371363021702,1,1,50,6576,-1851504,-10863,17573,1002888,-104667,26367,-15793,-1851504,0.0250854,-7.0629272,0
4320,1779177371367974044,1,1,50,5696,-1851504,-10998,17499,1005202,-102438,15666,-16683,-1851504,0.0217285,-7.0629272,0
4321,1779177371372922898,1,1,50,4896,-1851504,-11136,17424,1007101,-100142,4729,-17478,-1851504,0.0186768,-7.0629272,0
4322,1779177371377926442,1,1,50,4128,-1851504,-11265,17293,1009178,-97747,-6722,-18251,-1851504,0.0157471,-7.0629272,0
4323,1779177371382959842,1,1,50,3392,-1851504,-10893,16614,1011374,-95255,-18376,-18987,-1851504,0.0129395,-7.0629272,0
4324,1779177371387972153,1,1,50,2736,-1851504,-11033,16450,1013629,-92683,-29587,-19644,-1851504,0.0104370,-7.0629272,0
4325,1779177371392921039,1,1,50,2016,-1851504,-11166,16259,1015647,-90068,-40113,-20360,-1851504,0.0076904,-7.0629272,0
4326,1779177371397974280,1,1,50,1264,-1851504,-11296,16024,1017605,-87338,-50603,-21114,-1851504,0.0048218,-7.0629272,0
4327,1779177371402947615,1,1,50,496,-1851504,-11429,15803,1019741,-84596,-60940,-21882,-1851504,0.0018921,-7.0629272,0
4328,1779177371407967958,1,1,50,-272,-1851504,-11556,15537,1021106,-81775,-70891,-22643,-1851504,-0.0010376,-7.0629272,0
4329,1779177371412978926,1,1,50,-1008,-1851504,-11378,13559,1022412,-78913,-79711,-23381,-1851504,-0.0038452,-7.0629272,0
4330,1779177371417975045,1,1,50,-912,-1851504,-11544,13311,1024073,-75982,-86758,-23294,-1851504,-0.0034790,-7.0629272,0
4331,1779177371422953852,1,1,50,-1040,-1851504,-11708,13063,1025854,-73037,-92715,-23422,-1851504,-0.0039673,-7.0629272,0
4332,1779177371427972692,1,1,50,-1648,-1851504,-11872,12820,1027634,-70098,-98604,-24030,-1851504,-0.0062866,-7.0629272,0
4333,1779177371432971371,1,1,50,-3648,-1851504,-11728,11505,1028999,-67218,-105236,-24918,-1851504,-0.0139160,-7.0629272,0
4334,1779177371437972258,1,1,50,-3056,-1851504,-11829,10940,1029592,-64341,-112922,-25434,-1851504,-0.0116577,-7.0629272,0
4335,1779177371443000122,1,1,50,-47712,-1851504,-12008,10663,1030364,-61391,-121115,-25334,-1851504,-0.1820068,-7.0629272,0
4336,1779177371447989233,1,1,50,-47696,1851488,-12185,10381,1031135,-58403,-129385,-25325,-1851504,-0.1819458,7.0628662,0
4337,1779177371452992905,1,1,50,-48032,1851488,-12365,10106,1032085,-55369,-137657,-25656,1851488,-0.1832275,7.0628662,0
4338,1779177371457939551,1,1,50,-48704,1851488,-12539,9819,1032975,-52355,-145595,-26323,1851488,-0.1857910,7.0628662,0
4339,1779177371462948662,1,1,50,-49616,1851488,-12224,7810,1032915,-49313,-153299,-27242,1851488,-0.1892700,7.0628662,0
4340,1779177371467978158,1,1,50,-49760,1851488,-12437,7516,1029770,-46223,-160309,-27380,1851488,-0.1898193,7.0628662,0
4341,1779177371472918692,1,1,50,-49920,1851488,-12648,7239,1025735,-43176,-167037,-27548,1851488,-0.1904297,7.0628662,0
4342,1779177371477958236,1,1,50,-50400,1851488,-12861,6944,1017249,-40087,-174088,-28029,1851488,-0.1922607,7.0628662,0
4343,1779177371482969588,1,1,50,-51008,1851488,-12503,5239,1007279,-37045,-181019,-28628,1851488,-0.1945801,7.0628662,0
4344,1779177371487943563,1,1,50,-50928,1851488,-12739,4939,996004,-34019,-186895,-28550,1851488,-0.1942749,7.0628662,0
4345,1779177371492960098,1,1,50,-50848,1851488,-12978,4648,986510,-30979,-191826,-28469,1851488,-0.1939697,7.0628662,0
4346,1779177371497921017,1,1,50,-51040,1851488,-13213,4367,988527,-28001,-196529,-28668,1851488,-0.1947021,7.0628662,0
4347,1779177371502948593,1,1,50,-51264,1851488,-13445,4063,994165,-25004,-201988,-28894,1851488,-0.1955566,7.0628662,0
4348,1779177371508375730,1,1,50,-51696,1851488,-13675,3660,997725,-21795,-209167,-29321,1851488,-0.1972046,7.0628662,0
4349,1779177371513084163,1,1,50,-52448,1851488,-13454,2779,1000277,-18984,-216069,-30067,1851488,-0.2000732,7.0628662,0
4350,1779177371518146395,1,1,50,-53264,1851488,-13693,2416,1000633,-15979,-223717,-30892,1851488,-0.2031860,7.0628662,0
4351,1779177371523043120,1,1,50,-9232,1851488,-14166,2922,999327,-13093,-229891,-31614,1851488,-0.0352173,7.0628662,0
4352,1779177371528272109,1,1,50,-10528,1851488,-14173,1694,996954,-10056,-234843,-32899,1851488,-0.0401611,7.0628662,0
4353,1779177371533053087,1,1,50,-10816,1851488,-14026,1119,994995,-7402,-238814,-33185,1851488,-0.0412598,7.0628662,0
4354,1779177371537978997,1,1,50,-10784,1851488,-14039,-76,993453,-4694,-242463,-33163,1851488,-0.0411377,7.0628662,0
4355,1779177371542949035,1,1,50,-10016,1851488,-14275,-439,994046,-1938,-245244,-32384,1851488,-0.0382080,7.0628662,0
4356,1779177371547991587,1,1,50,-9344,1851488,-14513,-800,993927,854,-247013,-31712,1851488,-0.0356445,7.0628662,0
4357,1779177371552998043,1,1,50,-8768,1851488,-14741,-1166,992503,3587,-247331,-31151,1851488,-0.0334473,7.0628662,0
4358,1779177371557978866,1,1,50,-8128,1851488,-14972,-1484,990248,6242,-245793,-30504,1851488,-0.0310059,7.0628662,0
4359,1779177371563002218,1,1,50,-7072,1851488,-14740,-1160,988052,8848,-242183,-29447,1851488,-0.0269775,7.0628662,0
4360,1779177371567988129,1,1,50,-6272,1851488,-14954,-1427,985916,11310,-237341,-28647,1851488,-0.0239258,7.0628662,0
4361,1779177371572995032,1,1,50,-4848,1851488,-15168,-1650,983364,13678,-232071,-27223,1851488,-0.0184937,7.0628662,0
4362,1779177371577998607,1,1,50,-3152,1851488,-15384,-1816,980575,15951,-227149,-25524,1851488,-0.0120239,7.0628662,0
4363,1779177371582956966,1,1,50,-768,1851488,-15076,-3456,977964,18169,-222611,-23139,1851488,-0.0029297,7.0628662,0
4364,1779177371587965597,1,1,50,-656,1851488,-15286,-3596,974760,20227,-220233,-23035,1851488,-0.0025024,7.0628662,0
4365,1779177371592926132,1,1,50,-288,1851488,-15497,-3695,971733,22153,-219200,-22660,1851488,-0.0010986,7.0628662,0
4366,1779177371597981804,1,1,50,1520,1851488,-15703,-3798,969182,24129,-218770,-20862,1851488,0.0057983,7.0628662,0
4367,1779177371602982852,1,1,50,4112,1851488,-15917,-3837,965799,26156,-219339,-18269,1851488,0.0156860,7.0628662,0
4368,1779177371607981403,1,1,50,5152,1851488,-16129,-3862,962476,28167,-222307,-17222,1851488,0.0196533,7.0628662,0
4369,1779177371612996115,1,1,50,5232,1851488,-16245,-5447,959509,30152,-227127,-17141,1851488,0.0199585,7.0628662,0
4370,1779177371617983241,1,1,50,8144,1851488,-16492,-5447,955889,32316,-230350,-14227,1851488,0.0310669,7.0628662,0
4371,1779177371622984705,1,1,50,11840,1851488,-16748,-5379,951438,34683,-231072,-10534,1851488,0.0451660,7.0628662,0
4372,1779177371627991096,1,1,50,14432,1851488,-16670,-6532,947700,37125,-230238,-7943,1851488,0.0550537,7.0628662,0
4373,1779177371633212917,1,1,50,-30000,1851488,-16815,-7410,943605,39554,-229093,-7620,1851488,-0.1144409,7.0628662,0
4374,1779177371637982439,1,1,50,15440,1851488,-17084,-7175,939036,41678,-228122,-6936,1851488,0.0588989,7.0628662,0
4375,1779177371642991518,1,1,50,16224,1851488,-17343,-6963,933991,43828,-225809,-6156,1851488,0.0618896,7.0628662,0
4376,1779177371647982837,1,1,50,17824,1851488,-17606,-6666,928947,45918,-222413,-4551,1851488,0.0679932,7.0628662,0
4377,1779177371652930379,1,1,50,19104,-1851504,-17866,-6303,924081,47901,-218706,-3269,1851488,0.0728760,-7.0629272,0
4378,1779177371657978660,1,1,50,18480,1851488,-17737,-7392,918859,49700,-215888,-3901,-1851504,0.0704956,7.0628662,0
4379,1779177371662952186,1,1,50,18224,-1851504,-18086,-6206,914349,51305,-213680,-4144,1851488,0.0695190,-7.0629272,0
4380,1779177371667991987,1,1,50,17632,-1851504,-18333,-5711,909602,52755,-211691,-4744,-1851504,0.0672607,-7.0629272,0
4381,1779177371672926344,1,1,50,16944,1851488,-18585,-5135,904617,54005,-209848,-5430,-1851504,0.0646362,7.0628662,0
4382,1779177371677983681,1,1,50,16560,-1851504,-18830,-4531,899395,55141,-207108,-5809,1851488,0.0631714,-7.0629272,0
4383,1779177371682962552,1,1,50,16128,-1851504,-19214,-4406,894647,56105,-203736,-6255,-1851504,0.0615234,-7.0629272,0
4384,1779177371687567910,1,1,50,14352,-1851504,-19029,-5330,889544,56766,-200734,-8025,-1851504,0.0547485,-7.0629272,0
4385,1779177371692984167,1,1,50,-31168,-1851504,-19272,-4621,883966,57362,-195295,-8792,-1851504,-0.1188965,-7.0629272,0
4386,1779177371697976030,1,1,50,-32128,1851488,-19534,-3747,879634,57699,-189948,-9755,-1851504,-0.1225586,7.0628662,0
4387,1779177371702946453,1,1,50,-36176,1851488,-19803,-2794,875064,57632,-186711,-13801,1851488,-0.1380005,7.0628662,0
4388,1779177371707929036,1,1,50,-38128,1851488,-19571,-3710,870376,57354,-183924,-15744,1851488,-0.1454468,7.0628662,0
4389,1779177371712987876,1,1,50,-42288,1851488,-19969,-2942,865570,56726,-182627,-19913,1851488,-0.1613159,7.0628662,0
4390,1779177371717928026,1,1,50,-43376,1851488,-20266,-1825,861534,56020,-178866,-21002,1851488,-0.1654663,7.0628662,0
4391,1779177371722984499,1,1,50,-37088,1851488,-20577,-560,857024,55658,-167838,-14712,1851488,-0.1414795,7.0628662,0
4392,1779177371727929481,1,1,50,-31904,1851488,-20898,868,851624,55441,-152279,-9534,1851488,-0.1217041,7.0628662,0
4393,1779177371733023234,1,1,50,-32864,1851488,-21313,2468,846224,54862,-137718,-10483,1851488,-0.1253662,7.0628662,0
4394,1779177371737988921,1,1,50,-37248,1851488,-21012,1841,841358,53764,-126256,-14866,1851488,-0.1420898,7.0628662,0
4395,1779177371742950319,1,1,50,-38448,1851488,-21367,3690,835839,52416,-115463,-16076,1851488,-0.1466675,7.0628662,0
4396,1779177371747941766,1,1,50,-37696,1851488,-21059,3164,830083,50961,-105324,-15323,1851488,-0.1437988,7.0628662,0
4397,1779177371752981855,1,1,50,-35424,1851488,-21406,5234,824386,49513,-96250,-13052,1851488,-0.1351318,7.0628662,0
4398,1779177371758003478,1,1,50,-36416,1851488,-21772,7460,818689,47894,-90840,-14041,1851488,-0.1389160,7.0628662,0
4399,1779177371763172722,1,1,50,-40496,1851488,-21350,8216,813229,45907,-89834,-18123,1851488,-0.1544800,7.0628662,0
4400,1779177371768011173,1,1,50,-47488,1851488,-21744,10604,807533,43650,-91900,-25105,1851488,-0.1811523,7.0628662,0
4401,1779177371773095487,1,1,50,-51536,1851488,-22962,16024,802132,41124,-94691,-29156,1851488,-0.1965942,7.0628662,0
4402,1779177371778032532,1,1,50,-53504,1851488,-22534,15559,796910,38809,-94142,-31135,1851488,-0.2041016,7.0628662,0
4403,1779177371783136878,1,1,50,-51344,1851488,-22746,18295,791451,36507,-92791,-28962,1851488,-0.1958618,7.0628662,0
4404,1779177371787987778,1,1,50,-54640,1851488,-22318,17846,785873,34171,-92479,-32266,1851488,-0.2084351,7.0628662,0
4405,1779177371792979161,1,1,50,-58048,1851488,-22728,20490,780650,31630,-94456,-35676,1851488,-0.2214355,7.0628662,0
4406,1779177371797977456,1,1,50,-20032,1851488,-22285,19992,775369,28776,-99715,-42403,1851488,-0.0764160,7.0628662,0
4407,1779177371802943015,1,1,50,-24704,1851488,-22689,22671,770147,25835,-105466,-47080,1851488,-0.0942383,7.0628662,0
4408,1779177371807988031,1,1,50,-28384,1851488,-22245,22108,765459,22820,-111506,-50765,1851488,-0.1082764,7.0628662,0
4409,1779177371813206812,1,1,50,-31472,1851488,-22390,25244,759821,19720,-118093,-53850,1851488,-0.1200562,7.0628662,0
4410,1779177371818010158,1,1,50,-34880,1851488,-23823,31409,754836,16878,-122637,-57250,1851488,-0.1330566,7.0628662,0
4411,1779177371823010758,1,1,50,-34880,1851488,-23309,30769,749318,14109,-127890,-57250,1851488,-0.1330566,7.0628662,0
4412,1779177371827989020,1,1,50,-39680,1851488,-22825,30096,743739,11238,-135221,-62052,1851488,-0.1513672,7.0628662,0
4413,1779177371832984212,1,1,50,-47264,1851488,-23299,32944,738517,8102,-144759,-69645,1851488,-0.1802979,7.0628662,0
4414,1779177371837929194,1,1,50,-55840,1851488,-22826,32179,734007,4732,-154729,-78209,1851488,-0.2130127,7.0628662,0
4415,1779177371842962594,1,1,50,-62176,1851488,-23363,34784,729022,1196,-164444,-84549,1851488,-0.2371826,7.0628662,0
4416,1779177371848007610,1,1,50,-71776,1851488,-23974,37806,724394,-2655,-175785,-94148,1851488,-0.2738037,7.0628662,0
4417,1779177371852997105,1,1,50,-79856,1851488,-23497,36872,720477,-6626,-187213,-102236,1851488,-0.3046265,7.0628662,0
4418,1779177371858068970,1,1,50,-79856,1851488,-24143,39995,715789,-10309,-196363,-102236,1851488,-0.3046265,7.0628662,0
4419,1779177371862990816,1,1,50,-79856,1851488,-25030,41771,711398,-13583,-203562,-102236,1851488,-0.3046265,7.0628662,0
4420,1779177371867979479,1,1,50,-79856,1851488,-23389,36382,706947,-16645,-212965,-102236,1851488,-0.3046265,7.0628662,0
4421,1779177371872984430,1,1,50,-79856,1851488,-24119,39588,702912,-19438,-223882,-102236,1851488,-0.3046265,7.0628662,0
4422,1779177371877980453,1,1,50,-79856,1851488,-24886,42894,698995,-21937,-235629,-102236,1851488,-0.3046265,7.0628662,0
4423,1779177371882971740,1,1,50,-79856,1851488,-25706,46366,695197,-24150,-247574,-102236,1851488,-0.3046265,7.0628662,0
4424,1779177371887976532,1,1,50,-79856,1851488,-25235,45069,690747,-26097,-259126,-102236,1851488,-0.3046265,7.0628662,0
4425,1779177371892987723,1,1,50,-79856,1851488,-25086,41840,686771,-27793,-269589,-102236,1851488,-0.3046265,7.0628662,0
4426,1779177371897995235,1,1,50,-79856,1851488,-25980,45362,682795,-29264,-278669,-102236,1851488,-0.3046265,7.0628662,0
4427,1779177371902984666,1,1,50,-79856,1851488,-26903,48985,678581,-30536,-286633,-102236,1851488,-0.3046265,7.0628662,0
4428,1779177371907970705,1,1,50,-79856,1851488,-26443,47516,674427,-31642,-294581,-102236,1851488,-0.3046265,7.0628662,0
4429,1779177371912891430,1,1,50,-79856,1851488,-27749,48602,670155,-32579,-303051,-102236,1851488,-0.3046265,7.0628662,0
4430,1779177371917982848,1,1,50,-79856,1851488,-27301,47000,666475,-33389,-314649,-102236,1851488,-0.3046265,7.0628662,0
4431,1779177371922964087,1,1,50,-79856,1851488,-28288,50719,663746,-33989,-326974,-102236,1851488,-0.3046265,7.0628662,0
4432,1779177371927980846,1,1,50,-79856,1851488,-27831,49007,660838,-34402,-341260,-102236,1851488,-0.3046265,7.0628662,0
4433,1779177371933002214,1,1,50,-79856,1851488,-28789,52672,658049,-34609,-356556,-102236,1851488,-0.3046265,7.0628662,0
4434,1779177371938295556,1,1,50,-79856,1851488,-28290,50693,654785,-34609,-373840,-102236,1851488,-0.3046265,7.0628662,0
4435,1779177371943028949,1,1,50,-79856,1851488,-29922,51129,653301,-34396,-386838,-102236,1851488,-0.3046265,7.0628662,0
4436,1779177371947993068,1,1,50,-79856,1851488,-30955,54680,653361,-34013,-401493,-102236,1851488,-0.3046265,7.0628662,0
4437,1779177371953006083,1,1,50,-79856,1851488,-30452,52599,655022,-33444,-415208,-102236,1851488,-0.3046265,7.0628662,0
4438,1779177371957998939,1,1,50,-79856,1851488,-31443,56122,657515,-32716,-427399,-102236,1851488,-0.3046265,7.0628662,0
4439,1779177371962990066,1,1,50,-79856,1851488,-32408,59564,659770,-31854,-438248,-102236,1851488,-0.3046265,7.0628662,0
4440,1779177371967985801,1,1,50,-79856,1851488,-31828,57327,660779,-30889,-447798,-102236,1851488,-0.3046265,7.0628662,0
4441,1779177371972987776,1,1,50,-79856,1851488,-31277,55046,655853,-29874,-455984,-102236,1851488,-0.3046265,7.0628662,0
4442,1779177371978011896,1,1,50,-79856,1851488,-32109,58236,650156,-28834,-463411,-102236,1851488,-0.3046265,7.0628662,0
4443,1779177371983013487,1,1,50,-79856,1851488,-32951,61472,643391,-27796,-470202,-102236,1851488,-0.3046265,7.0628662,0
4444,1779177371987976806,1,1,50,-79856,1851488,-32359,59105,637279,-26772,-476818,-102236,1851488,-0.3046265,7.0628662,0
4445,1779177371993007134,1,1,50,-79856,1851488,-34165,59497,633778,-25727,-484130,-102236,1851488,-0.3046265,7.0628662,0
4446,1779177371997999797,1,1,50,-79856,1851488,-35021,62326,632828,-24662,-491534,-102236,1851488,-0.3046265,7.0628662,0
4447,1779177372002948907,1,1,50,-79856,1851488,-34410,59857,634549,-23561,-498853,-102236,1851488,-0.3046265,7.0628662,0
4448,1779177372007953922,1,1,50,-79856,1851488,-35192,62544,637576,-22396,-506330,-102236,1851488,-0.3046265,7.0628662,0
4449,1779177372012992218,1,1,50,-79856,1851488,-35951,65152,640721,-21171,-513661,-102236,1851488,-0.3046265,7.0628662,0
4450,1779177372018039058,1,1,50,-79856,1851488,-33930,57330,639534,-19926,-520309,-102236,1851488,-0.3046265,7.0628662,0
4451,1779177372022986856,1,1,50,-79856,1851488,-34635,59924,633718,-18732,-525819,-102236,1851488,-0.3046265,7.0628662,0
4452,1779177372027990879,1,1,50,-79856,1851488,-35281,62247,626835,-17574,-531308,-102236,1851488,-0.3046265,7.0628662,0
4453,1779177372032965270,1,1,50,-79856,1851488,-34649,59575,621019,-16464,-537046,-102236,1851488,-0.3046265,7.0628662,0
4454,1779177372037932716,1,1,50,-79856,1851488,-35278,61877,617459,-15376,-543514,-102236,1851488,-0.3046265,7.0628662,0
4455,1779177372042987076,1,1,50,-79856,1851488,-37944,60815,615678,-14265,-550504,-102236,1851488,-0.3046265,7.0628662,0
4456,1779177372048008188,1,1,50,-79856,1851488,-37314,58019,615975,-13137,-556839,-102236,1851488,-0.3046265,7.0628662,0
4457,1779177372052961298,1,1,50,-79856,1851488,-38043,60124,616509,-12006,-562065,-102236,1851488,-0.3046265,7.0628662,0
4458,1779177372057988265,1,1,50,-79856,1851488,-38773,62201,615026,-10871,-566534,-102236,1851488,-0.3046265,7.0628662,0
4459,1779177372062994112,1,1,50,-79856,1851488,-38116,59346,612652,-9774,-570189,-102236,1851488,-0.3046265,7.0628662,0
4460,1779177372068441826,1,1,50,-79856,1851488,-37436,56218,609744,-8629,-574251,-102236,1851488,-0.3046265,7.0628662,0
4461,1779177372072972078,1,1,50,-79856,1851488,-36897,53611,608023,-7707,-575484,-102236,1851488,-0.3046265,7.0628662,0
4462,1779177372078526994,1,1,50,-79856,1851488,-37470,55242,605827,-6644,-578602,-102236,1851488,-0.3046265,7.0628662,0
4463,1779177372082702006,1,1,50,-79856,1851488,-38201,57628,603928,-5881,-577327,-102236,1851488,-0.3046265,7.0628662,0
4464,1779177372087993876,1,1,50,-79856,1851488,-37550,54565,602267,-4996,-578744,-102236,1851488,-0.3046265,7.0628662,0
4465,1779177372093001707,1,1,50,-79856,1851488,-40105,55464,599834,-4218,-579165,-102236,1851488,-0.3046265,7.0628662,0
4466,1779177372097928672,1,1,50,-79856,1851488,-40896,57461,597816,-3513,-579709,-102236,1851488,-0.3046265,7.0628662,0
4467,1779177372102986649,1,1,50,-79856,1851488,-40271,54525,595799,-2847,-580389,-102236,1851488,-0.3046265,7.0628662,0
4468,1779177372107981711,1,1,50,-79856,1851488,-41060,56562,593544,-2243,-580132,-102236,1851488,-0.3046265,7.0628662,0
4469,1779177372112973126,1,1,50,-79856,1851488,-40451,53672,592297,-1692,-579033,-102236,1851488,-0.3046265,7.0628662,0
4470,1779177372118242244,1,1,50,-79856,1851488,-39841,50628,591645,-1167,-577709,-102236,1851488,-0.3046265,7.0628662,0
4471,1779177372122990933,1,1,50,-79856,1851488,-39320,47898,591585,-741,-574815,-102236,1851488,-0.3046265,7.0628662,0
4472,1779177372128017484,1,1,50,-79856,1851488,-40055,50023,591289,-356,-572594,-102236,1851488,-0.3046265,7.0628662,0
4473,1779177372132986723,1,1,50,-79856,1851488,-40803,52205,590814,-31,-570206,-102236,1851488,-0.3046265,7.0628662,0
4474,1779177372137974105,1,1,50,-79856,1851488,-40235,49370,590754,246,-568311,-102236,1851488,-0.3046265,7.0628662,0
4475,1779177372142996497,1,1,50,-79856,1851488,-42126,49786,590280,479,-567198,-102236,1851488,-0.3046265,7.0628662,0
4476,1779177372147807459,1,1,50,-79856,1851488,-41601,47060,590398,677,-566521,-102236,1851488,-0.3046265,7.0628662,0
4477,1779177372153044416,1,1,50,-79856,1851488,-42360,48978,590102,867,-567834,-102236,1851488,-0.3046265,7.0628662,0
4478,1779177372157984086,1,1,50,-79856,1851488,-43146,51023,589508,1045,-569050,-102236,1851488,-0.3046265,7.0628662,0
4479,1779177372162981741,1,1,50,-79856,1851488,-42587,48168,589034,1225,-571174,-102236,1851488,-0.3046265,7.0628662,0
4480,1779177372167975076,1,1,50,-79856,1851488,-42059,45305,588084,1409,-573481,-102236,1851488,-0.3046265,7.0628662,0
4481,1779177372172977883,1,1,50,-79840,1851488,-42798,47268,587491,1606,-575560,-102215,1851488,-0.3045654,7.0628662,0
4482,1779177372177973618,1,1,50,-79856,1851488,-42279,44386,586541,1805,-577000,-102236,1851488,-0.3046265,7.0628662,0
4483,1779177372182944456,1,1,50,-79600,1851488,-43002,46345,586126,2022,-577392,-101972,1851488,-0.3036499,7.0628662,0
4484,1779177372187960863,1,1,50,-79600,1851488,-43746,48352,586066,2230,-576883,-101978,1851488,-0.3036499,7.0628662,0
4485,1779177372193006231,1,1,50,-79856,1851488,-43029,41748,585888,2402,-575452,-102236,1851488,-0.3046265,7.0628662,0
4486,1779177372197971214,1,1,50,-79584,1851488,-43873,43811,586304,2564,-572936,-101967,1851488,-0.3035889,7.0628662,0
4487,1779177372202958628,1,1,50,-79008,1851488,-44739,45946,586066,2722,-569953,-101377,1851488,-0.3013916,7.0628662,0
4488,1779177372207984668,1,1,50,-79104,1851488,-44228,43095,585888,2826,-567396,-101482,1851488,-0.3017578,7.0628662,0
4489,1779177372212982323,1,1,50,-79104,1851488,-45089,45298,585592,2889,-565237,-101478,1851488,-0.3017578,7.0628662,0
4490,1779177372217990154,1,1,50,-79648,1851488,-44586,42471,585176,2882,-564535,-102026,1851488,-0.3038330,7.0628662,0
4491,1779177372222992289,1,1,50,-79856,1851488,-44115,39643,585592,2858,-565391,-102236,1851488,-0.3046265,7.0628662,0
4492,1779177372227967608,1,1,50,-79488,1851488,-44958,41950,585295,2866,-567059,-101862,1851488,-0.3032227,7.0628662,0
4493,1779177372232984719,1,1,50,-79200,1851488,-45843,44393,585710,2917,-569179,-101580,1851488,-0.3021240,7.0628662,0
4494,1779177372237986374,1,1,50,-79856,1851488,-45350,41536,586007,2952,-571251,-102236,1851488,-0.3046265,7.0628662,0
4495,1779177372242992317,1,1,50,-79856,1851488,-46808,41523,586185,3011,-572103,-102236,1851488,-0.3046265,7.0628662,0
4496,1779177372247961428,1,1,50,-79856,1851488,-47861,44248,587194,3086,-571687,-102236,1851488,-0.3046265,7.0628662,0
4497,1779177372253006860,1,1,50,-79856,1851488,-47364,41370,587787,3159,-570274,-102236,1851488,-0.3046265,7.0628662,0
4498,1779177372257949825,1,1,50,-79856,1851488,-48425,44273,588440,3216,-567468,-102236,1851488,-0.3046265,7.0628662,0
4499,1779177372262989529,1,1,50,-79856,1851488,-49487,47190,588321,3234,-563954,-102236,1851488,-0.3046265,7.0628662,0
4500,1779177372267983248,1,1,50,-79856,1851488,-47464,38635,588321,3208,-559980,-102236,1851488,-0.3046265,7.0628662,0
4501,1779177372272993992,1,1,50,-79840,1851488,-48463,41605,588262,3136,-556505,-102209,1851488,-0.3045654,7.0628662,0
4502,1779177372277989598,1,1,50,-79856,1851488,-49493,44728,587431,3015,-553860,-102236,1851488,-0.3046265,7.0628662,0
4503,1779177372282999222,1,1,50,-79856,1851488,-48994,41961,587313,2869,-552249,-102236,1851488,-0.3046265,7.0628662,0
4504,1779177372287986540,1,1,50,-79856,1851488,-49998,45143,586897,2708,-551464,-102236,1851488,-0.3046265,7.0628662,0
4505,1779177372292995876,1,1,50,-79856,1851488,-51032,45839,587491,2553,-551589,-102236,1851488,-0.3046265,7.0628662,0
4506,1779177372297984154,1,1,50,-79856,1851488,-52142,49081,588677,2421,-552310,-102236,1851488,-0.3046265,7.0628662,0
4507,1779177372302982865,1,1,50,-79856,1851488,-51597,46314,589864,2318,-553647,-102236,1851488,-0.3046265,7.0628662,0
4508,1779177372308187501,1,1,50,-79856,1851488,-52634,49398,590992,2246,-555997,-102236,1851488,-0.3046265,7.0628662,0
4509,1779177372312989472,1,1,50,-79856,1851488,-53693,52654,591407,2215,-557738,-102236,1851488,-0.3046265,7.0628662,0
4510,1779177372317988375,1,1,50,-79856,1851488,-53107,49852,592891,2221,-560697,-102236,1851488,-0.3046265,7.0628662,0
4511,1779177372322948589,1,1,50,-79856,1851488,-52554,47057,593900,2273,-563426,-102236,1851488,-0.3046265,7.0628662,0
4512,1779177372327976996,1,1,50,-79856,1851488,-53511,50168,594671,2364,-565602,-102236,1851488,-0.3046265,7.0628662,0
4513,1779177372332982940,1,1,50,-79856,1851488,-54450,53244,594730,2476,-566787,-102236,1851488,-0.3046265,7.0628662,0
4514,1779177372337975058,1,1,50,-79856,1851488,-53855,50412,593959,2588,-567277,-102236,1851488,-0.3046265,7.0628662,0
4515,1779177372342988042,1,1,50,-79856,1851488,-54339,50535,593900,2700,-567541,-102236,1851488,-0.3046265,7.0628662,0
4516,1779177372347990593,1,1,50,-79856,1851488,-55273,53505,593306,2801,-567612,-102236,1851488,-0.3046265,7.0628662,0
4517,1779177372352970199,1,1,50,-79856,1851488,-54676,50678,593069,2894,-567573,-102236,1851488,-0.3046265,7.0628662,0
4518,1779177372358004623,1,1,50,-79856,1851488,-57078,59297,592772,2979,-567651,-102236,1851488,-0.3046265,7.0628662,0
4519,1779177372362646558,1,1,50,-79856,1851488,-56460,56663,592772,3054,-567327,-102236,1851488,-0.3046265,7.0628662,0
4520,1779177372368027614,1,1,50,-79856,1851488,-55777,53597,593722,3141,-569935,-102236,1851488,-0.3046265,7.0628662,0
4521,1779177372372982996,1,1,50,-79856,1851488,-56582,56402,594849,3259,-571853,-102236,1851488,-0.3046265,7.0628662,0
4522,1779177372377976171,1,1,50,-79856,1851488,-57368,59150,596451,3412,-574375,-102236,1851488,-0.3046265,7.0628662,0
4523,1779177372382975906,1,1,50,-79856,1851488,-56698,56267,597698,3599,-576566,-102236,1851488,-0.3046265,7.0628662,0
4524,1779177372387973433,1,1,50,-79856,1851488,-57418,58897,599478,3820,-577855,-102236,1851488,-0.3046265,7.0628662,0
4525,1779177372392980112,1,1,50,-102224,1851488,-56308,57227,601614,4067,-578139,-102236,1851488,-0.3899536,7.0628662,0
4526,1779177372397985863,1,1,50,-102224,1851488,-55649,54336,603869,4326,-577487,-102236,1851488,-0.3899536,7.0628662,0
4527,1779177372402995678,1,1,50,-102224,1851488,-56403,56880,605590,4579,-576185,-102236,1851488,-0.3899536,7.0628662,0
4528,1779177372407994101,1,1,50,-102224,1851488,-57141,59394,606243,4807,-574755,-102236,1851488,-0.3899536,7.0628662,0
4529,1779177372412984684,1,1,50,-102224,1851488,-57853,61842,607252,5013,-574096,-102236,1851488,-0.3899536,7.0628662,0
4530,1779177372417997155,1,1,50,-102224,1851488,-57132,58961,607726,5205,-574693,-102236,1851488,-0.3899536,7.0628662,0
4531,1779177372422984154,1,1,50,-102224,1851488,-56446,56087,607608,5390,-576270,-102236,1851488,-0.3899536,7.0628662,0
4532,1779177372427983313,1,1,50,-102224,1851488,-57084,58466,606658,5574,-578529,-102236,1851488,-0.3899536,7.0628662,0
4533,1779177372432987560,1,1,50,-102224,1851488,-57723,60849,606243,5772,-581087,-102236,1851488,-0.3899536,7.0628662,0
4534,1779177372437985727,1,1,50,-102224,1851488,-58342,63164,606777,5995,-583136,-102236,1851488,-0.3899536,7.0628662,0
4535,1779177372443355775,1,1,50,-102224,1851488,-55711,56770,607726,6260,-584368,-102236,1851488,-0.3899536,7.0628662,0
4536,1779177372447999758,1,1,50,-102224,1851488,-56421,59240,608973,6500,-581341,-102236,1851488,-0.3899536,7.0628662,0
4537,1779177372453003397,1,1,50,-102224,1851488,-57090,61571,609566,6713,-577845,-102236,1851488,-0.3899536,7.0628662,0
4538,1779177372457999196,1,1,50,-102224,1851488,-56363,58707,610219,6876,-573369,-102236,1851488,-0.3899536,7.0628662,0
4539,1779177372462988050,1,1,50,-102224,1851488,-57000,61084,610456,6975,-568940,-102236,1851488,-0.3899536,7.0628662,0
4540,1779177372467991754,1,1,50,-102224,1851488,-56277,58255,610753,7016,-565355,-102236,1851488,-0.3899536,7.0628662,0
4541,1779177372472980384,1,1,50,-102224,1851488,-56872,60620,610337,7004,-562899,-102236,1851488,-0.3899536,7.0628662,0
4542,1779177372477985815,1,1,50,-102224,1851488,-57471,63017,609744,6956,-561831,-102236,1851488,-0.3899536,7.0628662,0
4543,1779177372482991151,1,1,50,-102224,1851488,-56728,60205,609091,6890,-561802,-102236,1851488,-0.3899536,7.0628662,0
4544,1779177372487995174,1,1,50,-102224,1851488,-57307,62637,608439,6821,-562253,-102236,1851488,-0.3899536,7.0628662,0
4545,1779177372492986845,1,1,50,-102224,1851488,-56965,64509,608735,6765,-562580,-102236,1851488,-0.3899536,7.0628662,0
4546,1779177372497980531,1,1,50,-102224,1851488,-56207,61702,608676,6716,-562167,-102236,1851488,-0.3899536,7.0628662,0
4547,1779177372502977930,1,1,50,-102224,1851488,-56814,64155,608973,6668,-560851,-102236,1851488,-0.3899536,7.0628662,0
4548,1779177372507997794,1,1,50,-102224,1851488,-57423,66649,609744,6613,-558959,-102236,1851488,-0.3899536,7.0628662,0
4549,1779177372512987417,1,1,50,-102224,1851488,-58049,69245,610634,6548,-556841,-102236,1851488,-0.3899536,7.0628662,0
4550,1779177372517995728,1,1,50,-102224,1851488,-57234,66464,611346,6467,-555307,-102236,1851488,-0.3899536,7.0628662,0
4551,1779177372522991719,1,1,50,-102224,1851488,-56453,63693,611584,6374,-554654,-102236,1851488,-0.3899536,7.0628662,0
4552,1779177372528173602,1,1,50,-102224,1851488,-56981,66178,612474,6285,-555534,-102236,1851488,-0.3899536,7.0628662,0
4553,1779177372532992693,1,1,50,-102224,1851488,-57546,68802,613423,6227,-556353,-102236,1851488,-0.3899536,7.0628662,0
4554,1779177372538220529,1,1,50,-102224,1851488,-56697,65875,615441,6200,-559962,-102236,1851488,-0.3899536,7.0628662,0
4555,1779177372542996867,1,1,50,-102224,1851488,-56682,68716,616687,6234,-563745,-102236,1851488,-0.3899536,7.0628662,0
4556,1779177372547995738,1,1,50,-102224,-1851504,-57272,71204,617459,6323,-569559,-102236,1851488,-0.3899536,-7.0629272,0
4557,1779177372553000049,1,1,50,-102224,-1851504,-57833,73574,617815,6485,-575529,-102236,-1851504,-0.3899536,-7.0629272,0
4558,1779177372558012393,1,1,50,-102224,-1851504,-56959,70663,618349,6719,-580810,-102236,-1851504,-0.3899536,-7.0629272,0
4559,1779177372563013440,1,1,50,-102224,-1851504,-57467,72925,619298,7018,-584561,-102236,-1851504,-0.3899536,-7.0629272,0
4560,1779177372567989430,1,1,50,-102224,-1851504,-56601,70009,619832,7350,-586032,-102236,-1851504,-0.3899536,-7.0629272,0
4561,1779177372573020526,1,1,50,-102224,-1851504,-55756,67065,620960,7698,-585245,-102236,-1851504,-0.3899536,-7.0629272,0
4562,1779177372578035237,1,1,50,-102224,-1851504,-56188,69281,621197,8017,-582186,-102236,-1851504,-0.3899536,-7.0629272,0
4563,1779177372582993467,1,1,50,-102224,-1851504,-56617,71520,622028,8284,-577652,-102236,-1851504,-0.3899536,-7.0629272,0
4564,1779177372588008275,1,1,50,-102224,-1851504,-57012,73675,622918,8490,-572753,-102236,-1851504,-0.3899536,-7.0629272,0
4565,1779177372593062795,1,1,50,-102224,-1851504,-56317,69969,623868,8631,-567910,-102236,-1851504,-0.3899536,-7.0629272,0
4566,1779177372598004897,1,1,50,-102224,-1851504,-56724,72113,624758,8710,-563084,-102236,-1851504,-0.3899536,-7.0629272,0
4567,1779177372602993559,1,1,50,-102224,-1851504,-57113,74223,626063,8736,-559361,-102236,-1851504,-0.3899536,-7.0629272,0
4568,1779177372608000014,1,1,50,-102224,-1851504,-56209,71435,627784,8732,-556912,-102236,-1851504,-0.3899536,-7.0629272,0
4569,1779177372613045063,1,1,50,-102224,-1851504,-56542,73473,629030,8708,-555717,-102236,-1851504,-0.3899536,-7.0629272,0
4570,1779177372618206337,1,1,50,-102224,-1851504,-55616,70604,630811,8690,-555893,-102236,-1851504,-0.3899536,-7.0629272,0
4571,1779177372623018388,1,1,50,-102224,-1851504,-55949,72719,631938,8687,-555730,-102236,-1851504,-0.3899536,-7.0629272,0
4572,1779177372628094701,1,1,50,-102224,-1851504,-56207,74588,633956,8704,-557242,-102236,-1851504,-0.3899536,-7.0629272,0
4573,1779177372633011202,1,1,50,-102224,-1851504,-55304,71845,635855,8758,-557919,-102236,-1851504,-0.3899536,-7.0629272,0
4574,1779177372638012697,1,1,50,-102224,-1851504,-55537,73708,637872,8841,-558465,-102236,-1851504,-0.3899536,-7.0629272,0
4575,1779177372643017936,1,1,50,-102224,-1851504,-56330,76750,639415,8942,-558491,-102236,-1851504,-0.3899536,-7.0629272,0
4576,1779177372648015879,1,1,50,-102224,-1851504,-56602,78523,641730,9063,-558401,-102236,-1851504,-0.3899536,-7.0629272,0
4577,1779177372653010270,1,1,50,-102224,-1851504,-55625,75734,643925,9198,-558510,-102236,-1851504,-0.3899536,-7.0629272,0
4578,1779177372658011701,1,1,50,-102224,-1851504,-55846,77420,646655,9357,-559064,-102236,-1851504,-0.3899536,-7.0629272,0
4579,1779177372663015980,1,1,50,-102224,-1851504,-56047,79040,648495,9534,-560040,-102236,-1851504,-0.3899536,-7.0629272,0
4580,1779177372668012995,1,1,50,-102224,-1851504,-53929,71812,650690,9737,-561296,-102236,-1851504,-0.3899536,-7.0629272,0
4581,1779177372673024186,1,1,50,-102224,-1851504,-54081,73415,654073,9983,-562790,-102236,-1851504,-0.3899536,-7.0629272,0
4582,1779177372678012753,1,1,50,-102224,-1851504,-54222,74984,657693,10273,-564446,-102236,-1851504,-0.3899536,-7.0629272,0
4583,1779177372683006024,1,1,50,-102224,-1851504,-53258,72157,659948,10594,-566291,-102236,-1851504,-0.3899536,-7.0629272,0
4584,1779177372687994143,1,1,50,-102224,1851488,-53361,73657,662203,10946,-567974,-102236,-1851504,-0.3899536,7.0628662,0
4585,1779177372692980213,1,1,50,-102224,-1851504,-53628,75441,664398,11326,-569207,-102236,1851488,-0.3899536,-7.0629272,0
4586,1779177372697991245,1,1,50,-102224,-1851504,-53765,76803,666357,11725,-569827,-102236,-1851504,-0.3899536,-7.0629272,0
4587,1779177372703006564,1,1,50,-102224,-1851504,-52758,73947,667128,12120,-569427,-102236,-1851504,-0.3899536,-7.0629272,0
4588,1779177372708044732,1,1,50,-102224,-1851504,-52860,75256,666416,12481,-568171,-102236,-1851504,-0.3899536,-7.0629272,0
4589,1779177372713019667,1,1,50,-102224,-1851504,-51542,75874,665823,12794,-566327,-102236,-1851504,-0.3899536,-7.0629272,0
4590,1779177372718005033,1,1,50,-102224,-1851504,-49512,68956,666713,13076,-564652,-102236,-1851504,-0.3899536,-7.0629272,0
4591,1779177372723005472,1,1,50,-102224,-1851504,-49581,70244,668730,13344,-562969,-102236,-1851504,-0.3899536,-7.0629272,0
4592,1779177372727993655,1,1,50,-102224,-1851504,-49647,71526,671104,13599,-560907,-102236,-1851504,-0.3899536,-7.0629272,0
4593,1779177372732994158,1,1,50,-102224,-1851504,-49688,72732,674427,13850,-558645,-102236,-1851504,-0.3899536,-7.0629272,0
4594,1779177372738001765,1,1,50,-102224,-1851504,-48706,69945,678819,14105,-556506,-102236,-1851504,-0.3899536,-7.0629272,0
4595,1779177372743053405,1,1,50,-102224,-1851504,-48704,71111,683625,14373,-555014,-102236,-1851504,-0.3899536,-7.0629272,0
4596,1779177372748000243,1,1,50,-102224,-1851504,-48869,75828,688314,14651,-553501,-102236,-1851504,-0.3899536,-7.0629272,0
4597,1779177372753053644,1,1,50,-102224,-1851504,-47815,73034,692824,14950,-552826,-102236,-1851504,-0.3899536,-7.0629272,0
4598,1779177372757997121,1,1,50,-102224,-1851504,-47805,74171,695791,15249,-552135,-102236,-1851504,-0.3899536,-7.0629272,0
4599,1779177372763011961,1,1,50,-102224,1851488,-46074,73061,695909,15529,-552948,-102236,-1851504,-0.3899536,7.0628662,0
4600,1779177372767986959,1,1,50,-102224,1851488,-46028,74041,696325,15808,-555127,-102236,1851488,-0.3899536,7.0628662,0
4601,1779177372773001318,1,1,50,-102224,1851488,-44074,67497,698461,16129,-558871,-102236,1851488,-0.3899536,7.0628662,0
4602,1779177372778016798,1,1,50,-102224,1851488,-43986,68413,701547,16521,-563218,-102236,1851488,-0.3899536,7.0628662,0
4603,1779177372783190777,1,1,50,-102224,1851488,-43860,69188,704336,17002,-568054,-102236,1851488,-0.3899536,7.0628662,0
4604,1779177372787922346,1,1,50,-102224,1851488,-43809,70147,707600,17518,-570411,-102236,1851488,-0.3899536,7.0628662,0
4605,1779177372793013155,1,1,50,-102224,1851488,-42938,71462,712051,18133,-573778,-102236,1851488,-0.3899536,7.0628662,0
4606,1779177372798004122,1,1,50,-102224,1851488,-41902,68597,717510,18816,-574162,-102236,1851488,-0.3899536,7.0628662,0
4607,1779177372803010065,1,1,50,-102224,1851488,-41741,69276,722792,19533,-572038,-102236,1851488,-0.3899536,7.0628662,0
4608,1779177372807999208,1,1,50,-102224,1851488,-41573,69953,727183,20233,-568427,-102236,1851488,-0.3899536,7.0628662,0
4609,1779177372813008703,1,1,50,-102224,1851488,-40293,69414,730625,20887,-565189,-102236,1851488,-0.3899536,7.0628662,0
4610,1779177372818008406,1,1,50,-102224,1851488,-39252,66600,730684,21461,-562879,-102236,1851488,-0.3899536,7.0628662,0
4611,1779177372823174641,1,1,50,-102224,-1851504,-39026,67104,730803,21991,-562373,-102236,1851488,-0.3899536,-7.0629272,0
4612,1779177372828039781,1,1,50,-79856,-1851504,-38853,67737,732761,22480,-561320,-102236,-1851504,-0.3046265,-7.0629272,0
4613,1779177372833015259,1,1,50,-102224,-1851504,-38646,68249,736559,22984,-562249,-102236,-1851504,-0.3899536,-7.0629272,0
4614,1779177372838015346,1,1,50,-79856,-1851504,-37598,65428,740416,23525,-564061,-102236,-1851504,-0.3046265,-7.0629272,0
4615,1779177372843171885,1,1,50,-79856,-1851504,-37570,70084,744273,24130,-566380,-102236,-1851504,-0.3046265,-7.0629272,0
4616,1779177372848260326,1,1,50,-79856,-1851504,-36461,67201,749792,24798,-566580,-102236,-1851504,-0.3046265,-7.0629272,0
4617,1779177372853000919,1,1,50,-79856,-1851504,-36247,67708,756083,25464,-562652,-102236,-1851504,-0.3046265,-7.0629272,0
4618,1779177372857997454,1,1,50,-102224,1851488,-35166,64918,762907,26155,-558488,-102236,-1851504,-0.3899536,7.0628662,0
4619,1779177372863054342,1,1,50,-79856,-1851504,-34280,64413,767061,26806,-553875,-102236,1851488,-0.3046265,-7.0629272,0
4620,1779177372868008060,1,1,50,-79856,-1851504,-33990,64755,767892,27353,-550018,-102236,-1851504,-0.3046265,-7.0629272,0
4621,1779177372873010643,1,1,50,-79856,-1851504,-33685,65034,768248,27825,-548732,-102236,-1851504,-0.3046265,-7.0629272,0
4622,1779177372878007914,1,1,50,-79856,-1851504,-32621,62290,771037,28287,-549135,-102236,-1851504,-0.3046265,-7.0629272,0
4623,1779177372882992641,1,1,50,-79856,-1851504,-32299,62516,776496,28796,-550786,-102236,-1851504,-0.3046265,-7.0629272,0
4624,1779177372888008952,1,1,50,-79856,-1851504,-31953,62639,781719,29372,-553888,-102236,-1851504,-0.3046265,-7.0629272,0
4625,1779177372893028304,1,1,50,-79856,1320640,-32058,64562,786229,30023,-558189,-102236,-1851504,-0.3046265,5.0378418,0
4626,1779177372898014982,1,1,50,-102224,1851488,-31695,64563,792519,30783,-562832,-102236,1320640,-0.3899536,7.0628662,0
4627,1779177372903014493,1,1,50,-102224,1851488,-30587,61732,800352,31677,-566290,-102236,1851488,-0.3899536,7.0628662,0
4628,1779177372908011604,1,1,50,-102224,1851488,-30201,61682,807711,32674,-566792,-102236,1851488,-0.3899536,7.0628662,0
4629,1779177372913098925,1,1,50,-102224,1851488,-29783,61530,810322,33685,-565278,-102236,1851488,-0.3899536,7.0628662,0
4630,1779177372918020259,1,1,50,-102224,1851488,-29915,61692,810796,34600,-562873,-102236,1851488,-0.3899536,7.0628662,0
4631,1779177372923061915,1,1,50,-102224,1851488,-29503,61521,812280,35476,-563248,-102236,1851488,-0.3899536,7.0628662,0
4632,1779177372928015505,1,1,50,-102224,1851488,-29104,61354,816671,36357,-564366,-102236,1851488,-0.3899536,7.0628662,0
4633,1779177372933057353,1,1,50,-102224,1851488,-28671,61069,822902,37310,-566445,-102236,1851488,-0.3899536,7.0628662,0
4634,1779177372938016639,1,1,50,-102224,1851488,-26932,56978,828243,38305,-568361,-102236,1851488,-0.3899536,7.0628662,0
4635,1779177372943019542,1,1,50,-102224,1851488,-25862,54124,833940,39368,-570575,-102236,1851488,-0.3899536,7.0628662,0
4636,1779177372948013933,1,1,50,-102224,1851488,-25436,53812,841892,40558,-570088,-101612,1851488,-0.3899536,7.0628662,0
4637,1779177372953007972,1,1,50,-102224,1851488,-24993,53462,850971,41854,-565183,-100801,1851488,-0.3899536,7.0628662,0
4638,1779177372958000058,1,1,50,-102224,1851488,-24539,53107,857262,43126,-557205,-100246,1851488,-0.3899536,7.0628662,0
4639,1779177372963140725,1,1,50,-102224,1851488,-23346,50632,857914,44260,-550862,-100086,1851488,-0.3899536,7.0628662,0
4640,1779177372967996072,1,1,50,-102224,1851488,-22352,47980,857558,45227,-546293,-99248,1851488,-0.3899536,7.0628662,0
4641,1779177372973004032,1,1,50,-88816,1851488,-21903,47586,861772,46258,-546494,-97669,1851488,-0.3388062,7.0628662,0
4642,1779177372978002903,1,1,50,-73904,1851488,-21434,47098,872097,47462,-548801,-96272,1851488,-0.2819214,7.0628662,0
4643,1779177372983000141,1,1,50,-102224,1851488,-20962,46572,880643,48809,-552737,-95518,1851488,-0.3899536,7.0628662,0
4644,1779177372988009381,1,1,50,-102224,1851488,-20477,45953,885509,50259,-558631,-95110,1851488,-0.3899536,7.0628662,0
4645,1779177372993076029,1,1,50,-102224,1851488,-20301,48026,892570,51879,-565545,-94818,1851488,-0.3899536,7.0628662,0
4646,1779177372998021427,1,1,50,-102224,1851488,-19790,47301,901412,53559,-569793,-95916,1851488,-0.3899536,7.0628662,0
4647,1779177373003023818,1,1,50,-102224,1851488,-19256,46473,904617,55242,-570012,-96961,1851488,-0.3899536,7.0628662,0
4648,1779177373008023937,1,1,50,-102224,1851488,-18728,45634,903489,56808,-567164,-97573,1851488,-0.3899536,7.0628662,0
4649,1779177373013263677,1,1,50,-102224,1851488,-18264,44559,905982,58380,-566623,-97337,1851488,-0.3899536,7.0628662,0
4650,1779177373017999950,1,1,50,-102224,1851488,-17274,41880,913518,59869,-565683,-96623,1851488,-0.3899536,7.0628662,0
4651,1779177373023022213,1,1,50,-102224,1851488,-16752,40960,920699,61564,-567292,-95058,1851488,-0.3899536,7.0628662,0
4652,1779177373028062653,1,1,50,-102224,1851488,-16227,40005,925505,63391,-567101,-93497,1851488,-0.3899536,7.0628662,0
4653,1779177373033019283,1,1,50,-102224,1851488,-15228,37202,932983,65284,-565457,-92319,1851488,-0.3899536,7.0628662,0
4654,1779177373038018793,1,1,50,-102224,1851488,-14710,36270,942477,67310,-562264,-90821,1851488,-0.3899536,7.0628662,0
4655,1779177373043012864,1,1,50,-102224,1851488,-14107,36856,949895,69366,-555072,-89688,1851488,-0.3899536,7.0628662,0
4656,1779177373048038679,1,1,50,-67680,1851488,-13559,35932,951082,71213,-545705,-90060,1851488,-0.2581787,7.0628662,0
4657,1779177373053024750,1,1,50,-68400,1851488,-13027,35048,950429,72749,-538496,-90773,1851488,-0.2609253,7.0628662,0
4658,1779177373058031237,1,1,50,-69040,1851488,-12492,34121,955177,74120,-537819,-91410,1851488,-0.2633667,7.0628662,0
4659,1779177373063160350,1,1,50,-69296,1851488,-12260,32775,968410,75615,-543567,-91677,1851488,-0.2643433,7.0628662,0
4660,1779177373067996881,1,1,50,-68816,1851488,-11322,30117,979982,77252,-549626,-91187,1851488,-0.2625122,7.0628662,0
4661,1779177373073018313,1,1,50,-66944,1851488,-10813,29037,984136,79180,-557095,-89325,1851488,-0.2553711,7.0628662,0
4662,1779177373077987935,1,1,50,-64720,1851488,-10318,27938,990426,81384,-563321,-87097,1851488,-0.2468872,7.0628662,0
4663,1779177373083005558,1,1,50,-62944,1851488,-9810,26752,997191,83853,-567072,-85313,1851488,-0.2401123,7.0628662,0
4664,1779177373088004812,1,1,50,-61936,1851488,-9314,25574,997607,86368,-566244,-84312,1851488,-0.2362671,7.0628662,0
4665,1779177373093054596,1,1,50,-61456,1851488,-8794,26243,999031,88850,-562528,-83831,1851488,-0.2344360,7.0628662,0
4666,1779177373098016602,1,1,50,-61456,1851488,-8305,25064,1005618,91149,-559998,-83831,1851488,-0.2344360,7.0628662,0
4667,1779177373103329208,1,1,50,-62656,1851488,-7328,22075,1010721,93546,-562701,-85031,1851488,-0.2390137,7.0628662,0
4668,1779177373107992295,1,1,50,-62544,1851488,-7336,22595,1014519,95667,-563531,-84921,1851488,-0.2385864,7.0628662,0
4669,1779177373113015742,1,1,50,-62608,1851488,-6556,18910,1021344,97985,-565929,-84982,1851488,-0.2388306,7.0628662,0
4670,1779177373117988789,1,1,50,-61088,1851488,-6131,17659,1030126,100463,-563361,-83457,1851488,-0.2330322,7.0628662,0
4671,1779177373123013100,1,1,50,-59248,1851488,-5703,16398,1039146,103069,-556594,-81629,1851488,-0.2260132,7.0628662,0
4672,1779177373128002530,1,1,50,-57760,1851488,-5279,15162,1044962,105603,-547113,-80133,1851488,-0.2203369,7.0628662,0
4673,1779177373133009721,1,1,50,-57024,1851488,-4865,13961,1046861,107937,-539041,-79402,1851488,-0.2175293,7.0628662,0
4674,1779177373138023056,1,1,50,-56800,1851488,-4060,11279,1052558,110121,-535053,-79169,1851488,-0.2166748,7.0628662,0
4675,1779177373143036039,1,1,50,-55920,1851488,-3634,11512,1062053,112332,-534846,-78291,1851488,-0.2133179,7.0628662,0
4676,1779177373148009502,1,1,50,-55776,1851488,-3242,10308,1068165,114537,-537865,-78155,1851488,-0.2127686,7.0628662,0
4677,1779177373153001844,1,1,50,-55616,1851488,-2850,9031,1072200,116805,-543348,-77993,1851488,-0.2121582,7.0628662,0
4678,1779177373158002539,1,1,50,-55088,1851488,-2464,7698,1077838,119226,-549408,-77465,1851488,-0.2101440,7.0628662,0
4679,1779177373163155845,1,1,50,-54480,1851488,-2680,6055,1082526,121876,-554325,-76863,1851488,-0.2078247,7.0628662,0
4680,1779177373168013817,1,1,50,-53824,1851488,-1981,3365,1085730,124475,-553842,-76194,1851488,-0.2053223,7.0628662,0
4681,1779177373173004591,1,1,50,-52560,1851488,-1660,2003,1089765,127185,-551160,-74932,1851488,-0.2005005,7.0628662,0
4682,1779177373177984005,1,1,50,-51376,1851488,-1356,671,1093563,129871,-547661,-73746,1851488,-0.1959839,7.0628662,0
4683,1779177373183009565,1,1,50,-50528,1851488,-1050,-709,1097480,132528,-545244,-72903,1851488,-0.1927490,7.0628662,0
4684,1779177373188002963,1,1,50,-50016,1851488,-765,-2049,1104126,135155,-543230,-72393,1851488,-0.1907959,7.0628662,0
4685,1779177373193025547,1,1,50,-49536,1851488,-724,-2176,1110891,137793,-541048,-71917,1851488,-0.1889648,7.0628662,0
4686,1779177373198016801,1,1,50,-49840,-1851504,-460,-3525,1116410,140343,-538265,-72211,1851488,-0.1901245,-7.0629272,0
4687,1779177373202995800,1,1,50,-94736,1851488,-208,-4862,1121870,142812,-534781,-72358,-1851504,-0.3613892,7.0628662,0
4688,1779177373208025423,1,1,50,-49728,1851488,388,-7534,1126676,145218,-531338,-72109,1851488,-0.1896973,7.0628662,0
4689,1779177373213030630,1,1,50,-49728,1851488,-154,-8855,1131305,147542,-527927,-72104,1851488,-0.1896973,7.0628662,0
4690,1779177373218047389,1,1,50,-49840,1851488,376,-11492,1136883,149793,-525641,-72219,1851488,-0.1901245,7.0628662,0
4691,1779177373223007955,1,1,50,-48736,1851488,506,-12787,1143708,152061,-523916,-71118,1851488,-0.1859131,7.0628662,0
4692,1779177373228005897,1,1,50,-47152,1851488,630,-14123,1150888,154437,-523164,-69531,1851488,-0.1798706,7.0628662,0
4693,1779177373232991488,1,1,50,-45552,1851488,741,-15468,1157119,156903,-522613,-67927,1851488,-0.1737671,7.0628662,0
4694,1779177373238003255,1,1,50,-43968,1851488,1167,-18085,1161570,159455,-522078,-66338,1851488,-0.1677246,7.0628662,0
4695,1779177373243013838,1,1,50,-41536,1851488,1159,-16744,1164240,162107,-520917,-63910,1851488,-0.1584473,7.0628662,0
4696,1779177373247999108,1,1,50,-41056,1851488,1251,-18083,1166199,164695,-520679,-63430,1851488,-0.1566162,7.0628662,0
4697,1779177373253018044,1,1,50,-40992,1851488,1337,-19470,1169047,167260,-521792,-63369,1851488,-0.1563721,7.0628662,0
4698,1779177373257994354,1,1,50,-40592,1851488,1060,-19594,1173320,169835,-523188,-62975,1851488,-0.1548462,7.0628662,0
4699,1779177373263036937,1,1,50,-40336,1851488,596,-21532,1178245,172485,-524338,-62713,1851488,-0.1538696,7.0628662,0
4700,1779177373268015712,1,1,50,-38992,1851488,952,-24135,1183289,175203,-522664,-61364,1851488,-0.1487427,7.0628662,0
4701,1779177373273003670,1,1,50,-36224,1851488,944,-25515,1188986,178061,-517259,-58601,1851488,-0.1381836,7.0628662,0
4702,1779177373278003213,1,1,50,-33360,1851488,913,-26824,1193259,180956,-508477,-55733,1851488,-0.1272583,7.0628662,0
4703,1779177373283016292,1,1,50,-31008,1851488,884,-28143,1194446,183734,-498009,-53383,1851488,-0.1182861,7.0628662,0
4704,1779177373288007867,1,1,50,-29600,1851488,1140,-30581,1198718,186321,-488402,-51970,1851488,-0.1129150,7.0628662,0
4705,1779177373293015921,1,1,50,-27904,1851488,1166,-30585,1208985,188865,-481246,-50276,1851488,-0.1064453,7.0628662,0
4706,1779177373298016008,1,1,50,-26896,1851488,749,-30597,1217411,191339,-477512,-49267,1851488,-0.1026001,7.0628662,0
4707,1779177373303031327,1,1,50,-26592,1851488,647,-31799,1222811,193751,-477732,-48965,1851488,-0.1014404,7.0628662,0
4708,1779177373308012182,1,1,50,-25904,1851488,529,-33010,1229814,196219,-481516,-48283,1851488,-0.0988159,7.0628662,0
4709,1779177373313088750,1,1,50,-24464,1851488,-333,-36141,1234680,198914,-487602,-46838,1851488,-0.0933228,7.0628662,0
4710,1779177373318015459,1,1,50,-20704,1851488,-214,-38562,1237113,201866,-491236,-43079,1851488,-0.0789795,7.0628662,0
4711,1779177373323019770,1,1,50,-15936,1851488,-460,-39831,1243462,205259,-491732,-38314,1851488,-0.0607910,7.0628662,0
4712,1779177373328015281,1,1,50,-12256,1851488,-711,-41113,1248803,208871,-490819,-34637,1851488,-0.0467529,7.0628662,0
4713,1779177373332998311,1,1,50,-9376,1851488,-972,-42378,1249931,212550,-488913,-31747,1851488,-0.0357666,7.0628662,0
4714,1779177373338013406,1,1,50,-7408,1851488,-943,-44807,1252542,216263,-484223,-29776,1851488,-0.0282593,7.0628662,0
4715,1779177373343033397,1,1,50,-5280,1851488,-1383,-44159,1257467,219965,-474293,-27649,1851488,-0.0201416,7.0628662,0
4716,1779177373347998955,1,1,50,-4832,1851488,-1673,-45266,1261977,223371,-459769,-27208,1851488,-0.0184326,7.0628662,0
4717,1779177373352995330,1,1,50,-4880,1851488,-2284,-45165,1264470,226373,-442196,-27262,1851488,-0.0186157,7.0628662,0
4718,1779177373358017241,1,1,50,-5712,1851488,-2584,-46140,1267912,228863,-425296,-28093,1851488,-0.0217896,7.0628662,0
4719,1779177373363029296,1,1,50,-6240,1851488,-3259,-48678,1273430,230897,-411859,-28620,1851488,-0.0238037,7.0628662,0
4720,1779177373368018471,1,1,50,-4640,1851488,-3320,-50682,1277347,232686,-401525,-27008,1851488,-0.0177002,7.0628662,0
4721,1779177373373011101,1,1,50,-1440,1851488,-3727,-51500,1279899,234406,-394641,-23818,1851488,-0.0054932,7.0628662,0
4722,1779177373378001108,1,1,50,1776,1851488,-4141,-52325,1282985,236152,-393697,-20604,1851488,0.0067749,7.0628662,0
4723,1779177373383005803,1,1,50,4384,1851488,-4563,-53186,1286486,238043,-399256,-17993,1851488,0.0167236,7.0628662,0
4724,1779177373388018242,1,1,50,6480,1851488,-4713,-55231,1289868,240202,-407854,-15900,1851488,0.0247192,7.0628662,0
4725,1779177373393037113,1,1,50,9216,1851488,-5669,-52812,1292361,242731,-415149,-13157,1851488,0.0351562,7.0628662,0
4726,1779177373398023631,1,1,50,9648,1851488,-6075,-53782,1295209,245421,-421080,-12735,1851488,0.0368042,7.0628662,0
4727,1779177373403017478,1,1,50,9680,1851488,-6488,-54777,1299363,248247,-423804,-12689,1851488,0.0369263,7.0628662,0
4728,1779177373408010749,1,1,50,10400,1851488,-6909,-55758,1303220,251160,-420407,-11975,1851488,0.0396729,7.0628662,0
4729,1779177373413027988,1,1,50,11840,1851488,-8126,-58925,1305950,254049,-409943,-10541,1851488,0.0451660,7.0628662,0
4730,1779177373418018730,1,1,50,15536,1851488,-8357,-60887,1308146,256847,-393250,-6844,1851488,0.0592651,7.0628662,0
4731,1779177373423027649,1,1,50,19760,1851488,-8900,-61665,1310104,259453,-373372,-2616,1851488,0.0753784,7.0628662,0
4732,1779177373428018296,1,1,50,22384,1851488,-9740,-61235,1312359,261672,-354036,16,1851488,0.0853882,7.0628662,0
4733,1779177373433013486,1,1,50,22896,1851488,-10283,-61839,1314436,263396,-338215,535,1851488,0.0873413,7.0628662,0
4734,1779177373438023621,1,1,50,22432,1851488,-10556,-63481,1316038,264660,-327756,71,1851488,0.0855713,7.0628662,0
4735,1779177373443029628,1,1,50,22736,1851488,-11028,-63791,1317047,265651,-323036,374,1851488,0.0867310,7.0628662,0
4736,1779177373448010099,1,1,50,23520,1851488,-11606,-64338,1317344,266545,-323386,1165,1851488,0.0897217,7.0628662,0
4737,1779177373453001897,1,1,50,24816,1851488,-12471,-63824,1317641,267513,-326231,2462,1851488,0.0946655,7.0628662,0
4738,1779177373458020320,1,1,50,25744,1851488,-13055,-64407,1319065,268610,-328982,3376,1851488,0.0982056,7.0628662,0
4739,1779177373463041048,1,1,50,26800,1851488,-14102,-68433,1321735,269849,-328999,4434,1851488,0.1022339,7.0628662,0
4740,1779177373468017326,1,1,50,31056,1851488,-14519,-70041,1324821,271358,-323090,8692,1851488,0.1184692,7.0628662,0
4741,1779177373473032453,1,1,50,36096,1851488,-15501,-69508,1326601,273038,-311725,13735,1851488,0.1376953,7.0628662,0
4742,1779177373478026684,1,1,50,38688,1851488,-16201,-69951,1327669,274555,-297947,16322,1851488,0.1475830,7.0628662,0
4743,1779177373483012402,1,1,50,39808,1851488,-16899,-70322,1329331,275764,-282933,17441,1851488,0.1518555,7.0628662,0
4744,1779177373487995528,1,1,50,40032,1851488,-17346,-71657,1331823,276594,-267891,17672,1851488,0.1527100,7.0628662,0
4745,1779177373493032704,1,1,50,40544,1851488,-18249,-71260,1335443,277090,-254017,18191,1851488,0.1546631,7.0628662,0
4746,1779177373498022134,1,1,50,40624,1851488,-18991,-71455,1338885,277248,-243639,18257,1851488,0.1549683,7.0628662,0
4747,1779177373503032845,1,1,50,40704,1851488,-19736,-71620,1341022,277159,-236985,18338,1851488,0.1552734,7.0628662,0
4748,1779177373507998403,1,1,50,41152,1851488,-20742,-70764,1342090,276940,-233594,18788,1851488,0.1569824,7.0628662,0
4749,1779177373513042875,1,1,50,41136,1851488,-21804,-73001,1342742,276640,-232253,18777,1851488,0.1569214,7.0628662,0
4750,1779177373518027186,1,1,50,43040,1851488,-22611,-73159,1343277,276447,-230585,20684,1851488,0.1641846,7.0628662,0
4751,1779177373523250926,1,1,50,45424,1851488,-23175,-74348,1344404,276217,-227726,23070,1851488,0.1732788,7.0628662,0
4752,1779177373528020735,1,1,50,48128,1851488,-23967,-74409,1346600,276283,-221562,25772,1851488,0.1835938,7.0628662,0
4753,1779177373532999093,1,1,50,50000,1851488,-25035,-73489,1348558,276332,-212481,27641,1851488,0.1907349,7.0628662,0
4754,1779177373538013292,1,1,50,50192,1851488,-25589,-74504,1348855,276156,-202373,27836,1851488,0.1914673,7.0628662,0
4755,1779177373543015491,1,1,50,50256,1851488,-26208,-75380,1348677,275722,-190746,27900,1851488,0.1917114,7.0628662,0
4756,1779177373548024282,1,1,50,50896,1851488,-27063,-75280,1349389,275043,-176989,28541,1851488,0.1941528,7.0628662,0
4757,1779177373553021425,1,1,50,51392,1851488,-28166,-74140,1351169,274070,-162249,29037,1851488,0.1960449,7.0628662,0
4758,1779177373558044680,1,1,50,50832,1851488,-29003,-73932,1353127,272709,-148843,28477,1851488,0.1939087,7.0628662,0
4759,1779177373563165314,1,1,50,49824,1851488,-30465,-74965,1354255,270939,-138560,27471,1851488,0.1900635,7.0628662,0
4760,1779177373568046805,1,1,50,50240,1851488,-31079,-75609,1354611,269063,-132027,27886,1851488,0.1916504,7.0628662,0
4761,1779177373573014603,1,1,50,51728,1851488,-32201,-74315,1354730,267131,-126068,29360,1851488,0.1973267,7.0628662,0
4762,1779177373578018146,1,1,50,52448,1851488,-33064,-73981,1355086,265132,-119694,30093,1851488,0.2000732,7.0628662,0
4763,1779177373583030393,1,1,50,52400,1851488,-33930,-73582,1355976,263018,-111739,30038,1851488,0.1998901,7.0628662,0
4764,1779177373588024656,1,1,50,51888,1851488,-34789,-73134,1357519,260736,-101848,29522,1851488,0.1979370,7.0628662,0
4765,1779177373593049543,1,1,50,51232,1851488,-35631,-74291,1358409,258203,-90341,28878,1851488,0.1954346,7.0628662,0
4766,1779177373598038142,1,1,50,51744,1851488,-36534,-73745,1358706,255489,-77191,29382,1851488,0.1973877,7.0628662,0
4767,1779177373603014196,1,1,50,52256,1851488,-37669,-72173,1358290,252539,-62324,29890,1851488,0.1993408,7.0628662,0
4768,1779177373608025675,1,1,50,51408,1851488,-38552,-71472,1357459,249193,-46141,29041,1851488,0.1961060,7.0628662,0
4769,1779177373613048898,1,1,50,49888,1851488,-39516,-72053,1358231,245405,-28785,27530,1851488,0.1903076,7.0628662,0
4770,1779177373618028121,1,1,50,49280,1851488,-40426,-71193,1359596,241262,-10073,26922,1851488,0.1879883,7.0628662,0
4771,1779177373623031663,1,1,50,48672,1851488,-41334,-70219,1358884,236672,8691,26308,1851488,0.1856689,7.0628662,0
4772,1779177373628033446,1,1,50,47584,1851488,-42230,-69164,1357400,231634,25834,25229,1851488,0.1815186,7.0628662,0
4773,1779177373633025181,1,1,50,46080,1851488,-43343,-67119,1356213,226186,41216,23717,1851488,0.1757812,7.0628662,0
4774,1779177373638035220,1,1,50,43408,1851488,-43992,-66843,1355204,220279,55228,21041,1851488,0.1655884,7.0628662,0
4775,1779177373643041003,1,1,50,41472,1851488,-45321,-66148,1354908,214040,69207,19118,1851488,0.1582031,7.0628662,0
4776,1779177373648038401,1,1,50,41120,1851488,-46221,-64838,1355264,207590,84135,18754,1851488,0.1568604,7.0628662,0
4777,1779177373653042936,1,1,50,40880,1851488,-47121,-63424,1355976,200900,99520,18526,1851488,0.1559448,7.0628662,0
4778,1779177373658022958,1,1,50,40096,1851488,-48231,-61061,1356273,193969,114162,17739,1851488,0.1529541,7.0628662,0
4779,1779177373663044774,1,1,50,38096,1851488,-49270,-59809,1356332,186650,126923,15740,1851488,0.1453247,7.0628662,0
4780,1779177373668024060,1,1,50,36304,1851488,-50141,-58236,1356095,179137,138201,13936,1851488,0.1384888,7.0628662,0
4781,1779177373673036499,1,1,50,34128,1851488,-51010,-56601,1356747,171340,147509,11771,1851488,0.1301880,7.0628662,0
4782,1779177373678038474,1,1,50,32784,1851488,-51867,-54939,1358290,163437,155114,10417,1851488,0.1250610,7.0628662,0
4783,1779177373683034336,1,1,50,-13024,121056,-52930,-52383,1359121,155491,160941,9371,1851488,-0.0496826,0.4617920,0
4784,1779177373688016087,1,1,50,30112,-1851504,-53759,-50678,1359477,147523,164632,7751,121056,0.1148682,-7.0629272,0
4785,1779177373693038862,1,1,50,28544,-1851504,-55101,-50735,1359892,139505,166647,6176,-1851504,0.1088867,-7.0629272,0
4786,1779177373698032901,1,1,50,28592,-1851504,-55964,-49022,1361139,131702,168808,6238,-1851504,0.1090698,-7.0629272,0
4787,1779177373703012795,1,1,50,-16080,1851488,-57034,-46447,1362919,124081,171269,6319,-1851504,-0.0613403,7.0628662,0
4788,1779177373708001393,1,1,50,-17824,-1851504,-57864,-44732,1364996,116471,173266,4561,1851488,-0.0679932,-7.0629272,0
4789,1779177373713018665,1,1,50,25856,-1851504,-59275,-43752,1366657,108900,175818,3498,-1851504,0.0986328,-7.0629272,0
4790,1779177373718011935,1,1,50,-19392,1851488,-60107,-42032,1368141,101469,178194,3001,-1851504,-0.0739746,7.0628662,0
4791,1779177373723022550,1,1,50,24768,1851488,-60933,-40282,1369684,94110,178339,2406,1851488,0.0944824,7.0628662,0
4792,1779177373728021453,1,1,50,23824,1851488,-62176,-36922,1371583,86898,175651,1459,1851488,0.0908813,7.0628662,0
4793,1779177373733285066,1,1,50,-23056,1851488,-62764,-36022,1373185,79584,170976,-673,1851488,-0.0879517,7.0628662,0
4794,1779177373738040891,1,1,50,-24336,1851488,-63502,-34427,1374669,73064,164215,-1963,1851488,-0.0928345,7.0628662,0
4795,1779177373743007985,1,1,50,-25552,1851488,-64389,-33385,1376686,66525,156552,-3181,1851488,-0.0974731,7.0628662,0
4796,1779177373748048681,1,1,50,-26048,1851488,-65153,-31838,1379179,60238,149203,-3673,1851488,-0.0993652,7.0628662,0
4797,1779177373753015679,1,1,50,-25856,1851488,-66096,-29532,1381493,54416,142565,-3473,1851488,-0.0986328,7.0628662,0
4798,1779177373758064918,1,1,50,-26752,1851488,-66820,-28068,1383333,48773,135259,-4373,1851488,-0.1020508,7.0628662,0
4799,1779177373763046253,1,1,50,-28048,1851488,-68227,-25769,1385232,43463,127232,-5674,1851488,-0.1069946,7.0628662,0
4800,1779177373768034467,1,1,50,-29776,1851488,-68708,-25183,1388080,38385,117598,-7400,1851488,-0.1135864,7.0628662,0
4801,1779177373773028826,1,1,50,-30432,1851488,-69579,-23096,1391463,33648,107314,-8061,1851488,-0.1160889,7.0628662,0
4802,1779177373778026161,1,1,50,-32224,1851488,-70227,-21859,1394252,29190,95938,-9848,1851488,-0.1229248,7.0628662,0
4803,1779177373783026055,1,1,50,-32688,1851488,-70865,-20656,1396032,25123,84468,-10313,1851488,-0.1246948,7.0628662,0
4804,1779177373788016126,1,1,50,-32720,1851488,-71481,-19520,1397634,21479,73136,-10341,1851488,-0.1248169,7.0628662,0
4805,1779177373793026165,1,1,50,-33040,1851488,-72792,-20631,1399296,18202,62068,-10670,1851488,-0.1260376,7.0628662,0
4806,1779177373798049388,1,1,50,-32032,1851488,-73475,-19530,1401254,15374,52895,-9649,1851488,-0.1221924,7.0628662,0
4807,1779177373803101252,1,1,50,-31552,1851488,-74135,-18479,1403509,12887,45391,-9178,1851488,-0.1203613,7.0628662,0
4808,1779177373808021273,1,1,50,12656,-1851504,-75005,-16514,1406180,10694,38419,-9713,1851488,0.0482788,-7.0629272,0
4809,1779177373813055760,1,1,50,9296,1851488,-75971,-16575,1408375,8474,28586,-13080,-1851504,0.0354614,7.0628662,0
4810,1779177373818025414,1,1,50,-34560,1851488,-76612,-15525,1409978,6667,19520,-12184,1851488,-0.1318359,7.0628662,0
4811,1779177373823040862,1,1,50,-34032,-1851504,-77237,-14491,1411995,5174,10521,-11656,1851488,-0.1298218,-7.0629272,0
4812,1779177373828041236,1,1,50,10592,1851488,-78096,-12434,1414844,3963,1090,-11788,-1851504,0.0404053,7.0628662,0
4813,1779177373833034699,1,1,50,-35568,1851488,-78674,-11413,1418107,2951,-9989,-13184,1851488,-0.1356812,7.0628662,0
4814,1779177373838189189,1,1,50,-36800,1851488,-79227,-10471,1420956,2163,-23131,-14426,1851488,-0.1403809,7.0628662,0
4815,1779177373843058457,1,1,50,7104,-1851504,-80564,-9519,1422558,1738,-37156,-15275,1851488,0.0270996,-7.0629272,0
4816,1779177373847961741,1,1,50,-39840,-1851504,-81090,-8648,1423745,1558,-52428,-17458,-1851504,-0.1519775,-7.0629272,0
4817,1779177373852982277,1,1,50,-37808,-1851504,-81886,-6687,1425703,1940,-64692,-15436,-1851504,-0.1442261,-7.0629272,0
4818,1779177373858030397,1,1,50,7280,-1851504,-82980,-3613,1428196,2681,-75013,-15095,-1851504,0.0277710,-7.0629272,0
4819,1779177373863362587,1,1,50,5232,1851488,-83805,-3748,1430688,3752,-84313,-17149,-1851504,0.0199585,7.0628662,0
4820,1779177373868142477,1,1,50,4128,-1851504,-84179,-3042,1432943,4735,-93907,-18254,1851488,0.0157471,-7.0629272,0
4821,1779177373872971871,1,1,50,4128,1851488,-84518,-2388,1434842,5965,-102219,-18245,-1851504,0.0157471,7.0628662,0
4822,1779177373878029944,1,1,50,4464,1851488,-84820,-1817,1436563,7479,-109586,-17919,1851488,0.0170288,7.0628662,0
4823,1779177373883041775,1,1,50,2432,1851488,-85361,-172,1438581,9016,-117545,-19944,1851488,0.0092773,7.0628662,0
4824,1779177373888019141,1,1,50,1904,1851488,-85579,291,1441132,10694,-125123,-20479,1851488,0.0072632,7.0628662,0
4825,1779177373893170879,1,1,50,1952,1851488,-86826,532,1444337,12612,-132737,-20426,1851488,0.0074463,7.0628662,0
4826,1779177373898041907,1,1,50,2624,1851488,-87240,1914,1446414,14638,-139385,-19744,1851488,0.0100098,7.0628662,0
4827,1779177373903180493,1,1,50,2048,1851488,-87347,2161,1447126,16915,-146601,-20328,1851488,0.0078125,7.0628662,0
4828,1779177373907730713,1,1,50,2128,1851488,-87664,3332,1448075,19030,-153092,-20252,1851488,0.0081177,7.0628662,0
4829,1779177373913113433,1,1,50,-64,1851488,-88756,4026,1450152,21681,-160329,-22446,1851488,-0.0002441,7.0628662,0
4830,1779177373918443831,1,1,50,48,-1851504,-88722,4008,1452645,24314,-167306,-22320,1851488,0.0001831,-7.0629272,0
4831,1779177373923116198,1,1,50,-44880,-1851504,-88886,4847,1454603,26737,-171511,-22503,-1851504,-0.1712036,-7.0629272,0
4832,1779177373928025723,1,1,50,-1104,-1851504,-88814,4798,1456027,29279,-176213,-23487,-1851504,-0.0042114,-7.0629272,0
4833,1779177373932963984,1,1,50,-46784,-1851504,-88901,5450,1457333,31847,-181280,-24413,-1851504,-0.1784668,-7.0629272,0
4834,1779177373938035049,1,1,50,-2288,1851488,-88774,5303,1459113,34553,-186933,-24659,-1851504,-0.0087280,7.0628662,0
4835,1779177373943328390,1,1,50,-4992,1851488,-89975,6118,1461605,37485,-193402,-27370,1851488,-0.0190430,7.0628662,0
4836,1779177373948320701,1,1,50,-5296,-1851504,-89824,5954,1464810,40172,-201236,-27677,1851488,-0.0202026,-7.0629272,0
4837,1779177373953145744,1,1,50,-5216,-1851504,-89894,6678,1467184,42934,-207500,-27594,-1851504,-0.0198975,-7.0629272,0
4838,1779177373958017603,1,1,50,-50752,-1851504,-89732,6562,1468074,45781,-213260,-28379,-1851504,-0.1936035,-7.0629272,0
4839,1779177373963529382,1,1,50,-6800,-1851504,-90145,7459,1468667,49048,-219639,-29175,-1851504,-0.0259399,-7.0629272,0
4840,1779177373968132852,1,1,50,-50880,1851488,-90172,8276,1470091,51914,-221507,-28506,-1851504,-0.1940918,7.0628662,0
4841,1779177373973151403,1,1,50,-8000,-1851504,-89895,8040,1472821,54910,-224578,-30370,1851488,-0.0305176,-7.0629272,0
4842,1779177373978014526,1,1,50,-9536,-1851504,-89610,7796,1475076,57738,-226029,-31908,-1851504,-0.0363770,-7.0629272,0
4843,1779177373983024565,1,1,50,-10224,-1851504,-89486,8298,1476204,60581,-227132,-32600,-1851504,-0.0390015,-7.0629272,0
4844,1779177373988032076,1,1,50,-55744,-1851504,-89133,7931,1476975,63337,-228519,-33360,-1851504,-0.2126465,-7.0629272,0
4845,1779177373993050915,1,1,50,-11536,-1851504,-89614,9507,1478755,66042,-230673,-33912,-1851504,-0.0440063,-7.0629272,0
4846,1779177373998408259,1,1,50,-13264,-1851504,-89173,9037,1481367,68939,-234126,-35644,-1851504,-0.0505981,-7.0629272,0
4847,1779177374003059633,1,1,50,-14464,-1851504,-89008,9484,1484096,71387,-236228,-36838,-1851504,-0.0551758,-7.0629272,0
4848,1779177374008291149,1,1,50,-15760,-1851504,-88565,9043,1486411,74071,-240698,-38135,-1851504,-0.0601196,-7.0629272,0
4849,1779177374013325668,1,1,50,-61168,1851488,-88324,11168,1487716,76638,-243940,-38793,-1851504,-0.2333374,7.0628662,0
4850,1779177374018283514,1,1,50,-18784,1851488,-87636,9941,1488132,79001,-247575,-41155,1851488,-0.0716553,7.0628662,0
4851,1779177374023017226,1,1,50,-19648,1851488,-87429,10575,1488962,81253,-248666,-42021,1851488,-0.0749512,7.0628662,0
4852,1779177374028105699,1,1,50,-20592,1851488,-86945,10273,1491455,83600,-249645,-42975,1851488,-0.0785522,7.0628662,0
4853,1779177374033044632,1,1,50,-21168,1851488,-86720,11038,1494185,85829,-248039,-43537,1851488,-0.0807495,7.0628662,0
4854,1779177374038027406,1,1,50,-22352,1851488,-86231,10846,1495431,87908,-246859,-44722,1851488,-0.0852661,7.0628662,0
4855,1779177374043128358,1,1,50,-23168,1851488,-86296,12996,1495965,89897,-247126,-45550,1851488,-0.0883789,7.0628662,0
4856,1779177374048102588,1,1,50,-25424,-1851504,-85763,12869,1497567,91660,-248891,-47803,1851488,-0.0969849,-7.0629272,0
4857,1779177374053091123,1,1,50,-71632,1851488,-85496,13832,1500297,93359,-252030,-49263,-1851504,-0.2732544,7.0628662,0
4858,1779177374058056808,1,1,50,-72800,1851488,-84930,13702,1503323,95043,-255713,-50421,1851488,-0.2777100,7.0628662,0
4859,1779177374063059423,1,1,50,-73120,1851488,-84625,14662,1505994,96801,-259570,-50747,1851488,-0.2789307,7.0628662,0
4860,1779177374068066325,1,1,50,-73680,1851488,-84007,14478,1507655,98606,-263477,-51300,1851488,-0.2810669,7.0628662,0
4861,1779177374073088204,1,1,50,-73872,1851488,-83479,14823,1508545,100480,-266575,-51493,1851488,-0.2817993,7.0628662,0
4862,1779177374078072002,1,1,50,-74320,1851488,-83126,15727,1510029,102364,-268047,-51947,1851488,-0.2835083,7.0628662,0
4863,1779177374083081209,1,1,50,-75184,1851488,-82443,15473,1512759,104219,-268505,-52808,1851488,-0.2868042,7.0628662,0
4864,1779177374088086736,1,1,50,-75712,1851488,-82019,16269,1516023,106028,-268209,-53339,1851488,-0.2888184,7.0628662,0
4865,1779177374093029445,1,1,50,-76496,1851488,-80553,16404,1517803,107725,-268286,-54124,1851488,-0.2918091,7.0628662,0
4866,1779177374098073596,1,1,50,-32784,-1851504,-79794,16048,1518752,109357,-270618,-55152,1851488,-0.1250610,-7.0629272,0
4867,1779177374103076179,1,1,50,-77920,1851488,-79033,15676,1520533,110992,-273288,-55550,-1851504,-0.2972412,7.0628662,0
4868,1779177374108073865,1,1,50,-77776,1851488,-78490,16204,1523796,112697,-275376,-55400,1851488,-0.2966919,7.0628662,0
4869,1779177374113015198,1,1,50,-78144,1851488,-77695,15741,1527298,114403,-276674,-55773,1851488,-0.2980957,7.0628662,0
4870,1779177374118026069,1,1,50,-78384,1851488,-76877,15238,1529849,116134,-278176,-56000,1851488,-0.2990112,7.0628662,0
4871,1779177374123029292,1,1,50,-78384,1851488,-76553,17068,1531511,117877,-279253,-56013,1851488,-0.2990112,7.0628662,0
4872,1779177374128027106,1,1,50,-80272,1851488,-75680,16492,1533054,119498,-280486,-57902,1851488,-0.3062134,7.0628662,0
4873,1779177374133022233,1,1,50,-81536,1851488,-74997,16667,1534953,121049,-280377,-59166,1851488,-0.3110352,7.0628662,0
4874,1779177374138025551,1,1,50,-82848,1851488,-74105,16049,1537564,122499,-279314,-60469,1851488,-0.3160400,7.0628662,0
4875,1779177374143150281,1,1,50,-83472,1851488,-73623,16338,1540709,123899,-278779,-61091,1851488,-0.3184204,7.0628662,0
4876,1779177374148018236,1,1,50,-84304,1851488,-72772,15792,1542727,125143,-277636,-61930,1851488,-0.3215942,7.0628662,0
4877,1779177374153173334,1,1,50,-84304,1851488,-71851,15117,1544329,126376,-280102,-61930,1851488,-0.3215942,7.0628662,0
4878,1779177374158053226,1,1,50,-84576,1851488,-71202,15337,1546881,127604,-281349,-62205,1851488,-0.3226318,7.0628662,0
4879,1779177374163041248,1,1,50,-85360,1851488,-70322,14710,1550560,128858,-284932,-62986,1851488,-0.3256226,7.0628662,0
4880,1779177374168037526,1,1,50,-85808,1851488,-69444,14060,1553942,130189,-289263,-63438,1851488,-0.3273315,7.0628662,0
4881,1779177374173043373,1,1,50,-85904,1851488,-69326,14341,1556375,131633,-293822,-63526,1851488,-0.3276978,7.0628662,0
4882,1779177374178028067,1,1,50,-86160,1851488,-68467,13652,1558690,133175,-298321,-63787,1851488,-0.3286743,7.0628662,0
4883,1779177374183038170,1,1,50,-86224,1851488,-67826,13759,1561242,134840,-302031,-63854,1851488,-0.3289185,7.0628662,0
4884,1779177374188036176,1,1,50,-86864,1851488,-67429,14671,1563793,136552,-303739,-64495,1851488,-0.3313599,7.0628662,0
4885,1779177374193114728,1,1,50,-88592,1851488,-66306,13129,1566879,138329,-303594,-66212,1851488,-0.3379517,7.0628662,0
4886,1779177374198400678,1,1,50,-89040,1851488,-66170,13865,1570321,140045,-304747,-66663,1851488,-0.3396606,7.0628662,0
4887,1779177374203098005,1,1,50,-89792,1851488,-65135,12449,1573169,141559,-301544,-67412,1851488,-0.3425293,7.0628662,0
4888,1779177374208059051,1,1,50,-89536,1851488,-64312,11767,1576018,143003,-302065,-67166,1851488,-0.3415527,7.0628662,0
4889,1779177374213101954,1,1,50,-88848,1851488,-63714,11862,1579044,144537,-302776,-66474,1851488,-0.3389282,7.0628662,0
4890,1779177374218039063,1,1,50,-88976,1851488,-62892,11168,1582783,146046,-303404,-66604,1851488,-0.3394165,7.0628662,0
4891,1779177374223024237,1,1,50,-89200,1851488,-61085,6860,1586106,147580,-305638,-66819,1851488,-0.3402710,7.0628662,0
4892,1779177374228039108,1,1,50,-86128,1851488,-60325,6124,1588598,149357,-307302,-63745,1851488,-0.3285522,7.0628662,0
4893,1779177374233040858,1,1,50,-83440,1851488,-59754,6216,1591328,151331,-307647,-61064,1851488,-0.3182983,7.0628662,0
4894,1779177374238073170,1,1,50,-37872,1851488,-59178,6296,1593939,153356,-307359,-60250,1851488,-0.1444702,7.0628662,0
4895,1779177374243064552,1,1,50,-38768,1851488,-58001,7485,1596254,155271,-306697,-61149,1851488,-0.1478882,7.0628662,0
4896,1779177374248041374,1,1,50,-41408,1851488,-57390,7574,1598865,156972,-307033,-63788,1851488,-0.1579590,7.0628662,0
4897,1779177374253043124,1,1,50,-43728,-1851504,-56779,7660,1601950,158534,-307929,-66099,1851488,-0.1668091,-7.0629272,0
4898,1779177374258042699,1,1,50,-88480,1851488,-55961,6925,1604621,160009,-308163,-66099,-1851504,-0.3375244,7.0628662,0
4899,1779177374263047649,1,1,50,-44112,1851488,-55342,6994,1607173,161555,-306186,-66495,1851488,-0.1682739,7.0628662,0
4900,1779177374268058456,1,1,50,-45232,1851488,-54527,6290,1610080,162962,-304446,-67602,1851488,-0.1725464,7.0628662,0
4901,1779177374273060495,1,1,50,-45632,1851488,-54852,4478,1612988,164278,-302566,-68003,1851488,-0.1740723,7.0628662,0
4902,1779177374278043845,1,1,50,-44096,1851488,-54109,3780,1615896,165622,-299696,-66469,1851488,-0.1682129,7.0628662,0
4903,1779177374283046139,1,1,50,-42544,1851488,-53578,3915,1618448,166968,-296721,-64916,1851488,-0.1622925,7.0628662,0
4904,1779177374288040626,1,1,50,-42288,1851488,-52837,3254,1621059,168226,-294175,-64670,1851488,-0.1613159,7.0628662,0
4905,1779177374293052584,1,1,50,-42336,1851488,-52246,4701,1623610,169398,-291977,-64717,1851488,-0.1614990,7.0628662,0
4906,1779177374298040895,1,1,50,-44192,1851488,-51475,4061,1625509,170369,-291103,-66575,1851488,-0.1685791,7.0628662,0
4907,1779177374303038645,1,1,50,-45360,1851488,-50705,3398,1628477,171244,-291869,-67729,1851488,-0.1730347,7.0628662,0
4908,1779177374308040780,1,1,50,-45312,1851488,-50138,3530,1632096,172156,-293536,-67690,1851488,-0.1728516,7.0628662,0
4909,1779177374313051522,1,1,50,-45168,1851488,-49374,2864,1635064,173134,-295806,-67537,1851488,-0.1723022,7.0628662,0
4910,1779177374318042425,1,1,50,-44544,1851488,-48808,2972,1637200,174214,-298774,-66924,1851488,-0.1699219,7.0628662,0
4911,1779177374323070032,1,1,50,-44400,1851488,-47656,1508,1639396,175398,-304221,-66782,1851488,-0.1693726,7.0628662,0
4912,1779177374328054342,1,1,50,-43568,1851488,-47160,1569,1642363,176794,-310542,-65936,1851488,-0.1661987,7.0628662,0
4913,1779177374333044060,1,1,50,-43120,1851488,-46447,792,1644677,178407,-316301,-65500,1851488,-0.1644897,7.0628662,0
4914,1779177374338068211,1,1,50,-42560,1851488,-45944,800,1646042,180226,-319255,-64933,1851488,-0.1623535,7.0628662,0
4915,1779177374343048393,1,1,50,-42416,1851488,-44673,3924,1648297,182110,-318493,-64794,1851488,-0.1618042,7.0628662,0
4916,1779177374348049088,1,1,50,-90624,1851488,-43656,2337,1650077,183737,-317513,-68243,1851488,-0.3457031,7.0628662,0
4917,1779177374353041366,1,1,50,-92512,1851488,-43053,2359,1651798,185192,-315040,-70141,1851488,-0.3529053,7.0628662,0
4918,1779177374358038732,1,1,50,-93104,-1851504,-42256,1607,1654528,186525,-311253,-70721,1851488,-0.3551636,-7.0629272,0
4919,1779177374363038595,1,1,50,-92624,1851488,-41863,2484,1656961,187759,-306904,-70254,-1851504,-0.3533325,7.0628662,0
4920,1779177374368147388,1,1,50,-92864,1851488,-40843,929,1658504,188864,-304403,-70495,1851488,-0.3542480,7.0628662,0
4921,1779177374373054192,1,1,50,-92256,1851488,-40892,281,1658979,189851,-301663,-69872,1851488,-0.3519287,7.0628662,0
4922,1779177374378040806,1,1,50,-72064,1851488,-40351,372,1661293,190833,-301155,-68749,1851488,-0.2749023,7.0628662,0
4923,1779177374383036669,1,1,50,-90688,1851488,-39602,-334,1664082,191830,-301796,-68318,1851488,-0.3459473,7.0628662,0
4924,1779177374388029363,1,1,50,-90112,1851488,-39060,-257,1665684,192874,-302363,-67742,1851488,-0.3437500,7.0628662,0
4925,1779177374393304624,1,1,50,-90144,1851488,-38337,-144,1667109,193983,-304916,-67762,1851488,-0.3438721,7.0628662,0
4926,1779177374398051008,1,1,50,-90320,1851488,-37437,-1583,1668058,195033,-303143,-67947,1851488,-0.3445435,7.0628662,0
4927,1779177374403180026,1,1,50,-89616,1851488,-36873,-1558,1670491,196152,-304801,-67242,1851488,-0.3418579,7.0628662,0
4928,1779177374408102575,1,1,50,-89040,1851488,-36349,-1471,1673518,197315,-303940,-66659,1851488,-0.3396606,7.0628662,0
4929,1779177374413051236,1,1,50,-44224,1851488,-35627,-2164,1675773,198453,-303446,-66605,1851488,-0.1687012,7.0628662,0
4930,1779177374418052730,1,1,50,-43776,-1851504,-35087,-2110,1677315,199604,-303476,-66158,1851488,-0.1669922,-7.0629272,0
4931,1779177374423067121,1,1,50,-43600,-1851504,-35032,-2188,1677493,200748,-304007,-65973,-1851504,-0.1663208,-7.0629272,0
4932,1779177374428049063,1,1,50,-43504,-1851504,-34492,-2130,1679867,201903,-304308,-65877,-1851504,-0.1659546,-7.0629272,0
4933,1779177374433056734,1,1,50,-43472,-1851504,-33754,-2857,1682597,203073,-304243,-65844,-1851504,-0.1658325,-7.0629272,0
4934,1779177374438157015,1,1,50,-42960,-1851504,-33194,-2830,1684021,204282,-303594,-65329,-1851504,-0.1638794,-7.0629272,0
4935,1779177374443076651,1,1,50,-42576,-1851504,-32171,-1571,1684971,205434,-300675,-64946,-1851504,-0.1624146,-7.0629272,0
4936,1779177374448060001,1,1,50,-43664,1851488,-31411,-2269,1685979,206423,-298889,-66032,-1851504,-0.1665649,7.0628662,0
4937,1779177374453154650,1,1,50,-44256,1851488,-30834,-2216,1689125,207343,-297445,-66633,1851488,-0.1688232,7.0628662,0
4938,1779177374458044014,1,1,50,-44320,1851488,-30098,-2861,1692329,208182,-293331,-66697,1851488,-0.1690674,7.0628662,0
4939,1779177374463051845,1,1,50,-43616,1851488,-29538,-2751,1694109,208949,-289703,-65989,1851488,-0.1663818,7.0628662,0
4940,1779177374468044955,1,1,50,-56448,1851488,-28784,-3413,1694762,209617,-286259,-65461,1851488,-0.2153320,7.0628662,0
4941,1779177374473067602,1,1,50,-87344,1851488,-28144,-4186,1694940,210194,-284324,-64966,1851488,-0.3331909,7.0628662,0
4942,1779177374478041864,1,1,50,-86352,1851488,-27446,-4822,1697373,210771,-283078,-63978,1851488,-0.3294067,7.0628662,0
4943,1779177374483054399,1,1,50,-85136,1851488,-26952,-4670,1699569,211393,-282446,-62754,1851488,-0.3247681,7.0628662,0
4944,1779177374488042933,1,1,50,-39616,1851488,-26457,-4536,1700934,212037,-281323,-61994,1851488,-0.1511230,7.0628662,0
4945,1779177374493071180,1,1,50,-39328,-1851504,-24655,-4047,1702299,212664,-280017,-61702,1851488,-0.1500244,-7.0629272,0
4946,1779177374498050178,1,1,50,-40128,-1851504,-23949,-4653,1703426,213189,-278627,-62510,-1851504,-0.1530762,-7.0629272,0
4947,1779177374503053048,1,1,50,-85072,-1851504,-23243,-5276,1706512,213672,-277435,-62697,-1851504,-0.3245239,-7.0629272,0
4948,1779177374508047791,1,1,50,-84416,-1851504,-22738,-5122,1709360,214168,-275064,-62047,-1851504,-0.3220215,-7.0629272,0
4949,1779177374513042501,1,1,50,-83872,1851488,-22240,-4935,1711081,214623,-271656,-61491,-1851504,-0.3199463,7.0628662,0
4950,1779177374518051612,1,1,50,-83376,-1851504,-21347,-6280,1710666,214986,-268570,-60993,1851488,-0.3180542,-7.0629272,0
4951,1779177374523101523,1,1,50,-37616,-1851504,-20737,-7275,1711022,215307,-266958,-59999,-1851504,-0.1434937,-7.0629272,0
4952,1779177374528079849,1,1,50,-80704,1851488,-20296,-7063,1713870,215690,-265233,-58323,-1851504,-0.3078613,7.0628662,0
4953,1779177374533073504,1,1,50,-79392,-1751568,-19651,-7619,1715888,216106,-263014,-57013,1851488,-0.3028564,-6.6817017,0
4954,1779177374538080054,1,1,50,-33680,-1851504,-19202,-7391,1717075,216511,-260104,-56056,-1751568,-0.1284790,-7.0629272,0
4955,1779177374543136942,1,1,50,-78208,1851488,-18505,-4079,1718084,216835,-257725,-55833,-1851504,-0.2983398,7.0628662,0
4956,1779177374548016322,1,1,50,-35888,-1851504,-17790,-4577,1719389,216926,-255795,-58258,1851488,-0.1369019,-7.0629272,0
4957,1779177374553054329,1,1,50,-37680,-1851504,-17055,-5106,1722712,216866,-255639,-60061,-1851504,-0.1437378,-7.0629272,0
4958,1779177374558055376,1,1,50,-37712,-1851504,-16526,-4850,1725323,216820,-254242,-60084,-1851504,-0.1438599,-7.0629272,0
4959,1779177374563059814,1,1,50,-81520,1851488,-15998,-4588,1725502,216789,-252467,-59147,-1851504,-0.3109741,7.0628662,0
4960,1779177374568069693,1,1,50,-35856,-1851504,-15084,-5849,1724077,216746,-251767,-58234,1851488,-0.1367798,-7.0629272,0
4961,1779177374573061267,1,1,50,-79488,1851488,-14777,-1222,1729299,216855,-257713,-57109,-1851504,-0.3032227,7.0628662,0
4962,1779177374578056266,1,1,50,-79488,-1851504,-13960,-1765,1729299,216855,-257713,-57109,1851488,-0.3032227,-7.0629272,0
4963,1779177374583064064,1,1,50,-36544,-1851504,-12953,-3083,1730842,217106,-263113,-58924,-1851504,-0.1394043,-7.0629272,0
4964,1779177374588097272,1,1,50,-37024,-1851504,-11984,-4436,1731376,217423,-268897,-59407,-1851504,-0.1412354,-7.0629272,0
4965,1779177374593004428,1,1,50,-35776,-1851504,-11763,-2626,1730961,217960,-272249,-58155,-1851504,-0.1364746,-7.0629272,0
4966,1779177374598047075,1,1,50,-34912,-1851504,-10771,-4016,1733216,218684,-275702,-57287,-1851504,-0.1331787,-7.0629272,0
4967,1779177374603052122,1,1,50,-33696,-1851504,-10145,-3980,1736895,219609,-276615,-56072,-1851504,-0.1285400,-7.0629272,0
4968,1779177374608050832,1,1,50,-77376,-1851504,-9517,-3964,1738616,220625,-274817,-54998,-1851504,-0.2951660,-7.0629272,0
4969,1779177374613039335,1,1,50,-31776,-1851504,-8716,-4653,1738082,221607,-271552,-54144,-1851504,-0.1212158,-7.0629272,0
4970,1779177374618592042,1,1,50,-31024,-1851504,-7970,-4837,1737667,222604,-271756,-53402,-1851504,-0.1183472,-7.0629272,0
4971,1779177374623106389,1,1,50,-30496,-1851504,-8293,-6122,1739862,223448,-264968,-52864,-1851504,-0.1163330,-7.0629272,0
4972,1779177374628042314,1,1,50,-28720,-1851504,-7568,-6767,1741465,224253,-261350,-51088,-1851504,-0.1095581,-7.0629272,0
4973,1779177374633034784,1,1,50,-26960,-1851504,-6998,-6787,1741761,225041,-257003,-49330,-1851504,-0.1028442,-7.0629272,0
4974,1779177374638035351,1,1,50,-26160,-1851504,-6428,-6807,1741049,225714,-253035,-48535,-1851504,-0.0997925,-7.0629272,0
4975,1779177374643048718,1,1,50,-25904,-1851504,-5686,-5290,1740278,226252,-250272,-48278,-1851504,-0.0988159,-7.0629272,0
4976,1779177374648040996,1,1,50,-27360,-1851504,-4901,-5917,1742117,226606,-249261,-49738,-1851504,-0.1043701,-7.0629272,0
4977,1779177374653087227,1,1,50,-28112,-1851504,-4267,-5960,1744135,226889,-249167,-50495,-1851504,-0.1072388,-7.0629272,0
4978,1779177374658031313,1,1,50,-27856,-1851504,-3504,-6579,1744550,227176,-248290,-50239,-1851504,-0.1062622,-7.0629272,0
4979,1779177374663042311,1,1,50,-71760,-1851504,-3131,-5209,1742533,227471,-248189,-49387,-1851504,-0.2737427,-7.0629272,0
4980,1779177374668045406,1,1,50,-27328,-1851504,-2327,-5862,1741583,227729,-249746,-49698,-1851504,-0.1042480,-7.0629272,0
4981,1779177374673105782,1,1,50,-27600,-1851504,-1674,-5931,1743067,228031,-252826,-49968,-1851504,-0.1052856,-7.0629272,0
4982,1779177374678046891,1,1,50,-27104,-1851504,-900,-6584,1743779,228458,-254427,-49477,-1851504,-0.1033936,-7.0629272,0
4983,1779177374683048545,1,1,50,-26176,-1851504,-269,-6654,1743008,228987,-254493,-48557,-1851504,-0.0998535,-7.0629272,0
4984,1779177374688201628,1,1,50,-25440,-1851504,527,-7345,1741346,229559,-253541,-47822,-1851504,-0.0970459,-7.0629272,0
4985,1779177374692977197,1,1,50,-24928,-1851504,317,-7418,1740693,230073,-250055,-47309,-1851504,-0.0950928,-7.0629272,0
4986,1779177374698041573,1,1,50,-24256,-1851504,931,-7469,1741524,230538,-249296,-46638,-1851504,-0.0925293,-7.0629272,0
4987,1779177374703047835,1,1,50,-23840,-1851504,1676,-8098,1741999,230993,-248452,-46223,-1851504,-0.0909424,-7.0629272,0
4988,1779177374708039186,1,1,50,-23568,-1851504,2263,-8105,1741227,231420,-247599,-45950,-1851504,-0.0899048,-7.0629272,0
4989,1779177374713173579,1,1,50,-23280,-1851504,1969,-8205,1738319,231818,-248208,-45660,-1851504,-0.0888062,-7.0629272,0
4990,1779177374718044223,1,1,50,-22880,-1851504,2669,-8787,1736243,232217,-248854,-45259,-1851504,-0.0872803,-7.0629272,0
4991,1779177374723038837,1,1,50,-22320,-1851504,3234,-8806,1736421,232676,-251750,-44701,-1851504,-0.0851440,-7.0629272,0
4992,1779177374728029099,1,1,50,-21760,-1851504,3946,-9464,1736836,233260,-254930,-44143,-1851504,-0.0830078,-7.0629272,0
4993,1779177374733034402,1,1,50,-21216,-1851504,4504,-9513,1735708,233966,-257596,-43591,-1851504,-0.0809326,-7.0629272,0
4994,1779177374738028728,1,1,50,-20896,-1851504,5052,-9553,1733157,234746,-259065,-43274,-1851504,-0.0797119,-7.0629272,0
4995,1779177374743048559,1,1,50,-20704,-1851504,4856,-12782,1731495,235563,-259409,-43073,-1851504,-0.0789795,-7.0629272,0
4996,1779177374748175017,1,1,50,-18064,-1851504,5327,-12878,1730308,236553,-257822,-40442,-1851504,-0.0689087,-7.0629272,0
4997,1779177374753030236,1,1,50,-15904,-1851504,5753,-12895,1729359,237547,-253810,-38280,-1851504,-0.0606689,-7.0629272,0
4998,1779177374757990289,1,1,50,-15200,-1851504,6350,-13542,1727875,238442,-250861,-37569,-1851504,-0.0579834,-7.0629272,0
4999,1779177374763055273,1,1,50,-15072,-1851504,6097,-12756,1724315,239218,-249571,-37444,-1851504,-0.0574951,-7.0629272,0
5000,1779177374768011775,1,1,50,-15360,-1851504,6712,-13408,1718736,239859,-250271,-37730,-1851504,-0.0585938,-7.0629272,0
5001,1779177374773023573,1,1,50,-14352,-1851504,7193,-13533,1711675,240527,-253262,-36729,-1851504,-0.0547485,-7.0629272,0
5002,1779177374778023788,1,1,50,-57120,1851488,7813,-14268,1702299,241331,-256934,-34746,-1851504,-0.2178955,7.0628662,0
5003,1779177374783025698,1,1,50,-54544,1851488,8159,-13944,1689659,242305,-260563,-32166,1851488,-0.2080688,7.0628662,0
5004,1779177374788032889,1,1,50,-54544,1851488,8908,-15276,1674764,243258,-265946,-32166,1851488,-0.2080688,7.0628662,0
5005,1779177374793049680,1,1,50,-53008,1851488,8227,-16396,1661234,244353,-271499,-30638,1851488,-0.2022095,7.0628662,0
5006,1779177374798045958,1,1,50,-53520,1851488,8668,-16787,1662361,245575,-277843,-31149,1851488,-0.2041626,7.0628662,0
5007,1779177374803042045,1,1,50,-55216,1851488,9226,-17724,1665744,246894,-284712,-32833,1851488,-0.2106323,7.0628662,0
5008,1779177374808039315,1,1,50,-55552,1851488,9650,-18221,1668770,248409,-290772,-33173,1851488,-0.2119141,7.0628662,0
5009,1779177374813004969,1,1,50,-54368,1851488,8654,-19564,1671915,250177,-295482,-31997,1851488,-0.2073975,7.0628662,0
5010,1779177374818033920,1,1,50,-51584,-1851504,8935,-19715,1675832,252297,-298433,-29210,1851488,-0.1967773,-7.0629272,0
5011,1779177374823125337,1,1,50,-51584,1851488,9560,-21247,1678977,254523,-301067,-29210,-1851504,-0.1967773,7.0628662,0
5012,1779177374828025933,1,1,50,1248,1851488,9923,-21823,1679036,257214,-297256,-21123,1851488,0.0047607,7.0628662,0
5013,1779177374833052068,1,1,50,10224,1851488,10401,-22849,1679452,260381,-290831,-12155,1851488,0.0390015,7.0628662,0
5014,1779177374838141020,1,1,50,21296,1851488,10775,-23407,1670313,263962,-283730,-1086,1851488,0.0812378,7.0628662,0
5015,1779177374843073873,1,1,50,-13552,-1851504,10512,-24579,1656842,267658,-278648,8845,1851488,-0.0516968,-7.0629272,0
5016,1779177374848090824,1,1,50,-7296,1851488,10873,-25079,1639040,271428,-276852,15089,-1851504,-0.0278320,7.0628662,0
5017,1779177374853055774,1,1,50,38624,1851488,11227,-25573,1625391,274974,-279993,16256,1851488,0.1473389,7.0628662,0
5018,1779177374858035028,1,1,50,38384,1851488,11689,-26530,1621949,278502,-285120,16024,1851488,0.1464233,7.0628662,0
5019,1779177374863048171,1,1,50,36896,1851488,11229,-28071,1618329,282003,-290552,14534,1851488,0.1407471,7.0628662,0
5020,1779177374868039457,1,1,50,36992,1851488,11653,-29076,1611861,285525,-294194,14634,1851488,0.1411133,7.0628662,0
5021,1779177374873042583,1,1,50,37616,1851488,12074,-30088,1604858,289063,-295077,15253,1851488,0.1434937,7.0628662,0
5022,1779177374878043214,1,1,50,37472,-1851504,12382,-30635,1599043,292479,-293669,15109,1851488,0.1429443,-7.0629272,0
5023,1779177374883070565,1,1,50,-8192,1851488,12681,-31154,1594473,295687,-290683,14207,-1851504,-0.0312500,7.0628662,0
5024,1779177374888034939,1,1,50,36832,-1851504,13087,-32112,1590141,298666,-286332,14476,1851488,0.1405029,-7.0629272,0
5025,1779177374893064978,1,1,50,-6784,1851488,12231,-34919,1585453,301510,-282289,15611,-1851504,-0.0258789,7.0628662,0
5026,1779177374898160203,1,1,50,39680,-1851504,12458,-35396,1581477,304273,-281137,17315,1851488,0.1513672,-7.0629272,0
5027,1779177374903081439,1,1,50,39728,-1851504,12660,-35839,1578510,306820,-285438,17373,-1851504,0.1515503,-7.0629272,0
5028,1779177374908036405,1,1,50,41920,1352928,12977,-36793,1575246,309567,-291661,19555,-1851504,0.1599121,5.1610107,0
5029,1779177374913097132,1,1,50,44640,-1851504,11929,-38859,1571092,312639,-297739,22272,1352928,0.1702881,-7.0629272,0
5030,1779177374918053538,1,1,50,47344,-1851504,12185,-39860,1567057,315898,-302751,24976,-1851504,0.1806030,-7.0629272,0
5031,1779177374923038840,1,1,50,5088,1851488,12440,-40889,1564031,319386,-304807,27475,-1851504,0.0194092,7.0628662,0
5032,1779177374928037966,1,1,50,51216,-1851504,12562,-41397,1560233,322915,-303360,28851,1851488,0.1953735,-7.0629272,0
5033,1779177374933042437,1,1,50,52208,-1851504,12814,-42396,1554892,326332,-296847,29852,-1851504,0.1991577,-7.0629272,0
5034,1779177374938043740,1,1,50,53824,1851488,13056,-43300,1549195,329517,-283556,31461,-1851504,0.2053223,7.0628662,0
5035,1779177374943104467,1,1,50,53808,-1851504,11931,-45494,1544685,332211,-264420,31447,1851488,0.2052612,-7.0629272,0
5036,1779177374948043368,1,1,50,54256,-1851504,12113,-46173,1540353,334197,-241244,31889,-1851504,0.2069702,-7.0629272,0
5037,1779177374953036607,1,1,50,9712,-1851504,12177,-46211,1534893,335429,-215584,32111,-1851504,0.0370483,-7.0629272,0
5038,1779177374958049590,1,1,50,9312,-1851504,12356,-46620,1529849,335797,-190087,31697,-1851504,0.0355225,-7.0629272,0
5039,1779177374963196432,1,1,50,9200,-1851504,11097,-46469,1526051,335344,-165411,31586,-1851504,0.0350952,-7.0629272,0
5040,1779177374968043522,1,1,50,8336,-1851504,11135,-46093,1522788,334140,-144301,30735,-1851504,0.0317993,-7.0629272,0
5041,1779177374973098266,1,1,50,8784,-1851504,11312,-46170,1518337,332276,-123941,31171,-1851504,0.0335083,-7.0629272,0
5042,1779177374978112593,1,1,50,8832,-1851504,11350,-45595,1513827,329840,-106064,31228,-1851504,0.0336914,-7.0629272,0
5043,1779177374983105927,1,1,50,8336,-1851504,11517,-45483,1510266,326890,-90258,30724,-1851504,0.0317993,-7.0629272,0
5044,1779177374988093789,1,1,50,53120,1725248,11545,-44724,1506706,323530,-74555,30756,-1851504,0.2026367,6.5812988,0
5045,1779177374993800293,1,1,50,52144,1851488,10334,-43716,1502077,319146,-56618,29776,1725248,0.1989136,7.0628662,0
5046,1779177374998111947,1,1,50,51584,1851488,10335,-42734,1496618,315446,-40600,29216,1851488,0.1967773,7.0628662,0
5047,1779177375003099073,1,1,50,49760,1851488,10521,-42259,1491158,310724,-21265,27407,1851488,0.1898193,7.0628662,0
5048,1779177375008055766,1,1,50,48704,1851488,10698,-41658,1485639,305372,-755,26339,1851488,0.1857910,7.0628662,0
5049,1779177375013065581,1,1,50,45920,1851488,9284,-40257,1479824,299291,20786,23567,1851488,0.1751709,7.0628662,0
5050,1779177375018179846,1,1,50,43616,1851488,9166,-38194,1474720,292424,45200,21259,1851488,0.1663818,7.0628662,0
5051,1779177375023185564,1,1,50,40768,1851488,9516,-37825,1469913,285156,73628,18412,1851488,0.1555176,7.0628662,0
5052,1779177375028339542,1,1,50,39360,1851488,9710,-36683,1464632,276716,101876,17001,1851488,0.1501465,7.0628662,0
5053,1779177375033043845,1,1,50,34592,1851488,9720,-34805,1459707,268151,130394,12233,1851488,0.1319580,7.0628662,0
5054,1779177375038066684,1,1,50,4048,1851488,9902,-33381,1454959,258221,156391,9507,1851488,0.0154419,7.0628662,0
5055,1779177375043132339,1,1,50,-17136,1851488,8521,-30269,1450330,247429,177524,5251,1851488,-0.0653687,7.0628662,0
5056,1779177375048081704,1,1,50,-19840,1851488,8719,-28652,1445761,236388,195421,2548,1851488,-0.0756836,7.0628662,0
5057,1779177375053054366,1,1,50,22064,1851488,8910,-26934,1440836,224887,209750,-304,1851488,0.0841675,7.0628662,0
5058,1779177375058039540,1,1,50,19072,1851488,8938,-24497,1435198,213057,220218,-3296,1851488,0.0727539,7.0628662,0
5059,1779177375063059403,1,1,50,15856,1851488,7798,-23878,1429086,200947,226634,-6527,1851488,0.0604858,7.0628662,0
5060,1779177375068686192,1,1,50,14240,1851488,7815,-21198,1422202,187409,229166,-8140,1851488,0.0543213,7.0628662,0
5061,1779177375073154265,1,1,50,10672,-1296720,7935,-19440,1417158,176707,236927,-11702,1851488,0.0407104,-4.9465942,0
5062,1779177375079231689,1,1,50,-35488,1851488,8146,-17289,1409503,162127,237137,-13110,-1296720,-0.1353760,7.0628662,0
5063,1779177375083486765,1,1,50,6992,-1851504,8072,-14784,1404696,152244,249589,-15384,1851488,0.0266724,-7.0629272,0
5064,1779177375088086106,1,1,50,-39808,1851488,8199,-12888,1398524,141239,255318,-17439,-1851504,-0.1518555,7.0628662,0
5065,1779177375093102609,1,1,50,7328,1851488,6761,-10980,1393243,129536,259154,-15054,1851488,0.0279541,7.0628662,0
5066,1779177375098060454,1,1,50,14032,1851488,6709,-8169,1387902,118622,265841,-8350,1851488,0.0535278,7.0628662,0
5067,1779177375103068124,1,1,50,14480,1851488,6859,-6062,1382087,107755,268826,-7888,1851488,0.0552368,7.0628662,0
5068,1779177375108088883,1,1,50,11936,1851488,7015,-3949,1376330,96921,266935,-10446,1851488,0.0455322,7.0628662,0
5069,1779177375113061609,1,1,50,9408,1851488,5321,20,1370574,86382,261947,-12973,1851488,0.0358887,7.0628662,0
5070,1779177375118248483,1,1,50,5680,1851488,5731,1331,1364818,75589,252624,-16702,1851488,0.0216675,7.0628662,0
5071,1779177375123066229,1,1,50,3168,1851488,5721,4085,1359062,65943,242574,-19207,1851488,0.0120850,7.0628662,0
5072,1779177375128134349,1,1,50,208,1851488,5932,6044,1352712,56154,227249,-22172,1851488,0.0007935,7.0628662,0
5073,1779177375133063937,1,1,50,-2912,1851488,6132,7917,1346481,47111,209588,-25291,1851488,-0.0111084,7.0628662,0
5074,1779177375138057623,1,1,50,-5824,1851488,6345,9705,1339953,38488,189754,-28202,1851488,-0.0222168,7.0628662,0
5075,1779177375143141392,1,1,50,-4672,1851488,4254,10775,1333129,30573,171845,-27041,1851488,-0.0178223,7.0628662,0
5076,1779177375148225832,1,1,50,-47456,1851488,4437,12484,1325711,23502,156501,-25087,1851488,-0.1810303,7.0628662,0
5077,1779177375153052762,1,1,50,-47024,1851488,4612,14091,1318531,17406,142107,-24644,1851488,-0.1793823,7.0628662,0
5078,1779177375158060720,1,1,50,-48240,1851488,4805,15669,1311884,11559,123984,-25858,1851488,-0.1840210,7.0628662,0
5079,1779177375162799808,1,1,50,-49984,1851488,3270,18334,1306188,6522,104135,-27615,1851488,-0.1906738,7.0628662,0
5080,1779177375168058365,1,1,50,-55760,1851488,3509,19748,1300491,1224,75691,-33379,1851488,-0.2127075,7.0628662,0
5081,1779177375173120980,1,1,50,-58800,1851488,3737,21040,1294912,-3192,49077,-36427,1851488,-0.2243042,7.0628662,0
5082,1779177375178297679,1,1,50,-58896,1851488,3990,22214,1289097,-6882,24054,-36519,1851488,-0.2246704,7.0628662,0
5083,1779177375183057311,1,1,50,-54016,1851488,4209,23332,1282925,-9267,5982,-31646,1851488,-0.2060547,7.0628662,0
5084,1779177375188194873,1,1,50,-37392,1851488,4210,25531,1276813,-10170,-3162,-15017,1851488,-0.1426392,7.0628662,0
5085,1779177375194196359,1,1,50,-35088,1851488,2883,25377,1269633,-10734,-16382,-12718,1851488,-0.1338501,7.0628662,0
5086,1779177375198297576,1,1,50,-37296,1851488,3052,26410,1264826,-10959,-31490,-14918,1851488,-0.1422729,7.0628662,0
5087,1779177375203049688,1,1,50,-37376,1851488,3312,27359,1259070,-10866,-48887,-15005,1851488,-0.1425781,7.0628662,0
5088,1779177375208048942,1,1,50,-37616,1851488,3619,28243,1252898,-10365,-65706,-15236,1851488,-0.1434937,7.0628662,0
5089,1779177375213088645,1,1,50,-40688,1851488,2557,29173,1246311,-9673,-82316,-18313,1851488,-0.1552124,7.0628662,0
5090,1779177375218050587,1,1,50,-42016,1851488,2891,29941,1239130,-8710,-96613,-19646,1851488,-0.1602783,7.0628662,0
5091,1779177375223124658,1,1,50,-33456,1851488,2937,31954,1232069,-6836,-103551,-11080,1851488,-0.1276245,7.0628662,0
5092,1779177375228058343,1,1,50,-23632,1851488,3310,32747,1224532,-4273,-106305,-1259,1851488,-0.0901489,7.0628662,0
5093,1779177375233060573,1,1,50,-13136,1851488,3730,33520,1218064,-997,-106554,9258,1851488,-0.0501099,7.0628662,0
5094,1779177375238043091,1,1,50,-18352,1851488,4166,34300,1211714,1812,-115239,4034,1851488,-0.0700073,7.0628662,0
5095,1779177375243064170,1,1,50,-20720,1851488,3454,34213,1205899,4592,-126383,1673,1851488,-0.0790405,7.0628662,0
5096,1779177375248190243,1,1,50,-26304,1851488,3935,34865,1199786,7211,-140441,-3929,1851488,-0.1003418,7.0628662,0
5097,1779177375253046678,1,1,50,-29168,1851488,4393,35502,1193259,9730,-153738,-6797,1851488,-0.1112671,7.0628662,0
5098,1779177375258063692,1,1,50,-28912,1851488,4900,36088,1186375,12560,-163436,-6535,1851488,-0.1102905,7.0628662,0
5099,1779177375263071075,1,1,50,-25936,1851488,4276,35833,1179729,15697,-168775,-3561,1851488,-0.0989380,7.0628662,0
5100,1779177375268048569,1,1,50,-8400,1851488,4811,36405,1173557,19982,-162331,13999,1851488,-0.0320435,7.0628662,0
5101,1779177375273093680,1,1,50,2352,1851488,5388,37038,1167920,24738,-153309,24747,1851488,0.0089722,7.0628662,0
5102,1779177375278045253,1,1,50,432,1851488,5986,37667,1161867,28904,-151221,22819,1851488,0.0016479,7.0628662,0
5103,1779177375283042747,1,1,50,-5280,1851488,6626,38265,1156051,32528,-153849,17108,1851488,-0.0201416,7.0628662,0
5104,1779177375288043889,1,1,50,-6672,1851488,7294,38855,1149583,35980,-154916,15725,1851488,-0.0254517,7.0628662,0
5105,1779177375293127625,1,1,50,-10080,1851488,6597,39617,1142699,39141,-154346,12315,1851488,-0.0384521,7.0628662,0
5106,1779177375298059582,1,1,50,-15616,1851488,7292,40197,1135815,41701,-153647,6769,1851488,-0.0595703,7.0628662,0
5107,1779177375303099477,1,1,50,-17744,1851488,8035,40758,1128694,44046,-149947,4646,1851488,-0.0676880,7.0628662,0
5108,1779177375308188141,1,1,50,-18272,1851488,8810,41332,1121632,46185,-143805,4117,1851488,-0.0697021,7.0628662,0
5109,1779177375313071201,1,1,50,-19952,1851488,8386,41987,1115164,47902,-137696,2432,1851488,-0.0761108,7.0628662,0
5110,1779177375318226939,1,1,50,-6544,1851488,9548,41358,1108992,50414,-121918,15843,1851488,-0.0249634,7.0628662,0
5111,1779177375323114862,1,1,50,-12880,1851488,10326,42071,1102524,51940,-115411,9505,1851488,-0.0491333,7.0628662,0
5112,1779177375328041507,1,1,50,-5376,1851488,11126,42856,1096056,53759,-104433,17019,1851488,-0.0205078,7.0628662,0
5113,1779177375333045913,1,1,50,-17360,1851488,11960,43644,1089825,54486,-101729,5036,1851488,-0.0662231,7.0628662,0
5114,1779177375338107281,1,1,50,-10816,1851488,12822,44493,1083475,55555,-90315,11572,1851488,-0.0412598,7.0628662,0
5115,1779177375343588754,1,1,50,-15904,1851488,12413,46233,1076591,56381,-76920,6483,1851488,-0.0606689,7.0628662,0
5116,1779177375348131998,1,1,50,-15952,1851488,13172,47250,1071132,56454,-68725,6434,1851488,-0.0608521,7.0628662,0
5117,1779177375353051794,1,1,50,-25168,1851488,14019,48308,1065198,55739,-65217,-2790,1851488,-0.0960083,7.0628662,0
5118,1779177375358054312,1,1,50,-15072,1851488,14898,49431,1058789,55617,-52937,7315,1851488,-0.0574951,7.0628662,0
5119,1779177375363119168,1,1,50,-10592,1851488,14976,51613,1052558,55525,-38181,11802,1851488,-0.0404053,7.0628662,0
5120,1779177375368067637,1,1,50,-8384,1851488,16256,51505,1046149,55264,-21889,14007,1851488,-0.0319824,7.0628662,0
5121,1779177375373051563,1,1,50,-8016,1851488,17167,52934,1039265,54686,-4167,14376,1851488,-0.0305786,7.0628662,0
5122,1779177375378049857,1,1,50,-9888,1851488,18093,54462,1032915,53626,13666,12496,1851488,-0.0377197,7.0628662,0
5123,1779177375383046775,1,1,50,-14976,1851488,19023,56101,1025854,51892,29282,7414,1851488,-0.0571289,7.0628662,0
5124,1779177375388044653,1,1,50,-23120,1851488,20348,56303,1019207,49354,40288,-748,1851488,-0.0881958,7.0628662,0
5125,1779177375393062116,1,1,50,-30208,1851488,20283,57651,1013154,46199,47046,-7829,1851488,-0.1152344,7.0628662,0
5126,1779177375398049914,1,1,50,-39600,1851488,21201,59415,1007042,42418,47721,-17230,1851488,-0.1510620,7.0628662,0
5127,1779177375403044656,1,1,50,-48960,1851488,22112,61198,1000930,38138,43554,-26585,1851488,-0.1867676,7.0628662,0
5128,1779177375408090727,1,1,50,-50064,1851488,23041,62968,994936,33979,41330,-27687,1851488,-0.1909790,7.0628662,0
5129,1779177375413061885,1,1,50,-8480,1851488,23285,66320,988943,29869,39864,-30862,1851488,-0.0323486,7.0628662,0
5130,1779177375418322105,1,1,50,-58672,-1851504,24710,66511,982771,25335,36297,-36293,1851488,-0.2238159,-7.0629272,0
5131,1779177375423121450,1,1,50,-66288,-1851504,25986,66680,976837,20949,35135,-43904,-1851504,-0.2528687,-7.0629272,0
5132,1779177375428177634,1,1,50,-76320,-1851504,26506,70089,970784,15859,29478,-53938,-1851504,-0.2911377,-7.0629272,0
5133,1779177375433056981,1,1,50,-77408,1851488,27800,70204,964493,10631,23562,-63642,-1851504,-0.2952881,7.0628662,0
5134,1779177375438097997,1,1,50,-52112,-1851504,28705,71923,957847,4845,12293,-74484,1851488,-0.1987915,-7.0629272,0
5135,1779177375443054530,1,1,50,-102224,-1851504,28858,75319,951972,-1280,-2854,-88344,-1851504,-0.3899536,-7.0629272,0
5136,1779177375448206907,1,1,50,-102224,1851488,29766,76908,945741,-8003,-23489,-102236,-1851504,-0.3899536,7.0628662,0
5137,1779177375453107759,1,1,50,-79856,-1851504,31031,76749,938917,-13777,-32591,-102236,1851488,-0.3046265,-7.0629272,0
5138,1779177375457975586,1,1,50,-79856,1851488,31833,78308,932389,-19136,-37175,-102236,-1851504,-0.3046265,7.0628662,0
5139,1779177375463066651,1,1,50,-79856,-1851504,32674,79845,926396,-24444,-41943,-102236,1851488,-0.3046265,-7.0629272,0
5140,1779177375468052913,1,1,50,-79856,-1851504,33909,79631,920817,-29350,-42900,-102236,-1851504,-0.3046265,-7.0629272,0
5141,1779177375473137737,1,1,50,-79856,-1851504,33402,82392,914824,-34138,-45024,-102236,-1851504,-0.3046265,-7.0629272,0
5142,1779177375478128543,1,1,50,-79856,-1851504,34171,83957,909898,-38607,-47643,-102236,-1851504,-0.3046265,-7.0629272,0
5143,1779177375483043603,1,1,50,-79856,-1851504,34906,85518,905151,-42785,-53725,-102236,-1851504,-0.3046265,-7.0629272,0
5144,1779177375488058602,1,1,50,-79856,-1851504,35652,87022,900048,-46767,-66734,-102236,-1851504,-0.3046265,-7.0629272,0
5145,1779177375493077760,1,1,50,-79856,-1851504,35515,88200,894588,-50356,-84953,-102236,-1851504,-0.3046265,-7.0629272,0
5146,1779177375498049558,1,1,50,-79856,-1851504,36720,87669,889603,-53444,-106744,-102236,-1851504,-0.3046265,-7.0629272,0
5147,1779177375503061260,1,1,50,-79856,-1851504,37448,88879,884381,-56046,-131554,-102236,-1851504,-0.3046265,-7.0629272,0
5148,1779177375508069251,1,1,50,-79856,1851488,38160,89995,880702,-58105,-156976,-102236,-1851504,-0.3046265,7.0628662,0
5149,1779177375513072185,1,1,50,-79856,1851488,38864,90998,877319,-59635,-181609,-102236,1851488,-0.3046265,7.0628662,0
5150,1779177375518066191,1,1,50,-79856,1851488,40056,89976,873818,-60675,-204713,-102236,1851488,-0.3046265,7.0628662,0
5151,1779177375523066917,1,1,50,-79856,1851488,39569,93113,869545,-61278,-226245,-102236,1851488,-0.3046265,7.0628662,0
5152,1779177375528067547,1,1,50,-79856,1851488,40775,91883,864917,-61491,-246029,-102236,1851488,-0.3046265,7.0628662,0
5153,1779177375533064626,1,1,50,-79856,1851488,41475,92515,860288,-61363,-264310,-102236,1851488,-0.3046265,7.0628662,0
5154,1779177375538057288,1,1,50,-79856,1851488,42158,93090,855422,-60939,-282007,-102236,1851488,-0.3046265,7.0628662,0
5155,1779177375543083998,1,1,50,-79856,1851488,41704,96247,850378,-60239,-300770,-102236,1851488,-0.3046265,7.0628662,0
5156,1779177375548067636,1,1,50,-79856,1851488,42929,94649,845630,-59272,-320712,-102236,1851488,-0.3046265,7.0628662,0
5157,1779177375553061642,1,1,50,-79856,1851488,44128,92939,841120,-58023,-342391,-102236,1851488,-0.3046265,7.0628662,0
5158,1779177375558058208,1,1,50,-79856,1851488,44812,93133,837857,-56477,-364609,-102236,1851488,-0.3046265,7.0628662,0
5159,1779177375563057335,1,1,50,-102224,1851488,45481,93255,834355,-54642,-385645,-102236,1851488,-0.3899536,7.0628662,0
5160,1779177375568066989,1,1,50,-102224,1851488,46670,91231,831982,-52545,-404187,-102236,1851488,-0.3899536,7.0628662,0
5161,1779177375573129765,1,1,50,-102224,1851488,45933,93735,830973,-50213,-419921,-102236,1851488,-0.3899536,7.0628662,0
5162,1779177375578067897,1,1,50,-79856,1851488,47133,91606,831448,-47782,-431276,-102236,1851488,-0.3046265,7.0628662,0
5163,1779177375583187058,1,1,50,-79856,1851488,47838,91445,833228,-45170,-440920,-102236,1851488,-0.3046265,7.0628662,0
5164,1779177375587731486,1,1,50,-79856,1851488,48404,91524,836432,-42795,-444178,-102236,1851488,-0.3046265,7.0628662,0
5165,1779177375593073980,1,1,50,-102224,1851488,47850,93610,838747,-40042,-452971,-102236,1851488,-0.3899536,7.0628662,0
5166,1779177375598376218,1,1,50,-79856,1851488,49196,91173,836907,-37294,-459649,-102236,1851488,-0.3046265,7.0628662,0
5167,1779177375603153642,1,1,50,-79856,1851488,49805,91106,831626,-34859,-463253,-102236,1851488,-0.3046265,7.0628662,0
5168,1779177375608293700,1,1,50,-79856,1851488,51070,88684,822428,-32352,-471228,-102236,1851488,-0.3046265,7.0628662,0
5169,1779177375613123478,1,1,50,-79856,-1851504,51663,88515,811330,-30051,-478295,-102236,1851488,-0.3046265,-7.0629272,0
5170,1779177375618153933,1,1,50,-102224,-1851504,50357,89154,797326,-27744,-488090,-102236,-1851504,-0.3899536,-7.0629272,0
5171,1779177375623379849,1,1,50,-102224,-1851504,50973,88734,783440,-25400,-498907,-102236,-1851504,-0.3899536,-7.0629272,0
5172,1779177375628379743,1,1,50,-102224,-1851504,52135,86200,776200,-23152,-506810,-102236,-1851504,-0.3899536,-7.0629272,0
5173,1779177375632692421,1,1,50,-79856,-1851504,52522,86198,777921,-21188,-509283,-102236,-1851504,-0.3046265,-7.0629272,0
5174,1779177375638170566,1,1,50,-79856,-1851504,53790,83365,783855,-18700,-517150,-102236,-1851504,-0.3046265,-7.0629272,0
5175,1779177375643317600,1,1,50,-79856,1851488,54204,79972,792816,-16279,-519488,-102236,-1851504,-0.3046265,7.0628662,0
5176,1779177375648318358,1,1,50,-102224,-1851504,54780,79549,804684,-13901,-519844,-102236,1851488,-0.3899536,-7.0629272,0
5177,1779177375653011749,1,1,50,-102224,-1851504,55851,77119,813229,-11695,-517839,-102236,-1851504,-0.3899536,-7.0629272,0
5178,1779177375658068445,1,1,50,-102224,1851488,56431,76712,808601,-9492,-517246,-102236,-1851504,-0.3899536,7.0628662,0
5179,1779177375663073811,1,1,50,-102224,1851488,56964,76365,796851,-7526,-515792,-102236,1851488,-0.3899536,7.0628662,0
5180,1779177375668143307,1,1,50,-102224,1851488,58062,73739,786763,-5741,-518079,-102236,1851488,-0.3899536,7.0628662,0
5181,1779177375673356294,1,1,50,-102224,1851488,57373,74725,777743,-4040,-527132,-102236,1851488,-0.3899536,7.0628662,0
5182,1779177375677958643,1,1,50,-102224,1851488,58344,72241,771393,-2537,-539642,-102236,1851488,-0.3899536,7.0628662,0
5183,1779177375683101420,1,1,50,-102224,1851488,58829,71610,767239,-773,-558303,-102236,1851488,-0.3899536,7.0628662,0
5184,1779177375688336904,1,1,50,-79856,1851488,59318,70828,766349,1226,-575763,-102236,1851488,-0.3046265,7.0628662,0
5185,1779177375693247100,1,1,50,-102224,-1851504,59490,68812,769019,3298,-587007,-102236,1851488,-0.3899536,-7.0629272,0
5186,1779177375698293972,1,1,50,-102224,-1851504,59922,68073,775072,5569,-592301,-102236,-1851504,-0.3899536,-7.0629272,0
5187,1779177375703245097,1,1,50,-79856,-1851504,60935,65153,783024,7860,-589779,-102236,-1851504,-0.3046265,-7.0629272,0
5188,1779177375708065659,1,1,50,-102224,-1851504,61318,64613,787593,10000,-581602,-102236,-1851504,-0.3899536,-7.0629272,0
5189,1779177375713056113,1,1,50,-102224,-1851504,62307,61761,781363,11918,-571402,-102236,-1851504,-0.3899536,-7.0629272,0
5190,1779177375718077447,1,1,50,-79856,-1851504,62697,61207,772639,13501,-559982,-102236,-1851504,-0.3046265,-7.0629272,0
5191,1779177375723340004,1,1,50,-102224,-1851504,62570,59979,765459,14813,-550336,-102236,-1851504,-0.3899536,-7.0629272,0
5192,1779177375728076756,1,1,50,-102224,-1851504,62870,59657,760889,15748,-540819,-102236,-1851504,-0.3899536,-7.0629272,0
5193,1779177375733054857,1,1,50,-102224,-1851504,63184,59251,758160,16513,-537830,-102236,-1851504,-0.3899536,-7.0629272,0
5194,1779177375738103969,1,1,50,-102224,-1851504,64107,56521,758160,17206,-540705,-102236,-1851504,-0.3899536,-7.0629272,0
5195,1779177375744354901,1,1,50,-102224,-1851504,64062,55218,761364,18120,-554506,-102236,-1851504,-0.3899536,-7.0629272,0
5196,1779177375748343987,1,1,50,-102224,-1851504,64761,52996,765518,18874,-557038,-102236,-1851504,-0.3899536,-7.0629272,0
5197,1779177375753283944,1,1,50,-102224,-1851504,65009,52484,769672,19857,-565780,-102236,-1851504,-0.3899536,-7.0629272,0
5198,1779177375758357632,1,1,50,-102224,-1851504,65867,49591,768129,20937,-570264,-102236,-1851504,-0.3899536,-7.0629272,0
5199,1779177375763086575,1,1,50,-79856,-1851504,66047,49205,764272,21919,-568997,-102236,-1851504,-0.3046265,-7.0629272,0
5200,1779177375769129342,1,1,50,-102224,-1851504,67012,45745,761483,23055,-572614,-102236,-1851504,-0.3899536,-7.0629272,0
5201,1779177375773864494,1,1,50,-102224,-1851504,66493,47409,760296,23933,-567958,-102236,-1851504,-0.3899536,-7.0629272,0
5202,1779177375778209557,1,1,50,-102224,-1851504,66542,47351,758219,24619,-563399,-102236,-1851504,-0.3899536,-7.0629272,0
5203,1779177375783404048,1,1,50,-102224,-1851504,67354,44418,755133,25296,-564668,-102236,-1851504,-0.3899536,-7.0629272,0
5204,1779177375788056446,1,1,50,-102224,-1851504,67411,44245,753353,25870,-563219,-102236,-1851504,-0.3899536,-7.0629272,0
5205,1779177375793073556,1,1,50,-102224,-1851504,67614,44120,752166,26425,-563878,-102236,-1851504,-0.3899536,-7.0629272,0
5206,1779177375798060170,1,1,50,-102224,-1851504,68354,41316,750564,26942,-562365,-102236,-1851504,-0.3899536,-7.0629272,0
5207,1779177375803072577,1,1,50,-102224,-1851504,69058,38514,748309,27414,-559099,-101798,-1851504,-0.3899536,-7.0629272,0
5208,1779177375808069559,1,1,50,-102224,-1851504,69069,38327,746647,27867,-555054,-100646,-1851504,-0.3899536,-7.0629272,0
5209,1779177375813061997,1,1,50,-102224,-1851504,69029,38261,745698,28267,-552190,-99992,-1851504,-0.3899536,-7.0629272,0
5210,1779177375818059267,1,1,50,-102224,-1851504,68953,38239,745045,28595,-551571,-100046,-1851504,-0.3899536,-7.0629272,0
5211,1779177375823130619,1,1,50,-102224,-1548656,69416,37346,744214,28891,-553295,-100046,-1851504,-0.3899536,-5.9076538,0
5212,1779177375828051695,1,1,50,-102224,-1851504,70059,34612,743561,29183,-555659,-100382,-1548656,-0.3899536,-7.0629272,0
5213,1779177375833061798,1,1,50,-102224,-1851504,69954,34587,742909,29504,-558787,-99876,-1851504,-0.3899536,-7.0629272,0
5214,1779177375838054588,1,1,50,-102224,-1851504,69805,34633,741603,29862,-560572,-99518,-1851504,-0.3899536,-7.0629272,0
5215,1779177375843552382,1,1,50,-102224,1366624,70429,31584,740238,30248,-562705,-99518,-1851504,-0.3899536,5.2132568,0
5216,1779177375848093865,1,1,50,-102224,-1851504,70954,29053,739289,30615,-557340,-98699,1366624,-0.3899536,-7.0629272,0
5217,1779177375853070463,1,1,50,-102224,-1851504,70747,29231,738458,31000,-553290,-97292,-1851504,-0.3899536,-7.0629272,0
5218,1779177375858063253,1,1,50,-74048,-1851504,70515,29434,737627,31353,-548884,-96421,-1851504,-0.2824707,-7.0629272,0
5219,1779177375863064043,1,1,50,-74208,-1851504,71066,26706,737093,31607,-545492,-96576,-1851504,-0.2830811,-7.0629272,0
5220,1779177375868061761,1,1,50,-102224,1851488,70822,26914,736974,31816,-542928,-96291,-1851504,-0.3899536,7.0628662,0
5221,1779177375873080184,1,1,50,-102224,-1851504,70818,26501,737627,31978,-541642,-96389,1851488,-0.3899536,-7.0629272,0
5222,1779177375878062221,1,1,50,-102224,1851488,70532,26822,737983,32104,-541180,-96588,-1851504,-0.3899536,7.0628662,0
5223,1779177375883065604,1,1,50,-102224,-1851504,71051,24112,737983,32204,-541522,-96804,1851488,-0.3899536,-7.0629272,0
5224,1779177375888070394,1,1,50,-102224,1851488,70748,24418,737805,32349,-541684,-96051,-1851504,-0.3899536,7.0628662,0
5225,1779177375893083312,1,1,50,-102224,-1851504,70481,24238,737805,32514,-542297,-95687,1851488,-0.3899536,-7.0629272,0
5226,1779177375898049990,1,1,50,-102224,1851488,70962,21539,737390,32680,-543515,-95576,-1851504,-0.3899536,7.0628662,0
5227,1779177375903058204,1,1,50,-102224,-1851504,71410,18809,737093,32909,-545160,-94720,1851488,-0.3899536,-7.0629272,0
5228,1779177375908056754,1,1,50,-70656,-1851504,71060,19076,736559,33252,-546140,-93030,-1851504,-0.2695312,-7.0629272,0
5229,1779177375913083209,1,1,50,-102224,-1851504,70685,19349,736678,33684,-546703,-91665,-1851504,-0.3899536,-7.0629272,0
5230,1779177375918064735,1,1,50,-102224,-1851504,71106,16625,736559,34136,-546834,-91069,-1851504,-0.3899536,-7.0629272,0
5231,1779177375923075766,1,1,50,-102224,-1851504,70720,18469,736559,34639,-546521,-90008,-1851504,-0.3899536,-7.0629272,0
5232,1779177375928130381,1,1,50,-102224,-1851504,71140,15706,736856,35119,-546643,-90022,-1851504,-0.3899536,-7.0629272,0
5233,1779177375933133635,1,1,50,-102224,1851488,70761,15907,737508,35614,-546126,-89500,-1851504,-0.3899536,7.0628662,0
5234,1779177375938075448,1,1,50,-102224,1851488,70357,16144,737508,36105,-544624,-88963,1851488,-0.3899536,7.0628662,0
5235,1779177375943077998,1,1,50,-66224,1851488,71088,12266,738161,36588,-542627,-88594,1851488,-0.2526245,7.0628662,0
5236,1779177375948201127,1,1,50,-66224,1851488,71435,9498,739229,37041,-540186,-88594,1851488,-0.2526245,7.0628662,0
5237,1779177375953104795,1,1,50,-63936,1851488,71015,9770,740357,37574,-533877,-86309,1851488,-0.2438965,7.0628662,0
5238,1779177375957920461,1,1,50,-61920,1851488,70587,10057,740891,37989,-526860,-84293,1851488,-0.2362061,7.0628662,0
5239,1779177375963082055,1,1,50,-60656,1851488,70913,7375,741306,38527,-519634,-83035,1851488,-0.2313843,7.0628662,0
5240,1779177375968063485,1,1,50,-59344,1851488,70489,7620,742137,39007,-513684,-81714,1851488,-0.2263794,7.0628662,0
5241,1779177375973074131,1,1,50,-58576,1851488,69770,8385,743027,39437,-511347,-80957,1851488,-0.2234497,7.0628662,0
5242,1779177375978065001,1,1,50,-58384,1851488,70070,5826,743324,39825,-512688,-80763,1851488,-0.2227173,7.0628662,0
5243,1779177375983064896,1,1,50,-57584,1851488,69627,5969,742909,40262,-516238,-79954,1851488,-0.2196655,7.0628662,0
5244,1779177375988005940,1,1,50,-56592,1851488,69895,3397,743858,40800,-520542,-78971,1851488,-0.2158813,7.0628662,0
5245,1779177375993079660,1,1,50,-54944,1851488,69694,2056,745342,41517,-524436,-77318,1851488,-0.2095947,7.0628662,0
5246,1779177375998070850,1,1,50,-52976,1851488,69916,-569,746825,42392,-525907,-75349,1851488,-0.2020874,7.0628662,0
5247,1779177376003062136,1,1,50,-50704,1851488,69438,-489,747775,43405,-524370,-73086,1851488,-0.1934204,7.0628662,0
5248,1779177376008054638,1,1,50,-49056,1851488,68947,-400,749080,44468,-520394,-71432,1851488,-0.1871338,7.0628662,0
5249,1779177376013053156,1,1,50,-48128,1851488,69150,-2975,750148,45495,-515163,-70506,1851488,-0.1835938,7.0628662,0
5250,1779177376018054106,1,1,50,-47104,1851488,68650,-2835,751217,46472,-509704,-69483,1851488,-0.1796875,7.0628662,0
5251,1779177376023094385,1,1,50,-46672,1851488,67917,-2854,751751,47361,-505639,-69047,1851488,-0.1780396,7.0628662,0
5252,1779177376028057606,1,1,50,-46528,1851488,68098,-5353,752641,48153,-503608,-68898,1851488,-0.1774902,7.0628662,0
5253,1779177376033052444,1,1,50,-45856,1851488,67555,-5144,752166,48917,-503327,-68232,1851488,-0.1749268,7.0628662,0
5254,1779177376038053330,1,1,50,-45456,1851488,66967,-4832,751335,49658,-504431,-67830,1851488,-0.1734009,7.0628662,0
5255,1779177376043221580,1,1,50,-45456,1851488,67237,-8584,751751,50408,-506497,-67836,1851488,-0.1734009,7.0628662,0
5256,1779177376048059550,1,1,50,-45040,1851488,66605,-8164,753353,51151,-507255,-67420,1851488,-0.1718140,7.0628662,0
5257,1779177376053061908,1,1,50,-45072,1851488,66729,-10700,755252,51917,-506959,-67444,1851488,-0.1719360,7.0628662,0
5258,1779177376058077706,1,1,50,-45072,1851488,66074,-10275,756795,52662,-504159,-67440,1851488,-0.1719360,7.0628662,0
5259,1779177376063102144,1,1,50,-45552,1851488,65384,-9751,758575,53321,-499300,-67920,1851488,-0.1737671,7.0628662,0
5260,1779177376068063221,1,1,50,-46480,1851488,65493,-12200,760771,53832,-493604,-68859,1851488,-0.1773071,7.0628662,0
5261,1779177376073075276,1,1,50,-46576,1851488,64773,-11145,762907,54257,-487542,-68953,1851488,-0.1776733,7.0628662,0
5262,1779177376078103266,1,1,50,-46864,1851488,64867,-13568,763085,54553,-481823,-69232,1851488,-0.1787720,7.0628662,0
5263,1779177376083098840,1,1,50,-46640,1851488,64140,-12831,763085,54760,-477215,-69013,1851488,-0.1779175,7.0628662,0
5264,1779177376088106382,1,1,50,-46704,1851488,63394,-12069,763322,54885,-475298,-69072,1851488,-0.1781616,7.0628662,0
5265,1779177376093101700,1,1,50,-47152,1851488,63597,-16409,764272,54957,-476057,-69529,1851488,-0.1798706,7.0628662,0
5266,1779177376098068089,1,1,50,-47280,1851488,62820,-15647,765933,55048,-477493,-69650,1851488,-0.1803589,7.0628662,0
5267,1779177376103071183,1,1,50,-47312,1851488,62849,-18040,768070,55182,-478249,-69682,1851488,-0.1804810,7.0628662,0
5268,1779177376108065157,1,1,50,-47376,1851488,62080,-17341,770622,55347,-477755,-69744,1851488,-0.1807251,7.0628662,0
5269,1779177376113200670,1,1,50,-92320,1851488,61311,-16754,772342,55509,-476415,-69945,1851488,-0.3521729,7.0628662,0
5270,1779177376118056881,1,1,50,-92512,1851488,61324,-19050,773826,55640,-472946,-70131,1851488,-0.3529053,7.0628662,0
5271,1779177376123193738,1,1,50,-76624,1851488,60487,-17547,775606,55746,-469190,-70015,1851488,-0.2922974,7.0628662,0
5272,1779177376128071677,1,1,50,-47808,1851488,59734,-16843,777921,55801,-464386,-70187,1851488,-0.1823730,7.0628662,0
5273,1779177376133078067,1,1,50,-48112,1851488,59745,-19150,779108,55774,-460889,-70487,1851488,-0.1835327,7.0628662,0
5274,1779177376138080041,1,1,50,-47984,1851488,58993,-18493,778989,55701,-458435,-70356,1851488,-0.1830444,7.0628662,0
5275,1779177376143404742,1,1,50,-47760,1851488,58221,-19879,779879,55613,-457897,-70131,1851488,-0.1821899,7.0628662,0
5276,1779177376148073621,1,1,50,-47872,1851488,58188,-22007,781422,55541,-455672,-70244,1851488,-0.1826172,7.0628662,0
5277,1779177376153148492,1,1,50,-48240,1851488,57400,-21390,783796,55435,-454927,-70616,1851488,-0.1840210,7.0628662,0
5278,1779177376158085857,1,1,50,-48704,1851488,56600,-20700,786644,55328,-452842,-71072,1851488,-0.1857910,7.0628662,0
5279,1779177376163090679,1,1,50,-49088,1851488,56546,-22954,789849,55203,-450386,-71464,1851488,-0.1872559,7.0628662,0
5280,1779177376168061100,1,1,50,-94368,1851488,55737,-22239,793290,55052,-447624,-71987,1851488,-0.3599854,7.0628662,0
5281,1779177376173079618,1,1,50,-94960,1851488,55162,-20948,797088,54866,-445222,-72576,1851488,-0.3622437,7.0628662,0
5282,1779177376178066744,1,1,50,-95776,1851488,54315,-20213,801302,54647,-443066,-73407,1851488,-0.3653564,7.0628662,0
5283,1779177376183064430,1,1,50,-96384,1851488,54260,-22419,802963,54381,-441302,-74014,1851488,-0.3676758,7.0628662,0
5284,1779177376188091268,1,1,50,-97024,1851488,53412,-21689,803557,54064,-440397,-74648,1851488,-0.3701172,7.0628662,0
5285,1779177376193095706,1,1,50,-97840,1851488,52529,-22312,805752,53719,-440524,-75462,1851488,-0.3732300,7.0628662,0
5286,1779177376198086448,1,1,50,-99248,1851488,52434,-24518,808363,53332,-441894,-76866,1851488,-0.3786011,7.0628662,0
5287,1779177376203078822,1,1,50,-101488,1851488,51550,-23782,811271,52873,-444276,-79114,1851488,-0.3871460,7.0628662,0
5288,1779177376208194975,1,1,50,-102224,1851488,51421,-26068,814060,52371,-446836,-80991,1851488,-0.3899536,7.0628662,0
5289,1779177376213082898,1,1,50,-102224,1851488,50534,-25293,817502,52007,-446000,-80733,1851488,-0.3899536,7.0628662,0
5290,1779177376218077544,1,1,50,-101968,1851488,49636,-24564,821181,51751,-444010,-79589,1851488,-0.3889771,7.0628662,0
5291,1779177376223089214,1,1,50,-100992,1851488,48756,-23494,824564,51572,-441211,-78620,1851488,-0.3852539,7.0628662,0
5292,1779177376228080596,1,1,50,-100480,1851488,48625,-25684,827650,51421,-438768,-78105,1851488,-0.3833008,7.0628662,0
5293,1779177376233060841,1,1,50,-100624,1851488,47713,-24919,829727,51251,-437941,-78251,1851488,-0.3838501,7.0628662,0
5294,1779177376238069439,1,1,50,-100912,1851488,46803,-24209,831448,51073,-438887,-78541,1851488,-0.3849487,7.0628662,0
5295,1779177376243115158,1,1,50,-86944,1851488,46641,-27685,834415,50924,-440643,-78926,1851488,-0.3316650,7.0628662,0
5296,1779177376248076619,1,1,50,-54976,1851488,45714,-26949,838450,50957,-440034,-77351,1851488,-0.2097168,7.0628662,0
5297,1779177376253073057,1,1,50,-71216,1851488,44782,-26225,842841,51171,-436993,-75064,1851488,-0.2716675,7.0628662,0
5298,1779177376258084663,1,1,50,-66944,1851488,44597,-28392,847945,51478,-432289,-73541,1851488,-0.2553711,7.0628662,0
5299,1779177376263065613,1,1,50,-94624,1851488,43684,-27666,854413,51841,-426481,-72252,1851488,-0.3609619,7.0628662,0
5300,1779177376268424843,1,1,50,-93312,1851488,42751,-27067,862365,52289,-421463,-70932,1851488,-0.3559570,7.0628662,0
5301,1779177376273082777,1,1,50,-91872,1851488,41695,-25690,867884,52720,-412840,-69488,1851488,-0.3504639,7.0628662,0
5302,1779177376278097519,1,1,50,-90816,1851488,41516,-27735,870495,53112,-407669,-68443,1851488,-0.3464355,7.0628662,0
5303,1779177376283087781,1,1,50,-89264,1851488,40643,-26951,873165,53522,-404913,-66890,1851488,-0.3405151,7.0628662,0
5304,1779177376288082811,1,1,50,-87472,1851488,39784,-26232,878328,54036,-405074,-65097,1851488,-0.3336792,7.0628662,0
5305,1779177376293068688,1,1,50,-85696,1851488,38883,-27029,883847,54699,-407405,-63321,1851488,-0.3269043,7.0628662,0
5306,1779177376298066758,1,1,50,-83056,1851488,38022,-26378,887289,55584,-410578,-60673,1851488,-0.3168335,7.0628662,0
5307,1779177376303067036,1,1,50,-80432,1851488,37181,-25810,890137,56688,-414029,-58049,1851488,-0.3068237,7.0628662,0
5308,1779177376308067378,1,1,50,-78160,1851488,37012,-27894,894766,58002,-416700,-55779,1851488,-0.2981567,7.0628662,0
5309,1779177376313069992,1,1,50,-75792,1851488,36191,-27355,899810,59517,-416695,-53411,1851488,-0.2891235,7.0628662,0
5310,1779177376318097951,1,1,50,-73632,1851488,35376,-26818,903786,61161,-413535,-51249,1851488,-0.2808838,7.0628662,0
5311,1779177376323074836,1,1,50,-71728,1851488,34737,-27225,906100,62812,-408507,-49354,1851488,-0.2736206,7.0628662,0
5312,1779177376328069322,1,1,50,-69616,1851488,33958,-26740,906991,64460,-403334,-47240,1851488,-0.2655640,7.0628662,0
5313,1779177376333071872,1,1,50,-67728,1851488,33190,-26251,909364,66098,-398473,-45355,1851488,-0.2583618,7.0628662,0
5314,1779177376338096502,1,1,50,-66160,1851488,32445,-25820,914586,67745,-393406,-43791,1851488,-0.2523804,7.0628662,0
5315,1779177376343075756,1,1,50,-64672,1851488,32547,-29607,919868,69372,-387948,-42291,1851488,-0.2467041,7.0628662,0
5316,1779177376348067106,1,1,50,-17120,1851488,31813,-29172,925387,71078,-382162,-39491,1851488,-0.0653076,7.0628662,0
5317,1779177376353086648,1,1,50,-14128,1851488,31088,-28738,932686,72889,-376835,-36508,1851488,-0.0538940,7.0628662,0
5318,1779177376358110958,1,1,50,-11536,1851488,30380,-28326,939214,74768,-371916,-33910,1851488,-0.0440063,7.0628662,0
5319,1779177376363069091,1,1,50,-54176,1851488,29697,-27928,942952,76634,-367349,-31801,1851488,-0.2066650,7.0628662,0
5320,1779177376368008120,1,1,50,-7664,1851488,29150,-30876,952506,80463,-365505,-30034,1851488,-0.0292358,7.0628662,0
5321,1779177376373471705,1,1,50,-7664,1851488,28955,-32873,952506,80463,-365505,-30034,1851488,-0.0292358,7.0628662,0
5322,1779177376378210761,1,1,50,-3536,1851488,27272,-28397,956779,82421,-367413,-25912,1851488,-0.0134888,7.0628662,0
5323,1779177376383209918,1,1,50,1184,1851488,27158,-30237,959687,84789,-368083,-21190,1851488,0.0045166,7.0628662,0
5324,1779177376388093586,1,1,50,4800,1851488,26545,-30080,962951,87291,-367702,-17581,1851488,0.0183105,7.0628662,0
5325,1779177376393100840,1,1,50,7728,1851488,26199,-30049,967935,90000,-365638,-14642,1851488,0.0294800,7.0628662,0
5326,1779177376398074109,1,1,50,10064,1851488,25576,-29976,973632,92759,-361342,-12313,1851488,0.0383911,7.0628662,0
5327,1779177376403077139,1,1,50,12112,1851488,24979,-29938,977489,95524,-353935,-10256,1851488,0.0462036,7.0628662,0
5328,1779177376408068393,1,1,50,14064,1851488,24406,-29903,979982,98189,-344866,-8305,1851488,0.0536499,7.0628662,0
5329,1779177376413069311,1,1,50,15968,1851488,24331,-31584,983542,100746,-336141,-6404,1851488,0.0609131,7.0628662,0
5330,1779177376418074773,1,1,50,17776,1851488,24234,-33227,987637,103200,-328292,-4595,1851488,0.0678101,7.0628662,0
5331,1779177376423088491,1,1,50,19536,1851488,23657,-33906,991969,105572,-320560,-2839,1851488,0.0745239,7.0628662,0
5332,1779177376428072641,1,1,50,21904,1851488,23116,-33788,997666,107904,-312511,-474,1851488,0.0835571,7.0628662,0
5333,1779177376433081335,1,1,50,24352,1851488,22601,-33708,1004490,110232,-304594,1993,1851488,0.0928955,7.0628662,0
5334,1779177376438093741,1,1,50,26688,1851488,22103,-33637,1011552,112542,-296855,4321,1851488,0.1018066,7.0628662,0
5335,1779177376443077826,1,1,50,28832,1851488,21793,-35556,1017071,114796,-288270,6476,1851488,0.1099854,7.0628662,0
5336,1779177376448365887,1,1,50,32080,1851488,21286,-35557,1022352,117200,-276754,9725,1851488,0.1223755,7.0628662,0
5337,1779177376453087151,1,1,50,35200,1851488,20808,-35401,1028346,119293,-267965,12841,1851488,0.1342773,7.0628662,0
5338,1779177376458070500,1,1,50,37712,1851488,20702,-36694,1033746,121465,-259430,15350,1851488,0.1438599,7.0628662,0
5339,1779177376463075642,1,1,50,39520,1851488,20248,-36584,1037603,123549,-252632,17153,1851488,0.1507568,7.0628662,0
5340,1779177376468068784,1,1,50,41056,1851488,19811,-36468,1041876,125555,-246366,18698,1851488,0.1566162,7.0628662,0
5341,1779177376473093094,1,1,50,42624,1851488,18783,-36853,1046801,127521,-239700,20260,1851488,0.1625977,7.0628662,0
5342,1779177376478433636,1,1,50,45872,1851488,18669,-38092,1049353,129414,-232150,23511,1851488,0.1749878,7.0628662,0
5343,1779177376482916462,1,1,50,48928,-1851504,18264,-37895,1051015,131010,-226080,26565,1851488,0.1866455,-7.0629272,0
5344,1779177376488103656,1,1,50,6592,-1851504,17865,-37825,1053804,133071,-211143,28981,-1851504,0.0251465,-7.0629272,0
5345,1779177376493081118,1,1,50,53056,-1851504,17445,-39849,1056178,134801,-196691,30688,-1851504,0.2023926,-7.0629272,0
5346,1779177376498067219,1,1,50,55616,-1851504,17038,-39645,1058077,136360,-177931,33255,-1851504,0.2121582,-7.0629272,0
5347,1779177376503069097,1,1,50,13072,-1851504,16656,-39392,1061578,137652,-155080,35462,-1851504,0.0498657,-7.0629272,0
5348,1779177376508065663,1,1,50,14480,-1851504,16294,-39067,1065850,138545,-130678,36864,-1851504,0.0552368,-7.0629272,0
5349,1779177376513068661,1,1,50,15248,-1851504,15946,-38653,1070064,138977,-106936,37635,-1851504,0.0581665,-7.0629272,0
5350,1779177376518063147,1,1,50,15584,-1851504,15613,-38164,1074870,138948,-85149,37981,-1851504,0.0594482,-7.0629272,0
5351,1779177376523091458,1,1,50,15840,-1851504,15548,-39622,1079855,138502,-65907,38225,-1851504,0.0604248,-7.0629272,0
5352,1779177376528069687,1,1,50,62032,-1851504,15199,-39045,1084484,137792,-49803,39670,-1851504,0.2366333,-7.0629272,0
5353,1779177376533237297,1,1,50,63456,-1851504,14870,-38481,1088697,136846,-35956,41093,-1851504,0.2420654,-7.0629272,0
5354,1779177376538077635,1,1,50,19728,-1851504,14562,-37892,1092080,135787,-26231,42124,-1851504,0.0752563,-7.0629272,0
5355,1779177376543072953,1,1,50,20464,-1851504,14190,-39071,1095878,134588,-16178,42859,-1851504,0.0780640,-7.0629272,0
5356,1779177376548070607,1,1,50,22064,-1851504,14033,-39100,1099438,133336,-5791,44461,-1851504,0.0841675,-7.0629272,0
5357,1779177376553064965,1,1,50,23248,-1851504,13721,-38478,1103414,131998,4828,45645,-1851504,0.0886841,-7.0629272,0
5358,1779177376558069083,1,1,50,23936,-1851504,13421,-37830,1107568,130535,16928,46333,-1851504,0.0913086,-7.0629272,0
5359,1779177376563109649,1,1,50,24240,-1851504,13031,-36748,1110476,128875,32317,46624,-1851504,0.0924683,-7.0629272,0
5360,1779177376568068518,1,1,50,24480,-1851504,12886,-36494,1112850,126990,51305,46873,-1851504,0.0933838,-7.0629272,0
5361,1779177376573076605,1,1,50,24320,-1851504,12594,-37582,1115283,124730,74079,46710,-1851504,0.0927734,-7.0629272,0
5362,1779177376578189461,1,1,50,69712,-1851504,12327,-36774,1118012,122041,100292,47359,-1851504,0.2659302,-7.0629272,0
5363,1779177376583067432,1,1,50,69984,-1851504,12080,-35910,1122285,119027,126098,47628,-1851504,0.2669678,-7.0629272,0
5364,1779177376588064926,1,1,50,69648,-1851504,11849,-34987,1127626,115456,151351,47290,-1851504,0.2656860,-7.0629272,0
5365,1779177376593079348,1,1,50,68832,-1851504,11440,-36513,1133679,111380,174904,46467,-1851504,0.2625732,-7.0629272,0
5366,1779177376598065546,1,1,50,69472,-1851504,11186,-35513,1139672,106982,197573,47112,-1851504,0.2650146,-7.0629272,0
5367,1779177376603064576,1,1,50,69872,-1851504,10941,-34459,1145013,102234,218366,47518,-1851504,0.2665405,-7.0629272,0
5368,1779177376608079894,1,1,50,69552,-1851504,10711,-33394,1149939,97131,236261,47190,-1851504,0.2653198,-7.0629272,0
5369,1779177376613067724,1,1,50,68704,-1851504,10496,-32342,1155814,91754,251025,46351,-1851504,0.2620850,-7.0629272,0
5370,1779177376618574126,1,1,50,67728,-1851504,10254,-31135,1163528,85552,264303,45375,-1851504,0.2583618,-7.0629272,0
5371,1779177376623218779,1,1,50,66784,-1851504,9910,-32710,1170768,80149,272784,44428,-1851504,0.2547607,-7.0629272,0
5372,1779177376628130447,1,1,50,67680,-1851504,9663,-31692,1178067,74452,282253,45326,-1851504,0.2581787,-7.0629272,0
5373,1779177376633060835,1,1,50,68416,-1851504,9415,-30662,1183823,68726,291517,46052,-1851504,0.2609863,-7.0629272,0
5374,1779177376638066201,1,1,50,68352,-1851504,9157,-29586,1188215,62859,299607,45994,-1851504,0.2607422,-7.0629272,0
5375,1779177376643082544,1,1,50,67680,-1851504,8807,-31103,1192725,56913,306182,45321,-1851504,0.2581787,-7.0629272,0
5376,1779177376648104582,1,1,50,68416,-1851504,8497,-30032,1197769,51021,312902,46051,-1851504,0.2609863,-7.0629272,0
5377,1779177376653071515,1,1,50,68816,-1851504,8183,-28950,1203762,45220,319212,46456,-1851504,0.2625122,-7.0629272,0
5378,1779177376658067409,1,1,50,68512,1851488,7867,-27865,1210409,39365,324683,46158,-1851504,0.2613525,7.0628662,0
5379,1779177376663063335,1,1,50,67712,-1851504,7544,-26771,1216580,33476,328677,45347,1851488,0.2583008,-7.0629272,0
5380,1779177376668067037,1,1,50,22000,-1851504,7215,-25677,1221031,27577,331014,44397,-1851504,0.0839233,-7.0629272,0
5381,1779177376673095572,1,1,50,21120,-1851504,6758,-28800,1224710,21695,332517,43519,-1851504,0.0805664,-7.0629272,0
5382,1779177376678070377,1,1,50,67856,-1851504,6337,-27721,1229458,16122,336457,45500,-1851504,0.2588501,-7.0629272,0
5383,1779177376683072863,1,1,50,69280,-1851504,5912,-26620,1235748,10649,343177,46920,-1851504,0.2642822,-7.0629272,0
5384,1779177376688068821,1,1,50,24512,-1851504,5481,-25479,1242513,5145,351858,46908,-1851504,0.0935059,-7.0629272,0
5385,1779177376693180589,1,1,50,68224,-1851504,5221,-27298,1248566,-644,362283,45863,-1851504,0.2602539,-7.0629272,0
5386,1779177376698079969,1,1,50,23472,1851488,4573,-25469,1253847,-6307,373292,45866,-1851504,0.0895386,7.0628662,0
5387,1779177376703083671,1,1,50,23072,1851488,4085,-24203,1258654,-12253,383485,45461,1851488,0.0880127,7.0628662,0
5388,1779177376708129934,1,1,50,66816,-1851504,3590,-22896,1264054,-18431,390738,44451,1851488,0.2548828,-7.0629272,0
5389,1779177376713092963,1,1,50,20672,1851488,3273,-22276,1271057,-24650,394412,43071,-1851504,0.0788574,7.0628662,0
5390,1779177376718064312,1,1,50,19408,-1851504,2604,-20307,1279661,-30939,395920,41802,1851488,0.0740356,-7.0629272,0
5391,1779177376723070830,1,1,50,62928,1851488,2165,-21195,1288325,-37281,396035,40561,-1851504,0.2400513,7.0628662,0
5392,1779177376728063236,1,1,50,18512,1851488,1790,-20591,1296040,-43465,394967,40908,1851488,0.0706177,7.0628662,0
5393,1779177376733068506,1,1,50,63520,1851488,1226,-19306,1302390,-49498,391392,41153,1851488,0.2423096,7.0628662,0
5394,1779177376738073072,1,1,50,18336,1851488,664,-18070,1308680,-55349,385365,40730,1851488,0.0699463,7.0628662,0
5395,1779177376743116199,1,1,50,17456,-1851504,198,-19533,1316276,-61046,378909,39846,1851488,0.0665894,-7.0629272,0
5396,1779177376748069852,1,1,50,18160,-1851504,-428,-18349,1323812,-66336,375109,40554,-1851504,0.0692749,-7.0629272,0
5397,1779177376753072498,1,1,50,18576,-1851504,-1059,-17161,1329746,-71456,375314,40973,-1851504,0.0708618,-7.0629272,0
5398,1779177376758073480,1,1,50,18064,-1851504,-1514,-16645,1334138,-76508,378355,40448,-1851504,0.0689087,-7.0629272,0
5399,1779177376763073950,1,1,50,16832,-1851504,-2151,-15416,1337580,-81610,381452,39223,-1851504,0.0642090,-7.0629272,0
5400,1779177376768070900,1,1,50,15392,-1851504,-2794,-14157,1341437,-86776,382333,37776,-1851504,0.0587158,-7.0629272,0
5401,1779177376773081770,1,1,50,13984,-1851504,-3395,-14014,1347134,-91981,381033,36369,-1851504,0.0533447,-7.0629272,0
5402,1779177376778207683,1,1,50,58144,-1851504,-4082,-12699,1353661,-97223,379805,35789,-1851504,0.2218018,-7.0629272,0
5403,1779177376783086710,1,1,50,12752,-1851504,-4560,-12114,1359418,-102134,378690,35151,-1851504,0.0486450,-7.0629272,0
5404,1779177376788094220,1,1,50,11728,1851488,-5234,-10823,1364462,-107126,377291,34120,-1851504,0.0447388,7.0628662,0
5405,1779177376793108610,1,1,50,56480,1851488,-6067,-10691,1368616,-112072,373740,34120,1851488,0.2154541,7.0628662,0
5406,1779177376798043287,1,1,50,55680,1851488,-6748,-9455,1373719,-116733,369455,33318,1851488,0.2124023,7.0628662,0
5407,1779177376803075629,1,1,50,54432,1851488,-7445,-8188,1380544,-121390,365268,32078,1851488,0.2076416,7.0628662,0
5408,1779177376808122596,1,1,50,8272,-1851504,-8142,-6918,1387487,-125979,362796,30671,1851488,0.0315552,-7.0629272,0
5409,1779177376813077849,1,1,50,6864,1851488,-8679,-6228,1392175,-130434,362355,29248,-1851504,0.0261841,7.0628662,0
5410,1779177376818180529,1,1,50,5328,1851488,-9246,-5419,1395617,-135024,362965,27722,1851488,0.0203247,7.0628662,0
5411,1779177376823175271,1,1,50,5328,1851488,-9393,-7289,1399415,-139447,363443,27722,1851488,0.0203247,7.0628662,0
5412,1779177376828024954,1,1,50,5824,1851488,-10115,-6053,1403806,-143651,363150,28221,1851488,0.0222168,7.0628662,0
5413,1779177376833082705,1,1,50,5408,1851488,-10732,-5221,1408138,-147985,362307,27795,1851488,0.0206299,7.0628662,0
5414,1779177376838084903,1,1,50,4080,1851488,-11474,-3910,1411164,-152251,360812,26464,1851488,0.0155640,7.0628662,0
5415,1779177376843115582,1,1,50,2368,1851488,-12908,-161,1412589,-156515,358728,24755,1851488,0.0090332,7.0628662,0
5416,1779177376848092147,1,1,50,-688,1851488,-13689,1600,1413004,-160769,353827,21711,1851488,-0.0026245,7.0628662,0
5417,1779177376853084713,1,1,50,-3008,1851488,-14346,2862,1413301,-164948,346029,19379,1851488,-0.0114746,7.0628662,0
5418,1779177376858084319,1,1,50,40400,-1851504,-14884,3605,1414013,-168905,336915,18038,1851488,0.1541138,-7.0629272,0
5419,1779177376863078548,1,1,50,39536,1851488,-15523,4781,1414666,-172568,329098,17182,-1851504,0.1508179,7.0628662,0
5420,1779177376868071178,1,1,50,-6096,-1851504,-16046,5495,1415022,-175981,324743,16299,1851488,-0.0232544,-7.0629272,0
5421,1779177376873105441,1,1,50,-7248,-1851504,-16730,5959,1414784,-179288,323861,15143,-1851504,-0.0276489,-7.0629272,0
5422,1779177376878181721,1,1,50,36496,1851488,-17252,6706,1414131,-182572,324810,14136,-1851504,0.1392212,7.0628662,0
5423,1779177376883089740,1,1,50,-9568,1851488,-17857,7864,1413953,-185771,325160,12826,1851488,-0.0364990,7.0628662,0
5424,1779177376888074466,1,1,50,-11168,-1851504,-18343,8582,1414606,-189059,323584,11217,1851488,-0.0426025,-7.0629272,0
5425,1779177376893159002,1,1,50,31728,1851488,-19199,8484,1415971,-192418,319763,9375,-1851504,0.1210327,7.0628662,0
5426,1779177376898121775,1,1,50,30800,-1851504,-19681,9163,1416861,-195576,314765,8447,1851488,0.1174927,-7.0629272,0
5427,1779177376903074276,1,1,50,-15120,1851488,-20398,10694,1416208,-198503,309202,7266,-1851504,-0.0576782,7.0628662,0
5428,1779177376908081530,1,1,50,-16480,-1851504,-20993,11782,1414725,-201387,301195,5919,1851488,-0.0628662,-7.0629272,0
5429,1779177376913064015,1,1,50,27072,1851488,-21453,12361,1413597,-204031,292387,4715,-1851504,0.1032715,7.0628662,0
5430,1779177376918123719,1,1,50,25680,1851488,-22140,13793,1413063,-206490,283023,3323,1851488,0.0979614,7.0628662,0
5431,1779177376923136989,1,1,50,24336,1851488,-22074,14306,1412885,-208691,273855,1982,1851488,0.0928345,7.0628662,0
5432,1779177376928080466,1,1,50,22848,1851488,-22606,15191,1412470,-210651,265591,492,1851488,0.0871582,7.0628662,0
5433,1779177376933077543,1,1,50,21184,1851488,-23139,16079,1411402,-212455,258519,-1185,1851488,0.0808105,7.0628662,0
5434,1779177376938119838,1,1,50,-25184,1851488,-23561,16548,1409918,-214127,252701,-2801,1851488,-0.0960693,7.0628662,0
5435,1779177376943203638,1,1,50,-26928,1851488,-23776,19483,1407307,-215702,247329,-4555,1851488,-0.1027222,7.0628662,0
5436,1779177376948299118,1,1,50,-30304,1851488,-24236,20327,1404459,-217291,240191,-7923,1851488,-0.1156006,7.0628662,0
5437,1779177376953071391,1,1,50,-33072,1851488,-24650,21044,1397575,-218671,231546,-10691,1851488,-0.1261597,7.0628662,0
5438,1779177376958096822,1,1,50,-34768,1851488,-25092,21801,1388436,-219888,220280,-12385,1851488,-0.1326294,7.0628662,0
5439,1779177376962820997,1,1,50,-35488,1851488,-25492,22420,1378526,-220636,208381,-13112,1851488,-0.1353760,7.0628662,0
5440,1779177376968059584,1,1,50,-35584,1851488,-25945,23100,1366361,-221062,192815,-13204,1851488,-0.1357422,7.0628662,0
5441,1779177376973125624,1,1,50,-35264,1851488,-25854,21213,1357281,-220950,178144,-12895,1851488,-0.1345215,7.0628662,0
5442,1779177376978061804,1,1,50,-33968,1851488,-26306,21718,1360011,-220396,165542,-11584,1851488,-0.1295776,7.0628662,0
5443,1779177376983061602,1,1,50,-33440,1851488,-26755,22204,1364581,-219516,154762,-11061,1851488,-0.1275635,7.0628662,0
5444,1779177376988062104,1,1,50,-34112,1851488,-27118,22380,1366301,-218431,145558,-11740,1851488,-0.1301270,7.0628662,0
5445,1779177376993079535,1,1,50,-35984,1851488,-27015,24405,1365233,-217243,136839,-13601,1851488,-0.1372681,7.0628662,0
5446,1779177376998065604,1,1,50,-39248,1851488,-27385,24781,1361495,-216053,127005,-16867,1851488,-0.1497192,7.0628662,0
5447,1779177377003077850,1,1,50,-41776,1851488,-27695,24921,1359299,-214782,116188,-19407,1851488,-0.1593628,7.0628662,0
5448,1779177377007846699,1,1,50,-43424,1851488,-28086,25430,1358409,-213328,106765,-21041,1851488,-0.1656494,7.0628662,0
5449,1779177377013309323,1,1,50,-44112,1851488,-28466,25745,1357697,-211598,93805,-21736,1851488,-0.1682739,7.0628662,0
5450,1779177377018145661,1,1,50,-44288,1851488,-28741,25769,1355560,-209779,83489,-21909,1851488,-0.1689453,7.0628662,0
5451,1779177377023120402,1,1,50,-44832,1851488,-28405,26577,1353187,-207709,71840,-22449,1851488,-0.1710205,7.0628662,0
5452,1779177377028088359,1,1,50,-46080,1851488,-28699,26703,1351822,-205468,57754,-23701,1851488,-0.1757812,7.0628662,0
5453,1779177377032939769,1,1,50,-47024,1851488,-28940,26617,1350694,-203036,41482,-24649,1851488,-0.1793823,7.0628662,0
5454,1779177377038080018,1,1,50,-47776,1851488,-29226,26596,1348439,-200127,22331,-25405,1851488,-0.1822510,7.0628662,0
5455,1779177377043117705,1,1,50,-48048,1851488,-28956,25737,1345057,-196854,4054,-25668,1851488,-0.1832886,7.0628662,0
5456,1779177377048087774,1,1,50,-47680,1851488,-29230,25551,1341734,-193201,-12785,-25309,1851488,-0.1818848,7.0628662,0
5457,1779177377053090419,1,1,50,-47232,1851488,-29497,25300,1338410,-189143,-28599,-24852,1851488,-0.1801758,7.0628662,0
5458,1779177377058082537,1,1,50,-46944,1851488,-29734,24902,1334969,-184764,-44215,-24567,1851488,-0.1790771,7.0628662,0
5459,1779177377063126143,1,1,50,-47104,1851488,-29984,24508,1331942,-180054,-60440,-24724,1851488,-0.1796875,7.0628662,0
5460,1779177377068073940,1,1,50,-47264,1851488,-30222,24063,1329153,-175152,-76771,-24893,1851488,-0.1802979,7.0628662,0
5461,1779177377073135851,1,1,50,-47232,1851488,-30133,23452,1325177,-169836,-92747,-24863,1851488,-0.1801758,7.0628662,0
5462,1779177377078082015,1,1,50,-47008,1851488,-30336,22801,1319955,-164357,-107070,-24630,1851488,-0.1793213,7.0628662,0
5463,1779177377083083221,1,1,50,-46896,1851488,-30553,22161,1314673,-158588,-119911,-24513,1851488,-0.1788940,7.0628662,0
5464,1779177377088077611,1,1,50,-46784,-1851504,-30754,21446,1309570,-152647,-131593,-24400,1851488,-0.1784668,-7.0629272,0
5465,1779177377094233275,1,1,50,-46544,-930128,-30553,20164,1303458,-145142,-143920,-24175,-1851504,-0.1775513,-3.5481567,0
5466,1779177377097811184,1,1,50,-46288,1851488,-30703,19612,1299066,-140708,-154514,-23918,-930128,-0.1765747,7.0628662,0
5467,1779177377103079148,1,1,50,-896,-1851504,-30902,18703,1293251,-133965,-166715,-23272,1851488,-0.0034180,-7.0629272,0
5468,1779177377108120770,1,1,50,-44640,-1851504,-31075,17747,1280552,-120689,-186569,-22258,-1851504,-0.1702881,-7.0629272,0
5469,1779177377113117016,1,1,50,-44640,-1851504,-31255,16814,1280552,-120689,-186569,-22258,-1851504,-0.1702881,-7.0629272,0
5470,1779177377118534583,1,1,50,912,-1851504,-31437,15752,1273846,-113392,-194181,-21469,-1851504,0.0034790,-7.0629272,0
5471,1779177377123202149,1,1,50,2208,-1851504,-31272,14416,1267912,-107053,-200001,-20166,-1851504,0.0084229,-7.0629272,0
5472,1779177377128303645,1,1,50,3680,-1851504,-31445,13393,1262096,-100074,-204449,-18688,-1851504,0.0140381,-7.0629272,0
5473,1779177377133095470,1,1,50,5024,-1851504,-31620,12485,1256933,-93535,-208300,-17356,-1851504,0.0191650,-7.0629272,0
5474,1779177377138079299,1,1,50,-38800,-1851504,-31788,11512,1252186,-86779,-211838,-16423,-1851504,-0.1480103,-7.0629272,0
5475,1779177377143155515,1,1,50,7360,-1851504,-31542,9320,1246430,-79930,-214640,-15022,-1851504,0.0280762,-7.0629272,0
5476,1779177377148105263,1,1,50,9712,-1851504,-31724,8352,1240258,-73245,-216199,-12662,-1851504,0.0370483,-7.0629272,0
5477,1779177377153133925,1,1,50,12048,-1851504,-31910,7411,1234205,-66475,-216410,-10327,-1851504,0.0459595,-7.0629272,0
5478,1779177377158090682,1,1,50,-30752,1471216,-32080,6481,1228271,-59885,-215553,-8370,-1851504,-0.1173096,5.6122437,0
5479,1779177377163087184,1,1,50,15456,-1851504,-32251,5591,1222277,-53382,-213890,-6917,1471216,0.0589600,-7.0629272,0
5480,1779177377168091141,1,1,50,17632,-1851504,-32411,4715,1216284,-46978,-211733,-4745,-1851504,0.0672607,-7.0629272,0
5481,1779177377173237310,1,1,50,-24112,-1851504,-31970,3679,1210349,-40458,-209055,-1743,-1851504,-0.0919800,-7.0629272,0
5482,1779177377178104241,1,1,50,-23056,-1851504,-32139,2945,1203169,-34501,-208165,-682,-1851504,-0.0879517,-7.0629272,0
5483,1779177377183085894,1,1,50,-20240,-1851504,-32294,2188,1196048,-28441,-205773,2155,-1851504,-0.0772095,-7.0629272,0
5484,1779177377188148925,1,1,50,-13264,-1851504,-32442,1478,1188037,-22087,-199415,9124,-1851504,-0.0505981,-7.0629272,0
5485,1779177377193105522,1,1,50,30352,1851488,-31917,6,1180678,-16307,-196276,7995,-1851504,0.1157837,7.0628662,0
5486,1779177377198125416,1,1,50,30224,1851488,-32071,-596,1173438,-10741,-193470,7871,1851488,0.1152954,7.0628662,0
5487,1779177377202779638,1,1,50,29728,1851488,-32207,-1133,1166317,-5858,-191955,7368,1851488,0.1134033,7.0628662,0
5488,1779177377208095507,1,1,50,27552,1851488,-32345,-1734,1159315,-663,-189070,5199,1851488,0.1051025,7.0628662,0
5489,1779177377213097544,1,1,50,26112,1851488,-32477,-2242,1152906,3874,-187839,3750,1851488,0.0996094,7.0628662,0
5490,1779177377218121695,1,1,50,25584,1851488,-32600,-2731,1146319,8197,-186235,3227,1851488,0.0975952,7.0628662,0
5491,1779177377223109780,1,1,50,-18192,-1851504,-32035,-4467,1140029,12353,-183216,4201,1851488,-0.0693970,-7.0629272,0
5492,1779177377228132234,1,1,50,-8864,-1851504,-32196,-4805,1134272,16937,-173246,13530,-1851504,-0.0338135,-7.0629272,0
5493,1779177377233107935,1,1,50,-8928,1851488,-32350,-5060,1128635,21082,-165181,13464,-1851504,-0.0340576,7.0628662,0
5494,1779177377238105653,1,1,50,-11728,-1851504,-32499,-5252,1123591,24725,-159554,10665,1851488,-0.0447388,-7.0629272,0
5495,1779177377243172172,1,1,50,-13840,-1851504,-31935,-7809,1118190,28008,-154501,8557,-1851504,-0.0527954,-7.0629272,0
5496,1779177377248167778,1,1,50,30656,-1851504,-31954,-8549,1112553,30987,-148212,8298,-1851504,0.1169434,-7.0629272,0
5497,1779177377253111286,1,1,50,-13712,1851488,-32304,-7885,1107034,33705,-139579,8676,-1851504,-0.0523071,7.0628662,0
5498,1779177377258102379,1,1,50,-13952,1851488,-32481,-7792,1101159,36134,-128317,8445,1851488,-0.0532227,7.0628662,0
5499,1779177377263115233,1,1,50,-10544,1851488,-32646,-7607,1094928,38452,-112360,11843,1851488,-0.0402222,7.0628662,0
5500,1779177377268104279,1,1,50,4736,1655712,-32804,-7231,1088579,41333,-86673,27126,1851488,0.0180664,6.3160400,0
5501,1779177377273183758,1,1,50,4128,-1851504,-32042,-8167,1081873,43548,-66154,26517,1655712,0.0157471,-7.0629272,0
5502,1779177377278116258,1,1,50,6352,-1851504,-32215,-7512,1075286,45323,-48262,28746,-1851504,0.0242310,-7.0629272,0
5503,1779177377283099288,1,1,50,-288,-1851504,-32369,-6798,1069055,46223,-36875,22096,-1851504,-0.0010986,-7.0629272,0
5504,1779177377288365044,1,1,50,5520,-547264,-32503,-5971,1062587,47281,-20440,27913,-1851504,0.0210571,-2.0876465,0
5505,1779177377293563470,1,1,50,-416,-1851504,-31869,-6363,1055644,47917,-6055,21973,-547264,-0.0015869,-7.0629272,0
5506,1779177377298120185,1,1,50,44656,-1851504,-32028,-5323,1049887,47832,2211,22296,-1851504,0.1703491,-7.0629272,0
5507,1779177377303102798,1,1,50,39552,1851488,-32162,-4225,1043716,47223,10451,17196,-1851504,0.1508789,7.0628662,0
5508,1779177377308103652,1,1,50,-3200,-1851504,-32285,-3027,1037603,46589,22543,19190,1851488,-0.0122070,-7.0629272,0
5509,1779177377313109530,1,1,50,39568,-1851504,-32403,-1713,1031847,45590,33526,17204,-1851504,0.1509399,-7.0629272,0
5510,1779177377318148144,1,1,50,38432,1851488,-32874,1035,1026150,44314,43047,16070,-1851504,0.1466064,7.0628662,0
5511,1779177377323437517,1,1,50,-6320,-1851504,-31875,-1879,1020572,42816,51187,16070,1851488,-0.0241089,-7.0629272,0
5512,1779177377328095898,1,1,50,-16032,-1851504,-32085,-232,1015231,40789,50494,6358,-1851504,-0.0611572,-7.0629272,0
5513,1779177377333091376,1,1,50,26624,-1851504,-32296,1562,1009772,38561,49769,4268,-1851504,0.1015625,-7.0629272,0
5514,1779177377338144839,1,1,50,33312,-1851504,-32523,3557,1003778,36853,55447,10948,-1851504,0.1270752,-7.0629272,0
5515,1779177377343137628,1,1,50,-13584,-1851504,-32152,4458,997666,34971,60320,8808,-1851504,-0.0518188,-7.0629272,0
5516,1779177377348259797,1,1,50,-21520,1851488,-31897,4778,991910,32472,62495,864,-1851504,-0.0820923,7.0628662,0
5517,1779177377353137224,1,1,50,-23280,-1851504,-32159,7175,986213,30026,67304,-900,1851488,-0.0888062,-7.0629272,0
5518,1779177377358090300,1,1,50,16288,-1851504,-32436,9794,979626,27201,71201,-6084,-1851504,0.0621338,-7.0629272,0
5519,1779177377363089234,1,1,50,-28640,1851488,-32712,12586,973573,24371,77622,-6267,-1851504,-0.1092529,7.0628662,0
5520,1779177377368076455,1,1,50,-27808,-1851504,-32983,15543,967995,21591,85469,-5435,1851488,-0.1060791,-7.0629272,0
5521,1779177377373103998,1,1,50,-27952,1851488,-33114,17931,961467,18740,92376,-5576,-1851504,-0.1066284,7.0628662,0
5522,1779177377378111411,1,1,50,-30192,-1851504,-33410,21215,955295,15737,96820,-7811,1851488,-0.1151733,-7.0629272,0
5523,1779177377383220012,1,1,50,-34064,-1785520,-33661,24531,949064,12451,98306,-11689,-1851504,-0.1299438,-6.8112183,0
5524,1779177377388091774,1,1,50,-35984,-1851504,-33911,27896,942715,9299,100493,-13613,-1785520,-0.1372681,-7.0629272,0
5525,1779177377393097684,1,1,50,-36544,-1851504,-33742,29603,935416,6119,102800,-14168,-1851504,-0.1394043,-7.0629272,0
5526,1779177377398083209,1,1,50,-36576,1851488,-33200,30129,929066,3044,105676,-14194,-1851504,-0.1395264,7.0628662,0
5527,1779177377403088127,1,1,50,-38096,-1851504,-33361,33576,922894,-64,107292,-15724,1851488,-0.1453247,-7.0629272,0
5528,1779177377408081877,1,1,50,-46288,-1851504,-33479,36968,916070,-3597,103713,-23910,-1851504,-0.1765747,-7.0629272,0
5529,1779177377413092779,1,1,50,-54976,-1851504,-33573,40357,909483,-7495,96402,-32606,-1851504,-0.2097168,-7.0629272,0
5530,1779177377418090016,1,1,50,-63232,-1851504,-33635,43678,903786,-11624,86770,-40860,-1851504,-0.2412109,-7.0629272,0
5531,1779177377423206777,1,1,50,-71360,-1851504,-33667,46789,897852,-16033,73993,-48991,-1851504,-0.2722168,-7.0629272,0
5532,1779177377428086347,1,1,50,-79088,-1851504,-33728,49987,891858,-20319,61364,-56716,-1851504,-0.3016968,-7.0629272,0
5533,1779177377433086753,1,1,50,-88944,-1851504,-33746,53075,885746,-24937,44535,-66565,-1851504,-0.3392944,-7.0629272,0
5534,1779177377438084823,1,1,50,-100976,-1851504,-33760,56113,879990,-29829,25120,-78606,-1851504,-0.3851929,-7.0629272,0
5535,1779177377443100973,1,1,50,-66384,-1851504,-32643,55510,874530,-34836,5048,-88765,-1851504,-0.2532349,-7.0629272,0
5536,1779177377448096194,1,1,50,-102224,-1851504,-32661,58380,868655,-40055,-16835,-101441,-1851504,-0.3899536,-7.0629272,0
5537,1779177377453132025,1,1,50,-84880,-1851504,-32651,61124,863967,-44764,-34062,-102236,-1851504,-0.3237915,-7.0629272,0
5538,1779177377458096846,1,1,50,-102224,-1851504,-32654,63855,859635,-48913,-48131,-102236,-1851504,-0.3899536,-7.0629272,0
5539,1779177377463095267,1,1,50,-102224,-1851504,-31881,63539,855422,-52672,-63097,-102236,-1851504,-0.3899536,-7.0629272,0
5540,1779177377468374495,1,1,50,-102224,-1851504,-31803,66069,850615,-56199,-82766,-102236,-1851504,-0.3899536,-7.0629272,0
5541,1779177377473840544,1,1,50,-102224,-1851504,-31685,68491,845512,-59318,-105121,-102236,-1851504,-0.3899536,-7.0629272,0
5542,1779177377478096196,1,1,50,-102224,-1851504,-31788,71055,841298,-61310,-114006,-102236,-1851504,-0.3899536,-7.0629272,0
5543,1779177377483078425,1,1,50,-102224,-1851504,-31766,73440,836373,-63404,-135053,-102236,-1851504,-0.3899536,-7.0629272,0
5544,1779177377488078511,1,1,50,-102224,-1851504,-30935,72670,831922,-65061,-154034,-102236,-1851504,-0.3899536,-7.0629272,0
5545,1779177377493119654,1,1,50,-102224,-1851504,-30465,75256,827234,-66340,-171286,-102236,-1851504,-0.3899536,-7.0629272,0
5546,1779177377498131228,1,1,50,-102224,-1851504,-30434,77569,822546,-67269,-186393,-102236,-1851504,-0.3899536,-7.0629272,0
5547,1779177377503111025,1,1,50,-102224,-1851504,-29576,76572,818689,-67905,-200168,-102236,-1851504,-0.3899536,-7.0629272,0
5548,1779177377508127815,1,1,50,-79856,-1851504,-29517,78819,816256,-68291,-214379,-102236,-1851504,-0.3046265,-7.0629272,0
5549,1779177377513103964,1,1,50,-102224,-1851504,-29479,81126,812933,-68428,-229513,-102236,-1851504,-0.3899536,-7.0629272,0
5550,1779177377518102002,1,1,50,-102224,-1851504,-29417,83345,811152,-68316,-247140,-102236,-1851504,-0.3899536,-7.0629272,0
5551,1779177377523136680,1,1,50,-102224,-1851504,-28620,81957,810796,-67921,-266804,-102236,-1851504,-0.3899536,-7.0629272,0
5552,1779177377528091453,1,1,50,-102224,-1851504,-28526,83940,811330,-67235,-286422,-102236,-1851504,-0.3899536,-7.0629272,0
5553,1779177377533092306,1,1,50,-79856,-1851504,-28378,85720,812458,-66256,-306698,-102236,-1851504,-0.3046265,-7.0629272,0
5554,1779177377538092680,1,1,50,-79856,1851488,-28176,87272,814001,-64990,-326795,-102236,-1851504,-0.3046265,7.0628662,0
5555,1779177377543101214,1,1,50,-79856,-1851504,-27825,88824,815425,-63449,-346615,-102236,1851488,-0.3046265,-7.0629272,0
5556,1779177377548070323,1,1,50,-102224,1851488,-26781,87008,815306,-61671,-365368,-102236,-1851504,-0.3899536,7.0628662,0
5557,1779177377553121226,1,1,50,-102224,1851488,-26474,88092,813704,-59642,-383625,-102236,1851488,-0.3899536,7.0628662,0
5558,1779177377558082750,1,1,50,-102224,1851488,-26161,89052,808779,-57464,-399680,-102236,1851488,-0.3899536,7.0628662,0
5559,1779177377563093204,1,1,50,-102224,1851488,-25098,86973,801717,-55133,-414983,-102236,1851488,-0.3899536,7.0628662,0
5560,1779177377568085130,1,1,50,-102224,1851488,-24760,87739,792816,-52713,-429240,-102236,1851488,-0.3899536,7.0628662,0
5561,1779177377573111392,1,1,50,-102224,1851488,-25842,89678,784508,-50200,-443238,-102236,1851488,-0.3899536,7.0628662,0
5562,1779177377578090773,1,1,50,-102224,1851488,-25552,90364,778573,-47640,-456376,-102236,1851488,-0.3899536,7.0628662,0
5563,1779177377583089931,1,1,50,-102224,1851488,-24469,88020,776200,-44999,-468748,-102236,1851488,-0.3899536,7.0628662,0
5564,1779177377588096225,1,1,50,-102224,1851488,-24173,88684,777743,-42279,-479707,-102236,1851488,-0.3899536,7.0628662,0
5565,1779177377593095126,1,1,50,-102224,1851488,-24400,88297,782609,-39490,-488938,-102236,1851488,-0.3899536,7.0628662,0
5566,1779177377598090572,1,1,50,-102224,1851488,-23289,85817,788484,-36653,-496412,-102236,1851488,-0.3899536,7.0628662,0
5567,1779177377603086241,1,1,50,-102224,1851488,-22202,83310,787831,-33834,-501916,-102236,1851488,-0.3899536,7.0628662,0
5568,1779177377608098263,1,1,50,-102224,1851488,-21918,84002,781659,-31095,-505809,-102236,1851488,-0.3899536,7.0628662,0
5569,1779177377613095341,1,1,50,-102224,1851488,-21648,84730,777624,-28462,-508968,-102236,1851488,-0.3899536,7.0628662,0
5570,1779177377618090306,1,1,50,-102224,1851488,-20558,82169,776081,-25917,-512746,-102236,1851488,-0.3899536,7.0628662,0
5571,1779177377623177530,1,1,50,-102224,-1851504,-21565,83002,775547,-23392,-518803,-102236,1851488,-0.3899536,-7.0629272,0
5572,1779177377628432886,1,1,50,-79856,-1851504,-21308,83696,774182,-20821,-527810,-102236,-1851504,-0.3046265,-7.0629272,0
5573,1779177377633088355,1,1,50,-102224,-1851504,-21191,84697,772521,-18541,-534919,-102236,-1851504,-0.3899536,-7.0629272,0
5574,1779177377638093657,1,1,50,-102224,-1851504,-21002,85512,771096,-16099,-544166,-102236,-1851504,-0.3899536,-7.0629272,0
5575,1779177377643176049,1,1,50,-102224,-1851504,-19586,81916,769019,-13612,-550524,-102236,-1851504,-0.3899536,-7.0629272,0
5576,1779177377647963617,1,1,50,-102224,-1851504,-18527,79278,766408,-11311,-551054,-102236,-1851504,-0.3899536,-7.0629272,0
5577,1779177377653153564,1,1,50,-79856,-1851504,-18296,80025,763678,-8949,-550489,-102236,-1851504,-0.3046265,-7.0629272,0
5578,1779177377658084560,1,1,50,-102224,-1851504,-17217,77328,762254,-6839,-546956,-102236,-1851504,-0.3899536,-7.0629272,0
5579,1779177377663108070,1,1,50,-102224,-1851504,-17006,78215,761127,-4855,-544199,-102236,-1851504,-0.3899536,-7.0629272,0
5580,1779177377668100443,1,1,50,-79856,-1851504,-16788,79082,760177,-3030,-541756,-102236,-1851504,-0.3046265,-7.0629272,0
5581,1779177377673102705,1,1,50,-79856,-1851504,-17564,80269,759228,-1335,-540207,-102236,-1851504,-0.3046265,-7.0629272,0
5582,1779177377678100423,1,1,50,-79856,-1851504,-16438,77570,758753,249,-540057,-102236,-1851504,-0.3046265,-7.0629272,0
5583,1779177377683098620,1,1,50,-102224,-1851504,-16249,78440,758100,1747,-541519,-102236,-1851504,-0.3899536,-7.0629272,0
5584,1779177377688098578,1,1,50,-102224,1851488,-16043,79236,758219,3198,-544233,-102236,-1851504,-0.3899536,7.0628662,0
5585,1779177377693088679,1,1,50,-79856,1851488,-14544,76553,758041,4616,-547462,-102236,1851488,-0.3046265,7.0628662,0
5586,1779177377698091581,1,1,50,-79856,1851488,-13443,73799,757448,6012,-550516,-102236,1851488,-0.3046265,7.0628662,0
5587,1779177377703091635,1,1,50,-79856,1851488,-13197,74484,756261,7374,-552472,-102236,1851488,-0.3046265,7.0628662,0
5588,1779177377708082440,1,1,50,-79856,1851488,-12953,75155,756261,8698,-552953,-102236,1851488,-0.3046265,7.0628662,0
5589,1779177377713088478,1,1,50,-79856,-1851504,-12680,75709,756913,9976,-552071,-102236,1851488,-0.3046265,-7.0629272,0
5590,1779177377718083827,1,1,50,-102224,1851488,-11568,72962,757388,11182,-549793,-102236,-1851504,-0.3899536,7.0628662,0
5591,1779177377723104970,1,1,50,-79856,1851488,-11857,74490,757566,12304,-546723,-102236,1851488,-0.3046265,7.0628662,0
5592,1779177377728093375,1,1,50,-79856,1851488,-11558,74911,758694,13330,-543394,-102236,1851488,-0.3046265,7.0628662,0
5593,1779177377733088340,1,1,50,-79856,1851488,-10438,72208,759999,14271,-541138,-102236,1851488,-0.3046265,7.0628662,0
5594,1779177377738087562,1,1,50,-79856,1851488,-10099,72506,760949,15144,-540714,-102236,1851488,-0.3046265,7.0628662,0
5595,1779177377743104480,1,1,50,-79856,1851488,-9173,71776,762195,15986,-542362,-102236,1851488,-0.3046265,7.0628662,0
5596,1779177377748168311,1,1,50,-79856,1851488,-8064,69013,763678,16837,-545589,-102236,1851488,-0.3046265,7.0628662,0
5597,1779177377753089547,1,1,50,-79856,1851488,-7700,69088,765755,17695,-548370,-102236,1851488,-0.3046265,7.0628662,0
5598,1779177377758090913,1,1,50,-79856,1851488,-6630,66331,767180,18584,-551236,-102236,1851488,-0.3046265,7.0628662,0
5599,1779177377763103255,1,1,50,-79856,1851488,-6233,66263,768782,19495,-553315,-102236,1851488,-0.3046265,7.0628662,0
5600,1779177377768088972,1,1,50,-79856,1851488,-5827,66104,770503,20410,-554499,-102236,1851488,-0.3046265,7.0628662,0
5601,1779177377773090242,1,1,50,-79856,1851488,-5614,67217,772224,21322,-554899,-102236,1851488,-0.3046265,7.0628662,0
5602,1779177377778106232,1,1,50,-79856,1851488,-4542,64435,773767,22218,-554444,-102236,1851488,-0.3046265,7.0628662,0
5603,1779177377783103757,1,1,50,-79856,1851488,-4148,64266,774597,23072,-553524,-102236,1851488,-0.3046265,7.0628662,0
5604,1779177377788087971,1,1,50,-79856,1851488,-3773,64120,775844,23883,-552968,-102236,1851488,-0.3046265,7.0628662,0
5605,1779177377793186939,1,1,50,-79856,1851488,-3079,62718,777446,24684,-553543,-102236,1851488,-0.3046265,7.0628662,0
5606,1779177377798087822,1,1,50,-79856,1851488,-2072,60009,779167,25446,-552798,-102236,1851488,-0.3046265,7.0628662,0
5607,1779177377803098020,1,1,50,-79856,1851488,-1733,59852,781185,26201,-551960,-102236,1851488,-0.3046265,7.0628662,0
5608,1779177377808095289,1,1,50,-79856,1851488,-735,57106,783796,26937,-549568,-102236,1851488,-0.3046265,7.0628662,0
5609,1779177377813090255,1,1,50,-79856,1851488,-404,56985,786466,27632,-546081,-102236,1851488,-0.3046265,7.0628662,0
5610,1779177377818090373,1,1,50,-79856,1851488,-791,59526,788662,28267,-541881,-102236,1851488,-0.3046265,7.0628662,0
5611,1779177377823192157,1,1,50,-102224,1851488,-504,58079,791095,28846,-537612,-102236,1851488,-0.3899536,7.0628662,0
5612,1779177377828387255,1,1,50,-79856,1851488,529,55307,792875,29359,-533569,-102236,1851488,-0.3046265,7.0628662,0
5613,1779177377833090886,1,1,50,-79856,1851488,764,55449,794002,29755,-527750,-102236,1851488,-0.3046265,7.0628662,0
5614,1779177377838091387,1,1,50,-102224,1851488,1047,55433,795071,30077,-526661,-102236,1851488,-0.3899536,7.0628662,0
5615,1779177377843113618,1,1,50,-79856,1851488,2119,53272,796495,30385,-528003,-102236,1851488,-0.3046265,7.0628662,0
5616,1779177377848650516,1,1,50,-79856,1851488,1781,55580,798928,30763,-534239,-102236,1851488,-0.3046265,7.0628662,0
5617,1779177377853144222,1,1,50,-79856,1851488,2660,53175,800708,31162,-535068,-102236,1851488,-0.3046265,7.0628662,0
5618,1779177377858292503,1,1,50,-89008,1851488,3631,50389,803497,31648,-541272,-102236,1851488,-0.3395386,7.0628662,0
5619,1779177377863094344,1,1,50,-79856,1851488,3858,50386,806405,32207,-543228,-102236,1851488,-0.3046265,7.0628662,0
5620,1779177377868088573,1,1,50,-79856,1851488,4106,50291,808423,32819,-544372,-102236,1851488,-0.3046265,7.0628662,0
5621,1779177377873098931,1,1,50,-79856,1851488,4827,48190,810144,33444,-543158,-102236,1851488,-0.3046265,7.0628662,0
5622,1779177377878092297,1,1,50,-79856,1851488,5062,48107,811330,34034,-540275,-102236,1851488,-0.3046265,7.0628662,0
5623,1779177377883237730,1,1,50,-79856,1851488,5320,47931,812339,34579,-537848,-102236,1851488,-0.3046265,7.0628662,0
5624,1779177377888098996,1,1,50,-79856,1851488,5515,47922,812399,35033,-534081,-102236,1851488,-0.3046265,7.0628662,0
5625,1779177377893131786,1,1,50,-79856,1851488,6507,44582,813704,35438,-532901,-102236,1851488,-0.3046265,7.0628662,0
5626,1779177377898097663,1,1,50,-79856,1851488,6700,44525,815959,35826,-532218,-102236,1851488,-0.3046265,7.0628662,0
5627,1779177377903103669,1,1,50,-79856,1851488,6894,44428,818036,36213,-532336,-102236,1851488,-0.3046265,7.0628662,0
5628,1779177377908217933,1,1,50,-79856,1851488,7765,41704,820766,36626,-532695,-102236,1851488,-0.3046265,7.0628662,0
5629,1779177377913091872,1,1,50,-79856,1851488,7932,41680,824030,37045,-530300,-102236,1851488,-0.3046265,7.0628662,0
5630,1779177377918102230,1,1,50,-79856,1851488,8113,41594,827412,37458,-528044,-102236,1851488,-0.3046265,7.0628662,0
5631,1779177377923099020,1,1,50,-79856,1851488,8048,43471,830083,37846,-524720,-102236,1851488,-0.3046265,7.0628662,0
5632,1779177377928091265,1,1,50,-79856,1851488,8901,40870,831863,38183,-521051,-102236,1851488,-0.3046265,7.0628662,0
5633,1779177377933093687,1,1,50,-79856,1851488,9080,40821,832694,38455,-518049,-102236,1851488,-0.3046265,7.0628662,0
5634,1779177377938091564,1,1,50,-79856,1851488,9256,40747,833050,38670,-516474,-102236,1851488,-0.3046265,7.0628662,0
5635,1779177377943114467,1,1,50,-79856,1851488,9564,40913,835364,38877,-517043,-102236,1851488,-0.3046265,7.0628662,0
5636,1779177377948095512,1,1,50,-79856,1851488,10386,38327,838569,39120,-519322,-102236,1851488,-0.3046265,7.0628662,0
5637,1779177377953106190,1,1,50,-79856,1851488,10554,38184,841476,39425,-523447,-102236,1851488,-0.3046265,7.0628662,0
5638,1779177377957884190,1,1,50,-79856,1851488,10673,38156,844622,39804,-526873,-102236,1851488,-0.3046265,7.0628662,0
5639,1779177377963096345,1,1,50,-79856,1851488,11499,35379,848479,40307,-532964,-102236,1851488,-0.3046265,7.0628662,0
5640,1779177377968102607,1,1,50,-79856,1851488,11656,35160,851743,40910,-535208,-102236,1851488,-0.3046265,7.0628662,0
5641,1779177377973115269,1,1,50,-79856,1851488,11361,35253,853820,41551,-535243,-102236,1851488,-0.3046265,7.0628662,0
5642,1779177377978103770,1,1,50,-79856,1851488,11494,35033,854651,42172,-533666,-102236,1851488,-0.3046265,7.0628662,0
5643,1779177377983384054,1,1,50,-79856,1851488,11666,34636,855007,42778,-533963,-102236,1851488,-0.3046265,7.0628662,0
5644,1779177377988095461,1,1,50,-79856,1851488,12381,32133,856371,43315,-531269,-102236,1851488,-0.3046265,7.0628662,0
5645,1779177377993168572,1,1,50,-79856,1851488,12699,30862,859042,43857,-532876,-102236,1851488,-0.3046265,7.0628662,0
5646,1779177377998094448,1,1,50,-79856,1851488,12787,30634,862187,44424,-533619,-102236,1851488,-0.3046265,7.0628662,0
5647,1779177378003094982,1,1,50,-79856,1851488,13493,27959,864976,45023,-534802,-102236,1851488,-0.3046265,7.0628662,0
5648,1779177378008093627,1,1,50,-79120,1851488,13582,27689,868240,45702,-534325,-101489,1851488,-0.3018188,7.0628662,0
5649,1779177378013293557,1,1,50,-78288,1851488,13700,27281,872275,46475,-532517,-100668,1851488,-0.2986450,7.0628662,0
5650,1779177378018240938,1,1,50,-77776,1851488,13773,27046,875480,47219,-526076,-100144,1851488,-0.2966919,7.0628662,0
5651,1779177378023096284,1,1,50,-77696,1851488,13359,30335,876904,47832,-518678,-100071,1851488,-0.2963867,7.0628662,0
5652,1779177378028102353,1,1,50,-79600,1851488,13438,30109,877082,48194,-514973,-101983,1851488,-0.3036499,7.0628662,0
5653,1779177378033100038,1,1,50,-79856,1851488,14160,27544,877616,48467,-513318,-102236,1851488,-0.3046265,7.0628662,0
5654,1779177378038097212,1,1,50,-79856,1851488,14234,27293,880464,48733,-514193,-102236,1851488,-0.3046265,7.0628662,0
5655,1779177378043118162,1,1,50,-79760,1851488,14730,24630,884796,49063,-517426,-102135,1851488,-0.3042603,7.0628662,0
5656,1779177378048959131,1,1,50,-78400,1851488,15475,21554,888179,49642,-526564,-100769,1851488,-0.2990723,7.0628662,0
5657,1779177378053346690,1,1,50,-75600,1851488,15448,21572,891205,50383,-523875,-97977,1851488,-0.2883911,7.0628662,0
5658,1779177378058101393,1,1,50,-73568,1851488,15464,21374,895122,51278,-524863,-95941,1851488,-0.2806396,7.0628662,0
5659,1779177378063299339,1,1,50,-73568,1851488,16091,18634,898030,52274,-527086,-95941,1851488,-0.2806396,7.0628662,0
5660,1779177378068922480,1,1,50,-72288,1851488,15640,20243,898683,53449,-526941,-94666,1851488,-0.2757568,7.0628662,0
5661,1779177378072765002,1,1,50,-71968,1851488,15575,21014,898089,54209,-514137,-94337,1851488,-0.2745361,7.0628662,0
5662,1779177378079209185,1,1,50,-72848,1851488,14547,24466,898208,55109,-520987,-95218,1851488,-0.2778931,7.0628662,0
5663,1779177378083275648,1,1,50,-75248,1851488,15099,22387,900048,55765,-511363,-97630,1851488,-0.2870483,7.0628662,0
5664,1779177378088260630,1,1,50,-79856,1851488,15739,19817,903074,55971,-515471,-102236,1851488,-0.3046265,7.0628662,0
5665,1779177378093312524,1,1,50,-79856,1851488,16316,17355,905626,56276,-517244,-102236,1851488,-0.3046265,7.0628662,0
5666,1779177378098103261,1,1,50,-75952,1851488,16855,14898,908118,56847,-512813,-98322,1851488,-0.2897339,7.0628662,0
5667,1779177378103100914,1,1,50,-71376,1851488,16874,14612,911797,57670,-506690,-93757,1851488,-0.2722778,7.0628662,0
5668,1779177378108094247,1,1,50,-68816,1851488,16885,14377,915358,58555,-498071,-91184,1851488,-0.2625122,7.0628662,0
5669,1779177378113158046,1,1,50,-67904,1851488,16903,14130,916604,59332,-489253,-90276,1851488,-0.2590332,7.0628662,0
5670,1779177378118178964,1,1,50,-68240,1851488,16371,16901,915417,59877,-482422,-90616,1851488,-0.2603149,7.0628662,0
5671,1779177378123104808,1,1,50,-70496,1851488,16936,14535,915299,60129,-480343,-92864,1851488,-0.2689209,7.0628662,0
5672,1779177378128213311,1,1,50,-72976,1851488,16949,14270,919274,60230,-484690,-95344,1851488,-0.2783813,7.0628662,0
5673,1779177378133097778,1,1,50,-75712,1851488,16925,14092,924497,60292,-491126,-98087,1851488,-0.2888184,7.0628662,0
5674,1779177378138111016,1,1,50,-78624,1851488,16906,13796,927523,60323,-501025,-100998,1851488,-0.2999268,7.0628662,0
5675,1779177378143179903,1,1,50,-79856,1851488,17060,15029,929541,60482,-510807,-102236,1851488,-0.3046265,7.0628662,0
5676,1779177378148101106,1,1,50,-79088,1851488,17037,14709,932567,60889,-516581,-101461,1851488,-0.3016968,7.0628662,0
5677,1779177378153260716,1,1,50,-75088,1851488,17039,14228,935416,61700,-518611,-97469,1851488,-0.2864380,7.0628662,0
5678,1779177378158303906,1,1,50,-71424,1851488,17588,11634,935653,62734,-514402,-93803,1851488,-0.2724609,7.0628662,0
5679,1779177378163238614,1,1,50,-68224,1851488,16980,13530,934229,63812,-507215,-90599,1851488,-0.2602539,7.0628662,0
5680,1779177378168202474,1,1,50,-68224,1851488,17518,11035,934525,64727,-502514,-90599,1851488,-0.2602539,7.0628662,0
5681,1779177378173129246,1,1,50,-66624,1851488,17311,12823,937315,65548,-499750,-89000,1851488,-0.2541504,7.0628662,0
5682,1779177378178149140,1,1,50,-67504,1851488,17292,12508,939926,66379,-497979,-89884,1851488,-0.2575073,7.0628662,0
5683,1779177378183105032,1,1,50,-69088,1851488,17253,12257,942062,67063,-496539,-91462,1851488,-0.2635498,7.0628662,0
5684,1779177378188104702,1,1,50,-70272,1851488,17214,11980,944910,67659,-495211,-92648,1851488,-0.2680664,7.0628662,0
5685,1779177378193181493,1,1,50,-70736,1851488,18023,9071,947996,68225,-492510,-93104,1851488,-0.2698364,7.0628662,0
5686,1779177378198097096,1,1,50,-69424,1851488,17960,8872,950192,68808,-484858,-91800,1851488,-0.2648315,7.0628662,0
5687,1779177378203096894,1,1,50,-68128,1851488,17891,8705,949717,69313,-475948,-90504,1851488,-0.2598877,7.0628662,0
5688,1779177378208102163,1,1,50,-67424,1851488,17818,8566,948293,69660,-468243,-89793,1851488,-0.2572021,7.0628662,0
5689,1779177378213099848,1,1,50,-67344,1851488,17740,8444,949895,69874,-464182,-89722,1851488,-0.2568970,7.0628662,0
5690,1779177378218143999,1,1,50,-67696,1851488,18227,6102,954168,70032,-464427,-90077,1851488,-0.2582397,7.0628662,0
5691,1779177378223329273,1,1,50,-67040,1851488,18200,7115,957076,70269,-467513,-89418,1851488,-0.2557373,7.0628662,0
5692,1779177378228106473,1,1,50,-66816,1851488,18101,7078,959271,70572,-468740,-89198,1851488,-0.2548828,7.0628662,0
5693,1779177378233156767,1,1,50,-66784,1851488,18022,6897,962120,70940,-472399,-89153,1851488,-0.2547607,7.0628662,0
5694,1779177378238330489,1,1,50,-66720,1851488,17953,6625,964553,71407,-475437,-89096,1851488,-0.2545166,7.0628662,0
5695,1779177378243279053,1,1,50,-66528,1851488,17887,6688,965087,71911,-474711,-88907,1851488,-0.2537842,7.0628662,0
5696,1779177378248141343,1,1,50,-66464,1851488,17779,6584,963544,72361,-472420,-88840,1851488,-0.2535400,7.0628662,0
5697,1779177378253090867,1,1,50,-66560,1851488,17681,6419,962891,72746,-471141,-88936,1851488,-0.2539062,7.0628662,0
5698,1779177378258093033,1,1,50,-66672,1851488,18143,4064,965324,73118,-470834,-89052,1851488,-0.2543335,7.0628662,0
5699,1779177378263102910,1,1,50,-65744,1851488,18043,3883,968232,73563,-469609,-88127,1851488,-0.2507935,7.0628662,0
5700,1779177378268103284,1,1,50,-64752,1851488,17372,5861,970072,74051,-466905,-87123,1851488,-0.2470093,7.0628662,0
5701,1779177378273420657,1,1,50,-65120,1851488,17791,5162,973217,74535,-465563,-87495,1851488,-0.2484131,7.0628662,0
5702,1779177378278310243,1,1,50,-65776,1851488,17694,5044,977133,74918,-460019,-88151,1851488,-0.2509155,7.0628662,0
5703,1779177378283106964,1,1,50,-66352,1851488,17579,5024,979507,75170,-452418,-88722,1851488,-0.2531128,7.0628662,0
5704,1779177378288093961,1,1,50,-66736,1851488,17483,4925,979151,75249,-445084,-89115,1851488,-0.2545776,7.0628662,0
5705,1779177378293100703,1,1,50,-66960,1851488,17050,5862,978795,75167,-438723,-89336,1851488,-0.2554321,7.0628662,0
5706,1779177378298094292,1,1,50,-67616,1851488,17514,3685,981347,74954,-436124,-89991,1851488,-0.2579346,7.0628662,0
5707,1779177378303102665,1,1,50,-67152,1851488,17411,3616,985441,74771,-437555,-89535,1851488,-0.2561646,7.0628662,0
5708,1779177378308161856,1,1,50,-66352,1851488,17311,3489,988230,74702,-442283,-88727,1851488,-0.2531128,7.0628662,0
5709,1779177378313108980,1,1,50,-65488,1851488,17205,3345,990545,74807,-447831,-87862,1851488,-0.2498169,7.0628662,0
5710,1779177378318467410,1,1,50,-64848,1851488,16560,5069,993215,75063,-456681,-87219,1851488,-0.2473755,7.0628662,0
5711,1779177378323581130,1,1,50,-65152,1851488,16835,3933,994699,75531,-460759,-87525,1851488,-0.2485352,7.0628662,0
5712,1779177378328314937,1,1,50,-65184,1851488,16717,3795,994936,76007,-460209,-87565,1851488,-0.2486572,7.0628662,0
5713,1779177378333122826,1,1,50,-65152,1851488,17133,1587,994283,76458,-459195,-87525,1851488,-0.2485352,7.0628662,0
5714,1779177378338091103,1,1,50,-64240,1851488,17023,1370,994224,76944,-458324,-86623,1851488,-0.2450562,7.0628662,0
5715,1779177378343189302,1,1,50,-63328,1851488,16579,1853,996479,77492,-457286,-85697,1851488,-0.2415771,7.0628662,0
5716,1779177378348115530,1,1,50,-63040,1851488,16472,1637,999268,78032,-453834,-85411,1851488,-0.2404785,7.0628662,0
5717,1779177378353112287,1,1,50,-63104,1851488,16367,1405,1001879,78517,-450129,-85478,1851488,-0.2407227,7.0628662,0
5718,1779177378358119477,1,1,50,-63296,1851488,16263,1173,1005677,78943,-445835,-85677,1851488,-0.2414551,7.0628662,0
5719,1779177378363112522,1,1,50,-63440,1851488,16152,972,1009653,79304,-440739,-85821,1851488,-0.2420044,7.0628662,0
5720,1779177378368113760,1,1,50,-63472,1851488,16045,768,1010662,79561,-435242,-85841,1851488,-0.2421265,7.0628662,0
5721,1779177378373115189,1,1,50,-63440,1851488,16392,573,1010306,79699,-430617,-85811,1851488,-0.2420044,7.0628662,0
5722,1779177378378166028,1,1,50,-63440,1851488,16307,399,1012502,79765,-429099,-85811,1851488,-0.2420044,7.0628662,0
5723,1779177378383214562,1,1,50,-63504,1851488,16227,173,1017486,79848,-431585,-85882,1851488,-0.2422485,7.0628662,0
5724,1779177378388111093,1,1,50,-63440,1851488,16129,-17,1021225,80017,-437058,-85819,1851488,-0.2420044,7.0628662,0
5725,1779177378393102858,1,1,50,-63200,1851488,16031,-278,1023717,80335,-445986,-85577,1851488,-0.2410889,7.0628662,0
5726,1779177378398109696,1,1,50,-62672,1851488,15937,-627,1026269,80883,-455034,-85053,1851488,-0.2390747,7.0628662,0
5727,1779177378403228408,1,1,50,-64416,1851488,15890,1860,1028524,81523,-463622,-86792,1851488,-0.2457275,7.0628662,0
5728,1779177378408106091,1,1,50,-68016,1851488,15823,1493,1029414,82071,-467934,-90393,1851488,-0.2594604,7.0628662,0
5729,1779177378413102240,1,1,50,-73888,1851488,15757,1050,1028524,82326,-472133,-96264,1851488,-0.2818604,7.0628662,0
5730,1779177378418117078,1,1,50,-79200,1851488,15684,573,1029295,82339,-475413,-101580,1851488,-0.3021240,7.0628662,0
5731,1779177378423122571,1,1,50,-79856,1851488,15425,-798,1032085,82410,-475695,-102236,1851488,-0.3046265,7.0628662,0
5732,1779177378428103168,1,1,50,-75952,1851488,15306,-1264,1034992,82756,-470850,-98322,1851488,-0.2897339,7.0628662,0
5733,1779177378433102421,1,1,50,-70640,1851488,15181,-1687,1038019,83357,-461610,-93010,1851488,-0.2694702,7.0628662,0
5734,1779177378438095019,1,1,50,-67536,1851488,15544,-3937,1042232,83989,-450730,-89915,1851488,-0.2576294,7.0628662,0
5735,1779177378443105312,1,1,50,-65264,1851488,15408,-4250,1046801,84572,-439492,-87645,1851488,-0.2489624,7.0628662,0
5736,1779177378448096341,1,1,50,-64224,1851488,15272,-4519,1047810,84981,-428240,-86594,1851488,-0.2449951,7.0628662,0
5737,1779177378453115211,1,1,50,-64144,1851488,15250,-2010,1047692,85150,-418761,-86524,1851488,-0.2446899,7.0628662,0
5738,1779177378458105568,1,1,50,-66336,1851488,15160,-2212,1051015,85019,-413992,-88717,1851488,-0.2530518,7.0628662,0
5739,1779177378463099030,1,1,50,-68272,1851488,15066,-2428,1056474,84731,-414883,-90648,1851488,-0.2604370,7.0628662,0
5740,1779177378468097099,1,1,50,-68992,1851488,14966,-2672,1059679,84460,-419758,-91375,1851488,-0.2631836,7.0628662,0
5741,1779177378473246820,1,1,50,-68512,1851488,14632,-2042,1061756,84348,-427545,-90885,1851488,-0.2613525,7.0628662,0
5742,1779177378478457374,1,1,50,-67808,1851488,14548,-2466,1064367,84480,-435835,-90177,1851488,-0.2586670,7.0628662,0
5743,1779177378483109611,1,1,50,-66832,1851488,14422,-2684,1066147,84829,-438450,-89204,1851488,-0.2549438,7.0628662,0
5744,1779177378488231620,1,1,50,-66064,1851488,14325,-3126,1065138,85293,-443224,-88441,1851488,-0.2520142,7.0628662,0
5745,1779177378493119990,1,1,50,-65344,1851488,14205,-3464,1063714,85846,-443197,-87719,1851488,-0.2492676,7.0628662,0
5746,1779177378498113356,1,1,50,-64880,1851488,14091,-3859,1065316,86439,-443449,-87253,1851488,-0.2474976,7.0628662,0
5747,1779177378503132033,1,1,50,-64560,1851488,13691,-1622,1067631,87065,-443275,-86937,1851488,-0.2462769,7.0628662,0
5748,1779177378508099990,1,1,50,-65760,1851488,13614,-2013,1069292,87605,-441493,-88137,1851488,-0.2508545,7.0628662,0
5749,1779177378513100940,1,1,50,-66832,1851488,13534,-2400,1071666,88052,-437781,-89215,1851488,-0.2549438,7.0628662,0
5750,1779177378518118881,1,1,50,-67280,1851488,13450,-2771,1074633,88412,-432069,-89662,1851488,-0.2566528,7.0628662,0
5751,1779177378523192600,1,1,50,-67072,1851488,12728,-3225,1076888,88682,-424960,-89448,1851488,-0.2558594,7.0628662,0
5752,1779177378528119148,1,1,50,-66304,1851488,12621,-3484,1076295,88828,-415555,-88675,1851488,-0.2529297,7.0628662,0
5753,1779177378533115233,1,1,50,-65664,1851488,12516,-3749,1076769,88820,-408432,-88040,1851488,-0.2504883,7.0628662,0
5754,1779177378538111479,1,1,50,-65248,1851488,12401,-3978,1082110,88743,-405451,-87625,1851488,-0.2489014,7.0628662,0
5755,1779177378543166957,1,1,50,-64912,1851488,11662,-4545,1088223,88690,-407874,-87285,1851488,-0.2476196,7.0628662,0
5756,1779177378548123746,1,1,50,-64096,1851488,11987,-6594,1090893,88767,-413362,-86476,1851488,-0.2445068,7.0628662,0
5757,1779177378553103607,1,1,50,-62784,1851488,11842,-6923,1092258,89054,-421720,-85154,1851488,-0.2395020,7.0628662,0
5758,1779177378558103692,1,1,50,-61504,1851488,11226,-5525,1093919,89608,-431181,-83878,1851488,-0.2346191,7.0628662,0
5759,1779177378563118274,1,1,50,-61456,1851488,11081,-5976,1093089,90341,-439529,-83828,1851488,-0.2344360,7.0628662,0
5760,1779177378568107479,1,1,50,-61408,1851488,11389,-8191,1090774,91202,-444032,-83789,1851488,-0.2342529,7.0628662,0
5761,1779177378572744356,1,1,50,-60240,1851488,10744,-7075,1090774,92064,-443318,-82609,1851488,-0.2297974,7.0628662,0
5762,1779177378578124002,1,1,50,-59872,1851488,10632,-7737,1092198,93138,-445715,-82242,1851488,-0.2283936,7.0628662,0
5763,1779177378583161944,1,1,50,-59760,1851488,10484,-8186,1093267,94179,-442764,-82133,1851488,-0.2279663,7.0628662,0
5764,1779177378588124717,1,1,50,-59472,1851488,10336,-8596,1094513,95139,-435796,-81850,1851488,-0.2268677,7.0628662,0
5765,1779177378593143107,1,1,50,-59168,1851488,9150,-7913,1096827,95974,-426125,-81539,1851488,-0.2257080,7.0628662,0
5766,1779177378598114967,1,1,50,-59424,1851488,9004,-8219,1099201,96579,-415074,-81798,1851488,-0.2266846,7.0628662,0
5767,1779177378603112397,1,1,50,-59664,1851488,8857,-8491,1098489,96908,-405223,-82046,1851488,-0.2276001,7.0628662,0
5768,1779177378608115426,1,1,50,-59648,1851488,8710,-8738,1097243,97004,-398401,-82019,1851488,-0.2275391,7.0628662,0
5769,1779177378613133272,1,1,50,-59520,1851488,8564,-9002,1099913,96986,-396779,-81903,1851488,-0.2270508,7.0628662,0
5770,1779177378618190895,1,1,50,-59296,1851488,7560,-7858,1105016,97001,-400990,-81669,1851488,-0.2261963,7.0628662,0
5771,1779177378623114754,1,1,50,-59232,1851488,7414,-8143,1107628,97135,-408632,-81607,1851488,-0.2259521,7.0628662,0
5772,1779177378628101175,1,1,50,-58896,1851488,7265,-8500,1108043,97455,-419314,-81272,1851488,-0.2246704,7.0628662,0
5773,1779177378633100557,1,1,50,-58208,1851488,7112,-8910,1108874,98049,-430712,-80584,1851488,-0.2220459,7.0628662,0
5774,1779177378638096162,1,1,50,-57088,1851488,6958,-9379,1108577,98935,-440421,-79460,1851488,-0.2177734,7.0628662,0
5775,1779177378643114552,1,1,50,-55888,1851488,5522,-9184,1106381,100058,-446371,-78258,1851488,-0.2131958,7.0628662,0
5776,1779177378648111981,1,1,50,-55152,1851488,5362,-9705,1105729,101308,-448380,-77525,1851488,-0.2103882,7.0628662,0
5777,1779177378653111235,1,1,50,-54720,1851488,5196,-10218,1106737,102598,-448277,-77101,1851488,-0.2087402,7.0628662,0
5778,1779177378658222683,1,1,50,-99072,1851488,5034,-10771,1107865,103912,-446781,-76692,1851488,-0.3779297,7.0628662,0
5779,1779177378663260721,1,1,50,-98800,1851488,4871,-11282,1108518,105156,-441256,-76416,1851488,-0.3768921,7.0628662,0
5780,1779177378668153124,1,1,50,-98576,1851488,5134,-13393,1109942,106237,-431524,-76197,1851488,-0.3760376,7.0628662,0
5781,1779177378673104856,1,1,50,-97440,1851488,2856,-12086,1111366,107175,-420154,-75060,1851488,-0.3717041,7.0628662,0
5782,1779177378678104557,1,1,50,-96800,1851488,2691,-12431,1110476,107876,-409148,-74422,1851488,-0.3692627,7.0628662,0
5783,1779177378683104675,1,1,50,-56544,1851488,2062,-11018,1108874,108305,-400578,-74325,1851488,-0.2156982,7.0628662,0
5784,1779177378688096664,1,1,50,-53264,1851488,-58,-10193,1112731,108582,-400929,-75644,1851488,-0.2031860,7.0628662,0
5785,1779177378693298418,1,1,50,-53264,1851488,259,-12278,1112731,108582,-400929,-75644,1851488,-0.2031860,7.0628662,0
5786,1779177378698539565,1,1,50,-52592,1851488,531,-14421,1114096,108793,-408872,-74972,1851488,-0.2006226,7.0628662,0
5787,1779177378703348798,1,1,50,-50432,1851488,740,-16423,1113799,109184,-416166,-72813,1851488,-0.1923828,7.0628662,0
5788,1779177378708157295,1,1,50,-47344,1851488,146,-15053,1114155,110036,-422127,-69727,1851488,-0.1806030,7.0628662,0
5789,1779177378713128868,1,1,50,-46000,1851488,-40,-15490,1113977,111101,-428391,-68378,1851488,-0.1754761,7.0628662,0
5790,1779177378718107320,1,1,50,-90400,-1851504,-650,-14271,1111425,112262,-431593,-68024,1851488,-0.3448486,-7.0629272,0
5791,1779177378723179024,1,1,50,-46736,1851488,-2937,-10266,1109942,113391,-432423,-69113,-1851504,-0.1782837,7.0628662,0
5792,1779177378728104035,1,1,50,-94768,-1851504,-3092,-10724,1110713,114273,-431523,-72397,1851488,-0.3615112,-7.0629272,0
5793,1779177378733101433,1,1,50,-97488,-1851504,-3247,-11203,1111841,114963,-429966,-75109,-1851504,-0.3718872,-7.0629272,0
5794,1779177378738101902,1,1,50,-53680,-1851504,-3403,-11678,1112553,115546,-425929,-76062,-1851504,-0.2047729,-7.0629272,0
5795,1779177378743150660,1,1,50,-97920,-1851504,-5568,-12160,1113740,116074,-420084,-75536,-1851504,-0.3735352,-7.0629272,0
5796,1779177378748168090,1,1,50,-96368,1851488,-4806,-15896,1115164,116568,-412694,-73990,-1851504,-0.3676147,7.0628662,0
5797,1779177378753122799,1,1,50,-92816,-1851504,-5007,-16229,1114096,117090,-403351,-70435,1851488,-0.3540649,-7.0629272,0
5798,1779177378758104740,1,1,50,-45536,-1851504,-5204,-16547,1112434,117537,-395128,-67904,-1851504,-0.1737061,-7.0629272,0
5799,1779177378763224060,1,1,50,-89424,-1851504,-5397,-16904,1113502,117866,-391358,-67051,-1851504,-0.3411255,-7.0629272,0
5800,1779177378768147183,1,1,50,-89168,-1851504,-5599,-17196,1115461,118128,-390832,-66785,-1851504,-0.3401489,-7.0629272,0
5801,1779177378773110884,1,1,50,-89056,-1851504,-7601,-17809,1116054,118385,-393978,-66687,-1851504,-0.3397217,-7.0629272,0
5802,1779177378778108409,1,1,50,-43520,-1851504,-7827,-18173,1116054,118754,-398782,-65901,-1851504,-0.1660156,-7.0629272,0
5803,1779177378783108143,1,1,50,-42304,-1851504,-8042,-18612,1116470,119297,-404072,-64678,-1851504,-0.1613770,-7.0629272,0
5804,1779177378788111748,1,1,50,-41040,1851488,-8271,-19037,1116826,120023,-408937,-63414,-1851504,-0.1565552,7.0628662,0
5805,1779177378793109881,1,1,50,-84864,-1851504,-10421,-19875,1114867,120868,-412072,-62481,1851488,-0.3237305,-7.0629272,0
5806,1779177378798102671,1,1,50,-83488,1851488,-10665,-20360,1113146,121820,-412281,-61114,-1851504,-0.3184814,7.0628662,0
5807,1779177378803178950,1,1,50,-82208,-1851504,-10505,-22446,1113621,122767,-410927,-59833,1851488,-0.3135986,-7.0629272,0
5808,1779177378808448193,1,1,50,-80368,1851488,-11148,-21447,1114333,123905,-406130,-57994,-1851504,-0.3065796,7.0628662,0
5809,1779177378813183921,1,1,50,-35552,1851488,-11408,-21758,1114927,124803,-397231,-57933,1851488,-0.1356201,7.0628662,0
5810,1779177378818101476,1,1,50,-36064,1851488,-12095,-20521,1116232,125499,-389119,-58443,1851488,-0.1375732,7.0628662,0
5811,1779177378823341215,1,1,50,-36064,1851488,-13654,-22565,1117834,126050,-382366,-58443,1851488,-0.1375732,7.0628662,0
5812,1779177378828265555,1,1,50,-80576,-1851504,-13949,-22775,1117419,126417,-374133,-58193,1851488,-0.3073730,-7.0629272,0
5813,1779177378833196230,1,1,50,-80256,1851488,-14248,-22938,1116054,126600,-367420,-57885,-1851504,-0.3061523,7.0628662,0
5814,1779177378838123098,1,1,50,-35280,-1851504,-14553,-23060,1116944,126657,-363773,-57662,1851488,-0.1345825,-7.0629272,0
5815,1779177378843139120,1,1,50,-80176,1851488,-16926,-22992,1119199,126648,-364978,-57793,-1851504,-0.3058472,7.0628662,0
5816,1779177378848108261,1,1,50,-79680,-1851504,-17260,-23049,1119971,126704,-369717,-57311,1851488,-0.3039551,-7.0629272,0
5817,1779177378853103034,1,1,50,-33968,-1851504,-17596,-23127,1120267,126927,-377212,-56341,-1851504,-0.1295776,-7.0629272,0
5818,1779177378858108879,1,1,50,-77680,1851488,-17940,-23212,1121217,127384,-385986,-55302,-1851504,-0.2963257,7.0628662,0
5819,1779177378863113381,1,1,50,-32064,-1851504,-18286,-23304,1121692,128078,-393945,-54445,1851488,-0.1223145,-7.0629272,0
5820,1779177378868105338,1,1,50,-75872,1851488,-18639,-23362,1120267,128967,-398730,-53493,-1851504,-0.2894287,7.0628662,0
5821,1779177378873112496,1,1,50,-30256,-1851504,-18984,-23431,1118903,129975,-399693,-52627,1851488,-0.1154175,-7.0629272,0
5822,1779177378878109797,1,1,50,-29920,-1851504,-21462,-20718,1119555,130999,-397341,-52288,-1851504,-0.1141357,-7.0629272,0
5823,1779177378883108314,1,1,50,-30912,-1851504,-21790,-20699,1120327,131884,-392733,-53282,-1851504,-0.1179199,-7.0629272,0
5824,1779177378888104432,1,1,50,-31776,-1851504,-22113,-20632,1120861,132589,-386121,-54147,-1851504,-0.1212158,-7.0629272,0
5825,1779177378893108773,1,1,50,-32272,-1851504,-24035,-21938,1122938,133119,-379027,-54653,-1851504,-0.1231079,-7.0629272,0
5826,1779177378898110938,1,1,50,-75648,1851488,-24339,-21789,1125371,133590,-371994,-53271,-1851504,-0.2885742,7.0628662,0
5827,1779177378903106768,1,1,50,-73728,-1851504,-24158,-23615,1125074,134011,-365520,-51359,1851488,-0.2812500,-7.0629272,0
5828,1779177378908114565,1,1,50,-26656,-1851504,-24909,-21421,1124125,134416,-359610,-49026,-1851504,-0.1016846,-7.0629272,0
5829,1779177378913109915,1,1,50,-26128,-1851504,-25170,-21241,1125371,134723,-355981,-48506,-1851504,-0.0996704,-7.0629272,0
5830,1779177378918105264,1,1,50,-26320,-1851504,-25909,-19096,1127270,134949,-355083,-48689,-1851504,-0.1004028,-7.0629272,0
5831,1779177378923128070,1,1,50,-27184,-1851504,-28196,-17152,1128101,135103,-356690,-49554,-1851504,-0.1036987,-7.0629272,0
5832,1779177378928177116,1,1,50,-28144,-1851504,-28376,-17090,1129169,135236,-360418,-50522,-1851504,-0.1073608,-7.0629272,0
5833,1779177378933216723,1,1,50,-73056,1851488,-28543,-17080,1130949,135457,-365446,-50684,-1851504,-0.2786865,7.0628662,0
5834,1779177378938117990,1,1,50,-72384,1851488,-28699,-17091,1131602,135822,-369944,-50014,1851488,-0.2761230,7.0628662,0
5835,1779177378944249078,1,1,50,-71216,1851488,-30911,-19615,1130000,136458,-376931,-48835,1851488,-0.2716675,7.0628662,0
5836,1779177378947946828,1,1,50,-67600,1851488,-31153,-19256,1130237,136942,-371393,-45223,1851488,-0.2578735,7.0628662,0
5837,1779177378953186311,1,1,50,-64624,1851488,-31292,-19501,1131424,137941,-366329,-42253,1851488,-0.2465210,7.0628662,0
5838,1779177378958104699,1,1,50,-62976,1851488,-31446,-19580,1132492,138853,-358214,-40604,1851488,-0.2402344,7.0628662,0
5839,1779177378963108304,1,1,50,-62496,1851488,-31980,-18121,1133916,139618,-349865,-40116,1851488,-0.2384033,7.0628662,0
5840,1779177378968139975,1,1,50,-63216,1851488,-32092,-18258,1136765,140161,-342895,-40833,1851488,-0.2411499,7.0628662,0
5841,1779177378973124572,1,1,50,-19248,-1851504,-34144,-16932,1139198,140500,-338019,-41623,1851488,-0.0734253,-7.0629272,0
5842,1779177378978107057,1,1,50,-19696,1851488,-34226,-17045,1138960,140690,-335589,-42071,-1851504,-0.0751343,7.0628662,0
5843,1779177378983164135,1,1,50,-57888,-1851504,-34306,-17163,1139554,140830,-335859,-42036,1851488,-0.2208252,-7.0629272,0
5844,1779177378988147644,1,1,50,-19120,-1851504,-34389,-17267,1141927,141028,-338206,-41503,-1851504,-0.0729370,-7.0629272,0
5845,1779177378993140273,1,1,50,-62944,1851488,-36155,-17845,1143648,141349,-342417,-40574,-1851504,-0.2401123,7.0628662,0
5846,1779177378998109030,1,1,50,-61056,-1851504,-36265,-17926,1145310,141891,-347396,-38685,1851488,-0.2329102,-7.0629272,0
5847,1779177379003118364,1,1,50,-14448,-1851504,-36365,-18053,1147684,142677,-352829,-36822,-1851504,-0.0551147,-7.0629272,0
5848,1779177379008108305,1,1,50,-57648,1851488,-36888,-16554,1150057,143682,-357504,-35269,-1851504,-0.2199097,7.0628662,0
5849,1779177379013212488,1,1,50,-57648,-1851504,-36542,-18398,1149939,144783,-361175,-35269,1851488,-0.2199097,-7.0629272,0
5850,1779177379018110779,1,1,50,-11648,1851488,-37446,-15437,1148989,145956,-361058,-34017,-1851504,-0.0444336,7.0628662,0
5851,1779177379023430231,1,1,50,-55760,-1851504,-39663,-17440,1150354,147203,-358806,-33389,1851488,-0.2127075,-7.0629272,0
5852,1779177379028065252,1,1,50,-9232,-1851504,-39770,-17525,1151838,148259,-349726,-31602,-1851504,-0.0352173,-7.0629272,0
5853,1779177379033149947,1,1,50,-7568,-1851504,-39831,-17733,1153796,149425,-337315,-29936,-1851504,-0.0288696,-7.0629272,0
5854,1779177379038142512,1,1,50,-51040,1851488,-39888,-17870,1156763,150367,-325300,-28667,-1851504,-0.1947021,7.0628662,0
5855,1779177379043174630,1,1,50,-50336,-1851504,-41880,-20399,1158721,151078,-317109,-27965,1851488,-0.1920166,-7.0629272,0
5856,1779177379048124698,1,1,50,-3152,-1851504,-41594,-21944,1159137,151734,-312103,-25529,-1851504,-0.0120239,-7.0629272,0
5857,1779177379053124591,1,1,50,-336,-1851504,-41660,-22014,1160205,152456,-309564,-22716,-1851504,-0.0012817,-7.0629272,0
5858,1779177379058179173,1,1,50,-42896,1851488,-41717,-22092,1162341,153271,-308648,-20526,-1851504,-0.1636353,7.0628662,0
5859,1779177379063137754,1,1,50,-41520,-1851504,-42122,-20627,1164122,154132,-307742,-19146,1851488,-0.1583862,-7.0629272,0
5860,1779177379068167855,1,1,50,3600,-1851504,-42543,-19124,1166139,155001,-305167,-18775,-1851504,0.0137329,-7.0629272,0
5861,1779177379073143492,1,1,50,-41296,1851488,-45113,-21682,1169166,155796,-299111,-18920,-1851504,-0.1575317,7.0628662,0
5862,1779177379078168058,1,1,50,-39184,1851488,-45222,-21548,1171361,156595,-287958,-16807,1851488,-0.1494751,7.0628662,0
5863,1779177379083164303,1,1,50,-36672,1851488,-45320,-21331,1172370,157284,-273699,-14297,1851488,-0.1398926,7.0628662,0
5864,1779177379088159044,1,1,50,-34960,-1851504,-45416,-20999,1174328,157754,-259566,-12588,1851488,-0.1333618,-7.0629272,0
5865,1779177379093143512,1,1,50,-34368,1851488,-47910,-20145,1176821,157948,-247987,-11986,-1851504,-0.1311035,7.0628662,0
5866,1779177379098176078,1,1,50,-33232,1851488,-48028,-19687,1178720,157961,-239248,-10851,1851488,-0.1267700,7.0628662,0
5867,1779177379103129698,1,1,50,-32304,1851488,-48137,-19180,1180085,157845,-234007,-9930,1851488,-0.1232300,7.0628662,0
5868,1779177379108143512,1,1,50,-31616,1851488,-48225,-18681,1181687,157671,-232949,-9235,1851488,-0.1206055,7.0628662,0
5869,1779177379113099084,1,1,50,-30816,1851488,-48303,-18170,1183171,157543,-235709,-8441,1851488,-0.1175537,7.0628662,0
5870,1779177379118427049,1,1,50,-30032,1851488,-48335,-17778,1184179,157487,-240342,-7657,1851488,-0.1145630,7.0628662,0
5871,1779177379123163640,1,1,50,-29072,1851488,-50724,-20835,1185069,157657,-242914,-6696,1851488,-0.1109009,7.0628662,0
5872,1779177379128110987,1,1,50,-25168,1851488,-50862,-20342,1186612,158157,-239749,-2797,1851488,-0.0960083,7.0628662,0
5873,1779177379133111393,1,1,50,-21472,1851488,-50962,-19863,1189223,158841,-229563,926,1851488,-0.0819092,7.0628662,0
5874,1779177379138153143,1,1,50,-19280,1851488,-51037,-19323,1191894,159439,-214854,3114,1851488,-0.0735474,7.0628662,0
5875,1779177379144395465,1,1,50,-18528,1851488,-53638,-19014,1195276,159826,-198199,3865,1851488,-0.0706787,7.0628662,0
5876,1779177379148367878,1,1,50,-17088,1851488,-53357,-19757,1197413,159842,-187189,5302,1851488,-0.0651855,7.0628662,0
5877,1779177379153122325,1,1,50,-15840,1851488,-53438,-19039,1199964,159713,-176488,6559,1851488,-0.0604248,7.0628662,0
5878,1779177379158120682,1,1,50,-15088,1851488,-53469,-18371,1202813,159402,-168271,7311,1851488,-0.0575562,7.0628662,0
5879,1779177379163215586,1,1,50,30096,1851488,-53864,-16225,1205424,158945,-162004,7735,1851488,0.1148071,7.0628662,0
5880,1779177379168110996,1,1,50,30320,1851488,-53464,-16996,1208154,158409,-157429,7956,1851488,0.1156616,7.0628662,0
5881,1779177379173124138,1,1,50,30672,1851488,-55681,-17242,1211299,157813,-153615,8304,1851488,0.1170044,7.0628662,0
5882,1779177379178114623,1,1,50,32336,1851488,-55653,-16597,1214266,157278,-149939,9974,1851488,0.1233521,7.0628662,0
5883,1779177379183115124,1,1,50,34064,-1851504,-55938,-14678,1216343,156800,-146104,11698,1851488,0.1299438,-7.0629272,0
5884,1779177379188168970,1,1,50,-9504,1851488,-55827,-14145,1217886,156330,-141853,12891,-1851504,-0.0362549,7.0628662,0
5885,1779177379193113278,1,1,50,-8832,1851488,-57574,-14686,1219547,155839,-137285,13562,1851488,-0.0336914,7.0628662,0
5886,1779177379198113107,1,1,50,-7296,1851488,-57148,-15341,1220912,155360,-131170,15093,1851488,-0.0278320,7.0628662,0
5887,1779177379203126089,1,1,50,-6000,1851488,-57313,-13668,1222455,154843,-124640,16391,1851488,-0.0228882,7.0628662,0
5888,1779177379208103517,1,1,50,-5184,1851488,-57147,-13180,1224473,154258,-119293,17211,1851488,-0.0197754,7.0628662,0
5889,1779177379213109394,1,1,50,-4768,1851488,-56958,-12701,1226728,153600,-115060,17623,1851488,-0.0181885,7.0628662,0
5890,1779177379218116936,1,1,50,40272,1851488,-56999,-11293,1228686,152891,-110143,17914,1851488,0.1536255,7.0628662,0
5891,1779177379223384067,1,1,50,40624,1851488,-58520,-14303,1230704,152056,-101956,18256,1851488,0.1549683,7.0628662,0
5892,1779177379228242357,1,1,50,42832,1851488,-58351,-13806,1232900,151296,-89504,20470,1851488,0.1633911,7.0628662,0
5893,1779177379233171208,1,1,50,44640,1851488,-58160,-13258,1234977,150383,-73647,22287,1851488,0.1702881,7.0628662,0
5894,1779177379238134333,1,1,50,592,1851488,-58160,-11857,1236994,149167,-57576,22986,1851488,0.0022583,7.0628662,0
5895,1779177379243134386,1,1,50,45248,1851488,-57910,-11280,1239190,147595,-43796,22881,1851488,0.1726074,7.0628662,0
5896,1779177379248109446,1,1,50,44768,1851488,-57454,-11447,1241742,145725,-33438,22414,1851488,0.1707764,7.0628662,0
5897,1779177379253155740,1,1,50,44208,1851488,-59605,-12018,1244234,143605,-25549,21855,1851488,0.1686401,7.0628662,0
5898,1779177379258231859,1,1,50,45792,1851488,-59360,-11393,1246014,141456,-17264,23428,1851488,0.1746826,7.0628662,0
5899,1779177379263116934,1,1,50,47264,1851488,-59120,-10738,1247260,139353,-8217,24897,1851488,0.1802979,7.0628662,0
5900,1779177379268118043,1,1,50,47856,1851488,-58854,-10067,1248269,137088,1951,25503,1851488,0.1825562,7.0628662,0
5901,1779177379273148049,1,1,50,47728,1851488,-60483,-9958,1249456,134622,11713,25366,1851488,0.1820679,7.0628662,0
5902,1779177379278158022,1,1,50,48640,1851488,-60058,-9854,1251118,132068,20701,26279,1851488,0.1855469,7.0628662,0
5903,1779177379283174299,1,1,50,49152,1851488,-59786,-9130,1252898,129405,27980,26785,1851488,0.1875000,7.0628662,0
5904,1779177379288134736,1,1,50,49136,1851488,-59641,-7881,1253966,126677,33741,26779,1851488,0.1874390,7.0628662,0
5905,1779177379293110148,1,1,50,49072,1851488,-59337,-7179,1254500,123878,40042,26719,1851488,0.1871948,7.0628662,0
5906,1779177379298119514,1,1,50,48992,-1851504,-59024,-6441,1255272,120984,48488,26628,1851488,0.1868896,-7.0629272,0
5907,1779177379303131215,1,1,50,48816,-1851504,-60522,-7882,1255924,117958,59137,26457,-1851504,0.1862183,-7.0629272,0
5908,1779177379308117220,1,1,50,50304,-1851504,-60248,-7062,1256637,114876,71931,27941,-1851504,0.1918945,-7.0629272,0
5909,1779177379313116985,1,1,50,51248,-1851504,-59963,-6191,1257467,111629,84935,28894,-1851504,0.1954956,-7.0629272,0
5910,1779177379318106030,1,1,50,51216,-1851504,-59671,-5271,1258714,108166,96949,28853,-1851504,0.1953735,-7.0629272,0
5911,1779177379323119715,1,1,50,50544,-1851504,-60969,-5260,1260019,104449,108311,28189,-1851504,0.1928101,-7.0629272,0
5912,1779177379328189402,1,1,50,51248,-1851504,-60806,-3794,1260672,100520,120394,28882,-1851504,0.1954956,-7.0629272,0
5913,1779177379333028587,1,1,50,52032,-1851504,-60419,-3151,1260375,96639,132936,29666,-1851504,0.1984863,-7.0629272,0
5914,1779177379338150211,1,1,50,51888,-1851504,-60112,-2003,1259307,92379,146336,29534,-1851504,0.1979370,-7.0629272,0
5915,1779177379343434815,1,1,50,51056,-1851504,-59786,-763,1257942,87711,157872,28693,-1851504,0.1947632,-7.0629272,0
5916,1779177379348232559,1,1,50,5312,-1851504,-59485,417,1256696,83273,166454,27711,-1851504,0.0202637,-7.0629272,0
5917,1779177379353105858,1,1,50,4544,-1851504,-60819,1253,1253254,78641,173910,26932,-1851504,0.0173340,-7.0629272,0
5918,1779177379358118871,1,1,50,4736,-1851504,-60577,2864,1249278,73851,181312,27121,-1851504,0.0180664,-7.0629272,0
5919,1779177379363113132,1,1,50,5136,-1851504,-60229,4114,1241801,69081,188741,27531,-1851504,0.0195923,-7.0629272,0
5920,1779177379368103649,1,1,50,5200,-1851504,-59874,5393,1231831,64301,196092,27596,-1851504,0.0198364,-7.0629272,0
5921,1779177379373142391,1,1,50,4864,-1851504,-61042,7210,1219963,59445,203108,27252,-1851504,0.0185547,-7.0629272,0
5922,1779177379378110475,1,1,50,4496,-1851504,-60654,8505,1210824,54634,209975,26882,-1851504,0.0171509,-7.0629272,0
5923,1779177379383161089,1,1,50,3888,-1851504,-60247,9837,1215868,49677,217439,26287,-1851504,0.0148315,-7.0629272,0
5924,1779177379388102933,1,1,50,47744,-1851504,-59884,11346,1221209,44727,225370,25376,-1851504,0.1821289,-7.0629272,0
5925,1779177379393129323,1,1,50,22288,-1851504,-59449,12698,1225007,39611,233947,24894,-1851504,0.0850220,-7.0629272,0
5926,1779177379398121728,1,1,50,2368,1851488,-58998,14033,1226491,34467,242168,24755,-1851504,0.0090332,7.0628662,0
5927,1779177379403241400,1,1,50,46976,1851488,-60176,14681,1225956,29143,248924,24621,1851488,0.1791992,7.0628662,0
5928,1779177379408069993,1,1,50,47744,1851488,-59737,15999,1223820,24131,254318,25389,1851488,0.1821289,7.0628662,0
5929,1779177379412739734,1,1,50,48224,1851488,-59317,17341,1220082,19368,260286,25865,1851488,0.1839600,7.0628662,0
5930,1779177379417828718,1,1,50,48608,1851488,-58819,18702,1218717,14220,267416,26248,1851488,0.1854248,7.0628662,0
5931,1779177379422998343,1,1,50,48256,1851488,-58311,20138,1218005,9008,274295,25891,1851488,0.1840820,7.0628662,0
5932,1779177379428503464,1,1,50,47392,1851488,-59412,20478,1215928,-1454,280690,25034,1851488,0.1807861,7.0628662,0
5933,1779177379433276695,1,1,50,47392,1851488,-58951,21818,1215928,-1454,280690,25034,1851488,0.1807861,7.0628662,0
5934,1779177379438469649,1,1,50,49200,1851488,-58428,23212,1213020,-6574,280365,26839,1851488,0.1876831,7.0628662,0
5935,1779177379443241921,1,1,50,50320,1851488,-57930,24458,1210824,-10926,280349,27954,1851488,0.1919556,7.0628662,0
5936,1779177379448122067,1,1,50,50368,1851488,-57409,25712,1209222,-15232,280362,28013,1851488,0.1921387,7.0628662,0
5937,1779177379453145833,1,1,50,49968,1851488,-57079,24994,1207145,-19547,281091,27607,1851488,0.1906128,7.0628662,0
5938,1779177379458167742,1,1,50,50416,-1851504,-56579,26289,1204593,-23699,282499,28062,1851488,0.1923218,-7.0629272,0
5939,1779177379463126035,1,1,50,50512,1851488,-56072,27544,1202101,-27683,283591,28146,-1851504,0.1926880,7.0628662,0
5940,1779177379468123688,1,1,50,50064,-1851504,-55502,28589,1199905,-31618,284687,27703,1851488,0.1909790,-7.0629272,0
5941,1779177379473131485,1,1,50,49600,-1851504,-55639,30040,1197472,-35480,286592,27241,-1851504,0.1892090,-7.0629272,0
5942,1779177379478119154,1,1,50,48688,1851488,-55028,31000,1194446,-39293,288892,26327,-1851504,0.1857300,7.0628662,0
5943,1779177379483107559,1,1,50,2576,1851488,-54458,32167,1191241,-43110,290617,24972,1851488,0.0098267,7.0628662,0
5944,1779177379488115100,1,1,50,-48,1851488,-53878,33326,1188096,-47018,290340,22338,1851488,-0.0001831,7.0628662,0
5945,1779177379493116721,1,1,50,-3296,1851488,-53292,34451,1184951,-50987,287634,19098,1851488,-0.0125732,7.0628662,0
5946,1779177379498123526,1,1,50,-6880,1851488,-52615,35193,1180619,-54981,282647,15515,1851488,-0.0262451,7.0628662,0
5947,1779177379503354881,1,1,50,-9648,1851488,-52744,36210,1175931,-59062,276110,12751,1851488,-0.0368042,7.0628662,0
5948,1779177379508253652,1,1,50,-14160,1851488,-52156,37145,1170946,-62872,267248,8225,1851488,-0.0540161,7.0628662,0
5949,1779177379513121190,1,1,50,-17600,1851488,-51571,38010,1165961,-66533,257450,4788,1851488,-0.0671387,7.0628662,0
5950,1779177379518146427,1,1,50,-19200,1851488,-50970,38859,1160264,-70039,248739,3198,1851488,-0.0732422,7.0628662,0
5951,1779177379523135568,1,1,50,-20592,1851488,-50732,38937,1155280,-73270,242202,1801,1851488,-0.0785522,7.0628662,0
5952,1779177379528123077,1,1,50,-29648,1851488,-50047,39228,1149820,-76817,232583,-7274,1851488,-0.1130981,7.0628662,0
5953,1779177379533117722,1,1,50,-27872,1851488,-49472,39932,1144361,-79883,227840,-5491,1851488,-0.1063232,7.0628662,0
5954,1779177379538110543,1,1,50,-26512,1851488,-48897,40604,1138426,-82614,225302,-4141,1851488,-0.1011353,7.0628662,0
5955,1779177379543162597,1,1,50,-26704,1851488,-48312,41251,1132017,-85201,223348,-4330,1851488,-0.1018677,7.0628662,0
5956,1779177379548166298,1,1,50,-28096,1851488,-47744,41908,1125371,-87682,221862,-5717,1851488,-0.1071777,7.0628662,0
5957,1779177379553138351,1,1,50,-32080,1851488,-47365,41873,1118487,-90252,219281,-9700,1851488,-0.1223755,7.0628662,0
5958,1779177379558161349,1,1,50,-36848,1851488,-46811,42473,1111841,-92980,215140,-14470,1851488,-0.1405640,7.0628662,0
5959,1779177379563122425,1,1,50,-31952,1851488,-46264,43059,1105610,-95128,215644,-9569,1851488,-0.1218872,7.0628662,0
5960,1779177379568108910,1,1,50,-29776,1851488,-45710,43618,1099557,-97039,215231,-7400,1851488,-0.1135864,7.0628662,0
5961,1779177379573236230,1,1,50,-29024,1851488,-44928,44838,1093741,-98837,211447,-6654,1851488,-0.1107178,7.0628662,0
5962,1779177379578113720,1,1,50,-29680,1851488,-44373,45318,1088341,-100413,204461,-7303,1851488,-0.1132202,7.0628662,0
5963,1779177379583116813,1,1,50,-30688,1851488,-43799,45733,1083534,-101860,194498,-8305,1851488,-0.1170654,7.0628662,0
5964,1779177379588120834,1,1,50,-30688,1851488,-43226,46096,1078253,-103010,184448,-8308,1851488,-0.1170654,7.0628662,0
5965,1779177379593288923,1,1,50,-30752,1851488,-42625,46368,1073031,-103904,174854,-8368,1851488,-0.1173096,7.0628662,0
5966,1779177379598124237,1,1,50,-33936,1851488,-42053,46525,1068461,-104692,164955,-11565,1851488,-0.1294556,7.0628662,0
5967,1779177379603566124,1,1,50,-33168,1851488,-41351,46837,1062883,-105282,153951,-10785,1851488,-0.1265259,7.0628662,0
5968,1779177379608129719,1,1,50,-28096,1851488,-40783,46782,1058136,-105167,147025,-5721,1851488,-0.1071777,7.0628662,0
5969,1779177379613110988,1,1,50,-25104,1851488,-40172,46698,1053389,-104673,136631,-2726,1851488,-0.0957642,7.0628662,0
5970,1779177379618172194,1,1,50,-20480,1851488,-39547,46525,1047988,-103626,123962,1904,1851488,-0.0781250,7.0628662,0
5971,1779177379623217400,1,1,50,-24784,1851488,-38645,46543,1042885,-102616,103933,-2407,1851488,-0.0945435,7.0628662,0
5972,1779177379628127723,1,1,50,-29232,1851488,-38013,46050,1037781,-101528,81080,-6860,1851488,-0.1115112,7.0628662,0
5973,1779177379633118592,1,1,50,-30880,1851488,-37373,45429,1031669,-100072,60383,-8500,1851488,-0.1177979,7.0628662,0
5974,1779177379638164630,1,1,50,14336,1851488,-36731,44700,1025676,-98171,44407,-8041,1851488,0.0546875,7.0628662,0
5975,1779177379643116234,1,1,50,16160,1851488,-36091,43866,1019860,-95908,33240,-6223,1851488,0.0616455,7.0628662,0
5976,1779177379648330693,1,1,50,18016,1851488,-35425,42935,1013629,-93223,24728,-4356,1851488,0.0687256,7.0628662,0
5977,1779177379653174774,1,1,50,25792,-1851504,-34400,40532,1007101,-90133,20710,3433,1851488,0.0983887,-7.0629272,0
5978,1779177379658127082,1,1,50,21536,-1851504,-33769,39431,1001286,-87268,11116,-839,-1851504,0.0821533,-7.0629272,0
5979,1779177379663114239,1,1,50,16448,1851488,-33442,39415,995826,-84618,-3055,-5931,-1851504,0.0627441,7.0628662,0
5980,1779177379668179158,1,1,50,-34336,1851488,-32819,38108,990248,-82133,-20975,-11956,1851488,-0.1309814,7.0628662,0
5981,1779177379673210667,1,1,50,-34432,1851488,-31495,35729,984967,-79398,-37037,-12051,1851488,-0.1313477,7.0628662,0
5982,1779177379678121662,1,1,50,-29616,1851488,-30901,34191,979744,-76197,-47806,-7246,1851488,-0.1129761,7.0628662,0
5983,1779177379683284375,1,1,50,-24848,1851488,-29930,31179,974107,-72403,-53549,-2476,1851488,-0.0947876,7.0628662,0
5984,1779177379688606132,1,1,50,-21392,1851488,-29683,30872,968469,-68518,-57648,1002,1851488,-0.0816040,7.0628662,0
5985,1779177379693143870,1,1,50,-19920,1851488,-29112,29181,963188,-64963,-58175,2479,1851488,-0.0759888,7.0628662,0
5986,1779177379698158932,1,1,50,-19200,1851488,-28522,27428,956898,-61104,-57984,3199,1851488,-0.0732422,7.0628662,0
5987,1779177379703138024,1,1,50,-18336,1851488,-27122,24391,950785,-57360,-58765,4062,1851488,-0.0699463,7.0628662,0
5988,1779177379708163678,1,1,50,-17184,1851488,-26556,22530,945029,-53630,-60005,5204,1851488,-0.0655518,7.0628662,0
5989,1779177379713163347,1,1,50,-15056,1851488,-26404,22227,939451,-49895,-60484,7336,1851488,-0.0574341,7.0628662,0
5990,1779177379718112071,1,1,50,-12896,1851488,-25850,20288,933517,-46189,-59468,9493,1851488,-0.0491943,7.0628662,0
5991,1779177379723174046,1,1,50,-10960,1851488,-24300,16920,927464,-42431,-56084,11434,1851488,-0.0418091,7.0628662,0
5992,1779177379728138258,1,1,50,-12576,1851488,-23766,14885,921529,-39058,-52791,9818,1851488,-0.0479736,7.0628662,0
5993,1779177379733254858,1,1,50,-13648,1851488,-23212,12728,914764,-35850,-47864,8746,1851488,-0.0520630,7.0628662,0
5994,1779177379738158781,1,1,50,-13904,1851488,-22625,10398,908474,-33004,-42515,8489,1851488,-0.0530396,7.0628662,0
5995,1779177379743128241,1,1,50,-12304,1851488,-22010,7913,902659,-30222,-36500,10083,1851488,-0.0469360,7.0628662,0
5996,1779177379748179943,1,1,50,-5136,1851488,-22012,7769,896665,-27135,-28450,17251,1851488,-0.0195923,7.0628662,0
5997,1779177379753445219,1,1,50,-2992,1851488,-20407,2817,890493,-24048,-23983,19392,1851488,-0.0114136,7.0628662,0
5998,1779177379758251251,1,1,50,2752,1851488,-19784,-45,884322,-21062,-22497,25137,1851488,0.0104980,7.0628662,0
5999,1779177379763170663,1,1,50,7568,1851488,-19126,-3128,878625,-17837,-20959,29962,1851488,0.0288696,7.0628662,0
6000,1779177379768118202,1,1,50,12048,1851488,-18444,-6381,872750,-14461,-19090,34442,1851488,0.0459595,7.0628662,0
6001,1779177379773140656,1,1,50,15472,1851488,-16711,-11242,866222,-10983,-16300,37864,1851488,0.0590210,7.0628662,0
6002,1779177379778175078,1,1,50,18704,1851488,-16934,-11301,859813,-7479,-11611,41100,1851488,0.0713501,7.0628662,0
6003,1779177379783168251,1,1,50,21792,1851488,-16254,-14884,853523,-4031,-4132,44186,1851488,0.0831299,7.0628662,0
6004,1779177379788128015,1,1,50,23392,1851488,-15579,-18474,847233,-776,5429,45787,1851488,0.0892334,7.0628662,0
6005,1779177379793114852,1,1,50,26960,1851488,-14897,-22124,840824,2428,17859,49354,1851488,0.1028442,7.0628662,0
6006,1779177379798153018,1,1,50,30560,1851488,-15222,-21967,834177,5552,31037,52951,1851488,0.1165771,7.0628662,0
6007,1779177379803191792,1,1,50,29824,1851488,-13542,-27999,827709,8270,40070,52211,1851488,0.1137695,7.0628662,0
6008,1779177379808168581,1,1,50,30128,1851488,-12928,-31646,821300,10706,45816,52514,1851488,0.1149292,7.0628662,0
6009,1779177379813168538,1,1,50,29408,1851488,-12349,-35233,814950,12904,49081,51792,1851488,0.1121826,7.0628662,0
6010,1779177379818213232,1,1,50,27776,1851488,-11552,-41736,808957,14860,51050,50162,1851488,0.1059570,7.0628662,0
6011,1779177379823273126,1,1,50,27776,1851488,-12111,-41459,803141,16699,54695,50162,1851488,0.1059570,7.0628662,0
6012,1779177379828127608,1,1,50,27200,1851488,-11666,-45079,797148,18288,59839,49592,1851488,0.1037598,7.0628662,0
6013,1779177379833163982,1,1,50,23168,1851488,-12248,-44737,791035,19512,67747,45563,1851488,0.0883789,7.0628662,0
6014,1779177379838161379,1,1,50,19168,1851488,-11866,-48324,784508,20279,78267,41558,1851488,0.0731201,7.0628662,0
6015,1779177379843121143,1,1,50,20432,1851488,-11481,-51904,777565,20924,94612,42819,1851488,0.0779419,7.0628662,0
6016,1779177379848168749,1,1,50,29296,1851488,-11090,-55481,770918,21886,119084,51684,1851488,0.1117554,7.0628662,0
6017,1779177379853223492,1,1,50,37408,1851488,-8780,-62758,763619,22965,146130,59807,1851488,0.1427002,7.0628662,0
6018,1779177379858279866,1,1,50,37408,1851488,-8314,-66330,756379,23580,168049,59807,1851488,0.1427002,7.0628662,0
6019,1779177379863762139,1,1,50,56048,1851488,-9199,-65230,748665,25196,200669,78437,1851488,0.2138062,7.0628662,0
6020,1779177379868128673,1,1,50,67008,1851488,-8620,-68815,742849,26615,223185,89401,1851488,0.2556152,7.0628662,0
6021,1779177379873195896,1,1,50,77376,1851488,-8628,-70063,735966,28541,252857,99768,1851488,0.2951660,7.0628662,0
6022,1779177379878176876,1,1,50,79840,1851488,-9434,-68691,729497,30079,275329,102236,1851488,0.3045654,7.0628662,0
6023,1779177379883130464,1,1,50,79840,1851488,-10202,-67241,723029,31224,292705,102236,1851488,0.3045654,7.0628662,0
6024,1779177379888124533,1,1,50,79840,1851488,-9790,-70415,716383,32090,307811,102236,1851488,0.3045654,7.0628662,0
6025,1779177379893152363,1,1,50,79840,1851488,-9368,-73552,710389,32718,321578,102236,1851488,0.3045654,7.0628662,0
6026,1779177379898122176,1,1,50,79840,1851488,-10168,-71894,703980,33133,333710,102236,1851488,0.3045654,7.0628662,0
6027,1779177379903147925,1,1,50,79840,1851488,-8917,-80483,697156,33382,345166,102236,1851488,0.3045654,7.0628662,0
6028,1779177379908117226,1,1,50,79840,1851488,-9784,-78722,689797,33482,354366,102236,1851488,0.3045654,7.0628662,0
6029,1779177379913127295,1,1,50,79840,1851488,-9420,-81795,682379,33476,361756,102236,1851488,0.3045654,7.0628662,0
6030,1779177379918172085,1,1,50,79840,1851488,-9041,-84868,675674,33393,367126,102236,1851488,0.3045654,7.0628662,0
6031,1779177379923173226,1,1,50,79840,1851488,-8847,-87815,668315,33270,370189,102236,1851488,0.3045654,7.0628662,0
6032,1779177379928181440,1,1,50,79840,1851488,-9768,-85952,661372,33139,372022,102236,1851488,0.3045654,7.0628662,0
6033,1779177379933174101,1,1,50,79840,1851488,-9454,-89021,655319,33014,373230,102236,1851488,0.3045654,7.0628662,0
6034,1779177379938130121,1,1,50,79840,1851488,-9090,-92208,649147,32903,374566,102236,1851488,0.3045654,7.0628662,0
6035,1779177379943131422,1,1,50,79840,1851488,-10034,-90320,643510,32802,377407,102236,1851488,0.3045654,7.0628662,0
6036,1779177379948126771,1,1,50,79840,1851488,-10946,-88412,638585,32687,382029,102236,1851488,0.3045654,7.0628662,0
6037,1779177379953523953,1,1,50,79840,1851488,-9465,-96582,634074,32524,391252,102236,1851488,0.3045654,7.0628662,0
6038,1779177379958429508,1,1,50,79840,1851488,-9100,-99817,630929,32279,399765,102236,1851488,0.3045654,7.0628662,0
6039,1779177379963136338,1,1,50,79840,1851488,-10046,-97884,627072,31969,410718,102236,1851488,0.3045654,7.0628662,0
6040,1779177379967987844,1,1,50,79840,1851488,-9644,-101152,623096,31546,425868,102236,1851488,0.3045654,7.0628662,0
6041,1779177379973177342,1,1,50,79840,1851488,-10692,-98837,619239,30937,446125,102236,1851488,0.3045654,7.0628662,0
6042,1779177379978126097,1,1,50,79840,1851488,-11659,-96533,614254,30159,465576,102236,1851488,0.3045654,7.0628662,0
6043,1779177379983167720,1,1,50,79840,1851488,-11296,-99565,609329,29192,485307,102236,1851488,0.3045654,7.0628662,0
6044,1779177379988117211,1,1,50,79840,1851488,-12263,-97076,604403,28081,502849,102236,1851488,0.3045654,7.0628662,0
6045,1779177379993116945,1,1,50,79840,1851488,-11883,-100009,598647,26840,517677,102236,1851488,0.3045654,7.0628662,0
6046,1779177379998132614,1,1,50,79840,1851488,-11736,-105349,594374,25514,529200,102236,1851488,0.3045654,7.0628662,0
6047,1779177380003155772,1,1,50,79840,1851488,-11384,-108267,589390,24159,537549,102236,1851488,0.3045654,7.0628662,0
6048,1779177380008149680,1,1,50,79840,1851488,-12439,-105551,585532,22819,543882,102236,1851488,0.3045654,7.0628662,0
6049,1779177380013122661,1,1,50,79840,1851488,-12059,-108487,580310,21527,549464,102236,1851488,0.3045654,7.0628662,0
6050,1779177380018125562,1,1,50,79840,1851488,-13110,-105708,575563,20276,555369,102236,1851488,0.3045654,7.0628662,0
6051,1779177380023175888,1,1,50,79840,1851488,-11894,-107007,571053,19056,561899,102236,1851488,0.3045654,7.0628662,0
6052,1779177380028126115,1,1,50,79840,1851488,-11517,-109819,567908,17883,568868,102236,1851488,0.3045654,7.0628662,0
6053,1779177380033156633,1,1,50,79840,1851488,-12584,-106919,566009,16698,576560,102236,1851488,0.3045654,7.0628662,0
6054,1779177380038118509,1,1,50,79840,1851488,-12184,-109741,565415,15520,584727,102236,1851488,0.3045654,7.0628662,0
6055,1779177380043152194,1,1,50,79840,1851488,-13261,-106754,565475,14304,593252,102236,1851488,0.3045654,7.0628662,0
6056,1779177380048113526,1,1,50,79840,1851488,-14296,-103772,564703,13089,601125,102236,1851488,0.3045654,7.0628662,0
6057,1779177380053169901,1,1,50,79840,1851488,-11409,-111240,563576,11847,607523,102236,1851488,0.3045654,7.0628662,0
6058,1779177380058125824,1,1,50,79840,1851488,-12492,-108208,561973,10648,611761,102236,1851488,0.3045654,7.0628662,0
6059,1779177380063154358,1,1,50,79840,1851488,-12132,-110784,559540,9483,614008,102236,1851488,0.3045654,7.0628662,0
6060,1779177380067912197,1,1,50,79840,1851488,-13166,-107861,555683,8462,614374,102236,1851488,0.3045654,7.0628662,0
6061,1779177380073124959,1,1,50,79840,1851488,-12829,-110305,550639,7458,613231,102236,1851488,0.3045654,7.0628662,0
6062,1779177380078129012,1,1,50,79840,1851488,-13897,-107247,544527,6633,611068,102236,1851488,0.3045654,7.0628662,0
6063,1779177380083238027,1,1,50,79840,1851488,-14947,-104138,537524,5941,608474,102236,1851488,0.3045654,7.0628662,0
6064,1779177380088170590,1,1,50,79840,1851488,-15925,-101146,532896,5391,606497,102236,1851488,0.3045654,7.0628662,0
6065,1779177380093162387,1,1,50,79840,1851488,-15564,-103678,529394,4929,605403,102236,1851488,0.3045654,7.0628662,0
6066,1779177380098128199,1,1,50,79840,1851488,-16541,-100671,528801,4518,605503,102236,1851488,0.3045654,7.0628662,0
6067,1779177380103196990,1,1,50,79840,1851488,-13861,-109774,530403,4112,606706,102236,1851488,0.3045654,7.0628662,0
6068,1779177380108176658,1,1,50,79840,1851488,-14911,-106744,533726,3695,608644,102236,1851488,0.3045654,7.0628662,0
6069,1779177380113146150,1,1,50,79840,1851488,-14580,-109149,538652,3237,610739,102236,1851488,0.3045654,7.0628662,0
6070,1779177380118152507,1,1,50,79840,1851488,-15652,-106084,543162,2739,612377,102236,1851488,0.3045654,7.0628662,0
6071,1779177380123125903,1,1,50,79840,1851488,-15347,-108358,543459,2256,612857,102236,1851488,0.3045654,7.0628662,0
6072,1779177380128112644,1,1,50,79840,1851488,-16392,-105309,533133,1901,611386,102236,1851488,0.3045654,7.0628662,0
6073,1779177380133126169,1,1,50,79840,1851488,-17394,-102256,522036,1696,608978,102236,1851488,0.3045654,7.0628662,0
6074,1779177380138158511,1,1,50,79840,1851488,-17059,-104474,514381,1609,606655,102236,1851488,0.3045654,7.0628662,0
6075,1779177380143175012,1,1,50,79840,1851488,-18027,-101442,507675,1619,604554,102236,1851488,0.3045654,7.0628662,0
6076,1779177380148166489,1,1,50,79840,1851488,-18960,-98430,506904,1660,603268,102236,1851488,0.3045654,7.0628662,0
6077,1779177380153136877,1,1,50,79840,1851488,-15863,-109450,509811,1683,602140,102236,1851488,0.3045654,7.0628662,0
6078,1779177380158166434,1,1,50,79840,1851488,-16892,-106433,515033,1667,599767,102236,1851488,0.3045654,7.0628662,0
6079,1779177380163172087,1,1,50,79840,1851488,-16574,-108669,517882,1650,594773,102236,1851488,0.3045654,7.0628662,0
6080,1779177380168128619,1,1,50,79840,1851488,-16191,-110992,514855,1719,587003,102236,1851488,0.3045654,7.0628662,0
6081,1779177380173640364,1,1,50,79840,1851488,-17321,-107804,510049,1936,578274,102236,1851488,0.3045654,7.0628662,0
6082,1779177380178172022,1,1,50,79840,1851488,-19515,-99983,507082,2212,571356,102236,1851488,0.3045654,7.0628662,0
6083,1779177380183277133,1,1,50,79840,1851488,-19205,-102319,506547,2585,567354,102236,1851488,0.3045654,7.0628662,0
6084,1779177380188241409,1,1,50,79840,1851488,-20137,-99503,507616,2955,567262,102236,1851488,0.3045654,7.0628662,0
6085,1779177380193191061,1,1,50,79840,1851488,-19774,-101899,506488,3308,570531,102236,1851488,0.3045654,7.0628662,0
6086,1779177380198135144,1,1,50,79840,1851488,-20689,-99053,504233,3621,575691,102236,1851488,0.3045654,7.0628662,0
6087,1779177380203293825,1,1,50,79840,1851488,-18760,-103264,501622,3889,580039,102236,1851488,0.3045654,7.0628662,0
6088,1779177380208124914,1,1,50,79840,1851488,-19654,-100455,498536,4102,581505,102236,1851488,0.3045654,7.0628662,0
6089,1779177380213161959,1,1,50,79840,1851488,-20556,-97531,496400,4312,580627,102236,1851488,0.3045654,7.0628662,0
6090,1779177380218157660,1,1,50,79840,1851488,-20132,-99982,494679,4529,579570,102236,1851488,0.3045654,7.0628662,0
6091,1779177380223167345,1,1,50,79840,1851488,-21016,-97080,492958,4758,579281,102236,1851488,0.3045654,7.0628662,0
6092,1779177380228120357,1,1,50,79840,1851488,-20541,-99599,491593,4981,578891,102236,1851488,0.3045654,7.0628662,0
6093,1779177380233163515,1,1,50,79840,1851488,-21420,-96690,489813,5212,576818,102236,1851488,0.3045654,7.0628662,0
6094,1779177380238126223,1,1,50,79840,1851488,-22254,-93848,487261,5466,572542,102236,1851488,0.3045654,7.0628662,0
6095,1779177380243164229,1,1,50,79840,1851488,-21771,-96401,486074,5760,567004,102236,1851488,0.3045654,7.0628662,0
6096,1779177380248125913,1,1,50,79840,1851488,-22597,-93612,486015,6087,562079,102236,1851488,0.3045654,7.0628662,0
6097,1779177380253181103,1,1,50,79840,1851488,-19191,-96532,485362,6453,558937,102236,1851488,0.3045654,7.0628662,0
6098,1779177380258213764,1,1,50,79840,1851488,-20024,-93723,484709,6829,558146,102236,1851488,0.3045654,7.0628662,0
6099,1779177380263136727,1,1,50,79840,1851488,-19398,-96546,484413,7179,559523,102236,1851488,0.3045654,7.0628662,0
6100,1779177380268143596,1,1,50,79840,1851488,-20221,-93731,483167,7504,562239,102236,1851488,0.3045654,7.0628662,0
6101,1779177380273252964,1,1,50,79840,1851488,-21035,-90839,482810,7784,565904,102236,1851488,0.3045654,7.0628662,0
6102,1779177380278252537,1,1,50,79840,1851488,-21805,-87988,482929,7997,570248,102236,1851488,0.3045654,7.0628662,0
6103,1779177380283277326,1,1,50,79840,1851488,-21205,-90704,482217,8154,574352,102236,1851488,0.3045654,7.0628662,0
6104,1779177380288163616,1,1,50,79840,1851488,-21953,-87882,481742,8256,577634,102236,1851488,0.3045654,7.0628662,0
6105,1779177380293164341,1,1,50,79840,-1851504,-21304,-90661,481861,8317,579423,102236,1851488,0.3045654,-7.0629272,0
6106,1779177380298168682,1,1,50,79840,-1851504,-22067,-87761,480615,8364,579423,102236,-1851504,0.3045654,-7.0629272,0
6107,1779177380303171583,1,1,50,102224,-1851504,-19226,-90810,480674,8408,577982,102236,-1851504,0.3899536,-7.0629272,0
6108,1779177380308175924,1,1,50,102224,-1851504,-19993,-87931,481861,8454,575393,102236,-1851504,0.3899536,-7.0629272,0
6109,1779177380313195145,1,1,50,102224,-1695264,-20737,-85061,482632,8517,571690,102236,-1851504,0.3899536,-6.4669189,0
6110,1779177380318189118,1,1,50,102224,1851488,-20092,-87873,483226,8611,567382,102236,-1695264,0.3899536,7.0628662,0
6111,1779177380323150610,1,1,50,102224,1851488,-20830,-85077,484591,8731,563560,102236,1851488,0.3899536,7.0628662,0
6112,1779177380328148071,1,1,50,102224,1851488,-20145,-87995,485184,8879,560917,102236,1851488,0.3899536,7.0628662,0
6113,1779177380333121019,1,1,50,102224,-1851504,-20887,-85210,486134,9035,559978,102236,1851488,0.3899536,-7.0629272,0
6114,1779177380338165105,1,1,50,102224,1851488,-20198,-88060,486727,9188,560740,102236,-1851504,0.3899536,7.0628662,0
6115,1779177380343173190,1,1,50,102224,-1851504,-20945,-85240,486608,9320,563089,102236,1851488,0.3899536,-7.0629272,0
6116,1779177380348172379,1,1,50,102224,-1851504,-21666,-82407,487380,9411,566665,102236,-1851504,0.3899536,-7.0629272,0
6117,1779177380353199856,1,1,50,102224,1851488,-18540,-82818,487321,9459,570487,102236,-1851504,0.3899536,7.0628662,0
6118,1779177380358166564,1,1,50,102224,-1851504,-19233,-79969,486371,9468,573763,102236,1851488,0.3899536,-7.0629272,0
6119,1779177380363173753,1,1,50,102224,502048,-18536,-82732,486430,9442,576206,102236,-1851504,0.3899536,1.9151611,0
6120,1779177380368159502,1,1,50,102224,1851488,-19231,-79852,486312,9393,577714,102236,502048,0.3899536,7.0628662,0
6121,1779177380373166659,1,1,50,102224,-1851504,-18512,-82597,485956,9334,578289,102236,1851488,0.3899536,-7.0629272,0
6122,1779177380378170776,1,1,50,102224,1851488,-17762,-85285,486490,9269,578198,102236,-1851504,0.3899536,7.0628662,0
6123,1779177380383250190,1,1,50,102224,-1851504,-18495,-82353,486549,9209,577200,102236,1851488,0.3899536,-7.0629272,0
6124,1779177380388264547,1,1,50,102224,1851488,-19192,-79468,486430,9166,575225,102236,-1851504,0.3899536,7.0628662,0
6125,1779177380393196823,1,1,50,102224,-1851504,-18439,-82216,487795,9136,572857,102236,1851488,0.3899536,-7.0629272,0
6126,1779177380398189099,1,1,50,102224,1851488,-19137,-79367,489041,9124,570777,102236,-1851504,0.3899536,7.0628662,0
6127,1779177380403206017,1,1,50,102224,1851488,-17458,-75170,490110,9127,569770,102236,1851488,0.3899536,7.0628662,0
6128,1779177380408187125,1,1,50,102224,-1851504,-16776,-77875,491831,9127,570306,102236,1851488,0.3899536,-7.0629272,0
6129,1779177380413190890,1,1,50,102224,1851488,-17442,-75012,492839,9112,572088,102236,-1851504,0.3899536,7.0628662,0
6130,1779177380418167614,1,1,50,102224,1851488,-16757,-77639,493967,9071,574810,102236,1851488,0.3899536,7.0628662,0
6131,1779177380423181939,1,1,50,102224,-1851504,-17425,-74740,495035,8995,578189,102236,1851488,0.3899536,-7.0629272,0
6132,1779177380428181960,1,1,50,102224,-1851504,-16730,-77299,495450,8885,582187,102236,-1851504,0.3899536,-7.0629272,0
6133,1779177380433190941,1,1,50,102224,-1851504,-17397,-74361,495925,8736,586621,102236,-1851504,0.3899536,-7.0629272,0
6134,1779177380438179858,1,1,50,102224,-1851504,-16688,-76858,495569,8553,590873,102236,-1851504,0.3899536,-7.0629272,0
6135,1779177380443290089,1,1,50,102224,1851488,-17363,-73822,494026,8346,594160,102236,-1851504,0.3899536,7.0628662,0
6136,1779177380448320255,1,1,50,102224,1851488,-16652,-76206,493373,8128,596428,102236,1851488,0.3899536,7.0628662,0
6137,1779177380453180721,1,1,50,102224,1851488,-14883,-73061,493136,7911,597397,102236,1851488,0.3899536,7.0628662,0
6138,1779177380458189862,1,1,50,102224,1851488,-14168,-75449,492839,7664,596271,101762,1851488,0.3899536,7.0628662,0
6139,1779177380463163578,1,1,50,102224,1851488,-14816,-72494,493611,7429,593990,101543,1851488,0.3899536,7.0628662,0
6140,1779177380468173711,1,1,50,102224,1851488,-15444,-69535,494264,7195,590709,101052,1851488,0.3899536,7.0628662,0
6141,1779177380473190084,1,1,50,102224,1851488,-14743,-71941,495094,6954,586965,100234,1851488,0.3899536,7.0628662,0
6142,1779177380478147896,1,1,50,102224,1851488,-14003,-74372,497468,6731,584160,99898,1851488,0.3899536,7.0628662,0
6143,1779177380483196846,1,1,50,102224,1851488,-14663,-71429,499248,6549,582889,100096,1851488,0.3899536,7.0628662,0
6144,1779177380488186531,1,1,50,102224,1851488,-15292,-68517,501385,6372,583522,100011,1851488,0.3899536,7.0628662,0
6145,1779177380493182775,1,1,50,102224,1851488,-14581,-70881,504114,6140,585900,99450,1851488,0.3899536,7.0628662,0
6146,1779177380498179788,1,1,50,102224,1851488,-15214,-67934,506013,5857,589770,99053,1851488,0.3899536,7.0628662,0
6147,1779177380503209538,1,1,50,102224,1851488,-12570,-69234,507853,5476,594166,98186,1851488,0.3899536,7.0628662,0
6148,1779177380508184502,1,1,50,102224,1851488,-13194,-66256,509040,4972,598503,96739,1851488,0.3899536,7.0628662,0
6149,1779177380513181387,1,1,50,102224,1851488,-12462,-68539,509574,4320,602278,94759,1851488,0.3899536,7.0628662,0
6150,1779177380518195776,1,1,50,102224,1851488,-13091,-65503,509752,3567,605529,93225,1851488,0.3899536,7.0628662,0
6151,1779177380523190453,1,1,50,102224,1851488,-12345,-67768,508802,2741,607456,91672,1851488,0.3899536,7.0628662,0
6152,1779177380528187113,1,1,50,102224,1851488,-12971,-64730,508387,1901,607936,90826,1851488,0.3899536,7.0628662,0
6153,1779177380533160126,1,1,50,102224,1851488,-12209,-67024,508446,1070,606555,90070,1851488,0.3899536,7.0628662,0
6154,1779177380538193075,1,1,50,102224,1851488,-12840,-63987,507912,311,603502,90079,1851488,0.3899536,7.0628662,0
6155,1779177380543151559,1,1,50,102224,1851488,-13437,-61014,508387,-357,599582,90016,1851488,0.3899536,7.0628662,0
6156,1779177380548185949,1,1,50,102224,1851488,-12687,-63369,509574,-977,595257,89697,1851488,0.3899536,7.0628662,0
6157,1779177380553185810,1,1,50,102224,1851488,-11287,-58894,510345,-1494,592174,89898,1851488,0.3899536,7.0628662,0
6158,1779177380558173926,1,1,50,102224,1851488,-10492,-61321,511829,-2020,590184,88897,1851488,0.3899536,7.0628662,0
6159,1779177380563174043,1,1,50,102224,1851488,-11085,-58370,513372,-2544,590111,88267,1851488,0.3899536,7.0628662,0
6160,1779177380568178832,1,1,50,102224,1851488,-10278,-60812,514796,-3101,591800,87403,1851488,0.3899536,7.0628662,0
6161,1779177380573171589,1,1,50,102224,1851488,-10875,-57838,516398,-3654,595677,87376,1851488,0.3899536,7.0628662,0
6162,1779177380578190810,1,1,50,102224,1851488,-10048,-60284,517348,-4236,600964,87201,1851488,0.3899536,7.0628662,0
6163,1779177380583175950,1,1,50,102224,1851488,-10646,-57255,518416,-4807,607667,87747,1851488,0.3899536,7.0628662,0
6164,1779177380588242949,1,1,50,102224,1851488,-9791,-59712,518653,-5418,613691,87858,1851488,0.3899536,7.0628662,0
6165,1779177380593176088,1,1,50,102224,1851488,-10383,-56662,517941,-6005,618350,88225,1851488,0.3899536,7.0628662,0
6166,1779177380598167949,1,1,50,102224,1851488,-10955,-53568,518119,-6632,619714,87922,1851488,0.3899536,7.0628662,0
6167,1779177380603198498,1,1,50,102224,1851488,-7690,-55791,518179,-7304,616808,86892,1851488,0.3899536,7.0628662,0
6168,1779177380608358043,1,1,50,102224,1851488,-8278,-52647,517526,-7972,609301,85877,1851488,0.3899536,7.0628662,0
6169,1779177380613188620,1,1,50,102224,1851488,-7350,-55366,517882,-8545,599112,84773,1851488,0.3899536,7.0628662,0
6170,1779177380618202497,1,1,50,102224,1851488,-7924,-52424,517823,-8959,586830,85138,1851488,0.3899536,7.0628662,0
6171,1779177380623175285,1,1,50,102224,-1851504,-6984,-55255,518238,-9152,574645,85984,1851488,0.3899536,-7.0629272,0
6172,1779177380628167178,1,1,50,102224,-1851504,-7557,-52438,519543,-9071,564380,88092,-1851504,0.3899536,-7.0629272,0
6173,1779177380633169631,1,1,50,102224,-1851504,-8104,-49654,520315,-8757,556461,90094,-1851504,0.3899536,-7.0629272,0
6174,1779177380638192916,1,1,50,102224,-1851504,-7183,-52608,521917,-8314,550908,91250,-1851504,0.3899536,-7.0629272,0
6175,1779177380643152712,1,1,50,102224,-1851504,-7725,-49889,523460,-7774,548226,92600,-1851504,0.3899536,-7.0629272,0
6176,1779177380648177949,1,1,50,102224,-1851504,-6813,-52795,524410,-7200,547615,93271,-1851504,0.3899536,-7.0629272,0
6177,1779177380653188819,1,1,50,102224,-1851504,-5039,-52023,526724,-6616,549221,94297,-1851504,0.3899536,-7.0629272,0
6178,1779177380658203400,1,1,50,102224,-1851504,-4104,-54948,528445,-6078,552169,94775,-1851504,0.3899536,-7.0629272,0
6179,1779177380663170940,1,1,50,102224,-1851504,-4665,-52184,529572,-5573,556388,95583,-1851504,0.3899536,-7.0629272,0
6180,1779177380668186801,1,1,50,102224,-1851504,-3727,-55057,530403,-5138,560986,95820,-1851504,0.3899536,-7.0629272,0
6181,1779177380673170982,1,1,50,102224,-1851504,-4288,-52239,530819,-4757,565513,96368,-1851504,0.3899536,-7.0629272,0
6182,1779177380678177435,1,1,50,102224,-1851504,-4824,-49391,532302,-4469,568845,96346,-1851504,0.3899536,-7.0629272,0
6183,1779177380683184720,1,1,50,102224,-1851504,-3921,-52172,532896,-4300,569853,95494,-1851504,0.3899536,-7.0629272,0
6184,1779177380688174692,1,1,50,102224,-1851504,-4454,-49331,533489,-4188,569223,95083,-1851504,0.3899536,-7.0629272,0
6185,1779177380693175481,1,1,50,102224,-1851504,-3562,-52082,534913,-4128,567424,94504,-1851504,0.3899536,-7.0629272,0
6186,1779177380698215887,1,1,50,102224,-1851504,-4100,-49232,535566,-4039,565452,94792,-1851504,0.3899536,-7.0629272,0
6187,1779177380703293638,1,1,50,102224,-1851504,-3672,-47624,536990,-3939,563743,94916,-1851504,0.3899536,-7.0629272,0
6188,1779177380708166327,1,1,50,102224,-1851504,-2812,-50438,538652,-3872,562728,94515,-1851504,0.3899536,-7.0629272,0
6189,1779177380713169708,1,1,50,72400,-1851504,-1940,-53161,540432,-3796,563569,94788,-1851504,0.2761841,-7.0629272,0
6190,1779177380718205250,1,1,50,73632,-1851504,-2494,-50306,542450,-3673,566970,96028,-1851504,0.2808838,-7.0629272,0
6191,1779177380723217719,1,1,50,74704,-1851504,-1644,-52904,543874,-3542,572163,97091,-1851504,0.2849731,-7.0629272,0
6192,1779177380728204588,1,1,50,102224,-1851504,-2192,-50018,546307,-3432,578622,98220,-1851504,0.3899536,-7.0629272,0
6193,1779177380733188992,1,1,50,76384,-1851504,-1359,-52493,548206,-3387,585019,98770,-1851504,0.2913818,-7.0629272,0
6194,1779177380738207797,1,1,50,76224,-1851504,-1910,-49531,549571,-3444,590310,98611,-1851504,0.2907715,-7.0629272,0
6195,1779177380743170217,1,1,50,75024,-1851504,-1078,-51969,551410,-3655,593719,97422,-1851504,0.2861938,-7.0629272,0
6196,1779177380748173470,1,1,50,74192,-1851504,-1627,-48988,553072,-3965,595712,96587,-1851504,0.2830200,-7.0629272,0
6197,1779177380753306134,1,1,50,73120,-1851504,661,-52278,555505,-4386,596230,95508,-1851504,0.2789307,-7.0629272,0
6198,1779177380758207241,1,1,50,72752,-1851504,1497,-54599,557997,-4815,595765,95151,-1851504,0.2775269,-7.0629272,0
6199,1779177380763170845,1,1,50,73488,-1851504,911,-51645,560965,-5200,595125,95874,-1851504,0.2803345,-7.0629272,0
6200,1779177380768187026,1,1,50,73888,-1851504,1712,-53850,563220,-5555,594222,96278,-1851504,0.2818604,-7.0629272,0
6201,1779177380773180647,1,1,50,74512,-1851504,1124,-50884,565000,-5852,593780,96896,-1851504,0.2842407,-7.0629272,0
6202,1779177380778201436,1,1,50,74384,-1851504,558,-47902,568738,-6176,594110,96775,-1851504,0.2837524,-7.0629272,0
6203,1779177380783176816,1,1,50,73184,-1851504,1319,-50087,572062,-6593,595073,95571,-1851504,0.2791748,-7.0629272,0
6204,1779177380788169669,1,1,50,72272,-1851504,754,-47104,575622,-7096,597546,94658,-1851504,0.2756958,-7.0629272,0
6205,1779177380793168794,1,1,50,71072,-1851504,1482,-49171,578945,-7712,600994,93467,-1851504,0.2711182,-7.0629272,0
6206,1779177380798427189,1,1,50,70400,-1851504,2167,-50951,581972,-8445,604829,92787,-1851504,0.2685547,-7.0629272,0
6207,1779177380803190404,1,1,50,70416,-1851504,2512,-50067,583871,-9129,608360,92814,-1851504,0.2686157,-7.0629272,0
6208,1779177380808168088,1,1,50,70480,-1851504,3229,-51912,586066,-9865,611305,92876,-1851504,0.2688599,-7.0629272,0
6209,1779177380813184462,1,1,50,70656,-1851504,2613,-48835,587669,-10604,613425,93049,-1851504,0.2695312,-7.0629272,0
6210,1779177380818342534,1,1,50,70032,-1851504,3273,-50449,588025,-11389,613710,92427,-1851504,0.2671509,-7.0629272,0
6211,1779177380823211576,1,1,50,69392,-1851504,2682,-47467,589271,-12143,612364,91778,-1851504,0.2647095,-7.0629272,0
6212,1779177380828179052,1,1,50,68208,-1851504,2107,-44440,590398,-12938,609462,90599,-1851504,0.2601929,-7.0629272,0
6213,1779177380833169473,1,1,50,66368,1851488,2734,-46106,592535,-13797,605431,88765,-1851504,0.2531738,7.0628662,0
6214,1779177380838201270,1,1,50,64992,1851488,3341,-47651,594730,-14677,601522,87389,1851488,0.2479248,7.0628662,0
6215,1779177380843172202,1,1,50,64576,1851488,2744,-44673,597341,-15503,599081,86960,1851488,0.2463379,7.0628662,0
6216,1779177380848274370,1,1,50,102224,1851488,3314,-46113,599953,-16332,598322,86468,1851488,0.3899536,7.0628662,0
6217,1779177380853200021,1,1,50,102224,1851488,3897,-45391,603513,-17122,600119,86360,1851488,0.3899536,7.0628662,0
6218,1779177380858209354,1,1,50,102224,1851488,4460,-46751,607845,-17965,604223,86173,1851488,0.3899536,7.0628662,0
6219,1779177380863195006,1,1,50,102224,1851488,3843,-43709,611643,-18862,610108,86022,1851488,0.3899536,7.0628662,0
6220,1779177380868344471,1,1,50,62768,-1851504,4347,-44803,615560,-19918,616341,85162,1851488,0.2394409,-7.0629272,0
6221,1779177380873215080,1,1,50,61728,-1851504,4451,-41529,619120,-21043,622049,84125,-1851504,0.2354736,-7.0629272,0
6222,1779177380878205117,1,1,50,60352,-1851504,3869,-38406,622503,-22338,625798,82737,-1851504,0.2302246,-7.0629272,0
6223,1779177380883256883,1,1,50,58336,-1851504,3307,-35241,625826,-23797,626539,80728,-1851504,0.2225342,-7.0629272,0
6224,1779177380888184198,1,1,50,55920,-1851504,3766,-36253,629446,-25350,624035,78307,-1851504,0.2133179,-7.0629272,0
6225,1779177380893174587,1,1,50,54064,-1851504,3215,-33166,632947,-26967,618627,76461,-1851504,0.2062378,-7.0629272,0
6226,1779177380898198448,1,1,50,52912,1851488,4629,-38007,637991,-28573,611282,75304,-1851504,0.2018433,7.0628662,0
6227,1779177380903603247,1,1,50,53136,1851488,3880,-33831,642798,-30164,603488,75528,1851488,0.2026978,7.0628662,0
6228,1779177380908269148,1,1,50,97888,1851488,5358,-38607,647189,-31358,598506,75528,1851488,0.3734131,7.0628662,0
6229,1779177380913333202,1,1,50,98848,1851488,4728,-35590,652352,-32587,595718,76495,1851488,0.3770752,7.0628662,0
6230,1779177380918203812,1,1,50,99344,1851488,4150,-32683,657396,-33678,596927,76990,1851488,0.3789673,7.0628662,0
6231,1779177380923204185,1,1,50,100112,1851488,4524,-33341,662856,-34775,600951,77756,1851488,0.3818970,7.0628662,0
6232,1779177380928183341,1,1,50,100368,1851488,3943,-30325,667662,-35910,605602,78014,1851488,0.3828735,7.0628662,0
6233,1779177380933198370,1,1,50,99584,1851488,4282,-30836,672706,-37175,608187,77227,1851488,0.3798828,7.0628662,0
6234,1779177380938208663,1,1,50,98976,1851488,4611,-31278,678166,-38521,607529,76614,1851488,0.3775635,7.0628662,0
6235,1779177380943202700,1,1,50,92640,1851488,4026,-28264,683803,-39854,603584,76693,1851488,0.3533936,7.0628662,0
6236,1779177380948225217,1,1,50,95408,1851488,4325,-28672,689797,-41155,596535,76616,1851488,0.3639526,7.0628662,0
6237,1779177380955531404,1,1,50,98512,1851488,3563,-28122,695969,-42969,587997,76153,1851488,0.3757935,7.0628662,0
6238,1779177380958270252,1,1,50,98544,1851488,3244,-26546,701547,-43573,575254,76189,1851488,0.3759155,7.0628662,0
6239,1779177380963258785,1,1,50,81072,1851488,3521,-26975,706888,-44492,565669,76730,1851488,0.3092651,7.0628662,0
6240,1779177380968189716,1,1,50,90560,1851488,3792,-27388,711635,-45278,558600,76778,1851488,0.3454590,7.0628662,0
6241,1779177380973214505,1,1,50,74048,1851488,2198,-24767,716976,-45907,556217,78308,1851488,0.2824707,7.0628662,0
6242,1779177380978208030,1,1,50,90016,1851488,2442,-25098,722910,-46473,557472,79387,1851488,0.3433838,7.0628662,0
6243,1779177380983186898,1,1,50,60464,1851488,1881,-22310,728785,-47123,560006,79102,1851488,0.2306519,7.0628662,0
6244,1779177380988210568,1,1,50,78560,1851488,2101,-22531,735372,-47948,561554,77933,1851488,0.2996826,7.0628662,0
6245,1779177380993195388,1,1,50,75584,1851488,2309,-22688,741603,-48958,559921,75973,1851488,0.2883301,7.0628662,0
6246,1779177380998202481,1,1,50,95968,1851488,2508,-22810,747893,-50135,554805,73610,1851488,0.3660889,7.0628662,0
6247,1779177381003199526,1,1,50,75616,1851488,1221,-20963,754124,-51401,547145,71393,1851488,0.2884521,7.0628662,0
6248,1779177381008187578,1,1,50,92752,1851488,1385,-21094,760118,-52631,539400,70391,1851488,0.3538208,7.0628662,0
6249,1779177381013180687,1,1,50,91888,1851488,1534,-21176,765340,-53809,533154,69530,1851488,0.3505249,7.0628662,0
6250,1779177381018294150,1,1,50,91888,1851488,957,-18464,770265,-54924,530246,69530,1851488,0.3505249,7.0628662,0
6251,1779177381023198360,1,1,50,90064,1851488,620,-19109,775488,-56080,529429,67708,1851488,0.3435669,7.0628662,0
6252,1779177381028225934,1,1,50,87568,1851488,727,-19059,781125,-57435,530751,65211,1851488,0.3340454,7.0628662,0
6253,1779177381033183745,1,1,50,84688,1851488,828,-18968,786585,-58985,532816,62325,1851488,0.3230591,7.0628662,0
6254,1779177381038233463,1,1,50,81744,1851488,253,-16271,792519,-60796,534027,59388,1851488,0.3118286,7.0628662,0
6255,1779177381043183594,1,1,50,78976,1851488,334,-16124,798750,-62769,532355,56618,1851488,0.3012695,7.0628662,0
6256,1779177381048208896,1,1,50,76432,1851488,390,-15892,804506,-64897,527170,54077,1851488,0.2915649,7.0628662,0
6257,1779177381053201108,1,1,50,74128,1851488,700,-17505,810262,-67058,519564,51775,1851488,0.2827759,7.0628662,0
6258,1779177381058230249,1,1,50,72720,1851488,99,-14928,815841,-69178,512296,50366,1851488,0.2774048,7.0628662,0
6259,1779177381063207453,1,1,50,71472,1851488,129,-14679,821122,-71214,507309,49119,1851488,0.2726440,7.0628662,0
6260,1779177381069197289,1,1,50,69888,1851488,27,-13887,827650,-73683,504981,47527,1851488,0.2666016,7.0628662,0
6261,1779177381072928576,1,1,50,67680,1851488,-897,-12071,832931,-75163,508010,45319,1851488,0.2581787,7.0628662,0
6262,1779177381079330837,1,1,50,64608,1851488,-1077,-10911,841476,-78270,508433,42254,1851488,0.2464600,7.0628662,0
6263,1779177381083036012,1,1,50,61104,1851488,-1492,-9009,847114,-80028,513109,38739,1851488,0.2330933,7.0628662,0
6264,1779177381088214692,1,1,50,58048,1851488,-2052,-6365,854413,-83039,510685,35691,1851488,0.2214355,7.0628662,0
6265,1779177381093203225,1,1,50,55696,1851488,-2103,-5838,861356,-86017,507052,33328,1851488,0.2124634,7.0628662,0
6266,1779177381098213517,1,1,50,53664,1851488,-1688,-7162,867172,-89030,501596,31307,1851488,0.2047119,7.0628662,0
6267,1779177381103225250,1,1,50,51568,1851488,-1733,-8573,872335,-92031,494859,29201,1851488,0.1967163,7.0628662,0
6268,1779177381108341402,1,1,50,50464,1851488,-2344,-6076,876370,-94974,488123,28097,1851488,0.1925049,7.0628662,0
6269,1779177381113193547,1,1,50,49472,1851488,-2463,-5471,880049,-97644,483051,27104,1851488,0.1887207,7.0628662,0
6270,1779177381118337507,1,1,50,47968,1851488,-2633,-4669,884678,-100432,478603,25610,1851488,0.1829834,7.0628662,0
6271,1779177381123308631,1,1,50,45904,-1439456,-2877,-5210,889188,-102994,477275,23542,1851488,0.1751099,-5.4910889,0
6272,1779177381127849056,1,1,50,44176,1851488,-3420,-3048,892926,-105387,476147,21816,-1439456,0.1685181,7.0628662,0
6273,1779177381133183325,1,1,50,42544,1851488,-3666,-2037,896546,-108360,468757,20187,1851488,0.1622925,7.0628662,0
6274,1779177381138207474,1,1,50,40816,1851488,-3886,-1155,900107,-111069,459108,18463,1851488,0.1557007,7.0628662,0
6275,1779177381143180134,1,1,50,38912,1851488,-4115,-282,903074,-113632,445568,16552,1851488,0.1484375,7.0628662,0
6276,1779177381148184059,1,1,50,36976,1851488,-4366,623,906575,-116038,429972,14623,1851488,0.1410522,7.0628662,0
6277,1779177381153201328,1,1,50,35136,1851488,-4508,912,910848,-118248,414642,12780,1851488,0.1340332,7.0628662,0
6278,1779177381158209156,1,1,50,33712,1851488,-5077,2919,915417,-120238,400802,11357,1851488,0.1286011,7.0628662,0
6279,1779177381163188792,1,1,50,32592,1851488,-5352,3772,920936,-122029,388411,10232,1851488,0.1243286,7.0628662,0
6280,1779177381168178477,1,1,50,31264,1851488,-5640,4655,926930,-123688,376634,8902,1851488,0.1192627,7.0628662,0
6281,1779177381173190722,1,1,50,29632,1851488,-5668,6585,932152,-125243,364776,7271,1851488,0.1130371,7.0628662,0
6282,1779177381178193430,1,1,50,27200,-1851504,-5962,7535,937255,-126735,351962,4847,1851488,0.1037598,-7.0629272,0
6283,1779177381183187307,1,1,50,24752,-1851504,-6268,8513,942240,-128149,338073,2391,-1851504,0.0944214,-7.0629272,0
6284,1779177381188179199,1,1,50,22704,-1851504,-6581,9491,945326,-129418,323318,342,-1851504,0.0866089,-7.0629272,0
6285,1779177381193189844,1,1,50,21136,-1851504,-7049,11033,947343,-130493,307723,-1240,-1851504,0.0806274,-7.0629272,0
6286,1779177381198205609,1,1,50,-24624,-1851504,-7363,11957,949124,-131320,291314,-2253,-1851504,-0.0939331,-7.0629272,0
6287,1779177381203354849,1,1,50,19280,-1851504,-7739,11329,950963,-131894,273199,-3092,-1851504,0.0735474,-7.0629272,0
6288,1779177381208229907,1,1,50,19200,1851488,-8060,12137,953634,-132116,254550,-3176,-1851504,0.0732422,7.0628662,0
6289,1779177381213184230,1,1,50,18976,-1851504,-8394,12949,956482,-132026,234413,-3407,1851488,0.0723877,-7.0629272,0
6290,1779177381218199003,1,1,50,18416,-1851504,-8720,13685,958619,-131613,213447,-3962,-1851504,0.0702515,-7.0629272,0
6291,1779177381223196176,1,1,50,17648,-1851504,-8752,14683,960636,-130889,192474,-4732,-1851504,0.0673218,-7.0629272,0
6292,1779177381228225285,1,1,50,16528,-1851504,-9125,15549,962773,-129879,172252,-5841,-1851504,0.0630493,-7.0629272,0
6293,1779177381233182872,1,1,50,15760,-1851504,-9396,16012,964909,-128609,154087,-6619,-1851504,0.0601196,-7.0629272,0
6294,1779177381238209486,1,1,50,15120,-1851504,-9660,16416,967520,-127083,137574,-7248,-1851504,0.0576782,-7.0629272,0
6295,1779177381243145121,1,1,50,14496,-1851504,-9904,16745,970724,-125395,122073,-7884,-1851504,0.0552979,-7.0629272,0
6296,1779177381248173494,1,1,50,13776,-1851504,-10139,17013,974285,-123514,106452,-8593,-1851504,0.0525513,-7.0629272,0
6297,1779177381253195659,1,1,50,13008,-1851504,-10050,17444,978261,-121483,91042,-9371,-1851504,0.0496216,-7.0629272,0
6298,1779177381258193536,1,1,50,11968,-1851504,-10249,17575,981703,-119332,76519,-10411,-1851504,0.0456543,-7.0629272,0
6299,1779177381263178484,1,1,50,-33792,-1851504,-10441,17666,984848,-117072,63638,-11422,-1851504,-0.1289062,-7.0629272,0
6300,1779177381268187369,1,1,50,-34704,-1851504,-10621,17712,988171,-114713,52966,-12322,-1851504,-0.1323853,-7.0629272,0
6301,1779177381273212926,1,1,50,-35552,-1851504,-10446,17466,990723,-112297,44551,-13176,-1851504,-0.1356201,-7.0629272,0
6302,1779177381278199954,1,1,50,-35952,-1851504,-10610,17450,992859,-109863,37430,-13572,-1851504,-0.1371460,-7.0629272,0
6303,1779177381283382219,1,1,50,-36416,-1851504,-10772,17407,995648,-107330,29402,-14044,-1851504,-0.1389160,-7.0629272,0
6304,1779177381288185307,1,1,50,-37184,-1851504,-10919,17359,998200,-104981,20553,-14809,-1851504,-0.1418457,-7.0629272,0
6305,1779177381293269329,1,1,50,-38096,-1851504,-11064,17261,1000752,-102479,10531,-15723,-1851504,-0.1453247,-7.0629272,0
6306,1779177381298198372,1,1,50,-39040,-1851504,-11206,17165,1003303,-100021,592,-16659,-1851504,-0.1489258,-7.0629272,0
6307,1779177381303211513,1,1,50,-39936,-1851504,-10803,15992,1005202,-97483,-9614,-17552,-1851504,-0.1523438,-7.0629272,0
6308,1779177381308351825,1,1,50,-40416,-1851504,-10956,15821,1006983,-94808,-19732,-18033,-1851504,-0.1541748,-7.0629272,0
6309,1779177381313185922,1,1,50,-40928,-1851504,-11105,15665,1008763,-92231,-29026,-18545,-1851504,-0.1561279,-7.0629272,0
6310,1779177381318204855,1,1,50,-41616,-1851504,-11252,15472,1010365,-89518,-38513,-19247,-1851504,-0.1587524,-7.0629272,0
6311,1779177381323209771,1,1,50,-41920,-1851504,-10863,14263,1012383,-86748,-47864,-19544,-1851504,-0.1599121,-7.0629272,0
6312,1779177381328200832,1,1,50,-41904,-1851504,-11014,13999,1014875,-83907,-57018,-19535,-1851504,-0.1598511,-7.0629272,0
6313,1779177381333177300,1,1,50,-42192,-1851504,-11170,13755,1017071,-81018,-65602,-19815,-1851504,-0.1609497,-7.0629272,0
6314,1779177381338201225,1,1,50,-42832,-1851504,-11320,13477,1018792,-78081,-73232,-20458,-1851504,-0.1633911,-7.0629272,0
6315,1779177381343179293,1,1,50,-43680,-1851504,-11475,13234,1020038,-75183,-79746,-21301,-1851504,-0.1666260,-7.0629272,0
6316,1779177381348190290,1,1,50,-44544,-1851504,-11629,12992,1021462,-72302,-85425,-22172,-1851504,-0.1699219,-7.0629272,0
6317,1779177381353193767,1,1,50,-45472,-1851504,-11295,11850,1022886,-69478,-90515,-23091,-1851504,-0.1734619,-7.0629272,0
6318,1779177381358197659,1,1,50,-46112,-1851504,-11467,11623,1024073,-66698,-95738,-23732,-1851504,-0.1759033,-7.0629272,0
6319,1779177381363179887,1,1,50,-46768,-1851504,-11643,11414,1025735,-63971,-102268,-24389,-1851504,-0.1784058,-7.0629272,0
6320,1779177381368197988,1,1,50,-47536,-1851504,-11818,11192,1027515,-61244,-110546,-25153,-1851504,-0.1813354,-7.0629272,0
6321,1779177381373203769,1,1,50,-48320,-1851504,-11439,9921,1028405,-58508,-119647,-25947,-1851504,-0.1843262,-7.0629272,0
6322,1779177381378211726,1,1,50,-48704,-1851504,-11529,9280,1028761,-55711,-128009,-26329,-1851504,-0.1857910,-7.0629272,0
6323,1779177381383187394,1,1,50,-48480,-1851504,-11719,9025,1028761,-52850,-134517,-26110,-1851504,-0.1849365,-7.0629272,0
6324,1779177381388220599,1,1,50,-48480,-1851504,-11907,8755,1028821,-49927,-139807,-26103,-1851504,-0.1849365,-7.0629272,0
6325,1779177381393172075,1,1,50,-4288,-1851504,-12099,8534,1028643,-47089,-144586,-26669,-1851504,-0.0163574,-7.0629272,0
6326,1779177381398202752,1,1,50,-5152,-1851504,-12288,8293,1025557,-44272,-149713,-27531,-1851504,-0.0196533,-7.0629272,0
6327,1779177381404187628,1,1,50,-6080,-1851504,-11895,6911,1020928,-41001,-157088,-28461,-1851504,-0.0231934,-7.0629272,0
6328,1779177381408209961,1,1,50,-6560,-1851504,-12095,6842,1014460,-38813,-161917,-28940,-1851504,-0.0250244,-7.0629272,0
6329,1779177381413195390,1,1,50,-6992,-1851504,-12306,6605,1004016,-36129,-169323,-29374,-1851504,-0.0266724,-7.0629272,0
6330,1779177381418199922,1,1,50,-7408,-1851504,-12517,6354,991791,-33438,-176032,-29777,-1851504,-0.0282593,-7.0629272,0
6331,1779177381423210471,1,1,50,-7792,-1851504,-12321,5379,983483,-30755,-181739,-30162,-1851504,-0.0297241,-7.0629272,0
6332,1779177381428212348,1,1,50,-7936,-1851504,-12548,5139,985619,-28073,-186627,-30308,-1851504,-0.0302734,-7.0629272,0
6333,1779177381433172367,1,1,50,-8000,-1851504,-12587,4189,991732,-25410,-191506,-30380,-1851504,-0.0305176,-7.0629272,0
6334,1779177381438205317,1,1,50,-7664,1851488,-12991,4639,997013,-22676,-197328,-30036,-1851504,-0.0292358,7.0628662,0
6335,1779177381443230074,1,1,50,-53168,-1851504,-13012,3611,999565,-19928,-204623,-30797,1851488,-0.2028198,-7.0629272,0
6336,1779177381448206670,1,1,50,-9120,1851488,-13224,3313,999980,-17259,-213385,-31488,-1851504,-0.0347900,7.0628662,0
6337,1779177381453178978,1,1,50,-9728,1851488,-12815,2238,998319,-14567,-221355,-32100,1851488,-0.0371094,7.0628662,0
6338,1779177381458198935,1,1,50,-10096,1851488,-13047,1908,995174,-11828,-227804,-32466,1851488,-0.0385132,7.0628662,0
6339,1779177381463337935,1,1,50,-10384,1851488,-13272,1525,991435,-9033,-233641,-32755,1851488,-0.0396118,7.0628662,0
6340,1779177381468189536,1,1,50,-10704,1851488,-13496,1197,989773,-6413,-239277,-33074,1851488,-0.0408325,7.0628662,0
6341,1779177381473197909,1,1,50,-11104,1851488,-13411,-271,989714,-3724,-244866,-33475,1851488,-0.0423584,7.0628662,0
6342,1779177381478209993,1,1,50,-10864,1851488,-13661,-631,990367,-1007,-248231,-33241,1851488,-0.0414429,7.0628662,0
6343,1779177381483183581,1,1,50,-10288,1851488,-13902,-996,989951,1690,-248568,-32662,1851488,-0.0392456,7.0628662,0
6344,1779177381488189106,1,1,50,-9584,1851488,-14146,-1322,987874,4345,-246306,-31957,1851488,-0.0365601,7.0628662,0
6345,1779177381493193351,1,1,50,-8720,1851488,-14147,-2533,984848,6900,-241969,-31090,1851488,-0.0332642,7.0628662,0
6346,1779177381498204060,1,1,50,-6992,1851488,-14383,-2789,982178,9378,-235762,-29367,1851488,-0.0266724,7.0628662,0
6347,1779177381503224145,1,1,50,-5584,1851488,-14251,-3317,979863,11729,-229043,-27955,1851488,-0.0213013,7.0628662,0
6348,1779177381508195333,1,1,50,-4832,1851488,-14492,-3489,977371,13876,-223408,-27215,1851488,-0.0184326,7.0628662,0
6349,1779177381513195481,1,1,50,-4048,1851488,-14735,-3616,974285,15884,-219661,-26419,1851488,-0.0154419,7.0628662,0
6350,1779177381518213934,1,1,50,-3360,1851488,-14970,-3749,971793,17783,-218159,-25737,1851488,-0.0128174,7.0628662,0
6351,1779177381523210275,1,1,50,-1696,1851488,-15030,-5023,969300,19672,-218102,-24069,1851488,-0.0064697,7.0628662,0
6352,1779177381528192503,1,1,50,-1712,1851488,-15025,-6122,966155,21465,-220639,-24093,1851488,-0.0065308,7.0628662,0
6353,1779177381533191883,1,1,50,336,1851488,-15277,-6239,963841,23368,-224118,-22045,1851488,0.0012817,7.0628662,0
6354,1779177381538193152,1,1,50,1104,1851488,-15536,-6329,961348,25304,-229509,-21273,1851488,0.0042114,7.0628662,0
6355,1779177381543199669,1,1,50,-41328,1851488,-15795,-6418,958084,27406,-234763,-18948,1851488,-0.1576538,7.0628662,0
6356,1779177381548160680,1,1,50,-39760,-1851504,-16058,-6478,954702,29490,-240471,-17383,1851488,-0.1516724,-7.0629272,0
6357,1779177381553553798,1,1,50,7488,-1851504,-16138,-7415,951557,32055,-242117,-14893,-1851504,0.0285645,-7.0629272,0
6358,1779177381558204755,1,1,50,10848,1851488,-16432,-7316,947581,34389,-241628,-11535,-1851504,0.0413818,7.0628662,0
6359,1779177381563213383,1,1,50,13952,1851488,-16717,-7263,943011,36983,-237905,-8417,1851488,0.0532227,7.0628662,0
6360,1779177381568207324,1,1,50,15904,1851488,-17011,-7105,938323,39500,-233149,-6464,1851488,0.0606689,7.0628662,0
6361,1779177381573200560,1,1,50,-30096,-1851504,-16925,-9416,933813,41718,-230025,-7719,1851488,-0.1148071,-7.0629272,0
6362,1779177381578197061,1,1,50,-30368,-1851504,-17226,-9210,928710,43743,-227533,-7994,-1851504,-0.1158447,-7.0629272,0
6363,1779177381583198521,1,1,50,-30784,-1851504,-17532,-8932,923903,45585,-225845,-8412,-1851504,-0.1174316,-7.0629272,0
6364,1779177381588193486,1,1,50,11296,-1851504,-17838,-8616,919512,47114,-226203,-11085,-1851504,0.0430908,-7.0629272,0
6365,1779177381593181890,1,1,50,10336,-1851504,-18152,-8233,914468,48493,-226417,-12032,-1851504,0.0394287,-7.0629272,0
6366,1779177381598203479,1,1,50,13360,-1851504,-18054,-9356,909839,50000,-223642,-9018,-1851504,0.0509644,-7.0629272,0
6367,1779177381603207852,1,1,50,16864,-1851504,-18465,-9929,905032,51593,-218540,-5510,-1851504,0.0643311,-7.0629272,0
6368,1779177381608205152,1,1,50,18336,1851488,-18796,-9382,900285,53095,-213109,-4037,-1851504,0.0699463,7.0628662,0
6369,1779177381613229557,1,1,50,18608,1851488,-19123,-8777,895359,54432,-208199,-3762,1851488,0.0709839,7.0628662,0
6370,1779177381618224842,1,1,50,18112,-1851504,-19458,-8074,890375,55553,-204656,-4259,1851488,0.0690918,-7.0629272,0
6371,1779177381623171261,1,1,50,17760,-1851504,-19859,-7749,886043,56505,-202479,-4612,-1851504,0.0677490,-7.0629272,0
6372,1779177381628196754,1,1,50,-30032,1851488,-19711,-8768,881177,57158,-202641,-7651,-1851504,-0.1145630,7.0628662,0
6373,1779177381633206663,1,1,50,13712,1851488,-20047,-7959,876429,57687,-202136,-8658,1851488,0.0523071,7.0628662,0
6374,1779177381638207516,1,1,50,11632,1851488,-20388,-7081,871979,58016,-200776,-10742,1851488,0.0443726,7.0628662,0
6375,1779177381643199952,1,1,50,11696,1851488,-20731,-6133,867765,58284,-196609,-10679,1851488,0.0446167,7.0628662,0
6376,1779177381648194181,1,1,50,10016,1851488,-20548,-7087,863018,58326,-191149,-12353,1851488,0.0382080,7.0628662,0
6377,1779177381653264315,1,1,50,11392,1851488,-20801,-4998,858270,58334,-181989,-10979,1851488,0.0434570,7.0628662,0
6378,1779177381658192878,1,1,50,6832,1851488,-21158,-3740,853642,57859,-173451,-15542,1851488,0.0260620,7.0628662,0
6379,1779177381663196707,1,1,50,5856,1851488,-21520,-2372,848954,57159,-162676,-16519,1851488,0.0223389,7.0628662,0
6380,1779177381668198743,1,1,50,9040,1851488,-21281,-3117,843257,56484,-148884,-13338,1851488,0.0344849,7.0628662,0
6381,1779177381673211948,1,1,50,5616,1851488,-21609,-1509,837501,55344,-139084,-16753,1851488,0.0214233,7.0628662,0
6382,1779177381678208065,1,1,50,3792,1851488,-22008,255,832516,53946,-131652,-18589,1851488,0.0144653,7.0628662,0
6383,1779177381683194805,1,1,50,-43104,1851488,-21748,-376,827234,52321,-126537,-20725,1851488,-0.1644287,7.0628662,0
6384,1779177381688178505,1,1,50,-43632,-1342416,-22151,1570,821656,50621,-122200,-21260,1851488,-0.1664429,-5.1209106,0
6385,1779177381693184926,1,1,50,1600,-637568,-22572,3662,816612,48925,-117723,-20782,-1342416,0.0061035,-2.4321289,0
6386,1779177381698191442,1,1,50,-41280,-1851504,-22283,3101,811865,47334,-111913,-18897,-637568,-0.1574707,-7.0629272,0
6387,1779177381703218632,1,1,50,-5040,-1851504,-22469,6772,806820,45126,-111615,-27417,-1851504,-0.0192261,-7.0629272,0
6388,1779177381708193148,1,1,50,-54144,-1851504,-22916,9152,801895,42730,-111302,-31763,-1851504,-0.2065430,-7.0629272,0
6389,1779177381713188592,1,1,50,-52336,-1851504,-23357,11583,796851,40524,-107448,-29961,-1851504,-0.1996460,-7.0629272,0
6390,1779177381718197221,1,1,50,-53504,-1851504,-23810,14129,791569,38255,-103913,-31124,-1851504,-0.2041016,-7.0629272,0
6391,1779177381723199130,1,1,50,-10320,-1851504,-23088,13837,786585,35914,-101567,-32700,-1851504,-0.0393677,-7.0629272,0
6392,1779177381728191822,1,1,50,-60784,-1851504,-23545,16436,781185,33255,-103518,-38407,-1851504,-0.2318726,-7.0629272,0
6393,1779177381733196131,1,1,50,-65792,-1851504,-23153,15894,775962,30397,-108346,-43411,-1851504,-0.2509766,-7.0629272,0
6394,1779177381738201047,1,1,50,-69008,1851488,-23600,18525,770681,27521,-114079,-46629,-1851504,-0.2632446,7.0628662,0
6395,1779177381743198508,1,1,50,-74496,-1851504,-24056,21183,765933,24499,-121807,-52122,1851488,-0.2841797,-7.0629272,0
6396,1779177381748196160,1,1,50,-77072,-1851504,-23647,20539,760593,21553,-128829,-54690,-1851504,-0.2940063,-7.0629272,0
6397,1779177381753222550,1,1,50,-80864,1851488,-23792,23620,755133,18574,-136418,-58487,-1851504,-0.3084717,7.0628662,0
6398,1779177381758249035,1,1,50,-85680,1851488,-24293,26333,750148,15524,-144720,-63302,1851488,-0.3268433,7.0628662,0
6399,1779177381763197534,1,1,50,-90560,-1851504,-24831,29149,745460,12464,-152586,-68181,1851488,-0.3454590,-7.0629272,0
6400,1779177381768191475,1,1,50,-95232,-1851504,-24380,28348,740238,9324,-160428,-72855,-1851504,-0.3632812,-7.0629272,0
6401,1779177381773196839,1,1,50,-55552,1851488,-24791,30256,735431,6107,-168339,-77929,-1851504,-0.2119141,7.0628662,0
6402,1779177381778219516,1,1,50,-61104,1851488,-24360,29364,730565,2782,-177473,-83478,1851488,-0.2330933,7.0628662,0
6403,1779177381783190768,1,1,50,-67920,1851488,-24994,32335,726115,-656,-188681,-90299,1851488,-0.2590942,7.0628662,0
6404,1779177381788185829,1,1,50,-77616,1851488,-25682,35433,721961,-4402,-204258,-99986,1851488,-0.2960815,7.0628662,0
6405,1779177381793200410,1,1,50,-79856,1851488,-25244,34339,717391,-7906,-218239,-102236,1851488,-0.3046265,7.0628662,0
6406,1779177381798207374,1,1,50,-79856,1851488,-24840,33187,712822,-11043,-230041,-102236,1851488,-0.3046265,7.0628662,0
6407,1779177381803164706,1,1,50,-79856,1851488,-25596,35418,707719,-13841,-240330,-102236,1851488,-0.3046265,7.0628662,0
6408,1779177381808175383,1,1,50,-79856,1851488,-26390,38645,704277,-16391,-250703,-102236,1851488,-0.3046265,7.0628662,0
6409,1779177381813144043,1,1,50,-79856,1851488,-27240,42059,700597,-18656,-260230,-102236,1851488,-0.3046265,7.0628662,0
6410,1779177381818354692,1,1,50,-79856,1851488,-26777,40645,696325,-20783,-271469,-102236,1851488,-0.3046265,7.0628662,0
6411,1779177381822958351,1,1,50,-79856,1851488,-27780,42199,692052,-22428,-276324,-102236,1851488,-0.3046265,7.0628662,0
6412,1779177381828234667,1,1,50,-79856,1851488,-27334,40681,687839,-24165,-287743,-102236,1851488,-0.3046265,7.0628662,0
6413,1779177381833174238,1,1,50,-79856,1851488,-28271,44281,684516,-25554,-294080,-102236,1851488,-0.3046265,7.0628662,0
6414,1779177381838206995,1,1,50,-79856,1851488,-29210,47896,681014,-26819,-301549,-102236,1851488,-0.3046265,7.0628662,0
6415,1779177381843188391,1,1,50,-79856,1851488,-28743,46352,677513,-27912,-309779,-102236,1851488,-0.3046265,7.0628662,0
6416,1779177381848188284,1,1,50,-79856,1851488,-28303,44751,673300,-28851,-320322,-102236,1851488,-0.3046265,7.0628662,0
6417,1779177381853191312,1,1,50,-79856,1851488,-29709,45610,669146,-29610,-333192,-102236,1851488,-0.3046265,7.0628662,0
6418,1779177381858193957,1,1,50,-79856,1851488,-30753,49324,665111,-30167,-348072,-102236,1851488,-0.3046265,7.0628662,0
6419,1779177381863207002,1,1,50,-79856,1851488,-30295,47498,660838,-30509,-364422,-102236,1851488,-0.3046265,7.0628662,0
6420,1779177381868197742,1,1,50,-79856,1851488,-31288,51063,657811,-30622,-381060,-102236,1851488,-0.3046265,7.0628662,0
6421,1779177381873251364,1,1,50,-79856,1851488,-32833,51120,654666,-30519,-397287,-102236,1851488,-0.3046265,7.0628662,0
6422,1779177381878202616,1,1,50,-79856,1851488,-32365,49085,653183,-30216,-411025,-102236,1851488,-0.3046265,7.0628662,0
6423,1779177381883202636,1,1,50,-79856,1851488,-31916,46970,653479,-29742,-423054,-102236,1851488,-0.3046265,7.0628662,0
6424,1779177381888206721,1,1,50,-79856,1851488,-32936,50460,655616,-29124,-433015,-102236,1851488,-0.3046265,7.0628662,0
6425,1779177381893181589,1,1,50,-79856,1851488,-33932,53896,658761,-28395,-440910,-102236,1851488,-0.3046265,7.0628662,0
6426,1779177381898273836,1,1,50,-79856,1851488,-33394,51615,663034,-27559,-447859,-102236,1851488,-0.3046265,7.0628662,0
6427,1779177381903179518,1,1,50,-79856,1851488,-34987,50667,666475,-26687,-452673,-102236,1851488,-0.3046265,7.0628662,0
6428,1779177381908199411,1,1,50,-79856,1851488,-34485,48366,667544,-25772,-458329,-102236,1851488,-0.3046265,7.0628662,0
6429,1779177381913146918,1,1,50,-79856,1851488,-35461,51655,664042,-24865,-464553,-102236,1851488,-0.3046265,7.0628662,0
6430,1779177381918200380,1,1,50,-79856,1851488,-36402,54799,657159,-23946,-472955,-102236,1851488,-0.3046265,7.0628662,0
6431,1779177381923239602,1,1,50,-79856,1851488,-36162,49008,649622,-23017,-482928,-102236,1851488,-0.3046265,7.0628662,0
6432,1779177381928214886,1,1,50,-79856,1851488,-37080,51833,641433,-22073,-493885,-102236,1851488,-0.3046265,7.0628662,0
6433,1779177381933434815,1,1,50,-79856,1851488,-36553,49191,634134,-21039,-506169,-102236,1851488,-0.3046265,7.0628662,0
6434,1779177381938205295,1,1,50,-79856,1851488,-37436,51951,629802,-20029,-516018,-102236,1851488,-0.3046265,7.0628662,0
6435,1779177381943197219,1,1,50,-79856,1851488,-38285,54520,628022,-18915,-526056,-102236,1851488,-0.3046265,7.0628662,0
6436,1779177381948199832,1,1,50,-79856,1851488,-37738,51845,629030,-17727,-534647,-102236,1851488,-0.3046265,7.0628662,0
6437,1779177381953208716,1,1,50,-79856,1851488,-38828,51352,630989,-16481,-541349,-102236,1851488,-0.3046265,7.0628662,0
6438,1779177381958210049,1,1,50,-79856,1851488,-38302,48621,633896,-15199,-546034,-102236,1851488,-0.3046265,7.0628662,0
6439,1779177381963209750,1,1,50,-79856,1851488,-39085,50878,634490,-13925,-548982,-102236,1851488,-0.3046265,7.0628662,0
6440,1779177381968205194,1,1,50,-79856,1851488,-39867,53128,631463,-12713,-550737,-102236,1851488,-0.3046265,7.0628662,0
6441,1779177381973200127,1,1,50,-79856,1851488,-39309,50369,627369,-11584,-552256,-102236,1851488,-0.3046265,7.0628662,0
6442,1779177381978212947,1,1,50,-79856,1851488,-40031,52478,623986,-10527,-554678,-102236,1851488,-0.3046265,7.0628662,0
6443,1779177381983358315,1,1,50,-79856,1851488,-39460,49603,622028,-9491,-558874,-102236,1851488,-0.3046265,7.0628662,0
6444,1779177381988202748,1,1,50,-79856,1851488,-40180,51800,619951,-8540,-563021,-102236,1851488,-0.3046265,7.0628662,0
6445,1779177381993195217,1,1,50,-79856,1851488,-40866,53810,617577,-7585,-567741,-102236,1851488,-0.3046265,7.0628662,0
6446,1779177381998229158,1,1,50,-79856,1851488,-40284,50930,615144,-6641,-572168,-102236,1851488,-0.3046265,7.0628662,0
6447,1779177382003212122,1,1,50,-79856,1851488,-41943,53596,612533,-5731,-575926,-102236,1851488,-0.3046265,7.0628662,0
6448,1779177382008231279,1,1,50,-79856,1851488,-42714,55571,610041,-4845,-578742,-102236,1851488,-0.3046265,7.0628662,0
6449,1779177382013218627,1,1,50,-79856,1851488,-42113,52680,607133,-4010,-579759,-102236,1851488,-0.3046265,7.0628662,0
6450,1779177382018209911,1,1,50,-79856,1851488,-42859,54642,604937,-3233,-579090,-102236,1851488,-0.3046265,7.0628662,0
6451,1779177382023722551,1,1,50,-79856,1851488,-42204,51455,603394,-2452,-578102,-102236,1851488,-0.3046265,7.0628662,0
6452,1779177382028185567,1,1,50,-79856,1851488,-41701,48895,602208,-1884,-573691,-102236,1851488,-0.3046265,7.0628662,0
6453,1779177382033206484,1,1,50,-79856,1851488,-42419,50962,601673,-1340,-571173,-102236,1851488,-0.3046265,7.0628662,0
6454,1779177382038212424,1,1,50,-79856,1851488,-41859,48111,600427,-875,-569358,-102236,1851488,-0.3046265,7.0628662,0
6455,1779177382043202205,1,1,50,-79856,1851488,-42577,50277,599062,-475,-568805,-102236,1851488,-0.3046265,7.0628662,0
6456,1779177382048195505,1,1,50,-79856,1851488,-43301,52448,597579,-121,-569487,-102236,1851488,-0.3046265,7.0628662,0
6457,1779177382053223270,1,1,50,-79856,1851488,-43629,46950,596392,210,-571214,-102236,1851488,-0.3046265,7.0628662,0
6458,1779177382058256027,1,1,50,-79856,1851488,-44468,49031,595799,537,-573559,-102236,1851488,-0.3046265,7.0628662,0
6459,1779177382063200846,1,1,50,-79856,1851488,-45301,51076,594671,856,-575793,-102236,1851488,-0.3046265,7.0628662,0
6460,1779177382068197506,1,1,50,-79856,1851488,-44736,48189,594256,1183,-577749,-102236,1851488,-0.3046265,7.0628662,0
6461,1779177382073195126,1,1,50,-79856,1851488,-44203,45297,593247,1503,-578566,-102236,1851488,-0.3046265,7.0628662,0
6462,1779177382078280589,1,1,50,-79856,1851488,-43692,42356,592594,1812,-578295,-102236,1851488,-0.3046265,7.0628662,0
6463,1779177382083208991,1,1,50,-79856,1851488,-44450,44369,593009,2094,-576836,-102236,1851488,-0.3046265,7.0628662,0
6464,1779177382088195507,1,1,50,-79856,1851488,-45204,46343,592831,2342,-575357,-102236,1851488,-0.3046265,7.0628662,0
6465,1779177382093210760,1,1,50,-79856,1851488,-44685,43463,592475,2554,-574273,-102236,1851488,-0.3046265,7.0628662,0
6466,1779177382098235837,1,1,50,-79856,1851488,-45413,45410,591645,2731,-573698,-102236,1851488,-0.3046265,7.0628662,0
6467,1779177382103631418,1,1,50,-79856,1851488,-47065,45603,591348,2899,-574466,-102236,1851488,-0.3046265,7.0628662,0
6468,1779177382108207685,1,1,50,-79856,1851488,-46596,42975,591704,3044,-574288,-102236,1851488,-0.3046265,7.0628662,0
6469,1779177382113207897,1,1,50,-79856,1851488,-47446,45002,591229,3186,-576284,-102236,1851488,-0.3046265,7.0628662,0
6470,1779177382118215854,1,1,50,-79856,1851488,-48318,47080,590873,3341,-579016,-102236,1851488,-0.3046265,7.0628662,0
6471,1779177382123205762,1,1,50,-79856,1851488,-47791,44177,589508,3505,-581717,-102236,1851488,-0.3046265,7.0628662,0
6472,1779177382128222422,1,1,50,-79856,1851488,-47294,41250,588618,3683,-583459,-102236,1851488,-0.3046265,7.0628662,0
6473,1779177382133226411,1,1,50,-79744,1851488,-46623,37083,588559,3879,-583232,-102114,1851488,-0.3041992,7.0628662,0
6474,1779177382138213663,1,1,50,-78608,1851488,-47533,39217,588262,4130,-580206,-100977,1851488,-0.2998657,7.0628662,0
6475,1779177382143285525,1,1,50,-77824,1851488,-48462,41427,588321,4385,-575485,-100192,1851488,-0.2968750,7.0628662,0
6476,1779177382148199047,1,1,50,-78240,1851488,-48001,38627,588025,4529,-569857,-100611,1851488,-0.2984619,7.0628662,0
6477,1779177382153197371,1,1,50,-79008,1851488,-48958,41104,588381,4551,-564498,-101383,1851488,-0.3013916,7.0628662,0
6478,1779177382158207216,1,1,50,-79856,1851488,-48491,38300,589093,4457,-559739,-102236,1851488,-0.3046265,7.0628662,0
6479,1779177382163202212,1,1,50,-79856,1851488,-49451,40940,589805,4318,-555808,-102236,1851488,-0.3046265,7.0628662,0
6480,1779177382168205656,1,1,50,-79856,1851488,-48986,38169,590636,4148,-553720,-102236,1851488,-0.3046265,7.0628662,0
6481,1779177382173204877,1,1,50,-79856,1851488,-49951,40967,590754,3964,-553766,-102236,1851488,-0.3046265,7.0628662,0
6482,1779177382178207105,1,1,50,-79856,1851488,-50950,43894,591467,3799,-555822,-102236,1851488,-0.3046265,7.0628662,0
6483,1779177382183229622,1,1,50,-79856,1851488,-50437,39260,591763,3672,-559161,-102236,1851488,-0.3046265,7.0628662,0
6484,1779177382188197353,1,1,50,-79856,1851488,-51513,42223,591882,3596,-562851,-102236,1851488,-0.3046265,7.0628662,0
6485,1779177382193197086,1,1,50,-79856,1851488,-52615,45280,591882,3570,-566428,-102236,1851488,-0.3046265,7.0628662,0
6486,1779177382198207250,1,1,50,-79856,1851488,-52104,42431,591111,3582,-568813,-102236,1851488,-0.3046265,7.0628662,0
6487,1779177382203199974,1,1,50,-79856,1851488,-53178,45521,591051,3621,-569158,-102236,1851488,-0.3046265,7.0628662,0
6488,1779177382208209883,1,1,50,-79856,1851488,-52664,42679,590695,3659,-567307,-102236,1851488,-0.3046265,7.0628662,0
6489,1779177382213201999,1,1,50,-79856,1851488,-53686,45771,591111,3676,-563630,-102236,1851488,-0.3046265,7.0628662,0
6490,1779177382218225508,1,1,50,-79856,1851488,-53168,42964,591585,3652,-558739,-102236,1851488,-0.3046265,7.0628662,0
6491,1779177382223203224,1,1,50,-79856,1851488,-54169,46209,591941,3572,-552936,-102236,1851488,-0.3046265,7.0628662,0
6492,1779177382228386768,1,1,50,-79856,1851488,-55133,49348,592713,3429,-547692,-102236,1851488,-0.3046265,7.0628662,0
6493,1779177382233225153,1,1,50,-79856,1851488,-55943,51649,593484,3248,-542542,-102236,1851488,-0.3046265,7.0628662,0
6494,1779177382238242902,1,1,50,-79856,1851488,-55359,48938,594849,3021,-540299,-102236,1851488,-0.3046265,7.0628662,0
6495,1779177382243227722,1,1,50,-102224,1851488,-56383,52198,595502,2788,-540753,-102236,1851488,-0.3899536,7.0628662,0
6496,1779177382248205245,1,1,50,-102224,1851488,-57387,55402,596273,2583,-544294,-102236,1851488,-0.3899536,7.0628662,0
6497,1779177382253219026,1,1,50,-102224,1851488,-56763,52641,596807,2439,-550627,-102236,1851488,-0.3899536,7.0628662,0
6498,1779177382258211622,1,1,50,-102224,1851488,-56172,49854,596807,2382,-558365,-102236,1851488,-0.3899536,7.0628662,0
6499,1779177382263210234,1,1,50,-102224,1851488,-57074,52869,596926,2425,-566057,-102236,1851488,-0.3899536,7.0628662,0
6500,1779177382268219567,1,1,50,-102224,1851488,-57955,55811,596333,2556,-572319,-102236,1851488,-0.3899536,7.0628662,0
6501,1779177382273212579,1,1,50,-102224,1851488,-57328,52934,596214,2754,-576198,-102236,1851488,-0.3899536,7.0628662,0
6502,1779177382278212535,1,1,50,-102224,1851488,-58160,55826,596333,2990,-577323,-102236,1851488,-0.3899536,7.0628662,0
6503,1779177382283240844,1,1,50,-102224,1851488,-58840,57172,596985,3234,-576245,-102236,1851488,-0.3899536,7.0628662,0
6504,1779177382288468262,1,1,50,-102224,1851488,-58163,54169,597579,3464,-574316,-102236,1851488,-0.3899536,7.0628662,0
6505,1779177382293252629,1,1,50,-102224,1851488,-59041,57077,597638,3639,-570915,-102236,1851488,-0.3899536,7.0628662,0
6506,1779177382298218665,1,1,50,-102224,1851488,-59881,59870,598469,3776,-568295,-102236,1851488,-0.3899536,7.0628662,0
6507,1779177382303271966,1,1,50,-102224,1851488,-60673,62529,599240,3883,-565790,-102236,1851488,-0.3899536,7.0628662,0
6508,1779177382308206737,1,1,50,-102224,1851488,-58549,54233,600546,3962,-563010,-102236,1851488,-0.3899536,7.0628662,0
6509,1779177382313205093,1,1,50,-102224,1851488,-59285,56946,601792,4016,-561162,-102236,1851488,-0.3899536,7.0628662,0
6510,1779177382318212122,1,1,50,-102224,1851488,-59995,59597,603276,4059,-560605,-102236,1851488,-0.3899536,7.0628662,0
6511,1779177382323223439,1,1,50,-102224,1851488,-60687,62215,604522,4105,-561223,-102236,1851488,-0.3899536,7.0628662,0
6512,1779177382328202786,1,1,50,-102224,1851488,-59974,59414,605531,4166,-562616,-102236,1851488,-0.3899536,7.0628662,0
6513,1779177382333297849,1,1,50,-102224,1851488,-59659,59566,606362,4251,-565086,-102236,1851488,-0.3899536,7.0628662,0
6514,1779177382338234924,1,1,50,-102224,1851488,-60353,62077,606480,4360,-567603,-102236,1851488,-0.3899536,7.0628662,0
6515,1779177382343219168,1,1,50,-102224,1851488,-59638,59234,606599,4497,-570389,-102236,1851488,-0.3899536,7.0628662,0
6516,1779177382348218036,1,1,50,-102224,1851488,-60278,61642,606302,4657,-572771,-102236,1851488,-0.3899536,7.0628662,0
6517,1779177382353219656,1,1,50,-102224,1851488,-60916,64060,606421,4840,-574403,-102236,1851488,-0.3899536,7.0628662,0
6518,1779177382358280990,1,1,50,-102224,1851488,-60165,61149,606540,5035,-575109,-102236,1851488,-0.3899536,7.0628662,0
6519,1779177382363282866,1,1,50,-102224,1851488,-60754,63505,606718,5227,-574339,-102236,1851488,-0.3899536,7.0628662,0
6520,1779177382368198725,1,1,50,-102224,1851488,-61334,65863,606777,5395,-571983,-102236,1851488,-0.3899536,7.0628662,0
6521,1779177382373217914,1,1,50,-102224,1851488,-60567,63008,606540,5525,-568719,-102236,1851488,-0.3899536,7.0628662,0
6522,1779177382378229678,1,1,50,-102224,1851488,-61113,65399,607489,5615,-565033,-102236,1851488,-0.3899536,7.0628662,0
6523,1779177382383242595,1,1,50,-102224,1851488,-62345,66590,607904,5658,-561783,-102236,1851488,-0.3899536,7.0628662,0
6524,1779177382388223383,1,1,50,-102224,1851488,-62966,68977,608320,5661,-559181,-102236,1851488,-0.3899536,7.0628662,0
6525,1779177382393288876,1,1,50,-102224,1851488,-62153,66154,608498,5633,-557464,-102236,1851488,-0.3899536,7.0628662,0
6526,1779177382398219935,1,1,50,-102224,1851488,-62758,68621,608795,5589,-555967,-102236,1851488,-0.3899536,7.0628662,0
6527,1779177382403223188,1,1,50,-102224,1851488,-63356,71088,609388,5535,-555396,-102236,1851488,-0.3899536,7.0628662,0
6528,1779177382408234952,1,1,50,-102224,1851488,-61188,63060,609269,5475,-555152,-102236,1851488,-0.3899536,7.0628662,0
6529,1779177382413206556,1,1,50,-102224,1851488,-61735,65548,609803,5421,-554719,-102236,1851488,-0.3899536,7.0628662,0
6530,1779177382418235121,1,1,50,-102224,1851488,-62271,68023,609803,5365,-553991,-102236,1851488,-0.3899536,7.0628662,0
6531,1779177382423206180,1,1,50,-102224,1851488,-62808,70531,610159,5307,-552668,-102236,1851488,-0.3899536,7.0628662,0
6532,1779177382428223769,1,1,50,-102224,1851488,-61983,67764,610753,5241,-551507,-102236,1851488,-0.3899536,7.0628662,0
6533,1779177382433246606,1,1,50,-102224,1851488,-61882,70458,611228,5169,-550735,-102236,1851488,-0.3899536,7.0628662,0
6534,1779177382438231522,1,1,50,-102224,1851488,-62470,73087,611287,5093,-550509,-102236,1851488,-0.3899536,7.0628662,0
6535,1779177382443204918,1,1,50,-102224,1851488,-61625,70346,610872,5015,-551048,-102236,1851488,-0.3899536,7.0628662,0
6536,1779177382448201802,1,1,50,-102224,1851488,-62172,72950,611702,4956,-552403,-102236,1851488,-0.3899536,7.0628662,0
6537,1779177382453204510,1,1,50,-102224,1851488,-62693,75483,612533,4926,-554187,-102236,1851488,-0.3899536,7.0628662,0
6538,1779177382458233939,1,1,50,-102224,-1851504,-61808,72685,614076,4936,-556404,-102236,1851488,-0.3899536,-7.0629272,0
6539,1779177382463210791,1,1,50,-102224,-1851504,-62298,75224,615085,4984,-558677,-102236,-1851504,-0.3899536,-7.0629272,0
6540,1779177382468243068,1,1,50,-102224,-1851504,-61411,72400,616331,5071,-561221,-102236,-1851504,-0.3899536,-7.0629272,0
6541,1779177382473214352,1,1,50,-102224,-1851504,-61865,74934,617637,5198,-563541,-102236,-1851504,-0.3899536,-7.0629272,0
6542,1779177382478223108,1,1,50,-102224,-1851504,-62283,77349,618823,5360,-565926,-102236,-1851504,-0.3899536,-7.0629272,0
6543,1779177382483339643,1,1,50,-102224,-1851504,-60870,72497,619714,5557,-568175,-102236,-1851504,-0.3899536,-7.0629272,0
6544,1779177382488206540,1,1,50,-102224,-1851504,-61338,74913,619892,5762,-569004,-102236,-1851504,-0.3899536,-7.0629272,0
6545,1779177382493204513,1,1,50,-102224,-1851504,-63145,82303,620782,5981,-570069,-102236,-1851504,-0.3899536,-7.0629272,0
6546,1779177382498281367,1,1,50,-102224,-1851504,-62157,79403,621613,6213,-571239,-102236,-1851504,-0.3899536,-7.0629272,0
6547,1779177382503214250,1,1,50,-102224,-1851504,-61226,76581,622859,6453,-571941,-102236,-1851504,-0.3899536,-7.0629272,0
6548,1779177382508220030,1,1,50,-102224,-1851504,-60311,73715,623215,6695,-572542,-102236,-1851504,-0.3899536,-7.0629272,0
6549,1779177382513232531,1,1,50,-102224,-1851504,-60639,75875,623690,6936,-572192,-102236,-1851504,-0.3899536,-7.0629272,0
6550,1779177382518235175,1,1,50,-102224,-1851504,-60936,77949,624758,7170,-570353,-102236,-1851504,-0.3899536,-7.0629272,0
6551,1779177382523230267,1,1,50,-102224,-1851504,-61223,80017,626182,7381,-566814,-102236,-1851504,-0.3899536,-7.0629272,0
6552,1779177382528204975,1,1,50,-102224,-1851504,-60264,77223,627547,7548,-561716,-102236,-1851504,-0.3899536,-7.0629272,0
6553,1779177382533248516,1,1,50,-102224,-1851504,-61658,81879,628318,7649,-556082,-102236,-1851504,-0.3899536,-7.0629272,0
6554,1779177382538240376,1,1,50,-102224,-1851504,-61937,83920,629921,7687,-550593,-102236,-1851504,-0.3899536,-7.0629272,0
6555,1779177382543233581,1,1,50,-102224,-1851504,-60924,81193,631404,7668,-546231,-102236,-1851504,-0.3899536,-7.0629272,0
6556,1779177382548205024,1,1,50,-102224,-1851504,-61152,83188,633125,7611,-543527,-102236,-1851504,-0.3899536,-7.0629272,0
6557,1779177382553231829,1,1,50,-102224,-1851504,-61354,85114,634431,7535,-543221,-102236,-1851504,-0.3899536,-7.0629272,0
6558,1779177382558252074,1,1,50,-102224,-1851504,-59151,77721,636389,7479,-545017,-102236,-1851504,-0.3899536,-7.0629272,0
6559,1779177382563242494,1,1,50,-102224,-1851504,-59310,79641,638703,7475,-548282,-102236,-1851504,-0.3899536,-7.0629272,0
6560,1779177382568275315,1,1,50,-102224,-1851504,-59440,81455,641374,7541,-552709,-102236,-1851504,-0.3899536,-7.0629272,0
6561,1779177382573203654,1,1,50,-102224,-1851504,-59579,83273,643095,7677,-557153,-102236,-1851504,-0.3899536,-7.0629272,0
6562,1779177382578231035,1,1,50,-102224,-1851504,-58545,80449,645053,7888,-561771,-102236,-1851504,-0.3899536,-7.0629272,0
6563,1779177382583214607,1,1,50,-102224,-1851504,-58815,83530,647189,8169,-565180,-102236,-1851504,-0.3899536,-7.0629272,0
6564,1779177382588206659,1,1,50,-102224,-1851504,-58933,85121,649326,8502,-567187,-102236,-1851504,-0.3899536,-7.0629272,0
6565,1779177382593226487,1,1,50,-102224,-1851504,-57865,82271,651106,8864,-567762,-102236,-1851504,-0.3899536,-7.0629272,0
6566,1779177382598215372,1,1,50,-102224,-1851504,-57947,83828,653123,9233,-566842,-102236,-1851504,-0.3899536,-7.0629272,0
6567,1779177382603424773,1,1,50,-102224,-1851504,-57965,85217,655082,9606,-565353,-102236,-1851504,-0.3899536,-7.0629272,0
6568,1779177382608206420,1,1,50,-79856,-1851504,-56932,82534,657159,9932,-561191,-102236,-1851504,-0.3046265,-7.0629272,0
6569,1779177382613234153,1,1,50,-102224,-1851504,-55873,79727,659058,10220,-558267,-102236,-1851504,-0.3899536,-7.0629272,0
6570,1779177382618243037,1,1,50,-102224,-1851504,-55874,81218,660838,10471,-556183,-102236,-1851504,-0.3899536,-7.0629272,0
6571,1779177382623225521,1,1,50,-102224,-1851504,-55863,82668,662559,10698,-555493,-102236,-1851504,-0.3899536,-7.0629272,0
6572,1779177382628225446,1,1,50,-102224,-1851504,-54798,79887,664102,10920,-556211,-102236,-1851504,-0.3899536,-7.0629272,0
6573,1779177382633251995,1,1,50,-102224,-1851504,-54679,82222,664873,11149,-557838,-102236,-1851504,-0.3899536,-7.0629272,0
6574,1779177382638371186,1,1,50,-102224,-1851504,-54643,83458,665704,11401,-560007,-102236,-1851504,-0.3899536,-7.0629272,0
6575,1779177382643219714,1,1,50,-102224,-1851504,-54662,84820,667188,11671,-560641,-102236,-1851504,-0.3899536,-7.0629272,0
6576,1779177382648234071,1,1,50,-79856,-1851504,-53555,82005,669443,11968,-561454,-102236,-1851504,-0.3046265,-7.0629272,0
6577,1779177382653237259,1,1,50,-79856,-1851504,-51522,81897,672528,12294,-560990,-102236,-1851504,-0.3046265,-7.0629272,0
6578,1779177382658259488,1,1,50,-79856,-1851504,-50436,79089,675555,12630,-559211,-102236,-1851504,-0.3046265,-7.0629272,0
6579,1779177382663252596,1,1,50,-79856,-1851504,-50362,80283,678641,12956,-555797,-102236,-1851504,-0.3046265,-7.0629272,0
6580,1779177382668263081,1,1,50,-79856,-1851504,-49286,77521,682142,13256,-551420,-102236,-1851504,-0.3046265,-7.0629272,0
6581,1779177382673229469,1,1,50,-79856,1851488,-49176,78701,685940,13519,-546966,-102236,-1851504,-0.3046265,7.0628662,0
6582,1779177382678214193,1,1,50,-79856,1851488,-49053,79855,689085,13741,-544037,-102236,1851488,-0.3046265,7.0628662,0
6583,1779177382683237413,1,1,50,-79856,1851488,-48055,80329,690272,13924,-543438,-102236,1851488,-0.3046265,7.0628662,0
6584,1779177382688235386,1,1,50,-79856,1851488,-46963,77605,691281,14100,-545096,-102236,1851488,-0.3046265,7.0628662,0
6585,1779177382693229102,1,1,50,-79856,1851488,-46835,78606,692764,14305,-548779,-102236,1851488,-0.3046265,7.0628662,0
6586,1779177382698237890,1,1,50,-79856,1851488,-46699,79545,694960,14576,-553777,-102236,1851488,-0.3046265,7.0628662,0
6587,1779177382703297208,1,1,50,-79856,1851488,-44191,76654,697690,14937,-559342,-102236,1851488,-0.3046265,7.0628662,0
6588,1779177382708229067,1,1,50,-79856,1851488,-44045,77532,700894,15383,-563603,-102236,1851488,-0.3046265,7.0628662,0
6589,1779177382713239519,1,1,50,-79856,1851488,-42959,74695,703446,15903,-566197,-102236,1851488,-0.3046265,7.0628662,0
6590,1779177382718245588,1,1,50,-79856,1851488,-42768,75474,706947,16471,-565868,-102236,1851488,-0.3046265,7.0628662,0
6591,1779177382723244744,1,1,50,-79856,1851488,-42561,76201,710745,17048,-563385,-102236,1851488,-0.3046265,7.0628662,0
6592,1779177382728229340,1,1,50,-79856,1851488,-42348,76920,715136,17608,-560275,-102236,1851488,-0.3046265,7.0628662,0
6593,1779177382733243249,1,1,50,-79856,1851488,-40937,74511,719468,18147,-557786,-102236,1851488,-0.3046265,7.0628662,0
6594,1779177382738228997,1,1,50,-79856,1851488,-40706,75190,722139,18650,-555833,-102236,1851488,-0.3046265,7.0628662,0
6595,1779177382743240505,1,1,50,-79856,1851488,-40465,75821,721901,19100,-554521,-102236,1851488,-0.3046265,7.0628662,0
6596,1779177382748233293,1,1,50,-79856,1851488,-39360,73056,722910,19517,-553745,-102236,1851488,-0.3046265,7.0628662,0
6597,1779177382753349892,1,1,50,-79856,1851488,-37970,73258,726827,19957,-554524,-102236,1851488,-0.3046265,7.0628662,0
6598,1779177382758233270,1,1,50,-79856,1851488,-37723,73857,730803,20411,-554845,-102236,1851488,-0.3046265,7.0628662,0
6599,1779177382763293676,1,1,50,-79856,1851488,-36608,71041,734067,20901,-556498,-102236,1851488,-0.3046265,7.0628662,0
6600,1779177382768233279,1,1,50,-79856,1851488,-36323,71548,738458,21429,-557282,-102236,1851488,-0.3046265,7.0628662,0
6601,1779177382773279828,1,1,50,-79856,1851488,-35999,71937,744689,22027,-557827,-102236,1851488,-0.3046265,7.0628662,0
6602,1779177382778218919,1,1,50,-79856,1851488,-35690,72368,750623,22658,-555491,-102236,1851488,-0.3046265,7.0628662,0
6603,1779177382783315805,1,1,50,-79856,1851488,-34916,68732,756083,23307,-551901,-102236,1851488,-0.3046265,7.0628662,0
6604,1779177382788211311,1,1,50,-79856,1851488,-34622,69156,759762,23889,-546982,-102236,1851488,-0.3046265,7.0628662,0
6605,1779177382793214788,1,1,50,-79856,1851488,-34300,69497,760830,24392,-544696,-102236,1851488,-0.3046265,7.0628662,0
6606,1779177382798229368,1,1,50,-79856,1851488,-33970,69790,761958,24851,-544662,-102236,1851488,-0.3046265,7.0628662,0
6607,1779177382803251629,1,1,50,-79856,1851488,-32114,67536,765637,25330,-546356,-102236,1851488,-0.3046265,7.0628662,0
6608,1779177382808285186,1,1,50,-79856,1851488,-31748,67743,770681,25872,-549241,-102236,1851488,-0.3046265,7.0628662,0
6609,1779177382813247254,1,1,50,-102224,1851488,-31382,67904,774538,26470,-552310,-102236,1851488,-0.3899536,7.0628662,0
6610,1779177382818254538,1,1,50,-102224,1851488,-30272,65122,778573,27139,-555563,-102236,1851488,-0.3899536,7.0628662,0
6611,1779177382823293375,1,1,50,-102224,1851488,-29876,65201,784626,27904,-557819,-102236,1851488,-0.3899536,7.0628662,0
6612,1779177382828286228,1,1,50,-102224,1851488,-29470,65223,791035,28737,-557785,-102236,1851488,-0.3899536,7.0628662,0
6613,1779177382833268679,1,1,50,-102224,1851488,-29062,66205,796910,29599,-556197,-102236,1851488,-0.3899536,7.0628662,0
6614,1779177382838251099,1,1,50,-102224,1851488,-27938,63441,801124,30447,-554777,-102236,1851488,-0.3899536,7.0628662,0
6615,1779177382843236751,1,1,50,-102224,1851488,-27516,63398,801717,31242,-554643,-102236,1851488,-0.3899536,7.0628662,0
6616,1779177382848231332,1,1,50,-102224,1851488,-27087,63292,802548,32011,-555596,-102236,1851488,-0.3899536,7.0628662,0
6617,1779177382853295993,1,1,50,-102224,1851488,-26301,63567,807651,32832,-557159,-102236,1851488,-0.3899536,7.0628662,0
6618,1779177382858241804,1,1,50,-102224,1851488,-25192,60808,814950,33709,-557856,-102236,1851488,-0.3899536,7.0628662,0
6619,1779177382863245473,1,1,50,-102224,1851488,-24737,60581,819816,34627,-559196,-102236,1851488,-0.3899536,7.0628662,0
6620,1779177382868234933,1,1,50,-102224,1851488,-24280,60319,825039,35588,-560552,-102236,1851488,-0.3899536,7.0628662,0
6621,1779177382873285962,1,1,50,-102224,1851488,-23792,59956,833881,36648,-561455,-102236,1851488,-0.3899536,7.0628662,0
6622,1779177382878233533,1,1,50,-102224,1851488,-22685,57189,843316,37770,-559301,-102236,1851488,-0.3899536,7.0628662,0
6623,1779177382883296915,1,1,50,-102224,1851488,-21970,58399,847648,38887,-555211,-102236,1851488,-0.3899536,7.0628662,0
6624,1779177382888228422,1,1,50,-102224,1851488,-21478,58056,848479,39870,-549586,-102236,1851488,-0.3899536,7.0628662,0
6625,1779177382893214906,1,1,50,-102224,1851488,-20976,57669,850437,40752,-547568,-102236,1851488,-0.3899536,7.0628662,0
6626,1779177382898212974,1,1,50,-102224,1851488,-19861,54919,856431,41638,-550255,-102236,1851488,-0.3899536,7.0628662,0
6627,1779177382903260836,1,1,50,-79856,1851488,-18678,53633,864205,42636,-556389,-102236,1851488,-0.3046265,7.0628662,0
6628,1779177382908231895,1,1,50,-102224,-1851504,-18171,53069,869308,43743,-563424,-102236,1851488,-0.3899536,-7.0629272,0
6629,1779177382912878851,1,1,50,-102224,1851488,-17727,52602,874056,44916,-569373,-102029,-1851504,-0.3899536,7.0628662,0
6630,1779177382918286241,1,1,50,-102224,-1851504,-16558,49470,881473,46466,-579141,-101645,1851488,-0.3899536,-7.0629272,0
6631,1779177382923235860,1,1,50,-102224,1851488,-16031,48716,889603,48191,-579641,-100079,-1851504,-0.3899536,7.0628662,0
6632,1779177382928230793,1,1,50,-102224,-1851504,-15494,47937,894351,50035,-574791,-98440,1851488,-0.3899536,-7.0629272,0
6633,1779177382933282398,1,1,50,-74896,-1851504,-14561,49274,894885,51821,-567915,-97264,-1851504,-0.2857056,-7.0629272,0
6634,1779177382938235857,1,1,50,-102224,1851488,-13996,48481,896487,53352,-563364,-98038,-1851504,-0.3899536,7.0628662,0
6635,1779177382943236678,1,1,50,-102224,1851488,-13418,47631,903252,54757,-562984,-99414,1851488,-0.3899536,7.0628662,0
6636,1779177382948215129,1,1,50,-102224,1851488,-12348,44820,911382,56031,-564508,-102074,1851488,-0.3899536,7.0628662,0
6637,1779177382953297520,1,1,50,-102224,1851488,-11377,43192,916782,57368,-565887,-102236,1851488,-0.3899536,7.0628662,0
6638,1779177382958240387,1,1,50,-102224,1851488,-10833,42299,923191,58863,-565791,-99988,1851488,-0.3899536,7.0628662,0
6639,1779177382963258839,1,1,50,-102224,1851488,-10272,41338,933220,60625,-566024,-97207,1851488,-0.3899536,7.0628662,0
6640,1779177382968247755,1,1,50,-102224,1851488,-9713,40373,940519,62537,-562538,-95145,1851488,-0.3899536,7.0628662,0
6641,1779177382973244640,1,1,50,-102224,1851488,-9156,39422,942418,64405,-554136,-94095,1851488,-0.3899536,7.0628662,0
6642,1779177382978216243,1,1,50,-102224,1851488,-8151,36714,944554,66086,-544816,-93779,1851488,-0.3899536,7.0628662,0
6643,1779177382983239752,1,1,50,-102224,1851488,-8143,37057,952150,67687,-541041,-93077,1851488,-0.3899536,7.0628662,0
6644,1779177382988238076,1,1,50,-102224,1851488,-7580,36100,963485,69301,-544698,-92959,1851488,-0.3899536,7.0628662,0
6645,1779177382993294546,1,1,50,-102224,1851488,-7008,35046,970487,71045,-552990,-92777,1851488,-0.3899536,7.0628662,0
6646,1779177382998321735,1,1,50,-102224,-1851504,-6533,32293,975828,72971,-561998,-92315,1851488,-0.3899536,-7.0629272,0
6647,1779177383003251610,1,1,50,-68176,1851488,-6035,31188,983068,75163,-569060,-90544,-1851504,-0.2600708,7.0628662,0
6648,1779177383008299407,1,1,50,-66272,1851488,-5511,29954,988230,77655,-573146,-88650,1851488,-0.2528076,7.0628662,0
6649,1779177383014449150,1,1,50,-64848,1851488,-5239,29690,989477,80807,-576634,-87228,1851488,-0.2473755,7.0628662,0
6650,1779177383018322455,1,1,50,-64848,1851488,-4501,27513,992562,82789,-562142,-87228,1851488,-0.2473755,7.0628662,0
6651,1779177383023740981,1,1,50,-64720,1851488,-3506,24483,998319,85262,-559174,-87103,1851488,-0.2468872,7.0628662,0
6652,1779177383028451907,1,1,50,-63408,1851488,-3068,23470,1003956,87431,-554687,-85781,1851488,-0.2418823,7.0628662,0
6653,1779177383033347348,1,1,50,-62048,1851488,-2184,24650,1009475,89678,-554150,-84427,1851488,-0.2366943,7.0628662,0
6654,1779177383038369801,1,1,50,-62544,1851488,-1660,23427,1016240,91953,-554765,-84927,1851488,-0.2385864,7.0628662,0
6655,1779177383043268154,1,1,50,-63344,1851488,-1165,22271,1021700,94129,-552604,-85714,1851488,-0.2416382,7.0628662,0
6656,1779177383048309231,1,1,50,-63696,1851488,-652,21044,1026150,96285,-548125,-86079,1851488,-0.2429810,7.0628662,0
6657,1779177383054349500,1,1,50,-63504,1851488,-87,18953,1033034,98796,-546031,-85879,1851488,-0.2422485,7.0628662,0
6658,1779177383058178261,1,1,50,-62496,1851488,176,18418,1038316,100343,-531166,-84873,1851488,-0.2384033,7.0628662,0
6659,1779177383063306668,1,1,50,-61824,1851488,662,17165,1044487,102242,-530692,-84206,1851488,-0.2358398,7.0628662,0
6660,1779177383067971640,1,1,50,-61264,1851488,1057,16151,1051430,103986,-532636,-83634,1851488,-0.2337036,7.0628662,0
6661,1779177383073319892,1,1,50,-60704,1851488,1564,14679,1057958,106132,-543787,-83082,1851488,-0.2315674,7.0628662,0
6662,1779177383078324296,1,1,50,-59776,1851488,2376,11909,1063358,108430,-553416,-82150,1851488,-0.2280273,7.0628662,0
6663,1779177383083247546,1,1,50,-57760,1851488,3481,11349,1068283,111002,-559817,-80138,1851488,-0.2203369,7.0628662,0
6664,1779177383088255535,1,1,50,-56464,1851488,3905,9963,1073031,113814,-562212,-78835,1851488,-0.2153931,7.0628662,0
6665,1779177383093264131,1,1,50,-55616,1851488,4326,8544,1077422,116697,-560419,-77988,1851488,-0.2121582,7.0628662,0
6666,1779177383098429723,1,1,50,-55056,1851488,4756,7059,1081754,119632,-557667,-77439,1851488,-0.2100220,7.0628662,0
6667,1779177383103037862,1,1,50,-54656,1851488,4492,6765,1084781,122146,-552719,-77025,1851488,-0.2084961,7.0628662,0
6668,1779177383108418755,1,1,50,-54832,1851488,4911,5124,1087748,124952,-552756,-77213,1851488,-0.2091675,7.0628662,0
6669,1779177383113414199,1,1,50,-54928,1851488,5254,3714,1092377,127520,-550001,-77307,1851488,-0.2095337,7.0628662,0
6670,1779177383118500557,1,1,50,-54736,1851488,5965,934,1097599,130058,-546420,-77105,1851488,-0.2088013,7.0628662,0
6671,1779177383123348125,1,1,50,-53312,1851488,6260,-355,1103889,132420,-539414,-75683,1851488,-0.2033691,7.0628662,0
6672,1779177383128065035,1,1,50,-51760,1851488,6863,-2854,1111841,134693,-529749,-74130,1851488,-0.1974487,7.0628662,0
6673,1779177383133149025,1,1,50,-52768,1851488,6761,-2135,1118843,137052,-520847,-75149,1851488,-0.2012939,7.0628662,0
6674,1779177383138373498,1,1,50,-55232,1851488,6709,-2237,1122285,139017,-515962,-77607,1851488,-0.2106934,7.0628662,0
6675,1779177383143310476,1,1,50,-57536,1851488,6973,-3489,1126498,140622,-512579,-79919,1851488,-0.2194824,7.0628662,0
6676,1779177383148236031,1,1,50,-58560,1851488,7222,-4757,1134094,142140,-513460,-80930,1851488,-0.2233887,7.0628662,0
6677,1779177383153456888,1,1,50,-58048,1851488,6900,-6413,1141631,143859,-519165,-80429,1851488,-0.2214355,7.0628662,0
6678,1779177383158404747,1,1,50,-55936,1851488,7454,-9005,1146794,145759,-523777,-78304,1851488,-0.2133789,7.0628662,0
6679,1779177383163239035,1,1,50,-54240,1851488,7603,-10300,1153203,147845,-527968,-76619,1851488,-0.2069092,7.0628662,0
6680,1779177383168237647,1,1,50,-52832,1851488,7758,-11732,1161451,150232,-532900,-75215,1851488,-0.2015381,7.0628662,0
6681,1779177383173332709,1,1,50,-51440,1851488,7900,-13218,1166317,152863,-536707,-73810,1851488,-0.1962280,7.0628662,0
6682,1779177383177917392,1,1,50,-49776,1851488,8316,-15675,1166021,155232,-536034,-72153,1851488,-0.1898804,7.0628662,0
6683,1779177383183347726,1,1,50,-47808,1851488,8454,-15371,1170056,158251,-536489,-70179,1851488,-0.1823730,7.0628662,0
6684,1779177383188286432,1,1,50,-47120,1851488,8553,-16784,1176940,161055,-533458,-69495,1851488,-0.1797485,7.0628662,0
6685,1779177383193289844,1,1,50,-46688,1851488,8645,-18236,1181568,163833,-530004,-69067,1851488,-0.1781006,7.0628662,0
6686,1779177383198311881,1,1,50,-45920,1851488,8713,-19633,1186256,166572,-523568,-68299,1851488,-0.1751709,7.0628662,0
6687,1779177383203311037,1,1,50,-44656,1851488,7994,-20815,1193377,169247,-513551,-67039,1851488,-0.1703491,7.0628662,0
6688,1779177383208285008,1,1,50,-43200,1851488,8344,-23308,1196938,171738,-501126,-65573,1851488,-0.1647949,7.0628662,0
6689,1779177383213243652,1,1,50,-41072,1851488,8337,-24517,1197828,174005,-487255,-63453,1851488,-0.1566772,7.0628662,0
6690,1779177383218275160,1,1,50,-39200,1851488,7995,-24532,1206255,176144,-474953,-61571,1851488,-0.1495361,7.0628662,0
6691,1779177383223241388,1,1,50,-38480,1851488,7958,-25658,1218895,178116,-467274,-60851,1851488,-0.1467896,7.0628662,0
6692,1779177383228231167,1,1,50,-37712,1851488,8226,-27983,1226491,180006,-465868,-60086,1851488,-0.1438599,7.0628662,0
6693,1779177383233254004,1,1,50,-35488,1851488,7591,-27785,1231594,182026,-469613,-57856,1851488,-0.1353760,7.0628662,0
6694,1779177383238287689,1,1,50,-33504,1851488,7515,-29028,1236045,184265,-477735,-55878,1851488,-0.1278076,7.0628662,0
6695,1779177383243310013,1,1,50,-31568,1851488,7416,-30287,1238300,186784,-487909,-53944,1851488,-0.1204224,7.0628662,0
6696,1779177383248228271,1,1,50,-29520,1851488,7302,-31560,1244471,189629,-496691,-51893,1851488,-0.1126099,7.0628662,0
6697,1779177383253506474,1,1,50,-27376,1851488,6308,-33068,1252305,193077,-503757,-49748,1851488,-0.1044312,7.0628662,0
6698,1779177383258403644,1,1,50,-24688,1851488,6460,-35547,1254916,196551,-506221,-47061,1851488,-0.0941772,7.0628662,0
6699,1779177383263317454,1,1,50,-21312,1851488,5944,-35688,1256458,200231,-505255,-43685,1851488,-0.0812988,7.0628662,0
6700,1779177383268235744,1,1,50,-19200,1851488,5751,-36987,1260138,203970,-499584,-41582,1851488,-0.0732422,7.0628662,0
6701,1779177383273282581,1,1,50,-18080,1851488,5551,-38296,1265241,207705,-487711,-40454,1851488,-0.0689697,7.0628662,0
6702,1779177383278284521,1,1,50,-17344,1851488,5642,-40645,1269751,211117,-469504,-39713,1851488,-0.0661621,7.0628662,0
6703,1779177383283299165,1,1,50,-15952,1851488,5583,-42149,1273787,214133,-448712,-38324,1851488,-0.0608521,7.0628662,0
6704,1779177383288278737,1,1,50,-14288,1851488,5287,-43145,1279187,216707,-430669,-36664,1851488,-0.0545044,7.0628662,0
6705,1779177383293282661,1,1,50,-12864,1851488,4978,-44087,1283459,218918,-418408,-35236,1851488,-0.0490723,7.0628662,0
6706,1779177383298282233,1,1,50,-11568,1851488,4339,-43869,1285240,220864,-411608,-33950,1851488,-0.0441284,7.0628662,0
6707,1779177383304266468,1,1,50,-11184,1851488,3458,-44044,1288622,223006,-412627,-33553,1851488,-0.0426636,7.0628662,0
6708,1779177383308280417,1,1,50,-11040,1851488,3789,-46852,1291886,224455,-416896,-33416,1851488,-0.0421143,7.0628662,0
6709,1779177383313296502,1,1,50,-9024,1851488,3426,-47857,1296811,226525,-426613,-31397,1851488,-0.0344238,7.0628662,0
6710,1779177383318300074,1,1,50,-5888,1851488,2738,-47774,1300728,229030,-435813,-28262,1851488,-0.0224609,7.0628662,0
6711,1779177383323280957,1,1,50,-3280,1851488,2364,-48858,1303695,231892,-442691,-25659,1851488,-0.0125122,7.0628662,0
6712,1779177383328272817,1,1,50,-1056,1851488,2280,-51083,1306603,23503