timestamp_sec,timestamp_nsec,amcl_type,min_particles,max_particles,max_beams,system_cpu_percent,amcl_cpu_percent,amcl_memory_mb,memory_percent,memory_used_mb,scan_to_pose_latency_ms,scan_rate_hz,pose_rate_hz,num_cores,position_error_m,orientation_error_rad,position_error_mean_m,orientation_error_mean_rad,cpu_core_0_percent,cpu_core_1_percent,cpu_core_2_percent,cpu_core_3_percent,cpu_core_4_percent,cpu_core_5_percent,gpu_percent,gpu_freq_mhz,emc_percent
1770108608,809844353,nav2_amcl,200,1000,120,62.3,0.0,30.4,13.2,753.6,0.0,0.0,0.0,6,0.0,0.0,0.0,0.0,81.8,40.0,55.6,72.7,54.5,44.4,0.0,0.0,0.0
1770108609,434640519,nav2_amcl,200,1000,120,15.8,7.7,30.4,13.3,760.2,0.0,0.0,0.0,6,0.0,0.0,0.0,0.0,6.9,8.3,37.7,16.7,19.4,4.8,0.0,0.0,0.0
1770108609,459608279,nav2_amcl,200,1000,120,28.6,0.0,30.4,13.3,760.2,0.0,80.1,0.0,6,0.0,0.0,0.0,0.0,100.0,0.0,50.0,50.0,0.0,0.0,0.0,0.0,0.0
1770108609,509650939,nav2_amcl,200,1000,120,21.7,0.0,30.4,13.3,760.2,0.0,219.9,0.0,6,0.0,0.0,0.0,0.0,80.0,0.0,50.0,25.0,0.0,0.0,0.0,0.0,0.0
1770108609,559661213,nav2_amcl,200,1000,120,27.6,0.0,30.4,13.3,760.2,0.0,129.4,0.0,6,0.0,0.0,0.0,0.0,25.0,40.0,60.0,20.0,16.7,0.0,0.0,0.0,0.0
1770108609,609645183,nav2_amcl,200,1000,120,20.7,0.0,30.4,13.3,760.4,0.0,100.0,0.0,6,0.0,0.0,0.0,0.0,0.0,66.7,50.0,0.0,0.0,0.0,0.0,0.0,0.0
1770108609,659637857,nav2_amcl,200,1000,120,25.8,20.2,30.4,13.3,760.4,0.0,85.0,0.0,6,0.0,0.0,0.0,0.0,0.0,60.0,50.0,20.0,0.0,20.0,0.0,0.0,0.0
1770108609,709649731,nav2_amcl,200,1000,120,18.5,0.0,30.4,13.3,760.4,0.0,76.0,0.0,6,0.0,0.0,0.0,0.0,0.0,60.0,50.0,0.0,0.0,0.0,0.0,0.0,0.0
1770108609,759650949,nav2_amcl,200,1000,120,20.7,0.0,30.4,13.3,760.4,0.0,70.0,0.0,6,0.0,0.0,0.0,0.0,16.7,50.0,50.0,0.0,0.0,0.0,0.0,0.0,0.0
1770108609,809662216,nav2_amcl,200,1000,120,17.9,0.0,30.4,13.3,760.4,0.0,65.7,0.0,6,0.0,0.0,0.0,0.0,40.0,40.0,60.0,0.0,0.0,0.0,0.0,0.0,0.0
1770108609,859625097,nav2_amcl,200,1000,120,23.3,19.9,30.4,13.3,760.4,0.0,62.5,0.0,6,0.0,0.0,0.0,0.0,0.0,40.0,60.0,0.0,0.0,0.0,0.0,0.0,0.0
1770108609,909650572,nav2_amcl,200,1000,120,20.7,0.0,30.4,13.3,760.4,0.0,60.0,0.0,6,0.0,0.0,0.0,0.0,0.0,50.0,50.0,0.0,0.0,0.0,0.0,0.0,0.0
1770108609,959677967,nav2_amcl,200,1000,120,20.7,0.0,30.4,13.3,760.4,0.0,58.0,0.0,6,0.0,0.0,0.0,0.0,0.0,0.0,60.0,0.0,33.3,25.0,0.0,0.0,0.0
1770108610,459617699,nav2_amcl,200,1000,120,12.2,3.9,30.4,13.3,760.4,0.0,29.3,0.0,6,0.0,0.0,0.0,0.0,6.0,6.2,10.0,13.7,3.8,32.1,0.0,0.0,0.0
1770108610,509707495,nav2_amcl,200,1000,120,38.1,28.2,30.4,13.3,760.4,0.0,36.3,0.0,6,0.0,0.0,0.0,0.0,0.0,0.0,75.0,100.0,0.0,25.0,0.0,0.0,0.0
1770108610,559685577,nav2_amcl,200,1000,120,31.0,0.0,30.4,13.3,760.4,0.0,38.2,0.0,6,0.0,0.0,0.0,0.0,20.0,60.0,50.0,40.0,0.0,20.0,0.0,0.0,0.0
1770108610,609686955,nav2_amcl,200,1000,120,18.5,0.0,30.4,13.3,760.4,0.0,38.3,0.0,6,0.0,0.0,0.0,0.0,0.0,60.0,50.0,0.0,0.0,0.0,0.0,0.0,0.0
1770108610,659676333,nav2_amcl,200,1000,120,23.3,20.1,30.4,13.3,760.4,0.0,38.3,0.0,6,0.0,0.0,0.0,0.0,0.0,50.0,60.0,25.0,0.0,0.0,0.0,0.0,0.0
1770108610,709682639,nav2_amcl,200,1000,120,23.3,0.0,30.4,13.3,760.4,0.0,38.4,0.0,6,0.0,0.0,0.0,0.0,0.0,0.0,60.0,50.0,0.0,0.0,0.0,0.0,0.0
1770108610,759667345,nav2_amcl,200,1000,120,20.0,19.9,30.4,13.3,760.6,0.0,38.5,0.0,6,0.0,0.0,0.0,0.0,0.0,40.0,60.0,40.0,0.0,0.0,0.0,0.0,0.0
1770108610,809679700,nav2_amcl,200,1000,120,21.4,0.0,30.4,13.3,760.6,0.0,38.5,0.0,6,0.0,0.0,0.0,0.0,0.0,60.0,60.0,0.0,0.0,0.0,0.0,0.0,0.0
1770108610,859659541,nav2_amcl,200,1000,120,20.0,0.0,30.4,13.3,760.6,0.0,38.6,0.0,6,0.0,0.0,0.0,0.0,33.3,20.0,50.0,40.0,0.0,0.0,0.0,0.0,0.0
1770108610,909692120,nav2_amcl,200,1000,120,25.8,19.9,30.4,13.3,760.6,0.0,38.6,0.0,6,0.0,0.0,0.0,0.0,0.0,0.0,60.0,50.0,16.7,0.0,0.0,0.0,0.0
1770108610,959682010,nav2_amcl,200,1000,120,20.7,0.0,30.4,13.3,760.6,0.0,38.7,0.0,6,0.0,0.0,0.0,0.0,0.0,0.0,60.0,60.0,0.0,0.0,0.0,0.0,0.0
1770108611,9674588,nav2_amcl,200,1000,120,17.9,0.0,30.4,13.3,760.6,0.0,38.7,0.0,6,0.0,0.0,0.0,0.0,40.0,0.0,50.0,20.0,0.0,0.0,0.0,0.0,0.0
1770108611,534677699,nav2_amcl,200,1000,120,16.5,5.6,30.6,13.3,761.1,0.0,29.0,0.0,6,0.0,0.0,0.0,0.0,8.0,5.8,9.4,13.0,24.5,31.4,0.0,0.0,0.0
1770108611,559838232,nav2_amcl,200,1000,120,75.0,0.0,30.6,13.3,761.1,0.0,30.6,0.0,6,0.0,0.0,0.0,0.0,100.0,100.0,100.0,50.0,50.0,100.0,0.0,0.0,0.0
1770108611,609799961,nav2_amcl,200,1000,120,35.7,19.8,30.6,13.3,761.1,0.0,34.0,0.0,6,0.0,0.0,0.0,0.0,75.0,40.0,40.0,25.0,25.0,20.0,0.0,0.0,0.0
1770108611,659894590,nav2_amcl,200,1000,120,78.6,81.4,34.7,13.4,767.1,0.0,34.1,0.0,6,0.0,0.0,0.0,0.0,83.3,60.0,60.0,80.0,66.7,100.0,0.0,0.0,0.0
1770108611,709734716,nav2_amcl,200,1000,120,48.1,82.2,81.7,14.0,818.1,0.0,34.2,0.0,6,0.0,0.0,0.0,0.0,40.0,60.0,25.0,75.0,83.3,25.0,0.0,0.0,0.0
1770108611,759788127,nav2_amcl,200,1000,120,50.0,100.1,106.4,14.4,841.5,0.0,34.3,0.0,6,0.0,0.0,0.0,0.0,50.0,40.0,33.3,50.0,75.0,50.0,0.0,0.0,0.0
1770108611,809779393,nav2_amcl,200,1000,120,39.3,119.0,120.9,14.5,855.7,0.0,34.5,0.0,6,0.0,0.0,0.0,0.0,100.0,25.0,25.0,20.0,25.0,25.0,0.0,0.0,0.0
1770108611,859993033,nav2_amcl,200,1000,120,40.0,97.5,131.2,14.7,869.8,0.0,34.6,0.0,6,0.0,0.0,0.0,0.0,60.0,0.0,20.0,80.0,50.0,20.0,0.0,0.0,0.0
1770108611,909764677,nav2_amcl,200,1000,120,41.4,84.1,133.0,14.8,871.8,0.0,34.7,0.0,6,0.0,0.0,0.0,0.0,40.0,20.0,20.0,100.0,60.0,20.0,0.0,0.0,0.0
1770108611,959726055,nav2_amcl,200,1000,120,35.7,101.4,133.2,14.8,871.8,0.0,34.8,0.0,6,0.0,0.0,0.0,0.0,0.0,50.0,0.0,100.0,20.0,20.0,0.0,0.0,0.0
1770108612,9714440,nav2_amcl,200,1000,120,36.7,119.8,133.2,14.8,871.8,0.0,34.9,0.0,6,0.0,0.0,0.0,0.0,0.0,40.0,0.0,100.0,40.0,25.0,0.0,0.0,0.0
1770108612,59745323,nav2_amcl,200,1000,120,45.2,100.2,133.2,14.8,871.8,0.0,35.0,0.0,6,0.0,0.0,0.0,0.0,0.0,60.0,16.7,100.0,50.0,40.0,0.0,0.0,0.0
1770108612,559683391,nav2_amcl,200,1000,120,21.5,81.4,133.6,14.8,872.5,0.0,29.4,0.0,6,0.0177,0.0014,0.0177,0.0014,28.6,16.0,21.6,56.9,6.0,8.0,0.0,0.0,0.0
1770108612,609706946,nav2_amcl,200,1000,120,50.0,89.3,133.6,14.8,872.5,25.06,31.7,399.0,6,0.1929,0.0241,0.0848,0.0205,100.0,50.0,0.0,75.0,33.3,33.3,0.0,0.0,0.0
1770108612,659695556,nav2_amcl,200,1000,120,24.1,77.8,133.6,14.8,872.5,25.04,31.2,146.6,6,0.1277,0.0274,0.0884,0.0211,50.0,0.0,25.0,50.0,0.0,0.0,0.0,0.0,0.0
1770108612,709689286,nav2_amcl,200,1000,120,37.9,80.9,133.6,14.8,872.5,25.04,30.7,96.0,6,0.0151,0.0052,0.0828,0.0198,0.0,20.0,40.0,80.0,40.0,33.3,0.0,0.0,0.0
1770108612,759691336,nav2_amcl,200,1000,120,17.9,40.1,133.6,14.8,872.5,25.04,30.2,96.0,6,0.0151,0.0052,0.0828,0.0198,0.0,0.0,20.0,33.3,33.3,25.0,0.0,0.0,0.0
1770108612,809768236,nav2_amcl,200,1000,120,24.1,19.8,133.6,14.8,872.5,25.04,30.2,96.0,6,0.0151,0.0052,0.0828,0.0198,33.3,20.0,25.0,40.0,25.0,20.0,0.0,0.0,0.0
1770108612,859724622,nav2_amcl,200,1000,120,20.7,0.0,133.6,14.8,872.5,25.04,30.2,96.0,6,0.0151,0.0052,0.0828,0.0198,0.0,60.0,60.0,0.0,0.0,0.0,0.0,0.0,0.0
1770108612,909732208,nav2_amcl,200,1000,120,29.0,20.0,133.6,14.8,872.5,25.04,30.2,96.0,6,0.0151,0.0052,0.0828,0.0198,20.0,33.3,60.0,20.0,0.0,16.7,0.0,0.0,0.0
1770108612,959753171,nav2_amcl,200,1000,120,26.7,0.0,133.6,14.8,872.5,25.04,30.2,96.0,6,0.0151,0.0052,0.0828,0.0198,16.7,40.0,60.0,20.0,16.7,0.0,0.0,0.0,0.0
1770108613,9767317,nav2_amcl,200,1000,120,24.1,20.0,133.6,14.8,872.5,25.04,30.2,96.0,6,0.0151,0.0052,0.0828,0.0198,0.0,0.0,33.3,50.0,25.0,0.0,0.0,0.0,0.0
1770108613,59750583,nav2_amcl,200,1000,120,36.7,20.1,133.6,14.8,872.5,25.04,30.2,96.0,6,0.0151,0.0052,0.0828,0.0198,25.0,33.3,0.0,50.0,25.0,80.0,0.0,0.0,0.0
1770108613,109762233,nav2_amcl,200,1000,120,35.5,77.4,133.6,14.8,872.5,25.03,30.2,24.8,6,0.087,0.0075,0.0831,0.019,66.7,0.0,40.0,33.3,16.7,60.0,0.0,0.0,0.0
1770108613,609724046,nav2_amcl,200,1000,120,22.8,59.6,133.6,14.8,872.8,25.03,26.2,13.3,6,0.1904,0.0145,0.0902,0.0187,16.0,10.0,44.0,28.0,6.0,32.1,0.0,0.0,0.0
1770108613,659752945,nav2_amcl,200,1000,120,41.2,34.8,133.6,14.8,872.8,25.03,31.4,16.7,6,0.6168,0.0054,0.1947,0.0232,0.0,33.3,33.3,66.7,0.0,100.0,0.0,0.0,0.0
1770108613,709773972,nav2_amcl,200,1000,120,37.9,60.7,133.6,14.8,872.8,25.03,30.9,16.9,6,0.423,0.0071,0.2061,0.0224,20.0,20.0,60.0,0.0,16.7,60.0,0.0,0.0,0.0
1770108613,759765750,nav2_amcl,200,1000,120,20.7,20.1,133.6,14.8,872.8,25.03,30.7,16.9,6,0.423,0.0071,0.2061,0.0224,40.0,25.0,0.0,20.0,0.0,50.0,0.0,0.0,0.0
1770108613,809751607,nav2_amcl,200,1000,120,26.7,19.9,133.6,14.8,872.8,25.03,30.2,16.9,6,0.423,0.0071,0.2061,0.0224,40.0,25.0,28.6,0.0,0.0,50.0,0.0,0.0,0.0
1770108613,859765018,nav2_amcl,200,1000,120,24.1,20.0,133.6,14.8,872.8,25.03,30.2,16.9,6,0.423,0.0071,0.2061,0.0224,40.0,33.3,20.0,20.0,0.0,40.0,0.0,0.0,0.0
1770108613,909771708,nav2_amcl,200,1000,120,25.8,0.0,133.6,14.8,872.8,25.03,30.2,16.9,6,0.423,0.0071,0.2061,0.0224,33.3,0.0,25.0,33.3,0.0,60.0,0.0,0.0,0.0
1770108613,959771294,nav2_amcl,200,1000,120,24.1,20.0,133.6,14.8,872.8,25.03,30.2,16.9,6,0.423,0.0071,0.2061,0.0224,25.0,42.9,16.7,20.0,0.0,50.0,0.0,0.0,0.0
1770108614,9767360,nav2_amcl,200,1000,120,20.7,19.9,133.6,14.8,872.8,25.03,30.2,16.9,6,0.423,0.0071,0.2061,0.0224,20.0,40.0,0.0,0.0,40.0,20.0,0.0,0.0,0.0
1770108614,59767331,nav2_amcl,200,1000,120,30.8,0.0,133.6,14.8,872.8,25.03,30.2,16.9,6,0.423,0.0071,0.2061,0.0224,25.0,20.0,40.0,25.0,0.0,80.0,0.0,0.0,0.0
1770108614,109764005,nav2_amcl,200,1000,120,37.5,60.5,133.6,14.8,872.8,25.03,30.2,16.9,6,0.423,0.0071,0.2061,0.0224,20.0,60.0,25.0,20.0,0.0,60.0,0.0,0.0,0.0
1770108614,159783079,nav2_amcl,200,1000,120,24.1,20.0,133.6,14.8,872.8,25.03,30.2,16.9,6,0.423,0.0071,0.2061,0.0224,20.0,33.3,33.3,50.0,0.0,50.0,0.0,0.0,0.0
1770108614,659787549,nav2_amcl,200,1000,120,20.5,36.5,133.6,14.8,872.8,25.03,26.2,9.5,6,0.2355,0.0149,0.2075,0.022,23.1,26.0,18.4,25.0,15.7,12.0,0.0,0.0,0.0
1770108614,709795039,nav2_amcl,200,1000,120,45.0,62.6,133.6,14.8,872.8,25.03,31.7,10.4,6,0.1746,0.0057,0.1984,0.0205,33.3,50.0,66.7,100.0,50.0,0.0,0.0,0.0,0.0
1770108614,759765889,nav2_amcl,200,1000,120,24.1,0.0,133.6,14.8,872.8,25.03,31.2,10.4,6,0.1746,0.0057,0.1984,0.0205,0.0,0.0,20.0,57.1,40.0,0.0,0.0,0.0,0.0
1770108614,809773251,nav2_amcl,200,1000,120,20.7,20.0,133.6,14.8,872.8,25.03,30.7,10.4,6,0.1746,0.0057,0.1984,0.0205,33.3,20.0,20.0,20.0,0.0,25.0,0.0,0.0,0.0
1770108614,859784934,nav2_amcl,200,1000,120,24.1,20.1,133.6,14.8,872.8,25.03,30.2,10.4,6,0.1746,0.0057,0.1984,0.0205,60.0,33.3,0.0,0.0,0.0,60.0,0.0,0.0,0.0
1770108614,909801992,nav2_amcl,200,1000,120,20.7,0.0,133.6,14.8,872.8,25.03,30.2,10.4,6,0.1746,0.0057,0.1984,0.0205,40.0,0.0,20.0,20.0,0.0,50.0,0.0,0.0,0.0
1770108614,959804139,nav2_amcl,200,1000,120,25.8,20.4,133.6,14.8,872.8,25.03,30.2,10.4,6,0.1746,0.0057,0.1984,0.0205,0.0,40.0,16.7,25.0,0.0,50.0,0.0,0.0,0.0
1770108615,9790476,nav2_amcl,200,1000,120,20.7,0.0,133.6,14.8,872.8,25.03,30.2,10.4,6,0.1746,0.0057,0.1984,0.0205,16.7,16.7,25.0,20.0,0.0,50.0,0.0,0.0,0.0
1770108615,59808015,nav2_amcl,200,1000,120,40.0,39.9,133.6,14.8,872.8,25.03,30.2,10.4,6,0.1746,0.0057,0.1984,0.0205,20.0,0.0,75.0,50.0,40.0,40.0,0.0,0.0,0.0
1770108615,109798801,nav2_amcl,200,1000,120,26.7,0.0,133.6,14.8,872.8,25.03,30.2,10.4,6,0.1746,0.0057,0.1984,0.0205,40.0,40.0,33.3,40.0,0.0,0.0,0.0,0.0,0.0
1770108615,159795155,nav2_amcl,200,1000,120,26.7,20.2,133.6,14.8,872.8,25.03,30.2,10.4,6,0.1746,0.0057,0.1984,0.0205,60.0,0.0,20.0,50.0,0.0,0.0,0.0,0.0,0.0
1770108615,209818486,nav2_amcl,200,1000,120,26.9,80.1,133.6,14.8,872.8,25.03,30.2,8.8,6,0.4161,0.0225,0.2074,0.0206,50.0,25.0,0.0,25.0,60.0,0.0,0.0,0.0,0.0
1770108615,709817963,nav2_amcl,200,1000,120,16.7,21.2,133.6,14.8,872.8,25.03,26.2,7.6,6,0.323,0.0238,0.2121,0.0207,9.8,37.0,4.0,19.6,17.6,10.4,0.0,0.0,0.0
1770108615,759818158,nav2_amcl,200,1000,120,35.0,32.1,133.6,14.8,872.8,25.03,31.4,7.6,6,0.323,0.0238,0.2121,0.0207,0.0,0.0,0.0,66.7,75.0,0.0,0.0,0.0,0.0
1770108615,809816848,nav2_amcl,200,1000,120,21.4,0.0,133.6,14.8,872.8,25.03,30.9,7.6,6,0.323,0.0238,0.2121,0.0207,20.0,0.0,0.0,40.0,50.0,20.0,0.0,0.0,0.0
1770108615,859827890,nav2_amcl,200,1000,120,23.3,20.3,133.6,14.8,872.8,25.03,30.5,7.6,6,0.323,0.0238,0.2121,0.0207,0.0,0.0,20.0,40.0,60.0,16.7,0.0,0.0,0.0
1770108615,909794036,nav2_amcl,200,1000,120,24.1,20.0,133.6,14.8,872.8,25.03,30.0,7.6,6,0.323,0.0238,0.2121,0.0207,0.0,20.0,40.0,20.0,66.7,0.0,0.0,0.0,0.0
1770108615,959815830,nav2_amcl,200,1000,120,20.7,20.1,133.6,14.8,872.8,25.03,30.0,7.6,6,0.323,0.0238,0.2121,0.0207,0.0,20.0,50.0,33.3,60.0,0.0,0.0,0.0,0.0
1770108616,9823833,nav2_amcl,200,1000,120,26.7,0.0,133.6,14.8,872.8,25.03,30.0,7.6,6,0.323,0.0238,0.2121,0.0207,0.0,20.0,40.0,0.0,60.0,20.0,0.0,0.0,0.0
1770108616,59833787,nav2_amcl,200,1000,120,36.7,19.4,133.6,14.8,872.8,25.03,30.0,7.6,6,0.323,0.0238,0.2121,0.0207,40.0,60.0,40.0,20.0,66.7,0.0,0.0,0.0,0.0
1770108616,109828829,nav2_amcl,200,1000,120,27.6,20.3,133.6,14.8,872.8,25.03,30.0,7.6,6,0.323,0.0238,0.2121,0.0207,40.0,40.0,0.0,20.0,20.0,0.0,0.0,0.0,0.0
1770108616,159837631,nav2_amcl,200,1000,120,26.7,0.0,133.6,14.8,872.8,25.03,30.0,7.6,6,0.323,0.0238,0.2121,0.0207,25.0,20.0,33.3,60.0,28.6,0.0,0.0,0.0,0.0
1770108616,209834466,nav2_amcl,200,1000,120,33.3,58.8,133.6,14.8,872.8,25.03,30.0,7.6,6,0.323,0.0238,0.2121,0.0207,66.7,60.0,0.0,16.7,0.0,60.0,0.0,0.0,0.0
1770108616,259821475,nav2_amcl,200,1000,120,29.0,20.4,133.6,14.8,872.8,25.03,30.0,7.6,6,0.323,0.0238,0.2121,0.0207,33.3,66.7,20.0,0.0,16.7,33.3,0.0,0.0,0.0
1770108616,759829657,nav2_amcl,200,1000,120,13.8,17.3,133.6,14.8,872.8,25.03,26.1,6.0,6,0.1582,0.0467,0.21,0.0217,8.2,16.0,30.0,14.3,10.2,2.0,0.0,0.0,0.0
1770108616,809831516,nav2_amcl,200,1000,120,33.3,0.0,133.6,14.8,872.8,25.03,31.4,6.0,6,0.1582,0.0467,0.21,0.0217,0.0,100.0,25.0,50.0,0.0,0.0,0.0,0.0,0.0
1770108616,859871519,nav2_amcl,200,1000,120,20.7,20.0,133.6,14.8,872.8,25.03,30.9,6.0,6,0.1582,0.0467,0.21,0.0217,0.0,0.0,50.0,40.0,0.0,0.0,0.0,0.0,0.0
1770108616,909856673,nav2_amcl,200,1000,120,24.1,0.0,133.6,14.8,872.8,25.03,30.5,6.0,6,0.1582,0.0467,0.21,0.0217,0.0,0.0,50.0,60.0,16.7,20.0,0.0,0.0,0.0
1770108616,959851043,nav2_amcl,200,1000,120,18.5,20.4,133.6,14.8,872.8,25.03,30.0,6.0,6,0.1582,0.0467,0.21,0.0217,50.0,0.0,0.0,60.0,20.0,0.0,0.0,0.0,0.0
1770108617,9844453,nav2_amcl,200,1000,120,18.5,19.6,133.6,14.8,872.8,25.03,30.0,6.0,6,0.1582,0.0467,0.21,0.0217,40.0,0.0,25.0,25.0,0.0,20.0,0.0,0.0,0.0
1770108617,59865031,nav2_amcl,200,1000,120,37.9,0.0,133.6,14.8,872.8,25.03,30.0,6.0,6,0.1582,0.0467,0.21,0.0217,20.0,57.1,57.1,33.3,0.0,60.0,0.0,0.0,0.0
1770108617,109839529,nav2_amcl,200,1000,120,21.4,19.8,133.6,14.8,872.8,25.03,30.0,6.0,6,0.1582,0.0467,0.21,0.0217,0.0,0.0,25.0,25.0,20.0,40.0,0.0,0.0,0.0
1770108617,159829835,nav2_amcl,200,1000,120,18.5,0.0,133.6,14.8,872.8,25.03,30.0,6.0,6,0.1582,0.0467,0.21,0.0217,0.0,20.0,20.0,25.0,33.3,40.0,0.0,0.0,0.0
1770108617,209835757,nav2_amcl,200,1000,120,21.4,19.8,133.6,14.8,872.8,25.03,30.0,6.0,6,0.1582,0.0467,0.21,0.0217,16.7,0.0,50.0,0.0,25.0,25.0,0.0,0.0,0.0
1770108617,259827503,nav2_amcl,200,1000,120,21.4,20.3,133.6,14.8,872.8,25.03,30.0,6.0,6,0.1582,0.0467,0.21,0.0217,33.3,0.0,20.0,40.0,0.0,20.0,0.0,0.0,0.0
1770108617,309839249,nav2_amcl,200,1000,120,17.9,19.7,133.6,14.8,872.8,25.03,30.0,6.0,6,0.1582,0.0467,0.21,0.0217,0.0,0.0,0.0,60.0,25.0,40.0,0.0,0.0,0.0
1770108617,809853672,nav2_amcl,200,1000,120,15.1,15.4,133.6,14.8,872.8,25.03,26.1,6.0,6,0.1582,0.0467,0.21,0.0217,12.5,18.0,25.5,19.1,6.0,6.0,0.0,0.0,0.0
1770108617,859809225,nav2_amcl,200,1000,120,18.7,33.0,133.6,14.8,872.8,25.03,31.4,6.0,6,0.1582,0.0467,0.21,0.0217,0.0,66.7,33.3,33.3,0.0,0.0,0.0,0.0,0.0
1770108617,909861260,nav2_amcl,200,1000,120,21.4,0.0,133.6,14.8,872.8,25.03,30.9,6.0,6,0.1582,0.0467,0.21,0.0217,20.0,20.0,40.0,0.0,40.0,20.0,0.0,0.0,0.0
1770108617,959829901,nav2_amcl,200,1000,120,20.7,20.0,133.6,14.8,872.8,25.03,30.5,6.0,6,0.1582,0.0467,0.21,0.0217,0.0,20.0,25.0,16.7,25.0,40.0,0.0,0.0,0.0
1770108618,9863376,nav2_amcl,200,1000,120,24.1,0.0,133.6,14.8,872.8,25.03,30.0,6.0,6,0.1582,0.0467,0.21,0.0217,0.0,20.0,40.0,0.0,16.7,50.0,0.0,0.0,0.0
1770108618,59845362,nav2_amcl,200,1000,120,36.7,40.3,133.6,14.8,872.8,25.03,30.0,6.0,6,0.1582,0.0467,0.21,0.0217,75.0,20.0,33.3,25.0,25.0,25.0,0.0,0.0,0.0
1770108618,109832244,nav2_amcl,200,1000,120,21.4,0.0,133.6,14.8,872.8,25.03,30.0,6.0,6,0.1582,0.0467,0.21,0.0217,60.0,0.0,0.0,37.5,20.0,25.0,0.0,0.0,0.0
1770108618,159953529,nav2_amcl,200,1000,120,36.7,19.6,133.6,14.8,872.8,25.03,30.0,6.0,6,0.1582,0.0467,0.21,0.0217,50.0,40.0,20.0,0.0,20.0,60.0,0.0,0.0,0.0
1770108618,209862905,nav2_amcl,200,1000,120,30.0,20.3,133.6,14.8,872.8,25.03,30.0,6.0,6,0.1582,0.0467,0.21,0.0217,0.0,40.0,20.0,0.0,50.0,20.0,0.0,0.0,0.0
1770108618,259869724,nav2_amcl,200,1000,120,24.1,0.0,133.6,14.8,872.8,25.03,30.0,6.0,6,0.1582,0.0467,0.21,0.0217,20.0,40.0,0.0,20.0,60.0,0.0,0.0,0.0,0.0
1770108618,309870686,nav2_amcl,200,1000,120,21.4,39.8,133.6,14.8,872.8,25.03,30.0,6.0,6,0.1582,0.0467,0.21,0.0217,20.0,20.0,33.3,25.0,50.0,0.0,0.0,0.0,0.0
1770108618,359862912,nav2_amcl,200,1000,120,38.5,100.5,133.6,14.8,872.8,25.03,30.0,4.5,6,0.042,0.0078,0.2038,0.0212,100.0,20.0,0.0,25.0,0.0,25.0,0.0,0.0,0.0
1770108618,859859669,nav2_amcl,200,1000,120,25.9,74.5,133.6,14.8,872.8,25.03,26.1,4.3,6,0.1984,0.0405,0.2036,0.0219,55.8,19.6,10.2,16.0,27.5,26.9,0.0,0.0,0.0
1770108618,909870744,nav2_amcl,200,1000,120,43.7,73.6,133.6,14.8,872.8,25.03,31.4,5.7,6,0.2722,0.0306,0.2954,0.043,100.0,66.7,0.0,33.3,0.0,66.7,0.0,0.0,0.0
1770108618,959884762,nav2_amcl,200,1000,120,34.5,81.8,133.6,14.8,872.8,25.02,30.9,5.8,6,0.2685,0.0165,0.2947,0.0423,50.0,75.0,20.0,0.0,0.0,25.0,0.0,0.0,0.0
1770108619,9892125,nav2_amcl,200,1000,120,32.1,78.6,133.6,14.8,872.8,25.02,30.5,5.9,6,0.2634,0.0084,0.2939,0.0414,40.0,50.0,16.7,40.0,60.0,20.0,0.0,0.0,0.0
1770108619,59907647,nav2_amcl,200,1000,120,44.8,60.4,133.6,14.8,872.8,25.02,30.0,6.0,6,0.9683,0.0014,0.3107,0.0404,40.0,66.7,40.0,80.0,40.0,20.0,0.0,0.0,0.0
1770108619,109866368,nav2_amcl,200,1000,120,36.7,81.6,133.6,14.8,872.8,25.02,30.0,6.2,6,0.1766,0.0169,0.3075,0.0399,20.0,20.0,40.0,80.0,25.0,20.0,0.0,0.0,0.0
1770108619,159902819,nav2_amcl,200,1000,120,31.0,59.3,133.6,14.8,872.8,25.02,30.0,6.3,6,0.045,0.0169,0.3012,0.0393,75.0,0.0,25.0,0.0,33.3,25.0,0.0,0.0,0.0
1770108619,209905414,nav2_amcl,200,1000,120,34.5,100.4,133.6,14.8,872.8,25.01,30.0,6.4,6,0.2631,0.0484,0.3003,0.0395,80.0,20.0,60.0,20.0,33.3,20.0,0.0,0.0,0.0
1770108619,259899816,nav2_amcl,200,1000,120,30.0,80.2,133.6,14.8,872.8,25.02,30.0,6.5,6,0.0484,0.073,0.2946,0.0403,60.0,25.0,40.0,20.0,0.0,0.0,0.0,0.0,0.0
1770108619,309888330,nav2_amcl,200,1000,120,28.6,79.3,133.6,14.8,872.8,25.02,30.0,6.6,6,0.1698,0.0571,0.2918,0.0407,0.0,66.7,40.0,50.0,0.0,0.0,0.0,0.0,0.0
1770108619,359880588,nav2_amcl,200,1000,120,29.6,60.5,133.6,14.8,872.8,25.01,30.0,6.7,6,0.2498,0.0104,0.2909,0.04,20.0,80.0,50.0,33.3,0.0,0.0,0.0,0.0,0.0
1770108619,409906958,nav2_amcl,200,1000,120,37.5,95.9,133.6,14.8,872.8,25.01,30.0,6.8,6,0.5573,0.0719,0.2966,0.0407,20.0,80.0,20.0,40.0,40.0,42.9,0.0,0.0,0.0
1770108619,910321295,nav2_amcl,200,1000,120,23.7,73.8,133.6,14.8,873.2,25.01,26.0,6.4,6,0.7233,0.015,0.3055,0.0402,50.0,37.3,10.6,20.0,13.7,6.1,0.0,0.0,0.0
1770108619,959932039,nav2_amcl,200,1000,120,42.9,89.1,133.6,14.8,873.2,24.98,31.4,7.6,6,0.7631,0.1454,0.4181,0.1236,66.7,75.0,0.0,25.0,33.3,25.0,0.0,0.0,0.0
1770108620,9922985,nav2_amcl,200,1000,120,34.5,79.6,133.6,14.8,873.2,24.98,30.9,7.7,6,0.8842,0.1091,0.4262,0.1234,42.9,75.0,20.0,25.0,40.0,20.0,0.0,0.0,0.0
1770108620,59938636,nav2_amcl,200,1000,120,40.0,78.4,133.6,14.8,873.2,24.98,30.5,7.8,6,0.3345,0.0806,0.4246,0.1226,0.0,80.0,20.0,60.0,50.0,40.0,0.0,0.0,0.0
1770108620,109896077,nav2_amcl,200,1000,120,32.1,81.4,133.6,14.8,873.2,24.98,30.0,7.9,6,1.004,0.092,0.4343,0.1221,20.0,66.7,33.3,66.7,0.0,20.0,0.0,0.0,0.0
1770108620,159905871,nav2_amcl,200,1000,120,31.0,101.0,133.6,14.8,873.2,24.98,30.0,7.9,6,1.2771,0.0711,0.4481,0.1213,25.0,0.0,25.0,40.0,60.0,20.0,0.0,0.0,0.0
1770108620,209891121,nav2_amcl,200,1000,120,37.5,80.4,133.6,14.8,873.2,24.98,30.0,8.0,6,1.2645,0.022,0.4613,0.1197,33.3,50.0,16.7,25.0,40.0,20.0,0.0,0.0,0.0
1770108620,259885939,nav2_amcl,200,1000,120,23.1,59.9,133.6,14.8,873.2,24.98,30.0,8.1,6,1.3235,0.135,0.4749,0.1199,33.3,60.0,0.0,20.0,20.0,50.0,0.0,0.0,0.0
1770108620,309891029,nav2_amcl,200,1000,120,30.0,79.5,133.6,14.8,873.2,24.98,30.0,8.2,6,1.0213,0.0127,0.4835,0.1183,60.0,40.0,20.0,0.0,20.0,40.0,0.0,0.0,0.0
1770108620,359938169,nav2_amcl,200,1000,120,34.5,79.2,133.6,14.8,873.5,24.98,30.0,8.3,6,0.8152,0.0834,0.4886,0.1177,60.0,20.0,20.0,0.0,0.0,40.0,0.0,0.0,0.0
1770108620,409936475,nav2_amcl,200,1000,120,29.6,80.5,133.6,14.8,873.5,24.98,30.0,8.3,6,0.678,0.0359,0.4915,0.1165,20.0,25.0,75.0,40.0,33.3,25.0,0.0,0.0,0.0
1770108620,459938365,nav2_amcl,200,1000,120,31.0,81.3,133.6,14.8,873.5,24.99,30.0,8.4,6,0.3171,0.1031,0.4889,0.1163,33.3,25.0,20.0,60.0,20.0,16.7,0.0,0.0,0.0
1770108620,959934963,nav2_amcl,200,1000,120,23.7,75.5,133.6,14.8,874.0,24.99,26.1,8.0,6,2.0005,0.1356,0.5111,0.1166,60.4,24.0,14.9,20.0,13.7,10.0,0.0,0.0,0.0
1770108621,9944565,nav2_amcl,200,1000,120,36.8,87.0,133.6,14.8,874.0,24.99,31.4,9.0,6,0.3343,0.0154,0.6359,0.1309,0.0,33.3,75.0,75.0,0.0,25.0,0.0,0.0,0.0
1770108621,59988920,nav2_amcl,200,1000,120,41.4,79.3,133.6,14.8,874.0,24.99,30.9,9.1,6,0.1638,0.0237,0.6299,0.1295,20.0,20.0,80.0,66.7,20.0,60.0,0.0,0.0,0.0
1770108621,109951546,nav2_amcl,200,1000,120,37.9,81.5,133.6,14.8,874.0,24.99,30.5,9.2,6,0.278,0.0198,0.6254,0.1281,40.0,33.3,40.0,33.3,40.0,60.0,0.0,0.0,0.0
1770108621,159932891,nav2_amcl,200,1000,120,29.6,80.7,133.6,14.8,874.0,24.99,30.2,9.2,6,0.3246,0.0431,0.6217,0.1271,20.0,20.0,40.0,25.0,75.0,20.0,0.0,0.0,0.0
1770108621,209977535,nav2_amcl,200,1000,120,38.7,77.1,133.6,14.8,874.0,24.99,30.2,9.3,6,0.4743,0.0535,0.6198,0.1262,0.0,40.0,40.0,40.0,50.0,60.0,0.0,0.0,0.0
1770108621,259968225,nav2_amcl,200,1000,120,33.3,82.0,133.6,14.8,874.0,24.99,30.2,9.4,6,0.5716,0.0019,0.6192,0.1247,0.0,0.0,60.0,50.0,75.0,16.7,0.0,0.0,0.0
1770108621,309968515,nav2_amcl,200,1000,120,38.7,78.9,133.6,14.8,874.0,24.99,30.2,9.4,6,0.8446,0.1557,0.622,0.125,33.3,0.0,66.7,25.0,80.0,0.0,0.0,0.0,0.0
1770108621,359983941,nav2_amcl,200,1000,120,40.6,82.1,133.6,14.8,874.0,24.99,30.2,9.5,6,0.5798,0.023,0.6215,0.1238,50.0,0.0,50.0,0.0,80.0,20.0,0.0,0.0,0.0
1770108621,409960679,nav2_amcl,200,1000,120,35.7,79.1,133.6,14.8,874.0,24.99,30.2,9.5,6,0.6857,0.033,0.6222,0.1227,20.0,40.0,50.0,40.0,0.0,60.0,0.0,0.0,0.0
1770108621,459973705,nav2_amcl,200,1000,120,32.1,80.4,133.6,14.8,874.0,24.99,30.2,9.6,6,0.6384,0.0631,0.6224,0.1221,40.0,20.0,0.0,20.0,66.7,33.3,0.0,0.0,0.0
1770108621,509964555,nav2_amcl,200,1000,120,36.7,78.5,133.6,14.8,874.0,24.99,30.2,9.7,6,0.6491,0.0242,0.6227,0.1209,60.0,0.0,57.1,0.0,83.3,0.0,0.0,0.0,0.0
1770108622,9969121,nav2_amcl,200,1000,120,26.6,79.0,133.6,14.8,873.9,24.99,26.2,9.2,6,0.6129,0.0827,0.6226,0.1205,24.0,17.0,18.0,17.6,12.0,66.0,0.0,0.0,0.0
1770108622,60056230,nav2_amcl,200,1000,120,57.1,59.1,133.6,14.8,873.9,25.56,30.9,9.7,6,1.1533,0.4668,0.6381,0.1294,100.0,33.3,33.3,33.3,33.3,75.0,0.0,0.0,0.0
1770108622,109993030,nav2_amcl,200,1000,120,38.5,84.7,133.6,14.8,873.9,25.54,30.9,10.2,6,0.6086,0.0146,0.6512,0.1347,60.0,0.0,50.0,25.0,16.7,80.0,0.0,0.0,0.0
1770108622,159994152,nav2_amcl,200,1000,120,43.8,81.1,133.6,14.8,873.9,25.53,30.5,10.3,6,0.6925,0.0585,0.6516,0.1339,50.0,40.0,50.0,60.0,0.0,75.0,0.0,0.0,0.0
1770108622,209994635,nav2_amcl,200,1000,120,37.9,78.0,133.6,14.8,873.9,25.52,30.2,10.3,6,0.7823,0.0215,0.6529,0.1328,25.0,33.3,25.0,40.0,25.0,40.0,0.0,0.0,0.0
1770108622,259960044,nav2_amcl,200,1000,120,34.5,63.1,133.6,14.8,873.9,25.51,30.2,10.3,6,0.5647,0.1189,0.6584,0.134,20.0,25.0,40.0,40.0,83.3,20.0,0.0,0.0,0.0
1770108622,309954606,nav2_amcl,200,1000,120,34.5,79.0,133.6,14.8,873.9,25.5,30.2,10.2,6,0.4904,0.0245,0.6632,0.1341,40.0,40.0,40.0,0.0,80.0,0.0,0.0,0.0,0.0
1770108622,359999217,nav2_amcl,200,1000,120,40.0,98.9,133.6,14.8,873.9,25.49,30.2,10.2,6,0.6784,0.0308,0.6697,0.1342,25.0,20.0,40.0,40.0,60.0,25.0,0.0,0.0,0.0
1770108622,410007060,nav2_amcl,200,1000,120,40.0,78.8,133.6,14.8,873.9,25.48,30.2,10.1,6,0.6112,0.0266,0.6754,0.1345,40.0,60.0,0.0,40.0,50.0,40.0,0.0,0.0,0.0
1770108622,459961877,nav2_amcl,200,1000,120,32.1,82.9,133.6,14.8,873.9,25.47,30.2,10.1,6,0.7379,0.0171,0.6823,0.1343,16.7,60.0,0.0,20.0,33.3,60.0,0.0,0.0,0.0
1770108622,509987223,nav2_amcl,200,1000,120,33.3,78.7,133.6,14.8,873.9,25.46,30.2,10.0,6,0.8455,0.0291,0.6899,0.1344,40.0,60.0,20.0,20.0,20.0,60.0,0.0,0.0,0.0
1770108622,559960569,nav2_amcl,200,1000,120,32.1,60.8,133.6,14.8,873.9,25.45,30.2,10.0,6,0.2222,0.0037,0.6915,0.1344,0.0,60.0,25.0,25.0,0.0,40.0,0.0,0.0,0.0
1770108623,59954735,nav2_amcl,200,1000,120,23.7,78.2,133.6,14.8,874.2,34.37,26.2,9.5,6,0.2141,0.061,0.6928,0.1348,14.0,40.0,34.0,8.2,19.2,31.9,0.0,0.0,0.0
1770108623,109963793,nav2_amcl,200,1000,120,47.8,79.0,133.6,14.8,874.2,34.21,31.4,10.5,6,0.6875,0.0568,0.7314,0.1692,75.0,100.0,0.0,0.0,40.0,40.0,0.0,0.0,0.0
1770108623,159976820,nav2_amcl,200,1000,120,31.0,79.1,133.6,14.8,874.2,34.05,30.9,10.5,6,0.7065,0.0081,0.7323,0.1693,80.0,16.7,25.0,20.0,25.0,0.0,0.0,0.0,0.0
1770108623,210004470,nav2_amcl,200,1000,120,31.0,59.1,133.6,14.8,874.2,33.9,30.5,11.6,6,0.7943,0.0091,0.736,0.1693,33.3,50.0,40.0,20.0,40.0,25.0,0.0,0.0,0.0
1770108623,259993368,nav2_amcl,200,1000,120,33.3,82.1,133.6,14.8,874.2,33.75,30.5,11.6,6,0.7797,0.012,0.7415,0.1693,0.0,0.0,60.0,40.0,40.0,20.0,0.0,0.0,0.0
1770108623,309973594,nav2_amcl,200,1000,120,30.0,78.8,133.6,14.8,874.2,33.61,30.5,11.5,6,0.7973,0.0452,0.7491,0.1697,66.7,40.0,16.7,40.0,20.0,20.0,0.0,0.0,0.0
1770108623,359986620,nav2_amcl,200,1000,120,32.1,81.1,133.6,14.8,874.2,33.47,30.5,12.2,6,0.7729,0.008,0.7551,0.1697,20.0,80.0,25.0,0.0,0.0,40.0,0.0,0.0,0.0
1770108623,409921181,nav2_amcl,200,1000,120,31.0,80.4,133.6,14.8,874.2,33.34,30.5,12.9,6,0.7379,0.0345,0.7584,0.1698,20.0,60.0,40.0,0.0,25.0,40.0,0.0,0.0,0.0
1770108623,459983553,nav2_amcl,200,1000,120,30.0,77.6,133.6,14.8,874.2,33.21,30.5,14.9,6,0.676,0.0224,0.7619,0.1698,0.0,50.0,20.0,50.0,0.0,20.0,0.0,0.0,0.0
1770108623,509959394,nav2_amcl,200,1000,120,34.5,60.0,133.6,14.8,874.2,33.08,30.5,19.2,6,0.6542,0.0477,0.7668,0.1698,0.0,0.0,33.3,50.0,60.0,60.0,0.0,0.0,0.0
1770108623,560006278,nav2_amcl,200,1000,120,34.5,81.7,133.6,14.8,874.2,32.96,30.5,21.3,6,0.3747,0.0672,0.7702,0.1704,16.7,0.0,50.0,42.9,60.0,40.0,0.0,0.0,0.0
1770108623,610006152,nav2_amcl,200,1000,120,36.7,79.0,133.6,14.8,874.2,32.84,30.5,21.1,6,0.075,0.0197,0.7689,0.1702,40.0,40.0,50.0,75.0,20.0,20.0,0.0,0.0,0.0
1770108624,109985341,nav2_amcl,200,1000,120,24.4,76.3,133.6,14.8,874.4,40.08,26.4,18.9,6,0.1366,0.0041,0.7628,0.1682,32.0,38.5,10.0,17.6,24.5,21.3,0.0,0.0,0.0
1770108624,159986751,nav2_amcl,200,1000,120,50.0,80.5,133.6,14.8,874.4,39.86,31.4,19.3,6,0.6865,0.0879,0.8072,0.1828,100.0,25.0,0.0,75.0,33.3,50.0,0.0,0.0,0.0
1770108624,209966625,nav2_amcl,200,1000,120,33.3,79.1,133.6,14.8,874.4,39.65,30.9,19.4,6,0.7305,0.029,0.8048,0.183,20.0,20.0,60.0,25.0,40.0,25.0,0.0,0.0,0.0
1770108624,259977987,nav2_amcl,200,1000,120,28.6,60.8,133.6,14.8,874.4,39.44,30.5,19.4,6,0.6775,0.1102,0.8099,0.184,20.0,25.0,50.0,20.0,25.0,33.3,0.0,0.0,0.0
1770108624,309973862,nav2_amcl,200,1000,120,31.0,78.9,133.6,14.8,874.4,39.24,30.5,19.4,6,0.5699,0.0201,0.8151,0.184,20.0,60.0,16.7,33.3,33.3,40.0,0.0,0.0,0.0
1770108624,359983304,nav2_amcl,200,1000,120,31.0,98.5,133.6,14.8,874.4,39.04,30.5,19.4,6,0.3763,0.0405,0.8162,0.1839,50.0,60.0,0.0,25.0,25.0,25.0,0.0,0.0,0.0
1770108624,409961674,nav2_amcl,200,1000,120,33.3,80.0,133.6,14.8,874.4,38.85,30.5,19.4,6,0.3203,0.1031,0.819,0.1842,40.0,20.0,0.0,16.7,60.0,40.0,0.0,0.0,0.0
1770108624,459990221,nav2_amcl,200,1000,120,29.6,60.5,133.6,14.8,874.4,38.67,30.5,19.4,6,0.8054,0.0573,0.8253,0.1842,80.0,0.0,0.0,20.0,40.0,50.0,0.0,0.0,0.0
1770108624,509972718,nav2_amcl,200,1000,120,31.0,99.3,133.6,14.8,874.4,38.49,30.5,19.4,6,0.7695,0.0777,0.8305,0.1849,40.0,33.3,0.0,0.0,60.0,40.0,0.0,0.0,0.0
1770108624,559974929,nav2_amcl,200,1000,120,28.6,61.1,133.6,14.8,874.4,38.31,30.5,21.5,6,0.4306,0.0959,0.8292,0.1851,0.0,0.0,60.0,0.0,50.0,33.3,0.0,0.0,0.0
1770108624,609973811,nav2_amcl,200,1000,120,31.0,78.6,133.6,14.8,874.4,38.14,30.5,21.3,6,0.1587,0.1257,0.8236,0.1863,0.0,20.0,80.0,0.0,60.0,20.0,0.0,0.0,0.0
1770108624,660024950,nav2_amcl,200,1000,120,25.9,60.7,133.6,14.8,874.4,37.98,30.5,21.1,6,0.0388,0.0354,0.8096,0.1771,20.0,20.0,60.0,20.0,33.3,16.7,0.0,0.0,0.0
1770108625,160005259,nav2_amcl,200,1000,120,21.8,83.6,133.6,14.8,874.4,37.98,26.4,18.9,6,0.3209,0.1018,0.7993,0.1694,53.8,21.6,38.8,10.6,0.0,4.0,0.0,0.0,0.0
1770108625,210011662,nav2_amcl,200,1000,120,50.0,52.4,133.6,14.8,874.4,37.81,31.4,19.2,6,1.325,0.0446,0.8343,0.1583,75.0,25.0,25.0,0.0,75.0,100.0,0.0,0.0,0.0
1770108625,260003344,nav2_amcl,200,1000,120,37.9,83.9,133.6,14.8,874.4,37.81,31.2,19.4,6,1.2373,0.0135,0.8366,0.1575,80.0,33.3,0.0,0.0,33.3,50.0,0.0,0.0,0.0
1770108625,310018706,nav2_amcl,200,1000,120,31.0,100.4,133.6,14.8,874.4,37.66,30.7,19.4,6,1.9448,0.2524,0.8433,0.1593,80.0,20.0,20.0,25.0,40.0,0.0,0.0,0.0,0.0
1770108625,360027093,nav2_amcl,200,1000,120,31.0,101.6,133.6,14.8,874.4,37.5,30.7,19.4,6,2.1888,0.0942,0.8526,0.16,25.0,40.0,100.0,16.7,0.0,0.0,0.0,0.0,0.0
1770108625,410028279,nav2_amcl,200,1000,120,28.6,79.2,133.6,14.8,874.4,37.35,30.7,19.4,6,3.1197,0.0242,0.8705,0.1589,40.0,25.0,71.4,0.0,0.0,0.0,0.0,0.0,0.0
1770108625,460016921,nav2_amcl,200,1000,120,32.3,101.3,133.6,14.8,874.4,37.2,30.7,19.4,6,2.227,0.3111,0.8826,0.1619,80.0,20.0,25.0,25.0,20.0,20.0,0.0,0.0,0.0
1770108625,510025819,nav2_amcl,200,1000,120,27.6,94.2,133.6,14.8,874.4,37.06,30.7,19.4,6,2.5129,0.2101,0.8996,0.1631,40.0,20.0,100.0,0.0,33.3,0.0,0.0,0.0,0.0
1770108625,560012605,nav2_amcl,200,1000,120,34.5,106.6,133.6,14.8,874.4,36.92,30.7,19.4,6,2.2563,0.0215,0.9153,0.163,0.0,20.0,80.0,20.0,0.0,33.3,0.0,0.0,0.0
1770108625,610026304,nav2_amcl,200,1000,120,27.6,98.6,133.6,14.8,874.4,36.78,30.7,21.5,6,2.0892,0.0896,0.9331,0.1629,33.3,0.0,100.0,20.0,0.0,0.0,0.0,0.0,0.0
1770108625,660025442,nav2_amcl,200,1000,120,31.0,81.1,133.6,14.8,874.4,36.65,30.7,21.3,6,2.6987,0.1077,0.94,0.1626,40.0,20.0,100.0,25.0,20.0,0.0,0.0,0.0,0.0
1770108625,710023652,nav2_amcl,200,1000,120,25.0,99.1,133.6,14.8,874.4,36.52,30.7,21.1,6,1.8825,0.0456,0.9286,0.1573,25.0,20.0,83.3,20.0,0.0,0.0,0.0,0.0,0.0
1770108626,210051002,nav2_amcl,200,1000,120,27.9,99.5,133.6,14.8,874.4,41.95,26.6,18.9,6,1.3847,0.0252,0.9124,0.1525,20.8,43.1,29.4,11.8,8.2,54.7,0.0,0.0,0.0
1770108626,260108222,nav2_amcl,200,1000,120,56.0,95.9,133.6,14.8,874.4,41.58,31.2,19.2,6,5.9587,2.8852,1.184,0.2184,100.0,20.0,40.0,50.0,25.0,100.0,0.0,0.0,0.0
1770108626,310080096,nav2_amcl,200,1000,120,35.7,84.8,133.6,14.8,874.4,41.58,30.9,19.6,6,7.3343,2.3574,1.3144,0.2698,60.0,0.0,20.0,50.0,0.0,100.0,0.0,0.0,0.0
1770108626,360074626,nav2_amcl,200,1000,120,34.5,101.6,133.6,14.8,874.4,41.4,30.7,19.6,6,9.0479,2.4782,1.3992,0.2946,50.0,0.0,20.0,40.0,0.0,80.0,0.0,0.0,0.0
1770108626,410092452,nav2_amcl,200,1000,120,34.5,98.7,133.6,14.8,874.4,41.23,30.7,19.6,6,0.3319,0.4054,1.394,0.2971,20.0,40.0,33.3,20.0,0.0,100.0,0.0,0.0,0.0
1770108626,460072838,nav2_amcl,200,1000,120,37.9,81.1,133.6,14.8,874.4,41.06,30.7,19.6,6,0.2402,0.5233,1.3906,0.3021,20.0,25.0,50.0,33.3,0.0,80.0,0.0,0.0,0.0
1770108626,510094505,nav2_amcl,200,1000,120,36.7,79.0,133.6,14.8,874.4,40.89,30.7,19.6,6,3.4766,3.0487,1.4186,0.3323,20.0,20.0,50.0,50.0,0.0,83.3,0.0,0.0,0.0
1770108626,560083307,nav2_amcl,200,1000,120,36.7,81.2,133.6,14.8,874.4,40.72,30.7,19.6,6,0.56,0.0225,1.4178,0.3319,20.0,20.0,0.0,60.0,50.0,75.0,0.0,0.0,0.0
1770108626,610096269,nav2_amcl,200,1000,120,36.7,98.5,133.6,14.8,874.4,40.56,30.7,21.8,6,7.0813,3.0854,1.4821,0.3625,60.0,0.0,40.0,20.0,50.0,50.0,0.0,0.0,0.0
1770108626,660092207,nav2_amcl,200,1000,120,35.7,81.1,133.6,14.8,874.4,40.41,30.7,21.5,6,8.3837,2.6696,1.5598,0.3883,20.0,0.0,20.0,25.0,100.0,0.0,0.0,0.0,0.0
1770108626,710076433,nav2_amcl,200,1000,120,37.5,98.6,133.6,14.8,874.4,40.25,30.7,21.4,6,2.6604,0.1026,1.5822,0.3891,20.0,42.9,25.0,50.0,50.0,40.0,0.0,0.0,0.0
1770108626,760078291,nav2_amcl,200,1000,120,32.1,81.3,133.6,14.8,874.4,40.25,30.7,21.2,6,2.7617,0.4809,1.6052,0.3922,0.0,25.0,16.7,50.0,60.0,20.0,0.0,0.0,0.0
1770108627,260066089,nav2_amcl,200,1000,120,28.4,101.3,133.6,14.8,874.4,45.25,26.6,18.9,6,2.2595,0.2235,1.6143,0.3907,21.6,10.4,18.4,21.3,12.2,82.0,0.0,0.0,0.0
1770108627,310127436,nav2_amcl,200,1000,120,56.0,75.6,133.6,14.8,874.4,45.25,31.2,19.2,6,45.1074,0.7825,3.5437,0.4833,100.0,50.0,40.0,50.0,0.0,100.0,0.0,0.0,0.0
1770108627,360108398,nav2_amcl,200,1000,120,38.5,106.3,133.6,14.8,874.4,45.5,30.9,19.3,6,18.5845,2.5861,3.7217,0.509,50.0,25.0,25.0,40.0,20.0,100.0,0.0,0.0,0.0
1770108627,410112464,nav2_amcl,200,1000,120,37.9,120.0,133.6,14.8,874.4,45.5,30.7,19.3,6,18.5845,2.5861,3.7217,0.509,20.0,33.3,0.0,20.0,33.3,100.0,0.0,0.0,0.0
1770108627,460075442,nav2_amcl,200,1000,120,34.5,100.4,133.6,14.8,874.4,46.25,30.7,19.2,6,20.2529,2.446,3.9186,0.5322,0.0,25.0,40.0,33.3,0.0,100.0,0.0,0.0,0.0
1770108627,510066164,nav2_amcl,200,1000,120,33.3,117.4,133.6,14.8,874.4,46.25,30.7,19.2,6,20.2529,2.446,3.9186,0.5322,33.3,0.0,20.0,0.0,40.0,100.0,0.0,0.0,0.0
1770108627,560076214,nav2_amcl,200,1000,120,34.5,102.4,133.6,14.8,874.4,48.0,30.7,19.0,6,50.6883,0.675,4.4206,0.5387,25.0,28.6,0.0,0.0,20.0,100.0,0.0,0.0,0.0
1770108627,610083800,nav2_amcl,200,1000,120,34.5,98.4,133.6,14.8,874.4,48.0,30.7,19.0,6,50.6883,0.675,4.4206,0.5387,33.3,25.0,33.3,0.0,40.0,100.0,0.0,0.0,0.0
1770108627,660100379,nav2_amcl,200,1000,120,32.1,101.5,133.6,14.8,874.4,50.25,30.7,18.9,6,48.3691,0.3733,4.8975,0.5422,20.0,20.0,20.0,0.0,20.0,100.0,0.0,0.0,0.0
1770108627,710079933,nav2_amcl,200,1000,120,32.1,118.1,133.6,14.8,874.4,52.25,30.7,18.8,6,72.908,1.0117,5.6204,0.552,0.0,20.0,25.0,25.0,0.0,100.0,0.0,0.0,0.0
1770108627,760097695,nav2_amcl,200,1000,120,32.1,101.8,133.6,14.8,874.4,52.25,30.7,18.8,6,72.908,1.0117,5.6204,0.552,0.0,0.0,40.0,20.0,40.0,100.0,0.0,0.0,0.0
1770108627,810090465,nav2_amcl,200,1000,120,34.5,98.0,133.6,14.8,874.4,58.25,30.7,18.8,6,72.9636,0.9975,7.0613,0.5713,0.0,0.0,50.0,20.0,20.0,100.0,0.0,0.0,0.0
1770108628,310104792,nav2_amcl,200,1000,120,30.2,103.2,133.6,14.8,874.4,64.25,26.6,18.9,6,82.3313,1.0555,7.8824,0.5818,20.0,14.0,21.6,19.1,2.0,100.0,0.0,0.0,0.0
1770108628,360146075,nav2_amcl,200,1000,120,52.2,105.6,133.6,14.8,874.4,69.75,31.2,18.9,6,60.1305,1.6673,11.9646,0.6466,100.0,50.0,60.0,40.0,0.0,100.0,0.0,0.0,0.0
1770108628,410114588,nav2_amcl,200,1000,120,39.3,102.5,133.6,14.8,874.4,69.75,31.2,18.9,6,60.1305,1.6673,11.9646,0.6466,40.0,0.0,60.0,40.0,60.0,50.0,0.0,0.0,0.0
1770108628,460106398,nav2_amcl,200,1000,120,40.0,101.7,133.6,14.8,874.4,70.25,30.7,18.6,6,59.3677,0.8701,12.5546,0.6512,0.0,0.0,50.0,50.0,100.0,16.7,0.0,0.0,0.0
1770108628,510122465,nav2_amcl,200,1000,120,40.0,118.1,133.6,14.8,874.4,71.25,30.7,18.4,6,59.7913,1.5389,13.1503,0.664,20.0,25.0,25.0,20.0,100.0,20.0,0.0,0.0,0.0
1770108628,560133827,nav2_amcl,200,1000,120,39.3,101.4,133.6,14.8,874.4,72.75,30.7,18.2,6,36.4616,0.2248,13.512,0.6653,40.0,40.0,20.0,50.0,100.0,0.0,0.0,0.0,0.0
1770108628,610115621,nav2_amcl,200,1000,120,40.0,98.6,133.6,14.8,874.4,74.5,30.7,18.1,6,73.963,1.139,14.2494,0.6766,33.3,50.0,20.0,40.0,100.0,0.0,0.0,0.0,0.0
1770108628,660142056,nav2_amcl,200,1000,120,37.9,123.3,133.6,14.8,874.4,76.5,30.7,17.9,6,53.8386,1.2473,14.7809,0.6885,40.0,60.0,40.0,0.0,100.0,16.7,0.0,0.0,0.0
1770108628,710146698,nav2_amcl,200,1000,120,36.7,97.8,133.6,14.8,874.4,76.5,30.7,17.9,6,53.8386,1.2473,14.7809,0.6885,0.0,20.0,40.0,25.0,100.0,0.0,0.0,0.0,0.0
1770108628,760129580,nav2_amcl,200,1000,120,41.9,101.2,133.6,14.8,874.4,78.75,30.7,17.8,6,21.0285,2.7384,14.9841,0.7158,0.0,33.3,50.0,50.0,100.0,20.0,0.0,0.0,0.0
1770108628,810134094,nav2_amcl,200,1000,120,40.0,117.6,133.6,14.8,874.4,81.01,30.7,17.8,6,64.3715,2.6425,15.6199,0.7421,42.9,20.0,40.0,0.0,100.0,0.0,0.0,0.0,0.0
1770108628,860130000,nav2_amcl,200,1000,120,32.1,101.7,133.6,14.8,874.4,83.26,30.7,17.8,6,67.3684,1.4817,16.2858,0.7568,33.3,50.0,0.0,0.0,100.0,20.0,0.0,0.0,0.0
1770108629,360115398,nav2_amcl,200,1000,120,30.5,105.2,133.6,14.8,874.4,90.01,26.6,16.4,6,52.2496,1.4592,16.8003,0.7709,9.8,35.8,10.2,20.4,100.0,6.0,0.0,0.0,0.0
1770108629,410145225,nav2_amcl,200,1000,120,52.2,103.7,133.6,14.8,874.4,107.76,31.2,18.8,6,69.6521,2.2338,21.1167,0.9116,40.0,100.0,25.0,0.0,100.0,33.3,0.0,0.0,0.0
1770108629,460143147,nav2_amcl,200,1000,120,33.3,104.5,133.6,14.8,874.4,107.76,31.2,18.8,6,69.6521,2.2338,21.1167,0.9116,20.0,40.0,0.0,20.0,100.0,20.0,0.0,0.0,0.0
1770108629,510144589,nav2_amcl,200,1000,120,36.7,98.7,133.6,14.8,874.4,108.51,30.7,18.5,6,68.5246,3.0796,21.7886,0.9392,0.0,40.0,0.0,25.0,100.0,25.0,0.0,0.0,0.0
1770108629,560143599,nav2_amcl,200,1000,120,32.1,101.8,133.6,14.8,874.4,108.51,30.7,18.5,6,68.5246,3.0796,21.7886,0.9392,0.0,0.0,20.0,40.0,100.0,20.0,0.0,0.0,0.0
1770108629,610138289,nav2_amcl,200,1000,120,34.5,117.8,133.6,14.8,874.4,110.01,30.7,18.2,6,87.8555,1.7032,22.6564,0.9533,0.0,33.3,16.7,40.0,100.0,25.0,0.0,0.0,0.0
1770108629,660162868,nav2_amcl,200,1000,120,32.1,101.8,133.6,14.8,874.4,110.01,30.7,18.2,6,87.8555,1.7032,22.6564,0.9533,33.3,0.0,20.0,20.0,100.0,20.0,0.0,0.0,0.0
1770108629,710128469,nav2_amcl,200,1000,120,36.7,98.9,133.6,14.8,874.4,112.26,30.7,17.9,6,73.4325,0.3322,23.3813,0.9535,0.0,33.3,25.0,20.0,100.0,25.0,0.0,0.0,0.0
1770108629,760159512,nav2_amcl,200,1000,120,34.5,101.4,133.6,14.8,874.4,112.26,30.7,17.9,6,73.4325,0.3322,23.3813,0.9535,20.0,20.0,33.3,16.7,100.0,20.0,0.0,0.0,0.0
1770108629,810153306,nav2_amcl,200,1000,120,35.5,117.8,133.6,14.8,874.4,115.01,30.7,17.6,6,61.6464,0.6336,23.9896,0.9565,25.0,0.0,20.0,20.0,100.0,25.0,0.0,0.0,0.0
1770108629,860141948,nav2_amcl,200,1000,120,34.5,81.2,133.6,14.8,874.4,115.01,30.7,17.6,6,61.6464,0.6336,23.9896,0.9565,33.3,16.7,0.0,20.0,100.0,25.0,0.0,0.0,0.0
1770108629,910144383,nav2_amcl,200,1000,120,34.5,118.5,133.6,14.8,874.4,117.26,30.7,17.3,6,46.1972,0.4401,24.4454,0.9577,25.0,20.0,20.0,0.0,100.0,33.3,0.0,0.0,0.0
1770108630,410124436,nav2_amcl,200,1000,120,25.8,103.3,133.6,14.8,874.4,123.76,26.6,15.8,6,73.5429,0.8696,25.1738,0.9639,11.5,6.0,7.8,6.0,100.0,21.7,0.0,0.0,0.0
1770108630,460148343,nav2_amcl,200,1000,120,50.0,104.1,133.6,14.8,874.4,140.76,31.2,16.3,6,58.0688,0.5592,29.7175,1.0395,100.0,0.0,40.0,33.3,100.0,0.0,0.0,0.0,0.0
1770108630,510160281,nav2_amcl,200,1000,120,35.7,102.6,133.6,14.8,874.4,141.01,31.2,16.4,6,50.0273,0.4678,30.2146,1.0432,40.0,0.0,20.0,0.0,100.0,20.0,0.0,0.0,0.0
1770108630,560136987,nav2_amcl,200,1000,120,34.5,123.3,133.6,14.8,874.4,141.76,30.7,16.3,6,42.9274,0.8857,30.6358,1.0515,33.3,16.7,20.0,20.0,100.0,25.0,0.0,0.0,0.0
1770108630,610349986,nav2_amcl,200,1000,120,34.5,97.7,133.6,14.8,874.4,141.76,30.7,16.3,6,42.9274,0.8857,30.6358,1.0515,40.0,20.0,20.0,0.0,100.0,20.0,0.0,0.0,0.0
1770108630,660150560,nav2_amcl,200,1000,120,34.5,101.3,133.6,14.8,874.4,143.26,30.7,16.2,6,45.5556,1.0112,31.0837,1.0608,20.0,20.0,0.0,28.6,100.0,25.0,0.0,0.0,0.0
1770108630,710164674,nav2_amcl,200,1000,120,36.7,118.7,133.6,14.8,874.4,143.26,30.7,16.2,6,45.5556,1.0112,31.0837,1.0608,50.0,25.0,0.0,0.0,100.0,33.3,0.0,0.0,0.0
1770108630,760166020,nav2_amcl,200,1000,120,34.5,101.4,133.6,14.8,874.4,147.26,30.7,16.2,6,69.3162,1.2086,32.5974,1.0971,50.0,20.0,33.3,33.3,100.0,25.0,0.0,0.0,0.0
1770108630,810171591,nav2_amcl,200,1000,120,34.5,98.3,133.6,14.8,874.4,149.26,30.7,17.6,6,67.5205,2.6897,33.2722,1.1236,20.0,20.0,0.0,33.3,100.0,33.3,0.0,0.0,0.0
1770108630,860170665,nav2_amcl,200,1000,120,36.7,101.8,133.6,14.8,874.4,151.01,30.7,17.5,6,56.7156,1.2834,33.8361,1.1355,25.0,25.0,33.3,0.0,100.0,25.0,0.0,0.0,0.0
1770108630,910175915,nav2_amcl,200,1000,120,33.3,117.8,133.6,14.8,874.4,152.51,30.7,17.4,6,54.7614,0.8147,34.3707,1.1399,25.0,16.7,20.0,20.0,100.0,20.0,0.0,0.0,0.0
1770108630,960163501,nav2_amcl,200,1000,120,40.0,102.0,133.6,14.8,874.4,154.25,30.7,17.3,6,68.1001,2.7455,35.0379,1.1608,33.3,0.0,25.0,20.0,100.0,25.0,0.0,0.0,0.0
1770108631,460164483,nav2_amcl,200,1000,120,26.4,103.2,133.6,14.8,874.4,160.75,26.6,15.8,6,69.5604,2.544,35.7219,1.1811,7.8,9.8,6.0,11.5,100.0,24.5,0.0,0.0,0.0
1770108631,510213542,nav2_amcl,200,1000,120,50.0,106.0,133.6,14.8,874.4,172.5,31.2,15.8,6,68.9973,0.0783,39.1929,1.2341,0.0,0.0,33.3,100.0,100.0,25.0,0.0,0.0,0.0
1770108631,560207048,nav2_amcl,200,1000,120,35.7,122.6,133.6,14.8,874.4,173.0,31.2,15.9,6,69.014,0.0348,40.542,1.2324,20.0,20.0,33.3,40.0,100.0,0.0,0.0,0.0,0.0
1770108631,610176938,nav2_amcl,200,1000,120,35.5,97.9,133.6,14.8,874.4,173.5,30.7,15.9,6,55.0032,1.5541,41.0702,1.247,20.0,0.0,0.0,40.0,100.0,33.3,0.0,0.0,0.0
1770108631,660190156,nav2_amcl,200,1000,120,39.3,102.5,133.6,14.8,874.4,174.5,30.7,15.9,6,61.1811,3.0974,41.6508,1.2778,25.0,40.0,25.0,33.3,100.0,0.0,0.0,0.0,0.0
1770108631,710185358,nav2_amcl,200,1000,120,40.6,98.1,133.6,14.8,874.4,175.5,30.7,16.0,6,57.3382,2.1485,42.2019,1.2961,20.0,33.3,0.0,33.3,100.0,33.3,0.0,0.0,0.0
1770108631,760188177,nav2_amcl,200,1000,120,32.1,102.2,133.6,14.8,874.4,177.25,30.7,16.0,6,45.8824,1.8705,43.4232,1.3412,40.0,0.0,20.0,20.0,100.0,0.0,0.0,0.0,0.0
1770108631,810199667,nav2_amcl,200,1000,120,34.5,118.0,133.6,14.8,874.4,172.75,30.7,16.1,6,5.2093,0.9204,43.4544,1.3495,20.0,25.0,0.0,20.0,100.0,33.3,0.0,0.0,0.0
1770108631,860206517,nav2_amcl,200,1000,120,34.5,101.7,133.6,14.8,874.4,173.5,30.7,17.6,6,40.2866,0.6916,44.4625,1.3759,33.3,16.7,40.0,25.0,100.0,0.0,0.0,0.0,0.0
1770108631,910202680,nav2_amcl,200,1000,120,38.7,98.5,133.6,14.8,874.4,173.75,30.7,17.4,6,57.8827,2.7443,45.0274,1.4031,0.0,25.0,20.0,20.0,100.0,40.0,0.0,0.0,0.0
1770108631,960193370,nav2_amcl,200,1000,120,33.3,122.2,133.6,14.8,874.4,174.0,30.7,17.4,6,67.2192,2.2212,45.6675,1.4241,25.0,33.3,20.0,33.3,100.0,0.0,0.0,0.0,0.0
1770108632,10204860,nav2_amcl,200,1000,120,33.3,97.6,133.6,14.8,874.4,174.0,30.7,17.4,6,67.2192,2.2212,45.6675,1.4241,20.0,40.0,0.0,0.0,100.0,25.0,0.0,0.0,0.0
1770108632,535239556,nav2_amcl,200,1000,120,28.0,103.9,133.6,14.8,874.4,179.75,26.4,15.7,6,58.5667,0.0552,46.2189,1.4235,9.6,11.1,9.6,13.2,98.1,22.4,0.0,0.0,0.0
1770108632,560238069,nav2_amcl,200,1000,120,41.7,142.9,133.6,14.8,874.4,185.0,31.2,15.8,6,52.7059,1.7082,49.5298,1.5023,33.3,33.3,0.0,100.0,100.0,0.0,0.0,0.0,0.0
1770108632,610211574,nav2_amcl,200,1000,120,38.7,98.4,133.6,14.8,874.4,185.5,31.2,15.6,6,52.4472,1.7216,49.9892,1.4907,0.0,16.7,0.0,66.7,100.0,33.3,0.0,0.0,0.0
1770108632,660235513,nav2_amcl,200,1000,120,33.3,103.9,133.6,14.8,874.4,185.5,30.7,15.6,6,52.4472,1.7216,49.9892,1.4907,33.3,25.0,25.0,20.0,100.0,0.0,0.0,0.0,0.0
1770108632,710209467,nav2_amcl,200,1000,120,34.5,98.4,133.6,14.8,874.4,186.5,30.5,15.6,6,33.8759,0.9813,50.2546,1.4769,33.3,20.0,0.0,0.0,100.0,33.3,0.0,0.0,0.0
1770108632,760220989,nav2_amcl,200,1000,120,32.1,100.7,133.6,14.8,874.4,189.75,30.5,15.7,6,84.2199,0.232,51.7734,1.4658,20.0,25.0,20.0,40.0,100.0,0.0,0.0,0.0,0.0
1770108632,810200991,nav2_amcl,200,1000,120,36.7,119.4,133.6,14.8,874.4,191.75,30.5,15.7,6,100.0,0.881,52.771,1.4693,20.0,20.0,20.0,20.0,100.0,20.0,0.0,0.0,0.0
1770108632,860212865,nav2_amcl,200,1000,120,36.7,101.7,133.6,14.8,874.4,189.0,30.5,15.8,6,86.3442,0.8228,54.5941,1.4736,33.3,25.0,0.0,20.0,100.0,25.0,0.0,0.0,0.0
1770108632,910215748,nav2_amcl,200,1000,120,32.1,118.6,133.6,14.8,874.4,190.25,30.5,15.9,6,59.868,0.351,55.7245,1.4348,33.3,20.0,0.0,40.0,100.0,20.0,0.0,0.0,0.0
1770108632,960206854,nav2_amcl,200,1000,120,36.7,101.4,133.6,14.8,874.4,190.75,30.5,15.9,6,52.3343,0.8316,56.2212,1.442,0.0,33.3,20.0,20.0,100.0,25.0,0.0,0.0,0.0
1770108633,10221608,nav2_amcl,200,1000,120,34.5,98.6,133.6,14.8,874.4,191.25,30.5,17.3,6,65.084,0.2153,56.8444,1.4394,20.0,0.0,25.0,40.0,100.0,0.0,0.0,0.0,0.0
1770108633,60229643,nav2_amcl,200,1000,120,43.3,101.0,133.6,14.8,874.4,191.5,30.5,17.2,6,84.5171,0.7491,58.0234,1.4523,0.0,20.0,40.0,66.7,100.0,0.0,0.0,0.0,0.0
1770108633,560232577,nav2_amcl,200,1000,120,28.7,103.3,133.6,14.8,874.4,191.5,26.4,15.8,6,15.4514,1.0833,58.169,1.4336,20.0,22.9,13.5,14.0,98.1,7.7,0.0,0.0,0.0
1770108633,610225411,nav2_amcl,200,1000,120,50.0,107.2,133.6,14.8,874.4,191.5,31.4,15.8,6,35.7498,0.744,59.4524,1.4266,100.0,25.0,0.0,33.3,100.0,0.0,0.0,0.0,0.0
1770108633,660243045,nav2_amcl,200,1000,120,34.6,81.8,133.6,14.8,874.4,191.75,31.2,15.8,6,76.1693,0.7738,59.763,1.4266,50.0,40.0,20.0,0.0,100.0,16.7,0.0,0.0,0.0
1770108633,710236903,nav2_amcl,200,1000,120,36.7,118.0,133.6,14.8,874.4,193.25,30.7,16.0,6,6.4667,2.0895,60.0771,1.4199,50.0,25.0,0.0,0.0,100.0,20.0,0.0,0.0,0.0
1770108633,760235562,nav2_amcl,200,1000,120,40.0,101.2,133.6,14.8,874.4,195.5,30.5,16.4,6,54.4678,0.6211,60.0051,1.4301,25.0,40.0,0.0,33.3,100.0,40.0,0.0,0.0,0.0
1770108633,810230092,nav2_amcl,200,1000,120,35.5,98.8,133.6,14.8,874.4,197.75,30.5,16.5,6,8.1106,2.5719,59.6301,1.441,16.7,40.0,33.3,20.0,100.0,20.0,0.0,0.0,0.0
1770108633,860247726,nav2_amcl,200,1000,120,37.9,121.6,133.6,14.8,874.4,198.5,30.5,18.0,6,70.5423,1.9081,59.6059,1.4501,40.0,0.0,33.3,20.0,100.0,25.0,0.0,0.0,0.0
1770108633,910221072,nav2_amcl,200,1000,120,36.7,98.6,133.6,14.8,874.4,199.75,30.5,17.8,6,100.0,0.4706,59.0588,1.463,25.0,16.7,0.0,25.0,100.0,33.3,0.0,0.0,0.0
1770108633,960229554,nav2_amcl,200,1000,120,28.6,81.2,133.6,14.8,874.4,200.0,30.5,17.7,6,70.2305,0.4364,59.5331,1.458,20.0,40.0,20.0,20.0,75.0,0.0,0.0,0.0,0.0
1770108634,10250933,nav2_amcl,200,1000,120,27.6,59.7,133.6,14.8,874.4,200.0,30.5,17.5,6,100.0,2.739,59.8329,1.4731,20.0,66.7,16.7,20.0,28.6,40.0,0.0,0.0,0.0
1770108634,60241719,nav2_amcl,200,1000,120,41.9,77.6,133.6,14.8,874.4,195.0,30.5,17.4,6,58.0192,0.5214,59.5554,1.4473,20.0,40.0,50.0,33.3,66.7,60.0,0.0,0.0,0.0
1770108634,110280730,nav2_amcl,200,1000,120,37.0,60.8,133.6,14.8,874.4,195.0,30.5,17.4,6,20.7233,1.2731,59.1613,1.4433,0.0,40.0,50.0,0.0,33.3,50.0,0.0,0.0,0.0
1770108634,610249999,nav2_amcl,200,1000,120,25.1,77.1,133.6,14.8,874.4,195.0,26.4,16.1,6,59.1264,3.003,59.1589,1.4646,13.0,67.3,15.1,9.8,43.7,4.1,0.0,0.0,0.0
1770108634,660294514,nav2_amcl,200,1000,120,44.4,65.2,133.6,14.8,874.4,195.0,31.4,18.9,6,100.0,1.1426,60.8735,1.4557,100.0,33.3,66.7,25.0,50.0,33.3,0.0,0.0,0.0
1770108634,710266324,nav2_amcl,200,1000,120,38.7,79.4,133.6,14.8,874.4,195.0,30.9,18.7,6,100.0,1.9631,61.5621,1.4679,16.7,20.0,80.0,33.3,40.0,16.7,0.0,0.0,0.0
1770108634,760277942,nav2_amcl,200,1000,120,40.6,81.3,133.6,14.8,874.4,195.0,30.7,18.5,6,100.0,1.9969,61.9638,1.4609,20.0,40.0,20.0,83.3,20.0,25.0,0.0,0.0,0.0
1770108634,810263160,nav2_amcl,200,1000,120,32.1,79.2,133.6,14.8,874.4,195.0,30.2,18.3,6,100.0,2.6117,62.4132,1.4669,0.0,33.3,50.0,60.0,20.0,60.0,0.0,0.0,0.0
1770108634,860257082,nav2_amcl,200,1000,120,36.7,81.8,133.6,14.8,874.4,195.0,30.2,18.2,6,100.0,2.8794,63.0766,1.4892,16.7,25.0,50.0,66.7,0.0,40.0,0.0,0.0,0.0
1770108634,910291229,nav2_amcl,200,1000,120,37.5,76.9,133.6,14.8,874.4,195.0,30.2,18.0,6,100.0,0.9544,63.6021,1.4777,25.0,50.0,80.0,20.0,20.0,40.0,0.0,0.0,0.0
1770108634,960296704,nav2_amcl,200,1000,120,40.0,60.8,133.6,14.8,874.4,195.0,30.2,17.9,6,100.0,1.7156,64.1275,1.4743,50.0,20.0,66.7,25.0,0.0,40.0,0.0,0.0,0.0
1770108635,10291394,nav2_amcl,200,1000,120,33.3,81.3,133.6,14.8,874.4,195.0,30.2,18.0,6,100.0,2.9962,64.431,1.4819,25.0,0.0,75.0,25.0,0.0,60.0,0.0,0.0,0.0
1770108635,60301124,nav2_amcl,200,1000,120,50.0,78.7,133.6,14.8,874.4,195.0,30.2,18.2,6,100.0,0.8545,64.7458,1.4596,66.7,20.0,50.0,25.0,100.0,50.0,0.0,0.0,0.0
1770108635,110275494,nav2_amcl,200,1000,120,41.9,60.1,133.6,14.8,874.4,195.0,30.2,18.2,6,29.4349,1.6173,64.1616,1.4588,75.0,40.0,0.0,33.3,40.0,40.0,0.0,0.0,0.0
1770108635,160308297,nav2_amcl,200,1000,120,33.3,79.7,133.6,14.8,874.4,195.0,30.2,18.4,6,31.834,1.1819,63.7456,1.4673,40.0,0.0,60.0,60.0,0.0,40.0,0.0,0.0,0.0
1770108635,660282046,nav2_amcl,200,1000,120,27.4,78.8,133.6,14.8,874.4,195.0,26.2,17.1,6,67.8298,1.785,63.8074,1.4788,19.6,13.2,32.7,47.2,27.8,24.5,0.0,0.0,0.0
1770108635,710312769,nav2_amcl,200,1000,120,50.0,101.8,133.6,14.8,874.4,190.0,31.4,19.6,6,100.0,1.9819,63.1864,1.5409,0.0,75.0,100.0,0.0,50.0,33.3,0.0,0.0,0.0
1770108635,760306691,nav2_amcl,200,1000,120,37.9,60.9,133.6,14.8,874.4,190.0,30.9,19.7,6,58.903,1.2677,63.3198,1.5435,20.0,25.0,50.0,60.0,25.0,42.9,0.0,0.0,0.0
1770108635,810299013,nav2_amcl,200,1000,120,38.7,79.0,133.6,14.8,874.4,190.0,30.7,19.6,6,100.0,1.9679,63.4934,1.5367,60.0,20.0,40.0,25.0,40.0,40.0,0.0,0.0,0.0
1770108635,860311912,nav2_amcl,200,1000,120,37.9,81.3,133.6,14.8,874.4,189.75,30.2,19.6,6,100.0,3.0693,63.8002,1.5554,33.3,50.0,40.0,60.0,20.0,25.0,0.0,0.0,0.0
1770108635,910307274,nav2_amcl,200,1000,120,37.9,59.2,133.6,14.8,874.4,189.0,30.2,19.5,6,100.0,2.0297,64.125,1.5488,40.0,60.0,20.0,25.0,0.0,50.0,0.0,0.0,0.0
1770108635,960327532,nav2_amcl,200,1000,120,37.9,80.9,133.6,14.8,874.4,187.25,30.2,19.5,6,100.0,1.3034,64.5579,1.549,20.0,50.0,40.0,50.0,50.0,0.0,0.0,0.0,0.0
1770108636,10313358,nav2_amcl,200,1000,120,36.7,78.6,133.6,14.8,874.4,185.0,30.2,19.5,6,100.0,0.9404,65.0102,1.5502,33.3,33.3,60.0,25.0,20.0,50.0,0.0,0.0,0.0
1770108636,60271599,nav2_amcl,200,1000,120,44.8,62.3,133.6,14.8,874.4,183.0,30.2,21.6,6,100.0,1.492,65.3292,1.5377,75.0,50.0,50.0,40.0,16.7,33.3,0.0,0.0,0.0
1770108636,110302642,nav2_amcl,200,1000,120,34.5,58.2,133.6,14.8,874.4,179.5,30.2,21.4,6,100.0,2.3379,65.6336,1.5356,40.0,50.0,20.0,40.0,60.0,16.7,0.0,0.0,0.0
1770108636,160323989,nav2_amcl,200,1000,120,37.9,81.1,133.6,14.8,874.4,177.0,30.2,21.3,6,100.0,2.7692,65.9895,1.5421,20.0,0.0,50.0,80.0,50.0,20.0,0.0,0.0,0.0
1770108636,210333368,nav2_amcl,200,1000,120,40.0,78.9,133.6,14.8,874.4,171.0,30.2,21.1,6,100.0,0.3187,66.5817,1.5366,40.0,80.0,40.0,20.0,50.0,33.3,0.0,0.0,0.0
1770108636,710308653,nav2_amcl,200,1000,120,25.6,70.9,133.6,14.8,874.4,171.0,26.2,18.9,6,100.0,2.2266,67.3788,1.5416,10.0,54.7,21.2,11.8,24.5,27.5,0.0,0.0,0.0
1770108636,760326928,nav2_amcl,200,1000,120,43.7,70.0,133.6,14.8,874.4,165.5,31.4,19.9,6,100.0,0.0529,70.705,1.4883,25.0,100.0,66.7,33.3,33.3,0.0,0.0,0.0,0.0
1770108636,810332050,nav2_amcl,200,1000,120,32.1,61.1,133.6,14.8,874.4,165.5,30.9,19.9,6,100.0,2.8328,71.6529,1.5075,40.0,50.0,50.0,0.0,40.0,40.0,0.0,0.0,0.0
1770108636,860309491,nav2_amcl,200,1000,120,32.1,81.7,133.6,14.8,874.4,165.0,30.5,19.8,6,100.0,1.9217,72.0018,1.5056,60.0,75.0,16.7,20.0,0.0,0.0,0.0,0.0,0.0
1770108636,910322966,nav2_amcl,200,1000,120,39.4,58.4,133.6,14.8,874.4,164.0,30.0,19.8,6,100.0,0.7556,72.599,1.5063,66.7,50.0,25.0,0.0,20.0,40.0,0.0,0.0,0.0
1770108636,960315800,nav2_amcl,200,1000,120,32.1,79.6,133.6,14.8,874.4,162.5,30.0,19.8,6,100.0,0.7009,73.0201,1.4858,50.0,40.0,50.0,20.0,40.0,0.0,0.0,0.0,0.0
1770108637,10427997,nav2_amcl,200,1000,120,45.2,78.7,133.6,14.8,874.4,160.75,30.0,22.2,6,100.0,2.4994,73.3479,1.4886,62.5,40.0,50.0,50.0,66.7,20.0,0.0,0.0,0.0
1770108637,60363198,nav2_amcl,200,1000,120,46.2,62.5,133.6,14.8,874.4,158.75,30.0,22.0,6,100.0,1.7728,73.7623,1.5058,33.3,25.0,50.0,40.0,25.0,60.0,0.0,0.0,0.0
1770108637,110371840,nav2_amcl,200,1000,120,33.3,59.3,133.6,14.8,874.4,156.5,30.0,21.8,6,100.0,0.0577,74.1815,1.4817,33.3,40.0,16.7,80.0,40.0,40.0,0.0,0.0,0.0
1770108637,160354306,nav2_amcl,200,1000,120,30.8,81.2,133.6,14.8,874.4,154.25,30.0,21.5,6,100.0,2.509,74.7844,1.4758,0.0,25.0,60.0,0.0,25.0,0.0,0.0,0.0,0.0
1770108637,210376549,nav2_amcl,200,1000,120,38.7,58.0,133.6,14.8,874.4,152.0,30.0,21.3,6,100.0,1.0711,75.1341,1.4566,25.0,40.0,40.0,50.0,50.0,40.0,0.0,0.0,0.0
1770108637,260344806,nav2_amcl,200,1000,120,30.8,82.4,133.6,14.8,874.4,145.25,30.0,21.1,6,100.0,2.5333,75.7423,1.4645,25.0,20.0,20.0,80.0,20.0,25.0,0.0,0.0,0.0
1770108637,760377117,nav2_amcl,200,1000,120,25.5,68.8,133.6,14.8,874.4,145.25,26.1,18.9,6,100.0,2.264,76.2149,1.4701,20.0,16.3,16.3,22.6,9.4,69.1,0.0,0.0,0.0
1770108637,810355710,nav2_amcl,200,1000,120,50.0,138.1,133.6,14.8,874.4,139.0,31.4,20.2,6,100.0,1.4071,79.1344,1.4651,100.0,50.0,33.3,0.0,0.0,100.0,0.0,0.0,0.0
1770108637,860364609,nav2_amcl,200,1000,120,35.7,62.2,133.6,14.8,874.4,133.0,30.9,20.2,6,100.0,3.138,79.5357,1.4929,50.0,40.0,25.0,33.3,0.0,60.0,0.0,0.0,0.0
1770108637,910336290,nav2_amcl,200,1000,120,35.7,81.4,133.6,14.8,874.4,127.5,30.5,20.2,6,100.0,0.5309,80.0123,1.4899,20.0,25.0,25.0,40.0,0.0,80.0,0.0,0.0,0.0
1770108637,960380742,nav2_amcl,200,1000,120,32.1,78.8,133.6,14.8,874.4,127.5,30.0,20.1,6,100.0,0.6125,80.3615,1.4939,50.0,25.0,20.0,40.0,0.0,66.7,0.0,0.0,0.0
1770108638,10380456,nav2_amcl,200,1000,120,36.7,59.0,133.6,14.8,874.4,126.75,30.0,20.0,6,100.0,2.8096,80.969,1.5101,40.0,33.3,25.0,50.0,0.0,80.0,0.0,0.0,0.0
1770108638,60376010,nav2_amcl,200,1000,120,48.3,80.2,133.6,14.8,874.4,125.25,30.0,22.1,6,100.0,3.0379,81.1238,1.533,50.0,42.9,60.0,25.0,20.0,66.7,0.0,0.0,0.0
1770108638,110378124,nav2_amcl,200,1000,120,38.7,78.6,133.6,14.8,874.4,123.0,30.0,21.9,6,100.0,2.926,81.9693,1.5514,40.0,0.0,40.0,40.0,20.0,75.0,0.0,0.0,0.0
1770108638,160391727,nav2_amcl,200,1000,120,39.3,61.8,133.6,14.8,874.4,120.25,30.0,21.6,6,100.0,2.5095,82.2782,1.5631,25.0,40.0,40.0,40.0,20.0,60.0,0.0,0.0,0.0
1770108638,210405745,nav2_amcl,200,1000,120,43.3,81.6,133.6,14.8,874.4,118.0,30.0,21.4,6,100.0,1.7785,82.9808,1.5655,60.0,40.0,25.0,66.7,20.0,80.0,0.0,0.0,0.0
1770108638,260362098,nav2_amcl,200,1000,120,35.7,60.3,133.6,14.8,874.4,111.5,30.0,21.2,6,100.0,0.2863,83.2378,1.5525,40.0,20.0,40.0,0.0,25.0,60.0,0.0,0.0,0.0
1770108638,310337428,nav2_amcl,200,1000,120,31.0,78.7,133.6,14.8,874.4,105.5,30.0,21.1,6,100.0,1.9512,83.5353,1.5592,40.0,25.0,0.0,20.0,40.0,60.0,0.0,0.0,0.0
1770108638,810382763,nav2_amcl,200,1000,120,25.1,67.7,133.6,14.8,874.4,105.5,26.2,19.0,6,100.0,1.4208,84.1778,1.566,24.5,26.0,18.8,23.5,17.6,38.0,0.0,0.0,0.0
1770108638,860398830,nav2_amcl,200,1000,120,47.4,87.8,133.6,14.8,874.4,99.75,31.4,20.1,6,100.0,1.5574,88.9873,1.604,33.3,33.3,100.0,33.3,66.7,33.3,0.0,0.0,0.0
1770108638,910400944,nav2_amcl,200,1000,120,41.9,80.3,133.6,14.8,874.4,94.5,30.9,20.0,6,100.0,1.7407,88.9873,1.6012,33.3,50.0,60.0,33.3,40.0,40.0,0.0,0.0,0.0
1770108638,960401970,nav2_amcl,200,1000,120,32.1,61.3,133.6,14.8,874.4,94.25,30.5,20.0,6,100.0,1.4869,89.285,1.6117,20.0,33.3,20.0,25.0,0.0,66.7,0.0,0.0,0.0
1770108639,10377332,nav2_amcl,200,1000,120,34.5,60.7,133.6,14.8,874.4,93.5,30.0,20.0,6,100.0,2.2345,89.285,1.6067,20.0,60.0,50.0,25.0,50.0,0.0,0.0,0.0,0.0
1770108639,60479384,nav2_amcl,200,1000,120,46.4,97.1,133.6,14.8,874.4,92.0,30.0,20.0,6,100.0,0.7511,89.7048,1.609,33.3,80.0,50.0,33.3,50.0,25.0,0.0,0.0,0.0
1770108639,110484667,nav2_amcl,200,1000,120,34.5,79.4,133.6,14.8,874.4,90.0,30.0,22.1,6,100.0,2.8116,90.4976,1.6244,40.0,0.0,60.0,25.0,0.0,50.0,0.0,0.0,0.0
1770108639,160394555,nav2_amcl,200,1000,120,35.7,61.6,133.6,14.8,874.4,88.0,30.0,21.9,6,100.0,1.357,90.9063,1.6079,50.0,25.0,20.0,40.0,80.0,0.0,0.0,0.0,0.0
1770108639,210397469,nav2_amcl,200,1000,120,41.4,78.3,133.6,14.8,874.4,86.0,30.0,21.6,6,100.0,1.6892,91.7056,1.6202,50.0,50.0,20.0,40.0,80.0,20.0,0.0,0.0,0.0
1770108639,260449088,nav2_amcl,200,1000,120,44.8,82.1,133.6,14.8,874.4,84.25,30.0,21.5,6,100.0,0.5528,92.0028,1.6168,40.0,40.0,50.0,50.0,0.0,80.0,0.0,0.0,0.0
1770108639,310398017,nav2_amcl,200,1000,120,32.1,78.8,133.6,14.8,874.4,82.5,30.0,21.3,6,100.0,2.9142,92.4746,1.6216,25.0,40.0,0.0,60.0,0.0,60.0,0.0,0.0,0.0
1770108639,360444709,nav2_amcl,200,1000,120,34.5,81.0,133.6,14.8,874.4,80.75,30.0,21.1,6,100.0,1.0371,92.917,1.6111,50.0,0.0,33.3,25.0,0.0,80.0,0.0,0.0,0.0
1770108639,860447387,nav2_amcl,200,1000,120,26.1,71.2,133.6,14.8,874.6,80.75,26.1,18.9,6,100.0,2.7231,93.8447,1.6226,18.0,20.0,18.4,23.1,7.7,66.7,0.0,0.0,0.0
1770108639,910409468,nav2_amcl,200,1000,120,47.1,95.2,133.6,14.8,874.6,74.25,31.4,20.0,6,100.0,0.0442,93.966,1.6342,50.0,0.0,33.3,100.0,0.0,75.0,0.0,0.0,0.0
1770108639,960446879,nav2_amcl,200,1000,120,35.7,81.2,133.6,14.8,874.6,68.25,30.9,20.0,6,100.0,3.1084,93.966,1.6481,25.0,50.0,20.0,50.0,0.0,75.0,0.0,0.0,0.0
1770108640,10406656,nav2_amcl,200,1000,120,34.5,78.7,133.6,14.8,874.6,62.5,30.5,20.0,6,100.0,0.4719,93.966,1.6228,40.0,40.0,40.0,20.0,20.0,40.0,0.0,0.0,0.0
1770108640,60502629,nav2_amcl,200,1000,120,48.3,80.6,133.6,14.8,874.6,62.25,30.0,20.0,6,100.0,0.5459,93.966,1.6197,20.0,66.7,40.0,50.0,80.0,40.0,0.0,0.0,0.0
1770108640,110400549,nav2_amcl,200,1000,120,40.0,59.6,133.6,14.8,874.6,62.0,30.0,20.0,6,100.0,0.6277,94.6717,1.6099,25.0,50.0,25.0,50.0,50.0,20.0,0.0,0.0,0.0
1770108640,160476137,nav2_amcl,200,1000,120,34.5,80.8,133.6,14.8,874.6,61.5,30.0,22.1,6,100.0,2.4542,95.3534,1.6226,60.0,16.7,40.0,25.0,60.0,0.0,0.0,0.0,0.0
1770108640,210422058,nav2_amcl,200,1000,120,40.0,60.1,133.6,14.8,874.6,60.5,30.0,21.9,6,100.0,2.4836,95.6751,1.6296,40.0,25.0,40.0,50.0,16.7,80.0,0.0,0.0,0.0
1770108640,260604880,nav2_amcl,200,1000,120,33.3,78.7,133.6,14.8,874.6,59.5,30.0,21.8,6,100.0,2.5161,96.0645,1.6266,25.0,40.0,40.0,40.0,40.0,50.0,0.0,0.0,0.0
1770108640,310376877,nav2_amcl,200,1000,120,40.0,82.1,133.6,14.8,874.6,58.5,30.0,21.5,6,100.0,2.1886,96.5909,1.6422,60.0,20.0,40.0,33.3,0.0,60.0,0.0,0.0,0.0
1770108640,360412880,nav2_amcl,200,1000,120,29.6,79.9,133.6,14.8,874.6,57.75,30.0,21.3,6,100.0,1.4854,97.3117,1.6487,40.0,20.0,20.0,60.0,0.0,50.0,0.0,0.0,0.0
1770108640,410439763,nav2_amcl,200,1000,120,37.9,59.5,133.6,14.8,874.6,57.25,30.0,21.1,6,100.0,2.9034,97.9742,1.6702,40.0,75.0,0.0,40.0,50.0,20.0,0.0,0.0,0.0
1770108640,910410440,nav2_amcl,200,1000,120,24.3,67.3,133.6,14.8,874.6,57.25,26.1,18.9,6,100.0,2.0165,97.9742,1.6837,38.5,36.0,29.4,25.5,6.0,6.1,0.0,0.0,0.0
1770108640,960499981,nav2_amcl,200,1000,120,41.2,65.0,133.6,14.8,874.6,56.75,31.4,20.0,6,100.0,1.1684,100.0,1.6319,66.7,50.0,100.0,33.3,50.0,0.0,0.0,0.0,0.0
1770108641,10461870,nav2_amcl,200,1000,120,34.5,80.5,133.6,14.8,874.6,56.5,30.9,20.0,6,100.0,1.9007,100.0,1.6415,66.7,50.0,50.0,0.0,0.0,0.0,0.0,0.0,0.0
1770108641,60437647,nav2_amcl,200,1000,120,44.4,61.7,133.6,14.8,874.6,56.25,30.5,20.0,6,100.0,1.3296,100.0,1.6399,66.7,60.0,66.7,60.0,0.0,0.0,0.0,0.0,0.0
1770108641,110390928,nav2_amcl,200,1000,120,34.5,79.1,133.6,14.8,874.6,56.0,30.0,20.0,6,100.0,0.7011,100.0,1.6235,60.0,50.0,80.0,20.0,0.0,0.0,0.0,0.0,0.0
1770108641,160388595,nav2_amcl,200,1000,120,34.5,60.4,133.6,14.8,874.6,50.25,30.0,20.0,6,100.0,2.0135,100.0,1.616,40.0,40.0,60.0,25.0,28.6,28.6,0.0,0.0,0.0
1770108641,210490487,nav2_amcl,200,1000,120,35.5,78.4,133.6,14.8,874.6,45.0,30.0,22.1,6,100.0,0.6146,100.0,1.6189,20.0,60.0,60.0,20.0,0.0,25.0,0.0,0.0,0.0
1770108641,260449017,nav2_amcl,200,1000,120,35.7,80.2,133.6,14.8,874.6,44.5,30.0,21.9,6,100.0,2.4488,100.0,1.6211,50.0,0.0,60.0,20.0,28.6,40.0,0.0,0.0,0.0
1770108641,310445531,nav2_amcl,200,1000,120,41.4,79.1,133.6,14.8,874.6,43.5,30.0,21.8,6,100.0,1.5854,100.0,1.6338,20.0,75.0,40.0,75.0,0.0,66.7,0.0,0.0,0.0
1770108641,360452029,nav2_amcl,200,1000,120,34.5,81.8,133.6,14.8,874.6,42.0,30.0,21.5,6,100.0,0.059,100.0,1.6304,0.0,0.0,60.0,50.0,0.0,50.0,0.0,0.0,0.0
1770108641,410425759,nav2_amcl,200,1000,120,37.9,60.4,133.6,14.8,874.6,40.25,30.0,21.3,6,100.0,2.3781,100.0,1.6437,50.0,33.3,80.0,40.0,20.0,0.0,0.0,0.0,0.0
1770108641,460471874,nav2_amcl,200,1000,120,34.5,78.3,133.6,14.8,874.6,38.25,30.0,21.1,6,100.0,3.043,100.0,1.6712,40.0,80.0,0.0,33.3,42.9,40.0,0.0,0.0,0.0
1770108641,960407926,nav2_amcl,200,1000,120,24.7,69.1,133.6,14.8,874.8,38.25,26.1,18.9,6,100.0,2.9974,100.0,1.696,44.2,12.8,34.6,26.0,12.0,13.7,0.0,0.0,0.0
1770108642,10426041,nav2_amcl,200,1000,120,44.4,62.8,133.6,14.8,874.8,36.0,31.2,19.9,6,100.0,0.1649,100.0,1.6408,75.0,25.0,66.7,100.0,0.0,0.0,0.0,0.0,0.0
1770108642,60498045,nav2_amcl,200,1000,120,42.3,64.3,133.6,14.8,874.8,36.0,30.9,20.0,6,100.0,0.672,100.0,1.6298,40.0,33.3,25.0,50.0,75.0,20.0,0.0,0.0,0.0
1770108642,110475327,nav2_amcl,200,1000,120,37.9,80.7,133.6,14.8,874.8,35.25,30.5,20.0,6,100.0,1.4801,100.0,1.644,25.0,50.0,25.0,42.9,40.0,80.0,0.0,0.0,0.0
1770108642,160490625,nav2_amcl,200,1000,120,34.5,60.0,133.6,14.8,874.8,34.75,30.0,20.0,6,100.0,1.9377,100.0,1.6383,20.0,50.0,33.3,25.0,40.0,50.0,0.0,0.0,0.0
1770108642,210499460,nav2_amcl,200,1000,120,38.7,78.8,133.6,14.8,874.8,34.25,30.0,20.0,6,100.0,0.0912,100.0,1.6285,0.0,20.0,25.0,20.0,40.0,60.0,0.0,0.0,0.0
1770108642,260518790,nav2_amcl,200,1000,120,35.7,80.6,133.6,14.8,874.8,33.75,30.0,22.1,6,100.0,0.5073,100.0,1.6083,40.0,0.0,50.0,20.0,40.0,75.0,0.0,0.0,0.0
1770108642,310470631,nav2_amcl,200,1000,120,45.2,59.2,133.6,14.8,874.8,33.5,30.0,21.9,6,100.0,1.6447,100.0,1.6021,50.0,60.0,57.1,50.0,33.3,0.0,0.0,0.0,0.0
1770108642,360474634,nav2_amcl,200,1000,120,33.3,81.7,133.6,14.8,874.8,33.5,30.0,21.8,6,100.0,2.779,100.0,1.6285,25.0,50.0,20.0,0.0,50.0,60.0,0.0,0.0,0.0
1770108642,410498060,nav2_amcl,200,1000,120,37.9,76.8,133.6,14.8,874.8,33.5,30.0,21.5,6,100.0,2.404,100.0,1.6497,0.0,50.0,40.0,25.0,33.3,80.0,0.0,0.0,0.0
1770108642,460540880,nav2_amcl,200,1000,120,37.0,82.1,133.6,14.8,874.8,33.25,30.0,21.3,6,100.0,0.7063,100.0,1.6562,50.0,20.0,25.0,20.0,80.0,50.0,0.0,0.0,0.0
1770108642,510482448,nav2_amcl,200,1000,120,33.3,61.4,133.6,14.8,874.8,32.5,30.0,21.1,6,100.0,1.3855,100.0,1.6624,40.0,60.0,50.0,40.0,25.0,0.0,0.0,0.0,0.0
1770108643,10464518,nav2_amcl,200,1000,120,26.5,72.7,133.6,14.8,874.8,32.5,26.1,18.9,6,100.0,0.746,100.0,1.6598,14.9,19.2,18.0,25.5,50.0,23.5,0.0,0.0,0.0
1770108643,60523722,nav2_amcl,200,1000,120,55.6,96.7,133.6,14.8,874.8,32.5,26.2,18.8,6,100.0,1.1358,100.0,1.6141,33.3,66.7,0.0,100.0,75.0,25.0,0.0,0.0,0.0
1770108643,110463274,nav2_amcl,200,1000,120,41.4,85.3,133.6,14.8,874.8,31.0,30.9,20.0,6,100.0,1.5219,100.0,1.5745,40.0,0.0,25.0,100.0,80.0,0.0,0.0,0.0,0.0
1770108643,160501262,nav2_amcl,200,1000,120,40.0,79.9,133.6,14.8,874.8,29.75,30.5,20.0,6,100.0,1.7864,100.0,1.5673,40.0,20.0,40.0,50.0,66.7,40.0,0.0,0.0,0.0
1770108643,210483375,nav2_amcl,200,1000,120,32.1,61.1,133.6,14.8,874.8,28.5,30.0,20.0,6,100.0,1.858,100.0,1.5681,0.0,50.0,20.0,60.0,40.0,40.0,0.0,0.0,0.0
1770108643,260518450,nav2_amcl,200,1000,120,29.6,80.1,133.6,14.8,874.8,27.5,30.0,20.0,6,100.0,0.7015,100.0,1.5723,25.0,20.0,20.0,40.0,20.0,80.0,0.0,0.0,0.0
1770108643,310500084,nav2_amcl,200,1000,120,34.5,78.9,133.6,14.8,874.8,26.75,30.0,22.1,6,100.0,0.0097,100.0,1.5528,60.0,20.0,20.0,20.0,0.0,50.0,0.0,0.0,0.0
1770108643,360537079,nav2_amcl,200,1000,120,43.3,58.8,133.6,14.8,874.8,26.0,30.0,21.9,6,100.0,2.523,100.0,1.5639,100.0,20.0,25.0,25.0,28.6,40.0,0.0,0.0,0.0
1770108643,410522905,nav2_amcl,200,1000,120,32.1,60.6,133.6,14.8,874.8,25.5,30.0,21.6,6,100.0,0.8463,100.0,1.5476,60.0,20.0,62.5,25.0,0.0,40.0,0.0,0.0,0.0
1770108643,460535132,nav2_amcl,200,1000,120,34.5,80.7,133.6,14.8,874.8,25.25,30.0,21.5,6,100.0,2.5656,100.0,1.5591,40.0,25.0,50.0,0.0,25.0,40.0,0.0,0.0,0.0
1770108643,510495869,nav2_amcl,200,1000,120,40.0,79.0,133.6,14.8,874.8,25.25,30.0,21.3,6,100.0,1.7719,100.0,1.5506,80.0,0.0,50.0,16.7,40.0,40.0,0.0,0.0,0.0
1770108643,560527328,nav2_amcl,200,1000,120,40.0,81.4,133.6,14.8,874.8,25.25,30.0,21.1,6,100.0,1.8289,100.0,1.5451,50.0,0.0,60.0,40.0,20.0,50.0,0.0,0.0,0.0
1770108644,60547414,nav2_amcl,200,1000,120,23.6,69.0,133.6,14.8,874.8,25.25,26.1,18.9,6,100.0,0.9644,100.0,1.5288,37.7,26.9,8.0,23.1,23.5,30.6,0.0,0.0,0.0
1770108644,110594362,nav2_amcl,200,1000,120,61.9,130.3,133.6,14.8,874.8,25.25,26.6,18.9,6,100.0,0.1262,100.0,1.5513,25.0,100.0,100.0,33.3,33.3,50.0,0.0,0.0,0.0
1770108644,160542683,nav2_amcl,200,1000,120,37.0,63.2,133.6,14.8,874.8,25.5,30.9,20.0,6,100.0,2.478,100.0,1.5418,20.0,20.0,75.0,80.0,25.0,20.0,0.0,0.0,0.0
1770108644,210542365,nav2_amcl,200,1000,120,31.0,59.4,133.6,14.8,874.8,25.5,30.5,20.0,6,100.0,1.6482,100.0,1.5414,20.0,50.0,50.0,25.0,40.0,40.0,0.0,0.0,0.0
1770108644,260536191,nav2_amcl,200,1000,120,32.1,80.3,133.6,14.8,874.8,25.5,30.0,20.0,6,100.0,1.0373,100.0,1.5463,40.0,40.0,0.0,50.0,40.0,0.0,0.0,0.0,0.0
1770108644,310477888,nav2_amcl,200,1000,120,40.0,59.9,133.6,14.8,874.8,25.5,30.0,20.0,6,100.0,3.0569,100.0,1.5477,75.0,40.0,0.0,20.0,20.0,40.0,0.0,0.0,0.0
1770108644,360572292,nav2_amcl,200,1000,120,35.7,78.5,133.6,14.8,874.8,25.5,30.0,22.1,6,100.0,2.9507,100.0,1.5668,40.0,66.7,40.0,50.0,0.0,40.0,0.0,0.0,0.0
1770108644,410490404,nav2_amcl,200,1000,120,36.7,80.6,133.6,14.8,874.8,25.5,30.0,21.9,6,100.0,1.9992,100.0,1.5596,66.7,20.0,60.0,40.0,0.0,0.0,0.0,0.0,0.0
1770108644,460557480,nav2_amcl,200,1000,120,41.4,61.1,133.6,14.8,874.8,25.5,30.0,21.8,6,100.0,1.2977,100.0,1.5552,60.0,20.0,75.0,20.0,60.0,42.9,0.0,0.0,0.0
1770108644,510491113,nav2_amcl,200,1000,120,39.4,79.4,133.6,14.8,874.8,25.5,30.0,21.5,6,100.0,0.4899,100.0,1.5419,60.0,50.0,66.7,20.0,0.0,0.0,0.0,0.0,0.0
1770108644,560535916,nav2_amcl,200,1000,120,37.9,78.8,133.6,14.8,874.8,25.5,30.0,21.3,6,100.0,3.062,100.0,1.5463,50.0,40.0,75.0,0.0,33.3,20.0,0.0,0.0,0.0
1770108644,610501262,nav2_amcl,200,1000,120,37.9,81.0,133.6,14.8,874.8,25.5,30.0,21.1,6,100.0,0.7685,100.0,1.5362,50.0,40.0,16.7,66.7,25.0,20.0,0.0,0.0,0.0
1770108645,110546245,nav2_amcl,200,1000,120,22.6,67.3,133.9,14.8,874.8,25.5,26.1,18.9,6,100.0,0.0966,100.0,1.5079,31.3,6.1,38.0,29.4,16.3,16.0,0.0,0.0,0.0
1770108645,160612425,nav2_amcl,200,1000,120,50.0,95.5,133.9,14.8,874.8,25.75,30.9,19.1,6,100.0,0.058,100.0,1.4618,33.3,0.0,100.0,50.0,50.0,50.0,0.0,0.0,0.0
1770108645,210559434,nav2_amcl,200,1000,120,46.7,60.5,133.9,14.8,874.8,25.75,30.9,20.0,6,100.0,2.0578,100.0,1.5026,60.0,40.0,66.7,40.0,25.0,40.0,0.0,0.0,0.0
1770108645,260585292,nav2_amcl,200,1000,120,32.1,81.9,133.9,14.8,874.8,25.75,30.5,20.0,6,100.0,0.4369,100.0,1.4818,20.0,75.0,0.0,25.0,33.3,25.0,0.0,0.0,0.0
1770108645,310563310,nav2_amcl,200,1000,120,37.9,60.2,133.9,14.8,874.8,25.75,30.2,20.0,6,100.0,1.452,100.0,1.4744,33.3,71.4,33.3,40.0,40.0,25.0,0.0,0.0,0.0
1770108645,360586321,nav2_amcl,200,1000,120,31.0,80.5,133.9,14.8,874.8,25.75,30.0,20.0,6,100.0,0.3445,100.0,1.463,0.0,40.0,25.0,33.3,25.0,40.0,0.0,0.0,0.0
1770108645,410609140,nav2_amcl,200,1000,120,40.0,59.2,133.9,14.8,874.8,25.75,30.0,22.1,6,100.0,1.5613,100.0,1.4496,50.0,0.0,40.0,75.0,20.0,20.0,0.0,0.0,0.0
1770108645,460540596,nav2_amcl,200,1000,120,28.6,59.2,133.9,14.8,874.8,25.75,30.0,21.9,6,100.0,0.2534,100.0,1.432,20.0,33.3,60.0,40.0,0.0,0.0,0.0,0.0,0.0
1770108645,510564951,nav2_amcl,200,1000,120,40.0,80.9,133.9,14.8,874.8,25.75,30.0,21.8,6,100.0,2.0642,100.0,1.4481,60.0,50.0,25.0,40.0,40.0,20.0,0.0,0.0,0.0
1770108645,560552985,nav2_amcl,200,1000,120,32.1,61.2,133.9,14.8,874.8,25.75,30.0,21.5,6,100.0,2.447,100.0,1.4521,50.0,0.0,33.3,60.0,20.0,25.0,0.0,0.0,0.0
1770108645,610572924,nav2_amcl,200,1000,120,38.7,98.2,133.9,14.8,874.8,25.75,30.0,21.3,6,100.0,1.4443,100.0,1.4462,40.0,33.3,80.0,40.0,40.0,0.0,0.0,0.0,0.0
1770108645,660569918,nav2_amcl,200,1000,120,32.1,61.1,133.9,14.8,874.8,25.75,30.0,21.1,6,100.0,0.2606,100.0,1.4356,25.0,40.0,50.0,40.0,25.0,25.0,0.0,0.0,0.0
1770108646,160535187,nav2_amcl,200,1000,120,23.7,67.2,133.9,14.8,874.8,25.75,26.1,18.9,6,100.0,0.1661,100.0,1.4263,24.0,18.4,33.3,32.0,13.7,18.0,0.0,0.0,0.0
1770108646,210627287,nav2_amcl,200,1000,120,57.1,89.9,133.9,14.8,874.8,25.75,26.6,18.9,6,100.0,0.6314,100.0,1.4291,100.0,75.0,75.0,60.0,50.0,0.0,0.0,0.0,0.0
1770108646,260553688,nav2_amcl,200,1000,120,34.6,64.1,133.9,14.8,874.8,26.0,31.2,20.0,6,100.0,2.9376,100.0,1.4282,80.0,0.0,50.0,60.0,0.0,20.0,0.0,0.0,0.0
1770108646,310624252,nav2_amcl,200,1000,120,35.7,79.8,133.9,14.8,874.8,26.0,30.7,20.0,6,100.0,0.1355,100.0,1.4137,40.0,66.7,50.0,0.0,40.0,0.0,0.0,0.0,0.0
1770108646,360522843,nav2_amcl,200,1000,120,32.1,81.8,133.9,14.8,874.8,26.0,30.2,20.0,6,100.0,1.471,100.0,1.4278,25.0,25.0,75.0,50.0,20.0,0.0,0.0,0.0,0.0
1770108646,410605504,nav2_amcl,200,1000,120,39.4,57.8,133.9,14.8,874.8,26.0,30.0,20.0,6,100.0,1.8318,100.0,1.4224,57.1,40.0,33.3,50.0,20.0,20.0,0.0,0.0,0.0
1770108646,460570081,nav2_amcl,200,1000,120,37.9,61.4,133.9,14.8,874.8,26.0,30.0,22.1,6,100.0,1.7284,100.0,1.4092,40.0,40.0,50.0,0.0,40.0,40.0,0.0,0.0,0.0
1770108646,510590980,nav2_amcl,200,1000,120,32.1,79.7,133.9,14.8,874.8,26.0,30.0,21.9,6,100.0,0.3958,100.0,1.3832,50.0,0.0,66.7,0.0,25.0,40.0,0.0,0.0,0.0
1770108646,560575302,nav2_amcl,200,1000,120,40.0,80.4,133.9,14.8,874.8,26.0,30.0,21.8,6,100.0,0.4497,100.0,1.3828,0.0,33.3,80.0,50.0,60.0,0.0,0.0,0.0,0.0
1770108646,610585864,nav2_amcl,200,1000,120,34.5,79.8,133.9,14.8,874.8,26.0,30.0,21.5,6,100.0,3.0695,100.0,1.4104,0.0,0.0,50.0,66.7,20.0,50.0,0.0,0.0,0.0
1770108646,660579338,nav2_amcl,200,1000,120,35.7,80.0,133.9,14.8,874.8,26.0,30.0,21.3,6,100.0,1.1388,100.0,1.3925,40.0,0.0,50.0,25.0,20.0,60.0,0.0,0.0,0.0
1770108646,710532875,nav2_amcl,200,1000,120,36.7,78.9,133.9,14.8,874.8,26.0,30.0,21.1,6,100.0,2.6081,100.0,1.4177,50.0,80.0,40.0,50.0,0.0,0.0,0.0,0.0,0.0
1770108647,210562434,nav2_amcl,200,1000,120,23.8,70.6,133.9,14.8,874.8,26.0,26.1,18.9,6,100.0,2.391,100.0,1.4347,51.0,28.0,9.6,33.3,10.4,10.0,0.0,0.0,0.0
1770108647,260642406,nav2_amcl,200,1000,120,50.0,60.9,133.9,14.8,874.8,26.0,26.1,18.8,6,100.0,1.8763,100.0,1.4527,25.0,66.7,33.3,100.0,0.0,66.7,0.0,0.0,0.0
1770108647,310624680,nav2_amcl,200,1000,120,42.3,90.5,133.9,14.8,874.8,26.25,31.2,20.0,6,100.0,1.975,100.0,1.4881,0.0,75.0,20.0,100.0,40.0,25.0,0.0,0.0,0.0
1770108647,360597129,nav2_amcl,200,1000,120,35.7,62.9,133.9,14.8,874.8,26.25,30.7,20.0,6,100.0,2.9873,100.0,1.4902,50.0,40.0,50.0,60.0,0.0,20.0,0.0,0.0,0.0
1770108647,410625804,nav2_amcl,200,1000,120,37.5,78.5,133.9,14.8,874.8,26.25,30.2,20.0,6,100.0,0.0858,100.0,1.467,80.0,20.0,25.0,50.0,33.3,20.0,0.0,0.0,0.0
1770108647,460634959,nav2_amcl,200,1000,120,40.7,79.1,133.9,14.8,874.8,26.25,30.0,20.0,6,100.0,2.8739,100.0,1.4887,50.0,75.0,0.0,40.0,60.0,0.0,0.0,0.0,0.0
1770108647,510631729,nav2_amcl,200,1000,120,40.6,79.8,133.9,14.8,874.8,26.25,30.0,22.1,6,100.0,0.4617,100.0,1.4795,60.0,0.0,50.0,33.3,66.7,40.0,0.0,0.0,0.0
1770108647,560648628,nav2_amcl,200,1000,120,39.3,81.6,133.9,14.8,874.8,26.25,30.0,21.9,6,100.0,1.8089,100.0,1.4901,40.0,0.0,50.0,60.0,50.0,0.0,0.0,0.0,0.0
1770108647,610639798,nav2_amcl,200,1000,120,35.7,80.1,133.9,14.8,874.8,26.25,30.0,21.8,6,100.0,1.2221,100.0,1.4931,60.0,20.0,33.3,50.0,40.0,33.3,0.0,0.0,0.0
1770108647,660630296,nav2_amcl,200,1000,120,35.7,79.9,133.9,14.8,874.8,26.25,30.0,21.6,6,100.0,2.2031,100.0,1.5058,33.3,16.7,0.0,33.3,80.0,33.3,0.0,0.0,0.0
1770108647,710630586,nav2_amcl,200,1000,120,41.9,78.9,133.9,14.8,874.8,26.25,30.0,21.4,6,100.0,0.7858,100.0,1.5023,50.0,25.0,25.0,66.7,40.0,25.0,0.0,0.0,0.0
1770108647,760634620,nav2_amcl,200,1000,120,33.3,102.0,133.9,14.8,874.8,26.25,30.0,21.2,6,100.0,2.9364,100.0,1.5201,0.0,80.0,20.0,33.3,25.0,25.0,0.0,0.0,0.0
1770108648,260597937,nav2_amcl,200,1000,120,24.6,67.4,133.9,14.8,874.8,26.25,26.1,19.0,6,100.0,1.1466,100.0,1.5072,26.0,36.5,26.9,12.0,20.4,28.8,0.0,0.0,0.0
1770108648,310590195,nav2_amcl,200,1000,120,50.0,120.6,133.9,14.8,874.8,26.5,30.9,19.1,6,100.0,2.5805,100.0,1.5136,66.7,66.7,100.0,33.3,0.0,0.0,0.0,0.0,0.0
1770108648,360591766,nav2_amcl,200,1000,120,33.3,63.4,133.9,14.8,874.8,26.5,31.2,20.0,6,100.0,2.1951,100.0,1.5786,33.3,71.4,60.0,0.0,0.0,20.0,0.0,0.0,0.0
1770108648,410593400,nav2_amcl,200,1000,120,33.3,59.5,133.9,14.8,874.8,26.5,30.7,20.0,6,100.0,3.0565,100.0,1.6007,33.3,25.0,40.0,60.0,40.0,0.0,0.0,0.0,0.0
1770108648,460567417,nav2_amcl,200,1000,120,37.9,80.1,133.9,14.8,874.8,26.5,30.2,20.0,6,100.0,2.9105,100.0,1.6042,20.0,25.0,25.0,50.0,60.0,20.0,0.0,0.0,0.0
1770108648,510589340,nav2_amcl,200,1000,120,34.5,59.5,133.9,14.8,874.8,26.5,30.0,20.0,6,100.0,3.0522,100.0,1.617,33.3,40.0,0.0,57.1,80.0,0.0,0.0,0.0,0.0
1770108648,560588478,nav2_amcl,200,1000,120,33.3,81.1,133.9,14.8,874.8,26.5,30.0,22.1,6,100.0,3.0265,100.0,1.6289,0.0,0.0,50.0,60.0,80.0,20.0,0.0,0.0,0.0
1770108648,610589409,nav2_amcl,200,1000,120,37.5,78.4,133.9,14.8,874.8,26.5,30.0,21.9,6,100.0,1.1537,100.0,1.6308,16.7,33.3,25.0,50.0,66.7,20.0,0.0,0.0,0.0
1770108648,660611843,nav2_amcl,200,1000,120,35.7,62.2,133.9,14.8,874.8,26.5,30.0,21.8,6,100.0,1.0184,100.0,1.6121,40.0,40.0,20.0,40.0,50.0,20.0,0.0,0.0,0.0
1770108648,710606245,nav2_amcl,200,1000,120,33.3,77.9,133.9,14.8,874.8,26.5,30.0,21.5,6,100.0,2.035,100.0,1.6158,0.0,50.0,50.0,0.0,40.0,50.0,0.0,0.0,0.0
1770108648,761081267,nav2_amcl,200,1000,120,29.6,80.1,133.9,14.8,874.8,26.5,30.0,21.3,6,100.0,2.5982,100.0,1.6158,0.0,0.0,0.0,40.0,75.0,0.0,0.0,0.0,0.0
1770108648,810730125,nav2_amcl,200,1000,120,37.9,59.6,133.9,14.8,874.8,26.5,30.0,21.2,6,100.0,1.176,100.0,1.604,40.0,40.0,50.0,40.0,40.0,50.0,0.0,0.0,0.0
1770108649,310619680,nav2_amcl,200,1000,120,25.5,69.1,133.9,14.8,874.8,26.5,26.1,19.0,6,100.0,1.5897,100.0,1.6187,42.3,29.6,30.6,22.0,11.8,16.3,0.0,0.0,0.0
1770108649,360691268,nav2_amcl,200,1000,120,52.9,64.4,133.9,14.8,874.8,26.5,26.4,18.9,6,100.0,2.8758,100.0,1.6175,100.0,66.7,0.0,50.0,0.0,0.0,0.0,0.0,0.0
1770108649,410655142,nav2_amcl,200,1000,120,40.0,84.5,133.9,14.8,874.8,26.75,31.2,20.0,6,100.0,2.5779,100.0,1.6187,60.0,50.0,16.7,50.0,40.0,25.0,0.0,0.0,0.0
1770108649,460668872,nav2_amcl,200,1000,120,37.9,60.1,133.9,14.8,874.8,26.75,30.7,20.0,6,100.0,1.5456,100.0,1.6212,50.0,25.0,0.0,40.0,25.0,25.0,0.0,0.0,0.0
1770108649,510674410,nav2_amcl,200,1000,120,37.0,79.9,133.9,14.8,874.8,26.75,30.2,20.0,6,100.0,1.8359,100.0,1.6347,20.0,40.0,66.7,60.0,40.0,40.0,0.0,0.0,0.0
1770108649,561226202,nav2_amcl,200,1000,120,33.3,79.3,133.9,14.8,874.8,26.75,30.0,20.0,6,100.0,0.301,100.0,1.6071,66.7,0.0,60.0,40.0,0.0,28.6,0.0,0.0,0.0
1770108649,610672431,nav2_amcl,200,1000,120,43.7,60.1,133.9,14.8,874.8,26.75,30.0,22.1,6,100.0,2.6476,100.0,1.6259,0.0,80.0,50.0,25.0,25.0,40.0,0.0,0.0,0.0
1770108649,660655921,nav2_amcl,200,1000,120,30.8,80.6,133.9,14.8,874.8,26.75,30.0,21.9,6,100.0,0.7723,100.0,1.6326,66.7,0.0,33.3,0.0,40.0,25.0,0.0,0.0,0.0
1770108649,710671187,nav2_amcl,200,1000,120,34.5,78.9,133.9,14.8,874.8,26.75,30.0,21.8,6,100.0,0.1823,100.0,1.6333,25.0,20.0,71.4,50.0,25.0,40.0,0.0,0.0,0.0
1770108649,760692278,nav2_amcl,200,1000,120,37.9,80.9,133.9,14.8,874.8,26.75,30.0,21.5,6,100.0,1.7956,100.0,1.6426,20.0,33.3,80.0,40.0,50.0,0.0,0.0,0.0,0.0
1770108649,810648791,nav2_amcl,200,1000,120,32.1,79.9,133.9,14.8,874.8,26.75,30.0,21.3,6,100.0,2.2342,100.0,1.6536,0.0,40.0,66.7,60.0,0.0,20.0,0.0,0.0,0.0
1770108649,860612024,nav2_amcl,200,1000,120,32.1,60.7,133.9,14.8,874.8,26.75,30.0,21.1,6,100.0,0.2972,100.0,1.6407,0.0,60.0,25.0,25.0,25.0,25.0,0.0,0.0,0.0
1770108650,360630095,nav2_amcl,200,1000,120,24.4,67.4,133.9,14.8,874.8,26.75,26.1,19.0,6,100.0,2.3836,100.0,1.6497,20.4,46.2,20.8,33.3,17.0,9.8,0.0,0.0,0.0
1770108650,410730260,nav2_amcl,200,1000,120,57.9,89.4,133.9,14.8,874.8,26.75,26.6,18.9,6,100.0,0.6759,100.0,1.6265,0.0,33.3,100.0,50.0,66.7,66.7,0.0,0.0,0.0
1770108650,460672116,nav2_amcl,200,1000,120,37.0,84.9,133.9,14.8,874.8,27.0,31.2,20.0,6,100.0,0.9486,100.0,1.6395,60.0,0.0,60.0,0.0,50.0,0.0,0.0,0.0,0.0
1770108650,510689943,nav2_amcl,200,1000,120,37.9,57.9,133.9,14.8,874.8,27.0,30.7,20.0,6,100.0,2.2643,100.0,1.6415,57.1,80.0,33.3,50.0,33.3,25.0,0.0,0.0,0.0
1770108650,560646136,nav2_amcl,200,1000,120,37.9,84.0,133.9,14.8,874.8,27.0,30.5,20.0,6,100.0,0.6358,100.0,1.6234,0.0,50.0,0.0,66.7,25.0,40.0,0.0,0.0,0.0
1770108650,610684795,nav2_amcl,200,1000,120,34.5,79.3,133.9,14.8,874.8,27.0,30.0,20.0,6,100.0,2.5098,100.0,1.6341,40.0,20.0,40.0,60.0,60.0,0.0,0.0,0.0,0.0
1770108650,660648029,nav2_amcl,200,1000,120,31.0,60.9,133.9,14.8,874.8,27.0,30.0,22.1,6,100.0,0.0692,100.0,1.6322,33.3,50.0,25.0,25.0,20.0,25.0,0.0,0.0,0.0
1770108650,710696352,nav2_amcl,200,1000,120,37.9,77.8,133.9,14.8,874.8,27.0,30.0,21.9,6,100.0,0.6781,100.0,1.6373,25.0,40.0,60.0,0.0,40.0,33.3,0.0,0.0,0.0
1770108650,760707043,nav2_amcl,200,1000,120,33.3,81.3,133.9,14.8,874.8,27.0,30.0,21.8,6,100.0,1.5969,100.0,1.6506,60.0,50.0,25.0,40.0,40.0,0.0,0.0,0.0,0.0
1770108650,810701381,nav2_amcl,200,1000,120,37.9,79.9,133.9,14.8,874.8,27.0,30.0,21.5,6,100.0,1.6848,100.0,1.6448,16.7,75.0,25.0,40.0,25.0,40.0,0.0,0.0,0.0
1770108650,860719239,nav2_amcl,200,1000,120,38.7,80.1,133.9,14.8,874.8,27.0,30.0,21.3,6,100.0,0.6218,100.0,1.6197,0.0,60.0,42.9,33.3,50.0,25.0,0.0,0.0,0.0
1770108650,910669480,nav2_amcl,200,1000,120,32.1,80.2,133.9,14.8,874.8,27.0,30.0,21.2,6,100.0,0.1374,100.0,1.594,20.0,60.0,40.0,25.0,40.0,25.0,0.0,0.0,0.0
1770108651,410685855,nav2_amcl,200,1000,120,24.6,69.2,133.9,14.8,874.8,27.0,26.1,19.0,6,100.0,0.6951,100.0,1.5946,21.3,20.4,48.1,36.0,11.8,11.3,0.0,0.0,0.0
1770108651,460763267,nav2_amcl,200,1000,120,52.6,90.9,133.9,14.8,874.8,27.25,30.9,19.1,6,100.0,1.033,100.0,1.6143,50.0,75.0,100.0,0.0,25.0,25.0,0.0,0.0,0.0
1770108651,510693987,nav2_amcl,200,1000,120,41.4,61.5,133.9,14.8,874.8,27.25,31.2,20.0,6,100.0,2.7471,100.0,1.6733,0.0,60.0,60.0,33.3,40.0,25.0,0.0,0.0,0.0
1770108651,560765544,nav2_amcl,200,1000,120,40.0,100.5,133.9,14.8,874.8,27.0,30.7,20.0,6,100.0,2.0132,100.0,1.6889,20.0,0.0,66.7,60.0,40.0,25.0,0.0,0.0,0.0
1770108651,610697512,nav2_amcl,200,1000,120,45.2,61.3,133.9,14.8,874.8,27.0,30.2,20.0,6,100.0,1.6679,100.0,1.6749,60.0,60.0,50.0,0.0,50.0,42.9,0.0,0.0,0.0
1770108651,660718603,nav2_amcl,200,1000,120,33.3,100.3,133.9,14.8,874.8,27.0,30.0,20.0,6,100.0,1.6891,100.0,1.6804,0.0,80.0,0.0,25.0,40.0,0.0,0.0,0.0,0.0
1770108651,710717069,nav2_amcl,200,1000,120,40.0,80.0,133.9,14.8,874.8,27.0,30.0,22.1,6,100.0,0.0054,100.0,1.6544,20.0,80.0,20.0,40.0,40.0,66.7,0.0,0.0,0.0
1770108651,760717039,nav2_amcl,200,1000,120,28.0,60.3,133.9,14.8,874.8,27.0,30.0,21.9,6,100.0,0.681,100.0,1.6373,25.0,60.0,20.0,20.0,0.0,33.3,0.0,0.0,0.0
1770108651,810700625,nav2_amcl,200,1000,120,40.6,80.0,133.9,14.8,874.8,27.0,30.0,21.9,6,100.0,0.6787,100.0,1.6237,40.0,80.0,25.0,20.0,0.0,66.7,0.0,0.0,0.0
1770108651,860717012,nav2_amcl,200,1000,120,30.8,78.2,133.9,14.8,874.8,27.0,30.0,21.6,6,100.0,1.6322,100.0,1.6213,42.9,75.0,20.0,25.0,25.0,20.0,0.0,0.0,0.0
1770108651,910710582,nav2_amcl,200,1000,120,32.1,81.5,133.9,14.8,874.8,27.0,30.0,21.4,6,100.0,2.451,100.0,1.6454,25.0,50.0,75.0,25.0,20.0,0.0,0.0,0.0,0.0
1770108651,960715288,nav2_amcl,200,1000,120,34.5,60.3,133.9,14.8,874.8,27.0,30.0,21.2,6,100.0,0.3417,100.0,1.6363,20.0,33.3,83.3,20.0,25.0,20.0,0.0,0.0,0.0
1770108652,460696622,nav2_amcl,200,1000,120,23.1,70.9,133.9,14.8,874.8,27.0,26.1,19.0,6,100.0,1.1918,100.0,1.6225,28.6,6.1,38.5,15.7,30.6,17.0,0.0,0.0,0.0
1770108652,510767666,nav2_amcl,200,1000,120,52.9,98.8,133.9,14.8,874.8,27.0,26.6,18.9,6,100.0,1.0016,100.0,1.6505,50.0,100.0,33.3,100.0,66.7,0.0,0.0,0.0,0.0
1770108652,560723987,nav2_amcl,200,1000,120,38.5,82.8,133.9,14.8,874.8,27.0,31.2,20.0,6,100.0,0.2108,100.0,1.6616,33.3,50.0,60.0,0.0,50.0,40.0,0.0,0.0,0.0
1770108652,610727989,nav2_amcl,200,1000,120,38.7,60.1,133.9,14.8,874.8,27.0,30.7,20.0,6,100.0,2.301,100.0,1.6723,60.0,25.0,25.0,40.0,20.0,50.0,0.0,0.0,0.0
1770108652,660687286,nav2_amcl,200,1000,120,32.1,60.9,133.9,14.8,874.8,27.0,30.2,20.0,6,100.0,2.4727,100.0,1.675,25.0,60.0,20.0,0.0,40.0,20.0,0.0,0.0,0.0
1770108652,710736346,nav2_amcl,200,1000,120,38.7,79.2,133.9,14.8,874.8,27.0,30.0,20.0,6,100.0,1.3072,100.0,1.6803,25.0,50.0,40.0,0.0,50.0,25.0,0.0,0.0,0.0
1770108652,760731324,nav2_amcl,200,1000,120,28.0,80.3,133.9,14.8,874.8,27.0,30.0,22.1,6,100.0,2.6391,100.0,1.6773,25.0,25.0,50.0,0.0,50.0,50.0,0.0,0.0,0.0
1770108652,810745502,nav2_amcl,200,1000,120,36.7,78.6,133.9,14.8,874.8,27.0,30.0,21.9,6,100.0,2.1143,100.0,1.687,16.7,20.0,80.0,50.0,20.0,40.0,0.0,0.0,0.0
1770108652,860693887,nav2_amcl,200,1000,120,35.7,62.0,133.9,14.8,874.8,27.0,30.0,21.8,6,100.0,1.4445,100.0,1.6945,25.0,40.0,50.0,25.0,25.0,40.0,0.0,0.0,0.0
1770108652,910746467,nav2_amcl,200,1000,120,34.5,79.0,133.9,14.8,874.8,27.0,30.0,21.5,6,100.0,2.8539,100.0,1.6976,16.7,20.0,60.0,50.0,33.3,20.0,0.0,0.0,0.0
1770108652,960713156,nav2_amcl,200,1000,120,35.7,79.9,133.9,14.8,874.8,27.0,30.0,21.3,6,100.0,0.087,100.0,1.6721,25.0,40.0,40.0,0.0,60.0,50.0,0.0,0.0,0.0
1770108653,10741543,nav2_amcl,200,1000,120,41.9,79.9,133.9,14.8,874.8,27.0,30.0,21.1,6,100.0,2.7026,100.0,1.692,20.0,83.3,40.0,25.0,0.0,66.7,0.0,0.0,0.0
1770108653,535741966,nav2_amcl,200,1000,120,24.7,70.4,133.9,14.8,875.0,27.0,25.9,18.9,6,100.0,0.2833,100.0,1.691,16.3,40.4,41.5,33.3,9.4,3.8,0.0,0.0,0.0
1770108653,561038343,nav2_amcl,200,1000,120,50.0,82.9,133.9,14.8,875.0,27.0,26.4,18.9,6,100.0,2.7773,100.0,1.6535,100.0,50.0,0.0,100.0,100.0,50.0,0.0,0.0,0.0
1770108653,610769314,nav2_amcl,200,1000,120,42.9,81.8,133.9,14.8,875.0,26.76,31.2,19.8,6,100.0,1.4903,100.0,1.5485,40.0,25.0,0.0,0.0,80.0,60.0,0.0,0.0,0.0
1770108653,660774181,nav2_amcl,200,1000,120,34.5,61.6,133.9,14.8,875.0,26.76,30.7,19.8,6,100.0,0.6236,100.0,1.5432,60.0,33.3,20.0,40.0,20.0,50.0,0.0,0.0,0.0
1770108653,710765927,nav2_amcl,200,1000,120,30.8,59.9,133.9,14.8,875.0,26.76,30.2,19.8,6,100.0,1.7594,100.0,1.5506,25.0,0.0,0.0,20.0,83.3,50.0,0.0,0.0,0.0
1770108653,760751561,nav2_amcl,200,1000,120,34.5,80.1,133.9,14.8,875.0,26.76,30.0,19.8,6,100.0,3.0007,100.0,1.5602,33.3,60.0,0.0,40.0,0.0,50.0,0.0,0.0,0.0
1770108653,810758347,nav2_amcl,200,1000,120,43.7,79.5,133.9,14.8,875.0,26.76,30.0,19.8,6,100.0,2.116,100.0,1.5554,40.0,60.0,57.1,40.0,28.6,40.0,0.0,0.0,0.0
1770108653,860744941,nav2_amcl,200,1000,120,25.9,60.7,133.9,14.8,875.0,26.76,30.0,21.9,6,100.0,2.7894,100.0,1.5715,0.0,40.0,0.0,40.0,33.3,0.0,0.0,0.0,0.0
1770108653,910743375,nav2_amcl,200,1000,120,34.5,79.4,133.9,14.8,875.0,26.76,30.0,21.6,6,100.0,1.4172,100.0,1.5698,25.0,80.0,25.0,0.0,40.0,33.3,0.0,0.0,0.0
1770108653,960740849,nav2_amcl,200,1000,120,34.5,60.2,133.9,14.8,875.0,26.76,30.0,21.5,6,100.0,0.7853,100.0,1.5608,20.0,80.0,20.0,33.3,50.0,0.0,0.0,0.0,0.0
1770108654,10770356,nav2_amcl,200,1000,120,36.7,79.5,133.9,14.8,875.0,26.76,30.0,21.3,6,100.0,2.2796,100.0,1.5739,25.0,75.0,25.0,40.0,20.0,40.0,0.0,0.0,0.0
1770108654,60795383,nav2_amcl,200,1000,120,44.4,78.5,133.9,14.8,875.0,26.76,30.0,21.2,6,100.0,0.3136,100.0,1.5657,66.7,25.0,50.0,25.0,20.0,80.0,0.0,0.0,0.0
1770108654,560763468,nav2_amcl,200,1000,120,26.1,72.4,133.9,14.8,875.0,26.76,26.1,19.0,6,100.0,1.0119,100.0,1.5471,18.0,12.5,26.9,21.6,5.9,69.8,0.0,0.0,0.0
1770108654,610851377,nav2_amcl,200,1000,120,58.8,105.3,133.9,14.8,875.0,26.76,31.2,19.7,6,100.0,2.5385,100.0,1.5638,66.7,33.3,100.0,0.0,0.0,75.0,0.0,0.0,0.0
1770108654,660880020,nav2_amcl,200,1000,120,38.5,85.0,133.9,14.8,875.0,26.76,31.2,19.8,6,100.0,2.4726,100.0,1.562,40.0,20.0,33.3,25.0,25.0,75.0,0.0,0.0,0.0
1770108654,710805844,nav2_amcl,200,1000,120,47.1,80.0,133.9,14.8,875.0,26.76,30.7,19.8,6,100.0,2.857,100.0,1.5829,20.0,20.0,75.0,20.0,80.0,57.1,0.0,0.0,0.0
1770108654,760812983,nav2_amcl,200,1000,120,30.8,81.5,133.9,14.8,875.0,26.51,30.2,19.8,6,100.0,1.8583,100.0,1.5997,25.0,20.0,0.0,40.0,0.0,75.0,0.0,0.0,0.0
1770108654,810811897,nav2_amcl,200,1000,120,38.7,78.5,133.9,14.8,875.0,26.51,30.0,19.8,6,100.0,3.0498,100.0,1.6122,20.0,25.0,40.0,60.0,50.0,20.0,0.0,0.0,0.0
1770108654,860808187,nav2_amcl,200,1000,120,33.3,80.4,133.9,14.8,875.0,26.51,30.0,19.8,6,100.0,0.7687,100.0,1.5975,40.0,50.0,0.0,40.0,40.0,50.0,0.0,0.0,0.0
1770108654,910796765,nav2_amcl,200,1000,120,29.6,82.2,133.9,14.8,875.0,26.51,30.0,21.9,6,100.0,3.1332,100.0,1.6259,20.0,60.0,0.0,33.3,25.0,20.0,0.0,0.0,0.0
1770108654,960775807,nav2_amcl,200,1000,120,36.7,60.5,133.9,14.8,875.0,26.51,30.0,21.6,6,100.0,2.2633,100.0,1.6247,25.0,66.7,20.0,33.3,60.0,25.0,0.0,0.0,0.0
1770108655,10795201,nav2_amcl,200,1000,120,38.7,78.5,133.9,14.8,875.0,26.51,30.0,21.5,6,100.0,0.3038,100.0,1.6237,20.0,75.0,0.0,50.0,25.0,40.0,0.0,0.0,0.0
1770108655,60761635,nav2_amcl,200,1000,120,44.4,79.5,133.9,14.8,875.0,26.51,30.0,21.3,6,100.0,1.5751,100.0,1.6321,50.0,60.0,25.0,50.0,75.0,20.0,0.0,0.0,0.0
1770108655,110812678,nav2_amcl,200,1000,120,40.0,60.6,133.9,14.8,875.0,26.51,30.0,21.1,6,100.0,1.4848,100.0,1.6328,80.0,50.0,20.0,50.0,20.0,40.0,0.0,0.0,0.0
1770108655,610790844,nav2_amcl,200,1000,120,23.9,67.4,133.9,14.8,875.0,26.51,26.1,19.0,6,100.0,3.0479,100.0,1.6321,30.8,8.2,37.7,16.0,27.5,24.5,0.0,0.0,0.0
1770108655,660800126,nav2_amcl,200,1000,120,41.2,61.6,133.9,14.8,875.0,26.51,31.4,19.8,6,100.0,0.5602,100.0,1.683,0.0,33.3,50.0,100.0,33.3,0.0,0.0,0.0,0.0
1770108655,710745055,nav2_amcl,200,1000,120,34.5,81.2,133.9,14.8,875.0,26.51,31.2,19.8,6,100.0,1.7619,100.0,1.6999,0.0,66.7,20.0,25.0,60.0,60.0,0.0,0.0,0.0
1770108655,760762242,nav2_amcl,200,1000,120,35.7,82.0,133.9,14.8,875.0,26.51,30.7,19.8,6,100.0,1.2158,100.0,1.7053,0.0,25.0,40.0,0.0,33.3,60.0,0.0,0.0,0.0
1770108655,810794693,nav2_amcl,200,1000,120,41.4,80.0,133.9,14.8,875.0,26.51,30.2,19.8,6,100.0,2.9277,100.0,1.7186,20.0,20.0,80.0,25.0,40.0,40.0,0.0,0.0,0.0
1770108655,860805479,nav2_amcl,200,1000,120,24.0,60.3,133.9,14.8,875.0,26.26,30.0,19.8,6,100.0,1.6076,100.0,1.7179,25.0,0.0,40.0,40.0,25.0,25.0,0.0,0.0,0.0
1770108655,910834922,nav2_amcl,200,1000,120,38.7,77.7,133.9,14.8,875.0,26.26,30.0,19.8,6,100.0,0.1225,100.0,1.7129,50.0,42.9,0.0,0.0,100.0,50.0,0.0,0.0,0.0
1770108655,960810316,nav2_amcl,200,1000,120,33.3,62.2,133.9,14.8,875.0,26.26,30.0,21.9,6,100.0,0.3781,100.0,1.7153,25.0,0.0,60.0,20.0,57.1,25.0,0.0,0.0,0.0
1770108656,10824270,nav2_amcl,200,1000,120,36.7,79.1,133.9,14.8,875.0,26.26,30.0,21.6,6,100.0,1.6348,100.0,1.7247,80.0,0.0,40.0,0.0,25.0,40.0,0.0,0.0,0.0
1770108656,60849169,nav2_amcl,200,1000,120,40.7,79.2,133.9,14.8,875.0,26.26,30.0,21.5,6,100.0,0.7429,100.0,1.704,75.0,20.0,25.0,50.0,25.0,66.7,0.0,0.0,0.0
1770108656,110828883,nav2_amcl,200,1000,120,35.7,60.4,133.9,14.8,875.0,26.26,30.0,21.3,6,100.0,2.0737,100.0,1.7203,40.0,40.0,25.0,20.0,20.0,66.7,0.0,0.0,0.0
1770108656,160817205,nav2_amcl,200,1000,120,32.1,80.3,133.9,14.8,875.0,26.26,30.0,21.1,6,100.0,2.088,100.0,1.7226,40.0,60.0,0.0,25.0,20.0,50.0,0.0,0.0,0.0
1770108656,660830187,nav2_amcl,200,1000,120,25.2,65.6,133.9,14.8,875.0,26.26,26.1,18.9,6,100.0,2.5171,100.0,1.7252,37.7,8.0,12.0,34.6,25.5,32.7,0.0,0.0,0.0
1770108656,710841838,nav2_amcl,200,1000,120,44.4,126.6,133.9,14.8,875.0,26.26,31.7,19.8,6,100.0,1.6552,100.0,1.666,50.0,33.3,100.0,0.0,0.0,33.3,0.0,0.0,0.0
1770108656,760806927,nav2_amcl,200,1000,120,34.5,61.1,133.9,14.8,875.0,26.26,31.2,19.8,6,100.0,2.2781,100.0,1.6888,25.0,0.0,40.0,60.0,20.0,50.0,0.0,0.0,0.0
1770108656,810872179,nav2_amcl,200,1000,120,33.3,58.5,133.9,14.8,875.0,26.26,30.7,19.8,6,100.0,0.4063,100.0,1.686,33.3,66.7,0.0,40.0,40.0,40.0,0.0,0.0,0.0
1770108656,860871093,nav2_amcl,200,1000,120,34.5,60.5,133.9,14.8,875.0,26.26,30.2,19.8,6,100.0,1.7207,100.0,1.6964,40.0,0.0,40.0,50.0,25.0,40.0,0.0,0.0,0.0
1770108656,910821782,nav2_amcl,200,1000,120,41.9,79.0,133.9,14.8,875.0,26.01,30.0,19.8,6,100.0,2.1313,100.0,1.7014,33.3,0.0,40.0,66.7,40.0,50.0,0.0,0.0,0.0
1770108656,960802552,nav2_amcl,200,1000,120,24.0,61.0,133.9,14.8,875.0,26.01,30.0,19.8,6,100.0,1.1003,100.0,1.6879,0.0,75.0,16.7,0.0,50.0,0.0,0.0,0.0,0.0
1770108657,10804346,nav2_amcl,200,1000,120,36.7,79.0,133.9,14.8,875.0,26.01,30.0,21.9,6,100.0,0.5572,100.0,1.6901,0.0,66.7,0.0,0.0,75.0,66.7,0.0,0.0,0.0
1770108657,60868126,nav2_amcl,200,1000,120,46.4,79.4,133.9,14.8,875.0,26.01,30.0,21.6,6,100.0,2.3093,100.0,1.7012,60.0,25.0,40.0,40.0,80.0,40.0,0.0,0.0,0.0
1770108657,110804095,nav2_amcl,200,1000,120,37.9,99.2,133.9,14.8,875.0,26.01,30.0,21.5,6,100.0,3.1051,100.0,1.7033,20.0,42.9,66.7,0.0,50.0,25.0,0.0,0.0,0.0
1770108657,160871363,nav2_amcl,200,1000,120,33.3,61.2,133.9,14.8,875.0,26.01,30.0,21.3,6,100.0,2.3996,100.0,1.7231,40.0,25.0,75.0,0.0,20.0,25.0,0.0,0.0,0.0
1770108657,210807779,nav2_amcl,200,1000,120,35.5,79.9,133.9,14.8,875.0,26.01,30.0,21.1,6,100.0,0.2886,100.0,1.7123,33.3,20.0,40.0,60.0,0.0,50.0,0.0,0.0,0.0
1770108657,710868379,nav2_amcl,200,1000,120,24.2,68.6,133.9,14.8,875.0,26.01,26.1,19.0,6,100.0,2.3366,100.0,1.7069,22.0,28.0,24.0,35.3,23.1,12.2,0.0,0.0,0.0
1770108657,760897470,nav2_amcl,200,1000,120,42.9,107.7,133.9,14.8,875.0,26.01,31.2,19.7,6,100.0,2.5804,100.0,1.6738,100.0,0.0,0.0,50.0,100.0,0.0,0.0,0.0,0.0
1770108657,810851103,nav2_amcl,200,1000,120,39.3,86.3,133.9,14.8,875.0,26.01,30.9,19.8,6,100.0,2.0575,100.0,1.668,33.3,20.0,40.0,40.0,0.0,83.3,0.0,0.0,0.0
1770108657,860872226,nav2_amcl,200,1000,120,25.9,57.3,133.9,14.8,875.0,26.01,30.5,19.8,6,100.0,2.5577,100.0,1.6724,20.0,25.0,25.0,33.3,25.0,20.0,0.0,0.0,0.0
1770108657,910847683,nav2_amcl,200,1000,120,37.9,60.1,133.9,14.8,875.0,26.01,30.2,19.8,6,100.0,0.332,100.0,1.6613,20.0,66.7,0.0,80.0,20.0,20.0,0.0,0.0,0.0
1770108657,960847814,nav2_amcl,200,1000,120,36.7,100.2,133.9,14.8,875.0,26.02,30.0,19.8,6,100.0,0.9912,100.0,1.6427,20.0,75.0,0.0,50.0,25.0,20.0,0.0,0.0,0.0
1770108658,10853896,nav2_amcl,200,1000,120,35.7,60.9,133.9,14.8,875.0,25.77,30.0,19.8,6,100.0,1.4734,100.0,1.6565,0.0,0.0,80.0,66.7,20.0,50.0,0.0,0.0,0.0
1770108658,60835786,nav2_amcl,200,1000,120,46.7,81.1,133.9,14.8,875.0,25.77,30.0,22.0,6,100.0,3.0039,100.0,1.6595,20.0,75.0,33.3,75.0,60.0,40.0,0.0,0.0,0.0
1770108658,110873005,nav2_amcl,200,1000,120,36.7,57.2,133.9,14.8,875.0,25.77,30.0,21.8,6,100.0,2.0831,100.0,1.6775,20.0,57.1,33.3,50.0,50.0,20.0,0.0,0.0,0.0
1770108658,160882095,nav2_amcl,200,1000,120,36.7,59.3,133.9,14.8,875.0,25.77,30.0,21.5,6,100.0,2.2179,100.0,1.6938,16.7,0.0,40.0,66.7,25.0,20.0,0.0,0.0,0.0
1770108658,210885970,nav2_amcl,200,1000,120,37.9,84.9,133.9,14.8,875.0,25.77,30.0,21.3,6,100.0,2.1677,100.0,1.7055,60.0,40.0,20.0,25.0,0.0,60.0,0.0,0.0,0.0
1770108658,260877940,nav2_amcl,200,1000,120,28.6,60.2,133.9,14.8,875.0,25.77,30.0,21.2,6,100.0,0.2766,100.0,1.6821,25.0,25.0,50.0,66.7,20.0,25.0,0.0,0.0,0.0
1770108658,760851049,nav2_amcl,200,1000,120,23.2,69.3,133.9,14.8,875.0,25.77,26.1,19.0,6,100.0,2.6483,100.0,1.6808,30.0,19.6,30.8,20.8,16.0,22.9,0.0,0.0,0.0
1770108658,810882348,nav2_amcl,200,1000,120,43.8,98.9,133.9,14.8,875.0,25.77,31.4,20.0,6,100.0,1.7318,100.0,1.6837,75.0,0.0,100.0,0.0,33.3,0.0,0.0,0.0,0.0
1770108658,860885199,nav2_amcl,200,1000,120,34.5,60.0,133.9,14.8,875.0,25.77,30.9,20.0,6,100.0,0.233,100.0,1.6581,75.0,0.0,25.0,0.0,0.0,40.0,0.0,0.0,0.0
1770108658,910861072,nav2_amcl,200,1000,120,32.1,78.4,133.9,14.8,875.0,25.77,30.5,20.0,6,100.0,0.6694,100.0,1.6507,60.0,0.0,25.0,60.0,40.0,20.0,0.0,0.0,0.0
1770108658,960871795,nav2_amcl,200,1000,120,32.1,61.5,133.9,14.8,875.0,25.77,30.0,20.0,6,100.0,0.0155,100.0,1.643,40.0,50.0,20.0,20.0,20.0,33.3,0.0,0.0,0.0
1770108659,10886229,nav2_amcl,200,1000,120,33.3,78.7,133.9,14.8,875.0,25.77,30.0,20.0,6,100.0,2.5761,100.0,1.6459,0.0,66.7,20.0,50.0,20.0,42.9,0.0,0.0,0.0
1770108659,60891896,nav2_amcl,200,1000,120,42.9,60.1,133.9,14.8,875.0,25.77,30.0,22.1,6,100.0,0.6049,100.0,1.6488,75.0,20.0,40.0,80.0,25.0,25.0,0.0,0.0,0.0
1770108659,110888858,nav2_amcl,200,1000,120,35.7,100.7,133.9,14.8,875.0,25.77,30.0,22.0,6,100.0,0.6157,100.0,1.6449,80.0,20.0,50.0,25.0,25.0,33.3,0.0,0.0,0.0
1770108659,160903964,nav2_amcl,200,1000,120,32.1,79.7,133.9,14.8,875.0,25.52,30.0,21.8,6,100.0,0.6418,100.0,1.6278,20.0,25.0,25.0,60.0,40.0,25.0,0.0,0.0,0.0
1770108659,210912127,nav2_amcl,200,1000,120,38.7,59.9,133.9,14.8,875.0,25.52,30.0,21.5,6,100.0,2.118,100.0,1.6247,66.7,40.0,0.0,50.0,20.0,40.0,0.0,0.0,0.0
1770108659,260903585,nav2_amcl,200,1000,120,35.7,60.7,133.9,14.8,875.0,25.52,30.0,21.3,6,100.0,2.5123,100.0,1.6411,20.0,25.0,20.0,75.0,60.0,0.0,0.0,0.0,0.0
1770108659,310884579,nav2_amcl,200,1000,120,38.7,79.7,133.9,14.8,875.0,25.52,30.0,21.1,6,100.0,2.7917,100.0,1.6661,0.0,66.7,20.0,20.0,0.0,50.0,0.0,0.0,0.0
1770108659,810876345,nav2_amcl,200,1000,120,25.1,72.6,133.9,14.8,875.0,25.52,26.1,18.9,6,100.0,1.8064,100.0,1.6557,38.0,18.4,21.6,31.4,19.2,26.9,0.0,0.0,0.0
1770108659,860931580,nav2_amcl,200,1000,120,46.7,73.9,133.9,14.8,875.0,25.52,31.4,20.0,6,100.0,1.9866,100.0,1.5966,33.3,100.0,0.0,50.0,33.3,33.3,0.0,0.0,0.0
1770108659,910937343,nav2_amcl,200,1000,120,40.6,77.4,133.9,14.8,875.0,25.52,30.9,20.0,6,100.0,0.775,100.0,1.573,0.0,66.7,50.0,20.0,40.0,50.0,0.0,0.0,0.0
1770108659,960902208,nav2_amcl,200,1000,120,39.3,83.5,133.9,14.8,875.0,25.52,30.5,20.0,6,100.0,1.5032,100.0,1.5654,42.9,20.0,83.3,25.0,50.0,0.0,0.0,0.0,0.0
1770108660,10902786,nav2_amcl,200,1000,120,36.7,80.1,133.9,14.8,875.0,25.52,30.0,20.0,6,100.0,0.2411,100.0,1.5647,40.0,20.0,50.0,60.0,71.4,0.0,0.0,0.0,0.0
1770108660,60946213,nav2_amcl,200,1000,120,54.8,78.5,133.9,14.8,875.0,25.52,30.0,20.0,6,100.0,0.8613,100.0,1.5576,20.0,60.0,66.7,80.0,80.0,20.0,0.0,0.0,0.0
1770108660,110941064,nav2_amcl,200,1000,120,35.7,60.7,133.9,14.8,875.0,25.52,30.0,22.1,6,100.0,1.7655,100.0,1.5604,60.0,50.0,0.0,20.0,20.0,60.0,0.0,0.0,0.0
1770108660,160886408,nav2_amcl,200,1000,120,34.5,80.4,133.9,14.8,875.0,25.52,30.0,21.9,6,100.0,2.7667,100.0,1.5576,0.0,66.7,20.0,42.9,33.3,50.0,0.0,0.0,0.0
1770108660,210882763,nav2_amcl,200,1000,120,40.0,79.9,133.9,14.8,875.0,25.52,30.0,21.8,6,100.0,2.3163,100.0,1.5525,0.0,80.0,0.0,0.0,66.7,66.7,0.0,0.0,0.0
1770108660,260893581,nav2_amcl,200,1000,120,32.1,80.0,133.9,14.8,875.0,25.27,30.0,21.5,6,100.0,1.662,100.0,1.5486,0.0,40.0,60.0,0.0,50.0,50.0,0.0,0.0,0.0
1770108660,310887887,nav2_amcl,200,1000,120,34.5,80.2,133.9,14.8,875.0,25.27,30.0,21.3,6,100.0,2.7929,100.0,1.5617,0.0,0.0,80.0,0.0,50.0,60.0,0.0,0.0,0.0
1770108660,360910098,nav2_amcl,200,1000,120,32.1,59.8,133.9,14.8,875.0,25.27,30.0,21.1,6,100.0,1.7492,100.0,1.55,0.0,20.0,40.0,25.0,25.0,50.0,0.0,0.0,0.0
1770108660,860891400,nav2_amcl,200,1000,120,25.6,67.3,133.9,14.8,875.0,25.27,26.1,18.9,6,100.0,0.8503,100.0,1.5352,32.7,7.8,38.0,20.8,36.4,18.7,0.0,0.0,0.0
1770108660,910941291,nav2_amcl,200,1000,120,47.1,97.5,133.9,14.8,875.0,25.27,31.4,20.0,6,100.0,0.0813,100.0,1.5069,33.3,33.3,100.0,0.0,66.7,0.0,0.0,0.0,0.0
1770108660,960898668,nav2_amcl,200,1000,120,33.3,81.6,133.9,14.8,875.0,25.27,30.9,20.0,6,100.0,2.5047,100.0,1.5282,75.0,20.0,40.0,25.0,25.0,20.0,0.0,0.0,0.0
1770108661,10954480,nav2_amcl,200,1000,120,33.3,79.5,133.9,14.8,875.0,25.27,30.5,20.0,6,100.0,1.6327,100.0,1.5282,66.7,50.0,20.0,0.0,0.0,40.0,0.0,0.0,0.0
1770108661,60965074,nav2_amcl,200,1000,120,50.0,97.1,133.9,14.8,875.0,25.27,30.2,20.0,6,100.0,2.3753,100.0,1.5445,66.7,60.0,50.0,40.0,40.0,66.7,0.0,0.0,0.0
1770108661,110970549,nav2_amcl,200,1000,120,43.3,60.9,133.9,14.8,875.0,25.27,30.0,20.0,6,100.0,2.8486,100.0,1.5522,33.3,40.0,66.7,40.0,80.0,16.7,0.0,0.0,0.0
1770108661,160966007,nav2_amcl,200,1000,120,32.1,81.1,133.9,14.8,875.0,25.27,30.0,22.1,6,100.0,3.1235,100.0,1.5626,0.0,25.0,50.0,40.0,40.0,50.0,0.0,0.0,0.0
1770108661,210941849,nav2_amcl,200,1000,120,37.9,60.4,133.9,14.8,875.0,25.27,30.0,21.9,6,100.0,2.2519,100.0,1.5599,20.0,0.0,66.7,16.7,75.0,66.7,0.0,0.0,0.0
1770108661,260933403,nav2_amcl,200,1000,120,32.1,77.0,133.9,14.8,875.0,25.27,30.0,21.6,6,100.0,1.7636,100.0,1.5584,40.0,40.0,0.0,50.0,40.0,0.0,0.0,0.0,0.0
1770108661,310921981,nav2_amcl,200,1000,120,38.7,81.6,133.9,14.8,875.0,25.27,30.0,21.5,6,100.0,2.5071,100.0,1.5526,80.0,16.7,20.0,40.0,66.7,20.0,0.0,0.0,0.0
1770108661,360939743,nav2_amcl,200,1000,120,30.8,80.9,133.9,14.8,875.0,25.27,30.0,21.3,6,100.0,1.7212,100.0,1.5584,40.0,25.0,25.0,50.0,25.0,0.0,0.0,0.0,0.0
1770108661,410952930,nav2_amcl,200,1000,120,38.7,59.9,133.9,14.8,875.0,25.02,30.0,21.1,6,100.0,2.0986,100.0,1.5682,75.0,50.0,33.3,0.0,50.0,20.0,0.0,0.0,0.0
1770108661,910944184,nav2_amcl,200,1000,120,24.9,72.6,133.9,14.8,875.0,25.02,26.1,18.9,6,100.0,1.3025,100.0,1.5763,35.3,18.0,34.6,12.5,26.0,23.1,0.0,0.0,0.0
1770108661,960956410,nav2_amcl,200,1000,120,50.0,72.6,133.9,14.8,875.0,25.02,31.4,20.0,6,100.0,3.0849,100.0,1.6042,33.3,33.3,100.0,50.0,50.0,0.0,0.0,0.0,0.0
1770108662,10978045,nav2_amcl,200,1000,120,38.7,61.2,133.9,14.8,875.0,25.02,30.9,20.0,6,100.0,2.8697,100.0,1.6274,33.3,66.7,57.1,0.0,50.0,20.0,0.0,0.0,0.0
1770108662,60972255,nav2_amcl,200,1000,120,42.9,79.6,133.9,14.8,875.0,25.02,30.5,20.0,6,100.0,1.7589,100.0,1.6219,20.0,75.0,75.0,25.0,50.0,20.0,0.0,0.0,0.0
1770108662,110960321,nav2_amcl,200,1000,120,37.9,80.1,133.9,14.8,875.0,25.02,30.0,20.0,6,100.0,1.0274,100.0,1.6011,20.0,80.0,20.0,20.0,0.0,66.7,0.0,0.0,0.0
1770108662,160965187,nav2_amcl,200,1000,120,34.5,80.4,133.9,14.8,875.0,25.02,30.0,20.0,6,100.0,2.1075,100.0,1.5982,40.0,66.7,25.0,25.0,25.0,25.0,0.0,0.0,0.0
1770108662,210970438,nav2_amcl,200,1000,120,35.7,80.3,133.9,14.8,875.0,25.02,30.0,22.1,6,100.0,2.9147,100.0,1.6244,0.0,80.0,33.3,25.0,50.0,20.0,0.0,0.0,0.0
1770108662,260962664,nav2_amcl,200,1000,120,38.7,80.1,133.9,14.8,875.0,25.02,30.0,21.9,6,100.0,1.5944,100.0,1.617,40.0,50.0,0.0,50.0,0.0,25.0,0.0,0.0,0.0
1770108662,310980939,nav2_amcl,200,1000,120,34.5,79.9,133.9,14.8,875.0,25.02,30.0,21.8,6,100.0,0.3509,100.0,1.5898,50.0,60.0,16.7,25.0,40.0,25.0,0.0,0.0,0.0
1770108662,360983053,nav2_amcl,200,1000,120,29.6,59.6,133.9,14.8,875.0,25.02,30.0,21.5,6,100.0,1.9139,100.0,1.6057,0.0,60.0,25.0,20.0,20.0,20.0,0.0,0.0,0.0
1770108662,410949390,nav2_amcl,200,1000,120,31.0,59.4,133.9,14.8,875.0,25.02,30.0,21.3,6,100.0,1.2112,100.0,1.6131,20.0,60.0,40.0,25.0,0.0,33.3,0.0,0.0,0.0
1770108662,460987793,nav2_amcl,200,1000,120,40.0,80.4,133.9,14.8,875.0,25.02,30.0,21.1,6,100.0,1.6141,100.0,1.603,60.0,25.0,40.0,50.0,50.0,0.0,0.0,0.0,0.0
1770108662,960999528,nav2_amcl,200,1000,120,24.5,73.2,133.9,14.8,875.0,25.02,26.1,18.9,6,100.0,2.2252,100.0,1.6088,16.3,21.6,14.3,18.4,16.0,61.5,0.0,0.0,0.0
1770108663,10993418,nav2_amcl,200,1000,120,44.4,124.5,133.9,14.8,875.0,25.02,31.4,20.0,6,100.0,1.0442,100.0,1.6298,33.3,0.0,100.0,50.0,0.0,75.0,0.0,0.0,0.0
1770108663,61036845,nav2_amcl,200,1000,120,50.0,80.4,133.9,14.8,875.0,25.01,30.9,20.0,6,100.0,1.4568,100.0,1.6143,50.0,0.0,66.7,25.0,50.0,75.0,0.0,0.0,0.0
1770108663,111010863,nav2_amcl,200,1000,120,43.3,81.0,133.9,14.8,875.0,25.01,30.5,20.0,6,100.0,2.4083,100.0,1.6176,33.3,20.0,50.0,71.4,0.0,80.0,0.0,0.0,0.0
1770108663,161016497,nav2_amcl,200,1000,120,34.5,60.6,133.9,14.8,875.0,25.01,30.0,20.0,6,100.0,0.4694,100.0,1.6001,0.0,0.0,25.0,25.0,40.0,80.0,0.0,0.0,0.0
1770108663,211014516,nav2_amcl,200,1000,120,35.7,80.6,133.9,14.8,875.0,25.01,30.0,20.0,6,100.0,2.396,100.0,1.6023,0.0,16.7,50.0,20.0,83.3,60.0,0.0,0.0,0.0
1770108663,261002837,nav2_amcl,200,1000,120,37.9,79.7,133.9,14.8,875.0,25.01,30.0,22.1,6,100.0,1.1148,100.0,1.6107,20.0,60.0,50.0,50.0,16.7,50.0,0.0,0.0,0.0
1770108663,310980567,nav2_amcl,200,1000,120,36.7,80.4,133.9,14.8,875.0,25.01,30.0,21.9,6,100.0,2.4609,100.0,1.6089,60.0,40.0,25.0,25.0,0.0,66.7,0.0,0.0,0.0
1770108663,360988026,nav2_amcl,200,1000,120,32.1,60.1,133.9,14.8,875.0,25.01,30.0,21.8,6,100.0,2.7346,100.0,1.633,66.7,0.0,25.0,20.0,0.0,33.3,0.0,0.0,0.0
1770108663,411001020,nav2_amcl,200,1000,120,32.3,58.2,133.9,14.8,875.0,25.01,30.0,21.5,6,100.0,1.9811,100.0,1.6291,80.0,40.0,0.0,50.0,0.0,66.7,0.0,0.0,0.0
1770108663,461028255,nav2_amcl,200,1000,120,30.8,61.1,133.9,14.8,875.0,25.01,30.0,21.3,6,100.0,0.0701,100.0,1.6147,60.0,0.0,25.0,20.0,0.0,20.0,0.0,0.0,0.0
1770108663,510999073,nav2_amcl,200,1000,120,38.7,79.7,133.9,14.8,875.0,25.01,30.0,21.1,6,100.0,1.6124,100.0,1.6282,80.0,50.0,20.0,0.0,20.0,50.0,0.0,0.0,0.0
1770108664,10999287,nav2_amcl,200,1000,120,25.2,70.7,133.9,14.8,875.0,25.01,26.1,18.9,6,100.0,1.8195,100.0,1.6232,32.7,39.6,22.6,15.7,27.1,19.6,0.0,0.0,0.0
1770108664,61096731,nav2_amcl,200,1000,120,50.0,73.5,133.9,14.8,875.0,25.01,26.4,18.8,6,100.0,2.4443,100.0,1.6519,100.0,33.3,50.0,0.0,25.0,0.0,0.0,0.0,0.0
1770108664,111023260,nav2_amcl,200,1000,120,33.3,62.3,133.9,14.8,875.0,25.26,30.9,20.0,6,100.0,0.2917,100.0,1.6677,66.7,25.0,60.0,50.0,0.0,0.0,0.0,0.0,0.0
1770108664,161033886,nav2_amcl,200,1000,120,32.1,77.9,133.9,14.8,875.0,25.26,30.5,20.0,6,100.0,0.5089,100.0,1.6664,25.0,20.0,75.0,0.0,20.0,0.0,0.0,0.0,0.0
1770108664,211007232,nav2_amcl,200,1000,120,32.1,80.8,133.9,14.8,875.0,25.26,30.0,20.0,6,100.0,0.7247,100.0,1.6524,0.0,20.0,60.0,66.7,25.0,40.0,0.0,0.0,0.0
1770108664,261025059,nav2_amcl,200,1000,120,37.9,80.2,133.9,14.8,875.0,25.26,30.0,20.0,6,100.0,0.7434,100.0,1.6348,0.0,25.0,80.0,50.0,20.0,25.0,0.0,0.0,0.0
1770108664,311009028,nav2_amcl,200,1000,120,32.1,60.3,133.9,14.8,875.0,25.26,30.0,22.1,6,100.0,2.138,100.0,1.6282,80.0,20.0,20.0,33.3,25.0,66.7,0.0,0.0,0.0
1770108664,361020839,nav2_amcl,200,1000,120,36.7,78.7,133.9,14.8,875.0,25.26,30.0,21.9,6,100.0,0.2745,100.0,1.6129,20.0,50.0,20.0,60.0,20.0,25.0,0.0,0.0,0.0
1770108664,411041034,nav2_amcl,200,1000,120,40.0,60.5,133.9,14.8,875.0,25.26,30.0,21.8,6,100.0,1.6541,100.0,1.6247,20.0,50.0,0.0,83.3,33.3,50.0,0.0,0.0,0.0
1770108664,461043244,nav2_amcl,200,1000,120,29.6,77.9,133.9,14.8,875.0,25.26,30.0,21.5,6,100.0,1.2835,100.0,1.6141,75.0,20.0,0.0,0.0,25.0,0.0,0.0,0.0,0.0
1770108664,511028654,nav2_amcl,200,1000,120,41.9,82.7,133.9,14.8,875.0,25.26,30.0,21.3,6,100.0,1.3026,100.0,1.6021,66.7,25.0,28.6,57.1,25.0,40.0,0.0,0.0,0.0
1770108664,561040656,nav2_amcl,200,1000,120,34.5,79.8,133.9,14.8,875.0,25.26,30.0,21.1,6,100.0,0.7441,100.0,1.5856,0.0,50.0,50.0,33.3,16.7,50.0,0.0,0.0,0.0
1770108665,61023846,nav2_amcl,200,1000,120,26.3,67.2,133.9,14.8,875.2,25.26,26.1,18.9,6,100.0,1.8118,100.0,1.5875,37.7,41.2,26.4,32.0,8.0,11.5,0.0,0.0,0.0
1770108665,111078634,nav2_amcl,200,1000,120,55.6,90.5,133.9,14.8,875.2,25.26,26.6,18.9,6,100.0,3.0583,100.0,1.5787,33.3,66.7,50.0,75.0,0.0,100.0,0.0,0.0,0.0
1770108665,161058412,nav2_amcl,200,1000,120,40.7,84.9,133.9,14.8,875.2,25.51,30.9,20.0,6,100.0,2.6449,100.0,1.5903,50.0,50.0,20.0,40.0,40.0,80.0,0.0,0.0,0.0
1770108665,211065998,nav2_amcl,200,1000,120,36.7,81.3,133.9,14.8,875.2,25.51,30.5,20.0,6,100.0,1.9502,100.0,1.5866,83.3,0.0,40.0,40.0,0.0,40.0,0.0,0.0,0.0
1770108665,261013871,nav2_amcl,200,1000,120,38.7,79.8,133.9,14.8,875.2,25.51,30.0,20.0,6,100.0,1.4679,100.0,1.5847,40.0,75.0,0.0,20.0,33.3,20.0,0.0,0.0,0.0
1770108665,311040658,nav2_amcl,200,1000,120,35.7,80.3,133.9,14.8,875.2,25.51,30.0,20.0,6,100.0,2.4253,100.0,1.581,40.0,33.3,80.0,0.0,40.0,40.0,0.0,0.0,0.0
1770108665,361053460,nav2_amcl,200,1000,120,32.1,79.5,133.9,14.8,875.2,25.51,30.0,22.1,6,100.0,1.7739,100.0,1.5812,50.0,25.0,20.0,50.0,33.3,25.0,0.0,0.0,0.0
1770108665,411059191,nav2_amcl,200,1000,120,38.7,60.2,133.9,14.8,875.2,25.51,30.0,21.9,6,100.0,2.3,100.0,1.5957,60.0,0.0,40.0,33.3,25.0,25.0,0.0,0.0,0.0
1770108665,461080346,nav2_amcl,200,1000,120,41.9,78.8,133.9,14.8,875.2,25.51,30.0,21.8,6,100.0,2.7784,100.0,1.6228,33.3,33.3,40.0,20.0,60.0,66.7,0.0,0.0,0.0
1770108665,511021978,nav2_amcl,200,1000,120,35.7,61.4,133.9,14.8,875.2,25.51,30.0,21.5,6,100.0,2.072,100.0,1.632,75.0,40.0,20.0,40.0,40.0,25.0,0.0,0.0,0.0
1770108665,561061086,nav2_amcl,200,1000,120,29.6,79.2,133.9,14.8,875.2,25.51,30.0,21.3,6,100.0,0.7081,100.0,1.6126,60.0,20.0,33.3,0.0,40.0,0.0,0.0,0.0,0.0
1770108665,611022175,nav2_amcl,200,1000,120,41.9,80.0,133.9,14.8,875.2,25.51,30.0,21.1,6,100.0,1.9134,100.0,1.6266,40.0,20.0,0.0,60.0,40.0,60.0,0.0,0.0,0.0
1770108666,111049270,nav2_amcl,200,1000,120,24.1,69.3,133.9,14.8,875.2,25.51,26.1,18.9,6,100.0,1.6431,100.0,1.6285,26.9,6.2,43.1,23.5,1.9,44.9,0.0,0.0,0.0
1770108666,161127450,nav2_amcl,200,1000,120,52.6,61.0,133.9,14.8,875.2,25.76,30.9,19.1,6,100.0,2.164,100.0,1.6371,33.3,100.0,33.3,80.0,33.3,33.3,0.0,0.0,0.0
1770108666,211089659,nav2_amcl,200,1000,120,40.7,62.7,133.9,14.8,875.2,25.76,30.9,20.0,6,100.0,0.084,100.0,1.5703,20.0,60.0,20.0,80.0,40.0,60.0,0.0,0.0,0.0
1770108666,261057181,nav2_amcl,200,1000,120,40.6,101.3,133.9,14.8,875.2,25.76,30.5,20.0,6,100.0,0.6405,100.0,1.5591,33.3,50.0,0.0,50.0,60.0,0.0,0.0,0.0,0.0
1770108666,311055167,nav2_amcl,200,1000,120,35.7,59.7,133.9,14.8,875.2,25.76,30.0,20.0,6,100.0,0.6755,100.0,1.5408,25.0,0.0,66.7,33.3,40.0,40.0,0.0,0.0,0.0
1770108666,361088386,nav2_amcl,200,1000,120,32.1,80.1,133.9,14.8,875.2,25.76,30.0,20.0,6,100.0,1.9509,100.0,1.5431,80.0,25.0,50.0,25.0,28.6,25.0,0.0,0.0,0.0
1770108666,411094244,nav2_amcl,200,1000,120,36.7,78.1,133.9,14.8,875.2,25.76,30.0,22.1,6,100.0,2.0862,100.0,1.543,60.0,40.0,25.0,40.0,20.0,0.0,0.0,0.0,0.0
1770108666,461101799,nav2_amcl,200,1000,120,32.1,59.4,133.9,14.8,875.2,25.76,30.0,21.9,6,100.0,0.4022,100.0,1.534,20.0,60.0,20.0,0.0,60.0,25.0,0.0,0.0,0.0
1770108666,511096937,nav2_amcl,200,1000,120,40.0,83.2,133.9,14.8,875.2,25.76,30.0,21.8,6,100.0,0.839,100.0,1.515,0.0,40.0,60.0,40.0,50.0,60.0,0.0,0.0,0.0
1770108666,561070378,nav2_amcl,200,1000,120,35.7,59.8,133.9,14.8,875.2,25.76,30.0,21.5,6,100.0,2.975,100.0,1.5203,80.0,25.0,20.0,20.0,40.0,0.0,0.0,0.0,0.0
1770108666,611059660,nav2_amcl,200,1000,120,34.5,80.3,133.9,14.8,875.2,25.76,30.0,21.3,6,100.0,1.0463,100.0,1.5287,0.0,60.0,20.0,25.0,25.0,60.0,0.0,0.0,0.0
1770108666,661084623,nav2_amcl,200,1000,120,33.3,78.5,133.9,14.8,875.2,25.76,30.0,21.1,6,100.0,2.1958,100.0,1.5473,50.0,25.0,0.0,33.3,40.0,40.0,0.0,0.0,0.0
1770108667,161072037,nav2_amcl,200,1000,120,25.0,72.5,133.9,14.8,875.2,25.76,26.1,18.9,6,100.0,2.2377,100.0,1.545,18.4,18.0,23.5,16.0,22.0,52.8,0.0,0.0,0.0
1770108667,211179306,nav2_amcl,200,1000,120,60.0,98.8,133.9,14.8,875.2,25.76,26.1,18.8,6,100.0,3.0741,100.0,1.559,100.0,50.0,33.3,66.7,40.0,66.7,0.0,0.0,0.0
1770108667,261077514,nav2_amcl,200,1000,120,38.5,66.9,133.9,14.8,875.2,26.01,31.2,20.0,6,100.0,1.0365,100.0,1.5123,100.0,0.0,33.3,25.0,66.7,50.0,0.0,0.0,0.0
1770108667,311084684,nav2_amcl,200,1000,120,40.0,80.0,133.9,14.8,875.2,26.01,30.7,20.0,6,100.0,1.3417,100.0,1.5222,40.0,20.0,25.0,40.0,0.0,75.0,0.0,0.0,0.0
1770108667,361110479,nav2_amcl,200,1000,120,35.7,79.0,133.9,14.8,875.2,26.01,30.2,20.0,6,100.0,1.6189,100.0,1.5192,60.0,16.7,40.0,25.0,28.6,75.0,0.0,0.0,0.0
1770108667,411115602,nav2_amcl,200,1000,120,38.7,80.3,133.9,14.8,875.2,26.01,30.0,20.0,6,100.0,2.6586,100.0,1.5337,25.0,0.0,40.0,25.0,25.0,60.0,0.0,0.0,0.0
1770108667,461106612,nav2_amcl,200,1000,120,29.6,60.5,133.9,14.8,875.2,26.01,30.0,22.1,6,100.0,1.6348,100.0,1.5339,0.0,20.0,60.0,60.0,0.0,33.3,0.0,0.0,0.0
1770108667,511090165,nav2_amcl,200,1000,120,32.1,60.2,133.9,14.8,875.2,26.01,30.0,21.9,6,100.0,0.9175,100.0,1.5208,33.3,0.0,40.0,40.0,50.0,16.7,0.0,0.0,0.0
1770108667,561092952,nav2_amcl,200,1000,120,32.1,80.1,133.9,14.8,875.2,26.01,30.0,21.8,6,100.0,0.1299,100.0,1.491,25.0,25.0,75.0,0.0,50.0,20.0,0.0,0.0,0.0
1770108667,611117819,nav2_amcl,200,1000,120,38.7,79.3,133.9,14.8,875.2,26.01,30.0,21.5,6,100.0,2.4243,100.0,1.49,60.0,20.0,71.4,0.0,16.7,40.0,0.0,0.0,0.0
1770108667,661101980,nav2_amcl,200,1000,120,31.0,58.8,133.9,14.8,875.2,26.01,30.0,21.3,6,100.0,0.6834,100.0,1.4964,25.0,20.0,75.0,40.0,20.0,25.0,0.0,0.0,0.0
1770108667,711109407,nav2_amcl,200,1000,120,40.0,82.4,133.9,14.8,875.2,26.01,30.0,21.1,6,100.0,1.5778,100.0,1.5041,42.9,40.0,57.1,25.0,50.0,20.0,0.0,0.0,0.0
1770108668,211084884,nav2_amcl,200,1000,120,23.8,68.8,133.9,14.8,875.7,26.01,26.1,18.9,6,100.0,0.8734,100.0,1.4993,32.1,30.8,12.2,23.5,14.0,29.8,0.0,0.0,0.0
1770108668,261170137,nav2_amcl,200,1000,120,52.9,98.8,133.9,14.8,875.7,26.01,26.2,18.8,6,100.0,2.6215,100.0,1.4971,50.0,100.0,100.0,50.0,50.0,0.0,0.0,0.0,0.0
1770108668,311156187,nav2_amcl,200,1000,120,44.4,82.2,133.9,14.8,875.7,26.26,31.2,20.0,6,100.0,1.9255,100.0,1.4661,20.0,20.0,50.0,60.0,50.0,60.0,0.0,0.0,0.0
1770108668,361155709,nav2_amcl,200,1000,120,45.2,82.1,133.9,14.8,875.7,26.26,30.7,20.0,6,100.0,0.3936,100.0,1.4427,50.0,40.0,40.0,40.0,33.3,75.0,0.0,0.0,0.0
1770108668,411132191,nav2_amcl,200,1000,120,40.6,79.7,133.9,14.8,875.7,26.26,30.2,20.0,6,100.0,0.6098,100.0,1.429,33.3,20.0,20.0,25.0,71.4,57.1,0.0,0.0,0.0
1770108668,461152225,nav2_amcl,200,1000,120,35.7,61.1,133.9,14.8,875.7,26.26,30.0,20.0,6,100.0,2.4433,100.0,1.4528,50.0,40.0,25.0,25.0,75.0,0.0,0.0,0.0,0.0
1770108668,511150820,nav2_amcl,200,1000,120,38.7,79.4,133.9,14.8,875.7,26.26,30.0,22.1,6,100.0,0.6943,100.0,1.4436,20.0,20.0,25.0,57.1,80.0,0.0,0.0,0.0,0.0
1770108668,561159302,nav2_amcl,200,1000,120,33.3,59.8,133.9,14.8,875.7,26.26,30.0,21.9,6,100.0,1.6669,100.0,1.4421,25.0,33.3,20.0,25.0,20.0,75.0,0.0,0.0,0.0
1770108668,611147976,nav2_amcl,200,1000,120,40.6,80.3,133.9,14.8,875.7,26.26,30.0,21.8,6,100.0,1.7375,100.0,1.4292,20.0,60.0,50.0,33.3,0.0,66.7,0.0,0.0,0.0
1770108668,661236268,nav2_amcl,200,1000,120,34.5,80.0,133.9,14.8,875.7,26.26,30.0,21.5,6,100.0,2.5103,100.0,1.4242,33.3,40.0,25.0,20.0,80.0,20.0,0.0,0.0,0.0
1770108668,711162221,nav2_amcl,200,1000,120,35.7,80.4,133.9,14.8,875.7,26.26,30.0,21.4,6,100.0,2.1165,100.0,1.441,25.0,25.0,40.0,25.0,83.3,20.0,0.0,0.0,0.0
1770108668,761243377,nav2_amcl,200,1000,120,32.1,59.2,133.9,14.8,875.7,26.26,30.0,21.2,6,100.0,1.3074,100.0,1.4296,20.0,20.0,25.0,40.0,75.0,0.0,0.0,0.0,0.0
1770108669,261151589,nav2_amcl,200,1000,120,27.9,76.8,133.9,14.8,875.7,26.26,26.1,19.0,6,100.0,2.0834,100.0,1.4488,20.0,22.6,28.3,16.7,50.9,26.9,0.0,0.0,0.0
1770108669,311244330,nav2_amcl,200,1000,120,60.0,91.1,133.9,14.8,875.7,26.26,26.4,18.9,6,100.0,0.7726,100.0,1.4711,100.0,100.0,33.3,33.3,0.0,100.0,0.0,0.0,0.0
1770108669,361167722,nav2_amcl,200,1000,120,42.9,81.5,133.9,14.8,875.7,26.51,31.2,20.0,6,100.0,2.6522,100.0,1.5406,33.3,75.0,20.0,0.0,40.0,66.7,0.0,0.0,0.0
1770108669,411156844,nav2_amcl,200,1000,120,43.3,84.7,133.9,14.8,875.7,26.51,30.7,20.0,6,100.0,2.5506,100.0,1.5495,40.0,20.0,20.0,40.0,50.0,80.0,0.0,0.0,0.0
1770108669,461154990,nav2_amcl,200,1000,120,32.0,79.9,133.9,14.8,875.7,26.51,30.2,20.0,6,100.0,0.8934,100.0,1.5456,50.0,33.3,33.3,25.0,20.0,75.0,0.0,0.0,0.0
1770108669,511150832,nav2_amcl,200,1000,120,36.7,60.3,133.9,14.8,875.7,26.51,30.0,20.0,6,100.0,0.4597,100.0,1.5372,42.9,60.0,0.0,40.0,80.0,16.7,0.0,0.0,0.0
1770108669,561168531,nav2_amcl,200,1000,120,36.7,80.2,133.9,14.8,875.7,26.51,30.0,22.1,6,100.0,1.7348,100.0,1.5471,0.0,25.0,0.0,60.0,60.0,25.0,0.0,0.0,0.0
1770108669,611128820,nav2_amcl,200,1000,120,32.1,80.3,133.9,14.8,875.7,26.51,30.0,21.9,6,100.0,1.7951,100.0,1.5469,50.0,0.0,0.0,80.0,0.0,50.0,0.0,0.0,0.0
1770108669,661158903,nav2_amcl,200,1000,120,29.6,60.2,133.9,14.8,875.7,26.51,30.0,21.8,6,100.0,1.5727,100.0,1.5537,0.0,25.0,40.0,40.0,40.0,25.0,0.0,0.0,0.0
1770108669,711129689,nav2_amcl,200,1000,120,37.9,59.9,133.9,14.8,875.7,26.51,30.0,21.5,6,100.0,1.3454,100.0,1.5636,16.7,0.0,60.0,33.3,66.7,66.7,0.0,0.0,0.0
1770108669,761136507,nav2_amcl,200,1000,120,40.6,80.0,133.9,14.8,875.7,26.51,30.0,21.3,6,100.0,1.5426,100.0,1.5745,25.0,33.3,20.0,75.0,66.7,40.0,0.0,0.0,0.0
1770108669,811131805,nav2_amcl,200,1000,120,34.5,80.0,133.9,14.8,875.7,26.51,30.0,21.2,6,100.0,0.3733,100.0,1.5768,0.0,0.0,0.0,80.0,75.0,60.0,0.0,0.0,0.0
1770108670,311132276,nav2_amcl,200,1000,120,25.0,68.2,133.9,14.8,875.7,26.51,26.1,19.0,6,100.0,0.3139,100.0,1.5493,25.5,46.2,17.6,32.7,13.7,14.0,0.0,0.0,0.0
1770108670,361269401,nav2_amcl,200,1000,120,58.8,73.5,133.9,14.8,875.7,26.51,25.9,18.9,6,100.0,0.4817,100.0,1.5403,50.0,0.0,66.7,66.7,66.7,0.0,0.0,0.0,0.0
1770108670,411163065,nav2_amcl,200,1000,120,38.5,66.8,133.9,14.8,875.7,26.51,31.2,20.0,6,100.0,1.3768,100.0,1.5032,40.0,25.0,25.0,40.0,75.0,20.0,0.0,0.0,0.0
1770108670,461155867,nav2_amcl,200,1000,120,40.0,79.3,133.9,14.8,875.7,26.51,30.7,20.0,6,100.0,1.5272,100.0,1.4907,25.0,25.0,20.0,75.0,50.0,60.0,0.0,0.0,0.0
1770108670,511147965,nav2_amcl,200,1000,120,37.0,80.4,133.9,14.8,875.7,26.51,30.2,20.0,6,100.0,1.4911,100.0,1.4849,33.3,20.0,25.0,50.0,80.0,0.0,0.0,0.0,0.0
1770108670,561128063,nav2_amcl,200,1000,120,40.6,60.5,133.9,14.8,875.7,26.51,30.0,20.0,6,100.0,1.1787,100.0,1.4896,0.0,33.3,40.0,57.1,20.0,60.0,0.0,0.0,0.0
1770108670,611192739,nav2_amcl,200,1000,120,35.5,78.7,133.9,14.8,875.7,26.51,30.0,22.1,6,100.0,2.6801,100.0,1.4973,71.4,0.0,40.0,0.0,25.0,40.0,0.0,0.0,0.0
1770108670,661172036,nav2_amcl,200,1000,120,37.9,60.9,133.9,14.8,875.7,26.51,30.0,21.9,6,100.0,0.928,100.0,1.4901,33.3,50.0,33.3,40.0,40.0,50.0,0.0,0.0,0.0
1770108670,711197959,nav2_amcl,200,1000,120,34.5,79.4,133.9,14.8,875.7,26.51,30.0,21.8,6,100.0,0.0742,100.0,1.4614,25.0,80.0,25.0,0.0,33.3,40.0,0.0,0.0,0.0
1770108670,761154216,nav2_amcl,200,1000,120,36.7,60.3,133.9,14.8,875.7,26.51,30.0,21.5,6,100.0,2.8998,100.0,1.4688,40.0,50.0,0.0,57.1,0.0,33.3,0.0,0.0,0.0
1770108670,811159851,nav2_amcl,200,1000,120,36.7,78.6,133.9,14.8,875.7,26.51,30.0,21.3,6,100.0,1.0374,100.0,1.4658,40.0,66.7,40.0,50.0,0.0,33.3,0.0,0.0,0.0
1770108670,861166829,nav2_amcl,200,1000,120,40.0,60.3,133.9,14.8,875.7,26.51,30.0,21.1,6,100.0,2.1926,100.0,1.4874,20.0,25.0,40.0,60.0,75.0,0.0,0.0,0.0,0.0
1770108671,361175748,nav2_amcl,200,1000,120,27.3,75.0,133.9,14.8,875.7,26.51,26.1,19.0,6,100.0,0.4493,100.0,1.4853,26.9,18.4,17.3,18.8,73.6,3.8,0.0,0.0,0.0
1770108671,411216231,nav2_amcl,200,1000,120,60.0,92.5,133.9,14.8,875.7,26.51,26.4,18.9,6,100.0,0.0355,100.0,1.4531,100.0,0.0,100.0,75.0,50.0,40.0,0.0,0.0,0.0
1770108671,461162280,nav2_amcl,200,1000,120,46.7,79.0,133.9,14.8,875.7,26.76,31.2,20.0,6,100.0,2.306,100.0,1.5315,80.0,60.0,16.7,100.0,42.9,33.3,0.0,0.0,0.0
1770108671,511213643,nav2_amcl,200,1000,120,44.8,86.7,133.9,14.8,875.7,26.76,30.7,20.0,6,100.0,2.1592,100.0,1.5447,25.0,60.0,25.0,50.0,50.0,33.3,0.0,0.0,0.0
1770108671,561172813,nav2_amcl,200,1000,120,36.7,78.7,133.9,14.8,875.7,26.76,30.2,20.0,6,100.0,2.6192,100.0,1.5412,60.0,40.0,50.0,20.0,16.7,0.0,0.0,0.0,0.0
1770108671,611167727,nav2_amcl,200,1000,120,36.7,79.2,133.9,14.8,875.7,26.76,30.0,20.0,6,100.0,1.9403,100.0,1.5501,40.0,60.0,50.0,60.0,0.0,0.0,0.0,0.0,0.0
1770108671,661158833,nav2_amcl,200,1000,120,32.1,82.7,133.9,14.8,875.7,26.76,30.0,22.1,6,100.0,1.015,100.0,1.5383,75.0,50.0,20.0,40.0,16.7,16.7,0.0,0.0,0.0
1770108671,711177171,nav2_amcl,200,1000,120,37.9,58.8,133.9,14.8,875.7,26.76,30.0,21.9,6,100.0,2.8753,100.0,1.5447,40.0,40.0,50.0,20.0,0.0,80.0,0.0,0.0,0.0
1770108671,761186102,nav2_amcl,200,1000,120,33.3,80.6,133.9,14.8,875.7,26.76,30.0,21.9,6,100.0,2.751,100.0,1.5621,50.0,25.0,0.0,25.0,33.3,80.0,0.0,0.0,0.0
1770108671,811169304,nav2_amcl,200,1000,120,36.7,80.9,133.9,14.8,875.7,26.76,30.0,21.6,6,100.0,1.2616,100.0,1.5439,50.0,40.0,66.7,40.0,0.0,0.0,0.0,0.0,0.0
1770108671,861168890,nav2_amcl,200,1000,120,31.0,59.7,133.9,14.8,875.7,26.76,30.0,21.4,6,100.0,0.1882,100.0,1.5283,60.0,42.9,25.0,40.0,0.0,0.0,0.0,0.0,0.0
1770108671,911191037,nav2_amcl,200,1000,120,40.6,80.8,133.9,14.8,875.7,26.76,30.0,21.2,6,100.0,2.4114,100.0,1.5262,40.0,25.0,66.7,50.0,40.0,0.0,0.0,0.0,0.0
1770108672,411165394,nav2_amcl,200,1000,120,24.8,67.6,133.9,14.8,875.7,26.76,26.1,19.0,6,100.0,1.0406,100.0,1.5263,52.0,19.2,28.6,30.6,6.0,14.5,0.0,0.0,0.0
1770108672,461277912,nav2_amcl,200,1000,120,54.5,80.8,133.9,14.8,875.7,26.76,26.6,18.9,6,100.0,1.5057,100.0,1.5456,33.3,50.0,33.3,100.0,33.3,66.7,0.0,0.0,0.0
1770108672,511236473,nav2_amcl,200,1000,120,40.7,86.5,133.9,14.8,875.7,27.01,31.2,20.0,6,100.0,1.8657,100.0,1.5249,40.0,60.0,20.0,80.0,40.0,40.0,0.0,0.0,0.0
1770108672,561177690,nav2_amcl,200,1000,120,35.5,60.6,133.9,14.8,875.7,27.01,30.7,20.0,6,100.0,2.7921,100.0,1.5515,0.0,50.0,60.0,40.0,16.7,0.0,0.0,0.0,0.0
1770108672,611174204,nav2_amcl,200,1000,120,31.0,60.5,133.9,14.8,875.7,27.01,30.2,20.0,6,100.0,1.1738,100.0,1.539,60.0,66.7,40.0,20.0,20.0,0.0,0.0,0.0,0.0
1770108672,661179582,nav2_amcl,200,1000,120,38.7,79.6,133.9,14.8,875.7,27.01,30.0,20.0,6,100.0,2.5279,100.0,1.5574,75.0,40.0,50.0,33.3,16.7,28.6,0.0,0.0,0.0
1770108672,711193185,nav2_amcl,200,1000,120,34.5,80.2,133.9,14.8,875.7,27.01,30.0,22.1,6,100.0,0.031,100.0,1.5419,33.3,60.0,60.0,50.0,0.0,0.0,0.0,0.0,0.0
1770108672,761255588,nav2_amcl,200,1000,120,33.3,59.7,133.9,14.8,875.7,27.01,30.0,21.9,6,100.0,0.1543,100.0,1.5348,75.0,25.0,25.0,20.0,20.0,33.3,0.0,0.0,0.0
1770108672,811181413,nav2_amcl,200,1000,120,36.7,60.3,133.9,14.8,875.7,26.76,30.0,21.8,6,100.0,1.6666,100.0,1.5481,60.0,50.0,0.0,71.4,0.0,0.0,0.0,0.0,0.0
1770108672,861205800,nav2_amcl,200,1000,120,34.5,79.4,133.9,14.8,875.7,26.76,30.0,21.6,6,100.0,3.0624,100.0,1.5555,75.0,60.0,0.0,60.0,16.7,0.0,0.0,0.0,0.0
1770108672,911197258,nav2_amcl,200,1000,120,36.7,80.5,133.9,14.8,875.7,26.76,30.0,21.4,6,100.0,2.0055,100.0,1.5494,66.7,66.7,0.0,66.7,0.0,0.0,0.0,0.0,0.0
1770108672,961236141,nav2_amcl,200,1000,120,33.3,58.9,133.9,14.8,875.7,26.76,30.0,21.2,6,100.0,1.6725,100.0,1.5568,80.0,25.0,0.0,25.0,0.0,33.3,0.0,0.0,0.0
1770108673,461222403,nav2_amcl,200,1000,120,24.0,68.7,133.9,14.8,875.7,26.76,26.1,19.0,6,100.0,0.2981,100.0,1.5399,31.4,23.1,37.3,21.6,13.7,17.3,0.0,0.0,0.0
1770108673,511290055,nav2_amcl,200,1000,120,55.6,64.1,133.9,14.8,875.7,26.76,26.1,18.9,6,100.0,0.7045,100.0,1.5421,75.0,33.3,0.0,66.7,100.0,33.3,0.0,0.0,0.0
1770108673,561231496,nav2_amcl,200,1000,120,42.3,91.4,133.9,14.8,875.7,27.01,31.2,20.0,6,100.0,1.7485,100.0,1.5496,25.0,25.0,20.0,80.0,75.0,0.0,0.0,0.0,0.0
1770108673,611322124,nav2_amcl,200,1000,120,40.0,78.5,133.9,14.8,875.7,27.01,30.7,20.0,6,100.0,2.9108,100.0,1.5614,50.0,50.0,20.0,25.0,0.0,66.7,0.0,0.0,0.0
1770108673,661231596,nav2_amcl,200,1000,120,32.1,61.4,133.9,14.8,875.7,27.01,30.5,20.0,6,100.0,0.7594,100.0,1.5438,25.0,40.0,75.0,50.0,0.0,20.0,0.0,0.0,0.0
1770108673,711267535,nav2_amcl,200,1000,120,33.3,58.5,133.9,14.8,875.7,27.01,30.0,20.0,6,100.0,2.827,100.0,1.5509,33.3,16.7,66.7,40.0,20.0,40.0,0.0,0.0,0.0
1770108673,761275794,nav2_amcl,200,1000,120,32.1,81.7,133.9,14.8,875.7,27.01,30.0,22.1,6,100.0,0.2181,100.0,1.5401,75.0,40.0,0.0,60.0,20.0,25.0,0.0,0.0,0.0
1770108673,811278036,nav2_amcl,200,1000,120,41.9,79.6,133.9,14.8,875.7,27.01,30.0,21.9,6,100.0,2.0854,100.0,1.5401,42.9,33.3,50.0,40.0,20.0,50.0,0.0,0.0,0.0
1770108673,861269846,nav2_amcl,200,1000,120,34.5,60.2,133.9,14.8,875.7,27.01,30.0,21.8,6,100.0,2.5185,100.0,1.542,0.0,0.0,50.0,50.0,20.0,40.0,0.0,0.0,0.0
1770108673,911281561,nav2_amcl,200,1000,120,37.9,80.2,133.9,14.8,875.7,26.76,30.0,21.5,6,100.0,1.899,100.0,1.5435,66.7,0.0,50.0,40.0,40.0,40.0,0.0,0.0,0.0
1770108673,961241850,nav2_amcl,200,1000,120,34.5,78.9,133.9,14.8,875.7,26.76,30.0,21.4,6,100.0,0.6457,100.0,1.525,40.0,40.0,25.0,20.0,50.0,0.0,0.0,0.0,0.0
1770108674,11263293,nav2_amcl,200,1000,120,38.7,79.9,133.9,14.8,875.7,26.76,30.0,21.2,6,100.0,1.9474,100.0,1.5367,50.0,80.0,0.0,50.0,40.0,25.0,0.0,0.0,0.0
1770108674,536249412,nav2_amcl,200,1000,120,29.5,76.3,133.9,14.8,875.7,26.76,25.9,18.9,6,100.0,2.3385,100.0,1.5308,22.2,30.2,25.9,19.2,61.1,18.2,0.0,0.0,0.0
1770108674,561287478,nav2_amcl,200,1000,120,55.6,68.9,133.9,14.8,875.7,26.76,26.4,18.9,6,100.0,1.4791,100.0,1.5491,0.0,100.0,0.0,100.0,100.0,0.0,0.0,0.0,0.0
1770108674,611323705,nav2_amcl,200,1000,120,44.4,82.7,133.9,14.8,875.7,26.76,31.2,20.0,6,100.0,1.35,100.0,1.5293,33.3,75.0,20.0,0.0,60.0,66.7,0.0,0.0,0.0
1770108674,661256794,nav2_amcl,200,1000,120,35.7,81.7,133.9,14.8,875.7,26.76,30.7,20.0,6,100.0,0.2591,100.0,1.5162,25.0,0.0,25.0,40.0,50.0,50.0,0.0,0.0,0.0
1770108674,711257436,nav2_amcl,200,1000,120,40.0,60.3,133.9,14.8,875.7,26.76,30.2,20.0,6,100.0,1.1179,100.0,1.5139,40.0,50.0,50.0,40.0,75.0,0.0,0.0,0.0,0.0
1770108674,761260702,nav2_amcl,200,1000,120,36.7,78.9,133.9,14.8,875.7,26.76,30.0,20.0,6,100.0,0.4783,100.0,1.5032,40.0,25.0,0.0,50.0,80.0,0.0,0.0,0.0,0.0
1770108674,811354115,nav2_amcl,200,1000,120,36.7,81.2,133.9,14.8,875.7,26.76,30.0,22.1,6,100.0,1.6201,100.0,1.5157,40.0,33.3,40.0,20.0,80.0,20.0,0.0,0.0,0.0
1770108674,861313924,nav2_amcl,200,1000,120,29.6,59.0,133.9,14.8,875.7,26.76,30.0,22.1,6,100.0,0.8958,100.0,1.5215,0.0,25.0,25.0,20.0,60.0,50.0,0.0,0.0,0.0
1770108674,911278373,nav2_amcl,200,1000,120,43.8,79.0,133.9,14.8,873.5,26.76,30.0,21.9,6,100.0,1.7946,100.0,1.5346,60.0,66.7,20.0,40.0,50.0,20.0,0.0,0.0,0.0
1770108674,961297480,nav2_amcl,200,1000,120,36.7,102.3,133.9,14.8,873.5,26.51,30.0,21.6,6,100.0,2.1141,100.0,1.549,50.0,40.0,20.0,33.3,50.0,16.7,0.0,0.0,0.0
1770108675,11325003,nav2_amcl,200,1000,120,35.7,60.7,133.9,14.8,873.5,26.51,30.0,21.4,6,100.0,0.6287,100.0,1.5547,50.0,50.0,20.0,71.4,20.0,25.0,0.0,0.0,0.0
1770108675,61335182,nav2_amcl,200,1000,120,42.9,77.8,133.9,14.8,873.5,26.51,30.0,21.2,6,100.0,2.464,100.0,1.5542,50.0,60.0,25.0,40.0,50.0,40.0,0.0,0.0,0.0
1770108675,561288099,nav2_amcl,200,1000,120,26.1,70.5,133.9,14.8,873.5,26.51,26.1,19.0,6,100.0,1.5506,100.0,1.5515,32.1,29.4,19.6,21.3,7.8,37.7,0.0,0.0,0.0
1770108675,611286533,nav2_amcl,200,1000,120,43.8,71.5,133.9,14.8,873.5,26.51,31.2,19.9,6,100.0,2.8628,100.0,1.5647,100.0,0.0,0.0,33.3,75.0,25.0,0.0,0.0,0.0
1770108675,661270087,nav2_amcl,200,1000,120,39.3,85.5,133.9,14.8,873.5,26.51,31.2,20.0,6,100.0,0.3925,100.0,1.5594,75.0,40.0,20.0,20.0,83.3,20.0,0.0,0.0,0.0
1770108675,711348171,nav2_amcl,200,1000,120,38.7,58.8,133.9,14.8,873.5,26.51,30.7,20.0,6,100.0,2.0315,100.0,1.5789,25.0,25.0,25.0,40.0,20.0,66.7,0.0,0.0,0.0
1770108675,761330093,nav2_amcl,200,1000,120,30.8,81.6,133.9,14.8,873.5,26.5,30.2,20.0,6,100.0,0.3483,100.0,1.5534,40.0,20.0,25.0,50.0,50.0,0.0,0.0,0.0,0.0
1770108675,811314223,nav2_amcl,200,1000,120,40.0,80.4,133.9,14.8,873.5,26.5,30.0,20.0,6,100.0,1.3831,100.0,1.5569,66.7,40.0,42.9,25.0,66.7,0.0,0.0,0.0,0.0
1770108675,861331089,nav2_amcl,200,1000,120,34.5,79.7,133.9,14.8,873.5,26.51,30.0,22.1,6,100.0,2.8125,100.0,1.5631,25.0,20.0,75.0,20.0,33.3,16.7,0.0,0.0,0.0
1770108675,911349364,nav2_amcl,200,1000,120,36.7,59.8,133.9,14.8,873.5,26.51,30.0,21.9,6,100.0,3.1047,100.0,1.5896,20.0,0.0,33.3,42.9,83.3,50.0,0.0,0.0,0.0
1770108675,961336694,nav2_amcl,200,1000,120,28.0,80.7,133.9,14.8,873.5,26.51,30.0,21.8,6,100.0,0.0394,100.0,1.5828,25.0,0.0,0.0,100.0,0.0,25.0,0.0,0.0,0.0
1770108676,11334424,nav2_amcl,200,1000,120,33.3,59.8,133.9,14.8,873.5,26.51,30.0,21.5,6,100.0,2.9396,100.0,1.581,40.0,66.7,20.0,0.0,50.0,20.0,0.0,0.0,0.0
1770108676,61346971,nav2_amcl,200,1000,120,42.9,77.5,133.9,14.8,873.5,26.51,30.0,21.4,6,100.0,0.0072,100.0,1.5791,60.0,20.0,25.0,100.0,33.3,25.0,0.0,0.0,0.0
1770108676,111360861,nav2_amcl,200,1000,120,41.9,61.2,133.9,14.8,873.5,26.25,30.0,21.2,6,100.0,1.3971,100.0,1.5928,50.0,20.0,50.0,50.0,25.0,60.0,0.0,0.0,0.0
1770108676,561311568,nav2_amcl,200,1000,120,27.0,66.3,133.9,14.7,869.1,26.25,26.4,19.2,6,100.0,1.7175,100.0,1.5989,22.0,42.3,18.8,27.8,20.4,32.1,0.0,0.0,0.0
