wall_time_ns,scan_stamp_ns,scan_stamp_to_scan_ms,amcl_particle_count,scan_to_amcl_ms,amcl_to_ekf_ms,scan_to_ekf_ms,ekf_to_drive_ms,drive_to_ackermann_ms,scan_to_ackermann_ms
1777556959758778596,1777556959756774451,0.246,300,0.933,0.261,1.193,0.314,0.240,1.748
1777556959780174746,1777556959776744249,0.212,300,0.962,0.314,1.276,1.302,0.630,3.207
1777556959809229312,1777556959806745780,0.222,300,1.058,0.291,1.349,0.837,0.034,2.220
1777556959828792782,1777556959826751419,0.242,300,0.900,0.267,1.167,0.421,0.204,1.792
1777556959858872558,1777556959856742518,0.241,300,1.086,0.219,1.305,0.337,0.234,1.876
1777556959879092866,1777556959876754782,0.235,300,1.078,0.484,1.562,0.335,0.200,2.097
1777556959911228405,1777556959906742680,0.237,300,1.105,0.244,1.349,2.573,0.320,4.241
1777556959929053410,1777556959926759745,0.236,300,1.053,0.360,1.413,0.347,0.291,2.051
1777556959958953847,1777556959956770044,0.224,300,1.032,0.321,1.352,0.340,0.254,1.946
1777556959985351495,1777556959982807992,0.235,300,1.304,0.358,1.662,0.328,0.311,2.301
1777556960009608957,1777556960006766750,0.216,300,1.331,0.359,1.690,0.786,0.144,2.619
1777556960039047473,1777556960036758577,0.231,300,1.020,0.368,1.389,0.369,0.292,2.050
1777556960059118967,1777556960056751186,0.218,300,1.046,0.328,1.374,0.338,0.399,2.112
1777556960081711787,1777556960079346086,0.311,300,1.123,0.369,1.491,0.227,0.330,2.049
1777556960109076171,1777556960106775594,0.210,300,1.102,0.266,1.368,0.497,0.219,2.084
1777556960139128257,1777556960136742363,0.214,300,1.210,0.368,1.578,0.440,0.147,2.165
1777556960159100066,1777556960156744829,0.224,300,1.004,0.409,1.413,0.545,0.159,2.118
1777556960189072979,1777556960186737936,0.788,300,0.489,0.581,1.071,0.296,0.174,1.541
1777556960209146042,1777556960206746387,0.214,334,1.036,0.305,1.341,0.737,0.102,2.179
1777556960238981092,1777556960236752263,0.212,300,1.034,0.315,1.349,0.302,0.359,2.010
1777556960258920323,1777556960256743913,0.577,300,0.733,0.289,1.023,0.422,0.148,1.593
1777556960289024412,1777556960286747292,0.209,300,1.593,0.043,1.637,0.250,0.175,2.062
1777556960307211385,1777556960304570564,0.541,300,1.452,0.584,2.036,0.021,0.038,2.095
1777556960338691679,1777556960336748594,0.439,300,0.802,0.498,1.300,0.045,0.154,1.498
1777556960358879276,1777556960356757237,0.818,300,0.495,0.302,0.797,0.288,0.211,1.296
1777556960388870623,1777556960386741607,0.220,300,1.101,0.328,1.429,0.332,0.141,1.902
1777556960409033162,1777556960406874129,0.195,300,1.531,0.017,1.548,0.231,0.179,1.957
1777556960439080032,1777556960436763710,0.470,300,0.834,0.356,1.189,0.367,0.282,1.839
1777556960458961148,1777556960456747679,0.639,300,1.137,0.044,1.181,0.258,0.129,1.567
1777556960489255520,1777556960486761108,0.226,300,1.868,0.016,1.884,0.237,0.141,2.262
1777556960508922863,1777556960506743733,0.206,300,1.042,0.452,1.494,0.265,0.208,1.967
1777556960539196242,1777556960536803820,0.223,334,1.059,0.545,1.604,0.234,0.324,2.162
1777556960559047180,1777556960556761547,0.591,300,0.818,0.201,1.019,0.350,0.313,1.682
1777556960591742678,1777556960586757471,0.234,300,1.092,2.795,3.887,0.724,0.134,4.744
1777556960609161224,1777556960606748192,0.608,300,0.703,0.644,1.347,0.240,0.212,1.798
1777556960639416553,1777556960636765493,0.604,300,0.755,0.783,1.539,0.377,0.125,2.041
1777556960658850188,1777556960656758807,0.238,300,1.042,0.326,1.368,0.338,0.141,1.848
1777556960689014441,1777556960686791116,0.483,464,0.792,0.354,1.146,0.313,0.275,1.734
1777556960709077390,1777556960706747116,0.430,464,0.839,0.459,1.298,0.285,0.311,1.894
1777556960732537875,1777556960730339223,0.471,422,0.812,0.532,1.343,0.249,0.129,1.721
1777556960758969790,1777556960756762146,0.450,334,0.884,0.359,1.244,0.238,0.270,1.751
1777556960788950480,1777556960786755157,0.630,504,0.782,0.261,1.043,0.330,0.186,1.559
1777556960809226242,1777556960806767064,0.269,544,1.576,0.040,1.616,0.297,0.271,2.184
1777556960838963911,1777556960836803021,0.213,504,1.152,0.303,1.455,0.337,0.150,1.942
1777556960859066895,1777556960856767598,0.254,504,1.056,0.342,1.398,0.329,0.312,2.039
1777556960889354066,1777556960886770017,0.207,464,1.379,0.339,1.718,0.516,0.136,2.370
1777556960909086085,1777556960906799525,0.219,300,1.062,0.285,1.347,0.522,0.191,2.061
1777556960939176318,1777556960936758806,0.218,300,0.995,0.428,1.422,0.464,0.306,2.193
1777556960959735903,1777556960956770585,2.800,464,0.036,0.104,0.140,0.010,0.010,0.161
1777556960988895844,1777556960986776461,0.193,582,1.117,0.476,1.593,0.159,0.167,1.919
1777556961008897925,1777556961006758381,0.216,582,1.048,0.314,1.362,0.406,0.150,1.917
1777556961039145087,1777556961036806044,0.221,464,1.127,0.279,1.406,0.417,0.288,2.110
1777556961059186718,1777556961056761495,0.216,464,1.042,0.559,1.601,0.504,0.098,2.203
1777556961089181354,1777556961086773475,0.177,379,1.116,0.491,1.606,0.397,0.221,2.224
1777556961109108867,1777556961106767680,0.216,582,1.069,0.320,1.389,0.476,0.253,2.118
1777556961138996136,1777556961136769804,0.260,464,0.978,0.366,1.344,0.426,0.189,1.960
1777556961159248532,1777556961156779434,0.212,300,1.051,0.376,1.427,0.671,0.151,2.249
1777556961188956783,1777556961186777141,0.258,300,0.950,0.379,1.329,0.437,0.150,1.915
1777556961209046001,1777556961206770098,0.431,334,0.847,0.278,1.125,0.510,0.204,1.839
1777556961239195910,1777556961236839458,0.274,300,1.017,0.330,1.347,0.535,0.194,2.076
1777556961258968214,1777556961256771483,0.211,300,1.061,0.436,1.497,0.260,0.222,1.979
1777556961289098057,1777556961286781256,0.216,300,1.054,0.586,1.640,0.326,0.128,2.094
1777556961309171530,1777556961306766212,0.286,379,1.101,0.310,1.411,0.538,0.163,2.113
1777556961339034287,1777556961336814643,0.201,379,1.070,0.347,1.416,0.471,0.125,2.013
1777556961358950087,1777556961356781358,0.445,379,0.883,0.250,1.134,0.447,0.136,1.718
1777556961389022807,1777556961386788666,0.256,379,1.007,0.362,1.369,0.452,0.150,1.971
1777556961409295011,1777556961406840698,0.217,379,1.122,0.495,1.616,0.312,0.302,2.230
1777556961439210443,1777556961436780899,0.236,379,1.511,0.044,1.554,0.436,0.198,2.188
1777556961468983178,1777556961466777102,0.234,379,1.017,0.306,1.324,0.437,0.205,1.965
1777556961489094733,1777556961486785036,0.240,300,1.008,0.408,1.416,0.456,0.190,2.062
1777556961519238657,1777556961516787000,0.224,422,1.079,0.481,1.560,0.364,0.297,2.220
1777556961539196796,1777556961536784917,0.441,379,0.898,0.319,1.218,0.508,0.239,1.965
1777556961569881358,1777556961566783265,0.456,379,0.841,0.518,1.359,0.278,0.997,2.634
1777556961589287402,1777556961586793951,0.486,300,0.795,0.623,1.418,0.460,0.123,2.002
1777556961616059969,1777556961613440143,0.564,300,0.835,0.663,1.498,0.376,0.175,2.049
1777556961639006307,1777556961636791400,0.210,464,1.105,0.450,1.555,0.279,0.165,1.999
1777556961669154231,1777556961666915802,0.213,582,1.538,0.041,1.579,0.363,0.078,2.020
1777556961689328286,1777556961686784912,0.214,300,1.175,0.489,1.664,0.224,0.435,2.323
1777556961719205123,1777556961716792252,0.281,300,1.575,0.021,1.596,0.128,0.402,2.126
1777556961739253347,1777556961736786745,0.305,300,1.597,0.048,1.646,0.255,0.253,2.154
1777556961769142409,1777556961766785829,0.626,300,1.123,0.083,1.206,0.174,0.344,1.724
1777556961789189481,1777556961786784674,0.591,334,1.053,0.200,1.254,0.076,0.477,1.807
1777556961819242199,1777556961816797071,0.706,334,0.727,0.210,0.937,0.605,0.190,1.732
1777556961839147695,1777556961836793996,0.255,379,1.093,0.238,1.330,0.420,0.341,2.092
1777556961868926159,1777556961866786327,0.273,300,1.012,0.479,1.491,0.231,0.138,1.861
1777556961889676246,1777556961886787284,0.434,300,0.848,0.526,1.373,0.998,0.076,2.448
1777556961919119299,1777556961916792769,0.616,620,1.157,0.015,1.171,0.360,0.172,1.703
1777556961940918628,1777556961936786173,0.252,504,1.681,0.012,1.693,0.082,2.098,3.873
1777556961969251475,1777556961966798922,0.481,582,0.882,0.472,1.354,0.591,0.022,1.967
1777556961989336789,1777556961986812328,0.624,582,1.260,0.054,1.314,0.515,0.065,1.894
1777556962019196629,1777556962016802672,0.653,464,0.675,0.452,1.127,0.387,0.221,1.735
1777556962039208462,1777556962036804008,0.485,300,0.786,0.599,1.385,0.129,0.398,1.912
1777556962069193682,1777556962066805549,0.450,300,0.833,0.677,1.509,0.208,0.214,1.931
1777556962089384052,1777556962086801317,0.811,300,0.533,0.662,1.195,0.335,0.235,1.765
1777556962119336726,1777556962116800393,0.519,620,0.796,0.319,1.115,0.452,0.443,2.010
1777556962139080224,1777556962136789153,0.211,620,1.112,0.293,1.405,0.407,0.261,2.073
1777556962168983775,1777556962166801542,0.194,464,1.085,0.366,1.452,0.450,0.080,1.981
1777556962188999096,1777556962186798622,0.199,544,1.156,0.269,1.424,0.366,0.204,1.994
1777556962219059968,1777556962216805186,0.423,464,1.268,0.014,1.282,0.523,0.021,1.826
1777556962239068056,1777556962236791258,0.206,334,1.087,0.322,1.408,0.390,0.261,2.059
1777556962269040667,1777556962266813471,0.204,334,0.980,0.322,1.303,0.517,0.196,2.016
1777556962289154458,1777556962286799159,0.190,379,1.026,0.494,1.520,0.619,0.020,2.159
1777556962319297126,1777556962316802011,0.471,544,0.820,0.295,1.116,0.882,0.022,2.019
1777556962339328800,1777556962336795635,0.532,422,0.823,0.391,1.213,0.482,0.298,1.993
1777556962369087543,1777556962366809944,0.201,422,1.052,0.330,1.382,0.516,0.172,2.070
1777556962389033100,1777556962386802832,0.218,300,1.028,0.287,1.315,0.503,0.186,2.005
1777556962419207066,1777556962416809493,0.218,334,1.009,0.307,1.316,0.839,0.020,2.175
1777556962439212019,1777556962436806765,0.226,334,1.037,0.413,1.451,0.424,0.298,2.173
1777556962469230776,1777556962466812433,0.224,731,1.058,0.347,1.405,0.633,0.150,2.188
1777556962489064007,1777556962486802857,0.266,582,1.086,0.327,1.412,0.418,0.158,1.988
1777556962519115054,1777556962516815822,0.212,582,1.051,0.346,1.398,0.536,0.148,2.081
1777556962539306929,1777556962536837896,0.617,504,0.657,0.430,1.087,0.432,0.327,1.845
1777556962569062920,1777556962566818987,0.214,300,1.009,0.327,1.336,0.498,0.188,2.022
1777556962589026462,1777556962586814211,0.262,300,0.995,0.251,1.246,0.573,0.124,1.943
1777556962619071557,1777556962616815975,0.217,300,1.034,0.333,1.366,0.511,0.155,2.033
1777556962643087292,1777556962636868226,0.251,422,1.083,2.919,4.002,1.804,0.155,5.961
1777556962669087458,1777556962666819684,0.451,379,0.851,0.279,1.130,0.434,0.246,1.810
1777556962689004086,1777556962686817020,0.213,300,1.045,0.266,1.311,0.460,0.195,1.967
1777556962718947575,1777556962716817920,0.205,300,0.998,0.343,1.341,0.430,0.147,1.918
1777556962739140922,1777556962736811512,0.254,464,1.061,0.293,1.354,0.420,0.294,2.068
1777556962769234467,1777556962766821309,0.219,464,1.069,0.339,1.409,0.527,0.250,2.186
1777556962789293183,1777556962786813589,0.211,300,1.044,0.301,1.345,0.896,0.022,2.262
1777556962819227967,1777556962816834682,0.218,300,1.026,0.351,1.377,0.739,0.052,2.169
1777556962839052974,1777556962836818130,0.309,334,0.893,0.320,1.213,0.452,0.248,1.913
1777556962869011760,1777556962866819382,0.216,504,1.038,0.320,1.358,0.473,0.140,1.970
1777556962889102477,1777556962886816526,0.207,504,1.065,0.353,1.418,0.635,0.021,2.074
1777556962919080368,1777556962916822643,0.242,464,1.055,0.326,1.381,0.320,0.309,2.009
1777556962938821082,1777556962936823915,0.214,464,1.059,0.253,1.312,0.295,0.171,1.778
1777556962968886562,1777556962966827088,0.197,300,1.045,0.334,1.379,0.319,0.157,1.855
1777556962988759315,1777556962986812135,0.280,300,0.975,0.277,1.252,0.270,0.137,1.659
1777556963018829208,1777556963016819113,0.194,300,1.050,0.322,1.372,0.273,0.164,1.810
1777556963038931473,1777556963036816668,0.201,379,1.127,0.249,1.376,0.342,0.189,1.907
1777556963069109399,1777556963066828761,0.318,464,1.080,0.223,1.303,0.633,0.021,1.957
1777556963088991556,1777556963086824108,0.198,300,1.120,0.298,1.418,0.354,0.191,1.963
1777556963118989505,1777556963116863883,0.224,334,1.080,0.221,1.301,0.452,0.141,1.894
1777556963138855789,1777556963136879615,0.223,334,1.042,0.402,1.444,0.048,0.255,1.747
1777556963169364902,1777556963166834618,0.651,300,0.724,0.299,1.023,0.709,0.141,1.873
1777556963189032007,1777556963186830061,0.233,422,1.096,0.299,1.395,0.336,0.231,1.961
1777556963219143594,1777556963216823177,0.229,504,1.102,0.295,1.396,0.417,0.271,2.084
1777556963239232642,1777556963236899265,0.264,300,1.098,0.325,1.422,0.326,0.314,2.063
1777556963269221054,1777556963266841114,0.705,334,0.599,0.538,1.137,0.168,0.364,1.669
1777556963288789561,1777556963286835213,0.217,300,1.043,0.274,1.317,0.221,0.194,1.731
1777556963318777398,1777556963316825706,0.199,657,1.097,0.289,1.385,0.179,0.182,1.746
1777556963339016726,1777556963336828349,0.554,657,0.838,0.255,1.093,0.319,0.215,1.627
1777556963363043464,1777556963360676613,0.204,464,1.425,0.402,1.827,0.167,0.162,2.156
1777556963388954179,1777556963386830957,0.578,464,0.704,0.340,1.044,0.212,0.263,1.520
1777556963418812088,1777556963416815657,0.207,334,1.109,0.226,1.335,0.185,0.264,1.784
1777556963438754888,1777556963436833758,0.194,334,1.051,0.261,1.312,0.214,0.196,1.721
1777556963469012147,1777556963466840411,0.275,504,1.455,0.015,1.469,0.208,0.204,1.881
1777556963488883647,1777556963486833902,0.201,464,1.185,0.175,1.360,0.323,0.160,1.843
1777556963519194221,1777556963516843339,0.206,657,1.155,0.314,1.469,0.401,0.267,2.137
1777556963538838349,1777556963536836702,0.211,657,1.432,0.044,1.476,0.114,0.194,1.784
1777556963568986194,1777556963566847067,0.232,334,1.065,0.318,1.383,0.370,0.147,1.901
1777556963589017735,1777556963586832174,0.224,334,1.008,0.371,1.379,0.318,0.257,1.954
1777556963618777430,1777556963616845739,0.202,300,1.041,0.355,1.396,0.171,0.156,1.723
1777556963639138878,1777556963636835038,0.553,504,0.731,0.628,1.359,0.022,0.362,1.743
1777556963669057398,1777556963666853532,0.282,694,1.098,0.782,1.880,0.023,0.014,1.916
1777556963692280316,1777556963686846159,0.219,464,1.146,0.326,1.473,3.446,0.289,5.207
1777556963718973889,1777556963716848940,0.206,422,1.051,0.304,1.355,0.294,0.263,1.912
1777556963738902449,1777556963736837502,0.205,422,1.018,0.518,1.536,0.102,0.215,1.853
1777556963769222783,1777556963766840123,0.243,334,1.083,0.180,1.263,0.502,0.215,1.979
1777556963789235443,1777556963786846863,0.241,300,1.137,0.398,1.535,0.290,0.316,2.141
1777556963819280851,1777556963816845548,0.251,731,1.354,0.368,1.722,0.326,0.100,2.148
1777556963839102332,1777556963836833694,0.215,694,1.204,0.371,1.576,0.207,0.264,2.046
1777556963869296612,1777556963866845500,0.221,657,1.292,0.419,1.711,0.339,0.174,2.223
1777556963889104652,1777556963886846415,0.199,657,1.132,0.258,1.390,0.450,0.212,2.052
1777556963919087656,1777556963916854253,0.569,300,0.734,0.288,1.022,0.462,0.174,1.658
1777556963938918674,1777556963936851744,0.553,379,0.666,0.319,0.985,0.346,0.176,1.507
1777556963969055991,1777556963966854365,0.291,620,1.054,0.255,1.310,0.575,0.020,1.905
1777556963989034025,1777556963986844975,0.567,464,0.884,0.214,1.097,0.353,0.165,1.615
1777556964018961886,1777556964016853322,0.207,544,1.162,0.210,1.372,0.279,0.243,1.895
1777556964039062002,1777556964036854872,0.205,544,1.099,0.297,1.396,0.345,0.255,1.996
1777556964069409946,1777556964066865902,0.208,582,1.168,0.479,1.647,0.431,0.251,2.329
1777556964098137002,1777556964095826250,0.269,582,1.125,0.279,1.404,0.461,0.170,2.035
1777556964119068267,1777556964116878003,0.243,300,1.073,0.323,1.395,0.330,0.215,1.940
1777556964149051328,1777556964146858663,0.209,422,1.108,0.265,1.372,0.353,0.251,1.977
1777556964169394625,1777556964166855765,0.200,334,1.052,0.304,1.356,0.475,0.344,2.175
1777556964198920733,1777556964196861707,0.201,422,1.114,0.240,1.354,0.324,0.166,1.845
1777556964218848359,1777556964216858105,0.203,422,1.006,0.330,1.336,0.295,0.149,1.781
1777556964248813274,1777556964246867791,0.205,422,1.023,0.287,1.310,0.258,0.165,1.733
1777556964269108249,1777556964266896895,0.584,379,0.758,0.277,1.035,0.321,0.265,1.621
1777556964298802846,1777556964296866963,0.563,379,0.679,0.287,0.966,0.191,0.208,1.365
1777556964321754223,1777556964316862049,0.252,334,1.127,0.257,1.384,0.387,2.862,4.633
1777556964349122163,1777556964346877687,0.202,334,1.243,0.312,1.555,0.262,0.219,2.036
1777556964368920694,1777556964366863141,0.199,422,1.117,0.195,1.312,0.325,0.215,1.852
1777556964399168922,1777556964396865083,0.580,379,0.690,0.478,1.168,0.465,0.086,1.718
1777556964418859479,1777556964416871753,0.205,300,1.096,0.338,1.434,0.176,0.167,1.777
1777556964441337070,1777556964438803042,0.677,300,0.677,0.709,1.386,0.129,0.334,1.849
1777556964468813368,1777556964466858028,0.207,300,1.057,0.283,1.341,0.228,0.173,1.741
1777556964499269543,1777556964496870754,0.209,620,1.060,0.453,1.513,0.473,0.197,2.183
1777556964518896800,1777556964516874481,0.565,300,1.155,0.018,1.174,0.086,0.190,1.449
1777556964549210599,1777556964546872038,0.575,379,0.696,0.574,1.270,0.232,0.255,1.757
1777556964569292922,1777556964566882229,0.280,334,0.969,0.304,1.273,0.356,0.494,2.124
1777556964599147624,1777556964596877066,0.565,334,0.706,0.456,1.162,0.350,0.186,1.699
1777556964616180338,1777556964613495326,0.878,300,0.568,0.272,0.840,0.780,0.181,1.800
1777556964649203054,1777556964646907984,0.200,379,1.085,0.335,1.420,0.649,0.022,2.090
1777556964669025939,1777556964666877885,0.205,379,1.031,0.479,1.511,0.248,0.177,1.936
1777556964698893057,1777556964696877458,0.214,464,1.064,0.353,1.416,0.201,0.177,1.795
1777556964718874574,1777556964716874912,0.253,334,1.037,0.296,1.333,0.192,0.215,1.739
1777556964748912070,1777556964746885846,0.218,379,1.045,0.279,1.324,0.195,0.283,1.802
1777556964768893395,1777556964766876644,0.206,379,1.039,0.285,1.324,0.242,0.237,1.803
1777556964799158167,1777556964796873017,0.254,422,1.010,0.410,1.419,0.436,0.169,2.024
1777556964818939962,1777556964816864711,0.220,544,1.109,0.318,1.427,0.336,0.086,1.849
1777556964849285634,1777556964846890206,0.222,544,1.087,0.478,1.565,0.305,0.295,2.165
1777556964869106375,1777556964866873068,0.203,464,1.136,0.515,1.651,0.194,0.179,2.024
1777556964899245252,1777556964896884802,0.212,422,1.084,0.342,1.426,0.597,0.119,2.142
1777556964919739885,1777556964916896561,0.287,334,0.943,0.443,1.386,1.032,0.132,2.551
1777556964950564816,1777556964946884741,0.204,334,1.062,0.410,1.471,1.309,0.683,3.463
1777556964969573192,1777556964966878995,0.189,334,1.181,0.301,1.482,0.825,0.193,2.499
1777556964998976477,1777556964996871817,0.567,379,0.698,0.326,1.024,0.340,0.167,1.530
1777556965018831327,1777556965016886645,0.205,379,1.123,0.243,1.366,0.243,0.124,1.733
1777556965038813032,1777556965036879006,0.241,464,1.084,0.238,1.322,0.150,0.213,1.686
1777556965068917916,1777556965066883532,0.212,464,1.149,0.515,1.664,0.023,0.129,1.816
1777556965088838625,1777556965086891798,0.206,300,1.075,0.209,1.284,0.292,0.158,1.734
1777556965119187490,1777556965116882596,0.194,300,1.061,0.350,1.411,0.492,0.201,2.104
1777556965139178379,1777556965136885133,0.262,300,1.021,0.374,1.395,0.538,0.091,2.024
1777556965169093685,1777556965166886267,0.241,300,1.063,0.374,1.438,0.354,0.169,1.960
1777556965189416752,1777556965186882821,0.560,300,0.677,0.276,0.953,0.838,0.176,1.967
1777556965219200946,1777556965216889139,0.553,300,0.740,0.281,1.021,0.556,0.174,1.751
1777556965249493392,1777556965246897410,0.249,300,1.006,0.300,1.306,0.854,0.181,2.341
1777556965269512827,1777556965266894219,0.530,300,0.675,0.339,1.015,0.899,0.168,2.082
1777556965299025998,1777556965296891257,0.217,379,1.049,0.321,1.370,0.330,0.212,1.912
1777556965318942355,1777556965316883906,0.275,379,1.051,0.239,1.290,0.315,0.172,1.777
1777556965348971267,1777556965346905777,0.439,300,0.833,0.305,1.137,0.314,0.168,1.619
1777556965370925943,1777556965366878809,0.436,300,0.797,0.241,1.038,0.376,2.191,3.604
1777556965398904247,1777556965396896585,0.591,300,0.689,0.223,0.912,0.295,0.202,1.409
1777556965418970916,1777556965416890770,0.203,300,1.126,0.187,1.313,0.347,0.210,1.870
1777556965449094329,1777556965446901728,0.200,300,1.150,0.207,1.358,0.411,0.218,1.986
1777556965468876086,1777556965466889353,0.541,300,0.700,0.285,0.984,0.266,0.189,1.439
1777556965498977834,1777556965496906520,0.637,300,0.749,0.280,1.029,0.243,0.156,1.428
1777556965518901423,1777556965516897313,0.608,300,0.756,0.184,0.940,0.274,0.176,1.391
1777556965548873756,1777556965546912688,0.243,300,1.086,0.314,1.400,0.176,0.135,1.711
1777556965569155701,1777556965566962972,0.201,300,1.262,0.390,1.651,0.156,0.177,1.985
1777556965599281130,1777556965596904295,0.786,300,0.748,0.376,1.124,0.156,0.304,1.584
1777556965618847931,1777556965616899440,0.432,334,0.870,0.281,1.152,0.159,0.198,1.509
1777556965645889543,1777556965643162290,0.305,334,1.500,0.497,1.997,0.216,0.202,2.415
1777556965669808904,1777556965666909321,0.199,379,1.354,0.446,1.800,0.677,0.216,2.693
1777556965699058925,1777556965696916855,0.522,379,1.308,0.014,1.322,0.151,0.140,1.613
1777556965719170780,1777556965716954371,0.256,300,1.078,0.511,1.589,0.319,0.048,1.955
1777556965748866202,1777556965746909358,0.222,300,1.089,0.276,1.366,0.186,0.176,1.728
1777556965769316028,1777556965766905368,0.258,334,1.139,0.403,1.542,0.101,0.503,2.146
1777556965799616922,1777556965796913638,0.231,334,1.067,0.454,1.521,0.924,0.022,2.467
1777556965819451547,1777556965816916432,0.491,422,0.919,0.379,1.298,0.424,0.313,2.036
1777556965849179962,1777556965846921278,0.610,300,0.678,0.378,1.057,0.144,0.440,1.640
1777556965869136129,1777556965866914727,0.236,300,1.037,0.348,1.385,0.239,0.354,1.977
1777556965898781340,1777556965896932214,0.243,300,1.088,0.241,1.329,0.223,0.049,1.601
1777556965919080790,1777556965916911263,0.227,379,1.047,0.282,1.329,0.367,0.239,1.935
1777556965949325937,1777556965946915149,0.203,379,1.247,0.206,1.453,0.146,0.602,2.200
1777556965968955110,1777556965966910518,0.198,300,1.044,0.459,1.503,0.317,0.021,1.841
1777556965997823702,1777556965994877429,0.241,300,1.506,0.146,1.652,0.788,0.259,2.699
1777556966018860341,1777556966016921899,0.619,300,0.718,0.257,0.975,0.203,0.136,1.314
1777556966049244113,1777556966046924722,0.234,300,1.053,0.368,1.421,0.615,0.044,2.080
1777556966069578472,1777556966066924759,0.451,300,0.780,0.360,1.140,0.808,0.248,2.195
1777556966098877865,1777556966096916349,0.813,300,0.498,0.280,0.778,0.215,0.148,1.141
1777556966118841195,1777556966116918210,0.247,300,1.032,0.262,1.294,0.208,0.167,1.669
1777556966148963449,1777556966146927530,0.213,300,1.118,0.304,1.421,0.161,0.234,1.816
1777556966169092868,1777556966166920750,0.240,544,1.102,0.474,1.576,0.105,0.245,1.926
1777556966198989638,1777556966196921301,0.216,544,1.183,0.283,1.467,0.168,0.211,1.846
1777556966219206710,1777556966216921369,0.444,379,0.868,0.282,1.150,0.459,0.226,1.834
1777556966249610035,1777556966246944577,0.215,379,1.090,0.356,1.446,0.862,0.136,2.445
1777556966269019063,1777556966266919685,0.447,300,0.827,0.240,1.066,0.337,0.242,1.645
1777556966298939802,1777556966296931308,0.218,300,1.007,0.359,1.366,0.332,0.086,1.784
1777556966319259760,1777556966316917840,0.265,300,1.029,0.375,1.404,0.440,0.225,2.069
1777556966348030292,1777556966344790979,0.257,300,1.970,0.311,2.281,0.526,0.169,2.976
1777556966370360280,1777556966366919772,0.842,300,1.107,0.308,1.416,1.035,0.141,2.591
1777556966397884279,1777556966395474772,0.594,422,0.905,0.263,1.168,0.462,0.178,1.809
1777556966419398062,1777556966416895750,0.217,300,1.458,0.184,1.641,0.477,0.160,2.279
1777556966449180905,1777556966446923822,0.207,504,1.078,0.309,1.387,0.420,0.236,2.042
1777556966469042470,1777556966466911378,0.211,334,1.180,0.228,1.408,0.352,0.153,1.913
1777556966499092208,1777556966496926234,0.200,334,1.050,0.275,1.324,0.470,0.166,1.960
1777556966519038674,1777556966516923070,0.204,300,1.069,0.259,1.328,0.466,0.111,1.905
1777556966548967093,1777556966546933990,0.575,300,0.695,0.320,1.015,0.305,0.132,1.452
1777556966569075999,1777556966566961516,0.228,334,1.147,0.201,1.348,0.277,0.255,1.880
1777556966592960248,1777556966590646906,0.250,334,1.158,0.385,1.543,0.283,0.231,2.057
1777556966618987142,1777556966616928053,0.252,300,1.008,0.264,1.272,0.306,0.222,1.800
1777556966649076722,1777556966646932348,0.273,300,1.007,0.356,1.363,0.257,0.244,1.864
1777556966681010946,1777556966676939140,0.201,300,1.090,0.329,1.419,0.560,1.884,3.863
1777556966699009273,1777556966696931944,0.557,300,0.713,0.247,0.960,0.307,0.247,1.514
1777556966729180458,1777556966726986258,0.254,464,1.075,0.335,1.411,0.375,0.148,1.934
1777556966749186319,1777556966746948020,0.248,422,1.092,0.415,1.507,0.420,0.057,1.984
1777556966779159668,1777556966776933786,0.272,300,1.040,0.307,1.347,0.580,0.021,1.949
1777556966799149272,1777556966796942687,0.261,300,1.054,0.484,1.538,0.202,0.198,1.939
1777556966829069339,1777556966826943814,0.238,300,1.035,0.344,1.379,0.284,0.217,1.880
1777556966849066431,1777556966846942155,0.278,300,0.982,0.313,1.294,0.213,0.332,1.839
1777556966879028228,1777556966876930737,0.209,379,1.042,0.289,1.331,0.344,0.206,1.881
1777556966898943748,1777556966896928598,0.275,300,0.968,0.352,1.319,0.238,0.177,1.734
1777556966929034608,1777556966926938493,0.567,300,0.704,0.339,1.043,0.239,0.241,1.522
1777556966949245024,1777556966946945026,0.625,300,0.675,0.288,0.962,0.366,0.340,1.668
1777556966979175747,1777556966976943273,0.209,300,1.004,0.358,1.362,0.257,0.397,2.016
1777556966998901080,1777556966996941613,0.207,379,1.122,0.207,1.329,0.304,0.113,1.746
1777556967028993758,1777556967026938447,0.560,379,0.720,0.295,1.016,0.309,0.164,1.488
1777556967049222347,1777556967046941263,0.593,300,0.841,0.332,1.173,0.367,0.142,1.682
1777556967074557485,1777556967072400311,0.675,300,0.705,0.454,1.159,0.148,0.168,1.475
1777556967098080300,1777556967095923383,0.392,300,0.913,0.414,1.327,0.220,0.211,1.758
1777556967129661154,1777556967126943246,0.198,422,1.120,1.357,2.477,0.023,0.015,2.515
1777556967148986045,1777556967146938957,0.190,300,1.105,0.290,1.395,0.244,0.211,1.851
1777556967179402323,1777556967176948013,0.244,300,1.132,0.514,1.646,0.410,0.147,2.203
1777556967198868086,1777556967196943757,0.201,379,1.054,0.272,1.326,0.236,0.154,1.716
1777556967228997436,1777556967226952525,0.204,504,1.102,0.300,1.402,0.280,0.152,1.834
1777556967249006813,1777556967246939884,0.190,504,1.226,0.171,1.397,0.252,0.221,1.870
1777556967279158917,1777556967276951629,0.210,766,1.138,0.288,1.426,0.284,0.280,1.990
1777556967299241833,1777556967296951372,0.197,620,1.344,0.341,1.685,0.174,0.227,2.087
1777556967329201350,1777556967326954668,0.213,504,1.156,0.404,1.560,0.312,0.156,2.027
1777556967349301068,1777556967346952684,0.596,300,0.762,0.301,1.062,0.521,0.162,1.745
1777556967379717474,1777556967376954668,0.222,379,1.046,0.388,1.434,0.969,0.132,2.534
1777556967398921270,1777556967396942923,0.206,379,1.058,0.296,1.354,0.228,0.183,1.765
1777556967419254248,1777556967416949739,0.307,464,0.974,0.296,1.271,0.319,0.401,1.990
1777556967448936599,1777556967446962891,0.254,464,1.064,0.273,1.337,0.303,0.072,1.712
1777556967469018971,1777556967466948874,0.591,300,1.172,0.019,1.191,0.158,0.123,1.473
1777556967499097759,1777556967496959402,0.255,300,1.065,0.361,1.427,0.404,0.046,1.877
1777556967529189283,1777556967526957322,0.208,422,1.150,0.289,1.439,0.373,0.205,2.017
1777556967549070429,1777556967546955050,0.194,422,1.095,0.470,1.564,0.203,0.148,1.915
1777556967579313226,1777556967576967786,0.195,379,1.108,0.301,1.409,0.488,0.222,2.119
1777556967598970263,1777556967596954761,0.214,464,1.089,0.229,1.318,0.276,0.201,1.795
1777556967629031802,1777556967626968650,0.200,300,1.067,0.234,1.301,0.294,0.261,1.856
1777556967649044666,1777556967646962089,0.194,300,1.090,0.220,1.309,0.424,0.148,1.882
1777556967682522135,1777556967676957640,0.256,300,1.605,0.279,1.884,1.017,2.400,5.301
1777556967699422190,1777556967696958152,0.302,379,1.021,0.494,1.515,0.444,0.196,2.155
1777556967729094940,1777556967726956424,0.203,504,1.037,0.370,1.407,0.298,0.225,1.929
1777556967749219139,1777556967746996554,0.206,379,1.099,0.424,1.523,0.332,0.155,2.010
1777556967781238448,1777556967773742488,0.350,379,1.346,0.226,1.572,1.261,4.305,7.137
1777556967799635513,1777556967796973672,0.274,300,0.994,0.319,1.312,0.945,0.124,2.381
1777556967829413420,1777556967826966855,0.633,300,0.662,0.302,0.964,0.708,0.134,1.806
1777556967849009750,1777556967846973863,0.591,300,0.731,0.277,1.008,0.211,0.219,1.438
1777556967879590549,1777556967876964103,0.610,300,0.856,0.235,1.091,0.712,0.186,1.989
1777556967898960915,1777556967896972423,0.230,300,1.121,0.245,1.366,0.258,0.129,1.752
1777556967929274180,1777556967926975847,0.228,300,1.041,0.355,1.396,0.465,0.201,2.063
1777556967949045591,1777556967946971334,0.288,334,1.192,0.253,1.445,0.161,0.173,1.779
1777556967979360360,1777556967976963461,0.253,464,1.021,0.322,1.343,0.388,0.407,2.137
1777556967998887918,1777556967996971206,0.204,464,1.219,0.187,1.406,0.191,0.109,1.706
1777556968030793647,1777556968026962975,0.664,504,1.060,0.387,1.447,1.535,0.178,3.159
1777556968048988200,1777556968046984028,0.200,504,1.118,0.272,1.391,0.163,0.244,1.798
1777556968078899004,1777556968077002037,0.207,300,1.030,0.327,1.357,0.098,0.228,1.683
1777556968099178470,1777556968096976623,0.566,300,0.713,0.563,1.276,0.212,0.141,1.629
1777556968129876772,1777556968126968839,0.558,300,0.733,0.283,1.017,1.162,0.164,2.343
1777556968149298176,1777556968146978402,0.191,300,1.049,0.538,1.587,0.295,0.240,2.122
1777556968179130351,1777556968176974043,0.230,300,1.055,0.193,1.248,0.530,0.141,1.919
1777556968198989763,1777556968196970197,0.253,300,0.973,0.327,1.300,0.201,0.259,1.760
1777556968229001436,1777556968226973326,0.196,300,1.103,0.369,1.471,0.174,0.180,1.826
1777556968249073339,1777556968246980425,0.203,300,1.040,0.404,1.445,0.251,0.187,1.883
1777556968279032177,1777556968276978402,0.630,300,0.739,0.335,1.074,0.145,0.199,1.417
1777556968298859107,1777556968296970748,0.206,300,0.987,0.315,1.302,0.185,0.189,1.676
1777556968329087464,1777556968326981878,0.204,300,1.048,0.316,1.365,0.263,0.268,1.895
1777556968349231274,1777556968346976560,0.295,300,0.968,0.275,1.243,0.690,0.022,1.955
1777556968379240899,1777556968376974761,0.228,300,1.428,0.044,1.472,0.285,0.274,2.031
1777556968399231582,1777556968397012582,0.470,300,0.760,0.416,1.176,0.376,0.191,1.743
1777556968430215308,1777556968426976220,0.219,300,1.002,0.534,1.536,1.300,0.177,3.013
1777556968449339415,1777556968446966903,0.233,300,1.074,0.377,1.451,0.389,0.293,2.133
1777556968479602910,1777556968476973168,0.266,422,1.030,0.665,1.695,0.439,0.222,2.357
1777556968499036698,1777556968497003116,0.487,379,0.792,0.246,1.038,0.327,0.175,1.540
1777556968529380325,1777556968526980675,0.227,422,1.198,0.479,1.677,0.349,0.140,2.166
1777556968549228728,1777556968547008032,0.214,300,1.077,0.347,1.424,0.311,0.265,2.000
1777556968579142796,1777556968576986039,0.218,300,1.010,0.324,1.334,0.354,0.243,1.932
1777556968599052194,1777556968596982098,0.222,300,1.021,0.427,1.448,0.092,0.302,1.842
1777556968629015385,1777556968626984459,0.252,300,0.982,0.364,1.347,0.243,0.182,1.772
1777556968649051062,1777556968646990246,0.207,300,1.029,0.300,1.329,0.341,0.176,1.846
1777556968681075388,1777556968677021856,0.218,300,3.591,0.174,3.765,0.046,0.019,3.830
1777556968699017735,1777556968696985177,0.206,300,1.074,0.218,1.293,0.348,0.180,1.820
1777556968729101028,1777556968726993810,0.234,300,1.033,0.302,1.335,0.290,0.241,1.866
1777556968749098143,1777556968747022863,0.207,300,0.991,0.348,1.339,0.309,0.214,1.862
1777556968779083703,1777556968776980101,0.213,379,1.060,0.295,1.354,0.290,0.239,1.884
1777556968800036294,1777556968796984224,0.564,379,0.751,0.261,1.012,1.334,0.136,2.481
1777556968832362428,1777556968826985529,0.215,464,1.117,0.313,1.430,3.487,0.237,5.154
1777556968849013378,1777556968846986196,0.247,334,1.097,0.252,1.349,0.238,0.186,1.773
1777556968879361421,1777556968876993805,0.210,334,1.061,0.335,1.396,0.348,0.407,2.151
1777556968899015221,1777556968896989992,0.233,422,1.097,0.248,1.345,0.293,0.147,1.785
1777556968929204248,1777556968926992192,0.226,422,1.076,0.358,1.435,0.372,0.173,1.980
1777556968949011305,1777556968946993915,0.228,422,1.046,0.388,1.434,0.110,0.239,1.783
1777556968979797420,1777556968977032438,0.220,300,1.004,0.344,1.348,1.021,0.170,2.539
1777556968996805701,1777556968994928095,0.238,300,1.156,0.162,1.318,0.225,0.090,1.633
1777556969029131989,1777556969027012291,0.201,300,1.068,0.275,1.343,0.355,0.214,1.912
1777556969049569923,1777556969047014041,0.214,300,1.070,0.293,1.362,0.816,0.156,2.335
1777556969079509297,1777556969077007210,0.206,300,1.258,0.226,1.483,0.785,0.023,2.291
1777556969099347935,1777556969096994432,0.201,300,1.171,0.233,1.404,0.506,0.235,2.145
1777556969129258667,1777556969126999506,0.202,422,1.088,0.381,1.469,0.416,0.165,2.051
1777556969149686329,1777556969146996488,0.227,422,1.340,0.253,1.592,0.651,0.212,2.456
1777556969179085130,1777556969177000665,0.204,464,1.082,0.290,1.372,0.372,0.129,1.873
1777556969199178757,1777556969196998160,0.207,464,1.029,0.301,1.330,0.480,0.157,1.967
1777556969228995245,1777556969227002369,0.219,300,1.014,0.250,1.264,0.455,0.050,1.769
1777556969252630119,1777556969247005112,0.200,300,1.004,0.424,1.428,3.736,0.254,5.418
1777556969279323174,1777556969277017706,0.219,334,1.020,0.270,1.289,0.499,0.291,2.080
1777556969299002987,1777556969297003615,0.211,300,1.000,0.266,1.265,0.271,0.246,1.782
1777556969329189414,1777556969327004753,0.207,582,1.048,0.419,1.466,0.380,0.126,1.972
1777556969346965893,1777556969344795088,0.291,582,1.339,0.117,1.456,0.284,0.133,1.873
1777556969379346839,1777556969377000312,0.607,582,0.791,0.428,1.219,0.281,0.233,1.733
1777556969397897631,1777556969395644261,0.292,334,1.077,0.329,1.406,0.338,0.211,1.955
1777556969429309020,1777556969427007776,0.217,334,1.282,0.375,1.657,0.285,0.135,2.077
1777556969449161002,1777556969447014519,0.214,300,1.036,0.772,1.809,0.024,0.094,1.927
1777556969479468908,1777556969477032169,0.218,464,1.321,0.354,1.674,0.357,0.180,2.212
1777556969499080878,1777556969497018527,0.204,300,1.069,0.274,1.343,0.313,0.196,1.852
1777556969529379567,1777556969527012304,0.202,300,1.033,0.395,1.428,0.602,0.129,2.159
1777556969549559375,1777556969547010854,0.255,300,1.169,0.305,1.474,0.569,0.244,2.286
1777556969579107304,1777556969577013495,0.264,300,0.979,0.319,1.298,0.358,0.167,1.823
1777556969599190275,1777556969597003597,0.197,300,1.057,0.275,1.332,0.457,0.194,1.983
1777556969629191381,1777556969627012511,0.744,300,0.566,0.310,0.876,0.424,0.128,1.427
1777556969649358644,1777556969647050327,0.204,300,1.170,0.330,1.500,0.375,0.222,2.097
1777556969680744432,1777556969677037736,0.576,300,0.853,0.581,1.434,0.193,1.496,3.123
1777556969699212500,1777556969697014237,0.205,300,1.041,0.327,1.368,0.349,0.270,1.987
1777556969729145601,1777556969727013006,0.562,300,0.679,0.290,0.969,0.390,0.205,1.563
1777556969749177977,1777556969747059271,0.251,300,0.995,0.347,1.342,0.236,0.283,1.860
1777556969779274512,1777556969777010038,0.212,504,1.078,0.467,1.544,0.255,0.246,2.045
1777556969799007768,1777556969797015405,0.212,334,1.031,0.351,1.383,0.145,0.246,1.774
1777556969828987272,1777556969827042303,0.578,334,0.682,0.296,0.978,0.234,0.147,1.360
1777556969848978142,1777556969847021269,0.302,334,0.981,0.260,1.241,0.228,0.180,1.648
1777556969882887714,1777556969877013573,0.566,379,0.705,0.335,1.040,4.060,0.201,5.302
1777556969899367931,1777556969897018492,0.560,379,1.195,0.017,1.213,0.182,0.387,1.782
1777556969928846704,1777556969927023502,0.279,334,0.959,0.277,1.237,0.245,0.056,1.538
1777556969948971981,1777556969947027332,0.199,334,1.073,0.376,1.449,0.217,0.074,1.740
1777556969979032802,1777556969977016149,0.205,504,1.106,0.242,1.349,0.255,0.201,1.805
1777556969999049881,1777556969997019211,0.207,300,1.116,0.274,1.390,0.172,0.254,1.816
1777556970029179531,1777556970027022200,0.652,300,0.625,0.332,0.957,0.521,0.022,1.500
1777556970049156028,1777556970047025065,0.184,504,1.208,0.189,1.397,0.228,0.315,1.940
1777556970075156175,1777556970072421917,0.271,504,1.525,0.082,1.607,0.652,0.198,2.456
1777556970098088286,1777556970096038128,0.276,731,1.055,0.335,1.391,0.166,0.209,1.766
1777556970129133761,1777556970127022864,0.554,379,0.717,0.347,1.064,0.196,0.290,1.550
1777556970149149587,1777556970147054819,0.242,464,1.036,0.393,1.429,0.151,0.267,1.846
1777556970179188864,1777556970177059917,0.188,464,1.109,0.320,1.429,0.267,0.238,1.934
1777556970199120270,1777556970197022461,0.207,464,1.123,0.402,1.525,0.228,0.131,1.884
1777556970229005906,1777556970227027688,0.555,334,0.684,0.324,1.008,0.367,0.042,1.418
1777556970248974466,1777556970247064827,0.236,334,1.261,0.064,1.326,0.265,0.077,1.667
1777556970278896008,1777556970277027588,0.243,300,1.028,0.264,1.292,0.181,0.145,1.618
1777556970302458073,1777556970297023445,0.200,334,1.080,0.303,1.383,3.666,0.178,5.227
1777556970329188788,1777556970327030080,0.279,334,0.966,0.328,1.294,0.349,0.230,1.873
1777556970349084511,1777556970347036658,0.579,300,0.708,0.292,1.000,0.152,0.310,1.462
1777556970379020550,1777556970377030940,0.281,300,0.937,0.360,1.297,0.230,0.176,1.703
1777556970399037241,1777556970397062767,0.563,334,0.786,0.182,0.968,0.237,0.200,1.405
1777556970429079237,1777556970427034392,0.592,504,0.700,0.439,1.138,0.160,0.148,1.446
1777556970449207646,1777556970447057067,0.587,504,0.770,0.470,1.240,0.194,0.123,1.557
1777556970479460630,1777556970477035604,0.249,300,1.049,0.324,1.373,0.695,0.080,2.147
1777556970499478024,1777556970497036197,0.181,300,1.079,0.545,1.624,0.496,0.133,2.254
1777556970529247590,1777556970527036880,0.274,334,0.984,0.387,1.370,0.438,0.122,1.930
1777556970549293722,1777556970547040930,0.207,334,1.021,0.440,1.461,0.485,0.093,2.039
1777556970579683834,1777556970577040780,0.216,464,1.189,0.257,1.447,0.728,0.246,2.421
1777556970599753231,1777556970597039677,0.607,464,0.996,0.338,1.334,0.510,0.255,2.099
1777556970629562159,1777556970627049928,0.268,334,1.029,0.377,1.406,0.444,0.388,2.237
1777556970649233007,1777556970647083164,0.189,300,1.321,0.040,1.361,0.442,0.151,1.954
1777556970681468081,1777556970677043108,0.192,300,1.105,0.771,1.875,2.008,0.342,4.225
1777556970699014655,1777556970697037205,0.246,300,0.978,0.351,1.328,0.210,0.186,1.724
1777556970729101230,1777556970727088322,0.580,300,0.689,0.307,0.997,0.262,0.168,1.427
1777556970749174404,1777556970747050642,0.257,300,0.989,0.288,1.277,0.400,0.183,1.860
1777556970776582691,1777556970773813806,0.322,300,1.047,0.434,1.481,0.910,0.050,2.441
1777556970798924946,1777556970797043533,0.228,300,1.386,0.017,1.403,0.038,0.206,1.646
1777556970829364980,1777556970827052440,0.269,300,1.292,0.225,1.517,0.322,0.199,2.037
1777556970848911629,1777556970847047177,0.240,300,0.967,0.392,1.359,0.200,0.060,1.618
1777556970879047583,1777556970877044948,0.207,300,1.066,0.345,1.411,0.265,0.113,1.789
1777556970899022639,1777556970897039237,0.603,300,0.694,0.433,1.126,0.086,0.162,1.374
1777556970949180788,1777556970947056130,0.261,300,1.060,0.542,1.602,0.057,0.198,1.858
1777556970978892271,1777556970977052364,0.219,334,1.041,0.273,1.313,0.159,0.142,1.614
1777556970998964004,1777556970997050045,0.206,379,1.038,0.358,1.395,0.137,0.169,1.701
1777556971029461795,1777556971027055043,0.214,379,1.297,0.331,1.628,0.339,0.219,2.186
1777556971055200419,1777556971053239194,0.222,422,1.128,0.457,1.586,0.054,0.093,1.732
1777556971078987482,1777556971077055571,0.217,379,1.116,0.318,1.434,0.139,0.135,1.708
1777556971108921946,1777556971107060759,0.192,300,1.140,0.244,1.384,0.175,0.104,1.663
1777556971129042605,1777556971127053923,0.200,300,1.163,0.178,1.341,0.195,0.245,1.780
1777556971158964717,1777556971157057063,0.588,379,0.709,0.313,1.022,0.141,0.151,1.313
1777556971178973274,1777556971177059796,0.207,300,1.063,0.292,1.355,0.147,0.194,1.696
1777556971208906586,1777556971207055223,0.272,422,0.986,0.297,1.283,0.206,0.084,1.573
1777556971228985387,1777556971227058340,0.254,334,1.014,0.292,1.306,0.216,0.145,1.667
1777556971259033553,1777556971257066088,0.215,334,0.994,0.310,1.304,0.245,0.197,1.746
1777556971279301228,1777556971277086390,0.207,300,1.608,0.046,1.654,0.073,0.274,2.001
1777556971309157608,1777556971307068568,0.549,300,0.747,0.268,1.015,0.351,0.168,1.533
1777556971329158357,1777556971327063173,0.206,300,1.056,0.313,1.369,0.334,0.179,1.882
1777556971359300352,1777556971357046119,0.587,300,0.713,0.387,1.100,0.408,0.152,1.660
1777556971379125891,1777556971377068661,0.590,300,0.674,0.461,1.135,0.110,0.215,1.460
1777556971409119334,1777556971407039255,0.259,334,1.044,0.266,1.309,0.255,0.249,1.814
1777556971429268859,1777556971427052101,0.570,300,0.685,0.317,1.001,0.358,0.280,1.640
1777556971459658515,1777556971457043880,0.630,300,0.672,0.310,0.982,0.948,0.049,1.979
1777556971479158918,1777556971477060021,0.226,422,1.031,0.379,1.410,0.289,0.168,1.866
1777556971509292432,1777556971507096187,0.222,422,1.136,0.276,1.412,0.388,0.168,1.968
1777556971529187863,1777556971527058534,0.208,300,1.113,0.286,1.400,0.347,0.168,1.915
1777556971563150255,1777556971557064073,0.272,300,0.969,0.299,1.267,4.454,0.087,5.808
1777556971579211945,1777556971577069686,0.209,300,1.093,0.328,1.421,0.317,0.189,1.927
1777556971609310034,1777556971607066746,0.232,300,1.110,0.341,1.450,0.448,0.106,2.004
1777556971629397859,1777556971627084072,0.210,300,1.061,0.298,1.359,0.519,0.219,2.097
1777556971659175675,1777556971657066314,0.199,300,1.153,0.258,1.411,0.325,0.167,1.903
1777556971684794164,1777556971677062647,0.210,300,1.173,4.744,5.917,1.365,0.231,7.513
1777556971709194444,1777556971707068730,0.204,300,1.047,0.443,1.490,0.286,0.139,1.915
1777556971729154711,1777556971727080104,0.206,300,1.023,0.307,1.330,0.359,0.172,1.862
1777556971759857088,1777556971757113773,0.301,300,1.597,0.343,1.940,0.326,0.170,2.436
1777556971779485977,1777556971777072920,0.280,379,1.122,0.310,1.432,0.359,0.335,2.126
1777556971809349973,1777556971807063451,0.263,422,1.071,0.334,1.405,0.439,0.173,2.017
1777556971829159352,1777556971827056391,0.221,422,1.150,0.274,1.424,0.330,0.121,1.875
1777556971859380071,1777556971857116302,0.332,300,1.110,0.201,1.311,0.396,0.217,1.924
1777556971879541756,1777556971877065752,0.205,300,1.089,0.421,1.510,0.595,0.159,2.264
1777556971909302899,1777556971907084028,0.293,379,1.072,0.333,1.405,0.362,0.153,1.919
1777556971929515851,1777556971927084265,0.276,379,1.248,0.289,1.537,0.432,0.180,2.149
1777556971959231071,1777556971957089805,0.524,422,0.775,0.377,1.152,0.302,0.157,1.611
1777556971983115292,1777556971977069593,0.706,379,0.638,0.318,0.956,0.654,3.722,5.331
1777556972009283825,1777556972007073276,0.628,379,0.679,0.311,0.989,0.376,0.211,1.576
1777556972029195701,1777556972027072004,0.208,334,1.072,0.305,1.377,0.366,0.167,1.910
1777556972059641673,1777556972057255114,0.202,300,1.029,0.357,1.386,0.512,0.279,2.178
1777556972079424454,1777556972077105994,0.579,379,0.745,0.305,1.050,0.281,0.401,1.732
1777556972109200694,1777556972107076997,0.563,379,0.779,0.278,1.057,0.414,0.082,1.554
1777556972129172349,1777556972127063437,0.549,422,0.752,0.275,1.027,0.350,0.177,1.553
1777556972159251742,1777556972157083178,0.200,422,1.060,0.286,1.345,0.439,0.178,1.962
1777556972179208708,1777556972177073842,0.290,300,0.944,0.324,1.268,0.305,0.266,1.839
1777556972209436908,1777556972207185812,0.195,464,1.066,0.372,1.438,0.346,0.265,2.049
1777556972229145733,1777556972227076727,0.558,334,0.778,0.303,1.081,0.279,0.146,1.505
1777556972259423472,1777556972257130102,0.198,464,1.100,0.377,1.477,0.390,0.220,2.088
1777556972279213837,1777556972277081660,0.211,300,1.043,0.360,1.403,0.277,0.234,1.914
1777556972306849804,1777556972304504271,0.734,300,0.713,0.255,0.968,0.457,0.179,1.604
1777556972329118797,1777556972327078592,0.214,300,1.061,0.367,1.428,0.207,0.184,1.820
1777556972359483421,1777556972357222501,0.219,300,1.120,0.319,1.439,0.301,0.179,1.919
1777556972379212567,1777556972377080261,0.270,379,1.098,0.384,1.482,0.232,0.143,1.857
1777556972409063659,1777556972407080610,0.205,300,1.071,0.312,1.384,0.183,0.204,1.771
1777556972429156728,1777556972427097835,0.228,300,1.059,0.277,1.337,0.276,0.212,1.825
1777556972459246042,1777556972457129193,0.223,300,1.007,0.354,1.361,0.326,0.199,1.886
1777556972479105818,1777556972477090255,0.216,300,1.046,0.273,1.318,0.333,0.141,1.793
1777556972509198460,1777556972507096076,0.206,422,1.269,0.203,1.472,0.255,0.163,1.890
1777556972528971192,1777556972527082515,0.251,300,0.988,0.298,1.287,0.167,0.177,1.631
1777556972559112988,1777556972557105073,0.239,379,1.101,0.279,1.380,0.161,0.222,1.762
1777556972578964220,1777556972577097017,0.214,379,1.024,0.254,1.278,0.179,0.189,1.646
1777556972609156291,1777556972607083189,0.217,504,1.052,0.383,1.435,0.167,0.246,1.849
1777556972629105161,1777556972627108670,0.255,504,1.012,0.349,1.361,0.120,0.253,1.734
1777556972659013056,1777556972657091738,0.232,334,1.071,0.257,1.327,0.229,0.125,1.682
1777556972684979622,1777556972677093570,0.566,334,0.748,5.837,6.585,0.490,0.238,7.314
1777556972709193902,1777556972707100959,0.293,422,0.968,0.264,1.233,0.405,0.157,1.794
1777556972729220952,1777556972727139209,0.222,422,1.014,0.303,1.317,0.322,0.214,1.852
1777556972759027978,1777556972757103684,0.215,379,1.030,0.289,1.319,0.277,0.106,1.703
1777556972778972144,1777556972777093004,0.203,300,1.006,0.255,1.261,0.272,0.136,1.669
1777556972809328447,1777556972807129866,0.610,300,0.670,0.293,0.963,0.330,0.289,1.582
1777556972829301638,1777556972827081488,0.223,300,1.098,0.312,1.410,0.380,0.201,1.991
1777556972859191644,1777556972857162832,0.208,300,1.022,0.305,1.328,0.365,0.122,1.815
1777556972879163331,1777556972877152088,0.285,464,1.005,0.287,1.292,0.274,0.152,1.719
1777556972909347145,1777556972907104210,0.328,544,1.087,0.266,1.353,0.396,0.161,1.910
1777556972929619008,1777556972927107386,0.316,300,1.437,0.255,1.691,0.300,0.191,2.182
1777556972959171109,1777556972957115447,0.294,504,0.962,0.306,1.269,0.320,0.166,1.755
1777556972979232752,1777556972977097951,0.213,504,1.128,0.230,1.358,0.262,0.295,1.915
1777556973009266221,1777556973007101339,0.221,422,1.053,0.308,1.361,0.333,0.242,1.936
1777556973029252464,1777556973027102398,0.199,300,1.038,0.344,1.382,0.365,0.197,1.944
1777556973059284840,1777556973057137782,0.566,657,0.723,0.294,1.017,0.377,0.181,1.574
1777556973079466581,1777556973077139162,0.278,657,1.051,0.410,1.461,0.432,0.149,2.042
1777556973109285569,1777556973107110222,0.238,504,1.089,0.315,1.405,0.344,0.182,1.930
1777556973129899877,1777556973127100881,0.208,334,1.071,0.333,1.404,0.632,0.548,2.584
1777556973159364926,1777556973157102694,0.214,422,1.087,0.300,1.387,0.390,0.264,2.042
1777556973179162007,1777556973177110123,0.251,300,1.095,0.212,1.306,0.304,0.184,1.794
1777556973209207919,1777556973207105120,0.338,300,0.860,0.376,1.236,0.348,0.174,1.758
1777556973229357371,1777556973227104964,0.582,379,0.737,0.314,1.051,0.397,0.216,1.664
1777556973259119012,1777556973257117306,0.213,334,1.068,0.262,1.330,0.308,0.143,1.781
1777556973279569439,1777556973277111709,0.572,334,0.673,0.462,1.135,0.558,0.186,1.879
1777556973309410572,1777556973307143764,0.209,422,1.087,0.397,1.484,0.433,0.134,2.051
1777556973330398180,1777556973327118615,0.208,422,1.119,0.321,1.440,1.524,0.102,3.066
1777556973359046098,1777556973357111980,0.583,422,0.730,0.268,0.998,0.205,0.141,1.344
1777556973379135611,1777556973377116880,0.225,300,1.038,0.311,1.349,0.301,0.138,1.788
1777556973409153329,1777556973407096004,0.215,582,1.097,0.378,1.475,0.199,0.161,1.836
1777556973439277005,1777556973437110427,0.259,582,1.594,0.016,1.610,0.214,0.077,1.901
1777556973459157643,1777556973457135040,0.295,582,0.961,0.314,1.275,0.281,0.165,1.720
1777556973489235812,1777556973487119028,0.232,300,1.007,0.317,1.324,0.344,0.209,1.877
1777556973509210471,1777556973507106231,0.235,300,1.032,0.371,1.403,0.263,0.196,1.863
1777556973539252191,1777556973537120622,0.603,422,0.695,0.323,1.017,0.351,0.154,1.523
1777556973559375561,1777556973557126962,0.256,379,1.024,0.354,1.378,0.318,0.289,1.985
1777556973589144658,1777556973587116391,0.248,300,1.000,0.327,1.327,0.321,0.126,1.774
1777556973609046641,1777556973607105418,0.220,300,1.004,0.338,1.342,0.262,0.110,1.714
1777556973639375896,1777556973637114912,0.216,300,0.988,0.428,1.416,0.311,0.312,2.039
1777556973659301111,1777556973657120452,0.207,300,1.057,0.369,1.426,0.330,0.210,1.966
1777556973689370032,1777556973687125434,0.257,582,1.082,0.309,1.391,0.440,0.150,1.981
1777556973709339571,1777556973707135294,0.329,422,1.164,0.301,1.465,0.260,0.143,1.869
1777556973739317383,1777556973737132275,0.315,379,1.027,0.426,1.453,0.253,0.157,1.863
1777556973759246951,1777556973757126103,0.302,379,1.001,0.390,1.391,0.272,0.148,1.812
1777556973789359394,1777556973787130508,0.612,464,0.775,0.314,1.090,0.446,0.074,1.610
1777556973809315780,1777556973807160434,0.289,464,0.992,0.368,1.360,0.323,0.177,1.860
1777556973839423999,1777556973837188265,0.241,802,1.132,0.316,1.448,0.376,0.162,1.987
1777556973859543785,1777556973857139146,0.261,657,1.187,0.305,1.493,0.285,0.266,2.044
1777556973889288561,1777556973887129471,0.203,657,1.198,0.233,1.430,0.338,0.181,1.949
1777556973909290261,1777556973907113634,0.254,422,1.177,0.298,1.475,0.348,0.093,1.916
1777556973939272938,1777556973937121240,0.210,379,1.047,0.227,1.274,0.466,0.194,1.934
1777556973959261101,1777556973957132924,0.463,300,0.881,0.278,1.159,0.452,0.048,1.660
1777556973989495311,1777556973987139410,0.619,544,0.706,0.275,0.981,0.509,0.241,1.731
1777556974009589686,1777556974007139221,0.279,464,1.115,0.314,1.429,0.520,0.214,2.164
1777556974039623559,1777556974037135715,0.594,582,0.771,0.290,1.060,0.522,0.304,1.886
1777556974055820573,1777556974053278839,0.584,582,1.051,0.201,1.252,0.515,0.183,1.951
1777556974089452075,1777556974087138321,0.192,300,1.074,0.321,1.395,0.564,0.155,2.115
1777556974109207166,1777556974107134032,0.262,464,1.072,0.327,1.398,0.261,0.144,1.804
1777556974139498780,1777556974137134751,0.205,766,1.112,0.252,1.364,0.476,0.311,2.151
1777556974159510459,1777556974157156863,0.226,422,1.166,0.257,1.423,0.424,0.273,2.121
1777556974189956674,1777556974187141293,0.205,544,1.128,0.305,1.433,1.010,0.161,2.604
1777556974209158871,1777556974207149581,0.625,544,0.692,0.286,0.979,0.261,0.140,1.379
1777556974239459765,1777556974237136763,0.417,379,0.851,0.347,1.198,0.404,0.298,1.900
1777556974259477365,1777556974257180156,0.475,334,0.791,0.517,1.308,0.302,0.205,1.815
1777556974293153606,1777556974287140329,0.227,334,1.046,0.349,1.395,4.278,0.109,5.781
1777556974309198261,1777556974307142600,0.579,379,0.789,0.259,1.048,0.275,0.147,1.470
1777556974339225957,1777556974337141943,0.215,379,1.038,0.298,1.335,0.358,0.170,1.863
1777556974359133823,1777556974357153495,0.280,300,0.984,0.279,1.263,0.236,0.195,1.694
1777556974389201201,1777556974387155429,0.620,504,0.660,0.264,0.924,0.282,0.214,1.420
1777556974409367353,1777556974407139844,0.208,504,1.201,0.199,1.401,0.410,0.202,2.013
1777556974439396777,1777556974437146515,0.250,582,1.073,0.314,1.386,0.382,0.226,1.994
1777556974459409929,1777556974457168435,0.231,300,1.101,0.318,1.419,0.336,0.248,2.004
1777556974489265936,1777556974487136000,0.202,300,1.098,0.267,1.366,0.348,0.207,1.920
1777556974509231758,1777556974507144064,0.217,300,1.063,0.292,1.355,0.326,0.184,1.864
1777556974539584047,1777556974537149423,0.259,300,1.127,0.211,1.339,0.453,0.377,2.168
1777556974559513482,1777556974557168367,0.685,620,0.880,0.219,1.099,0.309,0.245,1.653
1777556974590042005,1777556974587146588,0.714,620,0.915,0.221,1.136,0.976,0.063,2.175
1777556974610373894,1777556974607163676,0.267,422,1.262,0.375,1.637,1.168,0.132,2.937
1777556974639902748,1777556974637163403,0.293,620,1.069,0.244,1.313,1.008,0.119,2.439
1777556974659515398,1777556974657145545,0.247,620,1.217,0.318,1.535,0.398,0.184,2.116
1777556974689517813,1777556974687191258,0.589,802,0.802,0.337,1.138,0.505,0.087,1.730
1777556974713214647,1777556974707144983,0.213,582,1.254,0.255,1.509,4.187,0.154,5.850
1777556974739502050,1777556974737146246,0.213,582,1.208,0.177,1.385,0.448,0.303,2.136
1777556974759330616,1777556974757150661,0.243,544,1.125,0.225,1.350,0.407,0.173,1.930
1777556974789263139,1777556974787164981,0.211,422,1.057,0.314,1.371,0.303,0.207,1.880
1777556974809397098,1777556974807149619,0.218,422,1.104,0.273,1.377,0.376,0.269,2.022
1777556974839647941,1777556974837143649,0.587,464,0.732,0.283,1.016,0.869,0.027,1.912
1777556974859367606,1777556974857166082,0.265,422,1.142,0.189,1.331,0.361,0.237,1.929
1777556974889283104,1777556974887138191,0.228,379,1.090,0.297,1.387,0.387,0.136,1.910
1777556974909177722,1777556974907149487,0.211,300,1.038,0.326,1.363,0.269,0.178,1.810
1777556974939352850,1777556974937158366,0.238,422,1.044,0.253,1.298,0.399,0.253,1.950
1777556974959385170,1777556974957269731,0.221,422,1.060,0.262,1.323,0.423,0.142,1.888
1777556974985932683,1777556974983119735,0.241,464,1.253,0.179,1.432,0.985,0.148,2.565
1777556975009326716,1777556975007152394,0.323,422,0.906,0.437,1.343,0.264,0.237,1.845
1777556975039297219,1777556975037163730,0.232,422,1.045,0.268,1.313,0.426,0.156,1.895
1777556975059207288,1777556975057165677,0.285,300,1.000,0.282,1.283,0.249,0.217,1.750
1777556975109334786,1777556975107199602,0.613,379,0.740,0.265,1.004,0.280,0.231,1.515
1777556975139302920,1777556975137161143,0.626,766,0.786,0.234,1.020,0.314,0.175,1.509
1777556975159156475,1777556975157162866,0.242,334,1.143,0.236,1.379,0.153,0.214,1.745
1777556975189423569,1777556975187245918,0.610,379,0.727,0.278,1.005,0.386,0.171,1.561
1777556975209272036,1777556975207164245,0.239,300,1.108,0.237,1.346,0.362,0.155,1.862
1777556975239270731,1777556975237169629,0.241,300,1.093,0.344,1.437,0.248,0.170,1.854
1777556975259194722,1777556975257160887,0.207,544,1.105,0.300,1.405,0.290,0.121,1.816
1777556975289337137,1777556975287156415,0.565,464,0.721,0.295,1.017,0.425,0.167,1.609
1777556975306787302,1777556975304538544,0.714,731,0.761,0.223,0.984,0.409,0.136,1.529
1777556975342595359,1777556975337163810,0.213,620,1.134,0.264,1.398,3.688,0.127,5.213
1777556975359145413,1777556975357164860,0.288,620,0.962,0.315,1.277,0.238,0.171,1.686
1777556975389734571,1777556975387164964,0.244,422,1.168,0.365,1.533,0.554,0.203,2.291
1777556975409253389,1777556975407158271,0.569,300,0.739,0.263,1.002,0.270,0.247,1.519
1777556975439366971,1777556975437166279,0.274,872,1.088,0.367,1.455,0.414,0.051,1.921
1777556975459309426,1777556975457216388,0.207,657,1.238,0.295,1.532,0.222,0.124,1.879
1777556975489533318,1777556975487163465,0.590,657,0.779,0.328,1.107,0.426,0.240,1.773
1777556975509439772,1777556975507169444,0.214,582,1.186,0.265,1.451,0.348,0.196,1.995
1777556975539391937,1777556975537175757,0.259,464,1.074,0.284,1.358,0.396,0.197,1.950
1777556975559136398,1777556975557170503,0.210,300,1.078,0.278,1.356,0.248,0.145,1.750
1777556975589170456,1777556975587171823,0.212,464,1.048,0.249,1.298,0.344,0.138,1.780
1777556975609090030,1777556975607165449,0.222,334,1.145,0.170,1.315,0.218,0.162,1.696
1777556975639273248,1777556975637168753,0.206,334,1.059,0.260,1.319,0.351,0.221,1.892
1777556975659247353,1777556975657169740,0.226,334,1.025,0.356,1.380,0.302,0.163,1.846
1777556975689429707,1777556975687178228,0.608,334,0.681,0.344,1.025,0.322,0.291,1.637
1777556975709348737,1777556975707169583,0.216,379,1.230,0.328,1.559,0.263,0.135,1.957
1777556975759352324,1777556975757178354,0.246,504,0.974,0.355,1.329,0.402,0.190,1.921
1777556975789403790,1777556975787186202,0.207,657,1.194,0.315,1.509,0.328,0.167,2.003
1777556975819229997,1777556975817176001,0.258,657,1.059,0.327,1.385,0.223,0.180,1.789
1777556975839289899,1777556975837174428,0.210,464,1.233,0.216,1.449,0.256,0.193,1.897
1777556975869361111,1777556975867170564,0.233,464,1.150,0.273,1.423,0.346,0.182,1.950
1777556975889301614,1777556975887165118,0.208,379,1.147,0.233,1.380,0.291,0.250,1.921
1777556975919343672,1777556975917212584,0.614,544,0.730,0.269,0.998,0.352,0.159,1.509
1777556975939314257,1777556975937172769,0.220,334,1.114,0.319,1.433,0.369,0.113,1.915
1777556975972579525,1777556975967172809,0.208,464,1.067,0.322,1.389,0.426,3.375,5.190
1777556975989365495,1777556975987178692,0.244,544,1.046,0.338,1.384,0.310,0.242,1.936
1777556976019312249,1777556976017179593,0.255,422,1.142,0.258,1.399,0.271,0.201,1.871
1777556976039386387,1777556976037179039,0.207,300,1.185,0.278,1.463,0.393,0.138,1.993
1777556976069197002,1777556976067178528,0.214,300,1.047,0.296,1.343,0.415,0.041,1.800
1777556976089554419,1777556976087193239,0.279,504,1.081,0.332,1.413,0.507,0.156,2.076
1777556976119333544,1777556976117174327,0.571,657,0.778,0.286,1.064,0.325,0.192,1.581
1777556976139309789,1777556976137174062,0.211,504,1.120,0.317,1.437,0.334,0.147,1.918
1777556976169578028,1777556976167182927,0.205,504,1.267,0.375,1.641,0.197,0.321,2.160
1777556976189226064,1777556976187185093,0.226,582,1.246,0.202,1.448,0.191,0.170,1.809
1777556976219239218,1777556976217183271,0.203,582,1.093,0.303,1.396,0.289,0.161,1.846
1777556976239252521,1777556976237188509,0.196,464,1.083,0.312,1.396,0.293,0.173,1.861
1777556976269315085,1777556976267194623,0.205,802,1.140,0.244,1.384,0.350,0.175,1.910
1777556976319234433,1777556976317192694,0.232,582,1.096,0.284,1.380,0.272,0.150,1.802
1777556976339454178,1777556976337186156,0.214,582,1.069,0.303,1.373,0.398,0.277,2.048
1777556976369427554,1777556976367206574,0.216,464,1.123,0.333,1.455,0.281,0.261,1.997
1777556976419291154,1777556976417181988,0.298,379,0.996,0.311,1.307,0.311,0.185,1.804
1777556976439487859,1777556976437193659,0.215,379,1.116,0.437,1.553,0.345,0.174,2.073
1777556976469273449,1777556976467216669,0.213,334,1.079,0.329,1.408,0.269,0.160,1.837
1777556976489312993,1777556976487190002,0.206,300,1.033,0.373,1.406,0.344,0.159,1.909
1777556976519202556,1777556976517205300,0.195,464,1.073,0.241,1.314,0.316,0.164,1.795
1777556976539160016,1777556976537191849,0.208,464,1.076,0.247,1.323,0.228,0.202,1.753
1777556976569368188,1777556976567191722,0.584,464,0.752,0.290,1.042,0.384,0.159,1.585
1777556976589321808,1777556976587194465,0.279,300,1.101,0.411,1.512,0.189,0.140,1.842
1777556976616769644,1777556976613766159,0.245,300,1.774,0.019,1.793,0.920,0.040,2.753
1777556976639911142,1777556976637200856,0.262,300,1.110,0.371,1.481,0.742,0.219,2.442
1777556976670352158,1777556976667208378,0.600,334,0.896,0.258,1.153,1.249,0.134,2.537
1777556976689359969,1777556976687229937,0.260,379,1.090,0.288,1.378,0.372,0.114,1.864
1777556976719949601,1777556976717202321,0.238,379,1.078,0.313,1.390,0.965,0.147,2.502
1777556976739154157,1777556976737187590,0.296,300,0.959,0.293,1.252,0.241,0.170,1.663
1777556976770365326,1777556976767204713,0.284,300,1.051,0.350,1.402,1.321,0.146,2.869
1777556976789363952,1777556976787220832,0.617,300,0.708,0.250,0.958,0.444,0.117,1.519
1777556976819961456,1777556976817205536,0.255,300,1.058,0.253,1.311,0.753,0.430,2.493
1777556976839622645,1777556976837196118,0.268,300,1.050,0.277,1.327,0.529,0.295,2.151
1777556976869980904,1777556976867205719,0.613,300,0.732,0.248,0.979,0.997,0.179,2.155
1777556976889322876,1777556976887207502,0.599,300,0.720,0.331,1.051,0.296,0.163,1.510
1777556976919856249,1777556976917196302,0.219,300,1.291,0.188,1.479,0.912,0.044,2.436
1777556976939163051,1777556976937219334,0.258,334,1.048,0.247,1.295,0.231,0.153,1.679
1777556976969240016,1777556976967212198,0.214,300,1.009,0.346,1.356,0.254,0.198,1.808
1777556976989192516,1777556976987203740,0.215,300,1.039,0.361,1.400,0.194,0.172,1.766
1777556977022562034,1777556977017210203,0.288,300,0.937,0.309,1.246,3.628,0.182,5.056
1777556977039245622,1777556977037206252,0.572,300,0.711,0.230,0.941,0.388,0.132,1.461
1777556977069402009,1777556977067261770,0.255,300,1.089,0.298,1.387,0.316,0.175,1.878
1777556977089243203,1777556977087215097,0.244,300,1.087,0.290,1.377,0.274,0.127,1.777
1777556977119494058,1777556977117215828,0.302,300,1.042,0.296,1.338,0.370,0.261,1.970
1777556977139130921,1777556977137212741,0.290,300,0.985,0.283,1.268,0.202,0.151,1.622
1777556977169299084,1777556977167233281,0.244,300,1.068,0.272,1.340,0.322,0.154,1.816
1777556977189543083,1777556977187214257,0.250,300,0.979,0.691,1.669,0.265,0.139,2.073
1777556977219374172,1777556977217216716,0.470,422,0.820,0.300,1.119,0.368,0.193,1.681
1777556977239204069,1777556977237246143,0.231,422,1.057,0.280,1.337,0.274,0.109,1.720
1777556977269317190,1777556977267220152,0.190,422,1.243,0.233,1.477,0.194,0.230,1.900
1777556977289717164,1777556977287219914,0.209,379,1.084,0.247,1.331,0.670,0.281,2.282
1777556977319257519,1777556977317219493,0.215,464,1.113,0.277,1.390,0.237,0.188,1.816
1777556977340143023,1777556977337211766,0.227,464,1.113,0.266,1.379,1.188,0.130,2.697
1777556977369251067,1777556977367236530,0.576,422,0.755,0.282,1.037,0.242,0.153,1.432
1777556977389222667,1777556977387214370,0.244,379,1.112,0.215,1.327,0.271,0.160,1.758
1777556977419246599,1777556977417228382,0.707,379,0.754,0.153,0.906,0.239,0.159,1.305
1777556977445044678,1777556977437302963,0.232,379,1.060,5.575,6.636,0.676,0.192,7.503
1777556977470144450,1777556977467227370,0.704,300,0.766,0.354,1.120,0.865,0.221,2.206
1777556977489395020,1777556977487227099,0.593,300,0.854,0.247,1.101,0.310,0.158,1.569
1777556977519224542,1777556977517232406,0.281,334,1.000,0.268,1.268,0.308,0.129,1.705
1777556977539319509,1777556977537219239,0.240,334,1.090,0.250,1.340,0.404,0.110,1.854
1777556977569480376,1777556977567236227,0.603,422,0.814,0.238,1.052,0.357,0.225,1.634
1777556977589231612,1777556977587237556,0.598,379,0.848,0.191,1.039,0.294,0.056,1.389
1777556977619230455,1777556977617225678,0.209,379,1.152,0.263,1.414,0.246,0.128,1.788
1777556977639282187,1777556977637228512,0.232,379,1.011,0.280,1.291,0.346,0.178,1.815
1777556977669305447,1777556977667261852,0.641,300,0.772,0.165,0.937,0.439,0.022,1.398
1777556977689192339,1777556977687242989,0.610,300,0.673,0.294,0.967,0.211,0.154,1.333
1777556977719152075,1777556977717223943,0.242,300,1.087,0.356,1.443,0.097,0.140,1.680
1777556977739227521,1777556977737253658,0.270,300,1.039,0.243,1.283,0.256,0.159,1.697
1777556977769282814,1777556977767229171,0.272,300,1.245,0.221,1.466,0.183,0.126,1.774
1777556977789309009,1777556977787222501,0.210,300,1.217,0.185,1.402,0.291,0.177,1.869
1777556977819318444,1777556977817231872,0.278,300,1.127,0.263,1.390,0.258,0.153,1.801
1777556977839325086,1777556977837228849,0.330,300,1.026,0.261,1.287,0.306,0.166,1.759
1777556977869301368,1777556977867233772,0.250,300,1.039,0.367,1.406,0.237,0.168,1.811
1777556977889350764,1777556977887228189,0.604,300,0.907,0.226,1.133,0.254,0.126,1.512
1777556977919234272,1777556977917232440,0.231,422,1.073,0.269,1.342,0.257,0.165,1.764
1777556977939200304,1777556977937235882,0.230,379,1.094,0.292,1.386,0.191,0.150,1.727
1777556977969468217,1777556977967232868,0.609,379,0.747,0.343,1.090,0.317,0.213,1.620
1777556977989329699,1777556977987231830,0.189,334,1.146,0.264,1.411,0.300,0.191,1.902
1777556978019319866,1777556978017241358,0.201,334,1.072,0.268,1.339,0.363,0.168,1.870
1777556978049553050,1777556978047242114,0.194,379,1.164,0.352,1.516,0.446,0.148,2.110
1777556978073854886,1777556978067261040,0.228,300,1.138,0.346,1.484,4.516,0.361,6.360
1777556978099414228,1777556978097240259,0.323,300,1.011,0.364,1.375,0.193,0.276,1.844
1777556978119427394,1777556978117224176,0.412,422,1.025,0.294,1.319,0.298,0.166,1.783
1777556978149369331,1777556978147239940,0.216,300,1.161,0.294,1.455,0.204,0.246,1.906
1777556978169402946,1777556978167229105,0.584,300,0.773,0.180,0.953,0.431,0.197,1.581
1777556978199321394,1777556978197233573,0.202,464,1.048,0.310,1.358,0.355,0.166,1.878
1777556978219399523,1777556978217253972,0.561,464,0.765,0.246,1.011,0.411,0.156,1.578
1777556978239326860,1777556978237246337,0.562,379,0.792,0.215,1.007,0.361,0.143,1.511
1777556978269459975,1777556978267241844,0.852,334,0.450,0.327,0.778,0.372,0.209,1.359
1777556978289333646,1777556978287241634,0.579,334,0.702,0.260,0.962,0.255,0.288,1.506
1777556978319461801,1777556978317242486,0.686,300,0.657,0.366,1.023,0.296,0.207,1.526
1777556978339260651,1777556978337233858,0.250,300,1.015,0.285,1.299,0.309,0.162,1.771
1777556978369963076,1777556978367223702,0.734,300,1.105,0.372,1.477,0.433,0.088,1.999
1777556978389626240,1777556978387240772,0.271,504,1.203,0.336,1.539,0.320,0.250,2.109
1777556978419401384,1777556978417203286,0.612,379,0.746,0.382,1.128,0.297,0.154,1.579
1777556978439155144,1777556978437232101,0.252,300,1.021,0.260,1.281,0.195,0.189,1.665
1777556978469296004,1777556978467244409,0.202,300,1.154,0.282,1.436,0.232,0.175,1.843
1777556978493028178,1777556978487240390,0.198,300,1.042,0.328,1.371,0.359,3.851,5.581
1777556978519286084,1777556978517279996,0.212,422,1.049,0.279,1.328,0.297,0.163,1.788
1777556978539278801,1777556978537254088,0.204,300,1.072,0.287,1.360,0.241,0.214,1.814
1777556978569309383,1777556978567249692,0.206,300,1.151,0.209,1.360,0.282,0.204,1.846
1777556978589166893,1777556978587241769,0.551,300,0.774,0.183,0.957,0.285,0.127,1.368
1777556978619372171,1777556978617247613,0.250,300,1.143,0.244,1.388,0.278,0.201,1.867
1777556978639205680,1777556978637244106,0.550,300,0.647,0.337,0.984,0.252,0.168,1.404
1777556978669330442,1777556978667244958,0.242,464,1.195,0.197,1.392,0.292,0.153,1.837
1777556978689368217,1777556978687259212,0.232,464,1.101,0.263,1.364,0.248,0.254,1.866
1777556978719345900,1777556978717252032,0.464,300,0.870,0.266,1.136,0.303,0.184,1.623
1777556978749328831,1777556978747258580,0.248,379,1.136,0.198,1.335,0.322,0.161,1.817
1777556978769380559,1777556978767293411,0.516,379,0.746,0.296,1.042,0.352,0.169,1.564
1777556978800189197,1777556978797286455,0.571,379,0.701,0.371,1.072,1.177,0.077,2.326
1777556978819289804,1777556978817260002,0.336,300,1.033,0.306,1.339,0.203,0.145,1.688
1777556978849361795,1777556978847266359,0.279,504,1.125,0.349,1.474,0.182,0.153,1.809
1777556978869388850,1777556978867258948,0.270,504,1.042,0.338,1.380,0.282,0.191,1.853
1777556978899369285,1777556978897257879,0.330,464,0.929,0.378,1.307,0.333,0.134,1.774
1777556978919534363,1777556978917275814,0.624,464,0.758,0.273,1.031,0.411,0.185,1.628
1777556978949413704,1777556978947260601,0.245,802,1.104,0.338,1.442,0.378,0.082,1.902
1777556978969457400,1777556978967261350,0.306,620,1.153,0.308,1.461,0.269,0.153,1.883
1777556978999395465,1777556978997258074,0.596,620,0.727,0.393,1.120,0.263,0.151,1.535
1777556979019581308,1777556979017263653,0.185,300,1.142,0.261,1.403,0.375,0.348,2.126
1777556979049486469,1777556979047266738,0.620,464,0.720,0.309,1.029,0.428,0.137,1.594
1777556979069358279,1777556979067266651,0.244,422,1.092,0.265,1.357,0.327,0.158,1.842
1777556979098198777,1777556979096172656,0.725,422,0.693,0.182,0.875,0.255,0.165,1.295
1777556979120814120,1777556979117269073,0.341,300,0.988,0.308,1.296,0.224,1.677,3.197
1777556979149516787,1777556979147276511,0.264,300,1.102,0.248,1.349,0.429,0.191,1.969
1777556979169383445,1777556979167263111,0.556,300,0.726,0.273,0.999,0.358,0.200,1.558
1777556979199491784,1777556979197270325,0.574,300,0.666,0.527,1.194,0.228,0.218,1.640
1777556979219382219,1777556979217270494,0.569,464,0.711,0.395,1.106,0.268,0.162,1.535
1777556979249901107,1777556979247270027,0.303,379,1.100,0.298,1.398,0.569,0.355,2.321
1777556979269504648,1777556979267268084,0.207,300,1.136,0.242,1.378,0.382,0.262,2.022
1777556979299351725,1777556979297267073,0.562,300,0.695,0.352,1.047,0.218,0.251,1.516
1777556979319464444,1777556979317314925,0.317,300,1.064,0.198,1.262,0.353,0.211,1.826
1777556979349574031,1777556979347276216,0.225,379,1.133,0.412,1.545,0.312,0.209,2.066
1777556979370167830,1777556979367267713,0.222,379,1.112,0.355,1.466,0.987,0.218,2.671
1777556979399371803,1777556979397263342,0.213,422,1.036,0.308,1.345,0.402,0.143,1.890
1777556979419782681,1777556979417307417,0.208,300,1.289,0.246,1.535,0.552,0.174,2.260
1777556979450107447,1777556979447268804,0.257,300,1.026,0.400,1.426,0.967,0.182,2.575
1777556979469342136,1777556979467274317,0.203,300,1.068,0.310,1.378,0.320,0.161,1.858
1777556979499586354,1777556979497272635,0.216,300,1.038,0.368,1.406,0.476,0.209,2.091
1777556979519385681,1777556979517273156,0.211,300,1.103,0.218,1.321,0.400,0.173,1.895
1777556979549341756,1777556979547267857,0.198,300,1.129,0.233,1.362,0.366,0.142,1.869
1777556979569952324,1777556979567274586,0.232,300,1.286,0.309,1.595,0.664,0.181,2.440
1777556979599396565,1777556979597273223,0.566,379,0.700,0.323,1.023,0.335,0.193,1.550
1777556979619753712,1777556979617262352,0.563,379,0.797,0.336,1.134,0.628,0.159,1.921
1777556979649877380,1777556979647280830,0.220,544,1.136,0.421,1.556,0.652,0.161,2.370
1777556979669745094,1777556979667277735,0.222,379,1.201,0.177,1.378,0.643,0.218,2.239
1777556979699861209,1777556979697292181,0.237,334,1.423,0.151,1.574,0.513,0.232,2.320
1777556979719371657,1777556979717279997,0.202,334,1.037,0.354,1.391,0.323,0.169,1.883
1777556979752731428,1777556979747277194,0.251,300,0.996,0.518,1.514,1.359,2.322,5.195
1777556979769348094,1777556979767294964,0.434,300,0.830,0.308,1.138,0.435,0.041,1.614
1777556979799297513,1777556979797274624,0.561,300,0.731,0.249,0.980,0.274,0.201,1.456
1777556979819295218,1777556979817284778,0.340,300,1.291,0.043,1.334,0.036,0.293,1.663
1777556979849697236,1777556979847299416,0.413,300,0.957,0.363,1.321,0.537,0.120,1.978
1777556979869646522,1777556979867284608,0.532,300,0.781,0.352,1.133,0.476,0.213,1.822
1777556979900281352,1777556979897276813,0.251,379,1.023,0.303,1.326,1.333,0.087,2.746
1777556979919326752,1777556979917268725,0.201,379,1.084,0.281,1.365,0.284,0.200,1.850
1777556979949295083,1777556979947285668,0.606,379,0.798,0.267,1.065,0.155,0.175,1.396
1777556979969328918,1777556979967275180,0.250,379,1.101,0.261,1.362,0.416,0.021,1.799
1777556979999219262,1777556979997280410,0.560,300,0.706,0.254,0.960,0.207,0.206,1.373
1777556980019223908,1777556980017275776,0.197,300,1.076,0.296,1.371,0.181,0.193,1.745
1777556980049332272,1777556980047317417,0.256,300,1.034,0.319,1.353,0.212,0.186,1.752
1777556980069356118,1777556980067284651,0.215,300,1.235,0.237,1.472,0.130,0.248,1.850
1777556980101758104,1777556980097301363,0.221,300,1.283,0.329,1.612,2.438,0.179,4.229
1777556980119300126,1777556980117290711,0.599,300,0.819,0.247,1.066,0.148,0.189,1.404
1777556980149241538,1777556980147293630,0.644,300,0.698,0.271,0.968,0.143,0.186,1.297
1777556980172863873,1777556980167290691,0.511,300,0.927,0.171,1.097,3.781,0.176,5.055
1777556980199391509,1777556980197320235,0.207,300,1.059,0.429,1.487,0.134,0.237,1.858
1777556980219354040,1777556980217288910,0.430,464,0.802,0.461,1.263,0.161,0.204,1.629
1777556980249349759,1777556980247302101,0.264,379,1.108,0.270,1.378,0.232,0.167,1.777
1777556980269429159,1777556980267290681,0.243,300,1.083,0.241,1.323,0.337,0.228,1.889
1777556980299285319,1777556980297291872,0.203,300,1.033,0.340,1.373,0.239,0.172,1.784
1777556980319445620,1777556980317294917,0.318,300,1.055,0.360,1.415,0.183,0.228,1.826
1777556980349331604,1777556980347300044,0.244,300,1.069,0.323,1.392,0.207,0.182,1.782
1777556980369294615,1777556980367308721,0.582,300,0.694,0.271,0.965,0.232,0.200,1.397
1777556980399227675,1777556980397292791,0.579,300,0.705,0.302,1.007,0.137,0.206,1.350
1777556980419420457,1777556980417294716,0.414,300,1.003,0.223,1.226,0.299,0.179,1.704
1777556980451947250,1777556980447278114,0.520,300,2.310,0.431,2.741,1.258,0.143,4.142
1777556980469283149,1777556980467297863,0.198,300,1.067,0.319,1.386,0.250,0.144,1.780
1777556980499539425,1777556980497308623,0.644,300,0.636,0.272,0.908,0.506,0.166,1.580
1777556980519423584,1777556980517294994,0.895,300,0.401,0.329,0.730,0.332,0.164,1.226
1777556980549440840,1777556980547303162,0.209,422,1.079,0.356,1.435,0.314,0.174,1.922
1777556980569494479,1777556980567305150,0.301,379,1.072,0.332,1.404,0.232,0.244,1.881
1777556980599475925,1777556980597303205,0.227,620,1.083,0.363,1.446,0.310,0.182,1.938
1777556980629583233,1777556980627298156,0.265,504,1.313,0.356,1.669,0.168,0.176,2.013
1777556980645781186,1777556980643447082,0.482,504,1.076,0.215,1.292,0.406,0.149,1.846
1777556980685179500,1777556980677299031,0.711,334,0.640,0.379,1.019,5.814,0.329,7.161
1777556980701243463,1777556980697368255,0.220,300,1.287,0.192,1.479,1.930,0.238,3.648
1777556980729416367,1777556980727303363,0.594,334,0.827,0.236,1.063,0.293,0.157,1.512
1777556980749865195,1777556980747307240,0.430,300,0.840,0.316,1.156,0.770,0.196,2.122
1777556980779446108,1777556980777336080,0.438,300,0.883,0.259,1.142,0.351,0.172,1.665
1777556980799454305,1777556980797297170,0.371,300,0.892,0.360,1.252,0.329,0.198,1.779
1777556980829404678,1777556980827312794,0.471,300,0.787,0.331,1.118,0.314,0.183,1.614
1777556980849404202,1777556980847307486,0.324,300,0.929,0.343,1.273,0.330,0.164,1.767
1777556980879620348,1777556980877309765,0.314,422,1.069,0.251,1.320,0.476,0.193,1.990
1777556980899527548,1777556980897305898,0.206,422,1.155,0.229,1.383,0.493,0.132,2.009
1777556980930079871,1777556980927309745,0.198,379,1.379,0.294,1.673,0.581,0.311,2.565
1777556980949628076,1777556980947308949,0.307,300,1.021,0.361,1.382,0.431,0.192,2.004
1777556980979676758,1777556980977303228,0.625,300,0.860,0.260,1.121,0.501,0.120,1.742
1777556980998138603,1777556980995139857,0.324,300,0.961,0.531,1.492,0.996,0.179,2.668
1777556981029770817,1777556981027341956,0.201,300,1.212,0.325,1.537,0.498,0.185,2.220
1777556981049533013,1777556981047317667,0.255,544,1.128,0.270,1.399,0.402,0.153,1.954
1777556981080008717,1777556981077307491,0.251,464,1.090,0.274,1.364,0.311,0.769,2.443
1777556981099539030,1777556981097303523,0.302,620,1.048,0.324,1.372,0.403,0.153,1.928
1777556981129345836,1777556981127314820,0.242,620,1.072,0.323,1.395,0.210,0.177,1.783
1777556981149600697,1777556981147313732,0.209,379,1.345,0.361,1.706,0.281,0.085,2.072
1777556981179427537,1777556981177315237,0.653,300,0.887,0.248,1.134,0.228,0.089,1.452
1777556981199256840,1777556981197310661,0.196,334,1.021,0.456,1.476,0.135,0.133,1.744
1777556981229280202,1777556981227317765,0.303,300,1.024,0.296,1.320,0.145,0.187,1.653
1777556981249413713,1777556981247327622,0.241,300,1.100,0.242,1.342,0.321,0.175,1.837
1777556981279322381,1777556981277313478,0.236,300,1.032,0.300,1.333,0.272,0.163,1.767
1777556981299843400,1777556981297317638,0.219,300,1.521,0.275,1.796,0.264,0.240,2.299
1777556981331741545,1777556981327311686,0.435,300,0.795,2.284,3.079,0.582,0.327,3.988
1777556981370502922,1777556981368193620,0.535,300,0.838,0.283,1.121,0.381,0.266,1.767
1777556981398160691,1777556981395720374,0.268,379,1.275,0.281,1.556,0.407,0.202,2.166
1777556981429534137,1777556981427311240,0.652,379,0.696,0.327,1.023,0.384,0.157,1.564
1777556981449750341,1777556981447323688,0.229,300,1.203,0.428,1.630,0.311,0.249,2.190
1777556981479484952,1777556981477317705,0.207,504,1.044,0.408,1.453,0.268,0.233,1.954
1777556981499399251,1777556981497317449,0.481,379,0.878,0.338,1.215,0.173,0.206,1.595
1777556981529345457,1777556981527328426,0.581,379,0.721,0.276,0.997,0.278,0.154,1.429
1777556981549415541,1777556981547337418,0.342,300,1.030,0.314,1.344,0.208,0.177,1.729
1777556981579422518,1777556981577324362,0.419,300,0.983,0.383,1.366,0.172,0.135,1.672
1777556981599305648,1777556981597312746,0.317,379,0.967,0.440,1.406,0.077,0.185,1.668
1777556981629316657,1777556981627325547,0.251,464,1.084,0.251,1.335,0.209,0.190,1.733
1777556981649202603,1777556981647326411,0.202,464,1.052,0.311,1.363,0.156,0.148,1.667
1777556981681757806,1777556981677328236,0.280,464,0.988,1.115,2.103,1.831,0.208,4.142
1777556981699547581,1777556981697337356,0.517,379,0.897,0.404,1.302,0.205,0.179,1.686
1777556981729399830,1777556981727332844,0.226,379,1.101,0.325,1.426,0.280,0.129,1.835
1777556981751241653,1777556981747325100,3.747,379,0.040,0.104,0.144,0.010,0.011,0.165
1777556981779238095,1777556981777330861,0.238,334,1.099,0.242,1.341,0.176,0.145,1.662
1777556981799372214,1777556981797325517,0.263,802,1.116,0.345,1.460,0.131,0.186,1.776
1777556981819221550,1777556981817331021,0.224,504,1.090,0.263,1.353,0.157,0.150,1.660
1777556981849375190,1777556981847361807,0.230,504,1.121,0.295,1.416,0.191,0.168,1.776
1777556981869348213,1777556981867334062,0.263,504,1.112,0.321,1.433,0.164,0.147,1.744
1777556981899405625,1777556981897327054,0.204,464,1.223,0.246,1.469,0.183,0.215,1.868
1777556981919219695,1777556981917332111,0.484,334,0.799,0.299,1.098,0.257,0.042,1.398
1777556981949302196,1777556981947333359,0.472,334,0.826,0.425,1.251,0.087,0.151,1.490
1777556981979415098,1777556981977452438,0.212,334,1.025,0.316,1.341,0.233,0.170,1.744
1777556981999286676,1777556981997335312,0.242,544,1.044,0.381,1.425,0.125,0.154,1.703
1777556982029211307,1777556982027329355,0.216,379,1.025,0.296,1.321,0.170,0.168,1.659
1777556982049333549,1777556982047377065,0.439,300,0.865,0.240,1.104,0.198,0.209,1.511
1777556982076055104,1777556982073178285,0.602,300,0.705,0.302,1.007,1.097,0.165,2.268
1777556982098384339,1777556982096269671,0.705,300,0.751,0.279,1.030,0.244,0.130,1.403
1777556982130362034,1777556982127375993,0.564,464,1.438,0.294,1.733,0.433,0.250,2.416
1777556982149313848,1777556982147339827,0.197,379,1.125,0.322,1.447,0.181,0.143,1.770
1777556982179346260,1777556982177344974,0.293,379,1.048,0.322,1.370,0.190,0.142,1.702
1777556982199598621,1777556982197338217,0.207,300,1.066,0.278,1.344,0.547,0.156,2.047
1777556982230437345,1777556982227337315,0.205,300,1.085,0.356,1.441,1.350,0.098,2.889
1777556982250410076,1777556982247342175,0.211,300,1.366,0.371,1.737,1.048,0.065,2.850
1777556982280002689,1777556982277351738,0.219,464,1.038,0.451,1.489,0.766,0.172,2.426
1777556982299740048,1777556982297343829,0.213,379,1.100,0.408,1.508,0.473,0.196,2.177
1777556982329663558,1777556982327344367,0.187,334,1.126,0.300,1.426,0.511,0.188,2.125
1777556982349684675,1777556982347344267,0.198,300,1.087,0.298,1.386,0.542,0.208,2.135
1777556982379543189,1777556982377349830,0.701,300,0.642,0.269,0.910,0.517,0.060,1.487
1777556982399818271,1777556982397344001,0.289,300,1.017,0.481,1.498,0.626,0.056,2.179
1777556982429564140,1777556982427350780,0.288,300,0.986,0.303,1.288,0.474,0.157,1.919
1777556982449667758,1777556982447348279,0.685,300,0.630,0.297,0.927,0.563,0.138,1.628
1777556982479435964,1777556982477382067,0.232,300,1.151,0.333,1.484,0.311,0.020,1.816
1777556982499330354,1777556982497348429,0.656,300,0.576,0.360,0.936,0.254,0.130,1.319
1777556982529382799,1777556982527351912,0.213,300,1.059,0.293,1.352,0.236,0.224,1.812
1777556982549753054,1777556982547356836,0.223,300,1.075,0.285,1.361,0.787,0.020,2.168
1777556982579312257,1777556982577353886,0.330,300,0.958,0.269,1.227,0.247,0.148,1.622
1777556982599409698,1777556982597362074,0.270,300,1.047,0.304,1.350,0.265,0.156,1.771
1777556982629327192,1777556982627354547,0.465,334,0.955,0.273,1.227,0.144,0.130,1.502
1777556982649500381,1777556982647355312,0.200,300,1.176,0.363,1.539,0.260,0.139,1.938
1777556982679348207,1777556982677351913,0.253,334,1.039,0.327,1.366,0.173,0.198,1.737
1777556982699299305,1777556982697354469,0.249,300,1.070,0.351,1.421,0.160,0.109,1.690
1777556982729238399,1777556982727370080,0.247,300,1.026,0.242,1.268,0.153,0.195,1.616
1777556982749391907,1777556982747352571,0.622,300,0.721,0.364,1.085,0.155,0.170,1.410
1777556982776176633,1777556982774111504,0.259,300,1.235,0.274,1.509,0.202,0.088,1.800
1777556982800513362,1777556982797353361,0.230,300,1.677,0.394,2.071,0.453,0.057,2.580
1777556982829296014,1777556982827354827,0.221,334,1.105,0.291,1.396,0.130,0.187,1.713
1777556982849261000,1777556982847377256,0.210,300,1.087,0.280,1.367,0.175,0.125,1.668
1777556982879402538,1777556982877364514,0.327,300,1.034,0.255,1.289,0.257,0.158,1.704
1777556982899431303,1777556982897415616,0.232,422,1.168,0.416,1.584,0.046,0.146,1.777
1777556982929300410,1777556982927355767,0.589,379,0.761,0.257,1.019,0.161,0.169,1.349
1777556982949307767,1777556982947356403,0.254,300,1.093,0.259,1.352,0.193,0.146,1.690
1777556982979251662,1777556982977356813,0.574,334,0.727,0.287,1.014,0.147,0.154,1.315
1777556982999321037,1777556982997361097,0.201,334,1.064,0.318,1.382,0.218,0.152,1.752
1777556983029356868,1777556983027354590,0.205,300,1.080,0.362,1.441,0.156,0.186,1.783
1777556983049312761,1777556983047367062,0.593,300,0.737,0.306,1.043,0.130,0.172,1.346
1777556983079308813,1777556983077354793,0.212,334,1.035,0.297,1.332,0.145,0.259,1.736
1777556983099384552,1777556983097353313,0.194,300,1.124,0.342,1.466,0.181,0.184,1.831
1777556983129334073,1777556983127363253,0.600,300,0.796,0.211,1.007,0.141,0.216,1.364
1777556983149295919,1777556983147359309,0.241,334,1.212,0.145,1.357,0.145,0.187,1.689
1777556983179343781,1777556983177362368,0.204,422,1.116,0.253,1.370,0.246,0.154,1.770
1777556983199395039,1777556983197355704,0.206,300,1.110,0.302,1.412,0.233,0.181,1.826
1777556983229293358,1777556983227374220,0.265,379,1.091,0.201,1.292,0.184,0.172,1.647
1777556983250049420,1777556983247360227,0.245,379,1.184,0.471,1.655,0.762,0.022,2.439
1777556983279507460,1777556983277441371,1.244,300,0.066,0.275,0.341,0.297,0.178,0.816
1777556983299255343,1777556983297362575,0.210,300,1.005,0.274,1.279,0.257,0.140,1.677
1777556983329226305,1777556983327366467,0.443,300,0.841,0.283,1.124,0.240,0.047,1.411
1777556983350287599,1777556983347365882,0.179,300,1.125,0.268,1.393,1.234,0.110,2.737
1777556983379332370,1777556983377365326,0.499,300,0.784,0.252,1.036,0.284,0.142,1.463
1777556983399565909,1777556983397356613,0.210,300,1.060,0.285,1.345,0.502,0.146,1.992
1777556983429441283,1777556983427366105,0.378,379,1.128,0.231,1.359,0.226,0.106,1.691
1777556983449457627,1777556983447366161,0.216,300,1.110,0.239,1.349,0.363,0.157,1.869
1777556983479494321,1777556983477369893,0.210,300,1.212,0.274,1.486,0.270,0.152,1.907
1777556983500080294,1777556983497367708,0.180,334,1.142,0.786,1.928,0.350,0.248,2.526
1777556983529549695,1777556983527380145,0.188,334,1.247,0.259,1.506,0.387,0.081,1.974
1777556983549581464,1777556983547368904,0.207,300,1.108,0.392,1.499,0.326,0.168,1.994
1777556983579468518,1777556983577380188,0.283,300,0.976,0.340,1.316,0.317,0.167,1.800
1777556983599756108,1777556983597373171,0.238,300,1.072,0.407,1.478,0.533,0.127,2.139
1777556983629607832,1777556983627379623,0.279,422,1.155,0.281,1.436,0.334,0.173,1.943
1777556983649421319,1777556983647377983,0.197,422,1.112,0.324,1.436,0.273,0.131,1.840
1777556983685723802,1777556983677376946,0.614,379,0.736,0.191,0.927,6.466,0.333,7.726
1777556983699504854,1777556983697364617,0.462,422,0.886,0.241,1.127,0.310,0.235,1.671
1777556983729661746,1777556983727495684,0.271,422,1.053,0.310,1.363,0.337,0.188,1.889
1777556983749367707,1777556983747377909,0.279,300,1.051,0.242,1.293,0.237,0.175,1.704
1777556983779487540,1777556983777375497,0.260,300,1.026,0.293,1.319,0.367,0.159,1.846
1777556983809533130,1777556983807388093,0.173,464,1.164,0.275,1.439,0.364,0.162,1.966
1777556983829467102,1777556983827392661,0.292,422,1.069,0.237,1.307,0.299,0.171,1.777
1777556983859547798,1777556983857417162,0.266,422,1.026,0.310,1.336,0.343,0.180,1.858
1777556983879609393,1777556983877373407,0.208,379,1.133,0.291,1.424,0.375,0.222,2.021
1777556983909753292,1777556983907381939,0.212,422,1.124,0.335,1.459,0.423,0.270,2.152
1777556983929533368,1777556983927382411,0.293,422,1.029,0.304,1.332,0.371,0.148,1.851
1777556983959659795,1777556983957419617,0.194,422,1.185,0.439,1.624,0.249,0.165,2.039
1777556983979402717,1777556983977381175,0.556,300,0.732,0.358,1.090,0.190,0.179,1.459
1777556984009306859,1777556984007387530,0.189,300,1.089,0.300,1.389,0.170,0.164,1.723
1777556984029395363,1777556984027393790,0.199,300,1.076,0.355,1.430,0.214,0.151,1.795
1777556984059435474,1777556984057421932,0.249,300,1.002,0.403,1.405,0.145,0.207,1.758
1777556984079937695,1777556984077379326,0.196,334,1.086,0.264,1.350,0.235,0.769,2.354
1777556984109583962,1777556984107427757,0.286,422,1.137,0.302,1.439,0.265,0.159,1.863
1777556984129326977,1777556984127385151,0.311,422,0.985,0.253,1.238,0.229,0.157,1.624
1777556984159408594,1777556984157418990,0.582,300,0.808,0.171,0.979,0.163,0.251,1.394
1777556984179377348,1777556984177399200,0.234,300,1.046,0.351,1.397,0.177,0.163,1.738
1777556984209356817,1777556984207384781,0.193,422,1.115,0.290,1.405,0.212,0.155,1.772
1777556984229544782,1777556984227384128,0.272,334,1.095,0.293,1.388,0.311,0.182,1.882
1777556984249493631,1777556984247395892,0.204,300,1.162,0.260,1.422,0.264,0.200,1.887
1777556984279467274,1777556984277405954,0.239,334,1.110,0.362,1.472,0.180,0.164,1.816
1777556984307518645,1777556984304714119,0.230,334,1.627,0.046,1.673,0.718,0.177,2.568
1777556984329374119,1777556984327390498,0.559,694,0.747,0.340,1.087,0.170,0.161,1.418
1777556984359637953,1777556984357393392,0.737,300,0.724,0.300,1.025,0.241,0.236,1.501
1777556984379752059,1777556984377380163,0.669,300,0.674,0.689,1.363,0.159,0.174,1.696
1777556984409342547,1777556984407377104,0.220,422,1.070,0.318,1.389,0.136,0.214,1.739
1777556984429385609,1777556984427382371,0.574,379,0.739,0.257,0.996,0.275,0.152,1.422
1777556984459503260,1777556984457424787,0.612,334,0.695,0.260,0.955,0.332,0.172,1.459
1777556984481285258,1777556984477391941,0.253,334,2.141,1.293,3.433,0.025,0.176,3.634
1777556984509534942,1777556984507395346,0.254,504,1.054,0.470,1.524,0.180,0.175,1.879
1777556984529697402,1777556984527445512,0.286,422,1.105,0.370,1.475,0.263,0.222,1.960
1777556984559464764,1777556984557395347,0.213,334,1.047,0.296,1.342,0.341,0.167,1.850
1777556984579366378,1777556984577435913,0.252,334,1.052,0.247,1.298,0.223,0.150,1.672
1777556984609557953,1777556984607473144,0.219,544,1.089,0.336,1.426,0.271,0.163,1.860
1777556984629436238,1777556984627398247,0.251,464,1.178,0.194,1.372,0.253,0.156,1.781
1777556984659663399,1777556984657414678,0.632,464,0.730,0.300,1.031,0.386,0.193,1.609
1777556984681877739,1777556984677397992,0.563,334,0.832,2.109,2.942,0.774,0.194,3.909
1777556984709432348,1777556984707398486,0.218,582,1.122,0.313,1.435,0.191,0.182,1.809
1777556984729365036,1777556984727432683,0.252,300,1.092,0.266,1.358,0.156,0.159,1.674
1777556984759440094,1777556984757396022,0.295,379,0.969,0.362,1.331,0.252,0.159,1.742
1777556984779364749,1777556984777397194,0.194,620,1.093,0.283,1.376,0.239,0.151,1.767
1777556984809600454,1777556984807405015,0.219,657,1.235,0.230,1.465,0.344,0.162,1.971
1777556984829606074,1777556984827394506,0.633,300,0.720,0.322,1.042,0.321,0.209,1.572
1777556984859591015,1777556984857396568,0.214,504,1.148,0.262,1.411,0.438,0.125,1.974
1777556984879743810,1777556984877397611,0.633,379,0.763,0.284,1.047,0.465,0.194,1.706
1777556984909731247,1777556984907411417,0.245,334,1.136,0.297,1.433,0.456,0.178,2.067
1777556984929526264,1777556984927395948,0.205,300,1.150,0.317,1.467,0.294,0.158,1.919
1777556984959666060,1777556984957412666,0.292,504,1.075,0.278,1.352,0.473,0.129,1.954
1777556984979606493,1777556984977419790,0.355,300,0.958,0.346,1.305,0.349,0.171,1.825
1777556985009409791,1777556985007404410,0.280,334,1.014,0.329,1.343,0.225,0.151,1.719
1777556985029666011,1777556985027404105,0.278,334,1.534,0.043,1.578,0.246,0.153,1.977
1777556985059622720,1777556985057446130,0.296,379,0.964,0.302,1.266,0.456,0.152,1.874
1777556985079600238,1777556985077398207,0.280,300,1.169,0.272,1.441,0.242,0.233,1.916
1777556985109671417,1777556985107561295,0.246,300,1.567,0.045,1.613,0.117,0.127,1.857
1777556985130185506,1777556985127404118,0.229,379,1.780,0.445,2.225,0.140,0.181,2.546
1777556985159345247,1777556985157417214,0.290,544,1.021,0.268,1.289,0.268,0.075,1.631
1777556985179399409,1777556985177405036,0.544,300,0.818,0.303,1.121,0.167,0.156,1.444
1777556985209325044,1777556985207406259,0.246,300,1.117,0.172,1.289,0.243,0.135,1.666
1777556985229382982,1777556985227416579,0.184,300,1.080,0.355,1.435,0.193,0.148,1.776
1777556985259427632,1777556985257442700,0.204,379,1.058,0.378,1.436,0.192,0.147,1.775
1777556985279502691,1777556985277420186,0.230,379,1.510,0.091,1.601,0.016,0.228,1.845
1777556985309363875,1777556985307420161,0.321,334,0.984,0.299,1.282,0.136,0.198,1.616
1777556985329322608,1777556985327410640,0.221,334,1.082,0.312,1.394,0.112,0.178,1.684
1777556985359594021,1777556985357414839,0.206,422,1.119,0.322,1.441,0.261,0.264,1.966
1777556985379439564,1777556985377404262,0.274,422,1.087,0.406,1.493,0.078,0.184,1.755
1777556985409504247,1777556985407410733,0.604,422,0.805,0.286,1.091,0.222,0.170,1.483
1777556985429557033,1777556985427412221,0.264,582,1.127,0.322,1.449,0.221,0.203,1.873
1777556985459462475,1777556985457414052,0.195,379,1.055,0.284,1.339,0.340,0.167,1.846
1777556985479527901,1777556985477417459,0.251,379,1.073,0.275,1.348,0.341,0.163,1.852
1777556985509525124,1777556985507423290,0.571,300,1.128,0.043,1.171,0.162,0.191,1.525
1777556985530296347,1777556985527419786,0.204,379,2.535,0.019,2.554,0.015,0.097,2.666
1777556985559546268,1777556985557433073,0.169,802,1.186,0.248,1.434,0.338,0.166,1.938
1777556985579835802,1777556985577425344,0.194,582,1.304,0.239,1.543,0.433,0.234,2.210
1777556985609509776,1777556985607421895,0.190,582,1.187,0.274,1.461,0.205,0.225,1.891
1777556985629525216,1777556985627417142,0.236,422,1.230,0.300,1.530,0.173,0.164,1.866
1777556985659439811,1777556985657430206,0.238,422,1.019,0.305,1.324,0.273,0.167,1.764
1777556985685038892,1777556985677444014,0.356,300,0.893,1.244,2.137,4.878,0.217,7.231
1777556985709523742,1777556985707466518,0.265,544,1.034,0.296,1.330,0.306,0.150,1.786
1777556985729390694,1777556985727421731,0.303,464,1.047,0.199,1.247,0.283,0.129,1.659
1777556985759766912,1777556985757442827,0.234,504,1.204,0.348,1.552,0.301,0.231,2.083
1777556985779611880,1777556985777411769,1.136,334,0.262,0.273,0.535,0.354,0.168,1.057
1777556985809650641,1777556985807539750,0.390,582,0.983,0.276,1.260,0.318,0.136,1.714
1777556985829582269,1777556985827431056,0.309,582,1.078,0.296,1.373,0.275,0.186,1.835
1777556985859799215,1777556985857433271,0.262,504,1.275,0.367,1.642,0.290,0.163,2.095
1777556985879690424,1777556985877439527,0.222,802,1.162,0.425,1.587,0.263,0.173,2.023
1777556985909595963,1777556985907428398,0.237,464,1.232,0.215,1.447,0.248,0.229,1.924
1777556985929409089,1777556985927436605,0.619,300,0.809,0.168,0.977,0.228,0.142,1.347
1777556985959588401,1777556985957419683,0.477,300,1.239,0.046,1.285,0.164,0.235,1.684
1777556985979410487,1777556985977424947,0.200,379,1.066,0.339,1.405,0.136,0.237,1.778
1777556986009491137,1777556986007419545,0.302,582,1.051,0.308,1.359,0.256,0.149,1.764
1777556986029479308,1777556986027425733,0.194,379,1.266,0.241,1.508,0.186,0.160,1.853
1777556986056743075,1777556986053438525,3.168,334,0.089,0.011,0.101,0.016,0.015,0.131
1777556986079413204,1777556986077434449,0.214,334,1.515,0.045,1.560,0.037,0.162,1.758
1777556986110061814,1777556986107433714,0.243,504,1.466,0.013,1.478,0.101,0.798,2.377
1777556986129466691,1777556986127432765,0.201,504,1.206,0.185,1.391,0.205,0.230,1.826
1777556986159519046,1777556986157445214,0.584,422,0.721,0.306,1.027,0.212,0.243,1.483
1777556986179450830,1777556986177433129,0.257,300,1.039,0.344,1.383,0.169,0.202,1.755
1777556986209429710,1777556986207444938,0.322,334,0.953,0.284,1.237,0.244,0.174,1.655
1777556986229429465,1777556986227460406,0.226,300,1.102,0.249,1.350,0.223,0.164,1.737
1777556986259654757,1777556986257678914,0.208,300,1.048,0.265,1.312,0.252,0.197,1.762
1777556986279529834,1777556986277443426,0.195,544,1.308,0.170,1.478,0.247,0.159,1.885
1777556986309516842,1777556986307423041,0.314,694,1.027,0.291,1.319,0.286,0.169,1.774
1777556986329533270,1777556986327436621,0.310,694,1.038,0.306,1.345,0.230,0.205,1.780
1777556986359659966,1777556986357453615,0.366,657,1.076,0.287,1.363,0.275,0.195,1.833
1777556986379689386,1777556986377443898,0.184,657,1.228,0.419,1.647,0.232,0.176,2.055
1777556986409651369,1777556986407420633,0.230,504,1.664,0.044,1.708,0.081,0.206,1.994
1777556986429866943,1777556986427455878,0.265,694,1.393,0.296,1.689,0.303,0.148,2.139
1777556986459596658,1777556986457462855,0.281,464,1.124,0.313,1.437,0.245,0.165,1.846
1777556986479539803,1777556986477435921,0.256,300,1.107,0.246,1.353,0.222,0.267,1.841
1777556986509469112,1777556986507440146,0.332,422,0.998,0.260,1.258,0.279,0.154,1.690
1777556986529794995,1777556986527565700,0.235,334,1.131,0.458,1.590,0.218,0.179,1.987
1777556986559578825,1777556986557440478,0.205,544,1.167,0.348,1.515,0.245,0.167,1.927
1777556986579870787,1777556986577642964,0.724,544,0.606,0.408,1.014,0.339,0.144,1.496
1777556986609449807,1777556986607447562,0.184,422,1.065,0.412,1.477,0.129,0.205,1.811
1777556986629388375,1777556986627445366,0.238,334,1.121,0.206,1.327,0.219,0.152,1.698
1777556986659419289,1777556986657445334,0.234,300,1.019,0.340,1.359,0.235,0.139,1.733
1777556986689717193,1777556986687479033,0.384,422,0.984,0.412,1.396,0.223,0.227,1.847
1777556986709407589,1777556986707433314,0.215,504,1.096,0.296,1.393,0.163,0.196,1.752
1777556986739493290,1777556986737451171,0.244,544,1.040,0.255,1.295,0.252,0.245,1.791
1777556986759402353,1777556986757473328,0.600,334,0.688,0.252,0.940,0.174,0.209,1.322
1777556986793045384,1777556986787451599,0.187,334,1.194,4.082,5.276,0.027,0.097,5.400
1777556986809568965,1777556986807449403,0.211,582,1.252,0.323,1.575,0.167,0.160,1.902
1777556986839569766,1777556986837454396,0.195,544,1.108,0.522,1.630,0.088,0.195,1.913
1777556986859649045,1777556986857434406,0.244,766,1.199,0.338,1.537,0.227,0.199,1.964
1777556986889791133,1777556986887566573,0.208,379,1.170,0.424,1.595,0.239,0.175,2.009
1777556986909590782,1777556986907654141,0.205,334,1.074,0.298,1.373,0.229,0.123,1.725
1777556986939450968,1777556986937450995,0.205,504,1.165,0.243,1.408,0.222,0.159,1.789
1777556986959531175,1777556986957453919,0.350,422,1.102,0.254,1.357,0.169,0.195,1.721
1777556986986098076,1777556986983509530,0.215,422,1.094,0.410,1.503,0.691,0.173,2.367
1777556987009702458,1777556987007451018,0.229,731,1.191,0.302,1.494,0.316,0.207,2.016
1777556987039611889,1777556987037454821,0.660,731,0.816,0.220,1.036,0.311,0.143,1.490
1777556987059536756,1777556987057519279,0.188,582,1.125,0.273,1.399,0.320,0.104,1.822
1777556987082557842,1777556987080082838,0.740,334,0.861,0.070,0.932,0.549,0.248,1.729
1777556987109670012,1777556987107458798,0.214,582,1.117,0.298,1.415,0.469,0.106,1.990
1777556987139667127,1777556987137458248,0.194,802,1.143,0.355,1.497,0.350,0.161,2.008
1777556987159741538,1777556987157461968,0.277,802,1.221,0.284,1.505,0.340,0.151,1.995
1777556987189753757,1777556987187462026,0.572,766,0.815,0.438,1.253,0.306,0.154,1.713
1777556987209631710,1777556987207470386,0.224,766,1.211,0.292,1.502,0.272,0.156,1.930
1777556987239605175,1777556987237458348,0.206,422,1.094,0.289,1.383,0.387,0.165,1.934
1777556987259578141,1777556987257475220,0.214,300,1.058,0.364,1.422,0.317,0.143,1.883
1777556987289502292,1777556987287461518,0.352,504,0.962,0.294,1.255,0.289,0.137,1.682
1777556987306989629,1777556987304746765,0.642,379,0.756,0.243,0.999,0.396,0.199,1.594
1777556987339765603,1777556987337472144,0.280,379,1.148,0.324,1.472,0.381,0.154,2.007
1777556987359745801,1777556987357470935,0.369,300,1.033,0.349,1.382,0.275,0.241,1.898
1777556987381581867,1777556987378880484,0.240,379,1.158,0.352,1.510,0.923,0.023,2.456
1777556987409972726,1777556987407489498,0.382,379,0.957,0.241,1.197,0.774,0.123,2.094
1777556987439697859,1777556987437470131,0.348,544,1.107,0.223,1.330,0.396,0.146,1.873
1777556987459442429,1777556987457455578,0.374,300,0.908,0.239,1.147,0.321,0.139,1.607
1777556987489505179,1777556987487460084,0.641,334,0.678,0.288,0.966,0.305,0.126,1.398
1777556987509546788,1777556987507460092,0.283,504,1.051,0.206,1.257,0.375,0.165,1.797
1777556987539602305,1777556987537459990,0.578,694,0.782,0.261,1.042,0.339,0.176,1.558
1777556987559473794,1777556987557455421,0.241,379,1.110,0.278,1.388,0.236,0.146,1.770
1777556987589526751,1777556987587467512,0.574,379,0.797,0.267,1.065,0.262,0.153,1.479
1777556987609672590,1777556987607464159,0.234,620,1.230,0.266,1.496,0.287,0.184,1.968
1777556987639666824,1777556987637465018,0.269,620,1.040,0.289,1.330,0.405,0.192,1.927
1777556987659712369,1777556987657505859,0.244,694,1.144,0.258,1.402,0.369,0.185,1.956
1777556987689716172,1777556987687475132,0.227,464,1.121,0.307,1.427,0.384,0.196,2.008
1777556987709588493,1777556987707505157,0.228,544,1.137,0.312,1.449,0.279,0.116,1.844
1777556987739438048,1777556987737475198,0.304,544,1.031,0.284,1.315,0.166,0.171,1.652
1777556987759563373,1777556987757479109,0.427,379,0.879,0.283,1.161,0.348,0.141,1.650
1777556987789645420,1777556987787496865,0.237,300,1.110,0.278,1.388,0.355,0.162,1.904
1777556987809638291,1777556987807471206,0.601,802,0.829,0.288,1.117,0.295,0.149,1.561
1777556987839927964,1777556987837470881,0.300,802,1.199,0.367,1.566,0.397,0.186,2.150
1777556987859781244,1777556987857498025,0.227,379,1.176,0.338,1.514,0.417,0.118,2.049
1777556987889698162,1777556987887486051,0.301,731,1.020,0.332,1.352,0.385,0.167,1.904
1777556987909640278,1777556987907465194,0.210,731,1.247,0.232,1.479,0.308,0.171,1.959
1777556987939448039,1777556987937511974,0.329,464,1.044,0.222,1.266,0.212,0.122,1.600
1777556987959643992,1777556987957514542,0.305,464,1.098,0.344,1.442,0.175,0.201,1.818
1777556987989593680,1777556987987468838,0.640,837,0.707,0.301,1.007,0.308,0.163,1.479
1777556988010054669,1777556988007476717,0.575,837,1.061,0.357,1.418,0.354,0.224,1.996
1777556988039773364,1777556988037472417,0.220,582,1.131,0.433,1.564,0.331,0.179,2.074
1777556988059712212,1777556988057493381,0.241,582,1.130,0.356,1.487,0.272,0.212,1.970
1777556988089687079,1777556988087482137,0.202,657,1.174,0.288,1.462,0.388,0.146,1.996
1777556988109694186,1777556988107511454,0.211,464,1.204,0.264,1.468,0.325,0.172,1.965
1777556988139582745,1777556988137473584,0.226,379,1.176,0.345,1.521,0.208,0.147,1.877
1777556988159620414,1777556988157521878,0.240,379,1.082,0.349,1.431,0.258,0.164,1.853
1777556988189630995,1777556988187482248,0.336,300,0.961,0.337,1.299,0.348,0.160,1.806
1777556988209469966,1777556988207478187,0.309,300,0.977,0.266,1.243,0.279,0.155,1.677
1777556988239626186,1777556988237486464,0.208,464,1.043,0.427,1.470,0.297,0.157,1.925
1777556988259585675,1777556988257471362,0.256,464,1.119,0.323,1.443,0.249,0.160,1.851
1777556988289683717,1777556988287497560,0.263,464,1.130,0.274,1.404,0.353,0.159,1.916
1777556988309583267,1777556988307486458,0.656,334,0.667,0.288,0.955,0.259,0.220,1.434
1777556988341925484,1777556988337483951,0.217,300,1.060,0.409,1.468,1.539,1.210,4.217
1777556988390693318,1777556988387497479,0.233,300,1.430,0.173,1.603,1.261,0.092,2.957
1777556988409731993,1777556988407499914,0.470,379,0.893,0.335,1.228,0.358,0.170,1.755
1777556988440149827,1777556988437464541,0.227,379,1.514,0.314,1.828,0.462,0.163,2.453
1777556988459681102,1777556988457486497,0.223,300,1.164,0.405,1.569,0.219,0.176,1.964
1777556988490199004,1777556988487482741,0.210,300,1.106,0.322,1.428,0.958,0.114,2.500
1777556988510039256,1777556988507528859,0.632,300,0.686,0.246,0.932,0.708,0.230,1.871
1777556988539869028,1777556988537491021,0.224,300,1.104,0.366,1.470,0.527,0.150,2.148
1777556988560058832,1777556988557490064,0.296,300,0.933,0.267,1.200,0.890,0.177,2.266
1777556988590372052,1777556988587500389,0.272,300,1.009,0.283,1.292,1.118,0.182,2.592
1777556988616702738,1777556988614049326,0.216,300,1.092,0.305,1.396,0.893,0.142,2.432
1777556988639602981,1777556988637495164,0.612,300,0.715,0.278,0.992,0.333,0.164,1.489
1777556988669710431,1777556988667503345,0.403,379,0.985,0.309,1.294,0.390,0.114,1.798
1777556988690036498,1777556988687501940,0.294,300,1.082,0.700,1.782,0.248,0.203,2.233
1777556988719618930,1777556988717498569,0.239,300,1.087,0.257,1.345,0.423,0.107,1.875
1777556988739663415,1777556988737491179,0.302,300,0.964,0.262,1.227,0.438,0.200,1.864
1777556988769762257,1777556988767498272,0.453,300,0.872,0.426,1.298,0.337,0.169,1.805
1777556988789851192,1777556988787486819,0.505,300,0.984,0.272,1.256,0.407,0.190,1.853
1777556988820017109,1777556988817499576,0.472,300,0.873,0.406,1.279,0.496,0.263,2.038
1777556988839878545,1777556988837498779,0.456,300,0.988,0.372,1.361,0.396,0.161,1.918
1777556988870105809,1777556988867503439,0.252,300,1.049,0.637,1.686,0.379,0.279,2.344
1777556988889841095,1777556988887525748,0.246,300,1.062,0.412,1.474,0.405,0.183,2.062
1777556988919593359,1777556988917494183,0.271,422,1.022,0.286,1.308,0.336,0.179,1.822
1777556988939703639,1777556988937495338,0.466,422,0.877,0.372,1.250,0.331,0.156,1.736
1777556988969591110,1777556988967507167,0.462,379,0.942,0.277,1.219,0.241,0.156,1.616
1777556988989858487,1777556988987494465,0.227,379,1.269,0.354,1.623,0.332,0.176,2.130
1777556989019728962,1777556989017492819,0.494,422,0.846,0.370,1.216,0.363,0.157,1.736
1777556989039685790,1777556989037499666,0.474,300,0.905,0.290,1.195,0.358,0.152,1.705
1777556989059745152,1777556989057507057,0.562,300,0.809,0.371,1.180,0.333,0.156,1.669
1777556989089626825,1777556989087498687,0.656,300,0.662,0.279,0.941,0.243,0.280,1.464
1777556989109895125,1777556989107495102,0.272,422,1.035,0.344,1.380,0.648,0.095,2.122
1777556989139588692,1777556989137604498,0.568,379,0.729,0.303,1.032,0.161,0.217,1.410
1777556989159483502,1777556989157541838,0.188,300,1.137,0.308,1.445,0.122,0.181,1.747
1777556989189595554,1777556989187504763,0.570,300,0.729,0.351,1.079,0.232,0.202,1.514
1777556989209653316,1777556989207508858,0.189,300,1.074,0.325,1.400,0.398,0.151,1.949
1777556989239750775,1777556989237507816,0.257,300,1.030,0.340,1.370,0.352,0.258,1.980
1777556989260000131,1777556989257506567,0.222,422,1.078,0.273,1.351,0.745,0.167,2.264
1777556989289707170,1777556989287513974,0.232,379,1.213,0.259,1.473,0.321,0.161,1.954
1777556989310189113,1777556989307504884,0.558,422,0.772,0.272,1.044,0.964,0.111,2.119
1777556989339748882,1777556989337647882,0.211,379,1.287,0.093,1.380,0.240,0.262,1.883
1777556989360641085,1777556989357506178,0.212,300,1.146,0.371,1.517,0.951,0.447,2.915
1777556989389523732,1777556989387508848,0.188,300,1.105,0.271,1.376,0.240,0.204,1.819
1777556989410859029,1777556989407510543,0.319,300,1.864,0.385,2.249,0.647,0.127,3.023
1777556989439364090,1777556989437514814,0.228,334,1.396,0.014,1.410,0.030,0.174,1.614
1777556989459817999,1777556989457522365,0.223,334,1.229,0.315,1.545,0.319,0.201,2.065
1777556989489448779,1777556989487512395,0.280,422,1.032,0.254,1.287,0.189,0.173,1.649
1777556989519391287,1777556989517515962,0.278,422,1.025,0.468,1.494,0.063,0.035,1.592
1777556989539624833,1777556989537511161,0.243,300,1.054,0.337,1.391,0.324,0.150,1.864
1777556989569612847,1777556989567529320,0.198,300,1.169,0.295,1.464,0.246,0.169,1.880
1777556989589565260,1777556989587508998,0.217,300,1.110,0.323,1.432,0.264,0.137,1.834
1777556989619537529,1777556989617510612,0.247,300,1.225,0.181,1.406,0.180,0.187,1.773
1777556989640026800,1777556989637518420,0.177,379,1.176,0.257,1.432,0.736,0.157,2.325
1777556989669730384,1777556989667521730,0.220,422,1.375,0.165,1.540,0.273,0.168,1.981
1777556989689502563,1777556989687524257,0.250,422,1.250,0.135,1.385,0.178,0.158,1.721
1777556989719938408,1777556989717527728,0.210,300,1.232,0.388,1.621,0.465,0.108,2.194
1777556989739617463,1777556989737522831,0.165,300,1.093,0.314,1.407,0.305,0.211,1.922
1777556989769792462,1777556989767528926,0.213,422,1.181,0.434,1.614,0.271,0.159,2.045
1777556989789615844,1777556989787511676,0.266,379,1.087,0.290,1.377,0.315,0.140,1.831
1777556989820114891,1777556989817519242,0.186,464,1.481,0.284,1.766,0.412,0.226,2.403
1777556989839738583,1777556989837519465,0.189,300,1.153,0.374,1.526,0.348,0.148,2.023
1777556989869558077,1777556989867525464,0.207,300,1.131,0.315,1.446,0.186,0.186,1.819
1777556989889658625,1777556989887545368,0.680,300,0.703,0.219,0.922,0.322,0.182,1.427
1777556989919575883,1777556989917561447,0.285,300,1.025,0.299,1.324,0.253,0.146,1.723
1777556989939474405,1777556989937527397,0.189,422,1.133,0.239,1.372,0.207,0.173,1.752
1777556989969969388,1777556989967530835,0.208,422,1.522,0.239,1.761,0.308,0.155,2.224
1777556989989596408,1777556989987507473,0.260,422,1.114,0.290,1.404,0.241,0.176,1.822
1777556990019491775,1777556990017524798,0.173,300,1.120,0.268,1.388,0.229,0.171,1.787
1777556990039695940,1777556990037530745,0.286,300,0.993,0.499,1.492,0.209,0.171,1.872
1777556990069659882,1777556990067535202,0.256,300,1.066,0.325,1.390,0.313,0.159,1.862
1777556990089716808,1777556990087523644,0.232,334,1.164,0.361,1.525,0.258,0.171,1.954
1777556990119553512,1777556990117529413,0.239,464,1.131,0.307,1.438,0.178,0.162,1.779
1777556990139720492,1777556990137535904,0.642,464,0.672,0.330,1.002,0.347,0.187,1.536
1777556990169563116,1777556990167541417,0.227,300,1.022,0.299,1.321,0.320,0.147,1.788
1777556990189566887,1777556990187531971,0.210,300,1.151,0.178,1.329,0.325,0.164,1.818
1777556990219491948,1777556990217530923,0.193,379,1.077,0.272,1.348,0.247,0.166,1.762
1777556990239627278,1777556990237531334,0.301,379,0.998,0.356,1.354,0.205,0.230,1.788
1777556990269540050,1777556990267538127,0.195,379,1.054,0.349,1.404,0.253,0.143,1.800
1777556990289689972,1777556990287527049,0.205,300,1.054,0.311,1.364,0.369,0.217,1.951
1777556990319634938,1777556990317532050,0.193,300,1.023,0.308,1.331,0.424,0.148,1.903
1777556990339699608,1777556990337532941,0.178,300,1.068,0.247,1.315,0.385,0.282,1.981
1777556990363535248,1777556990361461770,0.657,334,0.742,0.298,1.040,0.191,0.179,1.410
1777556990389619415,1777556990387547281,0.626,334,0.770,0.276,1.046,0.221,0.170,1.438
1777556990419389524,1777556990417491415,0.615,379,0.722,0.268,0.990,0.173,0.114,1.277
1777556990439519094,1777556990437533172,0.606,300,0.741,0.256,0.997,0.240,0.135,1.373
1777556990469528831,1777556990467552061,0.207,300,1.040,0.329,1.369,0.216,0.178,1.764
1777556990489599677,1777556990487532503,0.202,379,1.132,0.279,1.411,0.301,0.147,1.859
1777556990519667977,1777556990517546560,0.280,300,1.055,0.282,1.337,0.263,0.235,1.835
1777556990549728276,1777556990547535240,0.185,334,1.138,0.294,1.432,0.368,0.201,2.001
1777556990569768849,1777556990567543107,0.298,334,1.056,0.411,1.467,0.285,0.169,1.921
1777556990593775026,1777556990591311032,0.390,334,0.958,0.289,1.247,0.803,0.019,2.069
1777556990619663055,1777556990617542503,0.212,422,1.052,0.304,1.356,0.432,0.116,1.904
1777556990649780190,1777556990647540175,0.236,766,1.154,0.276,1.430,0.405,0.163,1.998
1777556990669916927,1777556990667542634,0.252,620,1.243,0.278,1.521,0.413,0.182,2.116
1777556990699985035,1777556990697540370,0.394,731,1.127,0.297,1.424,0.489,0.131,2.044
1777556990719659318,1777556990717542861,0.250,731,1.048,0.295,1.343,0.427,0.090,1.861
1777556990749715649,1777556990747574231,0.256,334,1.080,0.249,1.329,0.436,0.114,1.879
1777556990769735933,1777556990767557266,0.241,422,1.206,0.260,1.466,0.445,0.021,1.933
1777556990799741510,1777556990797546297,0.249,334,1.073,0.513,1.585,0.214,0.141,1.939
1777556990819550935,1777556990817540852,0.252,504,1.019,0.503,1.522,0.135,0.094,1.751
1777556990849826637,1777556990847578462,0.426,300,0.900,0.499,1.400,0.211,0.205,1.816
1777556990869653952,1777556990867540407,0.180,300,1.067,0.326,1.393,0.514,0.020,1.927
1777556990899918805,1777556990897531775,0.201,300,1.113,0.455,1.568,0.421,0.191,2.180
1777556990919793866,1777556990917541563,0.222,464,1.034,0.520,1.555,0.323,0.146,2.024
1777556990950011389,1777556990947554532,0.333,379,1.056,0.238,1.294,0.498,0.326,2.117
1777556990969792525,1777556990967542046,0.283,464,1.053,0.248,1.302,0.521,0.139,1.962
1777556990999821335,1777556990997546439,0.231,300,1.111,0.413,1.523,0.307,0.206,2.037
1777556991019932020,1777556991017524510,0.453,300,1.404,0.018,1.422,0.384,0.143,1.948
1777556991049797520,1777556991047546754,0.196,300,1.108,0.306,1.414,0.479,0.155,2.047
1777556991069688898,1777556991067550041,0.284,334,1.087,0.277,1.364,0.347,0.137,1.849
1777556991098870044,1777556991096421732,0.356,334,1.012,0.539,1.552,0.411,0.123,2.086
1777556991119729693,1777556991117545938,0.217,422,1.112,0.286,1.398,0.496,0.067,1.961
1777556991152811639,1777556991147569942,0.547,300,0.851,0.228,1.080,3.508,0.100,4.688
1777556991170045030,1777556991167542603,0.462,300,0.851,0.355,1.206,0.663,0.164,2.033
1777556991199858559,1777556991197548430,0.236,300,1.038,0.425,1.463,0.454,0.150,2.067
1777556991220467956,1777556991217549029,0.264,300,1.030,0.644,1.674,0.656,0.318,2.648
1777556991250382387,1777556991247558632,0.483,300,0.852,0.262,1.114,1.063,0.157,2.334
1777556991270995528,1777556991267591200,0.567,300,0.748,0.434,1.182,1.457,0.192,2.831
1777556991301031340,1777556991297560129,0.490,334,0.868,0.289,1.157,1.643,0.174,2.974
1777556991320250044,1777556991317562744,0.267,300,1.087,0.265,1.352,0.881,0.181,2.414
1777556991349655234,1777556991347555674,0.283,422,1.101,0.279,1.380,0.298,0.132,1.810
1777556991369692442,1777556991367544081,0.220,422,1.124,0.379,1.503,0.228,0.191,1.922
1777556991399709598,1777556991397563508,0.188,504,1.242,0.329,1.571,0.219,0.162,1.951
1777556991419592207,1777556991417541642,0.265,422,1.075,0.242,1.317,0.286,0.175,1.778
1777556991440321226,1777556991437551137,0.211,300,1.046,1.002,2.048,0.211,0.286,2.545
1777556991469583432,1777556991467562404,0.366,300,0.937,0.291,1.228,0.281,0.140,1.648
1777556991490100184,1777556991487552219,0.642,300,0.743,0.217,0.959,0.790,0.150,1.899
1777556991521164047,1777556991517557502,0.586,300,0.740,0.196,0.936,1.838,0.240,3.013
1777556991539782402,1777556991537551412,0.235,300,1.047,0.210,1.256,0.580,0.153,1.989
1777556991570160055,1777556991567561591,0.208,422,1.123,0.376,1.499,0.705,0.179,2.384
1777556991589697975,1777556991587556046,0.274,422,1.131,0.271,1.402,0.236,0.223,1.861
1777556991616264625,1777556991614101927,0.574,334,0.766,0.312,1.078,0.284,0.219,1.581
1777556991639672303,1777556991637562696,0.212,300,1.067,0.321,1.388,0.329,0.174,1.891
1777556991669620047,1777556991667561226,0.212,300,1.144,0.270,1.414,0.249,0.178,1.840
1777556991689728715,1777556991687557761,0.286,300,1.050,0.357,1.407,0.320,0.152,1.878
1777556991719757743,1777556991717561283,0.310,300,1.029,0.380,1.409,0.242,0.230,1.880
1777556991739666370,1777556991737558938,0.560,300,0.767,0.252,1.019,0.372,0.149,1.541
1777556991769858606,1777556991767576189,0.261,300,1.095,0.376,1.471,0.342,0.202,2.015
1777556991789768288,1777556991787555251,0.318,300,1.067,0.319,1.386,0.248,0.254,1.887
1777556991820748307,1777556991817563094,0.218,334,1.106,0.189,1.295,1.511,0.154,2.960
1777556991842428316,1777556991837567789,0.290,334,0.959,0.354,1.313,2.963,0.288,4.564
1777556991869604084,1777556991867563760,0.276,422,1.100,0.256,1.356,0.241,0.161,1.758
1777556991889562601,1777556991887552102,0.238,422,1.033,0.329,1.362,0.229,0.175,1.766
1777556991919671345,1777556991917560329,0.575,334,0.843,0.265,1.108,0.248,0.173,1.529
1777556991939538433,1777556991937562144,0.562,379,0.783,0.227,1.009,0.299,0.100,1.408
1777556991969617799,1777556991967571651,0.567,334,0.749,0.290,1.039,0.239,0.195,1.472
1777556991989624863,1777556991987584922,0.586,300,0.772,0.294,1.065,0.223,0.158,1.447
1777556992019714850,1777556992017570394,0.219,300,1.045,0.373,1.417,0.243,0.258,1.918
1777556992039687892,1777556992037567116,0.255,300,1.021,0.342,1.363,0.279,0.217,1.859
1777556992069585740,1777556992067567945,0.191,300,1.201,0.213,1.414,0.183,0.223,1.820
1777556992089616384,1777556992087573724,0.549,300,0.758,0.311,1.069,0.255,0.163,1.488
1777556992119619837,1777556992117623195,0.592,300,0.743,0.262,1.005,0.225,0.169,1.398
1777556992149634778,1777556992147579861,0.238,300,1.107,0.302,1.409,0.252,0.150,1.811
1777556992169620236,1777556992167581225,0.206,300,1.068,0.364,1.432,0.266,0.128,1.826
1777556992199624937,1777556992197584005,0.321,300,0.978,0.313,1.290,0.260,0.162,1.713
1777556992219590938,1777556992217577592,0.253,334,1.118,0.222,1.340,0.277,0.137,1.754
1777556992250105456,1777556992247574324,0.571,504,0.791,0.252,1.043,0.719,0.191,1.953
1777556992269784819,1777556992267579015,0.220,464,1.162,0.282,1.444,0.380,0.156,1.979
1777556992299698412,1777556992297617254,0.193,464,1.211,0.270,1.481,0.264,0.136,1.882
1777556992319627611,1777556992317568534,0.222,300,1.177,0.217,1.394,0.272,0.164,1.830
1777556992349797664,1777556992347582068,0.289,300,1.171,0.282,1.452,0.278,0.189,1.920
1777556992369973532,1777556992367566758,0.223,300,1.499,0.243,1.742,0.266,0.169,2.177
1777556992399462495,1777556992397571459,0.227,300,1.094,0.190,1.284,0.185,0.188,1.657
1777556992420007661,1777556992417575382,0.251,300,1.130,0.308,1.438,0.529,0.207,2.175
1777556992449546963,1777556992447596403,0.305,300,1.051,0.280,1.331,0.142,0.167,1.639
1777556992469891479,1777556992467594950,0.294,300,1.105,0.322,1.426,0.366,0.204,1.996
1777556992499786702,1777556992497582018,0.435,464,0.937,0.222,1.159,0.410,0.194,1.763
1777556992519767648,1777556992517591158,0.214,334,1.092,0.347,1.439,0.285,0.231,1.956
1777556992549957414,1777556992547584914,0.223,464,1.230,0.300,1.530,0.446,0.166,2.142
1777556992569901110,1777556992567593733,0.245,379,1.222,0.277,1.499,0.370,0.187,2.055
1777556992599723946,1777556992597582209,0.270,379,1.109,0.305,1.414,0.298,0.153,1.865
1777556992619821858,1777556992617592981,0.260,300,1.067,0.291,1.358,0.476,0.129,1.964
1777556992646030181,1777556992643804216,0.250,334,1.139,0.316,1.456,0.376,0.138,1.970
1777556992669585030,1777556992667582116,0.278,334,0.974,0.362,1.336,0.263,0.119,1.718
1777556992699642853,1777556992697581536,0.236,504,1.221,0.180,1.401,0.219,0.198,1.819
1777556992719752189,1777556992717581459,0.312,504,0.990,0.319,1.309,0.376,0.168,1.853
1777556992739721295,1777556992737574758,0.191,544,1.178,0.280,1.458,0.335,0.156,1.949
1777556992769665513,1777556992767582467,0.207,544,1.093,0.294,1.387,0.328,0.154,1.869
1777556992790065263,1777556992787584982,0.287,300,1.369,0.419,1.787,0.161,0.238,2.186
1777556992819647831,1777556992817584274,0.682,300,0.598,0.329,0.927,0.297,0.152,1.375
1777556992839699821,1777556992837577733,0.240,300,1.082,0.310,1.392,0.359,0.126,1.876
1777556992869762220,1777556992867581538,0.216,422,1.194,0.212,1.406,0.381,0.170,1.958
1777556992899947474,1777556992897582526,0.249,422,1.148,0.327,1.475,0.486,0.149,2.109
1777556992919760508,1777556992917592722,0.265,300,1.057,0.288,1.345,0.382,0.169,1.896
1777556992950023877,1777556992947577613,0.383,300,1.041,0.342,1.382,0.499,0.175,2.056
1777556992971123950,1777556992967585345,0.316,300,1.051,0.275,1.326,1.724,0.166,3.216
1777556992997588925,1777556992995439124,0.256,300,1.140,0.208,1.348,0.312,0.226,1.886
1777556993019635698,1777556993017586574,0.270,300,1.012,0.284,1.296,0.323,0.153,1.772
1777556993049802288,1777556993047592837,0.232,300,1.210,0.260,1.470,0.482,0.020,1.972
1777556993069640792,1777556993067589236,0.270,422,1.041,0.304,1.345,0.251,0.179,1.775
1777556993099710994,1777556993097614155,0.268,300,0.993,0.280,1.273,0.425,0.124,1.822
1777556993119887049,1777556993117596570,0.244,300,1.258,0.208,1.466,0.390,0.184,2.041
1777556993149661909,1777556993147591536,0.247,464,1.054,0.285,1.340,0.323,0.155,1.817
1777556993169728487,1777556993167592735,0.267,464,1.123,0.262,1.385,0.263,0.214,1.862
1777556993199590423,1777556993197597718,0.591,334,0.775,0.301,1.076,0.158,0.159,1.394
1777556993220141377,1777556993217592901,0.196,334,1.035,0.888,1.924,0.261,0.161,2.346
1777556993249583581,1777556993247598588,0.324,334,0.978,0.273,1.251,0.257,0.147,1.655
1777556993270024641,1777556993267593419,0.342,334,1.265,0.300,1.565,0.497,0.022,2.084
1777556993299933619,1777556993297599298,0.221,379,1.154,0.456,1.610,0.477,0.020,2.108
1777556993319665141,1777556993317596720,0.202,300,1.215,0.269,1.484,0.233,0.142,1.860
1777556993349015020,1777556993345417053,0.638,300,1.127,0.394,1.521,0.628,0.802,2.951
1777556993370106705,1777556993367588630,0.886,334,0.911,0.307,1.219,0.258,0.149,1.626
1777556993398280462,1777556993396150278,0.433,334,0.842,0.296,1.138,0.455,0.097,1.690
1777556993419863754,1777556993417564858,0.343,802,1.064,0.286,1.350,0.367,0.233,1.950
1777556993449930244,1777556993447602963,0.230,802,1.352,0.157,1.509,0.456,0.125,2.090
1777556993469872881,1777556993467593505,0.230,802,1.242,0.359,1.601,0.423,0.020,2.044
1777556993499821381,1777556993497597208,0.623,334,0.667,0.344,1.011,0.565,0.020,1.597
1777556993519611465,1777556993517599271,0.197,422,1.084,0.330,1.415,0.267,0.128,1.810
1777556993550417575,1777556993547627167,0.320,422,1.315,0.279,1.594,0.238,0.630,2.462
1777556993569844763,1777556993567604269,0.284,300,1.310,0.219,1.529,0.278,0.144,1.951
1777556993597386969,1777556993591419254,0.222,300,1.275,3.830,5.104,0.260,0.376,5.740
1777556993619616533,1777556993617603507,0.218,334,1.208,0.312,1.520,0.155,0.114,1.788
1777556993649712816,1777556993647611626,0.316,544,1.136,0.247,1.383,0.377,0.020,1.780
1777556993669682142,1777556993667606649,0.343,544,1.011,0.238,1.250,0.320,0.157,1.726
1777556993702749034,1777556993697622864,0.313,379,3.879,0.414,4.293,0.342,0.172,4.807
1777556993719704549,1777556993717604702,0.631,334,0.708,0.256,0.964,0.355,0.144,1.463
1777556993749582421,1777556993747611541,0.656,334,0.733,0.398,1.131,0.042,0.134,1.307
1777556993769604806,1777556993767624069,0.274,300,1.084,0.244,1.328,0.231,0.141,1.700
1777556993799708481,1777556993797614171,0.292,300,1.064,0.248,1.312,0.279,0.204,1.796
1777556993819686255,1777556993817615178,0.564,334,0.772,0.228,0.999,0.360,0.140,1.500
1777556993849891824,1777556993847616097,0.212,334,1.179,0.248,1.427,0.544,0.087,2.058
1777556993870382519,1777556993867600367,0.216,300,1.246,0.237,1.483,0.793,0.283,2.558
1777556993901115217,1777556993897608774,0.215,300,1.054,0.507,1.561,1.340,0.383,3.284
1777556993921039869,1777556993917613814,0.217,300,1.035,0.294,1.330,1.469,0.403,3.202
1777556993950041923,1777556993947616588,0.218,300,1.196,0.167,1.363,0.671,0.167,2.201
1777556993970035409,1777556993967614971,0.217,464,1.184,0.242,1.426,0.551,0.219,2.196
1777556994000134765,1777556993997612690,0.573,464,0.742,0.247,0.989,0.739,0.215,1.943
1777556994019898989,1777556994017621151,0.245,464,1.064,0.230,1.294,0.574,0.159,2.026
1777556994049813530,1777556994047620688,0.773,300,0.609,0.222,0.831,0.441,0.142,1.413
1777556994070054801,1777556994067614523,0.206,300,1.110,0.183,1.293,0.732,0.203,2.227
1777556994098732290,1777556994096546391,0.271,300,1.219,0.184,1.403,0.333,0.172,1.908
1777556994122968154,1777556994117619159,0.255,300,3.956,0.450,4.406,0.490,0.192,5.088
1777556994150032189,1777556994147619463,0.296,300,1.018,0.363,1.381,0.478,0.248,2.107
1777556994169496206,1777556994167622419,0.315,300,0.938,0.322,1.260,0.140,0.152,1.552
1777556994199537537,1777556994197620676,0.280,300,0.978,0.234,1.212,0.173,0.246,1.630
1777556994219648593,1777556994217612398,0.270,300,0.973,0.234,1.208,0.423,0.129,1.760
1777556994249588735,1777556994247634624,0.262,300,0.972,0.307,1.279,0.212,0.194,1.685
1777556994269537384,1777556994267618475,0.207,300,1.037,0.273,1.310,0.216,0.179,1.705
1777556994299784517,1777556994297632124,0.339,300,1.010,0.381,1.390,0.240,0.176,1.807
1777556994319553316,1777556994317619559,0.587,300,0.670,0.250,0.920,0.250,0.171,1.340
1777556994349926887,1777556994347623352,0.238,334,1.232,0.368,1.599,0.293,0.167,2.059
1777556994369681959,1777556994367627267,0.561,334,0.782,0.250,1.032,0.294,0.162,1.488
1777556994399754939,1777556994397622067,0.216,334,1.087,0.301,1.388,0.366,0.158,1.911
1777556994419615935,1777556994417627551,0.242,300,1.087,0.259,1.346,0.211,0.182,1.740
1777556994449628273,1777556994447625520,0.222,379,1.130,0.250,1.381,0.263,0.131,1.775
1777556994469685471,1777556994467622363,0.758,300,0.640,0.278,0.918,0.218,0.163,1.299
1777556994499641037,1777556994497625996,0.386,300,0.887,0.301,1.187,0.293,0.141,1.622
1777556994519490833,1777556994517627703,0.231,300,1.059,0.253,1.312,0.181,0.133,1.626
1777556994549680139,1777556994547627880,0.194,422,1.238,0.198,1.436,0.272,0.145,1.852
1777556994569682359,1777556994567640019,0.234,379,1.177,0.236,1.413,0.246,0.143,1.802
1777556994599802541,1777556994597627908,0.212,422,1.078,0.375,1.453,0.356,0.148,1.956
1777556994619792440,1777556994617622639,0.213,422,1.127,0.292,1.419,0.513,0.021,1.952
1777556994649859116,1777556994647636768,0.246,300,1.135,0.342,1.477,0.475,0.020,1.972
1777556994669696431,1777556994667626283,0.249,300,1.000,0.304,1.304,0.493,0.019,1.816
1777556994699791301,1777556994697647420,0.232,300,1.165,0.245,1.410,0.286,0.210,1.905
1777556994719633480,1777556994717626887,0.372,300,0.912,0.322,1.234,0.251,0.144,1.628
1777556994749931975,1777556994747639384,0.313,300,1.007,0.383,1.391,0.313,0.269,1.973
1777556994769683238,1777556994767629923,0.582,300,0.719,0.246,0.965,0.481,0.020,1.466
1777556994799560273,1777556994797631444,0.229,300,1.144,0.238,1.382,0.137,0.174,1.693
1777556994819623808,1777556994817623390,0.379,334,0.914,0.236,1.150,0.419,0.047,1.616
1777556994850586751,1777556994847639056,0.333,422,2.567,0.013,2.580,0.016,0.014,2.610
1777556994869560280,1777556994867622010,0.304,422,1.019,0.272,1.291,0.130,0.207,1.628
1777556994899664334,1777556994897668717,0.310,334,1.039,0.323,1.362,0.180,0.137,1.679
1777556994919616279,1777556994917630807,0.269,300,1.052,0.273,1.325,0.148,0.237,1.710
1777556994949685003,1777556994947651785,0.240,300,1.104,0.262,1.366,0.269,0.152,1.786
1777556994969556016,1777556994967640531,0.247,300,1.105,0.279,1.384,0.136,0.142,1.662
1777556994999810797,1777556994997640068,0.240,300,1.200,0.204,1.404,0.290,0.230,1.924
1777556995019775732,1777556995017649645,0.619,300,0.738,0.259,0.997,0.420,0.085,1.501
1777556995049673946,1777556995047637303,0.227,300,1.015,0.455,1.470,0.163,0.170,1.804
1777556995079707175,1777556995077635330,0.214,300,1.161,0.287,1.448,0.172,0.231,1.851
1777556995099675308,1777556995097645610,0.604,300,0.757,0.277,1.034,0.162,0.224,1.420
1777556995129731130,1777556995127640437,0.264,379,1.183,0.236,1.418,0.270,0.132,1.820
1777556995149970477,1777556995147648733,0.380,379,0.928,0.368,1.296,0.459,0.180,1.936
1777556995179878067,1777556995177643879,0.465,379,1.029,0.332,1.360,0.264,0.137,1.762
1777556995200013057,1777556995197634894,0.224,300,1.092,0.337,1.429,0.561,0.157,2.147
1777556995229810914,1777556995227637945,0.201,300,1.097,0.372,1.468,0.351,0.146,1.965
1777556995250106808,1777556995247642273,0.653,300,0.602,0.335,0.937,0.516,0.351,1.804
1777556995279950684,1777556995277646764,0.251,379,1.101,0.361,1.462,0.412,0.172,2.046
1777556995299955939,1777556995297641715,0.240,300,1.110,0.315,1.424,0.481,0.163,2.068
1777556995329710818,1777556995327658047,0.196,300,1.074,0.337,1.412,0.261,0.177,1.850
1777556995349773581,1777556995347647110,0.236,334,1.171,0.309,1.480,0.251,0.153,1.884
1777556995382331827,1777556995377651313,0.269,334,2.457,0.310,2.767,0.883,0.754,4.403
1777556995399801792,1777556995397685306,0.216,300,1.208,0.232,1.441,0.307,0.146,1.894
1777556995429803083,1777556995427658340,0.238,300,1.122,0.305,1.427,0.417,0.057,1.901
1777556995449886967,1777556995447652907,0.477,379,1.436,0.018,1.454,0.021,0.275,1.750
1777556995479733978,1777556995477654774,0.234,379,1.219,0.178,1.398,0.260,0.181,1.839
1777556995499777572,1777556995497646589,0.194,379,1.152,0.323,1.475,0.260,0.195,1.930
1777556995530122431,1777556995527648776,0.186,379,1.320,0.221,1.541,0.529,0.211,2.281
1777556995549767670,1777556995547658512,0.191,379,1.068,0.310,1.379,0.353,0.180,1.911
1777556995579740799,1777556995577655962,0.219,300,1.077,0.286,1.363,0.348,0.149,1.860
1777556995600015188,1777556995597645185,0.262,422,1.454,0.222,1.676,0.272,0.154,2.101
1777556995629761459,1777556995627651404,0.794,379,0.690,0.264,0.954,0.236,0.119,1.309
1777556995646294994,1777556995643949537,0.211,464,1.058,0.307,1.366,0.540,0.221,2.127
1777556995681250925,1777556995677654271,0.246,300,1.250,1.433,2.683,0.481,0.180,3.344
1777556995700021465,1777556995697658886,0.391,300,0.982,0.404,1.385,0.415,0.165,1.965
1777556995729986402,1777556995727648561,0.223,300,1.319,0.337,1.656,0.200,0.252,2.108
1777556995749808769,1777556995747652152,0.595,334,0.766,0.230,0.996,0.319,0.241,1.555
1777556995779884335,1777556995777662148,0.240,334,1.274,0.367,1.641,0.166,0.168,1.975
1777556995799820884,1777556995797687468,0.350,334,1.160,0.216,1.376,0.220,0.181,1.777
1777556995829792285,1777556995827800701,0.207,300,1.200,0.265,1.465,0.177,0.136,1.779
1777556995849796805,1777556995847664990,0.390,300,0.955,0.326,1.282,0.298,0.156,1.736
1777556995879969528,1777556995877658152,0.639,300,0.774,0.274,1.048,0.419,0.199,1.666
1777556995899666225,1777556995897658032,0.342,422,0.995,0.260,1.255,0.259,0.145,1.659
1777556995929764705,1777556995927655579,0.380,300,1.009,0.289,1.298,0.257,0.168,1.722
1777556995949674308,1777556995947653730,0.349,334,1.103,0.185,1.287,0.227,0.151,1.665
1777556995979960412,1777556995977657549,0.316,334,1.912,0.043,1.955,0.014,0.013,1.982
1777556996029829027,1777556996027654203,0.255,334,1.104,0.389,1.494,0.253,0.166,1.913
1777556996049828999,1777556996047655870,0.194,300,1.117,0.359,1.476,0.455,0.042,1.973
1777556996080306723,1777556996077657540,0.240,464,1.082,0.278,1.360,0.839,0.204,2.403
1777556996099976183,1777556996097655943,0.251,464,1.303,0.263,1.566,0.337,0.159,2.062
1777556996129761266,1777556996127663757,0.237,334,1.117,0.315,1.432,0.251,0.172,1.854
1777556996149916541,1777556996147659312,0.709,334,0.821,0.209,1.030,0.354,0.158,1.542
1777556996179800828,1777556996177664213,0.395,300,0.969,0.348,1.317,0.260,0.159,1.736
1777556996200019722,1777556996197661433,0.596,422,0.743,0.350,1.092,0.401,0.261,1.754
1777556996229860744,1777556996227669310,0.675,334,0.658,0.385,1.043,0.335,0.133,1.510
1777556996249872204,1777556996247665954,0.239,300,1.094,0.292,1.386,0.439,0.136,1.961
1777556996279829999,1777556996277659943,0.225,464,1.068,0.305,1.372,0.410,0.156,1.939
1777556996299895830,1777556996297681003,0.229,464,1.083,0.403,1.486,0.209,0.284,1.980
1777556996330013857,1777556996327660303,0.265,334,1.051,0.363,1.414,0.424,0.243,2.081
1777556996348811786,1777556996345449544,0.298,334,1.339,0.215,1.554,1.490,0.016,3.060
1777556996379965671,1777556996377655000,0.258,504,1.091,0.424,1.515,0.421,0.110,2.046
1777556996398674700,1777556996396240375,0.606,504,0.762,0.516,1.278,0.264,0.279,1.821
1777556996429994961,1777556996427652096,0.212,766,1.147,0.337,1.484,0.489,0.151,2.124
1777556996450008853,1777556996447666437,0.230,582,1.206,0.270,1.476,0.459,0.170,2.106
1777556996479969721,1777556996477670698,0.248,582,1.090,0.351,1.441,0.454,0.150,2.045
1777556996499736401,1777556996497667405,0.231,504,1.087,0.245,1.332,0.332,0.168,1.831
1777556996529910367,1777556996527666835,0.240,300,1.149,0.286,1.436,0.399,0.162,1.997
1777556996550001991,1777556996547673942,0.279,464,1.048,0.264,1.311,0.561,0.169,2.042
1777556996579881158,1777556996577675260,0.262,379,0.979,0.324,1.303,0.410,0.226,1.938
1777556996599886858,1777556996597658526,0.240,334,1.002,0.343,1.345,0.465,0.172,1.982
1777556996629839213,1777556996627672964,0.249,300,1.093,0.269,1.362,0.401,0.147,1.910
1777556996649895763,1777556996647677000,0.205,464,1.111,0.312,1.424,0.298,0.285,2.007
1777556996680727968,1777556996677676525,0.261,334,1.193,0.859,2.053,0.687,0.045,2.785
1777556996699787030,1777556996697673681,0.209,334,1.121,0.241,1.363,0.387,0.148,1.898
1777556996729894145,1777556996727666294,0.600,300,0.731,0.286,1.017,0.476,0.129,1.622
1777556996749868483,1777556996747672793,0.300,300,1.018,0.331,1.349,0.400,0.141,1.890
1777556996779745666,1777556996777671102,0.315,504,1.168,0.278,1.446,0.158,0.148,1.753
1777556996799615584,1777556996797669378,0.216,422,1.115,0.247,1.362,0.205,0.156,1.723
1777556996829874545,1777556996827686056,0.369,422,0.933,0.331,1.263,0.353,0.197,1.813
1777556996853645483,1777556996847680459,0.206,422,1.131,3.865,4.996,0.736,0.022,5.754
1777556996879995296,1777556996877687473,0.263,300,1.234,0.063,1.298,0.447,0.293,2.039
1777556996899719382,1777556996897679476,0.248,300,1.019,0.268,1.287,0.479,0.021,1.787
1777556996929825952,1777556996927689466,0.217,300,1.109,0.324,1.433,0.356,0.124,1.913
1777556996949836164,1777556996947684125,0.271,464,1.055,0.289,1.343,0.321,0.210,1.874
1777556996979788615,1777556996977756646,0.223,300,1.058,0.332,1.390,0.297,0.116,1.802
1777556996999779818,1777556996997684998,0.612,334,0.740,0.202,0.943,0.373,0.162,1.477
1777556997029863631,1777556997027680070,0.307,422,1.084,0.340,1.424,0.215,0.231,1.870
1777556997049768394,1777556997047690694,0.221,300,1.207,0.266,1.473,0.358,0.020,1.851
1777556997075539039,1777556997073461787,0.184,504,1.099,0.292,1.391,0.204,0.293,1.888
1777556997098751961,1777556997096577328,0.247,422,1.131,0.351,1.482,0.247,0.192,1.921
1777556997130604817,1777556997127691653,0.293,422,1.712,0.259,1.971,0.401,0.240,2.612
1777556997149756488,1777556997147685925,0.224,422,1.072,0.452,1.524,0.159,0.156,1.839
1777556997179770120,1777556997177693700,0.606,504,0.718,0.206,0.924,0.357,0.183,1.464
1777556997199898478,1777556997197685828,0.228,504,1.272,0.387,1.658,0.139,0.181,1.979
1777556997229998034,1777556997227687491,0.557,504,0.903,0.303,1.207,0.456,0.084,1.747
1777556997249985585,1777556997247687203,0.568,422,0.903,0.222,1.125,0.441,0.158,1.724
1777556997280321441,1777556997277689379,1.288,582,0.112,0.832,0.944,0.112,0.281,1.337
1777556997300157209,1777556997297683170,0.450,582,0.892,0.386,1.278,0.468,0.271,2.017
1777556997329884843,1777556997327686402,0.271,334,0.999,0.296,1.295,0.481,0.146,1.922
1777556997349991728,1777556997347689570,0.578,334,0.788,0.284,1.072,0.458,0.188,1.718
1777556997380179193,1777556997377691265,0.226,300,1.234,0.373,1.606,0.478,0.169,2.254
1777556997399839176,1777556997397685409,0.210,504,1.189,0.237,1.426,0.360,0.152,1.937
1777556997430029521,1777556997427693473,0.244,504,1.296,0.286,1.582,0.293,0.210,2.085
1777556997449960813,1777556997447688608,0.216,504,1.076,0.349,1.425,0.473,0.151,2.049
1777556997480442628,1777556997477685791,0.209,300,1.410,0.359,1.769,0.540,0.232,2.541
1777556997499858631,1777556997497693600,0.214,504,1.113,0.307,1.421,0.376,0.149,1.945
1777556997529962444,1777556997527695615,0.197,731,1.131,0.334,1.465,0.488,0.109,2.063
1777556997550074065,1777556997547691743,0.252,422,1.135,0.300,1.435,0.447,0.241,2.124
1777556997580123603,1777556997577812740,0.216,422,1.250,0.163,1.413,0.489,0.187,2.088
1777556997599792995,1777556997597711999,0.258,422,1.020,0.318,1.338,0.321,0.157,1.816
1777556997630012781,1777556997627694942,0.209,300,1.269,0.249,1.518,0.429,0.155,2.102
1777556997649875750,1777556997647703742,0.234,464,1.159,0.228,1.388,0.396,0.148,1.931
1777556997684570343,1777556997677697725,0.234,464,1.115,0.289,1.404,0.709,4.517,6.629
1777556997699988427,1777556997697703869,0.305,334,1.119,0.399,1.518,0.269,0.186,1.973
1777556997730185684,1777556997727704925,0.234,334,1.142,0.477,1.619,0.412,0.209,2.240
1777556997749872484,1777556997747726077,0.560,300,0.744,0.307,1.051,0.382,0.147,1.580
1777556997777352587,1777556997774505826,0.210,422,1.180,0.320,1.500,0.887,0.243,2.630
1777556997799878436,1777556997797705339,0.211,504,1.270,0.208,1.478,0.316,0.162,1.955
1777556997829867011,1777556997827700091,0.231,544,1.158,0.261,1.419,0.339,0.170,1.928
1777556997849800319,1777556997847703131,0.252,300,1.041,0.291,1.332,0.343,0.164,1.839
1777556997879902052,1777556997877694970,0.227,379,1.145,0.320,1.465,0.342,0.167,1.974
1777556997899807743,1777556997897707418,0.279,379,1.410,0.041,1.452,0.233,0.130,1.815
1777556997929794462,1777556997927694905,0.252,657,1.118,0.177,1.294,0.321,0.226,1.841
1777556997949710265,1777556997947690072,0.356,544,1.104,0.218,1.322,0.143,0.193,1.658
1777556997979832287,1777556997977699640,0.241,544,1.146,0.251,1.396,0.341,0.147,1.885
1777556998002990806,1777556997997695064,0.182,620,5.029,0.049,5.078,0.017,0.014,5.109
1777556998029837241,1777556998027694515,0.250,620,1.103,0.425,1.528,0.218,0.140,1.887
1777556998049960603,1777556998047707184,0.185,620,1.320,0.356,1.676,0.263,0.123,2.062
1777556998079978422,1777556998077694281,0.280,544,1.286,0.361,1.646,0.179,0.171,1.997
1777556998099914415,1777556998097699845,0.250,731,1.261,0.306,1.567,0.243,0.147,1.957
1777556998129741568,1777556998127712159,0.177,731,1.201,0.269,1.470,0.195,0.180,1.846
1777556998149702970,1777556998147709531,0.237,582,1.139,0.291,1.431,0.142,0.176,1.749
1777556998179849915,1777556998177710197,0.291,504,1.103,0.326,1.429,0.262,0.151,1.842
1777556998199747602,1777556998197708017,0.296,422,1.459,0.039,1.498,0.064,0.175,1.737
1777556998229790254,1777556998227707371,0.247,422,1.455,0.044,1.499,0.172,0.159,1.829
1777556998249823500,1777556998247707335,0.268,379,1.107,0.281,1.388,0.231,0.222,1.841
1777556998279894473,1777556998277708705,0.236,379,1.101,0.185,1.286,0.447,0.210,1.943
1777556998299743966,1777556998297704124,0.345,379,0.869,0.302,1.171,0.289,0.228,1.688
1777556998329746072,1777556998327718391,0.183,504,1.508,0.017,1.525,0.112,0.201,1.838
1777556998349797974,1777556998347755381,0.202,504,1.079,0.340,1.419,0.161,0.253,1.833
1777556998379856243,1777556998377708780,0.211,464,1.234,0.296,1.530,0.218,0.182,1.930
1777556998399774027,1777556998397701672,0.195,544,1.296,0.208,1.505,0.323,0.044,1.872
1777556998429762468,1777556998427713666,0.616,334,0.813,0.194,1.007,0.216,0.203,1.425
1777556998449776129,1777556998447716766,0.614,334,0.754,0.225,0.978,0.156,0.304,1.438
1777556998479836670,1777556998477707064,0.216,694,1.152,0.425,1.577,0.195,0.135,1.907
1777556998509808662,1777556998507728275,0.313,837,1.114,0.262,1.376,0.228,0.157,1.761
1777556998529981818,1777556998527801970,0.200,544,1.271,0.385,1.656,0.181,0.135,1.972
1777556998559806668,1777556998557720616,0.262,422,1.140,0.263,1.403,0.213,0.201,1.818
1777556998579727524,1777556998577719332,0.255,300,1.161,0.401,1.562,0.041,0.144,1.747
1777556998609847236,1777556998607753343,0.331,300,0.933,0.441,1.374,0.192,0.190,1.757
1777556998629791869,1777556998627709305,0.199,379,1.121,0.311,1.432,0.161,0.284,1.877
1777556998659812696,1777556998657710963,0.199,379,1.145,0.296,1.442,0.236,0.219,1.896
1777556998680584920,1777556998677709935,0.212,582,1.211,1.407,2.618,0.025,0.015,2.658
1777556998709995606,1777556998707856624,0.214,582,1.228,0.243,1.471,0.275,0.173,1.918
1777556998729886445,1777556998727730694,0.660,582,0.879,0.254,1.133,0.188,0.169,1.489
1777556998759780066,1777556998757730848,0.750,379,0.948,0.044,0.992,0.186,0.115,1.292
1777556998779787358,1777556998777724539,0.389,334,0.995,0.317,1.311,0.188,0.167,1.667
1777556998809844219,1777556998807731574,0.656,731,0.670,0.324,0.994,0.300,0.156,1.450
1777556998829968444,1777556998827725713,0.276,657,1.297,0.244,1.541,0.241,0.177,1.960
1777556998859949557,1777556998857728651,0.280,837,1.239,0.366,1.605,0.243,0.087,1.935
1777556998879797962,1777556998877716103,0.265,837,1.175,0.271,1.446,0.234,0.131,1.811
1777556998909731841,1777556998907727553,0.614,464,0.678,0.291,0.969,0.291,0.124,1.384
1777556998929640632,1777556998927718076,0.347,464,0.949,0.236,1.185,0.225,0.159,1.570
1777556998959763160,1777556998957725463,0.379,422,0.888,0.345,1.233,0.306,0.114,1.652
1777556998979669039,1777556998977724819,0.178,379,1.215,0.202,1.418,0.165,0.176,1.758
1777556999009797999,1777556999007719788,0.286,334,1.082,0.188,1.270,0.352,0.164,1.785
1777556999029809447,1777556999027721828,0.219,334,1.169,0.317,1.486,0.217,0.158,1.862
1777556999059829244,1777556999057731097,0.588,300,0.673,0.398,1.071,0.275,0.157,1.503
1777556999080389807,1777556999077741649,0.204,464,1.221,0.268,1.489,0.685,0.264,2.438
1777556999109872843,1777556999107729381,0.299,464,1.108,0.308,1.417,0.275,0.146,1.838
1777556999129703259,1777556999127731325,0.332,300,1.071,0.198,1.269,0.161,0.205,1.634
1777556999162285386,1777556999157724081,2.202,300,1.133,0.458,1.591,0.485,0.277,2.353
1777556999179915762,1777556999177851247,0.247,300,0.968,0.431,1.399,0.172,0.241,1.811
1777556999209923334,1777556999207851652,0.309,694,1.102,0.239,1.341,0.246,0.169,1.756
1777556999229808249,1777556999227740215,0.283,694,1.048,0.282,1.330,0.292,0.157,1.779
1777556999259728457,1777556999257731402,0.560,422,0.736,0.327,1.063,0.290,0.078,1.431
1777556999279842343,1777556999277742531,0.205,766,1.156,0.298,1.454,0.212,0.222,1.888
1777556999307470058,1777556999305254305,0.238,422,1.122,0.613,1.735,0.025,0.211,1.971
1777556999329819858,1777556999327736239,0.270,422,1.115,0.278,1.393,0.175,0.239,1.807
1777556999359927244,1777556999357745124,0.321,544,1.170,0.311,1.481,0.275,0.099,1.856
1777556999380322391,1777556999377722331,0.280,544,1.643,0.245,1.888,0.248,0.177,2.313
1777556999409848660,1777556999407726255,0.322,544,0.962,0.329,1.291,0.326,0.176,1.793
1777556999429965746,1777556999427716743,0.246,300,1.118,0.321,1.439,0.390,0.167,1.996
1777556999459703098,1777556999457726748,0.186,837,1.210,0.205,1.415,0.166,0.203,1.783
1777556999479831064,1777556999477726740,0.226,837,1.122,0.314,1.436,0.279,0.157,1.872
1777556999509821516,1777556999507752554,0.313,620,1.066,0.284,1.351,0.169,0.229,1.749
1777556999529762913,1777556999527730369,0.623,464,0.733,0.355,1.088,0.158,0.156,1.402
1777556999559822201,1777556999557736853,0.297,464,1.037,0.313,1.350,0.201,0.230,1.782
1777556999580079485,1777556999577733485,0.495,464,1.240,0.278,1.518,0.182,0.145,1.845
1777556999609915529,1777556999607737122,0.231,544,1.193,0.278,1.470,0.297,0.173,1.940
1777556999629745658,1777556999627723033,0.198,544,1.126,0.332,1.458,0.202,0.158,1.817
1777556999659951896,1777556999657745007,0.254,872,1.181,0.321,1.502,0.243,0.201,1.946
1777556999680548908,1777556999677735206,0.206,620,1.201,1.331,2.532,0.052,0.018,2.602
1777556999710030600,1777556999707739643,0.187,582,1.315,0.291,1.606,0.325,0.167,2.098
1777556999729761555,1777556999727743859,0.239,334,1.118,0.294,1.412,0.201,0.158,1.772
1777556999759782984,1777556999757735239,0.289,334,0.953,0.381,1.335,0.207,0.211,1.753
1777556999779779008,1777556999777738335,0.307,464,1.007,0.304,1.310,0.209,0.208,1.727
1777556999809741075,1777556999807791990,0.253,464,1.072,0.258,1.330,0.180,0.179,1.689
1777556999829737355,1777556999827831600,0.187,334,1.058,0.302,1.360,0.220,0.132,1.712
1777556999859746880,1777556999857752737,0.216,300,1.068,0.312,1.380,0.225,0.166,1.772
1777556999879691637,1777556999877726392,0.242,300,1.089,0.266,1.356,0.190,0.170,1.716
1777556999909856145,1777556999907782831,0.224,300,1.176,0.318,1.495,0.191,0.157,1.843
1777556999929670209,1777556999927742597,0.237,464,1.185,0.186,1.371,0.158,0.155,1.684
1777556999959959523,1777556999957948899,0.189,334,1.459,0.018,1.477,0.135,0.203,1.815
1777556999979826772,1777556999977739057,0.241,334,1.037,0.249,1.285,0.337,0.217,1.840
1777557000011354896,1777557000007743077,0.542,334,0.802,0.388,1.189,1.716,0.157,3.063
1777557000031506508,1777557000027737849,0.207,334,1.054,0.315,1.369,1.987,0.200,3.555
1777557000059825355,1777557000057748328,0.741,422,0.718,0.202,0.920,0.249,0.161,1.330
1777557000079922532,1777557000077736828,0.322,379,1.033,0.307,1.340,0.354,0.164,1.857
1777557000109843311,1777557000107754924,0.309,334,1.052,0.443,1.496,0.049,0.228,1.773
1777557000130469825,1777557000127742272,0.336,300,1.618,0.409,2.027,0.179,0.178,2.384
1777557000160133632,1777557000157744814,0.211,300,1.040,0.335,1.375,0.720,0.076,2.171
1777557000180074513,1777557000177753027,0.329,300,1.239,0.410,1.649,0.156,0.181,1.986
1777557000210402480,1777557000207786836,0.223,300,1.140,0.292,1.431,0.794,0.160,2.385
1777557000230058388,1777557000227745254,0.232,300,1.124,0.230,1.354,0.531,0.189,2.074
1777557000260617245,1777557000257783799,0.770,300,0.605,0.261,0.866,0.992,0.199,2.057
1777557000279875598,1777557000277747241,0.196,300,1.146,0.342,1.488,0.268,0.170,1.926
1777557000310358452,1777557000307785946,0.350,379,1.028,0.375,1.403,0.668,0.145,2.216
1777557000339842442,1777557000337755527,0.211,300,1.222,0.239,1.461,0.215,0.194,1.869
1777557000360014567,1777557000357766748,0.505,300,1.573,0.043,1.616,0.038,0.083,1.736
1777557000389822348,1777557000387759562,0.639,300,0.732,0.277,1.009,0.184,0.225,1.418
1777557000409822625,1777557000407756735,1.000,300,0.304,0.373,0.677,0.208,0.174,1.060
1777557000441016968,1777557000437754029,0.213,300,1.867,0.271,2.138,0.820,0.084,3.043
1777557000460041102,1777557000457756386,0.648,300,0.729,0.186,0.915,0.610,0.105,1.630
1777557000489886550,1777557000487751952,0.612,300,1.033,0.045,1.077,0.292,0.147,1.517
1777557000509601597,1777557000507765126,0.527,300,0.731,0.296,1.027,0.149,0.126,1.302
1777557000539787924,1777557000537761140,0.930,334,0.371,0.358,0.729,0.169,0.191,1.090
1777557000559642178,1777557000557764969,0.278,300,1.011,0.290,1.300,0.157,0.135,1.593
1777557000589760278,1777557000587749623,0.592,422,0.716,0.430,1.146,0.179,0.088,1.413
1777557000609718408,1777557000607769964,0.743,422,0.624,0.252,0.877,0.197,0.124,1.198
1777557000639862494,1777557000637763994,0.296,379,1.043,0.360,1.403,0.149,0.243,1.796
1777557000659760686,1777557000657767919,0.201,379,1.138,0.278,1.415,0.252,0.118,1.785
1777557000689840896,1777557000687756637,0.200,379,1.166,0.253,1.419,0.232,0.227,1.878
1777557000709809011,1777557000707751217,0.549,379,0.860,0.298,1.158,0.147,0.198,1.503
1777557000739667867,1777557000737753984,0.250,504,1.414,0.012,1.426,0.041,0.190,1.657
1777557000760181640,1777557000757760341,0.200,379,1.459,0.179,1.639,0.360,0.217,2.216
1777557000789740258,1777557000787758180,0.202,379,1.162,0.201,1.364,0.259,0.150,1.773
1777557000810026340,1777557000807757016,0.359,379,0.940,0.358,1.298,0.458,0.148,1.904
1777557000829741579,1777557000827764173,0.300,300,1.005,0.331,1.336,0.097,0.238,1.671
1777557000859833054,1777557000857770012,0.759,300,0.552,0.268,0.819,0.236,0.241,1.297
1777557000880169954,1777557000877755024,0.338,300,1.551,0.045,1.596,0.317,0.156,2.070
1777557000909872835,1777557000907761695,0.317,334,1.012,0.344,1.357,0.263,0.167,1.787
1777557000929766130,1777557000927762739,0.262,334,1.057,0.301,1.357,0.285,0.093,1.735
1777557000959855717,1777557000957876103,0.216,334,1.015,0.302,1.317,0.241,0.198,1.756
1777557000979962047,1777557000977773687,0.170,379,1.213,0.435,1.648,0.158,0.206,2.012
1777557001009728673,1777557001007766277,0.274,334,1.082,0.228,1.309,0.176,0.197,1.682
1777557001029731410,1777557001027768085,0.365,300,1.295,0.018,1.313,0.127,0.152,1.592
1777557001055781505,1777557001053760385,0.282,300,1.107,0.135,1.243,0.169,0.321,1.732
1777557001089754054,1777557001087763207,0.205,300,1.036,0.325,1.361,0.248,0.170,1.779
1777557001109979393,1777557001107757464,0.307,300,0.964,0.278,1.242,0.470,0.196,1.908
1777557001139807522,1777557001137769506,0.198,300,1.100,0.345,1.445,0.270,0.120,1.834
1777557001160606041,1777557001157798900,0.199,300,1.202,0.263,1.465,0.932,0.205,2.601
1777557001189758202,1777557001187769116,0.581,379,0.730,0.273,1.003,0.243,0.156,1.402
1777557001209862799,1777557001207778605,0.415,379,0.882,0.327,1.209,0.386,0.068,1.662
1777557001239882233,1777557001237762197,0.202,422,1.120,0.347,1.467,0.233,0.211,1.911
1777557001259778405,1777557001257772999,0.244,300,1.111,0.397,1.508,0.072,0.175,1.754
1777557001289741933,1777557001287767055,0.242,300,1.019,0.356,1.375,0.190,0.162,1.727
1777557001310181906,1777557001307765024,0.283,334,0.948,0.334,1.282,0.677,0.168,2.127
1777557001339916751,1777557001337780842,0.234,300,1.079,0.334,1.413,0.252,0.229,1.894
1777557001360055654,1777557001357768762,0.337,422,1.071,0.452,1.523,0.182,0.238,1.943
1777557001390218743,1777557001387769219,0.236,379,1.313,0.391,1.704,0.351,0.151,2.206
1777557001409861303,1777557001407764372,0.500,379,0.856,0.282,1.138,0.275,0.178,1.591
1777557001439975078,1777557001437862338,0.469,422,0.850,0.278,1.127,0.371,0.138,1.636
1777557001464285602,1777557001457779247,0.914,334,0.753,4.792,5.545,0.028,0.014,5.587
1777557001489998945,1777557001487782200,0.530,334,0.842,0.333,1.175,0.310,0.195,1.680
1777557001510005266,1777557001507785865,0.284,464,1.198,0.170,1.368,0.390,0.171,1.929
1777557001539835955,1777557001537775698,0.624,379,0.661,0.252,0.913,0.390,0.127,1.430
1777557001559920264,1777557001557785635,0.198,300,1.174,0.281,1.454,0.340,0.135,1.930
1777557001589779210,1777557001587786124,0.576,379,0.669,0.303,0.972,0.273,0.166,1.411
1777557001609866143,1777557001607810686,0.995,300,0.501,0.172,0.673,0.212,0.168,1.054
1777557001639831015,1777557001637769189,0.208,464,1.091,0.300,1.391,0.346,0.111,1.848
1777557001659837112,1777557001657784407,0.165,464,1.174,0.340,1.513,0.249,0.120,1.882
1777557001689925253,1777557001687784416,0.221,300,1.202,0.371,1.573,0.219,0.121,1.913
1777557001709873107,1777557001707790609,0.649,300,0.639,0.401,1.040,0.250,0.138,1.428
1777557001739830170,1777557001737788570,0.327,300,0.958,0.374,1.332,0.279,0.097,1.709
1777557001759786217,1777557001757781930,0.204,300,1.529,0.043,1.573,0.038,0.184,1.794
1777557001789799187,1777557001787790644,0.462,300,0.825,0.367,1.191,0.192,0.156,1.539
1777557001810250841,1777557001807793989,0.221,334,1.389,0.374,1.763,0.329,0.137,2.230
1777557001839918930,1777557001837789646,0.236,334,1.112,0.293,1.405,0.336,0.145,1.886
1777557001859812318,1777557001857791679,0.219,300,1.064,0.275,1.339,0.312,0.145,1.796
1777557001889720611,1777557001887787048,0.599,300,0.735,0.273,1.008,0.171,0.148,1.327
1777557001909831161,1777557001907784376,0.277,300,0.997,0.388,1.385,0.179,0.198,1.763
1777557001939800609,1777557001937813891,0.585,300,0.701,0.426,1.127,0.146,0.122,1.395
1777557001959887958,1777557001957784434,0.232,300,1.103,0.361,1.465,0.253,0.147,1.865
1777557001988873903,1777557001983920389,0.328,300,0.908,3.310,4.219,0.225,0.175,4.618
1777557002010018869,1777557002007786764,0.241,300,1.657,0.068,1.725,0.066,0.194,1.985
1777557002039735243,1777557002037800816,0.239,300,1.089,0.300,1.389,0.166,0.135,1.690
1777557002059876063,1777557002057796573,0.260,379,1.093,0.297,1.390,0.273,0.149,1.812
1777557002082825719,1777557002080393828,0.261,379,1.128,0.274,1.401,0.718,0.046,2.166
1777557002109712904,1777557002107793166,0.231,300,1.097,0.318,1.415,0.137,0.129,1.682
1777557002139752814,1777557002137795698,0.430,300,0.827,0.347,1.174,0.200,0.146,1.520
1777557002159831422,1777557002157894275,0.282,300,1.072,0.271,1.343,0.143,0.163,1.648
1777557002189841027,1777557002187787618,0.192,300,1.254,0.292,1.546,0.185,0.125,1.856
1777557002209737419,1777557002207790703,0.437,300,0.860,0.321,1.181,0.145,0.177,1.503
1777557002239957817,1777557002237784851,0.180,300,1.178,0.277,1.456,0.290,0.241,1.986
1777557002259889667,1777557002257794624,0.254,334,1.045,0.317,1.362,0.247,0.226,1.834
1777557002289890406,1777557002287794788,0.275,379,1.091,0.292,1.383,0.285,0.146,1.814
1777557002310083997,1777557002307784241,0.564,504,0.926,0.341,1.267,0.335,0.127,1.730
1777557002339870870,1777557002337805397,0.250,464,1.016,0.330,1.346,0.314,0.150,1.809
1777557002360026699,1777557002357794530,0.186,620,1.232,0.294,1.526,0.362,0.152,2.040
1777557002389965996,1777557002387796902,0.187,657,1.340,0.208,1.548,0.275,0.153,1.976
1777557002410317321,1777557002407791154,0.953,657,0.494,1.035,1.529,0.025,0.014,1.569
1777557002439924251,1777557002437792022,0.180,379,1.124,0.401,1.525,0.272,0.148,1.945
1777557002459846628,1777557002457799780,0.660,334,0.594,0.354,0.948,0.218,0.214,1.380
1777557002489975182,1777557002487787015,0.298,504,1.099,0.266,1.365,0.352,0.166,1.883
1777557002509986619,1777557002507804309,0.747,422,0.791,0.289,1.080,0.202,0.147,1.429
1777557002539942749,1777557002537800504,0.198,379,1.137,0.210,1.348,0.414,0.175,1.937
1777557002559793283,1777557002557796805,0.211,300,1.128,0.188,1.316,0.308,0.155,1.779
1777557002589814152,1777557002587791785,0.203,504,1.071,0.312,1.383,0.267,0.164,1.813
1777557002609933114,1777557002607796790,0.196,422,1.215,0.199,1.415,0.365,0.154,1.934
1777557002639968128,1777557002637792921,0.214,464,1.133,0.214,1.347,0.397,0.210,1.955
1777557002659845031,1777557002657833448,0.269,464,1.345,0.044,1.389,0.150,0.198,1.737
1777557002689947984,1777557002687796394,0.201,300,1.080,0.340,1.421,0.281,0.242,1.944
1777557002709944477,1777557002707796760,0.314,300,0.940,0.349,1.289,0.377,0.161,1.827
1777557002759744388,1777557002757796360,0.355,464,1.010,0.199,1.209,0.253,0.124,1.586
1777557002789915440,1777557002787832846,0.245,464,1.173,0.266,1.439,0.232,0.159,1.831
1777557002809692146,1777557002807795737,0.261,379,1.036,0.327,1.362,0.223,0.045,1.630
1777557002839936738,1777557002837802397,0.249,300,1.101,0.315,1.416,0.337,0.125,1.878
1777557002860104247,1777557002857803946,0.219,300,1.048,0.340,1.388,0.580,0.107,2.075
1777557002889996373,1777557002887802158,0.573,300,0.694,0.254,0.948,0.432,0.233,1.614
1777557002909960865,1777557002907804731,0.306,300,0.981,0.355,1.336,0.487,0.021,1.844
1777557002940792395,1777557002937797054,0.238,300,1.048,0.277,1.325,1.176,0.250,2.751
1777557002960842395,1777557002957815276,0.440,300,0.973,0.318,1.290,0.797,0.493,2.580
1777557002989970038,1777557002987800655,0.591,300,0.646,0.316,0.962,0.509,0.102,1.573
1777557003010306609,1777557003007828989,0.241,334,1.023,0.330,1.353,0.858,0.021,2.232
1777557003039922814,1777557003037804122,0.736,422,0.766,0.286,1.052,0.159,0.165,1.376
1777557003059776800,1777557003057799396,0.411,334,0.867,0.410,1.276,0.137,0.147,1.560
1777557003089874883,1777557003087810466,0.184,422,1.175,0.330,1.505,0.204,0.166,1.874
1777557003109788329,1777557003107804460,0.368,422,0.927,0.391,1.318,0.118,0.173,1.609
1777557003139752165,1777557003137823691,0.232,300,1.084,0.320,1.404,0.184,0.103,1.691
1777557003159691340,1777557003157809012,0.547,300,0.851,0.238,1.090,0.196,0.044,1.330
1777557003190249476,1777557003187813746,0.193,300,1.155,0.264,1.419,0.715,0.103,2.237
1777557003209853499,1777557003207806907,0.530,300,0.809,0.182,0.990,0.374,0.146,1.510
1777557003240160808,1777557003237815194,0.201,300,1.134,0.354,1.488,0.518,0.132,2.137
1777557003259741566,1777557003257820740,0.248,334,0.998,0.359,1.358,0.172,0.136,1.666
1777557003289980743,1777557003287818402,0.305,300,0.993,0.334,1.327,0.352,0.171,1.850
1777557003309747654,1777557003307813195,0.301,379,0.957,0.376,1.333,0.214,0.080,1.628
1777557003339762981,1777557003337811049,0.260,334,1.072,0.267,1.339,0.189,0.157,1.685
1777557003359792495,1777557003357813043,0.250,300,1.072,0.298,1.370,0.190,0.162,1.723
1777557003389831088,1777557003387818321,0.294,300,1.171,0.204,1.374,0.208,0.129,1.712
1777557003409758486,1777557003407814202,0.226,300,0.995,0.369,1.364,0.160,0.187,1.712
1777557003439971294,1777557003437818841,0.266,300,1.379,0.168,1.547,0.198,0.135,1.880
1777557003470124707,1777557003467812983,0.293,300,1.041,0.570,1.612,0.227,0.174,2.012
1777557003490922194,1777557003487823169,0.269,300,1.076,0.376,1.452,1.202,0.170,2.824
1777557003519846014,1777557003517824415,0.256,300,1.068,0.300,1.368,0.274,0.118,1.759
1777557003539769892,1777557003537812360,0.202,379,1.191,0.386,1.577,0.042,0.130,1.749
1777557003569851430,1777557003567877289,0.368,379,0.999,0.330,1.330,0.069,0.201,1.600
1777557003589856912,1777557003587823056,0.321,464,0.985,0.309,1.294,0.186,0.226,1.706
1777557003616788510,1777557003614354476,0.578,300,0.753,0.486,1.239,0.453,0.159,1.850
1777557003639773524,1777557003637818712,0.208,300,1.028,0.347,1.374,0.175,0.191,1.740
1777557003669816884,1777557003667834327,0.601,300,0.739,0.309,1.048,0.176,0.151,1.374
1777557003689772155,1777557003687833312,0.228,300,1.058,0.341,1.399,0.152,0.153,1.704
1777557003719889887,1777557003717822302,0.316,300,1.056,0.366,1.422,0.152,0.171,1.745
1777557003739916778,1777557003737820071,0.259,300,1.068,0.325,1.393,0.194,0.245,1.832
1777557003769723071,1777557003767825094,0.254,300,1.002,0.314,1.317,0.132,0.188,1.637
1777557003789808460,1777557003787823951,0.189,300,1.189,0.474,1.663,0.085,0.042,1.790
1777557003819720807,1777557003817828718,0.212,379,1.155,0.163,1.318,0.151,0.205,1.673
1777557003839950363,1777557003837824279,0.245,300,1.063,0.483,1.546,0.044,0.284,1.874
1777557003869778193,1777557003867813973,0.257,300,1.106,0.270,1.376,0.179,0.146,1.701
1777557003889928321,1777557003887823583,0.595,464,0.821,0.251,1.072,0.200,0.230,1.502
1777557003920967152,1777557003917832381,0.575,504,0.767,0.330,1.097,1.209,0.247,2.553
1777557003940366846,1777557003937821606,0.378,504,1.110,0.265,1.375,0.765,0.022,2.161
1777557003969868933,1777557003967837829,0.318,504,1.015,0.398,1.413,0.188,0.105,1.706
1777557003989954738,1777557003987838223,0.592,379,0.709,0.254,0.963,0.261,0.294,1.518
1777557004019996144,1777557004017836139,0.339,300,0.969,0.320,1.289,0.281,0.243,1.814
1777557004040899008,1777557004037829072,0.249,300,1.193,0.240,1.433,1.121,0.260,2.814
1777557004070085747,1777557004067819017,0.202,300,1.199,0.326,1.525,0.324,0.208,2.057
1777557004090063831,1777557004087837551,0.307,300,1.073,0.198,1.271,0.353,0.289,1.913
1777557004119855783,1777557004117831560,0.222,334,1.196,0.192,1.388,0.236,0.171,1.795
1777557004140107608,1777557004137825774,0.316,334,0.978,0.269,1.246,0.572,0.141,1.959
1777557004169957450,1777557004167834151,0.617,379,0.778,0.179,0.957,0.522,0.021,1.501
1777557004189935375,1777557004187829933,0.611,379,0.720,0.266,0.987,0.379,0.123,1.488
1777557004220010603,1777557004217839014,0.632,300,0.709,0.346,1.054,0.387,0.092,1.533
1777557004239954767,1777557004237859885,0.270,334,1.132,0.205,1.336,0.283,0.199,1.818
1777557004269963848,1777557004267835108,0.265,300,1.094,0.218,1.313,0.366,0.178,1.857
1777557004289883370,1777557004287829002,0.207,300,1.077,0.198,1.275,0.424,0.141,1.840
1777557004319836993,1777557004317832771,0.390,300,0.877,0.274,1.151,0.440,0.019,1.610
1777557004339958636,1777557004337833161,0.232,334,1.087,0.224,1.311,0.533,0.043,1.887
1777557004369949093,1777557004367836098,0.603,334,0.691,0.346,1.037,0.288,0.177,1.503
1777557004389969739,1777557004387823111,0.251,620,1.037,0.352,1.389,0.347,0.151,1.888
1777557004420010150,1777557004417823072,0.236,379,1.266,0.094,1.360,0.564,0.021,1.945
1777557004440167571,1777557004437863752,0.200,379,1.241,0.301,1.542,0.538,0.019,2.098
1777557004469816924,1777557004467837631,0.219,300,1.041,0.283,1.324,0.290,0.140,1.754
1777557004489880293,1777557004487834437,0.210,300,1.018,0.335,1.352,0.336,0.140,1.829
1777557004519800954,1777557004517836766,0.220,464,1.128,0.235,1.363,0.241,0.133,1.737
1777557004539941094,1777557004537833476,0.242,379,1.158,0.195,1.353,0.381,0.125,1.859
1777557004570170602,1777557004567929953,0.217,379,1.287,0.237,1.524,0.341,0.152,2.017
1777557004589808831,1777557004587849443,0.314,300,0.979,0.322,1.301,0.186,0.152,1.639
1777557004619796439,1777557004617853724,0.708,300,0.604,0.303,0.907,0.244,0.077,1.229
1777557004639977542,1777557004637832769,0.209,300,1.086,0.241,1.327,0.463,0.140,1.929
1777557004669959422,1777557004667846427,0.774,300,0.548,0.327,0.874,0.333,0.125,1.333
1777557004689987653,1777557004687851457,0.615,300,0.769,0.207,0.975,0.520,0.020,1.515
1777557004720148837,1777557004717846138,0.204,300,1.444,0.244,1.688,0.280,0.124,2.092
1777557004739865630,1777557004737840511,0.362,379,0.936,0.254,1.190,0.447,0.020,1.657
1777557004769940346,1777557004767885082,0.243,300,1.123,0.262,1.385,0.251,0.171,1.806
1777557004789809754,1777557004787852927,0.692,300,0.609,0.303,0.912,0.170,0.177,1.259
1777557004819951001,1777557004817882553,0.223,464,1.142,0.356,1.498,0.299,0.042,1.839
1777557004839777975,1777557004837839677,0.242,379,1.171,0.186,1.358,0.312,0.021,1.691
1777557004869906870,1777557004867854166,0.217,379,1.208,0.273,1.481,0.329,0.020,1.830
1777557004889882587,1777557004887971362,0.248,300,1.042,0.338,1.380,0.204,0.073,1.657
1777557004919791119,1777557004917858613,0.277,300,1.367,0.042,1.408,0.124,0.117,1.649
1777557004939861401,1777557004937849531,0.482,379,0.921,0.256,1.177,0.167,0.178,1.522
1777557004970092732,1777557004967851156,0.178,379,1.367,0.424,1.791,0.087,0.178,2.056
1777557004989788628,1777557004987839129,0.199,300,1.078,0.329,1.406,0.128,0.209,1.743
1777557005019894191,1777557005017933844,0.620,544,0.738,0.237,0.975,0.227,0.132,1.334
1777557005039908466,1777557005037881844,0.238,544,1.137,0.314,1.451,0.193,0.138,1.782
1777557005069949223,1777557005067854630,0.241,334,1.525,0.018,1.543,0.055,0.249,1.847
1777557005089843717,1777557005087846760,0.440,464,0.930,0.204,1.133,0.256,0.161,1.551
1777557005119896027,1777557005117871100,0.294,657,1.086,0.438,1.524,0.105,0.095,1.724
1777557005142662174,1777557005137842365,0.251,657,4.057,0.111,4.168,0.334,0.061,4.562
1777557005170198238,1777557005167862770,0.215,300,1.320,0.525,1.845,0.093,0.177,2.115
1777557005190003128,1777557005187867092,0.735,504,0.705,0.316,1.020,0.355,0.020,1.395
1777557005219934152,1777557005217853127,0.331,422,1.104,0.314,1.418,0.307,0.020,1.745
1777557005239816485,1777557005237859082,0.221,422,1.022,0.415,1.437,0.275,0.020,1.732
1777557005269951583,1777557005267864414,0.499,334,0.918,0.308,1.225,0.127,0.229,1.581
1777557005289763736,1777557005287919042,0.304,300,1.004,0.233,1.237,0.183,0.114,1.533
1777557005319756875,1777557005317856499,0.191,300,1.106,0.312,1.418,0.138,0.147,1.703
1777557005339766030,1777557005337867030,0.655,300,0.656,0.278,0.934,0.163,0.141,1.238
1777557005364074169,1777557005361607558,0.269,300,1.858,0.047,1.905,0.078,0.207,2.190
1777557005389895018,1777557005387863467,0.213,334,1.146,0.264,1.410,0.188,0.213,1.811
1777557005419957472,1777557005417822397,0.348,334,1.220,0.253,1.474,0.166,0.140,1.779
1777557005440035398,1777557005437882498,0.263,334,1.233,0.252,1.485,0.239,0.159,1.883
1777557005470013049,1777557005467878421,0.723,334,0.661,0.353,1.014,0.155,0.237,1.405
1777557005489941272,1777557005487856311,0.696,464,0.646,0.392,1.038,0.209,0.135,1.382
1777557005520017487,1777557005517895500,0.286,300,0.968,0.439,1.407,0.304,0.119,1.829
1777557005540167704,1777557005537856717,0.504,300,0.823,0.286,1.109,0.567,0.125,1.800
1777557005569950882,1777557005567875201,0.760,300,0.543,0.243,0.785,0.404,0.120,1.309
1777557005590124716,1777557005587882500,0.487,300,0.723,0.317,1.040,0.439,0.271,1.750
1777557005620414285,1777557005617865238,0.241,504,1.251,0.191,1.442,0.671,0.188,2.301
1777557005640217894,1777557005637858776,0.378,464,0.949,0.288,1.237,0.566,0.171,1.975
1777557005670283037,1777557005667864524,0.656,300,0.787,0.194,0.980,0.602,0.173,1.755
1777557005689717413,1777557005687861198,0.301,300,0.968,0.292,1.260,0.137,0.151,1.548
1777557005720184494,1777557005717862338,0.180,300,1.061,0.308,1.370,0.604,0.162,2.136
1777557005739979975,1777557005737857892,0.272,300,1.231,0.249,1.480,0.171,0.192,1.843
1777557005773390585,1777557005767869208,0.264,300,4.345,0.070,4.415,0.807,0.030,5.252
1777557005790076129,1777557005787863482,0.185,300,1.191,0.254,1.445,0.442,0.134,2.021
1777557005819769670,1777557005817863853,0.314,300,0.990,0.280,1.270,0.202,0.113,1.585
1777557005839993235,1777557005837859856,0.337,300,0.914,0.284,1.197,0.357,0.235,1.790
1777557005869915331,1777557005867854659,0.336,300,0.969,0.450,1.420,0.278,0.022,1.719
1777557005889822113,1777557005887864550,0.249,300,1.037,0.301,1.338,0.196,0.168,1.702
1777557005919867350,1777557005917854905,0.413,300,0.985,0.295,1.280,0.159,0.152,1.592
1777557005939896602,1777557005937860635,0.361,334,0.888,0.252,1.140,0.510,0.021,1.671
1777557005969792969,1777557005967873391,0.225,300,1.088,0.311,1.399,0.212,0.078,1.689
1777557005989901136,1777557005987868177,0.765,300,0.631,0.352,0.983,0.134,0.144,1.261
1777557006019719224,1777557006017874019,0.193,334,1.117,0.254,1.372,0.217,0.058,1.646
1777557006039684246,1777557006037860481,0.312,300,0.962,0.305,1.267,0.195,0.045,1.507
1777557006069814122,1777557006067873776,0.581,300,0.717,0.272,0.988,0.197,0.166,1.352
1777557006089930958,1777557006087865614,0.200,334,1.111,0.407,1.518,0.123,0.218,1.858
1777557006119855321,1777557006117876925,0.233,334,1.040,0.347,1.386,0.148,0.203,1.737
1777557006139702384,1777557006137855099,0.701,300,0.615,0.282,0.898,0.187,0.056,1.140
1777557006169788770,1777557006167870826,0.214,300,1.019,0.294,1.314,0.159,0.225,1.698
1777557006189821219,1777557006187861928,0.228,300,1.159,0.218,1.377,0.193,0.154,1.724
1777557006219818193,1777557006217882519,0.277,300,1.027,0.283,1.309,0.167,0.176,1.652
1777557006239917780,1777557006237881494,0.208,422,1.126,0.360,1.487,0.170,0.165,1.822
1777557006269736538,1777557006267874948,0.213,379,1.128,0.243,1.371,0.146,0.125,1.642
1777557006290138827,1777557006287870178,0.379,464,1.014,0.381,1.395,0.255,0.232,1.882
1777557006319840972,1777557006317880273,0.581,300,0.797,0.218,1.014,0.179,0.179,1.372
1777557006340010706,1777557006337866479,0.209,300,1.048,0.268,1.316,0.594,0.019,1.929
1777557006369923261,1777557006367857341,0.428,300,0.969,0.297,1.266,0.165,0.200,1.632
1777557006389823735,1777557006387872476,0.290,300,1.004,0.302,1.306,0.188,0.161,1.654
1777557006420092593,1777557006417873642,0.230,300,1.034,0.486,1.520,0.274,0.187,1.981
1777557006440523972,1777557006437875529,0.730,300,0.826,0.850,1.676,0.024,0.210,1.911
1777557006469870900,1777557006467983517,0.451,379,0.875,0.295,1.170,0.204,0.057,1.431
1777557006489922805,1777557006487876246,0.587,334,0.734,0.279,1.013,0.197,0.243,1.453
1777557006519868193,1777557006517894885,0.231,334,1.112,0.311,1.422,0.169,0.143,1.735
1777557006540004358,1777557006537877763,0.225,379,1.271,0.311,1.582,0.137,0.175,1.895
1777557006569827980,1777557006567892082,0.285,379,1.072,0.261,1.332,0.157,0.154,1.644
1777557006589916207,1777557006587892273,0.649,379,0.618,0.372,0.990,0.234,0.145,1.369
1777557006617193183,1777557006614526755,0.225,300,1.142,0.233,1.375,0.795,0.266,2.436
1777557006639868794,1777557006637916031,0.228,300,1.178,0.093,1.271,0.254,0.194,1.719
1777557006669999566,1777557006667890508,0.254,300,1.070,0.420,1.490,0.174,0.184,1.848
1777557006690789553,1777557006687883723,0.647,300,0.746,0.453,1.198,0.783,0.269,2.250
1777557006720134145,1777557006717978621,0.214,300,1.153,0.410,1.562,0.188,0.184,1.935
1777557006749905893,1777557006747894183,0.224,300,1.087,0.378,1.465,0.135,0.182,1.782
1777557006769903683,1777557006767883494,0.453,300,0.932,0.285,1.217,0.184,0.160,1.561
1777557006799866256,1777557006797884628,0.268,422,1.011,0.302,1.313,0.241,0.153,1.707
1777557006819941618,1777557006817890451,0.593,379,0.862,0.276,1.137,0.127,0.187,1.452
1777557006849851196,1777557006847897025,0.197,379,1.249,0.311,1.560,0.023,0.168,1.751
1777557006870068773,1777557006867911169,0.227,300,1.206,0.362,1.569,0.235,0.121,1.924
1777557006899872042,1777557006897894574,0.243,300,1.080,0.306,1.386,0.189,0.152,1.727
1777557006922862323,1777557006917885997,0.322,300,0.952,3.385,4.337,0.232,0.078,4.648
1777557006949780115,1777557006947889723,0.218,300,1.083,0.272,1.355,0.157,0.154,1.666
1777557006969967898,1777557006967885882,0.199,334,1.131,0.293,1.424,0.157,0.295,1.876
1777557006999931943,1777557006997890152,0.222,464,1.203,0.292,1.495,0.227,0.092,1.814
1777557007019846495,1777557007017878212,0.253,379,1.041,0.333,1.374,0.175,0.160,1.709
1777557007049964557,1777557007047893133,0.250,422,1.080,0.366,1.446,0.255,0.113,1.815
1777557007069880004,1777557007067888264,0.316,422,1.018,0.308,1.326,0.203,0.140,1.669
1777557007100103128,1777557007097922003,0.274,422,1.091,0.277,1.368,0.368,0.164,1.900
1777557007119921483,1777557007117902029,0.234,334,1.092,0.340,1.432,0.269,0.078,1.779
1777557007149953525,1777557007147901942,0.335,379,1.025,0.247,1.272,0.276,0.162,1.710
1777557007169889261,1777557007167890385,0.227,379,1.044,0.349,1.393,0.201,0.171,1.765
1777557007200052190,1777557007197888826,0.227,379,1.082,0.425,1.507,0.286,0.137,1.930
1777557007219929779,1777557007217891477,0.279,300,0.982,0.369,1.350,0.259,0.144,1.752
1777557007249947101,1777557007247920415,0.232,300,1.102,0.244,1.346,0.289,0.154,1.788
1777557007270085087,1777557007267892665,0.230,300,1.155,0.437,1.592,0.145,0.218,1.956
1777557007299968162,1777557007297893122,0.244,464,1.129,0.339,1.469,0.226,0.130,1.824
1777557007320054465,1777557007317893342,0.264,300,1.065,0.349,1.414,0.275,0.201,1.890
1777557007350145902,1777557007347899303,0.248,334,1.263,0.398,1.661,0.187,0.144,1.992
1777557007369889406,1777557007367889986,0.339,334,1.042,0.273,1.315,0.180,0.158,1.653
1777557007399994156,1777557007397892843,0.236,300,1.071,0.281,1.352,0.290,0.216,1.858
1777557007419931716,1777557007417897574,0.197,300,1.172,0.275,1.447,0.179,0.205,1.831
1777557007450920987,1777557007447906255,1.558,300,1.347,0.046,1.393,0.015,0.043,1.451
1777557007469840356,1777557007467903019,0.186,379,1.178,0.194,1.372,0.213,0.160,1.745
1777557007499818892,1777557007497945685,0.209,300,1.096,0.254,1.350,0.229,0.079,1.658
1777557007519862889,1777557007517907983,0.422,300,0.909,0.249,1.158,0.178,0.189,1.526
1777557007549841777,1777557007547902232,0.341,379,0.971,0.273,1.245,0.228,0.119,1.592
1777557007569964722,1777557007567895443,0.240,379,1.076,0.427,1.502,0.176,0.145,1.823
1777557007599880183,1777557007597913180,0.250,379,1.083,0.279,1.362,0.210,0.139,1.711
1777557007619858897,1777557007617900759,0.422,300,0.882,0.282,1.165,0.159,0.207,1.530
1777557007646340472,1777557007644093616,0.476,422,0.844,0.356,1.200,0.384,0.179,1.764
1777557007670064991,1777557007667935901,0.311,464,1.116,0.279,1.395,0.225,0.193,1.812
1777557007699921729,1777557007697899140,0.370,334,1.068,0.231,1.299,0.154,0.192,1.645
1777557007719888283,1777557007717899871,0.631,334,0.669,0.282,0.951,0.172,0.229,1.351
1777557007750108782,1777557007747901832,0.176,422,1.377,0.291,1.668,0.046,0.310,2.024
1777557007769941474,1777557007767901475,0.456,379,1.339,0.019,1.358,0.037,0.183,1.577
1777557007800185590,1777557007797910285,0.887,379,0.609,0.286,0.894,0.148,0.339,1.382
1777557007820083308,1777557007817913576,0.205,300,1.283,0.403,1.686,0.227,0.046,1.959
1777557007850087989,1777557007847904337,0.197,379,1.511,0.019,1.530,0.343,0.108,1.981
1777557007869969547,1777557007867911724,0.350,379,0.988,0.570,1.559,0.025,0.118,1.701
1777557007899887472,1777557007897903157,0.467,422,1.234,0.053,1.287,0.054,0.169,1.510
1777557007920045875,1777557007917919633,0.197,334,1.061,0.333,1.393,0.345,0.185,1.923
1777557007950120639,1777557007947908825,0.180,504,1.364,0.294,1.658,0.223,0.144,2.025
1777557007970038103,1777557007967906996,0.194,422,1.144,0.363,1.507,0.294,0.130,1.931
1777557007998025667,1777557007995814269,0.757,422,0.566,0.283,0.848,0.403,0.196,1.448
1777557008020099003,1777557008017895030,0.228,582,1.137,0.404,1.541,0.274,0.153,1.969
1777557008050125120,1777557008047926139,0.207,582,1.250,0.312,1.562,0.297,0.127,1.986
1777557008069996306,1777557008067912946,0.229,544,1.240,0.244,1.484,0.228,0.135,1.848
1777557008100059672,1777557008097932471,0.206,464,1.082,0.370,1.452,0.322,0.140,1.914
1777557008120148756,1777557008117932814,0.232,464,1.196,0.285,1.482,0.344,0.151,1.977
1777557008150342305,1777557008147929106,0.625,582,0.776,0.273,1.050,0.454,0.278,1.781
1777557008169882659,1777557008167916105,0.443,334,0.903,0.265,1.168,0.186,0.163,1.517
1777557008200167284,1777557008197908556,0.231,504,1.098,0.364,1.462,0.422,0.137,2.021
1777557008220003972,1777557008217912164,0.637,379,0.675,0.301,0.975,0.328,0.146,1.449
1777557008249947878,1777557008247930281,0.275,334,1.033,0.298,1.332,0.205,0.200,1.737
1777557008270180936,1777557008267912480,0.658,300,0.834,0.298,1.132,0.326,0.146,1.604
1777557008300025285,1777557008297918276,0.479,300,0.842,0.307,1.149,0.255,0.217,1.621
1777557008320339211,1777557008317907035,0.871,464,0.675,0.481,1.156,0.236,0.162,1.554
1777557008349288446,1777557008345592308,0.428,300,0.918,0.291,1.209,0.465,1.587,3.261
1777557008370785819,1777557008367916503,0.190,464,1.791,0.500,2.291,0.362,0.022,2.674
1777557008398946218,1777557008396633375,0.620,464,1.322,0.047,1.369,0.140,0.177,1.686
1777557008420066485,1777557008417899377,0.543,300,0.748,0.363,1.111,0.339,0.168,1.617
1777557008449975701,1777557008447919894,0.215,464,1.057,0.364,1.421,0.261,0.152,1.834
1777557008469891881,1777557008467914734,0.355,379,0.989,0.261,1.250,0.164,0.202,1.616
1777557008499981200,1777557008497920562,0.382,379,0.983,0.334,1.317,0.256,0.100,1.673
1777557008519941094,1777557008517926762,0.230,544,1.041,0.340,1.380,0.242,0.156,1.778
1777557008549920681,1777557008547926893,0.605,300,0.684,0.273,0.957,0.235,0.190,1.382
1777557008569769050,1777557008567922117,0.199,300,1.008,0.296,1.304,0.176,0.161,1.641
1777557008594326947,1777557008592209634,0.904,300,0.839,0.043,0.882,0.102,0.223,1.207
1777557008619937981,1777557008617940609,0.220,334,1.102,0.328,1.430,0.253,0.088,1.771
1777557008650254383,1777557008648014664,0.208,334,1.149,0.370,1.519,0.351,0.155,2.025
1777557008670020380,1777557008667927708,0.286,334,0.983,0.313,1.295,0.346,0.158,1.800
1777557008699942492,1777557008697928896,0.237,464,1.086,0.317,1.404,0.226,0.140,1.770
1777557008729989378,1777557008727923299,0.826,422,0.489,0.381,0.870,0.193,0.170,1.233
1777557008750352491,1777557008747926331,0.245,422,1.310,0.420,1.731,0.250,0.193,2.174
1777557008780048032,1777557008778023939,0.193,464,1.187,0.219,1.406,0.275,0.144,1.824
1777557008799786220,1777557008797921494,0.214,464,1.053,0.275,1.328,0.144,0.172,1.644
1777557008830117087,1777557008827945851,0.196,422,1.221,0.339,1.559,0.270,0.139,1.969
1777557008850230044,1777557008847984149,0.488,379,0.817,0.462,1.279,0.306,0.166,1.752
1777557008880313187,1777557008877926582,0.221,731,1.411,0.255,1.666,0.322,0.170,2.159
1777557008900013901,1777557008897928334,0.703,731,0.717,0.314,1.031,0.232,0.113,1.376
1777557008930068532,1777557008927937106,0.194,582,1.245,0.261,1.507,0.285,0.140,1.931
1777557008949932869,1777557008947932137,0.188,582,1.270,0.170,1.441,0.327,0.040,1.807
1777557008980244759,1777557008977924973,0.189,504,1.279,0.138,1.417,0.475,0.233,2.125
1777557009000076519,1777557008997924388,0.443,504,0.872,0.220,1.092,0.498,0.114,1.704
1777557009030208813,1777557009027929156,0.214,422,1.266,0.220,1.486,0.446,0.127,2.058
1777557009050200192,1777557009047932857,0.201,300,1.080,0.287,1.366,0.561,0.132,2.060
1777557009076267275,1777557009073724854,0.530,504,0.766,0.399,1.165,0.570,0.270,2.005
1777557009099118818,1777557009096886043,0.243,504,1.297,0.307,1.604,0.237,0.143,1.983
1777557009130690888,1777557009127939050,0.630,731,1.381,0.211,1.592,0.376,0.147,2.114
1777557009150105346,1777557009147931422,0.292,731,1.093,0.263,1.356,0.466,0.054,1.876
1777557009180202533,1777557009177934717,0.496,422,0.930,0.232,1.162,0.496,0.109,1.767
1777557009200192217,1777557009197924369,0.208,504,1.161,0.292,1.454,0.471,0.129,2.053
1777557009230826484,1777557009227939024,0.208,504,2.564,0.071,2.635,0.025,0.015,2.675
1777557009250145225,1777557009247933124,0.238,422,1.154,0.323,1.477,0.391,0.101,1.968
1777557009280342641,1777557009277933826,0.258,379,1.390,0.275,1.665,0.325,0.155,2.145
1777557009300017302,1777557009297937175,0.724,300,0.628,0.307,0.935,0.269,0.145,1.349
1777557009329855693,1777557009327944246,0.502,300,0.728,0.298,1.026,0.230,0.148,1.403
1777557009350245619,1777557009347943178,0.268,582,1.232,0.425,1.657,0.211,0.159,2.028
1777557009380039368,1777557009377932200,0.235,504,1.222,0.276,1.499,0.244,0.124,1.866
1777557009399942648,1777557009397939196,0.244,504,1.497,0.042,1.539,0.054,0.161,1.754
1777557009430508081,1777557009428067873,0.567,300,1.094,0.388,1.482,0.220,0.165,1.866
1777557009449981165,1777557009447942639,0.690,464,0.593,0.390,0.983,0.216,0.143,1.342
1777557009470225196,1777557009467960581,0.209,464,1.192,0.377,1.569,0.330,0.150,2.049
1777557009500138887,1777557009497944194,0.343,544,1.030,0.362,1.393,0.276,0.176,1.845
1777557009519944114,1777557009517954999,0.196,300,1.118,0.305,1.422,0.205,0.160,1.787
1777557009550103768,1777557009547942421,0.267,300,1.020,0.275,1.295,0.439,0.153,1.887
1777557009570240019,1777557009567959370,0.205,334,1.094,0.376,1.471,0.354,0.243,2.068
1777557009600102475,1777557009597947080,0.261,802,1.132,0.345,1.477,0.360,0.051,1.888
1777557009630278609,1777557009627955495,0.176,802,1.434,0.271,1.704,0.276,0.160,2.140
1777557009650385419,1777557009647942683,0.205,504,1.429,0.432,1.861,0.267,0.103,2.232
1777557009685800833,1777557009677941273,0.197,504,1.073,0.386,1.458,6.009,0.189,7.656
1777557009699979371,1777557009697945070,0.205,464,1.090,0.367,1.456,0.267,0.101,1.824
1777557009729974729,1777557009727948684,0.586,300,0.861,0.184,1.045,0.238,0.150,1.433
1777557009750126628,1777557009747960033,0.242,731,1.329,0.251,1.580,0.215,0.124,1.918
1777557009777168603,1777557009774841521,0.238,544,1.229,0.324,1.553,0.379,0.150,2.083
1777557009800242812,1777557009797950483,0.209,620,1.306,0.354,1.661,0.291,0.126,2.077
1777557009830048562,1777557009827949970,0.311,504,1.042,0.336,1.378,0.328,0.075,1.782
1777557009850366133,1777557009847962215,0.230,504,1.467,0.297,1.764,0.276,0.128,2.168
1777557009880381460,1777557009878102636,0.204,582,1.413,0.306,1.719,0.263,0.087,2.069
1777557009900140669,1777557009897948825,0.360,464,1.134,0.307,1.441,0.226,0.158,1.826
1777557009929941683,1777557009927942807,0.324,544,1.007,0.304,1.311,0.302,0.056,1.669
1777557009949957896,1777557009947953740,0.214,544,1.200,0.242,1.442,0.159,0.183,1.784
1777557009980332055,1777557009977951114,0.304,334,1.321,0.358,1.679,0.253,0.138,2.070
1777557009999982140,1777557009997954399,0.262,334,1.046,0.321,1.367,0.217,0.176,1.760
1777557010029936948,1777557010027959994,0.627,300,0.713,0.365,1.078,0.120,0.145,1.343
1777557010049875714,1777557010047957034,0.253,379,1.122,0.240,1.362,0.153,0.144,1.659
1777557010080121862,1777557010077951683,0.374,379,1.180,0.242,1.422,0.197,0.171,1.790
1777557010099933551,1777557010097949556,0.580,422,0.722,0.322,1.044,0.112,0.243,1.399
1777557010130242006,1777557010127958222,0.319,620,1.154,0.396,1.550,0.244,0.164,1.958
1777557010149971003,1777557010147958047,0.297,504,1.143,0.239,1.382,0.185,0.143,1.709
1777557010180261665,1777557010177963192,0.246,504,1.110,0.426,1.536,0.387,0.123,2.045
1777557010200377271,1777557010197960873,0.238,582,1.636,0.283,1.918,0.211,0.044,2.173
1777557010230236010,1777557010227958370,0.216,582,1.389,0.269,1.659,0.346,0.051,2.056
1777557010249840937,1777557010247959027,0.246,464,1.014,0.345,1.359,0.225,0.045,1.629
1777557010280291607,1777557010277954636,0.235,300,1.499,0.054,1.553,0.372,0.169,2.095
1777557010300077374,1777557010297954621,0.292,504,1.239,0.396,1.635,0.113,0.077,1.825
1777557010330331811,1777557010327956855,0.333,504,1.084,0.515,1.599,0.291,0.146,2.036
1777557010350007141,1777557010347961032,0.257,544,1.134,0.361,1.494,0.094,0.194,1.782
1777557010380171142,1777557010377951169,0.575,544,0.799,0.374,1.172,0.306,0.159,1.638
1777557010400098484,1777557010397944401,0.214,422,1.146,0.305,1.451,0.261,0.221,1.933
1777557010430045162,1777557010427966060,0.257,422,1.105,0.283,1.388,0.299,0.129,1.817
1777557010450036571,1777557010447957180,0.257,300,1.112,0.347,1.459,0.230,0.127,1.816
1777557010480259614,1777557010477959029,0.201,300,1.267,0.404,1.671,0.361,0.062,2.094
1777557010500418295,1777557010497953126,0.298,620,1.494,0.269,1.763,0.276,0.122,2.161
1777557010530204518,1777557010527957504,0.590,620,0.917,0.332,1.249,0.255,0.146,1.650
1777557010550174710,1777557010548024371,0.212,872,1.225,0.298,1.523,0.261,0.147,1.931
1777557010580077803,1777557010577988395,0.212,464,1.067,0.310,1.377,0.318,0.176,1.870
1777557010600294565,1777557010597981596,0.226,334,1.265,0.296,1.561,0.299,0.220,2.080
1777557010630080597,1777557010627963188,0.338,422,1.051,0.282,1.333,0.286,0.153,1.772
1777557010650014179,1777557010647950245,0.656,422,0.765,0.241,1.006,0.251,0.144,1.401
1777557010686845716,1777557010677956798,0.185,379,1.030,0.398,1.428,7.058,0.211,8.697
1777557010709977812,1777557010707967256,0.248,334,1.076,0.290,1.366,0.245,0.145,1.756
1777557010730176686,1777557010727960265,0.257,504,1.181,0.330,1.511,0.298,0.143,1.952
1777557010760191720,1777557010757961090,0.269,582,1.231,0.363,1.594,0.304,0.058,1.955
1777557010780074483,1777557010777967827,0.230,422,1.241,0.197,1.438,0.281,0.151,1.869
1777557010810153040,1777557010807964972,0.223,300,1.158,0.297,1.455,0.339,0.164,1.958
1777557010829888597,1777557010827969117,0.414,300,0.854,0.267,1.121,0.217,0.161,1.499
1777557010860107288,1777557010857968279,0.250,464,1.288,0.208,1.497,0.306,0.080,1.882
1777557010880112553,1777557010877962119,0.246,464,1.107,0.430,1.537,0.212,0.150,1.899
1777557010910545847,1777557010907967105,0.216,334,1.645,0.245,1.890,0.374,0.093,2.357
1777557010930063505,1777557010927968498,0.184,504,1.246,0.208,1.454,0.298,0.153,1.905
1777557010960633189,1777557010958117394,0.245,582,1.453,0.287,1.740,0.311,0.214,2.265
1777557010980203746,1777557010977966780,0.197,582,1.248,0.247,1.496,0.378,0.160,2.034
1777557011009941166,1777557011007965812,0.370,379,0.936,0.284,1.220,0.213,0.166,1.599
1777557011030058113,1777557011027971906,0.262,334,1.210,0.180,1.390,0.257,0.171,1.818
1777557011060066933,1777557011057980470,0.210,544,1.117,0.327,1.444,0.281,0.145,1.870
1777557011080347919,1777557011077966851,0.259,300,1.036,0.354,1.390,0.527,0.198,2.115
1777557011110105753,1777557011107968311,0.244,422,1.182,0.242,1.424,0.319,0.145,1.887
1777557011130203403,1777557011127968261,0.246,464,1.273,0.300,1.573,0.294,0.115,1.982
1777557011160131196,1777557011157974457,0.259,731,1.144,0.190,1.334,0.329,0.228,1.891
1777557011180238286,1777557011177982343,0.182,731,1.268,0.273,1.542,0.340,0.186,2.067
1777557011210235522,1777557011207982748,0.222,464,1.185,0.324,1.509,0.371,0.144,2.024
1777557011230670883,1777557011227975753,0.203,620,1.766,0.253,2.019,0.317,0.149,2.485
1777557011260039387,1777557011257978109,0.673,620,0.708,0.265,0.973,0.350,0.059,1.382
1777557011280110763,1777557011277980619,0.278,334,1.056,0.365,1.422,0.270,0.154,1.845
1777557011308632764,1777557011305232642,0.610,504,1.034,0.339,1.373,1.390,0.022,2.785
1777557011330104237,1777557011327984492,0.240,504,1.111,0.308,1.419,0.345,0.109,1.873
1777557011351625568,1777557011349352120,0.218,837,1.105,0.329,1.434,0.413,0.202,2.049
1777557011380148497,1777557011377957741,0.249,544,1.167,0.282,1.449,0.331,0.154,1.935
1777557011410193191,1777557011407972034,0.365,657,0.955,0.326,1.281,0.465,0.105,1.850
1777557011430117489,1777557011427968463,0.231,379,1.099,0.271,1.370,0.412,0.130,1.912
1777557011460182568,1777557011457979044,0.218,379,1.070,0.467,1.537,0.342,0.099,1.978
1777557011480137395,1777557011477977393,0.204,300,1.290,0.231,1.521,0.289,0.140,1.950
1777557011510187946,1777557011507973637,0.194,300,1.311,0.254,1.566,0.284,0.163,2.014
1777557011530146230,1777557011527981363,0.702,300,0.574,0.362,0.936,0.278,0.242,1.457
1777557011560212045,1777557011557988296,0.774,504,0.594,0.271,0.865,0.379,0.198,1.442
1777557011580080852,1777557011578001782,0.263,504,1.029,0.401,1.431,0.220,0.159,1.809
1777557011610124395,1777557011607980361,0.243,620,1.200,0.228,1.428,0.321,0.145,1.894
1777557011630208668,1777557011627992055,0.241,620,1.162,0.248,1.410,0.379,0.180,1.969
1777557011660722471,1777557011658042414,0.299,422,0.981,0.357,1.337,0.996,0.042,2.376
1777557011686842987,1777557011678134047,0.223,300,1.110,3.604,4.715,3.515,0.249,8.478
1777557011701105652,1777557011698007751,0.231,300,1.091,0.338,1.429,1.252,0.180,2.861
1777557011731116617,1777557011727994523,0.212,422,1.083,0.317,1.399,1.222,0.281,2.902
1777557011750629280,1777557011747983239,0.271,334,1.034,0.452,1.486,0.731,0.150,2.368
1777557011780751322,1777557011777987196,0.236,300,1.096,0.403,1.499,0.855,0.167,2.521
1777557011801236733,1777557011798006122,0.248,300,1.063,0.279,1.342,1.327,0.308,2.977
1777557011830198178,1777557011827990142,0.209,300,1.090,0.312,1.402,0.461,0.131,1.993
1777557011850487197,1777557011847998604,0.326,300,1.052,0.231,1.283,0.791,0.081,2.156
1777557011880839649,1777557011877977503,0.598,300,0.822,0.113,0.935,1.210,0.112,2.257
1777557011910060498,1777557011907983251,0.255,300,1.087,0.189,1.276,0.379,0.159,1.815
1777557011930613816,1777557011927976481,0.186,300,1.289,0.292,1.580,0.714,0.151,2.445
1777557011963111166,1777557011957988501,0.242,300,3.690,0.072,3.763,1.066,0.046,4.875
1777557011980152165,1777557011977988387,0.252,300,0.996,0.317,1.314,0.437,0.155,1.905
1777557012010437861,1777557012007978965,0.256,300,1.081,0.328,1.409,0.634,0.154,2.196
1777557012030191588,1777557012027994560,0.234,300,1.147,0.328,1.475,0.313,0.169,1.956
1777557012060378267,1777557012058003984,0.211,300,1.115,0.346,1.462,0.536,0.159,2.157
1777557012080209726,1777557012077990841,0.249,300,1.096,0.282,1.379,0.453,0.132,1.964
1777557012110526939,1777557012107977736,0.310,300,0.974,0.283,1.258,0.821,0.154,2.232
1777557012130956473,1777557012127996243,0.334,300,1.789,0.286,2.075,0.375,0.169,2.619
1777557012160662107,1777557012157989442,0.328,300,0.952,0.308,1.260,0.773,0.306,2.339
1777557012180082026,1777557012177999532,0.209,300,1.073,0.289,1.362,0.367,0.137,1.867
1777557012209931219,1777557012207998523,0.237,300,1.082,0.218,1.300,0.245,0.144,1.690
1777557012230034210,1777557012228003686,0.190,300,1.060,0.358,1.418,0.250,0.165,1.833
1777557012259972942,1777557012257992468,0.606,379,0.701,0.273,0.974,0.273,0.122,1.368
1777557012280172385,1777557012278145477,0.255,334,1.064,0.338,1.403,0.150,0.214,1.766
1777557012310070860,1777557012307991757,0.186,464,1.185,0.319,1.504,0.244,0.138,1.886
1777557012330109399,1777557012328002616,0.585,300,0.884,0.258,1.142,0.151,0.222,1.515
1777557012360052708,1777557012357999655,0.398,300,0.906,0.317,1.224,0.275,0.150,1.648
1777557012380257239,1777557012378011602,0.284,544,1.111,0.271,1.382,0.372,0.200,1.954
1777557012409988378,1777557012407990240,0.227,582,1.207,0.240,1.447,0.153,0.164,1.764
1777557012430118538,1777557012427997898,0.235,582,1.139,0.281,1.420,0.325,0.134,1.879
1777557012460136602,1777557012458004218,0.795,422,0.679,0.248,0.927,0.256,0.148,1.331
1777557012480030976,1777557012477996835,0.246,334,1.113,0.312,1.425,0.228,0.129,1.782
1777557012510070129,1777557012507995379,0.388,300,0.965,0.320,1.284,0.242,0.154,1.680
1777557012530396937,1777557012528043807,0.234,300,1.274,0.371,1.645,0.314,0.153,2.112
1777557012559993158,1777557012558010284,0.312,300,0.993,0.284,1.277,0.261,0.125,1.664
1777557012580183769,1777557012578004502,0.321,300,1.000,0.347,1.347,0.257,0.160,1.763
1777557012610201865,1777557012608005734,0.216,300,1.233,0.278,1.510,0.304,0.160,1.974
1777557012630190547,1777557012627995183,0.579,300,0.677,0.365,1.042,0.323,0.246,1.610
1777557012660106718,1777557012658003935,0.305,300,0.993,0.275,1.268,0.367,0.157,1.792
1777557012687008545,1777557012678011113,0.204,379,1.169,0.209,1.378,7.257,0.152,8.786
1777557012710208700,1777557012708001688,0.193,464,1.237,0.377,1.615,0.232,0.162,2.008
1777557012731058028,1777557012727991137,0.303,464,0.975,0.338,1.313,1.356,0.090,2.759
1777557012760030285,1777557012758001777,0.585,300,0.701,0.349,1.050,0.234,0.152,1.437
1777557012778236934,1777557012774860525,0.562,300,0.758,0.356,1.114,1.463,0.230,2.807
1777557012810148204,1777557012808005130,0.295,300,0.961,0.371,1.332,0.380,0.130,1.841
1777557012830220377,1777557012828013813,0.232,334,1.131,0.251,1.382,0.389,0.197,1.968
1777557012860233609,1777557012858010340,0.244,300,1.060,0.343,1.402,0.361,0.209,1.972
1777557012880178768,1777557012877985133,0.241,300,1.216,0.267,1.483,0.317,0.146,1.946
1777557012910045209,1777557012908015549,0.232,300,1.541,0.044,1.585,0.037,0.169,1.791
1777557012930209259,1777557012928151566,0.256,464,1.062,0.344,1.406,0.173,0.216,1.795
1777557012960237627,1777557012958016567,0.294,379,1.331,0.292,1.623,0.203,0.095,1.921
1777557012980050429,1777557012978010881,0.242,300,1.218,0.263,1.481,0.160,0.150,1.791
1777557013010085900,1777557013008021615,0.264,300,1.089,0.447,1.536,0.202,0.057,1.795
1777557013030679182,1777557013028000789,0.574,379,0.735,0.356,1.091,0.922,0.086,2.098
1777557013056073032,1777557013054006091,0.254,300,1.001,0.372,1.373,0.250,0.183,1.806
1777557013080145254,1777557013078006886,0.304,379,1.159,0.193,1.352,0.339,0.137,1.828
1777557013113070901,1777557013108010704,0.323,422,4.630,0.070,4.700,0.018,0.014,4.732
1777557013130203514,1777557013128016439,0.271,422,1.094,0.368,1.462,0.230,0.217,1.909
1777557013160256678,1777557013158017857,0.292,422,1.169,0.339,1.508,0.276,0.156,1.940
1777557013180152072,1777557013178006760,0.225,422,1.117,0.325,1.442,0.229,0.242,1.913
1777557013210148946,1777557013208006674,0.263,422,1.150,0.395,1.545,0.165,0.163,1.873
1777557013230151705,1777557013228009145,0.256,334,1.186,0.249,1.435,0.296,0.148,1.880
1777557013260064576,1777557013258010979,0.233,334,1.154,0.348,1.503,0.139,0.172,1.813
1777557013280206925,1777557013278022954,0.246,300,1.197,0.289,1.485,0.240,0.207,1.932
1777557013310172789,1777557013308041717,0.370,422,1.005,0.288,1.292,0.341,0.121,1.755
1777557013330043862,1777557013328017371,0.328,422,1.284,0.041,1.325,0.215,0.151,1.691
1777557013360015423,1777557013358019589,0.222,334,1.539,0.018,1.556,0.037,0.174,1.767
1777557013380152588,1777557013378013931,0.272,334,1.022,0.466,1.488,0.215,0.156,1.860
1777557013409978414,1777557013408022070,0.202,300,1.135,0.187,1.322,0.266,0.158,1.747
1777557013430004182,1777557013428009308,0.298,300,1.094,0.276,1.370,0.166,0.154,1.690
1777557013460256652,1777557013458020807,0.216,300,1.270,0.303,1.572,0.269,0.172,2.013
1777557013480124460,1777557013478018029,0.294,300,0.969,0.361,1.330,0.236,0.241,1.806
1777557013510100597,1777557013508015735,0.573,504,0.746,0.411,1.158,0.169,0.178,1.505
1777557013531871692,1777557013528022750,3.721,504,0.023,0.035,0.058,0.057,0.009,0.124
1777557013560134984,1777557013558021160,0.218,379,1.128,0.358,1.486,0.256,0.147,1.890
1777557013580218034,1777557013578221176,0.267,300,0.975,0.323,1.298,0.253,0.172,1.723
1777557013610273887,1777557013608020121,0.263,300,1.348,0.253,1.601,0.240,0.144,1.985
1777557013630279462,1777557013628020736,0.254,300,1.313,0.307,1.620,0.298,0.080,1.999
1777557013660166955,1777557013658029995,0.320,334,1.212,0.291,1.502,0.181,0.127,1.810
1777557013685449280,1777557013678042034,0.241,379,1.095,0.442,1.537,5.432,0.190,7.159
1777557013709987988,1777557013708028411,0.338,300,1.000,0.241,1.241,0.158,0.216,1.615
1777557013730028092,1777557013728019010,0.232,334,1.089,0.374,1.463,0.233,0.076,1.771
1777557013760040295,1777557013758039181,0.410,300,1.014,0.293,1.308,0.160,0.116,1.584
1777557013779983627,1777557013778044340,0.652,379,0.656,0.276,0.932,0.202,0.146,1.281
1777557013810213888,1777557013808028893,0.247,379,1.130,0.339,1.469,0.220,0.242,1.932
1777557013839959326,1777557013838025127,0.243,300,1.017,0.348,1.365,0.145,0.174,1.684
1777557013860070666,1777557013858037582,0.246,300,1.133,0.311,1.444,0.147,0.189,1.780
1777557013890081269,1777557013888020632,0.282,464,1.268,0.140,1.407,0.215,0.149,1.771
1777557013910119421,1777557013908022975,0.614,464,0.764,0.374,1.138,0.254,0.085,1.477
1777557013939999042,1777557013938019273,0.272,300,0.982,0.379,1.361,0.186,0.155,1.701
1777557013960147055,1777557013958117780,0.209,300,1.166,0.293,1.459,0.199,0.155,1.813
1777557013985958076,1777557013984041638,0.558,300,0.764,0.218,0.981,0.198,0.173,1.352
1777557014010207713,1777557014008018303,0.654,582,0.687,0.403,1.090,0.246,0.193,1.529
1777557014040223783,1777557014038084615,0.173,582,1.197,0.273,1.469,0.270,0.221,1.961
1777557014060260428,1777557014058031240,0.301,582,1.262,0.272,1.534,0.259,0.130,1.922
1777557014083225525,1777557014080672674,0.602,582,0.867,0.283,1.150,0.521,0.272,1.943
1777557014110303895,1777557014108028752,0.582,620,0.896,0.487,1.383,0.130,0.174,1.688
1777557014140027311,1777557014138028534,0.243,504,1.093,0.294,1.387,0.204,0.158,1.749
1777557014161506229,1777557014158032025,0.358,504,1.007,1.577,2.584,0.214,0.311,3.109
1777557014190094267,1777557014188028190,0.189,422,1.170,0.344,1.514,0.282,0.075,1.871
1777557014210221764,1777557014208031778,0.225,300,1.176,0.435,1.611,0.178,0.169,1.959
1777557014240210409,1777557014238032455,0.211,300,1.193,0.317,1.510,0.299,0.150,1.960
1777557014260065094,1777557014258034730,0.208,334,1.140,0.300,1.440,0.227,0.149,1.816
1777557014289989095,1777557014288029551,0.305,379,0.946,0.317,1.263,0.307,0.078,1.648
1777557014307598207,1777557014305309080,0.580,379,0.938,0.216,1.155,0.349,0.199,1.702
1777557014340080052,1777557014338031960,0.256,300,1.031,0.314,1.345,0.303,0.138,1.786
1777557014360093592,1777557014358033179,0.812,300,0.615,0.268,0.883,0.203,0.155,1.241
1777557014382907258,1777557014379529602,0.672,300,0.755,0.317,1.073,1.209,0.415,2.698
1777557014410125122,1777557014408025284,0.214,300,1.111,0.353,1.463,0.268,0.149,1.880
1777557014440125447,1777557014438053162,0.209,464,1.105,0.365,1.470,0.241,0.145,1.856
1777557014460066248,1777557014458040941,0.313,379,1.126,0.277,1.402,0.175,0.129,1.706
1777557014490386363,1777557014488042290,0.315,544,1.028,0.336,1.364,0.505,0.155,2.023
1777557014510026319,1777557014508028757,0.246,300,1.103,0.338,1.441,0.153,0.151,1.745
1777557014540589645,1777557014538042171,0.352,300,0.913,0.263,1.177,0.992,0.021,2.190
1777557014559987702,1777557014558028701,0.262,300,1.133,0.205,1.338,0.197,0.155,1.690
1777557014590363116,1777557014588040291,0.652,300,0.871,0.216,1.087,0.415,0.162,1.664
1777557014609984030,1777557014608034150,0.183,300,1.078,0.265,1.342,0.311,0.107,1.761
1777557014641122358,1777557014638032843,0.335,300,1.040,0.300,1.340,1.251,0.157,2.748
1777557014660023496,1777557014658039759,0.352,300,0.927,0.304,1.231,0.239,0.154,1.625
1777557014691479311,1777557014688039444,0.308,300,1.057,0.279,1.336,1.577,0.211,3.124
1777557014710246587,1777557014708037815,0.255,300,0.990,0.280,1.270,0.459,0.219,1.948
1777557014733691993,1777557014731705632,0.557,300,1.133,0.047,1.179,0.167,0.078,1.424
1777557014760003480,1777557014758044832,0.240,504,1.080,0.330,1.410,0.223,0.079,1.712
1777557014790145220,1777557014788053030,0.320,504,1.017,0.394,1.411,0.154,0.201,1.765
1777557014810014529,1777557014808043561,0.260,620,1.098,0.250,1.349,0.202,0.155,1.705
1777557014840101419,1777557014838037774,0.626,300,0.909,0.186,1.095,0.149,0.186,1.430
1777557014860928307,1777557014858044305,2.699,300,0.041,0.115,0.156,0.012,0.012,0.180
1777557014890923096,1777557014888061303,0.683,300,0.625,0.293,0.918,1.128,0.126,2.172
1777557014910261662,1777557014908043642,0.214,300,1.025,0.314,1.339,0.489,0.169,1.997
1777557014940366408,1777557014938047551,0.216,300,1.068,0.298,1.366,0.670,0.061,2.097
1777557014961168655,1777557014958041442,2.565,300,0.041,0.097,0.137,0.011,0.407,0.555
1777557014990822277,1777557014988041832,0.507,300,0.904,0.292,1.196,0.788,0.282,2.266
1777557015010224972,1777557015008050186,0.528,334,0.884,0.336,1.221,0.253,0.167,1.640
1777557015040093958,1777557015038046922,0.216,379,1.084,0.307,1.390,0.292,0.143,1.825
1777557015090118343,1777557015088046026,0.676,379,0.632,0.291,0.923,0.321,0.145,1.390
1777557015110112007,1777557015108046891,0.264,379,0.987,0.440,1.427,0.281,0.086,1.794
1777557015140064645,1777557015138038122,0.197,300,1.204,0.317,1.521,0.149,0.153,1.823
1777557015160243949,1777557015158046123,0.175,300,1.345,0.302,1.647,0.126,0.242,2.016
1777557015189933280,1777557015188054955,0.222,300,1.025,0.304,1.328,0.201,0.120,1.650
1777557015211349087,1777557015208050347,3.142,300,0.035,0.097,0.132,0.009,0.011,0.153
1777557015241214873,1777557015238096109,0.179,300,1.099,0.298,1.397,1.334,0.201,2.933
1777557015260865802,1777557015258058476,0.212,300,1.025,0.276,1.300,1.114,0.175,2.589
1777557015289908095,1777557015288044043,0.205,379,1.062,0.302,1.364,0.206,0.083,1.654
1777557015310118345,1777557015308055756,0.187,379,1.093,0.381,1.475,0.254,0.141,1.870
1777557015340197324,1777557015338060877,0.181,334,1.387,0.221,1.607,0.167,0.174,1.949
1777557015360219693,1777557015358075309,0.963,300,0.596,0.265,0.861,0.209,0.105,1.175
1777557015390018789,1777557015388045260,0.230,300,1.175,0.278,1.453,0.208,0.076,1.737
1777557015409934625,1777557015408055757,0.610,300,0.659,0.317,0.976,0.147,0.139,1.262
1777557015440501210,1777557015438052205,0.231,300,2.124,0.046,2.170,0.016,0.014,2.199
1777557015459943586,1777557015458061965,0.232,300,1.076,0.299,1.375,0.138,0.130,1.643
1777557015490003492,1777557015488057581,0.221,300,1.180,0.242,1.422,0.155,0.141,1.718
1777557015510069095,1777557015508060333,0.229,300,1.049,0.419,1.468,0.175,0.131,1.774
1777557015539995620,1777557015538063470,0.679,300,0.618,0.275,0.894,0.179,0.175,1.248
1777557015560326707,1777557015558065006,0.219,300,1.242,0.309,1.551,0.331,0.155,2.036
1777557015590247952,1777557015588230166,0.193,300,1.202,0.303,1.505,0.132,0.181,1.818
1777557015610233327,1777557015608065102,0.287,300,1.179,0.409,1.589,0.124,0.163,1.875
1777557015640082153,1777557015638060814,0.350,504,0.920,0.463,1.383,0.161,0.122,1.665
1777557015660297427,1777557015658071503,0.250,504,1.397,0.282,1.679,0.145,0.145,1.969
1777557015690878253,1777557015688053422,0.249,334,1.050,0.385,1.435,0.979,0.155,2.569
1777557015710373526,1777557015708060719,0.300,504,1.136,0.324,1.460,0.415,0.132,2.007
1777557015740085482,1777557015738054159,0.256,464,1.361,0.135,1.496,0.141,0.133,1.769
1777557015770134092,1777557015768071120,0.601,422,0.936,0.198,1.134,0.131,0.190,1.456
1777557015790832299,1777557015788058671,0.242,300,1.080,0.301,1.381,0.997,0.148,2.525
1777557015820030504,1777557015818056303,0.228,300,1.153,0.301,1.454,0.145,0.141,1.740
1777557015840472316,1777557015838063856,0.359,300,1.442,0.045,1.486,0.346,0.210,2.043
1777557015860112588,1777557015858067024,0.402,300,1.042,0.363,1.405,0.151,0.081,1.637
1777557015890212784,1777557015888098161,0.647,300,1.389,0.020,1.409,0.013,0.039,1.461
1777557015919943044,1777557015918063952,0.220,300,1.165,0.221,1.386,0.145,0.121,1.652
1777557015940005255,1777557015938045423,0.317,300,0.949,0.347,1.295,0.189,0.151,1.636
1777557015970092043,1777557015968063248,0.173,300,1.079,0.301,1.380,0.380,0.090,1.850
1777557015990151278,1777557015988090578,0.497,422,0.820,0.332,1.153,0.283,0.121,1.556
1777557016020235119,1777557016018064398,0.666,422,0.662,0.344,1.006,0.373,0.120,1.499
1777557016040093061,1777557016038069195,0.229,464,1.199,0.176,1.375,0.273,0.141,1.789
1777557016070270920,1777557016068073158,0.212,334,1.063,0.346,1.409,0.413,0.157,1.980
1777557016090175041,1777557016088069219,0.293,300,1.016,0.307,1.323,0.355,0.128,1.806
1777557016120226879,1777557016118069566,0.291,300,1.131,0.266,1.398,0.297,0.165,1.859
1777557016140154424,1777557016138073467,0.710,379,0.636,0.295,0.931,0.311,0.124,1.365
1777557016170317755,1777557016168072598,0.225,300,1.121,0.347,1.467,0.403,0.143,2.014
1777557016190259861,1777557016188094804,0.246,544,1.091,0.274,1.366,0.401,0.146,1.913
1777557016220302610,1777557016218078063,0.246,379,1.317,0.172,1.489,0.238,0.245,1.972
1777557016240269774,1777557016238063371,0.223,379,1.131,0.319,1.450,0.362,0.165,1.977
1777557016259952828,1777557016258066728,0.238,300,1.116,0.229,1.345,0.198,0.099,1.642
1777557016290160257,1777557016288068899,0.210,379,1.135,0.292,1.427,0.271,0.176,1.874
1777557016310321349,1777557016308064480,0.219,379,1.256,0.242,1.498,0.382,0.150,2.031
1777557016340207931,1777557016338072124,0.255,379,1.144,0.224,1.367,0.286,0.221,1.874
1777557016360153301,1777557016358071992,0.249,334,1.074,0.308,1.382,0.279,0.165,1.826
1777557016390216563,1777557016388077652,0.238,300,1.101,0.356,1.457,0.307,0.130,1.894
1777557016420381718,1777557016418071055,0.269,334,1.026,0.350,1.377,0.511,0.148,2.036
1777557016440109511,1777557016438075724,0.229,300,1.039,0.293,1.333,0.359,0.107,1.799
1777557016470448913,1777557016468068391,0.344,300,1.343,0.201,1.544,0.355,0.132,2.030
1777557016490111551,1777557016488084965,0.270,300,1.058,0.212,1.270,0.346,0.134,1.750
1777557016520050040,1777557016518070815,0.271,422,1.171,0.233,1.404,0.159,0.138,1.702
1777557016540165274,1777557016538066076,0.290,300,1.128,0.230,1.358,0.304,0.141,1.803
1777557016560107444,1777557016558083321,0.217,300,1.098,0.301,1.399,0.269,0.133,1.801
1777557016590175026,1777557016588084053,0.199,422,1.086,0.341,1.427,0.358,0.100,1.886
1777557016610015304,1777557016608079921,0.191,379,1.143,0.261,1.403,0.268,0.068,1.738
1777557016640104743,1777557016638069260,0.208,422,1.138,0.372,1.510,0.180,0.131,1.821
1777557016660042305,1777557016658089322,0.219,300,1.137,0.190,1.327,0.211,0.190,1.727
1777557016690133856,1777557016688075237,0.210,379,1.108,0.313,1.422,0.284,0.135,1.841
1777557016710041881,1777557016708083714,0.275,379,1.030,0.315,1.345,0.250,0.081,1.676
1777557016740116536,1777557016738073853,0.267,464,1.082,0.228,1.310,0.289,0.171,1.769
1777557016760262747,1777557016758082330,0.247,464,1.399,0.177,1.576,0.177,0.173,1.927
1777557016790083822,1777557016788083541,0.211,379,1.190,0.321,1.511,0.145,0.127,1.783
1777557016810044874,1777557016808080658,0.224,334,1.077,0.303,1.380,0.220,0.134,1.734
1777557016840060869,1777557016838081133,0.284,334,1.016,0.204,1.219,0.301,0.169,1.689
1777557016860140614,1777557016858078250,0.223,379,1.125,0.196,1.321,0.269,0.242,1.832
1777557016890332426,1777557016888082629,0.308,802,1.253,0.236,1.489,0.255,0.191,1.935
1777557016910251075,1777557016908080642,0.549,802,0.846,0.247,1.092,0.393,0.129,1.615
1777557016940194812,1777557016938163585,0.579,422,0.773,0.221,0.994,0.283,0.168,1.445
1777557016970234489,1777557016968081305,0.203,544,1.230,0.187,1.417,0.377,0.149,1.943
1777557016990359867,1777557016988067637,0.210,464,1.179,0.352,1.531,0.354,0.191,2.076
1777557017020213773,1777557017018086158,0.215,334,1.144,0.269,1.413,0.243,0.250,1.905
1777557017040065376,1777557017038075847,0.365,300,0.903,0.254,1.157,0.257,0.204,1.618
1777557017070000211,1777557017068088382,0.206,300,1.064,0.263,1.327,0.222,0.151,1.700
1777557017090352956,1777557017088121849,0.247,334,1.194,0.228,1.423,0.285,0.270,1.978
1777557017120961902,1777557017118082350,0.399,464,1.366,0.339,1.704,0.599,0.171,2.474
1777557017140405071,1777557017138080135,0.238,300,1.254,0.350,1.605,0.247,0.229,2.081
1777557017170107288,1777557017168086846,0.256,300,1.012,0.362,1.374,0.345,0.041,1.759
1777557017190335452,1777557017188077815,0.209,300,1.095,0.394,1.489,0.411,0.142,2.043
1777557017220241614,1777557017218088526,0.226,300,1.141,0.280,1.421,0.481,0.020,1.922
1777557017240035102,1777557017238077127,0.257,300,1.035,0.314,1.349,0.147,0.198,1.693
1777557017270141241,1777557017268088414,0.198,334,1.111,0.311,1.422,0.194,0.232,1.848
1777557017290332283,1777557017288093432,0.506,334,0.860,0.179,1.040,0.568,0.119,1.727
1777557017320848105,1777557017318090510,0.249,300,1.063,0.365,1.428,0.884,0.190,2.503
1777557017340659290,1777557017338078407,0.221,300,1.047,0.342,1.389,0.942,0.024,2.355
1777557017364834669,1777557017361957581,0.482,300,0.938,0.292,1.230,0.992,0.166,2.388
1777557017390644105,1777557017388080471,0.505,422,0.935,0.227,1.162,0.686,0.204,2.052
1777557017420294224,1777557017418074061,0.745,422,0.622,0.279,0.901,0.513,0.055,1.469
1777557017440692411,1777557017438091496,0.274,379,1.227,0.208,1.435,0.556,0.328,2.320
1777557017470370179,1777557017468083902,0.549,334,0.841,0.292,1.133,0.446,0.151,1.731
1777557017490437536,1777557017488088312,0.173,334,1.140,0.258,1.399,0.655,0.115,2.169
1777557017520684705,1777557017518197747,0.326,300,1.139,0.142,1.281,0.715,0.159,2.154
1777557017540812001,1777557017538086599,0.262,300,1.273,0.298,1.571,0.645,0.240,2.456
1777557017570946493,1777557017568096862,0.334,300,0.926,0.351,1.278,1.097,0.134,2.509
1777557017590282041,1777557017588094136,0.384,300,0.918,0.261,1.179,0.577,0.042,1.799
1777557017620285552,1777557017618090510,0.215,300,1.191,0.230,1.421,0.533,0.021,1.975
1777557017640167908,1777557017638084903,0.585,300,0.688,0.306,0.994,0.453,0.046,1.493
1777557017670084631,1777557017668104927,0.236,300,1.181,0.292,1.473,0.200,0.065,1.738
1777557017689999725,1777557017688090616,0.307,300,1.060,0.175,1.234,0.202,0.158,1.595
1777557017720069350,1777557017718103823,0.684,300,0.625,0.296,0.921,0.123,0.231,1.274
1777557017740016573,1777557017738083975,0.239,334,1.043,0.330,1.373,0.170,0.144,1.687
1777557017770140601,1777557017768095518,0.252,379,1.168,0.257,1.424,0.167,0.195,1.786
1777557017790116306,1777557017788078711,0.239,300,1.104,0.293,1.397,0.142,0.253,1.792
1777557017820310289,1777557017818097006,0.216,300,1.363,0.216,1.579,0.148,0.263,1.990
1777557017840063487,1777557017838087975,0.324,334,0.995,0.264,1.259,0.346,0.041,1.646
1777557017869975442,1777557017868096926,0.444,334,0.856,0.284,1.140,0.184,0.103,1.427
1777557017890117170,1777557017888092472,0.308,300,1.124,0.290,1.414,0.210,0.087,1.711
1777557017920307409,1777557017918101838,0.328,300,1.250,0.245,1.495,0.209,0.166,1.871
1777557017940161604,1777557017938090696,0.371,300,1.074,0.316,1.390,0.186,0.117,1.693
1777557017970049781,1777557017968099806,0.225,300,1.037,0.313,1.349,0.247,0.121,1.718
1777557017990157939,1777557017988096856,0.259,300,1.070,0.310,1.381,0.279,0.137,1.796
1777557018020203177,1777557018018099339,0.411,300,1.057,0.355,1.412,0.227,0.048,1.687
1777557018044185232,1777557018038104642,0.319,379,0.978,0.345,1.323,0.300,4.130,5.753
1777557018070157103,1777557018068100499,0.253,379,1.220,0.251,1.471,0.156,0.169,1.796
1777557018090427921,1777557018088117867,0.314,334,1.309,0.209,1.519,0.160,0.311,1.990
1777557018120081875,1777557018118099259,0.193,334,1.186,0.326,1.511,0.175,0.097,1.783
1777557018140216591,1777557018138087089,0.207,300,1.175,0.259,1.434,0.331,0.151,1.915
1777557018170224865,1777557018168099747,0.270,300,1.172,0.533,1.705,0.022,0.121,1.848
1777557018190172085,1777557018188099834,0.385,300,0.921,0.297,1.219,0.340,0.122,1.681
1777557018220033345,1777557018218107884,0.217,300,1.216,0.169,1.385,0.173,0.143,1.701
1777557018240027223,1777557018238110978,0.215,300,1.076,0.352,1.428,0.150,0.117,1.695
1777557018270318709,1777557018268164246,0.249,334,1.831,0.017,1.848,0.037,0.015,1.900
1777557018290080961,1777557018288109450,0.202,334,1.067,0.332,1.399,0.205,0.159,1.762
1777557018319923980,1777557018318106619,0.776,334,0.476,0.293,0.770,0.125,0.141,1.036
1777557018340104938,1777557018338097105,0.208,379,1.152,0.355,1.507,0.208,0.079,1.794
1777557018370310789,1777557018368109731,0.254,334,1.105,0.451,1.556,0.102,0.283,1.941
1777557018390187062,1777557018388108282,0.217,300,1.120,0.274,1.394,0.343,0.118,1.854
1777557018420035841,1777557018418112491,0.435,300,0.845,0.302,1.147,0.211,0.123,1.481
1777557018441443957,1777557018438144227,2.221,300,0.091,0.057,0.147,0.573,0.351,1.072
1777557018470241458,1777557018468138068,0.232,300,1.050,0.332,1.382,0.319,0.163,1.864
1777557018490067776,1777557018488098953,0.487,300,0.910,0.226,1.136,0.181,0.157,1.474
1777557018520212568,1777557018518115675,0.466,300,0.830,0.400,1.230,0.291,0.104,1.625
1777557018540312307,1777557018538106065,0.247,300,1.103,0.421,1.524,0.279,0.150,1.953
1777557018570224193,1777557018568111171,0.532,300,0.717,0.348,1.065,0.373,0.137,1.574
1777557018590271033,1777557018588114362,0.286,422,1.020,0.340,1.360,0.231,0.272,1.863
1777557018617732890,1777557018614747222,0.252,379,1.023,0.652,1.676,0.796,0.254,2.726
1777557018640725461,1777557018638144739,0.206,422,1.145,0.412,1.558,0.414,0.396,2.368
1777557018670146189,1777557018668111987,0.644,334,0.648,0.388,1.036,0.196,0.151,1.383
1777557018690406671,1777557018688123402,0.545,300,0.723,0.522,1.245,0.345,0.142,1.732
1777557018720284699,1777557018718199103,0.471,300,0.971,0.096,1.067,0.304,0.237,1.608
1777557018740332852,1777557018738113393,0.573,334,0.819,0.230,1.050,0.453,0.137,1.640
1777557018770251106,1777557018768106659,0.506,464,0.818,0.284,1.102,0.460,0.070,1.632
1777557018790402527,1777557018788117785,0.358,464,1.041,0.360,1.401,0.377,0.142,1.920
1777557018820319533,1777557018818107147,0.190,379,1.163,0.288,1.451,0.495,0.070,2.016
1777557018840237599,1777557018838117249,0.544,379,0.677,0.370,1.048,0.370,0.152,1.570
1777557018870375255,1777557018868127827,0.273,300,0.977,0.308,1.285,0.547,0.135,1.967
1777557018890094113,1777557018888111977,0.267,300,1.183,0.072,1.256,0.307,0.145,1.708
1777557018920382751,1777557018918115835,0.256,422,1.054,0.285,1.339,0.395,0.265,1.999
1777557018940343924,1777557018938155155,0.192,422,1.094,0.308,1.402,0.435,0.152,1.990
1777557018970393992,1777557018968116259,0.187,334,1.114,0.433,1.547,0.381,0.155,2.083
1777557018990367005,1777557018988155163,0.324,300,1.106,0.300,1.405,0.336,0.140,1.882
1777557019020338922,1777557019018137353,0.222,300,1.071,0.324,1.395,0.303,0.274,1.972
1777557019040574856,1777557019038253217,0.249,464,1.020,0.389,1.410,0.636,0.021,2.067
1777557019070316265,1777557019068158410,0.306,544,1.087,0.174,1.261,0.305,0.278,1.844
1777557019090390175,1777557019088116923,0.240,544,1.399,0.286,1.685,0.189,0.153,2.027
1777557019120297864,1777557019118119752,0.201,300,1.467,0.068,1.535,0.186,0.248,1.970
1777557019140330717,1777557019138111035,0.232,334,1.078,0.297,1.376,0.466,0.138,1.981
1777557019170330025,1777557019168123176,0.280,300,0.979,0.290,1.270,0.414,0.236,1.920
1777557019190337341,1777557019188114139,0.250,300,1.080,0.360,1.440,0.362,0.164,1.967
1777557019220302248,1777557019218120776,0.238,379,1.051,0.309,1.360,0.418,0.159,1.938
1777557019240477443,1777557019238325188,0.195,379,1.034,0.330,1.364,0.496,0.091,1.951
1777557019270283815,1777557019268118664,0.332,300,0.947,0.364,1.310,0.378,0.138,1.827
1777557019290318780,1777557019288122043,0.207,300,1.087,0.281,1.367,0.405,0.210,1.982
1777557019320184451,1777557019318123592,0.182,464,1.178,0.207,1.385,0.344,0.143,1.872
1777557019340397087,1777557019338120219,0.263,464,1.277,0.159,1.437,0.338,0.232,2.007
1777557019370232389,1777557019368125992,0.197,334,1.146,0.305,1.451,0.202,0.249,1.902
1777557019390218743,1777557019388166781,0.258,300,1.122,0.243,1.366,0.239,0.183,1.787
1777557019420069277,1777557019418125320,0.562,300,0.768,0.222,0.990,0.233,0.152,1.375
1777557019440663979,1777557019438124763,0.293,379,1.230,0.384,1.614,0.413,0.211,2.239
1777557019470257510,1777557019468114919,0.233,379,1.241,0.138,1.379,0.345,0.179,1.902
1777557019490167637,1777557019488123355,0.280,379,1.000,0.293,1.292,0.259,0.207,1.758
1777557019520475055,1777557019518121319,0.240,300,1.031,0.595,1.626,0.261,0.220,2.107
1777557019540146260,1777557019538121178,0.212,379,1.073,0.266,1.340,0.311,0.156,1.807
1777557019570192963,1777557019568130440,0.207,379,1.062,0.284,1.346,0.347,0.155,1.849
1777557019590135283,1777557019588123930,0.263,300,1.432,0.012,1.444,0.014,0.282,1.741
1777557019620171298,1777557019618132424,0.228,300,1.073,0.428,1.501,0.196,0.107,1.804
1777557019640145236,1777557019638162812,0.446,300,0.830,0.299,1.129,0.193,0.209,1.530
1777557019670325640,1777557019668155593,0.247,422,1.553,0.043,1.596,0.302,0.020,1.918
1777557019690152148,1777557019688123034,0.549,300,0.772,0.323,1.096,0.208,0.169,1.473
1777557019720264838,1777557019718126439,0.237,464,1.201,0.324,1.526,0.351,0.020,1.897
1777557019740442241,1777557019738190461,0.275,464,1.300,0.269,1.569,0.382,0.021,1.972
1777557019770319016,1777557019768131239,0.180,464,1.122,0.408,1.530,0.370,0.101,2.000
1777557019790351805,1777557019788198749,0.458,334,0.853,0.364,1.217,0.453,0.020,1.690
1777557019820554802,1777557019818139592,0.302,620,1.384,0.352,1.736,0.202,0.168,2.106
1777557019840558566,1777557019838142011,0.270,620,1.347,0.283,1.630,0.296,0.213,2.139
1777557019870486415,1777557019868142568,0.223,334,1.247,0.345,1.592,0.359,0.163,2.114
1777557019890822353,1777557019888149083,0.293,334,1.648,0.320,1.968,0.239,0.167,2.373
1777557019920263557,1777557019918132615,0.297,300,1.126,0.410,1.536,0.152,0.139,1.827
1777557019940422047,1777557019938129690,0.638,694,0.806,0.416,1.222,0.274,0.151,1.647
1777557019970349289,1777557019968136775,0.198,464,1.387,0.260,1.647,0.185,0.177,2.009
1777557019990662474,1777557019988122906,0.226,464,1.679,0.215,1.894,0.271,0.141,2.306
1777557020020413961,1777557020018153573,0.291,379,1.066,0.358,1.425,0.375,0.164,1.963
1777557020040204207,1777557020038131124,0.593,379,0.813,0.129,0.941,0.356,0.176,1.473
1777557020070521093,1777557020068149469,0.214,504,1.305,0.265,1.570,0.452,0.130,2.151
1777557020090297611,1777557020088151213,0.232,422,1.150,0.287,1.438,0.319,0.151,1.908
1777557020120347894,1777557020118131892,0.234,422,1.072,0.434,1.506,0.218,0.252,1.976
1777557020140124412,1777557020138132740,0.262,300,1.440,0.043,1.484,0.185,0.056,1.724
1777557020170297195,1777557020168146413,0.291,300,1.166,0.297,1.463,0.220,0.170,1.853
1777557020190187607,1777557020188137948,0.281,379,0.995,0.369,1.363,0.201,0.197,1.762
1777557020220041304,1777557020218140260,0.580,422,0.718,0.280,0.997,0.151,0.166,1.314
1777557020240372183,1777557020238132244,0.238,422,1.127,0.296,1.423,0.411,0.162,1.995
1777557020270420769,1777557020268149053,0.201,422,1.437,0.254,1.691,0.220,0.153,2.064
1777557020300100667,1777557020298140900,0.205,544,1.132,0.263,1.394,0.215,0.139,1.748
1777557020320021895,1777557020318130292,0.621,300,0.604,0.328,0.933,0.227,0.105,1.264
1777557020349942060,1777557020345794613,0.252,300,1.033,2.221,3.254,0.446,0.189,3.889
1777557020370400784,1777557020368133324,0.791,300,0.660,0.269,0.929,0.394,0.147,1.470
1777557020399259206,1777557020396811706,0.615,379,0.972,0.074,1.047,0.662,0.117,1.826
1777557020420571343,1777557020418430033,0.306,300,1.109,0.244,1.353,0.265,0.210,1.829
1777557020450298475,1777557020448141292,0.490,300,0.800,0.384,1.184,0.306,0.170,1.660
1777557020470272986,1777557020468143164,0.334,422,1.015,0.339,1.354,0.260,0.175,1.789
1777557020500267202,1777557020498149701,0.243,379,1.110,0.294,1.404,0.309,0.154,1.868
1777557020520459290,1777557020518158965,0.205,544,1.398,0.259,1.657,0.267,0.165,2.089
1777557020550511877,1777557020548148797,0.309,464,1.243,0.272,1.516,0.398,0.134,2.048
1777557020570278890,1777557020568154445,0.229,464,1.016,0.350,1.367,0.367,0.156,1.889
1777557020620271842,1777557020618145445,0.209,300,1.054,0.312,1.366,0.488,0.057,1.911
1777557020650427057,1777557020648152877,0.735,582,0.598,0.308,0.905,0.497,0.131,1.533
1777557020670623594,1777557020668146397,0.267,620,1.440,0.287,1.727,0.353,0.123,2.203
1777557020700439337,1777557020698148997,0.257,620,1.136,0.334,1.470,0.346,0.210,2.026
1777557020720343541,1777557020718157141,0.284,766,1.321,0.176,1.497,0.252,0.148,1.896
1777557020750270554,1777557020748163357,0.262,464,1.181,0.220,1.401,0.238,0.199,1.839
1777557020770387951,1777557020768155693,0.246,464,1.255,0.242,1.497,0.327,0.156,1.979
1777557020800387703,1777557020798161653,0.207,334,1.228,0.238,1.466,0.322,0.224,2.012
1777557020820437001,1777557020818150373,0.302,544,1.126,0.253,1.379,0.405,0.194,1.978
1777557020850379919,1777557020848166093,0.317,464,1.123,0.177,1.300,0.379,0.210,1.890
1777557020870420097,1777557020868155549,0.227,544,1.189,0.270,1.459,0.399,0.173,2.031
1777557020900539822,1777557020898153733,0.252,464,1.188,0.321,1.509,0.353,0.265,2.127
1777557020920526173,1777557020918151125,0.299,544,1.187,0.338,1.525,0.505,0.041,2.071
1777557020950323772,1777557020948162749,0.214,300,1.119,0.247,1.367,0.424,0.150,1.940
1777557020970340589,1777557020968195439,0.818,582,0.611,0.318,0.930,0.244,0.147,1.321
1777557021000671684,1777557020998150517,0.208,504,2.232,0.046,2.278,0.016,0.014,2.309
1777557021020452647,1777557021018143202,0.276,300,1.261,0.222,1.483,0.398,0.145,2.026
1777557021050510189,1777557021048157893,0.218,300,1.321,0.302,1.623,0.361,0.144,2.128
1777557021070199308,1777557021068154194,0.259,300,1.004,0.287,1.291,0.346,0.143,1.780
1777557021100235537,1777557021097957357,0.292,544,1.140,0.243,1.383,0.327,0.270,1.980
1777557021120255326,1777557021118175651,0.243,544,1.118,0.280,1.398,0.414,0.020,1.832
1777557021150230721,1777557021148159110,0.239,504,1.117,0.282,1.399,0.280,0.147,1.826
1777557021170293136,1777557021168157523,0.210,300,1.099,0.281,1.381,0.406,0.134,1.920
1777557021200247633,1777557021198166006,0.206,300,1.068,0.355,1.423,0.302,0.143,1.868
1777557021220390277,1777557021218154050,0.207,422,1.237,0.305,1.542,0.351,0.129,2.023
1777557021250422665,1777557021248173223,0.264,544,1.199,0.266,1.465,0.376,0.138,1.979
1777557021270414134,1777557021268161811,0.243,379,1.194,0.279,1.473,0.317,0.214,2.003
1777557021300290484,1777557021298163830,0.188,379,1.150,0.285,1.435,0.353,0.145,1.933
1777557021320296993,1777557021318160259,0.353,300,1.047,0.294,1.341,0.229,0.208,1.777
1777557021350347334,1777557021348179559,0.225,300,1.081,0.326,1.406,0.306,0.223,1.936
1777557021370240558,1777557021368166355,0.474,422,0.908,0.312,1.220,0.329,0.047,1.595
1777557021400883438,1777557021398171319,0.505,504,0.836,0.462,1.297,0.680,0.222,2.200
1777557021420397061,1777557021418244679,0.280,504,1.023,0.424,1.446,0.276,0.142,1.865
1777557021442975203,1777557021440169064,1.511,300,0.034,0.238,0.272,0.836,0.180,1.288
1777557021470350355,1777557021468166260,0.215,504,1.136,0.281,1.417,0.334,0.212,1.963
1777557021500598786,1777557021498195576,0.212,657,1.194,0.324,1.519,0.326,0.339,2.184
1777557021520380965,1777557021518221478,0.252,657,1.214,0.252,1.466,0.206,0.229,1.901
1777557021550285156,1777557021548166055,0.187,731,1.293,0.334,1.627,0.255,0.044,1.926
1777557021570501018,1777557021568165652,0.272,422,1.455,0.307,1.762,0.195,0.101,2.057
1777557021600426618,1777557021598174167,0.262,422,1.121,0.393,1.514,0.251,0.219,1.984
1777557021620120058,1777557021618170628,0.740,422,0.564,0.300,0.864,0.189,0.150,1.203
1777557021650280932,1777557021648170631,0.251,504,1.251,0.263,1.514,0.182,0.157,1.853
1777557021670274769,1777557021668188341,0.243,504,1.193,0.254,1.448,0.226,0.163,1.837
1777557021700209457,1777557021698179224,0.240,464,1.135,0.310,1.445,0.185,0.155,1.785
1777557021720324867,1777557021718174277,0.244,300,1.178,0.317,1.495,0.255,0.150,1.900
1777557021750248387,1777557021748171944,0.180,422,1.233,0.295,1.528,0.258,0.103,1.890
1777557021770426455,1777557021768177685,0.423,422,1.149,0.317,1.466,0.295,0.058,1.819
1777557021800579905,1777557021798365440,0.584,582,0.925,0.336,1.261,0.151,0.212,1.623
1777557021820301378,1777557021818188549,0.771,582,0.740,0.231,0.972,0.200,0.164,1.335
1777557021850406954,1777557021848175976,0.262,379,1.272,0.327,1.599,0.205,0.158,1.961
1777557021870241872,1777557021868182965,0.216,379,1.218,0.240,1.458,0.208,0.171,1.836
1777557021903432607,1777557021898185369,0.239,300,3.277,0.728,4.005,0.975,0.023,5.003
1777557021920319939,1777557021918175365,0.366,300,1.132,0.362,1.494,0.176,0.102,1.772
1777557021950581906,1777557021948227051,0.224,907,1.422,0.423,1.845,0.162,0.117,2.124
1777557021970580927,1777557021968187542,0.789,582,1.066,0.182,1.248,0.289,0.061,1.598
1777557022000371353,1777557021998179545,0.319,464,1.265,0.238,1.503,0.207,0.156,1.866
1777557022020193851,1777557022018164739,0.663,464,0.790,0.184,0.973,0.285,0.103,1.361
1777557022050231932,1777557022048184578,0.402,464,0.940,0.324,1.264,0.209,0.165,1.638
1777557022070176547,1777557022068197484,0.250,379,1.202,0.179,1.381,0.209,0.133,1.723
1777557022100227428,1777557022098179882,0.635,766,0.839,0.215,1.054,0.202,0.150,1.405
1777557022120461976,1777557022118184852,0.395,766,0.989,0.509,1.499,0.142,0.234,1.875
1777557022150671391,1777557022148220980,0.303,544,1.462,0.245,1.707,0.341,0.093,2.141
1777557022170350011,1777557022168177468,0.207,620,1.330,0.300,1.630,0.197,0.132,1.959
1777557022200193075,1777557022198186811,0.196,334,1.162,0.244,1.406,0.269,0.129,1.803
1777557022220319010,1777557022218182341,0.285,334,1.109,0.277,1.385,0.268,0.192,1.845
1777557022250317664,1777557022248188611,0.229,334,1.073,0.316,1.389,0.373,0.130,1.893
1777557022270381965,1777557022268175053,0.238,657,1.222,0.300,1.522,0.302,0.138,1.962
1777557022300534738,1777557022298334098,0.228,657,1.154,0.418,1.572,0.266,0.128,1.966
1777557022320550141,1777557022318229335,0.201,544,1.306,0.253,1.560,0.390,0.163,2.113
1777557022350724899,1777557022348187284,0.518,422,1.126,0.294,1.420,0.498,0.095,2.013
1777557022370372637,1777557022368187262,0.238,422,1.200,0.390,1.589,0.239,0.113,1.941
1777557022400313593,1777557022398185372,0.206,422,1.092,0.373,1.465,0.396,0.054,1.916
1777557022420356997,1777557022418176262,0.213,422,1.122,0.370,1.492,0.242,0.228,1.962
1777557022450160667,1777557022448184420,0.563,379,0.803,0.249,1.052,0.223,0.132,1.407
1777557022470421136,1777557022468205807,0.211,379,1.194,0.443,1.637,0.169,0.192,1.997
1777557022500228198,1777557022498186477,0.602,300,0.761,0.310,1.071,0.218,0.144,1.433
1777557022520351093,1777557022518186359,0.248,544,1.227,0.324,1.552,0.188,0.170,1.910
1777557022554143097,1777557022548189621,0.364,504,1.130,0.317,1.447,3.986,0.150,5.583
1777557022570293115,1777557022568211584,0.298,504,1.072,0.322,1.394,0.257,0.127,1.778
1777557022600404030,1777557022598188158,0.615,300,0.682,0.302,0.984,0.395,0.216,1.594
1777557022620162142,1777557022618184935,0.207,300,1.173,0.295,1.468,0.174,0.121,1.764
1777557022647041044,1777557022644440674,0.296,379,1.555,0.324,1.879,0.247,0.171,2.297
1777557022685641386,1777557022678194885,0.402,379,1.133,0.274,1.407,5.310,0.320,7.037
1777557022700806017,1777557022698194350,0.290,422,2.096,0.046,2.142,0.017,0.156,2.316
1777557022730290889,1777557022728191053,0.531,300,0.964,0.293,1.257,0.168,0.138,1.563
1777557022750467578,1777557022748203831,0.225,504,1.326,0.325,1.651,0.363,0.020,2.034
1777557022780544124,1777557022778195349,0.588,504,0.992,0.323,1.316,0.276,0.163,1.755
1777557022800392191,1777557022798184351,0.571,379,0.695,0.261,0.956,0.515,0.159,1.630
1777557022830231031,1777557022828193662,0.284,334,1.142,0.211,1.353,0.252,0.141,1.746
1777557022850421897,1777557022848236489,0.220,620,1.124,0.406,1.530,0.267,0.161,1.958
1777557022880411911,1777557022878202886,0.242,334,1.393,0.188,1.581,0.244,0.134,1.959
1777557022900592344,1777557022898195952,0.248,582,1.332,0.370,1.702,0.266,0.173,2.141
1777557022930617624,1777557022928191598,1.133,837,0.205,0.656,0.860,0.372,0.055,1.287
1777557022950713094,1777557022948222169,0.319,837,1.256,0.509,1.765,0.208,0.192,2.165
1777557022980381686,1777557022978193846,1.032,766,0.508,0.374,0.882,0.207,0.061,1.150
1777557022998795066,1777557022996165256,0.227,379,1.239,0.595,1.834,0.466,0.096,2.396
1777557023030404891,1777557023028189339,0.322,657,1.166,0.280,1.446,0.308,0.133,1.887
1777557023050421603,1777557023048193154,0.230,422,1.222,0.447,1.669,0.168,0.153,1.991
1777557023081149436,1777557023078203548,0.251,422,1.218,0.426,1.644,0.914,0.130,2.688
1777557023100468613,1777557023098205379,0.493,464,0.954,0.335,1.289,0.311,0.164,1.763
1777557023131067257,1777557023128228190,0.276,731,1.833,0.363,2.196,0.234,0.126,2.557
1777557023151679067,1777557023148195075,0.447,464,2.334,0.320,2.654,0.268,0.108,3.030
1777557023180209397,1777557023178194333,0.700,464,0.653,0.415,1.068,0.076,0.164,1.308
1777557023200445093,1777557023198389452,0.206,504,1.080,0.357,1.437,0.238,0.168,1.843
1777557023230553508,1777557023228198269,0.373,620,1.265,0.410,1.675,0.168,0.132,1.975
1777557023250379235,1777557023248206788,0.210,300,1.236,0.415,1.652,0.251,0.054,1.957
1777557023280406622,1777557023278202750,0.232,379,1.914,0.014,1.928,0.009,0.029,1.966
1777557023300336258,1777557023298199557,0.805,379,0.749,0.240,0.988,0.229,0.108,1.325
1777557023330489314,1777557023328199839,0.307,544,1.723,0.018,1.741,0.037,0.197,1.976
1777557023348113762,1777557023345909314,0.603,544,1.166,0.046,1.212,0.196,0.187,1.595
1777557023371342965,1777557023369294524,0.280,620,1.005,0.409,1.413,0.214,0.134,1.761
1777557023399335735,1777557023396978129,0.582,504,0.800,0.344,1.144,0.412,0.214,1.770
1777557023431205763,1777557023428191807,0.240,582,1.374,0.405,1.779,0.868,0.120,2.767
1777557023451118181,1777557023448251721,0.741,582,0.628,0.447,1.075,0.928,0.115,2.118
1777557023481583764,1777557023478368264,0.709,544,0.699,0.293,0.992,1.381,0.127,2.500
1777557023500938526,1777557023498330509,0.212,544,1.185,0.400,1.585,0.620,0.184,2.388
1777557023530583305,1777557023528281060,0.335,334,1.486,0.127,1.613,0.235,0.113,1.960
1777557023550145916,1777557023548206184,0.200,334,1.065,0.315,1.379,0.239,0.115,1.733
1777557023580553000,1777557023578202690,0.268,300,1.091,0.216,1.307,0.508,0.260,2.075
1777557023600837595,1777557023598195560,0.523,300,0.817,0.352,1.169,0.696,0.248,2.113
1777557023630519591,1777557023628199042,0.242,300,1.138,0.322,1.460,0.484,0.129,2.073
1777557023651017411,1777557023648211433,0.499,300,0.805,0.347,1.153,1.009,0.139,2.301
1777557023681392974,1777557023678199138,0.234,300,1.252,0.312,1.565,1.162,0.225,2.952
1777557023700551119,1777557023698203241,0.234,300,1.359,0.322,1.681,0.197,0.228,2.107
1777557023731349164,1777557023728203843,0.247,300,1.332,0.201,1.533,1.118,0.235,2.886
1777557023750725656,1777557023748209930,0.482,334,0.801,0.374,1.175,0.737,0.116,2.027
1777557023780871032,1777557023778222245,0.298,300,1.313,0.257,1.570,0.597,0.177,2.344
1777557023800467277,1777557023798198858,0.758,300,0.651,0.308,0.960,0.447,0.098,1.505
1777557023830905722,1777557023828236294,0.569,300,0.909,0.471,1.380,0.582,0.132,2.093
1777557023850799100,1777557023848226028,0.492,300,0.936,0.305,1.241,0.729,0.104,2.075
1777557023880480904,1777557023878208389,0.455,300,0.829,0.280,1.109,0.536,0.166,1.811
1777557023900341801,1777557023898197067,0.444,300,0.932,0.363,1.295,0.355,0.045,1.695
1777557023930571308,1777557023928241991,0.605,300,0.889,0.362,1.251,0.281,0.185,1.718
1777557023950600596,1777557023948208876,0.421,300,1.018,0.226,1.244,0.635,0.086,1.965
1777557023980230014,1777557023978204582,0.427,300,0.834,0.437,1.271,0.219,0.102,1.592
1777557024000466735,1777557023998209389,0.710,300,0.585,0.458,1.043,0.303,0.195,1.541
1777557024030254268,1777557024028207619,0.393,300,0.903,0.348,1.250,0.261,0.137,1.648
1777557024050143963,1777557024048205831,0.720,300,0.679,0.133,0.812,0.269,0.131,1.212
1777557024076065535,1777557024074184045,0.654,300,0.670,0.216,0.886,0.273,0.063,1.222
1777557024099561434,1777557024097183123,0.238,300,1.307,0.381,1.689,0.273,0.172,2.133
1777557024131217047,1777557024128217589,0.419,544,1.811,0.328,2.139,0.285,0.151,2.575
1777557024150720197,1777557024148209176,0.612,544,1.028,0.286,1.314,0.441,0.138,1.892
1777557024180711354,1777557024178222382,0.239,582,1.443,0.339,1.782,0.222,0.239,2.243
1777557024200373967,1777557024198204273,0.226,620,1.139,0.340,1.479,0.419,0.041,1.939
1777557024230547276,1777557024228215847,0.309,582,1.219,0.301,1.520,0.364,0.132,2.016
1777557024250453291,1777557024248215434,0.218,582,1.202,0.349,1.551,0.313,0.149,2.013
1777557024280204598,1777557024278218496,0.202,334,1.092,0.253,1.344,0.259,0.175,1.778
1777557024300227450,1777557024298212931,0.186,300,1.178,0.273,1.452,0.217,0.153,1.821
1777557024330529693,1777557024328216569,0.207,300,1.100,0.307,1.407,0.643,0.051,2.100
1777557024351056375,1777557024348215228,0.318,300,1.494,0.181,1.674,0.689,0.152,2.516
1777557024380429393,1777557024378216017,0.312,300,0.995,0.318,1.313,0.387,0.195,1.895
1777557024400288111,1777557024398204916,0.302,300,1.105,0.326,1.431,0.210,0.134,1.775
1777557024430648916,1777557024428224331,0.212,300,1.027,0.322,1.349,0.675,0.183,2.206
1777557024450692025,1777557024448245071,0.266,379,1.111,0.278,1.388,0.634,0.153,2.174
1777557024481269448,1777557024478215779,0.246,334,1.049,0.309,1.358,1.319,0.124,2.801
1777557024500291809,1777557024498207206,0.272,422,1.031,0.329,1.360,0.314,0.132,1.806
1777557024530692391,1777557024528220188,0.249,334,1.201,0.360,1.561,0.536,0.121,2.217
1777557024551857950,1777557024548213311,0.261,334,1.330,0.202,1.532,1.674,0.171,3.377
1777557024580841447,1777557024578217941,0.282,300,2.181,0.012,2.192,0.009,0.134,2.336
1777557024600913165,1777557024598214296,0.239,300,1.197,0.211,1.407,0.823,0.223,2.454
1777557024630305000,1777557024628232334,0.383,300,0.920,0.375,1.294,0.209,0.179,1.683
1777557024650523349,1777557024648221425,0.218,300,1.352,0.358,1.710,0.148,0.219,2.077
1777557024684721889,1777557024678219111,0.584,300,0.793,0.263,1.057,4.679,0.177,5.912
1777557024700752888,1777557024698213290,0.726,300,0.629,0.709,1.338,0.268,0.201,1.807
1777557024730555877,1777557024728257633,0.287,464,1.369,0.279,1.648,0.165,0.191,2.004
1777557024750318238,1777557024748229796,0.287,334,1.136,0.352,1.488,0.115,0.191,1.794
1777557024777449911,1777557024775212086,0.287,334,1.001,0.434,1.435,0.288,0.222,1.944
1777557024800475358,1777557024798220316,0.231,300,1.096,0.348,1.444,0.295,0.278,2.017
1777557024830576280,1777557024828266867,0.285,300,1.361,0.178,1.540,0.460,0.020,2.020
1777557024850575835,1777557024848254294,0.564,422,0.788,0.350,1.139,0.593,0.021,1.753
1777557024880648948,1777557024878232395,0.260,379,1.095,0.407,1.502,0.382,0.265,2.149
1777557024900560147,1777557024898327250,0.283,422,1.087,0.260,1.347,0.505,0.090,1.943
1777557024930674670,1777557024928344936,0.294,422,1.174,0.173,1.347,0.665,0.019,2.031
1777557024950653616,1777557024948212934,0.239,464,1.111,0.368,1.478,0.698,0.020,2.197
1777557024980672006,1777557024978228156,0.217,464,1.126,0.247,1.374,0.664,0.182,2.220
1777557025001260483,1777557024998235168,0.974,464,0.917,0.334,1.251,0.558,0.236,2.045
1777557025030434993,1777557025028236210,0.722,422,0.752,0.209,0.962,0.382,0.127,1.470
1777557025050425585,1777557025048220466,0.221,300,1.242,0.265,1.507,0.366,0.104,1.977
1777557025100709166,1777557025098220931,0.348,300,1.613,0.042,1.655,0.359,0.119,2.132
1777557026056265022,1777557026008253898,0.300,300,0.959,0.338,1.296,45.414,0.994,47.704
1777557026059297057,1777557026028237095,0.272,300,0.966,0.270,1.236,29.316,0.230,30.782
1777557026064573540,1777557026060853508,0.396,300,1.491,0.384,1.875,1.199,0.240,3.314
1777557026081022440,1777557026078249457,0.250,300,1.079,0.376,1.455,1.043,0.021,2.519
1777557026110445308,1777557026108247997,0.197,379,1.205,0.352,1.558,0.215,0.221,1.993
1777557026130905005,1777557026128656780,0.250,300,1.170,0.327,1.497,0.258,0.236,1.991
1777557026160415428,1777557026158243271,0.703,300,0.716,0.303,1.019,0.296,0.149,1.464
1777557026180548327,1777557026178248420,0.467,464,1.154,0.298,1.451,0.230,0.144,1.826
1777557026210237382,1777557026208258481,0.205,300,1.120,0.270,1.390,0.259,0.118,1.767
1777557026230479438,1777557026228247822,0.661,300,0.779,0.256,1.035,0.388,0.141,1.563
1777557026260614400,1777557026258250778,0.487,334,1.108,0.225,1.333,0.330,0.206,1.869
1777557026280235085,1777557026278248984,0.297,300,1.228,0.011,1.239,0.315,0.128,1.682
1777557026307952823,1777557026305476332,0.307,300,0.911,0.537,1.448,0.549,0.166,2.163
1777557026334597331,1777557026328253281,0.327,334,1.086,0.388,1.474,4.396,0.141,6.010
1777557026360734905,1777557026358252558,0.266,504,1.319,0.329,1.648,0.413,0.148,2.210
1777557026382296889,1777557026378249067,0.462,464,2.368,0.265,2.633,0.617,0.328,3.579
1777557026410527769,1777557026408241623,0.229,464,1.424,0.044,1.468,0.563,0.019,2.051
1777557026430676925,1777557026428243636,0.763,464,0.638,0.454,1.092,0.356,0.215,1.663
1777557026460561156,1777557026458256545,0.252,334,1.211,0.354,1.565,0.298,0.182,2.045
1777557026480685255,1777557026478255615,0.738,300,0.928,0.317,1.245,0.205,0.234,1.684
1777557026510338884,1777557026508282732,0.244,379,1.030,0.295,1.325,0.305,0.176,1.806
1777557026530535146,1777557026528253448,0.356,300,1.531,0.019,1.549,0.127,0.242,1.918
1777557026560517718,1777557026558265301,0.338,504,0.973,0.364,1.336,0.303,0.268,1.908
1777557026580728060,1777557026578255602,0.249,379,1.352,0.358,1.710,0.387,0.120,2.217
1777557026610572834,1777557026608256894,0.588,379,0.866,0.328,1.195,0.382,0.146,1.722
1777557026630648195,1777557026628256060,0.272,300,1.081,0.557,1.638,0.315,0.161,2.114
1777557026660477223,1777557026658251656,0.293,464,1.078,0.362,1.440,0.360,0.126,1.926
1777557026680728112,1777557026678251173,0.466,379,0.850,0.332,1.182,0.505,0.316,2.004
1777557026710714971,1777557026708252529,0.277,422,1.404,0.242,1.646,0.337,0.197,2.180
1777557026730377642,1777557026728261103,0.316,422,0.978,0.329,1.307,0.358,0.129,1.794
1777557026760520477,1777557026758255131,0.527,422,0.785,0.461,1.246,0.254,0.232,1.732
1777557026780477112,1777557026778395871,0.204,300,1.104,0.265,1.369,0.363,0.138,1.870
1777557026810242682,1777557026808258597,0.564,422,0.735,0.295,1.030,0.240,0.144,1.414
1777557026830585638,1777557026828259362,0.264,422,1.278,0.232,1.510,0.418,0.127,2.056
1777557026860527888,1777557026858255278,0.376,422,0.984,0.251,1.235,0.473,0.182,1.889
1777557026880584752,1777557026878263724,0.332,334,0.964,0.327,1.291,0.333,0.357,1.981
1777557026910435158,1777557026908252600,0.442,334,1.033,0.191,1.224,0.348,0.162,1.734
1777557026930436627,1777557026928292599,0.293,379,1.085,0.306,1.391,0.322,0.132,1.845
1777557026960421855,1777557026958271778,0.234,422,1.234,0.268,1.502,0.240,0.167,1.909
1777557026980239477,1777557026978265279,0.250,422,1.090,0.479,1.569,0.020,0.129,1.718
1777557027010585455,1777557027008263275,0.730,300,0.823,0.290,1.114,0.260,0.212,1.586
1777557027030241658,1777557027028254213,0.220,300,1.059,0.302,1.361,0.223,0.177,1.761
1777557027060370536,1777557027058261069,0.285,379,1.098,0.308,1.407,0.216,0.196,1.818
1777557027080373634,1777557027078258247,0.482,334,0.909,0.458,1.368,0.136,0.123,1.627
1777557027110475150,1777557027108259311,0.369,504,1.147,0.244,1.391,0.305,0.143,1.840
1777557027131568696,1777557027128288139,0.274,379,2.147,0.320,2.467,0.389,0.144,3.000
1777557027160812287,1777557027158356629,0.323,379,1.364,0.045,1.410,0.389,0.327,2.126
1777557027180880572,1777557027178327183,0.281,300,1.435,0.358,1.793,0.400,0.074,2.267
1777557027210467666,1777557027208258067,0.391,300,0.897,0.379,1.275,0.295,0.240,1.811
1777557027230388553,1777557027228267918,0.281,300,1.055,0.498,1.553,0.105,0.173,1.832
1777557027261423101,1777557027258265014,0.328,300,1.493,0.044,1.537,1.266,0.022,2.825
1777557027280533682,1777557027278256464,0.225,334,1.338,0.186,1.524,0.220,0.301,2.045
1777557027310340497,1777557027308271416,0.211,464,1.260,0.330,1.589,0.121,0.141,1.852
1777557027330530452,1777557027328295892,0.262,379,1.144,0.616,1.760,0.041,0.164,1.966
1777557027360640192,1777557027358270106,0.682,379,0.769,0.448,1.217,0.295,0.169,1.681
1777557027380271915,1777557027378270965,0.272,422,1.115,0.379,1.494,0.157,0.072,1.723
1777557027410576319,1777557027408302078,0.459,300,0.883,0.525,1.408,0.195,0.205,1.808
1777557027430478454,1777557027428300952,0.272,300,1.179,0.251,1.430,0.277,0.192,1.898
1777557027460425179,1777557027458321953,0.350,300,1.137,0.220,1.357,0.218,0.169,1.745
1777557027480243854,1777557027478264249,0.244,300,1.038,0.366,1.403,0.307,0.020,1.731
1777557027510467839,1777557027508268449,0.393,300,1.135,0.244,1.380,0.260,0.160,1.800
1777557027530337300,1777557027528414273,0.252,300,1.125,0.241,1.366,0.146,0.152,1.664
1777557027560368733,1777557027558275075,0.232,300,1.302,0.219,1.521,0.120,0.214,1.855
1777557027580326614,1777557027578272061,0.722,300,0.582,0.330,0.912,0.395,0.020,1.328
1777557027610412257,1777557027608284454,0.327,300,1.101,0.249,1.349,0.288,0.156,1.794
1777557027630423292,1777557027628278592,0.281,544,1.264,0.272,1.537,0.184,0.136,1.857
1777557027660559049,1777557027658277192,0.940,379,0.512,0.398,0.910,0.228,0.198,1.336
1777557027685616605,1777557027678273090,0.227,504,1.183,0.226,1.408,5.390,0.312,7.110
1777557027710508585,1777557027708313995,0.244,422,1.291,0.171,1.462,0.293,0.188,1.943
1777557027730840722,1777557027728270564,0.287,300,1.136,0.262,1.398,0.645,0.234,2.277
1777557027760347653,1777557027758285068,0.223,334,1.091,0.270,1.361,0.277,0.194,1.832
1777557027781189539,1777557027778258917,0.302,334,1.010,0.276,1.286,1.128,0.208,2.622
1777557027810394377,1777557027808295311,0.273,300,0.997,0.410,1.407,0.273,0.139,1.819
1777557027830424165,1777557027828268488,0.245,334,1.105,0.353,1.459,0.314,0.133,1.905
1777557027860303847,1777557027858292273,0.336,300,0.948,0.414,1.362,0.289,0.018,1.669
1777557027880876762,1777557027878295371,0.484,334,0.789,0.337,1.126,0.775,0.190,2.092
1777557027910476849,1777557027908282834,0.637,300,0.780,0.362,1.142,0.260,0.149,1.550
1777557027930527917,1777557027928283501,0.326,300,1.155,0.372,1.527,0.244,0.140,1.911
1777557027960516661,1777557027958298613,0.542,300,1.275,0.045,1.320,0.039,0.309,1.668
1777557027980544112,1777557027978344722,0.267,504,1.242,0.310,1.551,0.310,0.065,1.926
1777557028010538391,1777557028008287254,0.614,504,1.014,0.330,1.344,0.152,0.134,1.630
1777557028030750167,1777557028028276109,0.841,300,0.883,0.273,1.156,0.264,0.206,1.626
1777557028056971769,1777557028055013317,0.250,334,1.010,0.356,1.366,0.293,0.044,1.702
1777557028080425156,1777557028078277704,0.249,300,1.169,0.303,1.472,0.179,0.241,1.892
1777557028110307586,1777557028108286092,0.364,620,1.029,0.255,1.284,0.229,0.137,1.651
1777557028130543012,1777557028128295108,0.725,620,0.839,0.275,1.113,0.249,0.154,1.516
1777557028160229210,1777557028158274406,0.434,300,1.266,0.014,1.279,0.078,0.156,1.513
1777557028180182863,1777557028178274685,0.600,300,0.764,0.244,1.008,0.180,0.114,1.303
1777557028210344665,1777557028208297858,0.269,300,1.206,0.304,1.510,0.119,0.142,1.771
1777557028260217806,1777557028258272571,0.218,464,1.136,0.335,1.471,0.194,0.057,1.722
1777557028280714555,1777557028278279923,0.234,334,1.392,0.258,1.650,0.357,0.188,2.194
1777557028310289772,1777557028308283766,0.251,334,1.064,0.216,1.280,0.263,0.206,1.749
1777557028330348198,1777557028328303247,0.298,334,1.140,0.193,1.334,0.288,0.119,1.741
1777557028360281735,1777557028358290321,0.222,334,1.156,0.280,1.436,0.145,0.182,1.763
1777557028380209883,1777557028378286153,0.254,300,1.117,0.267,1.384,0.153,0.125,1.663
1777557028410388422,1777557028408285292,0.252,300,1.095,0.461,1.555,0.072,0.218,1.845
1777557028430293273,1777557028428283267,0.248,422,1.112,0.314,1.426,0.183,0.147,1.756
1777557028460386176,1777557028458280166,0.655,379,0.725,0.306,1.031,0.202,0.211,1.444
1777557028480319637,1777557028478283198,0.236,379,1.365,0.162,1.527,0.066,0.201,1.794
1777557028510497504,1777557028508287297,0.731,300,0.794,0.238,1.032,0.400,0.042,1.474
1777557028530667487,1777557028528293369,0.599,300,1.048,0.334,1.382,0.170,0.217,1.769
1777557028560207630,1777557028558284508,0.231,464,1.038,0.358,1.396,0.145,0.145,1.686
1777557028580231143,1777557028578290932,0.316,300,1.145,0.238,1.383,0.180,0.057,1.619
1777557028610397105,1777557028608295383,0.336,379,1.104,0.292,1.396,0.345,0.020,1.761
1777557028630652179,1777557028628312527,0.738,379,0.779,0.531,1.311,0.265,0.020,1.596
1777557028660275814,1777557028658310834,0.427,379,0.956,0.267,1.223,0.088,0.219,1.531
1777557028680583083,1777557028678290761,0.309,300,1.160,0.387,1.547,0.184,0.246,1.977
1777557028710433192,1777557028708284844,0.281,300,1.058,0.444,1.501,0.219,0.141,1.861
1777557028730292505,1777557028728280035,0.269,379,1.087,0.274,1.361,0.232,0.144,1.737
1777557028760549576,1777557028758295975,0.567,379,0.790,0.333,1.123,0.363,0.194,1.680
1777557028780231089,1777557028778295263,0.231,300,1.020,0.269,1.289,0.254,0.155,1.698
1777557028810631366,1777557028808343716,0.283,582,1.260,0.202,1.462,0.342,0.194,1.997
1777557028840261913,1777557028838296997,0.250,582,1.096,0.254,1.350,0.339,0.020,1.710
1777557028860332084,1777557028858291004,0.287,334,1.088,0.232,1.320,0.078,0.350,1.747
1777557028890478301,1777557028888287583,0.377,379,1.137,0.292,1.429,0.226,0.152,1.807
1777557028910207369,1777557028908295799,0.296,379,0.951,0.291,1.242,0.221,0.146,1.608
1777557028940232141,1777557028938335068,0.649,300,0.699,0.230,0.929,0.204,0.109,1.242
1777557028960659031,1777557028958308594,0.701,300,1.014,0.202,1.215,0.287,0.140,1.642
1777557028986471015,1777557028984348396,0.226,300,1.111,0.252,1.362,0.340,0.187,1.890
1777557029010392965,1777557029008293548,0.298,300,1.055,0.261,1.315,0.316,0.163,1.794
1777557029042131950,1777557029038337485,0.249,334,1.103,0.390,1.493,1.701,0.344,3.538
1777557029064600460,1777557029058288767,0.566,300,0.698,0.375,1.072,4.496,0.171,5.740
1777557029083525427,1777557029081222929,0.614,300,0.766,0.267,1.032,0.629,0.023,1.684
1777557029110831583,1777557029108301843,0.778,379,0.806,0.171,0.976,0.589,0.179,1.744
1777557029142603145,1777557029138303122,0.283,300,1.533,0.287,1.820,2.111,0.078,4.009
1777557029161047355,1777557029158297670,0.234,300,1.027,0.294,1.322,1.019,0.168,2.509
1777557029191728823,1777557029188283908,0.391,300,1.153,0.282,1.435,1.367,0.244,3.046
1777557029242645809,1777557029238298008,0.596,300,0.673,0.339,1.012,2.289,0.443,3.745
1777557029261173959,1777557029258463636,0.280,620,1.090,0.369,1.459,0.733,0.232,2.424
1777557029290927259,1777557029288392559,0.254,300,1.165,0.245,1.410,0.846,0.020,2.276
1777557029307953297,1777557029305587436,0.235,300,1.010,0.458,1.468,0.407,0.248,2.123
1777557029340723206,1777557029338290270,0.268,300,1.097,0.215,1.313,0.488,0.357,2.158
1777557029360734139,1777557029358420536,0.224,300,1.191,0.248,1.438,0.487,0.157,2.083
1777557029382016806,1777557029379777767,0.484,300,0.937,0.295,1.232,0.381,0.135,1.748
1777557029410580008,1777557029408294534,0.258,300,1.176,0.308,1.484,0.400,0.137,2.021
1777557029440852786,1777557029438302789,0.215,300,1.146,0.317,1.463,0.740,0.126,2.329
1777557029460351057,1777557029458300634,0.295,300,1.036,0.259,1.295,0.323,0.131,1.749
1777557029490526648,1777557029488301785,0.261,300,1.190,0.306,1.497,0.400,0.061,1.958
1777557029510633393,1777557029508355760,0.260,300,1.187,0.387,1.574,0.211,0.225,2.010
1777557029540533675,1777557029538315469,0.238,300,1.160,0.383,1.543,0.259,0.170,1.973
1777557029560205266,1777557029558306017,0.660,300,0.694,0.246,0.940,0.274,0.020,1.234
1777557029590553663,1777557029588342977,0.255,300,1.235,0.351,1.586,0.161,0.201,1.949
1777557029610496625,1777557029608305140,0.290,300,1.143,0.338,1.481,0.268,0.146,1.895
1777557029640323657,1777557029638312691,0.239,334,1.147,0.284,1.431,0.141,0.193,1.765
1777557029660456259,1777557029658307367,0.247,334,1.178,0.323,1.500,0.258,0.137,1.896
1777557029690675947,1777557029688317607,0.290,300,1.189,0.539,1.728,0.171,0.162,2.061
1777557029710346802,1777557029708297178,0.508,300,0.861,0.407,1.268,0.200,0.066,1.534
1777557029734121703,1777557029732074480,0.635,300,0.716,0.273,0.988,0.397,0.021,1.406
1777557029760285698,1777557029758312750,0.243,300,1.408,0.017,1.425,0.155,0.144,1.724
1777557029790315010,1777557029788364527,0.265,300,0.976,0.296,1.272,0.273,0.134,1.678
1777557029810523520,1777557029808319746,0.302,300,1.005,0.382,1.387,0.372,0.135,1.894
1777557029840427866,1777557029838306944,0.284,379,0.977,0.299,1.276,0.364,0.193,1.832
1777557029860608311,1777557029858329077,0.267,334,1.118,0.324,1.442,0.372,0.191,2.006
1777557029890598709,1777557029888425592,0.369,379,0.914,0.311,1.225,0.382,0.191,1.798
1777557029910692558,1777557029908515921,0.611,379,0.755,0.282,1.037,0.366,0.156,1.559
1777557029940505156,1777557029938422636,0.310,300,0.924,0.379,1.303,0.318,0.127,1.748
1777557029960222189,1777557029958308987,0.242,300,1.073,0.369,1.443,0.103,0.119,1.665
1777557029990593051,1777557029988297433,0.291,300,1.153,0.269,1.422,0.354,0.222,1.997
1777557030011070755,1777557030008320654,0.272,334,1.628,0.046,1.673,0.618,0.179,2.471
1777557030041143169,1777557030038306888,0.549,334,0.769,0.642,1.410,0.493,0.377,2.280
1777557030060435284,1777557030058319994,0.251,300,1.045,0.299,1.344,0.362,0.152,1.858
1777557030090543027,1777557030088341942,0.272,300,1.033,0.428,1.462,0.315,0.145,1.922
1777557030110493251,1777557030108299461,0.645,379,0.877,0.217,1.093,0.408,0.042,1.543
1777557030133088546,1777557030130453907,0.289,334,1.109,0.386,1.495,0.675,0.169,2.338
1777557030160342728,1777557030158318066,0.678,379,0.700,0.284,0.984,0.175,0.182,1.340
1777557030190378116,1777557030188353902,0.672,300,0.660,0.318,0.978,0.194,0.173,1.345
1777557030210417495,1777557030208383521,0.244,300,1.080,0.220,1.299,0.332,0.152,1.784
1777557030240292556,1777557030238333561,0.270,300,0.976,0.360,1.336,0.206,0.141,1.682
1777557030260362593,1777557030258319274,0.278,300,1.068,0.258,1.326,0.306,0.127,1.759
1777557030290508578,1777557030288312164,0.336,300,0.958,0.395,1.353,0.347,0.153,1.853
1777557030310365613,1777557030308316310,0.242,300,1.085,0.307,1.392,0.261,0.148,1.801
1777557030341854535,1777557030338310160,0.221,300,1.089,0.482,1.571,0.324,1.422,3.316
1777557030360767498,1777557030358315394,0.394,300,1.227,0.250,1.477,0.381,0.194,2.052
1777557030390438487,1777557030388357022,0.278,334,1.005,0.444,1.449,0.207,0.142,1.797
1777557030410377125,1777557030408308654,0.283,300,1.007,0.366,1.373,0.253,0.153,1.779
1777557030441895648,1777557030438443310,0.212,379,1.595,0.168,1.763,0.441,1.030,3.234
1777557030460758018,1777557030458311802,0.647,379,0.886,0.361,1.247,0.390,0.156,1.793
1777557030490308489,1777557030488311220,0.335,300,1.149,0.214,1.363,0.129,0.164,1.657
1777557030510639433,1777557030508311814,0.240,300,1.449,0.203,1.652,0.273,0.156,2.081
1777557030540263827,1777557030538332769,0.422,300,1.235,0.043,1.278,0.036,0.189,1.503
1777557030561002724,1777557030558325586,0.307,422,1.209,0.273,1.481,0.761,0.122,2.364
1777557030590326882,1777557030588327469,0.259,379,1.010,0.277,1.287,0.285,0.162,1.734
1777557030610261584,1777557030608317662,0.324,422,1.017,0.316,1.333,0.177,0.104,1.613
1777557030640322029,1777557030638316664,0.241,422,1.139,0.336,1.474,0.137,0.146,1.757
1777557030660383714,1777557030658316330,0.714,379,0.786,0.060,0.847,0.441,0.060,1.347
1777557030690750636,1777557030688383911,0.268,379,1.300,0.399,1.699,0.254,0.139,2.093
1777557030710546132,1777557030708325942,0.369,379,1.027,0.355,1.382,0.338,0.125,1.844
1777557030740766712,1777557030738315696,0.345,334,0.977,0.281,1.258,0.701,0.141,2.100
1777557030760538816,1777557030758361988,0.772,379,0.694,0.322,1.016,0.213,0.170,1.399
1777557030790759620,1777557030788380639,0.294,464,1.172,0.391,1.563,0.340,0.175,2.078
1777557030810526475,1777557030808345967,0.285,464,1.133,0.334,1.468,0.277,0.145,1.889
1777557030840578664,1777557030838331273,0.642,464,0.814,0.402,1.217,0.223,0.159,1.599
1777557030860381009,1777557030858335866,0.392,464,1.043,0.225,1.268,0.217,0.161,1.647
1777557030890546739,1777557030888346101,0.250,334,1.139,0.264,1.404,0.397,0.143,1.944
1777557030910611623,1777557030908329862,0.272,334,1.175,0.329,1.503,0.360,0.140,2.003
1777557030940743015,1777557030938340161,0.266,334,1.229,0.156,1.384,0.303,0.443,2.130
1777557030960589330,1777557030958333298,0.257,300,1.194,0.267,1.461,0.277,0.254,1.992
1777557030990491400,1777557030988372718,0.273,300,1.010,0.288,1.298,0.400,0.141,1.839
1777557031010500025,1777557031008330397,0.331,334,1.171,0.195,1.367,0.295,0.170,1.832
1777557031040327496,1777557031038328691,0.658,379,0.714,0.215,0.929,0.232,0.173,1.334
1777557031070561960,1777557031068337450,0.289,379,1.316,0.257,1.573,0.177,0.179,1.929
1777557031090538006,1777557031088363802,0.279,300,1.114,0.344,1.458,0.283,0.148,1.889
1777557031120639376,1777557031118337134,0.386,300,1.228,0.236,1.463,0.256,0.190,1.909
1777557031140360499,1777557031138328189,0.399,300,0.941,0.231,1.171,0.310,0.145,1.626
1777557031170877375,1777557031168329747,0.322,300,1.443,0.282,1.725,0.359,0.134,2.219
1777557031190466556,1777557031188319009,0.711,544,0.758,0.340,1.097,0.179,0.153,1.429
1777557031220531381,1777557031218326615,0.337,379,0.958,0.305,1.263,0.431,0.166,1.861
1777557031240260568,1777557031238324614,0.352,422,1.107,0.175,1.283,0.219,0.076,1.577
1777557031270506936,1777557031268324316,0.265,334,1.168,0.245,1.412,0.355,0.144,1.911
1777557031290441764,1777557031288325035,0.340,300,1.131,0.179,1.310,0.272,0.187,1.769
1777557031320408825,1777557031318349314,0.244,379,1.034,0.257,1.290,0.305,0.214,1.809
1777557031340716981,1777557031338319151,0.788,379,0.686,0.204,0.890,0.283,0.431,1.603
1777557031372953033,1777557031368330982,0.603,464,0.684,0.289,0.973,0.393,2.646,4.012
1777557031390277767,1777557031388318004,0.247,464,1.209,0.190,1.399,0.221,0.085,1.705
1777557031420704879,1777557031418323306,0.231,379,1.367,0.366,1.733,0.335,0.075,2.144
1777557031441937394,1777557031438416861,0.296,379,1.605,0.472,2.077,0.379,0.761,3.217
1777557031470374437,1777557031468342095,0.249,504,1.126,0.382,1.508,0.139,0.130,1.777
1777557031490539675,1777557031488343454,0.843,504,0.626,0.322,0.947,0.172,0.227,1.347
1777557031520309191,1777557031518337844,0.630,334,0.678,0.235,0.914,0.240,0.181,1.335
1777557031540594178,1777557031538342467,0.730,334,0.785,0.357,1.142,0.094,0.279,1.515
1777557031570508532,1777557031568343865,0.284,300,1.141,0.231,1.372,0.345,0.156,1.873
1777557031590694219,1777557031588390314,0.284,379,1.066,0.257,1.324,0.551,0.139,2.013
1777557031610571284,1777557031608343542,0.369,379,0.930,0.398,1.328,0.430,0.096,1.853
1777557031640917113,1777557031638329484,0.240,300,1.074,0.266,1.340,0.709,0.292,2.341
1777557031660882982,1777557031658340539,0.310,582,1.043,0.266,1.308,0.763,0.155,2.226
1777557031690634226,1777557031688350641,0.264,657,1.265,0.419,1.684,0.281,0.048,2.013
1777557031710568414,1777557031708337503,0.850,657,0.761,0.141,0.902,0.333,0.141,1.375
1777557031741763238,1777557031738328693,0.247,802,1.227,0.349,1.576,0.199,1.406,3.181
1777557031760649830,1777557031758341220,0.248,731,1.298,0.164,1.462,0.398,0.194,2.054
1777557031792349220,1777557031788336122,0.577,731,0.765,0.272,1.037,0.424,1.968,3.429
1777557031810665419,1777557031808386987,0.678,464,0.700,0.266,0.965,0.501,0.127,1.593
1777557031840988591,1777557031838336543,0.274,504,1.105,0.275,1.380,0.833,0.160,2.373
1777557031860832279,1777557031858340397,0.250,504,1.293,0.382,1.675,0.382,0.179,2.235
1777557031890674694,1777557031888339555,0.312,300,1.047,0.324,1.372,0.523,0.122,2.017
1777557031911117800,1777557031908352243,0.276,544,1.568,0.430,1.998,0.347,0.138,2.483
1777557031940454434,1777557031938340264,0.241,334,1.211,0.218,1.430,0.367,0.071,1.868
1777557031961498140,1777557031958402073,0.922,300,1.292,0.279,1.571,0.439,0.158,2.168
1777557031986437180,1777557031984430311,0.221,379,1.232,0.148,1.380,0.235,0.163,1.778
1777557032010541432,1777557032008347419,0.260,379,1.067,0.272,1.339,0.469,0.120,1.928
1777557032041816511,1777557032038332236,1.268,464,0.761,0.461,1.222,0.622,0.366,2.210
1777557032060480627,1777557032058470494,0.234,300,1.043,0.293,1.337,0.358,0.075,1.770
1777557032090449795,1777557032088377772,0.611,379,0.776,0.272,1.048,0.222,0.184,1.454
1777557032110836095,1777557032108532574,0.208,620,1.526,0.070,1.595,0.259,0.236,2.089
1777557032143997590,1777557032138359112,0.783,422,0.623,0.236,0.859,3.772,0.217,4.849
1777557032160587442,1777557032158347156,0.320,300,1.079,0.593,1.672,0.043,0.199,1.913
1777557032190477631,1777557032188338437,0.303,422,1.057,0.340,1.397,0.307,0.126,1.830
1777557032211840420,1777557032208343281,3.386,422,0.038,0.037,0.075,0.017,0.014,0.106
1777557032241869207,1777557032238345219,0.411,300,0.996,0.255,1.251,1.834,0.022,3.108
1777557032270345961,1777557032268350517,0.557,300,0.810,0.313,1.123,0.208,0.101,1.432
1777557032290400375,1777557032288348128,0.324,300,0.956,0.284,1.240,0.431,0.052,1.723
1777557032320854108,1777557032318373715,0.278,300,1.333,0.580,1.913,0.045,0.239,2.196
1777557032340929291,1777557032338338141,0.219,379,1.339,0.725,2.064,0.019,0.282,2.365
1777557032364392616,1777557032362234701,0.246,379,1.097,0.295,1.392,0.246,0.267,1.904
1777557032390533431,1777557032388344411,0.302,300,1.039,0.493,1.531,0.242,0.108,1.882
1777557032420713713,1777557032418333324,0.247,300,1.020,0.335,1.354,0.519,0.252,2.126
1777557032440764735,1777557032438432956,0.491,334,0.773,0.408,1.181,0.170,0.482,1.833
1777557032470662572,1777557032468349034,0.477,657,1.154,0.346,1.500,0.232,0.099,1.831
1777557032490539538,1777557032488376407,0.310,544,1.253,0.277,1.530,0.271,0.046,1.848
1777557032520979671,1777557032518366216,0.299,694,1.266,0.411,1.678,0.452,0.178,2.308
1777557032541908714,1777557032538349588,0.239,379,1.420,0.311,1.730,0.271,1.312,3.313
1777557032570611717,1777557032568356230,0.316,464,1.001,0.430,1.431,0.370,0.132,1.933
1777557032590571407,1777557032588350673,0.600,464,0.747,0.284,1.031,0.450,0.133,1.614
1777557032620339511,1777557032618349635,0.638,300,0.679,0.240,0.919,0.330,0.096,1.346
1777557032641749950,1777557032638396112,0.271,464,1.082,0.274,1.356,0.433,1.286,3.075
1777557032670477146,1777557032668355488,0.746,464,0.765,0.109,0.874,0.331,0.163,1.369
1777557032690539816,1777557032688356044,0.257,504,1.557,0.041,1.598,0.130,0.192,1.921
1777557032720653535,1777557032718351966,0.251,504,1.120,0.488,1.608,0.239,0.196,2.043
1777557032741751993,1777557032738350153,0.581,504,0.783,0.259,1.043,0.622,1.149,2.813
1777557032770853957,1777557032768358779,0.277,657,1.271,0.413,1.685,0.397,0.130,2.211
1777557032790806799,1777557032788353127,0.840,464,0.914,0.287,1.201,0.288,0.119,1.607
1777557032820519924,1777557032818405755,0.229,657,1.149,0.185,1.334,0.298,0.246,1.878
1777557032841820823,1777557032838345444,0.220,657,1.200,0.303,1.503,1.609,0.137,3.249
1777557032870774236,1777557032868376407,0.390,422,0.896,0.417,1.313,0.521,0.167,2.001
1777557032890699173,1777557032888355202,0.642,464,0.829,0.193,1.022,0.521,0.151,1.695
1777557032920792250,1777557032918371508,0.284,422,1.030,0.375,1.406,0.562,0.162,2.130
1777557032945551951,1777557032938348127,0.221,582,1.185,0.219,1.404,5.302,0.270,6.976
1777557032970517548,1777557032968356465,0.254,504,1.199,0.307,1.506,0.250,0.146,1.901
1777557032990615740,1777557032988348797,0.659,300,0.738,0.299,1.037,0.415,0.150,1.602
1777557033020580074,1777557033018358221,0.305,379,1.096,0.353,1.448,0.328,0.133,1.910
1777557033040988004,1777557033038390711,0.239,334,1.353,0.214,1.566,0.670,0.114,2.351
1777557033070727463,1777557033068472584,0.265,334,1.141,0.277,1.418,0.446,0.119,1.983
1777557033090652716,1777557033088358764,0.524,544,0.857,0.296,1.153,0.437,0.173,1.764
1777557033120560022,1777557033118354617,0.289,422,1.018,0.317,1.335,0.420,0.154,1.910
1777557033140884876,1777557033138399908,0.299,504,1.207,0.417,1.623,0.440,0.117,2.180
1777557033170548556,1777557033168362512,0.265,300,1.160,0.206,1.366,0.400,0.149,1.914
1777557033190680826,1777557033188459837,0.361,379,1.213,0.279,1.492,0.282,0.079,1.853
1777557033220608004,1777557033218355334,0.242,464,1.232,0.255,1.487,0.368,0.148,2.003
1777557033242278900,1777557033238368431,0.281,620,1.488,0.246,1.734,1.816,0.073,3.623
1777557033270477365,1777557033268371869,0.612,620,0.747,0.296,1.043,0.286,0.158,1.487
1777557033290650565,1777557033288431336,0.360,379,1.104,0.246,1.350,0.302,0.200,1.853
1777557033320396936,1777557033318366003,0.248,379,1.124,0.264,1.388,0.209,0.180,1.777
1777557033342047286,1777557033338359259,0.282,657,1.300,0.248,1.549,1.637,0.214,3.400
1777557033370592167,1777557033368355337,0.696,582,0.826,0.226,1.052,0.347,0.136,1.535
1777557033390498444,1777557033388361810,0.244,544,1.203,0.217,1.420,0.374,0.092,1.886
1777557033420603229,1777557033418372768,0.232,582,1.199,0.152,1.350,0.425,0.216,1.991
1777557033442015138,1777557033438361736,0.247,582,1.370,0.080,1.450,1.772,0.178,3.400
1777557033471381012,1777557033468358773,0.629,422,0.708,0.291,0.999,1.270,0.118,2.386
1777557033490451542,1777557033488378527,0.254,464,1.160,0.256,1.416,0.248,0.147,1.812
1777557033520570441,1777557033518359436,0.231,544,1.212,0.174,1.386,0.387,0.200,1.973
1777557033541865160,1777557033538365365,0.243,379,1.066,0.336,1.402,0.234,1.613,3.248
1777557033572937314,1777557033568358914,0.233,334,1.159,0.361,1.520,0.266,2.550,4.337
1777557033590445987,1777557033588378028,0.234,334,1.376,0.062,1.439,0.160,0.228,1.826
1777557033617770495,1777557033615180531,0.207,544,1.059,0.326,1.385,0.466,0.524,2.375
1777557033641989466,1777557033638359425,0.699,544,0.886,0.100,0.986,0.202,1.735,2.923
1777557033670645391,1777557033668370863,0.235,504,1.158,0.340,1.497,0.332,0.205,2.034
1777557033690515314,1777557033688393049,0.498,504,0.895,0.254,1.149,0.448,0.021,1.618
1777557033720377242,1777557033718372485,0.279,379,1.443,0.018,1.461,0.238,0.021,1.720
1777557033740462118,1777557033738373486,0.289,504,1.140,0.272,1.413,0.361,0.021,1.795
1777557033770581241,1777557033768374748,0.875,504,0.506,0.347,0.853,0.324,0.149,1.325
1777557033791165146,1777557033788362980,0.293,657,1.811,0.265,2.076,0.197,0.229,2.502
1777557033820644561,1777557033818371986,0.644,504,0.809,0.290,1.100,0.302,0.219,1.621
1777557033842369059,1777557033838374907,0.473,504,1.142,0.400,1.542,1.565,0.407,3.514
1777557033870679817,1777557033868367496,0.598,379,1.053,0.173,1.226,0.307,0.174,1.707
1777557033890581614,1777557033888379217,0.590,334,0.831,0.308,1.139,0.240,0.228,1.607
1777557033920604092,1777557033918373535,0.233,334,1.253,0.384,1.637,0.226,0.129,1.991
1777557033941846105,1777557033938368775,0.555,464,0.850,0.352,1.202,1.592,0.122,2.915
1777557033970651733,1777557033968433079,0.720,464,0.775,0.253,1.028,0.304,0.160,1.492
1777557033990570650,1777557033988453665,0.464,464,0.973,0.304,1.276,0.151,0.219,1.645
1777557034020436512,1777557034018371305,0.258,334,1.168,0.186,1.353,0.429,0.020,1.802
1777557034040561803,1777557034038366383,0.212,334,1.091,0.444,1.534,0.216,0.226,1.976
1777557034070915043,1777557034068464540,0.268,766,1.285,0.326,1.611,0.402,0.163,2.176
1777557034090604444,1777557034088368638,0.260,657,1.236,0.421,1.657,0.178,0.134,1.969
1777557034120605093,1777557034118395272,0.340,657,1.172,0.308,1.481,0.340,0.042,1.864
1777557034141223941,1777557034138447345,0.344,802,1.348,0.426,1.774,0.511,0.141,2.426
1777557034170623381,1777557034168405016,0.357,620,1.218,0.220,1.437,0.285,0.133,1.855
1777557034190648988,1777557034188373853,0.240,300,1.232,0.233,1.465,0.390,0.174,2.029
1777557034220607940,1777557034218434184,0.514,300,0.982,0.403,1.384,0.182,0.087,1.653
1777557034240671756,1777557034238509362,0.657,504,0.688,0.425,1.113,0.124,0.261,1.498
1777557034270647668,1777557034268389718,0.296,464,1.192,0.298,1.490,0.324,0.141,1.955
1777557034290447058,1777557034288421341,0.544,464,0.869,0.260,1.128,0.195,0.152,1.475
1777557034320819403,1777557034318382629,0.334,464,1.497,0.190,1.687,0.248,0.162,2.096
1777557034340604392,1777557034338372138,0.590,464,0.746,0.458,1.204,0.205,0.225,1.635
1777557034370740599,1777557034368388084,0.270,300,1.314,0.372,1.686,0.229,0.161,2.075
1777557034390458033,1777557034388380570,0.411,544,0.973,0.336,1.309,0.221,0.130,1.660
1777557034420393943,1777557034418377667,0.696,300,1.048,0.018,1.066,0.073,0.174,1.313
1777557034440538307,1777557034438373865,0.258,422,1.589,0.018,1.607,0.035,0.258,1.900
1777557034470655057,1777557034468397875,0.420,422,0.984,0.321,1.305,0.247,0.278,1.830
1777557034490456719,1777557034488381112,0.255,422,1.074,0.413,1.487,0.091,0.235,1.814
1777557034520575837,1777557034518376769,0.275,379,1.126,0.478,1.604,0.133,0.181,1.918
1777557034541979870,1777557034538545326,0.446,657,0.985,0.297,1.282,1.672,0.028,2.982
1777557034570551723,1777557034568395857,0.665,657,0.681,0.319,1.000,0.351,0.134,1.485
1777557034590461198,1777557034588447961,0.699,657,0.679,0.296,0.976,0.172,0.161,1.308
1777557034620518393,1777557034618388288,0.215,300,1.057,0.274,1.331,0.327,0.250,1.909
1777557034646889162,1777557034644669869,0.449,379,0.955,0.345,1.300,0.350,0.113,1.763
1777557034670470566,1777557034668391183,0.643,504,0.809,0.156,0.964,0.328,0.136,1.429
1777557034700467311,1777557034698426234,0.258,422,1.060,0.316,1.376,0.212,0.188,1.775
1777557034720763138,1777557034718383902,0.283,422,1.333,0.318,1.651,0.233,0.205,2.089
1777557034750669735,1777557034748391944,0.311,582,1.371,0.264,1.635,0.251,0.074,1.961
1777557034770633996,1777557034768396014,0.300,582,1.154,0.336,1.489,0.298,0.143,1.931
1777557034800660054,1777557034798389079,0.300,464,0.958,0.517,1.476,0.161,0.329,1.965
1777557034820554167,1777557034818378684,0.234,620,1.220,0.284,1.504,0.210,0.220,1.934
1777557034850799755,1777557034848395430,0.240,464,1.149,0.480,1.628,0.179,0.350,2.157
1777557034870638186,1777557034868500689,0.235,544,1.108,0.411,1.519,0.208,0.168,1.896
1777557034900527055,1777557034898392149,0.226,544,1.129,0.259,1.388,0.320,0.195,1.903
1777557034920889252,1777557034918385531,0.682,464,0.636,0.573,1.209,0.372,0.234,1.815
1777557034950614721,1777557034948430118,0.442,907,1.061,0.345,1.406,0.045,0.284,1.735
1777557034970688043,1777557034968391786,0.305,907,1.224,0.306,1.531,0.201,0.252,1.984
1777557034999041199,1777557034996479491,0.232,379,1.134,0.291,1.425,0.602,0.295,2.322
1777557035020727193,1777557035018396920,0.222,464,1.096,0.481,1.577,0.344,0.180,2.102
1777557035050343246,1777557035048389084,0.314,379,1.172,0.158,1.331,0.154,0.148,1.633
1777557035070641438,1777557035068398720,0.333,694,1.105,0.295,1.401,0.366,0.137,1.903
1777557035100423609,1777557035098391973,0.302,504,1.125,0.275,1.401,0.209,0.113,1.723
1777557035120786252,1777557035118392264,0.241,504,1.283,0.379,1.662,0.277,0.207,2.146
1777557035150644587,1777557035148383724,0.260,464,1.217,0.284,1.501,0.473,0.021,1.996
1777557035170508520,1777557035168397712,0.925,464,0.450,0.462,0.912,0.102,0.166,1.179
1777557035200508493,1777557035198385493,0.271,837,1.232,0.257,1.489,0.241,0.115,1.845
1777557035220429357,1777557035218392664,0.608,422,0.892,0.206,1.097,0.247,0.078,1.422
1777557035251237780,1777557035248400829,0.260,422,1.069,0.401,1.470,0.963,0.138,2.571
1777557035271100305,1777557035268395872,0.719,422,0.663,0.294,0.957,0.794,0.228,1.979
1777557035301554281,1777557035298405158,0.290,422,1.186,0.430,1.615,1.087,0.150,2.853
1777557035320957939,1777557035318392616,0.240,657,1.225,0.352,1.577,0.600,0.141,2.318
1777557035348898466,1777557035346288021,0.226,464,1.236,0.516,1.752,0.304,0.321,2.377
1777557035370690352,1777557035368386480,0.268,504,1.334,0.077,1.411,0.456,0.163,2.030
1777557035400467020,1777557035397205028,0.290,379,0.994,0.425,1.419,1.379,0.167,2.965
1777557035421171661,1777557035418414969,0.328,300,1.024,0.371,1.395,0.829,0.198,2.422
1777557035451209555,1777557035448409406,0.321,300,1.084,0.465,1.549,0.774,0.150,2.473
1777557035471081393,1777557035468399329,0.767,300,0.634,0.271,0.905,0.836,0.167,1.908
1777557035501082422,1777557035498404102,0.224,300,1.122,0.266,1.388,0.913,0.146,2.447
1777557035520687305,1777557035518401673,0.798,300,0.807,0.199,1.007,0.187,0.288,1.481
1777557035551474926,1777557035548406766,0.293,300,1.251,0.128,1.378,1.277,0.114,2.769
1777557035571166597,1777557035568410034,0.340,300,1.003,0.250,1.253,1.101,0.057,2.411
1777557035595239346,1777557035592296887,0.348,300,1.246,0.070,1.316,1.049,0.223,2.588
1777557035621143884,1777557035618402937,0.237,300,1.238,0.305,1.543,0.834,0.121,2.498
1777557035650789954,1777557035648410239,0.242,300,1.004,0.493,1.497,0.547,0.087,2.131
1777557035670856392,1777557035668392609,0.310,300,1.091,0.414,1.505,0.558,0.085,2.148
1777557035700924816,1777557035698404999,0.314,300,1.234,0.147,1.381,0.658,0.159,2.199
1777557035720619846,1777557035718398154,0.756,300,0.532,0.318,0.850,0.420,0.188,1.459
1777557035750560745,1777557035748385838,0.275,300,1.231,0.218,1.449,0.246,0.198,1.893
1777557035774014268,1777557035768400658,0.630,300,0.720,0.174,0.894,1.053,3.027,4.974
1777557035800888639,1777557035798402455,0.239,300,1.455,0.196,1.651,0.444,0.145,2.240
1777557035820558836,1777557035818541088,0.334,300,1.104,0.073,1.178,0.300,0.199,1.677
1777557035850323791,1777557035848413343,0.621,300,0.645,0.237,0.881,0.279,0.123,1.284
1777557035870645408,1777557035868411010,0.678,334,0.745,0.360,1.105,0.298,0.148,1.550
1777557035900397978,1777557035898418568,0.333,300,0.959,0.319,1.278,0.256,0.108,1.641
1777557035920427775,1777557035918401098,0.337,300,0.971,0.347,1.318,0.214,0.151,1.683
1777557035950788275,1777557035948408623,0.323,300,1.086,0.317,1.403,0.596,0.052,2.051
1777557035970770933,1777557035968429715,0.317,464,1.304,0.268,1.572,0.299,0.147,2.018
1777557036000788827,1777557035998409015,0.241,504,1.101,0.357,1.458,0.401,0.273,2.132
1777557036020895872,1777557036018403609,0.239,504,1.206,0.218,1.424,0.645,0.178,2.247
1777557036051322259,1777557036048408857,0.286,464,1.141,1.100,2.241,0.205,0.175,2.621
1777557036070492945,1777557036068423899,0.675,334,0.663,0.279,0.942,0.302,0.143,1.387
1777557036100370540,1777557036097384368,0.465,334,1.158,0.230,1.388,0.929,0.197,2.514
1777557036120402094,1777557036118443708,0.287,334,1.119,0.199,1.319,0.158,0.188,1.665
1777557036150767870,1777557036148417788,0.452,300,0.923,0.318,1.241,0.455,0.197,1.892
1777557036170787359,1777557036168396444,0.315,300,1.311,0.327,1.639,0.298,0.132,2.069
1777557036200960647,1777557036198411037,0.667,300,0.682,0.313,0.994,0.590,0.293,1.877
1777557036220858403,1777557036218403357,0.309,300,1.127,0.351,1.479,0.409,0.251,2.139
1777557036250442387,1777557036248417438,0.653,300,0.745,0.338,1.083,0.184,0.099,1.366
1777557036270260587,1777557036268410654,0.246,300,1.132,0.206,1.337,0.143,0.118,1.598
1777557036303443537,1777557036298424064,0.303,300,1.376,0.441,1.817,2.446,0.446,4.709
1777557036320798339,1777557036318416576,0.634,464,0.737,0.402,1.139,0.519,0.084,1.742
1777557036350581595,1777557036348420481,0.425,379,0.978,0.422,1.400,0.186,0.144,1.730
1777557036370540313,1777557036368408705,0.259,300,1.099,0.246,1.345,0.286,0.234,1.866
1777557036403108517,1777557036398409281,0.231,300,0.977,3.447,4.424,0.025,0.015,4.464
1777557036420845767,1777557036418396545,0.318,300,1.153,0.210,1.362,0.602,0.160,2.124
1777557036450632287,1777557036448424867,0.327,300,1.033,0.241,1.274,0.405,0.195,1.874
1777557036470595998,1777557036468413315,0.698,300,0.620,0.241,0.861,0.444,0.173,1.477
1777557036500517691,1777557036498423364,0.239,379,1.210,0.205,1.415,0.159,0.273,1.848
1777557036520554429,1777557036518415428,0.382,300,0.872,0.492,1.363,0.020,0.367,1.750
1777557036550574559,1777557036548423909,0.713,300,0.700,0.310,1.010,0.210,0.211,1.432
1777557036570384631,1777557036568414757,0.635,504,0.756,0.271,1.027,0.130,0.172,1.328
1777557036600459931,1777557036598416518,0.218,422,1.125,0.241,1.367,0.307,0.145,1.818
1777557036650646852,1777557036648419559,0.638,300,0.851,0.164,1.016,0.395,0.172,1.583
1777557036670952881,1777557036668415496,0.291,379,1.304,0.325,1.628,0.397,0.214,2.239
1777557036700837997,1777557036698417000,0.573,464,0.754,0.319,1.073,0.620,0.148,1.841
1777557036750763147,1777557036748416297,0.245,379,1.083,0.326,1.409,0.534,0.152,2.094
1777557036770738219,1777557036768417610,0.384,300,0.884,0.289,1.173,0.602,0.155,1.930
1777557036800946996,1777557036798416043,0.607,300,0.844,0.284,1.128,0.400,0.388,1.916
1777557036820559140,1777557036818413963,0.567,379,0.988,0.137,1.124,0.282,0.165,1.571
1777557036850797487,1777557036848428876,0.240,379,1.130,0.437,1.566,0.409,0.146,2.122
1777557036880877395,1777557036878417068,0.242,504,1.208,0.165,1.373,0.668,0.171,2.212
1777557036900811601,1777557036898414829,0.222,300,1.078,0.361,1.439,0.612,0.117,2.168
1777557036931915007,1777557036928452175,0.281,379,1.126,0.287,1.413,1.531,0.231,3.175
1777557036950653099,1777557036948418286,0.293,464,1.121,0.261,1.382,0.401,0.152,1.935
1777557036980701422,1777557036978433007,0.458,464,1.149,0.194,1.343,0.292,0.169,1.804
1777557037000694702,1777557036998416687,0.438,334,0.866,0.308,1.174,0.280,0.380,1.834
1777557037030726508,1777557037028429965,0.783,300,0.729,0.259,0.987,0.351,0.170,1.508
1777557037050626918,1777557037048447083,0.270,334,1.088,0.323,1.411,0.345,0.147,1.903
1777557037070673637,1777557037068409480,0.311,334,1.223,0.318,1.542,0.243,0.162,1.946
1777557037100656961,1777557037098427461,0.274,334,1.179,0.186,1.365,0.323,0.237,1.925
1777557037120475063,1777557037118426978,0.604,379,0.712,0.301,1.013,0.238,0.187,1.438
1777557037150578648,1777557037148433503,0.273,379,1.299,0.075,1.374,0.308,0.183,1.865
1777557037170572246,1777557037168457918,0.312,379,1.015,0.358,1.373,0.279,0.143,1.796
1777557037200529776,1777557037198420473,0.243,300,1.055,0.476,1.531,0.163,0.165,1.859
1777557037220319301,1777557037218418678,0.301,300,1.063,0.181,1.244,0.183,0.166,1.592
1777557037250614350,1777557037248430323,0.705,300,0.697,0.359,1.056,0.221,0.196,1.473
1777557037270607019,1777557037268418865,0.249,379,1.076,0.329,1.405,0.382,0.145,1.933
1777557037300235384,1777557037298422733,0.235,300,1.181,0.073,1.255,0.229,0.088,1.572
1777557037320304825,1777557037318417835,0.609,334,0.705,0.323,1.028,0.109,0.133,1.270
1777557037350836460,1777557037348507403,0.221,300,1.051,0.336,1.387,0.506,0.209,2.102
1777557037370449753,1777557037368448710,0.282,300,1.171,0.212,1.383,0.174,0.155,1.712
1777557037400572699,1777557037398434082,0.784,379,0.598,0.297,0.895,0.296,0.156,1.348
1777557037420360240,1777557037418428416,0.246,379,1.383,0.042,1.425,0.080,0.174,1.680
1777557037450645400,1777557037448433916,0.422,300,1.038,0.317,1.355,0.265,0.163,1.783
1777557037470387627,1777557037468439386,0.257,300,1.052,0.304,1.356,0.163,0.165,1.684
1777557037500587120,1777557037498438487,0.232,300,1.269,0.293,1.562,0.229,0.119,1.910
1777557037520663761,1777557037518437588,0.817,464,0.468,0.476,0.944,0.315,0.142,1.402
1777557037550422051,1777557037548436881,0.757,300,0.983,0.043,1.025,0.055,0.141,1.221
1777557037580582182,1777557037578453998,0.294,544,1.047,0.377,1.423,0.239,0.165,1.828
1777557037601044151,1777557037598440011,0.309,379,1.247,0.174,1.421,0.450,0.418,2.288
1777557037630760712,1777557037628440328,0.242,379,1.316,0.128,1.444,0.390,0.237,2.072
1777557037651384159,1777557037648437573,0.338,766,1.043,0.422,1.465,0.943,0.194,2.602
1777557037681119985,1777557037678435010,0.235,300,1.056,0.424,1.480,0.913,0.052,2.446
1777557037700735007,1777557037698416926,0.336,694,1.201,0.184,1.385,0.418,0.173,1.975
1777557037730656376,1777557037728432892,0.375,379,1.066,0.281,1.347,0.454,0.042,1.842
1777557037750535825,1777557037748413625,0.286,379,1.033,0.281,1.314,0.497,0.020,1.831
1777557037780838810,1777557037778443126,0.598,620,0.708,0.493,1.200,0.383,0.208,1.791
1777557037800783541,1777557037798438644,0.252,464,1.134,0.281,1.415,0.461,0.210,2.086
1777557037830835700,1777557037828449905,0.292,464,1.255,0.233,1.489,0.313,0.286,2.088
1777557037850699052,1777557037848440174,0.611,422,0.810,0.323,1.133,0.278,0.231,1.641
1777557037900726471,1777557037898436584,0.215,300,1.306,0.089,1.395,0.492,0.182,2.069
1777557037930681570,1777557037928554217,0.650,300,0.672,0.258,0.930,0.367,0.174,1.471
1777557037950788324,1777557037948447363,0.258,504,1.249,0.326,1.575,0.339,0.163,2.077
1777557037998741289,1777557037996528493,0.221,300,1.075,0.353,1.428,0.283,0.274,1.985
1777557038030906364,1777557038028449782,0.245,422,1.337,0.177,1.514,0.448,0.243,2.205
1777557038050915159,1777557038048452433,0.420,334,1.012,0.298,1.310,0.310,0.415,2.035
1777557038085534414,1777557038078444777,0.260,422,1.124,0.843,1.967,0.925,3.929,6.821
1777557038100655360,1777557038098440068,0.452,379,0.850,0.483,1.332,0.278,0.147,1.757
1777557038131593951,1777557038128446589,0.506,464,0.839,0.457,1.296,1.203,0.136,2.635
1777557038150554031,1777557038148438167,0.332,464,1.059,0.326,1.385,0.212,0.180,1.777
1777557038180991577,1777557038178438128,0.217,300,1.181,0.328,1.509,0.658,0.162,2.329
1777557038200452478,1777557038198439562,0.241,300,1.062,0.323,1.385,0.257,0.124,1.766
1777557038230826182,1777557038228432963,0.271,300,1.230,0.207,1.437,0.537,0.142,2.116
1777557038250531540,1777557038248428541,0.724,300,0.645,0.406,1.050,0.164,0.158,1.373
1777557038281844387,1777557038278447350,0.221,300,1.242,0.176,1.418,1.586,0.165,3.169
1777557038301004763,1777557038298452082,0.288,300,1.164,0.248,1.412,0.706,0.139,2.257
1777557038331227837,1777557038328438377,0.244,300,1.197,0.286,1.483,0.822,0.235,2.540
1777557038348510215,1777557038346313324,0.208,300,1.221,0.221,1.442,0.323,0.217,1.982
1777557038380981670,1777557038378429820,0.211,300,1.895,0.106,2.001,0.312,0.022,2.335
1777557038400908350,1777557038397311721,0.587,464,0.815,0.382,1.197,1.616,0.190,3.003
1777557038430760752,1777557038428453873,0.339,422,1.202,0.315,1.517,0.279,0.165,1.961
1777557038450540610,1777557038448547439,0.243,300,1.195,0.294,1.489,0.089,0.166,1.743
1777557038480817830,1777557038478452452,0.284,300,1.081,0.351,1.432,0.493,0.150,2.075
1777557038500623833,1777557038498442686,0.323,300,0.921,0.412,1.333,0.327,0.191,1.852
1777557038530934686,1777557038528456183,0.414,300,1.172,0.359,1.532,0.292,0.235,2.058
1777557038550950489,1777557038548458322,0.742,300,0.720,0.327,1.047,0.379,0.218,1.645
1777557038581288320,1777557038578450634,0.290,300,1.111,0.250,1.361,1.045,0.136,2.542
1777557038600698338,1777557038598444197,0.266,300,1.057,0.406,1.463,0.390,0.128,1.982
1777557038650410250,1777557038648420663,0.266,379,1.125,0.298,1.424,0.155,0.137,1.716
1777557038682377363,1777557038678443665,0.282,300,1.049,0.505,1.553,0.890,1.202,3.645
1777557038700521697,1777557038698437483,0.244,300,1.210,0.104,1.314,0.332,0.188,1.833
1777557038730498009,1777557038728458244,0.367,300,1.064,0.126,1.191,0.361,0.114,1.666
1777557038750598040,1777557038748451807,0.343,300,1.208,0.134,1.342,0.300,0.156,1.797
1777557038780676852,1777557038778444087,0.483,300,1.016,0.195,1.210,0.301,0.231,1.742
1777557038800694319,1777557038798449234,0.292,300,0.999,0.338,1.337,0.366,0.243,1.946
1777557038831272191,1777557038828451211,0.229,300,1.196,0.182,1.378,1.066,0.143,2.586
1777557038851248665,1777557038848450534,0.285,300,1.098,0.299,1.398,0.957,0.152,2.507
1777557038880443312,1777557038878453630,0.619,422,0.733,0.270,1.003,0.231,0.131,1.365
1777557038900811259,1777557038898459961,0.252,379,1.161,0.436,1.597,0.258,0.239,2.093
1777557038930673229,1777557038928452529,0.253,422,1.148,0.468,1.616,0.172,0.175,1.962
1777557038950577316,1777557038948463117,0.370,300,1.175,0.125,1.300,0.149,0.289,1.737
1777557038980806374,1777557038978476198,0.556,300,0.858,0.529,1.387,0.228,0.153,1.768
1777557039000993225,1777557038998451872,0.202,300,1.170,0.374,1.545,0.542,0.246,2.333
1777557039050641639,1777557039048460333,0.263,300,1.055,0.434,1.489,0.251,0.172,1.911
1777557039076890433,1777557039074571009,0.237,300,1.396,0.231,1.628,0.286,0.162,2.076
1777557039100542671,1777557039098448089,0.253,300,1.091,0.299,1.390,0.351,0.094,1.835
1777557039131347621,1777557039128454222,0.259,300,1.078,1.143,2.221,0.193,0.214,2.628
1777557039150493722,1777557039148450022,0.240,300,1.269,0.156,1.425,0.179,0.194,1.797
1777557039180552657,1777557039178455418,0.654,300,0.617,0.319,0.936,0.305,0.195,1.436
1777557039200719792,1777557039198448370,0.237,300,1.023,0.422,1.445,0.428,0.156,2.029
1777557039230529532,1777557039228456103,0.278,504,1.106,0.283,1.389,0.242,0.158,1.789
1777557039250786527,1777557039248458879,0.388,582,1.211,0.353,1.564,0.231,0.138,1.933
1777557039280624748,1777557039278456787,0.635,582,0.804,0.242,1.046,0.310,0.170,1.526
1777557039300591427,1777557039298450155,0.269,422,1.136,0.241,1.377,0.301,0.187,1.866
1777557039330616921,1777557039328457504,0.253,422,1.072,0.453,1.525,0.202,0.172,1.899
1777557039350840314,1777557039348460600,0.807,300,0.579,0.494,1.073,0.286,0.207,1.565
1777557039380507713,1777557039378473421,0.268,300,1.090,0.234,1.324,0.261,0.176,1.760
1777557039401286393,1777557039398465861,0.601,300,1.217,0.320,1.537,0.475,0.201,2.213
1777557039431260108,1777557039428472985,0.583,300,0.696,0.300,0.996,0.897,0.305,2.197
1777557039452777155,1777557039448459825,0.460,300,0.930,0.544,1.474,2.172,0.205,3.850
1777557039481002766,1777557039478460325,0.242,300,1.148,0.488,1.637,0.472,0.185,2.294
1777557039500857664,1777557039498477950,0.580,300,0.785,0.552,1.337,0.232,0.225,1.793
1777557039530610794,1777557039528461042,0.346,422,0.968,0.293,1.261,0.414,0.122,1.797
1777557039555958975,1777557039548459946,0.636,334,0.844,0.252,1.096,5.577,0.183,6.856
1777557039581236912,1777557039578474623,0.265,334,1.450,0.247,1.697,0.645,0.150,2.491
1777557039600534636,1777557039598474231,0.230,464,1.092,0.328,1.420,0.263,0.142,1.824
1777557039630606275,1777557039628468779,0.463,334,0.907,0.248,1.155,0.371,0.142,1.668
1777557039650830436,1777557039648459523,0.254,300,1.214,0.387,1.600,0.324,0.185,2.110
1777557039681345230,1777557039678469271,0.643,334,0.959,0.048,1.008,0.947,0.272,2.226
1777557039700527140,1777557039698483440,0.284,334,1.073,0.323,1.396,0.249,0.108,1.753
1777557039730761506,1777557039728473860,0.369,582,1.133,0.462,1.595,0.210,0.108,1.913
1777557039750704376,1777557039748457531,0.563,379,0.937,0.418,1.355,0.105,0.217,1.677
1777557039777970140,1777557039775653916,0.198,582,1.082,0.354,1.436,0.318,0.357,2.111
1777557039800874635,1777557039798468680,0.300,582,1.017,0.350,1.367,0.713,0.021,2.101
1777557039830947779,1777557039828511326,0.276,300,1.317,0.335,1.652,0.344,0.157,2.154
1777557039850714993,1777557039848479541,0.256,300,1.147,0.363,1.510,0.334,0.129,1.973
1777557039881047507,1777557039878572237,0.274,422,1.089,0.283,1.371,0.659,0.164,2.194
1777557039900928263,1777557039898480194,0.260,379,1.292,0.209,1.501,0.463,0.218,2.182
1777557039930572044,1777557039928484438,1.256,379,0.076,0.325,0.401,0.251,0.174,0.826
1777557039950525698,1777557039948472654,0.280,300,1.124,0.315,1.439,0.197,0.131,1.767
1777557039980746048,1777557039978471586,1.016,300,0.329,0.569,0.898,0.222,0.133,1.252
1777557040000738744,1777557039998469786,0.829,300,0.557,0.188,0.744,0.571,0.118,1.433
1777557040030644548,1777557040028472779,0.535,300,0.821,0.401,1.222,0.282,0.126,1.630
1777557040050569879,1777557040048470145,0.497,300,1.265,0.146,1.412,0.033,0.152,1.597
1777557040082305966,1777557040078470833,0.495,422,0.840,0.401,1.241,1.943,0.148,3.333
1777557040100372852,1777557040098472902,0.705,422,0.611,0.250,0.861,0.188,0.139,1.188
1777557040130681361,1777557040128475895,0.334,300,1.046,0.387,1.432,0.255,0.178,1.865
1777557040150727209,1777557040148448043,0.281,300,1.764,0.047,1.811,0.167,0.014,1.993
1777557040180660790,1777557040178475868,0.239,300,1.078,0.771,1.849,0.023,0.067,1.939
1777557040200744015,1777557040198461489,0.225,422,1.103,0.466,1.569,0.274,0.208,2.051
1777557040231189554,1777557040228463266,2.406,379,0.040,0.105,0.145,0.011,0.157,0.313
1777557040250571214,1777557040248473399,0.643,300,0.724,0.363,1.087,0.224,0.138,1.449
1777557040280858122,1777557040278471432,0.252,300,1.265,0.516,1.781,0.203,0.143,2.127
1777557040300384620,1777557040298468349,0.250,334,1.199,0.172,1.371,0.185,0.104,1.660
1777557040330676136,1777557040328477805,0.314,379,1.057,0.489,1.545,0.241,0.092,1.879
1777557040351071437,1777557040348570599,0.313,300,1.481,0.375,1.856,0.214,0.111,2.182
1777557040380505510,1777557040378480211,0.351,300,1.174,0.123,1.297,0.246,0.107,1.650
1777557040400638177,1777557040398472008,0.288,544,1.049,0.414,1.463,0.124,0.285,1.872
1777557040430426409,1777557040428470233,0.637,300,0.796,0.242,1.039,0.208,0.067,1.313
1777557040450524994,1777557040448476142,0.255,620,1.198,0.312,1.510,0.159,0.118,1.787
1777557040480731195,1777557040478479551,0.674,620,0.814,0.313,1.127,0.237,0.207,1.571
1777557040501916897,1777557040498575256,0.822,300,0.577,0.392,0.969,1.437,0.107,2.513
1777557040530525400,1777557040528483556,0.268,300,1.103,0.391,1.494,0.148,0.127,1.768
1777557040560877207,1777557040558481044,0.230,544,1.192,0.284,1.476,0.601,0.081,2.159
1777557040580713126,1777557040578480874,0.310,544,1.088,0.558,1.646,0.142,0.128,1.916
1777557040610596817,1777557040608505755,0.258,464,1.049,0.345,1.394,0.413,0.022,1.828
1777557040630681098,1777557040628475215,0.253,334,1.169,0.385,1.554,0.193,0.199,1.946
1777557040660772094,1777557040658466655,0.807,334,0.679,0.551,1.230,0.030,0.231,1.491
1777557040681118786,1777557040678475317,0.330,464,1.179,0.242,1.421,0.753,0.133,2.307
1777557040711816686,1777557040708466053,0.319,464,1.080,0.276,1.357,1.526,0.142,3.024
1777557040730697686,1777557040728472635,0.289,300,1.282,0.234,1.516,0.284,0.129,1.929
1777557040760911951,1777557040758491756,0.720,300,0.636,0.413,1.048,0.484,0.161,1.693
1777557040780468914,1777557040778497569,0.652,300,0.644,0.310,0.954,0.229,0.130,1.313
1777557040810655882,1777557040808500402,0.326,379,1.070,0.427,1.497,0.129,0.197,1.822
1777557040830632991,1777557040828502503,0.249,334,1.173,0.550,1.723,0.088,0.066,1.876
1777557040860447943,1777557040858501175,0.308,379,1.457,0.018,1.475,0.036,0.121,1.632
1777557040881341697,1777557040878482124,0.312,379,0.981,0.222,1.204,1.195,0.141,2.540
1777557040911982924,1777557040908520478,0.362,300,1.090,0.328,1.418,1.551,0.125,3.094
1777557040930889333,1777557040928482162,0.250,300,1.038,0.323,1.361,0.658,0.132,2.151
1777557040960975176,1777557040958486210,0.797,300,0.748,0.307,1.055,0.507,0.124,1.686
1777557040981242057,1777557040978495864,0.285,422,1.441,0.436,1.878,0.473,0.104,2.454
1777557041011010927,1777557041008537545,0.257,464,1.202,0.371,1.573,0.497,0.140,2.209
1777557041030800249,1777557041028506651,0.331,464,1.126,0.328,1.454,0.420,0.083,1.957
1777557041061034126,1777557041058517895,0.226,300,1.374,0.308,1.682,0.486,0.115,2.283
1777557041081057154,1777557041078484537,0.320,300,0.977,0.432,1.408,0.653,0.185,2.246
1777557041110620604,1777557041108484997,0.255,300,1.118,0.246,1.364,0.387,0.122,1.873
1777557041131031104,1777557041128518873,0.343,300,1.070,0.356,1.426,0.584,0.151,2.162
1777557041160888550,1777557041158490980,0.442,300,1.118,0.097,1.214,0.577,0.157,1.948
1777557041180526378,1777557041178487127,0.268,300,1.061,0.294,1.355,0.181,0.230,1.765
1777557041210818050,1777557041208506884,0.458,300,1.019,0.295,1.314,0.396,0.136,1.846
1777557041234855546,1777557041228515735,0.275,300,1.209,0.159,1.368,4.508,0.182,6.058
1777557041261018025,1777557041258489794,0.644,300,0.733,0.212,0.946,0.713,0.219,1.878
1777557041281022748,1777557041278488181,0.379,300,1.256,0.351,1.607,0.312,0.230,2.148
1777557041309030423,1777557041305828340,0.245,334,1.085,0.292,1.377,1.155,0.418,2.950
1777557041330704302,1777557041328514101,0.733,334,0.763,0.161,0.924,0.327,0.200,1.451
1777557041351942324,1777557041349847294,0.216,300,1.254,0.228,1.482,0.231,0.160,1.872
1777557041380911478,1777557041378490387,0.972,334,0.756,0.171,0.927,0.467,0.049,1.443
1777557041410641783,1777557041408500351,0.559,300,0.962,0.184,1.146,0.201,0.228,1.576
1777557041430719661,1777557041428473329,0.632,334,0.770,0.244,1.014,0.455,0.138,1.607
1777557041460601172,1777557041458489854,0.497,334,1.106,0.127,1.233,0.138,0.238,1.609
1777557041480740813,1777557041478488240,0.753,300,0.606,0.417,1.024,0.454,0.017,1.494
1777557041510933249,1777557041508499965,0.314,300,1.531,0.174,1.706,0.250,0.158,2.114
1777557041530713450,1777557041528500784,0.440,300,1.385,0.360,1.745,0.012,0.012,1.768
1777557041560689238,1777557041558495452,0.819,300,0.786,0.257,1.042,0.014,0.312,1.368
1777557041580627142,1777557041578493199,0.355,300,1.135,0.170,1.306,0.380,0.086,1.772
1777557041610581488,1777557041608501147,0.430,379,0.932,0.682,1.614,0.018,0.013,1.646
1777557041630719081,1777557041628509710,0.580,379,0.912,0.325,1.237,0.368,0.019,1.625
1777557041660759414,1777557041658492634,0.215,379,1.336,0.167,1.503,0.319,0.223,2.045
1777557041681537257,1777557041678500717,2.867,379,0.041,0.101,0.142,0.011,0.012,0.165
1777557041710538476,1777557041708523226,0.229,300,1.180,0.404,1.585,0.050,0.144,1.779
1777557041730983665,1777557041728513676,0.370,300,0.890,0.581,1.471,0.603,0.020,2.095
1777557041761546548,1777557041758492311,0.488,300,0.765,0.474,1.239,1.301,0.020,2.560
1777557041780622689,1777557041778491946,0.239,300,1.061,0.398,1.458,0.217,0.210,1.885
1777557041810869656,1777557041808512151,0.238,300,1.027,0.255,1.282,0.703,0.127,2.113
1777557041831133493,1777557041828515082,0.273,300,0.975,0.324,1.299,0.890,0.150,2.339
1777557041866085420,1777557041858495221,0.401,300,0.887,1.187,2.074,4.938,0.170,7.183
1777557041881165013,1777557041878503081,0.240,334,1.215,0.906,2.122,0.165,0.129,2.416
1777557041910959769,1777557041908522805,0.592,334,0.850,0.342,1.192,0.442,0.204,1.837
1777557041930668160,1777557041928519816,0.652,334,0.785,0.285,1.070,0.359,0.062,1.490
1777557041961445516,1777557041958509620,0.801,334,1.927,0.045,1.972,0.017,0.140,2.129
1777557041980565051,1777557041978497350,0.628,334,0.719,0.287,1.006,0.204,0.223,1.433
1777557042011106428,1777557042008513618,0.226,300,1.059,0.310,1.368,0.982,0.011,2.362
1777557042031327925,1777557042028517347,0.431,300,0.874,0.348,1.222,0.964,0.186,2.372
1777557042060759334,1777557042058540812,0.268,300,1.453,0.194,1.646,0.178,0.119,1.944
1777557042080507276,1777557042078493370,0.259,300,1.051,0.301,1.351,0.236,0.142,1.729
1777557042110545846,1777557042108500418,0.248,300,1.218,0.271,1.489,0.089,0.213,1.791
1777557042131415017,1777557042128511475,0.306,300,1.929,0.183,2.111,0.292,0.187,2.591
1777557042160644338,1777557042158507387,0.385,379,0.901,0.479,1.380,0.211,0.154,1.745
1777557042182870077,1777557042178496331,0.263,379,1.125,0.383,1.508,2.316,0.280,4.104
1777557042210639882,1777557042208524564,0.281,334,1.239,0.249,1.488,0.223,0.116,1.827
1777557042231084492,1777557042228552869,0.242,334,1.118,0.322,1.440,0.673,0.171,2.283
1777557042260712517,1777557042258514508,0.768,300,0.682,0.307,0.989,0.256,0.178,1.423
1777557042280691061,1777557042278493179,0.944,300,0.746,0.117,0.863,0.298,0.085,1.247
1777557042310763328,1777557042308519972,0.249,300,1.423,0.097,1.520,0.302,0.165,1.986
1777557042330688141,1777557042328513492,0.665,300,0.594,0.368,0.962,0.216,0.325,1.502
1777557042360482733,1777557042358514268,0.288,300,1.096,0.232,1.328,0.159,0.187,1.674
1777557042380501917,1777557042378499340,0.321,379,1.108,0.187,1.295,0.221,0.146,1.661
1777557042410846132,1777557042408529013,0.603,464,0.702,0.466,1.168,0.361,0.178,1.707
1777557042430773921,1777557042428520421,0.234,464,1.147,0.349,1.496,0.392,0.125,2.013
1777557042460852460,1777557042458502540,0.244,422,1.410,0.146,1.555,0.450,0.094,2.099
1777557042480734423,1777557042478504220,0.270,422,1.122,0.295,1.417,0.397,0.139,1.953
1777557042510620955,1777557042508519429,0.240,300,1.134,0.230,1.364,0.315,0.175,1.854
1777557042530783442,1777557042528516789,0.216,422,1.290,0.229,1.520,0.275,0.249,2.044
1777557042561015939,1777557042558511261,0.608,379,0.765,0.429,1.194,0.536,0.160,1.890
1777557042580674438,1777557042578510893,0.245,379,1.165,0.262,1.427,0.293,0.193,1.912
