timestamp_s,odom_x,odom_y,odom_vx,motor_rpm,cmd_speed,phase
6.389072067999905,5.402825567162035,-0.5661209159653883,0.0,0.0,2.0,run_0
6.391257008999901,5.402825567162035,-0.5661209159653883,0.0,0.0,2.0,run_0
6.392982958999937,5.402825567162035,-0.5661209159653883,0.0,0.0,2.0,run_0
6.395634184999835,5.402825567162035,-0.5661209159653883,0.0,0.0,2.0,run_0
6.396718655999848,5.402825567162035,-0.5661209159653883,0.0,0.0,2.0,run_0
6.397770455,5.402825567162035,-0.5661209159653883,0.0,0.0,2.0,run_0
6.399858631999905,5.402825567162035,-0.5661209159653883,0.0,0.0,2.0,run_0
6.400829409999915,5.402825567162035,-0.5661209159653883,0.0,0.0,2.0,run_0
6.401704353000014,5.402825567162035,-0.5661209159653883,0.0,0.0,2.0,run_0
6.403695092999897,5.402825567162035,-0.5661209159653883,0.0,0.0,2.0,run_0
6.404683246999866,5.402825567162035,-0.5661209159653883,0.0,0.0,2.0,run_0
6.40558061999991,5.402825567162035,-0.5661209159653883,0.0,0.0,2.0,run_0
6.407476611999982,5.402825567162035,-0.5661209159653883,0.0,0.0,2.0,run_0
6.40842742399991,5.402825567162035,-0.5661209159653883,0.0,0.0,2.0,run_0
6.4093312609998065,5.402825567162035,-0.5661209159653883,0.0,0.0,2.0,run_0
6.411267762999842,5.402825567162035,-0.5661209159653883,0.0,0.0,2.0,run_0
6.412217549999923,5.402825567162035,-0.5661209159653883,0.0,0.0,2.0,run_0
6.413112043999945,5.402825567162035,-0.5661209159653883,0.0,0.0,2.0,run_0
6.414905223999995,5.402825567162035,-0.5661209159653883,0.0,0.0,2.0,run_0
6.415925919999836,5.402825567162035,-0.5661209159653883,0.0,0.0,2.0,run_0
6.41680601500002,5.402825567162035,-0.5661209159653883,0.0,0.0,2.0,run_0
6.418645943999991,5.402825567162035,-0.5661209159653883,0.0,0.0,2.0,run_0
6.419588691999934,5.402825567162035,-0.5661209159653883,0.0,0.0,2.0,run_0
6.420490225999856,5.402825567162035,-0.5661209159653883,0.0,0.0,2.0,run_0
6.42226337399984,5.402825567162035,-0.5661209159653883,0.0,0.0,2.0,run_0
6.423218344999896,5.402825567162035,-0.5661209159653883,0.0,0.0,2.0,run_0
6.424103078999906,5.402825567162035,-0.5661209159653883,0.0,0.0,2.0,run_0
6.425850340999887,5.402825567162035,-0.5661209159653883,0.0,0.0,2.0,run_0
6.426728802999833,5.402825567162035,-0.5661209159653883,0.0,0.0,2.0,run_0
6.427604480999889,5.402825567162035,-0.5661209159653883,0.0,0.0,2.0,run_0
6.429309568000008,5.402825567162035,-0.5661209159653883,0.0,0.0,2.0,run_0
6.4301362239998525,5.402825567162035,-0.5661209159653883,0.0,0.0,2.0,run_0
6.430948416999854,5.402825567162035,-0.5661209159653883,0.0,1.0,2.0,run_0
6.433013905999815,5.402825567162035,-0.5661209159653883,0.0,1.0,2.0,run_0
6.434022251999977,5.402825567162035,-0.5661209159653883,0.0,1.0,2.0,run_0
6.434918568999819,5.402825567162035,-0.5661209159653883,0.0,-17.0,2.0,run_0
6.438319558999865,5.402825567162035,-0.5661209159653883,0.0,-17.0,2.0,run_0
6.439244515999917,5.402825567162035,-0.5661209159653883,0.0,-17.0,2.0,run_0
6.4401537609999195,5.402825567162035,-0.5661209159653883,0.0,-13.0,2.0,run_0
6.4418607679999695,5.402825567162035,-0.5661209159653883,0.0,-13.0,2.0,run_0
6.442757276999828,5.402825567162035,-0.5661209159653883,0.0,-13.0,2.0,run_0
6.4445847909998975,5.402825567162035,-0.5661209159653883,0.0,5.0,2.0,run_0
6.4463043419998485,5.402825567162035,-0.5661209159653883,0.0,5.0,2.0,run_0
6.447069143999897,5.402825567162035,-0.5661209159653883,0.0,5.0,2.0,run_0
6.447929015,5.402825567162035,-0.5661209159653883,0.0,11.0,2.0,run_0
6.449695507999877,5.402825567162035,-0.5661209159653883,0.0,11.0,2.0,run_0
6.4505109319998155,5.402825567162035,-0.5661209159653883,0.0,11.0,2.0,run_0
6.452152565999995,5.402825567162035,-0.5661209159653883,0.0,16.0,2.0,run_0
6.453894546999891,5.402825567162035,-0.5661209159653883,0.0,16.0,2.0,run_0
6.45468194099999,5.402825567162035,-0.5661209159653883,0.0,16.0,2.0,run_0
6.456317462000015,5.402825567162035,-0.5661209159653883,0.0,21.0,2.0,run_0
6.457920664999847,5.402825567162035,-0.5661209159653883,0.0,21.0,2.0,run_0
6.458617501999925,5.402825567162035,-0.5661209159653883,0.0,21.0,2.0,run_0
6.459349185999827,5.402825567162035,-0.5661209159653883,0.0,24.0,2.0,run_0
6.460745964999887,5.402825567162035,-0.5661209159653883,0.0,24.0,2.0,run_0
6.461450065999998,5.402825567162035,-0.5661209159653883,0.0,24.0,2.0,run_0
6.4621001849998265,5.402825567162035,-0.5661209159653883,0.0,24.0,2.0,run_0
6.464457982999875,5.402825567162035,-0.5661209159653883,0.0,24.0,2.0,run_0
6.465133765000019,5.402825567162035,-0.5661209159653883,0.0,24.0,2.0,run_0
6.465826313999969,5.402825567162035,-0.5661209159653883,0.0,25.0,2.0,run_0
6.467262994999828,5.402825567162035,-0.5661209159653883,0.0,25.0,2.0,run_0
6.467909210000016,5.402825567162035,-0.5661209159653883,0.0,25.0,2.0,run_0
6.468537025999922,5.402825567162035,-0.5661209159653883,0.0,26.0,2.0,run_0
6.469815824999841,5.402825567162035,-0.5661209159653883,0.0,26.0,2.0,run_0
6.470413882999992,5.402825567162035,-0.5661209159653883,0.0,26.0,2.0,run_0
6.471045473999993,5.402825567162035,-0.5661209159653883,0.0,29.0,2.0,run_0
6.472442188999821,5.402825567162035,-0.5661209159653883,0.0,29.0,2.0,run_0
6.4734291589998065,5.402825567162035,-0.5661209159653883,0.0,29.0,2.0,run_0
6.474021071999914,5.402825567162035,-0.5661209159653883,0.0,31.0,2.0,run_0
6.475163108999823,5.402825567162035,-0.5661209159653883,0.0,31.0,2.0,run_0
6.475766926000006,5.402825567162035,-0.5661209159653883,0.0,31.0,2.0,run_0
6.476299160999815,5.402825567162035,-0.5661209159653883,0.0,34.0,2.0,run_0
6.477449036999815,5.402825567162035,-0.5661209159653883,0.0,34.0,2.0,run_0
6.4780204069998035,5.402825567162035,-0.5661209159653883,0.0,34.0,2.0,run_0
6.478558050999936,5.402825567162035,-0.5661209159653883,0.0,39.0,2.0,run_0
6.480155461999857,5.402825567162035,-0.5661209159653883,0.0,39.0,2.0,run_0
6.480712368000013,5.402825567162035,-0.5661209159653883,0.0,39.0,2.0,run_0
6.481241691999912,5.402825567162035,-0.5661209159653883,0.0,43.0,2.0,run_0
6.482311538999966,5.402825567162035,-0.5661209159653883,0.0,43.0,2.0,run_0
6.482883196999865,5.402825567162035,-0.5661209159653883,0.0,43.0,2.0,run_0
6.48380616999998,5.402825567162035,-0.5661209159653883,0.0,48.0,2.0,run_0
6.484916366999869,5.402825567162035,-0.5661209159653883,0.0,48.0,2.0,run_0
6.485426139999845,5.402825567162035,-0.5661209159653883,0.0,48.0,2.0,run_0
6.485907881000003,5.402825567162035,-0.5661209159653883,0.0,54.0,2.0,run_0
6.486902754999846,5.402825567162035,-0.5661209159653883,0.0,54.0,2.0,run_0
6.487442766999948,5.402825567162035,-0.5661209159653883,0.0,54.0,2.0,run_0
6.488331340999821,5.402825567162035,-0.5661209159653883,0.0,54.0,2.0,run_0
6.488880279999876,5.402825567162035,-0.5661209159653883,0.0,58.0,2.0,run_0
6.489915215999872,5.402825567162035,-0.5661209159653883,0.0,58.0,2.0,run_0
6.490412604999847,5.402825567162035,-0.5661209159653883,0.0,60.0,2.0,run_0
6.491440885999964,5.402825567162035,-0.5661209159653883,0.0,60.0,2.0,run_0
6.493711294999912,5.402825567162035,-0.5661209159653883,0.0,60.0,2.0,run_0
6.494735030999891,5.402825567162035,-0.5661209159653883,0.0,60.0,2.0,run_0
6.495332352999867,5.402825567162035,-0.5661209159653883,0.0,60.0,2.0,run_0
6.495833037000011,5.402825567162035,-0.5661209159653883,0.0,195.0,2.0,run_0
6.499694841999826,5.402825567162035,-0.5661209159653883,0.0,260.0,2.0,run_0
6.5014617819999785,5.403136152966618,-0.5662542335204465,0.06212664277180406,260.0,2.0,run_0
6.502335636999987,5.403136152966618,-0.5662542335204465,0.06212664277180406,260.0,2.0,run_0
6.506036710999979,5.403136152966618,-0.5662542335204465,0.06212664277180406,312.0,2.0,run_0
6.508515911999893,5.403516282646776,-0.5664173912106296,0.07455197132616488,312.0,2.0,run_0
6.509235499999932,5.403516282646776,-0.5664173912106296,0.07455197132616488,312.0,2.0,run_0
6.5112824299999374,5.403516282646776,-0.5664173912106296,0.07455197132616488,370.0,2.0,run_0
6.512647433999973,5.4040153453248765,-0.5666315698947962,0.0884109916367981,370.0,2.0,run_0
6.513322383999821,5.4040153453248765,-0.5666315698947962,0.0884109916367981,370.0,2.0,run_0
6.516858472999957,5.4040153453248765,-0.5666315698947962,0.0884109916367981,423.0,2.0,run_0
6.518438348000018,5.40453888334191,-0.5668562323507124,0.1010752688172043,423.0,2.0,run_0
6.519253548999814,5.40453888334191,-0.5668562323507124,0.1010752688172043,423.0,2.0,run_0
6.52246094599991,5.40453888334191,-0.5668562323507124,0.1010752688172043,477.0,2.0,run_0
6.524927411999897,5.4051125667636395,-0.56710238993283,0.11397849462365592,477.0,2.0,run_0
6.525788402999979,5.4051125667636395,-0.56710238993283,0.11397849462365592,477.0,2.0,run_0
6.528575879999835,5.4051125667636395,-0.56710238993283,0.11397849462365592,524.0,2.0,run_0
6.531252225999879,5.405802117392422,-0.567398225214381,0.12520908004778972,524.0,2.0,run_0
6.5321299199999885,5.405802117392422,-0.567398225214381,0.12520908004778972,524.0,2.0,run_0
6.532890914999825,5.405802117392422,-0.567398225214381,0.12520908004778972,571.0,2.0,run_0
6.534526339999957,5.405848390960723,-0.5674180765987147,0.13643966547192354,571.0,2.0,run_0
6.536130950999905,5.4066076076865714,-0.5677435876361361,0.14743130227001194,571.0,2.0,run_0
6.536899880999954,5.4066076076865714,-0.5677435876361361,0.14743130227001194,571.0,2.0,run_0
6.537645260999852,5.4066076076865714,-0.5677435876361361,0.14743130227001194,617.0,2.0,run_0
6.538925819999804,5.4066076076865714,-0.5677435876361361,0.14743130227001194,617.0,2.0,run_0
6.541375485999879,5.407394049247719,-0.5680804496256204,0.15722819593787335,617.0,2.0,run_0
6.542136256999811,5.407394049247719,-0.5680804496256204,0.15722819593787335,617.0,2.0,run_0
6.542877252999915,5.407394049247719,-0.5680804496256204,0.15722819593787335,658.0,2.0,run_0
6.545585148999862,5.407394049247719,-0.5680804496256204,0.15722819593787335,696.0,2.0,run_0
6.547059523999906,5.408294114407782,-0.5684658459639514,0.16630824372759856,696.0,2.0,run_0
6.54783293499986,5.408294114407782,-0.5684658459639514,0.16630824372759856,696.0,2.0,run_0
6.5521826879999026,5.408294114407782,-0.5684658459639514,0.16630824372759856,729.0,2.0,run_0
6.553857855999922,5.409195554675693,-0.5688518906886474,0.17419354838709677,729.0,2.0,run_0
6.554668513000024,5.409195554675693,-0.5688518906886474,0.17419354838709677,729.0,2.0,run_0
6.557181600999911,5.409195554675693,-0.5688518906886474,0.17419354838709677,729.0,2.0,run_0
6.558771267999873,5.409195554675693,-0.5688518906886474,0.17419354838709677,764.0,2.0,run_0
6.560386374000018,5.410131198609377,-0.5692527174280245,0.1825567502986858,764.0,2.0,run_0
6.562841191999951,5.410131198609377,-0.5692527174280245,0.1825567502986858,801.0,2.0,run_0
6.564501704999884,5.411125277843899,-0.5696787015917549,0.1913978494623656,801.0,2.0,run_0
6.565340360999926,5.411125277843899,-0.5696787015917549,0.1913978494623656,801.0,2.0,run_0
6.568420690999801,5.411125277843899,-0.5696787015917549,0.1913978494623656,833.0,2.0,run_0
6.569988598999998,5.412210471121522,-0.5701437310541557,0.1990442054958184,833.0,2.0,run_0
6.57078523999985,5.412210471121522,-0.5701437310541557,0.1990442054958184,833.0,2.0,run_0
6.5716184559998965,5.412210471121522,-0.5701437310541557,0.1990442054958184,864.0,2.0,run_0
6.573165596999843,5.412277527134276,-0.5701724632342215,0.2064516129032258,864.0,2.0,run_0
6.573947134999798,5.412277527134276,-0.5701724632342215,0.2064516129032258,864.0,2.0,run_0
6.576362562999975,5.413341272547842,-0.5706280609847892,0.21338112305854243,864.0,2.0,run_0
6.57718246699983,5.413341272547842,-0.5706280609847892,0.21338112305854243,864.0,2.0,run_0
6.577876616999902,5.413341272547842,-0.5706280609847892,0.21338112305854243,893.0,2.0,run_0
6.580943346999902,5.414463593644626,-0.5711084732768976,0.22031063321385902,893.0,2.0,run_0
6.582596276000004,5.414463593644626,-0.5711084732768976,0.22031063321385902,893.0,2.0,run_0
6.583411764999937,5.414463593644626,-0.5711084732768976,0.22031063321385902,922.0,2.0,run_0
6.5860863819998485,5.414463593644626,-0.5711084732768976,0.22031063321385902,922.0,2.0,run_0
6.5868941589999395,5.414463593644626,-0.5711084732768976,0.22031063321385902,949.0,2.0,run_0
6.589198262999844,5.4156785714850475,-0.57162852559091,0.22676224611708481,949.0,2.0,run_0
6.591406690999975,5.4156785714850475,-0.57162852559091,0.22676224611708481,949.0,2.0,run_0
6.59219609999991,5.4156785714850475,-0.57162852559091,0.22676224611708481,971.0,2.0,run_0
6.593655084999909,5.4168572950390805,-0.5721332550866705,0.23201911589008364,971.0,2.0,run_0
6.5974231319999035,5.418098128844777,-0.572664826658245,0.24324970131421744,971.0,2.0,run_0
6.598238876999858,5.418098128844777,-0.572664826658245,0.24324970131421744,971.0,2.0,run_0
6.598942913999963,5.418098128844777,-0.572664826658245,0.24324970131421744,1018.0,2.0,run_0
6.602452028000016,5.418098128844777,-0.572664826658245,0.24324970131421744,1163.0,2.0,run_0
6.604056061999927,5.419521937327676,-0.5732748783098711,0.27789725209080046,1163.0,2.0,run_0
6.605474951999895,5.419521937327676,-0.5732748783098711,0.27789725209080046,1163.0,2.0,run_0
6.60835893799981,5.419521937327676,-0.5732748783098711,0.27789725209080046,1163.0,2.0,run_0
6.609192057999962,5.419521937327676,-0.5732748783098711,0.27789725209080046,1454.0,2.0,run_0
6.610703263999994,5.421288868782482,-0.574031901765767,0.34743130227001195,1454.0,2.0,run_0
6.613279548999799,5.421288868782482,-0.574031901765767,0.34743130227001195,1430.0,2.0,run_0
6.614732421999861,5.423032165892554,-0.5747787890635402,0.34169653524492233,1430.0,2.0,run_0
6.615541606999841,5.423032165892554,-0.5747787890635402,0.34169653524492233,1430.0,2.0,run_0
6.616279466999913,5.423032165892554,-0.5747787890635402,0.34169653524492233,1514.0,2.0,run_0
6.617790001000003,5.423148532046791,-0.5748286455597811,0.36176821983273594,1514.0,2.0,run_0
6.618530259999943,5.423148532046791,-0.5748286455597811,0.36176821983273594,1514.0,2.0,run_0
6.621270955,5.425114354748966,-0.5756710247749537,0.3956989247311828,1514.0,2.0,run_0
6.622020142999872,5.425114354748966,-0.5756710247749537,0.3956989247311828,1514.0,2.0,run_0
6.622731827999814,5.425114354748966,-0.5756710247749537,0.3956989247311828,1656.0,2.0,run_0
6.625904057999833,5.427255984737828,-0.5765889360313159,0.42007168458781363,1656.0,2.0,run_0
6.627624823999895,5.427255984737828,-0.5765889360313159,0.42007168458781363,1656.0,2.0,run_0
6.628400314999908,5.427255984737828,-0.5765889360313159,0.42007168458781363,1758.0,2.0,run_0
6.630109656999821,5.427255984737828,-0.5765889360313159,0.42007168458781363,1862.0,2.0,run_0
6.631594239999913,5.429516719898274,-0.5775580060224326,0.4449223416965352,1862.0,2.0,run_0
6.632328515999916,5.429516719898274,-0.5775580060224326,0.4449223416965352,1862.0,2.0,run_0
6.63688421400002,5.429516719898274,-0.5775580060224326,0.4449223416965352,2072.0,2.0,run_0
6.639277529999845,5.432240095838342,-0.5787254735334278,0.4951015531660693,2072.0,2.0,run_0
6.640361520999932,5.432240095838342,-0.5787254735334278,0.4951015531660693,2072.0,2.0,run_0
6.642501470999832,5.432240095838342,-0.5787254735334278,0.4951015531660693,2072.0,2.0,run_0
6.643744462999848,5.432240095838342,-0.5787254735334278,0.4951015531660693,2207.0,2.0,run_0
6.645733506999932,5.434964702410932,-0.5798933455289549,0.5273596176821983,2207.0,2.0,run_0
6.649232796999968,5.437817304589859,-0.5811158622923795,0.554599761051374,2207.0,2.0,run_0
6.650216438999905,5.437817304589859,-0.5811158622923795,0.554599761051374,2207.0,2.0,run_0
6.651015608999842,5.437817304589859,-0.5811158622923795,0.554599761051374,2321.0,2.0,run_0
6.652835602999858,5.437817304589859,-0.5811158622923795,0.554599761051374,2446.0,2.0,run_0
6.654417878999993,5.440761613131889,-0.5823775983348322,0.584468339307049,2446.0,2.0,run_0
6.6551317070000096,5.440761613131889,-0.5823775983348322,0.584468339307049,2446.0,2.0,run_0
6.658189701999845,5.440761613131889,-0.5823775983348322,0.584468339307049,2586.0,2.0,run_0
6.6596626059999835,5.443882741605515,-0.5837150276253481,0.617921146953405,2586.0,2.0,run_0
6.6603644669999085,5.443882741605515,-0.5837150276253481,0.617921146953405,2586.0,2.0,run_0
6.66101093799989,5.443882741605515,-0.5837150276253481,0.617921146953405,2758.0,2.0,run_0
6.662337702999821,5.444056294416368,-0.5837894091514502,0.6590203106332139,2758.0,2.0,run_0
6.6629864469998665,5.444056294416368,-0.5837894091514502,0.6590203106332139,2758.0,2.0,run_0
6.664120418999801,5.444056294416368,-0.5837894091514502,0.6590203106332139,2758.0,2.0,run_0
6.664882949999992,5.444056294416368,-0.5837894091514502,0.6590203106332139,2937.0,2.0,run_0
6.666342317999806,5.447490250153177,-0.5852619804837401,0.7017921146953405,2937.0,2.0,run_0
6.669637168000008,5.447490250153177,-0.5852619804837401,0.7017921146953405,3120.0,2.0,run_0
6.6715123599999515,5.45124862076384,-0.5868745364902423,0.7455197132616488,3120.0,2.0,run_0
6.6723876229998496,5.45124862076384,-0.5868745364902423,0.7455197132616488,3120.0,2.0,run_0
6.67498227499982,5.45124862076384,-0.5868745364902423,0.7455197132616488,3290.0,2.0,run_0
6.676935544999878,5.455226401566637,-0.5885818886301788,0.7861409796893668,3290.0,2.0,run_0
6.677889843999992,5.455226401566637,-0.5885818886301788,0.7861409796893668,3290.0,2.0,run_0
6.680458033999912,5.455226401566637,-0.5885818886301788,0.7861409796893668,3485.0,2.0,run_0
6.682309514999815,5.4594283041925316,-0.5903857397610847,0.8327359617682198,3485.0,2.0,run_0
6.683310723999966,5.4594283041925316,-0.5903857397610847,0.8327359617682198,3485.0,2.0,run_0
6.685829379999859,5.4594283041925316,-0.5903857397610847,0.8327359617682198,3699.0,2.0,run_0
6.687275788999841,5.463889634387711,-0.592300456435549,0.8838709677419355,3699.0,2.0,run_0
6.687991184999873,5.463889634387711,-0.592300456435549,0.8838709677419355,3699.0,2.0,run_0
6.691374927999959,5.463889634387711,-0.592300456435549,0.8838709677419355,3888.0,2.0,run_0
6.692619711999896,5.468591042332199,-0.5943179147381443,0.9290322580645162,3888.0,2.0,run_0
6.693214952999824,5.468591042332199,-0.5943179147381443,0.9290322580645162,3888.0,2.0,run_0
6.697408776999964,5.468591042332199,-0.5943179147381443,0.9290322580645162,3888.0,2.0,run_0
6.698210666000023,5.468591042332199,-0.5943179147381443,0.9290322580645162,4080.0,2.0,run_0
6.699742926999988,5.473511981804949,-0.5964304331733453,0.974910394265233,4080.0,2.0,run_0
6.7023256769998625,5.473511981804949,-0.5964304331733453,0.974910394265233,4294.0,2.0,run_0
6.704486330000009,5.478714394062881,-0.5986648303981817,1.0260454002389485,4294.0,2.0,run_0
6.706675909999831,5.478714394062881,-0.5986648303981817,1.0260454002389485,4294.0,2.0,run_0
6.708391204000009,5.478714394062881,-0.5986648303981817,1.0260454002389485,4393.0,2.0,run_0
6.710166719999961,5.484161534608022,-0.601004659566175,1.0497013142174432,4393.0,2.0,run_0
6.710934786999815,5.484161534608022,-0.601004659566175,1.0497013142174432,4393.0,2.0,run_0
6.713664890000018,5.484161534608022,-0.601004659566175,1.0497013142174432,4487.0,2.0,run_0
6.715000743000019,5.489623425250152,-0.603350793496475,1.0721624850657108,4487.0,2.0,run_0
6.715678092999951,5.489623425250152,-0.603350793496475,1.0721624850657108,4487.0,2.0,run_0
6.716236567999886,5.489623425250152,-0.603350793496475,1.0721624850657108,4647.0,2.0,run_0
6.717454280999846,5.48994130742799,-0.603487338776005,1.110394265232975,4647.0,2.0,run_0
6.718031378999967,5.48994130742799,-0.603487338776005,1.110394265232975,4647.0,2.0,run_0
6.719106441999884,5.48994130742799,-0.603487338776005,1.110394265232975,4802.0,2.0,run_0
6.720413783999902,5.495527888174828,-0.6058875803308094,1.147431302270012,4802.0,2.0,run_0
6.720994754000003,5.495527888174828,-0.6058875803308094,1.147431302270012,4802.0,2.0,run_0
6.724500987999818,5.495527888174828,-0.6058875803308094,1.147431302270012,4853.0,2.0,run_0
6.725756683999862,5.501241264688988,-0.6083435404122993,1.1596176821983273,4853.0,2.0,run_0
6.726354516999891,5.501241264688988,-0.6083435404122993,1.1596176821983273,4853.0,2.0,run_0
6.729796528999941,5.501241264688988,-0.6083435404122993,1.1596176821983273,4950.0,2.0,run_0
6.731038272999967,5.5070378905589195,-0.6108350007043468,1.1827956989247312,4950.0,2.0,run_0
6.731692071999987,5.5070378905589195,-0.6108350007043468,1.1827956989247312,4950.0,2.0,run_0
6.735107141999833,5.5070378905589195,-0.6108350007043468,1.1827956989247312,5112.0,2.0,run_0
6.7363853009999275,5.513034278781086,-0.6134095469381933,1.221505376344086,5112.0,2.0,run_0
6.737026203999903,5.513034278781086,-0.6134095469381933,1.221505376344086,5112.0,2.0,run_0
6.740558164999811,5.513034278781086,-0.6134095469381933,1.221505376344086,5204.0,2.0,run_0
6.741883297999948,5.51915570243723,-0.6160361429910006,1.2434886499402629,5204.0,2.0,run_0
6.742538248999836,5.51915570243723,-0.6160361429910006,1.2434886499402629,5204.0,2.0,run_0
6.7458082359999025,5.51915570243723,-0.6160361429910006,1.2434886499402629,5324.0,2.0,run_0
6.747087835000002,5.525408873402418,-0.6187204567841423,1.272162485065711,5324.0,2.0,run_0
6.74777296100001,5.525408873402418,-0.6187204567841423,1.272162485065711,5324.0,2.0,run_0
6.751166878999811,5.525408873402418,-0.6187204567841423,1.272162485065711,5499.0,2.0,run_0
6.752477484999872,5.531880482008357,-0.6214993047875388,1.313978494623656,5499.0,2.0,run_0
6.753107124999815,5.531880482008357,-0.6214993047875388,1.313978494623656,5499.0,2.0,run_0
6.756506962000003,5.531880482008357,-0.6214993047875388,1.313978494623656,5646.0,2.0,run_0
6.757799072999887,5.538511350977316,-0.6243454890308294,1.3491039426523297,5646.0,2.0,run_0
6.758449063999933,5.538511350977316,-0.6243454890308294,1.3491039426523297,5646.0,2.0,run_0
6.761924674999818,5.538511350977316,-0.6243454890308294,1.3491039426523297,5813.0,2.0,run_0
6.7633248129998265,5.545344357717428,-0.627277637504848,1.3890083632019117,5813.0,2.0,run_0
6.763964724999823,5.545344357717428,-0.627277637504848,1.3890083632019117,5813.0,2.0,run_0
6.7674617749999015,5.545344357717428,-0.627277637504848,1.3890083632019117,6005.0,2.0,run_0
6.768947157999946,5.552434328642239,-0.6303201464704385,1.4348864994026285,6005.0,2.0,run_0
6.769650266999861,5.552434328642239,-0.6303201464704385,1.4348864994026285,6005.0,2.0,run_0
6.772948860999804,5.552434328642239,-0.6303201464704385,1.4348864994026285,6192.0,2.0,run_0
6.774465059000022,5.559789564333073,-0.6334766927145156,1.4795698924731182,6192.0,2.0,run_0
6.775344161000021,5.559789564333073,-0.6334766927145156,1.4795698924731182,6192.0,2.0,run_0
6.778258353999945,5.559789564333073,-0.6334766927145156,1.4795698924731182,6391.0,2.0,run_0
6.7799125299998195,5.567448814311776,-0.6367639492773811,1.527120669056153,6391.0,2.0,run_0
6.780669140999862,5.567448814311776,-0.6367639492773811,1.527120669056153,6391.0,2.0,run_0
6.781368538999914,5.567448814311776,-0.6367639492773811,1.527120669056153,6602.0,2.0,run_0
6.7827992679999625,5.567895289816409,-0.6369555804508023,1.5775388291517323,6602.0,2.0,run_0
6.7837462399998,5.567895289816409,-0.6369555804508023,1.5775388291517323,6602.0,2.0,run_0
6.785185223999861,5.575833801042457,-0.640359545946927,1.6279569892473118,6602.0,2.0,run_0
6.785879405999822,5.575833801042457,-0.640359545946927,1.6279569892473118,6602.0,2.0,run_0
6.786548756000002,5.575833801042457,-0.640359545946927,1.6279569892473118,6813.0,2.0,run_0
6.789321737999899,5.575833801042457,-0.640359545946927,1.6279569892473118,7039.0,2.0,run_0
6.790838959999974,5.584246377217572,-0.6439618444855238,1.6819593787335723,7039.0,2.0,run_0
6.791581299999962,5.584246377217572,-0.6439618444855238,1.6819593787335723,7039.0,2.0,run_0
6.794590687999971,5.584246377217572,-0.6439618444855238,1.6819593787335723,7177.0,2.0,run_0
6.795930124999813,5.592787116297885,-0.6476181585873565,1.7149342891278374,7177.0,2.0,run_0
6.796573268999964,5.592787116297885,-0.6476181585873565,1.7149342891278374,7177.0,2.0,run_0
6.800130667999838,5.592787116297885,-0.6476181585873565,1.7149342891278374,7321.0,2.0,run_0
6.801485273000026,5.601459964030526,-0.6513329964326552,1.749342891278375,7321.0,2.0,run_0
6.802126432000023,5.601459964030526,-0.6513329964326552,1.749342891278375,7321.0,2.0,run_0
6.805480447999798,5.601459964030526,-0.6513329964326552,1.749342891278375,7320.0,2.0,run_0
6.806947014999878,5.610132589039691,-0.6550499094603933,1.7491039426523298,7320.0,2.0,run_0
6.807725290000008,5.610132589039691,-0.6550499094603933,1.7491039426523298,7320.0,2.0,run_0
6.811035114999868,5.610132589039691,-0.6550499094603933,1.7491039426523298,7309.0,2.0,run_0
6.812681131999852,5.618810459513036,-0.6587700885043732,1.7464755077658303,7309.0,2.0,run_0
6.813450797999849,5.618810459513036,-0.6587700885043732,1.7464755077658303,7309.0,2.0,run_0
6.816357534999952,5.618810459513036,-0.6587700885043732,1.7464755077658303,7376.0,2.0,run_0
6.8178607419999935,5.627613726910607,-0.6625443810400198,1.7624850657108722,7376.0,2.0,run_0
6.8185821219999525,5.627613726910607,-0.6625443810400198,1.7624850657108722,7376.0,2.0,run_0
6.821751280999933,5.627613726910607,-0.6625443810400198,1.7624850657108722,7642.0,2.0,run_0
6.8232961499998055,5.636753862917845,-0.6664627790636999,1.8260454002389486,7642.0,2.0,run_0
6.8240015949998,5.636753862917845,-0.6664627790636999,1.8260454002389486,7642.0,2.0,run_0
6.827214495999897,5.636753862917845,-0.6664627790636999,1.8260454002389486,7697.0,2.0,run_0
6.828833857999825,5.645911713774743,-0.6703875179314052,1.8391875746714457,7697.0,2.0,run_0
6.829595555999958,5.645911713774743,-0.6703875179314052,1.8391875746714457,7697.0,2.0,run_0
6.832999265999888,5.645911713774743,-0.6703875179314052,1.8391875746714457,7690.0,2.0,run_0
6.834817980000025,5.655085860193154,-0.6743166107187445,1.837514934289128,7690.0,2.0,run_0
6.835690234999902,5.655085860193154,-0.6743166107187445,1.837514934289128,7690.0,2.0,run_0
6.839515977000019,5.664446602860662,-0.6783227934913506,1.8716845878136201,7690.0,2.0,run_0
6.840813686999809,5.664446602860662,-0.6783227934913506,1.8716845878136201,7690.0,2.0,run_0
6.8417609789999005,5.664446602860662,-0.6783227934913506,1.8716845878136201,7833.0,2.0,run_0
6.8437237199998435,5.664937068512061,-0.6785326519199267,1.8795698924731183,7833.0,2.0,run_0
6.844584295000004,5.664937068512061,-0.6785326519199267,1.8795698924731183,7866.0,2.0,run_0
6.846100780999905,5.674283410442525,-0.682533861264391,1.8881720430107527,7866.0,2.0,run_0
6.847064584000009,5.674283410442525,-0.682533861264391,1.8881720430107527,7866.0,2.0,run_0
6.847832841999889,5.674283410442525,-0.682533861264391,1.8881720430107527,7902.0,2.0,run_0
6.849770943999829,5.683575517892123,-0.6865140166846782,1.902747909199522,7902.0,2.0,run_0
6.850437222999972,5.683575517892123,-0.6865140166846782,1.902747909199522,7902.0,2.0,run_0
6.85110138899995,5.683575517892123,-0.6865140166846782,1.902747909199522,7963.0,2.0,run_0
6.853004675999955,5.683575517892123,-0.6865140166846782,1.902747909199522,7963.0,2.0,run_0
6.854389998999977,5.683575517892123,-0.6865140166846782,1.902747909199522,8000.0,2.0,run_0
6.855670493999924,5.692993071733937,-0.6905457014349534,1.911589008363202,8000.0,2.0,run_0
6.8562437199998385,5.692993071733937,-0.6905457014349534,1.911589008363202,8000.0,2.0,run_0
6.8600284709998505,5.692993071733937,-0.6905457014349534,1.911589008363202,8000.0,2.0,run_0
6.860757242999853,5.692993071733937,-0.6905457014349534,1.911589008363202,8016.0,2.0,run_0
6.862100839999812,5.7024424289251305,-0.6945858306478371,1.9154121863799283,8016.0,2.0,run_0
6.865052054999978,5.7024424289251305,-0.6945858306478371,1.9154121863799283,8052.0,2.0,run_0
6.8663136709999435,5.711909271977183,-0.6986265056711422,1.9240143369175626,8052.0,2.0,run_0
6.866959693999888,5.711909271977183,-0.6986265056711422,1.9240143369175626,8052.0,2.0,run_0
6.870416137999882,5.711909271977183,-0.6986265056711422,1.9240143369175626,8052.0,2.0,run_0
6.871116654999923,5.711909271977183,-0.6986265056711422,1.9240143369175626,8088.0,2.0,run_0
6.8724309089998314,5.721438786846174,-0.7026868824396053,1.9326164874551972,8088.0,2.0,run_0
6.875881400000026,5.721438786846174,-0.7026868824396053,1.9326164874551972,8088.0,2.0,run_0
6.8765459829999145,5.721438786846174,-0.7026868824396053,1.9326164874551972,8099.0,2.0,run_0
6.877833421999867,5.73089476357104,-0.7067126598595065,1.9352449223416965,8099.0,2.0,run_0
6.88120190099994,5.73089476357104,-0.7067126598595065,1.9352449223416965,8099.0,2.0,run_0
6.881972527000016,5.73089476357104,-0.7067126598595065,1.9352449223416965,8135.0,2.0,run_0
6.88351944399983,5.740489771528159,-0.7107987550189026,1.943847072879331,8135.0,2.0,run_0
6.8868829629998345,5.740489771528159,-0.7107987550189026,1.943847072879331,8135.0,2.0,run_0
6.8876638609999645,5.740489771528159,-0.7107987550189026,1.943847072879331,8161.0,2.0,run_0
6.888991426999837,5.750210661051965,-0.7149412392739116,1.9500597371565114,8161.0,2.0,run_0
6.892052141000022,5.750210661051965,-0.7149412392739116,1.9500597371565114,8161.0,2.0,run_0
6.892727636000018,5.750210661051965,-0.7149412392739116,1.9500597371565114,8163.0,2.0,run_0
6.894017185999928,5.760013402085626,-0.7191201942772298,1.950537634408602,8163.0,2.0,run_0
6.897481149999976,5.760013402085626,-0.7191201942772298,1.950537634408602,8185.0,2.0,run_0
6.898801226999922,5.769794411125255,-0.7232896284407919,1.955794504181601,8185.0,2.0,run_0
6.8994888170000195,5.769794411125255,-0.7232896284407919,1.955794504181601,8185.0,2.0,run_0
6.903302654999834,5.769794411125255,-0.7232896284407919,1.955794504181601,8209.0,2.0,run_0
6.905015612999932,5.779621528486549,-0.727478098460358,1.9615292712066905,8209.0,2.0,run_0
6.905725665999853,5.779621528486549,-0.727478098460358,1.9615292712066905,8209.0,2.0,run_0
6.906416712000009,5.779621528486549,-0.727478098460358,1.9615292712066905,8187.0,2.0,run_0
6.907999754999992,5.780188061973734,-0.7277195557884363,1.9562724014336919,8187.0,2.0,run_0
6.909378709999828,5.79005374329775,-0.7319264027609245,1.9584229390681003,8187.0,2.0,run_0
6.910120089999964,5.79005374329775,-0.7319264027609245,1.9584229390681003,8187.0,2.0,run_0
6.91080745499994,5.79005374329775,-0.7319264027609245,1.9584229390681003,8196.0,2.0,run_0
6.9119580029998815,5.79005374329775,-0.7319264027609245,1.9584229390681003,8196.0,2.0,run_0
6.914141887999904,5.79005374329775,-0.7319264027609245,1.9584229390681003,8267.0,2.0,run_0
6.915573960999836,5.799865223399011,-0.7361135220678809,1.9753882915173238,8267.0,2.0,run_0
6.916203184999858,5.799865223399011,-0.7361135220678809,1.9753882915173238,8267.0,2.0,run_0
6.919586286999902,5.799865223399011,-0.7361135220678809,1.9753882915173238,8267.0,2.0,run_0
6.920792960999961,5.809889189725034,-0.740393271397134,1.9753882915173238,8267.0,2.0,run_0
6.921389161999969,5.809889189725034,-0.740393271397134,1.9753882915173238,8267.0,2.0,run_0
6.925033950999932,5.809889189725034,-0.740393271397134,1.9753882915173238,8267.0,2.0,run_0
6.925672357999929,5.809889189725034,-0.740393271397134,1.9753882915173238,8239.0,2.0,run_0
6.9268957039998895,5.819714617890969,-0.7445891879260738,1.9686977299880526,8239.0,2.0,run_0
6.930364435000001,5.819714617890969,-0.7445891879260738,1.9686977299880526,8219.0,2.0,run_0
6.931754109999929,5.829389656347162,-0.7487216010424862,1.9639187574671446,8219.0,2.0,run_0
6.9324478109999745,5.829389656347162,-0.7487216010424862,1.9639187574671446,8219.0,2.0,run_0
6.935849440999846,5.829389656347162,-0.7487216010424862,1.9639187574671446,8223.0,2.0,run_0
6.937318312999878,5.83914059252734,-0.7528875153694669,1.9648745519713262,8223.0,2.0,run_0
6.938052011999844,5.83914059252734,-0.7528875153694669,1.9648745519713262,8223.0,2.0,run_0
6.941762269999799,5.83914059252734,-0.7528875153694669,1.9648745519713262,8247.0,2.0,run_0
6.944707661999928,5.849147620214513,-0.7571640333650134,1.9706093189964158,8247.0,2.0,run_0
6.945485871999836,5.849147620214513,-0.7571640333650134,1.9706093189964158,8247.0,2.0,run_0
6.947540448999916,5.849147620214513,-0.7571640333650134,1.9706093189964158,8247.0,2.0,run_0
6.948326339000005,5.849147620214513,-0.7571640333650134,1.9706093189964158,8249.0,2.0,run_0
6.949970915999984,5.859159097312225,-0.7614426339052033,1.9710872162485065,8249.0,2.0,run_0
6.952515842999901,5.859159097312225,-0.7614426339052033,1.9710872162485065,8249.0,2.0,run_0
6.953338306999967,5.859159097312225,-0.7614426339052033,1.9710872162485065,8232.0,2.0,run_0
6.954688271999885,5.8689285122744055,-0.7656167849523277,1.9670250896057349,8232.0,2.0,run_0
6.9579558579998775,5.8689285122744055,-0.7656167849523277,1.9670250896057349,8232.0,2.0,run_0
6.95868447099997,5.8689285122744055,-0.7656167849523277,1.9670250896057349,8228.0,2.0,run_0
6.960103807999985,5.878854965616578,-0.7698569909784265,1.9660692951015533,8228.0,2.0,run_0
6.963474399000006,5.878854965616578,-0.7698569909784265,1.9660692951015533,8226.0,2.0,run_0
6.965120927999806,5.888805240113554,-0.7741077613061056,1.9655913978494624,8226.0,2.0,run_0
6.965832420999959,5.888805240113554,-0.7741077613061056,1.9655913978494624,8226.0,2.0,run_0
6.966454796999869,5.888805240113554,-0.7741077613061056,1.9655913978494624,8227.0,2.0,run_0
6.967792506000023,5.889423779101768,-0.7743720463189551,1.9658303464755078,8227.0,2.0,run_0
6.96842829000002,5.889423779101768,-0.7743720463189551,1.9658303464755078,8227.0,2.0,run_0
6.969790156999807,5.899199029334514,-0.778551365465669,1.96726403823178,8227.0,2.0,run_0
6.970420052999998,5.899199029334514,-0.778551365465669,1.96726403823178,8227.0,2.0,run_0
6.971044796999877,5.899199029334514,-0.778551365465669,1.96726403823178,8233.0,2.0,run_0
6.974951592000025,5.899199029334514,-0.778551365465669,1.96726403823178,8233.0,2.0,run_0
6.97574624899994,5.899199029334514,-0.778551365465669,1.96726403823178,8229.0,2.0,run_0
6.9771330439998565,5.909161515040946,-0.7828133835195349,1.9663082437275985,8229.0,2.0,run_0
6.979945768999869,5.909161515040946,-0.7828133835195349,1.9663082437275985,8222.0,2.0,run_0
6.981583497999964,5.919082593690295,-0.7870571736255535,1.9646356033452808,8222.0,2.0,run_0
6.9822908950000055,5.919082593690295,-0.7870571736255535,1.9646356033452808,8222.0,2.0,run_0
6.985536979000017,5.919082593690295,-0.7870571736255535,1.9646356033452808,8231.0,2.0,run_0
6.987077303999968,5.928958939066219,-0.7912816307158019,1.9667861409796894,8231.0,2.0,run_0
6.9878867129998525,5.928958939066219,-0.7912816307158019,1.9667861409796894,8231.0,2.0,run_0
6.991020672999866,5.928958939066219,-0.7912816307158019,1.9667861409796894,8224.0,2.0,run_0
6.992427018999933,5.938930315118295,-0.795548011049511,1.9651135005973717,8224.0,2.0,run_0
6.9930609789998925,5.938930315118295,-0.795548011049511,1.9651135005973717,8224.0,2.0,run_0
6.9967234299999745,5.938930315118295,-0.795548011049511,1.9651135005973717,8229.0,2.0,run_0
6.99818785399998,5.948855228162881,-0.7997962762269403,1.9663082437275985,8229.0,2.0,run_0
6.998852116999842,5.948855228162881,-0.7997962762269403,1.9663082437275985,8229.0,2.0,run_0
7.001904607999904,5.948855228162881,-0.7997962762269403,1.9663082437275985,8244.0,2.0,run_0
7.003523969999833,5.958804736193846,-0.8040559938149566,1.9698924731182796,8244.0,2.0,run_0
7.004383200999882,5.958804736193846,-0.8040559938149566,1.9698924731182796,8244.0,2.0,run_0
7.007531176999919,5.958804736193846,-0.8040559938149566,1.9698924731182796,8252.0,2.0,run_0
7.009178857999814,5.96872068249254,-0.8083011902464272,1.9718040621266428,8252.0,2.0,run_0
7.009875278999971,5.96872068249254,-0.8083011902464272,1.9718040621266428,8252.0,2.0,run_0
7.0130125989999215,5.96872068249254,-0.8083011902464272,1.9718040621266428,8277.0,2.0,run_0
7.014372642999888,5.978838574231788,-0.8126325647529878,1.9777777777777779,8277.0,2.0,run_0
7.014980970999886,5.978838574231788,-0.8126325647529878,1.9777777777777779,8277.0,2.0,run_0
7.015614002999882,5.978838574231788,-0.8126325647529878,1.9777777777777779,8329.0,2.0,run_0
7.0168333809999694,5.979439774393547,-0.8128899336757205,1.9902031063321386,8329.0,2.0,run_0
7.018632543999956,5.979439774393547,-0.8128899336757205,1.9902031063321386,8329.0,2.0,run_0
7.020073448999938,5.98942209048457,-0.8171635219800525,1.9775388291517324,8329.0,2.0,run_0
7.0207034399998065,5.98942209048457,-0.8171635219800525,1.9775388291517324,8329.0,2.0,run_0
7.021356502999879,5.98942209048457,-0.8171635219800525,1.9775388291517324,8276.0,2.0,run_0
7.024184170999888,5.98942209048457,-0.8171635219800525,1.9775388291517324,8241.0,2.0,run_0
7.025724271999934,5.99916415921103,-0.8213342065267075,1.9691756272401433,8241.0,2.0,run_0
7.026395478999802,5.99916415921103,-0.8213342065267075,1.9691756272401433,8241.0,2.0,run_0
7.029747381999869,5.99916415921103,-0.8213342065267075,1.9691756272401433,8241.0,2.0,run_0
7.031272347999902,6.009080734571589,-0.8255788653304054,1.9691756272401433,8241.0,2.0,run_0
7.031951233999962,6.009080734571589,-0.8255788653304054,1.9691756272401433,8241.0,2.0,run_0
7.03539026999988,6.009080734571589,-0.8255788653304054,1.9691756272401433,8253.0,2.0,run_0
7.036738954999919,6.019528796047694,-0.8300500976026892,1.972043010752688,8253.0,2.0,run_0
7.037395056999912,6.019528796047694,-0.8300500976026892,1.972043010752688,8253.0,2.0,run_0
7.041016262999847,6.019528796047694,-0.8300500976026892,1.972043010752688,8258.0,2.0,run_0
7.042525196999804,6.029792158635652,-0.8344416220760661,1.9732377538829151,8258.0,2.0,run_0
7.043358988999898,6.029792158635652,-0.8344416220760661,1.9732377538829151,8258.0,2.0,run_0
7.046530419999954,6.029792158635652,-0.8344416220760661,1.9732377538829151,8247.0,2.0,run_0
7.047969661000025,6.039728069884324,-0.8386932757290662,1.9706093189964158,8247.0,2.0,run_0
7.0487197119998655,6.039728069884324,-0.8386932757290662,1.9706093189964158,8247.0,2.0,run_0
7.052051327999834,6.039728069884324,-0.8386932757290662,1.9706093189964158,8237.0,2.0,run_0
7.053404844999932,6.049686205142099,-0.8429557355793913,1.9682198327359617,8237.0,2.0,run_0
7.054044819999945,6.049686205142099,-0.8429557355793913,1.9682198327359617,8237.0,2.0,run_0
7.057479248999925,6.049686205142099,-0.8429557355793913,1.9682198327359617,8249.0,2.0,run_0
7.058834108999918,6.0595090336314925,-0.8471615158654676,1.9710872162485065,8249.0,2.0,run_0
7.059523585999841,6.0595090336314925,-0.8471615158654676,1.9710872162485065,8249.0,2.0,run_0
7.063114456999983,6.0595090336314925,-0.8471615158654676,1.9710872162485065,8268.0,2.0,run_0
7.0648276389999864,6.069437416483554,-0.8514126562443514,1.9756272401433692,8268.0,2.0,run_0
7.065604377999989,6.069437416483554,-0.8514126562443514,1.9756272401433692,8268.0,2.0,run_0
7.066243520999933,6.069437416483554,-0.8514126562443514,1.9756272401433692,8260.0,2.0,run_0
7.067603756999915,6.070029732256597,-0.851666259668644,1.973715651135006,8260.0,2.0,run_0
7.06879107199984,6.070029732256597,-0.851666259668644,1.973715651135006,8260.0,2.0,run_0
7.069486692999817,6.070029732256597,-0.851666259668644,1.973715651135006,8255.0,2.0,run_0
7.070763027999874,6.0799310957667725,-0.8559051277660648,1.972520908004779,8255.0,2.0,run_0
7.0713728609998725,6.0799310957667725,-0.8559051277660648,1.972520908004779,8255.0,2.0,run_0
7.0740037999999,6.0799310957667725,-0.8559051277660648,1.972520908004779,8251.0,2.0,run_0
7.0753391089999695,6.089638925786053,-0.8600611850022047,1.9715651135005974,8251.0,2.0,run_0
7.075969901000008,6.089638925786053,-0.8600611850022047,1.9715651135005974,8251.0,2.0,run_0
7.079554946999906,6.089638925786053,-0.8600611850022047,1.9715651135005974,8248.0,2.0,run_0
7.080985292999912,6.099452590762853,-0.8642637654478627,1.9708482676224612,8248.0,2.0,run_0
7.081642163999959,6.099452590762853,-0.8642637654478627,1.9708482676224612,8248.0,2.0,run_0
7.084957588999941,6.099452590762853,-0.8642637654478627,1.9708482676224612,8257.0,2.0,run_0
7.086620692999986,6.109338019012157,-0.8684983639492497,1.9729988052568699,8257.0,2.0,run_0
7.087473907999993,6.109338019012157,-0.8684983639492497,1.9729988052568699,8257.0,2.0,run_0
7.091583094999805,6.1192463737817,-0.8727435680359816,1.9729988052568699,8257.0,2.0,run_0
7.0925704489998225,6.1192463737817,-0.8727435680359816,1.9729988052568699,8257.0,2.0,run_0
7.093295028999819,6.1192463737817,-0.8727435680359816,1.9729988052568699,8257.0,2.0,run_0
7.096076778999986,6.1192463737817,-0.8727435680359816,1.9729988052568699,8252.0,2.0,run_0
7.0983717309998156,6.12923899414814,-0.8770246555810072,1.9718040621266428,8252.0,2.0,run_0
7.099266000999933,6.12923899414814,-0.8770246555810072,1.9718040621266428,8252.0,2.0,run_0
7.102125122999951,6.12923899414814,-0.8770246555810072,1.9718040621266428,8254.0,2.0,run_0
7.103794371999811,6.139166004251257,-0.8812763141517069,1.9722819593787335,8254.0,2.0,run_0
7.104567749999887,6.139166004251257,-0.8812763141517069,1.9722819593787335,8254.0,2.0,run_0
7.106978121999873,6.139166004251257,-0.8812763141517069,1.9722819593787335,8237.0,2.0,run_0
7.108553900999823,6.149047600630164,-0.8855068027865957,1.9682198327359617,8237.0,2.0,run_0
7.109480681999912,6.149047600630164,-0.8855068027865957,1.9682198327359617,8237.0,2.0,run_0
7.112612305999846,6.149047600630164,-0.8855068027865957,1.9682198327359617,8252.0,2.0,run_0
7.114523848999852,6.158934022998035,-0.8897379190041655,1.9718040621266428,8252.0,2.0,run_0
7.1153333219999695,6.158934022998035,-0.8897379190041655,1.9718040621266428,8252.0,2.0,run_0
7.117802154999936,6.158934022998035,-0.8897379190041655,1.9718040621266428,8298.0,2.0,run_0
7.119269330999941,6.168970732320247,-0.8940325972909678,1.9827956989247313,8298.0,2.0,run_0
7.119954936999875,6.168970732320247,-0.8940325972909678,1.9827956989247313,8298.0,2.0,run_0
7.123167869999861,6.168970732320247,-0.8940325972909678,1.9827956989247313,8295.0,2.0,run_0
7.124655781000001,6.178838940366336,-0.8982550983175583,1.982078853046595,8295.0,2.0,run_0
7.125340330999961,6.178838940366336,-0.8982550983175583,1.982078853046595,8295.0,2.0,run_0
7.125959218999924,6.178838940366336,-0.8982550983175583,1.982078853046595,8267.0,2.0,run_0
7.127612595999835,6.179277347920088,-0.8984426914534624,1.9753882915173238,8267.0,2.0,run_0
7.128198972999826,6.179277347920088,-0.8984426914534624,1.9753882915173238,8267.0,2.0,run_0
7.129657828999825,6.188952152383148,-0.9025836183511248,1.9732377538829151,8267.0,2.0,run_0
7.13025307099997,6.188952152383148,-0.9025836183511248,1.9732377538829151,8267.0,2.0,run_0
7.130809336999846,6.188952152383148,-0.9025836183511248,1.9732377538829151,8258.0,2.0,run_0
7.1342754449999575,6.188952152383148,-0.9025836183511248,1.9732377538829151,8256.0,2.0,run_0
7.135696797999799,6.198815595363725,-0.9068078754001134,1.9727598566308244,8256.0,2.0,run_0
7.136302662999924,6.198815595363725,-0.9068078754001134,1.9727598566308244,8256.0,2.0,run_0
7.139845694999849,6.198815595363725,-0.9068078754001134,1.9727598566308244,8256.0,2.0,run_0
7.1405489320000015,6.198815595363725,-0.9068078754001134,1.9727598566308244,8254.0,2.0,run_0
7.141841586999817,6.208631876424735,-0.9110147797271861,1.9722819593787335,8254.0,2.0,run_0
7.145091094999998,6.208631876424735,-0.9110147797271861,1.9722819593787335,8249.0,2.0,run_0
7.146443874999932,6.2184657604222355,-0.9152309525331139,1.9710872162485065,8249.0,2.0,run_0
7.147058186999857,6.2184657604222355,-0.9152309525331139,1.9710872162485065,8249.0,2.0,run_0
7.15047021700002,6.2184657604222355,-0.9152309525331139,1.9710872162485065,8236.0,2.0,run_0
7.151843411999835,6.2282847895007345,-0.9194404199626907,1.9679808841099165,8236.0,2.0,run_0
7.152484411999922,6.2282847895007345,-0.9194404199626907,1.9679808841099165,8236.0,2.0,run_0
7.156023988000015,6.2282847895007345,-0.9194404199626907,1.9679808841099165,8241.0,2.0,run_0
7.1573871359998975,6.23818608903723,-0.9236834580728265,1.9691756272401433,8241.0,2.0,run_0
7.158043302999886,6.23818608903723,-0.9236834580728265,1.9691756272401433,8241.0,2.0,run_0
7.161544608999975,6.23818608903723,-0.9236834580728265,1.9691756272401433,8248.0,2.0,run_0
7.162841230999902,6.2480603351174615,-0.9279135856945006,1.9708482676224612,8248.0,2.0,run_0
7.163474774999941,6.2480603351174615,-0.9279135856945006,1.9708482676224612,8248.0,2.0,run_0
7.1668669329999375,6.2480603351174615,-0.9279135856945006,1.9708482676224612,8228.0,2.0,run_0
7.168217441000024,6.257948939241212,-0.9321506150546618,1.9660692951015533,8228.0,2.0,run_0
7.168842568999935,6.257948939241212,-0.9321506150546618,1.9660692951015533,8228.0,2.0,run_0
7.172528539999803,6.257948939241212,-0.9321506150546618,1.9660692951015533,8228.0,2.0,run_0
7.173227137999902,6.257948939241212,-0.9321506150546618,1.9660692951015533,8226.0,2.0,run_0
7.174557134999986,6.267816184321013,-0.9363807058476474,1.9655913978494624,8226.0,2.0,run_0
7.177984330999834,6.267816184321013,-0.9363807058476474,1.9655913978494624,8242.0,2.0,run_0
7.180632645999822,6.277687773905389,-0.9406139924559379,1.9694145758661887,8242.0,2.0,run_0
7.181434438999986,6.277687773905389,-0.9406139924559379,1.9694145758661887,8242.0,2.0,run_0
7.1821175489999405,6.277687773905389,-0.9406139924559379,1.9694145758661887,8243.0,2.0,run_0
7.183615443999997,6.278179436981641,-0.940824842896291,1.9696535244922342,8243.0,2.0,run_0
7.184993374999976,6.288087926578436,-0.9450724546659102,1.9686977299880526,8243.0,2.0,run_0
7.185649413999954,6.288087926578436,-0.9450724546659102,1.9686977299880526,8243.0,2.0,run_0
7.1862829579999925,6.288087926578436,-0.9450724546659102,1.9686977299880526,8239.0,2.0,run_0
7.187385698999833,6.288087926578436,-0.9450724546659102,1.9686977299880526,8239.0,2.0,run_0
7.1893831909999335,6.288087926578436,-0.9450724546659102,1.9686977299880526,8239.0,2.0,run_0
7.190081947999943,6.288087926578436,-0.9450724546659102,1.9686977299880526,8238.0,2.0,run_0
7.191432840999823,6.297846541745294,-0.9492527806058592,1.9684587813620071,8238.0,2.0,run_0
7.195448302999921,6.297846541745294,-0.9492527806058592,1.9684587813620071,8235.0,2.0,run_0
7.196880311999848,6.307628218089235,-0.9534404541969121,1.967741935483871,8235.0,2.0,run_0
7.197475456999882,6.307628218089235,-0.9534404541969121,1.967741935483871,8235.0,2.0,run_0
7.199731146999966,6.307628218089235,-0.9534404541969121,1.967741935483871,8235.0,2.0,run_0
7.200878238999849,6.317480033825287,-0.9576569215853464,1.967741935483871,8235.0,2.0,run_0
7.201445576999959,6.317480033825287,-0.9576569215853464,1.967741935483871,8235.0,2.0,run_0
7.205229367999891,6.317480033825287,-0.9576569215853464,1.967741935483871,8233.0,2.0,run_0
7.2065763250000145,6.327300475526664,-0.9618608828633561,1.96726403823178,8233.0,2.0,run_0
7.2072204279998004,6.327300475526664,-0.9618608828633561,1.96726403823178,8233.0,2.0,run_0
7.210765955999932,6.327300475526664,-0.9618608828633561,1.96726403823178,8198.0,2.0,run_0
7.212180077999847,6.337097618686354,-0.966057073826659,1.9589008363201912,8198.0,2.0,run_0
7.212815957999965,6.337097618686354,-0.966057073826659,1.9589008363201912,8198.0,2.0,run_0
7.216172820999873,6.337097618686354,-0.966057073826659,1.9589008363201912,8222.0,2.0,run_0
7.217487298999913,6.346938712837134,-0.9702736458498387,1.9646356033452808,8222.0,2.0,run_0
7.21811812299984,6.346938712837134,-0.9702736458498387,1.9646356033452808,8222.0,2.0,run_0
7.221519337000018,6.346938712837134,-0.9702736458498387,1.9646356033452808,8254.0,2.0,run_0
7.22291048399984,6.356787317874766,-0.9744934027053691,1.9722819593787335,8254.0,2.0,run_0
7.223617912000009,6.356787317874766,-0.9744934027053691,1.9722819593787335,8254.0,2.0,run_0
7.227024213999812,6.356787317874766,-0.9744934027053691,1.9722819593787335,8233.0,2.0,run_0
7.22839772899988,6.366651483328021,-0.9787188723615139,1.96726403823178,8233.0,2.0,run_0
7.229041576999862,6.366651483328021,-0.9787188723615139,1.96726403823178,8233.0,2.0,run_0
7.23245123799984,6.366651483328021,-0.9787188723615139,1.96726403823178,8222.0,2.0,run_0
7.233775059999971,6.376557110096603,-0.9829612172354247,1.9646356033452808,8222.0,2.0,run_0
7.234452569999803,6.376557110096603,-0.9829612172354247,1.9646356033452808,8222.0,2.0,run_0
7.2380597279998256,6.376557110096603,-0.9829612172354247,1.9646356033452808,8223.0,2.0,run_0
7.2397313120000035,6.386368065346919,-0.9871631554715043,1.9648745519713262,8223.0,2.0,run_0
7.240522320999844,6.386368065346919,-0.9871631554715043,1.9648745519713262,8223.0,2.0,run_0
7.241153592999808,6.386368065346919,-0.9871631554715043,1.9648745519713262,8230.0,2.0,run_0
7.242492837999862,6.386870499655033,-0.987378367196857,1.966547192353644,8230.0,2.0,run_0
7.243714582999928,6.386870499655033,-0.987378367196857,1.966547192353644,8230.0,2.0,run_0
7.245047363999902,6.396786091801449,-0.9916274023898048,1.9691756272401433,8230.0,2.0,run_0
7.245715114999939,6.396786091801449,-0.9916274023898048,1.9691756272401433,8230.0,2.0,run_0
7.246322034999821,6.396786091801449,-0.9916274023898048,1.9691756272401433,8241.0,2.0,run_0
7.24909232899995,6.396786091801449,-0.9916274023898048,1.9691756272401433,8231.0,2.0,run_0
7.250466772999971,6.406466053991393,-0.995777115170738,1.9667861409796894,8231.0,2.0,run_0
7.251060509999888,6.406466053991393,-0.995777115170738,1.9667861409796894,8231.0,2.0,run_0
7.254508473999977,6.406466053991393,-0.995777115170738,1.9667861409796894,8216.0,2.0,run_0
7.255837670999881,6.416311860724683,-0.9999973050855483,1.9632019115890083,8216.0,2.0,run_0
7.256451856000012,6.416311860724683,-0.9999973050855483,1.9632019115890083,8216.0,2.0,run_0
7.260184736999918,6.416311860724683,-0.9999973050855483,1.9632019115890083,8221.0,2.0,run_0
7.261777283999891,6.426235833511266,-1.00425032595174,1.9643966547192353,8221.0,2.0,run_0
7.262514022999994,6.426235833511266,-1.00425032595174,1.9643966547192353,8221.0,2.0,run_0
7.267049562000011,6.436354636381743,-1.0085869876685283,1.962962962962963,8221.0,2.0,run_0
7.268001620999939,6.436354636381743,-1.0085869876685283,1.962962962962963,8221.0,2.0,run_0
7.268923537999854,6.436354636381743,-1.0085869876685283,1.962962962962963,8215.0,2.0,run_0
7.271147932999838,6.436354636381743,-1.0085869876685283,1.962962962962963,8194.0,2.0,run_0
7.273018676999982,6.446254339277934,-1.0128301547378187,1.9579450418160096,8194.0,2.0,run_0
7.273734809999951,6.446254339277934,-1.0128301547378187,1.9579450418160096,8194.0,2.0,run_0
7.276529582999956,6.446254339277934,-1.0128301547378187,1.9579450418160096,8200.0,2.0,run_0
7.2781880149998415,6.456113445790285,-1.017055489421185,1.9593787335722819,8200.0,2.0,run_0
7.278916691999939,6.456113445790285,-1.017055489421185,1.9593787335722819,8200.0,2.0,run_0
7.2822721149998415,6.456113445790285,-1.017055489421185,1.9593787335722819,8192.0,2.0,run_0
7.283632446999945,6.465897054370744,-1.0212467628653967,1.9574671445639187,8192.0,2.0,run_0
7.284343139999919,6.465897054370744,-1.0212467628653967,1.9574671445639187,8192.0,2.0,run_0
7.288013078999938,6.47562928273282,-1.0254136760734867,1.9512544802867384,8192.0,2.0,run_0
7.288687196999945,6.47562928273282,-1.0254136760734867,1.9512544802867384,8192.0,2.0,run_0
7.2898981260000255,6.47562928273282,-1.0254136760734867,1.9512544802867384,8166.0,2.0,run_0
7.292887290999943,6.47562928273282,-1.0254136760734867,1.9512544802867384,8173.0,2.0,run_0
7.2954175939999,6.485445027335868,-1.0296148256445237,1.9529271206690562,8173.0,2.0,run_0
7.2961750049998955,6.485445027335868,-1.0296148256445237,1.9529271206690562,8173.0,2.0,run_0
7.2972443080000176,6.485445027335868,-1.0296148256445237,1.9529271206690562,8169.0,2.0,run_0
7.299214599999914,6.485938002922783,-1.0298258027677314,1.9519713261648746,8169.0,2.0,run_0
7.30075498899987,6.496187827463676,-1.0342125512991993,1.9471923536439666,8169.0,2.0,run_0
7.301558989999876,6.496187827463676,-1.0342125512991993,1.9471923536439666,8169.0,2.0,run_0
7.302668963999849,6.496187827463676,-1.0342125512991993,1.9471923536439666,8149.0,2.0,run_0
7.304110668000021,6.496187827463676,-1.0342125512991993,1.9471923536439666,8149.0,2.0,run_0
7.305904614999918,6.505695489627236,-1.038281504666795,1.9400238948626045,8149.0,2.0,run_0
7.306657193999854,6.505695489627236,-1.038281504666795,1.9400238948626045,8149.0,2.0,run_0
7.307659011999931,6.505695489627236,-1.038281504666795,1.9400238948626045,8119.0,2.0,run_0
7.310150627999974,6.505695489627236,-1.038281504666795,1.9400238948626045,8113.0,2.0,run_0
7.312342832000013,6.515703454032748,-1.042563952408269,1.9385902031063322,8113.0,2.0,run_0
7.313016758000003,6.515703454032748,-1.042563952408269,1.9385902031063322,8113.0,2.0,run_0
7.315226560999918,6.515703454032748,-1.042563952408269,1.9385902031063322,8135.0,2.0,run_0
7.316656265999882,6.525395127516421,-1.046710990934401,1.943847072879331,8135.0,2.0,run_0
7.317712833999849,6.525395127516421,-1.046710990934401,1.943847072879331,8135.0,2.0,run_0
7.32102605,6.525395127516421,-1.046710990934401,1.943847072879331,8167.0,2.0,run_0
7.322709633999921,6.5358253908941535,-1.0511751740377777,1.9514934289127837,8167.0,2.0,run_0
7.3234329659999275,6.5358253908941535,-1.0511751740377777,1.9514934289127837,8167.0,2.0,run_0
7.32650545599995,6.5358253908941535,-1.0511751740377777,1.9514934289127837,8167.0,2.0,run_0
7.327522760999955,6.5358253908941535,-1.0511751740377777,1.9514934289127837,8117.0,2.0,run_0
7.328826742999809,6.545393926784922,-1.0552717690171152,1.9395459976105138,8117.0,2.0,run_0
7.3323896140000215,6.545393926784922,-1.0552717690171152,1.9395459976105138,8117.0,2.0,run_0
7.333205550000002,6.545393926784922,-1.0552717690171152,1.9395459976105138,8109.0,2.0,run_0
7.33460693699999,6.5549195165049845,-1.0593504487320167,1.9376344086021506,8109.0,2.0,run_0
7.3372223239998675,6.5549195165049845,-1.0593504487320167,1.9376344086021506,8148.0,2.0,run_0
7.338584255999876,6.564606643635115,-1.0634981956371898,1.9469534050179211,8148.0,2.0,run_0
7.339273541000011,6.564606643635115,-1.0634981956371898,1.9469534050179211,8148.0,2.0,run_0
7.342738463999922,6.564606643635115,-1.0634981956371898,1.9469534050179211,8123.0,2.0,run_0
7.344232646999899,6.574310695079177,-1.0676528741079976,1.940979689366786,8123.0,2.0,run_0
7.3448788299999705,6.574310695079177,-1.0676528741079976,1.940979689366786,8123.0,2.0,run_0
7.348416326000006,6.574310695079177,-1.0676528741079976,1.940979689366786,8108.0,2.0,run_0
7.349846158999981,6.584030076213338,-1.0718145263074896,1.9373954599761052,8108.0,2.0,run_0
7.350659951999887,6.584030076213338,-1.0718145263074896,1.9373954599761052,8108.0,2.0,run_0
7.351454384999897,6.584030076213338,-1.0718145263074896,1.9373954599761052,8133.0,2.0,run_0
7.352825116999838,6.584572221582134,-1.0720466948250515,1.9433691756272402,8133.0,2.0,run_0
7.353458563999993,6.584572221582134,-1.0720466948250515,1.9433691756272402,8133.0,2.0,run_0
7.354968394000025,6.594087540277256,-1.0761223062058696,1.9407407407407407,8133.0,2.0,run_0
7.355756139999812,6.594087540277256,-1.0761223062058696,1.9407407407407407,8133.0,2.0,run_0
7.356389171999808,6.594087540277256,-1.0761223062058696,1.9407407407407407,8122.0,2.0,run_0
7.35946566199982,6.594087540277256,-1.0761223062058696,1.9407407407407407,8113.0,2.0,run_0
7.36073863699994,6.603859772258185,-1.0803083644971376,1.9385902031063322,8113.0,2.0,run_0
7.361356340999919,6.603859772258185,-1.0803083644971376,1.9385902031063322,8113.0,2.0,run_0
7.364900236999802,6.603859772258185,-1.0803083644971376,1.9385902031063322,8136.0,2.0,run_0
7.366240760999972,6.613665008898788,-1.0845078237364303,1.9440860215053763,8136.0,2.0,run_0
7.3668777289999525,6.613665008898788,-1.0845078237364303,1.9440860215053763,8136.0,2.0,run_0
7.370378937999931,6.613665008898788,-1.0845078237364303,1.9440860215053763,8122.0,2.0,run_0
7.371918846999961,6.6233504820296005,-1.0886543096707817,1.9407407407407407,8122.0,2.0,run_0
7.372623523999891,6.6233504820296005,-1.0886543096707817,1.9407407407407407,8122.0,2.0,run_0
7.376041280999971,6.6233504820296005,-1.0886543096707817,1.9407407407407407,8122.0,2.0,run_0
7.376784004000001,6.6233504820296005,-1.0886543096707817,1.9407407407407407,8115.0,2.0,run_0
7.378249899999901,6.633094978092472,-1.092823369487112,1.939068100358423,8115.0,2.0,run_0
7.381234872999812,6.633094978092472,-1.092823369487112,1.939068100358423,8135.0,2.0,run_0
7.383051858999806,6.642954292343994,-1.0970396829792122,1.943847072879331,8135.0,2.0,run_0
7.383785654999883,6.642954292343994,-1.0970396829792122,1.943847072879331,8135.0,2.0,run_0
7.38671178300001,6.642954292343994,-1.0970396829792122,1.943847072879331,8121.0,2.0,run_0
7.388162575000024,6.652729234157441,-1.1012192279906268,1.9405017921146954,8121.0,2.0,run_0
7.388905970999986,6.652729234157441,-1.1012192279906268,1.9405017921146954,8121.0,2.0,run_0
7.392194580000023,6.652729234157441,-1.1012192279906268,1.9405017921146954,8120.0,2.0,run_0
7.393346343999838,6.652729234157441,-1.1012192279906268,1.9405017921146954,8120.0,2.0,run_0
7.39576983500001,6.662532098227224,-1.1054105196283799,1.94026284348865,8120.0,2.0,run_0
7.39802353999994,6.662532098227224,-1.1054105196283799,1.94026284348865,8120.0,2.0,run_0
7.39887256399993,6.662532098227224,-1.1054105196283799,1.94026284348865,8145.0,2.0,run_0
7.400192608999987,6.672482771921357,-1.1096656101061717,1.946236559139785,8145.0,2.0,run_0
7.404382367999915,6.682459098177548,-1.1139323700396204,1.9436081242532854,8145.0,2.0,run_0
7.405184896999799,6.682459098177548,-1.1139323700396204,1.9436081242532854,8145.0,2.0,run_0
7.4058186009999645,6.682459098177548,-1.1139323700396204,1.9436081242532854,8134.0,2.0,run_0
7.407042521999983,6.683022288116926,-1.114173245872789,1.94026284348865,8134.0,2.0,run_0
7.4076557139999295,6.683022288116926,-1.114173245872789,1.94026284348865,8134.0,2.0,run_0
7.408224172000018,6.683022288116926,-1.114173245872789,1.94026284348865,8120.0,2.0,run_0
7.40961503099993,6.692569189957798,-1.1182564097473007,1.9553166069295103,8120.0,2.0,run_0
7.410395608999806,6.692569189957798,-1.1182564097473007,1.9553166069295103,8120.0,2.0,run_0
7.411021760999802,6.692569189957798,-1.1182564097473007,1.9553166069295103,8183.0,2.0,run_0
7.414712722999866,6.692569189957798,-1.1182564097473007,1.9553166069295103,8251.0,2.0,run_0
7.416398641999876,6.702383815924156,-1.1224542669037865,1.9715651135005974,8251.0,2.0,run_0
7.417109366999966,6.702383815924156,-1.1224542669037865,1.9715651135005974,8251.0,2.0,run_0
7.419838189999837,6.702383815924156,-1.1224542669037865,1.9715651135005974,8191.0,2.0,run_0
7.421185786000024,6.7121839648540575,-1.1266462474235472,1.9572281959378734,8191.0,2.0,run_0
7.421917597999936,6.7121839648540575,-1.1266462474235472,1.9572281959378734,8191.0,2.0,run_0
7.425234430999808,6.7121839648540575,-1.1266462474235472,1.9572281959378734,8142.0,2.0,run_0
7.426604777999955,6.72189985920773,-1.1308023047794706,1.9455197132616489,8142.0,2.0,run_0
7.42731835099994,6.72189985920773,-1.1308023047794706,1.9455197132616489,8142.0,2.0,run_0
7.430714891999969,6.72189985920773,-1.1308023047794706,1.9455197132616489,8169.0,2.0,run_0
7.432566180999856,6.731671863239866,-1.134982205407363,1.9519713261648746,8169.0,2.0,run_0
7.433316263999814,6.731671863239866,-1.134982205407363,1.9519713261648746,8169.0,2.0,run_0
7.436391345999937,6.731671863239866,-1.134982205407363,1.9519713261648746,8202.0,2.0,run_0
7.437930422999898,6.741626702656039,-1.1392389872059696,1.9598566308243728,8202.0,2.0,run_0
7.4386357399998815,6.741626702656039,-1.1392389872059696,1.9598566308243728,8202.0,2.0,run_0
7.442141940999818,6.741626702656039,-1.1392389872059696,1.9598566308243728,8175.0,2.0,run_0
7.443910160999849,6.751651956933715,-1.1435237528239395,1.9534050179211468,8175.0,2.0,run_0
7.444610934999901,6.751651956933715,-1.1435237528239395,1.9534050179211468,8175.0,2.0,run_0
7.447780924999961,6.751651956933715,-1.1435237528239395,1.9534050179211468,8157.0,2.0,run_0
7.449566583999967,6.761692649298691,-1.1478143037371935,1.9491039426523298,8157.0,2.0,run_0
7.450346841999817,6.761692649298691,-1.1478143037371935,1.9491039426523298,8157.0,2.0,run_0
7.453234186999907,6.761692649298691,-1.1478143037371935,1.9491039426523298,8181.0,2.0,run_0
7.454921161999891,6.771773332743026,-1.152122005004076,1.9548387096774194,8181.0,2.0,run_0
7.455686316999845,6.771773332743026,-1.152122005004076,1.9548387096774194,8181.0,2.0,run_0
7.456350835999956,6.771773332743026,-1.152122005004076,1.9548387096774194,8192.0,2.0,run_0
7.457689663999872,6.772421543868163,-1.1523989929297347,1.9574671445639187,8192.0,2.0,run_0
7.458934959999851,6.772421543868163,-1.1523989929297347,1.9574671445639187,8192.0,2.0,run_0
7.459681683999861,6.772421543868163,-1.1523989929297347,1.9574671445639187,8177.0,2.0,run_0
7.4610092489999715,6.782226564132467,-1.1565876295451192,1.9538829151732378,8177.0,2.0,run_0
7.461653383999874,6.782226564132467,-1.1565876295451192,1.9538829151732378,8177.0,2.0,run_0
7.464355392000016,6.782226564132467,-1.1565876295451192,1.9538829151732378,8185.0,2.0,run_0
7.465876453999954,6.791941199703268,-1.1607330550838677,1.955794504181601,8185.0,2.0,run_0
7.4666212889999315,6.791941199703268,-1.1607330550838677,1.955794504181601,8185.0,2.0,run_0
7.469927561999839,6.791941199703268,-1.1607330550838677,1.955794504181601,8196.0,2.0,run_0
7.471513292999816,6.8018540818291315,-1.1649587751853998,1.9584229390681003,8196.0,2.0,run_0
7.472202386999925,6.8018540818291315,-1.1649587751853998,1.9584229390681003,8196.0,2.0,run_0
7.47521350299985,6.8018540818291315,-1.1649587751853998,1.9584229390681003,8185.0,2.0,run_0
7.47677449899993,6.811714020036796,-1.1691615295773972,1.955794504181601,8185.0,2.0,run_0
7.477471528000024,6.811714020036796,-1.1691615295773972,1.955794504181601,8185.0,2.0,run_0
7.480672524999818,6.811714020036796,-1.1691615295773972,1.955794504181601,8199.0,2.0,run_0
7.482036888999801,6.821599884848297,-1.1733769136058088,1.9591397849462366,8199.0,2.0,run_0
7.482735805999937,6.821599884848297,-1.1733769136058088,1.9591397849462366,8199.0,2.0,run_0
7.486079740999912,6.821599884848297,-1.1733769136058088,1.9591397849462366,8205.0,2.0,run_0
7.48743632899982,6.831519954059548,-1.177609388459332,1.960573476702509,8205.0,2.0,run_0
7.4880839840000135,6.831519954059548,-1.177609388459332,1.960573476702509,8205.0,2.0,run_0
7.491830591999815,6.831519954059548,-1.177609388459332,1.960573476702509,8192.0,2.0,run_0
7.493822227999999,6.8413450300822936,-1.1818032504779676,1.9574671445639187,8192.0,2.0,run_0
7.495617902999811,6.8413450300822936,-1.1818032504779676,1.9574671445639187,8192.0,2.0,run_0
7.497797722999849,6.8413450300822936,-1.1818032504779676,1.9574671445639187,8192.0,2.0,run_0
7.498609307999914,6.8413450300822936,-1.1818032504779676,1.9574671445639187,8197.0,2.0,run_0
7.5003714800000125,6.851218928760682,-1.1860184439940313,1.9586618876941457,8197.0,2.0,run_0
7.502839225999878,6.851218928760682,-1.1860184439940313,1.9586618876941457,8197.0,2.0,run_0
7.504398877999847,6.86124114569805,-1.1902970953230476,1.9586618876941457,8197.0,2.0,run_0
7.5050423409998075,6.86124114569805,-1.1902970953230476,1.9586618876941457,8197.0,2.0,run_0
7.508204778999925,6.86124114569805,-1.1902970953230476,1.9586618876941457,8130.0,2.0,run_0
7.509566774999939,6.871113836398958,-1.1945129521480073,1.9426523297491038,8130.0,2.0,run_0
7.510214909999831,6.871113836398958,-1.1945129521480073,1.9426523297491038,8130.0,2.0,run_0
7.510767016999807,6.871113836398958,-1.1945129521480073,1.9426523297491038,8149.0,2.0,run_0
7.512016120999988,6.871609311949287,-1.1947245695724096,1.9471923536439666,8149.0,2.0,run_0
7.512596131000009,6.871609311949287,-1.1947245695724096,1.9471923536439666,8149.0,2.0,run_0
7.513867153999854,6.871609311949287,-1.1947245695724096,1.9471923536439666,8149.0,2.0,run_0
7.514446427999928,6.871609311949287,-1.1947245695724096,1.9471923536439666,8164.0,2.0,run_0
7.515579471999899,6.881204208484072,-1.1988231066232236,1.9507765830346475,8164.0,2.0,run_0
7.519677938999848,6.881204208484072,-1.1988231066232236,1.9507765830346475,8211.0,2.0,run_0
7.521092443999805,6.89103197740726,-1.2030216351096314,1.9620071684587814,8211.0,2.0,run_0
7.522394345999828,6.89103197740726,-1.2030216351096314,1.9620071684587814,8211.0,2.0,run_0
7.524638195999842,6.89103197740726,-1.2030216351096314,1.9620071684587814,8212.0,2.0,run_0
7.525904738999998,6.900785992511698,-1.207188670108677,1.9622461170848267,8212.0,2.0,run_0
7.526508651999848,6.900785992511698,-1.207188670108677,1.9622461170848267,8212.0,2.0,run_0
7.530054403999884,6.900785992511698,-1.207188670108677,1.9622461170848267,8179.0,2.0,run_0
7.531329458999835,6.91051080344685,-1.2113435822842855,1.9543608124253287,8179.0,2.0,run_0
7.531951514999946,6.91051080344685,-1.2113435822842855,1.9543608124253287,8179.0,2.0,run_0
7.535476115999927,6.91051080344685,-1.2113435822842855,1.9543608124253287,8176.0,2.0,run_0
7.536691972999961,6.920256099373735,-1.2155078187582768,1.9536439665471923,8176.0,2.0,run_0
7.5372841739999785,6.920256099373735,-1.2155078187582768,1.9536439665471923,8176.0,2.0,run_0
7.541033149999976,6.920256099373735,-1.2155078187582768,1.9536439665471923,8211.0,2.0,run_0
7.542272590999801,6.930046561187597,-1.2196915641164832,1.9620071684587814,8211.0,2.0,run_0
7.542834840999831,6.930046561187597,-1.2196915641164832,1.9620071684587814,8211.0,2.0,run_0
7.546350161999953,6.930046561187597,-1.2196915641164832,1.9620071684587814,8202.0,2.0,run_0
7.547634689000006,6.939865374658051,-1.223886670856557,1.9598566308243728,8202.0,2.0,run_0
7.548247688999936,6.939865374658051,-1.223886670856557,1.9598566308243728,8202.0,2.0,run_0
7.551813599999832,6.939865374658051,-1.223886670856557,1.9598566308243728,8186.0,2.0,run_0
7.553130732999989,6.949684020972604,-1.2280806075595496,1.9560334528076464,8186.0,2.0,run_0
7.55379598799982,6.949684020972604,-1.2280806075595496,1.9560334528076464,8186.0,2.0,run_0
7.557670271000006,6.949684020972604,-1.2280806075595496,1.9560334528076464,8199.0,2.0,run_0
7.5607074019999345,6.959599124104613,-1.2323153262166626,1.9591397849462366,8199.0,2.0,run_0
7.561479052999857,6.959599124104613,-1.2323153262166626,1.9591397849462366,8199.0,2.0,run_0
7.563055791999886,6.959599124104613,-1.2323153262166626,1.9591397849462366,8199.0,2.0,run_0
7.563801044000002,6.959599124104613,-1.2323153262166626,1.9591397849462366,8200.0,2.0,run_0
7.565058306999845,6.969525441655839,-1.2365549068901087,1.9593787335722819,8200.0,2.0,run_0
7.5685985229999915,6.969525441655839,-1.2365549068901087,1.9593787335722819,8200.0,2.0,run_0
7.569279872999914,6.969525441655839,-1.2365549068901087,1.9593787335722819,8180.0,2.0,run_0
7.57059041499997,6.979511233941855,-1.2408203815371996,1.954599761051374,8180.0,2.0,run_0
7.571231797999872,6.979511233941855,-1.2408203815371996,1.954599761051374,8180.0,2.0,run_0
7.57182383899999,6.979511233941855,-1.2408203815371996,1.954599761051374,8194.0,2.0,run_0
7.573074574999964,6.98002820931486,-1.2410412320733948,1.9579450418160096,8194.0,2.0,run_0
7.574183620999975,6.98002820931486,-1.2410412320733948,1.9579450418160096,8194.0,2.0,run_0
7.574808076999943,6.98002820931486,-1.2410412320733948,1.9579450418160096,8195.0,2.0,run_0
7.5761661049998565,6.989630823987046,-1.2451440779298577,1.958183990442055,8195.0,2.0,run_0
7.579730831999996,6.989630823987046,-1.2451440779298577,1.958183990442055,8195.0,2.0,run_0
7.580528656999832,6.989630823987046,-1.2451440779298577,1.958183990442055,8188.0,2.0,run_0
7.582582241999944,6.9994611644483244,-1.2493445326386192,1.956511350059737,8188.0,2.0,run_0
7.584912040999825,6.9994611644483244,-1.2493445326386192,1.956511350059737,8205.0,2.0,run_0
7.586245300999963,7.00932826841778,-1.253560138142651,1.960573476702509,8205.0,2.0,run_0
7.587115571999902,7.00932826841778,-1.253560138142651,1.960573476702509,8205.0,2.0,run_0
7.590652171999864,7.00932826841778,-1.253560138142651,1.960573476702509,8189.0,2.0,run_0
7.592350474999876,7.019174094032166,-1.2577667182243837,1.9567502986857825,8189.0,2.0,run_0
7.5930873099998735,7.019174094032166,-1.2577667182243837,1.9567502986857825,8189.0,2.0,run_0
7.596382607999885,7.019174094032166,-1.2577667182243837,1.9567502986857825,8189.0,2.0,run_0
7.597498628999801,7.019174094032166,-1.2577667182243837,1.9567502986857825,8187.0,2.0,run_0
7.5988090429998465,7.029591617749346,-1.2622186378032176,1.9562724014336919,8187.0,2.0,run_0
7.601558792999867,7.029591617749346,-1.2622186378032176,1.9562724014336919,8207.0,2.0,run_0
7.60280210499991,7.039463515344634,-1.2664387841030973,1.9610513739545998,8207.0,2.0,run_0
7.603443744999822,7.039463515344634,-1.2664387841030973,1.9610513739545998,8207.0,2.0,run_0
7.606998135999902,7.039463515344634,-1.2664387841030973,1.9610513739545998,8208.0,2.0,run_0
7.6083136379997995,7.049246706114984,-1.2706216588481187,1.961290322580645,8208.0,2.0,run_0
7.608913582000014,7.049246706114984,-1.2706216588481187,1.961290322580645,8208.0,2.0,run_0
7.613283078999984,7.049246706114984,-1.2706216588481187,1.961290322580645,8258.0,2.0,run_0
7.614701296000021,7.060317656208871,-1.2753550640808482,1.9732377538829151,8258.0,2.0,run_0
7.615382293999801,7.060317656208871,-1.2753550640808482,1.9732377538829151,8258.0,2.0,run_0
7.615998653999895,7.060317656208871,-1.2753550640808482,1.9732377538829151,8272.0,2.0,run_0
7.61721505599985,7.061480016851008,-1.275852026243791,1.9765830346475508,8272.0,2.0,run_0
7.617793720999998,7.061480016851008,-1.275852026243791,1.9765830346475508,8272.0,2.0,run_0
7.6192475209998065,7.061480016851008,-1.275852026243791,1.9765830346475508,8184.0,2.0,run_0
7.620493010000018,7.071322094894761,-1.2800599758494386,1.9555555555555555,8184.0,2.0,run_0
7.621087546999888,7.071322094894761,-1.2800599758494386,1.9555555555555555,8184.0,2.0,run_0
7.624695503999874,7.071322094894761,-1.2800599758494386,1.9555555555555555,8175.0,2.0,run_0
7.626166263999949,7.081177810188919,-1.28427349989098,1.9534050179211468,8175.0,2.0,run_0
7.626866044999815,7.081177810188919,-1.28427349989098,1.9534050179211468,8175.0,2.0,run_0
7.630160253999975,7.081177810188919,-1.28427349989098,1.9534050179211468,8220.0,2.0,run_0
7.631422797999903,7.0909816530890115,-1.288464422093712,1.96415770609319,8220.0,2.0,run_0
7.632027701999959,7.0909816530890115,-1.288464422093712,1.96415770609319,8220.0,2.0,run_0
7.635621995999827,7.0909816530890115,-1.288464422093712,1.96415770609319,8211.0,2.0,run_0
7.636824861999912,7.10084004536864,-1.2926778864912054,1.9620071684587814,8211.0,2.0,run_0
7.637431046999836,7.10084004536864,-1.2926778864912054,1.9620071684587814,8211.0,2.0,run_0
7.641145655999935,7.10084004536864,-1.2926778864912054,1.9620071684587814,8192.0,2.0,run_0
7.642449253999985,7.110683387575003,-1.296884319368057,1.9574671445639187,8192.0,2.0,run_0
7.643095436999829,7.110683387575003,-1.296884319368057,1.9574671445639187,8192.0,2.0,run_0
7.646614181999894,7.110683387575003,-1.296884319368057,1.9574671445639187,8198.0,2.0,run_0
7.648090701000001,7.120484712987686,-1.3010729610125256,1.9589008363201912,8198.0,2.0,run_0
7.64879883399999,7.120484712987686,-1.3010729610125256,1.9589008363201912,8198.0,2.0,run_0
7.652244909999808,7.120484712987686,-1.3010729610125256,1.9589008363201912,8204.0,2.0,run_0
7.65387233499996,7.130438696173871,-1.3053263331612337,1.9603345280764635,8204.0,2.0,run_0
7.654598834999888,7.130438696173871,-1.3053263331612337,1.9603345280764635,8204.0,2.0,run_0
7.659015305999901,7.130438696173871,-1.3053263331612337,1.9603345280764635,8201.0,2.0,run_0
7.660802117000003,7.142468726615261,-1.3104656902280098,1.9596176821983273,8201.0,2.0,run_0
7.661603621999802,7.142468726615261,-1.3104656902280098,1.9596176821983273,8201.0,2.0,run_0
7.6623128429998815,7.142468726615261,-1.3104656902280098,1.9596176821983273,8204.0,2.0,run_0
7.66380094599981,7.14302712055194,-1.3107042270816178,1.9603345280764635,8204.0,2.0,run_0
7.664544533000026,7.14302712055194,-1.3107042270816178,1.9603345280764635,8204.0,2.0,run_0
7.665959582999903,7.152697874684531,-1.314837670449223,1.9591397849462366,8204.0,2.0,run_0
7.666700705999801,7.152697874684531,-1.314837670449223,1.9591397849462366,8204.0,2.0,run_0
7.667420742999866,7.152697874684531,-1.314837670449223,1.9591397849462366,8199.0,2.0,run_0
7.670124063000003,7.152697874684531,-1.314837670449223,1.9591397849462366,8206.0,2.0,run_0
7.671573990999832,7.162776062417035,-1.3191487983588153,1.9608124253285544,8206.0,2.0,run_0
7.672222541999872,7.162776062417035,-1.3191487983588153,1.9608124253285544,8206.0,2.0,run_0
7.675558061999936,7.162776062417035,-1.3191487983588153,1.9608124253285544,8204.0,2.0,run_0
7.676822526000024,7.172655548657348,-1.3233764761586881,1.9603345280764635,8204.0,2.0,run_0
7.677476547999959,7.172655548657348,-1.3233764761586881,1.9603345280764635,8204.0,2.0,run_0
7.681166358999917,7.172655548657348,-1.3233764761586881,1.9603345280764635,8204.0,2.0,run_0
7.681835997000007,7.172655548657348,-1.3233764761586881,1.9603345280764635,8192.0,2.0,run_0
7.683262821999961,7.1825618380963805,-1.3276157245830598,1.9574671445639187,8192.0,2.0,run_0
7.686623044999806,7.1825618380963805,-1.3276157245830598,1.9574671445639187,8201.0,2.0,run_0
7.6881186999999045,7.192439317215858,-1.3318422486546275,1.9596176821983273,8201.0,2.0,run_0
7.688839343999916,7.192439317215858,-1.3318422486546275,1.9596176821983273,8201.0,2.0,run_0
7.692813719000014,7.192439317215858,-1.3318422486546275,1.9596176821983273,8201.0,2.0,run_0
7.693811536999874,7.192439317215858,-1.3318422486546275,1.9596176821983273,8197.0,2.0,run_0
7.695600715999944,7.202551095163492,-1.3361693800821324,1.9586618876941457,8197.0,2.0,run_0
7.699135395999974,7.202551095163492,-1.3361693800821324,1.9586618876941457,8184.0,2.0,run_0
7.701193972999818,7.212849748993464,-1.3405775765348678,1.9555555555555555,8184.0,2.0,run_0
7.702351624999892,7.212849748993464,-1.3405775765348678,1.9555555555555555,8184.0,2.0,run_0
7.703942955999992,7.212849748993464,-1.3405775765348678,1.9555555555555555,8184.0,2.0,run_0
7.704926277999903,7.212849748993464,-1.3405775765348678,1.9555555555555555,8200.0,2.0,run_0
7.706367822999937,7.222996928026809,-1.3449217798541062,1.9593787335722819,8200.0,2.0,run_0
7.7079371059999175,7.222996928026809,-1.3449217798541062,1.9593787335722819,8200.0,2.0,run_0
7.70942168900001,7.222996928026809,-1.3449217798541062,1.9593787335722819,8190.0,2.0,run_0
7.711138902999892,7.223807643859223,-1.3452688818923109,1.956989247311828,8190.0,2.0,run_0
7.712154383999859,7.223807643859223,-1.3452688818923109,1.956989247311828,8190.0,2.0,run_0
7.712772824000012,7.223807643859223,-1.3452688818923109,1.956989247311828,8147.0,2.0,run_0
7.714190433999875,7.2334049762945805,-1.3493771241442583,1.9467144563918757,8147.0,2.0,run_0
7.715887360999886,7.243181348573564,-1.3535604139452835,1.9524492234169653,8147.0,2.0,run_0
7.716536872000006,7.243181348573564,-1.3535604139452835,1.9524492234169653,8147.0,2.0,run_0
7.7175263699998595,7.243181348573564,-1.3535604139452835,1.9524492234169653,8171.0,2.0,run_0
7.720661704999884,7.243181348573564,-1.3535604139452835,1.9524492234169653,8171.0,2.0,run_0
7.721381357999917,7.243181348573564,-1.3535604139452835,1.9524492234169653,8265.0,2.0,run_0
7.722627229999944,7.2530754685827095,-1.3577921864156939,1.974910394265233,8265.0,2.0,run_0
7.725815394999927,7.2530754685827095,-1.3577921864156939,1.974910394265233,8212.0,2.0,run_0
7.727166638999961,7.263000486641384,-1.362035221917321,1.9622461170848267,8212.0,2.0,run_0
7.727883027999951,7.263000486641384,-1.362035221917321,1.9622461170848267,8212.0,2.0,run_0
7.731555622999849,7.263000486641384,-1.362035221917321,1.9622461170848267,8212.0,2.0,run_0
7.732689050999852,7.263000486641384,-1.362035221917321,1.9622461170848267,8180.0,2.0,run_0
7.73415136299991,7.272777637442957,-1.3662145109912855,1.954599761051374,8180.0,2.0,run_0
7.736703456999976,7.272777637442957,-1.3662145109912855,1.954599761051374,8191.0,2.0,run_0
7.738821487999985,7.282552880683547,-1.3703943261706448,1.9572281959378734,8191.0,2.0,run_0
7.739482389999921,7.282552880683547,-1.3703943261706448,1.9572281959378734,8191.0,2.0,run_0
7.742303977999882,7.282552880683547,-1.3703943261706448,1.9572281959378734,8208.0,2.0,run_0
7.7436889489999885,7.292395176266944,-1.3746043440111597,1.961290322580645,8208.0,2.0,run_0
7.744284541999832,7.292395176266944,-1.3746043440111597,1.961290322580645,8208.0,2.0,run_0
7.747795734999954,7.292395176266944,-1.3746043440111597,1.961290322580645,8208.0,2.0,run_0
7.74850818799996,7.292395176266944,-1.3746043440111597,1.961290322580645,8195.0,2.0,run_0
7.750206073999834,7.302170306067754,-1.378786158872127,1.958183990442055,8195.0,2.0,run_0
7.753039725999997,7.302170306067754,-1.378786158872127,1.958183990442055,8180.0,2.0,run_0
7.754410424999833,7.312050378121054,-1.3830126893620742,1.954599761051374,8180.0,2.0,run_0
7.755021216999921,7.312050378121054,-1.3830126893620742,1.954599761051374,8180.0,2.0,run_0
7.755651145000002,7.312050378121054,-1.3830126893620742,1.954599761051374,8188.0,2.0,run_0
7.756805436999912,7.312532161016961,-1.3832187772623938,1.956511350059737,8188.0,2.0,run_0
7.758465053000009,7.312532161016961,-1.3832187772623938,1.956511350059737,8188.0,2.0,run_0
7.7597185089998675,7.3222920147788315,-1.3873922608976188,1.9598566308243728,8188.0,2.0,run_0
7.760311445999832,7.3222920147788315,-1.3873922608976188,1.9598566308243728,8188.0,2.0,run_0
7.760877151999921,7.3222920147788315,-1.3873922608976188,1.9598566308243728,8202.0,2.0,run_0
7.763987528999905,7.3222920147788315,-1.3873922608976188,1.9598566308243728,8186.0,2.0,run_0
7.765810210999916,7.33193193292777,-1.3915132164776307,1.9560334528076464,8186.0,2.0,run_0
7.766512647999889,7.33193193292777,-1.3915132164776307,1.9560334528076464,8186.0,2.0,run_0
7.7694036729999425,7.33193193292777,-1.3915132164776307,1.9560334528076464,8183.0,2.0,run_0
7.770732357999805,7.341722227466898,-1.3956990587632874,1.9553166069295103,8183.0,2.0,run_0
7.7714442340000005,7.341722227466898,-1.3956990587632874,1.9553166069295103,8183.0,2.0,run_0
7.7748881659999824,7.341722227466898,-1.3956990587632874,1.9553166069295103,8197.0,2.0,run_0
7.7764186349998,7.351542320737598,-1.3998983713111872,1.9586618876941457,8197.0,2.0,run_0
7.777481538999837,7.351542320737598,-1.3998983713111872,1.9586618876941457,8197.0,2.0,run_0
7.780289686999822,7.351542320737598,-1.3998983713111872,1.9586618876941457,8183.0,2.0,run_0
7.781687968999904,7.361350481341835,-1.4040928753640236,1.9553166069295103,8183.0,2.0,run_0
7.782590557999811,7.361350481341835,-1.4040928753640236,1.9553166069295103,8183.0,2.0,run_0
7.785714502000019,7.361350481341835,-1.4040928753640236,1.9553166069295103,8183.0,2.0,run_0
7.787408900999935,7.371111198694733,-1.408266723999925,1.9553166069295103,8183.0,2.0,run_0
7.788017165999918,7.371111198694733,-1.408266723999925,1.9553166069295103,8183.0,2.0,run_0
7.791242033999879,7.371111198694733,-1.408266723999925,1.9553166069295103,8203.0,2.0,run_0
7.792887922999853,7.380949376632291,-1.4124729813750405,1.9600955794504182,8203.0,2.0,run_0
7.793493434999846,7.380949376632291,-1.4124729813750405,1.9600955794504182,8203.0,2.0,run_0
7.796902487999887,7.380949376632291,-1.4124729813750405,1.9600955794504182,8185.0,2.0,run_0
7.798947337999834,7.390772628849368,-1.4166727291521317,1.955794504181601,8185.0,2.0,run_0
7.7995994089999385,7.390772628849368,-1.4166727291521317,1.955794504181601,8185.0,2.0,run_0
7.802370341999904,7.390772628849368,-1.4166727291521317,1.955794504181601,8180.0,2.0,run_0
7.8036900679999235,7.400582200851674,-1.420866553229902,1.954599761051374,8180.0,2.0,run_0
7.804269052999871,7.400582200851674,-1.420866553229902,1.954599761051374,8180.0,2.0,run_0
7.807752695999852,7.400582200851674,-1.420866553229902,1.954599761051374,8206.0,2.0,run_0
7.809516531999861,7.4105242435394345,-1.4251161005776294,1.9608124253285544,8206.0,2.0,run_0
7.810380018999922,7.4105242435394345,-1.4251161005776294,1.9608124253285544,8206.0,2.0,run_0
7.813070058999983,7.4105242435394345,-1.4251161005776294,1.9608124253285544,8256.0,2.0,run_0
7.81435301800002,7.420443576879529,-1.4293546339301,1.9727598566308244,8256.0,2.0,run_0
7.814927171999898,7.420443576879529,-1.4293546339301,1.9727598566308244,8256.0,2.0,run_0
7.815579178999997,7.420443576879529,-1.4293546339301,1.9727598566308244,8282.0,2.0,run_0
7.817082448999827,7.420922133868095,-1.4295590892018377,1.9789725209080047,8282.0,2.0,run_0
7.817845203999923,7.420922133868095,-1.4295590892018377,1.9789725209080047,8282.0,2.0,run_0
7.8196339989999615,7.430490202573062,-1.4336461826909352,1.9584229390681003,8282.0,2.0,run_0
7.820211864999919,7.430490202573062,-1.4336461826909352,1.9584229390681003,8282.0,2.0,run_0
7.820830784999998,7.430490202573062,-1.4336461826909352,1.9584229390681003,8196.0,2.0,run_0
7.824059396999928,7.430490202573062,-1.4336461826909352,1.9584229390681003,8173.0,2.0,run_0
7.825255638999806,7.440329932196826,-1.437848301953846,1.9529271206690562,8173.0,2.0,run_0
7.825796513999876,7.440329932196826,-1.437848301953846,1.9529271206690562,8173.0,2.0,run_0
7.8299053809998895,7.440329932196826,-1.437848301953846,1.9529271206690562,8173.0,2.0,run_0
7.83050238199985,7.440329932196826,-1.437848301953846,1.9529271206690562,8211.0,2.0,run_0
7.831989619999831,7.45011034941373,-1.4420251899210108,1.9620071684587814,8211.0,2.0,run_0
7.834965057999852,7.45011034941373,-1.4420251899210108,1.9620071684587814,8213.0,2.0,run_0
7.836251568999842,7.459903845359673,-1.4462087540242388,1.9624850657108721,8213.0,2.0,run_0
7.8375438069999745,7.459903845359673,-1.4462087540242388,1.9624850657108721,8213.0,2.0,run_0
7.840622408999934,7.459903845359673,-1.4462087540242388,1.9624850657108721,8183.0,2.0,run_0
7.842527999999902,7.46970024978463,-1.4503957441479218,1.9553166069295103,8183.0,2.0,run_0
7.843112040999813,7.46970024978463,-1.4503957441479218,1.9553166069295103,8183.0,2.0,run_0
7.845851391999986,7.46970024978463,-1.4503957441479218,1.9553166069295103,8189.0,2.0,run_0
7.847500512999886,7.479513059818141,-1.4545927390822968,1.9567502986857825,8189.0,2.0,run_0
7.848094793999962,7.479513059818141,-1.4545927390822968,1.9567502986857825,8189.0,2.0,run_0
7.851288014999909,7.479513059818141,-1.4545927390822968,1.9567502986857825,8213.0,2.0,run_0
7.852871218000018,7.489318295812058,-1.4587881367047495,1.9624850657108721,8213.0,2.0,run_0
7.853434108999863,7.489318295812058,-1.4587881367047495,1.9624850657108721,8213.0,2.0,run_0
7.856817018999891,7.489318295812058,-1.4587881367047495,1.9624850657108721,8199.0,2.0,run_0
7.858300513999893,7.499068325792823,-1.4629589331742219,1.9591397849462366,8199.0,2.0,run_0
7.858862315999886,7.499068325792823,-1.4629589331742219,1.9591397849462366,8199.0,2.0,run_0
7.86259865299985,7.499068325792823,-1.4629589331742219,1.9591397849462366,8190.0,2.0,run_0
7.864200062999998,7.508852053627291,-1.4671422046818798,1.956989247311828,8190.0,2.0,run_0
7.8648374469999,7.508852053627291,-1.4671422046818798,1.956989247311828,8190.0,2.0,run_0
7.8676827769998,7.508852053627291,-1.4671422046818798,1.956989247311828,8200.0,2.0,run_0
7.868928265000022,7.518609725541385,-1.4713138886013708,1.9593787335722819,8200.0,2.0,run_0
7.869553392999933,7.518609725541385,-1.4713138886013708,1.9593787335722819,8200.0,2.0,run_0
7.873098856999832,7.518609725541385,-1.4713138886013708,1.9593787335722819,8189.0,2.0,run_0
7.874402582999892,7.528419319601493,-1.4755091724256384,1.9567502986857825,8189.0,2.0,run_0
7.875047389999963,7.528419319601493,-1.4755091724256384,1.9567502986857825,8189.0,2.0,run_0
7.875703940999983,7.528419319601493,-1.4755091724256384,1.9567502986857825,8193.0,2.0,run_0
7.87691688599989,7.528985024261563,-1.4757511676724933,1.9577060931899641,8193.0,2.0,run_0
7.877532830999826,7.528985024261563,-1.4757511676724933,1.9577060931899641,8193.0,2.0,run_0
7.879000037999958,7.528985024261563,-1.4757511676724933,1.9577060931899641,8193.0,2.0,run_0
7.879743049999888,7.528985024261563,-1.4757511676724933,1.9577060931899641,8197.0,2.0,run_0
7.881050967999954,7.538712780274172,-1.4799134324853975,1.9586618876941457,8197.0,2.0,run_0
7.884400246999803,7.538712780274172,-1.4799134324853975,1.9586618876941457,8190.0,2.0,run_0
7.885755298999811,7.5486111807115694,-1.4841489893012345,1.956989247311828,8190.0,2.0,run_0
7.886425416999828,7.5486111807115694,-1.4841489893012345,1.956989247311828,8190.0,2.0,run_0
7.889809670999966,7.5486111807115694,-1.4841489893012345,1.956989247311828,8201.0,2.0,run_0
7.890964698999824,7.558579001224284,-1.4884119243122906,1.9596176821983273,8201.0,2.0,run_0
7.891602786000021,7.558579001224284,-1.4884119243122906,1.9596176821983273,8201.0,2.0,run_0
7.895298835999938,7.558579001224284,-1.4884119243122906,1.9596176821983273,8192.0,2.0,run_0
7.897056944999804,7.568362739009848,-1.4925928638637846,1.9574671445639187,8192.0,2.0,run_0
7.8977412379999805,7.568362739009848,-1.4925928638637846,1.9574671445639187,8192.0,2.0,run_0
7.900818207999919,7.568362739009848,-1.4925928638637846,1.9574671445639187,8184.0,2.0,run_0
7.902244584999835,7.578177294106517,-1.4967841619688724,1.9555555555555555,8184.0,2.0,run_0
7.9029056800000035,7.578177294106517,-1.4967841619688724,1.9555555555555555,8184.0,2.0,run_0
7.90620078500001,7.578177294106517,-1.4967841619688724,1.9555555555555555,8219.0,2.0,run_0
7.907622170999957,7.588039316262531,-1.5009944418125976,1.9639187574671446,8219.0,2.0,run_0
7.90830336099998,7.588039316262531,-1.5009944418125976,1.9639187574671446,8219.0,2.0,run_0
7.911685918999865,7.588039316262531,-1.5009944418125976,1.9639187574671446,8274.0,2.0,run_0
7.912966829999959,7.597906051549148,-1.5052074229006116,1.9770609318996415,8274.0,2.0,run_0
7.913582357999985,7.597906051549148,-1.5052074229006116,1.9770609318996415,8274.0,2.0,run_0
7.917226057999869,7.597906051549148,-1.5052074229006116,1.9770609318996415,8274.0,2.0,run_0
7.91791073599984,7.597906051549148,-1.5052074229006116,1.9770609318996415,8292.0,2.0,run_0
7.919328824999866,7.60782692035646,-1.5094454098162458,1.9813620071684588,8292.0,2.0,run_0
7.92278251599987,7.60782692035646,-1.5094454098162458,1.9813620071684588,8208.0,2.0,run_0
7.924359959999947,7.617670027761286,-1.513651453290139,1.961290322580645,8208.0,2.0,run_0
7.925048349000008,7.617670027761286,-1.513651453290139,1.961290322580645,8208.0,2.0,run_0
7.928121254999951,7.617670027761286,-1.513651453290139,1.961290322580645,8187.0,2.0,run_0
7.929666475999966,7.62755812585758,-1.5178767116425516,1.9562724014336919,8187.0,2.0,run_0
7.930551753999907,7.62755812585758,-1.5178767116425516,1.9562724014336919,8187.0,2.0,run_0
7.931375401999958,7.62755812585758,-1.5178767116425516,1.9562724014336919,8212.0,2.0,run_0
7.932876720999957,7.628721288425203,-1.5183737104886292,1.9622461170848267,8212.0,2.0,run_0
7.933535254999924,7.628721288425203,-1.5183737104886292,1.9622461170848267,8212.0,2.0,run_0
7.934905410999818,7.6384508145587775,-1.5225308537206517,1.9643966547192353,8212.0,2.0,run_0
7.935659878000024,7.6384508145587775,-1.5225308537206517,1.9643966547192353,8212.0,2.0,run_0
7.936310700999911,7.6384508145587775,-1.5225308537206517,1.9643966547192353,8221.0,2.0,run_0
7.939668299999994,7.6384508145587775,-1.5225308537206517,1.9643966547192353,8193.0,2.0,run_0
7.940806143999907,7.6384508145587775,-1.5225308537206517,1.9643966547192353,8193.0,2.0,run_0
7.942094894999855,7.648415700754346,-1.5267888893277661,1.9577060931899641,8193.0,2.0,run_0
7.945151448999923,7.648415700754346,-1.5267888893277661,1.9577060931899641,8192.0,2.0,run_0
7.946378826,7.658354603551442,-1.5310370990192972,1.9574671445639187,8192.0,2.0,run_0
7.946954452,7.658354603551442,-1.5310370990192972,1.9574671445639187,8192.0,2.0,run_0
7.950558920999811,7.658354603551442,-1.5310370990192972,1.9574671445639187,8219.0,2.0,run_0
7.951819672999818,7.668255894642741,-1.535269996674156,1.9639187574671446,8219.0,2.0,run_0
7.9524646079999,7.668255894642741,-1.535269996674156,1.9639187574671446,8219.0,2.0,run_0
7.9560583259999476,7.668255894642741,-1.535269996674156,1.9639187574671446,8201.0,2.0,run_0
7.957243272999904,7.668255894642741,-1.535269996674156,1.9639187574671446,8201.0,2.0,run_0
7.958570517999988,7.67800931132063,-1.5394389739479388,1.9596176821983273,8201.0,2.0,run_0
7.9615864979998605,7.67800931132063,-1.5394389739479388,1.9596176821983273,8188.0,2.0,run_0
7.963043913999854,7.687851803103172,-1.543645243581172,1.956511350059737,8188.0,2.0,run_0
7.963830602999906,7.687851803103172,-1.543645243581172,1.956511350059737,8188.0,2.0,run_0
7.966976914999805,7.687851803103172,-1.543645243581172,1.956511350059737,8210.0,2.0,run_0
7.96840258799989,7.69767717553003,-1.5478446351913797,1.961768219832736,8210.0,2.0,run_0
7.96908588999986,7.69767717553003,-1.5478446351913797,1.961768219832736,8210.0,2.0,run_0
7.9725305569998,7.69767717553003,-1.5478446351913797,1.961768219832736,8209.0,2.0,run_0
7.973953606999885,7.707576615130571,-1.552076792692123,1.9615292712066905,8209.0,2.0,run_0
7.974633387999802,7.707576615130571,-1.552076792692123,1.9615292712066905,8209.0,2.0,run_0
7.978078087999847,7.707576615130571,-1.552076792692123,1.9615292712066905,8197.0,2.0,run_0
7.979617324999936,7.7176763738755065,-1.556394894483746,1.9586618876941457,8197.0,2.0,run_0
7.980329553999809,7.7176763738755065,-1.556394894483746,1.9586618876941457,8197.0,2.0,run_0
7.981034262999856,7.7176763738755065,-1.556394894483746,1.9586618876941457,8207.0,2.0,run_0
7.9823736029998145,7.718264272092105,-1.5566462338051883,1.9610513739545998,8207.0,2.0,run_0
7.983914056000003,7.718264272092105,-1.5566462338051883,1.9610513739545998,8207.0,2.0,run_0
7.984631115999946,7.718264272092105,-1.5566462338051883,1.9610513739545998,8204.0,2.0,run_0
7.986023158999842,7.72835682202385,-1.5609581421702388,1.9603345280764635,8204.0,2.0,run_0
7.986693757000012,7.72835682202385,-1.5609581421702388,1.9603345280764635,8204.0,2.0,run_0
7.990512522000017,7.72835682202385,-1.5609581421702388,1.9603345280764635,8196.0,2.0,run_0
7.992212648999839,7.738151731114148,-1.5651389115906023,1.9584229390681003,8196.0,2.0,run_0
7.992934860999867,7.738151731114148,-1.5651389115906023,1.9584229390681003,8196.0,2.0,run_0
7.9950951299999815,7.738151731114148,-1.5651389115906023,1.9584229390681003,8196.0,2.0,run_0
7.995916506999947,7.738151731114148,-1.5651389115906023,1.9584229390681003,8206.0,2.0,run_0
7.997470814999815,7.747977756854209,-1.5693316659474186,1.9608124253285544,8206.0,2.0,run_0
8.0006274939999,7.747977756854209,-1.5693316659474186,1.9608124253285544,8196.0,2.0,run_0
8.001938898999924,7.75776208815428,-1.573507364730068,1.9584229390681003,8196.0,2.0,run_0
8.002590201999965,7.75776208815428,-1.573507364730068,1.9584229390681003,8196.0,2.0,run_0
8.005703874999881,7.75776208815428,-1.573507364730068,1.9584229390681003,8212.0,2.0,run_0
8.006977553999832,7.767646322088821,-1.5777275959342634,1.9622461170848267,8212.0,2.0,run_0
8.007711541999925,7.767646322088821,-1.5777275959342634,1.9622461170848267,8212.0,2.0,run_0
8.01222931999996,7.777517554867574,-1.5819442967193116,1.9782556750298685,8212.0,2.0,run_0
8.01312742999994,7.777517554867574,-1.5819442967193116,1.9782556750298685,8212.0,2.0,run_0
8.013835977999861,7.777517554867574,-1.5819442967193116,1.9782556750298685,8279.0,2.0,run_0
8.016640702999894,7.777517554867574,-1.5819442967193116,1.9782556750298685,8298.0,2.0,run_0
8.017928236999978,7.78745806719509,-1.5861923449061301,1.9827956989247313,8298.0,2.0,run_0
8.018569300999843,7.78745806719509,-1.5861923449061301,1.9827956989247313,8298.0,2.0,run_0
8.022061709999889,7.78745806719509,-1.5861923449061301,1.9827956989247313,8204.0,2.0,run_0
8.02330073500002,7.79730063987732,-1.5903994550764844,1.9603345280764635,8204.0,2.0,run_0
8.02386205699986,7.79730063987732,-1.5903994550764844,1.9603345280764635,8204.0,2.0,run_0
8.027671446999875,7.79730063987732,-1.5903994550764844,1.9603345280764635,8187.0,2.0,run_0
8.028894823999963,7.807075045306201,-1.594577423494903,1.9562724014336919,8187.0,2.0,run_0
8.029516815999841,7.807075045306201,-1.594577423494903,1.9562724014336919,8187.0,2.0,run_0
8.03435787799981,7.807075045306201,-1.594577423494903,1.9562724014336919,8187.0,2.0,run_0
8.035231123999893,7.807075045306201,-1.594577423494903,1.9562724014336919,8221.0,2.0,run_0
8.036644957999897,7.816883857436717,-1.5987696163282021,1.9643966547192353,8221.0,2.0,run_0
8.037292676999868,7.816883857436717,-1.5987696163282021,1.9643966547192353,8228.0,2.0,run_0
8.038521141999809,7.81749950223529,-1.5990327167506606,1.9660692951015533,8228.0,2.0,run_0
8.039906656999847,7.8274083948930535,-1.6032675973409367,1.9596176821983273,8228.0,2.0,run_0
8.040588678999939,7.8274083948930535,-1.6032675973409367,1.9596176821983273,8228.0,2.0,run_0
8.041284043999894,7.8274083948930535,-1.6032675973409367,1.9596176821983273,8201.0,2.0,run_0
8.042654806999963,7.8274083948930535,-1.6032675973409367,1.9596176821983273,8201.0,2.0,run_0
8.044250713999872,7.8274083948930535,-1.6032675973409367,1.9596176821983273,8189.0,2.0,run_0
8.04556439099997,7.837255497531899,-1.6074778760742467,1.9567502986857825,8189.0,2.0,run_0
8.046199278999893,7.837255497531899,-1.6074778760742467,1.9567502986857825,8189.0,2.0,run_0
8.049677832999805,7.837255497531899,-1.6074778760742467,1.9567502986857825,8208.0,2.0,run_0
8.051033652999877,7.847046672917017,-1.6116661817756393,1.961290322580645,8208.0,2.0,run_0
8.051814294999986,7.847046672917017,-1.6116661817756393,1.961290322580645,8208.0,2.0,run_0
8.05605083699993,7.847046672917017,-1.6116661817756393,1.961290322580645,8210.0,2.0,run_0
8.057552826999881,7.856841347136479,-1.6158556144465148,1.961768219832736,8210.0,2.0,run_0
8.058233184999835,7.856841347136479,-1.6158556144465148,1.961768219832736,8210.0,2.0,run_0
8.060786559000007,7.856841347136479,-1.6158556144465148,1.961768219832736,8186.0,2.0,run_0
8.063024713000004,7.866657794289893,-1.6200521488237047,1.9560334528076464,8186.0,2.0,run_0
8.063863751999861,7.866657794289893,-1.6200521488237047,1.9560334528076464,8186.0,2.0,run_0
8.06609937899998,7.866657794289893,-1.6200521488237047,1.9560334528076464,8197.0,2.0,run_0
8.067755411000007,7.876430432947242,-1.6242267794961942,1.9586618876941457,8197.0,2.0,run_0
8.068476182999802,7.876430432947242,-1.6242267794961942,1.9586618876941457,8197.0,2.0,run_0
8.071527393999986,7.876430432947242,-1.6242267794961942,1.9586618876941457,8215.0,2.0,run_0
8.07284168000001,7.886262620989396,-1.6284242226776482,1.962962962962963,8215.0,2.0,run_0
8.073484310999902,7.886262620989396,-1.6284242226776482,1.962962962962963,8215.0,2.0,run_0
8.07706890899999,7.886262620989396,-1.6284242226776482,1.962962962962963,8215.0,2.0,run_0
8.077749810999876,7.886262620989396,-1.6284242226776482,1.962962962962963,8191.0,2.0,run_0
8.079116190999912,7.896068758891279,-1.6326098331713568,1.9572281959378734,8191.0,2.0,run_0
8.082422750999967,7.896068758891279,-1.6326098331713568,1.9572281959378734,8194.0,2.0,run_0
8.08389066299992,7.9059439504884645,-1.6368255545937709,1.9579450418160096,8194.0,2.0,run_0
8.08459505199994,7.9059439504884645,-1.6368255545937709,1.9579450418160096,8194.0,2.0,run_0
8.088022407999915,7.9059439504884645,-1.6368255545937709,1.9579450418160096,8212.0,2.0,run_0
8.089784452999993,7.915934085331987,-1.6410910134408299,1.9622461170848267,8212.0,2.0,run_0
8.09066733099985,7.915934085331987,-1.6410910134408299,1.9622461170848267,8212.0,2.0,run_0
8.091501410999854,7.915934085331987,-1.6410910134408299,1.9622461170848267,8198.0,2.0,run_0
8.093020039999828,7.916538516449598,-1.641349098019257,1.9589008363201912,8198.0,2.0,run_0
8.09439182799997,7.9262875752633795,-1.645511651354129,1.9603345280764635,8198.0,2.0,run_0
8.095105912000008,7.9262875752633795,-1.645511651354129,1.9603345280764635,8198.0,2.0,run_0
8.09586943499994,7.9262875752633795,-1.645511651354129,1.9603345280764635,8204.0,2.0,run_0
8.097014446999992,7.9262875752633795,-1.645511651354129,1.9603345280764635,8204.0,2.0,run_0
8.099423217999856,7.9262875752633795,-1.645511651354129,1.9603345280764635,8208.0,2.0,run_0
8.101039987999911,7.935995908318052,-1.6496571234880462,1.961290322580645,8208.0,2.0,run_0
8.101739512999984,7.935995908318052,-1.6496571234880462,1.961290322580645,8208.0,2.0,run_0
8.104614058999914,7.935995908318052,-1.6496571234880462,1.961290322580645,8179.0,2.0,run_0
8.106182478999926,7.945897661659761,-1.6538857511775127,1.9543608124253287,8179.0,2.0,run_0
8.106928817999915,7.945897661659761,-1.6538857511775127,1.9543608124253287,8179.0,2.0,run_0
8.110143318999917,7.945897661659761,-1.6538857511775127,1.9543608124253287,8235.0,2.0,run_0
8.111692187000017,7.955900657034323,-1.65815816318552,1.967741935483871,8235.0,2.0,run_0
8.112420895000014,7.955900657034323,-1.65815816318552,1.967741935483871,8235.0,2.0,run_0
8.115872249999939,7.955900657034323,-1.65815816318552,1.967741935483871,8275.0,2.0,run_0
8.117218567000009,7.966112552838303,-1.6625213787942672,1.977299880525687,8275.0,2.0,run_0
8.117891117,7.966112552838303,-1.6625213787942672,1.977299880525687,8275.0,2.0,run_0
8.12122865299989,7.966112552838303,-1.6625213787942672,1.977299880525687,8238.0,2.0,run_0
8.122606263999842,7.976030553227313,-1.6667605644588732,1.9684587813620071,8238.0,2.0,run_0
8.123334075999992,7.976030553227313,-1.6667605644588732,1.9684587813620071,8238.0,2.0,run_0
8.12663910099991,7.976030553227313,-1.6667605644588732,1.9684587813620071,8192.0,2.0,run_0
8.127952809999897,7.985874204087593,-1.670968028405316,1.9574671445639187,8192.0,2.0,run_0
8.128607568999996,7.985874204087593,-1.670968028405316,1.9574671445639187,8192.0,2.0,run_0
8.133414904999881,7.99571208027968,-1.6751723113796324,1.9598566308243728,8192.0,2.0,run_0
8.134317045999978,7.99571208027968,-1.6751723113796324,1.9598566308243728,8192.0,2.0,run_0
8.135064536999835,7.99571208027968,-1.6751723113796324,1.9598566308243728,8202.0,2.0,run_0
8.138837991999935,8.006203729841227,-1.6796554696461699,1.9651135005973717,8202.0,2.0,run_0
8.139637672999925,8.006203729841227,-1.6796554696461699,1.9651135005973717,8202.0,2.0,run_0
8.140358733999847,8.006203729841227,-1.6796554696461699,1.9651135005973717,8224.0,2.0,run_0
8.141806293999934,8.006947339602913,-1.6799732051648157,1.961290322580645,8224.0,2.0,run_0
8.142481051999994,8.006947339602913,-1.6799732051648157,1.961290322580645,8208.0,2.0,run_0
8.145057656999825,8.016891338685383,-1.684221603783228,1.9574671445639187,8208.0,2.0,run_0
8.145721791999904,8.016891338685383,-1.684221603783228,1.9574671445639187,8208.0,2.0,run_0
8.146337351999819,8.016891338685383,-1.684221603783228,1.9574671445639187,8192.0,2.0,run_0
8.147446556999967,8.016891338685383,-1.684221603783228,1.9574671445639187,8192.0,2.0,run_0
8.149496878999798,8.016891338685383,-1.684221603783228,1.9574671445639187,8204.0,2.0,run_0
8.150725694999892,8.027086757909235,-1.6885767685774982,1.9603345280764635,8204.0,2.0,run_0
8.151355974999888,8.027086757909235,-1.6885767685774982,1.9603345280764635,8204.0,2.0,run_0
8.154871103999994,8.027086757909235,-1.6885767685774982,1.9603345280764635,8219.0,2.0,run_0
8.15598395699999,8.036975251826188,-1.692799949994895,1.9639187574671446,8219.0,2.0,run_0
8.156523264999805,8.036975251826188,-1.692799949994895,1.9639187574671446,8219.0,2.0,run_0
8.160452681999914,8.036975251826188,-1.692799949994895,1.9639187574671446,8198.0,2.0,run_0
8.161775863000003,8.046826352694293,-1.6970056246358396,1.9589008363201912,8198.0,2.0,run_0
8.162396894999802,8.046826352694293,-1.6970056246358396,1.9589008363201912,8198.0,2.0,run_0
8.165866009999945,8.046826352694293,-1.6970056246358396,1.9589008363201912,8195.0,2.0,run_0
8.16715879200001,8.056625426655033,-1.7011876923054294,1.958183990442055,8195.0,2.0,run_0
8.167873228999952,8.056625426655033,-1.7011876923054294,1.958183990442055,8195.0,2.0,run_0
8.171372357999871,8.056625426655033,-1.7011876923054294,1.958183990442055,8212.0,2.0,run_0
8.172638838000012,8.06648028685556,-1.7053924468411987,1.9622461170848267,8212.0,2.0,run_0
8.17330425199998,8.06648028685556,-1.7053924468411987,1.9622461170848267,8212.0,2.0,run_0
8.176841779999904,8.06648028685556,-1.7053924468411987,1.9622461170848267,8194.0,2.0,run_0
8.17823974199996,8.076290617883624,-1.7095778663523125,1.9579450418160096,8194.0,2.0,run_0
8.178892228999985,8.076290617883624,-1.7095778663523125,1.9579450418160096,8194.0,2.0,run_0
8.182398046999879,8.076290617883624,-1.7095778663523125,1.9579450418160096,8194.0,2.0,run_0
8.183063332999836,8.076290617883624,-1.7095778663523125,1.9579450418160096,8191.0,2.0,run_0
8.184453583999812,8.086148389689864,-1.7137846543347646,1.9572281959378734,8191.0,2.0,run_0
8.187805198999968,8.086148389689864,-1.7137846543347646,1.9572281959378734,8208.0,2.0,run_0
8.189157370999965,8.09605690800997,-1.7180157066362614,1.961290322580645,8208.0,2.0,run_0
8.189878046999866,8.09605690800997,-1.7180157066362614,1.961290322580645,8208.0,2.0,run_0
8.193341145999966,8.09605690800997,-1.7180157066362614,1.961290322580645,8197.0,2.0,run_0
8.194726980999803,8.105995651655505,-1.722262415600424,1.9586618876941457,8197.0,2.0,run_0
8.195531493999852,8.105995651655505,-1.722262415600424,1.9586618876941457,8197.0,2.0,run_0
8.196217483999817,8.105995651655505,-1.722262415600424,1.9586618876941457,8192.0,2.0,run_0
8.197626101999958,8.106550882437318,-1.7224997231533496,1.9574671445639187,8192.0,2.0,run_0
8.198331386999826,8.106550882437318,-1.7224997231533496,1.9574671445639187,8192.0,2.0,run_0
8.19957341899999,8.106550882437318,-1.7224997231533496,1.9574671445639187,8192.0,2.0,run_0
8.20029367899997,8.106550882437318,-1.7224997231533496,1.9574671445639187,8200.0,2.0,run_0
8.201612092999994,8.116335206979413,-1.7266806750640475,1.9593787335722819,8200.0,2.0,run_0
8.204681862999905,8.116335206979413,-1.7266806750640475,1.9593787335722819,8176.0,2.0,run_0
8.20604827399984,8.126338034804848,-1.7309532225426858,1.9536439665471923,8176.0,2.0,run_0
8.206693304999817,8.126338034804848,-1.7309532225426858,1.9536439665471923,8176.0,2.0,run_0
8.211127662999843,8.126338034804848,-1.7309532225426858,1.9536439665471923,8176.0,2.0,run_0
8.212059531000023,8.126338034804848,-1.7309532225426858,1.9536439665471923,8235.0,2.0,run_0
8.213617006999812,8.136242629596738,-1.7351833416051268,1.967741935483871,8235.0,2.0,run_0
8.215557156999921,8.136242629596738,-1.7351833416051268,1.967741935483871,8284.0,2.0,run_0
8.216839891999825,8.146146369311499,-1.7394149373125882,1.9794504181600956,8284.0,2.0,run_0
8.217550935999952,8.146146369311499,-1.7394149373125882,1.9794504181600956,8284.0,2.0,run_0
8.222116168999946,8.155963516218424,-1.7436119177693996,1.9622461170848267,8284.0,2.0,run_0
8.222842092999826,8.155963516218424,-1.7436119177693996,1.9622461170848267,8284.0,2.0,run_0
8.223544049999873,8.155963516218424,-1.7436119177693996,1.9622461170848267,8212.0,2.0,run_0
8.22639616399988,8.155963516218424,-1.7436119177693996,1.9622461170848267,8175.0,2.0,run_0
8.227809613999852,8.165740689514939,-1.747792430388698,1.9534050179211468,8175.0,2.0,run_0
8.228513138999915,8.165740689514939,-1.747792430388698,1.9534050179211468,8175.0,2.0,run_0
8.231935567999926,8.165740689514939,-1.747792430388698,1.9534050179211468,8203.0,2.0,run_0
8.23328021999987,8.175744685214195,-1.752068897299228,1.9600955794504182,8203.0,2.0,run_0
8.233956257999807,8.175744685214195,-1.752068897299228,1.9600955794504182,8203.0,2.0,run_0
8.237810445999912,8.175744685214195,-1.752068897299228,1.9600955794504182,8203.0,2.0,run_0
8.238717802999872,8.175744685214195,-1.752068897299228,1.9600955794504182,8214.0,2.0,run_0
8.240871191999986,8.185632469775792,-1.7562937154749783,1.9627240143369176,8214.0,2.0,run_0
8.242981798999836,8.185632469775792,-1.7562937154749783,1.9627240143369176,8192.0,2.0,run_0
8.24458919299991,8.195432153727777,-1.7604784598958911,1.9574671445639187,8192.0,2.0,run_0
8.245361803999913,8.195432153727777,-1.7604784598958911,1.9574671445639187,8192.0,2.0,run_0
8.246069969000018,8.195432153727777,-1.7604784598958911,1.9574671445639187,8191.0,2.0,run_0
8.247565014999964,8.196095759903276,-1.7607617585335111,1.9572281959378734,8191.0,2.0,run_0
8.248807526999826,8.196095759903276,-1.7607617585335111,1.9572281959378734,8191.0,2.0,run_0
8.24958439399984,8.196095759903276,-1.7607617585335111,1.9572281959378734,8206.0,2.0,run_0
8.25107367999999,8.205883921619154,-1.7649412474863289,1.9608124253285544,8206.0,2.0,run_0
8.251920303999896,8.205883921619154,-1.7649412474863289,1.9608124253285544,8206.0,2.0,run_0
8.254072956999835,8.205883921619154,-1.7649412474863289,1.9608124253285544,8202.0,2.0,run_0
8.25555142799999,8.215560796931978,-1.7690739895506569,1.9598566308243728,8202.0,2.0,run_0
8.256280007999976,8.215560796931978,-1.7690739895506569,1.9598566308243728,8202.0,2.0,run_0
8.25962643999992,8.215560796931978,-1.7690739895506569,1.9598566308243728,8191.0,2.0,run_0
8.261018993999869,8.225457434832418,-1.7733004427287096,1.9572281959378734,8191.0,2.0,run_0
8.261754517999861,8.225457434832418,-1.7733004427287096,1.9572281959378734,8191.0,2.0,run_0
8.2651019729999,8.225457434832418,-1.7733004427287096,1.9572281959378734,8189.0,2.0,run_0
8.266450337999913,8.235319963824814,-1.7775123871632983,1.9567502986857825,8189.0,2.0,run_0
8.26713879099998,8.235319963824814,-1.7775123871632983,1.9567502986857825,8189.0,2.0,run_0
8.270538308999903,8.235319963824814,-1.7775123871632983,1.9567502986857825,8206.0,2.0,run_0
8.272040298999855,8.245226050256731,-1.781742928955012,1.9608124253285544,8206.0,2.0,run_0
8.272752143999924,8.245226050256731,-1.781742928955012,1.9608124253285544,8206.0,2.0,run_0
8.276269959999809,8.245226050256731,-1.781742928955012,1.9608124253285544,8206.0,2.0,run_0
8.27709245699998,8.245226050256731,-1.781742928955012,1.9608124253285544,8195.0,2.0,run_0
8.278633005999836,8.255097937854561,-1.7859585503628201,1.958183990442055,8195.0,2.0,run_0
8.282232131,8.255097937854561,-1.7859585503628201,1.958183990442055,8190.0,2.0,run_0
8.283852196999987,8.264882591592192,-1.7901369456896428,1.956989247311828,8190.0,2.0,run_0
8.284615463999899,8.264882591592192,-1.7901369456896428,1.956989247311828,8190.0,2.0,run_0
8.286983851999821,8.264882591592192,-1.7901369456896428,1.956989247311828,8202.0,2.0,run_0
8.289140632999988,8.274703191545871,-1.794331222960873,1.9598566308243728,8202.0,2.0,run_0
8.289967352999838,8.274703191545871,-1.794331222960873,1.9598566308243728,8202.0,2.0,run_0
8.292699696,8.274703191545871,-1.794331222960873,1.9598566308243728,8191.0,2.0,run_0
8.29433544099993,8.284602797096646,-1.7985598118895811,1.9572281959378734,8191.0,2.0,run_0
8.296090220999986,8.284602797096646,-1.7985598118895811,1.9572281959378734,8191.0,2.0,run_0
8.298783364999963,8.284602797096646,-1.7985598118895811,1.9572281959378734,8179.0,2.0,run_0
8.301224134999984,8.294807684883564,-1.8029192005338461,1.9543608124253287,8179.0,2.0,run_0
8.30210093300002,8.294807684883564,-1.8029192005338461,1.9543608124253287,8179.0,2.0,run_0
8.30283207299999,8.294807684883564,-1.8029192005338461,1.9543608124253287,8197.0,2.0,run_0
8.305303657999957,8.295465988265715,-1.8032004627293399,1.9586618876941457,8197.0,2.0,run_0
8.306041837999828,8.295465988265715,-1.8032004627293399,1.9586618876941457,8197.0,2.0,run_0
8.30669186099999,8.295465988265715,-1.8032004627293399,1.9586618876941457,8174.0,2.0,run_0
8.308183226999972,8.305421267561941,-1.8074543999807167,1.9531660692951016,8174.0,2.0,run_0
8.30883267399986,8.305421267561941,-1.8074543999807167,1.9531660692951016,8174.0,2.0,run_0
8.309958198999993,8.305421267561941,-1.8074543999807167,1.9531660692951016,8174.0,2.0,run_0
8.310625532999893,8.305421267561941,-1.8074543999807167,1.9531660692951016,8229.0,2.0,run_0
8.312695116999976,8.315299807026658,-1.8116758788669782,1.9663082437275985,8229.0,2.0,run_0
8.31496046999996,8.315299807026658,-1.8116758788669782,1.9663082437275985,8285.0,2.0,run_0
8.316298593999818,8.325302499110741,-1.8159502153399016,1.979689366786141,8285.0,2.0,run_0
8.316954664999912,8.325302499110741,-1.8159502153399016,1.979689366786141,8285.0,2.0,run_0
8.3204026599999,8.325302499110741,-1.8159502153399016,1.979689366786141,8285.0,2.0,run_0
8.321403549000024,8.325302499110741,-1.8159502153399016,1.979689366786141,8214.0,2.0,run_0
8.322644109999828,8.335208105222797,-1.8201817483957705,1.9627240143369176,8214.0,2.0,run_0
8.325856337999994,8.335208105222797,-1.8201817483957705,1.9627240143369176,8214.0,2.0,run_0
8.326466809999829,8.335208105222797,-1.8201817483957705,1.9627240143369176,8164.0,2.0,run_0
8.32779741499985,8.344934080325643,-1.8243347743783507,1.9507765830346475,8164.0,2.0,run_0
8.332376822000015,8.354693318605708,-1.8285005113367594,1.958183990442055,8164.0,2.0,run_0
8.333305458999803,8.354693318605708,-1.8285005113367594,1.958183990442055,8164.0,2.0,run_0
8.334114706999799,8.354693318605708,-1.8285005113367594,1.958183990442055,8195.0,2.0,run_0
8.337301399999888,8.354693318605708,-1.8285005113367594,1.958183990442055,8224.0,2.0,run_0
8.339385959999845,8.364514859617561,-1.8326921837138994,1.9651135005973717,8224.0,2.0,run_0
8.340488893999918,8.364514859617561,-1.8326921837138994,1.9651135005973717,8224.0,2.0,run_0
8.343217011999968,8.364514859617561,-1.8326921837138994,1.9651135005973717,8200.0,2.0,run_0
8.344906450999815,8.37428130428489,-1.836860084510938,1.9593787335722819,8200.0,2.0,run_0
8.345711059999985,8.37428130428489,-1.836860084510938,1.9593787335722819,8200.0,2.0,run_0
8.347964316999878,8.37428130428489,-1.836860084510938,1.9593787335722819,8193.0,2.0,run_0
8.34963065299985,8.383979522494514,-1.8409990975180317,1.9577060931899641,8193.0,2.0,run_0
8.35051109899996,8.383979522494514,-1.8409990975180317,1.9577060931899641,8193.0,2.0,run_0
8.354471586999807,8.39416807363716,-1.8453481734124275,1.9586618876941457,8193.0,2.0,run_0
8.355400702999987,8.39416807363716,-1.8453481734124275,1.9586618876941457,8193.0,2.0,run_0
8.35612614699994,8.39416807363716,-1.8453481734124275,1.9586618876941457,8197.0,2.0,run_0
8.35765546399989,8.394697104984434,-1.845574019178136,1.9584229390681003,8197.0,2.0,run_0
8.359408196000004,8.394697104984434,-1.845574019178136,1.9584229390681003,8197.0,2.0,run_0
8.360684370999934,8.394697104984434,-1.845574019178136,1.9584229390681003,8196.0,2.0,run_0
8.362684581999929,8.404287233491393,-1.8496678970377047,1.9586618876941457,8196.0,2.0,run_0
8.364383331999989,8.404287233491393,-1.8496678970377047,1.9586618876941457,8196.0,2.0,run_0
8.365098472999989,8.404287233491393,-1.8496678970377047,1.9586618876941457,8197.0,2.0,run_0
8.366512209999883,8.414108140529745,-1.853860179501574,1.9562724014336919,8197.0,2.0,run_0
8.367146937999905,8.414108140529745,-1.853860179501574,1.9562724014336919,8197.0,2.0,run_0
8.367777058000001,8.414108140529745,-1.853860179501574,1.9562724014336919,8187.0,2.0,run_0
8.369768244999932,8.414108140529745,-1.853860179501574,1.9562724014336919,8187.0,2.0,run_0
8.370587028999807,8.414108140529745,-1.853860179501574,1.9562724014336919,8195.0,2.0,run_0
8.372215573999938,8.423850351777824,-1.8580191988063102,1.958183990442055,8195.0,2.0,run_0
8.37499757899991,8.423850351777824,-1.8580191988063102,1.958183990442055,8206.0,2.0,run_0
8.376418291999926,8.433571262677257,-1.862169408857394,1.9608124253285544,8206.0,2.0,run_0
8.377106297999944,8.433571262677257,-1.862169408857394,1.9608124253285544,8206.0,2.0,run_0
8.380434457999854,8.433571262677257,-1.862169408857394,1.9608124253285544,8184.0,2.0,run_0
8.381752550999863,8.44334529549233,-1.866342306654609,1.9555555555555555,8184.0,2.0,run_0
8.382392717999892,8.44334529549233,-1.866342306654609,1.9555555555555555,8184.0,2.0,run_0
8.385899719000008,8.44334529549233,-1.866342306654609,1.9555555555555555,8189.0,2.0,run_0
8.387299857000016,8.453132083486409,-1.8705205225956456,1.9567502986857825,8189.0,2.0,run_0
8.388020532999917,8.453132083486409,-1.8705205225956456,1.9567502986857825,8189.0,2.0,run_0
8.391950653999857,8.453132083486409,-1.8705205225956456,1.9567502986857825,8189.0,2.0,run_0
8.39288744999999,8.453132083486409,-1.8705205225956456,1.9567502986857825,8208.0,2.0,run_0
8.394395838999799,8.462896207716751,-1.8746887590582597,1.961290322580645,8208.0,2.0,run_0
8.396741828999893,8.462896207716751,-1.8746887590582597,1.961290322580645,8189.0,2.0,run_0
8.397977428999866,8.47264815985098,-1.8788514571197608,1.9567502986857825,8189.0,2.0,run_0
8.398612348999904,8.47264815985098,-1.8788514571197608,1.9567502986857825,8189.0,2.0,run_0
8.402228784999807,8.47264815985098,-1.8788514571197608,1.9567502986857825,8190.0,2.0,run_0
8.403629210999952,8.482485087745548,-1.883049986652832,1.956989247311828,8190.0,2.0,run_0
8.404274274999807,8.482485087745548,-1.883049986652832,1.956989247311828,8190.0,2.0,run_0
8.407884663000004,8.482485087745548,-1.883049986652832,1.956989247311828,8210.0,2.0,run_0
8.409381469999971,8.492574939935274,-1.8873557216445191,1.961768219832736,8210.0,2.0,run_0
8.410126368999954,8.492574939935274,-1.8873557216445191,1.961768219832736,8210.0,2.0,run_0
8.413346788999888,8.492574939935274,-1.8873557216445191,1.961768219832736,8256.0,2.0,run_0
8.414773773999968,8.502537031829409,-1.8916056714424516,1.9727598566308244,8256.0,2.0,run_0
8.415581358999816,8.502537031829409,-1.8916056714424516,1.9727598566308244,8256.0,2.0,run_0
8.416280371999846,8.502537031829409,-1.8916056714424516,1.9727598566308244,8277.0,2.0,run_0
8.417739962999804,8.503006358581429,-1.8918058013871404,1.9777777777777779,8277.0,2.0,run_0
8.418436320999945,8.503006358581429,-1.8918058013871404,1.9777777777777779,8277.0,2.0,run_0
8.419912167999883,8.512648592418456,-1.8959156696900994,1.9610513739545998,8277.0,2.0,run_0
8.420606220999844,8.512648592418456,-1.8959156696900994,1.9610513739545998,8277.0,2.0,run_0
8.421249683999804,8.512648592418456,-1.8959156696900994,1.9610513739545998,8207.0,2.0,run_0
8.424325854000017,8.512648592418456,-1.8959156696900994,1.9610513739545998,8177.0,2.0,run_0
8.425661609999906,8.522421287294824,-1.9000798498513427,1.9538829151732378,8177.0,2.0,run_0
8.426314896999884,8.522421287294824,-1.9000798498513427,1.9538829151732378,8177.0,2.0,run_0
8.429698733999885,8.522421287294824,-1.9000798498513427,1.9538829151732378,8212.0,2.0,run_0
8.430949565999981,8.532242883976178,-1.9042641642014213,1.9622461170848267,8212.0,2.0,run_0
8.431630915999904,8.532242883976178,-1.9042641642014213,1.9622461170848267,8212.0,2.0,run_0
8.435133404999988,8.532242883976178,-1.9042641642014213,1.9622461170848267,8220.0,2.0,run_0
8.43660105999993,8.542005473824606,-1.908423647969135,1.96415770609319,8220.0,2.0,run_0
8.437289033999832,8.542005473824606,-1.908423647969135,1.96415770609319,8220.0,2.0,run_0
8.440560907999952,8.542005473824606,-1.908423647969135,1.96415770609319,8192.0,2.0,run_0
8.441897272000006,8.551790082356513,-1.9125934456117923,1.9574671445639187,8192.0,2.0,run_0
8.442582685999923,8.551790082356513,-1.9125934456117923,1.9574671445639187,8192.0,2.0,run_0
8.445937691999916,8.551790082356513,-1.9125934456117923,1.9574671445639187,8187.0,2.0,run_0
8.447220522999942,8.561559625448751,-1.9167572861320124,1.9562724014336919,8187.0,2.0,run_0
8.447852274999832,8.561559625448751,-1.9167572861320124,1.9562724014336919,8187.0,2.0,run_0
8.451404585999853,8.561559625448751,-1.9167572861320124,1.9562724014336919,8214.0,2.0,run_0
8.452619450999919,8.57132058091268,-1.9209162271478162,1.9627240143369176,8214.0,2.0,run_0
8.453271361999896,8.57132058091268,-1.9209162271478162,1.9627240143369176,8214.0,2.0,run_0
8.456934260000025,8.57132058091268,-1.9209162271478162,1.9627240143369176,8210.0,2.0,run_0
8.458328606999885,8.581138791913265,-1.925097044309953,1.961768219832736,8210.0,2.0,run_0
8.45905126699995,8.581138791913265,-1.925097044309953,1.961768219832736,8210.0,2.0,run_0
8.462547675999986,8.581138791913265,-1.925097044309953,1.961768219832736,8202.0,2.0,run_0
8.46437832499987,8.590966475590914,-1.9292806195630592,1.9598566308243728,8202.0,2.0,run_0
8.46518184599995,8.590966475590914,-1.9292806195630592,1.9598566308243728,8202.0,2.0,run_0
8.467879309999944,8.590966475590914,-1.9292806195630592,1.9598566308243728,8205.0,2.0,run_0
8.469388435999917,8.600805427629654,-1.9334699630657406,1.960573476702509,8205.0,2.0,run_0
8.47012699999982,8.600805427629654,-1.9334699630657406,1.960573476702509,8205.0,2.0,run_0
8.47085317999995,8.600805427629654,-1.9334699630657406,1.960573476702509,8201.0,2.0,run_0
8.472398047999832,8.601426762685675,-1.9337345817193499,1.9596176821983273,8201.0,2.0,run_0
8.473603665999917,8.601426762685675,-1.9337345817193499,1.9596176821983273,8201.0,2.0,run_0
8.474340468999799,8.601426762685675,-1.9337345817193499,1.9596176821983273,8201.0,2.0,run_0
8.475840284000014,8.611180486505344,-1.9378882926959284,1.9596176821983273,8201.0,2.0,run_0
8.476523872999906,8.611180486505344,-1.9378882926959284,1.9596176821983273,8201.0,2.0,run_0
8.479171898999994,8.611180486505344,-1.9378882926959284,1.9596176821983273,8198.0,2.0,run_0
8.480671552999866,8.621273632855969,-1.9421853681471692,1.9589008363201912,8198.0,2.0,run_0
8.48139171799994,8.621273632855969,-1.9421853681471692,1.9589008363201912,8198.0,2.0,run_0
8.484684102999836,8.621273632855969,-1.9421853681471692,1.9589008363201912,8191.0,2.0,run_0
8.485952085999998,8.631039698670534,-1.946341844070931,1.9572281959378734,8191.0,2.0,run_0
8.486551198999905,8.631039698670534,-1.946341844070931,1.9572281959378734,8191.0,2.0,run_0
8.48996943499992,8.631039698670534,-1.946341844070931,1.9572281959378734,8191.0,2.0,run_0
8.490593122999826,8.631039698670534,-1.946341844070931,1.9572281959378734,8207.0,2.0,run_0
8.491919087999804,8.64079524549325,-1.9504929753145468,1.9610513739545998,8207.0,2.0,run_0
8.495720668999866,8.64079524549325,-1.9504929753145468,1.9610513739545998,8207.0,2.0,run_0
8.496574011999883,8.64079524549325,-1.9504929753145468,1.9610513739545998,8203.0,2.0,run_0
8.498685195000007,8.650520840698569,-1.9546303318572422,1.9600955794504182,8203.0,2.0,run_0
8.501206025999863,8.650520840698569,-1.9546303318572422,1.9600955794504182,8203.0,2.0,run_0
8.502269248999937,8.650520840698569,-1.9546303318572422,1.9600955794504182,8188.0,2.0,run_0
8.504164343999946,8.6604067363758,-1.9588340847459167,1.956511350059737,8188.0,2.0,run_0
8.50643222399981,8.6604067363758,-1.9588340847459167,1.956511350059737,8168.0,2.0,run_0
8.508128030999842,8.670256175962885,-1.963020131034242,1.951732377538829,8168.0,2.0,run_0
8.508942814999955,8.670256175962885,-1.963020131034242,1.951732377538829,8168.0,2.0,run_0
8.512172162999832,8.670256175962885,-1.963020131034242,1.951732377538829,8175.0,2.0,run_0
8.513797763999946,8.68011862324525,-1.9672102012662251,1.9534050179211468,8175.0,2.0,run_0
8.514582150000024,8.68011862324525,-1.9672102012662251,1.9534050179211468,8175.0,2.0,run_0
8.517583985999863,8.68011862324525,-1.9672102012662251,1.9534050179211468,8192.0,2.0,run_0
8.519344941999861,8.690136986112535,-1.971466390014119,1.9574671445639187,8192.0,2.0,run_0
8.520130799999833,8.690136986112535,-1.971466390014119,1.9574671445639187,8192.0,2.0,run_0
8.522953443000006,8.690136986112535,-1.971466390014119,1.9574671445639187,8192.0,2.0,run_0
8.523768803999928,8.690136986112535,-1.971466390014119,1.9574671445639187,8230.0,2.0,run_0
8.52519921299995,8.700029870207665,-1.9756703791465198,1.966547192353644,8230.0,2.0,run_0
8.525887153999975,8.700029870207665,-1.9756703791465198,1.966547192353644,8199.0,2.0,run_0
8.528190776999963,8.700553336924305,-1.9758928685653834,1.9591397849462366,8199.0,2.0,run_0
8.529531365999901,8.710375531454352,-1.9800679920757995,1.9538829151732378,8199.0,2.0,run_0
8.530220554999914,8.710375531454352,-1.9800679920757995,1.9538829151732378,8199.0,2.0,run_0
8.530899088999831,8.710375531454352,-1.9800679920757995,1.9538829151732378,8177.0,2.0,run_0
8.532001029999947,8.710375531454352,-1.9800679920757995,1.9538829151732378,8177.0,2.0,run_0
8.533943611999803,8.710375531454352,-1.9800679920757995,1.9538829151732378,8196.0,2.0,run_0
8.535302790999822,8.720110133793993,-1.98420675678114,1.9584229390681003,8196.0,2.0,run_0
8.535919438999827,8.720110133793993,-1.98420675678114,1.9584229390681003,8196.0,2.0,run_0
8.539398664999908,8.720110133793993,-1.98420675678114,1.9584229390681003,8196.0,2.0,run_0
8.540011154000013,8.720110133793993,-1.98420675678114,1.9584229390681003,8202.0,2.0,run_0
8.541178725000009,8.72980242771101,-1.9883284289418333,1.9598566308243728,8202.0,2.0,run_0
8.54469551699981,8.72980242771101,-1.9883284289418333,1.9598566308243728,8181.0,2.0,run_0
8.545936172999973,8.739458095836683,-1.9924350306943743,1.9548387096774194,8181.0,2.0,run_0
8.546549077999998,8.739458095836683,-1.9924350306943743,1.9548387096774194,8181.0,2.0,run_0
8.55007038199983,8.739458095836683,-1.9924350306943743,1.9548387096774194,8192.0,2.0,run_0
8.552387923999959,8.749193848962125,-1.9965758296139202,1.9574671445639187,8192.0,2.0,run_0
8.553070681999998,8.749193848962125,-1.9965758296139202,1.9574671445639187,8192.0,2.0,run_0
8.55556466600001,8.749193848962125,-1.9965758296139202,1.9574671445639187,8201.0,2.0,run_0
8.556988162999914,8.758985272102265,-2.000740561513333,1.9596176821983273,8201.0,2.0,run_0
8.557666760999837,8.758985272102265,-2.000740561513333,1.9596176821983273,8201.0,2.0,run_0
8.560986472999957,8.758985272102265,-2.000740561513333,1.9596176821983273,8201.0,2.0,run_0
8.562044031999903,8.758985272102265,-2.000740561513333,1.9596176821983273,8183.0,2.0,run_0
8.563338733999899,8.768746982344812,-2.0048934174445856,1.9553166069295103,8183.0,2.0,run_0
8.566334554999912,8.768746982344812,-2.0048934174445856,1.9553166069295103,8189.0,2.0,run_0
8.567594505999978,8.778526562581483,-2.0090553328645453,1.9567502986857825,8189.0,2.0,run_0
8.568298702999982,8.778526562581483,-2.0090553328645453,1.9567502986857825,8189.0,2.0,run_0
8.572099228999832,8.778526562581483,-2.0090553328645453,1.9567502986857825,8191.0,2.0,run_0
8.573585378999951,8.788259312458953,-2.0131986116023985,1.9572281959378734,8191.0,2.0,run_0
8.574309479000021,8.788259312458953,-2.0131986116023985,1.9572281959378734,8191.0,2.0,run_0
8.577581896999845,8.788259312458953,-2.0131986116023985,1.9572281959378734,8191.0,2.0,run_0
8.578335755999888,8.788259312458953,-2.0131986116023985,1.9572281959378734,8185.0,2.0,run_0
8.57983275399988,8.79839990514314,-2.0175157335890974,1.955794504181601,8185.0,2.0,run_0
8.582866172999957,8.79839990514314,-2.0175157335890974,1.955794504181601,8196.0,2.0,run_0
8.584387874999948,8.808148548110198,-2.021665203467713,1.9584229390681003,8196.0,2.0,run_0
8.585146693999832,8.808148548110198,-2.021665203467713,1.9584229390681003,8196.0,2.0,run_0
8.585818123999843,8.808148548110198,-2.021665203467713,1.9584229390681003,8184.0,2.0,run_0
8.587259347999861,8.808682064418367,-2.021892258875712,1.9555555555555555,8184.0,2.0,run_0
8.588516099999879,8.808682064418367,-2.021892258875712,1.9555555555555555,8184.0,2.0,run_0
8.592985910999914,8.818506386507737,-2.0260702394396772,1.9553166069295103,8184.0,2.0,run_0
8.593940211000017,8.818506386507737,-2.0260702394396772,1.9553166069295103,8184.0,2.0,run_0
8.594778865999842,8.818506386507737,-2.0260702394396772,1.9553166069295103,8183.0,2.0,run_0
8.597176981999837,8.828197948730537,-2.030188591998023,1.9577060931899641,8183.0,2.0,run_0
8.597930520999853,8.828197948730537,-2.030188591998023,1.9577060931899641,8183.0,2.0,run_0
8.598640668999906,8.828197948730537,-2.030188591998023,1.9577060931899641,8193.0,2.0,run_0
8.599924139999985,8.828197948730537,-2.030188591998023,1.9577060931899641,8193.0,2.0,run_0
8.600643279999986,8.828197948730537,-2.030188591998023,1.9577060931899641,8175.0,2.0,run_0
8.602074968999887,8.838144826910717,-2.0344163534023014,1.9534050179211468,8175.0,2.0,run_0
8.6052580139999,8.838144826910717,-2.0344163534023014,1.9534050179211468,8183.0,2.0,run_0
8.606638216999954,8.848199531840912,-2.0386919456746795,1.9553166069295103,8183.0,2.0,run_0
8.607369996999978,8.848199531840912,-2.0386919456746795,1.9553166069295103,8183.0,2.0,run_0
8.610623886999974,8.848199531840912,-2.0386919456746795,1.9553166069295103,8255.0,2.0,run_0
8.611958523999874,8.85817436454319,-2.0429348919029584,1.972520908004779,8255.0,2.0,run_0
8.612983443999838,8.85817436454319,-2.0429348919029584,1.972520908004779,8255.0,2.0,run_0
8.61602943899993,8.85817436454319,-2.0429348919029584,1.972520908004779,8291.0,2.0,run_0
8.61730132599996,8.868162474630838,-2.0471833398775847,1.9811230585424133,8291.0,2.0,run_0
8.617934453999851,8.868162474630838,-2.0471833398775847,1.9811230585424133,8291.0,2.0,run_0
8.621852414999921,8.868162474630838,-2.0471833398775847,1.9811230585424133,8196.0,2.0,run_0
8.62349699099991,8.877923625354303,-2.0513338206418332,1.9584229390681003,8196.0,2.0,run_0
8.624205859999847,8.877923625354303,-2.0513338206418332,1.9584229390681003,8196.0,2.0,run_0
8.627158481999913,8.877923625354303,-2.0513338206418332,1.9584229390681003,8196.0,2.0,run_0
8.627888821999932,8.877923625354303,-2.0513338206418332,1.9584229390681003,8169.0,2.0,run_0
8.62919353899997,8.887710281062091,-2.055493847074384,1.9519713261648746,8169.0,2.0,run_0
8.63246710899989,8.887710281062091,-2.055493847074384,1.9519713261648746,8169.0,2.0,run_0
8.633116139999856,8.887710281062091,-2.055493847074384,1.9519713261648746,8197.0,2.0,run_0
8.634377659999927,8.897508311462667,-2.0596587640596264,1.9586618876941457,8197.0,2.0,run_0
8.637766072999966,8.897508311462667,-2.0596587640596264,1.9586618876941457,8219.0,2.0,run_0
8.639223872999992,8.90730529659494,-2.0638240043859217,1.9639187574671446,8219.0,2.0,run_0
8.639986402999966,8.90730529659494,-2.0638240043859217,1.9639187574671446,8219.0,2.0,run_0
8.643305602999817,8.90730529659494,-2.0638240043859217,1.9639187574671446,8198.0,2.0,run_0
8.644682445999933,8.917127525648851,-2.0680006902672354,1.9589008363201912,8198.0,2.0,run_0
8.645352340999807,8.917127525648851,-2.0680006902672354,1.9589008363201912,8198.0,2.0,run_0
8.645978139999897,8.917127525648851,-2.0680006902672354,1.9589008363201912,8184.0,2.0,run_0
8.64733533599997,8.917680165661231,-2.0682357098668582,1.9555555555555555,8184.0,2.0,run_0
8.647992110999894,8.917680165661231,-2.0682357098668582,1.9555555555555555,8184.0,2.0,run_0
8.64909350799985,8.917680165661231,-2.0682357098668582,1.9555555555555555,8184.0,2.0,run_0
8.649833896000018,8.917680165661231,-2.0682357098668582,1.9555555555555555,8200.0,2.0,run_0
8.652199756999835,8.927297203878457,-2.0723254334904055,1.9593787335722819,8200.0,2.0,run_0
8.654332825999973,8.927297203878457,-2.0723254334904055,1.9593787335722819,8202.0,2.0,run_0
8.655674310999984,8.937093198818078,-2.0764902621611605,1.9598566308243728,8202.0,2.0,run_0
8.656334956999899,8.937093198818078,-2.0764902621611605,1.9598566308243728,8202.0,2.0,run_0
8.659858628999928,8.937093198818078,-2.0764902621611605,1.9598566308243728,8178.0,2.0,run_0
8.661423848999902,8.946916370731422,-2.080664979088523,1.9541218637992832,8178.0,2.0,run_0
8.662046320999934,8.946916370731422,-2.080664979088523,1.9541218637992832,8178.0,2.0,run_0
8.665210806999994,8.946916370731422,-2.080664979088523,1.9541218637992832,8189.0,2.0,run_0
8.666426631999911,8.956746628051318,-2.0848414789441523,1.9567502986857825,8189.0,2.0,run_0
8.66702817700002,8.956746628051318,-2.0848414789441523,1.9567502986857825,8189.0,2.0,run_0
8.671610559999863,8.956746628051318,-2.0848414789441523,1.9567502986857825,8202.0,2.0,run_0
8.673039689000007,8.966566636976644,-2.0890131382614654,1.9598566308243728,8202.0,2.0,run_0
8.673753613999907,8.966566636976644,-2.0890131382614654,1.9598566308243728,8202.0,2.0,run_0
8.67625626899985,8.966566636976644,-2.0890131382614654,1.9598566308243728,8187.0,2.0,run_0
8.677660758999991,8.976363065649123,-2.0931747051196825,1.9562724014336919,8187.0,2.0,run_0
8.679144638000025,8.976363065649123,-2.0931747051196825,1.9562724014336919,8187.0,2.0,run_0
8.68170076299998,8.976363065649123,-2.0931747051196825,1.9562724014336919,8196.0,2.0,run_0
8.68391821399996,8.986163846616202,-2.097337679963155,1.9584229390681003,8196.0,2.0,run_0
8.68470256799992,8.986163846616202,-2.097337679963155,1.9584229390681003,8196.0,2.0,run_0
8.687144232999799,8.986163846616202,-2.097337679963155,1.9584229390681003,8198.0,2.0,run_0
8.688640495999834,8.996002667136928,-2.101516033052324,1.9589008363201912,8198.0,2.0,run_0
8.690066232999925,8.996002667136928,-2.101516033052324,1.9589008363201912,8198.0,2.0,run_0
8.692717170999913,8.996002667136928,-2.101516033052324,1.9589008363201912,8187.0,2.0,run_0
8.69427256699987,9.00587708407246,-2.105708869526802,1.9562724014336919,8187.0,2.0,run_0
8.695041720999825,9.00587708407246,-2.105708869526802,1.9562724014336919,8187.0,2.0,run_0
8.698387223999816,9.00587708407246,-2.105708869526802,1.9562724014336919,8204.0,2.0,run_0
8.701232138000023,9.015832452783318,-2.1099367405269627,1.9603345280764635,8204.0,2.0,run_0
8.702126248000013,9.015832452783318,-2.1099367405269627,1.9603345280764635,8204.0,2.0,run_0
8.702879306999876,9.015832452783318,-2.1099367405269627,1.9603345280764635,8200.0,2.0,run_0
8.704485420999845,9.016535859335363,-2.1102356567017537,1.9593787335722819,8200.0,2.0,run_0
8.705281325999977,9.016535859335363,-2.1102356567017537,1.9593787335722819,8200.0,2.0,run_0
8.706075055999918,9.016535859335363,-2.1102356567017537,1.9593787335722819,8079.0,2.0,run_0
8.707694288999846,9.02611510160687,-2.1143098587900404,1.9304659498207886,8079.0,2.0,run_0
8.708427348999976,9.02611510160687,-2.1143098587900404,1.9304659498207886,8079.0,2.0,run_0
8.709617127000001,9.02611510160687,-2.1143098587900404,1.9304659498207886,8079.0,2.0,run_0
8.710324012000001,9.02611510160687,-2.1143098587900404,1.9304659498207886,8059.0,2.0,run_0
8.711725237999872,9.035916239108433,-2.1184810468346167,1.9256869772998806,8059.0,2.0,run_0
8.714906138999822,9.035916239108433,-2.1184810468346167,1.9256869772998806,8116.0,2.0,run_0
8.716334371999892,9.045525559937346,-2.122571135072309,1.9393070489844684,8116.0,2.0,run_0
8.716982762999805,9.045525559937346,-2.122571135072309,1.9393070489844684,8116.0,2.0,run_0
8.720209166999894,9.045525559937346,-2.122571135072309,1.9393070489844684,8258.0,2.0,run_0
8.721559450999848,9.055377894999664,-2.126763213597699,1.9732377538829151,8258.0,2.0,run_0
8.722198337999998,9.055377894999664,-2.126763213597699,1.9732377538829151,8258.0,2.0,run_0
8.725634813999932,9.055377894999664,-2.126763213597699,1.9732377538829151,8207.0,2.0,run_0
8.727102052999953,9.065306180993138,-2.1309859850767814,1.9610513739545998,8207.0,2.0,run_0
8.727870662999976,9.065306180993138,-2.1309859850767814,1.9610513739545998,8207.0,2.0,run_0
8.731425117999834,9.065306180993138,-2.1309859850767814,1.9610513739545998,8207.0,2.0,run_0
8.732212703999949,9.065306180993138,-2.1309859850767814,1.9610513739545998,8157.0,2.0,run_0
8.73359556299988,9.075073551527286,-2.135140128350277,1.9491039426523298,8157.0,2.0,run_0
8.73668933099998,9.075073551527286,-2.135140128350277,1.9491039426523298,8159.0,2.0,run_0
8.738076509999928,9.084867726300269,-2.139306754165429,1.9495818399044205,8159.0,2.0,run_0
8.738714532999893,9.084867726300269,-2.139306754165429,1.9495818399044205,8159.0,2.0,run_0
8.7420125499998,9.084867726300269,-2.139306754165429,1.9495818399044205,8205.0,2.0,run_0
8.743377233999809,9.094698221624265,-2.143490495227383,1.960573476702509,8205.0,2.0,run_0
8.744026775999828,9.094698221624265,-2.143490495227383,1.960573476702509,8205.0,2.0,run_0
8.747458515999824,9.094698221624265,-2.143490495227383,1.960573476702509,8193.0,2.0,run_0
8.748948218999885,9.104470426455421,-2.147650842364576,1.9577060931899641,8193.0,2.0,run_0
8.749803001999908,9.104470426455421,-2.147650842364576,1.9577060931899641,8193.0,2.0,run_0
8.752907521999987,9.104470426455421,-2.147650842364576,1.9577060931899641,8166.0,2.0,run_0
8.754545890999907,9.114156645817278,-2.1517749275555227,1.9512544802867384,8166.0,2.0,run_0
8.75535584399995,9.114156645817278,-2.1517749275555227,1.9512544802867384,8166.0,2.0,run_0
8.756079591999878,9.114156645817278,-2.1517749275555227,1.9512544802867384,8183.0,2.0,run_0
8.757431955999891,9.114674638237828,-2.1519954619923656,1.9553166069295103,8183.0,2.0,run_0
8.758638308999934,9.114674638237828,-2.1519954619923656,1.9553166069295103,8183.0,2.0,run_0
8.759384839999939,9.114674638237828,-2.1519954619923656,1.9553166069295103,8199.0,2.0,run_0
8.760756403999949,9.124444225848142,-2.1561514027774997,1.9591397849462366,8199.0,2.0,run_0
8.761410361999879,9.124444225848142,-2.1561514027774997,1.9591397849462366,8199.0,2.0,run_0
8.764006741999992,9.124444225848142,-2.1561514027774997,1.9591397849462366,8179.0,2.0,run_0
8.765508827999838,9.134128639172351,-2.1602663147538497,1.9543608124253287,8179.0,2.0,run_0
8.766229344999829,9.134128639172351,-2.1602663147538497,1.9543608124253287,8179.0,2.0,run_0
8.769536416999927,9.134128639172351,-2.1602663147538497,1.9543608124253287,8184.0,2.0,run_0
8.77111446799995,9.143966337241503,-2.16444543132436,1.9555555555555555,8184.0,2.0,run_0
8.771910724999998,9.143966337241503,-2.16444543132436,1.9555555555555555,8184.0,2.0,run_0
8.775020110000014,9.143966337241503,-2.16444543132436,1.9555555555555555,8185.0,2.0,run_0
8.77655761799997,9.153908811076935,-2.1686711195296797,1.955794504181601,8185.0,2.0,run_0
8.777299413999799,9.153908811076935,-2.1686711195296797,1.955794504181601,8185.0,2.0,run_0
8.780497177999905,9.153908811076935,-2.1686711195296797,1.955794504181601,8173.0,2.0,run_0
8.781980800999918,9.163830469035977,-2.172890752898711,1.9529271206690562,8173.0,2.0,run_0
8.782752099999925,9.163830469035977,-2.172890752898711,1.9529271206690562,8173.0,2.0,run_0
8.785976871000003,9.163830469035977,-2.172890752898711,1.9529271206690562,8185.0,2.0,run_0
8.787550634999889,9.17366346103615,-2.1770741995225174,1.955794504181601,8185.0,2.0,run_0
8.788333899999998,9.17366346103615,-2.1770741995225174,1.955794504181601,8185.0,2.0,run_0
8.791565967999986,9.17366346103615,-2.1770741995225174,1.955794504181601,8179.0,2.0,run_0
8.792814975999818,9.17366346103615,-2.1770741995225174,1.955794504181601,8179.0,2.0,run_0
8.794396802999927,9.183569012081275,-2.1812884949683204,1.9543608124253287,8179.0,2.0,run_0
8.798506979999956,9.193525627081446,-2.185523682762412,1.954599761051374,8179.0,2.0,run_0
8.799307652999914,9.193525627081446,-2.185523682762412,1.954599761051374,8179.0,2.0,run_0
8.80000426599986,9.193525627081446,-2.185523682762412,1.954599761051374,8180.0,2.0,run_0
8.80870633099994,9.193525627081446,-2.185523682762412,1.954599761051374,8171.0,2.0,run_0
8.810309980999818,9.213349367831118,-2.1939555841369884,1.9524492234169653,8171.0,2.0,run_0
8.811034049,9.213349367831118,-2.1939555841369884,1.9524492234169653,8171.0,2.0,run_0
8.81222709099984,9.213349367831118,-2.1939555841369884,1.9524492234169653,8169.0,2.0,run_0
8.813551232000009,9.213934512177273,-2.194204565489935,1.9519713261648746,8169.0,2.0,run_0
8.81418570400001,9.213934512177273,-2.194204565489935,1.9519713261648746,8169.0,2.0,run_0
8.815478197999937,9.223406750727948,-2.1982362931216994,1.9531660692951016,8169.0,2.0,run_0
8.816106814000022,9.223406750727948,-2.1982362931216994,1.9531660692951016,8169.0,2.0,run_0
8.816735844999812,9.223406750727948,-2.1982362931216994,1.9531660692951016,8174.0,2.0,run_0
8.82001383099987,9.233178907172615,-2.202395584251593,1.9663082437275985,8174.0,2.0,run_0
8.820766282000022,9.233178907172615,-2.202395584251593,1.9663082437275985,8174.0,2.0,run_0
8.821970299999975,9.233178907172615,-2.202395584251593,1.9663082437275985,8229.0,2.0,run_0
8.823351781999918,9.233600386872025,-2.202574949520922,1.9682198327359617,8229.0,2.0,run_0
8.82398529399984,9.233600386872025,-2.202574949520922,1.9682198327359617,8229.0,2.0,run_0
8.824619988999984,9.233600386872025,-2.202574949520922,1.9682198327359617,8237.0,2.0,run_0
8.825901475999899,9.243053151421098,-2.2065965460760277,1.9553166069295103,8237.0,2.0,run_0
8.826527307999868,9.243053151421098,-2.2065965460760277,1.9553166069295103,8237.0,2.0,run_0
8.827121844999965,9.243053151421098,-2.2065965460760277,1.9553166069295103,8183.0,2.0,run_0
8.830488435000007,9.243053151421098,-2.2065965460760277,1.9553166069295103,8183.0,2.0,run_0
8.83125746199994,9.243053151421098,-2.2065965460760277,1.9553166069295103,8182.0,2.0,run_0
8.833073583999976,9.252784732729417,-2.210736210394365,1.9550776583034648,8182.0,2.0,run_0
8.835378550999849,9.252784732729417,-2.210736210394365,1.9550776583034648,8182.0,2.0,run_0
8.836103130999845,9.252784732729417,-2.210736210394365,1.9550776583034648,8201.0,2.0,run_0
8.837843415999941,9.262426111716689,-2.214837810511458,1.9596176821983273,8201.0,2.0,run_0
8.840675018999946,9.262426111716689,-2.214837810511458,1.9596176821983273,8183.0,2.0,run_0
8.842222191000019,9.27208729004811,-2.218947602658982,1.9553166069295103,8183.0,2.0,run_0
8.842901460999883,9.27208729004811,-2.218947602658982,1.9553166069295103,8183.0,2.0,run_0
8.84591280099994,9.27208729004811,-2.218947602658982,1.9553166069295103,8180.0,2.0,run_0
8.847522594999873,9.281688568540249,-2.2230306698745905,1.954599761051374,8180.0,2.0,run_0
8.848218727999893,9.281688568540249,-2.2230306698745905,1.954599761051374,8180.0,2.0,run_0
8.851299408999921,9.281688568540249,-2.2230306698745905,1.954599761051374,8188.0,2.0,run_0
8.852650109000024,9.291292212475089,-2.2271134556093073,1.956511350059737,8188.0,2.0,run_0
8.853302627999938,9.291292212475089,-2.2271134556093073,1.956511350059737,8188.0,2.0,run_0
8.856738174999919,9.291292212475089,-2.2271134556093073,1.956511350059737,8191.0,2.0,run_0
8.858343104999904,9.300902083174071,-2.2311977654074107,1.9572281959378734,8191.0,2.0,run_0
8.859259517999817,9.300902083174071,-2.2311977654074107,1.9572281959378734,8191.0,2.0,run_0
8.862152718999823,9.300902083174071,-2.2311977654074107,1.9572281959378734,8195.0,2.0,run_0
8.863527609999892,9.300902083174071,-2.2311977654074107,1.9572281959378734,8195.0,2.0,run_0
8.865059101999805,9.310598869627105,-2.235318247551315,1.958183990442055,8195.0,2.0,run_0
8.867861361999985,9.310598869627105,-2.235318247551315,1.958183990442055,8195.0,2.0,run_0
8.869424693999918,9.310598869627105,-2.235318247551315,1.958183990442055,8181.0,2.0,run_0
8.87093065199997,9.320410313661677,-2.2394877087351603,1.9548387096774194,8181.0,2.0,run_0
8.873308768000015,9.320410313661677,-2.2394877087351603,1.9548387096774194,8181.0,2.0,run_0
8.874047236000024,9.320410313661677,-2.2394877087351603,1.9548387096774194,8190.0,2.0,run_0
8.875080539999999,9.320410313661677,-2.2394877087351603,1.9548387096774194,8198.0,2.0,run_0
8.876372585999889,9.330266436377517,-2.243677289895178,1.956989247311828,8198.0,2.0,run_0
8.877546396999833,9.330908592852742,-2.2439503005485686,1.9589008363201912,8198.0,2.0,run_0
8.878855338999983,9.330908592852742,-2.2439503005485686,1.9589008363201912,8198.0,2.0,run_0
8.87972592899996,9.330908592852742,-2.2439503005485686,1.9589008363201912,8183.0,2.0,run_0
8.88126459,9.340673911767766,-2.248103144833485,1.9553166069295103,8183.0,2.0,run_0
8.881956498999898,9.340673911767766,-2.248103144833485,1.9553166069295103,8183.0,2.0,run_0
8.88488518600002,9.3502913777207,-2.252196705015567,1.9574671445639187,8183.0,2.0,run_0
8.885751168999832,9.3502913777207,-2.252196705015567,1.9574671445639187,8183.0,2.0,run_0
8.886470372999838,9.3502913777207,-2.252196705015567,1.9574671445639187,8192.0,2.0,run_0
8.889713255999823,9.3502913777207,-2.252196705015567,1.9574671445639187,8196.0,2.0,run_0
8.891369863999898,9.360112715113624,-2.2563797142627013,1.9584229390681003,8196.0,2.0,run_0
8.89211988299985,9.360112715113624,-2.2563797142627013,1.9584229390681003,8196.0,2.0,run_0
8.89592907999986,9.369905747235661,-2.2605496979166175,1.9543608124253287,8196.0,2.0,run_0
8.896778039999845,9.369905747235661,-2.2605496979166175,1.9543608124253287,8196.0,2.0,run_0
8.897387519999938,9.369905747235661,-2.2605496979166175,1.9543608124253287,8179.0,2.0,run_0
8.901662906999945,9.379906661214022,-2.264805980048182,1.956511350059737,8179.0,2.0,run_0
8.902336417000015,9.379906661214022,-2.264805980048182,1.956511350059737,8179.0,2.0,run_0
8.903490740999814,9.379906661214022,-2.264805980048182,1.956511350059737,8188.0,2.0,run_0
8.906662842999822,9.389765303305152,-2.2690010273102135,1.9471923536439666,8188.0,2.0,run_0
8.907854028999964,9.389765303305152,-2.2690010273102135,1.9471923536439666,8188.0,2.0,run_0
8.908547794000015,9.389765303305152,-2.2690010273102135,1.9471923536439666,8149.0,2.0,run_0
8.912162022999837,9.399558644049284,-2.273169587833575,1.9500597371565114,8149.0,2.0,run_0
8.913278107999986,9.399558644049284,-2.273169587833575,1.9500597371565114,8149.0,2.0,run_0
8.91392141099982,9.399558644049284,-2.273169587833575,1.9500597371565114,8161.0,2.0,run_0
8.917530424000006,9.409369678927678,-2.2773471644387095,1.956511350059737,8161.0,2.0,run_0
8.918643244999885,9.409369678927678,-2.2773471644387095,1.956511350059737,8161.0,2.0,run_0
8.919317554999907,9.409369678927678,-2.2773471644387095,1.956511350059737,8188.0,2.0,run_0
8.922369053000011,9.409369678927678,-2.2773471644387095,1.956511350059737,8216.0,2.0,run_0
8.923563118999937,9.419228393782404,-2.2815456064876134,1.9632019115890083,8216.0,2.0,run_0
8.924156567999944,9.419228393782404,-2.2815456064876134,1.9632019115890083,8216.0,2.0,run_0
8.927789163999932,9.419228393782404,-2.2815456064876134,1.9632019115890083,8176.0,2.0,run_0
8.92912696899998,9.428965749089993,-2.285691491720154,1.9536439665471923,8176.0,2.0,run_0
8.929785182999922,9.428965749089993,-2.285691491720154,1.9536439665471923,8176.0,2.0,run_0
8.93334773399988,9.428965749089993,-2.285691491720154,1.9536439665471923,8174.0,2.0,run_0
8.934775166999998,9.438880844341398,-2.289910767271571,1.9531660692951016,8174.0,2.0,run_0
8.935569279999982,9.438880844341398,-2.289910767271571,1.9531660692951016,8174.0,2.0,run_0
8.936231206999992,9.438880844341398,-2.289910767271571,1.9531660692951016,8196.0,2.0,run_0
8.937654191999854,9.439480398942699,-2.2901658187828646,1.9584229390681003,8196.0,2.0,run_0
8.93831330199987,9.439480398942699,-2.2901658187828646,1.9584229390681003,8196.0,2.0,run_0
8.939819419999822,9.449135935092412,-2.294271589042528,1.9567502986857825,8196.0,2.0,run_0
8.940523648999942,9.449135935092412,-2.294271589042528,1.9567502986857825,8196.0,2.0,run_0
8.941178407999814,9.449135935092412,-2.294271589042528,1.9567502986857825,8189.0,2.0,run_0
8.944416650999983,9.449135935092412,-2.294271589042528,1.9567502986857825,8188.0,2.0,run_0
8.945767638999996,9.45897675409611,-2.298454957899714,1.956511350059737,8188.0,2.0,run_0
8.946455611999909,9.45897675409611,-2.298454957899714,1.956511350059737,8188.0,2.0,run_0
8.949891351999895,9.45897675409611,-2.298454957899714,1.956511350059737,8193.0,2.0,run_0
8.951060810999934,9.468858653511495,-2.3026576618572796,1.9577060931899641,8193.0,2.0,run_0
8.951739472999861,9.468858653511495,-2.3026576618572796,1.9577060931899641,8193.0,2.0,run_0
8.955384163999952,9.468858653511495,-2.3026576618572796,1.9577060931899641,8184.0,2.0,run_0
8.956640403999927,9.478664866844936,-2.3068302291368847,1.9555555555555555,8184.0,2.0,run_0
8.95727666699986,9.478664866844936,-2.3068302291368847,1.9555555555555555,8184.0,2.0,run_0
8.961142149999887,9.478664866844936,-2.3068302291368847,1.9555555555555555,8191.0,2.0,run_0
8.962823748999881,9.488469595885283,-2.311003011522077,1.9572281959378734,8191.0,2.0,run_0
8.963682659999904,9.488469595885283,-2.311003011522077,1.9572281959378734,8191.0,2.0,run_0
8.9663557089998,9.488469595885283,-2.311003011522077,1.9572281959378734,8184.0,2.0,run_0
8.967828420999922,9.498416675560104,-2.315236402988303,1.9555555555555555,8184.0,2.0,run_0
8.96856167199985,9.498416675560104,-2.315236402988303,1.9555555555555555,8184.0,2.0,run_0
8.972136541999816,9.498416675560104,-2.315236402988303,1.9555555555555555,8184.0,2.0,run_0
8.972954430999835,9.498416675560104,-2.315236402988303,1.9555555555555555,8183.0,2.0,run_0
8.974443589999964,9.508259660603116,-2.3194251728690682,1.9553166069295103,8183.0,2.0,run_0
8.977450321999868,9.508259660603116,-2.3194251728690682,1.9553166069295103,8199.0,2.0,run_0
8.979092177999974,9.518248664148459,-2.323675806698291,1.9591397849462366,8199.0,2.0,run_0
8.979902898999853,9.518248664148459,-2.323675806698291,1.9591397849462366,8199.0,2.0,run_0
8.982899998999983,9.518248664148459,-2.323675806698291,1.9591397849462366,8190.0,2.0,run_0
8.984557887999927,9.528173725696021,-2.327900099510431,1.956989247311828,8190.0,2.0,run_0
8.985310850999895,9.528173725696021,-2.327900099510431,1.956989247311828,8190.0,2.0,run_0
8.986367193999968,9.528173725696021,-2.327900099510431,1.956989247311828,8187.0,2.0,run_0
8.988137397999935,9.528603493052675,-2.32808310438135,1.9562724014336919,8187.0,2.0,run_0
8.989381317999914,9.538329312451449,-2.3322262124149873,1.9589008363201912,8187.0,2.0,run_0
8.990003118000004,9.538329312451449,-2.3322262124149873,1.9589008363201912,8187.0,2.0,run_0
8.990662323999913,9.538329312451449,-2.3322262124149873,1.9589008363201912,8198.0,2.0,run_0
8.991841702999864,9.538329312451449,-2.3322262124149873,1.9589008363201912,8198.0,2.0,run_0
8.993823801999952,9.538329312451449,-2.3322262124149873,1.9589008363201912,8185.0,2.0,run_0
8.995517784999947,9.547991831704456,-2.3363424418858814,1.955794504181601,8185.0,2.0,run_0
8.997218230999806,9.547991831704456,-2.3363424418858814,1.955794504181601,8185.0,2.0,run_0
8.99951254299981,9.547991831704456,-2.3363424418858814,1.955794504181601,8189.0,2.0,run_0
9.000791245999835,9.547991831704456,-2.3363424418858814,1.955794504181601,8189.0,2.0,run_0
9.002189559999806,9.557836686345139,-2.34053469527517,1.9567502986857825,8189.0,2.0,run_0
9.004925517999936,9.557836686345139,-2.34053469527517,1.9567502986857825,8195.0,2.0,run_0
9.00623170799986,9.56772077635997,-2.3447419821811186,1.958183990442055,8195.0,2.0,run_0
9.007598790999964,9.56772077635997,-2.3447419821811186,1.958183990442055,8195.0,2.0,run_0
9.010620146999827,9.56772077635997,-2.3447419821811186,1.958183990442055,8235.0,2.0,run_0
9.011960318999854,9.578080516782112,-2.349152010837083,1.967741935483871,8235.0,2.0,run_0
9.012659492000012,9.578080516782112,-2.349152010837083,1.967741935483871,8235.0,2.0,run_0
9.017878106999888,9.578080516782112,-2.349152010837083,1.967741935483871,8267.0,2.0,run_0
9.019987369999853,9.588390858681583,-2.3535425445525626,1.9753882915173238,8267.0,2.0,run_0
9.02082842499999,9.588390858681583,-2.3535425445525626,1.9753882915173238,8267.0,2.0,run_0
9.023540352999817,9.588390858681583,-2.3535425445525626,1.9753882915173238,8227.0,2.0,run_0
9.025157185999888,9.600663571472277,-2.358768900676364,1.9658303464755078,8227.0,2.0,run_0
9.025909988999956,9.600663571472277,-2.358768900676364,1.9658303464755078,8227.0,2.0,run_0
9.026544428999841,9.600663571472277,-2.358768900676364,1.9658303464755078,8168.0,2.0,run_0
9.027784252999936,9.60133374109692,-2.3590542518424815,1.951732377538829,8168.0,2.0,run_0
9.029374943999983,9.611269963580943,-2.3632822275053655,1.9572281959378734,8168.0,2.0,run_0
9.030036485999972,9.611269963580943,-2.3632822275053655,1.9572281959378734,8168.0,2.0,run_0
9.030647118999923,9.611269963580943,-2.3632822275053655,1.9572281959378734,8191.0,2.0,run_0
9.031733188999851,9.611269963580943,-2.3632822275053655,1.9572281959378734,8191.0,2.0,run_0
9.034453243999906,9.611269963580943,-2.3632822275053655,1.9572281959378734,8219.0,2.0,run_0
9.035897603999956,9.621013512498646,-2.367426028882326,1.9639187574671446,8219.0,2.0,run_0
9.03653508399998,9.621013512498646,-2.367426028882326,1.9639187574671446,8219.0,2.0,run_0
9.04041640599985,9.621013512498646,-2.367426028882326,1.9639187574671446,8199.0,2.0,run_0
9.041876445999833,9.631815460775885,-2.372021487563617,1.9591397849462366,8199.0,2.0,run_0
9.042541955999923,9.631815460775885,-2.372021487563617,1.9591397849462366,8199.0,2.0,run_0
9.04627096399986,9.631815460775885,-2.372021487563617,1.9591397849462366,8188.0,2.0,run_0
9.047730811999827,9.64243569737512,-2.376541505461882,1.956511350059737,8188.0,2.0,run_0
9.048388099000022,9.64243569737512,-2.376541505461882,1.956511350059737,8188.0,2.0,run_0
9.051669795999942,9.64243569737512,-2.376541505461882,1.956511350059737,8199.0,2.0,run_0
9.0530899339999,9.652286485108215,-2.3807357354411485,1.9591397849462366,8199.0,2.0,run_0
9.05382728099994,9.652286485108215,-2.3807357354411485,1.9591397849462366,8199.0,2.0,run_0
9.057290091999903,9.652286485108215,-2.3807357354411485,1.9591397849462366,8201.0,2.0,run_0
9.058758291000004,9.662298548142624,-2.3849997983420357,1.9596176821983273,8201.0,2.0,run_0
9.059605585999861,9.662298548142624,-2.3849997983420357,1.9596176821983273,8201.0,2.0,run_0
9.062870931999896,9.662298548142624,-2.3849997983420357,1.9596176821983273,8199.0,2.0,run_0
9.064459222999858,9.672372268191403,-2.3892903883078147,1.9591397849462366,8199.0,2.0,run_0
9.065151676999903,9.672372268191403,-2.3892903883078147,1.9591397849462366,8199.0,2.0,run_0
9.06581366699993,9.672372268191403,-2.3892903883078147,1.9591397849462366,8205.0,2.0,run_0
9.067115536999836,9.673044517977642,-2.3895767090701385,1.960573476702509,8205.0,2.0,run_0
9.06866008499992,9.673044517977642,-2.3895767090701385,1.960573476702509,8205.0,2.0,run_0
9.070055679000006,9.683110489707758,-2.3938641665154785,1.9589008363201912,8205.0,2.0,run_0
9.07102408999981,9.683110489707758,-2.3938641665154785,1.9589008363201912,8205.0,2.0,run_0
9.071863162,9.683110489707758,-2.3938641665154785,1.9589008363201912,8198.0,2.0,run_0
9.074633262999896,9.683110489707758,-2.3938641665154785,1.9589008363201912,8198.0,2.0,run_0
9.075536491999856,9.683110489707758,-2.3938641665154785,1.9589008363201912,8202.0,2.0,run_0
9.077038513999923,9.693057376732053,-2.3981018715401676,1.9598566308243728,8202.0,2.0,run_0
9.080091292999896,9.693057376732053,-2.3981018715401676,1.9598566308243728,8202.0,2.0,run_0
9.080774433999977,9.693057376732053,-2.3981018715401676,1.9598566308243728,8200.0,2.0,run_0
9.082022225999935,9.703170973439995,-2.4024121641414613,1.9593787335722819,8200.0,2.0,run_0
9.08561946299983,9.703170973439995,-2.4024121641414613,1.9593787335722819,8200.0,2.0,run_0
9.086358378999876,9.703170973439995,-2.4024121641414613,1.9593787335722819,8186.0,2.0,run_0
9.087814866999906,9.713094546455581,-2.4066418421356417,1.9560334528076464,8186.0,2.0,run_0
9.091400808999879,9.713094546455581,-2.4066418421356417,1.9560334528076464,8200.0,2.0,run_0
9.093119333999994,9.723060642592396,-2.410888356506497,1.9593787335722819,8200.0,2.0,run_0
9.093925510999952,9.723060642592396,-2.410888356506497,1.9593787335722819,8200.0,2.0,run_0
9.096959569999854,9.723060642592396,-2.410888356506497,1.9593787335722819,8201.0,2.0,run_0
9.098768556999858,9.733333915072231,-2.4152641937747186,1.9596176821983273,8201.0,2.0,run_0
9.09972163999987,9.733333915072231,-2.4152641937747186,1.9596176821983273,8201.0,2.0,run_0
9.102575673999809,9.733333915072231,-2.4152641937747186,1.9596176821983273,8191.0,2.0,run_0
9.104311574999883,9.743501386244272,-2.419593649013986,1.9572281959378734,8191.0,2.0,run_0
9.105052601999887,9.743501386244272,-2.419593649013986,1.9572281959378734,8191.0,2.0,run_0
9.107962921999842,9.743501386244272,-2.419593649013986,1.9572281959378734,8189.0,2.0,run_0
9.10931922199984,9.753588192032662,-2.4238871818775034,1.9567502986857825,8189.0,2.0,run_0
9.109987291999914,9.753588192032662,-2.4238871818775034,1.9567502986857825,8189.0,2.0,run_0
9.110593412999833,9.753588192032662,-2.4238871818775034,1.9567502986857825,8234.0,2.0,run_0
9.11189249899985,9.7542229904103,-2.4241573314996585,1.9675029868578255,8234.0,2.0,run_0
9.113751402999924,9.7542229904103,-2.4241573314996585,1.9675029868578255,8234.0,2.0,run_0
9.116281288999971,9.764337068219909,-2.42846029313278,1.9732377538829151,8234.0,2.0,run_0
9.116995981999935,9.764337068219909,-2.42846029313278,1.9732377538829151,8234.0,2.0,run_0
9.117666035999946,9.764337068219909,-2.42846029313278,1.9732377538829151,8258.0,2.0,run_0
9.119353522999972,9.764337068219909,-2.42846029313278,1.9732377538829151,8243.0,2.0,run_0
9.120746460999953,9.77419732920339,-2.4326539314268953,1.9696535244922342,8243.0,2.0,run_0
9.12146854499997,9.77419732920339,-2.4326539314268953,1.9696535244922342,8243.0,2.0,run_0
9.124802656999918,9.77419732920339,-2.4326539314268953,1.9696535244922342,8193.0,2.0,run_0
9.1261067989999,9.784186972156462,-2.436902932652242,1.9577060931899641,8193.0,2.0,run_0
9.12674222999999,9.784186972156462,-2.436902932652242,1.9577060931899641,8193.0,2.0,run_0
9.130311916999972,9.784186972156462,-2.436902932652242,1.9577060931899641,8196.0,2.0,run_0
9.132949990999805,9.794106079908406,-2.4411233061643416,1.9584229390681003,8196.0,2.0,run_0
9.133686953999813,9.794106079908406,-2.4411233061643416,1.9584229390681003,8196.0,2.0,run_0
9.136087981999935,9.794106079908406,-2.4411233061643416,1.9584229390681003,8230.0,2.0,run_0
9.137643185999877,9.804101914044534,-2.445377699861831,1.966547192353644,8230.0,2.0,run_0
9.138384180999992,9.804101914044534,-2.445377699861831,1.966547192353644,8230.0,2.0,run_0
9.14154581899993,9.804101914044534,-2.445377699861831,1.966547192353644,8202.0,2.0,run_0
9.143035937999912,9.814297991184091,-2.4497172354031105,1.9598566308243728,8202.0,2.0,run_0
9.14376352599993,9.814297991184091,-2.4497172354031105,1.9598566308243728,8202.0,2.0,run_0
9.147163395000007,9.814297991184091,-2.4497172354031105,1.9598566308243728,8202.0,2.0,run_0
9.1479947549999,9.814297991184091,-2.4497172354031105,1.9598566308243728,8185.0,2.0,run_0
9.149546567000016,9.824153302580944,-2.4539107281865187,1.955794504181601,8185.0,2.0,run_0
9.152835207999942,9.824153302580944,-2.4539107281865187,1.955794504181601,8185.0,2.0,run_0
9.153689446999806,9.824153302580944,-2.4539107281865187,1.955794504181601,8204.0,2.0,run_0
9.155239243999858,9.834085926793293,-2.4581364632867726,1.9603345280764635,8204.0,2.0,run_0
9.15861892099997,9.834085926793293,-2.4581364632867726,1.9603345280764635,8207.0,2.0,run_0
9.160301511999933,9.844144858327807,-2.4624160107374298,1.9610513739545998,8207.0,2.0,run_0
9.160985965999998,9.844144858327807,-2.4624160107374298,1.9610513739545998,8207.0,2.0,run_0
9.161619573999815,9.844144858327807,-2.4624160107374298,1.9610513739545998,8194.0,2.0,run_0
9.163023327000019,9.844753937439366,-2.4626751559279305,1.9579450418160096,8194.0,2.0,run_0
9.163757954999937,9.844753937439366,-2.4626751559279305,1.9579450418160096,8194.0,2.0,run_0
9.165049425000007,9.854439786298654,-2.466796568600219,1.9608124253285544,8194.0,2.0,run_0
9.165624922999996,9.854439786298654,-2.466796568600219,1.9608124253285544,8194.0,2.0,run_0
9.166233539999894,9.854439786298654,-2.466796568600219,1.9608124253285544,8206.0,2.0,run_0
9.169263343000011,9.854439786298654,-2.466796568600219,1.9608124253285544,8196.0,2.0,run_0
9.17054546899999,9.864443109556955,-2.471053023031092,1.9584229390681003,8196.0,2.0,run_0
9.171169540999927,9.864443109556955,-2.471053023031092,1.9584229390681003,8196.0,2.0,run_0
9.175075854999932,9.864443109556955,-2.471053023031092,1.9584229390681003,8188.0,2.0,run_0
9.176355420999926,9.874973481241065,-2.475532710935891,1.956511350059737,8188.0,2.0,run_0
9.176988644999938,9.874973481241065,-2.475532710935891,1.956511350059737,8188.0,2.0,run_0
9.180515356999877,9.874973481241065,-2.475532710935891,1.956511350059737,8207.0,2.0,run_0
9.181797099999812,9.884786115435267,-2.4797062629718143,1.9610513739545998,8207.0,2.0,run_0
9.182452177999949,9.884786115435267,-2.4797062629718143,1.9610513739545998,8207.0,2.0,run_0
9.185980617999803,9.884786115435267,-2.4797062629718143,1.9610513739545998,8198.0,2.0,run_0
9.187333301999843,9.894613045543563,-2.4838851891447074,1.9589008363201912,8198.0,2.0,run_0
9.188014811999892,9.894613045543563,-2.4838851891447074,1.9589008363201912,8198.0,2.0,run_0
9.191501845999937,9.894613045543563,-2.4838851891447074,1.9589008363201912,8193.0,2.0,run_0
9.193060248999927,9.904412003600795,-2.488050817402188,1.9577060931899641,8193.0,2.0,run_0
9.193816827999854,9.904412003600795,-2.488050817402188,1.9577060931899641,8193.0,2.0,run_0
9.198131094000018,9.904412003600795,-2.488050817402188,1.9577060931899641,8193.0,2.0,run_0
9.199079344999973,9.904412003600795,-2.488050817402188,1.9577060931899641,8204.0,2.0,run_0
9.200855148999835,9.91552754367153,-2.4927742845018686,1.9603345280764635,8204.0,2.0,run_0
9.203891288000023,9.91552754367153,-2.4927742845018686,1.9603345280764635,8204.0,2.0,run_0
9.204908529000022,9.91552754367153,-2.4927742845018686,1.9603345280764635,8192.0,2.0,run_0
9.206281179999905,9.925632732103269,-2.497067024706066,1.9574671445639187,8192.0,2.0,run_0
9.208893302999968,9.925632732103269,-2.497067024706066,1.9574671445639187,8191.0,2.0,run_0
9.21027382599982,9.935696430076531,-2.5013407591218466,1.9572281959378734,8191.0,2.0,run_0
9.210898218000011,9.935696430076531,-2.5013407591218466,1.9572281959378734,8191.0,2.0,run_0
9.211516945999847,9.935696430076531,-2.5013407591218466,1.9572281959378734,8222.0,2.0,run_0
9.212727682999912,9.936180476004749,-2.5015462851530907,1.9646356033452808,8222.0,2.0,run_0
9.213287373999947,9.936180476004749,-2.5015462851530907,1.9646356033452808,8222.0,2.0,run_0
9.214282055000012,9.936180476004749,-2.5015462851530907,1.9646356033452808,8219.0,2.0,run_0
9.21544895399984,9.945713855889776,-2.5055951208824223,1.9639187574671446,8219.0,2.0,run_0
9.215990628999862,9.945713855889776,-2.5055951208824223,1.9639187574671446,8219.0,2.0,run_0
9.219766931999857,9.945713855889776,-2.5055951208824223,1.9639187574671446,8228.0,2.0,run_0
9.220983108999917,9.95544605857062,-2.5097309278684277,1.9660692951015533,8228.0,2.0,run_0
9.22154782299981,9.95544605857062,-2.5097309278684277,1.9660692951015533,8228.0,2.0,run_0
9.225080774999924,9.95544605857062,-2.5097309278684277,1.9660692951015533,8211.0,2.0,run_0
9.226331702999914,9.965166094495803,-2.5138648604456524,1.9620071684587814,8211.0,2.0,run_0
9.22693798299997,9.965166094495803,-2.5138648604456524,1.9620071684587814,8211.0,2.0,run_0
9.23046882299991,9.965166094495803,-2.5138648604456524,1.9620071684587814,8186.0,2.0,run_0
9.23165757699985,9.974853115204253,-2.5179867373083527,1.9560334528076464,8186.0,2.0,run_0
9.232234738999978,9.974853115204253,-2.5179867373083527,1.9560334528076464,8186.0,2.0,run_0
9.235870886999919,9.974853115204253,-2.5179867373083527,1.9560334528076464,8198.0,2.0,run_0
9.23706981700002,9.984617429993193,-2.5221403959795605,1.9589008363201912,8198.0,2.0,run_0
9.23766572999989,9.984617429993193,-2.5221403959795605,1.9589008363201912,8198.0,2.0,run_0
9.241424528999914,9.984617429993193,-2.5221403959795605,1.9589008363201912,8209.0,2.0,run_0
9.242753309999898,9.994462043031074,-2.526325260515851,1.9615292712066905,8209.0,2.0,run_0
9.243443522999996,9.994462043031074,-2.526325260515851,1.9615292712066905,8209.0,2.0,run_0
9.24674886799994,9.994462043031074,-2.526325260515851,1.9615292712066905,8190.0,2.0,run_0
9.248056432999874,10.004237481287204,-2.5304787839666356,1.956989247311828,8190.0,2.0,run_0
