timestamp_s,cmd_servo,cmd_speed,cmd_steering_angle,odom_x,odom_y,odom_yaw,odom_vx,odom_omega,imu_gz,phase
5.896792078000544,0.546,1.0,-0.0,39.776593983683924,-40.73207447672108,-2.2648243947186497,0.4246666666666667,0.07138424758848641,-0.5718363461067951,servo_0.546
5.898386491000565,0.546,1.0,-0.0,39.77513886414945,-40.7338130507219,-2.270519624170657,0.418,-0.2566433927598537,-0.5718363461067951,servo_0.546
5.899186225000449,0.546,1.0,-0.0,39.77513886414945,-40.7338130507219,-2.270519624170657,0.418,-0.2566433927598537,-0.48315627760046453,servo_0.546
5.902390156000365,0.546,1.0,-0.0,39.77513886414945,-40.7338130507219,-2.270519624170657,0.418,-0.2566433927598537,-0.5085764498108936,servo_0.546
5.903993274000641,0.546,1.0,-0.0,39.77365258337389,-40.735574292696455,-2.2729362976099834,0.42777777777777776,-0.32459725821203694,-0.5085764498108936,servo_0.546
5.907910984999944,0.546,1.0,-0.0,39.77365258337389,-40.735574292696455,-2.2729362976099834,0.42777777777777776,-0.32459725821203694,-0.4624580231608006,servo_0.546
5.9094777489999615,0.546,1.0,-0.0,39.77214346790975,-40.73735362765144,-2.2754765182834675,0.43022222222222223,-0.37979101569169393,-0.4624580231608006,servo_0.546
5.913242495999839,0.546,1.0,-0.0,39.77214346790975,-40.73735362765144,-2.2754765182834675,0.43022222222222223,-0.37979101569169393,-0.18869420107214524,servo_0.546
5.9147456099999545,0.546,1.0,-0.0,39.7706246099486,-40.73913566387073,-2.277790293290407,0.43266666666666664,-0.4045911179324259,-0.18869420107214524,servo_0.546
5.918649529000504,0.546,1.0,-0.0,39.7706246099486,-40.73913566387073,-2.277790293290407,0.43266666666666664,-0.4045911179324259,0.05268847834883204,servo_0.546
5.920266662999893,0.546,1.0,-0.0,39.76905982916493,-40.74096556280994,-2.2787188234330684,0.4457777777777778,-0.3398220428743417,0.05268847834883204,servo_0.546
5.924091827000666,0.546,1.0,-0.0,39.76905982916493,-40.74096556280994,-2.2787188234330684,0.4457777777777778,-0.3398220428743417,0.0671438129789703,servo_0.546
5.925650367000344,0.546,1.0,-0.0,39.76748062146595,-40.742811084527695,-2.2784583834999816,0.44822222222222224,-0.22206888650738957,0.0671438129789703,servo_0.546
5.930697358000543,0.546,1.0,-0.0,39.76586069986512,-40.7447053475759,-2.2781128554750634,0.45955555555555555,-0.1353050766614816,0.0671438129789703,servo_0.546
5.932069909000347,0.546,1.0,-0.0,39.76586069986512,-40.7447053475759,-2.2781128554750634,0.45955555555555555,-0.1353050766614816,0.08206143908483271,servo_0.546
5.935729885000001,0.546,1.0,-0.0,39.76586069986512,-40.7447053475759,-2.2781128554750634,0.45955555555555555,-0.1353050766614816,0.15786681316344664,servo_0.546
5.938185154000166,0.546,1.0,-0.0,39.76421799036397,-40.74662774882872,-2.2776919029993117,0.4588888888888889,-0.0700951219375873,0.15786681316344664,servo_0.546
5.941074035999918,0.546,1.0,-0.0,39.76421799036397,-40.74662774882872,-2.2776919029993117,0.4588888888888889,-0.0700951219375873,0.12117533594909691,servo_0.546
5.94324344100005,0.546,1.0,-0.0,39.762570852007336,-40.748557680568666,-2.276910722902851,0.45422222222222225,-0.0017065414072771137,0.12117533594909691,servo_0.546
5.946532847000526,0.546,1.0,-0.0,39.762570852007336,-40.748557680568666,-2.276910722902851,0.45422222222222225,-0.0017065414072771137,-0.01280062630019607,servo_0.546
5.948512839000614,0.546,1.0,-0.0,39.76091837114809,-40.75049659238643,-2.276305491814017,0.4613333333333333,0.03515802179963509,-0.01280062630019607,servo_0.546
5.95024511200063,0.546,1.0,-0.0,39.76082026598479,-40.75061177308593,-2.276305491814017,0.4728888888888889,0.03515802179963509,-0.01280062630019607,servo_0.546
5.9518903100006355,0.546,1.0,-0.0,39.76082026598479,-40.75061177308593,-2.276305491814017,0.4728888888888889,0.03515802179963509,-0.05991700494947164,servo_0.546
5.953986049999912,0.546,1.0,-0.0,39.759098319771695,-40.75263330191,-2.2763679844943425,0.48355555555555557,0.02077042736968574,-0.05991700494947164,servo_0.546
5.954982109999946,0.546,1.0,-0.0,39.759098319771695,-40.75263330191,-2.2763679844943425,0.48355555555555557,0.02077042736968574,-0.004872916403829234,servo_0.546
5.957436035000683,0.546,1.0,-0.0,39.759098319771695,-40.75263330191,-2.2763679844943425,0.48355555555555557,0.02077042736968574,-0.014226903027934022,servo_0.546
5.959137620000547,0.546,1.0,-0.0,39.757391633103836,-40.75463617099894,-2.276672838248805,0.4886666666666667,-0.0038669365493918034,-0.014226903027934022,servo_0.546
5.963005409000289,0.546,1.0,-0.0,39.757391633103836,-40.75463617099894,-2.276672838248805,0.4886666666666667,-0.0038669365493918034,-0.12238501861761657,servo_0.546
5.964919222999924,0.546,1.0,-0.0,39.755633945728555,-40.75669812535929,-2.2767348176785456,0.5024444444444445,-0.006974926492954468,-0.12238501861761657,servo_0.546
5.968148306999865,0.546,1.0,-0.0,39.755633945728555,-40.75669812535929,-2.2767348176785456,0.5024444444444445,-0.006974926492954468,-0.1360806490961069,servo_0.546
5.969709951000368,0.546,1.0,-0.0,39.75384333637756,-40.7587972902604,-2.277336082907316,0.5097777777777778,-0.041597954130353096,-0.1360806490961069,servo_0.546
5.9735430840000845,0.546,1.0,-0.0,39.75384333637756,-40.7587972902604,-2.277336082907316,0.5097777777777778,-0.041597954130353096,-0.08514438094173568,servo_0.546
5.975095576000058,0.546,1.0,-0.0,39.75200376564845,-40.76095107859394,-2.2780063998361504,0.5253333333333333,-0.06994276262007923,-0.08514438094173568,servo_0.546
5.978869539000698,0.546,1.0,-0.0,39.75200376564845,-40.76095107859394,-2.2780063998361504,0.5253333333333333,-0.06994276262007923,-0.05844491768979512,servo_0.546
5.980447535000167,0.546,1.0,-0.0,39.750134561990464,-40.76313714245232,-2.2784285160985265,0.5337777777777778,-0.07450324811657616,-0.05844491768979512,servo_0.546
5.984444256000643,0.546,1.0,-0.0,39.750134561990464,-40.76313714245232,-2.2784285160985265,0.5337777777777778,-0.07450324811657616,0.03289331431838155,servo_0.546
5.986221779000516,0.546,1.0,-0.0,39.748225561927754,-40.76536815478821,-2.278712016468088,0.5468888888888889,-0.06968574898854185,0.03289331431838155,servo_0.546
5.990065216000403,0.546,1.0,-0.0,39.748225561927754,-40.76536815478821,-2.278712016468088,0.5468888888888889,-0.06968574898854185,0.035317007292192226,servo_0.546
5.992001207000612,0.546,1.0,-0.0,39.74629928816846,-40.767619098085774,-2.2785410842701586,0.544,-0.03891202999646483,0.035317007292192226,servo_0.546
5.995349685000292,0.546,1.0,-0.0,39.74629928816846,-40.767619098085774,-2.2785410842701586,0.544,-0.03891202999646483,0.07189665254670465,servo_0.546
5.997123720000673,0.546,1.0,-0.0,39.74429171954012,-40.76996587108674,-2.278361376882673,0.5624444444444444,-0.016643318809867712,0.07189665254670465,servo_0.546
6.0022871300006955,0.546,1.0,-0.0,39.742232212163316,-40.77237468300241,-2.2779977553056208,0.5811111111111111,0.009918672597103995,0.07189665254670465,servo_0.546
6.003344728000229,0.546,1.0,-0.0,39.742232212163316,-40.77237468300241,-2.2779977553056208,0.5811111111111111,0.009918672597103995,0.029371194311183887,servo_0.546
6.006507025000246,0.546,1.0,-0.0,39.742232212163316,-40.77237468300241,-2.2779977553056208,0.5811111111111111,0.009918672597103995,0.062426164588327844,servo_0.546
6.008420615999967,0.546,1.0,-0.0,39.740067200476595,-40.77490822301092,-2.2778428251709677,0.6051111111111112,0.01575442911132796,0.062426164588327844,servo_0.546
6.010022965000644,0.546,1.0,-0.0,39.73993282571956,-40.77506549570741,-2.2778428251709677,0.606,0.01575442911132796,0.062426164588327844,servo_0.546
6.012671424000473,0.546,1.0,-0.0,39.73993282571956,-40.77506549570741,-2.2778428251709677,0.606,0.01575442911132796,0.11608957211677826,servo_0.546
6.0144690750003065,0.546,1.0,-0.0,39.737765559033825,-40.77760438010983,-2.276944668433427,0.6093333333333333,0.05565603646313302,0.11608957211677826,servo_0.546
6.015265769000507,0.546,1.0,-0.0,39.737765559033825,-40.77760438010983,-2.276944668433427,0.6093333333333333,0.05565603646313302,0.16424460127623886,servo_0.546
6.01737562100061,0.546,1.0,-0.0,39.737765559033825,-40.77760438010983,-2.276944668433427,0.6093333333333333,0.05565603646313302,0.02711530337258882,servo_0.546
6.018877616000282,0.546,1.0,-0.0,39.73561989139544,-40.78012234880958,-2.2761209162496803,0.6146666666666667,0.08823260590706478,0.02711530337258882,servo_0.546
6.0229898920006235,0.546,1.0,-0.0,39.73561989139544,-40.78012234880958,-2.2761209162496803,0.6146666666666667,0.08823260590706478,-0.11220311294710633,servo_0.546
6.024730518000069,0.546,1.0,-0.0,39.73334431099605,-40.78279538679031,-2.2759783817746335,0.6446666666666667,0.06989741514672199,-0.11220311294710633,servo_0.546
6.028811465000217,0.546,1.0,-0.0,39.73334431099605,-40.78279538679031,-2.2759783817746335,0.6446666666666667,0.06989741514672199,-0.087415191824219,servo_0.546
6.030673566000587,0.546,1.0,-0.0,39.730988855185366,-40.785561083411864,-2.276537736501339,0.6571111111111111,0.015267256718573492,-0.087415191824219,servo_0.546
6.034231618999911,0.546,1.0,-0.0,39.730988855185366,-40.785561083411864,-2.276537736501339,0.6571111111111111,0.015267256718573492,0.004516505347084469,servo_0.546
6.03611061599986,0.546,1.0,-0.0,39.72852946605432,-40.788445920676004,-2.276968467146003,0.6728888888888889,-0.015537477844264257,0.004516505347084469,servo_0.546
6.039711774000352,0.546,1.0,-0.0,39.72852946605432,-40.788445920676004,-2.276968467146003,0.6728888888888889,-0.015537477844264257,0.021601186723687726,servo_0.546
6.0414919519998875,0.546,1.0,-0.0,39.726138495335526,-40.79124935555896,-2.2769421165917496,0.6653333333333333,-0.009521282886859639,0.021601186723687726,servo_0.546
6.045211962000394,0.546,1.0,-0.0,39.726138495335526,-40.79124935555896,-2.2769421165917496,0.6653333333333333,-0.009521282886859639,0.0008277223651970053,servo_0.546
6.047057358000529,0.546,1.0,-0.0,39.723777519683566,-40.7940180076711,-2.2768305322334546,0.664,-0.00018454200369542872,0.0008277223651970053,servo_0.546
6.0507381020006505,0.546,1.0,-0.0,39.723777519683566,-40.7940180076711,-2.2768305322334546,0.664,-0.00018454200369542872,-0.02935460156923593,servo_0.546
6.052646860000095,0.546,1.0,-0.0,39.721240396598006,-40.796993580515164,-2.2768235023949144,0.7104444444444444,0.00011913730697230148,-0.02935460156923593,servo_0.546
6.056728352000391,0.546,1.0,-0.0,39.721240396598006,-40.796993580515164,-2.2768235023949144,0.7104444444444444,0.00011913730697230148,-0.03834178404641219,servo_0.546
6.0586501020006835,0.546,1.0,-0.0,39.7186032770566,-40.800086004066706,-2.2769667116635164,0.708,-0.008722984355890168,-0.03834178404641219,servo_0.546
6.060202241999832,0.546,1.0,-0.0,39.71840227805539,-40.80032167177022,-2.2769667116635164,0.722,-0.008722984355890168,-0.03834178404641219,servo_0.546
6.062099864000629,0.546,1.0,-0.0,39.71840227805539,-40.80032167177022,-2.2769667116635164,0.722,-0.008722984355890168,-0.02730713211426399,servo_0.546
6.06386621799993,0.546,1.0,-0.0,39.715697430970984,-40.80349202482032,-2.277287908965747,0.7417777777777778,-0.02051817661841194,-0.02730713211426399,servo_0.546
6.064666625000427,0.546,1.0,-0.0,39.715697430970984,-40.80349202482032,-2.277287908965747,0.7417777777777778,-0.02051817661841194,0.052006172316364535,servo_0.546
6.067774617000396,0.546,1.0,-0.0,39.715697430970984,-40.80349202482032,-2.277287908965747,0.7417777777777778,-0.02051817661841194,0.10626254098389949,servo_0.546
6.069415975000084,0.546,1.0,-0.0,39.713077212960556,-40.80656299042764,-2.2770289813663505,0.7486666666666667,0.0012391280620210037,0.10626254098389949,servo_0.546
6.073183473999961,0.546,1.0,-0.0,39.713077212960556,-40.80656299042764,-2.2770289813663505,0.7486666666666667,0.0012391280620210037,0.10124032683309284,servo_0.546
6.074751357999958,0.546,1.0,-0.0,39.710395176022,-40.80970893916749,-2.276493553163327,0.7575555555555555,0.032746151938584545,0.10124032683309284,servo_0.546
6.078694253999856,0.546,1.0,-0.0,39.710395176022,-40.80970893916749,-2.276493553163327,0.7575555555555555,0.032746151938584545,0.0252364161758081,servo_0.546
6.080290459000025,0.546,1.0,-0.0,39.70765699043633,-40.8129241247401,-2.2759916802894686,0.7708888888888888,0.05329440440693703,0.0252364161758081,servo_0.546
6.084253740000349,0.546,1.0,-0.0,39.70765699043633,-40.8129241247401,-2.2759916802894686,0.7708888888888888,0.05329440440693703,-0.15677082250633817,servo_0.546
6.0858055600001535,0.546,1.0,-0.0,39.70484615771794,-40.81622670711416,-2.2758673287802513,0.7868888888888889,0.04487700793759835,-0.15677082250633817,servo_0.546
6.089763368000604,0.546,1.0,-0.0,39.70484615771794,-40.81622670711416,-2.2758673287802513,0.7868888888888889,0.04487700793759835,-0.3003498097110233,servo_0.546
6.0913933980000365,0.546,1.0,-0.0,39.70198721243385,-40.81958354521297,-2.276660215060514,0.7982222222222223,-0.015617341195582606,-0.3003498097110233,servo_0.546
6.095387399000174,0.546,1.0,-0.0,39.70198721243385,-40.81958354521297,-2.276660215060514,0.7982222222222223,-0.015617341195582606,-0.1370790681887776,servo_0.546
6.097362207000515,0.546,1.0,-0.0,39.69908247578171,-40.822986220019715,-2.278165690453283,0.8084444444444444,-0.10103708175021482,-0.1370790681887776,servo_0.546
6.101192043000083,0.546,1.0,-0.0,39.69908247578171,-40.822986220019715,-2.278165690453283,0.8084444444444444,-0.10103708175021482,0.04453379586722535,servo_0.546
6.103003775000616,0.546,1.0,-0.0,39.69600097091935,-40.82658799508483,-2.2788435802700984,0.8248888888888889,-0.11184967768178367,0.04453379586722535,servo_0.546
6.107796998000595,0.546,1.0,-0.0,39.69295696479366,-40.830144311969036,-2.2786179462159133,0.836,-0.06493463561708096,0.04453379586722535,servo_0.546
6.10966402700069,0.546,1.0,-0.0,39.69295696479366,-40.830144311969036,-2.2786179462159133,0.836,-0.06493463561708096,0.056377884403784106,servo_0.546
6.11145611000029,0.546,1.0,-0.0,39.69278489669547,-40.83034538529862,-2.2786179462159133,0.8473333333333334,-0.06493463561708096,0.056377884403784106,servo_0.546
6.112380712000231,0.546,1.0,-0.0,39.69278489669547,-40.83034538529862,-2.2786179462159133,0.8473333333333334,-0.06493463561708096,0.04162091349068074,servo_0.546
6.114083993000349,0.546,1.0,-0.0,39.68974407226882,-40.833900569532624,-2.278125090652842,0.8637777777777778,-0.007492341680370784,0.04162091349068074,servo_0.546
6.1148624470006325,0.546,1.0,-0.0,39.68974407226882,-40.833900569532624,-2.278125090652842,0.8637777777777778,-0.007492341680370784,0.02402331717095258,servo_0.546
6.117912421000256,0.546,1.0,-0.0,39.68974407226882,-40.833900569532624,-2.278125090652842,0.8637777777777778,-0.007492341680370784,-0.00820353068166363,servo_0.546
6.119570388000284,0.546,1.0,-0.0,39.68655166914632,-40.83763529269114,-2.278003971344237,0.8773333333333333,0.0019623559750262254,-0.00820353068166363,servo_0.546
6.123563429000569,0.546,1.0,-0.0,39.68655166914632,-40.83763529269114,-2.278003971344237,0.8773333333333333,0.0019623559750262254,-0.06294132397287926,servo_0.546
6.125471387000289,0.546,1.0,-0.0,39.68336253608405,-40.84136649810781,-2.278043591323284,0.8895555555555555,-0.0010874100219807313,-0.06294132397287926,servo_0.546
6.129055649000293,0.546,1.0,-0.0,39.68336253608405,-40.84136649810781,-2.278043591323284,0.8895555555555555,-0.0010874100219807313,-0.012031052848055333,servo_0.546
6.130819507000524,0.546,1.0,-0.0,39.68013636294761,-40.84513969185067,-2.278356720625349,0.8995555555555556,-0.01964358420725029,-0.012031052848055333,servo_0.546
6.134633503000259,0.546,1.0,-0.0,39.68013636294761,-40.84513969185067,-2.278356720625349,0.8995555555555556,-0.01964358420725029,-0.00011773288372971573,servo_0.546
6.136472915000013,0.546,1.0,-0.0,39.67684172404724,-40.848991517566944,-2.2784135214605885,0.9128888888888889,-0.0173598247994918,-0.00011773288372971573,servo_0.546
6.140118106000045,0.546,1.0,-0.0,39.67684172404724,-40.848991517566944,-2.2784135214605885,0.9128888888888889,-0.0173598247994918,-0.03658752238567417,servo_0.546
6.14188090800053,0.546,1.0,-0.0,39.67351926921333,-40.85287565884419,-2.278408754090528,0.9275555555555556,-0.012187197224763174,-0.03658752238567417,servo_0.546
6.14567039099984,0.546,1.0,-0.0,39.67351926921333,-40.85287565884419,-2.278408754090528,0.9275555555555556,-0.012187197224763174,-0.028717889686868423,servo_0.546
6.147419721000006,0.546,1.0,-0.0,39.670158706807385,-40.856803674012525,-2.2785835424972323,0.9384444444444444,-0.01950729477303647,-0.028717889686868423,servo_0.546
6.1511258099999395,0.546,1.0,-0.0,39.670158706807385,-40.856803674012525,-2.2785835424972323,0.9384444444444444,-0.01950729477303647,0.05099689251987335,servo_0.546
6.152820897999845,0.546,1.0,-0.0,39.666756606971,-40.860778979842756,-2.2787220069395757,0.9495555555555556,-0.022270473247186055,0.05099689251987335,servo_0.546
6.156820146999962,0.546,1.0,-0.0,39.666756606971,-40.860778979842756,-2.2787220069395757,0.9495555555555556,-0.022270473247186055,0.03606005420345955,servo_0.546
6.158506531000057,0.546,1.0,-0.0,39.66330239059624,-40.864815681915324,-2.2784614528791103,0.9626666666666667,-0.00029026351706823265,0.03606005420345955,servo_0.546
6.159090322999873,0.546,1.0,-0.0,39.66330239059624,-40.864815681915324,-2.2784614528791103,0.9626666666666667,-0.00029026351706823265,0.03586640494150796,servo_0.546
6.1617128620000585,0.546,1.0,-0.0,39.66309431075019,-40.86505895972185,-2.2782776999458023,0.9751111111111112,0.010614831799090101,0.03586640494150796,servo_0.546
6.163993694000055,0.546,1.0,-0.0,39.659635289898986,-40.869104595803115,-2.278094863901536,0.9926666666666667,0.018190303741815458,0.03586640494150796,servo_0.546
6.16503142000056,0.546,1.0,-0.0,39.659635289898986,-40.869104595803115,-2.278094863901536,0.9926666666666667,0.018190303741815458,0.01610159158480867,servo_0.546
6.168024655999943,0.546,1.0,-0.0,39.659635289898986,-40.869104595803115,-2.278094863901536,0.9926666666666667,0.018190303741815458,0.07205835635914289,servo_0.546
6.1696295340007055,0.546,1.0,-0.0,39.656020635495715,-40.87333341052186,-2.27800874870373,1.000888888888889,0.01756369009471342,0.07205835635914289,servo_0.546
6.1732543090001855,0.546,1.0,-0.0,39.656020635495715,-40.87333341052186,-2.27800874870373,1.000888888888889,0.01756369009471342,0.08312270045685087,servo_0.546
6.174673293000524,0.546,1.0,-0.0,39.652387570509354,-40.87758569024006,-2.277647294686269,1.011111111111111,0.033912089974042256,0.08312270045685087,servo_0.546
6.179016296000555,0.546,1.0,-0.0,39.652387570509354,-40.87758569024006,-2.277647294686269,1.011111111111111,0.033912089974042256,0.04395847400917337,servo_0.546
6.180806459000451,0.546,1.0,-0.0,39.64872388151376,-40.88187722382245,-2.277223559146169,1.0255555555555556,0.04867527311888484,0.04395847400917337,servo_0.546
6.184453986000335,0.546,1.0,-0.0,39.64872388151376,-40.88187722382245,-2.277223559146169,1.0255555555555556,0.04867527311888484,-0.042417431683209814,servo_0.546
6.186169362000328,0.546,1.0,-0.0,39.64500756565358,-40.88623324811708,-2.277002037297225,1.0337777777777777,0.04726023338597139,-0.042417431683209814,servo_0.546
6.1899543660001655,0.546,1.0,-0.0,39.64500756565358,-40.88623324811708,-2.277002037297225,1.0337777777777777,0.04726023338597139,-0.08211582582771916,servo_0.546
6.191585612000381,0.546,1.0,-0.0,39.64126603447585,-40.89061887763155,-2.277212421922037,1.0395555555555556,0.02035693386521703,-0.08211582582771916,servo_0.546
6.195482842000274,0.546,1.0,-0.0,39.64126603447585,-40.89061887763155,-2.277212421922037,1.0395555555555556,0.02035693386521703,-0.0521506030324201,servo_0.546
6.197429393000675,0.546,1.0,-0.0,39.6375203134138,-40.89500669159452,-2.27761554862548,1.0497777777777777,-0.010384894042663828,-0.0521506030324201,servo_0.546
6.201037496000026,0.546,1.0,-0.0,39.6375203134138,-40.89500669159452,-2.27761554862548,1.0497777777777777,-0.010384894042663828,-0.018070088950784054,servo_0.546
6.202722279000227,0.546,1.0,-0.0,39.63371857843717,-40.8994571478111,-2.2778721129443573,1.060888888888889,-0.02291460673959071,-0.018070088950784054,servo_0.546
6.206923581999945,0.546,1.0,-0.0,39.63371857843717,-40.8994571478111,-2.2778721129443573,1.060888888888889,-0.02291460673959071,-0.009738165816551483,servo_0.546
6.2090158979999615,0.546,1.0,-0.0,39.62986660411899,-40.903964848044005,-2.277959091255414,1.066888888888889,-0.02146125140294871,-0.009738165816551483,servo_0.546
6.209887250000065,0.546,1.0,-0.0,39.62986660411899,-40.903964848044005,-2.277959091255414,1.066888888888889,-0.02146125140294871,0.026470373141544896,servo_0.546
6.211473246999958,0.546,1.0,-0.0,39.62959577075088,-40.904281743323956,-2.278004132028717,1.074,-0.01794432572702954,0.026470373141544896,servo_0.546
6.213101517000723,0.546,1.0,-0.0,39.625791716869216,-40.9087331662021,-2.2778713111714666,1.08,-0.0046199160664572095,0.026470373141544896,servo_0.546
6.21397581400015,0.546,1.0,-0.0,39.625791716869216,-40.9087331662021,-2.2778713111714666,1.08,-0.0046199160664572095,0.044385886396995866,servo_0.546
6.2189117300004,0.546,1.0,-0.0,39.625791716869216,-40.9087331662021,-2.2778713111714666,1.08,-0.0046199160664572095,0.06280815343480768,servo_0.546
6.22092209099992,0.546,1.0,-0.0,39.62185740546699,-40.91333866691591,-2.2776494915323027,1.0826666666666667,0.010081824672578713,0.06280815343480768,servo_0.546
6.224379405000036,0.546,1.0,-0.0,39.62185740546699,-40.91333866691591,-2.2776494915323027,1.0826666666666667,0.010081824672578713,0.07134910662658435,servo_0.546
6.226168574999974,0.546,1.0,-0.0,39.61744167496977,-40.91851051509559,-2.277336675434303,1.0877777777777777,0.0258997233012474,0.07134910662658435,servo_0.546
6.229728676000377,0.546,1.0,-0.0,39.61744167496977,-40.91851051509559,-2.277336675434303,1.0877777777777777,0.0258997233012474,0.09360722445097817,servo_0.546
6.231254127000284,0.546,1.0,-0.0,39.61352054013364,-40.92310618998358,-2.2769802240692214,1.0942222222222222,0.03953453829884848,0.09360722445097817,servo_0.546
6.2354172850000396,0.546,1.0,-0.0,39.61352054013364,-40.92310618998358,-2.2769802240692214,1.0942222222222222,0.03953453829884848,0.07627954158832415,servo_0.546
6.237605475000237,0.546,1.0,-0.0,39.60963022835652,-40.927669541870955,-2.2765135172134974,1.0937777777777777,0.05575634414448739,0.07627954158832415,servo_0.546
6.240742204000526,0.546,1.0,-0.0,39.60963022835652,-40.927669541870955,-2.2765135172134974,1.0937777777777777,0.05575634414448739,0.055234185712460374,servo_0.546
6.24235626600057,0.546,1.0,-0.0,39.60571520695975,-40.93226580331632,-2.276136708228654,1.0888888888888888,0.06191330337763841,0.055234185712460374,servo_0.546
6.246332923000409,0.546,1.0,-0.0,39.60571520695975,-40.93226580331632,-2.276136708228654,1.0888888888888888,0.06191330337763841,0.03266363956090283,servo_0.546
6.248165646999951,0.546,1.0,-0.0,39.60181609084643,-40.93684639165142,-2.2758667827660837,1.0895555555555556,0.05990956807808499,0.03266363956090283,servo_0.546
6.249576885999886,0.546,1.0,-0.0,39.601601509626995,-40.93709854547449,-2.2758667827660837,1.0924444444444446,0.05990956807808499,0.03266363956090283,servo_0.546
6.251618256000256,0.546,1.0,-0.0,39.601601509626995,-40.93709854547449,-2.2758667827660837,1.0924444444444446,0.05990956807808499,0.01914371737711428,servo_0.546
6.253117498999927,0.546,1.0,-0.0,39.59769146455324,-40.941694419056965,-2.2756111690625502,1.0968888888888888,0.04195816787918552,0.01914371737711428,servo_0.546
6.253764429000512,0.546,1.0,-0.0,39.59769146455324,-40.941694419056965,-2.2756111690625502,1.0968888888888888,0.04195816787918552,-0.001664258649275142,servo_0.546
6.2573502590003045,0.546,1.0,-0.0,39.59769146455324,-40.941694419056965,-2.2756111690625502,1.0968888888888888,0.04195816787918552,-0.02826139682829902,servo_0.546
6.258838589000334,0.546,1.0,-0.0,39.59389544378427,-40.946157382939504,-2.275620225468479,1.0928888888888888,0.02887143992064732,-0.02826139682829902,servo_0.546
6.262892944000669,0.546,1.0,-0.0,39.59389544378427,-40.946157382939504,-2.275620225468479,1.0928888888888888,0.02887143992064732,-0.044766173317091575,servo_0.546
6.264716067000336,0.546,1.0,-0.0,39.59002840905882,-40.95070315136828,-2.275760163806306,1.0871111111111111,0.011731588895963416,-0.044766173317091575,servo_0.546
6.268598129000566,0.546,1.0,-0.0,39.59002840905882,-40.95070315136828,-2.275760163806306,1.0871111111111111,0.011731588895963416,-0.0473369726516155,servo_0.546
6.270411365000655,0.546,1.0,-0.0,39.586164832521845,-40.95524318382404,-2.275983426782052,1.0875555555555556,-0.00521773976795308,-0.0473369726516155,servo_0.546
6.27468786999998,0.546,1.0,-0.0,39.5822034613574,-40.95989598643367,-2.2762155524618617,1.0953333333333333,-0.017853509633051805,-0.0473369726516155,servo_0.546
6.275532630000271,0.546,1.0,-0.0,39.5822034613574,-40.95989598643367,-2.2762155524618617,1.0953333333333333,-0.017853509633051805,-0.03830705892251108,servo_0.546
6.279284320000443,0.546,1.0,-0.0,39.5822034613574,-40.95989598643367,-2.2762155524618617,1.0953333333333333,-0.017853509633051805,-0.026233285225500592,servo_0.546
6.280810539000413,0.546,1.0,-0.0,39.57830309880544,-40.96447517347296,-2.2764055287214084,1.1002222222222222,-0.023989574419889588,-0.026233285225500592,servo_0.546
6.284703897000327,0.546,1.0,-0.0,39.57830309880544,-40.96447517347296,-2.2764055287214084,1.1002222222222222,-0.023989574419889588,-0.016082815258826308,servo_0.546
6.286094465000133,0.546,1.0,-0.0,39.57442687690403,-40.96902453102508,-2.276538283720907,1.098,-0.02466268766157289,-0.016082815258826308,servo_0.546
6.290370938000706,0.546,1.0,-0.0,39.57442687690403,-40.96902453102508,-2.276538283720907,1.098,-0.02466268766157289,-0.03376828133036487,servo_0.546
6.291965606999838,0.546,1.0,-0.0,39.57055337884883,-40.97356969035329,-2.2766230277123327,1.0913333333333333,-0.022088725940748913,-0.03376828133036487,servo_0.546
6.295796372000041,0.546,1.0,-0.0,39.57055337884883,-40.97356969035329,-2.2766230277123327,1.0913333333333333,-0.022088725940748913,-0.002513783500283988,servo_0.546
6.297275005999836,0.546,1.0,-0.0,39.56666885966171,-40.978126622808645,-2.2767893901771483,1.0902222222222222,-0.0255925925576337,-0.002513783500283988,servo_0.546
6.301263279000523,0.546,1.0,-0.0,39.56666885966171,-40.978126622808645,-2.2767893901771483,1.0902222222222222,-0.0255925925576337,0.06237100386424958,servo_0.546
6.302739832000043,0.546,1.0,-0.0,39.56276049481331,-40.982710713169865,-2.27679866004527,1.0951111111111111,-0.018668949840428786,0.06237100386424958,servo_0.546
6.304101087000163,0.546,1.0,-0.0,39.56256678455398,-40.982937912275055,-2.27679866004527,1.1024444444444443,-0.018668949840428786,0.06237100386424958,servo_0.546
6.306653223000467,0.546,1.0,-0.0,39.56256678455398,-40.982937912275055,-2.27679866004527,1.1024444444444443,-0.018668949840428786,0.11928843638250533,servo_0.546
6.308409752999978,0.546,1.0,-0.0,39.5586483534526,-40.98753800791292,-2.2758877976333185,1.102,0.039736656304433904,0.11928843638250533,servo_0.546
6.309199183000601,0.546,1.0,-0.0,39.5586483534526,-40.98753800791292,-2.2758877976333185,1.102,0.039736656304433904,0.12687286117332042,servo_0.546
6.312611824000669,0.546,1.0,-0.0,39.5586483534526,-40.98753800791292,-2.2758877976333185,1.102,0.039736656304433904,0.10335882986835884,servo_0.546
6.314319871999942,0.546,1.0,-0.0,39.554820351162746,-40.99203898706913,-2.2752526409885157,1.0991111111111111,0.06587751776509986,0.10335882986835884,servo_0.546
6.3181111479998435,0.546,1.0,-0.0,39.554820351162746,-40.99203898706913,-2.2752526409885157,1.0991111111111111,0.06587751776509986,0.059170425188570755,servo_0.546
6.320101123999848,0.546,1.0,-0.0,39.55088842737666,-40.996667540261676,-2.2747393770058233,1.1004444444444443,0.07712191139607755,0.059170425188570755,servo_0.546
6.323572134000642,0.546,1.0,-0.0,39.55088842737666,-40.996667540261676,-2.2747393770058233,1.1004444444444443,0.07712191139607755,0.03589662765869116,servo_0.546
6.325540446000559,0.546,1.0,-0.0,39.54692961903639,-41.00133154870467,-2.2744467510697324,1.1051111111111112,0.07173646553382551,0.03589662765869116,servo_0.546
6.329073282000536,0.546,1.0,-0.0,39.54692961903639,-41.00133154870467,-2.2744467510697324,1.1051111111111112,0.07173646553382551,0.0036403986894081074,servo_0.546
6.330655535000005,0.546,1.0,-0.0,39.542937425004716,-41.0060371166226,-2.2742723792209696,1.1142222222222222,0.060984514171285205,0.0036403986894081074,servo_0.546
6.334573150000324,0.546,1.0,-0.0,39.542937425004716,-41.0060371166226,-2.2742723792209696,1.1142222222222222,0.060984514171285205,-0.011721954512551506,servo_0.546
6.336219501000414,0.546,1.0,-0.0,39.5389718382289,-41.01071220392666,-2.27426077730097,1.1073333333333333,0.043781279526722075,-0.011721954512551506,servo_0.546
6.340084346000367,0.546,1.0,-0.0,39.5389718382289,-41.01071220392666,-2.27426077730097,1.1073333333333333,0.043781279526722075,-0.006626045180806673,servo_0.546
6.341682279000452,0.546,1.0,-0.0,39.53502892746336,-41.015360311814305,-2.2743246664501813,1.1071111111111112,0.027130309314939996,-0.006626045180806673,servo_0.546
6.3462889380007255,0.546,1.0,-0.0,39.53111156763587,-41.0199778281244,-2.27436136893129,1.1102222222222222,0.017003402966215993,-0.006626045180806673,servo_0.546
6.347904472000664,0.546,1.0,-0.0,39.53111156763587,-41.0199778281244,-2.27436136893129,1.1102222222222222,0.017003402966215993,-0.0032334580520939674,servo_0.546
6.351809830000093,0.546,1.0,-0.0,39.53111156763587,-41.0199778281244,-2.27436136893129,1.1102222222222222,0.017003402966215993,-0.02449858323461244,servo_0.546
6.353449173000627,0.546,1.0,-0.0,39.52657266169609,-41.02532766803331,-2.2743823012547275,1.1182222222222222,0.010932344660723004,-0.02449858323461244,servo_0.546
6.3542916920005155,0.546,1.0,-0.0,39.52657266169609,-41.02532766803331,-2.2743823012547275,1.1182222222222222,0.010932344660723004,-0.01651925014513875,servo_0.546
6.355825432000529,0.546,1.0,-0.0,39.526384552090065,-41.02554938113788,-2.2743823012547275,1.1126666666666667,0.010932344660723004,-0.01651925014513875,servo_0.546
6.357423717000529,0.546,1.0,-0.0,39.526384552090065,-41.02554938113788,-2.2743823012547275,1.1126666666666667,0.010932344660723004,0.054785676095377406,servo_0.546
6.35895649700069,0.546,1.0,-0.0,39.52250370305707,-41.03012247715955,-2.274602258871086,1.1113333333333333,-0.004743628639055966,0.054785676095377406,servo_0.546
6.362940193000213,0.546,1.0,-0.0,39.52250370305707,-41.03012247715955,-2.274602258871086,1.1113333333333333,-0.004743628639055966,0.10529562209349738,servo_0.546
6.364587984000536,0.546,1.0,-0.0,39.51854835253027,-41.03478359169978,-2.274334076660625,1.1131111111111112,0.013115162781274043,0.10529562209349738,servo_0.546
6.369084207000014,0.546,1.0,-0.0,39.514564437138205,-41.039482128604774,-2.2738122869443402,1.1204444444444444,0.04076930057494105,0.10529562209349738,servo_0.546
6.370562681000592,0.546,1.0,-0.0,39.514564437138205,-41.039482128604774,-2.2738122869443402,1.1204444444444444,0.04076930057494105,0.05538053057554943,servo_0.546
6.3751872920001915,0.546,1.0,-0.0,39.514564437138205,-41.039482128604774,-2.2738122869443402,1.1204444444444444,0.04076930057494105,-0.007974909745350636,servo_0.546
6.377176596000027,0.546,1.0,-0.0,39.50986116288893,-41.0450335026736,-2.2735443999345697,1.1168888888888888,0.045152669575123566,-0.007974909745350636,servo_0.546
6.3807489860000715,0.546,1.0,-0.0,39.50986116288893,-41.0450335026736,-2.2735443999345697,1.1168888888888888,0.045152669575123566,0.04484643017325463,servo_0.546
6.382475499000066,0.546,1.0,-0.0,39.50584946206104,-41.049769642079944,-2.2735948139539817,1.1135555555555556,0.0292143957789813,0.04484643017325463,servo_0.546
6.3863218790002065,0.546,1.0,-0.0,39.50584946206104,-41.049769642079944,-2.2735948139539817,1.1135555555555556,0.0292143957789813,0.11053468413606372,servo_0.546
6.388323504000255,0.546,1.0,-0.0,39.50183198989406,-41.05451339834023,-2.2733773527792467,1.1124444444444443,0.0339040060972633,0.11053468413606372,servo_0.546
6.3898737240006085,0.546,1.0,-0.0,39.50160644485241,-41.05477977644502,-2.2733773527792467,1.114,0.0339040060972633,0.11053468413606372,servo_0.546
6.391743537000366,0.546,1.0,-0.0,39.50160644485241,-41.05477977644502,-2.2733773527792467,1.114,0.0339040060972633,0.05657092613211202,servo_0.546
6.393443329000547,0.546,1.0,-0.0,39.49762195187534,-41.059489574979914,-2.2725506854899287,1.1182222222222222,0.05679652449586601,0.05657092613211202,servo_0.546
6.394250199999988,0.546,1.0,-0.0,39.49762195187534,-41.059489574979914,-2.2725506854899287,1.1182222222222222,0.05679652449586601,-0.04645246611338373,servo_0.546
6.398163911000665,0.546,1.0,-0.0,39.49762195187534,-41.059489574979914,-2.2725506854899287,1.1182222222222222,0.05679652449586601,-0.05252540966633512,servo_0.546
6.399947833000624,0.546,1.0,-0.0,39.49321351752977,-41.06470362934355,-2.272782641385759,1.1117777777777778,0.025821827313091086,-0.05252540966633512,servo_0.546
6.404285172000527,0.546,1.0,-0.0,39.49321351752977,-41.06470362934355,-2.272782641385759,1.1117777777777778,0.025821827313091086,0.02040585599673008,servo_0.546
6.406051846000082,0.546,1.0,-0.0,39.488906960135694,-41.06979462952372,-2.2730463737420297,1.1093333333333333,0.0023176562192632234,0.02040585599673008,servo_0.546
6.409926196000015,0.546,1.0,-0.0,39.488906960135694,-41.06979462952372,-2.2730463737420297,1.1093333333333333,0.0023176562192632234,0.04311949920320355,servo_0.546
6.412095601000146,0.546,1.0,-0.0,39.48491856679199,-41.07450874678046,-2.2729426723500223,1.1088888888888888,0.0077441161525032805,0.04311949920320355,servo_0.546
6.415298668000105,0.546,1.0,-0.0,39.48491856679199,-41.07450874678046,-2.2729426723500223,1.1088888888888888,0.0077441161525032805,-0.0038015436021214947,servo_0.546
6.41709772700051,0.546,1.0,-0.0,39.48096905699077,-41.07917842012116,-2.272726412621328,1.1093333333333333,0.01835673106771336,-0.0038015436021214947,servo_0.546
6.421519131999958,0.546,1.0,-0.0,39.476996015145566,-41.08387687205912,-2.2727420764172828,1.1117777777777778,0.011709248666762904,-0.0038015436021214947,servo_0.546
6.422587705999831,0.546,1.0,-0.0,39.476996015145566,-41.08387687205912,-2.2727420764172828,1.1117777777777778,0.011709248666762904,-0.040492723551517514,servo_0.546
6.426404742000159,0.546,1.0,-0.0,39.476996015145566,-41.08387687205912,-2.2727420764172828,1.1117777777777778,0.011709248666762904,0.028796621467188494,servo_0.546
6.428299068000342,0.546,1.0,-0.0,39.47304581959675,-41.08854730518047,-2.272937778520247,1.1084444444444443,-0.003951342998721222,0.028796621467188494,servo_0.546
6.429894281000088,0.546,1.0,-0.0,39.4728131559002,-41.08882233577037,-2.272937778520247,1.1031111111111112,-0.003951342998721222,0.028796621467188494,servo_0.546
6.432588374000261,0.546,1.0,-0.0,39.4728131559002,-41.08882233577037,-2.272937778520247,1.1031111111111112,-0.003951342998721222,0.08404205695465986,servo_0.546
6.434237348000352,0.546,1.0,-0.0,39.46833623063078,-41.094117546618996,-2.2723677682285985,1.0991111111111111,0.02932374952513414,0.08404205695465986,servo_0.546
6.435084188000474,0.546,1.0,-0.0,39.46833623063078,-41.094117546618996,-2.2723677682285985,1.0991111111111111,0.02932374952513414,0.051960944350914424,servo_0.546
6.438375225000527,0.546,1.0,-0.0,39.46833623063078,-41.094117546618996,-2.2723677682285985,1.0991111111111111,0.02932374952513414,0.011692147914288636,servo_0.546
6.440091018000203,0.546,1.0,-0.0,39.46444952321791,-41.09871856931136,-2.272099757923401,1.1006666666666667,0.036114907972868225,0.011692147914288636,servo_0.546
6.443962520000241,0.546,1.0,-0.0,39.46444952321791,-41.09871856931136,-2.272099757923401,1.1006666666666667,0.036114907972868225,-0.0071666954902685305,servo_0.546
6.44556237300003,0.546,1.0,-0.0,39.46051560485262,-41.10337704106822,-2.2720372439361616,1.1037777777777777,0.028788079955294348,-0.0071666954902685305,servo_0.546
6.449429842000427,0.546,1.0,-0.0,39.46051560485262,-41.10337704106822,-2.2720372439361616,1.1037777777777777,0.028788079955294348,0.02606323822870983,servo_0.546
6.451042912000048,0.546,1.0,-0.0,39.45658617939154,-41.10803029443485,-2.2720781424531027,1.1044444444444443,0.018001647321625486,0.02606323822870983,servo_0.546
6.454891917000168,0.546,1.0,-0.0,39.45658617939154,-41.10803029443485,-2.2720781424531027,1.1044444444444443,0.018001647321625486,0.04613178406743536,servo_0.546
6.456567580999945,0.546,1.0,-0.0,39.45268018494325,-41.11265619696941,-2.271952772969548,1.0951111111111111,0.02042012459375079,0.04613178406743536,servo_0.546
6.461186143000305,0.546,1.0,-0.0,39.44881453471407,-41.11723595176307,-2.271726721371194,1.0904444444444445,0.028133622435856157,0.04613178406743536,servo_0.546
6.462729675000446,0.546,1.0,-0.0,39.44881453471407,-41.11723595176307,-2.271726721371194,1.0904444444444445,0.028133622435856157,0.0163292388028481,servo_0.546
6.466901409000457,0.546,1.0,-0.0,39.44881453471407,-41.11723595176307,-2.271726721371194,1.0904444444444445,0.028133622435856157,-0.05003591164646427,servo_0.546
6.468875833000311,0.546,1.0,-0.0,39.444437169391016,-41.1224235793883,-2.271643324330836,1.0931111111111111,0.02459230734595374,-0.05003591164646427,servo_0.546
6.469699887999923,0.546,1.0,-0.0,39.444437169391016,-41.1224235793883,-2.271643324330836,1.0931111111111111,0.02459230734595374,-0.10579192712976886,servo_0.546
6.471274717000597,0.546,1.0,-0.0,39.44417662663419,-41.12273237544655,-2.271643324330836,1.0991111111111111,0.02459230734595374,-0.10579192712976886,servo_0.546
6.472677733000637,0.546,1.0,-0.0,39.44417662663419,-41.12273237544655,-2.271643324330836,1.0991111111111111,0.02459230734595374,-0.08867446754566297,servo_0.546
6.4742324650005685,0.546,1.0,-0.0,39.44032500519231,-41.12729375654928,-2.272415043163134,1.1011111111111112,-0.03019488898517082,-0.08867446754566297,servo_0.546
6.4782470099999045,0.546,1.0,-0.0,39.44032500519231,-41.12729375654928,-2.272415043163134,1.1011111111111112,-0.03019488898517082,-0.029409668666557125,servo_0.546
6.4802523470007145,0.546,1.0,-0.0,39.436353187857215,-41.13199167642679,-2.272861155201936,1.0962222222222222,-0.047738762553318465,-0.029409668666557125,servo_0.546
6.483740030000263,0.546,1.0,-0.0,39.436353187857215,-41.13199167642679,-2.272861155201936,1.0962222222222222,-0.047738762553318465,-0.020511094552274844,servo_0.546
6.485563570000522,0.546,1.0,-0.0,39.432466045107475,-41.13658663215865,-2.273017886274043,1.0895555555555556,-0.04224003438729006,-0.020511094552274844,servo_0.546
6.489359997000065,0.546,1.0,-0.0,39.432466045107475,-41.13658663215865,-2.273017886274043,1.0895555555555556,-0.04224003438729006,-0.07058690160022527,servo_0.546
6.4912641150003765,0.546,1.0,-0.0,39.42856335227952,-41.14119869031855,-2.2731346423445613,1.0886666666666667,-0.035721352436785495,-0.07058690160022527,servo_0.546
6.49489263400028,0.546,1.0,-0.0,39.42856335227952,-41.14119869031855,-2.2731346423445613,1.0886666666666667,-0.035721352436785495,-0.10003478038664122,servo_0.546
6.496783343000061,0.546,1.0,-0.0,39.42461036008505,-41.145867915864656,-2.273498208899568,1.0924444444444446,-0.04618101718581742,-0.10003478038664122,servo_0.546
6.500392534000639,0.546,1.0,-0.0,39.42461036008505,-41.145867915864656,-2.273498208899568,1.0924444444444446,-0.04618101718581742,-0.038471750468797264,servo_0.546
6.502206056999967,0.546,1.0,-0.0,39.420676535306114,-41.1505104084838,-2.274003794687525,1.0966666666666667,-0.06233714614606456,-0.038471750468797264,servo_0.546
6.5059703550005,0.546,1.0,-0.0,39.420676535306114,-41.1505104084838,-2.274003794687525,1.0966666666666667,-0.06233714614606456,0.04615628514946409,servo_0.546
6.507818088000022,0.546,1.0,-0.0,39.41676358669566,-41.15512495434652,-2.2742055229775477,1.0926666666666667,-0.055177527442884365,0.04615628514946409,servo_0.546
6.511589747000471,0.546,1.0,-0.0,39.41676358669566,-41.15512495434652,-2.2742055229775477,1.0926666666666667,-0.055177527442884365,0.075098163328765,servo_0.546
6.513613451999845,0.546,1.0,-0.0,39.41286402242103,-41.15972380923343,-2.273983803168644,1.0873333333333333,-0.024777383665179828,0.075098163328765,servo_0.546
6.515164248000474,0.546,1.0,-0.0,39.41263067734804,-41.159999060841336,-2.273983803168644,1.0884444444444445,-0.024777383665179828,0.075098163328765,servo_0.546
6.516963435000434,0.546,1.0,-0.0,39.41263067734804,-41.159999060841336,-2.273983803168644,1.0884444444444445,-0.024777383665179828,0.06304338546046734,servo_0.546
6.518555063999884,0.546,1.0,-0.0,39.408701451772956,-41.16463565469425,-2.273618407594868,1.0933333333333333,0.0051852804330036195,0.06304338546046734,servo_0.546
6.51934663800057,0.546,1.0,-0.0,39.408701451772956,-41.16463565469425,-2.273618407594868,1.0933333333333333,0.0051852804330036195,0.03447390250593818,servo_0.546
6.522686252999847,0.546,1.0,-0.0,39.408701451772956,-41.16463565469425,-2.273618407594868,1.0933333333333333,0.0051852804330036195,0.03976565976797987,servo_0.546
6.524252953000541,0.546,1.0,-0.0,39.40483421051389,-41.16920305839263,-2.2731297298767617,1.0971111111111111,0.026122069110651368,0.03976565976797987,servo_0.546
6.528348877000099,0.546,1.0,-0.0,39.40483421051389,-41.16920305839263,-2.2731297298767617,1.0971111111111111,0.026122069110651368,0.04642829376530206,servo_0.546
6.530001148000338,0.546,1.0,-0.0,39.40096100985932,-41.17378067494673,-2.272934215076423,1.0917777777777777,0.030215146307849917,0.04642829376530206,servo_0.546
6.533801735999987,0.546,1.0,-0.0,39.40096100985932,-41.17378067494673,-2.272934215076423,1.0917777777777777,0.030215146307849917,0.023777428339743407,servo_0.546
6.535431478000646,0.546,1.0,-0.0,39.3970589689709,-41.17839435738624,-2.2727063110590024,1.0857777777777777,0.03507909054508556,0.023777428339743407,servo_0.546
6.539328356000624,0.546,1.0,-0.0,39.3970589689709,-41.17839435738624,-2.2727063110590024,1.0857777777777777,0.03507909054508556,6.017360793261905e-05,servo_0.546
6.541038196000045,0.546,1.0,-0.0,39.39318906674911,-41.18297165089713,-2.272587073118032,1.0851111111111111,0.031688591883482914,6.017360793261905e-05,servo_0.546
6.545019429000604,0.546,1.0,-0.0,39.39318906674911,-41.18297165089713,-2.272587073118032,1.0851111111111111,0.031688591883482914,-0.02680514705473007,servo_0.546
6.546740406000026,0.546,1.0,-0.0,39.38926109457235,-41.18761821060058,-2.2725829114097484,1.0904444444444445,0.022200066400817824,-0.02680514705473007,servo_0.546
6.550655301000006,0.546,1.0,-0.0,39.38926109457235,-41.18761821060058,-2.2725829114097484,1.0904444444444445,0.022200066400817824,-0.031340666435730136,servo_0.546
6.552571547000298,0.546,1.0,-0.0,39.38532254376449,-41.19227671714033,-2.2727070950564556,1.094,0.007498502364153456,-0.031340666435730136,servo_0.546
6.556225187000564,0.546,1.0,-0.0,39.38532254376449,-41.19227671714033,-2.2727070950564556,1.094,0.007498502364153456,-0.03570898715394906,servo_0.546
6.558088982999834,0.546,1.0,-0.0,39.38141887906974,-41.19689267535542,-2.2728574120634395,1.0862222222222222,-0.004153248275811621,-0.03570898715394906,servo_0.546
6.561685501000284,0.546,1.0,-0.0,39.38141887906974,-41.19689267535542,-2.2728574120634395,1.0862222222222222,-0.004153248275811621,-0.0610178225860559,servo_0.546
6.563487312000689,0.546,1.0,-0.0,39.377521770175434,-41.20149935277458,-2.273034302651902,1.0811111111111111,-0.013619969939252852,-0.0610178225860559,servo_0.546
6.564421099000356,0.546,1.0,-0.0,39.377521770175434,-41.20149935277458,-2.273034302651902,1.0811111111111111,-0.013619969939252852,-0.07067466108052178,servo_0.546
6.56596731800073,0.546,1.0,-0.0,39.37729348623481,-41.20176915325761,-2.273034302651902,1.0822222222222222,-0.013619969939252852,-0.07067466108052178,servo_0.546
6.568068018000304,0.546,1.0,-0.0,39.37348789369416,-41.20626389302584,-2.273681738763279,1.0895555555555556,-0.04068992633746217,-0.07067466108052178,servo_0.546
6.568876553000337,0.546,1.0,-0.0,39.37348789369416,-41.20626389302584,-2.273681738763279,1.0895555555555556,-0.04068992633746217,-0.07970734616163556,servo_0.546
6.572873594000157,0.546,1.0,-0.0,39.37348789369416,-41.20626389302584,-2.273681738763279,1.0895555555555556,-0.04068992633746217,-0.046577330917805616,servo_0.546
6.5745659300000625,0.546,1.0,-0.0,39.369624328477144,-41.21082228920568,-2.274075547718484,1.0917777777777777,-0.05239515228471418,-0.046577330917805616,servo_0.546
6.578470168000422,0.546,1.0,-0.0,39.369624328477144,-41.21082228920568,-2.274075547718484,1.0917777777777777,-0.05239515228471418,0.0010554996854176216,servo_0.546
6.580375694000395,0.546,1.0,-0.0,39.36572166979768,-41.21542390884818,-2.274303404383288,1.0868888888888888,-0.05064980587464161,0.0010554996854176216,servo_0.546
6.584038710000641,0.546,1.0,-0.0,39.36572166979768,-41.21542390884818,-2.274303404383288,1.0868888888888888,-0.05064980587464161,0.027084410703943903,servo_0.546
6.585701285000141,0.546,1.0,-0.0,39.36182272201689,-41.22002015317791,-2.2742901339080337,1.0855555555555556,-0.03513821420662384,0.027084410703943903,servo_0.546
6.589461776000462,0.546,1.0,-0.0,39.36182272201689,-41.22002015317791,-2.2742901339080337,1.0855555555555556,-0.03513821420662384,0.05683420041181237,servo_0.546
6.591226850000567,0.546,1.0,-0.0,39.3579465604017,-41.22459025644934,-2.274147906137486,1.0871111111111111,-0.016471426733453517,0.05683420041181237,servo_0.546
6.594880009000008,0.546,1.0,-0.0,39.3579465604017,-41.22459025644934,-2.274147906137486,1.0871111111111111,-0.016471426733453517,0.08289792966084819,servo_0.546
6.5965559610003766,0.546,1.0,-0.0,39.35405476634001,-41.22918079144297,-2.273860083589458,1.0924444444444446,0.005520261410126249,0.08289792966084819,servo_0.546
6.60064001200044,0.546,1.0,-0.0,39.35405476634001,-41.22918079144297,-2.273860083589458,1.0924444444444446,0.005520261410126249,0.08985036968023064,servo_0.546
6.602466815999833,0.546,1.0,-0.0,39.35017186531323,-41.2337641103188,-2.273443083350804,1.0913333333333333,0.02873356188534283,0.08985036968023064,servo_0.546
6.606237611000324,0.546,1.0,-0.0,39.35017186531323,-41.2337641103188,-2.273443083350804,1.0913333333333333,0.02873356188534283,0.0830064285081337,servo_0.546
6.608163137000702,0.546,1.0,-0.0,39.34623045185783,-41.238420584072195,-2.272993853532435,1.0842222222222222,0.047068604223809166,0.0830064285081337,servo_0.546
6.611894475000554,0.546,1.0,-0.0,39.34623045185783,-41.238420584072195,-2.272993853532435,1.0842222222222222,0.047068604223809166,0.048792702276534046,servo_0.546
6.613805281000168,0.546,1.0,-0.0,39.34232689981406,-41.24303637472616,-2.2725779931539556,1.0822222222222222,0.05784995150910652,0.048792702276534046,servo_0.546
6.614712731000509,0.546,1.0,-0.0,39.34232689981406,-41.24303637472616,-2.2725779931539556,1.0822222222222222,0.05784995150910652,0.007325263846642132,servo_0.546
6.616430507000587,0.546,1.0,-0.0,39.34206918845259,-41.243341236413855,-2.2725779931539556,1.0851111111111111,0.05784995150910652,0.007325263846642132,servo_0.546
6.618090330000086,0.546,1.0,-0.0,39.33828482699414,-41.24781917893143,-2.2723132193817444,1.0882222222222222,0.04079052287152697,0.007325263846642132,servo_0.546
6.618923730000461,0.546,1.0,-0.0,39.33828482699414,-41.24781917893143,-2.2723132193817444,1.0882222222222222,0.04079052287152697,-0.024712749239930647,servo_0.546
6.623073063000447,0.546,1.0,-0.0,39.33828482699414,-41.24781917893143,-2.2723132193817444,1.0882222222222222,0.04079052287152697,-0.04936482418008872,servo_0.546
6.625120641000649,0.546,1.0,-0.0,39.334465378762374,-41.25233925866873,-2.272442761693547,1.0802222222222222,0.021139541238089685,-0.04936482418008872,servo_0.546
6.629604671999914,0.546,1.0,-0.0,39.33064831793692,-41.256854757396795,-2.272696515190875,1.0733333333333333,-1.1768387363837729e-05,-0.04936482418008872,servo_0.546
6.630663070000082,0.546,1.0,-0.0,39.33064831793692,-41.256854757396795,-2.272696515190875,1.0733333333333333,-1.1768387363837729e-05,-0.08161615855057146,servo_0.546
6.634062463000191,0.546,1.0,-0.0,39.33064831793692,-41.256854757396795,-2.272696515190875,1.0733333333333333,-1.1768387363837729e-05,-0.13664644599207265,servo_0.546
6.635850448999918,0.546,1.0,-0.0,39.326765233028915,-41.26144527358169,-2.2731057894490148,1.0724444444444445,-0.024493085436326126,-0.13664644599207265,servo_0.546
6.639734719000444,0.546,1.0,-0.0,39.326765233028915,-41.26144527358169,-2.2731057894490148,1.0724444444444445,-0.024493085436326126,-0.17441018676269393,servo_0.546
6.641507504999936,0.546,1.0,-0.0,39.32289797628788,-41.26601198137442,-2.2737965881159323,1.0737777777777777,-0.05813909360305008,-0.17441018676269393,servo_0.546
6.645167417000266,0.546,1.0,-0.0,39.32289797628788,-41.26601198137442,-2.2737965881159323,1.0737777777777777,-0.05813909360305008,-0.13124753602745268,servo_0.546
6.647019437999916,0.546,1.0,-0.0,39.31908782068766,-41.270503917413336,-2.274717067787213,1.0708888888888888,-0.09302042155094323,-0.13124753602745268,servo_0.546
6.6507542630006355,0.546,1.0,-0.0,39.31908782068766,-41.270503917413336,-2.274717067787213,1.0708888888888888,-0.09302042155094323,-0.05448416880927761,servo_0.546
6.652687022000464,0.546,1.0,-0.0,39.31526292619861,-41.27500619100705,-2.275337994822461,1.0644444444444445,-0.10448855589389605,-0.05448416880927761,servo_0.546
6.656221969999933,0.546,1.0,-0.0,39.31526292619861,-41.27500619100705,-2.275337994822461,1.0644444444444445,-0.10448855589389605,-0.02273106610566747,servo_0.546
6.658042854000087,0.546,1.0,-0.0,39.311500465319334,-41.27943095562477,-2.275612977673114,1.0613333333333332,-0.0894872397685105,-0.02273106610566747,servo_0.546
6.661642252000092,0.546,1.0,-0.0,39.311500465319334,-41.27943095562477,-2.275612977673114,1.0613333333333332,-0.0894872397685105,-0.008942210424862148,servo_0.546
6.663478944000417,0.546,1.0,-0.0,39.3077252022349,-41.28386905035,-2.275721705821956,1.0604444444444445,-0.06946038766965759,-0.008942210424862148,servo_0.546
6.664396185999976,0.546,1.0,-0.0,39.3077252022349,-41.28386905035,-2.275721705821956,1.0604444444444445,-0.06946038766965759,0.02222202574983944,servo_0.546
6.666068745000302,0.546,1.0,-0.0,39.30750115784888,-41.28413240171477,-2.275721705821956,1.0635555555555556,-0.06946038766965759,0.02222202574983944,servo_0.546
6.667537426999843,0.546,1.0,-0.0,39.30750115784888,-41.28413240171477,-2.275721705821956,1.0635555555555556,-0.06946038766965759,0.07147876928215759,servo_0.546
6.669173217000207,0.546,1.0,-0.0,39.303778630613344,-41.28850829750865,-2.2756590213452617,1.0604444444444445,-0.029246846422401433,0.07147876928215759,servo_0.546
6.673114736000571,0.546,1.0,-0.0,39.303778630613344,-41.28850829750865,-2.2756590213452617,1.0604444444444445,-0.029246846422401433,0.08136408203101705,servo_0.546
6.674917860000278,0.546,1.0,-0.0,39.299968130959115,-41.292989505402126,-2.2753033460804906,1.056,0.0009708382889662727,0.08136408203101705,servo_0.546
6.678646445000595,0.546,1.0,-0.0,39.299968130959115,-41.292989505402126,-2.2753033460804906,1.056,0.0009708382889662727,0.017150604496407075,servo_0.546
6.680499361999864,0.546,1.0,-0.0,39.29616133091265,-41.29746979672376,-2.27490222512825,1.055111111111111,0.025088811411581508,0.017150604496407075,servo_0.546
6.6842342190002455,0.546,1.0,-0.0,39.29616133091265,-41.29746979672376,-2.27490222512825,1.055111111111111,0.025088811411581508,-0.05462318165699054,servo_0.546
6.686021662000712,0.546,1.0,-0.0,39.292360079631386,-41.301945742377725,-2.2748215385365853,1.0573333333333332,0.022707349337029177,-0.05462318165699054,servo_0.546
6.689806600999873,0.546,1.0,-0.0,39.292360079631386,-41.301945742377725,-2.2748215385365853,1.0573333333333332,0.022707349337029177,-0.10136256592712747,servo_0.546
6.691596252000636,0.546,1.0,-0.0,39.28853467676809,-41.306449208118536,-2.275103409308553,1.0573333333333332,-0.0004918099611767382,-0.10136256592712747,servo_0.546
6.695576269000412,0.546,1.0,-0.0,39.28853467676809,-41.306449208118536,-2.275103409308553,1.0573333333333332,-0.0004918099611767382,-0.08391335137260336,servo_0.546
6.697722728999906,0.546,1.0,-0.0,39.28470253502397,-41.310957068113545,-2.275596043121514,1.0544444444444445,-0.030753036750961957,-0.08391335137260336,servo_0.546
6.701178731000255,0.546,1.0,-0.0,39.28470253502397,-41.310957068113545,-2.275596043121514,1.0544444444444445,-0.030753036750961957,-0.06573630321453901,servo_0.546
6.703212805000476,0.546,1.0,-0.0,39.280851169475795,-41.31548338402934,-2.276009618792261,1.054,-0.046701131137454374,-0.06573630321453901,servo_0.546
6.706664839000041,0.546,1.0,-0.0,39.280851169475795,-41.31548338402934,-2.276009618792261,1.054,-0.046701131137454374,-0.09673580623106239,servo_0.546
6.708606941000653,0.546,1.0,-0.0,39.277001553856216,-41.320004283422115,-2.2763294258431452,1.0542222222222222,-0.05241168276057977,-0.09673580623106239,servo_0.546
6.709492407000653,0.546,1.0,-0.0,39.277001553856216,-41.320004283422115,-2.2763294258431452,1.0542222222222222,-0.05241168276057977,-0.1015887848169729,servo_0.546
6.711421677000544,0.546,1.0,-0.0,39.27671989967521,-41.32033494443538,-2.2763294258431452,1.0533333333333332,-0.05241168276057977,-0.1015887848169729,servo_0.546
6.71312764600043,0.546,1.0,-0.0,39.27303121563499,-41.32466119226829,-2.2772998522193664,1.0535555555555556,-0.07647287930629905,-0.1015887848169729,servo_0.546
6.714002038000217,0.546,1.0,-0.0,39.27303121563499,-41.32466119226829,-2.2772998522193664,1.0535555555555556,-0.07647287930629905,-0.05979304728429607,servo_0.546
6.717942694000158,0.546,1.0,-0.0,39.27303121563499,-41.32466119226829,-2.2772998522193664,1.0535555555555556,-0.07647287930629905,0.0094088877940065,servo_0.546
6.719759448999866,0.546,1.0,-0.0,39.26920301473144,-41.32914533101378,-2.277592821281473,1.056888888888889,-0.07146892969969815,0.0094088877940065,servo_0.546
6.723311966000438,0.546,1.0,-0.0,39.26920301473144,-41.32914533101378,-2.277592821281473,1.056888888888889,-0.07146892969969815,0.05302718666640888,servo_0.546
6.724909899000522,0.546,1.0,-0.0,39.26546695746678,-41.33352048956256,-2.277536472778442,1.0564444444444445,-0.047205584451586756,0.05302718666640888,servo_0.546
6.728880828000001,0.546,1.0,-0.0,39.26546695746678,-41.33352048956256,-2.277536472778442,1.0564444444444445,-0.047205584451586756,0.0643568357041484,servo_0.546
6.730445128000611,0.546,1.0,-0.0,39.26170600941418,-41.337926270122146,-2.2772624930350682,1.0533333333333332,-0.017135753116188063,0.0643568357041484,servo_0.546
6.734455993000665,0.546,1.0,-0.0,39.26170600941418,-41.337926270122146,-2.2772624930350682,1.0533333333333332,-0.017135753116188063,0.050653203258820216,servo_0.546
6.736188427000343,0.546,1.0,-0.0,39.25791915015788,-41.342365118317176,-2.2769325111174874,1.054888888888889,0.007312023529912875,0.050653203258820216,servo_0.546
6.739969878000011,0.546,1.0,-0.0,39.25791915015788,-41.342365118317176,-2.2769325111174874,1.054888888888889,0.007312023529912875,0.008635776290745701,servo_0.546
6.741670118000002,0.546,1.0,-0.0,39.25412147872672,-41.34681932180286,-2.276667828631,1.0597777777777777,0.020314377448585077,0.008635776290745701,servo_0.546
6.745630358000199,0.546,1.0,-0.0,39.25412147872672,-41.34681932180286,-2.276667828631,1.0597777777777777,0.020314377448585077,-0.010771252816771755,servo_0.546
6.747475754000334,0.546,1.0,-0.0,39.25037364195433,-41.351216482514,-2.2766164750908215,1.058,0.016810797101233264,-0.010771252816771755,servo_0.546
6.751833798000007,0.546,1.0,-0.0,39.25037364195433,-41.351216482514,-2.2766164750908215,1.058,0.016810797101233264,0.007616565296072312,servo_0.546
6.753773916000682,0.546,1.0,-0.0,39.24659323141367,-41.35565188310681,-2.276662795263105,1.0575555555555556,0.008536182125831758,0.007616565296072312,servo_0.546
6.7573492820001775,0.546,1.0,-0.0,39.24659323141367,-41.35565188310681,-2.276662795263105,1.0575555555555556,0.008536182125831758,-0.024188682829889688,servo_0.546
6.75946207800007,0.546,1.0,-0.0,39.24230854731573,-41.36067891793231,-2.2766182906796795,1.0595555555555556,0.008260297076903924,-0.024188682829889688,servo_0.546
6.761077226999987,0.546,1.0,-0.0,39.24230854731573,-41.36067891793231,-2.2766182906796795,1.0595555555555556,0.008260297076903924,-0.0868000182571675,servo_0.546
6.762942560000738,0.546,1.0,-0.0,39.24205318556246,-41.360978536354786,-2.2766182906796795,1.0624444444444445,0.008260297076903924,-0.0868000182571675,servo_0.546
6.765122270000575,0.546,1.0,-0.0,39.238322698486286,-41.36535316122721,-2.2771580018900757,1.0622222222222222,-0.027072083303744162,-0.0868000182571675,servo_0.546
6.766139131000273,0.546,1.0,-0.0,39.238322698486286,-41.36535316122721,-2.2771580018900757,1.0622222222222222,-0.027072083303744162,-0.12430061374495374,servo_0.546
6.7691578720005054,0.546,1.0,-0.0,39.238322698486286,-41.36535316122721,-2.2771580018900757,1.0622222222222222,-0.027072083303744162,-0.0820379866224832,servo_0.546
6.771396015000391,0.546,1.0,-0.0,39.23396746027692,-41.370454420861826,-2.277777438325446,1.0655555555555556,-0.05624064243610703,-0.0820379866224832,servo_0.546
6.7747020289998545,0.546,1.0,-0.0,39.23396746027692,-41.370454420861826,-2.277777438325446,1.0655555555555556,-0.05624064243610703,-0.04506365673323183,servo_0.546
6.777089425000668,0.546,1.0,-0.0,39.23015372886778,-41.3749167865274,-2.2781824826241723,1.068,-0.06397984569201988,-0.04506365673323183,servo_0.546
6.780632181000328,0.546,1.0,-0.0,39.23015372886778,-41.3749167865274,-2.2781824826241723,1.068,-0.06397984569201988,-0.031110531866844458,servo_0.546
6.782518122000511,0.546,1.0,-0.0,39.226339313625,-41.37937714337595,-2.27839934396493,1.064888888888889,-0.05830498900438346,-0.031110531866844458,servo_0.546
6.785785255000519,0.546,1.0,-0.0,39.226339313625,-41.37937714337595,-2.27839934396493,1.064888888888889,-0.05830498900438346,-0.019027052196017392,servo_0.546
6.787592698000481,0.546,1.0,-0.0,39.22256526522518,-41.38378866839261,-2.2785472525260704,1.0662222222222222,-0.050146651863121755,-0.019027052196017392,servo_0.546
6.791155487000651,0.546,1.0,-0.0,39.22256526522518,-41.38378866839261,-2.2785472525260704,1.0662222222222222,-0.050146651863121755,-0.021188221984778908,servo_0.546
6.792840943000556,0.546,1.0,-0.0,39.21874611198542,-41.388251828236136,-2.278640307682979,1.0726666666666667,-0.04081077196299045,-0.021188221984778908,servo_0.546
6.797585557000275,0.546,1.0,-0.0,39.214612571840966,-41.393081416805565,-2.2787460403585715,1.0744444444444445,-0.03492400696952698,-0.021188221984778908,servo_0.546
6.798590866000268,0.546,1.0,-0.0,39.214612571840966,-41.393081416805565,-2.2787460403585715,1.0744444444444445,-0.03492400696952698,-0.004903994245393698,servo_0.546
6.800329059000433,0.546,1.0,-0.0,39.21438978772799,-41.39334168776723,-2.2787460403585715,1.0686666666666667,-0.03492400696952698,-0.004903994245393698,servo_0.546
6.801134457999979,0.546,1.0,-0.0,39.21438978772799,-41.39334168776723,-2.2787460403585715,1.0686666666666667,-0.03492400696952698,0.022380282017022798,servo_0.546
6.8028625070001,0.546,1.0,-0.0,39.21438978772799,-41.39334168776723,-2.2787460403585715,1.0686666666666667,-0.03492400696952698,0.010930964459878949,servo_0.546
6.805264366999836,0.546,1.0,-0.0,39.21062010903074,-41.39774599911169,-2.278672836572886,1.0682222222222222,-0.011428517601494055,0.010930964459878949,servo_0.546
6.808471753000049,0.546,1.0,-0.0,39.21062010903074,-41.39774599911169,-2.278672836572886,1.0682222222222222,-0.011428517601494055,-0.04576658978057984,servo_0.546
6.8103105250002045,0.546,1.0,-0.0,39.206767198525974,-41.40224811900651,-2.2786221492059786,1.0728888888888888,-0.004720672983082154,-0.04576658978057984,servo_0.546
6.813885507000123,0.546,1.0,-0.0,39.206767198525974,-41.40224811900651,-2.2786221492059786,1.0728888888888888,-0.004720672983082154,-0.09047214289335848,servo_0.546
6.8156969820001905,0.546,1.0,-0.0,39.202887345058876,-41.40678091044616,-2.27884965173374,1.078,-0.01703444802233146,-0.09047214289335848,servo_0.546
6.819357406000563,0.546,1.0,-0.0,39.202887345058876,-41.40678091044616,-2.27884965173374,1.078,-0.01703444802233146,-0.03218128699202984,servo_0.546
6.82118350500059,0.546,1.0,-0.0,39.199051028115655,-41.41125977587388,-2.27929758852105,1.0746666666666667,-0.039065756483639566,-0.03218128699202984,servo_0.546
6.824824088000241,0.546,1.0,-0.0,39.199051028115655,-41.41125977587388,-2.27929758852105,1.0746666666666667,-0.039065756483639566,0.016740737762860076,servo_0.546
6.826468199000374,0.546,1.0,-0.0,39.19519922889799,-41.415753929730776,-2.2794622648801415,1.0737777777777777,-0.03700041563615664,0.016740737762860076,servo_0.546
6.8304998650000925,0.546,1.0,-0.0,39.19519922889799,-41.415753929730776,-2.2794622648801415,1.0737777777777777,-0.03700041563615664,-0.004045985639859566,servo_0.546
6.832282348000263,0.546,1.0,-0.0,39.19132160290245,-41.42027783796069,-2.2793804786828336,1.0744444444444445,-0.020878069616451625,-0.004045985639859566,servo_0.546
6.836132249000002,0.546,1.0,-0.0,39.19132160290245,-41.42027783796069,-2.2793804786828336,1.0744444444444445,-0.020878069616451625,-0.046091903230111426,servo_0.546
6.837982637000096,0.546,1.0,-0.0,39.1874106176151,-41.42484097431353,-2.2793953750168567,1.0775555555555556,-0.015828444423474006,-0.046091903230111426,servo_0.546
6.841630003999853,0.546,1.0,-0.0,39.1874106176151,-41.42484097431353,-2.2793953750168567,1.0775555555555556,-0.015828444423474006,-0.04421631793696348,servo_0.546
6.843497737000689,0.546,1.0,-0.0,39.18351447007778,-41.42938568789394,-2.279622002175374,1.0782222222222222,-0.024907482065465232,-0.04421631793696348,servo_0.546
6.845132823000313,0.546,1.0,-0.0,39.183283385658655,-41.42965517761062,-2.279622002175374,1.0775555555555556,-0.024907482065465232,-0.04421631793696348,servo_0.546
6.8470227650004745,0.546,1.0,-0.0,39.183283385658655,-41.42965517761062,-2.279622002175374,1.0775555555555556,-0.024907482065465232,-0.0014109266209158177,servo_0.546
6.84866831599993,0.546,1.0,-0.0,39.17938997195857,-41.434194633343765,-2.2798457033550963,1.0764444444444445,-0.021913370965115034,-0.0014109266209158177,servo_0.546
6.84950491500058,0.546,1.0,-0.0,39.17938997195857,-41.434194633343765,-2.2798457033550963,1.0764444444444445,-0.021913370965115034,0.006187210848769907,servo_0.546
6.8529539730006945,0.546,1.0,-0.0,39.17938997195857,-41.434194633343765,-2.2798457033550963,1.0764444444444445,-0.021913370965115034,-0.019826399997204678,servo_0.546
6.854808009000408,0.546,1.0,-0.0,39.17555032028068,-41.43867054359951,-2.2798124612570927,1.0768888888888888,-0.01348319642094955,-0.019826399997204678,servo_0.546
6.858535539000513,0.546,1.0,-0.0,39.17555032028068,-41.43867054359951,-2.2798124612570927,1.0768888888888888,-0.01348319642094955,-0.05299100928747583,servo_0.546
6.860462921999897,0.546,1.0,-0.0,39.17165403167849,-41.443212189335256,-2.279908071978718,1.0788888888888888,-0.015386157493826089,-0.05299100928747583,servo_0.546
6.864135826000165,0.546,1.0,-0.0,39.17165403167849,-41.443212189335256,-2.279908071978718,1.0788888888888888,-0.015386157493826089,-0.08605999236926173,servo_0.546
6.866033703000539,0.546,1.0,-0.0,39.16776245915517,-41.44774671118486,-2.2801669640318405,1.0797777777777777,-0.02666761303192101,-0.08605999236926173,servo_0.546
6.869541834999836,0.546,1.0,-0.0,39.16776245915517,-41.44774671118486,-2.2801669640318405,1.0797777777777777,-0.02666761303192101,-0.08145046831887649,servo_0.546
6.871456225000657,0.546,1.0,-0.0,39.16386861126534,-41.45228070026076,-2.2806020009538837,1.0802222222222222,-0.04448532683312323,-0.08145046831887649,servo_0.546
6.875081032000708,0.546,1.0,-0.0,39.16386861126534,-41.45228070026076,-2.2806020009538837,1.0802222222222222,-0.04448532683312323,-0.06187382081705621,servo_0.546
6.877008606000345,0.546,1.0,-0.0,39.15998540422638,-41.45679844906365,-2.2810090959805476,1.0793333333333333,-0.05557486927884921,-0.06187382081705621,servo_0.546
6.880645029000334,0.546,1.0,-0.0,39.15998540422638,-41.45679844906365,-2.2810090959805476,1.0793333333333333,-0.05557486927884921,-0.022554367447935313,servo_0.546
6.8825842200003535,0.546,1.0,-0.0,39.156103812986345,-41.46131103228883,-2.2813216471513598,1.0773333333333333,-0.0574645547403113,-0.022554367447935313,servo_0.546
6.886170274000506,0.546,1.0,-0.0,39.156103812986345,-41.46131103228883,-2.2813216471513598,1.0773333333333333,-0.0574645547403113,-0.0014693199388191953,servo_0.546
6.888066262999928,0.546,1.0,-0.0,39.15218227563332,-41.465868097401845,-2.281433824407536,1.0782222222222222,-0.0469914985525985,-0.0014693199388191953,servo_0.546
6.891749471000367,0.546,1.0,-0.0,39.15218227563332,-41.465868097401845,-2.281433824407536,1.0782222222222222,-0.0469914985525985,0.023305801236041788,servo_0.546
6.893611668000631,0.546,1.0,-0.0,39.14827544577198,-41.470407543426155,-2.281436674715298,1.0833333333333333,-0.03333484496846471,0.023305801236041788,servo_0.546
6.894526222000422,0.546,1.0,-0.0,39.14827544577198,-41.470407543426155,-2.281436674715298,1.0833333333333333,-0.03333484496846471,0.05077626210712789,servo_0.546
6.896163997000258,0.546,1.0,-0.0,39.148040385253026,-41.47068066549708,-2.281436674715298,1.0855555555555556,-0.03333484496846471,0.05077626210712789,servo_0.546
6.897961679000218,0.546,1.0,-0.0,39.144232535997766,-41.47510678408905,-2.281058282058137,1.0793333333333333,0.003793022857159439,0.05077626210712789,servo_0.546
6.8987982469998315,0.546,1.0,-0.0,39.144232535997766,-41.47510678408905,-2.281058282058137,1.0793333333333333,0.003793022857159439,0.07443850664913076,servo_0.546
6.9030226550003135,0.546,1.0,-0.0,39.144232535997766,-41.47510678408905,-2.281058282058137,1.0793333333333333,0.003793022857159439,0.07292876062716486,servo_0.546
6.904651116999958,0.546,1.0,-0.0,39.140315686958395,-41.47966305065452,-2.2806876788224235,1.0746666666666667,0.024986667994750838,0.07292876062716486,servo_0.546
6.908279828000559,0.546,1.0,-0.0,39.140315686958395,-41.47966305065452,-2.2806876788224235,1.0746666666666667,0.024986667994750838,0.007449219951371759,servo_0.546
6.909575160000713,0.546,1.0,-0.0,39.136462668785136,-41.48414840452675,-2.280322182766777,1.0766666666666667,0.03936929578447504,0.007449219951371759,servo_0.546
6.913638730999992,0.546,1.0,-0.0,39.136462668785136,-41.48414840452675,-2.280322182766777,1.0766666666666667,0.03936929578447504,-0.049704668502318056,servo_0.546
6.914946832000169,0.546,1.0,-0.0,39.1326141575625,-41.48863033731709,-2.2802849597833,1.0848888888888888,0.02979327303454405,-0.049704668502318056,servo_0.546
6.919385262000105,0.546,1.0,-0.0,39.1326141575625,-41.48863033731709,-2.2802849597833,1.0848888888888888,0.02979327303454405,-0.08225296197910144,servo_0.546
6.921199776999856,0.546,1.0,-0.0,39.12876011304654,-41.49311773358117,-2.280538159770204,1.0842222222222222,0.005943890573485417,-0.08225296197910144,servo_0.546
6.925173906000055,0.546,1.0,-0.0,39.12876011304654,-41.49311773358117,-2.280538159770204,1.0842222222222222,0.005943890573485417,-0.07479821648861641,servo_0.546
6.927262541000346,0.546,1.0,-0.0,39.12487221066981,-41.49764148548969,-2.280954802206411,1.078,-0.020515165192290637,-0.07479821648861641,servo_0.546
6.93056423500002,0.546,1.0,-0.0,39.12487221066981,-41.49764148548969,-2.280954802206411,1.078,-0.020515165192290637,-0.08601175586401767,servo_0.546
6.932450528000118,0.546,1.0,-0.0,39.12095132067843,-41.50219994663906,-2.2813345624294663,1.0746666666666667,-0.03680008058118837,-0.08601175586401767,servo_0.546
6.936130984000556,0.546,1.0,-0.0,39.12095132067843,-41.50219994663906,-2.2813345624294663,1.0746666666666667,-0.03680008058118837,-0.12382821890184413,servo_0.546
6.937971420000395,0.546,1.0,-0.0,39.11705855178479,-41.50672199962544,-2.2817666639920797,1.0775555555555556,-0.05156358316603715,-0.12382821890184413,servo_0.546
6.9416591409999455,0.546,1.0,-0.0,39.11705855178479,-41.50672199962544,-2.2817666639920797,1.0775555555555556,-0.05156358316603715,-0.11627657595957225,servo_0.546
6.943486649000079,0.546,1.0,-0.0,39.11313969967077,-41.511269529379085,-2.2823828523913465,1.0842222222222222,-0.07324297388677925,-0.11627657595957225,servo_0.546
6.944356849000542,0.546,1.0,-0.0,39.11313969967077,-41.511269529379085,-2.2823828523913465,1.0842222222222222,-0.07324297388677925,-0.0557589740888281,servo_0.546
6.9458826200007024,0.546,1.0,-0.0,39.11291975875332,-41.511524595128286,-2.2823828523913465,1.0815555555555556,-0.07324297388677925,-0.0557589740888281,servo_0.546
6.947267364000254,0.546,1.0,-0.0,39.11291975875332,-41.511524595128286,-2.2823828523913465,1.0815555555555556,-0.07324297388677925,0.00904706407040561,servo_0.546
6.948943283000517,0.546,1.0,-0.0,39.109144956402936,-41.5158984685105,-2.2832349852057425,1.0737777777777777,-0.07703483038268043,0.00904706407040561,servo_0.546
6.953018885999882,0.546,1.0,-0.0,39.109144956402936,-41.5158984685105,-2.2832349852057425,1.0737777777777777,-0.07703483038268043,0.022204692316213307,servo_0.546
6.9549111639998955,0.546,1.0,-0.0,39.10521428102682,-41.52044924830975,-2.283187762622598,1.0711111111111111,-0.051210262046754614,0.022204692316213307,servo_0.546
6.958531619000496,0.546,1.0,-0.0,39.10521428102682,-41.52044924830975,-2.283187762622598,1.0711111111111111,-0.051210262046754614,0.016603995884154815,servo_0.546
6.9603653660005875,0.546,1.0,-0.0,39.1013091051831,-41.52497124544745,-2.28307313873245,1.0768888888888888,-0.029185775737864232,0.016603995884154815,servo_0.546
6.9641155850004,0.546,1.0,-0.0,39.1013091051831,-41.52497124544745,-2.28307313873245,1.0768888888888888,-0.029185775737864232,0.02750949282581258,servo_0.546
6.965854930000205,0.546,1.0,-0.0,39.097377152771415,-41.52952516628713,-2.2829883563822926,1.0831111111111111,-0.015448844251258517,0.02750949282581258,servo_0.546
6.969496377000723,0.546,1.0,-0.0,39.097377152771415,-41.52952516628713,-2.2829883563822926,1.0831111111111111,-0.015448844251258517,0.03017944497667152,servo_0.546
6.9711823450006705,0.546,1.0,-0.0,39.09349206740792,-41.534025800278926,-2.28285466999573,1.0764444444444445,-0.0025613431281371873,0.03017944497667152,servo_0.546
6.975712489000216,0.546,1.0,-0.0,39.09349206740792,-41.534025800278926,-2.28285466999573,1.0764444444444445,-0.0025613431281371873,0.021556510115807045,servo_0.546
6.977549244999864,0.546,1.0,-0.0,39.089638810341064,-41.538490798956005,-2.28271451079663,1.072,0.007260893303305425,0.021556510115807045,servo_0.546
6.981952697999986,0.546,1.0,-0.0,39.089638810341064,-41.538490798956005,-2.28271451079663,1.072,0.007260893303305425,-0.027244502055565892,servo_0.546
6.98381671900006,0.546,1.0,-0.0,39.084916697067925,-41.54396393242499,-2.2826125714555414,1.0715555555555556,0.011549578347055911,-0.027244502055565892,servo_0.546
6.987523927999973,0.546,1.0,-0.0,39.084916697067925,-41.54396393242499,-2.2826125714555414,1.0715555555555556,0.011549578347055911,-0.06243774933906969,servo_0.546
6.989635315000669,0.546,1.0,-0.0,39.08096558323127,-41.54854329827635,-2.282746033793169,1.0771111111111111,-8.864577373062996e-05,-0.06243774933906969,servo_0.546
6.99080050000066,0.546,1.0,-0.0,39.08096558323127,-41.54854329827635,-2.282746033793169,1.0771111111111111,-8.864577373062996e-05,-0.04898920195308986,servo_0.546
6.992670569000438,0.546,1.0,-0.0,39.08073085257407,-41.548815315885996,-2.282746033793169,1.0815555555555556,-8.864577373062996e-05,-0.04898920195308986,servo_0.546
6.994296183000188,0.546,1.0,-0.0,39.07692690158394,-41.55322105939711,-2.2832993485979234,1.0768888888888888,-0.0278521243762596,-0.04898920195308986,servo_0.546
6.995461592000538,0.546,1.0,-0.0,39.07692690158394,-41.55322105939711,-2.2832993485979234,1.0768888888888888,-0.0278521243762596,-0.016946439909338876,servo_0.546
6.998490478000349,0.546,1.0,-0.0,39.07692690158394,-41.55322105939711,-2.2832993485979234,1.0768888888888888,-0.0278521243762596,0.016559436829869125,servo_0.546
7.0005689690005966,0.546,1.0,-0.0,39.07306758297768,-41.55768802631856,-2.2833888947471057,1.0737777777777777,-0.02458041903618338,0.016559436829869125,servo_0.546
7.004190190999907,0.546,1.0,-0.0,39.07306758297768,-41.55768802631856,-2.2833888947471057,1.0737777777777777,-0.02458041903618338,0.016475435943720442,servo_0.546
7.006036868000592,0.546,1.0,-0.0,39.06922845608735,-41.56213159257997,-2.2833059762187338,1.0724444444444445,-0.012238462276367625,0.016475435943720442,servo_0.546
7.009717484000248,0.546,1.0,-0.0,39.06922845608735,-41.56213159257997,-2.2833059762187338,1.0724444444444445,-0.012238462276367625,0.011654624390648339,servo_0.546
7.011482782000712,0.546,1.0,-0.0,39.0653356083336,-41.5666381015259,-2.2832211665578397,1.0753333333333333,-0.003624292810341205,0.011654624390648339,servo_0.546
7.015242792000208,0.546,1.0,-0.0,39.0653356083336,-41.5666381015259,-2.2832211665578397,1.0753333333333333,-0.003624292810341205,0.015497812394092973,servo_0.546
7.016963513000519,0.546,1.0,-0.0,39.061395039968204,-41.571200534184015,-2.2831583949268985,1.078,0.0009593823499556581,0.015497812394092973,servo_0.546
7.020903272999931,0.546,1.0,-0.0,39.061395039968204,-41.571200534184015,-2.2831583949268985,1.078,0.0009593823499556581,0.04068434631432712,servo_0.546
7.022678459000417,0.546,1.0,-0.0,39.05748236323528,-41.575731336182834,-2.2830764757936173,1.0735555555555556,0.005320911363196852,0.04068434631432712,servo_0.546
7.026433317000738,0.546,1.0,-0.0,39.05748236323528,-41.575731336182834,-2.2830764757936173,1.0735555555555556,0.005320911363196852,0.05393132569530158,servo_0.546
7.028431102000468,0.546,1.0,-0.0,39.05360413802527,-41.5802235669929,-2.2828669916921847,1.0708888888888888,0.015929941848535932,0.05393132569530158,servo_0.546
7.030488824000713,0.546,1.0,-0.0,39.053363108072105,-41.58050281624392,-2.2828669916921847,1.0711111111111111,0.015929941848535932,0.05393132569530158,servo_0.546
7.031987170999855,0.546,1.0,-0.0,39.053363108072105,-41.58050281624392,-2.2828669916921847,1.0711111111111111,0.015929941848535932,0.019102946045300846,servo_0.546
7.033912153000529,0.546,1.0,-0.0,39.049492323317835,-41.58498905845557,-2.28249640425385,1.074,0.02486213371538619,0.019102946045300846,servo_0.546
7.034805778000191,0.546,1.0,-0.0,39.049492323317835,-41.58498905845557,-2.28249640425385,1.074,0.02486213371538619,-0.017520483242008153,servo_0.546
7.037554208000074,0.546,1.0,-0.0,39.049492323317835,-41.58498905845557,-2.28249640425385,1.074,0.02486213371538619,-0.030170602449614618,servo_0.546
7.039429365000615,0.546,1.0,-0.0,39.04569525294824,-41.5893911455217,-2.2825793494638376,1.0742222222222222,0.012147348628167886,-0.030170602449614618,servo_0.546
7.043055963999905,0.546,1.0,-0.0,39.04569525294824,-41.5893911455217,-2.2825793494638376,1.0742222222222222,0.012147348628167886,-0.01841497455373312,servo_0.546
7.045330332000049,0.546,1.0,-0.0,39.04185081834928,-41.59384710829016,-2.2827262358477793,1.0722222222222222,-0.000548036695166865,-0.01841497455373312,servo_0.546
7.048668283000552,0.546,1.0,-0.0,39.04185081834928,-41.59384710829016,-2.2827262358477793,1.0722222222222222,-0.000548036695166865,-0.010450095354956914,servo_0.546
7.050936379000632,0.546,1.0,-0.0,39.03800791101084,-41.598300230735994,-2.2828170389136986,1.0697777777777777,-0.005908118052736741,-0.010450095354956914,servo_0.546
7.054065332000391,0.546,1.0,-0.0,39.03800791101084,-41.598300230735994,-2.2828170389136986,1.0697777777777777,-0.005908118052736741,-0.029892687025702636,servo_0.546
7.056160879000345,0.546,1.0,-0.0,39.03413826076787,-41.602783725453,-2.2828623930983363,1.068,-0.007270711243402792,-0.029892687025702636,servo_0.546
7.05959496000014,0.546,1.0,-0.0,39.03413826076787,-41.602783725453,-2.2828623930983363,1.068,-0.007270711243402792,-0.03943627667540751,servo_0.546
7.06215260099998,0.546,1.0,-0.0,39.03030457448006,-41.60722469628496,-2.2830074694765905,1.0706666666666667,-0.014057303978092744,-0.03943627667540751,servo_0.546
7.065112685000713,0.546,1.0,-0.0,39.03030457448006,-41.60722469628496,-2.2830074694765905,1.0706666666666667,-0.014057303978092744,-0.02087560016231723,servo_0.546
7.066733178000504,0.546,1.0,-0.0,39.02643884155452,-41.61170127894895,-2.283196314006532,1.0744444444444445,-0.02167099578728717,-0.02087560016231723,servo_0.546
7.0710095240001465,0.546,1.0,-0.0,39.02643884155452,-41.61170127894895,-2.283196314006532,1.0744444444444445,-0.02167099578728717,-0.006039349232216266,servo_0.546
7.073460217000502,0.546,1.0,-0.0,39.02232345528696,-41.61646556514835,-2.2832979781682075,1.0702222222222222,-0.021432377099796188,-0.006039349232216266,servo_0.546
7.076574769000217,0.546,1.0,-0.0,39.02232345528696,-41.61646556514835,-2.2832979781682075,1.0702222222222222,-0.021432377099796188,-0.0136320547895458,servo_0.546
7.078286498000125,0.546,1.0,-0.0,39.01850263274739,-41.620888247917115,-2.283329166700295,1.0671111111111111,-0.01681446873952221,-0.0136320547895458,servo_0.546
7.078939091999928,0.546,1.0,-0.0,39.01850263274739,-41.620888247917115,-2.283329166700295,1.0671111111111111,-0.01681446873952221,-0.05903965149548026,servo_0.546
7.080220024000482,0.546,1.0,-0.0,39.018237383703,-41.621195269608585,-2.283329166700295,1.0677777777777777,-0.01681446873952221,-0.05903965149548026,servo_0.546
7.082082093000281,0.546,1.0,-0.0,39.018237383703,-41.621195269608585,-2.283329166700295,1.0677777777777777,-0.01681446873952221,-0.0846270618999878,servo_0.546
7.08337604999997,0.546,1.0,-0.0,39.014442855270936,-41.62558575237715,-2.2836954309199187,1.0724444444444445,-0.028813716636814576,-0.0846270618999878,servo_0.546
7.087600073000431,0.546,1.0,-0.0,39.014442855270936,-41.62558575237715,-2.2836954309199187,1.0724444444444445,-0.028813716636814576,-0.0688975212015443,servo_0.546
7.089133653000317,0.546,1.0,-0.0,39.010618384350394,-41.63000734290848,-2.2841204826249286,1.0735555555555556,-0.04555772021576654,-0.0688975212015443,servo_0.546
7.093014435000441,0.546,1.0,-0.0,39.010618384350394,-41.63000734290848,-2.2841204826249286,1.0735555555555556,-0.04555772021576654,-0.012624285504735393,servo_0.546
7.0944869240001935,0.546,1.0,-0.0,39.00680080374642,-41.634417519322085,-2.2844688454044717,1.0711111111111111,-0.052559660511499864,-0.012624285504735393,servo_0.546
7.098523423000188,0.546,1.0,-0.0,39.00680080374642,-41.634417519322085,-2.2844688454044717,1.0711111111111111,-0.052559660511499864,0.029925955733382612,servo_0.546
7.100119564000124,0.546,1.0,-0.0,39.002998506148884,-41.63880821529419,-2.284531789628092,1.0704444444444445,-0.04057904800947052,0.029925955733382612,servo_0.546
7.1040260420004415,0.546,1.0,-0.0,39.002998506148884,-41.63880821529419,-2.284531789628092,1.0704444444444445,-0.04057904800947052,0.04274464263501808,servo_0.546
7.105524485000387,0.546,1.0,-0.0,38.99918059092439,-41.64321734491323,-2.2843792268061174,1.07,-0.019427546886614577,0.04274464263501808,servo_0.546
7.109463796000455,0.546,1.0,-0.0,38.99918059092439,-41.64321734491323,-2.2843792268061174,1.07,-0.019427546886614577,0.059938722195923395,servo_0.546
7.111112451000736,0.546,1.0,-0.0,38.995358538511056,-41.647632903056916,-2.2841617386752184,1.07,-0.0007758900301247807,0.059938722195923395,servo_0.546
7.114900494000722,0.546,1.0,-0.0,38.995358538511056,-41.647632903056916,-2.2841617386752184,1.07,-0.0007758900301247807,0.07926685931733646,servo_0.546
7.116705602000366,0.546,1.0,-0.0,38.99155363613514,-41.65203096965597,-2.2838566858565716,1.0708888888888888,0.01743849363768967,0.07926685931733646,servo_0.546
7.120380138000655,0.546,1.0,-0.0,38.99155363613514,-41.65203096965597,-2.2838566858565716,1.0708888888888888,0.01743849363768967,0.08522336031281334,servo_0.546
7.1221951650004485,0.546,1.0,-0.0,38.98774849800394,-41.656432438692924,-2.2834578121288764,1.0715555555555556,0.03598700334158371,0.08522336031281334,servo_0.546
7.125913414000024,0.546,1.0,-0.0,38.98774849800394,-41.656432438692924,-2.2834578121288764,1.0715555555555556,0.03598700334158371,0.07423038060994108,servo_0.546
7.127872894000575,0.546,1.0,-0.0,38.983946008251664,-41.66083452391606,-2.2830292916023076,1.0684444444444445,0.050757910432952594,0.07423038060994108,servo_0.546
7.13130809500035,0.546,1.0,-0.0,38.983946008251664,-41.66083452391606,-2.2830292916023076,1.0684444444444445,0.050757910432952594,0.03573980492118832,servo_0.546
7.13321493300009,0.546,1.0,-0.0,38.980142451856835,-41.665241435288124,-2.2826512623493604,1.0671111111111111,0.05779965148604914,0.03573980492118832,servo_0.546
7.134800578000068,0.546,1.0,-0.0,38.97994116639047,-41.665474739639116,-2.2826512623493604,1.07,0.05779965148604914,0.03573980492118832,servo_0.546
7.136627606000729,0.546,1.0,-0.0,38.97994116639047,-41.665474739639116,-2.2826512623493604,1.07,0.05779965148604914,-0.006027683338284957,servo_0.546
7.138355750999835,0.546,1.0,-0.0,38.976123794492366,-41.669900000887715,-2.2825054382865497,1.0733333333333333,0.03401888326012813,-0.006027683338284957,servo_0.546
7.139164381000228,0.546,1.0,-0.0,38.976123794492366,-41.669900000887715,-2.2825054382865497,1.0733333333333333,0.03401888326012813,-0.04787225970834302,servo_0.546
7.142255028999898,0.546,1.0,-0.0,38.976123794492366,-41.669900000887715,-2.2825054382865497,1.0733333333333333,0.03401888326012813,-0.07363637917355571,servo_0.546
7.1438825310006,0.546,1.0,-0.0,38.972377392402606,-41.67424257791023,-2.282745329856202,1.0711111111111111,0.009451540369586783,-0.07363637917355571,servo_0.546
7.1477086230006535,0.546,1.0,-0.0,38.972377392402606,-41.67424257791023,-2.282745329856202,1.0711111111111111,0.009451540369586783,-0.07380434141455565,servo_0.546
7.149346142000468,0.546,1.0,-0.0,38.96858484056406,-41.67863592775278,-2.283117898087418,1.0682222222222222,-0.015474835493355966,-0.07380434141455565,servo_0.546
7.153140520999841,0.546,1.0,-0.0,38.96858484056406,-41.67863592775278,-2.283117898087418,1.0682222222222222,-0.015474835493355966,-0.08581072881360872,servo_0.546
7.154851770000278,0.546,1.0,-0.0,38.964807055914584,-41.68300892152438,-2.2834802253004916,1.0671111111111111,-0.03297368726971587,-0.08581072881360872,servo_0.546
7.158566563000022,0.546,1.0,-0.0,38.964807055914584,-41.68300892152438,-2.2834802253004916,1.0671111111111111,-0.03297368726971587,-0.0823895821430225,servo_0.546
7.1602695550000135,0.546,1.0,-0.0,38.96102699560067,-41.68738106499652,-2.283906153640235,1.0693333333333332,-0.04882479973288372,-0.0823895821430225,servo_0.546
7.164050461999977,0.546,1.0,-0.0,38.96102699560067,-41.68738106499652,-2.283906153640235,1.0693333333333332,-0.04882479973288372,-0.051354051550377394,servo_0.546
7.165991221000695,0.546,1.0,-0.0,38.957244993873324,-41.69175179016063,-2.284309392494178,1.0728888888888888,-0.05889423445592535,-0.051354051550377394,servo_0.546
7.169571675000043,0.546,1.0,-0.0,38.957244993873324,-41.69175179016063,-2.284309392494178,1.0728888888888888,-0.05889423445592535,-0.008423430805703916,servo_0.546
7.172093954000047,0.546,1.0,-0.0,38.95347575849831,-41.69610486680054,-2.2845640914450893,1.0704444444444445,-0.056632179584260964,-0.008423430805703916,servo_0.546
7.17484558400065,0.546,1.0,-0.0,38.95347575849831,-41.69610486680054,-2.2845640914450893,1.0704444444444445,-0.056632179584260964,0.0490295904554966,servo_0.546
7.177120272000138,0.546,1.0,-0.0,38.94968941372536,-41.70047640621176,-2.2846029542450217,1.0655555555555556,-0.04216955495069384,0.0490295904554966,servo_0.546
7.18060072300068,0.546,1.0,-0.0,38.94968941372536,-41.70047640621176,-2.2846029542450217,1.0655555555555556,-0.04216955495069384,0.08181172612074575,servo_0.546
7.182531145000212,0.546,1.0,-0.0,38.94590622204825,-41.70484522937074,-2.2843547014801793,1.0651111111111111,-0.014809811328836707,0.08181172612074575,servo_0.546
7.186014507999971,0.546,1.0,-0.0,38.94590622204825,-41.70484522937074,-2.2843547014801793,1.0651111111111111,-0.014809811328836707,0.09264533227713358,servo_0.546
7.188056582000172,0.546,1.0,-0.0,38.942102679397735,-41.70924050015611,-2.2839392999207195,1.0702222222222222,0.014176649906038029,0.09264533227713358,servo_0.546
7.191014330000144,0.546,1.0,-0.0,38.942102679397735,-41.70924050015611,-2.2839392999207195,1.0702222222222222,0.014176649906038029,0.09770418153768563,servo_0.546
7.192775660000734,0.546,1.0,-0.0,38.938302943537586,-41.71363529220447,-2.2834715788837125,1.0733333333333333,0.03771725461736669,0.09770418153768563,servo_0.546
7.196449396000389,0.546,1.0,-0.0,38.938302943537586,-41.71363529220447,-2.2834715788837125,1.0733333333333333,0.03771725461736669,0.1189953222150285,servo_0.546
7.1981594919998315,0.546,1.0,-0.0,38.93450895046459,-41.71802767481309,-2.2829853720095477,1.0691111111111111,0.055713332693462375,0.1189953222150285,servo_0.546
7.199064190000172,0.546,1.0,-0.0,38.93450895046459,-41.71802767481309,-2.2829853720095477,1.0691111111111111,0.055713332693462375,0.10763515917686155,servo_0.546
7.2006521710000015,0.546,1.0,-0.0,38.93426745981944,-41.71830739085525,-2.2829853720095477,1.0675555555555556,0.055713332693462375,0.10763515917686155,servo_0.546
7.202508223000223,0.546,1.0,-0.0,38.93053322938937,-41.72263760404976,-2.2818667588148136,1.0691111111111111,0.08457909843801101,0.10763515917686155,servo_0.546
7.203321525999854,0.546,1.0,-0.0,38.93053322938937,-41.72263760404976,-2.2818667588148136,1.0691111111111111,0.08457909843801101,0.04158308828082321,servo_0.546
7.208626220000042,0.546,1.0,-0.0,38.93053322938937,-41.72263760404976,-2.2818667588148136,1.0691111111111111,0.08457909843801101,-0.02132137171690446,servo_0.546
7.210538467000333,0.546,1.0,-0.0,38.926725398298395,-41.72705910393647,-2.2816559099338116,1.072,0.07168029539085466,-0.02132137171690446,servo_0.546
7.213928226999997,0.546,1.0,-0.0,38.926725398298395,-41.72705910393647,-2.2816559099338116,1.072,0.07168029539085466,-0.061951797341535886,servo_0.546
7.215776566999921,0.546,1.0,-0.0,38.92235921451866,-41.732129497961196,-2.281758014853798,1.0706666666666667,0.04377979525852692,-0.061951797341535886,servo_0.546
7.219365820999883,0.546,1.0,-0.0,38.92235921451866,-41.732129497961196,-2.281758014853798,1.0706666666666667,0.04377979525852692,-0.06262929303928444,servo_0.546
7.221232785000211,0.546,1.0,-0.0,38.91855008466184,-41.73655111457262,-2.282075801837428,1.0691111111111111,0.012060317478508074,-0.06262929303928444,servo_0.546
7.22501644500062,0.546,1.0,-0.0,38.91855008466184,-41.73655111457262,-2.282075801837428,1.0691111111111111,0.012060317478508074,-0.08455918458170439,servo_0.546
7.226884880999933,0.546,1.0,-0.0,38.9147138571107,-41.741001333705796,-2.2823917239463567,1.068,-0.010346565676829681,-0.08455918458170439,servo_0.546
7.230374708000454,0.546,1.0,-0.0,38.9147138571107,-41.741001333705796,-2.2823917239463567,1.068,-0.010346565676829681,-0.10692469437705567,servo_0.546
7.23208845299996,0.546,1.0,-0.0,38.91084973127226,-41.74548056438979,-2.282815710223719,1.0675555555555556,-0.03261035134829209,-0.10692469437705567,servo_0.546
7.236027924000155,0.546,1.0,-0.0,38.91084973127226,-41.74548056438979,-2.282815710223719,1.0675555555555556,-0.03261035134829209,-0.08514037787772216,servo_0.546
7.237804422999943,0.546,1.0,-0.0,38.90698986048147,-41.74995052720307,-2.2833507569089555,1.0695555555555556,-0.05490465425692116,-0.08514037787772216,servo_0.546
7.241387212000518,0.546,1.0,-0.0,38.90698986048147,-41.74995052720307,-2.2833507569089555,1.0695555555555556,-0.05490465425692116,-0.039751461790418385,servo_0.546
7.243151422000665,0.546,1.0,-0.0,38.90316127250583,-41.7543799864573,-2.2837704087091675,1.0708888888888888,-0.06397537134316146,-0.039751461790418385,servo_0.546
7.244858093999937,0.546,1.0,-0.0,38.90293220921596,-41.75464488732876,-2.2837704087091675,1.0693333333333332,-0.06397537134316146,-0.039751461790418385,servo_0.546
7.246757476000312,0.546,1.0,-0.0,38.90293220921596,-41.75464488732876,-2.2837704087091675,1.0693333333333332,-0.06397537134316146,0.010563076843311623,servo_0.546
7.248468116999902,0.546,1.0,-0.0,38.89912219818694,-41.75905008232365,-2.2839731703632338,1.0673333333333332,-0.05670819847733853,0.010563076843311623,servo_0.546
7.249347150000176,0.546,1.0,-0.0,38.89912219818694,-41.75905008232365,-2.2839731703632338,1.0673333333333332,-0.05670819847733853,0.053929777732917974,servo_0.546
7.252561609000622,0.546,1.0,-0.0,38.89912219818694,-41.75905008232365,-2.2839731703632338,1.0673333333333332,-0.05670819847733853,0.07850106734588418,servo_0.546
7.254186999000012,0.546,1.0,-0.0,38.89536294137874,-41.76339714437521,-2.283645226157325,1.0662222222222222,-0.009389837796925041,0.07850106734588418,servo_0.546
7.25812631000008,0.546,1.0,-0.0,38.89536294137874,-41.76339714437521,-2.283645226157325,1.0662222222222222,-0.009389837796925041,0.06687400147103165,servo_0.546
7.259953626000424,0.546,1.0,-0.0,38.89151512123892,-41.76784992383846,-2.283238216658133,1.0675555555555556,0.016977433745917724,0.06687400147103165,servo_0.546
7.263765894000244,0.546,1.0,-0.0,38.89151512123892,-41.76784992383846,-2.283238216658133,1.0675555555555556,0.016977433745917724,0.03156675424811565,servo_0.546
7.265627451,0.546,1.0,-0.0,38.88768663940169,-41.772283636562136,-2.2829058898887458,1.0695555555555556,0.0319464040634519,0.03156675424811565,servo_0.546
7.269091836999905,0.546,1.0,-0.0,38.88768663940169,-41.772283636562136,-2.2829058898887458,1.0695555555555556,0.0319464040634519,0.01659102753800289,servo_0.546
7.270988754000427,0.546,1.0,-0.0,38.8838674949194,-41.77670874729818,-2.2827436897714275,1.0693333333333332,0.03183250911885102,0.01659102753800289,servo_0.546
7.274454484000671,0.546,1.0,-0.0,38.8838674949194,-41.77670874729818,-2.2827436897714275,1.0693333333333332,0.03183250911885102,-0.014709593693429779,servo_0.546
7.276450445000592,0.546,1.0,-0.0,38.88008653809424,-41.78109067465814,-2.282665807422772,1.0662222222222222,0.027260064644596578,-0.014709593693429779,servo_0.546
7.279978352999933,0.546,1.0,-0.0,38.88008653809424,-41.78109067465814,-2.282665807422772,1.0662222222222222,0.027260064644596578,-0.053014736388312764,servo_0.546
7.281853254000453,0.546,1.0,-0.0,38.87631245709452,-41.78546462618191,-2.282745300289065,1.064,0.014669167143188671,-0.053014736388312764,servo_0.546
7.285301352000715,0.546,1.0,-0.0,38.87631245709452,-41.78546462618191,-2.282745300289065,1.064,0.014669167143188671,-0.09143327773076808,servo_0.546
7.287107163000655,0.546,1.0,-0.0,38.872517878780734,-41.78986078347727,-2.283014418022878,1.0675555555555556,-0.005636003916261758,-0.09143327773076808,servo_0.546
7.2911129080002866,0.546,1.0,-0.0,38.872517878780734,-41.78986078347727,-2.283014418022878,1.0675555555555556,-0.005636003916261758,-0.09927419822407141,servo_0.546
7.293225288000031,0.546,1.0,-0.0,38.868678632305546,-41.79430541326027,-2.2834744989387143,1.0733333333333333,-0.03137518606061365,-0.09927419822407141,servo_0.546
7.296211133000725,0.546,1.0,-0.0,38.868678632305546,-41.79430541326027,-2.2834744989387143,1.0733333333333333,-0.03137518606061365,-0.05616597584360866,servo_0.546
7.297756232000211,0.546,1.0,-0.0,38.864853866825904,-41.79872899215426,-2.2839727351099897,1.07,-0.05174488970965098,-0.05616597584360866,servo_0.546
7.301747129000432,0.546,1.0,-0.0,38.864853866825904,-41.79872899215426,-2.2839727351099897,1.07,-0.05174488970965098,0.012981565209726336,servo_0.546
7.303602349999892,0.546,1.0,-0.0,38.86104435466082,-41.80313147256989,-2.2842512596460605,1.0662222222222222,-0.053071215549838284,0.012981565209726336,servo_0.546
7.304567657000007,0.546,1.0,-0.0,38.86104435466082,-41.80313147256989,-2.2842512596460605,1.0662222222222222,-0.053071215549838284,0.038861658058330875,servo_0.546
7.306228760000522,0.546,1.0,-0.0,38.860812804965704,-41.803398988749855,-2.2842512596460605,1.066888888888889,-0.053071215549838284,0.038861658058330875,servo_0.546
7.30772771500051,0.546,1.0,-0.0,38.860812804965704,-41.803398988749855,-2.2842512596460605,1.066888888888889,-0.053071215549838284,0.03164044474771598,servo_0.546
7.309367025000029,0.546,1.0,-0.0,38.857041440135646,-41.80775735103448,-2.2839802250584844,1.0728888888888888,-0.011620269507878962,0.03164044474771598,servo_0.546
7.313146876000246,0.546,1.0,-0.0,38.857041440135646,-41.80775735103448,-2.2839802250584844,1.0728888888888888,-0.011620269507878962,0.03317121517813132,servo_0.546
7.314997232000678,0.546,1.0,-0.0,38.853148998111045,-41.81225760642061,-2.283817803699425,1.0733333333333333,0.0013579447687995221,0.03317121517813132,servo_0.546
7.318380592000722,0.546,1.0,-0.0,38.853148998111045,-41.81225760642061,-2.283817803699425,1.0733333333333333,0.0013579447687995221,0.05790571079283814,servo_0.546
7.32009689700044,0.546,1.0,-0.0,38.84931205325979,-41.816695162173254,-2.2836538117038128,1.0677777777777777,0.010901925891599062,0.05790571079283814,servo_0.546
7.323981774999993,0.546,1.0,-0.0,38.84931205325979,-41.816695162173254,-2.2836538117038128,1.0677777777777777,0.010901925891599062,0.05925496390842396,servo_0.546
7.325798306000252,0.546,1.0,-0.0,38.84548684877201,-41.82112114111033,-2.283370283565538,1.0664444444444445,0.025003061361970783,0.05925496390842396,servo_0.546
7.329397288000109,0.546,1.0,-0.0,38.84548684877201,-41.82112114111033,-2.283370283565538,1.0664444444444445,0.025003061361970783,0.031447819138308394,servo_0.546
7.331287326000165,0.546,1.0,-0.0,38.84168229128186,-41.82552590181426,-2.2830535462557724,1.0673333333333332,0.035278632125906734,0.031447819138308394,servo_0.546
7.334907811999983,0.546,1.0,-0.0,38.84168229128186,-41.82552590181426,-2.2830535462557724,1.0673333333333332,0.035278632125906734,0.0033736230290675497,servo_0.546
7.336857532000067,0.546,1.0,-0.0,38.83786377288928,-41.8299489347943,-2.2828984547404105,1.0708888888888888,0.03412938822962723,0.0033736230290675497,servo_0.546
7.340398400000595,0.546,1.0,-0.0,38.83786377288928,-41.8299489347943,-2.2828984547404105,1.0708888888888888,0.03412938822962723,0.01349605464281602,servo_0.546
7.342287221000333,0.546,1.0,-0.0,38.834055413432736,-41.83436098443008,-2.2828777695838776,1.0706666666666667,0.024902658669459326,0.01349605464281602,servo_0.546
7.345769655999902,0.546,1.0,-0.0,38.834055413432736,-41.83436098443008,-2.2828777695838776,1.0706666666666667,0.024902658669459326,0.030735893761092162,servo_0.546
7.347683181999855,0.546,1.0,-0.0,38.83025188977391,-41.838767803104055,-2.2828150790780364,1.0682222222222222,0.021480677461466334,0.030735893761092162,servo_0.546
7.351297300000624,0.546,1.0,-0.0,38.83025188977391,-41.838767803104055,-2.2828150790780364,1.0682222222222222,0.021480677461466334,0.014035826421207341,servo_0.546
7.353243434999968,0.546,1.0,-0.0,38.826437600145894,-41.84318805095227,-2.2826638930509,1.0671111111111111,0.024257242351354083,0.014035826421207341,servo_0.546
7.356815760000245,0.546,1.0,-0.0,38.826437600145894,-41.84318805095227,-2.2826638930509,1.0671111111111111,0.024257242351354083,-0.02273122215026259,servo_0.546
7.358708646000196,0.546,1.0,-0.0,38.82258917237248,-41.84764887981689,-2.2825889728692355,1.0675555555555556,0.02119081757231006,-0.02273122215026259,servo_0.546
7.359555134000402,0.546,1.0,-0.0,38.82258917237248,-41.84764887981689,-2.2825889728692355,1.0675555555555556,0.02119081757231006,-0.047031703650475966,servo_0.546
7.361241294000138,0.546,1.0,-0.0,38.822357027649836,-41.847917986157334,-2.2825889728692355,1.0691111111111111,0.02119081757231006,-0.047031703650475966,servo_0.546
7.362618133000069,0.546,1.0,-0.0,38.822357027649836,-41.847917986157334,-2.2825889728692355,1.0691111111111111,0.02119081757231006,-0.052992211871155576,servo_0.546
7.364294884000628,0.546,1.0,-0.0,38.81857137050421,-41.85230487946813,-2.282929087808911,1.0684444444444445,-0.008499567136266003,-0.052992211871155576,servo_0.546
7.367968844000643,0.546,1.0,-0.0,38.81857137050421,-41.85230487946813,-2.282929087808911,1.0684444444444445,-0.008499567136266003,-0.04915323603148193,servo_0.546
7.369604698999865,0.546,1.0,-0.0,38.814743545443676,-41.856737911371084,-2.2831972132323903,1.0682222222222222,-0.021847360556732875,-0.04915323603148193,servo_0.546
7.373475207999945,0.546,1.0,-0.0,38.814743545443676,-41.856737911371084,-2.2831972132323903,1.0682222222222222,-0.021847360556732875,-0.0598310056522081,servo_0.546
7.375251002000368,0.546,1.0,-0.0,38.810939673474934,-41.86114091464767,-2.2834431553700854,1.0677777777777777,-0.030039123199157587,-0.0598310056522081,servo_0.546
7.378919746000065,0.546,1.0,-0.0,38.810939673474934,-41.86114091464767,-2.2834431553700854,1.0677777777777777,-0.030039123199157587,-0.049148026222599464,servo_0.546
7.380772727000476,0.546,1.0,-0.0,38.80713609188939,-41.86554114181198,-2.283745718986009,1.0655555555555556,-0.03897668793507274,-0.049148026222599464,servo_0.546
7.384341660000246,0.546,1.0,-0.0,38.80713609188939,-41.86554114181198,-2.283745718986009,1.0655555555555556,-0.03897668793507274,-0.020986720558800787,servo_0.546
7.386083245000009,0.546,1.0,-0.0,38.80331969595785,-41.86995374532438,-2.283991986274165,1.066,-0.04202808942133075,-0.020986720558800787,servo_0.546
7.389790390000599,0.546,1.0,-0.0,38.80331969595785,-41.86995374532438,-2.283991986274165,1.066,-0.04202808942133075,0.017832085573115036,servo_0.546
7.3914841980003985,0.546,1.0,-0.0,38.79949091704347,-41.874379102529495,-2.284095346572668,1.0704444444444445,-0.035715678762571756,0.017832085573115036,servo_0.546
7.395205679000355,0.546,1.0,-0.0,38.79949091704347,-41.874379102529495,-2.284095346572668,1.0704444444444445,-0.035715678762571756,0.06696637987134378,servo_0.546
7.3969719370006715,0.546,1.0,-0.0,38.79566546844366,-41.87880056067021,-2.2840031412245447,1.0717777777777777,-0.019651349461865718,0.06696637987134378,servo_0.546
7.401855179000449,0.546,1.0,-0.0,38.79184492002074,-41.88321829063593,-2.2836617071688092,1.0657777777777777,0.006333969338097134,0.06696637987134378,servo_0.546
7.402936458000113,0.546,1.0,-0.0,38.79184492002074,-41.88321829063593,-2.2836617071688092,1.0657777777777777,0.006333969338097134,0.0910236918774923,servo_0.546
7.406235686999935,0.546,1.0,-0.0,38.79184492002074,-41.88321829063593,-2.2836617071688092,1.0657777777777777,0.006333969338097134,0.10117596988087539,servo_0.546
7.4082111030002125,0.546,1.0,-0.0,38.78802046868415,-41.887644091490905,-2.2832073676105527,1.064888888888889,0.03174088609991568,0.10117596988087539,servo_0.546
7.409813932999896,0.546,1.0,-0.0,38.787777019972026,-41.88792594902117,-2.2832073676105527,1.07,0.03174088609991568,0.10117596988087539,servo_0.546
7.411798181000449,0.546,1.0,-0.0,38.787777019972026,-41.88792594902117,-2.2832073676105527,1.07,0.03174088609991568,0.056833243338295626,servo_0.546
7.4136723780002285,0.546,1.0,-0.0,38.78391848374108,-41.892396771640165,-2.282426717599581,1.0755555555555556,0.0538499608654312,0.056833243338295626,servo_0.546
7.414936286000739,0.546,1.0,-0.0,38.78391848374108,-41.892396771640165,-2.282426717599581,1.0755555555555556,0.0538499608654312,0.000479141821291198,servo_0.546
7.417295905000174,0.546,1.0,-0.0,38.78391848374108,-41.892396771640165,-2.282426717599581,1.0755555555555556,0.0538499608654312,-0.02876369813821239,servo_0.546
7.418863149000572,0.546,1.0,-0.0,38.780141023760464,-41.89677711530087,-2.282425078047056,1.068888888888889,0.0378387151521892,-0.02876369813821239,servo_0.546
7.424621967999883,0.546,1.0,-0.0,38.77635965492362,-41.90116134898286,-2.282571707093955,1.0646666666666667,0.01785799116506872,-0.02876369813821239,servo_0.546
7.425706031000118,0.546,1.0,-0.0,38.77635965492362,-41.90116134898286,-2.282571707093955,1.0646666666666667,0.01785799116506872,-0.06554731864568426,servo_0.546
7.42870829200001,0.546,1.0,-0.0,38.77635965492362,-41.90116134898286,-2.282571707093955,1.0646666666666667,0.01785799116506872,-0.1026708438126289,servo_0.546
7.430496630000562,0.546,1.0,-0.0,38.772486482297445,-41.905649854164785,-2.282902885606253,1.0657777777777777,-0.007163601778157176,-0.1026708438126289,servo_0.546
7.4340021690004505,0.546,1.0,-0.0,38.772486482297445,-41.905649854164785,-2.282902885606253,1.0657777777777777,-0.007163601778157176,-0.12505706800783395,servo_0.546
7.435561797999981,0.546,1.0,-0.0,38.768572633766425,-41.91018163598764,-2.283414306207782,1.0717777777777777,-0.03581577438849869,-0.12505706800783395,servo_0.546
7.439486932999898,0.546,1.0,-0.0,38.768572633766425,-41.91018163598764,-2.283414306207782,1.0717777777777777,-0.03581577438849869,-0.12059065557652683,servo_0.546
7.441272583000682,0.546,1.0,-0.0,38.764740823610595,-41.91461331791482,-2.284042880026137,1.0722222222222222,-0.06258816247429927,-0.12059065557652683,servo_0.546
7.444838475999859,0.546,1.0,-0.0,38.764740823610595,-41.91461331791482,-2.284042880026137,1.0722222222222222,-0.06258816247429927,-0.08197853987352557,servo_0.546
7.446524124000462,0.546,1.0,-0.0,38.760950673690104,-41.918991368146806,-2.2846453393099977,1.0686666666666667,-0.07998891040496753,-0.08197853987352557,servo_0.546
7.452475716000663,0.546,1.0,-0.0,38.757149301203896,-41.923377899214735,-2.2850537809887523,1.0664444444444445,-0.08058579924553494,-0.08197853987352557,servo_0.546
7.454241110000112,0.546,1.0,-0.0,38.757149301203896,-41.923377899214735,-2.2850537809887523,1.0664444444444445,-0.08058579924553494,-0.0676438464407679,servo_0.546
7.45682790400042,0.546,1.0,-0.0,38.753123625299985,-41.92801978309131,-2.28538684050769,1.0673333333333332,-0.07670321340410483,-0.0676438464407679,servo_0.546
7.4576760560003095,0.546,1.0,-0.0,38.753123625299985,-41.92801978309131,-2.28538684050769,1.0673333333333332,-0.07670321340410483,-0.04266158113733203,servo_0.546
7.46321349200025,0.546,1.0,-0.0,38.748915976211514,-41.93286884858029,-2.2855938600851506,1.0706666666666667,-0.06649072372407298,-0.04266158113733203,servo_0.546
7.46494403700035,0.546,1.0,-0.0,38.748915976211514,-41.93286884858029,-2.2855938600851506,1.0706666666666667,-0.06649072372407298,-0.019005890468324273,servo_0.546
7.466540307000287,0.546,1.0,-0.0,38.748626603259524,-41.93320226398263,-2.2855938600851506,1.0691111111111111,-0.06649072372407298,-0.019005890468324273,servo_0.546
7.467413258999841,0.546,1.0,-0.0,38.748626603259524,-41.93320226398263,-2.2855938600851506,1.0691111111111111,-0.06649072372407298,0.029729558005962275,servo_0.546
7.468980663999901,0.546,1.0,-0.0,38.74483499286738,-41.93757122380064,-2.2855331715477387,1.0655555555555556,-0.027652824221355177,0.029729558005962275,servo_0.546
7.469712236000305,0.546,1.0,-0.0,38.74483499286738,-41.93757122380064,-2.2855331715477387,1.0655555555555556,-0.027652824221355177,0.06643834992858673,servo_0.546
7.47479081200072,0.546,1.0,-0.0,38.74095187290898,-41.942047395454544,-2.285202728672365,1.0644444444444445,0.0005745280236273964,0.06643834992858673,servo_0.546
7.4758150970001225,0.546,1.0,-0.0,38.74095187290898,-41.942047395454544,-2.285202728672365,1.0644444444444445,0.0005745280236273964,0.0810710843768379,servo_0.546
7.479296924000664,0.546,1.0,-0.0,38.74095187290898,-41.942047395454544,-2.285202728672365,1.0644444444444445,0.0005745280236273964,0.06940309320617141,servo_0.546
7.481028077000701,0.546,1.0,-0.0,38.73703679802565,-41.9465638035999,-2.284787389807229,1.066,0.024723494929590546,0.06940309320617141,servo_0.546
7.48570494500018,0.546,1.0,-0.0,38.73308018299691,-41.95113164749009,-2.2844406978038934,1.0662222222222222,0.03812737441256481,0.06940309320617141,servo_0.546
7.486669163999977,0.546,1.0,-0.0,38.73308018299691,-41.95113164749009,-2.2844406978038934,1.0662222222222222,0.03812737441256481,0.05008821779474911,servo_0.546
7.49116724400028,0.546,1.0,-0.0,38.73308018299691,-41.95113164749009,-2.2844406978038934,1.0662222222222222,0.03812737441256481,0.05830582994067653,servo_0.546
7.49359044799985,0.546,1.0,-0.0,38.728819502944035,-41.95605349620746,-2.2841905812439616,1.0662222222222222,0.0417156274272201,0.05830582994067653,servo_0.546
7.4970441780005785,0.546,1.0,-0.0,38.728819502944035,-41.95605349620746,-2.2841905812439616,1.0662222222222222,0.0417156274272201,0.05128407283154636,servo_0.546
7.498663136000687,0.546,1.0,-0.0,38.72482807427409,-41.96066681392283,-2.283903700434638,1.0666666666666667,0.046692688181257026,0.05128407283154636,servo_0.546
7.499445718000061,0.546,1.0,-0.0,38.72482807427409,-41.96066681392283,-2.283903700434638,1.0666666666666667,0.046692688181257026,0.026854224120193185,servo_0.546
7.501049155000146,0.546,1.0,-0.0,38.72451633428507,-41.96102722938155,-2.283903700434638,1.0655555555555556,0.046692688181257026,0.026854224120193185,servo_0.546
7.503122142000393,0.546,1.0,-0.0,38.72074624155664,-41.96538769286493,-2.283516977487435,1.0637777777777777,0.04170533973949863,0.026854224120193185,servo_0.546
7.503979478000474,0.546,1.0,-0.0,38.72074624155664,-41.96538769286493,-2.283516977487435,1.0637777777777777,0.04170533973949863,-0.007415123167040338,servo_0.546
7.5080988910003725,0.546,1.0,-0.0,38.72074624155664,-41.96538769286493,-2.283516977487435,1.0637777777777777,0.04170533973949863,-0.04091059849368617,servo_0.546
7.509735096999975,0.546,1.0,-0.0,38.71685460407367,-41.96989029666736,-2.283560271053251,1.0662222222222222,0.026969200867536937,-0.04091059849368617,servo_0.546
7.513655624000421,0.546,1.0,-0.0,38.71685460407367,-41.96989029666736,-2.283560271053251,1.0662222222222222,0.026969200867536937,-0.05266871270011661,servo_0.546
7.515172338999946,0.546,1.0,-0.0,38.71295621019823,-41.974399573054974,-2.2837680908575226,1.0713333333333332,0.006605261059170005,-0.05266871270011661,servo_0.546
7.519187044999853,0.546,1.0,-0.0,38.71295621019823,-41.974399573054974,-2.2837680908575226,1.0713333333333332,0.006605261059170005,-0.06017958847176425,servo_0.546
7.520922614000483,0.546,1.0,-0.0,38.709069819972534,-41.97889279750681,-2.2840374553102007,1.0691111111111111,-0.011176931068615979,-0.06017958847176425,servo_0.546
7.524808099999973,0.546,1.0,-0.0,38.709069819972534,-41.97889279750681,-2.2840374553102007,1.0691111111111111,-0.011176931068615979,-0.05468325258432864,servo_0.546
7.526542421000158,0.546,1.0,-0.0,38.70519003004496,-41.98337578764872,-2.2843426213461537,1.062888888888889,-0.02587772828956046,-0.05468325258432864,servo_0.546
7.530359873000634,0.546,1.0,-0.0,38.70519003004496,-41.98337578764872,-2.2843426213461537,1.062888888888889,-0.02587772828956046,-0.06955860100788602,servo_0.546
7.532051089000561,0.546,1.0,-0.0,38.70131970680809,-41.98784520374332,-2.284620888895578,1.0617777777777777,-0.03451938557799091,-0.06955860100788602,servo_0.546
7.536053857999832,0.546,1.0,-0.0,38.70131970680809,-41.98784520374332,-2.284620888895578,1.0617777777777777,-0.03451938557799091,-0.1003452300683388,servo_0.546
7.537721906000115,0.546,1.0,-0.0,38.69744650347857,-41.99231513613448,-2.2849645574412496,1.0671111111111111,-0.04503115020695944,-0.1003452300683388,servo_0.546
7.541564541999833,0.546,1.0,-0.0,38.69744650347857,-41.99231513613448,-2.2849645574412496,1.0671111111111111,-0.04503115020695944,-0.07530087149961205,servo_0.546
7.543178859999898,0.546,1.0,-0.0,38.693559125836806,-41.99679759459405,-2.285466770013237,1.0704444444444445,-0.061625374165373246,-0.07530087149961205,servo_0.546
7.544871388000502,0.546,1.0,-0.0,38.69330197640452,-41.99709395814814,-2.285466770013237,1.0655555555555556,-0.061625374165373246,-0.07530087149961205,servo_0.546
7.547176701000353,0.546,1.0,-0.0,38.69330197640452,-41.99709395814814,-2.285466770013237,1.0655555555555556,-0.061625374165373246,-0.024724415133861956,servo_0.546
7.548741930000688,0.546,1.0,-0.0,38.68942247540718,-42.00156279511956,-2.28596962144503,1.062888888888889,-0.053426940896110005,-0.024724415133861956,servo_0.546
7.549512575000335,0.546,1.0,-0.0,38.68942247540718,-42.00156279511956,-2.28596962144503,1.062888888888889,-0.053426940896110005,0.012561491079063767,servo_0.546
7.5528429420000975,0.546,1.0,-0.0,38.68942247540718,-42.00156279511956,-2.28596962144503,1.062888888888889,-0.053426940896110005,0.026804260721429777,servo_0.546
7.554552302000047,0.546,1.0,-0.0,38.68565088860269,-42.005905401340705,-2.285905181590956,1.0626666666666666,-0.03363041130355787,0.026804260721429777,servo_0.546
7.560034217000066,0.546,1.0,-0.0,38.68125613324209,-42.01096655506051,-2.2857678973165325,1.0664444444444445,-0.015500009696061575,0.026804260721429777,servo_0.546
7.560968260000664,0.546,1.0,-0.0,38.68125613324209,-42.01096655506051,-2.2857678973165325,1.0664444444444445,-0.015500009696061575,0.04124091369264006,servo_0.546
7.56548320300044,0.546,1.0,-0.0,38.68125613324209,-42.01096655506051,-2.2857678973165325,1.0664444444444445,-0.015500009696061575,0.07755945680821623,servo_0.546
7.567327063999983,0.546,1.0,-0.0,38.6769283263067,-42.01595235470935,-2.2855583816771228,1.066888888888889,0.0015222673205489163,0.07755945680821623,servo_0.546
7.572375622999971,0.546,1.0,-0.0,38.672531162783976,-42.02102114549919,-2.2851642418930536,1.062888888888889,0.02433342416684911,0.07755945680821623,servo_0.546
7.57336790699992,0.546,1.0,-0.0,38.672531162783976,-42.02102114549919,-2.2851642418930536,1.062888888888889,0.02433342416684911,0.08351242911524875,servo_0.546
7.57509845200002,0.546,1.0,-0.0,38.67221573147733,-42.02138490090371,-2.2851642418930536,1.0606666666666666,0.02433342416684911,0.08351242911524875,servo_0.546
7.576026478000131,0.546,1.0,-0.0,38.67221573147733,-42.02138490090371,-2.2851642418930536,1.0606666666666666,0.02433342416684911,0.058492259539360485,servo_0.546
7.577535385000374,0.546,1.0,-0.0,38.67221573147733,-42.02138490090371,-2.2851642418930536,1.0606666666666666,0.02433342416684911,0.016248472201007644,servo_0.546
7.579265866000242,0.546,1.0,-0.0,38.668411266267334,-42.02577535975287,-2.284453942042039,1.0622222222222222,0.04700866581776644,0.016248472201007644,servo_0.546
7.584467677000248,0.546,1.0,-0.0,38.66448482026871,-42.030310202109796,-2.28437507909382,1.0662222222222222,0.0377806077327388,0.016248472201007644,servo_0.546
7.586277807999977,0.546,1.0,-0.0,38.66448482026871,-42.030310202109796,-2.28437507909382,1.0662222222222222,0.0377806077327388,-0.030212332935539397,servo_0.546
7.589051455000117,0.546,1.0,-0.0,38.66448482026871,-42.030310202109796,-2.28437507909382,1.0662222222222222,0.0377806077327388,-0.05411850430804212,servo_0.546
7.59093441999994,0.546,1.0,-0.0,38.66053083065297,-42.034876497085584,-2.2845317147612345,1.0646666666666667,0.01738272553225534,-0.05411850430804212,servo_0.546
7.594519321000007,0.546,1.0,-0.0,38.66053083065297,-42.034876497085584,-2.2845317147612345,1.0646666666666667,0.01738272553225534,-0.043843629348352904,servo_0.546
7.596156680000604,0.546,1.0,-0.0,38.65660433940063,-42.03940907277153,-2.2848035480341338,1.0631111111111111,-0.004067643419833896,-0.043843629348352904,servo_0.546
7.60014424900055,0.546,1.0,-0.0,38.65660433940063,-42.03940907277153,-2.2848035480341338,1.0631111111111111,-0.004067643419833896,-0.009322985244391934,servo_0.546
7.601865609000015,0.546,1.0,-0.0,38.65269112870863,-42.043924075485904,-2.285023203925548,1.0631111111111111,-0.016000439198389598,-0.009322985244391934,servo_0.546
7.605696342000556,0.546,1.0,-0.0,38.65269112870863,-42.043924075485904,-2.285023203925548,1.0631111111111111,-0.016000439198389598,0.03247759487222018,servo_0.546
7.6074269509999795,0.546,1.0,-0.0,38.6488195047858,-42.048389925340665,-2.2850630001164545,1.0635555555555556,-0.013997203012190297,0.03247759487222018,servo_0.546
7.611227506000432,0.546,1.0,-0.0,38.6488195047858,-42.048389925340665,-2.2850630001164545,1.0635555555555556,-0.013997203012190297,0.053297996859756315,servo_0.546
7.612978340000154,0.546,1.0,-0.0,38.64493196728082,-42.05287470988497,-2.284895475130185,1.0644444444444445,-5.476364686715467e-05,0.053297996859756315,servo_0.546
7.61752326900023,0.546,1.0,-0.0,38.641006233791124,-42.05740557343133,-2.284622708817318,1.0666666666666667,0.015951064505119884,0.053297996859756315,servo_0.546
7.618554690000565,0.546,1.0,-0.0,38.641006233791124,-42.05740557343133,-2.284622708817318,1.0666666666666667,0.015951064505119884,0.06416332376144052,servo_0.546
7.620352117000039,0.546,1.0,-0.0,38.640729704997284,-42.05772491740851,-2.284307029269703,1.0684444444444445,0.030414742282016072,0.06416332376144052,servo_0.546
7.621180908000497,0.546,1.0,-0.0,38.640729704997284,-42.05772491740851,-2.284307029269703,1.0684444444444445,0.030414742282016072,0.06135360974881206,servo_0.546
7.623163492000458,0.546,1.0,-0.0,38.636912099933014,-42.062136354769265,-2.2840057193110495,1.0642222222222222,0.03969640252205486,0.06135360974881206,servo_0.546
7.624068318000354,0.546,1.0,-0.0,38.636912099933014,-42.062136354769265,-2.2840057193110495,1.0642222222222222,0.03969640252205486,0.06747853071610123,servo_0.546
7.629092172000128,0.546,1.0,-0.0,38.633005013796875,-42.066654105502735,-2.283668649531903,1.060888888888889,0.048031040980268766,0.06747853071610123,servo_0.546
7.630567830000473,0.546,1.0,-0.0,38.633005013796875,-42.066654105502735,-2.283668649531903,1.060888888888889,0.048031040980268766,0.041136238978232334,servo_0.546
7.634735084000567,0.546,1.0,-0.0,38.633005013796875,-42.066654105502735,-2.283668649531903,1.060888888888889,0.048031040980268766,-0.016508637032075866,servo_0.546
7.636527807000675,0.546,1.0,-0.0,38.62858667389708,-42.071765839280985,-2.283459294924209,1.0637777777777777,0.04596260037965783,-0.016508637032075866,servo_0.546
7.640312649999942,0.546,1.0,-0.0,38.62858667389708,-42.071765839280985,-2.283459294924209,1.0637777777777777,0.04596260037965783,-0.02976927031512348,servo_0.546
7.642022362000716,0.546,1.0,-0.0,38.624694553394704,-42.07626936964073,-2.283537162821128,1.0697777777777777,0.02722122915613772,-0.02976927031512348,servo_0.546
7.645720771000015,0.546,1.0,-0.0,38.624694553394704,-42.07626936964073,-2.283537162821128,1.0697777777777777,0.02722122915613772,-0.009273626258360297,servo_0.546
7.647351313000399,0.546,1.0,-0.0,38.62085115300488,-42.080715526412405,-2.283681830520563,1.0664444444444445,0.010124079314759359,-0.009273626258360297,servo_0.546
7.651139772000533,0.546,1.0,-0.0,38.62085115300488,-42.080715526412405,-2.283681830520563,1.0664444444444445,0.010124079314759359,0.0062853119245337985,servo_0.546
7.652786347000074,0.546,1.0,-0.0,38.61703427519606,-42.08513012597301,-2.283733294643333,1.0624444444444445,0.004304767642823462,0.0062853119245337985,servo_0.546
7.656613271000424,0.546,1.0,-0.0,38.61703427519606,-42.08513012597301,-2.283733294643333,1.0624444444444445,0.004304767642823462,-0.04629174850278665,servo_0.546
7.658165571000609,0.546,1.0,-0.0,38.613204472024755,-42.08955957125497,-2.2837050070261573,1.0622222222222222,0.004898930927336563,-0.04629174850278665,servo_0.546
7.658961881999858,0.546,1.0,-0.0,38.613204472024755,-42.08955957125497,-2.2837050070261573,1.0622222222222222,0.004898930927336563,-0.11206243978490131,servo_0.546
7.660542118000194,0.546,1.0,-0.0,38.61298195787745,-42.08981693237054,-2.2837050070261573,1.0666666666666667,0.004898930927336563,-0.11206243978490131,servo_0.546
7.6623159609998766,0.546,1.0,-0.0,38.61298195787745,-42.08981693237054,-2.2837050070261573,1.0666666666666667,0.004898930927336563,-0.11596824016198992,servo_0.546
7.663915846000236,0.546,1.0,-0.0,38.6092135307435,-42.09417208199165,-2.2844850587815797,1.068888888888889,-0.040939522966660674,-0.11596824016198992,servo_0.546
7.667820372000278,0.546,1.0,-0.0,38.6092135307435,-42.09417208199165,-2.2844850587815797,1.068888888888889,-0.040939522966660674,-0.05587561638338437,servo_0.546
7.669420258000173,0.546,1.0,-0.0,38.605410620801614,-42.098561023239434,-2.2850706025110865,1.0646666666666667,-0.06344813812525944,-0.05587561638338437,servo_0.546
7.673311536000256,0.546,1.0,-0.0,38.605410620801614,-42.098561023239434,-2.2850706025110865,1.0646666666666667,-0.06344813812525944,-0.007343760332650572,servo_0.546
7.674867516000631,0.546,1.0,-0.0,38.60160753736575,-42.102946327525835,-2.28535083464257,1.0615555555555556,-0.06117638160269692,-0.007343760332650572,servo_0.546
7.678742986000543,0.546,1.0,-0.0,38.60160753736575,-42.102946327525835,-2.28535083464257,1.0615555555555556,-0.06117638160269692,0.0025774197865462965,servo_0.546
7.68032619800033,0.546,1.0,-0.0,38.59776756131869,-42.107372755855586,-2.2853873545514958,1.0617777777777777,-0.045026595221683015,0.0025774197865462965,servo_0.546
7.684221637000519,0.546,1.0,-0.0,38.59776756131869,-42.107372755855586,-2.2853873545514958,1.0617777777777777,-0.045026595221683015,0.02518525227395955,servo_0.546
7.685774321000281,0.546,1.0,-0.0,38.59395429248413,-42.111768305495424,-2.2853717069830024,1.066888888888889,-0.030745390719214217,0.02518525227395955,servo_0.546
7.689690879000409,0.546,1.0,-0.0,38.59395429248413,-42.111768305495424,-2.2853717069830024,1.066888888888889,-0.030745390719214217,0.07229036762435923,servo_0.546
7.6912487800000235,0.546,1.0,-0.0,38.59012198650746,-42.11618645195834,-2.2852410847604787,1.0673333333333332,-0.013966197821262084,0.07229036762435923,servo_0.546
7.695145114000297,0.546,1.0,-0.0,38.59012198650746,-42.11618645195834,-2.2852410847604787,1.0673333333333332,-0.013966197821262084,0.08985036968023064,servo_0.546
7.696721510000316,0.546,1.0,-0.0,38.58631310449623,-42.12057979959957,-2.284874528521125,1.062888888888889,0.011910771812424309,0.08985036968023064,servo_0.546
7.700603283999953,0.546,1.0,-0.0,38.58631310449623,-42.12057979959957,-2.284874528521125,1.062888888888889,0.011910771812424309,0.08720965404471373,servo_0.546
7.702131456000643,0.546,1.0,-0.0,38.5825081812337,-42.12497218526685,-2.284428524697781,1.0615555555555556,0.035292651172766205,0.08720965404471373,servo_0.546
7.7060820630003946,0.546,1.0,-0.0,38.5825081812337,-42.12497218526685,-2.284428524697781,1.0615555555555556,0.035292651172766205,0.04991666444746677,servo_0.546
7.707699037000566,0.546,1.0,-0.0,38.57872974563353,-42.12933786152307,-2.2839972874351417,1.062888888888889,0.050867752034350455,0.04991666444746677,servo_0.546
7.711491465000108,0.546,1.0,-0.0,38.57872974563353,-42.12933786152307,-2.2839972874351417,1.062888888888889,0.050867752034350455,-0.0017736559233170652,servo_0.546
7.713066741000148,0.546,1.0,-0.0,38.574917649281716,-42.13374544297271,-2.2837518210147385,1.0664444444444445,0.05058242575828535,-0.0017736559233170652,servo_0.546
7.713856908000707,0.546,1.0,-0.0,38.574917649281716,-42.13374544297271,-2.2837518210147385,1.0664444444444445,0.05058242575828535,-0.033478331747277094,servo_0.546
7.715414680000322,0.546,1.0,-0.0,38.574716062613874,-42.133978577187506,-2.2837518210147385,1.0664444444444445,0.05058242575828535,-0.033478331747277094,servo_0.546
7.717188778000491,0.546,1.0,-0.0,38.574716062613874,-42.133978577187506,-2.2837518210147385,1.0664444444444445,0.05058242575828535,-0.045521345933697166,servo_0.546
7.7186989970005015,0.546,1.0,-0.0,38.570984218952475,-42.13829362925382,-2.283937769177377,1.0664444444444445,0.01436942135348011,-0.045521345933697166,servo_0.546
7.723351480000019,0.546,1.0,-0.0,38.570984218952475,-42.13829362925382,-2.283937769177377,1.0664444444444445,0.01436942135348011,-0.031899401793617964,servo_0.546
7.725286671000504,0.546,1.0,-0.0,38.56708702047254,-42.142797992062036,-2.2841659762787767,1.066,-0.003597808832673074,-0.031899401793617964,servo_0.546
7.7287278570001945,0.546,1.0,-0.0,38.56708702047254,-42.142797992062036,-2.2841659762787767,1.066,-0.003597808832673074,-0.026605526486271815,servo_0.546
7.730453920999935,0.546,1.0,-0.0,38.56317239581257,-42.147320722763894,-2.2843256939916294,1.064,-0.01208828672095654,-0.026605526486271815,servo_0.546
7.734112553000159,0.546,1.0,-0.0,38.56317239581257,-42.147320722763894,-2.2843256939916294,1.064,-0.01208828672095654,-0.04591981308942187,servo_0.546
7.735825976999877,0.546,1.0,-0.0,38.55930312459781,-42.15178972789361,-2.2844597658269086,1.0642222222222222,-0.01644345865055112,-0.04591981308942187,servo_0.546
7.73957942800007,0.546,1.0,-0.0,38.55930312459781,-42.15178972789361,-2.2844597658269086,1.0642222222222222,-0.01644345865055112,-0.06562425903405233,servo_0.546
7.741355350000049,0.546,1.0,-0.0,38.555493747613255,-42.15618794759885,-2.284687394869385,1.0675555555555556,-0.025286364982212345,-0.06562425903405233,servo_0.546
7.74503564600036,0.546,1.0,-0.0,38.555493747613255,-42.15618794759885,-2.284687394869385,1.0675555555555556,-0.025286364982212345,-0.05341839670816312,servo_0.546
7.746703949000221,0.546,1.0,-0.0,38.5516784398852,-42.1605905801124,-2.2850069808236713,1.0686666666666667,-0.03738773319776434,-0.05341839670816312,servo_0.546
7.7504131740006414,0.546,1.0,-0.0,38.5516784398852,-42.1605905801124,-2.2850069808236713,1.0686666666666667,-0.03738773319776434,-0.009507362336501384,servo_0.546
7.752074213000014,0.546,1.0,-0.0,38.54789570093115,-42.16495306189139,-2.2852700011633837,1.0637777777777777,-0.04219693225088397,-0.009507362336501384,servo_0.546
7.755950643000688,0.546,1.0,-0.0,38.54789570093115,-42.16495306189139,-2.2852700011633837,1.0637777777777777,-0.04219693225088397,0.00019822980474958326,servo_0.546
7.7575984660006725,0.546,1.0,-0.0,38.544093245062854,-42.1693368967878,-2.2853198252028744,1.0622222222222222,-0.032390061276569196,0.00019822980474958326,servo_0.546
7.761422766000578,0.546,1.0,-0.0,38.544093245062854,-42.1693368967878,-2.2853198252028744,1.0622222222222222,-0.032390061276569196,-0.020202706739827474,servo_0.546
7.763060444000075,0.546,1.0,-0.0,38.54029364030113,-42.173717205105724,-2.2853241389525074,1.0651111111111111,-0.02261357395217356,-0.020202706739827474,servo_0.546
7.764703659000588,0.546,1.0,-0.0,38.54008068984132,-42.17396270027282,-2.2853241389525074,1.0686666666666667,-0.02261357395217356,-0.020202706739827474,servo_0.546
7.7668159750001,0.546,1.0,-0.0,38.54008068984132,-42.17396270027282,-2.2853241389525074,1.0686666666666667,-0.02261357395217356,-0.017192091552763467,servo_0.546
7.768521207000049,0.546,1.0,-0.0,38.53628609499254,-42.17833679632694,-2.2854186512953394,1.0651111111111111,-0.021890313788469735,-0.017192091552763467,servo_0.546
7.769356527000127,0.546,1.0,-0.0,38.53628609499254,-42.17833679632694,-2.2854186512953394,1.0651111111111111,-0.021890313788469735,0.04141992389097462,servo_0.546
7.772382948000086,0.546,1.0,-0.0,38.53628609499254,-42.17833679632694,-2.2854186512953394,1.0651111111111111,-0.021890313788469735,0.08978095272194205,servo_0.546
7.774171159000616,0.546,1.0,-0.0,38.53255755219401,-42.18263489158252,-2.2852922241601776,1.0613333333333332,-0.0019106158151381142,0.08978095272194205,servo_0.546
7.777803261999907,0.546,1.0,-0.0,38.53255755219401,-42.18263489158252,-2.2852922241601776,1.0613333333333332,-0.0019106158151381142,0.07351521366633552,servo_0.546
7.779415019000226,0.546,1.0,-0.0,38.52875602802635,-42.187019683402625,-2.2848389505580395,1.0595555555555556,0.02559685474598593,0.07351521366633552,servo_0.546
7.783264919999965,0.546,1.0,-0.0,38.52875602802635,-42.187019683402625,-2.2848389505580395,1.0595555555555556,0.02559685474598593,0.05154568263556541,servo_0.546
7.784868614000516,0.546,1.0,-0.0,38.52497519902525,-42.191384254474535,-2.284464168962431,1.0626666666666666,0.039972362422090804,0.05154568263556541,servo_0.546
7.7887063220005075,0.546,1.0,-0.0,38.52497519902525,-42.191384254474535,-2.284464168962431,1.0626666666666666,0.039972362422090804,0.05508588509044579,servo_0.546
7.790379106000728,0.546,1.0,-0.0,38.52116597375838,-42.19578443771707,-2.2842018198669063,1.066888888888889,0.04344435848613318,0.05508588509044579,servo_0.546
7.794138891999864,0.546,1.0,-0.0,38.52116597375838,-42.19578443771707,-2.2842018198669063,1.066888888888889,0.04344435848613318,0.056779360099302754,servo_0.546
7.795832476000214,0.546,1.0,-0.0,38.51738455667886,-42.20015486202071,-2.2839288554747474,1.0624444444444445,0.046936816467426964,0.056779360099302754,servo_0.546
7.79959056700045,0.546,1.0,-0.0,38.51738455667886,-42.20015486202071,-2.2839288554747474,1.0624444444444445,0.046936816467426964,0.029955562594563726,servo_0.546
7.801270134000333,0.546,1.0,-0.0,38.513610869402235,-42.204518789657165,-2.2836490106739453,1.0584444444444445,0.0498895795569897,0.029955562594563726,servo_0.546
7.805018208000547,0.546,1.0,-0.0,38.513610869402235,-42.204518789657165,-2.2836490106739453,1.0584444444444445,0.0498895795569897,-0.029993654120530264,servo_0.546
7.806664431000172,0.546,1.0,-0.0,38.50984450998981,-42.2088761284153,-2.283500670476929,1.058888888888889,0.0439093744682619,-0.029993654120530264,servo_0.546
7.810496379000142,0.546,1.0,-0.0,38.50984450998981,-42.2088761284153,-2.283500670476929,1.058888888888889,0.0439093744682619,-0.07056002864035069,servo_0.546
7.812199147000683,0.546,1.0,-0.0,38.506050937380515,-42.21326494889937,-2.28364934724479,1.0646666666666667,0.021738465891624252,-0.07056002864035069,servo_0.546
7.816029399999934,0.546,1.0,-0.0,38.506050937380515,-42.21326494889937,-2.28364934724479,1.0646666666666667,0.021738465891624252,-0.07623457577779383,servo_0.546
7.817673286000172,0.546,1.0,-0.0,38.502248502668024,-42.21766177702478,-2.284005782061141,1.0662222222222222,-0.005951082467968228,-0.07623457577779383,servo_0.546
7.821321037999951,0.546,1.0,-0.0,38.502248502668024,-42.21766177702478,-2.284005782061141,1.0662222222222222,-0.005951082467968228,-0.06088156860678472,servo_0.546
7.822948284000631,0.546,1.0,-0.0,38.49848584049246,-42.222009346112664,-2.284393226744322,1.062888888888889,-0.027036130460915908,-0.06088156860678472,servo_0.546
7.824565353000253,0.546,1.0,-0.0,38.498284546356466,-42.22224184044382,-2.284393226744322,1.0622222222222222,-0.027036130460915908,-0.06088156860678472,servo_0.546
7.826763688000028,0.546,1.0,-0.0,38.498284546356466,-42.22224184044382,-2.284393226744322,1.0622222222222222,-0.027036130460915908,-0.059359151763694905,servo_0.546
7.828602812000099,0.546,1.0,-0.0,38.49451494678335,-42.22659306414167,-2.284997278590818,1.0633333333333332,-0.04384057886238205,-0.059359151763694905,servo_0.546
7.829461811999863,0.546,1.0,-0.0,38.49451494678335,-42.22659306414167,-2.284997278590818,1.0633333333333332,-0.04384057886238205,-0.07866044921474702,servo_0.546
7.832482122000329,0.546,1.0,-0.0,38.49451494678335,-42.22659306414167,-2.284997278590818,1.0633333333333332,-0.04384057886238205,-0.06441257067233672,servo_0.546
7.834082519000731,0.546,1.0,-0.0,38.49075451760471,-42.230929355203166,-2.285385108845632,1.0642222222222222,-0.05428653996809154,-0.06441257067233672,servo_0.546
7.837937092000175,0.546,1.0,-0.0,38.49075451760471,-42.230929355203166,-2.285385108845632,1.0642222222222222,-0.05428653996809154,-0.007412479771598974,servo_0.546
7.8395028320001074,0.546,1.0,-0.0,38.48691707751686,-42.23535128745418,-2.2857051503685053,1.062888888888889,-0.05732434917936509,-0.007412479771598974,servo_0.546
7.843469377000474,0.546,1.0,-0.0,38.48691707751686,-42.23535128745418,-2.2857051503685053,1.062888888888889,-0.05732434917936509,0.07272095916073301,servo_0.546
7.845201394000469,0.546,1.0,-0.0,38.48311091809579,-42.23973560499355,-2.2857394877882102,1.062888888888889,-0.04235078835703525,0.07272095916073301,servo_0.546
7.8488055600000735,0.546,1.0,-0.0,38.48311091809579,-42.23973560499355,-2.2857394877882102,1.062888888888889,-0.04235078835703525,0.13753830535162656,servo_0.546
7.8504105970005185,0.546,1.0,-0.0,38.47932497804977,-42.24409809432974,-2.2853731806605397,1.0615555555555556,-0.007829264101704769,0.13753830535162656,servo_0.546
7.854278451000027,0.546,1.0,-0.0,38.47932497804977,-42.24409809432974,-2.2853731806605397,1.0615555555555556,-0.007829264101704769,0.15911938104789497,servo_0.546
7.855898272000559,0.546,1.0,-0.0,38.4755581936584,-42.24844313402797,-2.284685595113465,1.0595555555555556,0.03578100673429463,0.15911938104789497,servo_0.546
7.859755309999855,0.546,1.0,-0.0,38.4755581936584,-42.24844313402797,-2.284685595113465,1.0595555555555556,0.03578100673429463,0.1322145797535309,servo_0.546
7.861360827000681,0.546,1.0,-0.0,38.471775793536786,-42.252812786084355,-2.2838772051180767,1.060888888888889,0.07278251902837474,0.1322145797535309,servo_0.546
7.8658493060002,0.546,1.0,-0.0,38.471775793536786,-42.252812786084355,-2.2838772051180767,1.060888888888889,0.07278251902837474,0.06871830294374957,servo_0.546
7.868333632000031,0.546,1.0,-0.0,38.4679970067357,-42.25718476279762,-2.2832134985400594,1.0642222222222222,0.09061213724592157,0.06871830294374957,servo_0.546
7.871020973000668,0.546,1.0,-0.0,38.4679970067357,-42.25718476279762,-2.2832134985400594,1.0642222222222222,0.09061213724592157,0.012826344530066749,servo_0.546
7.872792543000287,0.546,1.0,-0.0,38.464204870242746,-42.26157665568726,-2.2828695121258127,1.0637777777777777,0.08404398695526996,0.012826344530066749,servo_0.546
7.876578058000632,0.546,1.0,-0.0,38.464204870242746,-42.26157665568726,-2.2828695121258127,1.0637777777777777,0.08404398695526996,-0.030086494412843952,servo_0.546
7.878186902999914,0.546,1.0,-0.0,38.460097810374855,-42.26633522114366,-2.2828097719122282,1.0604444444444445,0.062678694227709,-0.030086494412843952,servo_0.546
7.878958893000345,0.546,1.0,-0.0,38.460097810374855,-42.26633522114366,-2.2828097719122282,1.0604444444444445,0.062678694227709,-0.08510790395718,servo_0.546
7.880578523000622,0.546,1.0,-0.0,38.45986284089737,-42.26660748042381,-2.2828097719122282,1.0591111111111111,0.062678694227709,-0.08510790395718,servo_0.546
7.883534958999917,0.546,1.0,-0.0,38.45612564053001,-42.270935210177576,-2.2833963163525923,1.0602222222222222,-0.001137974842273827,-0.08510790395718,servo_0.546
7.884549131999847,0.546,1.0,-0.0,38.45612564053001,-42.270935210177576,-2.2833963163525923,1.0602222222222222,-0.001137974842273827,-0.14565460502402247,servo_0.546
7.887817928000004,0.546,1.0,-0.0,38.45612564053001,-42.270935210177576,-2.2833963163525923,1.0602222222222222,-0.001137974842273827,-0.18483186847747377,servo_0.546
7.889541209000527,0.546,1.0,-0.0,38.45233345616662,-42.27532078893969,-2.2841226760949054,1.064,-0.044492963896798424,-0.18483186847747377,servo_0.546
7.893204705000244,0.546,1.0,-0.0,38.45233345616662,-42.27532078893969,-2.2841226760949054,1.064,-0.044492963896798424,-0.13291758770228457,servo_0.546
7.894813230000182,0.546,1.0,-0.0,38.44851762818645,-42.27972637419109,-2.2850430472283128,1.0633333333333332,-0.08659463527100102,-0.13291758770228457,servo_0.546
7.898614362000444,0.546,1.0,-0.0,38.44851762818645,-42.27972637419109,-2.2850430472283128,1.0633333333333332,-0.08659463527100102,-0.03865397310519673,servo_0.546
7.900315658000181,0.546,1.0,-0.0,38.44475060168177,-42.284068682637105,-2.2857018163692095,1.0591111111111111,-0.10049152100038608,-0.03865397310519673,servo_0.546
7.904083188000186,0.546,1.0,-0.0,38.44475060168177,-42.284068682637105,-2.2857018163692095,1.0591111111111111,-0.10049152100038608,0.023976351909010114,servo_0.546
7.905662240999845,0.546,1.0,-0.0,38.44098301358,-42.288407929145556,-2.2858890013746382,1.0575555555555556,-0.08194025663182927,0.023976351909010114,servo_0.546
7.909457548999853,0.546,1.0,-0.0,38.44098301358,-42.288407929145556,-2.2858890013746382,1.0575555555555556,-0.08194025663182927,0.05181476177420429,servo_0.546
7.911068698000236,0.546,1.0,-0.0,38.437204176810866,-42.292759867957685,-2.2857616793693323,1.060888888888889,-0.05016527406957745,0.05181476177420429,servo_0.546
7.914884486000119,0.546,1.0,-0.0,38.437204176810866,-42.292759867957685,-2.2857616793693323,1.060888888888889,-0.05016527406957745,0.08510506602614339,servo_0.546
7.91650395600027,0.546,1.0,-0.0,38.43341357027814,-42.297127095183,-2.2854958943236237,1.0664444444444445,-0.01957126331644293,0.08510506602614339,servo_0.546
7.921072757000729,0.546,1.0,-0.0,38.42961957452255,-42.30150129768331,-2.2850664948471726,1.062888888888889,0.011831635486332964,0.08510506602614339,servo_0.546
7.921901421000257,0.546,1.0,-0.0,38.42961957452255,-42.30150129768331,-2.2850664948471726,1.062888888888889,0.011831635486332964,0.14188842918945968,servo_0.546
7.926428621000014,0.546,1.0,-0.0,38.42961957452255,-42.30150129768331,-2.2850664948471726,1.062888888888889,0.011831635486332964,0.16200633089332495,servo_0.546
7.9287060619999465,0.546,1.0,-0.0,38.42580044118927,-42.30590951128936,-2.284365903581625,1.0602222222222222,0.05084867359727098,0.16200633089332495,servo_0.546
7.932005067000318,0.546,1.0,-0.0,38.42580044118927,-42.30590951128936,-2.284365903581625,1.0602222222222222,0.05084867359727098,0.09741009365193522,servo_0.546
7.934389070000179,0.546,1.0,-0.0,38.42194915481509,-42.310361643531266,-2.283552354314979,1.0615555555555556,0.08419597078608716,0.09741009365193522,servo_0.546
7.936764626000695,0.546,1.0,-0.0,38.42169720310869,-42.31065314222124,-2.283552354314979,1.0657777777777777,0.08419597078608716,0.09741009365193522,servo_0.546
7.9400121420003416,0.546,1.0,-0.0,38.41779813499604,-42.31516707356164,-2.2829262448091674,1.0646666666666667,0.07032837424849307,0.09741009365193522,servo_0.546
7.941316209999968,0.546,1.0,-0.0,38.41779813499604,-42.31516707356164,-2.2829262448091674,1.0646666666666667,0.07032837424849307,0.02872076298801327,servo_0.546
7.943466095000076,0.546,1.0,-0.0,38.41779813499604,-42.31516707356164,-2.2829262448091674,1.0646666666666667,0.07032837424849307,-0.020768595181955687,servo_0.546
7.946282462999989,0.546,1.0,-0.0,38.41394061051427,-42.319635278625384,-2.283027773198166,1.0622222222222222,0.04299928341935844,-0.020768595181955687,servo_0.546
7.947111606999897,0.546,1.0,-0.0,38.41394061051427,-42.319635278625384,-2.283027773198166,1.0622222222222222,0.04299928341935844,-0.020216345037441123,servo_0.546
7.949287828000706,0.546,1.0,-0.0,38.41016372697731,-42.32400913103,-2.2831400898328336,1.0613333333333332,0.024034594882318572,-0.020216345037441123,servo_0.546
7.950783453999975,0.546,1.0,-0.0,38.41016372697731,-42.32400913103,-2.2831400898328336,1.0613333333333332,0.024034594882318572,-0.03385968601240343,servo_0.546
7.953830389000359,0.546,1.0,-0.0,38.41016372697731,-42.32400913103,-2.2831400898328336,1.0613333333333332,0.024034594882318572,-0.06837150111317242,servo_0.546
7.956621379999888,0.546,1.0,-0.0,38.40634768657862,-42.32842711379256,-2.283299949185614,1.0615555555555556,0.006666310613901969,-0.06837150111317242,servo_0.546
7.959309679999933,0.546,1.0,-0.0,38.40634768657862,-42.32842711379256,-2.283299949185614,1.0615555555555556,0.006666310613901969,-0.09112499186745619,servo_0.546
7.961312361000637,0.546,1.0,-0.0,38.40257735007467,-42.332789971143654,-2.283641639408631,1.0626666666666666,-0.015845032904220346,-0.09112499186745619,servo_0.546
7.964917615000559,0.546,1.0,-0.0,38.40257735007467,-42.332789971143654,-2.283641639408631,1.0626666666666666,-0.015845032904220346,-0.10850105271578718,servo_0.546
7.96656591700048,0.546,1.0,-0.0,38.39879229971914,-42.337166324033426,-2.2840979102406265,1.0635555555555556,-0.0384290205931911,-0.10850105271578718,servo_0.546
7.970192196000426,0.546,1.0,-0.0,38.39879229971914,-42.337166324033426,-2.2840979102406265,1.0635555555555556,-0.0384290205931911,-0.07673062282033472,servo_0.546
7.971704526999929,0.546,1.0,-0.0,38.395000118171815,-42.34154648139897,-2.284644450743156,1.0642222222222222,-0.05945063022996992,-0.07673062282033472,servo_0.546
7.975661535000654,0.546,1.0,-0.0,38.395000118171815,-42.34154648139897,-2.284644450743156,1.0642222222222222,-0.05945063022996992,-0.023133659080487187,servo_0.546
7.977055973999995,0.546,1.0,-0.0,38.39123250304472,-42.34589419532332,-2.285023568708266,1.0615555555555556,-0.06463462800707935,-0.023133659080487187,servo_0.546
7.981029175000003,0.546,1.0,-0.0,38.39123250304472,-42.34589419532332,-2.285023568708266,1.0615555555555556,-0.06463462800707935,0.026834260814990598,servo_0.546
7.982567106000715,0.546,1.0,-0.0,38.38746446175148,-42.35024023996294,-2.2851365393563827,1.0602222222222222,-0.0521843373291017,0.026834260814990598,servo_0.546
7.987512302000141,0.546,1.0,-0.0,38.38746446175148,-42.35024023996294,-2.2851365393563827,1.0602222222222222,-0.0521843373291017,0.04777266164476326,servo_0.546
7.989329858000019,0.546,1.0,-0.0,38.38366714989253,-42.35462015209061,-2.2849994017461004,1.060888888888889,-0.028478757885874006,0.04777266164476326,servo_0.546
7.991208759000074,0.546,1.0,-0.0,38.38366714989253,-42.35462015209061,-2.2849994017461004,1.060888888888889,-0.028478757885874006,0.03153148192783431,servo_0.546
7.993585466000695,0.546,1.0,-0.0,38.38344212899095,-42.3548797326469,-2.2849994017461004,1.062888888888889,-0.028478757885874006,0.03153148192783431,servo_0.546
7.994284014000186,0.546,1.0,-0.0,38.38344212899095,-42.3548797326469,-2.2849994017461004,1.062888888888889,-0.028478757885874006,0.04743937951790746,servo_0.546
7.996261574000528,0.546,1.0,-0.0,38.37974729288328,-42.35914377892045,-2.284594996939505,1.0626666666666666,0.005537112159672314,0.04743937951790746,servo_0.546
7.997618284000055,0.546,1.0,-0.0,38.37974729288328,-42.35914377892045,-2.284594996939505,1.0626666666666666,0.005537112159672314,0.053692860425631,servo_0.546
7.999099606000527,0.546,1.0,-0.0,38.376001607789625,-42.36346928404008,-2.284363917738155,1.060888888888889,0.018107792367142855,0.053692860425631,servo_0.546
8.002965059999951,0.546,1.0,-0.0,38.376001607789625,-42.36346928404008,-2.284363917738155,1.060888888888889,0.018107792367142855,0.027477455830136766,servo_0.546
8.00449649500024,0.546,1.0,-0.0,38.37221694684972,-42.36784199589817,-2.284097488906956,1.0582222222222222,0.028783312784689298,0.027477455830136766,servo_0.546
8.00864454800012,0.546,1.0,-0.0,38.37221694684972,-42.36784199589817,-2.284097488906956,1.0582222222222222,0.028783312784689298,-0.009274534437903907,servo_0.546
8.01047884000036,0.546,1.0,-0.0,38.368437890823564,-42.37221000322784,-2.283962532739007,1.0586666666666666,0.028391555698323537,-0.009274534437903907,servo_0.546
8.01413142399997,0.546,1.0,-0.0,38.368437890823564,-42.37221000322784,-2.283962532739007,1.0586666666666666,0.028391555698323537,-0.022052305406401133,servo_0.546
8.016005941000003,0.546,1.0,-0.0,38.364586936769534,-42.376661527083996,-2.284005568565073,1.064,0.017091728657455302,-0.022052305406401133,servo_0.546
8.019613883000602,0.546,1.0,-0.0,38.364586936769534,-42.376661527083996,-2.284005568565073,1.064,0.017091728657455302,0.01078451660735711,servo_0.546
8.021483408000677,0.546,1.0,-0.0,38.360760099985114,-42.38108450623362,-2.284111591853247,1.0657777777777777,0.005348518438298372,0.01078451660735711,servo_0.546
8.025174680000418,0.546,1.0,-0.0,38.360760099985114,-42.38108450623362,-2.284111591853247,1.0657777777777777,0.005348518438298372,0.051868037479573484,servo_0.546
8.027152624000337,0.546,1.0,-0.0,38.356948366682815,-42.385489792849626,-2.2840586366922206,1.06,0.006979317889015993,0.051868037479573484,servo_0.546
8.03061627399984,0.546,1.0,-0.0,38.356948366682815,-42.385489792849626,-2.2840586366922206,1.06,0.006979317889015993,0.030190875763412846,servo_0.546
8.032547913000599,0.546,1.0,-0.0,38.35314736297205,-42.38988405618858,-2.2838014180440185,1.0591111111111111,0.020445933766183238,0.030190875763412846,servo_0.546
8.03625006600032,0.546,1.0,-0.0,38.35314736297205,-42.38988405618858,-2.2838014180440185,1.0591111111111111,0.020445933766183238,-0.04221165255473076,servo_0.546
8.03802669200013,0.546,1.0,-0.0,38.34927875449933,-42.39435830957335,-2.2836530377677606,1.0633333333333332,0.02336941636535212,-0.04221165255473076,servo_0.546
8.042373535000479,0.546,1.0,-0.0,38.34927875449933,-42.39435830957335,-2.2836530377677606,1.0633333333333332,0.02336941636535212,-0.08808446917329113,servo_0.546
8.044440602000577,0.546,1.0,-0.0,38.34537004406976,-42.39887866558679,-2.2838621480526946,1.0695555555555556,0.0036950956893272574,-0.08808446917329113,servo_0.546
8.045848450000449,0.546,1.0,-0.0,38.34537004406976,-42.39887866558679,-2.2838621480526946,1.0695555555555556,0.0036950956893272574,-0.04977490105369049,servo_0.546
8.048242212999867,0.546,1.0,-0.0,38.345150316348054,-42.399132723203564,-2.2838621480526946,1.0642222222222222,0.0036950956893272574,-0.04977490105369049,servo_0.546
8.049183264000021,0.546,1.0,-0.0,38.345150316348054,-42.399132723203564,-2.2838621480526946,1.0642222222222222,0.0036950956893272574,-0.01961322019372764,servo_0.546
8.051186585000323,0.546,1.0,-0.0,38.34137554141762,-42.403494207151574,-2.2845552005842213,1.058888888888889,-0.03161961195472793,-0.01961322019372764,servo_0.546
8.052818150999883,0.546,1.0,-0.0,38.34137554141762,-42.403494207151574,-2.2845552005842213,1.058888888888889,-0.03161961195472793,-0.03643673337251604,servo_0.546
8.054244463000032,0.546,1.0,-0.0,38.337545654213194,-42.40791582586207,-2.284654999126741,1.0591111111111111,-0.02801769442642784,-0.03643673337251604,servo_0.546
8.058723918000396,0.546,1.0,-0.0,38.337545654213194,-42.40791582586207,-2.284654999126741,1.0591111111111111,-0.02801769442642784,-0.02592367610402207,servo_0.546
8.06111336200047,0.546,1.0,-0.0,38.33371525332762,-42.41233679564042,-2.284833221536034,1.0626666666666666,-0.030543406110254294,-0.02592367610402207,servo_0.546
8.06371724300061,0.546,1.0,-0.0,38.33371525332762,-42.41233679564042,-2.284833221536034,1.0626666666666666,-0.030543406110254294,0.04961990507824788,servo_0.546
8.06550359799985,0.546,1.0,-0.0,38.32989798019728,-42.416741272475114,-2.2849563550932763,1.064888888888889,-0.029157487108384623,0.04961990507824788,servo_0.546
8.069141077000495,0.546,1.0,-0.0,38.32989798019728,-42.416741272475114,-2.2849563550932763,1.064888888888889,-0.029157487108384623,0.12494278510755591,servo_0.546
8.070962503999908,0.546,1.0,-0.0,38.326129536825086,-42.421089976788856,-2.284703784374365,1.0615555555555556,-0.005524269452394873,0.12494278510755591,servo_0.546
8.074689873999887,0.546,1.0,-0.0,38.326129536825086,-42.421089976788856,-2.284703784374365,1.0615555555555556,-0.005524269452394873,0.13229406678969136,servo_0.546
8.076841519000482,0.546,1.0,-0.0,38.32237448725433,-42.425427079294955,-2.284076362358277,1.058888888888889,0.03361584691559036,0.13229406678969136,servo_0.546
8.08051784700001,0.546,1.0,-0.0,38.32237448725433,-42.425427079294955,-2.284076362358277,1.058888888888889,0.03361584691559036,0.08165755406076537,servo_0.546
8.08219597400057,0.546,1.0,-0.0,38.31859833910054,-42.42979424224028,-2.2834132394276327,1.0586666666666666,0.06321931287782065,0.08165755406076537,servo_0.546
8.085997457999838,0.546,1.0,-0.0,38.314843534125814,-42.43414143813835,-2.2830022567982975,1.060888888888889,0.06875078523270406,0.08165755406076537,servo_0.546
8.086879915000281,0.546,1.0,-0.0,38.314843534125814,-42.43414143813835,-2.2830022567982975,1.060888888888889,0.06875078523270406,0.025062257924084525,servo_0.546
8.09119002100033,0.546,1.0,-0.0,38.314843534125814,-42.43414143813835,-2.2830022567982975,1.060888888888889,0.06875078523270406,-0.012283110642258325,servo_0.546
8.092942838999988,0.546,1.0,-0.0,38.31101866431068,-42.43857216671093,-2.282874123603769,1.0611111111111111,0.0556442270401182,-0.012283110642258325,servo_0.546
8.096936360000655,0.546,1.0,-0.0,38.31101866431068,-42.43857216671093,-2.282874123603769,1.0611111111111111,0.0556442270401182,-0.02623795616038124,servo_0.546
8.098904063000191,0.546,1.0,-0.0,38.307154559267246,-42.44304864453788,-2.2829361388631315,1.0586666666666666,0.035266025735405236,-0.02623795616038124,servo_0.546
8.099732055000459,0.546,1.0,-0.0,38.307154559267246,-42.44304864453788,-2.2829361388631315,1.0586666666666666,0.035266025735405236,-0.03953512572493068,servo_0.546
8.101596139999856,0.546,1.0,-0.0,38.30692096897032,-42.443319236622074,-2.2829361388631315,1.0582222222222222,0.035266025735405236,-0.03953512572493068,servo_0.546
8.103090485999928,0.546,1.0,-0.0,38.30317187587976,-42.447660728108595,-2.2832722749767402,1.058888888888889,-9.015590081070009e-05,-0.03953512572493068,servo_0.546
8.10391159700066,0.546,1.0,-0.0,38.30317187587976,-42.447660728108595,-2.2832722749767402,1.058888888888889,-9.015590081070009e-05,-0.06763161254451035,servo_0.546
8.10784582100041,0.546,1.0,-0.0,38.30317187587976,-42.447660728108595,-2.2832722749767402,1.058888888888889,-9.015590081070009e-05,-0.0945657127720545,servo_0.546
8.109376936000444,0.546,1.0,-0.0,38.29936889723874,-42.4520616129095,-2.28361187027275,1.0584444444444445,-0.020352592893920593,-0.0945657127720545,servo_0.546
8.11322696500065,0.546,1.0,-0.0,38.29936889723874,-42.4520616129095,-2.28361187027275,1.0584444444444445,-0.020352592893920593,-0.10037401717524688,servo_0.546
8.114567163000174,0.546,1.0,-0.0,38.295579322147795,-42.456443369863855,-2.284088728264516,1.0584444444444445,-0.042616528857360766,-0.10037401717524688,servo_0.546
8.118674766999902,0.546,1.0,-0.0,38.295579322147795,-42.456443369863855,-2.284088728264516,1.0584444444444445,-0.042616528857360766,-0.0678491636772454,servo_0.546
8.120452832999945,0.546,1.0,-0.0,38.291802537850046,-42.460806011342484,-2.2845926747112073,1.0611111111111111,-0.0599437753527266,-0.0678491636772454,servo_0.546
8.124194411000644,0.546,1.0,-0.0,38.291802537850046,-42.460806011342484,-2.2845926747112073,1.0611111111111111,-0.0599437753527266,-0.01878124242740308,servo_0.546
8.126129762000346,0.546,1.0,-0.0,38.288014003617036,-42.46517851089029,-2.2849291848243674,1.0611111111111111,-0.06231539185008224,-0.01878124242740308,servo_0.546
8.129663270000492,0.546,1.0,-0.0,38.288014003617036,-42.46517851089029,-2.2849291848243674,1.0611111111111111,-0.06231539185008224,0.03247805468362714,servo_0.546
8.131683071000225,0.546,1.0,-0.0,38.28423143682511,-42.46954223012478,-2.2850219907407157,1.0571111111111111,-0.04925514702327849,0.03247805468362714,servo_0.546
8.135515339999984,0.546,1.0,-0.0,38.28423143682511,-42.46954223012478,-2.2850219907407157,1.0571111111111111,-0.04925514702327849,0.0632059964121519,servo_0.546
8.137137178000557,0.546,1.0,-0.0,38.28043960891419,-42.47391694770735,-2.2848580534676404,1.0571111111111111,-0.0247351865112068,0.0632059964121519,servo_0.546
8.141140267000083,0.546,1.0,-0.0,38.27661210935994,-42.47833497943591,-2.2845381719447686,1.0631111111111111,0.0016471683658008107,0.0632059964121519,servo_0.546
8.142048933000297,0.546,1.0,-0.0,38.27661210935994,-42.47833497943591,-2.2845381719447686,1.0631111111111111,0.0016471683658008107,0.060535295247236366,servo_0.546
8.146373631000642,0.546,1.0,-0.0,38.27661210935994,-42.47833497943591,-2.2845381719447686,1.0631111111111111,0.0016471683658008107,0.0730118179636617,servo_0.546
8.148364216000118,0.546,1.0,-0.0,38.27277977688363,-42.482761383139504,-2.2842332491474093,1.0653333333333332,0.01931360643023148,0.0730118179636617,servo_0.546
8.150134154000625,0.546,1.0,-0.0,38.27257101099672,-42.48300258529398,-2.2842332491474093,1.0575555555555556,0.01931360643023148,0.0730118179636617,servo_0.546
8.151977278000231,0.546,1.0,-0.0,38.27257101099672,-42.48300258529398,-2.2842332491474093,1.0575555555555556,0.01931360643023148,0.07022250626169677,servo_0.546
8.15356388300006,0.546,1.0,-0.0,38.26876621290486,-42.48740168235552,-2.2835262228854787,1.054888888888889,0.045862900801691406,0.07022250626169677,servo_0.546
8.15426134200061,0.546,1.0,-0.0,38.26876621290486,-42.48740168235552,-2.2835262228854787,1.054888888888889,0.045862900801691406,0.04623306741264244,servo_0.546
8.157767010000498,0.546,1.0,-0.0,38.26876621290486,-42.48740168235552,-2.2835262228854787,1.054888888888889,0.045862900801691406,-0.017380151297317792,servo_0.546
8.159522355000263,0.546,1.0,-0.0,38.265017661282506,-42.49173985697799,-2.2832954546497826,1.0571111111111111,0.04597395078497671,-0.017380151297317792,servo_0.546
8.162965557000462,0.546,1.0,-0.0,38.265017661282506,-42.49173985697799,-2.2832954546497826,1.0571111111111111,0.04597395078497671,-0.07759091539859278,servo_0.546
8.164627044000554,0.546,1.0,-0.0,38.261176862602426,-42.49618544488103,-2.2833801331715415,1.0644444444444445,0.02696772016028836,-0.07759091539859278,servo_0.546
8.16836897400026,0.546,1.0,-0.0,38.261176862602426,-42.49618544488103,-2.2833801331715415,1.0644444444444445,0.02696772016028836,-0.06943398587481633,servo_0.546
8.169832663000307,0.546,1.0,-0.0,38.25737332522708,-42.50058580560399,-2.2837672074339905,1.0617777777777777,-0.004399870507375985,-0.06943398587481633,servo_0.546
8.173807208000653,0.546,1.0,-0.0,38.25737332522708,-42.50058580560399,-2.2837672074339905,1.0617777777777777,-0.004399870507375985,-0.056077280095741415,servo_0.546
8.175599707000401,0.546,1.0,-0.0,38.25357958335936,-42.50497157660147,-2.2841147497091487,1.0573333333333332,-0.023910105117608087,-0.056077280095741415,servo_0.546
8.179282723000142,0.546,1.0,-0.0,38.25357958335936,-42.50497157660147,-2.2841147497091487,1.0573333333333332,-0.023910105117608087,-0.05922413365761709,servo_0.546
8.181126327000129,0.546,1.0,-0.0,38.249808432811456,-42.509328434925685,-2.284402064706015,1.056,-0.03356025761104808,-0.05922413365761709,servo_0.546
8.184724861000177,0.546,1.0,-0.0,38.249808432811456,-42.509328434925685,-2.284402064706015,1.056,-0.03356025761104808,-0.07128672207804924,servo_0.546
8.186760534000314,0.546,1.0,-0.0,38.24602771154799,-42.51369379901283,-2.2846930323535317,1.0584444444444445,-0.04125942042501879,-0.07128672207804924,servo_0.546
8.19069491800019,0.546,1.0,-0.0,38.24602771154799,-42.51369379901283,-2.2846930323535317,1.0584444444444445,-0.04125942042501879,-0.032275546249861835,servo_0.546
8.19236296500003,0.546,1.0,-0.0,38.24221974768068,-42.518087768689604,-2.2850437993076667,1.0617777777777777,-0.05026761092092792,-0.032275546249861835,servo_0.546
8.196297412000604,0.546,1.0,-0.0,38.23838646661451,-42.52250868613779,-2.285200161241461,1.0582222222222222,-0.04486999151960809,-0.032275546249861835,servo_0.546
8.19701448900014,0.546,1.0,-0.0,38.23838646661451,-42.52250868613779,-2.285200161241461,1.0582222222222222,-0.04486999151960809,0.05321330001471339,servo_0.546
8.201540345000467,0.546,1.0,-0.0,38.23838646661451,-42.52250868613779,-2.285200161241461,1.0582222222222222,-0.04486999151960809,0.09677123459593884,servo_0.546
8.203955740999845,0.546,1.0,-0.0,38.234412900061066,-42.52709193865103,-2.2849262935791987,1.0553333333333332,-0.015445004059311644,0.09677123459593884,servo_0.546
8.205279523000172,0.546,1.0,-0.0,38.234412900061066,-42.52709193865103,-2.2849262935791987,1.0553333333333332,-0.015445004059311644,0.09386466058222635,servo_0.546
8.207003316000737,0.546,1.0,-0.0,38.234216706874975,-42.52731829744388,-2.2849262935791987,1.0555555555555556,-0.015445004059311644,0.09386466058222635,servo_0.546
8.214320131000022,0.546,1.0,-0.0,38.234216706874975,-42.52731829744388,-2.2849262935791987,1.0555555555555556,-0.015445004059311644,0.049633087725643774,servo_0.546
8.215900207000232,0.546,1.0,-0.0,38.225876197940636,-42.536950551839276,-2.28396465315005,1.0593333333333332,0.04091330545075235,0.049633087725643774,servo_0.546
8.216595619000145,0.546,1.0,-0.0,38.225876197940636,-42.536950551839276,-2.28396465315005,1.0593333333333332,0.04091330545075235,0.049633087725643774,servo_0.546
8.21792253700005,0.546,1.0,-0.0,38.22564275039256,-42.537220416931284,-2.28396465315005,1.0582222222222222,0.04091330545075235,0.049633087725643774,servo_0.546
8.21942574700006,0.546,1.0,-0.0,38.22564275039256,-42.537220416931284,-2.28396465315005,1.0582222222222222,0.04091330545075235,0.008223592815109794,servo_0.546
8.22073714399994,0.546,1.0,-0.0,38.221970968828764,-42.54146768275972,-2.283337581652361,1.0573333333333332,0.04536039441094697,0.008223592815109794,servo_0.546
8.225847497000359,0.546,1.0,-0.0,38.221970968828764,-42.54146768275972,-2.283337581652361,1.0573333333333332,0.04536039441094697,-0.049004498484601006,servo_0.546
8.228227436000452,0.546,1.0,-0.0,38.21815642202208,-42.54588305710248,-2.2832994524114874,1.0584444444444445,0.034219353932195815,-0.049004498484601006,servo_0.546
8.232297952000408,0.546,1.0,-0.0,38.21815642202208,-42.54588305710248,-2.2832994524114874,1.0584444444444445,0.034219353932195815,-0.047209149241670106,servo_0.546
8.234557376000339,0.546,1.0,-0.0,38.2137340964152,-42.55100087987642,-2.2835427442012204,1.0582222222222222,0.009252198207156769,-0.047209149241670106,servo_0.546
8.235503098000663,0.546,1.0,-0.0,38.2137340964152,-42.55100087987642,-2.2835427442012204,1.0582222222222222,0.009252198207156769,-0.02159278944387557,servo_0.546
8.237547476000145,0.546,1.0,-0.0,38.21346265399391,-42.551314934694126,-2.2835427442012204,1.0566666666666666,0.009252198207156769,-0.02159278944387557,servo_0.546
8.239214691000598,0.546,1.0,-0.0,38.209743828477784,-42.555616077442025,-2.283883783636621,1.058888888888889,-0.011858181052406576,-0.02159278944387557,servo_0.546
8.240049979000105,0.546,1.0,-0.0,38.209743828477784,-42.555616077442025,-2.283883783636621,1.058888888888889,-0.011858181052406576,-0.007955326668811498,servo_0.546
8.244617276000099,0.546,1.0,-0.0,38.20591055008959,-42.56004786354486,-2.283929231062906,1.0642222222222222,-0.010687324737328053,-0.007955326668811498,servo_0.546
8.245773341000131,0.546,1.0,-0.0,38.20591055008959,-42.56004786354486,-2.283929231062906,1.0642222222222222,-0.010687324737328053,-0.00834762278094778,servo_0.546
8.248598572999981,0.546,1.0,-0.0,38.20591055008959,-42.56004786354486,-2.283929231062906,1.0642222222222222,-0.010687324737328053,-0.008989095583912452,servo_0.546
8.251030098000228,0.546,1.0,-0.0,38.202075670403495,-42.56448111657552,-2.2839695815398313,1.0611111111111111,-0.00998541415041397,-0.008989095583912452,servo_0.546
8.253791904000536,0.546,1.0,-0.0,38.202075670403495,-42.56448111657552,-2.2839695815398313,1.0611111111111111,-0.00998541415041397,-0.01315267747095313,servo_0.546
8.255899388000216,0.546,1.0,-0.0,38.19825094060914,-42.56890224825967,-2.284016011401728,1.0553333333333332,-0.009686518580463514,-0.01315267747095313,servo_0.546
8.259176216000014,0.546,1.0,-0.0,38.19825094060914,-42.56890224825967,-2.284016011401728,1.0553333333333332,-0.009686518580463514,-0.05393636489542671,servo_0.546
8.260919562000709,0.546,1.0,-0.0,38.194478893771574,-42.57326201036832,-2.284076622474786,1.054888888888889,-0.010726366247610399,-0.05393636489542671,servo_0.546
8.264717173000463,0.546,1.0,-0.0,38.194478893771574,-42.57326201036832,-2.284076622474786,1.054888888888889,-0.010726366247610399,-0.07559528395812032,servo_0.546
8.266590537999946,0.546,1.0,-0.0,38.19067403077397,-42.577658242750886,-2.2843443700815613,1.060888888888889,-0.02368936584195529,-0.07559528395812032,servo_0.546
8.270461848000195,0.546,1.0,-0.0,38.19067403077397,-42.577658242750886,-2.2843443700815613,1.060888888888889,-0.02368936584195529,-0.030500609720567468,servo_0.546
8.271950850000394,0.546,1.0,-0.0,38.18686341062992,-42.58205824865382,-2.284723860609395,1.0642222222222222,-0.0392611412768048,-0.030500609720567468,servo_0.546
8.276259644000675,0.546,1.0,-0.0,38.18309034375058,-42.58641254294798,-2.284878412205032,1.0584444444444445,-0.0366329818099336,-0.030500609720567468,servo_0.546
8.277078611000434,0.546,1.0,-0.0,38.18309034375058,-42.58641254294798,-2.284878412205032,1.0584444444444445,-0.0366329818099336,0.02198384344103468,servo_0.546
8.281328011000369,0.546,1.0,-0.0,38.18309034375058,-42.58641254294798,-2.284878412205032,1.0584444444444445,-0.0366329818099336,0.021514463379502816,servo_0.546
8.28310159800003,0.546,1.0,-0.0,38.17914410976107,-42.590966466046986,-2.284770390697986,1.056,-0.019047934234643116,0.021514463379502816,servo_0.546
8.284698090999882,0.546,1.0,-0.0,38.17893962041176,-42.59120247090793,-2.284770390697986,1.056888888888889,-0.019047934234643116,0.021514463379502816,servo_0.546
8.286862312000267,0.546,1.0,-0.0,38.17893962041176,-42.59120247090793,-2.284770390697986,1.056888888888889,-0.019047934234643116,-0.019080094874791207,servo_0.546
8.28866866699991,0.546,1.0,-0.0,38.175118396776554,-42.595612692118145,-2.28475292538524,1.0615555555555556,-0.010539478927716898,-0.019080094874791207,servo_0.546
8.28946821000045,0.546,1.0,-0.0,38.175118396776554,-42.595612692118145,-2.28475292538524,1.0615555555555556,-0.010539478927716898,-0.02549384398467788,servo_0.546
8.293168058999981,0.546,1.0,-0.0,38.175118396776554,-42.595612692118145,-2.28475292538524,1.0615555555555556,-0.010539478927716898,0.022819560035858357,servo_0.546
8.295391833999929,0.546,1.0,-0.0,38.17135225849609,-42.59995885955135,-2.2848791672895534,1.0606666666666666,-0.015025788444805191,0.022819560035858357,servo_0.546
8.298088198000187,0.546,1.0,-0.0,38.17135225849609,-42.59995885955135,-2.2848791672895534,1.0606666666666666,-0.015025788444805191,0.06061191938522499,servo_0.546
8.29978846999984,0.546,1.0,-0.0,38.16753091602011,-42.60436867422527,-2.2847661782837214,1.0566666666666666,-0.003672183900606126,0.06061191938522499,servo_0.546
8.303875018000326,0.546,1.0,-0.0,38.16753091602011,-42.60436867422527,-2.2847661782837214,1.0566666666666666,-0.003672183900606126,0.0419077692295959,servo_0.546
8.305283474000134,0.546,1.0,-0.0,38.16356938322662,-42.608942154887224,-2.284470718017202,1.0544444444444445,0.015613047085143208,0.0419077692295959,servo_0.546
8.309297987000718,0.546,1.0,-0.0,38.16356938322662,-42.608942154887224,-2.284470718017202,1.0544444444444445,0.015613047085143208,-0.014999250952976025,servo_0.546
8.3108316630005,0.546,1.0,-0.0,38.15977552163015,-42.6133243270878,-2.2842548635131683,1.0566666666666666,0.023501463728479017,-0.014999250952976025,servo_0.546
8.314882785000009,0.546,1.0,-0.0,38.15977552163015,-42.6133243270878,-2.2842548635131683,1.0566666666666666,0.023501463728479017,-0.05439481559351624,servo_0.546
8.316598098000213,0.546,1.0,-0.0,38.155962270964736,-42.61772954319064,-2.284325083558288,1.0615555555555556,0.011951249324042505,-0.05439481559351624,servo_0.546
8.320455615000355,0.546,1.0,-0.0,38.155962270964736,-42.61772954319064,-2.284325083558288,1.0615555555555556,0.011951249324042505,-0.06061612634750948,servo_0.546
8.322118926000257,0.546,1.0,-0.0,38.152123954783576,-42.62216217110704,-2.2845997320629543,1.0586666666666666,-0.007952570151225118,-0.06061612634750948,servo_0.546
8.326750193000407,0.546,1.0,-0.0,38.152123954783576,-42.62216217110704,-2.2845997320629543,1.0586666666666666,-0.007952570151225118,-0.05280021876250688,servo_0.546
8.328679816000658,0.546,1.0,-0.0,38.14782509118531,-42.62712375188155,-2.2849042514052345,1.056888888888889,-0.023751637010110425,-0.05280021876250688,servo_0.546
8.329664324000078,0.546,1.0,-0.0,38.14782509118531,-42.62712375188155,-2.2849042514052345,1.056888888888889,-0.023751637010110425,-0.06185793339667821,servo_0.546
8.331494296000528,0.546,1.0,-0.0,38.14760528572118,-42.62737736474372,-2.2849042514052345,1.056888888888889,-0.023751637010110425,-0.06185793339667821,servo_0.546
8.33314032599992,0.546,1.0,-0.0,38.14387451152444,-42.63167945619669,-2.2854789053808373,1.058888888888889,-0.04128372809408401,-0.06185793339667821,servo_0.546
8.333978110000317,0.546,1.0,-0.0,38.14387451152444,-42.63167945619669,-2.2854789053808373,1.058888888888889,-0.04128372809408401,-0.0948987244216121,servo_0.546
8.337748233000639,0.546,1.0,-0.0,38.14387451152444,-42.63167945619669,-2.2854789053808373,1.058888888888889,-0.04128372809408401,-0.09405629166741437,servo_0.546
8.339488602000529,0.546,1.0,-0.0,38.14005731412725,-42.63607655238559,-2.2859513225030135,1.0597777777777777,-0.05736822699234243,-0.09405629166741437,servo_0.546
8.343082784000217,0.546,1.0,-0.0,38.14005731412725,-42.63607655238559,-2.2859513225030135,1.0597777777777777,-0.05736822699234243,-0.053345392804781316,servo_0.546
8.344635019000634,0.546,1.0,-0.0,38.13626007587119,-42.64044650248783,-2.286419857875111,1.060888888888889,-0.06837464639486401,-0.053345392804781316,servo_0.546
8.348560635000467,0.546,1.0,-0.0,38.13626007587119,-42.64044650248783,-2.286419857875111,1.060888888888889,-0.06837464639486401,0.0004377660767459943,servo_0.546
8.350603380000393,0.546,1.0,-0.0,38.1324497271541,-42.64482827689844,-2.2866885903710714,1.0617777777777777,-0.0638658703178392,0.0004377660767459943,servo_0.546
8.35421458700057,0.546,1.0,-0.0,38.1324497271541,-42.64482827689844,-2.2866885903710714,1.0617777777777777,-0.0638658703178392,0.04746098857343992,servo_0.546
8.356003949000296,0.546,1.0,-0.0,38.12868285898961,-42.649158891873476,-2.2866846924485564,1.058888888888889,-0.04457477939946364,0.04746098857343992,servo_0.546
8.360369224999886,0.546,1.0,-0.0,38.12868285898961,-42.649158891873476,-2.2866846924485564,1.058888888888889,-0.04457477939946364,0.061097093240377785,servo_0.546
8.361922133000007,0.546,1.0,-0.0,38.12440075143618,-42.654083078215976,-2.286442872165412,1.0555555555555556,-0.016964049007592567,0.061097093240377785,servo_0.546
8.365949063000699,0.546,1.0,-0.0,38.12440075143618,-42.654083078215976,-2.286442872165412,1.0555555555555556,-0.016964049007592567,0.05541259669954967,servo_0.546
8.367382031000488,0.546,1.0,-0.0,38.120546517050364,-42.65851769809072,-2.286134320794129,1.0573333333333332,0.006454293666798538,0.05541259669954967,servo_0.546
8.371383104000415,0.546,1.0,-0.0,38.120546517050364,-42.65851769809072,-2.286134320794129,1.0573333333333332,0.006454293666798538,0.03982818163575868,servo_0.546
8.373045711000486,0.546,1.0,-0.0,38.11672707730743,-42.66291490712903,-2.2858519547613994,1.0626666666666666,0.021141784576623874,0.03982818163575868,servo_0.546
8.374377557000116,0.546,1.0,-0.0,38.116492568829095,-42.66318502256053,-2.2856478056589506,1.0604444444444445,0.026747703694364314,0.03982818163575868,servo_0.546
8.376845339000283,0.546,1.0,-0.0,38.116492568829095,-42.66318502256053,-2.2856478056589506,1.0604444444444445,0.026747703694364314,0.04962186499836261,servo_0.546
8.378608525000345,0.546,1.0,-0.0,38.112674171538586,-42.667584099013375,-2.2856478056589506,1.055111111111111,0.026747703694364314,0.04962186499836261,servo_0.546
8.379347265999968,0.546,1.0,-0.0,38.112674171538586,-42.667584099013375,-2.2856478056589506,1.055111111111111,0.026747703694364314,0.05450446292902185,servo_0.546
8.382473530000425,0.546,1.0,-0.0,38.112674171538586,-42.667584099013375,-2.2856478056589506,1.055111111111111,0.026747703694364314,0.0004929386992246385,servo_0.546
8.383989605000352,0.546,1.0,-0.0,38.108944744732376,-42.6718829025566,-2.2851346323053976,1.0546666666666666,0.03987830533860122,0.0004929386992246385,servo_0.546
8.38801074300045,0.546,1.0,-0.0,38.108944744732376,-42.6718829025566,-2.2851346323053976,1.0546666666666666,0.03987830533860122,-0.05464783254183059,servo_0.546
8.389530914000716,0.546,1.0,-0.0,38.10513843716308,-42.67627261698353,-2.2851306445495223,1.058888888888889,0.028062695346788243,-0.05464783254183059,servo_0.546
8.393410288000268,0.546,1.0,-0.0,38.10513843716308,-42.67627261698353,-2.2851306445495223,1.058888888888889,0.028062695346788243,-0.047822279664822796,servo_0.546
8.39508755099996,0.546,1.0,-0.0,38.10132779295571,-42.68066615768227,-2.2853993567764106,1.0615555555555556,0.0032495369802025935,-0.047822279664822796,servo_0.546
8.39884273000007,0.546,1.0,-0.0,38.10132779295571,-42.68066615768227,-2.2853993567764106,1.0615555555555556,0.0032495369802025935,-0.010745685430009694,servo_0.546
8.400727999000082,0.546,1.0,-0.0,38.097549734705964,-42.68501989772737,-2.285637630735708,1.0573333333333332,-0.012072008013305024,-0.010745685430009694,servo_0.546
8.404338309000195,0.546,1.0,-0.0,38.097549734705964,-42.68501989772737,-2.285637630735708,1.0573333333333332,-0.012072008013305024,-0.015945969350390967,servo_0.546
8.406223546000547,0.546,1.0,-0.0,38.093789172186675,-42.68935217526295,-2.285696596730345,1.0535555555555556,-0.011674111238316423,-0.015945969350390967,servo_0.546
8.410362031000659,0.546,1.0,-0.0,38.093789172186675,-42.68935217526295,-2.285696596730345,1.0535555555555556,-0.011674111238316423,-0.06142131645833812,servo_0.546
8.412190435000412,0.546,1.0,-0.0,38.09003905876695,-42.69367180683039,-2.2857770461470532,1.052888888888889,-0.012955668671938786,-0.06142131645833812,servo_0.546
8.415788840999994,0.546,1.0,-0.0,38.09003905876695,-42.69367180683039,-2.2857770461470532,1.052888888888889,-0.012955668671938786,-0.06252891683332366,servo_0.546
8.417513146000601,0.546,1.0,-0.0,38.08623687447195,-42.69804972199717,-2.2860798927525074,1.0577777777777777,-0.027495363007858584,-0.06252891683332366,servo_0.546
8.421060734000093,0.546,1.0,-0.0,38.08623687447195,-42.69804972199717,-2.2860798927525074,1.0577777777777777,-0.027495363007858584,-0.03195620410683691,servo_0.546
8.42281374400045,0.546,1.0,-0.0,38.08241670767398,-42.70244562970219,-2.2863879410085217,1.0602222222222222,-0.03800542915549811,-0.03195620410683691,servo_0.546
8.426394869000433,0.546,1.0,-0.0,38.08241670767398,-42.70244562970219,-2.2863879410085217,1.0602222222222222,-0.03800542915549811,-0.013143471880138244,servo_0.546
8.42826241000057,0.546,1.0,-0.0,38.078605056534506,-42.70682965759763,-2.2865497785277196,1.0546666666666666,-0.03619066164089975,-0.013143471880138244,servo_0.546
8.430076509000173,0.546,1.0,-0.0,38.07836989768557,-42.70710008488774,-2.2865497785277196,1.0522222222222222,-0.03619066164089975,-0.013143471880138244,servo_0.546
8.4318618719999,0.546,1.0,-0.0,38.07836989768557,-42.70710008488774,-2.2865497785277196,1.0522222222222222,-0.03619066164089975,-0.01688734790176084,servo_0.546
8.433339162000266,0.546,1.0,-0.0,38.0745679067122,-42.71147163396536,-2.2866978013489163,1.0537777777777777,-0.02555975766939816,-0.01688734790176084,servo_0.546
8.434088654999869,0.546,1.0,-0.0,38.0745679067122,-42.71147163396536,-2.2866978013489163,1.0537777777777777,-0.02555975766939816,-0.03713138149216038,servo_0.546
8.437500046999958,0.546,1.0,-0.0,38.0745679067122,-42.71147163396536,-2.2866978013489163,1.0537777777777777,-0.02555975766939816,-0.02236740105584414,servo_0.546
8.438916695999978,0.546,1.0,-0.0,38.07081592313259,-42.7157842348978,-2.286882563151963,1.0586666666666666,-0.029031244816226823,-0.02236740105584414,servo_0.546
8.443019692000234,0.546,1.0,-0.0,38.07081592313259,-42.7157842348978,-2.286882563151963,1.0586666666666666,-0.029031244816226823,0.023075312966073836,servo_0.546
8.444543415000226,0.546,1.0,-0.0,38.06700590070853,-42.72016224280911,-2.286992743593742,1.0584444444444445,-0.027032091688112016,0.023075312966073836,servo_0.546
8.448550439999963,0.546,1.0,-0.0,38.06700590070853,-42.72016224280911,-2.286992743593742,1.0584444444444445,-0.027032091688112016,0.043481139834479494,servo_0.546
8.450566881000668,0.546,1.0,-0.0,38.06320836042931,-42.7245259076866,-2.286882584100354,1.056888888888889,-0.01199987029185626,0.043481139834479494,servo_0.546
8.454081861000304,0.546,1.0,-0.0,38.06320836042931,-42.7245259076866,-2.286882584100354,1.056888888888889,-0.01199987029185626,0.037790314124873235,servo_0.546
8.456164447999981,0.546,1.0,-0.0,38.05939531301265,-42.72890884050456,-2.2866652512750347,1.0564444444444445,0.004644432746044466,0.037790314124873235,servo_0.546
8.459557696000047,0.546,1.0,-0.0,38.05939531301265,-42.72890884050456,-2.2866652512750347,1.0564444444444445,0.004644432746044466,-0.01358698182839351,servo_0.546
8.461762558000373,0.546,1.0,-0.0,38.055594387665124,-42.73327963930431,-2.286474701640353,1.056,0.014588197159693096,-0.01358698182839351,servo_0.546
8.465289538000434,0.546,1.0,-0.0,38.055594387665124,-42.73327963930431,-2.286474701640353,1.056,0.014588197159693096,-0.053650849059435,servo_0.546
8.467196984000111,0.546,1.0,-0.0,38.05180000544885,-42.737643453900986,-2.2865427109590595,1.0557777777777777,0.0061356434632671136,-0.053650849059435,servo_0.546
8.470933218000027,0.546,1.0,-0.0,38.05180000544885,-42.737643453900986,-2.2865427109590595,1.0557777777777777,0.0061356434632671136,-0.08304249769614745,servo_0.546
8.472747957000138,0.546,1.0,-0.0,38.04801826318633,-42.74199122191856,-2.2868185225550417,1.0571111111111111,-0.01180030429354352,-0.08304249769614745,servo_0.546
8.47620037500019,0.546,1.0,-0.0,38.04801826318633,-42.74199122191856,-2.2868185225550417,1.0571111111111111,-0.01180030429354352,-0.07714958799407462,servo_0.546
8.478032235000683,0.546,1.0,-0.0,38.04419679104078,-42.74638158227106,-2.2872381820124774,1.0584444444444445,-0.0331729623143247,-0.07714958799407462,servo_0.546
8.481821078000394,0.546,1.0,-0.0,38.04419679104078,-42.74638158227106,-2.2872381820124774,1.0584444444444445,-0.0331729623143247,-0.03218808429459335,servo_0.546
8.483457924000504,0.546,1.0,-0.0,38.04038312658945,-42.75075939466624,-2.287627724369632,1.054888888888889,-0.04636595001824967,-0.03218808429459335,servo_0.546
8.484324125000057,0.546,1.0,-0.0,38.04038312658945,-42.75075939466624,-2.287627724369632,1.054888888888889,-0.04636595001824967,-0.012954662081230032,servo_0.546
8.486132783999892,0.546,1.0,-0.0,38.040142547307,-42.751035453792575,-2.287627724369632,1.052888888888889,-0.04636595001824967,-0.012954662081230032,servo_0.546
8.487838015999841,0.546,1.0,-0.0,38.0364074446495,-42.75532044280111,-2.287848330259815,1.054888888888889,-0.03336521183517595,-0.012954662081230032,servo_0.546
8.488643415000297,0.546,1.0,-0.0,38.0364074446495,-42.75532044280111,-2.287848330259815,1.054888888888889,-0.03336521183517595,0.025224246777983194,servo_0.546
8.492696713000441,0.546,1.0,-0.0,38.0364074446495,-42.75532044280111,-2.287848330259815,1.054888888888889,-0.03336521183517595,0.06486182930347627,servo_0.546
8.49428331800027,0.546,1.0,-0.0,38.03256324727778,-42.75973018797191,-2.2877174922132166,1.0586666666666666,-0.015788374251228206,0.06486182930347627,servo_0.546
8.498218534000443,0.546,1.0,-0.0,38.03256324727778,-42.75973018797191,-2.2877174922132166,1.0586666666666666,-0.015788374251228206,0.12258560458196997,servo_0.546
8.499857939999856,0.546,1.0,-0.0,38.028757365355844,-42.76409802318557,-2.2873850165143583,1.0564444444444445,0.008406686815183136,0.12258560458196997,servo_0.546
8.503711777000717,0.546,1.0,-0.0,38.028757365355844,-42.76409802318557,-2.2873850165143583,1.0564444444444445,0.008406686815183136,0.1463451294051664,servo_0.546
8.505773308000244,0.546,1.0,-0.0,38.02496204914173,-42.768457895675816,-2.286771230141391,1.0535555555555556,0.042660362145219184,0.1463451294051664,servo_0.546
8.509129019000284,0.546,1.0,-0.0,38.02496204914173,-42.768457895675816,-2.286771230141391,1.0535555555555556,0.042660362145219184,0.08202195772167228,servo_0.546
8.511111347000224,0.546,1.0,-0.0,38.02117795872132,-42.772810793826245,-2.286036890074664,1.0524444444444445,0.07376579232320335,0.08202195772167228,servo_0.546
8.514669271000457,0.546,1.0,-0.0,38.02117795872132,-42.772810793826245,-2.286036890074664,1.0524444444444445,0.07376579232320335,-0.0005607301279621349,servo_0.546
8.51664571099991,0.546,1.0,-0.0,38.01739882449064,-42.77716302782958,-2.285624570173502,1.054,0.07624264194274402,-0.0005607301279621349,servo_0.546
8.520332088000032,0.546,1.0,-0.0,38.01739882449064,-42.77716302782958,-2.285624570173502,1.054,0.07624264194274402,-0.05472011655948022,servo_0.546
8.522317744000247,0.546,1.0,-0.0,38.01358902231234,-42.78155239934393,-2.285626544840232,1.0582222222222222,0.05320163032153217,-0.05472011655948022,servo_0.546
8.526204798000435,0.546,1.0,-0.0,38.01358902231234,-42.78155239934393,-2.285626544840232,1.0582222222222222,0.05320163032153217,-0.051077731942524865,servo_0.546
8.528006065000227,0.546,1.0,-0.0,38.00979775544129,-42.78591918997364,-2.2859024727848314,1.0564444444444445,0.02082510625722845,-0.051077731942524865,servo_0.546
8.531220780000695,0.546,1.0,-0.0,38.00979775544129,-42.78591918997364,-2.2859024727848314,1.0564444444444445,0.02082510625722845,-0.017425367819497592,servo_0.546
8.532830937000654,0.546,1.0,-0.0,38.00598568625901,-42.79030756390546,-2.286162680287605,1.0524444444444445,-0.0007457452026975453,-0.017425367819497592,servo_0.546
8.536964173999877,0.546,1.0,-0.0,38.00598568625901,-42.79030756390546,-2.286162680287605,1.0524444444444445,-0.0007457452026975453,-0.03154266720441264,servo_0.546
8.538435544000095,0.546,1.0,-0.0,38.002159005075384,-42.794711197665684,-2.286253460050032,1.0515555555555556,-0.005749631987737559,-0.03154266720441264,servo_0.546
8.53914791600073,0.546,1.0,-0.0,38.002159005075384,-42.794711197665684,-2.286253460050032,1.0515555555555556,-0.005749631987737559,-0.041073221928938336,servo_0.546
8.540580501000477,0.546,1.0,-0.0,38.00193085544643,-42.794973721575815,-2.286253460050032,1.055111111111111,-0.005749631987737559,-0.041073221928938336,servo_0.546
8.542426568999872,0.546,1.0,-0.0,38.00193085544643,-42.794973721575815,-2.286253460050032,1.055111111111111,-0.005749631987737559,-0.0291584659967354,servo_0.546
8.543991157000164,0.546,1.0,-0.0,37.998184626313964,-42.79928282710708,-2.286609856824506,1.0597777777777777,-0.021763246365599558,-0.0291584659967354,servo_0.546
8.547959941000045,0.546,1.0,-0.0,37.998184626313964,-42.79928282710708,-2.286609856824506,1.0597777777777777,-0.021763246365599558,0.002449213807268526,servo_0.546
8.549380462000045,0.546,1.0,-0.0,37.99436750512909,-42.803671275402905,-2.2867500053523946,1.0566666666666666,-0.02398181225494031,0.002449213807268526,servo_0.546
8.555238355000256,0.546,1.0,-0.0,37.990578897408945,-42.80802636622635,-2.2867408910106946,1.0546666666666666,-0.01605250443627766,0.002449213807268526,servo_0.546
8.556336145999921,0.546,1.0,-0.0,37.990578897408945,-42.80802636622635,-2.2867408910106946,1.0546666666666666,-0.01605250443627766,0.009418923542067437,servo_0.546
8.55999212200004,0.546,1.0,-0.0,37.990578897408945,-42.80802636622635,-2.2867408910106946,1.0546666666666666,-0.01605250443627766,-0.049356601670223106,servo_0.546
8.562350748999961,0.546,1.0,-0.0,37.98673770865797,-42.81244213830668,-2.286696588482002,1.0555555555555556,-0.00841107604277413,-0.049356601670223106,servo_0.546
8.566378255000018,0.546,1.0,-0.0,37.982831243163965,-42.816932030631236,-2.2869440025223113,1.0584444444444445,-0.020694733731008823,-0.049356601670223106,servo_0.546
8.568170528999872,0.546,1.0,-0.0,37.982831243163965,-42.816932030631236,-2.2869440025223113,1.0584444444444445,-0.020694733731008823,-0.09128097820592918,servo_0.546
8.570385951999924,0.546,1.0,-0.0,37.982831243163965,-42.816932030631236,-2.2869440025223113,1.0584444444444445,-0.020694733731008823,-0.08745864296187932,servo_0.546
8.572333591000643,0.546,1.0,-0.0,37.97891283386143,-42.82143244835444,-2.2874010698442375,1.0575555555555556,-0.041870607073484924,-0.08745864296187932,servo_0.546
8.57606665700041,0.546,1.0,-0.0,37.97891283386143,-42.82143244835444,-2.2874010698442375,1.0575555555555556,-0.041870607073484924,-0.031620643728892325,servo_0.546
8.57788482000069,0.546,1.0,-0.0,37.97501027506479,-42.82591060821759,-2.287840113245517,1.0564444444444445,-0.05554701784000324,-0.031620643728892325,servo_0.546
8.581933415000094,0.546,1.0,-0.0,37.97501027506479,-42.82591060821759,-2.287840113245517,1.0564444444444445,-0.05554701784000324,0.020726660797759946,servo_0.546
8.584550417000173,0.546,1.0,-0.0,37.97115838690679,-42.83032796714227,-2.2879966956637383,1.0553333333333332,-0.04836910560666996,0.020726660797759946,servo_0.546
8.586390053000287,0.546,1.0,-0.0,37.9709195296336,-42.830601846215025,-2.2879966956637383,1.0542222222222222,-0.04836910560666996,0.020726660797759946,servo_0.546
8.588151959000243,0.546,1.0,-0.0,37.96705355356825,-42.8350359838018,-2.2877010011797756,1.054888888888889,-0.008184621672430342,0.020726660797759946,servo_0.546
8.589005455000006,0.546,1.0,-0.0,37.96705355356825,-42.8350359838018,-2.2877010011797756,1.054888888888889,-0.008184621672430342,0.03721213769102783,servo_0.546
8.590297876000477,0.546,1.0,-0.0,37.96705355356825,-42.8350359838018,-2.2877010011797756,1.054888888888889,-0.008184621672430342,0.05300345956557196,servo_0.546
8.592757017000622,0.546,1.0,-0.0,37.96705355356825,-42.8350359838018,-2.2877010011797756,1.054888888888889,-0.008184621672430342,0.058477562219094614,servo_0.546
8.594241251000312,0.546,1.0,-0.0,37.96328110139263,-42.83936531833812,-2.287432373193247,1.0573333333333332,0.01017180269897035,0.058477562219094614,servo_0.546
8.598492955000438,0.546,1.0,-0.0,37.96328110139263,-42.83936531833812,-2.287432373193247,1.0573333333333332,0.01017180269897035,0.06420757384742787,servo_0.546
8.600296942000568,0.546,1.0,-0.0,37.95945863010933,-42.84375455807193,-2.287136111049641,1.0573333333333332,0.024663530555007626,0.06420757384742787,servo_0.546
8.603611692000413,0.546,1.0,-0.0,37.95945863010933,-42.84375455807193,-2.287136111049641,1.0573333333333332,0.024663530555007626,0.03545309066270607,servo_0.546
8.605141208000532,0.546,1.0,-0.0,37.9556775928173,-42.848098924040706,-2.286815749097805,1.0542222222222222,0.03652674354273369,0.03545309066270607,servo_0.546
8.609408592000364,0.546,1.0,-0.0,37.9556775928173,-42.848098924040706,-2.286815749097805,1.0542222222222222,0.03652674354273369,-0.012562523053986172,servo_0.546
8.611136256999998,0.546,1.0,-0.0,37.95189068592788,-42.85245221066649,-2.2866408066553428,1.0533333333333332,0.0362046476787254,-0.012562523053986172,servo_0.546
8.614789160999862,0.546,1.0,-0.0,37.95189068592788,-42.85245221066649,-2.2866408066553428,1.0533333333333332,0.0362046476787254,-0.04618979520611785,servo_0.546
8.61662502099989,0.546,1.0,-0.0,37.94808850466589,-42.856823550950985,-2.286703640006928,1.0537777777777777,0.021574496458911928,-0.04618979520611785,servo_0.546
8.620337734000714,0.546,1.0,-0.0,37.94808850466589,-42.856823550950985,-2.286703640006928,1.0537777777777777,0.021574496458911928,-0.04939225473931654,servo_0.546
8.622066487000666,0.546,1.0,-0.0,37.94428848710021,-42.86119111186817,-2.2869336820703015,1.0564444444444445,0.001245208959402994,-0.04939225473931654,servo_0.546
8.627756472000328,0.546,1.0,-0.0,37.940464050729624,-42.865584624531245,-2.287180098167167,1.0566666666666666,-0.013946030150212866,-0.04939225473931654,servo_0.546
8.628873591000229,0.546,1.0,-0.0,37.940464050729624,-42.865584624531245,-2.287180098167167,1.0566666666666666,-0.013946030150212866,-0.016742372069919652,servo_0.546
8.631826443000136,0.546,1.0,-0.0,37.940464050729624,-42.865584624531245,-2.287180098167167,1.0566666666666666,-0.013946030150212866,-0.012860310236938267,servo_0.546
8.633637662000183,0.546,1.0,-0.0,37.93655137190373,-42.87007799623032,-2.28726733635523,1.0546666666666666,-0.0147849327261249,-0.012860310236938267,servo_0.546
8.637047358000018,0.546,1.0,-0.0,37.93655137190373,-42.87007799623032,-2.28726733635523,1.0546666666666666,-0.0147849327261249,-0.04138171585171039,servo_0.546
8.638631370999974,0.546,1.0,-0.0,37.93260786932412,-42.87460607616984,-2.287331058852983,1.0517777777777777,-0.01420754597936891,-0.04138171585171039,servo_0.546
8.639387969000381,0.546,1.0,-0.0,37.93260786932412,-42.87460607616984,-2.287331058852983,1.0517777777777777,-0.01420754597936891,-0.05962667461757177,servo_0.546
8.640837194000596,0.546,1.0,-0.0,37.93238930305,-42.87485702615021,-2.287331058852983,1.0526666666666666,-0.01420754597936891,-0.05962667461757177,servo_0.546
8.642809890000535,0.546,1.0,-0.0,37.93238930305,-42.87485702615021,-2.287331058852983,1.0526666666666666,-0.01420754597936891,-0.05497269658292822,servo_0.546
8.644416398999965,0.546,1.0,-0.0,37.928625253914085,-42.87917659518585,-2.2878302976782376,1.0582222222222222,-0.033539860244021474,-0.05497269658292822,servo_0.546
8.648376543000268,0.546,1.0,-0.0,37.928625253914085,-42.87917659518585,-2.2878302976782376,1.0582222222222222,-0.033539860244021474,-0.009000552378086297,servo_0.546
8.649970956000288,0.546,1.0,-0.0,37.924761325584306,-42.883607316305955,-2.2881061224739145,1.058888888888889,-0.0399697111456935,-0.009000552378086297,servo_0.546
8.653859353999906,0.546,1.0,-0.0,37.924761325584306,-42.883607316305955,-2.2881061224739145,1.058888888888889,-0.0399697111456935,0.028107303830913515,servo_0.546
8.655402246000449,0.546,1.0,-0.0,37.92091310460371,-42.88801858521098,-2.288153830199173,1.054,-0.030678963515411335,0.028107303830913515,servo_0.546
8.659412887000144,0.546,1.0,-0.0,37.92091310460371,-42.88801858521098,-2.288153830199173,1.054,-0.030678963515411335,0.024526802339194274,servo_0.546
8.661007845000313,0.546,1.0,-0.0,37.917093759594856,-42.89239715258718,-2.288015746475369,1.053111111111111,-0.013043083311513881,0.024526802339194274,servo_0.546
8.664881810000225,0.546,1.0,-0.0,37.917093759594856,-42.89239715258718,-2.288015746475369,1.053111111111111,-0.013043083311513881,0.023311599853196516,servo_0.546
8.666428030000134,0.546,1.0,-0.0,37.91325967588515,-42.89679378934078,-2.2878895530630574,1.056,-0.0017721176163014354,0.023311599853196516,servo_0.546
8.672050877000402,0.546,1.0,-0.0,37.90940381642289,-42.901216496368534,-2.287769430580221,1.0606666666666666,0.00575299762454795,0.023311599853196516,servo_0.546
8.673193821000496,0.546,1.0,-0.0,37.90940381642289,-42.901216496368534,-2.287769430580221,1.0606666666666666,0.00575299762454795,0.02333842912058446,servo_0.546
8.67755624900019,0.546,1.0,-0.0,37.90940381642289,-42.901216496368534,-2.287769430580221,1.0606666666666666,0.00575299762454795,0.0464307779952564,servo_0.546
8.67961112300054,0.546,1.0,-0.0,37.9055465942951,-42.90564182784621,-2.287651907114756,1.056,0.011028627073358901,0.0464307779952564,servo_0.546
8.681672781000088,0.546,1.0,-0.0,37.9055465942951,-42.90564182784621,-2.287651907114756,1.056,0.011028627073358901,0.05141465094874431,servo_0.546
8.683325020000666,0.546,1.0,-0.0,37.901711798181935,-42.91004298062798,-2.2874204222347485,1.052888888888889,0.02164927234992815,0.05141465094874431,servo_0.546
8.684026352000728,0.546,1.0,-0.0,37.901711798181935,-42.91004298062798,-2.2874204222347485,1.052888888888889,0.02164927234992815,-0.002541875688595121,servo_0.546
8.685289267999906,0.546,1.0,-0.0,37.901504582232484,-42.91028085564702,-2.2874204222347485,1.0526666666666666,0.02164927234992815,-0.002541875688595121,servo_0.546
8.687110791000123,0.546,1.0,-0.0,37.901504582232484,-42.91028085564702,-2.2874204222347485,1.0526666666666666,0.02164927234992815,-0.03356798872985029,servo_0.546
8.688485966000371,0.546,1.0,-0.0,37.8978054463497,-42.914528349841035,-2.2871767118126605,1.0544444444444445,0.02064265744412256,-0.03356798872985029,servo_0.546
8.692558368999926,0.546,1.0,-0.0,37.8978054463497,-42.914528349841035,-2.2871767118126605,1.0544444444444445,0.02064265744412256,-0.021128248845387082,servo_0.546
8.6942757300003,0.546,1.0,-0.0,37.894029786382745,-42.91886406416689,-2.287339968410178,1.056,0.004379463591930704,-0.021128248845387082,servo_0.546
8.699042361000465,0.546,1.0,-0.0,37.894029786382745,-42.91886406416689,-2.287339968410178,1.056,0.004379463591930704,0.0028176265138984357,servo_0.546
8.700902894000137,0.546,1.0,-0.0,37.89027673398698,-42.92317263425394,-2.2874486943002132,1.054888888888889,-0.0032728501392646314,0.0028176265138984357,servo_0.546
8.704428337000536,0.546,1.0,-0.0,37.88650359096434,-42.92750384814617,-2.2874361526606055,1.0533333333333332,-0.001445707143315711,0.0028176265138984357,servo_0.546
8.705396205000397,0.546,1.0,-0.0,37.88650359096434,-42.92750384814617,-2.2874361526606055,1.0533333333333332,-0.001445707143315711,-0.013069018842616414,servo_0.546
8.708988018000127,0.546,1.0,-0.0,37.88650359096434,-42.92750384814617,-2.2874361526606055,1.0533333333333332,-0.001445707143315711,-0.05061377182993023,servo_0.546
8.711716832000093,0.546,1.0,-0.0,37.88275364787987,-42.93180819840928,-2.2875021473901835,1.0524444444444445,-0.004932700653105922,-0.05061377182993023,servo_0.546
8.714481294000507,0.546,1.0,-0.0,37.88275364787987,-42.93180819840928,-2.2875021473901835,1.0524444444444445,-0.004932700653105922,-0.06260660623574832,servo_0.546
8.716296865000004,0.546,1.0,-0.0,37.878983774082464,-42.9361340410869,-2.2877532438008026,1.052888888888889,-0.018637022006153213,-0.06260660623574832,servo_0.546
8.719931016000373,0.546,1.0,-0.0,37.878983774082464,-42.9361340410869,-2.2877532438008026,1.052888888888889,-0.018637022006153213,-0.059703286271992784,servo_0.546
8.721683642000244,0.546,1.0,-0.0,37.87520144704373,-42.940471694529776,-2.288068158705826,1.0535555555555556,-0.03182789727503174,-0.059703286271992784,servo_0.546
8.726465761000327,0.546,1.0,-0.0,37.871430179112835,-42.94479399959888,-2.2883640361243183,1.0526666666666666,-0.04019051397412005,-0.059703286271992784,servo_0.546
8.728533371000594,0.546,1.0,-0.0,37.871430179112835,-42.94479399959888,-2.2883640361243183,1.0526666666666666,-0.04019051397412005,-0.02857311151151439,servo_0.546
8.732913462999932,0.546,1.0,-0.0,37.86756132200162,-42.94922617041124,-2.2885112737258804,1.0524444444444445,-0.03670529323533835,-0.02857311151151439,servo_0.546
8.735050484000567,0.546,1.0,-0.0,37.86756132200162,-42.94922617041124,-2.2885112737258804,1.0524444444444445,-0.03670529323533835,0.0022507505695574274,servo_0.546
8.738750237000204,0.546,1.0,-0.0,37.86315340805531,-42.954275196284506,-2.2884993525995565,1.0513333333333332,-0.025018480093869616,0.0022507505695574274,servo_0.546
8.74000432000048,0.546,1.0,-0.0,37.86315340805531,-42.954275196284506,-2.2884993525995565,1.0513333333333332,-0.025018480093869616,0.0058858205961164495,servo_0.546
8.741705424000429,0.546,1.0,-0.0,37.86290518583486,-42.95455952476896,-2.2884993525995565,1.0493333333333332,-0.025018480093869616,0.0058858205961164495,servo_0.546
8.74278939099986,0.546,1.0,-0.0,37.86290518583486,-42.95455952476896,-2.2884993525995565,1.0493333333333332,-0.025018480093869616,0.018187967118533686,servo_0.546
8.744717861000026,0.546,1.0,-0.0,37.85917307190635,-42.958835059836936,-2.2883718942492783,1.051111111111111,-0.0055666427852515505,0.018187967118533686,servo_0.546
8.745507132000057,0.546,1.0,-0.0,37.85917307190635,-42.958835059836936,-2.2883718942492783,1.051111111111111,-0.0055666427852515505,0.02680306229893924,servo_0.546
8.748953917000108,0.546,1.0,-0.0,37.85917307190635,-42.958835059836936,-2.2883718942492783,1.051111111111111,-0.0055666427852515505,0.05363771218512035,servo_0.546
8.750769777000642,0.546,1.0,-0.0,37.85523291054132,-42.963350150797716,-2.2882326173967806,1.056,0.0041442687400056865,0.05363771218512035,servo_0.546
8.754489626000577,0.546,1.0,-0.0,37.85523291054132,-42.963350150797716,-2.2882326173967806,1.056,0.0041442687400056865,0.0514716342736936,servo_0.546
8.756394576000275,0.546,1.0,-0.0,37.851351647433276,-42.967799551542775,-2.287970510096934,1.0542222222222222,0.018992301773540086,0.0514716342736936,servo_0.546
8.75990757100044,0.546,1.0,-0.0,37.851351647433276,-42.967799551542775,-2.287970510096934,1.0542222222222222,0.018992301773540086,0.0033052351848837816,servo_0.546
8.761569633999898,0.546,1.0,-0.0,37.84754034665757,-42.972171023079085,-2.2877170862056877,1.0493333333333332,0.02873610152358614,0.0033052351848837816,servo_0.546
8.765431536000506,0.546,1.0,-0.0,37.84754034665757,-42.972171023079085,-2.2877170862056877,1.0493333333333332,0.02873610152358614,-0.04700058627761407,servo_0.546
8.76700300399989,0.546,1.0,-0.0,37.84369426014273,-42.97658356668562,-2.287706980129486,1.05,0.02110684162197543,-0.04700058627761407,servo_0.546
8.770919434999996,0.546,1.0,-0.0,37.84369426014273,-42.97658356668562,-2.287706980129486,1.05,0.02110684162197543,-0.08386603032898401,servo_0.546
8.772563641000488,0.546,1.0,-0.0,37.83985978067465,-42.980981783645916,-2.2879445734679855,1.0566666666666666,0.0006746132520985808,-0.08386603032898401,servo_0.546
8.776436263000505,0.546,1.0,-0.0,37.83985978067465,-42.980981783645916,-2.2879445734679855,1.0566666666666666,0.0006746132520985808,-0.0588381001352317,servo_0.546
8.777867952000634,0.546,1.0,-0.0,37.83601937583525,-42.98538386834869,-2.288365893956998,1.0586666666666666,-0.024687579822226198,-0.0588381001352317,servo_0.546
8.778588068000317,0.546,1.0,-0.0,37.83601937583525,-42.98538386834869,-2.288365893956998,1.0586666666666666,-0.024687579822226198,-0.0003727233085329878,servo_0.546
8.780080909999924,0.546,1.0,-0.0,37.835772818720166,-42.98566636561344,-2.288365893956998,1.052,-0.024687579822226198,-0.0003727233085329878,servo_0.546
8.782135559999915,0.546,1.0,-0.0,37.835772818720166,-42.98566636561344,-2.288365893956998,1.052,-0.024687579822226198,0.011854296973971631,servo_0.546
8.783548719999999,0.546,1.0,-0.0,37.8320168126681,-42.98996856086879,-2.288669042453548,1.0486666666666666,-0.02456473213384939,0.011854296973971631,servo_0.546
8.787624772000527,0.546,1.0,-0.0,37.8320168126681,-42.98996856086879,-2.288669042453548,1.0486666666666666,-0.02456473213384939,0.010352672553033153,servo_0.546
8.789131342000474,0.546,1.0,-0.0,37.828251668516764,-42.99428018425532,-2.288604597441557,1.0506666666666666,-0.013639023401503083,0.010352672553033153,servo_0.546
8.7931366720004,0.546,1.0,-0.0,37.828251668516764,-42.99428018425532,-2.288604597441557,1.0506666666666666,-0.013639023401503083,0.03207030391478999,servo_0.546
8.794576295999832,0.546,1.0,-0.0,37.82444980814045,-42.99863439074837,-2.288546642497154,1.0562222222222222,-0.006441514615142211,0.03207030391478999,servo_0.546
8.798616379000123,0.546,1.0,-0.0,37.82444980814045,-42.99863439074837,-2.288546642497154,1.0562222222222222,-0.006441514615142211,0.07678436041770548,servo_0.546
8.800164519000646,0.546,1.0,-0.0,37.8206746031186,-43.0029590418594,-2.2883817449937736,1.0544444444444445,0.005112030943837448,0.07678436041770548,servo_0.546
8.804043316000389,0.546,1.0,-0.0,37.8206746031186,-43.0029590418594,-2.2883817449937736,1.0544444444444445,0.005112030943837448,0.07838649316236192,servo_0.546
8.80552553400048,0.546,1.0,-0.0,37.81690100614674,-43.0072842330108,-2.288000801348187,1.052,0.026613729785997856,0.07838649316236192,servo_0.546
8.810367431000486,0.546,1.0,-0.0,37.81690100614674,-43.0072842330108,-2.288000801348187,1.052,0.026613729785997856,0.025512779476147263,servo_0.546
8.812143226000444,0.546,1.0,-0.0,37.81314651725156,-43.01159087054193,-2.2876113705922387,1.050888888888889,0.04214555879890708,0.025512779476147263,servo_0.546
8.815561690000322,0.546,1.0,-0.0,37.81314651725156,-43.01159087054193,-2.2876113705922387,1.050888888888889,0.04214555879890708,-0.03723261490309702,servo_0.546
8.817292811000698,0.546,1.0,-0.0,37.8093241941257,-43.015977598085804,-2.2874858272881022,1.0515555555555556,0.03715572500207913,-0.03723261490309702,servo_0.546
8.821019509000507,0.546,1.0,-0.0,37.8093241941257,-43.015977598085804,-2.2874858272881022,1.0515555555555556,0.03715572500207913,-0.08294025727742363,servo_0.546
8.822867560999839,0.546,1.0,-0.0,37.805540416163446,-43.02031984567659,-2.287666852089635,1.0535555555555556,0.014839223030526283,-0.08294025727742363,servo_0.546
8.826399309000408,0.546,1.0,-0.0,37.805540416163446,-43.02031984567659,-2.287666852089635,1.0535555555555556,0.014839223030526283,-0.045431214575554796,servo_0.546
8.828134654000678,0.546,1.0,-0.0,37.801464579964914,-43.02499447911724,-2.2880745607169723,1.0524444444444445,-0.014494621061858691,-0.045431214575554796,servo_0.546
8.829726986999958,0.546,1.0,-0.0,37.80123901943476,-43.02525307119724,-2.2880745607169723,1.0504444444444445,-0.014494621061858691,-0.045431214575554796,servo_0.546
8.83261359700009,0.546,1.0,-0.0,37.80123901943476,-43.02525307119724,-2.2880745607169723,1.0504444444444445,-0.014494621061858691,0.020027306373126733,servo_0.546
8.83439089500007,0.546,1.0,-0.0,37.79747794908752,-43.02956436574683,-2.288202024920416,1.0502222222222222,-0.010634727469239243,0.020027306373126733,servo_0.546
8.835235111000657,0.546,1.0,-0.0,37.79747794908752,-43.02956436574683,-2.288202024920416,1.0502222222222222,-0.010634727469239243,0.0455167727867628,servo_0.546
8.837801200000285,0.546,1.0,-0.0,37.79747794908752,-43.02956436574683,-2.288202024920416,1.0502222222222222,-0.010634727469239243,0.038148596676462164,servo_0.546
8.839368732000366,0.546,1.0,-0.0,37.7937070609693,-43.033887360012585,-2.2879724194075783,1.051111111111111,0.00621072260756137,0.038148596676462164,servo_0.546
8.843120422000538,0.546,1.0,-0.0,37.7937070609693,-43.033887360012585,-2.2879724194075783,1.051111111111111,0.00621072260756137,0.004692675013639162,servo_0.546
8.844722484000158,0.546,1.0,-0.0,37.78989841698793,-43.038255511339166,-2.287777074061788,1.050888888888889,0.015792084828231606,0.004692675013639162,servo_0.546
8.848664963000374,0.546,1.0,-0.0,37.78989841698793,-43.038255511339166,-2.287777074061788,1.050888888888889,0.015792084828231606,-0.006532613479477477,servo_0.546
8.850298768999892,0.546,1.0,-0.0,37.786079230028584,-43.04263673393025,-2.2877509198525448,1.0522222222222222,0.012462261883853873,-0.006532613479477477,servo_0.546
8.854036507000274,0.546,1.0,-0.0,37.786079230028584,-43.04263673393025,-2.2877509198525448,1.0522222222222222,0.012462261883853873,-0.02263852749957102,servo_0.546
8.855714539000473,0.546,1.0,-0.0,37.782302847105086,-43.04696881522601,-2.287785803069429,1.0546666666666666,0.006763799274854467,-0.02263852749957102,servo_0.546
8.859531447000336,0.546,1.0,-0.0,37.782302847105086,-43.04696881522601,-2.287785803069429,1.0546666666666666,0.006763799274854467,-0.06629381102161187,servo_0.546
8.861139812000147,0.546,1.0,-0.0,37.77852618978717,-43.05130054286857,-2.287903776037117,1.0522222222222222,-0.0020568987574731785,-0.06629381102161187,servo_0.546
8.864924047000386,0.546,1.0,-0.0,37.77852618978717,-43.05130054286857,-2.287903776037117,1.0522222222222222,-0.0020568987574731785,-0.08803238772922327,servo_0.546
8.866448826000124,0.546,1.0,-0.0,37.774783137394536,-43.055591770933844,-2.2882371838689215,1.048888888888889,-0.021327972436714786,-0.08803238772922327,servo_0.546
8.871833842999877,0.546,1.0,-0.0,37.771043130955285,-43.05987614010463,-2.2886820754872357,1.0517777777777777,-0.04133929702446733,-0.08803238772922327,servo_0.546
8.873069270000087,0.546,1.0,-0.0,37.771043130955285,-43.05987614010463,-2.2886820754872357,1.0517777777777777,-0.04133929702446733,-0.0965590805256004,servo_0.546
8.875904133999938,0.546,1.0,-0.0,37.771043130955285,-43.05987614010463,-2.2886820754872357,1.0517777777777777,-0.04133929702446733,-0.03129392379741004,servo_0.546
8.877506642999833,0.546,1.0,-0.0,37.76721941809944,-43.06425232104948,-2.28916018636488,1.0584444444444445,-0.057905232074807245,-0.03129392379741004,servo_0.546
8.881293725999967,0.546,1.0,-0.0,37.76721941809944,-43.06425232104948,-2.28916018636488,1.0584444444444445,-0.057905232074807245,0.05788740988272226,servo_0.546
8.882774728000186,0.546,1.0,-0.0,37.76342934407402,-43.06858723095676,-2.289315559913945,1.0566666666666666,-0.04992183959158808,0.05788740988272226,servo_0.546
8.884265171000152,0.546,1.0,-0.0,37.763214487127804,-43.06883293578773,-2.289315559913945,1.0495555555555556,-0.04992183959158808,0.05788740988272226,servo_0.546
8.886709432000316,0.546,1.0,-0.0,37.763214487127804,-43.06883293578773,-2.289315559913945,1.0495555555555556,-0.04992183959158808,0.09423979178889924,servo_0.546
8.888239139000689,0.546,1.0,-0.0,37.759471681685255,-43.0731164166837,-2.2885504725076316,1.0473333333333332,0.01596659221216329,0.09423979178889924,servo_0.546
8.889060313999835,0.546,1.0,-0.0,37.759471681685255,-43.0731164166837,-2.2885504725076316,1.0473333333333332,0.01596659221216329,0.07782190301126513,servo_0.546
8.892402905000381,0.546,1.0,-0.0,37.759471681685255,-43.0731164166837,-2.2885504725076316,1.0473333333333332,0.01596659221216329,0.047982148392822416,servo_0.546
8.893840866000573,0.546,1.0,-0.0,37.7557597577709,-43.07736951555529,-2.288159172170573,1.052,0.03452318545189384,0.047982148392822416,servo_0.546
8.897865971000101,0.546,1.0,-0.0,37.7557597577709,-43.07736951555529,-2.288159172170573,1.052,0.03452318545189384,0.04252076649469409,servo_0.546
9.905781432999902,0.49340000000000006,1.0,0.05748633879781418,37.10669536974798,-43.913544630156615,-2.161454408595199,1.038888888888889,0.10052099018581084,0.1631297021753908,servo_0.493
9.909117111999876,0.49340000000000006,1.0,0.05748633879781418,37.10669536974798,-43.913544630156615,-2.161454408595199,1.038888888888889,0.10052099018581084,0.16418319876835571,servo_0.493
9.910724581000068,0.49340000000000006,1.0,0.05748633879781418,37.1035540141487,-43.918233675048064,-2.1606621041722343,1.039111111111111,0.11930360378268483,0.16418319876835571,servo_0.493
9.914548177000142,0.49340000000000006,1.0,0.05748633879781418,37.1035540141487,-43.918233675048064,-2.1606621041722343,1.039111111111111,0.11930360378268483,0.16482806658156157,servo_0.493
9.916253121999944,0.49340000000000006,1.0,0.05748633879781418,37.100408228178075,-43.92293756037325,-2.159836007480785,1.0446666666666666,0.13276748227838608,0.16482806658156157,servo_0.493
9.920003436000115,0.49340000000000006,1.0,0.05748633879781418,37.100408228178075,-43.92293756037325,-2.159836007480785,1.0446666666666666,0.13276748227838608,0.16931394505596148,servo_0.493
9.921615801000371,0.49340000000000006,1.0,0.05748633879781418,37.09725274631375,-43.92766446407053,-2.158995348944591,1.0457777777777777,0.14238565756933874,0.16931394505596148,servo_0.493
9.925414949000697,0.49340000000000006,1.0,0.05748633879781418,37.09725274631375,-43.92766446407053,-2.158995348944591,1.0457777777777777,0.14238565756933874,0.19696291678267777,servo_0.493
9.927060275000258,0.49340000000000006,1.0,0.05748633879781418,37.09412277807591,-43.932361865114395,-2.1581212479302443,1.0422222222222222,0.15046414381532555,0.19696291678267777,servo_0.493
9.930897760000335,0.49340000000000006,1.0,0.05748633879781418,37.09412277807591,-43.932361865114395,-2.1581212479302443,1.0422222222222222,0.15046414381532555,0.18327761437578988,servo_0.493
9.932557998999982,0.49340000000000006,1.0,0.05748633879781418,37.09097898818591,-43.93708973187148,-2.1570963071158284,1.0415555555555556,0.1644137757055312,0.18327761437578988,servo_0.493
9.936412156000188,0.49340000000000006,1.0,0.05748633879781418,37.09097898818591,-43.93708973187148,-2.1570963071158284,1.0415555555555556,0.1644137757055312,0.13454728416422335,servo_0.493
9.938063979000617,0.49340000000000006,1.0,0.05748633879781418,37.08781590758493,-43.94185690195408,-2.1561289523740017,1.0433333333333332,0.1700729273066088,0.13454728416422335,servo_0.493
9.939693305000219,0.49340000000000006,1.0,0.05748633879781418,37.08762274139966,-43.94214833416181,-2.1561289523740017,1.0453333333333332,0.1700729273066088,0.13454728416422335,servo_0.493
9.941793300000427,0.49340000000000006,1.0,0.05748633879781418,37.08762274139966,-43.94214833416181,-2.1561289523740017,1.0453333333333332,0.1700729273066088,0.11024574780254694,servo_0.493
9.943428706999839,0.49340000000000006,1.0,0.05748633879781418,37.084508047179604,-43.946854044384644,-2.1548498360959694,1.043111111111111,0.14466438839548929,0.11024574780254694,servo_0.493
9.944320156000686,0.49340000000000006,1.0,0.05748633879781418,37.084508047179604,-43.946854044384644,-2.1548498360959694,1.043111111111111,0.14466438839548929,0.10870719802891614,servo_0.493
9.94740689900027,0.49340000000000006,1.0,0.05748633879781418,37.084508047179604,-43.946854044384644,-2.1548498360959694,1.043111111111111,0.14466438839548929,0.12042514011477841,servo_0.493
9.949072802000046,0.49340000000000006,1.0,0.05748633879781418,37.0814389941056,-43.95150004974023,-2.154295098966846,1.0426666666666666,0.13387723128551735,0.12042514011477841,servo_0.493
9.952823372000239,0.49340000000000006,1.0,0.05748633879781418,37.0814389941056,-43.95150004974023,-2.154295098966846,1.0426666666666666,0.13387723128551735,0.11062528986977527,servo_0.493
9.954512252000313,0.49340000000000006,1.0,0.05748633879781418,37.078332748448446,-43.95620817783671,-2.1537124513938366,1.0422222222222222,0.12984160393429567,0.11062528986977527,servo_0.493
9.958228901000439,0.49340000000000006,1.0,0.05748633879781418,37.078332748448446,-43.95620817783671,-2.1537124513938366,1.0422222222222222,0.12984160393429567,0.11406941462714183,servo_0.493
9.959907061000195,0.49340000000000006,1.0,0.05748633879781418,37.07523546274282,-43.960908420161175,-2.153180812325904,1.0406666666666666,0.12407670971493953,0.11406941462714183,servo_0.493
9.9637258570001,0.49340000000000006,1.0,0.05748633879781418,37.07523546274282,-43.960908420161175,-2.153180812325904,1.0406666666666666,0.12407670971493953,0.14046292228172433,servo_0.493
9.965404176000447,0.49340000000000006,1.0,0.05748633879781418,37.07214248462002,-43.96560775730667,-2.152610824486925,1.0413333333333334,0.12107452118860021,0.14046292228172433,servo_0.493
9.969043287000204,0.49340000000000006,1.0,0.05748633879781418,37.07214248462002,-43.96560775730667,-2.152610824486925,1.0413333333333334,0.12107452118860021,0.16151807359697254,servo_0.493
9.970644611999887,0.49340000000000006,1.0,0.05748633879781418,37.069046825976066,-43.970317542779746,-2.151936963702945,1.0435555555555556,0.12689104151653743,0.16151807359697254,servo_0.493
9.974450224000066,0.49340000000000006,1.0,0.05748633879781418,37.069046825976066,-43.970317542779746,-2.151936963702945,1.0435555555555556,0.12689104151653743,0.17333253862759337,servo_0.493
9.976142016000267,0.49340000000000006,1.0,0.05748633879781418,37.065948019209706,-43.975039682518094,-2.1511395513135154,1.0442222222222222,0.13727915114066797,0.17333253862759337,servo_0.493
9.97991169099987,0.49340000000000006,1.0,0.05748633879781418,37.065948019209706,-43.975039682518094,-2.1511395513135154,1.0442222222222222,0.13727915114066797,0.17317807528436877,servo_0.493
9.981676477000292,0.49340000000000006,1.0,0.05748633879781418,37.06286292076593,-43.97974940608516,-2.1502855666337237,1.0406666666666666,0.14809516738674558,0.17317807528436877,servo_0.493
9.98534125200058,0.49340000000000006,1.0,0.05748633879781418,37.06286292076593,-43.97974940608516,-2.1502855666337237,1.0406666666666666,0.14809516738674558,0.14643459497303624,servo_0.493
9.98707816500064,0.49340000000000006,1.0,0.05748633879781418,37.05976100846488,-43.98449364268828,-2.149429474045043,1.0393333333333334,0.15562003975603253,0.14643459497303624,servo_0.493
9.991674839000552,0.49340000000000006,1.0,0.05748633879781418,37.056610392980446,-43.98932072151937,-2.1486995897839702,1.0402222222222222,0.15286440632113363,0.14643459497303624,servo_0.493
9.993031838000206,0.49340000000000006,1.0,0.05748633879781418,37.056610392980446,-43.98932072151937,-2.1486995897839702,1.0402222222222222,0.15286440632113363,0.10065339941835301,servo_0.493
9.996786440000506,0.49340000000000006,1.0,0.05748633879781418,37.056610392980446,-43.98932072151937,-2.1486995897839702,1.0402222222222222,0.15286440632113363,0.09209068736823255,servo_0.493
9.998555258000124,0.49340000000000006,1.0,0.05748633879781418,37.05329931825324,-43.99440040925249,-2.1482092797239303,1.043111111111111,0.13720110425029944,0.09209068736823255,servo_0.493
9.999396594000245,0.49340000000000006,1.0,0.05748633879781418,37.05329931825324,-43.99440040925249,-2.1482092797239303,1.043111111111111,0.13720110425029944,0.13176918270597196,servo_0.493
10.001071297000635,0.49340000000000006,1.0,0.05748633879781418,37.05312891499391,-43.994661973689226,-2.1482092797239303,1.043111111111111,0.13720110425029944,0.13176918270597196,servo_0.493
10.002527306000047,0.49340000000000006,1.0,0.05748633879781418,37.05312891499391,-43.994661973689226,-2.1482092797239303,1.043111111111111,0.13720110425029944,0.15689610759086958,servo_0.493
10.004173625000476,0.49340000000000006,1.0,0.05748633879781418,37.05006124855008,-43.99937654889448,-2.1470856022987928,1.0402222222222222,0.12609834024176714,0.15689610759086958,servo_0.493
10.007872130000578,0.49340000000000006,1.0,0.05748633879781418,37.05006124855008,-43.99937654889448,-2.1470856022987928,1.0402222222222222,0.12609834024176714,0.14242209338239792,servo_0.493
10.009507536000456,0.49340000000000006,1.0,0.05748633879781418,37.04696827522057,-44.00413985566904,-2.1463197316540903,1.038,0.13533767044649786,0.14242209338239792,servo_0.493
10.013295450999976,0.49340000000000006,1.0,0.05748633879781418,37.04696827522057,-44.00413985566904,-2.1463197316540903,1.038,0.13533767044649786,0.12393790784924176,servo_0.493
10.014827334000074,0.49340000000000006,1.0,0.05748633879781418,37.04388135749424,-44.00890151403776,-2.145612008908796,1.0393333333333334,0.13746299732726788,0.12393790784924176,servo_0.493
10.018766486000459,0.49340000000000006,1.0,0.05748633879781418,37.04388135749424,-44.00890151403776,-2.145612008908796,1.0393333333333334,0.13746299732726788,0.14440521628812542,servo_0.493
10.020373347000714,0.49340000000000006,1.0,0.05748633879781418,37.04076928971339,-44.01370889535365,-2.145003519335778,1.045111111111111,0.13340547048386003,0.14440521628812542,servo_0.493
10.02426651299993,0.49340000000000006,1.0,0.05748633879781418,37.04076928971339,-44.01370889535365,-2.145003519335778,1.045111111111111,0.13340547048386003,0.15393349068096773,servo_0.493
10.025816764999945,0.49340000000000006,1.0,0.05748633879781418,37.03766521828091,-44.01851087973561,-2.14428992401872,1.044888888888889,0.13670539422513964,0.15393349068096773,servo_0.493
10.029809837999892,0.49340000000000006,1.0,0.05748633879781418,37.03766521828091,-44.01851087973561,-2.14428992401872,1.044888888888889,0.13670539422513964,0.15273696569270875,servo_0.493
10.031500701999903,0.49340000000000006,1.0,0.05748633879781418,37.03457105739993,-44.023305230311784,-2.143538811626761,1.0402222222222222,0.14187382316188807,0.15273696569270875,servo_0.493
10.035512400000698,0.49340000000000006,1.0,0.05748633879781418,37.03457105739993,-44.023305230311784,-2.143538811626761,1.0402222222222222,0.14187382316188807,0.1201170956004403,servo_0.493
10.037467463000212,0.49340000000000006,1.0,0.05748633879781418,37.031487646763786,-44.02809056938012,-2.1428333303843674,1.04,0.14513276592113428,0.1201170956004403,servo_0.493
10.040860263000468,0.49340000000000006,1.0,0.05748633879781418,37.031487646763786,-44.02809056938012,-2.1428333303843674,1.04,0.14513276592113428,0.07517365562329033,servo_0.493
10.042571447000228,0.49340000000000006,1.0,0.05748633879781418,37.02838760489987,-44.03290840491066,-2.1422746874127734,1.0435555555555556,0.13762806482492607,0.07517365562329033,servo_0.493
10.046276640000542,0.49340000000000006,1.0,0.05748633879781418,37.02838760489987,-44.03290840491066,-2.1422746874127734,1.0435555555555556,0.13762806482492607,0.07048109920354347,servo_0.493
10.048042098000224,0.49340000000000006,1.0,0.05748633879781418,37.02529740230186,-44.037715578954874,-2.141956547235431,1.047111111111111,0.11889174206443534,0.07048109920354347,servo_0.493
10.052336012000524,0.49340000000000006,1.0,0.05748633879781418,37.02529740230186,-44.037715578954874,-2.141956547235431,1.047111111111111,0.11889174206443534,0.10623338769234153,servo_0.493
10.05407673300033,0.49340000000000006,1.0,0.05748633879781418,37.02222681984647,-44.04249554125631,-2.141644651098698,1.0426666666666666,0.10436854920616777,0.10623338769234153,servo_0.493
10.054914164000365,0.49340000000000006,1.0,0.05748633879781418,37.02222681984647,-44.04249554125631,-2.141644651098698,1.0426666666666666,0.10436854920616777,0.14306612895776313,servo_0.493
10.056562179000139,0.49340000000000006,1.0,0.05748633879781418,37.02205648145438,-44.04276079724601,-2.141644651098698,1.040888888888889,0.10436854920616777,0.14306612895776313,servo_0.493
10.058471289000408,0.49340000000000006,1.0,0.05748633879781418,37.019044437991326,-44.04745758998395,-2.1404148582500766,1.0406666666666666,0.11636943921374285,0.14306612895776313,servo_0.493
10.059321041000658,0.49340000000000006,1.0,0.05748633879781418,37.019044437991326,-44.04745758998395,-2.1404148582500766,1.0406666666666666,0.11636943921374285,0.1543343130697815,servo_0.493
10.064492995000364,0.49340000000000006,1.0,0.05748633879781418,37.019044437991326,-44.04745758998395,-2.1404148582500766,1.0406666666666666,0.11636943921374285,0.16095686233150877,servo_0.493
10.069865434999883,0.49340000000000006,1.0,0.05748633879781418,37.01599139102979,-44.052229001529156,-2.13960896799409,1.0422222222222222,0.12775890137055443,0.16095686233150877,servo_0.493
10.07256189600048,0.49340000000000006,1.0,0.05748633879781418,37.012860413918354,-44.05713111399642,-2.1387638693619353,1.0426666666666666,0.13771828965884073,0.16095686233150877,servo_0.493
10.073459521000586,0.49340000000000006,1.0,0.05748633879781418,37.012860413918354,-44.05713111399642,-2.1387638693619353,1.0426666666666666,0.13771828965884073,0.21082566894194898,servo_0.493
10.074863112999992,0.49340000000000006,1.0,0.05748633879781418,37.012860413918354,-44.05713111399642,-2.1387638693619353,1.0426666666666666,0.13771828965884073,0.24053591070762978,servo_0.493
10.076308562000122,0.49340000000000006,1.0,0.05748633879781418,37.00944042371528,-44.06249704068575,-2.1376951698768165,1.042888888888889,0.15965050344377318,0.24053591070762978,servo_0.493
10.080146973999945,0.49340000000000006,1.0,0.05748633879781418,37.00944042371528,-44.06249704068575,-2.1376951698768165,1.042888888888889,0.15965050344377318,0.22943978344678737,servo_0.493
10.081641865000165,0.49340000000000006,1.0,0.05748633879781418,37.006295775249704,-44.06744330397726,-2.1364998783831273,1.0417777777777777,0.18391612562293014,0.22943978344678737,servo_0.493
10.085652890000347,0.49340000000000006,1.0,0.05748633879781418,37.006295775249704,-44.06744330397726,-2.1364998783831273,1.0417777777777777,0.18391612562293014,0.19364719800174504,servo_0.493
10.087374890999854,0.49340000000000006,1.0,0.05748633879781418,37.00321185878206,-44.07230656751516,-2.1353610601918676,1.04,0.19757322297008728,0.19364719800174504,servo_0.493
10.09132367500024,0.49340000000000006,1.0,0.05748633879781418,37.00321185878206,-44.07230656751516,-2.1353610601918676,1.04,0.19757322297008728,0.1365386795140869,servo_0.493
10.093459735000579,0.49340000000000006,1.0,0.05748633879781418,37.00015244762013,-44.07714258844453,-2.1343658723650893,1.0395555555555556,0.19639541547958458,0.1365386795140869,servo_0.493
10.096944122000423,0.49340000000000006,1.0,0.05748633879781418,37.00015244762013,-44.07714258844453,-2.1343658723650893,1.0395555555555556,0.19639541547958458,0.09416941775709389,servo_0.493
10.098617737000495,0.49340000000000006,1.0,0.05748633879781418,36.997057998952116,-44.082043059962864,-2.133688337879617,1.0413333333333334,0.17843839468993528,0.09416941775709389,servo_0.493
10.099348894000286,0.49340000000000006,1.0,0.05748633879781418,36.997057998952116,-44.082043059962864,-2.133688337879617,1.0413333333333334,0.17843839468993528,0.07866865507985582,servo_0.493
10.100699747999897,0.49340000000000006,1.0,0.05748633879781418,36.99686246014717,-44.082352954193325,-2.133688337879617,1.0426666666666666,0.17843839468993528,0.07866865507985582,servo_0.493
10.102492982000513,0.49340000000000006,1.0,0.05748633879781418,36.99686246014717,-44.082352954193325,-2.133688337879617,1.0426666666666666,0.17843839468993528,0.10616422040540513,servo_0.493
10.103682072000083,0.49340000000000006,1.0,0.05748633879781418,36.99387729601222,-44.08708832359926,-2.1328465467601903,1.0415555555555556,0.13081098765101473,0.10616422040540513,servo_0.493
10.107960657000149,0.49340000000000006,1.0,0.05748633879781418,36.99387729601222,-44.08708832359926,-2.1328465467601903,1.0415555555555556,0.13081098765101473,0.11309028680761739,servo_0.493
10.109232277000046,0.49340000000000006,1.0,0.05748633879781418,36.990753145443136,-44.09205173358269,-2.132312361004238,1.0402222222222222,0.12341695747733183,0.11309028680761739,servo_0.493
10.11325123900042,0.49340000000000006,1.0,0.05748633879781418,36.990753145443136,-44.09205173358269,-2.132312361004238,1.0402222222222222,0.12341695747733183,0.07806470007889629,servo_0.493
10.114336934000676,0.49340000000000006,1.0,0.05748633879781418,36.987755959819935,-44.096819228383794,-2.1317498247134488,1.0384444444444445,0.12031895627641749,0.07806470007889629,servo_0.493
10.118650752000576,0.49340000000000006,1.0,0.05748633879781418,36.987755959819935,-44.096819228383794,-2.1317498247134488,1.0384444444444445,0.12031895627641749,0.07974151784737264,servo_0.493
10.119799968000734,0.49340000000000006,1.0,0.05748633879781418,36.98476750702266,-44.10157776500514,-2.131377919995458,1.04,0.10764267941716113,0.07974151784737264,servo_0.493
10.12411391400019,0.49340000000000006,1.0,0.05748633879781418,36.98476750702266,-44.10157776500514,-2.131377919995458,1.04,0.10764267941716113,0.12294642129778367,servo_0.493
10.12527861900071,0.49340000000000006,1.0,0.05748633879781418,36.98177128595842,-44.106352630427494,-2.1310027305142465,1.0446666666666666,0.09927233094622458,0.12294642129778367,servo_0.493
10.12985897300041,0.49340000000000006,1.0,0.05748633879781418,36.98177128595842,-44.106352630427494,-2.1310027305142465,1.0446666666666666,0.09927233094622458,0.17815537355891556,servo_0.493
10.131456265999986,0.49340000000000006,1.0,0.05748633879781418,36.978747881631634,-44.11117599074195,-2.1304115661052134,1.0437777777777777,0.1063745580516923,0.17815537355891556,servo_0.493
10.135871495000174,0.49340000000000006,1.0,0.05748633879781418,36.978747881631634,-44.11117599074195,-2.1304115661052134,1.0437777777777777,0.1063745580516923,0.21750118181985523,servo_0.493
10.13766872999986,0.49340000000000006,1.0,0.05748633879781418,36.975656460201094,-44.11611577937142,-2.1295594561502105,1.0384444444444445,0.12790880270385926,0.21750118181985523,servo_0.493
10.141646314000354,0.49340000000000006,1.0,0.05748633879781418,36.975656460201094,-44.11611577937142,-2.1295594561502105,1.0384444444444445,0.12790880270385926,0.21541694201648878,servo_0.493
10.143393244000436,0.49340000000000006,1.0,0.05748633879781418,36.97242172488259,-44.12129557804448,-2.1284989671902794,1.038,0.15478651643865804,0.21541694201648878,servo_0.493
10.147348395000336,0.49340000000000006,1.0,0.05748633879781418,36.97242172488259,-44.12129557804448,-2.1284989671902794,1.038,0.15478651643865804,0.2004730962574567,servo_0.493
10.148792660000254,0.49340000000000006,1.0,0.05748633879781418,36.96928504661885,-44.12633008805866,-2.127464416599231,1.0437777777777777,0.17297564411200728,0.2004730962574567,servo_0.493
10.149392549000368,0.49340000000000006,1.0,0.05748633879781418,36.96928504661885,-44.12633008805866,-2.127464416599231,1.0437777777777777,0.17297564411200728,0.1996124957511976,servo_0.493
10.150485860000117,0.49340000000000006,1.0,0.05748633879781418,36.96912909647588,-44.12658068379466,-2.127464416599231,1.048,0.17297564411200728,0.1996124957511976,servo_0.493
10.153087246000723,0.49340000000000006,1.0,0.05748633879781418,36.966210120648924,-44.131281055637935,-2.1255775053496446,1.0413333333333334,0.18674116455430873,0.1996124957511976,servo_0.493
10.153720992000672,0.49340000000000006,1.0,0.05748633879781418,36.966210120648924,-44.131281055637935,-2.1255775053496446,1.0413333333333334,0.18674116455430873,0.2037987686029636,servo_0.493
10.158457221999925,0.49340000000000006,1.0,0.05748633879781418,36.96322402213752,-44.136104948545075,-2.124593899784867,1.0377777777777777,0.19185844576890515,0.2037987686029636,servo_0.493
10.159117240000342,0.49340000000000006,1.0,0.05748633879781418,36.96322402213752,-44.136104948545075,-2.124593899784867,1.0377777777777777,0.19185844576890515,0.17525544080317146,servo_0.493
10.16305786400062,0.49340000000000006,1.0,0.05748633879781418,36.96322402213752,-44.136104948545075,-2.124593899784867,1.0377777777777777,0.19185844576890515,0.09640813754844176,servo_0.493
10.164186856000015,0.49340000000000006,1.0,0.05748633879781418,36.96028186640831,-44.14086758522695,-2.1237476483338837,1.039111111111111,0.18687754427918504,0.09640813754844176,servo_0.493
10.168427968000287,0.49340000000000006,1.0,0.05748633879781418,36.96028186640831,-44.14086758522695,-2.1237476483338837,1.039111111111111,0.18687754427918504,0.03348160660318005,servo_0.493
10.16953439900044,0.49340000000000006,1.0,0.05748633879781418,36.957337951878145,-44.14564005503345,-2.123284348990024,1.0442222222222222,0.15973672225996205,0.03348160660318005,servo_0.493
10.173812183999871,0.49340000000000006,1.0,0.05748633879781418,36.957337951878145,-44.14564005503345,-2.123284348990024,1.0442222222222222,0.15973672225996205,0.05311650243146741,servo_0.493
10.174857142000292,0.49340000000000006,1.0,0.05748633879781418,36.95438622543694,-44.150428539689464,-2.1231221919317504,1.0446666666666666,0.12186018756292745,0.05311650243146741,servo_0.493
10.179193200000554,0.49340000000000006,1.0,0.05748633879781418,36.95438622543694,-44.150428539689464,-2.1231221919317504,1.0446666666666666,0.12186018756292745,0.10198322394154885,servo_0.493
10.180346705000375,0.49340000000000006,1.0,0.05748633879781418,36.9514458833482,-44.15520092011961,-2.1228417112920845,1.0413333333333334,0.10123708202348942,0.10198322394154885,servo_0.493
10.18509304700001,0.49340000000000006,1.0,0.05748633879781418,36.9514458833482,-44.15520092011961,-2.1228417112920845,1.0413333333333334,0.10123708202348942,0.11943118181693359,servo_0.493
10.186345435000476,0.49340000000000006,1.0,0.05748633879781418,36.94850606311513,-44.15997668189694,-2.1223311957388713,1.0395555555555556,0.10146092459890725,0.11943118181693359,servo_0.493
10.190486064000652,0.49340000000000006,1.0,0.05748633879781418,36.94850606311513,-44.15997668189694,-2.1223311957388713,1.0395555555555556,0.10146092459890725,0.09761227751294267,servo_0.493
10.19191736799985,0.49340000000000006,1.0,0.05748633879781418,36.94556109497138,-44.1647668533725,-2.12171426137412,1.0395555555555556,0.10685200176431514,0.09761227751294267,servo_0.493
10.195656034000422,0.49340000000000006,1.0,0.05748633879781418,36.94556109497138,-44.1647668533725,-2.12171426137412,1.0395555555555556,0.10685200176431514,0.10789211261016216,servo_0.493
10.197161261000474,0.49340000000000006,1.0,0.05748633879781418,36.942598805809546,-44.16959128328176,-2.1212053856191173,1.040888888888889,0.10408008448890341,0.10789211261016216,servo_0.493
10.201787472000433,0.49340000000000006,1.0,0.05748633879781418,36.942598805809546,-44.16959128328176,-2.1212053856191173,1.040888888888889,0.10408008448890341,0.17323298633709483,servo_0.493
10.203618723000545,0.49340000000000006,1.0,0.05748633879781418,36.939457867202385,-44.1747126039564,-2.1206796465191635,1.0404444444444445,0.10522369292528103,0.17323298633709483,servo_0.493
10.20509390100051,0.49340000000000006,1.0,0.05748633879781418,36.939277311061055,-44.17500717562961,-2.1206796465191635,1.0384444444444445,0.10522369292528103,0.17323298633709483,servo_0.493
10.208036832000289,0.49340000000000006,1.0,0.05748633879781418,36.93627185046464,-44.17992108118025,-2.1187579158248195,1.0377777777777777,0.15464157900574516,0.17323298633709483,servo_0.493
10.208916377000605,0.49340000000000006,1.0,0.05748633879781418,36.93627185046464,-44.17992108118025,-2.1187579158248195,1.0377777777777777,0.15464157900574516,0.2223434744718918,servo_0.493
10.21000453600027,0.49340000000000006,1.0,0.05748633879781418,36.93627185046464,-44.17992108118025,-2.1187579158248195,1.0377777777777777,0.15464157900574516,0.22944897135254816,servo_0.493
10.212765285999922,0.49340000000000006,1.0,0.05748633879781418,36.93627185046464,-44.17992108118025,-2.1187579158248195,1.0377777777777777,0.15464157900574516,0.18763982230706924,servo_0.493
10.214121259999956,0.49340000000000006,1.0,0.05748633879781418,36.93334985457878,-44.18471498910131,-2.117618952337827,1.0382222222222222,0.17708379670978602,0.18763982230706924,servo_0.493
10.21805903600034,0.49340000000000006,1.0,0.05748633879781418,36.93334985457878,-44.18471498910131,-2.117618952337827,1.0382222222222222,0.17708379670978602,0.13228685960999134,servo_0.493
10.219320832000449,0.49340000000000006,1.0,0.05748633879781418,36.93039411266292,-44.18957575360413,-2.116655184054547,1.0382222222222222,0.18025060438897098,0.13228685960999134,servo_0.493
10.224169417000667,0.49340000000000006,1.0,0.05748633879781418,36.93039411266292,-44.18957575360413,-2.116655184054547,1.0382222222222222,0.18025060438897098,0.12124715807474498,servo_0.493
10.225867545000256,0.49340000000000006,1.0,0.05748633879781418,36.927476739241335,-44.19438234132059,-2.1159702911268945,1.038,0.16586148095527706,0.12124715807474498,servo_0.493
10.229146134000075,0.49340000000000006,1.0,0.05748633879781418,36.927476739241335,-44.19438234132059,-2.1159702911268945,1.038,0.16586148095527706,0.1297450055075652,servo_0.493
10.230780771999889,0.49340000000000006,1.0,0.05748633879781418,36.924536436534346,-44.19923381141614,-2.1153555602661736,1.0404444444444445,0.15247718409111743,0.1297450055075652,servo_0.493
10.23483640700033,0.49340000000000006,1.0,0.05748633879781418,36.924536436534346,-44.19923381141614,-2.1153555602661736,1.0404444444444445,0.15247718409111743,0.14984021208551596,servo_0.493
10.23657379999986,0.49340000000000006,1.0,0.05748633879781418,36.921541431708874,-44.20418273556082,-2.1146807462404085,1.04,0.14565753051605176,0.14984021208551596,servo_0.493
10.240201262000483,0.49340000000000006,1.0,0.05748633879781418,36.921541431708874,-44.20418273556082,-2.1146807462404085,1.04,0.14565753051605176,0.14441561926113355,servo_0.493
10.24162971900023,0.49340000000000006,1.0,0.05748633879781418,36.91856305696033,-44.20911214880704,-2.1139228504351446,1.036888888888889,0.14691233498689102,0.14441561926113355,servo_0.493
10.245601991000512,0.49340000000000006,1.0,0.05748633879781418,36.91856305696033,-44.20911214880704,-2.1139228504351446,1.036888888888889,0.14691233498689102,0.13468109968662142,servo_0.493
10.246851914000217,0.49340000000000006,1.0,0.05748633879781418,36.91564008461585,-44.213958416304216,-2.1131184103344407,1.0364444444444445,0.1461633202691638,0.13468109968662142,servo_0.493
10.251052352999977,0.49340000000000006,1.0,0.05748633879781418,36.91564008461585,-44.213958416304216,-2.1131184103344407,1.0364444444444445,0.1461633202691638,0.1305728158429027,servo_0.493
10.252749553000285,0.49340000000000006,1.0,0.05748633879781418,36.91275337018994,-44.218752233059064,-2.112508037261444,1.0422222222222222,0.14271865409440107,0.1305728158429027,servo_0.493
10.25407327100038,0.49340000000000006,1.0,0.05748633879781418,36.91264013230858,-44.21894041125757,-2.112508037261444,1.0466666666666666,0.14271865409440107,0.1305728158429027,servo_0.493
10.256312821999927,0.49340000000000006,1.0,0.05748633879781418,36.91264013230858,-44.21894041125757,-2.112508037261444,1.0466666666666666,0.14271865409440107,0.1360293000213388,servo_0.493
10.257751455000289,0.49340000000000006,1.0,0.05748633879781418,36.90975233938018,-44.22374661000747,-2.1111696043663297,1.0397777777777777,0.13816122183966772,0.1360293000213388,servo_0.493
10.25852322100036,0.49340000000000006,1.0,0.05748633879781418,36.90975233938018,-44.22374661000747,-2.1111696043663297,1.0397777777777777,0.13816122183966772,0.16080364734504515,servo_0.493
10.262205277000248,0.49340000000000006,1.0,0.05748633879781418,36.90975233938018,-44.22374661000747,-2.1111696043663297,1.0397777777777777,0.13816122183966772,0.15988880157633248,servo_0.493
10.264023824000105,0.49340000000000006,1.0,0.05748633879781418,36.90689516015874,-44.22851331667519,-2.1103841689495098,1.0344444444444445,0.14495394949128096,0.15988880157633248,servo_0.493
10.267547828000716,0.49340000000000006,1.0,0.05748633879781418,36.90689516015874,-44.22851331667519,-2.1103841689495098,1.0344444444444445,0.14495394949128096,0.13865818123476167,servo_0.493
10.26916393800002,0.49340000000000006,1.0,0.05748633879781418,36.90398857843195,-44.23337113836815,-2.1095901793356115,1.0357777777777777,0.1494344051167964,0.13865818123476167,servo_0.493
10.272833641000034,0.49340000000000006,1.0,0.05748633879781418,36.90398857843195,-44.23337113836815,-2.1095901793356115,1.0357777777777777,0.1494344051167964,0.15719481439663557,servo_0.493
10.274174127000151,0.49340000000000006,1.0,0.05748633879781418,36.901088241157076,-44.23822665875862,-2.1089071242604662,1.0435555555555556,0.146201537952186,0.15719481439663557,servo_0.493
10.278254819000722,0.49340000000000006,1.0,0.05748633879781418,36.901088241157076,-44.23822665875862,-2.1089071242604662,1.0435555555555556,0.146201537952186,0.20326611974019093,servo_0.493
10.279673419000574,0.49340000000000006,1.0,0.05748633879781418,36.89820716385591,-44.24305787140235,-2.1081432427386,1.0426666666666666,0.14949952088552085,0.20326611974019093,servo_0.493
10.283717469000294,0.49340000000000006,1.0,0.05748633879781418,36.89820716385591,-44.24305787140235,-2.1081432427386,1.0426666666666666,0.14949952088552085,0.2312559095074101,servo_0.493
10.285367211999983,0.49340000000000006,1.0,0.05748633879781418,36.89534008761454,-44.24787531252345,-2.1071334858051514,1.038,0.16562950054192188,0.2312559095074101,servo_0.493
10.28914818300018,0.49340000000000006,1.0,0.05748633879781418,36.89534008761454,-44.24787531252345,-2.1071334858051514,1.038,0.16562950054192188,0.1867292542408575,servo_0.493
10.290704195000217,0.49340000000000006,1.0,0.05748633879781418,36.89247833508376,-44.25269552037343,-2.1060062130991763,1.0364444444444445,0.18531742323156836,0.1867292542408575,servo_0.493
10.294590641000468,0.49340000000000006,1.0,0.05748633879781418,36.89247833508376,-44.25269552037343,-2.1060062130991763,1.0364444444444445,0.18531742323156836,0.11319179485704144,servo_0.493
10.296433860999969,0.49340000000000006,1.0,0.05748633879781418,36.889611981998414,-44.257534763565474,-2.1050846515404538,1.0382222222222222,0.18574097253435512,0.11319179485704144,servo_0.493
10.299825669000711,0.49340000000000006,1.0,0.05748633879781418,36.889611981998414,-44.257534763565474,-2.1050846515404538,1.0382222222222222,0.18574097253435512,0.06301212660717254,servo_0.493
10.301310447000105,0.49340000000000006,1.0,0.05748633879781418,36.88675978698225,-44.26235854589552,-2.10447074827204,1.042,0.163976219231161,0.06301212660717254,servo_0.493
10.305419107000489,0.49340000000000006,1.0,0.05748633879781418,36.88675978698225,-44.26235854589552,-2.10447074827204,1.042,0.163976219231161,0.06847629234087782,servo_0.493
10.307119987000078,0.49340000000000006,1.0,0.05748633879781418,36.883900486997234,-44.267199584047404,-2.1041360396686866,1.0404444444444445,0.13368699144396445,0.06847629234087782,servo_0.493
10.31111568400047,0.49340000000000006,1.0,0.05748633879781418,36.883900486997234,-44.267199584047404,-2.1041360396686866,1.0404444444444445,0.13368699144396445,0.09144846607135994,servo_0.493
10.313035771000614,0.49340000000000006,1.0,0.05748633879781418,36.880994569552605,-44.272123520434185,-2.103764341720881,1.0375555555555556,0.11412378171303846,0.09144846607135994,servo_0.493
10.31638658600059,0.49340000000000006,1.0,0.05748633879781418,36.880994569552605,-44.272123520434185,-2.103764341720881,1.0375555555555556,0.11412378171303846,0.08185898890771624,servo_0.493
10.318187468999895,0.49340000000000006,1.0,0.05748633879781418,36.87812554197765,-44.27698969617651,-2.103281760741873,1.0362222222222222,0.10732118702053489,0.08185898890771624,servo_0.493
10.3197144880005,0.49340000000000006,1.0,0.05748633879781418,36.8779835216532,-44.27723071064779,-2.103281760741873,1.0382222222222222,0.10732118702053489,0.08185898890771624,servo_0.493
10.321614253000007,0.49340000000000006,1.0,0.05748633879781418,36.8779835216532,-44.27723071064779,-2.103281760741873,1.0382222222222222,0.10732118702053489,0.04916495810146748,servo_0.493
10.323108856000545,0.49340000000000006,1.0,0.05748633879781418,36.875126134166194,-44.28208342872427,-2.1026306664301035,1.0404444444444445,0.08452725674112274,0.04916495810146748,servo_0.493
10.323793835000288,0.49340000000000006,1.0,0.05748633879781418,36.875126134166194,-44.28208342872427,-2.1026306664301035,1.0404444444444445,0.08452725674112274,0.0624432753983316,servo_0.493
10.327268973000173,0.49340000000000006,1.0,0.05748633879781418,36.875126134166194,-44.28208342872427,-2.1026306664301035,1.0404444444444445,0.08452725674112274,0.11987106112760901,servo_0.493
10.328778168000099,0.49340000000000006,1.0,0.05748633879781418,36.872316960929744,-44.28685927850073,-2.1023634028368905,1.038888888888889,0.0779020623382854,0.11987106112760901,servo_0.493
10.332520834000206,0.49340000000000006,1.0,0.05748633879781418,36.872316960929744,-44.28685927850073,-2.1023634028368905,1.038888888888889,0.0779020623382854,0.14555220648010894,servo_0.493
10.333951211000567,0.49340000000000006,1.0,0.05748633879781418,36.86948563203438,-44.2916771760731,-2.1018356953436204,1.0386666666666666,0.09049276197508246,0.14555220648010894,servo_0.493
10.338016669000353,0.49340000000000006,1.0,0.05748633879781418,36.86948563203438,-44.2916771760731,-2.1018356953436204,1.0386666666666666,0.09049276197508246,0.1502689643762619,servo_0.493
10.339598474000013,0.49340000000000006,1.0,0.05748633879781418,36.86667096861292,-44.29647322038693,-2.1011780038486245,1.0384444444444445,0.10701059532659041,0.1502689643762619,servo_0.493
10.34335682100027,0.49340000000000006,1.0,0.05748633879781418,36.86667096861292,-44.29647322038693,-2.1011780038486245,1.0384444444444445,0.10701059532659041,0.13634222977180152,servo_0.493
10.345275915000457,0.49340000000000006,1.0,0.05748633879781418,36.86384430842676,-44.30129716508138,-2.100485303182814,1.0375555555555556,0.11998810604149185,0.13634222977180152,servo_0.493
10.348812943000667,0.49340000000000006,1.0,0.05748633879781418,36.86384430842676,-44.30129716508138,-2.100485303182814,1.0375555555555556,0.11998810604149185,0.1341642383756859,servo_0.493
10.350775750000139,0.49340000000000006,1.0,0.05748633879781418,36.86101511873508,-44.30613287475954,-2.0998337837441516,1.038,0.12489434316058473,0.1341642383756859,servo_0.493
10.354172006000226,0.49340000000000006,1.0,0.05748633879781418,36.86101511873508,-44.30613287475954,-2.0998337837441516,1.038,0.12489434316058473,0.16023556179501763,servo_0.493
10.356154013999912,0.49340000000000006,1.0,0.05748633879781418,36.85817386598553,-44.31099615506688,-2.0992386824321443,1.0415555555555556,0.12767531172511506,0.16023556179501763,servo_0.493
10.359545790000084,0.49340000000000006,1.0,0.05748633879781418,36.85817386598553,-44.31099615506688,-2.0992386824321443,1.0415555555555556,0.12767531172511506,0.17089060300031564,servo_0.493
10.361688155000593,0.49340000000000006,1.0,0.05748633879781418,36.855336534348304,-44.31586032367657,-2.098472173889954,1.0437777777777777,0.13744338674608583,0.17089060300031564,servo_0.493
10.365521095000076,0.49340000000000006,1.0,0.05748633879781418,36.855336534348304,-44.31586032367657,-2.098472173889954,1.0437777777777777,0.13744338674608583,0.17548174291680094,servo_0.493
10.36752992000038,0.49340000000000006,1.0,0.05748633879781418,36.85252908644971,-44.320682099406895,-2.097642424841335,1.0386666666666666,0.14747755162235476,0.17548174291680094,servo_0.493
10.371438351000506,0.49340000000000006,1.0,0.05748633879781418,36.85252908644971,-44.320682099406895,-2.097642424841335,1.0386666666666666,0.14747755162235476,0.1421677115640249,servo_0.493
10.373450664000302,0.49340000000000006,1.0,0.05748633879781418,36.84971556706661,-44.32552381186629,-2.0967633279428415,1.035111111111111,0.15587880901068862,0.1421677115640249,servo_0.493
10.375900140999875,0.49340000000000006,1.0,0.05748633879781418,36.84971556706661,-44.32552381186629,-2.0967633279428415,1.035111111111111,0.15587880901068862,0.1076812068965847,servo_0.493
10.377548540000134,0.49340000000000006,1.0,0.05748633879781418,36.84690504515899,-44.3303692723751,-2.096044727125639,1.0375555555555556,0.1517654797766895,0.1076812068965847,servo_0.493
10.381252644000597,0.49340000000000006,1.0,0.05748633879781418,36.84690504515899,-44.3303692723751,-2.096044727125639,1.0375555555555556,0.1517654797766895,0.14648727562834937,servo_0.493
10.383047735000218,0.49340000000000006,1.0,0.05748633879781418,36.84408207599228,-44.33524325324798,-2.0955053904663234,1.044,0.13854019791265804,0.14648727562834937,servo_0.493
10.384688421000646,0.49340000000000006,1.0,0.05748633879781418,36.843930311453285,-44.335505444424285,-2.0955053904663234,1.041111111111111,0.13854019791265804,0.14648727562834937,servo_0.493
10.386575515000004,0.49340000000000006,1.0,0.05748633879781418,36.843930311453285,-44.335505444424285,-2.0955053904663234,1.041111111111111,0.13854019791265804,0.17947630145959484,servo_0.493
10.388693046999833,0.49340000000000006,1.0,0.05748633879781418,36.8411474099018,-44.3403222144328,-2.093888253793045,1.0362222222222222,0.15248991529703423,0.17947630145959484,servo_0.493
10.389357001000462,0.49340000000000006,1.0,0.05748633879781418,36.8411474099018,-44.3403222144328,-2.093888253793045,1.0362222222222222,0.15248991529703423,0.19331238871845163,servo_0.493
10.3920731420003,0.49340000000000006,1.0,0.05748633879781418,36.8411474099018,-44.3403222144328,-2.093888253793045,1.0362222222222222,0.15248991529703423,0.15311132291818985,servo_0.493
10.393242167000608,0.49340000000000006,1.0,0.05748633879781418,36.83840994957963,-44.34507418095323,-2.0929788926709283,1.0364444444444445,0.16473665732345943,0.15311132291818985,servo_0.493
10.397486159000437,0.49340000000000006,1.0,0.05748633879781418,36.83840994957963,-44.34507418095323,-2.0929788926709283,1.0364444444444445,0.16473665732345943,0.12312644266509462,servo_0.493
10.398832181000216,0.49340000000000006,1.0,0.05748633879781418,36.83563330838287,-44.349903318965495,-2.0922470994278384,1.0393333333333334,0.16124905700187855,0.12312644266509462,servo_0.493
10.402842983000482,0.49340000000000006,1.0,0.05748633879781418,36.83563330838287,-44.349903318965495,-2.0922470994278384,1.0393333333333334,0.16124905700187855,0.1486165727884086,servo_0.493
10.404231278000225,0.49340000000000006,1.0,0.05748633879781418,36.83282648036355,-44.3547925092332,-2.091643575835866,1.0417777777777777,0.14981227270084338,0.1486165727884086,servo_0.493
10.40835795500061,0.49340000000000006,1.0,0.05748633879781418,36.83282648036355,-44.3547925092332,-2.091643575835866,1.0417777777777777,0.14981227270084338,0.15209166511582575,servo_0.493
10.410945292000179,0.49340000000000006,1.0,0.05748633879781418,36.830034474538564,-44.359663525991614,-2.090891191140967,1.0393333333333334,0.14945356272711294,0.15209166511582575,servo_0.493
10.413682233000145,0.49340000000000006,1.0,0.05748633879781418,36.830034474538564,-44.359663525991614,-2.090891191140967,1.0393333333333334,0.14945356272711294,0.12659263836999524,servo_0.493
10.415056320000076,0.49340000000000006,1.0,0.05748633879781418,36.8272502220303,-44.364529509277595,-2.090136834472933,1.037111111111111,0.15024499344372677,0.12659263836999524,servo_0.493
10.41908446600064,0.49340000000000006,1.0,0.05748633879781418,36.8272502220303,-44.364529509277595,-2.090136834472933,1.037111111111111,0.15024499344372677,0.09030996470535106,servo_0.493
10.420341814000494,0.49340000000000006,1.0,0.05748633879781418,36.82445455295796,-44.369423272739624,-2.089511671839958,1.0357777777777777,0.1431492869216073,0.09030996470535106,servo_0.493
10.424529996000274,0.49340000000000006,1.0,0.05748633879781418,36.82445455295796,-44.369423272739624,-2.089511671839958,1.0357777777777777,0.1431492869216073,0.07827389138252201,servo_0.493
10.425920403999953,0.49340000000000006,1.0,0.05748633879781418,36.821686105152445,-44.374275432021356,-2.0890631214070785,1.0375555555555556,0.12729749025673043,0.07827389138252201,servo_0.493
10.430084968999836,0.49340000000000006,1.0,0.05748633879781418,36.821686105152445,-44.374275432021356,-2.0890631214070785,1.0375555555555556,0.12729749025673043,0.11344541933897945,servo_0.493
10.431831483000678,0.49340000000000006,1.0,0.05748633879781418,36.818881071278724,-44.37919653579856,-2.088668037174082,1.041111111111111,0.1125904105944679,0.11344541933897945,servo_0.493
10.43561232600041,0.49340000000000006,1.0,0.05748633879781418,36.818881071278724,-44.37919653579856,-2.088668037174082,1.041111111111111,0.1125904105944679,0.14528773793910724,servo_0.493
10.43738757600022,0.49340000000000006,1.0,0.05748633879781418,36.81605912646225,-44.384152805765886,-2.088108384606374,1.0384444444444445,0.11284691321782135,0.14528773793910724,servo_0.493
10.44110502500007,0.49340000000000006,1.0,0.05748633879781418,36.81605912646225,-44.384152805765886,-2.088108384606374,1.0384444444444445,0.11284691321782135,0.1769043037025804,servo_0.493
10.442803089000336,0.49340000000000006,1.0,0.05748633879781418,36.81324273890554,-44.38910662206038,-2.08739917206644,1.0364444444444445,0.12257916063420711,0.1769043037025804,servo_0.493
10.446613148999859,0.49340000000000006,1.0,0.05748633879781418,36.81324273890554,-44.38910662206038,-2.08739917206644,1.0364444444444445,0.12257916063420711,0.20334697996878845,servo_0.493
10.449156261000098,0.49340000000000006,1.0,0.05748633879781418,36.810438299605295,-44.394048495547075,-2.086529986535735,1.0364444444444445,0.1388767035547191,0.20334697996878845,servo_0.493
10.45063470200057,0.49340000000000006,1.0,0.05748633879781418,36.81029872784419,-44.39429469265761,-2.086529986535735,1.038,0.1388767035547191,0.20334697996878845,servo_0.493
10.451985685000182,0.49340000000000006,1.0,0.05748633879781418,36.81029872784419,-44.39429469265761,-2.086529986535735,1.038,0.1388767035547191,0.21328441577360782,servo_0.493
10.453488543000276,0.49340000000000006,1.0,0.05748633879781418,36.8075437717063,-44.39916628795642,-2.084415070448885,1.0395555555555556,0.17473777526734025,0.21328441577360782,servo_0.493
10.454213716000595,0.49340000000000006,1.0,0.05748633879781418,36.8075437717063,-44.39916628795642,-2.084415070448885,1.0395555555555556,0.17473777526734025,0.2199996596860267,servo_0.493
10.457566035000127,0.49340000000000006,1.0,0.05748633879781418,36.8075437717063,-44.39916628795642,-2.084415070448885,1.0395555555555556,0.17473777526734025,0.22161972715614914,servo_0.493
10.4592251210006,0.49340000000000006,1.0,0.05748633879781418,36.80482500145283,-44.40399203958639,-2.083305023217383,1.0404444444444445,0.18831634059294616,0.22161972715614914,servo_0.493
10.462875144999998,0.49340000000000006,1.0,0.05748633879781418,36.80482500145283,-44.40399203958639,-2.083305023217383,1.0404444444444445,0.18831634059294616,0.18635000345687344,servo_0.493
10.464417300000605,0.49340000000000006,1.0,0.05748633879781418,36.80205006266603,-44.4089303554201,-2.0821852544851085,1.040888888888889,0.19830735656190704,0.18635000345687344,servo_0.493
10.468454758000007,0.49340000000000006,1.0,0.05748633879781418,36.80205006266603,-44.4089303554201,-2.0821852544851085,1.040888888888889,0.19830735656190704,0.13090782486327787,servo_0.493
10.47026098600054,0.49340000000000006,1.0,0.05748633879781418,36.799295322119725,-44.41384443215197,-2.0812691893288773,1.039111111111111,0.19472015063039694,0.13090782486327787,servo_0.493
10.473680218000482,0.49340000000000006,1.0,0.05748633879781418,36.799295322119725,-44.41384443215197,-2.0812691893288773,1.039111111111111,0.19472015063039694,0.08035803963972599,servo_0.493
10.475100290000228,0.49340000000000006,1.0,0.05748633879781418,36.79654798194633,-44.41875406904005,-2.080662255470871,1.037111111111111,0.17557645290026122,0.08035803963972599,servo_0.493
10.478925871000683,0.49340000000000006,1.0,0.05748633879781418,36.79654798194633,-44.41875406904005,-2.080662255470871,1.037111111111111,0.17557645290026122,0.06275282210197208,servo_0.493
10.480356503000621,0.49340000000000006,1.0,0.05748633879781418,36.793820716071856,-44.42363334061486,-2.0803067379033355,1.0382222222222222,0.14701092892210063,0.06275282210197208,servo_0.493
10.484472459000244,0.49340000000000006,1.0,0.05748633879781418,36.793820716071856,-44.42363334061486,-2.0803067379033355,1.0382222222222222,0.14701092892210063,0.0721914478346196,servo_0.493
10.485983446000319,0.49340000000000006,1.0,0.05748633879781418,36.791093861412826,-44.428515371127425,-2.080052433528986,1.0426666666666666,0.12173349687606207,0.0721914478346196,servo_0.493
10.490133035999861,0.49340000000000006,1.0,0.05748633879781418,36.791093861412826,-44.428515371127425,-2.080052433528986,1.0426666666666666,0.12173349687606207,0.0885281185213847,servo_0.493
10.491982528000335,0.49340000000000006,1.0,0.05748633879781418,36.788312833721605,-44.43349781224109,-2.079721884459432,1.0413333333333334,0.10687088216362932,0.0885281185213847,servo_0.493
10.495676808000098,0.49340000000000006,1.0,0.05748633879781418,36.788312833721605,-44.43349781224109,-2.079721884459432,1.0413333333333334,0.10687088216362932,0.11334475184977445,servo_0.493
10.497510556000634,0.49340000000000006,1.0,0.05748633879781418,36.785522672883815,-44.438501183673615,-2.0792752535617414,1.0362222222222222,0.10136805307095592,0.11334475184977445,servo_0.493
10.501128003000304,0.49340000000000006,1.0,0.05748633879781418,36.785522672883815,-44.438501183673615,-2.0792752535617414,1.0362222222222222,0.10136805307095592,0.12349762906440283,servo_0.493
10.502833331000147,0.49340000000000006,1.0,0.05748633879781418,36.78276095581479,-44.44345955450407,-2.0786912075221733,1.0362222222222222,0.10496106270460148,0.12349762906440283,servo_0.493
10.506636542000706,0.49340000000000006,1.0,0.05748633879781418,36.78276095581479,-44.44345955450407,-2.0786912075221733,1.0362222222222222,0.10496106270460148,0.13425106574960086,servo_0.493
10.508615318000011,0.49340000000000006,1.0,0.05748633879781418,36.779984951070084,-44.448450755116895,-2.078052170520584,1.04,0.11052203261254187,0.13425106574960086,servo_0.493
10.510702257000048,0.49340000000000006,1.0,0.05748633879781418,36.779824488657546,-44.44873948044228,-2.078052170520584,1.0422222222222222,0.11052203261254187,0.13425106574960086,servo_0.493
10.512076536000677,0.49340000000000006,1.0,0.05748633879781418,36.779824488657546,-44.44873948044228,-2.078052170520584,1.0422222222222222,0.11052203261254187,0.17238626755801778,servo_0.493
10.513833034000527,0.49340000000000006,1.0,0.05748633879781418,36.77710644249244,-44.453634082082765,-2.077369954936228,1.0382222222222222,0.11764074255365956,0.17238626755801778,servo_0.493
10.51455750200057,0.49340000000000006,1.0,0.05748633879781418,36.77710644249244,-44.453634082082765,-2.077369954936228,1.0382222222222222,0.11764074255365956,0.19383511730616376,servo_0.493
10.517441871999836,0.49340000000000006,1.0,0.05748633879781418,36.77710644249244,-44.453634082082765,-2.077369954936228,1.0382222222222222,0.11764074255365956,0.17577477386049373,servo_0.493
10.519016700000066,0.49340000000000006,1.0,0.05748633879781418,36.774440968539345,-44.45844806168741,-2.0755731811838323,1.0355555555555556,0.151995615230326,0.17577477386049373,servo_0.493
10.522895242000232,0.49340000000000006,1.0,0.05748633879781418,36.774440968539345,-44.45844806168741,-2.0755731811838323,1.0355555555555556,0.151995615230326,0.13947296704789303,servo_0.493
10.524623323000014,0.49340000000000006,1.0,0.05748633879781418,36.77176164125522,-44.46330233176741,-2.074701748465842,1.0346666666666666,0.1591293628193763,0.13947296704789303,servo_0.493
10.528480808000495,0.49340000000000006,1.0,0.05748633879781418,36.77176164125522,-44.46330233176741,-2.074701748465842,1.0346666666666666,0.1591293628193763,0.1408785085698312,servo_0.493
10.530200569000044,0.49340000000000006,1.0,0.05748633879781418,36.76903310568868,-44.4682550618011,-2.0739824870445167,1.0386666666666666,0.15323244408793132,0.1408785085698312,servo_0.493
10.533880865000356,0.49340000000000006,1.0,0.05748633879781418,36.76903310568868,-44.4682550618011,-2.0739824870445167,1.0386666666666666,0.15323244408793132,0.1839196026460671,servo_0.493
10.535544624000067,0.49340000000000006,1.0,0.05748633879781418,36.76626273150067,-44.473292529586146,-2.0732255359394443,1.0406666666666666,0.14952626343250128,0.1839196026460671,servo_0.493
10.539381084000524,0.49340000000000006,1.0,0.05748633879781418,36.76626273150067,-44.473292529586146,-2.0732255359394443,1.0406666666666666,0.14952626343250128,0.18738301035420155,servo_0.493
10.541213968000193,0.49340000000000006,1.0,0.05748633879781418,36.763535359096316,-44.47826223088743,-2.0722100976335693,1.036888888888889,0.15984426519657102,0.18738301035420155,servo_0.493
10.544836310999926,0.49340000000000006,1.0,0.05748633879781418,36.763535359096316,-44.47826223088743,-2.0722100976335693,1.036888888888889,0.15984426519657102,0.16970561282852809,servo_0.493
10.546594760000517,0.49340000000000006,1.0,0.05748633879781418,36.7608228906499,-44.48321582814926,-2.0713423103041855,1.034,0.16810588874386018,0.16970561282852809,servo_0.493
10.550388244000715,0.49340000000000006,1.0,0.05748633879781418,36.7608228906499,-44.48321582814926,-2.0713423103041855,1.034,0.16810588874386018,0.15214161603102155,servo_0.493
10.552254984000683,0.49340000000000006,1.0,0.05748633879781418,36.75810856327694,-44.488183039580065,-2.0704758919673445,1.034888888888889,0.16858580596926054,0.15214161603102155,servo_0.493
10.555781003999982,0.49340000000000006,1.0,0.05748633879781418,36.75810856327694,-44.488183039580065,-2.0704758919673445,1.034888888888889,0.16858580596926054,0.14283969368607916,servo_0.493
10.557456156000626,0.49340000000000006,1.0,0.05748633879781418,36.755377798717475,-44.49318958702258,-2.069785728563539,1.0393333333333334,0.16365254898778883,0.14283969368607916,servo_0.493
10.561264455000128,0.49340000000000006,1.0,0.05748633879781418,36.755377798717475,-44.49318958702258,-2.069785728563539,1.0393333333333334,0.16365254898778883,0.15761805727287642,servo_0.493
10.562997912000355,0.49340000000000006,1.0,0.05748633879781418,36.752650781295124,-44.49819757925137,-2.0690794669233874,1.040888888888889,0.15740869239727592,0.15761805727287642,servo_0.493
10.567761375000373,0.49340000000000006,1.0,0.05748633879781418,36.74993669153334,-44.50319058698715,-2.0683120252679195,1.0384444444444445,0.15747150185995606,0.15761805727287642,servo_0.493
10.568633240000054,0.49340000000000006,1.0,0.05748633879781418,36.74993669153334,-44.50319058698715,-2.0683120252679195,1.0384444444444445,0.15747150185995606,0.17398689395218264,servo_0.493
10.570048928000688,0.49340000000000006,1.0,0.05748633879781418,36.74979404842452,-44.50345324223852,-2.0683120252679195,1.0377777777777777,0.15747150185995606,0.17398689395218264,servo_0.493
10.57070744200064,0.49340000000000006,1.0,0.05748633879781418,36.74979404842452,-44.50345324223852,-2.0683120252679195,1.0377777777777777,0.15747150185995606,0.16490055449748217,servo_0.493
10.57217798000056,0.49340000000000006,1.0,0.05748633879781418,36.74979404842452,-44.50345324223852,-2.0683120252679195,1.0377777777777777,0.15747150185995606,0.15382453410286986,servo_0.493
10.573493057000633,0.49340000000000006,1.0,0.05748633879781418,36.747177085353044,-44.508281721273384,-2.066618266861181,1.0386666666666666,0.16316844999058147,0.15382453410286986,servo_0.493
10.577605621000657,0.49340000000000006,1.0,0.05748633879781418,36.747177085353044,-44.508281721273384,-2.066618266861181,1.0386666666666666,0.16316844999058147,0.1424607425077177,servo_0.493
10.579134401000374,0.49340000000000006,1.0,0.05748633879781418,36.74451506107165,-44.5132078524457,-2.065842284266426,1.038888888888889,0.160365275224268,0.1424607425077177,servo_0.493
10.582919404000677,0.49340000000000006,1.0,0.05748633879781418,36.74451506107165,-44.5132078524457,-2.065842284266426,1.038888888888889,0.160365275224268,0.16245928466047696,servo_0.493
10.584552154000448,0.49340000000000006,1.0,0.05748633879781418,36.741867176313306,-44.51811657838705,-2.065124820072737,1.0382222222222222,0.1549939154093029,0.16245928466047696,servo_0.493
10.588539691000733,0.49340000000000006,1.0,0.05748633879781418,36.741867176313306,-44.51811657838705,-2.065124820072737,1.0382222222222222,0.1549939154093029,0.16201546886481527,servo_0.493
10.590194457000507,0.49340000000000006,1.0,0.05748633879781418,36.7392147721002,-44.5230424932541,-2.064346956532184,1.0395555555555556,0.1572335261846551,0.16201546886481527,servo_0.493
10.594072839000546,0.49340000000000006,1.0,0.05748633879781418,36.7392147721002,-44.5230424932541,-2.064346956532184,1.0395555555555556,0.1572335261846551,0.13856378049649679,servo_0.493
10.59585724200042,0.49340000000000006,1.0,0.05748633879781418,36.73648849171991,-44.52811534708307,-2.0635212141368378,1.039111111111111,0.15866810898870315,0.13856378049649679,servo_0.493
10.599568899000587,0.49340000000000006,1.0,0.05748633879781418,36.73648849171991,-44.52811534708307,-2.0635212141368378,1.039111111111111,0.15866810898870315,0.1184146116169583,servo_0.493
10.601379830000042,0.49340000000000006,1.0,0.05748633879781418,36.7337874983986,-44.533150560411045,-2.0627874508027357,1.0362222222222222,0.15263681044104124,0.1184146116169583,servo_0.493
10.605063230000269,0.49340000000000006,1.0,0.05748633879781418,36.7337874983986,-44.533150560411045,-2.0627874508027357,1.0362222222222222,0.15263681044104124,0.09669118163804674,servo_0.493
10.606889650000085,0.49340000000000006,1.0,0.05748633879781418,36.731093293376915,-44.538181583109385,-2.0621190577733906,1.0364444444444445,0.14237015079381637,0.09669118163804674,servo_0.493
10.610569978000058,0.49340000000000006,1.0,0.05748633879781418,36.731093293376915,-44.538181583109385,-2.0621190577733906,1.0364444444444445,0.14237015079381637,0.08461018411657942,servo_0.493
10.612440206999963,0.49340000000000006,1.0,0.05748633879781418,36.72839638973142,-44.543225078150265,-2.0615603528358912,1.041111111111111,0.12866646004708548,0.08461018411657942,servo_0.493
10.616070357000353,0.49340000000000006,1.0,0.05748633879781418,36.72839638973142,-44.543225078150265,-2.0615603528358912,1.041111111111111,0.12866646004708548,0.07834826015596247,servo_0.493
10.61787562400059,0.49340000000000006,1.0,0.05748633879781418,36.725711003328435,-44.54825326982333,-2.0610874950962854,1.041111111111111,0.11544957726793366,0.07834826015596247,servo_0.493
10.622278853000353,0.49340000000000006,1.0,0.05748633879781418,36.725711003328435,-44.54825326982333,-2.0610874950962854,1.041111111111111,0.11544957726793366,0.08845750314060558,servo_0.493
10.624256797000271,0.49340000000000006,1.0,0.05748633879781418,36.72304513714243,-44.55325048722087,-2.060632795149617,1.0373333333333334,0.1043191821343423,0.08845750314060558,servo_0.493
10.625773000000663,0.49340000000000006,1.0,0.05748633879781418,36.72289909518716,-44.55352439560731,-2.060632795149617,1.0353333333333334,0.1043191821343423,0.08845750314060558,servo_0.493
10.62712948600074,0.49340000000000006,1.0,0.05748633879781418,36.72289909518716,-44.55352439560731,-2.060632795149617,1.0353333333333334,0.1043191821343423,0.10216881298001375,servo_0.493
10.628758268000638,0.49340000000000006,1.0,0.05748633879781418,36.7202599430446,-44.558476636069116,-2.060232108952392,1.0355555555555556,0.09956067843622127,0.10216881298001375,servo_0.493
10.629522770000221,0.49340000000000006,1.0,0.05748633879781418,36.7202599430446,-44.558476636069116,-2.060232108952392,1.0355555555555556,0.09956067843622127,0.08152691768691858,servo_0.493
10.632610024999849,0.49340000000000006,1.0,0.05748633879781418,36.7202599430446,-44.558476636069116,-2.060232108952392,1.0355555555555556,0.09956067843622127,0.08116312155963536,servo_0.493
10.635060078000606,0.49340000000000006,1.0,0.05748633879781418,36.71765560423208,-44.563371226055594,-2.0593307045487776,1.0382222222222222,0.09469825846562688,0.08116312155963536,servo_0.493
10.637937727999997,0.49340000000000006,1.0,0.05748633879781418,36.71765560423208,-44.563371226055594,-2.0593307045487776,1.0382222222222222,0.09469825846562688,0.08588913394057635,servo_0.493
10.63947293900037,0.49340000000000006,1.0,0.05748633879781418,36.714973903374435,-44.56841939683785,-2.058886633411992,1.0395555555555556,0.0906377173938294,0.08588913394057635,servo_0.493
10.643408506000014,0.49340000000000006,1.0,0.05748633879781418,36.714973903374435,-44.56841939683785,-2.058886633411992,1.0395555555555556,0.0906377173938294,0.08336708709875768,servo_0.493
10.645005768000374,0.49340000000000006,1.0,0.05748633879781418,36.71231646955625,-44.57342734869499,-2.0584266508401985,1.0366666666666666,0.08921314235785348,0.08336708709875768,servo_0.493
10.648816435000299,0.49340000000000006,1.0,0.05748633879781418,36.71231646955625,-44.57342734869499,-2.0584266508401985,1.0366666666666666,0.08921314235785348,0.1032240323053088,servo_0.493
10.650339550000353,0.49340000000000006,1.0,0.05748633879781418,36.70967414959457,-44.57841209933381,-2.058009116891171,1.033111111111111,0.08745932578012473,0.1032240323053088,servo_0.493
10.655257578000601,0.49340000000000006,1.0,0.05748633879781418,36.70703015265835,-44.58340519437641,-2.0575677320727253,1.0333333333333334,0.09218873773767995,0.1032240323053088,servo_0.493
10.656125250000514,0.49340000000000006,1.0,0.05748633879781418,36.70703015265835,-44.58340519437641,-2.0575677320727253,1.0333333333333334,0.09218873773767995,0.14908064525311174,servo_0.493
10.660578112000621,0.49340000000000006,1.0,0.05748633879781418,36.70703015265835,-44.58340519437641,-2.0575677320727253,1.0333333333333334,0.09218873773767995,0.20553809575565116,servo_0.493
10.66237931500018,0.49340000000000006,1.0,0.05748633879781418,36.70437627426,-44.588423511203,-2.056927408484909,1.0384444444444445,0.10925630999230948,0.20553809575565116,servo_0.493
10.665333286000532,0.49340000000000006,1.0,0.05748633879781418,36.70437627426,-44.588423511203,-2.056927408484909,1.0384444444444445,0.10925630999230948,0.2686318440890454,servo_0.493
10.667065526999977,0.49340000000000006,1.0,0.05748633879781418,36.70171882439731,-44.59345783559074,-2.0560477986061954,1.0395555555555556,0.13814084572131197,0.2686318440890454,servo_0.493
10.670972677999998,0.49340000000000006,1.0,0.05748633879781418,36.70171882439731,-44.59345783559074,-2.0560477986061954,1.0395555555555556,0.13814084572131197,0.31154387472095335,servo_0.493
10.672853019000286,0.49340000000000006,1.0,0.05748633879781418,36.6990675298739,-44.59849330802481,-2.0548259787024796,1.0355555555555556,0.177288145231632,0.31154387472095335,servo_0.493
10.676395711000623,0.49340000000000006,1.0,0.05748633879781418,36.6990675298739,-44.59849330802481,-2.0548259787024796,1.0355555555555556,0.177288145231632,0.3115107516548955,servo_0.493
10.678174194000349,0.49340000000000006,1.0,0.05748633879781418,36.6964383546016,-44.60350306582742,-2.0533641011937167,1.0344444444444445,0.2175648640784284,0.3115107516548955,servo_0.493
10.679850625000654,0.49340000000000006,1.0,0.05748633879781418,36.696280958880635,-44.603803508744726,-2.0533641011937167,1.0366666666666666,0.2175648640784284,0.3115107516548955,servo_0.493
10.681751287000225,0.49340000000000006,1.0,0.05748633879781418,36.696280958880635,-44.603803508744726,-2.0533641011937167,1.0366666666666666,0.2175648640784284,0.2520718090882283,servo_0.493
10.683371269000418,0.49340000000000006,1.0,0.05748633879781418,36.69363311998746,-44.60887520647277,-2.0505410587222874,1.04,0.24764558397242642,0.2520718090882283,servo_0.493
10.684192059999987,0.49340000000000006,1.0,0.05748633879781418,36.69363311998746,-44.60887520647277,-2.0505410587222874,1.04,0.24764558397242642,0.174146716907101,servo_0.493
10.687405975000729,0.49340000000000006,1.0,0.05748633879781418,36.69363311998746,-44.60887520647277,-2.0505410587222874,1.04,0.24764558397242642,0.10814265781208977,servo_0.493
10.689036261000183,0.49340000000000006,1.0,0.05748633879781418,36.691081929611094,-44.61378389610159,-2.049664143613848,1.0375555555555556,0.22559592385282878,0.10814265781208977,servo_0.493
10.69281176000004,0.49340000000000006,1.0,0.05748633879781418,36.691081929611094,-44.61378389610159,-2.049664143613848,1.0375555555555556,0.22559592385282878,0.05767544306589797,servo_0.493
10.694376796000142,0.49340000000000006,1.0,0.05748633879781418,36.68847906912004,-44.61880051282292,-2.049152303403907,1.0362222222222222,0.19035994404060708,0.05767544306589797,servo_0.493
10.69816167099998,0.49340000000000006,1.0,0.05748633879781418,36.68847906912004,-44.61880051282292,-2.049152303403907,1.0362222222222222,0.19035994404060708,0.032833788506829074,servo_0.493
10.699791349000407,0.49340000000000006,1.0,0.05748633879781418,36.68592773971572,-44.62372227276647,-2.0489228569341496,1.036,0.15055459374819433,0.032833788506829074,servo_0.493
10.703596289000416,0.49340000000000006,1.0,0.05748633879781418,36.68592773971572,-44.62372227276647,-2.0489228569341496,1.036,0.15055459374819433,0.02210667550453078,servo_0.493
10.70527175999996,0.49340000000000006,1.0,0.05748633879781418,36.68334329078123,-44.62870986287879,-2.0488345237217858,1.0364444444444445,0.11523835217578475,0.02210667550453078,servo_0.493
10.709038267000324,0.49340000000000006,1.0,0.05748633879781418,36.68334329078123,-44.62870986287879,-2.0488345237217858,1.0364444444444445,0.11523835217578475,0.031258792957561614,servo_0.493
10.710597543000404,0.49340000000000006,1.0,0.05748633879781418,36.68075750812392,-44.6337013060358,-2.0487134754379945,1.036888888888889,0.08729884917440855,0.031258792957561614,servo_0.493
10.714563383000495,0.49340000000000006,1.0,0.05748633879781418,36.68075750812392,-44.6337013060358,-2.0487134754379945,1.036888888888889,0.08729884917440855,0.08002686723579623,servo_0.493
10.716315464000218,0.49340000000000006,1.0,0.05748633879781418,36.67814272973459,-44.63875037746977,-2.0485664889862405,1.0382222222222222,0.07048683230935447,0.08002686723579623,servo_0.493
10.720049649999964,0.49340000000000006,1.0,0.05748633879781418,36.67814272973459,-44.63875037746977,-2.0485664889862405,1.0382222222222222,0.07048683230935447,0.1141877172361902,servo_0.493
10.72174265800004,0.49340000000000006,1.0,0.05748633879781418,36.675523693316414,-44.64381093927629,-2.048185953187063,1.038888888888889,0.073348842787287,0.1141877172361902,servo_0.493
10.72549111600074,0.49340000000000006,1.0,0.05748633879781418,36.675523693316414,-44.64381093927629,-2.048185953187063,1.038888888888889,0.073348842787287,0.1779614954315578,servo_0.493
10.727197852000245,0.49340000000000006,1.0,0.05748633879781418,36.6729317726906,-44.648824912601064,-2.0476210080121766,1.036,0.08560050512195796,0.1779614954315578,servo_0.493
10.73132587300006,0.49340000000000006,1.0,0.05748633879781418,36.6729317726906,-44.648824912601064,-2.0476210080121766,1.036,0.08560050512195796,0.2294649336743318,servo_0.493
10.733251975000712,0.49340000000000006,1.0,0.05748633879781418,36.67031176161293,-44.6539022433114,-2.0467364245598167,1.0342222222222222,0.11330880221483791,0.2294649336743318,servo_0.493
10.736797580000712,0.49340000000000006,1.0,0.05748633879781418,36.67031176161293,-44.6539022433114,-2.0467364245598167,1.0342222222222222,0.11330880221483791,0.22331995577508298,servo_0.493
10.738720770000327,0.49340000000000006,1.0,0.05748633879781418,36.66766234281409,-44.65904914670765,-2.045627391641643,1.034888888888889,0.14815564165268608,0.22331995577508298,servo_0.493
10.739922532000492,0.49340000000000006,1.0,0.05748633879781418,36.66766234281409,-44.65904914670765,-2.045627391641643,1.034888888888889,0.14815564165268608,0.2180049187400437,servo_0.493
10.741795865000313,0.49340000000000006,1.0,0.05748633879781418,36.66747188191643,-44.659419651020386,-2.045627391641643,1.036888888888889,0.14815564165268608,0.2180049187400437,servo_0.493
10.74351040900001,0.49340000000000006,1.0,0.05748633879781418,36.664945243124734,-44.66434750625378,-2.043518034995142,1.036888888888889,0.18489493074459673,0.2180049187400437,servo_0.493
10.744339073000447,0.49340000000000006,1.0,0.05748633879781418,36.664945243124734,-44.66434750625378,-2.043518034995142,1.036888888888889,0.18489493074459673,0.21748726680315955,servo_0.493
10.747722305000025,0.49340000000000006,1.0,0.05748633879781418,36.664945243124734,-44.66434750625378,-2.043518034995142,1.036888888888889,0.18489493074459673,0.22642049113993729,servo_0.493
10.749498803000279,0.49340000000000006,1.0,0.05748633879781418,36.66237745120755,-44.66937554517708,-2.042407767351945,1.035111111111111,0.19467263156216558,0.22642049113993729,servo_0.493
10.753361600000062,0.49340000000000006,1.0,0.05748633879781418,36.66237745120755,-44.66937554517708,-2.042407767351945,1.035111111111111,0.19467263156216558,0.19315809182279517,servo_0.493
10.755681538000317,0.49340000000000006,1.0,0.05748633879781418,36.65981364109183,-44.674409930569716,-2.0412408481757107,1.032888888888889,0.20419698943549708,0.19315809182279517,servo_0.493
10.758781241000179,0.49340000000000006,1.0,0.05748633879781418,36.65981364109183,-44.674409930569716,-2.0412408481757107,1.032888888888889,0.20419698943549708,0.13462195254328643,servo_0.493
10.760973271000694,0.49340000000000006,1.0,0.05748633879781418,36.657232138221744,-44.6794927674965,-2.0402251429741702,1.0335555555555556,0.20088532015168648,0.13462195254328643,servo_0.493
10.764293588999863,0.49340000000000006,1.0,0.05748633879781418,36.657232138221744,-44.6794927674965,-2.0402251429741702,1.0335555555555556,0.20088532015168648,0.10221402846189626,servo_0.493
10.766404881000199,0.49340000000000006,1.0,0.05748633879781418,36.65464333682818,-44.68460089362644,-2.0395140654899473,1.039111111111111,0.18100630986916644,0.10221402846189626,servo_0.493
10.769771792000029,0.49340000000000006,1.0,0.05748633879781418,36.65464333682818,-44.68460089362644,-2.0395140654899473,1.039111111111111,0.18100630986916644,0.11287583576083876,servo_0.493
10.771978639000736,0.49340000000000006,1.0,0.05748633879781418,36.65205844582932,-44.689709160364345,-2.0389844219283737,1.0404444444444445,0.15736862544698538,0.11287583576083876,servo_0.493
10.775762266000129,0.49340000000000006,1.0,0.05748633879781418,36.65205844582932,-44.689709160364345,-2.0389844219283737,1.0404444444444445,0.15736862544698538,0.12853898468554442,servo_0.493
10.777528747999895,0.49340000000000006,1.0,0.05748633879781418,36.64948459294183,-44.69480255672373,-2.0384154151790916,1.035111111111111,0.1440207885411414,0.12853898468554442,servo_0.493
10.781000494000182,0.49340000000000006,1.0,0.05748633879781418,36.64948459294183,-44.69480255672373,-2.0384154151790916,1.035111111111111,0.1440207885411414,0.12779820146120366,servo_0.493
10.782843746000253,0.49340000000000006,1.0,0.05748633879781418,36.64691901186675,-44.699887151973854,-2.0377857705472793,1.0342222222222222,0.1393762473844623,0.12779820146120366,servo_0.493
10.786504456999864,0.49340000000000006,1.0,0.05748633879781418,36.64691901186675,-44.699887151973854,-2.0377857705472793,1.0342222222222222,0.1393762473844623,0.09180028629611622,servo_0.493
10.788654886000586,0.49340000000000006,1.0,0.05748633879781418,36.64433105125914,-44.705024191388475,-2.0371480601405225,1.0375555555555556,0.1359028336074847,0.09180028629611622,servo_0.493
10.790862372999982,0.49340000000000006,1.0,0.05748633879781418,36.64417228687779,-44.70533958509971,-2.0371480601405225,1.044,0.1359028336074847,0.09180028629611622,servo_0.493
10.793249704000118,0.49340000000000006,1.0,0.05748633879781418,36.64417228687779,-44.70533958509971,-2.0371480601405225,1.044,0.1359028336074847,0.07756919399095183,servo_0.493
10.79531709100047,0.49340000000000006,1.0,0.05748633879781418,36.64157659953242,-44.71050159851662,-2.036284993004753,1.039111111111111,0.10914120678713746,0.07756919399095183,servo_0.493
10.796292286000607,0.49340000000000006,1.0,0.05748633879781418,36.64157659953242,-44.71050159851662,-2.036284993004753,1.039111111111111,0.10914120678713746,0.10939312845717966,servo_0.493
10.798076144999868,0.49340000000000006,1.0,0.05748633879781418,36.64157659953242,-44.71050159851662,-2.036284993004753,1.039111111111111,0.10914120678713746,0.1308770070960386,servo_0.493
10.800120266000704,0.49340000000000006,1.0,0.05748633879781418,36.639037071774226,-44.71556089247756,-2.0357252294792185,1.034,0.10921678328815011,0.1308770070960386,servo_0.493
10.80344100000002,0.49340000000000006,1.0,0.05748633879781418,36.639037071774226,-44.71556089247756,-2.0357252294792185,1.034,0.10921678328815011,0.10820082291477279,servo_0.493
10.805645319000178,0.49340000000000006,1.0,0.05748633879781418,36.63640978010956,-44.7208027151251,-2.035109212032243,1.034,0.11571485043051666,0.10820082291477279,servo_0.493
10.808921859000293,0.49340000000000006,1.0,0.05748633879781418,36.63640978010956,-44.7208027151251,-2.035109212032243,1.034,0.11571485043051666,0.08860285347947505,servo_0.493
10.811037311000291,0.49340000000000006,1.0,0.05748633879781418,36.63384380589528,-44.7259292829291,-2.0346181288061347,1.0373333333333334,0.11346064217579349,0.08860285347947505,servo_0.493
10.814473344000362,0.49340000000000006,1.0,0.05748633879781418,36.63384380589528,-44.7259292829291,-2.0346181288061347,1.0373333333333334,0.11346064217579349,0.09199919946240992,servo_0.493
10.816572124000231,0.49340000000000006,1.0,0.05748633879781418,36.63127329056785,-44.73107069926781,-2.034209729807224,1.0393333333333334,0.10600330556689795,0.09199919946240992,servo_0.493
10.820028189000368,0.49340000000000006,1.0,0.05748633879781418,36.63127329056785,-44.73107069926781,-2.034209729807224,1.0393333333333334,0.10600330556689795,0.12884228544419082,servo_0.493
10.822164954000073,0.49340000000000006,1.0,0.05748633879781418,36.62871329962154,-44.73619647317808,-2.033773954182095,1.0366666666666666,0.10180207373555153,0.12884228544419082,servo_0.493
10.825840162000532,0.49340000000000006,1.0,0.05748633879781418,36.62871329962154,-44.73619647317808,-2.033773954182095,1.0366666666666666,0.10180207373555153,0.145092211980825,servo_0.493
10.827688117999969,0.49340000000000006,1.0,0.05748633879781418,36.62616990458222,-44.741296004254025,-2.0331141472126304,1.0353333333333334,0.1099141372481433,0.145092211980825,servo_0.493
10.831093526000586,0.49340000000000006,1.0,0.05748633879781418,36.62616990458222,-44.741296004254025,-2.0331141472126304,1.0353333333333334,0.1099141372481433,0.16447225161517018,servo_0.493
10.832872617000248,0.49340000000000006,1.0,0.05748633879781418,36.62363876613821,-44.74638004454786,-2.0323462089626143,1.0346666666666666,0.12046755966794781,0.16447225161517018,servo_0.493
10.83665051600019,0.49340000000000006,1.0,0.05748633879781418,36.62363876613821,-44.74638004454786,-2.0323462089626143,1.0346666666666666,0.12046755966794781,0.20585174955303523,servo_0.493
10.83845175100032,0.49340000000000006,1.0,0.05748633879781418,36.62108468712779,-44.751520667048,-2.0314830587240986,1.0353333333333334,0.13366896725211452,0.20585174955303523,servo_0.493
10.840399518000595,0.49340000000000006,1.0,0.05748633879781418,36.620906544636256,-44.75187960503937,-2.0314830587240986,1.0355555555555556,0.13366896725211452,0.20585174955303523,servo_0.493
10.842426551000244,0.49340000000000006,1.0,0.05748633879781418,36.620906544636256,-44.75187960503937,-2.0314830587240986,1.0355555555555556,0.13366896725211452,0.24254448344652435,servo_0.493
10.84413466300066,0.49340000000000006,1.0,0.05748633879781418,36.618367884829894,-44.757008897339276,-2.0292823765368375,1.035111111111111,0.1814900063936308,0.24254448344652435,servo_0.493
10.845146692000526,0.49340000000000006,1.0,0.05748633879781418,36.618367884829894,-44.757008897339276,-2.0292823765368375,1.035111111111111,0.1814900063936308,0.24463393305877326,servo_0.493
10.847862801000701,0.49340000000000006,1.0,0.05748633879781418,36.618367884829894,-44.757008897339276,-2.0292823765368375,1.035111111111111,0.1814900063936308,0.19795362935294405,servo_0.493
10.849520288000349,0.49340000000000006,1.0,0.05748633879781418,36.61586846742991,-44.762080409300175,-2.0281082915459847,1.034888888888889,0.20043318439317354,0.19795362935294405,servo_0.493
10.853343628000403,0.49340000000000006,1.0,0.05748633879781418,36.61586846742991,-44.762080409300175,-2.0281082915459847,1.034888888888889,0.20043318439317354,0.13704346505395462,servo_0.493
10.855091837000145,0.49340000000000006,1.0,0.05748633879781418,36.61335549241333,-44.76719319684082,-2.0271459778322543,1.0346666666666666,0.19968931788110467,0.13704346505395462,servo_0.493
10.858794854000735,0.49340000000000006,1.0,0.05748633879781418,36.61335549241333,-44.76719319684082,-2.0271459778322543,1.0346666666666666,0.19968931788110467,0.08916823425652047,servo_0.493
10.860835903999941,0.49340000000000006,1.0,0.05748633879781418,36.61085451763605,-44.77229220311892,-2.02645644914098,1.0335555555555556,0.18089556203295964,0.08916823425652047,servo_0.493
10.864393796000513,0.49340000000000006,1.0,0.05748633879781418,36.61085451763605,-44.77229220311892,-2.02645644914098,1.0335555555555556,0.18089556203295964,0.06753966274668616,servo_0.493
10.86643875000027,0.49340000000000006,1.0,0.05748633879781418,36.60835910728774,-44.77738737471101,-2.025980126641838,1.0337777777777777,0.15337736370002789,0.06753966274668616,servo_0.493
10.869920929000727,0.49340000000000006,1.0,0.05748633879781418,36.60835910728774,-44.77738737471101,-2.025980126641838,1.0337777777777777,0.15337736370002789,0.08734907885015777,servo_0.493
10.871915161000288,0.49340000000000006,1.0,0.05748633879781418,36.60583702343782,-44.78254251424039,-2.0256125571306596,1.0373333333333334,0.12762605341402536,0.08734907885015777,servo_0.493
10.8758390160001,0.49340000000000006,1.0,0.05748633879781418,36.60583702343782,-44.78254251424039,-2.0256125571306596,1.0373333333333334,0.12762605341402536,0.12232914216899533,servo_0.493
10.877454966000187,0.49340000000000006,1.0,0.05748633879781418,36.60332959221126,-44.78767310557247,-2.025148725130569,1.0395555555555556,0.11554296104486508,0.12232914216899533,servo_0.493
10.881045883000297,0.49340000000000006,1.0,0.05748633879781418,36.60332959221126,-44.78767310557247,-2.025148725130569,1.0395555555555556,0.11554296104486508,0.15248273367714707,servo_0.493
10.882713642000454,0.49340000000000006,1.0,0.05748633879781418,36.600835982740314,-44.79278248214983,-2.0245210232405775,1.0342222222222222,0.11757881538210416,0.15248273367714707,servo_0.493
10.886435796000114,0.49340000000000006,1.0,0.05748633879781418,36.600835982740314,-44.79278248214983,-2.0245210232405775,1.0342222222222222,0.11757881538210416,0.15380124808808848,servo_0.493
10.88805686500018,0.49340000000000006,1.0,0.05748633879781418,36.59834530379852,-44.79789472151607,-2.023780888840496,1.0317777777777777,0.12804999087061703,0.15380124808808848,servo_0.493
10.889521226999932,0.49340000000000006,1.0,0.05748633879781418,36.59820827628717,-44.7981762416779,-2.023780888840496,1.0362222222222222,0.12804999087061703,0.15380124808808848,servo_0.493
10.891800395000246,0.49340000000000006,1.0,0.05748633879781418,36.59820827628717,-44.7981762416779,-2.023780888840496,1.0362222222222222,0.12804999087061703,0.13401588365821165,servo_0.493
10.893591966000713,0.49340000000000006,1.0,0.05748633879781418,36.59572038657299,-44.80329654154337,-2.022399774968393,1.0433333333333332,0.1352475227225644,0.13401588365821165,servo_0.493
10.894398101000661,0.49340000000000006,1.0,0.05748633879781418,36.59572038657299,-44.80329654154337,-2.022399774968393,1.0433333333333332,0.1352475227225644,0.14237921648884766,servo_0.493
10.897466092000286,0.49340000000000006,1.0,0.05748633879781418,36.59572038657299,-44.80329654154337,-2.022399774968393,1.0433333333333332,0.1352475227225644,0.17761783113763988,servo_0.493
10.899432035000245,0.49340000000000006,1.0,0.05748633879781418,36.59328038022105,-44.808331749975764,-2.021678741185385,1.0382222222222222,0.13738703085244938,0.17761783113763988,servo_0.493
10.903202702000272,0.49340000000000006,1.0,0.05748633879781418,36.59328038022105,-44.808331749975764,-2.021678741185385,1.0382222222222222,0.13738703085244938,0.1772281108016204,servo_0.493
10.905460622000646,0.49340000000000006,1.0,0.05748633879781418,36.590810158768704,-44.81344008178073,-2.0207441470329224,1.0324444444444445,0.1494562709380065,0.1772281108016204,servo_0.493
10.908536421000463,0.49340000000000006,1.0,0.05748633879781418,36.590810158768704,-44.81344008178073,-2.0207441470329224,1.0324444444444445,0.1494562709380065,0.13556174880246177,servo_0.493
10.910478843999954,0.49340000000000006,1.0,0.05748633879781418,36.588340056254744,-44.81856043194674,-2.0198004200095054,1.0324444444444445,0.15778782289709067,0.13556174880246177,servo_0.493
10.913971261999905,0.49340000000000006,1.0,0.05748633879781418,36.588340056254744,-44.81856043194674,-2.0198004200095054,1.0324444444444445,0.15778782289709067,0.09190021309364303,servo_0.493
10.915930486000434,0.49340000000000006,1.0,0.05748633879781418,36.58585801094502,-44.82371662448173,-2.019060717091309,1.0375555555555556,0.151120000668702,0.09190021309364303,servo_0.493
10.919514586999867,0.49340000000000006,1.0,0.05748633879781418,36.58585801094502,-44.82371662448173,-2.019060717091309,1.0375555555555556,0.151120000668702,0.0979499247272727,servo_0.493
10.922438990000046,0.49340000000000006,1.0,0.05748633879781418,36.58338497512179,-44.82886249553087,-2.0185249117940796,1.041111111111111,0.1333540643961843,0.0979499247272727,servo_0.493
10.925235997000527,0.49340000000000006,1.0,0.05748633879781418,36.58338497512179,-44.82886249553087,-2.0185249117940796,1.041111111111111,0.1333540643961843,0.134581181211473,servo_0.493
10.926873035000426,0.49340000000000006,1.0,0.05748633879781418,36.58092135725416,-44.83399578817951,-2.0179928683205453,1.0366666666666666,0.12273282249551082,0.134581181211473,servo_0.493
10.93079740200028,0.49340000000000006,1.0,0.05748633879781418,36.58092135725416,-44.83399578817951,-2.0179928683205453,1.0366666666666666,0.12273282249551082,0.12155678384098033,servo_0.493
10.932405128000028,0.49340000000000006,1.0,0.05748633879781418,36.578474391405805,-44.839102291203154,-2.0173165158630377,1.034,0.12628733011029947,0.12155678384098033,servo_0.493
10.93597482899986,0.49340000000000006,1.0,0.05748633879781418,36.578474391405805,-44.839102291203154,-2.0173165158630377,1.034,0.12628733011029947,0.08602408962881611,servo_0.493
10.937496632000148,0.49340000000000006,1.0,0.05748633879781418,36.57603352420086,-44.844204413915946,-2.016717416772191,1.034,0.12486816622950372,0.08602408962881611,servo_0.493
10.941327876000287,0.49340000000000006,1.0,0.05748633879781418,36.57603352420086,-44.844204413915946,-2.016717416772191,1.034,0.12486816622950372,0.05721723787797142,servo_0.493
10.943039924000004,0.49340000000000006,1.0,0.05748633879781418,36.573598163072525,-44.84930178469918,-2.0162840954180727,1.036888888888889,0.11321494324929743,0.05721723787797142,servo_0.493
10.944493982000495,0.49340000000000006,1.0,0.05748633879781418,36.57347353530045,-44.84956278417231,-2.0162840954180727,1.0375555555555556,0.11321494324929743,0.05721723787797142,servo_0.493
10.946818239000095,0.49340000000000006,1.0,0.05748633879781418,36.57347353530045,-44.84956278417231,-2.0162840954180727,1.0375555555555556,0.11321494324929743,0.09406279976732826,servo_0.493
10.948504143000719,0.49340000000000006,1.0,0.05748633879781418,36.571022467837075,-44.8547009166336,-2.0155228725704166,1.0346666666666666,0.0957097820767282,0.09406279976732826,servo_0.493
10.949241220000658,0.49340000000000006,1.0,0.05748633879781418,36.571022467837075,-44.8547009166336,-2.0155228725704166,1.0346666666666666,0.0957097820767282,0.18241413432660214,servo_0.493
10.952561890000652,0.49340000000000006,1.0,0.05748633879781418,36.571022467837075,-44.8547009166336,-2.0155228725704166,1.0346666666666666,0.0957097820767282,0.2304330759543597,servo_0.493
10.954065996000281,0.49340000000000006,1.0,0.05748633879781418,36.56860310455454,-44.859783445075294,-2.0146232248863,1.0324444444444445,0.12172108775169038,0.2304330759543597,servo_0.493
10.958078878000379,0.49340000000000006,1.0,0.05748633879781418,36.56860310455454,-44.859783445075294,-2.0146232248863,1.0324444444444445,0.12172108775169038,0.25993677293274803,servo_0.493
10.959689259000697,0.49340000000000006,1.0,0.05748633879781418,36.56618202128374,-44.86488332935865,-2.01343033008482,1.0326666666666666,0.15433468421249116,0.25993677293274803,servo_0.493
10.963555545000418,0.49340000000000006,1.0,0.05748633879781418,36.56618202128374,-44.86488332935865,-2.01343033008482,1.0326666666666666,0.15433468421249116,0.26876969596497063,servo_0.493
10.965038531000573,0.49340000000000006,1.0,0.05748633879781418,36.56376796928765,-44.86998497779345,-2.012104282404407,1.0346666666666666,0.1860153108285682,0.26876969596497063,servo_0.493
10.968980753999858,0.49340000000000006,1.0,0.05748633879781418,36.56376796928765,-44.86998497779345,-2.012104282404407,1.0346666666666666,0.1860153108285682,0.29133933705787646,servo_0.493
10.970635009000034,0.49340000000000006,1.0,0.05748633879781418,36.561359383014995,-44.875092590788974,-2.0107770083936765,1.0337777777777777,0.21084162636948894,0.29133933705787646,servo_0.493
10.974501550000241,0.49340000000000006,1.0,0.05748633879781418,36.561359383014995,-44.875092590788974,-2.0107770083936765,1.0337777777777777,0.21084162636948894,0.2980581928825238,servo_0.493
10.976139485000203,0.49340000000000006,1.0,0.05748633879781418,36.558957355116,-44.88020431362123,-2.009383003105425,1.0337777777777777,0.2349909395760052,0.2980581928825238,servo_0.493
10.979952296000192,0.49340000000000006,1.0,0.05748633879781418,36.558957355116,-44.88020431362123,-2.009383003105425,1.0337777777777777,0.2349909395760052,0.23803020901700148,servo_0.493
10.981281230000604,0.49340000000000006,1.0,0.05748633879781418,36.556556779977456,-44.88533140021502,-2.0080041567514404,1.0355555555555556,0.25391111556796075,0.23803020901700148,servo_0.493
10.985735948000183,0.49340000000000006,1.0,0.05748633879781418,36.556556779977456,-44.88533140021502,-2.0080041567514404,1.0355555555555556,0.25391111556796075,0.1650047506751315,servo_0.493
10.98715374800031,0.49340000000000006,1.0,0.05748633879781418,36.55416222242753,-44.89046164723978,-2.0069843953484767,1.0344444444444445,0.24914684360267297,0.1650047506751315,servo_0.493
10.991210311000032,0.49340000000000006,1.0,0.05748633879781418,36.55416222242753,-44.89046164723978,-2.0069843953484767,1.0344444444444445,0.24914684360267297,0.07637236107469181,servo_0.493
10.992975769000623,0.49340000000000006,1.0,0.05748633879781418,36.55176701469361,-44.89560470268959,-2.006302140396632,1.0324444444444445,0.22390421572441052,0.07637236107469181,servo_0.493
10.996800357000211,0.49340000000000006,1.0,0.05748633879781418,36.55176701469361,-44.89560470268959,-2.006302140396632,1.0324444444444445,0.22390421572441052,0.03729856142959011,servo_0.493
10.998570966999978,0.49340000000000006,1.0,0.05748633879781418,36.54932380982113,-44.900857861311295,-2.0059580249582507,1.0353333333333334,0.17964465932949492,0.03729856142959011,servo_0.493
10.999974815000314,0.49340000000000006,1.0,0.05748633879781418,36.54914548272106,-44.90124145673914,-2.0059580249582507,1.041111111111111,0.17964465932949492,0.03729856142959011,servo_0.493
11.00235139400047,0.49340000000000006,1.0,0.05748633879781418,36.54914548272106,-44.90124145673914,-2.0059580249582507,1.041111111111111,0.17964465932949492,0.033756332475567745,servo_0.493
11.004452221000065,0.49340000000000006,1.0,0.05748633879781418,36.54671434503825,-44.906473071158764,-2.005658619641129,1.0386666666666666,0.10598548071433675,0.033756332475567745,servo_0.493
11.005590269000095,0.49340000000000006,1.0,0.05748633879781418,36.54671434503825,-44.906473071158764,-2.005658619641129,1.0386666666666666,0.10598548071433675,0.03435591406667466,servo_0.493
11.007990081000571,0.49340000000000006,1.0,0.05748633879781418,36.54671434503825,-44.906473071158764,-2.005658619641129,1.0386666666666666,0.10598548071433675,0.04408923521869626,servo_0.493
11.009577742000147,0.49340000000000006,1.0,0.05748633879781418,36.54433210025901,-44.91160256269952,-2.0054974236063403,1.032,0.08449661072003811,0.04408923521869626,servo_0.493
11.013434555000458,0.49340000000000006,1.0,0.05748633879781418,36.54433210025901,-44.91160256269952,-2.0054974236063403,1.032,0.08449661072003811,0.06189171393063018,servo_0.493
11.01520183699995,0.49340000000000006,1.0,0.05748633879781418,36.54194515035462,-44.916744687581634,-2.005286798435203,1.030888888888889,0.07237439806963555,0.06189171393063018,servo_0.493
11.018831060000593,0.49340000000000006,1.0,0.05748633879781418,36.54194515035462,-44.916744687581634,-2.005286798435203,1.030888888888889,0.07237439806963555,0.08992860003725171,servo_0.493
11.02075245800006,0.49340000000000006,1.0,0.05748633879781418,36.53956210535128,-44.921881799888865,-2.004991894490587,1.036888888888889,0.06922959282793394,0.08992860003725171,servo_0.493
11.024221100000432,0.49340000000000006,1.0,0.05748633879781418,36.53956210535128,-44.921881799888865,-2.004991894490587,1.036888888888889,0.06922959282793394,0.17039598740686068,servo_0.493
11.026011423000455,0.49340000000000006,1.0,0.05748633879781418,36.53719298717072,-44.926993607982034,-2.0045820597925257,1.041111111111111,0.07543929499072927,0.17039598740686068,servo_0.493
11.02965827800017,0.49340000000000006,1.0,0.05748633879781418,36.53719298717072,-44.926993607982034,-2.0045820597925257,1.041111111111111,0.07543929499072927,0.24420774406057652,servo_0.493
11.03170515200054,0.49340000000000006,1.0,0.05748633879781418,36.53485729292551,-44.932041341607054,-2.003775632045177,1.034888888888889,0.10392630271556869,0.24420774406057652,servo_0.493
11.035721138000554,0.49340000000000006,1.0,0.05748633879781418,36.53485729292551,-44.932041341607054,-2.003775632045177,1.034888888888889,0.10392630271556869,0.2546974362516943,servo_0.493
11.037451523000527,0.49340000000000006,1.0,0.05748633879781418,36.53249821836919,-44.93715285988453,-2.002604275575571,1.0324444444444445,0.14601073511907103,0.2546974362516943,servo_0.493
11.041110090000075,0.49340000000000006,1.0,0.05748633879781418,36.53249821836919,-44.93715285988453,-2.002604275575571,1.0324444444444445,0.14601073511907103,0.21134387015580797,servo_0.493
11.042986911000298,0.49340000000000006,1.0,0.05748633879781418,36.53009966190571,-44.94236616314206,-2.0014042130919925,1.033111111111111,0.178616745458858,0.21134387015580797,servo_0.493
11.04627791600069,0.49340000000000006,1.0,0.05748633879781418,36.53009966190571,-44.94236616314206,-2.0014042130919925,1.033111111111111,0.178616745458858,0.15701699845960235,servo_0.493
11.048054638000394,0.49340000000000006,1.0,0.05748633879781418,36.52772117616896,-44.947551357034925,-2.0003308258987906,1.0377777777777777,0.18843488286794297,0.15701699845960235,servo_0.493
11.05192105200058,0.49340000000000006,1.0,0.05748633879781418,36.52772117616896,-44.947551357034925,-2.0003308258987906,1.0377777777777777,0.18843488286794297,0.14004655369004723,servo_0.493
11.05384251400028,0.49340000000000006,1.0,0.05748633879781418,36.52534912693705,-44.95273547157066,-1.9995096934322365,1.038,0.17900951754544076,0.14004655369004723,servo_0.493
11.054670058000738,0.49340000000000006,1.0,0.05748633879781418,36.52534912693705,-44.95273547157066,-1.9995096934322365,1.038,0.17900951754544076,0.13575073337131652,servo_0.493
11.056674466000004,0.49340000000000006,1.0,0.05748633879781418,36.52520992058142,-44.9530400375543,-1.9995096934322365,1.0344444444444445,0.17900951754544076,0.13575073337131652,servo_0.493
11.058219790000294,0.49340000000000006,1.0,0.05748633879781418,36.52291082799527,-44.95808009093683,-1.9980196547279865,1.0322222222222222,0.15784965988357083,0.13575073337131652,servo_0.493
11.058905120999952,0.49340000000000006,1.0,0.05748633879781418,36.52291082799527,-44.95808009093683,-1.9980196547279865,1.0322222222222222,0.15784965988357083,0.11151670814327364,servo_0.493
11.062826768000377,0.49340000000000006,1.0,0.05748633879781418,36.52291082799527,-44.95808009093683,-1.9980196547279865,1.0322222222222222,0.15784965988357083,0.08148585507186092,servo_0.493
11.064421820999996,0.49340000000000006,1.0,0.05748633879781418,36.520555914417564,-44.96325671878104,-1.997436567817948,1.033111111111111,0.14394977436148165,0.08148585507186092,servo_0.493
11.06819312800053,0.49340000000000006,1.0,0.05748633879781418,36.520555914417564,-44.96325671878104,-1.997436567817948,1.033111111111111,0.14394977436148165,0.09449827653982665,servo_0.493
11.06961627200053,0.49340000000000006,1.0,0.05748633879781418,36.51822961844523,-44.96837761447769,-1.9969630882443843,1.037111111111111,0.12521059857459543,0.09449827653982665,servo_0.493
11.073597857000095,0.49340000000000006,1.0,0.05748633879781418,36.51822961844523,-44.96837761447769,-1.9969630882443843,1.037111111111111,0.12521059857459543,0.13137185571608895,servo_0.493
11.07539464399997,0.49340000000000006,1.0,0.05748633879781418,36.51591429597456,-44.973481142705054,-1.9964345436457651,1.036888888888889,0.11599690196416479,0.13137185571608895,servo_0.493
11.079084124000474,0.49340000000000006,1.0,0.05748633879781418,36.51591429597456,-44.973481142705054,-1.9964345436457651,1.036888888888889,0.11599690196416479,0.16338070510813077,servo_0.493
11.0809885940007,0.49340000000000006,1.0,0.05748633879781418,36.51361003101133,-44.978568299383774,-1.9957791696079406,1.0342222222222222,0.12060938808974203,0.16338070510813077,servo_0.493
11.084442612000203,0.49340000000000006,1.0,0.05748633879781418,36.51361003101133,-44.978568299383774,-1.9957791696079406,1.0342222222222222,0.12060938808974203,0.14694683736395617,servo_0.493
11.08628234400021,0.49340000000000006,1.0,0.05748633879781418,36.5113077359554,-44.98366097411006,-1.9949776664968875,1.0337777777777777,0.13344078319525865,0.14694683736395617,servo_0.493
11.090197366000211,0.49340000000000006,1.0,0.05748633879781418,36.5113077359554,-44.98366097411006,-1.9949776664968875,1.0337777777777777,0.13344078319525865,0.11704890932045205,servo_0.493
11.0920534830002,0.49340000000000006,1.0,0.05748633879781418,36.50899805159705,-44.98878036349039,-1.9942580170870772,1.0346666666666666,0.1374925994458679,0.11704890932045205,servo_0.493
11.09590363999996,0.49340000000000006,1.0,0.05748633879781418,36.50899805159705,-44.98878036349039,-1.9942580170870772,1.0346666666666666,0.1374925994458679,0.1092927522512189,servo_0.493
11.097608072000185,0.49340000000000006,1.0,0.05748633879781418,36.506668133846055,-44.99395350265238,-1.9936870584383073,1.0355555555555556,0.13135949240824313,0.1092927522512189,servo_0.493
11.101157324000269,0.49340000000000006,1.0,0.05748633879781418,36.506668133846055,-44.99395350265238,-1.9936870584383073,1.0355555555555556,0.13135949240824313,0.1332751004338709,servo_0.493
11.102892285000053,0.49340000000000006,1.0,0.05748633879781418,36.50432896800951,-44.99915474387098,-1.993168055131973,1.036,0.12473947036113586,0.1332751004338709,servo_0.493
11.106467202000204,0.49340000000000006,1.0,0.05748633879781418,36.50432896800951,-44.99915474387098,-1.993168055131973,1.036,0.12473947036113586,0.15915178838940988,servo_0.493
11.108086064000418,0.49340000000000006,1.0,0.05748633879781418,36.501987213770136,-45.00436997405562,-1.9925056117849085,1.0384444444444445,0.12730015938295636,0.15915178838940988,servo_0.493
11.10929397000018,0.49340000000000006,1.0,0.05748633879781418,36.50185679791976,-45.00466067577875,-1.9925056117849085,1.0377777777777777,0.12730015938295636,0.15915178838940988,servo_0.493
11.112835063000603,0.49340000000000006,1.0,0.05748633879781418,36.50185679791976,-45.00466067577875,-1.9925056117849085,1.0377777777777777,0.12730015938295636,0.153027017224932,servo_0.493
11.11451290200057,0.49340000000000006,1.0,0.05748633879781418,36.49954006991511,-45.009835846410354,-1.9909031759949443,1.0335555555555556,0.1417070588269043,0.153027017224932,servo_0.493
11.11518479300048,0.49340000000000006,1.0,0.05748633879781418,36.49954006991511,-45.009835846410354,-1.9909031759949443,1.0335555555555556,0.1417070588269043,0.13006253753328673,servo_0.493
11.117618461999882,0.49340000000000006,1.0,0.05748633879781418,36.49954006991511,-45.009835846410354,-1.9909031759949443,1.0335555555555556,0.1417070588269043,0.12769481255425974,servo_0.493
11.119165609999982,0.49340000000000006,1.0,0.05748633879781418,36.49728455181923,-45.0148896191495,-1.9902413472830596,1.0322222222222222,0.13821370243881903,0.12769481255425974,servo_0.493
11.124045588000627,0.49340000000000006,1.0,0.05748633879781418,36.49728455181923,-45.0148896191495,-1.9902413472830596,1.0322222222222222,0.13821370243881903,0.1510027484803628,servo_0.493
11.12669919900054,0.49340000000000006,1.0,0.05748633879781418,36.49497984083393,-45.02006254968796,-1.9896171416612665,1.036,0.13505803547345124,0.1510027484803628,servo_0.493
11.128600531999837,0.49340000000000006,1.0,0.05748633879781418,36.49497984083393,-45.02006254968796,-1.9896171416612665,1.036,0.13505803547345124,0.2077427104402892,servo_0.493
11.130040093000389,0.49340000000000006,1.0,0.05748633879781418,36.492660219765824,-45.0252788376104,-1.9888310330741124,1.0397777777777777,0.1398414493755247,0.2077427104402892,servo_0.493
11.134793444000024,0.49340000000000006,1.0,0.05748633879781418,36.49034642850752,-45.03049428850676,-1.9878691362980079,1.0344444444444445,0.16021182769495404,0.2077427104402892,servo_0.493
11.135673948000658,0.49340000000000006,1.0,0.05748633879781418,36.49034642850752,-45.03049428850676,-1.9878691362980079,1.0344444444444445,0.16021182769495404,0.24401816028047651,servo_0.493
11.139707790000102,0.49340000000000006,1.0,0.05748633879781418,36.49034642850752,-45.03049428850676,-1.9878691362980079,1.0344444444444445,0.16021182769495404,0.20731424111040905,servo_0.493
11.14154547399994,0.49340000000000006,1.0,0.05748633879781418,36.48805614442163,-45.0356716764901,-1.9866930090026187,1.0313333333333334,0.18535372747061077,0.20731424111040905,servo_0.493
11.145688311999947,0.49340000000000006,1.0,0.05748633879781418,36.48805614442163,-45.0356716764901,-1.9866930090026187,1.0313333333333334,0.18535372747061077,0.12623606606716883,servo_0.493
11.147852148999846,0.49340000000000006,1.0,0.05748633879781418,36.48574127980213,-45.040919581694546,-1.9857601592857665,1.0326666666666666,0.19194188156255024,0.12623606606716883,servo_0.493
11.151354776000517,0.49340000000000006,1.0,0.05748633879781418,36.48574127980213,-45.040919581694546,-1.9857601592857665,1.0326666666666666,0.19194188156255024,0.08191910976932479,servo_0.493
11.153505813000265,0.49340000000000006,1.0,0.05748633879781418,36.483408149369126,-45.046219651408045,-1.9851939028377286,1.038,0.1722301369139358,0.08191910976932479,servo_0.493
11.156648078000217,0.49340000000000006,1.0,0.05748633879781418,36.483408149369126,-45.046219651408045,-1.9851939028377286,1.038,0.1722301369139358,0.10812780236663418,servo_0.493
11.159235287000229,0.49340000000000006,1.0,0.05748633879781418,36.481102863161354,-45.05146291949835,-1.984852619588093,1.037111111111111,0.14513682877055248,0.10812780236663418,servo_0.493
11.16209018400059,0.49340000000000006,1.0,0.05748633879781418,36.481102863161354,-45.05146291949835,-1.984852619588093,1.037111111111111,0.14513682877055248,0.13409801721070538,servo_0.493
11.163983197000562,0.49340000000000006,1.0,0.05748633879781418,36.478799719471745,-45.056707230742724,-1.9843624537488893,1.033111111111111,0.134034120849377,0.13409801721070538,servo_0.493
11.164712082000733,0.49340000000000006,1.0,0.05748633879781418,36.478799719471745,-45.056707230742724,-1.9843624537488893,1.033111111111111,0.134034120849377,0.10838198444792542,servo_0.493
11.166001590000633,0.49340000000000006,1.0,0.05748633879781418,36.47865935110754,-45.057027065630805,-1.9843624537488893,1.0306666666666666,0.134034120849377,0.10838198444792542,servo_0.493
11.167799945000297,0.49340000000000006,1.0,0.05748633879781418,36.47865935110754,-45.057027065630805,-1.9843624537488893,1.0306666666666666,0.134034120849377,0.10249841245442468,servo_0.493
11.170067048999954,0.49340000000000006,1.0,0.05748633879781418,36.47643754241602,-45.062097751563435,-1.9831709732803642,1.0313333333333334,0.12635189816482048,0.10249841245442468,servo_0.493
11.172993404000408,0.49340000000000006,1.0,0.05748633879781418,36.47643754241602,-45.062097751563435,-1.9831709732803642,1.0313333333333334,0.12635189816482048,0.12187085375728474,servo_0.493
11.174989588000244,0.49340000000000006,1.0,0.05748633879781418,36.474163598303484,-45.06729976077105,-1.982618080845903,1.0362222222222222,0.11919585245170174,0.12187085375728474,servo_0.493
11.17846280699996,0.49340000000000006,1.0,0.05748633879781418,36.474163598303484,-45.06729976077105,-1.982618080845903,1.0362222222222222,0.11919585245170174,0.18397263284127333,servo_0.493
11.179951232999883,0.49340000000000006,1.0,0.05748633879781418,36.47188952112516,-45.072510592400704,-1.9819708040113924,1.0357777777777777,0.11999835284337662,0.18397263284127333,servo_0.493
11.184084982000059,0.49340000000000006,1.0,0.05748633879781418,36.47188952112516,-45.072510592400704,-1.9819708040113924,1.0357777777777777,0.11999835284337662,0.2060121717191989,servo_0.493
11.185685858999932,0.49340000000000006,1.0,0.05748633879781418,36.469616360034316,-45.077730396726224,-1.9810623775364529,1.0317777777777777,0.13919063684274563,0.2060121717191989,servo_0.493
11.189551536000181,0.49340000000000006,1.0,0.05748633879781418,36.469616360034316,-45.077730396726224,-1.9810623775364529,1.0317777777777777,0.13919063684274563,0.195544034488154,servo_0.493
11.190988153000035,0.49340000000000006,1.0,0.05748633879781418,36.46734571581216,-45.08295837599529,-1.9800157988058966,1.0304444444444445,0.1592370973056816,0.195544034488154,servo_0.493
11.195703901999877,0.49340000000000006,1.0,0.05748633879781418,36.46734571581216,-45.08295837599529,-1.9800157988058966,1.0304444444444445,0.1592370973056816,0.17250902263951362,servo_0.493
11.197608563999893,0.49340000000000006,1.0,0.05748633879781418,36.4650605011582,-45.08823482342328,-1.978994888182711,1.0322222222222222,0.1701291784604233,0.17250902263951362,servo_0.493
11.201005236000128,0.49340000000000006,1.0,0.05748633879781418,36.4650605011582,-45.08823482342328,-1.978994888182711,1.0322222222222222,0.1701291784604233,0.15011458425682137,servo_0.493
11.202764229999957,0.49340000000000006,1.0,0.05748633879781418,36.462782702197835,-45.09350825151295,-1.9780643334186596,1.0357777777777777,0.1708431317141504,0.15011458425682137,servo_0.493
11.2062175760002,0.49340000000000006,1.0,0.05748633879781418,36.462782702197835,-45.09350825151295,-1.9780643334186596,1.0357777777777777,0.1708431317141504,0.1613312861360171,servo_0.493
11.207907831000739,0.49340000000000006,1.0,0.05748633879781418,36.460517752088634,-45.09876458376993,-1.9772419456046468,1.0353333333333334,0.16462456747695167,0.1613312861360171,servo_0.493
11.214021860000685,0.49340000000000006,1.0,0.05748633879781418,36.460517752088634,-45.09876458376993,-1.9772419456046468,1.0353333333333334,0.16462456747695167,0.16523295029103768,servo_0.493
11.21783492800023,0.49340000000000006,1.0,0.05748633879781418,36.45826381424404,-45.10400769358806,-1.976353860048657,1.0346666666666666,0.1636365830746713,0.16523295029103768,servo_0.493
11.218978096000683,0.49340000000000006,1.0,0.05748633879781418,36.45826381424404,-45.10400769358806,-1.976353860048657,1.0346666666666666,0.1636365830746713,0.12337043815521632,servo_0.493
11.22121134400004,0.49340000000000006,1.0,0.05748633879781418,36.45813192951965,-45.10431485965498,-1.976353860048657,1.0346666666666666,0.1636365830746713,0.12337043815521632,servo_0.493
11.22191811599987,0.49340000000000006,1.0,0.05748633879781418,36.45813192951965,-45.10431485965498,-1.976353860048657,1.0346666666666666,0.1636365830746713,0.07799380173725133,servo_0.493
11.223915004000446,0.49340000000000006,1.0,0.05748633879781418,36.455911379957996,-45.109497527928404,-1.9748287071901278,1.0342222222222222,0.15189197671427174,0.07799380173725133,servo_0.493
11.224763283999891,0.49340000000000006,1.0,0.05748633879781418,36.455911379957996,-45.109497527928404,-1.9748287071901278,1.0342222222222222,0.15189197671427174,0.03598035494664973,servo_0.493
11.226943762000701,0.49340000000000006,1.0,0.05748633879781418,36.45358267954398,-45.11494716139067,-1.9744206095628043,1.0335555555555556,0.12972252422116562,0.03598035494664973,servo_0.493
11.228814247000628,0.49340000000000006,1.0,0.05748633879781418,36.45358267954398,-45.11494716139067,-1.9744206095628043,1.0335555555555556,0.12972252422116562,0.021589223304728386,servo_0.493
11.230532055000367,0.49340000000000006,1.0,0.05748633879781418,36.45131675636772,-45.12025413872491,-1.9742491629509658,1.0355555555555556,0.10159987343881086,0.021589223304728386,servo_0.493
11.234037946000171,0.49340000000000006,1.0,0.05748633879781418,36.45131675636772,-45.12025413872491,-1.9742491629509658,1.0355555555555556,0.10159987343881086,0.01817788039590501,servo_0.493
11.235831885000152,0.49340000000000006,1.0,0.05748633879781418,36.44911263516285,-45.12541827794333,-1.974153855302285,1.0375555555555556,0.07759667839858611,0.01817788039590501,servo_0.493
11.239411954000389,0.49340000000000006,1.0,0.05748633879781418,36.44911263516285,-45.12541827794333,-1.974153855302285,1.0375555555555556,0.07759667839858611,0.02558959710943384,servo_0.493
11.241321127999981,0.49340000000000006,1.0,0.05748633879781418,36.44692520542094,-45.13054459470169,-1.974068187783558,1.0342222222222222,0.05977103899778178,0.02558959710943384,servo_0.493
11.24498078400029,0.49340000000000006,1.0,0.05748633879781418,36.44692520542094,-45.13054459470169,-1.974068187783558,1.0342222222222222,0.05977103899778178,0.05886964194939232,servo_0.493
11.24673052900016,0.49340000000000006,1.0,0.05748633879781418,36.444748223664256,-45.13564811696838,-1.9739146688542721,1.0315555555555556,0.0495166064312774,0.05886964194939232,servo_0.493
11.250475466999887,0.49340000000000006,1.0,0.05748633879781418,36.444748223664256,-45.13564811696838,-1.9739146688542721,1.0315555555555556,0.0495166064312774,0.1095371305707473,servo_0.493
11.252207420000559,0.49340000000000006,1.0,0.05748633879781418,36.442561624435726,-45.14077751609246,-1.973599481322843,1.033111111111111,0.05232251708671187,0.1095371305707473,servo_0.493
11.255966534000436,0.49340000000000006,1.0,0.05748633879781418,36.442561624435726,-45.14077751609246,-1.973599481322843,1.033111111111111,0.05232251708671187,0.18773912492621558,servo_0.493
11.257563604000097,0.49340000000000006,1.0,0.05748633879781418,36.44031731707551,-45.14604865237683,-1.9730435307410308,1.037111111111111,0.06948690113192249,0.18773912492621558,servo_0.493
11.261582533000364,0.49340000000000006,1.0,0.05748633879781418,36.44031731707551,-45.14604865237683,-1.9730435307410308,1.037111111111111,0.06948690113192249,0.27024064305880546,servo_0.493
11.263286453000546,0.49340000000000006,1.0,0.05748633879781418,36.438091413460484,-45.15128751875567,-1.9720916761421672,1.0357777777777777,0.10496256827021042,0.27024064305880546,servo_0.493
11.264765535000151,0.49340000000000006,1.0,0.05748633879781418,36.437960509685524,-45.15159602054784,-1.9720916761421672,1.0315555555555556,0.10496256827021042,0.27024064305880546,servo_0.493
11.267292455000643,0.49340000000000006,1.0,0.05748633879781418,36.437960509685524,-45.15159602054784,-1.9720916761421672,1.0315555555555556,0.10496256827021042,0.29436615279480605,servo_0.493
11.269015960000615,0.49340000000000006,1.0,0.05748633879781418,36.43575320824845,-45.156807751616476,-1.9707432575998622,1.0302222222222222,0.15454599070678893,0.29436615279480605,servo_0.493
11.269760653000048,0.49340000000000006,1.0,0.05748633879781418,36.43575320824845,-45.156807751616476,-1.9707432575998622,1.0302222222222222,0.15454599070678893,0.2720381602813113,servo_0.493
11.27281677100018,0.49340000000000006,1.0,0.05748633879781418,36.43575320824845,-45.156807751616476,-1.9707432575998622,1.0302222222222222,0.15454599070678893,0.22278557585760175,servo_0.493
11.274399184000686,0.49340000000000006,1.0,0.05748633879781418,36.433588446629884,-45.16194824365845,-1.9680079417665988,1.030888888888889,0.21915587561762923,0.22278557585760175,servo_0.493
11.278623143000004,0.49340000000000006,1.0,0.05748633879781418,36.433588446629884,-45.16194824365845,-1.9680079417665988,1.030888888888889,0.21915587561762923,0.18057906653272623,servo_0.493
11.280265910000708,0.49340000000000006,1.0,0.05748633879781418,36.43137015653017,-45.16724400446986,-1.9669364013662265,1.034888888888889,0.22024478568962097,0.18057906653272623,servo_0.493
11.283934301000045,0.49340000000000006,1.0,0.05748633879781418,36.43137015653017,-45.16724400446986,-1.9669364013662265,1.034888888888889,0.22024478568962097,0.14802465194662487,servo_0.493
11.285629261000395,0.49340000000000006,1.0,0.05748633879781418,36.42915267372174,-45.17255180566179,-1.966131691594716,1.034888888888889,0.20834506994255253,0.14802465194662487,servo_0.493
11.28915473699999,0.49340000000000006,1.0,0.05748633879781418,36.42915267372174,-45.17255180566179,-1.966131691594716,1.034888888888889,0.20834506994255253,0.09074247038875834,servo_0.493
11.290716381000493,0.49340000000000006,1.0,0.05748633879781418,36.42696391672412,-45.17780120463577,-1.965532515424995,1.0306666666666666,0.19024894454377422,0.09074247038875834,servo_0.493
11.295693674000177,0.49340000000000006,1.0,0.05748633879781418,36.42696391672412,-45.17780120463577,-1.965532515424995,1.0306666666666666,0.19024894454377422,0.061900439944389395,servo_0.493
11.297553951000737,0.49340000000000006,1.0,0.05748633879781418,36.42478185642735,-45.183041580512956,-1.9651774173884065,1.0286666666666666,0.16039700229726944,0.061900439944389395,servo_0.493
11.300709879999886,0.49340000000000006,1.0,0.05748633879781418,36.42478185642735,-45.183041580512956,-1.9651774173884065,1.0286666666666666,0.16039700229726944,0.06150139022217624,servo_0.493
11.302367238999977,0.49340000000000006,1.0,0.05748633879781418,36.422614806892064,-45.188250277020096,-1.9649369815293054,1.031111111111111,0.13084803359140543,0.06150139022217624,servo_0.493
11.305981325000175,0.49340000000000006,1.0,0.05748633879781418,36.422614806892064,-45.188250277020096,-1.9649369815293054,1.031111111111111,0.13084803359140543,0.08437876374022993,servo_0.493
11.30805904800036,0.49340000000000006,1.0,0.05748633879781418,36.42045700384911,-45.19344059880005,-1.9646512113096442,1.036888888888889,0.11004404058063667,0.08437876374022993,servo_0.493
11.311194464000437,0.49340000000000006,1.0,0.05748633879781418,36.42045700384911,-45.19344059880005,-1.9646512113096442,1.036888888888889,0.11004404058063667,0.1353269994747497,servo_0.493
11.313038485000106,0.49340000000000006,1.0,0.05748633879781418,36.418323230876084,-45.19857798924375,-1.9642648521897745,1.034888888888889,0.10234445752851465,0.1353269994747497,servo_0.493
11.318057314000725,0.49340000000000006,1.0,0.05748633879781418,36.4161774902462,-45.20375127532786,-1.9636812049567693,1.0324444444444445,0.11223922011238516,0.1353269994747497,servo_0.493
11.319967449000615,0.49340000000000006,1.0,0.05748633879781418,36.4161774902462,-45.20375127532786,-1.9636812049567693,1.0324444444444445,0.11223922011238516,0.19094723535435226,servo_0.493
11.322044051000375,0.49340000000000006,1.0,0.05748633879781418,36.416037084045236,-45.20409006782933,-1.9636812049567693,1.0324444444444445,0.11223922011238516,0.19094723535435226,servo_0.493
11.324639037000452,0.49340000000000006,1.0,0.05748633879781418,36.413880418950384,-45.20930027515667,-1.9628267951862126,1.0344444444444445,0.13585162468497528,0.19094723535435226,servo_0.493
11.32550546099992,0.49340000000000006,1.0,0.05748633879781418,36.413880418950384,-45.20930027515667,-1.9628267951862126,1.0344444444444445,0.13585162468497528,0.21597041347003448,servo_0.493
11.326786872999946,0.49340000000000006,1.0,0.05748633879781418,36.413880418950384,-45.20930027515667,-1.9628267951862126,1.0344444444444445,0.13585162468497528,0.22460577988364366,servo_0.493
11.328302724000423,0.49340000000000006,1.0,0.05748633879781418,36.41174533003123,-45.21447941196619,-1.960806308840061,1.034888888888889,0.17930281688943822,0.22460577988364366,servo_0.493
11.329003448000549,0.49340000000000006,1.0,0.05748633879781418,36.41174533003123,-45.21447941196619,-1.960806308840061,1.034888888888889,0.17930281688943822,0.2104802569485657,servo_0.493
11.332988297000156,0.49340000000000006,1.0,0.05748633879781418,36.41174533003123,-45.21447941196619,-1.960806308840061,1.034888888888889,0.17930281688943822,0.20162607856189288,servo_0.493
11.33437480000066,0.49340000000000006,1.0,0.05748633879781418,36.409597875222346,-45.21971101505781,-1.959798057134437,1.033111111111111,0.18865604890717647,0.20162607856189288,servo_0.493
11.339370045000578,0.49340000000000006,1.0,0.05748633879781418,36.40745371436528,-45.2249497142692,-1.9587775720765654,1.0333333333333334,0.19254705780359138,0.20162607856189288,servo_0.493
11.340180244000294,0.49340000000000006,1.0,0.05748633879781418,36.40745371436528,-45.2249497142692,-1.9587775720765654,1.0333333333333334,0.19254705780359138,0.1679926509706323,servo_0.493
11.344051202000628,0.49340000000000006,1.0,0.05748633879781418,36.40745371436528,-45.2249497142692,-1.9587775720765654,1.0333333333333334,0.19254705780359138,0.12513790326929625,servo_0.493
11.345499979000124,0.49340000000000006,1.0,0.05748633879781418,36.405316224361854,-45.230186474696175,-1.9578747299670873,1.032888888888889,0.18518073575370364,0.12513790326929625,servo_0.493
11.349421433000316,0.49340000000000006,1.0,0.05748633879781418,36.405316224361854,-45.230186474696175,-1.9578747299670873,1.032888888888889,0.18518073575370364,0.1092056585611949,servo_0.493
11.350829185000293,0.49340000000000006,1.0,0.05748633879781418,36.403183573932935,-45.23542320144858,-1.9571972014895618,1.0317777777777777,0.1671678860083814,0.1092056585611949,servo_0.493
11.355878127999858,0.49340000000000006,1.0,0.05748633879781418,36.401055307890964,-45.240658678079335,-1.9566046079161072,1.033111111111111,0.14977921777422543,0.1092056585611949,servo_0.493
11.356726056000298,0.49340000000000006,1.0,0.05748633879781418,36.401055307890964,-45.240658678079335,-1.9566046079161072,1.033111111111111,0.14977921777422543,0.10571421276020898,servo_0.493
11.360766458000398,0.49340000000000006,1.0,0.05748633879781418,36.401055307890964,-45.240658678079335,-1.9566046079161072,1.033111111111111,0.14977921777422543,0.09182725080215327,servo_0.493
11.362378792000527,0.49340000000000006,1.0,0.05748633879781418,36.39892809664757,-45.24590001226069,-1.9560717816455144,1.036,0.1365597162700205,0.09182725080215327,servo_0.493
11.366347224000492,0.49340000000000006,1.0,0.05748633879781418,36.39892809664757,-45.24590001226069,-1.9560717816455144,1.036,0.1365597162700205,0.09908126884785198,servo_0.493
11.367991525999969,0.49340000000000006,1.0,0.05748633879781418,36.396786041545646,-45.25118541917032,-1.9556157188677807,1.0353333333333334,0.12313997662966034,0.09908126884785198,servo_0.493
11.371345765000115,0.49340000000000006,1.0,0.05748633879781418,36.396786041545646,-45.25118541917032,-1.9556157188677807,1.0353333333333334,0.12313997662966034,0.11864555761773861,servo_0.493
11.372932402000515,0.49340000000000006,1.0,0.05748633879781418,36.39467497503225,-45.25640208044328,-1.9550416666963004,1.0317777777777777,0.11592236429511782,0.11864555761773861,servo_0.493
11.374494910000067,0.49340000000000006,1.0,0.05748633879781418,36.394556322415276,-45.256695525383876,-1.9550416666963004,1.0302222222222222,0.11592236429511782,0.11864555761773861,servo_0.493
11.376985797000088,0.49340000000000006,1.0,0.05748633879781418,36.394556322415276,-45.256695525383876,-1.9550416666963004,1.0302222222222222,0.11592236429511782,0.1363957426649553,servo_0.493
11.37859211400064,0.49340000000000006,1.0,0.05748633879781418,36.3924393838375,-45.26194161002399,-1.9536379540885833,1.032,0.12263624840381943,0.1363957426649553,servo_0.493
11.37936685600016,0.49340000000000006,1.0,0.05748633879781418,36.3924393838375,-45.26194161002399,-1.9536379540885833,1.032,0.12263624840381943,0.15722344337835395,servo_0.493
11.382636932000423,0.49340000000000006,1.0,0.05748633879781418,36.3924393838375,-45.26194161002399,-1.9536379540885833,1.032,0.12263624840381943,0.18777852306559192,servo_0.493
11.384254962000341,0.49340000000000006,1.0,0.05748633879781418,36.39034591569048,-45.26714622024902,-1.9528152019899119,1.035111111111111,0.13301240689617977,0.18777852306559192,servo_0.493
11.388024477000727,0.49340000000000006,1.0,0.05748633879781418,36.39034591569048,-45.26714622024902,-1.9528152019899119,1.035111111111111,0.13301240689617977,0.2064763440524429,servo_0.493
11.389521543000228,0.49340000000000006,1.0,0.05748633879781418,36.38825141960153,-45.27236648136886,-1.9519003331947127,1.0337777777777777,0.1494422417470034,0.2064763440524429,servo_0.493
11.393453749999935,0.49340000000000006,1.0,0.05748633879781418,36.38825141960153,-45.27236648136886,-1.9519003331947127,1.0337777777777777,0.1494422417470034,0.1768678183956463,servo_0.493
11.394915104000575,0.49340000000000006,1.0,0.05748633879781418,36.38616236799502,-45.27758727209805,-1.950947896578098,1.030888888888889,0.16655247243863525,0.1768678183956463,servo_0.493
11.399944174000666,0.49340000000000006,1.0,0.05748633879781418,36.3840863209979,-45.282788543666086,-1.9501781152432114,1.0286666666666666,0.16964707622573855,0.1768678183956463,servo_0.493
11.40083991100073,0.49340000000000006,1.0,0.05748633879781418,36.3840863209979,-45.282788543666086,-1.9501781152432114,1.0286666666666666,0.16964707622573855,0.1049007751723795,servo_0.493
11.404393580000033,0.49340000000000006,1.0,0.05748633879781418,36.3840863209979,-45.282788543666086,-1.9501781152432114,1.0286666666666666,0.16964707622573855,0.06479058558312745,servo_0.493
11.40590818200053,0.49340000000000006,1.0,0.05748633879781418,36.38200164593322,-45.28802073760624,-1.949722900916629,1.031111111111111,0.15022318590973083,0.06479058558312745,servo_0.493
11.409998730000552,0.49340000000000006,1.0,0.05748633879781418,36.38200164593322,-45.28802073760624,-1.949722900916629,1.031111111111111,0.15022318590973083,0.08139927736929813,servo_0.493
11.41169065000031,0.49340000000000006,1.0,0.05748633879781418,36.379898991179275,-45.29330402764379,-1.9494009139359976,1.036888888888889,0.12459340581174981,0.08139927736929813,servo_0.493
11.415348801000619,0.49340000000000006,1.0,0.05748633879781418,36.379898991179275,-45.29330402764379,-1.9494009139359976,1.036888888888889,0.12459340581174981,0.11841137421175818,servo_0.493
11.417008848000478,0.49340000000000006,1.0,0.05748633879781418,36.37781121902604,-45.2985560794423,-1.9489172581973997,1.035111111111111,0.1116351672790143,0.11841137421175818,servo_0.493
11.420827708000616,0.49340000000000006,1.0,0.05748633879781418,36.37781121902604,-45.2985560794423,-1.9489172581973997,1.035111111111111,0.1116351672790143,0.1577677435708957,servo_0.493
11.42243194599996,0.49340000000000006,1.0,0.05748633879781418,36.375730705249154,-45.30379906355774,-1.948197019824479,1.0306666666666666,0.11366802935883746,0.1577677435708957,servo_0.493
11.426344152000638,0.49340000000000006,1.0,0.05748633879781418,36.375730705249154,-45.30379906355774,-1.948197019824479,1.0306666666666666,0.11366802935883746,0.17133197201672584,servo_0.493
11.427985127000284,0.49340000000000006,1.0,0.05748633879781418,36.37365268995322,-45.30904881707528,-1.9472101765588155,1.030888888888889,0.12689794362245493,0.17133197201672584,servo_0.493
11.429530897999939,0.49340000000000006,1.0,0.05748633879781418,36.37352408653464,-45.3093741808567,-1.9472101765588155,1.0342222222222222,0.12689794362245493,0.17133197201672584,servo_0.493
11.432020953000574,0.49340000000000006,1.0,0.05748633879781418,36.37352408653464,-45.3093741808567,-1.9472101765588155,1.0342222222222222,0.12689794362245493,0.1814847410404349,servo_0.493
11.433755785999892,0.49340000000000006,1.0,0.05748633879781418,36.37143696027968,-45.31466939001869,-1.9452951185750231,1.0362222222222222,0.1526051288106458,0.1814847410404349,servo_0.493
11.434627426000588,0.49340000000000006,1.0,0.05748633879781418,36.37143696027968,-45.31466939001869,-1.9452951185750231,1.0362222222222222,0.1526051288106458,0.20113973541257396,servo_0.493
11.437603671000034,0.49340000000000006,1.0,0.05748633879781418,36.37143696027968,-45.31466939001869,-1.9452951185750231,1.0362222222222222,0.1526051288106458,0.2219524392000841,servo_0.493
11.439272997999979,0.49340000000000006,1.0,0.05748633879781418,36.36940102972058,-45.31985594180348,-1.9444157354435214,1.032,0.16716551079122424,0.2219524392000841,servo_0.493
11.442953933999888,0.49340000000000006,1.0,0.05748633879781418,36.36940102972058,-45.31985594180348,-1.9444157354435214,1.032,0.16716551079122424,0.18854090286189756,servo_0.493
11.44461014100034,0.49340000000000006,1.0,0.05748633879781418,36.36735181612388,-45.325089753613845,-1.9435500899160063,1.0304444444444445,0.18360158931388218,0.18854090286189756,servo_0.493
11.448385415000303,0.49340000000000006,1.0,0.05748633879781418,36.36735181612388,-45.325089753613845,-1.9435500899160063,1.0304444444444445,0.18360158931388218,0.097944689951255,servo_0.493
11.449966516000131,0.49340000000000006,1.0,0.05748633879781418,36.36533503952506,-45.33025252072719,-1.9428632178310756,1.0306666666666666,0.18508338337828678,0.097944689951255,servo_0.493
11.45375830300054,0.49340000000000006,1.0,0.05748633879781418,36.36533503952506,-45.33025252072719,-1.9428632178310756,1.0306666666666666,0.18508338337828678,0.04623350433750878,servo_0.493
11.455341452000539,0.49340000000000006,1.0,0.05748633879781418,36.363297719784384,-45.33547532401938,-1.9425833256374254,1.0322222222222222,0.15894177535017726,0.04623350433750878,servo_0.493
11.459159448000719,0.49340000000000006,1.0,0.05748633879781418,36.363297719784384,-45.33547532401938,-1.9425833256374254,1.0322222222222222,0.15894177535017726,0.06988167157643706,servo_0.493
11.460943626000699,0.49340000000000006,1.0,0.05748633879781418,36.36127951042423,-45.340651837862175,-1.9425098461296835,1.0324444444444445,0.1251292940463767,0.06988167157643706,servo_0.493
11.464601233999929,0.49340000000000006,1.0,0.05748633879781418,36.36127951042423,-45.340651837862175,-1.9425098461296835,1.0324444444444445,0.1251292940463767,0.10419865771811533,servo_0.493
11.466176670000095,0.49340000000000006,1.0,0.05748633879781418,36.35923142283563,-45.345907916602606,-1.9422059644657212,1.033111111111111,0.10855500730539482,0.10419865771811533,servo_0.493
11.470042956000725,0.49340000000000006,1.0,0.05748633879781418,36.35923142283563,-45.345907916602606,-1.9422059644657212,1.033111111111111,0.10855500730539482,0.11477923860381042,servo_0.493
11.471676090000074,0.49340000000000006,1.0,0.05748633879781418,36.35720668118018,-45.35111083212141,-1.9416318869366622,1.0326666666666666,0.10724810242921096,0.11477923860381042,servo_0.493
11.475465637000525,0.49340000000000006,1.0,0.05748633879781418,36.35720668118018,-45.35111083212141,-1.9416318869366622,1.0326666666666666,0.10724810242921096,0.11939169213139475,servo_0.493
11.477106643000297,0.49340000000000006,1.0,0.05748633879781418,36.3551779575212,-45.35633328516862,-1.9410013196924303,1.0302222222222222,0.10950744328159079,0.11939169213139475,servo_0.493
11.480944640000416,0.49340000000000006,1.0,0.05748633879781418,36.3551779575212,-45.35633328516862,-1.9410013196924303,1.0302222222222222,0.10950744328159079,0.16224092209584728,servo_0.493
11.482480970999859,0.49340000000000006,1.0,0.05748633879781418,36.353140597538065,-45.36158807738157,-1.94033315780191,1.0297777777777777,0.11247271793653196,0.16224092209584728,servo_0.493
11.48655286200028,0.49340000000000006,1.0,0.05748633879781418,36.353140597538065,-45.36158807738157,-1.94033315780191,1.0297777777777777,0.11247271793653196,0.18219056195309,servo_0.493
11.488280943000063,0.49340000000000006,1.0,0.05748633879781418,36.351106569696384,-45.366845956581344,-1.939503259839837,1.0315555555555556,0.12740317918432656,0.18219056195309,servo_0.493
11.489866908000295,0.49340000000000006,1.0,0.05748633879781418,36.35098160203352,-45.36716939168472,-1.939503259839837,1.033111111111111,0.12740317918432656,0.18219056195309,servo_0.493
11.491857556000468,0.49340000000000006,1.0,0.05748633879781418,36.35098160203352,-45.36716939168472,-1.939503259839837,1.033111111111111,0.12740317918432656,0.20387490172062622,servo_0.493
11.493521443000645,0.49340000000000006,1.0,0.05748633879781418,36.348976019391955,-45.37237515924977,-1.9375627983997379,1.0315555555555556,0.16185004632665678,0.20387490172062622,servo_0.493
11.494386428000325,0.49340000000000006,1.0,0.05748633879781418,36.348976019391955,-45.37237515924977,-1.9375627983997379,1.0315555555555556,0.16185004632665678,0.1985282895819127,servo_0.493
11.497483220000504,0.49340000000000006,1.0,0.05748633879781418,36.348976019391955,-45.37237515924977,-1.9375627983997379,1.0315555555555556,0.16185004632665678,0.13974145529766505,servo_0.493
11.49906595199991,0.49340000000000006,1.0,0.05748633879781418,36.347003601731885,-45.377517642058464,-1.936526906127384,1.0302222222222222,0.17285351930323356,0.13974145529766505,servo_0.493
11.502878668000449,0.49340000000000006,1.0,0.05748633879781418,36.347003601731885,-45.377517642058464,-1.936526906127384,1.0302222222222222,0.17285351930323356,0.09299160979787113,servo_0.493
11.50450066600024,0.49340000000000006,1.0,0.05748633879781418,36.34501009842142,-45.38272911859431,-1.9357632481556772,1.0286666666666666,0.162919900101563,0.09299160979787113,servo_0.493
11.508270276000076,0.49340000000000006,1.0,0.05748633879781418,36.34501009842142,-45.38272911859431,-1.9357632481556772,1.0286666666666666,0.162919900101563,0.08587060000386507,servo_0.493
11.509823632000007,0.49340000000000006,1.0,0.05748633879781418,36.34303192539256,-45.387910896373015,-1.935189909215373,1.0306666666666666,0.14194141301045543,0.08587060000386507,servo_0.493
11.51362982000046,0.49340000000000006,1.0,0.05748633879781418,36.34303192539256,-45.387910896373015,-1.935189909215373,1.0306666666666666,0.14194141301045543,0.10104125554160942,servo_0.493
11.515190504000202,0.49340000000000006,1.0,0.05748633879781418,36.3410446451151,-45.393125119853714,-1.9346652578362367,1.0353333333333334,0.1251201691084783,0.10104125554160942,servo_0.493
11.519001940000635,0.49340000000000006,1.0,0.05748633879781418,36.3410446451151,-45.393125119853714,-1.9346652578362367,1.0353333333333334,0.1251201691084783,0.11271338293434392,servo_0.493
11.52060444900053,0.49340000000000006,1.0,0.05748633879781418,36.33907324551189,-45.39830625898651,-1.934087053183742,1.0344444444444445,0.11789649503841763,0.11271338293434392,servo_0.493
11.524390827999923,0.49340000000000006,1.0,0.05748633879781418,36.33907324551189,-45.39830625898651,-1.934087053183742,1.0344444444444445,0.11789649503841763,0.09480442355188808,servo_0.493
11.525950967999961,0.49340000000000006,1.0,0.05748633879781418,36.33710821575856,-45.40347991753052,-1.9334751495607807,1.0297777777777777,0.11634156140719551,0.09480442355188808,servo_0.493
11.529869671000597,0.49340000000000006,1.0,0.05748633879781418,36.33710821575856,-45.40347991753052,-1.9334751495607807,1.0297777777777777,0.11634156140719551,0.07772743569397297,servo_0.493
11.531564535000143,0.49340000000000006,1.0,0.05748633879781418,36.33513400522984,-45.408686556298996,-1.9329637081530275,1.029111111111111,0.10988042005060328,0.07772743569397297,servo_0.493
11.535280864000015,0.49340000000000006,1.0,0.05748633879781418,36.33513400522984,-45.408686556298996,-1.9329637081530275,1.029111111111111,0.10988042005060328,0.045527783293394596,servo_0.493
11.536921007000274,0.49340000000000006,1.0,0.05748633879781418,36.33315690710559,-45.41390807344629,-1.932552763312886,1.034888888888889,0.10023452474361418,0.045527783293394596,servo_0.493
11.5406998010003,0.49340000000000006,1.0,0.05748633879781418,36.33315690710559,-45.41390807344629,-1.932552763312886,1.034888888888889,0.10023452474361418,0.057071055301261296,servo_0.493
11.542288614000427,0.49340000000000006,1.0,0.05748633879781418,36.3311539028237,-45.41920323850163,-1.9323094820341682,1.0397777777777777,0.0838225023085483,0.057071055301261296,servo_0.493
11.546248598000602,0.49340000000000006,1.0,0.05748633879781418,36.3311539028237,-45.41920323850163,-1.9323094820341682,1.0397777777777777,0.0838225023085483,0.1140231422032017,servo_0.493
11.548011847999987,0.49340000000000006,1.0,0.05748633879781418,36.329162000588965,-45.424473443715364,-1.9320014469497855,1.033111111111111,0.0757970682063622,0.1140231422032017,servo_0.493
11.551660494999851,0.49340000000000006,1.0,0.05748633879781418,36.329162000588965,-45.424473443715364,-1.9320014469497855,1.033111111111111,0.0757970682063622,0.15332848706032898,servo_0.493
11.553341087000263,0.49340000000000006,1.0,0.05748633879781418,36.32718048360653,-45.42972311094227,-1.9314350067757013,1.0284444444444445,0.08726489040541405,0.15332848706032898,servo_0.493
11.554178037999918,0.49340000000000006,1.0,0.05748633879781418,36.32718048360653,-45.42972311094227,-1.9314350067757013,1.0284444444444445,0.08726489040541405,0.195732103595384,servo_0.493
11.5558050919999,0.49340000000000006,1.0,0.05748633879781418,36.327075721431065,-45.43000089729133,-1.9314350067757013,1.0293333333333334,0.08726489040541405,0.195732103595384,servo_0.493
11.557178411000677,0.49340000000000006,1.0,0.05748633879781418,36.327075721431065,-45.43000089729133,-1.9314350067757013,1.0293333333333334,0.08726489040541405,0.23975042798886773,servo_0.493
11.558759864000422,0.49340000000000006,1.0,0.05748633879781418,36.32512998278425,-45.43517282332125,-1.9298226170745245,1.0337777777777777,0.13367840965993716,0.23975042798886773,servo_0.493
11.56263846999991,0.49340000000000006,1.0,0.05748633879781418,36.32512998278425,-45.43517282332125,-1.9298226170745245,1.0337777777777777,0.13367840965993716,0.2795106407601805,servo_0.493
11.564394327000628,0.49340000000000006,1.0,0.05748633879781418,36.32315649165084,-45.44044088874424,-1.9286344935792699,1.0344444444444445,0.16550001515861634,0.2795106407601805,servo_0.493
11.568070655000156,0.49340000000000006,1.0,0.05748633879781418,36.32315649165084,-45.44044088874424,-1.9286344935792699,1.0344444444444445,0.16550001515861634,0.3014730977693051,servo_0.493
11.569635147000554,0.49340000000000006,1.0,0.05748633879781418,36.3212032855685,-45.445675519312275,-1.9272213922486763,1.0315555555555556,0.1997032028390856,0.3014730977693051,servo_0.493
11.573494873000527,0.49340000000000006,1.0,0.05748633879781418,36.3212032855685,-45.445675519312275,-1.9272213922486763,1.0315555555555556,0.1997032028390856,0.2367882105531294,servo_0.493
11.575075429000208,0.49340000000000006,1.0,0.05748633879781418,36.319259014368306,-45.450909692253525,-1.9256933367582336,1.03,0.23023417131815144,0.2367882105531294,servo_0.493
11.578920050000306,0.49340000000000006,1.0,0.05748633879781418,36.319259014368306,-45.450909692253525,-1.9256933367582336,1.03,0.23023417131815144,0.16266334937900429,servo_0.493
11.580534751999949,0.49340000000000006,1.0,0.05748633879781418,36.317311613127146,-45.45617485946419,-1.9244217138077748,1.0302222222222222,0.2322003830886448,0.16266334937900429,servo_0.493
11.584415469000305,0.49340000000000006,1.0,0.05748633879781418,36.317311613127146,-45.45617485946419,-1.9244217138077748,1.0302222222222222,0.2322003830886448,0.07626966292515563,servo_0.493
11.58597349699994,0.49340000000000006,1.0,0.05748633879781418,36.315367755325894,-45.46144737954139,-1.9236027012176078,1.0317777777777777,0.21133927297575264,0.07626966292515563,servo_0.493
11.589865126999939,0.49340000000000006,1.0,0.05748633879781418,36.315367755325894,-45.46144737954139,-1.9236027012176078,1.0317777777777777,0.21133927297575264,0.020271670128492916,servo_0.493
11.59142958800021,0.49340000000000006,1.0,0.05748633879781418,36.313418362275904,-45.46674432647431,-1.923267930370998,1.0315555555555556,0.17081838996057352,0.020271670128492916,servo_0.493
11.59530236899991,0.49340000000000006,1.0,0.05748633879781418,36.313418362275904,-45.46674432647431,-1.923267930370998,1.0315555555555556,0.17081838996057352,0.007894770442782568,servo_0.493
11.59690750200025,0.49340000000000006,1.0,0.05748633879781418,36.311478592785136,-45.47201766861987,-1.9232898755759058,1.0306666666666666,0.12565437401094934,0.007894770442782568,servo_0.493
11.600737595000282,0.49340000000000006,1.0,0.05748633879781418,36.311478592785136,-45.47201766861987,-1.9232898755759058,1.0306666666666666,0.12565437401094934,-0.00408847060140176,servo_0.493
11.602256357999977,0.49340000000000006,1.0,0.05748633879781418,36.309547845974365,-45.47726547102308,-1.9233927946582128,1.0302222222222222,0.09032649294049931,-0.00408847060140176,servo_0.493
11.606193589000213,0.49340000000000006,1.0,0.05748633879781418,36.309547845974365,-45.47726547102308,-1.9233927946582128,1.0302222222222222,0.09032649294049931,0.018253597394647325,servo_0.493
11.607793826000488,0.49340000000000006,1.0,0.05748633879781418,36.30761006729971,-45.482530649756825,-1.9235036037280082,1.03,0.062002003877928986,0.018253597394647325,servo_0.493
11.611756338000305,0.49340000000000006,1.0,0.05748633879781418,36.30761006729971,-45.482530649756825,-1.9235036037280082,1.03,0.062002003877928986,0.06573443484058675,servo_0.493
11.613334463000683,0.49340000000000006,1.0,0.05748633879781418,36.30565617364542,-45.487838682255436,-1.9235066875830695,1.03,0.048877481932944486,0.06573443484058675,servo_0.493
11.614133814000525,0.49340000000000006,1.0,0.05748633879781418,36.30565617364542,-45.487838682255436,-1.9235066875830695,1.03,0.048877481932944486,0.12129311424830568,servo_0.493
11.615683105000244,0.49340000000000006,1.0,0.05748633879781418,36.30554231436637,-45.48814799585472,-1.9235066875830695,1.0297777777777777,0.048877481932944486,0.12129311424830568,servo_0.493
11.6174082739999,0.49340000000000006,1.0,0.05748633879781418,36.30554231436637,-45.48814799585472,-1.9235066875830695,1.0297777777777777,0.048877481932944486,0.2007064723927317,servo_0.493
11.618956381999851,0.49340000000000006,1.0,0.05748633879781418,36.30363060404555,-45.49334774183648,-1.9227166312668218,1.0322222222222222,0.0741421317381577,0.2007064723927317,servo_0.493
11.622908526000174,0.49340000000000006,1.0,0.05748633879781418,36.30363060404555,-45.49334774183648,-1.9227166312668218,1.0322222222222222,0.0741421317381577,0.2629378725204015,servo_0.493
11.624555420000434,0.49340000000000006,1.0,0.05748633879781418,36.301657053590645,-45.49872977758374,-1.9218106004969868,1.0326666666666666,0.11211143393452991,0.2629378725204015,servo_0.493
11.628702801000145,0.49340000000000006,1.0,0.05748633879781418,36.301657053590645,-45.49872977758374,-1.9218106004969868,1.0326666666666666,0.11211143393452991,0.2752496662398378,servo_0.493
11.630503172000317,0.49340000000000006,1.0,0.05748633879781418,36.29973011126584,-45.504002033866605,-1.9205915219696714,1.0284444444444445,0.1573593655102914,0.2752496662398378,servo_0.493
11.634087434000321,0.49340000000000006,1.0,0.05748633879781418,36.29973011126584,-45.504002033866605,-1.9205915219696714,1.0284444444444445,0.1573593655102914,0.2476924737021884,servo_0.493
11.63631444100065,0.49340000000000006,1.0,0.05748633879781418,36.29777952378055,-45.50935913720183,-1.9193838038882804,1.0275555555555556,0.1927264557291553,0.2476924737021884,servo_0.493
11.640256376000252,0.49340000000000006,1.0,0.05748633879781418,36.29777952378055,-45.50935913720183,-1.9193838038882804,1.0275555555555556,0.1927264557291553,0.1903589763590674,servo_0.493
11.642893859000651,0.49340000000000006,1.0,0.05748633879781418,36.295829509716995,-45.51473415745967,-1.9182588549304491,1.0322222222222222,0.20921626112106523,0.1903589763590674,servo_0.493
11.64623638500052,0.49340000000000006,1.0,0.05748633879781418,36.29387892743419,-45.52012831424635,-1.9172944715283478,1.038,0.20355907569246587,0.1903589763590674,servo_0.493
11.647362112999872,0.49340000000000006,1.0,0.05748633879781418,36.29387892743419,-45.52012831424635,-1.9172944715283478,1.038,0.20355907569246587,0.15091602929736708,servo_0.493
11.651457525000296,0.49340000000000006,1.0,0.05748633879781418,36.29387892743419,-45.52012831424635,-1.9172944715283478,1.038,0.20355907569246587,0.13952278480503433,servo_0.493
11.653409452000233,0.49340000000000006,1.0,0.05748633879781418,36.29196142677843,-45.52544570768737,-1.9164876327850078,1.0326666666666666,0.1877661617739362,0.13952278480503433,servo_0.493
11.657406365000497,0.49340000000000006,1.0,0.05748633879781418,36.29004464137168,-45.53077474062412,-1.9156624589292155,1.027111111111111,0.17329314868326562,0.13952278480503433,servo_0.493
11.658484219000457,0.49340000000000006,1.0,0.05748633879781418,36.29004464137168,-45.53077474062412,-1.9156624589292155,1.027111111111111,0.17329314868326562,0.12204259435808122,servo_0.493
11.661539954000546,0.49340000000000006,1.0,0.05748633879781418,36.29004464137168,-45.53077474062412,-1.9156624589292155,1.027111111111111,0.17329314868326562,0.07112191401846538,servo_0.493
11.664301759999944,0.49340000000000006,1.0,0.05748633879781418,36.288165985858505,-45.536010342422365,-1.9149570467425459,1.0273333333333334,0.15791798238571028,0.07112191401846538,servo_0.493
11.666102066999883,0.49340000000000006,1.0,0.05748633879781418,36.288165985858505,-45.536010342422365,-1.9149570467425459,1.0273333333333334,0.15791798238571028,0.03359020115781724,servo_0.493
11.668094507000205,0.49340000000000006,1.0,0.05748633879781418,36.28806955067459,-45.53627939492192,-1.9149570467425459,1.0344444444444445,0.15791798238571028,0.03359020115781724,servo_0.493
11.66901645300004,0.49340000000000006,1.0,0.05748633879781418,36.28806955067459,-45.53627939492192,-1.9149570467425459,1.0344444444444445,0.15791798238571028,0.06489729095786635,servo_0.493
11.670797400000083,0.49340000000000006,1.0,0.05748633879781418,36.2861920446781,-45.54152296172306,-1.9143079318723735,1.0366666666666666,0.10239247366022092,0.06489729095786635,servo_0.493
11.672675501000413,0.49340000000000006,1.0,0.05748633879781418,36.2861920446781,-45.54152296172306,-1.9143079318723735,1.0366666666666666,0.10239247366022092,0.12156619645095808,servo_0.493
11.67442105400005,0.49340000000000006,1.0,0.05748633879781418,36.28431190426486,-45.54678230008071,-1.9139413839213995,1.030888888888889,0.09114391884951453,0.12156619645095808,servo_0.493
11.678140423000514,0.49340000000000006,1.0,0.05748633879781418,36.28431190426486,-45.54678230008071,-1.9139413839213995,1.030888888888889,0.09114391884951453,0.1323718643830353,servo_0.493
11.679934746000072,0.49340000000000006,1.0,0.05748633879781418,36.2823839702404,-45.55218380466124,-1.9133133560361677,1.029111111111111,0.1002706021299476,0.1323718643830353,servo_0.493
11.684678143999918,0.49340000000000006,1.0,0.05748633879781418,36.280504884875974,-45.55745955606043,-1.9126080969494896,1.0297777777777777,0.1099009808058739,0.1323718643830353,servo_0.493
11.686428914000317,0.49340000000000006,1.0,0.05748633879781418,36.280504884875974,-45.55745955606043,-1.9126080969494896,1.0297777777777777,0.1099009808058739,0.12378601612094478,servo_0.493
11.690097081000204,0.49340000000000006,1.0,0.05748633879781418,36.27863053366753,-45.56273387320562,-1.9118918233273803,1.0335555555555556,0.11406649140039515,0.12378601612094478,servo_0.493
11.691865963000055,0.49340000000000006,1.0,0.05748633879781418,36.27863053366753,-45.56273387320562,-1.9118918233273803,1.0335555555555556,0.11406649140039515,0.14303463707787295,servo_0.493
11.695970175000184,0.49340000000000006,1.0,0.05748633879781418,36.27676708485396,-45.567989615507834,-1.9111544236297748,1.033111111111111,0.12275693510363848,0.14303463707787295,servo_0.493
11.696955931000048,0.49340000000000006,1.0,0.05748633879781418,36.27676708485396,-45.567989615507834,-1.9111544236297748,1.033111111111111,0.12275693510363848,0.19274498560345346,servo_0.493
11.700162230000387,0.49340000000000006,1.0,0.05748633879781418,36.27676708485396,-45.567989615507834,-1.9111544236297748,1.033111111111111,0.12275693510363848,0.22873627615532932,servo_0.493
11.702960485000403,0.49340000000000006,1.0,0.05748633879781418,36.274916612385816,-45.573222347042254,-1.9102555834578232,1.03,0.143753350253583,0.22873627615532932,servo_0.493
11.705459755999982,0.49340000000000006,1.0,0.05748633879781418,36.274916612385816,-45.573222347042254,-1.9102555834578232,1.03,0.143753350253583,0.22559892258840467,servo_0.493
11.707308032000583,0.49340000000000006,1.0,0.05748633879781418,36.273059023053214,-45.57849155894579,-1.909202442095207,1.0277777777777777,0.16924822802410688,0.22559892258840467,servo_0.493
11.710555004000526,0.49340000000000006,1.0,0.05748633879781418,36.273059023053214,-45.57849155894579,-1.909202442095207,1.0277777777777777,0.16924822802410688,0.17887928732222633,servo_0.493
11.712265707999904,0.49340000000000006,1.0,0.05748633879781418,36.271223471307785,-45.58371580048926,-1.9081491162226105,1.028888888888889,0.1861534363933962,0.17887928732222633,servo_0.493
11.716542629000287,0.49340000000000006,1.0,0.05748633879781418,36.271223471307785,-45.58371580048926,-1.9081491162226105,1.028888888888889,0.1861534363933962,0.14515398067335802,servo_0.493
11.718328982999992,0.49340000000000006,1.0,0.05748633879781418,36.26939117953932,-45.58894653564383,-1.9073158105381731,1.0317777777777777,0.18397119167204523,0.14515398067335802,servo_0.493
11.721142663000137,0.49340000000000006,1.0,0.05748633879781418,36.26939117953932,-45.58894653564383,-1.9073158105381731,1.0317777777777777,0.18397119167204523,0.13921141966171202,servo_0.493
11.722729492000326,0.49340000000000006,1.0,0.05748633879781418,36.2675910271285,-45.59409814249922,-1.9066198545859936,1.030888888888889,0.17232602837243904,0.13921141966171202,servo_0.493
11.726461148999988,0.49340000000000006,1.0,0.05748633879781418,36.2675910271285,-45.59409814249922,-1.9066198545859936,1.030888888888889,0.17232602837243904,0.14852064905489532,servo_0.493
11.728099339999972,0.49340000000000006,1.0,0.05748633879781418,36.26579200030462,-45.59925803306588,-1.9059267865829832,1.0302222222222222,0.16239164575922094,0.14852064905489532,servo_0.493
11.728871680999873,0.49340000000000006,1.0,0.05748633879781418,36.26579200030462,-45.59925803306588,-1.9059267865829832,1.0302222222222222,0.16239164575922094,0.13772518435874445,servo_0.493
11.73030791400015,0.49340000000000006,1.0,0.05748633879781418,36.265730941706714,-45.59943358058302,-1.9051252311020392,1.030888888888889,0.15823034674792325,0.13772518435874445,servo_0.493
11.731944344000112,0.49340000000000006,1.0,0.05748633879781418,36.265730941706714,-45.59943358058302,-1.9051252311020392,1.030888888888889,0.15823034674792325,0.1129709355788898,servo_0.493
11.733463843000209,0.49340000000000006,1.0,0.05748633879781418,36.26396403427359,-45.60452600918871,-1.9044089165944138,1.0304444444444445,0.15207879803116958,0.1129709355788898,servo_0.493
11.737340272999973,0.49340000000000006,1.0,0.05748633879781418,36.26396403427359,-45.60452600918871,-1.9044089165944138,1.0304444444444445,0.15207879803116958,0.09290253538178639,servo_0.493
11.738754361000247,0.49340000000000006,1.0,0.05748633879781418,36.26218078685279,-45.60967652262707,-1.9038031984744723,1.0293333333333334,0.14034643929548563,0.09290253538178639,servo_0.493
11.74233961400023,0.49340000000000006,1.0,0.05748633879781418,36.26218078685279,-45.60967652262707,-1.9038031984744723,1.0293333333333334,0.14034643929548563,0.0987945296222345,servo_0.493
11.743665476000388,0.49340000000000006,1.0,0.05748633879781418,36.260399077058345,-45.614831586869755,-1.9033301674551986,1.0317777777777777,0.12611326812137585,0.0987945296222345,servo_0.493
11.74776952800039,0.49340000000000006,1.0,0.05748633879781418,36.260399077058345,-45.614831586869755,-1.9033301674551986,1.0317777777777777,0.12611326812137585,0.12554138881920007,servo_0.493
11.749462696000592,0.49340000000000006,1.0,0.05748633879781418,36.258609004528104,-45.62001801779554,-1.9029493602217247,1.0366666666666666,0.11791764657163345,0.12554138881920007,servo_0.493
11.753297396000562,0.49340000000000006,1.0,0.05748633879781418,36.258609004528104,-45.62001801779554,-1.9029493602217247,1.0366666666666666,0.11791764657163345,0.17021792179847525,servo_0.493
11.754801054999916,0.49340000000000006,1.0,0.05748633879781418,36.25681902258877,-45.62521172931297,-1.9024342038737896,1.0335555555555556,0.12020476924590343,0.17021792179847525,servo_0.493
11.758523496000635,0.49340000000000006,1.0,0.05748633879781418,36.25681902258877,-45.62521172931297,-1.9024342038737896,1.0335555555555556,0.12020476924590343,0.19883636738576443,servo_0.493
11.759986929000661,0.49340000000000006,1.0,0.05748633879781418,36.254983161237995,-45.63054935594043,-1.9017031746647222,1.0282222222222221,0.13520871501167497,0.19883636738576443,servo_0.493
11.765258406000612,0.49340000000000006,1.0,0.05748633879781418,36.2531612337576,-45.635859915480616,-1.9008764939689897,1.026888888888889,0.15429701072390178,0.19883636738576443,servo_0.493
11.766398598000706,0.49340000000000006,1.0,0.05748633879781418,36.2531612337576,-45.635859915480616,-1.9008764939689897,1.026888888888889,0.15429701072390178,0.20093041095089376,servo_0.493
11.769980652000413,0.49340000000000006,1.0,0.05748633879781418,36.2531612337576,-45.635859915480616,-1.9008764939689897,1.026888888888889,0.15429701072390178,0.21661195233187777,servo_0.493
11.772508402999847,0.49340000000000006,1.0,0.05748633879781418,36.25133910385278,-45.64118584298753,-1.8999992889932709,1.0326666666666666,0.16828703079199936,0.21661195233187777,servo_0.493
11.775019802000315,0.49340000000000006,1.0,0.05748633879781418,36.25133910385278,-45.64118584298753,-1.8999992889932709,1.0326666666666666,0.16828703079199936,0.24818762192786137,servo_0.493
11.776675433000491,0.49340000000000006,1.0,0.05748633879781418,36.24951483410007,-45.646533694586644,-1.8990811365755016,1.037111111111111,0.1827845072539629,0.24818762192786137,servo_0.493
11.781517938000434,0.49340000000000006,1.0,0.05748633879781418,36.247706527360705,-45.65185295823537,-1.8979066641768267,1.0306666666666666,0.20240544165613245,0.24818762192786137,servo_0.493
11.783227746000193,0.49340000000000006,1.0,0.05748633879781418,36.247706527360705,-45.65185295823537,-1.8979066641768267,1.0306666666666666,0.20240544165613245,0.27182718798870653,servo_0.493
11.787411513000734,0.49340000000000006,1.0,0.05748633879781418,36.245724874760086,-45.65770609384713,-1.8965849012868456,1.0273333333333334,0.2232319655559047,0.27182718798870653,servo_0.493
11.789031526000144,0.49340000000000006,1.0,0.05748633879781418,36.245724874760086,-45.65770609384713,-1.8965849012868456,1.0273333333333334,0.2232319655559047,0.20210298413409883,servo_0.493
11.792366884999865,0.49340000000000006,1.0,0.05748633879781418,36.245724874760086,-45.65770609384713,-1.8965849012868456,1.0273333333333334,0.2232319655559047,0.10105474611700635,servo_0.493
11.794338491999952,0.49340000000000006,1.0,0.05748633879781418,36.24392104814237,-45.663054739684384,-1.8955491509194315,1.0286666666666666,0.2168932711293629,0.10105474611700635,servo_0.493
11.795221076999951,0.49340000000000006,1.0,0.05748633879781418,36.24392104814237,-45.663054739684384,-1.8955491509194315,1.0286666666666666,0.2168932711293629,0.04199603221378601,servo_0.493
11.796920677000344,0.49340000000000006,1.0,0.05748633879781418,36.243821635476074,-45.66335001968015,-1.8955491509194315,1.0342222222222222,0.2168932711293629,0.04199603221378601,servo_0.493
11.798559124000349,0.49340000000000006,1.0,0.05748633879781418,36.242037940759495,-45.66865621815411,-1.8946157722272186,1.0337777777777777,0.14009800920209492,0.04199603221378601,servo_0.493
11.799450029000582,0.49340000000000006,1.0,0.05748633879781418,36.242037940759495,-45.66865621815411,-1.8946157722272186,1.0337777777777777,0.14009800920209492,0.07254005562131097,servo_0.493
11.803016754000055,0.49340000000000006,1.0,0.05748633879781418,36.242037940759495,-45.66865621815411,-1.8946157722272186,1.0337777777777777,0.14009800920209492,0.13423141661418314,servo_0.493
11.80464227199991,0.49340000000000006,1.0,0.05748633879781418,36.24025997033465,-45.67395798078801,-1.8941140400988856,1.0295555555555556,0.11983062312785972,0.13423141661418314,servo_0.493
11.809586476000732,0.49340000000000006,1.0,0.05748633879781418,36.23847805993837,-45.679283207564715,-1.893289089959258,1.0273333333333334,0.12415086117375673,0.13423141661418314,servo_0.493
11.810477317000732,0.49340000000000006,1.0,0.05748633879781418,36.23847805993837,-45.679283207564715,-1.893289089959258,1.0273333333333334,0.12415086117375673,0.11002881668700318,servo_0.493
11.815406768000685,0.49340000000000006,1.0,0.05748633879781418,36.23668880934531,-45.684643296176446,-1.892662352822351,1.028,0.11991424782773066,0.11002881668700318,servo_0.493
11.816649811000389,0.49340000000000006,1.0,0.05748633879781418,36.23668880934531,-45.684643296176446,-1.892662352822351,1.028,0.11991424782773066,0.053325011300063806,servo_0.493
11.821081200000663,0.49340000000000006,1.0,0.05748633879781418,36.23668880934531,-45.684643296176446,-1.892662352822351,1.028,0.11991424782773066,0.05642287518144964,servo_0.493
11.823391666000134,0.49340000000000006,1.0,0.05748633879781418,36.234902041377175,-45.69000481362503,-1.892295600435437,1.0326666666666666,0.0999374768694306,0.05642287518144964,servo_0.493
11.82640087100026,0.49340000000000006,1.0,0.05748633879781418,36.23310057041009,-45.69541656581939,-1.8919843455070788,1.0324444444444445,0.0868830963630363,0.05642287518144964,servo_0.493
11.827513382000689,0.49340000000000006,1.0,0.05748633879781418,36.23310057041009,-45.69541656581939,-1.8919843455070788,1.0324444444444445,0.0868830963630363,0.11238980053952088,servo_0.493
11.831764350999947,0.49340000000000006,1.0,0.05748633879781418,36.23310057041009,-45.69541656581939,-1.8919843455070788,1.0324444444444445,0.0868830963630363,0.16981020848034092,servo_0.493
11.833702709000136,0.49340000000000006,1.0,0.05748633879781418,36.23130312996708,-45.70082380633453,-1.8914534927298765,1.0277777777777777,0.09453510761598168,0.16981020848034092,servo_0.493
11.83701243500036,0.49340000000000006,1.0,0.05748633879781418,36.23130312996708,-45.70082380633453,-1.8914534927298765,1.0277777777777777,0.09453510761598168,0.16981020848034092,servo_0.493
11.838664674000029,0.49340000000000006,1.0,0.05748633879781418,36.229279633674025,-45.70693435788451,-1.889703907874788,1.0273333333333334,0.11711763787528945,0.16981020848034092,servo_0.493
11.83941323900035,0.49340000000000006,1.0,0.05748633879781418,36.229279633674025,-45.70693435788451,-1.889703907874788,1.0273333333333334,0.11711763787528945,0.12830480127956398,servo_0.493
11.840819007000391,0.49340000000000006,1.0,0.05748633879781418,36.22918711899245,-45.70721455472962,-1.889703907874788,1.029111111111111,0.11711763787528945,0.12830480127956398,servo_0.493
11.84294565900018,0.49340000000000006,1.0,0.05748633879781418,36.2274745610915,-45.71240703736427,-1.8890499204648816,1.0313333333333334,0.1315392267236326,0.12830480127956398,servo_0.493
11.843724848999955,0.49340000000000006,1.0,0.05748633879781418,36.2274745610915,-45.71240703736427,-1.8890499204648816,1.0313333333333334,0.1315392267236326,0.1014272807416164,servo_0.493
11.847770338999908,0.49340000000000006,1.0,0.05748633879781418,36.2274745610915,-45.71240703736427,-1.8890499204648816,1.0313333333333334,0.1315392267236326,0.12625415891782457,servo_0.493
11.850527921000321,0.49340000000000006,1.0,0.05748633879781418,36.22574135687726,-45.71767272136733,-1.8885058976186608,1.0306666666666666,0.12250564292902774,0.12625415891782457,servo_0.493
11.853412099000707,0.49340000000000006,1.0,0.05748633879781418,36.22574135687726,-45.71767272136733,-1.8885058976186608,1.0306666666666666,0.12250564292902774,0.14898022743525893,servo_0.493
11.855012112000622,0.49340000000000006,1.0,0.05748633879781418,36.223991412328516,-45.72299999560175,-1.8878532479883638,1.0315555555555556,0.12363019772566677,0.14898022743525893,servo_0.493
11.858670647000508,0.49340000000000006,1.0,0.05748633879781418,36.223991412328516,-45.72299999560175,-1.8878532479883638,1.0315555555555556,0.12363019772566677,0.17487885318027743,servo_0.493
11.86023293100061,0.49340000000000006,1.0,0.05748633879781418,36.22223259965184,-45.728367123453516,-1.8870850781226967,1.0317777777777777,0.1312352066385444,0.17487885318027743,servo_0.493
11.864002062000509,0.49340000000000006,1.0,0.05748633879781418,36.22223259965184,-45.728367123453516,-1.8870850781226967,1.0317777777777777,0.1312352066385444,0.16928493324483643,servo_0.493
11.865338579999843,0.49340000000000006,1.0,0.05748633879781418,36.220503168215146,-45.73365972409106,-1.8861607005117684,1.0295555555555556,0.1443283006010643,0.16928493324483643,servo_0.493
11.869377605999944,0.49340000000000006,1.0,0.05748633879781418,36.220503168215146,-45.73365972409106,-1.8861607005117684,1.0295555555555556,0.1443283006010643,0.1496017925889266,servo_0.493
11.87070170700008,0.49340000000000006,1.0,0.05748633879781418,36.21878130338223,-45.73894529866224,-1.885282567799098,1.0273333333333334,0.15181529039419595,0.1496017925889266,servo_0.493
11.87537153500034,0.49340000000000006,1.0,0.05748633879781418,36.21878130338223,-45.73894529866224,-1.885282567799098,1.0273333333333334,0.15181529039419595,0.13846648357054642,servo_0.493
11.877382952000517,0.49340000000000006,1.0,0.05748633879781418,36.217055573062154,-45.7442574059557,-1.8845339541307184,1.03,0.15115124105261513,0.13846648357054642,servo_0.493
11.880504481000571,0.49340000000000006,1.0,0.05748633879781418,36.217055573062154,-45.7442574059557,-1.8845339541307184,1.03,0.15115124105261513,0.14191669198652815,servo_0.493
11.88224414600063,0.49340000000000006,1.0,0.05748633879781418,36.215318197824615,-45.74961782071075,-1.8839159128984015,1.0346666666666666,0.1473458138079945,0.14191669198652815,servo_0.493
11.886015388000487,0.49340000000000006,1.0,0.05748633879781418,36.215318197824615,-45.74961782071075,-1.8839159128984015,1.0346666666666666,0.1473458138079945,0.14682641254841416,servo_0.493
11.887743565000164,0.49340000000000006,1.0,0.05748633879781418,36.21357631393193,-45.75500299854744,-1.8833515977331148,1.0297777777777777,0.14571707726155458,0.14682641254841416,servo_0.493
11.891527640000277,0.49340000000000006,1.0,0.05748633879781418,36.21357631393193,-45.75500299854744,-1.8833515977331148,1.0297777777777777,0.14571707726155458,0.13092251386116532,servo_0.493
11.893265993000568,0.49340000000000006,1.0,0.05748633879781418,36.211844367101776,-45.76036768514376,-1.8827989363324544,1.0266666666666666,0.14604987784761245,0.13092251386116532,servo_0.493
11.894700530000591,0.49340000000000006,1.0,0.05748633879781418,36.2117401987166,-45.76069065081291,-1.8827989363324544,1.0275555555555556,0.14604987784761245,0.13092251386116532,servo_0.493
11.896857359000023,0.49340000000000006,1.0,0.05748633879781418,36.2117401987166,-45.76069065081291,-1.8827989363324544,1.0275555555555556,0.14604987784761245,0.09622562778998726,servo_0.493
11.898411226999997,0.49340000000000006,1.0,0.05748633879781418,36.21003314002808,-45.76599168620676,-1.881868773697322,1.0324444444444445,0.12792585639317097,0.09622562778998726,servo_0.493
11.899106414000016,0.49340000000000006,1.0,0.05748633879781418,36.21003314002808,-45.76599168620676,-1.881868773697322,1.0324444444444445,0.12792585639317097,0.0803739353824824,servo_0.493
11.902330442000675,0.49340000000000006,1.0,0.05748633879781418,36.21003314002808,-45.76599168620676,-1.881868773697322,1.0324444444444445,0.12792585639317097,0.12257019153716113,servo_0.493
11.903803699000491,0.49340000000000006,1.0,0.05748633879781418,36.20835273179857,-45.7712210870126,-1.8815573079648482,1.0324444444444445,0.1136602800899644,0.12257019153716113,servo_0.493
11.90771629000028,0.49340000000000006,1.0,0.05748633879781418,36.20835273179857,-45.7712210870126,-1.8815573079648482,1.0324444444444445,0.1136602800899644,0.19437590545501798,servo_0.493
11.909148746000028,0.49340000000000006,1.0,0.05748633879781418,36.20666642407799,-45.77647721064242,-1.8809417011365022,1.028,0.11633325352412341,0.19437590545501798,servo_0.493
11.913321376000567,0.49340000000000006,1.0,0.05748633879781418,36.20666642407799,-45.77647721064242,-1.8809417011365022,1.028,0.11633325352412341,0.20492753278623685,servo_0.493
11.915090641999996,0.49340000000000006,1.0,0.05748633879781418,36.20498242294697,-45.78173958840613,-1.8800707166753716,1.0255555555555556,0.13974604910339178,0.20492753278623685,servo_0.493
11.920872118000261,0.49340000000000006,1.0,0.05748633879781418,36.203282538172495,-45.7870674181849,-1.8792176997774446,1.0255555555555556,0.1593004942082453,0.20492753278623685,servo_0.493
11.92282842900022,0.49340000000000006,1.0,0.05748633879781418,36.203282538172495,-45.7870674181849,-1.8792176997774446,1.0255555555555556,0.1593004942082453,0.19373563159469248,servo_0.493
11.925158927000666,0.49340000000000006,1.0,0.05748633879781418,36.20158350556262,-45.79240763553657,-1.8784371693223458,1.03,0.16963103542417943,0.19373563159469248,servo_0.493
11.926154571000552,0.49340000000000006,1.0,0.05748633879781418,36.20158350556262,-45.79240763553657,-1.8784371693223458,1.03,0.16963103542417943,0.22660298425363498,servo_0.493
11.929675502999999,0.49340000000000006,1.0,0.05748633879781418,36.20158350556262,-45.79240763553657,-1.8784371693223458,1.03,0.16963103542417943,0.26976252241935217,servo_0.493
11.932541184000002,0.49340000000000006,1.0,0.05748633879781418,36.199879766434144,-45.79777919379492,-1.87743711804837,1.030888888888889,0.1867226200730161,0.26976252241935217,servo_0.493
11.934988613000314,0.49340000000000006,1.0,0.05748633879781418,36.199879766434144,-45.79777919379492,-1.87743711804837,1.030888888888889,0.1867226200730161,0.2504826842210212,servo_0.493
11.93670427699999,0.49340000000000006,1.0,0.05748633879781418,36.1981900282612,-45.80312704333419,-1.8762341452851001,1.026888888888889,0.21163459077691693,0.2504826842210212,servo_0.493
11.940457088000585,0.49340000000000006,1.0,0.05748633879781418,36.1981900282612,-45.80312704333419,-1.8762341452851001,1.026888888888889,0.21163459077691693,0.17318190357843577,servo_0.493
11.942125551000572,0.49340000000000006,1.0,0.05748633879781418,36.19652757900653,-45.80840974485115,-1.875128445437494,1.0246666666666666,0.22328901881014818,0.17318190357843577,servo_0.493
11.948391456000536,0.49340000000000006,1.0,0.05748633879781418,36.19479602805747,-45.81393066775032,-1.8743000970598191,1.0264444444444445,0.20825688424063443,0.17318190357843577,servo_0.493
11.949331994000204,0.49340000000000006,1.0,0.05748633879781418,36.19479602805747,-45.81393066775032,-1.8743000970598191,1.0264444444444445,0.20825688424063443,0.12281847305216217,servo_0.493
11.953064964000077,0.49340000000000006,1.0,0.05748633879781418,36.19479602805747,-45.81393066775032,-1.8743000970598191,1.0264444444444445,0.20825688424063443,0.12542710591892203,servo_0.493
11.955616524000106,0.49340000000000006,1.0,0.05748633879781418,36.19305518983596,-45.81949526401591,-1.873684984532263,1.031111111111111,0.18262536088409273,0.12542710591892203,servo_0.493
11.956457252000291,0.49340000000000006,1.0,0.05748633879781418,36.19305518983596,-45.81949526401591,-1.873684984532263,1.031111111111111,0.18262536088409273,0.1534581164263886,servo_0.493
11.958068145000652,0.49340000000000006,1.0,0.05748633879781418,36.19297081989372,-45.819765244237594,-1.873684984532263,1.0306666666666666,0.18262536088409273,0.1534581164263886,servo_0.493
11.958875912000622,0.49340000000000006,1.0,0.05748633879781418,36.19297081989372,-45.819765244237594,-1.873684984532263,1.0306666666666666,0.18262536088409273,0.17716600921395112,servo_0.493
11.9604317000003,0.49340000000000006,1.0,0.05748633879781418,36.19132057123823,-45.82506023596717,-1.8721504767339947,1.029111111111111,0.16186355400409563,0.17716600921395112,servo_0.493
11.96326106000015,0.49340000000000006,1.0,0.05748633879781418,36.19132057123823,-45.82506023596717,-1.8721504767339947,1.029111111111111,0.16186355400409563,0.15299084816837738,servo_0.493
11.965042103000087,0.49340000000000006,1.0,0.05748633879781418,36.18962857351331,-45.83051297450329,-1.8712052009162714,1.0293333333333334,0.16645429056705227,0.15299084816837738,servo_0.493
11.968991493999965,0.49340000000000006,1.0,0.05748633879781418,36.1879512920249,-45.83593516156228,-1.8703882871746256,1.0304444444444445,0.16241525784744978,0.15299084816837738,servo_0.493
11.969773564000207,0.49340000000000006,1.0,0.05748633879781418,36.1879512920249,-45.83593516156228,-1.8703882871746256,1.0304444444444445,0.16241525784744978,0.11859755413908994,servo_0.493
11.975323800999831,0.49340000000000006,1.0,0.05748633879781418,36.18628392156623,-45.84133894300002,-1.8697802657765885,1.03,0.14926994673494182,0.11859755413908994,servo_0.493
11.976676832000521,0.49340000000000006,1.0,0.05748633879781418,36.18628392156623,-45.84133894300002,-1.8697802657765885,1.03,0.14926994673494182,0.10918070807073223,servo_0.493
11.979928252000718,0.49340000000000006,1.0,0.05748633879781418,36.18628392156623,-45.84133894300002,-1.8697802657765885,1.03,0.14926994673494182,0.13616862495824197,servo_0.493
11.984351449000314,0.49340000000000006,1.0,0.05748633879781418,36.184599266330125,-45.846810054253005,-1.8692231054415067,1.0297777777777777,0.13724317513567894,0.13616862495824197,servo_0.493
11.98782271500022,0.49340000000000006,1.0,0.05748633879781418,36.18290581031844,-45.852321780076466,-1.868551992091452,1.0315555555555556,0.13692081008244783,0.13616862495824197,servo_0.493
11.989289539999845,0.49340000000000006,1.0,0.05748633879781418,36.18290581031844,-45.852321780076466,-1.868551992091452,1.0315555555555556,0.13692081008244783,0.14530747862068746,servo_0.493
11.991807435000737,0.49340000000000006,1.0,0.05748633879781418,36.181187388395635,-45.85792824108021,-1.8678729906695721,1.0304444444444445,0.13943681064391972,0.14530747862068746,servo_0.493
11.992782983000325,0.49340000000000006,1.0,0.05748633879781418,36.181187388395635,-45.85792824108021,-1.8678729906695721,1.0304444444444445,0.13943681064391972,0.13716863362518833,servo_0.493
11.996355371999925,0.49340000000000006,1.0,0.05748633879781418,36.181187388395635,-45.85792824108021,-1.8678729906695721,1.0304444444444445,0.13943681064391972,0.13869157893930695,servo_0.493
11.998024123000505,0.49340000000000006,1.0,0.05748633879781418,36.17952172574369,-45.86337629757122,-1.8671398768806806,1.0275555555555556,0.1387563575383003,0.13869157893930695,servo_0.493
11.999335296000027,0.49340000000000006,1.0,0.05748633879781418,36.17944302426777,-45.86363405257392,-1.8671398768806806,1.0286666666666666,0.1387563575383003,0.13869157893930695,servo_0.493
12.001596672000233,0.49340000000000006,1.0,0.05748633879781418,36.17944302426777,-45.86363405257392,-1.8671398768806806,1.0286666666666666,0.1387563575383003,0.13799494593241265,servo_0.493
12.00288877300045,0.49340000000000006,1.0,0.05748633879781418,36.17782391637107,-45.86895118436069,-1.8656271912595785,1.0326666666666666,0.13851433055074538,0.13799494593241265,servo_0.493
12.003493109999908,0.49340000000000006,1.0,0.05748633879781418,36.17782391637107,-45.86895118436069,-1.8656271912595785,1.0326666666666666,0.13851433055074538,0.16006588514406594,servo_0.493
12.007063547000143,0.49340000000000006,1.0,0.05748633879781418,36.17782391637107,-45.86895118436069,-1.8656271912595785,1.0326666666666666,0.13851433055074538,0.17683854026841225,servo_0.493
12.008467394000036,0.49340000000000006,1.0,0.05748633879781418,36.176242306353274,-45.8741673564769,-1.864768824652108,1.033111111111111,0.14497979692874155,0.17683854026841225,servo_0.493
12.012654232999921,0.49340000000000006,1.0,0.05748633879781418,36.176242306353274,-45.8741673564769,-1.864768824652108,1.033111111111111,0.14497979692874155,0.18813095914635028,servo_0.493
12.014383978000296,0.49340000000000006,1.0,0.05748633879781418,36.17465127937784,-45.87943132805013,-1.8638603616933112,1.0286666666666666,0.15453741993064277,0.18813095914635028,servo_0.493
12.017993968000155,0.49340000000000006,1.0,0.05748633879781418,36.17465127937784,-45.87943132805013,-1.8638603616933112,1.0286666666666666,0.15453741993064277,0.17731805906743783,servo_0.493
12.019325013000525,0.49340000000000006,1.0,0.05748633879781418,36.17303235531432,-45.884806015064584,-1.8628703011230132,1.027111111111111,0.164615481695355,0.17731805906743783,servo_0.493
12.023274404999938,0.49340000000000006,1.0,0.05748633879781418,36.17303235531432,-45.884806015064584,-1.8628703011230132,1.027111111111111,0.164615481695355,0.13947403231232905,servo_0.493
12.0248881790003,0.49340000000000006,1.0,0.05748633879781418,36.17142929521361,-45.890146001862526,-1.8620015413899798,1.0277777777777777,0.16842625490697985,0.13947403231232905,servo_0.493
12.02918925999984,0.49340000000000006,1.0,0.05748633879781418,36.169847195271466,-45.89543130220704,-1.8612928251142733,1.0317777777777777,0.1597405881285846,0.13947403231232905,servo_0.493
12.029832414000339,0.49340000000000006,1.0,0.05748633879781418,36.169847195271466,-45.89543130220704,-1.8612928251142733,1.0317777777777777,0.1597405881285846,0.14198075765550136,servo_0.493
12.034485890000724,0.49340000000000006,1.0,0.05748633879781418,36.16826610573631,-45.90072658919904,-1.8606147831322795,1.0317777777777777,0.1544126389866596,0.14198075765550136,servo_0.493
12.035123059999933,0.49340000000000006,1.0,0.05748633879781418,36.16826610573631,-45.90072658919904,-1.8606147831322795,1.0317777777777777,0.1544126389866596,0.16562633247355601,servo_0.493
12.039889563000543,0.49340000000000006,1.0,0.05748633879781418,36.1666931693126,-45.90600779866811,-1.8599191936559634,1.0282222222222221,0.15777674703272854,0.16562633247355601,servo_0.493
12.040557870000157,0.49340000000000006,1.0,0.05748633879781418,36.1666931693126,-45.90600779866811,-1.8599191936559634,1.0282222222222221,0.15777674703272854,0.1751277921631726,servo_0.493
12.04471830700004,0.49340000000000006,1.0,0.05748633879781418,36.1666931693126,-45.90600779866811,-1.8599191936559634,1.0282222222222221,0.15777674703272854,0.1531827455696744,servo_0.493
12.046115914999973,0.49340000000000006,1.0,0.05748633879781418,36.16512749244516,-45.911278655136066,-1.859158994494191,1.0255555555555556,0.16298206057186174,0.1531827455696744,servo_0.493
12.051873133999834,0.49340000000000006,1.0,0.05748633879781418,36.16355113540592,-45.916599299296884,-1.858499589141779,1.0266666666666666,0.16004226607120553,0.1531827455696744,servo_0.493
12.05318737900052,0.49340000000000006,1.0,0.05748633879781418,36.16355113540592,-45.916599299296884,-1.858499589141779,1.0266666666666666,0.16004226607120553,0.128879652923236,servo_0.493
12.058536202000141,0.49340000000000006,1.0,0.05748633879781418,36.161952164030545,-45.92200854597326,-1.8579228537240482,1.032888888888889,0.15069348212681466,0.128879652923236,servo_0.493
12.059835695000402,0.49340000000000006,1.0,0.05748633879781418,36.161952164030545,-45.92200854597326,-1.8579228537240482,1.032888888888889,0.15069348212681466,0.15160698644218815,servo_0.493
12.06175184499989,0.49340000000000006,1.0,0.05748633879781418,36.161952164030545,-45.92200854597326,-1.8579228537240482,1.032888888888889,0.15069348212681466,0.1793125503420686,servo_0.493
12.063399603000107,0.49340000000000006,1.0,0.05748633879781418,36.16031295180446,-45.92756675455999,-1.8572444552147043,1.032888888888889,0.15096753342142671,0.1793125503420686,servo_0.493
12.065951036000115,0.49340000000000006,1.0,0.05748633879781418,36.160197145123824,-45.92795992105781,-1.8572444552147043,1.0293333333333334,0.15096753342142671,0.1793125503420686,servo_0.493
12.067437286000313,0.49340000000000006,1.0,0.05748633879781418,36.15860324663948,-45.933378915408944,-1.856477107327965,1.0284444444444445,0.15947103849761926,0.1793125503420686,servo_0.493
12.06827449299999,0.49340000000000006,1.0,0.05748633879781418,36.15860324663948,-45.933378915408944,-1.856477107327965,1.0284444444444445,0.15947103849761926,0.19732933445915904,servo_0.493
12.069508831999883,0.49340000000000006,1.0,0.05748633879781418,36.15860324663948,-45.933378915408944,-1.856477107327965,1.0284444444444445,0.15947103849761926,0.18249089994502368,servo_0.493
12.072892447999948,0.49340000000000006,1.0,0.05748633879781418,36.15860324663948,-45.933378915408944,-1.856477107327965,1.0284444444444445,0.15947103849761926,0.14273826053806077,servo_0.493
12.074350472999868,0.49340000000000006,1.0,0.05748633879781418,36.157018432153286,-45.93879132097921,-1.8548132349655653,1.031111111111111,0.17432723908376394,0.14273826053806077,servo_0.493
12.078022385000622,0.49340000000000006,1.0,0.05748633879781418,36.157018432153286,-45.93879132097921,-1.8548132349655653,1.031111111111111,0.17432723908376394,0.12854070741787457,servo_0.493
12.079337046000546,0.49340000000000006,1.0,0.05748633879781418,36.15544610652077,-45.94418336374171,-1.8542467932770836,1.0344444444444445,0.164850545520053,0.12854070741787457,servo_0.493
12.083421418000398,0.49340000000000006,1.0,0.05748633879781418,36.15544610652077,-45.94418336374171,-1.8542467932770836,1.0344444444444445,0.164850545520053,0.12774001971376384,servo_0.493
12.084777584000221,0.49340000000000006,1.0,0.05748633879781418,36.15389570632184,-45.94951129595177,-1.85369534287215,1.0313333333333334,0.15395759408939946,0.12774001971376384,servo_0.493
12.088975143000425,0.49340000000000006,1.0,0.05748633879781418,36.15389570632184,-45.94951129595177,-1.85369534287215,1.0313333333333334,0.15395759408939946,0.12368736264731416,servo_0.493
12.09036305400059,0.49340000000000006,1.0,0.05748633879781418,36.15234716260176,-45.95484388756852,-1.853135873395206,1.0297777777777777,0.14609232177670878,0.12368736264731416,servo_0.493
12.094168440999965,0.49340000000000006,1.0,0.05748633879781418,36.15234716260176,-45.95484388756852,-1.853135873395206,1.0297777777777777,0.14609232177670878,0.0973424327154904,servo_0.493
12.09545110199997,0.49340000000000006,1.0,0.05748633879781418,36.15079270096961,-45.96020848423623,-1.852534370128689,1.0293333333333334,0.13937083403789038,0.0973424327154904,servo_0.493
12.099693654000475,0.49340000000000006,1.0,0.05748633879781418,36.15079270096961,-45.96020848423623,-1.852534370128689,1.0293333333333334,0.13937083403789038,0.08099366129052224,servo_0.493
12.101105054000072,0.49340000000000006,1.0,0.05748633879781418,36.14925580470824,-45.965523700989415,-1.8520051144201988,1.03,0.12676231364117038,0.08099366129052224,servo_0.493
12.104961643000024,0.49340000000000006,1.0,0.05748633879781418,36.14925580470824,-45.965523700989415,-1.8520051144201988,1.03,0.12676231364117038,0.11933480867498635,servo_0.493
12.106314257000122,0.49340000000000006,1.0,0.05748633879781418,36.14771651422763,-45.970857700804665,-1.8514833708594205,1.0304444444444445,0.11303171793597594,0.11933480867498635,servo_0.493
12.110820175999834,0.49340000000000006,1.0,0.05748633879781418,36.14771651422763,-45.970857700804665,-1.8514833708594205,1.0304444444444445,0.11303171793597594,0.14826566802527705,servo_0.493
12.112571266000487,0.49340000000000006,1.0,0.05748633879781418,36.146173646194306,-45.976216797368444,-1.8507423042179856,1.031111111111111,0.11492264515767905,0.14826566802527705,servo_0.493
12.116185640000367,0.49340000000000006,1.0,0.05748633879781418,36.146173646194306,-45.976216797368444,-1.8507423042179856,1.031111111111111,0.11492264515767905,0.14481279644820524,servo_0.493
12.118043420000504,0.49340000000000006,1.0,0.05748633879781418,36.14461555793587,-45.98164471621421,-1.8499200203353614,1.031111111111111,0.12492555201795844,0.14481279644820524,servo_0.493
12.121482110000215,0.49340000000000006,1.0,0.05748633879781418,36.14461555793587,-45.98164471621421,-1.8499200203353614,1.031111111111111,0.12492555201795844,0.12640185616740468,servo_0.493
12.123173453000163,0.49340000000000006,1.0,0.05748633879781418,36.14307884192398,-45.98701463319939,-1.8491168557161612,1.0286666666666666,0.13089172534703247,0.12640185616740468,servo_0.493
12.124711321000177,0.49340000000000006,1.0,0.05748633879781418,36.1429839127989,-45.987346858888685,-1.8491168557161612,1.0273333333333334,0.13089172534703247,0.12640185616740468,servo_0.493
12.126886166000077,0.49340000000000006,1.0,0.05748633879781418,36.1429839127989,-45.987346858888685,-1.8491168557161612,1.0273333333333334,0.13089172534703247,0.10616044204560858,servo_0.493
12.128465667000455,0.49340000000000006,1.0,0.05748633879781418,36.14144853689422,-45.99273251099324,-1.8479138360259026,1.0282222222222221,0.12252946782888346,0.10616044204560858,servo_0.493
12.129240889000357,0.49340000000000006,1.0,0.05748633879781418,36.14144853689422,-45.99273251099324,-1.8479138360259026,1.0282222222222221,0.12252946782888346,0.09578655575001727,servo_0.493
12.132728188000328,0.49340000000000006,1.0,0.05748633879781418,36.14144853689422,-45.99273251099324,-1.8479138360259026,1.0282222222222221,0.12252946782888346,0.08782010882320873,servo_0.493
12.134394059000442,0.49340000000000006,1.0,0.05748633879781418,36.139944836600314,-45.998023881081075,-1.8474395662587437,1.0302222222222222,0.1145065942052236,0.08782010882320873,servo_0.493
12.13789111799997,0.49340000000000006,1.0,0.05748633879781418,36.139944836600314,-45.998023881081075,-1.8474395662587437,1.0302222222222222,0.1145065942052236,0.09399453961963816,servo_0.493
12.139250484000513,0.49340000000000006,1.0,0.05748633879781418,36.13839856316319,-46.00347461982305,-1.8469915508603343,1.03,0.10650064859061913,0.09399453961963816,servo_0.493
12.143235717000607,0.49340000000000006,1.0,0.05748633879781418,36.13839856316319,-46.00347461982305,-1.8469915508603343,1.03,0.10650064859061913,0.12263439868656727,servo_0.493
12.144611820000137,0.49340000000000006,1.0,0.05748633879781418,36.1369011876741,-46.008762592658705,-1.8464858118472594,1.0277777777777777,0.10274881589932483,0.12263439868656727,servo_0.493
12.148627421000128,0.49340000000000006,1.0,0.05748633879781418,36.1369011876741,-46.008762592658705,-1.8464858118472594,1.0277777777777777,0.10274881589932483,0.14181875423744048,servo_0.493
12.150127720000455,0.49340000000000006,1.0,0.05748633879781418,36.13540152340607,-46.014070739774944,-1.8457970576372063,1.0253333333333334,0.10871449073549755,0.14181875423744048,servo_0.493
12.154231260000415,0.49340000000000006,1.0,0.05748633879781418,36.13540152340607,-46.014070739774944,-1.8457970576372063,1.0253333333333334,0.10871449073549755,0.17561338629843493,servo_0.493
12.155987341000582,0.49340000000000006,1.0,0.05748633879781418,36.13389714568481,-46.01941067270658,-1.8450055864911006,1.025111111111111,0.11864576978608044,0.17561338629843493,servo_0.493
12.159619796000698,0.49340000000000006,1.0,0.05748633879781418,36.13389714568481,-46.01941067270658,-1.8450055864911006,1.025111111111111,0.11864576978608044,0.2049348731239914,servo_0.493
12.161253826000575,0.49340000000000006,1.0,0.05748633879781418,36.13238220764921,-46.024806495537675,-1.8440160328409652,1.0304444444444445,0.13573605473978678,0.2049348731239914,servo_0.493
12.16519867399984,0.49340000000000006,1.0,0.05748633879781418,36.13238220764921,-46.024806495537675,-1.8440160328409652,1.0304444444444445,0.13573605473978678,0.22844619133359242,servo_0.493
12.166933987000448,0.49340000000000006,1.0,0.05748633879781418,36.13085961971679,-46.03025127842706,-1.842929322168874,1.0322222222222222,0.15649570025504816,0.22844619133359242,servo_0.493
12.170729294000012,0.49340000000000006,1.0,0.05748633879781418,36.13085961971679,-46.03025127842706,-1.842929322168874,1.0322222222222222,0.15649570025504816,0.23398373547770782,servo_0.493
12.172637796000345,0.49340000000000006,1.0,0.05748633879781418,36.129354822061686,-46.0356557908797,-1.8417744433185113,1.0264444444444445,0.17808084757861142,0.23398373547770782,servo_0.493
12.176343052999982,0.49340000000000006,1.0,0.05748633879781418,36.129354822061686,-46.0356557908797,-1.8417744433185113,1.0264444444444445,0.17808084757861142,0.20755530712333167,servo_0.493
12.178083646000232,0.49340000000000006,1.0,0.05748633879781418,36.12784025500957,-46.04111970372828,-1.840628913771552,1.024888888888889,0.19485171394834033,0.20755530712333167,servo_0.493
12.181831912000234,0.49340000000000006,1.0,0.05748633879781418,36.12784025500957,-46.04111970372828,-1.840628913771552,1.024888888888889,0.19485171394834033,0.14905120067830954,servo_0.493
12.184152233000532,0.49340000000000006,1.0,0.05748633879781418,36.12631706249473,-46.04663774011755,-1.839627301510298,1.0277777777777777,0.19866279190083772,0.14905120067830954,servo_0.493
12.184911231000115,0.49340000000000006,1.0,0.05748633879781418,36.12631706249473,-46.04663774011755,-1.839627301510298,1.0277777777777777,0.19866279190083772,0.11141021498918409,servo_0.493
12.186332934999882,0.49340000000000006,1.0,0.05748633879781418,36.1262006855664,-46.04706016094756,-1.839627301510298,1.0342222222222222,0.19866279190083772,0.11141021498918409,servo_0.493
12.187530601000617,0.49340000000000006,1.0,0.05748633879781418,36.1262006855664,-46.04706016094756,-1.839627301510298,1.0342222222222222,0.19866279190083772,0.11321708656501879,servo_0.493
12.189013586999863,0.49340000000000006,1.0,0.05748633879781418,36.124716087478085,-46.05246051308952,-1.8385260460059976,1.0297777777777777,0.1620685846706107,0.11321708656501879,servo_0.493
12.194096771000659,0.49340000000000006,1.0,0.05748633879781418,36.123216027248404,-46.05793347607338,-1.8380983728453828,1.0255555555555556,0.14741313523893312,0.11321708656501879,servo_0.493
12.194876025000667,0.49340000000000006,1.0,0.05748633879781418,36.123216027248404,-46.05793347607338,-1.8380983728453828,1.0255555555555556,0.14741313523893312,0.13309943999284496,servo_0.493
12.198676708000676,0.49340000000000006,1.0,0.05748633879781418,36.123216027248404,-46.05793347607338,-1.8380983728453828,1.0255555555555556,0.14741313523893312,0.09997538357195405,servo_0.493
12.201025607000702,0.49340000000000006,1.0,0.05748633879781418,36.12172562630963,-46.063381501972096,-1.8375615163271641,1.025111111111111,0.14311902666510667,0.09997538357195405,servo_0.493
12.204234753000492,0.49340000000000006,1.0,0.05748633879781418,36.12172562630963,-46.063381501972096,-1.8375615163271641,1.025111111111111,0.14311902666510667,0.07819649326334158,servo_0.493
12.206465664000461,0.49340000000000006,1.0,0.05748633879781418,36.12022956724522,-46.068860190543916,-1.8371709977222632,1.0284444444444445,0.13017593373716088,0.07819649326334158,servo_0.493
12.209617401000287,0.49340000000000006,1.0,0.05748633879781418,36.12022956724522,-46.068860190543916,-1.8371709977222632,1.0284444444444445,0.13017593373716088,0.10030797910259132,servo_0.493
12.21122570300031,0.49340000000000006,1.0,0.05748633879781418,36.118740285406844,-46.074321241927706,-1.8368930941482893,1.0302222222222222,0.11458210159501508,0.10030797910259132,servo_0.493
12.215553216999979,0.49340000000000006,1.0,0.05748633879781418,36.118740285406844,-46.074321241927706,-1.8368930941482893,1.0302222222222222,0.11458210159501508,0.14497281914020538,servo_0.493
12.21759369100073,0.49340000000000006,1.0,0.05748633879781418,36.11723501348357,-46.07984817035358,-1.8365056509211988,1.028,0.11029986484728795,0.14497281914020538,servo_0.493
12.220926681000492,0.49340000000000006,1.0,0.05748633879781418,36.11723501348357,-46.07984817035358,-1.8365056509211988,1.028,0.11029986484728795,0.17127970748033303,servo_0.493
12.222554023000157,0.49340000000000006,1.0,0.05748633879781418,36.11571986549797,-46.08542205192183,-1.8359203325769102,1.027111111111111,0.12070175113516318,0.17127970748033303,servo_0.493
12.226523223000186,0.49340000000000006,1.0,0.05748633879781418,36.11571986549797,-46.08542205192183,-1.8359203325769102,1.027111111111111,0.12070175113516318,0.16178435641646682,servo_0.493
12.228699412999958,0.49340000000000006,1.0,0.05748633879781418,36.114220121171606,-46.090952883133866,-1.8352591145437451,1.026,0.13587513803871412,0.16178435641646682,servo_0.493
12.232465887000217,0.49340000000000006,1.0,0.05748633879781418,36.114220121171606,-46.090952883133866,-1.8352591145437451,1.026,0.13587513803871412,0.1785778674210998,servo_0.493
12.234526522000124,0.49340000000000006,1.0,0.05748633879781418,36.11271230614505,-46.096528398095906,-1.8345682187431305,1.0257777777777777,0.14364790355203993,0.1785778674210998,servo_0.493
12.235445396000614,0.49340000000000006,1.0,0.05748633879781418,36.11271230614505,-46.096528398095906,-1.8345682187431305,1.0257777777777777,0.14364790355203993,0.19016115342434495,servo_0.493
12.23718454900063,0.49340000000000006,1.0,0.05748633879781418,36.11259780502176,-46.09695237514627,-1.8345682187431305,1.0264444444444445,0.14364790355203993,0.19016115342434495,servo_0.493
12.238707184000305,0.49340000000000006,1.0,0.05748633879781418,36.11112539485244,-46.102421357306866,-1.8330111346494262,1.026888888888889,0.164937170926234,0.19016115342434495,servo_0.493
12.239463941000395,0.49340000000000006,1.0,0.05748633879781418,36.11112539485244,-46.102421357306866,-1.8330111346494262,1.026888888888889,0.164937170926234,0.19015837374995717,servo_0.493
12.243585498000357,0.49340000000000006,1.0,0.05748633879781418,36.11112539485244,-46.102421357306866,-1.8330111346494262,1.026888888888889,0.164937170926234,0.2016363317320897,servo_0.493
12.24520010300057,0.49340000000000006,1.0,0.05748633879781418,36.10963430113519,-46.10798699425776,-1.8321084746415843,1.0264444444444445,0.17250353177335093,0.2016363317320897,servo_0.493
12.249010835000263,0.49340000000000006,1.0,0.05748633879781418,36.10963430113519,-46.10798699425776,-1.8321084746415843,1.0264444444444445,0.17250353177335093,0.19145797971715903,servo_0.493
12.250499837000461,0.49340000000000006,1.0,0.05748633879781418,36.108175046027014,-46.11345439130474,-1.8311269562407302,1.0253333333333334,0.18124337176097255,0.19145797971715903,servo_0.493
12.254534671000329,0.49340000000000006,1.0,0.05748633879781418,36.108175046027014,-46.11345439130474,-1.8311269562407302,1.0253333333333334,0.18124337176097255,0.1673950209772617,servo_0.493
12.256066011000257,0.49340000000000006,1.0,0.05748633879781418,36.106726752594696,-46.11890222669342,-1.8301406095615895,1.0244444444444445,0.1843077541478285,0.1673950209772617,servo_0.493
12.260098573000505,0.49340000000000006,1.0,0.05748633879781418,36.106726752594696,-46.11890222669342,-1.8301406095615895,1.0244444444444445,0.1843077541478285,0.13469563888169755,servo_0.493
12.261788124000304,0.49340000000000006,1.0,0.05748633879781418,36.10528933381407,-46.12432961301193,-1.8292547480753933,1.0244444444444445,0.17923393419665845,0.13469563888169755,servo_0.493
12.265897745000075,0.49340000000000006,1.0,0.05748633879781418,36.10528933381407,-46.12432961301193,-1.8292547480753933,1.0244444444444445,0.17923393419665845,0.10974631355199461,servo_0.493
12.267762725000466,0.49340000000000006,1.0,0.05748633879781418,36.10383913844351,-46.12982267061903,-1.8285697239582526,1.0257777777777777,0.16587244560217018,0.10974631355199461,servo_0.493
12.27145051000025,0.49340000000000006,1.0,0.05748633879781418,36.10383913844351,-46.12982267061903,-1.8285697239582526,1.0257777777777777,0.16587244560217018,0.12115425536459326,servo_0.493
12.27307074700002,0.49340000000000006,1.0,0.05748633879781418,36.10230965270816,-46.13563131331296,-1.8279587294661928,1.0277777777777777,0.14903460598711749,0.12115425536459326,servo_0.493
12.274544837000576,0.49340000000000006,1.0,0.05748633879781418,36.10223117553807,-46.13592972213926,-1.8279587294661928,1.0244444444444445,0.14903460598711749,0.12115425536459326,servo_0.493
12.276964489999955,0.49340000000000006,1.0,0.05748633879781418,36.10223117553807,-46.13592972213926,-1.8279587294661928,1.0244444444444445,0.14903460598711749,0.1277034927949377,servo_0.493
12.278623832000449,0.49340000000000006,1.0,0.05748633879781418,36.10079708909049,-46.141390048544906,-1.8273078387693569,1.0242222222222221,0.1406705008003602,0.1277034927949377,servo_0.493
12.279413934999866,0.49340000000000006,1.0,0.05748633879781418,36.10079708909049,-46.141390048544906,-1.8273078387693569,1.0242222222222221,0.1406705008003602,0.1366174341809476,servo_0.493
12.28265373800059,0.49340000000000006,1.0,0.05748633879781418,36.10079708909049,-46.141390048544906,-1.8273078387693569,1.0242222222222221,0.1406705008003602,0.13427284541389067,servo_0.493
12.284328890000324,0.49340000000000006,1.0,0.05748633879781418,36.09939833158467,-46.14673909901284,-1.825823228738643,1.0266666666666666,0.13673150913339768,0.13427284541389067,servo_0.493
12.288202439000088,0.49340000000000006,1.0,0.05748633879781418,36.09939833158467,-46.14673909901284,-1.825823228738643,1.0266666666666666,0.13673150913339768,0.1308690425799036,servo_0.493
12.28980296500049,0.49340000000000006,1.0,0.05748633879781418,36.097967291880074,-46.15223658170695,-1.8250828275128819,1.0324444444444445,0.13599391001754557,0.1308690425799036,servo_0.493
12.2939407140002,0.49340000000000006,1.0,0.05748633879781418,36.097967291880074,-46.15223658170695,-1.8250828275128819,1.0324444444444445,0.13599391001754557,0.158311461196949,servo_0.493
12.295617145000506,0.49340000000000006,1.0,0.05748633879781418,36.09652874692243,-46.15777985975623,-1.8243308856067897,1.0295555555555556,0.13445644978625299,0.158311461196949,servo_0.493
12.299247392000325,0.49340000000000006,1.0,0.05748633879781418,36.09652874692243,-46.15777985975623,-1.8243308856067897,1.0295555555555556,0.13445644978625299,0.16970697769858675,servo_0.493
12.300835020000704,0.49340000000000006,1.0,0.05748633879781418,36.095102204804256,-46.1632946713979,-1.823514275914069,1.0257777777777777,0.1416129532094618,0.16970697769858675,servo_0.493
12.305170855000142,0.49340000000000006,1.0,0.05748633879781418,36.095102204804256,-46.1632946713979,-1.823514275914069,1.0257777777777777,0.1416129532094618,0.15188415493263813,servo_0.493
12.307141375000356,0.49340000000000006,1.0,0.05748633879781418,36.09368357904759,-46.16879826881776,-1.822622181457736,1.0253333333333334,0.15004116055619926,0.15188415493263813,servo_0.493
12.31048697300048,0.49340000000000006,1.0,0.05748633879781418,36.09368357904759,-46.16879826881776,-1.822622181457736,1.0253333333333334,0.15004116055619926,0.13241187005603533,servo_0.493
12.312370962999921,0.49340000000000006,1.0,0.05748633879781418,36.09227064199529,-46.17429922138242,-1.8218069193118616,1.0277777777777777,0.1505940588691309,0.13241187005603533,servo_0.493
12.316733262000525,0.49340000000000006,1.0,0.05748633879781418,36.09227064199529,-46.17429922138242,-1.8218069193118616,1.0277777777777777,0.1505940588691309,0.11921055556537732,servo_0.493
12.318771272000049,0.49340000000000006,1.0,0.05748633879781418,36.090833015629315,-46.179913873407735,-1.8211132180490919,1.0302222222222222,0.14513940222520222,0.11921055556537732,servo_0.493
12.322014755000055,0.49340000000000006,1.0,0.05748633879781418,36.090833015629315,-46.179913873407735,-1.8211132180490919,1.0302222222222222,0.14513940222520222,0.1568635005122729,servo_0.493
12.324029564000739,0.49340000000000006,1.0,0.05748633879781418,36.08934516520838,-46.185741909798125,-1.8203854953276002,1.0282222222222221,0.13736074822725475,0.1568635005122729,servo_0.493
12.32499925600041,0.49340000000000006,1.0,0.05748633879781418,36.08934516520838,-46.185741909798125,-1.8203854953276002,1.0282222222222221,0.13736074822725475,0.1735918306492262,servo_0.493
12.326845964000313,0.49340000000000006,1.0,0.05748633879781418,36.089242270907626,-46.18614556827199,-1.8203854953276002,1.0273333333333334,0.13736074822725475,0.1735918306492262,servo_0.493
12.328688352000427,0.49340000000000006,1.0,0.05748633879781418,36.087873890824156,-46.19153303137205,-1.818674385587712,1.0257777777777777,0.15232565093369999,0.1735918306492262,servo_0.493
12.32952203900004,0.49340000000000006,1.0,0.05748633879781418,36.087873890824156,-46.19153303137205,-1.818674385587712,1.0257777777777777,0.15232565093369999,0.1653293067882281,servo_0.493
12.334034135000365,0.49340000000000006,1.0,0.05748633879781418,36.087873890824156,-46.19153303137205,-1.818674385587712,1.0257777777777777,0.15232565093369999,0.15348250099511962,servo_0.493
12.336023374999968,0.49340000000000006,1.0,0.05748633879781418,36.086330056456184,-46.19764321961905,-1.8178900351227851,1.0255555555555556,0.1562267476900584,0.15348250099511962,servo_0.493
12.339458576000652,0.49340000000000006,1.0,0.05748633879781418,36.086330056456184,-46.19764321961905,-1.8178900351227851,1.0255555555555556,0.1562267476900584,0.14778866258453022,servo_0.493
12.341102047000277,0.49340000000000006,1.0,0.05748633879781418,36.084925587152725,-46.203218175334705,-1.8172813522682607,1.026,0.15540347368157675,0.14778866258453022,servo_0.493
12.345358870999917,0.49340000000000006,1.0,0.05748633879781418,36.084925587152725,-46.203218175334705,-1.8172813522682607,1.026,0.15540347368157675,0.16269956836982938,servo_0.493
12.347279405000336,0.49340000000000006,1.0,0.05748633879781418,36.08353699607391,-46.20874401244954,-1.8166973062598268,1.026888888888889,0.1531190303524628,0.16269956836982938,servo_0.493
12.351299199000096,0.49340000000000006,1.0,0.05748633879781418,36.082146400949135,-46.214292217827676,-1.8160547995932974,1.0237777777777777,0.15599319175767276,0.16269956836982938,servo_0.493
12.352317851999942,0.49340000000000006,1.0,0.05748633879781418,36.082146400949135,-46.214292217827676,-1.8160547995932974,1.0237777777777777,0.15599319175767276,0.16587304105903822,servo_0.493
12.356909181999981,0.49340000000000006,1.0,0.05748633879781418,36.082146400949135,-46.214292217827676,-1.8160547995932974,1.0237777777777777,0.15599319175767276,0.17962157689705868,servo_0.493
12.358833428000253,0.49340000000000006,1.0,0.05748633879781418,36.0806399755298,-46.22031956521332,-1.815366688668653,1.0235555555555556,0.1589571465480824,0.17962157689705868,servo_0.493
12.359713581000506,0.49340000000000006,1.0,0.05748633879781418,36.0806399755298,-46.22031956521332,-1.815366688668653,1.0235555555555556,0.1589571465480824,0.1684261969513404,servo_0.493
12.361273273000734,0.49340000000000006,1.0,0.05748633879781418,36.08054263116771,-46.22070961944608,-1.815366688668653,1.0257777777777777,0.1589571465480824,0.1684261969513404,servo_0.493
12.362627711000641,0.49340000000000006,1.0,0.05748633879781418,36.08054263116771,-46.22070961944608,-1.815366688668653,1.0257777777777777,0.1589571465480824,0.13892071066159464,servo_0.493
12.364270862000012,0.49340000000000006,1.0,0.05748633879781418,36.07919317672213,-46.22613508621204,-1.813784385728326,1.026888888888889,0.1661373920423448,0.13892071066159464,servo_0.493
12.368134619000557,0.49340000000000006,1.0,0.05748633879781418,36.07919317672213,-46.22613508621204,-1.813784385728326,1.026888888888889,0.1661373920423448,0.1387058684630309,servo_0.493
12.369935438000539,0.49340000000000006,1.0,0.05748633879781418,36.077816465139826,-46.23169704084698,-1.813100256393148,1.0244444444444445,0.15797238762811971,0.1387058684630309,servo_0.493
12.373755802000233,0.49340000000000006,1.0,0.05748633879781418,36.077816465139826,-46.23169704084698,-1.813100256393148,1.0244444444444445,0.15797238762811971,0.14312979515257285,servo_0.493
12.375425257000643,0.49340000000000006,1.0,0.05748633879781418,36.07645023766918,-46.237231979690584,-1.8124913464458976,1.0242222222222221,0.15219243187859305,0.14312979515257285,servo_0.493
12.379304887000217,0.49340000000000006,1.0,0.05748633879781418,36.07645023766918,-46.237231979690584,-1.8124913464458976,1.0242222222222221,0.15219243187859305,0.15412029478668,servo_0.493
12.380985062000036,0.49340000000000006,1.0,0.05748633879781418,36.075076527599975,-46.24281166066997,-1.8118968246968428,1.025111111111111,0.149473640860787,0.15412029478668,servo_0.493
12.384930806000739,0.49340000000000006,1.0,0.05748633879781418,36.075076527599975,-46.24281166066997,-1.8118968246968428,1.025111111111111,0.149473640860787,0.14486815690936528,servo_0.493
12.386606564999965,0.49340000000000006,1.0,0.05748633879781418,36.07371036930901,-46.24837620204356,-1.8111951256144612,1.0264444444444445,0.15086763703855488,0.14486815690936528,servo_0.493
12.390513747000114,0.49340000000000006,1.0,0.05748633879781418,36.07371036930901,-46.24837620204356,-1.8111951256144612,1.0264444444444445,0.15086763703855488,0.14542705455363203,servo_0.493
12.392369608000081,0.49340000000000006,1.0,0.05748633879781418,36.07234220948705,-46.25396440102156,-1.8106116737882674,1.028,0.149067792999798,0.14542705455363203,servo_0.493
12.39631698300036,0.49340000000000006,1.0,0.05748633879781418,36.07234220948705,-46.25396440102156,-1.8106116737882674,1.028,0.149067792999798,0.15738681166647348,servo_0.493
12.39820503700048,0.49340000000000006,1.0,0.05748633879781418,36.07096732631249,-46.25959511984458,-1.809959468247946,1.0282222222222221,0.1479755714659482,0.15738681166647348,servo_0.493
12.401896533000581,0.49340000000000006,1.0,0.05748633879781418,36.07096732631249,-46.25959511984458,-1.809959468247946,1.0282222222222221,0.1479755714659482,0.1365930912241086,servo_0.493
12.403833228000622,0.49340000000000006,1.0,0.05748633879781418,36.06960421016801,-46.26519536718898,-1.8091531942037924,1.026888888888889,0.15079894352610576,0.1365930912241086,servo_0.493
12.405528476000654,0.49340000000000006,1.0,0.05748633879781418,36.06951229068338,-46.26557367424303,-1.8091531942037924,1.0242222222222221,0.15079894352610576,0.1365930912241086,servo_0.493
12.407391088000622,0.49340000000000006,1.0,0.05748633879781418,36.06951229068338,-46.26557367424303,-1.8091531942037924,1.0242222222222221,0.15079894352610576,0.13096036403815808,servo_0.493
12.409123809000448,0.49340000000000006,1.0,0.05748633879781418,36.06815796579188,-46.27116559333237,-1.807674893696748,1.0206666666666666,0.14186414069630204,0.13096036403815808,servo_0.493
12.409899735000181,0.49340000000000006,1.0,0.05748633879781418,36.06815796579188,-46.27116559333237,-1.807674893696748,1.0206666666666666,0.14186414069630204,0.12083076451593269,servo_0.493
12.4134656920005,0.49340000000000006,1.0,0.05748633879781418,36.06815796579188,-46.27116559333237,-1.807674893696748,1.0206666666666666,0.14186414069630204,0.11167548247851279,servo_0.493
12.41525342300065,0.49340000000000006,1.0,0.05748633879781418,36.06683969690143,-46.276634265146726,-1.807008619070504,1.0215555555555556,0.13555412784219123,0.11167548247851279,servo_0.493
12.418859989000339,0.49340000000000006,1.0,0.05748633879781418,36.06683969690143,-46.276634265146726,-1.807008619070504,1.0215555555555556,0.13555412784219123,0.11291735610670878,servo_0.493
12.420634310999958,0.49340000000000006,1.0,0.05748633879781418,36.065489948526725,-46.282249674303436,-1.806364366940901,1.0262222222222221,0.1283905342330877,0.11291735610670878,servo_0.493
12.424600567000198,0.49340000000000006,1.0,0.05748633879781418,36.065489948526725,-46.282249674303436,-1.806364366940901,1.0262222222222221,0.1283905342330877,0.11945603243885539,servo_0.493
12.426494572000593,0.49340000000000006,1.0,0.05748633879781418,36.064156187833206,-46.28781371801272,-1.8057710840345325,1.0284444444444445,0.123748580795174,0.11945603243885539,servo_0.493
12.430093425999985,0.49340000000000006,1.0,0.05748633879781418,36.064156187833206,-46.28781371801272,-1.8057710840345325,1.0284444444444445,0.123748580795174,0.13897843467822213,servo_0.493
12.43195152699991,0.49340000000000006,1.0,0.05748633879781418,36.062820453590426,-46.29340037008801,-1.8051976124553641,1.0215555555555556,0.1224608162882784,0.13897843467822213,servo_0.493
12.435821011999906,0.49340000000000006,1.0,0.05748633879781418,36.062820453590426,-46.29340037008801,-1.8051976124553641,1.0215555555555556,0.1224608162882784,0.10366839737794534,servo_0.493
12.437583014000666,0.49340000000000006,1.0,0.05748633879781418,36.06150074507187,-46.29893553442193,-1.8045010406187199,1.021111111111111,0.1274161018052615,0.10366839737794534,servo_0.493
12.441255470000215,0.49340000000000006,1.0,0.05748633879781418,36.06150074507187,-46.29893553442193,-1.8045010406187199,1.021111111111111,0.1274161018052615,0.05982864209674065,servo_0.493
12.442953118000332,0.49340000000000006,1.0,0.05748633879781418,36.06017691596319,-46.304502542681625,-1.8040172842321947,1.0215555555555556,0.12029179047706665,0.05982864209674065,servo_0.493
12.446822443000201,0.49340000000000006,1.0,0.05748633879781418,36.06017691596319,-46.304502542681625,-1.8040172842321947,1.0215555555555556,0.12029179047706665,0.0857458808410653,servo_0.493
12.44869411200034,0.49340000000000006,1.0,0.05748633879781418,36.0588614675617,-46.31004382974585,-1.8037274862800845,1.025111111111111,0.10215284596296884,0.0857458808410653,servo_0.493
12.449487318000138,0.49340000000000006,1.0,0.05748633879781418,36.0588614675617,-46.31004382974585,-1.8037274862800845,1.025111111111111,0.10215284596296884,0.13435286508226915,servo_0.493
12.451055266999902,0.49340000000000006,1.0,0.05748633879781418,36.058782672765126,-46.31037596461737,-1.8037274862800845,1.024,0.10215284596296884,0.13435286508226915,servo_0.493
12.453572970000096,0.49340000000000006,1.0,0.05748633879781418,36.057501818245576,-46.315788658613855,-1.8025944073671643,1.0202222222222221,0.10836738902315918,0.13435286508226915,servo_0.493
12.45463242400001,0.49340000000000006,1.0,0.05748633879781418,36.057501818245576,-46.315788658613855,-1.8025944073671643,1.0202222222222221,0.10836738902315918,0.18722621674502313,servo_0.493
12.45836107300056,0.49340000000000006,1.0,0.05748633879781418,36.057501818245576,-46.315788658613855,-1.8025944073671643,1.0202222222222221,0.10836738902315918,0.19405710842777868,servo_0.493
12.460655410000072,0.49340000000000006,1.0,0.05748633879781418,36.05617784872642,-46.32141063116937,-1.8015680354107293,1.0155555555555555,0.13202503733971835,0.19405710842777868,servo_0.493
12.463859980000052,0.49340000000000006,1.0,0.05748633879781418,36.05617784872642,-46.32141063116937,-1.8015680354107293,1.0155555555555555,0.13202503733971835,0.1749345298918169,servo_0.493
12.46589514200059,0.49340000000000006,1.0,0.05748633879781418,36.05489340791028,-46.326890387043136,-1.8005063589179944,1.011111111111111,0.15063465866613646,0.1749345298918169,servo_0.493
12.469421322000017,0.49340000000000006,1.0,0.05748633879781418,36.05489340791028,-46.326890387043136,-1.8005063589179944,1.011111111111111,0.15063465866613646,0.15371053416345767,servo_0.493
12.471733643000334,0.49340000000000006,1.0,0.05748633879781418,36.05362561588719,-46.3323239036383,-1.799540206915593,1.0097777777777779,0.15792462003384058,0.15371053416345767,servo_0.493
12.47536520199992,0.49340000000000006,1.0,0.05748633879781418,36.05362561588719,-46.3323239036383,-1.799540206915593,1.0097777777777779,0.15792462003384058,0.13563701639277015,servo_0.493
12.477100355000402,0.49340000000000006,1.0,0.05748633879781418,36.05234607380624,-46.33783042887876,-1.7986855710588658,1.0146666666666666,0.1566603942727257,0.13563701639277015,servo_0.493
12.480779755000185,0.49340000000000006,1.0,0.05748633879781418,36.05234607380624,-46.33783042887876,-1.7986855710588658,1.0146666666666666,0.1566603942727257,0.1498434578130945,servo_0.493
12.482297430000472,0.49340000000000006,1.0,0.05748633879781418,36.05107042540219,-46.34334004399099,-1.7979516309061254,1.0164444444444445,0.15035338090873904,0.1498434578130945,servo_0.493
12.486513997000657,0.49340000000000006,1.0,0.05748633879781418,36.05107042540219,-46.34334004399099,-1.7979516309061254,1.0164444444444445,0.15035338090873904,0.1387635924796584,servo_0.493
12.488368321000053,0.49340000000000006,1.0,0.05748633879781418,36.04977179070242,-46.34896771330578,-1.7972190746020333,1.018,0.15020040398004567,0.1387635924796584,servo_0.493
12.492153932000292,0.49340000000000006,1.0,0.05748633879781418,36.04977179070242,-46.34896771330578,-1.7972190746020333,1.018,0.15020040398004567,0.09581782292569047,servo_0.493
12.49368194300041,0.49340000000000006,1.0,0.05748633879781418,36.048444602293124,-46.3547369117614,-1.7966001620949346,1.0184444444444445,0.14676936052992948,0.09581782292569047,servo_0.493
12.494411147999926,0.49340000000000006,1.0,0.05748633879781418,36.048444602293124,-46.3547369117614,-1.7966001620949346,1.0184444444444445,0.14676936052992948,0.06828804846370126,servo_0.493
12.49584101200071,0.49340000000000006,1.0,0.05748633879781418,36.04837342213427,-46.35504676594715,-1.7966001620949346,1.0166666666666666,0.14676936052992948,0.06828804846370126,servo_0.493
12.497730346000026,0.49340000000000006,1.0,0.05748633879781418,36.04837342213427,-46.35504676594715,-1.7966001620949346,1.0166666666666666,0.14676936052992948,0.05607466686892178,servo_0.493
12.499366519999967,0.49340000000000006,1.0,0.05748633879781418,36.04714023533611,-46.36042278743463,-1.7959637745662393,1.0106666666666666,0.11252514401317082,0.05607466686892178,servo_0.493
12.503358216999914,0.49340000000000006,1.0,0.05748633879781418,36.04714023533611,-46.36042278743463,-1.7959637745662393,1.0106666666666666,0.11252514401317082,0.08121035105709222,servo_0.493
12.505627977000586,0.49340000000000006,1.0,0.05748633879781418,36.04587183046221,-46.36596305890705,-1.79575689020506,1.015111111111111,0.09559000086989611,0.08121035105709222,servo_0.493
12.509103979000429,0.49340000000000006,1.0,0.05748633879781418,36.04587183046221,-46.36596305890705,-1.79575689020506,1.015111111111111,0.09559000086989611,0.12210313966098849,servo_0.493
12.511414733000493,0.49340000000000006,1.0,0.05748633879781418,36.04461312878967,-46.371467796365295,-1.7954224412320305,1.0133333333333334,0.09127610592605494,0.12210313966098849,servo_0.493
12.514214204000382,0.49340000000000006,1.0,0.05748633879781418,36.04461312878967,-46.371467796365295,-1.7954224412320305,1.0133333333333334,0.09127610592605494,0.15929298586145452,servo_0.493
12.51590705200033,0.49340000000000006,1.0,0.05748633879781418,36.04336399569843,-46.37694052416857,-1.7949756524753777,1.0153333333333334,0.100524216046535,0.15929298586145452,servo_0.493
12.519616628000222,0.49340000000000006,1.0,0.05748633879781418,36.04336399569843,-46.37694052416857,-1.7949756524753777,1.0153333333333334,0.100524216046535,0.21916555763261386,servo_0.493
12.52132493299996,0.49340000000000006,1.0,0.05748633879781418,36.04214399825182,-46.38229895809843,-1.7943408444905686,1.0106666666666666,0.11815484699101085,0.21916555763261386,servo_0.493
12.525541532000716,0.49340000000000006,1.0,0.05748633879781418,36.04214399825182,-46.38229895809843,-1.7943408444905686,1.0106666666666666,0.11815484699101085,0.2549405162801912,servo_0.493
12.52704093400007,0.49340000000000006,1.0,0.05748633879781418,36.04092678407708,-46.38766383379635,-1.7934691252181905,1.012888888888889,0.14845806018349172,0.2549405162801912,servo_0.493
12.531285949999983,0.49340000000000006,1.0,0.05748633879781418,36.039714380216374,-46.39303156012783,-1.7924066709629516,1.007111111111111,0.18040279701250156,0.2549405162801912,servo_0.493
12.532262010000522,0.49340000000000006,1.0,0.05748633879781418,36.039714380216374,-46.39303156012783,-1.7924066709629516,1.007111111111111,0.18040279701250156,0.2300279592182882,servo_0.493
12.536531634000312,0.49340000000000006,1.0,0.05748633879781418,36.039714380216374,-46.39303156012783,-1.7924066709629516,1.007111111111111,0.18040279701250156,0.19498075927284542,servo_0.493
12.53819164900051,0.49340000000000006,1.0,0.05748633879781418,36.03842917747899,-46.398748727713446,-1.7914286188877973,1.0102222222222221,0.19529034567423753,0.19498075927284542,servo_0.493
12.539451268999983,0.49340000000000006,1.0,0.05748633879781418,36.03835314759621,-46.39908771791086,-1.7914286188877973,1.011111111111111,0.19529034567423753,0.19498075927284542,servo_0.493
12.541805511999883,0.49340000000000006,1.0,0.05748633879781418,36.03835314759621,-46.39908771791086,-1.7914286188877973,1.011111111111111,0.19529034567423753,0.1492769535149642,servo_0.493
12.543281137000122,0.49340000000000006,1.0,0.05748633879781418,36.037158746341916,-46.40443138935691,-1.7899688871695636,1.0113333333333334,0.18142131488216318,0.1492769535149642,servo_0.493
12.543991365000693,0.49340000000000006,1.0,0.05748633879781418,36.037158746341916,-46.40443138935691,-1.7899688871695636,1.0113333333333334,0.18142131488216318,0.15907831843283732,servo_0.493
12.547461574999943,0.49340000000000006,1.0,0.05748633879781418,36.037158746341916,-46.40443138935691,-1.7899688871695636,1.0113333333333334,0.18142131488216318,0.16365655866279252,servo_0.493
12.549024212000404,0.49340000000000006,1.0,0.05748633879781418,36.03599104269177,-46.40968305832797,-1.7892033862911763,1.004,0.17471841594736542,0.16365655866279252,servo_0.493
12.553092582999852,0.49340000000000006,1.0,0.05748633879781418,36.03599104269177,-46.40968305832797,-1.7892033862911763,1.004,0.17471841594736542,0.12762015249757505,servo_0.493
12.554740532999858,0.49340000000000006,1.0,0.05748633879781418,36.03479786108633,-46.415069031595976,-1.7884172100877127,1.0084444444444445,0.17139985876199354,0.12762015249757505,servo_0.493
12.558533856000395,0.49340000000000006,1.0,0.05748633879781418,36.03479786108633,-46.415069031595976,-1.7884172100877127,1.0084444444444445,0.17139985876199354,0.11619457556513303,servo_0.493
12.560342003000187,0.49340000000000006,1.0,0.05748633879781418,36.033600982637616,-46.420490846526704,-1.7877110829290492,1.0066666666666666,0.15826594688266798,0.11619457556513303,servo_0.493
12.564052604000608,0.49340000000000006,1.0,0.05748633879781418,36.033600982637616,-46.420490846526704,-1.7877110829290492,1.0066666666666666,0.15826594688266798,0.11720413832249003,servo_0.493
12.565507877000528,0.49340000000000006,1.0,0.05748633879781418,36.032414255506204,-46.42588348307796,-1.7871049636121452,1.0035555555555555,0.1456445354874075,0.11720413832249003,servo_0.493
12.569590265000443,0.49340000000000006,1.0,0.05748633879781418,36.032414255506204,-46.42588348307796,-1.7871049636121452,1.0035555555555555,0.1456445354874075,0.14910990673558897,servo_0.493
12.571077123000578,0.49340000000000006,1.0,0.05748633879781418,36.03123113437418,-46.43127581737856,-1.7864587659312854,1.0006666666666666,0.13711241633793225,0.14910990673558897,servo_0.493
12.57524341699991,0.49340000000000006,1.0,0.05748633879781418,36.03123113437418,-46.43127581737856,-1.7864587659312854,1.0006666666666666,0.13711241633793225,0.18098975926233007,servo_0.493
12.577070860000276,0.49340000000000006,1.0,0.05748633879781418,36.03004870413324,-46.436683439543316,-1.7856773549557823,1.0,0.14071166345722927,0.18098975926233007,servo_0.493
12.581721391999963,0.49340000000000006,1.0,0.05748633879781418,36.02885369854379,-46.44217048238269,-1.7847919310974676,1.0055555555555555,0.1527950921987595,0.18098975926233007,servo_0.493
12.583476225000595,0.49340000000000006,1.0,0.05748633879781418,36.02885369854379,-46.44217048238269,-1.7847919310974676,1.0055555555555555,0.1527950921987595,0.1843270330033356,servo_0.493
12.586756894000246,0.49340000000000006,1.0,0.05748633879781418,36.02885369854379,-46.44217048238269,-1.7847919310974676,1.0055555555555555,0.1527950921987595,0.18307444847413046,servo_0.493
12.589927160000116,0.49340000000000006,1.0,0.05748633879781418,36.02757327761993,-46.44807619597627,-1.78381283334226,1.0075555555555555,0.16225467444013233,0.18307444847413046,servo_0.493
12.591417825999997,0.49340000000000006,1.0,0.05748633879781418,36.02750219421532,-46.44840562693939,-1.7828159649310902,1.002888888888889,0.16850060665033176,0.18307444847413046,servo_0.493
12.592681605000507,0.49340000000000006,1.0,0.05748633879781418,36.02750219421532,-46.44840562693939,-1.7828159649310902,1.002888888888889,0.16850060665033176,0.1635760979083585,servo_0.493
12.594155855000281,0.49340000000000006,1.0,0.05748633879781418,36.026350994614646,-46.453753706927515,-1.7828159649310902,1.001111111111111,0.16850060665033176,0.1635760979083585,servo_0.493
12.594851298999856,0.49340000000000006,1.0,0.05748633879781418,36.026350994614646,-46.453753706927515,-1.7828159649310902,1.001111111111111,0.16850060665033176,0.1342286951964442,servo_0.493
12.598007868000423,0.49340000000000006,1.0,0.05748633879781418,36.026350994614646,-46.453753706927515,-1.7828159649310902,1.001111111111111,0.16850060665033176,0.11581360204881878,servo_0.493
12.599536231000457,0.49340000000000006,1.0,0.05748633879781418,36.025215410879426,-46.45905086928662,-1.7811357277268272,1.0002222222222221,0.1571848863783511,0.11581360204881878,servo_0.493
12.60337342799994,0.49340000000000006,1.0,0.05748633879781418,36.025215410879426,-46.45905086928662,-1.7811357277268272,1.0002222222222221,0.1571848863783511,0.10213047178269502,servo_0.493
12.604921150999871,0.49340000000000006,1.0,0.05748633879781418,36.02407461693687,-46.46440312464961,-1.7804573374594397,1.0022222222222221,0.14477350107949138,0.10213047178269502,servo_0.493
12.608826798000337,0.49340000000000006,1.0,0.05748633879781418,36.02407461693687,-46.46440312464961,-1.7804573374594397,1.0022222222222221,0.14477350107949138,0.11196310387624135,servo_0.493
12.610285206999833,0.49340000000000006,1.0,0.05748633879781418,36.022934178265245,-46.46977087006431,-1.7798322247747351,1.0015555555555555,0.13198059229045248,0.11196310387624135,servo_0.493
12.614485774000059,0.49340000000000006,1.0,0.05748633879781418,36.022934178265245,-46.46977087006431,-1.7798322247747351,1.0015555555555555,0.13198059229045248,0.10018261911665424,servo_0.493
12.616399972000181,0.49340000000000006,1.0,0.05748633879781418,36.02179339584377,-46.47515703367135,-1.7791890131219683,1.003111111111111,0.12597534576618913,0.10018261911665424,servo_0.493
12.620070412000132,0.49340000000000006,1.0,0.05748633879781418,36.02179339584377,-46.47515703367135,-1.7791890131219683,1.003111111111111,0.12597534576618913,0.09576525046129662,servo_0.493
12.621631512000022,0.49340000000000006,1.0,0.05748633879781418,36.02064157405044,-46.48061182252497,-1.778605510314788,1.006,0.11823752777132866,0.09576525046129662,servo_0.493
12.626272090999919,0.49340000000000006,1.0,0.05748633879781418,36.02064157405044,-46.48061182252497,-1.778605510314788,1.006,0.11823752777132866,0.12400823194677667,servo_0.493
12.627955466000458,0.49340000000000006,1.0,0.05748633879781418,36.01948823293776,-46.4860905856243,-1.7779506888074483,1.0002222222222221,0.11149584457831904,0.12400823194677667,servo_0.493
12.631329290000394,0.49340000000000006,1.0,0.05748633879781418,36.01948823293776,-46.4860905856243,-1.7779506888074483,1.0002222222222221,0.11149584457831904,0.13465044004457188,servo_0.493
12.63293250300012,0.49340000000000006,1.0,0.05748633879781418,36.01831583750548,-46.491679588602175,-1.7771824295444598,1.0013333333333334,0.11524956078885631,0.13465044004457188,servo_0.493
12.636727778000022,0.49340000000000006,1.0,0.05748633879781418,36.01831583750548,-46.491679588602175,-1.7771824295444598,1.0013333333333334,0.11524956078885631,0.13558277113031658,servo_0.493
12.638168971000596,0.49340000000000006,1.0,0.05748633879781418,36.01717228037196,-46.49715213117578,-1.7764071755724709,0.9953333333333333,0.12106982456557097,0.13558277113031658,servo_0.493
12.63887286299996,0.49340000000000006,1.0,0.05748633879781418,36.01717228037196,-46.49715213117578,-1.7764071755724709,0.9953333333333333,0.12106982456557097,0.13151343601754029,servo_0.493
12.64030685600028,0.49340000000000006,1.0,0.05748633879781418,36.01711570952396,-46.49742337853181,-1.7764071755724709,0.998,0.12106982456557097,0.13151343601754029,servo_0.493
12.642321375999927,0.49340000000000006,1.0,0.05748633879781418,36.01711570952396,-46.49742337853181,-1.7764071755724709,0.998,0.12106982456557097,0.1523626251119845,servo_0.493
12.643892205000157,0.49340000000000006,1.0,0.05748633879781418,36.01603776441137,-46.50260921990611,-1.775074843964975,0.9931111111111111,0.12725062677975835,0.1523626251119845,servo_0.493
12.647993153000243,0.49340000000000006,1.0,0.05748633879781418,36.01603776441137,-46.50260921990611,-1.775074843964975,0.9931111111111111,0.12725062677975835,0.19208616948403828,servo_0.493
12.649541548999878,0.49340000000000006,1.0,0.05748633879781418,36.01494585791549,-46.50788884380438,-1.7743977501769117,0.9897777777777778,0.13478422627942618,0.19208616948403828,servo_0.493
12.65342537000015,0.49340000000000006,1.0,0.05748633879781418,36.01494585791549,-46.50788884380438,-1.7743977501769117,0.9897777777777778,0.13478422627942618,0.22381125906193217,servo_0.493
12.65505604000009,0.49340000000000006,1.0,0.05748633879781418,36.013856610687874,-46.51317565614357,-1.7735705325522306,0.9788888888888889,0.1519748092408098,0.22381125906193217,servo_0.493
12.658907637000084,0.49340000000000006,1.0,0.05748633879781418,36.013856610687874,-46.51317565614357,-1.7735705325522306,0.9788888888888889,0.1519748092408098,0.2191212659347345,servo_0.493
12.660546884000723,0.49340000000000006,1.0,0.05748633879781418,36.012752871395605,-46.518556824000946,-1.7726332741505542,0.9984444444444445,0.1735257441871465,0.2191212659347345,servo_0.493
12.664503443000285,0.49340000000000006,1.0,0.05748633879781418,36.012752871395605,-46.518556824000946,-1.7726332741505542,0.9984444444444445,0.1735257441871465,0.1946569688185622,servo_0.493
12.666199842999958,0.49340000000000006,1.0,0.05748633879781418,36.01167279990231,-46.52384831241411,-1.77165742115501,0.986,0.1872044007114229,0.1946569688185622,servo_0.493
12.669934893000573,0.49340000000000006,1.0,0.05748633879781418,36.01167279990231,-46.52384831241411,-1.77165742115501,0.986,0.1872044007114229,0.16822839066137474,servo_0.493
12.671553275000406,0.49340000000000006,1.0,0.05748633879781418,36.01060698619122,-46.529093779691586,-1.7708525058537823,0.972,0.1894401711435647,0.16822839066137474,servo_0.493
12.675473482000598,0.49340000000000006,1.0,0.05748633879781418,36.01060698619122,-46.529093779691586,-1.7708525058537823,0.972,0.1894401711435647,0.13306884692982265,servo_0.493
12.677190553999935,0.49340000000000006,1.0,0.05748633879781418,36.009530064898755,-46.53441440319753,-1.7701542986996357,0.9875555555555555,0.1830766369989077,0.13306884692982265,servo_0.493
12.681143081999835,0.49340000000000006,1.0,0.05748633879781418,36.009530064898755,-46.53441440319753,-1.7701542986996357,0.9875555555555555,0.1830766369989077,0.10906149000005914,servo_0.493
12.68276904800041,0.49340000000000006,1.0,0.05748633879781418,36.00844153102943,-46.539809974680686,-1.7695856466567859,0.9868888888888889,0.16807429997818218,0.10906149000005914,servo_0.493
12.686501889000283,0.49340000000000006,1.0,0.05748633879781418,36.00844153102943,-46.539809974680686,-1.7695856466567859,0.9868888888888889,0.16807429997818218,0.10235085668527748,servo_0.493
12.68820846500057,0.49340000000000006,1.0,0.05748633879781418,36.00737096340291,-46.545129789084314,-1.7691851265159075,0.9811111111111112,0.15037045698474527,0.10235085668527748,servo_0.493
12.68987616100003,0.49340000000000006,1.0,0.05748633879781418,36.00730528838477,-46.54545647654836,-1.7691851265159075,0.9813333333333333,0.15037045698474527,0.10235085668527748,servo_0.493
12.691966555999898,0.49340000000000006,1.0,0.05748633879781418,36.00730528838477,-46.54545647654836,-1.7691851265159075,0.9813333333333333,0.15037045698474527,0.09276372643234441,servo_0.493
12.693602698000177,0.49340000000000006,1.0,0.05748633879781418,36.00625340749575,-46.55070108047305,-1.7682839316829309,0.9846666666666667,0.12300432175613678,0.09276372643234441,servo_0.493
12.694417953000084,0.49340000000000006,1.0,0.05748633879781418,36.00625340749575,-46.55070108047305,-1.7682839316829309,0.9846666666666667,0.12300432175613678,0.07140884465878619,servo_0.493
12.69761673100038,0.49340000000000006,1.0,0.05748633879781418,36.00625340749575,-46.55070108047305,-1.7682839316829309,0.9846666666666667,0.12300432175613678,0.08758507653463084,servo_0.493
12.699212456000168,0.49340000000000006,1.0,0.05748633879781418,36.00521022098504,-46.555918534798344,-1.7679876598098005,0.9888888888888889,0.10752567862693159,0.08758507653463084,servo_0.493
12.703041301000667,0.49340000000000006,1.0,0.05748633879781418,36.00521022098504,-46.555918534798344,-1.7679876598098005,0.9888888888888889,0.10752567862693159,0.12611196276037115,servo_0.493
12.704702500000167,0.49340000000000006,1.0,0.05748633879781418,36.00416003237594,-46.5611813523692,-1.7675282283289864,0.9866666666666667,0.10154349799924135,0.12611196276037115,servo_0.493
12.708605298000293,0.49340000000000006,1.0,0.05748633879781418,36.00416003237594,-46.5611813523692,-1.7675282283289864,0.9866666666666667,0.10154349799924135,0.14510582739189803,servo_0.493
12.710235808000107,0.49340000000000006,1.0,0.05748633879781418,36.00312838874776,-46.566365160283155,-1.7669565381572165,0.9671111111111111,0.10891403742758028,0.14510582739189803,servo_0.493
12.714044940000349,0.49340000000000006,1.0,0.05748633879781418,36.00312838874776,-46.566365160283155,-1.7669565381572165,0.9671111111111111,0.10891403742758028,0.13374432445080764,servo_0.493
12.715756571999918,0.49340000000000006,1.0,0.05748633879781418,36.0020812822387,-46.57164352063824,-1.7663055529910943,0.9735555555555555,0.11977157441687561,0.13374432445080764,servo_0.493
12.719470501000615,0.49340000000000006,1.0,0.05748633879781418,36.0020812822387,-46.57164352063824,-1.7663055529910943,0.9735555555555555,0.11977157441687561,0.11908169185813113,servo_0.493
12.721177397000247,0.49340000000000006,1.0,0.05748633879781418,36.00105333886493,-46.5768437511313,-1.7656005623372564,0.9757777777777777,0.1239633994270552,0.11908169185813113,servo_0.493
12.72488642999997,0.49340000000000006,1.0,0.05748633879781418,36.00105333886493,-46.5768437511313,-1.7656005623372564,0.9757777777777777,0.1239633994270552,0.14117796438965377,servo_0.493
12.726529260999996,0.49340000000000006,1.0,0.05748633879781418,36.000033701878515,-46.58202025467897,-1.7649607483923855,0.9731111111111111,0.12249888715637797,0.14117796438965377,servo_0.493
12.730289079000613,0.49340000000000006,1.0,0.05748633879781418,36.000033701878515,-46.58202025467897,-1.7649607483923855,0.9731111111111111,0.12249888715637797,0.1506167232803558,servo_0.493
12.731963270000051,0.49340000000000006,1.0,0.05748633879781418,35.99902190169072,-46.58717603863447,-1.7641979413145141,0.9702222222222222,0.1281026103263607,0.1506167232803558,servo_0.493
12.735759569000038,0.49340000000000006,1.0,0.05748633879781418,35.99902190169072,-46.58717603863447,-1.7641979413145141,0.9702222222222222,0.1281026103263607,0.14452946939773442,servo_0.493
12.737391168000613,0.49340000000000006,1.0,0.05748633879781418,35.99800519946741,-46.592378266365714,-1.7634011235147509,0.9755555555555555,0.13485684421255922,0.14452946939773442,servo_0.493
12.741470003000359,0.49340000000000006,1.0,0.05748633879781418,35.99800519946741,-46.592378266365714,-1.7634011235147509,0.9755555555555555,0.13485684421255922,0.13062949123985096,servo_0.493
12.743067039999914,0.49340000000000006,1.0,0.05748633879781418,35.99696277752524,-46.59773401106079,-1.7626571433337679,0.9777777777777777,0.13775863176811176,0.13062949123985096,servo_0.493
12.744678254000064,0.49340000000000006,1.0,0.05748633879781418,35.99688713605764,-46.59812341337857,-1.7626571433337679,0.972,0.13775863176811176,0.13062949123985096,servo_0.493
12.746881196000686,0.49340000000000006,1.0,0.05748633879781418,35.99688713605764,-46.59812341337857,-1.7626571433337679,0.972,0.13775863176811176,0.09864037420701095,servo_0.493
12.748618045000512,0.49340000000000006,1.0,0.05748633879781418,35.99587127817211,-46.603370075696326,-1.7614421612171107,0.9802222222222222,0.12452603498884673,0.09864037420701095,servo_0.493
12.749458773000697,0.49340000000000006,1.0,0.05748633879781418,35.99587127817211,-46.603370075696326,-1.7614421612171107,0.9802222222222222,0.12452603498884673,0.07070882444388045,servo_0.493
12.75257556500037,0.49340000000000006,1.0,0.05748633879781418,35.99587127817211,-46.603370075696326,-1.7614421612171107,0.9802222222222222,0.12452603498884673,0.08890954144613289,servo_0.493
12.754151865000495,0.49340000000000006,1.0,0.05748633879781418,35.994883812987304,-46.608491909504416,-1.7610673058170172,0.9733333333333334,0.10838087182535684,0.08890954144613289,servo_0.493
12.758040519000133,0.49340000000000006,1.0,0.05748633879781418,35.994883812987304,-46.608491909504416,-1.7610673058170172,0.9733333333333334,0.10838087182535684,0.11791320496272363,servo_0.493
12.759673045000454,0.49340000000000006,1.0,0.05748633879781418,35.993882299437814,-46.61369875094944,-1.760575222684325,0.9657777777777777,0.10253947271158964,0.11791320496272363,servo_0.493
12.763453664000735,0.49340000000000006,1.0,0.05748633879781418,35.993882299437814,-46.61369875094944,-1.760575222684325,0.9657777777777777,0.10253947271158964,0.14849095480874092,servo_0.493
12.765062830000716,0.49340000000000006,1.0,0.05748633879781418,35.992889572798134,-46.61887554697371,-1.7599466104946069,0.9686666666666667,0.10715159238692984,0.14849095480874092,servo_0.493
12.76888959400003,0.49340000000000006,1.0,0.05748633879781418,35.992889572798134,-46.61887554697371,-1.7599466104946069,0.9686666666666667,0.10715159238692984,0.18034369302663367,servo_0.493
12.770559721000609,0.49340000000000006,1.0,0.05748633879781418,35.99190851690954,-46.62401075520838,-1.759186740563915,0.964,0.11955340111347315,0.18034369302663367,servo_0.493
12.774348308000299,0.49340000000000006,1.0,0.05748633879781418,35.99190851690954,-46.62401075520838,-1.759186740563915,0.964,0.11955340111347315,0.20649473650872124,servo_0.493
12.77605085200048,0.49340000000000006,1.0,0.05748633879781418,35.99093108012006,-46.62915063802544,-1.7582524194304816,0.9608888888888889,0.1377904886874213,0.20649473650872124,servo_0.493
12.779840494999917,0.49340000000000006,1.0,0.05748633879781418,35.99093108012006,-46.62915063802544,-1.7582524194304816,0.9608888888888889,0.1377904886874213,0.2273255497916439,servo_0.493
12.781521951000286,0.49340000000000006,1.0,0.05748633879781418,35.98994915462457,-46.63434261843502,-1.757171929696343,0.9726666666666667,0.1584017630338113,0.2273255497916439,servo_0.493
12.785231144000136,0.49340000000000006,1.0,0.05748633879781418,35.98994915462457,-46.63434261843502,-1.757171929696343,0.9726666666666667,0.1584017630338113,0.23420564337553867,servo_0.493
12.786838261000412,0.49340000000000006,1.0,0.05748633879781418,35.988986341879425,-46.63946467418143,-1.756032137119783,0.9575555555555556,0.17907889906116106,0.23420564337553867,servo_0.493
12.790686562000701,0.49340000000000006,1.0,0.05748633879781418,35.988986341879425,-46.63946467418143,-1.756032137119783,0.9575555555555556,0.17907889906116106,0.19779427245121645,servo_0.493
12.79236216100071,0.49340000000000006,1.0,0.05748633879781418,35.98803410987471,-46.644562962909525,-1.7548551472759937,0.9528888888888889,0.19561692235547434,0.19779427245121645,servo_0.493
12.796259231000477,0.49340000000000006,1.0,0.05748633879781418,35.98803410987471,-46.644562962909525,-1.7548551472759937,0.9528888888888889,0.19561692235547434,0.14698919827004525,servo_0.493
12.797888077000607,0.49340000000000006,1.0,0.05748633879781418,35.987076429045715,-46.64972154245515,-1.753854325501519,0.9566666666666667,0.19627012738419697,0.14698919827004525,servo_0.493
12.803542861000096,0.49340000000000006,1.0,0.05748633879781418,35.986129999420925,-46.6548445330272,-1.7531021961523399,0.9533333333333334,0.18148584864995143,0.14698919827004525,servo_0.493
12.805537830000503,0.49340000000000006,1.0,0.05748633879781418,35.986129999420925,-46.6548445330272,-1.7531021961523399,0.9533333333333334,0.18148584864995143,0.10249952765313115,servo_0.493
12.807417755000643,0.49340000000000006,1.0,0.05748633879781418,35.98608125509869,-46.65510894091087,-1.7531021961523399,0.9468888888888889,0.18148584864995143,0.10249952765313115,servo_0.493
12.808310100000199,0.49340000000000006,1.0,0.05748633879781418,35.98608125509869,-46.65510894091087,-1.7531021961523399,0.9468888888888889,0.18148584864995143,0.08820770695273454,servo_0.493
12.809938850000435,0.49340000000000006,1.0,0.05748633879781418,35.98514921041311,-46.66017699715549,-1.7522374994957055,0.9571111111111111,0.1369152787314541,0.08820770695273454,servo_0.493
12.810756505000427,0.49340000000000006,1.0,0.05748633879781418,35.98514921041311,-46.66017699715549,-1.7522374994957055,0.9571111111111111,0.1369152787314541,0.09623662997424065,servo_0.493
12.812822163999954,0.49340000000000006,1.0,0.05748633879781418,35.98514921041311,-46.66017699715549,-1.7522374994957055,0.9571111111111111,0.1369152787314541,0.08458960287478015,servo_0.493
12.814516291000473,0.49340000000000006,1.0,0.05748633879781418,35.98419648897086,-46.66537629955606,-1.7518145760887291,0.9562222222222222,0.12471168410429005,0.08458960287478015,servo_0.493
12.81825300499986,0.49340000000000006,1.0,0.05748633879781418,35.98419648897086,-46.66537629955606,-1.7518145760887291,0.9562222222222222,0.12471168410429005,0.06863452572152057,servo_0.493
12.819904476000374,0.49340000000000006,1.0,0.05748633879781418,35.98326499419432,-46.6704714716648,-1.751422511742553,0.9473333333333334,0.11267505973543708,0.06863452572152057,servo_0.493
12.823758985000495,0.49340000000000006,1.0,0.05748633879781418,35.98326499419432,-46.6704714716648,-1.751422511742553,0.9473333333333334,0.11267505973543708,0.07516619877223811,servo_0.493
12.82537131800018,0.49340000000000006,1.0,0.05748633879781418,35.982353487473084,-46.675467036377675,-1.7511257539183134,0.9324444444444444,0.09946289953126211,0.07516619877223811,servo_0.493
12.829079263000494,0.49340000000000006,1.0,0.05748633879781418,35.982353487473084,-46.675467036377675,-1.7511257539183134,0.9324444444444444,0.09946289953126211,0.08824356808128814,servo_0.493
12.830682092000643,0.49340000000000006,1.0,0.05748633879781418,35.98143059159137,-46.68053324975098,-1.7508487839152242,0.9528888888888889,0.0921738893035549,0.08824356808128814,servo_0.493
12.834559706000618,0.49340000000000006,1.0,0.05748633879781418,35.98143059159137,-46.68053324975098,-1.7508487839152242,0.9528888888888889,0.0921738893035549,0.1411594054858073,servo_0.493
12.836231369000416,0.49340000000000006,1.0,0.05748633879781418,35.98052336757191,-46.68552243848934,-1.7504892051723813,0.9366666666666666,0.09099479293687487,0.1411594054858073,servo_0.493
12.841695300000538,0.49340000000000006,1.0,0.05748633879781418,35.97961989551838,-46.69050384576177,-1.7499404515353816,0.922,0.1060441767015546,0.1411594054858073,servo_0.493
12.842871653000657,0.49340000000000006,1.0,0.05748633879781418,35.97961989551838,-46.69050384576177,-1.7499404515353816,0.922,0.1060441767015546,0.19205935478081254,servo_0.493
12.846475147000092,0.49340000000000006,1.0,0.05748633879781418,35.97961989551838,-46.69050384576177,-1.7499404515353816,0.922,0.1060441767015546,0.23610292927038157,servo_0.493
12.849086932999853,0.49340000000000006,1.0,0.05748633879781418,35.97872040365926,-46.69548182576271,-1.7491826440304208,0.9217777777777778,0.131848730125332,0.23610292927038157,servo_0.493
12.851191632000337,0.49340000000000006,1.0,0.05748633879781418,35.97872040365926,-46.69548182576271,-1.7491826440304208,0.9217777777777778,0.131848730125332,0.24579502135977738,servo_0.493
12.853092678000394,0.49340000000000006,1.0,0.05748633879781418,35.97781844417698,-46.70049851497213,-1.748192500444324,0.9255555555555556,0.16312498986884685,0.24579502135977738,servo_0.493
12.856685706999997,0.49340000000000006,1.0,0.05748633879781418,35.97781844417698,-46.70049851497213,-1.748192500444324,0.9255555555555556,0.16312498986884685,0.21028349927827927,servo_0.493
12.85855910400005,0.49340000000000006,1.0,0.05748633879781418,35.97694262406982,-46.70539827509695,-1.747159208357072,0.9166666666666666,0.187925999316126,0.21028349927827927,servo_0.493
12.860697629000242,0.49340000000000006,1.0,0.05748633879781418,35.97688901854938,-46.70569906732966,-1.747159208357072,0.9095555555555556,0.187925999316126,0.21028349927827927,servo_0.493
12.862250505000702,0.49340000000000006,1.0,0.05748633879781418,35.97688901854938,-46.70569906732966,-1.747159208357072,0.9095555555555556,0.187925999316126,0.1870127976731669,servo_0.493
12.864546537000024,0.49340000000000006,1.0,0.05748633879781418,35.97600808447761,-46.71066734568086,-1.7454091008413841,0.924,0.19234711381529043,0.1870127976731669,servo_0.493
12.865945905000444,0.49340000000000006,1.0,0.05748633879781418,35.97600808447761,-46.71066734568086,-1.7454091008413841,0.924,0.19234711381529043,0.18295771879460093,servo_0.493
12.869076361000225,0.49340000000000006,1.0,0.05748633879781418,35.97600808447761,-46.71066734568086,-1.7454091008413841,0.924,0.19234711381529043,0.1540688291986142,servo_0.493
12.871505198000705,0.49340000000000006,1.0,0.05748633879781418,35.97504224063503,-46.71615602862565,-1.7445570357804112,0.9128888888888889,0.18953029530908358,0.1540688291986142,servo_0.493
12.874008884999967,0.49340000000000006,1.0,0.05748633879781418,35.97504224063503,-46.71615602862565,-1.7445570357804112,0.9128888888888889,0.18953029530908358,0.1376573569747315,servo_0.493
12.876051791000464,0.49340000000000006,1.0,0.05748633879781418,35.97416987159271,-46.72113652383378,-1.7438317847428926,0.906,0.17889185547594275,0.1376573569747315,servo_0.493
12.879372877000606,0.49340000000000006,1.0,0.05748633879781418,35.97416987159271,-46.72113652383378,-1.7438317847428926,0.906,0.17889185547594275,0.12246371502782841,servo_0.493
12.881564457999957,0.49340000000000006,1.0,0.05748633879781418,35.973320422138855,-46.72600663227472,-1.743128608736353,0.9066666666666666,0.16652150592557935,0.12246371502782841,servo_0.493
12.884990731000471,0.49340000000000006,1.0,0.05748633879781418,35.973320422138855,-46.72600663227472,-1.743128608736353,0.9066666666666666,0.16652150592557935,0.10293484630043982,servo_0.493
12.88701606900031,0.49340000000000006,1.0,0.05748633879781418,35.97246311838755,-46.73094046480161,-1.7425489632910964,0.9157777777777778,0.15330416865625407,0.10293484630043982,servo_0.493
12.891012245000638,0.49340000000000006,1.0,0.05748633879781418,35.97246311838755,-46.73094046480161,-1.7425489632910964,0.9157777777777778,0.15330416865625407,0.09669591707136004,servo_0.493
12.89276032700036,0.49340000000000006,1.0,0.05748633879781418,35.97159975553222,-46.735925587970655,-1.7420173761456064,0.9255555555555556,0.13819337194950979,0.09669591707136004,servo_0.493
12.895897375999994,0.49340000000000006,1.0,0.05748633879781418,35.97159975553222,-46.735925587970655,-1.7420173761456064,0.9255555555555556,0.13819337194950979,0.11063116546893025,servo_0.493
12.897480076000647,0.49340000000000006,1.0,0.05748633879781418,35.970739072989794,-46.740910744974414,-1.741502582687873,0.9282222222222222,0.12574413548606483,0.11063116546893025,servo_0.493
12.9012299420001,0.49340000000000006,1.0,0.05748633879781418,35.970739072989794,-46.740910744974414,-1.741502582687873,0.9282222222222222,0.12574413548606483,0.11577824858534799,servo_0.493
12.902775522000411,0.49340000000000006,1.0,0.05748633879781418,35.96987554003888,-46.745928256776764,-1.7409584143429706,0.938,0.12121024448092445,0.11577824858534799,servo_0.493
12.904012709000199,0.49340000000000006,1.0,0.05748633879781418,35.969833864215346,-46.74617080670354,-1.7409584143429706,0.934,0.12121024448092445,0.11577824858534799,servo_0.493
12.90653492399997,0.49340000000000006,1.0,0.05748633879781418,35.969833864215346,-46.74617080670354,-1.7409584143429706,0.934,0.12121024448092445,0.12509840526137903,servo_0.493
13.91136748000008,0.4408,1.0,0.11497267759562843,35.9126841237153,-47.28025280838179,-1.5829134679895056,0.0,0.22338796898903604,0.20593943413192609,servo_0.441
13.914554513999974,0.4408,1.0,0.11497267759562843,35.9126841237153,-47.28025280838179,-1.5829134679895056,0.0,0.22338796898903604,0.14066996641172116,servo_0.441
13.916348804000336,0.4408,1.0,0.11497267759562843,35.912680424936916,-47.2805689689812,-1.582076216447322,0.058,0.21815340853190307,0.14066996641172116,servo_0.441
13.920096814000317,0.4408,1.0,0.11497267759562843,35.912680424936916,-47.2805689689812,-1.582076216447322,0.058,0.21815340853190307,0.06574084307195975,servo_0.441
13.921812511000098,0.4408,1.0,0.11497267759562843,35.91267313385866,-47.28123103536361,-1.5815407649728312,0.12133333333333333,0.19490837589584847,0.06574084307195975,servo_0.441
13.925474022000344,0.4408,1.0,0.11497267759562843,35.91267313385866,-47.28123103536361,-1.5815407649728312,0.12133333333333333,0.19490837589584847,-0.04639224122204511,servo_0.441
13.927204695,0.4408,1.0,0.11497267759562843,35.91266513057819,-47.28198683420371,-1.5812294319713711,0.13866666666666666,0.15615811604868182,-0.04639224122204511,servo_0.441
13.931028259000414,0.4408,1.0,0.11497267759562843,35.91266513057819,-47.28198683420371,-1.5812294319713711,0.13866666666666666,0.15615811604868182,-0.13514053658655212,servo_0.441
13.9329903630005,0.4408,1.0,0.11497267759562843,35.91265655277561,-47.28280321544028,-1.5813766564077327,0.15,0.09539300886746373,-0.13514053658655212,servo_0.441
13.936487613000281,0.4408,1.0,0.11497267759562843,35.91265655277561,-47.28280321544028,-1.5813766564077327,0.15,0.09539300886746373,-0.13357562151812952,servo_0.441
13.938300049000645,0.4408,1.0,0.11497267759562843,35.912647654918004,-47.28362134750142,-1.5819667810162499,0.14955555555555555,0.026232945231258964,-0.13357562151812952,servo_0.441
13.941930007000337,0.4408,1.0,0.11497267759562843,35.912647654918004,-47.28362134750142,-1.5819667810162499,0.14955555555555555,0.026232945231258964,-0.11248400986308245,servo_0.441
13.943617095000263,0.4408,1.0,0.11497267759562843,35.91263966961105,-47.28431736523724,-1.582570565534075,0.12622222222222224,-0.021709624793557585,-0.11248400986308245,servo_0.441
13.944501120000496,0.4408,1.0,0.11497267759562843,35.91263966961105,-47.28431736523724,-1.582570565534075,0.12622222222222224,-0.021709624793557585,-0.13256008329307664,servo_0.441
13.946123726000224,0.4408,1.0,0.11497267759562843,35.912639186358376,-47.28435840656113,-1.582570565534075,0.12977777777777777,-0.021709624793557585,-0.13256008329307664,servo_0.441
13.948151111000698,0.4408,1.0,0.11497267759562843,35.9126348074397,-47.28471583967397,-1.5835228937480237,0.06644444444444444,-0.07402738320801353,-0.13256008329307664,servo_0.441
13.94896579000033,0.4408,1.0,0.11497267759562843,35.9126348074397,-47.28471583967397,-1.5835228937480237,0.06644444444444444,-0.07402738320801353,-0.16836903885644455,servo_0.441
13.95300916799988,0.4408,1.0,0.11497267759562843,35.9126348074397,-47.28471583967397,-1.5835228937480237,0.06644444444444444,-0.07402738320801353,-0.11549908272408044,servo_0.441
13.954550012000254,0.4408,1.0,0.11497267759562843,35.91262941962829,-47.285128881471294,-1.5841567364822386,0.07577777777777778,-0.10232987990254283,-0.11549908272408044,servo_0.441
13.95866625600047,0.4408,1.0,0.11497267759562843,35.91262941962829,-47.285128881471294,-1.5841567364822386,0.07577777777777778,-0.10232987990254283,-0.01718604014336464,servo_0.441
13.960563686000569,0.4408,1.0,0.11497267759562843,35.9126230538341,-47.28559809780404,-1.5845679806103392,0.086,-0.1062806407490041,-0.01718604014336464,servo_0.441
13.964026024000304,0.4408,1.0,0.11497267759562843,35.9126230538341,-47.28559809780404,-1.5845679806103392,0.086,-0.1062806407490041,0.0762680816732584,servo_0.441
13.965742424000382,0.4408,1.0,0.11497267759562843,35.9126230538341,-47.28559809780404,-1.5845666257702382,0.0,-0.07955226056731227,0.0762680816732584,servo_0.441
13.969410368000354,0.4408,1.0,0.11497267759562843,35.9126230538341,-47.28559809780404,-1.5845666257702382,0.0,-0.07955226056731227,0.12979488152135535,servo_0.441
13.971095599000364,0.4408,1.0,0.11497267759562843,35.9126230538341,-47.28559809780404,-1.5841224138611734,0.0,-0.03280615789514106,0.12979488152135535,servo_0.441
13.974827161000576,0.4408,1.0,0.11497267759562843,35.9126230538341,-47.28559809780404,-1.5841224138611734,0.0,-0.03280615789514106,0.15020077080759905,servo_0.441
13.976582889999918,0.4408,1.0,0.11497267759562843,35.9126230538341,-47.28559809780404,-1.5834610072663529,0.0,0.015974153929807864,0.15020077080759905,servo_0.441
13.980252977999953,0.4408,1.0,0.11497267759562843,35.9126230538341,-47.28559809780404,-1.5834610072663529,0.0,0.015974153929807864,0.1367251590470413,servo_0.441
13.981916609000109,0.4408,1.0,0.11497267759562843,35.9126230538341,-47.28559809780404,-1.5827345960898507,0.0,0.05624213899314522,0.1367251590470413,servo_0.441
13.985726892999992,0.4408,1.0,0.11497267759562843,35.9126230538341,-47.28559809780404,-1.5827345960898507,0.0,0.05624213899314522,0.11598952048357533,servo_0.441
13.987405180000678,0.4408,1.0,0.11497267759562843,35.9126230538341,-47.28559809780404,-1.582140773734816,0.0,0.08038704500931404,0.11598952048357533,servo_0.441
13.991422670000247,0.4408,1.0,0.11497267759562843,35.9126230538341,-47.28559809780404,-1.582140773734816,0.0,0.08038704500931404,0.10166108131819014,servo_0.441
13.993442759000573,0.4408,1.0,0.11497267759562843,35.9126230538341,-47.28559809780404,-1.5816426977663032,0.0,0.09106778765159243,0.10166108131819014,servo_0.441
13.996906793000562,0.4408,1.0,0.11497267759562843,35.9126230538341,-47.28559809780404,-1.5816426977663032,0.0,0.09106778765159243,0.08019233276327421,servo_0.441
13.998865760000626,0.4408,1.0,0.11497267759562843,35.9126230538341,-47.28559809780404,-1.5811711954556595,0.0,0.09424577575157175,0.08019233276327421,servo_0.441
13.999779290000333,0.4408,1.0,0.11497267759562843,35.9126230538341,-47.28559809780404,-1.5811711954556595,0.0,0.09424577575157175,0.06452548038017766,servo_0.441
14.001500906000729,0.4408,1.0,0.11497267759562843,35.9126230538341,-47.28559809780404,-1.5811711954556595,0.0,0.09424577575157175,0.06452548038017766,servo_0.441
14.003201114000149,0.4408,1.0,0.11497267759562843,35.9126230538341,-47.28559809780404,-1.580559415781684,0.0,0.08237846411261104,0.06452548038017766,servo_0.441
14.004094964000615,0.4408,1.0,0.11497267759562843,35.9126230538341,-47.28559809780404,-1.580559415781684,0.0,0.08237846411261104,0.05274085523733333,servo_0.441
14.00814967000042,0.4408,1.0,0.11497267759562843,35.9126230538341,-47.28559809780404,-1.580559415781684,0.0,0.08237846411261104,0.03908560910006052,servo_0.441
14.010652589000529,0.4408,1.0,0.11497267759562843,35.9126230538341,-47.28559809780404,-1.5803346448281737,0.0,0.07348718145002772,0.03908560910006052,servo_0.441
14.013395867000327,0.4408,1.0,0.11497267759562843,35.9126230538341,-47.28559809780404,-1.5803346448281737,0.0,0.07348718145002772,0.03245484148965681,servo_0.441
14.015612152999893,0.4408,1.0,0.11497267759562843,35.9126230538341,-47.28559809780404,-1.5801339562171994,0.0,0.06316670974503756,0.03245484148965681,servo_0.441
14.01886610100064,0.4408,1.0,0.11497267759562843,35.9126230538341,-47.28559809780404,-1.5801339562171994,0.0,0.06316670974503756,0.034352287590284025,servo_0.441
14.021088148000672,0.4408,1.0,0.11497267759562843,35.9126230538341,-47.28559809780404,-1.5800039339129437,0.0,0.05395314926842333,0.034352287590284025,servo_0.441
14.024380337000366,0.4408,1.0,0.11497267759562843,35.9126230538341,-47.28559809780404,-1.5800039339129437,0.0,0.05395314926842333,0.03942198299049435,servo_0.441
14.026698418000706,0.4408,1.0,0.11497267759562843,35.9126230538341,-47.28559809780404,-1.5798276152436956,0.0,0.04807289076498153,0.03942198299049435,servo_0.441
14.029813546000696,0.4408,1.0,0.11497267759562843,35.9126230538341,-47.28559809780404,-1.5798276152436956,0.0,0.04807289076498153,0.06048585615831257,servo_0.441
14.032023849000325,0.4408,1.0,0.11497267759562843,35.9126230538341,-47.28559809780404,-1.5795840678116806,0.0,0.04547761843263537,0.06048585615831257,servo_0.441
14.035709585000404,0.4408,1.0,0.11497267759562843,35.9126230538341,-47.28559809780404,-1.5795840678116806,0.0,0.04547761843263537,0.07525594730097378,servo_0.441
14.037518404000366,0.4408,1.0,0.11497267759562843,35.9126230538341,-47.28559809780404,-1.5792552689733863,0.0,0.049980089750338526,0.07525594730097378,servo_0.441
14.040879875000428,0.4408,1.0,0.11497267759562843,35.9126230538341,-47.28559809780404,-1.5792552689733863,0.0,0.049980089750338526,0.06554010314360582,servo_0.441
14.042550162000225,0.4408,1.0,0.11497267759562843,35.9126230538341,-47.28559809780404,-1.5788515541839045,0.0,0.0575628470155291,0.06554010314360582,servo_0.441
14.04631782100023,0.4408,1.0,0.11497267759562843,35.9126230538341,-47.28559809780404,-1.5788515541839045,0.0,0.0575628470155291,0.05431865334752918,servo_0.441
14.048056014000394,0.4408,1.0,0.11497267759562843,35.9126230538341,-47.28559809780404,-1.5785192110414237,0.0,0.059956023853952115,0.05431865334752918,servo_0.441
14.051961019999908,0.4408,1.0,0.11497267759562843,35.9126230538341,-47.28559809780404,-1.5785192110414237,0.0,0.059956023853952115,0.05526078403384754,servo_0.441
14.05363566000051,0.4408,1.0,0.11497267759562843,35.9126230538341,-47.28559809780404,-1.578247187226621,0.0,0.05826481270202523,0.05526078403384754,servo_0.441
14.054449922999993,0.4408,1.0,0.11497267759562843,35.9126230538341,-47.28559809780404,-1.578247187226621,0.0,0.05826481270202523,0.05814157531925669,servo_0.441
14.056067024000185,0.4408,1.0,0.11497267759562843,35.9126230538341,-47.28559809780404,-1.578247187226621,0.0,0.05826481270202523,0.05814157531925669,servo_0.441
14.05805898500057,0.4408,1.0,0.11497267759562843,35.9126230538341,-47.28559809780404,-1.577685738934516,0.0,0.05759699546687734,0.05814157531925669,servo_0.441
14.058916001000398,0.4408,1.0,0.11497267759562843,35.9126230538341,-47.28559809780404,-1.577685738934516,0.0,0.05759699546687734,0.052717573383741154,servo_0.441
14.063028692999978,0.4408,1.0,0.11497267759562843,35.9126230538341,-47.28559809780404,-1.577685738934516,0.0,0.05759699546687734,0.04284756964996044,servo_0.441
14.06469152400041,0.4408,1.0,0.11497267759562843,35.9126230538341,-47.28559809780404,-1.5773861792630581,0.0,0.05613316884193648,0.04284756964996044,servo_0.441
14.069402281000293,0.4408,1.0,0.11497267759562843,35.9126230538341,-47.28559809780404,-1.5771182174693987,0.0,0.05214748908434367,0.04284756964996044,servo_0.441
14.070294881999871,0.4408,1.0,0.11497267759562843,35.9126230538341,-47.28559809780404,-1.5771182174693987,0.0,0.05214748908434367,0.04863491830432526,servo_0.441
14.074023436000061,0.4408,1.0,0.11497267759562843,35.9126230538341,-47.28559809780404,-1.5771182174693987,0.0,0.05214748908434367,0.07990396235148907,servo_0.441
14.075808926000718,0.4408,1.0,0.11497267759562843,35.9126230538341,-47.28559809780404,-1.5768279334716968,0.0,0.051093717850338144,0.07990396235148907,servo_0.441
14.079475430000457,0.4408,1.0,0.11497267759562843,35.9126230538341,-47.28559809780404,-1.5768279334716968,0.0,0.051093717850338144,0.10904784962185089,servo_0.441
14.081245688000308,0.4408,1.0,0.11497267759562843,35.9126230538341,-47.28559809780404,-1.576419124764369,0.0,0.05973679120068342,0.10904784962185089,servo_0.441
14.084863134000443,0.4408,1.0,0.11497267759562843,35.9126230538341,-47.28559809780404,-1.576419124764369,0.0,0.05973679120068342,0.13515232939675412,servo_0.441
14.086607150999953,0.4408,1.0,0.11497267759562843,35.9126230538341,-47.28559809780404,-1.575917960420049,0.0,0.07453010872703367,0.13515232939675412,servo_0.441
14.090303288000541,0.4408,1.0,0.11497267759562843,35.9126230538341,-47.28559809780404,-1.575917960420049,0.0,0.07453010872703367,0.13873208395501138,servo_0.441
14.092120107000483,0.4408,1.0,0.11497267759562843,35.9126230538341,-47.28559809780404,-1.5753310612875642,0.0,0.0927167749279498,0.13873208395501138,servo_0.441
14.095758641999964,0.4408,1.0,0.11497267759562843,35.9126230538341,-47.28559809780404,-1.5753310612875642,0.0,0.0927167749279498,0.11874641652164696,servo_0.441
14.097522916000344,0.4408,1.0,0.11497267759562843,35.9126230538341,-47.28559809780404,-1.5747526378268348,0.0,0.10652136763606826,0.11874641652164696,servo_0.441
14.101471379000031,0.4408,1.0,0.11497267759562843,35.9126230538341,-47.28559809780404,-1.5747526378268348,0.0,0.10652136763606826,0.0728622232118049,servo_0.441
14.103622288000224,0.4408,1.0,0.11497267759562843,35.9126230538341,-47.28559809780404,-1.57430580905062,0.0,0.11018888230174187,0.0728622232118049,servo_0.441
14.106802346000222,0.4408,1.0,0.11497267759562843,35.9126230538341,-47.28559809780404,-1.57430580905062,0.0,0.11018888230174187,0.012776618319087926,servo_0.441
14.108802946000651,0.4408,1.0,0.11497267759562843,35.91262187697984,-47.28595020493036,-1.5739714571951786,0.06466666666666666,0.09899088457476077,0.012776618319087926,servo_0.441
14.110236139000335,0.4408,1.0,0.11497267759562843,35.912621790266165,-47.28597751511158,-1.5739714571951786,0.08422222222222223,0.09899088457476077,0.012776618319087926,servo_0.441
14.112186850000398,0.4408,1.0,0.11497267759562843,35.912621790266165,-47.28597751511158,-1.5739714571951786,0.08422222222222223,0.09899088457476077,0.0325020834706813,servo_0.441
14.11401797400049,0.4408,1.0,0.11497267759562843,35.91261997098954,-47.28656844886133,-1.573778471649879,0.10844444444444444,0.06093924832984561,0.0325020834706813,servo_0.441
14.114874509999936,0.4408,1.0,0.11497267759562843,35.91261997098954,-47.28656844886133,-1.573778471649879,0.10844444444444444,0.06093924832984561,0.07417884844284804,servo_0.441
14.117822913000055,0.4408,1.0,0.11497267759562843,35.91261997098954,-47.28656844886133,-1.573778471649879,0.10844444444444444,0.06093924832984561,0.02389673171479515,servo_0.441
14.119741815000452,0.4408,1.0,0.11497267759562843,35.912618274540144,-47.28717035945931,-1.573451048629615,0.11266666666666666,0.06491112836374634,0.02389673171479515,servo_0.441
14.12324661799994,0.4408,1.0,0.11497267759562843,35.912618274540144,-47.28717035945931,-1.573451048629615,0.11266666666666666,0.06491112836374634,-0.07586813313417734,servo_0.441
14.125135344000228,0.4408,1.0,0.11497267759562843,35.912616549064765,-47.287854297719434,-1.5731872993504583,0.12577777777777777,0.05260680936906098,-0.07586813313417734,servo_0.441
14.128716404999977,0.4408,1.0,0.11497267759562843,35.912616549064765,-47.287854297719434,-1.5731872993504583,0.12577777777777777,0.05260680936906098,-0.1363751114888856,servo_0.441
14.130757902999903,0.4408,1.0,0.11497267759562843,35.91261480632291,-47.28854547820307,-1.5734481417855841,0.12711111111111112,0.014064326618089484,-0.1363751114888856,servo_0.441
14.134147757999926,0.4408,1.0,0.11497267759562843,35.91261480632291,-47.28854547820307,-1.5734481417855841,0.12711111111111112,0.014064326618089484,-0.12539562236141027,servo_0.441
14.136067077000007,0.4408,1.0,0.11497267759562843,35.91261269189201,-47.28926644717081,-1.5740100203895921,0.1322222222222222,-0.03106750481400304,-0.12539562236141027,servo_0.441
14.139540775000569,0.4408,1.0,0.11497267759562843,35.91261269189201,-47.28926644717081,-1.5740100203895921,0.1322222222222222,-0.03106750481400304,-0.06457065008897893,servo_0.441
14.141508317999978,0.4408,1.0,0.11497267759562843,35.912610175824135,-47.28999188985616,-1.5745192467638303,0.13377777777777777,-0.05936594007822521,-0.06457065008897893,servo_0.441
14.144962880000094,0.4408,1.0,0.11497267759562843,35.912610175824135,-47.28999188985616,-1.5745192467638303,0.13377777777777777,-0.05936594007822521,-0.012893900396484193,servo_0.441
14.146867414000553,0.4408,1.0,0.11497267759562843,35.912606779847266,-47.290884397394365,-1.5746833380198615,0.16444444444444445,-0.06092735308145132,-0.012893900396484193,servo_0.441
14.150611168000069,0.4408,1.0,0.11497267759562843,35.912606779847266,-47.290884397394365,-1.5746833380198615,0.16444444444444445,-0.06092735308145132,0.003344112655461085,servo_0.441
14.15259535200039,0.4408,1.0,0.11497267759562843,35.912603199061806,-47.29181578488304,-1.574598419972938,0.1668888888888889,-0.04651731727596118,0.003344112655461085,servo_0.441
14.156121179000365,0.4408,1.0,0.11497267759562843,35.912603199061806,-47.29181578488304,-1.574598419972938,0.1668888888888889,-0.04651731727596118,0.016083296916476583,servo_0.441
14.158392731000276,0.4408,1.0,0.11497267759562843,35.9125999842881,-47.29267298731448,-1.5744948157823904,0.158,-0.0315588882965345,0.016083296916476583,servo_0.441
14.161607254000046,0.4408,1.0,0.11497267759562843,35.9125999842881,-47.29267298731448,-1.5744948157823904,0.158,-0.0315588882965345,0.03249628277293197,servo_0.441
14.1635901260006,0.4408,1.0,0.11497267759562843,35.9125999842881,-47.29267298731448,-1.5744026649498803,0.0,-0.017266232732631174,0.03249628277293197,servo_0.441
14.165264541999932,0.4408,1.0,0.11497267759562843,35.9125999842881,-47.29267298731448,-1.5744026649498803,0.0,-0.017266232732631174,0.03249628277293197,servo_0.441
14.166979854000601,0.4408,1.0,0.11497267759562843,35.9125999842881,-47.29267298731448,-1.5744026649498803,0.0,-0.017266232732631174,0.06330236539290993,servo_0.441
14.168746752000516,0.4408,1.0,0.11497267759562843,35.9125999842881,-47.29267298731448,-1.574237537562865,0.0,-0.0023374780809622304,0.06330236539290993,servo_0.441
14.169564343000275,0.4408,1.0,0.11497267759562843,35.9125999842881,-47.29267298731448,-1.574237537562865,0.0,-0.0023374780809622304,0.0700514397735512,servo_0.441
14.172464936999859,0.4408,1.0,0.11497267759562843,35.9125999842881,-47.29267298731448,-1.574237537562865,0.0,-0.0023374780809622304,0.03755278928396259,servo_0.441
14.174209946000701,0.4408,1.0,0.11497267759562843,35.9125999842881,-47.29267298731448,-1.573611064632923,0.0,0.03316356440490495,0.03755278928396259,servo_0.441
14.17790515500019,0.4408,1.0,0.11497267759562843,35.9125999842881,-47.29267298731448,-1.573611064632923,0.0,0.03316356440490495,0.0048996738907034244,servo_0.441
14.179600787000709,0.4408,1.0,0.11497267759562843,35.9125999842881,-47.29267298731448,-1.5734552157149522,0.0,0.03448033186862224,0.0048996738907034244,servo_0.441
14.183314939999946,0.4408,1.0,0.11497267759562843,35.9125999842881,-47.29267298731448,-1.5734552157149522,0.0,0.03448033186862224,0.00038638195696258284,servo_0.441
14.185172400000738,0.4408,1.0,0.11497267759562843,35.9125999842881,-47.29267298731448,-1.5734666466425038,0.0,0.025606134475246595,0.00038638195696258284,servo_0.441
14.188775734000046,0.4408,1.0,0.11497267759562843,35.9125999842881,-47.29267298731448,-1.5734666466425038,0.0,0.025606134475246595,0.023538642658504177,servo_0.441
14.190692012,0.4408,1.0,0.11497267759562843,35.9125999842881,-47.29267298731448,-1.5734717110650913,0.0,0.01804020871976139,0.023538642658504177,servo_0.441
14.194152142000348,0.4408,1.0,0.11497267759562843,35.9125999842881,-47.29267298731448,-1.5734717110650913,0.0,0.01804020871976139,0.037741399345789045,servo_0.441
14.196054724000533,0.4408,1.0,0.11497267759562843,35.9125999842881,-47.29267298731448,-1.5733693505626976,0.0,0.019689738901384226,0.037741399345789045,servo_0.441
14.19956960700074,0.4408,1.0,0.11497267759562843,35.9125999842881,-47.29267298731448,-1.5733693505626976,0.0,0.019689738901384226,0.013525621972699704,servo_0.441
14.201500957000462,0.4408,1.0,0.11497267759562843,35.9125999842881,-47.29267298731448,-1.573165047179188,0.0,0.02510523703470567,0.013525621972699704,servo_0.441
14.20516698100073,0.4408,1.0,0.11497267759562843,35.9125999842881,-47.29267298731448,-1.573165047179188,0.0,0.02510523703470567,-0.02640432674651093,servo_0.441
14.207132092999927,0.4408,1.0,0.11497267759562843,35.9125999842881,-47.29267298731448,-1.5730813351641078,0.0,0.02163135251610388,-0.02640432674651093,servo_0.441
14.210556765000547,0.4408,1.0,0.11497267759562843,35.9125999842881,-47.29267298731448,-1.5730813351641078,0.0,0.02163135251610388,-0.019723079749882612,servo_0.441
14.212558230000468,0.4408,1.0,0.11497267759562843,35.9125999842881,-47.29267298731448,-1.5731579898118115,0.0,0.007220648737319438,-0.019723079749882612,servo_0.441
14.21606866500042,0.4408,1.0,0.11497267759562843,35.9125999842881,-47.29267298731448,-1.5731579898118115,0.0,0.007220648737319438,0.040499210845485384,servo_0.441
14.218078802000491,0.4408,1.0,0.11497267759562843,35.9125999842881,-47.29267298731448,-1.5732209741333467,0.0,-0.0008624698088411775,0.040499210845485384,servo_0.441
14.221684504000223,0.4408,1.0,0.11497267759562843,35.9125999842881,-47.29267298731448,-1.5732209741333467,0.0,-0.0008624698088411775,0.08121803261236142,servo_0.441
14.223609518000558,0.4408,1.0,0.11497267759562843,35.9125999842881,-47.29267298731448,-1.5730342219889186,0.0,0.011546034387456789,0.08121803261236142,servo_0.441
14.226843465999991,0.4408,1.0,0.11497267759562843,35.9125999842881,-47.29267298731448,-1.5730342219889186,0.0,0.011546034387456789,0.04729327184260298,servo_0.441
14.228498008000315,0.4408,1.0,0.11497267759562843,35.9125999842881,-47.29267298731448,-1.572625863056273,0.0,0.03244763385492817,0.04729327184260298,servo_0.441
14.22915853900031,0.4408,1.0,0.11497267759562843,35.9125999842881,-47.29267298731448,-1.572625863056273,0.0,0.03244763385492817,-0.00888599796021276,servo_0.441
14.231031232000532,0.4408,1.0,0.11497267759562843,35.9125999842881,-47.29267298731448,-1.572625863056273,0.0,0.03244763385492817,-0.00888599796021276,servo_0.441
14.232505226000285,0.4408,1.0,0.11497267759562843,35.9125999842881,-47.29267298731448,-1.572625863056273,0.0,0.03244763385492817,-0.045605505985332875,servo_0.441
14.234072117999858,0.4408,1.0,0.11497267759562843,35.9125999842881,-47.29267298731448,-1.572305266472471,0.0,0.0231651282877976,-0.045605505985332875,servo_0.441
14.238093927000591,0.4408,1.0,0.11497267759562843,35.9125999842881,-47.29267298731448,-1.572305266472471,0.0,0.0231651282877976,-0.005289371860330928,servo_0.441
14.239737590000004,0.4408,1.0,0.11497267759562843,35.9125999842881,-47.29267298731448,-1.5725190070886839,0.0,0.0025339380058584573,-0.005289371860330928,servo_0.441
14.24362186000053,0.4408,1.0,0.11497267759562843,35.9125999842881,-47.29267298731448,-1.5725190070886839,0.0,0.0025339380058584573,0.04848887720804804,servo_0.441
14.245531225999912,0.4408,1.0,0.11497267759562843,35.9125999842881,-47.29267298731448,-1.5725466118695435,0.0,0.0001869450460016415,0.04848887720804804,servo_0.441
14.249067037000714,0.4408,1.0,0.11497267759562843,35.9125999842881,-47.29267298731448,-1.5725466118695435,0.0,0.0001869450460016415,0.09137211657185873,servo_0.441
14.2518472440006,0.4408,1.0,0.11497267759562843,35.9125999842881,-47.29267298731448,-1.5723450142868929,0.0,0.014677524694615559,0.09137211657185873,servo_0.441
14.25440702800006,0.4408,1.0,0.11497267759562843,35.9125999842881,-47.29267298731448,-1.5723450142868929,0.0,0.014677524694615559,0.10775631636170334,servo_0.441
14.25608438800009,0.4408,1.0,0.11497267759562843,35.9125999842881,-47.29267298731448,-1.5718720122732461,0.0,0.037685902257788506,0.10775631636170334,servo_0.441
14.259869518999949,0.4408,1.0,0.11497267759562843,35.9125999842881,-47.29267298731448,-1.5718720122732461,0.0,0.037685902257788506,0.0710804519292442,servo_0.441
14.261481884000204,0.4408,1.0,0.11497267759562843,35.9125999842881,-47.29267298731448,-1.5713740753924077,0.0,0.05870702648896295,0.0710804519292442,servo_0.441
14.265403594999952,0.4408,1.0,0.11497267759562843,35.9125999842881,-47.29267298731448,-1.5713740753924077,0.0,0.05870702648896295,0.047846959677987265,servo_0.441
14.267938226999831,0.4408,1.0,0.11497267759562843,35.9125999842881,-47.29267298731448,-1.5710378389360784,0.0,0.06241905412104732,0.047846959677987265,servo_0.441
14.270771299000444,0.4408,1.0,0.11497267759562843,35.9125999842881,-47.29267298731448,-1.5710378389360784,0.0,0.06241905412104732,0.03346689679934657,servo_0.441
14.272769627000343,0.4408,1.0,0.11497267759562843,35.9125999842881,-47.29267298731448,-1.570770625529946,0.0,0.0580474257881293,0.03346689679934657,servo_0.441
14.276470948000679,0.4408,1.0,0.11497267759562843,35.9125999842881,-47.29267298731448,-1.570770625529946,0.0,0.0580474257881293,0.02351980911617027,servo_0.441
14.278420379000636,0.4408,1.0,0.11497267759562843,35.9125999842881,-47.29267298731448,-1.5705819860746595,0.0,0.05067326709149448,0.02351980911617027,servo_0.441
14.281600181000613,0.4408,1.0,0.11497267759562843,35.9125999842881,-47.29267298731448,-1.5705819860746595,0.0,0.05067326709149448,0.004668119836150791,servo_0.441
14.28342285600047,0.4408,1.0,0.11497267759562843,35.9125999842881,-47.29267298731448,-1.5704072671508935,0.0,0.04252722969889721,0.004668119836150791,servo_0.441
14.284268832000635,0.4408,1.0,0.11497267759562843,35.9125999842881,-47.29267298731448,-1.5704072671508935,0.0,0.04252722969889721,-0.010625581026036323,servo_0.441
14.286384540000654,0.4408,1.0,0.11497267759562843,35.9125999842881,-47.29267298731448,-1.5704072671508935,0.0,0.04252722969889721,-0.010625581026036323,servo_0.441
14.288034539000364,0.4408,1.0,0.11497267759562843,35.9125999842881,-47.29267298731448,-1.5703646091992727,0.0,0.0186309734102404,-0.010625581026036323,servo_0.441
14.288889090999874,0.4408,1.0,0.11497267759562843,35.9125999842881,-47.29267298731448,-1.5703646091992727,0.0,0.0186309734102404,0.0005949583798649457,servo_0.441
14.292642989000342,0.4408,1.0,0.11497267759562843,35.9125999842881,-47.29267298731448,-1.5703646091992727,0.0,0.0186309734102404,0.010373939350753656,servo_0.441
14.294335773000057,0.4408,1.0,0.11497267759562843,35.9125999842881,-47.29267298731448,-1.5703290137813644,0.0,0.013220168901127764,0.010373939350753656,servo_0.441
14.297872703999928,0.4408,1.0,0.11497267759562843,35.9125999842881,-47.29267298731448,-1.5703290137813644,0.0,0.013220168901127764,0.025454474973625945,servo_0.441
14.299346314000104,0.4408,1.0,0.11497267759562843,35.9125999842881,-47.29267298731448,-1.5702478893343697,0.0,0.01236630003601553,0.025454474973625945,servo_0.441
14.303285177000362,0.4408,1.0,0.11497267759562843,35.9125999842881,-47.29267298731448,-1.5702478893343697,0.0,0.01236630003601553,0.03893716283642383,servo_0.441
14.304810213000565,0.4408,1.0,0.11497267759562843,35.9125999842881,-47.29267298731448,-1.570092845890718,0.0,0.016292752517298652,0.03893716283642383,servo_0.441
14.308859735000624,0.4408,1.0,0.11497267759562843,35.9125999842881,-47.29267298731448,-1.570092845890718,0.0,0.016292752517298652,0.04022930363019506,servo_0.441
14.310756589000448,0.4408,1.0,0.11497267759562843,35.9125999842881,-47.29267298731448,-1.5698809798535078,0.0,0.023086075613036203,0.04022930363019506,servo_0.441
14.314254575000632,0.4408,1.0,0.11497267759562843,35.9125999842881,-47.29267298731448,-1.5698809798535078,0.0,0.023086075613036203,0.0291169664568114,servo_0.441
14.316256680000151,0.4408,1.0,0.11497267759562843,35.9125999842881,-47.29267298731448,-1.5696467622626609,0.0,0.02822904401818386,0.0291169664568114,servo_0.441
14.319725162000395,0.4408,1.0,0.11497267759562843,35.9125999842881,-47.29267298731448,-1.5696467622626609,0.0,0.02822904401818386,0.026036344462889233,servo_0.441
14.321761058999982,0.4408,1.0,0.11497267759562843,35.9125999842881,-47.29267298731448,-1.569483891955917,0.0,0.02849542074977212,0.026036344462889233,servo_0.441
14.325541965999946,0.4408,1.0,0.11497267759562843,35.9125999842881,-47.29267298731448,-1.569483891955917,0.0,0.02849542074977212,0.023069576766757156,servo_0.441
14.327228894000655,0.4408,1.0,0.11497267759562843,35.9125999842881,-47.29267298731448,-1.5693259153998778,0.0,0.027757697863707253,0.023069576766757156,servo_0.441
14.331484662000548,0.4408,1.0,0.11497267759562843,35.9125999842881,-47.29267298731448,-1.5691815865534235,0.0,0.026351261534622222,0.023069576766757156,servo_0.441
14.333060898999975,0.4408,1.0,0.11497267759562843,35.9125999842881,-47.29267298731448,-1.5691815865534235,0.0,0.026351261534622222,0.017113213090523983,servo_0.441
14.336753387000499,0.4408,1.0,0.11497267759562843,35.9125999842881,-47.29267298731448,-1.5691815865534235,0.0,0.026351261534622222,0.010437687729050127,servo_0.441
14.338319895000495,0.4408,1.0,0.11497267759562843,35.9125999842881,-47.29267298731448,-1.5690652475852693,0.0,0.023579847001392748,0.010437687729050127,servo_0.441
14.338919528000588,0.4408,1.0,0.11497267759562843,35.9125999842881,-47.29267298731448,-1.5690652475852693,0.0,0.023579847001392748,0.01030988928623995,servo_0.441
14.340333040000587,0.4408,1.0,0.11497267759562843,35.9125999842881,-47.29267298731448,-1.5690652475852693,0.0,0.023579847001392748,0.01030988928623995,servo_0.441
14.342184004000046,0.4408,1.0,0.11497267759562843,35.9125999842881,-47.29267298731448,-1.5690652475852693,0.0,0.023579847001392748,0.015611444068260689,servo_0.441
14.343687727000543,0.4408,1.0,0.11497267759562843,35.9125999842881,-47.29267298731448,-1.5689136295828596,0.0,0.016839006239654952,0.015611444068260689,servo_0.441
14.347931815000265,0.4408,1.0,0.11497267759562843,35.9125999842881,-47.29267298731448,-1.5689136295828596,0.0,0.016839006239654952,0.02529050955485573,servo_0.441
14.349982112999896,0.4408,1.0,0.11497267759562843,35.9125999842881,-47.29267298731448,-1.568808473913865,0.0,0.016470737588236674,0.02529050955485573,servo_0.441
14.353082743999948,0.4408,1.0,0.11497267759562843,35.9125999842881,-47.29267298731448,-1.568808473913865,0.0,0.016470737588236674,0.029890683413101273,servo_0.441
14.354827146000389,0.4408,1.0,0.11497267759562843,35.9125999842881,-47.29267298731448,-1.568638870549856,0.0,0.01911666917822239,0.029890683413101273,servo_0.441
14.358453808000377,0.4408,1.0,0.11497267759562843,35.9125999842881,-47.29267298731448,-1.568638870549856,0.0,0.01911666917822239,0.028115536743752143,servo_0.441
14.360272867000276,0.4408,1.0,0.11497267759562843,35.9125999842881,-47.29267298731448,-1.5684722880598452,0.0,0.022348873448686052,0.028115536743752143,servo_0.441
14.363887176999924,0.4408,1.0,0.11497267759562843,35.9125999842881,-47.29267298731448,-1.5684722880598452,0.0,0.022348873448686052,0.03555942569160589,servo_0.441
14.365806752000026,0.4408,1.0,0.11497267759562843,35.9125999842881,-47.29267298731448,-1.5682963340773086,0.0,0.02407887243720588,0.03555942569160589,servo_0.441
14.369243137000012,0.4408,1.0,0.11497267759562843,35.9125999842881,-47.29267298731448,-1.5682963340773086,0.0,0.02407887243720588,0.05014149766130751,servo_0.441
14.371323164000387,0.4408,1.0,0.11497267759562843,35.9125999842881,-47.29267298731448,-1.5681006130992599,0.0,0.02752303841352588,0.05014149766130751,servo_0.441
14.374602584000058,0.4408,1.0,0.11497267759562843,35.9125999842881,-47.29267298731448,-1.5681006130992599,0.0,0.02752303841352588,0.08058167026988698,servo_0.441
14.376309448000029,0.4408,1.0,0.11497267759562843,35.9125999842881,-47.29267298731448,-1.5678591115505083,0.0,0.034308576187860367,0.08058167026988698,servo_0.441
14.38002782500007,0.4408,1.0,0.11497267759562843,35.9125999842881,-47.29267298731448,-1.5678591115505083,0.0,0.034308576187860367,0.0983508469846273,servo_0.441
14.381520988000375,0.4408,1.0,0.11497267759562843,35.9125999842881,-47.29267298731448,-1.5675162170031347,0.0,0.048190504412468346,0.0983508469846273,servo_0.441
14.385261061000165,0.4408,1.0,0.11497267759562843,35.9125999842881,-47.29267298731448,-1.5675162170031347,0.0,0.048190504412468346,0.06770104614755576,servo_0.441
14.386754159000702,0.4408,1.0,0.11497267759562843,35.9125999842881,-47.29267298731448,-1.5670717398443106,0.0,0.06323860718411603,0.06770104614755576,servo_0.441
14.390729663999991,0.4408,1.0,0.11497267759562843,35.9125999842881,-47.29267298731448,-1.5670717398443106,0.0,0.06323860718411603,0.02409956056012911,servo_0.441
14.392411311000615,0.4408,1.0,0.11497267759562843,35.9125999842881,-47.29267298731448,-1.5667155505700603,0.0,0.06457733887314794,0.02409956056012911,servo_0.441
14.396161049000511,0.4408,1.0,0.11497267759562843,35.9125999842881,-47.29267298731448,-1.5667155505700603,0.0,0.06457733887314794,0.021004388968157782,servo_0.441
14.397742566000488,0.4408,1.0,0.11497267759562843,35.9125999842881,-47.29267298731448,-1.5666123617972199,0.0,0.05243400537924228,0.021004388968157782,servo_0.441
14.401734775000477,0.4408,1.0,0.11497267759562843,35.9125999842881,-47.29267298731448,-1.5666123617972199,0.0,0.05243400537924228,0.03071133858360379,servo_0.441
14.403375237000546,0.4408,1.0,0.11497267759562843,35.9125999842881,-47.29267298731448,-1.5665423420321525,0.0,0.04300512045591693,0.03071133858360379,servo_0.441
14.40445091499987,0.4408,1.0,0.11497267759562843,35.9125999842881,-47.29267298731448,-1.5665423420321525,0.0,0.04300512045591693,0.008016319819706767,servo_0.441
14.40614587500022,0.4408,1.0,0.11497267759562843,35.9125999842881,-47.29267298731448,-1.5665423420321525,0.0,0.04300512045591693,0.008016319819706767,servo_0.441
14.407882148000681,0.4408,1.0,0.11497267759562843,35.9125999842881,-47.29267298731448,-1.5663277612494064,0.0,0.02992678607186812,0.008016319819706767,servo_0.441
14.408736060000592,0.4408,1.0,0.11497267759562843,35.9125999842881,-47.29267298731448,-1.5663277612494064,0.0,0.02992678607186812,-0.03953407710525146,servo_0.441
14.41345661000014,0.4408,1.0,0.11497267759562843,35.9125999842881,-47.29267298731448,-1.5664805485846014,0.0,0.009088527118732245,-0.03953407710525146,servo_0.441
14.415061615000013,0.4408,1.0,0.11497267759562843,35.9125999842881,-47.29267298731448,-1.5664805485846014,0.0,0.009088527118732245,-0.09681393671954258,servo_0.441
14.4195904470007,0.4408,1.0,0.11497267759562843,35.9125999842881,-47.29267298731448,-1.5669225430853606,0.0,-0.0226822120327502,-0.09681393671954258,servo_0.441
14.421221020999837,0.4408,1.0,0.11497267759562843,35.9125999842881,-47.29267298731448,-1.5669225430853606,0.0,-0.0226822120327502,-0.15816931497376602,servo_0.441
14.42516663600054,0.4408,1.0,0.11497267759562843,35.9125999842881,-47.29267298731448,-1.5669225430853606,0.0,-0.0226822120327502,-0.1514433684827164,servo_0.441
14.426998560000357,0.4408,1.0,0.11497267759562843,35.9125999842881,-47.29267298731448,-1.5675743271100915,0.0,-0.06332834291505494,-0.1514433684827164,servo_0.441
14.430591334000383,0.4408,1.0,0.11497267759562843,35.9125999842881,-47.29267298731448,-1.5675743271100915,0.0,-0.06332834291505494,-0.07447675630028704,servo_0.441
14.432519228000274,0.4408,1.0,0.11497267759562843,35.9125999842881,-47.29267298731448,-1.5681817559074713,0.0,-0.08976285058535338,-0.07447675630028704,servo_0.441
14.436911960000543,0.4408,1.0,0.11497267759562843,35.9125999842881,-47.29267298731448,-1.5681817559074713,0.0,-0.08976285058535338,-0.009922925738067632,servo_0.441
14.438740972000232,0.4408,1.0,0.11497267759562843,35.9125999842881,-47.29267298731448,-1.5684419174909037,0.0,-0.08517702229983348,-0.009922925738067632,servo_0.441
14.442479669000022,0.4408,1.0,0.11497267759562843,35.9125999842881,-47.29267298731448,-1.5684419174909037,0.0,-0.08517702229983348,0.013356527888236484,servo_0.441
14.444589360999998,0.4408,1.0,0.11497267759562843,35.9125999842881,-47.29267298731448,-1.5684280921173934,0.0,-0.06260079333130372,0.013356527888236484,servo_0.441
14.44599516100061,0.4408,1.0,0.11497267759562843,35.9125999842881,-47.29267298731448,-1.5684280921173934,0.0,-0.06260079333130372,0.020108532786374148,servo_0.441
14.447808236000128,0.4408,1.0,0.11497267759562843,35.9125999842881,-47.29267298731448,-1.5684280921173934,0.0,-0.06260079333130372,0.020108532786374148,servo_0.441
14.449467002999882,0.4408,1.0,0.11497267759562843,35.9125999842881,-47.29267298731448,-1.5682212966484312,0.0,-0.021836958039896916,0.020108532786374148,servo_0.441
14.450771296000312,0.4408,1.0,0.11497267759562843,35.9125999842881,-47.29267298731448,-1.5682212966484312,0.0,-0.021836958039896916,0.050804595644412816,servo_0.441
14.453275941999891,0.4408,1.0,0.11497267759562843,35.9125999842881,-47.29267298731448,-1.5682212966484312,0.0,-0.021836958039896916,0.06232225137154432,servo_0.441
14.45488094800021,0.4408,1.0,0.11497267759562843,35.9125999842881,-47.29267298731448,-1.5680217092621416,0.0,-4.449193460399556e-05,0.06232225137154432,servo_0.441
14.458885572999861,0.4408,1.0,0.11497267759562843,35.9125999842881,-47.29267298731448,-1.5680217092621416,0.0,-4.449193460399556e-05,0.04856325430386691,servo_0.441
14.46084031600003,0.4408,1.0,0.11497267759562843,35.9125999842881,-47.29267298731448,-1.5677697663994037,0.0,0.018665531057240496,0.04856325430386691,servo_0.441
14.464337086999876,0.4408,1.0,0.11497267759562843,35.9125999842881,-47.29267298731448,-1.5677697663994037,0.0,0.018665531057240496,0.00030228802922405856,servo_0.441
14.466046606999953,0.4408,1.0,0.11497267759562843,35.9125999842881,-47.29267298731448,-1.567502356244145,0.0,0.02763484803122842,0.00030228802922405856,servo_0.441
14.469788985000378,0.4408,1.0,0.11497267759562843,35.9125999842881,-47.29267298731448,-1.567502356244145,0.0,0.02763484803122842,-0.04002808932627196,servo_0.441
14.471607084000425,0.4408,1.0,0.11497267759562843,35.9125999842881,-47.29267298731448,-1.567483568570436,0.0,0.01943508003062711,-0.04002808932627196,servo_0.441
14.475232051000603,0.4408,1.0,0.11497267759562843,35.9125999842881,-47.29267298731448,-1.567483568570436,0.0,0.01943508003062711,-0.04163452057937536,servo_0.441
14.47705494999991,0.4408,1.0,0.11497267759562843,35.9125999842881,-47.29267298731448,-1.5676682518071685,0.0,0.0015961292235573896,-0.04163452057937536,servo_0.441
14.48068452500047,0.4408,1.0,0.11497267759562843,35.9125999842881,-47.29267298731448,-1.5676682518071685,0.0,0.0015961292235573896,-0.03257288610497458,servo_0.441
14.482514432000244,0.4408,1.0,0.11497267759562843,35.9125999842881,-47.29267298731448,-1.5678531616097848,0.0,-0.011373065717322436,-0.03257288610497458,servo_0.441
14.486063045000265,0.4408,1.0,0.11497267759562843,35.9125999842881,-47.29267298731448,-1.5678531616097848,0.0,-0.011373065717322436,-0.028709958460247032,servo_0.441
14.488011004000327,0.4408,1.0,0.11497267759562843,35.9125999842881,-47.29267298731448,-1.5679449045563563,0.0,-0.017733011833618077,-0.028709958460247032,servo_0.441
14.491670755000087,0.4408,1.0,0.11497267759562843,35.9125999842881,-47.29267298731448,-1.5679449045563563,0.0,-0.017733011833618077,-0.0343863177955882,servo_0.441
14.493508182999904,0.4408,1.0,0.11497267759562843,35.9125999842881,-47.29267298731448,-1.5680454904126702,0.0,-0.021026095821606763,-0.0343863177955882,servo_0.441
14.495093988000008,0.4408,1.0,0.11497267759562843,35.9125999842881,-47.29267298731448,-1.5680454904126702,0.0,-0.021026095821606763,-0.0343863177955882,servo_0.441
14.49685157300064,0.4408,1.0,0.11497267759562843,35.9125999842881,-47.29267298731448,-1.5680454904126702,0.0,-0.021026095821606763,-0.011379939089855382,servo_0.441
14.498436994000258,0.4408,1.0,0.11497267759562843,35.9125999842881,-47.29267298731448,-1.568187194228267,0.0,-0.025034162413801193,-0.011379939089855382,servo_0.441
14.499257113000567,0.4408,1.0,0.11497267759562843,35.9125999842881,-47.29267298731448,-1.568187194228267,0.0,-0.025034162413801193,0.011964169013694213,servo_0.441
14.502611320000142,0.4408,1.0,0.11497267759562843,35.9125999842881,-47.29267298731448,-1.568187194228267,0.0,-0.025034162413801193,0.017224202409547636,servo_0.441
14.504462124000383,0.4408,1.0,0.11497267759562843,35.9125999842881,-47.29267298731448,-1.5681339608521914,0.0,-0.011067276087523949,0.017224202409547636,servo_0.441
14.50825202299984,0.4408,1.0,0.11497267759562843,35.9125999842881,-47.29267298731448,-1.5681339608521914,0.0,-0.011067276087523949,0.009774959051486608,servo_0.441
14.509963176000383,0.4408,1.0,0.11497267759562843,35.9125999842881,-47.29267298731448,-1.5680357189271825,0.0,-0.0025798325384024726,0.009774959051486608,servo_0.441
14.513290341999891,0.4408,1.0,0.11497267759562843,35.9125999842881,-47.29267298731448,-1.5680357189271825,0.0,-0.0025798325384024726,-0.009691069477149112,servo_0.441
14.514779760000238,0.4408,1.0,0.11497267759562843,35.9125999842881,-47.29267298731448,-1.567985542759619,0.0,0.001126604938564252,-0.009691069477149112,servo_0.441
14.518643933000021,0.4408,1.0,0.11497267759562843,35.9125999842881,-47.29267298731448,-1.567985542759619,0.0,0.001126604938564252,-0.017808458340818987,servo_0.441
14.520114597999964,0.4408,1.0,0.11497267759562843,35.9125999842881,-47.29267298731448,-1.5680056881775069,0.0,-0.0021186973861497573,-0.017808458340818987,servo_0.441
14.524055861999841,0.4408,1.0,0.11497267759562843,35.9125999842881,-47.29267298731448,-1.5680056881775069,0.0,-0.0021186973861497573,-0.014613978928214828,servo_0.441
14.525619170000027,0.4408,1.0,0.11497267759562843,35.9125999842881,-47.29267298731448,-1.5680592649856655,0.0,-0.006825625672550526,-0.014613978928214828,servo_0.441
14.529563537000286,0.4408,1.0,0.11497267759562843,35.9125999842881,-47.29267298731448,-1.5680592649856655,0.0,-0.006825625672550526,-0.019118681582272933,servo_0.441
14.531283778000216,0.4408,1.0,0.11497267759562843,35.9125999842881,-47.29267298731448,-1.5681188171987652,0.0,-0.009162131649249816,-0.019118681582272933,servo_0.441
14.534976074000042,0.4408,1.0,0.11497267759562843,35.9125999842881,-47.29267298731448,-1.5681188171987652,0.0,-0.009162131649249816,-0.014659038365502208,servo_0.441
14.536709595000502,0.4408,1.0,0.11497267759562843,35.9125999842881,-47.29267298731448,-1.568190497740508,0.0,-0.01214909662915675,-0.014659038365502208,servo_0.441
14.540410532000351,0.4408,1.0,0.11497267759562843,35.9125999842881,-47.29267298731448,-1.568190497740508,0.0,-0.01214909662915675,-0.010418819856905296,servo_0.441
14.542184597999949,0.4408,1.0,0.11497267759562843,35.9125999842881,-47.29267298731448,-1.5682301827830971,0.0,-0.012902079150060388,-0.010418819856905296,servo_0.441
14.545899871000074,0.4408,1.0,0.11497267759562843,35.9125999842881,-47.29267298731448,-1.5682301827830971,0.0,-0.012902079150060388,-0.01121122575420426,servo_0.441
14.54770145800012,0.4408,1.0,0.11497267759562843,35.9125999842881,-47.29267298731448,-1.5682461568969117,0.0,-0.01215710136211386,-0.01121122575420426,servo_0.441
14.551359961000344,0.4408,1.0,0.11497267759562843,35.9125999842881,-47.29267298731448,-1.5682461568969117,0.0,-0.01215710136211386,0.008246517846727792,servo_0.441
14.553192237000076,0.4408,1.0,0.11497267759562843,35.9125999842881,-47.29267298731448,-1.5682821914855576,0.0,-0.01187333867974098,0.008246517846727792,servo_0.441
14.557319809000546,0.4408,1.0,0.11497267759562843,35.9125999842881,-47.29267298731448,-1.5682195723189618,0.0,-0.005837381721800348,0.008246517846727792,servo_0.441
14.558245723000255,0.4408,1.0,0.11497267759562843,35.9125999842881,-47.29267298731448,-1.5682195723189618,0.0,-0.005837381721800348,0.013629904495025021,servo_0.441
14.559886730000471,0.4408,1.0,0.11497267759562843,35.9125999842881,-47.29267298731448,-1.5682195723189618,0.0,-0.005837381721800348,0.013629904495025021,servo_0.441
14.560627550999925,0.4408,1.0,0.11497267759562843,35.9125999842881,-47.29267298731448,-1.5682195723189618,0.0,-0.005837381721800348,0.009743236225595642,servo_0.441
14.562259821000225,0.4408,1.0,0.11497267759562843,35.9125999842881,-47.29267298731448,-1.5682195723189618,0.0,-0.005837381721800348,-0.005127365841526793,servo_0.441
14.563865338000141,0.4408,1.0,0.11497267759562843,35.9125999842881,-47.29267298731448,-1.5680815984618504,0.0,0.002924933767951776,-0.005127365841526793,servo_0.441
14.567861515000004,0.4408,1.0,0.11497267759562843,35.9125999842881,-47.29267298731448,-1.5680815984618504,0.0,0.002924933767951776,-0.025261843122434548,servo_0.441
14.569694559000709,0.4408,1.0,0.11497267759562843,35.9125999842881,-47.29267298731448,-1.5681009018511531,0.0,0.0005092438851082054,-0.025261843122434548,servo_0.441
14.574433189000047,0.4408,1.0,0.11497267759562843,35.9125999842881,-47.29267298731448,-1.5681880722456976,0.0,-0.00722208221715462,-0.025261843122434548,servo_0.441
14.575308956999834,0.4408,1.0,0.11497267759562843,35.9125999842881,-47.29267298731448,-1.5681880722456976,0.0,-0.00722208221715462,-0.026626623715532288,servo_0.441
14.578623387000334,0.4408,1.0,0.11497267759562843,35.9125999842881,-47.29267298731448,-1.5681880722456976,0.0,-0.00722208221715462,-0.01170591000728108,servo_0.441
14.580227848000504,0.4408,1.0,0.11497267759562843,35.9125999842881,-47.29267298731448,-1.5682852655766353,0.0,-0.01304344466666792,-0.01170591000728108,servo_0.441
14.584004787000595,0.4408,1.0,0.11497267759562843,35.9125999842881,-47.29267298731448,-1.5682852655766353,0.0,-0.01304344466666792,-0.007128568074045113,servo_0.441
14.585390842000379,0.4408,1.0,0.11497267759562843,35.9125999842881,-47.29267298731448,-1.56831032973662,0.0,-0.012642184268851869,-0.007128568074045113,servo_0.441
14.58945722899989,0.4408,1.0,0.11497267759562843,35.9125999842881,-47.29267298731448,-1.56831032973662,0.0,-0.012642184268851869,-0.01633426864029753,servo_0.441
14.591156092999881,0.4408,1.0,0.11497267759562843,35.9125999842881,-47.29267298731448,-1.5683334966488787,0.0,-0.010988099410409841,-0.01633426864029753,servo_0.441
14.594948648000354,0.4408,1.0,0.11497267759562843,35.9125999842881,-47.29267298731448,-1.5683334966488787,0.0,-0.010988099410409841,-0.004585505666304091,servo_0.441
14.596789916000489,0.4408,1.0,0.11497267759562843,35.9125999842881,-47.29267298731448,-1.5683832061404246,0.0,-0.012591950179376147,-0.004585505666304091,servo_0.441
14.600439298999845,0.4408,1.0,0.11497267759562843,35.9125999842881,-47.29267298731448,-1.5683832061404246,0.0,-0.012591950179376147,0.00759585089621854,servo_0.441
14.602192340999864,0.4408,1.0,0.11497267759562843,35.9125999842881,-47.29267298731448,-1.5683645181991792,0.0,-0.010190016825454529,0.00759585089621854,servo_0.441
14.605975680000483,0.4408,1.0,0.11497267759562843,35.9125999842881,-47.29267298731448,-1.5683645181991792,0.0,-0.010190016825454529,0.015004178841289973,servo_0.441
14.60776869000074,0.4408,1.0,0.11497267759562843,35.9125999842881,-47.29267298731448,-1.5683146072007943,0.0,-0.004854256508952609,0.015004178841289973,servo_0.441
14.611374520000027,0.4408,1.0,0.11497267759562843,35.9125999842881,-47.29267298731448,-1.5683146072007943,0.0,-0.004854256508952609,0.0078099253553742766,servo_0.441
14.613150218000555,0.4408,1.0,0.11497267759562843,35.9125999842881,-47.29267298731448,-1.5682122342398819,0.0,0.001103274096120166,0.0078099253553742766,servo_0.441
14.617236734000471,0.4408,1.0,0.11497267759562843,35.9125999842881,-47.29267298731448,-1.5682122342398819,0.0,0.001103274096120166,-0.012662281323350259,servo_0.441
14.619081490000099,0.4408,1.0,0.11497267759562843,35.9125999842881,-47.29267298731448,-1.5681791553956361,0.0,0.003115269473896399,-0.012662281323350259,servo_0.441
14.619934985999862,0.4408,1.0,0.11497267759562843,35.9125999842881,-47.29267298731448,-1.5681791553956361,0.0,0.003115269473896399,-0.01709434625867645,servo_0.441
14.621501910000006,0.4408,1.0,0.11497267759562843,35.9125999842881,-47.29267298731448,-1.5681791553956361,0.0,0.003115269473896399,-0.01709434625867645,servo_0.441
14.623107588000494,0.4408,1.0,0.11497267759562843,35.9125999842881,-47.29267298731448,-1.568267182092319,0.0,-0.0062609009132972545,-0.01709434625867645,servo_0.441
14.623997532999965,0.4408,1.0,0.11497267759562843,35.9125999842881,-47.29267298731448,-1.568267182092319,0.0,-0.0062609009132972545,-0.009412340540747898,servo_0.441
14.629167439000412,0.4408,1.0,0.11497267759562843,35.9125999842881,-47.29267298731448,-1.5682808234399161,0.0,-0.007206332801532447,-0.009412340540747898,servo_0.441
14.630114761000186,0.4408,1.0,0.11497267759562843,35.9125999842881,-47.29267298731448,-1.5682808234399161,0.0,-0.007206332801532447,-0.00023421976762202896,servo_0.441
14.63361882800018,0.4408,1.0,0.11497267759562843,35.9125999842881,-47.29267298731448,-1.5682808234399161,0.0,-0.007206332801532447,-0.0027738892944803883,servo_0.441
14.635530145999837,0.4408,1.0,0.11497267759562843,35.9125999842881,-47.29267298731448,-1.5682751396467058,0.0,-0.005114698891359321,-0.0027738892944803883,servo_0.441
14.639092391000304,0.4408,1.0,0.11497267759562843,35.9125999842881,-47.29267298731448,-1.5682751396467058,0.0,-0.005114698891359321,-0.0034838581325481147,servo_0.441
14.640911674000563,0.4408,1.0,0.11497267759562843,35.9125999842881,-47.29267298731448,-1.568265791465501,0.0,-0.004412456012295641,-0.0034838581325481147,servo_0.441
14.644615586999862,0.4408,1.0,0.11497267759562843,35.9125999842881,-47.29267298731448,-1.568265791465501,0.0,-0.004412456012295641,0.0002296497740888516,servo_0.441
14.64643567100029,0.4408,1.0,0.11497267759562843,35.9125999842881,-47.29267298731448,-1.5682674968334374,0.0,-0.004133876648371383,0.0002296497740888516,servo_0.441
14.650085726000725,0.4408,1.0,0.11497267759562843,35.9125999842881,-47.29267298731448,-1.5682674968334374,0.0,-0.004133876648371383,0.006099434723716577,servo_0.441
14.651959763000377,0.4408,1.0,0.11497267759562843,35.9125999842881,-47.29267298731448,-1.5682355982663536,0.0,-0.0028248187216333128,0.006099434723716577,servo_0.441
14.655683324000165,0.4408,1.0,0.11497267759562843,35.9125999842881,-47.29267298731448,-1.5682355982663536,0.0,-0.0028248187216333128,0.001799007188314883,servo_0.441
14.657430125000246,0.4408,1.0,0.11497267759562843,35.9125999842881,-47.29267298731448,-1.5681719608448954,0.0,-0.00014754268802834574,0.001799007188314883,servo_0.441
14.661154422000436,0.4408,1.0,0.11497267759562843,35.9125999842881,-47.29267298731448,-1.5681719608448954,0.0,-0.00014754268802834574,0.00024773378221752055,servo_0.441
14.66291764000016,0.4408,1.0,0.11497267759562843,35.9125999842881,-47.29267298731448,-1.5681588833552789,0.0,0.0004364222748746229,0.00024773378221752055,servo_0.441
14.666562447000615,0.4408,1.0,0.11497267759562843,35.9125999842881,-47.29267298731448,-1.5681588833552789,0.0,0.0004364222748746229,-0.0042984905018275815,servo_0.441
14.66840646699984,0.4408,1.0,0.11497267759562843,35.9125999842881,-47.29267298731448,-1.5681331367736244,0.0,0.00037981572707749216,-0.0042984905018275815,servo_0.441
14.670001360000242,0.4408,1.0,0.11497267759562843,35.9125999842881,-47.29267298731448,-1.5681347383423696,0.0,-0.00102367614159403,-0.0042984905018275815,servo_0.441
14.672124172000622,0.4408,1.0,0.11497267759562843,35.9125999842881,-47.29267298731448,-1.5681347383423696,0.0,-0.00102367614159403,-0.006701169210087525,servo_0.441
14.673749274000329,0.4408,1.0,0.11497267759562843,35.9125999842881,-47.29267298731448,-1.5681320387537867,0.0,-0.0027269240621420783,-0.006701169210087525,servo_0.441
14.674465806000626,0.4408,1.0,0.11497267759562843,35.9125999842881,-47.29267298731448,-1.5681320387537867,0.0,-0.0027269240621420783,-0.006400514967774392,servo_0.441
14.677775244000259,0.4408,1.0,0.11497267759562843,35.9125999842881,-47.29267298731448,-1.5681320387537867,0.0,-0.0027269240621420783,-0.0005529575466791164,servo_0.441
14.679494204000548,0.4408,1.0,0.11497267759562843,35.9125999842881,-47.29267298731448,-1.5681513588713025,0.0,-0.0038290013338317724,-0.0005529575466791164,servo_0.441
14.683122338999965,0.4408,1.0,0.11497267759562843,35.9125999842881,-47.29267298731448,-1.5681513588713025,0.0,-0.0038290013338317724,0.008611827606583704,servo_0.441
14.68472737600041,0.4408,1.0,0.11497267759562843,35.9125999842881,-47.29267298731448,-1.5681180748603576,0.0,-0.0028461881976859756,0.008611827606583704,servo_0.441
14.688663711000117,0.4408,1.0,0.11497267759562843,35.9125999842881,-47.29267298731448,-1.5681180748603576,0.0,-0.0028461881976859756,0.009366854581567184,servo_0.441
14.690216619000239,0.4408,1.0,0.11497267759562843,35.9125999842881,-47.29267298731448,-1.568053393801382,0.0,0.0005912165435949281,0.009366854581567184,servo_0.441
14.694157466000433,0.4408,1.0,0.11497267759562843,35.9125999842881,-47.29267298731448,-1.568053393801382,0.0,0.0005912165435949281,-0.0028379390989197693,servo_0.441
14.695856074000403,0.4408,1.0,0.11497267759562843,35.9125999842881,-47.29267298731448,-1.5679974184757495,0.0,0.0032239079549866044,-0.0028379390989197693,servo_0.441
14.699582164000276,0.4408,1.0,0.11497267759562843,35.9125999842881,-47.29267298731448,-1.5679974184757495,0.0,0.0032239079549866044,0.0007934349463852107,servo_0.441
14.701263619000201,0.4408,1.0,0.11497267759562843,35.91260077329204,-47.29295463265132,-1.5679924306458657,0.051333333333333335,0.001405353838814692,0.0007934349463852107,servo_0.441
14.705160561000412,0.4408,1.0,0.11497267759562843,35.91260077329204,-47.29295463265132,-1.5679924306458657,0.051333333333333335,0.001405353838814692,0.010800431075464936,servo_0.441
14.706799040000078,0.4408,1.0,0.11497267759562843,35.912601641041064,-47.29326194301818,-1.5679528591819731,0.056,0.0012217781710858475,0.010800431075464936,servo_0.441
14.710743887000717,0.4408,1.0,0.11497267759562843,35.912601641041064,-47.29326194301818,-1.5679528591819731,0.056,0.0012217781710858475,-0.0004346555878165658,servo_0.441
14.712755399999878,0.4408,1.0,0.11497267759562843,35.912602438131955,-47.293538548280516,-1.567876428389225,0.050444444444444445,0.004095374042399574,-0.0004346555878165658,servo_0.441
14.7163419970002,0.4408,1.0,0.11497267759562843,35.912602438131955,-47.293538548280516,-1.567876428389225,0.050444444444444445,0.004095374042399574,-0.006446481544308081,servo_0.441
14.718254338999941,0.4408,1.0,0.11497267759562843,35.912602438131955,-47.293538548280516,-1.5678562233575968,0.0,0.0027363651533347318,-0.006446481544308081,servo_0.441
14.7217273010001,0.4408,1.0,0.11497267759562843,35.912602438131955,-47.293538548280516,-1.5678562233575968,0.0,0.0027363651533347318,-0.008957966767780249,servo_0.441
14.723601018000409,0.4408,1.0,0.11497267759562843,35.912602438131955,-47.293538548280516,-1.5678858690878232,0.0,-1.8488855958111996e-05,-0.008957966767780249,servo_0.441
14.72566974900019,0.4408,1.0,0.11497267759562843,35.912602438131955,-47.293538548280516,-1.5678858690878232,0.0,-1.8488855958111996e-05,-0.008957966767780249,servo_0.441
14.727841746000195,0.4408,1.0,0.11497267759562843,35.912602438131955,-47.293538548280516,-1.5678863035381814,0.0,-0.002700332229504753,-0.008957966767780249,servo_0.441
14.728650824999932,0.4408,1.0,0.11497267759562843,35.912602438131955,-47.293538548280516,-1.5678863035381814,0.0,-0.002700332229504753,0.0009713411942278656,servo_0.441
14.730345849000514,0.4408,1.0,0.11497267759562843,35.912602438131955,-47.293538548280516,-1.5678863035381814,0.0,-0.002700332229504753,0.011533232098616564,servo_0.441
14.732849566999903,0.4408,1.0,0.11497267759562843,35.912602438131955,-47.293538548280516,-1.5678863035381814,0.0,-0.002700332229504753,0.004903066820350023,servo_0.441
14.734485005999886,0.4408,1.0,0.11497267759562843,35.912602438131955,-47.293538548280516,-1.5677643070495546,0.0,0.0023407884879154918,0.004903066820350023,servo_0.441
14.738261112000146,0.4408,1.0,0.11497267759562843,35.912602438131955,-47.293538548280516,-1.5677643070495546,0.0,0.0023407884879154918,-0.007401339747953227,servo_0.441
14.739937704000113,0.4408,1.0,0.11497267759562843,35.912602438131955,-47.293538548280516,-1.5677265939944565,0.0,0.0031094719876458513,-0.007401339747953227,servo_0.441
14.743796757000382,0.4408,1.0,0.11497267759562843,35.912602438131955,-47.293538548280516,-1.5677265939944565,0.0,0.0031094719876458513,-0.00354760573062161,servo_0.441
14.745488388000012,0.4408,1.0,0.11497267759562843,35.912602438131955,-47.293538548280516,-1.567713918567867,0.0,-4.377153303387199e-05,-0.00354760573062161,servo_0.441
14.749224109999886,0.4408,1.0,0.11497267759562843,35.912602438131955,-47.293538548280516,-1.567713918567867,0.0,-4.377153303387199e-05,0.006973369240628843,servo_0.441
14.750933022000027,0.4408,1.0,0.11497267759562843,35.912602438131955,-47.293538548280516,-1.5677104963575312,0.0,-0.0010949217923101934,0.006973369240628843,servo_0.441
14.754708073000074,0.4408,1.0,0.11497267759562843,35.912602438131955,-47.293538548280516,-1.5677104963575312,0.0,-0.0010949217923101934,0.01231109151875827,servo_0.441
14.75649833100033,0.4408,1.0,0.11497267759562843,35.912602438131955,-47.293538548280516,-1.5676479947946012,0.0,0.0013255655175715177,0.01231109151875827,servo_0.441
14.760196356000051,0.4408,1.0,0.11497267759562843,35.912602438131955,-47.293538548280516,-1.5676479947946012,0.0,0.0013255655175715177,-0.0012537332774995656,servo_0.441
14.761994295000477,0.4408,1.0,0.11497267759562843,35.912602438131955,-47.293538548280516,-1.5675678772986223,0.0,0.004621223317927543,-0.0012537332774995656,servo_0.441
14.76564476600015,0.4408,1.0,0.11497267759562843,35.912602438131955,-47.293538548280516,-1.5675678772986223,0.0,0.004621223317927543,-0.00578662148655155,servo_0.441
14.767392622999978,0.4408,1.0,0.11497267759562843,35.912602438131955,-47.293538548280516,-1.5675442364007808,0.0,0.00285873633929941,-0.00578662148655155,servo_0.441
14.771150360999854,0.4408,1.0,0.11497267759562843,35.912602438131955,-47.293538548280516,-1.5675442364007808,0.0,0.00285873633929941,-0.0035929668541262254,servo_0.441
14.772917930999938,0.4408,1.0,0.11497267759562843,35.912602438131955,-47.293538548280516,-1.5675592893408925,0.0,0.00026512899154412166,-0.0035929668541262254,servo_0.441
14.777466508000543,0.4408,1.0,0.11497267759562843,35.912602438131955,-47.293538548280516,-1.5675592893408925,0.0,0.00026512899154412166,0.0009668960038614951,servo_0.441
14.779140698999981,0.4408,1.0,0.11497267759562843,35.912602438131955,-47.293538548280516,-1.567546031556973,0.0,-0.0008922997621569825,0.0009668960038614951,servo_0.441
14.780523362000167,0.4408,1.0,0.11497267759562843,35.912602438131955,-47.293538548280516,-1.567546031556973,0.0,-0.0008922997621569825,0.0009668960038614951,servo_0.441
14.782004332000724,0.4408,1.0,0.11497267759562843,35.912602438131955,-47.293538548280516,-1.567546031556973,0.0,-0.0008922997621569825,0.007096419246409463,servo_0.441
14.783378547000211,0.4408,1.0,0.11497267759562843,35.912602438131955,-47.293538548280516,-1.5674545440792005,0.0,0.0018947470512768313,0.007096419246409463,servo_0.441
14.7841256720003,0.4408,1.0,0.11497267759562843,35.912602438131955,-47.293538548280516,-1.5674545440792005,0.0,0.0018947470512768313,0.0033375496798645856,servo_0.441
14.787503751000258,0.4408,1.0,0.11497267759562843,35.912602438131955,-47.293538548280516,-1.5674545440792005,0.0,0.0018947470512768313,-0.0011810950386190039,servo_0.441
14.788929039000323,0.4408,1.0,0.11497267759562843,35.912602438131955,-47.293538548280516,-1.567422409485081,0.0,0.0023275878398531574,-0.0011810950386190039,servo_0.441
14.792943809000462,0.4408,1.0,0.11497267759562843,35.912602438131955,-47.293538548280516,-1.567422409485081,0.0,0.0023275878398531574,-0.00282814105879207,servo_0.441
14.79541962300027,0.4408,1.0,0.11497267759562843,35.912602438131955,-47.293538548280516,-1.5674117696743606,0.0,0.0012749829763115089,-0.00282814105879207,servo_0.441
14.798468061000676,0.4408,1.0,0.11497267759562843,35.912602438131955,-47.293538548280516,-1.5674117696743606,0.0,0.0012749829763115089,0.0010668113581180031,servo_0.441
14.800152716000412,0.4408,1.0,0.11497267759562843,35.912602438131955,-47.293538548280516,-1.5673858813980273,0.0,4.40457657804352e-05,0.0010668113581180031,servo_0.441
14.803986425000403,0.4408,1.0,0.11497267759562843,35.912602438131955,-47.293538548280516,-1.5673858813980273,0.0,4.40457657804352e-05,0.0024455311548236508,servo_0.441
14.805618887000492,0.4408,1.0,0.11497267759562843,35.912602438131955,-47.293538548280516,-1.5673647047654649,0.0,0.0003508754434817055,0.0024455311548236508,servo_0.441
14.809405970000626,0.4408,1.0,0.11497267759562843,35.912602438131955,-47.293538548280516,-1.5673647047654649,0.0,0.0003508754434817055,0.0033239111221766127,servo_0.441
14.811039648000587,0.4408,1.0,0.11497267759562843,35.912602438131955,-47.293538548280516,-1.5673254990900911,0.0,0.000979272156884289,0.0033239111221766127,servo_0.441
14.814917069999865,0.4408,1.0,0.11497267759562843,35.912602438131955,-47.293538548280516,-1.5673254990900911,0.0,0.000979272156884289,-0.0006030664570274761,servo_0.441
14.816571803999977,0.4408,1.0,0.11497267759562843,35.912602438131955,-47.293538548280516,-1.5672918674841358,0.0,0.0016826638464719859,-0.0006030664570274761,servo_0.441
14.820647023000674,0.4408,1.0,0.11497267759562843,35.912602438131955,-47.293538548280516,-1.5672918674841358,0.0,0.0016826638464719859,-0.00653275808080229,servo_0.441
14.822569990000375,0.4408,1.0,0.11497267759562843,35.912602438131955,-47.293538548280516,-1.5672557749874252,0.0,0.0009969447554221472,-0.00653275808080229,servo_0.441
14.826123274000565,0.4408,1.0,0.11497267759562843,35.912602438131955,-47.293538548280516,-1.5672557749874252,0.0,0.0009969447554221472,-0.0012996993338846032,servo_0.441
14.827976766000575,0.4408,1.0,0.11497267759562843,35.912602438131955,-47.293538548280516,-1.5672703701205426,0.0,-0.0012619660954451837,-0.0012996993338846032,servo_0.441
14.831603012999949,0.4408,1.0,0.11497267759562843,35.912602438131955,-47.293538548280516,-1.5672703701205426,0.0,-0.0012619660954451837,0.007820026642165162,servo_0.441
14.834411540000474,0.4408,1.0,0.11497267759562843,35.912602438131955,-47.293538548280516,-1.567256622627041,0.0,-0.0012732860669770094,0.007820026642165162,servo_0.441
14.836166758000218,0.4408,1.0,0.11497267759562843,35.912602438131955,-47.293538548280516,-1.567256622627041,0.0,-0.0012732860669770094,0.007820026642165162,servo_0.441
14.837822004000373,0.4408,1.0,0.11497267759562843,35.912602438131955,-47.293538548280516,-1.5671431876648743,0.0,0.003390186375633761,0.007820026642165162,servo_0.441
14.838625770999897,0.4408,1.0,0.11497267759562843,35.912602438131955,-47.293538548280516,-1.5671431876648743,0.0,0.003390186375633761,0.007906303178659372,servo_0.441
14.839997746000336,0.4408,1.0,0.11497267759562843,35.912602438131955,-47.293538548280516,-1.5671431876648743,0.0,0.003390186375633761,-0.0005075964231745012,servo_0.441
14.84268627000074,0.4408,1.0,0.11497267759562843,35.912602438131955,-47.293538548280516,-1.5671431876648743,0.0,0.003390186375633761,-0.004120584058929183,servo_0.441
14.844324876000428,0.4408,1.0,0.11497267759562843,35.912602438131955,-47.293538548280516,-1.5671201741487535,0.0,0.002220851535991282,-0.004120584058929183,servo_0.441
14.848191193000275,0.4408,1.0,0.11497267759562843,35.912602438131955,-47.293538548280516,-1.5671201741487535,0.0,0.002220851535991282,0.0016860582092508242,servo_0.441
14.849862761000622,0.4408,1.0,0.11497267759562843,35.912602438131955,-47.293538548280516,-1.5671273829052763,0.0,0.0003184208575151425,0.0016860582092508242,servo_0.441
14.853604242000074,0.4408,1.0,0.11497267759562843,35.912602438131955,-47.293538548280516,-1.5671273829052763,0.0,0.0003184208575151425,0.00643150854525749,servo_0.441
14.855225119999886,0.4408,1.0,0.11497267759562843,35.912602438131955,-47.293538548280516,-1.56707716562,0.0,0.000728712063035847,0.00643150854525749,servo_0.441
14.859040844000447,0.4408,1.0,0.11497267759562843,35.912602438131955,-47.293538548280516,-1.56707716562,0.0,0.000728712063035847,0.0038924437399691643,servo_0.441
14.860676410000451,0.4408,1.0,0.11497267759562843,35.912602438131955,-47.293538548280516,-1.5670519353265764,0.0,0.0024395510077023395,0.0038924437399691643,servo_0.441
14.865347998000288,0.4408,1.0,0.11497267759562843,35.912602438131955,-47.293538548280516,-1.5670519353265764,0.0,0.0024395510077023395,-0.0012724222185086567,servo_0.441
14.866998701000739,0.4408,1.0,0.11497267759562843,35.912602438131955,-47.293538548280516,-1.5670040830123018,0.0,0.002875418827382387,-0.0012724222185086567,servo_0.441
14.870180806999997,0.4408,1.0,0.11497267759562843,35.912602438131955,-47.293538548280516,-1.5670040830123018,0.0,0.002875418827382387,-0.002923913689122418,servo_0.441
14.872711085999981,0.4408,1.0,0.11497267759562843,35.912602438131955,-47.293538548280516,-1.5669941838186807,0.0,0.001631066513615074,-0.002923913689122418,servo_0.441
14.876391190000504,0.4408,1.0,0.11497267759562843,35.912602438131955,-47.293538548280516,-1.5669656459354677,0.0,0.0002645724527938261,-0.002923913689122418,servo_0.441
14.87732824000068,0.4408,1.0,0.11497267759562843,35.912602438131955,-47.293538548280516,-1.5669656459354677,0.0,0.0002645724527938261,0.004015493745749784,servo_0.441
14.880985304000205,0.4408,1.0,0.11497267759562843,35.912602438131955,-47.293538548280516,-1.5669656459354677,0.0,0.0002645724527938261,0.004848512589598131,servo_0.441
14.882573477000733,0.4408,1.0,0.11497267759562843,35.912602438131955,-47.293538548280516,-1.5669251369648114,0.0,0.0013898488406806136,0.004848512589598131,servo_0.441
14.887013569999908,0.4408,1.0,0.11497267759562843,35.912602438131955,-47.293538548280516,-1.5669251369648114,0.0,0.0013898488406806136,0.006113375747844761,servo_0.441
14.888906007000514,0.4408,1.0,0.11497267759562843,35.912602438131955,-47.293538548280516,-1.5668809726481314,0.0,0.0024274479653558687,0.006113375747844761,servo_0.441
14.890569254000184,0.4408,1.0,0.11497267759562843,35.912602438131955,-47.293538548280516,-1.5668809726481314,0.0,0.0024274479653558687,0.006113375747844761,servo_0.441
14.892032080000718,0.4408,1.0,0.11497267759562843,35.912602438131955,-47.293538548280516,-1.5668809726481314,0.0,0.0024274479653558687,0.001922359400461389,servo_0.441
14.893712574999881,0.4408,1.0,0.11497267759562843,35.912602438131955,-47.293538548280516,-1.5667943313610184,0.0,0.0030499662302101915,0.001922359400461389,servo_0.441
14.895397967000463,0.4408,1.0,0.11497267759562843,35.912602438131955,-47.293538548280516,-1.5667943313610184,0.0,0.0030499662302101915,-0.005836427800422536,servo_0.441
14.898435365000296,0.4408,1.0,0.11497267759562843,35.912602438131955,-47.293538548280516,-1.5667965210936785,0.0,0.00038404802102037284,-0.005836427800422536,servo_0.441
14.899295549000271,0.4408,1.0,0.11497267759562843,35.912602438131955,-47.293538548280516,-1.5667965210936785,0.0,0.00038404802102037284,-0.004175440756121286,servo_0.441
14.903034311000738,0.4408,1.0,0.11497267759562843,35.912602438131955,-47.293538548280516,-1.5667965210936785,0.0,0.00038404802102037284,0.004712429219084285,servo_0.441
14.904610067000249,0.4408,1.0,0.11497267759562843,35.912602438131955,-47.293538548280516,-1.5668060699024013,0.0,-0.0009837986121221248,0.004712429219084285,servo_0.441
14.908696038000016,0.4408,1.0,0.11497267759562843,35.912602438131955,-47.293538548280516,-1.5668060699024013,0.0,-0.0009837986121221248,0.006299870365110015,servo_0.441
14.910513914000148,0.4408,1.0,0.11497267759562843,35.912602438131955,-47.293538548280516,-1.56673329400159,0.0,0.0007250697372397981,0.006299870365110015,servo_0.441
14.913869945000442,0.4408,1.0,0.11497267759562843,35.912602438131955,-47.293538548280516,-1.56673329400159,0.0,0.0007250697372397981,-0.004257877295203873,servo_0.441
14.915316929000255,0.4408,1.0,0.11497267759562843,35.912602438131955,-47.293538548280516,-1.5666847076336423,0.0,0.0023975099256008632,-0.004257877295203873,servo_0.441
14.919150862000606,0.4408,1.0,0.11497267759562843,35.912602438131955,-47.293538548280516,-1.5666847076336423,0.0,0.0023975099256008632,1.941524732615671e-05,servo_0.441
14.920580374000565,0.4408,1.0,0.11497267759562843,35.912602438131955,-47.293538548280516,-1.5667023387781465,0.0,0.00040089375935944234,1.941524732615671e-05,servo_0.441
14.924564167000426,0.4408,1.0,0.11497267759562843,35.912602438131955,-47.293538548280516,-1.5667023387781465,0.0,0.00040089375935944234,-0.002878250099177592,servo_0.441
14.926035440000305,0.4408,1.0,0.11497267759562843,35.912602438131955,-47.293538548280516,-1.5666793628765836,0.0,0.00028645020574945664,-0.002878250099177592,servo_0.441
14.930121060000602,0.4408,1.0,0.11497267759562843,35.912602438131955,-47.293538548280516,-1.5666793628765836,0.0,0.00028645020574945664,-0.0028050066673422826,servo_0.441
14.931882804999987,0.4408,1.0,0.11497267759562843,35.912602438131955,-47.293538548280516,-1.5666506019750506,0.0,-0.0006629598857286579,-0.0028050066673422826,servo_0.441
14.935596318000535,0.4408,1.0,0.11497267759562843,35.912602438131955,-47.293538548280516,-1.5666506019750506,0.0,-0.0006629598857286579,0.00047069889843496875,servo_0.441
14.937365808000322,0.4408,1.0,0.11497267759562843,35.912602438131955,-47.293538548280516,-1.5666160977570731,0.0,-0.0013055739202127454,0.00047069889843496875,servo_0.441
14.941399938000359,0.4408,1.0,0.11497267759562843,35.912602438131955,-47.293538548280516,-1.5666160977570731,0.0,-0.0013055739202127454,-0.004106642774726673,servo_0.441
14.943292343999929,0.4408,1.0,0.11497267759562843,35.912602438131955,-47.293538548280516,-1.5666151562865396,0.0,-0.0007726920746184311,-0.004106642774726673,servo_0.441
14.946624982000685,0.4408,1.0,0.11497267759562843,35.912602438131955,-47.293538548280516,-1.5666151562865396,0.0,-0.0007726920746184311,0.0002978427088205254,servo_0.441
14.948448232999908,0.4408,1.0,0.11497267759562843,35.912602438131955,-47.293538548280516,-1.5666150173397442,0.0,-0.0017728772846509035,0.0002978427088205254,servo_0.441
14.950112376000106,0.4408,1.0,0.11497267759562843,35.912602438131955,-47.293538548280516,-1.5666150173397442,0.0,-0.0017728772846509035,0.0002978427088205254,servo_0.441
14.952316023000094,0.4408,1.0,0.11497267759562843,35.912602438131955,-47.293538548280516,-1.5666150173397442,0.0,-0.0017728772846509035,-0.008143333878352131,servo_0.441
14.954231276999963,0.4408,1.0,0.11497267759562843,35.912602438131955,-47.293538548280516,-1.5665963704428478,0.0,-0.0032491630641322718,-0.008143333878352131,servo_0.441
14.955080613000064,0.4408,1.0,0.11497267759562843,35.912602438131955,-47.293538548280516,-1.5665963704428478,0.0,-0.0032491630641322718,0.00636776120725832,servo_0.441
14.957940821000193,0.4408,1.0,0.11497267759562843,35.912602438131955,-47.293538548280516,-1.5665963704428478,0.0,-0.0032491630641322718,0.009303409970082551,servo_0.441
14.959920045000217,0.4408,1.0,0.11497267759562843,35.912602438131955,-47.293538548280516,-1.5665657881618695,0.0,-0.0003640857827150938,0.009303409970082551,servo_0.441
14.96330638100062,0.4408,1.0,0.11497267759562843,35.912602438131955,-47.293538548280516,-1.5665657881618695,0.0,-0.0003640857827150938,-0.0089443274298693,servo_0.441
14.965155201000016,0.4408,1.0,0.11497267759562843,35.912602438131955,-47.293538548280516,-1.566495104708643,0.0,0.002536162943124199,-0.0089443274298693,servo_0.441
14.968732422000357,0.4408,1.0,0.11497267759562843,35.912602438131955,-47.293538548280516,-1.566495104708643,0.0,0.002536162943124199,-0.014837851947646915,servo_0.441
14.970385493000322,0.4408,1.0,0.11497267759562843,35.912602438131955,-47.293538548280516,-1.5664993885745304,0.0,-0.0009079841687738505,-0.014837851947646915,servo_0.441
14.974251489999915,0.4408,1.0,0.11497267759562843,35.912602438131955,-47.293538548280516,-1.5664993885745304,0.0,-0.0009079841687738505,-0.00053517607000924,servo_0.441
14.97598145900065,0.4408,1.0,0.11497267759562843,35.912602438131955,-47.293538548280516,-1.5665650219625304,0.0,-0.0050869445024357696,-0.00053517607000924,servo_0.441
14.979779998000595,0.4408,1.0,0.11497267759562843,35.912602438131955,-47.293538548280516,-1.5665650219625304,0.0,-0.0050869445024357696,0.009303409970082551,servo_0.441
14.981617905999883,0.4408,1.0,0.11497267759562843,35.912602438131955,-47.293538548280516,-1.5665483719621103,0.0,-0.0037214139727078104,0.009303409970082551,servo_0.441
14.985220280000249,0.4408,1.0,0.11497267759562843,35.912602438131955,-47.293538548280516,-1.5665483719621103,0.0,-0.0037214139727078104,0.00478031954108394,servo_0.441
14.986909896000725,0.4408,1.0,0.11497267759562843,35.912602438131955,-47.293538548280516,-1.5664778867691609,0.0,0.00018603321012929802,0.00478031954108394,servo_0.441
14.990571887000442,0.4408,1.0,0.11497267759562843,35.912602438131955,-47.293538548280516,-1.5664778867691609,0.0,0.00018603321012929802,-0.006437287916912153,servo_0.441
14.992279967000286,0.4408,1.0,0.11497267759562843,35.912602438131955,-47.293538548280516,-1.5664250668586832,0.0,0.0015643191094156903,-0.006437287916912153,servo_0.441
14.996742045000246,0.4408,1.0,0.11497267759562843,35.912602438131955,-47.293538548280516,-1.5664531088348845,0.0,-0.0008361629984826628,-0.006437287916912153,servo_0.441
14.998290921000262,0.4408,1.0,0.11497267759562843,35.912602438131955,-47.293538548280516,-1.5664531088348845,0.0,-0.0008361629984826628,-0.007337894616319943,servo_0.441
15.002505152000595,0.4408,1.0,0.11497267759562843,35.912602438131955,-47.293538548280516,-1.5664531088348845,0.0,-0.0008361629984826628,0.0017222259654338368,servo_0.441
15.004477880000195,0.4408,1.0,0.11497267759562843,35.912602438131955,-47.293538548280516,-1.5664574407964693,0.0,-0.0027866824838338466,0.0017222259654338368,servo_0.441
15.005295343000398,0.4408,1.0,0.11497267759562843,35.912602438131955,-47.293538548280516,-1.5664574407964693,0.0,-0.0027866824838338466,0.005558178961225646,servo_0.441
15.006873436000205,0.4408,1.0,0.11497267759562843,35.912602438131955,-47.293538548280516,-1.5664574407964693,0.0,-0.0027866824838338466,0.005558178961225646,servo_0.441
15.008539211000425,0.4408,1.0,0.11497267759562843,35.912602438131955,-47.293538548280516,-1.5663739629793276,0.0,0.0006636467240302151,0.005558178961225646,servo_0.441
15.009361858000375,0.4408,1.0,0.11497267759562843,35.912602438131955,-47.293538548280516,-1.5663739629793276,0.0,0.0006636467240302151,0.004074493166868047,servo_0.441
15.013741118000326,0.4408,1.0,0.11497267759562843,35.912602438131955,-47.293538548280516,-1.5663739629793276,0.0,0.0006636467240302151,-0.0036249918863830786,servo_0.441
15.016223588000685,0.4408,1.0,0.11497267759562843,35.912602438131955,-47.293538548280516,-1.5663449862219498,0.0,0.0016869006568815646,-0.0036249918863830786,servo_0.441
15.019754151000598,0.4408,1.0,0.11497267759562843,35.912602438131955,-47.293538548280516,-1.5663449862219498,0.0,0.0016869006568815646,-0.008866941794256481,servo_0.441
15.022011719000147,0.4408,1.0,0.11497267759562843,35.912602438131955,-47.293538548280516,-1.5663355333170688,0.0,9.333289390217147e-05,-0.008866941794256481,servo_0.441
15.025330725000458,0.4408,1.0,0.11497267759562843,35.912602438131955,-47.293538548280516,-1.5663355333170688,0.0,9.333289390217147e-05,0.0017222259654338368,servo_0.441
15.02727318000052,0.4408,1.0,0.11497267759562843,35.912602438131955,-47.293538548280516,-1.5663470094938718,0.0,-0.0025947495125454244,0.0017222259654338368,servo_0.441
15.03135233500052,0.4408,1.0,0.11497267759562843,35.912602438131955,-47.293538548280516,-1.5663085630217117,0.0,-0.0012996568691516458,0.0017222259654338368,servo_0.441
15.033074112000577,0.4408,1.0,0.11497267759562843,35.912602438131955,-47.293538548280516,-1.5663085630217117,0.0,-0.0012996568691516458,0.009462324745457322,servo_0.441
15.036750279999978,0.4408,1.0,0.11497267759562843,35.912602438131955,-47.293538548280516,-1.5663085630217117,0.0,-0.0012996568691516458,0.009106814586175061,servo_0.441
15.038566011000512,0.4408,1.0,0.11497267759562843,35.912602438131955,-47.293538548280516,-1.5662649751662132,0.0,0.0019289376152310444,0.009106814586175061,servo_0.441
15.039421043000402,0.4408,1.0,0.11497267759562843,35.912602438131955,-47.293538548280516,-1.5662649751662132,0.0,0.0019289376152310444,0.015072068643140977,servo_0.441
15.041154468000059,0.4408,1.0,0.11497267759562843,35.912602438131955,-47.293538548280516,-1.5662649751662132,0.0,0.0019289376152310444,0.015072068643140977,servo_0.441
15.042779282000083,0.4408,1.0,0.11497267759562843,35.912602438131955,-47.293538548280516,-1.5661208226302448,0.0,0.007379231087502268,0.015072068643140977,servo_0.441
15.043626986000163,0.4408,1.0,0.11497267759562843,35.912602438131955,-47.293538548280516,-1.5661208226302448,0.0,0.007379231087502268,0.00010245720692852532,servo_0.441
15.04780252799992,0.4408,1.0,0.11497267759562843,35.912602438131955,-47.293538548280516,-1.5661208226302448,0.0,0.007379231087502268,-0.016956750295887224,servo_0.441
15.049504208000144,0.4408,1.0,0.11497267759562843,35.912602438131955,-47.293538548280516,-1.5660718050907836,0.0,0.005196198923330144,-0.016956750295887224,servo_0.441
15.053257018000295,0.4408,1.0,0.11497267759562843,35.912602438131955,-47.293538548280516,-1.5660718050907836,0.0,0.005196198923330144,-0.0101184683411067,servo_0.441
15.054900488000385,0.4408,1.0,0.11497267759562843,35.912602438131955,-47.293538548280516,-1.5661124624985836,0.0,-0.0014496858424350666,-0.0101184683411067,servo_0.441
15.058657106000283,0.4408,1.0,0.11497267759562843,35.912602438131955,-47.293538548280516,-1.5661124624985836,0.0,-0.0014496858424350666,-0.004060979184781846,servo_0.441
15.060366915000486,0.4408,1.0,0.11497267759562843,35.912602438131955,-47.293538548280516,-1.5661615745803588,0.0,-0.0040503205920365565,-0.004060979184781846,servo_0.441
15.064369620000434,0.4408,1.0,0.11497267759562843,35.912602438131955,-47.293538548280516,-1.5661615745803588,0.0,-0.0040503205920365565,-0.01618778125647826,servo_0.441
15.066390285000125,0.4408,1.0,0.11497267759562843,35.912602438131955,-47.293538548280516,-1.5661616760732806,0.0,-0.004053518169860143,-0.01618778125647826,servo_0.441
15.07026821799991,0.4408,1.0,0.11497267759562843,35.912602438131955,-47.293538548280516,-1.5662026386634609,0.0,-0.007693797095845578,-0.01618778125647826,servo_0.441
15.071938025000236,0.4408,1.0,0.11497267759562843,35.912602438131955,-47.293538548280516,-1.5662026386634609,0.0,-0.007693797095845578,-0.01947449446806973,servo_0.441
15.075965179000377,0.4408,1.0,0.11497267759562843,35.912602438131955,-47.293538548280516,-1.5662026386634609,0.0,-0.007693797095845578,0.0023310693234098855,servo_0.441
15.077504135000709,0.4408,1.0,0.11497267759562843,35.912602438131955,-47.293538548280516,-1.5662686194221214,0.0,-0.011228006307512823,0.0023310693234098855,servo_0.441
15.081474231000357,0.4408,1.0,0.11497267759562843,35.912602438131955,-47.293538548280516,-1.5662686194221214,0.0,-0.011228006307512823,0.012961757949118871,servo_0.441
15.082810173000325,0.4408,1.0,0.11497267759562843,35.912602438131955,-47.293538548280516,-1.56624103252317,0.0,-0.00716028361823601,0.012961757949118871,servo_0.441
15.087773672999901,0.4408,1.0,0.11497267759562843,35.912602438131955,-47.293538548280516,-1.56624103252317,0.0,-0.00716028361823601,0.011414627803350964,servo_0.441
15.089525754000533,0.4408,1.0,0.11497267759562843,35.912602438131955,-47.293538548280516,-1.5661509653474048,0.0,-0.0011236711480295458,0.011414627803350964,servo_0.441
15.090298992000498,0.4408,1.0,0.11497267759562843,35.912602438131955,-47.293538548280516,-1.5661509653474048,0.0,-0.0011236711480295458,0.009161065050115116,servo_0.441
15.09181333900051,0.4408,1.0,0.11497267759562843,35.912602438131955,-47.293538548280516,-1.5661509653474048,0.0,-0.0011236711480295458,0.009161065050115116,servo_0.441
15.093380455000442,0.4408,1.0,0.11497267759562843,35.912602438131955,-47.293538548280516,-1.5660161986884795,0.0,0.004594792491203759,0.009161065050115116,servo_0.441
15.094108027999937,0.4408,1.0,0.11497267759562843,35.912602438131955,-47.293538548280516,-1.5660161986884795,0.0,0.004594792491203759,0.0016160499719838784,servo_0.441
15.098048971000026,0.4408,1.0,0.11497267759562843,35.912602438131955,-47.293538548280516,-1.5660161986884795,0.0,0.004594792491203759,0.001498655542479124,servo_0.441
15.099612599000466,0.4408,1.0,0.11497267759562843,35.912602438131955,-47.293538548280516,-1.5660138350853607,0.0,0.0037011697354377947,0.001498655542479124,servo_0.441
15.10307263300001,0.4408,1.0,0.11497267759562843,35.912602438131955,-47.293538548280516,-1.5660138350853607,0.0,0.0037011697354377947,-0.018994723917097354,servo_0.441
15.10423068199998,0.4408,1.0,0.11497267759562843,35.912602438131955,-47.293538548280516,-1.5659717155857815,0.0,0.0030404154775501933,-0.018994723917097354,servo_0.441
15.109234567000385,0.4408,1.0,0.11497267759562843,35.912602438131955,-47.293538548280516,-1.5659717155857815,0.0,0.0030404154775501933,-0.02871470637712794,servo_0.441
15.110454761000256,0.4408,1.0,0.11497267759562843,35.912602438131955,-47.293538548280516,-1.5660261034640575,0.0,-0.003570126340844071,-0.02871470637712794,servo_0.441
15.114680929000315,0.4408,1.0,0.11497267759562843,35.912602438131955,-47.293538548280516,-1.5661361211694542,0.0,-0.011113500351729231,-0.02871470637712794,servo_0.441
15.115384405000441,0.4408,1.0,0.11497267759562843,35.912602438131955,-47.293538548280516,-1.5661361211694542,0.0,-0.011113500351729231,-0.012952991363764927,servo_0.441
15.11937600500005,0.4408,1.0,0.11497267759562843,35.912602438131955,-47.293538548280516,-1.5661361211694542,0.0,-0.011113500351729231,-0.002031592697641272,servo_0.441
15.12050378100048,0.4408,1.0,0.11497267759562843,35.912602438131955,-47.293538548280516,-1.5662046656679152,0.0,-0.011665347655339938,-0.002031592697641272,servo_0.441
15.125010533000022,0.4408,1.0,0.11497267759562843,35.912602438131955,-47.293538548280516,-1.5662046656679152,0.0,-0.011665347655339938,-0.0037115714094661497,servo_0.441
15.126474061999943,0.4408,1.0,0.11497267759562843,35.912602438131955,-47.293538548280516,-1.5661755117947902,0.0,-0.008775221168030338,-0.0037115714094661497,servo_0.441
15.130563489000451,0.4408,1.0,0.11497267759562843,35.912602438131955,-47.293538548280516,-1.5661755117947902,0.0,-0.008775221168030338,0.009780009694882052,servo_0.441
15.13226411300002,0.4408,1.0,0.11497267759562843,35.912602438131955,-47.293538548280516,-1.5661620617030008,0.0,-0.0072561262404610815,0.009780009694882052,servo_0.441
15.136632364999969,0.4408,1.0,0.11497267759562843,35.912602438131955,-47.293538548280516,-1.5661620617030008,0.0,-0.0072561262404610815,0.02195278016363243,servo_0.441
15.138338909000595,0.4408,1.0,0.11497267759562843,35.912602438131955,-47.293538548280516,-1.5660974813062676,0.0,-0.002145285459858141,0.02195278016363243,servo_0.441
15.141935106999881,0.4408,1.0,0.11497267759562843,35.912602438131955,-47.293538548280516,-1.5660974813062676,0.0,-0.002145285459858141,0.012101462249968904,servo_0.441
15.143611954000335,0.4408,1.0,0.11497267759562843,35.912602438131955,-47.293538548280516,-1.5659829234032379,0.0,0.00508413422718903,0.012101462249968904,servo_0.441
15.144407784000578,0.4408,1.0,0.11497267759562843,35.912602438131955,-47.293538548280516,-1.5659829234032379,0.0,0.00508413422718903,-0.011943421324326815,servo_0.441
15.145779950999895,0.4408,1.0,0.11497267759562843,35.912602438131955,-47.293538548280516,-1.5658928912302694,0.0,0.007189332634022992,-0.011943421324326815,servo_0.441
15.147299449999991,0.4408,1.0,0.11497267759562843,35.912602438131955,-47.293538548280516,-1.5658928912302694,0.0,0.007189332634022992,-0.016921490459173495,servo_0.441
15.148533853000117,0.4408,1.0,0.11497267759562843,35.912602438131955,-47.293538548280516,-1.5659237165932174,0.0,0.0014495064465180492,-0.016921490459173495,servo_0.441
15.152948122000453,0.4408,1.0,0.11497267759562843,35.912602438131955,-47.293538548280516,-1.5659237165932174,0.0,0.0014495064465180492,-0.007055022175769593,servo_0.441
15.154211996999948,0.4408,1.0,0.11497267759562843,35.912602438131955,-47.293538548280516,-1.5660034224498869,0.0,-0.004061792625189414,-0.007055022175769593,servo_0.441
15.158290000999841,0.4408,1.0,0.11497267759562843,35.912602438131955,-47.293538548280516,-1.5660034224498869,0.0,-0.004061792625189414,0.0012634071321369809,servo_0.441
15.159470386000066,0.4408,1.0,0.11497267759562843,35.912602438131955,-47.293538548280516,-1.5660146189529716,0.0,-0.004959761490363467,0.0012634071321369809,servo_0.441
15.163591270000325,0.4408,1.0,0.11497267759562843,35.912602438131955,-47.293538548280516,-1.5660146189529716,0.0,-0.004959761490363467,-0.002719032337213959,servo_0.441
15.164748486999997,0.4408,1.0,0.11497267759562843,35.912602438131955,-47.293538548280516,-1.565986422809791,0.0,-0.0030928109036133323,-0.002719032337213959,servo_0.441
15.169377162000274,0.4408,1.0,0.11497267759562843,35.912602438131955,-47.293538548280516,-1.565986422809791,0.0,-0.0030928109036133323,-0.0042851544105798195,servo_0.441
15.17042304700044,0.4408,1.0,0.11497267759562843,35.912602438131955,-47.293538548280516,-1.5659772481999386,0.0,-0.0029806773336935205,-0.0042851544105798195,servo_0.441
15.175119244000598,0.4408,1.0,0.11497267759562843,35.912602438131955,-47.293538548280516,-1.5659918108905668,0.0,-0.00337202045675941,-0.0042851544105798195,servo_0.441
15.175833344000239,0.4408,1.0,0.11497267759562843,35.912602438131955,-47.293538548280516,-1.5659918108905668,0.0,-0.00337202045675941,0.0045520013312854825,servo_0.441
15.179920084000514,0.4408,1.0,0.11497267759562843,35.912602438131955,-47.293538548280516,-1.5659918108905668,0.0,-0.00337202045675941,0.014404225864046665,servo_0.441
15.1811205970007,0.4408,1.0,0.11497267759562843,35.912602438131955,-47.293538548280516,-1.5659409965890192,0.0,-0.0009948139203459422,0.014404225864046665,servo_0.441
15.185217609000574,0.4408,1.0,0.11497267759562843,35.912602438131955,-47.293538548280516,-1.5659409965890192,0.0,-0.0009948139203459422,0.00994902575704771,servo_0.441
15.186408747000314,0.4408,1.0,0.11497267759562843,35.912602438131955,-47.293538548280516,-1.5658376794488869,0.0,0.0036248980149718394,0.00994902575704771,servo_0.441
15.190855784000632,0.4408,1.0,0.11497267759562843,35.912602438131955,-47.293538548280516,-1.5658376794488869,0.0,0.0036248980149718394,-0.005818645998659754,servo_0.441
15.192322418000003,0.4408,1.0,0.11497267759562843,35.912602438131955,-47.293538548280516,-1.5657681029664752,0.0,0.0055221363375946,-0.005818645998659754,servo_0.441
15.19627945800039,0.4408,1.0,0.11497267759562843,35.912602438131955,-47.293538548280516,-1.5657681029664752,0.0,0.0055221363375946,-0.01791342433847094,servo_0.441
15.198140469999998,0.4408,1.0,0.11497267759562843,35.912602438131955,-47.293538548280516,-1.5657855824035185,0.0,0.002119901636718294,-0.01791342433847094,servo_0.441
15.201805982000224,0.4408,1.0,0.11497267759562843,35.912602438131955,-47.293538548280516,-1.5657855824035185,0.0,0.002119901636718294,-0.007255760543677567,servo_0.441
15.203817655000421,0.4408,1.0,0.11497267759562843,35.912602438131955,-47.293538548280516,-1.5658434003557107,0.0,-0.003890096155838476,-0.007255760543677567,servo_0.441
15.204521577999913,0.4408,1.0,0.11497267759562843,35.912602438131955,-47.293538548280516,-1.5658434003557107,0.0,-0.003890096155838476,0.003347045253552074,servo_0.441
15.206779690000076,0.4408,1.0,0.11497267759562843,35.912602438131955,-47.293538548280516,-1.5658434003557107,0.0,-0.003890096155838476,0.003347045253552074,servo_0.441
15.208261108000443,0.4408,1.0,0.11497267759562843,35.912602438131955,-47.293538548280516,-1.565809043406099,0.0,-0.0024257432544675193,0.003347045253552074,servo_0.441
15.208949384000334,0.4408,1.0,0.11497267759562843,35.912602438131955,-47.293538548280516,-1.565809043406099,0.0,-0.0024257432544675193,0.009357964200834443,servo_0.441
15.21287093400042,0.4408,1.0,0.11497267759562843,35.912602438131955,-47.293538548280516,-1.565809043406099,0.0,-0.0024257432544675193,0.0024636151629523198,servo_0.441
15.214260254000692,0.4408,1.0,0.11497267759562843,35.912602438131955,-47.293538548280516,-1.5657463956430153,0.0,0.0011093689821230692,0.0024636151629523198,servo_0.441
15.218542647000504,0.4408,1.0,0.11497267759562843,35.912602438131955,-47.293538548280516,-1.5657463956430153,0.0,0.0011093689821230692,0.0001383223016155829,servo_0.441
15.220965851000074,0.4408,1.0,0.11497267759562843,35.912602438131955,-47.293538548280516,-1.5657147572828398,0.0,0.0015156428363718444,0.0001383223016155829,servo_0.441
15.224185686000055,0.4408,1.0,0.11497267759562843,35.912602438131955,-47.293538548280516,-1.5657147572828398,0.0,0.0015156428363718444,0.005412297550584101,servo_0.441
15.226342707000185,0.4408,1.0,0.11497267759562843,35.912602438131955,-47.293538548280516,-1.5656870960285272,0.0,0.0011024466759449658,0.005412297550584101,servo_0.441
15.229593071000636,0.4408,1.0,0.11497267759562843,35.912602438131955,-47.293538548280516,-1.5656870960285272,0.0,0.0011024466759449658,0.006299870365110015,servo_0.441
15.231518469000548,0.4408,1.0,0.11497267759562843,35.912602438131955,-47.293538548280516,-1.5656362860645425,0.0,0.002395401938336706,0.006299870365110015,servo_0.441
15.235463668000193,0.4408,1.0,0.11497267759562843,35.912602438131955,-47.293538548280516,-1.5656362860645425,0.0,0.002395401938336706,0.001135004406632194,servo_0.441
15.238835764000214,0.4408,1.0,0.11497267759562843,35.912602438131955,-47.293538548280516,-1.5655883131878063,0.0,0.003566742466368699,0.001135004406632194,servo_0.441
15.240986000000703,0.4408,1.0,0.11497267759562843,35.912602438131955,-47.293538548280516,-1.5655883131878063,0.0,0.003566742466368699,-0.007347390450081756,servo_0.441
15.244209452000177,0.4408,1.0,0.11497267759562843,35.912602438131955,-47.293538548280516,-1.5655772227593807,0.0,0.002837221048447747,-0.007347390450081756,servo_0.441
15.24665035199996,0.4408,1.0,0.11497267759562843,35.912602438131955,-47.293538548280516,-1.5655772227593807,0.0,0.002837221048447747,-0.009576910372249883,servo_0.441
15.248340447999908,0.4408,1.0,0.11497267759562843,35.912602438131955,-47.293538548280516,-1.5655938950782287,0.0,-0.000218162401111104,-0.009576910372249883,servo_0.441
15.252704219000407,0.4408,1.0,0.11497267759562843,35.912602438131955,-47.293538548280516,-1.5655938950782287,0.0,-0.000218162401111104,0.007110057544023111,servo_0.441
15.254027361000226,0.4408,1.0,0.11497267759562843,35.912602438131955,-47.293538548280516,-1.5656176721880093,0.0,-0.0030257867924527375,0.007110057544023111,servo_0.441
15.254627058000551,0.4408,1.0,0.11497267759562843,35.912602438131955,-47.293538548280516,-1.5656176721880093,0.0,-0.0030257867924527375,0.007110057544023111,servo_0.441
15.25569323200034,0.4408,1.0,0.11497267759562843,35.912602438131955,-47.293538548280516,-1.5655460116099817,0.0,1.4966508490017391e-05,0.007110057544023111,servo_0.441
15.264508233000015,0.4408,1.0,0.11497267759562843,35.912602438131955,-47.293538548280516,-1.5655460116099817,0.0,0.0021434938191499456,0.007110057544023111,servo_0.441
15.265402978000566,0.4408,1.0,0.11497267759562843,35.912602438131955,-47.293538548280516,-1.5655460116099817,0.0,0.0021434938191499456,0.00027945636428880797,servo_0.441
15.2668102180005,0.4408,1.0,0.11497267759562843,35.912602438131955,-47.293538548280516,-1.5655460116099817,0.0,0.0021434938191499456,0.00027945636428880797,servo_0.441
15.267432923000342,0.4408,1.0,0.11497267759562843,35.912602438131955,-47.293538548280516,-1.5655460116099817,0.0,0.0021434938191499456,0.00027945636428880797,servo_0.441
15.26909786700071,0.4408,1.0,0.11497267759562843,35.912602438131955,-47.293538548280516,-1.5655460116099817,0.0,0.0021434938191499456,-0.0058456209076698145,servo_0.441
15.272010205000697,0.4408,1.0,0.11497267759562843,35.912602438131955,-47.293538548280516,-1.565473565304021,0.0,0.0011928347171707653,-0.0058456209076698145,servo_0.441
15.274869454000509,0.4408,1.0,0.11497267759562843,35.912602438131955,-47.293538548280516,-1.565473565304021,0.0,0.0011928347171707653,0.00016559993714017966,servo_0.441
15.276894311000433,0.4408,1.0,0.11497267759562843,35.912602438131955,-47.293538548280516,-1.5654797063540062,0.0,-0.0009187019702814087,0.00016559993714017966,servo_0.441
15.28041354600009,0.4408,1.0,0.11497267759562843,35.912602438131955,-47.293538548280516,-1.5654797063540062,0.0,-0.0009187019702814087,0.0033102723044143145,servo_0.441
15.282501188999959,0.4408,1.0,0.11497267759562843,35.912602438131955,-47.293538548280516,-1.5654555461224384,0.0,-0.0005934113980549322,0.0033102723044143145,servo_0.441
15.285849988000336,0.4408,1.0,0.11497267759562843,35.912602438131955,-47.293538548280516,-1.5654555461224384,0.0,-0.0005934113980549322,-0.00039373984973406495,servo_0.441
15.287813883000126,0.4408,1.0,0.11497267759562843,35.912602438131955,-47.293538548280516,-1.5654218760177214,0.0,0.0005776937126858418,-0.00039373984973406495,servo_0.441
15.292147734000537,0.4408,1.0,0.11497267759562843,35.912602438131955,-47.293538548280516,-1.5654091903732612,0.0,0.00028626364395986973,-0.00039373984973406495,servo_0.441
15.292912843000522,0.4408,1.0,0.11497267759562843,35.912602438131955,-47.293538548280516,-1.5654091903732612,0.0,0.00028626364395986973,-0.00880794237313822,servo_0.441
15.296639476000564,0.4408,1.0,0.11497267759562843,35.912602438131955,-47.293538548280516,-1.5654091903732612,0.0,0.00028626364395986973,-0.008858051413523742,servo_0.441
15.298050236000563,0.4408,1.0,0.11497267759562843,35.912602438131955,-47.293538548280516,-1.5654328284279597,0.0,-0.002441998161169557,-0.008858051413523742,servo_0.441
15.298670701999981,0.4408,1.0,0.11497267759562843,35.912602438131955,-47.293538548280516,-1.5654328284279597,0.0,-0.002441998161169557,0.0001839861841440252,servo_0.441
15.299804686000243,0.4408,1.0,0.11497267759562843,35.912602438131955,-47.293538548280516,-1.5654328284279597,0.0,-0.002441998161169557,0.0001839861841440252,servo_0.441
15.303315985000154,0.4408,1.0,0.11497267759562843,35.912602438131955,-47.293538548280516,-1.565426426298084,0.0,-0.003001574040569861,0.0001839861841440252,servo_0.441
15.305012065000483,0.4408,1.0,0.11497267759562843,35.912602438131955,-47.293538548280516,-1.565426426298084,0.0,-0.003001574040569861,0.008547777542069998,servo_0.441
15.313768056000299,0.4408,1.0,0.11497267759562843,35.912602438131955,-47.293538548280516,-1.5653677087490387,0.0,0.0004632314342220968,0.008547777542069998,servo_0.441
15.315819985999951,0.4408,1.0,0.11497267759562843,35.912602438131955,-47.293538548280516,-1.5653677087490387,0.0,0.0004632314342220968,0.007078032511766258,servo_0.441
15.317491393000637,0.4408,1.0,0.11497267759562843,35.912602438131955,-47.293538548280516,-1.5653178100312484,0.0,0.0024476717574853446,0.007078032511766258,servo_0.441
15.318086610000137,0.4408,1.0,0.11497267759562843,35.912602438131955,-47.293538548280516,-1.5653178100312484,0.0,0.0024476717574853446,-0.004262020279204358,servo_0.441
15.319843492000473,0.4408,1.0,0.11497267759562843,35.912602438131955,-47.293538548280516,-1.5653178100312484,0.0,0.0024476717574853446,-0.008953520537116578,servo_0.441
15.321114727999884,0.4408,1.0,0.11497267759562843,35.912602438131955,-47.293538548280516,-1.5653237572514644,0.0,0.000434764146478434,-0.008953520537116578,servo_0.441
15.325229787999888,0.4408,1.0,0.11497267759562843,35.912602438131955,-47.293538548280516,-1.5653237572514644,0.0,0.000434764146478434,0.0039425527803546865,servo_0.441
15.326586914000472,0.4408,1.0,0.11497267759562843,35.912602438131955,-47.293538548280516,-1.5653326901608258,0.0,-0.0023817212586000696,0.0039425527803546865,servo_0.441
15.330330988000242,0.4408,1.0,0.11497267759562843,35.912602438131955,-47.293538548280516,-1.5653326901608258,0.0,-0.0023817212586000696,0.0039425527803546865,servo_0.441
15.33170136300032,0.4408,1.0,0.11497267759562843,35.912602438131955,-47.293538548280516,-1.565299243061219,0.0,-0.0004844390469136428,0.0039425527803546865,servo_0.441
15.33572490000006,0.4408,1.0,0.11497267759562843,35.912602438131955,-47.293538548280516,-1.565299243061219,0.0,-0.0004844390469136428,0.0011080296276592962,servo_0.441
15.337005545000466,0.4408,1.0,0.11497267759562843,35.912602438131955,-47.293538548280516,-1.565299243061219,0.0,0.0008436585012668559,0.0011080296276592962,servo_0.441
15.341117693000342,0.4408,1.0,0.11497267759562843,35.912602438131955,-47.293538548280516,-1.565299243061219,0.0,0.0008436585012668559,-0.0043118265930753435,servo_0.441
15.342476419000377,0.4408,1.0,0.11497267759562843,35.912602438131955,-47.293538548280516,-1.5652759203349897,0.0,0.000922969839184588,-0.0043118265930753435,servo_0.441
15.346668281999882,0.4408,1.0,0.11497267759562843,35.912602438131955,-47.293538548280516,-1.5652759203349897,0.0,0.000922969839184588,-0.0059049230553026135,servo_0.441
15.348221637000279,0.4408,1.0,0.11497267759562843,35.912602438131955,-47.293538548280516,-1.565269936243835,0.0,-0.0006474690904933916,-0.0059049230553026135,servo_0.441
15.348886136000147,0.4408,1.0,0.11497267759562843,35.912602438131955,-47.293538548280516,-1.565269936243835,0.0,-0.0006474690904933916,0.0001475157014464762,servo_0.441
15.350647369999933,0.4408,1.0,0.11497267759562843,35.912602438131955,-47.293538548280516,-1.565269936243835,0.0,-0.0006474690904933916,0.0001475157014464762,servo_0.441
15.351932558000044,0.4408,1.0,0.11497267759562843,35.912602438131955,-47.293538548280516,-1.565269936243835,0.0,-0.0006474690904933916,0.012247646907273636,servo_0.441
15.353343542000403,0.4408,1.0,0.11497267759562843,35.912602438131955,-47.293538548280516,-1.5652465318016693,0.0,-0.0015130389855213676,0.012247646907273636,servo_0.441
15.358577001999947,0.4408,1.0,0.11497267759562843,35.912602438131955,-47.293538548280516,-1.565155109810158,0.0,0.0026151667823171333,0.012247646907273636,servo_0.441
15.359481346999928,0.4408,1.0,0.11497267759562843,35.912602438131955,-47.293538548280516,-1.565155109810158,0.0,0.0026151667823171333,0.02041009416793359,servo_0.441
15.3630946330004,0.4408,1.0,0.11497267759562843,35.912602438131955,-47.293538548280516,-1.565155109810158,0.0,0.0026151667823171333,0.030578492618290074,servo_0.441
15.364709655000297,0.4408,1.0,0.11497267759562843,35.912602438131955,-47.293538548280516,-1.5650466155116785,0.0,0.00795364499800207,0.030578492618290074,servo_0.441
15.368934093999997,0.4408,1.0,0.11497267759562843,35.912602438131955,-47.293538548280516,-1.5650466155116785,0.0,0.00795364499800207,0.03422319917882084,servo_0.441
15.370860132999951,0.4408,1.0,0.11497267759562843,35.912602438131955,-47.293538548280516,-1.564908600655084,0.0,0.014741099284088469,0.03422319917882084,servo_0.441
15.373959900000045,0.4408,1.0,0.11497267759562843,35.912602438131955,-47.293538548280516,-1.564908600655084,0.0,0.014741099284088469,0.005994469246213276,servo_0.441
15.375903603000552,0.4408,1.0,0.11497267759562843,35.912602438131955,-47.293538548280516,-1.564747245247395,0.0,0.020585729252508178,0.005994469246213276,servo_0.441
15.379391446000227,0.4408,1.0,0.11497267759562843,35.912602438131955,-47.293538548280516,-1.564747245247395,0.0,0.020585729252508178,-0.023491446450560928,servo_0.441
15.380995235000228,0.4408,1.0,0.11497267759562843,35.912602438131955,-47.293538548280516,-1.5646857426548342,0.0,0.01620835125061971,-0.023491446450560928,servo_0.441
15.384937522000655,0.4408,1.0,0.11497267759562843,35.912602438131955,-47.293538548280516,-1.5646857426548342,0.0,0.01620835125061971,-0.025593772862799298,servo_0.441
15.386365306000698,0.4408,1.0,0.11497267759562843,35.912602438131955,-47.293538548280516,-1.5647893457787465,0.0,0.004298411940265517,-0.025593772862799298,servo_0.441
15.390892314000666,0.4408,1.0,0.11497267759562843,35.912602438131955,-47.293538548280516,-1.5649198137476206,0.0,-0.004669243500653927,-0.025593772862799298,servo_0.441
15.391581486000177,0.4408,1.0,0.11497267759562843,35.912602438131955,-47.293538548280516,-1.5649198137476206,0.0,-0.004669243500653927,-0.026379917210644675,servo_0.441
15.395809796999856,0.4408,1.0,0.11497267759562843,35.912602438131955,-47.293538548280516,-1.5649198137476206,0.0,-0.004669243500653927,-0.04166028666292188,servo_0.441
15.397246477999943,0.4408,1.0,0.11497267759562843,35.912602438131955,-47.293538548280516,-1.5650188866810548,0.0,-0.01118244561365115,-0.04166028666292188,servo_0.441
15.403475166000135,0.4408,1.0,0.11497267759562843,35.912602438131955,-47.293538548280516,-1.5651660305035693,0.0,-0.02032579792843237,-0.04166028666292188,servo_0.441
15.404237714999908,0.4408,1.0,0.11497267759562843,35.912602438131955,-47.293538548280516,-1.5651660305035693,0.0,-0.02032579792843237,-0.03890405641512278,servo_0.441
15.406424049000634,0.4408,1.0,0.11497267759562843,35.912602438131955,-47.293538548280516,-1.5651660305035693,0.0,-0.02032579792843237,-0.004385372231276538,servo_0.441
15.407835801000147,0.4408,1.0,0.11497267759562843,35.912602438131955,-47.293538548280516,-1.5653072121111422,0.0,-0.02589927547443949,-0.004385372231276538,servo_0.441
15.412051952000184,0.4408,1.0,0.11497267759562843,35.912602438131955,-47.293538548280516,-1.5653072121111422,0.0,-0.02589927547443949,0.016679106389570757,servo_0.441
15.413583291000577,0.4408,1.0,0.11497267759562843,35.912602438131955,-47.293538548280516,-1.5653159431431578,0.0,-0.019445104501490604,0.016679106389570757,servo_0.441
15.414249006000318,0.4408,1.0,0.11497267759562843,35.912602438131955,-47.293538548280516,-1.5653159431431578,0.0,-0.019445104501490604,0.008351483844379743,servo_0.441
15.415475824000168,0.4408,1.0,0.11497267759562843,35.912602438131955,-47.293538548280516,-1.5652159852143699,0.0,-0.008607841234172197,0.008351483844379743,servo_0.441
15.417390023000735,0.4408,1.0,0.11497267759562843,35.912602438131955,-47.293538548280516,-1.5652159852143699,0.0,-0.008607841234172197,-0.012075966643720598,servo_0.441
15.418907729000239,0.4408,1.0,0.11497267759562843,35.912602438131955,-47.293538548280516,-1.5651570905822483,0.0,-0.0035200437106066144,-0.012075966643720598,servo_0.441
15.42341310500069,0.4408,1.0,0.11497267759562843,35.912602438131955,-47.293538548280516,-1.5651938725132497,0.0,-0.006086820590540809,-0.012075966643720598,servo_0.441
15.424198183000044,0.4408,1.0,0.11497267759562843,35.912602438131955,-47.293538548280516,-1.5651938725132497,0.0,-0.006086820590540809,-0.020157187491133138,servo_0.441
15.42842870200002,0.4408,1.0,0.11497267759562843,35.912602438131955,-47.293538548280516,-1.5651938725132497,0.0,-0.006086820590540809,-0.0006214528015591935,servo_0.441
15.430573211000592,0.4408,1.0,0.11497267759562843,35.912602438131955,-47.293538548280516,-1.5652764315995817,0.0,-0.010307930660718508,-0.0006214528015591935,servo_0.441
15.434592108000288,0.4408,1.0,0.11497267759562843,35.912602438131955,-47.293538548280516,-1.5652764315995817,0.0,-0.010307930660718508,-0.011692574436181968,servo_0.441
15.437535423000554,0.4408,1.0,0.11497267759562843,35.912602438131955,-47.293538548280516,-1.5652487777952377,0.0,-0.007401987302970713,-0.011692574436181968,servo_0.441
15.44070034500055,0.4408,1.0,0.11497267759562843,35.912602438131955,-47.293538548280516,-1.5652487777952377,0.0,-0.007401987302970713,-0.011692574436181968,servo_0.441
15.442908439000348,0.4408,1.0,0.11497267759562843,35.912602438131955,-47.293538548280516,-1.5652370580410122,0.0,-0.008689163442934088,-0.011692574436181968,servo_0.441
15.445661573000507,0.4408,1.0,0.11497267759562843,35.912602438131955,-47.293538548280516,-1.5652370580410122,0.0,-0.008689163442934088,-0.02220910317676875,servo_0.441
15.44795434200023,0.4408,1.0,0.11497267759562843,35.912602438131955,-47.293538548280516,-1.5652370580410122,0.0,-0.009590186740908453,-0.02220910317676875,servo_0.441
15.45083915900068,0.4408,1.0,0.11497267759562843,35.912602438131955,-47.293538548280516,-1.5652370580410122,0.0,-0.009590186740908453,-0.009453860886617914,servo_0.441
15.45375405699997,0.4408,1.0,0.11497267759562843,35.912602438131955,-47.293538548280516,-1.5653400666743111,0.0,-0.013375861671666541,-0.009453860886617914,servo_0.441
15.456870145000721,0.4408,1.0,0.11497267759562843,35.912602438131955,-47.293538548280516,-1.5653400666743111,0.0,-0.013375861671666541,0.00944898917435821,servo_0.441
15.459183715000108,0.4408,1.0,0.11497267759562843,35.912602438131955,-47.293538548280516,-1.5653714234576854,0.0,-0.012199261436151953,0.00944898917435821,servo_0.441
15.462309467000523,0.4408,1.0,0.11497267759562843,35.912602438131955,-47.293538548280516,-1.5653714234576854,0.0,-0.012199261436151953,0.004839016755836317,servo_0.441
15.464600572000563,0.4408,1.0,0.11497267759562843,35.912602438131955,-47.293538548280516,-1.5653178871403328,0.0,-0.005704786252998905,0.004839016755836317,servo_0.441
15.466964574000485,0.4408,1.0,0.11497267759562843,35.912602438131955,-47.293538548280516,-1.5653178871403328,0.0,-0.005704786252998905,-0.0096184307181199,servo_0.441
15.469227006000438,0.4408,1.0,0.11497267759562843,35.912602438131955,-47.293538548280516,-1.5652863310917173,0.0,-0.0025416453503483384,-0.0096184307181199,servo_0.441
15.470779082000263,0.4408,1.0,0.11497267759562843,35.912602438131955,-47.293538548280516,-1.5652863310917173,0.0,-0.0025416453503483384,-0.01208930221481971,servo_0.441
15.473316145999888,0.4408,1.0,0.11497267759562843,35.912602438131955,-47.293538548280516,-1.565323764386552,0.0,-0.004664680960679807,-0.01208930221481971,servo_0.441
15.47416276200056,0.4408,1.0,0.11497267759562843,35.912602438131955,-47.293538548280516,-1.565323764386552,0.0,-0.004664680960679807,0.0022587338110438603,servo_0.441
15.477192959000604,0.4408,1.0,0.11497267759562843,35.912602438131955,-47.293538548280516,-1.565350691666359,0.0,-0.006892067336921777,0.0022587338110438603,servo_0.441
15.479097333000027,0.4408,1.0,0.11497267759562843,35.912602438131955,-47.293538548280516,-1.5653039277657375,0.0,-0.004146826992532085,0.0022587338110438603,servo_0.441
15.479916684000273,0.4408,1.0,0.11497267759562843,35.912602438131955,-47.293538548280516,-1.5653039277657375,0.0,-0.004146826992532085,0.004001854927987486,servo_0.441
15.486709356000574,0.4408,1.0,0.11497267759562843,35.912602438131955,-47.293538548280516,-1.5652644970300669,0.0,-0.0017022224163762139,0.004001854927987486,servo_0.441
15.488373242999842,0.4408,1.0,0.11497267759562843,35.912602438131955,-47.293538548280516,-1.5652644970300669,0.0,-0.0017022224163762139,-0.005713377794641917,servo_0.441
15.489847109000038,0.4408,1.0,0.11497267759562843,35.912602438131955,-47.293538548280516,-1.5652644970300669,0.0,-0.0017022224163762139,-0.015487913965275744,servo_0.441
15.491171274000408,0.4408,1.0,0.11497267759562843,35.912602438131955,-47.293538548280516,-1.5652762886317206,0.0,-0.0029055690298559244,-0.015487913965275744,servo_0.441
15.494918196000071,0.4408,1.0,0.11497267759562843,35.912602438131955,-47.293538548280516,-1.5652762886317206,0.0,-0.0029055690298559244,-0.011101209113156865,servo_0.441
15.49819662400023,0.4408,1.0,0.11497267759562843,35.912602438131955,-47.293538548280516,-1.5653382185371674,0.0,-0.00668027251048187,-0.011101209113156865,servo_0.441
15.505460989000312,0.4408,1.0,0.11497267759562843,35.912602438131955,-47.293538548280516,-1.5653656188635914,0.0,-0.008006553491284367,-0.011101209113156865,servo_0.441
15.509366732000672,0.4408,1.0,0.11497267759562843,35.912602438131955,-47.293538548280516,-1.5653656188635914,0.0,-0.008006553491284367,-0.002778334744921084,servo_0.441
15.510792691999995,0.4408,1.0,0.11497267759562843,35.912602438131955,-47.293538548280516,-1.5653570089452868,0.0,-0.006438087867375382,-0.002778334744921084,servo_0.441
15.511392677000003,0.4408,1.0,0.11497267759562843,35.912602438131955,-47.293538548280516,-1.5653570089452868,0.0,-0.006438087867375382,0.0063274502070004976,servo_0.441
15.520448357000532,0.4408,1.0,0.11497267759562843,35.912602438131955,-47.293538548280516,-1.5653570089452868,0.0,-0.006438087867375382,0.0063274502070004976,servo_0.441
15.522056754000005,0.4408,1.0,0.11497267759562843,35.912602438131955,-47.293538548280516,-1.5653049910919028,0.0,-0.002608426445062618,0.0063274502070004976,servo_0.441
15.522733189000064,0.4408,1.0,0.11497267759562843,35.912602438131955,-47.293538548280516,-1.5653049910919028,0.0,-0.002608426445062618,0.005585456076601593,servo_0.441
15.52721360400028,0.4408,1.0,0.11497267759562843,35.912602438131955,-47.293538548280516,-1.5652546262333382,0.0,-0.0005019425596626018,0.005585456076601593,servo_0.441
15.527958968999883,0.4408,1.0,0.11497267759562843,35.912602438131955,-47.293538548280516,-1.5652546262333382,0.0,-0.0005019425596626018,-0.001322531258894179,servo_0.441
15.52907260000029,0.4408,1.0,0.11497267759562843,35.912602438131955,-47.293538548280516,-1.565255768758926,0.0,-0.0016805797981981675,-0.001322531258894179,servo_0.441
15.532684094000615,0.4408,1.0,0.11497267759562843,35.912602438131955,-47.293538548280516,-1.565255768758926,0.0,-0.0016805797981981675,-0.004430733354781154,servo_0.441
15.534259979000126,0.4408,1.0,0.11497267759562843,35.912602438131955,-47.293538548280516,-1.5652187835204177,0.0,-0.0004468381576203116,-0.004430733354781154,servo_0.441
15.534826203000193,0.4408,1.0,0.11497267759562843,35.912602438131955,-47.293538548280516,-1.5652187835204177,0.0,-0.0004468381576203116,0.002431892337061352,servo_0.441
15.535945498000729,0.4408,1.0,0.11497267759562843,35.912602438131955,-47.293538548280516,-1.5651716523779653,0.0,0.001590873554204532,0.002431892337061352,servo_0.441
15.536470441000347,0.4408,1.0,0.11497267759562843,35.912602438131955,-47.293538548280516,-1.5651716523779653,0.0,0.001590873554204532,0.006345534215129167,servo_0.441
15.537291008000466,0.4408,1.0,0.11497267759562843,35.912602438131955,-47.293538548280516,-1.5651716523779653,0.0,0.001590873554204532,-0.0011947335963069772,servo_0.441
15.542561525000565,0.4408,1.0,0.11497267759562843,35.912602438131955,-47.293538548280516,-1.5651621400939313,0.0,0.0007551914090510791,-0.0011947335963069772,servo_0.441
15.543466574999911,0.4408,1.0,0.11497267759562843,35.912602438131955,-47.293538548280516,-1.5651621400939313,0.0,0.0007551914090510791,-0.00354760573062161,servo_0.441
15.547131926000475,0.4408,1.0,0.11497267759562843,35.912602438131955,-47.293538548280516,-1.5651622247732542,0.0,-0.0005356477328507276,-0.00354760573062161,servo_0.441
15.54786842700014,0.4408,1.0,0.11497267759562843,35.912602438131955,-47.293538548280516,-1.5651622247732542,0.0,-0.0005356477328507276,-0.0028192504179850035,servo_0.441
15.552290055999947,0.4408,1.0,0.11497267759562843,35.912602438131955,-47.293538548280516,-1.5651622247732542,0.0,-0.0005356477328507276,0.003988216630373838,servo_0.441
15.553566732000036,0.4408,1.0,0.11497267759562843,35.912602438131955,-47.293538548280516,-1.5651485965234777,0.0,-0.0012207285383910103,0.003988216630373838,servo_0.441
15.554121052000482,0.4408,1.0,0.11497267759562843,35.912602438131955,-47.293538548280516,-1.5651485965234777,0.0,-0.0012207285383910103,0.00772869946227551,servo_0.441
15.555051381999874,0.4408,1.0,0.11497267759562843,35.912602438131955,-47.293538548280516,-1.5651077061322083,0.0,0.0003419550122384443,0.00772869946227551,servo_0.441
15.557244180000453,0.4408,1.0,0.11497267759562843,35.912602438131955,-47.293538548280516,-1.5651077061322083,0.0,0.0003419550122384443,0.006987007538242491,servo_0.441
15.5584973670002,0.4408,1.0,0.11497267759562843,35.912602438131955,-47.293538548280516,-1.565046983026788,0.0,0.002557978347249564,0.006987007538242491,servo_0.441
15.563888207000673,0.4408,1.0,0.11497267759562843,35.912602438131955,-47.293538548280516,-1.564990871984653,0.0,0.003886687104547442,0.006987007538242491,servo_0.441
15.564603075999912,0.4408,1.0,0.11497267759562843,35.912602438131955,-47.293538548280516,-1.564990871984653,0.0,0.003886687104547442,-0.0012857583097564188,servo_0.441
15.569562416000736,0.4408,1.0,0.11497267759562843,35.912602438131955,-47.293538548280516,-1.564973517834735,0.0,0.002334953480256284,-0.0012857583097564188,servo_0.441
15.570542635000493,0.4408,1.0,0.11497267759562843,35.912602438131955,-47.293538548280516,-1.564973517834735,0.0,0.002334953480256284,-0.002819552884425215,servo_0.441
15.574951336000595,0.4408,1.0,0.11497267759562843,35.912602438131955,-47.293538548280516,-1.564973517834735,0.0,0.002334953480256284,-0.002086752121347912,servo_0.441
15.57688595000036,0.4408,1.0,0.11497267759562843,35.912602438131955,-47.293538548280516,-1.5649686226403294,0.0,0.0007886015708518341,-0.002086752121347912,servo_0.441
15.579777104000641,0.4408,1.0,0.11497267759562843,35.912602438131955,-47.293538548280516,-1.5649686226403294,0.0,0.0007886015708518341,0.006345534215129167,servo_0.441
15.5808396299999,0.4408,1.0,0.11497267759562843,35.912602438131955,-47.293538548280516,-1.5649536583487014,0.0,-7.400453680808975e-05,0.006345534215129167,servo_0.441
15.585576852000486,0.4408,1.0,0.11497267759562843,35.912602438131955,-47.293538548280516,-1.5649536583487014,0.0,-7.400453680808975e-05,0.005612733191977539,servo_0.441
15.586867800000618,0.4408,1.0,0.11497267759562843,35.912602438131955,-47.293538548280516,-1.564906666009603,0.0,0.0018518570887730871,0.005612733191977539,servo_0.441
15.591355735000434,0.4408,1.0,0.11497267759562843,35.912602438131955,-47.293538548280516,-1.5648699356080216,0.0,0.0029801199197344226,0.005612733191977539,servo_0.441
15.591961512000125,0.4408,1.0,0.11497267759562843,35.912602438131955,-47.293538548280516,-1.5648699356080216,0.0,0.0029801199197344226,-0.003461026467612864,servo_0.441
15.596486024000114,0.4408,1.0,0.11497267759562843,35.912602438131955,-47.293538548280516,-1.5648699356080216,0.0,0.0029801199197344226,-0.005130903892646856,servo_0.441
15.598083957000199,0.4408,1.0,0.11497267759562843,35.912602438131955,-47.293538548280516,-1.5648748909753627,0.0,0.0010477760035302365,-0.005130903892646856,servo_0.441
15.599568863000059,0.4408,1.0,0.11497267759562843,35.912602438131955,-47.293538548280516,-1.5648678332208557,0.0,-0.0008058279653228912,-0.005130903892646856,servo_0.441
15.602192393000223,0.4408,1.0,0.11497267759562843,35.912602438131955,-47.293538548280516,-1.5648678332208557,0.0,-0.0008058279653228912,0.0025321104178323965,servo_0.441
15.603479437000715,0.4408,1.0,0.11497267759562843,35.912602438131955,-47.293538548280516,-1.5648375776245425,0.0,0.00019555354962369508,0.0025321104178323965,servo_0.441
15.604144896000435,0.4408,1.0,0.11497267759562843,35.912602438131955,-47.293538548280516,-1.5648375776245425,0.0,0.00019555354962369508,0.007073284594885351,servo_0.441
15.608470842000315,0.4408,1.0,0.11497267759562843,35.912602438131955,-47.293538548280516,-1.5647938622868316,0.0,0.0022588728632021915,0.007073284594885351,servo_0.441
15.609086475999902,0.4408,1.0,0.11497267759562843,35.912602438131955,-47.293538548280516,-1.5647938622868316,0.0,0.0022588728632021915,0.00027531338028832336,servo_0.441
15.613609771000483,0.4408,1.0,0.11497267759562843,35.912602438131955,-47.293538548280516,-1.5647938622868316,0.0,0.0022588728632021915,-0.005012299597381256,servo_0.441
15.614780524000707,0.4408,1.0,0.11497267759562843,35.912602438131955,-47.293538548280516,-1.5647676464044187,0.0,0.001663805018328031,-0.005012299597381256,servo_0.441
15.619496146000529,0.4408,1.0,0.11497267759562843,35.912602438131955,-47.293538548280516,-1.5647676464044187,0.0,0.001663805018328031,-0.002801771082662432,servo_0.441
15.62071477200061,0.4408,1.0,0.11497267759562843,35.912602438131955,-47.293538548280516,-1.5647632886243905,0.0,-0.0003390263663847553,-0.002801771082662432,servo_0.441
15.625266965000264,0.4408,1.0,0.11497267759562843,35.912602438131955,-47.293538548280516,-1.5647632886243905,0.0,-0.0003390263663847553,0.004706773642808419,servo_0.441
15.626489590999881,0.4408,1.0,0.11497267759562843,35.912602438131955,-47.293538548280516,-1.5647717148287417,0.0,-0.0010778497812680581,0.004706773642808419,servo_0.441
15.630963253000118,0.4408,1.0,0.11497267759562843,35.912602438131955,-47.293538548280516,-1.5647717148287417,0.0,-0.0010778497812680581,0.0009675009367419174,servo_0.441
15.63218978400073,0.4408,1.0,0.11497267759562843,35.912602438131955,-47.293538548280516,-1.564735835846629,0.0,0.0006575372459548851,0.0009675009367419174,servo_0.441
15.636295723999865,0.4408,1.0,0.11497267759562843,35.912602438131955,-47.293538548280516,-1.564735835846629,0.0,0.0006575372459548851,-0.005717218052127865,servo_0.441
15.637496782000198,0.4408,1.0,0.11497267759562843,35.912602438131955,-47.293538548280516,-1.5646864037972528,0.0,0.0007505263531909947,-0.005717218052127865,servo_0.441
15.639053530000638,0.4408,1.0,0.11497267759562843,35.912602438131955,-47.293538548280516,-1.5646864037972528,0.0,0.0007505263531909947,-0.0011404818319952956,servo_0.441
15.640437537000253,0.4408,1.0,0.11497267759562843,35.912602438131955,-47.293538548280516,-1.5646864037972528,0.0,0.0007505263531909947,-0.0011404818319952956,servo_0.441
15.641945611000665,0.4408,1.0,0.11497267759562843,35.912602438131955,-47.293538548280516,-1.5646864037972528,0.0,0.0007505263531909947,0.000980232095109257,servo_0.441
15.64319271900058,0.4408,1.0,0.11497267759562843,35.912602438131955,-47.293538548280516,-1.5646843886446133,0.0,-0.001175002427481853,0.000980232095109257,servo_0.441
15.647255777000282,0.4408,1.0,0.11497267759562843,35.912602438131955,-47.293538548280516,-1.5646843886446133,0.0,-0.001175002427481853,0.0001706501254055538,servo_0.441
15.649407838000116,0.4408,1.0,0.11497267759562843,35.912602438131955,-47.293538548280516,-1.5646617298504106,0.0,-0.0005284320707045198,0.0001706501254055538,servo_0.441
15.652680219000104,0.4408,1.0,0.11497267759562843,35.912602438131955,-47.293538548280516,-1.5646617298504106,0.0,-0.0005284320707045198,0.0031827773683416488,servo_0.441
15.653883965000205,0.4408,1.0,0.11497267759562843,35.912602438131955,-47.293538548280516,-1.564626333352132,0.0,-0.00031870741187149773,0.0031827773683416488,servo_0.441
15.65812203600035,0.4408,1.0,0.11497267759562843,35.912602438131955,-47.293538548280516,-1.564626333352132,0.0,-0.00031870741187149773,0.010117437406481595,servo_0.441
15.661071720000109,0.4408,1.0,0.11497267759562843,35.912602438131955,-47.293538548280516,-1.5645853745019709,0.0,0.0007317380221924461,0.010117437406481595,servo_0.441
15.66445991100045,0.4408,1.0,0.11497267759562843,35.912602438131955,-47.293538548280516,-1.5645853745019709,0.0,0.0007317380221924461,0.016624552158818865,servo_0.441
15.665969778000544,0.4408,1.0,0.11497267759562843,35.912602438131955,-47.293538548280516,-1.5645335089224075,0.0,0.0035474478374791906,0.016624552158818865,servo_0.441
15.669251183000597,0.4408,1.0,0.11497267759562843,35.912602438131955,-47.293538548280516,-1.5645335089224075,0.0,0.0035474478374791906,0.003796369163347255,servo_0.441
15.671274312000605,0.4408,1.0,0.11497267759562843,35.912602438131955,-47.293538548280516,-1.5644279994861185,0.0,0.007470579133881092,0.003796369163347255,servo_0.441
15.674687912000081,0.4408,1.0,0.11497267759562843,35.912602438131955,-47.293538548280516,-1.5644279994861185,0.0,0.007470579133881092,-0.005145147643289576,servo_0.441
15.67626283700065,0.4408,1.0,0.11497267759562843,35.912602438131955,-47.293538548280516,-1.5643906784863548,0.0,0.00636831614272094,-0.005145147643289576,servo_0.441
15.680206404000273,0.4408,1.0,0.11497267759562843,35.912602438131955,-47.293538548280516,-1.5643906784863548,0.0,0.00636831614272094,-0.0018136778509624245,servo_0.441
15.681852210000216,0.4408,1.0,0.11497267759562843,35.912602438131955,-47.293538548280516,-1.5643991190489943,0.0,0.0029142770069177848,-0.0018136778509624245,servo_0.441
15.68696566700055,0.4408,1.0,0.11497267759562843,35.912602438131955,-47.293538548280516,-1.564407717359863,0.0,0.0014958905495537217,-0.0018136778509624245,servo_0.441
15.687909533000493,0.4408,1.0,0.11497267759562843,35.912602438131955,-47.293538548280516,-1.564407717359863,0.0,0.0014958905495537217,-0.004106340308286462,servo_0.441
15.691120920000685,0.4408,1.0,0.11497267759562843,35.912602438131955,-47.293538548280516,-1.564407717359863,0.0,0.0014958905495537217,-0.007869352338683173,servo_0.441
15.693532924000465,0.4408,1.0,0.11497267759562843,35.912602438131955,-47.293538548280516,-1.5644026980588277,0.0,-0.00018477870779833342,-0.007869352338683173,servo_0.441
15.696648180000011,0.4408,1.0,0.11497267759562843,35.912602438131955,-47.293538548280516,-1.5644026980588277,0.0,-0.00018477870779833342,-0.014627617225828476,servo_0.441
15.698101501000565,0.4408,1.0,0.11497267759562843,35.912602438131955,-47.293538548280516,-1.5644091080642095,0.0,-0.002490150797063785,-0.014627617225828476,servo_0.441
15.700283163000677,0.4408,1.0,0.11497267759562843,35.912602438131955,-47.293538548280516,-1.5644091080642095,0.0,-0.002490150797063785,-0.014627617225828476,servo_0.441
15.701976747000117,0.4408,1.0,0.11497267759562843,35.912602438131955,-47.293538548280516,-1.5644091080642095,0.0,-0.002490150797063785,-0.0006994442152939908,servo_0.441
15.703538966999986,0.4408,1.0,0.11497267759562843,35.912602438131955,-47.293538548280516,-1.5644548279243418,0.0,-0.004501806772573432,-0.0006994442152939908,servo_0.441
15.704958655000155,0.4408,1.0,0.11497267759562843,35.912602438131955,-47.293538548280516,-1.5644548279243418,0.0,-0.004501806772573432,0.01591488630734,servo_0.441
15.708674696000344,0.4408,1.0,0.11497267759562843,35.912602438131955,-47.293538548280516,-1.5643508665220238,0.0,0.0016232011514005977,0.01591488630734,servo_0.441
15.709535456000594,0.4408,1.0,0.11497267759562843,35.912602438131955,-47.293538548280516,-1.5643508665220238,0.0,0.0016232011514005977,0.0031691385505793505,servo_0.441
15.713243657000021,0.4408,1.0,0.11497267759562843,35.912602438131955,-47.293538548280516,-1.5643508665220238,0.0,0.0016232011514005977,-0.013940480052696,servo_0.441
15.714843446000486,0.4408,1.0,0.11497267759562843,35.912604325039695,-47.293830325397515,-1.564308069338565,0.05377777777777778,0.002086982371154223,-0.013940480052696,servo_0.441
15.718682626000373,0.4408,1.0,0.11497267759562843,35.912604325039695,-47.293830325397515,-1.564308069338565,0.05377777777777778,0.002086982371154223,-0.014800474065628733,servo_0.441
15.720354353999937,0.4408,1.0,0.11497267759562843,35.9126065070957,-47.29416800031399,-1.564360760002849,0.06177777777777778,-0.0027212563560008443,-0.014800474065628733,servo_0.441
15.724148221000178,0.4408,1.0,0.11497267759562843,35.9126065070957,-47.29416800031399,-1.564360760002849,0.06177777777777778,-0.0027212563560008443,-0.002846829999801161,servo_0.441
15.725782698999865,0.4408,1.0,0.11497267759562843,35.9126065070957,-47.29416800031399,-1.5644050004831513,0.0,-0.006345021668889211,-0.002846829999801161,servo_0.441
15.729558613000336,0.4408,1.0,0.11497267759562843,35.9126065070957,-47.29416800031399,-1.5644050004831513,0.0,-0.006345021668889211,0.00853858443482272,servo_0.441
15.731094689000201,0.4408,1.0,0.11497267759562843,35.9126065070957,-47.29416800031399,-1.5643978422577685,0.0,-0.005295564168162795,0.00853858443482272,servo_0.441
15.734953678000238,0.4408,1.0,0.11497267759562843,35.9126065070957,-47.29416800031399,-1.5643978422577685,0.0,-0.005295564168162795,0.0025730263509706414,servo_0.441
15.73658668400003,0.4408,1.0,0.11497267759562843,35.9126065070957,-47.29416800031399,-1.5643424099599534,0.0,-0.0011453195872671408,0.0025730263509706414,servo_0.441
15.740504170999884,0.4408,1.0,0.11497267759562843,35.9126065070957,-47.29416800031399,-1.5643424099599534,0.0,-0.0011453195872671408,0.0009117365801548548,servo_0.441
15.742033462000109,0.4408,1.0,0.11497267759562843,35.9126065070957,-47.29416800031399,-1.564317462339154,0.0,-2.981580579580615e-05,0.0009117365801548548,servo_0.441
15.746072712000569,0.4408,1.0,0.11497267759562843,35.9126065070957,-47.29416800031399,-1.564317462339154,0.0,-2.981580579580615e-05,0.0031279204110752196,servo_0.441
15.748331816000245,0.4408,1.0,0.11497267759562843,35.9126065070957,-47.29416800031399,-1.5642957475059032,0.0,0.00025264990998939213,0.0031279204110752196,servo_0.441
15.751587684000697,0.4408,1.0,0.11497267759562843,35.9126065070957,-47.29416800031399,-1.5642957475059032,0.0,0.00025264990998939213,0.007037116578628013,servo_0.441
15.753380182,0.4408,1.0,0.11497267759562843,35.9126065070957,-47.29416800031399,-1.5642564083709944,0.0,0.0011152310603151402,0.007037116578628013,servo_0.441
15.754988388000129,0.4408,1.0,0.11497267759562843,35.9126065070957,-47.29416800031399,-1.5642564083709944,0.0,0.0011152310603151402,0.007037116578628013,servo_0.441
15.756875480999952,0.4408,1.0,0.11497267759562843,35.9126065070957,-47.29416800031399,-1.5642564083709944,0.0,0.0011152310603151402,0.00026137233990549373,servo_0.441
15.75848653400044,0.4408,1.0,0.11497267759562843,35.9126065070957,-47.29416800031399,-1.5641848534754443,0.0,0.002102669403037949,0.00026137233990549373,servo_0.441
15.75950777900016,0.4408,1.0,0.11497267759562843,35.9126065070957,-47.29416800031399,-1.5641848534754443,0.0,0.002102669403037949,-0.001850148203622811,servo_0.441
15.76256114500029,0.4408,1.0,0.11497267759562843,35.9126065070957,-47.29416800031399,-1.5641848534754443,0.0,0.002102669403037949,-0.0064550697186749354,servo_0.441
15.764265962000536,0.4408,1.0,0.11497267759562843,35.9126065070957,-47.29416800031399,-1.5641922524753844,0.0,0.000916824121039721,-0.0064550697186749354,servo_0.441
15.76808344500023,0.4408,1.0,0.11497267759562843,35.9126065070957,-47.29416800031399,-1.5641922524753844,0.0,0.000916824121039721,-0.0056816554888995995,servo_0.441
15.769632129000456,0.4408,1.0,0.11497267759562843,35.9126065070957,-47.29416800031399,-1.5642089134792159,0.0,-0.0012947440308746759,-0.0056816554888995995,servo_0.441
15.773459085000468,0.4408,1.0,0.11497267759562843,35.9126065070957,-47.29416800031399,-1.5642089134792159,0.0,-0.0012947440308746759,-0.0036516640688786027,servo_0.441
15.775016729000527,0.4408,1.0,0.11497267759562843,35.9126065070957,-47.29416800031399,-1.56422819177075,0.0,-0.0026108174682821527,-0.0036516640688786027,servo_0.441
15.778920551000738,0.4408,1.0,0.11497267759562843,35.9126065070957,-47.29416800031399,-1.56422819177075,0.0,-0.0026108174682821527,0.0039155781314189515,servo_0.441
15.780542293000508,0.4408,1.0,0.11497267759562843,35.9126065070957,-47.29416800031399,-1.5642041192746925,0.0,-0.0029230714484610875,0.0039155781314189515,servo_0.441
15.784462468000129,0.4408,1.0,0.11497267759562843,35.9126065070957,-47.29416800031399,-1.5642041192746925,0.0,-0.0029230714484610875,0.0071506707506468195,servo_0.441
15.786049680999895,0.4408,1.0,0.11497267759562843,35.9126065070957,-47.29416800031399,-1.5641537900687048,0.0,-0.0008714765744970755,0.0071506707506468195,servo_0.441
15.78987010900073,0.4408,1.0,0.11497267759562843,35.9126065070957,-47.29416800031399,-1.5641537900687048,0.0,-0.0008714765744970755,0.0025365558682730925,servo_0.441
15.79143005700007,0.4408,1.0,0.11497267759562843,35.9126065070957,-47.29416800031399,-1.5641161990251105,0.0,0.001535167623046093,0.0025365558682730925,servo_0.441
15.795382295999843,0.4408,1.0,0.11497267759562843,35.9126065070957,-47.29416800031399,-1.5641161990251105,0.0,0.001535167623046093,-0.016301941401674788,servo_0.441
15.797010694000164,0.4408,1.0,0.11497267759562843,35.9126065070957,-47.29416800031399,-1.5640899526805168,0.0,0.0018355840966141927,-0.016301941401674788,servo_0.441
15.800827410000238,0.4408,1.0,0.11497267759562843,35.9126065070957,-47.29416800031399,-1.5640899526805168,0.0,0.0018355840966141927,-0.017753903069769796,servo_0.441
15.802355645000716,0.4408,1.0,0.11497267759562843,35.9126065070957,-47.29416800031399,-1.5641378916332478,0.0,-0.003605673552872501,-0.017753903069769796,servo_0.441
15.806343534000007,0.4408,1.0,0.11497267759562843,35.9126065070957,-47.29416800031399,-1.5641378916332478,0.0,-0.003605673552872501,0.006835773277839617,servo_0.441
15.807933339000556,0.4408,1.0,0.11497267759562843,35.9126065070957,-47.29416800031399,-1.5642073271298402,0.0,-0.007850142407941688,0.006835773277839617,servo_0.441
15.80949155899998,0.4408,1.0,0.11497267759562843,35.9126065070957,-47.29416800031399,-1.5642073271298402,0.0,-0.007850142407941688,0.006835773277839617,servo_0.441
15.811839656999837,0.4408,1.0,0.11497267759562843,35.9126065070957,-47.29416800031399,-1.5642073271298402,0.0,-0.007850142407941688,0.021321103320200853,servo_0.441
15.813495544000034,0.4408,1.0,0.11497267759562843,35.9126065070957,-47.29416800031399,-1.564045670862943,0.0,0.003985273604515148,0.021321103320200853,servo_0.441
15.814302350000617,0.4408,1.0,0.11497267759562843,35.9126065070957,-47.29416800031399,-1.564045670862943,0.0,0.003985273604515148,0.010219469765745256,servo_0.441
15.817526025000006,0.4408,1.0,0.11497267759562843,35.9126065070957,-47.29416800031399,-1.564045670862943,0.0,0.003985273604515148,-0.00269650313871892,servo_0.441
15.8191133979999,0.4408,1.0,0.11497267759562843,35.9126065070957,-47.29416800031399,-1.5639514811410016,0.0,0.00585553245288418,-0.00269650313871892,servo_0.441
15.82298541199998,0.4408,1.0,0.11497267759562843,35.9126065070957,-47.29416800031399,-1.5639514811410016,0.0,0.00585553245288418,0.006157526485439882,servo_0.441
15.824616274000618,0.4408,1.0,0.11497267759562843,35.9126065070957,-47.29416800031399,-1.5639535307543897,0.0,0.0032899217754032498,0.006157526485439882,servo_0.441
15.828497759000129,0.4408,1.0,0.11497267759562843,35.9126065070957,-47.29416800031399,-1.5639535307543897,0.0,0.0032899217754032498,0.009486064329861855,servo_0.441
15.830004649999864,0.4408,1.0,0.11497267759562843,35.9126065070957,-47.29416800031399,-1.563929310996211,0.0,0.004150203188414239,0.009486064329861855,servo_0.441
15.833960922000188,0.4408,1.0,0.11497267759562843,35.9126065070957,-47.29416800031399,-1.563929310996211,0.0,0.004150203188414239,0.006355937188137289,servo_0.441
15.835505349000414,0.4408,1.0,0.11497267759562843,35.9126065070957,-47.29416800031399,-1.5638620278184034,0.0,0.005750961530848524,0.006355937188137289,servo_0.441
15.839415924000605,0.4408,1.0,0.11497267759562843,35.9126065070957,-47.29416800031399,-1.5638620278184034,0.0,0.005750961530848524,-0.005008459339895308,servo_0.441
15.841055522000715,0.4408,1.0,0.11497267759562843,35.9126065070957,-47.29416800031399,-1.5637816013401462,0.0,0.0059324542280351535,-0.005008459339895308,servo_0.441
15.84486583800026,0.4408,1.0,0.11497267759562843,35.9126065070957,-47.29416800031399,-1.5637816013401462,0.0,0.0059324542280351535,-0.01339538403271912,servo_0.441
15.846409529000084,0.4408,1.0,0.11497267759562843,35.9126065070957,-47.29416800031399,-1.5637980045508415,0.0,0.0026501801576560152,-0.01339538403271912,servo_0.441
15.850315815000613,0.4408,1.0,0.11497267759562843,35.9126065070957,-47.29416800031399,-1.5637980045508415,0.0,0.0026501801576560152,-0.0012673718351875387,servo_0.441
15.851934869000615,0.4408,1.0,0.11497267759562843,35.9126065070957,-47.29416800031399,-1.5638544006737454,0.0,-0.002163489099456525,-0.0012673718351875387,servo_0.441
15.855821699000444,0.4408,1.0,0.11497267759562843,35.9126065070957,-47.29416800031399,-1.5638544006737454,0.0,-0.002163489099456525,0.009986706365580428,servo_0.441
15.857409103999998,0.4408,1.0,0.11497267759562843,35.9126065070957,-47.29416800031399,-1.5638353533169707,0.0,-0.0018946539201758288,0.009986706365580428,servo_0.441
15.861324318000698,0.4408,1.0,0.11497267759562843,35.9126065070957,-47.29416800031399,-1.5638353533169707,0.0,-0.0018946539201758288,0.005608892934491591,servo_0.441
15.862948364000658,0.4408,1.0,0.11497267759562843,35.9126065070957,-47.29416800031399,-1.5637403980206412,0.0,0.0016697541655510482,0.005608892934491591,servo_0.441
15.866769400000521,0.4408,1.0,0.11497267759562843,35.9126065070957,-47.29416800031399,-1.5637403980206412,0.0,0.0016697541655510482,-0.029438919746061363,servo_0.441
15.868400358000144,0.4408,1.0,0.11497267759562843,35.9126065070957,-47.29416800031399,-1.5636850792440133,0.0,0.0028514957962332108,-0.029438919746061363,servo_0.441
15.869194525000239,0.4408,1.0,0.11497267759562843,35.9126065070957,-47.29416800031399,-1.5636850792440133,0.0,0.0028514957962332108,-0.05661656189410405,servo_0.441
15.870732264000253,0.4408,1.0,0.11497267759562843,35.9126065070957,-47.29416800031399,-1.5636850792440133,0.0,0.0028514957962332108,-0.05661656189410405,servo_0.441
15.872642078000354,0.4408,1.0,0.11497267759562843,35.9126065070957,-47.29416800031399,-1.5636850792440133,0.0,0.0028514957962332108,-0.050740975222684344,servo_0.441
15.87421889000052,0.4408,1.0,0.11497267759562843,35.9126065070957,-47.29416800031399,-1.5640255574005908,0.0,-0.021769908774749828,-0.050740975222684344,servo_0.441
15.87807656699988,0.4408,1.0,0.11497267759562843,35.9126065070957,-47.29416800031399,-1.5640255574005908,0.0,-0.021769908774749828,0.004356760674537975,servo_0.441
15.879686149000008,0.4408,1.0,0.11497267759562843,35.9126065070957,-47.29416800031399,-1.5642312687479085,0.0,-0.03046122870913018,0.004356760674537975,servo_0.441
15.883480368000164,0.4408,1.0,0.11497267759562843,35.9126065070957,-47.29416800031399,-1.5642312687479085,0.0,-0.03046122870913018,0.0952395507844934,servo_0.441
15.88507442900027,0.4408,1.0,0.11497267759562843,35.9126065070957,-47.29416800031399,-1.564225344881088,0.0,-0.020015831894029733,0.0952395507844934,servo_0.441
15.888961354999992,0.4408,1.0,0.11497267759562843,35.9126065070957,-47.29416800031399,-1.564225344881088,0.0,-0.020015831894029733,0.11193722960177555,servo_0.441
15.890543575000265,0.4408,1.0,0.11497267759562843,35.9126065070957,-47.29416800031399,-1.5638054452788936,0.0,0.014560782909527205,0.11193722960177555,servo_0.441
15.894374724000045,0.4408,1.0,0.11497267759562843,35.9126065070957,-47.29416800031399,-1.5638054452788936,0.0,0.014560782909527205,0.03973861619934795,servo_0.441
15.895966447999854,0.4408,1.0,0.11497267759562843,35.9126065070957,-47.29416800031399,-1.563271441300101,0.0,0.04377371691720171,0.03973861619934795,servo_0.441
15.899824477000038,0.4408,1.0,0.11497267759562843,35.9126065070957,-47.29416800031399,-1.563271441300101,0.0,0.04377371691720171,-0.055541889009283814,servo_0.441
15.901384200999928,0.4408,1.0,0.11497267759562843,35.9126065070957,-47.29416800031399,-1.5629769116354477,0.0,0.04256318670184558,-0.055541889009283814,servo_0.441
15.90518965299998,0.4408,1.0,0.11497267759562843,35.9126065070957,-47.29416800031399,-1.5629769116354477,0.0,0.04256318670184558,-0.10633423827387146,servo_0.441
15.906786530000318,0.4408,1.0,0.11497267759562843,35.9126065070957,-47.29416800031399,-1.56318196862513,0.0,0.01313166398850676,-0.10633423827387146,servo_0.441
15.910696816000382,0.4408,1.0,0.11497267759562843,35.9126065070957,-47.29416800031399,-1.56318196862513,0.0,0.01313166398850676,-0.050339432948138446,servo_0.441
15.9123376309999,0.4408,1.0,0.11497267759562843,35.9126065070957,-47.29416800031399,-1.5636604909172762,0.0,-0.022708106690206703,-0.050339432948138446,servo_0.441
15.91723943299985,0.4408,1.0,0.11497267759562843,35.9126065070957,-47.29416800031399,-1.56392175841855,0.0,-0.030997504567586223,-0.050339432948138446,servo_0.441
15.918187236000449,0.4408,1.0,0.11497267759562843,35.9126065070957,-47.29416800031399,-1.56392175841855,0.0,-0.030997504567586223,0.07144642851966994,servo_0.441
15.921841611000673,0.4408,1.0,0.11497267759562843,35.9126065070957,-47.29416800031399,-1.56392175841855,0.0,-0.030997504567586223,0.1115655937940334,servo_0.441
15.92349887399996,0.4408,1.0,0.11497267759562843,35.9126065070957,-47.29416800031399,-1.563605188604857,0.0,-0.0002643246414093768,0.1115655937940334,servo_0.441
15.924399090999941,0.4408,1.0,0.11497267759562843,35.9126065070957,-47.29416800031399,-1.563605188604857,0.0,-0.0002643246414093768,0.06860189367578869,servo_0.441
15.926043041999947,0.4408,1.0,0.11497267759562843,35.9126065070957,-47.29416800031399,-1.563605188604857,0.0,-0.0002643246414093768,0.06860189367578869,servo_0.441
15.927763057999982,0.4408,1.0,0.11497267759562843,35.9126065070957,-47.29416800031399,-1.563605188604857,0.0,-0.0002643246414093768,0.03281487590190031,servo_0.441
15.92933315100072,0.4408,1.0,0.11497267759562843,35.9126065070957,-47.29416800031399,-1.5626731378615764,0.0,0.043879823725193015,0.03281487590190031,servo_0.441
15.933177099000204,0.4408,1.0,0.11497267759562843,35.9126065070957,-47.29416800031399,-1.5626731378615764,0.0,0.043879823725193015,0.01726451392995411,servo_0.441
15.934764055999949,0.4408,1.0,0.11497267759562843,35.9126065070957,-47.29416800031399,-1.5624680401571531,0.0,0.040560339378205204,0.01726451392995411,servo_0.441
15.938628548999986,0.4408,1.0,0.11497267759562843,35.9126065070957,-47.29416800031399,-1.5624680401571531,0.0,0.040560339378205204,0.006409584279642873,servo_0.441
15.940247442999862,0.4408,1.0,0.11497267759562843,35.9126065070957,-47.29416800031399,-1.562393545674977,0.0,0.033571591743729874,0.006409584279642873,servo_0.441
15.944132609000008,0.4408,1.0,0.11497267759562843,35.9126065070957,-47.29416800031399,-1.562393545674977,0.0,0.033571591743729874,0.006024007967921188,servo_0.441
15.945699533000152,0.4408,1.0,0.11497267759562843,35.9126065070957,-47.29416800031399,-1.5623444520055432,0.0,0.025422989504503772,0.006024007967921188,servo_0.441
15.949451063000197,0.4408,1.0,0.11497267759562843,35.9126065070957,-47.29416800031399,-1.5623444520055432,0.0,0.025422989504503772,0.0050723850888815675,servo_0.441
15.950995713999873,0.4408,1.0,0.11497267759562843,35.9126065070957,-47.29416800031399,-1.5622984085073797,0.0,0.019603295043528996,0.0050723850888815675,servo_0.441
15.954727500000445,0.4408,1.0,0.11497267759562843,35.9126065070957,-47.29416800031399,-1.5622984085073797,0.0,0.019603295043528996,0.005163107335890798,servo_0.441
15.956292984000356,0.4408,1.0,0.11497267759562843,35.9126065070957,-47.29416800031399,-1.562253830996503,0.0,0.015244022057134767,0.005163107335890798,servo_0.441
15.960171941000226,0.4408,1.0,0.11497267759562843,35.9126065070957,-47.29416800031399,-1.562253830996503,0.0,0.015244022057134767,0.009618306922741104,servo_0.441
15.961720240999966,0.4408,1.0,0.11497267759562843,35.9126065070957,-47.29416800031399,-1.562224680417835,0.0,0.012219747640761575,0.009618306922741104,servo_0.441
15.965781028000492,0.4408,1.0,0.11497267759562843,35.9126065070957,-47.29416800031399,-1.562224680417835,0.0,0.012219747640761575,0.022163617217588038,servo_0.441
15.967516053000509,0.4408,1.0,0.11497267759562843,35.9126065070957,-47.29416800031399,-1.5621621746411516,0.0,0.011439315425355433,0.022163617217588038,servo_0.441
15.971234526000444,0.4408,1.0,0.11497267759562843,35.9126065070957,-47.29416800031399,-1.5621621746411516,0.0,0.011439315425355433,0.014577384390064157,servo_0.441
15.972928046000561,0.4408,1.0,0.11497267759562843,35.9126065070957,-47.29416800031399,-1.5620256933576373,0.0,0.014656605963025215,0.014577384390064157,servo_0.441
15.976641494999967,0.4408,1.0,0.11497267759562843,35.9126065070957,-47.29416800031399,-1.5620256933576373,0.0,0.014656605963025215,0.005516960821721516,servo_0.441
15.978236292000474,0.4408,1.0,0.11497267759562843,35.9126065070957,-47.29416800031399,-1.5619354360739255,0.0,0.014632839491136897,0.005516960821721516,servo_0.441
15.979890577999868,0.4408,1.0,0.11497267759562843,35.9126065070957,-47.29416800031399,-1.5619354360739255,0.0,0.014632839491136897,0.005516960821721516,servo_0.441
15.98209592100011,0.4408,1.0,0.11497267759562843,35.9126065070957,-47.29416800031399,-1.5619354360739255,0.0,0.014632839491136897,0.00938968702672541,servo_0.441
15.98370313400028,0.4408,1.0,0.11497267759562843,35.9126065070957,-47.29416800031399,-1.5618431816854594,0.0,0.01114555923123622,0.00938968702672541,servo_0.441
15.984541845999956,0.4408,1.0,0.11497267759562843,35.9126065070957,-47.29416800031399,-1.5618431816854594,0.0,0.01114555923123622,0.022149677233757156,servo_0.441
15.98789499600025,0.4408,1.0,0.11497267759562843,35.9126065070957,-47.29416800031399,-1.5618431816854594,0.0,0.01114555923123622,0.01027311685725084,servo_0.441
15.98949260900008,0.4408,1.0,0.11497267759562843,35.9126065070957,-47.29416800031399,-1.5617138251362654,0.0,0.0144467946319925,0.01027311685725084,servo_0.441
15.993324846000178,0.4408,1.0,0.11497267759562843,35.9126065070957,-47.29416800031399,-1.5617138251362654,0.0,0.0144467946319925,-0.0011899856794260703,servo_0.441
15.994923803000347,0.4408,1.0,0.11497267759562843,35.9126065070957,-47.29416800031399,-1.5616505335982054,0.0,0.013194691299570002,-0.0011899856794260703,servo_0.441
15.998773383999833,0.4408,1.0,0.11497267759562843,35.9126065070957,-47.29416800031399,-1.5616505335982054,0.0,0.013194691299570002,0.00483962168871674,servo_0.441
16.00043282200022,0.4408,1.0,0.11497267759562843,35.9126065070957,-47.29416800031399,-1.5616380580536147,0.0,0.00887928820587118,0.00483962168871674,servo_0.441
16.00425469000038,0.4408,1.0,0.11497267759562843,35.9126065070957,-47.29416800031399,-1.5616380580536147,0.0,0.00887928820587118,0.009518088841970059,servo_0.441
16.005784173000393,0.4408,1.0,0.11497267759562843,35.9126065070957,-47.29416800031399,-1.5615919762959372,0.0,0.007667388250724848,0.009518088841970059,servo_0.441
16.00968914800069,0.4408,1.0,0.11497267759562843,35.9126065070957,-47.29416800031399,-1.5615919762959372,0.0,0.007667388250724848,0.011756802391534114,servo_0.441
16.011217063000004,0.4408,1.0,0.11497267759562843,35.9126065070957,-47.29416800031399,-1.5615233154368797,0.0,0.00822259842809841,0.011756802391534114,servo_0.441
16.01516136600003,0.4408,1.0,0.11497267759562843,35.9126065070957,-47.29416800031399,-1.5615233154368797,0.0,0.00822259842809841,0.00565395185163032,servo_0.441
16.016776324000602,0.4408,1.0,0.11497267759562843,35.9126065070957,-47.29416800031399,-1.5614451867465804,0.0,0.00928285961712912,0.00565395185163032,servo_0.441
16.02070446700054,0.4408,1.0,0.11497267759562843,35.9126065070957,-47.29416800031399,-1.5614451867465804,0.0,0.00928285961712912,-0.005003711423014401,servo_0.441
16.022266271000262,0.4408,1.0,0.11497267759562843,35.9126065070957,-47.29416800031399,-1.561406262539464,0.0,0.00819418728747948,-0.005003711423014401,servo_0.441
16.026235279000502,0.4408,1.0,0.11497267759562843,35.9126065070957,-47.29416800031399,-1.561406262539464,0.0,0.00819418728747948,0.008447558941150303,servo_0.441
16.02811629200005,0.4408,1.0,0.11497267759562843,35.9126065070957,-47.29416800031399,-1.5614185496490685,0.0,0.004234817674331316,0.008447558941150303,servo_0.441
16.031742506000228,0.4408,1.0,0.11497267759562843,35.9126065070957,-47.29416800031399,-1.5614185496490685,0.0,0.004234817674331316,0.019128356347170486,servo_0.441
16.03331314300067,0.4408,1.0,0.11497267759562843,35.9126065070957,-47.29416800031399,-1.5613566708112039,0.0,0.0054986400543770115,0.019128356347170486,servo_0.441
16.03413105400068,0.4408,1.0,0.11497267759562843,35.9126065070957,-47.29416800031399,-1.5613566708112039,0.0,0.0054986400543770115,0.012466469283310279,servo_0.441
16.03579702100069,0.4408,1.0,0.11497267759562843,35.9126065070957,-47.29416800031399,-1.5613566708112039,0.0,0.0054986400543770115,0.012466469283310279,servo_0.441
16.037491564999982,0.4408,1.0,0.11497267759562843,35.9126065070957,-47.29416800031399,-1.5613566708112039,0.0,0.0054986400543770115,-0.006423346892783968,servo_0.441
16.03903743200044,0.4408,1.0,0.11497267759562843,35.9126065070957,-47.29416800031399,-1.561157347283466,0.0,0.01045122924454362,-0.006423346892783968,servo_0.441
16.04294019900044,0.4408,1.0,0.11497267759562843,35.9126065070957,-47.29416800031399,-1.561157347283466,0.0,0.01045122924454362,-0.010955629908881206,servo_0.441
16.04454254800021,0.4408,1.0,0.11497267759562843,35.9126065070957,-47.29416800031399,-1.5611811038301,0.0,0.005388856403345344,-0.010955629908881206,servo_0.441
16.048460515000443,0.4408,1.0,0.11497267759562843,35.9126065070957,-47.29416800031399,-1.5611811038301,0.0,0.005388856403345344,0.00039391774057250385,servo_0.441
16.04996596500041,0.4408,1.0,0.11497267759562843,35.9126065070957,-47.29416800031399,-1.5612252209170399,0.0,0.00048551050967737906,0.00039391774057250385,servo_0.441
16.053927069000565,0.4408,1.0,0.11497267759562843,35.9126065070957,-47.29416800031399,-1.5612252209170399,0.0,0.00048551050967737906,0.010887313585136869,servo_0.441
16.055466088000685,0.4408,1.0,0.11497267759562843,35.9126065070957,-47.29416800031399,-1.561203848160574,0.0,0.00045803267894591645,0.010887313585136869,servo_0.441
16.059375223000643,0.4408,1.0,0.11497267759562843,35.9126065070957,-47.29416800031399,-1.561203848160574,0.0,0.00045803267894591645,0.005672338066124875,servo_0.441
16.060986116000095,0.4408,1.0,0.11497267759562843,35.9126065070957,-47.29416800031399,-1.5611288908431824,0.0,0.003586816950803202,0.005672338066124875,servo_0.441
16.064813040000445,0.4408,1.0,0.11497267759562843,35.9126065070957,-47.29416800031399,-1.5611288908431824,0.0,0.003586816950803202,-0.0034927490334295064,servo_0.441
16.066355196000586,0.4408,1.0,0.11497267759562843,35.9126065070957,-47.29416800031399,-1.5610867479722372,0.0,0.0042124732853997034,-0.0034927490334295064,servo_0.441
16.070286251000653,0.4408,1.0,0.11497267759562843,35.9126065070957,-47.29416800031399,-1.5610867479722372,0.0,0.0042124732853997034,0.00010629726935872966,servo_0.441
16.07191727300051,0.4408,1.0,0.11497267759562843,35.9126065070957,-47.29416800031399,-1.5610873042719524,0.0,0.0019009065897509403,0.00010629726935872966,servo_0.441
16.07585440799994,0.4408,1.0,0.11497267759562843,35.9126065070957,-47.29416800031399,-1.5610873042719524,0.0,0.0019009065897509403,0.0061952070939726,servo_0.441
16.077394996000294,0.4408,1.0,0.11497267759562843,35.9126065070957,-47.29416800031399,-1.5610662170209983,0.0,0.001362523793633277,0.0061952070939726,servo_0.441
16.081355651000194,0.4408,1.0,0.11497267759562843,35.9126065070957,-47.29416800031399,-1.5610662170209983,0.0,0.001362523793633277,0.00785174894790748,servo_0.441
16.083053555000333,0.4408,1.0,0.11497267759562843,35.9126065070957,-47.29416800031399,-1.5610126952202692,0.0,0.0028123287837350736,0.00785174894790748,servo_0.441
16.086816574000295,0.4408,1.0,0.11497267759562843,35.9126065070957,-47.29416800031399,-1.5610126952202692,0.0,0.0028123287837350736,0.0017447554240032014,servo_0.441
16.08852014200056,0.4408,1.0,0.11497267759562843,35.9126065070957,-47.29416800031399,-1.5609599852812368,0.0,0.004324154832986796,0.0017447554240032014,servo_0.441
16.089346757000385,0.4408,1.0,0.11497267759562843,35.9126065070957,-47.29416800031399,-1.5609599852812368,0.0,0.004324154832986796,-0.005053820463399923,servo_0.441
16.09091713700036,0.4408,1.0,0.11497267759562843,35.9126065070957,-47.29416800031399,-1.5609599852812368,0.0,0.004324154832986796,-0.005053820463399923,servo_0.441
16.092621442000564,0.4408,1.0,0.11497267759562843,35.9126065070957,-47.29416800031399,-1.5609599852812368,0.0,0.004324154832986796,-0.006628228244692428,servo_0.441
16.094193614000687,0.4408,1.0,0.11497267759562843,35.9126065070957,-47.29416800031399,-1.5609453316502988,0.0,0.0009690883681842252,-0.006628228244692428,servo_0.441
16.098065723000218,0.4408,1.0,0.11497267759562843,35.9126065070957,-47.29416800031399,-1.5609453316502988,0.0,0.0009690883681842252,-0.002741864262223535,servo_0.441
16.099626343000637,0.4408,1.0,0.11497267759562843,35.9126065070957,-47.29416800031399,-1.5609552258761206,0.0,-0.0013101066156787707,-0.002741864262223535,servo_0.441
16.10351762100072,0.4408,1.0,0.11497267759562843,35.9126065070957,-47.29416800031399,-1.5609552258761206,0.0,-0.0013101066156787707,0.004111266116005808,servo_0.441
16.105137475000447,0.4408,1.0,0.11497267759562843,35.9126065070957,-47.29416800031399,-1.5609509339079077,0.0,-0.0017396339096421999,0.004111266116005808,servo_0.441
16.108970799000417,0.4408,1.0,0.11497267759562843,35.9126065070957,-47.29416800031399,-1.5609509339079077,0.0,-0.0017396339096421999,0.0003796741849855271,servo_0.441
16.110521371000686,0.4408,1.0,0.11497267759562843,35.9126065070957,-47.29416800031399,-1.5609181525875617,0.0,1.5636098052202504e-05,0.0003796741849855271,servo_0.441
16.11441290499988,0.4408,1.0,0.11497267759562843,35.9126065070957,-47.29416800031399,-1.5609181525875617,0.0,1.5636098052202504e-05,-0.005736209719651492,servo_0.441
16.116002614000536,0.4408,1.0,0.11497267759562843,35.9126065070957,-47.29416800031399,-1.5609109467311408,0.0,0.0001248475241321999,-0.005736209719651492,servo_0.441
16.119918436000262,0.4408,1.0,0.11497267759562843,35.9126065070957,-47.29416800031399,-1.5609109467311408,0.0,0.0001248475241321999,-0.0073334494259535725,servo_0.441
16.121472591999918,0.4408,1.0,0.11497267759562843,35.9126065070957,-47.29416800031399,-1.5609257393724039,0.0,-0.0016334696490029076,-0.0073334494259535725,servo_0.441
16.125337053000294,0.4408,1.0,0.11497267759562843,35.9126065070957,-47.29416800031399,-1.5609257393724039,0.0,-0.0016334696490029076,-0.002073113303585614,servo_0.441
16.12689140100065,0.4408,1.0,0.11497267759562843,35.9126065070957,-47.29416800031399,-1.5609406083474902,0.0,-0.0033434635820881065,-0.002073113303585614,servo_0.441
16.130856729000698,0.4408,1.0,0.11497267759562843,35.9126065070957,-47.29416800031399,-1.5609406083474902,0.0,-0.0033434635820881065,0.005585456076601593,servo_0.441
16.13245597400055,0.4408,1.0,0.11497267759562843,35.9126065070957,-47.29416800031399,-1.5609302364537128,0.0,-0.0029623584985373585,0.005585456076601593,servo_0.441
16.136489911999888,0.4408,1.0,0.11497267759562843,35.9126065070957,-47.29416800031399,-1.5609302364537128,0.0,-0.0029623584985373585,0.00031178379796729103,servo_0.441
16.138053892000244,0.4408,1.0,0.11497267759562843,35.9126065070957,-47.29416800031399,-1.5608920408398617,0.0,-0.000398014125995673,0.00031178379796729103,servo_0.441
16.141952050999862,0.4408,1.0,0.11497267759562843,35.9126065070957,-47.29416800031399,-1.5608920408398617,0.0,-0.000398014125995673,-0.004234742903754086,servo_0.441
16.14348966200032,0.4408,1.0,0.11497267759562843,35.9126065070957,-47.29416800031399,-1.5608699917224613,0.0,-0.00018507474880678377,-0.004234742903754086,servo_0.441
16.144395992000682,0.4408,1.0,0.11497267759562843,35.9126065070957,-47.29416800031399,-1.5608699917224613,0.0,-0.00018507474880678377,-0.012744112149329447,servo_0.441
16.14596848400015,0.4408,1.0,0.11497267759562843,35.9126065070957,-47.29416800031399,-1.5608699917224613,0.0,-0.00018507474880678377,-0.012744112149329447,servo_0.441
16.147619667000072,0.4408,1.0,0.11497267759562843,35.9126065070957,-47.29416800031399,-1.5608699917224613,0.0,-0.00018507474880678377,-0.003538715089814544,servo_0.441
16.14924124800018,0.4408,1.0,0.11497267759562843,35.9126065070957,-47.29416800031399,-1.5609138151957092,0.0,-0.004803216281502516,-0.003538715089814544,servo_0.441
16.153326100000413,0.4408,1.0,0.11497267759562843,35.9126065070957,-47.29416800031399,-1.5609138151957092,0.0,-0.004803216281502516,-0.0021410038856595937,servo_0.441
16.154864415000702,0.4408,1.0,0.11497267759562843,35.9126065070957,-47.29416800031399,-1.56092269266804,0.0,-0.004423865923996124,-0.0021410038856595937,servo_0.441
16.159373887000584,0.4408,1.0,0.11497267759562843,35.9126065070957,-47.29416800031399,-1.56092269266804,0.0,-0.004423865923996124,-0.006505178238911807,servo_0.441
16.161064878000616,0.4408,1.0,0.11497267759562843,35.9126065070957,-47.29416800031399,-1.5608979629743178,0.0,-0.003739007312495165,-0.006505178238911807,servo_0.441
16.16424669600019,0.4408,1.0,0.11497267759562843,35.9126065070957,-47.29416800031399,-1.5608979629743178,0.0,-0.003739007312495165,-0.017008069202033592,servo_0.441
16.16580568400059,0.4408,1.0,0.11497267759562843,35.9126065070957,-47.29416800031399,-1.5609136294657238,0.0,-0.0045688585904201575,-0.017008069202033592,servo_0.441
16.17006161200061,0.4408,1.0,0.11497267759562843,35.9126065070957,-47.29416800031399,-1.5609924923252454,0.0,-0.008300621773904188,-0.017008069202033592,servo_0.441
16.171355952999875,0.4408,1.0,0.11497267759562843,35.9126065070957,-47.29416800031399,-1.5609924923252454,0.0,-0.008300621773904188,-0.006656110292948796,servo_0.441
16.175865967999925,0.4408,1.0,0.11497267759562843,35.9126065070957,-47.29416800031399,-1.5609924923252454,0.0,-0.008300621773904188,-0.0010850199418484443,servo_0.441
16.176956495000013,0.4408,1.0,0.11497267759562843,35.9126065070957,-47.29416800031399,-1.5610150573824655,0.0,-0.00780726832961757,-0.0010850199418484443,servo_0.441
16.18131860199992,0.4408,1.0,0.11497267759562843,35.9126065070957,-47.29416800031399,-1.5610150573824655,0.0,-0.00780726832961757,0.018282303358365937,servo_0.441
16.182550285000616,0.4408,1.0,0.11497267759562843,35.9126065070957,-47.29416800031399,-1.5610046162029982,0.0,-0.005790593813286832,0.018282303358365937,servo_0.441
16.184587943000224,0.4408,1.0,0.11497267759562843,35.9126065070957,-47.29416800031399,-1.5610046162029982,0.0,-0.005790593813286832,0.018282303358365937,servo_0.441
16.186751363999974,0.4408,1.0,0.11497267759562843,35.9126065070957,-47.29416800031399,-1.5610046162029982,0.0,-0.005790593813286832,0.019969055966065054,servo_0.441
16.18783168200025,0.4408,1.0,0.11497267759562843,35.9126065070957,-47.29416800031399,-1.560784490409559,0.0,0.006992609526565815,0.019969055966065054,servo_0.441
16.18838264199985,0.4408,1.0,0.11497267759562843,35.9126065070957,-47.29416800031399,-1.560784490409559,0.0,0.006992609526565815,0.0092343092621734,servo_0.441
16.19279111800006,0.4408,1.0,0.11497267759562843,35.9126065070957,-47.29416800031399,-1.560784490409559,0.0,0.006992609526565815,-0.00651851485030822,servo_0.441
16.19447692599988,0.4408,1.0,0.11497267759562843,35.9126065070957,-47.29416800031399,-1.5607351513759429,0.0,0.00766511944724809,-0.00651851485030822,servo_0.441
16.19811306000065,0.4408,1.0,0.11497267759562843,35.9126065070957,-47.29416800031399,-1.5607351513759429,0.0,0.00766511944724809,-0.010486710699053601,servo_0.441
16.19975368300038,0.4408,1.0,0.11497267759562843,35.9126065070957,-47.29416800031399,-1.5607420671336592,0.0,0.0034100291579811965,-0.010486710699053601,servo_0.441
16.203615647999868,0.4408,1.0,0.11497267759562843,35.9126065070957,-47.29416800031399,-1.5607420671336592,0.0,0.0034100291579811965,-0.012576306993221934,servo_0.441
16.205273839000256,0.4408,1.0,0.11497267759562843,35.9126065070957,-47.29416800031399,-1.5607549840698585,0.0,-0.0007589927991292432,-0.012576306993221934,servo_0.441
16.209069946000454,0.4408,1.0,0.11497267759562843,35.9126065070957,-47.29416800031399,-1.5607549840698585,0.0,-0.0007589927991292432,-0.017782088884838,servo_0.441
16.210609509000278,0.4408,1.0,0.11497267759562843,35.9126065070957,-47.29416800031399,-1.5608151243666784,0.0,-0.004304187057357051,-0.017782088884838,servo_0.441
16.214510707000045,0.4408,1.0,0.11497267759562843,35.9126065070957,-47.29416800031399,-1.5608151243666784,0.0,-0.004304187057357051,-0.013353863686849104,servo_0.441
16.21613801700005,0.4408,1.0,0.11497267759562843,35.9126065070957,-47.29416800031399,-1.5609056410684905,0.0,-0.008347557605601335,-0.013353863686849104,servo_0.441
16.220288599000014,0.4408,1.0,0.11497267759562843,35.9126065070957,-47.29416800031399,-1.5609056410684905,0.0,-0.008347557605601335,-0.0014725557835733717,servo_0.441
16.222269967000102,0.4408,1.0,0.11497267759562843,35.9126065070957,-47.29416800031399,-1.5609537641151574,0.0,-0.009849449429975666,-0.0014725557835733717,servo_0.441
16.225969303000056,0.4408,1.0,0.11497267759562843,35.9126065070957,-47.29416800031399,-1.5609537641151574,0.0,-0.009849449429975666,0.005466851781335993,servo_0.441
16.22759386100006,0.4408,1.0,0.11497267759562843,35.9126065070957,-47.29416800031399,-1.5609310597140846,0.0,-0.007336381336054978,0.005466851781335993,servo_0.441
16.23116673000004,0.4408,1.0,0.11497267759562843,35.9126065070957,-47.29416800031399,-1.5609310597140846,0.0,-0.007336381336054978,0.006982260141510235,servo_0.441
16.233722290000514,0.4408,1.0,0.11497267759562843,35.9126065070957,-47.29416800031399,-1.5608905301143685,0.0,-0.003495411400837686,0.006982260141510235,servo_0.441
16.236798633000035,0.4408,1.0,0.11497267759562843,35.9126065070957,-47.29416800031399,-1.5608905301143685,0.0,-0.003495411400837686,0.011455846463003745,servo_0.441
16.238614492000124,0.4408,1.0,0.11497267759562843,35.9126065070957,-47.29416800031399,-1.5608418151964631,0.0,-0.00035210993813330994,0.011455846463003745,servo_0.441
16.240309036000326,0.4408,1.0,0.11497267759562843,35.9126065070957,-47.29416800031399,-1.5608418151964631,0.0,-0.00035210993813330994,0.011455846463003745,servo_0.441
16.242334981000567,0.4408,1.0,0.11497267759562843,35.9126065070957,-47.29416800031399,-1.5608418151964631,0.0,-0.00035210993813330994,0.0055217087386024225,servo_0.441
16.24396385900036,0.4408,1.0,0.11497267759562843,35.9126065070957,-47.29416800031399,-1.5607140056358524,0.0,0.003889706509126191,0.0055217087386024225,servo_0.441
16.244766538000476,0.4408,1.0,0.11497267759562843,35.9126065070957,-47.29416800031399,-1.5607140056358524,0.0,0.003889706509126191,-0.010960377825762114,servo_0.441
16.247898753999834,0.4408,1.0,0.11497267759562843,35.9126065070957,-47.29416800031399,-1.5607140056358524,0.0,0.003889706509126191,-0.01932891734438867,servo_0.441
16.249411757000416,0.4408,1.0,0.11497267759562843,35.9126065070957,-47.29416800031399,-1.5607633457906913,0.0,-0.0005653187913403006,-0.01932891734438867,servo_0.441
16.253403710000384,0.4408,1.0,0.11497267759562843,35.9126065070957,-47.29416800031399,-1.5607633457906913,0.0,-0.0005653187913403006,-0.010414374666538925,servo_0.441
16.25503514800039,0.4408,1.0,0.11497267759562843,35.9126065070957,-47.29416800031399,-1.5608506161001712,0.0,-0.006194398357254811,-0.010414374666538925,servo_0.441
16.258856792000188,0.4408,1.0,0.11497267759562843,35.9126065070957,-47.29416800031399,-1.5608506161001712,0.0,-0.006194398357254811,-0.003584076213319159,servo_0.441
16.26066055499996,0.4408,1.0,0.11497267759562843,35.9126065070957,-47.29416800031399,-1.5608814040427272,0.0,-0.0074603912500400445,-0.003584076213319159,servo_0.441
16.26437221100059,0.4408,1.0,0.11497267759562843,35.9126065070957,-47.29416800031399,-1.5608814040427272,0.0,-0.0074603912500400445,-0.0050722066778944785,servo_0.441
16.26592761500069,0.4408,1.0,0.11497267759562843,35.9126065070957,-47.29416800031399,-1.5608836371902746,0.0,-0.006297496739023778,-0.0050722066778944785,servo_0.441
16.26984862200061,0.4408,1.0,0.11497267759562843,35.9126065070957,-47.29416800031399,-1.5608836371902746,0.0,-0.006297496739023778,-0.008198493041984447,servo_0.441
16.271448475000398,0.4408,1.0,0.11497267759562843,35.9126065070957,-47.29416800031399,-1.5608974104093472,0.0,-0.005929909720684988,-0.008198493041984447,servo_0.441
16.27515018000031,0.4408,1.0,0.11497267759562843,35.9126065070957,-47.29416800031399,-1.5608974104093472,0.0,-0.005929909720684988,9.740688862598858e-05,servo_0.441
16.276232994000566,0.4408,1.0,0.11497267759562843,35.9126065070957,-47.29416800031399,-1.5609190551428238,0.0,-0.006610484717074825,9.740688862598858e-05,servo_0.441
16.280608766000114,0.4408,1.0,0.11497267759562843,35.9126065070957,-47.29416800031399,-1.5609190551428238,0.0,-0.006610484717074825,0.010035908266719643,servo_0.441
16.28155554500063,0.4408,1.0,0.11497267759562843,35.9126065070957,-47.29416800031399,-1.560893336615061,0.0,-0.00459811723536458,0.010035908266719643,servo_0.441
16.286392353000338,0.4408,1.0,0.11497267759562843,35.9126065070957,-47.29416800031399,-1.560893336615061,0.0,-0.00459811723536458,0.007087225619013536,servo_0.441
16.288123985999846,0.4408,1.0,0.11497267759562843,35.9126065070957,-47.29416800031399,-1.5608267891457412,0.0,-0.000207909584739313,0.007087225619013536,servo_0.441
16.291804666000644,0.4408,1.0,0.11497267759562843,35.9126065070957,-47.29416800031399,-1.5608267891457412,0.0,-0.000207909584739313,-0.008798748225593641,servo_0.441
16.2933955590006,0.4408,1.0,0.11497267759562843,35.9126065070957,-47.29416800031399,-1.560778662042039,0.0,0.0019806309763865416,-0.008798748225593641,servo_0.441
16.294199358000697,0.4408,1.0,0.11497267759562843,35.9126065070957,-47.29416800031399,-1.560778662042039,0.0,0.0019806309763865416,-0.017139707382181065,servo_0.441
16.295843244000025,0.4408,1.0,0.11497267759562843,35.9126065070957,-47.29416800031399,-1.560778662042039,0.0,0.0019806309763865416,-0.017139707382181065,servo_0.441
16.297518811000373,0.4408,1.0,0.11497267759562843,35.9126065070957,-47.29416800031399,-1.560778662042039,0.0,0.0019806309763865416,-0.010277685842996008,servo_0.441
16.299242028000663,0.4408,1.0,0.11497267759562843,35.9126065070957,-47.29416800031399,-1.5608665337518497,0.0,-0.006019140163599578,-0.010277685842996008,servo_0.441
16.303122842000448,0.4408,1.0,0.11497267759562843,35.9126065070957,-47.29416800031399,-1.5608665337518497,0.0,-0.006019140163599578,0.0001475157014464762,servo_0.441
16.30486417100019,0.4408,1.0,0.11497267759562843,35.9126065070957,-47.29416800031399,-1.560904126369801,0.0,-0.007296703867418507,0.0001475157014464762,servo_0.441
16.308576660000654,0.4408,1.0,0.11497267759562843,35.9126065070957,-47.29416800031399,-1.560904126369801,0.0,-0.007296703867418507,-0.0020277521800809986,servo_0.441
16.31017420900025,0.4408,1.0,0.11497267759562843,35.9126065070957,-47.29416800031399,-1.5608813853544177,0.0,-0.005063437996759011,-0.0020277521800809986,servo_0.441
16.31405156600067,0.4408,1.0,0.11497267759562843,35.9126065070957,-47.29416800031399,-1.5608813853544177,0.0,-0.005063437996759011,-0.00893988223950293,servo_0.441
16.315609786000095,0.4408,1.0,0.11497267759562843,35.9126065070957,-47.29416800031399,-1.5608792394563524,0.0,-0.004152732251755607,-0.00893988223950293,servo_0.441
16.31952362500033,0.4408,1.0,0.11497267759562843,35.9126065070957,-47.29416800031399,-1.5608792394563524,0.0,-0.004152732251755607,-0.0006813602071653219,servo_0.441
16.321176086999913,0.4408,1.0,0.11497267759562843,35.9126065070957,-47.29416800031399,-1.560897541849399,0.0,-0.005588877248079803,-0.0006813602071653219,servo_0.441
16.324897889000567,0.4408,1.0,0.11497267759562843,35.9126065070957,-47.29416800031399,-1.560897541849399,0.0,-0.005588877248079803,-0.025274878047613726,servo_0.441
16.326476813000227,0.4408,1.0,0.11497267759562843,35.9126065070957,-47.29416800031399,-1.560888903351219,0.0,-0.004116622135805458,-0.025274878047613726,servo_0.441
16.33035711499997,0.4408,1.0,0.11497267759562843,35.9126065070957,-47.29416800031399,-1.560888903351219,0.0,-0.004116622135805458,-0.035535207570442984,servo_0.441
16.33195885600071,0.4408,1.0,0.11497267759562843,35.9126065070957,-47.29416800031399,-1.5609733022688113,0.0,-0.010464098909347939,-0.035535207570442984,servo_0.441
16.335852470000646,0.4408,1.0,0.11497267759562843,35.9126065070957,-47.29416800031399,-1.5609733022688113,0.0,-0.010464098909347939,-0.057728165333103126,servo_0.441
16.337461251000605,0.4408,1.0,0.11497267759562843,35.9126065070957,-47.29416800031399,-1.5611073268797282,0.0,-0.017985431507676453,-0.057728165333103126,servo_0.441
16.341357553000307,0.4408,1.0,0.11497267759562843,35.9126065070957,-47.29416800031399,-1.5611073268797282,0.0,-0.017985431507676453,-0.02529770841217735,servo_0.441
16.343064833000426,0.4408,1.0,0.11497267759562843,35.9126065070957,-47.29416800031399,-1.5613866920960884,0.0,-0.029908251655304453,-0.02529770841217735,servo_0.441
16.346816267000577,0.4408,1.0,0.11497267759562843,35.9126065070957,-47.29416800031399,-1.5613866920960884,0.0,-0.029908251655304453,0.006004411887665788,servo_0.441
16.348531932000697,0.4408,1.0,0.11497267759562843,35.9126065070957,-47.29416800031399,-1.5614731966544049,0.0,-0.02852508868236632,0.006004411887665788,servo_0.441
16.349354035000033,0.4408,1.0,0.11497267759562843,35.9126065070957,-47.29416800031399,-1.5614731966544049,0.0,-0.02852508868236632,0.05675862905469217,servo_0.441
16.35091046300022,0.4408,1.0,0.11497267759562843,35.9126065070957,-47.29416800031399,-1.5614731966544049,0.0,-0.02852508868236632,0.05675862905469217,servo_0.441
16.35263393600053,0.4408,1.0,0.11497267759562843,35.9126065070957,-47.29416800031399,-1.5614731966544049,0.0,-0.02852508868236632,0.07305760768965425,servo_0.441
16.354206523999892,0.4408,1.0,0.11497267759562843,35.9126065070957,-47.29416800031399,-1.5611551307960685,0.0,0.0043112217584579705,0.07305760768965425,servo_0.441
16.358097289999932,0.4408,1.0,0.11497267759562843,35.9126065070957,-47.29416800031399,-1.5611551307960685,0.0,0.0043112217584579705,0.016029649824971,servo_0.441
16.359761817000617,0.4408,1.0,0.11497267759562843,35.9126065070957,-47.29416800031399,-1.5608268814617512,0.0,0.02493513753781685,0.016029649824971,servo_0.441
16.363613670000632,0.4408,1.0,0.11497267759562843,35.9126065070957,-47.29416800031399,-1.5608268814617512,0.0,0.02493513753781685,-0.0222983128315026,servo_0.441
16.365394072000527,0.4408,1.0,0.11497267759562843,35.9126065070957,-47.29416800031399,-1.5607126024272684,0.0,0.022263491223963094,-0.0222983128315026,servo_0.441
16.36904892700022,0.4408,1.0,0.11497267759562843,35.9126065070957,-47.29416800031399,-1.5607126024272684,0.0,0.022263491223963094,-0.021381436402458757,servo_0.441
16.37071582200042,0.4408,1.0,0.11497267759562843,35.9126065070957,-47.29416800031399,-1.5607693136659362,0.0,0.008894950007323385,-0.021381436402458757,servo_0.441
16.374536058000558,0.4408,1.0,0.11497267759562843,35.9126065070957,-47.29416800031399,-1.5607693136659362,0.0,0.008894950007323385,0.026292307533159476,servo_0.441
16.376263851000658,0.4408,1.0,0.11497267759562843,35.9126065070957,-47.29416800031399,-1.5608898893917613,0.0,-0.00018796591561125783,0.026292307533159476,servo_0.441
16.38004133300001,0.4408,1.0,0.11497267759562843,35.9126065070957,-47.29416800031399,-1.5608898893917613,0.0,-0.00018796591561125783,0.04399585397178615,servo_0.441
16.381670083000245,0.4408,1.0,0.11497267759562843,35.9126065070957,-47.29416800031399,-1.5607793485237236,0.0,0.007756116119019963,0.04399585397178615,servo_0.441
16.385481007000635,0.4408,1.0,0.11497267759562843,35.9126065070957,-47.29416800031399,-1.5607793485237236,0.0,0.007756116119019963,0.03325433493246621,servo_0.441
16.387087004000023,0.4408,1.0,0.11497267759562843,35.9126065070957,-47.29416800031399,-1.5605659202352216,0.0,0.01862803747484982,0.03325433493246621,servo_0.441
16.390984682000635,0.4408,1.0,0.11497267759562843,35.9126065070957,-47.29416800031399,-1.5605659202352216,0.0,0.01862803747484982,0.011523433538340214,servo_0.441
16.392716858999847,0.4408,1.0,0.11497267759562843,35.9126065070957,-47.29416800031399,-1.5603349706239464,0.0,0.023015926712134736,0.011523433538340214,servo_0.441
16.396476261000316,0.4408,1.0,0.11497267759562843,35.9126065070957,-47.29416800031399,-1.5603349706239464,0.0,0.023015926712134736,0.00016883516421783366,servo_0.441
16.398131220000323,0.4408,1.0,0.11497267759562843,35.9126065070957,-47.29416800031399,-1.5602718099314064,0.0,0.019568178759996377,0.00016883516421783366,servo_0.441
16.402024130000427,0.4408,1.0,0.11497267759562843,35.9126065070957,-47.29416800031399,-1.5602718099314064,0.0,0.019568178759996377,-0.0018264091393669268,servo_0.441
16.40380610000011,0.4408,1.0,0.11497267759562843,35.9126065070957,-47.29416800031399,-1.5602851969376843,0.0,0.013748375681262812,-0.0018264091393669268,servo_0.441
16.40467134100072,0.4408,1.0,0.11497267759562843,35.9126065070957,-47.29416800031399,-1.5602851969376843,0.0,0.013748375681262812,0.010233108063358904,servo_0.441
16.406265050000002,0.4408,1.0,0.11497267759562843,35.9126065070957,-47.29416800031399,-1.5602851969376843,0.0,0.013748375681262812,0.010233108063358904,servo_0.441
16.408299731000625,0.4408,1.0,0.11497267759562843,35.9126065070957,-47.29416800031399,-1.5601853711745433,0.0,0.009423090583559394,0.010233108063358904,servo_0.441
16.40916378700058,0.4408,1.0,0.11497267759562843,35.9126065070957,-47.29416800031399,-1.5601853711745433,0.0,0.009423090583559394,0.006349979405495537,servo_0.441
16.413282880000224,0.4408,1.0,0.11497267759562843,35.9126065070957,-47.29416800031399,-1.5601853711745433,0.0,0.009423090583559394,-0.01682127237840245,servo_0.441
16.414952719000212,0.4408,1.0,0.11497267759562843,35.9126065070957,-47.29416800031399,-1.560144589596318,0.0,0.008501157230140235,-0.01682127237840245,servo_0.441
16.41875503400024,0.4408,1.0,0.11497267759562843,35.9126065070957,-47.29416800031399,-1.560144589596318,0.0,0.008501157230140235,-0.016179193602260056,servo_0.441
16.420439114000146,0.4408,1.0,0.11497267759562843,35.9126065070957,-47.29416800031399,-1.560233242127167,0.0,0.00090442834757743,-0.016179193602260056,servo_0.441
16.42419656400034,0.4408,1.0,0.11497267759562843,35.9126065070957,-47.29416800031399,-1.560233242127167,0.0,0.00090442834757743,0.007009839463252067,servo_0.441
16.425844962000156,0.4408,1.0,0.11497267759562843,35.9126065070957,-47.29416800031399,-1.5602984864867606,0.0,-0.0042206582373738154,0.007009839463252067,servo_0.441
16.42964327700065,0.4408,1.0,0.11497267759562843,35.9126065070957,-47.29416800031399,-1.5602984864867606,0.0,-0.0042206582373738154,0.020451916200020844,servo_0.441
16.431295932000467,0.4408,1.0,0.11497267759562843,35.9126065070957,-47.29416800031399,-1.5602459283962615,0.0,-0.0008515089271860505,0.020451916200020844,servo_0.441
16.43512704800014,0.4408,1.0,0.11497267759562843,35.9126065070957,-47.29416800031399,-1.5602459283962615,0.0,-0.0008515089271860505,0.0049712598688642145,servo_0.441
16.436810711999897,0.4408,1.0,0.11497267759562843,35.9126065070957,-47.29416800031399,-1.5601204986784027,0.0,0.005539518610976018,0.0049712598688642145,servo_0.441
16.440694853000423,0.4408,1.0,0.11497267759562843,35.9126065070957,-47.29416800031399,-1.5601204986784027,0.0,0.005539518610976018,-0.00280561186029703,servo_0.441
16.442344179999964,0.4408,1.0,0.11497267759562843,35.9126065070957,-47.29416800031399,-1.560094593067181,0.0,0.005369040988342477,-0.00280561186029703,servo_0.441
16.44625200200062,0.4408,1.0,0.11497267759562843,35.9126065070957,-47.29416800031399,-1.560094593067181,0.0,0.005369040988342477,-0.0020366430809623903,servo_0.441
16.448135319999892,0.4408,1.0,0.11497267759562843,35.9126065070957,-47.29416800031399,-1.560088181701726,0.0,0.0029166451337506246,-0.0020366430809623903,servo_0.441
16.45160729000054,0.4408,1.0,0.11497267759562843,35.9126065070957,-47.29416800031399,-1.560088181701726,0.0,0.0029166451337506246,0.00025278410052005727,servo_0.441
16.4533563949999,0.4408,1.0,0.11497267759562843,35.9126065070957,-47.29416800031399,-1.5600808331933544,0.0,0.0014306586693367202,0.00025278410052005727,servo_0.441
16.454903126999852,0.4408,1.0,0.11497267759562843,35.9126065070957,-47.29416800031399,-1.5600808331933544,0.0,0.0014306586693367202,0.00025278410052005727,servo_0.441
16.457088404000388,0.4408,1.0,0.11497267759562843,35.9126065070957,-47.29416800031399,-1.5600808331933544,0.0,0.0014306586693367202,0.007137637385913594,servo_0.441
16.45871913800056,0.4408,1.0,0.11497267759562843,35.9126065070957,-47.29416800031399,-1.5600009815770026,0.0,0.002895398624858283,0.007137637385913594,servo_0.441
16.459528665000107,0.4408,1.0,0.11497267759562843,35.9126065070957,-47.29416800031399,-1.5600009815770026,0.0,0.002895398624858283,-0.0012356492693708966,servo_0.441
16.46295535399986,0.4408,1.0,0.11497267759562843,35.9126065070957,-47.29416800031399,-1.5600009815770026,0.0,0.002895398624858283,-0.007233534071697064,servo_0.441
16.464677386000403,0.4408,1.0,0.11497267759562843,35.9126065070957,-47.29416800031399,-1.5599913696650582,0.0,0.001656084256589529,-0.007233534071697064,servo_0.441
16.468279824000092,0.4408,1.0,0.11497267759562843,35.9126065070957,-47.29416800031399,-1.5599913696650582,0.0,0.001656084256589529,-0.0027193348036541705,servo_0.441
16.46984502000032,0.4408,1.0,0.11497267759562843,35.9126065070957,-47.29416800031399,-1.5600207019147299,0.0,-0.0010108012418964486,-0.0027193348036541705,servo_0.441
16.47383198100033,0.4408,1.0,0.11497267759562843,35.9126065070957,-47.29416800031399,-1.5600207019147299,0.0,-0.0010108012418964486,0.007642120199266764,servo_0.441
16.47535381600028,0.4408,1.0,0.11497267759562843,35.9126065070957,-47.29416800031399,-1.5600252760652575,0.0,-0.001523361310423765,0.007642120199266764,servo_0.441
16.47928471100022,0.4408,1.0,0.11497267759562843,35.9126065070957,-47.29416800031399,-1.5600252760652575,0.0,-0.001523361310423765,0.0054852385159791985,servo_0.441
16.48094888600008,0.4408,1.0,0.11497267759562843,35.9126065070957,-47.29416800031399,-1.5599657168528496,0.0,0.001226283142483394,0.0054852385159791985,servo_0.441
16.484746625000298,0.4408,1.0,0.11497267759562843,35.9126065070957,-47.29416800031399,-1.5599657168528496,0.0,0.001226283142483394,-0.0019364251302285084,servo_0.441
16.486305101000653,0.4408,1.0,0.11497267759562843,35.9126065070957,-47.29416800031399,-1.5599237001741384,0.0,0.002503969754532135,-0.0019364251302285084,servo_0.441
16.490226716000507,0.4408,1.0,0.11497267759562843,35.9126065070957,-47.29416800031399,-1.5599237001741384,0.0,0.002503969754532135,-0.003461026467612864,servo_0.441
16.491851114000383,0.4408,1.0,0.11497267759562843,35.9126065070957,-47.29416800031399,-1.5599215780636304,0.0,0.001171851289103942,-0.003461026467612864,servo_0.441
16.49577586400028,0.4408,1.0,0.11497267759562843,35.9126065070957,-47.29416800031399,-1.5599215780636304,0.0,0.001171851289103942,-0.005767932025393809,servo_0.441
16.497357285000362,0.4408,1.0,0.11497267759562843,35.9126065070957,-47.29416800031399,-1.559929643033707,0.0,-0.0002180120379110999,-0.005767932025393809,servo_0.441
16.501403511000717,0.4408,1.0,0.11497267759562843,35.9126065070957,-47.29416800031399,-1.559929643033707,0.0,-0.0002180120379110999,-0.004193222297809744,servo_0.441
16.50314573600008,0.4408,1.0,0.11497267759562843,35.9126065070957,-47.29416800031399,-1.5599406912688065,0.0,-0.0018829880341559128,-0.004193222297809744,servo_0.441
16.50680772800024,0.4408,1.0,0.11497267759562843,35.9126065070957,-47.29416800031399,-1.5599406912688065,0.0,-0.0018829880341559128,-0.00043910097323868023,servo_0.441
16.508455197999865,0.4408,1.0,0.11497267759562843,35.9126065070957,-47.29416800031399,-1.5599441066818516,0.0,-0.0025760583132520623,-0.00043910097323868023,servo_0.441
16.509263189000194,0.4408,1.0,0.11497267759562843,35.9126065070957,-47.29416800031399,-1.5599441066818516,0.0,-0.0025760583132520623,0.001804057571636001,servo_0.441
16.510816289000104,0.4408,1.0,0.11497267759562843,35.9126065070957,-47.29416800031399,-1.5599441066818516,0.0,-0.0025760583132520623,0.001804057571636001,servo_0.441
16.51258734700059,0.4408,1.0,0.11497267759562843,35.9126065070957,-47.29416800031399,-1.5599441066818516,0.0,-0.0025760583132520623,-0.0028331914421131877,servo_0.441
16.514473864000138,0.4408,1.0,0.11497267759562843,35.9126065070957,-47.29416800031399,-1.5599080434726067,0.0,-0.000813262506382833,-0.0028331914421131877,servo_0.441
16.518154704000153,0.4408,1.0,0.11497267759562843,35.9126065070957,-47.29416800031399,-1.5599080434726067,0.0,-0.000813262506382833,-0.0066193373438110355,servo_0.441
16.520033093000166,0.4408,1.0,0.11497267759562843,35.9126065070957,-47.29416800031399,-1.5599064327819727,0.0,-0.0014192411871019393,-0.0066193373438110355,servo_0.441
16.523670156000662,0.4408,1.0,0.11497267759562843,35.9126065070957,-47.29416800031399,-1.5599064327819727,0.0,-0.0014192411871019393,-0.0013634468019209358,servo_0.441
16.525370876000125,0.4408,1.0,0.11497267759562843,35.9126065070957,-47.29416800031399,-1.5599246388966603,0.0,-0.0029792700341146677,-0.0013634468019209358,servo_0.441
16.52909872500004,0.4408,1.0,0.11497267759562843,35.9126065070957,-47.29416800031399,-1.5599246388966603,0.0,-0.0029792700341146677,0.004738798675065273,servo_0.441
16.53074171500066,0.4408,1.0,0.11497267759562843,35.9126065070957,-47.29416800031399,-1.5599147000344376,0.0,-0.002494523064456548,0.004738798675065273,servo_0.441
16.534572288000163,0.4408,1.0,0.11497267759562843,35.9126065070957,-47.29416800031399,-1.5599147000344376,0.0,-0.002494523064456548,0.003278247532231786,servo_0.441
16.536259663000237,0.4408,1.0,0.11497267759562843,35.9126065070957,-47.29416800031399,-1.5598806584408478,0.0,-0.0003245265426000017,0.003278247532231786,servo_0.441
16.540120764000676,0.4408,1.0,0.11497267759562843,35.9126065070957,-47.29416800031399,-1.5598806584408478,0.0,-0.0003245265426000017,-0.005859259725432112,servo_0.441
16.541753930000596,0.4408,1.0,0.11497267759562843,35.9126065070957,-47.29416800031399,-1.5598534520276084,0.0,0.0007563056798495347,-0.005859259725432112,servo_0.441
16.545694522000304,0.4408,1.0,0.11497267759562843,35.9126065070957,-47.29416800031399,-1.5598534520276084,0.0,0.0007563056798495347,-0.012598532945053788,servo_0.441
16.547559438000462,0.4408,1.0,0.11497267759562843,35.9126065070957,-47.29416800031399,-1.5598651960839598,0.0,-0.0012283639417349592,-0.012598532945053788,servo_0.441
16.551602559999992,0.4408,1.0,0.11497267759562843,35.9126065070957,-47.29416800031399,-1.5598651960839598,0.0,-0.0012283639417349592,-0.005840872990788907,servo_0.441
16.553431891999935,0.4408,1.0,0.11497267759562843,35.9126065070957,-47.29416800031399,-1.5599125007383947,0.0,-0.004639414642730608,-0.005840872990788907,servo_0.441
16.557069787000728,0.4408,1.0,0.11497267759562843,35.9126065070957,-47.29416800031399,-1.5599125007383947,0.0,-0.004639414642730608,0.002541303785153999,servo_0.441
16.558758602000125,0.4408,1.0,0.11497267759562843,35.9126065070957,-47.29416800031399,-1.559921649771331,0.0,-0.0049998521471480975,0.002541303785153999,servo_0.441
16.55968374800068,0.4408,1.0,0.11497267759562843,35.9126065070957,-47.29416800031399,-1.559921649771331,0.0,-0.0049998521471480975,0.0032874406394790634,servo_0.441
16.56144325400055,0.4408,1.0,0.11497267759562843,35.9126065070957,-47.29416800031399,-1.559921649771331,0.0,-0.0049998521471480975,0.0032874406394790634,servo_0.441
16.562874461999854,0.4408,1.0,0.11497267759562843,35.9126065070957,-47.29416800031399,-1.559921649771331,0.0,-0.0049998521471480975,-0.0028151074339845187,servo_0.441
16.56454987000052,0.4408,1.0,0.11497267759562843,35.9126065070957,-47.29416800031399,-1.559865968703936,0.0,-0.0009300215653765089,-0.0028151074339845187,servo_0.441
16.56844201200056,0.4408,1.0,0.11497267759562843,35.9126065070957,-47.29416800031399,-1.559865968703936,0.0,-0.0009300215653765089,-0.009618129031902664,servo_0.441
16.570128523000676,0.4408,1.0,0.11497267759562843,35.9126065070957,-47.29416800031399,-1.5598686566659838,0.0,-0.0014955473259589116,-0.009618129031902664,servo_0.441
16.57437449900044,0.4408,1.0,0.11497267759562843,35.9126065070957,-47.29416800031399,-1.5599028135655906,0.0,-0.003932321837742037,-0.009618129031902664,servo_0.441
16.57532047800032,0.4408,1.0,0.11497267759562843,35.9126065070957,-47.29416800031399,-1.5599028135655906,0.0,-0.003932321837742037,-0.00431657450995625,servo_0.441
16.579590422000365,0.4408,1.0,0.11497267759562843,35.9126065070957,-47.29416800031399,-1.5599028135655906,0.0,-0.003932321837742037,0.0032738020817910905,servo_0.441
16.581353735999983,0.4408,1.0,0.11497267759562843,35.9126065070957,-47.29416800031399,-1.5599088477554308,0.0,-0.0040475976394063005,0.0032738020817910905,servo_0.441
16.585127250999903,0.4408,1.0,0.11497267759562843,35.9126065070957,-47.29416800031399,-1.5599088477554308,0.0,-0.0040475976394063005,-0.0035063875911174793,servo_0.441
16.586837859000298,0.4408,1.0,0.11497267759562843,35.9126065070957,-47.29416800031399,-1.5598792731290276,0.0,-0.001851177723047083,-0.0035063875911174793,servo_0.441
16.591121756000575,0.4408,1.0,0.11497267759562843,35.9126065070957,-47.29416800031399,-1.5598813436413044,0.0,-0.002347740683468202,-0.0035063875911174793,servo_0.441
16.592203545999837,0.4408,1.0,0.11497267759562843,35.9126065070957,-47.29416800031399,-1.5598813436413044,0.0,-0.002347740683468202,-0.00813444297747074,servo_0.441
16.596737818000292,0.4408,1.0,0.11497267759562843,35.9126065070957,-47.29416800031399,-1.5598813436413044,0.0,-0.002347740683468202,-0.011765816567645651,servo_0.441
16.598496716000227,0.4408,1.0,0.11497267759562843,35.9126065070957,-47.29416800031399,-1.5599017580098233,0.0,-0.004083751371668963,-0.011765816567645651,servo_0.441
16.602182356000412,0.4408,1.0,0.11497267759562843,35.9126065070957,-47.29416800031399,-1.5599017580098233,0.0,-0.004083751371668963,-0.007383558466339094,servo_0.441
16.603955397999925,0.4408,1.0,0.11497267759562843,35.9126065070957,-47.29416800031399,-1.559952327539738,0.0,-0.006388370930461969,-0.007383558466339094,servo_0.441
16.60480710200045,0.4408,1.0,0.11497267759562843,35.9126065070957,-47.29416800031399,-1.559952327539738,0.0,-0.006388370930461969,0.0033010791971670368,servo_0.441
16.60640055500062,0.4408,1.0,0.11497267759562843,35.9126065070957,-47.29416800031399,-1.559952327539738,0.0,-0.006388370930461969,0.0033010791971670368,servo_0.441
16.607909110000037,0.4408,1.0,0.11497267759562843,35.9126065070957,-47.29416800031399,-1.559952327539738,0.0,-0.006388370930461969,0.0025003878520157546,servo_0.441
16.609566885000277,0.4408,1.0,0.11497267759562843,35.9126065070957,-47.29416800031399,-1.5599411014452436,0.0,-0.0036905252747074626,0.0025003878520157546,servo_0.441
16.613286926,0.4408,1.0,0.11497267759562843,35.9126065070957,-47.29416800031399,-1.5599411014452436,0.0,-0.0036905252747074626,-0.0029197709651962588,servo_0.441
16.614909147000617,0.4408,1.0,0.11497267759562843,35.9126065070957,-47.29416800031399,-1.5599099875393427,0.0,-0.0018332513366904975,-0.0029197709651962588,servo_0.441
16.618810442000722,0.4408,1.0,0.11497267759562843,35.9126065070957,-47.29416800031399,-1.5599099875393427,0.0,-0.0018332513366904975,-0.00895857118051202,servo_0.441
16.62048690500069,0.4408,1.0,0.11497267759562843,35.9126065070957,-47.29416800031399,-1.5599053388430264,0.0,-0.0021592072252422257,-0.00895857118051202,servo_0.441
16.624409512000057,0.4408,1.0,0.11497267759562843,35.9126065070957,-47.29416800031399,-1.5599053388430264,0.0,-0.0021592072252422257,-0.003665907559446998,servo_0.441
16.626204698000038,0.4408,1.0,0.11497267759562843,35.9126065070957,-47.29416800031399,-1.5599355231903114,0.0,-0.004199016411823164,-0.003665907559446998,servo_0.441
16.629800992000128,0.4408,1.0,0.11497267759562843,35.9126065070957,-47.29416800031399,-1.5599355231903114,0.0,-0.004199016411823164,0.004006300118353856,servo_0.441
16.631473551000454,0.4408,1.0,0.11497267759562843,35.9126065070957,-47.29416800031399,-1.559931964417775,0.0,-0.004039083756110314,0.004006300118353856,servo_0.441
16.635398078000435,0.4408,1.0,0.11497267759562843,35.9126065070957,-47.29416800031399,-1.559931964417775,0.0,-0.004039083756110314,-0.003497496950310413,servo_0.441
16.637270899000214,0.4408,1.0,0.11497267759562843,35.9126065070957,-47.29416800031399,-1.5599007286306534,0.0,-0.0016254685937710628,-0.003497496950310413,servo_0.441
16.64177368200035,0.4408,1.0,0.11497267759562843,35.9126065070957,-47.29416800031399,-1.5599084350933103,0.0,-0.0021870771007328677,-0.003497496950310413,servo_0.441
16.64274759700038,0.4408,1.0,0.11497267759562843,35.9126065070957,-47.29416800031399,-1.5599084350933103,0.0,-0.0021870771007328677,-0.013326586051324509,servo_0.441
16.64708029600024,0.4408,1.0,0.11497267759562843,35.9126065070957,-47.29416800031399,-1.5599084350933103,0.0,-0.0021870771007328677,-0.014177386957009963,servo_0.441
16.648937500000102,0.4408,1.0,0.11497267759562843,35.9126065070957,-47.29416800031399,-1.5599611711359134,0.0,-0.0055289297859103595,-0.014177386957009963,servo_0.441
16.649801588000628,0.4408,1.0,0.11497267759562843,35.9126065070957,-47.29416800031399,-1.5599611711359134,0.0,-0.0055289297859103595,-0.002004920515145748,servo_0.441
16.651622824000697,0.4408,1.0,0.11497267759562843,35.9126065070957,-47.29416800031399,-1.5599611711359134,0.0,-0.0055289297859103595,-0.002004920515145748,servo_0.441
16.653461820000302,0.4408,1.0,0.11497267759562843,35.9126065070957,-47.29416800031399,-1.5600067482394384,0.0,-0.006287903010611892,-0.002004920515145748,servo_0.441
16.654339604000597,0.4408,1.0,0.11497267759562843,35.9126065070957,-47.29416800031399,-1.5600067482394384,0.0,-0.006287903010611892,0.00480284925972763,servo_0.441
16.65823766700032,0.4408,1.0,0.11497267759562843,35.9126065070957,-47.29416800031399,-1.5600067482394384,0.0,-0.006287903010611892,0.0017993096547550943,servo_0.441
16.65999262800051,0.4408,1.0,0.11497267759562843,35.9126065070957,-47.29416800031399,-1.5599702622067084,0.0,-0.002960677329510035,0.0017993096547550943,servo_0.441
16.66384691300027,0.4408,1.0,0.11497267759562843,35.9126065070957,-47.29416800031399,-1.5599702622067084,0.0,-0.002960677329510035,-0.008903411496731056,servo_0.441
16.66551108800013,0.4408,1.0,0.11497267759562843,35.9126065070957,-47.29416800031399,-1.5599536645439367,0.0,-0.0015326812342304958,-0.008903411496731056,servo_0.441
16.669247800999983,0.4408,1.0,0.11497267759562843,35.9126065070957,-47.29416800031399,-1.5599536645439367,0.0,-0.0015326812342304958,-0.010405181559291649,servo_0.441
16.670881959000326,0.4408,1.0,0.11497267759562843,35.9126065070957,-47.29416800031399,-1.5599758405472914,0.0,-0.0037439003129806636,-0.010405181559291649,servo_0.441
16.674826647000373,0.4408,1.0,0.11497267759562843,35.9126065070957,-47.29416800031399,-1.5599758405472914,0.0,-0.0037439003129806636,-0.0050855427691422405,servo_0.441
16.676552584000092,0.4408,1.0,0.11497267759562843,35.9126065070957,-47.29416800031399,-1.5600080644569436,0.0,-0.005742284686873959,-0.0050855427691422405,servo_0.441
16.68040664399996,0.4408,1.0,0.11497267759562843,35.9126065070957,-47.29416800031399,-1.5600080644569436,0.0,-0.005742284686873959,0.00021570874996066727,servo_0.441
16.682043299000725,0.4408,1.0,0.11497267759562843,35.9126065070957,-47.29416800031399,-1.5600157121121334,0.0,-0.005545262111554443,0.00021570874996066727,servo_0.441
16.687224277000496,0.4408,1.0,0.11497267759562843,35.9126065070957,-47.29416800031399,-1.5600016863472927,0.0,-0.0038169708530999095,0.00021570874996066727,servo_0.441
16.689256846000717,0.4408,1.0,0.11497267759562843,35.9126065070957,-47.29416800031399,-1.5600016863472927,0.0,-0.0038169708530999095,-0.0020230043932372545,servo_0.441
16.69313052400048,0.4408,1.0,0.11497267759562843,35.9126065070957,-47.29416800031399,-1.5600016863472927,0.0,-0.0038169708530999095,-0.002100693015438934,servo_0.441
16.696206674000678,0.4408,1.0,0.11497267759562843,35.9126065070957,-47.29416800031399,-1.559997157836143,0.0,-0.003278780915141113,-0.002100693015438934,servo_0.441
16.697158797000156,0.4408,1.0,0.11497267759562843,35.9126065070957,-47.29416800031399,-1.559997157836143,0.0,-0.003278780915141113,-0.0066824797489297835,servo_0.441
16.69891542300047,0.4408,1.0,0.11497267759562843,35.9126065070957,-47.29416800031399,-1.5599944124759773,0.0,-0.002925354545230459,-0.0066824797489297835,servo_0.441
16.699783959000342,0.4408,1.0,0.11497267759562843,35.9126065070957,-47.29416800031399,-1.5599944124759773,0.0,-0.002925354545230459,0.003191366062857154,servo_0.441
16.7013846130003,0.4408,1.0,0.11497267759562843,35.9126065070957,-47.29416800031399,-1.5599967765448663,0.0,-0.004052492106340256,0.003191366062857154,servo_0.441
16.703231161000076,0.4408,1.0,0.11497267759562843,35.9126065070957,-47.29416800031399,-1.5599967765448663,0.0,-0.004052492106340256,-0.019154548952610335,servo_0.441
16.70477027600009,0.4408,1.0,0.11497267759562843,35.9126065070957,-47.29416800031399,-1.5599737630446955,0.0,-0.0018793346555810327,-0.019154548952610335,servo_0.441
16.708860856000683,0.4408,1.0,0.11497267759562843,35.9126065070957,-47.29416800031399,-1.5599737630446955,0.0,-0.0018793346555810327,-0.03547146231303842,servo_0.441
16.710535335000714,0.4408,1.0,0.11497267759562843,35.9126065070957,-47.29416800031399,-1.5600436389580048,0.0,-0.0070618989446898225,-0.03547146231303842,servo_0.441
16.714337490000617,0.4408,1.0,0.11497267759562843,35.9126065070957,-47.29416800031399,-1.5600436389580048,0.0,-0.0070618989446898225,-0.04672139544921129,servo_0.441
16.716057251000166,0.4408,1.0,0.11497267759562843,35.9126065070957,-47.29416800031399,-1.5601863937096,0.0,-0.0155847679551944,-0.04672139544921129,servo_0.441
16.719805037000697,0.4408,1.0,0.11497267759562843,35.9126065070957,-47.29416800031399,-1.5601863937096,0.0,-0.0155847679551944,0.0005597637567882616,servo_0.441
16.721536797000226,0.4408,1.0,0.11497267759562843,35.9126065070957,-47.29416800031399,-1.5604114766696442,0.0,-0.024925756203399464,0.0005597637567882616,servo_0.441
16.725346953000553,0.4408,1.0,0.11497267759562843,35.9126065070957,-47.29416800031399,-1.5604114766696442,0.0,-0.024925756203399464,0.03559054306446779,servo_0.441
16.727011800000582,0.4408,1.0,0.11497267759562843,35.9126065070957,-47.29416800031399,-1.5604042455069813,0.0,-0.017280100215343146,0.03559054306446779,servo_0.441
16.730806595000104,0.4408,1.0,0.11497267759562843,35.9126065070957,-47.29416800031399,-1.5604042455069813,0.0,-0.017280100215343146,0.039242115587183914,servo_0.441
16.732541299999866,0.4408,1.0,0.11497267759562843,35.9126065070957,-47.29416800031399,-1.5602332990071155,0.0,-0.0014189072313998668,0.039242115587183914,servo_0.441
16.73633772700032,0.4408,1.0,0.11497267759562843,35.9126065070957,-47.29416800031399,-1.5602332990071155,0.0,-0.0014189072313998668,0.032500729003595644,servo_0.441
16.738062960000207,0.4408,1.0,0.11497267759562843,35.9126065070957,-47.29416800031399,-1.559990860295845,0.0,0.010779399614175268,0.032500729003595644,servo_0.441
16.741863418999856,0.4408,1.0,0.11497267759562843,35.9126065070957,-47.29416800031399,-1.559990860295845,0.0,0.010779399614175268,0.012222696416810955,servo_0.441
16.743543083000077,0.4408,1.0,0.11497267759562843,35.9126065070957,-47.29416800031399,-1.559828530491241,0.0,0.01729579843100138,0.012222696416810955,servo_0.441
16.74452960600047,0.4408,1.0,0.11497267759562843,35.9126065070957,-47.29416800031399,-1.559828530491241,0.0,0.01729579843100138,-0.004889552318115172,servo_0.441
16.746189141000286,0.4408,1.0,0.11497267759562843,35.9126065070957,-47.29416800031399,-1.559828530491241,0.0,0.01729579843100138,-0.004889552318115172,servo_0.441
16.747516379000444,0.4408,1.0,0.11497267759562843,35.9126065070957,-47.29416800031399,-1.559828530491241,0.0,0.01729579843100138,-0.0005567977391464834,servo_0.441
16.74912413600032,0.4408,1.0,0.11497267759562843,35.9126065070957,-47.29416800031399,-1.5598066078470219,0.0,0.009574841783286426,-0.0005567977391464834,servo_0.441
16.752903923000304,0.4408,1.0,0.11497267759562843,35.9126065070957,-47.29416800031399,-1.5598066078470219,0.0,0.009574841783286426,0.010745574118198507,servo_0.441
16.75444172600055,0.4408,1.0,0.11497267759562843,35.9126065070957,-47.29416800031399,-1.5597717624156304,0.0,0.006535349926556553,0.010745574118198507,servo_0.441
16.7584243350002,0.4408,1.0,0.11497267759562843,35.9126065070957,-47.29416800031399,-1.5597717624156304,0.0,0.006535349926556553,-0.004785191773492294,servo_0.441
16.760157280000385,0.4408,1.0,0.11497267759562843,35.9126065070957,-47.29416800031399,-1.5597054503447876,0.0,0.007798417184049139,-0.004785191773492294,servo_0.441
16.76389424900026,0.4408,1.0,0.11497267759562843,35.9126065070957,-47.29416800031399,-1.5597054503447876,0.0,0.007798417184049139,0.0002252044861946091,servo_0.441
16.765511991000494,0.4408,1.0,0.11497267759562843,35.9126065070957,-47.29416800031399,-1.559734161781827,0.0,0.004023334496786709,0.0002252044861946091,servo_0.441
16.76926169700073,0.4408,1.0,0.11497267759562843,35.9126065070957,-47.29416800031399,-1.559734161781827,0.0,0.004023334496786709,0.015992574669467352,servo_0.441
16.77088334200016,0.4408,1.0,0.11497267759562843,35.9126065070957,-47.29416800031399,-1.5597126869520512,0.0,0.0028838954936090786,0.015992574669467352,servo_0.441
16.77470108200032,0.4408,1.0,0.11497267759562843,35.9126065070957,-47.29416800031399,-1.5597126869520512,0.0,0.0028838954936090786,0.013812861581318864,servo_0.441
16.776409930000227,0.4408,1.0,0.11497267759562843,35.9126065070957,-47.29416800031399,-1.5596127919470764,0.0,0.00681649924636656,0.013812861581318864,servo_0.441
16.780212822000067,0.4408,1.0,0.11497267759562843,35.9126065070957,-47.29416800031399,-1.5596127919470764,0.0,0.00681649924636656,0.010841044282088643,servo_0.441
16.78192711000065,0.4408,1.0,0.11497267759562843,35.9126065070957,-47.29416800031399,-1.5595303768717022,0.0,0.008915407946852251,0.010841044282088643,servo_0.441
16.78560663799999,0.4408,1.0,0.11497267759562843,35.9126065070957,-47.29416800031399,-1.5595303768717022,0.0,0.008915407946852251,0.004074795633308259,servo_0.441
16.78725842899985,0.4408,1.0,0.11497267759562843,35.9126065070957,-47.29416800031399,-1.5594729557898943,0.0,0.009493098847423168,0.004074795633308259,servo_0.441
16.791795037000156,0.4408,1.0,0.11497267759562843,35.9126065070957,-47.29416800031399,-1.5594417070014968,0.0,0.007867607883188694,0.004074795633308259,servo_0.441
16.79268347800007,0.4408,1.0,0.11497267759562843,35.9126065070957,-47.29416800031399,-1.5594417070014968,0.0,0.007867607883188694,-0.00564488253976184,servo_0.441
16.797017775999848,0.4408,1.0,0.11497267759562843,35.9126065070957,-47.29416800031399,-1.5594417070014968,0.0,0.007867607883188694,-0.008016141408719677,servo_0.441
16.798751969000477,0.4408,1.0,0.11497267759562843,35.9126065070957,-47.29416800031399,-1.5594590709304172,0.0,0.003813860756303534,-0.008016141408719677,servo_0.441
16.799608281000474,0.4408,1.0,0.11497267759562843,35.9126065070957,-47.29416800031399,-1.5594590709304172,0.0,0.003813860756303534,-0.004985325208519846,servo_0.441
16.80126778400063,0.4408,1.0,0.11497267759562843,35.9126065070957,-47.29416800031399,-1.5594590709304172,0.0,0.003813860756303534,-0.004985325208519846,servo_0.441
16.80270088100042,0.4408,1.0,0.11497267759562843,35.9126065070957,-47.29416800031399,-1.5594590709304172,0.0,0.003813860756303534,0.0003526995360497919,servo_0.441
16.804295390000334,0.4408,1.0,0.11497267759562843,35.9126065070957,-47.29416800031399,-1.5595022100291358,0.0,-0.0013101954877983543,0.0003526995360497919,servo_0.441
16.808146633999968,0.4408,1.0,0.11497267759562843,35.9126065070957,-47.29416800031399,-1.5595022100291358,0.0,-0.0013101954877983543,0.003374322368928021,servo_0.441
16.809701270000005,0.4408,1.0,0.11497267759562843,35.9126065070957,-47.29416800031399,-1.559487900929979,0.0,-0.0008113269806439104,0.003374322368928021,servo_0.441
16.81361235700024,0.4408,1.0,0.11497267759562843,35.9126065070957,-47.29416800031399,-1.559487900929979,0.0,-0.0008113269806439104,0.007059646297271703,servo_0.441
16.81531419700059,0.4408,1.0,0.11497267759562843,35.9126065070957,-47.29416800031399,-1.559457518111373,0.0,0.00044436782422766906,0.007059646297271703,servo_0.441
16.81904236599985,0.4408,1.0,0.11497267759562843,35.9126065070957,-47.29416800031399,-1.559457518111373,0.0,0.00044436782422766906,6.093614585411439e-05,servo_0.441
16.820718637000027,0.4408,1.0,0.11497267759562843,35.9126065070957,-47.29416800031399,-1.5594157440800542,0.0,0.0024289513661408793,6.093614585411439e-05,servo_0.441
16.824444502000006,0.4408,1.0,0.11497267759562843,35.9126065070957,-47.29416800031399,-1.5594157440800542,0.0,0.0024289513661408793,9.740688862598858e-05,servo_0.441
16.826021347000278,0.4408,1.0,0.11497267759562843,35.9126065070957,-47.29416800031399,-1.5593928204866276,0.0,0.0017185468000548497,9.740688862598858e-05,servo_0.441
16.829890863999935,0.4408,1.0,0.11497267759562843,35.9126065070957,-47.29416800031399,-1.5593928204866276,0.0,0.0017185468000548497,0.0025003878520157546,servo_0.441
16.83146390100046,0.4408,1.0,0.11497267759562843,35.9126065070957,-47.29416800031399,-1.5593709087833412,0.0,0.0012322048266261913,0.0025003878520157546,servo_0.441
16.83541447600055,0.4408,1.0,0.11497267759562843,35.9126065070957,-47.29416800031399,-1.5593709087833412,0.0,0.0012322048266261913,0.00182214157976467,servo_0.441
16.837038170000596,0.4408,1.0,0.11497267759562843,35.9126065070957,-47.29416800031399,-1.5593413450965552,0.0,0.0016126597342430602,0.00182214157976467,servo_0.441
16.841652380000596,0.4408,1.0,0.11497267759562843,35.9126065070957,-47.29416800031399,-1.5593252310125982,0.0,0.0016755042878995432,0.00182214157976467,servo_0.441
16.84255061300064,0.4408,1.0,0.11497267759562843,35.9126065070957,-47.29416800031399,-1.5593252310125982,0.0,0.0016755042878995432,-0.016265470658902915,servo_0.441
16.846807182000703,0.4408,1.0,0.11497267759562843,35.9126065070957,-47.29416800031399,-1.5593252310125982,0.0,0.0016755042878995432,-0.023696630528983922,servo_0.441
16.848502718000418,0.4408,1.0,0.11497267759562843,35.9126065070957,-47.29416800031399,-1.5593833223832976,0.0,-0.003706788196141194,-0.023696630528983922,servo_0.441
16.84932379700058,0.4408,1.0,0.11497267759562843,35.9126065070957,-47.29416800031399,-1.5593833223832976,0.0,-0.003706788196141194,-0.01478269226386595,servo_0.441
16.85113578400069,0.4408,1.0,0.11497267759562843,35.9126065070957,-47.29416800031399,-1.5593833223832976,0.0,-0.003706788196141194,-0.01478269226386595,servo_0.441
16.852629554000487,0.4408,1.0,0.11497267759562843,35.9126065070957,-47.29416800031399,-1.5593833223832976,0.0,-0.003706788196141194,0.009394434943606318,servo_0.441
16.854511943000034,0.4408,1.0,0.11497267759562843,35.9126065070957,-47.29416800031399,-1.5595530734617882,0.0,-0.011227426306355592,0.009394434943606318,servo_0.441
16.858191375000388,0.4408,1.0,0.11497267759562843,35.9126065070957,-47.29416800031399,-1.5595530734617882,0.0,-0.011227426306355592,0.016230085986513088,servo_0.441
16.859966113000155,0.4408,1.0,0.11497267759562843,35.9126065070957,-47.29416800031399,-1.5594975904723676,0.0,-0.005040867931367019,0.016230085986513088,servo_0.441
16.863777549000588,0.4408,1.0,0.11497267759562843,35.9126065070957,-47.29416800031399,-1.5594975904723676,0.0,-0.005040867931367019,0.016670216008838015,servo_0.441
16.865594496000085,0.4408,1.0,0.11497267759562843,35.9126065070957,-47.29416800031399,-1.5593968429266745,0.0,0.0013404182439970126,0.016670216008838015,servo_0.441
16.869195334000324,0.4408,1.0,0.11497267759562843,35.9126065070957,-47.29416800031399,-1.5593968429266745,0.0,0.0013404182439970126,0.010735775557922156,servo_0.441
16.87091010200038,0.4408,1.0,0.11497267759562843,35.9126065070957,-47.29416800031399,-1.5592964414637143,0.0,0.0059393575734493125,0.010735775557922156,servo_0.441
16.874702305000028,0.4408,1.0,0.11497267759562843,35.9126065070957,-47.29416800031399,-1.5592964414637143,0.0,0.0059393575734493125,0.003319465671735917,servo_0.441
16.8764480180007,0.4408,1.0,0.11497267759562843,35.9126065070957,-47.29416800031399,-1.5592446122262162,0.0,0.007378282968791165,0.003319465671735917,servo_0.441
16.880236476999926,0.4408,1.0,0.11497267759562843,35.9126065070957,-47.29416800031399,-1.5592446122262162,0.0,0.007378282968791165,0.007892967607560262,servo_0.441
16.88195201400049,0.4408,1.0,0.11497267759562843,35.9126065070957,-47.29416800031399,-1.5592161836447016,0.0,0.006160637779674591,0.007892967607560262,servo_0.441
16.88591823800016,0.4408,1.0,0.11497267759562843,35.9126065070957,-47.29416800031399,-1.5592161836447016,0.0,0.006160637779674591,0.013758004624052434,servo_0.441
16.887891445000605,0.4408,1.0,0.11497267759562843,35.9126065070957,-47.29416800031399,-1.5591645908169123,0.0,0.0066803367280402915,0.013758004624052434,servo_0.441
16.89149743500002,0.4408,1.0,0.11497267759562843,35.9126065070957,-47.29416800031399,-1.5591645908169123,0.0,0.0066803367280402915,-0.0063827336861602595,servo_0.441
16.8932263480001,0.4408,1.0,0.11497267759562843,35.9126065070957,-47.29416800031399,-1.5590835585719782,0.0,0.008803637096843933,-0.0063827336861602595,servo_0.441
16.89695915700031,0.4408,1.0,0.11497267759562843,35.9126065070957,-47.29416800031399,-1.5590835585719782,0.0,0.008803637096843933,-0.011160511260789666,servo_0.441
16.898592131999976,0.4408,1.0,0.11497267759562843,35.9126065070957,-47.29416800031399,-1.5591201833067698,0.0,0.004247725861942675,-0.011160511260789666,servo_0.441
16.899406682000517,0.4408,1.0,0.11497267759562843,35.9126065070957,-47.29416800031399,-1.5591201833067698,0.0,0.004247725861942675,0.006227232126229453,servo_0.441
16.90106295300029,0.4408,1.0,0.11497267759562843,35.9126065070957,-47.29416800031399,-1.5591201833067698,0.0,0.004247725861942675,0.006227232126229453,servo_0.441
16.90276223300043,0.4408,1.0,0.11497267759562843,35.9126065070957,-47.29416800031399,-1.5591201833067698,0.0,0.004247725861942675,0.012320587352520083,servo_0.441
16.90435453400005,0.4408,1.0,0.11497267759562843,35.9126065070957,-47.29416800031399,-1.5591098271649488,0.0,0.001605847945454917,0.012320587352520083,servo_0.441
16.9082763410006,0.4408,1.0,0.11497267759562843,35.9126065070957,-47.29416800031399,-1.5591098271649488,0.0,0.001605847945454917,0.004151879322629516,servo_0.441
16.90984313700028,0.4408,1.0,0.11497267759562843,35.9126065070957,-47.29416800031399,-1.5590302114977455,0.0,0.004820269767574467,0.004151879322629516,servo_0.441
17.917619741000635,0.38820000000000005,1.0,0.1724590163934426,35.9126065070957,-47.29416800031399,-1.5560986640634302,0.0,-0.0009891628282685206,-0.0012905062266373257,servo_0.388
17.920520399000452,0.38820000000000005,1.0,0.1724590163934426,35.9126065070957,-47.29416800031399,-1.5560986640634302,0.0,-0.0009891628282685206,-0.0059049230553026135,servo_0.388
17.922569256000315,0.38820000000000005,1.0,0.1724590163934426,35.9126065070957,-47.29416800031399,-1.5560984051718123,0.0,-0.0010795658477791622,-0.0059049230553026135,servo_0.388
17.926043402000687,0.38820000000000005,1.0,0.1724590163934426,35.9126065070957,-47.29416800031399,-1.5560984051718123,0.0,-0.0010795658477791622,-0.005140399726408669,servo_0.388
17.927875293999932,0.38820000000000005,1.0,0.1724590163934426,35.9126065070957,-47.29416800031399,-1.5561188894413922,0.0,-0.0025271730100361973,-0.005140399726408669,servo_0.388
17.931525765000515,0.38820000000000005,1.0,0.1724590163934426,35.9126065070957,-47.29416800031399,-1.5561188894413922,0.0,-0.0025271730100361973,0.0025184718601444236,servo_0.388
17.93333788000018,0.38820000000000005,1.0,0.1724590163934426,35.9126065070957,-47.29416800031399,-1.5561360415569854,0.0,-0.0033111410249479388,0.0025184718601444236,servo_0.388
17.93763144100012,0.38820000000000005,1.0,0.1724590163934426,35.9126065070957,-47.29416800031399,-1.5561360415569854,0.0,-0.0033111410249479388,0.00480284925972763,servo_0.388
17.939463716999853,0.38820000000000005,1.0,0.1724590163934426,35.9126065070957,-47.29416800031399,-1.556116288510029,0.0,-0.0015622571594202301,0.00480284925972763,servo_0.388
17.940833964000376,0.38820000000000005,1.0,0.1724590163934426,35.9126065070957,-47.29416800031399,-1.556116288510029,0.0,-0.0015622571594202301,-0.00126767430162775,servo_0.388
17.942419577000692,0.38820000000000005,1.0,0.1724590163934426,35.9126065070957,-47.29416800031399,-1.556116288510029,0.0,-0.0015622571594202301,-0.00126767430162775,servo_0.388
17.94476997900074,0.38820000000000005,1.0,0.1724590163934426,35.9126065070957,-47.29416800031399,-1.5560855179901405,0.0,-0.00013720995406143544,-0.00126767430162775,servo_0.388
17.9455513769999,0.38820000000000005,1.0,0.1724590163934426,35.9126065070957,-47.29416800031399,-1.5560855179901405,0.0,-0.00013720995406143544,-0.009613381115021758,servo_0.388
17.94812978600021,0.38820000000000005,1.0,0.1724590163934426,35.9126065070957,-47.29416800031399,-1.5560855179901405,0.0,-0.00013720995406143544,-0.005099181586904538,servo_0.388
17.949824362000072,0.38820000000000005,1.0,0.1724590163934426,35.9126065070957,-47.29416800031399,-1.5561249372809836,0.0,-0.002980061302349532,-0.005099181586904538,servo_0.388
17.953644597000675,0.38820000000000005,1.0,0.1724590163934426,35.9126065070957,-47.29416800031399,-1.5561249372809836,0.0,-0.002980061302349532,0.004024686852997061,servo_0.388
17.955442120000043,0.38820000000000005,1.0,0.1724590163934426,35.9126065070957,-47.29416800031399,-1.556139962850867,0.0,-0.0036157973877160338,0.004024686852997061,servo_0.388
17.959159633000127,0.38820000000000005,1.0,0.1724590163934426,35.9126065070957,-47.29416800031399,-1.556139962850867,0.0,-0.0036157973877160338,0.005594649703997521,servo_0.388
17.96094755500053,0.38820000000000005,1.0,0.1724590163934426,35.9126065070957,-47.29416800031399,-1.5561125135822749,0.0,-0.0013236521155021053,0.005594649703997521,servo_0.388
17.964914643000157,0.38820000000000005,1.0,0.1724590163934426,35.9126065070957,-47.29416800031399,-1.5561125135822749,0.0,-0.0013236521155021053,-0.0020185590728337213,servo_0.388
17.966913964000014,0.38820000000000005,1.0,0.1724590163934426,35.9126065070957,-47.29416800031399,-1.5560803295044305,0.0,0.0007518384303477825,-0.0020185590728337213,servo_0.388
17.970430959000623,0.38820000000000005,1.0,0.1724590163934426,35.9126065070957,-47.29416800031399,-1.5560803295044305,0.0,0.0007518384303477825,-0.008166468009727593,servo_0.388
17.972406023000076,0.38820000000000005,1.0,0.1724590163934426,35.9126065070957,-47.29416800031399,-1.5560848425434555,0.0,-7.92808206066687e-05,-0.008166468009727593,servo_0.388
17.975817255000038,0.38820000000000005,1.0,0.1724590163934426,35.9126065070957,-47.29416800031399,-1.5560848425434555,0.0,-7.92808206066687e-05,-0.004307381402708973,servo_0.388
17.977588569000545,0.38820000000000005,1.0,0.1724590163934426,35.9126065070957,-47.29416800031399,-1.5561160463266535,0.0,-0.002505436977342946,-0.004307381402708973,servo_0.388
17.98137290000068,0.38820000000000005,1.0,0.1724590163934426,35.9126065070957,-47.29416800031399,-1.5561160463266535,0.0,-0.002505436977342946,0.0002705655771899337,servo_0.388
17.98312014900057,0.38820000000000005,1.0,0.1724590163934426,35.9126065070957,-47.29416800031399,-1.5561293071203366,0.0,-0.003046020304952754,0.0002705655771899337,servo_0.388
17.98768114199993,0.38820000000000005,1.0,0.1724590163934426,35.9126065070957,-47.29416800031399,-1.5561208415793155,0.0,-0.0020510445403099475,0.0002705655771899337,servo_0.388
17.9887028990006,0.38820000000000005,1.0,0.1724590163934426,35.9126065070957,-47.29416800031399,-1.5561208415793155,0.0,-0.0020510445403099475,0.00254574897552037,servo_0.388
17.99040448300002,0.38820000000000005,1.0,0.1724590163934426,35.9126065070957,-47.29416800031399,-1.5561208415793155,0.0,-0.0020510445403099475,0.00254574897552037,servo_0.388
17.991143576000468,0.38820000000000005,1.0,0.1724590163934426,35.9126065070957,-47.29416800031399,-1.5561208415793155,0.0,-0.0020510445403099475,-0.0027738892944803883,servo_0.388
17.99327877199994,0.38820000000000005,1.0,0.1724590163934426,35.9126065070957,-47.29416800031399,-1.556110345395837,0.0,-0.001302571328236713,-0.0027738892944803883,servo_0.388
17.994146988000466,0.38820000000000005,1.0,0.1724590163934426,35.9126065070957,-47.29416800031399,-1.556110345395837,0.0,-0.001302571328236713,-0.006573674013940534,servo_0.388
17.998221374999957,0.38820000000000005,1.0,0.1724590163934426,35.9126065070957,-47.29416800031399,-1.556110345395837,0.0,-0.001302571328236713,-0.0020230043932372545,servo_0.388
18.00064112400014,0.38820000000000005,1.0,0.1724590163934426,35.9126065070957,-47.29416800031399,-1.5561366037189508,0.0,-0.002883902133947859,-0.0020230043932372545,servo_0.388
18.00410640500013,0.38820000000000005,1.0,0.1724590163934426,35.9126065070957,-47.29416800031399,-1.5561366037189508,0.0,-0.002883902133947859,0.005603842811244798,servo_0.388
18.00589829599994,0.38820000000000005,1.0,0.1724590163934426,35.9126065070957,-47.29416800031399,-1.556139540967426,0.0,-0.0026256328117346774,0.005603842811244798,servo_0.388
18.009167476000584,0.38820000000000005,1.0,0.1724590163934426,35.9126065070957,-47.29416800031399,-1.556139540967426,0.0,-0.0026256328117346774,0.005558178961225646,servo_0.388
18.01141256400024,0.38820000000000005,1.0,0.1724590163934426,35.9126065070957,-47.29416800031399,-1.5561066493598312,0.0,-0.00015679012484083469,0.005558178961225646,servo_0.388
18.015613481999935,0.38820000000000005,1.0,0.1724590163934426,35.9126065070957,-47.29416800031399,-1.5560741954466726,0.0,0.0015577006009791098,0.005558178961225646,servo_0.388
18.016662600000018,0.38820000000000005,1.0,0.1724590163934426,35.9126065070957,-47.29416800031399,-1.5560741954466726,0.0,0.0015577006009791098,-0.0020686681132192435,servo_0.388
18.02096057700055,0.38820000000000005,1.0,0.1724590163934426,35.9126065070957,-47.29416800031399,-1.5560741954466726,0.0,0.0015577006009791098,-0.007388306383220002,servo_0.388
18.022793173000537,0.38820000000000005,1.0,0.1724590163934426,35.9126065070957,-47.29416800031399,-1.556077453534617,0.0,0.0004697899867196038,-0.007388306383220002,servo_0.388
18.02616814800058,0.38820000000000005,1.0,0.1724590163934426,35.9126065070957,-47.29416800031399,-1.556077453534617,0.0,0.0004697899867196038,0.00022490185720794472,servo_0.388
18.028274766999857,0.38820000000000005,1.0,0.1724590163934426,35.9126065070957,-47.29416800031399,-1.5561061506619522,0.0,-0.0018876389242622775,0.00022490185720794472,servo_0.388
18.03135869400012,0.38820000000000005,1.0,0.1724590163934426,35.9126065070957,-47.29416800031399,-1.5561061506619522,0.0,-0.0018876389242622775,0.004839319482350854,servo_0.388
18.033671176000098,0.38820000000000005,1.0,0.1724590163934426,35.9126065070957,-47.29416800031399,-1.556098102410971,0.0,-0.001253876689821211,0.004839319482350854,servo_0.388
18.037392721000288,0.38820000000000005,1.0,0.1724590163934426,35.9126065070957,-47.29416800031399,-1.556098102410971,0.0,-0.001253876689821211,0.004848512589598131,servo_0.388
18.039332839000053,0.38820000000000005,1.0,0.1724590163934426,35.9126065070957,-47.29416800031399,-1.556069205930169,0.0,0.0005740821618304085,0.004848512589598131,servo_0.388
18.04155472599996,0.38820000000000005,1.0,0.1724590163934426,35.9126065070957,-47.29416800031399,-1.556069205930169,0.0,0.0005740821618304085,0.004848512589598131,servo_0.388
18.043029072000536,0.38820000000000005,1.0,0.1724590163934426,35.9126065070957,-47.29416800031399,-1.5560309223236684,0.0,0.0013738080377777638,0.004848512589598131,servo_0.388
18.043864743000086,0.38820000000000005,1.0,0.1724590163934426,35.9126065070957,-47.29416800031399,-1.5560309223236684,0.0,0.0013738080377777638,0.00024773378221752055,servo_0.388
18.045001927000158,0.38820000000000005,1.0,0.1724590163934426,35.9126065070957,-47.29416800031399,-1.5560309223236684,0.0,0.0013738080377777638,-0.005094736396538168,servo_0.388
18.047930906000147,0.38820000000000005,1.0,0.1724590163934426,35.9126065070957,-47.29416800031399,-1.5560309223236684,0.0,0.0013738080377777638,0.00021570874996066727,servo_0.388
18.050422975999936,0.38820000000000005,1.0,0.1724590163934426,35.9126065070957,-47.29416800031399,-1.5560485127886834,0.0,-0.0005667552925170157,0.00021570874996066727,servo_0.388
18.05347835900011,0.38820000000000005,1.0,0.1724590163934426,35.9126065070957,-47.29416800031399,-1.5560485127886834,0.0,-0.0005667552925170157,0.004825680664588555,servo_0.388
18.05513370100016,0.38820000000000005,1.0,0.1724590163934426,35.9126065070957,-47.29416800031399,-1.5560415248937,0.0,-0.0003320160797737108,0.004825680664588555,servo_0.388
18.058857678000095,0.38820000000000005,1.0,0.1724590163934426,35.9126065070957,-47.29416800031399,-1.5560415248937,0.0,-0.0003320160797737108,0.004812042366974907,servo_0.388
18.060457628000222,0.38820000000000005,1.0,0.1724590163934426,35.9126065070957,-47.29416800031399,-1.5560117510512037,0.0,0.0012152929435349689,0.004812042366974907,servo_0.388
18.06446970900015,0.38820000000000005,1.0,0.1724590163934426,35.9126065070957,-47.29416800031399,-1.5560117510512037,0.0,0.0012152929435349689,-0.001995727277861308,servo_0.388
18.06612274700001,0.38820000000000005,1.0,0.1724590163934426,35.9126065070957,-47.29416800031399,-1.5559810457046461,0.0,0.0022943177705669502,-0.001995727277861308,servo_0.388
18.069968520000657,0.38820000000000005,1.0,0.1724590163934426,35.9126065070957,-47.29416800031399,-1.5559810457046461,0.0,0.0022943177705669502,-0.00659650541880146,servo_0.388
18.07175343400013,0.38820000000000005,1.0,0.1724590163934426,35.9126065070957,-47.29416800031399,-1.5559859029695975,0.0,0.0010073042560384729,-0.00659650541880146,servo_0.388
18.075551429999905,0.38820000000000005,1.0,0.1724590163934426,35.9126065070957,-47.29416800031399,-1.5559859029695975,0.0,0.0010073042560384729,-0.0005532600131193276,servo_0.388
18.077336056000604,0.38820000000000005,1.0,0.1724590163934426,35.9126065070957,-47.29416800031399,-1.5560126772182263,0.0,-0.0012738386464135072,-0.0005532600131193276,servo_0.388
18.08103059200039,0.38820000000000005,1.0,0.1724590163934426,35.9126065070957,-47.29416800031399,-1.5560126772182263,0.0,-0.0012738386464135072,0.0040338799602443395,servo_0.388
18.082726384000125,0.38820000000000005,1.0,0.1724590163934426,35.9126065070957,-47.29416800031399,-1.556007916315021,0.0,-0.001057665056425253,0.0040338799602443395,servo_0.388
18.08739880400026,0.38820000000000005,1.0,0.1724590163934426,35.9126065070957,-47.29416800031399,-1.5559803816332032,0.0,0.0004697984485756247,0.0040338799602443395,servo_0.388
18.08836884700031,0.38820000000000005,1.0,0.1724590163934426,35.9126065070957,-47.29416800031399,-1.5559803816332032,0.0,0.0004697984485756247,0.004848512589598131,servo_0.388
18.08988498600047,0.38820000000000005,1.0,0.1724590163934426,35.9126065070957,-47.29416800031399,-1.5559803816332032,0.0,0.0004697984485756247,0.004848512589598131,servo_0.388
18.092065496000032,0.38820000000000005,1.0,0.1724590163934426,35.9126065070957,-47.29416800031399,-1.5559803816332032,0.0,0.0004697984485756247,-0.0019773409333295904,servo_0.388
18.094593982999868,0.38820000000000005,1.0,0.1724590163934426,35.9126065070957,-47.29416800031399,-1.5559538233888999,0.0,0.0006551866036187863,-0.0019773409333295904,servo_0.388
18.095402358000683,0.38820000000000005,1.0,0.1724590163934426,35.9126065070957,-47.29416800031399,-1.5559538233888999,0.0,0.0006551866036187863,-0.0072969792033303485,servo_0.388
18.09766376600055,0.38820000000000005,1.0,0.1724590163934426,35.9126065070957,-47.29416800031399,-1.5559538233888999,0.0,0.0006551866036187863,-0.0036249918863830786,servo_0.388
18.09936483799993,0.38820000000000005,1.0,0.1724590163934426,35.9126065070957,-47.29416800031399,-1.555982655160224,0.0,-0.001730463138465954,-0.0036249918863830786,servo_0.388
18.103124592000313,0.38820000000000005,1.0,0.1724590163934426,35.9126065070957,-47.29416800031399,-1.555982655160224,0.0,-0.001730463138465954,0.001790419013948028,servo_0.388
18.1048345600002,0.38820000000000005,1.0,0.1724590163934426,35.9126065070957,-47.29416800031399,-1.5559923426602027,0.0,-0.0022988217628410914,0.001790419013948028,servo_0.388
18.108688461000384,0.38820000000000005,1.0,0.1724590163934426,35.9126065070957,-47.29416800031399,-1.5559923426602027,0.0,-0.0022988217628410914,0.0025914128255395213,servo_0.388
18.1104477100007,0.38820000000000005,1.0,0.1724590163934426,35.9126065070957,-47.29416800031399,-1.5559776774060465,0.0,-0.0010720495298043556,0.0025914128255395213,servo_0.388
18.114175144,0.38820000000000005,1.0,0.1724590163934426,35.9126065070957,-47.29416800031399,-1.5559776774060465,0.0,-0.0010720495298043556,-0.002760250736792415,servo_0.388
18.115960634000658,0.38820000000000005,1.0,0.1724590163934426,35.9126065070957,-47.29416800031399,-1.5559602458457116,0.0,2.6989176798807523e-05,-0.002760250736792415,servo_0.388
18.11961020900071,0.38820000000000005,1.0,0.1724590163934426,35.9126065070957,-47.29416800031399,-1.5559602458457116,0.0,2.6989176798807523e-05,-0.007301726600062605,servo_0.388
18.12208695100071,0.38820000000000005,1.0,0.1724590163934426,35.9126065070957,-47.29416800031399,-1.5559691752597509,0.0,-0.0008091827972785591,-0.007301726600062605,servo_0.388
18.125115132000246,0.38820000000000005,1.0,0.1724590163934426,35.9126065070957,-47.29416800031399,-1.5559691752597509,0.0,-0.0008091827972785591,-0.0035063875911174793,servo_0.388
18.126759370999935,0.38820000000000005,1.0,0.1724590163934426,35.9126065070957,-47.29416800031399,-1.5560007250874215,0.0,-0.0027569459381137727,-0.0035063875911174793,servo_0.388
18.130629367999973,0.38820000000000005,1.0,0.1724590163934426,35.9126065070957,-47.29416800031399,-1.5560007250874215,0.0,-0.0027569459381137727,0.003315020221295221,servo_0.388
18.132330983999964,0.38820000000000005,1.0,0.1724590163934426,35.9126065070957,-47.29416800031399,-1.5560117948320076,0.0,-0.0029817784340148844,0.003315020221295221,servo_0.388
18.136323257000186,0.38820000000000005,1.0,0.1724590163934426,35.9126065070957,-47.29416800031399,-1.5560117948320076,0.0,-0.0029817784340148844,0.006368366140138743,servo_0.388
18.13799805600047,0.38820000000000005,1.0,0.1724590163934426,35.9126065070957,-47.29416800031399,-1.5559884606859802,0.0,-0.0010927388374218528,0.006368366140138743,servo_0.388
18.141846356000315,0.38820000000000005,1.0,0.1724590163934426,35.9126065070957,-47.29416800031399,-1.5559884606859802,0.0,-0.0010927388374218528,-0.00502179543114307,servo_0.388
18.14366496799994,0.38820000000000005,1.0,0.1724590163934426,35.9126065070957,-47.29416800031399,-1.555952192763799,0.0,0.001145592655846326,-0.00502179543114307,servo_0.388
18.145149265999862,0.38820000000000005,1.0,0.1724590163934426,35.9126065070957,-47.29416800031399,-1.555952192763799,0.0,0.001145592655846326,-0.00502179543114307,servo_0.388
18.147215340000002,0.38820000000000005,1.0,0.1724590163934426,35.9126065070957,-47.29416800031399,-1.555952192763799,0.0,0.001145592655846326,-0.00740194468083365,servo_0.388
18.148834906000047,0.38820000000000005,1.0,0.1724590163934426,35.9126065070957,-47.29416800031399,-1.556000182562858,0.0,-0.0027138200434254395,-0.00740194468083365,servo_0.388
18.149569998000516,0.38820000000000005,1.0,0.1724590163934426,35.9126065070957,-47.29416800031399,-1.556000182562858,0.0,-0.0027138200434254395,-0.0020230043932372545,servo_0.388
18.152924300999985,0.38820000000000005,1.0,0.1724590163934426,35.9126065070957,-47.29416800031399,-1.556000182562858,0.0,-0.0027138200434254395,0.007838110650293831,servo_0.388
18.15471091100062,0.38820000000000005,1.0,0.1724590163934426,35.9126065070957,-47.29416800031399,-1.5560039333737334,0.0,-0.002506575348368984,0.007838110650293831,servo_0.388
18.15845200900003,0.38820000000000005,1.0,0.1724590163934426,35.9126065070957,-47.29416800031399,-1.5560039333737334,0.0,-0.002506575348368984,0.005581010886235222,servo_0.388
18.160290845000418,0.38820000000000005,1.0,0.1724590163934426,35.9126065070957,-47.29416800031399,-1.5559592637353044,0.0,0.0005968304512298606,0.005581010886235222,servo_0.388
18.163900835000277,0.38820000000000005,1.0,0.1724590163934426,35.9126065070957,-47.29416800031399,-1.5559592637353044,0.0,0.0005968304512298606,-0.0020321976305216942,servo_0.388
18.165539473000536,0.38820000000000005,1.0,0.1724590163934426,35.9126065070957,-47.29416800031399,-1.5559272411894292,0.0,0.002092084581731469,-0.0020321976305216942,servo_0.388
18.169393438000043,0.38820000000000005,1.0,0.1724590163934426,35.9126065070957,-47.29416800031399,-1.5559272411894292,0.0,0.002092084581731469,-0.008107165862094794,servo_0.388
18.171086381999885,0.38820000000000005,1.0,0.1724590163934426,35.9126065070957,-47.29416800031399,-1.5559319383506023,0.0,0.0008547999180555201,-0.008107165862094794,servo_0.388
18.175016829000015,0.38820000000000005,1.0,0.1724590163934426,35.9126065070957,-47.29416800031399,-1.5559319383506023,0.0,0.0008547999180555201,-0.0035384126233743325,servo_0.388
18.17686795300051,0.38820000000000005,1.0,0.1724590163934426,35.9126065070957,-47.29416800031399,-1.5559652161993476,0.0,-0.001833789815989574,-0.0035384126233743325,servo_0.388
18.180609785999877,0.38820000000000005,1.0,0.1724590163934426,35.9126065070957,-47.29416800031399,-1.5559652161993476,0.0,-0.001833789815989574,0.004789210441965331,servo_0.388
18.182425773999967,0.38820000000000005,1.0,0.1724590163934426,35.9126065070957,-47.29416800031399,-1.5559774444380612,0.0,-0.0023451766582050014,0.004789210441965331,servo_0.388
18.186165142999926,0.38820000000000005,1.0,0.1724590163934426,35.9126065070957,-47.29416800031399,-1.5559774444380612,0.0,-0.0023451766582050014,0.003319465671735917,servo_0.388
18.187861415000043,0.38820000000000005,1.0,0.1724590163934426,35.9126065070957,-47.29416800031399,-1.5559477120581149,0.0,-0.00020486052815390176,0.003319465671735917,servo_0.388
18.1915884,0.38820000000000005,1.0,0.1724590163934426,35.9126065070957,-47.29416800031399,-1.5559477120581149,0.0,-0.00020486052815390176,-0.0019592569252009214,servo_0.388
18.193415716000345,0.38820000000000005,1.0,0.1724590163934426,35.9126065070957,-47.29416800031399,-1.5559258932813083,0.0,0.000852437331813044,-0.0019592569252009214,servo_0.388
18.19491972600008,0.38820000000000005,1.0,0.1724590163934426,35.9126065070957,-47.29416800031399,-1.5559258932813083,0.0,0.000852437331813044,-0.0019592569252009214,servo_0.388
18.197747134000565,0.38820000000000005,1.0,0.1724590163934426,35.9126065070957,-47.29416800031399,-1.5559258932813083,0.0,0.000852437331813044,-0.0058456209076698145,servo_0.388
18.199597169999834,0.38820000000000005,1.0,0.1724590163934426,35.9126065070957,-47.29416800031399,-1.5559548857144165,0.0,-0.0017474359340047462,-0.0058456209076698145,servo_0.388
18.200443145999998,0.38820000000000005,1.0,0.1724590163934426,35.9126065070957,-47.29416800031399,-1.5559548857144165,0.0,-0.0017474359340047462,-0.0020230043932372545,servo_0.388
18.202676713000074,0.38820000000000005,1.0,0.1724590163934426,35.9126065070957,-47.29416800031399,-1.5559548857144165,0.0,-0.0017474359340047462,0.004775572144351683,servo_0.388
18.204392442000426,0.38820000000000005,1.0,0.1724590163934426,35.9126065070957,-47.29416800031399,-1.5559589027926017,0.0,-0.0018301064717744986,0.004775572144351683,servo_0.388
18.208868696000536,0.38820000000000005,1.0,0.1724590163934426,35.9126065070957,-47.29416800031399,-1.5559589027926017,0.0,-0.0018301064717744986,0.006982562347876121,servo_0.388
18.210666507000496,0.38820000000000005,1.0,0.1724590163934426,35.9126065070957,-47.29416800031399,-1.5559281301364445,0.0,0.00015159711306335605,0.006982562347876121,servo_0.388
18.21354569200048,0.38820000000000005,1.0,0.1724590163934426,35.9126065070957,-47.29416800031399,-1.5559281301364445,0.0,0.00015159711306335605,-0.0027649983935989966,servo_0.388
18.215160841000397,0.38820000000000005,1.0,0.1724590163934426,35.9126065070957,-47.29416800031399,-1.5558843858590665,0.0,0.0022008866835071853,-0.0027649983935989966,servo_0.388
18.219427777999954,0.38820000000000005,1.0,0.1724590163934426,35.9126065070957,-47.29416800031399,-1.5558843858590665,0.0,0.0022008866835071853,-0.011233150019818876,servo_0.388
18.221474267999838,0.38820000000000005,1.0,0.1724590163934426,35.9126065070957,-47.29416800031399,-1.5558961959224247,0.0,0.0007111211603753307,-0.011233150019818876,servo_0.388
18.22557019099986,0.38820000000000005,1.0,0.1724590163934426,35.9126065070957,-47.29416800031399,-1.5558961959224247,0.0,0.0007111211603753307,-0.0034201107945489445,servo_0.388
18.227734476000478,0.38820000000000005,1.0,0.1724590163934426,35.9126065070957,-47.29416800031399,-1.555937037069446,0.0,-0.002872160193682931,-0.0034201107945489445,servo_0.388
18.23065366300034,0.38820000000000005,1.0,0.1724590163934426,35.9126065070957,-47.29416800031399,-1.555937037069446,0.0,-0.002872160193682931,0.004770823707322126,servo_0.388
18.232451313000638,0.38820000000000005,1.0,0.1724590163934426,35.9126065070957,-47.29416800031399,-1.5559547451300508,0.0,-0.003036545373942735,0.004770823707322126,servo_0.388
18.236499076000655,0.38820000000000005,1.0,0.1724590163934426,35.9126065070957,-47.29416800031399,-1.5559547451300508,0.0,-0.003036545373942735,0.010085714580590628,servo_0.388
18.238506556000175,0.38820000000000005,1.0,0.1724590163934426,35.9126065070957,-47.29416800031399,-1.5559269467845096,0.0,-0.0006943346495632767,0.010085714580590628,servo_0.388
18.24190895599986,0.38820000000000005,1.0,0.1724590163934426,35.9126065070957,-47.29416800031399,-1.5559269467845096,0.0,-0.0006943346495632767,0.00019822980474958326,servo_0.388
18.243869716000518,0.38820000000000005,1.0,0.1724590163934426,35.9126065070957,-47.29416800031399,-1.5558755136789157,0.0,0.002539680119482895,0.00019822980474958326,servo_0.388
18.247266707000563,0.38820000000000005,1.0,0.1724590163934426,35.9126065070957,-47.29416800031399,-1.5558755136789157,0.0,0.002539680119482895,-0.006610144236563758,servo_0.388
18.248963107000236,0.38820000000000005,1.0,0.1724590163934426,35.9126065070957,-47.29416800031399,-1.555859409020279,0.0,0.0018372450250629011,-0.006610144236563758,servo_0.388
18.24998534400038,0.38820000000000005,1.0,0.1724590163934426,35.9126065070957,-47.29416800031399,-1.555859409020279,0.0,0.0018372450250629011,-0.004344154091772408,servo_0.388
18.2517222890001,0.38820000000000005,1.0,0.1724590163934426,35.9126065070957,-47.29416800031399,-1.555859409020279,0.0,0.0018372450250629011,-0.004344154091772408,servo_0.388
18.252875410000343,0.38820000000000005,1.0,0.1724590163934426,35.9126065070957,-47.29416800031399,-1.555859409020279,0.0,0.0018372450250629011,0.0004164470691047059,servo_0.388
18.254295194000406,0.38820000000000005,1.0,0.1724590163934426,35.9126065070957,-47.29416800031399,-1.5559047383341227,0.0,-0.0017911264549292896,0.0004164470691047059,servo_0.388
18.258169286999873,0.38820000000000005,1.0,0.1724590163934426,35.9126065070957,-47.29416800031399,-1.5559047383341227,0.0,-0.0017911264549292896,0.0032877431059192747,servo_0.388
18.25957905500036,0.38820000000000005,1.0,0.1724590163934426,35.9126065070957,-47.29416800031399,-1.5559000964527852,0.0,-0.0011288543977190908,0.0032877431059192747,servo_0.388
18.263736228000198,0.38820000000000005,1.0,0.1724590163934426,35.9126065070957,-47.29416800031399,-1.5559000964527852,0.0,-0.0011288543977190908,-0.002050584235127737,servo_0.388
18.265868608000346,0.38820000000000005,1.0,0.1724590163934426,35.9126065070957,-47.29416800031399,-1.555875727711393,0.0,0.00019612485337241884,-0.002050584235127737,servo_0.388
18.269229151000218,0.38820000000000005,1.0,0.1724590163934426,35.9126065070957,-47.29416800031399,-1.555875727711393,0.0,0.00019612485337241884,-0.00959529658674444,servo_0.388
18.271254711999973,0.38820000000000005,1.0,0.1724590163934426,35.9126065070957,-47.29416800031399,-1.555882645695422,0.0,-0.0004778878731776279,-0.00959529658674444,servo_0.388
18.274607959000605,0.38820000000000005,1.0,0.1724590163934426,35.9126065070957,-47.29416800031399,-1.555882645695422,0.0,-0.0004778878731776279,-0.0028011664098563345,servo_0.388
18.27639159299997,0.38820000000000005,1.0,0.1724590163934426,35.9126065070957,-47.29416800031399,-1.5559259340328113,0.0,-0.003213110487247671,-0.0028011664098563345,servo_0.388
18.28024815000026,0.38820000000000005,1.0,0.1724590163934426,35.9126065070957,-47.29416800031399,-1.5559259340328113,0.0,-0.003213110487247671,0.01151484588412201,servo_0.388
18.281863748000433,0.38820000000000005,1.0,0.1724590163934426,35.9126065070957,-47.29416800031399,-1.5559335285823634,0.0,-0.0030895272640302698,0.01151484588412201,servo_0.388
18.285899829999835,0.38820000000000005,1.0,0.1724590163934426,35.9126065070957,-47.29416800031399,-1.5559335285823634,0.0,-0.0030895272640302698,0.007828917022897904,servo_0.388
18.287399360000563,0.38820000000000005,1.0,0.1724590163934426,35.9126065070957,-47.29416800031399,-1.555869003026406,0.0,0.001291784680415414,0.007828917022897904,servo_0.388
18.291148330000397,0.38820000000000005,1.0,0.1724590163934426,35.9126065070957,-47.29416800031399,-1.555869003026406,0.0,0.001291784680415414,-0.005786318760037015,servo_0.388
18.292664436999985,0.38820000000000005,1.0,0.1724590163934426,35.9126065070957,-47.29416800031399,-1.5558259780645949,0.0,0.0032529243831601606,-0.005786318760037015,servo_0.388
18.296562946999984,0.38820000000000005,1.0,0.1724590163934426,35.9126065070957,-47.29416800031399,-1.5558259780645949,0.0,0.0032529243831601606,-0.009613381115021758,servo_0.388
18.297944330000064,0.38820000000000005,1.0,0.1724590163934426,35.9126065070957,-47.29416800031399,-1.555850036168858,0.0,0.0005411514402010077,-0.009613381115021758,servo_0.388
18.2991687800004,0.38820000000000005,1.0,0.1724590163934426,35.9126065070957,-47.29416800031399,-1.555850036168858,0.0,0.0005411514402010077,-0.009613381115021758,servo_0.388
18.302178208999976,0.38820000000000005,1.0,0.1724590163934426,35.9126065070957,-47.29416800031399,-1.555850036168858,0.0,0.0005411514402010077,-0.0020458361882096676,servo_0.388
18.30402011700062,0.38820000000000005,1.0,0.1724590163934426,35.9126065070957,-47.29416800031399,-1.5558960060216818,0.0,-0.0023673966849189756,-0.0020458361882096676,servo_0.388
18.304773769999883,0.38820000000000005,1.0,0.1724590163934426,35.9126065070957,-47.29416800031399,-1.5558960060216818,0.0,-0.0023673966849189756,0.0025914128255395213,servo_0.388
18.307869889999893,0.38820000000000005,1.0,0.1724590163934426,35.9126065070957,-47.29416800031399,-1.5558960060216818,0.0,-0.0023673966849189756,0.001804057571636001,servo_0.388
18.309355948000302,0.38820000000000005,1.0,0.1724590163934426,35.9126065070957,-47.29416800031399,-1.555879221375172,0.0,-0.0008797538317814264,0.001804057571636001,servo_0.388
18.313359037000737,0.38820000000000005,1.0,0.1724590163934426,35.9126065070957,-47.29416800031399,-1.555879221375172,0.0,-0.0008797538317814264,-0.005818343792293868,servo_0.388
18.315113710000333,0.38820000000000005,1.0,0.1724590163934426,35.9126065070957,-47.29416800031399,-1.5558664566200424,0.0,-7.461041075619817e-05,-0.005818343792293868,servo_0.388
18.31875195700013,0.38820000000000005,1.0,0.1724590163934426,35.9126065070957,-47.29416800031399,-1.5558664566200424,0.0,-7.461041075619817e-05,-0.0058227889826602385,servo_0.388
18.320427268000458,0.38820000000000005,1.0,0.1724590163934426,35.9126065070957,-47.29416800031399,-1.55589151807326,0.0,-0.001797730425217499,-0.0058227889826602385,servo_0.388
18.32433336200029,0.38820000000000005,1.0,0.1724590163934426,35.9126065070957,-47.29416800031399,-1.55589151807326,0.0,-0.001797730425217499,-0.0005212349808624743,servo_0.388
18.325916255000266,0.38820000000000005,1.0,0.1724590163934426,35.9126065070957,-47.29416800031399,-1.5559149150664011,0.0,-0.0030052479924503207,-0.0005212349808624743,servo_0.388
18.329899183000634,0.38820000000000005,1.0,0.1724590163934426,35.9126065070957,-47.29416800031399,-1.5559149150664011,0.0,-0.0030052479924503207,0.004812042366974907,servo_0.388
18.331492891999915,0.38820000000000005,1.0,0.1724590163934426,35.9126065070957,-47.29416800031399,-1.55591064909243,0.0,-0.0022600440889739668,0.004812042366974907,servo_0.388
18.33546500400007,0.38820000000000005,1.0,0.1724590163934426,35.9126065070957,-47.29416800031399,-1.55591064909243,0.0,-0.0022600440889739668,0.004074795633308259,servo_0.388
18.337169340999935,0.38820000000000005,1.0,0.1724590163934426,35.9126065070957,-47.29416800031399,-1.5558814089343638,0.0,-0.00013841815218930474,0.004074795633308259,servo_0.388
18.3420288060006,0.38820000000000005,1.0,0.1724590163934426,35.9126065070957,-47.29416800031399,-1.555857598492124,0.0,0.0011255459834599642,0.004074795633308259,servo_0.388
18.343521456000417,0.38820000000000005,1.0,0.1724590163934426,35.9126065070957,-47.29416800031399,-1.555857598492124,0.0,0.0011255459834599642,-0.002746612179104442,servo_0.388
18.347102677000294,0.38820000000000005,1.0,0.1724590163934426,35.9126065070957,-47.29416800031399,-1.555857598492124,0.0,0.0011255459834599642,-0.008075140829837941,servo_0.388
18.349023435000163,0.38820000000000005,1.0,0.1724590163934426,35.9126065070957,-47.29416800031399,-1.5558682893790314,0.0,-3.610146530935764e-05,-0.008075140829837941,servo_0.388
18.34990160400048,0.38820000000000005,1.0,0.1724590163934426,35.9126065070957,-47.29416800031399,-1.5558682893790314,0.0,-3.610146530935764e-05,-0.0028011664098563345,servo_0.388
18.351385005999873,0.38820000000000005,1.0,0.1724590163934426,35.9126065070957,-47.29416800031399,-1.5558682893790314,0.0,-3.610146530935764e-05,-0.0028011664098563345,servo_0.388
18.35272741100016,0.38820000000000005,1.0,0.1724590163934426,35.9126065070957,-47.29416800031399,-1.5558682893790314,0.0,-3.610146530935764e-05,0.004830126375103576,servo_0.388
18.354250494000553,0.38820000000000005,1.0,0.1724590163934426,35.9126065070957,-47.29416800031399,-1.5559096332305054,0.0,-0.002553819215224453,0.004830126375103576,servo_0.388
18.35821070200018,0.38820000000000005,1.0,0.1724590163934426,35.9126065070957,-47.29416800031399,-1.5559096332305054,0.0,-0.002553819215224453,0.007073587321399888,servo_0.388
18.359793851000177,0.38820000000000005,1.0,0.1724590163934426,35.9126065070957,-47.29416800031399,-1.555882678549433,0.0,-0.00033863553812604405,0.007073587321399888,servo_0.388
18.36387495800045,0.38820000000000005,1.0,0.1724590163934426,35.9126065070957,-47.29416800031399,-1.555882678549433,0.0,-0.00033863553812604405,0.00021126329951997154,servo_0.388
18.365449370000533,0.38820000000000005,1.0,0.1724590163934426,35.9126065070957,-47.29416800031399,-1.5558435297484439,0.0,0.0018850313197317356,0.00021126329951997154,servo_0.388
18.369291079000504,0.38820000000000005,1.0,0.1724590163934426,35.9126065070957,-47.29416800031399,-1.5558435297484439,0.0,0.0018850313197317356,-0.005859259725432112,servo_0.388
18.37084101000073,0.38820000000000005,1.0,0.1724590163934426,35.9126065070957,-47.29416800031399,-1.5558365957525866,0.0,0.0013829009136682063,-0.005859259725432112,servo_0.388
18.37479491400063,0.38820000000000005,1.0,0.1724590163934426,35.9126065070957,-47.29416800031399,-1.5558365957525866,0.0,0.0013829009136682063,-0.003515580698364757,servo_0.388
18.37645425700066,0.38820000000000005,1.0,0.1724590163934426,35.9126065070957,-47.29416800031399,-1.5558598671277561,0.0,-0.0007897472780618893,-0.003515580698364757,servo_0.388
18.380471970000144,0.38820000000000005,1.0,0.1724590163934426,35.9126065070957,-47.29416800031399,-1.5558598671277561,0.0,-0.0007897472780618893,0.004061157075620285,servo_0.388
18.3821819700006,0.38820000000000005,1.0,0.1724590163934426,35.9126065070957,-47.29416800031399,-1.5558731147117577,0.0,-0.0016074973041527495,0.004061157075620285,servo_0.388
18.388201564000155,0.38820000000000005,1.0,0.1724590163934426,35.9126065070957,-47.29416800031399,-1.5558484801409493,0.0,9.30990097791609e-05,0.004061157075620285,servo_0.388
18.389638821000517,0.38820000000000005,1.0,0.1724590163934426,35.9126065070957,-47.29416800031399,-1.5558484801409493,0.0,9.30990097791609e-05,0.003319465671735917,servo_0.388
18.39391122899997,0.38820000000000005,1.0,0.1724590163934426,35.9126065070957,-47.29416800031399,-1.555828100717889,0.0,0.0010610090083661879,0.003319465671735917,servo_0.388
18.394972507000602,0.38820000000000005,1.0,0.1724590163934426,35.9126065070957,-47.29416800031399,-1.555828100717889,0.0,0.0010610090083661879,-0.006505178238911807,servo_0.388
18.396871665000617,0.38820000000000005,1.0,0.1724590163934426,35.9126065070957,-47.29416800031399,-1.555828100717889,0.0,0.0010610090083661879,-0.006505178238911807,servo_0.388
18.400831040999947,0.38820000000000005,1.0,0.1724590163934426,35.9126065070957,-47.29416800031399,-1.5558561697807238,0.0,-0.0012088471658172107,-0.006505178238911807,servo_0.388
18.40194208000048,0.38820000000000005,1.0,0.1724590163934426,35.9126065070957,-47.29416800031399,-1.5558561697807238,0.0,-0.0012088471658172107,-0.008835218968365515,servo_0.388
18.40483099300036,0.38820000000000005,1.0,0.1724590163934426,35.9126065070957,-47.29416800031399,-1.5559040101627009,0.0,-0.0032839894502577,-0.008835218968365515,servo_0.388
18.405831566000415,0.38820000000000005,1.0,0.1724590163934426,35.9126065070957,-47.29416800031399,-1.5559040101627009,0.0,-0.0032839894502577,-0.002787527852168361,servo_0.388
18.407136370000444,0.38820000000000005,1.0,0.1724590163934426,35.9126065070957,-47.29416800031399,-1.5559040101627009,0.0,-0.0032839894502577,0.0055309018458497,servo_0.388
18.409971170000063,0.38820000000000005,1.0,0.1724590163934426,35.9126065070957,-47.29416800031399,-1.5558718969870584,0.0,-0.0006395220614254799,0.0055309018458497,servo_0.388
18.41090633300064,0.38820000000000005,1.0,0.1724590163934426,35.9126065070957,-47.29416800031399,-1.5558718969870584,0.0,-0.0006395220614254799,0.00553534703621607,servo_0.388
18.415486077999958,0.38820000000000005,1.0,0.1724590163934426,35.9126065070957,-47.29416800031399,-1.5558413397358377,0.0,0.001212938667866985,0.00553534703621607,servo_0.388
18.41725860800034,0.38820000000000005,1.0,0.1724590163934426,35.9126065070957,-47.29416800031399,-1.5558413397358377,0.0,0.001212938667866985,-0.002041390997843297,servo_0.388
18.420068959000673,0.38820000000000005,1.0,0.1724590163934426,35.9126065070957,-47.29416800031399,-1.5558413397358377,0.0,0.001212938667866985,-0.005859259725432112,servo_0.388
18.421780368000327,0.38820000000000005,1.0,0.1724590163934426,35.9126065070957,-47.29416800031399,-1.5558481937919468,0.0,0.00023663976815390048,-0.005859259725432112,servo_0.388
18.426281230999848,0.38820000000000005,1.0,0.1724590163934426,35.9126065070957,-47.29416800031399,-1.5558718205151347,0.0,-0.0015921300799219033,-0.005859259725432112,servo_0.388
18.427288042999862,0.38820000000000005,1.0,0.1724590163934426,35.9126065070957,-47.29416800031399,-1.5558718205151347,0.0,-0.0015921300799219033,-0.0027738892944803883,servo_0.388
18.431330269000682,0.38820000000000005,1.0,0.1724590163934426,35.9126065070957,-47.29416800031399,-1.5558718205151347,0.0,-0.0015921300799219033,0.0025914128255395213,servo_0.388
18.432986316000097,0.38820000000000005,1.0,0.1724590163934426,35.9126065070957,-47.29416800031399,-1.555881579915782,0.0,-0.0019466578442894488,0.0025914128255395213,servo_0.388
18.43672808500014,0.38820000000000005,1.0,0.1724590163934426,35.9126065070957,-47.29416800031399,-1.555881579915782,0.0,-0.0019466578442894488,0.00333310422942389,servo_0.388
18.43826192100005,0.38820000000000005,1.0,0.1724590163934426,35.9126065070957,-47.29416800031399,-1.5558654395570897,0.0,-0.0005852366433407578,0.00333310422942389,servo_0.388
18.43900958999984,0.38820000000000005,1.0,0.1724590163934426,35.9126065070957,-47.29416800031399,-1.5558654395570897,0.0,-0.0005852366433407578,-0.005786318760037015,servo_0.388
18.440441790000477,0.38820000000000005,1.0,0.1724590163934426,35.9126065070957,-47.29416800031399,-1.555845719063791,0.0,0.0005902656184886366,-0.005786318760037015,servo_0.388
18.442415190000247,0.38820000000000005,1.0,0.1724590163934426,35.9126065070957,-47.29416800031399,-1.555845719063791,0.0,0.0005902656184886366,-0.008858051413523742,servo_0.388
18.44384483000067,0.38820000000000005,1.0,0.1724590163934426,35.9126065070957,-47.29416800031399,-1.5558702832106146,0.0,-0.0013227096950690588,-0.008858051413523742,servo_0.388
18.44793825800025,0.38820000000000005,1.0,0.1724590163934426,35.9126065070957,-47.29416800031399,-1.5558702832106146,0.0,-0.0013227096950690588,-0.0005304280881097518,servo_0.388
18.449333465000564,0.38820000000000005,1.0,0.1724590163934426,35.9126065070957,-47.29416800031399,-1.5559098724052831,0.0,-0.0035833122106054636,-0.0005304280881097518,servo_0.388
18.453417292000267,0.38820000000000005,1.0,0.1724590163934426,35.9126065070957,-47.29416800031399,-1.5559098724052831,0.0,-0.0035833122106054636,0.004825680664588555,servo_0.388
18.454892310000105,0.38820000000000005,1.0,0.1724590163934426,35.9126065070957,-47.29416800031399,-1.5559071458183968,0.0,-0.00266744697385675,0.004825680664588555,servo_0.388
18.45898602500074,0.38820000000000005,1.0,0.1724590163934426,35.9126065070957,-47.29416800031399,-1.5559071458183968,0.0,-0.00266744697385675,0.0025777742678515484,servo_0.388
18.460636759999943,0.38820000000000005,1.0,0.1724590163934426,35.9126065070957,-47.29416800031399,-1.5558794405977385,0.0,-0.00041950868232315834,0.0025777742678515484,servo_0.388
18.464586918999885,0.38820000000000005,1.0,0.1724590163934426,35.9126065070957,-47.29416800031399,-1.5558794405977385,0.0,-0.00041950868232315834,-0.0035019421406767837,servo_0.388
18.466266135000296,0.38820000000000005,1.0,0.1724590163934426,35.9126065070957,-47.29416800031399,-1.5558627732806964,0.0,0.0004796762027292537,-0.0035019421406767837,servo_0.388
18.470101699000224,0.38820000000000005,1.0,0.1724590163934426,35.9126065070957,-47.29416800031399,-1.5558627732806964,0.0,0.0004796762027292537,-0.008079888746718849,servo_0.388
18.471725680999953,0.38820000000000005,1.0,0.1724590163934426,35.9126065070957,-47.29416800031399,-1.555877308606435,0.0,-0.0007148093002925576,-0.008079888746718849,servo_0.388
18.475773410999864,0.38820000000000005,1.0,0.1724590163934426,35.9126065070957,-47.29416800031399,-1.555877308606435,0.0,-0.0007148093002925576,-0.00126767430162775,servo_0.388
18.477579062000586,0.38820000000000005,1.0,0.1724590163934426,35.9126065070957,-47.29416800031399,-1.5559129767170172,0.0,-0.0029243331342204445,-0.00126767430162775,servo_0.388
18.481466179000563,0.38820000000000005,1.0,0.1724590163934426,35.9126065070957,-47.29416800031399,-1.5559129767170172,0.0,-0.0029243331342204445,0.0077924468002746805,servo_0.388
18.483020014999965,0.38820000000000005,1.0,0.1724590163934426,35.9126065070957,-47.29416800031399,-1.5559155141404806,0.0,-0.0024273354844426363,0.0077924468002746805,servo_0.388
18.487026880000485,0.38820000000000005,1.0,0.1724590163934426,35.9126065070957,-47.29416800031399,-1.5559155141404806,0.0,-0.0024273354844426363,0.004015493745749784,servo_0.388
18.488795281999955,0.38820000000000005,1.0,0.1724590163934426,35.9126065070957,-47.29416800031399,-1.555872905059197,0.0,0.0006385992009725588,0.004015493745749784,servo_0.388
18.489565576000132,0.38820000000000005,1.0,0.1724590163934426,35.9126065070957,-47.29416800031399,-1.555872905059197,0.0,0.0006385992009725588,-0.00431657450995625,servo_0.388
18.491006993000155,0.38820000000000005,1.0,0.1724590163934426,35.9126065070957,-47.29416800031399,-1.555872905059197,0.0,0.0006385992009725588,-0.00431657450995625,servo_0.388
18.492738785000256,0.38820000000000005,1.0,0.1724590163934426,35.9126065070957,-47.29416800031399,-1.555872905059197,0.0,0.0006385992009725588,-0.00806624992895655,servo_0.388
18.494147849,0.38820000000000005,1.0,0.1724590163934426,35.9126065070957,-47.29416800031399,-1.5558652042048595,0.0,-0.0001388050579028664,-0.00806624992895655,servo_0.388
18.498223932000656,0.38820000000000005,1.0,0.1724590163934426,35.9126065070957,-47.29416800031399,-1.5558652042048595,0.0,-0.0001388050579028664,-0.0006623687346974382,servo_0.388
18.499719654000728,0.38820000000000005,1.0,0.1724590163934426,35.9126065070957,-47.29416800031399,-1.5559023016248832,0.0,-0.0025170385192189717,-0.0006623687346974382,servo_0.388
18.503779033000683,0.38820000000000005,1.0,0.1724590163934426,35.9126065070957,-47.29416800031399,-1.5559023016248832,0.0,-0.0025170385192189717,0.010277259321102674,servo_0.388
18.50537680600064,0.38820000000000005,1.0,0.1724590163934426,35.9126065070957,-47.29416800031399,-1.5558948347018795,0.0,-0.0019606375838625116,0.010277259321102674,servo_0.388
18.50913601600041,0.38820000000000005,1.0,0.1724590163934426,35.9126065070957,-47.29416800031399,-1.5558948347018795,0.0,-0.0019606375838625116,0.00785174894790748,servo_0.388
18.510667579000256,0.38820000000000005,1.0,0.1724590163934426,35.9126065070957,-47.29416800031399,-1.5558465478881895,0.0,0.0017107314876270443,0.00785174894790748,servo_0.388
18.514597289999983,0.38820000000000005,1.0,0.1724590163934426,35.9126065070957,-47.29416800031399,-1.5558465478881895,0.0,0.0017107314876270443,-0.002723780254094866,servo_0.388
18.516252121000434,0.38820000000000005,1.0,0.1724590163934426,35.9126065070957,-47.29416800031399,-1.5558049288607882,0.0,0.003553036725711175,-0.002723780254094866,servo_0.388
18.520103973000005,0.38820000000000005,1.0,0.1724590163934426,35.9126065070957,-47.29416800031399,-1.5558049288607882,0.0,0.003553036725711175,-0.008907857727394728,servo_0.388
18.521669810000276,0.38820000000000005,1.0,0.1724590163934426,35.9126065070957,-47.29416800031399,-1.555816389237336,0.0,0.0016699916317693625,-0.008907857727394728,servo_0.388
18.5255151020001,0.38820000000000005,1.0,0.1724590163934426,35.9126065070957,-47.29416800031399,-1.555816389237336,0.0,0.0016699916317693625,-0.005008459339895308,servo_0.388
18.527077258000645,0.38820000000000005,1.0,0.1724590163934426,35.9126065070957,-47.29416800031399,-1.5558513005456573,0.0,-0.0015033631759798648,-0.005008459339895308,servo_0.388
18.53098207200037,0.38820000000000005,1.0,0.1724590163934426,35.9126065070957,-47.29416800031399,-1.5558513005456573,0.0,-0.0015033631759798648,0.0017355620566815988,servo_0.388
18.532607877999908,0.38820000000000005,1.0,0.1724590163934426,35.9126065070957,-47.29416800031399,-1.5558768424431295,0.0,-0.002554892025154498,0.0017355620566815988,servo_0.388
18.53649666000001,0.38820000000000005,1.0,0.1724590163934426,35.9126065070957,-47.29416800031399,-1.5558768424431295,0.0,-0.002554892025154498,0.007046310206023941,servo_0.388
18.538144097999975,0.38820000000000005,1.0,0.1724590163934426,35.9126065070957,-47.29416800031399,-1.5558654359366844,0.0,-0.0012677558006036688,0.007046310206023941,servo_0.388
18.539721519000523,0.38820000000000005,1.0,0.1724590163934426,35.9126065070957,-47.29416800031399,-1.5558654359366844,0.0,-0.0012677558006036688,0.007046310206023941,servo_0.388
18.54196772600062,0.38820000000000005,1.0,0.1724590163934426,35.9126065070957,-47.29416800031399,-1.5558654359366844,0.0,-0.0012677558006036688,0.0009757866446685613,servo_0.388
18.54351602600036,0.38820000000000005,1.0,0.1724590163934426,35.9126065070957,-47.29416800031399,-1.5558159690067404,0.0,0.0011512607943697981,0.0009757866446685613,servo_0.388
18.544362833999912,0.38820000000000005,1.0,0.1724590163934426,35.9126065070957,-47.29416800031399,-1.5558159690067404,0.0,0.0011512607943697981,-0.008125552076589349,servo_0.388
18.54767684700073,0.38820000000000005,1.0,0.1724590163934426,35.9126065070957,-47.29416800031399,-1.5558159690067404,0.0,0.0011512607943697981,-0.00352921925605273,servo_0.388
18.54924834800022,0.38820000000000005,1.0,0.1724590163934426,35.9126065070957,-47.29416800031399,-1.5558531532077706,0.0,-0.001631783066917946,-0.00352921925605273,servo_0.388
18.553110569000637,0.38820000000000005,1.0,0.1724590163934426,35.9126065070957,-47.29416800031399,-1.5558531532077706,0.0,-0.001631783066917946,0.0033514907039927703,servo_0.388
18.554654292000123,0.38820000000000005,1.0,0.1724590163934426,35.9126065070957,-47.29416800031399,-1.5558664967178926,0.0,-0.0022010139236583806,0.0033514907039927703,servo_0.388
18.558523745000457,0.38820000000000005,1.0,0.1724590163934426,35.9126065070957,-47.29416800031399,-1.5558664967178926,0.0,-0.0022010139236583806,0.0033467427871118633,servo_0.388
18.560121774000436,0.38820000000000005,1.0,0.1724590163934426,35.9126065070957,-47.29416800031399,-1.5558456392349578,0.0,-0.0005352625353630355,0.0033467427871118633,servo_0.388
18.564042140999845,0.38820000000000005,1.0,0.1724590163934426,35.9126065070957,-47.29416800031399,-1.5558456392349578,0.0,-0.0005352625353630355,-0.004266465469570728,servo_0.388
18.565583849000177,0.38820000000000005,1.0,0.1724590163934426,35.9126065070957,-47.29416800031399,-1.555826996804678,0.0,0.0006293390613794341,-0.004266465469570728,servo_0.388
18.56943829300053,0.38820000000000005,1.0,0.1724590163934426,35.9126065070957,-47.29416800031399,-1.555826996804678,0.0,0.0006293390613794341,-0.007365474458210426,servo_0.388
18.57097833700027,0.38820000000000005,1.0,0.1724590163934426,35.9126065070957,-47.29416800031399,-1.555845488292354,0.0,-0.0008394022979056146,-0.007365474458210426,servo_0.388
18.57491563200074,0.38820000000000005,1.0,0.1724590163934426,35.9126065070957,-47.29416800031399,-1.555845488292354,0.0,-0.0008394022979056146,-0.0005760917430731595,servo_0.388
18.576520700999936,0.38820000000000005,1.0,0.1724590163934426,35.9126065070957,-47.29416800031399,-1.555877544244168,0.0,-0.0027972239459970578,-0.0005760917430731595,servo_0.388
18.580479117000323,0.38820000000000005,1.0,0.1724590163934426,35.9126065070957,-47.29416800031399,-1.555877544244168,0.0,-0.0027972239459970578,0.005512515631355145,servo_0.388
18.582031609000296,0.38820000000000005,1.0,0.1724590163934426,35.9126065070957,-47.29416800031399,-1.555875796308064,0.0,-0.002130884285119888,0.005512515631355145,servo_0.388
18.586642811000274,0.38820000000000005,1.0,0.1724590163934426,35.9126065070957,-47.29416800031399,-1.5558460006782011,0.0,0.00016213568982262187,0.005512515631355145,servo_0.388
18.58757275700009,0.38820000000000005,1.0,0.1724590163934426,35.9126065070957,-47.29416800031399,-1.5558460006782011,0.0,0.00016213568982262187,0.004092879641436928,servo_0.388
18.591903887000626,0.38820000000000005,1.0,0.1724590163934426,35.9126065070957,-47.29416800031399,-1.5558460006782011,0.0,0.00016213568982262187,-0.0005031509727338055,servo_0.388
18.59360924700013,0.38820000000000005,1.0,0.1724590163934426,35.9126065070957,-47.29416800031399,-1.5558250730184617,0.0,0.0013413588753069135,-0.0005031509727338055,servo_0.388
18.59441723800046,0.38820000000000005,1.0,0.1724590163934426,35.9126065070957,-47.29416800031399,-1.5558250730184617,0.0,0.0013413588753069135,-0.005094736396538168,servo_0.388
18.59606595600053,0.38820000000000005,1.0,0.1724590163934426,35.9126065070957,-47.29416800031399,-1.5558250730184617,0.0,0.0013413588753069135,-0.005094736396538168,servo_0.388
18.59798873100044,0.38820000000000005,1.0,0.1724590163934426,35.9126065070957,-47.29416800031399,-1.5558450942549547,0.0,-0.0009768167743351619,-0.005094736396538168,servo_0.388
18.59880856200016,0.38820000000000005,1.0,0.1724590163934426,35.9126065070957,-47.29416800031399,-1.5558450942549547,0.0,-0.0009768167743351619,-0.002810359517103612,servo_0.388
18.603298545000143,0.38820000000000005,1.0,0.1724590163934426,35.9126065070957,-47.29416800031399,-1.5558450942549547,0.0,-0.0009768167743351619,0.005535649762730607,servo_0.388
18.604967520000173,0.38820000000000005,1.0,0.1724590163934426,35.9126065070957,-47.29416800031399,-1.5558552217749309,0.0,-0.0015268795971656967,0.005535649762730607,servo_0.388
18.60872010500043,0.38820000000000005,1.0,0.1724590163934426,35.9126065070957,-47.29416800031399,-1.5558552217749309,0.0,-0.0015268795971656967,0.0048665965977268,servo_0.388
18.610286230000384,0.38820000000000005,1.0,0.1724590163934426,35.9126065070957,-47.29416800031399,-1.5558218124975591,0.0,0.0005918792108031944,0.0048665965977268,servo_0.388
18.61420317200009,0.38820000000000005,1.0,0.1724590163934426,35.9126065070957,-47.29416800031399,-1.5558218124975591,0.0,0.0005918792108031944,-0.0035247740656863596,servo_0.388
18.615860371000053,0.38820000000000005,1.0,0.1724590163934426,35.9126065070957,-47.29416800031399,-1.5557966102224696,0.0,0.0018742944268802762,-0.0035247740656863596,servo_0.388
18.61943791200065,0.38820000000000005,1.0,0.1724590163934426,35.9126065070957,-47.29416800031399,-1.5557966102224696,0.0,0.0018742944268802762,-0.008871689711137389,servo_0.388
18.621011971999906,0.38820000000000005,1.0,0.1724590163934426,35.9126065070957,-47.29416800031399,-1.5558117374332037,0.0,0.00025457387911028534,-0.008871689711137389,servo_0.388
18.62479313499989,0.38820000000000005,1.0,0.1724590163934426,35.9126065070957,-47.29416800031399,-1.5558117374332037,0.0,0.00025457387911028534,-0.0028512754502418567,servo_0.388
18.62632914599999,0.38820000000000005,1.0,0.1724590163934426,35.9126065070957,-47.29416800031399,-1.5558511117859326,0.0,-0.002483305197964017,-0.0028512754502418567,servo_0.388
18.6301873350003,0.38820000000000005,1.0,0.1724590163934426,35.9126065070957,-47.29416800031399,-1.5558511117859326,0.0,-0.002483305197964017,0.004056711885253915,servo_0.388
18.631805941000493,0.38820000000000005,1.0,0.1724590163934426,35.9126065070957,-47.29416800031399,-1.5558596652332166,0.0,-0.0025936962736473686,0.004056711885253915,servo_0.388
18.635493053000573,0.38820000000000005,1.0,0.1724590163934426,35.9126065070957,-47.29416800031399,-1.5558596652332166,0.0,-0.0025936962736473686,0.005581010886235222,servo_0.388
18.637154284000644,0.38820000000000005,1.0,0.1724590163934426,35.9126065070957,-47.29416800031399,-1.5558351783450024,0.0,-0.0005985738259769837,0.005581010886235222,servo_0.388
18.641076442000667,0.38820000000000005,1.0,0.1724590163934426,35.9126065070957,-47.29416800031399,-1.5558351783450024,0.0,-0.0005985738259769837,-0.00126767430162775,servo_0.388
18.642630213999837,0.38820000000000005,1.0,0.1724590163934426,35.9126065070957,-47.29416800031399,-1.555805150251541,0.0,0.001255301587686678,-0.00126767430162775,servo_0.388
18.646508339999855,0.38820000000000005,1.0,0.1724590163934426,35.9126065070957,-47.29416800031399,-1.555805150251541,0.0,0.001255301587686678,-0.00502179543114307,servo_0.388
18.64818112300054,0.38820000000000005,1.0,0.1724590163934426,35.9126065070957,-47.29416800031399,-1.5558085102753771,0.0,0.0004984088208923496,-0.00502179543114307,servo_0.388
18.65209384100035,0.38820000000000005,1.0,0.1724590163934426,35.9126065070957,-47.29416800031399,-1.5558085102753771,0.0,0.0004984088208923496,-0.0005440666457977249,servo_0.388
18.65380995400028,0.38820000000000005,1.0,0.1724590163934426,35.9126065070957,-47.29416800031399,-1.5558306337448777,0.0,-0.0011576524547182762,-0.0005440666457977249,servo_0.388
18.654744316000688,0.38820000000000005,1.0,0.1724590163934426,35.9126065070957,-47.29416800031399,-1.5558306337448777,0.0,-0.0011576524547182762,0.007023478281014365,servo_0.388
18.65640052300023,0.38820000000000005,1.0,0.1724590163934426,35.9126065070957,-47.29416800031399,-1.5558306337448777,0.0,-0.0011576524547182762,0.007023478281014365,servo_0.388
18.65777812900069,0.38820000000000005,1.0,0.1724590163934426,35.9126065070957,-47.29416800031399,-1.5558306337448777,0.0,-0.0011576524547182762,0.004111266116005808,servo_0.388
18.65945596900019,0.38820000000000005,1.0,0.1724590163934426,35.9126065070957,-47.29416800031399,-1.5557894059839317,0.0,0.0014255397858748322,0.004111266116005808,servo_0.388
18.663374639000722,0.38820000000000005,1.0,0.1724590163934426,35.9126065070957,-47.29416800031399,-1.5557894059839317,0.0,0.0014255397858748322,-0.002737418811782839,servo_0.388
18.665105056000357,0.38820000000000005,1.0,0.1724590163934426,35.9126065070957,-47.29416800031399,-1.5557674295384436,0.0,0.002231257684914125,-0.002737418811782839,servo_0.388
18.668901643000027,0.38820000000000005,1.0,0.1724590163934426,35.9126065070957,-47.29416800031399,-1.5557674295384436,0.0,0.002231257684914125,-0.005831982089907516,servo_0.388
18.67067100500026,0.38820000000000005,1.0,0.1724590163934426,35.9126065070957,-47.29416800031399,-1.5557788571404354,0.0,0.0007406547359050357,-0.005831982089907516,servo_0.388
18.674487113000396,0.38820000000000005,1.0,0.1724590163934426,35.9126065070957,-47.29416800031399,-1.5557788571404354,0.0,0.0007406547359050357,-0.002787527852168361,servo_0.388
18.676293340000484,0.38820000000000005,1.0,0.1724590163934426,35.9126065070957,-47.29416800031399,-1.5558050599482802,0.0,-0.0012311363118387296,-0.002787527852168361,servo_0.388
18.68003962200055,0.38820000000000005,1.0,0.1724590163934426,35.9126065070957,-47.29416800031399,-1.5558050599482802,0.0,-0.0012311363118387296,0.004052266434813219,servo_0.388
18.681712180999966,0.38820000000000005,1.0,0.1724590163934426,35.9126065070957,-47.29416800031399,-1.5558155606185002,0.0,-0.001698053773937619,0.004052266434813219,servo_0.388
18.686187250999865,0.38820000000000005,1.0,0.1724590163934426,35.9126065070957,-47.29416800031399,-1.555790337571329,0.0,2.7042288687632518e-05,0.004052266434813219,servo_0.388
18.68708551600048,0.38820000000000005,1.0,0.1724590163934426,35.9126065070957,-47.29416800031399,-1.555790337571329,0.0,2.7042288687632518e-05,0.004202291089529574,servo_0.388
18.691186624000693,0.38820000000000005,1.0,0.1724590163934426,35.9126065070957,-47.29416800031399,-1.555790337571329,0.0,2.7042288687632518e-05,-0.003552051181062306,servo_0.388
18.69293377700069,0.38820000000000005,1.0,0.1724590163934426,35.9126065070957,-47.29416800031399,-1.555771128470424,0.0,0.0012796169289402148,-0.003552051181062306,servo_0.388
18.696629433999988,0.38820000000000005,1.0,0.1724590163934426,35.9126065070957,-47.29416800031399,-1.555771128470424,0.0,0.0012796169289402148,-0.007351835640448127,servo_0.388
18.698286120000375,0.38820000000000005,1.0,0.1724590163934426,35.9126065070957,-47.29416800031399,-1.5557854951496117,0.0,-0.00016988350406054147,-0.007351835640448127,servo_0.388
18.69993624700055,0.38820000000000005,1.0,0.1724590163934426,35.9126065070957,-47.29416800031399,-1.5557854951496117,0.0,-0.00016988350406054147,-0.007351835640448127,servo_0.388
18.702017362000333,0.38820000000000005,1.0,0.1724590163934426,35.9126065070957,-47.29416800031399,-1.5557854951496117,0.0,-0.00016988350406054147,-0.002091197311714283,servo_0.388
18.703581245999885,0.38820000000000005,1.0,0.1724590163934426,35.9126065070957,-47.29416800031399,-1.5558224740951618,0.0,-0.002254487594998057,-0.002091197311714283,servo_0.388
18.70446418300071,0.38820000000000005,1.0,0.1724590163934426,35.9126065070957,-47.29416800031399,-1.5558224740951618,0.0,-0.002254487594998057,0.00785174894790748,servo_0.388
18.70776680400013,0.38820000000000005,1.0,0.1724590163934426,35.9126065070957,-47.29416800031399,-1.5558224740951618,0.0,-0.002254487594998057,0.003360381344799836,servo_0.388
18.709358561000045,0.38820000000000005,1.0,0.1724590163934426,35.9126065070957,-47.29416800031399,-1.5557811546403215,0.0,0.0007773833678736044,0.003360381344799836,servo_0.388
18.71317633200033,0.38820000000000005,1.0,0.1724590163934426,35.9126065070957,-47.29416800031399,-1.5557811546403215,0.0,0.0007773833678736044,-0.002760250736792415,servo_0.388
18.714748697000687,0.38820000000000005,1.0,0.1724590163934426,35.9126065070957,-47.29416800031399,-1.5557638990475247,0.0,0.0015522827609514738,-0.002760250736792415,servo_0.388
18.718661126999905,0.38820000000000005,1.0,0.1724590163934426,35.9126065070957,-47.29416800031399,-1.5557638990475247,0.0,0.0015522827609514738,-0.007369919648576796,servo_0.388
18.720282261000648,0.38820000000000005,1.0,0.1724590163934426,35.9126065070957,-47.29416800031399,-1.555775766454421,0.0,0.00025852271162830713,-0.007369919648576796,servo_0.388
18.724152738000157,0.38820000000000005,1.0,0.1724590163934426,35.9126065070957,-47.29416800031399,-1.555775766454421,0.0,0.00025852271162830713,-0.002787527852168361,servo_0.388
18.725711693999983,0.38820000000000005,1.0,0.1724590163934426,35.9126065070957,-47.29416800031399,-1.5558072976576818,0.0,-0.002030009996433224,-0.002787527852168361,servo_0.388
18.729592699000023,0.38820000000000005,1.0,0.1724590163934426,35.9126065070957,-47.29416800031399,-1.5558072976576818,0.0,-0.002030009996433224,0.004775572144351683,servo_0.388
18.731159304000357,0.38820000000000005,1.0,0.1724590163934426,35.9126065070957,-47.29416800031399,-1.555818031698301,0.0,-0.002257265353153765,0.004775572144351683,servo_0.388
18.73503006900046,0.38820000000000005,1.0,0.1724590163934426,35.9126065070957,-47.29416800031399,-1.555818031698301,0.0,-0.002257265353153765,0.004024686852997061,servo_0.388
18.73669888400036,0.38820000000000005,1.0,0.1724590163934426,35.9126065070957,-47.29416800031399,-1.5557904499452775,0.0,-0.0001474141039021304,0.004024686852997061,servo_0.388
18.74054971300029,0.38820000000000005,1.0,0.1724590163934426,35.9126065070957,-47.29416800031399,-1.5557904499452775,0.0,-0.0001474141039021304,-0.0004895124150458322,servo_0.388
18.742123644999992,0.38820000000000005,1.0,0.1724590163934426,35.9126065070957,-47.29416800031399,-1.555767431789926,0.0,0.001104216183167627,-0.0004895124150458322,servo_0.388
18.746080973000062,0.38820000000000005,1.0,0.1724590163934426,35.9126065070957,-47.29416800031399,-1.555767431789926,0.0,0.001104216183167627,-0.007315365417824903,servo_0.388
18.74781154900029,0.38820000000000005,1.0,0.1724590163934426,35.9126065070957,-47.29416800031399,-1.5557680626095052,0.0,0.0006260976037035892,-0.007315365417824903,servo_0.388
18.751512933999948,0.38820000000000005,1.0,0.1724590163934426,35.9126065070957,-47.29416800031399,-1.5557680626095052,0.0,0.0006260976037035892,-0.0020230043932372545,servo_0.388
18.753154580000228,0.38820000000000005,1.0,0.1724590163934426,35.9126065070957,-47.29416800031399,-1.5558022428645997,0.0,-0.0017563413027549585,-0.0020230043932372545,servo_0.388
18.756922687000042,0.38820000000000005,1.0,0.1724590163934426,35.9126065070957,-47.29416800031399,-1.5558022428645997,0.0,-0.0017563413027549585,0.005553733770859276,servo_0.388
18.758495499000674,0.38820000000000005,1.0,0.1724590163934426,35.9126065070957,-47.29416800031399,-1.5558092700057786,0.0,-0.0018363402298996472,0.005553733770859276,servo_0.388
18.759295393000684,0.38820000000000005,1.0,0.1724590163934426,35.9126065070957,-47.29416800031399,-1.5558092700057786,0.0,-0.0018363402298996472,0.006313509182872314,servo_0.388
18.760885646000133,0.38820000000000005,1.0,0.1724590163934426,35.9126065070957,-47.29416800031399,-1.5558092700057786,0.0,-0.0018363402298996472,0.006313509182872314,servo_0.388
18.762550749000184,0.38820000000000005,1.0,0.1724590163934426,35.9126065070957,-47.29416800031399,-1.5558092700057786,0.0,-0.0018363402298996472,-0.005058265653766294,servo_0.388
18.764133450000372,0.38820000000000005,1.0,0.1724590163934426,35.9126065070957,-47.29416800031399,-1.5557460184106207,0.0,0.002160530134091315,-0.005058265653766294,servo_0.388
18.769330429000547,0.38820000000000005,1.0,0.1724590163934426,35.9126065070957,-47.29416800031399,-1.555768265081019,0.0,-5.108602265967762e-06,-0.005058265653766294,servo_0.388
18.770317240000622,0.38820000000000005,1.0,0.1724590163934426,35.9126065070957,-47.29416800031399,-1.555768265081019,0.0,-5.108602265967762e-06,-0.00812999778710437,servo_0.388
18.77363775000049,0.38820000000000005,1.0,0.1724590163934426,35.9126065070957,-47.29416800031399,-1.555768265081019,0.0,-5.108602265967762e-06,-0.001299396867444392,servo_0.388
18.77532954200069,0.38820000000000005,1.0,0.1724590163934426,35.9126065070957,-47.29416800031399,-1.5558052545020373,0.0,-0.002442575357717488,-0.001299396867444392,servo_0.388
18.77932277400032,0.38820000000000005,1.0,0.1724590163934426,35.9126065070957,-47.29416800031399,-1.5558052545020373,0.0,-0.002442575357717488,0.007096419246409463,servo_0.388
18.781073480000487,0.38820000000000005,1.0,0.1724590163934426,35.9126065070957,-47.29416800031399,-1.5558070047510735,0.0,-0.002099621810635559,0.007096419246409463,servo_0.388
18.78457959500065,0.38820000000000005,1.0,0.1724590163934426,35.9126065070957,-47.29416800031399,-1.5558070047510735,0.0,-0.002099621810635559,0.006272593249734068,servo_0.388
18.786254554000152,0.38820000000000005,1.0,0.1724590163934426,35.9126065070957,-47.29416800031399,-1.5557693294181778,0.0,0.0006591905064779477,0.006272593249734068,servo_0.388
18.790011108000726,0.38820000000000005,1.0,0.1724590163934426,35.9126065070957,-47.29416800031399,-1.5557693294181778,0.0,0.0006591905064779477,0.0009665935374212839,servo_0.388
18.791671667000628,0.38820000000000005,1.0,0.1724590163934426,35.9126065070957,-47.29416800031399,-1.5557353407654633,0.0,0.0023432113294547838,0.0009665935374212839,servo_0.388
18.7954965429999,0.38820000000000005,1.0,0.1724590163934426,35.9126065070957,-47.29416800031399,-1.5557353407654633,0.0,0.0023432113294547838,-0.007388306383220002,servo_0.388
18.797273105000386,0.38820000000000005,1.0,0.1724590163934426,35.9126065070957,-47.29416800031399,-1.5557278060616575,0.0,0.0019302259918447338,-0.007388306383220002,servo_0.388
18.800990970000385,0.38820000000000005,1.0,0.1724590163934426,35.9126065070957,-47.29416800031399,-1.5557278060616575,0.0,0.0019302259918447338,-0.0028011664098563345,servo_0.388
18.802685002000544,0.38820000000000005,1.0,0.1724590163934426,35.9126065070957,-47.29416800031399,-1.5557612399686631,0.0,-0.0008653337206746866,-0.0028011664098563345,servo_0.388
18.806449076000717,0.38820000000000005,1.0,0.1724590163934426,35.9126065070957,-47.29416800031399,-1.5557612399686631,0.0,-0.0008653337206746866,0.0055902039934825,servo_0.388
18.80817942900012,0.38820000000000005,1.0,0.1724590163934426,35.9126065070957,-47.29416800031399,-1.5557718076531328,0.0,-0.001446083527429181,0.0055902039934825,servo_0.388
18.811899790000098,0.38820000000000005,1.0,0.1724590163934426,35.9126065070957,-47.29416800031399,-1.5557718076531328,0.0,-0.001446083527429181,0.004111266116005808,servo_0.388
18.813518554999973,0.38820000000000005,1.0,0.1724590163934426,35.9126065070957,-47.29416800031399,-1.5557416390334293,0.0,0.0006648027288443231,0.004111266116005808,servo_0.388
18.814324370000577,0.38820000000000005,1.0,0.1724590163934426,35.9126065070957,-47.29416800031399,-1.5557416390334293,0.0,0.0006648027288443231,-0.003565689738750279,servo_0.388
18.815944032000516,0.38820000000000005,1.0,0.1724590163934426,35.9126065070957,-47.29416800031399,-1.5557416390334293,0.0,0.0006648027288443231,-0.003565689738750279,servo_0.388
18.817939672000648,0.38820000000000005,1.0,0.1724590163934426,35.9126065070957,-47.29416800031399,-1.5557351276415945,0.0,0.00011941229986985416,-0.003565689738750279,servo_0.388
18.818759055000555,0.38820000000000005,1.0,0.1724590163934426,35.9126065070957,-47.29416800031399,-1.5557351276415945,0.0,0.00011941229986985416,-0.00812999778710437,servo_0.388
18.82298547800019,0.38820000000000005,1.0,0.1724590163934426,35.9126065070957,-47.29416800031399,-1.5557351276415945,0.0,0.00011941229986985416,-0.0028011664098563345,servo_0.388
18.824650260999988,0.38820000000000005,1.0,0.1724590163934426,35.9126065070957,-47.29416800031399,-1.5557723811139674,0.0,-0.0023554107262224126,-0.0028011664098563345,servo_0.388
18.82851853000011,0.38820000000000005,1.0,0.1724590163934426,35.9126065070957,-47.29416800031399,-1.5557723811139674,0.0,-0.0023554107262224126,0.0055309018458497,servo_0.388
18.8301462240006,0.38820000000000005,1.0,0.1724590163934426,35.9126065070957,-47.29416800031399,-1.555783167258026,0.0,-0.002489137431312589,0.0055309018458497,servo_0.388
18.83394604300065,0.38820000000000005,1.0,0.1724590163934426,35.9126065070957,-47.29416800031399,-1.555783167258026,0.0,-0.002489137431312589,0.006372811330505113,servo_0.388
18.835547241000313,0.38820000000000005,1.0,0.1724590163934426,35.9126065070957,-47.29416800031399,-1.5557533275545405,0.0,-8.312564816390241e-05,0.006372811330505113,servo_0.388
18.839400724999905,0.38820000000000005,1.0,0.1724590163934426,35.9126065070957,-47.29416800031399,-1.5557533275545405,0.0,-8.312564816390241e-05,-0.0005396214554313544,servo_0.388
18.841016707000563,0.38820000000000005,1.0,0.1724590163934426,35.9126065070957,-47.29416800031399,-1.555721270026245,0.0,0.001853655445436802,-0.0005396214554313544,servo_0.388
18.844864336000683,0.38820000000000005,1.0,0.1724590163934426,35.9126065070957,-47.29416800031399,-1.555721270026245,0.0,0.001853655445436802,-0.007429221796209595,servo_0.388
18.846491324999988,0.38820000000000005,1.0,0.1724590163934426,35.9126065070957,-47.29416800031399,-1.5557214671663115,0.0,0.0011356723751763552,-0.007429221796209595,servo_0.388
18.850367339000513,0.38820000000000005,1.0,0.1724590163934426,35.9126065070957,-47.29416800031399,-1.5557214671663115,0.0,0.0011356723751763552,-0.0035929668541262254,servo_0.388
18.852309762000004,0.38820000000000005,1.0,0.1724590163934426,35.9126065070957,-47.29416800031399,-1.5557536112725103,0.0,-0.0014337958762394298,-0.0035929668541262254,servo_0.388
18.8558761660006,0.38820000000000005,1.0,0.1724590163934426,35.9126065070957,-47.29416800031399,-1.5557536112725103,0.0,-0.0014337958762394298,0.0040338799602443395,servo_0.388
18.857552885000587,0.38820000000000005,1.0,0.1724590163934426,35.9126065070957,-47.29416800031399,-1.5557672611693578,0.0,-0.0020815471696054686,0.0040338799602443395,servo_0.388
18.86126563000016,0.38820000000000005,1.0,0.1724590163934426,35.9126065070957,-47.29416800031399,-1.5557672611693578,0.0,-0.0020815471696054686,0.0033102723044143145,servo_0.388
18.862891980000313,0.38820000000000005,1.0,0.1724590163934426,35.9126065070957,-47.29416800031399,-1.5557441206901068,0.0,-0.00024691903065052613,0.0033102723044143145,servo_0.388
18.866763480999907,0.38820000000000005,1.0,0.1724590163934426,35.9126065070957,-47.29416800031399,-1.5557441206901068,0.0,-0.00024691903065052613,-0.002823998074791585,servo_0.388
18.86848679400009,0.38820000000000005,1.0,0.1724590163934426,35.9126065070957,-47.29416800031399,-1.5557265116037022,0.0,0.000820238369868926,-0.002823998074791585,servo_0.388
18.869392771000093,0.38820000000000005,1.0,0.1724590163934426,35.9126065070957,-47.29416800031399,-1.5557265116037022,0.0,0.000820238369868926,-0.006614589426930129,servo_0.388
18.870987631999924,0.38820000000000005,1.0,0.1724590163934426,35.9126065070957,-47.29416800031399,-1.5557265116037022,0.0,0.000820238369868926,-0.006614589426930129,servo_0.388
18.872385208000196,0.38820000000000005,1.0,0.1724590163934426,35.9126065070957,-47.29416800031399,-1.5557265116037022,0.0,0.000820238369868926,-0.0013085899746916694,servo_0.388
18.873998501000642,0.38820000000000005,1.0,0.1724590163934426,35.9126065070957,-47.29416800031399,-1.555767074015853,0.0,-0.0021754996225494976,-0.0013085899746916694,servo_0.388
18.87787934700009,0.38820000000000005,1.0,0.1724590163934426,35.9126065070957,-47.29416800031399,-1.555767074015853,0.0,-0.0021754996225494976,0.007087225619013536,servo_0.388
18.87952969700018,0.38820000000000005,1.0,0.1724590163934426,35.9126065070957,-47.29416800031399,-1.5557701547002853,0.0,-0.001915426728192149,0.007087225619013536,servo_0.388
18.883237130000452,0.38820000000000005,1.0,0.1724590163934426,35.9126065070957,-47.29416800031399,-1.5557701547002853,0.0,-0.001915426728192149,0.0048665965977268,servo_0.388
18.885002428000007,0.38820000000000005,1.0,0.1724590163934426,35.9126065070957,-47.29416800031399,-1.5557338229385251,0.0,0.0007853689759695565,0.0048665965977268,servo_0.388
18.888689444000192,0.38820000000000005,1.0,0.1724590163934426,35.9126065070957,-47.29416800031399,-1.5557338229385251,0.0,0.0007853689759695565,-0.002787527852168361,servo_0.388
18.89035835499999,0.38820000000000005,1.0,0.1724590163934426,35.9126065070957,-47.29416800031399,-1.555709688788915,0.0,0.0020097372624967294,-0.002787527852168361,servo_0.388
18.894125628999973,0.38820000000000005,1.0,0.1724590163934426,35.9126065070957,-47.29416800031399,-1.555709688788915,0.0,0.0020097372624967294,-0.0036113533286951053,servo_0.388
18.895823437000217,0.38820000000000005,1.0,0.1724590163934426,35.9126065070957,-47.29416800031399,-1.5557213542722965,0.0,0.0005705577280972022,-0.0036113533286951053,servo_0.388
18.899557046000155,0.38820000000000005,1.0,0.1724590163934426,35.9126065070957,-47.29416800031399,-1.5557213542722965,0.0,0.0005705577280972022,-0.0005031509727338055,servo_0.388
18.901248326000314,0.38820000000000005,1.0,0.1724590163934426,35.9126065070957,-47.29416800031399,-1.5557366306359812,0.0,-0.00068401558894049,-0.0005031509727338055,servo_0.388
18.90496571099993,0.38820000000000005,1.0,0.1724590163934426,35.9126065070957,-47.29416800031399,-1.5557366306359812,0.0,-0.00068401558894049,0.006309063992505943,servo_0.388
18.906629054000405,0.38820000000000005,1.0,0.1724590163934426,35.9126065070957,-47.29416800031399,-1.555737568357998,0.0,-0.0006297562040784846,0.006309063992505943,servo_0.388
18.91041252100058,0.38820000000000005,1.0,0.1724590163934426,35.9126065070957,-47.29416800031399,-1.555737568357998,0.0,-0.0006297562040784846,0.004088434451070557,servo_0.388
18.912139193000257,0.38820000000000005,1.0,0.1724590163934426,35.9126065070957,-47.29416800031399,-1.5557047749119575,0.0,0.0014518898548968437,0.004088434451070557,servo_0.388
18.915849666000213,0.38820000000000005,1.0,0.1724590163934426,35.9126065070957,-47.29416800031399,-1.5557047749119575,0.0,0.0014518898548968437,-0.0012768676689493526,servo_0.388
18.91751284900056,0.38820000000000005,1.0,0.1724590163934426,35.9126065070957,-47.29416800031399,-1.5556841624202113,0.0,0.0022428532337489576,-0.0012768676689493526,servo_0.388
18.921273466999992,0.38820000000000005,1.0,0.1724590163934426,35.9126065070957,-47.29416800031399,-1.5556841624202113,0.0,0.0022428532337489576,-0.005117567801399094,servo_0.388
18.922914665000462,0.38820000000000005,1.0,0.1724590163934426,35.9126065070957,-47.29416800031399,-1.5556896204228576,0.0,0.0011869369629394645,-0.005117567801399094,servo_0.388
18.92670066000028,0.38820000000000005,1.0,0.1724590163934426,35.9126065070957,-47.29416800031399,-1.5556896204228576,0.0,0.0011869369629394645,0.0002020701922726941,servo_0.388
18.928415141000187,0.38820000000000005,1.0,0.1724590163934426,35.9126065070957,-47.29416800031399,-1.5557125728089845,0.0,-0.0007044144663621029,0.0002020701922726941,servo_0.388
18.9292413080002,0.38820000000000005,1.0,0.1724590163934426,35.9126065070957,-47.29416800031399,-1.5557125728089845,0.0,-0.0007044144663621029,0.006295425174743644,servo_0.388
18.930793352000364,0.38820000000000005,1.0,0.1724590163934426,35.9126065070957,-47.29416800031399,-1.5557125728089845,0.0,-0.0007044144663621029,0.006295425174743644,servo_0.388
18.932829600999867,0.38820000000000005,1.0,0.1724590163934426,35.9126065070957,-47.29416800031399,-1.5556762873539312,0.0,0.0015858992042829287,0.006295425174743644,servo_0.388
18.933713465999972,0.38820000000000005,1.0,0.1724590163934426,35.9126065070957,-47.29416800031399,-1.5556762873539312,0.0,0.0015858992042829287,0.006295425174743644,servo_0.388
18.937800461000734,0.38820000000000005,1.0,0.1724590163934426,35.9126065070957,-47.29416800031399,-1.5556762873539312,0.0,0.0015858992042829287,-0.003515580698364757,servo_0.388
18.93947270100034,0.38820000000000005,1.0,0.1724590163934426,35.9126065070957,-47.29416800031399,-1.5556429757113015,0.0,0.002998756995421143,-0.003515580698364757,servo_0.388
18.943251878999945,0.38820000000000005,1.0,0.1724590163934426,35.9126065070957,-47.29416800031399,-1.5556429757113015,0.0,0.002998756995421143,-0.004362238099901077,servo_0.388
18.94491391000065,0.38820000000000005,1.0,0.1724590163934426,35.9126065070957,-47.29416800031399,-1.5556591871281948,0.0,0.0010444556872853728,-0.004362238099901077,servo_0.388
18.948716545000025,0.38820000000000005,1.0,0.1724590163934426,35.9126065070957,-47.29416800031399,-1.5556591871281948,0.0,0.0010444556872853728,-0.0005304280881097518,servo_0.388
18.950355280000622,0.38820000000000005,1.0,0.1724590163934426,35.9126065070957,-47.29416800031399,-1.555678936799418,0.0,-0.0005775524488705621,-0.0005304280881097518,servo_0.388
18.95414236200031,0.38820000000000005,1.0,0.1724590163934426,35.9126065070957,-47.29416800031399,-1.555678936799418,0.0,-0.0005775524488705621,0.004834874291984483,servo_0.388
18.955838601999858,0.38820000000000005,1.0,0.1724590163934426,35.9126065070957,-47.29416800031399,-1.5556791446366698,0.0,-0.000563415140642319,0.004834874291984483,servo_0.388
18.959555123000428,0.38820000000000005,1.0,0.1724590163934426,35.9126065070957,-47.29416800031399,-1.5556791446366698,0.0,-0.000563415140642319,0.00333310422942389,servo_0.388
18.96127130000059,0.38820000000000005,1.0,0.1724590163934426,35.9126065070957,-47.29416800031399,-1.5556530468172933,0.0,0.0010560716891457216,0.00333310422942389,servo_0.388
18.964995021000504,0.38820000000000005,1.0,0.1724590163934426,35.9126065070957,-47.29416800031399,-1.5556530468172933,0.0,0.0010560716891457216,-0.0028059143267372415,servo_0.388
18.9666438990007,0.38820000000000005,1.0,0.1724590163934426,35.9126065070957,-47.29416800031399,-1.5556356477227307,0.0,0.001739181451229172,-0.0028059143267372415,servo_0.388
18.970475463000184,0.38820000000000005,1.0,0.1724590163934426,35.9126065070957,-47.29416800031399,-1.5556356477227307,0.0,0.001739181451229172,-0.0058091506850465905,servo_0.388
18.972175511000387,0.38820000000000005,1.0,0.1724590163934426,35.9126065070957,-47.29416800031399,-1.5556488890737008,0.0,0.0003756527178392481,-0.0058091506850465905,servo_0.388
18.97614730300029,0.38820000000000005,1.0,0.1724590163934426,35.9126065070957,-47.29416800031399,-1.5556488890737008,0.0,0.0003756527178392481,-0.0020823066709072164,servo_0.388
18.977957306000462,0.38820000000000005,1.0,0.1724590163934426,35.9126065070957,-47.29416800031399,-1.555676586284528,0.0,-0.0014797883030265035,-0.0020823066709072164,servo_0.388
18.981598401000156,0.38820000000000005,1.0,0.1724590163934426,35.9126065070957,-47.29416800031399,-1.555676586284528,0.0,-0.0014797883030265035,0.005567372588621574,servo_0.388
18.98372271700009,0.38820000000000005,1.0,0.1724590163934426,35.9126065070957,-47.29416800031399,-1.5556846785076102,0.0,-0.0016605438133907174,0.005567372588621574,servo_0.388
18.98717379000027,0.38820000000000005,1.0,0.1724590163934426,35.9126065070957,-47.29416800031399,-1.5556846785076102,0.0,-0.0016605438133907174,0.004088434451070557,servo_0.388
18.98918802300068,0.38820000000000005,1.0,0.1724590163934426,35.9126065070957,-47.29416800031399,-1.5556556363567733,0.0,0.0005078311072129701,0.004088434451070557,servo_0.388
18.99014709000039,0.38820000000000005,1.0,0.1724590163934426,35.9126065070957,-47.29416800031399,-1.5556556363567733,0.0,0.0005078311072129701,-0.00431657450995625,servo_0.388
18.991852930000277,0.38820000000000005,1.0,0.1724590163934426,35.9126065070957,-47.29416800031399,-1.5556353096761402,0.0,0.0015820121103702462,-0.00431657450995625,servo_0.388
18.993804376999833,0.38820000000000005,1.0,0.1724590163934426,35.9126065070957,-47.29416800031399,-1.5556550301225152,0.0,-0.00018756387572770256,-0.00431657450995625,servo_0.388
18.994669202000296,0.38820000000000005,1.0,0.1724590163934426,35.9126065070957,-47.29416800031399,-1.5556550301225152,0.0,-0.00018756387572770256,-0.007379112755824074,servo_0.388
18.998394139000084,0.38820000000000005,1.0,0.1724590163934426,35.9126065070957,-47.29416800031399,-1.5556550301225152,0.0,-0.00018756387572770256,-0.002073113303585614,servo_0.388
19.000385938999898,0.38820000000000005,1.0,0.1724590163934426,35.9126065070957,-47.29416800031399,-1.5556893075146891,0.0,-0.002345028539756614,-0.002073113303585614,servo_0.388
19.004034649999994,0.38820000000000005,1.0,0.1724590163934426,35.9126065070957,-47.29416800031399,-1.5556893075146891,0.0,-0.002345028539756614,0.004061157075620285,servo_0.388
19.00578977100031,0.38820000000000005,1.0,0.1724590163934426,35.9126065070957,-47.29416800031399,-1.5556969988306757,0.0,-0.002263453968905314,0.004061157075620285,servo_0.388
19.009385777000716,0.38820000000000005,1.0,0.1724590163934426,35.9126065070957,-47.29416800031399,-1.5556969988306757,0.0,-0.002263453968905314,0.004839319482350854,servo_0.388
19.011083905000305,0.38820000000000005,1.0,0.1724590163934426,35.9126065070957,-47.29416800031399,-1.5556757950553373,0.0,-0.0003660706555476342,0.004839319482350854,servo_0.388
19.01483108299999,0.38820000000000005,1.0,0.1724590163934426,35.9126065070957,-47.29416800031399,-1.5556757950553373,0.0,-0.0003660706555476342,-0.001354253564636496,servo_0.388
19.016643582000142,0.38820000000000005,1.0,0.1724590163934426,35.9126065070957,-47.29416800031399,-1.5556511559415642,0.0,0.0011955463858219122,-0.001354253564636496,servo_0.388
19.020349318000626,0.38820000000000005,1.0,0.1724590163934426,35.9126065070957,-47.29416800031399,-1.5556511559415642,0.0,0.0011955463858219122,-0.00665580808658291,servo_0.388
19.022046038000553,0.38820000000000005,1.0,0.1724590163934426,35.9126065070957,-47.29416800031399,-1.5556553131246882,0.0,0.00043060640068438974,-0.00665580808658291,servo_0.388
19.025767838999855,0.38820000000000005,1.0,0.1724590163934426,35.9126065070957,-47.29416800031399,-1.5556553131246882,0.0,0.00043060640068438974,-0.00352921925605273,servo_0.388
19.027486224000313,0.38820000000000005,1.0,0.1724590163934426,35.9126065070957,-47.29416800031399,-1.5556868157063266,0.0,-0.0016953179454958004,-0.00352921925605273,servo_0.388
19.03112338200026,0.38820000000000005,1.0,0.1724590163934426,35.9126065070957,-47.29416800031399,-1.5556868157063266,0.0,-0.0016953179454958004,0.008588995161425477,servo_0.388
19.032820998000716,0.38820000000000005,1.0,0.1724590163934426,35.9126065070957,-47.29416800031399,-1.5557030426305627,0.0,-0.0022454883386628793,0.008588995161425477,servo_0.388
19.03663288200005,0.38820000000000005,1.0,0.1724590163934426,35.9126065070957,-47.29416800031399,-1.5557030426305627,0.0,-0.0022454883386628793,0.004839319482350854,servo_0.388
19.038318657000673,0.38820000000000005,1.0,0.1724590163934426,35.9126065070957,-47.29416800031399,-1.5556586350844657,0.0,0.0010048567113636279,0.004839319482350854,servo_0.388
19.03995515099996,0.38820000000000005,1.0,0.1724590163934426,35.9126065070957,-47.29416800031399,-1.5556586350844657,0.0,0.0010048567113636279,0.004839319482350854,servo_0.388
19.042081131000486,0.38820000000000005,1.0,0.1724590163934426,35.9126065070957,-47.29416800031399,-1.5556586350844657,0.0,0.0010048567113636279,-0.003515580698364757,servo_0.388
19.043768763000116,0.38820000000000005,1.0,0.1724590163934426,35.9126065070957,-47.29416800031399,-1.555650890966539,0.0,0.00045396267035242984,-0.003515580698364757,servo_0.388
19.04459016200053,0.38820000000000005,1.0,0.1724590163934426,35.9126065070957,-47.29416800031399,-1.555650890966539,0.0,0.00045396267035242984,-0.008084333937085218,servo_0.388
19.047912624000674,0.38820000000000005,1.0,0.1724590163934426,35.9126065070957,-47.29416800031399,-1.555650890966539,0.0,0.00045396267035242984,-0.0020230043932372545,servo_0.388
19.049555614000383,0.38820000000000005,1.0,0.1724590163934426,35.9126065070957,-47.29416800031399,-1.5556892856351485,0.0,-0.002107526311878864,-0.0020230043932372545,servo_0.388
19.05328141500013,0.38820000000000005,1.0,0.1724590163934426,35.9126065070957,-47.29416800031399,-1.5556892856351485,0.0,-0.002107526311878864,0.007073587321399888,servo_0.388
19.054878515999917,0.38820000000000005,1.0,0.1724590163934426,35.9126065070957,-47.29416800031399,-1.5556980626500532,0.0,-0.0020821697362863813,0.007073587321399888,servo_0.388
19.058718273000522,0.38820000000000005,1.0,0.1724590163934426,35.9126065070957,-47.29416800031399,-1.5556980626500532,0.0,-0.0020821697362863813,0.002541303785153999,servo_0.388
19.06038446399998,0.38820000000000005,1.0,0.1724590163934426,35.9126065070957,-47.29416800031399,-1.555662114684764,0.0,0.0006645573810194995,0.002541303785153999,servo_0.388
19.064241789000334,0.38820000000000005,1.0,0.1724590163934426,35.9126065070957,-47.29416800031399,-1.555662114684764,0.0,0.0006645573810194995,-0.0028011664098563345,servo_0.388
19.065874571000677,0.38820000000000005,1.0,0.1724590163934426,35.9126065070957,-47.29416800031399,-1.5556481819583776,0.0,0.0012275813022598493,-0.0028011664098563345,servo_0.388
19.069624372000362,0.38820000000000005,1.0,0.1724590163934426,35.9126065070957,-47.29416800031399,-1.5556481819583776,0.0,0.0012275813022598493,-0.006623783054326057,servo_0.388
19.07124582600045,0.38820000000000005,1.0,0.1724590163934426,35.9126065070957,-47.29416800031399,-1.5556603866003604,0.0,1.895698862499403e-05,-0.006623783054326057,servo_0.388
19.075041165000584,0.38820000000000005,1.0,0.1724590163934426,35.9126065070957,-47.29416800031399,-1.5556603866003604,0.0,1.895698862499403e-05,-0.004280104027258701,servo_0.388
19.07668601200021,0.38820000000000005,1.0,0.1724590163934426,35.9126065070957,-47.29416800031399,-1.5556918488053002,0.0,-0.001973865024260321,-0.004280104027258701,servo_0.388
19.080577033000736,0.38820000000000005,1.0,0.1724590163934426,35.9126065070957,-47.29416800031399,-1.5556918488053002,0.0,-0.001973865024260321,0.004816487557341278,servo_0.388
19.082181175000187,0.38820000000000005,1.0,0.1724590163934426,35.9126065070957,-47.29416800031399,-1.5557124204954835,0.0,-0.002665736725159835,0.004816487557341278,servo_0.388
19.08603968300031,0.38820000000000005,1.0,0.1724590163934426,35.9126065070957,-47.29416800031399,-1.5557124204954835,0.0,-0.002665736725159835,0.0025549423428419724,servo_0.388
19.08761716800018,0.38820000000000005,1.0,0.1724590163934426,35.9126065070957,-47.29416800031399,-1.5556884563686981,0.0,-0.00042106944040950123,0.0025549423428419724,servo_0.388
19.091455964000488,0.38820000000000005,1.0,0.1724590163934426,35.9126065070957,-47.29416800031399,-1.5556884563686981,0.0,-0.00042106944040950123,-0.0020230043932372545,servo_0.388
19.09313566000037,0.38820000000000005,1.0,0.1724590163934426,35.9126065070957,-47.29416800031399,-1.555674956576239,0.0,0.00047173409456594093,-0.0020230043932372545,servo_0.388
19.094645398000466,0.38820000000000005,1.0,0.1724590163934426,35.9126065070957,-47.29416800031399,-1.555674956576239,0.0,0.00047173409456594093,-0.0020230043932372545,servo_0.388
19.09686568500001,0.38820000000000005,1.0,0.1724590163934426,35.9126065070957,-47.29416800031399,-1.555674956576239,0.0,0.00047173409456594093,-0.005859259725432112,servo_0.388
19.098412225000175,0.38820000000000005,1.0,0.1724590163934426,35.9126065070957,-47.29416800031399,-1.5557114949212372,0.0,-0.001951459133872146,-0.005859259725432112,servo_0.388
19.099218231000123,0.38820000000000005,1.0,0.1724590163934426,35.9126065070957,-47.29416800031399,-1.5557114949212372,0.0,-0.001951459133872146,-0.002814804967544308,servo_0.388
19.102612534999935,0.38820000000000005,1.0,0.1724590163934426,35.9126065070957,-47.29416800031399,-1.5557114949212372,0.0,-0.001951459133872146,0.004825680664588555,servo_0.388
19.10427885399986,0.38820000000000005,1.0,0.1724590163934426,35.9126065070957,-47.29416800031399,-1.5557234064303265,0.0,-0.0022104628839737946,0.004825680664588555,servo_0.388
19.10816920400066,0.38820000000000005,1.0,0.1724590163934426,35.9126065070957,-47.29416800031399,-1.5557234064303265,0.0,-0.0022104628839737946,0.004848512589598131,servo_0.388
19.109781473000112,0.38820000000000005,1.0,0.1724590163934426,35.9126065070957,-47.29416800031399,-1.555698689033755,0.0,-9.96198194050898e-05,0.004848512589598131,servo_0.388
19.11346554500051,0.38820000000000005,1.0,0.1724590163934426,35.9126065070957,-47.29416800031399,-1.555698689033755,0.0,-9.96198194050898e-05,-0.006459817115407192,servo_0.388
19.115114936000282,0.38820000000000005,1.0,0.1724590163934426,35.9126065070957,-47.29416800031399,-1.5556740291325455,0.0,0.0013848199032958763,-0.006459817115407192,servo_0.388
19.118869089999862,0.38820000000000005,1.0,0.1724590163934426,35.9126065070957,-47.29416800031399,-1.5556740291325455,0.0,0.0013848199032958763,-0.00898110089915571,servo_0.388
19.120519951999995,0.38820000000000005,1.0,0.1724590163934426,35.9126065070957,-47.29416800031399,-1.5557082850132107,0.0,-0.0009685712023150443,-0.00898110089915571,servo_0.388
19.124685446000512,0.38820000000000005,1.0,0.1724590163934426,35.9126065070957,-47.29416800031399,-1.5557498872139306,0.0,-0.003372330111367244,-0.00898110089915571,servo_0.388
19.125482876000206,0.38820000000000005,1.0,0.1724590163934426,35.9126065070957,-47.29416800031399,-1.5557498872139306,0.0,-0.003372330111367244,0.00025217897258389107,servo_0.388
19.12986130399986,0.38820000000000005,1.0,0.1724590163934426,35.9126065070957,-47.29416800031399,-1.5557498872139306,0.0,-0.003372330111367244,0.006323005016634127,servo_0.388
19.131427140000596,0.38820000000000005,1.0,0.1724590163934426,35.9126065070957,-47.29416800031399,-1.555748728252258,0.0,-0.0022849773861819034,0.006323005016634127,servo_0.388
19.135329073999856,0.38820000000000005,1.0,0.1724590163934426,35.9126065070957,-47.29416800031399,-1.555748728252258,0.0,-0.0022849773861819034,0.005658397041996691,servo_0.388
19.136967680000453,0.38820000000000005,1.0,0.1724590163934426,35.9126065070957,-47.29416800031399,-1.5557146927682914,0.0,0.0002974173346629056,0.005658397041996691,servo_0.388
19.140794188000655,0.38820000000000005,1.0,0.1724590163934426,35.9126065070957,-47.29416800031399,-1.5557146927682914,0.0,0.0002974173346629056,-0.005067458761013571,servo_0.388
19.142371225000716,0.38820000000000005,1.0,0.1724590163934426,35.9126065070957,-47.29416800031399,-1.5556885734413286,0.0,0.0019057112468630411,-0.005067458761013571,servo_0.388
19.146386121999967,0.38820000000000005,1.0,0.1724590163934426,35.9126065070957,-47.29416800031399,-1.5556885734413286,0.0,0.0019057112468630411,-0.008093527564481146,servo_0.388
19.148120443000153,0.38820000000000005,1.0,0.1724590163934426,35.9126065070957,-47.29416800031399,-1.555713422897047,0.0,-0.0001862397554999427,-0.008093527564481146,servo_0.388
19.15162412600057,0.38820000000000005,1.0,0.1724590163934426,35.9126065070957,-47.29416800031399,-1.555713422897047,0.0,-0.0001862397554999427,-0.0012721197520684457,servo_0.388
19.153381742999954,0.38820000000000005,1.0,0.1724590163934426,35.9126065070957,-47.29416800031399,-1.5557531160358193,0.0,-0.0025584260981943033,-0.0012721197520684457,servo_0.388
19.15493173899995,0.38820000000000005,1.0,0.1724590163934426,35.9126065070957,-47.29416800031399,-1.5557531160358193,0.0,-0.0025584260981943033,-0.0012721197520684457,servo_0.388
19.157067031000224,0.38820000000000005,1.0,0.1724590163934426,35.9126065070957,-47.29416800031399,-1.5557531160358193,0.0,-0.0025584260981943033,0.007842555840660202,servo_0.388
19.15866157200071,0.38820000000000005,1.0,0.1724590163934426,35.9126065070957,-47.29416800031399,-1.555719739530497,0.0,0.0008319928161484784,0.007842555840660202,servo_0.388
19.159477883000363,0.38820000000000005,1.0,0.1724590163934426,35.9126065070957,-47.29416800031399,-1.555719739530497,0.0,0.0008319928161484784,0.006345534215129167,servo_0.388
19.16272514299999,0.38820000000000005,1.0,0.1724590163934426,35.9126065070957,-47.29416800031399,-1.555719739530497,0.0,0.0008319928161484784,-0.003552051181062306,servo_0.388
19.164400710000336,0.38820000000000005,1.0,0.1724590163934426,35.9126065070957,-47.29416800031399,-1.5556883507766364,0.0,0.002486055235842685,-0.003552051181062306,servo_0.388
19.168214962000093,0.38820000000000005,1.0,0.1724590163934426,35.9126065070957,-47.29416800031399,-1.5556883507766364,0.0,0.002486055235842685,-0.006614589426930129,servo_0.388
19.1698001270006,0.38820000000000005,1.0,0.1724590163934426,35.9126065070957,-47.29416800031399,-1.5557053674652133,0.0,0.0006746233107711875,-0.006614589426930129,servo_0.388
19.173614025999996,0.38820000000000005,1.0,0.1724590163934426,35.9126065070957,-47.29416800031399,-1.5557053674652133,0.0,0.0006746233107711875,0.00019762474183199837,servo_0.388
19.175206390999847,0.38820000000000005,1.0,0.1724590163934426,35.9126065070957,-47.29416800031399,-1.5557367138382203,0.0,-0.0015121405105392072,0.00019762474183199837,servo_0.388
19.179055556000094,0.38820000000000005,1.0,0.1724590163934426,35.9126065070957,-47.29416800031399,-1.5557367138382203,0.0,-0.0015121405105392072,0.0025869673750988256,servo_0.388
19.180709138000566,0.38820000000000005,1.0,0.1724590163934426,35.9126065070957,-47.29416800031399,-1.5557341458511023,0.0,-0.0009992109348278453,0.0025869673750988256,servo_0.388
19.184508477000236,0.38820000000000005,1.0,0.1724590163934426,35.9126065070957,-47.29416800031399,-1.5557341458511023,0.0,-0.0009992109348278453,0.0025914128255395213,servo_0.388
19.186131338999985,0.38820000000000005,1.0,0.1724590163934426,35.9126065070957,-47.29416800031399,-1.5557206929971465,0.0,7.6642558150156e-05,0.0025914128255395213,servo_0.388
19.189933014000417,0.38820000000000005,1.0,0.1724590163934426,35.9126065070957,-47.29416800031399,-1.5557206929971465,0.0,7.6642558150156e-05,-0.00352921925605273,servo_0.388
19.191548580000017,0.38820000000000005,1.0,0.1724590163934426,35.9126065070957,-47.29416800031399,-1.5557080332010833,0.0,0.0008310736383669655,-0.00352921925605273,servo_0.388
19.195379312000114,0.38820000000000005,1.0,0.1724590163934426,35.9126065070957,-47.29416800031399,-1.5557080332010833,0.0,0.0008310736383669655,-0.007365474458210426,servo_0.388
19.19711641699996,0.38820000000000005,1.0,0.1724590163934426,35.9126065070957,-47.29416800031399,-1.5557249316506505,0.0,-0.00047701422995894305,-0.007365474458210426,servo_0.388
19.20079594500021,0.38820000000000005,1.0,0.1724590163934426,35.9126065070957,-47.29416800031399,-1.5557249316506505,0.0,-0.00047701422995894305,-0.003552051181062306,servo_0.388
19.202418327000487,0.38820000000000005,1.0,0.1724590163934426,35.9126065070957,-47.29416800031399,-1.5557609129364853,0.0,-0.0025435522984343876,-0.003552051181062306,servo_0.388
19.2063088040004,0.38820000000000005,1.0,0.1724590163934426,35.9126065070957,-47.29416800031399,-1.5557609129364853,0.0,-0.0025435522984343876,0.004088434451070557,servo_0.388
19.208085015000506,0.38820000000000005,1.0,0.1724590163934426,35.9126065070957,-47.29416800031399,-1.5557780436121826,0.0,-0.002846101963222763,0.004088434451070557,servo_0.388
19.21184313699996,0.38820000000000005,1.0,0.1724590163934426,35.9126065070957,-47.29416800031399,-1.5557780436121826,0.0,-0.002846101963222763,0.00254574897552037,servo_0.388
19.213539471999866,0.38820000000000005,1.0,0.1724590163934426,35.9126065070957,-47.29416800031399,-1.5557583926072556,0.0,-0.0007657410389347668,0.00254574897552037,servo_0.388
19.21434829500049,0.38820000000000005,1.0,0.1724590163934426,35.9126065070957,-47.29416800031399,-1.5557583926072556,0.0,-0.0007657410389347668,-0.002823998074791585,servo_0.388
19.215922643999875,0.38820000000000005,1.0,0.1724590163934426,35.9126065070957,-47.29416800031399,-1.5557583926072556,0.0,-0.0007657410389347668,-0.002823998074791585,servo_0.388
19.217469695000545,0.38820000000000005,1.0,0.1724590163934426,35.9126065070957,-47.29416800031399,-1.5557583926072556,0.0,-0.0007657410389347668,-0.006587312311554182,servo_0.388
19.21902836300069,0.38820000000000005,1.0,0.1724590163934426,35.9126065070957,-47.29416800031399,-1.555759507372448,0.0,-0.0006878052466562335,-0.006587312311554182,servo_0.388
19.22287807200064,0.38820000000000005,1.0,0.1724590163934426,35.9126065070957,-47.29416800031399,-1.555759507372448,0.0,-0.0006878052466562335,-0.002760250736792415,servo_0.388
19.224541223000415,0.38820000000000005,1.0,0.1724590163934426,35.9126065070957,-47.29416800031399,-1.5557919567151022,0.0,-0.002457657366125618,-0.002760250736792415,servo_0.388
19.22850213499987,0.38820000000000005,1.0,0.1724590163934426,35.9126065070957,-47.29416800031399,-1.5557919567151022,0.0,-0.002457657366125618,0.00631825709975322,servo_0.388
19.23034829900007,0.38820000000000005,1.0,0.1724590163934426,35.9126065070957,-47.29416800031399,-1.5558062962313048,0.0,-0.0025484353773256568,0.00631825709975322,servo_0.388
19.233898031000535,0.38820000000000005,1.0,0.1724590163934426,35.9126065070957,-47.29416800031399,-1.5558062962313048,0.0,-0.0025484353773256568,0.004083989000629861,servo_0.388
19.23557119799989,0.38820000000000005,1.0,0.1724590163934426,35.9126065070957,-47.29416800031399,-1.5557744512694536,0.0,0.00011157236579800636,0.004083989000629861,servo_0.388
19.239621071999863,0.38820000000000005,1.0,0.1724590163934426,35.9126065070957,-47.29416800031399,-1.5557744512694536,0.0,0.00011157236579800636,-0.001982088720173335,servo_0.388
19.241517446000216,0.38820000000000005,1.0,0.1724590163934426,35.9126065070957,-47.29416800031399,-1.5557542211910707,0.0,0.0013032973562475626,-0.001982088720173335,servo_0.388
19.244968327000606,0.38820000000000005,1.0,0.1724590163934426,35.9126065070957,-47.29416800031399,-1.5557542211910707,0.0,0.0013032973562475626,-0.006600951129316481,servo_0.388
19.24677055400025,0.38820000000000005,1.0,0.1724590163934426,35.9126065070957,-47.29416800031399,-1.5557652556094488,0.0,0.0003176815333212934,-0.006600951129316481,servo_0.388
19.25038998400032,0.38820000000000005,1.0,0.1724590163934426,35.9126065070957,-47.29416800031399,-1.5557652556094488,0.0,0.0003176815333212934,-0.0005532600131193276,servo_0.388
19.25222718800069,0.38820000000000005,1.0,0.1724590163934426,35.9126065070957,-47.29416800031399,-1.555797381014351,0.0,-0.001757908265470039,-0.0005532600131193276,servo_0.388
19.25591273200007,0.38820000000000005,1.0,0.1724590163934426,35.9126065070957,-47.29416800031399,-1.555797381014351,0.0,-0.001757908265470039,0.004812042366974907,servo_0.388
19.257674221999878,0.38820000000000005,1.0,0.1724590163934426,35.9126065070957,-47.29416800031399,-1.5557994898593752,0.0,-0.0013965137897648256,0.004812042366974907,servo_0.388
19.261254067000664,0.38820000000000005,1.0,0.1724590163934426,35.9126065070957,-47.29416800031399,-1.5557994898593752,0.0,-0.0013965137897648256,0.004839319482350854,servo_0.388
19.263015236000683,0.38820000000000005,1.0,0.1724590163934426,35.9126065070957,-47.29416800031399,-1.5557753498462734,0.0,0.00046605305725709416,0.004839319482350854,servo_0.388
19.26683659199989,0.38820000000000005,1.0,0.1724590163934426,35.9126065070957,-47.29416800031399,-1.5557753498462734,0.0,0.00046605305725709416,-0.005008156613380771,servo_0.388
19.268725732999883,0.38820000000000005,1.0,0.1724590163934426,35.9126065070957,-47.29416800031399,-1.5557518760642723,0.0,0.001778032984785222,-0.005008156613380771,servo_0.388
19.270326931000454,0.38820000000000005,1.0,0.1724590163934426,35.9126065070957,-47.29416800031399,-1.5557775239483214,0.0,-0.00025782389466457605,-0.005008156613380771,servo_0.388
19.27223600800062,0.38820000000000005,1.0,0.1724590163934426,35.9126065070957,-47.29416800031399,-1.5557775239483214,0.0,-0.00025782389466457605,-0.009659043924743609,servo_0.388
19.273882262999905,0.38820000000000005,1.0,0.1724590163934426,35.9126065070957,-47.29416800031399,-1.5558251706771422,0.0,-0.0030781899036882855,-0.009659043924743609,servo_0.388
19.274695950000023,0.38820000000000005,1.0,0.1724590163934426,35.9126065070957,-47.29416800031399,-1.5558251706771422,0.0,-0.0030781899036882855,-0.0028741071151771073,servo_0.388
19.277903015999982,0.38820000000000005,1.0,0.1724590163934426,35.9126065070957,-47.29416800031399,-1.5558251706771422,0.0,-0.0030781899036882855,0.007774362792146011,servo_0.388
19.279574326999864,0.38820000000000005,1.0,0.1724590163934426,35.9126065070957,-47.29416800031399,-1.5558381131099535,0.0,-0.003016965067134932,0.007774362792146011,servo_0.388
19.283339137999974,0.38820000000000005,1.0,0.1724590163934426,35.9126065070957,-47.29416800031399,-1.5558381131099535,0.0,-0.003016965067134932,0.0033102723044143145,servo_0.388
19.28503457700026,0.38820000000000005,1.0,0.1724590163934426,35.9126065070957,-47.29416800031399,-1.5557982824488734,0.0,0.00022043329064935085,0.0033102723044143145,servo_0.388
19.288781242999903,0.38820000000000005,1.0,0.1724590163934426,35.9126065070957,-47.29416800031399,-1.5557982824488734,0.0,0.00022043329064935085,-0.00431657450995625,servo_0.388
19.290393129000222,0.38820000000000005,1.0,0.1724590163934426,35.9126065070957,-47.29416800031399,-1.5557826562513315,0.0,0.0011473849947788398,-0.00431657450995625,servo_0.388
19.294718051000018,0.38820000000000005,1.0,0.1724590163934426,35.9126065070957,-47.29416800031399,-1.5557826562513315,0.0,0.0011473849947788398,-0.00587289802304576,servo_0.388
19.297627124999963,0.38820000000000005,1.0,0.1724590163934426,35.9126065070957,-47.29416800031399,-1.555804050901282,0.0,-0.0004918028566416871,-0.00587289802304576,servo_0.388
19.300529287000245,0.38820000000000005,1.0,0.1724590163934426,35.9126065070957,-47.29416800031399,-1.555804050901282,0.0,-0.0004918028566416871,-0.002059474745897641,servo_0.388
19.30276125399996,0.38820000000000005,1.0,0.1724590163934426,35.9126065070957,-47.29416800031399,-1.5558327103570908,0.0,-0.002106131406562909,-0.002059474745897641,servo_0.388
19.30598384000041,0.38820000000000005,1.0,0.1724590163934426,35.9126065070957,-47.29416800031399,-1.5558327103570908,0.0,-0.002106131406562909,0.004848512589598131,servo_0.388
19.308347363000394,0.38820000000000005,1.0,0.1724590163934426,35.9126065070957,-47.29416800031399,-1.5558428135236173,0.0,-0.0020921344083633287,0.004848512589598131,servo_0.388
19.31118299500031,0.38820000000000005,1.0,0.1724590163934426,35.9126065070957,-47.29416800031399,-1.5558428135236173,0.0,-0.0020921344083633287,0.007096419246409463,servo_0.388
19.31324750100066,0.38820000000000005,1.0,0.1724590163934426,35.9126065070957,-47.29416800031399,-1.5558195806942674,0.0,-9.94030897489076e-06,0.007096419246409463,servo_0.388
19.316589068000212,0.38820000000000005,1.0,0.1724590163934426,35.9126065070957,-47.29416800031399,-1.5558195806942674,0.0,-9.94030897489076e-06,0.00017479307689674775,servo_0.388
19.318415071000345,0.38820000000000005,1.0,0.1724590163934426,35.9126065070957,-47.29416800031399,-1.5557849459947173,0.0,0.0021219675576404154,0.00017479307689674775,servo_0.388
19.321891745000357,0.38820000000000005,1.0,0.1724590163934426,35.9126065070957,-47.29416800031399,-1.5557849459947173,0.0,0.0021219675576404154,-0.0058820911302930375,servo_0.388
19.323670355000104,0.38820000000000005,1.0,0.1724590163934426,35.9126065070957,-47.29416800031399,-1.5557833762916935,0.0,0.001537815213417315,-0.0058820911302930375,servo_0.388
19.327400765000675,0.38820000000000005,1.0,0.1724590163934426,35.9126065070957,-47.29416800031399,-1.5557833762916935,0.0,0.001537815213417315,-0.002823998074791585,servo_0.388
19.329438325999945,0.38820000000000005,1.0,0.1724590163934426,35.9126065070957,-47.29416800031399,-1.5558122947059425,0.0,-0.0006881566896957908,-0.002823998074791585,servo_0.388
19.33074249099991,0.38820000000000005,1.0,0.1724590163934426,35.9126065070957,-47.29416800031399,-1.5558122947059425,0.0,-0.0006881566896957908,0.008579802054178201,servo_0.388
19.33265230500001,0.38820000000000005,1.0,0.1724590163934426,35.9126065070957,-47.29416800031399,-1.5558262621006334,0.0,-0.001328909105224529,0.008579802054178201,servo_0.388
19.33446291600012,0.38820000000000005,1.0,0.1724590163934426,35.9126065070957,-47.29416800031399,-1.555784088109222,0.0,0.00164370424259629,0.008579802054178201,servo_0.388
19.335721254999953,0.38820000000000005,1.0,0.1724590163934426,35.9126065070957,-47.29416800031399,-1.555784088109222,0.0,0.00164370424259629,0.008602634499336426,servo_0.388
19.338465365000047,0.38820000000000005,1.0,0.1724590163934426,35.9126065070957,-47.29416800031399,-1.555784088109222,0.0,0.00164370424259629,-0.005836427800422536,servo_0.388
19.3409694030006,0.38820000000000005,1.0,0.1724590163934426,35.9126065070957,-47.29416800031399,-1.5557418568949657,0.0,0.0037313833196183305,-0.005836427800422536,servo_0.388
19.344060467000418,0.38820000000000005,1.0,0.1724590163934426,35.9126065070957,-47.29416800031399,-1.5557418568949657,0.0,0.0037313833196183305,-0.011105957030037772,servo_0.388
19.34826010500001,0.38820000000000005,1.0,0.1724590163934426,35.9126065070957,-47.29416800031399,-1.5557707043157016,0.0,0.0008610399836060701,-0.011105957030037772,servo_0.388
19.350728495000112,0.38820000000000005,1.0,0.1724590163934426,35.9126065070957,-47.29416800031399,-1.5558267927369254,0.0,-0.002729059120487083,-0.011105957030037772,servo_0.388
19.351592263000384,0.38820000000000005,1.0,0.1724590163934426,35.9126065070957,-47.29416800031399,-1.5558267927369254,0.0,-0.002729059120487083,-0.00280561186029703,servo_0.388
19.356618997000623,0.38820000000000005,1.0,0.1724590163934426,35.9126065070957,-47.29416800031399,-1.5558397824073582,0.0,-0.0027520249424300668,-0.00280561186029703,servo_0.388
19.357575568000357,0.38820000000000005,1.0,0.1724590163934426,35.9126065070957,-47.29416800031399,-1.5558397824073582,0.0,-0.0027520249424300668,0.007110057544023111,servo_0.388
19.360301501000322,0.38820000000000005,1.0,0.1724590163934426,35.9126065070957,-47.29416800031399,-1.5558397824073582,0.0,-0.0027520249424300668,0.007078032511766258,servo_0.388
19.3618863770007,0.38820000000000005,1.0,0.1724590163934426,35.9126065070957,-47.29416800031399,-1.5558052615972209,0.0,0.00020659980350588663,0.007078032511766258,servo_0.388
19.365795415999855,0.38820000000000005,1.0,0.1724590163934426,35.9126065070957,-47.29416800031399,-1.5558052615972209,0.0,0.00020659980350588663,-0.002760250736792415,servo_0.388
19.36739107700032,0.38820000000000005,1.0,0.1724590163934426,35.9126065070957,-47.29416800031399,-1.5557715357579338,0.0,0.0022680296159839977,-0.002760250736792415,servo_0.388
19.371473784000045,0.38820000000000005,1.0,0.1724590163934426,35.9126065070957,-47.29416800031399,-1.5557715357579338,0.0,0.0022680296159839977,-0.010418819856905296,servo_0.388
19.37310071000047,0.38820000000000005,1.0,0.1724590163934426,35.9126065070957,-47.29416800031399,-1.5557865429310962,0.0,0.000759545510151074,-0.010418819856905296,servo_0.388
19.376733420000164,0.38820000000000005,1.0,0.1724590163934426,35.9126065070957,-47.29416800031399,-1.5557865429310962,0.0,0.000759545510151074,-0.0013041447843252989,servo_0.388
19.378319161000036,0.38820000000000005,1.0,0.1724590163934426,35.9126065070957,-47.29416800031399,-1.5558376359698818,0.0,-0.002593964099965837,-0.0013041447843252989,servo_0.388
19.379757153000355,0.38820000000000005,1.0,0.1724590163934426,35.9126065070957,-47.29416800031399,-1.5558376359698818,0.0,-0.002593964099965837,-0.0013041447843252989,servo_0.388
19.382172421000178,0.38820000000000005,1.0,0.1724590163934426,35.9126065070957,-47.29416800031399,-1.5558376359698818,0.0,-0.002593964099965837,0.00333310422942389,servo_0.388
19.38354017200072,0.38820000000000005,1.0,0.1724590163934426,35.9126065070957,-47.29416800031399,-1.5558292863577714,0.0,-0.0005449815448644057,0.00333310422942389,servo_0.388
19.384336578999864,0.38820000000000005,1.0,0.1724590163934426,35.9126065070957,-47.29416800031399,-1.5558292863577714,0.0,-0.0005449815448644057,0.0033239111221766127,servo_0.388
19.387780228000338,0.38820000000000005,1.0,0.1724590163934426,35.9126065070957,-47.29416800031399,-1.5558292863577714,0.0,-0.0005449815448644057,-0.00352921925605273,servo_0.388
19.38922196400017,0.38820000000000005,1.0,0.1724590163934426,35.9126065070957,-47.29416800031399,-1.5558144425065423,0.0,0.0006156862552478998,-0.00352921925605273,servo_0.388
19.393146843000068,0.38820000000000005,1.0,0.1724590163934426,35.9126065070957,-47.29416800031399,-1.5558144425065423,0.0,0.0006156862552478998,-0.00740194468083365,servo_0.388
19.394497665000017,0.38820000000000005,1.0,0.1724590163934426,35.9126065070957,-47.29416800031399,-1.5558326159204354,0.0,-0.000627785398142289,-0.00740194468083365,servo_0.388
19.398736185000416,0.38820000000000005,1.0,0.1724590163934426,35.9126065070957,-47.29416800031399,-1.5558326159204354,0.0,-0.000627785398142289,0.00018843163458472092,servo_0.388
19.400311845000033,0.38820000000000005,1.0,0.1724590163934426,35.9126065070957,-47.29416800031399,-1.5558693692788061,0.0,-0.002660033182949697,0.00018843163458472092,servo_0.388
19.404178354000578,0.38820000000000005,1.0,0.1724590163934426,35.9126065070957,-47.29416800031399,-1.5558693692788061,0.0,-0.002660033182949697,0.007815278725284256,servo_0.388
19.405665916000544,0.38820000000000005,1.0,0.1724590163934426,35.9126065070957,-47.29416800031399,-1.5558686560930952,0.0,-0.0018054937376893714,0.007815278725284256,servo_0.388
19.409552746000372,0.38820000000000005,1.0,0.1724590163934426,35.9126065070957,-47.29416800031399,-1.5558686560930952,0.0,-0.0018054937376893714,0.004088434451070557,servo_0.388
19.410998418000418,0.38820000000000005,1.0,0.1724590163934426,35.9126065070957,-47.29416800031399,-1.5558303484779974,0.0,0.0010807380012027167,0.004088434451070557,servo_0.388
19.41497808300028,0.38820000000000005,1.0,0.1724590163934426,35.9126065070957,-47.29416800031399,-1.5558303484779974,0.0,0.0010807380012027167,-0.005777125652789737,servo_0.388
19.41644167600043,0.38820000000000005,1.0,0.1724590163934426,35.9126065070957,-47.29416800031399,-1.5558117631260944,0.0,0.0019830469361630685,-0.005777125652789737,servo_0.388
19.420950603000165,0.38820000000000005,1.0,0.1724590163934426,35.9126065070957,-47.29416800031399,-1.5558413499690318,0.0,-0.00034500484052277323,-0.005777125652789737,servo_0.388
19.421761986000092,0.38820000000000005,1.0,0.1724590163934426,35.9126065070957,-47.29416800031399,-1.5558413499690318,0.0,-0.00034500484052277323,-0.008120804679857093,servo_0.388
19.426207295000495,0.38820000000000005,1.0,0.1724590163934426,35.9126065070957,-47.29416800031399,-1.5558413499690318,0.0,-0.00034500484052277323,-0.002059474745897641,servo_0.388
19.427777612000682,0.38820000000000005,1.0,0.1724590163934426,35.9126065070957,-47.29416800031399,-1.555881338051552,0.0,-0.002677744792323069,-0.002059474745897641,servo_0.388
19.43174220400033,0.38820000000000005,1.0,0.1724590163934426,35.9126065070957,-47.29416800031399,-1.555881338051552,0.0,-0.002677744792323069,0.005594649703997521,servo_0.388
19.433285031000196,0.38820000000000005,1.0,0.1724590163934426,35.9126065070957,-47.29416800031399,-1.5558920461064514,0.0,-0.0024922637783954403,0.005594649703997521,servo_0.388
19.434812882000188,0.38820000000000005,1.0,0.1724590163934426,35.9126065070957,-47.29416800031399,-1.5558920461064514,0.0,-0.0024922637783954403,0.005594649703997521,servo_0.388
19.4370865460005,0.38820000000000005,1.0,0.1724590163934426,35.9126065070957,-47.29416800031399,-1.5558920461064514,0.0,-0.0024922637783954403,0.005594649703997521,servo_0.388
19.438679743000648,0.38820000000000005,1.0,0.1724590163934426,35.9126065070957,-47.29416800031399,-1.5558400773528713,0.0,0.0016320620976249698,0.005594649703997521,servo_0.388
19.439474582000003,0.38820000000000005,1.0,0.1724590163934426,35.9126065070957,-47.29416800031399,-1.5558400773528713,0.0,0.0016320620976249698,-0.0035384126233743325,servo_0.388
19.442779283000164,0.38820000000000005,1.0,0.1724590163934426,35.9126065070957,-47.29416800031399,-1.5558400773528713,0.0,0.0016320620976249698,-0.008102720671728424,servo_0.388
19.44438390400046,0.38820000000000005,1.0,0.1724590163934426,35.9126065070957,-47.29416800031399,-1.5558589666072997,0.0,8.091968132517904e-05,-0.008102720671728424,servo_0.388
19.448255149000033,0.38820000000000005,1.0,0.1724590163934426,35.9126065070957,-47.29416800031399,-1.5558589666072997,0.0,8.091968132517904e-05,-0.0020458361882096676,servo_0.388
19.449877914999888,0.38820000000000005,1.0,0.1724590163934426,35.9126065070957,-47.29416800031399,-1.5559006911275914,0.0,-0.0023741724245909014,-0.0020458361882096676,servo_0.388
19.4537014790003,0.38820000000000005,1.0,0.1724590163934426,35.9126065070957,-47.29416800031399,-1.5559006911275914,0.0,-0.0023741724245909014,0.00631825709975322,servo_0.388
19.45524645000023,0.38820000000000005,1.0,0.1724590163934426,35.9126065070957,-47.29416800031399,-1.555911710310436,0.0,-0.002275671553676531,0.00631825709975322,servo_0.388
19.459174016999896,0.38820000000000005,1.0,0.1724590163934426,35.9126065070957,-47.29416800031399,-1.555911710310436,0.0,-0.002275671553676531,0.00480284925972763,servo_0.388
19.460799247000068,0.38820000000000005,1.0,0.1724590163934426,35.9126065070957,-47.29416800031399,-1.5558808682033611,0.0,0.0003025070423523942,0.00480284925972763,servo_0.388
19.46461801100031,0.38820000000000005,1.0,0.1724590163934426,35.9126065070957,-47.29416800031399,-1.5558808682033611,0.0,0.0003025070423523942,-0.005094736396538168,servo_0.388
19.46617568700003,0.38820000000000005,1.0,0.1724590163934426,35.9126065070957,-47.29416800031399,-1.5558581955085606,0.0,0.0016526097075649647,-0.005094736396538168,servo_0.388
19.47005461200024,0.38820000000000005,1.0,0.1724590163934426,35.9126065070957,-47.29416800031399,-1.5558581955085606,0.0,0.0016526097075649647,-0.008157274902480317,servo_0.388
19.47173552300046,0.38820000000000005,1.0,0.1724590163934426,35.9126065070957,-47.29416800031399,-1.5558843962115918,0.0,-0.0003715941236659751,-0.008157274902480317,servo_0.388
19.475729204000345,0.38820000000000005,1.0,0.1724590163934426,35.9126065070957,-47.29416800031399,-1.5558843962115918,0.0,-0.0003715941236659751,-0.0005440666457977249,servo_0.388
19.47731891300009,0.38820000000000005,1.0,0.1724590163934426,35.9126065070957,-47.29416800031399,-1.5559244998706738,0.0,-0.0027072983573102776,-0.0005440666457977249,servo_0.388
19.48113268399993,0.38820000000000005,1.0,0.1724590163934426,35.9126065070957,-47.29416800031399,-1.5559244998706738,0.0,-0.0027072983573102776,0.004825680664588555,servo_0.388
19.482699769000646,0.38820000000000005,1.0,0.1724590163934426,35.9126065070957,-47.29416800031399,-1.555927500922937,0.0,-0.002058328843856512,0.004825680664588555,servo_0.388
19.48654275700028,0.38820000000000005,1.0,0.1724590163934426,35.9126065070957,-47.29416800031399,-1.555927500922937,0.0,-0.002058328843856512,0.00333310422942389,servo_0.388
19.48820146000071,0.38820000000000005,1.0,0.1724590163934426,35.9126065070957,-47.29416800031399,-1.5559049739802358,0.0,6.874008677008143e-06,0.00333310422942389,servo_0.388
19.48972351900011,0.38820000000000005,1.0,0.1724590163934426,35.9126065070957,-47.29416800031399,-1.5559049739802358,0.0,6.874008677008143e-06,0.00333310422942389,servo_0.388
19.491982270000335,0.38820000000000005,1.0,0.1724590163934426,35.9126065070957,-47.29416800031399,-1.5559049739802358,0.0,6.874008677008143e-06,-0.00352921925605273,servo_0.388
19.49977237800067,0.38820000000000005,1.0,0.1724590163934426,35.9126065070957,-47.29416800031399,-1.5559087911608322,0.0,-0.000355445624385068,-0.00352921925605273,servo_0.388
19.50117901000067,0.38820000000000005,1.0,0.1724590163934426,35.9126065070957,-47.29416800031399,-1.5559087911608322,0.0,-0.000355445624385068,-0.009636212519882684,servo_0.388
19.503219163000722,0.38820000000000005,1.0,0.1724590163934426,35.9126065070957,-47.29416800031399,-1.555957708921835,0.0,-0.0031396756930343528,-0.009636212519882684,servo_0.388
19.504159189999882,0.38820000000000005,1.0,0.1724590163934426,35.9126065070957,-47.29416800031399,-1.555957708921835,0.0,-0.0031396756930343528,-0.0005852851103947622,servo_0.388
19.505819781000355,0.38820000000000005,1.0,0.1724590163934426,35.9126065070957,-47.29416800031399,-1.5559617971053663,0.0,-0.0023733585182424753,-0.0005852851103947622,servo_0.388
19.506634716000008,0.38820000000000005,1.0,0.1724590163934426,35.9126065070957,-47.29416800031399,-1.5559617971053663,0.0,-0.0023733585182424753,0.00706439369400396,servo_0.388
19.5089455010002,0.38820000000000005,1.0,0.1724590163934426,35.9126065070957,-47.29416800031399,-1.5559617971053663,0.0,-0.0023733585182424753,0.003296633746726341,servo_0.388
19.510414886000035,0.38820000000000005,1.0,0.1724590163934426,35.9126065070957,-47.29416800031399,-1.5559284063113004,0.0,0.00045796714543145517,0.003296633746726341,servo_0.388
19.51437531800002,0.38820000000000005,1.0,0.1724590163934426,35.9126065070957,-47.29416800031399,-1.5559284063113004,0.0,0.00045796714543145517,-0.005058265653766294,servo_0.388
19.51595014600025,0.38820000000000005,1.0,0.1724590163934426,35.9126065070957,-47.29416800031399,-1.5559134778179695,0.0,0.0013095671258199209,-0.005058265653766294,servo_0.388
19.51987992100021,0.38820000000000005,1.0,0.1724590163934426,35.9126065070957,-47.29416800031399,-1.5559134778179695,0.0,0.0013095671258199209,-0.006660253276949281,servo_0.388
19.521443901000566,0.38820000000000005,1.0,0.1724590163934426,35.9126065070957,-47.29416800031399,-1.555939885650384,0.0,-0.0006007827080559435,-0.006660253276949281,servo_0.388
19.52528567399986,0.38820000000000005,1.0,0.1724590163934426,35.9126065070957,-47.29416800031399,-1.555939885650384,0.0,-0.0006007827080559435,0.00021126329951997154,servo_0.388
19.52680549300021,0.38820000000000005,1.0,0.1724590163934426,35.9126065070957,-47.29416800031399,-1.5559738627212423,0.0,-0.0024186238787239447,0.00021126329951997154,servo_0.388
19.530896872000085,0.38820000000000005,1.0,0.1724590163934426,35.9126065070957,-47.29416800031399,-1.5559738627212423,0.0,-0.0024186238787239447,0.007838110650293831,servo_0.388
19.53255890299988,0.38820000000000005,1.0,0.1724590163934426,35.9126065070957,-47.29416800031399,-1.5559737367256776,0.0,-0.0016296577252507697,0.007838110650293831,servo_0.388
19.536359489999995,0.38820000000000005,1.0,0.1724590163934426,35.9126065070957,-47.29416800031399,-1.5559737367256776,0.0,-0.0016296577252507697,0.007865387765669779,servo_0.388
19.538029424999877,0.38820000000000005,1.0,0.1724590163934426,35.9126065070957,-47.29416800031399,-1.5559364913786364,0.0,0.0012106727874126105,0.007865387765669779,servo_0.388
19.541586613000618,0.38820000000000005,1.0,0.1724590163934426,35.9126065070957,-47.29416800031399,-1.5559364913786364,0.0,0.0012106727874126105,-0.0035384126233743325,servo_0.388
19.543236483999863,0.38820000000000005,1.0,0.1724590163934426,35.9126065070957,-47.29416800031399,-1.555899206210184,0.0,0.003207087280889761,-0.0035384126233743325,servo_0.388
19.54485224200016,0.38820000000000005,1.0,0.1724590163934426,35.9126065070957,-47.29416800031399,-1.555899206210184,0.0,0.003207087280889761,-0.0035384126233743325,servo_0.388
19.546956525000496,0.38820000000000005,1.0,0.1724590163934426,35.9126065070957,-47.29416800031399,-1.555899206210184,0.0,0.003207087280889761,-0.007319810608191274,servo_0.388
19.548674333000235,0.38820000000000005,1.0,0.1724590163934426,35.9126065070957,-47.29416800031399,-1.555956170763654,0.0,-0.0013675370657300092,-0.007319810608191274,servo_0.388
19.54949605300044,0.38820000000000005,1.0,0.1724590163934426,35.9126065070957,-47.29416800031399,-1.555956170763654,0.0,-0.0013675370657300092,-0.0012949514170036962,servo_0.388
19.552690958999847,0.38820000000000005,1.0,0.1724590163934426,35.9126065070957,-47.29416800031399,-1.555956170763654,0.0,-0.0013675370657300092,0.004761933326589385,servo_0.388
19.554281403999994,0.38820000000000005,1.0,0.1724590163934426,35.9126065070957,-47.29416800031399,-1.5559637030879525,0.0,-0.0013457613711121152,0.004761933326589385,servo_0.388
19.558197866000228,0.38820000000000005,1.0,0.1724590163934426,35.9126065070957,-47.29416800031399,-1.5559637030879525,0.0,-0.0013457613711121152,0.00030703594610496547,servo_0.388
19.559870265000427,0.38820000000000005,1.0,0.1724590163934426,35.9126065070957,-47.29416800031399,-1.555940630724136,0.0,0.00048654703819833484,0.00030703594610496547,servo_0.388
19.563581250000425,0.38820000000000005,1.0,0.1724590163934426,35.9126065070957,-47.29416800031399,-1.555940630724136,0.0,0.00048654703819833484,-0.0035247740656863596,servo_0.388
19.565212336000513,0.38820000000000005,1.0,0.1724590163934426,35.9126065070957,-47.29416800031399,-1.5559409165342093,0.0,0.000432693710570324,-0.0035247740656863596,servo_0.388
19.569022939000206,0.38820000000000005,1.0,0.1724590163934426,35.9126065070957,-47.29416800031399,-1.5559409165342093,0.0,0.000432693710570324,-0.006573674013940534,servo_0.388
19.570638185000462,0.38820000000000005,1.0,0.1724590163934426,35.9126065070957,-47.29416800031399,-1.5559609083345327,0.0,-0.000754546622306681,-0.006573674013940534,servo_0.388
19.574597560000257,0.38820000000000005,1.0,0.1724590163934426,35.9126065070957,-47.29416800031399,-1.5559609083345327,0.0,-0.000754546622306681,-0.0012949514170036962,servo_0.388
19.576269799999864,0.38820000000000005,1.0,0.1724590163934426,35.9126065070957,-47.29416800031399,-1.555995376807526,0.0,-0.002500284839796837,-0.0012949514170036962,servo_0.388
19.580025201999888,0.38820000000000005,1.0,0.1724590163934426,35.9126065070957,-47.29416800031399,-1.555995376807526,0.0,-0.002500284839796837,0.006331895917515519,servo_0.388
19.58164780700008,0.38820000000000005,1.0,0.1724590163934426,35.9126065070957,-47.29416800031399,-1.5560031173227884,0.0,-0.0021386848129588947,0.006331895917515519,servo_0.388
19.585425066000425,0.38820000000000005,1.0,0.1724590163934426,35.9126065070957,-47.29416800031399,-1.5560031173227884,0.0,-0.0021386848129588947,0.0048621514073604296,servo_0.388
19.586986646000696,0.38820000000000005,1.0,0.1724590163934426,35.9126065070957,-47.29416800031399,-1.5559733137329876,0.0,0.00040248940618342935,0.0048621514073604296,servo_0.388
19.59095645400066,0.38820000000000005,1.0,0.1724590163934426,35.9126065070957,-47.29416800031399,-1.5559733137329876,0.0,0.00040248940618342935,-0.005035433728756718,servo_0.388
19.59255217900045,0.38820000000000005,1.0,0.1724590163934426,35.9126065070957,-47.29416800031399,-1.555951368238929,0.0,0.0017403880065365294,-0.005035433728756718,servo_0.388
19.59649862600054,0.38820000000000005,1.0,0.1724590163934426,35.9126065070957,-47.29416800031399,-1.555951368238929,0.0,0.0017403880065365294,-0.0058820911302930375,servo_0.388
19.598129168000014,0.38820000000000005,1.0,0.1724590163934426,35.9126065070957,-47.29416800031399,-1.555978298280288,0.0,-0.0002923585140514448,-0.0058820911302930375,servo_0.388
19.601940028000172,0.38820000000000005,1.0,0.1724590163934426,35.9126065070957,-47.29416800031399,-1.555978298280288,0.0,-0.0002923585140514448,-0.005113122611032723,servo_0.388
19.603533065000192,0.38820000000000005,1.0,0.1724590163934426,35.9126065070957,-47.29416800031399,-1.5560090560207052,0.0,-0.0019692782989239226,-0.005113122611032723,servo_0.388
19.604387649000273,0.38820000000000005,1.0,0.1724590163934426,35.9126065070957,-47.29416800031399,-1.5560090560207052,0.0,-0.0019692782989239226,0.006249761844873143,servo_0.388
19.605925132000266,0.38820000000000005,1.0,0.1724590163934426,35.9126065070957,-47.29416800031399,-1.5560090560207052,0.0,-0.0019692782989239226,0.006249761844873143,servo_0.388
19.607624412000405,0.38820000000000005,1.0,0.1724590163934426,35.9126065070957,-47.29416800031399,-1.5560090560207052,0.0,-0.0019692782989239226,0.009330686565309847,servo_0.388
19.60921828100072,0.38820000000000005,1.0,0.1724590163934426,35.9126065070957,-47.29416800031399,-1.556006614042442,0.0,-0.00016377356132765068,0.009330686565309847,servo_0.388
19.613120023000192,0.38820000000000005,1.0,0.1724590163934426,35.9126065070957,-47.29416800031399,-1.556006614042442,0.0,-0.00016377356132765068,-0.0004939577354493654,servo_0.388
19.614736260999962,0.38820000000000005,1.0,0.1724590163934426,35.9126065070957,-47.29416800031399,-1.5559620432971901,0.0,0.0026845644766635987,-0.0004939577354493654,servo_0.388
19.618534992000605,0.38820000000000005,1.0,0.1724590163934426,35.9126065070957,-47.29416800031399,-1.5559620432971901,0.0,0.0026845644766635987,-0.008175661116974871,servo_0.388
19.6202419199999,0.38820000000000005,1.0,0.1724590163934426,35.9126065070957,-47.29416800031399,-1.5559663638479775,0.0,0.0017310078130297094,-0.008175661116974871,servo_0.388
19.624094572000104,0.38820000000000005,1.0,0.1724590163934426,35.9126065070957,-47.29416800031399,-1.5559663638479775,0.0,0.0017310078130297094,-0.005099181586904538,servo_0.388
19.62582316499993,0.38820000000000005,1.0,0.1724590163934426,35.9126065070957,-47.29416800031399,-1.5560084289669507,0.0,-0.0012409928659716648,-0.005099181586904538,servo_0.388
19.62938140999995,0.38820000000000005,1.0,0.1724590163934426,35.9126065070957,-47.29416800031399,-1.5560084289669507,0.0,-0.0012409928659716648,0.0048621514073604296,servo_0.388
19.631031184000676,0.38820000000000005,1.0,0.1724590163934426,35.9126065070957,-47.29416800031399,-1.5560349259865016,0.0,-0.002398449482251527,0.0048621514073604296,servo_0.388
19.634765529000106,0.38820000000000005,1.0,0.1724590163934426,35.9126065070957,-47.29416800031399,-1.5560349259865016,0.0,-0.002398449482251527,0.004852958300113152,servo_0.388
19.636383431000468,0.38820000000000005,1.0,0.1724590163934426,35.9126065070957,-47.29416800031399,-1.556013057488921,0.0,-0.00022026921536793978,0.004852958300113152,servo_0.388
19.64024210000025,0.38820000000000005,1.0,0.1724590163934426,35.9126065070957,-47.29416800031399,-1.556013057488921,0.0,-0.00022026921536793978,-0.004220801879625901,servo_0.388
19.641846688999976,0.38820000000000005,1.0,0.1724590163934426,35.9126065070957,-47.29416800031399,-1.5559916726422247,0.0,0.0013016990392763878,-0.004220801879625901,servo_0.388
19.64581528100007,0.38820000000000005,1.0,0.1724590163934426,35.9126065070957,-47.29416800031399,-1.5559916726422247,0.0,0.0013016990392763878,-0.009627019412635406,servo_0.388
19.647479776000182,0.38820000000000005,1.0,0.1724590163934426,35.9126065070957,-47.29416800031399,-1.5560151522659948,0.0,-0.0003550512363942989,-0.009627019412635406,servo_0.388
19.65130141999998,0.38820000000000005,1.0,0.1724590163934426,35.9126065070957,-47.29416800031399,-1.5560151522659948,0.0,-0.0003550512363942989,-0.0005396214554313544,servo_0.388
19.653027740000653,0.38820000000000005,1.0,0.1724590163934426,35.9126065070957,-47.29416800031399,-1.556064906813831,0.0,-0.0031366416892666307,-0.0005396214554313544,servo_0.388
19.65689088900035,0.38820000000000005,1.0,0.1724590163934426,35.9126065070957,-47.29416800031399,-1.556064906813831,0.0,-0.0031366416892666307,0.006341089024762796,servo_0.388
19.658550328000274,0.38820000000000005,1.0,0.1724590163934426,35.9126065070957,-47.29416800031399,-1.5560696058288224,0.0,-0.0023575356191160475,0.006341089024762796,servo_0.388
19.659381072000542,0.38820000000000005,1.0,0.1724590163934426,35.9126065070957,-47.29416800031399,-1.5560696058288224,0.0,-0.0023575356191160475,0.0033058271140479437,servo_0.388
19.660980605000077,0.38820000000000005,1.0,0.1724590163934426,35.9126065070957,-47.29416800031399,-1.5560696058288224,0.0,-0.0023575356191160475,0.0033058271140479437,servo_0.388
19.66288680300022,0.38820000000000005,1.0,0.1724590163934426,35.9126065070957,-47.29416800031399,-1.556025494542614,0.0,0.001168184376047707,0.0033058271140479437,servo_0.388
19.66374711500066,0.38820000000000005,1.0,0.1724590163934426,35.9126065070957,-47.29416800031399,-1.556025494542614,0.0,0.001168184376047707,-0.005795511867284292,servo_0.388
19.668069093000668,0.38820000000000005,1.0,0.1724590163934426,35.9126065070957,-47.29416800031399,-1.556025494542614,0.0,0.001168184376047707,-0.005103929503785446,servo_0.388
19.669732692000252,0.38820000000000005,1.0,0.1724590163934426,35.9126065070957,-47.29416800031399,-1.5560571955520859,0.0,-0.0009209244969518927,-0.005103929503785446,servo_0.388
19.673457917000633,0.38820000000000005,1.0,0.1724590163934426,35.9126065070957,-47.29416800031399,-1.5560571955520859,0.0,-0.0009209244969518927,0.0002296497740888516,servo_0.388
19.675021193000248,0.38820000000000005,1.0,0.1724590163934426,35.9126065070957,-47.29416800031399,-1.5560846273228253,0.0,-0.0021758259990019586,0.0002296497740888516,servo_0.388
19.678955639999913,0.38820000000000005,1.0,0.1724590163934426,35.9126065070957,-47.29416800031399,-1.5560846273228253,0.0,-0.0021758259990019586,0.00857535686381183,servo_0.388
19.68066109600022,0.38820000000000005,1.0,0.1724590163934426,35.9126065070957,-47.29416800031399,-1.5560846400253676,0.0,-0.0014541832670747156,0.00857535686381183,servo_0.388
19.684418769999866,0.38820000000000005,1.0,0.1724590163934426,35.9126065070957,-47.29416800031399,-1.5560846400253676,0.0,-0.0014541832670747156,0.00410207300875853,servo_0.388
19.686107457000617,0.38820000000000005,1.0,0.1724590163934426,35.9126065070957,-47.29416800031399,-1.5560435918178517,0.0,0.0015546787721912483,0.00410207300875853,servo_0.388
19.689860363000662,0.38820000000000005,1.0,0.1724590163934426,35.9126065070957,-47.29416800031399,-1.5560435918178517,0.0,0.0015546787721912483,-0.0027329736214164687,servo_0.388
19.69146290400022,0.38820000000000005,1.0,0.1724590163934426,35.9126065070957,-47.29416800031399,-1.5560263959503866,0.0,0.0023188970431614326,-0.0027329736214164687,servo_0.388
19.69537619899984,0.38820000000000005,1.0,0.1724590163934426,35.9126065070957,-47.29416800031399,-1.5560263959503866,0.0,0.0023188970431614326,-0.008093527564481146,servo_0.388
19.697056598000017,0.38820000000000005,1.0,0.1724590163934426,35.9126065070957,-47.29416800031399,-1.5560432998716356,0.0,0.0008033358437880623,-0.008093527564481146,servo_0.388
19.70130551800048,0.38820000000000005,1.0,0.1724590163934426,35.9126065070957,-47.29416800031399,-1.5560432998716356,0.0,0.0008033358437880623,-0.001317783342013272,servo_0.388
19.70342993000031,0.38820000000000005,1.0,0.1724590163934426,35.9126065070957,-47.29416800031399,-1.5560863383718984,0.0,-0.0018657231786927,-0.001317783342013272,servo_0.388
19.70667530100036,0.38820000000000005,1.0,0.1724590163934426,35.9126065070957,-47.29416800031399,-1.5560863383718984,0.0,-0.0018657231786927,0.007110057544023111,servo_0.388
19.70877433700025,0.38820000000000005,1.0,0.1724590163934426,35.9126065070957,-47.29416800031399,-1.556094798358724,0.0,-0.0017013412276888715,0.007110057544023111,servo_0.388
19.712271395000244,0.38820000000000005,1.0,0.1724590163934426,35.9126065070957,-47.29416800031399,-1.556094798358724,0.0,-0.0017013412276888715,0.004825680664588555,servo_0.388
19.714383551000537,0.38820000000000005,1.0,0.1724590163934426,35.9126065070957,-47.29416800031399,-1.5560617327858164,0.0,0.0009420784038247233,0.004825680664588555,servo_0.388
19.71536722700057,0.38820000000000005,1.0,0.1724590163934426,35.9126065070957,-47.29416800031399,-1.5560617327858164,0.0,0.0009420784038247233,-0.0027646959271587857,servo_0.388
19.717391252000198,0.38820000000000005,1.0,0.1724590163934426,35.9126065070957,-47.29416800031399,-1.5560617327858164,0.0,0.0009420784038247233,-0.0027646959271587857,servo_0.388
19.719300970000404,0.38820000000000005,1.0,0.1724590163934426,35.9126065070957,-47.29416800031399,-1.5560565139954852,0.0,0.0006456025792900751,-0.0027646959271587857,servo_0.388
19.720311430000038,0.38820000000000005,1.0,0.1724590163934426,35.9126065070957,-47.29416800031399,-1.5560565139954852,0.0,0.0006456025792900751,-0.0058227889826602385,servo_0.388
19.723558690000573,0.38820000000000005,1.0,0.1724590163934426,35.9126065070957,-47.29416800031399,-1.5560565139954852,0.0,0.0006456025792900751,-0.0005031509727338055,servo_0.388
19.72557561099984,0.38820000000000005,1.0,0.1724590163934426,35.9126065070957,-47.29416800031399,-1.5560880144849656,0.0,-0.001294914889295019,-0.0005031509727338055,servo_0.388
19.729056189000403,0.38820000000000005,1.0,0.1724590163934426,35.9126065070957,-47.29416800031399,-1.5560880144849656,0.0,-0.001294914889295019,0.006345534215129167,servo_0.388
19.731038325000554,0.38820000000000005,1.0,0.1724590163934426,35.9126065070957,-47.29416800031399,-1.5560932109756869,0.0,-0.001057385714326655,0.006345534215129167,servo_0.388
19.734561944000234,0.38820000000000005,1.0,0.1724590163934426,35.9126065070957,-47.29416800031399,-1.5560932109756869,0.0,-0.001057385714326655,0.006322702290119591,servo_0.388
19.73664773100063,0.38820000000000005,1.0,0.1724590163934426,35.9126065070957,-47.29416800031399,-1.5560644936256653,0.0,0.0011634902645100914,0.006322702290119591,servo_0.388
19.74007643599998,0.38820000000000005,1.0,0.1724590163934426,35.9126065070957,-47.29416800031399,-1.5560644936256653,0.0,0.0011634902645100914,-0.002823998074791585,servo_0.388
19.74218971100072,0.38820000000000005,1.0,0.1724590163934426,35.9126065070957,-47.29416800031399,-1.5560350977892417,0.0,0.0027112538721929414,-0.002823998074791585,servo_0.388
19.745561966000423,0.38820000000000005,1.0,0.1724590163934426,35.9126065070957,-47.29416800031399,-1.5560350977892417,0.0,0.0027112538721929414,-0.0058684528326793895,servo_0.388
19.747744588000387,0.38820000000000005,1.0,0.1724590163934426,35.9126065070957,-47.29416800031399,-1.5560509295488434,0.0,0.0010506782880975833,-0.0058684528326793895,servo_0.388
19.75117345200033,0.38820000000000005,1.0,0.1724590163934426,35.9126065070957,-47.29416800031399,-1.5560509295488434,0.0,0.0010506782880975833,-0.002059474745897641,servo_0.388
19.753168997000103,0.38820000000000005,1.0,0.1724590163934426,35.9126065070957,-47.29416800031399,-1.5560828281262196,0.0,-0.0010250610481355085,-0.002059474745897641,servo_0.388
19.756701416000396,0.38820000000000005,1.0,0.1724590163934426,35.9126065070957,-47.29416800031399,-1.5560828281262196,0.0,-0.0010250610481355085,0.004816487557341278,servo_0.388
19.758655584000735,0.38820000000000005,1.0,0.1724590163934426,35.9126065070957,-47.29416800031399,-1.5560954123940047,0.0,-0.0013353851574641482,0.004816487557341278,servo_0.388
19.76226304500051,0.38820000000000005,1.0,0.1724590163934426,35.9126065070957,-47.29416800031399,-1.5560954123940047,0.0,-0.0013353851574641482,0.004097627558317834,servo_0.388
19.764323231000162,0.38820000000000005,1.0,0.1724590163934426,35.9126065070957,-47.29416800031399,-1.5560745186827345,0.0,0.0005101766569774795,0.004097627558317834,servo_0.388
19.765656773000046,0.38820000000000005,1.0,0.1724590163934426,35.9126065070957,-47.29416800031399,-1.5560745186827345,0.0,0.0005101766569774795,-0.005786318760037015,servo_0.388
19.767656669000644,0.38820000000000005,1.0,0.1724590163934426,35.9126065070957,-47.29416800031399,-1.5560745186827345,0.0,0.0005101766569774795,-0.005786318760037015,servo_0.388
19.769496529000207,0.38820000000000005,1.0,0.1724590163934426,35.9126065070957,-47.29416800031399,-1.5560893629685788,0.0,-0.0006254072788453944,-0.005786318760037015,servo_0.388
19.770760181000696,0.38820000000000005,1.0,0.1724590163934426,35.9126065070957,-47.29416800031399,-1.5560893629685788,0.0,-0.0006254072788453944,-0.006587312311554182,servo_0.388
19.773366782000267,0.38820000000000005,1.0,0.1724590163934426,35.9126065070957,-47.29416800031399,-1.5560893629685788,0.0,-0.0006254072788453944,-0.002000172598264841,servo_0.388
19.77556588400057,0.38820000000000005,1.0,0.1724590163934426,35.9126065070957,-47.29416800031399,-1.5561247477581484,0.0,-0.0024139787886580306,-0.002000172598264841,servo_0.388
19.778912603000208,0.38820000000000005,1.0,0.1724590163934426,35.9126065070957,-47.29416800031399,-1.5561247477581484,0.0,-0.0024139787886580306,0.007096419246409463,servo_0.388
19.78125170900057,0.38820000000000005,1.0,0.1724590163934426,35.9126065070957,-47.29416800031399,-1.5561374561388845,0.0,-0.0022898369315400738,0.007096419246409463,servo_0.388
19.784264914000232,0.38820000000000005,1.0,0.1724590163934426,35.9126065070957,-47.29416800031399,-1.5561374561388845,0.0,-0.0022898369315400738,0.004111266116005808,servo_0.388
19.786755703999916,0.38820000000000005,1.0,0.1724590163934426,35.9126065070957,-47.29416800031399,-1.5561048861421707,0.0,0.0005260399218447872,0.004111266116005808,servo_0.388
19.789768717000698,0.38820000000000005,1.0,0.1724590163934426,35.9126065070957,-47.29416800031399,-1.5561048861421707,0.0,0.0005260399218447872,-0.0027738892944803883,servo_0.388
19.79210299100032,0.38820000000000005,1.0,0.1724590163934426,35.9126065070957,-47.29416800031399,-1.5560878009570436,0.0,0.0016016077800930935,-0.0027738892944803883,servo_0.388
19.795329610000408,0.38820000000000005,1.0,0.1724590163934426,35.9126065070957,-47.29416800031399,-1.5560878009570436,0.0,0.0016016077800930935,-0.006614589426930129,servo_0.388
19.79723488000036,0.38820000000000005,1.0,0.1724590163934426,35.9126065070957,-47.29416800031399,-1.5561045787447272,0.0,0.0002889586577210489,-0.006614589426930129,servo_0.388
19.800788227999874,0.38820000000000005,1.0,0.1724590163934426,35.9126065070957,-47.29416800031399,-1.5561045787447272,0.0,0.0002889586577210489,0.002459169972585949,servo_0.388
19.803013955000097,0.38820000000000005,1.0,0.1724590163934426,35.9126065070957,-47.29416800031399,-1.5561401780705153,0.0,-0.0017821057676743043,0.002459169972585949,servo_0.388
19.806395938000605,0.38820000000000005,1.0,0.1724590163934426,35.9126065070957,-47.29416800031399,-1.5561401780705153,0.0,-0.0017821057676743043,0.0055902039934825,servo_0.388
19.80828331900011,0.38820000000000005,1.0,0.1724590163934426,35.9126065070957,-47.29416800031399,-1.556130489714055,0.0,-0.0005097230455962283,0.0055902039934825,servo_0.388
19.812901273000534,0.38820000000000005,1.0,0.1724590163934426,35.9126065070957,-47.29416800031399,-1.5561053554314055,0.0,0.00132025506612739,0.0055902039934825,servo_0.388
19.814573192999887,0.38820000000000005,1.0,0.1724590163934426,35.9126065070957,-47.29416800031399,-1.5561053554314055,0.0,0.00132025506612739,0.004825680664588555,servo_0.388
19.816396508000253,0.38820000000000005,1.0,0.1724590163934426,35.9126065070957,-47.29416800031399,-1.5561053554314055,0.0,0.00132025506612739,0.004825680664588555,servo_0.388
19.81816183800038,0.38820000000000005,1.0,0.1724590163934426,35.9126065070957,-47.29416800031399,-1.5560996620684364,0.0,0.0008172100668349338,0.004825680664588555,servo_0.388
19.819139305000135,0.38820000000000005,1.0,0.1724590163934426,35.9126065070957,-47.29416800031399,-1.5560996620684364,0.0,0.0008172100668349338,-0.002810359517103612,servo_0.388
19.82141949800007,0.38820000000000005,1.0,0.1724590163934426,35.9126065070957,-47.29416800031399,-1.5560996620684364,0.0,0.0008172100668349338,-0.005859259725432112,servo_0.388
19.823343904000467,0.38820000000000005,1.0,0.1724590163934426,35.9126065070957,-47.29416800031399,-1.5561316442461584,0.0,-0.0011857308708451801,-0.005859259725432112,servo_0.388
19.826043244000175,0.38820000000000005,1.0,0.1724590163934426,35.9126065070957,-47.29416800031399,-1.5561316442461584,0.0,-0.0011857308708451801,0.0009894252023565345,servo_0.388
19.830272099000467,0.38820000000000005,1.0,0.1724590163934426,35.9126065070957,-47.29416800031399,-1.5561295747492263,0.0,-0.0005331840488846658,0.0009894252023565345,servo_0.388
19.831235806000223,0.38820000000000005,1.0,0.1724590163934426,35.9126065070957,-47.29416800031399,-1.5561295747492263,0.0,-0.0005331840488846658,0.004143291148262661,servo_0.388
19.83386567300022,0.38820000000000005,1.0,0.1724590163934426,35.9126065070957,-47.29416800031399,-1.5561295747492263,0.0,-0.0005331840488846658,0.0033102723044143145,servo_0.388
19.836209163000603,0.38820000000000005,1.0,0.1724590163934426,35.9126065070957,-47.29416800031399,-1.5561122166588637,0.0,0.0008697585102595322,0.0033102723044143145,servo_0.388
19.839281985000525,0.38820000000000005,1.0,0.1724590163934426,35.9126065070957,-47.29416800031399,-1.5561122166588637,0.0,0.0008697585102595322,-0.0036021599613735027,servo_0.388
19.840719658000125,0.38820000000000005,1.0,0.1724590163934426,35.9126065070957,-47.29416800031399,-1.556099174535492,0.0,0.0016019126485059668,-0.0036021599613735027,servo_0.388
19.844814813000085,0.38820000000000005,1.0,0.1724590163934426,35.9126065070957,-47.29416800031399,-1.556099174535492,0.0,0.0016019126485059668,-0.006646614459186982,servo_0.388
19.846247045999917,0.38820000000000005,1.0,0.1724590163934426,35.9126065070957,-47.29416800031399,-1.5561198810301753,0.0,4.0690865542125946e-05,-0.006646614459186982,servo_0.388
19.850202100999923,0.38820000000000005,1.0,0.1724590163934426,35.9126065070957,-47.29416800031399,-1.5561198810301753,0.0,4.0690865542125946e-05,0.0017355620566815988,servo_0.388
19.851537946999997,0.38820000000000005,1.0,0.1724590163934426,35.9126065070957,-47.29416800031399,-1.556155821821801,0.0,-0.0019655007318766064,0.0017355620566815988,servo_0.388
19.85678532700058,0.38820000000000005,1.0,0.1724590163934426,35.9126065070957,-47.29416800031399,-1.5561507325378918,0.0,-0.0008551818953091447,0.0017355620566815988,servo_0.388
19.85756848500023,0.38820000000000005,1.0,0.1724590163934426,35.9126065070957,-47.29416800031399,-1.5561507325378918,0.0,-0.0008551818953091447,0.0071236963617854095,servo_0.388
19.86199702600061,0.38820000000000005,1.0,0.1724590163934426,35.9126065070957,-47.29416800031399,-1.5561186431322547,0.0,0.0015384815818192212,0.0071236963617854095,servo_0.388
19.86278508000032,0.38820000000000005,1.0,0.1724590163934426,35.9126065070957,-47.29416800031399,-1.5561186431322547,0.0,0.0015384815818192212,0.0018497211615808276,servo_0.388
19.867469180000626,0.38820000000000005,1.0,0.1724590163934426,35.9126065070957,-47.29416800031399,-1.5561130089998603,0.0,0.001631853455747703,0.0018497211615808276,servo_0.388
19.86871920000067,0.38820000000000005,1.0,0.1724590163934426,35.9126065070957,-47.29416800031399,-1.5561130089998603,0.0,0.001631853455747703,-0.002810359517103612,servo_0.388
19.870329805000438,0.38820000000000005,1.0,0.1724590163934426,35.9126065070957,-47.29416800031399,-1.5561130089998603,0.0,0.001631853455747703,-0.002810359517103612,servo_0.388
19.87109385900021,0.38820000000000005,1.0,0.1724590163934426,35.9126065070957,-47.29416800031399,-1.5561130089998603,0.0,0.001631853455747703,-0.009613381115021758,servo_0.388
19.87238515900026,0.38820000000000005,1.0,0.1724590163934426,35.9126065070957,-47.29416800031399,-1.5561130089998603,0.0,0.001631853455747703,-0.0012813128593157231,servo_0.388
19.873807759000556,0.38820000000000005,1.0,0.1724590163934426,35.9126065070957,-47.29416800031399,-1.5561812584390151,0.0,-0.0026745816397819116,-0.0012813128593157231,servo_0.388
19.878054215000702,0.38820000000000005,1.0,0.1724590163934426,35.9126065070957,-47.29416800031399,-1.5561812584390151,0.0,-0.0026745816397819116,0.0055993976208784275,servo_0.388
19.88019318700026,0.38820000000000005,1.0,0.1724590163934426,35.9126065070957,-47.29416800031399,-1.5561907734539187,0.0,-0.002256601005642055,0.0055993976208784275,servo_0.388
19.883172151000508,0.38820000000000005,1.0,0.1724590163934426,35.9126065070957,-47.29416800031399,-1.5561907734539187,0.0,-0.002256601005642055,0.0025685809005299457,servo_0.388
19.884667457000432,0.38820000000000005,1.0,0.1724590163934426,35.9126065070957,-47.29416800031399,-1.5561657122618797,0.0,0.00010019858231408987,0.0025685809005299457,servo_0.388
19.889106751000327,0.38820000000000005,1.0,0.1724590163934426,35.9126065070957,-47.29416800031399,-1.5561657122618797,0.0,0.00010019858231408987,-0.005754293727780161,servo_0.388
19.890629194000212,0.38820000000000005,1.0,0.1724590163934426,35.9126065070957,-47.29416800031399,-1.556156662069596,0.0,0.0008407132777788467,-0.005754293727780161,servo_0.388
19.89445592500033,0.38820000000000005,1.0,0.1724590163934426,35.9126065070957,-47.29416800031399,-1.556156662069596,0.0,0.0008407132777788467,-0.006600951129316481,servo_0.388
19.896366571000726,0.38820000000000005,1.0,0.1724590163934426,35.9126065070957,-47.29416800031399,-1.5561888631416658,0.0,-0.0011377888238888558,-0.006600951129316481,servo_0.388
19.89974669900039,0.38820000000000005,1.0,0.1724590163934426,35.9126065070957,-47.29416800031399,-1.5561888631416658,0.0,-0.0011377888238888558,0.002449976345190021,servo_0.388
19.901294166000298,0.38820000000000005,1.0,0.1724590163934426,35.9126065070957,-47.29416800031399,-1.556224869753865,0.0,-0.0027767375155171433,0.002449976345190021,servo_0.388
19.90517491599985,0.38820000000000005,1.0,0.1724590163934426,35.9126065070957,-47.29416800031399,-1.556224869753865,0.0,-0.0027767375155171433,0.004839319482350854,servo_0.388
19.906992662999983,0.38820000000000005,1.0,0.1724590163934426,35.9126065070957,-47.29416800031399,-1.5562158228880758,0.0,-0.0012087233573049938,0.004839319482350854,servo_0.388
19.91064482999991,0.38820000000000005,1.0,0.1724590163934426,35.9126065070957,-47.29416800031399,-1.5562158228880758,0.0,-0.0012087233573049938,0.0033375496798645856,servo_0.388
19.91236366300018,0.38820000000000005,1.0,0.1724590163934426,35.9126065070957,-47.29416800031399,-1.5561954351024183,0.0,0.0006056894945917605,0.0033375496798645856,servo_0.388
19.916204507000657,0.38820000000000005,1.0,0.1724590163934426,35.9126065070957,-47.29416800031399,-1.5561954351024183,0.0,0.0006056894945917605,-0.0028331914421131877,servo_0.388
19.917882314000053,0.38820000000000005,1.0,0.1724590163934426,35.9126065070957,-47.29416800031399,-1.5561831559347505,0.0,0.001425247550173608,-0.0028331914421131877,servo_0.388
19.921506480000062,0.38820000000000005,1.0,0.1724590163934426,35.9126065070957,-47.29416800031399,-1.5561831559347505,0.0,0.001425247550173608,-0.00740194468083365,servo_0.388
19.923120702000233,0.38820000000000005,1.0,0.1724590163934426,35.9126065070957,-47.29416800031399,-1.5562010486751694,0.0,0.00014771585248756923,-0.00740194468083365,servo_0.388
19.92779641800007,0.38820000000000005,1.0,0.1724590163934426,35.9126065070957,-47.29416800031399,-1.5562406440966454,0.0,-0.002117182307508796,-0.00740194468083365,servo_0.388
19.929137768000146,0.38820000000000005,1.0,0.1724590163934426,35.9126065070957,-47.29416800031399,-1.5562406440966454,0.0,-0.002117182307508796,-0.0012584810643433099,servo_0.388
19.930817911000304,0.38820000000000005,1.0,0.1724590163934426,35.9126065070957,-47.29416800031399,-1.5562406440966454,0.0,-0.002117182307508796,-0.0012584810643433099,servo_0.388
19.93158727700029,0.38820000000000005,1.0,0.1724590163934426,35.9126065070957,-47.29416800031399,-1.5562406440966454,0.0,-0.002117182307508796,0.004825680664588555,servo_0.388
19.932898802000636,0.38820000000000005,1.0,0.1724590163934426,35.9126065070957,-47.29416800031399,-1.5562406440966454,0.0,-0.002117182307508796,0.0040110482953090885,servo_0.388
19.934460030000082,0.38820000000000005,1.0,0.1724590163934426,35.9126065070957,-47.29416800031399,-1.5562300581309039,0.0,0.00014600384518516124,0.0040110482953090885,servo_0.388
19.9381471100005,0.38820000000000005,1.0,0.1724590163934426,35.9126065070957,-47.29416800031399,-1.5562300581309039,0.0,0.00014600384518516124,-0.0012905062266373257,servo_0.388
19.939550605000477,0.38820000000000005,1.0,0.1724590163934426,35.9126065070957,-47.29416800031399,-1.5562132534405746,0.0,0.0013055171802223392,-0.0012905062266373257,servo_0.388
19.94367654600046,0.38820000000000005,1.0,0.1724590163934426,35.9126065070957,-47.29416800031399,-1.5562132534405746,0.0,0.0013055171802223392,-0.0058820911302930375,servo_0.388
19.945222957000624,0.38820000000000005,1.0,0.1724590163934426,35.9126065070957,-47.29416800031399,-1.5562236219365617,0.0,0.0005267101581644396,-0.0058820911302930375,servo_0.388
19.949043448999873,0.38820000000000005,1.0,0.1724590163934426,35.9126065070957,-47.29416800031399,-1.5562236219365617,0.0,0.0005267101581644396,0.0009894252023565345,servo_0.388
19.950544611000623,0.38820000000000005,1.0,0.1724590163934426,35.9126065070957,-47.29416800031399,-1.5562563305784802,0.0,-0.0013959302283728034,0.0009894252023565345,servo_0.388
19.954499731000396,0.38820000000000005,1.0,0.1724590163934426,35.9126065070957,-47.29416800031399,-1.5562563305784802,0.0,-0.0013959302283728034,0.005626674736254374,servo_0.388
19.95600508500047,0.38820000000000005,1.0,0.1724590163934426,35.9126065070957,-47.29416800031399,-1.5562549577705216,0.0,-0.0006803235991540018,0.005626674736254374,servo_0.388
19.96081107700047,0.38820000000000005,1.0,0.1724590163934426,35.9126065070957,-47.29416800031399,-1.556230628812464,0.0,0.001211775901468511,0.005626674736254374,servo_0.388
19.961653565000233,0.38820000000000005,1.0,0.1724590163934426,35.9126065070957,-47.29416800031399,-1.556230628812464,0.0,0.001211775901468511,0.0025914128255395213,servo_0.388
19.966138107000006,0.38820000000000005,1.0,0.1724590163934426,35.9126065070957,-47.29416800031399,-1.556221749506132,0.0,0.001625666978689814,0.0025914128255395213,servo_0.388
19.966929937000714,0.38820000000000005,1.0,0.1724590163934426,35.9126065070957,-47.29416800031399,-1.556221749506132,0.0,0.001625666978689814,-0.004307381402708973,servo_0.388
19.97105069400004,0.38820000000000005,1.0,0.1724590163934426,35.9126065070957,-47.29416800031399,-1.556221749506132,0.0,0.001625666978689814,-0.0036113533286951053,servo_0.388
19.972776342000543,0.38820000000000005,1.0,0.1724590163934426,35.9126065070957,-47.29416800031399,-1.556246775605754,0.0,-0.00015424753572982198,-0.0036113533286951053,servo_0.388
19.976516544000333,0.38820000000000005,1.0,0.1724590163934426,35.9126065070957,-47.29416800031399,-1.556246775605754,0.0,-0.00015424753572982198,-0.0027646959271587857,servo_0.388
19.978131149000546,0.38820000000000005,1.0,0.1724590163934426,35.9126065070957,-47.29416800031399,-1.5562684315195932,0.0,-0.0011913792736194069,-0.0027646959271587857,servo_0.388
19.98237939699993,0.38820000000000005,1.0,0.1724590163934426,35.9126065070957,-47.29416800031399,-1.5562684315195932,0.0,-0.0011913792736194069,0.004083989000629861,servo_0.388
19.984268826000516,0.38820000000000005,1.0,0.1724590163934426,35.9126065070957,-47.29416800031399,-1.556285969564486,0.0,-0.0016633742696812205,0.004083989000629861,servo_0.388
19.985172116000285,0.38820000000000005,1.0,0.1724590163934426,35.9126065070957,-47.29416800031399,-1.556285969564486,0.0,-0.0016633742696812205,0.003296633746726341,servo_0.388
19.98680288200012,0.38820000000000005,1.0,0.1724590163934426,35.9126065070957,-47.29416800031399,-1.556285969564486,0.0,-0.0016633742696812205,0.003296633746726341,servo_0.388
19.988538163000158,0.38820000000000005,1.0,0.1724590163934426,35.9126065070957,-47.29416800031399,-1.5562570305565318,0.0,0.001031574422006375,0.003296633746726341,servo_0.388
19.989340170000105,0.38820000000000005,1.0,0.1724590163934426,35.9126065070957,-47.29416800031399,-1.5562570305565318,0.0,0.001031574422006375,-0.005841175717303444,servo_0.388
19.993736070000523,0.38820000000000005,1.0,0.1724590163934426,35.9126065070957,-47.29416800031399,-1.556290343723658,0.0,-0.0010302506197865705,-0.005841175717303444,servo_0.388
19.994522523999876,0.38820000000000005,1.0,0.1724590163934426,35.9126065070957,-47.29416800031399,-1.556290343723658,0.0,-0.0010302506197865705,-0.008093527564481146,servo_0.388
19.998615086999962,0.38820000000000005,1.0,0.1724590163934426,35.9126065070957,-47.29416800031399,-1.556290343723658,0.0,-0.0010302506197865705,-0.0012813128593157231,servo_0.388
20.00023103700005,0.38820000000000005,1.0,0.1724590163934426,35.9126065070957,-47.29416800031399,-1.5563350294291811,0.0,-0.003149233703194943,-0.0012813128593157231,servo_0.388
20.00416103600037,0.38820000000000005,1.0,0.1724590163934426,35.9126065070957,-47.29416800031399,-1.5563350294291811,0.0,-0.003149233703194943,0.00631825709975322,servo_0.388
20.005931933000284,0.38820000000000005,1.0,0.1724590163934426,35.9126065070957,-47.29416800031399,-1.556345227249948,0.0,-0.002588857450031177,0.00631825709975322,servo_0.388
20.01106212600007,0.38820000000000005,1.0,0.1724590163934426,35.9126065070957,-47.29416800031399,-1.5563172472952347,0.0,8.327691490414243e-05,0.00631825709975322,servo_0.388
20.01207335500021,0.38820000000000005,1.0,0.1724590163934426,35.9126065070957,-47.29416800031399,-1.5563172472952347,0.0,8.327691490414243e-05,0.004097627558317834,servo_0.388
20.015815348000615,0.38820000000000005,1.0,0.1724590163934426,35.9126065070957,-47.29416800031399,-1.5563172472952347,0.0,8.327691490414243e-05,-0.004289297394580304,servo_0.388
20.017648104000727,0.38820000000000005,1.0,0.1724590163934426,35.9126065070957,-47.29416800031399,-1.5563011693637845,0.0,0.00128758210792825,-0.004289297394580304,servo_0.388
20.020813825000005,0.38820000000000005,1.0,0.1724590163934426,35.9126065070957,-47.29416800031399,-1.5563011693637845,0.0,0.00128758210792825,-0.010400736368925278,servo_0.388
20.02259701100047,0.38820000000000005,1.0,0.1724590163934426,35.9126065070957,-47.29416800031399,-1.5563270127223316,0.0,-0.0003854817428243163,-0.010400736368925278,servo_0.388
20.026521153999965,0.38820000000000005,1.0,0.1724590163934426,35.9126065070957,-47.29416800031399,-1.5563270127223316,0.0,-0.0003854817428243163,0.003178029451460742,servo_0.388
20.028301203999945,0.38820000000000005,1.0,0.1724590163934426,35.9126065070957,-47.29416800031399,-1.5563827925317069,0.0,-0.003390058130654605,0.003178029451460742,servo_0.388
20.032101792000503,0.38820000000000005,1.0,0.1724590163934426,35.9126065070957,-47.29416800031399,-1.5563827925317069,0.0,-0.003390058130654605,0.007082780428647165,servo_0.388
20.033826511999905,0.38820000000000005,1.0,0.1724590163934426,35.9126065070957,-47.29416800031399,-1.5563706487697393,0.0,-0.0014196318560200005,0.007082780428647165,servo_0.388
20.03465991200028,0.38820000000000005,1.0,0.1724590163934426,35.9126065070957,-47.29416800031399,-1.5563706487697393,0.0,-0.0014196318560200005,0.004097627558317834,servo_0.388
20.036335894999866,0.38820000000000005,1.0,0.1724590163934426,35.9126065070957,-47.29416800031399,-1.5563706487697393,0.0,-0.0014196318560200005,0.004097627558317834,servo_0.388
20.03772403000039,0.38820000000000005,1.0,0.1724590163934426,35.9126065070957,-47.29416800031399,-1.5563706487697393,0.0,-0.0014196318560200005,-0.00126767430162775,servo_0.388
20.039401132999956,0.38820000000000005,1.0,0.1724590163934426,35.9126065070957,-47.29416800031399,-1.5563232117744168,0.0,0.0020210525480614545,-0.00126767430162775,servo_0.388
20.043222361000517,0.38820000000000005,1.0,0.1724590163934426,35.9126065070957,-47.29416800031399,-1.5563232117744168,0.0,0.0020210525480614545,-0.005117567801399094,servo_0.388
20.04491005700038,0.38820000000000005,1.0,0.1724590163934426,35.9126065070957,-47.29416800031399,-1.5563339120304571,0.0,0.0010344344931546932,-0.005117567801399094,servo_0.388
20.04865893100032,0.38820000000000005,1.0,0.1724590163934426,35.9126065070957,-47.29416800031399,-1.5563339120304571,0.0,0.0010344344931546932,0.00018843163458472092,servo_0.388
20.050291745000322,0.38820000000000005,1.0,0.1724590163934426,35.9126065070957,-47.29416800031399,-1.5563638284612173,0.0,-0.0008111661952114428,0.00018843163458472092,servo_0.388
20.054081643000245,0.38820000000000005,1.0,0.1724590163934426,35.9126065070957,-47.29416800031399,-1.5563638284612173,0.0,-0.0008111661952114428,0.006286232067496367,servo_0.388
20.055745114000274,0.38820000000000005,1.0,0.1724590163934426,35.9126065070957,-47.29416800031399,-1.556366826616098,0.0,-0.0005112868462725936,0.006286232067496367,servo_0.388
20.05947517200002,0.38820000000000005,1.0,0.1724590163934426,35.9126065070957,-47.29416800031399,-1.556366826616098,0.0,-0.0005112868462725936,0.004807294450094,servo_0.388
20.06115102700005,0.38820000000000005,1.0,0.1724590163934426,35.9126065070957,-47.29416800031399,-1.5563394782551805,0.0,0.0015279688278580946,0.004807294450094,servo_0.388
20.0648851800006,0.38820000000000005,1.0,0.1724590163934426,35.9126065070957,-47.29416800031399,-1.5563394782551805,0.0,0.0015279688278580946,-0.0035748828459975564,servo_0.388
20.066520682000373,0.38820000000000005,1.0,0.1724590163934426,35.9126065070957,-47.29416800031399,-1.5563201622817058,0.0,0.002511766514528866,-0.0035748828459975564,servo_0.388
20.0704421370001,0.38820000000000005,1.0,0.1724590163934426,35.9126065070957,-47.29416800031399,-1.5563201622817058,0.0,0.002511766514528866,-0.005850066098036184,servo_0.388
20.072243915999934,0.38820000000000005,1.0,0.1724590163934426,35.9126065070957,-47.29416800031399,-1.5563424176374214,0.0,0.0006857717063709391,-0.005850066098036184,servo_0.388
20.07599778199983,0.38820000000000005,1.0,0.1724590163934426,35.9126065070957,-47.29416800031399,-1.5563424176374214,0.0,0.0006857717063709391,0.0002750109138481122,servo_0.388
20.077692869000202,0.38820000000000005,1.0,0.1724590163934426,35.9126065070957,-47.29416800031399,-1.5563756181558108,0.0,-0.001274979634951198,0.0002750109138481122,servo_0.388
20.081125478000104,0.38820000000000005,1.0,0.1724590163934426,35.9126065070957,-47.29416800031399,-1.5563756181558108,0.0,-0.001274979634951198,0.004880235415489098,servo_0.388
20.0826166880006,0.38820000000000005,1.0,0.1724590163934426,35.9126065070957,-47.29416800031399,-1.556378802566482,0.0,-0.0008099824703114048,0.004880235415489098,servo_0.388
20.086783749999995,0.38820000000000005,1.0,0.1724590163934426,35.9126065070957,-47.29416800031399,-1.556378802566482,0.0,-0.0008099824703114048,0.0033102723044143145,servo_0.388
20.08841429200038,0.38820000000000005,1.0,0.1724590163934426,35.9126065070957,-47.29416800031399,-1.5563595449853918,0.0,0.000897082895428746,0.0033102723044143145,servo_0.388
20.089956607000204,0.38820000000000005,1.0,0.1724590163934426,35.9126065070957,-47.29416800031399,-1.5563595449853918,0.0,0.000897082895428746,0.0033102723044143145,servo_0.388
20.094482975000574,0.38820000000000005,1.0,0.1724590163934426,35.9126065070957,-47.29416800031399,-1.5563595449853918,0.0,0.000897082895428746,-0.0058227889826602385,servo_0.388
20.09652456799995,0.38820000000000005,1.0,0.1724590163934426,35.9126065070957,-47.29416800031399,-1.5563476465780461,0.0,0.0016210397181244166,-0.0058227889826602385,servo_0.388
20.097358416000134,0.38820000000000005,1.0,0.1724590163934426,35.9126065070957,-47.29416800031399,-1.5563476465780461,0.0,0.0016210397181244166,-0.006632976161573334,servo_0.388
20.099787316000402,0.38820000000000005,1.0,0.1724590163934426,35.9126065070957,-47.29416800031399,-1.5563476465780461,0.0,0.0016210397181244166,-0.0013041447843252989,servo_0.388
20.101643337000496,0.38820000000000005,1.0,0.1724590163934426,35.9126065070957,-47.29416800031399,-1.5564188933227006,0.0,-0.0024183690729496863,-0.0013041447843252989,servo_0.388
20.10547602099996,0.38820000000000005,1.0,0.1724590163934426,35.9126065070957,-47.29416800031399,-1.5564188933227006,0.0,-0.0024183690729496863,0.004106820925639437,servo_0.388
20.107156804000624,0.38820000000000005,1.0,0.1724590163934426,35.9126065070957,-47.29416800031399,-1.5564295763981475,0.0,-0.00208410178636237,0.004106820925639437,servo_0.388
20.110557668000183,0.38820000000000005,1.0,0.1724590163934426,35.9126065070957,-47.29416800031399,-1.5564295763981475,0.0,-0.00208410178636237,0.0018360826038928543,servo_0.388
20.112197041999934,0.38820000000000005,1.0,0.1724590163934426,35.9126065070957,-47.29416800031399,-1.556413186792345,0.0,-0.0002268249727618275,0.0018360826038928543,servo_0.388
20.116841813000065,0.38820000000000005,1.0,0.1724590163934426,35.9126065070957,-47.29416800031399,-1.556413186792345,0.0,-0.0002268249727618275,-0.0035247740656863596,servo_0.388
20.118608167000275,0.38820000000000005,1.0,0.1724590163934426,35.9126065070957,-47.29416800031399,-1.55640868840982,0.0,0.0003920473002345771,-0.0035247740656863596,servo_0.388
20.12067923399991,0.38820000000000005,1.0,0.1724590163934426,35.9126065070957,-47.29416800031399,-1.55640868840982,0.0,0.0003920473002345771,-0.0035247740656863596,servo_0.388
20.122936353000114,0.38820000000000005,1.0,0.1724590163934426,35.9126065070957,-47.29416800031399,-1.5564765949145192,0.0,-0.002972066000694847,-0.0035247740656863596,servo_0.388
20.123793178000597,0.38820000000000005,1.0,0.1724590163934426,35.9126065070957,-47.29416800031399,-1.5564765949145192,0.0,-0.002972066000694847,-0.008079888746718849,servo_0.388
20.125027772000067,0.38820000000000005,1.0,0.1724590163934426,35.9126065070957,-47.29416800031399,-1.5564765949145192,0.0,-0.002972066000694847,0.0009529549797333108,servo_0.388
20.127992751999955,0.38820000000000005,1.0,0.1724590163934426,35.9126065070957,-47.29416800031399,-1.5564765949145192,0.0,-0.002972066000694847,0.006331895917515519,servo_0.388
20.129527195000264,0.38820000000000005,1.0,0.1724590163934426,35.9126065070957,-47.29416800031399,-1.5564762012129547,0.0,-0.0017945597065663996,0.006331895917515519,servo_0.388
20.134722734000206,0.38820000000000005,1.0,0.1724590163934426,35.9126065070957,-47.29416800031399,-1.5564762012129547,0.0,-0.0017945597065663996,0.004793655632331702,servo_0.388
20.137608671000635,0.38820000000000005,1.0,0.1724590163934426,35.9126065070957,-47.29416800031399,-1.5564490664119548,0.0,0.000643376980658176,0.004793655632331702,servo_0.388
20.139307791000647,0.38820000000000005,1.0,0.1724590163934426,35.9126065070957,-47.29416800031399,-1.5564490664119548,0.0,0.000643376980658176,-0.004325767617203527,servo_0.388
20.14106300900039,0.38820000000000005,1.0,0.1724590163934426,35.9126065070957,-47.29416800031399,-1.5564300945611302,0.0,0.0018884605761602335,-0.004325767617203527,servo_0.388
20.14516965200073,0.38820000000000005,1.0,0.1724590163934426,35.9126065070957,-47.29416800031399,-1.5564300945611302,0.0,0.0018884605761602335,-0.008093527564481146,servo_0.388
20.14670649600066,0.38820000000000005,1.0,0.1724590163934426,35.9126065070957,-47.29416800031399,-1.5564565627000009,0.0,2.419211815110514e-05,-0.008093527564481146,servo_0.388
20.15139843599991,0.38820000000000005,1.0,0.1724590163934426,35.9126065070957,-47.29416800031399,-1.5565018308097125,0.0,-0.00241112378663857,-0.008093527564481146,servo_0.388
20.15230111800065,0.38820000000000005,1.0,0.1724590163934426,35.9126065070957,-47.29416800031399,-1.5565018308097125,0.0,-0.00241112378663857,-0.0005532600131193276,servo_0.388
20.156167658999948,0.38820000000000005,1.0,0.1724590163934426,35.9126065070957,-47.29416800031399,-1.5565018308097125,0.0,-0.00241112378663857,0.00625895495212042,servo_0.388
20.15795625300052,0.38820000000000005,1.0,0.1724590163934426,35.9126065070957,-47.29416800031399,-1.5565088741577822,0.0,-0.0018537646545827972,0.00625895495212042,servo_0.388
20.162440699999934,0.38820000000000005,1.0,0.1724590163934426,35.9126065070957,-47.29416800031399,-1.5565088741577822,0.0,-0.0018537646545827972,0.0033239111221766127,servo_0.388
20.165037284999926,0.38820000000000005,1.0,0.1724590163934426,35.9126065070957,-47.29416800031399,-1.5564816435893738,0.0,0.0005800512274281681,0.0033239111221766127,servo_0.388
20.165835290999894,0.38820000000000005,1.0,0.1724590163934426,35.9126065070957,-47.29416800031399,-1.5564816435893738,0.0,0.0005800512274281681,-0.005017350240776699,servo_0.388
20.167320004999965,0.38820000000000005,1.0,0.1724590163934426,35.9126065070957,-47.29416800031399,-1.5564816435893738,0.0,0.0005800512274281681,-0.005017350240776699,servo_0.388
20.169512579000184,0.38820000000000005,1.0,0.1724590163934426,35.9126065070957,-47.29416800031399,-1.5565007631447467,0.0,-0.0005229586351361186,-0.005017350240776699,servo_0.388
20.170419101000334,0.38820000000000005,1.0,0.1724590163934426,35.9126065070957,-47.29416800031399,-1.5565007631447467,0.0,-0.0005229586351361186,-0.008116358969342072,servo_0.388
20.173458642000696,0.38820000000000005,1.0,0.1724590163934426,35.9126065070957,-47.29416800031399,-1.5565007631447467,0.0,-0.0005229586351361186,-0.0012220107116829235,servo_0.388
20.175108353000724,0.38820000000000005,1.0,0.1724590163934426,35.9126065070957,-47.29416800031399,-1.5565459204152332,0.0,-0.002800978735397905,-0.0012220107116829235,servo_0.388
20.179088785000204,0.38820000000000005,1.0,0.1724590163934426,35.9126065070957,-47.29416800031399,-1.5565459204152332,0.0,-0.002800978735397905,0.007146528286794985,servo_0.388
20.18097139800011,0.38820000000000005,1.0,0.1724590163934426,35.9126065070957,-47.29416800031399,-1.5565568419093703,0.0,-0.0023272883282834103,0.007146528286794985,servo_0.388
20.184744113000306,0.38820000000000005,1.0,0.1724590163934426,35.9126065070957,-47.29416800031399,-1.5565568419093703,0.0,-0.0023272883282834103,0.0025685809005299457,servo_0.388
20.18652905900035,0.38820000000000005,1.0,0.1724590163934426,35.9126065070957,-47.29416800031399,-1.5565258020974537,0.0,0.0005148566562401084,0.0025685809005299457,servo_0.388
20.190331278000485,0.38820000000000005,1.0,0.1724590163934426,35.9126065070957,-47.29416800031399,-1.5565258020974537,0.0,0.0005148566562401084,-0.005836427800422536,servo_0.388
20.19226784500006,0.38820000000000005,1.0,0.1724590163934426,35.9126065070957,-47.29416800031399,-1.5565181336487217,0.0,0.0011309739295270597,-0.005836427800422536,servo_0.388
20.196017453999957,0.38820000000000005,1.0,0.1724590163934426,35.9126065070957,-47.29416800031399,-1.5565181336487217,0.0,0.0011309739295270597,-0.008084333937085218,servo_0.388
20.197826369000722,0.38820000000000005,1.0,0.1724590163934426,35.9126065070957,-47.29416800031399,-1.556552318836794,0.0,-0.0009592465894578191,-0.008084333937085218,servo_0.388
20.201534761999937,0.38820000000000005,1.0,0.1724590163934426,35.9126065070957,-47.29416800031399,-1.556552318836794,0.0,-0.0009592465894578191,-0.0005167895304217786,servo_0.388
20.203377757999988,0.38820000000000005,1.0,0.1724590163934426,35.9126065070957,-47.29416800031399,-1.556597950586796,0.0,-0.0030967727937460383,-0.0005167895304217786,servo_0.388
20.20725962800043,0.38820000000000005,1.0,0.1724590163934426,35.9126065070957,-47.29416800031399,-1.556597950586796,0.0,-0.0030967727937460383,0.007815278725284256,servo_0.388
20.20926189200054,0.38820000000000005,1.0,0.1724590163934426,35.9126065070957,-47.29416800031399,-1.5566052591847657,0.0,-0.0023227778147487605,0.007815278725284256,servo_0.388
20.21008386700032,0.38820000000000005,1.0,0.1724590163934426,35.9126065070957,-47.29416800031399,-1.5566052591847657,0.0,-0.0023227778147487605,0.004816487557341278,servo_0.388
20.211540772000262,0.38820000000000005,1.0,0.1724590163934426,35.9126065070957,-47.29416800031399,-1.5566052591847657,0.0,-0.0023227778147487605,0.004816487557341278,servo_0.388
20.21479424000063,0.38820000000000005,1.0,0.1724590163934426,35.9126065070957,-47.29416800031399,-1.556552274556204,0.0,0.0019479936702851842,0.004816487557341278,servo_0.388
20.21585084600065,0.38820000000000005,1.0,0.1724590163934426,35.9126065070957,-47.29416800031399,-1.556552274556204,0.0,0.0019479936702851842,-0.003515580698364757,servo_0.388
20.219817709999916,0.38820000000000005,1.0,0.1724590163934426,35.9126065070957,-47.29416800031399,-1.556552274556204,0.0,0.0019479936702851842,-0.0051312066191613916,servo_0.388
20.222327701000722,0.38820000000000005,1.0,0.1724590163934426,35.9126065070957,-47.29416800031399,-1.5565752160275028,0.0,0.00030892135969020186,-0.0051312066191613916,servo_0.388
20.225629745999868,0.38820000000000005,1.0,0.1724590163934426,35.9126065070957,-47.29416800031399,-1.5565752160275028,0.0,0.00030892135969020186,-0.0012584810643433099,servo_0.388
20.227460453000276,0.38820000000000005,1.0,0.1724590163934426,35.9126065070957,-47.29416800031399,-1.5566059985905372,0.0,-0.0013231170339652763,-0.0012584810643433099,servo_0.388
20.231183406000127,0.38820000000000005,1.0,0.1724590163934426,35.9126065070957,-47.29416800031399,-1.5566059985905372,0.0,-0.0013231170339652763,0.0055902039934825,servo_0.388
20.233033410000644,0.38820000000000005,1.0,0.1724590163934426,35.9126065070957,-47.29416800031399,-1.5566169652488886,0.0,-0.0013037262430786864,0.0055902039934825,servo_0.388
20.236787083999843,0.38820000000000005,1.0,0.1724590163934426,35.9126065070957,-47.29416800031399,-1.5566169652488886,0.0,-0.0013037262430786864,0.0010122571273661104,servo_0.388
20.23856975900071,0.38820000000000005,1.0,0.1724590163934426,35.9126065070957,-47.29416800031399,-1.5565937222827455,0.0,0.0007644528278896694,0.0010122571273661104,servo_0.388
20.24016638000012,0.38820000000000005,1.0,0.1724590163934426,35.9126065070957,-47.29416800031399,-1.5565939630020413,0.0,0.0008387941177326016,0.0010122571273661104,servo_0.388
20.24243402800039,0.38820000000000005,1.0,0.1724590163934426,35.9126065070957,-47.29416800031399,-1.5565939630020413,0.0,0.0008387941177326016,-0.0058456209076698145,servo_0.388
20.244519494000087,0.38820000000000005,1.0,0.1724590163934426,35.9126065070957,-47.29416800031399,-1.5565939630020413,0.0,0.0008387941177326016,-0.0058456209076698145,servo_0.388
20.245448481000494,0.38820000000000005,1.0,0.1724590163934426,35.9126065070957,-47.29416800031399,-1.5565939630020413,0.0,0.0008387941177326016,-0.006600951129316481,servo_0.388
20.249816444000317,0.38820000000000005,1.0,0.1724590163934426,35.9126065070957,-47.29416800031399,-1.5566663820341728,0.0,-0.002796856611716631,-0.006600951129316481,servo_0.388
20.251710289000584,0.38820000000000005,1.0,0.1724590163934426,35.9126065070957,-47.29416800031399,-1.5566663820341728,0.0,-0.002796856611716631,-0.0004895124150458322,servo_0.388
20.256458103000114,0.38820000000000005,1.0,0.1724590163934426,35.9126065070957,-47.29416800031399,-1.5566663820341728,0.0,-0.002796856611716631,0.004065602526060981,servo_0.388
20.259117186000367,0.38820000000000005,1.0,0.1724590163934426,35.9126065070957,-47.29416800031399,-1.5566739014520914,0.0,-0.002104653352715391,0.004065602526060981,servo_0.388
20.261876464000125,0.38820000000000005,1.0,0.1724590163934426,35.9126065070957,-47.29416800031399,-1.5566739014520914,0.0,-0.002104653352715391,0.004780017334718054,servo_0.388
20.263884136999877,0.38820000000000005,1.0,0.1724590163934426,35.9126065070957,-47.29416800031399,-1.556658472361029,0.0,-0.0002535765890824791,0.004780017334718054,servo_0.388
20.26546427700032,0.38820000000000005,1.0,0.1724590163934426,35.9126065070957,-47.29416800031399,-1.5566401714339906,0.0,0.0012565015880576808,0.004780017334718054,servo_0.388
20.26941216400064,0.38820000000000005,1.0,0.1724590163934426,35.9126065070957,-47.29416800031399,-1.5566401714339906,0.0,0.0012565015880576808,0.004780017334718054,servo_0.388
20.270483651000177,0.38820000000000005,1.0,0.1724590163934426,35.9126065070957,-47.29416800031399,-1.5566401714339906,0.0,0.0012565015880576808,-0.0035748828459975564,servo_0.388
20.271711813000366,0.38820000000000005,1.0,0.1724590163934426,35.9126065070957,-47.29416800031399,-1.5566401714339906,0.0,0.0012565015880576808,-0.005172122552299636,servo_0.388
20.273574778000693,0.38820000000000005,1.0,0.1724590163934426,35.9126065070957,-47.29416800031399,-1.5566401714339906,0.0,0.0012565015880576808,0.005576565695868852,servo_0.388
20.275036259000444,0.38820000000000005,1.0,0.1724590163934426,35.9126065070957,-47.29416800031399,-1.5566944964777594,0.0,-0.001686676385201114,0.005576565695868852,servo_0.388
20.278886832000353,0.38820000000000005,1.0,0.1724590163934426,35.9126065070957,-47.29416800031399,-1.5566944964777594,0.0,-0.001686676385201114,0.005576565695868852,servo_0.388
20.280804613999862,0.38820000000000005,1.0,0.1724590163934426,35.9126065070957,-47.29416800031399,-1.5566811495129833,0.0,0.0004922962391198757,0.005576565695868852,servo_0.388
20.284539983000286,0.38820000000000005,1.0,0.1724590163934426,35.9126065070957,-47.29416800031399,-1.5566811495129833,0.0,0.0004922962391198757,0.002564135710163575,servo_0.388
20.286127100000158,0.38820000000000005,1.0,0.1724590163934426,35.9126065070957,-47.29416800031399,-1.5566811495129833,0.0,0.0020175770761445685,0.002564135710163575,servo_0.388
20.290025098000115,0.38820000000000005,1.0,0.1724590163934426,35.9126065070957,-47.29416800031399,-1.5566811495129833,0.0,0.0020175770761445685,-0.006528010163921383,servo_0.388
20.291822076000244,0.38820000000000005,1.0,0.1724590163934426,35.9126065070957,-47.29416800031399,-1.5566737100588215,0.0,0.0021815446663502706,-0.006528010163921383,servo_0.388
20.2955124529999,0.38820000000000005,1.0,0.1724590163934426,35.9126065070957,-47.29416800031399,-1.5566737100588215,0.0,0.0021815446663502706,-0.007306172310577626,servo_0.388
20.297171123000226,0.38820000000000005,1.0,0.1724590163934426,35.9126065070957,-47.29416800031399,-1.5567082375184653,0.0,-0.00043132178273122546,-0.007306172310577626,servo_0.388
20.300869852000687,0.38820000000000005,1.0,0.1724590163934426,35.9126065070957,-47.29416800031399,-1.5567082375184653,0.0,-0.00043132178273122546,-0.0012083721539949503,servo_0.388
20.30262929299988,0.38820000000000005,1.0,0.1724590163934426,35.9126065070957,-47.29416800031399,-1.5567507271881817,0.0,-0.0024937769410851456,-0.0012083721539949503,servo_0.388
20.30632418100049,0.38820000000000005,1.0,0.1724590163934426,35.9126065070957,-47.29416800031399,-1.5567507271881817,0.0,-0.0024937769410851456,0.0048665965977268,servo_0.388
20.307777437999903,0.38820000000000005,1.0,0.1724590163934426,35.9126065070957,-47.29416800031399,-1.5567621194557233,0.0,-0.002108155504958087,0.0048665965977268,servo_0.388
20.312288574000377,0.38820000000000005,1.0,0.1724590163934426,35.9126065070957,-47.29416800031399,-1.5567621194557233,0.0,-0.002108155504958087,0.004766378516955756,servo_0.388
20.314047470999867,0.38820000000000005,1.0,0.1724590163934426,35.9126065070957,-47.29416800031399,-1.5567433583238142,0.0,-1.5729874152620865e-05,0.004766378516955756,servo_0.388
20.3148463739999,0.38820000000000005,1.0,0.1724590163934426,35.9126065070957,-47.29416800031399,-1.5567433583238142,0.0,-1.5729874152620865e-05,-0.003584076213319159,servo_0.388
20.3162675020003,0.38820000000000005,1.0,0.1724590163934426,35.9126065070957,-47.29416800031399,-1.5567433583238142,0.0,-1.5729874152620865e-05,-0.003584076213319159,servo_0.388
20.31849588500063,0.38820000000000005,1.0,0.1724590163934426,35.9126065070957,-47.29416800031399,-1.5567433583238142,0.0,-1.5729874152620865e-05,-0.008093527564481146,servo_0.388
20.31986293099999,0.38820000000000005,1.0,0.1724590163934426,35.9126065070957,-47.29416800031399,-1.5567494632893604,0.0,-8.199101376982318e-05,-0.008093527564481146,servo_0.388
20.324046217000614,0.38820000000000005,1.0,0.1724590163934426,35.9126065070957,-47.29416800031399,-1.5567494632893604,0.0,-8.199101376982318e-05,0.0009621480869805881,servo_0.388
20.32545876899985,0.38820000000000005,1.0,0.1724590163934426,35.9126065070957,-47.29416800031399,-1.5567955104010558,0.0,-0.0024854519789832196,0.0009621480869805881,servo_0.388
20.32951053099987,0.38820000000000005,1.0,0.1724590163934426,35.9126065070957,-47.29416800031399,-1.5567955104010558,0.0,-0.0024854519789832196,0.00631825709975322,servo_0.388
20.330851401000473,0.38820000000000005,1.0,0.1724590163934426,35.9126065070957,-47.29416800031399,-1.5567956262241176,0.0,-0.0014511719591940773,0.00631825709975322,servo_0.388
20.33505363200038,0.38820000000000005,1.0,0.1724590163934426,35.9126065070957,-47.29416800031399,-1.5567956262241176,0.0,-0.0014511719591940773,0.003296633746726341,servo_0.388
20.33660199499991,0.38820000000000005,1.0,0.1724590163934426,35.9126065070957,-47.29416800031399,-1.5567695357312867,0.0,0.000879656758490112,0.003296633746726341,servo_0.388
20.340872579999996,0.38820000000000005,1.0,0.1724590163934426,35.9126065070957,-47.29416800031399,-1.5567695357312867,0.0,0.000879656758490112,-0.005058265653766294,servo_0.388
20.342236905999926,0.38820000000000005,1.0,0.1724590163934426,35.9126065070957,-47.29416800031399,-1.5567589815818543,0.0,0.0016047498549609804,-0.005058265653766294,servo_0.388
20.346234651000486,0.38820000000000005,1.0,0.1724590163934426,35.9126065070957,-47.29416800031399,-1.5567589815818543,0.0,0.0016047498549609804,-0.007329004235587202,servo_0.388
20.347776837999845,0.38820000000000005,1.0,0.1724590163934426,35.9126065070957,-47.29416800031399,-1.5567900041529814,0.0,-0.00039415479765720187,-0.007329004235587202,servo_0.388
20.351817272000517,0.38820000000000005,1.0,0.1724590163934426,35.9126065070957,-47.29416800031399,-1.5567900041529814,0.0,-0.00039415479765720187,-0.0012540357439397767,servo_0.388
20.353328387000147,0.38820000000000005,1.0,0.1724590163934426,35.9126065070957,-47.29416800031399,-1.5568327538308182,0.0,-0.0024746096290362016,-0.0012540357439397767,servo_0.388
20.354069624000658,0.38820000000000005,1.0,0.1724590163934426,35.9126065070957,-47.29416800031399,-1.5568327538308182,0.0,-0.0024746096290362016,0.007838110650293831,servo_0.388
20.35550009600047,0.38820000000000005,1.0,0.1724590163934426,35.9126065070957,-47.29416800031399,-1.5568433852616832,0.0,-0.002108437463507274,0.007838110650293831,servo_0.388
20.357512665000286,0.38820000000000005,1.0,0.1724590163934426,35.9126065070957,-47.29416800031399,-1.5568433852616832,0.0,-0.002108437463507274,0.004825680664588555,servo_0.388
20.358991555000102,0.38820000000000005,1.0,0.1724590163934426,35.9126065070957,-47.29416800031399,-1.5568083759170348,0.0,0.0008755269706330574,0.004825680664588555,servo_0.388
20.362940370000615,0.38820000000000005,1.0,0.1724590163934426,35.9126065070957,-47.29416800031399,-1.5568083759170348,0.0,0.0008755269706330574,-0.005044627356152646,servo_0.388
20.36443701999997,0.38820000000000005,1.0,0.1724590163934426,35.9126065070957,-47.29416800031399,-1.556790468662906,0.0,0.0020605730788197064,-0.005044627356152646,servo_0.388
20.36852827200073,0.38820000000000005,1.0,0.1724590163934426,35.9126065070957,-47.29416800031399,-1.556790468662906,0.0,0.0020605730788197064,-0.007365474458210426,servo_0.388
20.370126141000583,0.38820000000000005,1.0,0.1724590163934426,35.9126065070957,-47.29416800031399,-1.5568221043185202,0.0,-7.098705167199936e-05,-0.007365474458210426,servo_0.388
20.3740055140006,0.38820000000000005,1.0,0.1724590163934426,35.9126065070957,-47.29416800031399,-1.5568221043185202,0.0,-7.098705167199936e-05,0.0009894252023565345,servo_0.388
20.37559832700026,0.38820000000000005,1.0,0.1724590163934426,35.9126065070957,-47.29416800031399,-1.5568645945434143,0.0,-0.0022593332736335274,0.0009894252023565345,servo_0.388
20.379470052000215,0.38820000000000005,1.0,0.1724590163934426,35.9126065070957,-47.29416800031399,-1.5568645945434143,0.0,-0.0022593332736335274,0.006354727322376444,servo_0.388
20.381143347000034,0.38820000000000005,1.0,0.1724590163934426,35.9126065070957,-47.29416800031399,-1.556863531320472,0.0,-0.0012847057308365086,0.006354727322376444,servo_0.388
20.384932926000147,0.38820000000000005,1.0,0.1724590163934426,35.9126065070957,-47.29416800031399,-1.556863531320472,0.0,-0.0012847057308365086,0.003360381344799836,servo_0.388
20.386498730000312,0.38820000000000005,1.0,0.1724590163934426,35.9126065070957,-47.29416800031399,-1.5568358389812254,0.0,0.0010071241851273773,0.003360381344799836,servo_0.388
20.39065795100032,0.38820000000000005,1.0,0.1724590163934426,35.9126065070957,-47.29416800031399,-1.5568358389812254,0.0,0.0010071241851273773,-0.004293742584946674,servo_0.388
20.39239467200059,0.38820000000000005,1.0,0.1724590163934426,35.9126065070957,-47.29416800031399,-1.5568255030584015,0.0,0.0017131013330291148,-0.004293742584946674,servo_0.388
20.396298622999893,0.38820000000000005,1.0,0.1724590163934426,35.9126065070957,-47.29416800031399,-1.5568255030584015,0.0,0.0017131013330291148,-0.006578119204306905,servo_0.388
20.398007823000626,0.38820000000000005,1.0,0.1724590163934426,35.9126065070957,-47.29416800031399,-1.556853123071842,0.0,-8.895184236362187e-05,-0.006578119204306905,servo_0.388
20.40169045499988,0.38820000000000005,1.0,0.1724590163934426,35.9126065070957,-47.29416800031399,-1.556853123071842,0.0,-8.895184236362187e-05,0.0010030637600445076,servo_0.388
20.40338301400061,0.38820000000000005,1.0,0.1724590163934426,35.9126065070957,-47.29416800031399,-1.5568922699967727,0.0,-0.0020357020509466067,0.0010030637600445076,servo_0.388
20.407146384000043,0.38820000000000005,1.0,0.1724590163934426,35.9126065070957,-47.29416800031399,-1.5568922699967727,0.0,-0.0020357020509466067,0.005567372588621574,servo_0.388
20.408893505999913,0.38820000000000005,1.0,0.1724590163934426,35.9126065070957,-47.29416800031399,-1.5568907996330315,0.0,-0.0011240723076492722,0.005567372588621574,servo_0.388
20.409708601000602,0.38820000000000005,1.0,0.1724590163934426,35.9126065070957,-47.29416800031399,-1.5568907996330315,0.0,-0.0011240723076492722,0.0017675870889384522,servo_0.388
20.411288453000452,0.38820000000000005,1.0,0.1724590163934426,35.9126065070957,-47.29416800031399,-1.5568907996330315,0.0,-0.0011240723076492722,0.0017675870889384522,servo_0.388
20.412660684000002,0.38820000000000005,1.0,0.1724590163934426,35.9126065070957,-47.29416800031399,-1.5568907996330315,0.0,-0.0011240723076492722,-0.006578119204306905,servo_0.388
20.414269049000723,0.38820000000000005,1.0,0.1724590163934426,35.9126065070957,-47.29416800031399,-1.5568641263080243,0.0,0.0011486289395439228,-0.006578119204306905,servo_0.388
20.4181921039999,0.38820000000000005,1.0,0.1724590163934426,35.9126065070957,-47.29416800031399,-1.5568641263080243,0.0,0.0011486289395439228,-0.00812999778710437,servo_0.388
20.419834262000222,0.38820000000000005,1.0,0.1724590163934426,35.9126065070957,-47.29416800031399,-1.5569033017884095,0.0,-0.0011693955036113255,-0.00812999778710437,servo_0.388
20.42362761700042,0.38820000000000005,1.0,0.1724590163934426,35.9126065070957,-47.29416800031399,-1.5569033017884095,0.0,-0.0011693955036113255,-0.002013811285989977,servo_0.388
20.425299664000704,0.38820000000000005,1.0,0.1724590163934426,35.9126065070957,-47.29416800031399,-1.5569499687925208,0.0,-0.0032575761886592383,-0.002013811285989977,servo_0.388
20.42910934000065,0.38820000000000005,1.0,0.1724590163934426,35.9126065070957,-47.29416800031399,-1.5569499687925208,0.0,-0.0032575761886592383,0.0056495061411152995,servo_0.388
20.430682856000203,0.38820000000000005,1.0,0.1724590163934426,35.9126065070957,-47.29416800031399,-1.556957695018914,0.0,-0.0028844467178584595,0.0056495061411152995,servo_0.388
20.434476019000613,0.38820000000000005,1.0,0.1724590163934426,35.9126065070957,-47.29416800031399,-1.556957695018914,0.0,-0.0028844467178584595,0.007050755396390312,servo_0.388
20.436082656000508,0.38820000000000005,1.0,0.1724590163934426,35.9126065070957,-47.29416800031399,-1.556933609017296,0.0,-0.00032426086016633187,0.007050755396390312,servo_0.388
20.440001615000256,0.38820000000000005,1.0,0.1724590163934426,35.9126065070957,-47.29416800031399,-1.556933609017296,0.0,-0.00032426086016633187,-0.005859259725432112,servo_0.388
20.441633373000514,0.38820000000000005,1.0,0.1724590163934426,35.9126065070957,-47.29416800031399,-1.5569047901310502,0.0,0.001888244016800661,-0.005859259725432112,servo_0.388
20.44546160900063,0.38820000000000005,1.0,0.1724590163934426,35.9126065070957,-47.29416800031399,-1.5569047901310502,0.0,0.001888244016800661,-0.008120804679857093,servo_0.388
20.447063606000484,0.38820000000000005,1.0,0.1724590163934426,35.9126065070957,-47.29416800031399,-1.556940086683124,0.0,-0.00043600710586917104,-0.008120804679857093,servo_0.388
20.450940611000078,0.38820000000000005,1.0,0.1724590163934426,35.9126065070957,-47.29416800031399,-1.556940086683124,0.0,-0.00043600710586917104,0.00022490185720794472,servo_0.388
20.452596082000127,0.38820000000000005,1.0,0.1724590163934426,35.9126065070957,-47.29416800031399,-1.5569865262012281,0.0,-0.0027414463780655474,0.00022490185720794472,servo_0.388
20.456530881000617,0.38820000000000005,1.0,0.1724590163934426,35.9126065070957,-47.29416800031399,-1.5569865262012281,0.0,-0.0027414463780655474,0.0033968518274973855,servo_0.388
20.45830366700011,0.38820000000000005,1.0,0.1724590163934426,35.9126065070957,-47.29416800031399,-1.5569837503614956,0.0,-0.0018515419074834998,0.0033968518274973855,servo_0.388
20.462061213000197,0.38820000000000005,1.0,0.1724590163934426,35.9126065070957,-47.29416800031399,-1.5569837503614956,0.0,-0.0018515419074834998,0.003296633746726341,servo_0.388
20.463786605000678,0.38820000000000005,1.0,0.1724590163934426,35.9126065070957,-47.29416800031399,-1.5569695846198242,0.0,-0.00027702378698923414,0.003296633746726341,servo_0.388
20.464650822000294,0.38820000000000005,1.0,0.1724590163934426,35.9126065070957,-47.29416800031399,-1.5569695846198242,0.0,-0.00027702378698923414,-0.004330213067644224,servo_0.388
20.46655516300052,0.38820000000000005,1.0,0.1724590163934426,35.9126065070957,-47.29416800031399,-1.5569695846198242,0.0,-0.00027702378698923414,-0.004330213067644224,servo_0.388
20.468231403000573,0.38820000000000005,1.0,0.1724590163934426,35.9126065070957,-47.29416800031399,-1.5569877700611392,0.0,-0.0007425124891054604,-0.004330213067644224,servo_0.388
20.469104483000592,0.38820000000000005,1.0,0.1724590163934426,35.9126065070957,-47.29416800031399,-1.5569877700611392,0.0,-0.0007425124891054604,-0.006651060169702004,servo_0.388
20.47317515800023,0.38820000000000005,1.0,0.1724590163934426,35.9126065070957,-47.29416800031399,-1.5569877700611392,0.0,-0.0007425124891054604,0.0009894252023565345,servo_0.388
20.47476793900023,0.38820000000000005,1.0,0.1724590163934426,35.9126065070957,-47.29416800031399,-1.5570260745265871,0.0,-0.002515076793284423,0.0009894252023565345,servo_0.388
20.478641360000438,0.38820000000000005,1.0,0.1724590163934426,35.9126065070957,-47.29416800031399,-1.5570260745265871,0.0,-0.002515076793284423,0.006368366140138743,servo_0.388
20.480266942000526,0.38820000000000005,1.0,0.1724590163934426,35.9126065070957,-47.29416800031399,-1.5570162552113265,0.0,-0.0014637261945921356,0.006368366140138743,servo_0.388
20.484111882000434,0.38820000000000005,1.0,0.1724590163934426,35.9126065070957,-47.29416800031399,-1.5570162552113265,0.0,-0.0014637261945921356,0.0032874406394790634,servo_0.388
20.485657973999878,0.38820000000000005,1.0,0.1724590163934426,35.9126065070957,-47.29416800031399,-1.5569878740069296,0.0,0.0008859015058271279,0.0032874406394790634,servo_0.388
20.489497186000335,0.38820000000000005,1.0,0.1724590163934426,35.9126065070957,-47.29416800031399,-1.5569878740069296,0.0,0.0008859015058271279,-0.004362238099901077,servo_0.388
20.491105648000485,0.38820000000000005,1.0,0.1724590163934426,35.9126065070957,-47.29416800031399,-1.5569782116035726,0.0,0.0016063632459227084,-0.004362238099901077,servo_0.388
20.494947900000625,0.38820000000000005,1.0,0.1724590163934426,35.9126065070957,-47.29416800031399,-1.5569782116035726,0.0,0.0016063632459227084,-0.0058912847576889655,servo_0.388
20.496581098000206,0.38820000000000005,1.0,0.1724590163934426,35.9126065070957,-47.29416800031399,-1.5570066431742549,0.0,-0.0001842171578244271,-0.0058912847576889655,servo_0.388
20.500424054000177,0.38820000000000005,1.0,0.1724590163934426,35.9126065070957,-47.29416800031399,-1.5570066431742549,0.0,-0.0001842171578244271,0.0009757866446685613,servo_0.388
20.502118310000697,0.38820000000000005,1.0,0.1724590163934426,35.9126065070957,-47.29416800031399,-1.557042493138676,0.0,-0.0018963374377837885,0.0009757866446685613,servo_0.388
20.50595880200035,0.38820000000000005,1.0,0.1724590163934426,35.9126065070957,-47.29416800031399,-1.557042493138676,0.0,-0.0018963374377837885,0.007055503313271218,servo_0.388
20.507673635000174,0.38820000000000005,1.0,0.1724590163934426,35.9126065070957,-47.29416800031399,-1.5570335838620206,0.0,-0.0010347002130480835,0.007055503313271218,servo_0.388
20.51155934400049,0.38820000000000005,1.0,0.1724590163934426,35.9126065070957,-47.29416800031399,-1.5570335838620206,0.0,-0.0010347002130480835,0.001790419013948028,servo_0.388
20.51344573300048,0.38820000000000005,1.0,0.1724590163934426,35.9126065070957,-47.29416800031399,-1.5569973338385186,0.0,0.001392360844847707,0.001790419013948028,servo_0.388
20.517002186000354,0.38820000000000005,1.0,0.1724590163934426,35.9126065070957,-47.29416800031399,-1.5569973338385186,0.0,0.001392360844847707,-0.002810359517103612,servo_0.388
20.519013570000425,0.38820000000000005,1.0,0.1724590163934426,35.9126065070957,-47.29416800031399,-1.556995341418284,0.0,0.0015117782955778032,-0.002810359517103612,servo_0.388
20.520591567000338,0.38820000000000005,1.0,0.1724590163934426,35.9126065070957,-47.29416800031399,-1.556995341418284,0.0,0.0015117782955778032,-0.006600951129316481,servo_0.388
20.52266500099995,0.38820000000000005,1.0,0.1724590163934426,35.9126065070957,-47.29416800031399,-1.556995341418284,0.0,0.0015117782955778032,-0.006600951129316481,servo_0.388
20.524613472000055,0.38820000000000005,1.0,0.1724590163934426,35.9126065070957,-47.29416800031399,-1.5570524651922446,0.0,-0.0018296894725535794,-0.006600951129316481,servo_0.388
20.525584091999917,0.38820000000000005,1.0,0.1724590163934426,35.9126065070957,-47.29416800031399,-1.5570524651922446,0.0,-0.0018296894725535794,-0.0004939577354493654,servo_0.388
20.52839921099985,0.38820000000000005,1.0,0.1724590163934426,35.9126065070957,-47.29416800031399,-1.5570524651922446,0.0,-0.0018296894725535794,0.0055902039934825,servo_0.388
20.530494566000016,0.38820000000000005,1.0,0.1724590163934426,35.9126065070957,-47.29416800031399,-1.5570489755318668,0.0,-0.001428969951422315,0.0055902039934825,servo_0.388
20.533833412000604,0.38820000000000005,1.0,0.1724590163934426,35.9126065070957,-47.29416800031399,-1.5570489755318668,0.0,-0.001428969951422315,0.0017675870889384522,servo_0.388
20.53558936599984,0.38820000000000005,1.0,0.1724590163934426,35.9126065070957,-47.29416800031399,-1.5570193967811787,0.0,0.0006767822320491292,0.0017675870889384522,servo_0.388
20.539215356000568,0.38820000000000005,1.0,0.1724590163934426,35.9126065070957,-47.29416800031399,-1.5570193967811787,0.0,0.0006767822320491292,-0.00431657450995625,servo_0.388
20.540865609999855,0.38820000000000005,1.0,0.1724590163934426,35.9126065070957,-47.29416800031399,-1.5570173733020112,0.0,0.0010040236891159262,-0.00431657450995625,servo_0.388
20.54469778300063,0.38820000000000005,1.0,0.1724590163934426,35.9126065070957,-47.29416800031399,-1.5570173733020112,0.0,0.0010040236891159262,-0.007388306383220002,servo_0.388
20.546287555000163,0.38820000000000005,1.0,0.1724590163934426,35.9126065070957,-47.29416800031399,-1.557044864287288,0.0,-0.0005921557706057266,-0.007388306383220002,servo_0.388
20.550158865000412,0.38820000000000005,1.0,0.1724590163934426,35.9126065070957,-47.29416800031399,-1.557044864287288,0.0,-0.0005921557706057266,-0.004375876397514725,servo_0.388
20.551775454000563,0.38820000000000005,1.0,0.1724590163934426,35.9126065070957,-47.29416800031399,-1.5570874419366745,0.0,-0.002631000954390009,-0.004375876397514725,servo_0.388
20.555604010000025,0.38820000000000005,1.0,0.1724590163934426,35.9126065070957,-47.29416800031399,-1.5570874419366745,0.0,-0.002631000954390009,0.004061157075620285,servo_0.388
20.55730021799991,0.38820000000000005,1.0,0.1724590163934426,35.9126065070957,-47.29416800031399,-1.557103210659694,0.0,-0.0031544635873274234,0.004061157075620285,servo_0.388
20.56116410300001,0.38820000000000005,1.0,0.1724590163934426,35.9126065070957,-47.29416800031399,-1.557103210659694,0.0,-0.0031544635873274234,0.00333310422942389,servo_0.388
20.562867798999832,0.38820000000000005,1.0,0.1724590163934426,35.9126065070957,-47.29416800031399,-1.5570775079281258,0.0,-0.0009897773884431109,0.00333310422942389,servo_0.388
20.567715808000685,0.38820000000000005,1.0,0.1724590163934426,35.9126065070957,-47.29416800031399,-1.5570671610144542,0.0,0.00030708709691698946,0.00333310422942389,servo_0.388
20.568850912000016,0.38820000000000005,1.0,0.1724590163934426,35.9126065070957,-47.29416800031399,-1.5570671610144542,0.0,0.00030708709691698946,0.0002385404148959179,servo_0.388
20.571073054000408,0.38820000000000005,1.0,0.1724590163934426,35.9126065070957,-47.29416800031399,-1.5570671610144542,0.0,0.00030708709691698946,0.0002385404148959179,servo_0.388
20.574008881000736,0.38820000000000005,1.0,0.1724590163934426,35.9126065070957,-47.29416800031399,-1.5570717579398978,0.0,0.00028652309231066796,0.0002385404148959179,servo_0.388
20.575227827000163,0.38820000000000005,1.0,0.1724590163934426,35.9126065070957,-47.29416800031399,-1.5570717579398978,0.0,0.00028652309231066796,-0.006623783054326057,servo_0.388
20.5769548520002,0.38820000000000005,1.0,0.1724590163934426,35.9126065070957,-47.29416800031399,-1.5570717579398978,0.0,0.00028652309231066796,-0.0028011664098563345,servo_0.388
20.57899599800021,0.38820000000000005,1.0,0.1724590163934426,35.9126065070957,-47.29416800031399,-1.5571178504573588,0.0,-0.002090948049133145,-0.0028011664098563345,servo_0.388
20.580011322000246,0.38820000000000005,1.0,0.1724590163934426,35.9126065070957,-47.29416800031399,-1.5571178504573588,0.0,-0.002090948049133145,0.0033422975967454926,servo_0.388
20.583518172999902,0.38820000000000005,1.0,0.1724590163934426,35.9126065070957,-47.29416800031399,-1.5571178504573588,0.0,-0.002090948049133145,0.006354727322376444,servo_0.388
20.585493653000412,0.38820000000000005,1.0,0.1724590163934426,35.9126065070957,-47.29416800031399,-1.55709595195108,0.0,-0.0004609743553695537,0.006354727322376444,servo_0.388
20.589245343000584,0.38820000000000005,1.0,0.1724590163934426,35.9126065070957,-47.29416800031399,-1.55709595195108,0.0,-0.0004609743553695537,0.0009757866446685613,servo_0.388
20.59129973600011,0.38820000000000005,1.0,0.1724590163934426,35.9126065070957,-47.29416800031399,-1.5570693276396976,0.0,0.0015837361479542457,0.0009757866446685613,servo_0.388
20.594680856000195,0.38820000000000005,1.0,0.1724590163934426,35.9126065070957,-47.29416800031399,-1.5570693276396976,0.0,0.0015837361479542457,-0.004353044732579474,servo_0.388
20.596801332000723,0.38820000000000005,1.0,0.1724590163934426,35.9126065070957,-47.29416800031399,-1.5570711526896575,0.0,0.0014013512969685402,-0.004353044732579474,servo_0.388
20.600216692000686,0.38820000000000005,1.0,0.1724590163934426,35.9126065070957,-47.29416800031399,-1.5570711526896575,0.0,0.0014013512969685402,-0.0005760917430731595,servo_0.388
20.60232852700028,0.38820000000000005,1.0,0.1724590163934426,35.9126065070957,-47.29416800031399,-1.5570996431220345,0.0,-0.00032496751189586403,-0.0005760917430731595,servo_0.388
20.605696206000175,0.38820000000000005,1.0,0.1724590163934426,35.9126065070957,-47.29416800031399,-1.5570996431220345,0.0,-0.00032496751189586403,0.004038325410685035,servo_0.388
20.60782045799988,0.38820000000000005,1.0,0.1724590163934426,35.9126065070957,-47.29416800031399,-1.5570985215102922,0.0,-0.00040030478124905263,0.004038325410685035,servo_0.388
20.612195493999934,0.38820000000000005,1.0,0.1724590163934426,35.9126065070957,-47.29416800031399,-1.5570731635951385,0.0,0.0009312842763311738,0.004038325410685035,servo_0.388
20.613206562000414,0.38820000000000005,1.0,0.1724590163934426,35.9126065070957,-47.29416800031399,-1.5570731635951385,0.0,0.0009312842763311738,0.006295425174743644,servo_0.388
20.61674211800073,0.38820000000000005,1.0,0.1724590163934426,35.9126065070957,-47.29416800031399,-1.5570731635951385,0.0,0.0009312842763311738,0.0002978427088205254,servo_0.388
20.618911363000734,0.38820000000000005,1.0,0.1724590163934426,35.9126065070957,-47.29416800031399,-1.5570423811128382,0.0,0.0025405265458549146,0.0002978427088205254,servo_0.388
20.622912756000005,0.38820000000000005,1.0,0.1724590163934426,35.9126065070957,-47.29416800031399,-1.5570474392404485,0.0,0.0018677213947445978,0.0002978427088205254,servo_0.388
20.623987826000302,0.38820000000000005,1.0,0.1724590163934426,35.9126065070957,-47.29416800031399,-1.5570474392404485,0.0,0.0018677213947445978,-0.005786318760037015,servo_0.388
20.626312308000706,0.38820000000000005,1.0,0.1724590163934426,35.9126065070957,-47.29416800031399,-1.5570474392404485,0.0,0.0018677213947445978,-0.005786318760037015,servo_0.388
20.627143915000488,0.38820000000000005,1.0,0.1724590163934426,35.9126065070957,-47.29416800031399,-1.5570474392404485,0.0,0.0018677213947445978,-0.0020823066709072164,servo_0.388
20.629103138000573,0.38820000000000005,1.0,0.1724590163934426,35.9126065070957,-47.29416800031399,-1.557089243586198,0.0,-0.0009246354574550851,-0.0020823066709072164,servo_0.388
20.629957498000294,0.38820000000000005,1.0,0.1724590163934426,35.9126065070957,-47.29416800031399,-1.557089243586198,0.0,-0.0009246354574550851,0.005553733770859276,servo_0.388
20.63300619200072,0.38820000000000005,1.0,0.1724590163934426,35.9126065070957,-47.29416800031399,-1.557089243586198,0.0,-0.0009246354574550851,0.008566163756564552,servo_0.388
20.63461577399994,0.38820000000000005,1.0,0.1724590163934426,35.9126065070957,-47.29416800031399,-1.557054439314505,0.0,0.0010188753110392233,0.008566163756564552,servo_0.388
20.638887126000554,0.38820000000000005,1.0,0.1724590163934426,35.9126065070957,-47.29416800031399,-1.557054439314505,0.0,0.0010188753110392233,-0.0013041447843252989,servo_0.388
20.64123362400005,0.38820000000000005,1.0,0.1724590163934426,35.9126065070957,-47.29416800031399,-1.5570177580077185,0.0,0.0032830618446968215,-0.0013041447843252989,servo_0.388
20.644260366000708,0.38820000000000005,1.0,0.1724590163934426,35.9126065070957,-47.29416800031399,-1.5570177580077185,0.0,0.0032830618446968215,-0.010400736368925278,servo_0.388
20.646123682000507,0.38820000000000005,1.0,0.1724590163934426,35.9126065070957,-47.29416800031399,-1.5570303693096366,0.0,0.0019068998559901855,-0.010400736368925278,servo_0.388
20.649490785000125,0.38820000000000005,1.0,0.1724590163934426,35.9126065070957,-47.29416800031399,-1.5570303693096366,0.0,0.0019068998559901855,-0.004293742584946674,servo_0.388
20.65106654200008,0.38820000000000005,1.0,0.1724590163934426,35.9126065070957,-47.29416800031399,-1.5570870637820466,0.0,-0.0017853910114844535,-0.004293742584946674,servo_0.388
20.654804151000462,0.38820000000000005,1.0,0.1724590163934426,35.9126065070957,-47.29416800031399,-1.5570870637820466,0.0,-0.0017853910114844535,0.0040475185179323124,servo_0.388
20.656422469000063,0.38820000000000005,1.0,0.1724590163934426,35.9126065070957,-47.29416800031399,-1.5571017937786147,0.0,-0.0025378964835231195,0.0040475185179323124,servo_0.388
20.660291410000355,0.38820000000000005,1.0,0.1724590163934426,35.9126065070957,-47.29416800031399,-1.5571017937786147,0.0,-0.0025378964835231195,0.004061157075620285,servo_0.388
20.661829821000538,0.38820000000000005,1.0,0.1724590163934426,35.9126065070957,-47.29416800031399,-1.557075480593002,0.0,-0.0005622719830864899,0.004061157075620285,servo_0.388
20.66596622599991,0.38820000000000005,1.0,0.1724590163934426,35.9126065070957,-47.29416800031399,-1.557075480593002,0.0,-0.0005622719830864899,-0.004266465469570728,servo_0.388
20.667974314000276,0.38820000000000005,1.0,0.1724590163934426,35.9126065070957,-47.29416800031399,-1.5570612758157003,0.0,0.0008247567345255427,-0.004266465469570728,servo_0.388
20.671788854000624,0.38820000000000005,1.0,0.1724590163934426,35.9126065070957,-47.29416800031399,-1.5570612758157003,0.0,0.0008247567345255427,-0.008102720671728424,servo_0.388
20.673685739000575,0.38820000000000005,1.0,0.1724590163934426,35.9126065070957,-47.29416800031399,-1.5570889673192716,0.0,-0.0007026099267033386,-0.008102720671728424,servo_0.388
20.676960679999866,0.38820000000000005,1.0,0.1724590163934426,35.9126065070957,-47.29416800031399,-1.5570889673192716,0.0,-0.0007026099267033386,-0.003552051181062306,servo_0.388
20.679705749000277,0.38820000000000005,1.0,0.1724590163934426,35.9126065070957,-47.29416800031399,-1.5571353231004026,0.0,-0.0029226431502108637,-0.003552051181062306,servo_0.388
20.681343267000557,0.38820000000000005,1.0,0.1724590163934426,35.9126065070957,-47.29416800031399,-1.5571353231004026,0.0,-0.0029226431502108637,-0.003552051181062306,servo_0.388
20.68276237900045,0.38820000000000005,1.0,0.1724590163934426,35.9126065070957,-47.29416800031399,-1.5571353231004026,0.0,-0.0029226431502108637,0.004061157075620285,servo_0.388
20.685140270000375,0.38820000000000005,1.0,0.1724590163934426,35.9126065070957,-47.29416800031399,-1.5571213699953086,0.0,-0.0009596787689403214,0.004061157075620285,servo_0.388
20.685927332000574,0.38820000000000005,1.0,0.1724590163934426,35.9126065070957,-47.29416800031399,-1.5571213699953086,0.0,-0.0009596787689403214,0.005626674736254374,servo_0.388
20.688078657000005,0.38820000000000005,1.0,0.1724590163934426,35.9126065070957,-47.29416800031399,-1.5571213699953086,0.0,-0.0009596787689403214,-0.0012403971862518035,servo_0.388
20.689912501000435,0.38820000000000005,1.0,0.1724590163934426,35.9126065070957,-47.29416800031399,-1.557100073489321,0.0,0.001016227282618087,-0.0012403971862518035,servo_0.388
20.69342642399988,0.38820000000000005,1.0,0.1724590163934426,35.9126065070957,-47.29416800031399,-1.557100073489321,0.0,0.001016227282618087,-0.008089081853966125,servo_0.388
20.69509037500029,0.38820000000000005,1.0,0.1724590163934426,35.9126065070957,-47.29416800031399,-1.557112702474018,0.0,0.0003392399419571199,-0.008089081853966125,servo_0.388
20.698881778000214,0.38820000000000005,1.0,0.1724590163934426,35.9126065070957,-47.29416800031399,-1.557112702474018,0.0,0.0003392399419571199,-0.002823998074791585,servo_0.388
20.700577313000394,0.38820000000000005,1.0,0.1724590163934426,35.9126065070957,-47.29416800031399,-1.5571583179655295,0.0,-0.0021892565968198536,-0.002823998074791585,servo_0.388
20.704471791000287,0.38820000000000005,1.0,0.1724590163934426,35.9126065070957,-47.29416800031399,-1.5571583179655295,0.0,-0.0021892565968198536,0.0040110482953090885,servo_0.388
20.70627081800012,0.38820000000000005,1.0,0.1724590163934426,35.9126065070957,-47.29416800031399,-1.5571656650374277,0.0,-0.002379679040211373,0.0040110482953090885,servo_0.388
20.709840614999848,0.38820000000000005,1.0,0.1724590163934426,35.9126065070957,-47.29416800031399,-1.5571656650374277,0.0,-0.002379679040211373,0.006322702290119591,servo_0.388
20.711689659000513,0.38820000000000005,1.0,0.1724590163934426,35.9126065070957,-47.29416800031399,-1.5571392700086917,0.0,-0.0004624608395552344,0.006322702290119591,servo_0.388
20.71553683900038,0.38820000000000005,1.0,0.1724590163934426,35.9126065070957,-47.29416800031399,-1.5571392700086917,0.0,-0.0004624608395552344,0.00027945636428880797,servo_0.388
20.71753331200034,0.38820000000000005,1.0,0.1724590163934426,35.9126065070957,-47.29416800031399,-1.5571143452862024,0.0,0.0015730880993472132,0.00027945636428880797,servo_0.388
20.720994721000352,0.38820000000000005,1.0,0.1724590163934426,35.9126065070957,-47.29416800031399,-1.5571143452862024,0.0,0.0015730880993472132,-0.007415583498595947,servo_0.388
20.72278331600046,0.38820000000000005,1.0,0.1724590163934426,35.9126065070957,-47.29416800031399,-1.5571189336740292,0.0,0.0011849985788296917,-0.007415583498595947,servo_0.388
20.72667990500031,0.38820000000000005,1.0,0.1724590163934426,35.9126065070957,-47.29416800031399,-1.5571189336740292,0.0,0.0011849985788296917,-0.00435749018302017,servo_0.388
20.728528182000446,0.38820000000000005,1.0,0.1724590163934426,35.9126065070957,-47.29416800031399,-1.557161432971914,0.0,-0.0013951760443979997,-0.00435749018302017,servo_0.388
20.732385090000207,0.38820000000000005,1.0,0.1724590163934426,35.9126065070957,-47.29416800031399,-1.557161432971914,0.0,-0.0013951760443979997,0.005553733770859276,servo_0.388
20.734276344000136,0.38820000000000005,1.0,0.1724590163934426,35.9126065070957,-47.29416800031399,-1.5571763933419294,0.0,-0.002283870285984651,0.005553733770859276,servo_0.388
20.735015308000584,0.38820000000000005,1.0,0.1724590163934426,35.9126065070957,-47.29416800031399,-1.5571763933419294,0.0,-0.002283870285984651,0.004051963968373008,servo_0.388
20.736474390000694,0.38820000000000005,1.0,0.1724590163934426,35.9126065070957,-47.29416800031399,-1.5571763933419294,0.0,-0.002283870285984651,0.004051963968373008,servo_0.388
20.737848540000414,0.38820000000000005,1.0,0.1724590163934426,35.9126065070957,-47.29416800031399,-1.5571763933419294,0.0,-0.002283870285984651,-0.002059474745897641,servo_0.388
20.739385704000597,0.38820000000000005,1.0,0.1724590163934426,35.9126065070957,-47.29416800031399,-1.5571276188745746,0.0,0.0012627768422598716,-0.002059474745897641,servo_0.388
20.743427674000486,0.38820000000000005,1.0,0.1724590163934426,35.9126065070957,-47.29416800031399,-1.5571276188745746,0.0,0.0012627768422598716,-0.008097972754847516,servo_0.388
20.745397681000213,0.38820000000000005,1.0,0.1724590163934426,35.9126065070957,-47.29416800031399,-1.5571439047592248,0.0,0.00026610136581261775,-0.008097972754847516,servo_0.388
20.74891029199989,0.38820000000000005,1.0,0.1724590163934426,35.9126065070957,-47.29416800031399,-1.5571439047592248,0.0,0.00026610136581261775,-0.003533664706493426,servo_0.388
20.750644997000563,0.38820000000000005,1.0,0.1724590163934426,35.9126065070957,-47.29416800031399,-1.5571896484046028,0.0,-0.0022431208703854225,-0.003533664706493426,servo_0.388
20.75449940999988,0.38820000000000005,1.0,0.1724590163934426,35.9126065070957,-47.29416800031399,-1.5571896484046028,0.0,-0.0022431208703854225,0.004083989000629861,servo_0.388
20.75630701299997,0.38820000000000005,1.0,0.1724590163934426,35.9126065070957,-47.29416800031399,-1.5572005894374044,0.0,-0.0026302840212178236,0.004083989000629861,servo_0.388
20.760085519000313,0.38820000000000005,1.0,0.1724590163934426,35.9126065070957,-47.29416800031399,-1.5572005894374044,0.0,-0.0026302840212178236,0.004088434451070557,servo_0.388
20.761854817000312,0.38820000000000005,1.0,0.1724590163934426,35.9126065070957,-47.29416800031399,-1.5571737940562709,0.0,-0.0006160021146635181,0.004088434451070557,servo_0.388
20.76550724000026,0.38820000000000005,1.0,0.1724590163934426,35.9126065070957,-47.29416800031399,-1.5571737940562709,0.0,-0.0006160021146635181,-0.0012540357439397767,servo_0.388
20.76729426700058,0.38820000000000005,1.0,0.1724590163934426,35.9126065070957,-47.29416800031399,-1.557150237796602,0.0,0.0007953288550567045,-0.0012540357439397767,servo_0.388
20.77125972200065,0.38820000000000005,1.0,0.1724590163934426,35.9126065070957,-47.29416800031399,-1.557150237796602,0.0,0.0007953288550567045,-0.0058227889826602385,servo_0.388
20.773230753999997,0.38820000000000005,1.0,0.1724590163934426,35.9126065070957,-47.29416800031399,-1.5571619819963842,0.0,0.00018051947535776012,-0.0058227889826602385,servo_0.388
20.776875369000663,0.38820000000000005,1.0,0.1724590163934426,35.9126065070957,-47.29416800031399,-1.5571619819963842,0.0,0.00018051947535776012,-0.003579328296438252,servo_0.388
20.778756061999957,0.38820000000000005,1.0,0.1724590163934426,35.9126065070957,-47.29416800031399,-1.5571948919272287,0.0,-0.0016204730620476395,-0.003579328296438252,servo_0.388
20.782676812000318,0.38820000000000005,1.0,0.1724590163934426,35.9126065070957,-47.29416800031399,-1.5571948919272287,0.0,-0.0016204730620476395,0.003260163524103117,servo_0.388
20.78466973200011,0.38820000000000005,1.0,0.1724590163934426,35.9126065070957,-47.29416800031399,-1.557206460887777,0.0,-0.0022081296323648233,0.003260163524103117,servo_0.388
20.785497692000718,0.38820000000000005,1.0,0.1724590163934426,35.9126065070957,-47.29416800031399,-1.557206460887777,0.0,-0.0022081296323648233,0.0055902039934825,servo_0.388
20.78708436099987,0.38820000000000005,1.0,0.1724590163934426,35.9126065070957,-47.29416800031399,-1.557206460887777,0.0,-0.0022081296323648233,0.0055902039934825,servo_0.388
20.788824442000077,0.38820000000000005,1.0,0.1724590163934426,35.9126065070957,-47.29416800031399,-1.557159759764492,0.0,0.0012797120182476412,0.0055902039934825,servo_0.388
20.789659409000706,0.38820000000000005,1.0,0.1724590163934426,35.9126065070957,-47.29416800031399,-1.557159759764492,0.0,0.0012797120182476412,-0.002009365835549281,servo_0.388
20.794759649000298,0.38820000000000005,1.0,0.1724590163934426,35.9126065070957,-47.29416800031399,-1.5571761588018056,0.0,0.0002929886621085645,-0.002009365835549281,servo_0.388
20.795826431000023,0.38820000000000005,1.0,0.1724590163934426,35.9126065070957,-47.29416800031399,-1.5571761588018056,0.0,0.0002929886621085645,-0.006587312311554182,servo_0.388
20.799813775000075,0.38820000000000005,1.0,0.1724590163934426,35.9126065070957,-47.29416800031399,-1.5571761588018056,0.0,0.0002929886621085645,-0.0020686681132192435,servo_0.388
20.801772359000097,0.38820000000000005,1.0,0.1724590163934426,35.9126065070957,-47.29416800031399,-1.5572147252892623,0.0,-0.0017711016299902596,-0.0020686681132192435,servo_0.388
20.804725146000237,0.38820000000000005,1.0,0.1724590163934426,35.9126065070957,-47.29416800031399,-1.5572147252892623,0.0,-0.0017711016299902596,0.004852958300113152,servo_0.388
20.80663867200019,0.38820000000000005,1.0,0.1724590163934426,35.9126065070957,-47.29416800031399,-1.5572184122048591,0.0,-0.0018603715749589548,0.004852958300113152,servo_0.388
20.81015976300023,0.38820000000000005,1.0,0.1724590163934426,35.9126065070957,-47.29416800031399,-1.5572184122048591,0.0,-0.0018603715749589548,0.0071236963617854095,servo_0.388
20.812082088999887,0.38820000000000005,1.0,0.1724590163934426,35.9126065070957,-47.29416800031399,-1.5571882219950033,0.0,0.0001536273875626774,0.0071236963617854095,servo_0.388
20.81574872100009,0.38820000000000005,1.0,0.1724590163934426,35.9126065070957,-47.29416800031399,-1.5571882219950033,0.0,0.0001536273875626774,0.0009574004301740065,servo_0.388
20.817608037000355,0.38820000000000005,1.0,0.1724590163934426,35.9126065070957,-47.29416800031399,-1.5571579250929495,0.0,0.002244648079829497,0.0009574004301740065,servo_0.388
20.82127044400022,0.38820000000000005,1.0,0.1724590163934426,35.9126065070957,-47.29416800031399,-1.5571579250929495,0.0,0.002244648079829497,-0.007351835640448127,servo_0.388
20.82314035299987,0.38820000000000005,1.0,0.1724590163934426,35.9126065070957,-47.29416800031399,-1.5571594285701669,0.0,0.0018584737849328496,-0.007351835640448127,servo_0.388
20.82757439800025,0.38820000000000005,1.0,0.1724590163934426,35.9126065070957,-47.29416800031399,-1.5571594285701669,0.0,0.0018584737849328496,-0.0027738892944803883,servo_0.388
20.83047921600064,0.38820000000000005,1.0,0.1724590163934426,35.9126065070957,-47.29416800031399,-1.5572013892120853,0.0,-0.0009046190426814434,-0.0027738892944803883,servo_0.388
20.833064856999954,0.38820000000000005,1.0,0.1724590163934426,35.9126065070957,-47.29416800031399,-1.5572013892120853,0.0,-0.0009046190426814434,-0.0027738892944803883,servo_0.388
20.834704007000255,0.38820000000000005,1.0,0.1724590163934426,35.9126065070957,-47.29416800031399,-1.5571970846671883,0.0,-0.0006961291656423319,-0.0027738892944803883,servo_0.388
20.835517534000246,0.38820000000000005,1.0,0.1724590163934426,35.9126065070957,-47.29416800031399,-1.5571970846671883,0.0,-0.0006961291656423319,0.0010988363903748563,servo_0.388
20.836822211000253,0.38820000000000005,1.0,0.1724590163934426,35.9126065070957,-47.29416800031399,-1.5571970846671883,0.0,-0.0006961291656423319,0.0033422975967454926,servo_0.388
20.839327624999896,0.38820000000000005,1.0,0.1724590163934426,35.9126065070957,-47.29416800031399,-1.557177121232612,0.0,0.0005153988630740155,0.0033422975967454926,servo_0.388
20.840978584000368,0.38820000000000005,1.0,0.1724590163934426,35.9126065070957,-47.29416800031399,-1.557177121232612,0.0,0.0005153988630740155,0.00022490185720794472,servo_0.388
20.843537184000525,0.38820000000000005,1.0,0.1724590163934426,35.9126065070957,-47.29416800031399,-1.557177121232612,0.0,0.0005153988630740155,-0.0058227889826602385,servo_0.388
20.845381780000025,0.38820000000000005,1.0,0.1724590163934426,35.9126065070957,-47.29416800031399,-1.5571821721353896,0.0,0.00042824976131419426,-0.0058227889826602385,servo_0.388
20.8490614680004,0.38820000000000005,1.0,0.1724590163934426,35.9126065070957,-47.29416800031399,-1.5571821721353896,0.0,0.00042824976131419426,-0.005049072546519017,servo_0.388
20.85074119500041,0.38820000000000005,1.0,0.1724590163934426,35.9126065070957,-47.29416800031399,-1.557215953168728,0.0,-0.0014470618618781356,-0.005049072546519017,servo_0.388
20.85463128900028,0.38820000000000005,1.0,0.1724590163934426,35.9126065070957,-47.29416800031399,-1.557215953168728,0.0,-0.0014470618618781356,0.0033058271140479437,servo_0.388
20.856514093999976,0.38820000000000005,1.0,0.1724590163934426,35.9126065070957,-47.29416800031399,-1.5572348195095707,0.0,-0.0025276650672704,0.0033058271140479437,servo_0.388
20.860203670000374,0.38820000000000005,1.0,0.1724590163934426,35.9126065070957,-47.29416800031399,-1.5572348195095707,0.0,-0.0025276650672704,0.007824471832531533,servo_0.388
20.862050090000594,0.38820000000000005,1.0,0.1724590163934426,35.9126065070957,-47.29416800031399,-1.557211655538768,0.0,-0.0007776174128748968,0.007824471832531533,servo_0.388
20.865587438000148,0.38820000000000005,1.0,0.1724590163934426,35.9126065070957,-47.29416800031399,-1.557211655538768,0.0,-0.0007776174128748968,-0.0020458361882096676,servo_0.388
20.86741411300045,0.38820000000000005,1.0,0.1724590163934426,35.9126065070957,-47.29416800031399,-1.5571793142059687,0.0,0.0018030093607470322,-0.0020458361882096676,servo_0.388
20.87125031800042,0.38820000000000005,1.0,0.1724590163934426,35.9126065070957,-47.29416800031399,-1.5571793142059687,0.0,0.0018030093607470322,-0.01038709703101433,servo_0.388
20.87319056400065,0.38820000000000005,1.0,0.1724590163934426,35.9126065070957,-47.29416800031399,-1.5571956816595884,0.0,0.0006483556960600222,-0.01038709703101433,servo_0.388
20.87689786900046,0.38820000000000005,1.0,0.1724590163934426,35.9126065070957,-47.29416800031399,-1.5571956816595884,0.0,0.0006483556960600222,-0.004293742584946674,servo_0.388
20.878732896000656,0.38820000000000005,1.0,0.1724590163934426,35.9126065070957,-47.29416800031399,-1.5572528872470022,0.0,-0.0026622801220622834,-0.004293742584946674,servo_0.388
20.880216010000368,0.38820000000000005,1.0,0.1724590163934426,35.9126065070957,-47.29416800031399,-1.5572528872470022,0.0,-0.0026622801220622834,-0.004293742584946674,servo_0.388
20.88231827800064,0.38820000000000005,1.0,0.1724590163934426,35.9126065070957,-47.29416800031399,-1.5572528872470022,0.0,-0.0026622801220622834,0.0033058271140479437,servo_0.388
20.883764814000642,0.38820000000000005,1.0,0.1724590163934426,35.9126065070957,-47.29416800031399,-1.5572528872470022,0.0,-0.0026622801220622834,0.0033286590390575197,servo_0.388
20.885178133999943,0.38820000000000005,1.0,0.1724590163934426,35.9126065070957,-47.29416800031399,-1.5572456602296474,0.0,-0.0012144550684349369,0.0033286590390575197,servo_0.388
20.88801629400041,0.38820000000000005,1.0,0.1724590163934426,35.9126065070957,-47.29416800031399,-1.5572456602296474,0.0,-0.0012144550684349369,-0.0019637022456044546,servo_0.388
20.889749463000044,0.38820000000000005,1.0,0.1724590163934426,35.9126065070957,-47.29416800031399,-1.557235488505382,0.0,0.0001484791638128,-0.0019637022456044546,servo_0.388
20.89355424200039,0.38820000000000005,1.0,0.1724590163934426,35.9126065070957,-47.29416800031399,-1.557235488505382,0.0,0.0001484791638128,-0.00960418800777448,servo_0.388
20.895323700000517,0.38820000000000005,1.0,0.1724590163934426,35.9126065070957,-47.29416800031399,-1.5572502434058602,0.0,-0.00048517525901237645,-0.00960418800777448,servo_0.388
20.898997883999982,0.38820000000000005,1.0,0.1724590163934426,35.9126065070957,-47.29416800031399,-1.5572502434058602,0.0,-0.00048517525901237645,-0.0005897303007611327,servo_0.388
20.900898417000462,0.38820000000000005,1.0,0.1724590163934426,35.9126065070957,-47.29416800031399,-1.557301700429747,0.0,-0.0032208790836410076,-0.0005897303007611327,servo_0.388
20.904715165000198,0.38820000000000005,1.0,0.1724590163934426,35.9126065070957,-47.29416800031399,-1.557301700429747,0.0,-0.0032208790836410076,0.005544540663611998,servo_0.388
20.907243396000013,0.38820000000000005,1.0,0.1724590163934426,35.9126065070957,-47.29416800031399,-1.5572985879447123,0.0,-0.002431534448777045,0.005544540663611998,servo_0.388
20.909923376000734,0.38820000000000005,1.0,0.1724590163934426,35.9126065070957,-47.29416800031399,-1.5572985879447123,0.0,-0.002431534448777045,0.006322702290119591,servo_0.388
20.912632219999978,0.38820000000000005,1.0,0.1724590163934426,35.9126065070957,-47.29416800031399,-1.5572656902266742,0.0,-3.8711915060331845e-05,0.006322702290119591,servo_0.388
20.915375210000093,0.38820000000000005,1.0,0.1724590163934426,35.9126065070957,-47.29416800031399,-1.5572656902266742,0.0,-3.8711915060331845e-05,-0.0004895124150458322,servo_0.388
20.917078458000105,0.38820000000000005,1.0,0.1724590163934426,35.9126065070957,-47.29416800031399,-1.5572380417779519,0.0,0.001869712346493645,-0.0004895124150458322,servo_0.388
21.92526822200034,0.3356,1.0,0.22994535519125686,35.9126065070957,-47.29416800031399,-1.5558507410588878,0.0,0.00011032347532483966,-0.0005760917430731595,servo_0.336
21.927017583000634,0.3356,1.0,0.22994535519125686,35.9126065070957,-47.29416800031399,-1.555890502456087,0.0,-0.0019099084835704292,-0.0005760917430731595,servo_0.336
21.930606676000025,0.3356,1.0,0.22994535519125686,35.9126065070957,-47.29416800031399,-1.555890502456087,0.0,-0.0019099084835704292,0.004825680664588555,servo_0.336
21.93245744900014,0.3356,1.0,0.22994535519125686,35.9126065070957,-47.29416800031399,-1.5558867663692075,0.0,-0.0015097634614212483,0.004825680664588555,servo_0.336
21.93824458800009,0.3356,1.0,0.22994535519125686,35.9126065070957,-47.29416800031399,-1.5558563038232949,0.0,0.00039086977638169273,0.004825680664588555,servo_0.336
21.939401835999888,0.3356,1.0,0.22994535519125686,35.9126065070957,-47.29416800031399,-1.5558563038232949,0.0,0.00039086977638169273,0.008556970649317276,servo_0.336
21.943009650000022,0.3356,1.0,0.22994535519125686,35.9126065070957,-47.29416800031399,-1.5558201921906687,0.0,0.0028407000382623675,0.008556970649317276,servo_0.336
21.94510503699985,0.3356,1.0,0.22994535519125686,35.9126065070957,-47.29416800031399,-1.5558201921906687,0.0,0.0028407000382623675,-0.0012905062266373257,servo_0.336
21.948188356000173,0.3356,1.0,0.22994535519125686,35.9126065070957,-47.29416800031399,-1.555832993691267,0.0,0.0016013381587924595,-0.0012905062266373257,servo_0.336
21.94918131200029,0.3356,1.0,0.22994535519125686,35.9126065070957,-47.29416800031399,-1.555832993691267,0.0,0.0016013381587924595,-0.0035384126233743325,servo_0.336
21.950853359000575,0.3356,1.0,0.22994535519125686,35.9126065070957,-47.29416800031399,-1.555832993691267,0.0,0.0016013381587924595,-0.0035384126233743325,servo_0.336
21.952699555000436,0.3356,1.0,0.22994535519125686,35.9126065070957,-47.29416800031399,-1.555832993691267,0.0,0.0016013381587924595,-0.0035384126233743325,servo_0.336
21.95521495400044,0.3356,1.0,0.22994535519125686,35.9126065070957,-47.29416800031399,-1.555896415927816,0.0,-0.0010199347401126044,-0.0035384126233743325,servo_0.336
21.95610077099991,0.3356,1.0,0.22994535519125686,35.9126065070957,-47.29416800031399,-1.555896415927816,0.0,-0.0010199347401126044,0.006295425174743644,servo_0.336
21.95879950300059,0.3356,1.0,0.22994535519125686,35.9126065070957,-47.29416800031399,-1.555896415927816,0.0,-0.0010199347401126044,0.003360381344799836,servo_0.336
21.96055014400008,0.3356,1.0,0.22994535519125686,35.9126065070957,-47.29416800031399,-1.5558577154079167,0.0,0.0011746732343442703,0.003360381344799836,servo_0.336
21.96436743600043,0.3356,1.0,0.22994535519125686,35.9126065070957,-47.29416800031399,-1.5558577154079167,0.0,0.0011746732343442703,-0.002787527852168361,servo_0.336
21.96608002799985,0.3356,1.0,0.22994535519125686,35.9126065070957,-47.29416800031399,-1.555846761120275,0.0,0.00183038566748094,-0.002787527852168361,servo_0.336
21.97009514900037,0.3356,1.0,0.22994535519125686,35.9126065070957,-47.29416800031399,-1.555846761120275,0.0,0.00183038566748094,-0.00659650541880146,servo_0.336
21.971924929000124,0.3356,1.0,0.22994535519125686,35.9126065070957,-47.29416800031399,-1.5558663997298665,0.0,0.0004450116115861496,-0.00659650541880146,servo_0.336
21.975522310000088,0.3356,1.0,0.22994535519125686,35.9126065070957,-47.29416800031399,-1.5558663997298665,0.0,0.0004450116115861496,-0.002760250736792415,servo_0.336
21.97727109600055,0.3356,1.0,0.22994535519125686,35.9126065070957,-47.29416800031399,-1.555900463478396,0.0,-0.0016674434975301332,-0.002760250736792415,servo_0.336
21.981329258000187,0.3356,1.0,0.22994535519125686,35.9126065070957,-47.29416800031399,-1.555900463478396,0.0,-0.0016674434975301332,0.005540095473245628,servo_0.336
21.98297890499998,0.3356,1.0,0.22994535519125686,35.9126065070957,-47.29416800031399,-1.5559075479184048,0.0,-0.0019952856693088174,0.005540095473245628,servo_0.336
21.98655503700047,0.3356,1.0,0.22994535519125686,35.9126065070957,-47.29416800031399,-1.5559075479184048,0.0,-0.0019952856693088174,0.00553534703621607,servo_0.336
21.988369104999947,0.3356,1.0,0.22994535519125686,35.9126065070957,-47.29416800031399,-1.5558736291686943,0.0,0.0002653286734575161,0.00553534703621607,servo_0.336
21.992386978000468,0.3356,1.0,0.22994535519125686,35.9126065070957,-47.29416800031399,-1.5558736291686943,0.0,0.0002653286734575161,-0.002723780254094866,servo_0.336
21.994060017000265,0.3356,1.0,0.22994535519125686,35.9126065070957,-47.29416800031399,-1.555848723582986,0.0,0.0018463341822850823,-0.002723780254094866,servo_0.336
21.99481389399989,0.3356,1.0,0.22994535519125686,35.9126065070957,-47.29416800031399,-1.555848723582986,0.0,0.0018463341822850823,-0.007292533492815328,servo_0.336
21.99624020600004,0.3356,1.0,0.22994535519125686,35.9126065070957,-47.29416800031399,-1.555848723582986,0.0,0.0018463341822850823,-0.007292533492815328,servo_0.336
21.99784575600006,0.3356,1.0,0.22994535519125686,35.9126065070957,-47.29416800031399,-1.555848723582986,0.0,0.0018463341822850823,-0.002787527852168361,servo_0.336
21.999210818000392,0.3356,1.0,0.22994535519125686,35.9126065070957,-47.29416800031399,-1.5559107217399553,0.0,-0.0018550501518848302,-0.002787527852168361,servo_0.336
22.00342514500062,0.3356,1.0,0.22994535519125686,35.9126065070957,-47.29416800031399,-1.5559107217399553,0.0,-0.0018550501518848302,0.002564135710163575,servo_0.336
22.005087143999845,0.3356,1.0,0.22994535519125686,35.9126065070957,-47.29416800031399,-1.555918392272715,0.0,-0.0021347934619698893,0.002564135710163575,servo_0.336
22.008815985000183,0.3356,1.0,0.22994535519125686,35.9126065070957,-47.29416800031399,-1.555918392272715,0.0,-0.0021347934619698893,0.003260163524103117,servo_0.336
22.010238649000712,0.3356,1.0,0.22994535519125686,35.9126065070957,-47.29416800031399,-1.5558997431035841,0.0,-0.0007251147103298499,0.003260163524103117,servo_0.336
22.0143200120001,0.3356,1.0,0.22994535519125686,35.9126065070957,-47.29416800031399,-1.5558997431035841,0.0,-0.0007251147103298499,-0.0027738892944803883,servo_0.336
22.015974747000655,0.3356,1.0,0.22994535519125686,35.9126065070957,-47.29416800031399,-1.5558880868780849,0.0,0.00047046876000004037,-0.0027738892944803883,servo_0.336
22.019764100999964,0.3356,1.0,0.22994535519125686,35.9126065070957,-47.29416800031399,-1.5558880868780849,0.0,0.00047046876000004037,-0.007329004235587202,servo_0.336
22.021220974000244,0.3356,1.0,0.22994535519125686,35.9126065070957,-47.29416800031399,-1.5559067304108907,0.0,-0.0005028386563440883,-0.007329004235587202,servo_0.336
22.02521699099998,0.3356,1.0,0.22994535519125686,35.9126065070957,-47.29416800031399,-1.5559067304108907,0.0,-0.0005028386563440883,-0.004293742584946674,servo_0.336
22.02667962400028,0.3356,1.0,0.22994535519125686,35.9126065070957,-47.29416800031399,-1.5559456702266192,0.0,-0.002550688330117022,-0.004293742584946674,servo_0.336
22.03062943199984,0.3356,1.0,0.22994535519125686,35.9126065070957,-47.29416800031399,-1.5559456702266192,0.0,-0.002550688330117022,0.0040110482953090885,servo_0.336
22.03214873900015,0.3356,1.0,0.22994535519125686,35.9126065070957,-47.29416800031399,-1.5559604158957732,0.0,-0.0030736046065659175,0.0040110482953090885,servo_0.336
22.036460540000007,0.3356,1.0,0.22994535519125686,35.9126065070957,-47.29416800031399,-1.5559604158957732,0.0,-0.0030736046065659175,0.005603842811244798,servo_0.336
22.03802196000015,0.3356,1.0,0.22994535519125686,35.9126065070957,-47.29416800031399,-1.5559344589806394,0.0,-0.0009482087360034158,0.005603842811244798,servo_0.336
22.041964215000007,0.3356,1.0,0.22994535519125686,35.9126065070957,-47.29416800031399,-1.5559344589806394,0.0,-0.0009482087360034158,-0.001986534040576868,servo_0.336
22.043448385000374,0.3356,1.0,0.22994535519125686,35.9126065070957,-47.29416800031399,-1.555911781797658,0.0,0.0010174067281710484,-0.001986534040576868,servo_0.336
22.044231799000045,0.3356,1.0,0.22994535519125686,35.9126065070957,-47.29416800031399,-1.555911781797658,0.0,0.0010174067281710484,-0.008821580670751866,servo_0.336
22.045670432000406,0.3356,1.0,0.22994535519125686,35.9126065070957,-47.29416800031399,-1.555911781797658,0.0,0.0010174067281710484,-0.008821580670751866,servo_0.336
22.047869790000732,0.3356,1.0,0.22994535519125686,35.9126065070957,-47.29416800031399,-1.555911781797658,0.0,0.0010174067281710484,-0.0005532600131193276,servo_0.336
22.049508779999996,0.3356,1.0,0.22994535519125686,35.9126065070957,-47.29416800031399,-1.5559749387779942,0.0,-0.0025651170529428884,-0.0005532600131193276,servo_0.336
22.05344873100057,0.3356,1.0,0.22994535519125686,35.9126065070957,-47.29416800031399,-1.5559749387779942,0.0,-0.0025651170529428884,0.007037116578628013,servo_0.336
22.054893092000384,0.3356,1.0,0.22994535519125686,35.9126065070957,-47.29416800031399,-1.5559710999993395,0.0,-0.0019615599409958198,0.007037116578628013,servo_0.336
22.05906757699995,0.3356,1.0,0.22994535519125686,35.9126065070957,-47.29416800031399,-1.5559710999993395,0.0,-0.0019615599409958198,0.005544540663611998,servo_0.336
22.06125675900057,0.3356,1.0,0.22994535519125686,35.9126065070957,-47.29416800031399,-1.5559297522022695,0.0,0.00073804301489133,0.005544540663611998,servo_0.336
22.06539066700043,0.3356,1.0,0.22994535519125686,35.9126065070957,-47.29416800031399,-1.5559297522022695,0.0,0.00073804301489133,-0.0013041447843252989,servo_0.336
22.067028473999926,0.3356,1.0,0.22994535519125686,35.9126065070957,-47.29416800031399,-1.5559064416305444,0.0,0.0021799923095075302,-0.0013041447843252989,servo_0.336
22.07021333100056,0.3356,1.0,0.22994535519125686,35.9126065070957,-47.29416800031399,-1.5559064416305444,0.0,0.0021799923095075302,-0.0058456209076698145,servo_0.336
22.071803488000114,0.3356,1.0,0.22994535519125686,35.9126065070957,-47.29416800031399,-1.5559196878254054,0.0,0.0011347511813576813,-0.0058456209076698145,servo_0.336
22.07569003000026,0.3356,1.0,0.22994535519125686,35.9126065070957,-47.29416800031399,-1.5559196878254054,0.0,0.0011347511813576813,-0.0005167895304217786,servo_0.336
22.07722421700055,0.3356,1.0,0.22994535519125686,35.9126065070957,-47.29416800031399,-1.5559515128946324,0.0,-0.0009593604453505674,-0.0005167895304217786,servo_0.336
22.081099878000714,0.3356,1.0,0.22994535519125686,35.9126065070957,-47.29416800031399,-1.5559515128946324,0.0,-0.0009593604453505674,0.0033467427871118633,servo_0.336
22.082659378000244,0.3356,1.0,0.22994535519125686,35.9126065070957,-47.29416800031399,-1.5559476834107617,0.0,-0.0008265891708719307,0.0033467427871118633,servo_0.336
22.086734021000666,0.3356,1.0,0.22994535519125686,35.9126065070957,-47.29416800031399,-1.5559476834107617,0.0,-0.0008265891708719307,0.004074795633308259,servo_0.336
22.088588409000295,0.3356,1.0,0.22994535519125686,35.9126065070957,-47.29416800031399,-1.5559248082421857,0.0,0.0004254104165232074,0.004074795633308259,servo_0.336
22.090210823000234,0.3356,1.0,0.22994535519125686,35.9126065070957,-47.29416800031399,-1.5559248082421857,0.0,0.0004254104165232074,0.004074795633308259,servo_0.336
22.092208959000345,0.3356,1.0,0.22994535519125686,35.9126065070957,-47.29416800031399,-1.5559248082421857,0.0,0.0004254104165232074,-0.0020230043932372545,servo_0.336
22.093859694000457,0.3356,1.0,0.22994535519125686,35.9126065070957,-47.29416800031399,-1.5559172910838328,0.0,0.0004572568691199294,-0.0020230043932372545,servo_0.336
22.094696901000134,0.3356,1.0,0.22994535519125686,35.9126065070957,-47.29416800031399,-1.5559172910838328,0.0,0.0004572568691199294,-0.007356281350963148,servo_0.336
22.09805641999992,0.3356,1.0,0.22994535519125686,35.9126065070957,-47.29416800031399,-1.5559172910838328,0.0,0.0004572568691199294,-0.001317783342013272,servo_0.336
22.099784820999957,0.3356,1.0,0.22994535519125686,35.9126065070957,-47.29416800031399,-1.5559610353100186,0.0,-0.001886804596904994,-0.001317783342013272,servo_0.336
22.10356601500007,0.3356,1.0,0.22994535519125686,35.9126065070957,-47.29416800031399,-1.5559610353100186,0.0,-0.001886804596904994,0.006272593249734068,servo_0.336
22.105319441000574,0.3356,1.0,0.22994535519125686,35.9126065070957,-47.29416800031399,-1.5559621981815872,0.0,-0.0017160982204374772,0.006272593249734068,servo_0.336
22.109167229000377,0.3356,1.0,0.22994535519125686,35.9126065070957,-47.29416800031399,-1.5559621981815872,0.0,-0.0017160982204374772,0.0025777742678515484,servo_0.336
22.110824299999877,0.3356,1.0,0.22994535519125686,35.9126065070957,-47.29416800031399,-1.5559249167509073,0.0,0.0006805092206139864,0.0025777742678515484,servo_0.336
22.114624279000054,0.3356,1.0,0.22994535519125686,35.9126065070957,-47.29416800031399,-1.5559249167509073,0.0,0.0006805092206139864,-0.002073113303585614,servo_0.336
22.116419882000628,0.3356,1.0,0.22994535519125686,35.9126065070957,-47.29416800031399,-1.5559106293099654,0.0,0.0012496887347852549,-0.002073113303585614,servo_0.336
22.120171571000355,0.3356,1.0,0.22994535519125686,35.9126065070957,-47.29416800031399,-1.5559106293099654,0.0,0.0012496887347852549,-0.006623783054326057,servo_0.336
22.121850467000513,0.3356,1.0,0.22994535519125686,35.9126065070957,-47.29416800031399,-1.5559274883810121,0.0,0.00025284812327399416,-0.006623783054326057,servo_0.336
22.125693390999913,0.3356,1.0,0.22994535519125686,35.9126065070957,-47.29416800031399,-1.5559274883810121,0.0,0.00025284812327399416,-0.002814804967544308,servo_0.336
22.127484577999894,0.3356,1.0,0.22994535519125686,35.9126065070957,-47.29416800031399,-1.5559638653137398,0.0,-0.001810141230006021,-0.002814804967544308,servo_0.336
22.13125649199992,0.3356,1.0,0.22994535519125686,35.9126065070957,-47.29416800031399,-1.5559638653137398,0.0,-0.001810141230006021,0.007032671388261642,servo_0.336
22.133205475000068,0.3356,1.0,0.22994535519125686,35.9126065070957,-47.29416800031399,-1.555971591040061,0.0,-0.002111540351267507,0.007032671388261642,servo_0.336
22.136715622000338,0.3356,1.0,0.22994535519125686,35.9126065070957,-47.29416800031399,-1.555971591040061,0.0,-0.002111540351267507,0.006309063992505943,servo_0.336
22.138501720000022,0.3356,1.0,0.22994535519125686,35.9126065070957,-47.29416800031399,-1.5559300507767497,0.0,0.0006317231705912376,0.006309063992505943,servo_0.336
22.14033182000003,0.3356,1.0,0.22994535519125686,35.9126065070957,-47.29416800031399,-1.5559053926035395,0.0,0.002334925417165649,0.006309063992505943,servo_0.336
22.142258849999962,0.3356,1.0,0.22994535519125686,35.9126065070957,-47.29416800031399,-1.5559053926035395,0.0,0.002334925417165649,-0.004280104027258701,servo_0.336
22.14415090300008,0.3356,1.0,0.22994535519125686,35.9126065070957,-47.29416800031399,-1.5559327158986844,0.0,0.0003504165838383441,-0.004280104027258701,servo_0.336
22.145108690000598,0.3356,1.0,0.22994535519125686,35.9126065070957,-47.29416800031399,-1.5559327158986844,0.0,0.0003504165838383441,-0.006600951129316481,servo_0.336
22.1482450350004,0.3356,1.0,0.22994535519125686,35.9126065070957,-47.29416800031399,-1.5559327158986844,0.0,0.0003504165838383441,-0.002013811285989977,servo_0.336
22.150323300999844,0.3356,1.0,0.22994535519125686,35.9126065070957,-47.29416800031399,-1.555970113794799,0.0,-0.0017349937301081035,-0.002013811285989977,servo_0.336
22.153418525000234,0.3356,1.0,0.22994535519125686,35.9126065070957,-47.29416800031399,-1.555970113794799,0.0,-0.0017349937301081035,0.004083989000629861,servo_0.336
22.155022601999917,0.3356,1.0,0.22994535519125686,35.9126065070957,-47.29416800031399,-1.5559737115703387,0.0,-0.0018186389968726654,0.004083989000629861,servo_0.336
22.158924312000636,0.3356,1.0,0.22994535519125686,35.9126065070957,-47.29416800031399,-1.5559737115703387,0.0,-0.0018186389968726654,0.0040475185179323124,servo_0.336
22.16051466099998,0.3356,1.0,0.22994535519125686,35.9126065070957,-47.29416800031399,-1.5559471175556256,0.0,-4.785059762190736e-05,0.0040475185179323124,servo_0.336
22.16494896200038,0.3356,1.0,0.22994535519125686,35.9126065070957,-47.29416800031399,-1.5559335635112272,0.0,0.0011807601370443584,0.0040475185179323124,servo_0.336
22.165975775000334,0.3356,1.0,0.22994535519125686,35.9126065070957,-47.29416800031399,-1.5559335635112272,0.0,0.0011807601370443584,-0.0020458361882096676,servo_0.336
22.170052593000037,0.3356,1.0,0.22994535519125686,35.9126065070957,-47.29416800031399,-1.5559335635112272,0.0,0.0011807601370443584,-0.007306172310577626,servo_0.336
22.17191840600026,0.3356,1.0,0.22994535519125686,35.9126065070957,-47.29416800031399,-1.555950217152673,0.0,0.0002127812394681506,-0.007306172310577626,servo_0.336
22.175502570999925,0.3356,1.0,0.22994535519125686,35.9126065070957,-47.29416800031399,-1.555950217152673,0.0,0.0002127812394681506,-0.003456278550731957,servo_0.336
22.177187003000654,0.3356,1.0,0.22994535519125686,35.9126065070957,-47.29416800031399,-1.5559936440350066,0.0,-0.0020429048255455823,-0.003456278550731957,servo_0.336
22.181040295000457,0.3356,1.0,0.22994535519125686,35.9126065070957,-47.29416800031399,-1.5559936440350066,0.0,-0.0020429048255455823,0.0025549423428419724,servo_0.336
22.182647028000247,0.3356,1.0,0.22994535519125686,35.9126065070957,-47.29416800031399,-1.556004781610762,0.0,-0.0024669169431014945,0.0025549423428419724,servo_0.336
22.186605028000486,0.3356,1.0,0.22994535519125686,35.9126065070957,-47.29416800031399,-1.556004781610762,0.0,-0.0024669169431014945,0.0032738020817910905,servo_0.336
22.18825992300026,0.3356,1.0,0.22994535519125686,35.9126065070957,-47.29416800031399,-1.5559855398467,0.0,-0.0009603591573184542,0.0032738020817910905,servo_0.336
22.19198284400045,0.3356,1.0,0.22994535519125686,35.9126065070957,-47.29416800031399,-1.5559855398467,0.0,-0.0009603591573184542,-0.0028011664098563345,servo_0.336
22.193472198000563,0.3356,1.0,0.22994535519125686,35.9126065070957,-47.29416800031399,-1.5559750056163324,0.0,0.0003098892144144091,-0.0028011664098563345,servo_0.336
22.19422959500025,0.3356,1.0,0.22994535519125686,35.9126065070957,-47.29416800031399,-1.5559750056163324,0.0,0.0003098892144144091,-0.006587312311554182,servo_0.336
22.195782022999992,0.3356,1.0,0.22994535519125686,35.9126065070957,-47.29416800031399,-1.5559750056163324,0.0,0.0003098892144144091,-0.006587312311554182,servo_0.336
22.19754453600035,0.3356,1.0,0.22994535519125686,35.9126065070957,-47.29416800031399,-1.5559750056163324,0.0,0.0003098892144144091,-0.0020321976305216942,servo_0.336
22.198963904000266,0.3356,1.0,0.22994535519125686,35.9126065070957,-47.29416800031399,-1.556031799178628,0.0,-0.0024125929244730245,-0.0020321976305216942,servo_0.336
22.203066676000162,0.3356,1.0,0.22994535519125686,35.9126065070957,-47.29416800031399,-1.556031799178628,0.0,-0.0024125929244730245,0.005576565695868852,servo_0.336
22.20454102200074,0.3356,1.0,0.22994535519125686,35.9126065070957,-47.29416800031399,-1.556035362794484,0.0,-0.0022984743362876254,0.005576565695868852,servo_0.336
22.20860267199987,0.3356,1.0,0.22994535519125686,35.9126065070957,-47.29416800031399,-1.556035362794484,0.0,-0.0022984743362876254,0.007037116578628013,servo_0.336
22.210361378000016,0.3356,1.0,0.22994535519125686,35.9126065070957,-47.29416800031399,-1.5560012066718933,0.0,6.403767335931782e-05,0.007037116578628013,servo_0.336
22.214052394000646,0.3356,1.0,0.22994535519125686,35.9126065070957,-47.29416800031399,-1.5560012066718933,0.0,6.403767335931782e-05,-0.005008156613380771,servo_0.336
22.215581845000088,0.3356,1.0,0.22994535519125686,35.9126065070957,-47.29416800031399,-1.5559688673833652,0.0,0.002155961344939926,-0.005008156613380771,servo_0.336
22.219495619000554,0.3356,1.0,0.22994535519125686,35.9126065070957,-47.29416800031399,-1.5559688673833652,0.0,0.002155961344939926,-0.009563272074636236,servo_0.336
22.221084335999876,0.3356,1.0,0.22994535519125686,35.9126065070957,-47.29416800031399,-1.5560000074027496,0.0,6.725957443716717e-06,-0.009563272074636236,servo_0.336
22.224924316000397,0.3356,1.0,0.22994535519125686,35.9126065070957,-47.29416800031399,-1.5560000074027496,0.0,6.725957443716717e-06,-0.0005532600131193276,servo_0.336
22.226453479000156,0.3356,1.0,0.22994535519125686,35.9126065070957,-47.29416800031399,-1.5560526815588238,0.0,-0.002864273452180269,-0.0005532600131193276,servo_0.336
22.230556251000053,0.3356,1.0,0.22994535519125686,35.9126065070957,-47.29416800031399,-1.5560526815588238,0.0,-0.002864273452180269,0.004789210441965331,servo_0.336
22.23233239700039,0.3356,1.0,0.22994535519125686,35.9126065070957,-47.29416800031399,-1.5560487775758343,0.0,-0.0021709694204619864,0.004789210441965331,servo_0.336
22.236247034999906,0.3356,1.0,0.22994535519125686,35.9126065070957,-47.29416800031399,-1.5560487775758343,0.0,-0.0021709694204619864,0.00480284925972763,servo_0.336
22.237917385999936,0.3356,1.0,0.22994535519125686,35.9126065070957,-47.29416800031399,-1.5560187457525276,0.0,-8.29154617337912e-05,0.00480284925972763,servo_0.336
22.241561905000708,0.3356,1.0,0.22994535519125686,35.9126065070957,-47.29416800031399,-1.5560187457525276,0.0,-8.29154617337912e-05,-0.0012905062266373257,servo_0.336
22.24320588699993,0.3356,1.0,0.22994535519125686,35.9126065070957,-47.29416800031399,-1.555995944101154,0.0,0.001382813954704635,-0.0012905062266373257,servo_0.336
22.247358196000278,0.3356,1.0,0.22994535519125686,35.9126065070957,-47.29416800031399,-1.555995944101154,0.0,0.001382813954704635,-0.0065600351961782365,servo_0.336
22.249527186000705,0.3356,1.0,0.22994535519125686,35.9126065070957,-47.29416800031399,-1.5560080407899068,0.0,0.0005808179003020469,-0.0065600351961782365,servo_0.336
22.25043233100041,0.3356,1.0,0.22994535519125686,35.9126065070957,-47.29416800031399,-1.5560080407899068,0.0,0.0005808179003020469,-0.0020458361882096676,servo_0.336
22.252092314000038,0.3356,1.0,0.22994535519125686,35.9126065070957,-47.29416800031399,-1.5560380659104815,0.0,-0.0015614380286420382,-0.0020458361882096676,servo_0.336
22.253711399000167,0.3356,1.0,0.22994535519125686,35.9126065070957,-47.29416800031399,-1.556041742074266,0.0,-0.0017067574765123267,-0.0020458361882096676,servo_0.336
22.254525981999905,0.3356,1.0,0.22994535519125686,35.9126065070957,-47.29416800031399,-1.556041742074266,0.0,-0.0017067574765123267,0.005553733770859276,servo_0.336
22.258208326000386,0.3356,1.0,0.22994535519125686,35.9126065070957,-47.29416800031399,-1.556041742074266,0.0,-0.0017067574765123267,0.005571817778987945,servo_0.336
22.259933399000147,0.3356,1.0,0.22994535519125686,35.9126065070957,-47.29416800031399,-1.5560079553473856,0.0,0.00047138989769915417,0.005571817778987945,servo_0.336
22.264125645000604,0.3356,1.0,0.22994535519125686,35.9126065070957,-47.29416800031399,-1.5559826503677872,0.0,0.0020015182620857913,0.005571817778987945,servo_0.336
22.264999974000602,0.3356,1.0,0.22994535519125686,35.9126065070957,-47.29416800031399,-1.5559826503677872,0.0,0.0020015182620857913,-0.0035384126233743325,servo_0.336
22.26917199499985,0.3356,1.0,0.22994535519125686,35.9126065070957,-47.29416800031399,-1.5559826503677872,0.0,0.0020015182620857913,-0.00587289802304576,servo_0.336
22.270786985000086,0.3356,1.0,0.22994535519125686,35.9126065070957,-47.29416800031399,-1.5560066814554676,0.0,0.0003395389964477541,-0.00587289802304576,servo_0.336
22.274565362999965,0.3356,1.0,0.22994535519125686,35.9126065070957,-47.29416800031399,-1.5560066814554676,0.0,0.0003395389964477541,-0.0013222287924539678,servo_0.336
22.27625149100004,0.3356,1.0,0.22994535519125686,35.9126065070957,-47.29416800031399,-1.5560399318305695,0.0,-0.0015241921094003002,-0.0013222287924539678,servo_0.336
22.2800524940003,0.3356,1.0,0.22994535519125686,35.9126065070957,-47.29416800031399,-1.5560399318305695,0.0,-0.0015241921094003002,0.004825680664588555,servo_0.336
22.281663227000536,0.3356,1.0,0.22994535519125686,35.9126065070957,-47.29416800031399,-1.5560404398154843,0.0,-0.0014636031143164005,0.004825680664588555,servo_0.336
22.285417349000454,0.3356,1.0,0.22994535519125686,35.9126065070957,-47.29416800031399,-1.5560404398154843,0.0,-0.0014636031143164005,0.00480284925972763,servo_0.336
22.287011698000242,0.3356,1.0,0.22994535519125686,35.9126065070957,-47.29416800031399,-1.5560116756801095,0.0,0.00042318201935508614,0.00480284925972763,servo_0.336
22.29115741500027,0.3356,1.0,0.22994535519125686,35.9126065070957,-47.29416800031399,-1.555990921239212,0.0,0.0017370821914668491,0.00480284925972763,servo_0.336
22.292072481000105,0.3356,1.0,0.22994535519125686,35.9126065070957,-47.29416800031399,-1.555990921239212,0.0,0.0017370821914668491,-0.002810359517103612,servo_0.336
22.296420859000136,0.3356,1.0,0.22994535519125686,35.9126065070957,-47.29416800031399,-1.555990921239212,0.0,0.0017370821914668491,-0.006591758022069204,servo_0.336
22.2981902850006,0.3356,1.0,0.22994535519125686,35.9126065070957,-47.29416800031399,-1.5560119401994181,0.0,0.0003728496788957108,-0.006591758022069204,servo_0.336
22.30180875499991,0.3356,1.0,0.22994535519125686,35.9126065070957,-47.29416800031399,-1.5560119401994181,0.0,0.0003728496788957108,-0.0020366430809623903,servo_0.336
22.303463842000383,0.3356,1.0,0.22994535519125686,35.9126065070957,-47.29416800031399,-1.55605117892429,0.0,-0.0017165326313937637,-0.0020366430809623903,servo_0.336
22.304431612999906,0.3356,1.0,0.22994535519125686,35.9126065070957,-47.29416800031399,-1.55605117892429,0.0,-0.0017165326313937637,0.004024686852997061,servo_0.336
22.30601946600018,0.3356,1.0,0.22994535519125686,35.9126065070957,-47.29416800031399,-1.55605117892429,0.0,-0.0017165326313937637,0.004024686852997061,servo_0.336
22.30801069000063,0.3356,1.0,0.22994535519125686,35.9126065070957,-47.29416800031399,-1.5560282768969496,0.0,-6.138998048592771e-05,0.004024686852997061,servo_0.336
22.308904635000545,0.3356,1.0,0.22994535519125686,35.9126065070957,-47.29416800031399,-1.5560282768969496,0.0,-6.138998048592771e-05,0.0032829951890383678,servo_0.336
22.312964142000055,0.3356,1.0,0.22994535519125686,35.9126065070957,-47.29416800031399,-1.5560282768969496,0.0,-6.138998048592771e-05,-0.0020458361882096676,servo_0.336
22.314553402000456,0.3356,1.0,0.22994535519125686,35.9126065070957,-47.29416800031399,-1.556012129887522,0.0,0.000941925570371361,-0.0020458361882096676,servo_0.336
22.318389382000532,0.3356,1.0,0.22994535519125686,35.9126065070957,-47.29416800031399,-1.556012129887522,0.0,0.000941925570371361,-0.004375876397514725,servo_0.336
22.320075414000712,0.3356,1.0,0.22994535519125686,35.9126065070957,-47.29416800031399,-1.5560280133138589,0.0,4.5597042797052446e-05,-0.004375876397514725,servo_0.336
22.323877728999832,0.3356,1.0,0.22994535519125686,35.9126065070957,-47.29416800031399,-1.5560280133138589,0.0,4.5597042797052446e-05,0.0009301233147980602,servo_0.336
22.325506351000513,0.3356,1.0,0.22994535519125686,35.9126065070957,-47.29416800031399,-1.5560541688294192,0.0,-0.0012808449892964808,0.0009301233147980602,servo_0.336
22.32941628500066,0.3356,1.0,0.22994535519125686,35.9126065070957,-47.29416800031399,-1.5560541688294192,0.0,-0.0012808449892964808,0.004051963968373008,servo_0.336
22.331100525000693,0.3356,1.0,0.22994535519125686,35.9126065070957,-47.29416800031399,-1.5560429842452868,0.0,-0.0006175544980681185,0.004051963968373008,servo_0.336
22.334851829999934,0.3356,1.0,0.22994535519125686,35.9126065070957,-47.29416800031399,-1.5560429842452868,0.0,-0.0006175544980681185,0.002559387793282668,servo_0.336
22.336572743000033,0.3356,1.0,0.22994535519125686,35.9126065070957,-47.29416800031399,-1.5560165894941238,0.0,0.0007833010418642195,0.002559387793282668,servo_0.336
22.340249775000302,0.3356,1.0,0.22994535519125686,35.9126065070957,-47.29416800031399,-1.5560165894941238,0.0,0.0007833010418642195,-0.004248078995001848,servo_0.336
22.341855227999986,0.3356,1.0,0.22994535519125686,35.9126065070957,-47.29416800031399,-1.555997152717988,0.0,0.001316127067289754,-0.004248078995001848,servo_0.336
22.345701799999915,0.3356,1.0,0.22994535519125686,35.9126065070957,-47.29416800031399,-1.555997152717988,0.0,0.001316127067289754,-0.008084333937085218,servo_0.336
22.34732549399996,0.3356,1.0,0.22994535519125686,35.9126065070957,-47.29416800031399,-1.556023868521969,0.0,-0.00035313475139772666,-0.008084333937085218,servo_0.336
22.351255397000386,0.3356,1.0,0.22994535519125686,35.9126065070957,-47.29416800031399,-1.556023868521969,0.0,-0.00035313475139772666,-0.004280104027258701,servo_0.336
22.35300731799998,0.3356,1.0,0.22994535519125686,35.9126065070957,-47.29416800031399,-1.5560601490363353,0.0,-0.002672494507103974,-0.004280104027258701,servo_0.336
22.356693757999892,0.3356,1.0,0.22994535519125686,35.9126065070957,-47.29416800031399,-1.5560601490363353,0.0,-0.002672494507103974,0.004038325410685035,servo_0.336
22.358422831000098,0.3356,1.0,0.22994535519125686,35.9126065070957,-47.29416800031399,-1.5560750474837282,0.0,-0.003154777363150392,0.004038325410685035,servo_0.336
22.360035835999952,0.3356,1.0,0.22994535519125686,35.9126065070957,-47.29416800031399,-1.5560750474837282,0.0,-0.003154777363150392,0.004038325410685035,servo_0.336
22.362349021000227,0.3356,1.0,0.22994535519125686,35.9126065070957,-47.29416800031399,-1.5560750474837282,0.0,-0.003154777363150392,0.004038325410685035,servo_0.336
22.364100399000563,0.3356,1.0,0.22994535519125686,35.9126065070957,-47.29416800031399,-1.5560336618566508,0.0,0.0005137050515056762,0.004038325410685035,servo_0.336
22.364948198000093,0.3356,1.0,0.22994535519125686,35.9126065070957,-47.29416800031399,-1.5560336618566508,0.0,0.0005137050515056762,-0.0020458361882096676,servo_0.336
22.367955194999922,0.3356,1.0,0.22994535519125686,35.9126065070957,-47.29416800031399,-1.5560336618566508,0.0,0.0005137050515056762,-0.008789555118346363,servo_0.336
22.369609545999992,0.3356,1.0,0.22994535519125686,35.9126065070957,-47.29416800031399,-1.5560501034350922,0.0,-0.0002541573204089269,-0.008789555118346363,servo_0.336
22.373310034000497,0.3356,1.0,0.22994535519125686,35.9126065070957,-47.29416800031399,-1.5560501034350922,0.0,-0.0002541573204089269,-0.002787527852168361,servo_0.336
22.375019522000002,0.3356,1.0,0.22994535519125686,35.9126065070957,-47.29416800031399,-1.5560974513191699,0.0,-0.0028147766597901576,-0.002787527852168361,servo_0.336
22.37863524000022,0.3356,1.0,0.22994535519125686,35.9126065070957,-47.29416800031399,-1.5560974513191699,0.0,-0.0028147766597901576,0.00480284925972763,servo_0.336
22.380317400000422,0.3356,1.0,0.22994535519125686,35.9126065070957,-47.29416800031399,-1.5561047350718902,0.0,-0.002806602017503619,0.00480284925972763,servo_0.336
22.384127330999945,0.3356,1.0,0.22994535519125686,35.9126065070957,-47.29416800031399,-1.5561047350718902,0.0,-0.002806602017503619,0.0055902039934825,servo_0.336
22.385775536999972,0.3356,1.0,0.22994535519125686,35.9126065070957,-47.29416800031399,-1.5560751861332478,0.0,-0.0005237666343342441,0.0055902039934825,servo_0.336
22.389470201000222,0.3356,1.0,0.22994535519125686,35.9126065070957,-47.29416800031399,-1.5560751861332478,0.0,-0.0005237666343342441,-0.00126767430162775,servo_0.336
22.39105079000001,0.3356,1.0,0.22994535519125686,35.9126065070957,-47.29416800031399,-1.5560537075944951,0.0,0.0013104245540107788,-0.00126767430162775,servo_0.336
22.39490600299996,0.3356,1.0,0.22994535519125686,35.9126065070957,-47.29416800031399,-1.5560537075944951,0.0,0.0013104245540107788,-0.006573674013940534,servo_0.336
22.39657609799997,0.3356,1.0,0.22994535519125686,35.9126065070957,-47.29416800031399,-1.556065895691716,0.0,0.0005369948973192201,-0.006573674013940534,servo_0.336
22.400355499999932,0.3356,1.0,0.22994535519125686,35.9126065070957,-47.29416800031399,-1.556065895691716,0.0,0.0005369948973192201,-0.0020230043932372545,servo_0.336
22.401960025000335,0.3356,1.0,0.22994535519125686,35.9126065070957,-47.29416800031399,-1.5561024093637932,0.0,-0.0015962057760587063,-0.0020230043932372545,servo_0.336
22.40589748000002,0.3356,1.0,0.22994535519125686,35.9126065070957,-47.29416800031399,-1.5561024093637932,0.0,-0.0015962057760587063,0.006281786877129996,servo_0.336
22.407622425000227,0.3356,1.0,0.22994535519125686,35.9126065070957,-47.29416800031399,-1.5561061901289988,0.0,-0.0017242453612122707,0.006281786877129996,servo_0.336
22.41174894100004,0.3356,1.0,0.22994535519125686,35.9126065070957,-47.29416800031399,-1.5560688688999065,0.0,0.0006775643102904093,0.006281786877129996,servo_0.336
22.412667495000278,0.3356,1.0,0.22994535519125686,35.9126065070957,-47.29416800031399,-1.5560688688999065,0.0,0.0006775643102904093,0.006295425174743644,servo_0.336
22.416705817000548,0.3356,1.0,0.22994535519125686,35.9126065070957,-47.29416800031399,-1.5560688688999065,0.0,0.0006775643102904093,-0.002787527852168361,servo_0.336
22.418332326999916,0.3356,1.0,0.22994535519125686,35.9126065070957,-47.29416800031399,-1.556043061940046,0.0,0.00236292256962638,-0.002787527852168361,servo_0.336
22.419927316000212,0.3356,1.0,0.22994535519125686,35.9126065070957,-47.29416800031399,-1.556043061940046,0.0,0.00236292256962638,-0.002787527852168361,servo_0.336
22.422135090000666,0.3356,1.0,0.22994535519125686,35.9126065070957,-47.29416800031399,-1.556043061940046,0.0,0.00236292256962638,-0.00740194468083365,servo_0.336
22.42376220799997,0.3356,1.0,0.22994535519125686,35.9126065070957,-47.29416800031399,-1.556106407803595,0.0,-0.0016481321940885244,-0.00740194468083365,servo_0.336
22.424680890000673,0.3356,1.0,0.22994535519125686,35.9126065070957,-47.29416800031399,-1.556106407803595,0.0,-0.0016481321940885244,-0.0020823066709072164,servo_0.336
22.427967829999943,0.3356,1.0,0.22994535519125686,35.9126065070957,-47.29416800031399,-1.556106407803595,0.0,-0.0016481321940885244,0.006345534215129167,servo_0.336
22.429618756999844,0.3356,1.0,0.22994535519125686,35.9126065070957,-47.29416800031399,-1.5561107169437807,0.0,-0.001778384537134132,0.006345534215129167,servo_0.336
22.433354798000437,0.3356,1.0,0.22994535519125686,35.9126065070957,-47.29416800031399,-1.5561107169437807,0.0,-0.001778384537134132,0.0010715592749989099,servo_0.336
22.434934554999927,0.3356,1.0,0.22994535519125686,35.9126065070957,-47.29416800031399,-1.5560735693645849,0.0,0.0006587910885448578,0.0010715592749989099,servo_0.336
22.43879837500026,0.3356,1.0,0.22994535519125686,35.9126065070957,-47.29416800031399,-1.5560735693645849,0.0,0.0006587910885448578,-0.0035063875911174793,servo_0.336
22.440433204999863,0.3356,1.0,0.22994535519125686,35.9126065070957,-47.29416800031399,-1.5560730902965092,0.0,0.0007826215444810733,-0.0035063875911174793,servo_0.336
22.444828081000196,0.3356,1.0,0.22994535519125686,35.9126065070957,-47.29416800031399,-1.5560730902965092,0.0,0.0007826215444810733,-0.00508109757877587,servo_0.336
22.44773808300033,0.3356,1.0,0.22994535519125686,35.9126065070957,-47.29416800031399,-1.5560960267406232,0.0,-0.0005040811961984924,-0.00508109757877587,servo_0.336
22.45047953700032,0.3356,1.0,0.22994535519125686,35.9126065070957,-47.29416800031399,-1.5560960267406232,0.0,-0.0005040811961984924,-0.0013041447843252989,servo_0.336
22.45275659300023,0.3356,1.0,0.22994535519125686,35.9126065070957,-47.29416800031399,-1.5561244042016777,0.0,-0.0018771861109717054,-0.0013041447843252989,servo_0.336
22.45589824900071,0.3356,1.0,0.22994535519125686,35.9126065070957,-47.29416800031399,-1.5561244042016777,0.0,-0.0018771861109717054,0.005567372588621574,servo_0.336
22.458128136000596,0.3356,1.0,0.22994535519125686,35.9126065070957,-47.29416800031399,-1.5561247291551932,0.0,-0.0017052737129777834,0.005567372588621574,servo_0.336
22.46106633100044,0.3356,1.0,0.22994535519125686,35.9126065070957,-47.29416800031399,-1.5561247291551932,0.0,-0.0017052737129777834,0.0055217087386024225,servo_0.336
22.463074867000614,0.3356,1.0,0.22994535519125686,35.9126065070957,-47.29416800031399,-1.5560917623408157,0.0,0.00047652017750202396,0.0055217087386024225,servo_0.336
22.46674492300008,0.3356,1.0,0.22994535519125686,35.9126065070957,-47.29416800031399,-1.5560917623408157,0.0,0.00047652017750202396,-0.004302935952268277,servo_0.336
22.46886437500052,0.3356,1.0,0.22994535519125686,35.9126065070957,-47.29416800031399,-1.5560659184867047,0.0,0.0019900767458321434,-0.004302935952268277,servo_0.336
22.47590089300047,0.3356,1.0,0.22994535519125686,35.9126065070957,-47.29416800031399,-1.556093303066312,0.0,0.00010217293640201732,-0.004302935952268277,servo_0.336
22.477954935000525,0.3356,1.0,0.22994535519125686,35.9126065070957,-47.29416800031399,-1.556093303066312,0.0,0.00010217293640201732,-0.005094736396538168,servo_0.336
22.481237811000028,0.3356,1.0,0.22994535519125686,35.9126065070957,-47.29416800031399,-1.5561195430262842,0.0,-0.0014568998634800381,-0.005094736396538168,servo_0.336
22.48216932500054,0.3356,1.0,0.22994535519125686,35.9126065070957,-47.29416800031399,-1.5561195430262842,0.0,-0.0014568998634800381,-0.001317783342013272,servo_0.336
22.483883486000195,0.3356,1.0,0.22994535519125686,35.9126065070957,-47.29416800031399,-1.5561193327793934,0.0,-0.0014151649070400082,-0.001317783342013272,servo_0.336
22.484675124000205,0.3356,1.0,0.22994535519125686,35.9126065070957,-47.29416800031399,-1.5561193327793934,0.0,-0.0014151649070400082,0.004083989000629861,servo_0.336
22.486238784000307,0.3356,1.0,0.22994535519125686,35.9126065070957,-47.29416800031399,-1.556092476996355,0.0,0.0002345812652609525,0.004083989000629861,servo_0.336
22.48700261400063,0.3356,1.0,0.22994535519125686,35.9126065070957,-47.29416800031399,-1.556092476996355,0.0,0.0002345812652609525,0.0025914128255395213,servo_0.336
22.489582365999922,0.3356,1.0,0.22994535519125686,35.9126065070957,-47.29416800031399,-1.5560861939270552,0.0,0.0009416307333445231,0.0025914128255395213,servo_0.336
22.490368084000693,0.3356,1.0,0.22994535519125686,35.9126065070957,-47.29416800031399,-1.5560861939270552,0.0,0.0009416307333445231,-0.0012905062266373257,servo_0.336
22.494039420000263,0.3356,1.0,0.22994535519125686,35.9126065070957,-47.29416800031399,-1.5560861939270552,0.0,0.0009416307333445231,-0.004266465469570728,servo_0.336
22.495452516000114,0.3356,1.0,0.22994535519125686,35.9126065070957,-47.29416800031399,-1.5560989328374524,0.0,0.00027198964534996844,-0.004266465469570728,servo_0.336
22.50048395400063,0.3356,1.0,0.22994535519125686,35.9126065070957,-47.29416800031399,-1.5561232472127693,0.0,-0.0010895468891262406,-0.004266465469570728,servo_0.336
22.50134471399997,0.3356,1.0,0.22994535519125686,35.9126065070957,-47.29416800031399,-1.5561232472127693,0.0,-0.0010895468891262406,-0.0012220107116829235,servo_0.336
22.505053010000665,0.3356,1.0,0.22994535519125686,35.9126065070957,-47.29416800031399,-1.5561232472127693,0.0,-0.0010895468891262406,0.004097627558317834,servo_0.336
22.507293681000192,0.3356,1.0,0.22994535519125686,35.9126065070957,-47.29416800031399,-1.55612301722252,0.0,-0.0011292860358932454,0.004097627558317834,servo_0.336
22.5108951910006,0.3356,1.0,0.22994535519125686,35.9126065070957,-47.29416800031399,-1.55612301722252,0.0,-0.0011292860358932454,0.0025777742678515484,servo_0.336
22.512699530000646,0.3356,1.0,0.22994535519125686,35.9126065070957,-47.29416800031399,-1.5560968747796673,0.0,0.00043878804237007843,0.0025777742678515484,servo_0.336
22.516122378000546,0.3356,1.0,0.22994535519125686,35.9126065070957,-47.29416800031399,-1.5560968747796673,0.0,0.00043878804237007843,-0.0020686681132192435,servo_0.336
22.517838970999946,0.3356,1.0,0.22994535519125686,35.9126065070957,-47.29416800031399,-1.5560882769021105,0.0,0.0010804839100145194,-0.0020686681132192435,servo_0.336
22.52242569200007,0.3356,1.0,0.22994535519125686,35.9126065070957,-47.29416800031399,-1.5561048798816473,0.0,0.00013573830304439052,-0.0020686681132192435,servo_0.336
22.52328002000013,0.3356,1.0,0.22994535519125686,35.9126065070957,-47.29416800031399,-1.5561048798816473,0.0,0.00013573830304439052,-0.006623783054326057,servo_0.336
22.52783982800065,0.3356,1.0,0.22994535519125686,35.9126065070957,-47.29416800031399,-1.5561407685117892,0.0,-0.0018921181041667435,-0.006623783054326057,servo_0.336
22.528759245999936,0.3356,1.0,0.22994535519125686,35.9126065070957,-47.29416800031399,-1.5561407685117892,0.0,-0.0018921181041667435,-0.0020321976305216942,servo_0.336
22.530376700000488,0.3356,1.0,0.22994535519125686,35.9126065070957,-47.29416800031399,-1.5561407685117892,0.0,-0.0018921181041667435,-0.0020321976305216942,servo_0.336
22.531202547000248,0.3356,1.0,0.22994535519125686,35.9126065070957,-47.29416800031399,-1.5561407685117892,0.0,-0.0018921181041667435,0.006322702290119591,servo_0.336
22.533494452000014,0.3356,1.0,0.22994535519125686,35.9126065070957,-47.29416800031399,-1.5561070555720804,0.0,0.0005429113135846173,0.006322702290119591,servo_0.336
22.53430183399996,0.3356,1.0,0.22994535519125686,35.9126065070957,-47.29416800031399,-1.5561070555720804,0.0,0.0005429113135846173,0.006309063992505943,servo_0.336
22.537934673000564,0.3356,1.0,0.22994535519125686,35.9126065070957,-47.29416800031399,-1.5561070555720804,0.0,0.0005429113135846173,-0.0034927490334295064,servo_0.336
22.53940293800042,0.3356,1.0,0.22994535519125686,35.9126065070957,-47.29416800031399,-1.5560817790650499,0.0,0.002272757117261015,-0.0034927490334295064,servo_0.336
22.543452780000734,0.3356,1.0,0.22994535519125686,35.9126065070957,-47.29416800031399,-1.5560817790650499,0.0,0.002272757117261015,-0.007365474458210426,servo_0.336
22.545185085000412,0.3356,1.0,0.22994535519125686,35.9126065070957,-47.29416800031399,-1.556105567843197,0.0,0.0005431052720538585,-0.007365474458210426,servo_0.336
22.548860997000702,0.3356,1.0,0.22994535519125686,35.9126065070957,-47.29416800031399,-1.556105567843197,0.0,0.0005431052720538585,-0.0005396214554313544,servo_0.336
22.550477937999858,0.3356,1.0,0.22994535519125686,35.9126065070957,-47.29416800031399,-1.5561402623392069,0.0,-0.0018294686470254268,-0.0005396214554313544,servo_0.336
22.554339007000635,0.3356,1.0,0.22994535519125686,35.9126065070957,-47.29416800031399,-1.5561402623392069,0.0,-0.0018294686470254268,0.0048621514073604296,servo_0.336
22.556027983000604,0.3356,1.0,0.22994535519125686,35.9126065070957,-47.29416800031399,-1.5561366624286614,0.0,-0.001442514489547205,0.0048621514073604296,servo_0.336
22.559840857999916,0.3356,1.0,0.22994535519125686,35.9126065070957,-47.29416800031399,-1.5561366624286614,0.0,-0.001442514489547205,0.003319465671735917,servo_0.336
22.561548330000733,0.3356,1.0,0.22994535519125686,35.9126065070957,-47.29416800031399,-1.5561055675376925,0.0,0.00044888527952508537,0.003319465671735917,servo_0.336
22.56520299300064,0.3356,1.0,0.22994535519125686,35.9126065070957,-47.29416800031399,-1.5561055675376925,0.0,0.00044888527952508537,-0.0028011664098563345,servo_0.336
22.566853856000307,0.3356,1.0,0.22994535519125686,35.9126065070957,-47.29416800031399,-1.55609575212535,0.0,0.0013100593971883349,-0.0028011664098563345,servo_0.336
22.570647147000273,0.3356,1.0,0.22994535519125686,35.9126065070957,-47.29416800031399,-1.55609575212535,0.0,0.0013100593971883349,-0.008867244520771018,servo_0.336
22.572343450000517,0.3356,1.0,0.22994535519125686,35.9126065070957,-47.29416800031399,-1.5561156340688493,0.0,7.669165507493401e-05,-0.008867244520771018,servo_0.336
22.576254025000708,0.3356,1.0,0.22994535519125686,35.9126065070957,-47.29416800031399,-1.5561156340688493,0.0,7.669165507493401e-05,-0.0020686681132192435,servo_0.336
22.578078556000037,0.3356,1.0,0.22994535519125686,35.9126065070957,-47.29416800031399,-1.5561593934353528,0.0,-0.0026064891976788516,-0.0020686681132192435,servo_0.336
22.581649825000568,0.3356,1.0,0.22994535519125686,35.9126065070957,-47.29416800031399,-1.5561593934353528,0.0,-0.0026064891976788516,0.007037116578628013,servo_0.336
22.58348062799996,0.3356,1.0,0.22994535519125686,35.9126065070957,-47.29416800031399,-1.5561636405715022,0.0,-0.002445142872340969,0.007037116578628013,servo_0.336
22.587023703999876,0.3356,1.0,0.22994535519125686,35.9126065070957,-47.29416800031399,-1.5561636405715022,0.0,-0.002445142872340969,0.0025822194582179187,servo_0.336
22.58880477799994,0.3356,1.0,0.22994535519125686,35.9126065070957,-47.29416800031399,-1.5561236379916648,0.0,0.0003995349629497256,0.0025822194582179187,servo_0.336
22.589645922000273,0.3356,1.0,0.22994535519125686,35.9126065070957,-47.29416800031399,-1.5561236379916648,0.0,0.0003995349629497256,-0.0027510573694708123,servo_0.336
22.59122299000046,0.3356,1.0,0.22994535519125686,35.9126065070957,-47.29416800031399,-1.5561236379916648,0.0,0.0003995349629497256,-0.0027510573694708123,servo_0.336
22.59261887000048,0.3356,1.0,0.22994535519125686,35.9126065070957,-47.29416800031399,-1.5561236379916648,0.0,0.0003995349629497256,-0.005053820463399923,servo_0.336
22.59430685300049,0.3356,1.0,0.22994535519125686,35.9126065070957,-47.29416800031399,-1.556136805117881,0.0,-8.727899277011523e-05,-0.005053820463399923,servo_0.336
22.598098800000116,0.3356,1.0,0.22994535519125686,35.9126065070957,-47.29416800031399,-1.556136805117881,0.0,-8.727899277011523e-05,-0.0004987055548024003,servo_0.336
22.59978422400036,0.3356,1.0,0.22994535519125686,35.9126065070957,-47.29416800031399,-1.5561588405546383,0.0,-0.0015772414339590576,-0.0004987055548024003,servo_0.336
22.60358567500043,0.3356,1.0,0.22994535519125686,35.9126065070957,-47.29416800031399,-1.5561588405546383,0.0,-0.0015772414339590576,0.005603842811244798,servo_0.336
22.605222393000076,0.3356,1.0,0.22994535519125686,35.9126065070957,-47.29416800031399,-1.5561550395446546,0.0,-0.0012536806702120604,0.005603842811244798,servo_0.336
22.608979523000016,0.3356,1.0,0.22994535519125686,35.9126065070957,-47.29416800031399,-1.5561550395446546,0.0,-0.0012536806702120604,0.0033286590390575197,servo_0.336
22.610596272000294,0.3356,1.0,0.22994535519125686,35.9126065070957,-47.29416800031399,-1.556121324663678,0.0,0.0008035763742249972,0.0033286590390575197,servo_0.336
22.614430812000137,0.3356,1.0,0.22994535519125686,35.9126065070957,-47.29416800031399,-1.556121324663678,0.0,0.0008035763742249972,-0.002860468557489134,servo_0.336
22.61605905000033,0.3356,1.0,0.22994535519125686,35.9126065070957,-47.29416800031399,-1.5561097979484004,0.0,0.001561101173674754,-0.002860468557489134,servo_0.336
22.61993272700056,0.3356,1.0,0.22994535519125686,35.9126065070957,-47.29416800031399,-1.5561097979484004,0.0,0.001561101173674754,-0.007365474458210426,servo_0.336
22.621617767000316,0.3356,1.0,0.22994535519125686,35.9126065070957,-47.29416800031399,-1.5561294768957237,0.0,0.00023463025432558739,-0.007365474458210426,servo_0.336
22.62537681699996,0.3356,1.0,0.22994535519125686,35.9126065070957,-47.29416800031399,-1.5561294768957237,0.0,0.00023463025432558739,-0.005049072546519017,servo_0.336
22.62703855900054,0.3356,1.0,0.22994535519125686,35.9126065070957,-47.29416800031399,-1.5561680771855495,0.0,-0.0020454011594352164,-0.005049072546519017,servo_0.336
22.63095687800069,0.3356,1.0,0.22994535519125686,35.9126065070957,-47.29416800031399,-1.5561680771855495,0.0,-0.0020454011594352164,0.0017767804562600549,servo_0.336
22.63262316500004,0.3356,1.0,0.22994535519125686,35.9126065070957,-47.29416800031399,-1.5561868301873207,0.0,-0.0029465025755603565,0.0017767804562600549,servo_0.336
22.636323460999847,0.3356,1.0,0.22994535519125686,35.9126065070957,-47.29416800031399,-1.5561868301873207,0.0,-0.0029465025755603565,0.005558178961225646,servo_0.336
22.637947507000717,0.3356,1.0,0.22994535519125686,35.9126065070957,-47.29416800031399,-1.5561721857252804,0.0,-0.001529517666014233,0.005558178961225646,servo_0.336
22.641777726999862,0.3356,1.0,0.22994535519125686,35.9126065070957,-47.29416800031399,-1.5561721857252804,0.0,-0.001529517666014233,-0.003515580698364757,servo_0.336
22.64338238000073,0.3356,1.0,0.22994535519125686,35.9126065070957,-47.29416800031399,-1.55615052606122,0.0,0.000596791322157731,-0.003515580698364757,servo_0.336
22.64504239500002,0.3356,1.0,0.22994535519125686,35.9126065070957,-47.29416800031399,-1.55615052606122,0.0,0.000596791322157731,-0.003515580698364757,servo_0.336
22.647340956000335,0.3356,1.0,0.22994535519125686,35.9126065070957,-47.29416800031399,-1.55615052606122,0.0,0.000596791322157731,-0.008107165862094794,servo_0.336
22.64877088400044,0.3356,1.0,0.22994535519125686,35.9126065070957,-47.29416800031399,-1.55615052606122,0.0,0.000596791322157731,-0.0020686681132192435,servo_0.336
22.650551286000336,0.3356,1.0,0.22994535519125686,35.9126065070957,-47.29416800031399,-1.5561735292709196,0.0,-0.0006369202839990153,-0.0020686681132192435,servo_0.336
22.65282587799993,0.3356,1.0,0.22994535519125686,35.9126065070957,-47.29416800031399,-1.5561735292709196,0.0,-0.0006369202839990153,0.005603842811244798,servo_0.336
22.654518213999836,0.3356,1.0,0.22994535519125686,35.9126065070957,-47.29416800031399,-1.556222014251399,0.0,-0.002635196204165197,0.005603842811244798,servo_0.336
22.65828136000073,0.3356,1.0,0.22994535519125686,35.9126065070957,-47.29416800031399,-1.556222014251399,0.0,-0.002635196204165197,0.007037116578628013,servo_0.336
22.66007990700018,0.3356,1.0,0.22994535519125686,35.9126065070957,-47.29416800031399,-1.5561881051560433,0.0,-0.0001634844995421984,0.007037116578628013,servo_0.336
22.663738633999856,0.3356,1.0,0.22994535519125686,35.9126065070957,-47.29416800031399,-1.5561881051560433,0.0,-0.0001634844995421984,-0.0035748828459975564,servo_0.336
22.665397208000286,0.3356,1.0,0.22994535519125686,35.9126065070957,-47.29416800031399,-1.5561550673525295,0.0,0.001996695823908865,-0.0035748828459975564,servo_0.336
22.669117600999925,0.3356,1.0,0.22994535519125686,35.9126065070957,-47.29416800031399,-1.5561550673525295,0.0,0.001996695823908865,-0.005108374694151816,servo_0.336
22.670773552000355,0.3356,1.0,0.22994535519125686,35.9126065070957,-47.29416800031399,-1.5561794140072027,0.0,0.00032522222293693845,-0.005108374694151816,servo_0.336
22.67452460200002,0.3356,1.0,0.22994535519125686,35.9126065070957,-47.29416800031399,-1.5561794140072027,0.0,0.00032522222293693845,-0.0020230043932372545,servo_0.336
22.676230953999948,0.3356,1.0,0.22994535519125686,35.9126065070957,-47.29416800031399,-1.5562108482615853,0.0,-0.0013048568521896876,-0.0020230043932372545,servo_0.336
22.680180345000736,0.3356,1.0,0.22994535519125686,35.9126065070957,-47.29416800031399,-1.5562108482615853,0.0,-0.0013048568521896876,0.006359173032891465,servo_0.336
22.682242963000135,0.3356,1.0,0.22994535519125686,35.9126065070957,-47.29416800031399,-1.5562151354707658,0.0,-0.0015203011145039575,0.006359173032891465,servo_0.336
22.68549870300012,0.3356,1.0,0.22994535519125686,35.9126065070957,-47.29416800031399,-1.5562151354707658,0.0,-0.0015203011145039575,0.00480284925972763,servo_0.336
22.68724409600054,0.3356,1.0,0.22994535519125686,35.9126065070957,-47.29416800031399,-1.5561782954585102,0.0,0.0008435411297146691,0.00480284925972763,servo_0.336
22.69093421600064,0.3356,1.0,0.22994535519125686,35.9126065070957,-47.29416800031399,-1.5561782954585102,0.0,0.0008435411297146691,-0.004307381402708973,servo_0.336
22.69267336900066,0.3356,1.0,0.22994535519125686,35.9126065070957,-47.29416800031399,-1.5561585082601292,0.0,0.0020313335687185572,-0.004307381402708973,servo_0.336
22.696491172000606,0.3356,1.0,0.22994535519125686,35.9126065070957,-47.29416800031399,-1.5561585082601292,0.0,0.0020313335687185572,-0.00812999778710437,servo_0.336
22.69823291800003,0.3356,1.0,0.22994535519125686,35.9126065070957,-47.29416800031399,-1.5561862255044434,0.0,0.00012971907729029822,-0.00812999778710437,servo_0.336
22.70190889300011,0.3356,1.0,0.22994535519125686,35.9126065070957,-47.29416800031399,-1.5561862255044434,0.0,0.00012971907729029822,-0.0013133378915725763,servo_0.336
22.70360734099995,0.3356,1.0,0.22994535519125686,35.9126065070957,-47.29416800031399,-1.5562262099164497,0.0,-0.002348195982028102,-0.0013133378915725763,servo_0.336
22.704514439000377,0.3356,1.0,0.22994535519125686,35.9126065070957,-47.29416800031399,-1.5562262099164497,0.0,-0.002348195982028102,0.005603842811244798,servo_0.336
22.70606977800071,0.3356,1.0,0.22994535519125686,35.9126065070957,-47.29416800031399,-1.5562262099164497,0.0,-0.002348195982028102,0.005603842811244798,servo_0.336
22.70804660200065,0.3356,1.0,0.22994535519125686,35.9126065070957,-47.29416800031399,-1.5561928793556343,0.0,0.0002547358549494286,0.005603842811244798,servo_0.336
22.708907522000118,0.3356,1.0,0.22994535519125686,35.9126065070957,-47.29416800031399,-1.5561928793556343,0.0,0.0002547358549494286,0.004074795633308259,servo_0.336
22.712928628000554,0.3356,1.0,0.22994535519125686,35.9126065070957,-47.29416800031399,-1.5561928793556343,0.0,0.0002547358549494286,-0.0005259829302526719,servo_0.336
22.714552705000642,0.3356,1.0,0.22994535519125686,35.9126065070957,-47.29416800031399,-1.5561777145600229,0.0,0.0014007537884570776,-0.0005259829302526719,servo_0.336
22.718382381000083,0.3356,1.0,0.22994535519125686,35.9126065070957,-47.29416800031399,-1.5561777145600229,0.0,0.0014007537884570776,-0.006573674013940534,servo_0.336
22.72008889300014,0.3356,1.0,0.22994535519125686,35.9126065070957,-47.29416800031399,-1.5561870931574653,0.0,0.0008227327728441528,-0.006573674013940534,servo_0.336
22.72387687199989,0.3356,1.0,0.22994535519125686,35.9126065070957,-47.29416800031399,-1.5561870931574653,0.0,0.0008227327728441528,-0.003483555666107904,servo_0.336
22.725568888000453,0.3356,1.0,0.22994535519125686,35.9126065070957,-47.29416800031399,-1.5562231407170382,0.0,-0.0013961892631912535,-0.003483555666107904,servo_0.336
22.72936953899989,0.3356,1.0,0.22994535519125686,35.9126065070957,-47.29416800031399,-1.5562231407170382,0.0,-0.0013961892631912535,0.00333310422942389,servo_0.336
22.731155221000336,0.3356,1.0,0.22994535519125686,35.9126065070957,-47.29416800031399,-1.5562342818250203,0.0,-0.0020223991840662486,0.00333310422942389,servo_0.336
22.734720762000507,0.3356,1.0,0.22994535519125686,35.9126065070957,-47.29416800031399,-1.5562342818250203,0.0,-0.0020223991840662486,0.005571817778987945,servo_0.336
22.736421418000646,0.3356,1.0,0.22994535519125686,35.9126065070957,-47.29416800031399,-1.5562117674272733,0.0,-0.00041574816001920694,0.005571817778987945,servo_0.336
22.740205716000673,0.3356,1.0,0.22994535519125686,35.9126065070957,-47.29416800031399,-1.5562117674272733,0.0,-0.00041574816001920694,-0.0027738892944803883,servo_0.336
22.741832514000635,0.3356,1.0,0.22994535519125686,35.9126065070957,-47.29416800031399,-1.556190209775602,0.0,0.0013805216216829386,-0.0027738892944803883,servo_0.336
22.74558084399996,0.3356,1.0,0.22994535519125686,35.9126065070957,-47.29416800031399,-1.556190209775602,0.0,0.0013805216216829386,-0.004353044732579474,servo_0.336
22.74721903400041,0.3356,1.0,0.22994535519125686,35.9126065070957,-47.29416800031399,-1.5562090750319295,0.0,0.00013419834683394045,-0.004353044732579474,servo_0.336
22.75110307900013,0.3356,1.0,0.22994535519125686,35.9126065070957,-47.29416800031399,-1.5562090750319295,0.0,0.00013419834683394045,-0.0005532600131193276,servo_0.336
22.75275259800037,0.3356,1.0,0.22994535519125686,35.9126065070957,-47.29416800031399,-1.5562301915536436,0.0,-0.0012119745769900837,-0.0005532600131193276,servo_0.336
22.756546497000272,0.3356,1.0,0.22994535519125686,35.9126065070957,-47.29416800031399,-1.5562301915536436,0.0,-0.0012119745769900837,0.005553733770859276,servo_0.336
22.758177647000593,0.3356,1.0,0.22994535519125686,35.9126065070957,-47.29416800031399,-1.556226173691483,0.0,-0.0010143602078288567,0.005553733770859276,servo_0.336
22.762005723000584,0.3356,1.0,0.22994535519125686,35.9126065070957,-47.29416800031399,-1.556226173691483,0.0,-0.0010143602078288567,0.007050755396390312,servo_0.336
22.763865007000277,0.3356,1.0,0.22994535519125686,35.9126065070957,-47.29416800031399,-1.5561926476147623,0.0,0.000956067985777583,0.007050755396390312,servo_0.336
22.76469459800046,0.3356,1.0,0.22994535519125686,35.9126065070957,-47.29416800031399,-1.5561926476147623,0.0,0.000956067985777583,-0.00205502955553127,servo_0.336
22.766224401000727,0.3356,1.0,0.22994535519125686,35.9126065070957,-47.29416800031399,-1.5561926476147623,0.0,0.000956067985777583,-0.00205502955553127,servo_0.336
22.768245610000122,0.3356,1.0,0.22994535519125686,35.9126065070957,-47.29416800031399,-1.556174716493822,0.0,0.0013326230796135998,-0.00205502955553127,servo_0.336
22.769070818000728,0.3356,1.0,0.22994535519125686,35.9126065070957,-47.29416800031399,-1.556174716493822,0.0,0.0013326230796135998,-0.006550842088930959,servo_0.336
22.77313826000045,0.3356,1.0,0.22994535519125686,35.9126065070957,-47.29416800031399,-1.556174716493822,0.0,0.0013326230796135998,-0.0020321976305216942,servo_0.336
22.774770433999947,0.3356,1.0,0.22994535519125686,35.9126065070957,-47.29416800031399,-1.5562113704347673,0.0,-0.0010324164709497679,-0.0020321976305216942,servo_0.336
22.77858366200053,0.3356,1.0,0.22994535519125686,35.9126065070957,-47.29416800031399,-1.5562113704347673,0.0,-0.0010324164709497679,0.005603842811244798,servo_0.336
22.780303741999887,0.3356,1.0,0.22994535519125686,35.9126065070957,-47.29416800031399,-1.5562147422762849,0.0,-0.0013323508188213457,0.005603842811244798,servo_0.336
22.784111977000066,0.3356,1.0,0.22994535519125686,35.9126065070957,-47.29416800031399,-1.5562147422762849,0.0,-0.0013323508188213457,0.0033467427871118633,servo_0.336
22.78571061399998,0.3356,1.0,0.22994535519125686,35.9126065070957,-47.29416800031399,-1.556180019255573,0.0,0.0007485072701984975,0.0033467427871118633,servo_0.336
22.78950377700039,0.3356,1.0,0.22994535519125686,35.9126065070957,-47.29416800031399,-1.556180019255573,0.0,0.0007485072701984975,-0.004307381402708973,servo_0.336
22.79108606200043,0.3356,1.0,0.22994535519125686,35.9126065070957,-47.29416800031399,-1.556169027702902,0.0,0.001527977925272507,-0.004307381402708973,servo_0.336
22.794963483000174,0.3356,1.0,0.22994535519125686,35.9126065070957,-47.29416800031399,-1.556169027702902,0.0,0.001527977925272507,-0.006673892094711579,servo_0.336
22.796702092000487,0.3356,1.0,0.22994535519125686,35.9126065070957,-47.29416800031399,-1.5561961341939983,0.0,-0.00022262987312193696,-0.006673892094711579,servo_0.336
22.80047506200026,0.3356,1.0,0.22994535519125686,35.9126065070957,-47.29416800031399,-1.5561961341939983,0.0,-0.00022262987312193696,-0.0006033691185234311,servo_0.336
22.802101668000432,0.3356,1.0,0.22994535519125686,35.9126065070957,-47.29416800031399,-1.5562261717942043,0.0,-0.0021580085395988295,-0.0006033691185234311,servo_0.336
22.806001202000516,0.3356,1.0,0.22994535519125686,35.9126065070957,-47.29416800031399,-1.5562261717942043,0.0,-0.0021580085395988295,0.007037116578628013,servo_0.336
22.807799236999927,0.3356,1.0,0.22994535519125686,35.9126065070957,-47.29416800031399,-1.5562231637751969,0.0,-0.0016916167132762098,0.007037116578628013,servo_0.336
22.811450252000213,0.3356,1.0,0.22994535519125686,35.9126065070957,-47.29416800031399,-1.5562231637751969,0.0,-0.0016916167132762098,0.005562624671740667,servo_0.336
22.813156956000057,0.3356,1.0,0.22994535519125686,35.9126065070957,-47.29416800031399,-1.5561835169003586,0.0,0.000927003274295057,0.005562624671740667,servo_0.336
22.816876613000204,0.3356,1.0,0.22994535519125686,35.9126065070957,-47.29416800031399,-1.5561835169003586,0.0,0.000927003274295057,-0.0035704376556311857,servo_0.336
22.818524179000633,0.3356,1.0,0.22994535519125686,35.9126065070957,-47.29416800031399,-1.5561614178740515,0.0,0.00231768969352874,-0.0035704376556311857,servo_0.336
22.81934100200033,0.3356,1.0,0.22994535519125686,35.9126065070957,-47.29416800031399,-1.5561614178740515,0.0,0.00231768969352874,-0.0058684528326793895,servo_0.336
22.82091451799988,0.3356,1.0,0.22994535519125686,35.9126065070957,-47.29416800031399,-1.5561614178740515,0.0,0.00231768969352874,-0.0058684528326793895,servo_0.336
22.82257962099993,0.3356,1.0,0.22994535519125686,35.9126065070957,-47.29416800031399,-1.5561614178740515,0.0,0.00231768969352874,-0.0020185590728337213,servo_0.336
22.824249140000575,0.3356,1.0,0.22994535519125686,35.9126065070957,-47.29416800031399,-1.5562192881244108,0.0,-0.0013746598076572834,-0.0020185590728337213,servo_0.336
22.828053631999865,0.3356,1.0,0.22994535519125686,35.9126065070957,-47.29416800031399,-1.5562192881244108,0.0,-0.0013746598076572834,0.005626674736254374,servo_0.336
22.829721935000634,0.3356,1.0,0.22994535519125686,35.9126065070957,-47.29416800031399,-1.5562233090081925,0.0,-0.0015678295872102147,0.005626674736254374,servo_0.336
22.833427606999976,0.3356,1.0,0.22994535519125686,35.9126065070957,-47.29416800031399,-1.5562233090081925,0.0,-0.0015678295872102147,0.006299870365110015,servo_0.336
22.835054597000635,0.3356,1.0,0.22994535519125686,35.9126065070957,-47.29416800031399,-1.5561905822049062,0.0,0.0005905217098291619,0.006299870365110015,servo_0.336
22.838802926000426,0.3356,1.0,0.22994535519125686,35.9126065070957,-47.29416800031399,-1.5561905822049062,0.0,0.0005905217098291619,-0.0020277521800809986,servo_0.336
22.84048175800035,0.3356,1.0,0.22994535519125686,35.9126065070957,-47.29416800031399,-1.5561630667563418,0.0,0.0023033263064134177,-0.0020277521800809986,servo_0.336
22.8443237219999,0.3356,1.0,0.22994535519125686,35.9126065070957,-47.29416800031399,-1.5561630667563418,0.0,0.0023033263064134177,-0.006564480906693257,servo_0.336
22.84593189499992,0.3356,1.0,0.22994535519125686,35.9126065070957,-47.29416800031399,-1.5561794640114226,0.0,0.0010040027604650927,-0.006564480906693257,servo_0.336
22.84976816300059,0.3356,1.0,0.22994535519125686,35.9126065070957,-47.29416800031399,-1.5561794640114226,0.0,0.0010040027604650927,-0.0005075964231745012,servo_0.336
22.85143483400043,0.3356,1.0,0.22994535519125686,35.9126065070957,-47.29416800031399,-1.5562109129181245,0.0,-0.001266542339682412,-0.0005075964231745012,servo_0.336
22.855172700000367,0.3356,1.0,0.22994535519125686,35.9126065070957,-47.29416800031399,-1.5562109129181245,0.0,-0.001266542339682412,0.002627883048162745,servo_0.336
22.856851979000567,0.3356,1.0,0.22994535519125686,35.9126065070957,-47.29416800031399,-1.5562068598709795,0.0,-0.0010388585647300387,0.002627883048162745,servo_0.336
22.860669079000218,0.3356,1.0,0.22994535519125686,35.9126065070957,-47.29416800031399,-1.5562068598709795,0.0,-0.0010388585647300387,0.00254574897552037,servo_0.336
22.86234339800012,0.3356,1.0,0.22994535519125686,35.9126065070957,-47.29416800031399,-1.5561873303939713,0.0,6.116391913779651e-05,0.00254574897552037,servo_0.336
22.86611742400055,0.3356,1.0,0.22994535519125686,35.9126065070957,-47.29416800031399,-1.5561873303939713,0.0,6.116391913779651e-05,-0.0035384126233743325,servo_0.336
22.86778022300041,0.3356,1.0,0.22994535519125686,35.9126065070957,-47.29416800031399,-1.5561812809681148,0.0,0.0008065394360525684,-0.0035384126233743325,servo_0.336
22.871879186000115,0.3356,1.0,0.22994535519125686,35.9126065070957,-47.29416800031399,-1.5561812809681148,0.0,0.0008065394360525684,-0.00807069563947157,servo_0.336
22.873550306000652,0.3356,1.0,0.22994535519125686,35.9126065070957,-47.29416800031399,-1.5562049692175948,0.0,-0.0004969461817755018,-0.00807069563947157,servo_0.336
22.875090700999863,0.3356,1.0,0.22994535519125686,35.9126065070957,-47.29416800031399,-1.5562049692175948,0.0,-0.0004969461817755018,-0.00807069563947157,servo_0.336
22.8773313720003,0.3356,1.0,0.22994535519125686,35.9126065070957,-47.29416800031399,-1.5562049692175948,0.0,-0.0004969461817755018,-0.0005440666457977249,servo_0.336
22.878946650000216,0.3356,1.0,0.22994535519125686,35.9126065070957,-47.29416800031399,-1.5562424425440318,0.0,-0.002101569707098343,-0.0005440666457977249,servo_0.336
22.879816497999855,0.3356,1.0,0.22994535519125686,35.9126065070957,-47.29416800031399,-1.5562424425440318,0.0,-0.002101569707098343,0.007073587321399888,servo_0.336
22.883059405000495,0.3356,1.0,0.22994535519125686,35.9126065070957,-47.29416800031399,-1.5562424425440318,0.0,-0.002101569707098343,0.004074795633308259,servo_0.336
22.884900801000185,0.3356,1.0,0.22994535519125686,35.9126065070957,-47.29416800031399,-1.556202298403488,0.0,0.0006509774014511261,0.004074795633308259,servo_0.336
22.888495335000698,0.3356,1.0,0.22994535519125686,35.9126065070957,-47.29416800031399,-1.556202298403488,0.0,0.0006509774014511261,-0.0035748828459975564,servo_0.336
22.890182262000053,0.3356,1.0,0.22994535519125686,35.9126065070957,-47.29416800031399,-1.5561877937338342,0.0,0.0016781228710082657,-0.0035748828459975564,servo_0.336
22.893976225000188,0.3356,1.0,0.22994535519125686,35.9126065070957,-47.29416800031399,-1.5561877937338342,0.0,0.0016781228710082657,-0.005103929503785446,servo_0.336
22.895605454999895,0.3356,1.0,0.22994535519125686,35.9126065070957,-47.29416800031399,-1.5562115818004278,0.0,0.00010222115590651903,-0.005103929503785446,servo_0.336
22.89946693999991,0.3356,1.0,0.22994535519125686,35.9126065070957,-47.29416800031399,-1.5562115818004278,0.0,0.00010222115590651903,-0.0020185590728337213,servo_0.336
22.901171532000262,0.3356,1.0,0.22994535519125686,35.9126065070957,-47.29416800031399,-1.5562380118999148,0.0,-0.0014596240420010705,-0.0020185590728337213,servo_0.336
22.904902324999966,0.3356,1.0,0.22994535519125686,35.9126065070957,-47.29416800031399,-1.5562380118999148,0.0,-0.0014596240420010705,0.004061157075620285,servo_0.336
22.906533635000415,0.3356,1.0,0.22994535519125686,35.9126065070957,-47.29416800031399,-1.5562416087256994,0.0,-0.0016273045512508657,0.004061157075620285,servo_0.336
22.910346542000298,0.3356,1.0,0.22994535519125686,35.9126065070957,-47.29416800031399,-1.5562416087256994,0.0,-0.0016273045512508657,0.004825680664588555,servo_0.336
22.912091103999956,0.3356,1.0,0.22994535519125686,35.9126065070957,-47.29416800031399,-1.556215119955189,0.0,7.923393681047962e-05,0.004825680664588555,servo_0.336
22.915919914999904,0.3356,1.0,0.22994535519125686,35.9126065070957,-47.29416800031399,-1.556215119955189,0.0,7.923393681047962e-05,-0.003552051181062306,servo_0.336
22.91753192900069,0.3356,1.0,0.22994535519125686,35.9126065070957,-47.29416800031399,-1.5561976551775054,0.0,0.0015031679551439023,-0.003552051181062306,servo_0.336
22.921398758000578,0.3356,1.0,0.22994535519125686,35.9126065070957,-47.29416800031399,-1.5561976551775054,0.0,0.0015031679551439023,-0.0058456209076698145,servo_0.336
22.922993331000725,0.3356,1.0,0.22994535519125686,35.9126065070957,-47.29416800031399,-1.556221497840451,0.0,-1.3397785717960374e-05,-0.0058456209076698145,servo_0.336
22.926778845000626,0.3356,1.0,0.22994535519125686,35.9126065070957,-47.29416800031399,-1.556221497840451,0.0,-1.3397785717960374e-05,0.0017311168663152283,servo_0.336
22.928575440000714,0.3356,1.0,0.22994535519125686,35.9126065070957,-47.29416800031399,-1.5562501560300137,0.0,-0.0017630647223035166,0.0017311168663152283,servo_0.336
22.92935600600049,0.3356,1.0,0.22994535519125686,35.9126065070957,-47.29416800031399,-1.5562501560300137,0.0,-0.0017630647223035166,0.006345534215129167,servo_0.336
22.930890129000545,0.3356,1.0,0.22994535519125686,35.9126065070957,-47.29416800031399,-1.5562501560300137,0.0,-0.0017630647223035166,0.006345534215129167,servo_0.336
22.932646211000247,0.3356,1.0,0.22994535519125686,35.9126065070957,-47.29416800031399,-1.5562501560300137,0.0,-0.0017630647223035166,0.00631825709975322,servo_0.336
22.934265040000355,0.3356,1.0,0.22994535519125686,35.9126065070957,-47.29416800031399,-1.5562008289660247,0.0,0.0014032930925362247,0.00631825709975322,servo_0.336
22.938030809999873,0.3356,1.0,0.22994535519125686,35.9126065070957,-47.29416800031399,-1.5562008289660247,0.0,0.0014032930925362247,-0.003552051181062306,servo_0.336
22.939726921999863,0.3356,1.0,0.22994535519125686,35.9126065070957,-47.29416800031399,-1.5561741086375576,0.0,0.002877782294701323,-0.003552051181062306,servo_0.336
22.943485748000057,0.3356,1.0,0.22994535519125686,35.9126065070957,-47.29416800031399,-1.5561741086375576,0.0,0.002877782294701323,-0.005786318760037015,servo_0.336
22.94516048300011,0.3356,1.0,0.22994535519125686,35.9126065070957,-47.29416800031399,-1.5561980378495608,0.0,0.000948832251972234,-0.005786318760037015,servo_0.336
22.948977071000627,0.3356,1.0,0.22994535519125686,35.9126065070957,-47.29416800031399,-1.5561980378495608,0.0,0.000948832251972234,-0.0012356492693708966,servo_0.336
22.95061743699989,0.3356,1.0,0.22994535519125686,35.9126065070957,-47.29416800031399,-1.5562312113818288,0.0,-0.0010717130516305407,-0.0012356492693708966,servo_0.336
22.954657934999886,0.3356,1.0,0.22994535519125686,35.9126065070957,-47.29416800031399,-1.5562312113818288,0.0,-0.0010717130516305407,0.005562926878106553,servo_0.336
22.95648256200002,0.3356,1.0,0.22994535519125686,35.9126065070957,-47.29416800031399,-1.5562314349642117,0.0,-0.0011208939169526475,0.005562926878106553,servo_0.336
22.960068103000594,0.3356,1.0,0.22994535519125686,35.9126065070957,-47.29416800031399,-1.5562314349642117,0.0,-0.0011208939169526475,0.0018360826038928543,servo_0.336
22.961783800000376,0.3356,1.0,0.22994535519125686,35.9126065070957,-47.29416800031399,-1.5561986640736523,0.0,0.0008842523215651126,0.0018360826038928543,servo_0.336
22.965460862999862,0.3356,1.0,0.22994535519125686,35.9126065070957,-47.29416800031399,-1.5561986640736523,0.0,0.0008842523215651126,-0.005044627356152646,servo_0.336
22.967122990000462,0.3356,1.0,0.22994535519125686,35.9126065070957,-47.29416800031399,-1.556193321937987,0.0,0.001169801406263435,-0.005044627356152646,servo_0.336
22.970903129000362,0.3356,1.0,0.22994535519125686,35.9126065070957,-47.29416800031399,-1.556193321937987,0.0,0.001169801406263435,-0.007329004235587202,servo_0.336
22.972602025000015,0.3356,1.0,0.22994535519125686,35.9126065070957,-47.29416800031399,-1.5562250844147105,0.0,-0.0006945272224613893,-0.007329004235587202,servo_0.336
22.976361330000145,0.3356,1.0,0.22994535519125686,35.9126065070957,-47.29416800031399,-1.5562250844147105,0.0,-0.0006945272224613893,0.0009529549797333108,servo_0.336
22.978052385999945,0.3356,1.0,0.22994535519125686,35.9126065070957,-47.29416800031399,-1.5562604419793582,0.0,-0.0026848703263991328,0.0009529549797333108,servo_0.336
22.981844397000714,0.3356,1.0,0.22994535519125686,35.9126065070957,-47.29416800031399,-1.5562604419793582,0.0,-0.0026848703263991328,0.007073587321399888,servo_0.336
22.983496732000276,0.3356,1.0,0.22994535519125686,35.9126065070957,-47.29416800031399,-1.556249160447636,0.0,-0.0015935227345593996,0.007073587321399888,servo_0.336
22.985333551000622,0.3356,1.0,0.22994535519125686,35.9126065070957,-47.29416800031399,-1.556249160447636,0.0,-0.0015935227345593996,0.007073587321399888,servo_0.336
22.987234277000425,0.3356,1.0,0.22994535519125686,35.9126065070957,-47.29416800031399,-1.556249160447636,0.0,-0.0015935227345593996,0.00333310422942389,servo_0.336
22.988928149000458,0.3356,1.0,0.22994535519125686,35.9126065070957,-47.29416800031399,-1.5561982435945028,0.0,0.0017045584663870376,0.00333310422942389,servo_0.336
22.98976318000041,0.3356,1.0,0.22994535519125686,35.9126065070957,-47.29416800031399,-1.5561982435945028,0.0,0.0017045584663870376,-0.0028011664098563345,servo_0.336
22.992930981000427,0.3356,1.0,0.22994535519125686,35.9126065070957,-47.29416800031399,-1.5561982435945028,0.0,0.0017045584663870376,-0.007329004235587202,servo_0.336
22.994551699000112,0.3356,1.0,0.22994535519125686,35.9126065070957,-47.29416800031399,-1.5562184782376844,0.0,0.0003528410035140259,-0.007329004235587202,servo_0.336
22.99842764799996,0.3356,1.0,0.22994535519125686,35.9126065070957,-47.29416800031399,-1.5562184782376844,0.0,0.0003528410035140259,-0.0012448425066553367,servo_0.336
23.0001255520001,0.3356,1.0,0.22994535519125686,35.9126065070957,-47.29416800031399,-1.5562602696873642,0.0,-0.0019517125682163422,-0.0012448425066553367,servo_0.336
23.003951292000238,0.3356,1.0,0.22994535519125686,35.9126065070957,-47.29416800031399,-1.5562602696873642,0.0,-0.0019517125682163422,0.007023478281014365,servo_0.336
23.00558314600039,0.3356,1.0,0.22994535519125686,35.9126065070957,-47.29416800031399,-1.5562605286310416,0.0,-0.0017396515497480405,0.007023478281014365,servo_0.336
23.009347988000627,0.3356,1.0,0.22994535519125686,35.9126065070957,-47.29416800031399,-1.5562605286310416,0.0,-0.0017396515497480405,0.004825680664588555,servo_0.336
23.010967361999974,0.3356,1.0,0.22994535519125686,35.9126065070957,-47.29416800031399,-1.5562190020556579,0.0,0.0008892873994806813,0.004825680664588555,servo_0.336
23.014759308000066,0.3356,1.0,0.22994535519125686,35.9126065070957,-47.29416800031399,-1.5562190020556579,0.0,0.0008892873994806813,-0.0012448425066553367,servo_0.336
23.016412283000136,0.3356,1.0,0.22994535519125686,35.9126065070957,-47.29416800031399,-1.556195864380944,0.0,0.0020702053790130435,-0.0012448425066553367,servo_0.336
23.02026279200072,0.3356,1.0,0.22994535519125686,35.9126065070957,-47.29416800031399,-1.556195864380944,0.0,0.0020702053790130435,-0.0058456209076698145,servo_0.336
23.02190395800062,0.3356,1.0,0.22994535519125686,35.9126065070957,-47.29416800031399,-1.5562075089509564,0.0,0.0010756910133125292,-0.0058456209076698145,servo_0.336
23.025703905000228,0.3356,1.0,0.22994535519125686,35.9126065070957,-47.29416800031399,-1.5562075089509564,0.0,0.0010756910133125292,-0.0020230043932372545,servo_0.336
23.027331695000612,0.3356,1.0,0.22994535519125686,35.9126065070957,-47.29416800031399,-1.5562329728156812,0.0,-0.001000702562982174,-0.0020230043932372545,servo_0.336
23.03155175000029,0.3356,1.0,0.22994535519125686,35.9126065070957,-47.29416800031399,-1.5562329728156812,0.0,-0.001000702562982174,0.004812042366974907,servo_0.336
23.033264501999838,0.3356,1.0,0.22994535519125686,35.9126065070957,-47.29416800031399,-1.556236889482788,0.0,-0.001307393112058698,0.004812042366974907,servo_0.336
23.037073889000567,0.3356,1.0,0.22994535519125686,35.9126065070957,-47.29416800031399,-1.556236889482788,0.0,-0.001307393112058698,0.004038325410685035,servo_0.336
23.038951030000135,0.3356,1.0,0.22994535519125686,35.9126065070957,-47.29416800031399,-1.5562075395769175,0.0,0.0005284375316513834,0.004038325410685035,servo_0.336
23.03986158400039,0.3356,1.0,0.22994535519125686,35.9126065070957,-47.29416800031399,-1.5562075395769175,0.0,0.0005284375316513834,-0.004289297394580304,servo_0.336
23.041473693000626,0.3356,1.0,0.22994535519125686,35.9126065070957,-47.29416800031399,-1.5562075395769175,0.0,0.0005284375316513834,-0.004289297394580304,servo_0.336
23.042833956000322,0.3356,1.0,0.22994535519125686,35.9126065070957,-47.29416800031399,-1.5562075395769175,0.0,0.0005284375316513834,-0.006623783054326057,servo_0.336
23.04453608299991,0.3356,1.0,0.22994535519125686,35.9126065070957,-47.29416800031399,-1.55622157001268,0.0,-0.00017980649162105595,-0.006623783054326057,servo_0.336
23.04914907700004,0.3356,1.0,0.22994535519125686,35.9126065070957,-47.29416800031399,-1.556260111182186,0.0,-0.002112999460432556,-0.006623783054326057,servo_0.336
23.05015531400022,0.3356,1.0,0.22994535519125686,35.9126065070957,-47.29416800031399,-1.556260111182186,0.0,-0.002112999460432556,-0.0013041447843252989,servo_0.336
23.053515760000664,0.3356,1.0,0.22994535519125686,35.9126065070957,-47.29416800031399,-1.556260111182186,0.0,-0.002112999460432556,0.0033102723044143145,servo_0.336
23.055194976000166,0.3356,1.0,0.22994535519125686,35.9126065070957,-47.29416800031399,-1.5562603892103892,0.0,-0.001870343057600379,0.0033102723044143145,servo_0.336
23.059025995999946,0.3356,1.0,0.22994535519125686,35.9126065070957,-47.29416800031399,-1.5562603892103892,0.0,-0.001870343057600379,0.001790419013948028,servo_0.336
23.06073977200049,0.3356,1.0,0.22994535519125686,35.9126065070957,-47.29416800031399,-1.5562383916592681,0.0,-0.0003161584489959708,0.001790419013948028,servo_0.336
23.06443101200057,0.3356,1.0,0.22994535519125686,35.9126065070957,-47.29416800031399,-1.5562383916592681,0.0,-0.0003161584489959708,-0.003552051181062306,servo_0.336
23.066093971000555,0.3356,1.0,0.22994535519125686,35.9126065070957,-47.29416800031399,-1.5562349254309784,0.0,0.00031581478988722874,-0.003552051181062306,servo_0.336
23.069874397000603,0.3356,1.0,0.22994535519125686,35.9126065070957,-47.29416800031399,-1.5562349254309784,0.0,0.00031581478988722874,-0.008079888746718849,servo_0.336
23.07149719500012,0.3356,1.0,0.22994535519125686,35.9126065070957,-47.29416800031399,-1.5562591461448547,0.0,-0.0008445450013976317,-0.008079888746718849,servo_0.336
23.07530200600013,0.3356,1.0,0.22994535519125686,35.9126065070957,-47.29416800031399,-1.5562591461448547,0.0,-0.0008445450013976317,0.00024773378221752055,servo_0.336
23.07698419799999,0.3356,1.0,0.22994535519125686,35.9126065070957,-47.29416800031399,-1.556292588694801,0.0,-0.0030151481249939965,0.00024773378221752055,servo_0.336
23.08161325600031,0.3356,1.0,0.22994535519125686,35.9126065070957,-47.29416800031399,-1.556292588694801,0.0,-0.0030151481249939965,0.008552525458950905,servo_0.336
23.083259255000485,0.3356,1.0,0.22994535519125686,35.9126065070957,-47.29416800031399,-1.5562848851245084,0.0,-0.002036283552830541,0.008552525458950905,servo_0.336
23.08804803000021,0.3356,1.0,0.22994535519125686,35.9126065070957,-47.29416800031399,-1.5562365742954054,0.0,0.0011403591507038928,0.008552525458950905,servo_0.336
23.089817359000335,0.3356,1.0,0.22994535519125686,35.9126065070957,-47.29416800031399,-1.5562365742954054,0.0,0.0011403591507038928,0.004097627558317834,servo_0.336
23.092269044000204,0.3356,1.0,0.22994535519125686,35.9126065070957,-47.29416800031399,-1.5562365742954054,0.0,0.0011403591507038928,-0.003561244288309583,servo_0.336
23.09403482200014,0.3356,1.0,0.22994535519125686,35.9126065070957,-47.29416800031399,-1.5562226920428883,0.0,0.002027539672988075,-0.003561244288309583,servo_0.336
23.09483942099996,0.3356,1.0,0.22994535519125686,35.9126065070957,-47.29416800031399,-1.5562226920428883,0.0,0.002027539672988075,-0.0058684528326793895,servo_0.336
23.0964604589999,0.3356,1.0,0.22994535519125686,35.9126065070957,-47.29416800031399,-1.5562467474866875,0.0,0.00035090448459877753,-0.0058684528326793895,servo_0.336
23.09781726500023,0.3356,1.0,0.22994535519125686,35.9126065070957,-47.29416800031399,-1.5562467474866875,0.0,0.00035090448459877753,-0.002000172598264841,servo_0.336
23.09949971200058,0.3356,1.0,0.22994535519125686,35.9126065070957,-47.29416800031399,-1.556281985907285,0.0,-0.0015149027105846725,-0.002000172598264841,servo_0.336
23.103235849000157,0.3356,1.0,0.22994535519125686,35.9126065070957,-47.29416800031399,-1.556281985907285,0.0,-0.0015149027105846725,0.004097627558317834,servo_0.336
23.10492056900057,0.3356,1.0,0.22994535519125686,35.9126065070957,-47.29416800031399,-1.5562859236107327,0.0,-0.001660483676888723,0.004097627558317834,servo_0.336
23.108752645000095,0.3356,1.0,0.22994535519125686,35.9126065070957,-47.29416800031399,-1.5562859236107327,0.0,-0.001660483676888723,0.004852958300113152,servo_0.336
23.110415187999934,0.3356,1.0,0.22994535519125686,35.9126065070957,-47.29416800031399,-1.556259561091239,0.0,6.694969367324424e-05,0.004852958300113152,servo_0.336
23.11410082800012,0.3356,1.0,0.22994535519125686,35.9126065070957,-47.29416800031399,-1.556259561091239,0.0,6.694969367324424e-05,-0.004289297394580304,servo_0.336
23.11577575499996,0.3356,1.0,0.22994535519125686,35.9126065070957,-47.29416800031399,-1.5562420261096062,0.0,0.0015027522756052166,-0.004289297394580304,servo_0.336
23.11954363699988,0.3356,1.0,0.22994535519125686,35.9126065070957,-47.29416800031399,-1.5562420261096062,0.0,0.0015027522756052166,-0.008120804679857093,servo_0.336
23.12130266300028,0.3356,1.0,0.22994535519125686,35.9126065070957,-47.29416800031399,-1.5562692102979054,0.0,-0.00023486262545043966,-0.008120804679857093,servo_0.336
23.12496884600023,0.3356,1.0,0.22994535519125686,35.9126065070957,-47.29416800031399,-1.5562692102979054,0.0,-0.00023486262545043966,-0.002050281638650363,servo_0.336
23.126665118000346,0.3356,1.0,0.22994535519125686,35.9126065070957,-47.29416800031399,-1.556311668350372,0.0,-0.0026006452417724354,-0.002050281638650363,servo_0.336
23.130394471000727,0.3356,1.0,0.22994535519125686,35.9126065070957,-47.29416800031399,-1.556311668350372,0.0,-0.0026006452417724354,0.00631825709975322,servo_0.336
23.132324989000153,0.3356,1.0,0.22994535519125686,35.9126065070957,-47.29416800031399,-1.5563154395440595,0.0,-0.0024355361608358137,0.00631825709975322,servo_0.336
23.135907042000326,0.3356,1.0,0.22994535519125686,35.9126065070957,-47.29416800031399,-1.5563154395440595,0.0,-0.0024355361608358137,0.004111266116005808,servo_0.336
23.13764037100009,0.3356,1.0,0.22994535519125686,35.9126065070957,-47.29416800031399,-1.55627937225891,0.0,0.00019060181734089645,0.004111266116005808,servo_0.336
23.141221976000452,0.3356,1.0,0.22994535519125686,35.9126065070957,-47.29416800031399,-1.55627937225891,0.0,0.00019060181734089645,-0.0020458361882096676,servo_0.336
23.142914472000484,0.3356,1.0,0.22994535519125686,35.9126065070957,-47.29416800031399,-1.5562639506054237,0.0,0.00136680110694037,-0.0020458361882096676,servo_0.336
23.146629712000504,0.3356,1.0,0.22994535519125686,35.9126065070957,-47.29416800031399,-1.5562639506054237,0.0,0.00136680110694037,-0.006610144236563758,servo_0.336
23.14840121799989,0.3356,1.0,0.22994535519125686,35.9126065070957,-47.29416800031399,-1.556280517010154,0.0,0.0003430099183953587,-0.006610144236563758,servo_0.336
23.150027952000528,0.3356,1.0,0.22994535519125686,35.9126065070957,-47.29416800031399,-1.556280517010154,0.0,0.0003430099183953587,-0.006610144236563758,servo_0.336
23.15205159300058,0.3356,1.0,0.22994535519125686,35.9126065070957,-47.29416800031399,-1.556280517010154,0.0,0.0003430099183953587,-0.0027646959271587857,servo_0.336
23.1538382990002,0.3356,1.0,0.22994535519125686,35.9126065070957,-47.29416800031399,-1.556322149479002,0.0,-0.002049464207812299,-0.0027646959271587857,servo_0.336
23.154705268000725,0.3356,1.0,0.22994535519125686,35.9126065070957,-47.29416800031399,-1.556322149479002,0.0,-0.002049464207812299,0.004056711885253915,servo_0.336
23.158499135000056,0.3356,1.0,0.22994535519125686,35.9126065070957,-47.29416800031399,-1.5562960320401493,0.0,-0.00021761137989243493,0.004056711885253915,servo_0.336
23.159511323000515,0.3356,1.0,0.22994535519125686,35.9126065070957,-47.29416800031399,-1.5562960320401493,0.0,-0.00021761137989243493,0.0018405279242963875,servo_0.336
23.163084096000603,0.3356,1.0,0.22994535519125686,35.9126065070957,-47.29416800031399,-1.5562960320401493,0.0,-0.00021761137989243493,-0.0035384126233743325,servo_0.336
23.164905459000693,0.3356,1.0,0.22994535519125686,35.9126065070957,-47.29416800031399,-1.556292845958995,0.0,0.0003998304113642118,-0.0035384126233743325,servo_0.336
23.168541754000216,0.3356,1.0,0.22994535519125686,35.9126065070957,-47.29416800031399,-1.556292845958995,0.0,0.0003998304113642118,-0.008885328008751038,servo_0.336
23.17029453900068,0.3356,1.0,0.22994535519125686,35.9126065070957,-47.29416800031399,-1.5563156531388471,0.0,-0.0007816424990573515,-0.008885328008751038,servo_0.336
23.173928881000393,0.3356,1.0,0.22994535519125686,35.9126065070957,-47.29416800031399,-1.5563156531388471,0.0,-0.0007816424990573515,-0.0005532600131193276,servo_0.336
23.17569878700033,0.3356,1.0,0.22994535519125686,35.9126065070957,-47.29416800031399,-1.55635439954888,0.0,-0.0032127481519654572,-0.0005532600131193276,servo_0.336
23.1793195930004,0.3356,1.0,0.22994535519125686,35.9126065070957,-47.29416800031399,-1.55635439954888,0.0,-0.0032127481519654572,0.006286232067496367,servo_0.336
23.181093627000337,0.3356,1.0,0.22994535519125686,35.9126065070957,-47.29416800031399,-1.5563512429902915,0.0,-0.002414901710311618,0.006286232067496367,servo_0.336
23.184737634000157,0.3356,1.0,0.22994535519125686,35.9126065070957,-47.29416800031399,-1.5563512429902915,0.0,-0.002414901710311618,0.004816487557341278,servo_0.336
23.186433746000148,0.3356,1.0,0.22994535519125686,35.9126065070957,-47.29416800031399,-1.556314859691607,0.0,0.00019543842303077776,0.004816487557341278,servo_0.336
23.190165691000402,0.3356,1.0,0.22994535519125686,35.9126065070957,-47.29416800031399,-1.556314859691607,0.0,0.00019543842303077776,-0.0042528269118827546,servo_0.336
23.191930701000274,0.3356,1.0,0.22994535519125686,35.9126065070957,-47.29416800031399,-1.55629739410303,0.0,0.0015817531633239277,-0.0042528269118827546,servo_0.336
23.19555547500022,0.3356,1.0,0.22994535519125686,35.9126065070957,-47.29416800031399,-1.55629739410303,0.0,0.0015817531633239277,-0.005836427800422536,servo_0.336
23.197285956000087,0.3356,1.0,0.22994535519125686,35.9126065070957,-47.29416800031399,-1.5563245262293828,0.0,-0.00016862085923807692,-0.005836427800422536,servo_0.336
23.201023661000363,0.3356,1.0,0.22994535519125686,35.9126065070957,-47.29416800031399,-1.5563245262293828,0.0,-0.00016862085923807692,-0.00126767430162775,servo_0.336
23.202723293000417,0.3356,1.0,0.22994535519125686,35.9126065070957,-47.29416800031399,-1.5563572308980362,0.0,-0.0018689629415934146,-0.00126767430162775,servo_0.336
23.206506343,0.3356,1.0,0.22994535519125686,35.9126065070957,-47.29416800031399,-1.5563572308980362,0.0,-0.0018689629415934146,0.0056130359184920755,servo_0.336
23.20830460200068,0.3356,1.0,0.22994535519125686,35.9126065070957,-47.29416800031399,-1.5563583793323237,0.0,-0.0016885763496037151,0.0056130359184920755,servo_0.336
23.211902751000707,0.3356,1.0,0.22994535519125686,35.9126065070957,-47.29416800031399,-1.5563583793323237,0.0,-0.0016885763496037151,0.0056130359184920755,servo_0.336
23.213602382999852,0.3356,1.0,0.22994535519125686,35.9126065070957,-47.29416800031399,-1.556326504852609,0.0,0.0005019073308250221,0.0056130359184920755,servo_0.336
23.214413222000076,0.3356,1.0,0.22994535519125686,35.9126065070957,-47.29416800031399,-1.556326504852609,0.0,0.0005019073308250221,-0.003552051181062306,servo_0.336
23.21601115500016,0.3356,1.0,0.22994535519125686,35.9126065070957,-47.29416800031399,-1.556326504852609,0.0,0.0005019073308250221,-0.003552051181062306,servo_0.336
23.21797325800071,0.3356,1.0,0.22994535519125686,35.9126065070957,-47.29416800031399,-1.5563272019981316,0.0,0.0003590567806689049,-0.003552051181062306,servo_0.336
23.218799330000365,0.3356,1.0,0.22994535519125686,35.9126065070957,-47.29416800031399,-1.5563272019981316,0.0,0.0003590567806689049,-0.006564480906693257,servo_0.336
23.222952439000437,0.3356,1.0,0.22994535519125686,35.9126065070957,-47.29416800031399,-1.5563272019981316,0.0,0.0003590567806689049,-0.0027510573694708123,servo_0.336
23.224674727000092,0.3356,1.0,0.22994535519125686,35.9126065070957,-47.29416800031399,-1.5563539442679744,0.0,-0.0017180045255397436,-0.0027510573694708123,servo_0.336
23.228935455000283,0.3356,1.0,0.22994535519125686,35.9126065070957,-47.29416800031399,-1.5563539442679744,0.0,-0.0017180045255397436,0.00480284925972763,servo_0.336
23.23052884400022,0.3356,1.0,0.22994535519125686,35.9126065070957,-47.29416800031399,-1.5563615550461178,0.0,-0.002027920378719064,0.00480284925972763,servo_0.336
23.234466459000032,0.3356,1.0,0.22994535519125686,35.9126065070957,-47.29416800031399,-1.5563615550461178,0.0,-0.002027920378719064,0.005544540663611998,servo_0.336
23.236432147000414,0.3356,1.0,0.22994535519125686,35.9126065070957,-47.29416800031399,-1.556332209372828,0.0,2.1310512814944234e-05,0.005544540663611998,servo_0.336
23.240015992000735,0.3356,1.0,0.22994535519125686,35.9126065070957,-47.29416800031399,-1.556332209372828,0.0,2.1310512814944234e-05,-0.0012905062266373257,servo_0.336
23.24189854100041,0.3356,1.0,0.22994535519125686,35.9126065070957,-47.29416800031399,-1.5563097604720264,0.0,0.0016782795580540604,-0.0012905062266373257,servo_0.336
23.247938583000177,0.3356,1.0,0.22994535519125686,35.9126065070957,-47.29416800031399,-1.5563097604720264,0.0,0.0016782795580540604,-0.006623783054326057,servo_0.336
23.250179446000402,0.3356,1.0,0.22994535519125686,35.9126065070957,-47.29416800031399,-1.5563223960738608,0.0,0.0007876438226466446,-0.006623783054326057,servo_0.336
23.253219532000003,0.3356,1.0,0.22994535519125686,35.9126065070957,-47.29416800031399,-1.5563527097433851,0.0,-0.0014357842404451658,-0.006623783054326057,servo_0.336
23.25411280500066,0.3356,1.0,0.22994535519125686,35.9126065070957,-47.29416800031399,-1.5563527097433851,0.0,-0.0014357842404451658,-0.0012448425066553367,servo_0.336
23.257686761000514,0.3356,1.0,0.22994535519125686,35.9126065070957,-47.29416800031399,-1.5563527097433851,0.0,-0.0014357842404451658,0.0056130359184920755,servo_0.336
23.2592535900003,0.3356,1.0,0.22994535519125686,35.9126065070957,-47.29416800031399,-1.5563525503187006,0.0,-0.001378501720308217,0.0056130359184920755,servo_0.336
23.259933609000655,0.3356,1.0,0.22994535519125686,35.9126065070957,-47.29416800031399,-1.5563525503187006,0.0,-0.001378501720308217,0.004825680664588555,servo_0.336
23.261448339000708,0.3356,1.0,0.22994535519125686,35.9126065070957,-47.29416800031399,-1.5563525503187006,0.0,-0.001378501720308217,0.004825680664588555,servo_0.336
23.26339146600003,0.3356,1.0,0.22994535519125686,35.9126065070957,-47.29416800031399,-1.5563525503187006,0.0,-0.001378501720308217,-0.00205502955553127,servo_0.336
23.2650084400002,0.3356,1.0,0.22994535519125686,35.9126065070957,-47.29416800031399,-1.5562985326162184,0.0,0.001950975899308876,-0.00205502955553127,servo_0.336
23.26961148100054,0.3356,1.0,0.22994535519125686,35.9126065070957,-47.29416800031399,-1.5562985326162184,0.0,0.001950975899308876,-0.005126761428795021,servo_0.336
23.271425549000014,0.3356,1.0,0.22994535519125686,35.9126065070957,-47.29416800031399,-1.5563125102201478,0.0,0.0007491742628568321,-0.005126761428795021,servo_0.336
23.27436092700009,0.3356,1.0,0.22994535519125686,35.9126065070957,-47.29416800031399,-1.5563125102201478,0.0,0.0007491742628568321,-0.0012949514170036962,servo_0.336
23.276314933999856,0.3356,1.0,0.22994535519125686,35.9126065070957,-47.29416800031399,-1.5563382876067966,0.0,-0.0010136064446387239,-0.0012949514170036962,servo_0.336
23.279795895999996,0.3356,1.0,0.22994535519125686,35.9126065070957,-47.29416800031399,-1.5563382876067966,0.0,-0.0010136064446387239,0.005603842811244798,servo_0.336
23.28156689000025,0.3356,1.0,0.22994535519125686,35.9126065070957,-47.29416800031399,-1.5563383090076064,0.0,-0.0010980099363482156,0.005603842811244798,servo_0.336
23.285259154000414,0.3356,1.0,0.22994535519125686,35.9126065070957,-47.29416800031399,-1.5563383090076064,0.0,-0.0010980099363482156,0.004097627558317834,servo_0.336
23.28703386000052,0.3356,1.0,0.22994535519125686,35.9126065070957,-47.29416800031399,-1.5563044668391972,0.0,0.0009125458879296886,0.004097627558317834,servo_0.336
23.290974098999868,0.3356,1.0,0.22994535519125686,35.9126065070957,-47.29416800031399,-1.5563044668391972,0.0,0.0009125458879296886,-0.0035384126233743325,servo_0.336
23.29276189400025,0.3356,1.0,0.22994535519125686,35.9126065070957,-47.29416800031399,-1.5562903090038314,0.0,0.001868070389046132,-0.0035384126233743325,servo_0.336
23.296571441000197,0.3356,1.0,0.22994535519125686,35.9126065070957,-47.29416800031399,-1.5562903090038314,0.0,0.001868070389046132,-0.008116358969342072,servo_0.336
23.298286913000084,0.3356,1.0,0.22994535519125686,35.9126065070957,-47.29416800031399,-1.5563135651314353,0.0,0.00024612548531999256,-0.008116358969342072,servo_0.336
23.302018858999872,0.3356,1.0,0.22994535519125686,35.9126065070957,-47.29416800031399,-1.5563135651314353,0.0,0.00024612548531999256,0.0009757866446685613,servo_0.336
23.30368732199986,0.3356,1.0,0.22994535519125686,35.9126065070957,-47.29416800031399,-1.556354806099462,0.0,-0.002262619851078627,0.0009757866446685613,servo_0.336
23.3049679020005,0.3356,1.0,0.22994535519125686,35.9126065070957,-47.29416800031399,-1.556354806099462,0.0,-0.002262619851078627,0.0009757866446685613,servo_0.336
23.307961266000348,0.3356,1.0,0.22994535519125686,35.9126065070957,-47.29416800031399,-1.556354806099462,0.0,-0.002262619851078627,0.007087225619013536,servo_0.336
23.312802330000522,0.3356,1.0,0.22994535519125686,35.9126065070957,-47.29416800031399,-1.556354806099462,0.0,-0.002262619851078627,-0.00502179543114307,servo_0.336
23.31439463100014,0.3356,1.0,0.22994535519125686,35.9126065070957,-47.29416800031399,-1.5563047103229808,0.0,0.0012223991540559315,-0.00502179543114307,servo_0.336
23.31513836400063,0.3356,1.0,0.22994535519125686,35.9126065070957,-47.29416800031399,-1.5563047103229808,0.0,0.0012223991540559315,-0.00502179543114307,servo_0.336
23.31664947900026,0.3356,1.0,0.22994535519125686,35.9126065070957,-47.29416800031399,-1.5563047103229808,0.0,0.0012223991540559315,-0.00502179543114307,servo_0.336
23.31863385500037,0.3356,1.0,0.22994535519125686,35.9126065070957,-47.29416800031399,-1.5563047103229808,0.0,0.0012223991540559315,-0.008107165862094794,servo_0.336
23.320330223000383,0.3356,1.0,0.22994535519125686,35.9126065070957,-47.29416800031399,-1.5563452450585133,0.0,-0.001962140084395559,-0.008107165862094794,servo_0.336
23.324081112000385,0.3356,1.0,0.22994535519125686,35.9126065070957,-47.29416800031399,-1.5563452450585133,0.0,-0.001962140084395559,-0.0020230043932372545,servo_0.336
23.32569063000028,0.3356,1.0,0.22994535519125686,35.9126065070957,-47.29416800031399,-1.5563877534848214,0.0,-0.0038056478177053293,-0.0020230043932372545,servo_0.336
23.330190244000732,0.3356,1.0,0.22994535519125686,35.9126065070957,-47.29416800031399,-1.5563922422377434,0.0,-0.0032708547903649065,-0.0020230043932372545,servo_0.336
23.331550443000197,0.3356,1.0,0.22994535519125686,35.9126065070957,-47.29416800031399,-1.5563922422377434,0.0,-0.0032708547903649065,0.004816487557341278,servo_0.336
23.335567388000527,0.3356,1.0,0.22994535519125686,35.9126065070957,-47.29416800031399,-1.5563626395606194,0.0,-0.0008446520860530512,0.004816487557341278,servo_0.336
23.33645848500055,0.3356,1.0,0.22994535519125686,35.9126065070957,-47.29416800031399,-1.5563626395606194,0.0,-0.0008446520860530512,0.0017812256466264254,servo_0.336
23.34041504400011,0.3356,1.0,0.22994535519125686,35.9126065070957,-47.29416800031399,-1.5563626395606194,0.0,-0.0008446520860530512,-0.004307381402708973,servo_0.336
23.342028818000472,0.3356,1.0,0.22994535519125686,35.9126065070957,-47.29416800031399,-1.5563604113985277,0.0,-5.688876624920824e-05,-0.004307381402708973,servo_0.336
23.345932736000577,0.3356,1.0,0.22994535519125686,35.9126065070957,-47.29416800031399,-1.5563604113985277,0.0,-5.688876624920824e-05,-0.0049444092753816015,servo_0.336
23.347482604000106,0.3356,1.0,0.22994535519125686,35.9126065070957,-47.29416800031399,-1.556386826617539,0.0,-0.0013320365571871376,-0.0049444092753816015,servo_0.336
23.351814182000453,0.3356,1.0,0.22994535519125686,35.9126065070957,-47.29416800031399,-1.556386826617539,0.0,-0.0013320365571871376,0.0011895586373840868,servo_0.336
23.353477780000503,0.3356,1.0,0.22994535519125686,35.9126065070957,-47.29416800031399,-1.5564060053991136,0.0,-0.0024157483726454767,0.0011895586373840868,servo_0.336
23.355071809000037,0.3356,1.0,0.22994535519125686,35.9126065070957,-47.29416800031399,-1.5564060053991136,0.0,-0.0024157483726454767,0.0011895586373840868,servo_0.336
23.35721452600046,0.3356,1.0,0.22994535519125686,35.9126065070957,-47.29416800031399,-1.5564060053991136,0.0,-0.0024157483726454767,-0.007028954926154491,servo_0.336
23.358792618000734,0.3356,1.0,0.22994535519125686,35.9126065070957,-47.29416800031399,-1.5564274571053487,0.0,-0.0030425958665919726,-0.007028954926154491,servo_0.336
23.359599776999858,0.3356,1.0,0.22994535519125686,35.9126065070957,-47.29416800031399,-1.5564274571053487,0.0,-0.0030425958665919726,-0.012325761791294323,servo_0.336
23.362920829999894,0.3356,1.0,0.22994535519125686,35.9126065070957,-47.29416800031399,-1.5564274571053487,0.0,-0.0030425958665919726,-0.0019595593916411328,servo_0.336
23.364530988000297,0.3356,1.0,0.22994535519125686,35.9126065070957,-47.29416800031399,-1.5564902543692174,0.0,-0.0058275456440026775,-0.0019595593916411328,servo_0.336
23.368385976000354,0.3356,1.0,0.22994535519125686,35.9126065070957,-47.29416800031399,-1.5564902543692174,0.0,-0.0058275456440026775,0.0025365558682730925,servo_0.336
23.3699695410005,0.3356,1.0,0.22994535519125686,35.9126065070957,-47.29416800031399,-1.5565068399965232,0.0,-0.0046671497682942145,0.0025365558682730925,servo_0.336
23.373943477000466,0.3356,1.0,0.22994535519125686,35.9126065070957,-47.29416800031399,-1.5565068399965232,0.0,-0.0046671497682942145,-0.010223131612244115,servo_0.336
23.375505761000568,0.3356,1.0,0.22994535519125686,35.9126065070957,-47.29416800031399,-1.5564878074958828,0.0,-0.0025060380773240225,-0.010223131612244115,servo_0.336
23.37937838200014,0.3356,1.0,0.22994535519125686,35.9126065070957,-47.29416800031399,-1.5564878074958828,0.0,-0.0025060380773240225,-0.010186963595986778,servo_0.336
23.38099801200042,0.3356,1.0,0.22994535519125686,35.9126065070957,-47.29416800031399,-1.5565325426493517,0.0,-0.00482116613780005,-0.010186963595986778,servo_0.336
23.386211759000616,0.3356,1.0,0.22994535519125686,35.9126065070957,-47.29416800031399,-1.5565767495522749,0.0,-0.006430905375256068,-0.010186963595986778,servo_0.336
23.387373487000332,0.3356,1.0,0.22994535519125686,35.9126065070957,-47.29416800031399,-1.5565767495522749,0.0,-0.006430905375256068,-0.0011360361214802746,servo_0.336
23.391546501000448,0.3356,1.0,0.22994535519125686,35.9126065070957,-47.29416800031399,-1.5565767495522749,0.0,-0.006430905375256068,-0.0026739736801495552,servo_0.336
23.393544317000305,0.3356,1.0,0.22994535519125686,35.9126065070957,-47.29416800031399,-1.5565789213447832,0.0,-0.00484244459912333,-0.0026739736801495552,servo_0.336
23.396926012000222,0.3356,1.0,0.22994535519125686,35.9126065070957,-47.29416800031399,-1.5565789213447832,0.0,-0.00484244459912333,-0.005795511867284292,servo_0.336
23.401808390000042,0.3356,1.0,0.22994535519125686,35.9126065070957,-47.29416800031399,-1.5565926545826534,0.0,-0.004191903323431198,-0.005795511867284292,servo_0.336
23.404535155000303,0.3356,1.0,0.22994535519125686,35.9126065070957,-47.29416800031399,-1.556618383647484,0.0,-0.004672985886587126,-0.005795511867284292,servo_0.336
23.40606998200019,0.3356,1.0,0.22994535519125686,35.9126065070957,-47.29416800031399,-1.556618383647484,0.0,-0.004672985886587126,0.010786792777851288,servo_0.336
23.408046997999918,0.3356,1.0,0.22994535519125686,35.9126065070957,-47.29416800031399,-1.556542629258024,0.0,-3.505228725560151e-05,0.010786792777851288,servo_0.336
23.409069490000547,0.3356,1.0,0.22994535519125686,35.9126065070957,-47.29416800031399,-1.556542629258024,0.0,-3.505228725560151e-05,0.010786792777851288,servo_0.336
23.41130849700039,0.3356,1.0,0.22994535519125686,35.9126065070957,-47.29416800031399,-1.556542629258024,0.0,0.0032115012322764657,0.010786792777851288,servo_0.336
23.412125576000108,0.3356,1.0,0.22994535519125686,35.9126065070957,-47.29416800031399,-1.556542629258024,0.0,0.0032115012322764657,0.010791540694732194,servo_0.336
23.414262149000024,0.3356,1.0,0.22994535519125686,35.9126065070957,-47.29416800031399,-1.556542629258024,0.0,0.0032115012322764657,0.006973974173509265,servo_0.336
23.41623030000028,0.3356,1.0,0.22994535519125686,35.9126065070957,-47.29416800031399,-1.5564830442766984,0.0,0.005485513071013184,0.006973974173509265,servo_0.336
23.419893571000102,0.3356,1.0,0.22994535519125686,35.9126065070957,-47.29416800031399,-1.5564830442766984,0.0,0.005485513071013184,0.008407550667407017,servo_0.336
23.4218166010005,0.3356,1.0,0.22994535519125686,35.9126065070957,-47.29416800031399,-1.5564541954248785,0.0,0.005932051401762008,0.008407550667407017,servo_0.336
23.425886955999886,0.3356,1.0,0.22994535519125686,35.9126065070957,-47.29416800031399,-1.5564541954248785,0.0,0.005932051401762008,0.020962055109798528,servo_0.336
23.42727531499986,0.3356,1.0,0.22994535519125686,35.9126065070957,-47.29416800031399,-1.5564182695786362,0.0,0.00667470118145551,0.020962055109798528,servo_0.336
23.431348582000282,0.3356,1.0,0.22994535519125686,35.9126065070957,-47.29416800031399,-1.5564182695786362,0.0,0.00667470118145551,0.031774491216114836,servo_0.336
23.433106774999942,0.3356,1.0,0.22994535519125686,35.9126065070957,-47.29416800031399,-1.5563180731724442,0.0,0.010960907359958416,0.031774491216114836,servo_0.336
23.436917730999994,0.3356,1.0,0.22994535519125686,35.9126065070957,-47.29416800031399,-1.5563180731724442,0.0,0.010960907359958416,0.039301866102953366,servo_0.336
23.438612755000577,0.3356,1.0,0.22994535519125686,35.9126065070957,-47.29416800031399,-1.5561654612966036,0.0,0.017204982516805342,0.039301866102953366,servo_0.336
23.440168158000233,0.3356,1.0,0.22994535519125686,35.9126065070957,-47.29416800031399,-1.5559740258909525,0.0,0.02383404759264975,0.039301866102953366,servo_0.336
23.442546913000115,0.3356,1.0,0.22994535519125686,35.9126065070957,-47.29416800031399,-1.5559740258909525,0.0,0.02383404759264975,0.034787369049808115,servo_0.336
23.444166639000287,0.3356,1.0,0.22994535519125686,35.9126065070957,-47.29416800031399,-1.5559740258909525,0.0,0.02383404759264975,0.034787369049808115,servo_0.336
23.44502173500041,0.3356,1.0,0.22994535519125686,35.9126065070957,-47.29416800031399,-1.5559740258909525,0.0,0.02383404759264975,0.00281882337594302,servo_0.336
23.4485596909999,0.3356,1.0,0.22994535519125686,35.9126065070957,-47.29416800031399,-1.5559740258909525,0.0,0.02383404759264975,-0.027601681892015957,servo_0.336
23.450246138000693,0.3356,1.0,0.22994535519125686,35.9126065070957,-47.29416800031399,-1.5557964926597183,0.0,0.019829677833640983,-0.027601681892015957,servo_0.336
23.454133031999845,0.3356,1.0,0.22994535519125686,35.9126065070957,-47.29416800031399,-1.5557964926597183,0.0,0.019829677833640983,-0.019797679469323853,servo_0.336
23.455617266000445,0.3356,1.0,0.22994535519125686,35.9126065070957,-47.29416800031399,-1.5559333736136394,0.0,0.0056002699159439,-0.019797679469323853,servo_0.336
23.459490335000737,0.3356,1.0,0.22994535519125686,35.9126065070957,-47.29416800031399,-1.5559333736136394,0.0,0.0056002699159439,0.008001628741224696,servo_0.336
23.46101498600001,0.3356,1.0,0.22994535519125686,35.9126065070957,-47.29416800031399,-1.5560312950331012,0.0,-0.002019114899636426,0.008001628741224696,servo_0.336
23.46489375100009,0.3356,1.0,0.22994535519125686,35.9126065070957,-47.29416800031399,-1.5560312950331012,0.0,-0.002019114899636426,0.005066585431429539,servo_0.336
23.466529733000243,0.3356,1.0,0.22994535519125686,35.9126065070957,-47.29416800031399,-1.555996993015895,0.0,0.000987108192621911,0.005066585431429539,servo_0.336
23.47066383299989,0.3356,1.0,0.22994535519125686,35.9126065070957,-47.29416800031399,-1.555996993015895,0.0,0.000987108192621911,-0.009154259425173204,servo_0.336
23.472674065999854,0.3356,1.0,0.22994535519125686,35.9126065070957,-47.29416800031399,-1.5559761939141445,0.0,0.0022109513642641996,-0.009154259425173204,servo_0.336
23.476012783999977,0.3356,1.0,0.22994535519125686,35.9126065070957,-47.29416800031399,-1.5559761939141445,0.0,0.0022109513642641996,-0.017491076117908795,servo_0.336
23.477601436999976,0.3356,1.0,0.22994535519125686,35.9126065070957,-47.29416800031399,-1.5560221554262144,0.0,-0.0011986118725670215,-0.017491076117908795,servo_0.336
23.481488586000523,0.3356,1.0,0.22994535519125686,35.9126065070957,-47.29416800031399,-1.5560221554262144,0.0,-0.0011986118725670215,-0.0084579286246448,servo_0.336
23.48328975700042,0.3356,1.0,0.22994535519125686,35.9126065070957,-47.29416800031399,-1.556108696330215,0.0,-0.006086351146169554,-0.0084579286246448,servo_0.336
23.487052743000277,0.3356,1.0,0.22994535519125686,35.9126065070957,-47.29416800031399,-1.556108696330215,0.0,-0.006086351146169554,0.00022934730764864045,servo_0.336
23.488872730000367,0.3356,1.0,0.22994535519125686,35.9126065070957,-47.29416800031399,-1.55615019778942,0.0,-0.006797824389712128,0.00022934730764864045,servo_0.336
23.489694161000443,0.3356,1.0,0.22994535519125686,35.9126065070957,-47.29416800031399,-1.55615019778942,0.0,-0.006797824389712128,-0.0010992634324168396,servo_0.336
23.491093337000166,0.3356,1.0,0.22994535519125686,35.9126065070957,-47.29416800031399,-1.55615019778942,0.0,-0.006797824389712128,-0.0010992634324168396,servo_0.336
23.492616836000707,0.3356,1.0,0.22994535519125686,35.9126065070957,-47.29416800031399,-1.55615019778942,0.0,-0.006797824389712128,-0.019874919463314558,servo_0.336
23.49398580200068,0.3356,1.0,0.22994535519125686,35.9126065070957,-47.29416800031399,-1.5561554901384576,0.0,-0.0036125500460777796,-0.019874919463314558,servo_0.336
23.498193185000673,0.3356,1.0,0.22994535519125686,35.9126065070957,-47.29416800031399,-1.5561554901384576,0.0,-0.0036125500460777796,-0.02073046828588092,servo_0.336
23.49982539099983,0.3356,1.0,0.22994535519125686,35.9126065070957,-47.29416800031399,-1.5562495313877633,0.0,-0.008491260871248813,-0.02073046828588092,servo_0.336
23.50361628200062,0.3356,1.0,0.22994535519125686,35.9126065070957,-47.29416800031399,-1.5562495313877633,0.0,-0.008491260871248813,0.004775269417837147,servo_0.336
23.505229766999946,0.3356,1.0,0.22994535519125686,35.9126065070957,-47.29416800031399,-1.556345845425352,0.0,-0.012163023095638445,0.004775269417837147,servo_0.336
23.509099603999857,0.3356,1.0,0.22994535519125686,35.9126065070957,-47.29416800031399,-1.556345845425352,0.0,-0.012163023095638445,0.02173561394089868,servo_0.336
23.510632159000124,0.3356,1.0,0.22994535519125686,35.9126065070957,-47.29416800031399,-1.5563165580299803,0.0,-0.007081535341595767,0.02173561394089868,servo_0.336
23.514519021000524,0.3356,1.0,0.22994535519125686,35.9126065070957,-47.29416800031399,-1.5563165580299803,0.0,-0.007081535341595767,0.013513259079576852,servo_0.336
23.516010839000046,0.3356,1.0,0.22994535519125686,35.9126065070957,-47.29416800031399,-1.5562065793358049,0.0,0.0015636094431525673,0.013513259079576852,servo_0.336
23.519992167000055,0.3356,1.0,0.22994535519125686,35.9126065070957,-47.29416800031399,-1.5562065793358049,0.0,0.0015636094431525673,0.0035018175650750115,servo_0.336
23.52147448100004,0.3356,1.0,0.22994535519125686,35.9126065070957,-47.29416800031399,-1.5561384153994242,0.0,0.005148504334079852,0.0035018175650750115,servo_0.336
23.525445857000705,0.3356,1.0,0.22994535519125686,35.9126065070957,-47.29416800031399,-1.5561384153994242,0.0,0.005148504334079852,-0.002036340614522179,servo_0.336
23.526971404000506,0.3356,1.0,0.22994535519125686,35.9126065070957,-47.29416800031399,-1.5561207105187354,0.0,0.0046544983033784,-0.002036340614522179,servo_0.336
23.53099804500016,0.3356,1.0,0.22994535519125686,35.9126065070957,-47.29416800031399,-1.5561207105187354,0.0,0.0046544983033784,-0.0045075145776622,servo_0.336
23.532875154000067,0.3356,1.0,0.22994535519125686,35.9126065070957,-47.29416800031399,-1.556129121695305,0.0,0.002647246628008226,-0.0045075145776622,servo_0.336
23.5366310039999,0.3356,1.0,0.22994535519125686,35.9126065070957,-47.29416800031399,-1.556129121695305,0.0,0.002647246628008226,0.0015813948080762468,servo_0.336
23.538464079000732,0.3356,1.0,0.22994535519125686,35.9126065070957,-47.29416800031399,-1.5561470266888748,0.0,0.000500818266307098,0.0015813948080762468,servo_0.336
23.542067252999914,0.3356,1.0,0.22994535519125686,35.9126065070957,-47.29416800031399,-1.5561470266888748,0.0,0.000500818266307098,0.007697279362899079,servo_0.336
23.544042604000424,0.3356,1.0,0.22994535519125686,35.9126065070957,-47.29416800031399,-1.5561416487028084,0.0,0.0008249912288378426,0.007697279362899079,servo_0.336
23.545534677999967,0.3356,1.0,0.22994535519125686,35.9126065070957,-47.29416800031399,-1.5561416487028084,0.0,0.0008249912288378426,0.007697279362899079,servo_0.336
23.54746295699988,0.3356,1.0,0.22994535519125686,35.9126065070957,-47.29416800031399,-1.5561416487028084,0.0,0.0008249912288378426,-0.0006306462338993774,servo_0.336
23.549192125000445,0.3356,1.0,0.22994535519125686,35.9126065070957,-47.29416800031399,-1.5561137220308592,0.0,0.001831480498169536,-0.0006306462338993774,servo_0.336
23.549976404000518,0.3356,1.0,0.22994535519125686,35.9126065070957,-47.29416800031399,-1.5561137220308592,0.0,0.001831480498169536,-0.01122930924218428,servo_0.336
23.553173134000644,0.3356,1.0,0.22994535519125686,35.9126065070957,-47.29416800031399,-1.5561137220308592,0.0,0.001831480498169536,-0.006610446963078295,servo_0.336
23.55494553600056,0.3356,1.0,0.22994535519125686,35.9126065070957,-47.29416800031399,-1.5561693598887203,0.0,-0.0020867564239366084,-0.006610446963078295,servo_0.336
23.558741866000673,0.3356,1.0,0.22994535519125686,35.9126065070957,-47.29416800031399,-1.5561693598887203,0.0,-0.0020867564239366084,0.0026183874744752566,servo_0.336
23.56068441700063,0.3356,1.0,0.22994535519125686,35.9126065070957,-47.29416800031399,-1.5562021635298222,0.0,-0.0034438635856791143,0.0026183874744752566,servo_0.336
23.564120930000172,0.3356,1.0,0.22994535519125686,35.9126065070957,-47.29416800031399,-1.5562021635298222,0.0,-0.0034438635856791143,0.0028143779255023244,servo_0.336
23.565888756000277,0.3356,1.0,0.22994535519125686,35.9126065070957,-47.29416800031399,-1.5561926254812877,0.0,-0.0016251882676328027,0.0028143779255023244,servo_0.336
23.56953737100048,0.3356,1.0,0.22994535519125686,35.9126065070957,-47.29416800031399,-1.5561926254812877,0.0,-0.0016251882676328027,-0.00848445620581551,servo_0.336
23.571298251999906,0.3356,1.0,0.22994535519125686,35.9126065070957,-47.29416800031399,-1.5561859102840774,0.0,-0.0002933184096922645,-0.00848445620581551,servo_0.336
23.575008116999925,0.3356,1.0,0.22994535519125686,35.9126065070957,-47.29416800031399,-1.5561859102840774,0.0,-0.0002933184096922645,-0.015483467734612073,servo_0.336
23.57683098400048,0.3356,1.0,0.22994535519125686,35.9126065070957,-47.29416800031399,-1.55623131046518,0.0,-0.002750659748529238,-0.015483467734612073,servo_0.336
23.580522832000497,0.3356,1.0,0.22994535519125686,35.9126065070957,-47.29416800031399,-1.55623131046518,0.0,-0.002750659748529238,-0.01472339011623315,servo_0.336
23.582271169000705,0.3356,1.0,0.22994535519125686,35.9126065070957,-47.29416800031399,-1.5563082595304147,0.0,-0.006570502144354088,-0.01472339011623315,servo_0.336
23.585983081999984,0.3356,1.0,0.22994535519125686,35.9126065070957,-47.29416800031399,-1.5563082595304147,0.0,-0.006570502144354088,0.004207038486261831,servo_0.336
23.587711803000275,0.3356,1.0,0.22994535519125686,35.9126065070957,-47.29416800031399,-1.5563764173238488,0.0,-0.009016368535917807,0.004207038486261831,servo_0.336
23.591533862000688,0.3356,1.0,0.22994535519125686,35.9126065070957,-47.29416800031399,-1.5563764173238488,0.0,-0.009016368535917807,0.01927838178210982,servo_0.336
23.593526846000714,0.3356,1.0,0.22994535519125686,35.9126065070957,-47.29416800031399,-1.5563487798468603,0.0,-0.005049346429263916,0.01927838178210982,servo_0.336
23.596958047000044,0.3356,1.0,0.22994535519125686,35.9126065070957,-47.29416800031399,-1.5563487798468603,0.0,-0.005049346429263916,0.007765169684898734,servo_0.336
23.59882085100071,0.3356,1.0,0.22994535519125686,35.9126065070957,-47.29416800031399,-1.5562542312327674,0.0,0.002248972034148205,0.007765169684898734,servo_0.336
23.59958570500021,0.3356,1.0,0.22994535519125686,35.9126065070957,-47.29416800031399,-1.5562542312327674,0.0,0.002248972034148205,-0.011461468229617335,servo_0.336
23.601152725000247,0.3356,1.0,0.22994535519125686,35.9126065070957,-47.29416800031399,-1.5562542312327674,0.0,0.002248972034148205,-0.011461468229617335,servo_0.336
23.60307284300052,0.3356,1.0,0.22994535519125686,35.9126065070957,-47.29416800031399,-1.556268796633424,0.0,-0.0007057585383238463,-0.011461468229617335,servo_0.336
23.604072807000193,0.3356,1.0,0.22994535519125686,35.9126065070957,-47.29416800031399,-1.556268796633424,0.0,-0.0007057585383238463,-0.006933629883737817,servo_0.336
23.608185467000112,0.3356,1.0,0.22994535519125686,35.9126065070957,-47.29416800031399,-1.556268796633424,0.0,-0.0007057585383238463,0.011387351208123668,servo_0.336
23.60990654000034,0.3356,1.0,0.22994535519125686,35.9126065070957,-47.29416800031399,-1.5562983415513225,0.0,-0.002574119941948037,0.011387351208123668,servo_0.336
23.61352142600026,0.3356,1.0,0.22994535519125686,35.9126065070957,-47.29416800031399,-1.5562983415513225,0.0,-0.002574119941948037,0.009926799805215856,servo_0.336
23.61512902300001,0.3356,1.0,0.22994535519125686,35.9126065070957,-47.29416800031399,-1.5562413805180362,0.0,0.0016143214030734743,0.009926799805215856,servo_0.336
23.618973035000636,0.3356,1.0,0.22994535519125686,35.9126065070957,-47.29416800031399,-1.5562413805180362,0.0,0.0016143214030734743,-0.008930689132255653,servo_0.336
23.620657627000583,0.3356,1.0,0.22994535519125686,35.9126065070957,-47.29416800031399,-1.5561922368800547,0.0,0.004108064923716188,-0.008930689132255653,servo_0.336
23.624669580000045,0.3356,1.0,0.22994535519125686,35.9126065070957,-47.29416800031399,-1.5561922368800547,0.0,0.004108064923716188,-0.015802508191419762,servo_0.336
23.62704183799997,0.3356,1.0,0.22994535519125686,35.9126065070957,-47.29416800031399,-1.5562398118581091,0.0,0.00019643870692463618,-0.015802508191419762,servo_0.336
23.6299756490007,0.3356,1.0,0.22994535519125686,35.9126065070957,-47.29416800031399,-1.5562398118581091,0.0,0.00019643870692463618,-0.0044304306282666175,servo_0.336
23.63232525100011,0.3356,1.0,0.22994535519125686,35.9126065070957,-47.29416800031399,-1.5563165437677444,0.0,-0.004603245362578683,-0.0044304306282666175,servo_0.336
23.63597655400008,0.3356,1.0,0.22994535519125686,35.9126065070957,-47.29416800031399,-1.5563165437677444,0.0,-0.004603245362578683,0.0065142475507802885,servo_0.336
23.637847615000283,0.3356,1.0,0.22994535519125686,35.9126065070957,-47.29416800031399,-1.5563339607109474,0.0,-0.004551400942285063,0.0065142475507802885,servo_0.336
23.640971767000337,0.3356,1.0,0.22994535519125686,35.9126065070957,-47.29416800031399,-1.5563339607109474,0.0,-0.004551400942285063,0.013276050489045652,servo_0.336
23.642745385000126,0.3356,1.0,0.22994535519125686,35.9126065070957,-47.29416800031399,-1.5562986502361982,0.0,-0.0012317063943654573,0.013276050489045652,servo_0.336
23.646399887999905,0.3356,1.0,0.22994535519125686,35.9126065070957,-47.29416800031399,-1.5562986502361982,0.0,-0.0012317063943654573,-0.002482428679563183,servo_0.336
23.64819174600052,0.3356,1.0,0.22994535519125686,35.9126065070957,-47.29416800031399,-1.556236182889488,0.0,0.0031206206706578758,-0.002482428679563183,servo_0.336
23.652081008000096,0.3356,1.0,0.22994535519125686,35.9126065070957,-47.29416800031399,-1.556236182889488,0.0,0.0031206206706578758,-0.011615490486786386,servo_0.336
23.653861218000202,0.3356,1.0,0.22994535519125686,35.9126065070957,-47.29416800031399,-1.5562532407132563,0.0,0.001439705865591558,-0.011615490486786386,servo_0.336
23.655336939000335,0.3356,1.0,0.22994535519125686,35.9126065070957,-47.29416800031399,-1.5562532407132563,0.0,0.001439705865591558,-0.011615490486786386,servo_0.336
23.657488167999873,0.3356,1.0,0.22994535519125686,35.9126065070957,-47.29416800031399,-1.5562532407132563,0.0,0.001439705865591558,0.0010258956850540835,servo_0.336
23.659317308000027,0.3356,1.0,0.22994535519125686,35.9126065070957,-47.29416800031399,-1.5563013650387263,0.0,-0.0014260284225690526,0.0010258956850540835,servo_0.336
23.66016472299998,0.3356,1.0,0.22994535519125686,35.9126065070957,-47.29416800031399,-1.5563013650387263,0.0,-0.0014260284225690526,0.007938328731064877,servo_0.336
23.663314604000334,0.3356,1.0,0.22994535519125686,35.9126065070957,-47.29416800031399,-1.5563013650387263,0.0,-0.0014260284225690526,0.0010715592749989099,servo_0.336
23.665144416000658,0.3356,1.0,0.22994535519125686,35.9126065070957,-47.29416800031399,-1.5562579891624813,0.0,0.0013832787235211262,0.0010715592749989099,servo_0.336
23.668720740000026,0.3356,1.0,0.22994535519125686,35.9126065070957,-47.29416800031399,-1.5562579891624813,0.0,0.0013832787235211262,-0.007460944622100563,servo_0.336
23.67043806900074,0.3356,1.0,0.22994535519125686,35.9126065070957,-47.29416800031399,-1.5562539275948044,0.0,0.0012897628889644611,-0.007460944622100563,servo_0.336
23.674113052000394,0.3356,1.0,0.22994535519125686,35.9126065070957,-47.29416800031399,-1.5562539275948044,0.0,0.0012897628889644611,-0.012152747866601645,servo_0.336
23.675858670000707,0.3356,1.0,0.22994535519125686,35.9126065070957,-47.29416800031399,-1.5562952068223823,0.0,-0.001335449364355046,-0.012152747866601645,servo_0.336
23.68165758500072,0.3356,1.0,0.22994535519125686,35.9126065070957,-47.29416800031399,-1.556360301366147,0.0,-0.004580638915029025,-0.012152747866601645,servo_0.336
23.682549354000002,0.3356,1.0,0.22994535519125686,35.9126065070957,-47.29416800031399,-1.556360301366147,0.0,-0.004580638915029025,-0.005995645302311844,servo_0.336
23.685627969000052,0.3356,1.0,0.22994535519125686,35.9126065070957,-47.29416800031399,-1.556360301366147,0.0,-0.004580638915029025,0.007719808561394119,servo_0.336
23.687683515000572,0.3356,1.0,0.22994535519125686,35.9126065070957,-47.29416800031399,-1.556385841381647,0.0,-0.00500514083121387,0.007719808561394119,servo_0.336
23.690839219000736,0.3356,1.0,0.22994535519125686,35.9126065070957,-47.29416800031399,-1.556385841381647,0.0,-0.00500514083121387,0.00697811715750975,servo_0.336
23.692647238000063,0.3356,1.0,0.22994535519125686,35.9126065070957,-47.29416800031399,-1.5563451654719638,0.0,-0.0011876560134314734,0.00697811715750975,servo_0.336
23.69634999900063,0.3356,1.0,0.22994535519125686,35.9126065070957,-47.29416800031399,-1.5563451654719638,0.0,-0.0011876560134314734,-0.0014088080554627137,servo_0.336
23.69816861000072,0.3356,1.0,0.22994535519125686,35.9126065070957,-47.29416800031399,-1.5563136842912846,0.0,0.0012620759378508936,-0.0014088080554627137,servo_0.336
23.701929228000154,0.3356,1.0,0.22994535519125686,35.9126065070957,-47.29416800031399,-1.5563136842912846,0.0,0.0012620759378508936,-0.00893988223950293,servo_0.336
23.704714618000253,0.3356,1.0,0.22994535519125686,35.9126065070957,-47.29416800031399,-1.556327547749714,0.0,0.00046081073985681137,-0.00893988223950293,servo_0.336
23.706400490000306,0.3356,1.0,0.22994535519125686,35.9126065070957,-47.29416800031399,-1.556327547749714,0.0,0.00046081073985681137,-0.00893988223950293,servo_0.336
23.708213629000056,0.3356,1.0,0.22994535519125686,35.9126065070957,-47.29416800031399,-1.5563942161966844,0.0,-0.002906877426844283,-0.00893988223950293,servo_0.336
23.70907259700016,0.3356,1.0,0.22994535519125686,35.9126065070957,-47.29416800031399,-1.5563942161966844,0.0,-0.002906877426844283,-0.0041843313969283525,servo_0.336
23.710421466999833,0.3356,1.0,0.22994535519125686,35.9126065070957,-47.29416800031399,-1.5563942161966844,0.0,-0.002906877426844283,0.0028099324750616287,servo_0.336
23.713078501999917,0.3356,1.0,0.22994535519125686,35.9126065070957,-47.29416800031399,-1.5563942161966844,0.0,-0.002906877426844283,0.0073104937055651995,servo_0.336
23.714650161999998,0.3356,1.0,0.22994535519125686,35.9126065070957,-47.29416800031399,-1.556380050068177,0.0,-0.001191834456272509,0.0073104937055651995,servo_0.336
23.719195858000603,0.3356,1.0,0.22994535519125686,35.9126065070957,-47.29416800031399,-1.556348854476952,0.0,0.0013588639922788035,0.0073104937055651995,servo_0.336
23.720940995000092,0.3356,1.0,0.22994535519125686,35.9126065070957,-47.29416800031399,-1.556348854476952,0.0,0.0013588639922788035,0.0020546025134892867,servo_0.336
23.724004090000562,0.3356,1.0,0.22994535519125686,35.9126065070957,-47.29416800031399,-1.556348854476952,0.0,0.0013588639922788035,-0.0034017243199800646,servo_0.336
23.726489663999928,0.3356,1.0,0.22994535519125686,35.9126065070957,-47.29416800031399,-1.556341638380487,0.0,0.0015675855486419483,-0.0034017243199800646,servo_0.336
23.729687930000182,0.3356,1.0,0.22994535519125686,35.9126065070957,-47.29416800031399,-1.556357346389617,0.0,7.679258805534444e-05,-0.0034017243199800646,servo_0.336
23.730789529000504,0.3356,1.0,0.22994535519125686,35.9126065070957,-47.29416800031399,-1.556357346389617,0.0,7.679258805534444e-05,0.004079241083748955,servo_0.336
23.7346188850006,0.3356,1.0,0.22994535519125686,35.9126065070957,-47.29416800031399,-1.556357346389617,0.0,7.679258805534444e-05,0.011660727814912205,servo_0.336
23.736153008000656,0.3356,1.0,0.22994535519125686,35.9126065070957,-47.29416800031399,-1.556333356663174,0.0,0.0012775271367634275,0.011660727814912205,servo_0.336
23.740110911000556,0.3356,1.0,0.22994535519125686,35.9126065070957,-47.29416800031399,-1.556333356663174,0.0,0.0012775271367634275,0.009417266348467243,servo_0.336
23.74164330700023,0.3356,1.0,0.22994535519125686,35.9126065070957,-47.29416800031399,-1.556272507693021,0.0,0.00439248734020806,0.009417266348467243,servo_0.336
23.745476695000434,0.3356,1.0,0.22994535519125686,35.9126065070957,-47.29416800031399,-1.556272507693021,0.0,0.00439248734020806,0.009935992912463134,servo_0.336
23.747108229000332,0.3356,1.0,0.22994535519125686,35.9126065070957,-47.29416800031399,-1.5562246604799315,0.0,0.005899921042685815,0.009935992912463134,servo_0.336
23.75124418500036,0.3356,1.0,0.22994535519125686,35.9126065070957,-47.29416800031399,-1.5562246604799315,0.0,0.005899921042685815,0.0038924437399691643,servo_0.336
23.753095693000432,0.3356,1.0,0.22994535519125686,35.9126065070957,-47.29416800031399,-1.5561816627705054,0.0,0.0071107426036190104,0.0038924437399691643,servo_0.336
23.756637776999924,0.3356,1.0,0.22994535519125686,35.9126065070957,-47.29416800031399,-1.5561816627705054,0.0,0.0071107426036190104,0.0023954221144381286,servo_0.336
23.758322624000357,0.3356,1.0,0.22994535519125686,35.9126065070957,-47.29416800031399,-1.5561627000950389,0.0,0.0061452529445240565,0.0023954221144381286,servo_0.336
23.763091335000354,0.3356,1.0,0.22994535519125686,35.9126065070957,-47.29416800031399,-1.5561627000950389,0.0,0.0061452529445240565,0.006281786877129996,servo_0.336
23.765042173999973,0.3356,1.0,0.22994535519125686,35.9126065070957,-47.29416800031399,-1.5561439771598877,0.0,0.005020303695498278,0.006281786877129996,servo_0.336
23.765985112000635,0.3356,1.0,0.22994535519125686,35.9126065070957,-47.29416800031399,-1.5561439771598877,0.0,0.005020303695498278,0.004752740219342108,servo_0.336
23.76774148200002,0.3356,1.0,0.22994535519125686,35.9126065070957,-47.29416800031399,-1.5561439771598877,0.0,0.005020303695498278,0.004752740219342108,servo_0.336
23.76937333600017,0.3356,1.0,0.22994535519125686,35.9126065070957,-47.29416800031399,-1.556094805042721,0.0,0.005204946120794087,0.004752740219342108,servo_0.336
23.770188463000522,0.3356,1.0,0.22994535519125686,35.9126065070957,-47.29416800031399,-1.556094805042721,0.0,0.005204946120794087,0.00018812913563521913,servo_0.336
23.77316989100018,0.3356,1.0,0.22994535519125686,35.9126065070957,-47.29416800031399,-1.556094805042721,0.0,0.005204946120794087,-0.0028379390989197693,servo_0.336
23.774879763000172,0.3356,1.0,0.22994535519125686,35.9126065070957,-47.29416800031399,-1.5561001837539221,0.0,0.003699901025246426,-0.0028379390989197693,servo_0.336
23.778776064999875,0.3356,1.0,0.22994535519125686,35.9126065070957,-47.29416800031399,-1.5561001837539221,0.0,0.003699901025246426,0.001717175842187044,servo_0.336
23.780617299999903,0.3356,1.0,0.22994535519125686,35.9126065070957,-47.29416800031399,-1.5561177346840005,0.0,0.0017385489879965673,0.001717175842187044,servo_0.336
23.78418524100016,0.3356,1.0,0.22994535519125686,35.9126065070957,-47.29416800031399,-1.5561177346840005,0.0,0.0017385489879965673,0.002695470903722189,servo_0.336
23.78570739600036,0.3356,1.0,0.22994535519125686,35.9126065070957,-47.29416800031399,-1.5561129360409263,0.0,0.00173213704425371,0.002695470903722189,servo_0.336
23.789656915000705,0.3356,1.0,0.22994535519125686,35.9126065070957,-47.29416800031399,-1.5561129360409263,0.0,0.00173213704425371,0.007200779791032342,servo_0.336
23.791292289000012,0.3356,1.0,0.22994535519125686,35.9126065070957,-47.29416800031399,-1.5561046578913447,0.0,0.0020211372020942538,0.007200779791032342,servo_0.336
23.79523988800065,0.3356,1.0,0.22994535519125686,35.9126065070957,-47.29416800031399,-1.5561046578913447,0.0,0.0020211372020942538,0.0010531728004300298,servo_0.336
23.796839197000736,0.3356,1.0,0.22994535519125686,35.9126065070957,-47.29416800031399,-1.5560757976207604,0.0,0.0035750299787756803,0.0010531728004300298,servo_0.336
23.800829838000027,0.3356,1.0,0.22994535519125686,35.9126065070957,-47.29416800031399,-1.5560757976207604,0.0,0.0035750299787756803,-0.008898966306364685,servo_0.336
23.802383514000212,0.3356,1.0,0.22994535519125686,35.9126065070957,-47.29416800031399,-1.5560756549656645,0.0,0.002818472825271985,-0.008898966306364685,servo_0.336
23.80648798099992,0.3356,1.0,0.22994535519125686,35.9126065070957,-47.29416800031399,-1.5560756549656645,0.0,0.002818472825271985,-0.006527707957555497,servo_0.336
23.80819078100012,0.3356,1.0,0.22994535519125686,35.9126065070957,-47.29416800031399,-1.5561207692490044,0.0,-0.000696758914219016,-0.006527707957555497,servo_0.336
23.812157325000044,0.3356,1.0,0.22994535519125686,35.9126065070957,-47.29416800031399,-1.5561207692490044,0.0,-0.000696758914219016,0.0018271918330486255,servo_0.336
23.813966656000048,0.3356,1.0,0.22994535519125686,35.9126065070957,-47.29416800031399,-1.5561503358936513,0.0,-0.00244604362721996,0.0018271918330486255,servo_0.336
23.814797398999872,0.3356,1.0,0.22994535519125686,35.9126065070957,-47.29416800031399,-1.5561503358936513,0.0,-0.00244604362721996,-0.0042296927805072935,servo_0.336
23.81636854699991,0.3356,1.0,0.22994535519125686,35.9126065070957,-47.29416800031399,-1.5561503358936513,0.0,-0.00244604362721996,-0.0042296927805072935,servo_0.336
23.817737289999968,0.3356,1.0,0.22994535519125686,35.9126065070957,-47.29416800031399,-1.5561503358936513,0.0,-0.00244604362721996,-0.015629046938887732,servo_0.336
23.819307958000536,0.3356,1.0,0.22994535519125686,35.9126065070957,-47.29416800031399,-1.5561571776353644,0.0,-0.002083758926549757,-0.015629046938887732,servo_0.336
23.823196899999857,0.3356,1.0,0.22994535519125686,35.9126065070957,-47.29416800031399,-1.5561571776353644,0.0,-0.002083758926549757,-0.021003240479937683,servo_0.336
23.825045496000712,0.3356,1.0,0.22994535519125686,35.9126065070957,-47.29416800031399,-1.5562327913201313,0.0,-0.00614734533025115,-0.021003240479937683,servo_0.336
23.828618141000334,0.3356,1.0,0.22994535519125686,35.9126065070957,-47.29416800031399,-1.5562327913201313,0.0,-0.00614734533025115,-0.009790682104891084,servo_0.336
23.830157639999925,0.3356,1.0,0.22994535519125686,35.9126065070957,-47.29416800031399,-1.5563354767185698,0.0,-0.010604113875157108,-0.009790682104891084,servo_0.336
23.833982228000423,0.3356,1.0,0.22994535519125686,35.9126065070957,-47.29416800031399,-1.5563354767185698,0.0,-0.010604113875157108,0.003838192235731808,servo_0.336
23.835461373000726,0.3356,1.0,0.22994535519125686,35.9126065070957,-47.29416800031399,-1.556379475610202,0.0,-0.0103600843440773,0.003838192235731808,servo_0.336
23.839418861000013,0.3356,1.0,0.22994535519125686,35.9126065070957,-47.29416800031399,-1.556379475610202,0.0,-0.0103600843440773,0.010654852911486577,servo_0.336
23.84095576800064,0.3356,1.0,0.22994535519125686,35.9126065070957,-47.29416800031399,-1.5563548229997866,0.0,-0.006100601370134567,0.010654852911486577,servo_0.336
23.844813796999915,0.3356,1.0,0.22994535519125686,35.9126065070957,-47.29416800031399,-1.5563548229997866,0.0,-0.006100601370134567,0.0024502790717045577,servo_0.336
23.846303535000516,0.3356,1.0,0.22994535519125686,35.9126065070957,-47.29416800031399,-1.5562980583903259,0.0,-0.0010739650856482238,0.0024502790717045577,servo_0.336
23.85176804100047,0.3356,1.0,0.22994535519125686,35.9126065070957,-47.29416800031399,-1.556282759931159,0.0,-1.6691838442389295e-05,0.0024502790717045577,servo_0.336
23.852723972000604,0.3356,1.0,0.22994535519125686,35.9126065070957,-47.29416800031399,-1.556282759931159,0.0,-1.6691838442389295e-05,-0.004935216168134324,servo_0.336
23.856315593000545,0.3356,1.0,0.22994535519125686,35.9126065070957,-47.29416800031399,-1.556282759931159,0.0,-1.6691838442389295e-05,0.002659302887464851,servo_0.336
23.858843280000656,0.3356,1.0,0.22994535519125686,35.9126065070957,-47.29416800031399,-1.5563038696121219,0.0,-0.0014922491373499697,0.002659302887464851,servo_0.336
23.863066631000038,0.3356,1.0,0.22994535519125686,35.9126065070957,-47.29416800031399,-1.5562841013955007,0.0,-0.0002467835299055235,0.002659302887464851,servo_0.336
23.864808696000182,0.3356,1.0,0.22994535519125686,35.9126065070957,-47.29416800031399,-1.5562841013955007,0.0,-0.0002467835299055235,0.008830044529591276,servo_0.336
23.866469319000316,0.3356,1.0,0.22994535519125686,35.9126065070957,-47.29416800031399,-1.5562374314481786,0.0,0.002476264887943516,0.008830044529591276,servo_0.336
23.86730508600067,0.3356,1.0,0.22994535519125686,35.9126065070957,-47.29416800031399,-1.5562374314481786,0.0,0.002476264887943516,0.0006026393499669113,servo_0.336
23.86981654900046,0.3356,1.0,0.22994535519125686,35.9126065070957,-47.29416800031399,-1.556233403276357,0.0,0.0019141772265505346,0.0006026393499669113,servo_0.336
23.870686717999888,0.3356,1.0,0.22994535519125686,35.9126065070957,-47.29416800031399,-1.556233403276357,0.0,0.0019141772265505346,-0.007028954926154491,servo_0.336
23.874003451000135,0.3356,1.0,0.22994535519125686,35.9126065070957,-47.29416800031399,-1.556233403276357,0.0,0.0019141772265505346,-0.006410313528050743,servo_0.336
23.875837519000015,0.3356,1.0,0.22994535519125686,35.9126065070957,-47.29416800031399,-1.5562693527611926,0.0,-0.0007687624192609733,-0.006410313528050743,servo_0.336
23.8794976220006,0.3356,1.0,0.22994535519125686,35.9126065070957,-47.29416800031399,-1.5562693527611926,0.0,-0.0007687624192609733,0.0019401406820755219,servo_0.336
23.881183237000187,0.3356,1.0,0.22994535519125686,35.9126065070957,-47.29416800031399,-1.5563029128309822,0.0,-0.002461227751897904,0.0019401406820755219,servo_0.336
23.886089391000496,0.3356,1.0,0.22994535519125686,35.9126065070957,-47.29416800031399,-1.5562942226519547,0.0,-0.0011408172217058762,0.0019401406820755219,servo_0.336
23.88702221800031,0.3356,1.0,0.22994535519125686,35.9126065070957,-47.29416800031399,-1.5562942226519547,0.0,-0.0011408172217058762,0.011796508458911514,servo_0.336
23.890621711000676,0.3356,1.0,0.22994535519125686,35.9126065070957,-47.29416800031399,-1.5562942226519547,0.0,-0.0011408172217058762,0.013330000307065774,servo_0.336
23.89233798300029,0.3356,1.0,0.22994535519125686,35.9126065070957,-47.29416800031399,-1.5562364059224254,0.0,0.002740380482479341,0.013330000307065774,servo_0.336
23.896240525000394,0.3356,1.0,0.22994535519125686,35.9126065070957,-47.29416800031399,-1.5562364059224254,0.0,0.002740380482479341,0.008802162481334906,servo_0.336
23.897902652000084,0.3356,1.0,0.22994535519125686,35.9126065070957,-47.29416800031399,-1.556171220246703,0.0,0.00591726642985527,0.008802162481334906,servo_0.336
23.901833099000214,0.3356,1.0,0.22994535519125686,35.9126065070957,-47.29416800031399,-1.556171220246703,0.0,0.00591726642985527,0.011755289799258732,servo_0.336
23.90350703400054,0.3356,1.0,0.22994535519125686,35.9126065070957,-47.29416800031399,-1.556128791179053,0.0,0.006782735245299161,0.011755289799258732,servo_0.336
23.90505715800009,0.3356,1.0,0.22994535519125686,35.9126065070957,-47.29416800031399,-1.556128791179053,0.0,0.006782735245299161,0.011755289799258732,servo_0.336
23.907538316000682,0.3356,1.0,0.22994535519125686,35.9126065070957,-47.29416800031399,-1.556128791179053,0.0,0.006782735245299161,0.015564268666263458,servo_0.336
23.90925612400042,0.3356,1.0,0.22994535519125686,35.9126065070957,-47.29416800031399,-1.5559947916196322,0.0,0.010461431727919959,0.015564268666263458,servo_0.336
23.91003563400045,0.3356,1.0,0.22994535519125686,35.9126065070957,-47.29416800031399,-1.5559947916196322,0.0,0.010461431727919959,0.019418607616475497,servo_0.336
23.91312068100069,0.3356,1.0,0.22994535519125686,35.9126065070957,-47.29416800031399,-1.5559947916196322,0.0,0.010461431727919959,0.018717528378917537,servo_0.336
23.914784055999917,0.3356,1.0,0.22994535519125686,35.9126065070957,-47.29416800031399,-1.5558994007368427,0.0,0.01314858449448662,0.018717528378917537,servo_0.336
23.918696518000615,0.3356,1.0,0.22994535519125686,35.9126065070957,-47.29416800031399,-1.5558994007368427,0.0,0.01314858449448662,0.01426232931221588,servo_0.336
23.920417334000376,0.3356,1.0,0.22994535519125686,35.9126065070957,-47.29416800031399,-1.5558067499416806,0.0,0.014819267659815893,0.01426232931221588,servo_0.336
23.924969207000686,0.3356,1.0,0.22994535519125686,35.9126065070957,-47.29416800031399,-1.5558067499416806,0.0,0.014819267659815893,0.010444157337963878,servo_0.336
23.926665670000148,0.3356,1.0,0.22994535519125686,35.9126065070957,-47.29416800031399,-1.5557364291296003,0.0,0.014652186155535887,0.010444157337963878,servo_0.336
23.929860064000422,0.3356,1.0,0.22994535519125686,35.9126065070957,-47.29416800031399,-1.5557364291296003,0.0,0.014652186155535887,0.01565913233682722,servo_0.336
23.931455181000274,0.3356,1.0,0.22994535519125686,35.9126065070957,-47.29416800031399,-1.555684244905265,0.0,0.013389777510264282,0.01565913233682722,servo_0.336
23.935407485000724,0.3356,1.0,0.22994535519125686,35.9126065070957,-47.29416800031399,-1.555684244905265,0.0,0.013389777510264282,0.022489432090418614,servo_0.336
23.9370720120005,0.3356,1.0,0.22994535519125686,35.9126065070957,-47.29416800031399,-1.555604482265063,0.0,0.014070583958233164,0.022489432090418614,servo_0.336
23.941103101000408,0.3356,1.0,0.22994535519125686,35.9126065070957,-47.29416800031399,-1.555604482265063,0.0,0.014070583958233164,0.027681272957906497,servo_0.336
23.942810829000337,0.3356,1.0,0.22994535519125686,35.9126065070957,-47.29416800031399,-1.5554916552300115,0.0,0.016596238397888798,0.027681272957906497,servo_0.336
23.94655909500034,0.3356,1.0,0.22994535519125686,35.9126065070957,-47.29416800031399,-1.5554916552300115,0.0,0.016596238397888798,0.029086966363250578,servo_0.336
23.948265447000267,0.3356,1.0,0.22994535519125686,35.9126065070957,-47.29416800031399,-1.5553533088661062,0.0,0.019921748765894108,0.029086966363250578,servo_0.336
23.952863432000413,0.3356,1.0,0.22994535519125686,35.9126065070957,-47.29416800031399,-1.555206759190744,0.0,0.022671314045101046,0.029086966363250578,servo_0.336
23.95385152400013,0.3356,1.0,0.22994535519125686,35.9126065070957,-47.29416800031399,-1.555206759190744,0.0,0.022671314045101046,0.03495674817573176,servo_0.336
23.955612726000254,0.3356,1.0,0.22994535519125686,35.9126065070957,-47.29416800031399,-1.555206759190744,0.0,0.022671314045101046,0.03495674817573176,servo_0.336
23.956524272000024,0.3356,1.0,0.22994535519125686,35.9126065070957,-47.29416800031399,-1.555206759190744,0.0,0.022671314045101046,0.04236032768377363,servo_0.336
23.95796719200007,0.3356,1.0,0.22994535519125686,35.9126065070957,-47.29416800031399,-1.555206759190744,0.0,0.022671314045101046,0.05206192392930966,servo_0.336
23.95962179900016,0.3356,1.0,0.22994535519125686,35.9126065070957,-47.29416800031399,-1.5548196973548198,0.0,0.03115795930413527,0.05206192392930966,servo_0.336
23.963499540000157,0.3356,1.0,0.22994535519125686,35.9126065070957,-47.29416800031399,-1.5548196973548198,0.0,0.03115795930413527,0.052762697319461184,servo_0.336
23.965120098000625,0.3356,1.0,0.22994535519125686,35.9126065070957,-47.29416800031399,-1.5545607074790055,0.0,0.037429148691687585,0.052762697319461184,servo_0.336
23.96910705800019,0.3356,1.0,0.22994535519125686,35.9126065070957,-47.29416800031399,-1.5545607074790055,0.0,0.037429148691687585,0.05165660745615641,servo_0.336
23.970738976000575,0.3356,1.0,0.22994535519125686,35.9126065070957,-47.29416800031399,-1.5542938172392788,0.0,0.04202921328001966,0.05165660745615641,servo_0.336
23.974498890000177,0.3356,1.0,0.22994535519125686,35.9126065070957,-47.29416800031399,-1.5542938172392788,0.0,0.04202921328001966,0.05579751502322859,servo_0.336
23.97623727500013,0.3356,1.0,0.22994535519125686,35.9126065070957,-47.29416800031399,-1.5540348888520201,0.0,0.04491743153286069,0.05579751502322859,servo_0.336
23.980033990000265,0.3356,1.0,0.22994535519125686,35.9126065070957,-47.29416800031399,-1.5540348888520201,0.0,0.04491743153286069,0.06605905337152139,servo_0.336
23.98167253200063,0.3356,1.0,0.22994535519125686,35.9126065070957,-47.29416800031399,-1.55375552413617,0.0,0.048181456579971055,0.06605905337152139,servo_0.336
23.985451518000446,0.3356,1.0,0.22994535519125686,35.9126065070957,-47.29416800031399,-1.55375552413617,0.0,0.048181456579971055,0.08477510036708256,servo_0.336
23.987079020000238,0.3356,1.0,0.22994535519125686,35.9126065070957,-47.29416800031399,-1.5534220233722171,0.0,0.053544735617436154,0.08477510036708256,servo_0.336
23.990937049000422,0.3356,1.0,0.22994535519125686,35.9126065070957,-47.29416800031399,-1.5534220233722171,0.0,0.053544735617436154,0.09896746864552153,servo_0.336
23.99261354400005,0.3356,1.0,0.22994535519125686,35.9126065070957,-47.29416800031399,-1.5529973989093786,0.0,0.06291384504233008,0.09896746864552153,servo_0.336
23.996469108999918,0.3356,1.0,0.22994535519125686,35.9126065070957,-47.29416800031399,-1.5529973989093786,0.0,0.06291384504233008,0.09445266158378064,servo_0.336
23.998129507000158,0.3356,1.0,0.22994535519125686,35.9126065070957,-47.29416800031399,-1.5524995409095637,0.0,0.07372993212328752,0.09445266158378064,servo_0.336
24.00202305699986,0.3356,1.0,0.22994535519125686,35.9126065070957,-47.29416800031399,-1.5524995409095637,0.0,0.07372993212328752,0.08703514209190788,servo_0.336
24.003830852000647,0.3356,1.0,0.22994535519125686,35.9126065070957,-47.29416800031399,-1.5520216286193007,0.0,0.07994675096143544,0.08703514209190788,servo_0.336
24.005447473999993,0.3356,1.0,0.22994535519125686,35.9126065070957,-47.29416800031399,-1.5520216286193007,0.0,0.07994675096143544,0.08703514209190788,servo_0.336
24.007461642000635,0.3356,1.0,0.22994535519125686,35.9126065070957,-47.29416800031399,-1.5520216286193007,0.0,0.07994675096143544,0.08997493071784068,servo_0.336
24.00916841000071,0.3356,1.0,0.22994535519125686,35.9126065070957,-47.29416800031399,-1.55158613305154,0.0,0.08207326830057717,0.08997493071784068,servo_0.336
24.01004389100035,0.3356,1.0,0.22994535519125686,35.9126065070957,-47.29416800031399,-1.55158613305154,0.0,0.08207326830057717,0.08891541704528788,servo_0.336
24.01336904100026,0.3356,1.0,0.22994535519125686,35.9126065070957,-47.29416800031399,-1.55158613305154,0.0,0.08207326830057717,0.09291518539696426,servo_0.336
24.01509878500019,0.3356,1.0,0.22994535519125686,35.9126065070957,-47.29416800031399,-1.550685230618491,0.0,0.08578526203161571,0.09291518539696426,servo_0.336
24.019725636000658,0.3356,1.0,0.22994535519125686,35.9126065070957,-47.29416800031399,-1.550685230618491,0.0,0.08578526203161571,0.10406859558837858,servo_0.336
24.021564952000517,0.3356,1.0,0.22994535519125686,35.9126065070957,-47.29416800031399,-1.5502141388347,0.0,0.08792423904122028,0.10406859558837858,servo_0.336
24.025168861000566,0.3356,1.0,0.22994535519125686,35.9126065070957,-47.29416800031399,-1.5502141388347,0.0,0.08792423904122028,0.1371086459216343,servo_0.336
24.027780103000623,0.3356,1.0,0.22994535519125686,35.9126065070957,-47.29416800031399,-1.5496916993230114,0.0,0.09276754600536777,0.1371086459216343,servo_0.336
24.030989313000646,0.3356,1.0,0.22994535519125686,35.9126065070957,-47.29416800031399,-1.5496916993230114,0.0,0.09276754600536777,0.17069054966818026,servo_0.336
24.033501704000628,0.3356,1.0,0.22994535519125686,35.9126065070957,-47.29416800031399,-1.549001605992386,0.0,0.10606987598024772,0.17069054966818026,servo_0.336
24.036450139000408,0.3356,1.0,0.22994535519125686,35.9126065070957,-47.29416800031399,-1.549001605992386,0.0,0.10606987598024772,0.19542164559130804,servo_0.336
24.038122058000226,0.3356,1.0,0.22994535519125686,35.9126065070957,-47.29416800031399,-1.5481493374781399,0.0,0.12545607808662748,0.19542164559130804,servo_0.336
24.041903605000698,0.3356,1.0,0.22994535519125686,35.9126065070957,-47.29416800031399,-1.5481493374781399,0.0,0.12545607808662748,0.20418511005335002,servo_0.336
24.043713416000173,0.3356,1.0,0.22994535519125686,35.9126065070957,-47.29416800031399,-1.5471559157127455,0.0,0.14644574833803164,0.20418511005335002,servo_0.336
24.044574240000657,0.3356,1.0,0.22994535519125686,35.9126065070957,-47.29416800031399,-1.5471559157127455,0.0,0.14644574833803164,0.2107734543398266,servo_0.336
24.046267247000287,0.3356,1.0,0.22994535519125686,35.9126065070957,-47.29416800031399,-1.5471559157127455,0.0,0.14644574833803164,0.2107734543398266,servo_0.336
24.048417324000184,0.3356,1.0,0.22994535519125686,35.9126065070957,-47.29416800031399,-1.5450803459155835,0.0,0.17786932609878697,0.2107734543398266,servo_0.336
24.049317061000693,0.3356,1.0,0.22994535519125686,35.9126065070957,-47.29416800031399,-1.5450803459155835,0.0,0.17786932609878697,0.21186468459648658,servo_0.336
24.053616702,0.3356,1.0,0.22994535519125686,35.9126065070957,-47.29416800031399,-1.5450803459155835,0.0,0.17786932609878697,0.22131437909241475,servo_0.336
24.055583318000572,0.3356,1.0,0.22994535519125686,35.9126065070957,-47.29416800031399,-1.5440178268673896,0.0,0.18806793364809685,0.22131437909241475,servo_0.336
24.059844270000212,0.3356,1.0,0.22994535519125686,35.9126065070957,-47.29416800031399,-1.5440178268673896,0.0,0.18806793364809685,0.2370719370777637,servo_0.336
24.06153730999995,0.3356,1.0,0.22994535519125686,35.9126065070957,-47.29416800031399,-1.542909535240218,0.0,0.1980418672813922,0.2370719370777637,servo_0.336
24.065280071000416,0.3356,1.0,0.22994535519125686,35.9126065070957,-47.29416800031399,-1.542909535240218,0.0,0.1980418672813922,0.25145969815643043,servo_0.336
24.06692984500023,0.3356,1.0,0.22994535519125686,35.9126065070957,-47.29416800031399,-1.5417215681605414,0.0,0.20975088822030363,0.25145969815643043,servo_0.336
24.070788322000226,0.3356,1.0,0.22994535519125686,35.9126065070957,-47.29416800031399,-1.5417215681605414,0.0,0.20975088822030363,0.25292377096570146,servo_0.336
24.072425136000675,0.3356,1.0,0.22994535519125686,35.9126065070957,-47.29416800031399,-1.5404571283975665,0.0,0.22226353120114167,0.25292377096570146,servo_0.336
24.076870221000718,0.3356,1.0,0.22994535519125686,35.9126065070957,-47.29416800031399,-1.5404571283975665,0.0,0.22226353120114167,0.2487406106834595,servo_0.336
24.07855833300073,0.3356,1.0,0.22994535519125686,35.9126065070957,-47.29416800031399,-1.5391877478109375,0.0,0.2314616031305096,0.2487406106834595,servo_0.336
24.082279621999987,0.3356,1.0,0.22994535519125686,35.9126065070957,-47.29416800031399,-1.5391877478109375,0.0,0.2314616031305096,0.25976546509562864,servo_0.336
24.08391374800067,0.3356,1.0,0.22994535519125686,35.9126065070957,-47.29416800031399,-1.5379231792566626,0.0,0.23664530539639456,0.25976546509562864,servo_0.336
24.08472753100068,0.3356,1.0,0.22994535519125686,35.9126065070957,-47.29416800031399,-1.5379231792566626,0.0,0.23664530539639456,0.2801146456954105,servo_0.336
24.086275158000717,0.3356,1.0,0.22994535519125686,35.9126065070957,-47.29416800031399,-1.5379231792566626,0.0,0.23664530539639456,0.2801146456954105,servo_0.336
24.088242382000317,0.3356,1.0,0.22994535519125686,35.9126065070957,-47.29416800031399,-1.5379231792566626,0.0,0.23664530539639456,0.2911711917245516,servo_0.336
24.089824250000675,0.3356,1.0,0.22994535519125686,35.9126065070957,-47.29416800031399,-1.5352312607767022,0.0,0.25454134102293846,0.2911711917245516,servo_0.336
24.093579332000445,0.3356,1.0,0.22994535519125686,35.9126065070957,-47.29416800031399,-1.5352312607767022,0.0,0.25454134102293846,0.29016887775878664,servo_0.336
24.095217265999963,0.3356,1.0,0.22994535519125686,35.9126065070957,-47.29416800031399,-1.5337671885254516,0.0,0.2655302962334224,0.29016887775878664,servo_0.336
24.09907119900072,0.3356,1.0,0.22994535519125686,35.9126065070957,-47.29416800031399,-1.5337671885254516,0.0,0.2655302962334224,0.287706285988304,servo_0.336
24.100704909000342,0.3356,1.0,0.22994535519125686,35.9126065070957,-47.29416800031399,-1.5323071797682297,0.0,0.27292187069103163,0.287706285988304,servo_0.336
24.10463324400007,0.3356,1.0,0.22994535519125686,35.9126065070957,-47.29416800031399,-1.5323071797682297,0.0,0.27292187069103163,0.2926840336712847,servo_0.336
24.10620695200032,0.3356,1.0,0.22994535519125686,35.9126065070957,-47.29416800031399,-1.530863723107938,0.0,0.27735719528021335,0.2926840336712847,servo_0.336
24.110559810000268,0.3356,1.0,0.22994535519125686,35.9126065070957,-47.29416800031399,-1.530863723107938,0.0,0.27735719528021335,0.3014660403924164,servo_0.336
24.11252597800012,0.3356,1.0,0.22994535519125686,35.9126065070957,-47.29416800031399,-1.5293869346638256,0.0,0.28195524679753475,0.3014660403924164,servo_0.336
24.116050173000076,0.3356,1.0,0.22994535519125686,35.9126065070957,-47.29416800031399,-1.5293869346638256,0.0,0.28195524679753475,0.2988626339792958,servo_0.336
24.11780699100018,0.3356,1.0,0.22994535519125686,35.9126065070957,-47.29416800031399,-1.5278713929349605,0.0,0.28780848487599925,0.2988626339792958,servo_0.336
24.12146680600017,0.3356,1.0,0.22994535519125686,35.9126065070957,-47.29416800031399,-1.5278713929349605,0.0,0.28780848487599925,0.2839411754181772,servo_0.336
24.123180102000333,0.3356,1.0,0.22994535519125686,35.9126065070957,-47.29416800031399,-1.5263780511810723,0.0,0.2911247296069882,0.2839411754181772,servo_0.336
24.12694632000057,0.3356,1.0,0.22994535519125686,35.9126065070957,-47.29416800031399,-1.5263780511810723,0.0,0.2911247296069882,0.276746745601869,servo_0.336
24.128819077000117,0.3356,1.0,0.22994535519125686,35.9126065070957,-47.29416800031399,-1.524966074096835,0.0,0.2889696633503449,0.276746745601869,servo_0.336
24.130402737000622,0.3356,1.0,0.22994535519125686,35.9126065070957,-47.29416800031399,-1.524966074096835,0.0,0.2889696633503449,0.276746745601869,servo_0.336
24.132337480000388,0.3356,1.0,0.22994535519125686,35.9126065070957,-47.29416800031399,-1.524966074096835,0.0,0.2889696633503449,0.28308546847042115,servo_0.336
24.13405055200019,0.3356,1.0,0.22994535519125686,35.9126065070957,-47.29416800031399,-1.522157468966184,0.0,0.2846375921591878,0.28308546847042115,servo_0.336
24.134931889000654,0.3356,1.0,0.22994535519125686,35.9126065070957,-47.29416800031399,-1.522157468966184,0.0,0.2846375921591878,0.2857883439502562,servo_0.336
24.13821348500005,0.3356,1.0,0.22994535519125686,35.9126065070957,-47.29416800031399,-1.522157468966184,0.0,0.2846375921591878,0.2764003016335634,servo_0.336
24.14009296200038,0.3356,1.0,0.22994535519125686,35.9126065070957,-47.29416800031399,-1.5207318211625847,0.0,0.28498281769650835,0.2764003016335634,servo_0.336
24.14367472699996,0.3356,1.0,0.22994535519125686,35.9126065070957,-47.29416800031399,-1.5207318211625847,0.0,0.28498281769650835,0.2541618079774521,servo_0.336
24.145440504999897,0.3356,1.0,0.22994535519125686,35.9126065070957,-47.29416800031399,-1.519350811143208,0.0,0.2824080628776249,0.2541618079774521,servo_0.336
24.149085664000268,0.3356,1.0,0.22994535519125686,35.9126065070957,-47.29416800031399,-1.519350811143208,0.0,0.2824080628776249,0.23808492033264578,servo_0.336
24.150819505000072,0.3356,1.0,0.22994535519125686,35.9126065070957,-47.29416800031399,-1.5180949347098418,0.0,0.27393418640757305,0.23808492033264578,servo_0.336
24.154525241000556,0.3356,1.0,0.22994535519125686,35.9126065070957,-47.29416800031399,-1.5180949347098418,0.0,0.27393418640757305,0.2304082419771947,servo_0.336
24.15635082800054,0.3356,1.0,0.22994535519125686,35.9126065070957,-47.29416800031399,-1.5169176901613448,0.0,0.26317940658509487,0.2304082419771947,servo_0.336
24.160104405999846,0.3356,1.0,0.22994535519125686,35.9126065070957,-47.29416800031399,-1.5169176901613448,0.0,0.26317940658509487,0.22135227920367792,servo_0.336
24.16190253700006,0.3356,1.0,0.22994535519125686,35.9126065070957,-47.29416800031399,-1.5157738356565922,0.0,0.2533480572027248,0.22135227920367792,servo_0.336
24.168660199000442,0.3356,1.0,0.22994535519125686,35.9126065070957,-47.29416800031399,-1.5146891602604573,0.0,0.2437493238030107,0.22135227920367792,servo_0.336
24.16989005800042,0.3356,1.0,0.22994535519125686,35.9126065070957,-47.29416800031399,-1.5146891602604573,0.0,0.2437493238030107,0.19582340008650329,servo_0.336
24.172900799000672,0.3356,1.0,0.22994535519125686,35.9126065070957,-47.29416800031399,-1.5137221015463018,0.0,0.22937154668805845,0.19582340008650329,servo_0.336
24.17393343599997,0.3356,1.0,0.22994535519125686,35.9126065070957,-47.29416800031399,-1.5137221015463018,0.0,0.22937154668805845,0.16285952448280225,servo_0.336
24.177310490999844,0.3356,1.0,0.22994535519125686,35.9126065070957,-47.29416800031399,-1.5137221015463018,0.0,0.22937154668805845,0.14356959956184262,servo_0.336
24.179513400999895,0.3356,1.0,0.22994535519125686,35.9126065070957,-47.29416800031399,-1.512917227285602,0.0,0.20941794002648156,0.14356959956184262,servo_0.336
24.181465680000656,0.3356,1.0,0.22994535519125686,35.9126065070957,-47.29416800031399,-1.512917227285602,0.0,0.20941794002648156,0.14356959956184262,servo_0.336
24.18349530500018,0.3356,1.0,0.22994535519125686,35.9126065070957,-47.29416800031399,-1.5115244978152893,0.0,0.17101065465669552,0.14356959956184262,servo_0.336
24.184589288000097,0.3356,1.0,0.22994535519125686,35.9126065070957,-47.29416800031399,-1.5115244978152893,0.0,0.17101065465669552,0.12748749378577548,servo_0.336
24.18646540500049,0.3356,1.0,0.22994535519125686,35.9126065070957,-47.29416800031399,-1.5115244978152893,0.0,0.17101065465669552,0.10489855309734497,servo_0.336
