wall_time_ns,scan_stamp_ns,scan_stamp_to_scan_ms,amcl_particle_count,scan_to_amcl_ms,amcl_to_ekf_ms,scan_to_ekf_ms,ekf_to_drive_ms,drive_to_ackermann_ms,scan_to_ackermann_ms
1778497199141764037,1778497199105552053,0.273,1000,1.247,0.046,1.293,34.141,0.393,35.827
1778497199142942916,1778497199125559454,0.292,1000,1.021,0.528,1.550,14.943,0.590,17.083
1778497199157578785,1778497199155568173,0.302,1000,1.030,0.510,1.540,0.020,0.139,1.699
1778497199177601772,1778497199175579895,0.665,1000,0.774,0.285,1.059,0.162,0.129,1.350
1778497199207914850,1778497199205572389,0.386,1000,1.183,0.472,1.655,0.046,0.245,1.945
1778497199227355741,1778497199225558318,0.252,1000,1.079,0.164,1.243,0.146,0.151,1.540
1778497199257596178,1778497199255556669,0.277,1000,1.049,0.572,1.621,0.023,0.113,1.757
1778497199277526618,1778497199275520709,0.270,1000,1.034,0.446,1.480,0.134,0.115,1.730
1778497199307472839,1778497199305521844,0.755,1000,0.508,0.406,0.915,0.062,0.207,1.185
1778497199327549394,1778497199325562974,0.287,1000,1.029,0.308,1.337,0.186,0.170,1.692
1778497199357501375,1778497199355524076,0.239,1000,1.087,0.301,1.388,0.231,0.113,1.732
1778497199387649490,1778497199385549563,0.227,1000,1.108,0.383,1.491,0.325,0.052,1.869
1778497199407475127,1778497199405563173,0.593,1000,0.764,0.175,0.939,0.229,0.146,1.313
1778497199437918609,1778497199435548595,0.907,1000,0.864,0.275,1.139,0.140,0.177,1.456
1778497199457644563,1778497199455526876,0.494,1000,1.035,0.226,1.261,0.161,0.195,1.617
1778497199487452764,1778497199485566859,0.243,1000,1.356,0.165,1.521,0.073,0.043,1.637
1778497199507429413,1778497199505547380,0.225,1000,1.004,0.281,1.285,0.238,0.123,1.646
1778497199537600280,1778497199535531266,0.226,1000,1.137,0.297,1.435,0.253,0.149,1.836
1778497199558122192,1778497199555531084,0.245,1000,1.217,0.137,1.354,0.724,0.262,2.340
1778497199589977230,1778497199585532666,4.242,1000,0.091,0.036,0.127,0.061,0.010,0.198
1778497199608100999,1778497199605557317,0.302,1000,0.963,0.399,1.363,0.631,0.242,2.235
1778497199637655466,1778497199635553875,0.238,1000,1.164,0.328,1.493,0.173,0.193,1.858
1778497199657661811,1778497199655547132,0.247,1000,1.228,0.298,1.526,0.158,0.177,1.861
1778497199687581760,1778497199685545707,0.281,1000,1.103,0.333,1.436,0.153,0.161,1.749
1778497199707586538,1778497199705560565,0.271,1000,1.449,0.018,1.467,0.101,0.182,1.750
1778497199737800637,1778497199735558275,0.382,1000,0.965,0.514,1.479,0.209,0.165,1.853
1778497199757580481,1778497199755491947,0.282,1000,1.072,0.516,1.588,0.013,0.199,1.800
1778497199787588784,1778497199785564379,0.237,1000,1.036,0.370,1.406,0.181,0.194,1.782
1778497199807615098,1778497199805535108,0.233,1000,1.051,0.445,1.496,0.116,0.228,1.839
1778497199837633129,1778497199835569875,0.255,1000,1.175,0.270,1.444,0.132,0.225,1.801
1778497199857801175,1778497199855573469,0.309,1000,1.083,0.469,1.552,0.153,0.207,1.911
1778497199887510110,1778497199885567723,0.828,1000,0.581,0.175,0.755,0.141,0.211,1.107
1778497199907667980,1778497199905558165,0.625,1000,0.620,0.479,1.099,0.120,0.228,1.447
1778497199937709051,1778497199935536674,0.489,1000,0.954,0.402,1.356,0.147,0.173,1.677
1778497199957551457,1778497199955549068,0.625,1000,0.656,0.411,1.067,0.140,0.164,1.371
1778497199987641233,1778497199985557403,0.766,1000,0.777,0.104,0.881,0.220,0.210,1.311
1778497200007674620,1778497200005527300,0.304,1000,1.145,0.358,1.502,0.130,0.204,1.837
1778497200037760588,1778497200035540146,0.303,1000,1.102,0.417,1.519,0.130,0.262,1.911
1778497200057779222,1778497200055662271,0.301,1000,1.185,0.266,1.451,0.151,0.207,1.809
1778497200087828294,1778497200085659310,0.316,1000,1.066,0.340,1.406,0.202,0.239,1.847
1778497200108652229,1778497200105597333,0.561,1000,0.906,1.110,2.017,0.200,0.271,2.487
1778497200137489109,1778497200135555715,0.337,1000,1.036,0.136,1.172,0.250,0.169,1.591
1778497200157987212,1778497200155563277,0.272,1000,1.180,0.556,1.736,0.141,0.268,2.146
1778497200177620556,1778497200175543830,0.356,1000,1.023,0.310,1.333,0.177,0.204,1.714
1778497200207836544,1778497200205513475,0.352,1000,1.440,0.241,1.681,0.264,0.021,1.966
1778497200227490464,1778497200225545198,0.274,1000,1.075,0.361,1.436,0.044,0.185,1.664
1778497200258050941,1778497200255595517,0.304,1000,1.327,0.377,1.704,0.156,0.286,2.145
1778497200277912803,1778497200275545030,0.252,1000,1.466,0.327,1.794,0.130,0.186,2.110
1778497200307673771,1778497200305552980,0.459,1000,1.435,0.017,1.452,0.035,0.168,1.655
1778497200327636724,1778497200325657280,0.535,1000,1.149,0.043,1.192,0.074,0.172,1.438
1778497200357580097,1778497200355547500,0.406,1000,1.012,0.363,1.375,0.071,0.173,1.620
1778497200377640940,1778497200375512789,0.448,1000,1.030,0.362,1.392,0.262,0.021,1.675
1778497200407639482,1778497200405546244,0.748,1000,0.510,0.413,0.923,0.284,0.132,1.339
1778497200427511745,1778497200425546797,0.278,1000,1.236,0.100,1.337,0.120,0.224,1.681
1778497200457564816,1778497200455563036,0.664,1000,0.978,0.093,1.071,0.140,0.120,1.331
1778497200477511513,1778497200475556198,0.313,1000,1.075,0.260,1.335,0.212,0.088,1.636
1778497200507732205,1778497200505563412,0.278,1000,1.101,0.392,1.493,0.200,0.191,1.884
1778497200528373031,1778497200525562814,1.430,1000,0.551,0.788,1.339,0.023,0.014,1.376
1778497200557580929,1778497200555559244,0.627,1000,0.654,0.316,0.970,0.211,0.207,1.388
1778497200577587115,1778497200575591126,0.327,1000,1.123,0.174,1.296,0.169,0.197,1.662
1778497200607511479,1778497200605559236,0.435,1000,0.894,0.306,1.200,0.134,0.176,1.511
1778497200639098415,1778497200635519249,0.943,1000,1.470,0.798,2.268,0.244,0.117,2.629
1778497200657685043,1778497200655555644,0.270,1000,1.130,0.278,1.407,0.206,0.239,1.853
1778497200687594559,1778497200685508361,0.285,1000,1.089,0.298,1.387,0.366,0.042,1.795
1778497200707778190,1778497200705550388,0.241,1000,1.379,0.258,1.637,0.204,0.140,1.980
1778497200739752528,1778497200735547394,0.271,1000,1.332,2.228,3.560,0.214,0.153,3.928
1778497200757695204,1778497200755561196,0.257,1000,1.234,0.289,1.523,0.170,0.177,1.870
1778497200788222144,1778497200785544954,0.251,1000,1.682,0.371,2.053,0.176,0.190,2.420
1778497200807557880,1778497200805549828,0.659,1000,0.610,0.425,1.035,0.234,0.074,1.343
1778497200837629000,1778497200835559858,0.596,1000,0.676,0.382,1.058,0.165,0.244,1.466
1778497200857895129,1778497200855558012,1.011,1000,0.623,0.406,1.029,0.151,0.141,1.320
1778497200887511005,1778497200885520745,0.710,1000,0.698,0.265,0.963,0.226,0.084,1.273
1778497200907623370,1778497200905546131,0.515,1000,0.870,0.302,1.172,0.225,0.159,1.556
1778497200937616024,1778497200935539202,0.277,1000,1.227,0.211,1.438,0.224,0.132,1.794
1778497200957828775,1778497200955549899,0.337,1000,1.199,0.418,1.617,0.165,0.153,1.935
1778497200987517741,1778497200985548794,0.304,1000,1.380,0.017,1.397,0.052,0.210,1.659
1778497201008661237,1778497201005541571,0.240,1000,1.299,0.109,1.408,0.246,1.218,2.872
1778497201037573927,1778497201035551378,0.598,1000,0.797,0.271,1.069,0.205,0.144,1.417
1778497201057587889,1778497201055511514,0.228,1000,1.255,0.212,1.467,0.355,0.020,1.842
1778497201087772932,1778497201085534377,1.293,1000,0.152,0.296,0.448,0.294,0.197,0.939
1778497201107426916,1778497201105531923,0.246,1000,1.123,0.337,1.460,0.055,0.127,1.642
1778497201138176102,1778497201135552162,0.245,1000,1.536,0.483,2.019,0.135,0.217,2.372
1778497201159291309,1778497201155530411,3.591,1000,0.042,0.100,0.142,0.010,0.012,0.165
1778497201187719826,1778497201185563610,0.819,1000,0.710,0.166,0.875,0.254,0.202,1.331
1778497201207709179,1778497201205545027,0.343,1000,1.223,0.178,1.401,0.244,0.170,1.815
1778497201237831821,1778497201235516433,0.327,1000,1.374,0.266,1.641,0.247,0.094,1.982
1778497201255224627,1778497201253219518,0.253,1000,1.021,0.323,1.344,0.192,0.208,1.745
1778497201287874630,1778497201285529225,0.620,1000,0.780,0.434,1.214,0.396,0.111,1.721
1778497201307977362,1778497201305534483,0.803,1000,0.640,0.347,0.986,0.599,0.051,1.636
1778497201338091940,1778497201335548289,0.257,1000,1.737,0.035,1.773,0.280,0.228,2.281
1778497201357813798,1778497201355552651,0.424,1000,1.165,0.240,1.405,0.165,0.260,1.830
1778497201387763443,1778497201385556761,0.377,1000,1.113,0.293,1.406,0.182,0.236,1.824
1778497201407707739,1778497201405516002,0.281,1000,1.286,0.271,1.557,0.194,0.153,1.904
1778497201437976016,1778497201435555217,0.333,1000,1.208,0.260,1.468,0.382,0.231,2.081
1778497201458621707,1778497201455552571,0.333,1000,1.953,0.313,2.266,0.234,0.229,2.730
1778497201488281232,1778497201485563113,0.887,1000,0.857,0.334,1.191,0.385,0.249,1.825
1778497201507637257,1778497201505546227,0.225,1000,1.254,0.186,1.440,0.236,0.185,1.860
1778497201537765403,1778497201535564641,0.633,1000,0.722,0.641,1.363,0.022,0.177,1.562
1778497201557618529,1778497201555538986,0.318,1000,1.010,0.325,1.335,0.185,0.234,1.755
1778497201587714001,1778497201585528376,0.240,1000,1.001,0.421,1.422,0.265,0.253,1.939
1778497201607682746,1778497201605553283,0.306,1000,1.195,0.299,1.494,0.304,0.020,1.818
1778497201637600262,1778497201635550609,0.654,1000,0.674,0.273,0.947,0.265,0.177,1.390
1778497201657688562,1778497201655516122,0.762,1000,0.868,0.188,1.057,0.222,0.125,1.403
1778497201687576030,1778497201685555721,0.349,1000,0.924,0.342,1.266,0.261,0.139,1.666
1778497201707512806,1778497201705531218,0.788,1000,0.751,0.062,0.813,0.165,0.209,1.187
1778497201737615223,1778497201735515392,0.738,1000,0.820,0.195,1.015,0.170,0.170,1.356
1778497201757550174,1778497201755536426,0.400,1000,1.105,0.180,1.285,0.169,0.154,1.608
1778497201788093179,1778497201785554329,0.969,1000,0.663,0.578,1.241,0.021,0.301,1.563
1778497201808274121,1778497201805551042,0.578,1000,0.902,0.273,1.175,0.723,0.240,2.139
1778497201838531614,1778497201835535600,0.876,1000,0.472,0.519,0.991,0.865,0.258,2.113
1778497201858088284,1778497201855562362,0.424,1000,0.988,0.379,1.367,0.546,0.183,2.096
1778497201887928422,1778497201885538184,0.272,1000,1.092,0.255,1.347,0.707,0.059,2.113
1778497201908234616,1778497201905532178,0.739,1000,0.616,0.494,1.110,0.520,0.329,1.958
1778497201938081250,1778497201935553792,1.054,1000,0.479,0.446,0.925,0.425,0.116,1.467
1778497201957959081,1778497201955592619,0.607,1000,0.775,0.247,1.022,0.593,0.137,1.753
1778497201988891887,1778497201985556696,0.280,1000,1.061,0.622,1.683,1.139,0.227,3.048
1778497202008736629,1778497202005556610,0.225,1000,1.195,0.450,1.645,1.122,0.182,2.949
1778497202038952361,1778497202035557968,0.252,1000,1.913,0.230,2.143,0.775,0.216,3.135
1778497202058238880,1778497202055548186,0.278,1000,1.111,0.956,2.068,0.071,0.267,2.406
1778497202087982728,1778497202085540232,0.417,1000,0.999,0.695,1.694,0.130,0.194,2.018
1778497202107990961,1778497202105552146,0.276,1000,1.403,0.520,1.923,0.021,0.212,2.156
1778497202137566485,1778497202135531392,0.870,1000,0.662,0.169,0.831,0.236,0.091,1.158
1778497202157658273,1778497202155551626,0.747,1000,0.537,0.499,1.035,0.299,0.020,1.354
1778497202187971959,1778497202185543928,0.277,1000,1.498,0.321,1.818,0.146,0.180,2.145
1778497202209186240,1778497202205550785,0.379,1000,2.445,0.424,2.869,0.122,0.258,3.249
1778497202237618342,1778497202235508943,0.240,1000,1.100,0.404,1.504,0.171,0.188,1.863
1778497202257657072,1778497202255547993,0.286,1000,1.019,0.362,1.381,0.173,0.262,1.816
1778497202288291311,1778497202285535719,0.272,1000,1.492,0.037,1.529,0.771,0.177,2.477
1778497202307530533,1778497202305547377,0.343,1000,1.022,0.284,1.306,0.158,0.170,1.634
1778497202337688599,1778497202335540095,0.229,1000,1.292,0.231,1.523,0.241,0.149,1.913
1778497202357853637,1778497202355565162,0.441,1000,1.130,0.368,1.498,0.114,0.230,1.842
1778497202387806642,1778497202385564472,0.376,1000,1.135,0.410,1.545,0.153,0.161,1.860
1778497202407637463,1778497202405565153,0.653,1000,0.659,0.400,1.059,0.105,0.249,1.413
1778497202438115314,1778497202435507054,0.819,1000,0.879,0.474,1.353,0.219,0.211,1.783
1778497202457737778,1778497202455551257,0.259,1000,1.085,0.553,1.639,0.057,0.225,1.921
1778497202487714688,1778497202485538055,0.387,1000,1.095,0.390,1.485,0.122,0.176,1.783
1778497202507747690,1778497202505549969,0.638,1000,0.744,0.459,1.204,0.133,0.217,1.553
1778497202538310695,1778497202535567872,1.346,1000,0.195,0.772,0.966,0.215,0.208,1.390
1778497202557655136,1778497202555563785,0.293,1000,1.212,0.205,1.417,0.160,0.216,1.793
1778497202588069337,1778497202585554679,0.271,1000,1.019,0.759,1.777,0.156,0.303,2.237
1778497202607608118,1778497202605557985,0.271,1000,1.123,0.257,1.379,0.155,0.238,1.773
1778497202637897036,1778497202635560783,0.280,1000,1.218,0.351,1.568,0.167,0.314,2.049
1778497202657722609,1778497202655558137,0.303,1000,1.061,0.455,1.516,0.022,0.317,1.854
1778497202689032514,1778497202685561063,1.585,1000,1.196,0.193,1.389,0.147,0.343,1.879
1778497202707750410,1778497202705564209,0.742,1000,0.648,0.443,1.091,0.151,0.196,1.438
1778497202737909628,1778497202735552639,0.258,1000,1.126,0.580,1.705,0.146,0.241,2.093
1778497202757679392,1778497202755491975,0.326,1000,1.016,0.443,1.459,0.204,0.192,1.854
1778497202787643085,1778497202785564311,0.301,1000,0.954,0.433,1.387,0.150,0.234,1.772
1778497202807810267,1778497202805545152,0.257,1000,1.201,0.453,1.654,0.132,0.216,2.001
1778497202838891942,1778497202836807631,0.586,1000,0.731,0.357,1.088,0.141,0.263,1.492
1778497202857809651,1778497202855552088,0.330,1000,1.008,0.431,1.440,0.317,0.165,1.921
1778497202887465592,1778497202885565031,0.259,1000,1.188,0.094,1.282,0.176,0.177,1.635
1778497202907736233,1778497202905561040,0.616,1000,0.724,0.476,1.200,0.183,0.169,1.552
1778497202937610356,1778497202935561023,0.311,1000,1.111,0.266,1.377,0.190,0.165,1.732
1778497202957776162,1778497202955567048,0.809,1000,0.638,0.391,1.029,0.214,0.150,1.393
1778497202987718735,1778497202985565367,0.760,1000,0.576,0.445,1.021,0.348,0.019,1.388
1778497203007580757,1778497203005545408,0.255,1000,1.049,0.413,1.463,0.153,0.158,1.773
1778497203037578563,1778497203035550734,0.596,1000,0.763,0.373,1.136,0.180,0.108,1.425
1778497203057971831,1778497203055559256,0.241,1000,1.254,0.549,1.802,0.176,0.187,2.166
1778497203087597691,1778497203085566790,0.286,1000,1.042,0.357,1.399,0.182,0.157,1.738
1778497203107595333,1778497203105552495,0.236,1000,1.011,0.413,1.424,0.216,0.161,1.800
1778497203138070399,1778497203135552286,0.343,1000,1.466,0.229,1.694,0.162,0.312,2.168
1778497203157483802,1778497203155506918,0.586,1000,0.940,0.078,1.018,0.147,0.219,1.384
1778497203187490504,1778497203185552598,0.273,1000,1.279,0.228,1.507,0.020,0.131,1.658
1778497203207449265,1778497203205542015,0.249,1000,1.387,0.045,1.432,0.056,0.164,1.651
1778497203237632132,1778497203235540525,0.258,1000,1.287,0.220,1.508,0.172,0.147,1.827
1778497203257898836,1778497203255550487,0.671,1000,0.742,0.245,0.987,0.635,0.051,1.672
1778497203287670237,1778497203285542757,0.269,1000,1.224,0.128,1.352,0.362,0.137,1.852
1778497203317777966,1778497203315552436,0.270,1000,1.256,0.263,1.519,0.248,0.182,1.949
1778497203334557059,1778497203332347338,0.209,1000,1.148,0.270,1.418,0.395,0.180,1.993
1778497203367675523,1778497203365536363,0.381,1000,0.871,0.408,1.279,0.327,0.146,1.752
1778497203387703501,1778497203385548181,0.247,1000,1.098,0.309,1.407,0.371,0.123,1.901
1778497203417876704,1778497203415544451,0.256,1000,1.527,0.083,1.609,0.442,0.019,2.071
1778497203437663140,1778497203435560493,0.360,1000,1.006,0.252,1.258,0.320,0.158,1.736
1778497203470571646,1778497203465558907,0.340,1000,3.761,0.419,4.180,0.314,0.173,4.666
1778497203487586074,1778497203485525636,0.713,1000,0.792,0.157,0.949,0.229,0.163,1.340
1778497203517858127,1778497203515545747,0.609,1000,0.890,0.566,1.456,0.021,0.221,1.698
1778497203537922650,1778497203535533468,0.707,1000,1.030,0.228,1.257,0.247,0.172,1.676
1778497203567895880,1778497203565549707,0.273,1000,1.047,0.696,1.744,0.206,0.116,2.066
1778497203587656459,1778497203585510227,0.778,1000,0.626,0.328,0.954,0.325,0.082,1.361
1778497203617633689,1778497203615533186,0.666,1000,0.787,0.207,0.994,0.237,0.197,1.428
1778497203637762822,1778497203635548684,0.807,1000,0.523,0.618,1.141,0.180,0.080,1.400
1778497203667489005,1778497203665554811,0.249,1000,1.068,0.275,1.343,0.250,0.085,1.679
1778497203687620730,1778497203685544772,0.796,1000,0.715,0.254,0.970,0.286,0.019,1.275
1778497203717638249,1778497203715512593,0.393,1000,1.247,0.046,1.293,0.219,0.214,1.726
1778497203737921082,1778497203735554140,0.253,1000,1.356,0.399,1.755,0.161,0.190,2.107
1778497203767901768,1778497203765519338,0.249,1000,1.226,0.659,1.885,0.143,0.098,2.126
1778497203787667755,1778497203785555444,0.635,1000,0.737,0.325,1.061,0.390,0.021,1.472
1778497203817777148,1778497203815552642,0.369,1000,1.277,0.189,1.466,0.201,0.181,1.848
1778497203837667619,1778497203835550412,0.381,1000,0.888,0.449,1.337,0.373,0.021,1.730
1778497203867607152,1778497203865507513,0.453,1000,0.919,0.338,1.257,0.215,0.167,1.639
1778497203889361447,1778497203885563844,2.881,1000,0.090,0.176,0.266,0.424,0.220,0.910
1778497203917932656,1778497203915519185,0.254,1000,2.013,0.012,2.025,0.010,0.119,2.153
1778497203937780758,1778497203935549371,0.429,1000,1.152,0.380,1.532,0.042,0.193,1.766
1778497203967975241,1778497203965534825,0.277,1000,1.224,0.481,1.705,0.158,0.293,2.157
1778497203987568328,1778497203985556595,0.728,1000,0.719,0.205,0.924,0.227,0.127,1.278
1778497204017843549,1778497204015522849,0.245,1000,1.416,0.298,1.714,0.190,0.164,2.069
1778497204037726628,1778497204035539275,0.250,1000,1.278,0.219,1.498,0.145,0.289,1.932
1778497204067620847,1778497204065543193,0.259,1000,1.116,0.441,1.557,0.236,0.020,1.813
1778497204087761725,1778497204085518722,1.162,1000,0.232,0.419,0.651,0.263,0.162,1.075
1778497204117874446,1778497204115512656,0.282,1000,1.111,0.443,1.554,0.333,0.187,2.074
1778497204137787125,1778497204135536762,0.251,1000,1.329,0.285,1.613,0.206,0.174,1.993
1778497204168022378,1778497204165514952,0.413,1000,1.456,0.329,1.785,0.166,0.137,2.088
1778497204187937937,1778497204185545970,0.227,1000,1.131,0.233,1.365,0.632,0.161,2.158
1778497204218477453,1778497204215559649,0.630,1000,1.091,0.298,1.389,0.706,0.185,2.281
1778497204238187375,1778497204235555787,0.333,1000,1.097,0.367,1.464,0.637,0.190,2.292
1778497204268538375,1778497204265544249,0.954,1000,0.732,0.269,1.001,0.676,0.356,2.033
1778497204287568535,1778497204285542690,0.294,1000,1.122,0.360,1.483,0.167,0.076,1.726
1778497204313125553,1778497204310236870,0.260,1000,1.117,0.256,1.373,1.198,0.052,2.623
1778497204337775956,1778497204335562554,0.484,1000,0.930,0.398,1.328,0.204,0.191,1.723
1778497204362268179,1778497204359936374,0.369,1000,1.024,0.399,1.423,0.226,0.306,1.956
1778497204387943920,1778497204385530833,0.360,1000,1.378,0.258,1.636,0.191,0.219,2.047
1778497204417889949,1778497204415674979,0.336,1000,1.656,0.196,1.852,0.011,0.012,1.874
1778497204437840869,1778497204435551850,0.429,1000,1.196,0.520,1.716,0.021,0.117,1.854
1778497204467770162,1778497204465504439,0.435,1000,1.190,0.331,1.521,0.218,0.085,1.824
1778497204487539637,1778497204485555010,0.395,1000,0.940,0.413,1.353,0.073,0.157,1.583
1778497204517683655,1778497204515532527,1.326,1000,0.099,0.300,0.398,0.258,0.162,0.818
1778497204537849813,1778497204535544505,0.762,1000,0.723,0.744,1.467,0.059,0.012,1.539
1778497204567562332,1778497204565550216,0.288,1000,1.144,0.225,1.369,0.208,0.140,1.717
1778497204588781573,1778497204585519312,0.268,1000,1.083,0.303,1.386,1.387,0.214,2.987
1778497204617606133,1778497204615544063,0.227,1000,1.121,0.511,1.632,0.125,0.072,1.829
1778497204637723618,1778497204635549545,0.643,1000,0.654,0.532,1.186,0.182,0.157,1.525
1778497204667840979,1778497204665547415,0.702,1000,0.774,0.444,1.217,0.104,0.263,1.584
1778497204687625975,1778497204685509888,0.235,1000,1.094,0.419,1.513,0.142,0.219,1.874
1778497204717420800,1778497204715504846,0.825,1000,0.583,0.443,1.026,0.022,0.037,1.085
1778497204738353442,1778497204735551449,0.268,1000,1.836,0.299,2.135,0.184,0.207,2.527
1778497204767650302,1778497204765563783,0.258,1000,1.142,0.354,1.495,0.137,0.190,1.822
1778497204788077042,1778497204785539792,0.336,1000,1.489,0.401,1.890,0.128,0.176,2.194
1778497204817778137,1778497204815558335,0.895,1000,0.486,0.409,0.895,0.137,0.285,1.318
1778497204837761410,1778497204835555272,0.246,1000,1.401,0.086,1.487,0.193,0.274,1.953
1778497204867618637,1778497204865547831,0.248,1000,1.107,0.333,1.439,0.167,0.210,1.816
1778497204887558389,1778497204885547456,0.453,1000,0.930,0.213,1.143,0.155,0.252,1.551
1778497204917584355,1778497204915549134,0.240,1000,1.222,0.150,1.372,0.174,0.243,1.789
1778497204939687716,1778497204935552056,0.354,1000,1.349,0.549,1.898,0.213,1.663,3.773
1778497204969132964,1778497204965539910,0.978,1000,1.849,0.241,2.090,0.498,0.022,2.609
1778497204987916237,1778497204985549200,0.274,1000,1.579,0.180,1.759,0.219,0.108,2.086
1778497205010615037,1778497205008513127,0.318,1000,1.245,0.127,1.372,0.385,0.021,1.778
1778497205038320848,1778497205035552136,0.491,1000,1.485,0.379,1.864,0.159,0.248,2.271
1778497205067699886,1778497205065549430,0.240,1000,1.302,0.280,1.582,0.156,0.165,1.904
1778497205087542707,1778497205085554367,0.520,1000,0.966,0.150,1.116,0.201,0.144,1.462
1778497205117599395,1778497205115554414,0.319,1000,1.044,0.391,1.435,0.202,0.082,1.719
1778497205137864852,1778497205135619545,0.579,1000,0.805,0.375,1.180,0.120,0.359,1.659
1778497205167493784,1778497205165553478,0.265,1000,1.124,0.215,1.338,0.291,0.041,1.670
1778497205187607461,1778497205185529614,0.247,1000,1.158,0.213,1.371,0.164,0.290,1.824
1778497205217865466,1778497205215554781,0.495,1000,0.887,0.296,1.183,0.227,0.399,1.808
1778497205237921093,1778497205235531302,0.247,1000,1.343,0.403,1.747,0.133,0.257,2.137
1778497205267829264,1778497205265572054,0.980,1000,0.506,0.480,0.987,0.157,0.127,1.271
1778497205287926109,1778497205285551007,0.331,1000,1.410,0.303,1.713,0.172,0.153,2.038
1778497205317896778,1778497205315519180,0.283,1000,1.169,0.772,1.940,0.024,0.123,2.088
1778497205338041431,1778497205335559063,0.494,1000,1.307,0.354,1.661,0.166,0.154,1.981
1778497205367629723,1778497205365552005,0.927,1000,0.517,0.288,0.805,0.320,0.020,1.145
1778497205387743879,1778497205385547662,0.648,1000,0.592,0.370,0.962,0.534,0.047,1.543
1778497205418111327,1778497205415549212,0.238,1000,1.640,0.334,1.974,0.186,0.157,2.317
1778497205437682462,1778497205435557478,0.444,1000,1.093,0.294,1.387,0.103,0.184,1.674
1778497205467929874,1778497205465583957,0.475,1000,1.051,0.425,1.476,0.202,0.187,1.865
1778497205487567442,1778497205485554046,0.313,1000,1.368,0.111,1.478,0.027,0.189,1.694
1778497205517733989,1778497205515552044,0.689,1000,0.676,0.500,1.176,0.192,0.119,1.487
1778497205537811984,1778497205535561430,1.989,1000,0.042,0.107,0.149,0.010,0.095,0.254
1778497205569336263,1778497205565556548,0.821,1000,0.601,0.325,0.926,0.167,1.858,2.951
1778497205591427303,1778497205585545005,0.251,1000,1.056,0.493,1.549,3.909,0.166,5.623
1778497205617705428,1778497205615555004,0.248,1000,1.084,0.431,1.515,0.106,0.275,1.896
1778497205637989541,1778497205635505156,0.956,1000,0.572,0.538,1.110,0.255,0.156,1.521
1778497205667959154,1778497205665559252,0.712,1000,0.975,0.349,1.324,0.224,0.134,1.682
1778497205687593490,1778497205685560765,0.274,1000,1.118,0.382,1.500,0.014,0.238,1.752
1778497205717683939,1778497205715553227,0.409,1000,1.060,0.188,1.249,0.223,0.243,1.715
1778497205737805968,1778497205735557141,0.246,1000,1.263,0.409,1.672,0.086,0.239,1.997
1778497205767746524,1778497205765543971,0.238,1000,1.309,0.266,1.575,0.187,0.196,1.958
1778497205788067342,1778497205785534668,0.245,1000,1.336,0.538,1.874,0.162,0.245,2.281
1778497205818353572,1778497205815532122,0.237,1000,1.967,0.233,2.200,0.163,0.215,2.578
1778497205837610426,1778497205835554372,0.667,1000,0.769,0.190,0.959,0.186,0.238,1.382
1778497205867556519,1778497205865559347,0.253,1000,1.457,0.112,1.570,0.009,0.158,1.737
1778497205887691732,1778497205885535004,0.502,1000,0.769,0.505,1.274,0.150,0.224,1.648
1778497205917793669,1778497205915515881,0.368,1000,1.055,0.563,1.618,0.099,0.186,1.903
1778497205937730381,1778497205935559732,0.254,1000,1.140,0.449,1.589,0.070,0.251,1.910
1778497205968305162,1778497205965530786,0.890,1000,0.712,0.752,1.464,0.258,0.157,1.878
1778497205987677667,1778497205985538987,0.283,1000,1.488,0.017,1.505,0.089,0.255,1.849
1778497206017766036,1778497206015558042,0.278,1000,1.622,0.117,1.739,0.012,0.173,1.924
1778497206037608217,1778497206035555588,0.268,1000,1.218,0.256,1.474,0.054,0.251,1.778
1778497206067600391,1778497206065558770,0.661,1000,0.838,0.367,1.205,0.020,0.150,1.375
1778497206087604497,1778497206085557723,0.310,1000,0.992,0.487,1.479,0.108,0.143,1.730
1778497206117816197,1778497206115560330,0.539,1000,1.026,0.352,1.378,0.166,0.165,1.709
1778497206147681263,1778497206145543800,0.275,1000,1.324,0.182,1.506,0.177,0.174,1.857
1778497206168878776,1778497206165549281,2.310,1000,0.100,0.013,0.113,0.527,0.372,1.011
1778497206197730472,1778497206195551631,0.494,1000,1.228,0.115,1.343,0.181,0.154,1.678
1778497206218188990,1778497206215506040,0.520,1000,1.934,0.047,1.981,0.167,0.011,2.158
1778497206247578556,1778497206245545319,0.830,1000,0.741,0.180,0.921,0.032,0.244,1.197
1778497206267560805,1778497206265512560,1.823,1000,0.045,0.149,0.194,0.015,0.012,0.220
1778497206298086081,1778497206295553375,0.414,1000,0.830,1.053,1.883,0.023,0.207,2.112
1778497206317700129,1778497206315698252,1.445,1000,0.036,0.232,0.268,0.081,0.201,0.550
1778497206347865715,1778497206345541719,0.661,1000,0.743,0.281,1.024,0.385,0.247,1.656
1778497206367458738,1778497206365557760,0.736,1000,0.624,0.357,0.982,0.013,0.164,1.158
1778497206397625669,1778497206395546478,0.821,1000,0.657,0.109,0.766,0.217,0.269,1.251
1778497206417857876,1778497206415552376,0.289,1000,1.079,0.626,1.704,0.120,0.185,2.010
1778497206447917796,1778497206445565159,0.482,1000,0.999,0.214,1.213,0.483,0.168,1.864
1778497206468290327,1778497206465544144,0.273,1000,1.235,0.267,1.502,0.550,0.414,2.466
1778497206497930108,1778497206495547326,0.296,1000,1.024,0.409,1.434,0.471,0.176,2.080
1778497206518083818,1778497206515524263,0.268,1000,1.263,0.504,1.767,0.339,0.178,2.285
1778497206547867026,1778497206545557654,0.236,1000,1.089,0.521,1.609,0.366,0.092,2.067
1778497206567488178,1778497206565555967,0.306,1000,1.047,0.246,1.293,0.252,0.076,1.620
1778497206597894731,1778497206595551054,0.259,1000,1.501,0.175,1.676,0.218,0.184,2.078
1778497206617884212,1778497206615545175,0.226,1000,1.431,0.305,1.736,0.352,0.020,2.108
1778497206647750399,1778497206645556965,0.260,1000,1.208,0.399,1.607,0.172,0.148,1.927
1778497206667708807,1778497206665569519,0.472,1000,0.975,0.196,1.172,0.205,0.284,1.661
1778497206698119360,1778497206695610911,0.294,1000,1.582,0.295,1.878,0.151,0.180,2.209
1778497206717709951,1778497206715557479,0.482,1000,0.805,0.375,1.180,0.179,0.306,1.665
1778497206748023893,1778497206745550805,0.681,1000,0.666,0.337,1.003,0.732,0.052,1.788
1778497206767863611,1778497206765572063,0.781,1000,0.680,0.305,0.985,0.252,0.266,1.504
1778497206798170577,1778497206795553357,0.272,1000,1.321,0.491,1.812,0.507,0.021,2.340
1778497206817800753,1778497206815553718,0.749,1000,1.036,0.020,1.056,0.126,0.309,1.491
1778497206847992868,1778497206845547524,1.272,1000,0.488,0.239,0.727,0.211,0.229,1.167
1778497206867658117,1778497206865554670,0.454,1000,0.925,0.320,1.245,0.229,0.169,1.643
1778497206887776625,1778497206885557912,0.324,1000,1.272,0.205,1.477,0.177,0.234,1.887
1778497206918003398,1778497206915558086,0.310,1000,1.531,0.566,2.097,0.021,0.013,2.131
1778497206937751561,1778497206935550479,0.318,1000,1.165,0.342,1.506,0.354,0.018,1.878
1778497206968639982,1778497206965551613,0.271,1000,1.095,0.310,1.405,1.385,0.022,2.812
1778497206987552923,1778497206985529190,0.894,1000,0.468,0.303,0.771,0.221,0.132,1.124
1778497207017927635,1778497207015564885,0.595,1000,0.798,0.441,1.239,0.243,0.279,1.761
1778497207047741692,1778497207045529763,1.832,1000,0.122,0.008,0.131,0.063,0.180,0.374
1778497207067653252,1778497207065558861,0.365,1000,1.009,0.283,1.292,0.140,0.291,1.722
1778497207097832631,1778497207095514906,0.684,1000,0.787,0.542,1.329,0.210,0.089,1.628
1778497207117669820,1778497207115514212,0.604,1000,0.744,0.429,1.173,0.143,0.229,1.545
1778497207147969202,1778497207145533330,0.229,1000,1.407,0.448,1.856,0.258,0.087,2.200
1778497207167693364,1778497207165535996,0.245,1000,1.069,0.569,1.639,0.207,0.061,1.906
1778497207197784197,1778497207195538730,0.255,1000,1.183,0.425,1.609,0.140,0.234,1.983
1778497207217789230,1778497207215557012,0.276,1000,1.362,0.202,1.564,0.150,0.236,1.950
1778497207247730715,1778497207245539746,0.287,1000,1.107,0.406,1.513,0.207,0.177,1.897
1778497207267983915,1778497207265509547,2.100,1000,0.054,0.040,0.094,0.254,0.021,0.369
1778497207297739379,1778497207295545914,0.572,1000,1.289,0.040,1.329,0.027,0.259,1.615
1778497207315261116,1778497207313060259,0.250,1000,1.023,0.364,1.386,0.530,0.028,1.944
1778497207347725130,1778497207345528433,0.668,1000,0.728,0.345,1.073,0.133,0.316,1.522
1778497207367842231,1778497207365600541,0.233,1000,1.238,0.253,1.491,0.498,0.015,2.004
1778497207391708741,1778497207389608527,0.286,1000,1.124,0.244,1.369,0.258,0.182,1.808
1778497207418078677,1778497207415532434,0.609,1000,1.184,0.376,1.560,0.205,0.166,1.931
1778497207447653752,1778497207445545505,0.235,1000,1.294,0.246,1.539,0.218,0.109,1.866
1778497207470859317,1778497207465546923,3.390,1000,1.272,0.173,1.445,0.253,0.217,1.915
1778497207497640847,1778497207495528312,0.757,1000,0.697,0.293,0.990,0.135,0.224,1.349
1778497207517590776,1778497207515501953,0.365,1000,1.127,0.159,1.286,0.174,0.258,1.717
1778497207547852205,1778497207545660083,0.363,1000,1.052,0.227,1.279,0.159,0.385,1.822
1778497207567599088,1778497207565546298,0.222,1000,1.043,0.520,1.563,0.063,0.198,1.824
1778497207598037033,1778497207595643819,0.255,1000,1.349,0.380,1.729,0.155,0.247,2.131
1778497207617761195,1778497207615652181,0.576,1000,0.720,0.357,1.077,0.210,0.239,1.526
1778497207647613462,1778497207645549728,0.260,1000,1.046,0.348,1.394,0.177,0.226,1.797
1778497207667421402,1778497207665553258,0.318,1000,1.414,0.111,1.525,0.009,0.011,1.545
1778497207697641038,1778497207695541528,0.272,1000,1.186,0.271,1.456,0.206,0.159,1.821
1778497207717405202,1778497207715516576,0.256,1000,1.062,0.440,1.502,0.053,0.071,1.627
1778497207747670759,1778497207745543087,0.503,1000,0.849,0.219,1.068,0.341,0.209,1.619
1778497207767632239,1778497207765550009,0.491,1000,1.436,0.122,1.558,0.015,0.013,1.586
1778497207797575964,1778497207795510310,0.297,1000,1.062,0.448,1.510,0.022,0.231,1.762
1778497207817533540,1778497207815550001,0.259,1000,1.438,0.064,1.501,0.068,0.149,1.719
1778497207847549139,1778497207845553247,0.389,1000,1.172,0.078,1.250,0.201,0.150,1.601
1778497207867532604,1778497207865529096,0.262,1000,1.422,0.120,1.542,0.011,0.182,1.736
1778497207917769882,1778497207915505471,0.227,1000,1.204,0.474,1.678,0.093,0.260,2.031
1778497207997561083,1778497207995555558,0.271,1000,1.170,0.254,1.424,0.106,0.199,1.729
1778497208017700744,1778497208015527663,0.269,1000,1.126,0.389,1.516,0.237,0.145,1.898
1778497208047346509,1778497208044510499,0.279,1000,1.162,0.451,1.614,0.254,0.682,2.550
1778497208067806498,1778497208065535495,0.392,1000,1.616,0.112,1.729,0.010,0.134,1.872
1778497208097805712,1778497208095537141,1.438,1000,0.320,0.073,0.393,0.286,0.145,0.825
1778497208117502930,1778497208115530527,0.251,1000,1.171,0.296,1.468,0.204,0.045,1.716
1778497208148390871,1778497208145544877,0.298,1000,1.673,0.493,2.166,0.346,0.031,2.542
1778497208167736656,1778497208165536246,0.649,1000,0.663,0.433,1.095,0.249,0.200,1.545
1778497208197837537,1778497208195508420,0.902,1000,0.794,0.267,1.061,0.041,0.317,1.420
1778497208217594468,1778497208215549838,0.703,1000,0.926,0.044,0.970,0.078,0.287,1.335
1778497208247560433,1778497208245545213,0.252,1000,1.250,0.210,1.459,0.208,0.089,1.757
1778497208268045479,1778497208265545766,0.254,1000,1.577,0.297,1.874,0.219,0.145,2.238
1778497208297864785,1778497208295561109,0.328,1000,1.128,0.497,1.625,0.153,0.190,1.968
1778497208317745335,1778497208315559838,0.707,1000,0.847,0.161,1.009,0.281,0.182,1.471
1778497208348329685,1778497208345556364,0.279,1000,1.792,0.330,2.122,0.147,0.218,2.487
1778497208367669261,1778497208365514421,0.228,1000,1.310,0.258,1.567,0.140,0.212,1.920
1778497208398413838,1778497208395556516,0.415,1000,1.678,0.222,1.900,0.457,0.079,2.436
1778497208417693861,1778497208415559565,0.335,1000,1.264,0.229,1.493,0.289,0.012,1.794
1778497208447797302,1778497208445527099,0.253,1000,1.354,0.325,1.679,0.169,0.163,2.011
1778497208467770303,1778497208465541733,0.239,1000,1.104,0.437,1.541,0.190,0.251,1.982
1778497208497812046,1778497208495511506,0.243,1000,1.112,0.528,1.640,0.255,0.156,2.051
1778497208520526366,1778497208515538172,0.272,1000,2.100,0.401,2.501,0.296,1.912,4.709
1778497208547478909,1778497208545504394,1.049,1000,0.461,0.109,0.569,0.257,0.093,0.919
1778497208567651851,1778497208565539604,0.762,1000,0.505,0.493,0.998,0.200,0.146,1.344
1778497208597532886,1778497208595550179,0.255,1000,1.125,0.255,1.380,0.177,0.163,1.721
1778497208618133775,1778497208615549388,1.597,1000,0.040,0.545,0.585,0.255,0.140,0.980
1778497208647295976,1778497208645546138,0.257,1000,1.168,0.114,1.282,0.163,0.043,1.488
1778497208667570584,1778497208665572612,0.267,1000,1.117,0.225,1.342,0.242,0.141,1.724
1778497208697665801,1778497208695550162,0.339,1000,1.168,0.351,1.519,0.101,0.151,1.771
1778497208717825207,1778497208715517019,0.406,1000,0.962,0.681,1.643,0.028,0.224,1.895
1778497208747513341,1778497208745548170,0.249,1000,1.073,0.397,1.470,0.062,0.178,1.710
1778497208767680299,1778497208765545811,0.241,1000,1.004,0.460,1.463,0.404,0.020,1.888
1778497208797580662,1778497208795540001,0.236,1000,1.260,0.052,1.312,0.261,0.126,1.700
1778497208817688323,1778497208815543915,0.302,1000,1.118,0.414,1.532,0.155,0.150,1.836
1778497208847577838,1778497208845530360,0.261,1000,1.139,0.204,1.343,0.259,0.178,1.780
1778497208867521718,1778497208865553411,0.420,1000,0.945,0.218,1.162,0.363,0.018,1.543
1778497208897923631,1778497208895555345,0.276,1000,1.210,0.456,1.667,0.275,0.144,2.085
1778497208917852822,1778497208915553850,0.277,1000,1.102,0.642,1.744,0.150,0.122,2.015
1778497208947849252,1778497208945555753,0.353,1000,0.998,0.366,1.363,0.404,0.167,1.934
1778497208967670377,1778497208965587635,0.272,1000,1.283,0.151,1.435,0.158,0.211,1.805
1778497208997742841,1778497208995537120,0.277,1000,1.252,0.372,1.624,0.088,0.210,1.922
1778497209017790404,1778497209015551594,0.273,1000,1.260,0.447,1.707,0.020,0.233,1.960
1778497209047912501,1778497209045541144,0.314,1000,1.234,0.485,1.719,0.077,0.255,2.051
1778497209068056099,1778497209065628675,0.287,1000,1.251,0.545,1.796,0.044,0.294,2.134
1778497209097813578,1778497209095532015,0.750,1000,0.912,0.410,1.322,0.046,0.156,1.524
1778497209117684401,1778497209115549945,0.711,1000,0.828,0.134,0.962,0.380,0.075,1.417
1778497209151043254,1778497209145544007,0.381,1000,4.401,0.048,4.449,0.220,0.442,5.111
1778497209167563397,1778497209165501423,0.413,1000,1.086,0.252,1.338,0.154,0.151,1.643
1778497209197776185,1778497209195534206,0.796,1000,0.886,0.357,1.243,0.044,0.152,1.439
1778497209217632415,1778497209215550376,0.372,1000,1.106,0.278,1.384,0.077,0.241,1.702
1778497209247822738,1778497209245519542,0.290,1000,1.391,0.163,1.553,0.162,0.291,2.007
1778497209267837916,1778497209265560448,0.267,1000,1.317,0.384,1.701,0.136,0.167,2.004
1778497209297893067,1778497209295533806,0.288,1000,1.417,0.340,1.756,0.123,0.186,2.065
1778497209317850420,1778497209315552152,0.242,1000,1.304,0.346,1.650,0.184,0.216,2.050
1778497209347770912,1778497209345524997,0.270,1000,1.260,0.371,1.630,0.194,0.145,1.969
1778497209367574244,1778497209365540271,0.719,1000,0.711,0.255,0.966,0.148,0.194,1.308
1778497209397806712,1778497209395540445,0.270,1000,1.345,0.270,1.615,0.089,0.286,1.990
1778497209417705823,1778497209415540935,0.236,1000,1.229,0.301,1.530,0.247,0.145,1.922
1778497209447701293,1778497209445561333,0.286,1000,1.122,0.401,1.523,0.158,0.167,1.848
1778497209467771832,1778497209465547646,0.703,1000,0.665,0.461,1.126,0.158,0.231,1.514
1778497209497810280,1778497209495539564,0.256,1000,1.170,0.524,1.694,0.210,0.105,2.009
1778497209518312350,1778497209515546774,0.242,1000,1.053,0.993,2.046,0.451,0.021,2.518
1778497209547554201,1778497209545549348,0.260,1000,1.010,0.662,1.672,0.026,0.041,1.740
1778497209567727847,1778497209565539662,0.752,1000,0.551,0.502,1.053,0.138,0.239,1.430
1778497209598008796,1778497209595569341,0.574,1000,1.201,0.326,1.527,0.203,0.129,1.859
1778497209618016134,1778497209615547813,0.249,1000,1.644,0.189,1.832,0.227,0.154,2.213
1778497209647612009,1778497209645535379,0.341,1000,1.019,0.422,1.442,0.122,0.165,1.729
1778497209667447375,1778497209665519612,0.255,1000,1.237,0.174,1.411,0.180,0.076,1.667
1778497209697499134,1778497209695556300,0.662,1000,0.911,0.039,0.950,0.175,0.150,1.274
1778497209717774255,1778497209715549397,0.299,1000,1.129,0.229,1.358,0.441,0.121,1.920
1778497209747766365,1778497209745555971,0.617,1000,0.758,0.246,1.003,0.445,0.138,1.587
1778497209768096111,1778497209765548684,0.255,1000,1.135,0.209,1.344,0.762,0.179,2.285
1778497209797850775,1778497209795553723,0.257,1000,1.309,0.371,1.681,0.141,0.212,2.035
1778497209817780414,1778497209815533764,0.298,1000,1.105,0.426,1.531,0.164,0.248,1.943
1778497209847652105,1778497209845557075,0.261,1000,1.079,0.394,1.473,0.042,0.313,1.828
1778497209867559568,1778497209865557852,0.322,1000,1.183,0.148,1.332,0.165,0.176,1.673
1778497209897573695,1778497209895525961,0.317,1000,1.075,0.357,1.432,0.179,0.113,1.723
1778497209917526599,1778497209915526771,0.292,1000,1.119,0.307,1.426,0.200,0.076,1.701
1778497209942125544,1778497209939797836,0.696,1000,0.848,0.306,1.153,0.224,0.247,1.625
1778497209968497112,1778497209965546795,0.438,1000,0.905,0.385,1.289,0.059,1.156,2.504
1778497209997628880,1778497209995530873,0.296,1000,1.059,0.324,1.383,0.268,0.145,1.796
1778497210018073989,1778497210015547619,0.343,1000,1.383,0.053,1.436,0.614,0.127,2.178
1778497210047734442,1778497210045541425,0.234,1000,1.198,0.269,1.467,0.425,0.060,1.953
1778497210067674450,1778497210065528250,0.446,1000,0.999,0.364,1.363,0.119,0.211,1.693
1778497210097955367,1778497210095538600,0.405,1000,1.151,0.311,1.462,0.398,0.145,2.005
1778497210117552230,1778497210115523121,0.267,1000,1.101,0.290,1.391,0.137,0.229,1.756
1778497210147764602,1778497210145547776,0.285,1000,1.047,0.334,1.380,0.164,0.380,1.925
1778497210167627808,1778497210165529705,0.585,1000,0.862,0.311,1.172,0.209,0.125,1.507
1778497210197711632,1778497210195557720,0.315,1000,1.292,0.225,1.517,0.103,0.212,1.832
1778497210217891550,1778497210215542945,0.245,1000,1.172,0.594,1.766,0.138,0.192,2.096
1778497210247738409,1778497210245518639,0.279,1000,1.121,0.657,1.778,0.022,0.134,1.934
1778497210268113116,1778497210265535353,0.487,1000,0.995,0.468,1.463,0.370,0.251,2.085
1778497210298153995,1778497210295498598,0.486,1000,0.783,0.359,1.143,0.679,0.342,2.163
1778497210318035601,1778497210315525840,0.616,1000,0.872,0.540,1.412,0.253,0.223,1.887
1778497210347540755,1778497210345554879,0.270,1000,1.093,0.288,1.382,0.203,0.124,1.708
1778497210367809443,1778497210365537096,0.265,1000,1.211,0.338,1.550,0.196,0.255,2.001
1778497210391614032,1778497210389433175,0.301,1000,1.020,0.508,1.528,0.205,0.141,1.874
1778497210447635652,1778497210445549966,0.740,1000,1.203,0.117,1.319,0.010,0.011,1.341
1778497210477601970,1778497210475541564,0.252,1000,1.122,0.326,1.448,0.241,0.113,1.802
1778497210498093352,1778497210495550406,0.250,1000,1.100,0.764,1.864,0.199,0.223,2.287
1778497210527614890,1778497210525543476,0.266,1000,1.164,0.295,1.459,0.138,0.202,1.799
1778497210548136833,1778497210545553661,0.250,1000,1.161,0.785,1.946,0.361,0.021,2.328
1778497210579019238,1778497210575548139,0.278,1000,1.100,0.461,1.561,1.399,0.227,3.187
1778497210597765583,1778497210595557685,0.279,1000,1.295,0.117,1.411,0.272,0.239,1.922
1778497210627642874,1778497210625551363,0.780,1000,0.796,0.209,1.005,0.145,0.155,1.305
1778497210647510560,1778497210645522508,0.316,1000,1.176,0.262,1.438,0.187,0.041,1.666
1778497210677598064,1778497210675529178,0.872,1000,0.720,0.201,0.921,0.184,0.084,1.190
1778497210697580633,1778497210695542436,0.340,1000,1.150,0.308,1.458,0.193,0.042,1.692
1778497210727623816,1778497210725535186,0.248,1000,1.138,0.532,1.670,0.014,0.150,1.834
1778497210748026108,1778497210745522747,0.333,1000,1.492,0.403,1.895,0.150,0.119,2.164
1778497210777487773,1778497210775550314,0.262,1000,1.224,0.061,1.285,0.273,0.112,1.669
1778497210797661802,1778497210795544691,0.294,1000,1.086,0.470,1.556,0.067,0.194,1.817
1778497210827468372,1778497210825539873,0.843,1000,0.519,0.218,0.738,0.201,0.141,1.079
1778497210847617313,1778497210845523722,0.268,1000,1.083,0.396,1.479,0.161,0.179,1.820
1778497210877602319,1778497210875556505,0.874,1000,0.744,0.054,0.798,0.145,0.221,1.165
1778497210897730908,1778497210895532898,0.810,1000,0.867,0.197,1.064,0.247,0.071,1.382
1778497210927710633,1778497210925516432,0.419,1000,1.076,0.426,1.502,0.055,0.211,1.768
1778497210947683122,1778497210945550682,0.282,1000,1.362,0.143,1.506,0.208,0.131,1.845
1778497210971386588,1778497210968473040,0.252,1000,1.802,0.448,2.250,0.160,0.244,2.654
1778497210997889775,1778497210995555986,0.723,1000,0.827,0.462,1.289,0.127,0.187,1.603
1778497211027795835,1778497211025538112,0.793,1000,1.020,0.122,1.143,0.010,0.306,1.458
1778497211077509163,1778497211075542040,0.261,1000,1.254,0.215,1.468,0.041,0.190,1.699
1778497211097815836,1778497211095545985,1.067,1000,0.796,0.082,0.878,0.212,0.106,1.196
1778497211127798314,1778497211125550927,0.262,1000,1.694,0.046,1.740,0.037,0.203,1.979
1778497211147507820,1778497211145547129,1.132,1000,0.144,0.469,0.613,0.022,0.187,0.822
1778497211177615389,1778497211175531814,0.743,1000,0.791,0.278,1.068,0.038,0.227,1.333
1778497211197547556,1778497211195539248,0.801,1000,0.562,0.318,0.880,0.165,0.156,1.201
1778497211227630165,1778497211225525054,0.678,1000,0.910,0.238,1.147,0.204,0.070,1.421
1778497211247595965,1778497211245548936,0.248,1000,1.207,0.374,1.581,0.057,0.155,1.792
1778497211277842450,1778497211275558070,0.257,1000,1.083,0.411,1.494,0.206,0.320,2.020
1778497211298328968,1778497211295546271,0.337,1000,1.561,0.484,2.044,0.165,0.230,2.439
1778497211327547874,1778497211325554926,0.253,1000,0.989,0.370,1.360,0.214,0.160,1.734
1778497211378152745,1778497211375548741,0.524,1000,1.341,0.359,1.700,0.224,0.150,2.074
1778497211397661926,1778497211395546735,0.266,1000,1.069,0.450,1.518,0.137,0.187,1.842
1778497211427590610,1778497211425504348,0.252,1000,1.067,0.495,1.562,0.114,0.152,1.828
1778497211447883683,1778497211445544486,0.856,1000,0.810,0.342,1.153,0.152,0.173,1.477
1778497211477658251,1778497211475495219,0.780,1000,0.533,0.740,1.273,0.013,0.090,1.376
1778497211498065856,1778497211495522941,0.264,1000,1.451,0.519,1.970,0.284,0.019,2.273
1778497211527540896,1778497211525543468,0.278,1000,1.094,0.238,1.332,0.362,0.020,1.714
1778497211547926676,1778497211545497716,0.344,1000,1.081,0.600,1.681,0.212,0.186,2.078
1778497211577791678,1778497211575551556,0.830,1000,0.743,0.194,0.937,0.214,0.252,1.403
1778497211597625667,1778497211595496652,0.368,1000,0.992,0.474,1.466,0.013,0.275,1.754
1778497211627520975,1778497211625559836,0.332,1000,0.948,0.382,1.330,0.113,0.179,1.623
1778497211647699613,1778497211645537924,0.275,1000,1.545,0.047,1.592,0.074,0.215,1.880
1778497211680050504,1778497211675548115,1.616,1000,0.038,2.703,2.742,0.125,0.015,2.881
1778497211697593842,1778497211695563549,0.629,1000,0.883,0.187,1.070,0.174,0.152,1.395
1778497211747732813,1778497211745555604,0.326,1000,0.967,0.503,1.470,0.147,0.227,1.844
1778497211777960993,1778497211775549794,0.382,1000,1.674,0.046,1.720,0.142,0.161,2.023
1778497211797676067,1778497211795539499,0.314,1000,1.331,0.068,1.399,0.221,0.196,1.816
1778497211827712434,1778497211825523929,0.332,1000,1.108,0.306,1.415,0.228,0.208,1.850
1778497211847743100,1778497211845550595,0.437,1000,1.046,0.613,1.659,0.082,0.010,1.751
1778497211877613415,1778497211875547729,0.238,1000,1.199,0.286,1.485,0.188,0.148,1.821
1778497211897925081,1778497211895545307,0.249,1000,1.469,0.304,1.773,0.287,0.066,2.125
1778497211927488539,1778497211925551593,0.285,1000,1.415,0.056,1.471,0.051,0.123,1.645
1778497211947632009,1778497211945550162,0.279,1000,1.194,0.349,1.543,0.014,0.241,1.797
1778497211977974400,1778497211975556641,0.240,1000,1.244,0.265,1.509,0.444,0.218,2.171
1778497211997508541,1778497211995545418,0.652,1000,0.697,0.309,1.006,0.182,0.119,1.306
1778497212027658927,1778497212025532088,0.293,1000,1.044,0.447,1.491,0.230,0.106,1.828
1778497212047508789,1778497212045571394,0.298,1000,0.987,0.564,1.551,0.021,0.063,1.635
1778497212077812875,1778497212075569872,0.254,1000,1.218,0.589,1.806,0.022,0.154,1.982
1778497212097863189,1778497212095548857,0.373,1000,1.208,0.434,1.642,0.215,0.078,1.935
1778497212127568700,1778497212125545287,0.325,1000,1.142,0.184,1.326,0.263,0.103,1.693
1778497212148034193,1778497212145548593,0.245,1000,1.353,0.077,1.430,0.707,0.099,2.235
1778497212177621365,1778497212175563455,0.246,1000,1.103,0.493,1.596,0.068,0.141,1.805
1778497212198459508,1778497212195508391,0.282,1000,1.368,0.548,1.915,0.550,0.198,2.663
1778497212227809329,1778497212225546582,0.246,1000,1.240,0.386,1.626,0.315,0.069,2.011
1778497212248052161,1778497212245525503,0.467,1000,0.845,0.268,1.112,0.828,0.112,2.053
1778497212278201011,1778497212275491180,0.269,1000,1.195,0.713,1.908,0.253,0.274,2.435
1778497212298236381,1778497212295526839,0.730,1000,0.971,0.615,1.586,0.256,0.130,1.972
1778497212348265430,1778497212345543311,0.259,1000,0.958,0.447,1.406,0.906,0.145,2.457
1778497212377835993,1778497212375587422,0.299,1000,1.113,0.460,1.573,0.249,0.121,1.943
1778497212397607004,1778497212395548582,0.298,1000,1.129,0.264,1.393,0.222,0.138,1.754
1778497212427505896,1778497212425526100,0.297,1000,1.052,0.251,1.303,0.260,0.113,1.676
1778497212447780216,1778497212445519997,0.272,1000,1.064,0.460,1.524,0.251,0.206,1.982
1778497212477913770,1778497212475528876,0.272,1000,1.149,0.566,1.714,0.224,0.167,2.106
1778497212497718702,1778497212495578454,0.249,1000,1.133,0.480,1.614,0.181,0.090,1.884
1778497212527600281,1778497212525550020,0.496,1000,0.898,0.300,1.198,0.306,0.046,1.550
1778497212557599175,1778497212555554194,0.623,1000,0.806,0.170,0.976,0.259,0.179,1.415
1778497212578978389,1778497212575546843,0.337,1000,1.130,0.436,1.566,1.296,0.224,3.087
1778497212608106828,1778497212605580458,0.264,1000,1.102,0.402,1.504,0.543,0.209,2.255
1778497212708815438,1778497212705548537,0.634,1000,0.845,0.761,1.606,0.780,0.240,2.626
1778497212728026883,1778497212725537730,0.252,1000,1.309,0.598,1.906,0.154,0.170,2.231
1778497212757581925,1778497212755549840,0.300,1000,1.288,0.013,1.300,0.234,0.191,1.725
1778497212777685905,1778497212775566554,0.421,1000,0.953,0.343,1.296,0.204,0.192,1.692
1778497212797645402,1778497212795537603,0.382,1000,1.122,0.039,1.161,0.346,0.212,1.719
1778497212847773237,1778497212845541466,0.270,1000,1.138,0.463,1.602,0.267,0.087,1.956
1778497212878741948,1778497212875509352,0.507,1000,0.810,1.078,1.888,0.737,0.095,2.720
1778497212898081108,1778497212895533330,0.233,1000,1.045,0.589,1.634,0.503,0.172,2.308
1778497212927677208,1778497212925546944,0.772,1000,1.026,0.009,1.036,0.113,0.203,1.351
1778497213027810922,1778497213025548143,0.269,1000,1.000,0.724,1.723,0.101,0.163,1.988
1778497213047912598,1778497213045613979,0.285,1000,1.447,0.299,1.747,0.039,0.221,2.007
1778497213077688511,1778497213075559431,0.289,1000,1.193,0.324,1.517,0.139,0.179,1.835
1778497213098378074,1778497213095541072,0.388,1000,0.972,1.137,2.109,0.148,0.186,2.443
1778497213128118049,1778497213125505629,0.410,1000,0.972,0.837,1.810,0.198,0.188,2.195
1778497213147792706,1778497213145547048,0.554,1000,0.918,0.514,1.432,0.067,0.186,1.685
1778497213177859026,1778497213175513045,0.665,1000,1.086,0.258,1.345,0.170,0.159,1.674
1778497213197866332,1778497213195518367,0.327,1000,1.128,0.516,1.644,0.166,0.205,2.015
1778497213227806728,1778497213225546829,0.281,1000,1.343,0.222,1.566,0.388,0.020,1.974
1778497213247889588,1778497213245544663,0.346,1000,1.853,0.120,1.973,0.010,0.011,1.994
1778497213277103342,1778497213274860979,1.374,1000,0.038,0.201,0.239,0.570,0.054,0.863
1778497213327980252,1778497213325525244,0.371,1000,0.899,0.510,1.409,0.518,0.152,2.079
1778497213378120119,1778497213375538836,0.937,1000,1.180,0.181,1.361,0.256,0.020,1.638
1778497213397692725,1778497213395523197,0.245,1000,1.339,0.235,1.574,0.163,0.182,1.919
1778497213427723428,1778497213425541291,0.604,1000,0.684,0.564,1.249,0.303,0.021,1.572
1778497213447951092,1778497213445522868,0.250,1000,1.506,0.442,1.948,0.162,0.063,2.172
1778497213477794014,1778497213475528611,0.251,1000,1.265,0.333,1.598,0.218,0.192,2.008
1778497213498037454,1778497213495524364,0.259,1000,1.162,0.464,1.626,0.380,0.242,2.248
1778497213527783125,1778497213525536794,0.252,1000,1.045,0.574,1.618,0.174,0.195,1.988
1778497213547856704,1778497213545543076,0.248,1000,1.083,0.357,1.440,0.280,0.339,2.059
1778497213578832008,1778497213575547602,0.266,1000,1.384,0.246,1.630,0.166,1.214,3.010
1778497213608008449,1778497213605537440,0.246,1000,1.168,0.455,1.623,0.282,0.313,2.218
1778497213657684688,1778497213655514839,0.249,1000,1.038,0.594,1.632,0.089,0.194,1.915
1778497213707699784,1778497213705568880,0.247,1000,1.039,0.486,1.525,0.160,0.192,1.877
1778497213727958136,1778497213725528120,0.253,1000,1.031,0.747,1.778,0.110,0.283,2.171
1778497213757778753,1778497213755521894,0.247,1000,1.190,0.450,1.639,0.141,0.223,2.003
1778497213777830028,1778497213775556945,0.310,1000,1.209,0.304,1.513,0.242,0.202,1.957
1778497213828037001,1778497213825549864,0.288,1000,1.123,0.665,1.788,0.175,0.229,2.192
1778497213857623596,1778497213855550550,0.308,1000,1.209,0.227,1.435,0.200,0.123,1.758
1778497213877766233,1778497213875556896,0.355,1000,1.090,0.361,1.450,0.181,0.217,1.848
1778497213907787816,1778497213905520109,0.296,1000,1.230,0.353,1.583,0.170,0.212,1.965
1778497213927782481,1778497213925543767,0.275,1000,0.986,0.637,1.623,0.260,0.074,1.957
1778497213957773471,1778497213955572934,0.371,1000,0.951,0.548,1.499,0.172,0.151,1.822
1778497213977948557,1778497213975511822,0.261,1000,1.199,0.552,1.752,0.244,0.174,2.169
1778497214007622163,1778497214005556605,0.274,1000,0.994,0.361,1.355,0.262,0.168,1.785
1778497214027714015,1778497214025540678,0.239,1000,1.189,0.261,1.450,0.271,0.207,1.928
1778497214048919815,1778497214046204033,0.221,1000,1.754,0.218,1.972,0.331,0.185,2.488
1778497214077862842,1778497214075543197,0.240,1000,1.425,0.222,1.647,0.273,0.152,2.072
1778497214107633154,1778497214105546988,0.630,1000,0.739,0.355,1.094,0.189,0.166,1.450
1778497214127574410,1778497214125539893,0.224,1000,1.191,0.226,1.417,0.259,0.129,1.804
1778497214158107942,1778497214155546179,0.278,1000,1.559,0.279,1.838,0.383,0.057,2.278
1778497214177760902,1778497214175497963,0.279,1000,1.130,0.557,1.688,0.095,0.195,1.977
1778497214207882232,1778497214205515962,0.239,1000,1.094,0.889,1.983,0.048,0.090,2.121
1778497214227798431,1778497214225533956,0.247,1000,1.324,0.307,1.630,0.233,0.148,2.011
1778497214257817517,1778497214255510545,0.256,1000,1.412,0.285,1.697,0.167,0.181,2.045
1778497214277828503,1778497214275540027,0.586,1000,0.709,0.524,1.233,0.263,0.200,1.696
1778497214307974793,1778497214305531657,0.601,1000,0.703,0.598,1.302,0.354,0.180,1.836
1778497214327696139,1778497214325491026,0.257,1000,1.151,0.379,1.530,0.254,0.158,1.942
1778497214357817628,1778497214355539553,0.272,1000,1.053,0.496,1.549,0.254,0.196,2.000
1778497214377681826,1778497214375530282,0.245,1000,1.136,0.507,1.643,0.076,0.182,1.901
1778497214407629647,1778497214405542393,0.293,1000,0.971,0.423,1.395,0.240,0.153,1.788
1778497214427789405,1778497214425540642,0.249,1000,1.096,0.566,1.662,0.164,0.168,1.994
1778497214457734057,1778497214455515567,0.463,1000,0.863,0.516,1.379,0.185,0.185,1.749
1778497214478015578,1778497214475533113,0.244,1000,1.128,0.524,1.652,0.461,0.119,2.231
1778497214507445305,1778497214505535527,0.310,1000,1.330,0.044,1.374,0.060,0.160,1.593
1778497214527668616,1778497214525532849,0.594,1000,0.944,0.340,1.284,0.196,0.056,1.536
1778497214557777369,1778497214555535295,0.238,1000,1.180,0.409,1.589,0.199,0.210,1.997
1778497214577929063,1778497214575510280,0.246,1000,1.198,0.488,1.686,0.340,0.140,2.166
1778497214608386433,1778497214605529718,0.257,1000,1.071,0.597,1.668,0.727,0.198,2.593
1778497214627966719,1778497214625560256,0.405,1000,0.876,0.667,1.542,0.374,0.079,1.995
1778497214657976590,1778497214655506381,0.237,1000,1.189,0.643,1.833,0.374,0.020,2.227
1778497214677906453,1778497214675539607,0.237,1000,1.075,0.386,1.462,0.362,0.300,2.123
1778497214707580571,1778497214705676201,0.292,1000,1.049,0.204,1.253,0.334,0.020,1.607
1778497214727614053,1778497214725553231,0.261,1000,1.226,0.486,1.712,0.022,0.061,1.795
1778497214757832473,1778497214755537981,0.358,1000,1.573,0.123,1.695,0.010,0.224,1.930
1778497214807559497,1778497214805545557,0.484,1000,1.040,0.209,1.249,0.131,0.144,1.523
1778497214827621332,1778497214825525470,0.243,1000,1.249,0.260,1.509,0.296,0.042,1.848
1778497214857829544,1778497214855556236,0.250,1000,1.213,0.389,1.603,0.229,0.185,2.017
1778497214877653261,1778497214875541429,0.435,1000,1.096,0.222,1.318,0.181,0.172,1.671
1778497214907912065,1778497214905543556,0.480,1000,0.882,0.485,1.367,0.495,0.021,1.883
1778497214927613251,1778497214925574798,0.236,1000,1.034,0.334,1.369,0.248,0.179,1.795
1778497214977808608,1778497214975540708,0.234,1000,1.094,0.583,1.677,0.151,0.199,2.027
1778497215007817134,1778497215005525810,0.247,1000,1.069,0.465,1.534,0.329,0.175,2.038
1778497215027599410,1778497215025542972,0.226,1000,1.212,0.237,1.449,0.356,0.020,1.825
1778497215057830598,1778497215055527626,0.227,1000,1.162,0.588,1.749,0.161,0.159,2.070
1778497215077737613,1778497215075540915,0.278,1000,1.316,0.083,1.399,0.446,0.068,1.913
1778497215107962145,1778497215105498272,0.250,1000,1.041,0.838,1.879,0.135,0.193,2.207
1778497215127903432,1778497215125539947,0.263,1000,1.101,0.509,1.610,0.296,0.188,2.095
1778497215158111260,1778497215155531705,0.314,1000,0.962,0.840,1.802,0.339,0.117,2.259
1778497215177921088,1778497215175553955,0.763,1000,0.680,0.375,1.055,0.214,0.328,1.597
1778497215208214614,1778497215205544625,0.860,1000,0.851,0.306,1.157,0.626,0.021,1.805
1778497215228291010,1778497215225543354,0.252,1000,1.101,0.839,1.940,0.280,0.268,2.489
1778497215308082626,1778497215305505374,0.243,1000,1.128,0.289,1.417,0.475,0.435,2.327
1778497215378062338,1778497215375549600,0.250,1000,1.097,0.797,1.894,0.136,0.226,2.255
1778497215407777417,1778497215405542094,0.260,1000,1.133,0.429,1.562,0.178,0.230,1.969
1778497215427916950,1778497215425510487,0.265,1000,1.261,0.562,1.823,0.152,0.160,2.135
1778497215457712926,1778497215455543142,0.242,1000,1.058,0.408,1.466,0.213,0.242,1.921
1778497215477757193,1778497215475506062,0.237,1000,0.978,0.688,1.666,0.062,0.280,2.008
1778497215507759447,1778497215505571550,0.230,1000,1.181,0.443,1.623,0.170,0.158,1.951
1778497215527678718,1778497215525528198,0.577,1000,0.756,0.608,1.363,0.053,0.151,1.567
1778497215558725768,1778497215555555925,0.240,1000,1.188,0.434,1.623,1.151,0.151,2.925
1778497215579068506,1778497215575523198,0.259,1000,1.486,0.397,1.883,1.086,0.311,3.279
1778497215607642627,1778497215605541484,0.682,1000,0.691,0.391,1.083,0.143,0.187,1.413
1778497215627942324,1778497215625533621,0.244,1000,1.116,0.624,1.741,0.165,0.252,2.158
1778497215677809448,1778497215675547021,0.298,1000,1.077,0.560,1.637,0.122,0.199,1.958
1778497215707859288,1778497215705568092,0.748,1000,0.618,0.432,1.050,0.321,0.166,1.537
1778497215781091917,1778497215775525116,5.370,1000,0.049,0.121,0.171,0.010,0.012,0.192
1778497215907567470,1778497215905529497,0.241,1000,1.045,0.358,1.404,0.146,0.241,1.790
1778497215958180885,1778497215955532720,0.456,1000,1.418,0.234,1.651,0.376,0.158,2.186
1778497215977829110,1778497215975524313,0.461,1000,1.069,0.207,1.276,0.412,0.149,1.837
1778497216008059466,1778497216005535720,0.230,1000,1.170,0.230,1.400,0.710,0.178,2.287
1778497216028106484,1778497216025522033,0.464,1000,1.335,0.329,1.664,0.237,0.212,2.113
1778497216058352361,1778497216055555680,0.482,1000,1.365,0.534,1.898,0.283,0.127,2.308
1778497216209701970,1778497216205547686,0.234,1000,2.610,0.593,3.203,0.522,0.189,3.914
1778497216227759081,1778497216225566864,0.263,1000,1.350,0.165,1.515,0.295,0.112,1.922
1778497216256571608,1778497216253596074,0.859,1000,1.017,0.211,1.228,0.859,0.024,2.112
1778497216282335000,1778497216275494085,0.305,1000,1.113,0.425,1.539,4.909,0.043,6.490
1778497216308034902,1778497216305528692,0.292,1000,1.473,0.105,1.578,0.417,0.213,2.208
1778497216327914428,1778497216325553950,0.526,1000,0.845,0.302,1.147,0.553,0.128,1.828
1778497216354742807,1778497216352231990,0.259,1000,1.348,0.500,1.849,0.376,0.022,2.246
1778497216377905971,1778497216375568566,0.621,1000,0.816,0.527,1.342,0.296,0.072,1.711
1778497216407946850,1778497216405571972,0.289,1000,1.354,0.234,1.588,0.282,0.209,2.079
1778497216477891330,1778497216475561093,0.263,1000,1.173,0.503,1.676,0.171,0.212,2.060
1778497216507816334,1778497216505530770,0.513,1000,0.921,0.366,1.286,0.263,0.216,1.766
1778497216578881226,1778497216575538963,0.229,1000,1.307,0.359,1.666,1.233,0.207,3.106
1778497216627911752,1778497216625530826,0.243,1000,1.135,0.488,1.623,0.267,0.241,2.131
1778497216658210366,1778497216655550937,0.244,1000,1.529,0.362,1.891,0.266,0.250,2.408
1778497216677622584,1778497216675529666,0.259,1000,1.392,0.039,1.431,0.207,0.188,1.827
1778497216728114525,1778497216725511097,0.281,1000,1.185,0.724,1.909,0.241,0.166,2.316
1778497216757723424,1778497216755564776,0.242,1000,1.108,0.430,1.538,0.215,0.157,1.910
1778497216778129268,1778497216775564594,0.225,1000,1.472,0.483,1.955,0.148,0.230,2.333
1778497216807980383,1778497216805556575,0.245,1000,1.098,0.808,1.905,0.022,0.246,2.172
1778497216838013870,1778497216835542317,0.246,1000,1.332,0.420,1.752,0.378,0.089,2.219
1778497216887678268,1778497216885554949,0.250,1000,1.081,0.342,1.423,0.210,0.234,1.867
1778497216908177555,1778497216905574383,0.262,1000,1.645,0.215,1.860,0.199,0.275,2.335
1778497216957873538,1778497216955631240,0.269,1000,1.148,0.735,1.883,0.070,0.015,1.968
1778497216987907313,1778497216985550804,0.264,1000,1.177,0.806,1.982,0.030,0.075,2.087
1778497217009404385,1778497217005594910,0.321,1000,1.456,0.328,1.784,0.316,1.380,3.480
1778497217038947044,1778497217035524170,0.234,1000,2.130,0.563,2.694,0.336,0.153,3.183
1778497217057753358,1778497217055529140,0.465,1000,0.955,0.252,1.207,0.417,0.130,1.754
1778497217088237288,1778497217085577635,0.223,1000,1.329,0.610,1.938,0.331,0.160,2.429
1778497217108153296,1778497217105540492,0.227,1000,1.122,0.822,1.944,0.246,0.189,2.379
1778497217137703410,1778497217135533433,0.345,1000,1.039,0.335,1.373,0.184,0.262,1.819
1778497217158266250,1778497217155551843,0.263,1000,1.509,0.448,1.957,0.301,0.188,2.445
1778497217187760683,1778497217185532465,0.248,1000,1.619,0.111,1.730,0.010,0.234,1.974
1778497217208310243,1778497217205501913,0.625,1000,0.749,1.031,1.780,0.052,0.344,2.177
1778497217257974481,1778497217255544978,0.265,1000,1.105,0.405,1.509,0.405,0.244,2.158
1778497217288156996,1778497217285524287,0.282,1000,1.270,0.681,1.951,0.128,0.265,2.344
1778497217387942253,1778497217385557871,0.251,1000,1.200,0.273,1.473,0.634,0.021,2.128
1778497217488173058,1778497217485552190,0.289,1000,1.119,0.775,1.894,0.131,0.300,2.325
1778497217508223725,1778497217505581608,0.226,1000,1.229,0.754,1.983,0.154,0.273,2.410
1778497217558084481,1778497217555574015,0.214,1000,1.179,0.738,1.917,0.124,0.249,2.290
1778497217591270690,1778497217585562093,0.259,1000,1.122,0.699,1.821,0.019,3.601,5.441
1778497217608052311,1778497217605544054,0.465,1000,0.965,0.895,1.861,0.020,0.156,2.037
1778497217637741533,1778497217635573317,0.269,1000,1.197,0.495,1.692,0.052,0.150,1.893
1778497217658006317,1778497217655580910,0.476,1000,1.165,0.421,1.586,0.111,0.246,1.943
1778497217688264066,1778497217685560060,0.216,1000,1.815,0.511,2.326,0.021,0.135,2.482
1778497217738082421,1778497217735574291,0.255,1000,1.077,0.775,1.852,0.247,0.147,2.247
1778497217758254179,1778497217755682592,0.287,1000,1.144,0.817,1.961,0.170,0.146,2.278
1778497217788721757,1778497217785801937,0.246,1000,1.746,0.455,2.201,0.328,0.138,2.667
1778497217807784398,1778497217805570676,0.286,1000,1.581,0.124,1.705,0.010,0.207,1.921
1778497217837949120,1778497217835515745,0.553,1000,1.060,0.543,1.603,0.227,0.045,1.875
1778497217887714929,1778497217885566649,0.248,1000,1.030,0.478,1.509,0.254,0.132,1.894
1778497217908887321,1778497217905571971,0.301,1000,1.272,0.262,1.534,0.160,1.311,3.004
1778497217937959887,1778497217935573969,0.247,1000,1.225,0.567,1.791,0.158,0.183,2.132
1778497217988050985,1778497217985535143,0.283,1000,1.110,0.726,1.835,0.052,0.339,2.226
1778497218007703785,1778497218005566002,0.599,1000,0.735,0.278,1.013,0.199,0.321,1.533
1778497218037821370,1778497218035558943,0.637,1000,1.030,0.270,1.301,0.296,0.024,1.620
1778497218087887892,1778497218085551991,0.226,1000,1.257,0.721,1.978,0.021,0.104,2.104
1778497218107799995,1778497218105569888,0.223,1000,1.085,0.717,1.802,0.024,0.174,2.000
1778497218137967629,1778497218135559502,0.244,1000,1.356,0.451,1.807,0.013,0.336,2.157
1778497218157889012,1778497218155551319,0.224,1000,1.183,0.453,1.636,0.113,0.359,2.107
1778497218187635164,1778497218185599879,0.490,1000,1.072,0.251,1.323,0.175,0.041,1.539
1778497218207911660,1778497218205542830,0.235,1000,1.374,0.418,1.792,0.317,0.020,2.129
1778497218237956027,1778497218235540796,0.694,1000,0.727,0.458,1.185,0.197,0.333,1.715
1778497218257744895,1778497218255553638,0.322,1000,1.291,0.359,1.650,0.055,0.158,1.862
1778497218287808495,1778497218285559860,0.259,1000,1.142,0.505,1.646,0.198,0.139,1.983
1778497218307974429,1778497218305568990,0.238,1000,1.182,0.587,1.768,0.139,0.253,2.161
1778497218334889562,1778497218332800324,0.238,1000,1.220,0.143,1.363,0.234,0.248,1.844
1778497218358095127,1778497218355579382,0.220,1000,1.247,0.645,1.892,0.248,0.150,2.289
1778497218387718075,1778497218385556803,0.244,1000,1.137,0.388,1.525,0.108,0.277,1.911
1778497218437979066,1778497218435571131,0.253,1000,1.117,0.635,1.753,0.179,0.217,2.148
1778497218457782590,1778497218455561284,0.256,1000,1.261,0.573,1.834,0.058,0.068,1.960
1778497218488337978,1778497218485578354,0.254,1000,1.938,0.220,2.157,0.232,0.110,2.499
1778497218537789251,1778497218535570697,0.239,1000,1.384,0.275,1.660,0.233,0.080,1.972
1778497218557561191,1778497218555538386,0.232,1000,1.240,0.154,1.393,0.221,0.170,1.785
1778497218587782811,1778497218585549088,0.262,1000,1.233,0.349,1.582,0.246,0.138,1.966
1778497218607662721,1778497218605557130,0.269,1000,1.029,0.444,1.473,0.246,0.111,1.830
1778497218637467786,1778497218635572504,0.250,1000,1.049,0.398,1.447,0.014,0.178,1.639
1778497218657974816,1778497218655519712,0.258,1000,1.019,0.716,1.735,0.341,0.115,2.191
1778497218687723944,1778497218685538831,0.218,1000,1.110,0.528,1.638,0.183,0.140,1.960
1778497218707810451,1778497218705514071,0.240,1000,1.154,0.608,1.762,0.209,0.079,2.050
1778497218737886947,1778497218735508453,0.599,1000,0.726,0.495,1.221,0.462,0.090,1.773
1778497218757850092,1778497218755556144,0.259,1000,1.219,0.223,1.442,0.463,0.123,2.029
1778497218788000286,1778497218785534845,0.249,1000,1.226,0.316,1.543,0.526,0.141,2.210
1778497218838447297,1778497218835553237,0.487,1000,2.323,0.046,2.369,0.018,0.015,2.402
1778497218858256901,1778497218855595584,0.236,1000,1.115,0.762,1.877,0.521,0.022,2.420
1778497218938146504,1778497218935555268,0.252,1000,1.265,0.136,1.402,0.707,0.224,2.333
1778497218957559394,1778497218955589486,0.235,1000,1.588,0.008,1.597,0.008,0.123,1.728
1778497218987669363,1778497218985553851,0.948,1000,0.588,0.252,0.840,0.155,0.167,1.161
1778497219007621339,1778497219005564933,0.593,1000,0.647,0.485,1.132,0.056,0.268,1.456
1778497219039013229,1778497219035586516,0.670,1000,0.973,1.115,2.088,0.455,0.205,2.748
1778497219057956955,1778497219055584765,0.283,1000,1.204,0.441,1.645,0.283,0.155,2.082
1778497219088370196,1778497219085561418,0.243,1000,1.733,0.426,2.158,0.244,0.157,2.560
1778497219108004659,1778497219105561812,0.564,1000,0.754,0.694,1.448,0.232,0.192,1.872
1778497219187678352,1778497219185561785,0.255,1000,1.035,0.386,1.420,0.189,0.246,1.855
1778497219208123749,1778497219205567395,0.858,1000,0.851,0.313,1.164,0.211,0.317,1.691
1778497219237849548,1778497219235576849,0.541,1000,1.116,0.215,1.332,0.124,0.269,1.725
1778497219255608539,1778497219253655976,0.391,1000,0.876,0.551,1.427,0.051,0.077,1.555
1778497219288526069,1778497219285563208,0.267,1000,1.224,0.949,2.173,0.426,0.090,2.689
1778497219487973252,1778497219485548037,0.458,1000,1.224,0.458,1.682,0.046,0.233,1.960
1778497219507856394,1778497219505580975,0.241,1000,1.071,0.625,1.696,0.188,0.144,2.028
1778497219537697524,1778497219535569629,0.434,1000,0.881,0.589,1.470,0.015,0.203,1.688
1778497219557968901,1778497219555557958,0.495,1000,0.877,0.394,1.271,0.387,0.252,1.910
1778497219588606499,1778497219585536915,0.241,1000,1.949,0.630,2.579,0.024,0.219,2.822
1778497219607547825,1778497219605543805,0.250,1000,1.049,0.361,1.410,0.231,0.107,1.748
1778497219637986602,1778497219635562603,0.475,1000,1.016,0.425,1.441,0.240,0.261,1.942
1778497219657567145,1778497219655554996,0.225,1000,1.152,0.346,1.498,0.048,0.235,1.781
1778497219687926720,1778497219685565699,0.442,1000,0.876,0.779,1.655,0.112,0.145,1.912
1778497219708066989,1778497219705567372,0.256,1000,1.262,0.606,1.868,0.132,0.237,2.237
1778497219737961464,1778497219735568730,0.257,1000,1.061,0.743,1.804,0.236,0.090,2.129
1778497219758256809,1778497219755535458,0.242,1000,1.181,0.933,2.115,0.127,0.230,2.472
1778497219787796395,1778497219785564145,0.250,1000,1.170,0.332,1.501,0.157,0.318,1.976
1778497219808094941,1778497219805596987,0.239,1000,1.096,0.749,1.846,0.210,0.196,2.252
1778497219837890917,1778497219835575753,0.238,1000,1.160,0.518,1.679,0.354,0.040,2.072
1778497219858060595,1778497219855604947,0.231,1000,1.128,0.921,2.049,0.026,0.143,2.218
1778497219887922141,1778497219885573696,0.245,1000,1.117,0.614,1.731,0.164,0.202,2.097
1778497219907798243,1778497219905565577,0.229,1000,1.127,0.506,1.634,0.240,0.124,1.998
1778497219938057464,1778497219935568951,0.275,1000,1.090,0.696,1.786,0.178,0.244,2.207
1778497219968148489,1778497219965581190,0.261,1000,1.106,0.617,1.723,0.174,0.402,2.299
1778497219987935500,1778497219985532814,0.259,1000,1.232,0.519,1.750,0.061,0.326,2.138
1778497220011118825,1778497220008875022,0.454,1000,0.979,0.681,1.661,0.028,0.094,1.783
1778497220037903299,1778497220035540869,0.233,1000,1.157,0.560,1.716,0.124,0.282,2.122
1778497220067949842,1778497220065572052,0.227,1000,1.051,0.796,1.847,0.176,0.121,2.144
1778497220087666164,1778497220085548733,0.474,1000,0.815,0.532,1.347,0.132,0.158,1.637
1778497220107729535,1778497220105579623,0.258,1000,1.218,0.381,1.598,0.209,0.077,1.885
1778497220137971859,1778497220135585973,0.253,1000,1.351,0.387,1.737,0.160,0.228,2.126
1778497220157761239,1778497220155568798,0.248,1000,1.296,0.362,1.658,0.142,0.138,1.938
1778497220187454301,1778497220185557516,0.829,1000,0.481,0.349,0.830,0.144,0.087,1.062
1778497220207603530,1778497220205570229,0.612,1000,0.898,0.260,1.158,0.052,0.205,1.415
1778497220238375212,1778497220235576228,0.597,1000,0.769,0.877,1.646,0.323,0.227,2.196
1778497220257827368,1778497220255541836,0.227,1000,1.102,0.313,1.415,0.487,0.151,2.053
1778497220287836950,1778497220285569851,0.239,1000,1.160,0.550,1.710,0.229,0.082,2.021
1778497220308141863,1778497220305561636,0.240,1000,1.204,0.282,1.486,0.656,0.192,2.334
1778497220357969114,1778497220355540219,0.477,1000,0.895,0.330,1.226,0.444,0.275,1.945
1778497220387845957,1778497220385581290,0.610,1000,0.749,0.266,1.015,0.451,0.183,1.649
1778497220407891471,1778497220405551314,0.264,1000,1.167,0.277,1.444,0.405,0.220,2.070
1778497220438027297,1778497220435550368,0.242,1000,1.130,0.749,1.879,0.205,0.144,2.229
1778497220457743875,1778497220455569706,0.243,1000,1.076,0.435,1.511,0.204,0.209,1.925
1778497220487704016,1778497220485571768,0.233,1000,1.043,0.677,1.720,0.027,0.146,1.893
1778497220508010241,1778497220505558721,0.246,1000,1.464,0.294,1.758,0.219,0.222,2.199
1778497220538622591,1778497220535543983,0.242,1000,2.043,0.455,2.498,0.268,0.065,2.831
1778497220557859188,1778497220555575673,0.240,1000,1.300,0.379,1.679,0.220,0.140,2.038
1778497220588557204,1778497220585534246,2.772,1000,0.040,0.184,0.224,0.012,0.011,0.247
1778497220607855851,1778497220605516142,0.252,1000,0.977,0.742,1.719,0.317,0.045,2.082
1778497220637808024,1778497220635601791,0.253,1000,1.338,0.249,1.587,0.168,0.192,1.947
1778497220657888420,1778497220655575463,0.243,1000,1.238,0.518,1.757,0.222,0.084,2.063
1778497220688140792,1778497220685595478,0.271,1000,1.225,0.696,1.921,0.163,0.185,2.269
1778497220707821465,1778497220705591199,0.474,1000,1.060,0.390,1.450,0.145,0.156,1.751
1778497220738417591,1778497220735596301,0.515,1000,1.576,0.390,1.967,0.176,0.157,2.300
1778497220787856351,1778497220785556995,0.648,1000,0.723,0.586,1.309,0.196,0.139,1.645
1778497220807647299,1778497220805554925,0.450,1000,0.897,0.419,1.316,0.232,0.089,1.636
1778497220857624378,1778497220855584069,0.243,1000,1.062,0.404,1.466,0.131,0.193,1.791
1778497220887896047,1778497220885598803,0.217,1000,1.083,0.639,1.722,0.147,0.204,2.074
1778497220907911289,1778497220905568220,0.234,1000,1.116,0.633,1.749,0.151,0.203,2.103
1778497220967719376,1778497220965550935,0.217,1000,1.092,0.229,1.321,0.140,0.484,1.945
1778497221087751944,1778497221085518542,0.249,1000,1.096,0.350,1.446,0.266,0.266,1.978
1778497221117927611,1778497221115562941,0.496,1000,0.848,0.322,1.169,0.470,0.223,1.862
1778497221138956223,1778497221135505445,3.287,1000,0.108,0.013,0.121,0.023,0.015,0.158
1778497221168054454,1778497221165558229,0.240,1000,1.218,0.267,1.485,0.436,0.328,2.249
1778497221218185072,1778497221215523531,0.243,1000,1.113,0.518,1.631,0.508,0.273,2.412
1778497221287934794,1778497221285574861,0.541,1000,0.861,0.360,1.221,0.384,0.207,1.812
1778497221317813461,1778497221315547610,0.240,1000,1.305,0.073,1.378,0.390,0.252,2.020
1778497221335009557,1778497221332894014,0.294,1000,0.959,0.412,1.371,0.241,0.203,1.815
1778497221387957370,1778497221385574619,0.226,1000,1.262,0.261,1.523,0.401,0.226,2.150
1778497221417624255,1778497221415584010,0.224,1000,1.477,0.099,1.577,0.026,0.207,1.810
1778497221437801197,1778497221435553458,0.381,1000,1.118,0.318,1.436,0.162,0.262,1.861
1778497221468106499,1778497221465539488,0.248,1000,1.031,0.540,1.570,0.427,0.316,2.313
1778497221487760227,1778497221485552521,0.611,1000,0.783,0.408,1.191,0.115,0.284,1.590
1778497221537795931,1778497221535568833,0.611,1000,0.716,0.489,1.204,0.355,0.051,1.611
1778497221567837034,1778497221565594192,0.287,1000,1.032,0.433,1.465,0.187,0.296,1.948
1778497221618185771,1778497221615588935,0.478,1000,1.171,0.460,1.631,0.168,0.314,2.112
1778497221637783497,1778497221635600017,0.234,1000,1.274,0.287,1.561,0.109,0.274,1.944
1778497221668062815,1778497221665588094,0.248,1000,1.395,0.336,1.731,0.211,0.279,2.221
1778497221719796707,1778497221715595030,0.448,1000,2.858,0.439,3.297,0.230,0.219,3.746
1778497221738010046,1778497221735594047,0.243,1000,1.309,0.427,1.736,0.298,0.132,2.166
1778497221768464056,1778497221765586957,0.251,1000,1.730,0.474,2.204,0.179,0.237,2.620
1778497221787670956,1778497221785577270,0.245,1000,1.716,0.073,1.789,0.020,0.034,1.843
1778497221868142014,1778497221865608060,0.211,1000,1.097,0.649,1.746,0.352,0.217,2.316
1778497221937920473,1778497221935604060,0.211,1000,1.149,0.872,2.022,0.029,0.049,2.100
1778497221968669722,1778497221965543689,0.514,1000,1.475,0.482,1.956,0.521,0.128,2.605
1778497221987903280,1778497221985620820,0.241,1000,1.071,0.563,1.634,0.144,0.257,2.035
1778497222018153252,1778497222015594689,0.501,1000,0.882,0.786,1.668,0.365,0.019,2.052
1778497222067802194,1778497222065598585,0.232,1000,1.010,0.660,1.670,0.150,0.145,1.965
1778497222088030465,1778497222085563393,0.994,1000,0.706,0.458,1.164,0.162,0.142,1.467
1778497222117907468,1778497222115589808,0.234,1000,1.257,0.472,1.730,0.190,0.157,2.076
1778497222137972791,1778497222135605113,0.243,1000,1.108,0.428,1.535,0.194,0.389,2.119
1778497222167952804,1778497222165585479,0.956,1000,0.351,0.509,0.860,0.348,0.197,1.405
1778497222188047472,1778497222185550255,0.246,1000,1.158,0.668,1.826,0.188,0.231,2.245
1778497222237826306,1778497222235573767,0.351,1000,1.271,0.262,1.533,0.212,0.150,1.895
1778497222267846704,1778497222265569845,0.484,1000,1.712,0.046,1.757,0.017,0.013,1.788
1778497222288457481,1778497222285592927,0.779,1000,1.493,0.345,1.838,0.022,0.219,2.079
1778497222313880928,1778497222310719950,0.695,1000,0.760,0.474,1.234,1.024,0.200,2.458
1778497222337911506,1778497222335566805,0.509,1000,1.195,0.441,1.636,0.036,0.158,1.830
1778497222362544693,1778497222360306074,0.249,1000,1.211,0.340,1.551,0.217,0.214,1.982
1778497222419352221,1778497222415555930,0.612,1000,1.470,0.188,1.659,1.498,0.022,3.179
1778497222438511377,1778497222435585348,0.254,1000,1.262,0.382,1.644,0.820,0.201,2.666
1778497222468313465,1778497222465625587,0.247,1000,1.479,0.160,1.639,0.678,0.118,2.435
1778497222547820978,1778497222545503509,0.307,1000,1.068,0.407,1.475,0.238,0.291,2.004
1778497222568101826,1778497222565589601,0.248,1000,1.271,0.403,1.674,0.282,0.302,2.258
1778497222617895444,1778497222615570776,0.234,1000,1.060,0.750,1.810,0.188,0.087,2.085
1778497222667875819,1778497222665582831,0.229,1000,1.266,0.153,1.418,0.218,0.420,2.057
1778497222697837304,1778497222695599678,0.249,1000,1.210,0.483,1.693,0.172,0.117,1.981
1778497222748348221,1778497222745549428,0.238,1000,1.082,1.010,2.091,0.217,0.245,2.554
1778497222797916489,1778497222795580940,0.232,1000,1.273,0.477,1.750,0.303,0.044,2.097
1778497222847665017,1778497222845603619,0.227,1000,1.179,0.372,1.551,0.163,0.115,1.829
1778497222868013004,1778497222865593805,0.234,1000,1.239,0.343,1.582,0.294,0.303,2.178
1778497222918190375,1778497222915605028,0.235,1000,1.256,0.257,1.514,0.642,0.188,2.344
1778497222948457564,1778497222945589362,0.214,1000,1.035,0.489,1.524,0.890,0.233,2.648
1778497223018142133,1778497223015602771,0.217,1000,1.042,0.467,1.509,0.550,0.257,2.316
1778497223047962334,1778497223044859821,0.648,1000,0.849,0.234,1.083,0.721,0.642,2.447
1778497223068452244,1778497223065594121,0.593,1000,0.844,0.337,1.180,0.896,0.183,2.259
1778497223168163003,1778497223165601912,0.641,1000,0.674,0.370,1.044,0.702,0.168,1.914
1778497223218206899,1778497223215611728,0.215,1000,1.106,0.356,1.462,0.793,0.119,2.374
1778497223268211083,1778497223265576550,0.507,1000,0.744,0.642,1.386,0.529,0.206,2.122
1778497223397968833,1778497223395589347,0.243,1000,1.465,0.300,1.766,0.150,0.215,2.130
1778497223417704963,1778497223415605644,0.576,1000,1.183,0.112,1.295,0.010,0.212,1.517
1778497223447830772,1778497223445558905,0.597,1000,0.845,0.463,1.308,0.143,0.218,1.669
1778497223517915799,1778497223515546329,0.248,1000,1.572,0.107,1.679,0.010,0.425,2.115
1778497223567749034,1778497223565532656,0.494,1000,0.797,0.678,1.475,0.222,0.020,1.718
1778497223587756115,1778497223585548314,0.258,1000,1.235,0.200,1.435,0.335,0.174,1.944
1778497223617955654,1778497223615627114,0.240,1000,1.136,0.719,1.854,0.064,0.164,2.083
1778497223638139125,1778497223635607987,0.241,1000,1.205,0.686,1.891,0.252,0.140,2.283
1778497223667678166,1778497223665599616,0.303,1000,0.926,0.573,1.498,0.227,0.045,1.770
1778497223687611518,1778497223685596649,0.223,1000,1.228,0.282,1.510,0.171,0.105,1.786
1778497223717601196,1778497223715626328,0.222,1000,1.020,0.377,1.397,0.137,0.212,1.747
1778497223768155057,1778497223765584622,2.303,1000,0.041,0.188,0.230,0.019,0.013,0.262
1778497223798216801,1778497223795592412,0.250,1000,1.181,0.733,1.915,0.282,0.170,2.367
1778497223818134536,1778497223815593926,0.228,1000,1.248,0.702,1.950,0.183,0.173,2.306
1778497223847542470,1778497223845546674,0.250,1000,1.126,0.340,1.466,0.197,0.077,1.740
1778497223867694612,1778497223865607037,0.236,1000,1.023,0.351,1.374,0.202,0.269,1.846
1778497223897750723,1778497223895606507,0.594,1000,1.023,0.130,1.153,0.158,0.233,1.544
1778497223918088021,1778497223915609749,1.291,1000,0.155,0.274,0.429,0.736,0.017,1.182
1778497223968294642,1778497223965606124,0.233,1000,1.388,0.488,1.876,0.398,0.175,2.449
1778497223997653967,1778497223995616730,0.618,1000,0.660,0.397,1.057,0.323,0.035,1.415
1778497224047936078,1778497224045559952,0.609,1000,0.876,0.272,1.148,0.259,0.353,1.760
1778497224067924759,1778497224065544473,0.278,1000,1.020,0.395,1.415,0.461,0.220,2.095
1778497224118020016,1778497224115564432,0.638,1000,0.852,0.340,1.192,0.384,0.235,1.811
1778497224147538706,1778497224145523677,0.236,1000,1.037,0.498,1.535,0.060,0.178,1.773
1778497224167687871,1778497224165530343,0.309,1000,1.427,0.124,1.551,0.011,0.280,1.841
1778497224197685549,1778497224195530164,0.356,1000,1.091,0.620,1.710,0.027,0.056,1.794
1778497224247747589,1778497224245590797,0.236,1000,1.383,0.052,1.435,0.142,0.337,1.914
1778497224268526467,1778497224265499604,0.541,1000,1.456,0.245,1.701,0.435,0.344,2.480
1778497224298158663,1778497224295580868,0.857,1000,0.522,0.723,1.245,0.233,0.237,1.714
1778497224318042894,1778497224315533324,0.243,1000,1.103,0.642,1.744,0.274,0.242,2.260
1778497224348139166,1778497224345531930,0.228,1000,1.277,0.404,1.681,0.418,0.273,2.372
1778497224368160840,1778497224365541412,0.637,1000,1.202,0.238,1.439,0.371,0.165,1.976
1778497224398188791,1778497224395624404,0.236,1000,1.198,1.053,2.251,0.061,0.012,2.323
1778497224417698003,1778497224415586844,0.222,1000,1.156,0.354,1.510,0.168,0.205,1.883
1778497224447499868,1778497224445552297,0.260,1000,1.140,0.194,1.334,0.155,0.193,1.681
1778497224467692170,1778497224465558706,0.235,1000,1.380,0.233,1.613,0.087,0.191,1.891
1778497224497823003,1778497224495578113,0.249,1000,1.309,0.281,1.590,0.054,0.345,1.989
1778497224517987369,1778497224515505032,0.233,1000,1.317,0.555,1.872,0.162,0.209,2.243
1778497224547793394,1778497224545589912,0.228,1000,1.059,0.594,1.652,0.158,0.158,1.969
1778497224567617718,1778497224565575457,0.296,1000,1.529,0.155,1.684,0.019,0.037,1.740
1778497224597760104,1778497224595621712,0.249,1000,1.109,0.267,1.375,0.245,0.263,1.883
1778497224618061945,1778497224615621114,0.257,1000,1.064,0.717,1.781,0.202,0.194,2.177
1778497224647673821,1778497224645571206,0.253,1000,1.056,0.344,1.401,0.245,0.198,1.843
1778497224667589252,1778497224665574032,0.252,1000,1.094,0.422,1.517,0.055,0.185,1.757
1778497224697583314,1778497224695565661,0.247,1000,1.141,0.236,1.377,0.333,0.055,1.765
1778497224747582025,1778497224745573909,0.241,1000,1.051,0.360,1.411,0.298,0.052,1.761
1778497224767701077,1778497224765504316,0.259,1000,1.160,0.248,1.408,0.234,0.290,1.932
1778497224797717572,1778497224795558219,0.247,1000,1.222,0.164,1.386,0.265,0.249,1.901
1778497224817685100,1778497224815606678,0.259,1000,1.334,0.423,1.757,0.020,0.037,1.815
1778497224848073764,1778497224845598564,0.246,1000,1.054,0.377,1.431,0.240,0.552,2.223
1778497224867889065,1778497224865543180,0.246,1000,1.121,0.358,1.478,0.449,0.167,2.094
1778497224898068347,1778497224895556794,0.337,1000,1.603,0.065,1.668,0.249,0.250,2.167
1778497224917935809,1778497224915581988,0.232,1000,1.234,0.644,1.879,0.021,0.215,2.115
1778497224942430015,1778497224940114435,0.657,1000,0.752,0.445,1.198,0.269,0.184,1.651
1778497224968914354,1778497224965559290,0.238,1000,1.543,0.329,1.872,1.219,0.021,3.112
1778497224997809507,1778497224995543272,0.246,1000,1.157,0.310,1.467,0.240,0.306,2.014
1778497225018057523,1778497225015564210,0.236,1000,1.157,0.733,1.890,0.282,0.078,2.251
1778497225047722840,1778497225045560415,0.657,1000,0.859,0.336,1.196,0.085,0.218,1.499
1778497225067864389,1778497225065576457,0.260,1000,1.072,0.357,1.429,0.312,0.280,2.021
1778497225097975606,1778497225095557623,0.227,1000,1.759,0.047,1.806,0.018,0.360,2.184
1778497225167826674,1778497225165560791,0.609,1000,0.988,0.445,1.433,0.014,0.203,1.649
1778497225197676028,1778497225195541348,0.231,1000,1.266,0.337,1.603,0.156,0.138,1.897
1778497225217805481,1778497225215604271,0.234,1000,1.935,0.009,1.944,0.008,0.010,1.963
1778497225268478001,1778497225265584166,0.237,1000,1.618,0.618,2.237,0.393,0.020,2.651
1778497225297813710,1778497225295604980,0.275,1000,1.059,0.607,1.666,0.187,0.074,1.928
1778497225318011132,1778497225315531964,0.241,1000,1.253,0.581,1.835,0.379,0.019,2.233
1778497225348050443,1778497225345579563,0.226,1000,1.299,0.915,2.214,0.014,0.012,2.240
1778497225367581000,1778497225365524851,0.240,1000,1.195,0.485,1.680,0.038,0.093,1.810
1778497225391772031,1778497225389705929,0.219,1000,1.056,0.335,1.391,0.239,0.210,1.840
1778497225417678178,1778497225415574155,0.235,1000,1.260,0.139,1.398,0.162,0.302,1.862
1778497225448547847,1778497225445620314,0.227,1000,2.287,0.105,2.392,0.123,0.179,2.694
1778497225467662393,1778497225465558050,0.260,1000,1.045,0.349,1.394,0.141,0.303,1.838
1778497225517910742,1778497225515595962,0.230,1000,1.087,0.650,1.737,0.176,0.165,2.078
1778497225547971750,1778497225545553927,0.229,1000,1.090,0.814,1.904,0.197,0.081,2.182
1778497225567805227,1778497225565554192,0.252,1000,1.365,0.567,1.932,0.021,0.041,1.993
1778497225597974141,1778497225595580479,0.601,1000,0.778,0.438,1.215,0.557,0.015,1.788
1778497225647594794,1778497225645553909,0.287,1000,1.051,0.235,1.286,0.223,0.238,1.747
1778497225667786041,1778497225665601152,0.333,1000,0.952,0.582,1.534,0.175,0.137,1.846
1778497225697932234,1778497225695576077,0.219,1000,1.010,0.753,1.764,0.182,0.185,2.131
1778497225717573578,1778497225715553782,0.242,1000,1.074,0.381,1.455,0.191,0.126,1.772
1778497225747588792,1778497225745607077,0.236,1000,1.008,0.375,1.383,0.176,0.180,1.739
1778497225768447352,1778497225765529900,0.233,1000,1.073,0.820,1.893,0.622,0.163,2.678
1778497225797880151,1778497225795628573,0.485,1000,0.993,0.333,1.326,0.272,0.162,1.760
1778497225817708764,1778497225815576996,0.227,1000,1.202,0.438,1.640,0.064,0.195,1.899
1778497225847932848,1778497225845564210,0.219,1000,1.126,0.715,1.841,0.059,0.242,2.143
1778497225867683955,1778497225865582076,0.231,1000,1.021,0.821,1.842,0.012,0.012,1.866
1778497225918074068,1778497225915569523,0.231,1000,1.242,0.633,1.875,0.236,0.156,2.268
1778497225947625782,1778497225945641762,0.267,1000,1.059,0.241,1.300,0.165,0.245,1.710
1778497225967775107,1778497225965572106,0.318,1000,1.062,0.481,1.543,0.127,0.209,1.879
1778497225997906101,1778497225995606137,0.249,1000,1.190,0.244,1.435,0.428,0.183,2.045
1778497226048019695,1778497226045480460,0.244,1000,1.103,0.406,1.509,0.275,0.504,2.288
1778497226067804114,1778497226065595513,0.598,1000,0.764,0.277,1.040,0.348,0.216,1.604
1778497226217989980,1778497226215523100,0.232,1000,1.115,0.412,1.528,0.478,0.221,2.228
1778497226247859975,1778497226245572619,0.232,1000,1.016,0.569,1.584,0.025,0.440,2.049
1778497226267699404,1778497226265611062,0.273,1000,1.025,0.322,1.347,0.181,0.281,1.809
1778497226297684026,1778497226295589795,0.537,1000,0.750,0.477,1.226,0.181,0.144,1.551
1778497226327754121,1778497226325511247,0.616,1000,1.360,0.210,1.570,0.018,0.034,1.622
1778497226377673630,1778497226375576360,0.236,1000,1.219,0.327,1.547,0.074,0.234,1.855
1778497226397919438,1778497226395519119,0.254,1000,1.083,0.807,1.891,0.230,0.021,2.141
1778497226427779512,1778497226425601823,0.283,1000,1.197,0.410,1.607,0.055,0.226,1.888
1778497226448878654,1778497226445568936,0.898,1000,0.759,0.976,1.736,0.193,0.476,2.404
1778497226497667894,1778497226495573055,0.264,1000,1.315,0.216,1.531,0.218,0.076,1.825
1778497226527813863,1778497226525602734,0.241,1000,1.053,0.574,1.627,0.152,0.185,1.963
1778497226547881938,1778497226545541685,0.594,1000,0.980,0.447,1.427,0.162,0.151,1.740
1778497226598272372,1778497226595593198,0.246,1000,1.272,0.350,1.622,0.455,0.350,2.427
1778497226648057989,1778497226645532611,0.266,1000,1.008,0.472,1.479,0.441,0.333,2.253
1778497226678062771,1778497226675574066,0.241,1000,1.075,0.392,1.467,0.511,0.262,2.241
1778497226698208032,1778497226695572859,0.243,1000,1.640,0.358,1.998,0.168,0.220,2.386
1778497226727722561,1778497226725500135,0.460,1000,0.998,0.315,1.314,0.221,0.221,1.755
1778497226797947336,1778497226795575434,0.222,1000,1.094,0.371,1.465,0.384,0.294,2.143
1778497226828237085,1778497226825570008,0.265,1000,1.219,0.478,1.697,0.396,0.303,2.396
1778497226848496077,1778497226845591841,0.259,1000,1.207,0.776,1.983,0.401,0.255,2.639
1778497226877834730,1778497226875547726,0.496,1000,1.705,0.047,1.752,0.019,0.015,1.786
1778497226897920725,1778497226895529655,0.290,1000,1.190,0.439,1.629,0.053,0.413,2.095
1778497226928228043,1778497226925559398,0.485,1000,1.074,0.871,1.945,0.045,0.188,2.177
1778497227028078581,1778497227025578644,0.238,1000,1.234,0.887,2.121,0.028,0.106,2.255
1778497227047880569,1778497227045539772,0.606,1000,0.794,0.894,1.688,0.027,0.015,1.730
1778497227097934610,1778497227095561908,0.281,1000,0.997,0.605,1.602,0.028,0.455,2.085
1778497227127783068,1778497227125536897,0.246,1000,1.151,0.470,1.621,0.194,0.179,1.994
1778497227148326035,1778497227145586508,1.278,1000,0.309,0.775,1.084,0.159,0.211,1.455
1778497227178150109,1778497227175563385,0.239,1000,1.337,0.592,1.930,0.165,0.246,2.341
1778497227197976801,1778497227195568323,0.219,1000,1.153,0.652,1.805,0.177,0.200,2.183
1778497227227878093,1778497227225530095,0.613,1000,1.001,0.235,1.236,0.256,0.237,1.728
1778497227278284782,1778497227275536583,0.283,1000,1.183,0.438,1.621,0.245,0.591,2.458
1778497227297902286,1778497227295579601,0.565,1000,0.993,0.068,1.061,0.486,0.204,1.751
1778497227328347367,1778497227325527806,0.307,1000,1.740,0.059,1.798,0.439,0.269,2.506
1778497227347850147,1778497227345577480,0.265,1000,1.068,0.561,1.629,0.204,0.169,2.001
1778497227378141369,1778497227375540277,0.230,1000,1.915,0.106,2.021,0.051,0.293,2.364
1778497227398137282,1778497227395579423,0.241,1000,1.175,0.503,1.677,0.395,0.237,2.310
1778497227448036342,1778497227445573878,0.237,1000,1.115,0.558,1.672,0.422,0.124,2.218
1778497227497979244,1778497227495560269,0.249,1000,1.674,0.096,1.770,0.275,0.118,2.163
1778497227547802142,1778497227545600389,0.239,1000,1.091,0.444,1.535,0.226,0.196,1.957
1778497227577717322,1778497227575546545,0.292,1000,1.100,0.303,1.402,0.157,0.312,1.872
1778497227597819286,1778497227595538426,0.215,1000,1.046,0.485,1.531,0.239,0.290,2.060
1778497227627787363,1778497227625633515,0.250,1000,1.760,0.117,1.877,0.010,0.011,1.899
1778497227647746411,1778497227645598259,0.586,1000,0.993,0.236,1.229,0.133,0.194,1.556
1778497227677789146,1778497227675589377,0.254,1000,1.166,0.267,1.433,0.331,0.176,1.939
1778497227778627518,1778497227775539662,0.262,1000,1.194,0.922,2.117,0.381,0.321,2.819
1778497227797921461,1778497227795545399,0.285,1000,1.889,0.166,2.054,0.014,0.018,2.086
1778497227827883074,1778497227825532997,0.276,1000,1.107,0.844,1.951,0.030,0.087,2.068
1778497227848216244,1778497227845537006,0.240,1000,1.912,0.099,2.011,0.249,0.173,2.433
1778497227947843896,1778497227945538652,0.659,1000,0.780,0.514,1.293,0.172,0.174,1.639
1778497227970922034,1778497227968647926,0.251,1000,1.043,0.457,1.500,0.358,0.159,2.017
1778497227997884400,1778497227995555892,0.302,1000,0.991,0.796,1.788,0.053,0.179,2.021
1778497228027734106,1778497228025556258,0.239,1000,1.308,0.464,1.772,0.014,0.147,1.933
1778497228047771012,1778497228045552427,0.234,1000,1.328,0.293,1.621,0.233,0.124,1.978
1778497228127986063,1778497228125596273,0.280,1000,1.113,0.293,1.406,0.517,0.179,2.103
1778497228147677584,1778497228145558681,0.237,1000,1.178,0.244,1.423,0.439,0.015,1.877
1778497228177955333,1778497228175561255,0.245,1000,1.241,0.556,1.797,0.139,0.207,2.143
1778497228201435241,1778497228195569904,0.598,1000,1.138,0.441,1.578,0.130,3.551,5.259
1778497228228185890,1778497228225555742,0.261,1000,1.197,0.721,1.918,0.155,0.290,2.362
1778497228247723199,1778497228245569159,0.279,1000,1.450,0.108,1.558,0.173,0.138,1.869
1778497228269806847,1778497228267633190,0.688,1000,0.707,0.298,1.006,0.454,0.021,1.481
1778497228297794808,1778497228295549854,0.251,1000,1.144,0.677,1.820,0.031,0.136,1.987
1778497228328094478,1778497228325559692,0.253,1000,1.274,0.393,1.667,0.559,0.050,2.276
1778497228377850591,1778497228375540931,0.254,1000,1.225,0.235,1.460,0.238,0.350,2.048
1778497228397674211,1778497228395550092,0.264,1000,1.310,0.120,1.430,0.286,0.137,1.854
1778497228427604783,1778497228425520601,0.260,1000,1.085,0.712,1.797,0.011,0.011,1.819
1778497228447602361,1778497228445562083,0.254,1000,1.062,0.416,1.478,0.259,0.043,1.780
1778497228477855917,1778497228475552433,0.645,1000,0.729,0.324,1.053,0.347,0.252,1.652
1778497228497901431,1778497228495530330,0.288,1000,1.294,0.103,1.397,0.420,0.260,2.077
1778497228577891868,1778497228575563903,0.235,1000,1.464,0.250,1.714,0.348,0.021,2.083
1778497228597911046,1778497228595522728,0.244,1000,1.216,0.601,1.817,0.025,0.296,2.138
1778497228627839378,1778497228625567831,0.209,1000,1.229,0.395,1.624,0.226,0.206,2.056
1778497228647784890,1778497228645541087,0.235,1000,1.221,0.407,1.628,0.196,0.178,2.002
1778497228677724870,1778497228675572846,0.282,1000,1.725,0.119,1.844,0.011,0.011,1.865
1778497228727743261,1778497228725602342,0.259,1000,1.707,0.119,1.826,0.010,0.041,1.876
1778497228747617923,1778497228745578062,0.620,1000,0.785,0.347,1.132,0.249,0.034,1.415
1778497228778084317,1778497228775574268,0.621,1000,1.192,0.341,1.533,0.218,0.131,1.883
1778497228797923586,1778497228795595238,0.231,1000,1.072,0.696,1.767,0.184,0.140,2.091
1778497228827663753,1778497228825524434,0.352,1000,1.005,0.375,1.380,0.353,0.049,1.782
1778497228847816791,1778497228845557404,0.289,1000,1.068,0.565,1.633,0.289,0.043,1.965
1778497228897656426,1778497228895556019,0.282,1000,1.124,0.359,1.483,0.086,0.243,1.812
1778497228927695832,1778497228925539008,0.337,1000,0.994,0.402,1.396,0.228,0.189,1.813
1778497228947855814,1778497228945633164,0.240,1000,1.726,0.130,1.855,0.011,0.110,1.977
1778497228971028002,1778497228968932299,0.259,1000,1.063,0.353,1.415,0.220,0.194,1.830
1778497228997741050,1778497228995609026,0.281,1000,0.983,0.400,1.383,0.179,0.282,1.844
1778497229027924525,1778497229025578863,0.496,1000,1.089,0.515,1.604,0.056,0.182,1.843
1778497229048616232,1778497229045520471,0.244,1000,1.269,1.143,2.412,0.178,0.254,2.844
1778497229078077512,1778497229075579718,0.246,1000,1.082,0.335,1.417,0.494,0.334,2.246
1778497229098100849,1778497229095582768,0.221,1000,1.346,0.677,2.022,0.010,0.258,2.291
1778497229127655092,1778497229125581566,0.221,1000,1.044,0.355,1.399,0.161,0.287,1.846
1778497229147906595,1778497229145628712,0.258,1000,1.085,0.441,1.526,0.285,0.204,2.014
1778497229178707910,1778497229175564916,0.581,1000,0.728,0.533,1.261,1.101,0.194,2.556
1778497229197854553,1778497229195527452,0.234,1000,1.280,0.491,1.770,0.172,0.145,2.087
1778497229227703203,1778497229225557419,0.268,1000,1.161,0.377,1.538,0.174,0.159,1.872
1778497229247796815,1778497229245530035,0.227,1000,1.185,0.470,1.654,0.225,0.154,2.033
1778497229277654937,1778497229275502817,0.261,1000,1.119,0.401,1.520,0.173,0.192,1.885
1778497229327834804,1778497229325708669,0.251,1000,1.080,0.266,1.347,0.323,0.200,1.869
1778497229347670457,1778497229345569571,0.279,1000,1.330,0.186,1.516,0.135,0.164,1.815
1778497229377745289,1778497229375531663,0.321,1000,0.947,0.575,1.522,0.175,0.190,1.886
1778497229397877270,1778497229395554393,0.268,1000,1.177,0.274,1.451,0.256,0.342,2.049
1778497229477630484,1778497229475585663,0.284,1000,1.550,0.112,1.662,0.010,0.083,1.755
1778497229497822978,1778497229495586184,0.264,1000,1.152,0.393,1.545,0.246,0.175,1.966
1778497229547899803,1778497229545561662,0.246,1000,1.435,0.359,1.795,0.162,0.129,2.086
1778497229628099173,1778497229625527170,0.269,1000,1.142,0.319,1.461,0.589,0.246,2.296
1778497229647661059,1778497229645585229,0.245,1000,1.271,0.122,1.393,0.379,0.054,1.826
1778497229679797129,1778497229675560826,0.231,1000,1.921,1.264,3.185,0.545,0.269,3.999
1778497229698153255,1778497229695599685,0.252,1000,1.659,0.206,1.865,0.273,0.157,2.296
1778497229727925583,1778497229725596146,0.255,1000,1.221,0.641,1.862,0.026,0.179,2.067
1778497229777634238,1778497229775574729,0.242,1000,1.135,0.319,1.454,0.208,0.150,1.811
1778497229797796076,1778497229795594867,0.223,1000,1.208,0.506,1.713,0.207,0.052,1.972
1778497229827807866,1778497229825577408,0.621,1000,0.701,0.596,1.298,0.135,0.169,1.603
1778497229847926694,1778497229845618314,0.240,1000,1.305,0.330,1.635,0.103,0.324,2.062
1778497229927736198,1778497229925561582,0.618,1000,0.663,0.545,1.208,0.063,0.279,1.550
1778497229977933698,1778497229975577349,0.260,1000,1.290,0.611,1.901,0.060,0.129,2.090
1778497230027895608,1778497230025593372,0.249,1000,1.065,0.372,1.437,0.184,0.425,2.047
1778497230058017033,1778497230055553065,0.257,1000,1.588,0.249,1.837,0.204,0.159,2.200
1778497230107880285,1778497230105585185,0.234,1000,1.144,0.425,1.570,0.212,0.272,2.054
1778497230127989673,1778497230125556713,0.334,1000,1.022,0.637,1.659,0.413,0.022,2.094
1778497230157634989,1778497230155591256,0.259,1000,1.107,0.607,1.714,0.015,0.049,1.778
1778497230177674648,1778497230175565473,0.577,1000,1.012,0.296,1.308,0.042,0.176,1.526
1778497230277921196,1778497230275581103,0.225,1000,1.580,0.017,1.597,0.499,0.015,2.110
1778497230327608827,1778497230325595590,0.581,1000,1.206,0.175,1.381,0.015,0.030,1.426
1778497230378119807,1778497230375529532,0.248,1000,1.111,0.886,1.997,0.179,0.161,2.336
1778497230427686603,1778497230425593780,0.250,1000,1.705,0.112,1.817,0.010,0.011,1.838
1778497230477977226,1778497230475589067,0.237,1000,1.374,0.173,1.547,0.260,0.337,2.143
1778497230497763085,1778497230495554324,0.234,1000,1.173,0.771,1.944,0.014,0.011,1.969
1778497230527828189,1778497230525530945,0.231,1000,1.289,0.396,1.685,0.191,0.183,2.059
1778497230547826790,1778497230545562859,0.241,1000,1.876,0.050,1.926,0.023,0.068,2.017
1778497230597581078,1778497230595540769,0.555,1000,0.945,0.252,1.197,0.195,0.087,1.479
1778497230627639718,1778497230625561776,0.229,1000,1.159,0.311,1.470,0.276,0.097,1.843
1778497230648040537,1778497230645574617,0.361,1000,1.334,0.743,2.077,0.012,0.011,2.100
1778497230678126505,1778497230675587719,0.318,1000,2.081,0.114,2.195,0.009,0.011,2.215
1778497230697533923,1778497230695525295,0.245,1000,1.712,0.009,1.721,0.008,0.029,1.759
1778497230729832301,1778497230725525917,0.722,1000,0.751,2.777,3.528,0.034,0.017,3.579
1778497230747740736,1778497230745574727,0.286,1000,1.106,0.269,1.375,0.484,0.015,1.875
1778497230797744695,1778497230795585726,0.257,1000,1.653,0.121,1.774,0.011,0.111,1.896
1778497230827891560,1778497230825586092,0.234,1000,1.316,0.378,1.694,0.222,0.149,2.065
1778497230848008437,1778497230845606198,0.253,1000,1.269,0.514,1.783,0.169,0.191,2.143
1778497230877707291,1778497230875558371,0.226,1000,1.158,0.448,1.606,0.028,0.282,1.916
1778497230927787668,1778497230925573786,0.251,1000,1.101,0.515,1.616,0.134,0.207,1.956
1778497230947843262,1778497230945602884,0.488,1000,1.443,0.116,1.559,0.011,0.175,1.745
1778497230997837493,1778497230995592955,0.258,1000,1.832,0.130,1.962,0.009,0.011,1.982
1778497231027749985,1778497231025600457,0.239,1000,1.245,0.248,1.494,0.148,0.263,1.905
1778497231058250107,1778497231055608503,0.254,1000,1.416,0.389,1.805,0.305,0.270,2.380
1778497231077811065,1778497231075562879,0.229,1000,1.070,0.852,1.922,0.011,0.080,2.013
1778497231107733893,1778497231105587085,0.434,1000,0.824,0.490,1.313,0.162,0.230,1.706
1778497231157734588,1778497231155524546,0.333,1000,1.041,0.280,1.321,0.259,0.289,1.869
1778497231207562126,1778497231205583963,0.824,1000,0.586,0.284,0.870,0.135,0.142,1.147
1778497231228167143,1778497231225630277,0.499,1000,0.862,0.375,1.237,0.179,0.614,2.030
1778497231257023255,1778497231253850405,0.234,1000,1.095,0.412,1.507,0.166,1.259,2.932
1778497231278213760,1778497231275527226,0.343,1000,1.662,0.311,1.974,0.247,0.117,2.338
1778497231307612446,1778497231305616426,0.235,1000,1.074,0.475,1.549,0.050,0.155,1.754
1778497231327681449,1778497231325528113,0.655,1000,0.649,0.447,1.097,0.374,0.022,1.493
1778497231354850893,1778497231352659444,0.265,1000,1.182,0.259,1.442,0.201,0.277,1.919
1778497231408368895,1778497231405506453,0.894,1000,1.634,0.117,1.751,0.011,0.199,1.961
1778497231427773305,1778497231425543487,0.227,1000,1.314,0.304,1.618,0.358,0.020,1.997
1778497231477722479,1778497231475588919,0.209,1000,1.620,0.253,1.873,0.034,0.012,1.920
1778497231507692188,1778497231505563812,0.557,1000,0.774,0.663,1.436,0.029,0.100,1.565
1778497231528089551,1778497231525558093,0.287,1000,1.107,0.522,1.629,0.342,0.267,2.238
1778497231557834902,1778497231555591228,0.275,1000,1.051,0.385,1.435,0.312,0.215,1.962
1778497231607584839,1778497231605614451,0.233,1000,1.451,0.112,1.563,0.010,0.157,1.731
1778497231627688467,1778497231625565883,0.258,1000,1.689,0.142,1.831,0.016,0.013,1.860
1778497231707918909,1778497231705568864,0.484,1000,0.847,0.667,1.514,0.209,0.137,1.860
1778497231727844005,1778497231725587786,0.234,1000,1.186,0.398,1.584,0.199,0.232,2.015
1778497231779688396,1778497231775604193,0.810,1000,0.982,0.418,1.400,0.111,1.755,3.265
1778497231808662975,1778497231805593935,0.275,1000,1.297,0.365,1.662,0.926,0.199,2.787
1778497231827825042,1778497231825581048,0.342,1000,1.020,0.289,1.309,0.385,0.202,1.896
1778497231858138824,1778497231855592902,0.579,1000,0.849,0.498,1.347,0.592,0.023,1.961
1778497231877985197,1778497231875615600,0.234,1000,1.263,0.379,1.642,0.301,0.185,2.129
1778497231908622188,1778497231905607101,0.234,1000,1.782,0.527,2.309,0.223,0.242,2.774
1778497231928138536,1778497231925599206,0.232,1000,1.104,0.306,1.410,0.519,0.371,2.301
1778497231958299514,1778497231955547058,0.290,1000,1.036,0.404,1.441,0.828,0.187,2.456
1778497232008027882,1778497232005567530,0.254,1000,1.118,0.392,1.511,0.506,0.184,2.201
1778497232050524382,1778497232047974171,0.241,1000,1.540,0.251,1.791,0.247,0.264,2.302
1778497232078105228,1778497232075599851,0.530,1000,0.792,0.340,1.132,0.594,0.242,1.968
1778497232108099386,1778497232105593753,0.576,1000,1.010,0.253,1.263,0.639,0.022,1.925
1778497232127914206,1778497232125613634,0.281,1000,1.270,0.322,1.591,0.188,0.234,2.013
1778497232158140306,1778497232155595728,0.288,1000,1.094,0.754,1.848,0.098,0.304,2.250
1778497232177998551,1778497232175574200,0.239,1000,1.377,0.462,1.839,0.130,0.210,2.179
1778497232208435536,1778497232205621543,1.735,1000,0.043,0.720,0.764,0.034,0.275,1.072
1778497232258009500,1778497232255527260,0.238,1000,1.190,0.656,1.847,0.154,0.237,2.238
1778497232278098568,1778497232275549253,0.272,1000,1.175,0.644,1.819,0.156,0.295,2.270
1778497232308176728,1778497232305593684,0.330,1000,0.999,0.950,1.949,0.103,0.195,2.247
1778497232327619442,1778497232325565309,0.234,1000,1.005,0.507,1.513,0.191,0.110,1.814
1778497232357665025,1778497232355607980,0.261,1000,1.124,0.328,1.453,0.181,0.156,1.789
1778497232378223833,1778497232375621941,0.250,1000,1.130,0.806,1.936,0.246,0.164,2.345
1778497232407818364,1778497232405638307,0.254,1000,1.004,0.644,1.648,0.051,0.221,1.919
1778497232458485028,1778497232455585401,0.238,1000,1.160,0.697,1.857,0.562,0.236,2.656
1778497232511603853,1778497232505624113,0.238,1000,1.029,4.651,5.680,0.038,0.017,5.736
1778497232528150204,1778497232525644443,0.317,1000,1.023,0.393,1.416,0.419,0.347,2.182
1778497232558134953,1778497232555579047,0.268,1000,1.242,0.383,1.625,0.434,0.222,2.282
1778497232578037040,1778497232575590224,0.245,1000,1.076,0.367,1.443,0.510,0.243,2.196
1778497232608046878,1778497232605621919,0.244,1000,1.286,0.091,1.377,0.607,0.189,2.174
1778497232658497793,1778497232655597301,0.239,1000,1.937,0.082,2.019,0.410,0.226,2.655
1778497232707959113,1778497232705581964,0.341,1000,1.035,0.658,1.693,0.191,0.146,2.030
1778497232728028852,1778497232725623542,0.607,1000,0.675,0.588,1.264,0.184,0.344,1.791
1778497232808666794,1778497232805575577,0.945,1000,0.689,0.409,1.098,0.862,0.180,2.140
1778497232858472956,1778497232855541135,0.324,1000,1.152,0.521,1.673,0.583,0.345,2.601
1778497232879090293,1778497232875569561,0.230,1000,1.116,0.552,1.668,1.370,0.247,3.285
1778497232908107593,1778497232905574151,0.241,1000,1.256,0.241,1.497,0.589,0.199,2.285
1778497232958413224,1778497232955616639,0.643,1000,1.466,0.304,1.769,0.213,0.164,2.146
1778497233008076278,1778497233005585781,0.230,1000,1.200,0.397,1.597,0.484,0.173,2.254
1778497233027964636,1778497233025539325,0.303,1000,1.052,0.295,1.348,0.570,0.198,2.116
1778497233057957194,1778497233055589580,0.270,1000,1.380,0.106,1.486,0.474,0.132,2.092
1778497233077781231,1778497233075576053,0.269,1000,1.003,0.383,1.387,0.337,0.206,1.929
1778497233128143887,1778497233125636174,0.247,1000,1.227,0.332,1.559,0.501,0.194,2.254
1778497233158206366,1778497233155598618,0.261,1000,1.297,0.280,1.577,0.561,0.201,2.339
1778497233207764842,1778497233205596625,0.372,1000,1.234,0.128,1.362,0.248,0.180,1.790
1778497233228223423,1778497233225588346,0.401,1000,1.187,0.217,1.404,0.577,0.245,2.226
1778497233258147723,1778497233255619817,0.637,1000,1.158,0.043,1.201,0.518,0.166,1.884
1778497233279160590,1778497233275597969,0.276,1000,1.198,0.354,1.552,1.571,0.156,3.279
1778497233308169378,1778497233305580255,0.298,1000,1.061,0.440,1.501,0.656,0.127,2.284
1778497233358847915,1778497233355540564,0.428,1000,0.884,1.058,1.942,0.753,0.178,2.873
1778497233378387720,1778497233375584255,0.634,1000,0.799,0.302,1.101,0.711,0.351,2.162
1778497233408553882,1778497233405530571,0.261,1000,1.149,0.506,1.655,0.837,0.264,2.756
1778497233438549544,1778497233435587322,0.242,1000,1.161,0.354,1.515,0.940,0.258,2.713
1778497233508555432,1778497233505556410,0.233,1000,1.214,0.386,1.600,0.896,0.262,2.758
1778497233558325369,1778497233555570449,0.284,1000,1.202,0.255,1.457,0.823,0.185,2.465
1778497233588707024,1778497233585525181,0.792,1000,0.833,0.236,1.069,1.068,0.247,2.383
1778497233608539061,1778497233605570472,0.248,1000,1.873,0.046,1.918,0.611,0.185,2.714
1778497233637913235,1778497233635602230,0.518,1000,0.842,0.352,1.194,0.378,0.214,1.786
1778497233687989515,1778497233685573421,0.221,1000,1.245,0.387,1.632,0.536,0.021,2.189
1778497233708163065,1778497233705603126,0.399,1000,1.126,0.258,1.384,0.423,0.347,2.154
1778497233738195496,1778497233735583620,0.266,1000,1.208,1.096,2.304,0.023,0.014,2.341
1778497233757701092,1778497233755546572,0.225,1000,1.166,0.390,1.556,0.025,0.342,1.922
1778497233788193119,1778497233785680989,0.255,1000,2.172,0.047,2.218,0.020,0.014,2.253
1778497233807889920,1778497233805585636,0.219,1000,1.046,0.398,1.444,0.177,0.457,2.079
1778497233838039281,1778497233835596754,0.456,1000,0.901,0.476,1.377,0.348,0.256,1.980
1778497233857925304,1778497233855609179,0.204,1000,1.179,0.326,1.505,0.471,0.130,2.106
1778497233888032808,1778497233885554216,0.442,1000,0.880,0.655,1.535,0.237,0.258,2.031
1778497233908032273,1778497233905579409,0.309,1000,1.527,0.068,1.595,0.306,0.237,2.138
1778497233938829300,1778497233935592928,0.214,1000,2.097,0.499,2.596,0.227,0.193,3.016
1778497233958377521,1778497233955576488,0.244,1000,1.178,0.308,1.487,0.764,0.300,2.551
1778497233988199386,1778497233985553685,0.226,1000,1.236,0.407,1.642,0.498,0.273,2.414
1778497234007844730,1778497234005592608,0.628,1000,0.869,0.168,1.037,0.433,0.147,1.617
1778497234057872530,1778497234055550421,0.228,1000,1.138,0.702,1.840,0.148,0.100,2.088
1778497234088203656,1778497234085559523,0.258,1000,1.488,0.137,1.625,0.650,0.104,2.380
1778497234108017133,1778497234105549868,0.240,1000,1.386,0.321,1.708,0.438,0.077,2.222
1778497234137793012,1778497234135597595,0.231,1000,1.102,0.343,1.445,0.346,0.166,1.958
1778497234157815966,1778497234155578596,0.226,1000,0.989,0.385,1.374,0.374,0.256,2.005
1778497234187801004,1778497234185583346,0.250,1000,1.076,0.402,1.478,0.335,0.147,1.960
1778497234207895223,1778497234205500729,2.271,1000,0.042,0.038,0.081,0.022,0.015,0.118
1778497234238630808,1778497234235584361,0.231,1000,2.024,0.403,2.427,0.257,0.124,2.809
1778497234256480649,1778497234253882661,0.228,1000,1.333,0.069,1.402,0.468,0.485,2.354
1778497234288164643,1778497234285596320,0.304,1000,1.290,0.439,1.729,0.353,0.177,2.258
1778497234307989511,1778497234305544904,0.619,1000,0.777,0.388,1.166,0.489,0.164,1.819
1778497234338378623,1778497234335601815,0.295,1000,1.365,0.386,1.751,0.565,0.159,2.475
1778497234355365978,1778497234352979964,0.290,1000,1.195,0.308,1.503,0.447,0.139,2.089
1778497234388238258,1778497234385543660,0.275,1000,1.117,0.580,1.697,0.369,0.347,2.412
1778497234407690925,1778497234405557526,0.245,1000,1.763,0.048,1.811,0.020,0.051,1.882
1778497234438006691,1778497234435551427,0.307,1000,1.034,0.494,1.529,0.185,0.427,2.141
1778497234458215090,1778497234455555853,0.526,1000,1.249,0.291,1.540,0.332,0.254,2.126
1778497234488366788,1778497234485577339,0.249,1000,1.266,0.863,2.130,0.165,0.239,2.534
1778497234508305099,1778497234505560548,0.247,1000,1.237,0.431,1.668,0.621,0.202,2.491
1778497234538034898,1778497234535589554,0.473,1000,0.980,0.508,1.488,0.224,0.254,1.966
1778497234557928504,1778497234555580539,0.313,1000,1.065,0.515,1.581,0.234,0.214,2.029
1778497234589767414,1778497234585651211,0.297,1000,1.029,2.303,3.332,0.287,0.193,3.812
1778497234607865741,1778497234605587378,0.475,1000,0.924,0.447,1.371,0.214,0.211,1.797
1778497234638552077,1778497234635561887,0.268,1000,1.266,0.895,2.161,0.305,0.249,2.716
1778497234657980103,1778497234655585833,0.604,1000,0.903,0.280,1.183,0.367,0.233,1.784
1778497234687623724,1778497234685572662,0.218,1000,1.150,0.285,1.435,0.256,0.135,1.826
1778497234707831610,1778497234705606976,0.456,1000,1.521,0.047,1.568,0.020,0.174,1.762
1778497234758654951,1778497234755585815,0.249,1000,2.238,0.100,2.338,0.228,0.248,2.813
1778497234787655098,1778497234785583780,0.258,1000,1.196,0.205,1.401,0.391,0.016,1.808
1778497234807845672,1778497234805537004,0.703,1000,0.703,0.855,1.558,0.028,0.015,1.601
1778497234838067260,1778497234835558843,0.215,1000,1.455,0.276,1.731,0.332,0.224,2.287
1778497234858278507,1778497234855567844,0.217,1000,1.172,0.738,1.911,0.431,0.146,2.488
1778497234887834061,1778497234885533201,0.215,1000,1.294,0.361,1.655,0.379,0.046,2.081
1778497234937809411,1778497234935526535,0.495,1000,0.920,0.266,1.186,0.312,0.284,1.782
1778497234957791724,1778497234955569842,0.259,1000,1.203,0.588,1.791,0.150,0.016,1.958
1778497234987856699,1778497234985556831,0.395,1000,1.238,0.554,1.793,0.020,0.086,1.898
1778497235037643340,1778497235035548342,0.600,1000,0.826,0.620,1.446,0.027,0.016,1.490
1778497235058253669,1778497235055531614,0.601,1000,0.790,1.250,2.040,0.062,0.014,2.116
1778497235088262419,1778497235085562189,0.615,1000,0.745,0.548,1.294,0.474,0.312,2.079
1778497235108928270,1778497235105522997,0.230,1000,2.117,0.537,2.654,0.291,0.218,3.163
1778497235159042280,1778497235155602734,1.468,1000,1.052,0.243,1.295,0.445,0.223,1.964
1778497235188019227,1778497235185598108,0.252,1000,1.047,0.617,1.664,0.188,0.310,2.162
1778497235207525079,1778497235205548963,0.603,1000,0.717,0.466,1.183,0.056,0.127,1.366
1778497235238458365,1778497235235530897,0.271,1000,1.371,0.609,1.980,0.415,0.255,2.650
1778497235259164217,1778497235255555514,0.229,1000,2.119,0.395,2.514,0.662,0.197,3.373
1778497235287752897,1778497235285553352,0.238,1000,1.167,0.738,1.905,0.033,0.018,1.956
1778497235308086195,1778497235305557425,0.430,1000,0.962,0.274,1.235,0.843,0.016,2.094
1778497235338892470,1778497235335573055,0.242,1000,2.227,0.420,2.647,0.212,0.212,3.071
1778497235387925620,1778497235385667737,0.378,1000,1.529,0.049,1.577,0.071,0.224,1.873
1778497235407853115,1778497235405562015,0.262,1000,1.183,0.409,1.592,0.244,0.187,2.023
1778497235437709541,1778497235435564557,0.222,1000,1.200,0.328,1.528,0.123,0.265,1.915
1778497235458180058,1778497235455576310,0.216,1000,1.339,0.503,1.841,0.243,0.298,2.382
1778497235507774727,1778497235505588526,0.254,1000,1.180,0.197,1.377,0.268,0.281,1.926
1778497235537965241,1778497235535564763,0.222,1000,1.069,0.711,1.780,0.271,0.121,2.172
1778497235558104390,1778497235555591493,0.341,1000,1.136,0.930,2.066,0.029,0.072,2.167
1778497235587715018,1778497235585565842,0.249,1000,1.025,0.826,1.851,0.028,0.015,1.895
1778497235607860022,1778497235605528346,0.246,1000,1.091,0.426,1.517,0.375,0.189,2.080
1778497235637633854,1778497235635577321,0.218,1000,1.133,0.446,1.579,0.047,0.206,1.832
1778497235657725674,1778497235655532465,0.623,1000,0.972,0.117,1.088,0.349,0.126,1.563
1778497235687846971,1778497235685525662,0.365,1000,0.961,0.465,1.426,0.509,0.016,1.951
1778497235707673823,1778497235705556232,0.260,1000,1.212,0.224,1.436,0.370,0.047,1.853
1778497235737876818,1778497235735525877,0.631,1000,1.120,0.206,1.326,0.220,0.166,1.712
1778497235759126044,1778497235755536382,0.258,1000,2.609,0.393,3.002,0.148,0.174,3.325
1778497235807765903,1778497235805531765,0.246,1000,1.907,0.044,1.951,0.019,0.014,1.984
1778497235837665915,1778497235835571908,0.228,1000,1.193,0.221,1.414,0.431,0.015,1.861
1778497235857611554,1778497235855567213,0.262,1000,1.133,0.254,1.388,0.281,0.108,1.776
1778497235907757597,1778497235905499778,0.249,1000,1.050,0.376,1.427,0.167,0.409,2.002
1778497235938049490,1778497235935571634,0.306,1000,1.095,0.500,1.595,0.303,0.266,2.165
1778497236038031935,1778497236035606400,0.253,1000,1.122,0.680,1.802,0.029,0.336,2.166
1778497236057662783,1778497236055513671,0.232,1000,1.181,0.261,1.442,0.247,0.221,1.911
1778497236107848187,1778497236105570079,0.241,1000,1.187,0.473,1.660,0.128,0.243,2.030
1778497236137965675,1778497236135591213,0.235,1000,1.466,0.123,1.588,0.322,0.223,2.133
1778497236157954932,1778497236155580758,0.653,1000,0.935,0.327,1.261,0.187,0.267,1.715
1778497236207938699,1778497236205581997,0.494,1000,0.805,0.514,1.318,0.286,0.246,1.851
1778497236287890254,1778497236285564657,0.302,1000,1.005,0.387,1.392,0.378,0.247,2.017
1778497236308044443,1778497236305586267,0.227,1000,1.358,0.254,1.612,0.306,0.307,2.225
1778497236336762855,1778497236334407338,0.255,1000,1.282,0.346,1.628,0.275,0.174,2.077
1778497236387998814,1778497236385567807,0.456,1000,0.901,0.507,1.409,0.403,0.157,1.969
1778497236408109258,1778497236405552296,0.638,1000,0.872,0.450,1.321,0.403,0.188,1.913
1778497236438027382,1778497236435595286,0.327,1000,1.314,0.271,1.585,0.244,0.270,2.099
1778497236458012895,1778497236455571807,0.281,1000,1.653,0.199,1.852,0.066,0.236,2.153
1778497236487687364,1778497236485537676,0.595,1000,0.748,0.356,1.104,0.179,0.265,1.548
1778497236507689069,1778497236505583094,0.339,1000,1.122,0.141,1.263,0.308,0.189,1.760
1778497236538018531,1778497236535583172,0.255,1000,1.421,0.707,2.127,0.031,0.016,2.174
1778497236557812071,1778497236555579565,0.256,1000,1.139,0.442,1.581,0.339,0.050,1.971
1778497236590780066,1778497236585512025,0.292,1000,4.199,0.354,4.553,0.201,0.216,4.970
1778497236607765149,1778497236605582276,0.597,1000,0.845,0.351,1.196,0.294,0.090,1.580
1778497236638163285,1778497236635597490,0.664,1000,1.108,0.140,1.247,0.236,0.411,1.895
1778497236657985081,1778497236655582171,0.250,1000,1.044,0.461,1.505,0.627,0.016,2.148
1778497236687825475,1778497236685588488,0.403,1000,1.658,0.143,1.801,0.016,0.012,1.829
1778497236707658087,1778497236705585105,0.229,1000,1.076,0.401,1.477,0.204,0.156,1.837
1778497236737990974,1778497236735590495,0.339,1000,1.221,0.139,1.360,0.486,0.210,2.056
1778497236758291183,1778497236755556487,0.236,1000,1.224,0.231,1.456,0.562,0.474,2.492
1778497236787702925,1778497236785618007,0.266,1000,1.314,0.069,1.383,0.378,0.054,1.814
1778497236838007916,1778497236835578861,0.242,1000,1.358,0.143,1.501,0.215,0.463,2.180
1778497236857968916,1778497236855594070,0.245,1000,1.088,0.939,2.027,0.029,0.069,2.125
1778497236887765532,1778497236885589348,0.249,1000,1.278,0.502,1.779,0.026,0.115,1.921
1778497236918123411,1778497236915606930,0.239,1000,1.102,0.592,1.694,0.251,0.325,2.271
1778497236938216063,1778497236935524953,0.305,1000,1.564,0.280,1.844,0.215,0.320,2.380
1778497236967923365,1778497236965564776,0.240,1000,1.266,0.808,2.074,0.026,0.015,2.114
1778497236988119091,1778497236985529264,0.264,1000,1.014,0.310,1.323,0.665,0.331,2.320
1778497237017668405,1778497237015529053,0.278,1000,1.167,0.579,1.746,0.025,0.085,1.856
1778497237038177420,1778497237035587272,0.229,1000,1.579,0.654,2.233,0.104,0.018,2.355
1778497237067833360,1778497237065527668,0.272,1000,1.046,0.842,1.888,0.032,0.108,2.028
1778497237117799078,1778497237115534539,0.291,1000,1.092,0.656,1.748,0.030,0.188,1.967
1778497237138182713,1778497237135538932,0.483,1000,1.201,0.248,1.449,0.536,0.170,2.154
1778497237167806813,1778497237165566563,0.283,1000,1.006,0.906,1.912,0.026,0.014,1.952
1778497237187954730,1778497237185594861,0.249,1000,1.277,0.781,2.058,0.026,0.022,2.105
1778497237838494464,1778497237835600341,0.486,1000,1.595,0.745,2.340,0.024,0.039,2.403
1778497237868279784,1778497237865644516,0.460,1000,1.139,0.306,1.446,0.358,0.366,2.169
1778497237887588928,1778497237885608588,0.267,1000,0.957,0.411,1.368,0.164,0.175,1.708
1778497237917986040,1778497237915595097,0.221,1000,1.169,0.618,1.788,0.263,0.112,2.163
1778497237937684473,1778497237935570114,0.316,1000,1.005,0.522,1.527,0.141,0.124,1.791
1778497237968148275,1778497237965603248,0.265,1000,1.068,0.424,1.491,0.461,0.321,2.273
1778497237988028569,1778497237985572825,0.264,1000,1.665,0.150,1.815,0.216,0.154,2.185
1778497238011606975,1778497238009544265,0.227,1000,1.060,0.337,1.397,0.413,0.021,1.831
1778497238067765590,1778497238065598334,0.320,1000,0.928,0.364,1.292,0.401,0.148,1.841
1778497238137955707,1778497238135604254,0.244,1000,1.631,0.046,1.678,0.268,0.156,2.101
1778497238167699458,1778497238165581035,0.241,1000,1.186,0.358,1.544,0.167,0.160,1.871
1778497238217767195,1778497238215591074,0.262,1000,1.334,0.285,1.620,0.027,0.259,1.906
1778497238268023064,1778497238265550359,0.256,1000,1.176,0.424,1.600,0.404,0.205,2.210
1778497238318027791,1778497238315590927,0.261,1000,1.202,0.379,1.581,0.575,0.015,2.171
1778497238338684137,1778497238335608409,0.245,1000,2.118,0.299,2.417,0.161,0.246,2.824
1778497238367889154,1778497238365613159,0.232,1000,1.288,0.181,1.469,0.219,0.349,2.037
1778497238387858250,1778497238385618544,0.228,1000,1.055,0.508,1.563,0.145,0.297,2.006
1778497238417754357,1778497238415600349,0.281,1000,1.212,0.296,1.508,0.242,0.117,1.867
1778497238468114389,1778497238465542002,0.254,1000,1.231,0.654,1.885,0.052,0.374,2.311
1778497238487784502,1778497238485545948,0.241,1000,1.062,0.577,1.638,0.135,0.217,1.991
1778497238538139702,1778497238535622260,0.245,1000,1.205,0.439,1.644,0.302,0.320,2.266
1778497238567856220,1778497238565528127,0.293,1000,1.089,0.444,1.532,0.482,0.016,2.030
1778497238588144781,1778497238585541929,0.311,1000,1.439,0.398,1.838,0.182,0.265,2.285
1778497238617751056,1778497238615549463,0.358,1000,1.073,0.310,1.383,0.177,0.278,1.838
1778497238638005824,1778497238635542144,0.253,1000,1.145,0.657,1.802,0.236,0.167,2.204
1778497238667863434,1778497238665546797,0.270,1000,1.130,0.456,1.585,0.175,0.280,2.040
1778497238687683342,1778497238685519414,0.247,1000,1.117,0.327,1.444,0.452,0.016,1.912
1778497238717971811,1778497238715539396,0.240,1000,1.183,0.455,1.638,0.243,0.304,2.185
1778497238787484247,1778497238785542596,0.276,1000,0.951,0.668,1.619,0.025,0.015,1.660
1778497238841007625,1778497238835573468,4.074,1000,0.046,0.602,0.648,0.554,0.152,1.353
1778497238867800099,1778497238865577193,0.236,1000,1.008,0.420,1.428,0.326,0.227,1.980
1778497238917719256,1778497238915558112,0.288,1000,1.082,0.338,1.421,0.184,0.261,1.865
1778497238938186253,1778497238935559017,0.725,1000,0.823,0.393,1.216,0.414,0.266,1.896
1778497238967820721,1778497238965532662,0.231,1000,1.051,0.420,1.471,0.431,0.150,2.052
1778497238987997951,1778497238985562368,0.255,1000,1.076,0.407,1.482,0.537,0.154,2.173
1778497239017692357,1778497239015556749,0.584,1000,0.669,0.378,1.047,0.338,0.159,1.545
1778497239038054775,1778497239035575799,0.277,1000,1.225,0.255,1.480,0.640,0.076,2.196
1778497239068044677,1778497239065555140,0.418,1000,0.958,0.261,1.220,0.635,0.209,2.064
1778497239087959403,1778497239085561069,0.226,1000,1.066,0.377,1.444,0.552,0.171,2.167
1778497239118072572,1778497239115553786,0.230,1000,1.041,0.435,1.476,0.572,0.234,2.282
1778497239137888992,1778497239135518883,0.738,1000,0.712,0.399,1.111,0.296,0.219,1.626
1778497239168019985,1778497239165550801,0.285,1000,1.282,0.186,1.468,0.443,0.266,2.178
1778497239187851382,1778497239185530426,0.250,1000,1.159,0.349,1.509,0.304,0.251,2.064
1778497239217782434,1778497239215560104,0.255,1000,1.172,0.259,1.431,0.353,0.176,1.960
1778497239237829644,1778497239235541169,0.365,1000,1.124,0.310,1.434,0.287,0.197,1.917
1778497239267769144,1778497239265563743,0.231,1000,1.158,0.281,1.439,0.309,0.219,1.967
1778497239287999303,1778497239285556008,0.227,1000,1.026,0.483,1.508,0.495,0.207,2.211
1778497239317737230,1778497239315521652,0.230,1000,1.093,0.360,1.454,0.326,0.199,1.979
1778497239337687862,1778497239335518045,0.592,1000,0.736,0.301,1.037,0.401,0.134,1.572
1778497239367637506,1778497239365546860,0.375,1000,0.911,0.299,1.210,0.305,0.195,1.710
1778497239387921843,1778497239385566453,0.485,1000,0.890,0.290,1.180,0.340,0.343,1.863
1778497239417907744,1778497239415547875,0.242,1000,1.194,0.305,1.499,0.297,0.315,2.111
1778497239438342869,1778497239435556332,0.251,1000,1.260,0.384,1.644,0.457,0.428,2.528
1778497239468043450,1778497239465547513,0.254,1000,1.324,0.069,1.392,0.601,0.243,2.236
1778497239487702811,1778497239485523234,0.273,1000,0.983,0.374,1.357,0.332,0.211,1.900
1778497239517963311,1778497239515562384,0.306,1000,1.105,0.785,1.890,0.026,0.172,2.088
1778497239538096220,1778497239535558969,0.488,1000,0.790,0.534,1.324,0.529,0.189,2.042
1778497239567825218,1778497239565506854,1.116,1000,0.339,0.245,0.584,0.325,0.287,1.196
1778497239590653589,1778497239585663027,0.579,1000,3.685,0.413,4.098,0.185,0.122,4.405
1778497239617647892,1778497239615542301,0.516,1000,1.474,0.045,1.519,0.019,0.047,1.584
1778497239637741664,1778497239635526438,0.497,1000,1.603,0.047,1.649,0.019,0.045,1.713
1778497239667847888,1778497239665546164,0.249,1000,1.012,0.588,1.600,0.030,0.410,2.041
1778497239687955484,1778497239685557726,0.553,1000,1.043,0.246,1.289,0.222,0.327,1.838
1778497239718001835,1778497239715568331,0.233,1000,1.255,0.522,1.777,0.227,0.190,2.194
1778497239737801743,1778497239735558324,0.278,1000,1.152,0.359,1.511,0.184,0.264,1.958
1778497239767634488,1778497239765539777,0.250,1000,1.008,0.463,1.470,0.188,0.178,1.837
1778497239787652578,1778497239785554187,0.236,1000,1.030,0.438,1.468,0.195,0.193,1.856
1778497239817694704,1778497239815553305,0.252,1000,1.044,0.455,1.499,0.236,0.147,1.883
1778497239868179732,1778497239865559631,0.321,1000,0.919,0.550,1.469,0.807,0.017,2.294
1778497239917636796,1778497239915538054,0.227,1000,1.135,0.377,1.511,0.162,0.191,1.864
1778497239937967246,1778497239935554927,0.356,1000,0.990,0.392,1.382,0.406,0.262,2.050
1778497239967837560,1778497239965526812,0.220,1000,1.188,0.589,1.778,0.146,0.160,2.084
1778497239987600027,1778497239985515557,0.304,1000,0.973,0.409,1.382,0.163,0.229,1.774
1778497240017686923,1778497240015501010,0.329,1000,0.988,0.441,1.429,0.148,0.272,1.850
1778497240088077749,1778497240085539859,0.306,1000,1.446,0.253,1.699,0.145,0.381,2.225
1778497240137926504,1778497240135548842,0.584,1000,0.753,0.658,1.412,0.180,0.195,1.787
1778497240167715344,1778497240165524215,0.286,1000,1.022,0.319,1.341,0.337,0.220,1.899
1778497240188009825,1778497240185550753,0.302,1000,1.032,0.482,1.513,0.449,0.189,2.151
1778497240217805545,1778497240215556718,1.507,1000,0.039,0.378,0.417,0.298,0.022,0.737
1778497240237964182,1778497240235563992,0.242,1000,1.295,0.252,1.547,0.350,0.254,2.151
1778497240268333837,1778497240265544997,0.230,1000,1.133,1.222,2.354,0.028,0.170,2.552
1778497240287960141,1778497240285555022,0.242,1000,1.171,0.234,1.405,0.566,0.185,2.156
1778497240313281472,1778497240311169417,0.236,1000,1.064,0.305,1.368,0.449,0.054,1.871
1778497240337851777,1778497240335559333,0.253,1000,1.154,0.424,1.577,0.435,0.022,2.034
1778497240362851852,1778497240360667059,0.350,1000,0.991,0.385,1.376,0.350,0.101,1.828
1778497240387869432,1778497240385537979,0.357,1000,1.196,0.077,1.273,0.497,0.197,1.967
1778497240418713819,1778497240415551561,0.256,1000,1.202,0.887,2.089,0.497,0.313,2.899
1778497240438067828,1778497240435556594,0.316,1000,0.978,0.421,1.399,0.776,0.015,2.190
1778497240467854748,1778497240465563232,0.226,1000,1.133,0.354,1.487,0.390,0.182,2.058
1778497240488110123,1778497240485517960,0.331,1000,0.959,0.477,1.437,0.556,0.262,2.255
1778497240518077464,1778497240515494389,0.242,1000,1.130,0.484,1.614,0.528,0.192,2.335
1778497240538164868,1778497240535531199,0.267,1000,1.443,0.320,1.763,0.321,0.276,2.360
1778497240567827688,1778497240565542349,0.256,1000,1.897,0.045,1.943,0.018,0.064,2.024
1778497240618172104,1778497240615628198,0.740,1000,0.998,0.055,1.052,0.533,0.211,1.797
1778497240641779503,1778497240635544589,0.250,1000,1.048,4.033,5.082,0.506,0.390,5.978
1778497240668117693,1778497240665557595,0.228,1000,1.207,0.370,1.577,0.450,0.298,2.326
1778497240687598201,1778497240685559012,0.275,1000,0.960,0.445,1.405,0.212,0.140,1.757
1778497240718004913,1778497240715526480,0.246,1000,0.960,0.713,1.674,0.375,0.177,2.226
1778497240738080956,1778497240735712734,0.352,1000,1.092,0.312,1.403,0.590,0.017,2.011
1778497240767976807,1778497240765525735,0.601,1000,0.741,0.372,1.113,0.497,0.232,1.843
1778497240787922575,1778497240785521904,0.255,1000,0.984,0.493,1.477,0.576,0.087,2.140
1778497240818145442,1778497240815536318,0.237,1000,1.181,0.454,1.635,0.521,0.210,2.366
1778497240838433779,1778497240835509415,0.231,1000,1.155,0.584,1.738,0.644,0.304,2.686
1778497240868137689,1778497240865517652,0.242,1000,1.370,0.321,1.691,0.416,0.264,2.371
1778497240888285414,1778497240885519581,0.687,1000,0.687,0.513,1.200,0.601,0.271,2.072
1778497240918277491,1778497240915561900,0.588,1000,1.075,0.264,1.339,0.239,0.543,2.120
1778497240938399679,1778497240935567125,0.284,1000,1.285,0.156,1.441,0.766,0.334,2.542
1778497240968133030,1778497240965585956,0.340,1000,1.155,0.290,1.445,0.511,0.245,2.201
1778497240988052493,1778497240985523115,0.229,1000,1.339,0.233,1.572,0.491,0.230,2.293
1778497241011775223,1778497241009461467,0.673,1000,0.813,0.281,1.094,0.520,0.022,1.635
1778497241038002850,1778497241035556227,0.229,1000,1.071,0.575,1.646,0.260,0.304,2.210
1778497241067929070,1778497241065526063,0.247,1000,1.041,0.691,1.732,0.379,0.041,2.151
1778497241088224159,1778497241085525016,0.596,1000,0.764,0.390,1.154,0.921,0.022,2.097
1778497241118186731,1778497241115528710,0.227,1000,1.084,0.601,1.684,0.546,0.194,2.424
1778497241137846155,1778497241135529903,0.249,1000,1.487,0.196,1.683,0.212,0.165,2.061
1778497241167765239,1778497241165551133,0.250,1000,1.030,0.525,1.555,0.281,0.122,1.958
1778497241187825954,1778497241185520966,0.297,1000,0.982,0.585,1.567,0.355,0.080,2.002
1778497241218033589,1778497241215526867,0.320,1000,1.111,0.294,1.405,0.494,0.281,2.180
1778497241247947360,1778497241245545025,0.590,1000,0.903,0.135,1.038,0.548,0.220,1.806
1778497241268479767,1778497241265570187,0.380,1000,0.922,0.462,1.384,1.056,0.083,2.522
1778497241298609832,1778497241295558424,0.355,1000,1.122,0.416,1.538,0.978,0.174,2.690
1778497241318167653,1778497241315576962,0.369,1000,1.222,0.305,1.528,0.434,0.253,2.215
1778497241347985230,1778497241345497838,0.639,1000,1.012,0.230,1.242,0.413,0.186,1.841
1778497241398043238,1778497241395531941,0.464,1000,0.901,0.844,1.744,0.027,0.270,2.041
1778497241417993582,1778497241415526286,0.453,1000,0.945,0.782,1.727,0.025,0.255,2.007
1778497241448051197,1778497241445499483,0.232,1000,1.087,0.768,1.855,0.244,0.215,2.314
1778497241467977989,1778497241465524197,0.252,1000,1.056,0.721,1.777,0.181,0.238,2.195
1778497241497986674,1778497241495518706,0.307,1000,1.199,0.552,1.751,0.150,0.254,2.155
1778497241518089950,1778497241515520251,0.408,1000,1.087,0.601,1.688,0.175,0.292,2.155
1778497241540562984,1778497241538049734,0.294,1000,1.223,0.533,1.756,0.192,0.264,2.213
1778497241568093525,1778497241565542354,0.638,1000,0.871,0.706,1.577,0.067,0.262,1.906
1778497241598169828,1778497241595588545,0.586,1000,0.979,0.966,1.945,0.030,0.016,1.990
1778497241618840959,1778497241615556425,0.338,1000,1.373,1.189,2.562,0.359,0.021,2.941
1778497241647794929,1778497241645579960,0.488,1000,1.086,0.242,1.328,0.179,0.213,1.721
1778497241667852892,1778497241665579233,0.484,1000,1.054,0.379,1.433,0.129,0.222,1.784
1778497241697858890,1778497241695573262,0.804,1000,0.799,0.286,1.085,0.176,0.215,1.476
1778497241717763248,1778497241715533846,0.312,1000,0.954,0.594,1.548,0.143,0.220,1.911
1778497241747861248,1778497241745529700,0.232,1000,1.106,0.481,1.587,0.172,0.334,2.093
1778497241768336694,1778497241765579982,0.376,1000,1.101,0.422,1.522,0.553,0.299,2.375
1778497241801653594,1778497241795604860,0.646,1000,0.956,4.013,4.969,0.285,0.142,5.396
1778497241819065760,1778497241815585573,0.342,1000,2.268,0.456,2.724,0.297,0.111,3.132
1778497241847970001,1778497241845530737,0.599,1000,0.679,0.783,1.462,0.170,0.202,1.833
1778497241867836790,1778497241865526554,0.260,1000,1.093,0.529,1.622,0.239,0.183,2.044
1778497241899014690,1778497241895593001,0.354,1000,2.043,0.699,2.742,0.246,0.074,3.062
1778497241918015217,1778497241915585682,0.367,1000,1.368,0.235,1.603,0.104,0.348,2.055
1778497241948407497,1778497241945574976,0.580,1000,0.963,0.554,1.517,0.115,0.613,2.245
1778497241968333968,1778497241965560200,0.435,1000,1.018,0.478,1.495,0.568,0.269,2.332
1778497241998223995,1778497241995545941,0.422,1000,1.123,0.346,1.470,0.493,0.287,2.249
1778497242018085921,1778497242015547967,0.646,1000,0.904,0.427,1.331,0.321,0.233,1.884
1778497242048267763,1778497242045579245,0.343,1000,1.343,0.151,1.494,0.516,0.329,2.338
1778497242068301181,1778497242065563734,0.375,1000,1.267,0.292,1.560,0.516,0.280,2.356
1778497242098164359,1778497242095525506,0.611,1000,0.823,0.544,1.367,0.532,0.121,2.021
1778497242120328392,1778497242115484682,0.340,1000,1.160,2.569,3.730,0.606,0.155,4.492
1778497242148087004,1778497242145530425,0.330,1000,0.959,0.524,1.483,0.556,0.180,2.220
1778497242168094949,1778497242165507777,0.601,1000,0.737,0.460,1.197,0.615,0.168,1.980
1778497242197922190,1778497242195497935,0.253,1000,1.096,0.603,1.699,0.275,0.191,2.164
1778497242218201054,1778497242215517976,0.245,1000,1.186,0.423,1.608,0.639,0.184,2.431
1778497242248162699,1778497242245555303,0.347,1000,1.233,0.312,1.545,0.539,0.170,2.254
1778497242268670753,1778497242265527855,0.265,1000,1.099,0.702,1.801,0.838,0.232,2.872
1778497242297951964,1778497242295498076,0.213,1000,1.148,0.530,1.678,0.398,0.159,2.235
1778497242317919940,1778497242315554759,0.294,1000,0.955,0.397,1.352,0.534,0.178,2.065
1778497242348344989,1778497242345546036,0.334,1000,1.190,0.344,1.534,0.714,0.209,2.458
1778497242367506032,1778497242365485531,0.334,1000,1.012,0.333,1.345,0.098,0.237,1.680
1778497242398086861,1778497242395559275,0.666,1000,0.761,0.510,1.272,0.361,0.223,1.855
1778497242417947858,1778497242415536819,0.611,1000,0.732,0.477,1.209,0.132,0.452,1.793
1778497242448690099,1778497242445548449,0.583,1000,1.795,0.047,1.842,0.060,0.650,2.552
1778497242467807205,1778497242465561579,0.649,1000,1.030,0.107,1.136,0.200,0.254,1.590
1778497242498123291,1778497242495567960,0.302,1000,1.090,0.490,1.580,0.405,0.261,2.246
1778497242547859211,1778497242545509837,0.237,1000,1.369,0.189,1.558,0.261,0.287,2.106
1778497242567806098,1778497242565547992,0.267,1000,0.978,0.624,1.601,0.150,0.234,1.985
1778497242598060903,1778497242595552261,0.246,1000,1.130,0.749,1.879,0.145,0.233,2.256
1778497242618078096,1778497242615563855,0.637,1000,1.251,0.200,1.452,0.251,0.169,1.871
1778497242648884147,1778497242645543196,0.503,1000,1.423,0.953,2.375,0.254,0.202,2.831
1778497242668165865,1778497242665624295,0.355,1000,1.279,0.333,1.611,0.180,0.389,2.180
1778497242697779149,1778497242695600756,0.383,1000,1.162,0.255,1.417,0.292,0.080,1.789
1778497242718492552,1778497242715576252,0.358,1000,1.198,0.428,1.626,0.276,0.650,2.552
1778497242749759927,1778497242745536073,0.279,1000,1.058,2.354,3.411,0.303,0.224,3.938
1778497242797961087,1778497242795543968,0.341,1000,1.195,0.581,1.776,0.192,0.102,2.071
1778497242867960286,1778497242865557632,0.250,1000,1.251,0.287,1.538,0.328,0.279,2.145
1778497242898163985,1778497242895557421,0.602,1000,1.161,0.075,1.236,0.534,0.228,1.998
1778497242918240156,1778497242915501365,0.610,1000,0.869,0.544,1.413,0.554,0.155,2.122
1778497242969290318,1778497242965581005,0.422,1000,1.096,0.596,1.692,0.235,1.353,3.280
1778497242998094493,1778497242995616668,0.558,1000,0.974,0.210,1.184,0.268,0.461,1.913
1778497243018054021,1778497243015620485,0.349,1000,1.176,0.556,1.732,0.232,0.115,2.079
1778497243048664066,1778497243045595922,0.298,1000,1.067,1.603,2.669,0.081,0.015,2.765
1778497243069765864,1778497243065556410,3.206,1000,0.040,0.914,0.954,0.028,0.016,0.998
1778497243098550422,1778497243095543655,0.330,1000,1.105,1.107,2.212,0.028,0.431,2.671
1778497243118246647,1778497243115570929,0.449,1000,0.989,0.339,1.328,0.564,0.327,2.220
1778497243148269445,1778497243145566975,0.412,1000,1.106,0.302,1.409,0.671,0.204,2.283
1778497243178261362,1778497243175623054,0.392,1000,1.037,0.451,1.488,0.478,0.272,2.239
1778497243198804265,1778497243195570741,0.385,1000,1.319,0.340,1.658,0.962,0.222,2.842
1778497243228119685,1778497243225626852,0.317,1000,1.087,0.333,1.421,0.466,0.282,2.169
1778497243248196816,1778497243245565996,0.836,1000,0.745,0.452,1.197,0.327,0.265,1.788
1778497243270269327,1778497243268086518,0.341,1000,1.201,0.226,1.427,0.177,0.232,1.836
1778497243297842686,1778497243295545826,0.421,1000,0.926,0.493,1.419,0.277,0.149,1.845
1778497243328189044,1778497243325655090,0.390,1000,1.350,0.318,1.668,0.272,0.196,2.137
1778497243348094299,1778497243345612506,0.298,1000,2.098,0.047,2.145,0.019,0.015,2.179
1778497243377803745,1778497243375555718,0.387,1000,0.976,0.593,1.569,0.051,0.235,1.854
1778497243392923691,1778497243390190403,0.251,1000,1.205,1.186,2.391,0.032,0.055,2.478
1778497243418806381,1778497243416888827,0.874,1000,0.670,0.057,0.727,0.159,0.150,1.037
1778497243448377711,1778497243445491972,0.260,1000,1.004,0.578,1.582,0.959,0.079,2.620
1778497243478008563,1778497243475552339,0.271,1000,1.164,0.303,1.467,0.421,0.291,2.179
1778497243498051389,1778497243495503515,0.471,1000,0.933,0.366,1.298,0.470,0.302,2.070
1778497243528470422,1778497243525514921,0.231,1000,1.200,0.399,1.599,0.883,0.236,2.718
1778497243548577538,1778497243545539827,0.302,1000,1.333,0.345,1.678,0.882,0.169,2.729
1778497243578658769,1778497243575520064,0.333,1000,1.467,0.176,1.643,0.922,0.235,2.799
1778497243598562424,1778497243595526569,0.856,1000,0.642,0.465,1.107,0.851,0.214,2.172
1778497243628371105,1778497243625524662,0.233,1000,1.041,0.278,1.318,1.110,0.178,2.607
1778497243649056443,1778497243645489247,0.637,1000,0.711,0.730,1.442,0.821,0.660,2.922
1778497243701750456,1778497243695495093,0.461,1000,0.840,3.479,4.319,1.289,0.179,5.787
1778497243718435947,1778497243715557568,0.224,1000,1.061,0.768,1.828,0.649,0.170,2.648
1778497243749079817,1778497243745508108,0.247,1000,1.010,0.520,1.529,1.621,0.168,3.318
1778497243768375872,1778497243765527478,0.330,1000,1.038,0.490,1.529,0.749,0.233,2.511
1778497243798210857,1778497243795520611,0.475,1000,0.886,0.566,1.452,0.579,0.178,2.209
1778497243817985228,1778497243815537997,0.226,1000,1.135,0.356,1.491,0.451,0.273,2.215
1778497243847993018,1778497243845507257,0.237,1000,1.334,0.203,1.537,0.514,0.192,2.243
1778497243867682907,1778497243865533219,0.247,1000,1.526,0.046,1.572,0.304,0.021,1.897
1778497243897713386,1778497243895532305,0.241,1000,1.508,0.045,1.552,0.341,0.042,1.936
1778497243917447308,1778497243915531418,0.229,1000,0.960,0.664,1.624,0.021,0.037,1.682
1778497243947912389,1778497243945538759,0.237,1000,1.085,0.445,1.529,0.452,0.150,2.131
1778497243968071378,1778497243965532080,0.234,1000,1.089,0.602,1.691,0.430,0.178,2.300
1778497243997993118,1778497243995576639,0.349,1000,2.009,0.019,2.028,0.020,0.014,2.062
1778497244017640158,1778497244015521287,1.282,1000,0.368,0.299,0.666,0.020,0.144,0.831
1778497244048920589,1778497244045502868,0.556,1000,1.849,0.046,1.894,0.054,0.906,2.855
1778497244067915356,1778497244065498397,0.349,1000,1.174,0.469,1.643,0.253,0.166,2.061
1778497244097996779,1778497244095639342,0.301,1000,1.415,0.095,1.510,0.343,0.198,2.051
1778497244121452750,1778497244115618134,0.471,1000,0.935,4.002,4.937,0.230,0.191,5.357
1778497244147931040,1778497244145575715,0.349,1000,1.153,0.471,1.624,0.297,0.080,2.000
1778497244167567488,1778497244165564588,0.428,1000,0.943,0.302,1.245,0.135,0.189,1.569
1778497244197866901,1778497244195532920,0.673,1000,0.983,0.191,1.174,0.460,0.023,1.656
1778497244217977633,1778497244215564354,0.435,1000,1.132,0.333,1.465,0.241,0.266,1.971
1778497244248021168,1778497244245563472,0.356,1000,1.253,0.212,1.465,0.332,0.298,2.095
1778497244268208542,1778497244265495607,0.911,1000,1.074,0.206,1.280,0.240,0.276,1.796
1778497244298062919,1778497244295564550,0.442,1000,1.167,0.343,1.510,0.527,0.015,2.051
1778497244332334468,1778497244325500978,0.849,1000,0.838,4.296,5.134,0.828,0.018,5.980
1778497244347941883,1778497244345567965,0.328,1000,1.108,0.418,1.526,0.176,0.337,2.039
1778497244378299570,1778497244375572747,0.272,1000,1.678,0.411,2.089,0.314,0.047,2.450
1778497244398422846,1778497244395523730,0.398,1000,1.411,0.641,2.052,0.202,0.240,2.494
1778497244428247527,1778497244425514336,0.345,1000,1.331,0.790,2.121,0.055,0.206,2.382
1778497244448154061,1778497244445532905,0.311,1000,1.415,0.390,1.805,0.317,0.181,2.303
1778497244477773617,1778497244475591640,0.272,1000,1.032,0.313,1.346,0.180,0.378,1.903
1778497244498272871,1778497244495516511,0.297,1000,1.615,0.667,2.282,0.054,0.116,2.452
1778497244528019918,1778497244525558350,0.346,1000,0.946,0.721,1.667,0.225,0.216,2.109
1778497244547736624,1778497244545502997,0.368,1000,1.151,0.221,1.371,0.294,0.194,1.860
1778497244598179858,1778497244595516812,0.340,1000,1.062,0.776,1.838,0.051,0.427,2.317
1778497244648308204,1778497244645525859,0.242,1000,1.537,0.317,1.853,0.409,0.271,2.534
1778497244677811596,1778497244675535121,0.461,1000,1.026,0.206,1.232,0.294,0.282,1.808
1778497244697685906,1778497244695530234,0.348,1000,1.127,0.196,1.323,0.332,0.147,1.802
1778497244728012872,1778497244725530055,0.262,1000,1.152,0.264,1.416,0.552,0.247,2.215
1778497244749391285,1778497244745486543,0.245,1000,1.116,0.283,1.400,1.955,0.298,3.653
1778497244778060416,1778497244775558207,0.217,1000,1.296,0.294,1.591,0.519,0.170,2.279
1778497244797981479,1778497244795529287,0.251,1000,1.247,0.226,1.473,0.523,0.199,2.195
1778497244827676013,1778497244825523060,0.574,1000,0.723,0.612,1.335,0.026,0.211,1.572
1778497244848100865,1778497244845518877,0.225,1000,1.307,0.194,1.501,0.639,0.211,2.351
1778497244878240626,1778497244875527467,0.240,1000,1.299,1.117,2.416,0.035,0.017,2.468
1778497244898072374,1778497244895531732,0.217,1000,1.136,0.493,1.629,0.484,0.206,2.318
1778497244927921856,1778497244925521090,0.345,1000,1.064,0.259,1.323,0.275,0.450,2.048
1778497244947720932,1778497244945531531,0.308,1000,1.077,0.198,1.275,0.222,0.378,1.874
1778497244977970552,1778497244975498264,0.271,1000,0.940,0.566,1.506,0.414,0.275,2.195
1778497245027727944,1778497245025479150,0.345,1000,1.076,0.479,1.555,0.029,0.313,1.898
1778497245048180797,1778497245045536152,0.237,1000,1.342,0.073,1.415,0.313,0.671,2.400
1778497245077855458,1778497245075507205,0.223,1000,1.268,0.620,1.889,0.024,0.206,2.118
1778497245097989519,1778497245095512910,0.235,1000,1.441,0.324,1.764,0.174,0.297,2.236
1778497245128072222,1778497245125532476,0.327,1000,1.302,0.139,1.441,0.386,0.379,2.206
1778497245179213714,1778497245175508786,0.267,1000,1.058,0.398,1.456,0.375,1.601,3.432
1778497245197874681,1778497245195523707,0.238,1000,1.731,0.018,1.749,0.063,0.295,2.107
1778497245227727778,1778497245225521481,0.266,1000,1.083,0.392,1.475,0.379,0.079,1.933
1778497245247712139,1778497245245525266,0.232,1000,1.675,0.046,1.721,0.084,0.144,1.949
1778497245279006490,1778497245275509951,0.250,1000,1.109,0.735,1.844,1.250,0.146,3.240
1778497245297981481,1778497245295526153,0.325,1000,1.039,0.850,1.890,0.068,0.165,2.123
1778497245327786289,1778497245325522262,0.306,1000,1.166,0.307,1.473,0.368,0.110,1.951
1778497245347948926,1778497245345519583,0.369,1000,1.048,0.485,1.533,0.142,0.379,2.054
1778497245378091663,1778497245375537229,0.419,1000,1.381,0.334,1.715,0.237,0.177,2.129
1778497245398871053,1778497245395575703,0.331,1000,2.074,0.547,2.621,0.191,0.145,2.957
1778497245428246890,1778497245425497666,0.573,1000,0.910,0.419,1.328,0.549,0.292,2.169
1778497245448367862,1778497245445532268,0.522,1000,1.362,0.162,1.524,0.526,0.257,2.308
1778497245478122013,1778497245475540314,0.311,1000,1.253,0.409,1.662,0.442,0.161,2.264
1778497245498234697,1778497245495542595,0.303,1000,1.227,0.750,1.977,0.236,0.170,2.383
1778497245527785163,1778497245525548593,0.311,1000,1.182,0.269,1.450,0.427,0.043,1.920
1778497245548173662,1778497245545542266,0.293,1000,1.119,0.298,1.417,0.509,0.406,2.332
1778497245577634462,1778497245575543367,0.401,1000,1.008,0.281,1.289,0.282,0.111,1.683
1778497245598593152,1778497245595541104,0.635,1000,0.913,0.483,1.396,0.737,0.278,2.411
1778497245627837914,1778497245625536542,0.286,1000,1.137,0.336,1.473,0.323,0.213,2.009
1778497245647891364,1778497245645515110,0.290,1000,0.978,0.444,1.422,0.380,0.278,2.080
1778497245677891762,1778497245675530612,0.320,1000,1.495,0.045,1.540,0.273,0.221,2.034
1778497245700273305,1778497245695538141,0.370,1000,1.078,0.618,1.697,2.376,0.286,4.358
1778497245727884680,1778497245725543467,0.242,1000,1.037,0.815,1.851,0.028,0.213,2.092
1778497245748056437,1778497245745510291,0.875,1000,0.570,0.452,1.022,0.213,0.428,1.664
1778497245799926781,1778497245795472585,1.443,1000,0.094,0.211,0.305,0.176,2.520,3.002
1778497245877987758,1778497245875496461,0.454,1000,1.222,0.482,1.704,0.027,0.299,2.030
1778497245898002072,1778497245895538999,0.421,1000,1.442,0.247,1.689,0.177,0.170,2.036
1778497245927765887,1778497245925549189,0.504,1000,0.722,0.589,1.311,0.031,0.365,1.706
1778497245947741575,1778497245945514925,0.316,1000,1.136,0.274,1.409,0.441,0.055,1.905
1778497245971247084,1778497245969176374,0.257,1000,1.137,0.416,1.553,0.025,0.229,1.807
1778497245997560633,1778497245995533028,0.384,1000,1.075,0.153,1.228,0.226,0.183,1.637
1778497246027806925,1778497246025524018,0.301,1000,1.729,0.107,1.837,0.010,0.129,1.976
1778497246047868760,1778497246045500826,0.313,1000,1.921,0.053,1.974,0.061,0.015,2.050
1778497246077892934,1778497246075537416,0.334,1000,1.272,0.316,1.588,0.184,0.242,2.014
1778497246098047603,1778497246095520369,0.346,1000,1.940,0.019,1.959,0.060,0.156,2.175
1778497246127819066,1778497246125535615,0.230,1000,1.573,0.046,1.620,0.019,0.407,2.046
1778497246178707688,1778497246175537174,0.387,1000,2.416,0.046,2.462,0.052,0.263,2.777
1778497246198260869,1778497246195521182,0.366,1000,2.168,0.047,2.215,0.050,0.102,2.367
1778497246248210747,1778497246245533461,0.325,1000,1.284,0.643,1.927,0.213,0.206,2.345
1778497246270316315,1778497246268118593,0.236,1000,1.081,0.408,1.488,0.363,0.105,1.956
1778497246297682147,1778497246295523691,0.632,1000,0.825,0.278,1.103,0.404,0.015,1.522
1778497246331045545,1778497246325524473,0.345,1000,0.990,2.391,3.381,1.614,0.173,5.168
1778497246347602456,1778497246345529922,0.216,1000,1.101,0.350,1.452,0.227,0.171,1.850
1778497246377706664,1778497246375526319,0.362,1000,1.662,0.048,1.710,0.017,0.084,1.810
1778497246397733586,1778497246395501368,0.229,1000,1.157,0.450,1.607,0.104,0.286,1.997
1778497246427811841,1778497246425486917,0.620,1000,0.734,0.495,1.229,0.166,0.302,1.698
1778497246447791722,1778497246445521903,0.244,1000,1.205,0.264,1.469,0.264,0.286,2.019
1778497246477648660,1778497246475489659,0.236,1000,1.278,0.229,1.507,0.192,0.218,1.917
1778497246547826072,1778497246545530460,0.219,1000,1.155,0.402,1.557,0.254,0.258,2.069
1778497246597923313,1778497246595532371,0.322,1000,1.400,0.215,1.616,0.155,0.293,2.063
1778497246627664856,1778497246625487199,0.248,1000,1.072,0.496,1.568,0.075,0.271,1.915
1778497246647730210,1778497246645527017,0.342,1000,1.121,0.258,1.379,0.406,0.069,1.854
1778497246677774513,1778497246675535671,0.300,1000,1.127,0.456,1.583,0.334,0.017,1.934
1778497246697777178,1778497246695519967,0.210,1000,1.113,0.401,1.515,0.369,0.156,2.040
1778497246727670565,1778497246725518893,0.300,1000,1.228,0.214,1.442,0.236,0.168,1.846
1778497246749086419,1778497246745529462,0.603,1000,0.644,0.410,1.054,0.279,1.613,2.946
1778497246828013051,1778497246825534074,0.907,1000,1.299,0.047,1.346,0.020,0.200,1.566
1778497246847807678,1778497246845530115,0.223,1000,1.109,0.441,1.550,0.418,0.080,2.049
1778497246877694121,1778497246875522320,0.224,1000,1.892,0.018,1.910,0.018,0.014,1.943
1778497246897592111,1778497246895533882,0.242,1000,1.093,0.356,1.449,0.157,0.204,1.809
1778497246928104394,1778497246925531111,0.347,1000,1.245,0.415,1.659,0.206,0.353,2.218
1778497246971539862,1778497246969427903,0.663,1000,0.702,0.495,1.197,0.050,0.195,1.442
1778497246998272046,1778497246995538055,0.734,1000,0.647,0.466,1.113,0.185,0.695,1.993
1778497247027806223,1778497247025517044,0.473,1000,0.858,0.712,1.570,0.030,0.210,1.809
1778497247049070233,1778497247045456315,0.276,1000,3.244,0.048,3.292,0.025,0.016,3.332
1778497247127986913,1778497247125521313,0.251,1000,1.153,0.515,1.668,0.294,0.245,2.207
1778497247148036747,1778497247145532074,0.270,1000,1.093,0.929,2.021,0.027,0.179,2.228
1778497247177677711,1778497247175527575,0.479,1000,1.141,0.211,1.352,0.210,0.104,1.666
1778497247197608343,1778497247195531745,0.449,1000,1.234,0.045,1.279,0.316,0.027,1.622
1778497247227855755,1778497247225490509,1.009,1000,0.547,0.171,0.718,0.585,0.047,1.350
1778497247248368225,1778497247245525591,0.223,1000,1.115,0.414,1.529,0.864,0.221,2.614
1778497247297840650,1778497247295488428,0.268,1000,1.072,0.570,1.642,0.189,0.247,2.078
1778497247327781526,1778497247325528219,0.231,1000,1.225,0.291,1.516,0.265,0.236,2.016
1778497247348142888,1778497247345493635,0.226,1000,1.335,0.345,1.681,0.507,0.229,2.417
1778497247398547177,1778497247395488505,0.273,1000,1.262,0.164,1.427,1.337,0.016,2.780
1778497247427684928,1778497247425516072,0.243,1000,1.125,0.451,1.576,0.241,0.102,1.919
1778497247448121076,1778497247445518897,0.397,1000,1.110,0.427,1.537,0.535,0.127,2.199
1778497247477690647,1778497247475520990,0.238,1000,1.239,0.250,1.489,0.210,0.227,1.926
1778497247497910917,1778497247495530151,0.258,1000,1.097,0.499,1.597,0.161,0.357,2.115
1778497247527691405,1778497247525530773,0.227,1000,1.204,0.329,1.533,0.198,0.196,1.927
1778497247547544690,1778497247545510141,0.235,1000,1.114,0.255,1.369,0.229,0.195,1.794
1778497247580565103,1778497247575540492,0.318,1000,3.815,0.675,4.491,0.023,0.186,4.700
1778497247601351212,1778497247595524468,0.475,1000,4.503,0.430,4.933,0.196,0.216,5.346
1778497247627796733,1778497247625535010,0.652,1000,0.931,0.182,1.113,0.420,0.070,1.603
1778497247648482232,1778497247645525259,0.625,1000,1.030,0.408,1.438,0.144,0.743,2.324
1778497247678024825,1778497247675521912,0.366,1000,1.236,0.440,1.676,0.236,0.219,2.131
1778497247702484471,1778497247695498849,0.265,1000,1.609,4.257,5.866,0.040,0.806,6.712
1778497247729020458,1778497247725523407,0.273,1000,2.211,0.622,2.833,0.335,0.050,3.218
1778497247747654031,1778497247745528120,0.247,1000,1.001,0.410,1.411,0.333,0.128,1.873
1778497247777998470,1778497247775540134,0.330,1000,1.189,0.331,1.520,0.438,0.165,2.123
1778497247798086449,1778497247795529134,0.318,1000,1.052,0.426,1.479,0.332,0.422,2.232
1778497247847687965,1778497247845534949,0.374,1000,0.985,0.388,1.373,0.270,0.131,1.774
1778497247877940529,1778497247875538291,0.334,1000,1.019,0.443,1.463,0.311,0.288,2.062
1778497247898045981,1778497247895513179,0.356,1000,1.279,0.621,1.901,0.026,0.244,2.171
1778497247928108940,1778497247925524489,0.310,1000,1.219,0.408,1.627,0.405,0.236,2.268
1778497247948442846,1778497247945531634,0.585,1000,0.983,1.244,2.228,0.028,0.066,2.321
1778497248028028759,1778497248025534902,0.388,1000,0.970,0.666,1.636,0.263,0.200,2.099
1778497248048010495,1778497248045521855,0.358,1000,1.205,0.688,1.893,0.036,0.195,2.123
1778497248078074735,1778497248075533804,0.730,1000,0.827,0.554,1.381,0.228,0.195,1.805
1778497248097701198,1778497248095509173,0.411,1000,1.068,0.310,1.378,0.189,0.207,1.774
1778497248127904257,1778497248125562788,0.500,1000,1.020,0.317,1.337,0.238,0.259,1.834
1778497248148165328,1778497248145537132,0.299,1000,1.439,0.636,2.075,0.092,0.156,2.323
1778497248178171550,1778497248175529497,0.303,1000,1.466,0.199,1.665,0.423,0.245,2.333
1778497248198048708,1778497248195533538,0.316,1000,1.247,0.336,1.583,0.422,0.187,2.193
1778497248230538226,1778497248225543152,0.313,1000,1.245,0.902,2.147,2.218,0.310,4.675
1778497248257805656,1778497248255527549,0.230,1000,1.966,0.045,2.012,0.017,0.015,2.044
1778497248277602268,1778497248275530438,0.257,1000,1.102,0.500,1.602,0.023,0.184,1.809
1778497248307713324,1778497248305528532,0.271,1000,1.183,0.438,1.622,0.026,0.260,1.908
1778497248327599826,1778497248325489947,0.299,1000,1.124,0.207,1.330,0.143,0.330,1.804
1778497248357867495,1778497248355531946,0.224,1000,1.079,0.359,1.438,0.180,0.486,2.104
1778497248377836079,1778497248375509010,0.218,1000,0.984,0.535,1.519,0.211,0.373,2.102
1778497248407651288,1778497248405519616,0.236,1000,1.095,0.308,1.404,0.442,0.045,1.890
1778497248427565406,1778497248425501513,0.293,1000,1.191,0.150,1.341,0.312,0.112,1.765
1778497248457939254,1778497248455532215,0.287,1000,1.105,0.232,1.337,0.368,0.408,2.113
1778497248507911883,1778497248505517293,0.583,1000,0.790,0.320,1.110,0.302,0.392,1.804
1778497248528021655,1778497248525512214,0.265,1000,1.102,0.241,1.343,0.290,0.604,2.237
1778497248608106877,1778497248605523578,0.275,1000,1.006,0.435,1.441,0.627,0.234,2.302
1778497248627780990,1778497248625499842,0.271,1000,1.092,0.252,1.344,0.327,0.333,2.003
1778497248658414588,1778497248655490768,0.235,1000,1.353,1.284,2.637,0.030,0.016,2.684
1778497248678019323,1778497248675511673,0.243,1000,1.230,0.418,1.649,0.274,0.335,2.258
1778497248708175500,1778497248705533255,0.232,1000,1.354,0.174,1.527,0.418,0.458,2.404
1778497248728248119,1778497248725515056,0.240,1000,1.081,0.745,1.826,0.027,0.633,2.486
1778497248758301062,1778497248755498717,0.265,1000,1.422,0.738,2.159,0.160,0.211,2.531
1778497248808214970,1778497248805516724,0.269,1000,1.029,0.661,1.690,0.193,0.540,2.423
1778497248827961340,1778497248825491036,0.293,1000,1.013,0.671,1.683,0.030,0.457,2.171
1778497248861416772,1778497248855515626,0.602,1000,0.863,0.435,1.298,3.976,0.019,5.294
1778497248907696857,1778497248905525313,0.225,1000,1.115,0.448,1.563,0.145,0.233,1.940
1778497248927845478,1778497248925509801,0.606,1000,0.713,0.419,1.133,0.327,0.263,1.723
1778497248977875198,1778497248975490271,0.257,1000,1.145,0.490,1.635,0.142,0.343,2.121
1778497249008554429,1778497249005483149,0.297,1000,1.099,1.260,2.358,0.187,0.223,2.768
1778497249028064633,1778497249025523095,0.545,1000,0.863,1.042,1.905,0.030,0.055,1.991
1778497249057608346,1778497249055496931,0.418,1000,0.781,0.467,1.248,0.159,0.279,1.686
1778497249077746919,1778497249075528621,0.304,1000,1.060,0.329,1.389,0.215,0.304,1.908
1778497249107761365,1778497249105515226,0.268,1000,0.935,0.621,1.556,0.155,0.260,1.971
1778497249127730397,1778497249125527940,0.272,1000,1.158,0.277,1.435,0.183,0.306,1.924
1778497249157595527,1778497249155523921,0.295,1000,1.043,0.232,1.275,0.329,0.166,1.770
1778497249177745332,1778497249175527290,0.236,1000,1.228,0.274,1.502,0.265,0.209,1.976
1778497249197650458,1778497249195526851,0.296,1000,1.046,0.313,1.359,0.246,0.217,1.821
1778497249227798892,1778497249225494128,0.212,1000,1.172,0.326,1.498,0.302,0.285,2.085
1778497249248075228,1778497249245526393,0.226,1000,1.110,0.453,1.563,0.385,0.368,2.317
1778497249278430355,1778497249275511559,0.592,1000,0.870,0.182,1.052,1.080,0.188,2.319
1778497249297814411,1778497249295532464,0.230,1000,1.148,0.427,1.575,0.163,0.306,2.044
1778497249327592019,1778497249325521949,0.251,1000,1.162,0.223,1.385,0.326,0.102,1.813
1778497249347578236,1778497249345489637,0.232,1000,1.143,0.221,1.363,0.285,0.201,1.850
1778497249378224218,1778497249375514259,0.584,1000,1.313,0.046,1.359,0.509,0.250,2.118
1778497249428145710,1778497249425482505,0.306,1000,1.011,0.435,1.446,0.385,0.519,2.351
1778497249447741453,1778497249445528051,0.574,1000,0.886,0.413,1.299,0.180,0.154,1.633
1778497249477690617,1778497249475506016,0.234,1000,1.214,0.159,1.373,0.430,0.142,1.945
1778497249498187439,1778497249495520361,0.258,1000,1.305,0.408,1.712,0.330,0.360,2.403
1778497249527959862,1778497249525502646,0.233,1000,1.023,0.399,1.422,0.362,0.433,2.217
1778497249577611780,1778497249575511885,0.235,1000,1.047,0.457,1.504,0.247,0.107,1.858
1778497249607680403,1778497249605492634,0.237,1000,1.052,0.450,1.502,0.266,0.177,1.944
1778497249627704669,1778497249625522084,0.223,1000,1.616,0.046,1.662,0.252,0.040,1.954
1778497249657789932,1778497249655516337,0.227,1000,1.635,0.042,1.677,0.040,0.324,2.040
1778497249677810198,1778497249675511962,0.523,1000,1.108,0.154,1.263,0.212,0.294,1.769
1778497249707581181,1778497249705529608,0.218,1000,1.091,0.289,1.380,0.212,0.235,1.827
1778497249727681833,1778497249725534641,0.227,1000,1.023,0.517,1.540,0.055,0.319,1.914
1778497249757826458,1778497249755532478,0.379,1000,1.827,0.048,1.875,0.020,0.015,1.911
1778497249777792802,1778497249775530215,0.233,1000,1.038,0.459,1.497,0.506,0.021,2.024
1778497249812485962,1778497249805536405,0.873,1000,0.604,0.293,0.897,4.926,0.245,6.069
1778497249827842490,1778497249825529566,0.205,1000,1.215,0.402,1.617,0.284,0.200,2.102
1778497249858032332,1778497249855530059,0.473,1000,1.490,0.077,1.567,0.250,0.205,2.022
1778497249907603224,1778497249905522145,0.245,1000,1.102,0.229,1.331,0.224,0.273,1.828
1778497249927576320,1778497249925528811,0.268,1000,1.046,0.286,1.332,0.219,0.222,1.773
1778497249957597070,1778497249955524696,0.496,1000,0.878,0.273,1.151,0.355,0.064,1.571
1778497249977758971,1778497249975497504,0.215,1000,1.092,0.645,1.737,0.138,0.165,2.040
1778497250007726888,1778497250005520270,0.215,1000,1.065,0.323,1.387,0.323,0.276,1.986
1778497250027868564,1778497250025493814,0.323,1000,0.974,0.487,1.462,0.205,0.378,2.044
1778497250050628165,1778497250048666514,0.236,1000,1.100,0.243,1.343,0.189,0.187,1.719
1778497250077614724,1778497250075496909,0.209,1000,1.063,0.473,1.536,0.273,0.094,1.902
1778497250107962587,1778497250105495930,0.465,1000,0.880,0.764,1.644,0.176,0.176,1.996
1778497250127800607,1778497250125519556,0.460,1000,0.776,0.528,1.304,0.403,0.107,1.814
1778497250158144342,1778497250155521105,0.630,1000,0.982,0.081,1.063,0.755,0.170,1.988
1778497250177514510,1778497250175522074,0.383,1000,0.953,0.474,1.427,0.025,0.151,1.603
1778497250208013065,1778497250205507047,0.477,1000,0.766,1.133,1.900,0.025,0.098,2.023
1778497250232102460,1778497250225525137,0.518,1000,1.448,0.047,1.495,4.541,0.017,6.054
1778497250258607439,1778497250255525278,0.463,1000,1.368,0.492,1.859,0.510,0.243,2.612
1778497250277753185,1778497250275495558,0.482,1000,0.709,0.579,1.288,0.261,0.220,1.769
1778497250307546825,1778497250305524021,0.376,1000,0.991,0.454,1.444,0.031,0.164,1.639
1778497250327976606,1778497250325530174,0.378,1000,1.228,0.520,1.749,0.026,0.287,2.062
1778497250357553312,1778497250355487722,0.233,1000,1.073,0.303,1.377,0.166,0.284,1.826
1778497250378038678,1778497250375526132,0.237,1000,1.325,0.375,1.700,0.401,0.168,2.269
1778497250408079652,1778497250405497697,0.242,1000,1.038,0.819,1.857,0.461,0.016,2.334
1778497250427829862,1778497250425525546,0.243,1000,1.049,0.736,1.785,0.058,0.206,2.049
1778497250457866613,1778497250455493079,0.301,1000,0.995,0.551,1.546,0.398,0.121,2.066
1778497250477674137,1778497250475525857,0.228,1000,1.287,0.268,1.555,0.314,0.046,1.915
1778497250528022456,1778497250525489206,0.598,1000,0.718,0.859,1.576,0.030,0.322,1.928
1778497250557699549,1778497250555497604,0.230,1000,1.145,0.365,1.510,0.371,0.086,1.966
1778497250577780104,1778497250575528110,0.588,1000,0.844,0.197,1.040,0.186,0.431,1.657
1778497250608056221,1778497250605506075,0.236,1000,1.337,0.281,1.618,0.331,0.360,2.309
1778497250627971684,1778497250625502179,0.240,1000,1.059,0.738,1.797,0.339,0.087,2.223
1778497250677642546,1778497250675509274,0.228,1000,1.134,0.262,1.396,0.481,0.023,1.901
1778497250707571197,1778497250705529000,0.475,1000,0.768,0.523,1.291,0.025,0.244,1.561
1778497250727781196,1778497250725491632,0.274,1000,1.157,0.194,1.351,0.513,0.145,2.009
1778497250758481451,1778497250755529278,1.400,1000,1.304,0.046,1.349,0.024,0.172,1.545
1778497250777788130,1778497250775506887,0.249,1000,1.122,0.462,1.584,0.311,0.132,2.026
1778497250807942452,1778497250805523765,0.277,1000,1.134,0.475,1.609,0.024,0.501,2.135
1778497250827632405,1778497250825527006,0.271,1000,0.977,0.781,1.759,0.026,0.044,1.829
1778497250857707940,1778497250855527723,0.333,1000,1.123,0.143,1.265,0.353,0.221,1.840
1778497250877634731,1778497250875531252,0.308,1000,1.125,0.268,1.393,0.194,0.202,1.789
1778497250907646297,1778497250905528194,0.267,1000,1.098,0.257,1.356,0.341,0.148,1.844
1778497250927597856,1778497250925528971,0.332,1000,0.942,0.427,1.369,0.135,0.227,1.730
1778497250958008217,1778497250955516568,0.236,1000,1.175,0.730,1.906,0.119,0.224,2.249
1778497250980980943,1778497250975526785,0.224,1000,1.162,4.007,5.170,0.037,0.018,5.224
1778497251007602628,1778497251005499022,0.269,1000,1.238,0.170,1.408,0.140,0.274,1.822
1778497251027804115,1778497251025505623,0.232,1000,1.082,0.663,1.745,0.030,0.286,2.060
1778497251057585978,1778497251055481763,0.518,1000,0.928,0.471,1.399,0.027,0.152,1.579
1778497251077724999,1778497251075559470,0.689,1000,0.643,0.316,0.959,0.293,0.218,1.471
1778497251107548784,1778497251105508123,0.412,1000,0.853,0.473,1.326,0.023,0.274,1.623
1778497251128166025,1778497251125489315,0.516,1000,1.074,0.737,1.811,0.027,0.315,2.153
1778497251157501061,1778497251155532658,0.234,1000,0.958,0.570,1.528,0.025,0.176,1.729
1778497251181688251,1778497251175490777,0.239,1000,1.132,4.558,5.690,0.032,0.231,5.952
1778497251207999432,1778497251205485127,0.505,1000,1.552,0.047,1.599,0.021,0.383,2.003
1778497251227621543,1778497251225512176,0.468,1000,1.556,0.047,1.603,0.018,0.015,1.636
1778497251257969054,1778497251255528382,0.472,1000,0.888,0.606,1.494,0.025,0.443,1.962
1778497251278166476,1778497251275504454,0.571,1000,0.807,0.345,1.152,0.527,0.406,2.084
1778497251307738734,1778497251305514164,0.224,1000,1.243,0.318,1.562,0.419,0.015,1.996
1778497251327445391,1778497251325513373,0.222,1000,1.133,0.180,1.314,0.188,0.179,1.681
1778497251357657314,1778497251355514635,0.264,1000,1.155,0.577,1.732,0.025,0.116,1.873
1778497251377595658,1778497251375481075,0.598,1000,0.682,0.398,1.080,0.390,0.041,1.511
1778497251407666809,1778497251405524001,0.272,1000,1.070,0.377,1.447,0.235,0.181,1.864
1778497251427927721,1778497251425492201,0.220,1000,1.444,0.260,1.704,0.386,0.119,2.209
1778497251458648137,1778497251455528408,0.561,1000,1.031,0.607,1.638,0.591,0.323,2.552
1778497251477758203,1778497251475495808,0.271,1000,1.133,0.220,1.353,0.360,0.271,1.984
1778497251507622341,1778497251505527886,0.590,1000,0.723,0.294,1.017,0.361,0.120,1.498
1778497251527826355,1778497251525510006,0.579,1000,0.740,0.387,1.127,0.218,0.386,1.731
1778497251557931267,1778497251555510660,0.259,1000,1.158,0.415,1.574,0.279,0.302,2.154
1778497251579699994,1778497251575523437,0.563,1000,3.506,0.064,3.570,0.022,0.017,3.609
1778497251607666482,1778497251605525435,0.504,1000,0.789,0.463,1.252,0.358,0.021,1.631
1778497251627652315,1778497251625525828,0.324,1000,0.965,0.277,1.242,0.303,0.251,1.795
1778497251657746923,1778497251655531857,0.268,1000,1.103,0.231,1.335,0.286,0.319,1.940
1778497251677750804,1778497251675534714,0.305,1000,1.141,0.234,1.375,0.276,0.252,1.904
1778497251707771490,1778497251705529864,0.270,1000,1.137,0.202,1.339,0.149,0.478,1.966
1778497251757673590,1778497251755528798,0.307,1000,1.151,0.298,1.449,0.175,0.207,1.831
1778497251777577436,1778497251775481222,0.208,1000,1.217,0.173,1.389,0.278,0.214,1.881
1778497251812557579,1778497251805473107,0.475,1000,1.270,0.043,1.314,5.266,0.024,6.604
1778497251828213827,1778497251825513437,0.221,1000,1.687,0.019,1.705,0.541,0.227,2.473
1778497251857946026,1778497251855507754,0.219,1000,1.122,0.342,1.464,0.460,0.289,2.212
1778497251878426527,1778497251875524435,0.239,1000,1.012,0.392,1.404,0.814,0.438,2.657
1778497251907936992,1778497251905527041,0.250,1000,1.036,0.441,1.477,0.457,0.219,2.153
1778497251927641409,1778497251925530314,0.246,1000,1.200,0.329,1.528,0.082,0.249,1.859
1778497251958368513,1778497251955513847,0.229,1000,1.171,0.563,1.733,0.281,0.603,2.618
1778497251978261991,1778497251975494047,0.240,1000,1.155,0.576,1.731,0.517,0.274,2.522
1778497252008317142,1778497252005518541,0.241,1000,1.046,0.436,1.482,0.717,0.352,2.551
1778497252027930869,1778497252025532599,0.230,1000,1.214,0.250,1.464,0.483,0.215,2.162
1778497252057686460,1778497252055484867,0.242,1000,1.088,0.360,1.448,0.309,0.196,1.953
1778497252078024942,1778497252075507884,0.232,1000,1.136,0.762,1.898,0.303,0.077,2.278
1778497252107740212,1778497252105527546,0.241,1000,1.144,0.449,1.593,0.211,0.161,1.965
1778497252127785470,1778497252125523715,0.793,1000,0.606,0.403,1.010,0.139,0.313,1.461
1778497252157927599,1778497252155532433,0.248,1000,1.302,0.370,1.673,0.147,0.321,2.140
1778497252177931256,1778497252175527578,0.228,1000,1.161,0.648,1.809,0.139,0.222,2.170
1778497252207914853,1778497252205536935,0.295,1000,1.105,0.176,1.281,0.291,0.503,2.075
1778497252232012601,1778497252225490095,0.231,1000,1.532,0.044,1.576,0.560,4.148,6.285
1778497252256954563,1778497252254258300,0.229,1000,1.080,0.324,1.404,0.759,0.297,2.460
1778497252278394737,1778497252275485573,0.465,1000,1.172,0.556,1.728,0.403,0.306,2.438
1778497252308426783,1778497252305513203,0.230,1000,1.189,0.379,1.567,0.835,0.275,2.677
1778497252328858995,1778497252325508700,0.231,1000,1.241,0.398,1.639,1.224,0.250,3.113
1778497252355762704,1778497252353407891,0.250,1000,1.249,0.294,1.543,0.434,0.122,2.099
1778497252378503008,1778497252375525939,0.588,1000,0.694,0.688,1.382,0.797,0.203,2.382
1778497252408423916,1778497252405522272,0.907,1000,0.956,0.045,1.001,0.830,0.157,1.988
1778497252428213775,1778497252425518825,0.271,1000,1.216,0.283,1.498,0.692,0.226,2.417
1778497252458157787,1778497252455528183,0.240,1000,1.239,0.492,1.731,0.451,0.200,2.382
1778497252478044865,1778497252475529664,0.229,1000,1.509,0.041,1.551,0.188,0.539,2.278
1778497252507708902,1778497252505529165,0.309,1000,1.023,0.361,1.384,0.273,0.207,1.864
1778497252537791029,1778497252535533179,0.385,1000,1.066,0.160,1.226,0.467,0.173,1.867
1778497252557854336,1778497252555525795,0.241,1000,1.316,0.412,1.727,0.243,0.111,2.082
1778497252587818860,1778497252585523825,0.222,1000,1.101,0.277,1.377,0.422,0.267,2.067
1778497252608564937,1778497252605519898,0.570,1000,1.237,0.017,1.254,1.197,0.018,2.470
1778497252638347793,1778497252635524423,0.437,1000,0.827,0.753,1.580,0.604,0.189,2.373
1778497252658578335,1778497252655477007,0.496,1000,1.961,0.073,2.034,0.546,0.020,2.600
1778497252688090016,1778497252685520413,0.443,1000,1.233,0.045,1.278,0.714,0.127,2.120
1778497252708129770,1778497252705505830,0.458,1000,1.388,0.101,1.489,0.319,0.351,2.158
1778497252737775790,1778497252735497779,0.207,1000,1.120,0.507,1.627,0.389,0.050,2.066
1778497252759335520,1778497252755511356,3.563,1000,0.031,0.037,0.067,0.180,0.009,0.257
1778497252787868583,1778497252785483945,0.199,1000,1.081,0.538,1.619,0.021,0.539,2.179
1778497252808518241,1778497252805521171,0.237,1000,1.057,0.630,1.687,0.276,0.792,2.755
1778497252837656376,1778497252835520320,0.496,1000,0.779,0.403,1.182,0.395,0.057,1.634
1778497252858099596,1778497252855523689,0.506,1000,0.728,1.075,1.802,0.027,0.233,2.063
1778497252887547595,1778497252885522263,0.226,1000,1.074,0.306,1.380,0.219,0.193,1.792
1778497252907983424,1778497252905491455,0.469,1000,0.867,0.307,1.175,0.358,0.483,2.015
1778497252938038319,1778497252935529197,0.246,1000,1.059,0.335,1.394,0.784,0.076,2.254
1778497252958016631,1778497252955502901,0.232,1000,1.343,0.843,2.186,0.029,0.061,2.276
1778497252987705020,1778497252985519875,0.239,1000,1.611,0.045,1.656,0.263,0.022,1.941
1778497253007890634,1778497253005526764,0.358,1000,1.421,0.047,1.468,0.172,0.359,1.999
1778497253038682860,1778497253035537818,0.307,1000,1.091,1.701,2.792,0.026,0.015,2.832
1778497253057693403,1778497253055509890,0.523,1000,0.798,0.340,1.138,0.390,0.125,1.654
1778497253087738410,1778497253085531312,0.588,1000,0.777,0.379,1.156,0.224,0.232,1.612
1778497253107867862,1778497253105522489,0.224,1000,1.029,0.415,1.444,0.176,0.494,2.115
1778497253138097609,1778497253135514374,0.238,1000,1.442,0.083,1.524,0.615,0.200,2.340
1778497253157562308,1778497253155524271,0.228,1000,1.079,0.298,1.378,0.347,0.074,1.798
1778497253187683861,1778497253185528125,0.222,1000,1.287,0.166,1.453,0.461,0.015,1.928
1778497253207914436,1778497253205577479,0.252,1000,1.191,0.308,1.500,0.226,0.352,2.077
1778497253238234650,1778497253235531059,0.245,1000,1.153,0.253,1.406,0.725,0.321,2.452
1778497253258077854,1778497253255518236,0.252,1000,1.004,0.574,1.578,0.259,0.463,2.300
1778497253288724797,1778497253285501193,0.246,1000,1.299,0.714,2.012,0.706,0.252,2.971
1778497253308277530,1778497253305533650,0.239,1000,1.191,0.269,1.460,0.947,0.091,2.498
1778497253338489613,1778497253335516607,0.245,1000,1.199,0.419,1.618,0.870,0.233,2.722
1778497253358318993,1778497253355501832,0.756,1000,0.735,0.919,1.654,0.159,0.241,2.054
1778497253389864231,1778497253385532854,0.504,1000,0.822,0.449,1.271,1.044,1.505,3.820
1778497253408265126,1778497253405540031,0.271,1000,1.159,0.509,1.668,0.455,0.325,2.448
1778497253437978764,1778497253435535564,0.312,1000,1.166,0.249,1.415,0.347,0.361,2.122
1778497253458428257,1778497253455514677,0.290,1000,1.105,1.410,2.515,0.035,0.067,2.618
1778497253489068639,1778497253485535267,0.251,1000,1.047,0.488,1.535,1.186,0.556,3.277
1778497253507976523,1778497253505529228,0.231,1000,1.025,0.835,1.860,0.184,0.166,2.210
1778497253538399620,1778497253535523961,0.232,1000,1.279,0.754,2.033,0.585,0.020,2.638
1778497253558421453,1778497253555528674,0.226,1000,1.118,0.933,2.052,0.421,0.187,2.660
1778497253587879532,1778497253585492526,0.310,1000,1.477,0.550,2.027,0.030,0.016,2.072
1778497253607688368,1778497253605521048,0.599,1000,0.718,0.321,1.039,0.188,0.335,1.561
1778497253637691294,1778497253635533958,0.235,1000,1.169,0.313,1.482,0.264,0.169,1.915
1778497253657878156,1778497253655516014,0.240,1000,1.168,0.321,1.489,0.233,0.393,2.115
1778497253688361126,1778497253685526972,0.229,1000,1.083,0.913,1.996,0.304,0.298,2.598
1778497253707615579,1778497253705524101,0.244,1000,1.013,0.369,1.382,0.301,0.157,1.841
1778497253737865263,1778497253735533714,0.230,1000,1.218,0.559,1.777,0.071,0.247,2.095
1778497253758234946,1778497253755491162,0.231,1000,1.246,0.689,1.936,0.500,0.071,2.506
1778497253788402739,1778497253785531080,0.231,1000,1.032,0.356,1.389,1.145,0.100,2.633
1778497253808623362,1778497253805534706,0.596,1000,0.782,0.276,1.058,1.233,0.194,2.485
1778497253838503340,1778497253835535135,0.229,1000,1.085,0.402,1.487,0.813,0.432,2.731
1778497253858486997,1778497253855528040,0.624,1000,0.730,0.362,1.092,0.930,0.305,2.328
1778497253888282557,1778497253885529653,0.235,1000,1.090,0.322,1.412,0.817,0.283,2.512
1778497253908513676,1778497253905531518,0.241,1000,1.121,0.291,1.412,1.156,0.167,2.735
1778497253938879907,1778497253935529867,0.612,1000,0.775,0.406,1.180,1.175,0.376,2.731
1778497253958756648,1778497253955531412,0.225,1000,1.138,0.323,1.460,1.258,0.275,2.994
1778497253988401900,1778497253985517217,0.252,1000,1.129,0.430,1.559,0.893,0.173,2.626
1778497254008368405,1778497254005518154,0.223,1000,1.365,0.503,1.868,0.710,0.045,2.623
1778497254038196221,1778497254035531352,0.749,1000,0.767,0.364,1.131,0.700,0.080,1.911
1778497254058152869,1778497254055534529,0.309,1000,0.997,0.362,1.359,0.793,0.151,2.303
1778497254088041744,1778497254085498285,0.238,1000,1.133,0.259,1.392,0.715,0.190,2.298
1778497254108217757,1778497254105513879,0.239,1000,1.222,0.399,1.621,0.638,0.198,2.457
1778497254138406863,1778497254135525604,1.245,1000,0.079,0.764,0.843,0.584,0.202,1.629
1778497254158187347,1778497254155526541,0.221,1000,1.031,0.462,1.493,0.661,0.280,2.434
1778497254187981371,1778497254185491002,0.239,1000,1.295,0.272,1.567,0.197,0.480,2.243
1778497254208082854,1778497254205523908,0.232,1000,1.063,0.329,1.392,0.304,0.622,2.318
1778497254237714282,1778497254235524113,0.647,1000,0.798,0.267,1.065,0.361,0.110,1.536
1778497254257906168,1778497254255532250,0.241,1000,1.076,0.931,2.007,0.086,0.034,2.127
1778497254287788482,1778497254285506919,0.593,1000,0.734,0.591,1.325,0.027,0.330,1.682
1778497254308135892,1778497254305521648,0.212,1000,1.213,0.210,1.423,0.282,0.689,2.395
1778497254337903195,1778497254334622630,0.243,1000,1.022,0.353,1.375,0.261,1.393,3.030
1778497254358401585,1778497254355482565,0.226,1000,1.163,0.561,1.724,0.330,0.632,2.686
1778497254387699244,1778497254385521492,0.232,1000,1.015,0.370,1.385,0.333,0.221,1.939
1778497254407500272,1778497254405515548,0.598,1000,0.710,0.291,1.001,0.178,0.201,1.380
1778497254437522942,1778497254435488361,0.234,1000,1.011,0.407,1.418,0.206,0.170,1.794
1778497254457536519,1778497254455517267,0.239,1000,1.146,0.201,1.348,0.185,0.240,1.773
1778497254487652408,1778497254485533377,0.257,1000,1.041,0.412,1.453,0.233,0.169,1.856
1778497254507675489,1778497254505521289,0.241,1000,1.011,0.528,1.538,0.230,0.138,1.906
1778497254537814674,1778497254535519574,0.240,1000,1.095,0.635,1.730,0.027,0.291,2.048
1778497254557616182,1778497254555518527,0.233,1000,1.158,0.499,1.657,0.027,0.174,1.858
1778497254587652708,1778497254585525421,0.268,1000,1.094,0.520,1.613,0.027,0.213,1.853
1778497254607641133,1778497254605487573,0.271,1000,1.062,0.645,1.706,0.026,0.143,1.876
1778497254687738067,1778497254685532858,0.241,1000,1.037,0.412,1.449,0.370,0.139,1.958
1778497254707565176,1778497254705508290,0.227,1000,0.975,0.808,1.783,0.026,0.016,1.825
1778497254737899566,1778497254735545648,0.238,1000,1.174,0.561,1.735,0.050,0.324,2.109
1778497254757894582,1778497254755531001,0.627,1000,0.834,0.348,1.182,0.345,0.202,1.730
1778497254787684862,1778497254785525766,0.233,1000,1.213,0.158,1.371,0.269,0.279,1.919
1778497254807762281,1778497254805513231,0.210,1000,1.056,0.456,1.512,0.272,0.249,2.033
1778497254837660308,1778497254835499388,0.217,1000,1.144,0.215,1.359,0.286,0.293,1.938
1778497254858500723,1778497254855516261,0.239,1000,1.345,0.620,1.966,0.335,0.437,2.738
1778497254887786285,1778497254885522162,0.219,1000,0.990,0.793,1.784,0.028,0.227,2.039
1778497254917735290,1778497254915503455,0.227,1000,1.070,0.385,1.454,0.210,0.333,1.998
1778497254937834629,1778497254935529033,0.230,1000,1.203,0.312,1.515,0.297,0.258,2.069
1778497254967912052,1778497254965513654,0.806,1000,0.463,1.085,1.547,0.025,0.016,1.587
1778497254987723000,1778497254985524351,0.571,1000,0.700,0.316,1.017,0.343,0.261,1.621
1778497255017607843,1778497255015521100,0.263,1000,1.068,0.261,1.329,0.358,0.131,1.818
1778497255037809553,1778497255035498997,0.277,1000,0.935,0.411,1.346,0.377,0.303,2.026
1778497255067620857,1778497255065528003,0.515,1000,0.685,0.712,1.397,0.034,0.141,1.572
1778497255087976971,1778497255085528908,0.250,1000,1.177,0.880,2.056,0.029,0.106,2.192
1778497255117737875,1778497255115484920,0.235,1000,1.063,0.714,1.777,0.026,0.208,2.011
1778497255138040931,1778497255135515618,0.220,1000,0.992,0.472,1.464,0.318,0.515,2.297
1778497255167586149,1778497255165531663,0.212,1000,1.002,0.365,1.367,0.269,0.200,1.836
1778497255187606830,1778497255185526840,0.223,1000,0.998,0.367,1.365,0.276,0.209,1.850
1778497255217747519,1778497255215495333,0.220,1000,1.009,0.486,1.494,0.345,0.187,2.025
1778497255238526493,1778497255235526350,0.489,1000,0.782,0.468,1.250,1.011,0.243,2.504
1778497255267706453,1778497255265521980,0.212,1000,1.128,0.222,1.351,0.500,0.115,1.966
1778497255337733780,1778497255335531515,0.480,1000,0.811,0.409,1.220,0.161,0.335,1.715
1778497255363506164,1778497255361060916,0.290,1000,1.166,0.364,1.530,0.396,0.223,2.149
1778497255387758923,1778497255385529041,0.236,1000,0.975,0.421,1.396,0.323,0.268,1.987
1778497255418418410,1778497255415529407,0.235,1000,1.114,0.827,1.940,0.507,0.200,2.647
1778497255437672095,1778497255435523463,0.219,1000,1.039,0.357,1.396,0.359,0.168,1.923
1778497255468018998,1778497255465543605,0.276,1000,1.089,0.628,1.717,0.054,0.421,2.192
1778497255488082752,1778497255485536254,0.269,1000,1.059,0.401,1.460,0.791,0.022,2.272
1778497255517627682,1778497255515528875,0.248,1000,1.049,0.309,1.358,0.289,0.197,1.844
1778497255537940307,1778497255535538452,0.453,1000,1.207,0.039,1.246,0.340,0.356,1.942
1778497255567553654,1778497255565491040,0.234,1000,1.025,0.456,1.481,0.130,0.211,1.822
1778497255589003301,1778497255585496041,3.386,1000,0.040,0.039,0.079,0.022,0.015,0.116
1778497255617449738,1778497255615517335,0.214,1000,1.115,0.528,1.644,0.024,0.046,1.713
1778497255637665016,1778497255635502176,0.206,1000,1.335,0.325,1.659,0.270,0.022,1.951
1778497255667779304,1778497255665538030,0.256,1000,1.161,0.472,1.634,0.127,0.218,1.979
1778497255688997489,1778497255685517878,0.656,1000,0.645,0.329,0.974,1.077,0.766,2.817
1778497255718852315,1778497255715565029,0.625,1000,0.660,0.337,0.997,1.270,0.389,2.656
1778497255738999943,1778497255735563534,0.615,1000,0.754,1.131,1.885,0.732,0.198,2.815
1778497255768146527,1778497255765532538,0.249,1000,0.965,0.531,1.496,0.644,0.219,2.359
1778497255787756189,1778497255785504771,0.227,1000,1.052,0.322,1.374,0.532,0.112,2.018
1778497255817877486,1778497255815521744,0.689,1000,1.197,0.043,1.240,0.377,0.045,1.662
1778497255837942840,1778497255835528761,0.623,1000,0.664,0.528,1.192,0.088,0.505,1.785
1778497255868018696,1778497255865525671,0.296,1000,0.937,0.323,1.260,0.913,0.019,2.192
1778497255888091154,1778497255885487631,0.219,1000,1.711,0.074,1.785,0.580,0.015,2.380
1778497255917640916,1778497255915518941,0.219,1000,0.990,0.327,1.318,0.345,0.234,1.897
1778497255958130867,1778497255955520207,0.236,1000,0.986,1.033,2.019,0.026,0.323,2.367
1778497255988199170,1778497255985523164,0.239,1000,1.022,0.419,1.442,0.720,0.269,2.431
1778497256007634524,1778497256005524741,0.233,1000,1.033,0.585,1.618,0.027,0.225,1.870
1778497256037971154,1778497256035522578,0.228,1000,1.297,0.231,1.528,0.432,0.254,2.214
1778497256058237794,1778497256055522107,0.233,1000,1.379,0.497,1.876,0.578,0.023,2.477
1778497256087843813,1778497256085523657,0.229,1000,1.021,0.669,1.690,0.153,0.241,2.084
1778497256117530922,1778497256115533782,0.243,1000,1.029,0.301,1.330,0.152,0.266,1.747
1778497256137769369,1778497256135537695,0.419,1000,0.926,0.359,1.285,0.172,0.348,1.805
1778497256167451646,1778497256165531340,0.586,1000,0.703,0.272,0.975,0.216,0.137,1.328
1778497256187468680,1778497256185526837,0.235,1000,1.005,0.340,1.345,0.186,0.169,1.700
1778497256217572088,1778497256215521698,0.210,1000,1.051,0.418,1.468,0.218,0.147,1.834
1778497256239641782,1778497256235488490,0.221,1000,1.161,0.205,1.367,2.300,0.259,3.926
1778497256268087739,1778497256265530905,0.223,1000,1.116,0.483,1.599,0.431,0.296,2.327
1778497256287493717,1778497256285533250,0.206,1000,1.098,0.428,1.526,0.023,0.200,1.748
1778497256317602181,1778497256315528015,0.231,1000,1.002,0.384,1.386,0.279,0.172,1.837
1778497256337615790,1778497256335493879,0.256,1000,1.047,0.491,1.538,0.165,0.155,1.859
1778497256367609019,1778497256365537253,0.244,1000,1.061,0.270,1.331,0.332,0.158,1.821
1778497256387522018,1778497256385494573,0.230,1000,1.119,0.255,1.374,0.195,0.222,1.791
1778497256417665907,1778497256415521307,0.221,1000,1.170,0.298,1.468,0.296,0.151,1.916
1778497256437443894,1778497256435522980,0.214,1000,1.152,0.217,1.369,0.144,0.187,1.700
1778497256467519301,1778497256465535506,0.216,1000,1.092,0.278,1.371,0.246,0.145,1.762
1778497256487979738,1778497256485479641,0.629,1000,1.318,0.071,1.389,0.045,0.430,1.864
1778497256517986696,1778497256515527368,0.578,1000,0.794,0.447,1.241,0.253,0.379,1.874
1778497256538050930,1778497256535506736,0.246,1000,1.253,0.304,1.557,0.049,0.684,2.290
1778497256568129378,1778497256565480029,0.697,1000,0.733,0.255,0.987,0.935,0.024,1.947
1778497256617840880,1778497256615499859,0.230,1000,1.074,0.526,1.600,0.070,0.434,2.104
1778497256637656116,1778497256635523037,0.241,1000,1.049,0.452,1.501,0.335,0.050,1.886
1778497256667681506,1778497256665515946,0.239,1000,0.988,0.330,1.318,0.214,0.387,1.919
1778497256687780750,1778497256685530611,0.281,1000,1.170,0.386,1.555,0.129,0.279,1.962
1778497256717546837,1778497256715517248,0.265,1000,1.094,0.277,1.371,0.199,0.188,1.758
1778497256737703298,1778497256735520841,0.232,1000,1.156,0.470,1.626,0.179,0.139,1.944
1778497256767626926,1778497256765561976,0.254,1000,1.164,0.353,1.518,0.023,0.264,1.805
1778497256787838300,1778497256785532736,0.234,1000,0.992,0.425,1.417,0.274,0.374,2.065
1778497256817749319,1778497256815497516,0.262,1000,1.020,0.565,1.585,0.024,0.375,1.983
1778497256837714447,1778497256835536342,0.255,1000,1.098,0.457,1.555,0.196,0.167,1.917
1778497256869536204,1778497256865526147,3.896,1000,0.040,0.038,0.078,0.017,0.014,0.109
1778497256887624323,1778497256885505612,0.378,1000,0.875,0.465,1.339,0.023,0.372,1.734
1778497256917757940,1778497256915533402,0.236,1000,1.043,0.364,1.407,0.274,0.301,1.982
1778497256937675898,1778497256935526658,0.261,1000,1.079,0.360,1.439,0.207,0.235,1.881
1778497256967637703,1778497256965526448,0.243,1000,1.038,0.543,1.581,0.026,0.255,1.862
1778497256987727474,1778497256985499000,0.249,1000,1.041,0.319,1.360,0.593,0.021,1.974
1778497257017844738,1778497257015532390,0.244,1000,0.964,0.719,1.683,0.180,0.199,2.062
1778497257037613829,1778497257035513134,0.220,1000,0.957,0.408,1.365,0.289,0.220,1.874
1778497257067531088,1778497257065508412,0.209,1000,1.069,0.478,1.547,0.024,0.236,1.807
1778497257087735550,1778497257085529253,0.458,1000,0.807,0.314,1.121,0.268,0.351,1.741
1778497257117791309,1778497257115548211,0.256,1000,1.044,0.896,1.940,0.027,0.015,1.982
1778497257137875384,1778497257135538139,0.494,1000,0.963,0.383,1.347,0.265,0.226,1.837
1778497257167684033,1778497257165493256,0.761,1000,0.672,0.443,1.115,0.099,0.209,1.423
1778497257188076212,1778497257185533682,0.295,1000,1.280,0.565,1.846,0.152,0.242,2.240
1778497257217797786,1778497257215497854,0.226,1000,1.163,0.332,1.495,0.225,0.348,2.067
1778497257237619518,1778497257235524647,0.247,1000,0.969,0.711,1.680,0.025,0.136,1.841
1778497257267698765,1778497257265525429,0.242,1000,1.014,0.441,1.455,0.238,0.231,1.924
1778497257292405489,1778497257285529150,0.231,1000,1.154,2.277,3.430,2.877,0.331,6.638
1778497257317702628,1778497257315533387,0.223,1000,1.028,0.499,1.527,0.142,0.271,1.940
1778497257336895416,1778497257334680030,0.655,1000,0.868,0.207,1.074,0.147,0.331,1.553
1778497257367753275,1778497257365530145,0.914,1000,0.482,0.446,0.928,0.131,0.237,1.297
1778497257387511422,1778497257385534154,0.584,1000,0.788,0.324,1.112,0.184,0.092,1.388
1778497257418071834,1778497257415526039,0.216,1000,1.162,0.219,1.382,0.252,0.689,2.323
1778497257437524180,1778497257435522624,0.237,1000,1.076,0.298,1.373,0.195,0.190,1.758
1778497257467610564,1778497257465524974,0.243,1000,1.019,0.362,1.381,0.264,0.191,1.836
1778497257487702447,1778497257485527094,0.293,1000,0.931,0.337,1.268,0.375,0.232,1.875
1778497257517608186,1778497257515534020,0.289,1000,0.998,0.493,1.491,0.197,0.091,1.779
1778497257537819400,1778497257535549805,0.241,1000,1.105,0.481,1.586,0.214,0.221,2.021
1778497257568142718,1778497257565542650,0.254,1000,1.121,0.870,1.991,0.026,0.323,2.340
1778497257588967516,1778497257585523875,3.327,1000,0.040,0.038,0.078,0.019,0.014,0.111
1778497257618231063,1778497257615529552,0.259,1000,1.065,1.329,2.394,0.029,0.016,2.438
1778497257637780884,1778497257635542649,0.244,1000,1.051,0.505,1.556,0.056,0.376,1.988
1778497257667570460,1778497257665532935,0.274,1000,1.011,0.331,1.341,0.396,0.022,1.758
1778497257687754825,1778497257685530927,0.946,1000,0.325,0.397,0.722,0.143,0.405,1.270
1778497257717699733,1778497257715539549,0.256,1000,0.988,0.449,1.437,0.415,0.046,1.898
1778497257737812545,1778497257735515365,0.236,1000,1.404,0.163,1.567,0.276,0.212,2.055
1778497257767812110,1778497257765568852,0.252,1000,1.161,0.447,1.608,0.054,0.323,1.985
1778497257787516591,1778497257785512059,0.236,1000,1.008,0.375,1.382,0.189,0.189,1.761
1778497257817884198,1778497257815502856,0.239,1000,1.195,0.444,1.639,0.200,0.297,2.137
1778497257838059668,1778497257835501649,0.623,1000,0.950,0.907,1.857,0.031,0.042,1.930
1778497257867577429,1778497257865529055,0.595,1000,0.749,0.210,0.959,0.300,0.188,1.447
1778497257887717345,1778497257885498951,0.237,1000,1.241,0.351,1.592,0.206,0.178,1.975
1778497257917741167,1778497257915531893,0.234,1000,1.021,0.546,1.567,0.095,0.306,1.968
1778497257938427978,1778497257935483869,0.477,1000,0.919,0.509,1.427,1.011,0.023,2.461
1778497257967833640,1778497257965533356,0.215,1000,1.305,0.397,1.702,0.201,0.175,2.078
1778497257988150137,1778497257985488467,0.232,1000,1.278,0.473,1.751,0.658,0.015,2.424
1778497258018005986,1778497258015581411,0.246,1000,1.132,0.370,1.502,0.540,0.129,2.171
1778497258037744676,1778497258035523178,0.206,1000,1.009,0.361,1.370,0.296,0.343,2.009
1778497258067849556,1778497258065495351,0.229,1000,1.019,0.480,1.499,0.418,0.202,2.119
1778497258089115582,1778497258085521633,0.225,1000,1.043,0.606,1.649,1.614,0.098,3.361
1778497258118061968,1778497258115525134,0.611,1000,0.697,0.480,1.177,0.729,0.015,1.921
1778497258147852344,1778497258145499579,0.247,1000,1.205,0.267,1.473,0.378,0.248,2.099
1778497258167775935,1778497258165541637,0.228,1000,1.169,0.341,1.511,0.302,0.187,2.000
1778497258197825485,1778497258195534514,0.253,1000,1.072,0.330,1.402,0.424,0.205,2.031
1778497258218565929,1778497258215534875,0.223,1000,1.509,0.590,2.099,0.388,0.314,2.801
1778497258247719905,1778497258245537352,0.228,1000,1.215,0.155,1.369,0.420,0.158,1.947
1778497258268701667,1778497258265518160,0.268,1000,1.012,0.463,1.474,1.259,0.176,2.909
1778497258298212164,1778497258295521918,0.260,1000,1.139,0.471,1.611,0.645,0.168,2.424
1778497258314563630,1778497258311625697,0.894,1000,0.588,0.278,0.866,1.152,0.021,2.039
1778497258347709837,1778497258345491507,0.613,1000,0.716,0.409,1.125,0.290,0.184,1.599
1778497258368580076,1778497258365509820,0.230,1000,1.009,0.748,1.757,0.949,0.129,2.834
1778497258392953895,1778497258390612394,0.250,1000,1.221,0.247,1.468,0.553,0.064,2.085
1778497258418225689,1778497258415516531,0.245,1000,1.503,0.177,1.681,0.198,0.578,2.457
1778497258450178617,1778497258445529952,0.250,1000,1.128,2.320,3.448,0.726,0.219,4.392
1778497258467982217,1778497258465537289,0.586,1000,0.762,0.279,1.041,0.493,0.318,1.851
1778497258498190140,1778497258495531575,0.226,1000,1.146,0.313,1.459,0.647,0.320,2.426
1778497258518234118,1778497258515502335,0.240,1000,1.054,0.935,1.989,0.282,0.214,2.485
1778497258547914379,1778497258545548429,0.252,1000,1.265,0.202,1.467,0.529,0.111,2.108
1778497258567786064,1778497258565533718,0.233,1000,1.075,0.357,1.433,0.297,0.282,2.011
1778497258598518513,1778497258595542179,0.269,1000,1.100,0.643,1.743,0.643,0.313,2.700
1778497258617857128,1778497258615535468,0.265,1000,1.151,0.454,1.606,0.423,0.023,2.051
1778497258647589871,1778497258645543769,0.262,1000,1.078,0.341,1.419,0.102,0.256,1.777
1778497258667999170,1778497258665539074,0.270,1000,1.097,0.629,1.727,0.275,0.181,2.183
1778497258699242928,1778497258695477614,0.252,1000,2.291,0.661,2.951,0.354,0.202,3.507
1778497258717833748,1778497258715528088,0.262,1000,1.254,0.199,1.453,0.089,0.494,2.036
1778497258747732671,1778497258745534341,0.264,1000,1.052,0.364,1.416,0.221,0.290,1.927
1778497258767550723,1778497258765528622,0.650,1000,1.216,0.047,1.263,0.048,0.055,1.367
1778497258797790294,1778497258795519707,0.453,1000,0.908,0.268,1.176,0.585,0.051,1.813
1778497258817988772,1778497258815534372,0.237,1000,1.074,0.321,1.395,0.794,0.023,2.213
1778497258837776264,1778497258835607983,0.236,1000,1.050,0.339,1.389,0.169,0.367,1.925
1778497258870691873,1778497258865488345,0.266,1000,1.199,3.364,4.563,0.229,0.138,4.931
1778497258917772203,1778497258915504880,0.231,1000,0.988,0.403,1.390,0.614,0.027,2.031
1778497258938161630,1778497258935528922,0.577,1000,0.763,0.821,1.583,0.193,0.273,2.049
1778497258967574012,1778497258965526951,0.230,1000,1.081,0.276,1.357,0.434,0.021,1.812
1778497258997704525,1778497258995493139,0.229,1000,1.414,0.206,1.619,0.202,0.155,1.976
1778497259017498896,1778497259015500316,0.220,1000,1.150,0.257,1.407,0.199,0.166,1.771
1778497259048224944,1778497259045498185,0.593,1000,1.436,0.072,1.509,0.332,0.286,2.127
1778497259068068629,1778497259065515571,0.262,1000,1.127,0.324,1.451,0.542,0.290,2.283
1778497259097572886,1778497259095501504,0.229,1000,0.952,0.401,1.354,0.298,0.184,1.837
1778497259117726626,1778497259115506601,0.254,1000,1.005,0.409,1.414,0.235,0.310,1.959
1778497259147532651,1778497259145507318,0.233,1000,1.017,0.357,1.373,0.393,0.021,1.787
1778497259167535508,1778497259165526687,0.215,1000,1.028,0.416,1.444,0.206,0.137,1.787
1778497259197986061,1778497259195493868,0.252,1000,1.142,0.663,1.805,0.245,0.182,2.232
1778497259217582603,1778497259215499893,0.265,1000,1.078,0.282,1.359,0.177,0.274,1.810
1778497259248054821,1778497259245530787,0.252,1000,1.028,0.360,1.388,0.685,0.192,2.265
1778497259267468574,1778497259265520875,0.232,1000,1.103,0.211,1.314,0.377,0.020,1.711
1778497259297580046,1778497259295502936,0.232,1000,1.085,0.332,1.417,0.195,0.226,1.839
1778497259317836638,1778497259315520322,0.221,1000,1.161,0.406,1.567,0.327,0.189,2.083
1778497259347548164,1778497259345517743,0.247,1000,0.991,0.354,1.345,0.287,0.145,1.776
1778497259367698416,1778497259365486551,0.237,1000,1.015,0.465,1.480,0.376,0.113,1.969
1778497259398426417,1778497259395518405,0.654,1000,0.851,0.948,1.799,0.263,0.186,2.248
1778497259417572803,1778497259415533806,0.220,1000,0.959,0.401,1.360,0.229,0.224,1.812
1778497259447546096,1778497259445524411,0.250,1000,0.983,0.319,1.303,0.182,0.280,1.765
1778497259467499543,1778497259465529572,0.225,1000,1.013,0.307,1.320,0.211,0.206,1.738
1778497259518293890,1778497259515521786,0.237,1000,1.108,0.923,2.031,0.163,0.334,2.528
1778497259540830861,1778497259537926242,0.280,1000,1.093,0.991,2.084,0.222,0.312,2.618
1778497259567698281,1778497259565522640,0.247,1000,1.180,0.314,1.495,0.186,0.242,1.922
1778497259597619380,1778497259595527006,0.254,1000,1.058,0.314,1.372,0.220,0.239,1.832
1778497259617831650,1778497259615532679,0.431,1000,0.995,0.751,1.746,0.033,0.083,1.862
1778497259647532360,1778497259645508467,0.272,1000,1.028,0.346,1.374,0.155,0.216,1.745
1778497259667988477,1778497259665536669,0.258,1000,1.341,0.377,1.719,0.048,0.421,2.188
1778497259697782085,1778497259695525386,0.239,1000,1.200,0.649,1.849,0.025,0.136,2.010
1778497259718045812,1778497259715535027,0.272,1000,1.050,0.534,1.584,0.290,0.358,2.232
1778497259747721849,1778497259745545505,0.750,1000,0.521,0.551,1.072,0.328,0.022,1.422
1778497259767642528,1778497259765525097,0.259,1000,0.977,0.697,1.674,0.160,0.020,1.854
1778497259797787057,1778497259795524758,0.464,1000,0.710,0.390,1.100,0.672,0.021,1.793
1778497259817677079,1778497259815517599,0.700,1000,0.591,0.410,1.002,0.258,0.194,1.453
1778497259847628387,1778497259845529420,0.225,1000,1.105,0.436,1.540,0.025,0.302,1.868
1778497259867550282,1778497259865521909,0.244,1000,1.028,0.310,1.338,0.400,0.041,1.779
1778497259897683995,1778497259895498690,0.279,1000,1.029,0.374,1.403,0.194,0.302,1.900
1778497259920951257,1778497259915523979,0.840,1000,0.511,0.280,0.791,3.768,0.022,4.581
1778497259947684817,1778497259945528665,0.204,1000,1.110,0.379,1.489,0.254,0.202,1.945
1778497259967534838,1778497259965528737,0.201,1000,1.097,0.252,1.349,0.431,0.020,1.801
1778497259997870188,1778497259995544111,0.236,1000,1.123,0.357,1.480,0.273,0.330,2.083
1778497260017633326,1778497260015488375,0.233,1000,1.129,0.302,1.431,0.211,0.264,1.905
1778497260047658396,1778497260045497732,0.215,1000,1.137,0.227,1.364,0.474,0.101,1.939
1778497260067658341,1778497260065477900,0.216,1000,1.184,0.268,1.452,0.487,0.020,1.960
1778497260097897785,1778497260095539035,0.476,1000,0.794,0.377,1.170,0.590,0.116,1.876
1778497260118125351,1778497260115526532,0.459,1000,0.897,0.538,1.435,0.427,0.272,2.134
1778497260148091924,1778497260145529105,0.238,1000,1.239,0.425,1.664,0.309,0.345,2.318
1778497260167577967,1778497260165535354,0.479,1000,0.754,0.374,1.128,0.265,0.164,1.558
1778497260197531195,1778497260195494054,0.389,1000,0.910,0.349,1.260,0.332,0.051,1.643
1778497260248091744,1778497260245534653,0.252,1000,1.154,0.476,1.630,0.264,0.404,2.299
1778497260267791521,1778497260265546311,0.260,1000,1.085,0.652,1.737,0.186,0.057,1.980
1778497260298360509,1778497260295526867,0.218,1000,1.121,1.298,2.419,0.068,0.121,2.608
1778497260317975708,1778497260315484123,0.250,1000,1.102,0.517,1.618,0.330,0.285,2.234
1778497260347608352,1778497260345535050,0.295,1000,0.976,0.478,1.454,0.203,0.116,1.773
1778497260368457183,1778497260365517106,0.251,1000,1.138,0.535,1.673,0.575,0.435,2.682
1778497260397693720,1778497260395524479,0.223,1000,1.094,0.383,1.477,0.225,0.239,1.940
1778497260417750050,1778497260415533513,0.221,1000,1.146,0.254,1.400,0.355,0.233,1.989
1778497260447839922,1778497260445536950,0.230,1000,1.178,0.570,1.748,0.060,0.258,2.066
1778497260467629397,1778497260465532127,0.264,1000,1.496,0.018,1.514,0.018,0.295,1.827
1778497260497599170,1778497260495536524,0.231,1000,1.280,0.216,1.496,0.195,0.135,1.826
1778497260517628171,1778497260515533557,0.237,1000,1.023,0.360,1.383,0.193,0.275,1.851
1778497260552534424,1778497260545547010,0.305,1000,1.034,0.584,1.618,5.040,0.018,6.677
1778497260567697411,1778497260565537675,0.251,1000,1.265,0.473,1.738,0.025,0.138,1.902
1778497260597911222,1778497260595508727,0.261,1000,1.300,0.354,1.654,0.287,0.194,2.135
1778497260617698873,1778497260615531073,0.233,1000,1.027,0.536,1.563,0.084,0.281,1.928
1778497260647582436,1778497260645516846,0.252,1000,1.056,0.473,1.529,0.051,0.227,1.807
1778497260667742801,1778497260665524663,0.239,1000,0.973,0.367,1.340,0.397,0.234,1.972
1778497260697651899,1778497260695502435,0.239,1000,1.116,0.398,1.514,0.130,0.259,1.904
1778497260718000877,1778497260715529837,0.228,1000,1.042,0.907,1.949,0.157,0.130,2.236
1778497260747951929,1778497260745512442,0.237,1000,1.030,0.346,1.375,0.555,0.265,2.196
1778497260767775262,1778497260765528899,0.237,1000,1.103,0.467,1.570,0.165,0.268,2.003
1778497260797526372,1778497260795526224,0.234,1000,0.998,0.460,1.457,0.261,0.042,1.760
1778497260818007098,1778497260815479608,0.269,1000,1.122,0.378,1.500,0.163,0.588,2.251
1778497260847544731,1778497260845530439,0.225,1000,1.018,0.321,1.339,0.248,0.196,1.783
1778497260868472924,1778497260865487470,0.253,1000,0.985,0.946,1.932,0.541,0.252,2.725
1778497260897738742,1778497260895503484,0.237,1000,1.468,0.074,1.541,0.373,0.077,1.991
1778497260917781472,1778497260915481828,0.239,1000,1.059,0.296,1.355,0.675,0.025,2.054
1778497260943117076,1778497260940993245,0.449,1000,0.927,0.385,1.312,0.250,0.106,1.668
1778497260969062904,1778497260965521115,0.258,1000,1.133,2.099,3.232,0.031,0.016,3.278
1778497260997993673,1778497260995534185,0.300,1000,0.978,0.610,1.587,0.052,0.513,2.152
1778497261017820685,1778497261015531890,0.253,1000,1.251,0.578,1.828,0.180,0.022,2.030
1778497261047572180,1778497261045533311,0.301,1000,0.967,0.723,1.690,0.029,0.014,1.733
1778497261067786242,1778497261065494407,0.265,1000,1.051,0.401,1.452,0.142,0.426,2.020
1778497261097577162,1778497261095523605,0.265,1000,0.978,0.581,1.559,0.027,0.196,1.782
1778497261118070816,1778497261115538558,0.241,1000,1.057,0.529,1.587,0.673,0.027,2.286
1778497261147561504,1778497261145516235,0.247,1000,1.047,0.366,1.414,0.162,0.216,1.791
1778497261167587497,1778497261165519220,0.224,1000,1.010,0.385,1.395,0.136,0.306,1.837
1778497261198053475,1778497261195509409,0.402,1000,1.116,0.444,1.560,0.202,0.373,2.135
1778497261217946025,1778497261215508361,0.260,1000,1.128,0.431,1.559,0.591,0.023,2.172
1778497261247890101,1778497261245491062,0.250,1000,1.078,0.582,1.660,0.120,0.362,2.142
1778497261267788155,1778497261265529984,0.277,1000,1.037,0.400,1.436,0.223,0.316,1.975
1778497261298145713,1778497261295532941,0.265,1000,1.338,0.372,1.710,0.265,0.366,2.341
1778497261316514288,1778497261314439482,0.265,1000,0.987,0.348,1.335,0.145,0.323,1.803
1778497261347583353,1778497261345533507,0.635,1000,0.734,0.316,1.051,0.150,0.207,1.407
1778497261367993004,1778497261365518892,0.244,1000,1.072,0.690,1.762,0.038,0.422,2.223
1778497261392651022,1778497261390651258,0.232,1000,1.059,0.271,1.330,0.231,0.200,1.761
1778497261418114214,1778497261415509346,0.276,1000,1.796,0.482,2.278,0.030,0.015,2.323
1778497261447634630,1778497261445525231,0.689,1000,0.585,0.389,0.975,0.107,0.332,1.414
1778497261467803892,1778497261465483671,0.242,1000,1.019,0.346,1.366,0.223,0.481,2.070
1778497261497819553,1778497261495524517,0.236,1000,1.126,0.463,1.589,0.158,0.305,2.052
1778497261517501922,1778497261515520206,0.225,1000,1.074,0.306,1.380,0.264,0.107,1.750
1778497261547665363,1778497261545506075,0.249,1000,1.062,0.454,1.516,0.026,0.361,1.902
1778497261567873569,1778497261565534213,0.263,1000,0.984,0.497,1.481,0.544,0.045,2.071
1778497261597566951,1778497261595524690,0.272,1000,1.089,0.231,1.320,0.198,0.245,1.764
1778497261618055740,1778497261615543323,0.934,1000,0.592,0.437,1.029,0.243,0.300,1.572
1778497261647925798,1778497261645532488,0.255,1000,1.343,0.114,1.457,0.661,0.016,2.133
1778497261667568902,1778497261665486191,0.250,1000,1.161,0.307,1.468,0.231,0.126,1.826
1778497261697783417,1778497261695527518,0.244,1000,1.114,0.314,1.428,0.556,0.022,2.006
1778497261717904837,1778497261715506246,0.240,1000,1.060,0.365,1.425,0.541,0.186,2.152
1778497261747576713,1778497261745495699,0.240,1000,1.094,0.336,1.431,0.162,0.242,1.834
1778497261767498320,1778497261765515164,0.282,1000,1.016,0.326,1.342,0.230,0.122,1.694
1778497261797759300,1778497261795541290,0.251,1000,1.215,0.706,1.921,0.027,0.015,1.962
1778497261817896464,1778497261815524627,0.254,1000,1.161,0.603,1.764,0.054,0.293,2.111
1778497261847667512,1778497261845519072,0.325,1000,0.972,0.327,1.299,0.207,0.311,1.817
1778497261867634528,1778497261865519369,0.237,1000,1.144,0.300,1.444,0.070,0.357,1.871
1778497261897578475,1778497261895528630,0.227,1000,1.062,0.455,1.517,0.045,0.254,1.816
1778497261921395960,1778497261915485854,0.243,1000,1.087,0.328,1.415,3.853,0.392,5.660
1778497261947853321,1778497261945546477,0.266,1000,1.009,0.365,1.373,0.638,0.024,2.035
1778497261971859546,1778497261969730754,0.273,1000,1.016,0.436,1.452,0.191,0.206,1.849
1778497261997727132,1778497261995520866,0.228,1000,0.982,0.708,1.690,0.028,0.253,1.971
1778497262028819301,1778497262025495663,1.360,1000,1.396,0.188,1.584,0.354,0.019,1.958
1778497262047881654,1778497262045596218,0.301,1000,1.219,0.292,1.511,0.235,0.231,1.977
1778497262077748799,1778497262075516741,0.227,1000,1.065,0.407,1.472,0.121,0.405,1.998
1778497262097654598,1778497262095498958,0.242,1000,1.100,0.412,1.512,0.167,0.228,1.907
1778497262131828832,1778497262125528508,0.685,1000,0.602,0.694,1.296,4.103,0.209,5.608
1778497262147489303,1778497262145523588,0.269,1000,0.998,0.446,1.444,0.026,0.220,1.690
1778497262177671561,1778497262175490193,0.525,1000,0.906,0.485,1.391,0.033,0.226,1.649
1778497262197498574,1778497262195536059,0.258,1000,1.416,0.016,1.432,0.174,0.094,1.700
1778497262228025481,1778497262225512167,0.221,1000,1.149,0.390,1.538,0.164,0.583,2.286
1778497262248353466,1778497262245536113,0.246,1000,0.975,0.678,1.653,0.821,0.090,2.564
1778497262277750360,1778497262275484125,0.316,1000,0.998,0.523,1.522,0.029,0.392,1.942
1778497262297669662,1778497262295522630,0.394,1000,0.965,0.364,1.329,0.249,0.168,1.746
1778497262327557289,1778497262325528404,0.317,1000,0.964,0.392,1.356,0.200,0.148,1.704
1778497262347986941,1778497262345505788,0.300,1000,1.115,0.731,1.846,0.207,0.122,2.175
1778497262377875175,1778497262375530218,0.259,1000,1.050,0.509,1.559,0.300,0.219,2.079
1778497262397820622,1778497262395520658,0.255,1000,1.116,0.484,1.601,0.052,0.385,2.037
1778497262427712633,1778497262425489695,0.286,1000,1.155,0.358,1.512,0.266,0.152,1.929
1778497262449125606,1778497262445535081,0.628,1000,0.660,0.429,1.089,1.618,0.251,2.957
1778497262477774128,1778497262475550358,0.641,1000,0.813,0.325,1.138,0.137,0.300,1.576
1778497262497679735,1778497262495530431,0.250,1000,1.008,0.570,1.578,0.203,0.112,1.893
1778497262527619426,1778497262525526796,0.232,1000,1.028,0.337,1.365,0.191,0.297,1.853
1778497262547464775,1778497262545523925,0.226,1000,1.008,0.361,1.369,0.154,0.185,1.708
1778497262577665178,1778497262575530978,0.230,1000,1.066,0.318,1.384,0.485,0.031,1.899
1778497262601057499,1778497262595518667,0.270,1000,5.140,0.080,5.220,0.028,0.015,5.264
1778497262628595464,1778497262625525880,0.232,1000,1.046,0.322,1.368,1.182,0.281,2.831
1778497262647687161,1778497262645533633,0.272,1000,1.011,0.678,1.689,0.026,0.160,1.875
1778497262677936685,1778497262675490445,0.264,1000,1.089,0.345,1.434,0.449,0.292,2.174
1778497262697987639,1778497262695516247,0.223,1000,1.160,0.203,1.363,0.553,0.326,2.241
1778497262718432299,1778497262715527232,0.248,1000,1.192,0.370,1.563,0.350,0.738,2.650
1778497262748016078,1778497262745524045,0.227,1000,1.155,0.340,1.495,0.551,0.213,2.259
1778497262777845366,1778497262775501657,0.258,1000,1.163,0.468,1.632,0.233,0.215,2.079
1778497262797627418,1778497262795518403,0.210,1000,0.992,0.758,1.750,0.022,0.121,1.893
1778497262817804519,1778497262815526796,0.441,1000,0.849,0.326,1.174,0.396,0.261,1.831
1778497262847731090,1778497262845528889,0.205,1000,1.183,0.339,1.523,0.247,0.221,1.991
1778497262877538011,1778497262875536806,0.257,1000,1.078,0.322,1.400,0.201,0.136,1.737
1778497262897952014,1778497262895531599,0.673,1000,0.652,0.508,1.160,0.566,0.016,1.743
1778497262928085439,1778497262925544381,0.251,1000,1.215,0.318,1.533,0.727,0.024,2.284
1778497262948121193,1778497262945476868,0.294,1000,1.136,0.318,1.454,0.421,0.467,2.342
1778497262978023283,1778497262975530898,0.240,1000,1.088,0.344,1.431,0.417,0.397,2.245
1778497262997681363,1778497262995522427,0.686,1000,0.633,0.351,0.985,0.278,0.204,1.466
1778497263028177677,1778497263025490023,0.274,1000,1.217,1.148,2.364,0.029,0.016,2.409
1778497263048799174,1778497263045529009,0.255,1000,1.198,0.491,1.689,0.999,0.321,3.008
1778497263077882812,1778497263075503294,0.547,1000,0.818,0.454,1.272,0.446,0.109,1.826
1778497263097609213,1778497263095519879,0.665,1000,0.714,0.401,1.115,0.024,0.278,1.417
1778497263127766959,1778497263125533141,0.241,1000,1.055,0.671,1.726,0.031,0.230,1.986
1778497263147745719,1778497263145527965,0.583,1000,0.772,0.550,1.321,0.118,0.188,1.628
1778497263177499774,1778497263175528970,0.243,1000,1.061,0.331,1.392,0.228,0.101,1.721
1778497263197564424,1778497263195515923,0.236,1000,1.032,0.421,1.453,0.231,0.121,1.805
1778497263227707545,1778497263225530656,0.238,1000,1.074,0.298,1.372,0.215,0.345,1.932
1778497263247595135,1778497263245548458,0.250,1000,0.989,0.362,1.351,0.276,0.163,1.790
1778497263297834619,1778497263295532351,0.248,1000,1.209,0.360,1.570,0.327,0.152,2.048
1778497263327955660,1778497263325547757,0.621,1000,0.739,0.314,1.053,0.206,0.520,1.780
1778497263348237276,1778497263345516693,0.240,1000,1.294,0.281,1.575,0.876,0.023,2.474
1778497263378236969,1778497263375526498,0.265,1000,1.072,0.532,1.605,0.367,0.467,2.439
1778497263398364405,1778497263395531403,0.273,1000,1.063,0.689,1.752,0.786,0.017,2.554
1778497263427791891,1778497263425538777,0.246,1000,1.193,0.261,1.454,0.526,0.022,2.002
1778497263447582583,1778497263445502273,0.370,1000,0.926,0.391,1.317,0.250,0.137,1.705
1778497263477766953,1778497263475536687,0.227,1000,1.052,0.309,1.361,0.447,0.188,1.996
1778497263499078004,1778497263495481174,0.241,1000,1.722,1.019,2.741,0.189,0.419,3.348
1778497263527917347,1778497263525523204,0.232,1000,1.260,0.109,1.368,0.274,0.512,2.154
1778497263547982573,1778497263545508653,0.252,1000,1.182,0.885,2.067,0.028,0.121,2.215
1778497263577598608,1778497263575531163,0.231,1000,1.123,0.313,1.435,0.261,0.133,1.830
1778497263597509367,1778497263595507267,0.587,1000,0.691,0.511,1.202,0.049,0.158,1.409
1778497263628193590,1778497263625499184,0.226,1000,0.985,0.355,1.340,0.720,0.401,2.461
1778497263647732403,1778497263645533626,0.249,1000,1.027,0.386,1.413,0.290,0.240,1.943
1778497263677950598,1778497263675509894,0.230,1000,1.003,0.368,1.371,0.671,0.162,2.204
1778497263697666791,1778497263695521487,0.230,1000,1.031,0.479,1.511,0.193,0.205,1.908
1778497263727649460,1778497263725507100,0.257,1000,1.147,0.382,1.529,0.329,0.022,1.880
1778497263747694590,1778497263745536774,0.253,1000,1.090,0.342,1.431,0.207,0.260,1.898
1778497263777614537,1778497263775512338,0.212,1000,1.169,0.648,1.817,0.026,0.042,1.885
1778497263797747989,1778497263795528379,0.574,1000,0.801,0.296,1.096,0.316,0.226,1.639
1778497263828122220,1778497263825564170,0.237,1000,1.059,0.377,1.436,0.183,0.695,2.314
1778497263847676649,1778497263845534002,0.232,1000,1.041,0.342,1.383,0.381,0.139,1.903
1778497263878096898,1778497263875520126,0.219,1000,1.048,0.444,1.493,0.700,0.158,2.352
1778497263898029641,1778497263895530599,0.231,1000,1.118,0.467,1.586,0.441,0.234,2.261
1778497263928019798,1778497263925534421,0.430,1000,0.871,0.342,1.213,0.466,0.370,2.049
1778497263948391336,1778497263945523037,0.201,1000,1.326,0.455,1.781,0.486,0.395,2.662
1778497263974366956,1778497263971674854,0.271,1000,1.832,0.057,1.889,0.260,0.266,2.415
1778497263997739341,1778497263995522771,0.459,1000,0.911,0.552,1.463,0.241,0.047,1.752
1778497264027937215,1778497264025541537,0.320,1000,1.137,0.340,1.477,0.371,0.222,2.069
1778497264048305714,1778497264045532906,0.254,1000,1.018,0.412,1.430,0.904,0.178,2.512
1778497264078444611,1778497264075524215,0.229,1000,1.049,0.275,1.325,1.127,0.233,2.684
1778497264098565583,1778497264095528575,0.253,1000,1.159,0.215,1.374,1.169,0.234,2.777
1778497264131382981,1778497264125504396,0.251,1000,1.122,2.314,3.436,1.869,0.314,5.620
1778497264148561092,1778497264145527669,0.449,1000,0.760,0.339,1.100,1.242,0.236,2.578
1778497264178461327,1778497264175531843,0.223,1000,1.200,0.376,1.576,1.103,0.022,2.701
1778497264198248690,1778497264195534636,0.576,1000,0.707,0.469,1.177,0.731,0.222,2.130
1778497264228580392,1778497264225514136,0.226,1000,1.053,0.322,1.375,1.310,0.149,2.833
1778497264248441517,1778497264245527585,0.635,1000,0.637,0.502,1.139,0.917,0.216,2.271
1778497264279103148,1778497264275493454,0.356,1000,1.878,0.411,2.289,0.619,0.338,3.246
1778497264298399106,1778497264295501623,0.239,1000,1.139,0.234,1.372,0.887,0.392,2.651
1778497264328439792,1778497264325516900,0.236,1000,1.041,0.298,1.340,1.148,0.193,2.680
1778497264348597757,1778497264345495629,0.241,1000,1.093,0.343,1.436,1.218,0.200,2.853
1778497264378426694,1778497264375516538,0.225,1000,1.126,0.320,1.446,1.009,0.215,2.670
1778497264398567027,1778497264395502019,0.263,1000,1.165,0.359,1.524,0.938,0.333,2.795
1778497264428406812,1778497264425538001,0.608,1000,1.166,0.043,1.209,0.818,0.227,2.254
1778497264449102678,1778497264445526553,0.265,1000,1.154,0.271,1.425,1.703,0.177,3.305
1778497264478543925,1778497264475475621,0.243,1000,1.597,0.042,1.639,0.963,0.215,2.818
1778497264498665665,1778497264495520719,0.230,1000,1.124,0.569,1.693,1.020,0.196,2.909
1778497264527658804,1778497264525499932,0.227,1000,1.046,0.553,1.599,0.021,0.305,1.925
1778497264548013830,1778497264545531525,0.331,1000,2.058,0.045,2.104,0.028,0.015,2.146
1778497264577701899,1778497264575514514,0.238,1000,1.142,0.417,1.559,0.153,0.231,1.942
1778497264598378918,1778497264595524315,0.241,1000,1.318,0.881,2.199,0.222,0.186,2.607
1778497264627745026,1778497264625531497,0.232,1000,1.111,0.254,1.365,0.591,0.020,1.976
1778497264647446339,1778497264645525105,0.239,1000,1.136,0.168,1.303,0.210,0.163,1.676
1778497264678270566,1778497264675524542,0.861,1000,0.746,0.682,1.428,0.435,0.017,1.880
1778497264698153228,1778497264695526375,0.219,1000,1.347,0.447,1.795,0.428,0.178,2.401
1778497264728044854,1778497264725519444,0.242,1000,1.062,0.705,1.767,0.027,0.483,2.277
1778497264748387656,1778497264745524221,0.229,1000,1.204,0.593,1.798,0.540,0.289,2.627
1778497264777759493,1778497264775549803,0.620,1000,0.741,0.625,1.366,0.033,0.185,1.583
1778497264797559176,1778497264795526739,0.257,1000,1.072,0.280,1.352,0.305,0.112,1.769
1778497264827941823,1778497264825531329,0.231,1000,1.084,0.343,1.427,0.229,0.516,2.172
1778497264847706530,1778497264845529417,0.237,1000,1.075,0.433,1.508,0.245,0.180,1.933
1778497264877759633,1778497264875529622,0.594,1000,0.687,0.369,1.056,0.243,0.330,1.629
1778497264898007840,1778497264895472094,0.225,1000,1.513,0.019,1.532,0.276,0.496,2.304
1778497264927677284,1778497264925522924,0.240,1000,1.068,0.289,1.357,0.188,0.362,1.907
1778497264947692558,1778497264945527541,0.221,1000,1.052,0.389,1.441,0.276,0.220,1.937
1778497264972433298,1778497264969804365,1.018,1000,0.667,0.350,1.018,0.566,0.022,1.606
1778497264997598689,1778497264995513515,0.601,1000,0.693,0.419,1.112,0.160,0.206,1.478
1778497265027611919,1778497265025503320,0.468,1000,0.804,0.335,1.139,0.244,0.250,1.633
1778497265078287766,1778497265075501454,0.245,1000,1.405,0.649,2.054,0.460,0.022,2.535
1778497265097758833,1778497265095523415,0.230,1000,1.107,0.325,1.432,0.342,0.225,1.999
1778497265127956484,1778497265125513220,0.229,1000,1.109,0.301,1.410,0.418,0.380,2.207
1778497265158184183,1778497265155485904,0.246,1000,1.322,0.646,1.968,0.029,0.449,2.446
1778497265181579064,1778497265175524922,0.229,1000,1.105,0.261,1.366,3.977,0.473,5.817
1778497265207620446,1778497265205517319,0.275,1000,1.064,0.297,1.361,0.237,0.223,1.821
1778497265227711817,1778497265225524560,0.251,1000,1.187,0.299,1.487,0.297,0.146,1.930
1778497265257642900,1778497265255533374,0.271,1000,1.076,0.494,1.571,0.162,0.099,1.832
1778497265277769249,1778497265275541511,0.242,1000,1.056,0.311,1.367,0.356,0.255,1.979
1778497265307866416,1778497265305533587,0.234,1000,1.012,0.350,1.362,0.222,0.507,2.092
1778497265327794871,1778497265325525308,0.242,1000,1.154,0.301,1.454,0.350,0.216,2.020
1778497265357789284,1778497265355531081,0.278,1000,1.097,0.353,1.450,0.427,0.097,1.974
1778497265377721131,1778497265375543218,0.252,1000,1.071,0.324,1.395,0.413,0.111,1.919
1778497265407756569,1778497265405521023,0.238,1000,1.126,0.307,1.433,0.336,0.221,1.991
1778497265427540796,1778497265425533896,0.306,1000,0.951,0.378,1.329,0.213,0.152,1.694
1778497265457604235,1778497265455531445,0.235,1000,1.053,0.421,1.474,0.204,0.154,1.831
1778497265477673334,1778497265475531134,0.255,1000,1.059,0.356,1.416,0.173,0.292,1.880
1778497265507537568,1778497265505533739,0.239,1000,1.010,0.349,1.359,0.184,0.215,1.759
1778497265527584138,1778497265525536948,0.871,1000,0.428,0.555,0.983,0.024,0.164,1.170
1778497265557800604,1778497265555526945,0.203,1000,1.232,0.608,1.840,0.033,0.191,2.064
1778497265577801765,1778497265575520682,0.230,1000,1.038,0.478,1.516,0.293,0.235,2.044
1778497265607617646,1778497265605524535,0.242,1000,1.047,0.725,1.772,0.029,0.044,1.845
1778497265627775674,1778497265625538336,0.238,1000,1.036,0.307,1.343,0.204,0.444,1.992
1778497265657808168,1778497265655500140,0.257,1000,1.172,0.293,1.465,0.078,0.501,2.043
1778497265677496649,1778497265675532150,0.225,1000,1.074,0.298,1.372,0.170,0.191,1.733
1778497265697726584,1778497265695529343,0.228,1000,1.115,0.289,1.403,0.226,0.333,1.962
1778497265727557633,1778497265725537100,0.242,1000,1.098,0.268,1.366,0.193,0.212,1.771
1778497265748113848,1778497265745486836,0.262,1000,1.250,0.572,1.822,0.186,0.350,2.358
1778497265777487509,1778497265775513217,0.604,1000,0.711,0.512,1.223,0.051,0.090,1.363
1778497265807612421,1778497265805526351,0.227,1000,1.004,0.467,1.471,0.190,0.191,1.852
1778497265827570061,1778497265825490647,0.257,1000,1.018,0.546,1.564,0.052,0.201,1.816
1778497265858107784,1778497265855517669,0.590,1000,1.210,0.045,1.254,0.058,0.680,1.992
1778497265877656357,1778497265875510797,0.233,1000,1.132,0.289,1.420,0.175,0.310,1.905
1778497265907764469,1778497265905524571,0.305,1000,0.932,0.711,1.643,0.164,0.120,1.927
1778497265927762142,1778497265925491779,0.295,1000,1.462,0.019,1.481,0.047,0.440,1.968
1778497265957735082,1778497265955571858,0.231,1000,1.031,0.662,1.692,0.050,0.183,1.925
1778497265977691826,1778497265975513049,0.587,1000,0.771,0.371,1.142,0.177,0.267,1.585
1778497266007771457,1778497266005475525,0.944,1000,0.361,0.408,0.770,0.311,0.263,1.345
1778497266027670887,1778497266025543536,0.239,1000,1.048,0.535,1.583,0.061,0.237,1.881
1778497266058452073,1778497266055505340,0.604,1000,0.809,0.345,1.155,0.896,0.285,2.336
1778497266078111273,1778497266075528933,0.239,1000,1.069,0.799,1.867,0.115,0.354,2.337
1778497266107520198,1778497266105527475,0.475,1000,0.778,0.332,1.110,0.227,0.174,1.511
1778497266128301476,1778497266125529307,2.601,1000,0.044,0.040,0.084,0.066,0.016,0.165
1778497266157674368,1778497266155533609,0.235,1000,1.073,0.328,1.401,0.346,0.153,1.899
1778497266177607495,1778497266175524177,0.247,1000,1.146,0.604,1.750,0.037,0.045,1.831
1778497266207733432,1778497266205529439,1.063,1000,0.214,0.410,0.624,0.332,0.178,1.133
1778497266227825635,1778497266225537159,0.242,1000,1.500,0.046,1.545,0.043,0.451,2.039
1778497266277825465,1778497266275534333,0.235,1000,1.107,0.716,1.822,0.025,0.202,2.049
1778497266307470653,1778497266305526090,0.452,1000,0.799,0.293,1.092,0.239,0.155,1.486
1778497266327701036,1778497266325526643,0.224,1000,1.197,0.344,1.541,0.198,0.205,1.944
1778497266357771803,1778497266355528640,0.625,1000,0.716,0.287,1.002,0.588,0.023,1.613
1778497266378574200,1778497266375508585,0.242,1000,1.291,0.584,1.875,0.237,0.697,2.808
1778497266408105081,1778497266405536534,0.261,1000,1.215,0.422,1.637,0.361,0.304,2.301
1778497266427703864,1778497266425522079,0.246,1000,1.038,0.475,1.513,0.085,0.331,1.929
1778497266458762688,1778497266455533772,0.241,1000,1.315,0.361,1.676,0.667,0.637,2.980
1778497266477760367,1778497266475493684,0.223,1000,1.105,0.897,2.002,0.023,0.014,2.039
1778497266507656217,1778497266505524770,0.503,1000,0.810,0.449,1.260,0.095,0.266,1.621
1778497266527587488,1778497266525528203,0.237,1000,1.074,0.303,1.376,0.294,0.145,1.816
1778497266557677712,1778497266555532472,0.505,1000,0.945,0.200,1.145,0.185,0.303,1.633
1778497266577747611,1778497266575521889,0.812,1000,0.508,0.276,0.785,0.212,0.410,1.407
1778497266607849482,1778497266605495501,0.259,1000,1.054,0.270,1.324,0.193,0.571,2.087
1778497266627557580,1778497266625532567,0.241,1000,1.015,0.346,1.361,0.174,0.242,1.778
1778497266659470026,1778497266656805957,0.341,1000,1.225,0.455,1.680,0.300,0.336,2.316
1778497266678105808,1778497266675540365,0.277,1000,1.114,0.619,1.734,0.165,0.382,2.281
1778497266707558415,1778497266705543034,0.260,1000,0.999,0.361,1.360,0.305,0.086,1.751
1778497266727690171,1778497266725530179,0.624,1000,0.666,0.372,1.038,0.054,0.437,1.529
1778497266757931438,1778497266755531728,0.230,1000,1.451,0.012,1.463,0.406,0.293,2.162
1778497266778236799,1778497266775514008,0.261,1000,1.152,0.645,1.797,0.028,0.630,2.455
1778497266807857058,1778497266805536102,0.287,1000,1.416,0.074,1.490,0.294,0.243,2.027
1778497266827783273,1778497266825525326,0.226,1000,1.108,0.246,1.354,0.511,0.159,2.024
1778497266858480360,1778497266855526139,0.247,1000,1.494,0.848,2.342,0.028,0.332,2.701
1778497266877504024,1778497266875531780,0.243,1000,1.086,0.357,1.442,0.241,0.041,1.724
1778497266907732011,1778497266905536754,0.246,1000,1.023,0.314,1.337,0.205,0.400,1.943
1778497266927617745,1778497266925523802,0.305,1000,1.036,0.648,1.684,0.028,0.070,1.783
1778497266957635326,1778497266955533128,0.232,1000,1.213,0.339,1.553,0.270,0.042,1.865
1778497266974129740,1778497266971743438,0.280,1000,1.308,0.327,1.635,0.200,0.263,2.099
1778497267007873658,1778497267005530781,0.233,1000,1.062,0.439,1.500,0.267,0.335,2.102
1778497267027986662,1778497267025523942,0.262,1000,1.159,0.383,1.542,0.249,0.403,2.194
1778497267077590546,1778497267075535228,0.200,1000,1.067,0.365,1.432,0.197,0.219,1.849
1778497267107663425,1778497267105512617,0.236,1000,1.007,0.477,1.484,0.224,0.199,1.907
1778497267127545414,1778497267125524722,0.593,1000,0.647,0.540,1.187,0.083,0.151,1.421
1778497267158408746,1778497267155538047,0.241,1000,1.318,0.371,1.689,0.607,0.326,2.623
1778497267177802083,1778497267175534344,0.225,1000,1.127,0.361,1.488,0.387,0.162,2.036
1778497267207579690,1778497267205529205,0.243,1000,1.028,0.365,1.392,0.240,0.169,1.801
1778497267228170050,1778497267225513053,0.441,1000,0.882,0.409,1.291,0.280,0.638,2.209
1778497267256901871,1778497267254585234,0.265,1000,1.038,0.413,1.451,0.245,0.348,2.044
1778497267278330909,1778497267275504627,1.061,1000,0.792,0.436,1.228,0.460,0.072,1.759
1778497267308079843,1778497267305540321,0.255,1000,1.220,0.468,1.688,0.294,0.296,2.277
1778497267327688162,1778497267325530250,0.325,1000,1.020,0.285,1.306,0.500,0.022,1.828
1778497267355911297,1778497267353856843,0.356,1000,1.108,0.216,1.324,0.207,0.162,1.692
1778497267377800539,1778497267375505855,0.227,1000,1.200,0.382,1.583,0.458,0.022,2.062
1778497267407632035,1778497267405517612,0.436,1000,0.912,0.385,1.298,0.273,0.101,1.672
1778497267427573963,1778497267425517749,0.382,1000,0.827,0.553,1.381,0.082,0.205,1.668
1778497267457958146,1778497267455497378,0.405,1000,1.107,0.330,1.437,0.347,0.264,2.049
1778497267477636834,1778497267475528811,0.646,1000,0.796,0.230,1.027,0.265,0.163,1.456
1778497267507709233,1778497267505525176,0.574,1000,0.658,0.408,1.065,0.374,0.164,1.603
1778497267527641080,1778497267525527169,0.229,1000,1.062,0.297,1.359,0.274,0.244,1.877
1778497267557817258,1778497267555527406,0.226,1000,1.325,0.287,1.612,0.195,0.251,2.058
1778497267577935030,1778497267575531703,0.229,1000,1.052,0.386,1.438,0.249,0.480,2.167
1778497267607605594,1778497267605537220,0.230,1000,1.080,0.327,1.407,0.240,0.184,1.831
1778497267627781192,1778497267625535501,0.492,1000,1.005,0.578,1.584,0.025,0.139,1.747
1778497267657583856,1778497267655535930,0.239,1000,1.515,0.045,1.560,0.044,0.198,1.802
1778497267677824959,1778497267675531811,0.222,1000,1.289,0.364,1.652,0.278,0.135,2.065
1778497267707711625,1778497267705533008,0.239,1000,1.023,0.538,1.561,0.352,0.022,1.935
1778497267727658448,1778497267725514136,0.282,1000,1.002,0.610,1.612,0.025,0.219,1.856
1778497267758413201,1778497267755534854,0.526,1000,0.835,0.629,1.464,0.028,0.854,2.345
1778497267777771689,1778497267775528463,0.239,1000,1.098,0.299,1.398,0.580,0.021,1.999
1778497267807686004,1778497267805529596,0.222,1000,1.012,0.414,1.425,0.298,0.204,1.928
1778497267828237291,1778497267825547045,0.323,1000,1.193,0.718,1.912,0.029,0.420,2.360
1778497267857743627,1778497267855518769,0.260,1000,1.135,0.281,1.416,0.300,0.242,1.959
1778497267877653842,1778497267875520762,0.293,1000,1.122,0.321,1.442,0.212,0.178,1.833
1778497267908264559,1778497267905486214,0.585,1000,1.032,0.760,1.791,0.063,0.332,2.186
1778497267927811628,1778497267925513648,0.479,1000,1.068,0.595,1.662,0.024,0.127,1.814
1778497267958012990,1778497267955522237,0.192,1000,1.898,0.084,1.982,0.033,0.278,2.292
1778497267977742592,1778497267975522438,0.438,1000,0.977,0.464,1.441,0.049,0.286,1.776
1778497268007650955,1778497268005519347,0.428,1000,0.802,0.555,1.357,0.144,0.198,1.699
1778497268027822712,1778497268025514236,0.238,1000,1.043,0.518,1.561,0.118,0.385,2.064
1778497268051352188,1778497268049140323,0.509,1000,0.817,0.276,1.093,0.282,0.321,1.696
1778497268077760716,1778497268075530738,0.230,1000,1.164,0.313,1.477,0.358,0.159,1.994
1778497268107756889,1778497268105525631,0.270,1000,1.064,0.332,1.396,0.541,0.020,1.957
1778497268127865669,1778497268125496167,0.494,1000,0.925,0.460,1.385,0.026,0.455,1.867
1778497268157701390,1778497268155532853,0.263,1000,1.135,0.272,1.408,0.360,0.131,1.899
1778497268178593230,1778497268175509981,0.231,1000,1.321,0.419,1.740,0.244,0.861,2.846
1778497268207615425,1778497268205488586,0.234,1000,1.015,0.462,1.477,0.215,0.194,1.886
1778497268232007004,1778497268225512531,0.219,1000,1.011,0.661,1.671,4.372,0.226,6.269
1778497268257653496,1778497268255533825,0.586,1000,0.714,0.305,1.020,0.293,0.213,1.526
1778497268277905927,1778497268275522441,0.299,1000,1.073,0.313,1.386,0.505,0.186,2.077
1778497268307588812,1778497268305539351,0.248,1000,1.016,0.311,1.327,0.286,0.181,1.794
1778497268328167940,1778497268325524895,0.258,1000,0.965,0.408,1.373,0.862,0.143,2.378
1778497268357834184,1778497268355539277,0.229,1000,1.022,0.294,1.316,0.413,0.330,2.059
1778497268378743753,1778497268375503317,0.237,1000,1.363,0.371,1.734,0.911,0.351,2.996
1778497268407824414,1778497268405526050,0.246,1000,1.004,0.355,1.358,0.667,0.023,2.047
1778497268428109934,1778497268425523339,0.225,1000,1.108,0.215,1.323,0.626,0.406,2.355
1778497268458449988,1778497268455520248,0.236,1000,1.111,0.653,1.764,0.510,0.412,2.687
1778497268477838077,1778497268475536225,0.237,1000,1.490,0.072,1.563,0.288,0.208,2.059
1778497268507820298,1778497268505539406,0.239,1000,1.085,0.330,1.415,0.295,0.325,2.035
1778497268527987799,1778497268525526551,0.231,1000,1.198,0.208,1.406,0.580,0.238,2.223
1778497268558293100,1778497268555529700,0.238,1000,1.221,0.175,1.396,0.363,0.759,2.518
1778497268578523355,1778497268575525613,0.239,1000,1.148,0.266,1.414,1.110,0.228,2.752
1778497268608437830,1778497268605530106,0.248,1000,1.036,0.290,1.326,1.089,0.238,2.653
1778497268627947618,1778497268625487713,0.292,1000,1.162,0.309,1.471,0.375,0.314,2.160
1778497268658217366,1778497268655530192,0.243,1000,1.179,0.200,1.379,0.538,0.519,2.436
1778497268678100731,1778497268675531224,0.261,1000,1.076,0.540,1.617,0.247,0.438,2.301
1778497268707877539,1778497268705529222,0.227,1000,0.991,0.430,1.421,0.293,0.400,2.114
1778497268727884492,1778497268725476365,0.257,1000,1.032,0.303,1.336,0.340,0.468,2.143
1778497268761113773,1778497268755517851,0.237,1000,4.136,0.394,4.531,0.639,0.182,5.352
1778497268777762366,1778497268775535108,0.236,1000,0.998,0.405,1.403,0.297,0.285,1.985
1778497268807985265,1778497268805514065,0.265,1000,1.053,0.426,1.480,0.300,0.419,2.199
1778497268827977722,1778497268825520634,0.628,1000,0.653,0.374,1.027,0.513,0.281,1.821
1778497268858006536,1778497268855513063,0.232,1000,1.198,0.197,1.395,0.469,0.385,2.249
1778497268878089427,1778497268875538000,0.242,1000,1.057,0.311,1.368,0.633,0.302,2.303
1778497268908406952,1778497268905512541,0.223,1000,1.341,0.672,2.013,0.212,0.439,2.665
1778497268928193259,1778497268925524838,0.633,1000,0.737,0.270,1.007,0.721,0.301,2.028
1778497268957874064,1778497268955535891,0.637,1000,0.839,0.348,1.188,0.461,0.047,1.695
1778497268978551018,1778497268975517883,0.247,1000,1.259,0.589,1.847,0.335,0.596,2.779
1778497269007611935,1778497269005584042,0.231,1000,1.151,0.301,1.452,0.292,0.048,1.791
1778497269027898607,1778497269025520081,0.236,1000,1.018,0.378,1.396,0.467,0.271,2.135
1778497269057937021,1778497269055498462,0.234,1000,1.634,0.048,1.682,0.358,0.158,2.197
1778497269080312004,1778497269075541256,0.300,1000,1.003,0.266,1.270,2.977,0.218,4.464
1778497269107981620,1778497269105517460,0.234,1000,1.383,0.317,1.700,0.202,0.322,2.223
1778497269127538834,1778497269125530621,0.231,1000,1.118,0.218,1.336,0.233,0.201,1.770
1778497269157842823,1778497269155510442,0.240,1000,1.107,0.343,1.450,0.183,0.453,2.085
1778497269177577448,1778497269175526067,0.236,1000,1.169,0.416,1.585,0.048,0.177,1.809
1778497269207458194,1778497269205518016,0.244,1000,1.030,0.336,1.366,0.153,0.171,1.690
1778497269227490812,1778497269225475336,0.287,1000,1.024,0.333,1.357,0.164,0.201,1.722
1778497269257567531,1778497269255527574,0.635,1000,0.773,0.219,0.992,0.163,0.243,1.398
1778497269277735736,1778497269275537439,0.241,1000,1.140,0.281,1.421,0.254,0.275,1.950
1778497269307947595,1778497269305530796,0.592,1000,1.126,0.347,1.474,0.169,0.167,1.810
1778497269328061655,1778497269325523060,0.228,1000,1.338,0.410,1.748,0.526,0.031,2.305
1778497269357631512,1778497269355528354,0.237,1000,1.125,0.300,1.424,0.218,0.217,1.859
1778497269378025355,1778497269375525674,0.292,1000,1.237,0.347,1.584,0.463,0.154,2.201
1778497269407524620,1778497269405533752,0.671,1000,0.722,0.242,0.964,0.227,0.122,1.313
1778497269437865505,1778497269435526661,0.284,1000,1.226,0.365,1.591,0.234,0.222,2.047
1778497269457815945,1778497269455522893,0.239,1000,1.331,0.305,1.636,0.158,0.254,2.048
1778497269487744308,1778497269485498362,0.261,1000,1.377,0.214,1.591,0.217,0.170,1.979
1778497269507940930,1778497269505528611,0.255,1000,1.330,0.343,1.673,0.451,0.027,2.152
1778497269537955024,1778497269535533328,0.248,1000,1.151,0.343,1.494,0.372,0.300,2.167
1778497269557493964,1778497269555520729,0.285,1000,1.528,0.043,1.571,0.018,0.093,1.682
1778497269587537658,1778497269585526566,0.632,1000,0.687,0.387,1.074,0.047,0.252,1.373
1778497269608127859,1778497269605590449,1.067,1000,0.195,0.555,0.750,0.343,0.370,1.463
1778497269637981404,1778497269635522972,0.294,1000,1.174,0.558,1.732,0.301,0.125,2.157
1778497269658698039,1778497269655497668,0.634,1000,2.472,0.048,2.520,0.025,0.016,2.561
1778497269688483455,1778497269685521746,0.233,1000,1.048,1.212,2.260,0.029,0.433,2.723
1778497269709698183,1778497269705513754,0.247,1000,1.002,0.460,1.462,2.271,0.198,3.930
1778497269738298640,1778497269735477382,0.239,1000,1.191,0.142,1.334,0.291,0.949,2.574
1778497269757613063,1778497269755515600,0.245,1000,1.053,0.264,1.317,0.340,0.187,1.845
1778497269788028639,1778497269785508829,0.632,1000,0.956,0.332,1.289,0.260,0.332,1.880
1778497269807723359,1778497269805524422,0.288,1000,1.152,0.305,1.457,0.191,0.256,1.904
1778497269837838256,1778497269835523539,0.246,1000,1.104,0.521,1.626,0.340,0.097,2.062
1778497269858606956,1778497269855529116,0.234,1000,1.308,1.429,2.737,0.068,0.033,2.837
1778497269888040715,1778497269885528169,0.273,1000,1.146,0.271,1.417,0.404,0.412,2.233
1778497269907528934,1778497269905501169,0.272,1000,1.064,0.263,1.326,0.249,0.174,1.749
1778497269937758969,1778497269935528415,0.241,1000,1.098,0.509,1.608,0.028,0.346,1.982
1778497269957622526,1778497269955527336,0.233,1000,1.115,0.315,1.430,0.230,0.195,1.855
1778497269987865234,1778497269985526261,0.250,1000,1.282,0.295,1.577,0.192,0.313,2.082
1778497270007615860,1778497270005522814,0.501,1000,1.190,0.043,1.233,0.336,0.018,1.587
1778497270038606043,1778497270035539115,0.213,1000,1.553,0.805,2.358,0.025,0.464,2.847
1778497270058198937,1778497270055526611,0.858,1000,0.925,0.648,1.573,0.024,0.210,1.807
1778497270087747738,1778497270085526112,0.645,1000,0.591,0.700,1.291,0.025,0.255,1.571
1778497270107987145,1778497270105522217,0.276,1000,1.646,0.052,1.698,0.042,0.443,2.182
1778497270137741104,1778497270135530358,0.226,1000,1.053,0.436,1.488,0.344,0.143,1.975
1778497270157692727,1778497270155497758,0.253,1000,0.976,0.753,1.729,0.101,0.107,1.937
1778497270187607970,1778497270185533324,0.270,1000,1.165,0.437,1.602,0.051,0.145,1.798
1778497270207705646,1778497270205527893,0.635,1000,0.635,0.350,0.985,0.290,0.262,1.537
1778497270238023523,1778497270235529794,0.242,1000,1.263,0.349,1.611,0.317,0.317,2.245
1778497270256937295,1778497270254616115,0.241,1000,1.124,0.340,1.464,0.338,0.270,2.073
1778497270287779218,1778497270285513175,0.633,1000,0.743,0.323,1.065,0.315,0.244,1.625
1778497270307892414,1778497270305499360,0.227,1000,1.367,0.305,1.672,0.268,0.218,2.159
1778497270340910298,1778497270335514861,0.238,1000,1.179,0.406,1.586,3.294,0.270,5.150
1778497270356090213,1778497270353926477,0.359,1000,0.954,0.497,1.451,0.183,0.164,1.798
1778497270387669531,1778497270385499075,0.258,1000,0.980,0.535,1.516,0.280,0.111,1.906
1778497270407917066,1778497270405520140,0.262,1000,1.226,0.376,1.602,0.253,0.273,2.128
1778497270437842293,1778497270435512185,0.234,1000,1.114,0.274,1.388,0.516,0.186,2.090
1778497270458266761,1778497270455532706,0.251,1000,1.708,0.685,2.393,0.031,0.052,2.476
1778497270487557092,1778497270485520591,0.229,1000,1.040,0.381,1.421,0.208,0.173,1.801
1778497270507862325,1778497270505512759,0.220,1000,1.092,0.342,1.434,0.533,0.155,2.122
1778497270537796896,1778497270535535813,0.230,1000,1.062,0.372,1.434,0.425,0.166,2.025
1778497270557524994,1778497270555533966,0.237,1000,1.223,0.115,1.339,0.247,0.162,1.748
1778497270587885240,1778497270585496026,0.239,1000,1.332,0.384,1.716,0.189,0.239,2.143
1778497270607640442,1778497270605526115,0.223,1000,0.982,0.436,1.418,0.283,0.183,1.885
1778497270637757739,1778497270635532113,0.596,1000,0.719,0.254,0.973,0.315,0.334,1.622
1778497270657992089,1778497270655531865,0.240,1000,1.303,0.281,1.584,0.611,0.021,2.215
1778497270678562353,1778497270675544418,0.665,1000,1.296,0.321,1.616,0.708,0.024,2.348
1778497270708198037,1778497270705535407,0.229,1000,1.203,0.328,1.531,0.723,0.172,2.427
1778497270728252159,1778497270725535384,0.233,1000,1.287,0.308,1.595,0.588,0.293,2.476
1778497270757935364,1778497270755480516,0.338,1000,1.051,0.308,1.359,0.542,0.209,2.110
1778497270777808393,1778497270775492909,0.468,1000,0.869,0.365,1.234,0.333,0.273,1.840
1778497270807589808,1778497270805527355,0.222,1000,1.043,0.517,1.560,0.026,0.247,1.833
1778497270827591001,1778497270825512803,0.226,1000,1.074,0.551,1.625,0.027,0.194,1.846
1778497270857591846,1778497270855510640,0.309,1000,1.038,0.498,1.535,0.073,0.158,1.766
1778497270877737651,1778497270875548282,0.275,1000,1.093,0.301,1.394,0.363,0.151,1.908
1778497270907819714,1778497270905530502,0.265,1000,1.037,0.345,1.382,0.489,0.146,2.017
1778497270937807855,1778497270935483474,0.247,1000,1.214,0.517,1.731,0.029,0.310,2.071
1778497270957756950,1778497270955527580,0.240,1000,1.075,0.369,1.444,0.336,0.202,1.983
1778497270987865894,1778497270985512489,0.597,1000,0.979,0.339,1.318,0.313,0.119,1.750
1778497271007753196,1778497271005522386,0.259,1000,0.998,0.456,1.454,0.238,0.273,1.965
1778497271037683447,1778497271035525759,0.224,1000,1.533,0.018,1.550,0.163,0.214,1.927
1778497271057888037,1778497271055513799,0.601,1000,0.943,0.307,1.251,0.494,0.023,1.767
1778497271088991567,1778497271085537109,1.416,1000,0.068,0.412,0.480,1.537,0.016,2.033
1778497271107722487,1778497271105523549,0.298,1000,1.250,0.259,1.509,0.162,0.223,1.894
1778497271137851847,1778497271135531851,0.221,1000,1.457,0.264,1.721,0.208,0.164,2.093
1778497271157604617,1778497271155521395,0.220,1000,0.991,0.392,1.384,0.157,0.315,1.856
1778497271187540917,1778497271185504352,0.616,1000,0.667,0.420,1.086,0.248,0.080,1.414
1778497271207573214,1778497271205527689,0.228,1000,1.013,0.346,1.359,0.300,0.153,1.811
1778497271237802001,1778497271235537334,0.234,1000,1.084,0.410,1.494,0.286,0.244,2.024
1778497271258230661,1778497271255522591,0.242,1000,1.275,0.463,1.738,0.701,0.022,2.460
1778497271287873129,1778497271285520204,0.348,1000,1.142,0.238,1.380,0.453,0.165,1.998
1778497271307832369,1778497271305518836,0.219,1000,1.112,0.322,1.435,0.462,0.192,2.088
1778497271337928256,1778497271335517921,0.682,1000,0.884,0.395,1.279,0.158,0.285,1.722
1778497271357855975,1778497271355518602,0.291,1000,1.161,0.204,1.365,0.368,0.308,2.040
1778497271388556006,1778497271385516919,0.484,1000,1.107,1.069,2.176,0.096,0.277,2.549
1778497271407840284,1778497271405500864,0.285,1000,0.984,0.798,1.782,0.246,0.022,2.049
1778497271437594307,1778497271435505293,0.252,1000,1.032,0.613,1.645,0.025,0.161,1.830
1778497271457960341,1778497271455510326,0.284,1000,0.920,0.645,1.565,0.074,0.519,2.158
1778497271487576344,1778497271485485250,0.213,1000,1.080,0.390,1.470,0.177,0.224,1.871
1778497271508000972,1778497271505523820,0.225,1000,1.392,0.276,1.668,0.559,0.019,2.247
1778497271538661226,1778497271535536665,0.245,1000,1.130,0.335,1.466,0.227,1.178,2.871
1778497271557850846,1778497271555520769,0.580,1000,0.901,0.344,1.245,0.286,0.212,1.743
1778497271588970280,1778497271585526255,0.243,1000,2.193,0.758,2.951,0.048,0.195,3.194
1778497271610407542,1778497271607288485,0.402,1000,1.837,0.253,2.089,0.214,0.406,2.709
1778497271637560921,1778497271635537093,0.219,1000,1.076,0.373,1.450,0.091,0.257,1.798
1778497271657481664,1778497271655533357,0.276,1000,1.210,0.070,1.280,0.226,0.159,1.665
1778497271687853879,1778497271685539419,0.614,1000,0.729,0.478,1.207,0.024,0.463,1.693
1778497271707472822,1778497271705534915,0.232,1000,1.103,0.235,1.338,0.144,0.218,1.699
1778497271737639751,1778497271735531568,0.621,1000,0.787,0.292,1.079,0.160,0.241,1.480
1778497271758912625,1778497271755524857,0.322,1000,1.090,1.928,3.018,0.027,0.015,3.061
1778497271787685982,1778497271785498661,0.382,1000,0.933,0.548,1.481,0.299,0.020,1.800
1778497271807633733,1778497271805519662,0.598,1000,0.873,0.511,1.385,0.023,0.103,1.510
1778497271837881785,1778497271835531676,1.295,1000,0.185,0.520,0.705,0.049,0.295,1.048
1778497271857548281,1778497271855524260,0.237,1000,1.090,0.290,1.380,0.236,0.164,1.780
1778497271887913039,1778497271885522929,0.229,1000,1.277,0.548,1.825,0.310,0.021,2.156
1778497271907884023,1778497271905529626,0.435,1000,1.087,0.378,1.465,0.218,0.230,1.913
1778497271937902405,1778497271935534023,0.248,1000,1.172,0.259,1.431,0.204,0.478,2.114
1778497271957895598,1778497271955502351,0.215,1000,1.152,0.387,1.539,0.391,0.242,2.171
1778497271987817753,1778497271985524541,0.227,1000,1.270,0.422,1.692,0.093,0.274,2.059
1778497272007708926,1778497272005513893,0.220,1000,1.171,0.222,1.393,0.280,0.295,1.968
1778497272037734028,1778497272035521523,0.510,1000,0.758,0.467,1.225,0.359,0.111,1.695
1778497272058027868,1778497272055523099,0.253,1000,1.381,0.282,1.664,0.358,0.223,2.245
1778497272087773507,1778497272085530217,0.247,1000,1.268,0.368,1.637,0.165,0.188,1.990
1778497272107920623,1778497272105488400,0.255,1000,1.401,0.245,1.646,0.328,0.196,2.170
1778497272138337063,1778497272135529598,0.517,1000,1.233,0.444,1.677,0.281,0.326,2.284
1778497272158184332,1778497272155570120,0.335,1000,1.284,0.428,1.712,0.301,0.260,2.273
1778497272187624075,1778497272185529332,0.279,1000,1.078,0.285,1.363,0.301,0.144,1.809
1778497272208027966,1778497272205486780,0.696,1000,0.933,0.718,1.651,0.030,0.157,1.838
1778497272237642081,1778497272235532778,0.217,1000,1.108,0.312,1.420,0.287,0.179,1.885
1778497272257864559,1778497272255500178,0.584,1000,1.030,0.358,1.389,0.225,0.160,1.773
1778497272287487026,1778497272285494047,0.264,1000,0.968,0.353,1.321,0.192,0.209,1.722
1778497272307602750,1778497272305506312,0.223,1000,1.031,0.458,1.488,0.359,0.021,1.868
1778497272337657133,1778497272335464020,0.251,1000,1.249,0.370,1.619,0.150,0.165,1.935
1778497272357690326,1778497272355530622,0.295,1000,0.903,0.374,1.277,0.168,0.413,1.859
1778497272388002283,1778497272385502058,0.295,1000,0.980,0.343,1.322,0.500,0.375,2.198
1778497272408002964,1778497272405503187,0.295,1000,1.341,0.355,1.695,0.301,0.203,2.199
1778497272438147813,1778497272435542561,0.274,1000,1.373,0.310,1.683,0.455,0.185,2.324
1778497272457665377,1778497272455487208,0.246,1000,1.054,0.416,1.470,0.195,0.260,1.925
1778497272487573100,1778497272485523766,0.233,1000,1.028,0.289,1.317,0.262,0.231,1.809
1778497272507736409,1778497272505530975,0.243,1000,1.142,0.144,1.287,0.517,0.153,1.956
1778497272537636835,1778497272535528108,0.230,1000,1.141,0.225,1.366,0.335,0.172,1.873
1778497272558228699,1778497272555527829,0.297,1000,1.518,0.416,1.934,0.284,0.178,2.396
1778497272607929865,1778497272605538539,0.431,1000,1.093,0.505,1.597,0.197,0.158,1.953
1778497272637945879,1778497272635530552,0.235,1000,1.262,0.401,1.663,0.236,0.275,2.173
1778497272657886686,1778497272655528096,0.233,1000,1.265,0.312,1.577,0.446,0.096,2.119
1778497272688101073,1778497272685518637,0.554,1000,0.797,1.186,1.982,0.025,0.015,2.023
1778497272707876115,1778497272705533046,0.387,1000,1.073,0.380,1.453,0.248,0.249,1.950
1778497272737949602,1778497272735540068,0.243,1000,1.289,0.688,1.978,0.022,0.160,2.160
1778497272757750406,1778497272755509900,0.214,1000,1.227,0.730,1.957,0.023,0.042,2.022
1778497272787689905,1778497272785500504,0.235,1000,1.036,0.403,1.439,0.333,0.176,1.948
1778497272807665977,1778497272805524546,0.239,1000,1.063,0.379,1.442,0.199,0.254,1.895
1778497272837723976,1778497272835489358,0.261,1000,1.160,0.328,1.488,0.159,0.319,1.967
1778497272858793293,1778497272855513943,0.242,1000,1.092,1.068,2.160,0.056,0.815,3.032
1778497272887487128,1778497272885504068,0.262,1000,1.087,0.220,1.307,0.193,0.215,1.715
1778497272908262804,1778497272905523245,0.271,1000,1.179,0.224,1.403,0.819,0.240,2.462
1778497272938351332,1778497272935528122,0.239,1000,1.221,0.570,1.791,0.771,0.017,2.578
1778497272968103690,1778497272965527047,0.239,1000,1.059,0.230,1.289,0.802,0.239,2.330
1778497272988324921,1778497272985522000,0.226,1000,1.310,0.339,1.649,0.686,0.236,2.570
1778497273018036414,1778497273015539421,0.272,1000,1.292,0.336,1.628,0.569,0.023,2.220
1778497273038371888,1778497273035523910,0.227,1000,1.297,0.323,1.619,0.217,0.777,2.614
1778497273067729100,1778497273065532531,0.225,1000,1.294,0.469,1.763,0.024,0.178,1.965
1778497273088247042,1778497273085529628,0.238,1000,1.091,1.340,2.431,0.028,0.015,2.474
1778497273117858373,1778497273115523496,0.247,1000,1.062,0.278,1.340,0.261,0.479,2.080
1778497273137627272,1778497273135526641,0.216,1000,1.164,0.177,1.340,0.242,0.295,1.877
1778497273167629205,1778497273165537023,0.236,1000,1.086,0.196,1.282,0.536,0.033,1.851
1778497273188862878,1778497273185530887,2.398,1000,0.038,0.848,0.886,0.027,0.015,0.929
1778497273217669452,1778497273215532308,0.232,1000,1.093,0.744,1.837,0.024,0.039,1.901
1778497273818240703,1778497273815536601,0.250,1000,1.141,0.517,1.658,0.611,0.178,2.447
1778497273837884543,1778497273835538050,0.229,1000,1.181,0.244,1.426,0.242,0.443,2.111
1778497273867708935,1778497273865503438,0.464,1000,0.892,0.310,1.202,0.367,0.166,1.735
1778497273888440803,1778497273885507639,0.431,1000,0.884,0.389,1.273,0.980,0.244,2.497
1778497273918639093,1778497273915537605,0.528,1000,0.803,0.334,1.137,1.236,0.193,2.567
1778497273938202675,1778497273935576590,0.702,1000,0.790,0.395,1.185,0.658,0.074,1.917
1778497273968659436,1778497273965529210,0.230,1000,1.358,0.305,1.663,0.635,0.595,2.892
1778497273987823806,1778497273985503202,0.283,1000,1.211,0.193,1.404,0.300,0.327,2.031
1778497274012387166,1778497274010202469,0.252,1000,1.038,0.355,1.393,0.345,0.187,1.926
1778497274037674192,1778497274035543257,0.212,1000,1.649,0.040,1.689,0.127,0.096,1.912
1778497274067758495,1778497274065525221,0.234,1000,0.999,0.337,1.336,0.635,0.023,1.993
1778497274087762248,1778497274085518446,0.231,1000,1.184,0.323,1.507,0.226,0.272,2.005
1778497274117946266,1778497274115542779,0.242,1000,1.036,0.418,1.454,0.335,0.365,2.153
1778497274138240042,1778497274135547524,0.265,1000,1.305,0.443,1.748,0.319,0.352,2.420
1778497274168247512,1778497274165536337,0.251,1000,1.279,0.323,1.603,0.510,0.341,2.454
1778497274188334403,1778497274185526553,0.243,1000,0.978,0.846,1.824,0.635,0.099,2.559
1778497274217541275,1778497274215518566,0.235,1000,1.180,0.234,1.414,0.177,0.191,1.782
1778497274237653959,1778497274235535887,0.590,1000,0.723,0.625,1.348,0.052,0.122,1.522
1778497274267764982,1778497274265558301,0.201,1000,1.039,0.377,1.416,0.331,0.252,1.998
1778497274288927325,1778497274285502052,0.284,1000,1.315,1.777,3.092,0.023,0.020,3.135
1778497274318250009,1778497274315525618,0.247,1000,1.067,0.377,1.444,0.759,0.268,2.470
1778497274338224193,1778497274335493434,0.621,1000,0.834,0.261,1.095,0.987,0.022,2.104
1778497274367676096,1778497274365537416,0.640,1000,0.698,0.654,1.352,0.030,0.110,1.492
1778497274387958064,1778497274385506384,0.280,1000,0.942,0.373,1.315,0.578,0.272,2.164
1778497274418847220,1778497274415520637,0.592,1000,0.742,0.303,1.044,1.266,0.416,2.727
1778497274438710777,1778497274435535622,0.255,1000,1.225,0.319,1.544,1.221,0.149,2.914
1778497274468461631,1778497274465510739,0.623,1000,0.757,0.296,1.053,1.179,0.089,2.321
1778497274488584843,1778497274485534748,0.264,1000,1.264,0.368,1.632,0.708,0.439,2.779
1778497274518797214,1778497274515515144,0.230,1000,1.069,0.350,1.418,1.423,0.203,3.045
1778497274538685796,1778497274535528337,0.299,1000,1.108,0.353,1.461,1.224,0.166,2.852
1778497274568503468,1778497274565522078,0.240,1000,1.073,0.271,1.343,0.862,0.528,2.734
1778497274590635980,1778497274585488294,0.781,1000,0.817,2.264,3.081,1.071,0.199,4.351
1778497274618788265,1778497274615530644,0.502,1000,1.023,0.115,1.138,1.379,0.231,2.748
1778497274638707248,1778497274635485756,0.396,1000,1.132,0.623,1.755,0.899,0.165,2.819
1778497274668366868,1778497274665533898,0.245,1000,0.962,0.690,1.652,0.762,0.168,2.582
1778497274689828290,1778497274685519250,0.250,1000,1.020,0.672,1.692,2.174,0.187,4.053
1778497274718631024,1778497274715536864,0.255,1000,1.047,0.345,1.392,1.349,0.091,2.832
1778497274738350866,1778497274735543977,0.257,1000,1.098,0.287,1.386,0.798,0.359,2.543
1778497274761336232,1778497274758003121,0.519,1000,0.819,0.598,1.417,1.219,0.173,2.808
1778497274787731351,1778497274785530622,0.590,1000,0.943,0.264,1.207,0.229,0.168,1.604
1778497274817862984,1778497274815531339,0.225,1000,1.035,0.351,1.386,0.692,0.023,2.101
1778497274839097617,1778497274835501395,0.360,1000,1.188,0.517,1.704,1.369,0.157,3.230
1778497274867774619,1778497274865536065,0.632,1000,0.619,0.507,1.126,0.321,0.153,1.600
1778497274888488662,1778497274885534889,0.265,1000,1.281,0.434,1.715,0.265,0.701,2.681
1778497274917758224,1778497274915540247,0.228,1000,1.066,0.458,1.524,0.078,0.382,1.984
1778497274937747481,1778497274935532735,0.259,1000,1.164,0.503,1.667,0.042,0.241,1.949
1778497274967588706,1778497274965546861,0.234,1000,1.119,0.263,1.382,0.375,0.045,1.802
1778497274987496936,1778497274985525589,0.249,1000,1.127,0.289,1.416,0.082,0.218,1.717
1778497275017831550,1778497275015528962,0.244,1000,1.999,0.021,2.020,0.020,0.014,2.053
1778497275037909064,1778497275035515082,0.248,1000,1.228,0.262,1.490,0.324,0.325,2.139
1778497275067792882,1778497275065535672,0.238,1000,1.281,0.447,1.729,0.120,0.164,2.012
1778497275087894974,1778497275085535552,0.281,1000,1.240,0.204,1.444,0.606,0.024,2.074
1778497275117700742,1778497275115523437,0.235,1000,1.014,0.404,1.418,0.248,0.270,1.935
1778497275137930996,1778497275135535126,0.239,1000,1.312,0.318,1.631,0.242,0.277,2.149
1778497275167692571,1778497275165528355,0.306,1000,0.989,0.313,1.302,0.530,0.021,1.854
1778497275189359695,1778497275185488426,0.693,1000,0.767,0.275,1.042,0.279,1.851,3.172
1778497275218127868,1778497275215531833,0.242,1000,1.190,0.405,1.596,0.186,0.566,2.347
1778497275237574806,1778497275235515329,0.572,1000,0.827,0.615,1.442,0.024,0.016,1.482
1778497275268812420,1778497275265525358,0.292,1000,0.968,0.399,1.367,0.381,1.239,2.986
1778497275287705071,1778497275285523447,0.250,1000,1.035,0.374,1.409,0.380,0.136,1.926
1778497275317783006,1778497275315517283,0.286,1000,1.209,0.350,1.559,0.258,0.155,1.973
1778497275337753798,1778497275335492940,0.283,1000,1.116,0.330,1.446,0.285,0.240,1.971
1778497275368182687,1778497275365514777,0.285,1000,1.234,0.620,1.854,0.142,0.380,2.377
1778497275393112488,1778497275385534754,0.294,1000,7.180,0.058,7.238,0.025,0.016,7.279
1778497275417906253,1778497275415531151,0.208,1000,1.155,0.289,1.444,0.199,0.517,2.161
1778497275437815379,1778497275435532696,0.265,1000,1.138,0.264,1.403,0.351,0.256,2.010
1778497275467855233,1778497275465534725,0.274,1000,1.080,0.278,1.358,0.458,0.225,2.041
1778497275487799305,1778497275485539886,0.339,1000,1.172,0.518,1.690,0.026,0.197,1.914
1778497275517704467,1778497275515489913,0.347,1000,0.943,0.471,1.414,0.264,0.183,1.861
1778497275537822495,1778497275535522147,0.494,1000,0.892,0.460,1.352,0.280,0.167,1.799
1778497275567866765,1778497275565544881,0.231,1000,1.181,0.456,1.637,0.026,0.421,2.084
1778497275588299841,1778497275585521433,0.776,1000,0.537,0.431,0.968,0.351,0.675,1.994
1778497275618033831,1778497275615545926,0.288,1000,1.338,0.507,1.845,0.065,0.283,2.193
1778497275637714663,1778497275635529903,0.213,1000,1.070,0.500,1.570,0.176,0.219,1.965
1778497275667556208,1778497275665535516,0.234,1000,1.236,0.185,1.421,0.162,0.197,1.780
1778497275687553177,1778497275685563973,0.496,1000,1.351,0.046,1.396,0.053,0.038,1.488
1778497275717549126,1778497275715544274,0.625,1000,1.268,0.042,1.310,0.014,0.051,1.375
1778497275737866455,1778497275735520666,0.232,1000,1.365,0.015,1.380,0.293,0.433,2.106
1778497275768011751,1778497275765520551,0.208,1000,1.273,0.164,1.437,0.558,0.281,2.276
1778497275787948879,1778497275785521519,0.220,1000,1.128,0.290,1.417,0.272,0.511,2.201
1778497275821202160,1778497275815561949,0.219,1000,1.337,0.394,1.732,3.574,0.109,5.414
1778497275837839393,1778497275835527525,0.343,1000,0.967,0.338,1.305,0.322,0.335,1.962
1778497275867982738,1778497275865493841,0.223,1000,1.282,0.411,1.693,0.303,0.262,2.258
1778497275888252610,1778497275885517019,0.233,1000,1.529,0.255,1.785,0.310,0.390,2.484
1778497275917483067,1778497275915496807,0.319,1000,1.148,0.138,1.287,0.264,0.109,1.660
1778497275938030514,1778497275935531825,0.263,1000,1.086,0.408,1.494,0.512,0.224,2.230
1778497275968174274,1778497275965481980,0.631,1000,1.116,0.491,1.607,0.236,0.211,2.054
1778497275987554779,1778497275985526886,0.260,1000,1.111,0.191,1.302,0.215,0.246,1.762
1778497276017831055,1778497276015527955,0.224,1000,1.389,0.251,1.639,0.222,0.211,2.073
1778497276037777942,1778497276035523996,0.265,1000,1.071,0.352,1.423,0.507,0.054,1.983
1778497276067891654,1778497276065528937,0.253,1000,1.267,0.775,2.042,0.032,0.030,2.104
1778497276087759788,1778497276085561938,0.581,1000,0.823,0.243,1.066,0.281,0.262,1.610
1778497276117835931,1778497276115499166,0.643,1000,0.794,0.308,1.103,0.269,0.314,1.686
1778497276140986389,1778497276135535655,0.307,1000,1.101,0.239,1.340,3.559,0.239,5.137
1778497276167635211,1778497276165528884,0.251,1000,1.162,0.169,1.331,0.274,0.244,1.849
1778497276187505328,1778497276185541853,0.612,1000,0.760,0.209,0.969,0.190,0.186,1.345
1778497276217715523,1778497276215545002,0.636,1000,0.755,0.246,1.001,0.389,0.138,1.528
1778497276237638409,1778497276235540019,0.267,1000,1.075,0.304,1.380,0.298,0.147,1.824
1778497276267884925,1778497276265531743,0.232,1000,1.046,0.258,1.303,0.610,0.201,2.114
1778497276288269903,1778497276285519720,0.230,1000,1.459,0.625,2.084,0.118,0.312,2.513
1778497276337704438,1778497276335531102,0.244,1000,1.115,0.279,1.394,0.281,0.247,1.923
1778497276363918209,1778497276361547171,0.258,1000,1.082,0.499,1.581,0.487,0.039,2.107
1778497276387652235,1778497276385540436,0.273,1000,1.089,0.260,1.349,0.352,0.131,1.832
1778497276417682168,1778497276415537729,0.266,1000,1.103,0.371,1.474,0.212,0.185,1.871
1778497276437684577,1778497276435538217,0.257,1000,1.077,0.347,1.424,0.323,0.136,1.883
1778497276467806705,1778497276465545654,0.586,1000,0.730,0.386,1.115,0.351,0.202,1.669
1778497276488871670,1778497276485521566,0.489,1000,0.935,0.366,1.301,1.377,0.178,2.855
1778497276518362037,1778497276515541676,0.483,1000,0.859,0.427,1.285,0.955,0.091,2.332
1778497276547639120,1778497276545538009,0.295,1000,1.050,0.248,1.298,0.292,0.209,1.799
1778497276567883679,1778497276565536097,0.329,1000,1.245,0.327,1.572,0.277,0.162,2.011
1778497276597850219,1778497276595544111,0.336,1000,0.922,0.367,1.289,0.507,0.167,1.964
1778497276618317504,1778497276615496566,0.304,1000,1.185,0.744,1.929,0.308,0.273,2.510
1778497276648035045,1778497276645540100,0.273,1000,1.311,0.280,1.592,0.404,0.220,2.216
1778497276668796322,1778497276665531405,0.273,1000,1.172,0.349,1.521,1.097,0.367,2.985
1778497276697891575,1778497276695535098,0.247,1000,1.094,0.325,1.419,0.455,0.229,2.103
1778497276717821534,1778497276715533858,0.329,1000,1.153,0.303,1.456,0.312,0.183,1.951
1778497276747940846,1778497276745530223,0.287,1000,1.160,0.235,1.395,0.222,0.499,2.117
1778497276768284864,1778497276765534744,0.255,1000,1.302,0.303,1.605,0.572,0.311,2.488
1778497276797846593,1778497276795544197,0.263,1000,1.142,0.469,1.612,0.221,0.200,2.033
1778497276818057071,1778497276815536654,0.243,1000,1.476,0.371,1.847,0.155,0.269,2.271
1778497276847526798,1778497276845534139,0.255,1000,1.039,0.473,1.511,0.024,0.196,1.731
1778497276867461749,1778497276865536771,0.263,1000,1.113,0.212,1.325,0.244,0.086,1.655
1778497276897570789,1778497276895543345,0.630,1000,0.760,0.483,1.243,0.024,0.124,1.391
1778497276918173470,1778497276915535129,0.300,1000,1.322,0.395,1.717,0.187,0.427,2.331
1778497276947581307,1778497276945536070,0.235,1000,1.057,0.333,1.390,0.167,0.246,1.803
1778497276967663974,1778497276965521358,0.238,1000,1.077,0.336,1.412,0.269,0.217,1.898
1778497276997651763,1778497276995537724,0.240,1000,1.134,0.304,1.438,0.278,0.151,1.867
1778497277017759070,1778497277015515492,0.278,1000,1.060,0.332,1.392,0.546,0.023,1.961
1778497277048305305,1778497277045552754,0.825,1000,1.709,0.048,1.757,0.022,0.142,1.921
1778497277067610256,1778497277065525402,0.246,1000,1.035,0.367,1.401,0.262,0.169,1.832
1778497277097754497,1778497277095528359,0.658,1000,0.735,0.308,1.043,0.254,0.264,1.561
1778497277117454401,1778497277115537424,0.250,1000,1.084,0.372,1.456,0.160,0.046,1.661
1778497277147552337,1778497277145540509,0.323,1000,1.030,0.440,1.470,0.071,0.140,1.682
1778497277167554490,1778497277165525413,0.367,1000,0.983,0.431,1.414,0.024,0.217,1.655
1778497277198091861,1778497277195541202,0.290,1000,1.094,0.753,1.847,0.052,0.355,2.254
1778497277217761301,1778497277215493178,0.289,1000,1.141,0.595,1.736,0.163,0.073,1.973
1778497277247631518,1778497277245504935,0.236,1000,1.011,0.525,1.536,0.303,0.046,1.885
1778497277267609478,1778497277265533328,0.284,1000,0.972,0.571,1.543,0.046,0.198,1.787
1778497277297748759,1778497277295539133,0.274,1000,1.053,0.806,1.859,0.028,0.043,1.930
1778497277317946117,1778497277315525350,0.239,1000,1.364,0.362,1.726,0.273,0.176,2.175
1778497277347908657,1778497277345547699,0.273,1000,1.296,0.339,1.635,0.251,0.195,2.081
1778497277367687252,1778497277365522843,0.487,1000,1.481,0.045,1.526,0.017,0.128,1.670
1778497277397902950,1778497277395502792,0.272,1000,1.311,0.299,1.609,0.493,0.020,2.123
1778497277417912655,1778497277415531121,0.248,1000,1.265,0.405,1.670,0.360,0.098,2.128
1778497277447941149,1778497277445500221,0.241,1000,1.448,0.436,1.884,0.029,0.280,2.194
1778497277467856131,1778497277465547527,0.264,1000,0.971,1.027,1.998,0.027,0.014,2.040
1778497277497804271,1778497277495529492,0.663,1000,0.762,0.450,1.212,0.265,0.128,1.605
1778497277517791223,1778497277515534332,0.739,1000,0.776,0.265,1.041,0.194,0.275,1.510
1778497277537922275,1778497277535525285,0.255,1000,1.041,0.317,1.358,0.353,0.423,2.135
1778497277567648521,1778497277565494129,0.644,1000,0.731,0.271,1.001,0.347,0.155,1.503
1778497277588955892,1778497277585534139,3.309,1000,0.039,0.036,0.076,0.018,0.014,0.108
1778497277617584221,1778497277615541128,0.254,1000,1.081,0.286,1.367,0.247,0.169,1.783
1778497277637698921,1778497277635529872,0.236,1000,1.063,0.374,1.438,0.265,0.223,1.926
1778497277667920155,1778497277665536093,0.238,1000,1.267,0.251,1.518,0.242,0.379,2.139
1778497277687901987,1778497277685543494,0.268,1000,1.062,0.322,1.384,0.285,0.413,2.083
1778497277717796302,1778497277715542227,0.296,1000,1.073,0.275,1.348,0.583,0.022,1.953
1778497277747639671,1778497277745547008,0.460,1000,0.955,0.208,1.163,0.372,0.092,1.626
1778497277767824996,1778497277765531464,1.496,1000,0.037,0.265,0.302,0.260,0.229,0.791
1778497277797646540,1778497277795539542,0.263,1000,1.114,0.264,1.379,0.223,0.236,1.838
1778497277817836058,1778497277815540574,0.326,1000,1.425,0.079,1.504,0.235,0.223,1.963
1778497277847754661,1778497277845544523,0.313,1000,0.960,0.388,1.347,0.243,0.301,1.891
1778497277868028821,1778497277865543028,0.237,1000,1.263,0.389,1.651,0.291,0.300,2.242
1778497277897872478,1778497277895490048,0.302,1000,1.118,0.401,1.518,0.535,0.022,2.075
1778497277917623104,1778497277915539785,0.265,1000,1.058,0.326,1.384,0.197,0.230,1.811
1778497277947959093,1778497277945545143,0.246,1000,1.166,0.250,1.416,0.266,0.479,2.160
1778497277969731468,1778497277965476349,0.260,1000,2.982,0.540,3.523,0.242,0.224,3.988
1778497277997629154,1778497277995540524,0.643,1000,0.768,0.297,1.065,0.185,0.189,1.439
1778497278017717613,1778497278015511988,0.614,1000,0.615,0.439,1.054,0.512,0.021,1.587
1778497278047640728,1778497278045527713,0.321,1000,1.027,0.644,1.671,0.025,0.091,1.786
1778497278067656129,1778497278065524938,0.237,1000,1.132,0.266,1.398,0.285,0.204,1.887
1778497278097882356,1778497278095512214,0.226,1000,1.556,0.044,1.600,0.261,0.276,2.138
1778497278117661975,1778497278115532672,0.599,1000,0.717,0.282,1.000,0.295,0.228,1.523
1778497278147701861,1778497278145524012,0.633,1000,0.758,0.291,1.049,0.271,0.218,1.538
1778497278167977301,1778497278165535669,0.232,1000,1.392,0.278,1.670,0.303,0.230,2.203
1778497278197579767,1778497278195532226,0.229,1000,1.080,0.347,1.426,0.184,0.201,1.812
1778497278218305939,1778497278215536683,0.233,1000,1.648,0.545,2.193,0.047,0.290,2.530
1778497278247858260,1778497278245527800,0.649,1000,1.053,0.233,1.286,0.199,0.190,1.675
1778497278267651224,1778497278265545793,0.245,1000,1.080,0.310,1.390,0.200,0.263,1.853
1778497278298372343,1778497278295553614,0.230,1000,1.554,0.404,1.958,0.244,0.380,2.582
1778497278317777072,1778497278315537046,0.323,1000,0.924,0.536,1.460,0.431,0.021,1.912
1778497278348066661,1778497278345527235,0.613,1000,1.043,0.338,1.381,0.241,0.298,1.920
1778497278367942890,1778497278365567084,0.217,1000,1.476,0.229,1.705,0.206,0.239,2.151
1778497278397695185,1778497278395528088,0.263,1000,1.281,0.166,1.447,0.171,0.278,1.897
1778497278418206151,1778497278415532737,0.217,1000,1.661,0.273,1.934,0.215,0.300,2.449
1778497278447923340,1778497278445546927,1.240,1000,0.244,0.412,0.656,0.177,0.296,1.129
1778497278468209884,1778497278465551447,0.325,1000,1.083,0.628,1.710,0.598,0.021,2.329
1778497278497567769,1778497278495523555,0.288,1000,1.239,0.083,1.322,0.311,0.117,1.750
1778497278517554625,1778497278515534572,0.251,1000,1.144,0.228,1.371,0.187,0.204,1.762
1778497278547879318,1778497278545549594,0.249,1000,1.452,0.254,1.705,0.279,0.090,2.074
1778497278568433997,1778497278565536514,0.574,1000,0.948,0.369,1.317,0.193,0.806,2.316
1778497278597549219,1778497278595541071,0.242,1000,1.218,0.159,1.377,0.171,0.211,1.759
1778497278617921622,1778497278615548248,0.256,1000,1.238,0.393,1.630,0.204,0.276,2.110
1778497278647701021,1778497278645547653,0.232,1000,1.136,0.283,1.419,0.308,0.187,1.914
1778497278667608547,1778497278665527149,0.248,1000,1.005,0.349,1.354,0.180,0.292,1.826
1778497278697799445,1778497278695555707,0.282,1000,1.207,0.319,1.527,0.216,0.213,1.955
1778497278717907649,1778497278715550403,0.260,1000,1.349,0.294,1.644,0.397,0.050,2.091
1778497278747962831,1778497278745497263,0.275,1000,1.304,0.368,1.672,0.170,0.340,2.183
1778497278767661072,1778497278765544473,0.278,1000,1.106,0.314,1.420,0.168,0.244,1.832
1778497278797575034,1778497278795544262,0.299,1000,1.100,0.210,1.310,0.216,0.199,1.725
1778497278817916556,1778497278815549070,0.287,1000,1.081,0.407,1.488,0.369,0.216,2.073
1778497278847476621,1778497278845547259,0.243,1000,1.153,0.227,1.380,0.223,0.076,1.679
1778497278867550584,1778497278865538916,0.268,1000,1.124,0.226,1.350,0.126,0.261,1.737
1778497278898166165,1778497278895532528,0.265,1000,1.309,0.287,1.596,0.214,0.551,2.360
1778497278917967768,1778497278915493272,0.675,1000,0.955,0.326,1.281,0.184,0.328,1.793
1778497278944062432,1778497278941631872,0.370,1000,1.154,0.365,1.519,0.167,0.368,2.054
1778497278967719112,1778497278965528911,0.252,1000,1.022,0.384,1.406,0.280,0.245,1.931
1778497278998333125,1778497278995547100,0.311,1000,1.106,0.512,1.618,0.050,0.799,2.467
1778497279017805823,1778497279015546725,0.226,1000,1.103,0.332,1.435,0.570,0.023,2.028
1778497279047881326,1778497279045538417,0.595,1000,1.009,0.310,1.319,0.219,0.202,1.741
1778497279067653425,1778497279065536794,0.252,1000,0.987,0.482,1.470,0.155,0.233,1.858
1778497279097935205,1778497279095530343,0.245,1000,1.100,0.538,1.638,0.214,0.301,2.152
1778497279117821419,1778497279115536271,0.226,1000,1.004,0.978,1.982,0.027,0.045,2.053
1778497279147792375,1778497279145541693,0.220,1000,1.270,0.438,1.709,0.153,0.162,2.023
1778497279167407478,1778497279165538085,0.232,1000,0.999,0.305,1.304,0.161,0.158,1.623
1778497279217760084,1778497279215543707,0.227,1000,1.219,0.344,1.562,0.053,0.368,1.983
1778497279248801596,1778497279245515687,0.227,1000,1.332,0.343,1.674,0.956,0.421,3.051
1778497279268263127,1778497279265520816,0.634,1000,0.912,0.497,1.409,0.154,0.538,2.100
1778497279298066303,1778497279295513244,0.381,1000,1.425,0.329,1.754,0.184,0.228,2.166
1778497279317075342,1778497279314782834,0.255,1000,1.458,0.046,1.503,0.134,0.393,2.031
1778497279347647626,1778497279345546131,0.235,1000,1.144,0.342,1.486,0.329,0.046,1.861
1778497279367886552,1778497279365521339,0.250,1000,1.115,0.540,1.655,0.056,0.396,2.108
1778497279393960223,1778497279391092725,0.236,1000,2.456,0.127,2.583,0.028,0.015,2.626
1778497279418902280,1778497279415545105,0.214,1000,3.052,0.048,3.100,0.023,0.015,3.138
1778497279447736695,1778497279445488124,0.246,1000,1.064,0.492,1.556,0.420,0.021,1.997
1778497279467686974,1778497279465546759,0.366,1000,1.031,0.364,1.395,0.164,0.209,1.768
1778497279497642762,1778497279495534195,0.490,1000,0.846,0.469,1.315,0.120,0.178,1.613
1778497279517616370,1778497279515543260,0.260,1000,1.071,0.349,1.419,0.214,0.174,1.807
1778497279547581118,1778497279545546249,0.509,1000,0.780,0.379,1.159,0.215,0.146,1.520
1778497279567525829,1778497279565540338,0.214,1000,1.028,0.335,1.363,0.177,0.225,1.765
1778497279597691031,1778497279595484221,0.261,1000,1.163,0.567,1.730,0.024,0.186,1.940
1778497279618210317,1778497279615536135,0.280,1000,1.361,0.532,1.892,0.023,0.473,2.387
1778497279647599818,1778497279645550836,0.724,1000,0.604,0.490,1.093,0.051,0.174,1.319
1778497279667494160,1778497279665535965,0.256,1000,1.135,0.444,1.580,0.052,0.065,1.697
1778497279698634234,1778497279695536330,0.301,1000,1.096,0.600,1.696,0.024,1.069,2.789
1778497279717642537,1778497279715539730,0.511,1000,0.872,0.506,1.377,0.022,0.185,1.584
1778497279747724760,1778497279745546559,0.333,1000,0.946,0.361,1.307,0.249,0.283,1.839
1778497279778453880,1778497279775542412,0.616,1000,0.819,0.410,1.229,0.023,1.037,2.289
1778497279797644012,1778497279795506516,0.443,1000,0.905,0.498,1.404,0.077,0.208,1.688
1778497279828938810,1778497279825540418,0.246,1000,1.105,0.236,1.341,0.222,1.582,3.145
1778497279847519262,1778497279845523018,0.524,1000,0.820,0.321,1.141,0.180,0.145,1.466
1778497279878262334,1778497279875500534,0.567,1000,0.804,0.584,1.388,0.024,0.776,2.188
1778497279897875997,1778497279895544800,0.274,1000,1.338,0.539,1.878,0.135,0.040,2.052
1778497279927735206,1778497279925543405,0.482,1000,1.017,0.283,1.299,0.251,0.128,1.679
1778497279947766095,1778497279945539093,0.371,1000,1.091,0.363,1.454,0.175,0.221,1.850
1778497279972362000,1778497279970195255,0.256,1000,1.039,0.526,1.564,0.294,0.047,1.905
1778497279998026380,1778497279995501514,0.549,1000,1.177,0.372,1.550,0.254,0.165,1.969
1778497280028187069,1778497280025512183,0.277,1000,1.160,0.646,1.807,0.022,0.562,2.391
1778497280047991744,1778497280045511296,0.939,1000,0.553,0.494,1.047,0.185,0.303,1.535
1778497280078021198,1778497280075540493,0.288,1000,1.386,0.310,1.696,0.258,0.232,2.186
1778497280097762960,1778497280095522038,0.672,1000,0.778,0.335,1.113,0.226,0.223,1.562
1778497280117719479,1778497280115534879,0.261,1000,1.103,0.467,1.570,0.194,0.153,1.917
1778497280152210297,1778497280145538764,6.540,1000,0.047,0.041,0.088,0.023,0.015,0.126
1778497280167613930,1778497280165540884,0.555,1000,0.769,0.288,1.057,0.276,0.179,1.512
1778497280198250632,1778497280195488352,0.533,1000,0.913,0.414,1.328,0.025,0.869,2.222
1778497280218555224,1778497280215525929,0.557,1000,2.389,0.047,2.436,0.018,0.014,2.467
1778497280248148603,1778497280245510102,0.644,1000,1.916,0.044,1.960,0.016,0.014,1.990
1778497280267495698,1778497280265538175,0.268,1000,1.026,0.552,1.578,0.020,0.086,1.683
1778497280297668164,1778497280295544524,0.254,1000,1.139,0.300,1.439,0.309,0.116,1.864
1778497280317793967,1778497280315525524,0.387,1000,1.687,0.045,1.732,0.043,0.100,1.875
1778497280347870430,1778497280345547234,0.379,1000,1.091,0.298,1.388,0.503,0.048,1.939
1778497280368185103,1778497280365524074,0.303,1000,1.516,0.264,1.780,0.382,0.189,2.351
1778497280397746641,1778497280395532727,0.270,1000,1.182,0.205,1.387,0.323,0.226,1.936
1778497280417684824,1778497280415527168,0.241,1000,0.954,0.460,1.414,0.293,0.203,1.910
1778497280447812328,1778497280445497836,0.285,1000,1.155,0.237,1.392,0.194,0.436,2.022
1778497280497731515,1778497280495537282,0.298,1000,1.127,0.463,1.590,0.048,0.251,1.889
1778497280517866215,1778497280515536427,0.236,1000,1.255,0.364,1.618,0.223,0.245,2.087
1778497280548165212,1778497280545531448,0.269,1000,1.423,0.553,1.977,0.026,0.355,2.358
1778497280567907422,1778497280565534432,0.237,1000,1.263,0.372,1.636,0.284,0.209,2.129
1778497280598276469,1778497280595549934,0.261,1000,1.457,0.680,2.138,0.028,0.293,2.458
1778497280617981270,1778497280615505141,0.642,1000,0.775,0.395,1.170,0.320,0.336,1.826
1778497280647671322,1778497280645546019,0.286,1000,1.023,0.252,1.275,0.539,0.020,1.834
1778497280667878120,1778497280665547468,0.253,1000,1.265,0.525,1.790,0.062,0.218,2.071
1778497280698777933,1778497280695548505,0.286,1000,1.481,0.749,2.230,0.188,0.518,2.936
1778497280719067133,1778497280715531041,0.239,1000,1.131,0.390,1.521,0.226,1.543,3.289
1778497280747894891,1778497280745554510,0.650,1000,0.987,0.268,1.255,0.204,0.224,1.683
1778497280767896692,1778497280765523830,0.257,1000,1.140,0.548,1.688,0.174,0.247,2.109
1778497280798688117,1778497280795552356,0.324,1000,1.496,0.749,2.245,0.540,0.021,2.806
1778497280818145072,1778497280815539788,0.613,1000,0.986,0.435,1.421,0.168,0.395,1.985
1778497280847749843,1778497280845526681,0.271,1000,1.125,0.388,1.513,0.250,0.182,1.945
1778497280868771062,1778497280865535554,0.233,1000,1.204,1.256,2.460,0.031,0.504,2.995
1778497280897893100,1778497280895537070,0.284,1000,1.423,0.198,1.621,0.117,0.326,2.064
1778497280918049561,1778497280915545719,0.255,1000,1.112,0.594,1.706,0.192,0.343,2.242
1778497280947967395,1778497280945541444,0.252,1000,1.177,0.925,2.102,0.027,0.039,2.168
1778497280967700741,1778497280965487979,0.210,1000,1.249,0.243,1.492,0.223,0.271,1.986
1778497280997966905,1778497280995547450,0.188,1000,1.405,0.331,1.736,0.468,0.022,2.225
1778497281017658713,1778497281015524354,0.282,1000,1.047,0.361,1.408,0.195,0.242,1.845
1778497281047657702,1778497281045532175,0.264,1000,1.275,0.200,1.475,0.223,0.158,1.855
1778497281068242750,1778497281065537592,0.282,1000,1.425,0.592,2.017,0.082,0.318,2.417
1778497281100979090,1778497281095542245,0.380,1000,1.423,0.327,1.750,3.023,0.276,5.049
1778497281117493440,1778497281115537485,0.369,1000,0.884,0.334,1.219,0.185,0.177,1.581
1778497281147971065,1778497281145537722,0.330,1000,1.024,0.299,1.323,0.534,0.238,2.095
1778497281167982210,1778497281165617029,0.270,1000,1.151,0.373,1.524,0.317,0.247,2.089
1778497281198019120,1778497281195534800,0.433,1000,0.970,0.222,1.192,0.259,0.593,2.044
1778497281217907766,1778497281215519800,0.281,1000,1.320,0.283,1.602,0.295,0.202,2.099
1778497281248506834,1778497281245533797,0.240,1000,1.098,0.401,1.499,0.414,0.812,2.725
1778497281267925932,1778497281265542798,0.586,1000,0.783,0.224,1.007,0.165,0.618,1.790
1778497281298004667,1778497281295483961,0.331,1000,0.996,1.006,2.002,0.027,0.153,2.183
1778497281327583165,1778497281325547592,0.296,1000,1.094,0.210,1.305,0.175,0.253,1.733
1778497281347670376,1778497281345517744,0.313,1000,1.034,0.282,1.316,0.190,0.327,1.832
1778497281377937147,1778497281375534269,0.219,1000,1.089,0.449,1.538,0.610,0.030,2.178
1778497281397606875,1778497281395482468,0.601,1000,1.043,0.016,1.059,0.264,0.195,1.517
1778497281428062356,1778497281425545651,0.339,1000,1.317,0.240,1.556,0.232,0.382,2.171
1778497281447782966,1778497281445515611,0.641,1000,0.728,0.321,1.049,0.120,0.451,1.619
1778497281478033161,1778497281475511175,0.238,1000,1.319,0.467,1.786,0.296,0.194,2.277
1778497281498210358,1778497281495539089,0.251,1000,1.542,0.270,1.812,0.268,0.333,2.413
1778497281527905019,1778497281525524317,0.271,1000,1.051,0.414,1.465,0.359,0.278,2.102
1778497281548482195,1778497281545542150,0.358,1000,1.115,0.480,1.595,0.958,0.024,2.577
1778497281577725612,1778497281575535475,0.455,1000,0.852,0.335,1.187,0.368,0.173,1.728
1778497281597641010,1778497281595549340,0.261,1000,1.261,0.143,1.404,0.163,0.255,1.823
1778497281628329297,1778497281625531464,0.261,1000,1.203,0.339,1.542,0.158,0.828,2.528
1778497281647913999,1778497281645491920,0.267,1000,1.001,0.449,1.450,0.144,0.553,2.148
1778497281678328167,1778497281675546910,0.705,1000,0.786,0.481,1.267,0.484,0.318,2.069
1778497281697956006,1778497281695525478,0.237,1000,1.201,0.515,1.715,0.025,0.447,2.187
1778497281728077558,1778497281725499251,0.220,1000,1.040,0.492,1.532,0.093,0.726,2.351
1778497281748040477,1778497281745523548,0.222,1000,1.894,0.047,1.940,0.046,0.302,2.288
1778497281777990601,1778497281775542089,0.260,1000,1.119,0.730,1.849,0.050,0.282,2.182
1778497281798547648,1778497281795523345,0.286,1000,1.108,0.374,1.481,0.144,1.106,2.731
1778497281827829978,1778497281825520286,0.592,1000,0.764,0.440,1.204,0.487,0.021,1.712
1778497281847656158,1778497281845521095,0.338,1000,0.965,0.517,1.482,0.157,0.151,1.790
1778497281877718157,1778497281875504947,0.638,1000,0.775,0.413,1.187,0.167,0.215,1.569
1778497281897962844,1778497281895517148,0.237,1000,1.100,0.741,1.841,0.049,0.312,2.202
1778497281928336946,1778497281925539082,0.240,1000,1.349,0.481,1.830,0.185,0.536,2.551
1778497281943899912,1778497281941663821,0.632,1000,0.729,0.252,0.981,0.596,0.021,1.598
1778497281997599357,1778497281995525447,0.641,1000,1.171,0.045,1.216,0.044,0.167,1.426
1778497282027826960,1778497282025547381,0.260,1000,1.240,0.289,1.528,0.290,0.195,2.012
1778497282048012158,1778497282045539965,0.269,1000,1.029,0.598,1.628,0.180,0.389,2.197
1778497282077573567,1778497282075512809,0.242,1000,1.205,0.226,1.431,0.219,0.162,1.812
1778497282097886128,1778497282095518770,0.329,1000,1.909,0.080,1.989,0.019,0.025,2.032
1778497282128048289,1778497282125537215,0.282,1000,1.405,0.337,1.742,0.261,0.221,2.223
1778497282147752706,1778497282145500615,0.286,1000,1.078,0.441,1.519,0.234,0.207,1.959
1778497282177777455,1778497282175508532,0.251,1000,1.271,0.279,1.549,0.226,0.236,2.011
1778497282198312870,1778497282195494300,0.844,1000,0.485,0.361,0.846,0.245,0.876,1.966
1778497282227579008,1778497282225539947,0.240,1000,1.078,0.343,1.421,0.352,0.021,1.794
1778497282247578824,1778497282245524147,0.275,1000,1.032,0.497,1.530,0.059,0.184,1.773
1778497282271394420,1778497282269056151,0.615,1000,0.677,0.421,1.098,0.276,0.343,1.716
1778497282297528220,1778497282295537449,0.640,1000,0.793,0.372,1.166,0.024,0.155,1.345
1778497282327634476,1778497282325511349,0.660,1000,0.643,0.423,1.065,0.206,0.186,1.457
1778497282348048159,1778497282345535166,0.259,1000,1.445,0.193,1.638,0.404,0.205,2.247
1778497282377585792,1778497282375522762,0.330,1000,0.968,0.376,1.345,0.198,0.184,1.726
1778497282393621154,1778497282391169698,0.253,1000,1.171,0.426,1.597,0.449,0.146,2.192
1778497282419947567,1778497282417941467,0.796,1000,0.627,0.205,0.831,0.135,0.238,1.203
1778497282447858341,1778497282445483912,0.237,1000,1.255,0.070,1.325,0.265,0.540,2.131
1778497282477833394,1778497282475535286,0.299,1000,1.079,0.278,1.357,0.189,0.445,1.992
1778497282497880827,1778497282495493725,0.269,1000,1.822,0.078,1.900,0.020,0.192,2.112
1778497282527728676,1778497282525523307,0.618,1000,0.652,0.515,1.167,0.147,0.266,1.580
1778497282547732333,1778497282545517651,0.252,1000,1.191,0.213,1.404,0.375,0.177,1.956
1778497282578735508,1778497282575497344,0.554,1000,1.659,0.168,1.827,0.526,0.324,2.677
1778497282598044523,1778497282595541545,0.273,1000,1.372,0.562,1.934,0.048,0.238,2.220
1778497282627915444,1778497282625529494,0.665,1000,1.084,0.158,1.242,0.176,0.296,1.714
1778497282647673718,1778497282645558559,0.274,1000,1.133,0.271,1.404,0.218,0.213,1.836
1778497282681032091,1778497282675541356,0.281,1000,1.381,0.094,1.476,0.374,3.352,5.202
1778497282697857265,1778497282695542484,0.244,1000,1.273,0.163,1.436,0.411,0.217,2.064
1778497282727492980,1778497282725531585,0.226,1000,1.056,0.351,1.408,0.081,0.240,1.729
1778497282747583615,1778497282745529514,0.225,1000,1.113,0.353,1.466,0.198,0.159,1.823
1778497282777681871,1778497282775554103,0.247,1000,0.991,0.445,1.437,0.181,0.255,1.873
1778497282797758713,1778497282795535487,0.244,1000,1.033,0.524,1.558,0.396,0.021,1.975
1778497282827894538,1778497282825493963,0.564,1000,1.057,0.212,1.269,0.270,0.290,1.829
1778497282847787343,1778497282845536085,0.231,1000,1.027,0.389,1.417,0.342,0.254,2.013
1778497282877620312,1778497282875536162,0.229,1000,1.181,0.170,1.351,0.257,0.241,1.849
1778497282898037931,1778497282895537738,0.680,1000,0.669,0.301,0.970,0.246,0.597,1.813
1778497282927691791,1778497282925511638,0.224,1000,1.304,0.177,1.480,0.278,0.191,1.949
1778497282947621110,1778497282945537440,0.268,1000,1.115,0.274,1.389,0.252,0.168,1.809
1778497282972333497,1778497282970258499,0.626,1000,0.653,0.339,0.992,0.243,0.208,1.443
1778497282997981461,1778497282995542837,0.748,1000,1.159,0.045,1.204,0.460,0.021,1.685
1778497283027437396,1778497283025510721,0.249,1000,0.989,0.371,1.360,0.199,0.112,1.671
1778497283048403189,1778497283045498538,0.710,1000,0.646,1.075,1.721,0.319,0.148,2.188
1778497283077962615,1778497283075514967,0.751,1000,0.643,0.293,0.936,0.112,0.641,1.689
1778497283097971999,1778497283095506335,0.651,1000,0.843,0.403,1.246,0.193,0.367,1.807
1778497283127536449,1778497283125534317,0.218,1000,1.133,0.317,1.450,0.196,0.131,1.777
1778497283147573739,1778497283145513269,0.583,1000,0.880,0.260,1.140,0.313,0.020,1.473
1778497283177612600,1778497283175480929,0.239,1000,0.999,0.495,1.495,0.299,0.093,1.886
1778497283197670242,1778497283195527979,0.241,1000,1.142,0.328,1.470,0.076,0.349,1.895
1778497283227824211,1778497283225526616,0.222,1000,1.266,0.331,1.598,0.451,0.022,2.071
1778497283247420273,1778497283245526240,0.396,1000,0.994,0.206,1.200,0.125,0.167,1.492
1778497283278414488,1778497283275527373,0.226,1000,1.185,0.408,1.593,0.745,0.317,2.654
1778497283297636877,1778497283295536054,0.239,1000,1.207,0.232,1.439,0.227,0.189,1.855
1778497283328138022,1778497283325537219,0.305,1000,0.924,0.484,1.408,0.861,0.021,2.291
1778497283348279603,1778497283345541195,0.250,1000,1.200,0.286,1.486,0.974,0.023,2.483
1778497283377675088,1778497283375535320,0.206,1000,1.248,0.212,1.460,0.276,0.192,1.927
1778497283397662488,1778497283395532833,0.219,1000,1.066,0.382,1.448,0.236,0.221,1.905
1778497283427967213,1778497283425530957,2.302,1000,0.051,0.040,0.091,0.023,0.016,0.129
1778497283447713167,1778497283445523446,0.231,1000,1.119,0.270,1.389,0.318,0.245,1.952
1778497283477827231,1778497283475534435,0.583,1000,0.721,0.351,1.073,0.158,0.471,1.702
1778497283497671267,1778497283495533804,0.205,1000,1.144,0.419,1.563,0.045,0.318,1.926
1778497283527759026,1778497283525612987,0.792,1000,0.570,0.299,0.869,0.236,0.242,1.348
1778497283547873982,1778497283545530337,0.317,1000,1.219,0.270,1.489,0.309,0.221,2.020
1778497283577720327,1778497283575533550,0.227,1000,1.051,0.561,1.612,0.161,0.181,1.953
1778497283597972118,1778497283595522134,0.241,1000,1.249,0.457,1.706,0.259,0.237,2.202
1778497283629932278,1778497283625546276,0.584,1000,0.730,2.715,3.445,0.031,0.321,3.796
1778497283648073006,1778497283645545836,0.271,1000,1.389,0.352,1.742,0.313,0.195,2.249
1778497283678060699,1778497283675514264,0.700,1000,1.132,0.348,1.480,0.197,0.162,1.839
1778497283697806845,1778497283695534369,0.273,1000,1.344,0.281,1.625,0.198,0.170,1.993
1778497283727924684,1778497283725549903,0.378,1000,1.226,0.686,1.913,0.033,0.045,1.991
1778497283747645646,1778497283745548055,0.332,1000,1.084,0.363,1.447,0.152,0.160,1.759
1778497283777547320,1778497283775520899,0.260,1000,1.279,0.125,1.404,0.190,0.166,1.760
1778497283797510880,1778497283795538508,0.232,1000,1.171,0.342,1.512,0.174,0.049,1.735
1778497283827629168,1778497283825509176,0.249,1000,1.008,0.540,1.548,0.222,0.095,1.865
1778497283847511861,1778497283845491809,0.266,1000,1.043,0.477,1.521,0.047,0.179,1.747
1778497283877545859,1778497283875504558,0.239,1000,1.258,0.128,1.386,0.225,0.185,1.796
1778497283897510571,1778497283895533047,0.245,1000,1.108,0.322,1.429,0.112,0.186,1.727
1778497283927786783,1778497283925534340,0.239,1000,1.675,0.017,1.692,0.294,0.022,2.008
1778497283948978438,1778497283945496076,0.280,1000,1.094,0.401,1.496,1.510,0.190,3.195
1778497283977683441,1778497283975549402,0.311,1000,1.026,0.511,1.537,0.054,0.225,1.816
1778497283997626937,1778497283995541762,0.260,1000,1.029,0.488,1.517,0.199,0.103,1.819
1778497284027728008,1778497284025542799,0.297,1000,1.296,0.250,1.546,0.167,0.168,1.881
1778497284047530443,1778497284045540312,0.247,1000,1.107,0.413,1.520,0.048,0.169,1.737
1778497284077722653,1778497284075554405,0.312,1000,1.003,0.378,1.381,0.312,0.157,1.850
1778497284097709318,1778497284095545101,0.266,1000,1.068,0.786,1.854,0.025,0.014,1.894
1778497284127563727,1778497284125541338,0.313,1000,1.201,0.229,1.430,0.057,0.216,1.703
1778497284147939809,1778497284145545923,0.272,1000,1.370,0.355,1.725,0.180,0.209,2.114
1778497284177802922,1778497284175542447,0.284,1000,1.085,0.304,1.389,0.347,0.232,1.969
1778497284198612872,1778497284195529144,0.333,1000,1.654,0.342,1.996,0.481,0.268,2.744
1778497284227812160,1778497284225522756,0.630,1000,0.680,0.404,1.084,0.355,0.214,1.653
1778497284247621764,1778497284245538669,0.289,1000,0.951,0.430,1.381,0.200,0.207,1.788
1778497284277913752,1778497284275523802,0.296,1000,1.164,0.242,1.406,0.218,0.463,2.087
1778497284298095109,1778497284295536131,0.351,1000,1.051,0.420,1.471,0.494,0.236,2.201
1778497284328479132,1778497284325545392,0.277,1000,1.316,0.289,1.605,1.024,0.022,2.651
1778497284347583629,1778497284345539000,0.262,1000,1.082,0.311,1.393,0.291,0.092,1.776
1778497284378096808,1778497284375539845,0.585,1000,0.905,0.199,1.104,0.633,0.228,1.965
1778497284398504987,1778497284395534317,0.224,1000,1.265,0.571,1.836,0.599,0.304,2.739
1778497284427708691,1778497284425540250,0.580,1000,1.053,0.154,1.207,0.192,0.182,1.582
1778497284448167943,1778497284445526499,0.325,1000,1.031,0.313,1.345,0.852,0.113,2.309
1778497284477765226,1778497284475540272,0.268,1000,1.193,0.271,1.464,0.342,0.145,1.951
1778497284498290560,1778497284495498679,0.657,1000,1.000,0.925,1.925,0.032,0.171,2.128
1778497284527687485,1778497284525530341,0.507,1000,0.795,0.483,1.277,0.115,0.252,1.644
1778497284548517979,1778497284545505901,0.244,1000,1.060,0.394,1.455,0.922,0.384,2.761
1778497284582546321,1778497284575536475,0.487,1000,1.195,0.047,1.242,0.046,5.226,6.514
1778497284597655450,1778497284595502498,0.475,1000,0.787,0.435,1.222,0.261,0.188,1.671
1778497284627684264,1778497284625502863,0.481,1000,0.901,0.233,1.135,0.334,0.226,1.694
1778497284648166717,1778497284645535961,0.239,1000,1.159,0.537,1.696,0.541,0.149,2.386
1778497284678196907,1778497284675524613,0.869,1000,0.805,0.235,1.040,0.406,0.352,1.797
1778497284698071888,1778497284695533454,0.468,1000,0.869,0.458,1.327,0.458,0.279,2.064
1778497284727659762,1778497284725531387,0.296,1000,0.980,0.412,1.392,0.204,0.230,1.826
1778497284747774686,1778497284745528547,0.250,1000,1.074,0.290,1.364,0.457,0.168,1.989
1778497284777996592,1778497284775534576,0.234,1000,1.307,0.419,1.726,0.272,0.223,2.221
1778497284797751795,1778497284795535513,0.221,1000,1.243,0.114,1.358,0.469,0.162,1.988
1778497284829251910,1778497284825538406,0.253,1000,1.044,0.316,1.360,1.973,0.121,3.454
1778497284858155031,1778497284855529586,0.235,1000,1.129,0.251,1.381,0.852,0.152,2.384
1778497284878530377,1778497284875561820,0.219,1000,1.072,0.422,1.494,0.993,0.256,2.743
1778497284908443156,1778497284905542664,0.823,1000,0.649,0.170,0.820,0.979,0.272,2.071
1778497284928460189,1778497284925545905,0.246,1000,1.044,0.348,1.392,0.927,0.344,2.662
1778497284958241988,1778497284955535773,0.232,1000,1.079,0.438,1.517,0.732,0.218,2.468
1778497285008593090,1778497285005538643,0.727,1000,0.788,0.331,1.119,1.190,0.014,2.323
1778497285027707700,1778497285025532955,0.214,1000,1.321,0.178,1.500,0.238,0.216,1.954
1778497285058745564,1778497285055492455,0.252,1000,1.391,0.273,1.664,1.160,0.170,2.994
1778497285078759941,1778497285075508336,0.203,1000,1.260,0.397,1.657,1.034,0.350,3.041
1778497285109646441,1778497285105523005,0.584,1000,0.826,0.212,1.038,2.312,0.183,3.532
1778497285129994778,1778497285125638089,0.253,1000,2.358,0.357,2.715,1.129,0.253,4.098
1778497285157946930,1778497285155537363,0.733,1000,0.777,0.369,1.146,0.388,0.135,1.670
1778497285178444295,1778497285175530363,0.290,1000,1.276,0.307,1.583,0.837,0.198,2.617
1778497285208157453,1778497285205499047,0.637,1000,0.991,0.505,1.496,0.283,0.236,2.014
1778497285228081587,1778497285225514672,0.607,1000,0.683,0.406,1.088,0.845,0.022,1.955
1778497285257702358,1778497285255461596,0.596,1000,0.760,0.573,1.333,0.157,0.148,1.638
1778497285277848387,1778497285275521894,0.250,1000,1.352,0.417,1.769,0.051,0.249,2.070
1778497285307887472,1778497285305518259,0.729,1000,0.792,0.377,1.169,0.444,0.021,1.635
1778497285327754101,1778497285325524347,0.672,1000,0.903,0.195,1.098,0.175,0.277,1.551
1778497285356468737,1778497285354425452,0.238,1000,1.073,0.260,1.333,0.276,0.190,1.799
1778497285377849517,1778497285375495888,0.280,1000,1.269,0.295,1.564,0.483,0.022,2.068
1778497285407585235,1778497285405531710,0.279,1000,1.014,0.375,1.390,0.162,0.216,1.768
1778497285427637405,1778497285425539143,0.241,1000,1.108,0.279,1.387,0.151,0.312,1.849
1778497285457855856,1778497285455540467,0.270,1000,1.305,0.419,1.724,0.024,0.290,2.038
1778497285477778774,1778497285475539100,0.495,1000,0.899,0.291,1.190,0.330,0.218,1.738
1778497285507761731,1778497285505550793,0.281,1000,1.383,0.336,1.719,0.023,0.182,1.924
1778497285528132533,1778497285525547506,2.470,1000,0.039,0.038,0.077,0.019,0.014,0.110
1778497285557988670,1778497285555546270,0.260,1000,1.277,0.329,1.607,0.355,0.214,2.175
1778497285577653342,1778497285575541255,0.531,1000,0.824,0.300,1.124,0.253,0.199,1.575
1778497285608054901,1778497285605552244,0.578,1000,0.961,0.253,1.213,0.280,0.424,1.918
1778497285627595570,1778497285625540220,0.572,1000,0.722,0.538,1.260,0.023,0.193,1.477
1778497285657632159,1778497285655553225,0.347,1000,1.085,0.498,1.583,0.025,0.117,1.724
1778497285677914575,1778497285675547698,0.580,1000,0.728,0.392,1.119,0.469,0.193,1.780
1778497285707678902,1778497285705544319,0.398,1000,1.593,0.043,1.636,0.016,0.078,1.731
1778497285728327408,1778497285725533319,0.538,1000,0.758,0.348,1.106,0.420,0.723,2.249
1778497285757731853,1778497285755547636,1.667,1000,0.084,0.267,0.351,0.048,0.111,0.510
1778497285778002620,1778497285775544604,0.577,1000,1.058,0.428,1.486,0.226,0.163,1.875
1778497285807667713,1778497285805518505,0.395,1000,1.016,0.373,1.389,0.247,0.113,1.749
1778497285827497445,1778497285825544978,0.559,1000,0.740,0.248,0.987,0.301,0.100,1.388
1778497285857970174,1778497285855550367,0.521,1000,0.860,0.490,1.350,0.134,0.409,1.893
1778497285878193900,1778497285875523303,0.408,1000,0.956,0.806,1.761,0.058,0.436,2.256
1778497285908068662,1778497285905543732,0.529,1000,0.931,0.510,1.441,0.116,0.432,1.990
1778497285957765571,1778497285955545834,0.236,1000,1.107,0.692,1.799,0.019,0.159,1.977
1778497285977708106,1778497285975521585,0.640,1000,0.748,0.554,1.302,0.029,0.209,1.540
1778497286007876444,1778497286005541279,0.227,1000,1.086,0.495,1.582,0.178,0.341,2.101
1778497286027967142,1778497286025532391,0.795,1000,0.582,0.448,1.030,0.200,0.403,1.634
1778497286056627152,1778497286049828575,0.337,1000,0.950,0.457,1.407,4.809,0.240,6.456
1778497286078330117,1778497286075537533,0.492,1000,0.823,0.599,1.422,0.404,0.469,2.295
1778497286107646944,1778497286105506633,0.242,1000,0.995,0.435,1.431,0.303,0.159,1.892
1778497286127618344,1778497286125549298,0.342,1000,0.976,0.531,1.507,0.039,0.174,1.721
1778497286161742752,1778497286155528063,0.507,1000,2.250,0.063,2.313,3.139,0.249,5.701
1778497286178080426,1778497286175533255,0.298,1000,1.290,0.215,1.504,0.196,0.542,2.243
1778497286207646955,1778497286205530196,0.510,1000,0.817,0.610,1.427,0.056,0.118,1.601
1778497286227658228,1778497286225511484,0.490,1000,0.951,0.350,1.301,0.135,0.215,1.651
1778497286257870598,1778497286255535113,0.500,1000,1.038,0.304,1.342,0.247,0.240,1.829
1778497286277886959,1778497286275553490,0.666,1000,0.732,0.529,1.261,0.097,0.302,1.660
1778497286307657558,1778497286305551807,0.344,1000,1.116,0.206,1.323,0.252,0.181,1.755
1778497286327935910,1778497286325547752,0.338,1000,0.941,0.588,1.529,0.373,0.143,2.044
1778497286358976878,1778497286355549205,3.211,1000,0.049,0.115,0.164,0.032,0.016,0.212
1778497286377887994,1778497286375543613,0.248,1000,1.078,0.420,1.498,0.577,0.018,2.092
1778497286408307026,1778497286405541962,0.284,1000,1.270,0.259,1.529,0.701,0.244,2.474
1778497286427537574,1778497286425539666,0.227,1000,1.126,0.278,1.404,0.177,0.184,1.765
1778497286457596853,1778497286455539839,0.258,1000,1.236,0.395,1.631,0.048,0.113,1.792
1778497286478202477,1778497286475525287,0.247,1000,1.229,0.699,1.929,0.113,0.380,2.422
1778497286507609706,1778497286505539828,0.218,1000,0.997,0.506,1.502,0.214,0.129,1.846
1778497286527516400,1778497286525543837,0.596,1000,1.125,0.080,1.205,0.020,0.145,1.370
1778497286558248176,1778497286555523145,0.302,1000,1.100,0.541,1.641,0.217,0.559,2.417
1778497286580996000,1778497286575536850,0.251,1000,1.861,0.042,1.902,2.822,0.476,5.201
1778497286608055265,1778497286605507102,0.281,1000,1.136,0.420,1.556,0.183,0.522,2.260
1778497286627742369,1778497286625535304,0.242,1000,1.226,0.276,1.502,0.195,0.261,1.958
1778497286657675596,1778497286655516788,0.239,1000,0.976,0.448,1.424,0.268,0.221,1.913
1778497286678135681,1778497286675531357,0.490,1000,0.829,0.451,1.281,0.485,0.343,2.108
1778497286707752259,1778497286705502537,0.263,1000,1.122,0.258,1.380,0.297,0.303,1.980
1778497286727732331,1778497286725539474,0.242,1000,1.049,0.396,1.444,0.327,0.174,1.946
1778497286759061531,1778497286755528863,0.456,1000,1.013,0.339,1.352,1.299,0.419,3.071
1778497286778368977,1778497286775538824,0.247,1000,1.325,0.275,1.600,0.601,0.375,2.576
1778497286808343998,1778497286805539541,0.268,1000,0.992,0.542,1.534,0.410,0.585,2.529
1778497286828708944,1778497286825487804,0.239,1000,1.211,0.213,1.424,1.066,0.485,2.975
1778497286857823013,1778497286855538058,0.233,1000,1.074,0.441,1.515,0.488,0.044,2.046
1778497286877873455,1778497286875505202,0.273,1000,1.087,0.390,1.476,0.375,0.238,2.089
1778497286907933246,1778497286905495326,0.255,1000,1.052,0.351,1.403,0.417,0.353,2.172
1778497286938696350,1778497286935546188,0.481,1000,1.544,0.017,1.562,0.677,0.425,2.663
1778497286957785903,1778497286955551701,0.281,1000,1.174,0.188,1.361,0.342,0.243,1.947
1778497286987799004,1778497286985550018,0.374,1000,0.978,0.294,1.272,0.415,0.182,1.869
1778497287007681762,1778497287005545482,0.242,1000,1.183,0.196,1.379,0.335,0.174,1.888
1778497287037848531,1778497287035546487,0.244,1000,1.087,0.381,1.468,0.396,0.187,2.051
1778497287058121827,1778497287055545920,0.245,1000,1.770,0.045,1.814,0.490,0.022,2.326
1778497287087632931,1778497287085543212,0.299,1000,1.104,0.215,1.318,0.309,0.157,1.784
1778497287108956270,1778497287105546709,0.223,1000,1.152,0.254,1.406,1.524,0.249,3.179
1778497287138181030,1778497287135554594,0.265,1000,1.460,0.199,1.659,0.268,0.428,2.354
1778497287157886855,1778497287155538282,0.258,1000,1.197,0.299,1.495,0.568,0.021,2.085
1778497287187616781,1778497287185545143,0.271,1000,1.119,0.637,1.756,0.025,0.014,1.795
1778497287207598421,1778497287205522303,0.271,1000,1.037,0.625,1.663,0.025,0.112,1.799
1778497287238034605,1778497287235542476,0.323,1000,1.311,0.812,2.124,0.026,0.015,2.164
1778497287257577162,1778497287255538293,0.232,1000,1.049,0.447,1.495,0.024,0.280,1.800
1778497287288128485,1778497287285507329,0.241,1000,1.497,0.542,2.039,0.031,0.303,2.373
1778497287307637505,1778497287305540138,0.241,1000,1.026,0.648,1.674,0.024,0.152,1.850
1778497287328048596,1778497287325555315,0.326,1000,0.990,0.366,1.357,0.164,0.638,2.159
1778497287357793082,1778497287355553056,0.307,1000,1.259,0.279,1.539,0.154,0.234,1.927
1778497287377982504,1778497287375555976,0.313,1000,1.060,0.406,1.465,0.164,0.477,2.106
1778497287407633035,1778497287405542869,0.250,1000,1.053,0.319,1.371,0.242,0.220,1.834
1778497287428503850,1778497287425530525,0.635,1000,1.402,0.390,1.792,0.222,0.317,2.331
1778497287458022283,1778497287455553706,0.275,1000,1.037,0.721,1.757,0.177,0.253,2.187
1778497287477654634,1778497287475500914,0.607,1000,0.883,0.330,1.214,0.024,0.303,1.540
1778497287507602837,1778497287505524991,0.257,1000,1.048,0.405,1.453,0.023,0.339,1.815
1778497287529947387,1778497287525533608,0.276,1000,1.061,0.205,1.265,2.399,0.466,4.131
1778497287557644908,1778497287555552373,0.276,1000,1.359,0.103,1.462,0.175,0.172,1.809
1778497287577571282,1778497287575530109,0.250,1000,1.220,0.245,1.466,0.300,0.021,1.787
1778497287607529726,1778497287605520842,0.261,1000,1.123,0.401,1.524,0.059,0.158,1.742
1778497287628943499,1778497287625538099,0.266,1000,1.083,1.024,2.108,1.003,0.023,3.134
1778497287657644054,1778497287655543072,0.267,1000,1.105,0.408,1.513,0.174,0.140,1.827
1778497287677845508,1778497287675547112,0.248,1000,1.340,0.195,1.535,0.212,0.295,2.043
1778497287707756462,1778497287705544725,0.272,1000,1.123,0.421,1.543,0.142,0.248,1.933
1778497287727711286,1778497287725547806,0.244,1000,1.466,0.044,1.509,0.180,0.223,1.913
1778497287757571487,1778497287755494121,0.240,1000,1.007,0.494,1.500,0.195,0.135,1.831
1778497287777550375,1778497287775539955,0.228,1000,1.181,0.525,1.706,0.030,0.040,1.777
1778497287807455569,1778497287805551808,0.242,1000,1.035,0.353,1.388,0.161,0.106,1.655
1778497287827789475,1778497287825544072,0.232,1000,1.094,0.533,1.627,0.169,0.210,2.006
1778497287857861105,1778497287855546677,0.231,1000,1.246,0.430,1.677,0.190,0.209,2.076
1778497287877588307,1778497287875542077,0.274,1000,1.110,0.348,1.458,0.050,0.258,1.766
1778497287907496381,1778497287905541130,0.514,1000,0.776,0.483,1.258,0.025,0.152,1.435
1778497287927555783,1778497287925496274,0.251,1000,1.035,0.428,1.463,0.251,0.089,1.802
1778497287957729240,1778497287955536511,0.241,1000,1.053,0.498,1.552,0.161,0.232,1.945
1778497287977774498,1778497287975516583,0.270,1000,1.282,0.366,1.648,0.148,0.185,1.981
1778497288007860817,1778497288005519220,0.522,1000,1.036,0.736,1.772,0.028,0.015,1.815
1778497288028102016,1778497288025539261,0.229,1000,0.993,0.675,1.668,0.194,0.464,2.326
1778497288058419445,1778497288055539530,0.227,1000,1.621,0.655,2.276,0.049,0.321,2.646
1778497288088372033,1778497288085519702,0.284,1000,1.021,0.372,1.394,0.268,0.899,2.561
1778497288107642646,1778497288105540159,0.252,1000,1.310,0.356,1.667,0.026,0.152,1.844
1778497288137942571,1778497288135510283,0.256,1000,1.314,0.275,1.589,0.560,0.023,2.171
1778497288158242907,1778497288155545141,0.283,1000,1.565,0.346,1.911,0.301,0.196,2.408
1778497288187713786,1778497288185510433,0.289,1000,1.211,0.343,1.554,0.107,0.247,1.907
1778497288207675714,1778497288205533354,0.731,1000,0.884,0.367,1.251,0.024,0.130,1.405
1778497288237724080,1778497288235548247,0.258,1000,1.193,0.281,1.474,0.150,0.286,1.911
1778497288257789082,1778497288255479422,0.263,1000,1.129,0.504,1.633,0.144,0.263,2.040
1778497288287881289,1778497288285530124,0.268,1000,1.365,0.187,1.552,0.503,0.023,2.077
1778497288307745678,1778497288305544725,0.381,1000,0.971,0.415,1.386,0.184,0.243,1.814
1778497288337699834,1778497288335540609,0.253,1000,1.087,0.488,1.575,0.146,0.179,1.900
1778497288357015632,1778497288354527632,0.229,1000,1.289,0.394,1.683,0.176,0.393,2.252
1778497288387670062,1778497288385547031,0.297,1000,1.245,0.208,1.453,0.247,0.120,1.820
1778497288408306823,1778497288405524479,0.279,1000,1.495,0.186,1.681,0.166,0.649,2.496
1778497288438062702,1778497288435503179,0.340,1000,0.950,0.490,1.440,0.159,0.614,2.212
1778497288457869841,1778497288455541525,0.289,1000,1.051,0.456,1.507,0.133,0.393,2.033
1778497288487499316,1778497288485549730,0.235,1000,0.985,0.440,1.425,0.178,0.104,1.708
1778497288507546398,1778497288505545898,0.290,1000,1.009,0.301,1.310,0.157,0.237,1.704
1778497288537749552,1778497288535543895,0.440,1000,0.906,0.562,1.468,0.024,0.267,1.759
1778497288557571860,1778497288555546975,0.240,1000,1.023,0.673,1.697,0.067,0.017,1.780
1778497288587989036,1778497288585533516,0.501,1000,0.737,0.441,1.178,0.436,0.333,1.947
1778497288611842649,1778497288605491251,0.277,1000,0.987,0.460,1.447,0.292,4.325,6.065
1778497288637744955,1778497288635547297,0.285,1000,1.112,0.553,1.665,0.055,0.187,1.906
1778497288657871367,1778497288655544074,0.498,1000,0.764,0.487,1.251,0.292,0.279,1.822
1778497288688127578,1778497288685549527,0.758,1000,0.685,0.292,0.977,0.425,0.411,1.814
1778497288707653046,1778497288705548319,0.253,1000,1.078,0.382,1.461,0.102,0.282,1.845
1778497288737659523,1778497288735551916,0.339,1000,1.056,0.394,1.450,0.081,0.230,1.762
1778497288757850161,1778497288755487539,0.271,1000,1.070,0.535,1.605,0.363,0.116,2.085
1778497288787934944,1778497288785531073,0.268,1000,1.110,0.577,1.687,0.265,0.178,2.129
1778497288807629504,1778497288805535466,0.249,1000,0.991,0.579,1.570,0.047,0.221,1.838
1778497288837611628,1778497288835548663,0.234,1000,1.084,0.368,1.453,0.182,0.188,1.822
1778497288858100418,1778497288855541791,0.244,1000,1.052,0.421,1.473,0.179,0.655,2.307
1778497288887655715,1778497288885536108,0.609,1000,0.738,0.339,1.078,0.219,0.208,1.505
1778497288907562281,1778497288905576597,0.255,1000,1.137,0.233,1.371,0.116,0.237,1.724
1778497288937798364,1778497288935546177,0.241,1000,1.103,0.401,1.504,0.221,0.280,2.004
1778497288957780068,1778497288955496585,0.253,1000,1.114,0.378,1.492,0.249,0.283,2.023
1778497288988061976,1778497288985534742,0.250,1000,1.269,0.490,1.760,0.274,0.236,2.269
1778497289007941085,1778497289005518174,0.240,1000,1.244,0.181,1.425,0.127,0.624,2.175
1778497289037598017,1778497289035533548,0.242,1000,1.110,0.267,1.377,0.338,0.100,1.816
1778497289057656779,1778497289055512084,0.224,1000,1.164,0.268,1.431,0.316,0.167,1.914
1778497289087530613,1778497289085539745,0.279,1000,1.016,0.404,1.420,0.193,0.092,1.705
1778497289108175598,1778497289105535113,0.273,1000,1.057,0.619,1.676,0.217,0.467,2.360
1778497289137868947,1778497289135534358,0.231,1000,1.137,0.321,1.458,0.455,0.183,2.097
1778497289157680279,1778497289155536255,0.593,1000,0.726,0.569,1.295,0.048,0.202,1.545
1778497289187909065,1778497289185525579,0.579,1000,1.046,0.256,1.302,0.291,0.204,1.797
1778497289207750574,1778497289205526804,0.229,1000,1.106,0.358,1.464,0.261,0.262,1.988
1778497289237842397,1778497289235541281,0.235,1000,1.283,0.575,1.859,0.024,0.178,2.061
1778497289257785764,1778497289255511529,0.240,1000,1.508,0.045,1.553,0.281,0.193,2.028
1778497289287774800,1778497289285493429,0.507,1000,0.951,0.492,1.442,0.026,0.294,1.762
1778497289307861915,1778497289305513534,0.244,1000,1.005,0.445,1.450,0.451,0.197,2.098
1778497289337994987,1778497289335543020,0.315,1000,1.447,0.043,1.490,0.500,0.139,2.130
1778497289357557736,1778497289355535092,0.282,1000,1.146,0.340,1.487,0.024,0.224,1.735
1778497289387857693,1778497289385508448,0.656,1000,0.813,0.441,1.254,0.161,0.271,1.686
1778497289407592607,1778497289405530953,0.300,1000,0.912,0.339,1.251,0.179,0.325,1.756
1778497289437713679,1778497289435548758,0.243,1000,1.096,0.441,1.537,0.200,0.178,1.915
1778497289457585588,1778497289455497693,0.302,1000,0.981,0.298,1.279,0.256,0.243,1.778
1778497289487591041,1778497289485546219,0.246,1000,1.084,0.294,1.379,0.290,0.124,1.793
1778497289507719565,1778497289505513747,0.234,1000,1.189,0.160,1.348,0.447,0.169,1.965
1778497289537916414,1778497289535548513,0.260,1000,1.230,0.200,1.430,0.453,0.218,2.101
1778497289557702977,1778497289555537481,0.248,1000,1.835,0.018,1.854,0.018,0.041,1.913
1778497289587495721,1778497289585518325,1.387,1000,0.065,0.395,0.460,0.025,0.100,0.584
1778497289607583252,1778497289605540606,0.238,1000,1.025,0.379,1.403,0.228,0.167,1.799
1778497289637673571,1778497289635540139,0.238,1000,1.305,0.160,1.465,0.207,0.218,1.890
1778497289657946546,1778497289655538100,0.225,1000,1.366,0.333,1.699,0.253,0.226,2.178
1778497289687466003,1778497289685541248,0.242,1000,1.101,0.222,1.323,0.164,0.189,1.676
1778497289707434074,1778497289705539113,0.222,1000,1.074,0.283,1.357,0.195,0.114,1.666
1778497289737629100,1778497289735538486,0.225,1000,1.055,0.427,1.482,0.358,0.020,1.860
1778497289757724535,1778497289755528638,0.227,1000,1.199,0.199,1.398,0.344,0.220,1.962
1778497289787676195,1778497289785536683,0.232,1000,1.115,0.343,1.458,0.170,0.272,1.900
1778497289807573320,1778497289805523283,0.223,1000,1.132,0.257,1.389,0.412,0.020,1.822
1778497289838369898,1778497289835543616,0.596,1000,0.740,0.938,1.678,0.266,0.279,2.223
1778497289857740866,1778497289855543369,0.240,1000,1.125,0.272,1.397,0.535,0.021,1.953
1778497289887786128,1778497289885520405,0.609,1000,0.856,0.230,1.086,0.407,0.157,1.650
1778497289907573779,1778497289905525950,0.597,1000,0.813,0.186,0.999,0.139,0.306,1.444
1778497289937745572,1778497289935508874,0.627,1000,0.767,0.501,1.267,0.036,0.299,1.603
1778497289957940082,1778497289955544147,0.247,1000,1.476,0.045,1.521,0.225,0.397,2.142
1778497289987969919,1778497289985490463,0.253,1000,1.060,0.709,1.769,0.252,0.198,2.220
1778497290007823684,1778497290005532520,0.223,1000,1.820,0.056,1.876,0.045,0.140,2.061
1778497290037607851,1778497290035536213,0.228,1000,1.219,0.185,1.403,0.282,0.152,1.838
1778497290058592653,1778497290055540382,0.439,1000,0.985,0.659,1.643,0.514,0.450,2.607
1778497290087672162,1778497290085546763,0.238,1000,1.006,0.439,1.445,0.292,0.145,1.881
1778497290107645386,1778497290105524851,0.369,1000,0.907,0.300,1.207,0.320,0.219,1.745
1778497290137863996,1778497290135506335,0.248,1000,1.020,0.490,1.510,0.397,0.196,2.103
1778497290161273342,1778497290155510824,0.494,1000,1.311,0.046,1.357,3.750,0.155,5.262
1778497290187808656,1778497290185550389,0.252,1000,1.073,0.347,1.421,0.433,0.146,2.000
1778497290207954269,1778497290205535198,0.510,1000,0.868,0.203,1.071,0.463,0.368,1.902
1778497290237859623,1778497290235538122,0.235,1000,1.104,0.407,1.511,0.372,0.197,2.080
1778497290257636137,1778497290255498738,0.590,1000,0.760,0.231,0.991,0.476,0.075,1.542
1778497290287477074,1778497290285512959,0.253,1000,1.388,0.087,1.474,0.020,0.210,1.704
1778497290307555453,1778497290305492775,0.273,1000,0.972,0.481,1.453,0.165,0.165,1.783
1778497290338085207,1778497290335470835,0.511,1000,0.794,0.527,1.320,0.399,0.377,2.096
1778497290357608659,1778497290355547326,0.431,1000,0.859,0.338,1.197,0.194,0.233,1.625
1778497290387556927,1778497290385538538,0.232,1000,0.996,0.394,1.390,0.198,0.192,1.780
1778497290407584008,1778497290405514194,0.740,1000,0.544,0.741,1.284,0.026,0.014,1.324
1778497290437627542,1778497290435545344,0.247,1000,1.033,0.326,1.359,0.240,0.230,1.829
1778497290457667231,1778497290455533064,0.230,1000,1.121,0.284,1.405,0.248,0.244,1.897
1778497290487608683,1778497290485494099,0.325,1000,0.943,0.382,1.325,0.158,0.301,1.784
1778497290508036350,1778497290505543485,0.237,1000,1.091,0.335,1.426,0.179,0.644,2.248
1778497290537735267,1778497290535531338,0.231,1000,1.063,0.436,1.499,0.184,0.282,1.966
1778497290557562119,1778497290555544371,0.235,1000,1.110,0.238,1.348,0.149,0.280,1.776
1778497290587895228,1778497290585542431,0.393,1000,1.257,0.234,1.490,0.164,0.298,1.953
1778497290607632958,1778497290605550056,0.268,1000,1.243,0.212,1.455,0.193,0.161,1.809
1778497290637670924,1778497290635545877,0.265,1000,1.095,0.348,1.443,0.251,0.159,1.853
1778497290657634707,1778497290655544061,0.654,1000,0.680,0.311,0.990,0.333,0.108,1.432
1778497290687820741,1778497290685549514,0.261,1000,1.177,0.229,1.406,0.440,0.159,2.005
1778497290707794477,1778497290705554387,0.272,1000,1.026,0.414,1.440,0.321,0.201,1.962
1778497290737637142,1778497290735544895,0.274,1000,1.024,0.407,1.432,0.162,0.219,1.812
1778497290757614077,1778497290755554376,0.267,1000,1.042,0.335,1.378,0.193,0.216,1.787
1778497290792591308,1778497290785543444,0.901,1000,0.495,0.217,0.712,5.132,0.297,6.140
1778497290807720085,1778497290805656960,0.241,1000,1.029,0.353,1.382,0.175,0.259,1.816
1778497290837832901,1778497290835521385,0.248,1000,1.152,0.553,1.705,0.169,0.183,2.058
1778497290857861966,1778497290855539090,0.233,1000,1.086,0.354,1.440,0.265,0.378,2.083
1778497290887507314,1778497290885534015,0.906,1000,0.371,0.284,0.656,0.173,0.231,1.060
1778497290907848067,1778497290905481958,0.255,1000,0.982,0.465,1.447,0.206,0.450,2.104
1778497290937650091,1778497290935549012,0.230,1000,1.140,0.272,1.412,0.173,0.279,1.864
1778497290957756982,1778497290955532444,0.262,1000,1.033,0.505,1.538,0.243,0.175,1.956
1778497290987946856,1778497290985505000,0.242,1000,1.447,0.048,1.495,0.171,0.527,2.193
1778497291007705802,1778497291005531954,0.264,1000,1.072,0.500,1.572,0.286,0.046,1.904
1778497291038144706,1778497291035531294,0.884,1000,0.911,0.183,1.095,0.231,0.397,1.722
1778497291058138443,1778497291055529063,0.237,1000,1.037,0.688,1.726,0.450,0.190,2.365
1778497291087640330,1778497291085515955,0.243,1000,1.015,0.484,1.499,0.205,0.171,1.875
1778497291110115923,1778497291105531452,0.214,1000,1.201,0.378,1.579,2.442,0.342,4.364
1778497291137708769,1778497291135536169,0.237,1000,1.169,0.277,1.447,0.260,0.223,1.930
1778497291157634856,1778497291155503984,0.216,1000,1.199,0.264,1.464,0.228,0.217,1.909
1778497291187878107,1778497291185522526,0.610,1000,0.768,0.465,1.233,0.278,0.229,1.740
1778497291207516666,1778497291205541671,0.245,1000,1.281,0.110,1.391,0.163,0.170,1.723
1778497291237511751,1778497291235537075,0.623,1000,0.723,0.472,1.196,0.025,0.124,1.344
1778497291257653043,1778497291255479034,0.248,1000,1.178,0.195,1.373,0.308,0.239,1.920
1778497291287503548,1778497291285539657,0.274,1000,1.040,0.217,1.258,0.211,0.214,1.683
1778497291307592839,1778497291305504080,0.242,1000,1.028,0.365,1.392,0.182,0.266,1.840
1778497291338140962,1778497291335527134,0.494,1000,0.889,1.189,2.078,0.023,0.014,2.115
1778497291356657731,1778497291354581645,0.606,1000,0.712,0.318,1.030,0.293,0.139,1.463
1778497291387582856,1778497291385537811,0.240,1000,1.007,0.755,1.762,0.024,0.015,1.800
1778497291407634226,1778497291405515963,0.220,1000,1.116,0.360,1.476,0.204,0.212,1.892
1778497291437612958,1778497291435545576,0.632,1000,0.889,0.117,1.006,0.252,0.171,1.429
1778497291457827340,1778497291455533265,0.222,1000,1.256,0.313,1.569,0.477,0.021,2.067
1778497291487590099,1778497291485536253,0.499,1000,0.745,0.355,1.100,0.175,0.273,1.548
1778497291507608924,1778497291505487237,0.262,1000,1.087,0.343,1.429,0.282,0.143,1.854
1778497291537853967,1778497291535553651,0.465,1000,0.959,0.411,1.370,0.257,0.201,1.829
1778497291557550064,1778497291555522811,0.249,1000,0.993,0.423,1.415,0.168,0.188,1.771
1778497291587840676,1778497291585499751,0.326,1000,1.174,0.386,1.559,0.209,0.240,2.008
1778497291607953935,1778497291605531440,0.270,1000,0.956,0.612,1.569,0.456,0.121,2.146
1778497291637585170,1778497291635531581,0.215,1000,1.201,0.244,1.445,0.215,0.173,1.832
1778497291657488184,1778497291655533222,0.566,1000,0.852,0.200,1.052,0.230,0.100,1.383
1778497291687681866,1778497291685540914,0.203,1000,1.112,0.523,1.635,0.114,0.182,1.931
1778497291707554159,1778497291705540091,0.234,1000,1.090,0.266,1.357,0.165,0.252,1.774
1778497291737695136,1778497291735542312,0.227,1000,1.522,0.045,1.567,0.044,0.308,1.919
1778497291757539204,1778497291755507695,0.249,1000,1.247,0.283,1.530,0.024,0.222,1.777
1778497291787673044,1778497291785530365,0.274,1000,0.995,0.476,1.471,0.150,0.242,1.862
1778497291807856130,1778497291805513189,0.295,1000,0.961,0.328,1.289,0.169,0.582,2.041
1778497291837497253,1778497291835487377,0.243,1000,1.001,0.479,1.480,0.147,0.132,1.760
1778497291857692787,1778497291855531258,0.592,1000,0.730,0.627,1.358,0.023,0.183,1.563
1778497291887523675,1778497291885514439,0.248,1000,1.241,0.085,1.326,0.291,0.137,1.755
1778497291907661447,1778497291905519215,0.250,1000,0.990,0.423,1.412,0.159,0.314,1.886
1778497291937520624,1778497291935520220,0.258,1000,1.140,0.253,1.393,0.215,0.128,1.736
1778497291957593051,1778497291955540325,0.605,1000,0.957,0.379,1.336,0.025,0.080,1.441
1778497291987712298,1778497291985535922,0.252,1000,1.159,0.263,1.422,0.126,0.369,1.917
1778497292007558895,1778497292005491961,0.251,1000,1.138,0.605,1.742,0.026,0.042,1.811
1778497292037772033,1778497292035541991,0.487,1000,0.793,0.684,1.477,0.023,0.237,1.737
1778497292059624474,1778497292055519887,0.257,1000,1.076,0.452,1.528,0.026,2.286,3.841
1778497292087474415,1778497292085533724,0.481,1000,0.711,0.324,1.035,0.185,0.234,1.453
1778497292107769951,1778497292105529796,0.476,1000,0.775,0.564,1.340,0.398,0.021,1.759
1778497292137534053,1778497292135550322,0.261,1000,1.455,0.044,1.499,0.051,0.166,1.716
1778497292157666801,1778497292155531834,0.575,1000,0.738,0.426,1.165,0.181,0.208,1.554
1778497292187790113,1778497292185530310,0.305,1000,1.020,0.513,1.532,0.159,0.257,1.948
1778497292217594953,1778497292215544339,0.242,1000,1.125,0.280,1.405,0.155,0.242,1.802
1778497292237519791,1778497292235541852,0.223,1000,1.185,0.222,1.407,0.146,0.195,1.748
1778497292267641023,1778497292265521896,0.273,1000,1.140,0.480,1.620,0.027,0.193,1.840
1778497292287553093,1778497292285530193,0.479,1000,0.898,0.379,1.277,0.023,0.237,1.537
1778497292317662325,1778497292315553054,0.217,1000,1.198,0.407,1.605,0.023,0.258,1.886
1778497292337601756,1778497292335549638,0.475,1000,0.910,0.268,1.179,0.204,0.187,1.570
1778497292367514822,1778497292365519186,0.381,1000,0.973,0.240,1.213,0.169,0.226,1.608
1778497292387972827,1778497292385538779,0.261,1000,1.276,0.378,1.654,0.222,0.291,2.167
1778497292418162252,1778497292415535368,0.238,1000,1.199,0.557,1.755,0.370,0.258,2.383
1778497292438059314,1778497292435508368,0.286,1000,1.236,0.617,1.853,0.188,0.217,2.258
1778497292467775287,1778497292465546525,0.238,1000,1.068,0.457,1.524,0.230,0.230,1.985
1778497292487606492,1778497292485523877,0.235,1000,1.082,0.558,1.640,0.085,0.116,1.841
1778497292517666346,1778497292515499633,0.237,1000,1.134,0.380,1.514,0.225,0.184,1.923
1778497292537988603,1778497292535533723,0.240,1000,1.347,0.325,1.672,0.296,0.240,2.208
1778497292567864996,1778497292565548648,0.244,1000,1.038,0.573,1.611,0.251,0.204,2.065
1778497292593903530,1778497292585514032,0.253,1000,6.746,0.447,7.193,0.507,0.429,8.130
1778497292617833209,1778497292615524220,0.265,1000,1.276,0.318,1.594,0.177,0.266,2.037
1778497292637737919,1778497292635541797,0.234,1000,1.080,0.358,1.438,0.304,0.213,1.955
1778497292668142198,1778497292665536210,0.261,1000,1.200,0.456,1.656,0.158,0.524,2.337
1778497292687805782,1778497292685523578,0.238,1000,1.109,0.614,1.723,0.144,0.172,2.038
1778497292717988039,1778497292715550344,0.237,1000,1.485,0.182,1.667,0.200,0.326,2.193
1778497292737629766,1778497292735547344,0.238,1000,1.123,0.653,1.775,0.026,0.037,1.838
1778497292760436856,1778497292758469061,0.293,1000,1.491,0.041,1.532,0.015,0.121,1.668
1778497292787728126,1778497292785518692,0.242,1000,1.105,0.397,1.501,0.211,0.249,1.961
1778497292817743947,1778497292815537042,0.268,1000,1.222,0.539,1.761,0.026,0.145,1.932
1778497292837625104,1778497292835543930,0.591,1000,0.801,0.226,1.027,0.207,0.249,1.483
1778497292867714464,1778497292865542503,0.905,1000,0.602,0.569,1.170,0.023,0.068,1.261
1778497292887601349,1778497292885544240,0.595,1000,0.747,0.322,1.069,0.202,0.184,1.455
1778497292917742133,1778497292915543036,0.254,1000,1.056,0.396,1.452,0.281,0.205,1.938
1778497292937834976,1778497292935540805,0.286,1000,1.009,0.357,1.366,0.616,0.021,2.003
1778497292967715338,1778497292965538833,0.257,1000,0.970,0.315,1.285,0.353,0.275,1.914
1778497292987709970,1778497292985518777,0.231,1000,1.158,0.331,1.489,0.285,0.180,1.954
1778497293017702335,1778497293015534342,0.454,1000,1.181,0.044,1.225,0.285,0.198,1.707
1778497293037718536,1778497293035520622,0.247,1000,1.073,0.366,1.439,0.348,0.158,1.945
1778497293067790390,1778497293065537468,0.450,1000,0.846,0.737,1.583,0.024,0.190,1.797
1778497293087667228,1778497293085539524,0.262,1000,1.010,0.630,1.640,0.083,0.136,1.859
1778497293117756171,1778497293115514288,0.274,1000,1.470,0.111,1.581,0.138,0.242,1.961
1778497293137730738,1778497293135528921,0.298,1000,1.028,0.440,1.468,0.333,0.097,1.898
1778497293167482841,1778497293165504709,0.228,1000,0.975,0.342,1.316,0.169,0.259,1.744
1778497293187567267,1778497293185533422,0.264,1000,0.941,0.311,1.252,0.361,0.151,1.764
1778497293217794838,1778497293215511898,0.246,1000,1.087,0.370,1.457,0.317,0.256,2.030
1778497293238072006,1778497293235545892,0.247,1000,1.037,0.742,1.779,0.265,0.228,2.273
1778497293267546981,1778497293265522672,0.262,1000,1.145,0.212,1.357,0.342,0.058,1.756
1778497293287650480,1778497293285538329,0.589,1000,0.783,0.377,1.160,0.025,0.331,1.517
1778497293317665597,1778497293315542694,0.243,1000,1.077,0.584,1.661,0.021,0.191,1.873
1778497293337558883,1778497293335477068,0.256,1000,1.180,0.464,1.644,0.024,0.152,1.820
1778497293367634865,1778497293365496154,0.231,1000,1.053,0.468,1.521,0.201,0.179,1.901
1778497293387685979,1778497293385562404,0.243,1000,1.037,0.508,1.544,0.023,0.306,1.874
1778497293417663239,1778497293415546992,0.291,1000,0.925,0.405,1.330,0.226,0.262,1.818
1778497293437655887,1778497293435541976,0.231,1000,1.007,0.475,1.482,0.087,0.302,1.871
1778497293467709182,1778497293465557062,0.241,1000,1.051,0.584,1.635,0.044,0.226,1.905
1778497293487544738,1778497293485543630,0.265,1000,1.066,0.230,1.296,0.166,0.268,1.730
1778497293517513390,1778497293515540090,0.300,1000,0.986,0.233,1.219,0.290,0.158,1.666
1778497293537826238,1778497293535489665,0.262,1000,1.165,0.379,1.544,0.269,0.255,2.067
1778497293567685447,1778497293565542479,0.235,1000,1.159,0.390,1.549,0.027,0.325,1.901
1778497293590431351,1778497293585537144,4.679,1000,0.124,0.048,0.172,0.023,0.015,0.210
1778497293618313197,1778497293615550309,0.240,1000,1.136,1.340,2.477,0.028,0.015,2.519
1778497293641301443,1778497293635544173,0.275,1000,5.183,0.034,5.217,0.114,0.146,5.477
1778497293667589551,1778497293665543962,0.237,1000,0.997,0.456,1.453,0.023,0.326,1.802
1778497293687470228,1778497293685539202,0.245,1000,1.569,0.051,1.620,0.017,0.044,1.680
1778497293717527843,1778497293715502638,0.315,1000,1.073,0.211,1.284,0.145,0.274,1.703
1778497293737643438,1778497293735542327,0.239,1000,1.039,0.482,1.521,0.181,0.153,1.854
1778497293767826336,1778497293765513123,0.349,1000,1.028,0.341,1.369,0.145,0.443,1.957
1778497293787545345,1778497293785530220,0.265,1000,1.086,0.220,1.306,0.222,0.215,1.743
1778497293818006777,1778497293815521561,0.230,1000,1.114,0.684,1.797,0.250,0.201,2.248
1778497293837862110,1778497293835544450,0.609,1000,1.148,0.220,1.369,0.158,0.174,1.701
1778497293867552515,1778497293865548655,0.293,1000,1.016,0.365,1.381,0.188,0.135,1.704
1778497293887541003,1778497293885541463,0.894,1000,0.443,0.295,0.737,0.183,0.179,1.099
1778497293918104870,1778497293915535908,0.207,1000,1.060,0.451,1.510,0.206,0.638,2.354
1778497293937665443,1778497293935533388,0.589,1000,0.699,0.384,1.083,0.186,0.268,1.536
1778497293968858511,1778497293965524376,0.621,1000,0.672,0.738,1.411,1.271,0.026,2.707
1778497293987809020,1778497293985529921,0.661,1000,0.737,0.443,1.180,0.175,0.257,1.612
1778497294017682758,1778497294015523726,0.942,1000,0.312,0.725,1.037,0.059,0.114,1.210
1778497294037470121,1778497294035539862,0.240,1000,1.562,0.020,1.582,0.048,0.056,1.685
1778497294067681531,1778497294065549603,0.247,1000,1.022,0.563,1.584,0.115,0.180,1.879
1778497294088408182,1778497294085547020,0.238,1000,1.058,0.393,1.451,0.455,0.708,2.615
1778497294117717233,1778497294115546136,0.241,1000,1.097,0.443,1.540,0.109,0.273,1.923
1778497294137757466,1778497294135540065,0.203,1000,1.206,0.508,1.714,0.024,0.269,2.007
1778497294168104816,1778497294165547246,0.265,1000,1.006,0.661,1.667,0.059,0.560,2.286
1778497294187610284,1778497294185568919,0.243,1000,1.106,0.358,1.464,0.146,0.181,1.791
1778497294217845759,1778497294215494017,0.232,1000,1.170,0.431,1.600,0.248,0.264,2.113
1778497294237757669,1778497294235548619,0.208,1000,1.120,0.445,1.564,0.256,0.175,1.995
1778497294267975447,1778497294265537336,0.252,1000,1.024,0.450,1.474,0.277,0.429,2.179
1778497294287704792,1778497294285525440,0.207,1000,1.164,0.523,1.687,0.120,0.159,1.966
1778497294315999865,1778497294312436284,0.653,1000,0.791,0.360,1.150,0.306,1.446,2.902
1778497294337634924,1778497294335541333,0.241,1000,1.050,0.449,1.499,0.155,0.192,1.846
1778497294364671403,1778497294362090760,0.232,1000,1.120,0.353,1.473,0.645,0.224,2.342
1778497294387775653,1778497294385495881,0.798,1000,0.615,0.366,0.981,0.292,0.202,1.475
1778497294418894414,1778497294415537527,0.233,1000,1.104,0.391,1.496,1.158,0.463,3.117
1778497294437750105,1778497294435518271,0.222,1000,1.075,0.329,1.405,0.288,0.311,2.004
1778497294468098991,1778497294465511436,0.306,1000,1.036,0.535,1.571,0.088,0.615,2.274
1778497294487733070,1778497294485524596,0.239,1000,1.121,0.329,1.450,0.272,0.240,1.962
1778497294517615831,1778497294515546530,0.229,1000,1.146,0.301,1.447,0.238,0.148,1.833
1778497294537700450,1778497294535535722,0.570,1000,0.775,0.501,1.276,0.196,0.116,1.588
1778497294568079833,1778497294565492341,0.211,1000,1.108,0.489,1.597,0.435,0.338,2.370
1778497294592881086,1778497294585519614,0.251,1000,6.283,0.416,6.699,0.190,0.214,7.103
1778497294617717732,1778497294615551628,0.258,1000,1.105,0.315,1.420,0.274,0.208,1.902
1778497294637543336,1778497294635540692,0.251,1000,1.053,0.277,1.330,0.246,0.169,1.744
1778497294667643384,1778497294665625763,0.234,1000,1.157,0.201,1.358,0.188,0.231,1.777
1778497294687664897,1778497294685550794,0.286,1000,1.010,0.393,1.403,0.185,0.234,1.822
1778497294717638221,1778497294715559126,0.267,1000,1.094,0.282,1.377,0.409,0.021,1.807
1778497294738120834,1778497294735500605,0.297,1000,1.066,0.317,1.383,0.708,0.225,2.317
1778497294768960420,1778497294765545355,0.648,1000,0.704,0.522,1.226,0.845,0.688,2.760
1778497294787683115,1778497294785530707,0.257,1000,1.057,0.351,1.407,0.279,0.202,1.889
1778497294818349353,1778497294815535040,0.237,1000,1.108,0.465,1.574,0.838,0.159,2.571
1778497294837750562,1778497294835548393,0.252,1000,1.134,0.268,1.402,0.387,0.154,1.943
1778497294867710670,1778497294865570326,0.259,1000,1.057,0.494,1.551,0.226,0.098,1.874
1778497294887676853,1778497294885536638,0.217,1000,0.997,0.356,1.353,0.380,0.184,1.917
1778497294917597536,1778497294915540011,0.209,1000,1.273,0.120,1.393,0.350,0.099,1.842
1778497294937652362,1778497294935542899,0.235,1000,1.138,0.265,1.403,0.301,0.165,1.868
1778497294967500755,1778497294965546336,0.223,1000,1.078,0.280,1.358,0.286,0.081,1.725
1778497294987821796,1778497294985528040,0.789,1000,0.674,0.485,1.158,0.320,0.021,1.500
1778497295012696651,1778497295010733880,0.239,1000,1.050,0.384,1.434,0.152,0.132,1.718
1778497295037773463,1778497295035550558,0.636,1000,0.664,0.330,0.995,0.531,0.054,1.580
1778497295067647745,1778497295065496937,0.240,1000,1.037,0.354,1.391,0.240,0.273,1.904
1778497295087434692,1778497295085541682,0.240,1000,0.982,0.295,1.277,0.207,0.163,1.647
1778497295117726072,1778497295115540543,0.247,1000,1.100,0.400,1.500,0.119,0.313,1.933
1778497295137576125,1778497295135510471,0.248,1000,0.959,0.532,1.492,0.057,0.263,1.811
1778497295167800975,1778497295165509523,0.446,1000,0.756,0.493,1.249,0.287,0.302,1.838
1778497295187696661,1778497295185520316,0.244,1000,1.403,0.047,1.450,0.138,0.337,1.926
1778497295217694753,1778497295215543625,0.218,1000,1.081,0.398,1.479,0.314,0.133,1.927
1778497295237510213,1778497295235507089,0.478,1000,0.795,0.647,1.442,0.023,0.054,1.519
1778497295267935325,1778497295265536606,0.221,1000,1.000,0.356,1.357,0.660,0.154,2.171
1778497295288032360,1778497295285553543,0.235,1000,1.172,0.227,1.399,0.682,0.157,2.237
1778497295318213337,1778497295315542228,0.247,1000,1.096,0.351,1.447,0.620,0.350,2.418
1778497295338297828,1778497295335515867,0.264,1000,1.016,0.387,1.403,0.661,0.446,2.510
1778497295368272336,1778497295365546921,0.244,1000,1.151,0.268,1.418,0.692,0.364,2.474
1778497295388143733,1778497295385531825,0.234,1000,0.976,0.550,1.526,0.665,0.180,2.371
1778497295418175266,1778497295415504477,0.240,1000,0.980,0.596,1.576,0.805,0.045,2.425
1778497295438101449,1778497295435540902,0.204,1000,1.038,0.453,1.492,0.813,0.046,2.351
1778497295467691435,1778497295465523250,0.622,1000,0.659,0.457,1.117,0.227,0.197,1.540
1778497295488307843,1778497295485542587,0.222,1000,1.436,0.044,1.481,0.569,0.486,2.536
1778497295518185613,1778497295515539272,0.217,1000,1.134,0.418,1.552,0.729,0.142,2.423
1778497295541288742,1778497295538805413,0.362,1000,1.065,0.906,1.971,0.022,0.121,2.114
1778497295568107328,1778497295565540893,0.251,1000,1.141,0.947,2.088,0.024,0.197,2.309
1778497295598257585,1778497295595548554,0.242,1000,1.023,0.471,1.494,0.754,0.212,2.460
1778497295618398397,1778497295615544562,0.226,1000,1.599,0.045,1.644,0.788,0.189,2.621
1778497295647632213,1778497295645547583,0.230,1000,1.051,0.517,1.569,0.023,0.257,1.848
1778497295668366161,1778497295665583945,0.226,1000,1.006,0.364,1.370,0.738,0.440,2.549
1778497295697699244,1778497295695529044,0.226,1000,1.119,0.311,1.430,0.348,0.160,1.938
1778497295717834872,1778497295715544253,0.224,1000,1.030,0.373,1.403,0.316,0.340,2.060
1778497295747672865,1778497295745551977,0.311,1000,1.401,0.046,1.447,0.156,0.200,1.804
1778497295767723370,1778497295765541138,0.251,1000,0.974,0.380,1.355,0.283,0.286,1.925
1778497295797972446,1778497295795546014,0.486,1000,1.252,0.516,1.768,0.025,0.141,1.934
1778497295817481593,1778497295815540071,0.231,1000,1.007,0.484,1.491,0.025,0.188,1.704
1778497295847495174,1778497295845542195,0.223,1000,1.036,0.256,1.292,0.263,0.168,1.724
1778497295867514319,1778497295865533596,0.274,1000,1.009,0.231,1.240,0.257,0.203,1.700
1778497295897603070,1778497295895520264,0.234,1000,1.061,0.279,1.340,0.451,0.053,1.843
1778497295917515876,1778497295915499792,0.249,1000,1.047,0.275,1.322,0.277,0.162,1.760
1778497295937693745,1778497295935548506,0.275,1000,1.007,0.298,1.305,0.299,0.260,1.864
1778497295967610172,1778497295965531526,0.621,1000,0.763,0.393,1.156,0.109,0.185,1.451
1778497295987613317,1778497295985529422,0.219,1000,1.046,0.576,1.621,0.022,0.216,1.859
1778497296017628402,1778497296015544347,0.222,1000,0.962,0.750,1.712,0.024,0.119,1.855
1778497296037751901,1778497296035529603,0.214,1000,1.054,0.443,1.497,0.199,0.305,2.001
1778497296067490819,1778497296065546896,0.226,1000,0.987,0.556,1.544,0.046,0.122,1.711
1778497296087544397,1778497296085496760,0.250,1000,1.215,0.070,1.285,0.398,0.108,1.791
1778497296117580122,1778497296115541445,0.234,1000,1.052,0.353,1.405,0.228,0.164,1.798
1778497296137707942,1778497296135548654,0.221,1000,1.063,0.370,1.433,0.301,0.198,1.932
1778497296167562063,1778497296165538746,0.765,1000,0.438,0.642,1.080,0.024,0.148,1.252
1778497296187567736,1778497296185514114,0.224,1000,1.626,0.045,1.671,0.015,0.138,1.824
1778497296217685479,1778497296215547824,0.223,1000,1.720,0.014,1.733,0.017,0.159,1.909
1778497296237445610,1778497296235535192,0.211,1000,1.048,0.418,1.466,0.046,0.181,1.693
1778497296269640911,1778497296265512356,0.223,1000,1.003,2.600,3.603,0.033,0.262,3.898
1778497296287509376,1778497296285543981,0.212,1000,0.962,0.364,1.326,0.253,0.167,1.747
1778497296318763086,1778497296315539610,0.229,1000,0.949,0.390,1.339,0.236,1.412,2.987
1778497296347766784,1778497296345528582,0.219,1000,1.189,0.462,1.651,0.193,0.169,2.013
1778497296367485857,1778497296365536047,0.215,1000,0.979,0.505,1.485,0.025,0.219,1.729
1778497296397656019,1778497296395545340,0.210,1000,1.038,0.641,1.680,0.197,0.019,1.895
1778497296417569273,1778497296415543236,0.221,1000,1.544,0.056,1.600,0.046,0.153,1.799
1778497296447686248,1778497296445553457,0.202,1000,1.091,0.351,1.442,0.462,0.022,1.925
1778497296467602735,1778497296465546585,0.557,1000,0.765,0.289,1.054,0.304,0.135,1.493
1778497296497712222,1778497296495548710,0.230,1000,1.100,0.520,1.620,0.057,0.249,1.927
1778497296518164690,1778497296515549902,0.719,1000,1.078,0.238,1.316,0.306,0.267,1.889
1778497296547808342,1778497296545559387,0.483,1000,0.728,0.410,1.138,0.430,0.193,1.760
1778497296567660090,1778497296565551236,0.295,1000,0.955,0.451,1.406,0.202,0.200,1.808
1778497296597776650,1778497296595502159,0.616,1000,0.696,0.414,1.110,0.256,0.286,1.652
1778497296617728561,1778497296615541016,0.423,1000,1.498,0.045,1.543,0.018,0.197,1.758
1778497296647682685,1778497296645547237,0.231,1000,1.132,0.254,1.385,0.267,0.245,1.898
1778497296667483904,1778497296665546126,0.222,1000,0.965,0.363,1.327,0.219,0.164,1.711
1778497296697810869,1778497296695542618,0.226,1000,1.091,0.905,1.996,0.027,0.015,2.038
1778497296717589080,1778497296715546499,0.500,1000,0.730,0.409,1.139,0.268,0.128,1.536
1778497296747551875,1778497296745542607,0.214,1000,1.111,0.261,1.372,0.275,0.142,1.789
1778497296767567340,1778497296765493718,0.240,1000,1.022,0.358,1.379,0.161,0.286,1.827
1778497296797835168,1778497296795540356,0.231,1000,1.081,0.337,1.417,0.429,0.210,2.057
1778497296817634531,1778497296815546893,0.240,1000,1.137,0.611,1.748,0.025,0.069,1.842
1778497296847683665,1778497296845547322,0.218,1000,1.163,0.247,1.409,0.350,0.152,1.912
1778497296867698170,1778497296865528609,0.232,1000,1.211,0.173,1.384,0.319,0.228,1.931
1778497296897788105,1778497296895547215,0.239,1000,1.041,0.358,1.399,0.364,0.231,1.994
1778497296917705487,1778497296915562967,0.236,1000,1.060,0.302,1.362,0.215,0.322,1.899
1778497296944335652,1778497296941872164,0.657,1000,1.710,0.049,1.760,0.024,0.017,1.801
1778497296967511871,1778497296965540908,0.227,1000,1.020,0.293,1.314,0.175,0.249,1.737
1778497296997790163,1778497296995532280,0.365,1000,0.894,0.449,1.343,0.190,0.353,1.886
1778497297018359594,1778497297015546369,0.232,1000,1.109,0.412,1.521,1.032,0.023,2.576
1778497297047752615,1778497297045554734,0.230,1000,1.013,0.434,1.447,0.233,0.280,1.961
1778497297067627884,1778497297065547414,0.228,1000,0.982,0.467,1.449,0.238,0.158,1.845
1778497297090539137,1778497297088544109,0.963,1000,0.342,0.449,0.790,0.099,0.136,1.026
1778497297117713444,1778497297115546603,0.234,1000,1.506,0.046,1.552,0.155,0.220,1.926
1778497297147653775,1778497297145555096,0.219,1000,1.101,0.337,1.438,0.264,0.171,1.873
1778497297167912798,1778497297165565857,0.226,1000,1.147,0.518,1.665,0.241,0.208,2.113
1778497297198555003,1778497297195544941,0.620,1000,0.748,1.081,1.828,0.253,0.301,2.383
1778497297247595479,1778497297245554626,0.218,1000,1.028,0.344,1.373,0.343,0.101,1.817
1778497297268020395,1778497297265533450,0.492,1000,0.694,0.360,1.053,0.698,0.231,1.983
1778497297297682351,1778497297295560440,0.223,1000,1.584,0.046,1.630,0.045,0.217,1.892
1778497297315283577,1778497297313000637,0.296,1000,1.123,0.231,1.354,0.324,0.302,1.980
1778497297347553504,1778497297345500363,0.215,1000,1.007,0.359,1.366,0.343,0.122,1.832
1778497297367898770,1778497297365512468,0.236,1000,0.979,0.378,1.357,0.559,0.227,2.143
1778497297394319489,1778497297391550009,0.257,1000,1.334,0.655,1.989,0.329,0.187,2.505
1778497297417902823,1778497297415517449,0.251,1000,1.125,0.307,1.433,0.316,0.378,2.127
1778497297447844146,1778497297445555287,0.550,1000,0.793,0.332,1.125,0.304,0.303,1.732
1778497297467707799,1778497297465515934,0.265,1000,1.058,0.287,1.345,0.273,0.302,1.919
1778497297497706340,1778497297495544075,0.251,1000,1.155,0.601,1.756,0.024,0.125,1.904
1778497297517620106,1778497297515531603,0.273,1000,1.046,0.275,1.321,0.217,0.271,1.808
1778497297547580949,1778497297545536960,0.245,1000,1.120,0.296,1.416,0.216,0.161,1.793
1778497297567758306,1778497297565546153,0.276,1000,1.036,0.358,1.393,0.141,0.395,1.929
1778497297597631052,1778497297595543253,0.269,1000,1.107,0.212,1.319,0.223,0.269,1.812
1778497297617671061,1778497297615512989,0.517,1000,0.871,0.449,1.319,0.025,0.290,1.634
1778497297647636129,1778497297645546123,0.276,1000,1.032,0.518,1.550,0.023,0.233,1.807
1778497297667736044,1778497297665556275,0.298,1000,0.974,0.293,1.267,0.349,0.258,1.875
1778497297697626518,1778497297695509855,0.509,1000,0.865,0.259,1.124,0.271,0.206,1.601
1778497297718790717,1778497297715549928,0.508,1000,0.793,0.975,1.767,0.577,0.381,2.726
1778497297747689612,1778497297745590422,0.611,1000,0.789,0.656,1.444,0.024,0.015,1.484
1778497297767512624,1778497297765543805,0.224,1000,1.098,0.256,1.353,0.231,0.155,1.739
1778497297797781508,1778497297795557514,0.216,1000,1.154,0.282,1.435,0.458,0.109,2.003
1778497297817701354,1778497297815549106,0.238,1000,1.060,0.315,1.375,0.375,0.159,1.908
1778497297852423954,1778497297845543935,0.227,1000,1.036,0.347,1.384,0.307,4.953,6.644
1778497297867750529,1778497297865558184,0.219,1000,1.030,0.376,1.406,0.166,0.393,1.965
1778497297898306140,1778497297895514803,0.243,1000,1.130,0.347,1.477,0.129,0.934,2.540
1778497297917655891,1778497297915552765,0.231,1000,1.072,0.365,1.437,0.149,0.280,1.866
1778497297947580734,1778497297945550633,0.223,1000,1.038,0.370,1.407,0.236,0.157,1.800
1778497297967515205,1778497297965544689,0.229,1000,0.980,0.353,1.333,0.209,0.192,1.734
1778497297997930428,1778497297995549150,0.225,1000,1.066,0.503,1.569,0.312,0.269,2.150
1778497298017660221,1778497298015520582,0.240,1000,1.079,0.563,1.642,0.119,0.133,1.893
1778497298047718028,1778497298045537587,1.478,1000,0.038,0.078,0.116,0.525,0.055,0.697
1778497298067784502,1778497298065572316,0.589,1000,0.641,0.406,1.046,0.317,0.253,1.617
1778497298097541116,1778497298095546344,0.218,1000,1.093,0.262,1.355,0.150,0.265,1.770
1778497298117725001,1778497298115519216,0.235,1000,1.043,0.350,1.393,0.323,0.248,1.964
1778497298147747030,1778497298145549277,0.230,1000,1.064,0.435,1.499,0.267,0.195,1.961
1778497298168767993,1778497298165511621,0.261,1000,1.030,1.505,2.535,0.287,0.166,2.988
1778497298197750764,1778497298195550258,0.223,1000,1.079,0.335,1.414,0.414,0.142,1.971
1778497298217636849,1778497298215498201,0.238,1000,1.199,0.377,1.576,0.048,0.269,1.894
1778497298247712416,1778497298245548359,0.238,1000,1.061,0.460,1.520,0.259,0.141,1.920
1778497298267738377,1778497298265500366,0.236,1000,0.943,0.379,1.322,0.367,0.307,1.996
1778497298298050557,1778497298295540540,0.249,1000,1.097,0.318,1.415,0.478,0.361,2.254
1778497298317767967,1778497298315510884,0.510,1000,1.289,0.052,1.341,0.120,0.279,1.740
1778497298347759819,1778497298345553714,0.262,1000,1.058,0.289,1.347,0.298,0.293,1.938
1778497298367698226,1778497298365528281,0.330,1000,0.916,0.406,1.322,0.262,0.249,1.833
1778497298397807617,1778497298395532806,0.321,1000,1.084,0.435,1.519,0.167,0.261,1.947
1778497298417590564,1778497298415542927,0.220,1000,1.057,0.357,1.414,0.174,0.232,1.821
1778497298447571920,1778497298445528379,0.252,1000,0.957,0.390,1.348,0.247,0.191,1.785
1778497298467598169,1778497298465489730,0.233,1000,1.010,0.460,1.470,0.272,0.126,1.868
1778497298497626471,1778497298495537360,0.262,1000,0.980,0.712,1.692,0.027,0.101,1.820
1778497298517532365,1778497298515548249,0.609,1000,0.849,0.110,0.959,0.256,0.131,1.346
1778497298547952644,1778497298545538373,0.211,1000,1.057,0.415,1.471,0.342,0.383,2.197
1778497298567840714,1778497298565544878,0.218,1000,0.983,0.371,1.353,0.191,0.526,2.071
1778497298597605936,1778497298595550875,0.232,1000,1.092,0.340,1.432,0.131,0.253,1.816
1778497298617674970,1778497298615548067,0.243,1000,0.976,0.482,1.458,0.310,0.109,1.877
1778497298647765097,1778497298645545168,0.587,1000,0.700,0.290,0.990,0.184,0.452,1.626
1778497298667459626,1778497298665546808,0.219,1000,1.026,0.350,1.376,0.219,0.092,1.687
1778497298697625275,1778497298695556293,0.435,1000,0.843,0.378,1.221,0.179,0.226,1.627
1778497298717763239,1778497298715549389,0.222,1000,1.068,0.305,1.373,0.333,0.279,1.985
1778497298747470412,1778497298745553338,0.228,1000,1.074,0.278,1.352,0.198,0.133,1.682
1778497298767617016,1778497298765547618,0.222,1000,1.030,0.505,1.535,0.024,0.257,1.816
1778497298798073712,1778497298795547823,0.260,1000,1.292,0.416,1.707,0.532,0.021,2.261
1778497298817654414,1778497298815527543,0.238,1000,1.064,0.266,1.329,0.210,0.342,1.882
1778497298848023588,1778497298845548132,0.229,1000,1.486,0.596,2.082,0.028,0.131,2.240
1778497298867605858,1778497298865546316,0.606,1000,0.665,0.300,0.965,0.192,0.290,1.447
1778497298897755410,1778497298895532920,0.240,1000,1.153,0.234,1.388,0.436,0.152,1.976
1778497298917730042,1778497298915549953,0.731,1000,0.521,0.823,1.344,0.032,0.067,1.443
1778497298947668453,1778497298945543118,0.211,1000,1.117,0.528,1.645,0.022,0.241,1.907
1778497298967535978,1778497298965543158,0.460,1000,0.835,0.476,1.311,0.021,0.194,1.526
1778497298997701339,1778497298995507266,0.476,1000,0.897,0.501,1.398,0.022,0.292,1.712
1778497299018683997,1778497299015540331,0.464,1000,0.908,1.223,2.131,0.028,0.514,2.673
1778497299047703920,1778497299045537816,0.224,1000,1.017,0.378,1.395,0.521,0.021,1.937
1778497299067771258,1778497299065528608,0.229,1000,0.996,0.464,1.461,0.159,0.388,2.007
1778497299097636131,1778497299095537741,0.210,1000,1.025,0.664,1.689,0.023,0.170,1.882
1778497299117801648,1778497299115555189,0.456,1000,0.875,0.427,1.302,0.293,0.189,1.784
1778497299147778748,1778497299145497985,0.471,1000,0.830,0.442,1.273,0.510,0.022,1.804
1778497299167704514,1778497299165536234,0.229,1000,0.994,0.446,1.439,0.207,0.286,1.933
1778497299197641229,1778497299195551671,0.227,1000,1.047,0.379,1.425,0.214,0.217,1.857
1778497299218717234,1778497299215499582,0.236,1000,0.987,0.703,1.690,0.375,0.910,2.974
1778497299247742565,1778497299245541484,0.247,1000,0.997,0.428,1.425,0.506,0.019,1.950
1778497299267747982,1778497299265546676,0.225,1000,0.965,0.447,1.413,0.158,0.398,1.969
1778497299297740314,1778497299295549153,0.233,1000,1.031,0.436,1.467,0.145,0.339,1.951
1778497299328614141,1778497299325535981,0.578,1000,1.397,0.146,1.543,0.215,0.735,2.493
1778497299348204027,1778497299345542102,0.260,1000,1.195,0.412,1.607,0.109,0.679,2.395
1778497299377644921,1778497299375528802,0.471,1000,0.792,0.623,1.415,0.082,0.143,1.639
1778497299397715619,1778497299395557003,0.252,1000,1.024,0.542,1.566,0.049,0.285,1.900
1778497299427801202,1778497299425546071,0.252,1000,1.113,0.450,1.563,0.338,0.096,1.997
1778497299447576693,1778497299445559424,0.275,1000,1.034,0.508,1.542,0.022,0.171,1.735
1778497299477680036,1778497299475550189,0.250,1000,1.033,0.351,1.384,0.229,0.260,1.873
1778497299497827344,1778497299495514068,0.224,1000,1.113,0.411,1.523,0.539,0.021,2.084
1778497299527998625,1778497299525547138,0.222,1000,1.072,0.804,1.876,0.154,0.193,2.223
1778497299547672865,1778497299545527273,0.231,1000,1.039,0.553,1.593,0.075,0.240,1.908
1778497299577748720,1778497299575543542,0.218,1000,1.122,0.488,1.610,0.107,0.263,1.980
1778497299597667350,1778497299595544831,0.222,1000,1.104,0.271,1.375,0.207,0.311,1.893
1778497299627659298,1778497299625550668,0.233,1000,1.177,0.227,1.405,0.180,0.285,1.869
1778497299647719532,1778497299645561684,0.224,1000,0.998,0.377,1.375,0.463,0.089,1.927
1778497299677618454,1778497299675537632,0.596,1000,0.670,0.350,1.020,0.218,0.240,1.478
1778497299697771427,1778497299695549673,0.216,1000,1.068,0.413,1.480,0.176,0.341,1.998
1778497299727597835,1778497299725539861,0.255,1000,0.976,0.449,1.425,0.142,0.229,1.796
1778497299747774136,1778497299745569471,0.222,1000,1.080,0.287,1.367,0.172,0.436,1.976
1778497299777796517,1778497299775551531,0.227,1000,1.078,0.348,1.426,0.304,0.282,2.011
1778497299797755244,1778497299795539443,0.655,1000,0.830,0.268,1.098,0.195,0.261,1.554
1778497299827621270,1778497299825508479,0.234,1000,1.066,0.432,1.499,0.247,0.126,1.872
1778497299847692864,1778497299845536968,0.241,1000,0.990,0.854,1.844,0.027,0.039,1.910
1778497299877676108,1778497299875547253,0.216,1000,1.099,0.392,1.491,0.168,0.246,1.905
1778497299897932027,1778497299895524860,0.256,1000,1.124,0.551,1.675,0.289,0.181,2.145
1778497299927628736,1778497299925521705,0.224,1000,1.018,0.354,1.372,0.295,0.209,1.876
1778497299944380692,1778497299941997942,0.293,1000,1.076,0.589,1.666,0.291,0.127,2.083
1778497299974652775,1778497299972486671,0.250,1000,1.239,0.223,1.463,0.226,0.221,1.910
1778497299997610941,1778497299995504230,0.648,1000,0.707,0.276,0.983,0.166,0.303,1.452
1778497300027508711,1778497300025541267,0.281,1000,0.978,0.332,1.310,0.214,0.156,1.680
1778497300047540976,1778497300045519931,0.211,1000,1.084,0.304,1.389,0.145,0.270,1.804
1778497300077608030,1778497300075555497,0.215,1000,1.059,0.381,1.440,0.365,0.020,1.825
1778497300097509028,1778497300095521136,0.210,1000,1.111,0.273,1.384,0.219,0.168,1.772
1778497300127519121,1778497300125552414,0.209,1000,1.040,0.444,1.484,0.156,0.087,1.727
1778497300147699838,1778497300145540134,0.202,1000,1.020,0.417,1.437,0.302,0.212,1.951
1778497300177862255,1778497300175528082,0.653,1000,0.683,0.948,1.631,0.029,0.015,1.675
1778497300197651474,1778497300195543931,0.266,1000,1.089,0.316,1.406,0.174,0.255,1.836
1778497300227742081,1778497300225542951,0.252,1000,1.033,0.357,1.390,0.234,0.317,1.941
1778497300247607846,1778497300245553232,0.248,1000,1.008,0.301,1.309,0.141,0.349,1.800
1778497300274315228,1778497300272195333,0.484,1000,0.939,0.329,1.269,0.151,0.210,1.629
1778497300297815168,1778497300295515460,0.243,1000,1.179,0.516,1.696,0.335,0.021,2.052
1778497300327670441,1778497300325541777,0.233,1000,1.102,0.309,1.411,0.454,0.025,1.890
1778497300347638032,1778497300345513753,0.235,1000,1.078,0.338,1.416,0.208,0.259,1.883
1778497300378579221,1778497300375542374,0.206,1000,1.210,1.180,2.390,0.264,0.170,2.824
1778497300397639333,1778497300395528654,0.574,1000,0.782,0.274,1.056,0.249,0.225,1.531
1778497300427690195,1778497300425528059,0.232,1000,1.093,0.563,1.656,0.123,0.144,1.923
1778497300447783966,1778497300445542820,0.235,1000,1.046,0.356,1.402,0.145,0.453,2.000
1778497300477562437,1778497300475533584,0.580,1000,0.708,0.528,1.236,0.023,0.182,1.441
1778497300497688849,1778497300495545241,0.209,1000,1.156,0.296,1.453,0.256,0.220,1.928
1778497300527669501,1778497300525540037,0.223,1000,1.071,0.382,1.453,0.239,0.208,1.900
1778497300548156882,1778497300545545902,0.208,1000,1.052,1.022,2.074,0.142,0.180,2.397
1778497300577717203,1778497300575546714,0.190,1000,1.041,0.409,1.449,0.164,0.361,1.974
1778497300598213192,1778497300595518242,0.286,1000,0.924,1.439,2.363,0.026,0.014,2.403
1778497300627599877,1778497300625548623,0.199,1000,1.032,0.408,1.440,0.386,0.021,1.847
1778497300647599373,1778497300645519991,0.198,1000,1.094,0.334,1.428,0.429,0.020,1.877
1778497300677496919,1778497300675546404,0.376,1000,0.978,0.449,1.427,0.024,0.117,1.568
1778497300697744582,1778497300695572845,0.490,1000,1.306,0.042,1.348,0.307,0.022,1.677
1778497300727520717,1778497300725552730,0.202,1000,1.016,0.402,1.419,0.057,0.283,1.759
1778497300747527381,1778497300745553474,0.231,1000,1.030,0.303,1.333,0.152,0.251,1.736
1778497300777415903,1778497300775547214,0.383,1000,0.979,0.434,1.413,0.025,0.042,1.480
1778497300797683374,1778497300795602136,0.220,1000,1.053,0.357,1.411,0.275,0.169,1.854
1778497300827674011,1778497300825552163,0.212,1000,1.043,0.368,1.411,0.203,0.290,1.904
1778497300847624290,1778497300845553484,0.521,1000,0.698,0.411,1.109,0.218,0.217,1.544
1778497300877739345,1778497300875542136,0.227,1000,1.003,0.778,1.780,0.025,0.158,1.964
1778497300897592022,1778497300895555201,0.209,1000,1.164,0.422,1.586,0.083,0.153,1.821
1778497300927751975,1778497300925524013,0.228,1000,1.020,0.596,1.616,0.252,0.125,1.993
1778497300947527593,1778497300945549878,0.215,1000,1.041,0.372,1.413,0.207,0.136,1.756
1778497300997585952,1778497300995560523,0.253,1000,1.053,0.349,1.402,0.344,0.021,1.767
1778497301027931573,1778497301025500726,0.939,1000,0.664,0.351,1.016,0.232,0.237,1.485
1778497301047663767,1778497301045554208,1.075,1000,0.399,0.206,0.605,0.258,0.164,1.028
1778497301077590273,1778497301075532268,0.241,1000,1.120,0.211,1.331,0.184,0.295,1.810
1778497301097744078,1778497301095549141,0.248,1000,1.198,0.620,1.818,0.105,0.018,1.942
1778497301127680665,1778497301125552833,0.629,1000,0.709,0.306,1.015,0.353,0.124,1.492
1778497301147776228,1778497301145559818,0.618,1000,0.693,0.305,0.998,0.237,0.356,1.591
1778497301177645901,1778497301175554006,0.410,1000,0.950,0.451,1.400,0.049,0.219,1.669
1778497301198548557,1778497301195538622,0.253,1000,1.087,0.590,1.677,0.025,1.048,2.750
1778497301227887464,1778497301225557483,0.258,1000,1.850,0.048,1.898,0.020,0.147,2.065
1778497301247917745,1778497301245534867,0.264,1000,1.114,0.707,1.822,0.025,0.266,2.113
1778497301277892285,1778497301275532160,0.245,1000,1.820,0.073,1.893,0.019,0.197,2.109
1778497301297786179,1778497301295543144,0.241,1000,1.192,0.695,1.887,0.058,0.052,1.997
1778497301329141202,1778497301325538101,0.273,1000,1.111,1.864,2.975,0.228,0.121,3.323
1778497301347634228,1778497301345546749,0.229,1000,1.105,0.295,1.400,0.267,0.186,1.852
1778497301377708002,1778497301375551850,0.585,1000,0.733,0.343,1.076,0.230,0.260,1.565
1778497301398180311,1778497301395539442,0.217,1000,1.105,0.877,1.982,0.184,0.250,2.417
1778497301427610389,1778497301425521310,0.231,1000,1.044,0.354,1.398,0.169,0.283,1.851
1778497301448008263,1778497301445517159,0.233,1000,1.050,0.384,1.434,0.204,0.613,2.250
1778497301477665163,1778497301475526355,0.232,1000,1.010,0.418,1.427,0.185,0.264,1.876
1778497301497643731,1778497301495545276,0.234,1000,1.197,0.211,1.409,0.176,0.272,1.857
1778497301527609022,1778497301525503336,0.234,1000,1.005,0.435,1.440,0.197,0.227,1.864
1778497301547745642,1778497301545482928,0.285,1000,1.173,0.254,1.427,0.294,0.226,1.947
1778497301577745463,1778497301575552734,0.225,1000,1.003,0.413,1.416,0.390,0.155,1.961
1778497301597713791,1778497301595510469,0.239,1000,1.032,0.499,1.531,0.218,0.208,1.958
1778497301628214552,1778497301625518834,0.234,1000,1.032,0.300,1.332,0.713,0.409,2.455
1778497301647715508,1778497301645566524,0.211,1000,1.135,0.222,1.357,0.411,0.164,1.932
1778497301677721984,1778497301675539687,0.572,1000,0.712,0.291,1.004,0.163,0.437,1.604
1778497301697603014,1778497301695535536,0.199,1000,1.141,0.307,1.448,0.224,0.190,1.862
1778497301727675220,1778497301725573501,0.221,1000,1.043,0.310,1.354,0.500,0.022,1.876
1778497301747580986,1778497301745551173,0.286,1000,1.020,0.315,1.335,0.248,0.154,1.737
1778497301777615623,1778497301775538033,0.205,1000,1.108,0.326,1.433,0.334,0.100,1.867
1778497301797469548,1778497301795538266,0.277,1000,1.031,0.268,1.300,0.329,0.021,1.649
1778497301827640925,1778497301825553927,0.221,1000,1.032,0.392,1.425,0.264,0.170,1.859
1778497301847451296,1778497301845550415,0.250,1000,1.004,0.299,1.303,0.190,0.151,1.645
1778497301877501454,1778497301875500826,0.502,1000,0.721,0.656,1.377,0.024,0.091,1.492
1778497301897802655,1778497301895524355,0.217,1000,1.189,0.296,1.486,0.247,0.323,2.055
1778497301927684488,1778497301925525840,0.205,1000,1.041,0.339,1.380,0.339,0.228,1.947
1778497301947994041,1778497301945553689,0.281,1000,1.046,0.304,1.350,0.533,0.269,2.152
1778497301977466903,1778497301975545381,0.232,1000,1.143,0.477,1.620,0.024,0.040,1.684
1778497301998046703,1778497301995549166,0.481,1000,0.740,0.356,1.095,0.805,0.109,2.010
1778497302027618672,1778497302025549402,0.226,1000,1.019,0.369,1.388,0.429,0.022,1.838
1778497302047574935,1778497302045545379,0.376,1000,0.849,0.363,1.212,0.309,0.126,1.647
1778497302077637606,1778497302075559472,0.240,1000,1.117,0.470,1.586,0.029,0.216,1.831
1778497302097735441,1778497302095532855,0.385,1000,0.986,0.349,1.335,0.264,0.213,1.811
1778497302127635067,1778497302125562085,0.414,1000,0.824,0.325,1.149,0.247,0.255,1.651
1778497302147530624,1778497302145537516,0.222,1000,1.030,0.618,1.648,0.023,0.093,1.764
1778497302177517420,1778497302175558233,0.187,1000,1.256,0.350,1.606,0.074,0.086,1.766
1778497302207524569,1778497302205502341,0.226,1000,1.179,0.146,1.325,0.159,0.306,1.790
1778497302227547362,1778497302225542350,0.204,1000,1.107,0.360,1.467,0.300,0.027,1.795
1778497302257579632,1778497302255526266,0.212,1000,1.732,0.074,1.807,0.016,0.014,1.837
1778497302277785533,1778497302275553795,0.209,1000,1.022,0.424,1.446,0.291,0.280,2.017
1778497302307676359,1778497302305554384,0.221,1000,1.059,0.317,1.375,0.186,0.332,1.894
1778497302327673295,1778497302325549112,0.572,1000,0.797,0.189,0.987,0.539,0.021,1.547
1778497302357695324,1778497302355537668,0.202,1000,1.142,0.488,1.629,0.230,0.090,1.949
1778497302377834120,1778497302375508940,0.586,1000,0.710,0.843,1.552,0.099,0.081,1.732
1778497302407704722,1778497302405543001,0.206,1000,1.082,0.381,1.463,0.178,0.308,1.949
1778497302427695450,1778497302425556034,0.205,1000,1.059,0.332,1.391,0.229,0.308,1.928
1778497302457568995,1778497302455545550,0.201,1000,1.146,0.636,1.782,0.022,0.013,1.818
1778497302477615789,1778497302475529302,0.198,1000,1.079,0.432,1.511,0.196,0.175,1.882
1778497302507560568,1778497302505561060,0.210,1000,1.073,0.237,1.310,0.294,0.178,1.783
1778497302527533727,1778497302525540267,0.206,1000,1.058,0.421,1.479,0.283,0.020,1.782
1778497302557710929,1778497302555524664,0.238,1000,1.100,0.614,1.714,0.031,0.197,1.942
1778497302577637559,1778497302575554017,0.194,1000,1.140,0.283,1.423,0.133,0.326,1.882
1778497302607401565,1778497302605535341,0.429,1000,0.916,0.217,1.134,0.178,0.119,1.431
1778497302627350212,1778497302625549430,0.222,1000,1.054,0.237,1.291,0.241,0.042,1.574
1778497302657764828,1778497302655534242,0.224,1000,1.224,0.300,1.523,0.274,0.202,2.000
1778497302677678562,1778497302675558923,0.199,1000,1.039,0.395,1.434,0.165,0.315,1.914
1778497302707576716,1778497302705548727,0.222,1000,1.056,0.518,1.574,0.049,0.176,1.799
1778497302727571252,1778497302725532735,0.225,1000,1.092,0.286,1.378,0.234,0.194,1.806
1778497302757664771,1778497302755541868,0.572,1000,0.770,0.217,0.986,0.210,0.347,1.544
1778497302777564905,1778497302775533396,0.411,1000,1.504,0.080,1.584,0.018,0.014,1.616
1778497302807534453,1778497302805540833,0.236,1000,1.058,0.536,1.593,0.027,0.123,1.743
1778497302827536765,1778497302825552681,0.226,1000,1.105,0.439,1.544,0.025,0.183,1.752
1778497302857945076,1778497302855551094,0.204,1000,1.314,0.832,2.146,0.025,0.014,2.185
1778497302877558738,1778497302875548958,0.206,1000,1.080,0.542,1.622,0.025,0.150,1.797
1778497302897913476,1778497302895547207,0.204,1000,1.111,0.914,2.025,0.024,0.108,2.157
1778497302928203960,1778497302925555731,0.198,1000,1.714,0.348,2.062,0.176,0.206,2.444
1778497302947628498,1778497302945537275,0.229,1000,1.081,0.346,1.427,0.161,0.267,1.855
1778497302974865846,1778497302972516857,0.256,1000,1.134,0.336,1.470,0.276,0.340,2.086
1778497303007706093,1778497303005546581,0.213,1000,1.065,0.284,1.349,0.312,0.279,1.940
1778497303027641395,1778497303025513372,0.209,1000,1.037,0.381,1.418,0.243,0.228,1.889
1778497303057616799,1778497303055543913,0.210,1000,1.122,0.238,1.360,0.306,0.191,1.857
1778497303077635400,1778497303075516337,0.535,1000,0.822,0.281,1.103,0.316,0.159,1.577
1778497303107674006,1778497303105549630,0.479,1000,0.753,0.378,1.131,0.300,0.208,1.639
1778497303127544699,1778497303125511558,0.250,1000,1.010,0.344,1.353,0.263,0.160,1.776
1778497303157641514,1778497303155518899,0.217,1000,1.031,0.481,1.512,0.276,0.111,1.900
1778497303177803382,1778497303175544444,0.208,1000,1.124,0.457,1.581,0.172,0.292,2.045
1778497303207753506,1778497303205546632,0.206,1000,1.063,0.291,1.353,0.359,0.282,1.994
1778497303227730121,1778497303225507728,0.584,1000,0.763,0.352,1.115,0.416,0.100,1.631
1778497303257750966,1778497303255478363,0.224,1000,1.185,0.343,1.528,0.300,0.214,2.042
1778497303278751897,1778497303275528645,0.208,1000,2.217,0.291,2.509,0.312,0.188,3.009
1778497303307818925,1778497303305552690,0.225,1000,1.157,0.296,1.453,0.251,0.331,2.035
1778497303330649311,1778497303325523386,0.209,1000,1.117,0.302,1.419,3.308,0.183,4.910
1778497303357792481,1778497303355517062,0.236,1000,1.161,0.285,1.447,0.170,0.415,2.032
1778497303377685095,1778497303375531279,0.394,1000,0.925,0.583,1.508,0.100,0.145,1.753
1778497303407583761,1778497303405502779,0.379,1000,0.924,0.650,1.574,0.028,0.094,1.696
1778497303427737917,1778497303425535620,0.466,1000,0.769,0.362,1.131,0.458,0.140,1.730
1778497303457634023,1778497303455550993,0.223,1000,1.098,0.530,1.628,0.026,0.199,1.854
1778497303477754706,1778497303475554809,0.227,1000,1.041,0.338,1.379,0.308,0.280,1.967
1778497303507568218,1778497303505558918,0.222,1000,1.126,0.214,1.340,0.346,0.095,1.781
1778497303527577283,1778497303525551438,0.204,1000,1.079,0.328,1.407,0.241,0.168,1.816
1778497303557695570,1778497303555557275,0.201,1000,1.114,0.496,1.610,0.024,0.296,1.930
1778497303577804318,1778497303575547843,0.217,1000,1.159,0.409,1.567,0.150,0.316,2.033
1778497303607699463,1778497303605555344,0.208,1000,1.058,0.399,1.458,0.301,0.171,1.929
1778497303627567244,1778497303625552664,0.498,1000,0.925,0.067,0.992,0.404,0.114,1.510
1778497303658156936,1778497303655560421,0.331,1000,1.372,0.427,1.799,0.176,0.282,2.258
1778497303677763814,1778497303675551789,0.207,1000,1.136,0.240,1.375,0.321,0.302,1.998
1778497303707499564,1778497303705553913,0.212,1000,1.165,0.165,1.329,0.248,0.151,1.728
1778497303727489268,1778497303725550498,0.223,1000,1.090,0.284,1.373,0.316,0.021,1.710
1778497303757689318,1778497303755557198,0.207,1000,1.110,0.287,1.397,0.264,0.258,1.919
1778497303777660845,1778497303775543062,0.210,1000,1.175,0.249,1.424,0.293,0.184,1.901
1778497303807894336,1778497303805550819,0.200,1000,1.169,0.188,1.357,0.341,0.439,2.137
1778497303827607713,1778497303825545707,0.566,1000,0.729,0.291,1.020,0.257,0.212,1.489
1778497303857957303,1778497303855537848,0.238,1000,0.996,0.419,1.415,0.526,0.233,2.174
1778497303877651671,1778497303875553280,0.215,1000,1.136,0.278,1.414,0.242,0.221,1.877
1778497303907826248,1778497303905503020,0.250,1000,1.057,0.488,1.545,0.256,0.265,2.067
1778497303927698285,1778497303925536661,0.506,1000,0.802,0.558,1.360,0.026,0.263,1.649
1778497303957591543,1778497303955556770,0.208,1000,1.062,0.381,1.443,0.357,0.021,1.821
1778497303977804517,1778497303975534250,0.206,1000,1.147,0.479,1.626,0.130,0.302,2.057
1778497304007455048,1778497304005531190,0.216,1000,1.054,0.344,1.399,0.194,0.109,1.702
1778497304027594484,1778497304025544479,0.228,1000,0.992,0.380,1.371,0.203,0.240,1.814
1778497304051951886,1778497304048433714,0.221,1000,2.250,0.345,2.595,0.230,0.466,3.290
1778497304078141655,1778497304075510227,0.257,1000,1.047,0.449,1.496,0.737,0.135,2.368
1778497304108228710,1778497304105552705,0.418,1000,0.879,1.065,1.944,0.026,0.282,2.252
1778497304127489211,1778497304125525000,0.219,1000,1.100,0.288,1.388,0.230,0.120,1.738
1778497304157603531,1778497304155551701,0.205,1000,1.068,0.319,1.387,0.118,0.335,1.839
1778497304177730838,1778497304175556638,0.656,1000,0.779,0.613,1.392,0.025,0.094,1.511
1778497304207782436,1778497304205585963,0.274,1000,1.061,0.625,1.686,0.024,0.207,1.916
1778497304227601064,1778497304225590452,0.215,1000,1.035,0.334,1.369,0.281,0.139,1.789
1778497304257631381,1778497304255554495,0.225,1000,1.069,0.542,1.611,0.044,0.190,1.845
1778497304278658776,1778497304275549767,0.223,1000,1.006,0.615,1.622,1.249,0.012,2.882
1778497304307726445,1778497304305556436,0.242,1000,0.974,0.560,1.534,0.368,0.020,1.923
1778497304327672660,1778497304325533116,0.481,1000,0.757,0.495,1.252,0.381,0.020,1.654
1778497304357781891,1778497304355553289,0.473,1000,0.780,0.549,1.328,0.402,0.020,1.751
1778497304378024082,1778497304375575538,0.398,1000,0.911,0.477,1.388,0.639,0.018,2.046
1778497304407631188,1778497304405549566,0.527,1000,0.695,0.315,1.010,0.516,0.022,1.549
1778497304427661277,1778497304425544134,0.235,1000,0.981,0.326,1.307,0.547,0.022,1.876
1778497304457939089,1778497304455540082,0.223,1000,1.870,0.013,1.883,0.018,0.269,2.169
1778497304478939763,1778497304475505114,0.325,1000,2.171,0.493,2.664,0.180,0.258,3.102
1778497304507607133,1778497304505549575,0.298,1000,1.079,0.219,1.298,0.181,0.274,1.753
1778497304527803146,1778497304525518351,0.265,1000,1.047,0.380,1.427,0.566,0.022,2.014
1778497304557672756,1778497304555544508,0.533,1000,0.838,0.257,1.095,0.291,0.202,1.588
1778497304577588410,1778497304575523908,0.520,1000,0.868,0.361,1.229,0.025,0.284,1.538
1778497304607592902,1778497304605535025,0.525,1000,0.904,0.585,1.489,0.024,0.015,1.528
1778497304627605775,1778497304625549146,0.522,1000,0.761,0.729,1.490,0.025,0.014,1.529
1778497304657633532,1778497304655578471,0.242,1000,1.117,0.181,1.298,0.229,0.278,1.805
1778497304678543580,1778497304675545838,1.126,1000,1.199,0.574,1.773,0.024,0.069,1.866
1778497304707592304,1778497304705556827,0.237,1000,1.039,0.275,1.314,0.219,0.259,1.792
1778497304727591480,1778497304725546531,0.233,1000,1.112,0.426,1.538,0.046,0.222,1.806
1778497304757711144,1778497304755548336,0.245,1000,1.075,0.339,1.415,0.318,0.178,1.911
1778497304777761458,1778497304775546680,0.184,1000,1.144,0.485,1.629,0.192,0.204,2.025
1778497304807664956,1778497304805556517,0.221,1000,1.093,0.288,1.381,0.208,0.292,1.881
1778497304827503072,1778497304825550445,0.230,1000,1.016,0.322,1.337,0.179,0.200,1.715
1778497304857754387,1778497304855557114,0.209,1000,1.144,0.253,1.397,0.240,0.343,1.981
1778497304877668185,1778497304875538338,0.228,1000,1.055,0.407,1.462,0.254,0.179,1.895
1778497304927815346,1778497304925539255,0.286,1000,1.075,0.405,1.480,0.198,0.305,1.983
1778497304957670715,1778497304955566468,0.262,1000,1.123,0.333,1.456,0.308,0.072,1.835
1778497304977771045,1778497304975566156,0.260,1000,1.065,0.292,1.358,0.365,0.216,1.938
1778497305007726385,1778497305005561017,0.252,1000,1.010,0.779,1.789,0.100,0.018,1.907
1778497305027771450,1778497305025568289,0.344,1000,0.994,0.414,1.408,0.353,0.023,1.784
1778497305057827016,1778497305055566125,0.284,1000,1.159,0.301,1.460,0.172,0.337,1.969
1778497305077620523,1778497305075563606,0.259,1000,1.085,0.207,1.292,0.255,0.244,1.791
1778497305107671929,1778497305105603331,0.341,1000,0.997,0.236,1.233,0.377,0.111,1.721
1778497305128242320,1778497305125554250,0.230,1000,1.072,0.374,1.446,0.816,0.189,2.451
1778497305157742256,1778497305155554263,0.229,1000,1.103,0.271,1.374,0.270,0.308,1.952
1778497305177793337,1778497305175551775,0.269,1000,1.068,0.578,1.645,0.050,0.270,1.966
1778497305208074093,1778497305205561804,0.236,1000,1.092,0.244,1.336,0.844,0.092,2.271
1778497305237702608,1778497305235552632,0.227,1000,1.068,0.300,1.368,0.397,0.151,1.916
1778497305257843612,1778497305255560097,0.472,1000,0.769,0.414,1.183,0.374,0.248,1.805
1778497305287665028,1778497305285526412,0.233,1000,1.058,0.247,1.305,0.390,0.204,1.898
1778497305307816144,1778497305305556469,0.228,1000,1.127,0.192,1.319,0.466,0.240,2.025
1778497305337620152,1778497305335522657,0.702,1000,0.603,0.282,0.885,0.389,0.115,1.389
1778497305357766020,1778497305355525770,0.320,1000,1.042,0.473,1.515,0.092,0.306,1.913
1778497305387511242,1778497305385528630,0.339,1000,0.947,0.278,1.225,0.227,0.184,1.637
1778497305407579828,1778497305405530719,0.232,1000,1.104,0.333,1.436,0.258,0.116,1.811
1778497305438087182,1778497305435550540,0.220,1000,1.083,0.941,2.024,0.131,0.155,2.310
1778497305457930482,1778497305455527059,0.231,1000,1.164,0.437,1.601,0.342,0.223,2.166
1778497305487867645,1778497305485551264,0.225,1000,1.304,0.410,1.713,0.237,0.135,2.085
1778497305507800355,1778497305505576841,0.259,1000,1.031,0.371,1.402,0.466,0.091,1.959
1778497305541257706,1778497305535535093,0.645,1000,0.788,0.304,1.092,3.827,0.152,5.071
1778497305557668245,1778497305555562814,0.259,1000,1.172,0.261,1.434,0.242,0.164,1.840
1778497305587786500,1778497305585541738,0.279,1000,1.065,0.324,1.389,0.216,0.353,1.959
1778497305608141110,1778497305605520178,0.255,1000,1.175,0.319,1.495,0.647,0.217,2.359
1778497305638203012,1778497305635590208,0.201,1000,1.187,0.289,1.475,0.761,0.169,2.405
1778497305658042056,1778497305655554279,0.267,1000,0.968,0.306,1.274,0.739,0.200,2.213
1778497305687972467,1778497305685554772,0.375,1000,0.866,0.325,1.190,0.652,0.194,2.036
1778497305708423719,1778497305705555132,0.509,1000,1.024,0.398,1.422,0.697,0.234,2.353
1778497305738306768,1778497305735553065,0.232,1000,1.009,0.539,1.548,0.826,0.141,2.516
1778497305758161269,1778497305755577906,0.218,1000,1.071,0.364,1.435,0.679,0.244,2.359
1778497305788204579,1778497305785550909,0.317,1000,1.031,0.365,1.396,0.686,0.248,2.329
1778497305808042695,1778497305805543462,0.582,1000,0.716,0.307,1.023,0.658,0.230,1.911
1778497305838277337,1778497305835633268,0.219,1000,1.060,0.336,1.397,0.790,0.232,2.419
1778497305861659674,1778497305855551643,0.210,1000,1.137,3.441,4.578,0.986,0.326,5.891
1778497305888314255,1778497305885555079,0.564,1000,0.785,0.328,1.113,0.783,0.292,2.188
1778497305908260214,1778497305905577200,0.219,1000,1.202,0.296,1.498,0.777,0.181,2.457
1778497305938134815,1778497305935523547,0.323,1000,1.537,0.047,1.584,0.482,0.215,2.281
1778497305958318860,1778497305955576357,0.241,1000,1.084,0.321,1.405,0.935,0.150,2.491
1778497305989079117,1778497305985570257,0.223,1000,3.192,0.050,3.242,0.024,0.015,3.280
1778497306007532237,1778497306005556505,0.501,1000,1.364,0.045,1.409,0.018,0.043,1.470
1778497306037481016,1778497306035517893,0.193,1000,1.069,0.374,1.443,0.159,0.162,1.764
1778497306057662661,1778497306055538126,0.227,1000,1.264,0.224,1.488,0.231,0.172,1.891
1778497306087521614,1778497306085517306,0.231,1000,1.206,0.156,1.362,0.248,0.158,1.767
1778497306107724795,1778497306105547203,0.223,1000,1.086,0.291,1.377,0.412,0.160,1.948
1778497306137812298,1778497306135542319,0.204,1000,1.020,0.466,1.486,0.457,0.116,2.059
1778497306158386209,1778497306155583801,0.222,1000,1.071,0.978,2.049,0.340,0.186,2.574
1778497306187727773,1778497306185526436,0.234,1000,1.132,0.215,1.347,0.399,0.214,1.960
1778497306208135312,1778497306205497675,0.244,1000,1.080,1.202,2.282,0.087,0.019,2.388
1778497306237637903,1778497306235559801,0.218,1000,1.198,0.262,1.461,0.247,0.145,1.853
1778497306257786459,1778497306255490080,0.564,1000,0.803,0.213,1.016,0.290,0.419,1.725
1778497306281816877,1778497306277050033,0.280,1000,1.009,3.024,4.033,0.192,0.254,4.479
1778497306307707758,1778497306305527158,0.219,1000,1.190,0.176,1.367,0.348,0.241,1.955
1778497306337649433,1778497306335552963,0.590,1000,0.793,0.341,1.134,0.346,0.021,1.501
1778497306357510750,1778497306355499082,0.216,1000,1.166,0.242,1.409,0.224,0.157,1.789
1778497306407600565,1778497306405541408,0.575,1000,0.798,0.175,0.973,0.212,0.293,1.478
1778497306437756454,1778497306435551852,0.217,1000,1.059,0.372,1.431,0.254,0.296,1.981
1778497306458122680,1778497306455512148,0.228,1000,1.563,0.386,1.949,0.181,0.246,2.375
1778497306487913503,1778497306485553889,0.219,1000,1.169,0.247,1.416,0.214,0.504,2.133
1778497306507650048,1778497306505551081,0.222,1000,1.105,0.296,1.402,0.257,0.211,1.869
1778497306537952660,1778497306535558230,0.405,1000,1.062,0.311,1.373,0.261,0.349,1.983
1778497306557719479,1778497306555560286,0.226,1000,1.054,0.436,1.491,0.164,0.272,1.927
1778497306587657474,1778497306585552619,0.292,1000,1.128,0.285,1.413,0.189,0.205,1.806
1778497306607717099,1778497306605556499,0.228,1000,1.112,0.297,1.409,0.373,0.144,1.926
1778497306637701784,1778497306635539711,0.215,1000,1.109,0.195,1.304,0.407,0.230,1.940
1778497306657707552,1778497306655550568,0.220,1000,1.116,0.311,1.427,0.223,0.280,1.930
1778497306687929810,1778497306685558421,0.225,1000,1.105,0.397,1.502,0.539,0.099,2.140
1778497306708611852,1778497306705582878,0.270,1000,1.125,1.041,2.167,0.301,0.284,2.751
1778497306737527133,1778497306735560553,0.587,1000,0.773,0.242,1.015,0.227,0.132,1.373
1778497306757692905,1778497306755556882,0.225,1000,1.181,0.346,1.526,0.250,0.128,1.904
1778497306787660085,1778497306785548894,0.463,1000,0.772,0.535,1.307,0.214,0.120,1.641
1778497306810285762,1778497306805549798,4.608,1000,0.041,0.047,0.088,0.020,0.014,0.123
1778497306837880015,1778497306835533010,0.245,1000,1.507,0.047,1.554,0.310,0.231,2.095
1778497306857585488,1778497306855553371,0.476,1000,0.839,0.276,1.116,0.390,0.045,1.550
1778497306887875364,1778497306885538823,0.229,1000,1.041,0.463,1.503,0.376,0.222,2.101
1778497306907689192,1778497306905543856,0.462,1000,0.866,0.222,1.088,0.386,0.203,1.677
1778497306937702260,1778497306935561021,0.582,1000,0.671,0.432,1.103,0.164,0.286,1.553
1778497306957702653,1778497306955545349,0.545,1000,1.326,0.045,1.371,0.017,0.217,1.606
1778497306987515076,1778497306985546481,0.236,1000,1.106,0.556,1.662,0.024,0.041,1.727
1778497307007703858,1778497307005553082,0.229,1000,1.077,0.404,1.481,0.277,0.157,1.915
1778497307037555738,1778497307035548550,0.206,1000,1.036,0.488,1.524,0.158,0.112,1.794
1778497307057762120,1778497307055486317,1.929,1000,0.040,0.039,0.080,0.050,0.211,0.341
1778497307087934681,1778497307085541307,0.373,1000,0.840,0.432,1.272,0.263,0.478,2.013
1778497307107463893,1778497307105539043,0.631,1000,0.749,0.372,1.121,0.023,0.143,1.287
1778497307137547908,1778497307135521231,0.237,1000,1.125,0.487,1.612,0.027,0.145,1.783
1778497307157846644,1778497307155554712,0.465,1000,1.358,0.043,1.401,0.263,0.155,1.820
1778497307187502647,1778497307185559525,0.234,1000,0.990,0.553,1.543,0.023,0.137,1.703
1778497307207513120,1778497307205549997,0.228,1000,1.047,0.538,1.585,0.023,0.120,1.728
1778497307237556557,1778497307235557497,0.315,1000,1.006,0.307,1.313,0.163,0.202,1.678
1778497307257575702,1778497307255557954,0.216,1000,1.024,0.383,1.407,0.183,0.205,1.795
1778497307287749191,1778497307285560526,0.390,1000,0.916,0.454,1.370,0.249,0.173,1.792
1778497307309848870,1778497307305533622,0.252,1000,1.008,2.553,3.560,0.178,0.318,4.057
1778497307337855551,1778497307335558691,0.284,1000,1.002,0.342,1.344,0.185,0.478,2.007
1778497307357897160,1778497307355567212,0.255,1000,0.977,0.355,1.332,0.171,0.564,2.067
1778497307387710800,1778497307385564120,0.276,1000,1.010,0.328,1.338,0.181,0.345,1.864
1778497307409003034,1778497307405508927,0.249,1000,1.146,0.332,1.478,0.184,1.576,3.238
1778497307441659339,1778497307435561005,0.241,1000,1.025,4.374,5.399,0.283,0.168,5.850
1778497307457682092,1778497307455526612,0.469,1000,0.872,0.489,1.361,0.180,0.140,1.680
1778497307487649080,1778497307485528065,0.236,1000,1.105,0.240,1.345,0.311,0.222,1.878
1778497307507841733,1778497307505546762,0.244,1000,1.008,0.399,1.407,0.406,0.230,2.044
1778497307537667437,1778497307535553334,0.226,1000,1.407,0.044,1.451,0.206,0.225,1.882
1778497307558165474,1778497307555562591,0.256,1000,1.042,0.348,1.390,0.758,0.193,2.341
1778497307592544129,1778497307585526282,0.492,1000,0.850,4.391,5.241,0.992,0.286,6.519
1778497307608557697,1778497307605586260,0.250,1000,1.001,0.446,1.447,0.889,0.380,2.715
1778497307638196165,1778497307635585025,0.235,1000,1.051,0.332,1.383,0.824,0.163,2.370
1778497307667945738,1778497307665545068,0.242,1000,0.983,0.438,1.420,0.572,0.159,2.152
1778497307688309628,1778497307685565557,0.259,1000,1.092,0.829,1.921,0.352,0.206,2.479
1778497307707911514,1778497307705529852,0.246,1000,1.064,0.370,1.434,0.275,0.420,2.129
1778497307738228911,1778497307735528585,0.259,1000,1.197,0.367,1.563,0.495,0.375,2.434
1778497307757976337,1778497307755585554,0.254,1000,1.062,0.460,1.522,0.462,0.146,2.131
1778497307787635732,1778497307785561118,0.254,1000,1.054,0.529,1.583,0.025,0.206,1.815
1778497307808111273,1778497307805561095,0.246,1000,1.062,0.275,1.337,0.463,0.497,2.297
1778497307837802861,1778497307835562099,0.259,1000,1.033,0.325,1.358,0.408,0.209,1.975
1778497307861068459,1778497307855564924,0.249,1000,5.126,0.086,5.213,0.022,0.014,5.249
1778497307887798786,1778497307885559528,0.231,1000,1.113,0.784,1.897,0.024,0.082,2.003
1778497307907587621,1778497307905557840,0.230,1000,1.022,0.654,1.676,0.028,0.089,1.794
1778497307937707093,1778497307935563421,0.510,1000,0.829,0.253,1.082,0.331,0.213,1.626
1778497307957654300,1778497307955558245,0.247,1000,1.068,0.567,1.635,0.024,0.183,1.842
1778497307987740202,1778497307985561138,0.246,1000,1.011,0.342,1.353,0.238,0.335,1.926
1778497308007828661,1778497308005569882,0.251,1000,1.052,0.354,1.406,0.274,0.321,2.001
1778497308037976773,1778497308035566150,0.252,1000,1.338,0.508,1.846,0.160,0.147,2.152
1778497308057611876,1778497308055558703,0.306,1000,1.021,0.346,1.367,0.159,0.215,1.741
1778497308087908440,1778497308085563643,0.263,1000,1.235,0.497,1.733,0.239,0.104,2.076
1778497308107506742,1778497308105562403,0.601,1000,0.712,0.268,0.980,0.197,0.161,1.338
1778497308137749513,1778497308135556528,0.266,1000,1.110,0.384,1.494,0.048,0.378,1.920
1778497308157808499,1778497308155551448,0.240,1000,1.112,0.294,1.406,0.585,0.021,2.012
1778497308188159208,1778497308185568389,0.612,1000,0.797,0.295,1.092,0.860,0.022,1.974
1778497308207796711,1778497308205559085,0.609,1000,0.735,0.303,1.038,0.564,0.021,1.623
1778497308237877014,1778497308235561625,0.227,1000,1.078,0.332,1.410,0.330,0.341,2.081
1778497308257775387,1778497308255559618,0.286,1000,1.036,0.333,1.368,0.531,0.026,1.925
1778497308287801096,1778497308285562542,0.250,1000,1.051,0.312,1.363,0.269,0.350,1.982
1778497308307518857,1778497308305558934,0.250,1000,1.011,0.354,1.365,0.124,0.215,1.704
1778497309967804770,1778497309965559303,0.401,1000,1.739,0.046,1.785,0.015,0.039,1.839
1778497309988057329,1778497309985558352,0.246,1000,1.076,0.610,1.686,0.355,0.205,2.246
1778497310013311554,1778497310011079720,0.243,1000,1.501,0.044,1.545,0.417,0.021,1.984
1778497310037645339,1778497310035554660,0.620,1000,0.869,0.123,0.992,0.324,0.150,1.465
1778497310073876585,1778497310065549809,8.190,1000,0.049,0.041,0.090,0.025,0.016,0.132
1778497310087821748,1778497310085561369,0.229,1000,1.156,0.224,1.380,0.418,0.227,2.025
1778497310117883778,1778497310115507300,0.241,1000,1.014,0.465,1.479,0.355,0.294,2.128
1778497310137653252,1778497310135542957,0.227,1000,1.221,0.228,1.449,0.253,0.175,1.877
1778497310167708594,1778497310165566587,0.227,1000,1.041,0.385,1.426,0.220,0.262,1.909
1778497310187746364,1778497310185554018,0.817,1000,0.470,0.379,0.850,0.305,0.214,1.369
1778497310217990478,1778497310215560335,0.818,1000,0.735,0.835,1.570,0.023,0.014,1.607
1778497310237565740,1778497310235556727,0.564,1000,0.727,0.361,1.088,0.330,0.022,1.440
1778497310267488118,1778497310265545411,0.561,1000,0.776,0.292,1.068,0.196,0.112,1.376
1778497310287845224,1778497310285509451,0.216,1000,1.034,0.369,1.404,0.659,0.051,2.113
1778497310318239262,1778497310315562585,0.209,1000,1.255,0.243,1.498,0.654,0.289,2.441
1778497310337525588,1778497310335558689,0.233,1000,1.109,0.296,1.405,0.199,0.122,1.727
1778497310367751110,1778497310365542765,0.211,1000,1.099,0.356,1.456,0.466,0.070,1.991
1778497310387739982,1778497310385535893,0.239,1000,1.202,0.477,1.679,0.126,0.153,1.958
1778497310417820029,1778497310415549314,0.818,1000,0.488,0.414,0.902,0.250,0.293,1.445
1778497310437842182,1778497310435557546,0.196,1000,1.126,0.301,1.427,0.348,0.306,2.082
1778497310467710383,1778497310465535702,0.208,1000,1.842,0.059,1.901,0.018,0.042,1.961
1778497310487633077,1778497310485552511,0.203,1000,1.146,0.484,1.630,0.024,0.217,1.871
1778497310517919145,1778497310515587372,0.218,1000,1.339,0.327,1.667,0.420,0.022,2.109
1778497310537810798,1778497310535559444,0.228,1000,1.057,0.311,1.367,0.254,0.394,2.016
1778497310567864060,1778497310565543008,0.281,1000,0.988,0.396,1.384,0.391,0.258,2.033
1778497310588326640,1778497310585558408,0.593,1000,0.680,1.056,1.735,0.298,0.135,2.168
1778497310617709645,1778497310615542836,0.227,1000,1.037,0.609,1.646,0.024,0.242,1.912
1778497310637533936,1778497310635523708,0.218,1000,1.066,0.358,1.424,0.342,0.021,1.787
1778497310667761891,1778497310665557673,0.212,1000,1.076,0.595,1.671,0.190,0.125,1.986
1778497310687603271,1778497310685545745,0.224,1000,1.063,0.345,1.409,0.274,0.143,1.827
1778497310718073120,1778497310715563678,0.231,1000,1.035,0.399,1.434,0.239,0.598,2.271
1778497310737957061,1778497310735542502,0.232,1000,1.439,0.286,1.725,0.284,0.166,2.176
1778497310761187041,1778497310758827908,0.260,1000,0.993,0.502,1.495,0.404,0.195,2.093
1778497310787650194,1778497310785540379,0.229,1000,1.054,0.417,1.471,0.309,0.094,1.874
1778497310817513306,1778497310815544711,0.234,1000,1.020,0.580,1.600,0.103,0.027,1.730
1778497310838234166,1778497310835562960,0.236,1000,1.034,1.172,2.206,0.030,0.194,2.429
1778497310868014652,1778497310865556700,0.219,1000,1.317,0.350,1.667,0.271,0.294,2.232
1778497310887540536,1778497310885542212,0.234,1000,1.064,0.535,1.599,0.025,0.134,1.758
1778497310917655176,1778497310915556145,0.219,1000,1.088,0.377,1.465,0.241,0.167,1.873
1778497310937644976,1778497310935525720,0.228,1000,1.297,0.426,1.724,0.032,0.129,1.885
1778497310967865154,1778497310965513797,0.240,1000,1.203,0.726,1.929,0.061,0.115,2.105
1778497310987694438,1778497310985540142,0.219,1000,1.030,0.386,1.416,0.231,0.280,1.928
1778497311017699410,1778497311015567963,0.205,1000,1.105,0.359,1.465,0.280,0.175,1.919
1778497311037851870,1778497311035559683,0.193,1000,1.341,0.309,1.650,0.282,0.161,2.093
1778497311067628965,1778497311065547599,0.207,1000,1.149,0.309,1.459,0.258,0.151,1.868
1778497311087697295,1778497311085562296,0.207,1000,1.164,0.624,1.788,0.025,0.108,1.921
1778497311117583833,1778497311115551140,0.323,1000,0.933,0.373,1.306,0.306,0.091,1.703
1778497311137795078,1778497311135507851,0.213,1000,1.266,0.240,1.506,0.252,0.310,2.067
1778497311167600174,1778497311165546552,0.569,1000,0.774,0.347,1.121,0.142,0.214,1.477
1778497311187614934,1778497311185563553,0.209,1000,1.143,0.200,1.343,0.287,0.205,1.836
1778497311217781799,1778497311215557261,0.208,1000,1.114,0.512,1.626,0.189,0.194,2.010
1778497311237821040,1778497311235534005,0.214,1000,1.289,0.222,1.511,0.390,0.166,2.066
1778497311267709530,1778497311265505249,0.215,1000,1.137,0.258,1.394,0.447,0.105,1.946
1778497311287684034,1778497311285548714,0.195,1000,1.125,0.308,1.434,0.301,0.200,1.934
1778497311317650381,1778497311315559287,0.601,1000,0.753,0.301,1.054,0.237,0.193,1.483
1778497311338102657,1778497311335786789,0.253,1000,1.177,0.319,1.496,0.479,0.080,2.055
1778497311367805926,1778497311365561579,0.226,1000,1.104,0.211,1.316,0.308,0.387,2.011
1778497311387659114,1778497311385544179,0.220,1000,1.070,0.379,1.449,0.349,0.092,1.890
1778497311417781146,1778497311415561824,0.207,1000,1.212,0.275,1.487,0.259,0.260,2.006
1778497311437638942,1778497311435564104,0.228,1000,1.183,0.243,1.426,0.394,0.021,1.841
1778497311467379364,1778497311465563413,0.228,1000,0.973,0.312,1.285,0.202,0.095,1.582
1778497311487541425,1778497311485556317,0.233,1000,0.962,0.332,1.294,0.344,0.108,1.745
1778497311518365778,1778497311515563114,0.227,1000,1.168,0.244,1.412,0.967,0.189,2.569
1778497311537842125,1778497311535558994,0.240,1000,1.109,0.802,1.911,0.030,0.096,2.037
1778497311567673365,1778497311565551582,0.595,1000,0.664,0.304,0.968,0.369,0.183,1.520
1778497311587980997,1778497311585604328,0.719,1000,0.685,0.472,1.158,0.280,0.214,1.651
1778497311617891215,1778497311615577875,0.263,1000,1.241,0.273,1.514,0.195,0.333,2.043
1778497311637900984,1778497311635562395,0.253,1000,1.077,0.319,1.396,0.352,0.330,2.078
1778497311667792098,1778497311665570408,0.604,1000,0.708,0.282,0.990,0.323,0.298,1.611
1778497311687688423,1778497311685558480,0.253,1000,0.979,0.386,1.365,0.289,0.216,1.871
1778497311717733205,1778497311715576733,0.621,1000,0.761,0.282,1.043,0.342,0.145,1.529
1778497311737818399,1778497311735553124,0.612,1000,0.783,0.538,1.321,0.150,0.175,1.646
1778497311767642919,1778497311765564433,0.254,1000,0.973,0.355,1.328,0.312,0.177,1.817
1778497311787693809,1778497311785562425,0.613,1000,0.766,0.262,1.028,0.214,0.247,1.488
1778497311817746526,1778497311815523461,0.623,1000,0.835,0.240,1.075,0.343,0.175,1.593
1778497311837970765,1778497311835569230,0.260,1000,1.090,0.317,1.406,0.455,0.274,2.136
1778497311867853782,1778497311865577691,0.256,1000,1.011,0.415,1.426,0.262,0.325,2.014
1778497311887753532,1778497311885564163,0.255,1000,0.997,0.395,1.392,0.289,0.247,1.927
1778497311917606276,1778497311915570127,0.255,1000,1.088,0.307,1.395,0.165,0.214,1.774
1778497311939711715,1778497311935539127,0.588,1000,0.725,0.333,1.058,2.368,0.152,3.578
1778497311967709692,1778497311965552515,0.277,1000,0.990,0.532,1.522,0.163,0.188,1.873
1778497311987882536,1778497311985590733,0.479,1000,0.883,0.336,1.219,0.390,0.196,1.806
1778497312017761394,1778497312015532984,0.248,1000,1.148,0.419,1.566,0.152,0.254,1.973
1778497312037758394,1778497312035565153,0.362,1000,1.062,0.304,1.365,0.312,0.147,1.825
1778497312067781767,1778497312065566221,0.251,1000,1.044,0.329,1.373,0.412,0.172,1.957
1778497312087730126,1778497312085563413,0.247,1000,1.026,0.319,1.345,0.370,0.198,1.913
1778497312117602263,1778497312115569858,0.246,1000,1.116,0.282,1.397,0.239,0.143,1.780
1778497312137785188,1778497312135561258,0.270,1000,1.082,0.731,1.813,0.118,0.018,1.949
1778497312167633068,1778497312165574391,0.260,1000,1.040,0.337,1.377,0.198,0.217,1.791
1778497312187621044,1778497312185569407,0.627,1000,0.710,0.328,1.038,0.157,0.223,1.418
1778497312217547359,1778497312215571147,0.234,1000,1.163,0.231,1.394,0.167,0.175,1.735
1778497312237861903,1778497312235554035,0.253,1000,1.078,0.447,1.524,0.328,0.196,2.049
1778497312267981503,1778497312265554335,0.255,1000,0.996,0.376,1.371,0.585,0.209,2.166
1778497312288147243,1778497312285552232,0.258,1000,1.073,0.366,1.439,0.666,0.226,2.331
1778497312316430347,1778497312313496223,0.332,1000,1.927,0.288,2.215,0.189,0.191,2.595
1778497312337504815,1778497312335544540,0.268,1000,1.079,0.254,1.334,0.155,0.197,1.686
1778497312364885335,1778497312362525050,0.376,1000,0.927,0.413,1.340,0.431,0.207,1.978
1778497312387486499,1778497312385564945,0.227,1000,1.010,0.324,1.334,0.222,0.131,1.687
1778497312417772215,1778497312415505756,0.227,1000,1.199,0.363,1.562,0.246,0.225,2.033
1778497312437807552,1778497312435540517,0.225,1000,1.053,0.413,1.466,0.246,0.322,2.034
1778497312467727307,1778497312465566066,0.601,1000,0.688,0.415,1.104,0.257,0.193,1.553
1778497312497604532,1778497312495510397,0.232,1000,1.117,0.311,1.428,0.199,0.228,1.855
1778497312517564571,1778497312515557223,0.223,1000,1.001,0.436,1.437,0.158,0.183,1.778
1778497312547559527,1778497312545568788,0.212,1000,1.077,0.306,1.383,0.221,0.168,1.772
1778497312567558992,1778497312565534203,0.226,1000,1.098,0.314,1.412,0.147,0.234,1.793
1778497312617928942,1778497312615510031,0.609,1000,0.783,0.350,1.133,0.228,0.442,1.802
1778497312647500815,1778497312645560061,0.218,1000,1.150,0.207,1.358,0.163,0.196,1.716
1778497312667495735,1778497312665547781,0.215,1000,1.090,0.431,1.521,0.024,0.182,1.726
1778497312697494948,1778497312695556881,0.201,1000,1.450,0.044,1.494,0.039,0.197,1.730
1778497312717507404,1778497312715562458,0.218,1000,1.070,0.319,1.389,0.114,0.217,1.721
1778497312747424439,1778497312745564902,0.231,1000,1.015,0.284,1.298,0.141,0.183,1.622
1778497312767559234,1778497312765535950,0.249,1000,1.020,0.358,1.378,0.168,0.220,1.767
1778497312797847734,1778497312795564187,0.240,1000,1.139,0.377,1.516,0.187,0.334,2.036
1778497312817807261,1778497312815536770,0.217,1000,1.160,0.344,1.505,0.308,0.235,2.047
1778497312847703495,1778497312845554703,0.241,1000,1.131,0.274,1.406,0.140,0.355,1.901
1778497312867537995,1778497312865553239,0.243,1000,1.020,0.295,1.315,0.136,0.283,1.735
1778497312897714588,1778497312895562916,0.234,1000,1.151,0.286,1.437,0.141,0.332,1.911
1778497312917583073,1778497312915555980,0.502,1000,0.738,0.347,1.085,0.126,0.308,1.519
1778497312947862517,1778497312945568665,0.222,1000,1.196,0.355,1.551,0.241,0.273,2.065
1778497312967742618,1778497312965558977,0.218,1000,1.045,0.410,1.455,0.295,0.208,1.959
1778497312997741702,1778497312995558253,0.220,1000,1.068,0.397,1.465,0.281,0.210,1.957
1778497313013724838,1778497313011171203,0.249,1000,1.048,0.344,1.393,0.222,0.682,2.297
1778497313048078595,1778497313045564194,0.234,1000,1.239,0.268,1.507,0.401,0.339,2.247
1778497313067864070,1778497313065556810,0.237,1000,0.988,0.417,1.405,0.588,0.070,2.064
1778497313097554218,1778497313095545462,0.240,1000,0.997,0.439,1.436,0.223,0.103,1.762
1778497313117774488,1778497313115554047,0.212,1000,1.059,0.361,1.420,0.196,0.343,1.959
1778497313147585696,1778497313145563819,0.229,1000,1.066,0.255,1.321,0.148,0.317,1.786
1778497313167634601,1778497313165555219,0.237,1000,1.000,0.364,1.364,0.210,0.263,1.837
1778497313197715704,1778497313195546656,0.225,1000,1.044,0.404,1.448,0.233,0.258,1.938
1778497313218594135,1778497313215551496,0.225,1000,1.202,1.153,2.355,0.162,0.294,2.811
1778497313247528136,1778497313245553300,0.226,1000,0.992,0.406,1.399,0.115,0.228,1.742
1778497313267543184,1778497313265535260,0.220,1000,1.066,0.348,1.414,0.156,0.212,1.781
1778497313297585630,1778497313295549481,0.223,1000,1.229,0.189,1.418,0.177,0.212,1.806
1778497313317515460,1778497313315561265,0.223,1000,1.204,0.161,1.365,0.152,0.208,1.725
1778497313347800408,1778497313345513213,0.598,1000,0.656,0.379,1.035,0.135,0.511,1.682
1778497313367653405,1778497313365554438,0.224,1000,0.974,0.472,1.446,0.159,0.263,1.868
1778497313398362939,1778497313395527826,0.239,1000,1.160,0.238,1.398,0.147,1.043,2.588
1778497313417961657,1778497313415549882,0.609,1000,0.823,0.348,1.171,0.238,0.366,1.775
1778497313447546299,1778497313445604392,0.466,1000,0.750,0.325,1.075,0.349,0.046,1.470
1778497313467550307,1778497313465551759,0.244,1000,1.172,0.206,1.378,0.352,0.020,1.750
1778497313498126942,1778497313495538811,0.221,1000,1.117,0.900,2.017,0.112,0.231,2.360
1778497313517450421,1778497313515521667,0.212,1000,0.959,0.388,1.347,0.144,0.218,1.709
1778497313541221599,1778497313539146570,0.294,1000,1.027,0.404,1.431,0.136,0.207,1.774
1778497313567588141,1778497313565565081,0.227,1000,1.240,0.114,1.354,0.206,0.229,1.789
1778497313597692188,1778497313595566693,0.586,1000,0.775,0.284,1.059,0.201,0.272,1.533
1778497313617585826,1778497313615552941,0.576,1000,0.825,0.246,1.071,0.173,0.207,1.450
1778497313648212351,1778497313645553945,0.220,1000,1.064,1.120,2.184,0.049,0.199,2.431
1778497313667618903,1778497313665563170,0.238,1000,1.381,0.046,1.427,0.114,0.270,1.811
1778497313687649120,1778497313685560522,0.568,1000,0.735,0.304,1.039,0.209,0.266,1.514
1778497313717638317,1778497313715556566,0.234,1000,1.072,0.290,1.362,0.172,0.307,1.841
1778497313737825498,1778497313735553183,0.227,1000,1.083,0.354,1.436,0.344,0.259,2.039
1778497313767717219,1778497313765559659,0.215,1000,1.136,0.244,1.380,0.288,0.268,1.936
1778497313797847507,1778497313795564792,0.598,1000,0.663,0.300,0.962,0.457,0.234,1.654
