wall_time_ns,scan_stamp_ns,scan_to_scan_walls_ms,walls_to_amcl_ms,amcl_to_ekf_ms,scan_to_ekf_ms,ekf_to_drive_ms,scan_to_drive_ms
1774005161552364019,1774005157921232488,4.918,2.911,18.479,26.308,-1.000,-1.000
1774005161552543190,1774005157938034745,0.612,14.715,4.697,20.024,-1.000,-1.000
1774005161552553334,1774005157991262976,0.547,2.754,0.018,3.319,-1.000,-1.000
1774005161552558711,1774005158021353635,0.461,2.248,11.665,14.374,-1.000,-1.000
1774005161552566967,1774005158041325262,0.505,4.424,3.944,8.872,-1.000,-1.000
1774005161552572887,1774005158071434098,0.657,2.253,2.295,5.204,-1.000,-1.000
1774005161552578167,1774005158091229433,2.854,1.493,0.472,4.819,-1.000,-1.000
1774005161552583415,1774005158121281723,0.617,2.586,0.874,4.078,-1.000,-1.000
1774005161552589719,1774005158141246534,0.326,3.032,1.652,5.010,-1.000,-1.000
1774005161552594935,1774005158171332425,2.105,1.616,1.393,5.114,-1.000,-1.000
1774005161552599063,1774005158191285524,1.068,2.375,0.163,3.606,-1.000,-1.000
1774005161552604183,1774005158221257108,3.073,1.198,0.202,4.473,-1.000,-1.000
1774005161552607735,1774005158241306209,0.028,3.045,0.114,3.188,-1.000,-1.000
1774005161552612536,1774005158271347267,0.024,2.375,1.097,3.496,-1.000,-1.000
1774005161552617336,1774005158291214476,0.671,4.206,0.019,4.897,-1.000,-1.000
1774005161552622008,1774005158321416049,0.618,2.602,0.019,3.239,-1.000,-1.000
1774005161552628856,1774005158341306234,0.557,2.742,2.907,6.206,-1.000,-1.000
1774005161552633464,1774005158371405021,0.600,5.110,0.024,5.733,-1.000,-1.000
1774005161552637080,1774005158391238054,0.662,2.531,0.956,4.149,-1.000,-1.000
1774005161552641816,1774005158421287144,0.740,2.661,0.559,3.960,-1.000,-1.000
1774005161552646616,1774005158441311188,0.895,2.976,0.419,4.290,-1.000,-1.000
1774005161552650232,1774005158471694940,0.692,2.434,0.219,3.346,-1.000,-1.000
1774005161552654936,1774005158491333569,0.991,2.692,0.323,4.006,-1.000,-1.000
1774005161552659320,1774005158521275329,0.497,2.471,0.763,3.731,-1.000,-1.000
1774005161552664056,1774005158541316301,0.813,2.975,1.098,4.887,-1.000,-1.000
1774005161552668089,1774005158571316143,0.677,2.518,0.017,3.211,-1.000,-1.000
1774005161552672313,1774005158591318106,0.850,2.276,2.533,5.660,-1.000,-1.000
1774005161552676537,1774005158621375420,0.754,2.921,0.600,4.275,-1.000,-1.000
1774005161552681337,1774005158641276422,0.594,2.482,3.982,7.059,-1.000,-1.000
1774005161552684985,1774005158671640974,0.499,2.424,0.337,3.261,-1.000,-1.000
1774005161552689177,1774005158691318099,0.440,2.756,1.761,4.958,-1.000,-1.000
1774005161552692761,1774005158721719292,2.147,1.613,0.416,4.175,-1.000,-1.000
1774005161552700601,1774005158741315392,1.382,1.768,2.634,5.784,-1.000,-1.000
1774005161552704953,1774005158771287393,0.636,16.089,0.217,16.942,-1.000,-1.000
1774005161552710137,1774005158791406767,0.904,3.617,0.832,5.353,-1.000,-1.000
1774005161552714009,1774005158821475537,0.871,2.626,0.915,4.412,-1.000,-1.000
1774005161552717593,1774005158841530685,0.631,5.338,0.787,6.755,-1.000,-1.000
1774005161552721274,1774005158871621504,0.644,2.496,1.750,4.891,-1.000,-1.000
1774005161552724922,1774005158891291526,0.896,2.544,0.245,3.686,-1.000,-1.000
1774005161552729210,1774005158921272775,0.617,2.603,0.438,3.658,-1.000,-1.000
1774005161553004479,1774005158941308627,0.027,2.519,1.572,4.118,-1.000,-1.000
1774005161553012223,1774005158971276660,0.633,2.525,0.021,3.178,-1.000,-1.000
1774005161553016479,1774005158991816073,1.617,1.723,0.055,3.395,-1.000,-1.000
1774005161553020735,1774005159021664967,0.552,3.459,0.471,4.482,-1.000,-1.000
1774005161553024383,1774005159041326861,0.028,2.535,0.816,3.378,-1.000,-1.000
1774005161553027967,1774005159071275117,0.447,2.664,0.105,3.215,-1.000,-1.000
1774005161553031615,1774005159091306361,0.926,2.410,0.290,3.626,-1.000,-1.000
1774005161553035679,1774005159121291066,0.756,2.866,0.228,3.851,-1.000,-1.000
1774005161553072288,1774005159141312390,0.635,2.543,1.194,4.371,-1.000,-1.000
1774005161553076416,1774005159171301639,0.619,3.261,0.296,4.176,-1.000,-1.000
1774005161553080512,1774005159189323150,2.352,1.452,0.736,4.540,-1.000,-1.000
1774005161553172898,1774005159221233458,0.026,2.333,0.187,2.546,-1.000,-1.000
1774005161553178370,1774005159241272799,0.796,3.018,2.912,6.727,-1.000,-1.000
1774005161553183554,1774005159271254464,0.024,11.231,0.028,11.283,-1.000,-1.000
1774005161553189794,1774005159291262859,0.028,2.705,0.234,2.967,-1.000,-1.000
1774005161553193474,1774005159322539012,1.273,4.478,0.431,6.182,-1.000,-1.000
1774005161553196994,1774005159341284088,0.572,2.859,2.011,5.442,-1.000,-1.000
1774005161553201090,1774005159371306650,0.389,2.634,0.233,3.256,-1.000,-1.000
1774005161553204674,1774005159391332070,0.472,2.557,0.256,3.285,-1.000,-1.000
1774005161553208354,1774005159422496284,0.029,3.550,1.208,4.788,-1.000,-1.000
1774005161553211938,1774005159441320466,0.847,2.275,0.767,3.889,-1.000,-1.000
1774005161553215651,1774005159471289107,0.503,2.661,0.362,3.526,-1.000,-1.000
1774005161553219171,1774005159491782856,0.653,2.450,1.442,4.545,-1.000,-1.000
1774005161553222691,1774005159521557989,0.653,4.978,0.022,5.653,-1.000,-1.000
1774005161553226339,1774005159542232316,0.023,6.233,0.225,6.481,-1.000,-1.000
1774005161553230403,1774005159571293485,0.559,2.966,1.209,4.733,-1.000,-1.000
1774005161553233891,1774005159591287832,0.537,2.365,5.490,8.392,-1.000,-1.000
1774005161553237539,1774005159621290201,0.661,2.337,0.676,3.674,-1.000,-1.000
1774005161553241123,1774005159641660268,0.844,3.939,1.219,6.002,-1.000,-1.000
1774005161553244547,1774005159671265702,2.613,2.632,2.171,7.416,-1.000,-1.000
1774005161553248003,1774005159691845052,0.857,6.627,0.493,7.976,-1.000,-1.000
1774005161553251523,1774005159721493015,1.334,4.747,1.651,7.732,-1.000,-1.000
1774005161553255427,1774005159741742439,0.025,6.395,7.206,13.625,-1.000,-1.000
1774005161553259203,1774005159779261520,1.715,4.327,0.021,6.063,-1.000,-1.000
1774005161553262691,1774005159791554800,0.035,3.197,0.022,3.253,-1.000,-1.000
1774005161553266243,1774005159821259756,0.600,3.094,0.256,3.949,-1.000,-1.000
1774005161553269764,1774005159841430746,1.555,2.115,0.018,3.687,-1.000,-1.000
1774005161553273252,1774005159871271609,6.177,0.035,0.010,6.222,-1.000,-1.000
1774005161553276836,1774005159891336709,2.010,1.937,0.436,4.383,-1.000,-1.000
1774005161553280324,1774005159921246661,0.615,2.358,0.179,3.153,-1.000,-1.000
1774005161553387814,1774005159941310482,0.512,2.381,1.846,4.739,-1.000,-1.000
1774005161553392966,1774005159971303187,1.299,1.853,0.283,3.435,-1.000,-1.000
1774005161553397126,1774005159991258749,0.711,2.468,0.294,3.473,-1.000,-1.000
1774005161553400742,1774005160021275391,0.593,2.563,0.015,3.170,-1.000,-1.000
1774005161553404390,1774005160041373996,0.840,4.202,0.021,5.063,-1.000,-1.000
1774005161553408006,1774005160071754068,0.911,2.386,0.215,3.512,-1.000,-1.000
1774005161553411654,1774005160091311768,0.883,2.568,0.586,4.037,-1.000,-1.000
1774005161553415238,1774005160121257336,0.417,2.701,0.057,3.175,-1.000,-1.000
1774005161553418790,1774005160141334117,0.060,2.215,2.362,4.637,-1.000,-1.000
1774005161553422502,1774005160171521450,0.885,2.527,0.015,3.428,-1.000,-1.000
1774005161553426118,1774005160191225712,0.736,2.507,0.565,3.809,-1.000,-1.000
1774005161553430278,1774005160221715418,1.011,2.248,0.025,3.284,-1.000,-1.000
1774005161553433766,1774005160241166556,0.976,3.621,0.008,4.606,-1.000,-1.000
1774005161553437415,1774005160271336992,2.599,1.715,0.432,4.746,-1.000,-1.000
1774005161553440935,1774005160291323339,1.067,2.881,0.471,4.419,-1.000,-1.000
1774005161553444423,1774005160321849846,0.627,2.694,0.813,4.134,-1.000,-1.000
1774005161553448007,1774005160341682782,1.857,1.239,6.265,9.361,-1.000,-1.000
1774005161553451559,1774005160371335385,0.601,6.386,0.020,7.006,-1.000,-1.000
1774005161553455143,1774005160401611104,0.071,2.774,0.843,3.689,-1.000,-1.000
1774005161553458695,1774005160421285733,1.344,2.899,0.670,4.913,-1.000,-1.000
1774005161553462311,1774005160451232038,0.831,3.650,2.220,6.701,-1.000,-1.000
1774005161553484839,1774005160471220657,0.030,2.542,0.564,3.136,-1.000,-1.000
1774005161553489095,1774005160501508887,2.541,0.554,2.464,5.559,-1.000,-1.000
1774005161553492520,1774005160522005900,3.316,2.346,0.917,6.579,-1.000,-1.000
1774005161553496040,1774005160542966793,1.403,3.068,0.901,5.371,-1.000,-1.000
1774005161553499496,1774005160571853206,1.611,2.990,0.018,4.619,-1.000,-1.000
1774005161553503016,1774005160601266668,1.761,1.214,0.107,3.082,-1.000,-1.000
1774005161553506568,1774005160617513620,0.504,3.998,0.020,4.521,-1.000,-1.000
1774005161553510056,1774005160651386523,0.761,4.696,0.016,5.473,-1.000,-1.000
1774005161553513608,1774005160671646124,0.659,2.227,0.626,3.512,-1.000,-1.000
1774005161553517160,1774005160701202149,1.674,1.620,0.424,3.718,-1.000,-1.000
1774005161553520648,1774005160721363251,0.544,3.338,0.020,3.903,-1.000,-1.000
1774005161553524264,1774005160751318772,0.826,2.362,0.018,3.207,-1.000,-1.000
1774005161553527752,1774005160771284671,1.316,2.364,0.083,3.763,-1.000,-1.000
1774005161553531336,1774005160801300768,0.799,3.202,0.296,4.297,-1.000,-1.000
1774005161553534792,1774005160821270923,0.470,3.002,0.524,3.996,-1.000,-1.000
1774005161553538408,1774005160851370606,0.633,2.625,0.593,3.851,-1.000,-1.000
1774005161553542056,1774005160871637854,0.583,2.831,0.660,4.074,-1.000,-1.000
1774005161553545545,1774005160901290041,0.799,2.355,0.431,3.586,-1.000,-1.000
1774005161553549065,1774005160921629963,0.619,2.803,0.830,4.252,-1.000,-1.000
1774005161553611946,1774005160951299334,0.624,3.389,0.553,4.567,-1.000,-1.000
1774005161553616778,1774005160971219920,0.617,3.143,0.149,3.909,-1.000,-1.000
1774005161553620394,1774005161001301747,0.524,2.552,0.415,3.491,-1.000,-1.000
1774005161553623946,1774005161021307807,0.628,3.251,1.119,4.998,-1.000,-1.000
1774005161553627434,1774005161051365697,1.167,2.267,0.734,4.168,-1.000,-1.000
1774005161553630922,1774005161071198538,0.578,3.221,0.758,4.557,-1.000,-1.000
1774005161553634442,1774005161101264044,1.474,2.002,0.258,3.734,-1.000,-1.000
1774005161553637994,1774005161121517532,0.683,2.663,0.501,3.847,-1.000,-1.000
1774005161553641642,1774005161151292057,0.251,3.435,1.016,4.702,-1.000,-1.000
1774005161553645226,1774005161171272612,0.536,2.815,0.727,4.077,-1.000,-1.000
1774005161553648842,1774005161201191844,0.704,3.165,0.055,3.924,-1.000,-1.000
1774005161553652522,1774005161221739098,1.507,2.383,1.192,5.082,-1.000,-1.000
1774005161553656011,1774005161251266514,1.703,2.019,0.158,3.880,-1.000,-1.000
1774005161553659563,1774005161271215613,0.611,2.732,0.178,3.521,-1.000,-1.000
1774005161553663115,1774005161301254079,1.498,2.124,0.051,3.672,-1.000,-1.000
1774005161553666763,1774005161321279403,0.762,3.257,0.302,4.320,-1.000,-1.000
1774005161553670347,1774005161343988616,1.067,2.471,0.478,4.016,-1.000,-1.000
1774005161553674379,1774005161371269976,0.463,2.429,0.259,3.152,-1.000,-1.000
1774005161553677835,1774005161401272889,0.027,2.600,0.587,3.214,-1.000,-1.000
1774005161553681451,1774005161421311621,2.119,1.398,0.452,3.969,-1.000,-1.000
1774005161553685003,1774005161451348199,2.481,3.407,0.401,6.288,-1.000,-1.000
1774005161553688587,1774005161471671384,2.068,1.446,0.499,4.014,-1.000,-1.000
1774005161553692075,1774005161501288595,6.096,4.892,0.256,11.244,-1.000,-1.000
1774005161553696203,1774005161521211901,0.761,2.719,0.441,3.921,-1.000,-1.000
1774005161562651758,1774005161551359617,1.526,7.689,1.126,10.342,0.023,10.365
1774005161580923578,1774005161571284075,0.485,7.586,0.022,8.092,1.211,9.303
1774005161607477245,1774005161601333517,1.671,2.715,0.682,5.068,0.669,5.737
1774005161627237764,1774005161621339737,1.244,2.470,1.527,5.241,0.120,5.361
1774005161655961614,1774005161651666624,1.423,2.453,0.017,3.893,0.014,3.906
1774005161676416194,1774005161671352390,0.355,3.208,0.017,3.581,0.494,4.075
1774005161706417795,1774005161701769167,0.577,2.777,0.757,4.111,0.091,4.202
1774005161725764419,1774005161721541686,0.996,2.198,0.301,3.495,0.249,3.744
1774005161756432400,1774005161751337620,0.544,3.012,0.490,4.046,0.688,4.735
1774005161776972517,1774005161772393778,1.217,2.043,0.356,3.616,0.265,3.881
1774005161807581106,1774005161801709927,0.792,4.163,0.041,4.995,0.072,5.068
1774005161827098645,1774005161822069593,0.344,2.472,1.080,3.896,0.078,3.974
1774005161855583482,1774005161851388270,0.472,2.978,0.062,3.513,0.006,3.519
1774005161877031808,1774005161871610398,1.758,2.470,0.436,4.665,0.380,5.045
1774005161905427716,1774005161901321722,0.024,2.172,0.259,2.455,0.394,2.849
1774005161926851818,1774005161921239204,0.846,3.186,0.611,4.642,0.315,4.958
1774005161956750313,1774005161951481097,1.314,2.838,0.387,4.539,0.324,4.863
1774005161977075802,1774005161971236048,1.583,2.712,0.723,5.018,0.436,5.454
1774005162007147613,1774005162001448053,1.857,3.120,0.017,4.994,0.010,5.004
1774005162025980243,1774005162021560835,0.020,2.061,0.545,2.625,0.399,3.025
1774005162057432687,1774005162051308288,0.390,3.544,1.097,5.030,0.358,5.389
1774005162076439816,1774005162071280363,0.614,4.136,0.017,4.768,0.012,4.779
1774005162106914034,1774005162101287532,0.515,3.995,0.445,4.955,0.285,5.240
1774005162126662393,1774005162121297688,0.928,4.058,0.018,5.004,0.018,5.021
1774005162156535768,1774005162151362330,0.367,3.472,0.304,4.142,0.222,4.365
1774005162175767510,1774005162171276612,1.322,2.468,0.292,4.083,0.013,4.096
1774005162206925260,1774005162201312806,1.560,3.027,0.281,4.867,0.252,5.119
1774005162226498288,1774005162221375923,0.778,3.279,0.125,4.183,0.565,4.748
1774005162257081980,1774005162251771067,0.571,3.183,0.744,4.498,0.365,4.863
1774005162276253432,1774005162271295358,0.507,3.251,0.385,4.144,0.497,4.641
1774005162306803140,1774005162301448034,0.574,2.958,0.850,4.382,0.488,4.870
1774005162327088500,1774005162321632593,1.905,2.467,0.132,4.503,0.478,4.981
1774005162355842111,1774005162351573425,0.869,2.978,0.025,3.872,0.015,3.886
1774005162376234322,1774005162371276439,1.577,2.543,0.253,4.374,0.235,4.609
1774005162405692265,1774005162401221560,0.760,3.155,0.015,3.930,0.059,3.990
1774005162426785512,1774005162421486472,0.053,3.517,0.548,4.118,0.114,4.233
1774005162456905132,1774005162451288550,1.294,3.360,0.599,5.253,0.020,5.273
1774005162475580895,1774005162471272913,0.650,2.717,0.491,3.858,0.014,3.873
1774005162506288013,1774005162501280626,0.628,3.271,0.325,4.225,0.374,4.599
1774005162525826289,1774005162521285950,0.079,2.877,0.275,3.231,0.227,3.458
1774005162557809238,1774005162551622149,0.752,3.823,0.859,5.434,0.246,5.680
1774005162577276184,1774005162571235914,0.667,4.461,0.387,5.516,0.251,5.767
1774005162607811939,1774005162601223883,0.748,4.706,0.640,6.093,0.209,6.302
1774005162626030158,1774005162621204790,0.603,3.108,0.336,4.047,0.443,4.490
1774005162656219091,1774005162651179319,0.633,3.324,0.751,4.708,0.019,4.727
1774005162677346099,1774005162671559049,0.022,3.463,0.017,3.502,1.357,4.859
1774005162703160136,1774005162697962921,1.598,2.625,0.256,4.479,0.360,4.839
1774005162727965355,1774005162721221232,1.429,3.290,0.525,5.244,0.953,6.197
1774005162756261389,1774005162751248146,0.309,3.471,0.482,4.262,0.246,4.508
1774005162776933957,1774005162771339743,1.302,2.801,0.766,4.868,0.222,5.090
1774005162807228747,1774005162801362561,1.171,4.287,0.017,5.475,0.013,5.488
1774005162826942834,1774005162821475310,1.394,2.430,0.924,4.748,0.081,4.828
1774005162856768304,1774005162851287148,0.399,4.196,0.020,4.615,0.046,4.661
1774005162875874955,1774005162871263799,0.427,2.978,0.534,3.939,0.246,4.184
1774005162906194066,1774005162901234040,0.851,3.169,0.595,4.615,0.019,4.635
1774005162926854794,1774005162921910864,0.906,3.279,0.055,4.240,0.344,4.584
1774005162957257938,1774005162951257637,2.295,2.440,0.894,5.629,0.049,5.679
1774005162976898167,1774005162971285265,0.023,3.363,0.632,4.018,0.534,4.552
1774005163006331950,1774005163001302739,1.777,2.194,0.275,4.247,0.319,4.566
1774005163026385083,1774005163021284990,1.292,2.355,0.244,3.891,0.931,4.823
1774005163057044712,1774005163051249087,0.985,1.993,0.796,3.774,0.966,4.740
1774005163076068930,1774005163071310571,0.571,2.945,0.919,4.435,0.018,4.453
1774005163106932787,1774005163101245387,0.674,3.564,0.367,4.604,0.757,5.361
1774005163126336755,1774005163121226455,0.727,3.150,0.520,4.397,0.412,4.809
1774005163156975808,1774005163151235256,0.024,3.627,0.134,3.785,0.424,4.209
1774005163176257791,1774005163171577994,0.021,2.926,0.394,3.341,0.206,3.547
1774005163206191775,1774005163201250405,1.133,2.700,0.498,4.330,0.298,4.629
1774005163226587954,1774005163221163183,0.027,2.857,0.348,3.232,0.313,3.545
1774005163258656345,1774005163251485878,1.070,4.436,0.719,6.226,0.024,6.250
1774005163275886194,1774005163271233981,1.671,1.858,0.526,4.055,0.209,4.264
1774005163304630908,1774005163300134155,0.518,3.263,0.016,3.797,0.396,4.193
1774005163325213938,1774005163321251530,0.052,2.570,0.015,2.637,0.014,2.651
1774005163356413737,1774005163351301197,1.000,2.932,0.174,4.106,0.538,4.644
1774005163386065956,1774005163381160971,0.767,2.797,0.415,3.979,0.608,4.588
1774005163405846700,1774005163401230648,0.844,2.717,0.316,3.876,0.332,4.208
1774005163436700221,1774005163431351580,0.420,2.661,0.703,3.785,0.019,3.804
1774005163456532037,1774005163451250405,0.284,3.560,0.613,4.457,0.018,4.475
1774005163486955886,1774005163481255559,0.595,3.537,0.401,4.534,0.457,4.990
1774005163505397469,1774005163501234322,0.766,2.574,0.356,3.695,0.181,3.876
1774005163537217504,1774005163531222611,1.485,4.152,0.017,5.654,0.016,5.671
1774005163557327597,1774005163551664742,0.094,2.849,0.615,3.557,0.874,4.432
1774005163586059416,1774005163581221440,1.415,1.913,0.353,3.681,0.344,4.025
1774005163607180184,1774005163601247052,0.649,4.430,0.358,5.437,0.205,5.642
1774005163635352856,1774005163631265581,0.022,2.240,0.016,2.278,0.012,2.290
1774005163656026127,1774005163651222104,0.588,2.881,0.413,3.881,0.630,4.510
1774005163685717867,1774005163681285530,0.655,3.367,0.017,4.039,0.054,4.093
1774005163705561908,1774005163701294438,0.549,2.931,0.195,3.676,0.251,3.927
1774005163735278992,1774005163731228486,0.671,2.632,0.169,3.472,0.232,3.704
1774005163755547072,1774005163751231570,0.607,2.939,0.019,3.565,0.379,3.944
1774005163788187154,1774005163781265620,0.023,5.573,0.020,5.616,0.042,5.658
1774005163806248666,1774005163801365825,0.831,2.346,0.324,3.501,1.033,4.534
1774005163836180538,1774005163831254400,0.733,2.983,0.896,4.612,0.017,4.629
1774005163857191256,1774005163851219563,0.674,4.104,0.356,5.135,0.558,5.693
1774005163886948213,1774005163881265869,1.111,2.892,1.209,5.211,0.123,5.334
1774005163906258356,1774005163901271065,0.563,2.701,1.404,4.668,0.022,4.690
1774005163936452889,1774005163931203001,0.549,2.975,1.398,4.922,0.024,4.946
1774005163956381123,1774005163951268422,0.597,3.392,0.193,4.183,0.625,4.807
1774005163987171314,1774005163981625710,0.679,3.196,0.421,4.297,0.878,5.175
1774005164006758134,1774005164001574744,0.332,2.828,1.292,4.452,0.022,4.474
1774005164036856090,1774005164031470488,1.767,2.152,0.547,4.465,0.126,4.591
1774005164056384828,1774005164051228895,0.024,2.006,0.869,2.899,0.024,2.922
1774005164086736964,1774005164081250368,0.821,2.844,0.652,4.317,0.800,5.117
1774005164106188870,1774005164101232684,0.562,2.579,0.481,3.622,1.041,4.663
1774005164137503999,1774005164131253645,0.780,4.317,0.566,5.662,0.244,5.906
1774005164156531097,1774005164151860196,0.729,2.525,0.961,4.215,0.033,4.248
1774005164189672307,1774005164181236890,0.633,3.534,2.931,7.098,0.979,8.077
1774005164206934701,1774005164201570380,0.234,3.116,0.178,3.529,0.945,4.474
1774005164234941866,1774005164231215814,1.398,1.914,0.017,3.329,0.016,3.345
1774005164256230861,1774005164251232050,1.038,2.552,0.248,3.838,0.729,4.567
1774005164286428594,1774005164281240948,0.856,3.153,0.404,4.413,0.356,4.770
1774005164305969397,1774005164301273152,0.962,3.005,0.015,3.982,0.293,4.274
1774005164335869365,1774005164331243105,1.384,2.108,0.360,3.852,0.328,4.179
1774005164355467481,1774005164351365294,1.371,2.230,0.018,3.619,0.013,3.632
1774005164385932515,1774005164381239149,1.953,1.697,0.045,3.695,0.665,4.360
1774005164408618303,1774005164401700033,1.686,1.970,1.532,5.189,0.788,5.977
1774005164436978723,1774005164431255834,0.826,2.858,1.553,5.237,0.019,5.256
1774005164456558982,1774005164451664205,0.766,2.962,0.283,4.011,0.284,4.295
1774005164485915452,1774005164481300872,0.546,2.749,0.903,4.198,0.019,4.217
1774005164507296961,1774005164501308884,0.809,3.517,0.542,4.869,0.743,5.612
1774005164536656502,1774005164531282869,0.650,3.257,0.378,4.285,0.709,4.994
1774005164556788164,1774005164551283104,1.605,2.139,0.985,4.728,0.323,5.051
1774005164585954198,1774005164581236801,0.669,3.040,0.276,3.985,0.334,4.319
1774005164607213785,1774005164601730069,3.005,1.651,0.462,5.119,0.022,5.141
1774005164635960675,1774005164631238478,0.869,2.545,0.210,3.623,0.720,4.343
1774005164656167731,1774005164651256089,0.608,3.291,0.250,4.149,0.414,4.562
1774005164685826286,1774005164681227002,0.785,2.677,0.146,3.608,0.580,4.188
1774005164705557268,1774005164701201445,0.690,2.625,0.243,3.558,0.287,3.845
1774005164736200353,1774005164731463691,0.538,2.974,0.648,4.161,0.019,4.180
1774005164757468356,1774005164751282196,0.735,4.336,0.354,5.425,0.419,5.844
1774005164786076236,1774005164781315157,1.156,2.875,0.212,4.244,0.039,4.283
1774005164806903335,1774005164801320737,0.479,3.889,0.402,4.771,0.278,5.049
1774005164836215707,1774005164831239713,0.559,3.133,0.669,4.361,0.231,4.591
1774005164855547803,1774005164851388399,1.284,2.269,0.018,3.572,0.014,3.586
1774005164889359361,1774005164881319087,0.134,6.940,0.037,7.111,0.085,7.196
1774005164907854098,1774005164901718946,1.481,2.858,0.063,4.402,0.389,4.791
1774005164936479738,1774005164932145323,0.524,2.949,0.265,3.739,0.118,3.857
1774005164956123583,1774005164951361736,0.756,2.760,0.405,3.922,0.371,4.293
1774005164986386213,1774005164981314569,0.790,2.740,0.420,3.950,0.360,4.311
1774005165005511777,1774005165001282548,0.553,3.223,0.014,3.790,0.035,3.825
1774005165037013981,1774005165031604475,1.446,2.233,0.943,4.621,0.290,4.911
1774005165055795635,1774005165051242368,0.641,2.981,0.565,4.188,0.018,4.205
1774005165085893494,1774005165081225953,0.954,2.305,0.673,3.933,0.283,4.216
1774005165108198475,1774005165101242029,0.674,4.786,0.944,6.403,0.211,6.615
1774005165136861140,1774005165131242350,0.329,3.717,0.281,4.326,0.330,4.656
1774005165156039121,1774005165151334075,1.007,2.885,0.018,3.911,0.362,4.273
1774005165186487002,1774005165181603074,2.987,0.604,0.410,4.001,0.536,4.537
1774005165206644777,1774005165201231782,0.844,3.503,0.317,4.664,0.237,4.900
1774005165235920989,1774005165231367402,0.704,2.864,0.365,3.932,0.262,4.194
1774005165255846439,1774005165251192082,0.939,2.795,0.331,4.065,0.243,4.307
1774005165285715974,1774005165281251957,0.578,2.862,0.521,3.960,0.046,4.006
1774005165305341579,1774005165301211808,1.000,1.968,0.318,3.286,0.212,3.498
1774005165335859926,1774005165331538023,0.022,2.530,0.422,2.974,0.197,3.171
1774005165355317719,1774005165351200396,0.978,2.053,0.301,3.331,0.183,3.514
1774005165385636414,1774005165381222638,0.557,2.734,0.365,3.655,0.229,3.885
1774005165405330372,1774005165401213465,0.738,2.489,0.336,3.562,0.242,3.804
1774005165435284933,1774005165431186010,0.379,2.514,0.188,3.081,0.225,3.306
1774005165455727608,1774005165451231143,0.676,3.261,0.051,3.988,0.013,4.001
1774005165487201653,1774005165481213736,0.630,4.087,0.408,5.125,0.179,5.303
1774005165505333150,1774005165501227091,0.536,2.591,0.288,3.415,0.362,3.777
1774005165536189775,1774005165531208276,1.212,2.627,0.363,4.202,0.182,4.384
1774005165556395358,1774005165551220960,1.235,2.473,0.953,4.662,0.022,4.684
1774005165587476595,1774005165581235042,0.444,5.273,0.011,5.728,0.009,5.737
1774005165607221658,1774005165601224621,1.404,3.432,0.243,5.079,0.256,5.335
1774005165635888387,1774005165631222958,0.678,3.591,0.019,4.289,0.013,4.301
1774005165655838574,1774005165651241850,0.687,3.483,0.082,4.252,0.016,4.268
1774005165686305912,1774005165681238748,0.638,3.079,0.672,4.389,0.300,4.688
1774005165706582664,1774005165701222215,0.022,2.578,0.749,3.349,0.742,4.091
1774005165737371768,1774005165731278441,0.324,3.971,0.382,4.677,0.331,5.008
1774005165755771942,1774005165751268213,0.021,2.813,0.053,2.886,0.280,3.166
1774005165785583268,1774005165781238293,0.754,3.239,0.017,4.010,0.015,4.025
1774005165806012088,1774005165801280962,0.622,2.957,0.020,3.598,0.764,4.362
1774005165837727640,1774005165831537704,2.160,2.490,0.658,5.308,0.403,5.711
1774005165855774592,1774005165851305455,0.504,3.470,0.012,3.986,0.010,3.996
1774005165886819668,1774005165880411104,1.840,1.831,0.795,4.465,1.488,5.953
1774005165905039488,1774005165901279995,0.600,2.605,0.019,3.223,0.172,3.395
1774005165936656926,1774005165931227740,0.767,3.289,0.091,4.147,0.851,4.998
1774005165956137600,1774005165951273800,0.024,1.992,0.434,2.450,0.530,2.980
1774005165986018368,1774005165981252265,0.972,2.495,0.313,3.780,0.641,4.420
1774005166008503224,1774005166001719805,3.172,2.423,0.455,6.050,0.166,6.216
1774005166036234640,1774005166031450041,1.383,2.150,0.565,4.099,0.016,4.114
1774005166055818004,1774005166051270114,1.000,3.080,0.020,4.099,0.073,4.172
1774005166085706036,1774005166081217666,0.679,2.851,0.309,3.838,0.288,4.126
1774005166106588367,1774005166101246766,1.462,2.330,0.823,4.616,0.363,4.979
1774005166135734081,1774005166131205455,0.914,2.012,0.211,3.137,0.314,3.451
1774005166155714252,1774005166151249915,0.019,2.785,0.368,3.172,0.208,3.379
1774005166186409018,1774005166181247548,1.455,2.729,0.172,4.356,0.489,4.845
1774005166205749338,1774005166201224424,1.871,1.737,0.547,4.154,0.059,4.213
1774005166235551288,1774005166231244137,0.690,2.798,0.234,3.722,0.212,3.935
1774005166255988491,1774005166251185332,0.586,3.330,0.252,4.168,0.212,4.379
1774005166278998349,1774005166273236453,1.890,1.596,0.383,3.869,0.595,4.463
1774005166304636351,1774005166300166318,0.524,2.803,0.531,3.859,0.259,4.117
1774005166336213373,1774005166331247811,4.476,0.025,0.012,4.513,0.013,4.526
1774005166356106215,1774005166351237519,1.650,2.057,0.797,4.504,0.018,4.522
1774005166385747746,1774005166380571812,0.943,3.118,0.583,4.644,0.199,4.843
1774005166406547772,1774005166401471200,1.133,2.552,0.249,3.933,0.497,4.430
1774005166435856113,1774005166431183964,1.248,2.866,0.018,4.133,0.182,4.315
1774005166456226851,1774005166451282985,0.814,3.209,0.487,4.509,0.017,4.526
1774005166485837405,1774005166481309611,0.512,2.003,0.353,2.868,0.488,3.356
1774005166505453186,1774005166501218869,0.559,2.849,0.168,3.576,0.244,3.819
1774005166536783995,1774005166531202422,1.407,2.167,0.501,4.075,1.178,5.253
1774005166567673709,1774005166561242296,0.922,4.394,0.301,5.618,0.242,5.860
1774005166588689323,1774005166581425319,1.477,3.699,0.071,5.247,1.552,6.799
1774005166616673320,1774005166611748782,0.313,2.895,0.922,4.130,0.023,4.153
1774005166635802339,1774005166631188783,0.615,3.070,0.190,3.875,0.365,4.240
1774005166670010545,1774005166661215409,0.022,6.480,0.556,7.057,0.654,7.711
1774005166687130056,1774005166681191772,0.948,3.452,0.644,5.045,0.513,5.558
1774005166716391388,1774005166711203678,1.271,2.715,0.153,4.140,0.418,4.558
1774005166736312358,1774005166731187497,1.499,3.178,0.017,4.695,0.015,4.710
1774005166766376553,1774005166761194635,0.940,2.614,0.632,4.185,0.547,4.732
1774005166785930604,1774005166781186134,1.408,2.106,0.273,3.786,0.608,4.394
1774005166815837260,1774005166811190583,0.022,2.470,0.547,3.039,0.417,3.457
1774005166835977178,1774005166831215779,0.420,2.991,0.471,3.882,0.377,4.259
1774005166866318370,1774005166861212773,0.639,3.094,0.688,4.421,0.261,4.682
1774005166887131004,1774005166881222864,1.072,3.959,0.170,5.202,0.321,5.523
1774005166915856390,1774005166911538488,0.871,2.229,0.638,3.738,0.020,3.758
1774005166936766658,1774005166931420513,0.586,3.292,0.490,4.368,0.382,4.750
1774005166967501969,1774005166961752520,1.098,2.412,0.403,3.914,1.083,4.997
1774005166985798429,1774005166981180489,0.703,3.010,0.380,4.093,0.199,4.292
1774005167005293568,1774005167001183925,0.583,1.965,0.196,2.744,0.287,3.031
1774005167035784842,1774005167031196727,0.613,2.899,0.682,4.195,0.048,4.242
1774005167055751957,1774005167051179938,0.586,3.217,0.350,4.154,0.018,4.172
1774005167086930924,1774005167081185187,1.687,2.310,0.810,4.807,0.600,5.406
1774005167106013703,1774005167101284625,1.175,2.444,0.246,3.866,0.251,4.117
1774005167136786710,1774005167131534103,1.084,2.266,0.780,4.130,0.667,4.797
1774005167156690144,1774005167151339711,0.553,2.781,0.390,3.724,1.230,4.953
1774005167187733812,1774005167181214526,1.006,4.340,0.804,6.150,0.015,6.165
1774005167206563242,1774005167201186441,1.097,2.705,0.333,4.135,0.933,5.068
1774005167236616493,1774005167231184650,0.680,2.871,0.936,4.487,0.636,5.123
1774005167256209905,1774005167251294456,0.653,2.916,0.262,3.832,0.410,4.241
1774005167285275105,1774005167281359514,0.717,2.817,0.015,3.549,0.016,3.565
1774005167306551844,1774005167301200611,0.630,3.969,0.406,5.005,0.016,5.022
1774005167335095371,1774005167331185668,0.603,2.910,0.017,3.530,0.015,3.545
1774005167357494114,1774005167351201360,1.154,2.963,0.714,4.831,1.151,5.982
1774005167386600211,1774005167381189553,0.605,3.482,0.974,5.062,0.025,5.087
1774005167408401824,1774005167401185692,2.209,3.669,0.939,6.817,0.029,6.846
1774005167436724066,1774005167431279167,0.767,3.254,0.015,4.037,0.676,4.712
1774005167456654029,1774005167451414733,0.688,4.126,0.022,4.837,0.016,4.853
1774005167487379899,1774005167481558257,1.630,1.999,1.661,5.290,0.019,5.309
1774005167508698847,1774005167501200342,0.989,4.909,1.152,7.049,0.023,7.073
1774005167536485368,1774005167531170231,0.524,2.996,1.124,4.644,0.023,4.667
1774005167557423508,1774005167551180707,1.271,3.030,0.575,4.876,0.915,5.791
1774005167586712169,1774005167581182916,1.329,2.067,1.553,4.949,0.193,5.143
1774005167606543345,1774005167601183472,1.027,2.765,0.358,4.150,0.544,4.694
1774005167635314652,1774005167631191569,0.337,2.974,0.021,3.331,0.018,3.349
1774005167656307802,1774005167651185149,0.685,2.723,0.815,4.224,0.473,4.697
1774005167687364335,1774005167681241023,0.601,3.075,0.285,3.961,1.560,5.521
1774005167705926592,1774005167701182410,0.577,3.680,0.022,4.278,0.020,4.299
1774005167735709725,1774005167731162379,1.717,1.556,0.638,3.910,0.283,4.194
1774005167755575591,1774005167751190871,0.655,2.594,0.070,3.319,0.676,3.994
1774005167786205139,1774005167781198552,0.654,3.415,0.016,4.085,0.581,4.665
1774005167805998459,1774005167801206212,0.053,2.634,0.295,2.982,0.441,3.423
1774005167836486565,1774005167831213893,0.023,3.050,0.197,3.270,0.278,3.548
1774005167855854885,1774005167851236401,0.020,1.841,0.313,2.173,0.472,2.645
1774005167886492914,1774005167881207186,1.008,2.690,0.522,4.219,0.769,4.988
1774005167905912627,1774005167901204894,0.025,2.086,1.152,3.263,0.021,3.284
1774005167936243355,1774005167931272256,0.378,3.625,0.018,4.020,0.314,4.334
1774005167955976417,1774005167951192138,0.685,3.385,0.008,4.079,0.015,4.094
1774005167986136550,1774005167981192396,0.653,3.920,0.008,4.581,0.013,4.594
1774005168005527750,1774005168001196503,0.646,2.971,0.402,4.019,0.016,4.035
1774005168036248565,1774005168031186585,0.545,2.962,0.122,3.629,0.992,4.621
1774005168066558268,1774005168061185946,0.461,2.992,0.654,4.108,0.708,4.816
1774005168086703754,1774005168081179781,1.081,2.583,0.360,4.024,1.188,5.212
1774005168116178178,1774005168111210599,0.493,2.745,1.023,4.261,0.047,4.309
1774005168137586919,1774005168131173714,1.575,3.394,0.887,5.857,0.017,5.874
1774005168166636279,1774005168161170100,1.347,3.284,0.023,4.654,0.507,5.161
1774005168189742491,1774005168181389763,0.193,5.821,0.376,6.389,0.978,7.367
1774005168215919991,1774005168211216705,1.195,3.057,0.018,4.270,0.015,4.285
1774005168236261385,1774005168231170252,0.860,3.823,0.035,4.718,0.020,4.738
1774005168265933956,1774005168261228430,1.110,2.243,0.663,4.016,0.022,4.038
1774005168286113747,1774005168281170169,1.626,2.350,0.591,4.567,0.017,4.584
1774005168315774030,1774005168311184859,0.728,2.353,0.405,3.486,0.718,4.204
1774005168336230914,1774005168331197030,0.826,2.585,0.612,4.022,0.689,4.711
1774005168366116609,1774005168361223272,1.202,2.695,0.610,4.507,0.024,4.531
1774005168386263983,1774005168381186035,0.681,3.244,0.317,4.241,0.393,4.634
1774005168416239888,1774005168411180084,0.832,3.316,0.087,4.236,0.464,4.700
1774005168435627697,1774005168431158752,0.754,2.828,0.025,3.607,0.503,4.110
1774005168465882551,1774005168461201570,0.777,2.926,0.278,3.980,0.350,4.330
1774005168486315434,1774005168481538323,0.889,2.441,0.954,4.284,0.047,4.332
1774005168515964869,1774005168511195055,0.697,2.849,0.867,4.413,0.018,4.432
1774005168535773965,1774005168531218907,0.917,2.756,0.533,4.206,0.014,4.220
1774005168566833986,1774005168561174427,1.417,2.466,0.524,4.406,0.904,5.311
1774005168586233571,1774005168581300841,0.698,3.480,0.017,4.195,0.048,4.244
1774005168617857953,1774005168611317995,0.577,3.189,0.258,4.025,1.380,5.404
1774005168635901161,1774005168631686205,1.371,2.332,0.019,3.721,0.014,3.736
1774005168666152687,1774005168661338616,0.971,2.670,0.295,3.936,0.393,4.329
1774005168685701939,1774005168681168064,0.023,2.646,0.020,2.689,0.796,3.485
1774005168716841513,1774005168711188098,1.012,4.245,0.020,5.278,0.014,5.292
1774005168736299659,1774005168731159757,0.591,2.676,0.403,3.671,1.109,4.780
1774005168765319098,1774005168761251312,0.549,3.049,0.021,3.620,0.074,3.694
1774005168785927569,1774005168781170650,0.022,2.328,0.496,2.846,0.880,3.726
1774005168816790690,1774005168811161627,1.129,2.637,0.364,4.130,0.486,4.617
1774005168839546175,1774005168834538596,1.729,2.580,0.018,4.327,0.314,4.641
1774005168865515544,1774005168861206409,0.617,2.622,0.304,3.543,0.260,3.802
1774005168884337710,1774005168879405492,0.019,2.258,0.333,2.610,0.787,3.397
1774005168915316129,1774005168911155829,0.022,2.844,0.014,2.880,0.014,2.894
1774005168935355789,1774005168931162529,1.054,2.075,0.200,3.329,0.341,3.670
1774005168967042253,1774005168961212323,0.960,3.255,0.976,5.192,0.032,5.224
1774005168986146056,1774005168981214639,0.541,2.941,0.592,4.074,0.484,4.558
1774005169017465826,1774005169011294354,0.729,3.052,1.489,5.270,0.036,5.306
1774005169036834402,1774005169031219804,0.669,3.023,0.059,3.752,1.317,5.069
1774005169066635424,1774005169061173884,0.909,3.760,0.168,4.837,0.022,4.859
1774005169087223990,1774005169081361515,0.588,3.001,0.557,4.146,0.621,4.767
1774005169116549899,1774005169111243691,0.737,2.814,0.331,3.882,1.012,4.894
1774005169136493270,1774005169131719903,1.522,2.273,0.267,4.062,0.026,4.088
1774005169166630329,1774005169161175574,0.525,3.626,0.581,4.732,0.343,5.075
1774005169185650067,1774005169181169730,0.548,2.608,0.563,3.719,0.421,4.140
1774005169215724982,1774005169211163939,1.135,2.031,0.553,3.719,0.463,4.182
1774005169236247691,1774005169231178479,0.817,2.447,0.948,4.213,0.337,4.550
1774005169266176555,1774005169261185904,0.463,3.364,0.288,4.115,0.347,4.462
1774005169286052404,1774005169280884663,0.834,2.720,0.769,4.323,0.528,4.850
1774005169315477195,1774005169311165149,0.631,2.715,0.275,3.620,0.196,3.816
1774005169338808403,1774005169331155176,0.920,6.302,0.084,7.307,0.007,7.314
1774005169367156247,1774005169361189866,1.082,3.389,0.512,4.984,0.635,5.618
1774005169387817134,1774005169381160405,0.569,1.890,0.818,3.277,1.394,4.671
1774005169416201522,1774005169411171127,0.203,2.781,0.037,3.020,1.124,4.144
1774005169437098062,1774005169431136930,0.026,2.926,0.766,3.718,0.984,4.702
1774005169466547558,1774005169461190052,0.061,2.999,1.381,4.441,0.025,4.466
1774005169486023272,1774005169481174640,1.622,2.027,0.425,4.074,0.446,4.521
1774005169517083612,1774005169511178417,0.062,3.258,1.126,4.446,0.591,5.037
1774005169541595930,1774005169531188669,0.865,8.165,0.540,9.570,0.468,10.038
1774005169566248730,1774005169561789257,0.743,2.879,0.177,3.799,0.256,4.055
1774005169588659666,1774005169581810037,0.677,4.566,0.269,5.512,0.447,5.959
1774005169616753904,1774005169611334478,1.043,2.463,1.011,4.518,0.023,4.541
1774005169636113712,1774005169631194231,1.044,2.735,0.727,4.505,0.105,4.610
1774005169666225332,1774005169661168696,1.313,2.639,0.670,4.621,0.056,4.677
1774005169685538419,1774005169681180643,0.561,2.636,0.515,3.712,0.312,4.024
1774005169716061726,1774005169711186501,0.670,2.921,0.716,4.307,0.239,4.546
1774005169735871910,1774005169731180848,0.696,2.845,0.716,4.258,0.104,4.362
1774005169765418943,1774005169761188114,0.605,2.811,0.466,3.882,0.018,3.900
1774005169785865811,1774005169781207422,0.969,2.598,0.189,3.757,0.528,4.284
1774005169815855956,1774005169811183199,1.305,2.457,0.183,3.945,0.406,4.351
1774005169836382025,1774005169831193035,1.092,2.991,0.759,4.842,0.020,4.862
1774005169867555936,1774005169861522962,2.200,1.833,1.002,5.035,0.518,5.552
1774005169887203461,1774005169881187063,0.817,4.155,0.023,4.995,0.712,5.707
1774005169915898062,1774005169911185945,0.233,2.917,0.289,3.439,0.382,3.821
1774005169937100240,1774005169931642701,0.022,3.157,0.765,3.944,0.399,4.343
1774005169967110577,1774005169961224230,0.841,3.284,0.464,4.589,0.623,5.212
1774005169984871316,1774005169981168209,0.101,2.635,0.020,2.756,0.015,2.771
1774005170015989354,1774005170011173618,0.545,3.108,0.478,4.131,0.245,4.376
1774005170035649327,1774005170031172446,0.589,2.652,0.641,3.881,0.273,4.154
1774005170065632112,1774005170061131775,0.617,2.771,0.302,3.689,0.484,4.173
1774005170086185958,1774005170081174763,0.022,1.974,1.074,3.070,0.281,3.351
1774005170118162283,1774005170111201613,0.713,4.916,0.368,5.998,0.425,6.423
1774005170135327747,1774005170131215801,0.527,3.143,0.022,3.691,0.014,3.705
1774005170165847214,1774005170161202938,0.710,3.525,0.015,4.249,0.013,4.262
1774005170185939772,1774005170181193253,0.668,3.721,0.020,4.409,0.016,4.425
1774005170215174991,1774005170211195111,0.853,2.207,0.017,3.077,0.014,3.092
1774005170236014090,1774005170231343829,0.021,2.644,0.229,2.894,0.488,3.382
1774005170266003467,1774005170261190516,0.749,3.007,0.194,3.950,0.521,4.472
1774005170295815113,1774005170291155540,1.081,2.855,0.047,3.983,0.301,4.284
1774005170317857402,1774005170311174624,1.486,3.638,0.570,5.693,0.600,6.294
1774005170347858331,1774005170341160513,0.142,2.926,2.485,5.553,0.024,5.576
1774005170365470043,1774005170361157165,0.999,2.917,0.019,3.935,0.014,3.949
1774005170395447164,1774005170391195247,1.460,2.112,0.284,3.857,0.099,3.956
1774005170412309935,1774005170407681371,1.526,1.843,0.650,4.019,0.242,4.262
1774005170446428347,1774005170441195740,0.758,2.413,0.419,3.589,1.332,4.922
1774005170466319653,1774005170461213736,1.597,2.236,0.657,4.490,0.049,4.539
1774005170496469033,1774005170491424333,1.439,3.201,0.016,4.656,0.042,4.698
1774005170515946795,1774005170511123987,1.071,3.412,0.062,4.545,0.007,4.552
1774005170546327443,1774005170541146293,0.036,1.112,0.413,1.561,1.148,2.709
1774005170565677939,1774005170561101728,0.759,2.606,0.019,3.383,0.823,4.206
1774005170595646452,1774005170591142562,1.236,1.924,0.632,3.793,0.348,4.141
1774005170616250314,1774005170611160782,1.012,2.619,1.031,4.662,0.019,4.681
1774005170646126506,1774005170641202896,0.844,3.182,0.018,4.043,0.489,4.532
1774005170666235351,1774005170661169595,0.700,3.076,0.230,4.006,0.230,4.236
1774005170696477917,1774005170691273694,0.798,3.678,0.019,4.495,0.016,4.510
1774005170719824421,1774005170711178312,1.481,6.760,0.014,8.254,0.007,8.261
1774005170748620465,1774005170741157673,0.024,5.855,0.443,6.321,0.060,6.381
1774005170765816457,1774005170761226070,0.995,2.009,0.409,3.413,0.298,3.711
1774005170796065263,1774005170791176054,1.248,2.347,0.279,3.875,0.254,4.129
1774005170816267839,1774005170811542057,0.025,2.527,0.017,2.569,0.040,2.609
1774005170846546629,1774005170841194468,0.912,2.550,0.366,3.827,0.588,4.415
1774005170867813416,1774005170861390195,1.673,2.140,0.601,4.413,0.018,4.431
1774005170898284882,1774005170891201681,0.773,5.680,0.019,6.472,0.017,6.489
1774005170915835153,1774005170911172668,0.019,2.549,0.361,2.929,0.520,3.450
1774005170945471307,1774005170941174333,1.252,2.245,0.112,3.609,0.252,3.861
1774005170965959072,1774005170961215818,0.402,3.459,0.017,3.878,0.038,3.916
1774005170995633915,1774005170991150410,0.533,3.039,0.496,4.068,0.047,4.115
1774005171019687537,1774005171014802136,0.674,3.153,0.331,4.158,0.330,4.489
1774005171045567367,1774005171041201400,0.213,1.788,0.294,2.295,0.378,2.673
1774005171065553746,1774005171061120642,0.703,2.347,0.968,4.017,0.024,4.041
1774005171095438066,1774005171091133412,0.317,2.521,0.083,2.921,0.333,3.254
1774005171116473296,1774005171111167792,0.771,2.557,0.935,4.262,0.200,4.463
1774005171145426463,1774005171141151473,1.290,2.565,0.019,3.875,0.062,3.937
1774005171165976404,1774005171161134844,1.499,2.364,0.531,4.394,0.128,4.522
1774005171195538990,1774005171191136158,0.679,2.750,0.331,3.760,0.251,4.011
1774005171215526393,1774005171211166826,0.909,2.903,0.016,3.828,0.014,3.842
1774005171246852626,1774005171241178059,0.166,3.295,0.393,3.855,0.879,4.734
1774005171265930733,1774005171261260568,0.815,2.923,0.040,3.779,0.421,4.200
1774005171295785964,1774005171291208729,0.408,2.812,0.168,3.388,0.245,3.633
1774005171315626677,1774005171311397032,1.385,2.139,0.017,3.540,0.258,3.799
1774005171345715832,1774005171341138437,0.942,3.178,0.021,4.141,0.016,4.157
1774005171366595539,1774005171361115792,0.114,3.159,0.020,3.293,0.014,3.307
1774005171395545954,1774005171391145586,1.724,2.319,0.016,4.059,0.052,4.112
1774005171416065207,1774005171411152413,1.718,2.804,0.018,4.540,0.077,4.616
1774005171450478536,1774005171441180799,0.020,2.568,4.119,6.707,0.319,7.026
1774005171466105284,1774005171461184075,1.422,2.691,0.244,4.356,0.247,4.604
1774005171495428090,1774005171491201517,1.481,1.947,0.151,3.580,0.217,3.797
1774005171515867181,1774005171511193816,1.970,1.755,0.326,4.050,0.324,4.374
1774005171545946864,1774005171541157945,1.113,2.657,0.213,3.983,0.292,4.275
1774005171566134783,1774005171561229830,0.646,2.694,0.500,3.839,0.152,3.991
1774005171596185281,1774005171591160422,1.632,2.999,0.016,4.647,0.042,4.689
1774005171620815265,1774005171611158130,0.068,2.861,5.382,8.311,0.028,8.339
1774005171646603638,1774005171641289589,1.838,1.639,0.601,4.078,0.835,4.914
1774005171665895445,1774005171661245088,1.004,2.687,0.340,4.031,0.199,4.230
1774005171696578850,1774005171691195009,1.222,2.663,0.479,4.365,0.651,5.016
1774005171717105784,1774005171711183468,0.021,2.146,0.612,2.779,0.813,3.592
1774005171745854242,1774005171741141741,0.021,2.668,0.410,3.099,0.626,3.725
1774005171766102130,1774005171761203033,1.316,2.791,0.098,4.205,0.358,4.562
1774005171795694988,1774005171791149050,0.943,2.785,0.126,3.853,0.340,4.193
1774005171816256162,1774005171811159654,0.023,3.155,0.340,3.518,0.552,4.070
1774005171847054578,1774005171841213768,0.579,3.530,0.857,4.966,0.421,5.387
1774005171865959658,1774005171861154802,1.550,2.278,0.278,4.106,0.360,4.466
1774005171895535523,1774005171891104595,0.557,3.056,0.218,3.832,0.271,4.102
1774005171915570768,1774005171911271842,0.025,2.013,0.421,2.458,0.443,2.901
1774005171947889755,1774005171941151937,1.027,3.113,0.222,4.363,1.879,6.242
1774005171966085734,1774005171961139692,0.701,2.836,0.138,3.675,0.444,4.119
1774005171996171753,1774005171991209935,1.064,2.073,0.931,4.068,0.387,4.455
1774005172016481562,1774005172011391166,0.889,3.125,0.011,4.025,0.771,4.796
1774005172047120039,1774005172041397599,0.698,2.645,0.181,3.524,1.807,5.331
1774005172066967216,1774005172061112998,0.589,3.445,0.743,4.777,0.745,5.522
1774005172096830511,1774005172091181256,1.101,2.463,1.104,4.669,0.024,4.693
1774005172115799880,1774005172111222837,0.582,2.852,0.114,3.548,0.269,3.817
1774005172147218595,1774005172141443706,1.419,3.597,0.017,5.033,0.461,5.494
1774005172166859176,1774005172161164385,1.210,2.820,0.532,4.561,0.477,5.039
1774005172197155055,1774005172191557769,0.681,3.209,1.305,5.196,0.019,5.214
1774005172216814484,1774005172211178414,1.355,2.802,0.424,4.581,0.710,5.292
1774005172247027738,1774005172241233616,1.105,2.695,1.422,5.222,0.145,5.367
1774005172266553533,1774005172261178747,0.870,3.241,0.062,4.174,0.273,4.446
1774005172293902126,1774005172288905715,1.111,2.752,0.286,4.149,0.466,4.615
1774005172318123174,1774005172311197064,0.667,3.082,0.829,4.579,1.383,5.962
1774005172576291420,1774005172561137416,1.762,2.359,10.435,14.557,0.029,14.586
1774005172595444376,1774005172591098857,0.554,2.666,0.209,3.429,0.506,3.935
1774005172619147143,1774005172611171190,0.023,6.438,0.018,6.479,0.013,6.492
1774005172647637549,1774005172641132151,0.513,4.258,1.328,6.099,0.074,6.173
1774005172665979418,1774005172661248036,0.022,2.907,0.606,3.535,0.020,3.554
1774005172696922765,1774005172691298887,0.839,2.653,1.442,4.934,0.017,4.951
1774005172716635571,1774005172711200400,0.511,2.918,0.809,4.238,0.829,5.068
1774005172746739479,1774005172741145393,1.123,2.363,0.529,4.014,1.265,5.279
1774005172775944009,1774005172771098481,1.586,2.038,0.324,3.948,0.408,4.356
1774005172795359370,1774005172791143262,1.595,2.103,0.020,3.717,0.066,3.783
1774005172827320080,1774005172821149503,0.056,3.374,0.391,3.821,0.251,4.072
1774005172848760629,1774005172841156939,0.310,5.429,0.600,6.338,0.250,6.588
1774005172875622814,1774005172871148876,0.843,2.819,0.019,3.682,0.401,4.082
1774005172895472391,1774005172891167256,1.145,2.239,0.491,3.875,0.020,3.896
1774005172926123892,1774005172921583745,2.386,1.101,0.582,4.069,0.020,4.089
1774005172946542407,1774005172941157061,1.184,2.754,0.223,4.161,0.830,4.990
1774005172975962014,1774005172971202663,0.820,2.384,0.262,3.466,0.459,3.925
1774005172995510497,1774005172991170034,0.496,2.563,0.271,3.329,0.370,3.699
1774005173371481909,1774005173361112120,1.096,2.572,5.825,9.494,0.436,9.930
1774005173397579087,1774005173391154938,1.781,2.886,0.943,5.610,0.429,6.039
1774005173416650794,1774005173411126245,0.463,3.463,1.125,5.052,0.022,5.073
1774005173446780526,1774005173441131399,0.561,3.100,0.623,4.284,1.038,5.322
1774005173466001675,1774005173461146995,0.753,3.072,0.677,4.502,0.024,4.525
1774005173497560041,1774005173491139476,0.634,2.735,0.730,4.099,1.631,5.730
1774005173517783129,1774005173511166208,0.962,4.102,0.786,5.850,0.408,6.258
1774005173546437057,1774005173541153505,0.248,2.744,0.557,3.549,1.165,4.714
1774005173565472892,1774005173561176429,0.024,2.465,0.459,2.947,0.024,2.971
1774005174172209683,1774005174141073308,0.785,4.328,25.448,30.562,0.098,30.660
1774005174177547348,1774005174171486917,1.058,2.762,0.012,3.832,0.014,3.846
1774005174197233113,1774005174191170891,1.821,2.386,0.932,5.139,0.022,5.161
1774005174225429146,1774005174221170957,1.726,2.119,0.018,3.863,0.013,3.876
1774005174648275330,1774005174641248386,0.969,2.876,1.936,5.780,0.546,6.326
1774005174679758558,1774005174672358360,1.793,1.775,2.346,5.914,0.925,6.839
1774005174696422253,1774005174691218991,0.026,3.304,0.235,3.565,0.490,4.056
1774005174732061941,1774005174721278161,5.592,3.131,0.720,9.443,0.903,10.346
1774005174746988005,1774005174741164283,1.914,1.925,1.577,5.416,0.022,5.438
1774005174777658002,1774005174771250686,1.486,2.642,0.455,4.583,0.061,4.644
1774005174796120258,1774005174791095239,1.063,2.734,0.855,4.652,0.020,4.673
1774005174825813534,1774005174821161513,0.507,3.463,0.026,3.995,0.051,4.047
1774005174846969854,1774005174841122964,0.803,3.133,0.217,4.153,1.331,5.484
1774005174876151601,1774005174871123382,1.129,2.430,1.015,4.574,0.114,4.688
1774005174895329006,1774005174891134625,0.583,3.038,0.045,3.666,0.225,3.891
1774005175016029536,1774005174991154908,1.479,2.155,20.769,24.403,0.037,24.440
1774005175026668674,1774005175021120093,0.026,2.783,0.861,3.670,0.542,4.212
1774005175045123121,1774005175041126632,0.063,1.953,0.090,2.106,0.350,2.456
1774005175077451165,1774005175071166827,1.426,3.565,0.645,5.637,0.129,5.765
1774005175095356770,1774005175091129846,0.397,2.775,0.285,3.458,0.339,3.797
1774005175125581736,1774005175121124599,0.027,2.570,0.562,3.158,0.057,3.215
1774005175145347215,1774005175141113474,0.532,2.712,0.055,3.300,0.582,3.882
1774005175174996554,1774005175171119044,0.696,2.425,0.327,3.448,0.062,3.510
1774005175195362493,1774005175191144464,0.176,2.339,0.838,3.353,0.018,3.372
1774005175227042589,1774005175221162418,1.425,3.147,0.582,5.154,0.224,5.378
1774005175248810856,1774005175241532292,0.531,4.892,1.027,6.450,0.446,6.896
1774005175275455021,1774005175271142046,0.507,2.696,0.316,3.519,0.286,3.806
1774005175293162671,1774005175289194951,0.330,2.415,0.355,3.100,0.353,3.453
1774005175324972113,1774005175321182316,0.023,1.655,0.014,1.692,0.320,2.012
1774005175345294243,1774005175341124887,0.530,2.375,0.862,3.767,0.040,3.807
1774005175375504040,1774005175371125048,0.575,2.755,0.536,3.866,0.017,3.883
1774005175395430834,1774005175391101988,0.726,3.191,0.016,3.933,0.069,4.003
1774005175425980190,1774005175421130757,0.067,3.495,0.347,3.909,0.134,4.043
1774005175445740581,1774005175441125649,0.860,3.375,0.020,4.255,0.014,4.269
1774005175477857293,1774005175471472217,0.670,3.859,1.411,5.940,0.048,5.988
1774005175494561245,1774005175491117822,1.130,1.713,0.016,2.859,0.232,3.091
1774005175525718579,1774005175521169888,1.226,2.535,0.231,3.992,0.045,4.037
1774005175542511716,1774005175538100148,1.126,1.994,0.306,3.427,0.412,3.839
1774005175577320445,1774005175571166157,1.797,2.909,0.019,4.724,0.941,5.665
1774005175595498664,1774005175591113400,0.571,2.980,0.211,3.762,0.262,4.024
1774005175623534757,1774005175617838238,0.787,3.452,0.056,4.295,0.381,4.676
1774005175655791504,1774005175651159900,0.885,2.972,0.193,4.050,0.236,4.286
1774005175676499880,1774005175671111526,0.844,2.788,0.507,4.139,0.898,5.036
1774005175705524376,1774005175701136680,0.708,2.979,0.014,3.700,0.294,3.993
1774005175725842410,1774005175721139540,0.796,2.862,0.363,4.021,0.365,4.386
1774005175756094320,1774005175751189430,0.822,3.034,0.205,4.061,0.356,4.417
1774005175775469008,1774005175771148769,1.564,1.866,0.240,3.670,0.256,3.926
1774005175795604062,1774005175791111724,0.957,2.662,0.246,3.865,0.216,4.081
1774005175825652608,1774005175821143982,0.461,2.838,0.217,3.516,0.549,4.065
1774005175846832545,1774005175841153978,1.067,2.104,1.901,5.072,0.284,5.356
1774005175875859153,1774005175871128571,0.388,2.884,0.198,3.470,0.636,4.106
1774005175895601720,1774005175891164327,1.285,2.139,0.608,4.031,0.021,4.052
1774005175926065666,1774005175921180649,1.163,3.060,0.028,4.251,0.017,4.268
1774005175948501914,1774005175941118484,0.967,2.682,2.051,5.700,1.247,6.948
1774005175976441910,1774005175971243415,0.600,3.074,0.561,4.235,0.214,4.448
1774005175995234444,1774005175991093056,0.525,2.242,0.584,3.350,0.430,3.780
1774005176026220127,1774005176021110210,0.778,2.590,1.389,4.757,0.024,4.781
1774005176050278452,1774005176041145838,0.290,7.164,1.010,8.465,0.025,8.490
1774005176075694114,1774005176071136624,0.575,2.832,0.724,4.131,0.023,4.154
1774005176095844977,1774005176091081498,0.635,3.007,0.659,4.301,0.049,4.350
1774005176126042710,1774005176121245983,0.421,2.736,0.414,3.571,0.339,3.910
1774005176147075028,1774005176141159657,0.563,4.116,0.022,4.701,0.851,5.552
1774005176177165591,1774005176171340878,0.919,3.037,0.511,4.467,0.983,5.449
1774005176195719209,1774005176191181174,2.563,1.484,0.018,4.066,0.015,4.081
1774005176226644187,1774005176221164279,0.290,2.758,0.694,3.742,1.064,4.806
1774005176247116591,1774005176241172931,0.025,3.441,0.306,3.771,1.146,4.917
1774005176276292610,1774005176271146500,0.745,3.274,0.497,4.516,0.195,4.711
1774005176296204268,1774005176291170832,0.581,3.015,0.442,4.039,0.567,4.606
1774005176325718468,1774005176321210706,0.028,2.045,0.238,2.310,0.296,2.607
1774005176347757589,1774005176341308608,0.282,3.903,0.020,4.205,0.688,4.892
1774005176375665169,1774005176371156831,1.239,2.284,0.523,4.047,0.147,4.193
1774005176396399530,1774005176391137194,0.661,3.485,0.443,4.588,0.245,4.833
1774005176426051717,1774005176421121547,1.273,2.851,0.110,4.234,0.276,4.510
1774005176446730941,1774005176441242681,1.064,2.423,0.509,3.996,1.118,5.114
1774005176475790381,1774005176471136024,0.780,2.742,0.294,3.816,0.247,4.063
1774005176496043581,1774005176491235686,1.148,2.215,0.913,4.276,0.050,4.326
1774005176525634071,1774005176521119141,0.996,2.444,0.196,3.635,0.529,4.164
1774005176555705562,1774005176551207144,0.022,2.456,0.402,2.879,0.289,3.168
1774005176576558453,1774005176571226452,0.023,3.139,0.254,3.416,0.732,4.148
1774005176605781640,1774005176601167061,0.951,2.523,0.296,3.770,0.424,4.195
1774005176625491663,1774005176621201057,0.787,2.725,0.019,3.532,0.114,3.645
1774005176655690804,1774005176651149025,0.232,2.814,0.420,3.466,0.206,3.672
1774005176675177878,1774005176671114988,1.058,2.095,0.017,3.171,0.266,3.437
1774005176705006613,1774005176701112622,0.573,2.905,0.017,3.496,0.058,3.554
1774005176726435162,1774005176721229852,0.904,2.624,0.498,4.026,0.567,4.593
1774005176756917252,1774005176751136539,0.600,3.291,0.271,4.163,0.459,4.621
1774005176775968159,1774005176771160135,0.895,2.543,0.447,3.885,0.358,4.243
1774005176805838782,1774005176801109128,0.574,2.924,0.020,3.518,0.863,4.381
1774005176825869034,1774005176821075827,1.245,2.638,0.103,3.986,0.435,4.421
1774005176855844107,1774005176851165558,1.168,2.294,0.355,3.817,0.475,4.292
1774005176876112060,1774005176871202498,1.759,2.134,0.108,4.001,0.365,4.366
1774005176905970298,1774005176901126178,0.650,3.206,0.324,4.180,0.289,4.469
1774005176926887927,1774005176922475495,0.668,2.676,0.300,3.644,0.366,4.010
1774005176956313198,1774005176951135280,1.713,2.172,0.149,4.035,0.384,4.419
1774005176975940595,1774005176971129275,1.202,2.023,0.239,3.464,0.746,4.210
1774005177009368050,1774005177001176126,0.641,5.703,1.333,7.677,0.023,7.700
1774005177026125859,1774005177021131592,1.234,2.131,0.973,4.337,0.018,4.355
1774005177056297288,1774005177051138442,0.637,3.501,0.034,4.172,0.459,4.631
1774005177075112414,1774005177071174870,0.793,2.591,0.049,3.434,0.140,3.573
1774005177105590824,1774005177101204664,0.941,2.360,0.449,3.750,0.264,4.015
1774005177125556787,1774005177121154211,0.476,2.634,0.585,3.695,0.187,3.882
1774005177156321058,1774005177151140196,0.558,2.952,0.244,3.753,1.034,4.787
1774005177177138621,1774005177171262098,1.188,2.814,0.242,4.244,0.799,5.043
1774005177206011146,1774005177201243507,0.606,3.161,0.278,4.046,0.338,4.383
1774005177226554303,1774005177221230687,0.167,2.913,0.692,3.772,0.805,4.577
1774005177256567681,1774005177251191615,0.024,2.643,0.022,2.690,0.409,3.098
1774005177276049251,1774005177271154666,0.736,3.169,0.135,4.040,0.356,4.396
1774005177306638960,1774005177301165068,0.671,3.359,0.579,4.610,0.519,5.129
1774005177326325846,1774005177321318170,0.560,3.193,0.451,4.204,0.406,4.611
1774005177356634237,1774005177351146617,0.986,2.884,0.771,4.640,0.481,5.121
1774005177376500102,1774005177371149797,1.290,1.859,0.870,4.020,0.889,4.909
1774005177406054943,1774005177401131526,0.454,3.024,0.527,4.005,0.487,4.492
1774005177425729125,1774005177421166546,0.631,2.178,0.666,3.475,0.362,3.837
1774005177456737977,1774005177451098098,2.206,1.823,0.329,4.358,0.840,5.198
1774005177476462815,1774005177471137375,0.784,2.622,1.088,4.494,0.269,4.762
1774005177505788021,1774005177501132768,0.546,3.096,0.575,4.217,0.063,4.280
1774005177526877268,1774005177521777175,1.245,2.094,0.274,3.613,0.675,4.289
1774005177555932964,1774005177551124429,0.717,2.568,1.096,4.381,0.070,4.451
1774005177576140980,1774005177571766916,0.817,3.149,0.006,3.972,0.014,3.986
1774005177605809103,1774005177601080473,0.838,3.462,0.017,4.317,0.016,4.333
1774005177626242019,1774005177621173575,0.514,2.548,1.445,4.507,0.059,4.567
1774005177657799008,1774005177651235625,2.088,2.610,0.641,5.339,0.609,5.948
1774005177676310097,1774005177671123443,1.037,2.985,0.594,4.616,0.240,4.857
1774005177703338780,1774005177698295777,0.451,4.010,0.019,4.480,0.017,4.497
1774005177726537986,1774005177721149760,0.023,3.977,0.018,4.018,0.015,4.033
1774005177755898808,1774005177751132546,1.808,2.003,0.216,4.027,0.255,4.282
1774005177776017414,1774005177771122701,1.470,2.155,0.371,3.996,0.230,4.227
1774005177806379214,1774005177801126031,0.634,2.696,1.512,4.842,0.025,4.867
1774005177826221271,1774005177821111770,1.363,2.691,0.302,4.355,0.020,4.375
1774005177855775056,1774005177851123644,0.024,3.014,0.014,3.052,0.424,3.476
1774005177875113232,1774005177871124839,0.578,3.012,0.017,3.607,0.014,3.621
1774005177905766045,1774005177901121641,0.565,3.051,0.505,4.121,0.018,4.139
1774005177926107887,1774005177921167477,0.681,2.671,0.242,3.593,0.365,3.958
1774005177959679569,1774005177951589214,0.622,2.754,3.434,6.809,0.761,7.570
1774005177975785782,1774005177971130530,1.320,2.893,0.016,4.230,0.015,4.244
1774005178006172639,1774005178001420072,1.147,2.600,0.161,3.908,0.422,4.330
1774005178026294893,1774005178021227152,0.931,2.776,0.020,3.726,0.735,4.462
1774005178056028009,1774005178051170705,0.566,2.845,1.048,4.460,0.018,4.477
1774005178076245049,1774005178071179869,0.688,2.775,0.402,3.865,0.717,4.582
1774005178106222778,1774005178101205855,1.127,2.636,0.228,3.991,0.421,4.412
1774005178125615835,1774005178121174026,1.530,2.278,0.020,3.828,0.017,3.845
1774005178156265832,1774005178151119754,0.828,2.728,0.743,4.299,0.486,4.786
1774005178176580281,1774005178171155863,0.742,2.390,1.424,4.555,0.427,4.982
1774005178206325526,1774005178201118775,1.051,2.416,1.336,4.802,0.009,4.811
1774005178226847083,1774005178221165732,3.407,1.212,0.341,4.960,0.374,5.334
1774005178256901454,1774005178251570125,0.796,3.013,0.465,4.274,0.759,5.033
1774005178277056732,1774005178271136401,2.791,0.988,1.074,4.853,0.468,5.321
1774005178306738296,1774005178301132338,0.644,3.240,0.022,3.905,0.988,4.893
1774005178325751666,1774005178321158846,0.685,2.849,0.697,4.231,0.015,4.246
1774005178356398015,1774005178351140351,0.078,3.091,0.343,3.512,0.586,4.098
1774005178376564685,1774005178371148395,0.603,3.403,0.527,4.532,0.487,5.019
1774005178405408698,1774005178401083531,1.153,1.800,0.711,3.663,0.020,3.683
1774005178425461799,1774005178421087031,0.643,3.259,0.018,3.919,0.013,3.932
1774005178455681228,1774005178451150202,1.116,2.448,0.587,4.151,0.016,4.167
1774005178475782650,1774005178471098500,1.503,2.516,0.068,4.087,0.226,4.313
1774005178505788059,1774005178501189032,0.624,2.840,0.351,3.815,0.370,4.185
1774005178526870522,1774005178521208884,0.578,3.489,0.275,4.343,0.637,4.980
1774005178556201456,1774005178551164212,0.985,2.883,0.720,4.589,0.061,4.650
1774005178576220252,1774005178571089822,1.100,2.998,0.405,4.503,0.265,4.768
1774005178605669811,1774005178601128417,0.935,2.926,0.019,3.880,0.051,3.932
1774005178626175144,1774005178621150029,0.707,3.604,0.018,4.329,0.018,4.348
1774005178656013095,1774005178651166671,0.023,2.669,0.616,3.308,0.347,3.655
1774005178676299672,1774005178671106745,0.022,3.037,0.617,3.676,0.017,3.693
1774005178705851473,1774005178701108315,1.120,2.756,0.070,3.946,0.398,4.345
1774005178727354648,1774005178721229224,0.316,4.669,0.455,5.441,0.023,5.464
1774005178755901919,1774005178751110408,0.688,3.197,0.095,3.981,0.452,4.432
1774005178775784904,1774005178771091123,0.211,3.528,0.019,3.759,0.219,3.977
1774005178805598567,1774005178801144022,0.533,3.310,0.018,3.861,0.047,3.908
1774005178825332653,1774005178821119809,0.397,2.600,0.480,3.478,0.021,3.498
1774005178855384912,1774005178851249861,0.539,3.143,0.018,3.701,0.047,3.748
1774005178876211146,1774005178871144270,0.854,3.251,0.227,4.333,0.326,4.659
1774005178905264411,1774005178901125487,0.024,2.164,0.243,2.431,0.268,2.699
1774005178926949861,1774005178921152348,1.133,2.935,0.915,4.982,0.283,5.266
1774005178955993045,1774005178951116988,0.025,2.706,0.782,3.513,0.297,3.811
1774005178977372602,1774005178971067495,0.673,4.183,0.690,5.546,0.395,5.941
1774005179008673459,1774005179001119050,1.028,5.093,0.822,6.943,0.249,7.192
1774005179025998766,1774005179021130902,0.610,3.096,0.424,4.130,0.393,4.523
1774005179056373686,1774005179051180184,0.412,3.035,0.839,4.286,0.396,4.682
1774005179076934604,1774005179071111138,1.653,2.972,0.023,4.648,0.811,5.459
1774005179105579541,1774005179101089315,1.180,2.593,0.020,3.792,0.020,3.812
1774005179125591681,1774005179121139792,0.706,2.626,0.574,3.906,0.018,3.923
1774005179155806470,1774005179151169778,0.612,2.993,0.559,4.164,0.019,4.183
1774005179175484204,1774005179171101628,0.024,3.249,0.020,3.293,0.014,3.307
1774005179205944278,1774005179201083326,1.277,2.114,0.208,3.600,0.841,4.441
1774005179227125399,1774005179221698804,0.026,3.290,0.291,3.607,0.382,3.989
1774005179255927011,1774005179251119563,0.717,3.596,0.025,4.337,0.017,4.355
1774005179275154272,1774005179271113783,0.026,1.204,0.127,1.357,0.049,1.407
1774005179305564425,1774005179301118681,0.644,2.847,0.261,3.752,0.358,4.110
1774005179325562997,1774005179321130308,1.114,2.337,0.562,4.014,0.021,4.034
1774005179351810738,1774005179345685987,0.861,3.333,0.489,4.684,0.740,5.423
1774005179385778076,1774005179381150728,0.730,3.114,0.226,4.070,0.193,4.263
1774005179408192756,1774005179401137363,3.474,0.960,0.356,4.791,1.852,6.642
1774005179435584390,1774005179431121620,0.933,3.122,0.017,4.071,0.014,4.085
1774005179456266526,1774005179451149377,1.198,2.766,0.445,4.409,0.228,4.637
1774005179486450691,1774005179481118402,1.459,3.401,0.020,4.881,0.011,4.892
1774005179505240504,1774005179501122893,0.406,2.933,0.017,3.356,0.047,3.403
1774005179536025384,1774005179531108847,1.718,2.168,0.336,4.222,0.323,4.545
1774005179556165942,1774005179551107066,0.921,2.819,0.939,4.678,0.019,4.698
1774005179587366317,1774005179581114748,1.855,3.218,0.770,5.843,0.056,5.899
1774005179605425366,1774005179601067207,0.848,3.146,0.018,4.013,0.016,4.029
1774005179635380631,1774005179631096169,0.526,2.776,0.173,3.475,0.462,3.937
1774005179655641799,1774005179651122581,1.802,2.309,0.020,4.130,0.018,4.148
1774005179685892141,1774005179681099734,0.024,2.784,0.346,3.154,0.611,3.764
1774005179705628436,1774005179701170819,0.587,2.712,0.537,3.836,0.195,4.031
1774005179735534644,1774005179731137924,0.284,2.729,0.728,3.740,0.020,3.760
1774005179756041481,1774005179751152880,0.710,2.559,0.150,3.420,0.705,4.125
1774005179785459231,1774005179781103024,1.159,2.014,0.468,3.642,0.022,3.664
1774005179805161222,1774005179801148701,0.496,2.722,0.188,3.406,0.076,3.482
1774005179835530702,1774005179831121758,0.716,2.664,0.626,4.006,0.026,4.032
1774005179855764190,1774005179851149770,1.369,2.263,0.006,3.638,0.421,4.060
1774005179885610077,1774005179881084042,0.511,3.049,0.628,4.189,0.019,4.207
1774005179905884685,1774005179901232313,0.519,2.801,0.377,3.697,0.336,4.033
1774005179935795981,1774005179931088983,0.576,2.792,0.489,3.857,0.519,4.376
1774005179956420452,1774005179951110020,1.239,2.637,0.841,4.717,0.220,4.937
1774005179986024670,1774005179981110117,1.019,2.658,0.769,4.446,0.019,4.465
1774005180006052427,1774005180001058192,0.341,3.050,0.715,4.106,0.258,4.365
1774005180036518581,1774005180031284693,0.663,3.664,0.282,4.609,0.250,4.859
1774005180055856980,1774005180051098622,0.557,3.099,0.289,3.945,0.494,4.439
1774005180085438638,1774005180081102751,0.619,2.901,0.271,3.791,0.212,4.003
1774005180105850241,1774005180101165932,2.607,1.012,0.155,3.774,0.525,4.298
1774005180136230698,1774005180131111661,1.370,2.469,0.112,3.952,0.776,4.727
1774005180156246774,1774005180151150169,0.691,3.357,0.020,4.068,0.733,4.802
1774005180186921891,1774005180181205211,0.771,2.950,1.413,5.133,0.024,5.157
1774005180206104960,1774005180201139046,0.499,3.171,0.643,4.312,0.197,4.509
1774005180236248644,1774005180231227497,0.601,2.801,0.273,3.675,0.652,4.327
1774005180259135460,1774005180251116499,0.024,5.800,0.020,5.844,0.015,5.859
1774005180285746120,1774005180281118836,0.956,2.796,0.022,3.774,0.016,3.790
1774005180305962136,1774005180301099616,0.567,2.623,0.294,3.485,1.039,4.524
1774005180337814107,1774005180331897520,0.622,4.156,0.392,5.169,0.378,5.548
1774005180356070087,1774005180351137741,0.582,3.256,0.630,4.467,0.054,4.521
1774005180386522961,1774005180381176304,0.748,3.277,0.016,4.041,0.839,4.880
1774005180405526154,1774005180401118266,0.879,3.152,0.015,4.046,0.037,4.083
1774005180436161847,1774005180431072155,0.566,2.747,0.580,3.893,0.857,4.750
1774005180455595065,1774005180451075079,0.745,2.717,0.406,3.868,0.333,4.201
1774005180485704796,1774005180481101449,0.990,2.317,0.390,3.698,0.532,4.230
1774005180506251186,1774005180501097396,0.602,4.006,0.017,4.625,0.016,4.641
1774005180535488742,1774005180531084854,0.340,3.508,0.017,3.865,0.012,3.877
1774005180558305220,1774005180551110946,0.921,4.654,0.902,6.478,0.403,6.881
1774005180584627235,1774005180581083875,1.103,1.946,0.019,3.068,0.113,3.181
1774005180605523903,1774005180601028525,0.627,3.046,0.070,3.743,0.387,4.131
1774005180636146700,1774005180631100016,0.561,2.948,0.315,3.825,0.847,4.672
1774005180655609614,1774005180651089340,0.633,2.517,0.515,3.665,0.285,3.950
1774005180685247433,1774005180681177791,0.133,2.552,0.023,2.708,0.014,2.722
1774005180705175827,1774005180701151498,1.409,2.276,0.017,3.703,0.012,3.715
1774005180735860769,1774005180731097834,1.246,2.457,0.632,4.335,0.017,4.351
1774005180756216691,1774005180751137687,0.633,2.982,0.967,4.583,0.049,4.632
1774005180785418214,1774005180781127224,0.930,3.011,0.017,3.958,0.012,3.969
1774005180805796953,1774005180801085667,1.053,2.758,0.231,4.042,0.360,4.402
1774005180835825339,1774005180831106501,0.925,2.999,0.050,3.974,0.395,4.368
1774005180855962857,1774005180851109297,1.698,1.916,0.668,4.282,0.017,4.300
1774005180884821302,1774005180880022974,0.023,3.315,0.399,3.737,0.021,3.758
1774005180905926965,1774005180901215200,1.277,2.139,0.468,3.884,0.208,4.092
1774005180935820277,1774005180931106495,1.353,2.189,0.102,3.644,0.706,4.350
1774005180955968739,1774005180951244142,0.557,3.537,0.023,4.116,0.236,4.352
1774005180986411917,1774005180981237423,1.042,3.279,0.021,4.342,0.014,4.357
1774005181006543099,1774005181001159641,0.025,2.081,0.603,2.708,0.471,3.179
1774005181035638892,1774005181031230300,1.229,2.055,0.364,3.647,0.369,4.016
1774005181055478965,1774005181051099365,0.895,3.159,0.016,4.070,0.013,4.083
1774005181085398069,1774005181081118631,1.006,2.272,0.288,3.566,0.360,3.926
1774005181105189213,1774005181101072082,0.174,2.451,0.017,2.641,0.388,3.030
1774005181135706536,1774005181131081012,1.457,2.779,0.017,4.253,0.015,4.268
1774005181157015819,1774005181151556040,0.639,2.554,0.842,4.035,0.019,4.054
1774005181186288192,1774005181181113985,0.675,2.715,0.701,4.090,0.113,4.204
1774005181205573598,1774005181201067500,0.933,2.548,0.554,4.035,0.060,4.095
1774005181235487678,1774005181231087726,0.261,2.333,0.054,2.648,0.635,3.283
1774005181255773391,1774005181251089850,0.635,2.702,0.629,3.966,0.300,4.266
1774005181285453291,1774005181281023930,0.026,2.036,0.343,2.405,0.401,2.806
1774005181305859134,1774005181301017638,0.783,3.740,0.008,4.531,0.006,4.537
1774005181335644827,1774005181331120041,0.461,2.716,0.392,3.569,0.292,3.862
1774005181355377666,1774005181351086836,0.577,3.300,0.055,3.933,0.016,3.949
1774005181384460531,1774005181379927297,1.073,2.765,0.181,4.019,0.157,4.176
1774005181405048073,1774005181401066881,0.023,2.911,0.018,2.952,0.018,2.969
1774005181436328162,1774005181431205765,0.574,2.844,0.529,3.947,0.319,4.265
1774005181456356750,1774005181451081519,0.793,3.745,0.061,4.600,0.355,4.954
1774005181485705252,1774005181481112529,1.759,2.124,0.018,3.902,0.014,3.916
1774005181518819518,1774005181511142323,0.856,4.516,0.205,5.577,0.840,6.417
1774005181537801879,1774005181531112414,1.188,2.626,2.392,6.207,0.111,6.318
1774005181565738387,1774005181561122176,0.029,2.329,0.052,2.410,0.754,3.164
1774005181585924931,1774005181581094635,0.489,3.337,0.314,4.141,0.199,4.340
1774005181615833026,1774005181611132333,0.875,2.965,0.486,4.327,0.020,4.347
1774005181635829774,1774005181631110232,0.460,2.753,0.071,3.283,1.045,4.329
1774005181665766382,1774005181661073433,1.539,2.262,0.522,4.323,0.016,4.339
1774005181685729689,1774005181681084709,0.901,2.768,0.614,4.283,0.020,4.303
1774005181715899454,1774005181711128455,0.704,3.723,0.016,4.443,0.015,4.458
1774005181735889130,1774005181731125427,0.996,2.602,0.749,4.347,0.018,4.365
1774005181766737050,1774005181761274263,1.170,3.089,0.249,4.507,0.446,4.953
1774005181972591418,1774005181961128489,0.119,3.201,6.492,9.812,0.272,10.084
1774005181986795644,1774005181981103156,1.198,2.819,0.018,4.035,1.254,5.289
1774005182016786461,1774005182011115510,0.852,3.674,0.757,5.282,0.021,5.304
1774005182035446673,1774005182031064225,0.823,2.410,0.285,3.518,0.509,4.027
1774005182067343509,1774005182061073187,1.299,2.422,0.802,4.523,1.407,5.930
1774005182085306875,1774005182081082447,0.477,2.811,0.498,3.786,0.047,3.833
1774005182116277391,1774005182111052656,0.588,3.517,0.434,4.540,0.343,4.883
1774005182135956372,1774005182131096412,0.700,3.017,0.762,4.479,0.019,4.499
1774005182167427313,1774005182161340162,1.160,1.964,0.873,3.997,0.022,4.019
1774005182187382076,1774005182181213099,0.923,4.452,0.201,5.576,0.228,5.805
1774005182215709759,1774005182211035210,0.975,2.582,0.592,4.150,0.182,4.332
1774005182235824844,1774005182231072598,0.911,3.487,0.014,4.413,0.009,4.422
1774005182264602072,1774005182261107512,1.057,2.071,0.016,3.143,0.016,3.159
1774005182285743288,1774005182281134852,0.838,3.017,0.368,4.223,0.019,4.242
1774005182315877788,1774005182311090437,0.625,2.710,0.886,4.221,0.025,4.245
1774005182335894024,1774005182331161842,0.608,3.784,0.017,4.409,0.012,4.421
1774005182365898410,1774005182361161972,0.436,2.508,0.245,3.189,0.916,4.104
1774005182386196507,1774005182381418820,0.606,2.772,0.707,4.085,0.338,4.423
1774005182409626693,1774005182403242161,0.562,4.015,1.097,5.674,0.299,5.973
1774005182435546684,1774005182431270543,0.408,2.773,0.014,3.194,0.319,3.513
1774005182654584139,1774005182631083232,0.206,3.846,15.306,19.357,2.904,22.262
1774005182657287932,1774005182651264367,0.028,2.731,0.007,2.767,0.005,2.772
1774005182687908201,1774005182681207567,2.086,2.369,0.668,5.124,0.745,5.868
1774005182705665772,1774005182701190235,0.250,2.774,0.010,3.035,0.311,3.345
1774005182736011156,1774005182731066042,0.584,3.211,0.019,3.814,0.736,4.550
1774005182758511149,1774005182751179720,0.028,1.897,0.741,2.666,0.229,2.895
1774005182785332341,1774005182781167081,1.561,1.238,0.229,3.028,0.229,3.257
1774005182806963006,1774005182801061075,0.461,3.898,0.345,4.703,0.531,5.234
1774005182835984558,1774005182831075605,0.991,2.789,0.430,4.209,0.321,4.531
1774005182865663082,1774005182861073526,0.838,3.359,0.016,4.212,0.009,4.222
1774005182890046277,1774005182881089794,0.738,5.170,2.053,7.960,0.248,8.207
1774005182915205871,1774005182911083684,1.296,2.396,0.017,3.709,0.015,3.724
1774005182935026391,1774005182931132752,1.286,2.240,0.019,3.545,0.015,3.560
1774005182967936749,1774005182961569338,1.522,3.495,0.595,5.612,0.300,5.912
1774005182986279931,1774005182981199807,1.831,2.149,0.779,4.759,0.015,4.774
1774005183015779859,1774005183011096958,0.967,2.306,0.700,3.973,0.157,4.130
1774005183035434873,1774005183031096522,1.184,1.904,0.406,3.494,0.219,3.713
1774005183065531548,1774005183061076235,1.709,1.894,0.127,3.731,0.430,4.161
1774005183085349413,1774005183081088535,0.966,2.657,0.018,3.640,0.285,3.925
1774005183115098562,1774005183111093529,0.662,2.788,0.014,3.464,0.013,3.477
1774005183135203279,1774005183131186886,1.039,1.794,0.193,3.025,0.513,3.539
1774005183166120577,1774005183161177064,1.217,2.594,0.719,4.530,0.052,4.582
1774005183188828606,1774005183181137106,0.764,6.512,0.037,7.313,0.021,7.334
1774005183215144157,1774005183211164629,1.217,1.886,0.207,3.311,0.267,3.578
1774005183236342174,1774005183231137120,0.539,3.719,0.215,4.473,0.420,4.893
1774005183265052232,1774005183261087136,0.665,2.397,0.553,3.616,0.020,3.636
1774005183285444571,1774005183281072972,0.525,3.188,0.019,3.732,0.014,3.746
1774005183315248217,1774005183311085806,1.194,1.865,0.734,3.793,0.025,3.818
1774005183335580523,1774005183331095097,0.755,2.426,0.309,3.491,0.673,4.164
1774005183367642546,1774005183361113275,1.657,2.964,0.232,4.853,0.636,5.490
1774005183386147939,1774005183381088871,1.852,2.318,0.128,4.298,0.030,4.328
1774005183415580378,1774005183411049031,1.239,2.358,0.018,3.614,0.617,4.231
1774005183435552037,1774005183431064243,0.799,2.406,0.297,3.502,0.696,4.199
1774005183467119555,1774005183461151414,1.032,3.458,1.081,5.571,0.018,5.589
1774005183486432866,1774005183481102049,0.674,3.146,0.528,4.347,0.268,4.615
1774005183515781496,1774005183511075042,1.015,2.479,0.393,3.887,0.239,4.126
1774005183536156202,1774005183531063150,0.993,3.197,0.306,4.497,0.283,4.780
1774005183566726518,1774005183561539896,1.115,3.138,0.253,4.507,0.221,4.728
1774005183585358985,1774005183581053563,0.607,3.378,0.019,4.004,0.013,4.017
1774005183615588687,1774005183611042108,0.679,3.075,0.186,3.941,0.176,4.116
1774005183636101636,1774005183631124969,1.294,2.521,0.327,4.142,0.337,4.478
1774005183665391577,1774005183661130795,0.735,2.491,0.418,3.643,0.253,3.896
1774005183686064368,1774005183681046741,1.411,2.851,0.111,4.373,0.184,4.557
1774005183716374456,1774005183711082583,1.190,2.787,0.319,4.296,0.674,4.970
1774005183735514516,1774005183731071619,0.973,2.849,0.158,3.980,0.111,4.091
1774005183766118720,1774005183761148934,1.202,2.400,0.490,4.092,0.549,4.641
1774005183785554018,1774005183781079504,1.021,2.430,0.276,3.727,0.406,4.133
1774005183816074701,1774005183811075602,1.452,2.141,0.522,4.115,0.528,4.643
1774005183837460562,1774005183831114718,1.428,3.628,0.378,5.434,0.554,5.988
1774005183866227229,1774005183861092671,1.550,2.618,0.201,4.368,0.465,4.833
1774005183884777646,1774005183879936310,1.627,1.964,0.319,3.910,0.628,4.538
1774005183915789762,1774005183911065772,0.386,2.870,0.945,4.200,0.017,4.218
1774005183935855759,1774005183931029527,0.020,2.622,0.488,3.131,0.520,3.651
1774005183966599870,1774005183961059897,0.778,2.879,0.254,3.912,0.739,4.650
1774005183986651083,1774005183981057573,1.151,3.056,0.298,4.505,0.700,5.204
1774005184016238373,1774005184011328875,0.033,2.654,0.181,2.868,0.624,3.492
1774005184036285489,1774005184031184276,0.025,2.968,0.016,3.008,0.876,3.884
1774005184065770313,1774005184061050676,0.759,2.899,0.234,3.892,0.398,4.290
1774005184085796502,1774005184081129281,1.600,1.858,0.164,3.622,0.411,4.033
1774005184114975496,1774005184111064417,1.435,2.070,0.021,3.526,0.013,3.538
1774005184135792995,1774005184131116910,0.025,2.492,0.692,3.210,0.365,3.574
1774005184166335342,1774005184161099951,1.193,3.040,0.259,4.492,0.415,4.907
1774005184187147625,1774005184181095227,0.519,4.415,0.269,5.202,0.468,5.670
1774005184216067863,1774005184211059068,0.627,2.696,0.470,3.792,0.814,4.606
1774005184235972833,1774005184231056103,0.934,2.890,0.279,4.103,0.334,4.438
1774005184265869344,1774005184261096073,1.214,2.423,0.470,4.106,0.284,4.390
1774005184285865548,1774005184281440315,0.974,2.248,0.244,3.466,0.387,3.852
1774005184315828525,1774005184311042838,0.733,2.676,0.230,3.640,0.760,4.400
1774005184336549734,1774005184331085410,1.324,2.312,0.800,4.436,0.049,4.485
1774005184365083820,1774005184361084036,0.908,2.722,0.015,3.646,0.014,3.659
1774005184384957430,1774005184380184703,0.060,2.829,0.172,3.060,0.475,3.535
1774005184416053035,1774005184411066385,0.023,3.633,0.016,3.672,0.009,3.681
1774005184436386685,1774005184431009595,0.489,2.660,0.016,3.165,0.169,3.334
1774005184465450862,1774005184461065118,0.646,2.608,0.019,3.273,0.764,4.037
1774005184486102373,1774005184481077578,0.606,2.600,1.113,4.319,0.330,4.649
1774005184515331097,1774005184511080811,0.734,2.520,0.293,3.547,0.327,3.874
1774005184536118995,1774005184531073143,0.925,3.739,0.020,4.683,0.016,4.699
1774005184565429192,1774005184561099449,0.024,2.983,0.019,3.026,0.132,3.158
1774005184585261424,1774005184581069476,1.296,2.011,0.439,3.747,0.039,3.786
1774005184615645721,1774005184611029573,0.939,2.474,0.281,3.694,0.503,4.197
1774005184635608132,1774005184631103570,1.160,2.087,0.794,4.041,0.020,4.061
1774005184665694887,1774005184661040019,1.247,2.125,0.684,4.055,0.296,4.351
1774005184685451182,1774005184681236322,1.049,2.261,0.351,3.662,0.149,3.811
1774005184715510129,1774005184711051616,0.628,2.637,0.819,4.084,0.023,4.106
1774005184735689248,1774005184731259311,1.100,2.291,0.351,3.742,0.207,3.948
1774005184765588000,1774005184761063949,0.022,2.714,0.307,3.043,0.480,3.523
1774005184785667949,1774005184781103034,0.650,3.055,0.366,4.071,0.201,4.271
1774005184818863177,1774005184812166415,0.224,4.728,0.707,5.660,0.144,5.804
1774005184835768220,1774005184831188265,0.571,3.201,0.194,3.966,0.157,4.123
1774005184865885152,1774005184861354861,1.156,1.927,0.341,3.424,0.201,3.625
1774005184885041468,1774005184881072820,1.048,2.223,0.018,3.290,0.309,3.599
1774005184916229171,1774005184911058805,1.081,3.151,0.560,4.793,0.020,4.813
1774005184936510468,1774005184931062177,0.566,3.413,0.785,4.763,0.251,5.015
1774005184965888346,1774005184961058530,0.049,2.822,0.017,2.889,0.436,3.325
1774005184986743830,1774005184981103183,0.661,3.752,0.433,4.846,0.481,5.327
1774005185015077561,1774005185011096176,0.593,2.581,0.238,3.413,0.191,3.604
1774005185046371378,1774005185041041169,0.265,2.970,0.200,3.435,1.166,4.601
1774005185066596674,1774005185061079325,1.153,2.901,1.035,5.089,0.015,5.104
1774005185086475723,1774005185081052713,1.523,2.107,1.421,5.051,0.014,5.065
1774005185116113798,1774005185111026218,1.507,2.310,0.624,4.441,0.015,4.456
1774005185136430072,1774005185131102263,1.502,2.749,0.454,4.704,0.102,4.806
1774005185166247222,1774005185161227387,1.684,2.271,0.712,4.667,0.019,4.686
1774005185192069676,1774005185181065315,0.696,4.079,5.443,10.217,0.427,10.644
1774005185215835804,1774005185211091813,0.557,2.838,0.017,3.411,0.939,4.350
1774005185238840670,1774005185231045936,0.782,5.828,0.768,7.379,0.059,7.438
1774005185265410337,1774005185261101427,0.791,3.079,0.019,3.890,0.057,3.946
1774005185284993221,1774005185281070046,0.613,2.692,0.255,3.561,0.024,3.585
1774005185315429519,1774005185311057855,0.786,2.563,0.630,3.979,0.019,3.998
1774005185337230651,1774005185331101292,0.827,4.301,0.514,5.641,0.161,5.802
1774005185365769474,1774005185361106286,1.096,2.363,0.494,3.954,0.387,4.340
1774005185385432648,1774005185381064729,0.689,2.709,0.163,3.561,0.401,3.962
1774005185412081773,1774005185405827067,1.679,2.941,0.696,5.316,0.027,5.343
1774005185435641401,1774005185431090310,1.409,2.238,0.336,3.983,0.264,4.246
1774005185467224695,1774005185461420142,2.053,2.725,0.181,4.959,0.308,5.267
1774005185486208017,1774005185481131572,1.068,2.591,0.402,4.061,0.704,4.765
1774005185510167428,1774005185505518576,1.027,2.575,0.406,4.008,0.347,4.355
1774005185535519441,1774005185531064576,0.022,1.879,0.238,2.139,0.317,2.456
1774005185565920122,1774005185561081826,0.791,3.068,0.316,4.174,0.221,4.395
1774005185585815012,1774005185581057870,0.857,2.676,0.341,3.874,0.517,4.390
1774005185616614644,1774005185611182769,1.466,2.728,0.417,4.611,0.430,5.041
1774005185636012501,1774005185631068347,1.307,2.900,0.133,4.340,0.196,4.536
1774005185666806693,1774005185661108189,0.562,3.010,0.015,3.587,0.798,4.385
1774005185685730173,1774005185681062952,0.717,2.705,0.054,3.476,0.732,4.208
1774005185716493901,1774005185711068074,1.940,2.115,0.015,4.071,0.981,5.052
1774005185735965871,1774005185731056437,1.035,2.691,0.350,4.075,0.451,4.527
1774005185767334217,1774005185761065911,0.898,2.883,0.909,4.689,0.205,4.894
1774005185786292898,1774005185781334376,1.489,1.942,1.121,4.551,0.023,4.574
1774005185816149537,1774005185811066884,2.273,1.448,0.303,4.024,0.701,4.725
1774005185836269263,1774005185831083760,0.690,3.092,1.019,4.801,0.017,4.818
1774005185865552227,1774005185861075410,0.833,2.321,0.120,3.273,0.834,4.107
1774005185886112985,1774005185881068381,0.902,2.871,0.569,4.342,0.379,4.721
1774005185916337055,1774005185911106432,0.024,2.121,0.623,2.767,0.828,3.595
1774005185936614352,1774005185931169229,1.107,2.739,0.460,4.306,0.485,4.790
1774005185966239178,1774005185961092877,0.903,2.411,1.070,4.383,0.376,4.759
1774005185986462330,1774005185981071160,0.733,3.142,0.528,4.402,0.593,4.995
1774005186015587276,1774005186011169595,1.243,2.296,0.018,3.558,0.470,4.028
1774005186035429397,1774005186031249961,0.797,2.598,0.020,3.415,0.015,3.430
1774005186066503018,1774005186061046598,0.026,3.132,0.319,3.477,0.725,4.202
1774005186085598565,1774005186081040146,0.669,2.616,0.639,3.925,0.265,4.190
1774005186115435172,1774005186111063316,1.356,1.940,0.389,3.684,0.281,3.965
1774005186135895864,1774005186131206530,0.430,3.041,0.258,3.729,0.205,3.933
1774005186166014043,1774005186161162979,0.819,2.865,0.296,3.981,0.368,4.349
1774005186185767811,1774005186181051981,0.692,2.655,0.552,3.899,0.389,4.288
1774005186214951413,1774005186211029870,1.563,1.689,0.016,3.268,0.250,3.519
1774005186246802969,1774005186241153874,1.090,2.963,0.305,4.358,0.696,5.053
1774005186266249242,1774005186261276480,0.025,2.884,0.218,3.128,0.496,3.624
1774005186296251804,1774005186291342659,0.879,3.130,0.036,4.045,0.496,4.541
1774005186315738846,1774005186311066057,1.178,2.722,0.084,3.984,0.341,4.325
1774005186347909767,1774005186341077003,0.626,3.047,1.875,5.549,0.936,6.484
1774005186366139059,1774005186361108823,0.026,2.147,0.018,2.191,0.342,2.533
1774005186396128500,1774005186391089977,0.855,2.843,0.566,4.264,0.426,4.690
1774005186415902556,1774005186411089924,1.374,2.248,0.429,4.051,0.410,4.461
1774005186447837281,1774005186441080934,0.667,2.971,1.505,5.142,1.288,6.430
1774005186467910734,1774005186461222676,0.627,3.880,0.956,5.463,0.896,6.359
1774005186495784425,1774005186491070483,0.559,2.500,1.121,4.179,0.160,4.339
1774005186515232714,1774005186511045374,0.802,2.723,0.294,3.820,0.017,3.837
1774005186547092142,1774005186541109985,1.363,2.796,0.325,4.484,1.116,5.600
1774005186564992819,1774005186561100204,0.024,2.031,0.056,2.111,0.180,2.291
1774005186596553521,1774005186591306578,0.993,3.458,0.019,4.470,0.015,4.485
1774005186615885265,1774005186611106586,0.024,2.371,0.017,2.413,0.012,2.425
1774005186648215581,1774005186641112060,0.622,3.103,1.764,5.489,1.202,6.691
1774005186665491575,1774005186661167976,0.774,2.810,0.244,3.829,0.179,4.008
1774005186695433143,1774005186691061928,0.561,2.716,0.304,3.581,0.445,4.026
1774005186716009422,1774005186711105012,0.981,2.397,1.031,4.409,0.028,4.437
1774005186747512203,1774005186741068213,0.621,2.815,0.743,4.179,1.895,6.074
1774005186766117309,1774005186761062817,0.591,2.816,1.087,4.494,0.219,4.713
1774005186795608021,1774005186791057891,0.530,3.073,0.150,3.752,0.394,4.146
1774005186815557664,1774005186811037806,0.882,2.218,1.049,4.149,0.019,4.168
1774005186847108510,1774005186841054480,0.603,3.168,1.864,5.635,0.027,5.662
1774005186865334089,1774005186861043387,1.038,2.860,0.041,3.939,0.015,3.954
1774005186895645617,1774005186891023100,0.656,2.819,0.758,4.232,0.020,4.252
1774005186916241319,1774005186911046825,0.023,2.907,1.042,3.972,0.216,4.187
1774005186947960776,1774005186941056458,1.752,3.534,1.278,6.564,0.018,6.583
1774005186965889390,1774005186961014997,0.613,2.646,0.388,3.647,0.877,4.524
1774005186996052563,1774005186991032471,0.519,3.244,0.377,4.139,0.420,4.559
1774005187014977035,1774005187011031747,0.920,2.482,0.017,3.419,0.193,3.612
1774005187046259396,1774005187041035109,1.018,2.772,0.780,4.569,0.254,4.824
1774005187068174418,1774005187061022544,2.951,3.021,0.329,6.301,0.494,6.795
1774005187096425908,1774005187091053554,0.021,4.065,0.021,4.107,0.013,4.120
1774005187116071705,1774005187111157568,0.560,3.461,0.290,4.310,0.226,4.536
1774005187147055437,1774005187141059232,1.769,2.064,0.057,3.890,1.276,5.166
1774005187166997463,1774005187161401298,0.136,2.858,0.949,3.943,0.759,4.701
1774005187195735586,1774005187191107182,0.709,3.038,0.304,4.050,0.192,4.242
1774005187216011251,1774005187211103290,1.077,2.808,0.329,4.215,0.335,4.549
1774005187247063432,1774005187241050426,0.020,2.567,0.207,2.794,1.302,4.096
1774005187266273125,1774005187261088487,0.657,3.060,0.283,4.000,0.193,4.193
1774005187296613293,1774005187290004340,0.605,3.827,0.678,5.110,0.974,6.084
1774005187316142512,1774005187311159957,0.600,3.460,0.574,4.634,0.019,4.653
1774005187346682075,1774005187341068085,1.263,1.832,0.664,3.759,1.500,5.258
1774005187365306862,1774005187361046176,0.665,2.670,0.353,3.688,0.219,3.907
1774005187392377242,1774005187387975082,0.020,2.482,0.513,3.015,0.350,3.365
1774005187416037193,1774005187411087471,1.342,2.170,0.609,4.122,0.452,4.574
1774005187446527859,1774005187441048847,1.087,2.988,0.431,4.506,0.647,5.153
1774005187465632431,1774005187461071516,0.958,2.333,0.661,3.953,0.299,4.251
1774005187496467519,1774005187491050013,0.945,2.704,1.437,5.087,0.022,5.109
1774005187515801215,1774005187511067369,0.018,2.549,0.991,3.558,0.061,3.619
1774005187546321898,1774005187536013423,0.474,3.464,0.263,4.201,3.060,7.261
1774005187565887534,1774005187561173240,1.185,2.577,0.355,4.117,0.189,4.305
1774005187595816718,1774005187591052183,0.809,2.917,0.593,4.318,0.053,4.371
1774005187615679415,1774005187610980770,0.741,2.762,0.540,4.044,0.342,4.386
1774005187646998961,1774005187641035781,0.635,3.973,0.017,4.625,0.893,5.518
1774005187667550663,1774005187661121074,1.455,4.028,0.264,5.746,0.325,6.071
1774005187695980364,1774005187691027858,1.164,2.675,0.306,4.144,0.430,4.574
1774005187715795060,1774005187711018685,0.021,2.787,0.412,3.219,0.472,3.691
1774005187747247888,1774005187741069600,1.791,1.819,2.006,5.617,0.182,5.798
1774005187766126567,1774005187761041483,0.709,3.000,0.180,3.889,0.857,4.746
1774005187796413390,1774005187791163087,0.023,2.939,0.139,3.101,0.903,4.004
1774005187817336811,1774005187811046456,0.955,2.343,1.294,4.592,1.375,5.967
1774005187847545520,1774005187841043578,0.607,3.031,0.050,3.689,2.488,6.177
1774005187865453366,1774005187861040358,0.834,2.965,0.021,3.820,0.251,4.071
1774005187898294571,1774005187891059592,0.619,2.836,2.984,6.438,0.307,6.745
1774005187916408341,1774005187911045619,1.873,2.241,0.553,4.668,0.334,5.002
1774005187947970323,1774005187941057749,1.689,1.913,1.962,5.564,1.001,6.565
1774005187966949324,1774005187961017664,1.461,2.390,0.555,4.406,0.870,5.275
1774005187996433764,1774005187991119331,1.117,2.228,1.570,4.914,0.023,4.937
1774005188018758138,1774005188011063598,1.082,6.202,0.018,7.302,0.012,7.314
1774005188046649941,1774005188041078000,1.903,2.787,0.429,5.118,0.134,5.252
1774005188065556653,1774005188061054971,1.115,2.075,0.383,3.572,0.604,4.176
1774005188096095224,1774005188091064381,0.369,2.829,1.128,4.326,0.161,4.487
1774005188116315272,1774005188111041928,0.716,3.162,1.080,4.958,0.024,4.982
1774005188147780676,1774005188141062186,0.647,4.536,1.103,6.286,0.029,6.315
1774005188166481497,1774005188161064374,0.939,3.741,0.017,4.697,0.184,4.880
1774005188196285719,1774005188191059544,1.166,3.571,0.021,4.758,0.016,4.774
1774005188216188417,1774005188211058403,1.309,2.862,0.048,4.218,0.543,4.762
1774005188246653611,1774005188240975139,0.024,3.955,0.018,3.998,0.015,4.013
1774005188266159373,1774005188261038096,1.565,2.030,0.668,4.263,0.328,4.591
1774005188295833801,1774005188291043314,1.298,1.883,1.203,4.384,0.025,4.409
1774005188316047705,1774005188311050238,0.502,3.098,0.353,3.954,0.361,4.315
1774005188347866971,1774005188341054368,1.992,3.321,0.018,5.332,1.139,6.471
1774005188366202377,1774005188361146733,1.411,2.714,0.469,4.594,0.063,4.657
1774005188396010503,1774005188391075309,0.605,3.378,0.016,3.999,0.562,4.561
1774005188415099266,1774005188411007960,1.592,2.108,0.018,3.718,0.047,3.765
1774005188448826824,1774005188441019674,0.021,5.947,0.384,6.352,0.435,6.787
1774005188466624267,1774005188461029125,0.723,3.763,0.403,4.889,0.369,5.258
1774005188496152260,1774005188491043719,0.614,2.478,0.561,3.653,0.415,4.068
1774005188515750857,1774005188511017459,0.056,3.445,0.161,3.662,0.024,3.686
1774005188545377956,1774005188541072437,0.607,3.277,0.016,3.900,0.015,3.915
1774005188565540722,1774005188561042400,0.490,2.765,0.560,3.815,0.308,4.123
1774005188595286927,1774005188591195397,1.184,2.548,0.019,3.751,0.015,3.766
1774005188615587424,1774005188611057646,0.926,2.718,0.487,4.131,0.102,4.233
1774005188649947793,1774005188641220083,2.660,5.057,0.320,8.037,0.358,8.395
1774005188676361298,1774005188671185300,0.023,2.808,0.018,2.849,0.013,2.861
1774005188696097273,1774005188691032765,1.292,2.356,0.246,3.894,0.805,4.698
1774005188725792053,1774005188721047582,0.454,2.774,0.728,3.956,0.357,4.313
1774005188747724356,1774005188741226861,0.712,3.005,1.413,5.130,1.011,6.141
1774005188776285195,1774005188771049996,0.613,2.709,1.367,4.689,0.230,4.920
1774005188796512699,1774005188791070040,1.565,2.736,0.019,4.320,0.775,5.095
1774005188827207401,1774005188821058329,0.534,3.211,0.444,4.189,1.439,5.628
1774005188847027378,1774005188841054437,0.535,4.683,0.011,5.229,0.289,5.517
1774005188875290356,1774005188871073063,1.047,2.185,0.369,3.601,0.154,3.755
1774005188895507875,1774005188891078835,1.194,2.418,0.083,3.695,0.409,4.103
1774005188925783146,1774005188921048756,1.104,2.360,0.482,3.945,0.328,4.273
1774005188947072269,1774005188941051968,0.830,2.562,0.539,3.931,1.691,5.622
1774005188976187423,1774005188971092130,0.566,2.793,0.422,3.782,0.983,4.765
1774005188995874661,1774005188991030349,0.542,2.736,0.323,3.600,0.751,4.351
1774005189026752310,1774005189021036334,1.902,2.569,0.383,4.855,0.537,5.392
1774005189048885961,1774005189041027290,0.885,5.888,0.414,7.187,0.305,7.492
1774005189078044027,1774005189071064732,0.022,2.862,3.106,5.989,0.028,6.017
1774005189096072707,1774005189091104873,0.520,3.000,1.034,4.553,0.068,4.622
1774005189125670877,1774005189121010569,0.781,2.723,0.020,3.524,0.699,4.223
1774005189149181577,1774005189141052693,0.026,6.091,0.893,7.010,0.057,7.067
1774005189175712139,1774005189171001110,1.236,2.680,0.162,4.078,0.263,4.342
1774005189196057661,1774005189191044738,0.956,2.713,0.238,3.907,0.759,4.665
1774005189226103456,1774005189221047556,0.731,3.708,0.269,4.708,0.020,4.728
1774005189247147615,1774005189240992431,0.818,2.583,1.197,4.598,1.132,5.730
1774005189275543587,1774005189271011345,1.425,2.138,0.194,3.758,0.293,4.051
1774005189296363998,1774005189291017021,1.034,2.831,0.836,4.701,0.280,4.981
1774005189325968824,1774005189321003902,0.126,2.836,1.110,4.072,0.019,4.091
1774005189347279932,1774005189341044714,0.640,3.049,0.536,4.224,1.658,5.883
1774005189375307962,1774005189371018060,0.525,3.357,0.020,3.901,0.015,3.916
1774005189396142548,1774005189391039288,1.322,2.633,0.601,4.556,0.237,4.793
1774005189426419675,1774005189421010361,0.984,2.389,1.583,4.956,0.022,4.978
1774005189446999089,1774005189441026245,0.640,2.819,0.539,3.998,1.626,5.624
1774005189475828702,1774005189471029766,1.125,2.676,0.158,3.959,0.391,4.350
1774005189495005723,1774005189491104372,0.536,2.923,0.016,3.475,0.010,3.485
1774005189526189522,1774005189521320729,0.589,2.886,0.480,3.955,0.050,4.005
1774005189545924217,1774005189541071584,1.053,2.896,0.243,4.191,0.313,4.504
1774005189575755223,1774005189571233029,1.252,1.946,0.354,3.551,0.372,3.924
1774005189595608288,1774005189591105774,0.668,3.001,0.243,3.913,0.196,4.109
1774005189625773701,1774005189621473399,0.809,2.876,0.019,3.704,0.015,3.719
1774005189645809297,1774005189641211038,0.155,2.715,0.512,3.382,0.348,3.731
1774005189675642672,1774005189671029084,1.089,2.726,0.252,4.068,0.216,4.284
1774005189694876750,1774005189691083945,0.931,2.402,0.023,3.355,0.117,3.473
1774005189726040676,1774005189721055466,1.109,2.828,0.074,4.011,0.603,4.614
1774005189745302019,1774005189741012021,0.464,2.710,0.514,3.688,0.181,3.868
1774005189776239765,1774005189771098392,0.746,3.311,0.068,4.126,0.474,4.600
1774005189795710360,1774005189791218438,0.021,2.545,0.150,2.716,0.630,3.345
1774005189826819533,1774005189821145222,0.649,2.525,1.139,4.312,0.066,4.378
1774005189845767910,1774005189841130994,1.089,2.479,0.637,4.204,0.048,4.252
1774005189875874409,1774005189871030417,0.020,3.403,0.007,3.430,0.005,3.435
1774005189895334699,1774005189890996669,1.495,2.388,0.017,3.900,0.041,3.941
1774005189925738644,1774005189921053759,0.956,2.005,0.673,3.634,0.021,3.654
1774005189945424538,1774005189941145709,0.706,2.671,0.249,3.626,0.279,3.905
1774005189978254447,1774005189971026092,2.550,3.267,0.505,6.322,0.551,6.873
1774005189995848303,1774005189991313341,1.515,1.925,0.495,3.934,0.222,4.156
1774005190025934291,1774005190021061242,0.505,2.878,0.915,4.298,0.165,4.462
1774005190045687610,1774005190041030501,1.426,1.782,0.634,3.842,0.481,4.323
1774005190076952787,1774005190071122633,0.970,2.906,0.016,3.892,0.696,4.588
1774005190095458019,1774005190091054515,0.624,2.879,0.238,3.741,0.332,4.073
1774005190126084720,1774005190121008404,0.560,3.115,0.285,3.961,0.747,4.707
1774005190146763432,1774005190141028768,0.667,2.743,0.285,3.696,1.706,5.402
1774005190178928465,1774005190171148932,0.604,2.814,0.880,4.297,3.097,7.395
1774005190195403005,1774005190191065710,1.002,2.395,0.131,3.528,0.339,3.867
1774005190225236700,1774005190221024079,1.533,2.292,0.018,3.843,0.012,3.855
1774005190247075241,1774005190241034587,0.646,2.468,0.836,3.951,1.789,5.740
1774005190276816806,1774005190271033244,0.123,3.255,0.588,3.966,0.853,4.819
1774005190296265575,1774005190289709776,1.550,2.697,1.286,5.533,0.674,6.207
1774005190326250185,1774005190321237262,0.768,3.183,0.230,4.181,0.405,4.586
1774005190346780062,1774005190341026965,0.790,2.410,1.595,4.795,0.575,5.370
1774005190375571402,1774005190371030199,0.850,3.047,0.254,4.151,0.020,4.171
1774005190397076401,1774005190391027555,0.797,3.286,1.417,5.500,0.024,5.524
1774005190425194544,1774005190421024196,0.878,2.386,0.018,3.282,0.012,3.294
1774005190446900219,1774005190441018768,0.860,3.840,0.865,5.564,0.024,5.588
1774005190475696839,1774005190471016722,1.009,3.183,0.017,4.209,0.012,4.221
1774005190495450446,1774005190491030846,0.560,2.959,0.195,3.714,0.355,4.069
1774005190525488848,1774005190520985087,0.023,2.202,0.021,2.246,0.047,2.294
1774005190547637827,1774005190541028395,0.536,5.624,0.019,6.180,0.014,6.194
1774005190575814180,1774005190571010700,0.025,3.073,0.455,3.553,0.252,3.805
1774005190595769775,1774005190591024216,0.503,2.953,0.876,4.332,0.023,4.355
1774005190624719581,1774005190618511020,0.559,4.347,0.452,5.358,0.457,5.814
1774005190645622521,1774005190641064550,1.524,2.094,0.017,3.634,0.428,4.062
1774005190676016642,1774005190671004551,0.700,3.181,0.549,4.430,0.271,4.701
1774005190695813354,1774005190691017363,0.589,3.015,0.055,3.659,0.801,4.460
1774005190725216513,1774005190721035253,0.765,3.016,0.018,3.799,0.015,3.814
1774005190745489778,1774005190741027617,1.390,2.012,0.251,3.653,0.490,4.143
1774005190775761304,1774005190771015746,0.851,3.114,0.123,4.088,0.295,4.383
1774005190798915581,1774005190790992173,0.758,2.633,0.352,3.743,3.867,7.610
1774005190826213102,1774005190821028688,1.103,1.898,0.904,3.906,0.653,4.558
1774005190845835923,1774005190841056188,0.911,2.938,0.566,4.414,0.019,4.433
1774005190875279306,1774005190871030653,0.777,2.962,0.017,3.756,0.017,3.773
1774005190895882465,1774005190891133515,1.330,2.407,0.015,3.752,0.215,3.968
1774005190927137465,1774005190921027498,0.608,2.708,0.339,3.655,2.115,5.770
1774005190946609372,1774005190941479294,1.193,2.619,0.569,4.381,0.274,4.655
1774005190975996370,1774005190971160154,1.069,2.637,0.319,4.024,0.431,4.455
1774005190995523541,1774005190991077636,0.023,3.268,0.018,3.309,0.012,3.320
1774005191026772142,1774005191021071782,1.506,2.420,0.288,4.213,0.526,4.740
1774005191046015692,1774005191041030577,0.705,2.967,0.296,3.969,0.239,4.207
1774005191075936972,1774005191071160085,0.816,2.915,0.402,4.133,0.324,4.457
1774005191094874500,1774005191091035966,0.593,2.862,0.009,3.464,0.016,3.480
1774005191125618227,1774005191121104833,0.923,2.386,0.362,3.672,0.460,4.132
1774005191145312154,1774005191141040236,0.578,2.388,0.620,3.586,0.201,3.788
1774005191176359054,1774005191171047630,0.496,3.286,0.519,4.301,0.461,4.762
1774005191195336455,1774005191191027321,0.767,2.533,0.638,3.938,0.015,3.953
1774005191224878305,1774005191221014107,0.597,2.793,0.016,3.407,0.014,3.421
1774005191245502968,1774005191241159561,1.197,2.088,0.578,3.863,0.049,3.912
1774005191275817279,1774005191271072777,0.878,3.438,0.016,4.331,0.008,4.339
1774005191295226144,1774005191291019316,0.716,2.403,0.428,3.546,0.343,3.889
1774005191325090431,1774005191321025462,0.028,2.281,0.383,2.692,0.220,2.913
1774005191345610165,1774005191341025089,0.937,2.458,0.444,3.839,0.407,4.246
1774005191376483622,1774005191371117541,1.386,2.111,1.333,4.830,0.180,5.010
1774005191395567265,1774005191391025743,1.356,1.822,0.358,3.536,0.685,4.221
1774005191425370175,1774005191420997744,0.492,3.009,0.335,3.837,0.196,4.033
1774005191445190184,1774005191441080733,0.026,2.142,0.021,2.189,0.018,2.207
1774005191475380269,1774005191471015614,0.940,3.042,0.019,4.001,0.014,4.015
1774005191494779598,1774005191491017545,0.638,2.745,0.019,3.401,0.014,3.416
1774005191524507530,1774005191520996427,0.490,2.508,0.019,3.018,0.167,3.185
1774005191545346021,1774005191541031447,0.597,2.658,0.499,3.755,0.228,3.982
1774005191575421352,1774005191571016600,0.501,2.759,0.648,3.909,0.118,4.026
1774005191595936286,1774005191591099206,0.848,2.848,0.468,4.164,0.339,4.503
1774005191625852254,1774005191621018630,0.740,3.048,0.117,3.905,0.299,4.204
1774005191655718813,1774005191651057992,0.842,2.645,0.467,3.955,0.284,4.240
1774005191675844331,1774005191671038612,0.549,2.434,0.492,3.474,0.250,3.724
1774005191705945358,1774005191701062422,0.701,3.270,0.019,3.990,0.548,4.538
1774005191726067804,1774005191721220932,0.133,2.868,0.530,3.532,0.493,4.025
1774005191757537945,1774005191751047811,0.587,3.900,0.345,4.833,1.324,6.157
1774005191775572865,1774005191771037646,0.022,2.799,0.375,3.196,0.301,3.497
1774005191805689829,1774005191801057840,0.554,3.006,0.023,3.582,0.732,4.315
1774005191826571200,1774005191821050428,0.500,3.464,0.704,4.669,0.434,5.103
1774005191855596720,1774005191851038429,0.603,3.024,0.421,4.048,0.153,4.200
1774005191875868001,1774005191871029321,0.482,2.532,1.385,4.399,0.084,4.483
1774005191905447387,1774005191901055339,1.472,2.051,0.421,3.944,0.019,3.963
1774005191925694251,1774005191921035543,0.022,3.016,0.109,3.147,0.542,3.689
1774005191955379239,1774005191951035480,0.840,2.859,0.021,3.720,0.319,4.039
1774005191975856860,1774005191971083717,1.410,1.953,0.611,3.974,0.455,4.429
1774005192008395851,1774005192001165832,0.023,4.730,1.109,5.862,0.023,5.884
1774005192025743655,1774005192021198356,0.445,2.780,0.555,3.780,0.364,4.144
1774005192055936492,1774005192051129813,0.376,2.712,0.428,3.516,0.419,3.935
1774005192076177244,1774005192071021503,1.341,2.864,0.276,4.482,0.344,4.826
1774005192105788407,1774005192101142754,1.068,2.465,0.421,3.954,0.357,4.311
1774005192126129993,1774005192121035756,0.548,3.574,0.290,4.411,0.262,4.673
1774005192156278285,1774005192151063630,0.028,2.038,0.789,2.855,0.024,2.879
1774005192175796848,1774005192171104859,0.998,3.114,0.017,4.129,0.014,4.143
1774005192205811410,1774005192201030811,0.594,3.159,0.338,4.091,0.329,4.420
1774005192225400182,1774005192221028103,0.364,2.967,0.062,3.393,0.410,3.803
1774005192255669501,1774005192251027401,0.497,3.153,0.209,3.858,0.295,4.153
1774005192276015503,1774005192271101526,0.891,2.548,0.226,3.664,0.269,3.933
1774005192306132051,1774005192301029814,0.696,3.778,0.018,4.492,0.014,4.505
1774005192326140607,1774005192321014242,0.024,2.966,0.398,3.388,0.730,4.118
1774005192355652280,1774005192351052612,1.362,2.147,0.131,3.641,0.606,4.247
1774005192375367934,1774005192371042191,0.798,3.133,0.021,3.952,0.016,3.968
1774005192406814586,1774005192401291318,0.783,3.413,0.636,4.831,0.304,5.136
1774005192425924470,1774005192421063421,1.086,2.404,0.541,4.031,0.357,4.388
1774005192457631830,1774005192451205442,0.022,4.251,0.791,5.063,0.169,5.232
1774005192475336376,1774005192471043338,0.028,2.003,0.565,2.596,0.019,2.615
1774005192506798357,1774005192501077453,0.680,2.579,2.110,5.370,0.018,5.388
1774005192525123618,1774005192521052792,0.588,2.758,0.205,3.550,0.157,3.708
1774005192556069237,1774005192551057338,0.607,3.214,0.411,4.232,0.374,4.606
1774005192575192081,1774005192571037861,0.867,2.271,0.318,3.457,0.316,3.773
1774005192606237189,1774005192601080488,0.610,2.633,1.554,4.797,0.024,4.821
1774005192625796617,1774005192621027154,0.608,3.354,0.399,4.361,0.020,4.381
1774005192656599033,1774005192651161270,0.025,2.945,1.323,4.294,0.024,4.318
1774005192675630899,1774005192671076097,0.060,2.478,0.745,3.283,0.281,3.564
1774005192704038488,1774005192698728696,0.808,2.869,1.229,4.906,0.020,4.926
1774005192727062363,1774005192721010509,0.618,4.495,0.240,5.353,0.351,5.705
1774005192755961769,1774005192751060207,0.754,2.997,0.793,4.543,0.019,4.563
1774005192776436989,1774005192771041947,0.562,3.346,0.679,4.588,0.479,5.066
1774005192805407020,1774005192801046077,0.574,2.912,0.509,3.994,0.059,4.054
1774005192826238503,1774005192821120042,1.229,2.695,0.373,4.297,0.487,4.784
1774005192855610173,1774005192851103243,0.605,2.722,0.369,3.696,0.459,4.155
1774005192875777452,1774005192871037782,1.465,2.575,0.014,4.054,0.345,4.400
1774005192905383302,1774005192901101336,0.330,2.632,0.365,3.327,0.397,3.724
1774005192926520679,1774005192921119621,1.064,2.828,0.723,4.614,0.401,5.015
1774005192956969713,1774005192951050213,0.563,4.573,0.067,5.203,0.347,5.551
1774005192976049740,1774005192971097586,0.481,3.318,0.774,4.573,0.025,4.598
1774005193005741704,1774005193001052946,0.695,2.915,0.023,3.633,0.661,4.294
1774005193025185257,1774005193021058686,1.427,2.280,0.053,3.760,0.020,3.780
1774005193055729013,1774005193051042432,0.936,2.756,0.339,4.031,0.278,4.309
1774005193076505007,1774005193071040811,0.258,3.983,0.293,4.534,0.367,4.901
1774005193106244588,1774005193101095886,0.967,2.620,0.978,4.565,0.229,4.794
1774005193127616368,1774005193121084186,0.372,5.630,0.022,6.025,0.016,6.040
1774005193155974324,1774005193151058363,0.685,2.746,0.829,4.260,0.321,4.581
1774005193176024257,1774005193171033510,0.420,3.322,0.192,3.934,0.540,4.474
1774005193205550554,1774005193201036040,0.479,2.616,0.340,3.436,0.654,4.090
1774005193224891546,1774005193221030484,0.500,2.897,0.021,3.419,0.016,3.435
1774005193255587464,1774005193251041973,0.464,2.927,0.281,3.672,0.449,4.120
1774005193275751799,1774005193271075618,0.539,3.009,0.445,3.992,0.363,4.355
1774005193306551879,1774005193301101924,0.419,3.435,0.023,3.877,1.094,4.971
1774005193326742166,1774005193321013454,0.806,3.705,0.381,4.892,0.411,5.304
1774005193355985482,1774005193351085617,0.718,2.958,0.522,4.198,0.356,4.554
1774005193378726248,1774005193371006971,0.025,0.016,0.009,0.049,0.013,0.061
1774005193406135642,1774005193401174144,1.869,1.887,0.095,3.851,0.794,4.645
1774005193437488949,1774005193431231267,0.744,3.399,0.022,4.165,0.027,4.192
1774005193455669759,1774005193451014251,0.022,2.604,0.218,2.844,0.260,3.104
1774005193485582655,1774005193481023437,0.689,3.005,0.492,4.185,0.022,4.207
1774005193506695296,1774005193501105338,0.559,3.055,1.540,5.154,0.021,5.175
1774005193536215384,1774005193531091739,0.772,2.771,0.017,3.560,1.126,4.686
1774005193556713293,1774005193551024006,0.022,2.872,0.152,3.045,0.911,3.956
1774005193588200330,1774005193581040168,1.109,4.816,0.755,6.680,0.089,6.769
1774005193606065903,1774005193601055668,0.667,2.925,0.698,4.290,0.370,4.660
1774005193635751275,1774005193631043925,1.029,2.528,0.734,4.291,0.020,4.310
1774005193657186961,1774005193651055393,1.119,3.376,0.601,5.097,0.634,5.731
1774005193686258850,1774005193681061123,0.396,4.161,0.016,4.572,0.016,4.588
1774005193706772343,1774005193701016910,0.987,2.977,0.432,4.396,1.050,5.446
1774005193735736102,1774005193731041744,1.764,2.134,0.017,3.915,0.418,4.333
1774005193756893990,1774005193751110717,0.934,3.421,0.398,4.752,0.392,5.145
1774005193785164745,1774005193781053406,0.637,3.059,0.018,3.714,0.017,3.730
1774005193805716382,1774005193801060746,0.557,3.280,0.475,4.312,0.018,4.331
1774005193836649585,1774005193831059083,1.552,3.479,0.016,5.046,0.212,5.258
1774005193856565883,1774005193851040023,0.412,4.045,0.474,4.931,0.018,4.948
1774005193885354343,1774005193881037944,0.024,2.479,0.314,2.817,0.379,3.196
1774005193905548598,1774005193901044196,1.676,1.540,0.262,3.478,0.625,4.103
1774005193937481051,1774005193931174440,1.477,2.527,0.318,4.322,1.115,5.437
1774005193956747097,1774005193951060626,0.613,4.035,0.242,4.889,0.435,5.324
1774005193985105245,1774005193981038067,0.283,2.000,0.015,2.298,0.036,2.333
1774005194005557585,1774005194001021087,0.587,2.775,0.836,4.198,0.021,4.219
1774005194036188926,1774005194031041601,1.268,2.598,0.278,4.143,0.635,4.778
1774005194055614912,1774005194051010412,0.022,2.741,0.769,3.532,0.052,3.583
1774005194087328673,1774005194081070607,1.964,3.560,0.047,5.571,0.320,5.891
1774005194106241209,1774005194101027130,1.729,1.944,0.491,4.163,0.709,4.872
1774005194135803954,1774005194131031676,0.734,3.626,0.023,4.383,0.017,4.400
1774005194156958035,1774005194151188554,0.621,3.794,0.320,4.735,0.521,5.256
1774005194186620047,1774005194181022313,0.599,2.822,0.313,3.734,1.553,5.286
1774005194205181856,1774005194201025205,0.556,2.847,0.017,3.420,0.390,3.810
1774005194237464395,1774005194231097528,0.932,2.613,1.972,5.517,0.259,5.776
1774005194257038352,1774005194251112676,1.814,1.954,1.732,5.499,0.025,5.525
1774005194285949085,1774005194281192967,0.836,3.454,0.024,4.314,0.064,4.379
1774005194307565671,1774005194301183827,0.588,3.070,1.144,4.802,1.239,6.040
1774005194335135356,1774005194331024145,0.507,2.988,0.014,3.510,0.169,3.678
1774005194355664241,1774005194351042237,0.704,2.813,0.304,3.821,0.470,4.291
1774005194385966713,1774005194381092736,0.899,3.082,0.195,4.175,0.407,4.583
1774005194406624752,1774005194401087276,1.497,3.011,0.601,5.109,0.022,5.131
1774005194435844804,1774005194431042733,0.642,2.870,0.372,3.885,0.427,4.311
1774005194455926929,1774005194451015000,1.417,2.837,0.230,4.483,0.016,4.499
1774005194485350056,1774005194481041338,1.100,2.135,0.344,3.579,0.369,3.947
1774005194507218038,1774005194501028678,0.021,2.889,0.273,3.183,2.021,5.204
1774005194536116292,1774005194530996263,1.234,2.096,0.767,4.098,0.017,4.115
1774005194555447939,1774005194551024531,0.901,2.570,0.124,3.595,0.515,4.110
1774005194586572346,1774005194581018837,0.082,3.521,0.379,3.982,0.069,4.051
1774005194608189059,1774005194601025408,0.569,4.805,0.194,5.567,1.268,6.835
1774005194635602677,1774005194631185541,0.021,2.865,0.196,3.082,0.275,3.358
1774005194656279437,1774005194651150928,0.025,2.385,0.268,2.678,0.287,2.965
1774005194685444704,1774005194681008399,1.167,2.124,0.728,4.019,0.057,4.076
1774005194705741489,1774005194700968410,0.552,2.578,0.776,3.907,0.546,4.452
1774005194735858709,1774005194731108415,0.518,3.451,0.414,4.384,0.023,4.407
1774005194755582620,1774005194751061769,0.523,3.511,0.018,4.053,0.056,4.109
1774005194785872707,1774005194781047915,0.504,2.639,1.059,4.202,0.221,4.423
1774005194805472007,1774005194801010934,0.902,3.158,0.016,4.076,0.043,4.119
1774005194836073876,1774005194831133818,0.579,2.858,1.108,4.545,0.033,4.577
1774005194857110322,1774005194851188679,0.571,4.608,0.168,5.347,0.305,5.652
1774005194885643481,1774005194881137223,0.973,2.815,0.055,3.843,0.280,4.123
1774005194905467362,1774005194901020401,0.731,3.059,0.274,4.064,0.022,4.086
1774005194935323329,1774005194931016083,1.349,2.008,0.020,3.376,0.591,3.967
1774005194958328228,1774005194951078944,1.090,5.055,0.710,6.856,0.019,6.875
1774005194985352495,1774005194981047681,0.554,2.871,0.252,3.678,0.313,3.991
1774005195005273913,1774005195001218928,0.536,3.027,0.019,3.582,0.125,3.707
1774005195035007158,1774005195031020078,0.559,2.668,0.403,3.630,0.022,3.652
1774005195056366107,1774005195051511746,0.796,2.671,0.474,3.941,0.482,4.423
1774005195086509183,1774005195081180638,0.744,3.287,0.526,4.556,0.435,4.991
1774005195108554256,1774005195101139529,3.276,2.026,0.808,6.109,0.023,6.132
1774005195136418635,1774005195131080746,1.008,3.457,0.082,4.547,0.380,4.927
1774005195156049360,1774005195151006324,0.586,3.792,0.020,4.399,0.327,4.726
1774005195186549051,1774005195181030710,0.020,2.900,1.540,4.460,0.026,4.485
1774005195207948960,1774005195201030786,0.575,4.738,0.476,5.790,0.454,6.244
1774005195235394451,1774005195231021348,1.333,2.157,0.016,3.506,0.486,3.992
1774005195256548820,1774005195251012559,0.458,3.300,0.692,4.449,0.597,5.047
1774005195285888298,1774005195281007857,1.428,2.159,0.025,3.612,0.941,4.553
1774005195308318466,1774005195301197024,0.028,4.818,0.370,5.217,0.625,5.841
1774005195337095501,1774005195331078880,0.021,4.261,0.659,4.941,0.019,4.960
1774005195355494236,1774005195351008970,1.508,2.103,0.506,4.117,0.026,4.143
1774005195385668673,1774005195381010988,0.924,2.868,0.074,3.866,0.463,4.329
1774005195416079818,1774005195411123312,0.798,3.678,0.058,4.534,0.014,4.548
1774005195436211320,1774005195431015034,0.956,3.124,0.747,4.827,0.022,4.849
1774005195466464286,1774005195461068604,0.631,3.357,0.404,4.393,0.674,5.068
1774005195486426409,1774005195481019623,0.761,3.133,0.913,4.807,0.289,5.096
1774005195515311543,1774005195511248397,0.558,2.888,0.238,3.685,0.020,3.706
1774005195535417381,1774005195531184664,0.500,3.308,0.014,3.823,0.064,3.886
1774005195566169812,1774005195561101624,0.601,3.358,0.499,4.458,0.281,4.740
1774005195586238273,1774005195581064259,0.021,3.621,0.265,3.908,0.289,4.197
1774005195615519702,1774005195611002275,0.541,3.017,0.572,4.130,0.072,4.202
1774005195635917897,1774005195631013423,0.997,3.504,0.019,4.520,0.016,4.536
1774005195658208382,1774005195653084545,0.633,2.678,0.716,4.027,0.341,4.368
1774005195685733907,1774005195681146527,1.480,1.793,0.902,4.174,0.056,4.230
1774005195716763687,1774005195711050975,1.922,2.745,0.297,4.964,0.235,5.199
1774005195735997285,1774005195731042667,0.709,2.865,0.986,4.561,0.019,4.580
1774005195765650560,1774005195761022092,0.592,2.915,0.311,3.817,0.391,4.208
1774005195786043475,1774005195781017560,0.790,3.054,0.824,4.668,0.024,4.692
1774005195815728239,1774005195811043962,0.521,2.927,0.439,3.887,0.326,4.214
1774005195836275269,1774005195831127847,0.688,3.334,0.339,4.362,0.404,4.766
1774005195856154799,1774005195851253046,0.620,3.229,0.092,3.941,0.653,4.594
1774005195886008654,1774005195880298982,1.583,3.003,0.717,5.303,0.074,5.377
1774005195905869527,1774005195901016735,1.241,1.872,0.605,3.718,0.781,4.498
1774005195936331873,1774005195931002880,0.682,3.694,0.567,4.943,0.044,4.987
1774005195955555647,1774005195951008748,0.795,2.804,0.581,4.181,0.020,4.201
1774005195984652880,1774005195981013038,1.268,2.025,0.016,3.309,0.010,3.319
1774005196006662368,1774005196001021114,0.604,3.690,0.664,4.957,0.336,5.294
1774005196036495903,1774005196031052924,0.890,3.438,0.238,4.567,0.505,5.072
1774005196056409929,1774005196051015207,1.367,3.585,0.020,4.971,0.063,5.034
1774005196085831104,1774005196081015689,0.613,2.947,0.232,3.792,0.624,4.417
1774005196106270708,1774005196101001716,0.667,2.865,1.324,4.857,0.071,4.927
1774005196137291177,1774005196131056855,0.601,4.167,0.524,5.292,0.618,5.911
1774005196156553895,1774005196151103812,0.553,3.784,0.022,4.358,0.700,5.058
1774005196185974398,1774005196181049221,0.022,2.507,0.513,3.041,0.432,3.473
1774005196205639780,1774005196201025008,0.560,3.049,0.019,3.628,0.562,4.190
1774005196236647192,1774005196231055634,1.359,2.237,0.177,3.773,0.785,4.558
1774005196256266973,1774005196251036830,1.665,2.156,0.342,4.162,0.677,4.839
1774005196286588804,1774005196280957662,0.854,3.131,0.100,4.085,0.537,4.622
1774005196308983836,1774005196301050411,3.511,3.362,0.058,6.930,0.645,7.575
1774005196336680787,1774005196331102926,0.067,2.875,1.377,4.319,0.021,4.340
1774005196356554685,1774005196351112730,1.512,2.198,0.175,3.885,1.143,5.028
1774005196385491883,1774005196380950329,0.761,2.864,0.260,3.885,0.315,4.200
1774005196405635290,1774005196400973285,0.320,2.806,0.313,3.438,0.603,4.041
1774005196436854802,1774005196430959398,0.828,2.706,0.384,3.918,0.826,4.744
1774005196455736649,1774005196451066900,0.061,2.988,0.019,3.069,0.152,3.220
1774005196485587816,1774005196481043989,0.681,2.711,0.778,4.171,0.023,4.194
1774005196506303137,1774005196501303462,0.559,3.262,0.710,4.531,0.024,4.556
1774005196536473478,1774005196530994626,0.584,2.989,0.548,4.121,0.968,5.090
1774005196555881191,1774005196551179857,1.891,2.295,0.020,4.206,0.014,4.220
1774005196585704069,1774005196581157523,1.096,2.365,0.017,3.477,0.730,4.207
1774005196606248891,1774005196601008604,0.897,2.706,0.045,3.648,1.115,4.763
1774005196636238460,1774005196630992733,0.782,2.738,0.657,4.176,0.741,4.917
1774005196655728575,1774005196651029001,0.825,2.782,0.308,3.915,0.414,4.329
1774005196685293753,1774005196680951114,0.445,3.067,0.019,3.532,0.216,3.747
1774005196705928592,1774005196701022551,0.936,3.597,0.020,4.553,0.020,4.573
1774005196735599404,1774005196731007320,1.148,2.722,0.054,3.924,0.340,4.264
1774005196756237955,1774005196751017572,0.662,3.624,0.195,4.482,0.363,4.845
1774005196785984160,1774005196781025830,0.574,3.316,0.248,4.138,0.482,4.620
1774005196817182936,1774005196811031336,0.667,3.073,0.583,4.323,1.569,5.892
1774005196837662284,1774005196831030772,0.772,4.442,0.966,6.180,0.020,6.200
1774005196866402551,1774005196860989493,0.569,3.216,0.791,4.576,0.357,4.932
1774005196885618485,1774005196880998721,1.158,2.720,0.019,3.897,0.380,4.277
1774005196915410387,1774005196911063812,1.130,2.126,0.584,3.840,0.151,3.991
1774005196936417073,1774005196931155281,0.690,3.047,0.695,4.431,0.511,4.942
1774005196968025040,1774005196961034641,0.799,4.546,0.961,6.306,0.339,6.645
1774005196986655107,1774005196981039964,1.030,2.735,0.513,4.278,1.008,5.287
1774005197016469313,1774005197011045246,1.905,1.672,1.476,5.053,0.017,5.070
1774005197035446746,1774005197031001449,0.709,2.835,0.263,3.807,0.287,4.094
1774005197066798228,1774005197060997515,0.819,3.604,0.799,5.222,0.177,5.399
1774005197086263478,1774005197081003479,0.724,3.344,0.563,4.632,0.263,4.895
1774005197115807376,1774005197111126747,1.151,2.559,0.227,3.937,0.399,4.336
1774005197135647577,1774005197131082918,1.373,2.725,0.020,4.118,0.048,4.166
1774005197166293062,1774005197161159017,0.613,3.170,0.854,4.637,0.161,4.797
1774005197188192117,1774005197181222198,1.827,4.732,0.019,6.579,0.015,6.595
1774005197215738570,1774005197211010548,0.718,2.651,0.211,3.581,0.237,3.817
1774005197235832919,1774005197231088769,1.302,2.248,0.387,3.937,0.424,4.361
1774005197265881530,1774005197261054306,0.612,2.972,0.862,4.445,0.022,4.467
1774005197290236213,1774005197281019597,2.313,0.977,0.657,3.947,4.905,8.852
1774005197316933915,1774005197311037583,0.916,2.563,1.100,4.579,0.695,5.274
1774005197336513567,1774005197331058779,0.627,3.526,0.966,5.119,0.016,5.135
1774005197366579554,1774005197361158399,0.029,2.895,0.724,3.649,0.400,4.048
1774005197386118597,1774005197381171979,0.608,2.762,0.917,4.287,0.311,4.598
1774005197412239392,1774005197403737382,0.608,7.431,0.020,8.060,0.019,8.078
1774005197436000400,1774005197431108343,0.657,3.476,0.137,4.271,0.263,4.534
1774005197465498441,1774005197461061368,1.057,2.318,0.649,4.024,0.057,4.081
1774005197485595959,1774005197481148070,0.648,2.586,0.200,3.434,0.677,4.112
1774005197511824788,1774005197506642645,0.637,3.282,0.236,4.155,0.604,4.760
1774005197536127950,1774005197531047633,0.729,3.118,0.382,4.229,0.533,4.761
1774005197565639143,1774005197561162837,1.604,1.869,0.317,3.790,0.371,4.160
1774005197585946296,1774005197581007582,0.425,2.647,0.407,3.479,0.757,4.236
1774005197615722550,1774005197610999616,1.553,2.146,0.442,4.140,0.188,4.328
1774005197635577631,1774005197631012908,0.060,3.093,0.051,3.204,0.016,3.220
1774005197666432016,1774005197661021198,0.518,3.334,0.019,3.870,0.988,4.858
1774005197685998452,1774005197681138172,1.936,1.619,0.019,3.574,0.013,3.587
1774005197715094245,1774005197711002619,1.015,2.404,0.018,3.436,0.313,3.749
1774005197735709340,1774005197731012039,1.658,2.123,0.015,3.797,0.586,4.383
1774005197768458576,1774005197761072874,1.367,1.823,0.181,3.371,3.420,6.791
1774005197787209445,1774005197781037941,1.473,2.354,1.693,5.520,0.256,5.776
1774005197815241667,1774005197811021238,0.497,3.120,0.019,3.636,0.016,3.653
1774005197835905083,1774005197831037602,0.024,3.047,0.461,3.532,0.246,3.778
1774005197866154177,1774005197860996387,0.022,3.208,0.310,3.540,0.557,4.097
1774005197885569410,1774005197881105649,0.023,2.792,0.062,2.877,0.591,3.468
1774005197916023212,1774005197911133043,0.738,2.897,0.050,3.685,0.835,4.520
1774005197936582722,1774005197930991645,0.026,3.395,0.374,3.795,0.596,4.392
1774005197966059482,1774005197960997246,1.232,3.137,0.017,4.386,0.258,4.644
1774005197985784865,1774005197981011402,1.241,2.526,0.285,4.051,0.235,4.286
1774005198016204043,1774005198011000300,1.198,2.556,0.571,4.324,0.314,4.638
1774005198035801775,1774005198031016760,1.485,2.156,0.767,4.409,0.025,4.433
1774005198065588589,1774005198061032026,1.219,2.418,0.300,3.936,0.278,4.214
1774005198085089264,1774005198081022150,0.571,2.640,0.298,3.510,0.206,3.716
1774005198116175269,1774005198111068840,0.593,3.302,0.620,4.515,0.268,4.783
1774005198135872683,1774005198131016243,1.529,2.769,0.016,4.314,0.140,4.454
1774005198165293315,1774005198161023445,0.487,3.358,0.017,3.862,0.011,3.873
1774005198186103165,1774005198181006785,0.890,2.847,0.324,4.061,0.647,4.708
1774005198215802265,1774005198211033795,0.564,3.003,0.391,3.958,0.458,4.416
1774005198235677379,1774005198231008718,1.118,2.404,0.045,3.566,0.742,4.308
1774005198265443712,1774005198261091601,1.471,2.096,0.370,3.937,0.045,3.982
1774005198285457901,1774005198281023964,0.023,2.318,0.021,2.362,0.012,2.374
1774005198316441280,1774005198311119039,0.754,3.702,0.238,4.694,0.320,5.014
1774005198334803598,1774005198331012457,0.025,2.658,0.023,2.706,0.063,2.769
1774005198365553758,1774005198361021451,0.653,3.321,0.019,3.993,0.195,4.188
1774005198385987377,1774005198380974422,1.694,2.960,0.019,4.674,0.014,4.688
1774005198416394682,1774005198411009176,0.620,3.021,0.296,3.937,1.071,5.008
1774005198436911056,1774005198430997796,0.627,3.915,0.548,5.090,0.457,5.547
1774005198466093346,1774005198461032966,0.633,2.991,0.754,4.379,0.298,4.677
1774005198485578213,1774005198480985745,0.504,3.726,0.016,4.247,0.014,4.261
1774005198515520326,1774005198511004883,0.575,2.840,0.339,3.754,0.378,4.132
1774005198535552306,1774005198531015103,1.085,2.610,0.470,4.165,0.015,4.180
1774005198566704777,1774005198561427913,0.642,3.748,0.496,4.887,0.019,4.906
1774005198585259994,1774005198580988109,0.578,2.702,0.571,3.850,0.054,3.903
1774005198615732773,1774005198610993486,1.374,2.160,0.017,3.551,0.838,4.389
1774005198636664481,1774005198631097468,0.023,2.586,0.975,3.584,0.022,3.606
1774005198668218751,1774005198660978716,2.782,2.946,0.021,5.749,0.604,6.352
1774005198685526266,1774005198681045097,0.503,2.440,1.105,4.048,0.021,4.069
1774005198715962916,1774005198710996714,0.621,3.389,0.020,4.030,0.603,4.632
1774005198736196884,1774005198731009654,1.366,2.320,0.405,4.091,0.708,4.799
1774005198766177493,1774005198761086265,1.149,2.904,0.634,4.687,0.019,4.706
1774005198785287025,1774005198781006851,0.653,2.760,0.513,3.926,0.016,3.942
1774005198815460502,1774005198811021989,0.750,2.760,0.019,3.529,0.014,3.543
1774005198835430689,1774005198831043921,1.450,1.947,0.019,3.416,0.460,3.876
1774005198865722952,1774005198861020563,0.632,3.081,0.593,4.306,0.018,4.325
1774005198885336045,1774005198881054399,1.390,1.963,0.296,3.649,0.303,3.952
1774005198916998541,1774005198911036672,1.128,3.915,0.223,5.266,0.332,5.598
1774005198935455133,1774005198930997196,0.532,2.713,0.291,3.537,0.551,4.088
1774005198965698787,1774005198961000589,1.125,2.038,0.918,4.080,0.246,4.326
1774005198985879186,1774005198981031802,0.873,2.663,0.018,3.555,0.914,4.469
1774005199015893236,1774005199011012123,0.672,3.244,0.302,4.218,0.278,4.497
1774005199036770704,1774005199032638820,1.234,2.159,0.170,3.562,0.203,3.765
1774005199065728894,1774005199061036041,0.083,2.435,0.652,3.170,0.014,3.184
1774005199095229719,1774005199091112460,1.692,2.044,0.017,3.753,0.015,3.768
1774005199115044256,1774005199110994582,0.810,2.776,0.070,3.656,0.018,3.674
1774005199146599838,1774005199141016408,0.025,3.150,0.352,3.526,0.810,4.337
1774005199165910877,1774005199161001508,0.024,3.212,0.227,3.463,0.403,3.866
1774005199196016545,1774005199190969509,1.075,2.776,0.751,4.602,0.018,4.621
1774005199215382145,1774005199210978769,1.121,2.575,0.099,3.796,0.236,4.031
1774005199246534584,1774005199240975730,0.025,2.690,0.536,3.250,0.759,4.010
1774005199266252158,1774005199261050176,0.721,2.992,0.607,4.319,0.543,4.863
1774005199285878115,1774005199281828058,0.199,2.693,0.391,3.283,0.018,3.301
1774005199315521246,1774005199310984812,0.686,2.615,0.728,4.029,0.028,4.058
1774005199345798341,1774005199341019758,0.608,3.339,0.477,4.424,0.015,4.440
1774005199365668079,1774005199361006266,0.782,2.865,0.548,4.195,0.017,4.212
1774005199392939711,1774005199388348587,0.320,2.687,0.815,3.821,0.019,3.840
1774005199415829055,1774005199410994951,0.510,2.931,0.127,3.568,0.860,4.429
1774005199437907473,1774005199432776659,0.916,2.404,1.234,4.554,0.197,4.751
1774005199466202708,1774005199461028309,1.631,1.875,1.240,4.745,0.018,4.763
1774005199485518899,1774005199481070850,0.947,3.006,0.015,3.968,0.020,3.988
1774005199515799418,1774005199510994850,0.615,3.305,0.383,4.303,0.091,4.394
1774005199534808724,1774005199530991022,0.943,2.466,0.021,3.429,0.026,3.455
1774005199565967242,1774005199561011632,1.103,2.922,0.489,4.514,0.025,4.539
1774005199585067590,1774005199580998492,0.679,2.865,0.018,3.562,0.146,3.709
1774005199615257419,1774005199611013054,0.778,2.720,0.018,3.516,0.371,3.886
1774005199635347321,1774005199631005098,0.022,2.987,0.022,3.031,0.067,3.098
1774005199665704449,1774005199661037132,0.762,2.857,0.668,4.287,0.016,4.303
1774005199686748000,1774005199680998743,0.628,4.089,0.536,5.252,0.096,5.348
1774005199715389705,1774005199710999289,1.183,2.850,0.017,4.050,0.015,4.064
1774005199735152240,1774005199731014181,0.509,2.623,0.227,3.358,0.401,3.760
1774005199765568889,1774005199761032583,0.832,3.306,0.023,4.162,0.018,4.180
1774005199785860011,1774005199781008402,0.996,2.842,0.603,4.440,0.018,4.459
1774005199814887835,1774005199811027700,0.729,2.669,0.020,3.418,0.072,3.490
1774005199835652660,1774005199831001152,0.723,2.773,0.017,3.513,0.779,4.292
1774005199866369731,1774005199861026146,1.027,2.484,0.476,3.987,0.403,4.390
1774005199885862214,1774005199880994125,1.487,1.796,1.146,4.429,0.019,4.447
1774005199915682820,1774005199910981711,1.135,2.317,0.202,3.654,0.716,4.369
1774005199935720081,1774005199930968826,1.199,2.481,0.425,4.104,0.319,4.424
1774005199965639537,1774005199961008701,0.524,3.332,0.346,4.202,0.042,4.244
1774005199995451791,1774005199990971838,0.025,3.308,0.046,3.378,0.009,3.387
1774005200015790209,1774005200011089164,1.211,2.487,0.378,4.076,0.323,4.399
1774005200047680933,1774005200040999468,0.516,2.652,0.812,3.981,1.409,5.390
1774005200065659244,1774005200061023768,0.575,3.274,0.231,4.080,0.231,4.312
1774005200095682607,1774005200091023386,0.653,2.456,0.283,3.392,0.232,3.624
1774005200115923647,1774005200110986629,0.890,3.458,0.019,4.367,0.211,4.578
1774005200146577965,1774005200141122089,0.591,3.175,1.237,5.004,0.024,5.028
1774005200166614649,1774005200161164310,1.574,2.839,0.275,4.688,0.443,5.132
1774005200195316835,1774005200190991796,1.126,2.059,0.020,3.204,0.519,3.724
1774005200215486258,1774005200210980608,1.016,2.269,0.567,3.852,0.297,4.149
1774005200247103729,1774005200240989154,0.545,3.923,0.053,4.520,1.271,5.792
1774005200266173612,1774005200261118160,1.473,2.966,0.012,4.451,0.250,4.701
1774005200296731480,1774005200291104434,0.578,3.510,0.627,4.714,0.601,5.316
1774005200315663632,1774005200310980891,0.051,2.845,0.683,3.579,0.050,3.629
1774005200347903131,1774005200341039582,0.575,4.366,1.243,6.185,0.325,6.509
1774005200365246967,1774005200360989929,0.746,3.113,0.019,3.879,0.016,3.895
1774005200396117256,1774005200391155950,0.876,2.993,0.681,4.550,0.020,4.570
1774005200413631399,1774005200408887056,0.072,2.891,0.288,3.251,0.415,3.666
1774005200447063911,1774005200440993528,1.190,2.962,1.566,5.718,0.021,5.739
1774005200466181603,1774005200461022213,0.600,3.611,0.243,4.454,0.317,4.772
1774005200495485720,1774005200491002694,0.586,2.492,1.026,4.103,0.017,4.121
1774005200516522006,1774005200510968561,0.024,2.833,0.859,3.716,0.019,3.735
1774005200547534603,1774005200541399067,1.225,2.299,2.174,5.698,0.087,5.785
1774005200566468739,1774005200561034432,1.208,3.849,0.017,5.074,0.016,5.090
1774005200596255105,1774005200591057858,0.191,3.350,0.420,3.961,0.516,4.477
1774005200616518514,1774005200611022094,1.944,2.206,0.833,4.984,0.058,5.042
1774005200645881960,1774005200640971470,1.004,2.626,0.910,4.540,0.023,4.563
1774005200666059191,1774005200660970650,1.783,2.900,0.020,4.702,0.044,4.747
1774005200695413901,1774005200690984444,1.172,1.941,0.310,3.422,0.707,4.129
1774005200715926050,1774005200711015593,0.642,3.173,0.306,4.121,0.434,4.555
1774005200748060331,1774005200740989962,1.337,4.011,1.331,6.679,0.029,6.708
1774005200765739340,1774005200760988118,1.145,2.438,0.228,3.811,0.480,4.291
1774005200795404072,1774005200791023736,0.624,2.802,0.602,4.028,0.018,4.046
1774005200815398228,1774005200811018244,0.263,3.077,0.016,3.356,0.339,3.695
1774005200845551224,1774005200840982981,0.695,2.620,0.852,4.167,0.022,4.189
1774005200865995116,1774005200860976561,0.020,3.142,0.311,3.473,0.531,4.003
1774005200896030574,1774005200890960818,0.024,2.686,0.310,3.020,0.788,3.808
1774005200916009114,1774005200910978654,0.692,3.869,0.053,4.615,0.012,4.627
1774005200945310223,1774005200940969824,0.489,2.822,0.611,3.922,0.024,3.947
1774005200966647315,1774005200960991148,0.022,3.475,0.309,3.805,0.328,4.134
1774005200995064920,1774005200991014286,0.872,2.633,0.016,3.521,0.204,3.725
1774005201015398474,1774005201011000762,0.550,2.918,0.165,3.632,0.432,4.065
1774005201046254267,1774005201040981243,0.556,4.311,0.020,4.888,0.015,4.903
1774005201066009571,1774005201061020840,1.042,2.954,0.570,4.566,0.051,4.617
1774005201100965407,1774005201090977161,0.629,8.669,0.047,9.345,0.255,9.600
1774005201116003216,1774005201111015445,0.543,3.157,0.912,4.612,0.019,4.632
1774005201150161341,1774005201140971350,1.287,6.977,0.543,8.806,0.025,8.831
1774005201166118080,1774005201161198342,0.535,3.369,0.215,4.119,0.454,4.573
1774005201195399444,1774005201191079718,0.936,2.862,0.023,3.821,0.017,3.838
1774005201215951498,1774005201211050545,0.605,3.847,0.027,4.479,0.019,4.498
1774005201245798377,1774005201240974450,0.650,2.778,0.550,3.979,0.474,4.452
1774005201265360877,1774005201260972765,0.660,3.170,0.017,3.846,0.206,4.052
1774005201295853016,1774005201291171747,0.727,3.488,0.019,4.234,0.019,4.253
1774005201316081960,1774005201311110573,2.266,2.288,0.008,4.562,0.007,4.569
1774005201346218668,1774005201341065934,0.771,3.167,0.020,3.959,0.847,4.806
1774005201366179383,1774005201360995673,0.922,3.903,0.020,4.845,0.013,4.858
1774005201396067543,1774005201390996411,0.838,2.756,0.916,4.511,0.186,4.697
1774005201415612507,1774005201410934053,0.546,3.324,0.020,3.890,0.434,4.324
1774005201445289750,1774005201441041033,0.499,2.709,0.352,3.560,0.198,3.758
1774005201465388388,1774005201461069014,0.876,2.402,0.017,3.294,0.014,3.308
1774005201496014673,1774005201491128216,0.999,2.835,0.195,4.029,0.537,4.566
1774005201515666807,1774005201511063555,0.021,2.708,0.827,3.556,0.017,3.573
1774005201546824142,1774005201541095525,0.563,3.918,0.592,5.073,0.188,5.261
1774005201567532230,1774005201561192435,2.920,2.073,0.308,5.300,0.674,5.974
1774005201596609719,1774005201591035314,0.852,3.682,0.498,5.032,0.215,5.247
1774005201615463854,1774005201610929692,0.022,3.516,0.019,3.557,0.014,3.571
1774005201645890776,1774005201640903229,0.076,3.219,0.017,3.312,0.577,3.888
1774005201665553342,1774005201660968842,0.668,2.579,1.014,4.261,0.016,4.276
1774005201695994823,1774005201690980076,0.609,2.956,1.043,4.609,0.059,4.667
1774005201715665517,1774005201710991032,0.640,3.205,0.463,4.308,0.022,4.330
1774005201746903685,1774005201741008186,1.032,2.913,0.967,4.913,0.618,5.531
1774005201766218053,1774005201761007142,1.084,2.934,0.827,4.845,0.024,4.868
1774005201795134003,1774005201790976263,1.182,2.138,0.063,3.383,0.399,3.781
1774005201816041295,1774005201810988755,0.593,3.482,0.064,4.139,0.542,4.681
1774005201845930927,1774005201840990837,1.077,2.757,0.364,4.198,0.328,4.526
1774005201875490057,1774005201870979351,1.598,2.091,0.358,4.048,0.016,4.064
1774005201895563798,1774005201890953282,0.556,2.878,0.581,4.015,0.273,4.288
1774005201927630013,1774005201920966084,0.023,4.728,0.874,5.626,0.019,5.645
1774005201947666506,1774005201940980688,0.020,4.479,0.782,5.282,0.322,5.604
1774005201976462294,1774005201970992562,0.663,2.692,0.489,3.844,0.527,4.371
1774005201995712340,1774005201991019838,0.492,3.077,0.017,3.587,0.012,3.599
1774005202026015611,1774005202020985984,0.541,3.818,0.017,4.376,0.016,4.392
1774005202046335117,1774005202040974475,0.224,4.426,0.018,4.668,0.013,4.681
1774005202075417374,1774005202071080751,1.290,2.227,0.232,3.749,0.264,4.012
1774005202095847922,1774005202091136476,0.730,2.969,0.391,4.089,0.266,4.355
1774005202125590383,1774005202121000539,1.881,1.823,0.236,3.940,0.301,4.241
1774005202147533086,1774005202140907365,0.652,4.474,0.714,5.840,0.501,6.341
1774005202174610090,1774005202171076202,0.022,2.344,0.016,2.383,0.016,2.399
1774005202196022512,1774005202190971508,0.848,3.620,0.016,4.484,0.189,4.673
1774005202225042016,1774005202221003766,1.102,2.429,0.019,3.549,0.066,3.614
1774005202247960001,1774005202240980514,0.556,2.808,3.292,6.655,0.024,6.680
1774005202275673145,1774005202270921347,0.636,2.696,0.637,3.970,0.431,4.401
1774005202295040793,1774005202289843579,1.375,2.464,0.062,3.902,0.017,3.919
1774005202325611494,1774005202321059539,0.778,3.029,0.070,3.877,0.364,4.242
1774005202345909655,1774005202341038046,0.686,3.214,0.678,4.577,0.023,4.600
1774005202376300512,1774005202371021440,0.063,2.472,0.505,3.040,0.828,3.869
1774005202396408910,1774005202388811075,0.648,5.608,0.757,7.012,0.022,7.035
1774005202426108970,1774005202420959372,0.904,3.219,0.050,4.174,0.294,4.468
1774005202446935877,1774005202441068314,1.024,3.007,1.372,5.403,0.144,5.547
1774005202476374812,1774005202471003099,0.024,3.007,0.250,3.281,0.353,3.633
1774005202496116163,1774005202490948325,0.880,2.910,1.048,4.839,0.018,4.857
1774005202526245352,1774005202521095434,1.114,1.915,0.498,3.527,0.254,3.781
1774005202541424124,1774005202536424449,0.559,3.103,0.010,3.673,0.636,4.309
1774005202576116339,1774005202570981589,0.022,2.819,1.109,3.950,0.017,3.967
1774005202596195904,1774005202591044898,0.658,3.299,0.316,4.273,0.351,4.624
1774005202624635238,1774005202619946192,1.459,2.224,0.411,4.093,0.305,4.398
1774005202646677079,1774005202641012783,5.142,0.029,0.013,5.184,0.020,5.204
1774005202677790797,1774005202671175092,1.042,4.612,0.546,6.199,0.017,6.215
1774005202696334622,1774005202691397540,1.083,2.245,0.192,3.521,1.050,4.571
1774005202726399713,1774005202721044159,1.784,2.694,0.372,4.850,0.018,4.867
1774005202748341040,1774005202740940457,0.020,6.291,0.018,6.329,0.048,6.377
1774005202774837362,1774005202770993388,0.631,2.609,0.017,3.258,0.262,3.519
1774005202796234775,1774005202791119098,0.534,2.973,1.130,4.637,0.016,4.653
1774005202825288840,1774005202821018170,0.617,2.566,0.360,3.543,0.290,3.833
1774005202847099957,1774005202840994310,0.023,2.779,1.997,4.799,0.295,5.094
1774005202875006832,1774005202871001928,1.278,2.150,0.016,3.445,0.242,3.687
1774005202895632168,1774005202890948850,0.607,3.068,0.148,3.823,0.478,4.301
1774005202927347913,1774005202921227161,1.754,3.401,0.015,5.169,0.429,5.598
1774005202946804235,1774005202940926336,0.826,4.674,0.020,5.520,0.016,5.536
1774005202974933130,1774005202970973698,0.024,2.202,0.019,2.246,0.365,2.611
1774005202995474720,1774005202990910605,1.274,2.929,0.020,4.222,0.018,4.240
1774005203030550654,1774005203021109298,0.021,8.405,0.020,8.446,0.014,8.460
1774005203048217248,1774005203041010076,0.380,4.179,1.998,6.557,0.023,6.580
1774005203076515266,1774005203070959069,0.071,2.847,0.766,3.685,0.668,4.353
1774005203099077373,1774005203090907752,0.022,3.358,2.866,6.246,0.578,6.825
1774005203126410702,1774005203120898218,1.140,2.810,0.857,4.807,0.280,5.087
1774005203150094525,1774005203141095865,3.434,4.494,0.191,8.120,0.419,8.539
1774005203176726146,1774005203170967833,0.697,4.674,0.020,5.391,0.014,5.405
1774005203195706267,1774005203190939588,0.026,1.513,0.611,2.150,0.264,2.414
1774005203225656636,1774005203221239819,1.359,1.957,0.342,3.657,0.399,4.056
1774005203245178751,1774005203240966162,1.369,2.094,0.019,3.482,0.404,3.887
1774005203276230036,1774005203270952372,0.565,3.664,0.426,4.655,0.271,4.926
1774005203296203583,1774005203290963360,0.021,3.801,0.021,3.843,0.016,3.859
1774005203325629174,1774005203320971746,1.241,2.084,0.947,4.272,0.053,4.325
1774005203347872843,1774005203340950509,0.531,3.976,2.035,6.543,0.068,6.611
1774005203376255024,1774005203370942863,0.756,3.042,0.334,4.133,0.849,4.982
1774005203395471981,1774005203390937627,0.519,2.869,0.543,3.931,0.273,4.204
1774005203426216252,1774005203421012478,1.072,2.927,0.336,4.336,0.440,4.776
1774005203445537820,1774005203441015146,1.016,2.458,0.621,4.094,0.050,4.145
1774005203475959301,1774005203470942282,0.021,3.468,0.327,3.815,0.257,4.072
1774005203496419994,1774005203491134681,0.669,2.918,1.258,4.845,0.025,4.870
1774005203524826174,1774005203520933848,1.170,2.382,0.018,3.570,0.014,3.583
1774005203547153813,1774005203541083814,0.576,4.897,0.022,5.495,0.138,5.633
1774005203576111171,1774005203570956838,1.436,2.494,0.239,4.168,0.626,4.795
1774005203595466148,1774005203591036275,1.531,1.992,0.127,3.651,0.479,4.130
1774005203626614138,1774005203620951507,0.025,2.408,0.611,3.044,0.328,3.372
1774005203647087311,1774005203640973376,0.023,3.391,0.663,4.077,0.522,4.598
1774005203676611112,1774005203671311687,0.024,2.909,1.213,4.146,0.021,4.167
1774005203697983469,1774005203691131344,0.610,5.088,0.019,5.717,0.017,5.734
1774005203726055019,1774005203720933966,0.900,2.469,0.965,4.335,0.401,4.736
1774005203746731620,1774005203740940570,1.206,4.212,0.018,5.436,0.013,5.449
1774005203775328556,1774005203770937692,0.941,3.112,0.019,4.072,0.013,4.085
1774005203795429209,1774005203790944232,0.021,2.431,0.282,2.734,0.527,3.261
1774005203825845443,1774005203820964650,0.970,3.338,0.009,4.318,0.205,4.522
1774005203847314729,1774005203841033815,1.529,2.655,0.949,5.133,0.611,5.743
1774005203877069287,1774005203871162619,1.385,2.837,0.018,4.241,1.314,5.555
1774005203897016050,1774005203891052261,0.889,2.946,1.749,5.583,0.021,5.604
1774005203926973043,1774005203920974822,0.694,3.033,0.664,4.391,1.219,5.610
1774005203946781723,1774005203940962961,1.081,2.607,1.590,5.278,0.074,5.352
1774005203976107505,1774005203970982771,0.920,2.739,1.094,4.752,0.023,4.775
1774005203996497540,1774005203990982655,1.355,2.280,0.750,4.385,0.687,5.072
1774005204026428740,1774005204020959937,0.023,2.568,0.335,2.926,1.357,4.283
1774005204046065929,1774005204041035470,1.339,1.639,1.358,4.335,0.021,4.356
1774005204076710263,1774005204071020623,0.940,3.616,0.327,4.883,0.427,5.310
1774005204097301101,1774005204090952410,1.147,4.261,0.267,5.674,0.361,6.035
1774005204125027846,1774005204120897115,0.709,2.672,0.018,3.399,0.012,3.411
1774005204149570020,1774005204140907911,1.002,7.242,0.022,8.266,0.016,8.282
1774005204176142920,1774005204170924009,0.991,3.827,0.019,4.837,0.048,4.884
1774005204195766797,1774005204190906804,0.579,2.916,0.919,4.413,0.063,4.476
1774005204225121891,1774005204220954039,0.025,2.348,0.248,2.621,0.279,2.900
1774005204246651531,1774005204240924706,0.961,4.359,0.006,5.327,0.013,5.339
1774005204276497930,1774005204271085607,1.047,2.886,1.124,5.057,0.019,5.076
1774005204295897515,1774005204291040530,0.802,3.655,0.017,4.473,0.013,4.487
1774005204325062397,1774005204321006579,1.149,2.183,0.019,3.352,0.259,3.610
1774005204348843438,1774005204340965567,0.903,6.145,0.019,7.067,0.507,7.574
1774005204375822585,1774005204370979873,0.600,2.849,1.018,4.467,0.024,4.491
1774005204396187147,1774005204391080238,1.194,2.573,0.801,4.568,0.018,4.586
1774005204426048618,1774005204421091184,1.597,2.110,0.823,4.530,0.022,4.552
1774005204448161309,1774005204441016923,0.545,2.969,3.274,6.788,0.029,6.817
1774005204475941910,1774005204471444324,0.381,3.134,0.127,3.643,0.217,3.859
1774005204497558111,1774005204490919015,1.409,2.709,0.620,4.738,1.598,6.336
1774005204525436539,1774005204521023914,0.061,3.120,0.017,3.199,0.014,3.213
1774005204546924098,1774005204541022710,0.983,2.143,2.011,5.138,0.388,5.526
1774005204575199428,1774005204571030904,0.020,2.522,0.347,2.889,0.022,2.912
1774005204595246257,1774005204590907234,0.604,2.981,0.018,3.604,0.437,4.041
1774005204628838100,1774005204621037254,1.245,4.377,1.732,7.354,0.020,7.374
1774005204648947746,1774005204640962736,0.833,6.585,0.020,7.438,0.104,7.542
1774005204675931501,1774005204670910929,0.657,2.802,1.192,4.651,0.021,4.672
1774005204696569892,1774005204690935518,1.764,2.958,0.336,5.058,0.242,5.300
1774005204725517939,1774005204720923391,0.032,2.592,0.389,3.013,0.117,3.131
1774005204746749525,1774005204741153999,1.194,2.942,0.863,4.999,0.291,5.290
1774005204776726102,1774005204771085104,0.518,3.907,0.582,5.007,0.018,5.026
1774005204795422347,1774005204790925433,0.069,2.276,0.247,2.592,0.614,3.206
1774005204825154055,1774005204820944315,0.726,3.003,0.017,3.746,0.047,3.793
1774005204846573709,1774005204840927526,0.579,3.600,0.466,4.644,0.639,5.283
1774005204875735776,1774005204870983273,0.924,3.336,0.095,4.355,0.016,4.371
1774005204897384170,1774005204891062359,0.829,3.819,0.156,4.804,1.074,5.878
1774005204926088724,1774005204921023768,1.621,3.082,0.020,4.723,0.014,4.737
1774005204945126702,1774005204940966435,1.204,2.543,0.017,3.765,0.065,3.830
1774005204975699290,1774005204970950980,1.023,2.817,0.135,3.976,0.354,4.329
1774005204995808584,1774005204990953648,1.704,2.798,0.020,4.521,0.014,4.535
1774005205025840747,1774005205021124533,0.024,2.876,0.409,3.309,0.406,3.716
1774005205045611634,1774005205040902013,0.023,2.176,0.221,2.421,0.661,3.081
1774005205076122717,1774005205071011104,1.299,2.654,0.404,4.358,0.406,4.764
1774005205095762627,1774005205090917387,1.500,2.274,0.448,4.222,0.292,4.513
1774005205125796613,1774005205120948109,0.803,3.245,0.018,4.066,0.390,4.456
1774005205147460335,1774005205140941849,0.774,4.068,1.174,6.016,0.108,6.124
1774005205175873300,1774005205171238016,1.834,2.075,0.106,4.015,0.290,4.305
1774005205195873952,1774005205190899462,0.369,3.278,0.219,3.866,0.447,4.313
1774005205225694047,1774005205221009321,0.755,2.489,0.594,3.838,0.435,4.272
1774005205248530654,1774005205240905971,2.156,3.295,1.841,7.292,0.025,7.318
1774005205276639454,1774005205270937846,1.187,3.942,0.019,5.148,0.254,5.402
1774005205298070788,1774005205290874529,2.211,3.412,0.830,6.452,0.351,6.804
1774005205325327507,1774005205320905603,1.252,2.073,0.437,3.762,0.310,4.072
1774005205345405665,1774005205340910159,0.627,2.432,1.063,4.122,0.022,4.144
1774005205376870685,1774005205370928465,0.025,3.554,0.611,4.190,0.399,4.589
1774005205395937048,1774005205390929725,0.473,3.310,0.364,4.147,0.438,4.585
1774005205427079343,1774005205420967263,0.914,4.231,0.283,5.429,0.325,5.754
1774005205445052790,1774005205440911146,0.967,2.834,0.018,3.819,0.015,3.834
1774005205475387358,1774005205470975309,1.224,2.187,0.301,3.712,0.335,4.047
1774005205495577261,1774005205491015994,1.560,2.147,0.019,3.726,0.014,3.739
1774005205525120070,1774005205520941626,0.023,1.882,0.312,2.216,0.345,2.562
1774005205546716975,1774005205540993735,0.754,4.156,0.008,4.919,0.492,5.411
1774005205575628701,1774005205570931912,0.503,2.695,0.837,4.034,0.024,4.058
1774005205600002713,1774005205590975093,0.545,2.558,4.569,7.672,1.055,8.727
1774005205625235908,1774005205620934518,0.024,3.206,0.017,3.247,0.013,3.260
1774005205648975252,1774005205641127077,0.596,5.849,0.499,6.943,0.562,7.505
1774005205675994303,1774005205671049605,0.899,3.556,0.016,4.471,0.068,4.538
1774005205695776103,1774005205690938351,0.650,3.265,0.510,4.426,0.089,4.515
1774005205725555877,1774005205720938609,0.601,3.169,0.020,3.790,0.440,4.230
1774005205746885577,1774005205740981214,1.276,1.956,2.149,5.381,0.025,5.407
1774005205775816663,1774005205770932255,0.650,3.137,0.703,4.490,0.044,4.534
1774005205805234127,1774005205801067747,0.530,2.509,0.182,3.220,0.492,3.712
1774005205825611425,1774005205821052238,1.729,1.527,0.433,3.688,0.402,4.090
1774005205855327678,1774005205851034032,0.023,2.621,0.063,2.707,0.540,3.246
1774005205875694897,1774005205870933690,1.030,3.218,0.052,4.301,0.015,4.316
1774005205905301291,1774005205900944316,1.503,1.875,0.107,3.485,0.349,3.834
1774005205926044293,1774005205920918887,0.626,3.240,0.292,4.158,0.623,4.782
1774005205955485276,1774005205950944042,0.567,2.710,0.505,3.782,0.310,4.092
1774005205976004914,1774005205971049239,1.452,2.030,1.084,4.566,0.026,4.591
1774005206005268326,1774005206000933495,0.035,2.981,0.016,3.032,0.233,3.265
1774005206026536041,1774005206020954979,1.901,2.794,0.198,4.893,0.326,5.219
1774005206056262886,1774005206050943205,0.997,2.751,0.494,4.241,0.284,4.525
1774005206075697031,1774005206070946065,0.790,2.519,0.336,3.645,0.434,4.079
1774005206105329763,1774005206100947891,0.839,2.104,0.408,3.351,0.205,3.556
1774005206125830872,1774005206120943263,0.574,3.040,0.514,4.128,0.389,4.516
1774005206156096926,1774005206150914560,0.463,2.710,0.863,4.036,0.101,4.137
1774005206178865533,1774005206171108335,1.117,3.783,1.507,6.407,0.308,6.715
1774005206205565506,1774005206201161362,1.471,1.946,0.110,3.527,0.533,4.059
1774005206225231016,1774005206220893753,0.566,2.617,0.455,3.638,0.373,4.011
1774005206256046297,1774005206250941692,0.574,3.439,0.396,4.409,0.309,4.718
1774005206276586958,1774005206270922055,0.579,3.701,0.703,4.983,0.321,5.305
1774005206305960837,1774005206300966474,0.761,3.267,0.192,4.220,0.255,4.475
1774005206326806496,1774005206320937141,0.903,3.944,0.655,5.502,0.024,5.526
1774005206349938149,1774005206345176398,0.024,2.377,1.010,3.412,0.024,3.435
1774005206375596824,1774005206371104550,1.692,1.934,0.210,3.836,0.319,4.155
1774005206405113713,1774005206400973766,0.023,2.544,0.191,2.757,0.375,3.132
1774005206425933772,1774005206420990962,0.638,3.178,0.651,4.468,0.100,4.567
1774005206455976174,1774005206450935603,0.574,3.257,0.730,4.562,0.015,4.577
1774005206475352079,1774005206470950079,0.984,2.811,0.017,3.811,0.208,4.020
1774005206505651894,1774005206500911808,0.023,2.523,0.543,3.089,0.554,3.643
1774005206525366013,1774005206520912940,0.886,2.431,0.016,3.333,0.679,4.012
1774005206555912553,1774005206551220563,0.690,3.611,0.019,4.319,0.013,4.332
1774005206577646068,1774005206571008379,0.656,4.683,0.335,5.674,0.580,6.254
1774005206605505263,1774005206600922459,0.560,3.229,0.018,3.807,0.342,4.149
1774005206626544078,1774005206621315438,0.698,4.114,0.023,4.835,0.015,4.851
1774005206657415647,1774005206651246991,0.810,2.526,0.395,3.732,2.102,5.834
1774005206675955153,1774005206670922037,0.023,3.281,0.601,3.906,0.089,3.995
1774005206706001875,1774005206700974200,1.611,3.018,0.015,4.643,0.064,4.707
1774005206725139727,1774005206720946755,0.988,2.547,0.019,3.554,0.273,3.827
1774005206756176388,1774005206751265803,1.023,2.713,0.562,4.299,0.079,4.378
1774005206775363425,1774005206770987698,1.102,1.987,0.911,4.000,0.057,4.057
1774005206806753372,1774005206801089557,1.178,3.008,0.768,4.954,0.318,5.272
1774005206825211148,1774005206820929342,0.021,3.266,0.017,3.303,0.016,3.319
1774005206856229153,1774005206851025986,0.525,3.362,0.306,4.193,0.633,4.826
1774005206876661076,1774005206871265106,0.481,3.813,0.267,4.562,0.257,4.819
1774005206906060171,1774005206900942638,1.897,2.306,0.006,4.209,0.195,4.404
1774005206925989366,1774005206920918937,1.457,3.210,0.017,4.684,0.041,4.725
1774005206954956037,1774005206950905051,1.409,2.013,0.016,3.439,0.283,3.722
1774005206975883554,1774005206971046345,1.725,2.226,0.342,4.293,0.149,4.442
1774005207006714098,1774005207000930697,1.201,3.426,0.768,5.395,0.021,5.416
1774005207025488552,1774005207020920405,0.710,2.604,0.385,3.698,0.540,4.238
1774005207057213577,1774005207051011960,0.709,3.005,1.131,4.846,0.754,5.600
1774005207080083305,1774005207071009412,0.963,6.722,0.062,7.747,0.980,8.727
1774005207105053616,1774005207100891844,0.557,2.679,0.166,3.402,0.448,3.850
1774005207125644518,1774005207120915696,0.586,2.815,0.046,3.447,0.979,4.426
1774005207156735420,1774005207150848273,1.006,3.065,1.091,5.162,0.323,5.484
1774005207176815017,1774005207171093249,0.568,4.097,0.514,5.179,0.172,5.350
1774005207205899067,1774005207200926240,0.560,3.443,0.237,4.239,0.359,4.598
1774005207226338414,1774005207220902123,0.710,3.853,0.197,4.760,0.337,5.097
1774005207256222798,1774005207251033456,1.422,2.175,0.470,4.067,0.726,4.793
1774005207275459052,1774005207270926554,0.585,3.432,0.160,4.177,0.042,4.219
1774005207305536783,1774005207300976028,0.330,2.751,0.603,3.684,0.325,4.009
1774005207325840801,1774005207320965672,0.505,3.331,0.474,4.310,0.191,4.501
1774005207355952133,1774005207351006859,0.672,3.099,0.852,4.623,0.022,4.645
1774005207376470746,1774005207370912917,0.794,2.895,0.718,4.406,0.807,5.214
1774005207405201989,1774005207400960152,0.450,2.618,0.353,3.421,0.399,3.820
1774005207427059026,1774005207421196360,1.840,2.597,0.623,5.059,0.440,5.499
1774005207455324789,1774005207450927013,1.401,1.891,0.240,3.532,0.383,3.914
1774005207475192286,1774005207470925361,1.338,1.912,0.261,3.512,0.380,3.891
1774005207505579815,1774005207500936755,0.695,2.877,0.017,3.589,0.014,3.603
1774005207525749334,1774005207521179491,0.598,2.618,0.019,3.235,0.250,3.484
1774005207556631944,1774005207551041442,0.024,3.505,0.137,3.666,0.328,3.993
1774005207576388367,1774005207570946252,1.036,3.304,0.140,4.480,0.600,5.080
1774005207605685668,1774005207600935598,0.034,1.889,0.348,2.271,0.992,3.263
1774005207625797202,1774005207620936410,1.249,2.348,0.351,3.948,0.306,4.254
1774005207659039375,1774005207651105343,1.607,1.842,0.360,3.810,0.753,4.563
1774005207676979542,1774005207670932904,0.258,3.859,0.833,4.950,0.019,4.969
1774005207704043778,1774005207699336844,0.662,2.916,0.418,3.996,0.356,4.352
1774005207725420967,1774005207720928181,0.022,3.166,0.031,3.220,0.268,3.488
1774005207756507357,1774005207750951927,0.025,3.841,0.573,4.439,0.017,4.456
1774005207777096979,1774005207770926595,1.638,3.461,0.571,5.670,0.047,5.717
1774005207805470231,1774005207800918309,0.023,2.759,0.271,3.052,0.490,3.542
1774005207825316640,1774005207820920272,1.174,2.544,0.018,3.735,0.015,3.750
1774005207857151588,1774005207851129750,0.021,4.084,0.477,4.582,0.263,4.845
1774005207875891417,1774005207870898686,0.525,3.980,0.090,4.595,0.016,4.611
1774005207905404498,1774005207900883039,0.994,2.333,0.765,4.092,0.115,4.207
1774005207926600659,1774005207920925356,0.814,3.968,0.534,5.316,0.014,5.330
1774005207955307326,1774005207950907374,1.450,2.226,0.019,3.694,0.373,4.067
1774005207975764658,1774005207970907737,1.181,2.510,0.249,3.940,0.619,4.559
1774005208005412621,1774005208000915803,0.019,2.566,0.402,2.986,0.421,3.407
1774005208025450842,1774005208020916263,1.274,2.889,0.016,4.179,0.015,4.194
1774005208055651871,1774005208051104237,0.722,2.799,0.018,3.540,0.058,3.598
1774005208076043986,1774005208070939797,2.052,1.840,0.486,4.378,0.303,4.681
1774005208105964371,1774005208101049113,1.008,3.044,0.169,4.221,0.182,4.402
1774005208125685210,1774005208120918915,0.820,3.498,0.046,4.364,0.014,4.377
1774005208155887967,1774005208151046471,0.390,2.966,0.326,3.682,0.411,4.093
1774005208175834314,1774005208170939345,0.025,1.255,0.427,1.706,0.309,2.015
1774005208205846892,1774005208200901970,0.411,2.793,1.086,4.290,0.029,4.319
1774005208226484612,1774005208220977823,0.633,3.900,0.364,4.897,0.253,5.150
1774005208255914971,1774005208250931488,0.913,2.349,0.360,3.622,0.441,4.063
1774005208276091434,1774005208270911852,0.798,3.912,0.069,4.779,0.064,4.843
1774005208305560418,1774005208300884173,0.589,3.191,0.290,4.069,0.278,4.347
1774005208325084902,1774005208320912922,1.280,2.248,0.018,3.546,0.286,3.832
1774005208355478031,1774005208350923484,0.023,3.056,0.350,3.429,0.017,3.446
1774005208375884898,1774005208370909447,0.677,2.851,1.001,4.529,0.019,4.548
1774005208405593022,1774005208400942410,0.607,3.657,0.018,4.282,0.014,4.296
1774005208425488520,1774005208420930838,1.501,1.706,0.016,3.224,1.013,4.237
1774005208456340122,1774005208450888663,0.507,2.771,0.583,3.861,1.208,5.068
1774005208475883293,1774005208470874274,0.648,3.134,0.140,3.922,0.380,4.302
1774005208505445719,1774005208500902341,1.199,2.154,0.822,4.175,0.022,4.197
1774005208525913068,1774005208520895888,1.473,2.524,0.333,4.329,0.341,4.670
1774005208556409687,1774005208550957395,0.023,3.073,0.249,3.345,0.821,4.166
1774005208575180588,1774005208570880862,0.022,2.522,0.087,2.631,0.489,3.119
1774005208605405490,1774005208600961505,1.164,2.816,0.011,3.991,0.014,4.005
1774005208625899847,1774005208620958317,1.164,2.907,0.019,4.090,0.017,4.108
1774005208656749912,1774005208651047280,1.059,4.045,0.015,5.119,0.243,5.362
1774005208676047863,1774005208670900922,0.026,3.043,0.988,4.057,0.056,4.113
1774005208705131017,1774005208700883163,0.446,2.659,0.295,3.400,0.385,3.785
1774005208726124550,1774005208720915624,1.363,3.083,0.382,4.828,0.022,4.850
1774005208756013030,1774005208751085805,0.748,3.712,0.018,4.477,0.014,4.491
1774005208775627467,1774005208770941846,0.023,2.346,0.861,3.230,0.023,3.253
1774005208806181079,1774005208801096315,0.024,3.873,0.022,3.919,0.049,3.967
1774005208839406804,1774005208830912793,0.021,2.383,4.276,6.680,0.234,6.914
1774005208856576076,1774005208851025447,0.536,3.672,0.650,4.858,0.102,4.961
1774005208885148660,1774005208881021993,0.690,2.741,0.272,3.704,0.054,3.758
1774005208905674441,1774005208900956916,0.944,2.954,0.099,3.997,0.337,4.334
1774005208935479272,1774005208930912277,0.631,3.072,0.460,4.163,0.019,4.182
1774005208955717272,1774005208950940737,0.020,3.639,0.018,3.678,0.014,3.692
1774005208985595800,1774005208980928035,0.586,3.150,0.526,4.262,0.019,4.281
1774005209005259613,1774005209000948911,0.025,2.659,0.519,3.203,0.047,3.249
1774005209035584805,1774005209030930160,0.334,3.094,0.202,3.630,0.193,3.823
1774005209055314732,1774005209050926844,0.611,3.352,0.017,3.980,0.054,4.034
1774005209084886182,1774005209080990815,1.048,2.090,0.056,3.194,0.124,3.318
1774005209105653440,1774005209101149902,0.785,2.642,0.748,4.176,0.028,4.204
1774005209136654548,1774005209130925420,0.279,3.634,0.648,4.561,0.474,5.035
1774005209155286599,1774005209150834742,0.775,2.672,0.371,3.818,0.218,4.037
1774005209186093880,1774005209180943418,0.687,2.934,1.060,4.680,0.024,4.705
1774005209207571614,1774005209201246379,0.648,2.991,1.361,4.999,0.734,5.733
1774005209235810912,1774005209231105131,0.580,3.112,0.325,4.018,0.358,4.375
1774005209256982177,1774005209250972276,0.581,4.425,0.062,5.068,0.560,5.627
1774005209286594876,1774005209280895125,0.938,2.910,0.459,4.307,0.996,5.303
1774005209305039244,1774005209300874208,0.825,2.480,0.124,3.430,0.277,3.707
1774005209336326309,1774005209330889186,1.057,2.350,0.330,3.736,1.039,4.775
1774005209356373202,1774005209350884846,0.380,2.750,0.312,3.442,1.513,4.955
1774005209388168052,1774005209380869136,0.612,5.189,0.380,6.181,0.804,6.985
1774005209406823176,1774005209400950045,0.788,3.367,1.211,5.367,0.067,5.433
1774005209437005197,1774005209430956095,0.901,3.468,0.881,5.250,0.017,5.267
1774005209456785653,1774005209450884010,1.132,2.351,1.346,4.829,0.023,4.851
1774005209484962070,1774005209480888555,0.523,2.486,0.542,3.551,0.054,3.604
1774005209505857650,1774005209500935736,0.702,2.469,0.080,3.252,1.287,4.539
1774005209535636976,1774005209530894649,0.567,2.684,0.888,4.140,0.301,4.440
1774005209555436056,1774005209550973191,0.518,3.175,0.019,3.712,0.279,3.991
1774005209587423646,1774005209580936520,0.627,2.965,1.019,4.611,1.564,6.175
1774005209605997008,1774005209600926452,0.792,2.606,0.526,3.923,0.822,4.746
1774005209635788846,1774005209630918741,0.467,3.097,0.056,3.621,0.665,4.285
1774005209657517529,1774005209650910977,0.028,2.732,0.209,2.969,1.259,4.228
1774005209688094886,1774005209680920771,0.671,5.561,0.638,6.870,0.018,6.888
1774005209705790888,1774005209700930895,0.660,2.963,0.748,4.371,0.020,4.391
1774005209735338817,1774005209730969906,0.520,2.762,0.017,3.299,0.491,3.791
1774005209756097403,1774005209750936701,1.107,2.465,1.238,4.810,0.022,4.832
1774005209786079741,1774005209780983392,0.256,4.194,0.021,4.471,0.015,4.486
1774005209805988039,1774005209800926699,0.467,2.799,1.239,4.504,0.024,4.528
1774005209836309646,1774005209831234066,0.650,3.177,0.016,3.843,0.862,4.705
1774005209855967060,1774005209850968409,0.505,3.076,1.005,4.585,0.028,4.613
1774005209886313244,1774005209880921050,0.610,3.568,0.415,4.593,0.018,4.611
1774005209904977360,1774005209900941670,1.178,2.440,0.018,3.636,0.013,3.649
1774005209935864610,1774005209930913096,0.527,3.267,0.198,3.991,0.500,4.491
1774005209956403096,1774005209950898355,0.390,3.314,0.220,3.924,0.811,4.735
1774005209985597227,1774005209981103065,1.222,2.691,0.132,4.045,0.019,4.064
1774005210005975262,1774005210000903585,1.263,2.367,0.872,4.502,0.213,4.715
1774005210036517289,1774005210030927780,0.530,3.423,0.530,4.483,0.730,5.213
1774005210056040333,1774005210050906959,0.021,2.907,0.219,3.147,0.753,3.900
1774005210086169297,1774005210080940946,0.673,2.728,0.524,3.926,0.954,4.880
1774005210105533041,1774005210100900349,0.617,2.603,0.372,3.593,0.688,4.281
1774005210136091229,1774005210130896319,1.219,2.647,0.285,4.151,0.658,4.809
1774005210155867589,1774005210150860298,1.060,2.500,0.709,4.269,0.326,4.595
1774005210186276590,1774005210180916621,1.139,2.683,0.532,4.355,0.665,5.019
1774005210206650433,1774005210201049371,1.665,2.087,0.470,4.222,0.656,4.878
1774005210236134649,1774005210230918427,0.580,3.122,0.757,4.459,0.393,4.852
1774005210256326889,1774005210250983400,0.024,2.441,1.742,4.207,0.077,4.284
1774005210285857506,1774005210280939305,0.623,2.582,1.294,4.498,0.022,4.520
1774005210305639786,1774005210300909396,0.912,2.437,0.760,4.108,0.298,4.406
1774005210336580637,1774005210330917686,0.840,2.765,1.229,4.833,0.543,5.376
1774005210356069568,1774005210350918082,0.022,3.500,0.017,3.539,0.542,4.081
1774005210386091586,1774005210380927908,1.247,2.977,0.175,4.400,0.294,4.694
1774005210405458594,1774005210400924208,1.659,2.133,0.018,3.810,0.323,4.133
1774005210436486167,1774005210430936274,1.378,3.030,0.238,4.645,0.581,5.227
1774005210456001338,1774005210450915070,1.736,2.276,0.163,4.175,0.549,4.723
1774005210486072349,1774005210480926464,1.240,2.861,0.129,4.230,0.410,4.639
1774005210506942201,1774005210500910699,0.558,2.830,0.559,3.946,1.601,5.548
1774005210536291727,1774005210530926221,0.844,3.094,0.312,4.250,0.767,5.017
1774005210555292041,1774005210550937946,1.195,2.370,0.153,3.718,0.287,4.005
1774005210586974345,1774005210580927131,1.857,2.368,1.029,5.254,0.396,5.650
1774005210605876897,1774005210600915975,0.587,2.943,0.408,3.939,0.669,4.607
1774005210636531663,1774005210630971146,1.145,3.125,0.889,5.159,0.021,5.180
1774005210656051058,1774005210651074328,0.029,2.204,0.020,2.253,0.422,2.675
1774005210685345575,1774005210680904470,1.413,1.709,0.439,3.560,0.534,4.094
1774005210704843146,1774005210699320133,0.633,3.557,0.978,5.168,0.021,5.189
1774005210735799453,1774005210730902884,0.575,3.351,0.601,4.527,0.021,4.548
1774005210755509572,1774005210750917264,0.440,2.441,1.111,3.992,0.021,4.013
1774005210785968174,1774005210780895154,0.835,2.980,0.665,4.479,0.216,4.695
1774005210805476529,1774005210800890334,0.470,2.656,0.562,3.688,0.354,4.042
1774005210836782763,1774005210831797872,0.760,2.842,1.027,4.630,0.028,4.658
1774005210857192158,1774005210850917964,1.026,3.987,0.919,5.932,0.021,5.953
1774005210886647766,1774005210880839660,0.695,3.510,1.218,5.422,0.041,5.463
1774005210906465343,1774005210900899769,0.712,3.273,0.290,4.275,0.940,5.215
1774005210935733171,1774005210930892859,0.873,2.901,0.663,4.438,0.025,4.463
1774005210956133382,1774005210950913063,0.657,2.793,1.305,4.754,0.027,4.781
1774005210985728097,1774005210980917961,0.584,2.831,0.264,3.679,0.781,4.460
1774005211005399399,1774005211000906101,0.531,3.236,0.022,3.788,0.244,4.032
1774005211037507951,1774005211031083194,0.563,4.679,0.330,5.572,0.451,6.023
1774005211056775310,1774005211050982628,0.649,3.711,1.061,5.421,0.022,5.443
1774005211085623642,1774005211080977062,0.633,3.025,0.567,4.225,0.019,4.244
1774005211105719496,1774005211100930897,0.685,3.252,0.018,3.955,0.514,4.469
1774005211136180210,1774005211131096822,0.464,3.310,0.572,4.346,0.121,4.467
1774005211155827224,1774005211150900894,0.708,3.120,0.070,3.898,0.528,4.426
1774005211186550183,1774005211181128868,0.657,3.440,0.456,4.553,0.487,5.040
1774005211215922653,1774005211210966179,0.638,2.632,0.932,4.201,0.346,4.547
1774005211236421682,1774005211230960911,0.627,3.046,0.503,4.175,0.912,5.087
1774005211266141295,1774005211261107188,0.961,3.169,0.152,4.282,0.388,4.670
1774005211286474945,1774005211280893212,0.635,3.019,1.246,4.900,0.335,5.235
1774005211310637753,1774005211305346681,1.294,2.502,0.395,4.191,0.788,4.979
1774005211335868996,1774005211330995499,0.961,2.715,0.268,3.944,0.551,4.495
1774005211365587617,1774005211360894571,1.229,2.482,0.337,4.048,0.295,4.344
1774005211386597759,1774005211380987865,0.025,3.606,0.262,3.894,0.573,4.467
1774005211415319114,1774005211410884505,0.567,2.639,0.514,3.721,0.385,4.106
1774005211436170117,1774005211430976935,1.994,1.291,0.681,3.966,0.611,4.577
1774005211465309847,1774005211460927144,0.703,2.612,0.187,3.501,0.508,4.009
1774005211485166721,1774005211480890963,0.541,2.588,0.499,3.629,0.340,3.969
1774005211515532009,1774005211510879444,1.187,2.013,0.998,4.198,0.019,4.217
1774005211536495815,1774005211530874400,0.638,2.642,0.324,3.604,1.673,5.277
1774005211565280530,1774005211560905891,0.767,2.707,0.018,3.492,0.379,3.871
1774005211586113389,1774005211580963280,0.550,3.581,0.061,4.192,0.536,4.728
1774005211615339553,1774005211610929105,0.022,2.903,0.138,3.063,0.258,3.321
1774005211636561315,1774005211630901052,1.112,2.864,0.708,4.684,0.658,5.342
1774005211670653200,1774005211660970720,1.387,7.609,0.019,9.015,0.018,9.033
1774005211684954964,1774005211680931147,0.688,2.535,0.146,3.370,0.251,3.621
1774005211715252987,1774005211710912908,0.566,3.411,0.019,3.996,0.012,4.007
1774005211734973250,1774005211730938969,0.593,2.856,0.019,3.468,0.014,3.481
1774005211766858150,1774005211760966555,0.508,4.312,0.281,5.100,0.342,5.442
1774005211785429688,1774005211781185547,0.024,0.014,0.010,0.048,0.013,0.062
1774005211815777664,1774005211810915560,0.568,3.441,0.305,4.314,0.175,4.489
1774005211836120051,1774005211830907508,0.966,3.167,0.307,4.440,0.421,4.861
1774005211865290533,1774005211860907958,0.022,1.871,0.355,2.248,0.416,2.664
1774005211885727385,1774005211880903393,0.024,3.015,0.359,3.397,0.401,3.799
1774005211915040367,1774005211910919876,1.830,1.890,0.021,3.741,0.018,3.759
1774005211936788314,1774005211930902415,1.197,3.809,0.278,5.284,0.236,5.519
1774005211966523287,1774005211961118357,0.903,3.285,0.720,4.908,0.019,4.927
1774005211985461840,1774005211981210243,1.039,2.326,0.464,3.829,0.023,3.852
1774005212015852025,1774005212010891551,0.490,2.768,1.057,4.314,0.222,4.536
1774005212035893542,1774005212030921419,0.274,2.704,0.440,3.419,0.810,4.229
1774005212065735397,1774005212060904749,0.547,3.009,0.865,4.420,0.069,4.489
1774005212085753521,1774005212080873432,0.633,2.742,0.252,3.627,0.873,4.500
1774005212116728549,1774005212110938555,0.523,4.455,0.045,5.023,0.358,5.380
1774005212135619132,1774005212130917671,1.593,2.367,0.019,3.979,0.262,4.241
1774005212167914920,1774005212161091020,2.713,2.006,0.657,5.375,0.998,6.373
1774005212186505914,1774005212180907892,0.659,2.791,1.348,4.798,0.424,5.222
1774005212215413736,1774005212210884310,0.431,2.819,0.167,3.417,0.621,4.038
1774005212235509590,1774005212230902658,0.681,3.199,0.016,3.896,0.420,4.316
1774005212266013793,1774005212260907460,0.561,2.867,0.538,3.966,0.498,4.465
1774005212285814409,1774005212280888368,0.668,2.686,1.082,4.437,0.181,4.618
1774005212315358307,1774005212310889074,1.495,2.505,0.062,4.062,0.015,4.078
1774005212335518674,1774005212330884957,0.727,2.818,0.581,4.126,0.162,4.288
1774005212365905275,1774005212360846271,0.015,2.278,0.449,2.742,0.199,2.941
1774005212386286158,1774005212380853739,0.616,4.137,0.024,4.778,0.046,4.824
1774005212409231119,1774005212404290709,0.112,2.903,0.896,3.911,0.022,3.934
1774005212435414924,1774005212430911002,0.638,2.736,0.744,4.119,0.024,4.143
1774005212466153083,1774005212460893275,0.676,4.165,0.017,4.857,0.046,4.903
1774005212485834337,1774005212480893287,1.052,2.279,0.535,3.865,0.700,4.566
1774005212513550457,1774005212507533900,1.117,2.928,0.556,4.600,1.079,5.679
1774005212536160789,1774005212530915381,1.150,2.317,0.770,4.237,0.713,4.950
1774005212565617197,1774005212560914871,0.840,3.032,0.470,4.341,0.041,4.383
1774005212585342356,1774005212580903139,1.171,2.169,0.325,3.665,0.420,4.085
1774005212615958049,1774005212610909733,1.425,3.220,0.017,4.662,0.013,4.674
1774005212635828074,1774005212630911697,0.717,3.805,0.016,4.538,0.009,4.547
1774005212666154482,1774005212660889010,0.771,2.628,0.170,3.570,1.107,4.678
1774005212685842680,1774005212680917023,0.715,3.428,0.214,4.357,0.262,4.620
1774005212715990077,1774005212710922145,1.041,3.587,0.016,4.645,0.050,4.694
1774005212735087288,1774005212730899148,1.271,1.837,0.235,3.342,0.251,3.593
1774005212765470849,1774005212760917070,0.569,2.887,0.555,4.011,0.025,4.037
1774005212786295708,1774005212780914106,1.430,2.907,0.405,4.742,0.305,5.047
1774005212815670739,1774005212810909628,1.110,2.841,0.252,4.203,0.200,4.403
1774005212836607888,1774005212830905704,0.524,3.763,0.008,4.294,1.010,5.304
1774005212866315308,1774005212860834729,2.374,1.949,0.407,4.730,0.357,5.087
1774005212886468955,1774005212880870421,0.669,3.682,0.388,4.740,0.454,5.194
1774005212915710543,1774005212910916024,0.700,2.906,0.272,3.879,0.223,4.102
1774005212935676826,1774005212930868355,1.392,2.149,0.582,4.123,0.324,4.447
1774005212966283975,1774005212960889221,2.469,1.121,0.333,3.922,0.475,4.397
1774005212986157553,1774005212980885073,0.878,3.095,0.254,4.226,0.631,4.857
1774005213016580187,1774005213011302811,0.596,3.409,0.316,4.321,0.557,4.878
1774005213035191693,1774005213030880863,0.552,2.975,0.174,3.701,0.216,3.917
1774005213065244560,1774005213060873441,0.367,2.938,0.137,3.442,0.353,3.795
1774005213085928041,1774005213080953774,2.012,2.098,0.015,4.125,0.282,4.407
1774005213115984075,1774005213110915855,0.236,3.080,0.605,3.922,0.433,4.354
1774005213136002328,1774005213131079582,1.356,2.615,0.018,3.988,0.147,4.136
1774005213165906424,1774005213160843324,0.280,2.997,0.669,3.946,0.428,4.374
1774005213185143670,1774005213180857384,0.932,2.659,0.021,3.612,0.213,3.825
1774005213215524223,1774005213210829353,0.095,0.013,0.006,0.114,0.680,0.794
1774005213236359770,1774005213230881078,0.689,4.350,0.018,5.058,0.047,5.104
1774005213265211463,1774005213260892568,1.399,1.915,0.244,3.558,0.347,3.905
1774005213285761661,1774005213280935173,0.761,2.557,0.892,4.210,0.019,4.229
1774005213315226997,1774005213310984552,0.673,3.169,0.017,3.859,0.051,3.910
1774005213335459717,1774005213330877714,0.738,2.656,0.480,3.874,0.380,4.254
1774005213365939792,1774005213360879956,0.024,2.148,0.494,2.667,0.467,3.134
1774005213385474067,1774005213380890848,1.488,2.681,0.016,4.185,0.043,4.228
1774005213416111777,1774005213410898402,0.644,3.071,1.073,4.789,0.050,4.839
1774005213435381183,1774005213430894158,0.024,3.332,0.019,3.374,0.016,3.390
1774005213464974938,1774005213460883344,0.687,2.972,0.016,3.675,0.013,3.688
1774005213486439169,1774005213480996286,1.266,3.475,0.019,4.760,0.015,4.775
1774005213515269101,1774005213510903166,0.641,2.905,0.429,3.975,0.051,4.027
1774005213535878500,1774005213530931274,0.550,3.301,0.018,3.869,0.581,4.450
1774005213565253659,1774005213560893995,0.102,1.703,0.015,1.820,0.714,2.534
1774005213585599405,1774005213580893527,0.022,2.967,0.018,3.007,0.537,3.544
1774005213616567968,1774005213610852216,1.370,3.740,0.019,5.130,0.045,5.175
1774005213635152627,1774005213630888197,1.266,1.943,0.262,3.471,0.368,3.839
1774005213660790021,1774005213655852011,0.487,2.817,1.156,4.460,0.023,4.482
1774005213685360324,1774005213680951508,0.685,2.702,0.334,3.721,0.260,3.980
1774005213715326310,1774005213710892533,0.575,3.393,0.017,3.985,0.055,4.040
1774005213735370002,1774005213730850080,1.307,2.871,0.016,4.195,0.011,4.206
1774005213765886366,1774005213760884611,0.020,3.910,0.016,3.946,0.024,3.969
1774005213786089389,1774005213780895663,0.675,4.154,0.016,4.845,0.038,4.883
1774005213817714317,1774005213810864752,1.204,4.274,0.739,6.217,0.165,6.382
1774005213835749845,1774005213830971966,0.019,0.013,0.820,0.852,0.024,0.876
1774005213865628757,1774005213860943295,0.652,3.551,0.017,4.220,0.015,4.235
1774005213885544799,1774005213880842313,1.476,2.347,0.383,4.206,0.021,4.227
1774005213916485778,1774005213910988270,0.698,3.712,0.073,4.483,0.660,5.143
1774005213935149062,1774005213930913849,0.571,2.762,0.282,3.615,0.275,3.891
1774005213964990501,1774005213960908154,0.244,1.837,0.018,2.099,0.053,2.152
1774005213986336585,1774005213980886822,0.756,2.923,0.575,4.254,0.832,5.086
1774005214015667711,1774005214010880904,1.475,2.527,0.022,4.024,0.388,4.412
1774005214035735724,1774005214030880372,1.342,2.426,0.366,4.135,0.374,4.509
1774005214065384424,1774005214060920022,0.762,2.833,0.049,3.644,0.359,4.003
1774005214085417908,1774005214080879457,1.306,2.193,0.599,4.098,0.070,4.167
1774005214116224197,1774005214110886468,0.625,2.993,1.294,4.911,0.023,4.934
1774005214135667686,1774005214130938640,0.025,3.079,0.465,3.569,0.026,3.595
1774005214167104355,1774005214160997587,0.597,3.850,0.962,5.409,0.209,5.618
1774005214186639782,1774005214181034080,0.758,3.927,0.030,4.715,0.474,5.189
1774005214218892433,1774005214210924512,0.054,3.232,0.018,3.304,3.201,6.505
1774005214235357213,1774005214230893163,1.450,2.103,0.204,3.757,0.353,4.110
1774005214265101466,1774005214260896237,0.521,2.858,0.298,3.677,0.181,3.858
1774005214285282025,1774005214280889337,0.485,2.873,0.355,3.712,0.255,3.967
1774005214310981981,1774005214305559866,1.330,2.149,0.268,3.747,0.895,4.642
1774005214335838337,1774005214330902151,0.766,2.890,0.907,4.563,0.026,4.589
1774005214366068167,1774005214360886761,1.654,2.168,0.067,3.889,0.927,4.816
1774005214385955377,1774005214380860084,0.624,3.057,0.369,4.050,0.652,4.701
1774005214416010676,1774005214410881527,0.557,3.058,0.368,3.983,0.801,4.784
1774005214436232708,1774005214430920451,0.670,3.154,0.652,4.476,0.423,4.899
1774005214465535609,1774005214460906725,0.023,3.122,0.480,3.625,0.016,3.641
1774005214486018926,1774005214481079572,1.842,2.402,0.082,4.326,0.189,4.515
1774005214516119378,1774005214510916467,0.022,3.095,0.056,3.173,0.711,3.884
1774005214536975373,1774005214530883710,0.512,2.799,0.764,4.075,1.674,5.749
1774005214565837402,1774005214560910657,0.714,3.797,0.006,4.517,0.013,4.530
1774005214595648889,1774005214590903651,0.433,2.948,0.329,3.710,0.610,4.320
1774005214615790087,1774005214611005488,0.592,2.252,0.808,3.652,0.054,3.705
1774005214646899069,1774005214641006002,0.021,2.697,0.579,3.298,1.547,4.845
1774005214667052204,1774005214660873724,2.076,2.701,0.824,5.601,0.017,5.618
1774005214697091567,1774005214690897950,0.998,3.061,0.698,4.757,1.077,5.834
1774005214715837796,1774005214710884042,1.741,2.111,0.573,4.425,0.208,4.633
1774005214746590132,1774005214738838086,1.292,2.468,0.402,4.162,3.114,7.277
1774005214766059286,1774005214760881624,0.692,2.965,1.061,4.717,0.024,4.741
1774005214796275516,1774005214790899322,0.611,3.007,0.733,4.350,0.714,5.064
1774005214815751102,1774005214810863365,1.744,1.947,0.445,4.136,0.417,4.553
1774005214847099353,1774005214840887080,0.537,2.730,2.493,5.760,0.025,5.786
1774005214866324982,1774005214860860595,0.751,2.895,0.153,3.799,1.349,5.148
1774005214895411976,1774005214890875573,0.630,2.840,0.625,4.095,0.023,4.118
1774005214917046353,1774005214910890945,0.603,3.439,1.740,5.782,0.019,5.801
1774005214945892030,1774005214940937764,1.087,2.234,0.398,3.719,0.814,4.534
1774005214966126927,1774005214960889263,0.626,2.810,1.393,4.829,0.070,4.899
1774005214997885168,1774005214990855761,1.260,3.412,0.376,5.048,1.637,6.685
1774005215015942713,1774005215010874877,0.815,2.332,0.476,3.623,0.792,4.415
1774005215037368767,1774005215030882921,1.670,3.274,0.361,5.305,0.850,6.155
1774005215065680130,1774005215060876587,1.347,2.269,0.138,3.755,0.711,4.466
1774005215086283993,1774005215081063034,1.374,2.156,1.217,4.747,0.018,4.765
1774005215115190535,1774005215110898137,1.268,2.125,0.307,3.700,0.231,3.931
1774005215135799614,1774005215130999911,1.269,3.006,0.016,4.292,0.013,4.305
1774005215165258134,1774005215160856326,0.539,2.750,0.452,3.741,0.258,4.000
1774005215186601883,1774005215181199160,0.488,3.727,0.011,4.226,0.758,4.983
1774005215215687020,1774005215210869332,0.025,3.665,0.022,3.711,0.015,3.727
1774005215234997067,1774005215230855744,0.446,2.978,0.017,3.441,0.255,3.696
1774005215265248562,1774005215260868834,0.572,2.765,0.408,3.745,0.257,4.002
1774005215285416417,1774005215280850350,0.585,2.766,0.102,3.453,0.752,4.205
1774005215315845643,1774005215310938993,0.603,2.692,0.815,4.110,0.444,4.554
1774005215346951233,1774005215340910451,0.698,3.123,0.019,3.840,1.672,5.512
1774005215365162700,1774005215360874206,0.487,2.680,0.658,3.824,0.024,3.848
1774005215394609988,1774005215390878144,1.326,2.018,0.039,3.383,0.012,3.395
1774005215416287054,1774005215409284975,0.642,5.277,0.022,5.941,0.666,6.607
1774005215447871437,1774005215440934223,1.513,3.976,0.071,5.560,1.026,6.586
1774005215465205161,1774005215460885946,0.653,2.878,0.250,3.780,0.193,3.973
1774005215495132489,1774005215490899836,0.549,2.716,0.319,3.583,0.288,3.871
1774005215512204160,1774005215507952850,0.028,2.499,0.272,2.799,0.321,3.119
1774005215547046970,1774005215540881194,0.521,3.690,0.372,4.583,1.213,5.797
1774005215566002675,1774005215560931351,1.099,3.024,0.183,4.306,0.367,4.673
1774005215597168042,1774005215590974617,0.644,4.000,0.241,4.885,0.901,5.787
1774005215617615038,1774005215611323052,0.836,4.315,0.417,5.568,0.388,5.956
1774005215646334921,1774005215640870885,0.890,2.460,0.466,3.817,0.959,4.776
1774005215666651898,1774005215660869969,0.581,3.226,0.917,4.723,0.380,5.103
1774005215694648920,1774005215690871667,0.022,2.592,0.017,2.631,0.015,2.646
1774005215716070942,1774005215710863615,0.463,3.596,0.339,4.398,0.278,4.676
1774005215746373733,1774005215740846401,0.639,2.553,0.295,3.486,1.702,5.188
1774005215765248029,1774005215760885933,0.550,2.984,0.183,3.716,0.284,4.000
1774005215795983948,1774005215790909296,0.027,2.382,0.018,2.427,0.752,3.179
1774005215816002200,1774005215810868507,0.020,3.112,0.319,3.451,0.675,4.126
1774005215847573431,1774005215840862269,0.279,2.879,0.021,3.179,2.842,6.021
1774005215865471004,1774005215860873353,0.561,3.247,0.127,3.936,0.288,4.224
1774005215895806564,1774005215890871147,0.738,2.993,0.060,3.791,0.757,4.548
1774005215915889298,1774005215910867318,1.275,2.948,0.015,4.238,0.442,4.681
1774005215947421328,1774005215940884921,0.556,3.046,2.114,5.716,0.433,6.149
1774005215966407721,1774005215960880965,1.742,2.908,0.018,4.668,0.467,5.135
1774005215995447226,1774005215990865254,0.528,2.643,1.054,4.225,0.021,4.246
1774005216016227060,1774005216010893939,1.237,3.068,0.018,4.322,0.584,4.907
1774005216047377963,1774005216040893941,0.023,2.343,2.108,4.474,0.695,5.169
1774005216065729625,1774005216060927745,0.559,2.898,0.354,3.812,0.508,4.321
1774005216095649785,1774005216090964900,0.574,2.942,0.755,4.271,0.025,4.296
1774005216116542933,1774005216110969296,0.019,3.624,0.015,3.658,0.791,4.449
1774005216146589560,1774005216141195894,0.770,2.702,0.017,3.489,1.550,5.039
1774005216165621138,1774005216160876764,0.023,2.373,0.613,3.009,0.142,3.152
1774005216195741143,1774005216190893310,0.635,2.666,0.826,4.127,0.366,4.493
1774005216215527935,1774005216210931979,0.510,3.416,0.169,4.095,0.020,4.116
1774005216247525029,1774005216240916493,0.563,5.665,0.020,6.248,0.013,6.261
1774005216265279976,1774005216260934937,0.024,2.043,0.089,2.156,0.478,2.633
1774005216295933206,1774005216290872058,0.375,3.172,0.263,3.809,0.563,4.372
1774005216316450411,1774005216310878118,1.175,3.066,0.333,4.574,0.516,5.090
1774005216347227195,1774005216340844551,0.935,2.163,2.224,5.322,0.662,5.985
1774005216366086099,1774005216360936405,1.892,1.767,1.113,4.772,0.021,4.793
1774005216395485738,1774005216390834869,0.509,3.330,0.056,3.895,0.365,4.260
1774005216415360915,1774005216410907490,0.648,2.575,0.809,4.033,0.058,4.091
1774005216447041236,1774005216440864995,0.529,2.844,1.809,5.182,0.591,5.773
1774005216465452099,1774005216460877552,0.023,2.608,0.587,3.218,0.133,3.351
1774005216495003517,1774005216490861169,0.621,2.773,0.018,3.412,0.367,3.779
1774005216515719926,1774005216510848221,0.750,3.199,0.452,4.401,0.044,4.444
1774005216546446213,1774005216540924864,1.123,2.097,1.014,4.235,0.707,4.942
1774005216566561235,1774005216560863403,1.349,3.985,0.016,5.350,0.011,5.361
1774005216595797063,1774005216590881677,1.111,2.328,0.446,3.885,0.686,4.571
1774005216615890996,1774005216610891737,0.024,2.723,0.631,3.378,0.560,3.939
1774005216647286928,1774005216640872539,0.620,2.746,1.864,5.229,0.817,6.046
1774005216666004324,1774005216660956073,0.463,3.059,0.246,3.768,0.723,4.490
1774005216695214648,1774005216690860585,0.054,1.847,0.655,2.555,0.228,2.783
1774005216716124821,1774005216710828660,1.470,2.626,0.265,4.361,0.501,4.862
1774005216747597841,1774005216740848502,0.073,2.151,1.122,3.345,1.263,4.609
1774005216766729773,1774005216760931012,0.678,3.384,0.578,4.640,0.834,5.474
1774005216795882592,1774005216790952646,0.508,3.320,0.016,3.845,0.677,4.521
1774005216815887052,1774005216810861937,0.605,2.913,0.455,3.974,0.743,4.717
1774005216846121074,1774005216840889523,0.630,3.115,0.381,4.127,0.808,4.935
1774005216866741801,1774005216860856478,0.662,2.766,0.813,4.240,1.179,5.420
1774005216900661907,1774005216891101637,3.891,4.181,1.149,9.221,0.024,9.245
1774005216915706981,1774005216910871020,0.483,2.962,0.018,3.463,0.486,3.949
1774005216947543944,1774005216940867598,0.619,2.856,2.795,6.271,0.020,6.290
1774005216965200521,1774005216960920795,0.607,2.934,0.019,3.560,0.352,3.913
1774005216996087131,1774005216990983998,0.805,3.434,0.486,4.724,0.017,4.741
1774005217016056423,1774005217010870632,0.603,3.337,0.802,4.742,0.021,4.763
1774005217046895192,1774005217040841450,0.792,2.791,0.856,4.439,1.259,5.698
1774005217065114275,1774005217060838774,0.890,2.548,0.202,3.641,0.276,3.918
1774005217095450283,1774005217090862648,0.649,3.015,0.241,3.906,0.335,4.240
1774005217115298901,1774005217110845380,0.454,2.823,0.268,3.545,0.431,3.976
1774005217147022070,1774005217140860262,1.145,2.250,0.116,3.511,2.002,5.513
1774005217166238804,1774005217160829553,0.646,3.702,0.431,4.779,0.275,5.054
1774005217196308887,1774005217191116280,0.517,4.071,0.016,4.604,0.175,4.779
1774005217215066892,1774005217210816767,0.371,2.849,0.192,3.411,0.278,3.689
1774005217246963569,1774005217240844161,0.029,3.302,0.022,3.354,0.782,4.136
1774005217265416225,1774005217260864110,0.026,2.699,0.444,3.169,0.347,3.515
1774005217295667367,1774005217290142467,0.696,3.010,0.967,4.673,0.464,5.137
1774005217315264268,1774005217310814363,1.026,2.341,0.730,4.097,0.020,4.116
1774005217346118365,1774005217341006176,0.509,2.933,0.017,3.459,1.169,4.628
1774005217365075638,1774005217360835209,0.506,3.178,0.020,3.703,0.216,3.920
1774005217394377739,1774005217389590548,0.024,1.359,0.274,1.657,0.828,2.485
1774005217416465757,1774005217410841495,0.584,4.239,0.455,5.278,0.015,5.293
1774005217444979204,1774005217440824185,0.520,2.661,0.297,3.478,0.284,3.762
1774005217476259518,1774005217470853563,0.648,4.194,0.012,4.854,0.249,5.102
1774005217495478267,1774005217490837895,0.856,3.195,0.018,4.069,0.240,4.309
1774005217525231705,1774005217520864553,1.646,2.052,0.147,3.844,0.213,4.057
1774005217546524188,1774005217539637759,1.357,2.990,0.172,4.518,2.014,6.532
1774005217575051523,1774005217570843255,1.351,1.842,0.220,3.413,0.319,3.732
1774005217595226515,1774005217590834979,0.528,3.336,0.019,3.883,0.127,4.010
1774005217624697899,1774005217619738097,1.033,2.498,0.598,4.129,0.264,4.393
1774005217646409622,1774005217640855217,0.026,1.602,0.406,2.034,1.427,3.461
1774005217676736958,1774005217670823794,1.497,1.731,1.938,5.166,0.216,5.382
1774005217695126541,1774005217690850559,0.546,2.925,0.420,3.891,0.026,3.916
1774005217725469045,1774005217720827328,0.547,2.653,0.581,3.781,0.476,4.257
1774005217746407762,1774005217740930542,0.749,2.675,0.171,3.594,1.571,5.165
1774005217775364897,1774005217770854895,0.626,2.988,0.060,3.673,0.444,4.118
1774005217795453870,1774005217790843098,0.552,2.848,0.852,4.252,0.019,4.271
1774005217825455120,1774005217820930942,0.570,3.046,0.225,3.841,0.335,4.175
1774005217846992696,1774005217840950314,0.188,4.583,0.018,4.790,0.498,5.288
1774005217875375293,1774005217870881579,0.677,2.952,0.280,3.909,0.280,4.189
1774005217895088804,1774005217890879063,0.543,2.564,0.706,3.812,0.098,3.910
1774005217924984804,1774005217920845816,0.518,3.263,0.020,3.801,0.015,3.817
1774005217946587053,1774005217940951942,0.265,4.719,0.017,5.002,0.012,5.014
1774005217975542172,1774005217971027850,0.529,2.984,0.280,3.793,0.381,4.174
1774005217995587561,1774005217990957012,0.414,2.645,0.590,3.649,0.372,4.021
1774005218025237476,1774005218020946966,1.424,2.084,0.462,3.970,0.019,3.989
1774005218047177875,1774005218040972642,0.489,5.175,0.020,5.684,0.015,5.699
1774005218075376405,1774005218070851074,0.422,2.909,0.335,3.666,0.442,4.109
1774005218095303935,1774005218090822446,0.570,2.920,0.612,4.103,0.022,4.125
1774005218125577062,1774005218120904113,0.692,2.999,0.602,4.293,0.032,4.325
1774005218146711783,1774005218140913853,0.513,2.891,0.252,3.656,1.819,5.475
1774005218175722999,1774005218170791997,0.470,3.868,0.019,4.356,0.016,4.372
1774005218195341692,1774005218190825610,0.679,2.820,0.631,4.129,0.018,4.147
1774005218225045848,1774005218220836972,0.607,2.943,0.016,3.566,0.311,3.877
1774005218246814085,1774005218240875288,0.626,2.500,0.784,3.910,1.700,5.610
1774005218275634609,1774005218270855642,0.561,2.865,1.030,4.456,0.023,4.479
1774005218295251766,1774005218290865510,0.548,2.495,0.976,4.018,0.024,4.042
1774005218325188119,1774005218320849320,0.606,2.691,0.296,3.593,0.378,3.971
1774005218346687294,1774005218341073432,0.524,4.632,0.018,5.174,0.016,5.189
1774005218377225130,1774005218371001241,0.433,4.641,0.305,5.378,0.331,5.710
1774005218395945759,1774005218391030469,0.936,2.430,0.190,3.556,0.727,4.283
1774005218425658875,1774005218420903141,0.782,2.792,0.415,3.988,0.372,4.360
1774005218446746523,1774005218440865808,0.614,4.217,0.020,4.851,0.654,5.505
1774005218475468742,1774005218470837489,1.672,1.414,0.644,3.731,0.337,4.069
1774005218495641941,1774005218490855774,1.357,2.894,0.018,4.269,0.013,4.282
1774005218525763641,1774005218520838687,1.359,2.107,0.234,3.700,0.921,4.621
1774005218546847481,1774005218540843979,1.223,2.418,0.267,3.908,1.775,5.684
1774005218575188861,1774005218570933455,0.707,2.730,0.229,3.666,0.251,3.918
1774005218595521775,1774005218590865114,0.495,2.460,1.137,4.092,0.168,4.260
1774005218625086793,1774005218620863836,0.024,3.240,0.018,3.282,0.012,3.294
1774005218646855669,1774005218640863080,0.470,2.090,1.081,3.641,1.271,4.912
1774005218677174685,1774005218670930699,0.433,3.629,1.294,5.356,0.214,5.570
1774005218695022849,1774005218690855862,1.278,2.345,0.016,3.640,0.138,3.778
1774005218725538733,1774005218720852567,0.506,3.270,0.019,3.794,0.542,4.337
1774005218746826416,1774005218740863012,0.677,2.685,0.287,3.649,1.815,5.463
1774005218775640540,1774005218771044873,0.659,2.503,0.370,3.532,0.656,4.188
1774005218795564487,1774005218791038613,0.402,3.130,0.016,3.549,0.205,3.753
1774005218825939056,1774005218820922485,0.021,3.201,0.017,3.239,0.048,3.287
1774005218846658921,1774005218840833439,0.511,4.845,0.022,5.378,0.068,5.446
1774005218876819598,1774005218870851105,0.419,4.475,0.253,5.147,0.378,5.524
1774005218895860840,1774005218891568890,0.664,2.812,0.247,3.724,0.244,3.968
1774005218925471235,1774005218920865199,0.705,2.843,0.616,4.163,0.023,4.186
1774005218946816136,1774005218940872603,1.153,2.213,0.016,3.382,2.095,5.477
1774005218976337921,1774005218970874077,0.023,3.431,0.019,3.473,0.015,3.488
1774005218995422684,1774005218990850825,1.551,2.090,0.044,3.685,0.352,4.037
1774005219028869341,1774005219020857067,1.079,5.869,0.137,7.085,0.331,7.416
1774005219047645907,1774005219040883736,0.083,2.763,0.538,3.384,2.500,5.884
1774005219075611184,1774005219070821272,0.763,2.657,0.997,4.417,0.023,4.440
1774005219099684614,1774005219094716171,0.457,3.501,0.520,4.478,0.055,4.533
1774005219125500540,1774005219120844199,0.454,2.835,0.949,4.238,0.063,4.302
1774005219147214663,1774005219140837747,1.168,3.991,0.021,5.181,0.873,6.054
1774005219176829474,1774005219171232572,0.916,3.610,0.635,5.160,0.022,5.183
1774005219195984382,1774005219190861601,0.653,2.588,0.325,3.566,0.859,4.425
1774005219226799471,1774005219220815202,1.675,2.767,0.629,5.071,0.574,5.645
1774005219249586030,1774005219240817134,1.706,5.936,0.381,8.023,0.428,8.451
1774005219275821355,1774005219270855025,1.239,2.961,0.020,4.220,0.375,4.595
1774005219296719496,1774005219290834908,1.696,3.490,0.021,5.206,0.017,5.223
1774005219326410596,1774005219320881631,0.997,2.229,1.826,5.053,0.029,5.081
1774005219347927052,1774005219340880299,1.926,4.470,0.019,6.415,0.275,6.690
1774005219376465267,1774005219370847597,0.021,3.085,0.793,3.899,0.727,4.626
1774005219395633488,1774005219390857433,1.243,2.055,0.170,3.468,0.899,4.367
1774005219425380077,1774005219420864283,0.761,2.533,0.821,4.114,0.023,4.137
1774005219446978230,1774005219440825318,0.024,2.269,2.526,4.820,0.248,5.068
1774005219475652224,1774005219470869225,0.489,3.085,0.556,4.129,0.236,4.365
1774005219495526794,1774005219490877653,0.783,2.582,0.469,3.834,0.383,4.217
1774005219525336904,1774005219520844246,0.995,2.441,0.479,3.915,0.210,4.125
1774005219555451724,1774005219550864185,0.666,2.683,0.426,3.774,0.427,4.201
1774005219576360489,1774005219570840164,0.402,3.717,0.707,4.826,0.214,5.040
1774005219605337560,1774005219600860391,0.640,2.620,0.139,3.399,0.273,3.672
1774005219625100416,1774005219620829362,0.484,2.675,0.177,3.336,0.556,3.892
1774005219655726605,1774005219650870261,3.372,0.828,0.017,4.216,0.018,4.234
1774005219679590047,1774005219670786303,1.635,3.410,2.010,7.055,0.674,7.729
1774005219704544678,1774005219699583051,0.056,1.908,1.085,3.049,0.070,3.119
1774005219725441730,1774005219720829870,0.500,2.669,0.571,3.740,0.491,4.231
1774005219754995420,1774005219750873425,0.520,2.893,0.056,3.468,0.295,3.763
1774005219775732213,1774005219770842652,1.344,2.010,0.793,4.146,0.430,4.576
1774005219805312816,1774005219800852670,0.650,3.136,0.155,3.941,0.200,4.141
1774005219826095882,1774005219820949580,0.752,3.278,0.428,4.459,0.270,4.729
1774005219856351792,1774005219850926734,0.879,3.447,0.194,4.520,0.345,4.865
1774005219875984278,1774005219870830488,0.591,2.992,1.126,4.709,0.084,4.793
1774005219905901014,1774005219900818586,1.014,3.273,0.258,4.544,0.236,4.780
1774005219925234198,1774005219920839558,1.066,2.028,0.475,3.568,0.430,3.998
1774005219956065543,1774005219950849864,0.930,3.186,0.345,4.461,0.335,4.796
1774005219976381689,1774005219970853716,1.215,2.757,0.434,4.405,0.514,4.920
1774005219996278275,1774005219990857152,0.676,3.532,0.391,4.599,0.467,5.066
1774005220025107152,1774005220020857762,0.623,2.542,0.365,3.530,0.385,3.915
1774005220047725099,1774005220040832750,0.690,5.844,0.021,6.555,0.014,6.569
1774005220075982029,1774005220070852752,1.132,2.986,0.413,4.531,0.249,4.780
1774005220095854583,1774005220090896509,0.802,3.110,0.535,4.446,0.207,4.653
1774005220126084285,1774005220120844542,0.945,3.404,0.157,4.506,0.409,4.915
1774005220146819159,1774005220140785321,1.078,2.375,0.198,3.650,2.073,5.723
1774005220177021788,1774005220170846892,0.789,4.052,0.519,5.361,0.278,5.638
1774005220195843795,1774005220190812599,0.690,2.904,0.351,3.945,0.664,4.610
1774005220225110728,1774005220220834362,0.900,2.483,0.413,3.796,0.183,3.979
1774005220246788658,1774005220240781701,0.401,2.478,0.335,3.215,2.021,5.235
1774005220279846476,1774005220270824360,1.757,5.518,1.096,8.371,0.025,8.396
1774005220294032718,1774005220290115623,1.332,2.000,0.018,3.351,0.016,3.367
1774005220327651282,1774005220320844694,2.599,2.908,0.805,6.313,0.021,6.333
1774005220345293171,1774005220340825153,0.806,2.554,0.428,3.788,0.347,4.134
1774005220374832812,1774005220370868548,1.472,1.933,0.017,3.422,0.185,3.606
1774005220394972667,1774005220390790703,0.561,2.639,0.618,3.819,0.020,3.839
1774005220425601032,1774005220420824465,0.565,2.903,0.919,4.386,0.072,4.458
1774005220446857963,1774005220440889375,0.555,2.673,2.127,5.356,0.238,5.593
1774005220476108064,1774005220470862400,2.268,1.488,0.206,3.962,0.955,4.916
1774005220495905096,1774005220490830124,0.611,3.006,0.266,3.883,0.884,4.767
1774005220526675576,1774005220520824717,1.748,2.401,0.259,4.407,1.135,5.542
1774005220549464695,1774005220540951676,1.136,5.483,0.202,6.821,0.599,7.420
1774005220575995737,1774005220570830555,1.471,2.000,1.320,4.791,0.026,4.817
1774005220605087403,1774005220600832605,0.826,2.590,0.166,3.582,0.317,3.899
1774005220624763505,1774005220619710869,1.634,1.866,0.529,4.029,0.575,4.604
1774005220656111532,1774005220650857420,0.841,2.531,0.262,3.634,1.293,4.927
1774005220677381455,1774005220670815639,1.419,3.847,0.332,5.598,0.610,6.208
1774005220706043288,1774005220700820281,0.817,2.398,0.521,3.736,1.077,4.813
1774005220725395992,1774005220720884006,0.485,3.446,0.016,3.947,0.016,3.963
1774005220756242826,1774005220751007499,0.927,2.314,0.573,3.814,0.489,4.303
1774005220776546459,1774005220770807443,2.466,2.055,0.527,5.048,0.376,5.424
1774005220805265190,1774005220800834613,0.874,1.527,0.918,3.319,0.057,3.376
1774005220825041422,1774005220820811841,1.620,1.561,0.431,3.612,0.262,3.874
1774005220856403593,1774005220850823747,0.022,2.651,0.234,2.907,1.347,4.254
1774005220876453974,1774005220870825967,0.548,3.831,0.434,4.813,0.378,5.191
1774005220905606248,1774005220900828945,1.041,2.354,0.621,4.016,0.313,4.329
1774005220924937512,1774005220920814781,1.368,1.869,0.208,3.445,0.305,3.750
1774005220955058988,1774005220950822335,0.596,1.773,0.545,2.913,0.242,3.155
1774005220975412735,1774005220970813419,0.550,2.671,0.390,3.611,0.638,4.249
1774005221005265534,1774005221000885998,0.818,2.468,0.265,3.550,0.399,3.949
1774005221025032614,1774005221020943995,0.823,2.340,0.191,3.354,0.321,3.675
1774005221055921848,1774005221050954206,0.633,3.414,0.154,4.201,0.222,4.423
1774005221076640113,1774005221070954442,2.812,1.644,0.722,5.177,0.059,5.237
1774005221105617152,1774005221100883946,1.313,2.151,0.439,3.903,0.479,4.382
1774005221125579084,1774005221120851702,0.785,3.087,0.269,4.141,0.269,4.410
1774005221155562413,1774005221150948345,0.624,3.122,0.130,3.875,0.386,4.261
1774005221175386198,1774005221170792547,0.615,2.745,0.903,4.263,0.025,4.288
1774005221205351032,1774005221200878470,1.816,2.086,0.149,4.051,0.020,4.071
1774005221225379364,1774005221220808753,0.669,3.444,0.051,4.164,0.023,4.187
1774005221255753645,1774005221250823507,0.561,2.662,0.667,3.890,0.545,4.435
1774005221275802170,1774005221270856224,0.590,2.856,1.114,4.560,0.057,4.618
1774005221307032306,1774005221300834465,1.417,3.654,0.702,5.773,0.120,5.893
1774005221326216591,1774005221320838413,0.863,2.998,0.975,4.835,0.204,5.039
1774005221351746272,1774005221345818612,1.355,2.522,0.977,4.854,0.659,5.513
1774005221376760583,1774005221370833915,0.856,3.842,0.058,4.756,0.781,5.537
1774005221407678714,1774005221400883870,4.712,1.218,0.021,5.951,0.275,6.226
1774005221425587008,1774005221420879626,0.810,2.820,0.705,4.336,0.026,4.361
1774005221455404222,1774005221450823147,1.561,2.207,0.487,4.255,0.020,4.276
1774005221475633679,1774005221470819895,1.541,2.184,0.207,3.932,0.511,4.444
1774005221504914372,1774005221500825305,1.506,1.730,0.277,3.513,0.262,3.775
1774005221525228437,1774005221520814757,1.145,2.072,0.255,3.472,0.460,3.931
1774005221555542109,1774005221550900072,0.658,2.993,0.216,3.866,0.399,4.265
1774005221576844001,1774005221570874164,0.057,3.609,0.019,3.686,0.016,3.701
1774005221606514717,1774005221600931511,0.021,2.501,0.886,3.407,0.529,3.937
1774005221625310803,1774005221620829089,0.023,2.585,0.502,3.110,0.344,3.454
1774005221656285062,1774005221650880676,1.446,3.496,0.012,4.954,0.017,4.971
1774005221676963519,1774005221670836399,1.105,4.126,0.199,5.429,0.373,5.802
1774005221707256966,1774005221700826545,0.653,3.308,1.251,5.212,0.860,6.072
1774005221727189425,1774005221721189956,2.353,2.722,0.017,5.091,0.476,5.568
1774005221756577096,1774005221750864288,0.640,4.258,0.304,5.202,0.179,5.381
1774005221775758149,1774005221770825739,1.127,2.535,0.647,4.309,0.284,4.592
1774005221805752935,1774005221800955695,0.725,2.875,0.195,3.794,0.645,4.439
1774005221825974967,1774005221820808537,0.552,3.168,0.938,4.658,0.126,4.785
1774005221855031016,1774005221850851996,0.624,2.632,0.499,3.756,0.054,3.810
1774005221875380442,1774005221870817255,0.680,2.986,0.510,4.177,0.022,4.199
1774005221905808228,1774005221900846057,0.660,3.247,0.296,4.204,0.438,4.643
1774005221927447470,1774005221920831317,0.618,5.092,0.153,5.863,0.390,6.254
1774005221955401898,1774005221950944953,0.979,2.323,0.542,3.845,0.249,4.093
1774005221975620954,1774005221970867748,0.643,3.684,0.018,4.346,0.013,4.359
1774005222004962896,1774005222000845413,0.029,2.649,0.018,2.697,0.050,2.747
1774005222026192275,1774005222021198072,0.875,3.368,0.047,4.290,0.324,4.614
1774005222057310953,1774005222050941621,0.767,4.411,0.241,5.420,0.543,5.962
1774005222075670871,1774005222070842271,1.384,2.895,0.018,4.297,0.026,4.323
1774005222106544745,1774005222100805185,0.019,3.293,0.959,4.272,0.420,4.692
1774005222126334897,1774005222120806701,0.763,3.718,0.512,4.993,0.213,5.206
1774005222155403010,1774005222151038099,1.564,2.124,0.017,3.706,0.228,3.934
1774005222175828534,1774005222170762682,0.440,1.729,1.257,3.427,0.240,3.667
1774005222205510930,1774005222200813981,0.214,2.372,0.509,3.095,0.358,3.453
1774005222226712436,1774005222220825033,1.110,3.234,0.020,4.365,0.867,5.232
1774005222255399998,1774005222250917069,0.475,2.474,0.929,3.878,0.021,3.899
1774005222277610515,1774005222270984058,0.061,3.764,0.125,3.951,0.014,3.965
1774005222305606544,1774005222300897818,1.538,1.619,0.326,3.482,0.683,4.165
1774005222325840000,1774005222320866886,0.505,3.302,0.599,4.406,0.048,4.454
1774005222355999781,1774005222351009194,0.644,2.693,0.290,3.626,0.698,4.325
1774005222376041106,1774005222370882004,0.708,2.431,0.997,4.137,0.710,4.847
1774005222405262310,1774005222400854454,0.682,3.327,0.019,4.028,0.049,4.077
1774005222426288485,1774005222420832833,0.476,4.139,0.018,4.633,0.372,5.005
1774005222455894815,1774005222450842499,0.930,3.561,0.018,4.509,0.014,4.523
1774005222475731784,1774005222470829999,0.610,3.897,0.019,4.527,0.015,4.542
1774005222505155072,1774005222500902259,0.592,2.790,0.221,3.604,0.309,3.912
1774005222525154092,1774005222520837117,0.632,2.722,0.566,3.919,0.053,3.972
1774005222555798682,1774005222550900161,0.571,2.838,0.355,3.763,0.735,4.499
1774005222575638083,1774005222570937901,0.057,2.287,0.871,3.215,0.335,3.549
1774005222607079263,1774005222600837229,0.797,4.147,0.372,5.316,0.516,5.832
1774005222635904844,1774005222630833615,0.444,3.621,0.057,4.122,0.382,4.504
1774005222657739481,1774005222650829243,1.200,3.460,0.542,5.202,1.213,6.415
1774005222685086187,1774005222680846366,0.625,2.715,0.296,3.636,0.223,3.859
1774005222704047332,1774005222699454160,0.471,2.817,0.381,3.669,0.393,4.062
1774005222738679194,1774005222730786955,0.721,6.751,0.059,7.531,0.025,7.556
1774005222755158182,1774005222750857016,1.700,1.673,0.484,3.857,0.186,4.043
1774005222785076551,1774005222780829337,1.330,1.975,0.355,3.660,0.254,3.915
1774005222805483866,1774005222800881094,0.025,2.534,0.434,2.992,0.435,3.427
1774005222835438619,1774005222830834151,0.815,2.754,0.435,4.004,0.280,4.283
1774005222856339384,1774005222850853556,0.622,2.937,0.460,4.018,0.692,4.710
1774005222886154326,1774005222880799733,1.850,1.776,0.245,3.871,1.136,5.006
1774005222905471542,1774005222900920995,1.252,1.998,0.127,3.377,0.851,4.228
1774005222936254694,1774005222930818755,0.592,2.864,1.593,5.049,0.078,5.127
1774005222955821194,1774005222950850512,0.580,2.655,0.690,3.925,0.490,4.415
1774005222986663836,1774005222981222969,1.065,2.263,1.696,5.024,0.024,5.048
1774005223006103165,1774005223000827901,0.024,3.132,0.272,3.428,0.694,4.122
1774005223036442086,1774005223030877184,1.113,2.407,1.485,5.004,0.023,5.027
1774005223056190061,1774005223050839180,0.636,3.077,0.806,4.519,0.467,4.986
1774005223086098413,1774005223080882062,0.586,3.589,0.342,4.517,0.202,4.719
1774005223106855975,1774005223100951452,0.797,1.851,1.073,3.722,0.762,4.484
1774005223136544771,1774005223130991166,0.998,2.837,0.418,4.253,0.912,5.165
1774005223155235832,1774005223150949866,0.683,2.796,0.019,3.497,0.387,3.884
1774005223186040648,1774005223180880522,1.016,2.460,0.560,4.035,0.518,4.553
1774005223205477962,1774005223200863958,0.801,2.689,0.732,4.222,0.060,4.282
1774005223236043094,1774005223231092092,1.232,2.464,0.048,3.745,0.852,4.597
1774005223255598554,1774005223250876324,0.630,3.015,0.121,3.766,0.544,4.310
1774005223280920999,1774005223275684424,1.456,1.891,0.513,3.860,0.956,4.815
1774005223306415799,1774005223300801681,0.977,4.207,0.071,5.255,0.020,5.275
1774005223335637067,1774005223330817299,0.066,1.774,1.043,2.882,0.020,2.902
1774005223356236706,1774005223350829504,0.567,4.231,0.016,4.814,0.010,4.824
1774005223387828641,1774005223380781569,0.932,4.574,1.044,6.550,0.020,6.569
1774005223405546403,1774005223400814893,0.758,2.792,0.576,4.126,0.256,4.382
1774005223435758249,1774005223430813327,0.611,2.932,0.625,4.168,0.487,4.655
1774005223458496295,1774005223450842556,0.881,5.625,0.783,7.288,0.054,7.341
1774005223485269646,1774005223480823038,0.412,2.739,0.260,3.410,0.325,3.735
1774005223505268218,1774005223500815561,0.762,2.607,0.278,3.648,0.430,4.078
1774005223535421407,1774005223530825836,0.173,2.452,0.381,3.007,0.342,3.348
1774005223556054807,1774005223550817336,1.835,2.005,0.682,4.522,0.308,4.830
1774005223586033528,1774005223580841114,0.745,2.792,0.353,3.891,0.742,4.633
1774005223605846881,1774005223600789701,0.696,2.973,0.171,3.841,0.860,4.701
1774005223635198807,1774005223630824008,0.374,2.614,0.406,3.394,0.269,3.663
1774005223655807214,1774005223650909909,1.122,2.782,0.318,4.223,0.281,4.504
1774005223686330554,1774005223681055994,1.066,3.208,0.267,4.541,0.321,4.862
1774005223706531370,1774005223700762913,0.027,3.267,0.624,3.918,0.370,4.288
1774005223735377271,1774005223730848196,0.704,2.944,0.070,3.718,0.450,4.168
1774005223756726491,1774005223750827344,0.900,3.297,1.083,5.281,0.256,5.537
1774005223784996510,1774005223780825170,0.548,2.913,0.175,3.636,0.203,3.839
1774005223805971995,1774005223800860702,0.799,3.017,0.216,4.032,0.739,4.771
1774005223835048653,1774005223830869057,1.348,2.435,0.014,3.796,0.012,3.807
1774005223855759910,1774005223850975663,0.732,2.884,0.393,4.009,0.150,4.158
1774005223885508643,1774005223880830766,1.375,2.269,0.405,4.049,0.300,4.349
1774005223905065511,1774005223900847450,0.740,3.128,0.016,3.884,0.010,3.894
1774005223938416326,1774005223930832508,0.742,6.327,0.020,7.089,0.012,7.101
1774005223955502621,1774005223950849064,0.483,2.845,0.807,4.136,0.018,4.154
1774005223975339750,1774005223970822996,0.847,2.998,0.060,3.905,0.268,4.173
1774005224005615245,1774005224000987289,1.109,2.864,0.240,4.213,0.024,4.236
1774005224025126576,1774005224020864483,0.647,3.085,0.023,3.754,0.102,3.856
1774005224056337608,1774005224050792579,0.019,2.686,0.243,2.948,0.247,3.195
1774005224075518181,1774005224070841104,0.548,2.980,0.766,4.294,0.021,4.315
1774005224105157057,1774005224100815922,1.006,2.409,0.321,3.736,0.202,3.937
1774005224125436210,1774005224120973601,0.686,2.572,0.672,3.929,0.021,3.950
1774005224155565750,1774005224150841824,0.477,3.010,0.635,4.122,0.026,4.148
1774005224177132799,1774005224170814540,1.551,2.822,0.620,4.993,0.019,5.012
1774005224205288255,1774005224200785869,0.769,3.342,0.021,4.132,0.016,4.148
1774005224235459013,1774005224230788880,1.686,2.067,0.136,3.889,0.438,4.326
1774005224256403490,1774005224250813980,1.417,3.468,0.018,4.903,0.324,5.226
1774005224285125836,1774005224280814814,0.594,2.594,0.721,3.909,0.019,3.929
1774005224305166713,1774005224300851339,0.569,2.818,0.301,3.688,0.328,4.015
1774005224334943927,1774005224330822444,0.023,2.682,0.243,2.948,0.132,3.080
1774005224355249929,1774005224350792984,0.695,3.306,0.020,4.021,0.057,4.079
1774005224385902711,1774005224380803418,1.562,2.084,1.049,4.695,0.022,4.717
1774005224414097880,1774005224400819142,0.033,10.215,1.097,11.345,0.146,11.491
1774005224435576735,1774005224430806056,0.825,2.716,0.493,4.034,0.418,4.452
1774005224455925841,1774005224450800148,1.104,2.319,0.699,4.122,0.343,4.465
1774005224485479915,1774005224480807030,0.513,2.887,0.828,4.227,0.020,4.247
1774005224505917247,1774005224500836323,1.157,2.872,0.017,4.046,0.602,4.647
1774005224535361655,1774005224530895046,0.542,3.454,0.083,4.080,0.017,4.097
1774005224555549766,1774005224550840881,0.731,2.819,0.345,3.894,0.193,4.087
1774005224585577993,1774005224580896788,1.140,2.155,0.371,3.666,0.071,3.737
1774005224605372881,1774005224600828671,0.734,2.671,0.501,3.906,0.316,4.223
1774005224635340115,1774005224630790624,0.819,2.834,0.248,3.901,0.349,4.251
1774005224656654935,1774005224650875662,1.163,3.319,1.001,5.483,0.017,5.500
1774005224686158896,1774005224680871599,2.252,2.341,0.054,4.646,0.015,4.661
1774005224705025479,1774005224700864827,0.598,2.517,0.667,3.782,0.077,3.859
1774005224735232813,1774005224730817821,0.749,3.190,0.019,3.957,0.010,3.967
1774005224756231531,1774005224750802184,0.849,3.027,0.469,4.345,0.705,5.051
1774005224788113999,1774005224780838891,1.000,5.111,0.607,6.718,0.227,6.945
1774005224805233639,1774005224800810070,1.188,2.280,0.017,3.486,0.388,3.874
1774005224835830100,1774005224830826553,0.739,2.783,1.115,4.636,0.053,4.689
1774005224855618428,1774005224850836325,0.878,2.755,0.377,4.010,0.375,4.385
1774005224886188232,1774005224880936905,0.910,2.829,1.145,4.883,0.042,4.925
1774005224906098931,1774005224900783570,0.023,2.570,0.478,3.071,0.483,3.555
1774005224935623148,1774005224930811765,0.415,2.612,0.947,3.975,0.072,4.047
1774005224955531575,1774005224950837921,0.059,2.698,0.424,3.181,0.293,3.474
1774005224985533977,1774005224980903204,0.022,2.055,0.447,2.525,0.246,2.771
1774005225007475688,1774005225000836847,2.351,2.175,1.087,5.613,0.188,5.800
1774005225036428151,1774005225030844689,1.198,2.588,0.343,4.129,1.041,5.170
1774005225055435057,1774005225050853598,1.344,2.005,0.298,3.647,0.488,4.136
1774005225085471636,1774005225080804351,0.868,2.801,0.361,4.029,0.294,4.324
1774005225106650517,1774005225100972398,0.758,4.604,0.012,5.374,0.007,5.381
1774005225136123470,1774005225130958192,0.917,2.600,0.701,4.218,0.522,4.740
1774005225165486180,1774005225160978354,0.252,2.710,0.197,3.160,0.279,3.439
1774005225186298911,1774005225180907901,0.023,3.126,0.799,3.948,0.250,4.198
1774005225216106205,1774005225210798813,0.583,2.940,0.932,4.455,0.503,4.958
1774005225238554198,1774005225230790825,1.097,6.285,0.021,7.404,0.014,7.417
1774005225265205627,1774005225260791883,0.608,2.625,0.429,3.661,0.403,4.065
1774005225285634991,1774005225281044379,0.393,2.978,0.707,4.078,0.022,4.100
1774005225315227209,1774005225310802073,0.537,3.484,0.017,4.038,0.057,4.094
1774005225335803008,1774005225330951784,0.525,2.719,0.833,4.077,0.204,4.281
1774005225365105749,1774005225360833224,1.070,2.228,0.338,3.636,0.270,3.906
1774005225385080769,1774005225380822387,0.878,2.308,0.180,3.366,0.321,3.687
1774005225415737231,1774005225410862422,0.818,2.771,0.872,4.461,0.022,4.483
1774005225435651609,1774005225430783489,0.500,2.983,0.676,4.159,0.293,4.452
1774005225455182941,1774005225450791917,0.753,2.675,0.549,3.978,0.026,4.004
1774005225485757353,1774005225480825648,0.323,3.531,0.020,3.875,0.191,4.066
1774005225505491345,1774005225500793115,1.037,2.693,0.294,4.024,0.333,4.357
1774005225535743095,1774005225531079874,0.619,2.519,1.138,4.277,0.020,4.297
1774005225556440688,1774005225550840074,0.735,3.659,0.548,4.942,0.355,5.296
1774005225585137338,1774005225580936622,0.291,2.945,0.121,3.357,0.227,3.583
1774005225606574016,1774005225600865113,1.466,2.846,0.842,5.155,0.290,5.445
1774005225635494255,1774005225630801849,1.544,2.392,0.156,4.092,0.258,4.350
1774005225655693886,1774005225650992777,1.358,2.199,0.251,3.807,0.584,4.391
1774005225685809283,1774005225680802791,0.024,3.397,0.298,3.719,0.250,3.968
1774005225710565157,1774005225701375902,0.816,8.040,0.019,8.875,0.012,8.887
1774005225735599853,1774005225730891959,1.298,2.215,0.421,3.935,0.374,4.308
1774005225755218706,1774005225750931012,0.446,2.791,0.428,3.665,0.157,3.822
1774005225785021424,1774005225780859205,0.950,2.737,0.019,3.706,0.044,3.750
1774005225805502597,1774005225800812048,0.955,3.403,0.018,4.376,0.013,4.389
1774005225836049873,1774005225830798642,0.025,3.023,0.018,3.066,0.013,3.078
1774005225855153613,1774005225850811070,0.022,2.386,0.463,2.870,0.286,3.156
1774005225885779610,1774005225881052100,1.262,2.844,0.191,4.298,0.066,4.364
1774005225915479895,1774005225910838658,0.515,2.673,0.541,3.729,0.529,4.258
1774005225935207870,1774005225930785710,0.627,2.874,0.066,3.567,0.534,4.100
1774005225966162129,1774005225960835824,0.955,3.067,0.019,4.041,0.949,4.990
1774005225985622132,1774005225980818748,0.499,2.876,0.707,4.083,0.307,4.390
1774005226015818585,1774005226010795454,0.818,3.033,0.215,4.065,0.661,4.726
1774005226035576161,1774005226030826186,0.483,2.816,0.436,3.734,0.622,4.357
1774005226065221788,1774005226060831821,0.781,2.444,0.401,3.626,0.365,3.992
1774005226085813683,1774005226080807192,0.023,3.849,0.017,3.889,0.014,3.902
1774005226116070202,1774005226110928668,0.708,2.959,0.270,3.936,0.875,4.811
1774005226135825314,1774005226130796454,0.485,3.110,0.987,4.583,0.024,4.607
1774005226166241771,1774005226160946283,0.026,2.672,1.521,4.218,0.022,4.240
1774005226186896291,1774005226180837909,1.202,3.259,0.159,4.620,0.994,5.614
1774005226216208185,1774005226210885400,0.609,3.170,0.429,4.207,0.773,4.980
1774005226235671195,1774005226230793602,0.940,2.923,0.280,4.143,0.278,4.421
1774005226265861792,1774005226260835461,1.849,1.917,0.911,4.677,0.020,4.697
1774005226285932142,1774005226280798960,1.851,1.870,0.345,4.065,0.725,4.790
1774005226310270633,1774005226305844248,0.022,1.714,0.610,2.346,0.048,2.394
1774005226335511732,1774005226330813439,0.977,2.395,0.347,3.720,0.672,4.392
1774005226365315443,1774005226360826753,0.867,2.707,0.432,4.006,0.162,4.168
1774005226386813530,1774005226381983970,1.112,2.587,0.603,4.301,0.035,4.336
1774005226415782057,1774005226410939409,1.183,2.608,0.048,3.839,0.581,4.420
1774005226437266448,1774005226430959102,2.796,1.325,0.185,4.306,1.536,5.841
1774005226466488324,1774005226460940799,2.241,1.579,1.355,5.175,0.024,5.199
1774005226485451293,1774005226480815401,0.024,2.637,0.313,2.974,0.648,3.622
1774005226515921096,1774005226510814187,0.478,2.863,0.922,4.263,0.032,4.294
1774005226535247752,1774005226530796407,1.490,2.146,0.225,3.862,0.205,4.067
1774005226565499854,1774005226560841626,1.390,1.948,0.649,3.987,0.244,4.231
1774005226585605404,1774005226580856678,0.913,2.561,0.241,3.714,0.723,4.438
1774005226616272299,1774005226610925705,0.856,2.833,0.727,4.415,0.606,5.021
1774005226635669228,1774005226630837716,1.531,2.151,0.149,3.831,0.643,4.474
1774005226666916292,1774005226660837142,0.027,0.017,0.010,0.054,0.015,0.069
1774005226687164629,1774005226680784033,1.710,4.359,0.019,6.088,0.015,6.103
1774005226716043299,1774005226710818915,0.566,3.481,0.507,4.553,0.224,4.777
1774005226735979405,1774005226730738414,0.023,2.667,0.532,3.221,0.843,4.064
1774005226765470886,1774005226760822770,0.590,2.652,0.628,3.869,0.424,4.294
1774005226785814809,1774005226780796573,0.604,2.973,0.411,3.988,0.694,4.682
1774005226815547862,1774005226810820736,0.530,3.021,0.455,4.006,0.280,4.286
1774005226836113196,1774005226830807051,0.025,2.704,0.431,3.160,1.102,4.262
1774005226866499861,1774005226860806798,0.833,3.194,0.494,4.521,0.852,5.373
1774005226886498881,1774005226880810394,1.587,2.227,0.446,4.260,1.128,5.388
1774005226915977786,1774005226910836860,0.360,3.262,0.443,4.066,0.020,4.086
1774005226935404251,1774005226930845800,0.024,2.565,0.214,2.802,0.765,3.567
1774005226966618804,1774005226960868907,1.372,2.303,0.548,4.223,1.145,5.368
1774005226986010196,1774005226980819542,0.707,2.459,0.905,4.072,0.725,4.797
1774005227015733585,1774005227010857785,1.506,1.824,0.428,3.758,0.603,4.361
1774005227036285736,1774005227030833028,0.714,3.140,0.311,4.165,0.916,5.081
1774005227067816742,1774005227060779909,0.762,5.057,0.332,6.150,0.508,6.659
1774005227086709885,1774005227080784786,0.791,3.212,0.390,4.393,1.250,5.643
1774005227116225975,1774005227110789268,0.846,3.412,0.022,4.280,0.830,5.110
1774005227139062966,1774005227134593509,0.896,2.334,0.520,3.750,0.376,4.126
1774005227165564601,1774005227160814562,0.666,3.174,0.016,3.856,0.574,4.429
1774005227188098163,1774005227180784814,1.427,3.053,1.033,5.513,0.262,5.775
1774005227215199264,1774005227210779888,0.254,2.567,0.507,3.328,0.016,3.344
1774005227235834808,1774005227230777116,0.056,3.157,0.437,3.650,0.015,3.665
1774005227265236367,1774005227260818111,0.022,2.366,0.742,3.130,0.020,3.151
1774005227285914471,1774005227280816907,0.628,2.836,0.354,3.817,0.860,4.677
1774005227315270046,1774005227310835373,0.703,2.724,0.019,3.447,0.599,4.045
1774005227335383052,1774005227330838329,0.718,3.410,0.018,4.146,0.023,4.168
1774005227365069192,1774005227360843739,0.022,3.000,0.018,3.040,0.015,3.055
1774005227386305131,1774005227380896968,0.023,3.571,0.160,3.754,0.631,4.385
1774005227412030975,1774005227405666411,0.022,3.794,0.351,4.167,0.884,5.051
1774005227435570827,1774005227430891734,1.337,2.373,0.307,4.017,0.394,4.411
1774005227465966741,1774005227460911289,0.828,2.802,0.694,4.325,0.413,4.738
1774005227484970511,1774005227480852932,0.541,2.622,0.309,3.472,0.276,3.749
1774005227513911261,1774005227507759917,1.048,4.020,0.419,5.487,0.316,5.803
1774005227535161056,1774005227530800497,0.485,2.939,0.212,3.635,0.283,3.918
1774005227565658955,1774005227560800115,0.990,3.452,0.102,4.544,0.017,4.561
1774005227585198223,1774005227580793919,0.766,2.676,0.353,3.795,0.280,4.076
1774005227615827420,1774005227610815073,0.826,2.820,0.770,4.415,0.249,4.664
1774005227635462210,1774005227630801869,0.719,2.865,0.258,3.842,0.289,4.131
1774005227665209727,1774005227660811567,0.810,2.821,0.260,3.891,0.198,4.089
1774005227686029786,1774005227680714330,0.041,2.204,0.196,2.441,0.251,2.692
1774005227715980987,1774005227710983873,1.033,3.017,0.250,4.300,0.207,4.507
1774005227735319388,1774005227730780553,0.874,2.500,0.292,3.666,0.444,4.110
1774005227765178843,1774005227760828844,1.036,2.496,0.230,3.762,0.239,4.001
1774005227785233416,1774005227780837688,1.306,2.047,0.434,3.786,0.295,4.081
1774005227815837493,1774005227810775321,0.741,2.979,0.986,4.706,0.032,4.738
1774005227835163413,1774005227830779909,1.247,2.100,0.356,3.704,0.321,4.025
1774005227865294649,1774005227860821000,0.521,2.726,0.261,3.508,0.488,3.996
1774005227885746574,1774005227880774675,0.844,2.469,1.305,4.618,0.022,4.640
1774005227915162981,1774005227910796054,0.961,2.994,0.017,3.973,0.052,4.025
1774005227935839581,1774005227930833922,0.024,2.813,0.473,3.310,0.624,3.933
1774005227966103460,1774005227960816100,0.889,3.452,0.612,4.954,0.021,4.975
1774005227985233504,1774005227980795440,0.613,2.545,0.954,4.113,0.021,4.134
1774005228015281123,1774005228010783698,1.114,3.019,0.017,4.150,0.016,4.166
1774005228036400676,1774005228031084131,0.932,3.352,0.092,4.375,0.645,5.020
1774005228065246161,1774005228060855937,0.707,2.654,0.424,3.784,0.227,4.012
1774005228095072496,1774005228090896484,0.647,3.199,0.016,3.862,0.015,3.877
1774005228115479427,1774005228110807054,0.682,3.535,0.060,4.277,0.091,4.368
1774005228146113361,1774005228140769552,1.087,3.219,0.330,4.637,0.314,4.951
1774005228165384816,1774005228160848541,0.608,2.588,0.484,3.681,0.525,4.206
1774005228195926524,1774005228190791870,0.021,2.914,0.520,3.455,0.478,3.934
1774005228215483552,1774005228210770378,0.839,2.946,0.319,4.104,0.217,4.322
1774005228246830042,1774005228240813037,0.999,2.437,0.020,3.456,0.122,3.578
1774005228265098759,1774005228260759576,1.703,2.301,0.019,4.022,0.015,4.037
1774005228285902561,1774005228280831941,1.115,2.692,0.056,3.863,0.881,4.744
1774005228319460580,1774005228310908393,0.022,6.633,0.807,7.462,0.060,7.522
1774005228335750093,1774005228330814483,0.477,3.696,0.018,4.192,0.062,4.253
1774005228366410171,1774005228360806933,1.061,3.221,0.287,4.570,0.629,5.199
1774005228386849839,1774005228380859394,0.911,3.687,0.056,4.654,0.843,5.497
1774005228415777949,1774005228410850404,1.305,3.031,0.020,4.355,0.251,4.606
1774005228438748608,1774005228430927857,0.027,0.018,0.056,0.101,0.017,0.118
1774005228465333956,1774005228460840082,0.023,2.576,0.378,2.977,0.425,3.402
1774005228485563092,1774005228480791677,0.870,2.764,0.186,3.820,0.575,4.396
1774005228515595126,1774005228510780319,1.138,2.059,0.824,4.021,0.445,4.466
1774005228535687044,1774005228530770763,0.665,3.106,0.837,4.608,0.020,4.628
1774005228565768456,1774005228560827694,0.779,2.774,1.026,4.578,0.018,4.596
1774005228586643396,1774005228580802201,0.540,3.814,0.294,4.648,0.719,5.367
1774005228615790006,1774005228610791579,0.828,2.996,0.237,4.061,0.209,4.270
1774005228635276121,1774005228630790311,1.205,2.145,0.326,3.676,0.422,4.098
1774005228665525087,1774005228660759113,0.623,3.150,0.239,4.012,0.421,4.433
1774005228685519851,1774005228680862519,0.464,2.665,0.329,3.459,0.477,3.936
1774005228715778546,1774005228710759223,1.308,2.500,0.238,4.047,0.622,4.668
1774005228736024803,1774005228730798884,1.958,1.848,0.393,4.200,0.676,4.876
1774005228766300906,1774005228760836070,0.501,3.422,0.019,3.943,0.602,4.545
1774005228785046559,1774005228780788466,0.603,2.807,0.205,3.616,0.297,3.913
1774005228814853822,1774005228810792212,0.024,2.697,0.013,2.734,0.209,2.943
1774005228835362579,1774005228830800160,0.736,2.768,0.266,3.770,0.485,4.255
1774005228865830846,1774005228860807234,0.861,2.891,0.459,4.211,0.178,4.389
1774005228887003455,1774005228882064421,0.591,2.937,0.576,4.104,0.402,4.506
1774005228915196992,1774005228910924530,0.022,2.713,0.015,2.750,0.014,2.764
1774005228934979432,1774005228930789372,0.556,2.539,0.241,3.336,0.432,3.768
1774005228964952010,1774005228960785918,1.460,1.931,0.048,3.440,0.404,3.844
1774005228985308572,1774005228980841835,0.986,2.354,0.250,3.590,0.456,4.046
1774005229015436065,1774005229010870702,0.813,2.856,0.019,3.687,0.468,4.155
1774005229036460735,1774005229030776824,0.543,3.748,0.967,5.258,0.024,5.282
1774005229066192061,1774005229061199778,1.362,1.916,0.597,3.875,0.725,4.600
1774005229095466098,1774005229090811005,0.424,2.607,0.348,3.379,0.785,4.164
1774005229115959015,1774005229110774856,1.655,2.667,0.021,4.343,0.460,4.802
1774005229145523873,1774005229140792971,1.305,2.274,0.296,3.874,0.470,4.345
1774005229167441872,1774005229160955834,0.946,3.953,0.499,5.398,0.313,5.711
1774005229196784358,1774005229190768344,1.660,2.696,0.020,4.376,1.318,5.693
1774005229215756927,1774005229210798245,0.686,2.735,0.709,4.130,0.525,4.655
1774005229247268509,1774005229240829448,0.510,2.750,0.988,4.249,1.606,5.855
1774005229265925680,1774005229260914517,0.804,3.606,0.016,4.426,0.247,4.674
1774005229288545100,1774005229283887127,0.760,2.784,0.466,4.010,0.269,4.278
1774005229315825469,1774005229310767201,0.595,3.022,0.596,4.213,0.502,4.714
1774005229348102024,1774005229340870693,1.088,2.349,1.771,5.208,1.604,6.811
1774005229365959213,1774005229360869297,0.635,2.991,0.306,3.932,0.753,4.685
1774005229394921116,1774005229389756734,0.026,3.071,0.793,3.890,0.063,3.954
1774005229415845817,1774005229410789757,0.829,2.725,0.296,3.849,0.636,4.486
1774005229439135969,1774005229434617583,1.233,2.336,0.372,3.942,0.235,4.177
1774005229465803943,1774005229460801164,0.903,2.841,0.328,4.072,0.593,4.665
1774005229495973452,1774005229490830414,0.572,2.995,0.364,3.932,0.927,4.859
1774005229517906331,1774005229510782170,0.024,2.401,0.361,2.786,0.400,3.186
1774005229542331576,1774005229537398878,2.459,1.059,0.046,3.564,0.725,4.288
1774005229565360635,1774005229560888874,0.558,2.857,0.265,3.679,0.471,4.150
1774005229595181178,1774005229590848203,0.105,2.760,0.232,3.098,0.470,3.567
1774005229615835410,1774005229610796662,0.025,2.552,0.212,2.790,0.801,3.591
1774005229647747383,1774005229640786648,0.017,1.818,0.533,2.369,2.403,4.772
1774005229666173958,1774005229660780036,0.022,3.384,0.144,3.550,0.479,4.030
1774005229696425901,1774005229690896296,0.778,3.358,0.234,4.371,0.717,5.088
1774005229715875247,1774005229710774130,0.694,3.220,0.282,4.197,0.580,4.776
1774005229748338526,1774005229740778612,0.688,1.890,2.416,4.995,1.364,6.359
1774005229766478152,1774005229760791968,0.921,3.656,0.018,4.594,0.785,5.380
1774005229796165988,1774005229790931621,1.081,2.618,0.302,4.001,0.466,4.467
1774005229815879691,1774005229810794415,0.587,3.255,0.722,4.564,0.167,4.731
1774005229846720797,1774005229840779056,0.023,2.256,0.633,2.912,1.595,4.507
1774005229865580948,1774005229860793245,0.682,2.846,0.648,4.175,0.266,4.441
1774005229895851579,1774005229890818751,0.612,3.082,0.107,3.801,0.822,4.623
1774005229915505313,1774005229910797963,0.404,2.836,0.916,4.156,0.068,4.224
1774005229947673866,1774005229940805805,1.398,1.791,0.967,4.156,2.404,6.560
1774005229965921206,1774005229961007165,0.628,2.619,0.461,3.707,0.870,4.578
1774005229996188477,1774005229990860348,0.368,3.689,0.602,4.659,0.020,4.680
1774005230015203127,1774005230010783047,0.628,2.605,0.395,3.627,0.485,4.112
1774005230047465219,1774005230040801481,1.391,4.210,0.022,5.623,0.703,6.326
1774005230065340008,1774005230060774357,0.682,3.128,0.016,3.826,0.426,4.252
1774005230095403371,1774005230090762999,0.747,2.815,0.291,3.853,0.404,4.257
1774005230116257959,1774005230110798052,0.398,2.925,1.550,4.873,0.055,4.928
1774005230148475921,1774005230140786597,0.626,2.856,2.261,5.743,1.625,7.367
1774005230166421624,1774005230160951925,1.837,3.133,0.016,4.986,0.079,5.065
1774005230196264535,1774005230190832820,0.341,3.851,0.662,4.854,0.021,4.875
1774005230215506294,1774005230210791840,0.558,2.579,1.207,4.344,0.023,4.367
1774005230247872899,1774005230240731233,0.071,4.441,1.823,6.335,0.030,6.365
1774005230265750568,1774005230260796430,0.596,4.011,0.016,4.623,0.015,4.638
1774005230295995503,1774005230290862129,1.042,2.771,0.928,4.740,0.018,4.758
1774005230325789869,1774005230320848531,0.857,2.656,0.683,4.196,0.413,4.609
1774005230346761771,1774005230340790206,1.120,3.881,0.018,5.019,0.639,5.658
1774005230375631384,1774005230370792096,0.024,2.689,0.697,3.409,0.371,3.780
1774005230396709528,1774005230390760684,0.749,4.028,0.804,5.581,0.017,5.598
1774005230419456822,1774005230414661471,0.390,2.698,0.379,3.467,0.387,3.854
1774005230446963819,1774005230440801627,0.902,2.543,0.377,3.822,2.028,5.851
1774005230475769175,1774005230470773980,1.553,2.432,0.561,4.547,0.054,4.601
1774005230495360572,1774005230490743208,0.728,2.774,0.535,4.037,0.217,4.253
1774005230525249116,1774005230520806987,0.604,3.027,0.058,3.690,0.356,4.046
1774005230546588416,1774005230540762646,0.567,4.568,0.013,5.148,0.279,5.427
1774005230576063417,1774005230570949724,0.887,3.044,0.276,4.208,0.225,4.432
1774005230595548156,1774005230590820006,0.662,2.989,0.437,4.088,0.247,4.335
1774005230628262767,1774005230620882377,0.811,3.581,0.389,4.782,1.813,6.594
1774005230646327512,1774005230640816468,0.653,3.005,0.371,4.029,1.006,5.035
1774005230676689761,1774005230670807222,0.622,3.047,1.872,5.540,0.024,5.564
1774005230695836125,1774005230690764001,0.112,1.868,0.303,2.283,0.589,2.872
1774005230715653606,1774005230711193205,0.019,2.808,0.360,3.186,0.134,3.320
1774005230746915199,1774005230740875985,0.644,2.893,0.568,4.104,1.564,5.669
1774005230765026505,1774005230760792060,0.809,2.348,0.398,3.555,0.227,3.782
1774005230795056939,1774005230790782206,0.962,2.588,0.018,3.568,0.205,3.773
1774005230815521376,1774005230810789706,1.750,2.082,0.016,3.849,0.295,4.144
1774005230846770425,1774005230840765867,0.646,2.738,0.568,3.952,1.576,5.529
1774005230865560207,1774005230860796408,0.673,2.765,0.452,3.889,0.536,4.425
1774005230894895013,1774005230890776570,0.606,2.502,0.265,3.374,0.301,3.675
1774005230916117959,1774005230910795558,0.476,2.881,0.561,3.918,0.941,4.860
1774005230948448948,1774005230940775304,0.839,2.318,0.438,3.595,3.789,7.384
1774005230965543499,1774005230960785652,1.298,3.069,0.017,4.383,0.052,4.435
1774005230995814514,1774005230990786486,0.649,3.183,0.589,4.421,0.228,4.648
1774005231014998703,1774005231010766530,0.549,2.814,0.222,3.585,0.235,3.821
1774005231047083159,1774005231040770820,1.032,2.507,0.447,3.987,2.007,5.993
1774005231067487146,1774005231060990036,1.042,2.641,2.314,5.998,0.022,6.019
1774005231095102241,1774005231090773458,0.687,3.191,0.018,3.896,0.052,3.948
1774005231115534421,1774005231110821279,0.023,2.809,0.046,2.878,0.494,3.373
1774005231147109396,1774005231140800641,0.623,5.320,0.029,5.972,0.015,5.987
1774005231165105787,1774005231160812461,0.685,2.504,0.495,3.684,0.252,3.936
1774005231195831947,1774005231191242967,0.019,2.425,0.782,3.226,0.024,3.250
1774005231215095465,1774005231210736602,0.019,2.668,0.014,2.701,0.399,3.099
1774005231246546982,1774005231240758781,1.004,2.717,0.351,4.072,1.309,5.381
1774005231265274299,1774005231260787593,0.562,2.442,0.335,3.338,0.363,3.701
1774005231295130458,1774005231290748331,0.691,2.365,0.504,3.560,0.416,3.976
1774005231315562574,1774005231310799128,1.590,2.566,0.019,4.174,0.279,4.454
1774005231347056396,1774005231340787098,1.375,1.844,2.067,5.286,0.532,5.818
1774005231366681713,1774005231360782438,1.441,2.139,0.547,4.127,0.973,5.100
1774005231395711457,1774005231390776296,1.520,1.839,0.403,3.762,0.721,4.483
1774005231426272654,1774005231420847243,2.459,1.951,0.022,4.431,0.546,4.977
1774005231447362158,1774005231440865559,0.745,3.154,1.558,5.457,0.659,6.116
1774005231475717810,1774005231470775768,0.059,2.522,0.017,2.597,0.015,2.612
1774005231495266646,1774005231490788900,1.322,1.952,0.596,3.870,0.282,4.152
1774005231527100057,1774005231520832487,3.386,2.102,0.014,5.501,0.391,5.892
1774005231547464684,1774005231540778706,0.856,2.691,1.893,5.441,0.953,6.394
1774005231575080739,1774005231570815765,1.043,2.055,0.368,3.466,0.304,3.770
1774005231595498870,1774005231590771328,0.444,2.737,0.293,3.473,0.692,4.165
1774005231625742077,1774005231620760898,1.805,1.835,0.361,4.001,0.481,4.482
1774005231646843229,1774005231640836144,1.550,1.845,0.805,4.200,1.448,5.648
1774005231677027810,1774005231670784081,0.678,3.384,1.843,5.905,0.021,5.927
1774005231695929050,1774005231690756028,0.024,2.493,0.752,3.270,0.331,3.601
1774005231725741241,1774005231720808159,1.188,2.032,0.290,3.511,0.866,4.376
1774005231747326306,1774005231740730410,1.277,2.008,2.273,5.558,0.713,6.271
1774005231776122798,1774005231770794605,1.977,2.497,0.020,4.495,0.445,4.940
1774005231796070169,1774005231790837562,1.562,2.042,0.515,4.119,0.786,4.906
1774005231826190494,1774005231820880733,0.560,3.486,0.534,4.579,0.234,4.813
1774005231846742740,1774005231840891049,1.017,3.030,0.012,4.058,1.453,5.511
1774005231875881350,1774005231870833802,0.743,2.877,0.516,4.136,0.387,4.523
1774005231895571469,1774005231890793942,0.358,2.799,0.414,3.571,0.648,4.220
1774005231925270665,1774005231920944123,1.404,2.102,0.191,3.697,0.199,3.896
1774005231946725584,1774005231940806980,0.020,2.428,0.650,3.098,1.751,4.848
1774005231975925603,1774005231970804518,0.595,3.157,1.008,4.760,0.026,4.786
1774005231994984798,1774005231990773202,0.021,2.321,0.706,3.048,0.022,3.070
1774005232025802223,1774005232020735987,1.601,2.392,0.377,4.370,0.350,4.720
1774005232046310149,1774005232040745535,1.423,1.874,0.431,3.728,1.519,5.247
1774005232076145764,1774005232070754722,0.750,2.793,0.345,3.888,1.162,5.050
1774005232094780215,1774005232090762478,1.157,2.390,0.018,3.564,0.068,3.632
1774005232125371492,1774005232120942739,0.806,2.378,0.341,3.525,0.598,4.123
1774005232147099951,1774005232140859774,0.925,1.792,0.332,3.049,2.514,5.563
1774005232176592104,1774005232170813951,0.572,3.035,1.764,5.372,0.018,5.390
1774005232195557250,1774005232190728394,0.725,2.874,0.855,4.454,0.022,4.476
1774005232224973881,1774005232220762892,0.518,2.786,0.320,3.624,0.225,3.848
1774005232247095372,1774005232240737048,0.429,5.471,0.020,5.921,0.017,5.938
1774005232275647507,1774005232270764251,0.545,2.946,0.478,3.970,0.545,4.515
1774005232295373403,1774005232290808487,0.743,2.816,0.270,3.829,0.352,4.181
1774005232325400637,1774005232320897067,0.791,2.553,0.428,3.772,0.356,4.129
1774005232346971878,1774005232340852726,0.910,4.814,0.022,5.746,0.014,5.761
1774005232375204680,1774005232370809912,1.868,1.369,0.712,3.949,0.023,3.971
1774005232394243746,1774005232389748081,1.526,2.564,0.020,4.110,0.015,4.125
1774005232426707217,1774005232420743813,0.581,3.298,0.974,4.853,0.772,5.625
1774005232446504986,1774005232440759025,1.404,1.865,0.912,4.182,1.194,5.375
1774005232475329799,1774005232470745555,0.590,3.088,0.364,4.042,0.220,4.262
1774005232495929374,1774005232490863553,1.134,3.563,0.019,4.716,0.018,4.734
1774005232526327335,1774005232520793346,2.216,2.526,0.020,4.762,0.014,4.775
1774005232546853789,1774005232540726157,1.207,2.228,0.590,4.025,1.661,5.686
1774005232575351459,1774005232570753072,1.668,1.824,0.445,3.937,0.333,4.270
