wall_time_ns,scan_stamp_ns,scan_to_scan_walls_ms,walls_to_amcl_ms,amcl_to_ekf_ms,scan_to_ekf_ms,ekf_to_drive_ms,scan_to_drive_ms
1774015024505314432,1774015019958246496,14.276,-10.654,1.453,5.074,-1.000,-1.000
1774015024505443328,1774015019978227936,0.034,0.025,0.016,0.075,-1.000,-1.000
1774015024505453088,1774015020008268160,0.128,1.450,0.239,1.817,-1.000,-1.000
1774015024505458688,1774015020028332864,0.424,0.279,0.438,1.142,-1.000,-1.000
1774015024505466400,1774015020058214688,0.025,1.634,0.275,1.934,-1.000,-1.000
1774015024505471872,1774015020078184224,0.384,2.375,0.708,3.466,-1.000,-1.000
1774015024505476832,1774015020108192960,0.082,3.867,0.019,3.968,-1.000,-1.000
1774015024505481760,1774015020126566944,0.724,3.462,1.453,5.639,-1.000,-1.000
1774015024505488544,1774015020158239520,1.032,4.108,0.024,5.164,-1.000,-1.000
1774015024505493824,1774015020178172192,5.784,0.101,0.014,5.898,-1.000,-1.000
1774015024505498848,1774015020208328992,0.098,2.580,0.305,2.983,-1.000,-1.000
1774015024505502624,1774015020228290432,0.042,0.019,0.011,0.072,-1.000,-1.000
1774015024505506336,1774015020258183200,0.051,6.215,0.022,6.289,-1.000,-1.000
1774015024505510016,1774015020278183680,0.452,2.997,0.283,3.732,-1.000,-1.000
1774015024505514912,1774015020302114368,0.035,0.155,0.097,0.287,-1.000,-1.000
1774015024505519328,1774015020328151872,3.570,0.179,0.028,3.777,-1.000,-1.000
1774015024505526528,1774015020358308288,1.819,2.476,0.022,4.316,-1.000,-1.000
1774015024505530176,1774015020374478976,1.153,6.242,0.752,8.146,-1.000,-1.000
1774015024505535008,1774015020408155072,0.026,3.907,0.023,3.955,-1.000,-1.000
1774015024505539328,1774015020428216224,4.702,0.028,0.012,4.742,-1.000,-1.000
1774015024505544096,1774015020458153920,5.183,3.545,0.852,9.581,-1.000,-1.000
1774015024505548416,1774015020478175008,1.743,2.530,0.650,4.923,-1.000,-1.000
1774015024505552064,1774015020508260704,0.420,3.266,0.268,3.954,-1.000,-1.000
1774015024505555712,1774015020531466560,0.027,2.975,0.023,3.025,-1.000,-1.000
1774015024505560512,1774015020558240032,0.602,2.728,0.366,3.696,-1.000,-1.000
1774015024505564288,1774015020578202144,0.383,2.788,0.145,3.317,-1.000,-1.000
1774015024505568416,1774015020608183872,1.782,2.871,0.015,4.669,-1.000,-1.000
1774015024505572096,1774015020628242592,0.316,3.019,0.246,3.581,-1.000,-1.000
1774015024505575776,1774015020658257280,1.089,2.367,0.745,4.201,-1.000,-1.000
1774015024505579840,1774015020678250720,0.697,2.493,0.019,3.209,-1.000,-1.000
1774015024505584576,1774015020708228896,1.814,2.927,6.777,11.517,-1.000,-1.000
1774015024505588608,1774015020728288064,1.856,3.238,0.216,5.310,-1.000,-1.000
1774015024505626336,1774015020758166176,0.026,14.807,0.016,14.849,-1.000,-1.000
1774015024505631264,1774015020778251616,0.385,3.827,0.051,4.262,-1.000,-1.000
1774015024505635424,1774015020808160352,0.461,3.138,0.017,3.615,-1.000,-1.000
1774015024505639040,1774015020828210912,0.723,3.080,6.478,10.281,-1.000,-1.000
1774015024505643008,1774015020858187808,0.523,3.433,0.017,3.974,-1.000,-1.000
1774015024505647168,1774015020878181152,0.555,4.068,0.022,4.645,-1.000,-1.000
1774015024505652128,1774015020908163552,0.289,2.452,0.527,3.269,-1.000,-1.000
1774015024505655744,1774015020928223520,1.154,1.977,0.016,3.146,-1.000,-1.000
1774015024505904000,1774015020958332928,0.063,2.996,0.017,3.076,-1.000,-1.000
1774015024505912800,1774015020978225408,0.383,2.523,1.131,4.037,-1.000,-1.000
1774015024505916512,1774015021008287296,0.191,2.629,0.059,2.879,-1.000,-1.000
1774015024505920896,1774015021028130048,0.522,2.928,0.166,3.616,-1.000,-1.000
1774015024505924928,1774015021058243648,0.636,4.015,0.362,5.013,-1.000,-1.000
1774015024505929728,1774015021078168608,1.115,2.056,0.340,3.511,-1.000,-1.000
1774015024505933952,1774015021108174560,0.739,3.217,0.019,3.975,-1.000,-1.000
1774015024505937568,1774015021128134528,1.025,2.473,0.089,3.586,-1.000,-1.000
1774015024505941344,1774015021158225696,0.993,2.356,0.020,3.369,-1.000,-1.000
1774015024505945472,1774015021178154400,1.800,2.585,0.023,4.408,-1.000,-1.000
1774015024505950432,1774015021208223520,0.734,3.205,0.023,3.962,-1.000,-1.000
1774015024506034432,1774015021228260032,0.817,3.497,0.128,4.442,-1.000,-1.000
1774015024506039456,1774015021258266880,0.023,3.303,0.952,4.278,-1.000,-1.000
1774015024506043200,1774015021278384768,0.831,3.386,0.017,4.235,-1.000,-1.000
1774015024506046816,1774015021302807808,6.048,2.504,0.400,8.952,-1.000,-1.000
1774015024506050592,1774015021328126176,0.718,4.300,0.258,5.276,-1.000,-1.000
1774015024506054784,1774015021358245376,0.453,2.903,0.116,3.472,-1.000,-1.000
1774015024506058560,1774015021376129728,2.990,0.452,0.477,3.919,-1.000,-1.000
1774015024506062144,1774015021402482688,0.512,2.516,0.200,3.229,-1.000,-1.000
1774015024506065696,1774015021428205984,0.884,2.537,0.925,4.346,-1.000,-1.000
1774015024506069888,1774015021458497184,0.982,3.160,0.384,4.526,-1.000,-1.000
1774015024506073920,1774015021478363232,3.818,8.612,0.089,12.519,-1.000,-1.000
1774015024506078176,1774015021499731200,1.183,1.878,0.422,3.483,-1.000,-1.000
1774015024506081728,1774015021528217248,0.918,3.037,0.690,4.645,-1.000,-1.000
1774015024506085408,1774015021558132256,1.454,2.547,0.019,4.020,-1.000,-1.000
1774015024506089600,1774015021578204992,0.023,3.070,0.362,3.455,-1.000,-1.000
1774015024506093248,1774015021608239680,3.014,5.993,0.240,9.247,-1.000,-1.000
1774015024506096960,1774015021628089184,0.387,4.431,0.024,4.842,-1.000,-1.000
1774015024506101120,1774015021658300384,0.183,2.070,0.123,2.376,-1.000,-1.000
1774015024506104704,1774015021678177024,0.951,3.629,0.018,4.599,-1.000,-1.000
1774015024506108256,1774015021708167744,1.349,3.621,1.437,6.407,-1.000,-1.000
1774015024506111744,1774015021728276704,0.917,2.409,0.055,3.381,-1.000,-1.000
1774015024506115328,1774015021758252896,1.192,1.514,4.431,7.138,-1.000,-1.000
1774015024506118784,1774015021778194208,0.022,2.524,0.018,2.563,-1.000,-1.000
1774015024506122368,1774015021806265984,0.613,3.904,3.879,8.396,-1.000,-1.000
1774015024506125952,1774015021828183168,0.027,2.021,0.616,2.665,-1.000,-1.000
1774015024506129440,1774015021858183488,0.487,3.768,0.288,4.542,-1.000,-1.000
1774015024506132960,1774015021878280064,0.031,1.360,0.016,1.407,-1.000,-1.000
1774015024506136544,1774015021908247648,0.025,4.033,7.339,11.396,-1.000,-1.000
1774015024506140512,1774015021928448160,0.590,3.981,0.148,4.719,-1.000,-1.000
1774015024506220960,1774015021958317760,1.659,3.860,0.021,5.539,-1.000,-1.000
1774015024506226784,1774015021978406400,0.691,2.761,0.235,3.686,-1.000,-1.000
1774015024506231072,1774015022008337216,0.437,3.511,2.846,6.793,-1.000,-1.000
1774015024506235616,1774015022028301952,0.024,3.054,0.246,3.324,-1.000,-1.000
1774015024506239200,1774015022058295712,0.383,2.714,0.342,3.440,-1.000,-1.000
1774015024506243328,1774015022078207424,0.380,3.266,0.165,3.810,-1.000,-1.000
1774015024506246848,1774015022108211456,0.546,3.063,0.202,3.811,-1.000,-1.000
1774015024506250432,1774015022128272480,1.008,2.489,0.371,3.869,-1.000,-1.000
1774015024506253984,1774015022158287232,0.909,2.426,0.269,3.603,-1.000,-1.000
1774015024506257568,1774015022178287264,2.900,2.385,0.493,5.778,-1.000,-1.000
1774015024506261216,1774015022208411552,1.346,3.298,0.235,4.880,-1.000,-1.000
1774015024506265248,1774015022228469312,0.842,2.429,0.326,3.597,-1.000,-1.000
1774015024506268768,1774015022258233344,0.336,2.743,0.227,3.306,-1.000,-1.000
1774015024506272256,1774015022278235488,0.380,3.009,0.279,3.668,-1.000,-1.000
1774015024506275840,1774015022308158144,1.734,2.573,0.134,4.441,-1.000,-1.000
1774015024506279264,1774015022328166048,0.026,1.657,0.600,2.282,-1.000,-1.000
1774015024506282816,1774015022358197536,0.401,2.446,0.219,3.066,-1.000,-1.000
1774015024506286240,1774015022378193792,0.429,2.541,0.538,3.508,-1.000,-1.000
1774015024506289760,1774015022408302048,0.342,2.545,0.542,3.429,-1.000,-1.000
1774015024506293248,1774015022428324608,0.625,2.442,0.140,3.207,-1.000,-1.000
1774015024506296736,1774015022458284544,2.953,1.506,0.244,4.702,-1.000,-1.000
1774015024506317440,1774015022478379584,2.805,3.483,0.020,6.308,-1.000,-1.000
1774015024506322208,1774015022508270656,0.820,2.535,0.019,3.375,-1.000,-1.000
1774015024506325792,1774015022528282336,1.261,2.981,0.304,4.546,-1.000,-1.000
1774015024506329760,1774015022558258272,0.027,2.941,0.019,2.986,-1.000,-1.000
1774015024506333376,1774015022578406592,0.959,2.381,0.019,3.358,-1.000,-1.000
1774015024506337024,1774015022608365664,0.950,2.350,0.297,3.596,-1.000,-1.000
1774015024506341056,1774015022628222592,0.404,2.491,0.505,3.400,-1.000,-1.000
1774015024506344576,1774015022658306912,0.734,2.524,0.014,3.272,-1.000,-1.000
1774015024506348032,1774015022678322272,0.542,2.691,0.021,3.254,-1.000,-1.000
1774015024506351552,1774015022708342496,0.624,2.218,0.157,2.999,-1.000,-1.000
1774015024506355040,1774015022728182368,0.894,2.263,0.061,3.218,-1.000,-1.000
1774015024506358624,1774015022758221920,0.440,2.792,0.018,3.250,-1.000,-1.000
1774015024506362208,1774015022778189632,0.378,3.159,0.063,3.600,-1.000,-1.000
1774015024506365760,1774015022808198464,0.429,4.275,0.024,4.728,-1.000,-1.000
1774015024506369376,1774015022828185600,0.448,3.921,0.019,4.388,-1.000,-1.000
1774015024506373376,1774015022858460704,1.254,3.019,0.013,4.286,-1.000,-1.000
1774015024506376864,1774015022878225120,0.405,3.192,0.580,4.176,-1.000,-1.000
1774015024506380384,1774015022908294496,0.708,2.486,0.347,3.540,-1.000,-1.000
1774015024506383968,1774015022928288192,2.083,1.743,0.274,4.100,-1.000,-1.000
1774015024506467168,1774015022958266432,0.025,2.438,0.061,2.524,-1.000,-1.000
1774015024506474016,1774015022978451008,1.725,2.054,0.015,3.793,-1.000,-1.000
1774015024506478304,1774015023008304576,0.309,4.345,1.499,6.152,-1.000,-1.000
1774015024506481856,1774015023028292992,1.143,2.388,0.157,3.687,-1.000,-1.000
1774015024506485408,1774015023058299776,0.410,2.503,0.187,3.101,-1.000,-1.000
1774015024506489024,1774015023078272864,1.386,1.710,0.467,3.563,-1.000,-1.000
1774015024506492544,1774015023108580416,1.288,2.135,1.994,5.417,-1.000,-1.000
1774015024506496160,1774015023128216832,0.419,2.661,0.355,3.434,-1.000,-1.000
1774015024506499808,1774015023158196160,0.477,2.500,0.131,3.109,-1.000,-1.000
1774015024506503392,1774015023178202400,0.508,2.196,2.922,5.626,-1.000,-1.000
1774015024506506816,1774015023208075296,5.631,5.972,1.878,13.480,-1.000,-1.000
1774015024506510912,1774015023228203296,4.727,2.994,0.020,7.742,-1.000,-1.000
1774015024506514368,1774015023258153504,1.045,2.258,0.219,3.522,-1.000,-1.000
1774015024506517824,1774015023278197472,3.351,2.273,0.389,6.012,-1.000,-1.000
1774015024506521312,1774015023302090048,10.004,3.473,0.900,14.377,-1.000,-1.000
1774015024506525344,1774015023328195904,1.441,3.267,8.673,13.381,-1.000,-1.000
1774015024506529248,1774015023358065824,2.211,3.631,0.020,5.863,-1.000,-1.000
1774015024506532672,1774015023388109312,0.306,4.631,0.021,4.958,-1.000,-1.000
1774015024506536160,1774015023408068576,0.413,6.085,0.017,6.515,-1.000,-1.000
1774015024506540192,1774015023438099968,0.383,3.195,1.384,4.962,-1.000,-1.000
1774015024506543712,1774015023458063552,0.569,3.158,0.020,3.747,-1.000,-1.000
1774015024506547296,1774015023488760896,2.379,2.289,0.211,4.879,-1.000,-1.000
1774015024506550720,1774015023508169696,1.240,2.127,0.056,3.423,-1.000,-1.000
1774015024506554272,1774015023539319008,1.062,2.659,0.545,4.265,-1.000,-1.000
1774015024506557760,1774015023558258272,1.318,2.283,0.426,4.027,-1.000,-1.000
1774015024506561216,1774015023588168256,0.022,2.460,0.967,3.449,-1.000,-1.000
1774015024506564608,1774015023608159424,0.393,2.303,0.015,2.710,-1.000,-1.000
1774015024506568160,1774015023638178624,0.434,2.338,0.017,2.789,-1.000,-1.000
1774015024506571584,1774015023658172416,1.243,1.473,0.163,2.878,-1.000,-1.000
1774015024506575008,1774015023688174656,1.084,1.963,0.015,3.062,-1.000,-1.000
1774015024506578464,1774015023708158432,0.523,2.220,0.604,3.348,-1.000,-1.000
1774015024506615616,1774015023738171456,0.352,2.230,0.318,2.900,-1.000,-1.000
1774015024506620512,1774015023758138688,1.198,2.686,0.213,4.098,-1.000,-1.000
1774015024506623968,1774015023788155328,0.489,2.479,0.845,3.813,-1.000,-1.000
1774015024506627392,1774015023808185696,1.087,2.329,0.629,4.046,-1.000,-1.000
1774015024506630816,1774015023838192352,0.406,2.649,0.175,3.229,-1.000,-1.000
1774015024506634368,1774015023858191744,0.899,2.796,0.209,3.905,-1.000,-1.000
1774015024506637856,1774015023888162624,0.657,3.108,0.016,3.781,-1.000,-1.000
1774015024506641344,1774015023908154816,0.311,2.441,1.360,4.112,-1.000,-1.000
1774015024506644704,1774015023938311808,0.447,2.733,0.017,3.196,-1.000,-1.000
1774015024506710240,1774015023958173280,3.694,1.507,0.188,5.389,-1.000,-1.000
1774015024506714752,1774015023988156736,0.955,2.100,0.017,3.072,-1.000,-1.000
1774015024506718368,1774015024008162976,0.382,2.428,1.080,3.890,-1.000,-1.000
1774015024506721824,1774015024038177280,0.421,2.445,0.477,3.343,-1.000,-1.000
1774015024506725280,1774015024058165952,1.008,2.019,0.112,3.140,-1.000,-1.000
1774015024506728832,1774015024088263200,1.239,2.405,0.282,3.925,-1.000,-1.000
1774015024506732320,1774015024108080320,2.338,2.302,0.016,4.656,-1.000,-1.000
1774015024506735808,1774015024138166976,0.530,2.829,0.013,3.372,-1.000,-1.000
1774015024506739360,1774015024158262880,0.022,2.773,0.295,3.090,-1.000,-1.000
1774015024506742848,1774015024188261216,2.049,2.476,0.113,4.639,-1.000,-1.000
1774015024506746368,1774015024208139968,0.024,3.268,0.263,3.555,-1.000,-1.000
1774015024506749856,1774015024238342624,0.674,2.477,0.409,3.560,-1.000,-1.000
1774015024506753376,1774015024258271136,1.379,2.546,0.246,4.171,-1.000,-1.000
1774015024506756832,1774015024288267616,1.255,2.547,0.022,3.824,-1.000,-1.000
1774015024506760352,1774015024308225024,1.282,2.418,1.360,5.060,-1.000,-1.000
1774015024506763872,1774015024338097216,0.593,2.666,0.762,4.020,-1.000,-1.000
1774015024506767424,1774015024358125408,0.730,2.393,0.019,3.142,-1.000,-1.000
1774015024506770944,1774015024388189728,0.487,6.936,0.025,7.448,-1.000,-1.000
1774015024506774432,1774015024405301856,1.194,4.710,0.032,5.936,-1.000,-1.000
1774015024506777920,1774015024438232384,0.855,2.343,0.016,3.214,-1.000,-1.000
1774015024506781504,1774015024458410208,2.585,6.742,0.018,9.344,-1.000,-1.000
1774015024506786176,1774015024488214048,0.907,3.336,1.594,5.838,10.806,16.643
1774015024517402752,1774015024508164128,3.982,2.616,2.210,8.808,0.022,8.830
1774015024542470016,1774015024538190912,0.968,1.992,0.728,3.688,0.257,3.944
1774015024562193440,1774015024558576448,0.380,2.410,0.334,3.124,0.227,3.350
1774015024592013568,1774015024588048608,0.773,2.492,0.107,3.373,0.316,3.689
1774015024612983680,1774015024608241312,0.615,2.720,0.307,3.641,0.195,3.836
1774015024643310592,1774015024638249600,0.370,3.602,0.325,4.297,0.429,4.726
1774015024664585824,1774015024658143136,1.026,3.268,1.577,5.871,0.183,6.054
1774015024693124032,1774015024688175168,1.807,2.331,0.018,4.155,0.503,4.658
1774015024716318816,1774015024708127456,2.401,4.293,0.010,6.704,1.098,7.802
1774015024743284288,1774015024738253088,0.924,2.509,0.019,3.452,0.923,4.375
1774015024762667552,1774015024758222976,0.901,2.773,0.019,3.693,0.350,4.043
1774015024794583776,1774015024788147072,0.812,3.209,1.798,5.819,0.239,6.058
1774015024812367744,1774015024808238624,0.374,3.197,0.051,3.623,0.167,3.790
1774015024844096864,1774015024838250496,0.023,0.022,0.013,0.058,0.390,0.447
1774015024863438656,1774015024858129728,0.803,2.977,0.375,4.154,0.733,4.886
1774015024893777600,1774015024888127456,0.279,3.142,1.118,4.539,0.745,5.284
1774015024912811136,1774015024908149472,1.011,2.742,0.047,3.800,0.552,4.353
1774015024944017120,1774015024938147264,2.359,2.472,0.310,5.140,0.157,5.297
1774015024962370368,1774015024958110528,0.022,2.670,0.021,2.714,0.581,3.295
1774015024993969312,1774015024988131520,1.196,3.514,0.333,5.043,0.455,5.498
1774015025013521248,1774015025008151552,1.485,1.845,0.707,4.037,0.999,5.037
1774015025042952224,1774015025038161280,0.786,3.216,0.054,4.056,0.318,4.375
1774015025062976448,1774015025058138496,0.692,2.540,0.785,4.017,0.420,4.436
1774015025096844384,1774015025088252736,1.677,3.881,1.039,6.598,1.673,8.271
1774015025114784160,1774015025108143264,2.378,2.271,0.857,5.506,0.610,6.116
1774015025142978368,1774015025138158016,0.327,3.020,1.056,4.403,0.020,4.423
1774015025162547168,1774015025158162080,1.211,1.610,0.330,3.151,0.876,4.027
1774015025194582688,1774015025188152320,0.958,3.857,0.534,5.349,0.745,6.094
1774015025211945504,1774015025208156704,0.908,2.035,0.109,3.053,0.442,3.494
1774015025243205152,1774015025238218560,0.556,2.821,1.090,4.467,0.220,4.686
1774015025262341344,1774015025258124352,1.089,2.246,0.296,3.631,0.291,3.923
1774015025295614656,1774015025288138848,0.585,4.122,2.450,7.158,0.021,7.178
1774015025313068064,1774015025308071456,0.824,3.117,0.419,4.360,0.342,4.702
1774015025343595328,1774015025338190912,1.416,3.128,0.057,4.601,0.494,5.095
1774015025363733504,1774015025358278400,1.165,3.522,0.016,4.704,0.420,5.124
1774015025392562464,1774015025388155360,0.354,3.720,0.016,4.090,0.013,4.103
1774015025412578144,1774015025408336192,0.353,3.059,0.486,3.897,0.046,3.944
1774015025442253728,1774015025438132928,0.665,2.531,0.599,3.795,0.021,3.816
1774015025465652864,1774015025458216736,1.544,4.291,0.020,5.855,1.236,7.091
1774015025492355488,1774015025488226944,1.323,1.952,0.019,3.294,0.517,3.811
1774015025516170688,1774015025508132384,1.339,1.674,1.119,4.133,3.490,7.622
1774015025543444128,1774015025538346464,1.382,2.445,0.315,4.142,0.674,4.816
1774015025564497952,1774015025558145856,1.020,2.160,0.636,3.816,2.205,6.021
1774015025592949632,1774015025588460384,0.458,2.639,0.794,3.891,0.270,4.162
1774015025613520320,1774015025608167936,1.558,2.845,0.187,4.590,0.433,5.023
1774015025642904032,1774015025638138144,0.024,3.136,0.018,3.178,0.795,3.974
1774015025662156320,1774015025658149888,0.556,2.742,0.225,3.523,0.154,3.677
1774015025693025312,1774015025688143712,0.391,3.206,0.398,3.995,0.498,4.493
1774015025711706208,1774015025708135520,0.503,2.686,0.046,3.235,0.018,3.253
1774015025742811616,1774015025738346112,0.628,1.961,0.586,3.175,0.301,3.476
1774015025762083808,1774015025758130016,0.703,2.540,0.121,3.365,0.023,3.388
1774015025793252288,1774015025788127008,0.386,3.787,0.230,4.402,0.374,4.777
1774015025823062400,1774015025818045888,1.908,2.347,0.023,4.278,0.206,4.485
1774015025841910592,1774015025838114784,0.023,1.553,0.020,1.596,0.165,1.761
1774015025871543584,1774015025865707648,0.837,3.499,0.017,4.352,0.572,4.924
1774015025892505984,1774015025888296448,1.327,2.137,0.146,3.610,0.230,3.840
1774015025922774144,1774015025918130464,0.474,2.719,0.156,3.349,0.925,4.274
1774015025944265408,1774015025938134464,0.841,3.035,1.593,5.468,0.358,5.826
1774015025973650304,1774015025968048512,0.980,3.796,0.303,5.080,0.248,5.328
1774015025993330592,1774015025988132832,1.908,2.649,0.238,4.794,0.034,4.828
1774015026025105472,1774015026018358368,0.267,2.460,3.329,6.056,0.023,6.079
1774015026042953376,1774015026038205344,1.175,2.372,0.207,3.754,0.672,4.426
1774015026074000416,1774015026068229248,0.022,3.849,0.319,4.190,0.734,4.925
1774015026092349728,1774015026088146176,0.384,3.242,0.018,3.645,0.241,3.885
1774015026118419936,1774015026108973216,0.917,6.164,1.564,8.645,0.333,8.978
1774015026148833376,1774015026138294848,0.126,2.493,5.905,8.523,1.341,9.865
1774015026173860480,1774015026168116736,0.493,3.007,1.488,4.988,0.439,5.427
1774015026191994912,1774015026188072768,0.506,1.767,0.391,2.664,0.446,3.111
1774015026215901632,1774015026208994368,0.678,2.853,0.015,3.547,3.067,6.614
1774015026242513504,1774015026238091328,1.275,2.155,0.013,3.443,0.653,4.095
1774015026263852032,1774015026258574592,1.392,3.110,0.114,4.615,0.317,4.932
1774015026292103136,1774015026288108704,0.680,1.903,0.165,2.748,0.583,3.330
1774015026322597856,1774015026318101024,0.484,2.740,0.220,3.443,0.709,4.152
1774015026341890656,1774015026338074240,0.390,2.252,0.304,2.946,0.515,3.461
1774015026370058560,1774015026362999776,1.460,3.860,1.021,6.342,0.398,6.739
1774015026393576064,1774015026388131360,1.798,2.633,0.471,4.902,0.233,5.135
1774015026423146944,1774015026418115232,0.372,3.098,0.696,4.167,0.474,4.641
1774015026442127936,1774015026438230432,0.314,2.500,0.423,3.237,0.348,3.585
1774015026473884704,1774015026468081920,1.114,4.090,0.180,5.384,0.057,5.441
1774015026493719232,1774015026488262464,1.670,2.765,0.016,4.451,0.540,4.991
1774015026522728800,1774015026518570400,1.422,2.228,0.020,3.670,0.195,3.865
1774015026542419008,1774015026538108768,0.640,2.533,0.108,3.281,0.673,3.954
1774015026573105376,1774015026568078560,0.470,3.270,0.307,4.047,0.585,4.632
1774015026592208960,1774015026588083584,0.456,2.414,0.453,3.324,0.358,3.682
1774015026622257472,1774015026618110176,2.215,1.108,0.230,3.553,0.290,3.843
1774015026644011360,1774015026638101312,1.351,3.755,0.047,5.153,0.356,5.510
1774015026673164480,1774015026668058656,0.496,3.709,0.316,4.521,0.251,4.772
1774015026694917120,1774015026688150208,0.159,3.436,2.063,5.658,0.387,6.045
1774015026723099296,1774015026718072480,1.796,2.409,0.017,4.223,0.466,4.689
1774015026743094304,1774015026738177952,0.561,3.061,0.405,4.027,0.576,4.603
1774015026772903520,1774015026768211200,0.462,3.826,0.021,4.309,0.014,4.323
1774015026793537248,1774015026788074784,0.566,3.783,0.672,5.021,0.018,5.039
1774015026823105184,1774015026818058688,1.165,3.226,0.017,4.408,0.323,4.731
1774015026842801216,1774015026838174272,0.987,3.355,0.014,4.357,0.015,4.371
1774015026874067008,1774015026868078720,0.270,4.081,1.207,5.558,0.029,5.587
1774015026893728064,1774015026888097120,0.864,4.330,0.025,5.219,0.015,5.234
1774015026924852736,1774015026918187808,2.860,2.572,0.094,5.526,0.609,6.135
1774015026941577984,1774015026938068480,0.266,2.823,0.018,3.107,0.017,3.124
1774015026973284288,1774015026968099264,0.319,3.344,0.698,4.362,0.211,4.573
1774015026998540736,1774015026988044576,0.020,6.065,0.123,6.208,0.966,7.174
1774015027014306912,1774015027008081920,0.822,3.465,0.023,4.310,1.475,5.786
1774015027043548992,1774015027037987904,0.429,3.852,0.188,4.469,0.401,4.870
1774015027063039680,1774015027058050432,0.366,4.030,0.016,4.412,0.016,4.429
1774015027092727136,1774015027088083360,0.978,2.530,0.198,3.705,0.560,4.265
1774015027114377600,1774015027108341280,2.049,2.776,0.251,5.076,0.657,5.733
1774015027143177184,1774015027138080704,0.395,3.758,0.020,4.173,0.576,4.749
1774015027162298304,1774015027158081920,0.023,2.654,0.017,2.694,0.012,2.706
1774015027193160448,1774015027188078976,0.844,3.446,0.120,4.409,0.382,4.792
1774015027216680384,1774015027208067136,0.342,3.893,3.164,7.399,0.822,8.221
1774015027242942336,1774015027238264480,0.595,3.129,0.582,4.306,0.081,4.387
1774015027262995680,1774015027258080928,0.850,2.685,0.200,3.736,0.650,4.387
1774015027294243552,1774015027288068256,0.946,3.576,0.902,5.424,0.359,5.783
1774015027313271456,1774015027308043328,0.952,3.450,0.153,4.554,0.402,4.956
1774015027342565920,1774015027338006240,0.573,3.559,0.017,4.149,0.011,4.160
1774015027362674080,1774015027358084416,0.353,3.178,0.017,3.547,0.739,4.286
1774015027392712256,1774015027388021824,0.484,3.040,0.391,3.915,0.395,4.310
1774015027411861920,1774015027406672544,0.868,3.076,0.386,4.330,0.408,4.738
1774015027445324512,1774015027438060800,2.784,3.805,0.016,6.604,0.353,6.958
1774015027463414560,1774015027458280128,0.790,2.962,0.546,4.298,0.451,4.749
1774015027495328128,1774015027488075168,0.716,2.682,0.863,4.261,2.542,6.803
1774015027523098848,1774015027518116928,0.647,2.587,0.671,3.906,0.770,4.676
1774015027542110880,1774015027538075392,1.109,2.105,0.115,3.330,0.371,3.702
1774015027573796160,1774015027568073760,0.391,2.823,1.685,4.900,0.490,5.390
1774015027592909216,1774015027588246528,0.974,2.979,0.017,3.971,0.326,4.297
1774015027622682176,1774015027618071136,0.806,2.844,0.237,3.888,0.400,4.288
1774015027642651136,1774015027638065664,0.499,2.730,0.724,3.953,0.317,4.270
1774015027673313344,1774015027668082880,0.520,2.855,0.579,3.954,0.885,4.839
1774015027692553216,1774015027688043232,0.402,3.106,0.020,3.528,0.654,4.182
1774015027723553824,1774015027718185696,1.185,3.297,0.408,4.890,0.074,4.963
1774015027742239840,1774015027738077632,0.549,2.546,0.230,3.326,0.491,3.816
1774015027772755840,1774015027768061600,0.525,3.230,0.288,4.043,0.289,4.332
1774015027792299520,1774015027788064736,0.402,2.524,0.526,3.452,0.418,3.870
1774015027824120416,1774015027817974080,1.752,2.936,0.230,4.918,0.881,5.799
1774015027843677888,1774015027838023232,0.020,3.107,0.851,3.977,0.305,4.282
1774015027873167680,1774015027868073312,1.337,2.914,0.288,4.539,0.238,4.777
1774015027893110784,1774015027888045120,1.006,3.121,0.385,4.512,0.220,4.732
1774015027925715520,1774015027918266688,0.500,3.083,3.156,6.739,0.348,7.088
1774015027943593472,1774015027938078848,1.029,2.385,1.334,4.749,0.308,5.057
1774015027975649216,1774015027968094656,1.992,3.244,0.342,5.578,0.080,5.658
1774015027991981984,1774015027988126656,0.404,2.888,0.018,3.310,0.228,3.538
1774015028023015264,1774015028018197504,1.501,2.202,0.591,4.293,0.200,4.493
1774015028042855776,1774015028038142336,1.846,2.148,0.044,4.038,0.295,4.334
1774015028072311648,1774015028068174528,0.862,2.323,0.114,3.299,0.499,3.797
1774015028092038944,1774015028088034528,1.403,1.706,0.120,3.230,0.437,3.667
1774015028122683584,1774015028118069088,0.520,2.924,0.574,4.018,0.280,4.297
1774015028142625952,1774015028138072832,0.022,2.604,0.710,3.335,0.355,3.690
1774015028175988448,1774015028168065216,5.295,1.654,0.241,7.190,0.347,7.537
1774015028192967968,1774015028188076512,0.704,2.968,0.134,3.806,0.609,4.415
1774015028223125824,1774015028218247552,0.368,3.256,0.584,4.208,0.246,4.453
1774015028243500512,1774015028238253184,1.761,2.664,0.214,4.638,0.270,4.908
1774015028273510848,1774015028268143104,1.920,2.935,0.014,4.869,0.176,5.045
1774015028292552768,1774015028288079264,1.783,1.627,0.420,3.830,0.359,4.189
1774015028323864224,1774015028317981696,0.789,2.705,0.691,4.186,1.262,5.448
1774015028344642656,1774015028338082240,1.267,2.714,1.790,5.772,0.314,6.086
1774015028372940960,1774015028368035616,0.351,3.029,0.638,4.017,0.356,4.374
1774015028393164320,1774015028388270432,0.621,2.888,0.142,3.651,0.845,4.496
1774015028424903424,1774015028418075744,2.145,3.285,0.435,5.865,0.363,6.228
1774015028446591968,1774015028438067232,1.673,2.728,2.679,7.080,0.795,7.876
1774015028473568512,1774015028468066944,0.452,3.576,0.670,4.697,0.467,5.165
1774015028492172128,1774015028488033696,1.286,2.008,0.116,3.410,0.372,3.782
1774015028524292096,1774015028518041664,0.541,3.813,0.019,4.372,1.585,5.957
1774015028544173280,1774015028538050240,0.602,3.767,0.942,5.311,0.483,5.794
1774015028572661056,1774015028568059968,0.480,2.966,0.461,3.907,0.321,4.229
1774015028593359808,1774015028588039520,0.867,3.014,0.193,4.074,0.964,5.038
1774015028622264864,1774015028618189696,0.392,3.326,0.016,3.735,0.012,3.746
1774015028643169312,1774015028638041056,0.642,2.602,0.771,4.016,0.764,4.780
1774015028672556096,1774015028668192640,0.325,2.978,0.018,3.321,0.650,3.971
1774015028692225120,1774015028688115200,0.648,2.992,0.022,3.662,0.013,3.675
1774015028723955648,1774015028718035616,0.590,3.310,0.603,4.503,1.037,5.540
1774015028742201056,1774015028738086176,0.723,2.183,0.845,3.750,0.021,3.771
1774015028772551840,1774015028768063520,0.295,2.688,0.204,3.187,0.846,4.033
1774015028792259072,1774015028788037568,0.521,2.754,0.153,3.429,0.439,3.867
1774015028823013120,1774015028818178272,2.182,1.776,0.320,4.279,0.158,4.436
1774015028842699328,1774015028838021376,0.840,2.735,0.049,3.625,0.723,4.348
1774015028871156960,1774015028865701632,0.787,3.039,0.917,4.743,0.338,5.081
1774015028893073856,1774015028887976096,0.020,3.410,0.017,3.447,0.417,3.864
1774015028923136864,1774015028918213952,1.147,1.942,1.265,4.354,0.060,4.414
1774015028942034656,1774015028938046496,0.020,2.332,0.018,2.370,0.049,2.418
1774015028973108896,1774015028968054208,1.465,2.070,0.777,4.312,0.321,4.633
1774015028992379904,1774015028988043040,0.689,3.059,0.016,3.764,0.255,4.019
1774015029022219520,1774015029018066272,1.185,1.993,0.456,3.634,0.142,3.775
1774015029042817024,1774015029038060192,0.981,2.958,0.019,3.959,0.474,4.433
1774015029072867392,1774015029068124032,0.877,2.705,0.432,4.014,0.400,4.414
1774015029093388352,1774015029088160416,0.593,2.898,1.092,4.584,0.314,4.898
1774015029119625664,1774015029115482368,0.556,2.825,0.365,3.747,0.019,3.766
1774015029142430496,1774015029138161152,0.448,2.530,0.217,3.195,0.761,3.955
1774015029173092480,1774015029168113248,0.025,2.557,0.018,2.600,0.333,2.933
1774015029194498624,1774015029188157632,0.424,2.615,0.407,3.446,2.584,6.029
1774015029220098016,1774015029214963584,0.742,3.042,0.703,4.487,0.237,4.723
1774015029243092672,1774015029238031904,0.414,2.750,0.803,3.968,0.782,4.750
1774015029274132704,1774015029268151648,1.847,3.230,0.018,5.095,0.430,5.525
1774015029292617792,1774015029288126656,1.836,1.782,0.271,3.889,0.307,4.195
1774015029324987200,1774015029318013696,3.087,2.261,0.644,5.992,0.595,6.587
1774015029342619744,1774015029338022304,0.686,2.935,0.312,3.933,0.380,4.313
1774015029368015040,1774015029363358944,0.363,3.687,0.020,4.070,0.227,4.297
1774015029393322880,1774015029387920416,0.375,3.687,0.018,4.080,0.920,4.999
1774015029424560128,1774015029418016320,1.569,3.127,0.930,5.626,0.613,6.239
1774015029442044896,1774015029438012672,1.236,1.874,0.196,3.306,0.355,3.661
1774015029472474944,1774015029468069152,0.363,2.831,0.198,3.392,0.639,4.031
1774015029493496864,1774015029488020320,1.342,2.943,0.315,4.600,0.482,5.082
1774015029523181920,1774015029518024064,0.756,3.248,0.051,4.055,0.669,4.724
1774015029543025280,1774015029538027616,0.564,3.521,0.018,4.103,0.533,4.636
1774015029572558720,1774015029568019104,0.770,2.121,0.115,3.006,0.667,3.673
1774015029593628480,1774015029587988672,1.303,2.781,0.568,4.652,0.243,4.895
1774015029622040352,1774015029618031264,0.562,2.590,0.331,3.483,0.166,3.650
1774015029643055040,1774015029638169824,1.654,2.474,0.137,4.264,0.068,4.332
1774015029673311872,1774015029668019936,1.130,1.903,0.225,3.257,1.649,4.906
1774015029692426016,1774015029688028032,0.348,2.781,0.531,3.659,0.380,4.039
1774015029723273280,1774015029718050176,1.447,2.241,0.373,4.061,0.558,4.619
1774015029741810592,1774015029738007648,0.959,2.086,0.151,3.196,0.277,3.473
1774015029772568736,1774015029768022368,1.239,2.152,0.841,4.232,0.019,4.251
1774015029793201216,1774015029788009696,0.402,3.735,0.050,4.187,0.613,4.801
1774015029824088096,1774015029818008800,2.824,2.038,0.355,5.217,0.397,5.614
1774015029844347680,1774015029838008096,2.000,3.211,0.170,5.382,0.620,6.002
1774015029872098016,1774015029868015648,1.011,2.096,0.047,3.153,0.410,3.564
1774015029892207648,1774015029887999328,0.135,2.966,0.019,3.120,0.530,3.650
1774015029923524000,1774015029918037344,1.070,3.077,0.309,4.456,0.733,5.189
1774015029943409888,1774015029937998784,1.760,2.966,0.047,4.773,0.322,5.095
1774015029972445376,1774015029968022688,1.583,1.699,0.218,3.499,0.535,4.035
1774015029993810976,1774015029988182752,1.090,1.988,1.780,4.857,0.057,4.915
1774015030022736352,1774015030018002720,1.251,2.806,0.019,4.077,0.305,4.381
1774015030042131968,1774015030038032576,0.751,2.504,0.297,3.552,0.253,3.804
1774015030072139488,1774015030068005312,1.535,1.832,0.154,3.521,0.326,3.847
1774015030092445760,1774015030088031552,0.492,2.662,0.257,3.411,0.564,3.975
1774015030124213728,1774015030118278976,0.440,4.646,0.350,5.436,0.163,5.599
1774015030141987104,1774015030138019584,1.133,1.964,0.223,3.320,0.311,3.631
1774015030172029024,1774015030168017504,0.178,2.289,0.731,3.197,0.020,3.218
1774015030192475936,1774015030187982048,1.137,1.957,0.425,3.519,0.618,4.136
1774015030222991872,1774015030218071264,1.751,2.078,0.021,3.850,0.017,3.867
1774015030242146752,1774015030237993504,0.421,3.003,0.344,3.768,0.015,3.783
1774015030272266400,1774015030267991360,0.335,3.016,0.214,3.565,0.330,3.895
1774015030293650208,1774015030288018912,1.315,2.893,0.017,4.225,1.016,5.241
1774015030322600416,1774015030318042944,0.488,3.114,0.236,3.839,0.374,4.213
1774015030342108224,1774015030337944320,0.626,2.712,0.016,3.354,0.387,3.741
1774015030374210080,1774015030367988384,0.877,4.859,0.019,5.755,0.012,5.768
1774015030392375872,1774015030387961504,0.022,2.966,0.150,3.138,0.302,3.439
1774015030424499872,1774015030417970560,0.487,4.569,0.494,5.551,0.642,6.192
1774015030442203552,1774015030438009728,1.236,1.894,0.158,3.288,0.595,3.883
1774015030473644288,1774015030467977504,0.344,4.204,0.293,4.840,0.472,5.312
1774015030492873952,1774015030487995936,1.689,2.133,0.426,4.247,0.250,4.497
1774015030522767232,1774015030517997440,1.124,3.278,0.017,4.419,0.013,4.432
1774015030542594208,1774015030538107008,0.260,2.896,0.286,3.442,0.564,4.006
1774015030573668192,1774015030568011936,0.750,3.426,0.824,5.000,0.324,5.323
1774015030602810304,1774015030598012640,0.399,3.033,0.414,3.845,0.546,4.392
1774015030623479392,1774015030618005216,1.500,1.806,1.682,4.988,0.123,5.112
1774015030652148672,1774015030647991744,1.388,1.950,0.018,3.355,0.313,3.669
1774015030672137568,1774015030668052736,0.534,3.133,0.023,3.690,0.062,3.752
1774015030703843456,1774015030697987904,1.699,2.842,0.633,5.174,0.386,5.559
1774015030722075904,1774015030718014368,1.488,2.265,0.020,3.774,0.016,3.790
1774015030753909472,1774015030748004928,0.427,3.910,0.297,4.634,0.951,5.584
1774015030772607360,1774015030768006176,0.301,2.653,1.154,4.109,0.028,4.137
1774015030802149568,1774015030797989184,0.281,2.805,0.055,3.142,0.523,3.665
1774015030826000064,1774015030817991680,2.204,2.540,2.492,7.236,0.422,7.657
1774015030853358176,1774015030847977760,1.658,2.222,0.435,4.314,0.711,5.025
1774015030872326400,1774015030867977472,0.260,2.520,0.190,2.970,0.432,3.402
1774015030903458656,1774015030897990048,2.332,2.157,0.463,4.952,0.119,5.071
1774015030922156128,1774015030918045408,0.083,2.171,0.016,2.271,0.670,2.941
1774015030952248064,1774015030948028480,0.020,2.317,0.356,2.694,0.330,3.024
1774015030974481664,1774015030967927520,1.567,3.827,0.276,5.670,0.457,6.128
1774015031002283840,1774015030997984224,0.375,2.671,0.235,3.281,0.675,3.956
1774015031021819072,1774015031017990176,0.380,2.963,0.019,3.363,0.016,3.378
1774015031053088992,1774015031048018144,0.763,2.699,0.014,3.476,1.223,4.699
1774015031072671296,1774015031067986272,0.356,2.878,0.308,3.543,0.782,4.325
1774015031103440192,1774015031097997024,2.044,2.805,0.019,4.869,0.123,4.992
1774015031123652256,1774015031117987648,0.603,3.990,0.406,4.998,0.336,5.334
1774015031151917632,1774015031147997760,0.466,2.655,0.258,3.379,0.195,3.574
1774015031173197408,1774015031168028512,0.272,3.401,0.581,4.255,0.394,4.648
1774015031202078688,1774015031198162080,0.066,3.064,0.019,3.149,0.126,3.276
1774015031222039264,1774015031217983872,0.739,2.748,0.017,3.503,0.240,3.744
1774015031252012352,1774015031248115264,0.937,2.113,0.017,3.067,0.468,3.536
1774015031273298848,1774015031268058688,0.836,3.546,0.274,4.655,0.216,4.871
1774015031302917088,1774015031297986336,0.911,2.769,0.589,4.269,0.280,4.549
1774015031322894496,1774015031317976640,0.022,2.761,0.293,3.077,0.910,3.986
1774015031352571264,1774015031347951264,1.691,2.116,0.452,4.259,0.020,4.279
1774015031372926272,1774015031367953920,0.877,2.741,0.117,3.735,0.865,4.600
1774015031402199392,1774015031398027360,0.891,2.185,0.281,3.357,0.408,3.765
1774015031424225760,1774015031418159904,1.129,3.337,0.423,4.889,0.802,5.691
1774015031453092416,1774015031447961920,0.641,3.084,0.257,3.982,0.803,4.785
1774015031472165120,1774015031467976384,0.966,2.203,0.446,3.615,0.232,3.846
1774015031502512960,1774015031498014496,1.239,1.729,0.377,3.345,0.488,3.832
1774015031523352128,1774015031518515040,0.427,2.640,0.668,3.736,0.854,4.590
1774015031552574624,1774015031548067616,0.403,2.756,0.165,3.324,0.755,4.080
1774015031575075072,1774015031568079584,0.625,4.367,0.332,5.324,1.334,6.658
1774015031602893248,1774015031597964256,0.436,3.910,0.019,4.365,0.050,4.415
1774015031622045856,1774015031617985440,1.295,1.730,0.695,3.720,0.018,3.738
1774015031654081504,1774015031647899616,0.402,4.071,0.484,4.958,0.871,5.829
1774015031677314912,1774015031668055776,1.895,2.653,0.237,4.785,0.604,5.389
1774015031703499584,1774015031698259744,0.657,2.583,0.412,3.652,0.291,3.942
1774015031722581952,1774015031718172832,0.191,2.857,0.742,3.791,0.021,3.812
1774015031753176064,1774015031748066528,0.978,2.872,0.167,4.017,0.603,4.619
1774015031773052992,1774015031767973632,0.772,2.516,0.469,3.757,0.980,4.737
1774015031802694304,1774015031798288000,1.572,1.598,0.349,3.519,0.487,4.006
1774015031825266944,1774015031818203296,1.862,3.243,0.668,5.772,0.847,6.619
1774015031853238208,1774015031848059040,1.111,2.178,0.873,4.162,0.428,4.590
1774015031872582624,1774015031867938496,0.556,2.675,0.529,3.760,0.345,4.105
1774015031902579808,1774015031897940704,0.591,3.180,0.520,4.291,0.022,4.312
1774015031925012128,1774015031917983232,0.365,5.875,0.049,6.289,0.348,6.637
1774015031952689728,1774015031947971104,0.019,2.413,0.222,2.655,0.423,3.078
1774015031973715616,1774015031967905056,1.199,3.469,0.253,4.922,0.598,5.519
1774015032003298560,1774015031997978400,0.553,4.383,0.018,4.954,0.060,5.014
1774015032022410784,1774015032018051296,0.516,2.933,0.339,3.788,0.253,4.041
1774015032054086784,1774015032048045696,1.591,1.801,0.389,3.780,1.909,5.689
1774015032072866240,1774015032068068896,0.144,3.743,0.015,3.901,0.011,3.912
1774015032104037568,1774015032098103392,1.997,3.253,0.014,5.265,0.338,5.602
1774015032123804192,1774015032118046528,0.978,2.984,0.595,4.557,0.903,5.459
1774015032154084832,1774015032148392064,2.172,2.537,0.610,5.318,0.016,5.334
1774015032172409056,1774015032168276896,0.562,2.418,0.223,3.203,0.581,3.784
1774015032202232576,1774015032197982944,0.461,2.645,0.173,3.279,0.620,3.899
1774015032223425024,1774015032217929728,1.747,2.569,0.298,4.615,0.595,5.210
1774015032252994752,1774015032247950144,1.317,2.111,0.017,3.446,1.303,4.748
1774015032274464512,1774015032267911168,1.507,3.757,0.879,6.143,0.024,6.167
1774015032303831296,1774015032298085568,0.462,4.375,0.340,5.177,0.172,5.348
1774015032323403808,1774015032318106080,1.441,2.155,0.863,4.459,0.436,4.896
1774015032352756512,1774015032348061216,0.598,2.956,0.697,4.251,0.118,4.369
1774015032372958976,1774015032367969952,1.396,2.424,0.051,3.871,0.681,4.552
1774015032405133376,1774015032398040704,0.972,4.946,0.019,5.936,0.835,6.772
1774015032422772320,1774015032418079392,1.242,2.829,0.017,4.088,0.250,4.338
1774015032454261024,1774015032448098656,0.512,2.876,0.623,4.011,1.863,5.874
1774015032473971968,1774015032467954496,0.432,4.003,0.277,4.713,0.915,5.628
1774015032502483136,1774015032497971552,0.056,2.964,0.158,3.179,0.248,3.427
1774015032522556448,1774015032517951424,1.497,2.034,0.017,3.547,0.591,4.138
1774015032552824800,1774015032547950336,1.041,2.113,0.060,3.214,1.267,4.481
1774015032572461760,1774015032567952192,0.639,2.552,0.715,3.906,0.251,4.157
1774015032602621376,1774015032598161600,0.021,2.629,0.931,3.581,0.022,3.603
1774015032629118464,1774015032617990528,7.531,2.634,0.225,10.391,0.354,10.745
1774015032652242720,1774015032647957696,0.475,2.948,0.080,3.503,0.319,3.822
1774015032671834752,1774015032667940736,0.379,2.512,0.400,3.290,0.247,3.537
1774015032702128992,1774015032697948800,0.701,2.676,0.215,3.593,0.300,3.892
1774015032722236896,1774015032717951968,0.316,2.581,0.543,3.440,0.361,3.801
1774015032753138464,1774015032748064160,0.709,3.357,0.222,4.288,0.426,4.714
1774015032772316608,1774015032767933920,0.021,2.163,0.304,2.488,0.364,2.853
1774015032802206112,1774015032797953664,0.565,2.422,0.574,3.560,0.399,3.959
1774015032828565408,1774015032817939104,2.767,6.900,0.030,9.697,0.492,10.188
1774015032852335904,1774015032847931136,0.722,2.624,0.331,3.677,0.432,4.109
1774015032872721632,1774015032867945536,1.478,2.204,0.015,3.697,0.612,4.310
1774015032902557472,1774015032897933952,0.454,2.955,0.545,3.954,0.364,4.317
1774015032922708448,1774015032918143264,0.659,2.709,0.085,3.453,0.776,4.230
1774015032952057120,1774015032947924992,0.496,2.631,0.684,3.811,0.023,3.834
1774015032982363008,1774015032977920096,0.448,2.623,0.239,3.311,0.769,4.079
1774015033003683040,1774015032998226816,1.705,2.628,0.046,4.379,0.771,5.149
1774015033033426304,1774015033027952800,0.020,3.082,0.775,3.878,0.788,4.666
1774015033053173664,1774015033047949856,1.283,2.623,0.131,4.037,0.834,4.871
1774015033083765952,1774015033077951712,1.031,3.022,0.874,4.927,0.479,5.406
1774015033105389472,1774015033097911424,0.355,4.453,1.754,6.562,0.596,7.158
1774015033133247648,1774015033127981728,0.414,3.167,0.547,4.128,0.804,4.932
1774015033152453760,1774015033147944768,1.514,1.802,0.609,3.926,0.258,4.183
1774015033182924640,1774015033177949664,1.083,2.435,0.031,3.549,1.058,4.607
1774015033203774912,1774015033197938688,0.808,2.793,1.131,4.732,0.702,5.434
1774015033234668832,1774015033227951552,0.583,4.327,0.424,5.334,0.849,6.183
1774015033255831552,1774015033247974496,3.440,2.593,1.168,7.201,0.356,7.556
1774015033282143552,1774015033277979104,0.020,2.565,0.020,2.605,0.222,2.827
1774015033303380448,1774015033297933280,1.451,2.372,0.785,4.608,0.528,5.136
1774015033333281504,1774015033327934112,1.642,2.707,0.474,4.823,0.022,4.845
1774015033353255712,1774015033348043168,0.829,2.455,0.306,3.590,0.915,4.505
1774015033380947456,1774015033376441216,0.499,2.836,0.274,3.609,0.536,4.145
1774015033403813664,1774015033398072544,1.554,1.942,0.875,4.370,1.081,5.451
1774015033432717984,1774015033427984160,0.837,3.321,0.018,4.176,0.015,4.191
1774015033453532384,1774015033448288704,1.106,3.341,0.018,4.465,0.315,4.780
1774015033484406272,1774015033478093600,1.014,2.382,1.922,5.317,0.639,5.956
1774015033504112256,1774015033498065632,0.741,3.333,0.467,4.541,1.104,5.645
1774015033532788576,1774015033528042464,0.399,2.987,0.266,3.652,0.773,4.425
1774015033553848352,1774015033547969888,0.356,3.668,0.692,4.716,0.751,5.467
1774015033584201024,1774015033577931424,1.567,3.156,0.020,4.743,0.760,5.503
1774015033604162592,1774015033597928800,1.097,4.791,0.021,5.909,0.015,5.924
1774015033632364288,1774015033627932864,0.594,2.557,0.657,3.808,0.232,4.040
1774015033652916000,1774015033647917664,0.943,2.884,0.756,4.583,0.021,4.604
1774015033672350304,1774015033667918656,0.729,2.584,0.096,3.409,0.717,4.126
1774015033703200608,1774015033697926368,0.700,3.182,0.994,4.875,0.016,4.891
1774015033722936000,1774015033717916832,0.549,3.087,0.176,3.812,0.726,4.538
1774015033752674208,1774015033747924608,0.450,3.102,0.786,4.337,0.018,4.356
1774015033772666016,1774015033767919456,0.486,3.295,0.015,3.796,0.556,4.352
1774015033802300864,1774015033797928224,0.383,3.149,0.086,3.618,0.406,4.024
1774015033822923680,1774015033817935616,0.733,3.680,0.060,4.473,0.014,4.486
1774015033853117280,1774015033847960256,1.590,1.997,0.633,4.220,0.587,4.808
1774015033872179360,1774015033867896736,0.170,2.814,0.171,3.155,0.532,3.687
1774015033902245248,1774015033897907776,0.385,3.023,0.016,3.423,0.577,4.000
1774015033922406240,1774015033917943296,0.560,3.238,0.338,4.136,0.018,4.154
1774015033952926368,1774015033947938560,1.195,2.986,0.232,4.413,0.247,4.660
1774015033977828128,1774015033968046944,5.330,2.551,0.262,8.144,1.338,9.482
1774015034003368608,1774015033998675104,0.876,2.912,0.023,3.811,0.523,4.334
1774015034022902368,1774015034017968608,0.988,2.552,0.247,3.786,0.717,4.503
1774015034052740384,1774015034047974688,0.077,2.835,0.251,3.163,0.870,4.034
1774015034072991168,1774015034068073664,0.298,2.839,0.319,3.456,0.967,4.423
1774015034104096352,1774015034098346176,1.673,2.448,0.536,4.656,0.379,5.036
1774015034122122400,1774015034117915488,0.854,2.266,0.023,3.143,0.425,3.569
1774015034152189728,1774015034147923168,0.414,2.717,0.238,3.369,0.612,3.982
1774015034172218880,1774015034167901280,0.288,2.885,0.204,3.376,0.475,3.850
1774015034203441920,1774015034198112896,0.395,2.716,1.009,4.120,0.859,4.978
1774015034232416352,1774015034228492960,0.651,2.942,0.015,3.608,0.013,3.620
1774015034252398240,1774015034248179200,0.592,2.588,0.738,3.918,0.019,3.936
1774015034281869696,1774015034277914784,0.536,2.715,0.258,3.510,0.152,3.661
1774015034302618176,1774015034297901440,0.709,2.799,0.103,3.611,0.724,4.335
1774015034332377728,1774015034327867904,1.504,2.350,0.019,3.873,0.266,4.139
1774015034352001248,1774015034347915040,0.368,2.734,0.493,3.595,0.019,3.614
1774015034381800384,1774015034377909440,0.872,2.459,0.018,3.349,0.012,3.361
1774015034402646432,1774015034397915456,0.019,2.587,0.216,2.822,0.474,3.296
1774015034432263872,1774015034427911040,0.924,2.471,0.123,3.519,0.486,4.005
1774015034452381568,1774015034447884928,0.451,2.610,0.414,3.475,0.731,4.207
1774015034482458368,1774015034477915552,0.640,1.980,0.146,2.766,0.909,3.674
1774015034502145920,1774015034497895584,1.250,2.454,0.214,3.917,0.018,3.935
1774015034532170176,1774015034527922464,0.429,2.885,0.384,3.698,0.206,3.904
1774015034552648544,1774015034547921056,0.858,2.809,0.146,3.814,0.572,4.386
1774015034582196032,1774015034577907296,0.742,2.850,0.016,3.607,0.376,3.983
1774015034602636864,1774015034597905280,1.337,2.404,0.204,3.944,0.489,4.433
1774015034632718816,1774015034627900352,1.362,1.987,0.056,3.405,0.885,4.290
1774015034652067104,1774015034647878464,0.729,2.461,0.268,3.458,0.419,3.877
1774015034683306240,1774015034677908672,0.689,3.012,0.227,3.928,1.094,5.022
1774015034702055008,1774015034697963104,0.393,2.983,0.016,3.392,0.377,3.769
1774015034732480288,1774015034727895616,0.695,2.885,0.393,3.973,0.235,4.208
1774015034752620352,1774015034747946272,0.334,2.703,0.563,3.601,0.498,4.099
1774015034782069504,1774015034777932384,1.266,1.988,0.132,3.386,0.367,3.754
1774015034802863552,1774015034798065280,0.741,2.952,0.462,4.155,0.339,4.494
1774015034833183008,1774015034827840768,0.023,3.647,0.023,3.692,0.572,4.265
1774015034852304896,1774015034848109728,0.336,3.301,0.018,3.656,0.202,3.858
1774015034882256448,1774015034877879680,0.619,2.658,0.230,3.507,0.511,4.018
1774015034903423680,1774015034897855456,0.022,3.887,0.018,3.928,0.878,4.805
1774015034934073088,1774015034927930816,0.924,3.872,0.297,5.093,0.445,5.537
1774015034951768128,1774015034947862048,0.335,3.083,0.021,3.439,0.051,3.490
1774015034982110592,1774015034977860288,1.328,1.697,0.631,3.656,0.258,3.914
1774015035002739392,1774015034997860640,0.616,2.822,0.961,4.399,0.196,4.595
1774015035032635680,1774015035027885952,2.150,1.985,0.020,4.156,0.262,4.418
1774015035052965312,1774015035047899232,1.182,2.720,0.020,3.923,0.855,4.778
1774015035084356704,1774015035077934944,2.247,2.072,0.881,5.199,0.463,5.663
1774015035104984160,1774015035097902592,0.911,4.990,0.009,5.910,0.785,6.695
1774015035132969888,1774015035126221344,2.552,2.745,0.360,5.657,0.422,6.079
1774015035154821056,1774015035147984768,3.003,2.043,0.748,5.794,0.655,6.449
1774015035184440256,1774015035178054368,2.767,2.712,0.316,5.795,0.274,6.069
1774015035203471360,1774015035198069312,0.377,3.498,0.819,4.693,0.393,5.086
1774015035233731136,1774015035227891488,0.676,2.967,0.730,4.373,0.433,4.806
1774015035252632672,1774015035247958912,0.381,2.895,0.359,3.634,0.225,3.859
1774015035275094624,1774015035270205632,0.445,3.691,0.021,4.157,0.072,4.229
1774015035303741856,1774015035298052512,0.560,2.890,1.354,4.804,0.519,5.323
1774015035334218016,1774015035327786368,1.051,4.510,0.016,5.577,0.436,6.013
1774015035352301376,1774015035347869152,1.571,2.538,0.015,4.124,0.013,4.136
1774015035379874368,1774015035375161824,0.877,3.452,0.015,4.344,0.012,4.357
1774015035402674624,1774015035397969664,1.119,2.750,0.370,4.239,0.015,4.254
1774015035432144096,1774015035427980192,0.575,2.590,0.288,3.453,0.368,3.822
1774015035453435872,1774015035447977472,0.826,3.645,0.429,4.901,0.201,5.102
1774015035482028192,1774015035477989216,0.337,2.463,0.407,3.207,0.281,3.488
1774015035503948704,1774015035498148096,0.379,3.057,0.157,3.593,1.795,5.388
1774015035532068096,1774015035527933664,0.629,2.590,0.209,3.428,0.251,3.679
1774015035552551136,1774015035547878144,0.021,2.169,0.015,2.205,0.633,2.838
1774015035582630848,1774015035578043424,1.250,2.960,0.026,4.236,0.015,4.251
1774015035604294496,1774015035598110688,0.022,3.422,1.604,5.049,0.221,5.271
1774015035632564576,1774015035628040160,0.410,3.202,0.017,3.628,0.489,4.118
1774015035652656896,1774015035647921984,0.023,2.417,0.349,2.788,0.855,3.643
1774015035682654176,1774015035677950432,0.835,2.600,0.445,3.880,0.409,4.289
1774015035702629952,1774015035697887232,0.547,3.420,0.084,4.051,0.334,4.385
1774015035732328256,1774015035727925824,0.720,3.131,0.016,3.868,0.180,4.048
1774015035752770816,1774015035747874912,0.642,3.606,0.018,4.266,0.309,4.575
1774015035782065152,1774015035777879392,0.426,2.733,0.390,3.549,0.284,3.833
1774015035802829376,1774015035797894784,0.698,2.721,0.543,3.962,0.582,4.544
1774015035832278112,1774015035827788192,0.721,3.248,0.022,3.990,0.178,4.168
1774015035853293664,1774015035847822048,0.951,3.132,0.287,4.370,0.758,5.128
1774015035882123040,1774015035877900608,0.607,3.003,0.019,3.629,0.231,3.860
1774015035902144064,1774015035897956864,1.202,2.433,0.019,3.654,0.054,3.708
1774015035932821824,1774015035927867616,0.619,3.261,0.240,4.120,0.497,4.617
1774015035953695808,1774015035947889472,1.946,1.961,0.453,4.361,1.143,5.504
1774015035982019104,1774015035977867200,1.343,2.103,0.017,3.463,0.375,3.838
1774015036002545024,1774015035997886464,1.551,2.270,0.361,4.183,0.197,4.380
1774015036032905952,1774015036027876896,0.022,2.303,0.051,2.376,1.219,3.595
1774015036052615712,1774015036047870336,1.410,2.278,0.232,3.920,0.500,4.420
1774015036082508640,1774015036077867776,0.589,2.967,0.389,3.944,0.375,4.319
1774015036103001344,1774015036097855328,0.346,3.564,0.607,4.517,0.231,4.748
1774015036133199232,1774015036127917696,0.401,3.045,0.641,4.086,0.742,4.828
1774015036152749344,1774015036147872384,0.683,2.997,0.415,4.095,0.370,4.465
1774015036182515360,1774015036177953664,0.671,2.759,0.309,3.740,0.309,4.049
1774015036201994848,1774015036197851776,0.709,2.227,0.429,3.366,0.459,3.825
1774015036232676640,1774015036227874080,0.441,2.932,0.020,3.393,1.116,4.509
1774015036252779200,1774015036247972128,0.603,3.528,0.019,4.150,0.261,4.411
1774015036281749824,1774015036277889024,0.494,2.567,0.205,3.266,0.288,3.554
1774015036302367872,1774015036297851872,0.385,2.848,0.864,4.097,0.054,4.151
1774015036334126976,1774015036327769472,0.633,4.195,0.333,5.160,0.880,6.041
1774015036360293280,1774015036347837248,0.490,10.591,0.707,11.788,0.229,12.017
1774015036382373248,1774015036377819136,0.793,3.330,0.074,4.197,0.013,4.210
1774015036402215648,1774015036397841152,0.023,2.462,0.293,2.777,0.753,3.530
1774015036432024256,1774015036427897376,1.042,2.018,0.447,3.507,0.020,3.527
1774015036452511680,1774015036447828992,0.346,2.906,0.530,3.783,0.549,4.331
1774015036482820032,1774015036477870848,1.025,2.828,0.018,3.872,0.770,4.642
1774015036513395904,1774015036507932032,1.709,2.769,0.279,4.757,0.299,5.056
1774015036532355008,1774015036527849056,0.492,3.525,0.017,4.034,0.162,4.196
1774015036562156640,1774015036557864288,0.018,2.390,0.336,2.744,0.546,3.290
1774015036582072448,1774015036577885280,0.415,3.352,0.018,3.785,0.058,3.843
1774015036602810720,1774015036597924992,1.410,2.387,0.429,4.226,0.347,4.573
1774015036632544512,1774015036627968448,0.772,2.815,0.606,4.193,0.018,4.211
1774015036652568256,1774015036648130944,1.083,2.047,0.589,3.719,0.380,4.100
1774015036683403296,1774015036677901696,0.398,3.587,0.273,4.258,0.787,5.046
1774015036703595040,1774015036697788576,2.174,2.570,0.309,5.053,0.422,5.475
1774015036732482464,1774015036727888576,1.078,2.620,0.205,3.903,0.319,4.222
1774015036753599424,1774015036747856736,2.159,2.317,0.472,4.947,0.241,5.188
1774015036782206208,1774015036777803392,0.462,2.741,0.237,3.440,0.661,4.101
1774015036802004928,1774015036797929728,0.737,2.652,0.018,3.407,0.305,3.712
1774015036832823680,1774015036827970080,0.577,2.458,0.153,3.188,1.257,4.445
1774015036853342016,1774015036847945664,2.007,2.010,0.148,4.165,0.587,4.752
1774015036882649312,1774015036877948128,1.112,3.215,0.016,4.343,0.012,4.356
1774015036903386816,1774015036897843936,0.793,2.612,1.748,5.153,0.019,5.172
1774015036932735680,1774015036927860928,1.070,2.446,0.373,3.889,0.669,4.558
1774015036952925472,1774015036947835296,1.096,1.926,1.344,4.366,0.381,4.748
1774015036984086240,1774015036977806368,0.817,4.832,0.017,5.666,0.315,5.981
1774015037002093920,1774015036997915904,0.415,2.738,0.542,3.695,0.102,3.797
1774015037032540928,1774015037027884800,0.399,2.692,0.254,3.346,0.990,4.336
1774015037052107072,1774015037047829888,0.483,2.692,0.246,3.421,0.441,3.862
1774015037082626688,1774015037078030816,0.022,3.584,0.018,3.623,0.050,3.673
1774015037102889056,1774015037097891648,0.792,2.596,0.346,3.734,0.436,4.170
1774015037133170976,1774015037127855808,0.900,3.229,0.188,4.317,0.704,5.021
1774015037152803456,1774015037147862912,1.123,2.484,0.575,4.181,0.373,4.554
1774015037182429920,1774015037177882944,0.522,2.944,0.278,3.744,0.324,4.068
1774015037202973440,1774015037197897408,0.024,2.494,0.019,2.537,0.279,2.815
1774015037234000640,1774015037227937184,1.168,3.741,0.360,5.270,0.385,5.655
1774015037253341632,1774015037248088192,1.352,3.106,0.006,4.464,0.503,4.967
1774015037282276576,1774015037277893280,0.641,3.026,0.021,3.688,0.373,4.061
1774015037304919872,1774015037297956928,1.035,5.133,0.097,6.265,0.016,6.281
1774015037332879680,1774015037327832672,0.073,3.715,0.020,3.809,0.433,4.242
1774015037352492960,1774015037347791840,0.818,2.871,0.588,4.278,0.108,4.386
1774015037381832128,1774015037377844416,0.510,2.768,0.229,3.507,0.125,3.632
1774015037412162400,1774015037407849984,1.067,2.248,0.018,3.333,0.586,3.920
1774015037432605184,1774015037427850432,0.852,3.421,0.012,4.285,0.140,4.425
1774015037464152736,1774015037457856448,1.278,3.847,0.383,5.508,0.471,5.979
1774015037482131392,1774015037477863648,0.502,2.790,0.301,3.593,0.350,3.943
1774015037512148576,1774015037507935232,0.560,2.884,0.127,3.571,0.282,3.853
1774015037532839808,1774015037527925792,1.002,2.598,0.203,3.804,0.388,4.191
1774015037562947200,1774015037557877344,1.422,1.943,0.679,4.044,0.660,4.703
1774015037582386048,1774015037577918912,1.133,1.983,0.226,3.342,0.682,4.024
1774015037612099968,1774015037607935008,0.749,2.665,0.055,3.468,0.336,3.804
1774015037632886496,1774015037627890336,0.450,2.994,0.937,4.381,0.270,4.651
1774015037663579168,1774015037657851616,0.930,2.622,1.476,5.028,0.338,5.366
1774015037682937504,1774015037677825792,0.678,3.612,0.014,4.305,0.478,4.782
1774015037716359072,1774015037707858368,0.441,3.761,0.020,4.223,3.969,8.191
1774015037731889600,1774015037727829184,0.425,2.887,0.079,3.391,0.271,3.662
1774015037762468736,1774015037757838592,0.544,3.028,0.725,4.297,0.022,4.319
1774015037782277728,1774015037777817984,1.400,2.406,0.020,3.826,0.320,4.146
1774015037814851712,1774015037807997728,0.682,3.078,2.454,6.214,0.267,6.481
1774015037833878048,1774015037827815296,0.800,3.603,0.386,4.790,0.663,5.452
1774015037861857728,1774015037857848352,0.488,2.668,0.381,3.538,0.130,3.667
1774015037882757952,1774015037877799232,0.514,3.841,0.018,4.373,0.222,4.595
1774015037915484672,1774015037907797472,2.034,3.257,0.276,5.566,1.753,7.319
1774015037933377856,1774015037927914176,0.894,3.033,0.322,4.249,0.847,5.095
1774015037963117984,1774015037957937632,0.023,2.768,0.020,2.811,0.829,3.640
1774015037982714368,1774015037977787680,0.985,2.723,0.400,4.108,0.491,4.599
1774015038012066752,1774015038007836160,0.341,2.658,0.376,3.374,0.464,3.838
1774015038033508192,1774015038028026208,1.365,3.497,0.011,4.873,0.209,5.082
1774015038063524608,1774015038058033888,0.737,3.010,0.764,4.511,0.599,5.110
1774015038082769472,1774015038077879168,0.880,3.009,0.028,3.916,0.169,4.086
1774015038112501312,1774015038107816864,0.729,2.608,0.019,3.356,0.286,3.642
1774015038132664064,1774015038126350688,1.801,2.894,0.602,5.296,0.646,5.943
1774015038162284832,1774015038157831008,0.466,2.692,0.630,3.788,0.329,4.117
1774015038181565952,1774015038177823040,1.067,2.315,0.018,3.400,0.013,3.413
1774015038216220288,1774015038207797696,0.025,3.530,0.124,3.679,2.811,6.490
1774015038232033568,1774015038227815616,1.354,2.279,0.016,3.650,0.250,3.900
1774015038264290528,1774015038257827072,1.549,3.114,0.059,4.722,1.198,5.920
1774015038281977664,1774015038277976288,0.985,2.174,0.089,3.248,0.339,3.587
1774015038309284160,1774015038303070368,1.132,2.382,0.686,4.199,1.606,5.805
1774015038334244512,1774015038327870016,1.844,3.242,0.696,5.782,0.048,5.829
1774015038361846048,1774015038357808832,1.161,2.281,0.018,3.460,0.195,3.655
1774015038381886464,1774015038375788256,0.706,4.827,0.016,5.549,0.011,5.560
1774015038416262496,1774015038408045952,0.027,3.470,0.021,3.518,0.273,3.791
1774015038433462880,1774015038428240160,1.860,2.480,0.332,4.672,0.019,4.691
1774015038462242144,1774015038457834624,0.721,2.469,0.840,4.029,0.021,4.050
1774015038482306656,1774015038477814624,0.585,2.507,0.271,3.363,0.814,4.177
1774015038512855520,1774015038507807552,0.834,2.748,0.627,4.209,0.467,4.677
1774015038533660448,1774015038527811584,1.136,3.567,0.752,5.454,0.083,5.537
1774015038562528608,1774015038557871584,0.386,2.632,0.457,3.475,0.767,4.242
1774015038582138080,1774015038577795584,0.647,3.130,0.017,3.794,0.273,4.068
1774015038612537664,1774015038607810016,0.511,2.966,0.017,3.495,0.829,4.324
1774015038632512384,1774015038627841856,0.723,2.474,0.359,3.556,0.742,4.298
1774015038662305120,1774015038657958368,0.681,2.718,0.062,3.461,0.535,3.996
1774015038681901120,1774015038677855936,0.699,2.326,0.369,3.394,0.337,3.731
1774015038713875200,1774015038707996448,0.672,4.159,0.216,5.047,0.484,5.531
1774015038732064000,1774015038727810464,0.726,2.604,0.111,3.440,0.429,3.869
1774015038763679776,1774015038757839392,1.906,2.799,0.464,5.168,0.243,5.411
1774015038784476192,1774015038777914176,0.679,3.654,0.547,4.880,1.351,6.231
1774015038813125056,1774015038807871168,1.439,2.891,0.071,4.402,0.472,4.874
1774015038833668928,1774015038827865600,2.521,1.306,0.028,3.855,1.550,5.405
1774015038863693120,1774015038857823360,0.118,2.916,0.065,3.099,1.818,4.917
1774015038882106176,1774015038877916128,0.162,1.728,0.503,2.393,0.323,2.717
1774015038912360512,1774015038907820800,0.376,2.876,0.257,3.508,0.547,4.056
1774015038933512000,1774015038927839392,1.161,2.225,0.616,4.003,0.903,4.906
1774015038962411136,1774015038958148224,1.517,2.399,0.006,3.922,0.006,3.928
1774015038982008576,1774015038977755200,0.956,2.368,0.250,3.573,0.313,3.887
1774015039012520384,1774015039007787232,0.484,3.129,0.134,3.747,0.691,4.438
1774015039031989984,1774015039027801440,0.692,2.568,0.016,3.276,0.616,3.892
1774015039062066784,1774015039057795392,1.297,2.296,0.331,3.924,0.017,3.941
1774015039085651136,1774015039077949504,0.018,5.116,0.282,5.416,1.478,6.894
1774015039112006400,1774015039107803712,0.336,2.523,0.606,3.464,0.328,3.793
1774015039132879872,1774015039127810176,0.810,3.328,0.512,4.650,0.018,4.669
1774015039163949024,1774015039157791968,1.694,2.863,0.916,5.473,0.345,5.818
1774015039181987616,1774015039177810912,0.335,2.676,0.187,3.198,0.640,3.838
1774015039215309792,1774015039208017440,0.715,3.021,0.493,4.229,2.670,6.900
1774015039231930336,1774015039227757536,0.365,2.472,0.566,3.403,0.393,3.796
1774015039261989248,1774015039257794912,0.359,2.845,0.016,3.220,0.447,3.667
1774015039281957760,1774015039277787648,0.427,2.616,0.283,3.326,0.462,3.788
1774015039307881312,1774015039303470848,0.647,2.593,0.194,3.433,0.568,4.001
1774015039332723520,1774015039327813312,0.660,2.814,0.637,4.111,0.461,4.572
1774015039362051712,1774015039357773856,1.447,1.656,0.200,3.304,0.671,3.975
1774015039380860608,1774015039376646176,0.691,3.100,0.017,3.809,0.013,3.822
1774015039410377728,1774015039403695328,2.585,2.271,0.017,4.873,1.010,5.883
1774015039434224352,1774015039427803328,1.524,3.460,0.558,5.543,0.542,6.084
1774015039463608896,1774015039457790432,1.728,2.871,0.053,4.652,0.476,5.127
1774015039482275392,1774015039477787264,1.456,1.932,0.776,4.163,0.020,4.183
1774015039513477312,1774015039507854112,1.571,2.430,0.375,4.376,0.377,4.753
1774015039532366496,1774015039527799808,0.973,2.316,0.720,4.009,0.065,4.074
1774015039562542016,1774015039557804160,1.873,2.172,0.015,4.060,0.313,4.373
1774015039583347744,1774015039577772384,2.098,3.081,0.017,5.196,0.013,5.209
1774015039611948416,1774015039607798272,0.422,2.843,0.260,3.525,0.276,3.802
1774015039632344704,1774015039627774720,1.397,2.030,0.262,3.689,0.522,4.211
1774015039662177088,1774015039657866720,0.747,2.590,0.194,3.531,0.392,3.923
1774015039681876544,1774015039677824416,0.619,2.529,0.206,3.354,0.413,3.767
1774015039715731136,1774015039707771968,1.135,2.856,0.022,4.013,3.565,7.578
1774015039732722240,1774015039727847104,0.022,2.696,0.018,2.736,0.877,3.613
1774015039762193248,1774015039757852832,0.563,2.846,0.420,3.829,0.170,3.999
1774015039781757984,1774015039777826624,0.735,2.192,0.160,3.087,0.355,3.441
1774015039813197120,1774015039807869760,0.486,3.753,0.218,4.456,0.382,4.838
1774015039836797408,1774015039827901056,1.491,4.516,1.879,7.886,0.675,8.561
1774015039862129696,1774015039857859680,1.217,2.173,0.135,3.525,0.395,3.920
1774015039882423936,1774015039877892960,1.091,2.398,0.111,3.600,0.614,4.214
1774015039912596448,1774015039907758048,0.416,2.819,0.706,3.940,0.545,4.485
1774015039932461152,1774015039927759360,0.402,2.942,0.534,3.878,0.454,4.332
1774015039962539104,1774015039957781600,0.808,2.927,0.220,3.956,0.490,4.446
1774015039982939904,1774015039978094208,1.211,2.517,0.456,4.185,0.191,4.376
1774015040012290592,1774015040007803456,0.376,3.006,0.236,3.618,0.021,3.639
1774015040032959872,1774015040027783296,1.144,3.104,0.436,4.684,0.197,4.881
1774015040062692960,1774015040057774944,0.022,3.605,0.061,3.688,0.375,4.063
1774015040082570080,1774015040077833504,1.156,2.492,0.369,4.017,0.378,4.395
1774015040112371840,1774015040107856928,0.589,3.099,0.016,3.704,0.465,4.169
1774015040132578560,1774015040127806528,0.882,2.741,0.437,4.060,0.407,4.467
1774015040162606240,1774015040157809216,0.689,3.213,0.236,4.138,0.244,4.382
1774015040183857120,1774015040177906432,0.415,2.983,1.902,5.300,0.216,5.515
1774015040213385728,1774015040207838816,1.176,2.909,0.226,4.311,0.784,5.095
1774015040232690880,1774015040227734080,0.500,2.782,0.761,4.042,0.456,4.499
1774015040262134112,1774015040257765408,0.338,2.814,0.378,3.530,0.278,3.807
1774015040282819488,1774015040277791776,0.392,3.483,0.019,3.895,0.777,4.672
1774015040317275616,1774015040307942784,0.798,2.929,0.021,3.748,5.115,8.863
1774015040332302912,1774015040327904192,0.478,2.946,0.243,3.667,0.328,3.995
1774015040362915648,1774015040357883072,0.556,2.962,0.101,3.619,0.561,4.180
1774015040385522112,1774015040378287008,0.496,4.243,0.020,4.759,2.183,6.942
1774015040412338400,1774015040407797216,0.556,2.647,0.359,3.562,0.584,4.146
1774015040433073760,1774015040427803168,0.756,2.451,0.334,3.541,0.941,4.482
1774015040464097888,1774015040457765344,0.016,2.251,0.049,2.316,0.556,2.871
1774015040482325952,1774015040477781696,0.023,2.613,0.665,3.301,0.298,3.599
1774015040517382976,1774015040507767808,0.689,3.292,3.404,7.385,0.424,7.809
1774015040533100352,1774015040527779584,0.772,2.956,0.570,4.297,0.647,4.944
1774015040563027840,1774015040557810624,2.066,1.751,0.020,3.836,1.022,4.859
1774015040582707360,1774015040577824288,0.554,2.776,0.311,3.642,0.733,4.375
1774015040612143040,1774015040608062752,0.656,2.563,0.368,3.587,0.159,3.746
1774015040632475616,1774015040627784576,0.866,2.466,0.761,4.092,0.202,4.295
1774015040663207104,1774015040657784160,0.436,2.982,0.020,3.438,1.534,4.972
1774015040683723104,1774015040677750464,0.525,2.810,1.696,5.030,0.625,5.655
1774015040713385280,1774015040707758496,0.976,2.761,1.358,5.095,0.022,5.117
1774015040732648448,1774015040727757024,1.757,1.969,0.477,4.204,0.321,4.525
1774015040763918656,1774015040757763680,1.317,1.907,0.234,3.459,1.885,5.343
1774015040783019776,1774015040777747296,0.984,3.087,0.419,4.490,0.446,4.936
1774015040812841216,1774015040807770144,1.382,3.139,0.018,4.539,0.187,4.726
1774015040833007264,1774015040827776192,1.539,2.798,0.056,4.394,0.426,4.820
1774015040861734304,1774015040857719808,0.813,1.829,0.499,3.141,0.051,3.192
1774015040882225728,1774015040877727040,0.021,3.179,0.352,3.552,0.239,3.791
1774015040912900224,1774015040907781824,0.490,3.233,0.018,3.741,0.982,4.722
1774015040932145888,1774015040927909792,0.512,2.855,0.220,3.588,0.244,3.832
1774015040965006112,1774015040957953664,0.342,5.104,0.872,6.319,0.358,6.676
1774015040981901056,1774015040977719936,0.480,3.046,0.019,3.545,0.261,3.806
1774015041012433280,1774015041007859264,1.272,2.649,0.019,3.940,0.252,4.193
1774015041031989664,1774015041027824512,0.018,3.145,0.018,3.181,0.012,3.193
1774015041062562624,1774015041057845920,0.378,3.011,0.372,3.761,0.560,4.321
1774015041084754176,1774015041077964128,2.239,3.239,0.018,5.496,0.756,6.252
1774015041116799392,1774015041107938976,0.917,4.747,1.081,6.745,0.603,7.347
1774015041132578048,1774015041126531424,1.004,2.965,0.736,4.705,0.787,5.492
1774015041164136608,1774015041157951168,0.807,2.294,0.222,3.323,2.478,5.801
1774015041187785280,1774015041177831264,6.277,2.512,0.497,9.287,0.349,9.636
1774015041216900544,1774015041207729824,0.983,1.902,3.403,6.288,1.197,7.484
1774015041232570336,1774015041227743136,0.668,2.735,0.488,3.891,0.551,4.442
1774015041265149536,1774015041257805312,2.794,3.806,0.016,6.617,0.323,6.939
1774015041282063712,1774015041277873568,1.129,1.973,0.475,3.577,0.255,3.832
1774015041307138272,1774015041302868128,0.440,3.059,0.211,3.710,0.193,3.904
1774015041332295360,1774015041327781792,0.020,3.316,0.059,3.394,0.190,3.584
1774015041362051072,1774015041357722624,1.318,2.361,0.016,3.695,0.305,4.000
1774015041392751648,1774015041387711072,1.250,2.617,0.292,4.159,0.549,4.708
1774015041412226816,1774015041407677376,1.557,2.003,0.020,3.579,0.569,4.148
1774015041443216640,1774015041437805696,0.984,2.645,0.326,3.955,0.893,4.849
1774015041463943104,1774015041458065056,1.935,3.119,0.187,5.242,0.324,5.566
1774015041492282112,1774015041487850240,0.340,3.197,0.052,3.590,0.451,4.041
1774015041512440928,1774015041507959840,0.505,3.127,0.063,3.695,0.459,4.154
1774015041541520320,1774015041537739968,0.020,2.254,0.046,2.319,0.420,2.739
1774015041562904160,1774015041557930560,0.770,3.030,0.018,3.818,0.401,4.220
1774015041592362976,1774015041587897568,0.604,2.570,0.190,3.364,0.718,4.082
1774015041614122048,1774015041607790400,0.887,4.300,0.283,5.469,0.384,5.853
1774015041641938560,1774015041637760992,0.723,2.447,0.334,3.504,0.384,3.888
1774015041663899008,1774015041657721280,1.112,2.903,0.390,4.405,1.262,5.667
1774015041692304224,1774015041687660832,0.460,3.023,0.016,3.498,0.606,4.105
1774015041711957216,1774015041707716096,0.479,2.495,0.431,3.406,0.329,3.735
1774015041741542144,1774015041737749056,0.216,2.577,0.165,2.959,0.388,3.347
1774015041761990944,1774015041757786816,1.157,1.865,0.636,3.658,0.260,3.918
1774015041793194432,1774015041787874304,0.741,2.498,0.309,3.548,1.418,4.966
1774015041815465792,1774015041807806048,0.808,2.748,0.266,3.822,3.220,7.043
1774015041842663904,1774015041837729376,1.967,1.747,0.191,3.905,0.618,4.524
1774015041863669088,1774015041857631424,0.499,3.768,0.691,4.959,0.689,5.648
1774015041892774816,1774015041887712064,0.655,4.022,0.019,4.697,0.024,4.720
1774015041911973920,1774015041907696864,0.675,2.654,0.211,3.541,0.400,3.941
1774015041944913248,1774015041937961248,0.056,5.040,0.140,5.236,0.801,6.037
1774015041964114272,1774015041957739840,1.381,3.898,0.171,5.450,0.590,6.040
1774015041992340384,1774015041987714272,0.437,2.915,0.174,3.526,0.751,4.277
1774015042012012544,1774015042007872192,0.019,2.339,0.210,2.568,0.716,3.284
1774015042042524832,1774015042037796672,0.021,2.615,0.413,3.049,0.900,3.949
1774015042062678240,1774015042057726624,0.820,3.488,0.017,4.325,0.197,4.522
1774015042092907968,1774015042088117152,0.409,3.283,0.527,4.219,0.212,4.431
1774015042116074720,1774015042107728896,0.360,3.906,0.241,4.507,3.468,7.975
1774015042144620256,1774015042138702240,1.010,3.855,0.427,5.292,0.316,5.608
1774015042162567104,1774015042157766816,0.873,2.728,0.529,4.130,0.321,4.451
1774015042191771264,1774015042187740800,0.388,2.606,0.486,3.480,0.162,3.642
1774015042215273888,1774015042207719424,0.693,3.151,0.287,4.130,3.075,7.205
1774015042244606560,1774015042237744288,0.330,4.720,0.722,5.772,0.661,6.433
1774015042262014912,1774015042257720096,0.386,2.748,0.355,3.489,0.501,3.990
1774015042294055744,1774015042287741632,2.633,2.939,0.065,5.637,0.424,6.060
1774015042312596384,1774015042307676704,0.442,2.877,0.705,4.024,0.535,4.559
1774015042344318336,1774015042337734848,1.052,4.758,0.019,5.829,0.347,6.176
1774015042362457088,1774015042357640992,1.356,2.381,0.253,3.991,0.358,4.349
1774015042392292640,1774015042387703968,0.577,3.655,0.023,4.254,0.015,4.269
1774015042411238976,1774015042404584960,2.433,3.380,0.020,5.833,0.322,6.156
1774015042443109184,1774015042437756448,0.398,3.176,1.038,4.612,0.274,4.886
1774015042463041184,1774015042457840224,0.729,3.106,0.227,4.062,0.275,4.336
1774015042493222528,1774015042487902304,0.595,3.858,0.231,4.684,0.226,4.910
1774015042516836032,1774015042508168800,1.398,3.024,2.729,7.150,0.833,7.983
1774015042542106144,1774015042537736736,0.878,3.083,0.015,3.976,0.013,3.989
1774015042562343168,1774015042557713280,0.393,3.057,0.794,4.244,0.018,4.262
1774015042593420800,1774015042587756512,1.116,3.127,0.024,4.267,1.074,5.341
1774015042615482528,1774015042607712384,0.409,6.956,0.024,7.388,0.016,7.404
1774015042643217696,1774015042637722752,2.009,2.686,0.019,4.714,0.436,5.150
1774015042662256832,1774015042657784992,2.094,0.964,0.217,3.275,0.760,4.035
1774015042693219808,1774015042687814880,0.580,3.859,0.151,4.590,0.391,4.980
1774015042716465408,1774015042707924832,0.825,6.109,0.632,7.565,0.413,7.978
1774015042744210944,1774015042737772608,0.494,5.322,0.016,5.832,0.322,6.154
1774015042762339680,1774015042757845120,0.505,2.685,0.324,3.514,0.644,4.158
1774015042792693952,1774015042788084832,0.805,2.687,0.534,4.026,0.306,4.332
1774015042815660352,1774015042807910912,0.487,3.549,3.333,7.368,0.044,7.413
1774015042842967456,1774015042837773984,0.832,2.868,0.634,4.334,0.502,4.836
1774015042864190336,1774015042857776352,0.329,3.875,0.421,4.624,1.433,6.057
1774015042892795936,1774015042887754080,0.789,2.823,0.540,4.152,0.544,4.696
1774015042912903520,1774015042907657024,0.360,3.885,0.627,4.872,0.018,4.890
1774015042941859776,1774015042937697216,0.482,2.608,0.608,3.698,0.022,3.719
1774015042963804800,1774015042957705728,0.313,5.047,0.020,5.380,0.223,5.603
1774015042991777280,1774015042987675520,0.630,2.891,0.205,3.725,0.018,3.743
1774015043012363840,1774015043007816576,0.586,2.454,0.633,3.673,0.497,4.170
1774015043043346912,1774015043037803168,1.915,2.712,0.018,4.645,0.503,5.148
1774015043063493920,1774015043057763456,2.123,1.717,0.219,4.059,0.997,5.057
1774015043092783776,1774015043087716896,0.536,2.665,0.447,3.649,1.103,4.752
1774015043112413920,1774015043107703872,0.471,2.890,0.128,3.489,0.857,4.346
1774015043142893440,1774015043137778816,0.970,1.993,0.683,3.646,0.021,3.667
1774015043162270784,1774015043157705120,0.244,2.300,0.334,2.879,0.512,3.391
1774015043192850592,1774015043187691488,0.690,2.670,0.562,3.922,0.904,4.826
1774015043212676160,1774015043207691328,1.432,2.259,0.019,3.710,0.913,4.623
1774015043242189184,1774015043237711680,1.770,1.598,0.268,3.636,0.464,4.101
1774015043262039040,1774015043257710304,0.021,1.979,0.361,2.360,0.287,2.648
1774015043291692064,1774015043287726240,0.587,2.671,0.043,3.302,0.263,3.565
1774015043314893984,1774015043307723872,1.308,2.209,3.108,6.625,0.018,6.644
1774015043345389344,1774015043337782464,0.444,2.949,2.350,5.743,1.237,6.980
1774015043363488640,1774015043357696224,0.732,3.476,0.019,4.227,1.115,5.342
1774015043393818976,1774015043387752480,0.878,4.157,0.515,5.550,0.184,5.734
1774015043412382208,1774015043407671616,1.089,3.226,0.016,4.331,0.011,4.342
1774015043442491008,1774015043437747648,0.553,2.660,0.512,3.725,0.715,4.440
1774015043463397280,1774015043457837856,1.355,3.249,0.115,4.719,0.421,5.140
1774015043493121056,1774015043487743328,0.568,3.025,0.813,4.405,0.197,4.602
1774015043513679936,1774015043507681760,1.835,2.763,0.018,4.616,1.055,5.671
1774015043542623360,1774015043537704608,2.134,1.815,0.017,3.966,0.628,4.594
1774015043561909856,1774015043557697632,1.162,1.737,0.173,3.071,0.606,3.678
1774015043593712992,1774015043587702176,0.771,3.695,0.162,4.627,0.900,5.527
1774015043612897440,1774015043607696320,0.070,2.719,1.069,3.857,0.689,4.546
1774015043643388000,1774015043637787488,1.033,3.034,0.167,4.233,0.486,4.719
1774015043663061952,1774015043657715904,1.558,2.841,0.224,4.623,0.453,5.076
1774015043692101152,1774015043687688352,0.190,2.661,0.340,3.190,0.677,3.867
1774015043716250016,1774015043707696608,0.421,2.920,4.297,7.638,0.120,7.758
1774015043743148480,1774015043737683744,0.366,2.850,0.168,3.385,1.661,5.046
1774015043761710400,1774015043757695200,0.472,2.579,0.149,3.200,0.343,3.543
1774015043792417824,1774015043787683008,0.377,2.788,0.580,3.745,0.631,4.375
1774015043812803008,1774015043807695488,0.441,3.253,0.545,4.239,0.531,4.770
1774015043841975392,1774015043837686784,1.789,1.849,0.020,3.659,0.300,3.959
1774015043863476160,1774015043857605376,0.464,2.693,2.276,5.433,0.021,5.454
1774015043892328320,1774015043887753952,0.730,2.831,0.165,3.725,0.252,3.977
1774015043911812960,1774015043907623616,0.605,2.802,0.466,3.873,0.019,3.892
1774015043943002528,1774015043937708000,0.453,3.381,0.598,4.432,0.391,4.823
1774015043962750560,1774015043957744224,1.436,2.050,0.193,3.679,0.409,4.088
1774015043992552096,1774015043987684096,0.887,2.591,0.503,3.980,0.575,4.556
1774015044012235552,1774015044007674208,0.403,2.609,0.957,3.970,0.264,4.234
1774015044050666592,1774015044037681952,0.827,2.648,8.928,12.403,0.282,12.685
1774015044062678720,1774015044057669952,1.496,2.555,0.584,4.634,0.021,4.655
1774015044092482112,1774015044087918016,1.515,2.054,0.400,3.969,0.251,4.220
1774015044113724000,1774015044107877696,0.568,3.717,0.579,4.865,0.316,5.180
1774015044143807136,1774015044137679648,0.699,4.477,0.338,5.514,0.132,5.646
1774015044162577248,1774015044157807488,1.287,1.866,0.339,3.492,0.702,4.194
1774015044192150016,1774015044187662624,1.093,2.166,0.226,3.485,0.682,4.167
1774015044215407488,1774015044207655392,1.057,4.909,0.355,6.320,0.018,6.338
1774015044242129888,1774015044237693088,0.678,2.532,0.540,3.750,0.395,4.145
1774015044262981344,1774015044257669024,1.005,2.999,0.348,4.352,0.397,4.749
1774015044292246048,1774015044287663040,0.616,2.819,0.405,3.841,0.441,4.282
1774015044312111616,1774015044307637472,1.687,1.555,0.621,3.863,0.300,4.163
1774015044344836864,1774015044337688960,0.825,2.495,1.317,4.638,2.202,6.840
1774015044363890720,1774015044357588096,2.111,3.526,0.046,5.683,0.215,5.898
1774015044392100640,1774015044387629440,0.473,3.043,0.381,3.898,0.230,4.128
1774015044411884064,1774015044407704896,0.627,2.524,0.249,3.401,0.259,3.659
1774015044442651456,1774015044437672448,1.218,2.639,0.018,3.875,0.808,4.683
1774015044462311552,1774015044457673632,0.371,2.474,0.289,3.134,1.148,4.282
1774015044493015168,1774015044487694528,0.869,2.395,0.764,4.028,0.615,4.643
1774015044515324416,1774015044507739296,0.745,3.737,0.235,4.718,2.433,7.151
1774015044542242400,1774015044537714688,0.552,2.596,0.988,4.136,0.063,4.199
1774015044562299936,1774015044557708160,0.355,2.591,0.419,3.365,0.732,4.098
1774015044592474656,1774015044587661760,0.469,3.977,0.017,4.464,0.014,4.477
1774015044617699328,1774015044607678976,2.192,2.339,0.059,4.590,5.151,9.741
1774015044642573376,1774015044637680544,1.416,1.869,0.360,3.645,0.887,4.531
1774015044664188128,1774015044657794784,1.096,3.610,0.017,4.723,0.825,5.548
1774015044692979488,1774015044688090112,1.934,1.157,0.632,3.722,0.689,4.412
1774015044711631456,1774015044707630592,0.642,2.390,0.056,3.087,0.336,3.423
1774015044746482592,1774015044740102880,2.061,2.486,0.276,4.824,0.890,5.714
1774015044761715744,1774015044757670944,0.390,2.551,0.441,3.382,0.301,3.683
1774015044791909376,1774015044787648608,1.364,1.730,0.312,3.407,0.545,3.952
1774015044811831456,1774015044807657216,0.809,2.773,0.214,3.795,0.089,3.884
1774015044843700192,1774015044837724288,0.027,1.520,2.034,3.581,0.020,3.601
1774015044863432960,1774015044857703712,0.020,3.397,0.191,3.608,0.334,3.942
1774015044892571136,1774015044887688064,0.833,2.780,0.404,4.016,0.516,4.532
1774015044911816864,1774015044907615968,1.149,2.632,0.017,3.798,0.012,3.810
1774015044942335584,1774015044937656544,0.803,2.766,0.675,4.244,0.034,4.278
1774015044961836640,1774015044957656192,0.957,2.375,0.017,3.349,0.439,3.788
1774015044992403136,1774015044987691936,0.406,2.779,0.367,3.552,0.672,4.224
1774015045012672640,1774015045007783584,0.274,3.055,1.129,4.458,0.020,4.478
1774015045042028608,1774015045037886016,0.342,2.236,0.552,3.130,0.017,3.147
1774015045062916384,1774015045057649056,1.036,3.364,0.147,4.547,0.391,4.938
1774015045092457728,1774015045087647328,0.685,3.170,0.144,3.999,0.375,4.375
1774015045125270048,1774015045117698144,2.661,1.941,0.179,4.780,2.260,7.041
1774015045142076320,1774015045137764960,0.346,3.153,0.284,3.783,0.148,3.931
1774015045172291872,1774015045167740384,0.309,2.704,0.373,3.386,0.587,3.973
1774015045192950656,1774015045187666624,1.346,2.844,0.215,4.404,0.505,4.909
1774015045222305728,1774015045217600288,0.855,2.383,0.401,3.639,0.422,4.061
1774015045241815104,1774015045237693888,0.151,2.449,0.236,2.835,0.313,3.148
1774015045273874976,1774015045268394016,1.855,2.705,0.335,4.895,0.289,5.184
1774015045293139968,1774015045287717056,2.311,2.030,0.368,4.709,0.386,5.095
1774015045323738560,1774015045317645696,1.508,3.635,0.253,5.397,0.343,5.740
1774015045343015104,1774015045337710464,0.786,3.908,0.017,4.712,0.254,4.966
1774015045372314048,1774015045367738528,0.745,2.532,0.566,3.843,0.356,4.198
1774015045392408288,1774015045387677312,1.263,2.859,0.028,4.151,0.099,4.249
1774015045414837568,1774015045409696000,0.190,2.425,0.420,3.035,1.265,4.300
1774015045443927296,1774015045437900288,1.779,2.180,0.011,3.970,0.971,4.941
1774015045472246112,1774015045467643808,0.467,2.590,1.047,4.104,0.082,4.186
1774015045492090656,1774015045487655040,0.914,2.434,0.639,3.987,0.128,4.115
1774015045524460416,1774015045517657376,0.434,2.606,2.491,5.532,0.845,6.377
1774015045541907488,1774015045537644864,0.662,2.437,0.323,3.422,0.556,3.978
1774015045572951328,1774015045567636672,0.359,3.977,0.582,4.918,0.016,4.934
1774015045592570176,1774015045587633824,0.542,2.856,0.262,3.661,0.906,4.567
1774015045622921920,1774015045617645152,1.056,2.757,0.570,4.382,0.526,4.909
1774015045643550592,1774015045637639520,1.668,2.979,0.442,5.088,0.468,5.556
1774015045672552064,1774015045667679872,1.496,2.506,0.050,4.052,0.548,4.600
1774015045692385664,1774015045687666272,0.331,2.695,0.679,3.706,0.646,4.351
1774015045722422368,1774015045717635040,1.854,1.652,0.186,3.693,0.746,4.439
1774015045742199136,1774015045737688960,2.028,1.208,0.546,3.782,0.408,4.191
1774015045771904992,1774015045767639424,1.430,2.016,0.016,3.461,0.358,3.819
1774015045792635104,1774015045787652128,1.108,2.494,0.885,4.487,0.019,4.507
1774015045823398976,1774015045817652256,0.762,3.504,0.260,4.526,0.652,5.178
1774015045851718240,1774015045837634016,9.494,3.363,0.298,13.155,0.603,13.758
1774015045872530976,1774015045867573280,0.497,2.729,0.569,3.794,0.878,4.672
1774015045893985184,1774015045887731904,1.341,2.871,0.618,4.830,0.957,5.787
1774015045922512672,1774015045917736096,0.529,2.737,0.243,3.509,0.982,4.490
1774015045941857888,1774015045937701216,1.339,1.877,0.014,3.230,0.486,3.716
1774015045972857696,1774015045967607232,0.877,2.103,0.317,3.297,0.385,3.681
1774015045992544992,1774015045987671296,0.720,2.755,0.498,3.973,0.630,4.603
1774015046022072992,1774015046017643264,0.775,2.259,0.018,3.052,0.628,3.680
1774015046041970656,1774015046037690016,0.181,2.472,0.559,3.212,0.568,3.780
1774015046071678592,1774015046067636096,1.329,2.108,0.014,3.450,0.292,3.742
1774015046092524224,1774015046087986208,0.720,3.184,0.016,3.920,0.332,4.252
1774015046122649440,1774015046117629184,1.400,2.578,0.335,4.314,0.360,4.675
1774015046141949024,1774015046137691680,0.404,2.875,0.668,3.947,0.018,3.965
1774015046173124256,1774015046167684928,0.178,3.128,0.416,3.721,0.836,4.557
1774015046191570176,1774015046187720160,0.738,2.000,0.269,3.006,0.554,3.561
1774015046222272960,1774015046217674016,1.609,2.526,0.018,4.154,0.013,4.166
1774015046242639680,1774015046237756288,0.473,2.449,1.565,4.487,0.027,4.514
1774015046273713760,1774015046267687360,1.695,3.727,0.017,5.438,0.298,5.737
1774015046291794720,1774015046287648160,0.652,2.127,0.748,3.527,0.334,3.861
1774015046321738976,1774015046317600384,0.701,2.648,0.018,3.367,0.472,3.839
1774015046342429824,1774015046337822432,1.204,2.315,0.641,4.160,0.045,4.204
1774015046372041760,1774015046367736864,0.590,2.587,0.735,3.912,0.022,3.934
1774015046393387456,1774015046387726464,2.017,3.109,0.018,5.143,0.138,5.282
1774015046421749184,1774015046417615488,0.432,2.821,0.049,3.302,0.487,3.789
1774015046442701152,1774015046437646176,0.741,2.719,0.908,4.368,0.320,4.688
1774015046474686784,1774015046467639584,2.310,2.711,1.625,6.646,0.017,6.663
1774015046492899296,1774015046487655744,0.203,2.356,0.628,3.187,1.178,4.365
1774015046522656896,1774015046517665120,1.171,3.080,0.015,4.265,0.277,4.542
1774015046543467648,1774015046537998240,1.263,2.861,0.958,5.083,0.018,5.101
1774015046572123232,1774015046567697440,0.531,2.596,0.325,3.452,0.488,3.940
1774015046591859008,1774015046587743200,0.055,2.372,0.286,2.713,0.457,3.170
1774015046622853664,1774015046617635872,0.599,3.258,0.756,4.613,0.200,4.813
1774015046642535872,1774015046637680576,1.021,2.490,1.033,4.545,0.024,4.568
1774015046678272128,1774015046668355488,5.577,2.682,1.255,9.514,0.058,9.572
1774015046693492096,1774015046687607936,1.783,2.934,0.259,4.975,0.543,5.518
1774015046723020864,1774015046717648608,1.219,1.976,1.113,4.307,0.742,5.050
1774015046742387360,1774015046737610880,1.231,2.060,0.897,4.188,0.276,4.464
1774015046774143552,1774015046767565472,1.753,1.878,0.510,4.142,2.105,6.246
1774015046792351264,1774015046787670688,0.707,2.811,0.246,3.764,0.581,4.345
1774015046822527264,1774015046817623456,0.701,3.027,0.013,3.741,0.763,4.504
1774015046841741952,1774015046837632960,0.020,2.525,0.182,2.727,0.580,3.307
1774015046874110592,1774015046867672032,2.936,2.626,0.333,5.896,0.227,6.123
1774015046893953760,1774015046887727776,1.030,2.703,0.512,4.245,1.534,5.780
1774015046922663776,1774015046917671392,1.441,2.579,0.200,4.221,0.475,4.696
1774015046942246464,1774015046937665408,0.171,2.302,0.017,2.490,0.130,2.620
1774015046972550080,1774015046967653504,0.978,2.364,0.620,3.962,0.019,3.981
1774015046991617184,1774015046987612224,0.572,3.053,0.017,3.642,0.046,3.688
1774015047022502720,1774015047017675680,0.610,3.093,0.156,3.858,0.682,4.540
1774015047042671040,1774015047037562176,0.652,3.400,0.355,4.407,0.274,4.681
1774015047073370144,1774015047067624736,0.696,4.111,0.271,5.079,0.288,5.367
1774015047093059008,1774015047087837184,0.022,3.515,0.138,3.674,0.678,4.352
1774015047122485600,1774015047115188896,2.100,2.676,0.711,5.487,1.356,6.843
1774015047142996512,1774015047137578976,1.867,2.195,0.385,4.447,0.644,5.091
1774015047173999520,1774015047167708512,1.032,2.876,1.715,5.623,0.264,5.887
1774015047191939136,1774015047187630016,0.877,2.461,0.223,3.562,0.415,3.977
1774015047220500608,1774015047215300800,0.549,3.477,0.425,4.450,0.355,4.805
1774015047242842848,1774015047237748576,0.583,3.177,0.132,3.892,0.390,4.282
1774015047272654784,1774015047267703584,1.409,2.339,0.182,3.930,0.698,4.627
1774015047293436736,1774015047287723584,0.670,2.762,0.267,3.699,0.906,4.605
1774015047322086816,1774015047317591296,0.445,2.755,0.536,3.735,0.467,4.202
1774015047342952896,1774015047337599104,1.136,2.801,1.092,5.030,0.019,5.048
1774015047367983936,1774015047363798976,0.439,2.768,0.247,3.454,0.361,3.815
1774015047394071744,1774015047387596160,0.364,2.665,2.226,5.255,0.726,5.981
1774015047423699328,1774015047417701568,0.829,3.231,1.233,5.293,0.179,5.473
1774015047441797568,1774015047437636768,0.667,2.874,0.214,3.754,0.056,3.811
1774015047473789440,1774015047467893312,0.759,3.779,0.285,4.823,0.519,5.342
1774015047493635040,1774015047487722336,0.672,4.250,0.320,5.242,0.262,5.504
1774015047524605504,1774015047517786112,1.239,2.982,2.117,6.338,0.227,6.565
1774015047541996288,1774015047537788096,0.020,2.725,0.253,2.998,0.337,3.335
1774015047574937056,1774015047567658144,2.285,3.056,0.353,5.694,1.095,6.789
1774015047593085888,1774015047587590848,1.297,3.247,0.044,4.588,0.317,4.904
1774015047622646240,1774015047617600032,0.614,2.987,0.018,3.619,0.979,4.599
1774015047643164896,1774015047637591552,0.508,3.919,0.018,4.445,0.784,5.230
1774015047672019392,1774015047667591424,0.021,2.569,0.601,3.191,0.378,3.568
1774015047691353792,1774015047687598208,0.430,2.486,0.160,3.076,0.383,3.460
1774015047723376320,1774015047717591968,1.974,3.197,0.017,5.188,0.197,5.385
1774015047742621344,1774015047737769728,0.333,2.822,0.773,3.927,0.561,4.488
1774015047772019648,1774015047767761056,0.702,2.836,0.017,3.555,0.326,3.881
1774015047802205824,1774015047797713632,0.749,2.817,0.016,3.582,0.548,4.130
1774015047822140512,1774015047817635328,0.817,2.500,0.191,3.509,0.597,4.106
1774015047851770080,1774015047847605504,0.621,2.609,0.300,3.530,0.276,3.806
1774015047873881952,1774015047867679552,1.122,2.627,0.849,4.597,1.043,5.640
1774015047901971840,1774015047897741344,0.029,2.714,0.016,2.759,0.380,3.139
1774015047921822496,1774015047917527872,0.574,2.469,0.481,3.524,0.493,4.017
1774015047952788736,1774015047947597472,0.900,2.938,0.115,3.952,0.660,4.613
1774015047973709728,1774015047967572544,0.633,3.290,1.903,5.826,0.019,5.844
1774015048002054528,1774015047997571424,0.500,2.869,0.017,3.386,0.724,4.110
1774015048021864032,1774015048017591168,0.847,2.571,0.143,3.561,0.441,4.003
1774015048051947072,1774015048047703168,0.550,2.779,0.169,3.498,0.298,3.796
1774015048072330080,1774015048067663200,1.309,2.619,0.017,3.944,0.392,4.336
1774015048103335904,1774015048097693376,0.350,3.028,0.981,4.359,0.919,5.278
1774015048122478464,1774015048117798336,0.490,2.957,0.281,3.729,0.452,4.180
1774015048152497728,1774015048147977984,0.304,2.767,0.369,3.441,0.389,3.830
1774015048173756960,1774015048167680992,1.710,3.803,0.017,5.530,0.061,5.592
1774015048202209472,1774015048197704704,1.457,2.071,0.210,3.738,0.450,4.188
1774015048223180768,1774015048217591968,0.836,2.898,0.778,4.512,0.596,5.108
1774015048252870240,1774015048247597152,1.947,2.389,0.506,4.842,0.108,4.950
1774015048271417568,1774015048267590048,0.021,2.426,0.365,2.812,0.196,3.008
1774015048303554912,1774015048297600256,0.874,2.472,2.171,5.517,0.069,5.585
1774015048322952864,1774015048317589408,1.038,3.273,0.306,4.618,0.383,5.001
1774015048353654624,1774015048347600672,1.169,1.794,1.321,4.284,1.464,5.748
1774015048372311808,1774015048367560640,0.691,2.998,0.651,4.339,0.077,4.416
1774015048394258720,1774015048387576448,0.388,3.061,0.589,4.038,2.245,6.283
1774015048422064800,1774015048417571904,0.528,2.900,0.353,3.781,0.323,4.104
1774015048453489824,1774015048447663168,2.282,2.244,0.475,5.002,0.514,5.516
1774015048472632672,1774015048467587136,1.102,2.703,0.536,4.342,0.394,4.735
1774015048501971456,1774015048497591840,0.604,2.743,0.017,3.365,0.676,4.041
1774015048523064576,1774015048517534656,2.408,1.245,0.500,4.154,0.970,5.124
1774015048551986528,1774015048547633696,1.193,2.008,0.436,3.637,0.410,4.047
1774015048572075232,1774015048567566528,0.496,2.531,0.803,3.831,0.335,4.165
1774015048591743456,1774015048587595200,1.237,1.823,0.199,3.259,0.314,3.574
1774015048622609088,1774015048617571328,0.424,3.446,0.019,3.889,0.791,4.680
1774015048642129600,1774015048637650752,1.333,1.769,0.574,3.676,0.385,4.061
1774015048672008256,1774015048667657696,0.488,3.434,0.017,3.939,0.105,4.044
1774015048703709824,1774015048697629632,1.325,2.657,0.164,4.146,0.351,4.497
1774015048721789760,1774015048717552192,0.943,2.554,0.126,3.623,0.312,3.935
1774015048752073376,1774015048747592256,0.910,2.497,0.309,3.716,0.412,4.128
1774015048771997568,1774015048767583360,0.895,2.821,0.151,3.867,0.195,4.062
1774015048802003520,1774015048797572832,0.670,2.571,0.310,3.552,0.521,4.073
1774015048822664000,1774015048817715776,0.888,2.913,0.015,3.817,0.687,4.504
1774015048852537856,1774015048847763488,1.166,1.821,0.561,3.548,0.922,4.470
1774015048872172672,1774015048867456864,1.105,1.865,0.460,3.431,0.934,4.365
1774015048901442464,1774015048897688928,0.921,2.286,0.017,3.223,0.140,3.363
1774015048922388128,1774015048917796384,0.771,2.899,0.020,3.690,0.426,4.116
1774015048952483104,1774015048947616512,0.847,2.851,0.235,3.933,0.462,4.395
1774015048972861888,1774015048967559104,1.004,3.179,0.338,4.521,0.454,4.975
1774015049002576576,1774015048998008960,0.934,2.907,0.169,4.011,0.201,4.212
1774015049022623168,1774015049017579168,0.570,2.584,0.543,3.697,1.016,4.713
1774015049053581824,1774015049047769312,2.072,2.711,0.296,5.079,0.387,5.466
1774015049072358624,1774015049067559648,1.484,2.045,0.230,3.759,0.692,4.451
1774015049102315744,1774015049097558720,2.184,2.015,0.018,4.217,0.131,4.348
1774015049122161184,1774015049117580224,0.402,2.960,0.512,3.874,0.426,4.300
1774015049153004704,1774015049147582048,2.181,2.171,0.668,5.020,0.019,5.039
1774015049175937568,1774015049167579520,2.458,4.338,0.634,7.431,0.574,8.005
1774015049202137984,1774015049197544288,1.238,1.806,0.376,3.419,0.592,4.012
1774015049222952768,1774015049217516608,1.103,2.809,0.365,4.277,0.719,4.996
1774015049253680064,1774015049247563168,3.276,0.024,1.959,5.259,0.024,5.283
1774015049272859136,1774015049267628800,0.354,3.575,0.017,3.945,0.866,4.811
1774015049303445056,1774015049297568960,1.250,3.015,0.249,4.513,0.804,5.317
1774015049322667936,1774015049317559360,0.828,3.032,0.220,4.080,0.689,4.769
1774015049352173856,1774015049347658976,0.983,2.230,0.376,3.589,0.577,4.166
1774015049374754720,1774015049367589792,0.671,3.674,1.473,5.819,0.822,6.641
1774015049402284064,1774015049397564096,0.224,2.910,0.722,3.856,0.392,4.249
1774015049421638464,1774015049417517504,0.636,2.404,0.283,3.323,0.448,3.771
1774015049451608960,1774015049447633120,0.456,2.450,0.218,3.124,0.560,3.684
1774015049473425536,1774015049467908192,1.578,3.433,0.018,5.030,0.042,5.072
1774015049502047232,1774015049497564160,1.558,2.517,0.016,4.090,0.010,4.101
1774015049522178112,1774015049517545824,0.389,2.983,0.868,4.241,0.019,4.259
1774015049552059808,1774015049547605984,0.020,2.467,0.157,2.643,0.940,3.583
1774015049572842016,1774015049567596544,1.584,1.590,0.235,3.408,1.482,4.891
1774015049601408096,1774015049597547264,1.013,2.004,0.062,3.079,0.418,3.497
1774015049623205504,1774015049617656672,1.371,2.780,0.018,4.169,0.899,5.068
1774015049652151840,1774015049647572704,0.360,2.600,0.540,3.501,0.411,3.912
1774015049679422336,1774015049667565664,0.020,2.751,8.163,10.934,0.030,10.964
1774015049702705120,1774015049697552384,1.002,3.175,0.018,4.195,0.609,4.805
1774015049723043936,1774015049717862272,0.474,3.543,0.254,4.272,0.450,4.722
1774015049751701408,1774015049747640864,0.701,2.392,0.329,3.422,0.274,3.695
1774015049771475616,1774015049767555744,0.024,2.423,0.518,2.965,0.016,2.981
1774015049801483936,1774015049797554976,0.612,2.467,0.274,3.353,0.282,3.635
1774015049823599264,1774015049817559584,1.571,3.587,0.018,5.177,0.494,5.671
1774015049855307680,1774015049847631552,1.092,1.994,0.166,3.252,0.495,3.747
1774015049872786432,1774015049868273952,0.432,2.773,0.411,3.616,0.614,4.230
1774015049901482336,1774015049897619040,1.005,2.236,0.014,3.255,0.299,3.554
1774015049921634464,1774015049917545152,0.408,3.276,0.019,3.703,0.044,3.748
1774015049952156736,1774015049947560288,0.708,2.385,0.776,3.868,0.451,4.319
1774015049973173248,1774015049967485056,1.157,3.049,0.601,4.808,0.492,5.299
1774015050002429344,1774015049997619584,0.835,2.786,0.570,4.191,0.284,4.475
1774015050022749728,1774015050017532288,0.664,3.384,0.114,4.162,0.683,4.845
1774015050052021152,1774015050047657792,0.550,2.658,0.275,3.482,0.529,4.011
1774015050072792256,1774015050067818336,1.468,2.266,0.258,3.991,0.581,4.572
1774015050102663296,1774015050097641984,1.319,2.637,0.539,4.495,0.266,4.761
1774015050127721024,1774015050118233792,3.006,2.871,2.957,8.833,0.363,9.196
1774015050152222272,1774015050147717440,0.784,2.513,0.256,3.554,0.557,4.111
1774015050173334336,1774015050167604960,0.351,2.845,0.885,4.081,1.269,5.350
1774015050202428320,1774015050197705024,1.590,2.182,0.018,3.791,0.515,4.305
1774015050220240896,1774015050215319520,0.462,2.843,0.819,4.123,0.450,4.574
1774015050254907072,1774015050247682048,0.740,4.136,1.344,6.220,0.435,6.654
1774015050273219360,1774015050267680672,0.590,3.138,0.018,3.747,1.496,5.243
1774015050302235200,1774015050297630720,1.346,2.322,0.565,4.233,0.025,4.258
1774015050322722688,1774015050317558464,0.514,2.836,0.056,3.406,1.211,4.616
1774015050352117984,1774015050347613536,0.940,2.394,0.021,3.355,0.539,3.895
1774015050373191648,1774015050367530528,0.795,3.077,0.611,4.483,0.820,5.303
1774015050402428992,1774015050397576768,0.073,3.233,0.416,3.721,0.395,4.116
1774015050423790720,1774015050417526656,0.909,3.105,0.030,4.045,1.911,5.956
1774015050457711008,1774015050447695392,6.340,2.573,0.186,9.100,0.448,9.548
1774015050473049408,1774015050467542688,1.116,3.538,0.021,4.675,0.477,5.153
1774015050501698880,1774015050497694304,0.026,2.121,0.186,2.333,0.512,2.845
1774015050525174496,1774015050517919104,0.471,5.537,0.431,6.439,0.394,6.833
1774015050552174464,1774015050547549344,0.897,2.574,0.513,3.983,0.311,4.295
1774015050573604704,1774015050567543200,0.514,3.426,0.752,4.692,1.016,5.708
1774015050602840128,1774015050597632320,0.817,2.874,0.520,4.211,0.715,4.926
1774015050623465888,1774015050617553312,0.929,3.052,0.943,4.924,0.608,5.532
1774015050652943168,1774015050647632032,1.017,3.229,0.019,4.265,0.535,4.800
1774015050672905408,1774015050667611712,1.431,2.042,0.684,4.157,0.853,5.010
1774015050704349152,1774015050698170944,0.026,1.791,0.239,2.056,0.801,2.857
1774015050722832992,1774015050717520928,0.710,3.239,0.851,4.799,0.131,4.930
1774015050752344032,1774015050747564320,1.396,2.166,0.317,3.879,0.581,4.460
1774015050772137216,1774015050767596704,1.096,2.354,0.017,3.467,0.705,4.173
1774015050802835552,1774015050797755520,0.894,2.419,0.570,3.883,0.892,4.775
1774015050822570176,1774015050817746432,0.795,2.760,0.472,4.027,0.460,4.487
1774015050852896544,1774015050848095488,1.117,2.892,0.017,4.026,0.446,4.473
1774015050872219744,1774015050867594112,1.098,2.493,0.334,3.924,0.242,4.167
1774015050901509184,1774015050897590176,0.812,2.290,0.141,3.244,0.372,3.615
1774015050923851712,1774015050917745536,0.953,3.483,0.856,5.291,0.429,5.721
1774015050953237504,1774015050947533728,2.188,2.973,0.021,5.182,0.125,5.307
1774015050973521088,1774015050967505120,1.226,3.530,0.478,5.235,0.473,5.708
1774015051002118272,1774015050997504064,1.814,1.886,0.421,4.121,0.195,4.316
1774015051022732160,1774015051017673984,0.777,3.145,0.200,4.122,0.622,4.744
1774015051052652160,1774015051047603008,0.620,3.011,0.414,4.045,0.461,4.506
1774015051073488064,1774015051067531616,1.211,1.863,2.374,5.448,0.021,5.469
1774015051102308896,1774015051097541600,0.994,2.594,0.318,3.906,0.511,4.417
1774015051121931840,1774015051117680800,1.674,1.902,0.020,3.596,0.191,3.788
1774015051154502848,1774015051147535968,1.914,3.962,0.284,6.160,0.277,6.437
1774015051171537280,1774015051167609888,0.496,2.735,0.164,3.395,0.249,3.644
1774015051204445536,1774015051197560224,1.487,2.489,1.495,5.471,0.532,6.003
1774015051221976320,1774015051217518400,0.539,3.140,0.124,3.803,0.335,4.138
1774015051251585696,1774015051247554080,0.904,2.375,0.023,3.302,0.298,3.600
1774015051271726400,1774015051267543872,0.024,0.016,0.010,0.051,0.315,0.366
1774015051302912192,1774015051297538784,0.322,2.385,0.439,3.145,1.731,4.877
1774015051322718848,1774015051317560992,0.567,3.802,0.019,4.387,0.453,4.840
1774015051352289664,1774015051347820640,0.461,2.891,0.261,3.612,0.443,4.055
1774015051372595616,1774015051367462560,0.421,3.911,0.415,4.747,0.022,4.769
1774015051397657056,1774015051392093248,1.808,2.438,0.249,4.496,0.419,4.914
1774015051422832608,1774015051417457568,1.268,2.724,0.921,4.913,0.141,5.054
1774015051452031552,1774015051447456192,1.256,2.797,0.015,4.068,0.122,4.190
1774015051473398144,1774015051467888640,1.662,2.454,0.269,4.384,0.749,5.133
1774015051502904928,1774015051497876448,1.615,2.558,0.109,4.282,0.251,4.532
1774015051522186240,1774015051517497568,0.807,3.468,0.019,4.293,0.015,4.308
1774015051551730240,1774015051547525952,0.695,2.542,0.366,3.603,0.273,3.876
1774015051572764512,1774015051567577600,1.574,2.963,0.010,4.547,0.284,4.831
1774015051602961440,1774015051598072704,1.491,1.866,0.336,3.694,0.701,4.394
1774015051622287328,1774015051617859200,0.636,3.190,0.022,3.848,0.215,4.063
1774015051672256800,1774015051667549152,0.729,3.322,0.017,4.068,0.293,4.361
1774015051701869120,1774015051697672064,0.355,2.541,0.634,3.530,0.341,3.871
1774015051721839392,1774015051717515712,0.414,3.017,0.017,3.448,0.583,4.031
1774015051751760160,1774015051747561792,0.407,2.576,0.469,3.453,0.375,3.828
1774015051772890016,1774015051767441536,2.627,2.412,0.016,5.055,0.052,5.107
1774015051801831520,1774015051797504224,1.128,2.451,0.016,3.595,0.354,3.949
1774015051821730016,1774015051817569312,1.097,2.022,0.150,3.269,0.555,3.824
1774015051852626048,1774015051847517632,1.286,2.723,0.207,4.216,0.498,4.715
1774015051872454240,1774015051867532128,1.424,2.070,0.461,3.955,0.593,4.547
1774015051901840704,1774015051897558272,0.786,2.610,0.143,3.539,0.377,3.916
1774015051923088896,1774015051917509056,0.446,2.624,1.881,4.951,0.311,5.262
1774015051956969792,1774015051947580192,0.037,0.150,2.864,3.051,0.024,3.074
1774015051975784512,1774015051970483456,0.030,1.788,0.050,1.869,1.070,2.938
1774015052016853920,1774015051999647232,1.122,2.450,4.195,7.768,8.454,16.222
1774015052034801920,1774015052027640160,3.177,3.157,0.018,6.352,0.009,6.361
1774015052052314624,1774015052047617472,0.436,2.867,0.262,3.566,0.732,4.297
1774015052081698048,1774015052077587072,0.386,2.982,0.096,3.464,0.282,3.747
1774015052102100288,1774015052097499808,0.394,3.439,0.049,3.882,0.407,4.290
1774015052135677632,1774015052127599648,0.667,2.818,4.220,7.704,0.027,7.731
1774015052152299648,1774015052147520416,0.845,2.470,0.565,3.879,0.539,4.418
1774015052183156992,1774015052177509504,0.021,2.560,1.052,3.634,1.114,4.748
1774015052201934848,1774015052197540512,0.346,3.017,0.443,3.806,0.293,4.099
1774015052232870752,1774015052227805184,1.454,2.050,0.765,4.270,0.495,4.765
1774015052255963232,1774015052247493408,3.972,3.566,0.015,7.553,0.011,7.564
1774015052283599520,1774015052277564000,0.474,4.216,0.221,4.911,0.755,5.666
1774015052301986240,1774015052297458816,1.053,2.415,0.418,3.886,0.206,4.092
1774015052333486336,1774015052327496992,0.881,4.237,0.165,5.282,0.367,5.649
1774015052351667232,1774015052347560736,0.386,2.458,0.133,2.976,0.678,3.654
1774015052383604736,1774015052377365408,1.869,2.924,0.508,5.301,0.466,5.767
1774015052402933376,1774015052397799328,1.697,2.708,0.021,4.426,0.395,4.821
1774015052431928640,1774015052427380800,0.569,2.532,1.122,4.223,0.038,4.261
1774015052451904832,1774015052447483168,0.673,2.743,0.417,3.833,0.276,4.109
1774015052482768544,1774015052477369824,0.870,2.567,1.191,4.628,0.453,5.080
1774015052503737024,1774015052497467168,1.741,2.708,0.338,4.787,0.853,5.640
1774015052533835680,1774015052527404288,0.946,4.479,0.042,5.468,0.569,6.036
1774015052552330400,1774015052547491904,0.658,2.756,0.015,3.429,1.110,4.539
1774015052581867040,1774015052577409184,1.105,1.753,0.403,3.261,0.837,4.098
1774015052602398784,1774015052597541440,0.023,2.383,1.378,3.784,0.024,3.809
1774015052631802272,1774015052627661088,0.512,2.989,0.018,3.519,0.330,3.849
1774015052652014944,1774015052647533248,0.546,2.863,0.284,3.693,0.355,4.049
1774015052682250624,1774015052677529920,0.615,2.832,0.907,4.354,0.022,4.375
1774015052702171008,1774015052697491296,0.933,2.826,0.605,4.365,0.021,4.386
1774015052735233664,1774015052727527008,3.412,3.695,0.017,7.124,0.230,7.354
1774015052754394656,1774015052747397888,1.197,4.418,0.178,5.793,0.759,6.551
1774015052782216736,1774015052777517024,0.827,2.515,0.019,3.360,0.964,4.325
1774015052802774368,1774015052797367168,0.712,2.542,0.354,3.608,1.137,4.745
1774015052831912160,1774015052827492032,0.363,2.632,0.433,3.428,0.629,4.058
1774015052853689696,1774015052847489184,1.380,2.800,1.003,5.182,0.682,5.864
1774015052882407648,1774015052877524288,0.655,2.713,0.456,3.824,0.766,4.590
1774015052901411264,1774015052897433280,0.390,2.491,0.168,3.048,0.412,3.460
1774015052934293952,1774015052927497472,1.190,3.293,1.074,5.557,0.862,6.419
1774015052952222144,1774015052947973184,0.489,2.553,0.588,3.630,0.174,3.804
1774015052982344160,1774015052977469664,0.510,3.443,0.320,4.272,0.287,4.559
1774015053001794912,1774015052997616832,0.601,2.422,0.283,3.306,0.544,3.850
1774015053031900480,1774015053027479040,0.670,2.465,0.489,3.623,0.432,4.055
1774015053051758176,1774015053047477280,1.276,2.223,0.018,3.516,0.446,3.962
1774015053082269632,1774015053077446784,0.482,3.208,0.056,3.747,0.764,4.511
1774015053103584192,1774015053097502016,1.118,3.345,0.233,4.696,1.037,5.733
1774015053133579392,1774015053127405632,0.540,4.453,0.206,5.198,0.330,5.528
1774015053153126144,1774015053147467072,1.725,2.904,0.060,4.689,0.361,5.050
1774015053185032640,1774015053177678752,2.135,3.386,0.092,5.614,1.147,6.761
1774015053202228960,1774015053197482240,1.097,2.312,0.527,3.935,0.454,4.390
1774015053233123776,1774015053227664960,0.019,2.943,1.084,4.047,0.552,4.599
1774015053253349024,1774015053247479840,2.431,2.752,0.017,5.201,0.369,5.570
1774015053279517184,1774015053274177632,0.433,3.078,0.298,3.809,1.218,5.027
1774015053301915680,1774015053297572352,1.297,2.733,0.016,4.045,0.011,4.056
1774015053333359616,1774015053327605472,1.528,3.017,0.327,4.872,0.539,5.412
1774015053352149184,1774015053347490144,1.316,2.617,0.018,3.951,0.400,4.351
1774015053383161696,1774015053376824416,1.917,2.458,0.674,5.049,0.819,5.868
1774015053402000096,1774015053397526784,0.072,2.703,0.330,3.105,0.266,3.371
1774015053432679072,1774015053427476480,0.630,3.446,0.622,4.698,0.244,4.943
1774015053452042752,1774015053447459360,1.195,1.884,0.255,3.334,0.933,4.267
1774015053481749184,1774015053477459712,1.715,1.978,0.017,3.711,0.238,3.948
1774015053501993248,1774015053497459392,1.099,2.529,0.221,3.848,0.300,4.147
1774015053533208608,1774015053527486912,1.996,2.502,0.604,5.103,0.250,5.353
1774015053552230912,1774015053548249600,0.815,2.676,0.019,3.510,0.155,3.666
1774015053582166528,1774015053577472128,0.487,2.862,0.019,3.369,0.948,4.316
1774015053601556416,1774015053597440960,0.353,2.551,0.052,2.956,0.826,3.782
1774015053632426752,1774015053627473312,0.421,3.134,0.330,3.885,0.713,4.598
1774015053652922688,1774015053647468928,1.313,2.884,0.263,4.459,0.535,4.994
1774015053683183552,1774015053677635328,0.798,1.593,0.948,3.340,1.074,4.414
1774015053701520512,1774015053697463360,0.755,2.020,0.441,3.216,0.447,3.663
1774015053731789344,1774015053727478400,0.234,3.025,0.024,3.283,0.462,3.745
1774015053752124448,1774015053747484096,1.074,2.053,0.787,3.914,0.318,4.232
1774015053782189664,1774015053777453504,0.723,3.055,0.020,3.798,0.586,4.383
1774015053802094912,1774015053797516192,0.538,2.427,0.549,3.514,0.495,4.009
1774015053832720896,1774015053827464640,0.576,3.355,0.749,4.680,0.251,4.931
1774015053851792320,1774015053847468160,1.368,1.640,0.463,3.471,0.445,3.916
1774015053881469312,1774015053877405600,0.569,3.007,0.016,3.592,0.187,3.779
1774015053905499712,1774015053897435136,2.268,5.044,0.170,7.483,0.255,7.738
1774015053933273248,1774015053927451296,0.561,3.109,1.428,5.098,0.222,5.320
1774015053951659584,1774015053947461376,0.793,2.492,0.058,3.343,0.483,3.825
1774015053984583200,1774015053977514304,0.403,2.499,3.502,6.404,0.231,6.635
1774015054002473824,1774015053997639264,0.213,2.910,0.722,3.844,0.212,4.057
1774015054032428672,1774015054027682688,0.975,2.899,0.261,4.135,0.279,4.415
1774015054055658816,1774015054047645152,0.071,3.136,3.268,6.475,0.347,6.822
1774015054082367232,1774015054077691424,0.725,2.909,0.335,3.970,0.430,4.400
1774015054102029056,1774015054097538016,0.440,2.975,0.400,3.816,0.301,4.117
1774015054131643936,1774015054127651936,0.898,2.097,0.459,3.454,0.020,3.474
1774015054152943328,1774015054147528896,0.559,2.641,0.724,3.923,1.188,5.111
1774015054186219072,1774015054177489344,1.057,1.869,4.087,7.013,1.278,8.291
1774015054201736256,1774015054197471040,0.035,2.488,0.189,2.712,0.333,3.045
1774015054231932384,1774015054227529824,0.809,2.996,0.015,3.820,0.302,4.122
1774015054251805664,1774015054247461152,1.102,1.921,0.456,3.479,0.473,3.952
1774015054284618336,1774015054277476480,0.017,2.500,3.065,5.582,0.648,6.230
1774015054307230304,1774015054302660544,1.795,2.123,0.020,3.938,0.279,4.217
1774015054332133696,1774015054327455520,0.968,3.027,0.028,4.024,0.282,4.305
1774015054362709536,1774015054357573440,0.237,3.189,0.346,3.772,0.781,4.553
1774015054385981152,1774015054377583872,4.645,2.342,1.044,8.030,0.023,8.054
1774015054411557728,1774015054404966816,0.475,4.557,0.226,5.258,0.440,5.699
1774015054434423712,1774015054427522816,1.332,4.431,0.018,5.780,0.593,6.373
1774015054462509920,1774015054457533376,1.364,2.348,0.269,3.980,0.598,4.578
1774015054481656832,1774015054477490208,1.285,2.225,0.018,3.529,0.185,3.714
1774015054512850528,1774015054507553440,0.836,2.762,0.298,3.896,0.827,4.724
1774015054533314784,1774015054527517088,0.239,3.958,0.020,4.216,0.411,4.627
1774015054562691584,1774015054557659744,1.103,2.304,0.517,3.924,0.698,4.622
1774015054582723808,1774015054577543712,1.146,2.486,0.295,3.928,0.414,4.341
1774015054603467392,1774015054597420448,1.313,3.194,1.184,5.691,0.025,5.716
1774015054634067072,1774015054627471936,1.589,3.609,0.278,5.475,0.771,6.246
1774015054653766208,1774015054647448448,1.756,3.165,0.415,5.336,0.433,5.769
1774015054682889728,1774015054677442912,0.532,3.794,0.562,4.889,0.183,5.072
1774015054702644000,1774015054697678944,0.618,3.184,0.018,3.821,0.356,4.178
1774015054732926528,1774015054727598464,1.678,2.851,0.138,4.666,0.374,5.041
1774015054752301920,1774015054747477408,0.643,3.290,0.016,3.950,0.397,4.346
1774015054781827712,1774015054777468192,1.520,1.465,0.061,3.046,0.547,3.592
1774015054803280576,1774015054797416672,1.747,2.659,0.493,4.899,0.486,5.385
1774015054832846656,1774015054827451264,0.024,0.014,0.152,0.189,1.273,1.462
1774015054853620128,1774015054847423712,0.348,2.603,2.503,5.454,0.333,5.787
1774015054882955904,1774015054877376736,0.337,3.865,0.345,4.547,0.520,5.066
1774015054904196736,1774015054897879648,0.988,4.108,0.286,5.382,0.228,5.610
1774015054932894400,1774015054927508416,0.896,3.284,0.461,4.642,0.343,4.985
1774015054952147072,1774015054947541824,0.074,2.821,0.925,3.821,0.018,3.839
1774015054982613088,1774015054977654944,0.642,3.575,0.018,4.235,0.333,4.568
1774015055001705664,1774015054997623744,0.113,2.549,0.187,2.850,0.371,3.221
1774015055032382080,1774015055027426272,1.763,1.812,0.200,3.775,0.864,4.640
1774015055051664224,1774015055047418880,0.724,3.116,0.019,3.859,0.014,3.874
1774015055081914496,1774015055077443904,0.558,2.783,0.064,3.406,0.632,4.038
1774015055102195328,1774015055097432960,0.774,2.466,0.218,3.458,0.870,4.328
1774015055132539648,1774015055127502688,0.249,3.149,0.417,3.815,0.573,4.388
1774015055152966240,1774015055147506976,1.038,2.889,0.487,4.415,0.658,5.073
1774015055182337792,1774015055177438560,0.544,2.778,0.248,3.570,0.918,4.488
1774015055201509440,1774015055197428000,0.597,3.061,0.024,3.682,0.059,3.741
1774015055232355104,1774015055227474496,0.512,2.762,0.998,4.271,0.165,4.436
1774015055254200992,1774015055247475680,2.038,2.620,0.673,5.330,1.010,6.340
1774015055281875200,1774015055277502720,1.468,1.550,0.909,3.926,0.064,3.990
1774015055304565824,1774015055297551904,1.791,4.253,0.293,6.338,0.286,6.624
1774015055333090464,1774015055327563008,1.227,2.829,0.846,4.902,0.021,4.923
1774015055351532128,1774015055347442496,0.464,2.418,0.424,3.306,0.470,3.775
1774015055383631712,1774015055377435904,1.003,3.133,1.284,5.420,0.218,5.638
1774015055407418240,1774015055397498688,2.807,1.819,0.304,4.930,4.549,9.479
1774015055432828544,1774015055427450816,0.988,3.167,0.017,4.173,0.852,5.025
1774015055451638304,1774015055447426400,0.640,2.349,0.048,3.037,0.878,3.915
1774015055481722336,1774015055477586400,0.461,2.690,0.475,3.626,0.173,3.799
1774015055511868000,1774015055507431904,0.345,2.721,0.120,3.186,0.782,3.968
1774015055536340640,1774015055527465472,5.204,2.893,0.126,8.223,0.252,8.476
1774015055561832544,1774015055557643808,1.039,2.735,0.054,3.827,0.013,3.840
1774015055581880608,1774015055577456832,1.297,1.975,0.499,3.771,0.354,4.125
1774015055612118336,1774015055607436416,1.651,1.422,0.157,3.230,1.040,4.270
1774015055632694720,1774015055627445664,0.613,2.989,0.652,4.254,0.611,4.865
1774015055661246272,1774015055657408352,1.157,1.779,0.487,3.424,0.051,3.475
1774015055681595616,1774015055677397568,1.021,2.288,0.291,3.601,0.256,3.857
1774015055711482016,1774015055707536352,0.413,2.785,0.312,3.510,0.103,3.613
1774015055731379648,1774015055727461312,0.420,2.812,0.017,3.249,0.337,3.586
1774015055765027264,1774015055757451840,3.255,3.063,0.020,6.339,0.919,7.257
1774015055782260928,1774015055777433504,1.637,2.186,0.391,4.214,0.269,4.483
1774015055811463872,1774015055807472928,0.536,2.550,0.269,3.355,0.301,3.656
1774015055835329120,1774015055827431584,0.535,3.630,3.237,7.402,0.208,7.611
1774015055861808032,1774015055857386400,0.813,2.632,0.018,3.462,0.548,4.010
1774015055883772864,1774015055877323072,0.634,3.236,0.507,4.377,1.700,6.077
1774015055912596608,1774015055907443072,1.469,1.975,0.777,4.221,0.383,4.605
1774015055933311584,1774015055927332896,0.716,3.425,0.807,4.948,0.650,5.599
1774015055963137728,1774015055957938752,0.728,3.549,0.277,4.554,0.257,4.812
1774015055981969088,1774015055977606784,0.933,1.866,0.505,3.304,0.530,3.834
1774015056011939872,1774015056007614624,0.019,2.247,0.304,2.570,0.660,3.230
1774015056031938400,1774015056027370432,0.381,2.604,0.461,3.447,0.777,4.223
1774015056061507168,1774015056057465824,0.658,2.424,0.329,3.411,0.297,3.708
1774015056082191648,1774015056077397920,0.584,3.531,0.131,4.246,0.262,4.508
1774015056116075392,1774015056107416032,2.522,2.612,0.701,5.835,2.188,8.023
1774015056134112576,1774015056128512800,1.676,2.626,0.598,4.900,0.312,5.211
1774015056162103264,1774015056157420800,1.196,2.877,0.248,4.321,0.046,4.367
1774015056182175360,1774015056177495744,0.579,2.312,0.328,3.219,1.155,4.374
1774015056212006464,1774015056207438528,1.831,1.802,0.362,3.995,0.239,4.234
1774015056233117568,1774015056227436224,0.283,3.510,0.893,4.685,0.579,5.264
1774015056263052128,1774015056257503744,0.356,4.330,0.016,4.703,0.456,5.159
1774015056278633280,1774015056274169440,0.390,2.600,0.888,3.878,0.313,4.191
1774015056310046560,1774015056304909216,1.067,2.797,0.521,4.386,0.384,4.769
1774015056332317024,1774015056327479936,0.411,2.659,0.831,3.901,0.630,4.531
1774015056365567648,1774015056357524672,1.547,5.905,0.020,7.472,0.017,7.489
1774015056381857760,1774015056375989344,2.011,2.507,0.017,4.535,0.362,4.897
1774015056413520384,1774015056407476608,2.570,3.156,0.017,5.743,0.021,5.764
1774015056432053088,1774015056427425024,0.080,1.689,0.487,2.255,0.478,2.733
1774015056461491744,1774015056457350400,0.536,2.760,0.192,3.487,0.309,3.797
1774015056482812672,1774015056477403360,1.516,1.319,1.319,4.154,0.588,4.742
1774015056512132544,1774015056507422880,0.860,3.089,0.015,3.964,0.430,4.394
1774015056531840960,1774015056527475808,0.669,2.505,0.195,3.369,0.676,4.046
1774015056562537504,1774015056557429344,0.814,2.748,0.321,3.882,0.900,4.783
1774015056581571584,1774015056577406592,0.020,2.426,0.991,3.436,0.017,3.454
1774015056612881920,1774015056607411392,0.852,2.639,0.718,4.209,0.436,4.646
1774015056632527264,1774015056627736864,0.474,2.962,0.018,3.454,0.461,3.915
1774015056662242720,1774015056657469408,0.951,2.675,0.138,3.763,0.700,4.463
1774015056681698400,1774015056677480928,0.612,3.016,0.018,3.647,0.295,3.941
1774015056711803296,1774015056707454208,0.022,2.656,0.018,2.696,0.349,3.045
1774015056732076416,1774015056727495744,1.006,2.275,0.134,3.414,0.836,4.250
1774015056761448512,1774015056757406976,1.121,1.901,0.147,3.169,0.392,3.561
1774015056781752384,1774015056777386752,1.181,1.861,0.495,3.537,0.500,4.037
1774015056811965952,1774015056807426720,0.785,2.785,0.197,3.767,0.475,4.242
1774015056833893408,1774015056827460672,0.927,4.548,0.164,5.639,0.391,6.031
1774015056861615744,1774015056857403488,0.574,2.606,0.249,3.429,0.510,3.940
1774015056881720608,1774015056877330464,0.325,2.978,0.459,3.762,0.277,4.039
1774015056911752704,1774015056907420160,0.286,2.756,0.488,3.530,0.297,3.827
1774015056931888352,1774015056927411008,0.424,2.762,0.145,3.332,0.803,4.135
1774015056961892032,1774015056957537408,0.390,2.978,0.170,3.538,0.228,3.767
1774015056981640192,1774015056977474368,0.618,2.700,0.175,3.493,0.304,3.797
1774015057011836608,1774015057007426784,0.726,2.498,0.202,3.425,0.681,4.106
1774015057033624896,1774015057027431136,1.579,3.385,0.480,5.444,0.014,5.457
1774015057063178624,1774015057057392576,0.358,2.697,1.694,4.749,0.622,5.371
1774015057082089184,1774015057077432032,0.762,2.746,0.179,3.686,0.302,3.988
1774015057111679072,1774015057107430432,0.426,3.093,0.016,3.535,0.327,3.862
1774015057131831328,1774015057127498176,0.599,3.165,0.017,3.782,0.274,4.055
1774015057162197568,1774015057157402880,1.067,2.241,0.269,3.577,0.746,4.322
1774015057185795136,1774015057177476640,1.050,2.348,3.738,7.136,0.858,7.994
1774015057211778560,1774015057207437728,0.018,2.375,0.333,2.725,0.628,3.354
1774015057232069216,1774015057227427488,0.573,2.800,0.614,3.987,0.304,4.291
1774015057265885568,1774015057257403200,3.955,3.157,0.147,7.259,0.451,7.710
1774015057281562464,1774015057277377664,0.021,2.821,0.019,2.861,0.517,3.378
1774015057307784384,1774015057302665792,0.675,3.741,0.027,4.443,0.015,4.458
1774015057331978080,1774015057327458048,0.786,2.444,0.229,3.459,0.766,4.225
1774015057362154048,1774015057357420768,1.311,2.480,0.051,3.842,0.546,4.388
1774015057381942080,1774015057377458816,0.598,2.828,0.255,3.682,0.151,3.833
1774015057410792832,1774015057404790848,0.971,3.681,0.719,5.371,0.321,5.692
1774015057434043040,1774015057427648256,1.682,3.696,0.018,5.395,0.694,6.089
1774015057462097344,1774015057457654272,0.021,3.255,0.021,3.298,0.340,3.638
1774015057482297824,1774015057477485824,0.798,2.762,0.170,3.731,0.735,4.466
1774015057515867776,1774015057507421568,0.727,3.769,0.020,4.517,3.582,8.098
1774015057532206240,1774015057527394944,0.660,2.827,0.453,3.939,0.439,4.378
1774015057562477024,1774015057557418080,0.514,2.697,0.060,3.272,1.399,4.671
1774015057581830592,1774015057577442656,0.415,2.651,0.366,3.433,0.614,4.047
1774015057618453280,1774015057607424320,0.879,2.634,5.337,8.850,1.731,10.581
1774015057633159808,1774015057627458336,0.417,3.927,0.655,4.998,0.348,5.346
1774015057661520192,1774015057657415488,0.556,2.955,0.080,3.591,0.183,3.774
1774015057682373856,1774015057677378656,0.518,3.476,0.018,4.012,0.503,4.516
1774015057712683840,1774015057707495456,1.357,2.306,0.826,4.489,0.336,4.825
1774015057732811808,1774015057727462176,0.496,2.673,1.393,4.562,0.355,4.917
1774015057762016448,1774015057757431712,0.777,2.696,0.327,3.800,0.478,4.279
1774015057793113312,1774015057787557984,0.652,3.681,0.593,4.925,0.207,5.132
1774015057812146560,1774015057807424320,0.995,2.628,0.257,3.880,0.163,4.044
1774015057842984800,1774015057837484512,1.159,3.090,0.243,4.492,0.696,5.188
1774015057862436384,1774015057857388000,0.560,3.052,0.733,4.345,0.399,4.744
1774015057892404832,1774015057887318112,2.449,1.973,0.018,4.440,0.196,4.635
1774015057912276960,1774015057907404800,0.850,2.942,0.700,4.492,0.018,4.510
1774015057942190432,1774015057937337152,0.206,2.636,0.572,3.414,0.764,4.178
1774015057961831008,1774015057957357888,0.697,2.751,0.472,3.919,0.169,4.089
1774015057991838048,1774015057987356992,0.839,2.381,0.301,3.520,0.660,4.180
1774015058012803168,1774015058007603552,1.125,2.136,0.056,3.317,0.892,4.209
1774015058041682752,1774015058037355520,0.538,2.683,0.289,3.510,0.475,3.985
1774015058061540192,1774015058057556608,1.706,1.699,0.018,3.423,0.290,3.714
1774015058092024096,1774015058087552704,0.564,2.674,0.786,4.025,0.021,4.046
1774015058112277856,1774015058107405280,1.050,2.721,0.573,4.344,0.156,4.500
1774015058145837120,1774015058137427520,2.273,4.230,0.537,7.040,0.917,7.957
1774015058163327904,1774015058157355712,0.419,3.277,1.363,5.058,0.551,5.609
1774015058193389568,1774015058187393696,0.020,4.369,0.510,4.900,0.268,5.167
1774015058211230400,1774015058207410880,0.551,2.912,0.013,3.477,0.011,3.487
1774015058241508832,1774015058237354240,0.459,2.654,0.543,3.655,0.238,3.893
1774015058264036960,1774015058257484640,1.010,4.105,0.299,5.414,0.837,6.252
1774015058293737216,1774015058287464128,0.830,2.570,0.048,3.448,1.487,4.935
1774015058311679552,1774015058307519744,1.281,1.859,0.213,3.353,0.496,3.848
1774015058332427488,1774015058327386400,0.781,2.604,0.417,3.801,0.913,4.714
1774015058361825120,1774015058357383936,0.675,2.780,0.333,3.787,0.235,4.022
1774015058381772128,1774015058377255328,0.917,2.954,0.024,3.895,0.204,4.098
1774015058417365152,1774015058407389472,0.918,4.862,3.701,9.481,0.023,9.504
1774015058432893536,1774015058427675072,1.537,2.216,0.470,4.223,0.607,4.830
1774015058461991200,1774015058457390592,1.661,2.046,0.125,3.832,0.424,4.256
1774015058482666400,1774015058477584000,0.541,2.557,0.967,4.065,0.493,4.558
1774015058512442048,1774015058507499808,1.122,2.681,0.834,4.636,0.020,4.656
1774015058531861216,1774015058527427456,1.191,2.632,0.176,3.999,0.085,4.084
1774015058561693856,1774015058557435776,0.500,2.513,0.230,3.242,0.621,3.864
1774015058581871968,1774015058577310016,0.504,2.787,0.800,4.091,0.056,4.147
1774015058611412800,1774015058607392256,0.238,2.481,0.204,2.923,0.317,3.240
1774015058633095264,1774015058627464736,1.760,2.854,0.133,4.746,0.453,5.200
1774015058662313952,1774015058657377792,0.959,2.849,0.416,4.224,0.429,4.653
1774015058683200640,1774015058677535616,1.019,3.311,0.673,5.003,0.381,5.384
1774015058712294240,1774015058707401344,0.538,2.567,0.579,3.685,0.895,4.579
1774015058732303040,1774015058727497760,0.797,2.535,0.618,3.951,0.555,4.506
1774015058763943296,1774015058758494784,0.510,3.488,0.680,4.678,0.437,5.115
1774015058781959680,1774015058777557888,0.678,2.895,0.017,3.590,0.480,4.070
1774015058811838432,1774015058807392960,0.305,3.185,0.049,3.539,0.366,3.905
1774015058832041120,1774015058827546304,0.794,2.573,0.448,3.814,0.322,4.135
1774015058868063392,1774015058857367200,5.281,4.345,0.019,9.645,0.646,10.290
1774015058881890432,1774015058877337536,0.656,2.711,0.063,3.430,0.745,4.176
1774015058915333664,1774015058907391712,0.480,3.678,0.257,4.415,3.197,7.612
1774015058931808896,1774015058927382848,0.581,2.527,0.337,3.445,0.640,4.085
1774015058967432096,1774015058957556160,1.756,7.599,0.024,9.379,0.016,9.395
1774015058982101248,1774015058977648320,0.552,2.885,0.354,3.791,0.329,4.120
1774015059011794272,1774015059007393856,0.861,2.573,0.489,3.924,0.142,4.067
1774015059041669408,1774015059037351168,0.023,2.624,0.230,2.877,0.461,3.338
1774015059061916384,1774015059057339968,0.913,2.747,0.218,3.878,0.231,4.109
1774015059092157504,1774015059087423552,0.538,3.301,0.206,4.046,0.315,4.361
1774015059115827488,1774015059107361312,0.382,4.191,2.681,7.254,0.885,8.138
1774015059145192384,1774015059137337984,0.494,3.441,3.335,7.270,0.282,7.553
1774015059161700128,1774015059157314208,0.396,3.227,0.007,3.629,0.412,4.041
1774015059191625312,1774015059187358560,0.656,2.552,0.271,3.479,0.431,3.910
1774015059218059328,1774015059207391552,0.025,5.145,0.587,5.757,1.953,7.709
1774015059243615072,1774015059237339072,2.264,3.017,0.015,5.296,0.412,5.708
1774015059262216160,1774015059257404896,0.246,3.144,0.120,3.511,0.397,3.908
1774015059292034400,1774015059287727744,0.744,2.385,0.253,3.383,0.291,3.674
1774015059315451456,1774015059307309472,0.026,6.547,0.021,6.595,0.015,6.610
1774015059344786528,1774015059337335488,0.624,2.549,3.512,6.685,0.365,7.050
1774015059361406848,1774015059357312896,0.753,2.975,0.015,3.742,0.013,3.756
1774015059393742016,1774015059387287328,2.436,2.881,0.787,6.105,0.021,6.126
1774015059412215040,1774015059407321344,0.402,3.456,0.445,4.302,0.218,4.520
1774015059442826624,1774015059437311872,0.022,3.245,0.020,3.287,0.938,4.225
1774015059462379264,1774015059457441824,0.863,2.418,0.303,3.584,1.039,4.624
1774015059492636160,1774015059487439072,0.634,3.672,0.016,4.321,0.485,4.806
1774015059511792256,1774015059507354496,0.871,2.378,0.566,3.815,0.229,4.044
1774015059541467104,1774015059537367776,0.457,3.017,0.281,3.755,0.015,3.770
1774015059563921312,1774015059557335008,0.772,4.681,0.329,5.782,0.365,6.147
1774015059592393728,1774015059587397920,0.503,2.650,0.247,3.400,1.283,4.682
1774015059611194624,1774015059607370176,0.684,2.383,0.216,3.283,0.253,3.536
1774015059642892128,1774015059637437824,0.733,3.138,0.380,4.251,0.743,4.994
1774015059662857984,1774015059657351008,0.744,3.280,0.603,4.627,0.587,5.214
1774015059691478336,1774015059687386048,0.583,2.520,0.236,3.338,0.417,3.754
1774015059714156224,1774015059707379488,2.108,3.222,0.237,5.567,0.827,6.395
1774015059741720288,1774015059737415328,1.116,2.004,0.594,3.715,0.300,4.014
1774015059761957888,1774015059757319584,1.133,2.404,0.459,3.996,0.238,4.233
1774015059792495936,1774015059787370784,1.118,3.365,0.056,4.540,0.258,4.798
1774015059816274368,1774015059807435776,1.567,3.677,2.906,8.150,0.019,8.169
1774015059842254368,1774015059837399072,0.069,2.707,0.518,3.295,0.726,4.020
1774015059861422176,1774015059857416032,0.019,2.365,0.087,2.472,0.581,3.052
1774015059892452832,1774015059887457824,0.578,3.298,0.152,4.028,0.568,4.595
1774015059916230624,1774015059907361824,0.551,2.663,0.374,3.589,4.908,8.497
1774015059942039264,1774015059937326496,0.753,3.190,0.016,3.959,0.378,4.337
1774015059961915392,1774015059957409600,1.201,2.150,0.608,3.959,0.179,4.138
1774015059991784928,1774015059987554464,0.711,2.891,0.119,3.721,0.049,3.771
1774015060011739648,1774015060007347936,0.721,2.525,0.120,3.366,0.197,3.563
1774015060043602528,1774015060037355744,0.505,3.988,1.053,5.545,0.332,5.877
1774015060063052448,1774015060057331936,0.654,3.692,0.996,5.342,0.021,5.363
1774015060091945536,1774015060087429792,0.685,2.870,0.311,3.865,0.244,4.109
1774015060111745536,1774015060107353152,0.733,2.567,0.251,3.550,0.515,4.065
1774015060144465952,1774015060137421888,1.520,5.096,0.022,6.638,0.014,6.652
1774015060162045120,1774015060157403200,0.020,3.235,0.018,3.274,0.100,3.374
1774015060192871072,1774015060187437888,0.632,2.601,0.222,3.454,0.596,4.050
1774015060213092384,1774015060207384896,0.624,3.952,0.362,4.939,0.429,5.368
1774015060243305664,1774015060237464096,1.100,2.480,1.182,4.762,0.753,5.515
1774015060262599584,1774015060257497728,0.898,2.081,0.793,3.772,0.817,4.589
1774015060292456000,1774015060287555840,0.385,3.042,0.464,3.892,0.505,4.397
1774015060312897088,1774015060307398432,0.906,2.584,0.399,3.889,1.207,5.096
1774015060344196160,1774015060337334336,1.021,3.952,0.801,5.774,0.585,6.359
1774015060361907392,1774015060357323584,0.642,2.588,0.540,3.770,0.453,4.224
1774015060393633952,1774015060387306880,0.480,3.612,0.021,4.113,1.802,5.915
1774015060418239680,1774015060407189728,2.715,7.314,0.021,10.050,0.635,10.685
1774015060444716032,1774015060437423808,3.085,3.299,0.059,6.443,0.521,6.964
1774015060461810432,1774015060457403456,0.402,2.516,0.273,3.190,0.718,3.908
1774015060491860992,1774015060487399136,0.397,3.331,0.017,3.745,0.341,4.086
1774015060511944960,1774015060507348192,1.968,2.047,0.017,4.032,0.066,4.098
1774015060541914912,1774015060537328032,0.613,2.732,0.204,3.549,0.510,4.060
1774015060562957600,1774015060557323552,1.843,2.705,0.183,4.730,0.518,5.248
1774015060591514080,1774015060587341376,0.379,2.725,0.281,3.384,0.360,3.744
1774015060621571264,1774015060607448256,9.728,3.119,0.505,13.352,0.471,13.823
1774015060643402592,1774015060637603072,1.487,3.174,0.625,5.286,0.075,5.361
1774015060661151424,1774015060657316640,0.517,2.486,0.186,3.189,0.284,3.473
1774015060691689440,1774015060687418944,0.587,2.572,0.174,3.333,0.607,3.940
1774015060712468000,1774015060707340128,1.249,1.939,1.609,4.797,0.021,4.818
1774015060742197216,1774015060737313184,1.680,2.814,0.017,4.511,0.014,4.525
1774015060762449888,1774015060757368896,1.628,2.447,0.018,4.093,0.575,4.668
1774015060793026304,1774015060787331008,1.245,2.040,0.588,3.873,1.456,5.328
1774015060811233696,1774015060807366304,1.327,1.566,0.210,3.102,0.400,3.503
1774015060841824064,1774015060837575456,1.189,1.928,0.265,3.383,0.510,3.894
1774015060861672384,1774015060857388672,0.412,2.458,0.459,3.330,0.668,3.998
1774015060892132672,1774015060887334496,1.226,1.952,1.306,4.484,0.020,4.504
1774015060923326880,1774015060917435552,0.020,2.756,1.206,3.982,0.022,4.005
1774015060941780640,1774015060937379104,0.406,2.344,0.348,3.098,0.794,3.892
1774015060977648640,1774015060967425376,0.891,7.431,0.981,9.303,0.526,9.829
1774015060991433216,1774015060987392576,0.905,2.301,0.456,3.662,0.015,3.677
1774015061022717504,1774015061017594080,1.052,2.487,0.416,3.955,0.496,4.451
1774015061042954912,1774015061037547776,1.468,2.189,1.449,5.107,0.018,5.125
1774015061072710528,1774015061067393120,0.434,3.878,0.018,4.330,0.564,4.894
1774015061094158560,1774015061087332512,1.222,2.922,0.437,4.582,1.933,6.514
1774015061121756224,1774015061117291456,0.655,2.640,0.465,3.761,0.337,4.099
1774015061141558016,1774015061137321280,0.509,3.404,0.017,3.930,0.013,3.943
1774015061171809664,1774015061167379104,0.570,2.632,0.883,4.085,0.018,4.103
1774015061191940032,1774015061187360000,0.292,2.724,0.353,3.369,0.399,3.768
1774015061223642208,1774015061217641440,0.500,3.399,1.628,5.527,0.030,5.557
1774015061242214816,1774015061237417312,0.505,2.803,0.314,3.622,0.744,4.366
1774015061273377824,1774015061267355584,0.559,3.564,0.207,4.330,1.303,5.633
1774015061293943488,1774015061287504768,1.089,3.490,0.721,5.299,0.765,6.064
1774015061323971584,1774015061317387200,0.440,4.031,0.694,5.164,0.985,6.150
1774015061342055040,1774015061337298976,1.191,2.633,0.256,4.080,0.314,4.394
1774015061371890528,1774015061367332320,0.023,1.864,0.129,2.016,0.720,2.736
1774015061393089536,1774015061387468640,2.311,2.104,0.566,4.981,0.189,5.169
1774015061422567008,1774015061417339936,0.630,3.674,0.600,4.904,0.021,4.925
1774015061441459808,1774015061437392576,1.266,2.080,0.016,3.362,0.381,3.742
1774015061471854432,1774015061467356320,0.623,2.796,0.243,3.663,0.424,4.087
1774015061493070752,1774015061487377024,1.644,2.827,0.278,4.748,0.621,5.369
1774015061523924032,1774015061517247904,1.500,3.019,0.340,4.859,1.438,6.297
1774015061543598688,1774015061537334336,0.505,4.333,0.017,4.856,1.035,5.890
1774015061573277184,1774015061567325248,0.823,2.952,0.453,4.228,0.569,4.796
1774015061593673664,1774015061587393216,1.223,3.796,0.880,5.899,0.018,5.917
1774015061622548608,1774015061617286816,0.514,3.632,0.318,4.464,0.406,4.870
1774015061643976320,1774015061637598944,2.492,2.531,0.668,5.691,0.404,6.094
1774015061673056832,1774015061667425312,1.147,3.031,0.079,4.257,1.093,5.349
1774015061692137408,1774015061687523776,0.020,2.561,0.021,2.601,0.649,3.250
1774015061722112064,1774015061717313824,0.863,3.585,0.023,4.470,0.013,4.483
1774015061742402080,1774015061737384288,1.430,2.752,0.494,4.676,0.019,4.695
1774015061761819008,1774015061757553056,0.962,2.707,0.018,3.688,0.228,3.916
1774015061792501344,1774015061787372608,0.473,2.690,0.451,3.614,0.937,4.551
1774015061823325056,1774015061817316896,1.848,3.539,0.019,5.406,0.252,5.658
1774015061841525280,1774015061837457856,0.379,2.625,0.235,3.240,0.295,3.534
1774015061872608128,1774015061867216992,0.772,3.097,0.689,4.559,0.368,4.927
1774015061895768416,1774015061887234240,0.363,6.374,0.019,6.756,1.290,8.046
1774015061922108416,1774015061917320480,0.845,2.640,0.442,3.927,0.507,4.435
1774015061944377120,1774015061938211168,0.021,3.982,0.865,4.869,0.468,5.337
1774015061972139168,1774015061967293376,2.229,2.125,0.015,4.369,0.084,4.453
1774015061991803040,1774015061987310592,0.022,2.343,1.021,3.386,0.021,3.407
1774015062022299040,1774015062017406112,0.781,2.810,0.430,4.020,0.473,4.493
1774015062042127744,1774015062037435488,0.467,2.597,0.382,3.446,0.862,4.308
1774015062073398976,1774015062067302240,0.617,5.119,0.017,5.754,0.015,5.768
1774015062091848640,1774015062087528576,0.682,2.386,0.713,3.782,0.231,4.013
1774015062119010784,1774015062110868064,0.758,5.026,1.314,7.097,0.733,7.831
1774015062143085632,1774015062137283072,2.496,2.537,0.086,5.120,0.330,5.450
1774015062172389696,1774015062167404864,0.924,2.672,0.303,3.899,0.782,4.681
1774015062193426272,1774015062187440448,1.047,3.421,0.136,4.604,1.085,5.690
1774015062220834624,1774015062211339648,0.438,6.851,1.535,8.824,0.289,9.112
1774015062242105280,1774015062237279648,1.342,2.040,0.826,4.208,0.325,4.534
1774015062268360640,1774015062260138144,1.444,5.076,0.016,6.537,1.358,7.895
1774015062292093248,1774015062287304416,1.132,2.644,0.377,4.154,0.367,4.521
1774015062321546432,1774015062317277504,0.954,2.369,0.161,3.484,0.414,3.898
1774015062342014720,1774015062337278720,0.383,2.938,0.479,3.801,0.614,4.415
1774015062372515712,1774015062366001920,0.850,3.914,0.426,5.190,0.979,6.169
1774015062392959680,1774015062387359648,1.618,1.248,0.891,3.757,0.826,4.583
1774015062422912928,1774015062417903840,0.752,2.610,0.422,3.784,0.883,4.667
1774015062441939040,1774015062437446080,0.887,2.615,0.314,3.816,0.392,4.208
1774015062471891168,1774015062467456512,0.641,2.775,0.698,4.114,0.022,4.136
1774015062492572544,1774015062487301664,0.829,3.497,0.025,4.351,0.442,4.793
1774015062522983904,1774015062517295904,1.737,3.503,0.015,5.256,0.075,5.331
1774015062541392256,1774015062537398848,0.481,2.596,0.236,3.312,0.251,3.564
1774015062572684960,1774015062567301664,1.049,2.951,0.193,4.193,0.817,5.010
1774015062592402880,1774015062587449888,0.715,2.729,0.373,3.816,0.825,4.642
1774015062622234304,1774015062617276544,0.022,3.647,0.018,3.686,0.409,4.095
1774015062642463840,1774015062637412256,1.531,2.385,0.722,4.638,0.025,4.663
1774015062671929568,1774015062667528960,0.648,2.706,0.679,4.033,0.023,4.056
1774015062691443936,1774015062687308896,0.396,2.656,0.162,3.214,0.538,3.752
1774015062723499328,1774015062717318496,1.851,3.085,0.280,5.215,0.562,5.777
1774015062741276480,1774015062737268512,0.362,2.639,0.218,3.218,0.442,3.661
1774015062772513184,1774015062767299840,0.022,3.093,0.595,3.710,0.613,4.323
1774015062793822880,1774015062787422752,0.036,2.752,0.426,3.215,0.980,4.195
1774015062825419392,1774015062817293952,0.650,5.831,0.503,6.984,0.523,7.507
1774015062841500000,1774015062837333376,1.210,1.911,0.654,3.775,0.016,3.791
1774015062872681760,1774015062867392960,1.455,1.855,1.640,4.950,0.059,5.008
1774015062894717536,1774015062887155616,2.287,4.294,0.011,6.593,0.238,6.831
1774015062921592128,1774015062917340864,0.172,2.655,0.630,3.458,0.048,3.506
1774015062942932832,1774015062937415616,0.024,3.487,0.148,3.659,0.488,4.147
1774015062971754176,1774015062967211520,1.683,1.957,0.016,3.656,0.554,4.210
1774015062992645152,1774015062987222912,0.558,2.490,0.931,3.978,1.089,5.068
1774015063022509184,1774015063017412544,0.949,2.719,0.166,3.833,0.828,4.662
1774015063042854304,1774015063037453024,0.499,3.167,0.869,4.536,0.442,4.977
1774015063072610272,1774015063067307328,1.527,2.024,0.503,4.055,0.931,4.986
1774015063091680736,1774015063087303584,0.080,2.129,0.259,2.469,0.725,3.193
1774015063122069024,1774015063117278144,0.475,3.071,0.752,4.298,0.049,4.346
1774015063141917568,1774015063137274912,0.646,2.062,0.983,3.692,0.017,3.709
1774015063171726720,1774015063167291552,0.581,2.632,0.798,4.011,0.021,4.032
1774015063192722944,1774015063187429504,1.623,2.580,0.509,4.712,0.018,4.731
1774015063222528672,1774015063217410624,0.927,2.537,1.227,4.692,0.057,4.749
1774015063241885952,1774015063237367168,1.306,1.928,0.239,3.474,0.604,4.078
1774015063272306304,1774015063267364288,0.869,2.347,0.250,3.465,1.182,4.647
1774015063291835168,1774015063287364320,0.320,2.364,0.337,3.021,0.621,3.642
1774015063323200992,1774015063317252736,1.086,3.521,0.466,5.074,0.440,5.514
1774015063342803168,1774015063337322176,1.275,2.708,0.333,4.316,0.755,5.071
1774015063373362592,1774015063367294240,0.355,2.534,1.551,4.440,1.285,5.725
1774015063395485568,1774015063387280800,2.654,2.000,2.376,7.031,0.811,7.842
1774015063422624256,1774015063417237600,0.326,3.053,0.622,4.001,1.059,5.060
1774015063442728544,1774015063437255200,1.426,2.389,0.314,4.129,0.812,4.941
1774015063472960064,1774015063467399808,0.413,2.924,0.443,3.781,1.064,4.845
1774015063491700640,1774015063487305792,1.034,2.051,0.237,3.322,0.655,3.977
1774015063522415328,1774015063517243616,1.044,2.615,0.493,4.151,0.637,4.788
1774015063541680608,1774015063537248672,0.028,2.472,0.498,2.999,0.530,3.529
1774015063572984960,1774015063567302176,0.631,2.495,1.816,4.942,0.386,5.328
1774015063591778688,1774015063587293248,0.022,1.843,0.230,2.094,0.990,3.084
1774015063621565056,1774015063617242016,0.881,2.794,0.019,3.694,0.261,3.955
1774015063641282816,1774015063637251968,0.446,2.565,0.469,3.481,0.254,3.734
1774015063672357568,1774015063667359904,1.632,1.896,0.404,3.933,0.731,4.664
1774015063693025536,1774015063687371648,0.585,4.060,0.621,5.265,0.053,5.318
1774015063721676608,1774015063717250368,1.262,2.053,0.392,3.707,0.428,4.134
1774015063741558304,1774015063737258624,1.332,1.917,0.345,3.594,0.422,4.017
1774015063775713568,1774015063767270144,0.670,6.471,0.614,7.754,0.310,8.064
1774015063791891008,1774015063787287424,1.042,2.145,0.045,3.231,1.029,4.261
1774015063822239680,1774015063817254592,0.890,2.639,0.440,3.969,0.585,4.553
1774015063841963648,1774015063837234400,0.969,2.157,0.284,3.410,0.961,4.371
1774015063871385408,1774015063867289952,1.152,1.965,0.488,3.605,0.210,3.815
1774015063892876768,1774015063887287424,1.786,2.660,0.498,4.944,0.346,5.290
1774015063922082048,1774015063917224320,0.592,2.817,0.263,3.672,0.799,4.472
1774015063941581376,1774015063937220704,0.836,2.397,0.214,3.447,0.547,3.993
1774015063971703840,1774015063967202240,0.754,3.313,0.020,4.088,0.017,4.104
1774015063991877472,1774015063987232576,0.748,2.833,0.144,3.724,0.571,4.294
1774015064022501632,1774015064017219776,1.734,3.124,0.019,4.877,0.043,4.921
1774015064041735904,1774015064037239392,0.634,2.766,0.290,3.690,0.481,4.171
1774015064072704928,1774015064067265632,0.020,3.433,0.164,3.617,0.889,4.505
1774015064092554784,1774015064087375232,1.508,2.314,0.579,4.401,0.405,4.806
1774015064126528064,1774015064117305408,5.786,2.307,0.289,8.381,0.454,8.836
1774015064142570528,1774015064137255264,0.092,3.700,0.571,4.363,0.260,4.623
1774015064171407360,1774015064167284192,0.306,2.452,0.167,2.925,0.735,3.660
1774015064191428480,1774015064187267104,0.482,2.669,0.078,3.229,0.503,3.732
1774015064221916288,1774015064217366144,1.345,2.280,0.190,3.816,0.354,4.169
1774015064242016096,1774015064237237280,0.473,3.132,0.022,3.628,0.631,4.258
1774015064271558048,1774015064267306912,0.443,2.670,0.393,3.506,0.384,3.890
1774015064292057888,1774015064287225120,0.799,2.554,0.262,3.615,0.868,4.483
1774015064322346400,1774015064317231712,0.942,2.678,0.458,4.078,0.714,4.792
1774015064342472608,1774015064337221568,0.689,2.767,0.016,3.472,1.113,4.585
1774015064371567008,1774015064367272544,0.196,2.528,0.232,2.957,0.665,3.622
1774015064391800608,1774015064387221184,0.023,2.349,0.421,2.793,0.722,3.515
1774015064423948992,1774015064417482848,2.130,3.478,0.289,5.896,0.278,6.174
1774015064441723808,1774015064437213952,0.275,2.751,0.206,3.233,0.744,3.976
1774015064471837664,1774015064467205536,0.399,2.701,0.225,3.325,0.245,3.569
1774015064491953984,1774015064487217344,0.401,2.445,0.340,3.186,1.148,4.333
1774015064523152448,1774015064517243168,0.022,2.789,1.312,4.122,0.680,4.803
1774015064542167680,1774015064537261216,0.953,2.820,0.749,4.521,0.083,4.605
1774015064571574784,1774015064567220096,1.362,1.941,0.686,3.989,0.051,4.040
1774015064591966400,1774015064587228288,1.510,1.831,0.543,3.884,0.509,4.393
1774015064624241984,1774015064617230368,1.258,4.319,0.622,6.200,0.454,6.654
1774015064641743008,1774015064637249600,1.034,1.985,0.623,3.642,0.471,4.113
1774015064671797248,1774015064667221344,0.516,2.723,0.269,3.508,0.708,4.216
1774015064691577568,1774015064687220704,0.694,2.743,0.272,3.708,0.285,3.993
1774015064721722560,1774015064717211072,0.733,2.875,0.102,3.709,0.355,4.065
1774015064740970144,1774015064737222592,0.415,2.912,0.021,3.347,0.016,3.363
1774015064771849152,1774015064767229184,0.027,2.936,0.019,2.981,0.304,3.286
1774015064792089600,1774015064787237984,1.250,2.618,0.018,3.886,0.587,4.473
1774015064822728480,1774015064817341760,0.966,2.500,0.419,3.884,0.791,4.676
1774015064842128480,1774015064837305120,0.387,3.531,0.016,3.934,0.410,4.345
1774015064872271392,1774015064867125216,1.180,3.318,0.020,4.519,0.015,4.534
1774015064893146112,1774015064887211552,2.338,1.726,1.286,5.350,0.135,5.485
1774015064922194784,1774015064917225280,0.903,2.728,0.332,3.962,0.686,4.648
1774015064943512000,1774015064937190304,2.711,2.183,0.748,5.642,0.325,5.968
1774015064973007648,1774015064967177856,0.572,3.217,0.312,4.102,0.763,4.865
1774015064991715712,1774015064987189888,0.409,2.567,0.371,3.348,0.763,4.111
1774015065021813312,1774015065017218688,1.505,2.123,0.422,4.051,0.194,4.245
1774015065042190016,1774015065037215488,1.587,1.920,0.453,3.960,0.620,4.580
1774015065072419936,1774015065067236640,1.210,2.619,0.141,3.971,0.832,4.803
1774015065102568512,1774015065097364704,0.561,2.979,0.811,4.351,0.476,4.827
1774015065125182592,1774015065117285408,1.228,2.737,1.969,5.934,1.293,7.227
1774015065152772256,1774015065147376736,1.063,2.669,0.621,4.353,0.662,5.015
1774015065202191616,1774015065197429696,0.552,2.480,1.008,4.040,0.020,4.060
1774015065220487296,1774015065215615200,0.863,2.707,0.172,3.742,0.345,4.087
1774015065252279584,1774015065247222336,0.803,2.999,0.447,4.249,0.327,4.575
1774015065272151936,1774015065267370976,0.130,2.809,0.016,2.955,1.045,3.999
1774015065301569088,1774015065297196448,0.685,2.630,0.120,3.435,0.501,3.936
1774015065322581824,1774015065317196736,0.862,2.625,0.294,3.781,1.232,5.014
1774015065351791104,1774015065347207840,0.967,2.546,0.290,3.804,0.293,4.097
1774015065369422048,1774015065365002336,0.422,2.762,0.589,3.773,0.298,4.071
1774015065403386144,1774015065397163456,0.699,3.419,0.801,4.920,0.848,5.768
1774015065421958624,1774015065417445472,0.831,2.657,0.375,3.864,0.363,4.227
1774015065452340832,1774015065447124000,1.051,2.598,0.422,4.071,0.756,4.827
1774015065472475232,1774015065467195040,0.820,2.743,0.234,3.797,1.145,4.943
1774015065502036544,1774015065497220416,0.960,2.794,0.248,4.002,0.367,4.369
1774015065521324704,1774015065517212928,0.402,2.668,0.139,3.209,0.595,3.804
1774015065552235648,1774015065547658944,0.848,2.805,0.152,3.804,0.453,4.257
1774015065572944096,1774015065567202560,1.893,2.801,0.317,5.011,0.408,5.419
1774015065602910816,1774015065597528064,1.980,1.936,0.290,4.206,0.840,5.045
1774015065621783168,1774015065617219520,0.021,3.079,0.193,3.292,0.340,3.633
1774015065651434368,1774015065647336544,0.371,2.398,0.116,2.885,0.391,3.275
1774015065671375200,1774015065667186304,0.061,2.607,0.042,2.710,0.178,2.888
1774015065702900160,1774015065697193376,1.292,2.469,1.301,5.062,0.136,5.198
1774015065721744448,1774015065717218208,0.022,2.705,0.474,3.201,0.478,3.679
1774015065752560608,1774015065747197120,0.339,3.913,0.019,4.271,0.395,4.666
1774015065771831968,1774015065767201056,0.719,2.650,0.621,3.989,0.242,4.231
1774015065801396768,1774015065797212288,0.024,2.441,0.368,2.833,0.250,3.083
1774015065821946656,1774015065817219072,0.020,3.362,0.018,3.400,0.194,3.594
1774015065855854592,1774015065847221504,0.822,2.578,0.119,3.520,4.281,7.801
1774015065871879968,1774015065867183008,1.051,1.991,0.158,3.200,1.097,4.297
1774015065903463840,1774015065897147488,0.779,4.284,0.204,5.268,0.542,5.810
1774015065922806176,1774015065917203680,0.455,2.740,0.315,3.511,1.706,5.218
1774015065951549856,1774015065947198016,1.496,1.517,0.271,3.284,0.656,3.940
1774015065977046944,1774015065967234368,1.940,3.541,2.938,8.420,0.995,9.415
1774015066002319072,1774015065997207936,1.193,2.426,0.068,3.687,1.115,4.801
1774015066023676864,1774015066017289856,0.393,4.119,0.426,4.939,1.023,5.962
1774015066052919680,1774015066047282176,0.516,3.852,0.829,5.197,0.031,5.228
1774015066072713952,1774015066067238144,0.957,2.496,0.236,3.690,1.351,5.041
1774015066107746592,1774015066097243328,3.593,2.765,0.516,6.874,0.982,7.856
1774015066122863040,1774015066117296192,1.923,1.833,0.460,4.217,1.042,5.259
1774015066152804480,1774015066147329408,0.511,3.046,0.018,3.575,1.409,4.984
1774015066172312608,1774015066167197536,1.134,3.623,0.016,4.773,0.014,4.787
1774015066205435584,1774015066197255296,1.298,4.580,1.504,7.382,0.313,7.695
1774015066222357792,1774015066217265152,0.900,3.168,0.307,4.374,0.407,4.781
1774015066253685536,1774015066247392416,1.595,2.398,0.870,4.862,1.009,5.872
1774015066274351552,1774015066267343744,3.052,3.472,0.019,6.543,0.167,6.711
1774015066306603200,1774015066297686400,1.038,2.729,0.196,3.964,4.651,8.615
1774015066321702496,1774015066317152960,0.024,3.087,0.022,3.132,0.505,3.638
1774015066352503840,1774015066347201696,0.024,2.708,0.679,3.411,0.529,3.940
1774015066372659648,1774015066367180256,1.005,3.901,0.017,4.923,0.105,5.028
1774015066397871328,1774015066392619072,0.942,2.566,0.297,3.805,1.057,4.862
1774015066422174208,1774015066417108352,1.149,1.711,0.514,3.375,0.802,4.176
1774015066451957568,1774015066447180448,1.017,2.478,0.393,3.887,0.492,4.379
1774015066472420864,1774015066467161632,0.645,2.702,0.882,4.229,0.671,4.900
1774015066502369088,1774015066497259680,1.083,3.341,0.252,4.675,0.019,4.694
1774015066521518048,1774015066517188672,0.521,3.369,0.017,3.907,0.125,4.032
1774015066552088288,1774015066547362496,0.600,2.617,0.668,3.885,0.530,4.415
1774015066571736128,1774015066567237152,0.772,2.690,0.232,3.695,0.457,4.151
1774015066603031008,1774015066597205280,0.972,2.388,0.331,3.692,1.673,5.365
1774015066621387168,1774015066617195200,0.615,2.768,0.527,3.910,0.021,3.931
1774015066653363424,1774015066647336192,1.346,3.071,0.876,5.293,0.346,5.639
1774015066671510240,1774015066667167488,0.380,2.661,0.376,3.417,0.464,3.881
1774015066701964224,1774015066697169088,0.529,2.518,0.048,3.096,0.890,3.986
1774015066723857568,1774015066717270656,1.305,3.690,0.751,5.746,0.403,6.149
1774015066752968896,1774015066747277984,2.940,1.667,0.020,4.626,0.427,5.054
1774015066774530560,1774015066767286144,2.352,2.887,1.093,6.333,0.557,6.889
1774015066807889792,1774015066797162752,6.594,2.759,0.440,9.793,0.540,10.333
1774015066821914432,1774015066817171776,0.962,2.850,0.016,3.828,0.544,4.371
1774015066852489728,1774015066847194976,0.288,2.814,1.237,4.339,0.143,4.482
1774015066873343648,1774015066867548960,1.734,2.044,0.567,4.345,1.116,5.460
1774015066903148736,1774015066897021856,0.024,0.020,0.198,0.241,0.027,0.268
1774015066932099264,1774015066917162016,10.797,2.790,0.290,13.877,0.662,14.539
1774015066951712864,1774015066947190432,0.055,1.808,0.827,2.691,0.023,2.713
1774015066974060384,1774015066967169632,0.574,5.050,0.542,6.166,0.351,6.518
1774015067001772640,1774015066997166240,0.022,2.849,0.485,3.355,0.018,3.374
1774015067021655744,1774015067017197472,0.401,3.539,0.019,3.960,0.011,3.971
1774015067052309696,1774015067047414528,1.020,2.576,0.806,4.402,0.020,4.422
1774015067085765696,1774015067077174080,1.043,2.968,3.693,7.704,0.544,8.248
1774015067103549472,1774015067097224608,0.745,2.633,0.018,3.397,2.465,5.862
1774015067132055936,1774015067127165984,0.309,2.911,0.465,3.685,0.663,4.347
1774015067153034624,1774015067147178784,1.185,3.052,0.144,4.380,0.866,5.246
1774015067181928000,1774015067177273984,0.977,2.841,0.015,3.834,0.424,4.258
1774015067202303296,1774015067197309696,0.649,3.038,0.205,3.892,0.392,4.284
1774015067231178752,1774015067227206016,0.423,2.765,0.175,3.362,0.280,3.642
1774015067251908032,1774015067247193472,0.298,2.947,0.836,4.080,0.022,4.102
1774015067282460896,1774015067277427040,0.754,3.065,0.264,4.082,0.632,4.714
1774015067302409696,1774015067297188608,0.633,2.876,0.505,4.014,0.421,4.436
1774015067334006848,1774015067327189696,1.194,2.619,2.210,6.023,0.062,6.085
1774015067352929248,1774015067347154784,0.310,4.183,0.017,4.510,0.013,4.523
1774015067382275200,1774015067377158176,1.853,2.446,0.018,4.317,0.322,4.639
1774015067401609952,1774015067397019808,0.386,2.953,0.356,3.695,0.319,4.014
1774015067432279680,1774015067427155200,0.318,3.908,0.432,4.658,0.045,4.703
1774015067452727936,1774015067447141376,1.980,2.285,0.249,4.515,0.551,5.065
1774015067481642432,1774015067477305952,0.637,2.407,0.718,3.762,0.214,3.976
1774015067501909632,1774015067497237632,1.171,2.459,0.379,4.009,0.226,4.235
1774015067533172768,1774015067527151552,0.847,3.699,0.413,4.959,0.686,5.645
1774015067552134592,1774015067547177760,1.412,2.356,0.020,3.788,0.811,4.600
1774015067581197728,1774015067577138432,1.181,1.973,0.158,3.312,0.387,3.699
1774015067601358688,1774015067597225376,0.309,2.260,0.825,3.395,0.017,3.412
1774015067631610336,1774015067627356160,0.614,2.434,0.205,3.253,0.660,3.913
1774015067651839776,1774015067647424192,0.424,2.834,0.215,3.473,0.393,3.866
1774015067682545568,1774015067677346240,0.592,2.394,0.169,3.155,1.657,4.812
1774015067702311104,1774015067697311936,0.737,3.050,0.454,4.241,0.464,4.705
1774015067732531872,1774015067727232544,0.396,2.844,0.911,4.151,0.223,4.374
1774015067751654080,1774015067747423712,0.961,2.064,0.313,3.337,0.514,3.852
1774015067771737280,1774015067767198976,0.973,2.546,0.220,3.739,0.346,4.084
1774015067801468928,1774015067797155904,0.287,2.535,0.343,3.166,0.720,3.886
1774015067822054848,1774015067817163872,0.932,2.448,0.389,3.770,0.797,4.567
1774015067852388832,1774015067847147424,0.534,3.372,0.372,4.278,0.480,4.758
1774015067871341984,1774015067867005280,1.368,2.119,0.018,3.505,0.457,3.962
1774015067901882880,1774015067897125536,0.024,2.539,1.100,3.663,0.055,3.718
1774015067923494272,1774015067917045952,0.317,2.969,0.760,4.046,0.024,4.070
1774015067953711264,1774015067947152256,0.023,2.949,2.091,5.063,0.459,5.522
1774015067971876832,1774015067967046528,1.863,1.927,0.396,4.186,0.018,4.204
1774015068002250688,1774015067997353984,1.391,2.484,0.207,4.082,0.357,4.440
1774015068023040512,1774015068017131232,0.334,4.062,0.732,5.129,0.392,5.521
1774015068052620672,1774015068047148352,1.459,2.873,0.019,4.350,0.587,4.938
1774015068072103072,1774015068067221504,1.313,1.927,0.419,3.660,0.568,4.228
1774015068102856928,1774015068097136896,0.844,2.490,0.335,3.669,0.540,4.209
1774015068124311456,1774015068117120608,3.827,2.433,0.020,6.279,0.396,6.675
1774015068152318528,1774015068147151840,0.274,2.548,0.217,3.040,0.422,3.462
1774015068171307136,1774015068167121152,0.757,2.493,0.016,3.266,0.549,3.815
1774015068201182752,1774015068197143712,0.020,2.295,0.335,2.650,0.567,3.217
1774015068223540896,1774015068217050496,2.052,2.433,0.671,5.156,0.798,5.954
1774015068253045088,1774015068247146720,0.548,4.212,0.236,4.997,0.475,5.473
1774015068272404576,1774015068267105728,1.129,2.879,0.628,4.637,0.319,4.956
1774015068306101664,1774015068297130944,0.896,2.090,4.330,7.316,0.940,8.256
1774015068321755136,1774015068317138912,0.463,2.736,0.177,3.377,0.886,4.263
1774015068353244576,1774015068347223168,0.056,2.683,1.913,4.652,0.476,5.128
1774015068376447936,1774015068367152032,5.587,2.493,0.390,8.470,0.294,8.763
1774015068402979520,1774015068397356352,0.498,3.409,0.286,4.193,0.478,4.671
1774015068423413952,1774015068417249888,0.656,2.912,1.627,5.195,0.644,5.839
1774015068452519520,1774015068447235584,0.845,4.000,0.019,4.863,0.011,4.874
1774015068471188832,1774015068467142400,0.610,2.644,0.150,3.404,0.336,3.740
1774015068502506304,1774015068497182176,1.407,3.097,0.141,4.645,0.228,4.873
1774015068522526688,1774015068517138272,1.227,3.485,0.020,4.732,0.014,4.746
1774015068551574496,1774015068547359520,0.369,2.907,0.129,3.406,0.364,3.769
1774015068572451552,1774015068567348224,0.343,3.474,0.304,4.121,0.524,4.645
1774015068602126656,1774015068597258176,1.071,2.836,0.019,3.926,0.630,4.555
1774015068622478400,1774015068617255744,0.472,3.176,0.016,3.665,0.676,4.340
1774015068652536864,1774015068647220480,1.049,2.754,0.264,4.067,0.905,4.972
1774015068671436352,1774015068667033920,0.398,2.733,0.106,3.237,0.803,4.040
1774015068702304640,1774015068697117344,1.136,2.785,0.338,4.259,0.435,4.694
1774015068721327008,1774015068717123968,1.051,1.921,0.461,3.433,0.364,3.796
1774015068752183168,1774015068747157024,0.628,2.822,0.625,4.074,0.506,4.581
1774015068772430592,1774015068767133664,1.476,2.798,0.211,4.486,0.477,4.962
1774015068802121216,1774015068797166528,0.546,2.539,0.501,3.586,0.576,4.162
1774015068824757408,1774015068817318208,3.788,2.784,0.231,6.803,0.345,7.148
1774015068852180928,1774015068847210432,0.493,3.056,0.161,3.711,0.219,3.930
1774015068873365408,1774015068867381312,0.584,4.540,0.258,5.382,0.189,5.571
1774015068901480320,1774015068897210464,1.330,1.977,0.313,3.620,0.250,3.870
1774015068922960576,1774015068917342176,1.467,2.659,0.323,4.449,0.786,5.235
1774015068951907328,1774015068947117856,0.658,3.207,0.016,3.880,0.523,4.404
1774015068981906464,1774015068977132864,0.635,2.605,0.211,3.451,0.913,4.364
1774015069001612064,1774015068997154784,1.298,1.939,0.311,3.548,0.382,3.929
1774015069032930336,1774015069027193312,0.985,4.284,0.024,5.292,0.057,5.348
1774015069051516928,1774015069047320640,0.796,2.421,0.281,3.498,0.365,3.863
1774015069081577024,1774015069077114208,0.615,2.325,0.258,3.198,0.401,3.599
1774015069102311904,1774015069097203520,0.927,3.003,0.251,4.181,0.575,4.757
1774015069134724448,1774015069127104672,3.836,3.059,0.017,6.912,0.296,7.208
1774015069151913920,1774015069147135488,0.311,2.680,1.200,4.191,0.022,4.213
1774015069181970592,1774015069177136448,0.774,2.852,0.017,3.643,0.683,4.326
1774015069204789056,1774015069196972992,3.223,3.144,0.463,6.829,0.509,7.338
1774015069231936608,1774015069227208992,0.023,2.705,0.133,2.861,0.580,3.441
1774015069253133344,1774015069247676320,0.399,2.604,1.091,4.094,0.848,4.942
1774015069282182464,1774015069277257056,0.969,3.338,0.017,4.325,0.011,4.336
1774015069302918368,1774015069297268800,0.020,2.099,0.663,2.782,1.440,4.222
1774015069332451264,1774015069327224032,1.187,2.684,0.173,4.044,0.846,4.889
1774015069353426368,1774015069347222400,1.920,2.691,0.430,5.040,0.842,5.882
1774015069382014336,1774015069377145888,0.720,2.635,0.633,3.988,0.550,4.538
1774015069401681856,1774015069397126432,0.562,2.520,0.442,3.524,0.616,4.141
1774015069431974080,1774015069427070528,0.990,2.875,0.175,4.039,0.445,4.484
1774015069451480544,1774015069447402688,0.562,2.591,0.122,3.275,0.408,3.683
1774015069481762976,1774015069477093568,1.198,2.154,0.248,3.601,0.699,4.300
1774015069501152064,1774015069497226976,1.321,1.590,0.162,3.073,0.457,3.529
1774015069531925120,1774015069527230560,0.477,3.200,0.019,3.696,0.527,4.223
1774015069552909120,1774015069547171136,0.778,3.803,0.289,4.870,0.385,5.254
1774015069582215936,1774015069577386368,1.516,1.543,0.111,3.170,0.983,4.152
1774015069602153536,1774015069597267616,1.172,2.613,0.121,3.907,0.650,4.557
1774015069631772832,1774015069627179904,1.354,2.181,0.020,3.556,0.602,4.158
1774015069651547104,1774015069647312576,0.326,3.416,0.020,3.762,0.011,3.773
1774015069681742016,1774015069677135360,0.636,3.012,0.350,3.998,0.262,4.260
1774015069702801056,1774015069697183936,0.983,2.699,1.200,4.883,0.262,5.144
1774015069732464192,1774015069727275552,0.702,2.708,0.994,4.404,0.501,4.906
1774015069751403552,1774015069747106976,0.240,2.423,0.146,2.809,0.573,3.383
1774015069782388608,1774015069777185440,1.357,2.019,0.734,4.111,0.801,4.912
1774015069803423040,1774015069797300384,1.435,2.771,0.380,4.587,0.676,5.263
1774015069832442848,1774015069827126624,1.125,2.913,0.212,4.250,0.687,4.936
1774015069854092832,1774015069847071136,2.208,2.971,0.212,5.390,1.023,6.414
1774015069880970720,1774015069877132128,0.020,2.316,0.189,2.526,0.502,3.028
1774015069903135488,1774015069897615712,1.729,2.275,0.635,4.639,0.339,4.978
1774015069931909664,1774015069927051680,2.111,1.726,0.353,4.190,0.190,4.380
1774015069951372320,1774015069947159936,0.389,2.597,0.206,3.192,0.434,3.627
1774015069975547168,1774015069971319488,0.740,2.625,0.016,3.380,0.411,3.792
1774015070001888064,1774015069997261216,0.466,2.754,0.018,3.238,1.062,4.300
1774015070032555200,1774015070027223872,1.307,2.984,0.669,4.959,0.017,4.977
1774015070051671776,1774015070047093888,1.079,2.426,0.556,4.060,0.045,4.105
1774015070083181856,1774015070077080640,0.509,4.499,0.663,5.672,0.089,5.760
1774015070102449952,1774015070097430848,0.889,2.626,0.734,4.249,0.359,4.609
1774015070131585824,1774015070127171968,0.770,2.967,0.019,3.756,0.235,3.991
1774015070151517760,1774015070147095840,0.020,1.912,0.275,2.208,0.836,3.044
1774015070182241248,1774015070177125664,1.415,2.877,0.018,4.310,0.441,4.751
1774015070200972256,1774015070197068288,1.204,1.875,0.154,3.234,0.298,3.532
1774015070231376608,1774015070227059104,1.553,1.594,0.622,3.768,0.187,3.955
1774015070251579904,1774015070247310720,1.185,2.127,0.182,3.494,0.423,3.917
1774015070280911968,1774015070277074720,0.023,2.516,0.122,2.661,0.354,3.014
1774015070302117472,1774015070297595008,0.394,2.807,0.350,3.551,0.505,4.056
1774015070331011296,1774015070327114752,0.496,2.375,0.576,3.447,0.048,3.495
1774015070352390688,1774015070347159808,0.696,3.275,0.636,4.606,0.251,4.857
1774015070381108032,1774015070377077920,0.374,2.610,0.375,3.359,0.388,3.747
1774015070401695552,1774015070397060288,0.605,2.216,0.741,3.562,0.479,4.041
1774015070433119680,1774015070427144416,0.021,3.441,0.653,4.115,0.597,4.712
1774015070452768352,1774015070447151840,0.460,3.370,0.125,3.955,1.215,5.171
1774015070482116576,1774015070477141248,0.763,3.713,0.018,4.495,0.014,4.509
1774015070502831872,1774015070497053792,0.019,4.239,0.194,4.452,0.425,4.877
1774015070533089920,1774015070527104512,1.984,3.059,0.017,5.060,0.525,5.585
1774015070552965856,1774015070547122560,1.410,2.070,0.195,3.675,0.658,4.332
1774015070581889952,1774015070577111008,0.882,2.611,0.902,4.395,0.018,4.414
1774015070601804416,1774015070597214080,0.682,3.406,0.022,4.109,0.051,4.161
1774015070632038336,1774015070627072992,2.126,1.871,0.281,4.278,0.242,4.519
1774015070652583232,1774015070647169216,0.633,3.536,0.495,4.664,0.249,4.913
1774015070681616608,1774015070677054432,0.495,2.555,0.242,3.292,0.974,4.266
1774015070702116544,1774015070697100608,1.094,2.442,0.756,4.293,0.414,4.707
1774015070732077632,1774015070727380384,1.678,2.070,0.485,4.233,0.180,4.412
1774015070755986880,1774015070747066880,0.669,2.681,0.051,3.401,4.999,8.400
1774015070783031200,1774015070777179968,0.339,4.195,0.286,4.820,0.582,5.402
1774015070802097760,1774015070797086816,0.759,2.945,0.696,4.400,0.219,4.619
1774015070832324160,1774015070827111808,0.765,2.532,0.275,3.573,1.322,4.895
1774015070852445696,1774015070847080096,0.805,2.813,0.113,3.731,1.286,5.018
1774015070889815264,1774015070877052832,1.026,3.455,7.390,11.871,0.561,12.432
1774015070902250784,1774015070897062752,1.052,3.262,0.017,4.331,0.456,4.788
1774015070932240064,1774015070927067296,1.435,2.695,0.714,4.844,0.020,4.864
1774015070951940288,1774015070947119424,0.815,2.558,0.210,3.584,0.851,4.435
1774015070982980640,1774015070977198048,1.531,3.529,0.017,5.077,0.279,5.356
1774015071002346944,1774015070997209728,0.754,2.813,0.164,3.731,0.876,4.608
1774015071032579168,1774015071027452192,1.105,2.704,0.482,4.291,0.406,4.697
1774015071051483040,1774015071047149056,0.677,2.505,0.282,3.464,0.538,4.002
1774015071083323680,1774015071077193408,0.278,4.086,0.919,5.282,0.020,5.302
1774015071102366432,1774015071097114784,0.026,2.275,1.494,3.795,0.019,3.814
1774015071128045440,1774015071120738368,1.220,2.692,0.226,4.138,2.742,6.879
1774015071151390816,1774015071147052384,0.948,2.469,0.335,3.753,0.244,3.997
1774015071182188512,1774015071177126368,1.594,2.696,0.241,4.532,0.251,4.783
1774015071203167776,1774015071197558592,0.600,2.591,0.728,3.919,0.513,4.431
1774015071232144896,1774015071227127808,0.948,2.658,0.540,4.146,0.403,4.549
1774015071253558560,1774015071247058080,2.987,1.876,0.451,5.314,0.465,5.779
1774015071279517568,1774015071274871680,0.770,2.810,0.277,3.857,0.195,4.052
1774015071302551488,1774015071297120672,1.077,2.753,0.052,3.882,1.068,4.950
1774015071331049152,1774015071327130176,0.020,2.444,0.219,2.683,0.352,3.035
1774015071362563552,1774015071357431104,2.019,2.672,0.019,4.710,0.012,4.723
1774015071381628096,1774015071376709056,0.642,3.483,0.405,4.531,0.016,4.547
1774015071411585696,1774015071407015584,0.384,2.692,0.220,3.295,0.843,4.138
1774015071431959264,1774015071427103552,0.367,2.559,0.409,3.335,1.140,4.476
1774015071462219040,1774015071457035744,0.938,3.233,0.250,4.422,0.356,4.778
1774015071483928096,1774015071477036224,0.716,2.305,0.509,3.530,3.037,6.566
1774015071515375360,1774015071507055200,1.296,3.503,0.820,5.619,2.366,7.985
1774015071531966528,1774015071527165088,1.087,2.858,0.213,4.159,0.278,4.437
1774015071563556512,1774015071557070848,0.784,4.527,0.641,5.952,0.232,6.184
1774015071580502496,1774015071577055264,0.975,2.064,0.017,3.056,0.013,3.069
1774015071611437280,1774015071607052032,0.511,2.839,0.217,3.567,0.373,3.940
1774015071631873568,1774015071627139552,1.116,2.504,0.304,3.923,0.494,4.417
1774015071661680768,1774015071657176608,0.793,2.429,0.457,3.679,0.251,3.930
1774015071684582752,1774015071677129152,1.196,2.905,1.271,5.372,1.340,6.712
1774015071712120128,1774015071707002560,0.823,2.496,0.435,3.755,0.961,4.716
1774015071731726816,1774015071727064256,0.559,3.072,0.243,3.874,0.450,4.323
1774015071764413120,1774015071757520288,1.907,2.586,0.875,5.368,1.204,6.572
1774015071780852672,1774015071777067168,0.665,2.697,0.021,3.382,0.013,3.395
1774015071812996160,1774015071807483072,0.388,3.865,0.321,4.574,0.491,5.064
1774015071832532384,1774015071827379136,1.029,2.463,0.485,3.977,0.299,4.276
1774015071861107872,1774015071857020224,0.530,2.667,0.413,3.610,0.145,3.754
1774015071880954656,1774015071877017760,0.762,2.221,0.318,3.301,0.300,3.600
1774015071915504416,1774015071906999936,1.613,3.408,0.262,5.284,2.851,8.134
1774015071932664832,1774015071927026816,1.834,2.038,0.655,4.527,0.490,5.017
1774015071961382720,1774015071957050848,0.617,3.320,0.017,3.954,0.014,3.969
1774015071981275616,1774015071977018720,1.286,2.000,0.323,3.608,0.342,3.950
1774015072013480000,1774015072007157024,0.211,3.529,0.339,4.080,1.600,5.680
1774015072031694304,1774015072027174336,0.021,2.031,0.555,2.607,0.362,2.969
1774015072061288704,1774015072057137376,0.656,2.793,0.016,3.466,0.320,3.786
1774015072080933664,1774015072077086816,1.329,2.107,0.017,3.453,0.013,3.466
1774015072101759872,1774015072097011136,0.584,2.582,0.124,3.290,0.901,4.192
1774015072133553152,1774015072127142976,0.280,5.512,0.054,5.845,0.013,5.858
1774015072152543936,1774015072147101056,0.023,3.849,0.019,3.890,0.217,4.108
1774015072182274656,1774015072177099680,0.902,3.034,0.239,4.175,0.682,4.857
1774015072206017024,1774015072197101728,0.352,7.283,0.233,7.868,0.635,8.503
1774015072231842624,1774015072227082656,1.180,2.321,0.019,3.521,0.678,4.199
1774015072252918528,1774015072247035424,0.272,4.240,0.191,4.703,0.380,5.083
1774015072280941216,1774015072277032544,0.883,2.059,0.259,3.201,0.424,3.625
1774015072301760672,1774015072297195424,0.750,2.693,0.776,4.219,0.017,4.236
1774015072333247712,1774015072327044736,2.073,2.998,0.374,5.444,0.227,5.671
1774015072351597984,1774015072347032384,1.169,2.373,0.407,3.949,0.283,4.231
1774015072382331424,1774015072377249088,1.563,2.116,0.890,4.569,0.021,4.589
1774015072402715904,1774015072397044960,0.021,3.881,0.329,4.231,0.399,4.629
1774015072432510496,1774015072427136384,1.091,3.167,0.464,4.722,0.318,5.040
1774015072461794080,1774015072457096608,1.147,2.542,0.248,3.937,0.269,4.206
1774015072481626464,1774015072477090240,0.021,2.844,0.019,2.884,0.770,3.654
1774015072511691584,1774015072507456704,0.685,2.456,0.559,3.700,0.020,3.720
1774015072531950464,1774015072527438048,0.020,2.626,0.619,3.265,0.380,3.645
1774015072561681888,1774015072557196928,0.840,2.868,0.164,3.872,0.317,4.189
1774015072581501344,1774015072577028192,0.535,2.674,0.883,4.092,0.127,4.220
1774015072612378656,1774015072607299392,0.784,2.904,0.579,4.267,0.458,4.725
1774015072631191808,1774015072627029632,0.560,2.494,0.372,3.426,0.368,3.794
1774015072663038976,1774015072657044704,1.581,2.888,0.765,5.234,0.024,5.258
1774015072682533952,1774015072677104832,0.314,3.539,0.746,4.599,0.031,4.630
1774015072712558464,1774015072707015904,1.479,2.700,0.955,5.134,0.021,5.155
1774015072731312000,1774015072727277856,0.623,2.781,0.102,3.505,0.163,3.668
1774015072768178048,1774015072757166240,0.901,2.556,0.148,3.605,6.546,10.150
1774015072781841472,1774015072777370144,0.654,2.628,0.250,3.532,0.320,3.852
1774015072812443200,1774015072807047072,0.938,2.689,0.324,3.951,0.839,4.790
1774015072831442048,1774015072827101984,0.621,2.732,0.050,3.402,0.554,3.956
1774015072860980224,1774015072857019712,0.297,3.011,0.173,3.481,0.045,3.527
1774015072882181216,1774015072877009600,0.909,3.253,0.350,4.513,0.236,4.749
1774015072912635648,1774015072906951328,0.781,4.456,0.021,5.257,0.017,5.275
1774015072933159264,1774015072927016928,0.438,4.191,0.191,4.820,0.859,5.678
1774015072962264928,1774015072957008576,1.136,2.947,0.475,4.558,0.380,4.937
1774015072981781216,1774015072977009344,0.126,3.185,0.018,3.330,0.473,3.803
1774015073011186912,1774015073007009792,0.943,2.288,0.054,3.286,0.344,3.630
1774015073031867072,1774015073027017280,1.640,1.798,1.058,4.496,0.021,4.517
1774015073061426112,1774015073057006688,0.382,2.965,0.392,3.738,0.354,4.092
1774015073082126656,1774015073076923136,0.999,2.535,0.563,4.097,0.433,4.530
1774015073111347680,1774015073106982016,0.337,2.792,0.126,3.255,0.642,3.897
1774015073131912320,1774015073127016352,0.841,2.731,0.685,4.256,0.313,4.569
1774015073161707744,1774015073157017856,1.030,2.744,0.300,4.073,0.211,4.285
1774015073180785408,1774015073177008480,0.764,2.227,0.197,3.188,0.279,3.467
1774015073212987712,1774015073207017728,0.474,4.634,0.014,5.123,0.505,5.628
1774015073233542432,1774015073226985888,0.028,0.603,0.667,1.298,0.018,1.317
1774015073261328480,1774015073257017024,0.089,2.576,0.336,3.002,0.495,3.497
1774015073284261728,1774015073277126592,2.223,2.334,2.230,6.787,0.019,6.806
1774015073311766944,1774015073307101344,1.310,1.917,0.994,4.221,0.020,4.241
1774015073332172672,1774015073327142144,1.507,1.848,1.345,4.700,0.018,4.718
1774015073362655712,1774015073357026848,1.507,2.396,0.306,4.209,0.995,5.204
1774015073382303680,1774015073377005152,1.199,2.806,0.599,4.604,0.300,4.904
1774015073412529824,1774015073406998240,2.402,2.257,0.047,4.706,0.429,5.135
1774015073433152992,1774015073427023392,1.087,3.038,1.551,5.676,0.020,5.695
1774015073461794336,1774015073457099840,1.152,2.603,0.321,4.076,0.325,4.401
1774015073487728544,1774015073477086592,0.722,2.779,0.263,3.765,6.542,10.307
1774015073511857728,1774015073507132384,1.948,1.556,0.639,4.143,0.250,4.393
1774015073535181344,1774015073527193152,1.121,5.882,0.119,7.122,0.432,7.554
1774015073563106656,1774015073557019680,0.657,2.500,0.302,3.459,1.839,5.298
1774015073582794048,1774015073577003712,1.607,3.398,0.018,5.023,0.418,5.441
1774015073612946368,1774015073607103712,0.451,3.787,0.167,4.404,0.363,4.768
1774015073633448800,1774015073627141504,0.793,2.271,2.241,5.305,0.017,5.322
1774015073660483872,1774015073657006048,0.019,2.589,0.021,2.629,0.012,2.641
1774015073684688864,1774015073676965600,1.022,2.817,2.615,6.454,0.927,7.381
1774015073711760608,1774015073707120448,0.660,2.418,0.242,3.320,0.870,4.189
1774015073733363168,1774015073727152256,0.498,3.939,0.476,4.913,0.906,5.820
1774015073762256896,1774015073757172512,0.713,2.860,0.240,3.813,0.928,4.741
1774015073783911840,1774015073777485216,1.042,4.064,0.113,5.219,0.834,6.053
1774015073810998912,1774015073806997120,0.470,2.811,0.185,3.465,0.148,3.614
1774015073832555200,1774015073827031008,0.371,4.125,0.239,4.735,0.368,5.102
1774015073860837056,1774015073856997984,1.032,2.019,0.046,3.096,0.371,3.467
1774015073881403648,1774015073876967264,1.375,2.503,0.020,3.898,0.209,4.108
1774015073911848320,1774015073907066720,0.646,2.996,0.272,3.914,0.465,4.379
1774015073933893216,1774015073926936160,1.237,4.311,0.055,5.604,0.938,6.542
1774015073964085952,1774015073956985536,0.406,5.589,0.028,6.024,0.703,6.727
1774015073984310144,1774015073977195296,0.615,4.316,1.221,6.152,0.617,6.769
1774015074011491392,1774015074007103360,0.424,3.100,0.018,3.541,0.336,3.877
1774015074031195776,1774015074026997184,0.102,1.567,0.017,1.686,0.011,1.698
1774015074061202656,1774015074057013760,1.017,1.919,0.146,3.081,0.754,3.835
1774015074081613248,1774015074076954496,1.161,2.052,0.158,3.372,0.937,4.309
1774015074115499680,1774015074106991968,0.694,4.516,0.017,5.226,2.919,8.145
1774015074135342336,1774015074126990528,1.402,4.111,0.275,5.788,1.647,7.435
1774015074161443136,1774015074157233664,0.456,2.462,0.291,3.209,0.398,3.608
1774015074181736192,1774015074177063136,0.699,2.682,0.864,4.245,0.168,4.413
1774015074212797888,1774015074207100896,1.233,2.742,0.610,4.585,0.769,5.354
1774015074232644000,1774015074227280160,1.983,2.613,0.188,4.784,0.218,5.002
1774015074263526848,1774015074256988768,1.323,3.445,1.379,6.147,0.020,6.167
1774015074280840896,1774015074275618976,0.023,3.361,0.609,3.992,0.280,4.272
1774015074308562624,1774015074304413152,0.497,2.789,0.210,3.496,0.141,3.638
1774015074331750048,1774015074326994816,1.328,2.024,0.506,3.858,0.571,4.429
1774015074361268320,1774015074356980800,0.440,2.799,0.403,3.643,0.296,3.939
1774015074383134016,1774015074377377344,0.869,3.303,0.335,4.507,0.965,5.471
1774015074415561408,1774015074406959840,0.888,4.159,0.472,5.519,2.685,8.204
1774015074431466656,1774015074426954496,1.081,2.122,0.398,3.601,0.550,4.151
1774015074462048032,1774015074456969696,1.136,2.494,0.255,3.886,0.842,4.727
1774015074481719648,1774015074476936512,1.192,2.410,0.164,3.766,0.681,4.447
1774015074511645696,1774015074506996416,1.517,2.192,0.014,3.723,0.547,4.270
1774015074532063680,1774015074526990944,0.834,2.598,1.232,4.663,0.074,4.737
1774015074562042048,1774015074556980928,1.367,2.403,0.244,4.014,0.721,4.735
1774015074582143616,1774015074576975840,0.536,2.643,1.313,4.491,0.250,4.740
1774015074611236096,1774015074607072064,0.691,2.508,0.172,3.370,0.365,3.736
1774015074630961568,1774015074627127424,0.388,2.998,0.017,3.403,0.010,3.414
1774015074660943456,1774015074656953952,0.349,2.598,0.275,3.222,0.435,3.657
1774015074691768736,1774015074687024704,1.514,1.889,0.021,3.424,0.888,4.312
1774015074711925792,1774015074706971456,0.821,3.523,0.019,4.362,0.170,4.533
1774015074741211712,1774015074736984096,1.010,2.724,0.015,3.748,0.188,3.936
1774015074762115136,1774015074756962624,1.079,2.925,0.658,4.662,0.075,4.736
1774015074791086368,1774015074787008512,0.617,2.602,0.108,3.327,0.358,3.686
1774015074812759808,1774015074807020736,1.733,2.020,1.121,4.874,0.022,4.896
1774015074842684000,1774015074837155360,0.968,3.337,0.171,4.477,0.581,5.058
1774015074860972992,1774015074857124768,0.369,2.417,0.580,3.366,0.018,3.384
1774015074892255424,1774015074887056032,1.297,2.010,0.839,4.146,0.683,4.829
1774015074911532160,1774015074906903872,1.347,1.789,0.698,3.834,0.020,3.855
1774015074932083040,1774015074926937824,1.214,2.431,0.561,4.206,0.541,4.748
1774015074962169536,1774015074956967328,0.612,3.627,0.019,4.257,0.601,4.858
1774015074981896576,1774015074976913472,0.863,2.509,0.525,3.896,0.693,4.589
1774015075012215456,1774015075006964224,0.936,2.579,0.452,3.967,0.692,4.659
1774015075033852640,1774015075026974816,2.128,3.695,0.407,6.230,0.262,6.491
1774015075063688768,1774015075057238432,1.264,4.123,0.267,5.654,0.458,6.113
1774015075081391040,1774015075076954912,0.892,2.533,0.263,3.688,0.308,3.996
1774015075112545120,1774015075107097728,0.522,3.405,0.502,4.430,0.590,5.019
1774015075132066112,1774015075127089440,0.925,3.234,0.020,4.179,0.450,4.629
1774015075161565408,1774015075156967488,0.899,2.966,0.019,3.884,0.342,4.226
1774015075182033792,1774015075176975200,0.919,2.658,0.335,3.911,0.788,4.699
1774015075211876480,1774015075206980448,0.625,2.654,0.183,3.462,1.073,4.536
1774015075232345536,1774015075226890432,0.789,3.276,0.418,4.484,0.474,4.958
1774015075262659232,1774015075256946016,1.136,3.570,0.405,5.111,0.222,5.333
1774015075284208896,1774015075276950240,3.217,2.700,0.720,6.638,0.298,6.936
1774015075308613344,1774015075303352448,0.512,3.644,0.420,4.576,0.326,4.902
1774015075333097280,1774015075326966464,1.947,2.390,0.336,4.672,1.117,5.789
1774015075360948192,1774015075356988480,0.362,2.703,0.144,3.209,0.356,3.564
1774015075382697056,1774015075376973440,1.300,3.558,0.019,4.877,0.367,5.244
1774015075416439744,1774015075405446112,2.298,7.291,0.518,10.107,0.509,10.616
1774015075431798272,1774015075426977408,0.368,3.129,0.670,4.166,0.202,4.369
1774015075460728416,1774015075456976384,0.373,2.593,0.221,3.187,0.245,3.433
1774015075480822016,1774015075477070528,0.481,2.563,0.127,3.171,0.293,3.464
1774015075511439232,1774015075506926368,0.453,2.661,0.364,3.479,0.636,4.115
1774015075531448416,1774015075526935424,0.182,1.620,0.350,2.151,0.595,2.747
1774015075561740992,1774015075556953984,0.449,3.996,0.018,4.463,0.012,4.475
1774015075581561888,1774015075576951008,0.706,2.329,0.205,3.240,1.002,4.241
1774015075612920096,1774015075606957952,1.935,3.246,0.019,5.200,0.259,5.459
1774015075631728768,1774015075626957568,0.846,2.646,0.723,4.215,0.048,4.263
1774015075662343104,1774015075657316192,1.829,1.691,1.049,4.569,0.020,4.589
1774015075682942944,1774015075677046752,1.165,2.670,1.485,5.320,0.253,5.573
1774015075711612992,1774015075706970528,0.460,2.733,0.945,4.138,0.138,4.276
1774015075742216608,1774015075736963808,0.528,3.422,0.148,4.099,0.774,4.873
1774015075761914048,1774015075756974592,1.675,2.477,0.019,4.171,0.279,4.450
1774015075792586720,1774015075783773536,2.349,3.788,0.019,6.157,2.304,8.461
1774015075812688320,1774015075807203136,0.678,4.361,0.019,5.058,0.011,5.069
1774015075842676352,1774015075836945408,0.991,3.149,0.019,4.159,1.257,5.416
1774015075862434336,1774015075856943168,2.131,2.957,0.016,5.104,0.013,5.117
1774015075892880000,1774015075886988672,1.309,2.849,1.104,5.262,0.287,5.549
1774015075912403392,1774015075906924064,1.296,2.145,0.532,3.973,0.294,4.267
1774015075946314240,1774015075937037568,0.467,7.969,0.021,8.456,0.457,8.913
1774015075963134272,1774015075956955936,0.520,3.343,1.070,4.932,0.771,5.703
1774015075992461248,1774015075987107296,0.921,2.857,0.018,3.796,1.082,4.878
1774015076011497984,1774015076006966880,0.485,2.726,0.646,3.858,0.302,4.159
1774015076042395168,1774015076036980544,1.586,2.331,0.205,4.122,0.966,5.088
1774015076061868256,1774015076056989216,0.492,3.585,0.017,4.093,0.242,4.335
1774015076092729472,1774015076086933888,0.746,3.126,0.274,4.146,1.275,5.421
1774015076115145856,1774015076107063616,1.254,3.525,0.498,5.277,2.430,7.708
1774015076142150016,1774015076137001888,0.547,3.529,0.330,4.406,0.422,4.828
1774015076163216000,1774015076156943328,1.092,3.998,0.819,5.909,0.016,5.925
1774015076191031232,1774015076186945152,0.319,2.858,0.015,3.191,0.328,3.519
1774015076211366944,1774015076206921088,0.337,2.760,0.063,3.161,0.498,3.660
1774015076241972128,1774015076236943744,0.722,3.066,0.362,4.151,0.492,4.642
1774015076261290176,1774015076256946592,0.436,2.938,0.229,3.603,0.442,4.046
1774015076292512128,1774015076287077184,1.070,3.197,0.235,4.503,0.317,4.819
1774015076311690432,1774015076306974432,0.480,2.829,0.019,3.328,0.967,4.295
1774015076342308288,1774015076337115456,0.172,3.918,0.156,4.247,0.366,4.613
1774015076360844160,1774015076357030048,1.319,1.598,0.184,3.100,0.374,3.474
1774015076391384704,1774015076387060608,0.664,2.660,0.132,3.456,0.503,3.959
1774015076411134112,1774015076407073856,0.642,2.676,0.152,3.470,0.210,3.680
1774015076442201888,1774015076437213024,0.022,3.152,0.020,3.194,0.535,3.729
1774015076461594784,1774015076457094784,0.823,2.725,0.173,3.721,0.413,4.134
1774015076491236320,1774015076486936448,0.697,2.360,0.510,3.567,0.312,3.879
1774015076512451552,1774015076506907488,1.100,2.105,1.608,4.813,0.302,5.116
1774015076541519520,1774015076536944160,0.051,2.891,0.431,3.373,0.539,3.912
1774015076566117728,1774015076556935168,0.768,3.464,4.188,8.420,0.027,8.448
1774015076591989856,1774015076586919456,0.539,2.580,0.666,3.785,0.921,4.706
1774015076616104896,1774015076606916320,0.918,2.629,3.542,7.089,0.730,7.819
1774015076643030176,1774015076636937408,0.872,2.665,1.566,5.103,0.523,5.627
1774015076662861536,1774015076656909056,0.870,3.862,0.518,5.250,0.342,5.592
1774015076692221344,1774015076686893504,0.509,3.692,0.248,4.449,0.422,4.871
1774015076711805184,1774015076707120288,0.353,2.530,0.560,3.443,0.862,4.305
1774015076741232192,1774015076736923872,0.380,3.048,0.053,3.482,0.418,3.900
1774015076761334560,1774015076756936096,1.248,1.909,0.385,3.543,0.423,3.966
1774015076792393600,1774015076786905920,1.110,2.547,0.724,4.382,0.058,4.439
1774015076811744192,1774015076807000320,0.019,2.475,0.244,2.738,0.849,3.588
1774015076840798016,1774015076836919040,1.123,2.163,0.018,3.304,0.259,3.563
1774015076861058624,1774015076856919392,0.904,2.489,0.048,3.440,0.362,3.802
1774015076891809056,1774015076886909824,1.294,2.023,0.135,3.452,1.067,4.518
1774015076912688352,1774015076907304096,0.581,3.738,0.459,4.778,0.318,5.096
1774015076942684576,1774015076936985184,1.656,1.863,1.511,5.030,0.306,5.336
1774015076963357056,1774015076956889504,0.949,3.539,0.948,5.436,0.644,6.081
1774015076991872608,1774015076986944832,1.419,2.350,0.652,4.420,0.147,4.568
1774015077013268352,1774015077006905120,1.862,3.476,0.559,5.896,0.157,6.053
1774015077050231904,1774015077037192960,9.125,2.429,0.235,11.789,0.892,12.681
1774015077063150240,1774015077056915104,2.946,2.102,0.386,5.434,0.467,5.901
1774015077090841408,1774015077087049248,0.386,2.593,0.109,3.088,0.362,3.450
1774015077115759552,1774015077106989600,1.475,2.925,0.499,4.898,3.528,8.426
1774015077141669024,1774015077136870432,1.174,2.062,0.911,4.147,0.341,4.488
1774015077161897472,1774015077156986880,0.952,2.629,0.314,3.895,0.638,4.533
1774015077191972864,1774015077186914688,0.803,3.486,0.137,4.425,0.315,4.740
1774015077213217056,1774015077207130624,0.694,3.436,0.479,4.609,0.813,5.423
1774015077241048192,1774015077236955680,0.432,2.785,0.052,3.269,0.374,3.643
1774015077262778368,1774015077256912128,0.383,4.295,0.643,5.321,0.217,5.538
1774015077292115456,1774015077286974368,1.048,2.723,0.347,4.117,0.588,4.705
1774015077313212192,1774015077307441280,0.428,3.955,0.581,4.964,0.389,5.353
1774015077341574336,1774015077336926144,1.485,2.212,0.211,3.908,0.355,4.262
1774015077361209216,1774015077357146112,0.575,2.592,0.096,3.264,0.470,3.734
1774015077394388480,1774015077387052992,2.443,3.818,0.132,6.393,0.508,6.901
1774015077414236224,1774015077407555872,0.383,5.078,0.149,5.610,0.750,6.360
1774015077441465312,1774015077437120864,0.866,2.395,0.196,3.458,0.560,4.018
1774015077461228768,1774015077456914272,0.476,2.578,0.423,3.477,0.560,4.037
1774015077492129600,1774015077486866944,0.734,2.830,0.348,3.911,0.980,4.891
1774015077511382336,1774015077506928064,0.667,3.396,0.029,4.092,0.016,4.108
1774015077541783936,1774015077537187424,0.840,2.361,0.366,3.568,0.640,4.208
1774015077562287008,1774015077556965344,1.251,2.995,0.281,4.527,0.440,4.966
1774015077590780800,1774015077586896928,1.208,1.900,0.014,3.122,0.129,3.251
1774015077611838208,1774015077607330336,0.719,2.471,0.328,3.518,0.706,4.224
1774015077643821184,1774015077637129024,1.903,1.624,1.983,5.510,0.894,6.403
1774015077673540512,1774015077666942912,1.244,3.203,1.659,6.106,0.020,6.126
1774015077692326528,1774015077687037664,0.769,3.154,0.014,3.937,0.974,4.911
1774015077721397344,1774015077716888480,0.362,2.762,0.474,3.599,0.426,4.026
1774015077741112256,1774015077737079552,0.109,2.936,0.017,3.062,0.468,3.530
1774015077771108704,1774015077766961632,0.414,2.528,0.186,3.127,0.577,3.704
1774015077792810624,1774015077787059392,1.354,3.248,0.545,5.147,0.249,5.396
1774015077821288896,1774015077816910848,1.100,2.090,0.018,3.208,0.833,4.041
1774015077842055104,1774015077837025248,0.421,3.043,1.177,4.641,0.018,4.658
1774015077871213504,1774015077866899488,0.953,2.727,0.017,3.697,0.280,3.977
1774015077891992128,1774015077887026560,0.649,2.611,0.137,3.397,1.125,4.521
1774015077923115200,1774015077917091040,0.159,4.331,0.493,4.983,0.446,5.429
1774015077942264096,1774015077936984992,0.499,3.655,0.476,4.630,0.296,4.926
1774015077972502080,1774015077966883008,0.022,2.008,0.893,2.922,0.995,3.917
1774015077993327584,1774015077986868224,1.452,3.476,0.052,4.981,0.809,5.790
1774015078021801984,1774015078016888064,0.872,2.589,0.392,3.853,0.676,4.528
1774015078043470432,1774015078036957728,2.209,1.965,0.380,4.554,1.335,5.889
1774015078072049984,1774015078066969024,0.876,2.798,0.897,4.571,0.054,4.625
1774015078091839168,1774015078086878656,0.596,2.664,0.711,3.972,0.658,4.630
1774015078122956224,1774015078116889792,1.191,4.396,0.016,5.603,0.055,5.657
1774015078142449856,1774015078136937440,0.022,4.352,0.019,4.393,0.015,4.408
1774015078172071360,1774015078167172256,1.384,2.468,0.518,4.370,0.017,4.387
1774015078193145824,1774015078186955936,0.417,4.392,0.422,5.230,0.575,5.805
1774015078223557952,1774015078217085408,1.525,3.454,0.867,5.846,0.239,6.085
1774015078241895840,1774015078236881312,1.847,2.540,0.021,4.408,0.190,4.598
1774015078271725664,1774015078266902432,0.838,2.865,0.503,4.206,0.018,4.225
1774015078292388544,1774015078286889312,1.174,2.507,0.895,4.577,0.520,5.097
1774015078322420352,1774015078316918656,1.309,2.666,0.647,4.623,0.427,5.049
1774015078341282464,1774015078336907392,0.438,3.317,0.221,3.976,0.019,3.995
1774015078361803840,1774015078356952256,0.534,3.250,0.273,4.057,0.348,4.405
1774015078390889344,1774015078386892160,1.134,2.059,0.241,3.434,0.223,3.657
1774015078415664704,1774015078409606272,0.765,3.610,0.055,4.430,0.805,5.235
1774015078441453728,1774015078436941216,1.364,2.007,0.366,3.737,0.462,4.199
1774015078473431232,1774015078467034560,0.460,2.584,2.622,5.666,0.240,5.906
1774015078490946880,1774015078487034944,1.117,1.767,0.377,3.262,0.293,3.555
1774015078519838624,1774015078506878848,0.029,3.737,7.763,11.529,0.243,11.772
1774015078548970624,1774015078536884320,0.728,4.964,5.852,11.544,0.212,11.757
1774015078561054624,1774015078556758336,0.639,2.470,0.550,3.660,0.235,3.895
1774015078591227840,1774015078586904160,0.705,2.835,0.491,4.030,0.019,4.049
1774015078612843936,1774015078606889600,0.881,3.576,0.581,5.038,0.579,5.617
1774015078640920352,1774015078636897600,1.082,2.168,0.014,3.265,0.406,3.671
1774015078661947392,1774015078656863520,0.365,2.704,0.130,3.199,1.547,4.746
1774015078691954272,1774015078686874880,0.471,2.854,1.022,4.348,0.283,4.631
1774015078714304544,1774015078706880896,1.194,3.224,0.421,4.839,1.990,6.829
1774015078742228608,1774015078736928064,1.711,2.421,0.567,4.699,0.242,4.942
1774015078761209024,1774015078756912704,0.646,2.812,0.020,3.479,0.531,4.010
1774015078790831776,1774015078786882176,0.448,2.450,0.434,3.332,0.147,3.479
1774015078812112352,1774015078806864448,1.167,2.492,0.833,4.492,0.405,4.897
1774015078841039744,1774015078836897920,0.281,2.645,0.446,3.372,0.288,3.660
1774015078871702432,1774015078866894368,0.697,2.882,0.444,4.023,0.496,4.518
1774015078891911264,1774015078886884032,0.725,2.714,0.431,3.870,0.319,4.189
1774015078921747200,1774015078916832992,0.728,3.770,0.019,4.517,0.015,4.532
1774015078943307392,1774015078936860896,0.438,4.403,0.913,5.754,0.377,6.131
1774015078972019328,1774015078966813152,1.186,2.910,0.614,4.711,0.205,4.915
1774015078993343104,1774015078987110624,2.163,2.065,0.805,5.033,0.601,5.634
1774015079021609600,1774015079017063296,0.984,2.620,0.242,3.845,0.316,4.161
1774015079047913344,1774015079036918560,0.803,2.810,6.254,9.867,0.228,10.095
1774015079071023872,1774015079066850432,0.503,2.795,0.128,3.426,0.407,3.833
1774015079091372320,1774015079086847232,0.750,2.616,0.092,3.458,0.736,4.194
1774015079121759776,1774015079116883520,0.743,3.127,0.502,4.372,0.195,4.567
1774015079142161760,1774015079136872864,0.433,3.337,0.451,4.221,0.125,4.347
1774015079170826816,1774015079166834560,0.570,2.807,0.015,3.391,0.265,3.656
1774015079191353952,1774015079186887168,0.259,2.522,0.252,3.033,0.683,3.716
1774015079222447264,1774015079216947040,1.322,2.769,0.604,4.695,0.377,5.071
1774015079241241536,1774015079236863584,0.919,2.468,0.229,3.615,0.411,4.026
1774015079270810304,1774015079266895424,1.054,2.488,0.019,3.561,0.014,3.575
1774015079291980448,1774015079286876448,0.621,2.742,0.951,4.314,0.453,4.767
1774015079320351648,1774015079316902464,1.269,1.779,0.019,3.067,0.016,3.083
1774015079343106400,1774015079336914624,0.022,2.932,2.065,5.019,0.237,5.255
1774015079372910176,1774015079367168096,1.723,3.177,0.166,5.066,0.301,5.367
1774015079392380576,1774015079387199584,1.872,1.782,0.540,4.194,0.623,4.817
1774015079422541504,1774015079416883168,0.738,4.001,0.253,4.992,0.261,5.253
1774015079442323008,1774015079436839040,1.271,2.511,0.348,4.130,0.839,4.969
1774015079473568480,1774015079466812640,1.825,2.853,0.952,5.630,0.210,5.840
1774015079491828480,1774015079486844832,0.542,3.561,0.242,4.345,0.298,4.643
1774015079521324960,1774015079516867168,0.657,2.629,0.360,3.646,0.429,4.075
1774015079541067648,1774015079536860768,0.831,2.345,0.248,3.424,0.353,3.777
1774015079571996864,1774015079566874848,1.450,3.124,0.017,4.591,0.124,4.715
1774015079591414496,1774015079586856032,0.435,2.593,0.485,3.513,0.676,4.189
1774015079621448384,1774015079616874912,0.642,3.035,0.135,3.812,0.400,4.212
1774015079641265248,1774015079636866496,0.351,2.794,0.208,3.353,0.593,3.946
1774015079672146016,1774015079666856576,1.221,2.888,0.516,4.626,0.304,4.929
1774015079691478688,1774015079686872960,0.173,2.829,0.267,3.269,0.730,3.999
1774015079722640928,1774015079716841152,1.920,1.813,1.413,5.146,0.311,5.457
1774015079741568640,1774015079736851136,0.927,2.738,0.526,4.191,0.150,4.340
1774015079772539200,1774015079766853440,1.530,2.726,0.462,4.718,0.537,5.255
1774015079792973504,1774015079786853280,1.143,3.596,0.665,5.403,0.373,5.777
1774015079822194848,1774015079816870464,0.787,2.734,1.038,4.559,0.382,4.941
1774015079841148128,1774015079836863360,0.397,2.753,0.018,3.167,0.486,3.654
1774015079874853376,1774015079867440032,0.576,4.531,0.963,6.070,0.994,7.064
1774015079892234208,1774015079886831488,0.516,3.193,0.597,4.306,0.624,4.930
1774015079923167232,1774015079916835840,0.751,2.856,2.040,5.647,0.309,5.956
1774015079941370112,1774015079936919680,0.030,2.602,0.179,2.811,0.669,3.480
1774015079972120128,1774015079966846368,0.564,2.876,1.119,4.559,0.376,4.935
1774015079993422752,1774015079986888352,0.019,2.332,0.018,2.370,0.404,2.774
1774015080021586016,1774015080016742240,1.156,2.348,0.019,3.523,0.916,4.439
1774015080041899744,1774015080036825056,1.529,1.998,0.110,3.638,1.097,4.735
1774015080072090528,1774015080066842688,1.852,1.965,0.421,4.238,0.690,4.927
1774015080093361056,1774015080086920128,0.837,3.843,0.425,5.105,0.853,5.958
1774015080116669312,1774015080112284096,0.023,0.559,0.541,1.124,0.125,1.249
1774015080142054176,1774015080136824000,1.155,2.660,0.569,4.384,0.511,4.895
1774015080171629056,1774015080166842656,0.370,2.733,0.816,3.918,0.354,4.272
1774015080191381952,1774015080186834240,0.592,2.778,0.218,3.588,0.616,4.204
1774015080217073152,1774015080211017280,3.967,0.434,0.020,4.421,1.211,5.632
1774015080241993184,1774015080236808192,1.379,2.786,0.032,4.196,0.595,4.792
1774015080265451328,1774015080260890208,1.116,2.938,0.019,4.074,0.017,4.091
1774015080291534784,1774015080286882336,0.740,2.626,0.341,3.708,0.425,4.133
1774015080322234784,1774015080316885760,1.250,2.519,1.078,4.846,0.062,4.909
1774015080347776928,1774015080336885888,0.836,3.767,0.261,4.863,5.080,9.943
1774015080370955232,1774015080365395808,0.913,3.487,0.159,4.559,0.496,5.055
1774015080392392672,1774015080386827168,0.020,2.485,0.326,2.831,1.797,4.627
1774015080422314432,1774015080416797152,0.021,4.562,0.020,4.602,0.015,4.617
1774015080441516832,1774015080436859136,1.314,2.469,0.159,3.942,0.382,4.324
1774015080471760992,1774015080467048288,1.371,1.776,0.185,3.331,0.940,4.272
1774015080491574848,1774015080486900544,1.302,2.510,0.131,3.944,0.412,4.356
1774015080522002464,1774015080516843168,1.002,2.235,0.559,3.796,0.685,4.481
1774015080541543936,1774015080536834752,0.213,2.820,0.118,3.152,0.643,3.794
1774015080573044000,1774015080566899328,1.182,3.338,0.951,5.471,0.020,5.492
1774015080593109216,1774015080586940800,0.338,3.087,0.626,4.051,1.182,5.233
1774015080624939584,1774015080616874848,3.039,4.090,0.422,7.551,0.126,7.677
1774015080641360864,1774015080636848352,1.654,2.126,0.016,3.796,0.363,4.159
1774015080672491168,1774015080666870528,0.514,2.777,0.833,4.124,1.140,5.264
1774015080693869056,1774015080686850016,1.815,3.532,0.018,5.364,1.169,6.533
1774015080723892832,1774015080716862336,0.538,3.817,1.878,6.233,0.394,6.627
1774015080742283168,1774015080736868608,1.721,1.845,0.479,4.046,0.833,4.878
1774015080772460544,1774015080766832672,0.728,2.835,0.797,4.360,0.537,4.898
1774015080791972512,1774015080786908224,1.234,2.646,0.799,4.679,0.021,4.700
1774015080821604640,1774015080817320416,1.414,1.918,0.107,3.439,0.469,3.908
1774015080843369408,1774015080836878016,1.996,2.698,1.166,5.860,0.020,5.880
1774015080873271648,1774015080866844320,0.227,1.894,2.080,4.201,0.024,4.225
1774015080892683104,1774015080886860288,1.188,2.909,0.755,4.852,0.633,5.486
1774015080921536576,1774015080916771552,2.144,1.674,0.122,3.940,0.401,4.342
1774015080941593664,1774015080936847648,0.299,3.382,0.271,3.952,0.372,4.324
1774015080973040480,1774015080966880096,0.784,4.341,0.158,5.283,0.264,5.548
1774015080991233248,1774015080986933664,0.806,2.562,0.229,3.597,0.319,3.916
1774015081021211776,1774015081016880384,1.116,2.113,0.153,3.382,0.469,3.851
1774015081045346784,1774015081037294144,2.835,3.036,0.814,6.685,0.609,7.294
1774015081073322048,1774015081066879680,1.273,3.299,0.781,5.353,0.762,6.115
1774015081091978304,1774015081086873280,0.538,3.090,0.509,4.137,0.330,4.467
1774015081125019712,1774015081116963552,2.537,3.070,0.538,6.145,1.189,7.333
1774015081142827424,1774015081136817088,1.410,2.107,1.318,4.835,0.806,5.640
1774015081173993952,1774015081166824000,1.158,3.041,1.546,5.745,0.942,6.687
1774015081201813792,1774015081196855424,1.455,1.864,0.559,3.878,0.508,4.386
1774015081221959104,1774015081216828672,0.163,2.517,0.707,3.387,0.758,4.145
1774015081253363040,1774015081246835072,0.915,2.999,1.721,5.635,0.513,6.148
1774015081272155264,1774015081266988480,0.476,2.617,1.207,4.300,0.499,4.799
1774015081301194240,1774015081296825792,0.022,1.962,0.398,2.381,0.426,2.807
1774015081322692000,1774015081316833920,1.475,3.837,0.019,5.331,0.172,5.503
1774015081353216480,1774015081346853216,1.491,3.216,0.400,5.108,0.374,5.482
1774015081370839520,1774015081366789024,0.759,2.337,0.288,3.384,0.282,3.666
1774015081399421216,1774015081393035168,1.030,3.526,0.135,4.692,0.969,5.661
1774015081421149824,1774015081412897472,2.372,2.795,0.301,5.468,2.410,7.878
1774015081452187936,1774015081446833792,1.117,3.000,0.172,4.288,0.588,4.876
1774015081472571680,1774015081466806368,2.514,2.166,0.132,4.812,0.601,5.413
1774015081503484256,1774015081496808768,0.778,5.299,0.022,6.099,0.014,6.114
1774015081521378144,1774015081516817856,1.654,1.916,0.163,3.732,0.369,4.101
1774015081550880416,1774015081546874048,1.657,1.705,0.071,3.434,0.208,3.642
1774015081571875616,1774015081566934208,1.263,2.765,0.017,4.046,0.478,4.524
1774015081602018464,1774015081596850272,0.942,2.933,0.650,4.526,0.337,4.863
1774015081622471648,1774015081616821216,0.543,2.475,1.521,4.539,0.781,5.320
1774015081651674784,1774015081646823648,0.947,2.906,0.083,3.935,0.355,4.291
1774015081672174432,1774015081666798560,0.678,3.156,0.017,3.851,1.152,5.003
1774015081701338816,1774015081696829664,1.010,2.366,0.483,3.859,0.282,4.141
1774015081720988896,1774015081716830816,1.223,1.981,0.174,3.377,0.495,3.873
1774015081751090240,1774015081746822272,0.850,2.428,0.436,3.714,0.223,3.937
1774015081772160224,1774015081767191872,0.021,2.132,0.253,2.405,0.627,3.033
1774015081801434784,1774015081796916512,0.025,1.984,0.240,2.249,0.521,2.770
1774015081822702912,1774015081816895424,0.356,4.081,0.809,5.246,0.149,5.395
1774015081852561216,1774015081846983328,2.161,1.886,0.315,4.362,0.859,5.221
1774015081871809056,1774015081866861824,0.780,3.211,0.577,4.568,0.017,4.585
1774015081901613568,1774015081896812672,0.020,3.687,0.019,3.727,0.187,3.914
1774015081922774272,1774015081916771744,1.224,2.996,0.667,4.887,0.608,5.495
1774015081951733248,1774015081946912256,0.624,2.886,0.295,3.806,0.699,4.504
1774015081972216512,1774015081966877984,0.639,2.459,1.863,4.961,0.022,4.983
1774015082005617696,1774015081997361216,1.909,3.140,0.199,5.248,0.655,5.903
1774015082022596192,1774015082016952768,1.791,2.120,0.496,4.407,0.024,4.431
1774015082051458176,1774015082046924064,0.449,2.360,0.422,3.231,0.498,3.729
1774015082072110400,1774015082066822208,0.765,2.752,0.980,4.497,0.414,4.911
1774015082101272576,1774015082096810752,0.458,2.717,0.286,3.461,0.324,3.785
1774015082120904384,1774015082116798400,0.024,2.369,0.238,2.630,0.346,2.977
1774015082151454400,1774015082146819552,1.547,2.073,0.476,4.097,0.221,4.318
1774015082171231776,1774015082166820384,1.573,2.005,0.106,3.684,0.390,4.074
1774015082201853376,1774015082196799808,0.173,2.462,0.015,2.650,0.927,3.576
1774015082221953088,1774015082216781440,1.174,2.791,0.276,4.241,0.598,4.839
1774015082251847200,1774015082246802976,0.147,4.000,0.019,4.166,0.212,4.378
1774015082271854208,1774015082266799648,1.773,1.984,0.297,4.055,0.664,4.719
1774015082302635296,1774015082296892288,1.164,4.179,0.014,5.358,0.013,5.370
1774015082321391008,1774015082316805760,0.751,2.673,0.309,3.733,0.463,4.196
1774015082341430368,1774015082337120096,0.412,3.242,0.016,3.670,0.223,3.893
1774015082372643232,1774015082367081984,2.084,2.095,0.994,5.174,0.030,5.203
1774015082391370400,1774015082386847200,0.214,2.595,0.468,3.277,0.474,3.751
1774015082423087264,1774015082416809024,1.890,2.905,0.689,5.484,0.418,5.901
1774015082441042176,1774015082436742048,0.252,3.072,0.338,3.662,0.133,3.796
1774015082472894080,1774015082466805152,0.195,3.855,0.304,4.354,0.671,5.026
1774015082492015968,1774015082486819200,2.211,1.842,0.580,4.633,0.260,4.893
1774015082520925536,1774015082516896288,0.419,2.747,0.240,3.406,0.286,3.692
1774015082541720224,1774015082536808480,1.100,2.933,0.199,4.232,0.369,4.601
1774015082573332672,1774015082566950208,0.860,4.323,0.201,5.384,0.604,5.987
1774015082595278464,1774015082586839264,2.262,2.818,2.195,7.275,0.785,8.059
1774015082621385088,1774015082616852960,1.546,2.082,0.284,3.912,0.189,4.102
1774015082652136192,1774015082646795968,0.895,3.429,0.385,4.709,0.247,4.955
1774015082672068896,1774015082666814912,0.789,3.614,0.018,4.421,0.482,4.903
1774015082701926176,1774015082696928032,1.358,2.096,0.219,3.673,0.521,4.194
1774015082721226304,1774015082716867936,0.739,2.559,0.233,3.531,0.343,3.875
1774015082751159520,1774015082746781632,0.981,1.925,0.598,3.504,0.356,3.859
1774015082771413376,1774015082766907776,0.893,2.367,0.317,3.577,0.533,4.110
1774015082803294208,1774015082796810560,1.716,4.289,0.018,6.022,0.057,6.080
1774015082821243584,1774015082816825408,0.488,2.962,0.206,3.656,0.477,4.133
1774015082851709408,1774015082846830976,0.882,2.973,0.291,4.146,0.376,4.522
1774015082872275840,1774015082867554848,0.408,2.392,0.306,3.107,1.283,4.389
1774015082902048576,1774015082896890016,1.121,3.558,0.018,4.697,0.013,4.710
1774015082921784000,1774015082916752256,0.901,2.474,0.701,4.076,0.508,4.584
1774015082953363552,1774015082946801056,0.024,4.148,0.784,4.957,0.021,4.978
1774015082971344992,1774015082966758240,0.317,2.404,1.093,3.814,0.105,3.920
1774015083001384992,1774015082996765888,0.897,2.895,0.142,3.934,0.249,4.183
1774015083022863712,1774015083016785824,2.222,2.052,0.723,4.997,0.496,5.494
1774015083052252736,1774015083046853760,0.910,3.219,0.275,4.403,0.710,5.113
1774015083074865952,1774015083066785216,3.084,2.648,0.486,6.218,1.333,7.551
1774015083100971936,1774015083096785216,0.446,2.988,0.392,3.826,0.021,3.847
1774015083124752256,1774015083116738432,2.055,4.095,0.357,6.507,0.479,6.985
1774015083151236448,1774015083146760896,1.175,2.139,0.279,3.592,0.509,4.102
1774015083177091264,1774015083167473152,0.618,2.554,5.049,8.221,1.100,9.320
1774015083201295200,1774015083196844896,0.783,2.495,0.734,4.013,0.020,4.033
1774015083225453568,1774015083217039200,4.491,1.919,1.690,8.100,0.021,8.121
1774015083251720224,1774015083246788832,0.977,2.659,0.124,3.759,0.832,4.592
1774015083271368832,1774015083266724448,0.581,2.643,0.777,4.001,0.333,4.334
1774015083301730432,1774015083296806528,0.599,2.865,0.201,3.664,0.568,4.233
1774015083320917568,1774015083316728064,0.023,2.273,0.327,2.623,0.377,3.000
1774015083351913920,1774015083346797792,1.912,1.945,0.229,4.086,0.632,4.718
1774015083372888320,1774015083366680480,1.705,2.973,0.289,4.967,0.914,5.881
1774015083401501376,1774015083396767488,0.609,2.587,0.835,4.031,0.333,4.364
1774015083421757632,1774015083416785120,1.681,1.913,0.279,3.873,0.354,4.227
1774015083452595488,1774015083446798848,2.276,1.859,0.154,4.289,0.875,5.165
1774015083476389472,1774015083466770176,7.534,0.035,0.315,7.884,0.929,8.813
1774015083507610784,1774015083496906496,4.378,2.463,1.812,8.653,0.134,8.787
1774015083521925888,1774015083516870752,0.023,2.351,0.462,2.836,0.772,3.608
1774015083553379648,1774015083546887808,0.752,4.170,0.019,4.941,1.215,6.157
1774015083570902624,1774015083566769792,0.565,2.503,0.356,3.425,0.306,3.731
1774015083601750720,1774015083596773408,1.343,2.646,0.148,4.137,0.432,4.568
1774015083621920032,1774015083616771584,0.020,1.746,0.229,1.996,1.219,3.215
1774015083652524704,1774015083646795648,1.227,3.584,0.540,5.351,0.018,5.369
1774015083673209216,1774015083666768896,2.737,2.284,0.150,5.170,0.487,5.657
1774015083702199680,1774015083696764832,1.595,3.347,0.020,4.963,0.014,4.977
1774015083723170784,1774015083716745504,0.765,4.415,0.275,5.456,0.574,6.031
1774015083755694656,1774015083746884704,2.548,4.871,0.700,8.119,0.292,8.411
1774015083772824960,1774015083766719392,0.023,2.955,1.157,4.134,0.598,4.732
1774015083803030080,1774015083797288256,2.097,2.273,0.020,4.390,0.053,4.443
1774015083831130176,1774015083826806432,0.816,3.195,0.016,4.028,0.013,4.041
1774015083852121504,1774015083846713312,1.716,2.040,0.572,4.328,0.181,4.509
1774015083880958176,1774015083876941952,0.066,2.383,0.292,2.741,0.363,3.105
1774015083901774368,1774015083896669056,1.007,2.669,0.818,4.494,0.322,4.815
1774015083934588480,1774015083926678464,0.819,2.994,3.354,7.168,0.432,7.600
1774015083951228032,1774015083946700032,0.559,2.680,0.556,3.795,0.382,4.177
1774015083982023872,1774015083976824000,1.902,1.874,0.274,4.050,0.317,4.367
1774015084000839968,1774015083996652672,0.845,2.406,0.214,3.465,0.423,3.889
1774015084031141760,1774015084026757760,0.021,2.179,0.176,2.376,0.479,2.855
1774015084052078304,1774015084046685408,1.229,3.650,0.020,4.899,0.204,5.103
1774015084082917216,1774015084076738464,2.551,2.755,0.019,5.324,0.278,5.602
1774015084101241824,1774015084096665248,0.452,2.727,0.583,3.761,0.522,4.284
1774015084130812288,1774015084126763776,0.419,2.767,0.513,3.698,0.019,3.718
1774015084151180032,1774015084146739680,1.269,2.778,0.025,4.072,0.014,4.086
1774015084180758592,1774015084176891296,0.355,2.747,0.015,3.117,0.354,3.471
1774015084201994784,1774015084196836032,1.287,2.482,0.018,3.786,0.459,4.245
1774015084233327168,1774015084226801024,0.611,4.801,0.263,5.676,0.281,5.957
1774015084251537216,1774015084246735744,1.483,2.305,0.609,4.396,0.019,4.416
1774015084282247776,1774015084276744128,0.687,2.816,0.594,4.097,1.029,5.126
1774015084300797568,1774015084296759584,1.017,2.042,0.112,3.172,0.301,3.473
1774015084331181088,1774015084326789152,0.383,3.614,0.010,4.008,0.006,4.014
1774015084351503168,1774015084346740512,0.571,2.609,0.719,3.899,0.532,4.432
1774015084381663104,1774015084376749888,1.441,2.358,0.184,3.982,0.476,4.458
1774015084397902656,1774015084393103872,1.335,2.375,0.350,4.061,0.402,4.463
1774015084433307296,1774015084426847360,1.900,3.547,0.395,5.842,0.175,6.018
1774015084451015392,1774015084446776352,0.696,2.020,1.106,3.822,0.021,3.843
