monotonic_time_ns,ros_time_sec,ros_time_nsec,cpu_core_0_percent,cpu_core_1_percent,cpu_core_2_percent,cpu_core_3_percent,cpu_core_4_percent,cpu_core_5_percent
2370149769611,1777550204,414421839,0.000,0.000,0.000,0.000,0.000,0.000
2370169853405,1777550204,434505729,0.000,50.000,0.000,0.000,0.000,0.000
2370189833541,1777550204,454485672,0.000,0.000,0.000,0.000,50.000,0.000
2370209846000,1777550204,474498387,0.000,0.000,0.000,0.000,0.000,0.000
2370229843033,1777550204,494497404,100.000,0.000,0.000,50.000,0.000,0.000
2370249836353,1777550204,514489573,0.000,0.000,0.000,0.000,0.000,0.000
2370269839851,1777550204,534493615,0.000,0.000,0.000,0.000,0.000,0.000
2370289835988,1777550204,554489496,100.000,100.000,0.000,0.000,0.000,0.000
2370309842270,1777550204,574495970,50.000,100.000,0.000,0.000,0.000,0.000
2370329838792,1777550204,594492971,100.000,100.000,50.000,0.000,50.000,0.000
2370349905048,1777550204,614555003,0.000,100.000,0.000,0.000,50.000,0.000
2370369831066,1777550204,634485245,50.000,100.000,0.000,100.000,0.000,0.000
2370389836196,1777550204,654489607,50.000,100.000,0.000,0.000,0.000,0.000
2370409895924,1777550204,674548887,50.000,100.000,0.000,0.000,0.000,0.000
2370429841783,1777550204,694495419,0.000,100.000,0.000,0.000,0.000,0.000
2370449834912,1777550204,714488516,50.000,100.000,0.000,0.000,0.000,0.000
2370469834985,1777550204,734489293,50.000,100.000,50.000,0.000,50.000,50.000
2370489834355,1777550204,754487831,0.000,100.000,0.000,0.000,0.000,0.000
2370509847198,1777550204,774500961,50.000,100.000,0.000,0.000,0.000,0.000
2370529838694,1777550204,794492586,66.667,100.000,100.000,0.000,0.000,0.000
2370549842544,1777550204,814495700,0.000,100.000,0.000,0.000,0.000,0.000
2370569839033,1777550204,834492669,0.000,100.000,50.000,0.000,0.000,0.000
2370589840451,1777550204,854494439,0.000,100.000,0.000,0.000,0.000,50.000
2370609835020,1777550204,874487567,0.000,100.000,0.000,0.000,0.000,50.000
2370629831701,1777550204,894484536,0.000,100.000,0.000,0.000,0.000,0.000
2370649836799,1777550204,914489730,0.000,100.000,0.000,0.000,0.000,0.000
2370669834056,1777550204,934487852,50.000,100.000,50.000,0.000,0.000,50.000
2370690520506,1777550204,955175038,100.000,100.000,100.000,100.000,100.000,100.000
2370709838875,1777550204,974492671,0.000,100.000,50.000,0.000,0.000,0.000
2370729848262,1777550204,994502506,100.000,100.000,50.000,0.000,100.000,100.000
2370749840207,1777550205,14494386,0.000,100.000,0.000,0.000,0.000,0.000
2370769841720,1777550205,34501244,100.000,100.000,100.000,100.000,50.000,100.000
2370789838593,1777550205,54493509,50.000,100.000,50.000,100.000,100.000,50.000
2370809842635,1777550205,74497391,100.000,100.000,100.000,66.667,50.000,100.000
2370829849813,1777550205,94503833,100.000,100.000,0.000,50.000,50.000,0.000
2370849839454,1777550205,114492641,100.000,0.000,0.000,100.000,0.000,0.000
2370870002649,1777550205,134656284,100.000,50.000,0.000,50.000,0.000,0.000
2370889889270,1777550205,154543066,100.000,0.000,0.000,50.000,50.000,0.000
2370909838618,1777550205,174491902,100.000,0.000,0.000,50.000,0.000,0.000
2370929838596,1777550205,194492359,100.000,33.333,50.000,0.000,0.000,0.000
2370949884242,1777550205,214535893,100.000,0.000,0.000,0.000,50.000,0.000
2370969927840,1777550205,234582052,100.000,0.000,0.000,50.000,0.000,0.000
2370989890822,1777550205,254544361,100.000,0.000,0.000,0.000,0.000,66.667
2371009838185,1777550205,274491917,100.000,0.000,50.000,50.000,50.000,0.000
2371029839955,1777550205,294493751,100.000,50.000,0.000,0.000,100.000,50.000
2371049881537,1777550205,314535141,100.000,50.000,0.000,0.000,100.000,0.000
2371069837958,1777550205,334491657,100.000,0.000,0.000,0.000,0.000,0.000
2371089834895,1777550205,354487795,100.000,0.000,0.000,0.000,0.000,0.000
2371109836729,1777550205,374489116,100.000,0.000,0.000,0.000,0.000,0.000
2371129854948,1777550205,394507880,100.000,50.000,0.000,0.000,50.000,0.000
2371149838060,1777550205,414490287,100.000,0.000,0.000,0.000,0.000,0.000
2371169888666,1777550205,434542174,100.000,0.000,0.000,50.000,0.000,50.000
2371190024370,1777550205,454677078,100.000,0.000,0.000,0.000,50.000,0.000
2371209838248,1777550205,474491244,100.000,0.000,0.000,50.000,0.000,0.000
2371229838386,1777550205,494491893,100.000,0.000,50.000,50.000,50.000,0.000
2371249837179,1777550205,514490207,100.000,0.000,0.000,0.000,0.000,0.000
2371269839013,1777550205,534491464,100.000,0.000,50.000,100.000,50.000,0.000
2371289856752,1777550205,554509620,100.000,0.000,0.000,0.000,0.000,0.000
2371309830743,1777550205,574483290,100.000,0.000,0.000,0.000,0.000,0.000
2371329842945,1777550205,594496677,100.000,50.000,0.000,0.000,50.000,0.000
2371349851116,1777550205,614505167,100.000,50.000,0.000,100.000,0.000,0.000
2371369957921,1777550205,634618789,100.000,100.000,100.000,50.000,100.000,100.000
2371391145608,1777550205,655799468,100.000,100.000,100.000,100.000,100.000,100.000
2371409837959,1777550205,674493579,100.000,100.000,100.000,0.000,100.000,100.000
2371429835920,1777550205,694489492,100.000,100.000,100.000,0.000,100.000,100.000
2371449835289,1777550205,714489949,100.000,100.000,100.000,0.000,100.000,100.000
2371469836163,1777550205,734489895,100.000,100.000,100.000,100.000,50.000,100.000
2371489834732,1777550205,754488112,100.000,0.000,0.000,0.000,100.000,100.000
2371509839254,1777550205,774492122,100.000,100.000,100.000,50.000,100.000,100.000
2371529834047,1777550205,794486467,100.000,50.000,100.000,0.000,100.000,0.000
2371549838249,1777550205,814491117,0.000,0.000,0.000,0.000,0.000,0.000
2371569842867,1777550205,834496823,0.000,0.000,0.000,0.000,0.000,0.000
2371589844221,1777550205,854497984,0.000,50.000,0.000,50.000,50.000,50.000
2371609839782,1777550205,874492393,0.000,0.000,0.000,50.000,0.000,0.000
2371629835535,1777550205,894487762,50.000,50.000,0.000,0.000,0.000,0.000
2371649837144,1777550205,914488284,0.000,0.000,0.000,50.000,0.000,0.000
2371669836834,1777550205,934488357,0.000,0.000,100.000,50.000,50.000,0.000
2371689844396,1777550205,954495631,50.000,0.000,0.000,0.000,0.000,0.000
2371709839157,1777550205,974490168,0.000,0.000,50.000,0.000,0.000,0.000
2371729839806,1777550205,994490818,0.000,0.000,0.000,0.000,0.000,0.000
2371749836263,1777550206,14487147,0.000,0.000,0.000,0.000,0.000,100.000
2371769852755,1777550206,34506774,0.000,0.000,0.000,50.000,0.000,0.000
2371790415320,1777550206,55068860,100.000,0.000,100.000,100.000,100.000,0.000
2371809858694,1777550206,74513994,100.000,100.000,100.000,100.000,100.000,100.000
2371829855855,1777550206,94509011,100.000,100.000,100.000,100.000,100.000,100.000
2371849843224,1777550206,114502012,100.000,100.000,100.000,100.000,100.000,100.000
2371869859715,1777550206,134513927,100.000,100.000,100.000,100.000,100.000,100.000
2371890563159,1777550206,155217467,100.000,100.000,100.000,100.000,100.000,100.000
2371909941022,1777550206,174594882,100.000,100.000,100.000,100.000,100.000,100.000
2371929885346,1777550206,194539270,100.000,100.000,100.000,50.000,100.000,100.000
2371949840743,1777550206,214495306,100.000,100.000,100.000,100.000,100.000,100.000
2371970088650,1777550206,234742702,100.000,100.000,100.000,100.000,100.000,100.000
2371990095605,1777550206,254749496,100.000,50.000,0.000,100.000,100.000,100.000
2372009836291,1777550206,274490726,0.000,0.000,100.000,100.000,66.667,0.000
2372029835980,1777550206,294490288,0.000,100.000,0.000,0.000,50.000,50.000
2372049839510,1777550206,314492890,50.000,0.000,50.000,50.000,0.000,0.000
2372069836863,1777550206,334490627,100.000,100.000,100.000,100.000,100.000,100.000
2372089870220,1777550206,354524336,100.000,100.000,100.000,100.000,100.000,66.667
2372109836626,1777550206,374490390,50.000,50.000,0.000,0.000,50.000,0.000
2372129840796,1777550206,394494880,100.000,100.000,100.000,50.000,50.000,0.000
2372150010199,1777550206,414662683,50.000,0.000,0.000,0.000,0.000,50.000
2372170044676,1777550206,434698088,0.000,0.000,0.000,50.000,50.000,50.000
2372189842232,1777550206,454495740,0.000,0.000,0.000,0.000,50.000,0.000
2372209841090,1777550206,474494277,0.000,0.000,0.000,0.000,50.000,0.000
2372229835851,1777550206,494488398,50.000,50.000,0.000,0.000,100.000,0.000
2372249840437,1777550206,514492856,50.000,0.000,0.000,0.000,50.000,50.000
2372270012912,1777550206,534665684,0.000,0.000,0.000,0.000,50.000,0.000
2372289837575,1777550206,554491819,0.000,50.000,0.000,50.000,0.000,50.000
2372309837201,1777550206,574489652,0.000,0.000,50.000,0.000,0.000,0.000
2372329841979,1777550206,594495614,100.000,50.000,50.000,0.000,0.000,50.000
2372349837348,1777550206,614490503,0.000,0.000,0.000,0.000,50.000,0.000
2372370143566,1777550206,634797297,0.000,50.000,0.000,0.000,0.000,0.000
2372389865914,1777550206,654518973,0.000,50.000,50.000,100.000,0.000,0.000
2372409835680,1777550206,674489252,0.000,0.000,50.000,0.000,0.000,0.000
2372429835465,1777550206,694488109,100.000,0.000,0.000,0.000,0.000,0.000
2372449830514,1777550206,714482838,66.667,50.000,0.000,0.000,0.000,0.000
2372469845469,1777550206,734497633,0.000,0.000,0.000,50.000,0.000,0.000
2372489840134,1777550206,754492554,0.000,0.000,0.000,0.000,50.000,0.000
2372509801580,1777550206,774454127,50.000,0.000,0.000,50.000,0.000,0.000
2372529802453,1777550206,794455001,0.000,0.000,50.000,50.000,0.000,50.000
2372549834626,1777550206,814487430,0.000,0.000,0.000,0.000,50.000,0.000
2372569811369,1777550206,834463981,50.000,0.000,0.000,0.000,0.000,50.000
2372589833877,1777550206,854486392,0.000,0.000,50.000,0.000,0.000,50.000
2372609832830,1777550206,874484898,0.000,0.000,50.000,0.000,0.000,50.000
2372629832776,1777550206,894484459,50.000,0.000,50.000,0.000,0.000,0.000
2372649829297,1777550206,914480884,0.000,50.000,0.000,0.000,0.000,50.000
2372670399863,1777550206,935053402,100.000,100.000,100.000,66.667,100.000,100.000
2372689858023,1777550206,954511306,0.000,0.000,50.000,0.000,0.000,0.000
2372709838958,1777550206,974492722,0.000,50.000,50.000,100.000,100.000,0.000
2372729834807,1777550206,994488027,50.000,50.000,50.000,0.000,0.000,100.000
2372749832352,1777550207,14485412,0.000,50.000,0.000,0.000,50.000,0.000
2372769838667,1777550207,34491822,50.000,0.000,0.000,0.000,0.000,50.000
2372789834548,1777550207,54487095,0.000,0.000,0.000,50.000,0.000,0.000
2372809831485,1777550207,74484768,0.000,0.000,0.000,0.000,0.000,50.000
2372829835399,1777550207,94488010,0.000,0.000,100.000,50.000,50.000,0.000
2372849836272,1777550207,114489268,100.000,0.000,0.000,0.000,66.667,0.000
2372869835386,1777550207,134487197,50.000,0.000,0.000,50.000,0.000,50.000
2372889835971,1777550207,154488039,0.000,50.000,50.000,100.000,0.000,50.000
2372909836589,1777550207,174488528,0.000,50.000,0.000,50.000,100.000,0.000
2372929833366,1777550207,194486329,0.000,100.000,50.000,0.000,0.000,0.000
2372949831327,1777550207,214483747,0.000,50.000,0.000,50.000,100.000,50.000
2372969809574,1777550207,234462346,0.000,0.000,0.000,0.000,0.000,0.000
2372989835474,1777550207,254488470,50.000,0.000,0.000,66.667,0.000,50.000
2373009836252,1777550207,274489440,50.000,0.000,0.000,0.000,50.000,0.000
2373029833093,1777550207,294486121,0.000,50.000,0.000,0.000,0.000,0.000
2373049832654,1777550207,314485490,50.000,50.000,0.000,0.000,100.000,50.000
2373069833656,1777550207,334485628,50.000,0.000,50.000,0.000,0.000,100.000
2373089836066,1777550207,354488005,0.000,0.000,0.000,0.000,0.000,0.000
2373109829579,1777550207,374481998,50.000,50.000,0.000,50.000,0.000,0.000
2373129838837,1777550207,394491481,0.000,50.000,100.000,0.000,100.000,50.000
2373149838270,1777550207,414490370,100.000,0.000,0.000,0.000,0.000,50.000
2373169846889,1777550207,434499052,0.000,0.000,0.000,100.000,50.000,0.000
2373190107854,1777550207,454759857,66.667,50.000,0.000,0.000,0.000,100.000
2373209834074,1777550207,474486526,50.000,50.000,0.000,100.000,0.000,0.000
2373229837028,1777550207,494489352,0.000,50.000,50.000,0.000,50.000,50.000
2373249835533,1777550207,514487793,0.000,0.000,50.000,50.000,0.000,50.000
2373269847928,1777550207,534500380,0.000,66.667,0.000,0.000,0.000,0.000
2373289841057,1777550207,554493253,0.000,0.000,0.000,0.000,0.000,0.000
2373309837610,1777550207,574489486,50.000,50.000,0.000,0.000,0.000,0.000
2373329833907,1777550207,594486231,0.000,0.000,0.000,0.000,50.000,50.000
2373349836797,1777550207,614489473,50.000,100.000,50.000,50.000,0.000,0.000
2373369842599,1777550207,634495083,0.000,0.000,100.000,50.000,0.000,0.000
2373389834832,1777550207,654487379,0.000,0.000,0.000,0.000,0.000,0.000
2373409833497,1777550207,674485821,0.000,50.000,0.000,50.000,0.000,0.000
2373429834147,1777550207,694485926,0.000,50.000,50.000,50.000,0.000,50.000
2373449832684,1777550207,714484527,0.000,0.000,66.667,50.000,50.000,0.000
2373469872506,1777550207,734524669,50.000,50.000,0.000,0.000,0.000,0.000
2373489838815,1777550207,754491363,0.000,0.000,0.000,0.000,100.000,100.000
2373509833256,1777550207,774484940,100.000,0.000,100.000,0.000,0.000,0.000
2373529834130,1777550207,794485909,50.000,50.000,50.000,100.000,0.000,0.000
2373549833595,1777550207,814485087,50.000,0.000,0.000,0.000,50.000,66.667
2373569835429,1777550207,834487208,0.000,0.000,0.000,0.000,100.000,0.000
2373589883796,1777550207,854535927,0.000,0.000,0.000,0.000,0.000,0.000
2373609830711,1777550207,874482651,0.000,50.000,100.000,0.000,0.000,0.000
2373629834305,1777550207,894486021,100.000,0.000,0.000,50.000,50.000,0.000
2373649831594,1777550207,914483758,0.000,50.000,0.000,0.000,0.000,50.000
2373669849078,1777550207,934501113,0.000,0.000,0.000,100.000,0.000,0.000
2373689838142,1777550207,954490818,0.000,0.000,100.000,50.000,0.000,0.000
2373709834439,1777550207,974487499,50.000,0.000,0.000,0.000,0.000,0.000
2373729836497,1777550207,994489908,0.000,0.000,0.000,0.000,0.000,0.000
2373749835226,1777550208,14487966,100.000,0.000,0.000,50.000,0.000,0.000
2373769832035,1777550208,34484935,50.000,50.000,0.000,0.000,50.000,0.000
2373789872817,1777550208,54525461,100.000,0.000,0.000,0.000,0.000,50.000
2373809831478,1777550208,74483546,0.000,0.000,0.000,0.000,0.000,0.000
2373829828831,1777550208,94480515,0.000,0.000,50.000,50.000,0.000,50.000
2373849830857,1777550208,114483309,50.000,0.000,0.000,50.000,0.000,50.000
2373869832371,1777550208,134484822,0.000,100.000,0.000,100.000,0.000,0.000
2373889838813,1777550208,154492288,66.667,100.000,0.000,0.000,0.000,0.000
2373909837126,1777550208,174490346,50.000,100.000,0.000,0.000,0.000,0.000
2373929833199,1777550208,194486803,50.000,100.000,50.000,50.000,0.000,100.000
2373949838937,1777550208,214492477,50.000,100.000,0.000,0.000,0.000,0.000
2373969839811,1777550208,234493414,50.000,100.000,50.000,0.000,0.000,0.000
2373989910964,1777550208,254564599,50.000,100.000,0.000,0.000,0.000,0.000
2374009835925,1777550208,274489209,0.000,100.000,50.000,0.000,0.000,0.000
2374029839295,1777550208,294492771,50.000,100.000,50.000,50.000,0.000,100.000
2374049836200,1777550208,314490572,0.000,100.000,100.000,0.000,0.000,0.000
2374069923099,1777550208,334576223,0.000,100.000,0.000,50.000,0.000,0.000
2374089842012,1777550208,354495583,0.000,100.000,0.000,50.000,0.000,0.000
2374109840389,1777550208,374494057,0.000,100.000,0.000,0.000,0.000,0.000
2374129835246,1777550208,394488626,50.000,100.000,50.000,0.000,0.000,50.000
2374149837976,1777550208,414491323,100.000,100.000,0.000,50.000,50.000,0.000
2374169851331,1777550208,434504966,66.667,100.000,0.000,0.000,100.000,100.000
2374189903570,1777550208,454557045,0.000,100.000,0.000,0.000,0.000,0.000
2374209834100,1777550208,474487767,50.000,100.000,0.000,0.000,0.000,0.000
2374229834813,1777550208,494488257,0.000,100.000,50.000,0.000,50.000,0.000
2374249832198,1777550208,514485770,0.000,100.000,50.000,0.000,50.000,50.000
2374269837200,1777550208,534517751,0.000,100.000,0.000,0.000,50.000,0.000
2374289856956,1777550208,554510720,50.000,100.000,0.000,0.000,100.000,0.000
2374309832419,1777550208,574486119,0.000,100.000,0.000,0.000,0.000,0.000
2374329832972,1777550208,594486448,0.000,100.000,0.000,100.000,0.000,100.000
2374349836470,1777550208,614490010,0.000,100.000,50.000,0.000,50.000,0.000
2374369838336,1777550208,634491428,50.000,100.000,0.000,0.000,0.000,0.000
2374389866604,1777550208,654520336,0.000,100.000,50.000,0.000,0.000,50.000
2374409835859,1777550208,674489366,0.000,100.000,0.000,0.000,0.000,0.000
2374429838076,1777550208,694491776,0.000,100.000,0.000,50.000,0.000,100.000
2374449858280,1777550208,714511564,0.000,100.000,0.000,50.000,50.000,100.000
2374469839823,1777550208,734493587,100.000,100.000,0.000,0.000,0.000,0.000
2374489834424,1777550208,754487900,0.000,0.000,50.000,0.000,66.667,100.000
2374509831970,1777550208,774485445,0.000,0.000,50.000,50.000,100.000,100.000
2374529834603,1777550208,794488047,50.000,0.000,100.000,0.000,0.000,0.000
2374549832949,1777550208,814485624,0.000,100.000,0.000,0.000,66.667,0.000
2374569838367,1777550208,834491906,0.000,0.000,0.000,0.000,0.000,0.000
2374589837224,1777550208,854490860,50.000,0.000,0.000,50.000,0.000,50.000
2374609838738,1777550208,874492213,50.000,0.000,0.000,0.000,0.000,50.000
2374629831866,1777550208,894485182,0.000,0.000,100.000,0.000,0.000,0.000
2374649835556,1777550208,914488648,0.000,100.000,0.000,0.000,50.000,50.000
2374669837134,1777550208,934489841,0.000,0.000,0.000,50.000,0.000,0.000
2374689830391,1777550208,954482938,50.000,0.000,0.000,0.000,50.000,50.000
2374709838177,1777550208,974491685,0.000,0.000,0.000,0.000,0.000,0.000
2374729835658,1777550208,994489134,0.000,50.000,50.000,0.000,0.000,100.000
2374749837044,1777550209,14490487,66.667,0.000,0.000,50.000,0.000,50.000
2374769841534,1777550209,34495137,50.000,50.000,0.000,0.000,0.000,0.000
2374789841319,1777550209,54494827,0.000,0.000,0.000,0.000,0.000,0.000
2374809833840,1777550209,74487539,0.000,0.000,50.000,0.000,0.000,0.000
2374829836570,1777550209,94489661,0.000,50.000,100.000,0.000,0.000,0.000
2374849836355,1777550209,114488871,0.000,0.000,50.000,50.000,50.000,0.000
2374869980156,1777550209,134633087,0.000,50.000,100.000,0.000,0.000,0.000
2374889839990,1777550209,154493466,50.000,100.000,0.000,0.000,0.000,0.000
2374909839008,1777550209,174492099,0.000,0.000,0.000,0.000,100.000,100.000
2374929831784,1777550209,194484556,66.667,0.000,50.000,50.000,0.000,100.000
2374949835090,1777550209,214496663,66.667,0.000,50.000,100.000,0.000,100.000
2374969835260,1777550209,234489343,50.000,0.000,0.000,0.000,100.000,100.000
2374989834757,1777550209,254488041,0.000,0.000,100.000,0.000,50.000,100.000
2375009832526,1777550209,274486226,0.000,0.000,0.000,0.000,0.000,100.000
2375029831960,1777550209,294484763,50.000,0.000,100.000,0.000,0.000,100.000
2375049837730,1777550209,314491525,0.000,0.000,50.000,0.000,50.000,100.000
2375069865390,1777550209,334519090,0.000,0.000,0.000,0.000,0.000,100.000
2375089834420,1777550209,354488248,50.000,100.000,0.000,0.000,50.000,100.000
2375109932616,1777550209,374586252,0.000,100.000,50.000,50.000,100.000,100.000
2375129835047,1777550209,394488651,50.000,0.000,50.000,50.000,100.000,100.000
2375149838001,1777550209,414491605,0.000,0.000,0.000,0.000,100.000,100.000
2375169837243,1777550209,434490654,50.000,50.000,50.000,50.000,0.000,100.000
2375189832996,1777550209,454486247,50.000,0.000,0.000,0.000,50.000,100.000
2375209837742,1777550209,474491089,0.000,0.000,0.000,0.000,0.000,100.000
2375229835991,1777550209,494489402,0.000,50.000,0.000,0.000,0.000,100.000
2375250038582,1777550209,514693530,50.000,50.000,0.000,50.000,0.000,100.000
2375270047904,1777550209,534701252,0.000,0.000,100.000,50.000,0.000,0.000
2375289842100,1777550209,554495768,50.000,50.000,100.000,0.000,0.000,0.000
2375309841981,1777550209,574495521,0.000,50.000,0.000,100.000,0.000,0.000
2375329834982,1777550209,594488458,0.000,50.000,50.000,0.000,100.000,0.000
2375349837232,1777550209,614490227,0.000,0.000,0.000,50.000,0.000,0.000
2375369833081,1777550209,634486076,0.000,0.000,0.000,0.000,0.000,0.000
2375389833730,1777550209,654486470,100.000,0.000,0.000,0.000,0.000,0.000
2375409834188,1777550209,674486799,0.000,50.000,50.000,100.000,0.000,0.000
2375429835317,1777550209,694488505,0.000,0.000,100.000,0.000,100.000,0.000
2375449834975,1777550209,714488002,0.000,0.000,0.000,0.000,0.000,0.000
2375469833512,1777550209,734486220,50.000,0.000,0.000,0.000,50.000,0.000
2375489832177,1777550209,754485045,0.000,0.000,0.000,50.000,0.000,0.000
2375509834619,1777550209,774487903,0.000,0.000,50.000,0.000,0.000,0.000
2375529836485,1777550209,794489320,0.000,50.000,0.000,0.000,50.000,0.000
2375549834798,1777550209,814487346,0.000,50.000,0.000,0.000,0.000,0.000
2375569838200,1777550209,834491612,50.000,0.000,0.000,50.000,0.000,0.000
2375589834817,1777550209,854488037,0.000,0.000,0.000,0.000,0.000,50.000
2375609833258,1777550209,874485838,0.000,0.000,0.000,0.000,0.000,0.000
2375629833364,1777550209,894484311,0.000,50.000,50.000,100.000,0.000,0.000
2375649829501,1777550209,914480160,0.000,0.000,0.000,0.000,0.000,0.000
2375669829958,1777550209,934480458,0.000,0.000,0.000,0.000,0.000,0.000
2375689830224,1777550209,954481395,0.000,0.000,0.000,0.000,0.000,0.000
2375709838266,1777550209,974489726,50.000,0.000,50.000,0.000,100.000,0.000
2375729835459,1777550209,994487527,0.000,50.000,0.000,0.000,100.000,100.000
2375749851087,1777550210,14502226,0.000,0.000,0.000,0.000,0.000,0.000
2375769867194,1777550210,34519229,50.000,50.000,0.000,0.000,50.000,0.000
2375789832736,1777550210,54483907,0.000,0.000,0.000,0.000,0.000,0.000
2375809833737,1777550210,74484813,0.000,50.000,0.000,0.000,0.000,0.000
2375829832946,1777550210,94483766,0.000,50.000,0.000,0.000,50.000,0.000
2375849851646,1777550210,114502209,0.000,0.000,0.000,0.000,100.000,0.000
2375869858568,1777550210,134509196,0.000,0.000,0.000,0.000,0.000,0.000
2375889878580,1777550210,154529527,0.000,0.000,0.000,0.000,50.000,0.000
2375909836217,1777550210,174487196,0.000,0.000,0.000,0.000,0.000,0.000
2375929844771,1777550210,194498215,100.000,100.000,50.000,100.000,100.000,50.000
2375949843948,1777550210,214497552,0.000,0.000,0.000,50.000,0.000,0.000
2375969839285,1777550210,234493177,66.667,100.000,50.000,100.000,100.000,100.000
2375990302064,1777550210,254956468,100.000,100.000,100.000,100.000,100.000,100.000
2376009837544,1777550210,274491276,100.000,100.000,100.000,100.000,0.000,100.000
2376029835985,1777550210,294489397,0.000,0.000,0.000,50.000,50.000,0.000
2376050010798,1777550210,314664433,100.000,0.000,100.000,100.000,100.000,100.000
2376069915437,1777550210,334569265,100.000,100.000,100.000,0.000,0.000,100.000
2376089835086,1777550210,354488785,100.000,100.000,100.000,100.000,100.000,100.000
2376109835767,1777550210,374489115,50.000,50.000,0.000,0.000,0.000,0.000
2376129833313,1777550210,394487300,66.667,0.000,100.000,100.000,100.000,100.000
2376149838379,1777550210,414491470,0.000,0.000,0.000,0.000,0.000,0.000
2376169834996,1777550210,434488247,50.000,100.000,0.000,0.000,50.000,100.000
2376189834301,1777550210,454487201,0.000,0.000,50.000,0.000,0.000,0.000
2376209834279,1777550210,474487178,0.000,50.000,0.000,0.000,0.000,0.000
2376229832304,1777550210,494484627,0.000,0.000,0.000,50.000,0.000,0.000
2376249836186,1777550210,514488509,0.000,100.000,0.000,0.000,0.000,50.000
2376269836579,1777550210,534488967,50.000,50.000,0.000,50.000,100.000,100.000
2376289833740,1777550210,554486576,0.000,0.000,0.000,0.000,100.000,0.000
2376309837334,1777550210,574489690,0.000,0.000,0.000,0.000,0.000,50.000
2376329832927,1777550210,594485443,0.000,0.000,0.000,0.000,50.000,0.000
2376349834217,1777550210,614486348,50.000,0.000,0.000,0.000,50.000,50.000
2376369833938,1777550210,634486486,0.000,0.000,0.000,50.000,0.000,0.000
2376389834268,1777550210,654486911,0.000,0.000,0.000,0.000,0.000,100.000
2376409831237,1777550210,674483304,100.000,0.000,0.000,0.000,0.000,0.000
2376429830926,1777550210,694482994,0.000,0.000,0.000,0.000,0.000,0.000
2376449832632,1777550210,714484443,0.000,0.000,0.000,0.000,0.000,0.000
2376469831969,1777550210,734483973,0.000,0.000,0.000,0.000,50.000,100.000
2376489834667,1777550210,754487375,0.000,0.000,0.000,0.000,0.000,50.000
2376509837909,1777550210,774490937,0.000,0.000,0.000,0.000,0.000,0.000
2376529833758,1777550210,794486498,0.000,0.000,0.000,0.000,0.000,0.000
2376549836776,1777550210,814489195,0.000,0.000,0.000,0.000,0.000,100.000
2376569831985,1777550210,834484468,100.000,0.000,0.000,0.000,50.000,100.000
2376589832762,1777550210,854485694,0.000,0.000,0.000,0.000,100.000,66.667
2376609833988,1777550210,874486407,0.000,0.000,0.000,0.000,0.000,0.000
2376629836462,1777550210,894488849,0.000,50.000,50.000,0.000,50.000,100.000
2376649834423,1777550210,914486906,0.000,0.000,0.000,0.000,0.000,0.000
2376669834368,1777550210,934486596,0.000,0.000,0.000,0.000,0.000,0.000
2376689834890,1777550210,954488077,50.000,50.000,100.000,100.000,0.000,75.000
2376709835059,1777550210,974488215,100.000,50.000,0.000,0.000,100.000,75.000
2376729834397,1777550210,994487488,50.000,0.000,50.000,0.000,0.000,100.000
2376749836006,1777550211,14488650,0.000,0.000,0.000,0.000,50.000,100.000
2376769812909,1777550211,34466385,100.000,100.000,100.000,100.000,0.000,100.000
2376789843258,1777550211,54497438,0.000,100.000,100.000,0.000,100.000,0.000
2376809836035,1777550211,74489350,100.000,0.000,0.000,100.000,100.000,100.000
2376829834508,1777550211,94487696,0.000,0.000,0.000,50.000,0.000,100.000
2376849834998,1777550211,114487993,50.000,0.000,0.000,0.000,100.000,50.000
2376869834559,1777550211,134487619,0.000,0.000,0.000,0.000,100.000,0.000
2376889837161,1777550211,154490156,0.000,0.000,50.000,50.000,50.000,0.000
2376909834226,1777550211,174487253,50.000,50.000,0.000,50.000,0.000,0.000
2376929835323,1777550211,194488063,66.667,50.000,0.000,50.000,0.000,50.000
2376949836037,1777550211,214488521,0.000,0.000,0.000,0.000,0.000,0.000
2376969835246,1777550211,234488274,0.000,50.000,50.000,0.000,0.000,50.000
2376989836504,1777550211,254489116,0.000,50.000,0.000,0.000,0.000,0.000
2377009838274,1777550211,274491077,50.000,0.000,0.000,50.000,0.000,50.000
2377029836971,1777550211,294489615,0.000,100.000,100.000,50.000,50.000,100.000
2377049834964,1777550211,314487256,0.000,0.000,0.000,0.000,0.000,100.000
2377069834174,1777550211,334486657,66.667,50.000,0.000,0.000,0.000,50.000
2377089839848,1777550211,354492715,100.000,0.000,50.000,50.000,100.000,50.000
2377109834321,1777550211,374486772,0.000,0.000,0.000,0.000,0.000,50.000
2377129835162,1777550211,394487870,0.000,50.000,50.000,0.000,0.000,100.000
2377149834307,1777550211,414486823,0.000,0.000,0.000,0.000,0.000,0.000
2377169835181,1777550211,434487025,50.000,0.000,0.000,0.000,0.000,50.000
2377189836631,1777550211,454489370,50.000,0.000,0.000,0.000,0.000,100.000
2377209837984,1777550211,474490692,0.000,100.000,0.000,0.000,50.000,100.000
2377229834665,1777550211,494487501,50.000,0.000,0.000,0.000,100.000,0.000
2377249834547,1777550211,514487254,66.667,0.000,0.000,0.000,100.000,100.000
2377269837533,1777550211,534490464,0.000,0.000,0.000,0.000,0.000,50.000
2377289834054,1777550211,554486665,0.000,0.000,0.000,0.000,0.000,100.000
2377309834927,1777550211,574487443,0.000,0.000,0.000,100.000,0.000,100.000
2377329845946,1777550211,594499038,100.000,0.000,0.000,50.000,100.000,50.000
2377349837955,1777550211,614491110,0.000,50.000,0.000,0.000,0.000,50.000
2377369814762,1777550211,634468045,0.000,0.000,0.000,0.000,50.000,0.000
2377389896476,1777550211,654549599,0.000,0.000,0.000,0.000,0.000,0.000
2377409834623,1777550211,674487682,100.000,0.000,0.000,0.000,50.000,0.000
2377429903759,1777550211,694556883,100.000,0.000,100.000,100.000,0.000,50.000
2377449833969,1777550211,714486837,0.000,50.000,0.000,0.000,0.000,50.000
2377469836827,1777550211,734489695,0.000,0.000,0.000,0.000,0.000,100.000
2377489834180,1777550211,754487080,0.000,0.000,0.000,0.000,0.000,0.000
2377509833326,1777550211,774486257,0.000,0.000,0.000,0.000,0.000,50.000
2377529838264,1777550211,794491515,50.000,0.000,0.000,0.000,50.000,100.000
2377549836801,1777550211,814489413,0.000,0.000,0.000,0.000,0.000,66.667
2377569833994,1777550211,834487086,100.000,50.000,0.000,0.000,0.000,100.000
2377589867191,1777550211,854520027,0.000,0.000,0.000,50.000,0.000,50.000
2377609834781,1777550211,874488065,0.000,0.000,0.000,0.000,50.000,100.000
2377629833479,1777550211,894486730,0.000,0.000,0.000,0.000,0.000,100.000
2377649834320,1777550211,914487412,0.000,0.000,0.000,0.000,0.000,0.000
2377669833754,1777550211,934486685,0.000,0.000,0.000,0.000,0.000,100.000
2377689834915,1777550211,954487847,0.000,0.000,0.000,0.000,50.000,100.000
2377709837581,1777550211,974490705,0.000,50.000,0.000,100.000,0.000,50.000
2377729831798,1777550211,994485017,100.000,0.000,0.000,50.000,0.000,100.000
2377749861602,1777550212,14512070,0.000,0.000,0.000,0.000,50.000,50.000
2377769835465,1777550212,34488653,0.000,0.000,0.000,0.000,0.000,50.000
2377789960384,1777550212,54612963,0.000,0.000,50.000,0.000,0.000,100.000
2377809834236,1777550212,74487039,50.000,0.000,0.000,0.000,100.000,50.000
2377829837094,1777550212,94490281,0.000,50.000,50.000,0.000,50.000,0.000
2377849835023,1777550212,114488211,50.000,0.000,0.000,100.000,0.000,66.667
2377869834808,1777550212,134487612,0.000,0.000,0.000,0.000,0.000,100.000
2377889835106,1777550212,154487269,0.000,0.000,0.000,0.000,0.000,100.000
2377909836908,1777550212,174488847,100.000,0.000,0.000,0.000,0.000,50.000
2377929834773,1777550212,194487416,0.000,0.000,0.000,0.000,0.000,100.000
2377949833502,1777550212,214486018,0.000,0.000,50.000,0.000,100.000,100.000
2377969835720,1777550212,234488683,50.000,0.000,0.000,0.000,0.000,50.000
2377989836977,1777550212,254489909,0.000,0.000,0.000,0.000,0.000,100.000
2378009834907,1777550212,274487774,0.000,100.000,100.000,0.000,50.000,100.000
2378029834660,1777550212,294487176,0.000,0.000,0.000,0.000,100.000,50.000
2378049838926,1777550212,314491698,0.000,0.000,0.000,0.000,0.000,66.667
2378069837239,1777550212,334489851,100.000,100.000,100.000,50.000,0.000,50.000
2378089834817,1777550212,354487876,0.000,0.000,0.000,0.000,0.000,50.000
2378109839626,1777550212,374492558,0.000,0.000,0.000,0.000,0.000,100.000
2378129834547,1777550212,394487767,0.000,0.000,50.000,0.000,0.000,100.000
2378149835261,1777550212,414488033,0.000,0.000,0.000,50.000,0.000,100.000
2378169868906,1777550212,434521166,50.000,50.000,50.000,0.000,0.000,0.000
2378189837488,1777550212,454490132,0.000,50.000,0.000,0.000,0.000,100.000
2378209838074,1777550212,474491709,0.000,50.000,50.000,0.000,0.000,100.000
2378229834339,1777550212,494487462,0.000,0.000,0.000,50.000,50.000,50.000
2378249839533,1777550212,514492976,0.000,0.000,0.000,100.000,0.000,50.000
2378269835926,1777550212,534489049,0.000,0.000,0.000,0.000,0.000,100.000
2378289834879,1777550212,554488259,50.000,0.000,0.000,0.000,50.000,100.000
2378309838249,1777550212,574491373,0.000,0.000,0.000,0.000,100.000,0.000
2378329840595,1777550212,594493558,0.000,0.000,0.000,0.000,0.000,50.000
2378349836092,1777550212,614489087,50.000,0.000,0.000,50.000,0.000,50.000
2378369834501,1777550212,634487433,0.000,0.000,0.000,0.000,0.000,66.667
2378389866962,1777550212,654519477,0.000,0.000,0.000,0.000,0.000,100.000
2378409833752,1777550212,674486908,50.000,0.000,0.000,0.000,66.667,100.000
2378429838082,1777550212,694490469,0.000,0.000,0.000,50.000,0.000,0.000
2378449834571,1777550212,714487503,0.000,0.000,0.000,0.000,0.000,100.000
2378469869944,1777550212,734522364,0.000,0.000,0.000,0.000,0.000,0.000
2378489839454,1777550212,754492482,0.000,50.000,0.000,50.000,100.000,50.000
2378509844872,1777550212,774497484,0.000,0.000,0.000,0.000,0.000,66.667
2378529833681,1777550212,794486420,0.000,0.000,0.000,0.000,0.000,100.000
2378549835290,1777550212,814487646,0.000,0.000,0.000,0.000,50.000,50.000
2378569839108,1777550212,834492424,0.000,0.000,0.000,0.000,50.000,50.000
2378589839438,1777550212,854492721,0.000,0.000,0.000,0.000,50.000,100.000
2378609835799,1777550212,874489146,0.000,0.000,50.000,0.000,0.000,100.000
2378629831072,1777550212,894483843,50.000,0.000,0.000,0.000,0.000,100.000
2378649832969,1777550212,914485933,0.000,0.000,0.000,0.000,0.000,50.000
2378669837587,1777550212,934490807,0.000,100.000,50.000,0.000,50.000,50.000
2378689839485,1777550212,954492289,50.000,0.000,0.000,0.000,100.000,50.000
2378709994519,1777550212,974648027,50.000,0.000,50.000,0.000,0.000,100.000
2378729836464,1777550212,994489779,0.000,0.000,50.000,0.000,0.000,0.000
2378749835033,1777550213,14487453,0.000,0.000,0.000,0.000,0.000,100.000
2378769838467,1777550213,34492006,0.000,0.000,0.000,0.000,50.000,50.000
2378789836812,1777550213,54489936,100.000,0.000,0.000,0.000,50.000,50.000
2378809834869,1777550213,74487801,100.000,0.000,0.000,0.000,0.000,100.000
2378829835455,1777550213,94488162,0.000,0.000,0.000,0.000,0.000,100.000
2378849835144,1777550213,114488524,66.667,0.000,0.000,0.000,0.000,50.000
2378869834546,1777550213,134486709,0.000,0.000,0.000,0.000,0.000,100.000
2378890367060,1777550213,155020727,0.000,0.000,0.000,0.000,50.000,100.000
2378909835237,1777550213,174488296,50.000,0.000,0.000,50.000,100.000,100.000
2378929840015,1777550213,194493266,0.000,0.000,0.000,50.000,0.000,100.000
2378949871163,1777550213,214521183,0.000,50.000,0.000,0.000,50.000,0.000
2378969834529,1777550213,234487749,50.000,50.000,0.000,0.000,0.000,100.000
2378989860333,1777550213,254513457,50.000,0.000,0.000,0.000,0.000,100.000
2379009831316,1777550213,274484887,50.000,0.000,0.000,0.000,0.000,100.000
2379029833981,1777550213,294486369,0.000,0.000,0.000,100.000,66.667,50.000
2379049838695,1777550213,314491307,0.000,50.000,0.000,0.000,0.000,50.000
2379069838673,1777550213,334491316,100.000,0.000,0.000,0.000,0.000,100.000
2379089839258,1777550213,354492350,0.000,0.000,0.000,0.000,0.000,50.000
2379109839076,1777550213,374491527,0.000,100.000,100.000,0.000,0.000,50.000
2379129840237,1777550213,394493329,50.000,0.000,0.000,0.000,0.000,100.000
2379149858969,1777550213,414510876,50.000,0.000,0.000,0.000,0.000,50.000
2379169835584,1777550213,434487875,0.000,100.000,0.000,0.000,0.000,100.000
2379189839050,1777550213,454491565,0.000,0.000,0.000,0.000,0.000,66.667
2379209837203,1777550213,474490647,0.000,50.000,50.000,100.000,0.000,100.000
2379229838301,1777550213,494491840,50.000,0.000,100.000,0.000,0.000,100.000
2379249837862,1777550213,514490538,0.000,0.000,0.000,0.000,0.000,50.000
2379269836047,1777550213,534488883,100.000,0.000,0.000,0.000,50.000,50.000
2379289837305,1777550213,554489916,50.000,0.000,50.000,0.000,0.000,50.000
2379309841539,1777550213,574494406,0.000,0.000,0.000,0.000,0.000,100.000
2379329835276,1777550213,594488271,100.000,50.000,0.000,0.000,50.000,100.000
2379349837621,1777550213,614490233,0.000,0.000,0.000,50.000,0.000,50.000
2379369834622,1777550213,634488130,0.000,0.000,0.000,50.000,50.000,100.000
2379389838184,1777550213,654491468,50.000,0.000,0.000,100.000,0.000,100.000
2379409836274,1777550213,674488853,0.000,0.000,0.000,0.000,50.000,50.000
2379429831514,1777550213,694484030,0.000,0.000,0.000,0.000,100.000,50.000
2379449834244,1777550213,714487080,50.000,0.000,0.000,0.000,100.000,50.000
2379469844879,1777550213,734497842,0.000,50.000,50.000,0.000,0.000,0.000
2379489838488,1777550213,754491803,0.000,0.000,50.000,0.000,0.000,100.000
2379509927595,1777550213,774580174,0.000,0.000,50.000,0.000,0.000,100.000
2379529839083,1777550213,794492270,0.000,0.000,0.000,0.000,100.000,50.000
2379549834996,1777550213,814487735,0.000,0.000,50.000,0.000,0.000,100.000
2379569831997,1777550213,834485696,50.000,0.000,0.000,50.000,100.000,50.000
2379589836359,1777550213,854489738,50.000,0.000,50.000,0.000,0.000,50.000
2379609836080,1777550213,874489428,0.000,0.000,0.000,0.000,50.000,100.000
2379629834777,1777550213,894487965,0.000,0.000,0.000,50.000,0.000,50.000
2379649838083,1777550213,914491175,50.000,0.000,0.000,0.000,0.000,100.000
2379669837069,1777550213,934490448,0.000,0.000,0.000,0.000,0.000,100.000
2379689834326,1777550213,954487545,0.000,0.000,100.000,0.000,50.000,100.000
2379709838240,1777550213,974491555,0.000,50.000,0.000,0.000,100.000,0.000
2379729834473,1777550213,994487980,0.000,0.000,0.000,0.000,0.000,0.000
2379749837779,1777550214,14491126,0.000,0.000,0.000,0.000,50.000,50.000
2379769836764,1777550214,34490400,100.000,0.000,50.000,50.000,0.000,100.000
2379789838150,1777550214,54491657,0.000,0.000,0.000,0.000,0.000,100.000
2379809837551,1777550214,74490867,0.000,0.000,0.000,0.000,50.000,66.667
2379829853018,1777550214,94505406,50.000,0.000,0.000,50.000,0.000,66.667
2379849833313,1777550214,114486981,0.000,0.000,0.000,0.000,100.000,50.000
2379869836427,1777550214,134489775,0.000,0.000,0.000,0.000,100.000,50.000
2379889835221,1777550214,154488472,0.000,50.000,0.000,0.000,0.000,100.000
2379909836638,1777550214,174490146,50.000,0.000,0.000,0.000,50.000,0.000
2379929835048,1777550214,194488107,100.000,0.000,0.000,0.000,0.000,0.000
2379949832593,1777550214,214485652,0.000,0.000,0.000,100.000,50.000,50.000
2379969837467,1777550214,234490814,0.000,50.000,0.000,0.000,0.000,100.000
2379989838244,1777550214,254491784,100.000,0.000,50.000,0.000,0.000,100.000
2380009838126,1777550214,274491665,0.000,50.000,66.667,50.000,50.000,0.000
2380029838231,1777550214,294490971,0.000,100.000,0.000,0.000,100.000,50.000
2380049835104,1777550214,314488260,100.000,0.000,50.000,0.000,0.000,50.000
2380069835946,1777550214,334489422,0.000,0.000,0.000,50.000,0.000,100.000
2380089835283,1777550214,354487863,0.000,0.000,0.000,0.000,0.000,100.000
2380109836157,1777550214,374489056,50.000,0.000,50.000,0.000,0.000,50.000
2380129834118,1777550214,394487242,0.000,50.000,0.000,0.000,50.000,100.000
2380149837808,1777550214,414490740,0.000,50.000,0.000,50.000,100.000,50.000
2380169839610,1777550214,434492157,0.000,0.000,0.000,50.000,50.000,100.000
2380189835523,1777550214,454488134,0.000,0.000,100.000,100.000,0.000,66.667
2380209836620,1777550214,474490288,50.000,50.000,50.000,0.000,50.000,100.000
2380229832629,1777550214,494485337,50.000,50.000,0.000,100.000,50.000,0.000
2380249836799,1777550214,514490083,50.000,50.000,0.000,0.000,0.000,50.000
2380269837737,1777550214,534491116,0.000,0.000,100.000,50.000,50.000,0.000
2380289836658,1777550214,554489878,50.000,50.000,50.000,100.000,50.000,50.000
2380309834811,1777550214,574487551,0.000,100.000,0.000,0.000,50.000,50.000
2380329836197,1777550214,594489577,0.000,0.000,0.000,50.000,0.000,100.000
2380349834894,1777550214,614488018,0.000,50.000,0.000,100.000,0.000,50.000
2380369838840,1777550214,634491452,0.000,0.000,50.000,50.000,50.000,100.000
2380389832129,1777550214,654484773,0.000,50.000,0.000,0.000,100.000,50.000
2380409830346,1777550214,674483086,0.000,50.000,100.000,0.000,0.000,50.000
2380429830484,1777550214,694482967,0.000,100.000,0.000,0.000,50.000,66.667
2380449832893,1777550214,714485889,0.000,50.000,0.000,100.000,0.000,100.000
2380469829991,1777550214,734482506,0.000,50.000,50.000,50.000,100.000,100.000
2380489838097,1777550214,754491157,0.000,0.000,50.000,0.000,100.000,100.000
2380509832666,1777550214,774485629,0.000,0.000,0.000,0.000,0.000,0.000
2380529831875,1777550214,794485127,0.000,0.000,50.000,50.000,0.000,50.000
2380549836237,1777550214,814489489,0.000,0.000,50.000,50.000,0.000,100.000
2380569837975,1777550214,834491322,66.667,50.000,0.000,0.000,0.000,50.000
2380589832992,1777550214,854486243,0.000,0.000,0.000,50.000,100.000,100.000
2380609836362,1777550214,874489485,0.000,0.000,0.000,0.000,100.000,0.000
2380629832851,1777550214,894485462,50.000,0.000,50.000,0.000,0.000,0.000
2380649831036,1777550214,914483808,100.000,0.000,50.000,0.000,0.000,0.000
2380669838502,1777550214,934491786,50.000,100.000,0.000,0.000,0.000,50.000
2380689838384,1777550214,954491955,0.000,0.000,50.000,0.000,50.000,100.000
2380709834745,1777550214,974488220,50.000,0.000,0.000,50.000,0.000,50.000
2380729833218,1777550214,994486630,0.000,0.000,50.000,50.000,0.000,50.000
2380749836556,1777550215,14489519,0.000,0.000,0.000,0.000,50.000,0.000
2380769838454,1777550215,34491993,50.000,50.000,0.000,100.000,50.000,50.000
2380789849408,1777550215,54502692,0.000,50.000,50.000,0.000,0.000,0.000
2380809835432,1777550215,74489612,50.000,0.000,0.000,0.000,0.000,50.000
2380829840306,1777550215,94493526,100.000,50.000,0.000,0.000,0.000,0.000
2380849836475,1777550215,114489407,100.000,50.000,100.000,50.000,50.000,50.000
2380869833796,1777550215,134486568,50.000,0.000,0.000,0.000,0.000,50.000
2380889840975,1777550215,154494162,0.000,0.000,0.000,0.000,0.000,50.000
2380909835383,1777550215,174489275,50.000,50.000,50.000,50.000,0.000,100.000
2380929836641,1777550215,194489989,0.000,0.000,50.000,100.000,0.000,0.000
2380949834890,1777550215,214491758,0.000,0.000,0.000,0.000,0.000,0.000
2380969836820,1777550215,234489912,0.000,50.000,0.000,0.000,0.000,0.000
2380989835421,1777550215,254488225,0.000,0.000,50.000,50.000,50.000,100.000
2381009863370,1777550215,274516461,0.000,50.000,0.000,50.000,50.000,50.000
2381029836656,1777550215,294489908,50.000,50.000,0.000,0.000,0.000,50.000
2381049834298,1777550215,314487069,0.000,0.000,0.000,0.000,0.000,50.000
2381069834915,1777550215,334488071,0.000,50.000,50.000,0.000,0.000,50.000
2381089834989,1777550215,354487664,50.000,0.000,50.000,50.000,50.000,0.000
2381109835926,1777550215,374488954,0.000,100.000,50.000,50.000,100.000,50.000
2381129838720,1777550215,394492004,0.000,0.000,50.000,0.000,0.000,50.000
2381149836233,1777550215,414489485,50.000,0.000,0.000,0.000,0.000,0.000
2381169835155,1777550215,434487510,50.000,50.000,0.000,100.000,50.000,0.000
2381189873632,1777550215,454526564,100.000,100.000,0.000,0.000,0.000,50.000
2381209833765,1777550215,474486921,50.000,50.000,0.000,0.000,50.000,100.000
2381229836879,1777550215,494490163,0.000,50.000,50.000,0.000,0.000,50.000
2381249835096,1777550215,514487868,50.000,0.000,50.000,0.000,0.000,100.000
2381269850595,1777550215,534503271,0.000,50.000,50.000,0.000,0.000,100.000
2381289839116,1777550215,554492527,50.000,0.000,0.000,0.000,0.000,50.000
2381309835733,1777550215,574488440,0.000,100.000,0.000,100.000,0.000,100.000
2381329834526,1777550215,594487106,50.000,0.000,0.000,0.000,0.000,100.000
2381349837192,1777550215,614489099,66.667,100.000,0.000,50.000,0.000,50.000
2381369835537,1777550215,634488629,0.000,0.000,0.000,0.000,0.000,100.000
2381389833595,1777550215,654486686,0.000,50.000,0.000,0.000,0.000,100.000
2381409839013,1777550215,674492488,0.000,0.000,0.000,0.000,0.000,100.000
2381429837230,1777550215,694489681,0.000,0.000,0.000,50.000,100.000,100.000
2381449834807,1777550215,714487035,0.000,50.000,50.000,0.000,0.000,100.000
2381469841825,1777550215,734494501,0.000,0.000,100.000,100.000,0.000,66.667
2381489838954,1777550215,754492238,0.000,0.000,50.000,0.000,0.000,100.000
2381509837428,1777550215,774490679,100.000,100.000,0.000,0.000,50.000,0.000
2381529836285,1777550215,794489537,0.000,0.000,0.000,0.000,50.000,100.000
2381549838791,1777550215,814491626,0.000,0.000,50.000,0.000,0.000,50.000
2381569839952,1777550215,834493140,0.000,50.000,100.000,50.000,0.000,50.000
2381589837786,1777550215,854490653,50.000,0.000,0.000,0.000,50.000,100.000
2381609835491,1777550215,874488294,0.000,0.000,0.000,100.000,0.000,100.000
2381629837709,1777550215,894490832,50.000,50.000,0.000,0.000,0.000,50.000
2381649836822,1777550215,914489177,50.000,0.000,50.000,0.000,0.000,0.000
2381669841504,1777550215,934493827,50.000,0.000,100.000,0.000,50.000,50.000
2381689837705,1777550215,954490893,0.000,50.000,50.000,50.000,50.000,50.000
2381709836306,1777550215,974489334,0.000,0.000,0.000,0.000,0.000,50.000
2381729835196,1777550215,994488479,0.000,0.000,0.000,0.000,0.000,100.000
2381749833349,1777550216,14486120,0.000,0.000,0.000,0.000,100.000,100.000
2381769836111,1777550216,34489394,0.000,50.000,50.000,0.000,50.000,0.000
2381789838680,1777550216,54491708,0.000,100.000,0.000,0.000,50.000,100.000
2381809839778,1777550216,74493318,0.000,0.000,0.000,0.000,100.000,0.000
2381829834891,1777550216,94487695,50.000,0.000,0.000,50.000,0.000,50.000
2381849835444,1777550216,114488376,0.000,0.000,50.000,50.000,100.000,100.000
2381869836798,1777550216,134490050,0.000,50.000,0.000,0.000,0.000,50.000
2381889833063,1777550216,154486123,50.000,0.000,0.000,0.000,0.000,100.000
2381909834449,1777550216,174487412,0.000,0.000,0.000,100.000,0.000,50.000
2381929840571,1777550216,194493983,0.000,50.000,50.000,0.000,0.000,50.000
2381949838436,1777550216,214490728,0.000,50.000,0.000,0.000,0.000,50.000
2381969834349,1777550216,234487921,100.000,0.000,100.000,50.000,50.000,50.000
2381989839831,1777550216,254492987,100.000,50.000,50.000,0.000,0.000,50.000
2382009838913,1777550216,274492196,0.000,50.000,0.000,0.000,0.000,50.000
2382029837962,1777550216,294491278,0.000,0.000,0.000,50.000,0.000,50.000
2382049832275,1777550216,314485558,0.000,50.000,100.000,0.000,0.000,50.000
2382069835261,1777550216,334488928,0.000,0.000,0.000,100.000,100.000,50.000
2382089837094,1777550216,354490250,0.000,100.000,0.000,100.000,50.000,0.000
2382109834799,1777550216,374488211,0.000,0.000,50.000,0.000,100.000,50.000
2382129837401,1777550216,394490525,0.000,0.000,0.000,0.000,0.000,50.000
2382149836771,1777550216,414489254,0.000,50.000,66.667,50.000,0.000,0.000
2382169837676,1777550216,434489648,100.000,50.000,66.667,50.000,0.000,0.000
2382189839382,1777550216,454491769,0.000,0.000,100.000,50.000,0.000,50.000
2382209833471,1777550216,474486402,0.000,0.000,0.000,0.000,0.000,100.000
2382229834152,1777550216,494487084,50.000,0.000,0.000,50.000,100.000,100.000
2382249834610,1777550216,514487797,0.000,0.000,0.000,50.000,0.000,50.000
2382269835067,1777550216,534488959,100.000,0.000,0.000,0.000,100.000,100.000
2382289837381,1777550216,554490441,100.000,0.000,100.000,100.000,0.000,100.000
2382309835118,1777550216,574487826,100.000,50.000,0.000,66.667,50.000,0.000
2382329836600,1777550216,594489755,0.000,100.000,50.000,0.000,0.000,0.000
2382349833921,1777550216,614486725,0.000,50.000,0.000,50.000,0.000,50.000
2382369836395,1777550216,634489582,0.000,50.000,0.000,0.000,66.667,50.000
2382389840661,1777550216,654493816,100.000,0.000,0.000,66.667,50.000,100.000
2382409834013,1777550216,674486977,0.000,0.000,50.000,50.000,0.000,50.000
2382429834663,1777550216,694487242,0.000,0.000,0.000,0.000,0.000,66.667
2382449829936,1777550216,714483124,50.000,0.000,0.000,100.000,0.000,50.000
2382469838778,1777550216,734491934,0.000,0.000,50.000,0.000,50.000,0.000
2382489834115,1777550216,754487111,50.000,0.000,0.000,100.000,100.000,0.000
2382509834701,1777550216,774487664,50.000,100.000,0.000,100.000,0.000,100.000
2382529834582,1777550216,794487802,50.000,0.000,0.000,0.000,0.000,0.000
2382549834464,1777550216,814487459,0.000,0.000,0.000,100.000,100.000,100.000
2382569835817,1777550216,834488845,100.000,50.000,0.000,0.000,0.000,100.000
2382589836947,1777550216,854490167,50.000,50.000,100.000,0.000,100.000,100.000
2382609833692,1777550216,874486784,0.000,0.000,50.000,100.000,0.000,100.000
2382629837670,1777550216,894490858,0.000,0.000,0.000,0.000,0.000,50.000
2382649841072,1777550216,914494291,50.000,0.000,0.000,0.000,0.000,100.000
2382669839001,1777550216,934492509,100.000,0.000,50.000,50.000,50.000,100.000
2382689838114,1777550216,954491334,0.000,0.000,100.000,0.000,50.000,50.000
2382709837932,1777550216,974491055,66.667,50.000,0.000,0.000,50.000,100.000
2382729832789,1777550216,994486232,0.000,50.000,0.000,0.000,50.000,100.000
2382749839103,1777550217,14492323,0.000,0.000,0.000,50.000,0.000,50.000
2382769839976,1777550217,34493100,100.000,50.000,50.000,0.000,0.000,100.000
2382789833457,1777550217,54487157,0.000,0.000,100.000,50.000,100.000,100.000
2382809836699,1777550217,74490207,0.000,0.000,0.000,0.000,50.000,100.000
2382829839877,1777550217,94493224,0.000,0.000,100.000,0.000,100.000,100.000
2382849941849,1777550217,114595709,100.000,50.000,50.000,0.000,100.000,100.000
2382869841752,1777550217,134495132,100.000,0.000,100.000,100.000,66.667,100.000
2382889836417,1777550217,154489925,50.000,0.000,0.000,50.000,66.667,100.000
2382909840587,1777550217,174493838,50.000,0.000,50.000,50.000,50.000,100.000
2382929835156,1777550217,194488567,50.000,50.000,50.000,100.000,50.000,0.000
2382949837757,1777550217,214491009,0.000,50.000,100.000,50.000,0.000,100.000
2382969835303,1777550217,234488298,100.000,100.000,0.000,0.000,0.000,100.000
2382989863571,1777550217,254516247,0.000,50.000,100.000,100.000,50.000,0.000
2383009837178,1777550217,274490205,0.000,0.000,0.000,50.000,100.000,50.000
2383029839651,1777550217,294492775,100.000,50.000,0.000,50.000,0.000,50.000
2383049837229,1777550217,314490192,0.000,0.000,100.000,0.000,0.000,0.000
2383069839990,1777550217,334493082,0.000,50.000,0.000,50.000,100.000,66.667
2383089835167,1777550217,354488163,0.000,0.000,50.000,100.000,50.000,0.000
2383109834825,1777550217,374487404,50.000,0.000,50.000,0.000,50.000,50.000
2383129839379,1777550217,394492310,100.000,0.000,0.000,0.000,50.000,100.000
2383149838940,1777550217,414492096,50.000,0.000,0.000,0.000,0.000,100.000
2383169834981,1777550217,434487401,50.000,50.000,50.000,50.000,50.000,50.000
2383189838159,1777550217,454490579,50.000,0.000,50.000,0.000,66.667,100.000
2383209836024,1777550217,474488668,0.000,0.000,0.000,50.000,100.000,100.000
2383229835938,1777550217,494488741,0.000,0.000,50.000,0.000,50.000,66.667
2383249838379,1777550217,514491183,0.000,0.000,50.000,0.000,0.000,100.000
2383269838293,1777550217,534491289,50.000,0.000,0.000,0.000,50.000,100.000
2383289834334,1777550217,554486914,100.000,0.000,0.000,0.000,0.000,100.000
2383309835880,1777550217,574487947,0.000,50.000,0.000,50.000,100.000,50.000
2383329837873,1777550217,594490805,50.000,0.000,0.000,50.000,50.000,100.000
2383349837243,1777550217,614489982,100.000,100.000,0.000,0.000,50.000,50.000
2383369836260,1777550217,634489256,100.000,0.000,50.000,0.000,0.000,100.000
2383389833453,1777550217,654486321,0.000,50.000,0.000,50.000,100.000,100.000
2383409836631,1777550217,674489851,100.000,0.000,0.000,0.000,0.000,0.000
2383429834336,1777550217,694487684,0.000,0.000,50.000,0.000,0.000,100.000
2383449834218,1777550217,714487309,50.000,100.000,0.000,0.000,50.000,100.000
2383469835955,1777550217,734488855,0.000,0.000,50.000,0.000,0.000,0.000
2383489835517,1777550217,754488672,100.000,0.000,0.000,0.000,50.000,100.000
2383509833734,1777550217,774486506,0.000,0.000,50.000,50.000,100.000,66.667
2383529833552,1777550217,794486739,0.000,50.000,50.000,0.000,0.000,100.000
2383549864156,1777550217,814514272,50.000,0.000,0.000,0.000,50.000,0.000
2383569839107,1777550217,834492583,100.000,50.000,100.000,100.000,0.000,100.000
2383589836300,1777550217,854489744,0.000,50.000,0.000,100.000,0.000,100.000
2383609815475,1777550217,874468823,100.000,100.000,50.000,100.000,100.000,100.000
2383629839583,1777550217,894493507,0.000,0.000,0.000,100.000,0.000,0.000
2383649820359,1777550217,914473675,0.000,50.000,0.000,0.000,50.000,50.000
2383669834898,1777550217,934487702,50.000,0.000,0.000,0.000,50.000,100.000
2383689835963,1777550217,954489119,0.000,0.000,50.000,0.000,0.000,100.000
2383709832741,1777550217,974486088,0.000,0.000,50.000,50.000,0.000,100.000
2383729833550,1777550217,994486994,0.000,50.000,0.000,100.000,50.000,0.000
2383749829943,1777550218,14482907,0.000,50.000,50.000,0.000,100.000,50.000
2383769836097,1777550218,34489573,0.000,0.000,0.000,0.000,0.000,0.000
2383789835051,1777550218,54488334,0.000,0.000,0.000,50.000,50.000,100.000
2383809836308,1777550218,74489336,50.000,100.000,0.000,0.000,0.000,50.000
2383829836318,1777550218,94488897,0.000,0.000,50.000,0.000,0.000,50.000
2383849837895,1777550218,114491691,0.000,0.000,0.000,100.000,50.000,0.000
2383869841489,1777550218,134494741,0.000,100.000,0.000,0.000,50.000,50.000
2383889833434,1777550218,154486494,0.000,50.000,50.000,0.000,0.000,100.000
2383909841700,1777550218,174495016,0.000,0.000,0.000,0.000,0.000,100.000
2383929836845,1777550218,194489841,50.000,0.000,0.000,0.000,0.000,50.000
2383949825365,1777550218,214477689,100.000,50.000,50.000,0.000,100.000,100.000
2383969835232,1777550218,234488004,0.000,0.000,50.000,66.667,50.000,100.000
2383989834505,1777550218,254487053,0.000,0.000,0.000,0.000,0.000,50.000
2384009834547,1777550218,274487382,0.000,0.000,0.000,50.000,100.000,100.000
2384029832092,1777550218,294484672,0.000,0.000,0.000,0.000,100.000,0.000
2384049832230,1777550218,314484873,0.000,0.000,0.000,50.000,100.000,0.000
2384069832783,1777550218,334485363,0.000,100.000,0.000,0.000,100.000,50.000
2384089832761,1777550218,354485788,0.000,0.000,0.000,0.000,0.000,100.000
2384109836450,1777550218,374489062,50.000,0.000,0.000,0.000,50.000,0.000
2384129836268,1777550218,394489295,100.000,50.000,50.000,100.000,0.000,100.000
2384149834165,1777550218,414486521,50.000,0.000,100.000,0.000,0.000,100.000
2384169838399,1777550218,434491299,50.000,0.000,50.000,0.000,0.000,100.000
2384189833128,1777550218,454485643,0.000,0.000,0.000,0.000,0.000,0.000
2384209835506,1777550218,474488565,0.000,0.000,50.000,0.000,0.000,100.000
2384229835387,1777550218,494488383,100.000,0.000,0.000,0.000,50.000,100.000
2384249877641,1777550218,514530669,0.000,0.000,0.000,50.000,0.000,100.000
2384269836974,1777550218,534489330,66.667,0.000,50.000,0.000,100.000,100.000
2384289838968,1777550218,554491515,0.000,0.000,0.000,0.000,50.000,0.000
2384309835201,1777550218,574486980,0.000,0.000,0.000,50.000,100.000,0.000
2384329834538,1777550218,594487310,0.000,50.000,0.000,0.000,0.000,100.000
2384349834228,1777550218,614486807,50.000,0.000,0.000,0.000,50.000,50.000
2384369837438,1777550218,634490721,0.000,0.000,50.000,100.000,0.000,100.000
2384389836295,1777550218,654488490,0.000,0.000,0.000,50.000,0.000,50.000
2384409831536,1777550218,674483667,0.000,50.000,0.000,0.000,0.000,50.000
2384429834010,1777550218,694486845,100.000,0.000,50.000,0.000,50.000,100.000
2384449835267,1777550218,714488263,0.000,50.000,0.000,0.000,0.000,0.000
2384469833869,1777550218,734486800,0.000,0.000,100.000,0.000,0.000,50.000
2384489834870,1777550218,754488186,100.000,50.000,50.000,50.000,50.000,0.000
2384509834335,1777550218,774487139,0.000,0.000,50.000,0.000,0.000,100.000
2384529833545,1777550218,794486348,50.000,0.000,0.000,0.000,0.000,0.000
2384549833266,1777550218,814485750,0.000,100.000,0.000,0.000,50.000,100.000
2384569834236,1777550218,834487456,0.000,50.000,100.000,50.000,0.000,100.000
2384589834949,1777550218,854487721,50.000,0.000,0.000,0.000,0.000,0.000
2384609835439,1777550218,874488275,0.000,0.000,0.000,0.000,0.000,50.000
2384629835000,1777550218,894487804,0.000,0.000,50.000,0.000,0.000,100.000
2384649835554,1777550218,914488261,0.000,100.000,50.000,0.000,50.000,0.000
2384669834027,1777550218,934486735,100.000,0.000,0.000,0.000,0.000,0.000
2384689837045,1777550218,954490233,0.000,50.000,50.000,0.000,50.000,100.000
2384710002512,1777550218,974654996,50.000,0.000,0.000,50.000,0.000,50.000
2384729835080,1777550218,994488011,50.000,0.000,0.000,50.000,0.000,100.000
2384749834193,1777550219,14487509,100.000,0.000,0.000,0.000,0.000,0.000
2384769834043,1777550219,34487262,0.000,0.000,50.000,50.000,0.000,50.000
2384789835716,1777550219,54488968,0.000,0.000,50.000,50.000,0.000,50.000
2384809839854,1777550219,74493394,0.000,100.000,100.000,100.000,0.000,50.000
2384829836535,1777550219,94490299,0.000,0.000,50.000,100.000,100.000,100.000
2384849833472,1777550219,114486788,0.000,50.000,100.000,100.000,0.000,100.000
2384869833226,1777550219,134487214,50.000,0.000,0.000,0.000,0.000,50.000
2384889835379,1777550219,154488823,0.000,0.000,0.000,0.000,0.000,100.000
2384909835581,1777550219,174489153,100.000,0.000,50.000,50.000,0.000,50.000
2384929834534,1777550219,194488170,0.000,0.000,50.000,50.000,0.000,100.000
2384949844305,1777550219,214497556,0.000,0.000,0.000,0.000,50.000,0.000
2384969835001,1777550219,234488317,100.000,0.000,0.000,50.000,0.000,0.000
2384989835555,1777550219,254488774,0.000,0.000,0.000,100.000,0.000,0.000
2385009835180,1777550219,274488592,50.000,0.000,0.000,0.000,0.000,50.000
2385029835222,1777550219,294488601,0.000,100.000,0.000,0.000,50.000,100.000
2385049835807,1777550219,314488835,50.000,0.000,100.000,100.000,0.000,0.000
2385069835049,1777550219,334488460,0.000,100.000,0.000,0.000,0.000,50.000
2385089836338,1777550219,354489654,0.000,0.000,50.000,0.000,50.000,50.000
2385109831771,1777550219,374484863,100.000,0.000,50.000,66.667,0.000,0.000
2385129835365,1777550219,394488745,50.000,100.000,0.000,0.000,50.000,100.000
2385149834799,1777550219,414488018,0.000,0.000,50.000,0.000,0.000,100.000
2385169836376,1777550219,434488156,0.000,50.000,100.000,50.000,100.000,100.000
2385189837090,1777550219,454488741,0.000,0.000,0.000,0.000,0.000,100.000
2385209835563,1777550219,474487983,66.667,0.000,0.000,50.000,100.000,0.000
2385229835028,1777550219,494488248,0.000,0.000,0.000,0.000,50.000,50.000
2385249834462,1777550219,514486657,50.000,100.000,100.000,100.000,0.000,0.000
2385269834791,1777550219,534488363,50.000,0.000,0.000,0.000,0.000,0.000
2385289836433,1777550219,554489397,0.000,0.000,0.000,100.000,50.000,50.000
2385309838843,1777550219,574492990,66.667,100.000,0.000,100.000,100.000,0.000
2385329840708,1777550219,594494312,50.000,50.000,0.000,100.000,0.000,50.000
2385349833965,1777550219,614486737,50.000,0.000,0.000,0.000,0.000,100.000
2385369831574,1777550219,634484090,50.000,0.000,0.000,0.000,0.000,0.000
2385389835040,1777550219,654487140,0.000,0.000,0.000,100.000,0.000,0.000
2385409837578,1777550219,674490061,0.000,100.000,50.000,0.000,50.000,50.000
2385429837427,1777550219,694490391,0.000,0.000,0.000,0.000,50.000,50.000
2385449835869,1777550219,714488768,0.000,0.000,0.000,50.000,66.667,50.000
2385469832678,1777550219,734485513,0.000,0.000,0.000,50.000,0.000,50.000
2385489834287,1777550219,754486707,100.000,0.000,50.000,0.000,0.000,50.000
2385509835097,1777550219,774487164,0.000,50.000,50.000,0.000,0.000,0.000
2385529835426,1777550219,794487846,0.000,50.000,0.000,0.000,100.000,50.000
2385549833292,1777550219,814486351,50.000,50.000,0.000,0.000,0.000,0.000
2385569835125,1777550219,834488057,100.000,100.000,50.000,100.000,50.000,50.000
2385589835359,1777550219,854487938,50.000,0.000,0.000,0.000,100.000,0.000
2385609834088,1777550219,874486604,0.000,0.000,100.000,0.000,0.000,50.000
2385629835634,1777550219,894488277,0.000,100.000,100.000,0.000,0.000,0.000
2385649834139,1777550219,914487199,0.000,0.000,0.000,100.000,0.000,0.000
2385669836037,1777550219,934489480,0.000,0.000,0.000,0.000,0.000,0.000
2385689835854,1777550219,954489362,0.000,0.000,0.000,0.000,0.000,50.000
2385709833687,1777550219,974486811,50.000,0.000,0.000,50.000,50.000,50.000
2385729837441,1777550219,994490501,0.000,50.000,100.000,0.000,50.000,50.000
2385749844268,1777550220,14497615,50.000,100.000,0.000,50.000,50.000,0.000
2385769837556,1777550220,34491032,0.000,0.000,0.000,0.000,0.000,0.000
2385789832445,1777550220,54485825,0.000,0.000,0.000,0.000,0.000,50.000
2385809837959,1777550220,74490763,0.000,0.000,50.000,50.000,0.000,0.000
2385829836017,1777550220,94489204,0.000,0.000,50.000,0.000,50.000,0.000
2385849835514,1777550220,114489086,0.000,0.000,0.000,0.000,50.000,0.000
2385869835779,1777550220,134489735,66.667,66.667,0.000,0.000,66.667,0.000
2385889834701,1777550220,154487888,0.000,0.000,0.000,0.000,0.000,0.000
2385909837239,1777550220,174490650,0.000,0.000,0.000,100.000,0.000,0.000
2385929835424,1777550220,194488515,0.000,0.000,0.000,0.000,0.000,50.000
2385949833929,1777550220,214487245,0.000,0.000,0.000,0.000,0.000,0.000
2385969835475,1777550220,234488406,100.000,0.000,0.000,100.000,100.000,50.000
2385989835964,1777550220,254488832,100.000,0.000,0.000,0.000,0.000,50.000
2386009837862,1777550220,274490954,0.000,0.000,100.000,0.000,0.000,50.000
2386029834575,1777550220,294488307,0.000,0.000,100.000,100.000,50.000,0.000
2386049836345,1777550220,314489884,0.000,0.000,100.000,0.000,50.000,50.000
2386069837026,1777550220,334490886,0.000,0.000,100.000,0.000,50.000,100.000
2386089836396,1777550220,354489295,0.000,0.000,0.000,100.000,50.000,0.000
2386109835253,1777550220,374488281,50.000,0.000,0.000,0.000,50.000,0.000
2386129836639,1777550220,394490178,0.000,0.000,0.000,0.000,100.000,100.000
2386149854250,1777550220,414508046,0.000,0.000,0.000,0.000,0.000,100.000
2386169835281,1777550220,434487381,50.000,0.000,0.000,0.000,100.000,0.000
2386189833019,1777550220,454485470,0.000,0.000,0.000,0.000,0.000,100.000
2386209832708,1777550220,474485512,0.000,0.000,0.000,0.000,0.000,0.000
2386229835886,1777550220,494488721,50.000,0.000,50.000,0.000,50.000,50.000
2386249833783,1777550220,514486427,0.000,50.000,50.000,0.000,100.000,50.000
2386269833729,1777550220,534486948,0.000,0.000,50.000,0.000,0.000,0.000
2386289835594,1777550220,554488398,100.000,0.000,0.000,50.000,50.000,100.000
2386309836052,1777550220,574488791,0.000,0.000,50.000,0.000,0.000,50.000
2386329833405,1777550220,594485984,66.667,0.000,0.000,0.000,0.000,50.000
2386349835463,1777550220,614488394,0.000,0.000,0.000,50.000,50.000,0.000
2386369836944,1777550220,634490068,0.000,0.000,0.000,0.000,100.000,100.000
2386389835578,1777550220,654488093,0.000,0.000,50.000,0.000,0.000,66.667
2386409833603,1777550220,674486278,0.000,50.000,0.000,50.000,0.000,100.000
2386429833964,1777550220,694486544,100.000,0.000,0.000,0.000,50.000,100.000
2386449835926,1777550220,714488890,0.000,0.000,0.000,0.000,50.000,0.000
2386469834815,1777550220,734488067,50.000,0.000,0.000,0.000,0.000,100.000
2386489835433,1777550220,754488428,100.000,50.000,100.000,100.000,50.000,100.000
2386509834802,1777550220,774487926,0.000,0.000,0.000,50.000,50.000,0.000
2386529832572,1777550220,794485823,0.000,0.000,0.000,50.000,0.000,0.000
2386549835493,1777550220,814488393,0.000,0.000,0.000,0.000,50.000,100.000
2386569835183,1777550220,834488114,0.000,50.000,100.000,100.000,50.000,50.000
2386589835608,1777550220,854488284,100.000,100.000,0.000,0.000,100.000,50.000
2386609832513,1777550220,874485541,0.000,0.000,0.000,50.000,0.000,100.000
2386629836971,1777550220,894490127,0.000,50.000,0.000,0.000,0.000,50.000
2386649836405,1777550220,914489592,50.000,100.000,0.000,50.000,50.000,50.000
2386669834046,1777550220,934486850,0.000,0.000,0.000,0.000,100.000,0.000
2386689833127,1777550220,954485739,0.000,0.000,50.000,0.000,0.000,50.000
2386709837617,1777550220,974490517,0.000,50.000,0.000,0.000,50.000,100.000
2386729836123,1777550220,994489438,0.000,0.000,0.000,0.000,0.000,50.000
2386749835236,1777550221,14488168,0.000,0.000,0.000,0.000,100.000,50.000
2386769835533,1777550221,34489041,0.000,0.000,0.000,100.000,100.000,50.000
2386789835191,1777550221,54488859,50.000,0.000,0.000,50.000,0.000,100.000
2386809834368,1777550221,74488036,100.000,0.000,0.000,0.000,100.000,100.000
2386829833834,1777550221,94486669,0.000,0.000,0.000,0.000,0.000,100.000
2386849833459,1777550221,114486775,50.000,50.000,0.000,50.000,50.000,50.000
2386869835421,1777550221,134488128,0.000,0.000,0.000,0.000,0.000,100.000
2386889834374,1777550221,154486794,0.000,0.000,0.000,0.000,0.000,100.000
2386909833359,1777550221,174486131,0.000,0.000,0.000,0.000,0.000,100.000
2386929834809,1777550221,194487613,0.000,0.000,0.000,0.000,0.000,100.000
2386949834018,1777550221,214486950,0.000,50.000,50.000,0.000,50.000,100.000
2386969835116,1777550221,234487920,0.000,50.000,50.000,0.000,0.000,0.000
2386989837206,1777550221,254489657,0.000,0.000,0.000,0.000,100.000,50.000
2387009837087,1777550221,274490147,0.000,0.000,0.000,0.000,0.000,0.000
2387029837353,1777550221,294490380,50.000,100.000,50.000,50.000,100.000,0.000
2387049836594,1777550221,314489910,0.000,0.000,50.000,0.000,100.000,100.000
2387069836988,1777550221,334490367,50.000,0.000,0.000,0.000,0.000,50.000
2387089834917,1777550221,354488393,50.000,0.000,0.000,0.000,0.000,100.000
2387109835918,1777550221,374488914,0.000,0.000,0.000,0.000,0.000,50.000
2387129835320,1777550221,394488059,50.000,50.000,100.000,100.000,100.000,50.000
2387149833985,1777550221,414486981,50.000,0.000,0.000,0.000,0.000,100.000
2387169832714,1777550221,434484878,0.000,0.000,0.000,0.000,100.000,50.000
2387189834964,1777550221,454487992,0.000,0.000,100.000,50.000,0.000,50.000
2387209834910,1777550221,474488545,0.000,50.000,50.000,0.000,100.000,0.000
2387229831367,1777550221,494484266,50.000,0.000,50.000,0.000,0.000,50.000
2387249836305,1777550221,514489492,0.000,50.000,0.000,50.000,100.000,100.000
2387269835962,1777550221,534488990,50.000,0.000,0.000,50.000,0.000,50.000
2387289837380,1777550221,554490503,0.000,0.000,0.000,0.000,50.000,0.000
2387309838797,1777550221,574493649,50.000,0.000,0.000,0.000,0.000,0.000
2387329835383,1777550221,594488314,0.000,0.000,0.000,100.000,0.000,100.000
2387349833920,1777550221,614487427,100.000,0.000,0.000,100.000,0.000,50.000
2387369836906,1777550221,634490413,0.000,0.000,0.000,100.000,0.000,50.000
2387389836787,1777550221,654489975,0.000,0.000,0.000,0.000,0.000,100.000
2387409835612,1777550221,674489120,0.000,0.000,0.000,0.000,50.000,0.000
2387429833350,1777550221,694486569,0.000,0.000,0.000,0.000,0.000,100.000
2387449812237,1777550221,714465617,0.000,0.000,0.000,0.000,0.000,0.000
2387469835737,1777550221,734488956,50.000,0.000,0.000,0.000,100.000,50.000
2387489834082,1777550221,754487206,0.000,50.000,0.000,0.000,100.000,0.000
2387509836332,1777550221,774489455,0.000,0.000,0.000,50.000,0.000,100.000
2387529832949,1777550221,794486425,50.000,0.000,50.000,0.000,100.000,0.000
2387549837055,1777550221,814490082,0.000,0.000,100.000,0.000,100.000,100.000
2387569832712,1777550221,834486123,50.000,0.000,0.000,50.000,100.000,50.000
2387589834385,1777550221,854487221,50.000,0.000,50.000,50.000,100.000,100.000
2387609834299,1777550221,874487519,0.000,100.000,100.000,50.000,100.000,0.000
2387629834116,1777550221,894487688,0.000,50.000,0.000,0.000,100.000,100.000
2387649834414,1777550221,914487442,0.000,0.000,50.000,100.000,100.000,100.000
2387669833303,1777550221,934486331,66.667,50.000,0.000,0.000,50.000,100.000
2387689833313,1777550221,954486468,66.667,0.000,0.000,0.000,50.000,100.000
2387709803079,1777550221,974456587,50.000,50.000,0.000,0.000,0.000,100.000
2387729836468,1777550221,994489912,0.000,0.000,0.000,50.000,50.000,100.000
2387749835773,1777550222,14489089,0.000,0.000,0.000,0.000,50.000,0.000
2387769834663,1777550222,34487850,0.000,50.000,0.000,50.000,50.000,50.000
2387789835184,1777550222,54488372,0.000,0.000,0.000,0.000,0.000,0.000
2387809831993,1777550222,74485085,0.000,50.000,100.000,100.000,50.000,50.000
2387829833603,1777550222,94486343,0.000,0.000,0.000,0.000,0.000,0.000
2387849834797,1777550222,114488240,0.000,0.000,100.000,50.000,100.000,100.000
2387869834774,1777550222,134487482,50.000,0.000,50.000,0.000,50.000,100.000
2387889834784,1777550222,154487811,0.000,0.000,0.000,0.000,0.000,50.000
2387909834985,1777550222,174487949,50.000,0.000,0.000,50.000,0.000,50.000
2387929835123,1777550222,194488438,100.000,50.000,0.000,0.000,100.000,50.000
2387949835324,1777550222,214488672,0.000,100.000,0.000,0.000,0.000,100.000
2387969836102,1777550222,234489545,0.000,0.000,0.000,100.000,50.000,100.000
2387989839471,1777550222,254493171,0.000,0.000,0.000,0.000,50.000,50.000
2388009832664,1777550222,274486300,100.000,0.000,0.000,0.000,50.000,0.000
2388029831906,1777550222,294485029,50.000,50.000,0.000,0.000,0.000,100.000
2388049833867,1777550222,314487183,0.000,0.000,0.000,50.000,0.000,100.000
2388069837109,1777550222,334490201,50.000,50.000,50.000,0.000,50.000,50.000
2388089836158,1777550222,354488898,0.000,0.000,50.000,100.000,0.000,100.000
2388109835688,1777550222,374488971,0.000,0.000,0.000,50.000,0.000,50.000
2388129834673,1777550222,394487733,0.000,0.000,50.000,50.000,0.000,100.000
2388149838843,1777550222,414492479,0.000,0.000,0.000,0.000,0.000,50.000
2388169838180,1777550222,434491464,50.000,100.000,0.000,0.000,50.000,50.000
2388189837230,1777550222,454489553,50.000,0.000,66.667,0.000,0.000,50.000
2388209834423,1777550222,474487579,0.000,0.000,0.000,0.000,0.000,50.000
2388229833760,1777550222,494487236,50.000,0.000,0.000,50.000,50.000,50.000
2388249834026,1777550222,514487438,0.000,100.000,100.000,100.000,0.000,0.000
2388269836628,1777550222,534490263,50.000,0.000,0.000,0.000,50.000,100.000
2388289836477,1777550222,554489281,0.000,0.000,0.000,50.000,50.000,100.000
2388309834854,1777550222,574487882,0.000,0.000,50.000,50.000,0.000,100.000
2388329832784,1777550222,594485715,0.000,0.000,0.000,0.000,100.000,0.000
2388349840602,1777550222,614493438,100.000,50.000,0.000,50.000,0.000,100.000
2388369865766,1777550222,634519210,50.000,0.000,50.000,0.000,100.000,50.000
2388389833132,1777550222,654486352,0.000,0.000,0.000,0.000,0.000,100.000
2388409836438,1777550222,674489722,50.000,0.000,50.000,0.000,50.000,100.000
2388429837215,1777550222,694490787,100.000,0.000,0.000,50.000,0.000,0.000
2388449834057,1777550222,714487532,50.000,0.000,50.000,50.000,0.000,100.000
2388469833682,1777550222,734486582,0.000,0.000,0.000,0.000,0.000,100.000
2388489835708,1777550222,754489055,0.000,50.000,50.000,0.000,0.000,50.000
2388509833701,1777550222,774486665,0.000,100.000,0.000,50.000,50.000,100.000
2388529836559,1777550222,794490130,0.000,50.000,0.000,100.000,0.000,100.000
2388549832664,1777550222,814485627,0.000,0.000,0.000,0.000,50.000,100.000
2388569832993,1777550222,834486117,0.000,50.000,50.000,100.000,0.000,100.000
2388589834059,1777550222,854487406,0.000,0.000,0.000,0.000,50.000,100.000
2388609837141,1777550222,874490200,0.000,0.000,50.000,100.000,50.000,100.000
2388629835294,1777550222,894488866,50.000,50.000,100.000,0.000,0.000,50.000
2388649902286,1777550222,914555570,66.667,100.000,100.000,0.000,50.000,50.000
2388669836113,1777550222,934489461,100.000,50.000,100.000,0.000,50.000,100.000
2388689835162,1777550222,954488510,0.000,50.000,100.000,50.000,100.000,0.000
2388709835108,1777550222,974488263,0.000,50.000,50.000,0.000,0.000,100.000
2388729836525,1777550222,994490097,0.000,0.000,50.000,0.000,50.000,0.000
2388749836791,1777550223,14490267,50.000,0.000,100.000,66.667,50.000,100.000
2388769836480,1777550223,34489636,0.000,50.000,0.000,50.000,0.000,100.000
2388789837258,1777550223,54490766,0.000,50.000,50.000,0.000,0.000,100.000
2388809835059,1777550223,74488503,100.000,0.000,0.000,100.000,50.000,0.000
2388829836925,1777550223,94490176,50.000,100.000,100.000,0.000,0.000,50.000
2388849838950,1777550223,114492234,0.000,0.000,50.000,100.000,100.000,50.000
2388869833871,1777550223,134486867,50.000,50.000,100.000,0.000,50.000,100.000
2388889834713,1777550223,154487484,50.000,50.000,0.000,0.000,0.000,100.000
2388909837539,1777550223,174490342,50.000,0.000,100.000,100.000,50.000,0.000
2388929833900,1777550223,194486991,0.000,0.000,0.000,0.000,50.000,100.000
2388949832149,1777550223,214485177,50.000,0.000,0.000,100.000,0.000,100.000
2388969835455,1777550223,234488194,50.000,0.000,50.000,50.000,0.000,100.000
2388989836584,1777550223,254489900,0.000,50.000,0.000,0.000,50.000,50.000
2389009834834,1777550223,274488213,100.000,0.000,50.000,0.000,100.000,100.000
2389029833851,1777550223,294487039,50.000,50.000,0.000,50.000,0.000,100.000
2389049836837,1777550223,314489736,50.000,0.000,0.000,50.000,50.000,50.000
2389069833934,1777550223,334486674,0.000,0.000,100.000,0.000,50.000,50.000
2389089833655,1777550223,354486715,100.000,0.000,50.000,50.000,50.000,100.000
2389109835137,1777550223,374488741,50.000,50.000,100.000,0.000,100.000,0.000
2389129835755,1777550223,394488622,0.000,66.667,100.000,50.000,100.000,100.000
2389149833684,1777550223,414487096,100.000,0.000,50.000,100.000,100.000,100.000
2389169835518,1777550223,434487681,50.000,0.000,0.000,0.000,0.000,50.000
2389189833767,1777550223,454486826,100.000,100.000,0.000,0.000,50.000,50.000
2389209834288,1777550223,474487380,0.000,0.000,50.000,0.000,0.000,100.000
2389229834618,1777550223,494487325,50.000,50.000,0.000,50.000,100.000,100.000
2389249834019,1777550223,514487111,100.000,0.000,0.000,0.000,0.000,0.000
2389269836429,1777550223,534490033,0.000,0.000,0.000,0.000,0.000,50.000
2389289836630,1777550223,554489786,66.667,0.000,66.667,0.000,50.000,0.000
2389309834400,1777550223,574487171,50.000,50.000,100.000,50.000,100.000,0.000
2389329834377,1777550223,594487661,0.000,0.000,0.000,0.000,100.000,0.000
2389349834771,1777550223,614487830,50.000,0.000,0.000,50.000,0.000,100.000
2389369835516,1777550223,634488800,66.667,0.000,50.000,0.000,0.000,50.000
2389389837126,1777550223,654489961,50.000,50.000,100.000,100.000,50.000,100.000
2389409834191,1777550223,674487379,0.000,50.000,50.000,0.000,0.000,0.000
2389429834777,1777550223,694487996,50.000,0.000,0.000,50.000,50.000,100.000
2389449833922,1777550223,714487366,100.000,50.000,50.000,0.000,50.000,100.000
2389469835532,1777550223,734488911,50.000,100.000,50.000,0.000,100.000,100.000
2389489835893,1777550223,754489401,0.000,50.000,0.000,50.000,0.000,100.000
2389509834526,1777550223,774487618,100.000,50.000,0.000,50.000,100.000,100.000
2389529833960,1777550223,794487499,0.000,0.000,100.000,100.000,0.000,0.000
2389549836498,1777550223,814490037,50.000,50.000,0.000,0.000,50.000,50.000
2389569833787,1777550223,834486974,50.000,50.000,66.667,0.000,0.000,0.000
2389589832772,1777550223,854485896,100.000,100.000,0.000,50.000,0.000,100.000
2389609834126,1777550223,874487025,0.000,50.000,0.000,50.000,0.000,100.000
2389629835127,1777550223,894487963,0.000,50.000,0.000,0.000,100.000,100.000
2389649835073,1777550223,914488164,0.000,100.000,50.000,0.000,100.000,50.000
2389669834666,1777550223,934487566,50.000,0.000,50.000,100.000,50.000,100.000
2389689832275,1777550223,954485367,50.000,50.000,50.000,0.000,50.000,50.000
2389709835101,1777550223,974488769,50.000,0.000,50.000,100.000,0.000,0.000
2389729834150,1777550223,994487370,0.000,100.000,0.000,0.000,50.000,50.000
2389749835248,1777550224,14488372,50.000,100.000,50.000,0.000,50.000,100.000
2389769835194,1777550224,34488541,0.000,50.000,0.000,50.000,0.000,100.000
2389789837027,1777550224,54489959,50.000,0.000,50.000,0.000,50.000,50.000
2389809835372,1777550224,74488432,100.000,0.000,0.000,50.000,0.000,100.000
2389829833430,1777550224,94486521,0.000,50.000,0.000,0.000,50.000,100.000
2389849835423,1777550224,114488675,0.000,0.000,0.000,0.000,50.000,0.000
2389869833961,1777550224,134486732,0.000,50.000,0.000,50.000,50.000,50.000
2389889833938,1777550224,154487062,0.000,100.000,66.667,0.000,0.000,100.000
2389909834332,1777550224,174487455,100.000,50.000,0.000,0.000,50.000,50.000
2389929842086,1777550224,194495434,50.000,50.000,0.000,66.667,50.000,50.000
2389949836623,1777550224,214490963,50.000,50.000,100.000,100.000,0.000,50.000
2389969840057,1777550224,234493948,0.000,50.000,0.000,100.000,0.000,100.000
2389989838082,1777550224,254491558,50.000,100.000,50.000,100.000,0.000,100.000
2390009834507,1777550224,274487695,50.000,0.000,50.000,100.000,0.000,0.000
2390029836757,1777550224,294490232,50.000,50.000,0.000,50.000,50.000,50.000
2390049836094,1777550224,314489410,0.000,0.000,0.000,50.000,0.000,50.000
2390069836264,1777550224,334489931,100.000,100.000,0.000,0.000,100.000,66.667
2390089835313,1777550224,354488853,0.000,0.000,50.000,50.000,0.000,66.667
2390109837051,1777550224,374490334,0.000,0.000,0.000,0.000,0.000,50.000
2390129832196,1777550224,394485383,0.000,0.000,50.000,100.000,0.000,100.000
2390149835981,1777550224,414489169,50.000,0.000,0.000,50.000,0.000,0.000
2390169834583,1777550224,434487290,100.000,50.000,50.000,50.000,0.000,100.000
2390189833120,1777550224,454485796,0.000,0.000,100.000,0.000,0.000,100.000
2390209833866,1777550224,474486733,100.000,0.000,0.000,100.000,0.000,0.000
2390229834355,1777550224,494486999,0.000,50.000,0.000,100.000,0.000,100.000
2390249835069,1777550224,514487840,100.000,0.000,0.000,50.000,50.000,0.000
2390269834950,1777550224,534488394,0.000,0.000,100.000,100.000,100.000,0.000
2390289838480,1777550224,554491476,0.000,0.000,100.000,50.000,0.000,100.000
2390309835193,1777550224,574488509,0.000,50.000,50.000,0.000,50.000,0.000
2390329833634,1777550224,594487078,0.000,0.000,100.000,0.000,50.000,50.000
2390349836044,1777550224,614488784,50.000,0.000,0.000,50.000,100.000,0.000
2390369836054,1777550224,634489529,0.000,50.000,0.000,50.000,100.000,0.000
2390389837023,1777550224,654489731,50.000,50.000,0.000,0.000,0.000,0.000
2390409834024,1777550224,674487244,100.000,50.000,100.000,50.000,100.000,50.000
2390429836050,1777550224,694489302,0.000,0.000,50.000,0.000,100.000,50.000
2390449834395,1777550224,714487327,100.000,0.000,50.000,0.000,0.000,50.000
2390469833349,1777550224,734486472,100.000,0.000,0.000,0.000,0.000,100.000
2390489832974,1777550224,754486162,50.000,50.000,0.000,0.000,50.000,50.000
2390509835384,1777550224,774488123,100.000,0.000,50.000,50.000,0.000,50.000
2390529834401,1777550224,794487397,0.000,100.000,50.000,100.000,50.000,100.000
2390549835339,1777550224,814488014,0.000,50.000,0.000,0.000,0.000,50.000
2390569834548,1777550224,834487416,100.000,0.000,0.000,100.000,50.000,0.000
2390589832541,1777550224,854485729,0.000,0.000,100.000,0.000,50.000,100.000
2390609832007,1777550224,874485194,0.000,50.000,0.000,0.000,0.000,0.000
2390629832624,1777550224,894486036,0.000,50.000,0.000,100.000,100.000,50.000
2390649833690,1777550224,914486846,50.000,0.000,50.000,0.000,50.000,100.000
2390669835236,1777550224,934488647,50.000,0.000,50.000,0.000,50.000,0.000
2390689834381,1777550224,954487505,50.000,100.000,0.000,100.000,50.000,0.000
2390709834006,1777550224,974487770,100.000,50.000,0.000,0.000,100.000,50.000
2390729838080,1777550224,994491396,0.000,0.000,100.000,0.000,0.000,50.000
2390749836650,1777550225,14488973,0.000,100.000,50.000,100.000,0.000,100.000
2390769834035,1777550225,34487318,0.000,0.000,0.000,50.000,50.000,0.000
2390789835868,1777550225,54489344,0.000,0.000,100.000,0.000,0.000,100.000
2390809832710,1777550225,74486281,0.000,100.000,50.000,50.000,0.000,0.000
2390829835727,1777550225,94489491,50.000,0.000,0.000,0.000,0.000,0.000
2390849832472,1777550225,114485532,0.000,50.000,100.000,0.000,0.000,50.000
2390869835778,1777550225,134488838,50.000,0.000,0.000,0.000,50.000,50.000
2390889835692,1777550225,154489167,0.000,0.000,50.000,0.000,0.000,100.000
2390909834997,1777550225,174488153,50.000,0.000,100.000,0.000,50.000,100.000
2390929841535,1777550225,194495171,50.000,50.000,50.000,50.000,50.000,100.000
2390949835368,1777550225,214488684,100.000,50.000,50.000,50.000,0.000,50.000
2390969837906,1777550225,234491414,0.000,0.000,50.000,50.000,100.000,50.000
2390989834139,1777550225,254487551,50.000,50.000,100.000,100.000,50.000,50.000
2391009835557,1777550225,274489224,0.000,100.000,50.000,50.000,0.000,50.000
2391029837518,1777550225,294490802,66.667,50.000,50.000,50.000,50.000,100.000
2391049841112,1777550225,314494012,0.000,0.000,0.000,0.000,0.000,50.000
2391069835489,1777550225,334489157,0.000,100.000,50.000,50.000,0.000,50.000
2391089836202,1777550225,354489614,50.000,50.000,0.000,100.000,50.000,0.000
2391109836948,1777550225,374490424,0.000,0.000,0.000,50.000,0.000,0.000
2391129833629,1777550225,394487137,50.000,0.000,100.000,50.000,100.000,50.000
2391149834343,1777550225,414487434,100.000,50.000,50.000,0.000,100.000,0.000
2391169836400,1777550225,434489300,100.000,100.000,50.000,50.000,50.000,100.000
2391189836602,1777550225,454489149,0.000,50.000,0.000,50.000,0.000,100.000
2391209841796,1777550225,474494984,0.000,50.000,100.000,0.000,0.000,100.000
2391229832460,1777550225,494485872,50.000,0.000,0.000,66.667,0.000,100.000
2391249833910,1777550225,514486778,50.000,50.000,50.000,0.000,0.000,50.000
2391269839584,1777550225,534492676,50.000,0.000,0.000,0.000,0.000,50.000
2391289836105,1777550225,554489101,0.000,0.000,100.000,50.000,0.000,50.000
2391309834130,1777550225,574487542,50.000,0.000,50.000,66.667,100.000,50.000
2391329835708,1777550225,594488800,100.000,0.000,0.000,0.000,100.000,100.000
2391349834405,1777550225,614487657,0.000,0.000,0.000,50.000,0.000,50.000
2391369832015,1777550225,634484818,50.000,0.000,50.000,50.000,0.000,50.000
2391389834296,1777550225,654487196,0.000,0.000,0.000,50.000,50.000,0.000
2391409835234,1777550225,674488646,50.000,0.000,0.000,0.000,50.000,100.000
2391429834827,1777550225,694487983,0.000,0.000,0.000,0.000,100.000,50.000
2391449834965,1777550225,714488056,100.000,0.000,50.000,50.000,100.000,100.000
2391469834814,1777550225,734487938,0.000,0.000,0.000,50.000,0.000,100.000
2391489834120,1777550225,754487467,0.000,0.000,0.000,50.000,0.000,50.000
2391509835313,1777550225,774488469,50.000,0.000,50.000,0.000,0.000,50.000
2391529834683,1777550225,794488094,100.000,50.000,0.000,0.000,50.000,100.000
2391549835108,1777550225,814488264,0.000,0.000,0.000,50.000,50.000,100.000
2391569834285,1777550225,834487569,0.000,50.000,0.000,0.000,0.000,100.000
2391589835959,1777550225,854489371,50.000,50.000,0.000,0.000,0.000,50.000
2391609835265,1777550225,874488804,50.000,0.000,0.000,0.000,0.000,100.000
2391629836650,1777550225,894490158,0.000,50.000,50.000,0.000,0.000,100.000
2391649833299,1777550225,914486263,0.000,0.000,0.000,0.000,0.000,100.000
2391669834045,1777550225,934487424,50.000,0.000,100.000,100.000,100.000,50.000
2391689833990,1777550225,954487466,100.000,0.000,0.000,0.000,0.000,66.667
2391709836112,1777550225,974489716,0.000,0.000,50.000,50.000,0.000,66.667
2391729833849,1777550225,994486941,100.000,0.000,50.000,50.000,100.000,100.000
2391749835299,1777550226,14488646,0.000,0.000,50.000,50.000,0.000,0.000
2391769836012,1777550226,34489424,50.000,0.000,0.000,0.000,0.000,100.000
2391789835350,1777550226,54488569,100.000,0.000,0.000,50.000,50.000,100.000
2391809835455,1777550226,74488451,0.000,0.000,0.000,50.000,50.000,100.000
2391829834729,1777550226,94488300,0.000,50.000,0.000,50.000,50.000,100.000
2391849836882,1777550226,114490134,0.000,0.000,50.000,50.000,50.000,50.000
2391869833883,1777550226,134487327,0.000,0.000,50.000,100.000,50.000,100.000
2391889835717,1777550226,154488809,0.000,0.000,0.000,0.000,0.000,50.000
2391909833806,1777550226,174486994,0.000,0.000,50.000,0.000,0.000,0.000
2391929836792,1777550226,194490204,66.667,50.000,0.000,0.000,0.000,100.000
2391949836002,1777550226,214488933,0.000,0.000,0.000,50.000,0.000,50.000
2391969831915,1777550226,234485006,50.000,0.000,0.000,0.000,0.000,100.000
2391989834388,1777550226,254487224,50.000,0.000,0.000,50.000,0.000,100.000
2392009833726,1777550226,274486433,0.000,0.000,0.000,0.000,50.000,50.000
2392029837000,1777550226,294489547,0.000,50.000,0.000,66.667,0.000,50.000
2392049834257,1777550226,314487412,0.000,0.000,100.000,0.000,50.000,50.000
2392069835898,1777550226,334489470,50.000,50.000,50.000,0.000,0.000,100.000
2392089833732,1777550226,354486855,50.000,50.000,50.000,0.000,0.000,50.000
2392109832525,1777550226,374485681,0.000,0.000,50.000,50.000,50.000,100.000
2392129835831,1777550226,394489498,50.000,0.000,0.000,0.000,0.000,100.000
2392149833856,1777550226,414486820,0.000,50.000,0.000,0.000,0.000,0.000
2392169834506,1777550226,434487405,50.000,50.000,0.000,0.000,50.000,66.667
2392189834291,1777550226,454486775,0.000,0.000,50.000,50.000,0.000,100.000
2392209834876,1777550226,474487840,0.000,0.000,50.000,0.000,50.000,50.000
2392229834950,1777550226,494488490,0.000,0.000,0.000,66.667,50.000,100.000
2392249834383,1777550226,514487027,0.000,0.000,0.000,0.000,0.000,100.000
2392269837049,1777550226,534490909,0.000,100.000,0.000,0.000,0.000,50.000
2392289839107,1777550226,554492679,0.000,0.000,0.000,50.000,50.000,50.000
2392309834284,1777550226,574487183,50.000,0.000,0.000,0.000,100.000,100.000
2392329832885,1777550226,594486457,50.000,0.000,0.000,0.000,100.000,0.000
2392349833343,1777550226,614486306,0.000,0.000,0.000,0.000,100.000,50.000
2392369835304,1777550226,634488620,50.000,50.000,0.000,0.000,50.000,100.000
2392389836210,1777550226,654489462,50.000,50.000,50.000,50.000,50.000,50.000
2392409833211,1777550226,674486751,0.000,0.000,0.000,50.000,0.000,100.000
2392429835333,1777550226,694488328,50.000,0.000,50.000,0.000,100.000,100.000
2392449835118,1777550226,714488018,0.000,0.000,0.000,0.000,50.000,100.000
2392469834200,1777550226,734487323,0.000,100.000,100.000,0.000,50.000,50.000
2392489835489,1777550226,754488453,66.667,0.000,0.000,66.667,100.000,100.000
2392509834090,1777550226,774487022,0.000,50.000,0.000,50.000,50.000,100.000
2392529835220,1777550226,794488024,0.000,0.000,0.000,0.000,0.000,50.000
2392549834493,1777550226,814487297,100.000,0.000,0.000,0.000,0.000,100.000
2392569838215,1777550226,834491275,0.000,0.000,100.000,0.000,100.000,50.000
2392589834736,1777550226,854487924,0.000,50.000,50.000,0.000,0.000,100.000
2392609833882,1777550226,874487389,50.000,0.000,0.000,0.000,0.000,100.000
2392629833827,1777550226,894487143,0.000,0.000,100.000,0.000,0.000,50.000
2392649835021,1777550226,914487952,100.000,0.000,0.000,100.000,50.000,50.000
2392669832054,1777550226,934485498,0.000,100.000,0.000,0.000,0.000,100.000
2392689836000,1777550226,954489315,0.000,0.000,0.000,50.000,50.000,50.000
2392709834537,1777550226,974488365,100.000,50.000,0.000,0.000,50.000,100.000
2392729832626,1777550226,994485718,0.000,100.000,0.000,0.000,0.000,50.000
2392749838428,1777550227,14491840,0.000,0.000,0.000,0.000,0.000,50.000
2392769834278,1777550227,34487529,50.000,100.000,0.000,0.000,0.000,66.667
2392789834639,1777550227,54487731,50.000,0.000,50.000,0.000,50.000,0.000
2392809833528,1777550227,74486780,0.000,50.000,0.000,0.000,0.000,50.000
2392829834466,1777550227,94487398,0.000,0.000,50.000,0.000,0.000,50.000
2392849833515,1777550227,114486639,0.000,0.000,0.000,0.000,50.000,50.000
2392869834805,1777550227,134487705,0.000,0.000,50.000,0.000,0.000,50.000
2392889833182,1777550227,154486242,0.000,0.000,0.000,50.000,50.000,100.000
2392909834312,1777550227,174487147,0.000,100.000,0.000,50.000,0.000,50.000
2392929837810,1777550227,194490997,50.000,0.000,0.000,50.000,50.000,0.000
2392949834331,1777550227,214487678,50.000,0.000,50.000,0.000,50.000,100.000
2392969838693,1777550227,234491976,50.000,0.000,0.000,0.000,0.000,0.000
2392989835150,1777550227,254488401,0.000,50.000,100.000,0.000,100.000,100.000
2393009837303,1777550227,274490779,100.000,0.000,0.000,0.000,0.000,0.000
2393029834465,1777550227,294487908,0.000,0.000,0.000,50.000,50.000,50.000
2393049833482,1777550227,314486670,100.000,0.000,0.000,0.000,0.000,50.000
2393069833907,1777550227,334487415,0.000,50.000,0.000,0.000,50.000,100.000
2393089837725,1777550227,354491041,0.000,0.000,0.000,0.000,50.000,50.000
2393109833350,1777550227,374486442,0.000,50.000,0.000,100.000,50.000,0.000
2393129833680,1777550227,394486836,50.000,0.000,0.000,0.000,50.000,50.000
2393149832633,1777550227,414485853,0.000,0.000,0.000,0.000,100.000,0.000
2393169833123,1777550227,434485254,50.000,0.000,0.000,50.000,50.000,100.000
2393189834892,1777550227,454487760,100.000,0.000,0.000,50.000,0.000,100.000
2393209841879,1777550227,474495098,0.000,50.000,50.000,50.000,0.000,0.000
2393229836480,1777550227,494489123,0.000,0.000,0.000,0.000,100.000,50.000
2393249834569,1777550227,514487372,0.000,100.000,0.000,0.000,0.000,50.000
2393269835602,1777550227,534488374,100.000,0.000,0.000,0.000,50.000,100.000
2393289833276,1777550227,554486335,0.000,0.000,0.000,0.000,50.000,0.000
2393309834341,1777550227,574487337,0.000,0.000,0.000,0.000,0.000,100.000
2393329837871,1777550227,594490643,0.000,50.000,0.000,0.000,0.000,100.000
2393349837496,1777550227,614490492,100.000,0.000,50.000,0.000,50.000,0.000
2393369834658,1777550227,634487717,0.000,0.000,0.000,0.000,0.000,0.000
2393389861582,1777550227,654514802,50.000,0.000,100.000,0.000,0.000,0.000
2393409871928,1777550227,674524572,0.000,100.000,100.000,100.000,100.000,100.000
2393429863585,1777550227,694516485,0.000,0.000,0.000,0.000,50.000,100.000
2393449803748,1777550227,714456744,0.000,0.000,0.000,100.000,50.000,0.000
2393469837233,1777550227,734490581,0.000,50.000,0.000,0.000,0.000,50.000
2393489844731,1777550227,754497855,50.000,50.000,0.000,0.000,100.000,50.000
2393509835172,1777550227,774488392,0.000,0.000,50.000,0.000,100.000,50.000
2393529835853,1777550227,794488977,50.000,50.000,50.000,0.000,0.000,100.000
2393549837143,1777550227,814490043,0.000,0.000,0.000,50.000,0.000,66.667
2393569834784,1777550227,834488036,100.000,0.000,50.000,50.000,0.000,100.000
2393589837130,1777550227,854495790,0.000,0.000,0.000,100.000,100.000,0.000
2393609834003,1777550227,874487575,0.000,100.000,0.000,0.000,100.000,0.000
2393629834205,1777550227,894487200,0.000,0.000,50.000,0.000,0.000,100.000
2393649834470,1777550227,914487626,0.000,50.000,0.000,50.000,50.000,50.000
2393669834512,1777550227,934488403,0.000,50.000,0.000,0.000,0.000,50.000
2393689832697,1777550227,954486493,0.000,0.000,0.000,50.000,0.000,0.000
2393709839075,1777550227,974493031,0.000,50.000,0.000,100.000,100.000,100.000
2393729840397,1777550227,994493808,0.000,50.000,0.000,0.000,0.000,0.000
2393749838230,1777550228,14491546,0.000,0.000,50.000,0.000,100.000,0.000
2393769835135,1777550228,34488483,100.000,50.000,100.000,50.000,50.000,100.000
2393789838281,1777550228,54491276,50.000,0.000,0.000,0.000,50.000,100.000
2393809838290,1777550228,74491606,0.000,50.000,100.000,0.000,50.000,0.000
2393829834491,1777550228,94487455,0.000,0.000,50.000,50.000,0.000,100.000
2393849835141,1777550228,114487944,66.667,50.000,0.000,0.000,50.000,100.000
2393869835150,1777550228,134488018,50.000,0.000,50.000,50.000,50.000,0.000
2393889833976,1777550228,154486811,0.000,0.000,0.000,0.000,0.000,100.000
2393909835457,1777550228,174488485,0.000,100.000,50.000,0.000,50.000,100.000
2393929833547,1777550228,194486606,0.000,50.000,0.000,0.000,50.000,0.000
2393949835220,1777550228,214488312,100.000,0.000,50.000,100.000,0.000,100.000
2393969833149,1777550228,234486625,50.000,0.000,50.000,0.000,0.000,100.000
2393989836519,1777550228,254489771,0.000,0.000,50.000,0.000,66.667,100.000
2394009832912,1777550228,274486388,50.000,50.000,0.000,50.000,100.000,100.000
2394029836442,1777550228,294489918,100.000,0.000,50.000,0.000,0.000,50.000
2394049798816,1777550228,314451843,66.667,0.000,50.000,50.000,0.000,50.000
2394069836557,1777550228,334490289,50.000,0.000,0.000,0.000,50.000,100.000
2394089840119,1777550228,354493211,0.000,66.667,0.000,100.000,0.000,100.000
2394109836160,1777550228,374488484,0.000,0.000,0.000,0.000,0.000,100.000
2394129837834,1777550228,394490701,0.000,0.000,0.000,50.000,0.000,0.000
2394149835187,1777550228,414488407,50.000,50.000,100.000,0.000,50.000,50.000
2394169832732,1777550228,434485248,0.000,0.000,0.000,0.000,50.000,50.000
2394189834694,1777550228,454487401,0.000,0.000,0.000,0.000,0.000,50.000
2394209839696,1777550228,474493075,0.000,0.000,0.000,50.000,0.000,0.000
2394229842426,1777550228,494495197,0.000,50.000,0.000,0.000,0.000,0.000
2394249834466,1777550228,514487814,0.000,0.000,0.000,50.000,0.000,0.000
2394269839084,1777550228,534492400,0.000,0.000,50.000,0.000,0.000,0.000
2394289837877,1777550228,554491097,0.000,0.000,0.000,0.000,50.000,0.000
2394309837343,1777550228,574490114,100.000,0.000,0.000,0.000,50.000,50.000
2394329834472,1777550228,594486988,0.000,0.000,100.000,0.000,0.000,50.000
2394349834770,1777550228,614487413,50.000,0.000,0.000,0.000,50.000,50.000
2394369839003,1777550228,634491999,50.000,100.000,0.000,50.000,50.000,0.000
2394389838437,1777550228,654491272,0.000,100.000,50.000,0.000,0.000,0.000
2394409838830,1777550228,674491538,0.000,50.000,0.000,0.000,0.000,100.000
2394429835959,1777550228,694488987,0.000,100.000,0.000,0.000,100.000,0.000
2394449838465,1777550228,714491621,0.000,0.000,50.000,0.000,0.000,100.000
2394469836619,1777550228,734490158,50.000,0.000,50.000,0.000,100.000,0.000
2394489836340,1777550228,754489720,0.000,0.000,100.000,0.000,50.000,0.000
2394509835229,1777550228,774488097,0.000,50.000,0.000,50.000,50.000,50.000
2394529835367,1777550228,794488170,0.000,0.000,0.000,0.000,0.000,50.000
2394549844209,1777550228,814497013,0.000,0.000,0.000,0.000,50.000,100.000
2394569833658,1777550228,834487069,50.000,0.000,50.000,100.000,100.000,0.000
2394589831939,1777550228,854484806,0.000,50.000,0.000,66.667,0.000,0.000
2394609835021,1777550228,874488144,100.000,66.667,0.000,50.000,100.000,50.000
2394629839095,1777550228,894492506,0.000,0.000,0.000,0.000,0.000,100.000
2394649833119,1777550228,914486147,100.000,0.000,0.000,66.667,0.000,0.000
2394669836585,1777550228,934489837,0.000,0.000,0.000,0.000,0.000,50.000
2394689834514,1777550228,954488086,0.000,0.000,0.000,0.000,0.000,100.000
2394709837948,1777550228,974491360,50.000,50.000,0.000,0.000,0.000,100.000
2394729835525,1777550228,994489161,0.000,0.000,0.000,0.000,0.000,50.000
2394749834063,1777550229,14487410,0.000,0.000,0.000,0.000,50.000,100.000
2394772386407,1777550229,37039659,50.000,0.000,0.000,50.000,50.000,0.000
2394789833474,1777550229,54487013,0.000,0.000,0.000,50.000,0.000,100.000
2394809834347,1777550229,74487343,0.000,0.000,0.000,0.000,0.000,100.000
2394829832180,1777550229,94485336,0.000,0.000,0.000,0.000,100.000,100.000
2394849835358,1777550229,114488290,0.000,0.000,50.000,0.000,0.000,50.000
2394869835016,1777550229,134487723,0.000,0.000,0.000,50.000,0.000,100.000
2394889835409,1777550229,154488725,0.000,0.000,0.000,0.000,50.000,100.000
2394909835547,1777550229,174488958,50.000,50.000,0.000,0.000,0.000,100.000
2394929834724,1777550229,194487240,100.000,0.000,0.000,0.000,100.000,100.000
2394949835310,1777550229,214488593,0.000,0.000,0.000,50.000,100.000,50.000
2394969835415,1777550229,234488379,0.000,0.000,0.000,100.000,0.000,50.000
2394989835201,1777550229,254488644,50.000,50.000,0.000,0.000,50.000,0.000
2395009832298,1777550229,274485837,0.000,0.000,50.000,50.000,50.000,50.000
2395029840436,1777550229,294493592,50.000,0.000,0.000,0.000,0.000,100.000
2395049834845,1777550229,314487744,100.000,0.000,0.000,50.000,0.000,100.000
2395069835302,1777550229,334488234,0.000,0.000,0.000,0.000,50.000,100.000
2395089839568,1777550229,354492884,50.000,50.000,0.000,0.000,0.000,100.000
2395109835065,1777550229,374488349,0.000,0.000,0.000,0.000,0.000,0.000
2395129836739,1777550229,394489543,0.000,0.000,0.000,0.000,66.667,100.000
2395149832428,1777550229,414486256,0.000,0.000,0.000,0.000,0.000,50.000
2395169834582,1777550229,434487129,50.000,50.000,0.000,0.000,100.000,0.000
2395189838432,1777550229,454491555,0.000,0.000,50.000,100.000,0.000,100.000
2395209834473,1777550229,474487340,50.000,0.000,100.000,0.000,0.000,0.000
2395229838578,1777550229,494492150,100.000,0.000,50.000,50.000,0.000,100.000
2395249835324,1777550229,514488831,50.000,50.000,0.000,0.000,50.000,50.000
2395269833861,1777550229,534487401,50.000,100.000,0.000,0.000,50.000,50.000
2395289835823,1777550229,554489202,0.000,0.000,0.000,0.000,50.000,0.000
2395309834840,1777550229,574488092,0.000,50.000,0.000,100.000,50.000,50.000
2395329834209,1777550229,594487845,50.000,100.000,0.000,0.000,50.000,0.000
2395349838859,1777550229,614492591,0.000,0.000,50.000,50.000,0.000,100.000
2395369834964,1777550229,634488408,0.000,0.000,0.000,0.000,0.000,50.000
2395389840574,1777550229,654494274,50.000,0.000,0.000,0.000,50.000,100.000
2395409836359,1777550229,674489579,100.000,50.000,0.000,0.000,0.000,0.000
2395429835313,1777550229,694488948,50.000,0.000,0.000,0.000,0.000,50.000
2395449836570,1777550229,714490174,0.000,0.000,0.000,50.000,100.000,0.000
2395469836228,1777550229,734489543,0.000,0.000,0.000,0.000,0.000,0.000
2395489845966,1777550229,754498738,0.000,100.000,50.000,0.000,0.000,50.000
2395509835127,1777550229,774488186,0.000,100.000,50.000,50.000,0.000,100.000
2395529838785,1777550229,794491972,0.000,0.000,0.000,0.000,50.000,100.000
2395549847947,1777550229,814500943,0.000,0.000,0.000,0.000,0.000,50.000
2395569835763,1777550229,834488855,100.000,0.000,0.000,0.000,0.000,50.000
2395589838397,1777550229,854491905,100.000,0.000,0.000,0.000,0.000,100.000
2395609834950,1777550229,874488458,0.000,0.000,0.000,0.000,50.000,0.000
2395629836304,1777550229,894489363,0.000,50.000,0.000,50.000,0.000,50.000
2395649835257,1777550229,914488701,0.000,50.000,0.000,0.000,0.000,66.667
2395669834594,1777550229,934488038,0.000,0.000,100.000,0.000,0.000,66.667
2395689836396,1777550229,954489456,50.000,0.000,0.000,0.000,100.000,0.000
2395709835253,1777550229,974488665,100.000,0.000,0.000,0.000,0.000,0.000
2395729835071,1777550229,994488002,0.000,66.667,100.000,0.000,0.000,50.000
2395749844105,1777550230,14496973,0.000,0.000,0.000,0.000,0.000,100.000
2395769835986,1777550230,34489429,0.000,50.000,50.000,0.000,0.000,50.000
2395789847517,1777550230,54499776,0.000,0.000,0.000,0.000,50.000,50.000
2395809945712,1777550230,74597908,0.000,0.000,100.000,0.000,0.000,100.000
2395829839567,1777550230,94492466,0.000,50.000,50.000,50.000,0.000,0.000
2395849837752,1777550230,114490812,50.000,0.000,0.000,50.000,50.000,50.000
2395869839169,1777550230,134492773,0.000,0.000,0.000,0.000,0.000,50.000
2395889835371,1777550230,154488686,0.000,50.000,0.000,0.000,0.000,50.000
2395909834260,1777550230,174487448,0.000,0.000,0.000,0.000,50.000,100.000
2395929837598,1777550230,194490753,50.000,50.000,0.000,50.000,0.000,0.000
2395949840648,1777550230,214493547,0.000,50.000,0.000,0.000,50.000,50.000
2395969835120,1777550230,234489044,0.000,0.000,0.000,50.000,100.000,0.000
2395989834170,1777550230,254487581,0.000,0.000,100.000,50.000,100.000,50.000
2396009837604,1777550230,274491367,0.000,0.000,50.000,0.000,100.000,50.000
2396029837677,1777550230,294490929,0.000,0.000,0.000,0.000,0.000,0.000
2396049837911,1777550230,314491066,50.000,0.000,0.000,0.000,50.000,100.000
2396069840672,1777550230,334493956,100.000,0.000,0.000,50.000,0.000,100.000
2396089839306,1777550230,354492365,0.000,0.000,0.000,0.000,0.000,50.000
2396109839027,1777550230,374491991,0.000,50.000,0.000,0.000,50.000,100.000
2396129841661,1777550230,394495072,0.000,0.000,50.000,0.000,50.000,0.000
2396149820580,1777550230,414474504,50.000,0.000,0.000,0.000,100.000,0.000
2396169834831,1777550230,434488211,0.000,0.000,0.000,100.000,0.000,0.000
2396189837337,1777550230,454490492,0.000,0.000,50.000,0.000,0.000,0.000
2396209834754,1777550230,474487590,100.000,0.000,50.000,0.000,0.000,0.000
2396229838764,1777550230,494491887,66.667,50.000,0.000,0.000,0.000,100.000
2396249837653,1777550230,514490841,0.000,50.000,0.000,50.000,0.000,100.000
2396269839103,1777550230,534492258,0.000,0.000,0.000,0.000,100.000,0.000
2396289837512,1777550230,554490284,0.000,0.000,0.000,0.000,0.000,50.000
2396309835441,1777550230,574487413,0.000,0.000,50.000,0.000,100.000,0.000
2396329837467,1777550230,594490303,100.000,0.000,50.000,0.000,0.000,100.000
2396349836260,1777550230,614489288,100.000,0.000,0.000,0.000,0.000,100.000
2396369835854,1777550230,634489201,0.000,0.000,0.000,0.000,0.000,100.000
2396389839640,1777550230,654493211,66.667,0.000,100.000,50.000,100.000,0.000
2396409844162,1777550230,674497381,0.000,0.000,50.000,0.000,0.000,100.000
2396429833418,1777550230,694486286,100.000,50.000,0.000,0.000,0.000,100.000
2396449840532,1777550230,714494104,50.000,50.000,0.000,0.000,0.000,0.000
2396469835901,1777550230,734488833,0.000,0.000,100.000,50.000,100.000,100.000
2396489834599,1777550230,754487818,0.000,0.000,0.000,0.000,0.000,0.000
2396509839024,1777550230,774491732,0.000,50.000,0.000,0.000,50.000,50.000
2396529834873,1777550230,794488093,66.667,100.000,0.000,0.000,100.000,50.000
2396549835619,1777550230,814488679,50.000,0.000,0.000,0.000,50.000,50.000
2396569834540,1777550230,834487728,0.000,0.000,0.000,0.000,0.000,50.000
2396589837430,1777550230,854490586,0.000,100.000,0.000,0.000,0.000,100.000
2396609836351,1777550230,874489219,0.000,50.000,0.000,50.000,100.000,0.000
2396629842090,1777550230,894495565,0.000,0.000,0.000,0.000,0.000,50.000
2396649838195,1777550230,914491254,100.000,0.000,50.000,0.000,100.000,0.000
2396669834492,1777550230,934488031,100.000,50.000,50.000,50.000,50.000,100.000
2396689893579,1777550230,954547023,0.000,0.000,0.000,0.000,0.000,50.000
2396709838063,1777550230,974490963,0.000,0.000,0.000,0.000,50.000,100.000
2396729835992,1777550230,994489468,50.000,50.000,50.000,50.000,50.000,100.000
2396749835682,1777550231,14488837,0.000,100.000,0.000,0.000,100.000,50.000
2396769835211,1777550231,34488783,0.000,0.000,0.000,100.000,100.000,100.000
2396789835093,1777550231,54488440,100.000,100.000,0.000,50.000,0.000,0.000
2396809859809,1777550231,74512772,0.000,0.000,50.000,50.000,100.000,100.000
2396829837192,1777550231,94490571,50.000,0.000,0.000,0.000,50.000,100.000
2396849835281,1777550231,114488245,50.000,0.000,0.000,0.000,100.000,50.000
2396869836315,1777550231,134489662,0.000,0.000,0.000,0.000,0.000,0.000
2396889839460,1777550231,154492456,50.000,0.000,0.000,0.000,0.000,100.000
2396909839534,1777550231,174492305,0.000,50.000,50.000,0.000,0.000,50.000
2396929833655,1777550231,194487002,100.000,0.000,0.000,50.000,50.000,100.000
2396949834656,1777550231,214487812,100.000,50.000,50.000,50.000,50.000,0.000
2396969836714,1777550231,234490318,0.000,0.000,0.000,50.000,50.000,100.000
2396989836531,1777550231,254489815,0.000,0.000,0.000,50.000,0.000,0.000
2397009834589,1777550231,274487712,0.000,0.000,100.000,0.000,0.000,50.000
2397029835622,1777550231,294489098,0.000,0.000,0.000,0.000,0.000,100.000
2397049871764,1777550231,314524951,50.000,0.000,0.000,0.000,0.000,100.000
2397069833849,1777550231,334487325,50.000,0.000,0.000,0.000,0.000,0.000
2397089841155,1777550231,354494375,0.000,50.000,0.000,0.000,50.000,50.000
2397109837004,1777550231,374489328,0.000,0.000,0.000,0.000,50.000,0.000
2397129835478,1777550231,394488249,0.000,50.000,0.000,50.000,50.000,0.000
2397149836799,1777550231,414490115,0.000,100.000,0.000,0.000,0.000,100.000
2397169837225,1777550231,434490092,0.000,0.000,0.000,0.000,100.000,66.667
2397189840274,1777550231,454493590,100.000,0.000,100.000,0.000,100.000,0.000
2397209835963,1777550231,474489215,0.000,0.000,0.000,0.000,0.000,50.000
2397229838693,1777550231,494492617,50.000,100.000,100.000,100.000,50.000,50.000
2397249839951,1777550231,514493426,66.667,0.000,0.000,0.000,0.000,100.000
2397269836344,1777550231,534489340,0.000,100.000,50.000,0.000,0.000,100.000
2397289839650,1777550231,554493029,100.000,50.000,0.000,0.000,0.000,100.000
2397309835019,1777550231,574487342,0.000,0.000,0.000,0.000,100.000,100.000
2397329834740,1777550231,594487384,0.000,50.000,0.000,50.000,100.000,0.000
2397349833694,1777550231,614486785,0.000,0.000,50.000,0.000,0.000,50.000
2397369836487,1777550231,634489323,100.000,0.000,0.000,0.000,0.000,100.000
2397389839505,1777550231,654492405,66.667,50.000,50.000,66.667,0.000,50.000
2397409840027,1777550231,674492574,0.000,0.000,0.000,50.000,50.000,0.000
2397429836036,1777550231,694488903,0.000,66.667,50.000,0.000,50.000,0.000
2397449834541,1777550231,714487249,0.000,0.000,0.000,66.667,0.000,100.000
2397469838231,1777550231,734491322,0.000,50.000,100.000,0.000,0.000,50.000
2397489836352,1777550231,754489412,100.000,0.000,0.000,0.000,100.000,50.000
2397509834953,1777550231,774488077,0.000,0.000,0.000,50.000,100.000,100.000
2397529852181,1777550231,794504952,66.667,0.000,50.000,0.000,0.000,100.000
2397549835484,1777550231,814488768,0.000,0.000,0.000,0.000,50.000,0.000
2397569851816,1777550231,834505643,0.000,50.000,0.000,0.000,0.000,100.000
2397589834351,1777550231,854487763,0.000,0.000,0.000,50.000,0.000,100.000
2397609835801,1777550231,874488924,0.000,0.000,50.000,0.000,0.000,100.000
2397629844195,1777550231,894497287,0.000,50.000,0.000,50.000,50.000,50.000
2397649835532,1777550231,914488783,0.000,50.000,0.000,0.000,50.000,50.000
2397669834037,1777550231,934488057,0.000,0.000,0.000,0.000,0.000,0.000
2397689832830,1777550231,954486530,50.000,0.000,50.000,0.000,0.000,0.000
2397709836936,1777550231,974490284,0.000,50.000,0.000,100.000,50.000,50.000
2397729836498,1777550231,994489813,0.000,0.000,50.000,50.000,0.000,0.000
2397749841148,1777550232,14493759,0.000,0.000,0.000,0.000,50.000,100.000
2397769838437,1777550232,34492137,100.000,50.000,0.000,0.000,0.000,50.000
2397789838318,1777550232,54491506,100.000,0.000,0.000,0.000,50.000,50.000
2397809832439,1777550232,74485147,0.000,50.000,0.000,50.000,0.000,100.000
2397829839329,1777550232,94492805,0.000,50.000,50.000,50.000,0.000,100.000
2397849835210,1777550232,114487950,50.000,50.000,0.000,0.000,0.000,100.000
2397869838548,1777550232,134491672,100.000,50.000,0.000,0.000,0.000,0.000
2397889832637,1777550232,154485729,0.000,0.000,50.000,0.000,0.000,0.000
2397909840391,1777550232,174493163,50.000,0.000,0.000,0.000,50.000,100.000
2397929839409,1777550232,194492532,50.000,100.000,0.000,50.000,50.000,50.000
2397949837274,1777550232,214497886,0.000,0.000,50.000,0.000,50.000,50.000
2397969839972,1777550232,234493095,0.000,0.000,50.000,0.000,0.000,50.000
2397989840429,1777550232,254493329,0.000,100.000,0.000,50.000,100.000,100.000
2398009835574,1777550232,274488762,100.000,0.000,0.000,0.000,50.000,0.000
2398029838784,1777550232,294492004,0.000,0.000,50.000,100.000,100.000,100.000
2398049834665,1777550232,314488141,0.000,0.000,0.000,50.000,50.000,100.000
2398069842259,1777550232,334495671,100.000,0.000,0.000,0.000,0.000,50.000
2398089837468,1777550232,354490368,0.000,0.000,0.000,0.000,0.000,100.000
2398109840742,1777550232,374493738,0.000,0.000,0.000,50.000,50.000,100.000
2398129839119,1777550232,394492435,0.000,100.000,50.000,50.000,50.000,100.000
2398149834904,1777550232,414488284,50.000,50.000,50.000,0.000,0.000,100.000
2398169875590,1777550232,434528554,0.000,0.000,0.000,0.000,0.000,100.000
2398189851149,1777550232,454503281,0.000,0.000,100.000,50.000,0.000,50.000
2398209830388,1777550232,474482808,0.000,0.000,0.000,100.000,100.000,100.000
2398229833854,1777550232,494487522,0.000,0.000,50.000,50.000,0.000,0.000
2398249853866,1777550232,514506445,0.000,0.000,0.000,50.000,50.000,100.000
2398269959902,1777550232,534612482,0.000,0.000,100.000,0.000,50.000,100.000
2398289836955,1777550232,554490943,100.000,50.000,0.000,50.000,50.000,50.000
2398309834468,1777550232,574487400,0.000,0.000,0.000,50.000,50.000,50.000
2398329837614,1777550232,594491025,50.000,66.667,50.000,100.000,100.000,100.000
2398349838775,1777550232,614493467,50.000,0.000,0.000,0.000,50.000,50.000
2398369838273,1777550232,634491556,100.000,0.000,0.000,0.000,0.000,0.000
2398389835274,1777550232,654488750,0.000,0.000,50.000,0.000,0.000,100.000
2398409834387,1777550232,674487351,0.000,100.000,100.000,0.000,0.000,100.000
2398429832541,1777550232,694486016,0.000,0.000,50.000,50.000,100.000,0.000
2398449834374,1777550232,714487722,50.000,100.000,0.000,50.000,100.000,100.000
2398469839312,1777550232,734492788,0.000,0.000,0.000,0.000,0.000,100.000
2398489835353,1777550232,754488317,50.000,0.000,0.000,50.000,0.000,50.000
2398509837603,1777550232,774490855,50.000,100.000,0.000,0.000,50.000,50.000
2398529848590,1777550232,794501649,100.000,0.000,50.000,50.000,50.000,0.000
2398549833622,1777550232,814486905,0.000,0.000,0.000,50.000,0.000,50.000
2398569839424,1777550232,834492867,100.000,0.000,50.000,100.000,0.000,50.000
2398589840425,1777550232,854493293,0.000,0.000,50.000,0.000,50.000,0.000
2398609840243,1777550232,874492566,0.000,0.000,0.000,50.000,0.000,100.000
2398629835164,1777550232,894487807,0.000,0.000,50.000,50.000,50.000,100.000
2398649831845,1777550232,914484520,50.000,0.000,50.000,0.000,0.000,0.000
2398669839695,1777550232,934492531,0.000,50.000,0.000,0.000,0.000,100.000
2398689833848,1777550232,954487227,50.000,66.667,0.000,50.000,0.000,0.000
2398709836610,1777550232,974489637,50.000,0.000,100.000,0.000,50.000,100.000
2398729834635,1777550232,994488047,0.000,0.000,0.000,0.000,50.000,50.000
2398749834900,1777550233,14488280,50.000,50.000,0.000,0.000,50.000,50.000
2398769842047,1777550233,34495778,0.000,0.000,0.000,66.667,50.000,0.000
2398789835303,1777550233,54488683,50.000,50.000,100.000,50.000,50.000,100.000
2398809853075,1777550233,74506166,0.000,0.000,0.000,50.000,50.000,0.000
2398829918563,1777550233,94571751,50.000,50.000,0.000,0.000,50.000,0.000
2398849841156,1777550233,114494440,50.000,100.000,50.000,0.000,100.000,50.000
2398869839598,1777550233,134492529,0.000,0.000,100.000,0.000,0.000,0.000
2398889835383,1777550233,154488858,0.000,0.000,50.000,0.000,50.000,100.000
2398909838656,1777550233,174491652,0.000,0.000,50.000,0.000,50.000,50.000
2398929895920,1777550233,194549492,0.000,50.000,0.000,50.000,50.000,50.000
2398949884632,1777550233,214535996,50.000,0.000,0.000,0.000,50.000,100.000
2398969953065,1777550233,234606925,66.667,0.000,0.000,100.000,0.000,100.000
2398989968180,1777550233,254620664,0.000,0.000,100.000,50.000,100.000,50.000
2399009989088,1777550233,274642435,100.000,100.000,0.000,0.000,0.000,50.000
2399029981800,1777550233,294635180,0.000,50.000,100.000,50.000,0.000,100.000
2399049840227,1777550233,314494247,0.000,50.000,0.000,0.000,0.000,50.000
2399069916661,1777550233,334569976,0.000,0.000,100.000,0.000,50.000,50.000
2399089841270,1777550233,354494842,100.000,100.000,100.000,50.000,66.667,50.000
2399109908167,1777550233,374561386,50.000,50.000,50.000,50.000,0.000,50.000
2399129968086,1777550233,394621530,50.000,0.000,0.000,100.000,0.000,0.000
2399149973024,1777550233,414626212,50.000,100.000,50.000,50.000,0.000,50.000
2399169853277,1777550233,434507169,50.000,50.000,50.000,100.000,50.000,0.000
2399189834149,1777550233,454486984,50.000,100.000,50.000,50.000,0.000,100.000
2399209987870,1777550233,474641346,50.000,0.000,0.000,0.000,0.000,100.000
2399229838776,1777550233,494491676,66.667,50.000,50.000,50.000,0.000,0.000
2399249836129,1777550233,514489541,0.000,0.000,0.000,0.000,50.000,0.000
2399269840011,1777550233,534493711,50.000,0.000,0.000,0.000,0.000,0.000
2399289841973,1777550233,554499737,66.667,0.000,0.000,0.000,0.000,50.000
2399309889539,1777550233,574542567,50.000,50.000,50.000,50.000,100.000,0.000
2399329970037,1777550233,594623545,100.000,50.000,0.000,66.667,50.000,50.000
2399349910008,1777550233,614561276,50.000,0.000,50.000,0.000,0.000,50.000
2399369839642,1777550233,634493982,0.000,50.000,50.000,50.000,50.000,100.000
2399389879144,1777550233,654532876,66.667,100.000,100.000,100.000,0.000,0.000
2399409835533,1777550233,674489777,0.000,50.000,50.000,50.000,50.000,100.000
2399429872250,1777550233,694525534,0.000,66.667,100.000,50.000,0.000,100.000
2399449853602,1777550233,714507589,50.000,0.000,0.000,0.000,50.000,50.000
2399469885903,1777550233,734539282,0.000,50.000,0.000,100.000,50.000,100.000
2399489836787,1777550233,754490775,100.000,50.000,100.000,0.000,0.000,50.000
2399509906372,1777550233,774560007,100.000,50.000,0.000,50.000,0.000,66.667
2399529874922,1777550233,794529070,100.000,50.000,100.000,0.000,50.000,0.000
2399549842384,1777550233,814495892,0.000,0.000,50.000,0.000,100.000,100.000
2399569849242,1777550233,834503006,0.000,0.000,0.000,0.000,50.000,100.000
2399589917547,1777550233,854570734,66.667,50.000,100.000,50.000,0.000,100.000
2399609838828,1777550233,874492784,0.000,100.000,0.000,0.000,100.000,50.000
2399630025129,1777550233,894678541,0.000,0.000,0.000,0.000,0.000,100.000
2399649838879,1777550233,914493187,0.000,0.000,50.000,0.000,100.000,0.000
2399669974903,1777550233,934627962,100.000,0.000,0.000,50.000,50.000,100.000
2399689839346,1777550233,954493334,0.000,100.000,50.000,0.000,0.000,50.000
2399709967177,1777550233,974620460,50.000,50.000,0.000,0.000,50.000,100.000
2399729896043,1777550233,994549902,100.000,50.000,50.000,50.000,0.000,0.000
2399750045028,1777550234,14696071,0.000,0.000,0.000,50.000,100.000,0.000
2399769988615,1777550234,34641451,50.000,0.000,50.000,0.000,0.000,100.000
2399790019764,1777550234,54673016,50.000,0.000,0.000,0.000,50.000,0.000
2399809844235,1777550234,74497839,100.000,0.000,50.000,0.000,50.000,50.000
2399829842196,1777550234,94494904,0.000,50.000,0.000,50.000,50.000,50.000
2399849835709,1777550234,114488929,0.000,50.000,50.000,0.000,0.000,50.000
2399869845064,1777550234,134498251,100.000,50.000,0.000,50.000,50.000,50.000
2399889842385,1777550234,154496084,0.000,0.000,50.000,0.000,50.000,100.000
2399909840602,1777550234,174494334,0.000,50.000,50.000,0.000,100.000,100.000
2399929836579,1777550234,194491047,66.667,0.000,0.000,50.000,0.000,50.000
2399949837741,1777550234,214495537,50.000,0.000,50.000,50.000,50.000,0.000
2399969843191,1777550234,234497210,0.000,100.000,66.667,50.000,50.000,0.000
2399989884933,1777550234,254538792,50.000,66.667,100.000,0.000,50.000,0.000
2400009835817,1777550234,274489613,50.000,0.000,0.000,50.000,50.000,100.000
2400029884504,1777550234,294537947,50.000,50.000,50.000,50.000,50.000,0.000
2400050001805,1777550234,314655249,100.000,0.000,0.000,100.000,100.000,100.000
2400069881098,1777550234,334534638,0.000,66.667,50.000,0.000,100.000,0.000
2400089839343,1777550234,354492851,50.000,0.000,0.000,0.000,0.000,100.000
2400110071825,1777550234,374724565,50.000,0.000,50.000,0.000,50.000,50.000
2400129981969,1777550234,394634997,50.000,0.000,0.000,0.000,0.000,100.000
2400149883952,1777550234,414537332,0.000,100.000,0.000,50.000,66.667,100.000
2400169837941,1777550234,434491225,0.000,0.000,0.000,0.000,50.000,50.000
2400190003344,1777550234,454656115,100.000,0.000,0.000,0.000,0.000,50.000
2400209955764,1777550234,474608632,0.000,100.000,50.000,0.000,50.000,0.000
2400229937404,1777550234,494590527,50.000,0.000,50.000,0.000,50.000,50.000
2400249844315,1777550234,514497535,0.000,50.000,50.000,50.000,0.000,0.000
2400269836356,1777550234,534489288,100.000,0.000,50.000,50.000,0.000,0.000
2400289837358,1777550234,554490737,100.000,0.000,50.000,50.000,0.000,50.000
2400309834487,1777550234,574487482,50.000,100.000,50.000,50.000,50.000,0.000
2400329836736,1777550234,594490404,0.000,0.000,0.000,0.000,0.000,50.000
2400349877102,1777550234,614528498,0.000,0.000,0.000,0.000,0.000,0.000
2400369853013,1777550234,634506905,50.000,0.000,0.000,0.000,0.000,100.000
2400389879489,1777550234,654532549,100.000,0.000,0.000,0.000,50.000,50.000
2400409840167,1777550234,674493706,0.000,0.000,50.000,0.000,50.000,50.000
2400429953084,1777550234,694606240,0.000,0.000,50.000,100.000,0.000,50.000
2400449839802,1777550234,714493533,0.000,50.000,0.000,0.000,0.000,50.000
2400469881864,1777550234,734535147,50.000,100.000,0.000,50.000,50.000,0.000
2400489838732,1777550234,754492048,50.000,0.000,0.000,0.000,50.000,0.000
2400510039883,1777550234,774692527,50.000,0.000,0.000,0.000,100.000,0.000
2400529889285,1777550234,794542568,0.000,0.000,50.000,0.000,100.000,100.000
2400549839945,1777550234,814492236,0.000,0.000,0.000,0.000,0.000,0.000
2400569839538,1777550234,834493718,75.000,0.000,0.000,50.000,0.000,50.000
2400589899586,1777550234,854552998,0.000,50.000,50.000,50.000,0.000,50.000
2400609996662,1777550234,874650586,50.000,0.000,50.000,0.000,0.000,0.000
2400629902901,1777550234,894555737,0.000,0.000,0.000,0.000,0.000,100.000
2400649917280,1777550234,914571044,50.000,66.667,0.000,0.000,0.000,0.000
2400669993394,1777550234,934646582,0.000,0.000,50.000,50.000,50.000,100.000
2400689843468,1777550234,954497071,0.000,0.000,0.000,0.000,50.000,0.000
2400709880281,1777550234,974533629,100.000,0.000,0.000,0.000,0.000,100.000
2400729837086,1777550234,994490946,66.667,100.000,100.000,66.667,100.000,0.000
2400749941618,1777550235,14593046,50.000,100.000,0.000,50.000,50.000,50.000
2400769837297,1777550235,34490964,50.000,0.000,50.000,50.000,0.000,50.000
2400789886688,1777550235,54539843,50.000,0.000,50.000,50.000,0.000,0.000
2400809839780,1777550235,74493672,0.000,0.000,0.000,0.000,0.000,50.000
2400829996926,1777550235,94650306,100.000,0.000,0.000,50.000,0.000,0.000
2400849839415,1777550235,114493115,0.000,0.000,100.000,50.000,50.000,50.000
2400869837760,1777550235,134490660,0.000,50.000,50.000,50.000,50.000,50.000
2400889838154,1777550235,154491277,100.000,50.000,50.000,50.000,100.000,50.000
2400909928061,1777550235,174580704,0.000,50.000,100.000,0.000,0.000,100.000
2400929840381,1777550235,194494145,0.000,33.333,0.000,50.000,50.000,50.000
2400949834662,1777550235,214487817,0.000,0.000,50.000,50.000,100.000,0.000
2400969842352,1777550235,234495988,100.000,66.667,50.000,50.000,50.000,50.000
2400989892415,1777550235,254545282,0.000,0.000,50.000,0.000,50.000,50.000
2401009863557,1777550235,274516873,0.000,0.000,0.000,50.000,0.000,50.000
2401029864143,1777550235,294516786,0.000,0.000,50.000,0.000,0.000,0.000
2401049837461,1777550235,314490617,100.000,0.000,0.000,0.000,66.667,100.000
2401069875683,1777550235,334528967,0.000,0.000,100.000,0.000,50.000,50.000
2401089804261,1777550235,354457800,50.000,50.000,50.000,0.000,0.000,50.000
2401109888247,1777550235,374541211,50.000,0.000,0.000,0.000,0.000,0.000
2401129897666,1777550235,394551557,0.000,0.000,0.000,100.000,50.000,0.000
2401149861063,1777550235,414514443,100.000,50.000,50.000,100.000,0.000,50.000
2401169839182,1777550235,434491826,0.000,0.000,50.000,50.000,0.000,50.000
2401189883421,1777550235,454536096,100.000,50.000,0.000,100.000,0.000,100.000
2401209836481,1777550235,474489989,100.000,0.000,0.000,0.000,0.000,100.000
2401229934933,1777550235,494588025,0.000,50.000,50.000,0.000,50.000,0.000
2401249997157,1777550235,514650505,0.000,100.000,0.000,50.000,50.000,50.000
2401269836605,1777550235,534489569,50.000,50.000,0.000,0.000,50.000,0.000
2401289838439,1777550235,554492043,100.000,50.000,100.000,0.000,100.000,0.000
2401309885174,1777550235,574538137,66.667,0.000,0.000,50.000,100.000,0.000
2401329836186,1777550235,594489661,0.000,0.000,0.000,100.000,0.000,0.000
2401349958800,1777550235,614610356,100.000,0.000,0.000,100.000,50.000,100.000
2401369842221,1777550235,634496049,50.000,50.000,0.000,0.000,100.000,0.000
2401389839415,1777550235,654492762,50.000,50.000,0.000,0.000,0.000,0.000
2401409837280,1777550235,674490787,0.000,50.000,0.000,0.000,50.000,0.000
2401429839145,1777550235,694492493,75.000,100.000,0.000,0.000,0.000,66.667
2401449839123,1777550235,714492919,50.000,50.000,50.000,0.000,0.000,50.000
2401469838044,1777550235,734491680,100.000,0.000,100.000,0.000,50.000,0.000
2401489837158,1777550235,754490409,0.000,100.000,100.000,50.000,0.000,50.000
2401509927737,1777550235,774580860,50.000,0.000,100.000,0.000,66.667,50.000
2401529870044,1777550235,794523808,66.667,0.000,0.000,0.000,0.000,50.000
2401549838850,1777550235,814491878,0.000,0.000,50.000,100.000,100.000,50.000
2401569838828,1777550235,834493071,100.000,50.000,50.000,0.000,50.000,0.000
2401589902908,1777550235,854556256,50.000,0.000,50.000,0.000,0.000,50.000
2401609877187,1777550235,874531430,50.000,0.000,50.000,50.000,0.000,50.000
2401629841128,1777550235,894494956,50.000,0.000,50.000,50.000,0.000,50.000
2401649969215,1777550235,914622659,100.000,50.000,0.000,0.000,50.000,50.000
2401669928292,1777550235,934581896,0.000,0.000,50.000,66.667,0.000,0.000
2401689841477,1777550235,954495304,50.000,0.000,0.000,66.667,50.000,100.000
2401709872369,1777550235,974525685,100.000,100.000,50.000,0.000,0.000,0.000
2401729836471,1777550235,994490043,50.000,0.000,50.000,50.000,0.000,100.000
2401749859363,1777550236,14512871,0.000,0.000,0.000,50.000,50.000,100.000
2401769836650,1777550236,34490638,100.000,0.000,0.000,0.000,0.000,50.000
2401789971650,1777550236,54625062,66.667,100.000,0.000,50.000,50.000,50.000
2401809877153,1777550236,74537350,66.667,0.000,0.000,0.000,0.000,50.000
2401829882443,1777550236,94536175,0.000,100.000,100.000,0.000,0.000,0.000
2401849838256,1777550236,114492052,50.000,50.000,0.000,0.000,50.000,50.000
2401869835641,1777550236,134488669,50.000,100.000,50.000,0.000,50.000,0.000
2401889841251,1777550236,154494887,0.000,100.000,0.000,0.000,50.000,100.000
2401909919285,1777550236,174572089,100.000,0.000,50.000,0.000,0.000,100.000
2401929836246,1777550236,194489914,0.000,0.000,0.000,50.000,50.000,0.000
2401949879684,1777550236,214531271,100.000,0.000,0.000,50.000,50.000,50.000
2401969835657,1777550236,234489900,100.000,0.000,0.000,0.000,0.000,50.000
2401989883319,1777550236,254537083,100.000,0.000,50.000,0.000,0.000,0.000
2402009835932,1777550236,274490111,100.000,0.000,0.000,0.000,0.000,50.000
2402029883850,1777550236,294537582,66.667,50.000,0.000,0.000,50.000,50.000
2402049835983,1777550236,314490354,0.000,50.000,100.000,100.000,0.000,100.000
2402069896959,1777550236,334550178,50.000,50.000,0.000,100.000,50.000,66.667
2402089837922,1777550236,354491845,0.000,0.000,0.000,0.000,0.000,50.000
2402109877967,1777550236,374531411,100.000,50.000,0.000,100.000,0.000,50.000
2402129837717,1777550236,394491672,50.000,0.000,50.000,0.000,0.000,0.000
2402149889636,1777550236,414542855,0.000,0.000,0.000,0.000,50.000,0.000
2402169843112,1777550236,434496716,100.000,50.000,0.000,50.000,50.000,50.000
2402189836401,1777550236,454489076,66.667,0.000,0.000,0.000,0.000,0.000
2402209836858,1777550236,474490430,0.000,0.000,50.000,100.000,50.000,0.000
2402229836708,1777550236,494489831,0.000,50.000,50.000,0.000,0.000,0.000
2402249841998,1777550236,514495858,0.000,50.000,50.000,50.000,0.000,100.000
2402269836727,1777550236,534489722,0.000,0.000,50.000,0.000,100.000,50.000
2402289836736,1777550236,554490308,100.000,100.000,50.000,0.000,0.000,50.000
2402309847339,1777550236,574500366,0.000,0.000,0.000,50.000,50.000,0.000
2402329875703,1777550236,594529883,50.000,0.000,0.000,0.000,0.000,0.000
2402349858687,1777550236,614511459,100.000,0.000,50.000,50.000,50.000,0.000
2402369873834,1777550236,634528014,50.000,50.000,100.000,0.000,0.000,0.000
2402389890549,1777550236,654543961,0.000,0.000,0.000,50.000,50.000,0.000
2402409836665,1777550236,674490685,0.000,0.000,0.000,50.000,50.000,0.000
2402429951855,1777550236,694605234,50.000,50.000,0.000,0.000,100.000,66.667
2402449841709,1777550236,714495984,50.000,50.000,0.000,0.000,0.000,0.000
2402469977252,1777550236,734631240,0.000,0.000,0.000,0.000,50.000,0.000
2402489834079,1777550236,754488130,50.000,0.000,66.667,0.000,0.000,100.000
2402509840425,1777550236,774493804,0.000,0.000,0.000,0.000,0.000,0.000
2402529842098,1777550236,794495606,50.000,0.000,0.000,100.000,100.000,50.000
2402550113785,1777550236,814764892,0.000,50.000,0.000,100.000,100.000,0.000
2402570009815,1777550236,834662459,0.000,0.000,0.000,50.000,0.000,50.000
2402589879635,1777550236,854532470,50.000,0.000,0.000,0.000,50.000,50.000
2402609872284,1777550236,874524415,0.000,50.000,50.000,0.000,100.000,0.000
2402629891079,1777550236,894543627,0.000,50.000,100.000,50.000,50.000,0.000
2402649846668,1777550236,914499503,0.000,100.000,0.000,0.000,0.000,100.000
2402669908444,1777550236,934561151,50.000,50.000,0.000,0.000,100.000,0.000
2402689863232,1777550236,954515972,0.000,0.000,50.000,50.000,0.000,100.000
2402709839303,1777550236,974491883,0.000,0.000,0.000,0.000,100.000,50.000
2402729869652,1777550236,994522776,50.000,100.000,100.000,50.000,0.000,100.000
2402749946822,1777550237,14598025,50.000,100.000,0.000,0.000,0.000,0.000
2402769969554,1777550237,34622965,0.000,50.000,0.000,0.000,50.000,100.000
2402789934615,1777550237,54587611,0.000,0.000,100.000,0.000,0.000,100.000
2402810012169,1777550237,74665901,0.000,0.000,0.000,50.000,50.000,100.000
2402830024596,1777550237,94677879,50.000,50.000,0.000,50.000,0.000,100.000
2402849839018,1777550237,114491853,50.000,0.000,0.000,50.000,100.000,100.000
2402869872087,1777550237,134526394,0.000,100.000,50.000,50.000,0.000,0.000
2402889950504,1777550237,154604044,50.000,0.000,0.000,0.000,0.000,100.000
2402909854536,1777550237,174507339,100.000,0.000,100.000,0.000,0.000,0.000
2402929961500,1777550237,194614624,100.000,0.000,0.000,100.000,100.000,100.000
2402950048239,1777550237,214699507,0.000,0.000,0.000,50.000,50.000,100.000
2402970000884,1777550237,234654199,100.000,0.000,0.000,0.000,50.000,100.000
2402989837004,1777550237,254490255,0.000,0.000,0.000,0.000,0.000,100.000
2403009846422,1777550237,274499066,0.000,0.000,0.000,100.000,100.000,100.000
2403030047445,1777550237,294700377,0.000,50.000,0.000,0.000,0.000,100.000
2403050120774,1777550237,314773962,0.000,0.000,0.000,0.000,100.000,0.000
2403070020965,1777550237,334674313,0.000,50.000,0.000,0.000,0.000,0.000
2403089839547,1777550237,354493023,0.000,0.000,100.000,0.000,100.000,100.000
2403109839717,1777550237,374493224,0.000,0.000,0.000,0.000,100.000,0.000
2403129839662,1777550237,394492818,50.000,0.000,0.000,0.000,0.000,0.000
2403149938754,1777550237,414592166,0.000,0.000,0.000,0.000,50.000,100.000
2403169909769,1777550237,434561900,0.000,0.000,0.000,0.000,0.000,100.000
2403190005948,1777550237,454658112,0.000,50.000,0.000,0.000,0.000,0.000
2403210128979,1777550237,474781718,0.000,0.000,0.000,0.000,100.000,0.000
2403230220262,1777550237,494873194,0.000,100.000,100.000,50.000,100.000,50.000
2403250106499,1777550237,514759559,50.000,0.000,50.000,0.000,0.000,100.000
2403270109581,1777550237,534762577,100.000,0.000,0.000,0.000,50.000,100.000
2403290103382,1777550237,554756762,0.000,0.000,0.000,50.000,0.000,0.000
2403310110144,1777550237,574762756,0.000,0.000,0.000,0.000,0.000,100.000
2403330119403,1777550237,594772206,100.000,100.000,100.000,100.000,0.000,0.000
2403350170777,1777550237,614821757,0.000,0.000,0.000,0.000,50.000,100.000
2403370178020,1777550237,634831655,0.000,0.000,0.000,0.000,0.000,100.000
2403389838025,1777550237,654491309,0.000,0.000,0.000,50.000,0.000,50.000
2403409840787,1777550237,674493686,0.000,0.000,0.000,0.000,0.000,50.000
2403429838588,1777550237,694492384,50.000,0.000,0.000,0.000,0.000,0.000
2403449843718,1777550237,714496906,50.000,0.000,0.000,100.000,100.000,0.000
2403469841903,1777550237,734495219,50.000,0.000,0.000,0.000,0.000,50.000
2403489840537,1777550237,754499197,50.000,0.000,0.000,0.000,0.000,50.000
2403509934412,1777550237,774587664,100.000,50.000,0.000,0.000,0.000,50.000
2403530000829,1777550237,794653952,0.000,0.000,0.000,0.000,0.000,0.000
2403549838581,1777550237,814491897,100.000,0.000,50.000,0.000,50.000,100.000
2403569839742,1777550237,834493410,0.000,0.000,50.000,0.000,50.000,0.000
2403590099908,1777550237,854753255,50.000,0.000,0.000,0.000,0.000,0.000
2403609857715,1777550237,874510199,0.000,0.000,0.000,100.000,50.000,100.000
2403629848412,1777550237,894500799,0.000,50.000,50.000,50.000,0.000,0.000
2403649907628,1777550237,914560943,100.000,0.000,50.000,0.000,50.000,50.000
2403669833837,1777550237,934486161,0.000,0.000,0.000,0.000,50.000,100.000
2403690138519,1777550237,954791451,0.000,0.000,50.000,0.000,0.000,66.667
2403710091163,1777550237,974744095,50.000,0.000,0.000,0.000,50.000,100.000
2403729876814,1777550237,994530738,50.000,0.000,0.000,0.000,50.000,100.000
2403750092366,1777550238,14743762,0.000,100.000,50.000,66.667,0.000,100.000
2403770121531,1777550238,34774559,0.000,0.000,0.000,0.000,0.000,50.000
2403790099202,1777550238,54752006,0.000,0.000,0.000,0.000,0.000,0.000
2403810005922,1777550238,74658789,0.000,0.000,50.000,100.000,0.000,0.000
2403829847738,1777550238,94499870,0.000,0.000,0.000,0.000,0.000,100.000
2403849876775,1777550238,114530283,0.000,0.000,0.000,50.000,0.000,50.000
2403870043458,1777550238,134695782,0.000,0.000,0.000,0.000,50.000,0.000
2403890110579,1777550238,154764150,100.000,66.667,0.000,0.000,0.000,50.000
2403909849857,1777550238,174502724,0.000,0.000,50.000,0.000,50.000,50.000
2403929848106,1777550238,194500589,0.000,100.000,0.000,0.000,0.000,100.000
2403949845587,1777550238,214498295,50.000,0.000,50.000,0.000,100.000,50.000
2403969850973,1777550238,234504033,0.000,0.000,0.000,0.000,0.000,0.000
2403989847782,1777550238,254500906,0.000,50.000,0.000,0.000,0.000,100.000
2404009846896,1777550238,274499443,50.000,0.000,50.000,0.000,0.000,0.000
2404029836504,1777550238,294489500,50.000,0.000,0.000,0.000,100.000,50.000
2404049841410,1777550238,314494982,0.000,0.000,0.000,50.000,0.000,50.000
2404069842219,1777550238,334495407,0.000,0.000,0.000,50.000,50.000,0.000
2404089846293,1777550238,354499129,0.000,0.000,50.000,0.000,0.000,100.000
2404109835550,1777550238,374488865,100.000,0.000,50.000,100.000,0.000,100.000
2404129842600,1777550238,394500940,0.000,0.000,100.000,0.000,100.000,0.000
2404149835569,1777550238,414489044,0.000,0.000,100.000,50.000,100.000,0.000
2404169842875,1777550238,434495294,0.000,100.000,0.000,0.000,0.000,0.000
2404189842276,1777550238,454494984,0.000,0.000,0.000,0.000,0.000,100.000
2404209836973,1777550238,474489265,0.000,0.000,0.000,100.000,50.000,0.000
2404229836439,1777550238,494489914,0.000,0.000,100.000,0.000,50.000,0.000
2404249839104,1777550238,514492964,0.000,0.000,0.000,100.000,0.000,0.000
2404269841258,1777550238,534494318,0.000,0.000,50.000,100.000,50.000,0.000
2404289838899,1777550238,554491671,0.000,0.000,0.000,0.000,50.000,0.000
2404309860223,1777550238,574512515,66.667,0.000,0.000,0.000,0.000,0.000
2404329918831,1777550238,594571378,0.000,0.000,0.000,0.000,50.000,0.000
2404350099019,1777550238,614750031,50.000,0.000,50.000,0.000,0.000,0.000
2404370091572,1777550238,634743895,0.000,0.000,0.000,0.000,0.000,50.000
2404389840131,1777550238,654492422,50.000,50.000,50.000,0.000,50.000,50.000
2404409840012,1777550238,674492656,0.000,0.000,0.000,0.000,0.000,100.000
2404429868953,1777550238,694522044,0.000,50.000,0.000,50.000,50.000,100.000
2404449865890,1777550238,714518469,100.000,0.000,50.000,50.000,0.000,50.000
2404469836712,1777550238,734489068,0.000,0.000,0.000,0.000,0.000,100.000
2404489836178,1777550238,754488725,0.000,50.000,50.000,50.000,0.000,50.000
2404509838395,1777550238,774490847,0.000,0.000,0.000,0.000,0.000,0.000
2404529834276,1777550238,794487080,100.000,50.000,0.000,0.000,66.667,100.000
2404549991999,1777550238,814643138,0.000,0.000,50.000,0.000,0.000,50.000
2404569836119,1777550238,834488539,100.000,0.000,0.000,50.000,50.000,100.000
2404589835905,1777550238,854488645,0.000,0.000,0.000,0.000,0.000,0.000
2404609925716,1777550238,874578520,100.000,0.000,0.000,0.000,0.000,0.000
2404629895866,1777550238,894548414,0.000,0.000,100.000,0.000,50.000,100.000
2404649839006,1777550238,914491745,0.000,0.000,0.000,0.000,50.000,0.000
2404669854569,1777550238,934506732,0.000,50.000,0.000,50.000,0.000,50.000
2404689845265,1777550238,954497717,66.667,0.000,0.000,0.000,0.000,0.000
2404709850299,1777550238,974502783,0.000,0.000,50.000,50.000,0.000,100.000
2404729872679,1777550238,994525419,0.000,0.000,0.000,50.000,50.000,0.000
2404749849102,1777550239,14501458,66.667,0.000,50.000,0.000,100.000,66.667
2404769858072,1777550239,34510972,0.000,0.000,0.000,0.000,0.000,66.667
2404789840832,1777550239,54494596,0.000,0.000,0.000,0.000,0.000,0.000
2404809861356,1777550239,74514799,0.000,50.000,0.000,0.000,0.000,50.000
2404829839987,1777550239,94493303,0.000,100.000,0.000,0.000,100.000,100.000
2404849915396,1777550239,114568392,100.000,0.000,0.000,0.000,0.000,100.000
2404869923919,1777550239,134576946,0.000,0.000,0.000,0.000,0.000,100.000
2404889943930,1777550239,154597246,50.000,50.000,0.000,0.000,0.000,50.000
2404909837529,1777550239,174491260,0.000,0.000,0.000,0.000,0.000,50.000
2404929835458,1777550239,194488677,50.000,0.000,0.000,0.000,0.000,50.000
2404949834923,1777550239,214487535,0.000,0.000,0.000,0.000,100.000,50.000
2404969836149,1777550239,234489753,0.000,0.000,0.000,50.000,50.000,50.000
2404989914087,1777550239,254567274,0.000,66.667,0.000,0.000,0.000,100.000
2405009836168,1777550239,274489131,66.667,100.000,50.000,0.000,0.000,100.000
2405029977440,1777550239,294630308,0.000,0.000,0.000,100.000,66.667,50.000
2405049927492,1777550239,314580360,0.000,50.000,50.000,0.000,100.000,50.000
2405069974195,1777550239,334627350,0.000,0.000,100.000,0.000,0.000,100.000
2405089978013,1777550239,354631488,0.000,100.000,0.000,0.000,0.000,50.000
2405109888573,1777550239,374541856,0.000,100.000,0.000,0.000,0.000,50.000
2405129868452,1777550239,394521608,50.000,50.000,100.000,0.000,50.000,100.000
2405149877614,1777550239,414530898,0.000,0.000,0.000,0.000,0.000,100.000
2405169897434,1777550239,434550270,75.000,50.000,0.000,0.000,50.000,100.000
2405189913093,1777550239,454565865,0.000,0.000,0.000,0.000,100.000,100.000
2405209933297,1777550239,474587508,0.000,0.000,0.000,0.000,0.000,0.000
2405229963869,1777550239,494616961,0.000,0.000,0.000,0.000,50.000,0.000
2405249900160,1777550239,514553220,0.000,0.000,0.000,0.000,50.000,0.000
2405269836835,1777550239,534490279,50.000,50.000,50.000,0.000,50.000,50.000
2405289838445,1777550239,554492272,100.000,0.000,0.000,0.000,50.000,100.000
2405309842582,1777550239,574496634,0.000,0.000,0.000,0.000,50.000,0.000
2405329838015,1777550239,594491267,50.000,0.000,0.000,50.000,50.000,0.000
2405349981208,1777550239,614632348,0.000,0.000,0.000,0.000,66.667,0.000
2405369950686,1777550239,634604482,0.000,0.000,0.000,0.000,50.000,0.000
2405389835932,1777550239,654489343,0.000,0.000,0.000,0.000,50.000,50.000
2405409894347,1777550239,674548111,0.000,50.000,50.000,0.000,0.000,100.000
2405429879635,1777550239,694532983,0.000,0.000,0.000,0.000,100.000,0.000
2405449837496,1777550239,714491036,0.000,50.000,0.000,0.000,50.000,50.000
2405469869093,1777550239,734522953,50.000,0.000,50.000,0.000,100.000,100.000
2405489976698,1777550239,754629598,50.000,0.000,0.000,100.000,100.000,100.000
2405509930142,1777550239,774583042,0.000,0.000,0.000,0.000,0.000,50.000
2405529943209,1777550239,794596045,100.000,50.000,66.667,0.000,0.000,100.000
2405549841416,1777550239,814494412,0.000,0.000,0.000,0.000,0.000,0.000
2405569951805,1777550239,834605057,0.000,0.000,0.000,0.000,50.000,50.000
2405589882495,1777550239,854536099,50.000,50.000,100.000,100.000,100.000,50.000
2405609835876,1777550239,874489319,0.000,0.000,0.000,0.000,0.000,50.000
2405629846606,1777550239,894504691,0.000,50.000,0.000,50.000,66.667,100.000
2405649895325,1777550239,914548577,50.000,100.000,0.000,0.000,50.000,50.000
2405669835360,1777550239,934488516,0.000,0.000,0.000,100.000,0.000,100.000
2405689836426,1777550239,954489325,50.000,0.000,0.000,0.000,100.000,100.000
2405709834675,1777550239,974487703,0.000,0.000,0.000,50.000,50.000,0.000
2405729837917,1777550239,994491008,50.000,0.000,0.000,0.000,100.000,100.000
2405749837382,1777550240,14490570,0.000,0.000,50.000,0.000,66.667,50.000
2405769841968,1777550240,34495796,0.000,0.000,0.000,0.000,66.667,50.000
2405789850202,1777550240,54504158,66.667,0.000,50.000,50.000,0.000,50.000
2405809843459,1777550240,74496647,100.000,0.000,0.000,0.000,0.000,66.667
2405829839308,1777550240,94492496,0.000,0.000,0.000,0.000,50.000,0.000
2405849839318,1777550240,114492441,0.000,50.000,50.000,100.000,100.000,0.000
2405869843584,1777550240,134497059,0.000,0.000,0.000,0.000,0.000,0.000
2405889853290,1777550240,154506574,0.000,0.000,0.000,0.000,100.000,0.000
2405909853300,1777550240,174506551,0.000,0.000,0.000,50.000,100.000,0.000
2405929838588,1777550240,194491903,0.000,0.000,0.000,50.000,0.000,50.000
2405949837989,1777550240,214491337,0.000,0.000,0.000,0.000,0.000,50.000
2405969847247,1777550240,234500595,0.000,0.000,50.000,0.000,0.000,100.000
2405989838808,1777550240,254492412,0.000,0.000,50.000,50.000,0.000,0.000
2406009838721,1777550240,274492741,0.000,0.000,0.000,0.000,50.000,0.000
2406029837835,1777550240,294491342,0.000,0.000,0.000,0.000,0.000,0.000
2406049838644,1777550240,314491416,66.667,0.000,0.000,0.000,0.000,0.000
2406069843070,1777550240,334496834,0.000,0.000,0.000,0.000,0.000,50.000
2406089840743,1777550240,354493739,0.000,0.000,0.000,0.000,0.000,0.000
2406109883221,1777550240,374535769,0.000,0.000,0.000,50.000,0.000,100.000
2406129835930,1777550240,394492830,66.667,0.000,0.000,0.000,0.000,0.000
2406149842628,1777550240,414494696,50.000,0.000,0.000,0.000,0.000,0.000
2406380324676,1777550240,645131096,100.000,0.000,0.000,50.000,0.000,0.000
2406389835861,1777550240,654488409,50.000,50.000,0.000,0.000,100.000,100.000
2406409833502,1777550240,674486914,50.000,50.000,100.000,50.000,100.000,100.000
2406429834856,1777550240,694488107,100.000,100.000,0.000,0.000,0.000,0.000
2406449842546,1777550240,714495926,0.000,0.000,0.000,0.000,50.000,0.000
2406469912963,1777550240,734565863,0.000,0.000,50.000,0.000,0.000,0.000
2406489840997,1777550240,754494505,0.000,0.000,50.000,0.000,100.000,100.000
2406509844687,1777550240,774497906,0.000,0.000,100.000,0.000,0.000,100.000
2406529836695,1777550240,794490619,50.000,0.000,0.000,0.000,0.000,100.000
2406549839905,1777550240,814492709,100.000,0.000,0.000,50.000,0.000,100.000
2406569835434,1777550240,834488846,50.000,50.000,0.000,0.000,50.000,50.000
2406589835508,1777550240,854488375,0.000,0.000,100.000,50.000,0.000,50.000
2406609844382,1777550240,874497890,0.000,0.000,0.000,0.000,0.000,50.000
2406629841127,1777550240,894494315,0.000,0.000,0.000,0.000,0.000,100.000
2406649865747,1777550240,914519607,100.000,0.000,0.000,0.000,0.000,50.000
2406670310732,1777550240,934964592,0.000,0.000,0.000,0.000,0.000,100.000
2406689811648,1777550240,954465892,100.000,0.000,0.000,100.000,100.000,100.000
2406709836621,1777550240,974489744,100.000,66.667,66.667,0.000,50.000,100.000
2406729934912,1777550240,994588740,0.000,50.000,50.000,50.000,50.000,100.000
2406749845408,1777550241,14498436,0.000,0.000,0.000,0.000,0.000,100.000
2406769858443,1777550241,34511855,100.000,0.000,50.000,0.000,0.000,100.000
2406789955007,1777550241,54608515,0.000,0.000,0.000,0.000,50.000,100.000
2406809841596,1777550241,74495456,50.000,0.000,0.000,0.000,0.000,100.000
2406829837733,1777550241,94491017,50.000,0.000,50.000,0.000,0.000,100.000
2406849836303,1777550241,114489874,50.000,0.000,0.000,50.000,0.000,100.000
2406869854554,1777550241,134507710,0.000,0.000,0.000,0.000,0.000,50.000
2406889835650,1777550241,154489669,0.000,0.000,0.000,0.000,50.000,50.000
2406909886352,1777550241,174540116,50.000,50.000,0.000,100.000,0.000,0.000
2406929946400,1777550241,194599940,0.000,0.000,0.000,0.000,0.000,50.000
2406949905797,1777550241,214559401,50.000,0.000,0.000,0.000,0.000,50.000
2406969839400,1777550241,234493260,100.000,0.000,50.000,0.000,0.000,50.000
2406989835729,1777550241,254488949,100.000,0.000,50.000,0.000,50.000,100.000
2407009838651,1777550241,274492286,0.000,0.000,50.000,0.000,50.000,100.000
2407029837636,1777550241,294491112,0.000,50.000,0.000,50.000,50.000,50.000
2407049837358,1777550241,314490737,0.000,0.000,50.000,0.000,0.000,100.000
2407069834903,1777550241,334488282,50.000,0.000,0.000,0.000,50.000,50.000
2407089850594,1777550241,354504006,0.000,0.000,50.000,0.000,0.000,50.000
2407109835402,1777550241,374488525,0.000,0.000,0.000,0.000,100.000,100.000
2407130034600,1777550241,394687660,0.000,0.000,0.000,0.000,0.000,50.000
2407149833661,1777550241,414486848,0.000,50.000,50.000,50.000,50.000,50.000
2407169853160,1777550241,434506316,0.000,50.000,50.000,100.000,100.000,100.000
2407189836336,1777550241,454489203,0.000,0.000,0.000,0.000,0.000,100.000
2407209835289,1777550241,474488957,50.000,0.000,0.000,0.000,50.000,50.000
2407229835203,1777550241,494488614,0.000,0.000,50.000,50.000,66.667,66.667
2407249834956,1777550241,514488560,0.000,0.000,0.000,50.000,0.000,100.000
2407269896284,1777550241,534549344,50.000,0.000,50.000,100.000,0.000,0.000
2407289838399,1777550241,554491971,50.000,0.000,0.000,50.000,0.000,50.000
2407309872140,1777550241,574525488,0.000,0.000,0.000,0.000,100.000,100.000
2407329836818,1777550241,594490070,0.000,0.000,0.000,0.000,100.000,50.000
2407349954184,1777550241,614604203,50.000,0.000,0.000,0.000,100.000,50.000
2407369841221,1777550241,634494537,0.000,50.000,50.000,0.000,100.000,100.000
2407389938617,1777550241,654591389,0.000,0.000,100.000,50.000,100.000,66.667
2407409837464,1777550241,674491164,50.000,0.000,0.000,0.000,0.000,100.000
2407429827232,1777550241,694480164,50.000,50.000,0.000,100.000,100.000,0.000
2407449841067,1777550241,714494447,100.000,50.000,100.000,50.000,0.000,100.000
2407469901467,1777550241,734554751,0.000,0.000,0.000,0.000,100.000,50.000
2407489876930,1777550241,754530566,50.000,0.000,0.000,50.000,0.000,100.000
2407509841416,1777550241,774495051,0.000,0.000,100.000,0.000,100.000,100.000
2407529854931,1777550241,794508502,0.000,0.000,50.000,0.000,0.000,50.000
2407549847803,1777550241,814500831,0.000,50.000,0.000,50.000,50.000,100.000
2407569882184,1777550241,834536236,50.000,0.000,0.000,0.000,0.000,50.000
2407589896083,1777550241,854549783,100.000,100.000,0.000,50.000,50.000,50.000
2407609841591,1777550241,874495803,100.000,0.000,0.000,0.000,50.000,50.000
2407629851906,1777550241,894505413,66.667,100.000,50.000,50.000,0.000,100.000
2407649846507,1777550241,914504975,50.000,0.000,0.000,0.000,0.000,100.000
2407669964993,1777550241,934618628,0.000,50.000,50.000,0.000,100.000,100.000
2407689840253,1777550241,954494273,50.000,100.000,0.000,50.000,100.000,50.000
2407709842631,1777550241,974496202,0.000,0.000,66.667,0.000,0.000,0.000
2407729968733,1777550241,994622721,0.000,50.000,0.000,50.000,50.000,100.000
2407750037102,1777550242,14687153,50.000,0.000,0.000,0.000,50.000,100.000
2407769839427,1777550242,34493254,50.000,0.000,0.000,0.000,50.000,0.000
2407789967578,1777550242,54621245,50.000,0.000,100.000,50.000,50.000,0.000
2407809841686,1777550242,74495161,0.000,50.000,0.000,50.000,100.000,100.000
2407829845312,1777550242,94498659,100.000,66.667,100.000,0.000,50.000,100.000
2407849844585,1777550242,114498445,0.000,0.000,0.000,0.000,50.000,0.000
2407869874742,1777550242,134528313,0.000,50.000,0.000,0.000,0.000,50.000
2407889881568,1777550242,154535588,100.000,0.000,0.000,50.000,100.000,50.000
2407909842757,1777550242,174496393,0.000,0.000,0.000,0.000,0.000,50.000
2407929842607,1777550242,194496050,66.667,50.000,100.000,100.000,50.000,100.000
2407949859098,1777550242,214509981,0.000,0.000,0.000,0.000,50.000,100.000
2407969875717,1777550242,234529417,100.000,0.000,0.000,100.000,100.000,50.000
2407989838667,1777550242,254495567,0.000,50.000,50.000,0.000,100.000,100.000
2408009837812,1777550242,274491352,50.000,0.000,0.000,100.000,100.000,100.000
2408029885923,1777550242,294539270,0.000,100.000,0.000,50.000,0.000,100.000
2408049903182,1777550242,314556978,50.000,50.000,100.000,0.000,50.000,100.000
2408069914393,1777550242,334567740,50.000,0.000,0.000,50.000,50.000,100.000
2408089910338,1777550242,354564165,50.000,50.000,50.000,50.000,66.667,100.000
2408109839428,1777550242,374492807,100.000,0.000,0.000,100.000,50.000,50.000
2408129836557,1777550242,394490544,0.000,0.000,50.000,0.000,100.000,100.000
2408149835030,1777550242,414488794,50.000,50.000,0.000,0.000,50.000,100.000
2408169839904,1777550242,434493156,0.000,50.000,50.000,50.000,50.000,50.000
2408189838761,1777550242,454491981,66.667,0.000,0.000,0.000,0.000,50.000
2408209834290,1777550242,474488374,0.000,50.000,0.000,50.000,66.667,50.000
2408229865567,1777550242,494518595,0.000,0.000,0.000,0.000,50.000,100.000
2408249836742,1777550242,514490761,50.000,0.000,0.000,50.000,100.000,100.000
2408269835183,1777550242,534488370,66.667,50.000,0.000,0.000,0.000,0.000
2408289842297,1777550242,554496381,0.000,0.000,100.000,0.000,50.000,100.000
2408309835810,1777550242,574489254,50.000,50.000,50.000,100.000,50.000,100.000
2408329834379,1777550242,594487919,50.000,0.000,0.000,50.000,50.000,100.000
2408349838485,1777550242,614497817,50.000,50.000,50.000,50.000,66.667,0.000
2408369836286,1777550242,634490018,50.000,0.000,50.000,50.000,100.000,50.000
2408389838024,1777550242,654491692,0.000,0.000,50.000,0.000,0.000,0.000
2408409846482,1777550242,674500694,0.000,100.000,100.000,100.000,0.000,50.000
2408430034192,1777550242,694687571,0.000,50.000,50.000,100.000,100.000,0.000
2408449838180,1777550242,714492232,50.000,0.000,0.000,0.000,100.000,50.000
2408469864977,1777550242,734518484,0.000,0.000,0.000,50.000,0.000,0.000
2408489839735,1777550242,754493851,50.000,0.000,50.000,100.000,50.000,50.000
2408509879237,1777550242,774532201,66.667,100.000,0.000,50.000,50.000,50.000
2408529836746,1777550242,794490318,100.000,0.000,50.000,50.000,50.000,50.000
2408549833779,1777550242,814486871,100.000,0.000,66.667,100.000,100.000,0.000
2408569834301,1777550242,834488032,50.000,66.667,0.000,50.000,100.000,0.000
2408589833510,1777550242,854487050,0.000,50.000,100.000,0.000,0.000,100.000
2408609837104,1777550242,874491028,100.000,0.000,66.667,0.000,50.000,100.000
2408629839066,1777550242,894492253,0.000,50.000,100.000,50.000,0.000,100.000
2408649836611,1777550242,914490503,66.667,0.000,0.000,0.000,100.000,50.000
2408669834412,1777550242,934487728,0.000,50.000,0.000,100.000,0.000,100.000
2408689835222,1777550242,954489561,0.000,50.000,100.000,50.000,50.000,50.000
2408709840896,1777550242,974494051,100.000,100.000,0.000,50.000,0.000,100.000
2408729793188,1777550242,994447080,0.000,0.000,100.000,50.000,0.000,0.000
2408749840947,1777550243,14494390,0.000,100.000,0.000,0.000,50.000,100.000
2408769838044,1777550243,34491904,50.000,50.000,0.000,0.000,50.000,50.000
2408789838277,1777550243,54492329,50.000,50.000,0.000,50.000,100.000,50.000
2408809838639,1777550243,74492531,100.000,100.000,50.000,100.000,0.000,50.000
2408829837528,1777550243,94490844,100.000,0.000,0.000,50.000,50.000,0.000
2408849872837,1777550243,114526889,50.000,100.000,0.000,50.000,100.000,100.000
2408870085477,1777550243,134739497,100.000,100.000,100.000,0.000,0.000,100.000
2408889837525,1777550243,154491640,50.000,50.000,50.000,0.000,100.000,100.000
2408910062774,1777550243,174715994,0.000,50.000,0.000,100.000,0.000,0.000
2408929812517,1777550243,194466505,0.000,0.000,50.000,0.000,50.000,50.000
2408949811150,1777550243,214464562,0.000,0.000,50.000,50.000,50.000,50.000
2408969841307,1777550243,234495295,100.000,100.000,100.000,0.000,100.000,100.000
2408989832899,1777550243,254486407,0.000,50.000,0.000,100.000,50.000,100.000
2409009821676,1777550243,274475887,0.000,50.000,50.000,0.000,50.000,0.000
2409029817013,1777550243,294470456,0.000,0.000,0.000,50.000,50.000,0.000
2409049841633,1777550243,314495556,50.000,50.000,0.000,0.000,50.000,50.000
2409069839914,1777550243,334493262,100.000,50.000,50.000,50.000,0.000,50.000
2409089839667,1777550243,354493655,100.000,100.000,100.000,50.000,0.000,0.000
2409109833852,1777550243,374487104,100.000,50.000,0.000,0.000,50.000,50.000
2409129839398,1777550243,394492906,100.000,100.000,50.000,50.000,100.000,100.000
2409149837200,1777550243,414490451,100.000,0.000,100.000,100.000,50.000,50.000
2409169836601,1777550243,434489629,50.000,0.000,0.000,100.000,0.000,100.000
2409189841379,1777550243,454495015,50.000,50.000,0.000,0.000,100.000,0.000
2409209837612,1777550243,474491408,100.000,50.000,50.000,100.000,50.000,50.000
2409229835797,1777550243,494488825,50.000,0.000,50.000,0.000,50.000,0.000
2409249834783,1777550243,514488354,50.000,50.000,0.000,50.000,0.000,50.000
2409269837801,1777550243,534491308,50.000,0.000,0.000,0.000,0.000,50.000
2409289838194,1777550243,554492246,66.667,100.000,50.000,100.000,0.000,100.000
2409309841308,1777550243,574494239,66.667,0.000,0.000,0.000,0.000,0.000
2409329837285,1777550243,594490600,50.000,50.000,50.000,50.000,50.000,50.000
2409349836462,1777550243,614489778,50.000,0.000,50.000,0.000,0.000,100.000
2409369839256,1777550243,634493468,50.000,100.000,0.000,50.000,50.000,100.000
2409389837761,1777550243,654491269,0.000,50.000,100.000,0.000,0.000,100.000
2409409841707,1777550243,674495727,66.667,100.000,50.000,100.000,50.000,100.000
2409429833716,1777550243,694486807,0.000,0.000,50.000,50.000,0.000,100.000
2409449836286,1777550243,714489985,50.000,50.000,0.000,50.000,0.000,0.000
2409471196087,1777550243,735850011,0.000,100.000,50.000,50.000,0.000,50.000
2409489837681,1777550243,754491924,0.000,0.000,100.000,50.000,50.000,100.000
2409509837722,1777550243,774490846,0.000,0.000,0.000,50.000,50.000,50.000
2409529835139,1777550243,794488487,50.000,0.000,50.000,50.000,0.000,50.000
2409549836973,1777550243,814489777,50.000,100.000,0.000,0.000,0.000,100.000
2409569840791,1777550243,834494523,0.000,0.000,0.000,0.000,50.000,100.000
2409589834912,1777550243,854488227,100.000,50.000,100.000,0.000,100.000,100.000
2409609837033,1777550243,874491085,50.000,50.000,100.000,0.000,50.000,100.000
2409629834387,1777550243,894487862,50.000,50.000,0.000,50.000,0.000,100.000
2409649837052,1777550243,914491008,50.000,0.000,50.000,50.000,50.000,50.000
2409669835846,1777550243,934489897,100.000,0.000,0.000,0.000,100.000,50.000
2409689837455,1777550243,954491571,0.000,0.000,0.000,0.000,0.000,50.000
2409709838681,1777550243,974492285,0.000,50.000,0.000,0.000,50.000,0.000
2409729838594,1777550243,994492390,66.667,50.000,50.000,0.000,0.000,0.000
2409749836812,1777550244,14490383,66.667,0.000,0.000,50.000,0.000,0.000
2409769835701,1777550244,34489721,100.000,0.000,0.000,0.000,50.000,0.000
2409789841119,1777550244,54494915,100.000,100.000,0.000,100.000,0.000,66.667
2409809877452,1777550244,74531024,50.000,50.000,100.000,100.000,100.000,0.000
2409829836753,1777550244,94489781,0.000,0.000,0.000,0.000,66.667,100.000
2409849839963,1777550244,114493919,100.000,50.000,0.000,0.000,0.000,100.000
2409869835268,1777550244,134488872,100.000,50.000,50.000,50.000,0.000,100.000
2409889811915,1777550244,154465615,0.000,50.000,100.000,0.000,0.000,0.000
2409909838360,1777550244,174491579,0.000,100.000,100.000,0.000,50.000,66.667
2409929838977,1777550244,194492709,50.000,0.000,0.000,50.000,0.000,50.000
2409949837002,1777550244,214489934,50.000,0.000,0.000,50.000,50.000,50.000
2409969836788,1777550244,234490935,0.000,100.000,50.000,100.000,50.000,50.000
2409989838877,1777550244,254492225,100.000,100.000,100.000,50.000,100.000,100.000
2410009838215,1777550244,274492043,0.000,0.000,100.000,50.000,50.000,50.000
2410029835408,1777550244,294488596,50.000,0.000,50.000,0.000,50.000,0.000
2410049834041,1777550244,314487645,0.000,0.000,0.000,50.000,100.000,50.000
2410069832739,1777550244,334485894,50.000,0.000,100.000,0.000,0.000,0.000
2410089836076,1777550244,354489744,50.000,0.000,100.000,50.000,50.000,100.000
2410109833942,1777550244,374487193,50.000,0.000,0.000,50.000,0.000,50.000
2410129836127,1777550244,394489699,0.000,0.000,0.000,100.000,0.000,100.000
2410149836553,1777550244,414489933,50.000,0.000,50.000,100.000,0.000,50.000
2410169836914,1777550244,434489590,50.000,66.667,50.000,100.000,0.000,50.000
2410189837692,1777550244,454490912,66.667,50.000,50.000,0.000,0.000,50.000
2410209839334,1777550244,474492937,100.000,66.667,100.000,66.667,100.000,50.000
2410229832590,1777550244,494485650,0.000,0.000,0.000,0.000,0.000,100.000
2410249841657,1777550244,514495196,0.000,50.000,50.000,50.000,0.000,50.000
2410269833345,1777550244,534486533,50.000,0.000,0.000,100.000,0.000,66.667
2410289834315,1777550244,554488111,50.000,100.000,50.000,100.000,50.000,50.000
2410309824531,1777550244,574478103,50.000,0.000,0.000,50.000,50.000,50.000
2410329839838,1777550244,594493922,0.000,0.000,50.000,0.000,0.000,50.000
2410349837064,1777550244,614490251,100.000,0.000,100.000,100.000,66.667,50.000
2410369838865,1777550244,634492981,0.000,0.000,66.667,0.000,0.000,0.000
2410389835834,1777550244,654489886,50.000,50.000,0.000,100.000,100.000,100.000
2410409837636,1777550244,674491656,100.000,50.000,100.000,50.000,50.000,100.000
2410429841134,1777550244,694494002,100.000,0.000,0.000,0.000,0.000,0.000
2410449837463,1777550244,714491355,50.000,0.000,50.000,0.000,0.000,50.000
2410469805213,1777550244,734458913,50.000,0.000,50.000,0.000,0.000,50.000
2410489840074,1777550244,754494126,0.000,0.000,0.000,50.000,100.000,50.000
2410509809040,1777550244,774462644,0.000,0.000,0.000,0.000,0.000,0.000
2410529836861,1777550244,794490849,0.000,0.000,0.000,0.000,0.000,0.000
2410549837990,1777550244,814491402,100.000,0.000,100.000,0.000,100.000,50.000
2410569836944,1777550244,834490771,100.000,0.000,50.000,50.000,0.000,50.000
2410589841914,1777550244,854495645,100.000,100.000,50.000,0.000,0.000,0.000
2410609837507,1777550244,874491559,100.000,0.000,100.000,50.000,50.000,100.000
2410629836140,1777550244,894489712,100.000,0.000,0.000,0.000,50.000,0.000
2410649836886,1777550244,914490809,0.000,50.000,50.000,0.000,0.000,50.000
2410669837151,1777550244,934490787,50.000,100.000,0.000,50.000,0.000,100.000
2410689834152,1777550244,954488236,0.000,50.000,0.000,0.000,100.000,100.000
2410709837682,1777550244,974490902,66.667,100.000,50.000,50.000,100.000,0.000
2410729838940,1777550244,994492767,0.000,50.000,0.000,50.000,50.000,50.000
2410749832645,1777550245,14486120,100.000,0.000,50.000,50.000,50.000,50.000
2410769835246,1777550245,34489426,0.000,100.000,100.000,50.000,0.000,0.000
2410789812693,1777550245,54466585,0.000,0.000,0.000,0.000,0.000,0.000
2410809837537,1777550245,74491653,50.000,50.000,0.000,100.000,100.000,50.000
2410829833322,1777550245,94486766,0.000,0.000,50.000,0.000,100.000,50.000
2410849834420,1777550245,114488536,50.000,50.000,0.000,0.000,0.000,100.000
2410869818876,1777550245,134472160,50.000,0.000,50.000,0.000,0.000,50.000
2410889835847,1777550245,154489867,50.000,50.000,0.000,50.000,0.000,0.000
2410909841137,1777550245,174494997,100.000,0.000,100.000,50.000,100.000,50.000
2410929835450,1777550245,194489342,0.000,50.000,50.000,100.000,50.000,100.000
2410949833987,1777550245,214487623,0.000,100.000,50.000,0.000,50.000,0.000
2410969834989,1777550245,234488945,0.000,0.000,0.000,50.000,0.000,50.000
2410989834326,1777550245,254488090,50.000,50.000,50.000,0.000,100.000,50.000
2411009835616,1777550245,274489444,0.000,0.000,0.000,0.000,0.000,100.000
2411029834505,1777550245,294487981,50.000,0.000,0.000,100.000,0.000,100.000
2411049835795,1777550245,314489783,0.000,100.000,0.000,50.000,0.000,50.000
2411069840573,1777550245,334494049,50.000,0.000,0.000,50.000,0.000,100.000
2411089836870,1777550245,354490730,100.000,50.000,0.000,0.000,0.000,100.000
2411109833103,1777550245,374486547,50.000,100.000,0.000,100.000,50.000,100.000
2411129833304,1777550245,394486492,0.000,0.000,0.000,0.000,0.000,100.000
2411149832322,1777550245,414485734,50.000,50.000,100.000,0.000,0.000,100.000
2411169800744,1777550245,434453644,0.000,0.000,50.000,0.000,100.000,100.000
2411189832693,1777550245,454485720,50.000,50.000,50.000,0.000,66.667,100.000
2411209835679,1777550245,474489058,100.000,0.000,0.000,0.000,0.000,50.000
2411229834472,1777550245,494487532,0.000,50.000,0.000,0.000,0.000,100.000
2411249839506,1777550245,514492854,0.000,0.000,100.000,0.000,0.000,100.000
2411269833499,1777550245,534486430,100.000,50.000,50.000,0.000,0.000,50.000
2411289843365,1777550245,554497001,50.000,50.000,50.000,0.000,50.000,100.000
2411309831405,1777550245,574484177,0.000,0.000,0.000,0.000,0.000,50.000
2411329833815,1777550245,594486843,0.000,0.000,50.000,0.000,0.000,100.000
2411349835009,1777550245,614487652,0.000,0.000,0.000,50.000,0.000,100.000
2411369834378,1777550245,634488398,50.000,0.000,0.000,0.000,0.000,100.000
2411389834420,1777550245,654488215,50.000,0.000,50.000,50.000,0.000,50.000
2411409834077,1777550245,674488161,50.000,0.000,50.000,100.000,100.000,100.000
2411429839879,1777550245,694493227,0.000,100.000,0.000,0.000,0.000,50.000
2411449834320,1777550245,714488308,100.000,66.667,0.000,0.000,50.000,66.667
2411469832857,1777550245,734486301,50.000,0.000,100.000,66.667,100.000,100.000
2411489836323,1777550245,754490535,0.000,0.000,0.000,50.000,50.000,50.000
2411509835245,1777550245,774489008,50.000,50.000,0.000,100.000,0.000,100.000
2411529838902,1777550245,794492634,100.000,0.000,0.000,0.000,0.000,100.000
2411549835424,1777550245,814488579,0.000,0.000,0.000,0.000,100.000,0.000
2411569835721,1777550245,834489101,0.000,100.000,0.000,0.000,50.000,50.000
2411589837427,1777550245,854490518,0.000,0.000,0.000,66.667,0.000,100.000
2411609835964,1777550245,874489696,0.000,100.000,50.000,0.000,50.000,0.000
2411629834405,1777550245,894487817,0.000,50.000,0.000,0.000,50.000,50.000
2411649838095,1777550245,914491987,100.000,0.000,0.000,100.000,0.000,100.000
2411669834520,1777550245,934488092,66.667,50.000,0.000,0.000,0.000,100.000
2411689835778,1777550245,954489958,50.000,0.000,50.000,50.000,50.000,50.000
2411709832779,1777550245,974485583,100.000,50.000,0.000,0.000,0.000,100.000
2411729834517,1777550245,994488216,0.000,0.000,50.000,0.000,50.000,0.000
2411749834302,1777550246,14487234,0.000,100.000,0.000,0.000,50.000,50.000
2411769835016,1777550246,34489003,0.000,0.000,0.000,0.000,0.000,50.000
2411789834865,1777550246,54488277,50.000,0.000,0.000,100.000,50.000,100.000
2411809835643,1777550246,74489470,100.000,50.000,0.000,0.000,0.000,50.000
2411829834820,1777550246,94488808,0.000,0.000,100.000,0.000,50.000,0.000
2411849799722,1777550246,114453837,0.000,0.000,0.000,0.000,50.000,100.000
2411869838455,1777550246,134491835,100.000,50.000,0.000,100.000,0.000,0.000
2411889836641,1777550246,154490820,0.000,50.000,0.000,0.000,100.000,100.000
2411909833834,1777550246,174486605,50.000,50.000,50.000,0.000,0.000,100.000
2411929836019,1777550246,194490167,0.000,0.000,0.000,50.000,50.000,50.000
2411949832093,1777550246,214485728,100.000,0.000,0.000,0.000,0.000,100.000
2411969835718,1777550246,234489962,100.000,0.000,0.000,0.000,50.000,0.000
2411989797676,1777550246,254451472,50.000,0.000,50.000,0.000,50.000,50.000
2412009834489,1777550246,274488669,0.000,0.000,0.000,0.000,0.000,100.000
2412029838339,1777550246,294491815,0.000,100.000,0.000,50.000,0.000,0.000
2412049836460,1777550246,314490576,0.000,0.000,50.000,0.000,0.000,100.000
2412069835734,1777550246,334488921,50.000,0.000,0.000,100.000,0.000,100.000
2412089834143,1777550246,354487843,0.000,50.000,66.667,0.000,0.000,100.000
2412109835113,1777550246,374488268,0.000,0.000,50.000,0.000,0.000,100.000
2412129834706,1777550246,394488374,100.000,50.000,0.000,0.000,0.000,0.000
2412149833467,1777550246,414487167,0.000,50.000,0.000,0.000,50.000,100.000
2412169839365,1777550246,434493097,0.000,50.000,100.000,50.000,50.000,50.000
2412189835342,1777550246,454488594,50.000,50.000,0.000,0.000,0.000,100.000
2412209837304,1777550246,474490652,0.000,0.000,50.000,50.000,0.000,0.000
2412229830689,1777550246,494483717,0.000,0.000,0.000,100.000,0.000,50.000
2412249836171,1777550246,514490223,0.000,0.000,0.000,0.000,0.000,0.000
2412269834196,1777550246,534487320,0.000,0.000,50.000,0.000,50.000,100.000
2412289836414,1777550246,554489954,100.000,50.000,0.000,0.000,0.000,50.000
2412309835847,1777550246,574488907,0.000,0.000,100.000,50.000,0.000,0.000
2412329838705,1777550246,594492309,0.000,0.000,50.000,0.000,0.000,0.000
2412349834778,1777550246,614487870,0.000,0.000,0.000,50.000,0.000,100.000
2412369834788,1777550246,634488775,0.000,0.000,100.000,100.000,0.000,50.000
2412389833965,1777550246,654488017,0.000,50.000,50.000,0.000,50.000,0.000
2412409835671,1777550246,674489626,50.000,0.000,100.000,50.000,0.000,0.000
2412429833120,1777550246,694486852,0.000,0.000,0.000,0.000,50.000,100.000
2412449838122,1777550246,714492206,0.000,0.000,50.000,0.000,0.000,50.000
2412469879032,1777550246,734552925,0.000,50.000,0.000,100.000,50.000,50.000
2412489834492,1777550246,754488256,50.000,0.000,0.000,100.000,0.000,0.000
2412509834054,1777550246,774487465,66.667,50.000,50.000,0.000,50.000,0.000
2412529839824,1777550246,794493748,0.000,0.000,0.000,50.000,0.000,0.000
2412549832249,1777550246,814485756,0.000,0.000,0.000,0.000,0.000,0.000
2412569840067,1777550246,834494087,0.000,50.000,0.000,50.000,0.000,100.000
2412589832812,1777550246,854486319,50.000,0.000,0.000,0.000,0.000,0.000
2412609833013,1777550246,874486745,0.000,0.000,50.000,0.000,50.000,0.000
2412629830398,1777550246,894483970,0.000,0.000,0.000,0.000,0.000,0.000
2412649835304,1777550246,914489388,50.000,50.000,0.000,0.000,0.000,100.000
2412669835250,1777550246,934488789,0.000,0.000,0.000,0.000,50.000,0.000
2412689835035,1777550246,954488959,0.000,0.000,50.000,0.000,0.000,50.000
2412709832644,1777550246,974486056,0.000,0.000,50.000,50.000,0.000,0.000
2412729835118,1777550246,994489234,50.000,100.000,50.000,0.000,0.000,0.000
2412749836120,1777550247,14489723,100.000,100.000,0.000,0.000,0.000,0.000
2412769839201,1777550247,34492901,0.000,0.000,0.000,100.000,50.000,0.000
2412789818569,1777550247,54471820,100.000,0.000,0.000,0.000,50.000,0.000
2412809835604,1777550247,74489272,0.000,50.000,0.000,0.000,0.000,50.000
2412829832029,1777550247,94485665,0.000,0.000,50.000,0.000,0.000,0.000
2412849836839,1777550247,114490507,0.000,0.000,50.000,50.000,0.000,0.000
2412869836112,1777550247,134489684,0.000,0.000,50.000,0.000,0.000,50.000
2412889837146,1777550247,154491198,0.000,50.000,0.000,50.000,0.000,50.000
2412909838692,1777550247,174491943,100.000,0.000,100.000,0.000,0.000,0.000
2412929841517,1777550247,194495473,50.000,50.000,0.000,50.000,0.000,0.000
2412949834358,1777550247,214487610,100.000,0.000,0.000,0.000,0.000,0.000
2412969838400,1777550247,234492292,0.000,100.000,50.000,0.000,0.000,0.000
2412989834985,1777550247,254488205,0.000,0.000,0.000,100.000,50.000,0.000
2413009834611,1777550247,274488278,0.000,50.000,100.000,0.000,0.000,0.000
2413029837020,1777550247,294490144,50.000,0.000,0.000,0.000,0.000,0.000
2413049841254,1777550247,314495018,0.000,0.000,0.000,0.000,50.000,0.000
2413069836751,1777550247,334490195,100.000,0.000,50.000,0.000,0.000,0.000
2413089836633,1777550247,354490268,0.000,100.000,0.000,0.000,50.000,50.000
2413109831586,1777550247,374485029,50.000,0.000,0.000,100.000,0.000,0.000
2413129835563,1777550247,394489103,0.000,50.000,0.000,0.000,0.000,0.000
2413149832213,1777550247,414485592,50.000,0.000,50.000,0.000,0.000,0.000
2413169836863,1777550247,434490306,0.000,0.000,0.000,100.000,50.000,100.000
2413189831751,1777550247,454485067,0.000,0.000,50.000,0.000,0.000,50.000
2413209834257,1777550247,474487605,0.000,0.000,0.000,0.000,50.000,0.000
2413229833915,1777550247,494487230,50.000,0.000,0.000,100.000,0.000,0.000
2413249837092,1777550247,514491016,0.000,50.000,0.000,100.000,0.000,0.000
2413269832685,1777550247,534486097,0.000,0.000,0.000,0.000,0.000,100.000
2413289835415,1777550247,554489403,50.000,50.000,0.000,0.000,0.000,50.000
2413309832512,1777550247,574485700,0.000,0.000,0.000,0.000,0.000,0.000
2413329834538,1777550247,594488750,0.000,50.000,0.000,0.000,0.000,0.000
2413349837108,1777550247,614490359,100.000,50.000,0.000,0.000,0.000,0.000
2413369859328,1777550247,634513667,0.000,50.000,0.000,50.000,0.000,100.000
2413389840423,1777550247,654515917,0.000,0.000,100.000,0.000,50.000,50.000
2413409857586,1777550247,674511158,0.000,100.000,0.000,0.000,0.000,0.000
2413429834073,1777550247,694509663,0.000,0.000,50.000,0.000,0.000,100.000
2413449875431,1777550247,714529163,50.000,0.000,0.000,0.000,0.000,0.000
2413469856431,1777550247,734509906,0.000,0.000,50.000,0.000,0.000,100.000
2413489864409,1777550247,754518173,50.000,0.000,0.000,50.000,50.000,0.000
2413509831615,1777550247,774484547,0.000,0.000,50.000,100.000,0.000,0.000
2413529869228,1777550247,794522960,50.000,0.000,0.000,0.000,0.000,100.000
2413549845299,1777550247,814498679,100.000,50.000,50.000,0.000,0.000,50.000
2413569835004,1777550247,834488895,100.000,50.000,0.000,0.000,0.000,100.000
2413589837381,1777550247,854490761,0.000,0.000,0.000,0.000,0.000,100.000
2413609838351,1777550247,874492499,0.000,0.000,0.000,50.000,0.000,50.000
2413629834232,1777550247,894487676,50.000,0.000,0.000,0.000,0.000,0.000
2413649834241,1777550247,914488293,0.000,0.000,0.000,0.000,0.000,0.000
2413669835467,1777550247,934489039,0.000,0.000,0.000,0.000,50.000,50.000
2413689840661,1777550247,954494937,50.000,0.000,0.000,0.000,0.000,100.000
2413709830814,1777550247,974484257,0.000,0.000,0.000,0.000,0.000,50.000
2413729835752,1777550247,994489739,0.000,50.000,0.000,0.000,0.000,66.667
2413749834033,1777550248,14487156,0.000,0.000,0.000,0.000,0.000,66.667
2413769834906,1777550248,34488926,0.000,0.000,50.000,0.000,50.000,50.000
2413789834564,1777550248,54488135,50.000,50.000,0.000,0.000,0.000,0.000
2413809838990,1777550248,74492529,50.000,0.000,0.000,0.000,0.000,100.000
2413829836023,1777550248,94489627,0.000,0.000,0.000,0.000,0.000,0.000
2413850003730,1777550248,114658038,50.000,0.000,0.000,50.000,0.000,0.000
2413869835530,1777550248,134489197,0.000,0.000,0.000,0.000,0.000,100.000
2413889838612,1777550248,154492919,0.000,0.000,0.000,0.000,66.667,100.000
2413909835005,1777550248,174488512,0.000,0.000,0.000,0.000,0.000,0.000
2413929836838,1777550248,194491274,0.000,0.000,0.000,0.000,0.000,0.000
2413949843600,1777550248,214496468,0.000,0.000,0.000,0.000,0.000,100.000
2413969837337,1777550248,234490461,0.000,100.000,50.000,0.000,100.000,0.000
2413989837283,1777550248,254490598,50.000,0.000,66.667,0.000,50.000,100.000
2414010003934,1777550248,274656802,50.000,0.000,0.000,0.000,0.000,100.000
2414029835830,1777550248,294489209,0.000,0.000,0.000,0.000,0.000,0.000
2414049835423,1777550248,314488739,0.000,0.000,0.000,0.000,0.000,0.000
2414069836008,1777550248,334489196,100.000,0.000,0.000,0.000,0.000,66.667
2414089838002,1777550248,354491862,0.000,0.000,0.000,100.000,0.000,0.000
2414109838012,1777550248,374491359,0.000,0.000,0.000,0.000,0.000,100.000
2414129835173,1777550248,394488456,100.000,0.000,0.000,0.000,0.000,0.000
2414149836814,1777550248,414490642,0.000,50.000,0.000,0.000,50.000,0.000
2414169835160,1777550248,434487963,0.000,100.000,100.000,100.000,0.000,100.000
2414189850659,1777550248,454503270,0.000,100.000,0.000,0.000,100.000,0.000
2414209837195,1777550248,474490447,0.000,0.000,0.000,0.000,50.000,100.000
2414229834676,1777550248,494487736,0.000,100.000,0.000,0.000,0.000,0.000
2414249834205,1777550248,514487201,0.000,0.000,100.000,0.000,50.000,0.000
2414269834663,1777550248,534488011,50.000,0.000,0.000,0.000,0.000,100.000
2414289834192,1777550248,554487348,50.000,50.000,0.000,0.000,0.000,50.000
2414309835066,1777550248,574488062,0.000,0.000,0.000,0.000,0.000,0.000
2414329835331,1777550248,594488103,0.000,0.000,0.000,0.000,0.000,0.000
2414349836717,1777550248,614489681,0.000,100.000,0.000,0.000,0.000,100.000
2414369834454,1777550248,634487706,0.000,0.000,0.000,0.000,50.000,50.000
2414389833856,1777550248,654486211,50.000,0.000,0.000,0.000,0.000,0.000
2414409836393,1777550248,674489357,0.000,0.000,0.000,0.000,0.000,100.000
2414429835155,1777550248,694488086,0.000,0.000,0.000,0.000,0.000,0.000
2414449834844,1777550248,714488288,50.000,50.000,0.000,0.000,50.000,50.000
2414469831301,1777550248,734484361,0.000,50.000,0.000,0.000,100.000,50.000
2414489833839,1777550248,754486899,0.000,0.000,0.000,0.000,0.000,100.000
2414509835897,1777550248,774488764,50.000,0.000,100.000,0.000,0.000,50.000
2414529835298,1777550248,794488422,50.000,0.000,0.000,0.000,50.000,50.000
2414549838188,1777550248,814491152,0.000,100.000,0.000,50.000,50.000,50.000
2414569836085,1777550248,834489017,0.000,0.000,0.000,0.000,50.000,50.000
2414589836127,1777550248,854489538,100.000,0.000,0.000,0.000,0.000,50.000
2414609833608,1777550248,874487052,50.000,100.000,0.000,50.000,0.000,0.000
2414629835313,1777550248,894488437,0.000,0.000,0.000,0.000,0.000,50.000
2414649833659,1777550248,914486782,0.000,100.000,0.000,0.000,50.000,100.000
2414669836517,1777550248,934489896,0.000,0.000,50.000,50.000,50.000,0.000
2414689834638,1777550248,954488434,0.000,0.000,0.000,0.000,100.000,100.000
2414709835383,1777550248,974488667,0.000,0.000,0.000,0.000,0.000,50.000
2414729830560,1777550248,994483812,0.000,50.000,50.000,0.000,0.000,100.000
2414749835754,1777550249,14488590,0.000,0.000,0.000,0.000,0.000,100.000
2414769835092,1777550249,34488471,50.000,0.000,0.000,0.000,0.000,50.000
2414789834141,1777550249,54487329,0.000,0.000,0.000,0.000,0.000,100.000
2414809833350,1777550249,74486346,0.000,66.667,0.000,0.000,0.000,50.000
2414829833936,1777550249,94487444,0.000,0.000,0.000,0.000,0.000,100.000
2414849834490,1777550249,114487965,0.000,0.000,66.667,50.000,0.000,100.000
2414869834115,1777550249,134487591,50.000,0.000,0.000,0.000,0.000,0.000
2414889833708,1777550249,154487152,0.000,0.000,0.000,0.000,0.000,100.000
2414909838326,1777550249,174491386,0.000,0.000,0.000,0.000,0.000,50.000
2414929835456,1777550249,194489251,100.000,100.000,0.000,0.000,0.000,50.000
2414949837097,1777550249,214490509,50.000,0.000,0.000,0.000,100.000,0.000
2414969840531,1777550249,234494039,0.000,0.000,100.000,50.000,0.000,0.000
2414989836476,1777550249,254490144,50.000,50.000,0.000,0.000,0.000,100.000
2415009788832,1777550249,274442372,50.000,0.000,100.000,50.000,0.000,100.000
2415029834095,1777550249,294487346,0.000,50.000,0.000,0.000,0.000,0.000
2415049834584,1777550249,314487964,0.000,0.000,0.000,0.000,100.000,0.000
2415069839074,1777550249,334492998,50.000,50.000,50.000,0.000,0.000,100.000
2415089833931,1777550249,354487343,50.000,0.000,0.000,0.000,0.000,100.000
2415109833557,1777550249,374486744,0.000,50.000,0.000,0.000,0.000,50.000
2415129823965,1777550249,394476865,0.000,0.000,0.000,0.000,0.000,0.000
2415149834152,1777550249,414488363,0.000,0.000,0.000,0.000,0.000,50.000
2415169834225,1777550249,434487285,0.000,50.000,0.000,50.000,100.000,100.000
2415189835963,1777550249,454489310,0.000,0.000,0.000,0.000,0.000,50.000
2415209836260,1777550249,474489640,0.000,0.000,0.000,0.000,0.000,50.000
2415229833965,1777550249,494487185,0.000,0.000,0.000,0.000,0.000,100.000
2415249833495,1777550249,514487226,100.000,0.000,0.000,50.000,50.000,50.000
2415269837153,1777550249,534490404,0.000,50.000,0.000,0.000,0.000,100.000
2415289834986,1777550249,554488078,0.000,0.000,0.000,0.000,50.000,50.000
2415309834387,1777550249,574487351,0.000,0.000,0.000,0.000,0.000,0.000
2415329834685,1777550249,594488000,0.000,0.000,50.000,0.000,50.000,50.000
2415349835782,1777550249,614488938,50.000,0.000,0.000,0.000,50.000,0.000
2415369836016,1777550249,634489556,0.000,0.000,100.000,0.000,50.000,50.000
2415389833977,1777550249,654487133,0.000,0.000,0.000,0.000,0.000,50.000
2415409833347,1777550249,674486342,0.000,0.000,0.000,0.000,0.000,50.000
2415429833964,1777550249,694487152,0.000,0.000,0.000,0.000,0.000,50.000
2415449831637,1777550249,714484409,0.000,0.000,0.000,50.000,0.000,50.000
2415469837503,1777550249,734490723,0.000,0.000,0.000,50.000,0.000,0.000
2415489835433,1777550249,754488364,0.000,0.000,0.000,0.000,50.000,50.000
2415509835858,1777550249,774488566,0.000,0.000,50.000,0.000,0.000,100.000
2415529835132,1777550249,794487871,0.000,0.000,0.000,0.000,50.000,0.000
2415549837893,1777550249,814490953,50.000,0.000,0.000,50.000,0.000,100.000
2415569835566,1777550249,834488850,0.000,0.000,50.000,0.000,0.000,50.000
2415589835608,1777550249,854488732,0.000,100.000,0.000,0.000,0.000,100.000
2415609835393,1777550249,874488389,0.000,0.000,0.000,0.000,50.000,100.000
2415629837579,1777550249,894490383,0.000,0.000,0.000,0.000,0.000,50.000
2415649836244,1777550249,914489752,0.000,0.000,50.000,50.000,0.000,100.000
2415669836414,1777550249,934489602,0.000,0.000,50.000,0.000,0.000,50.000
2415689881100,1777550249,954534128,50.000,0.000,0.000,0.000,50.000,100.000
2415709835089,1777550249,974488116,50.000,50.000,0.000,0.000,0.000,100.000
2415729835642,1777550249,994488574,0.000,0.000,0.000,50.000,0.000,0.000
2415749837540,1777550250,14490119,0.000,50.000,0.000,0.000,50.000,100.000
2415769835341,1777550250,34488849,50.000,0.000,0.000,0.000,50.000,100.000
2415789835543,1777550250,54488250,0.000,0.000,0.000,0.000,0.000,0.000
2415809835392,1777550250,74488580,0.000,0.000,100.000,0.000,0.000,100.000
2415829835178,1777550250,94487949,0.000,0.000,0.000,0.000,50.000,50.000
2415849838035,1777550250,114490615,50.000,0.000,0.000,0.000,0.000,50.000
2415869837277,1777550250,134490048,100.000,0.000,0.000,0.000,0.000,100.000
2415889836582,1777550250,154489546,0.000,0.000,0.000,0.000,0.000,100.000
2415909835055,1777550250,174488019,0.000,0.000,0.000,0.000,0.000,100.000
2415929836665,1777550250,194490141,0.000,0.000,0.000,0.000,0.000,100.000
2415949837795,1777550250,214491142,0.000,0.000,0.000,0.000,0.000,50.000
2415969836140,1777550250,234489136,0.000,50.000,100.000,0.000,50.000,100.000
2415989835893,1777550250,254488473,0.000,0.000,0.000,0.000,0.000,100.000
2416009835647,1777550250,274488802,50.000,0.000,50.000,0.000,0.000,50.000
2416029835560,1777550250,294488236,0.000,0.000,50.000,0.000,0.000,100.000
2416049835314,1777550250,314488437,50.000,0.000,0.000,0.000,50.000,100.000
2416069837787,1777550250,334491103,0.000,0.000,0.000,0.000,0.000,50.000
2416089836005,1777550250,354488488,50.000,0.000,0.000,0.000,0.000,100.000
2416109835182,1777550250,374487794,0.000,50.000,50.000,0.000,0.000,100.000
2416129835512,1777550250,394487963,0.000,0.000,0.000,0.000,0.000,50.000
2416149837793,1777550250,414490821,0.000,50.000,100.000,0.000,0.000,100.000
2416169836491,1777550250,434489550,50.000,100.000,0.000,100.000,100.000,50.000
2416189841525,1777550250,454494232,50.000,0.000,50.000,0.000,0.000,50.000
2416209832989,1777550250,474485473,50.000,0.000,0.000,0.000,0.000,50.000
2416229830246,1777550250,494482794,0.000,50.000,50.000,0.000,0.000,50.000
2416249832368,1777550250,514485460,0.000,0.000,0.000,0.000,0.000,50.000
2416269839994,1777550250,534493342,0.000,0.000,0.000,0.000,50.000,100.000
2416289834627,1777550250,554487879,50.000,0.000,0.000,0.000,0.000,0.000
2416309835405,1777550250,574488464,0.000,0.000,50.000,0.000,0.000,100.000
2416329834806,1777550250,594488378,0.000,0.000,0.000,0.000,0.000,0.000
2416349838112,1777550250,614489987,0.000,66.667,50.000,50.000,0.000,0.000
2416369835081,1777550250,634488397,66.667,0.000,0.000,0.000,0.000,100.000
2416389838323,1777550250,654491127,0.000,0.000,50.000,0.000,0.000,50.000
2416409831228,1777550250,674484383,0.000,0.000,0.000,0.000,0.000,50.000
2416429832357,1777550250,694485289,0.000,0.000,100.000,0.000,0.000,50.000
2416449832559,1777550250,714485842,0.000,50.000,0.000,0.000,50.000,100.000
2416469836729,1777550250,734490300,100.000,100.000,0.000,66.667,50.000,100.000
2416489837730,1777550250,754490950,100.000,0.000,0.000,0.000,0.000,100.000
2416509835723,1777550250,774488975,0.000,0.000,0.000,0.000,0.000,100.000
2416529838517,1777550250,794491705,0.000,0.000,0.000,0.000,0.000,50.000
2416549837279,1777550250,814490434,0.000,50.000,0.000,0.000,0.000,100.000
2416569838088,1777550250,834491660,0.000,0.000,0.000,100.000,0.000,50.000
2416589835345,1777550250,854488533,0.000,0.000,0.000,0.000,0.000,50.000
2416609834747,1777550250,874487838,0.000,0.000,0.000,0.000,0.000,100.000
2416629836068,1777550250,894488840,0.000,50.000,0.000,0.000,0.000,50.000
2416649838030,1777550250,914491346,100.000,0.000,0.000,0.000,0.000,50.000
2416669835063,1777550250,934488635,0.000,0.000,0.000,50.000,0.000,100.000
2416689841121,1777550250,954494373,50.000,50.000,0.000,0.000,0.000,100.000
2416709835178,1777550250,974488942,100.000,50.000,0.000,100.000,0.000,0.000
2416729834804,1777550250,994488343,0.000,0.000,0.000,0.000,0.000,50.000
2416749836381,1777550251,14489985,0.000,0.000,50.000,0.000,0.000,100.000
2416769835014,1777550251,34488298,50.000,0.000,50.000,0.000,50.000,0.000
2416789835248,1777550251,54488372,0.000,100.000,50.000,0.000,0.000,100.000
2416809833721,1777550251,74486589,0.000,0.000,0.000,0.000,0.000,0.000
2416829839971,1777550251,94492967,0.000,100.000,66.667,0.000,0.000,50.000
2416849841229,1777550251,114494577,50.000,0.000,0.000,0.000,50.000,100.000
2416869836022,1777550251,134489178,0.000,0.000,0.000,0.000,0.000,50.000
2416889839008,1777550251,154492259,0.000,0.000,0.000,0.000,100.000,0.000
2416909839241,1777550251,174492461,0.000,0.000,0.000,0.000,0.000,100.000
2416929834322,1777550251,194487830,100.000,50.000,100.000,0.000,50.000,100.000
2416949837020,1777550251,214490112,50.000,0.000,0.000,0.000,0.000,50.000
2416969836005,1777550251,234488969,0.000,0.000,0.000,100.000,0.000,50.000
2416989834575,1777550251,254487250,0.000,0.000,50.000,0.000,50.000,0.000
2417009836248,1777550251,274489724,0.000,50.000,0.000,100.000,0.000,100.000
2417029839810,1777550251,294493606,50.000,0.000,0.000,0.000,0.000,100.000
2417049835051,1777550251,314488591,0.000,0.000,0.000,50.000,0.000,50.000
2417069835477,1777550251,334488824,0.000,0.000,0.000,0.000,0.000,0.000
2417089836094,1777550251,354489410,0.000,0.000,0.000,0.000,0.000,100.000
2417109839080,1777550251,374492364,50.000,0.000,100.000,0.000,0.000,50.000
2417129853875,1777550251,394506102,0.000,50.000,0.000,0.000,0.000,100.000
2417149840443,1777550251,414493951,0.000,0.000,0.000,0.000,0.000,0.000
2417169835332,1777550251,434487463,0.000,0.000,0.000,0.000,0.000,100.000
2417189834925,1777550251,454488337,50.000,0.000,0.000,0.000,0.000,0.000
2417209835607,1777550251,474488986,0.000,0.000,0.000,0.000,0.000,50.000
2417229843585,1777550251,494496709,0.000,0.000,50.000,0.000,50.000,50.000
2417249834154,1777550251,514487437,0.000,0.000,0.000,0.000,0.000,100.000
2417269835859,1777550251,534488951,0.000,50.000,0.000,50.000,0.000,50.000
2417289834813,1777550251,554487936,66.667,0.000,0.000,0.000,0.000,100.000
2417309834950,1777550251,574487754,0.000,50.000,50.000,0.000,66.667,0.000
2417329838384,1777550251,594491572,50.000,100.000,50.000,0.000,0.000,100.000
2417349848827,1777550251,614501214,0.000,0.000,0.000,50.000,0.000,50.000
2417369837923,1777550251,634491046,0.000,0.000,0.000,0.000,50.000,100.000
2417389835884,1777550251,654488880,0.000,0.000,0.000,0.000,0.000,100.000
2417409835477,1777550251,674488985,0.000,0.000,0.000,0.000,100.000,0.000
2417429834527,1777550251,694488195,0.000,0.000,0.000,0.000,0.000,100.000
2417449839241,1777550251,714492140,100.000,100.000,0.000,0.000,0.000,100.000
2417469835922,1777550251,734489270,0.000,0.000,0.000,100.000,0.000,50.000
2417489834747,1777550251,754488319,0.000,0.000,50.000,0.000,50.000,0.000
2417509839525,1777550251,774492681,0.000,0.000,50.000,100.000,0.000,100.000
2417529840079,1777550251,794493394,50.000,0.000,0.000,0.000,100.000,100.000
2417549839736,1777550251,814492540,0.000,0.000,0.000,50.000,50.000,50.000
2417569837153,1777550251,834489957,50.000,50.000,0.000,0.000,50.000,50.000
2417589837995,1777550251,854490703,50.000,0.000,0.000,0.000,0.000,100.000
2417609837812,1777550251,874490296,0.000,50.000,0.000,0.000,50.000,50.000
2417629834430,1777550251,894486977,0.000,0.000,0.000,0.000,100.000,100.000
2417649838343,1777550251,914491755,50.000,0.000,0.000,50.000,0.000,50.000
2417669839921,1777550251,934493461,0.000,0.000,0.000,50.000,0.000,0.000
2417689836506,1777550251,954489310,0.000,0.000,0.000,0.000,0.000,100.000
2417709832067,1777550251,974485351,0.000,50.000,0.000,0.000,50.000,50.000
2417729853807,1777550251,994506835,100.000,100.000,0.000,50.000,50.000,50.000
2417749848792,1777550252,14501915,0.000,100.000,50.000,0.000,0.000,0.000
2417769872964,1777550252,34526088,0.000,0.000,50.000,0.000,0.000,100.000
2417789830249,1777550252,54483052,100.000,0.000,50.000,0.000,50.000,50.000
2417809786222,1777550252,74438865,0.000,0.000,0.000,0.000,100.000,50.000
2417829830492,1777550252,94483103,0.000,50.000,50.000,0.000,0.000,50.000
2417849865225,1777550252,114517708,0.000,50.000,0.000,0.000,0.000,0.000
2417869830895,1777550252,134483538,50.000,0.000,100.000,0.000,50.000,0.000
2417889842009,1777550252,154494941,0.000,0.000,50.000,50.000,0.000,100.000
2417909859717,1777550252,174512520,0.000,0.000,50.000,100.000,50.000,50.000
2417929858862,1777550252,194511442,0.000,0.000,50.000,0.000,100.000,50.000
2417949856503,1777550252,214509307,100.000,0.000,100.000,0.000,50.000,100.000
2417969847008,1777550252,234500099,0.000,50.000,100.000,50.000,50.000,100.000
2417989844393,1777550252,254497325,0.000,50.000,0.000,50.000,0.000,0.000
2418009854548,1777550252,274507863,50.000,0.000,0.000,0.000,0.000,100.000
2418029843004,1777550252,294497184,50.000,0.000,0.000,0.000,0.000,100.000
2418049845510,1777550252,314498537,0.000,50.000,50.000,0.000,100.000,50.000
2418069839502,1777550252,334492626,50.000,100.000,0.000,0.000,50.000,100.000
2418089835863,1777550252,354488731,0.000,0.000,0.000,50.000,100.000,100.000
2418109835105,1777550252,374487812,50.000,0.000,100.000,0.000,0.000,0.000
2418129839115,1777550252,394492206,0.000,0.000,0.000,0.000,50.000,0.000
2418152037373,1777550252,416691425,0.000,50.000,100.000,50.000,100.000,100.000
2418169839134,1777550252,434491553,0.000,50.000,0.000,0.000,0.000,50.000
2418189836391,1777550252,454488554,0.000,0.000,0.000,50.000,100.000,100.000
2418209838897,1777550252,474492340,0.000,50.000,50.000,0.000,100.000,50.000
2418229832729,1777550252,494485629,50.000,0.000,0.000,0.000,0.000,100.000
2418249836227,1777550252,514490055,100.000,0.000,50.000,0.000,100.000,50.000
2418269835885,1777550252,534488944,100.000,0.000,0.000,0.000,50.000,100.000
2418289841623,1777550252,554494554,0.000,0.000,50.000,50.000,50.000,0.000
2418309847809,1777550252,574500900,50.000,100.000,0.000,0.000,50.000,0.000
2418329849418,1777550252,594502382,50.000,0.000,0.000,0.000,0.000,50.000
2418349838163,1777550252,614491286,50.000,50.000,50.000,100.000,50.000,0.000
2418369839100,1777550252,634492128,0.000,50.000,0.000,0.000,50.000,100.000
2418389837414,1777550252,654490825,66.667,0.000,100.000,0.000,100.000,100.000
2418409837615,1777550252,674490963,0.000,0.000,0.000,0.000,0.000,100.000
2418429837369,1777550252,694490716,50.000,50.000,100.000,0.000,0.000,0.000
2418449837122,1777550252,714490406,100.000,0.000,0.000,0.000,0.000,50.000
2418469838540,1777550252,734491951,50.000,0.000,0.000,0.000,0.000,50.000
2418489835509,1777550252,754488760,0.000,0.000,0.000,100.000,0.000,0.000
2418509838014,1777550252,774491042,50.000,0.000,0.000,0.000,0.000,50.000
2418529834472,1777550252,794488267,0.000,0.000,50.000,0.000,50.000,0.000
2418549833585,1777550252,814486997,0.000,0.000,0.000,50.000,0.000,0.000
2418569834875,1777550252,834488190,0.000,0.000,0.000,0.000,0.000,100.000
2418589855590,1777550252,854508458,66.667,100.000,0.000,100.000,0.000,100.000
2418609832973,1777550252,874485457,100.000,50.000,0.000,0.000,0.000,0.000
2418629838295,1777550252,894490939,0.000,0.000,50.000,50.000,0.000,100.000
2418649834304,1777550252,914487268,50.000,0.000,0.000,50.000,0.000,100.000
2418669833898,1777550252,934486445,0.000,50.000,0.000,0.000,0.000,50.000
2418689835155,1777550252,954488311,50.000,0.000,0.000,50.000,0.000,0.000
2418709835037,1777550252,974488352,0.000,0.000,50.000,0.000,50.000,50.000
2418729834406,1777550252,994487498,0.000,100.000,50.000,0.000,0.000,66.667
2418749836496,1777550253,14489812,0.000,0.000,50.000,50.000,0.000,0.000
2418769835417,1777550253,34488701,50.000,50.000,0.000,0.000,0.000,50.000
2418789835363,1777550253,54488102,0.000,50.000,50.000,0.000,0.000,50.000
2418809836268,1777550253,74489456,0.000,0.000,0.000,0.000,0.000,0.000
2418829835830,1777550253,94488921,100.000,50.000,66.667,50.000,0.000,50.000
2418849834911,1777550253,114487843,0.000,0.000,0.000,50.000,0.000,50.000
2418869834665,1777550253,134487692,0.000,50.000,0.000,50.000,50.000,50.000
2418889836562,1777550253,154489846,50.000,0.000,50.000,0.000,0.000,50.000
2418909837788,1777550253,174490751,66.667,0.000,0.000,0.000,0.000,100.000
2418929838629,1777550253,194491817,0.000,50.000,100.000,0.000,0.000,50.000
2418949842255,1777550253,214494515,0.000,0.000,0.000,50.000,50.000,100.000
2418969840825,1777550253,234493308,0.000,0.000,0.000,0.000,0.000,100.000
2418989838178,1777550253,254490661,0.000,0.000,0.000,0.000,0.000,0.000
2419009838475,1777550253,274491247,50.000,0.000,0.000,0.000,0.000,0.000
2419029838773,1777550253,294491800,0.000,50.000,0.000,0.000,0.000,100.000
2419049838238,1777550253,314491010,50.000,100.000,50.000,0.000,0.000,50.000
2419069837992,1777550253,334490859,66.667,0.000,0.000,0.000,0.000,0.000
2419089838033,1777550253,354490805,0.000,100.000,100.000,50.000,0.000,50.000
2419109938597,1777550253,374591561,0.000,50.000,0.000,0.000,0.000,0.000
2419129838404,1777550253,394491368,0.000,50.000,50.000,100.000,0.000,100.000
2419149838349,1777550253,414491089,0.000,50.000,0.000,0.000,50.000,100.000
2419169837975,1777550253,434490298,50.000,0.000,0.000,0.000,50.000,0.000
2419189838112,1777550253,454490404,0.000,0.000,0.000,100.000,0.000,100.000
2419209839146,1777550253,474491630,50.000,0.000,50.000,0.000,0.000,0.000
2419229838227,1777550253,494490327,100.000,100.000,0.000,0.000,0.000,100.000
2419249837213,1777550253,514489920,0.000,0.000,0.000,50.000,50.000,100.000
2419269837702,1777550253,534490570,0.000,50.000,0.000,50.000,0.000,100.000
2419289837680,1777550253,554490867,0.000,0.000,0.000,0.000,0.000,0.000
2419309837529,1777550253,574490621,0.000,0.000,0.000,0.000,100.000,50.000
2419329835746,1777550253,594488390,100.000,0.000,100.000,0.000,50.000,50.000
2419349856366,1777550253,614508786,0.000,0.000,0.000,50.000,50.000,50.000
2419369852663,1777550253,634505051,0.000,0.000,0.000,0.000,0.000,100.000
2419389832030,1777550253,654484578,0.000,0.000,0.000,0.000,0.000,100.000
2419409840169,1777550253,674492460,0.000,0.000,0.000,0.000,0.000,50.000
2419429830353,1777550253,694483093,50.000,0.000,0.000,0.000,0.000,100.000
2419449850397,1777550253,714502272,0.000,0.000,0.000,50.000,0.000,100.000
2419469858631,1777550253,734510731,100.000,100.000,0.000,0.000,0.000,50.000
2419489836622,1777550253,754489554,66.667,0.000,0.000,0.000,0.000,50.000
2419509838808,1777550253,774491772,100.000,0.000,50.000,0.000,0.000,100.000
2419529837985,1777550253,794491013,0.000,100.000,0.000,0.000,50.000,0.000
2419549838859,1777550253,814492367,0.000,0.000,0.000,0.000,50.000,0.000
2419569792399,1777550253,834445331,0.000,0.000,50.000,0.000,50.000,100.000
2419589793593,1777550253,854446813,50.000,0.000,50.000,0.000,66.667,0.000
2419609836039,1777550253,874489131,50.000,50.000,0.000,0.000,0.000,50.000
2419629838385,1777550253,894491924,0.000,0.000,100.000,0.000,0.000,0.000
2419649863869,1777550253,914517249,50.000,50.000,100.000,0.000,50.000,0.000
2419669836803,1777550253,934489767,0.000,0.000,0.000,100.000,0.000,0.000
2419689836077,1777550253,954489392,100.000,0.000,0.000,0.000,50.000,50.000
2419709835030,1777550253,974487994,0.000,0.000,0.000,0.000,0.000,0.000
2419729834144,1777550253,994487267,100.000,0.000,50.000,100.000,0.000,50.000
2419749837577,1777550254,14490605,100.000,0.000,100.000,0.000,0.000,50.000
2419769814800,1777550254,34467732,50.000,100.000,0.000,100.000,0.000,50.000
2419789837244,1777550254,54490240,0.000,50.000,0.000,0.000,0.000,50.000
2419809818980,1777550254,74471815,100.000,0.000,50.000,50.000,0.000,50.000
2419829835087,1777550254,94487731,50.000,0.000,0.000,0.000,0.000,100.000
2419849823383,1777550254,114476539,0.000,100.000,0.000,0.000,0.000,100.000
2419869825089,1777550254,134478084,50.000,0.000,0.000,0.000,50.000,0.000
2419889827403,1777550254,154480238,50.000,100.000,0.000,0.000,0.000,100.000
2419909829876,1777550254,174483128,0.000,0.000,50.000,0.000,0.000,50.000
2419929831742,1777550254,194484354,0.000,0.000,0.000,50.000,0.000,100.000
2419949836456,1777550254,214489868,0.000,100.000,50.000,0.000,50.000,100.000
2419969835665,1777550254,234488309,100.000,0.000,50.000,50.000,0.000,100.000
2419989836827,1777550254,254489599,50.000,0.000,0.000,0.000,0.000,100.000
2420009837188,1777550254,274490216,0.000,0.000,0.000,0.000,0.000,100.000
2420029837934,1777550254,294490514,0.000,0.000,0.000,50.000,50.000,100.000
2420049838391,1777550254,314491291,66.667,50.000,0.000,0.000,0.000,100.000
2420069837953,1777550254,334490564,0.000,0.000,0.000,50.000,0.000,50.000
2420089837226,1777550254,354489870,0.000,0.000,0.000,50.000,0.000,100.000
2420109835124,1777550254,374487991,50.000,0.000,0.000,0.000,0.000,100.000
2420129839517,1777550254,394492193,50.000,0.000,50.000,0.000,0.000,50.000
2420149842311,1777550254,414494955,0.000,100.000,50.000,0.000,50.000,100.000
2420169907576,1777550254,434560251,100.000,0.000,66.667,100.000,100.000,50.000
2420189837754,1777550254,454491165,0.000,0.000,50.000,0.000,0.000,100.000
2420209841092,1777550254,474494119,0.000,0.000,0.000,50.000,0.000,100.000
2420229837677,1777550254,494490128,50.000,100.000,0.000,0.000,0.000,100.000
2420249836982,1777550254,514489626,0.000,0.000,0.000,0.000,0.000,50.000
2420269837792,1777550254,534490339,0.000,100.000,50.000,0.000,0.000,50.000
2420289836521,1777550254,554489421,50.000,50.000,0.000,50.000,0.000,50.000
2420309836914,1777550254,574489206,0.000,0.000,50.000,0.000,0.000,100.000
2420329836540,1777550254,594489567,50.000,0.000,0.000,50.000,0.000,50.000
2420349838662,1777550254,614491561,100.000,0.000,0.000,50.000,0.000,50.000
2420369835215,1777550254,634488018,100.000,100.000,50.000,50.000,0.000,50.000
2420389838232,1777550254,654491324,100.000,50.000,50.000,0.000,100.000,50.000
2420409837570,1777550254,674490757,100.000,0.000,0.000,100.000,100.000,100.000
2420429839435,1777550254,694492655,0.000,0.000,0.000,0.000,0.000,100.000
2420449839477,1777550254,714492121,50.000,0.000,0.000,50.000,0.000,100.000
2420469836894,1777550254,734490242,0.000,100.000,0.000,0.000,50.000,50.000
2420489835175,1777550254,754488171,0.000,100.000,50.000,50.000,50.000,0.000
2420509838417,1777550254,774491477,0.000,0.000,100.000,0.000,50.000,100.000
2420529835418,1777550254,794488414,50.000,0.000,0.000,0.000,0.000,0.000
2420549837156,1777550254,814490056,100.000,50.000,50.000,0.000,0.000,100.000
2420569834637,1777550254,834487569,0.000,100.000,100.000,50.000,0.000,50.000
2420589835767,1777550254,854489050,0.000,100.000,0.000,100.000,0.000,0.000
2420609836576,1777550254,874489764,50.000,0.000,50.000,50.000,0.000,100.000
2420629834634,1777550254,894487693,50.000,0.000,0.000,0.000,50.000,100.000
2420649834803,1777550254,914487511,50.000,0.000,0.000,0.000,0.000,50.000
2420669835421,1777550254,934488864,0.000,0.000,100.000,0.000,0.000,100.000
2420689834214,1777550254,954487626,50.000,100.000,0.000,50.000,100.000,100.000
2420709840144,1777550254,974493876,0.000,50.000,0.000,0.000,0.000,50.000
2420729838041,1777550254,994491037,100.000,0.000,50.000,50.000,100.000,100.000
2420750497257,1777550255,15146636,50.000,0.000,0.000,0.000,0.000,50.000
2420769837580,1777550255,34490480,50.000,100.000,0.000,0.000,0.000,100.000
2420789836310,1777550255,54488825,0.000,0.000,0.000,0.000,0.000,50.000
2420809835711,1777550255,74489091,50.000,50.000,100.000,0.000,0.000,100.000
2420829837673,1777550255,94490700,50.000,0.000,50.000,100.000,50.000,100.000
2420849834162,1777550255,114487541,0.000,0.000,100.000,50.000,0.000,100.000
2420869833115,1777550255,134485887,0.000,100.000,0.000,0.000,50.000,50.000
2420889833605,1777550255,154487304,50.000,0.000,0.000,0.000,50.000,0.000
2420909835086,1777550255,174488306,100.000,50.000,0.000,0.000,50.000,50.000
2420929838552,1777550255,194491868,0.000,0.000,0.000,0.000,0.000,100.000
2420949858404,1777550255,214511431,50.000,0.000,0.000,0.000,0.000,50.000
2420969833803,1777550255,234486286,50.000,50.000,100.000,66.667,50.000,50.000
2420989834516,1777550255,254487480,50.000,50.000,0.000,50.000,0.000,50.000
2421009835102,1777550255,274488545,0.000,50.000,50.000,50.000,0.000,100.000
2421029835175,1777550255,294488203,0.000,0.000,50.000,0.000,0.000,100.000
2421049835249,1777550255,314488340,0.000,50.000,0.000,0.000,0.000,0.000
2421069932932,1777550255,334586056,50.000,0.000,0.000,50.000,50.000,50.000
2421089834147,1777550255,354487559,0.000,50.000,0.000,0.000,0.000,100.000
2421109835213,1777550255,374488465,50.000,0.000,50.000,50.000,50.000,100.000
2421129834102,1777550255,394487706,100.000,50.000,50.000,0.000,0.000,0.000
2421149836480,1777550255,414497124,0.000,0.000,50.000,0.000,50.000,50.000
2421169837994,1777550255,434490605,0.000,50.000,0.000,50.000,50.000,100.000
2421189835123,1777550255,454488662,0.000,0.000,0.000,0.000,0.000,100.000
2421209833948,1777550255,474486944,50.000,0.000,50.000,0.000,0.000,50.000
2421229833350,1777550255,494486409,50.000,0.000,50.000,50.000,50.000,0.000
2421249834319,1777550255,514487443,0.000,0.000,0.000,0.000,50.000,0.000
2421269836377,1777550255,534489532,0.000,50.000,0.000,0.000,0.000,50.000
2421289836098,1777550255,554489446,0.000,0.000,0.000,50.000,0.000,100.000
2421309835180,1777550255,574489135,0.000,100.000,50.000,0.000,66.667,0.000
2421329834389,1777550255,594487513,100.000,50.000,50.000,50.000,0.000,50.000
2421349837759,1777550255,614490626,0.000,0.000,0.000,0.000,0.000,100.000
2421369833960,1777550255,634487180,0.000,0.000,0.000,0.000,0.000,50.000
2421389834417,1777550255,654487541,0.000,0.000,0.000,0.000,0.000,100.000
2421409834427,1777550255,674488031,66.667,50.000,50.000,100.000,0.000,100.000
2421430266546,1777550255,694920310,50.000,0.000,0.000,0.000,0.000,0.000
2421449834830,1777550255,714488209,0.000,100.000,0.000,0.000,0.000,0.000
2421469835447,1777550255,734489083,0.000,50.000,50.000,0.000,0.000,0.000
2421489835393,1777550255,754489125,0.000,50.000,0.000,0.000,0.000,100.000
2421509835722,1777550255,774489582,0.000,0.000,0.000,50.000,0.000,50.000
2421529835028,1777550255,794488663,0.000,0.000,0.000,0.000,0.000,100.000
2421549836989,1777550255,814490241,0.000,0.000,0.000,0.000,0.000,50.000
2421569834407,1777550255,834488426,100.000,0.000,50.000,0.000,0.000,100.000
2421589835280,1777550255,854488916,0.000,0.000,0.000,0.000,100.000,50.000
2421609834842,1777550255,874488285,0.000,50.000,50.000,50.000,0.000,100.000
2421629835555,1777550255,894488839,0.000,0.000,0.000,0.000,50.000,100.000
2421649834124,1777550255,914487824,100.000,0.000,0.000,0.000,0.000,0.000
2421669835766,1777550255,934489466,50.000,50.000,0.000,66.667,100.000,50.000
2421689836480,1777550255,954490051,0.000,50.000,0.000,0.000,0.000,0.000
2421709872973,1777550255,974526321,0.000,100.000,0.000,50.000,50.000,100.000
2421729849908,1777550255,994503192,50.000,0.000,50.000,0.000,0.000,0.000
2421749837340,1777550256,14489056,0.000,0.000,0.000,0.000,0.000,100.000
2421769834661,1777550256,34488041,0.000,100.000,100.000,50.000,100.000,100.000
2421789834607,1777550256,54488050,0.000,0.000,0.000,0.000,0.000,0.000
2421809838617,1777550256,74491964,0.000,100.000,100.000,0.000,50.000,0.000
2421829834306,1777550256,94487013,0.000,50.000,50.000,50.000,0.000,50.000
2421849834923,1777550256,114488271,0.000,50.000,0.000,50.000,0.000,100.000
2421869834741,1777550256,134488248,0.000,0.000,0.000,0.000,0.000,50.000
2421889834750,1777550256,154488226,0.000,50.000,0.000,0.000,0.000,100.000
2421909835720,1777550256,174489259,0.000,50.000,100.000,0.000,50.000,100.000
2421929838193,1777550256,194492373,0.000,0.000,0.000,0.000,50.000,0.000
2421949836219,1777550256,214489214,0.000,0.000,0.000,0.000,0.000,100.000
2421969869224,1777550256,234522699,100.000,0.000,50.000,50.000,0.000,0.000
2421989834285,1777550256,254487377,0.000,0.000,0.000,0.000,50.000,0.000
2422009834871,1777550256,274488187,50.000,0.000,0.000,0.000,50.000,100.000
2422029835168,1777550256,294488516,0.000,50.000,0.000,100.000,0.000,100.000
2422049841163,1777550256,314495566,0.000,0.000,100.000,0.000,50.000,100.000
2422069835859,1777550256,334488919,0.000,0.000,0.000,0.000,0.000,100.000
2422089834269,1777550256,354487456,0.000,0.000,0.000,100.000,50.000,50.000
2422109835398,1777550256,374488714,100.000,50.000,0.000,0.000,0.000,50.000
2422129834480,1777550256,394487987,0.000,0.000,0.000,0.000,0.000,0.000
2422149836281,1777550256,414489757,0.000,0.000,66.667,0.000,0.000,0.000
2422169834787,1777550256,434487334,0.000,50.000,50.000,50.000,0.000,100.000
2422189834540,1777550256,454487856,100.000,0.000,0.000,0.000,0.000,100.000
2422209896060,1777550256,474549184,0.000,0.000,100.000,0.000,0.000,100.000
2422229837663,1777550256,494490819,0.000,100.000,50.000,0.000,0.000,50.000
2422249834729,1777550256,514488396,0.000,0.000,0.000,50.000,0.000,100.000
2422269843283,1777550256,534496983,0.000,0.000,0.000,0.000,50.000,50.000
2422289842620,1777550256,554496608,50.000,0.000,0.000,0.000,0.000,50.000
2422309870249,1777550256,574523948,100.000,0.000,0.000,0.000,0.000,100.000
2422329932633,1777550256,594585884,0.000,50.000,0.000,0.000,0.000,100.000
2422349833976,1777550256,614487451,0.000,0.000,0.000,0.000,50.000,100.000
2422369836001,1777550256,634489413,0.000,0.000,50.000,50.000,0.000,50.000
2422389835851,1777550256,654488847,50.000,0.000,50.000,0.000,50.000,0.000
2422409837045,1777550256,674490296,0.000,50.000,50.000,0.000,0.000,100.000
2422429836222,1777550256,694489057,0.000,0.000,50.000,50.000,100.000,0.000
2422449835847,1777550256,714488715,0.000,0.000,0.000,0.000,50.000,50.000
2422469855699,1777550256,734508630,0.000,0.000,50.000,0.000,0.000,0.000
2422489834554,1777550256,754487454,0.000,50.000,0.000,0.000,100.000,50.000
2422509855654,1777550256,774508617,100.000,50.000,0.000,50.000,0.000,100.000
2422529858256,1777550256,794511123,0.000,50.000,0.000,0.000,0.000,100.000
2422549880667,1777550256,814530687,0.000,0.000,0.000,50.000,66.667,50.000
2422569877541,1777550256,834531592,0.000,50.000,0.000,0.000,0.000,0.000
2422589877070,1777550256,854530610,0.000,0.000,50.000,50.000,0.000,100.000
2422609912091,1777550256,874564831,0.000,100.000,50.000,50.000,100.000,50.000
2422629897667,1777550256,894550759,50.000,0.000,0.000,0.000,50.000,100.000
2422649836038,1777550256,914488746,0.000,0.000,0.000,50.000,0.000,0.000
2422669852945,1777550256,934505429,50.000,0.000,0.000,0.000,0.000,0.000
2422689847706,1777550256,954500702,66.667,0.000,50.000,0.000,0.000,100.000
2422709844419,1777550256,974497287,0.000,0.000,0.000,0.000,0.000,0.000
2422729838476,1777550256,994491248,100.000,50.000,0.000,100.000,50.000,100.000
2422749840854,1777550257,14493529,0.000,0.000,0.000,50.000,100.000,0.000
2422769849760,1777550257,34502340,50.000,0.000,0.000,0.000,100.000,0.000
2422789846249,1777550257,54498317,0.000,0.000,100.000,0.000,100.000,50.000
2422809846515,1777550257,74499062,0.000,50.000,50.000,0.000,50.000,100.000
2422829847516,1777550257,94499968,0.000,0.000,0.000,100.000,50.000,0.000
2422849830820,1777550257,114483080,50.000,0.000,50.000,0.000,0.000,100.000
2422869859281,1777550257,134511764,0.000,0.000,0.000,50.000,0.000,50.000
2422889837464,1777550257,154490267,0.000,0.000,0.000,0.000,50.000,50.000
2422909837473,1777550257,174490789,100.000,100.000,100.000,50.000,0.000,50.000
2422929846220,1777550257,194498511,0.000,0.000,50.000,0.000,0.000,50.000
2422949903323,1777550257,214553214,0.000,0.000,0.000,0.000,0.000,50.000
2422969842526,1777550257,234494914,100.000,50.000,100.000,0.000,50.000,50.000
2422989843592,1777550257,254496203,0.000,0.000,50.000,50.000,100.000,100.000
2423009881077,1777550257,274534009,0.000,0.000,0.000,0.000,0.000,100.000
2423030280329,1777550257,294934637,0.000,50.000,50.000,50.000,50.000,100.000
2423049842532,1777550257,314495048,0.000,0.000,0.000,0.000,0.000,50.000
2423069837965,1777550257,334490577,50.000,100.000,0.000,0.000,0.000,100.000
2423089883739,1777550257,354536607,0.000,0.000,100.000,0.000,0.000,100.000
2423109917608,1777550257,374570988,50.000,50.000,50.000,0.000,50.000,100.000
2423129846634,1777550257,394498894,50.000,0.000,0.000,50.000,0.000,50.000
2423149840979,1777550257,414493399,0.000,66.667,50.000,0.000,0.000,0.000
2423169837276,1777550257,434489440,0.000,50.000,0.000,0.000,0.000,50.000
2423189837862,1777550257,454490153,66.667,0.000,50.000,0.000,0.000,0.000
2423209840016,1777550257,474492467,100.000,50.000,50.000,0.000,50.000,0.000
2423229831256,1777550257,494483484,0.000,0.000,0.000,50.000,0.000,50.000
2423249832546,1777550257,514484965,0.000,0.000,0.000,0.000,0.000,50.000
2423269846189,1777550257,534499216,50.000,0.000,0.000,0.000,0.000,0.000
2423289858935,1777550257,554511355,100.000,0.000,0.000,0.000,0.000,50.000
2423309837375,1777550257,574489666,100.000,0.000,0.000,0.000,50.000,100.000
2423329844777,1777550257,594497260,100.000,0.000,50.000,0.000,0.000,0.000
2423349832817,1777550257,614485685,50.000,0.000,0.000,0.000,0.000,0.000
2423369848092,1777550257,634500544,0.000,0.000,0.000,0.000,50.000,50.000
2423389839013,1777550257,654491784,0.000,0.000,0.000,0.000,0.000,100.000
2423409846287,1777550257,674499250,0.000,0.000,0.000,0.000,0.000,0.000
2423429842424,1777550257,694494971,50.000,0.000,0.000,0.000,0.000,0.000
2423449832512,1777550257,714485508,0.000,0.000,0.000,50.000,0.000,100.000
2423469831178,1777550257,734483821,0.000,0.000,0.000,0.000,0.000,0.000
2423489850709,1777550257,754503225,0.000,0.000,100.000,50.000,50.000,50.000
2423509850047,1777550257,774502786,100.000,0.000,0.000,50.000,0.000,50.000
2423529832518,1777550257,794484938,50.000,50.000,50.000,100.000,0.000,0.000
2423549857650,1777550257,814507094,0.000,50.000,100.000,50.000,0.000,50.000
2423569866909,1777550257,834519872,100.000,100.000,100.000,0.000,50.000,0.000
2423589869607,1777550257,854522634,0.000,100.000,100.000,50.000,50.000,0.000
2423609860303,1777550257,874513331,50.000,0.000,0.000,0.000,50.000,0.000
2423629834006,1777550257,894486873,0.000,0.000,0.000,0.000,100.000,0.000
2423649854561,1777550257,914507877,0.000,0.000,50.000,0.000,0.000,0.000
2423669875981,1777550257,934528689,100.000,0.000,0.000,100.000,0.000,100.000
2423689868182,1777550257,954520889,50.000,0.000,50.000,0.000,100.000,100.000
2423709846269,1777550257,974498912,0.000,50.000,0.000,50.000,0.000,100.000
2423729855239,1777550257,994508107,0.000,50.000,50.000,50.000,50.000,100.000
2423749840463,1777550258,14492915,0.000,0.000,0.000,50.000,0.000,0.000
2423769855194,1777550258,34507934,66.667,0.000,0.000,0.000,0.000,100.000
2423789838498,1777550258,54491462,0.000,0.000,0.000,0.000,0.000,50.000
2423809852109,1777550258,74504720,66.667,66.667,50.000,0.000,100.000,100.000
2423829838453,1777550258,94491608,100.000,0.000,0.000,0.000,0.000,100.000
2423849833790,1777550258,114486369,0.000,100.000,0.000,0.000,0.000,50.000
2423869835976,1777550258,134488747,50.000,50.000,0.000,50.000,0.000,100.000
2423889837233,1777550258,154490229,0.000,0.000,0.000,0.000,50.000,0.000
2423909859613,1777550258,174512033,0.000,0.000,0.000,50.000,100.000,50.000
2423929850821,1777550258,194503145,50.000,0.000,0.000,50.000,0.000,100.000
2423949848399,1777550258,214500946,50.000,0.000,0.000,0.000,0.000,50.000
2423969850104,1777550258,234502524,50.000,50.000,0.000,0.000,50.000,0.000
2423989852418,1777550258,254504934,0.000,0.000,0.000,0.000,50.000,100.000
2424009850155,1777550258,274502863,50.000,50.000,0.000,100.000,100.000,66.667
2424029862838,1777550258,294515770,0.000,0.000,50.000,0.000,0.000,100.000
2424049851326,1777550258,314504482,50.000,0.000,0.000,0.000,0.000,100.000
2424069839111,1777550258,334491850,50.000,0.000,0.000,0.000,0.000,100.000
2424089835856,1777550258,354488627,0.000,0.000,0.000,0.000,0.000,0.000
2424109843898,1777550258,374495837,66.667,0.000,50.000,0.000,50.000,100.000
2424129854149,1777550258,394506216,0.000,0.000,0.000,0.000,50.000,100.000
2424149840269,1777550258,414492656,0.000,0.000,0.000,0.000,0.000,66.667
2424169862744,1777550258,434515228,0.000,0.000,100.000,0.000,100.000,100.000
2424189844544,1777550258,454497508,100.000,0.000,0.000,50.000,50.000,0.000
2424209845866,1777550258,474498925,100.000,50.000,66.667,100.000,50.000,66.667
2424229833490,1777550258,494486325,0.000,0.000,0.000,0.000,0.000,0.000
2424249835579,1777550258,514488319,0.000,0.000,0.000,0.000,100.000,50.000
2424269840709,1777550258,534493737,0.000,50.000,50.000,0.000,0.000,50.000
2424289886740,1777550258,554539543,0.000,0.000,50.000,0.000,0.000,50.000
2424309845241,1777550258,574498332,0.000,0.000,0.000,100.000,0.000,100.000
2424329832033,1777550258,594484868,0.000,0.000,0.000,50.000,0.000,100.000
2424349841003,1777550258,614494127,0.000,0.000,0.000,0.000,0.000,0.000
2424369844021,1777550258,634496281,0.000,0.000,0.000,0.000,50.000,50.000
2424389854080,1777550258,654506531,0.000,0.000,0.000,0.000,100.000,100.000
2424409850921,1777550258,674503212,100.000,0.000,50.000,0.000,0.000,100.000
2424429843313,1777550258,694496309,0.000,0.000,50.000,50.000,50.000,0.000
2424449835674,1777550258,714488094,0.000,0.000,0.000,0.000,0.000,100.000
2424469842980,1777550258,734495624,100.000,0.000,0.000,50.000,50.000,50.000
2424489844590,1777550258,754496561,50.000,50.000,50.000,50.000,0.000,100.000
2424509862425,1777550258,774515261,50.000,100.000,0.000,100.000,100.000,100.000
2424529833760,1777550258,794486243,0.000,0.000,50.000,0.000,0.000,50.000
2424549849611,1777550258,814502670,0.000,0.000,0.000,0.000,0.000,100.000
2424569846708,1777550258,834499384,0.000,50.000,0.000,0.000,0.000,50.000
2424589879361,1777550258,854532293,100.000,100.000,66.667,66.667,0.000,100.000
2424609867465,1777550258,874520237,100.000,0.000,0.000,0.000,50.000,50.000
2424629861362,1777550258,894514070,0.000,100.000,0.000,0.000,0.000,0.000
2424649851002,1777550258,914503806,0.000,0.000,0.000,0.000,0.000,100.000
2424669870342,1777550258,934523113,0.000,0.000,50.000,0.000,50.000,100.000
2424689859438,1777550258,954512530,0.000,50.000,100.000,0.000,0.000,50.000
2424709862648,1777550258,974515260,100.000,0.000,50.000,100.000,0.000,100.000
2424729853184,1777550258,994505348,0.000,0.000,0.000,50.000,0.000,100.000
2424749846505,1777550259,14499181,0.000,50.000,0.000,0.000,0.000,50.000
2424769854772,1777550259,34507639,0.000,0.000,0.000,0.000,0.000,100.000
2424789844604,1777550259,54497632,100.000,0.000,50.000,0.000,50.000,100.000
2424809844293,1777550259,74497065,0.000,100.000,50.000,0.000,100.000,0.000
2424829847983,1777550259,94500819,0.000,0.000,0.000,0.000,0.000,0.000
2424849842968,1777550259,114495740,0.000,0.000,100.000,50.000,0.000,50.000
2424869847074,1777550259,134499878,50.000,0.000,0.000,0.000,0.000,100.000
2424889854860,1777550259,154507568,0.000,50.000,50.000,50.000,0.000,100.000
2424909849109,1777550259,174502009,0.000,0.000,50.000,0.000,0.000,66.667
2424929848095,1777550259,194500706,0.000,0.000,0.000,0.000,0.000,66.667
2424949851976,1777550259,214504524,50.000,50.000,0.000,100.000,50.000,100.000
2424969856754,1777550259,234509462,0.000,0.000,50.000,0.000,0.000,100.000
2424989866781,1777550259,254519969,50.000,0.000,0.000,0.000,50.000,50.000
2425009868295,1777550259,274521578,100.000,100.000,0.000,100.000,50.000,100.000
2425029834540,1777550259,294487408,0.000,0.000,0.000,0.000,50.000,100.000
2425049838166,1777550259,314491098,0.000,0.000,0.000,0.000,0.000,50.000
2425069866243,1777550259,334519206,0.000,0.000,0.000,0.000,0.000,100.000
2425089853035,1777550259,354505934,100.000,50.000,0.000,66.667,0.000,100.000
2425109846420,1777550259,374498711,0.000,100.000,0.000,100.000,0.000,100.000
2425129838684,1777550259,394491584,50.000,0.000,50.000,50.000,50.000,100.000
2425149830469,1777550259,414483240,0.000,0.000,0.000,0.000,50.000,50.000
2425169875699,1777550259,434528791,0.000,50.000,0.000,0.000,50.000,50.000
2425189870172,1777550259,454523008,50.000,0.000,50.000,50.000,50.000,100.000
2425209845507,1777550259,474501703,0.000,66.667,0.000,50.000,0.000,50.000
2425229830539,1777550259,494483150,0.000,0.000,0.000,0.000,50.000,0.000
2425249847350,1777550259,514499930,0.000,0.000,0.000,0.000,0.000,0.000
2425269864353,1777550259,534517253,100.000,0.000,0.000,0.000,0.000,100.000
2425289868299,1777550259,554520751,100.000,0.000,0.000,0.000,0.000,100.000
2425309849843,1777550259,574502294,0.000,0.000,50.000,100.000,0.000,0.000
2425329837083,1777550259,594489726,0.000,0.000,0.000,0.000,50.000,100.000
2425349836132,1777550259,614488904,0.000,50.000,0.000,0.000,0.000,0.000
2425369836622,1777550259,634490481,50.000,0.000,50.000,100.000,50.000,100.000
2425389837463,1777550259,654490907,0.000,0.000,50.000,0.000,0.000,0.000
2425409837761,1777550259,674491428,50.000,100.000,0.000,100.000,0.000,100.000
2425429837482,1777550259,694491086,0.000,0.000,50.000,50.000,0.000,100.000
2425449837716,1777550259,714490999,0.000,0.000,0.000,0.000,100.000,100.000
2425469836157,1777550259,734489985,0.000,0.000,0.000,0.000,0.000,100.000
2425489836806,1777550259,754490634,0.000,100.000,50.000,0.000,100.000,50.000
2425509843057,1777550259,774496724,50.000,50.000,100.000,50.000,0.000,100.000
2425529835833,1777550259,794489437,0.000,0.000,0.000,0.000,0.000,100.000
2425549835779,1777550259,814488902,50.000,0.000,0.000,0.000,0.000,50.000
2425569838637,1777550259,834491632,100.000,50.000,0.000,66.667,0.000,0.000
2425589838102,1777550259,854491610,0.000,0.000,0.000,0.000,50.000,0.000
2425609837599,1777550259,874490915,0.000,0.000,50.000,0.000,100.000,0.000
2425629840233,1777550259,894493805,0.000,0.000,0.000,0.000,0.000,50.000
2425649837778,1777550259,914491382,50.000,0.000,0.000,0.000,50.000,50.000
2425669843548,1777550259,934497408,0.000,100.000,0.000,50.000,100.000,100.000
2425689843942,1777550259,954497546,0.000,0.000,100.000,100.000,0.000,100.000
2425709836591,1777550259,974490706,0.000,0.000,100.000,0.000,0.000,100.000
2425729836248,1777550259,994490332,0.000,0.000,0.000,0.000,0.000,50.000
2425749838306,1777550260,14492229,0.000,0.000,0.000,50.000,0.000,100.000
2425769842220,1777550260,34495823,50.000,0.000,0.000,0.000,0.000,100.000
2425789841301,1777550260,54495065,0.000,0.000,50.000,0.000,100.000,100.000
2425809842399,1777550260,74496354,0.000,0.000,0.000,0.000,0.000,100.000
2425829838600,1777550260,94497932,50.000,50.000,50.000,50.000,100.000,0.000
2425849845842,1777550260,114499574,50.000,50.000,50.000,0.000,100.000,0.000
2425869837210,1777550260,134490942,100.000,0.000,0.000,0.000,0.000,100.000
2425889843332,1777550260,154497512,0.000,50.000,50.000,0.000,50.000,100.000
2425909837645,1777550260,174491409,0.000,0.000,100.000,0.000,0.000,100.000
2425929845912,1777550260,194499835,0.000,50.000,0.000,0.000,50.000,100.000
2425949836672,1777550260,214495716,0.000,0.000,0.000,100.000,0.000,50.000
2425970727112,1777550260,235381388,0.000,50.000,50.000,0.000,50.000,50.000
2425989838611,1777550260,254492567,0.000,50.000,0.000,0.000,100.000,100.000
2426009838045,1777550260,274492737,100.000,0.000,100.000,100.000,0.000,100.000
2426029877482,1777550260,294531438,0.000,0.000,0.000,0.000,0.000,0.000
2426049898070,1777550260,314551866,0.000,0.000,50.000,0.000,0.000,50.000
2426069887486,1777550260,334541090,50.000,0.000,50.000,0.000,50.000,50.000
2426089891752,1777550260,354545420,50.000,0.000,50.000,100.000,50.000,100.000
2426109841004,1777550260,374494640,50.000,0.000,100.000,0.000,0.000,50.000
2426129845718,1777550260,394499642,0.000,0.000,0.000,0.000,0.000,0.000
2426149844864,1777550260,414498787,0.000,0.000,0.000,0.000,0.000,100.000
2426169882637,1777550260,434535473,100.000,50.000,100.000,50.000,50.000,100.000
2426189841234,1777550260,454494678,0.000,0.000,0.000,0.000,0.000,50.000
2426209837019,1777550260,474490719,50.000,50.000,50.000,50.000,50.000,100.000
2426229839141,1777550260,494492905,66.667,0.000,50.000,0.000,0.000,50.000
2426249885331,1777550260,514539447,0.000,50.000,0.000,0.000,0.000,50.000
2426269839640,1777550260,534493788,0.000,0.000,0.000,66.667,0.000,100.000
2426289845090,1777550260,554498982,50.000,0.000,0.000,0.000,0.000,100.000
2426309840331,1777550260,574494351,100.000,50.000,0.000,0.000,50.000,100.000
2426329838996,1777550260,594492920,0.000,0.000,50.000,0.000,0.000,50.000
2426349838622,1777550260,614492705,0.000,0.000,0.000,50.000,50.000,50.000
2426369842696,1777550260,634496459,50.000,0.000,0.000,100.000,50.000,100.000
2426389919929,1777550260,654573437,50.000,0.000,0.000,0.000,0.000,50.000
2426409837690,1777550260,674491294,0.000,0.000,50.000,0.000,0.000,50.000
2426429903178,1777550260,694556910,0.000,0.000,0.000,0.000,0.000,50.000
2426449838477,1777550260,714492401,0.000,100.000,0.000,0.000,0.000,0.000
2426469838263,1777550260,734492186,0.000,100.000,0.000,50.000,0.000,66.667
2426489843233,1777550260,754496964,50.000,0.000,66.667,0.000,50.000,50.000
2426509917330,1777550260,774571222,0.000,0.000,50.000,50.000,0.000,50.000
2426529839155,1777550260,794492983,100.000,0.000,0.000,0.000,0.000,50.000
2426549901987,1777550260,814551878,50.000,0.000,0.000,50.000,0.000,0.000
2426569838278,1777550260,834492202,0.000,0.000,50.000,0.000,0.000,100.000
2426589838863,1777550260,854492787,0.000,0.000,0.000,0.000,0.000,100.000
2426609838329,1777550260,874492637,0.000,66.667,0.000,0.000,100.000,50.000
2426629894600,1777550260,894553452,0.000,0.000,0.000,0.000,50.000,0.000
2426649837260,1777550260,914490799,0.000,50.000,0.000,50.000,100.000,100.000
2426669837013,1777550260,934491065,0.000,50.000,0.000,0.000,0.000,0.000
2426689839839,1777550260,954493859,66.667,0.000,50.000,0.000,50.000,0.000
2426709838952,1777550260,974492844,100.000,0.000,50.000,100.000,0.000,50.000
2426729847827,1777550260,994501750,100.000,50.000,0.000,0.000,50.000,50.000
2426749837563,1777550261,14491551,0.000,50.000,50.000,0.000,50.000,0.000
2426769837412,1777550261,34491272,0.000,100.000,0.000,0.000,0.000,50.000
2426789838542,1777550261,54492242,100.000,100.000,100.000,0.000,50.000,100.000
2426809838359,1777550261,74492379,50.000,0.000,50.000,50.000,50.000,100.000
2426829836641,1777550261,94490308,66.667,0.000,0.000,0.000,0.000,0.000
2426849841227,1777550261,114494894,0.000,0.000,0.000,0.000,50.000,100.000
2426869836180,1777550261,134490007,50.000,0.000,50.000,0.000,50.000,50.000
2426889836893,1777550261,154491105,100.000,50.000,100.000,50.000,100.000,50.000
2426909836391,1777550261,174490602,50.000,0.000,50.000,50.000,100.000,0.000
2426929809645,1777550261,194463153,50.000,0.000,50.000,0.000,0.000,0.000
2426950833731,1777550261,215484999,0.000,50.000,100.000,50.000,50.000,0.000
2426969837731,1777550261,234491015,50.000,50.000,0.000,0.000,0.000,0.000
2426989835052,1777550261,254488944,0.000,0.000,50.000,100.000,0.000,50.000
2427009837526,1777550261,274491162,50.000,0.000,50.000,50.000,50.000,50.000
2427029836159,1777550261,294489923,50.000,100.000,0.000,0.000,66.667,50.000
2427049837929,1777550261,314491949,0.000,0.000,50.000,50.000,0.000,50.000
2427069837810,1777550261,334491606,100.000,0.000,0.000,0.000,50.000,100.000
2427089837212,1777550261,354491392,0.000,50.000,0.000,0.000,50.000,100.000
2427109836261,1777550261,374490153,0.000,0.000,0.000,50.000,50.000,100.000
2427129837711,1777550261,394491187,100.000,50.000,0.000,0.000,0.000,0.000
2427149835736,1777550261,414489148,0.000,0.000,50.000,0.000,0.000,0.000
2427169835970,1777550261,434489253,100.000,0.000,50.000,100.000,100.000,100.000
2427189836075,1777550261,454489135,0.000,50.000,0.000,100.000,0.000,50.000
2427209836821,1777550261,474490328,50.000,50.000,0.000,100.000,66.667,50.000
2427229834526,1777550261,494487970,0.000,0.000,50.000,0.000,50.000,50.000
2427249846569,1777550261,514500076,50.000,0.000,0.000,50.000,0.000,50.000
2427269836881,1777550261,534490229,50.000,66.667,50.000,66.667,0.000,100.000
2427289836955,1777550261,554490142,0.000,0.000,0.000,0.000,66.667,100.000
2427309838372,1777550261,574491688,0.000,100.000,0.000,100.000,50.000,0.000
2427329835213,1777550261,594488753,50.000,0.000,0.000,0.000,50.000,100.000
2427349837111,1777550261,614490267,50.000,0.000,50.000,0.000,0.000,100.000
2427369837280,1777550261,634490372,0.000,0.000,0.000,50.000,100.000,100.000
2427389834890,1777550261,654488045,100.000,100.000,0.000,50.000,50.000,0.000
2427409837459,1777550261,674490551,50.000,50.000,0.000,0.000,100.000,0.000
2427429835677,1777550261,694489312,0.000,0.000,0.000,50.000,100.000,0.000
2427449853032,1777550261,714506860,0.000,0.000,100.000,0.000,0.000,66.667
2427469837232,1777550261,734490995,100.000,0.000,100.000,100.000,50.000,100.000
2427489837689,1777550261,754491613,100.000,100.000,0.000,66.667,50.000,100.000
2427509837251,1777550261,774490918,0.000,0.000,75.000,100.000,0.000,50.000
2427529845709,1777550261,794499761,0.000,0.000,0.000,50.000,100.000,0.000
2427549838038,1777550261,814492025,100.000,0.000,0.000,0.000,50.000,50.000
2427569842688,1777550261,834496579,50.000,0.000,0.000,100.000,50.000,50.000
2427589837193,1777550261,854491020,0.000,0.000,100.000,50.000,50.000,0.000
2427609834258,1777550261,874488117,100.000,50.000,50.000,0.000,0.000,50.000
2427629811481,1777550261,894465180,0.000,100.000,100.000,0.000,50.000,50.000
2427649840453,1777550261,914494313,50.000,0.000,50.000,50.000,0.000,100.000
2427669837134,1777550261,934491314,0.000,0.000,50.000,100.000,0.000,50.000
2427689835896,1777550261,954489755,50.000,50.000,50.000,50.000,50.000,100.000
2427709835169,1777550261,974488581,100.000,0.000,66.667,0.000,0.000,100.000
2427729837995,1777550261,994491951,50.000,0.000,0.000,0.000,0.000,50.000
2427749836788,1777550262,14490360,50.000,66.667,50.000,0.000,50.000,0.000
2427769835262,1777550262,34489185,50.000,66.667,0.000,0.000,0.000,100.000
2427789859018,1777550262,54512589,0.000,0.000,50.000,0.000,0.000,100.000
2427810581984,1777550262,75236131,100.000,0.000,0.000,0.000,50.000,50.000
2427829842651,1777550262,94496446,50.000,0.000,0.000,0.000,0.000,50.000
2427849836484,1777550262,114490631,0.000,0.000,0.000,0.000,50.000,50.000
2427869847758,1777550262,134501426,0.000,50.000,50.000,66.667,0.000,100.000
2427889834934,1777550262,154488922,100.000,0.000,100.000,0.000,50.000,100.000
2427909836544,1777550262,174490468,0.000,0.000,0.000,0.000,0.000,100.000
2427929845386,1777550262,194499374,0.000,100.000,100.000,50.000,50.000,100.000
2427949834931,1777550262,214488566,50.000,0.000,0.000,0.000,50.000,50.000
2427969838461,1777550262,234492128,100.000,0.000,0.000,50.000,100.000,100.000
2427989836422,1777550262,254489930,100.000,100.000,0.000,0.000,0.000,50.000
2428009837135,1777550262,274490483,0.000,50.000,50.000,50.000,0.000,100.000
2428029834969,1777550262,294488444,0.000,0.000,0.000,0.000,0.000,100.000
2428049836418,1777550262,314490406,0.000,50.000,0.000,50.000,0.000,50.000
2428069835468,1777550262,334489615,50.000,50.000,50.000,100.000,0.000,100.000
2428089835157,1777550262,354489081,50.000,66.667,0.000,0.000,50.000,66.667
2428109837855,1777550262,374491458,0.000,0.000,0.000,0.000,0.000,50.000
2428129835784,1777550262,394489580,0.000,0.000,100.000,0.000,0.000,0.000
2428149836690,1777550262,414495702,0.000,50.000,50.000,50.000,0.000,0.000
2428169836827,1777550262,434495743,0.000,50.000,50.000,0.000,100.000,100.000
2428189838917,1777550262,454492680,50.000,100.000,0.000,0.000,0.000,0.000
2428209841006,1777550262,474494706,0.000,0.000,0.000,0.000,50.000,0.000
2428229838616,1777550262,494492539,0.000,0.000,0.000,50.000,0.000,0.000
2428249840225,1777550262,514494309,0.000,0.000,50.000,0.000,0.000,50.000
2428269835114,1777550262,534494191,0.000,0.000,0.000,50.000,100.000,100.000
2428289838260,1777550262,554492248,50.000,0.000,0.000,0.000,50.000,100.000
2428309841246,1777550262,574495234,0.000,50.000,0.000,0.000,0.000,100.000
2428329837095,1777550262,594491307,50.000,50.000,50.000,75.000,0.000,66.667
2428349836656,1777550262,614495701,0.000,0.000,0.000,50.000,50.000,66.667
2428369835674,1777550262,634489373,0.000,0.000,0.000,50.000,50.000,100.000
2428389835651,1777550262,654489351,0.000,100.000,0.000,0.000,0.000,100.000
2428409835981,1777550262,674489712,0.000,0.000,0.000,50.000,0.000,50.000
2428429843511,1777550262,694497563,50.000,0.000,50.000,50.000,0.000,100.000
2428449836128,1777550262,714490019,50.000,0.000,0.000,50.000,0.000,100.000
2428469838569,1777550262,734492045,100.000,0.000,0.000,0.000,0.000,50.000
2428489838323,1777550262,754491734,0.000,50.000,0.000,0.000,0.000,100.000
2428509839452,1777550262,774492864,0.000,0.000,0.000,0.000,100.000,100.000
2428529836005,1777550262,794489577,50.000,50.000,0.000,50.000,0.000,100.000
2428549839887,1777550262,814493363,100.000,0.000,0.000,50.000,0.000,100.000
2428569837945,1777550262,834491964,0.000,0.000,0.000,0.000,100.000,0.000
2428589836290,1777550262,854489766,0.000,50.000,0.000,0.000,0.000,50.000
2428609837995,1777550262,874491695,50.000,0.000,0.000,0.000,0.000,50.000
2428629835125,1777550262,894488888,50.000,50.000,100.000,50.000,0.000,50.000
2428649836734,1777550262,914490754,50.000,0.000,100.000,50.000,0.000,50.000
2428669842600,1777550262,934496396,0.000,0.000,0.000,100.000,0.000,100.000
2428689846514,1777550262,954500246,100.000,0.000,0.000,0.000,50.000,100.000
2428709836251,1777550262,974489950,0.000,0.000,50.000,50.000,0.000,100.000
2428729836452,1777550262,994490472,50.000,100.000,0.000,0.000,0.000,50.000
2428749838446,1777550263,14492370,0.000,50.000,0.000,0.000,0.000,50.000
2428769840856,1777550263,34494107,100.000,0.000,0.000,0.000,0.000,50.000
2428789843201,1777550263,54496869,50.000,100.000,100.000,50.000,0.000,100.000
2428809841579,1777550263,74495054,50.000,0.000,50.000,0.000,0.000,100.000
2428829835987,1777550263,94489271,0.000,100.000,0.000,50.000,50.000,50.000
2428849841758,1777550263,114495777,0.000,0.000,0.000,100.000,100.000,50.000
2428869838887,1777550263,134492650,0.000,0.000,100.000,0.000,0.000,0.000
2428889840752,1777550263,154494132,0.000,100.000,0.000,0.000,100.000,50.000
2428909839770,1777550263,174493053,0.000,50.000,50.000,50.000,50.000,100.000
2428929845860,1777550263,194500104,50.000,0.000,0.000,0.000,0.000,50.000
2428949846541,1777550263,214499121,0.000,0.000,0.000,50.000,50.000,100.000
2428969836950,1777550263,234495706,0.000,50.000,100.000,0.000,50.000,66.667
2428989835263,1777550263,254488963,100.000,100.000,0.000,0.000,0.000,0.000
2429009952821,1777550263,274612249,0.000,50.000,66.667,0.000,0.000,0.000
2429029837234,1777550263,294490742,50.000,0.000,0.000,0.000,50.000,50.000
2429049836540,1777550263,314495968,0.000,50.000,0.000,0.000,0.000,50.000
2429069838117,1777550263,334492137,50.000,100.000,100.000,50.000,0.000,100.000
2429089838383,1777550263,354492466,66.667,100.000,100.000,50.000,0.000,50.000
2429109837976,1777550263,374492060,50.000,100.000,0.000,0.000,0.000,0.000
2429129838242,1777550263,394492613,0.000,0.000,0.000,50.000,0.000,0.000
2429149836043,1777550263,414490319,0.000,50.000,50.000,50.000,0.000,50.000
2429169838133,1777550263,434491768,50.000,50.000,0.000,0.000,50.000,50.000
2429189836990,1777550263,454490658,100.000,0.000,50.000,50.000,50.000,50.000
2429209839944,1777550263,474493931,0.000,0.000,0.000,50.000,50.000,100.000
2429229845330,1777550263,494498997,0.000,0.000,0.000,50.000,50.000,100.000
2429249837114,1777550263,514491422,0.000,100.000,50.000,0.000,0.000,50.000
2429269838820,1777550263,534493160,66.667,0.000,50.000,50.000,100.000,0.000
2429289836941,1777550263,554491569,100.000,0.000,50.000,0.000,50.000,66.667
2429309837079,1777550263,574490906,0.000,50.000,0.000,0.000,0.000,50.000
2429329839969,1777550263,594493476,50.000,50.000,50.000,50.000,100.000,66.667
2429349840042,1777550263,614493902,0.000,0.000,0.000,50.000,0.000,66.667
2429369835955,1777550263,634489911,50.000,50.000,100.000,50.000,0.000,100.000
2429389838013,1777550263,654492096,50.000,0.000,0.000,0.000,50.000,50.000
2429409838694,1777550263,674492234,100.000,0.000,0.000,0.000,0.000,50.000
2429429837200,1777550263,694491347,0.000,50.000,0.000,0.000,50.000,66.667
2429449840153,1777550263,714493917,100.000,0.000,50.000,100.000,100.000,0.000
2429469836482,1777550263,734490278,0.000,100.000,50.000,50.000,0.000,0.000
2429489838796,1777550263,754492496,50.000,50.000,66.667,0.000,50.000,100.000
2429509835189,1777550263,774488697,0.000,0.000,100.000,50.000,50.000,100.000
2429529840383,1777550263,794494115,0.000,0.000,0.000,0.000,50.000,0.000
2429549839721,1777550263,814493420,0.000,100.000,50.000,0.000,0.000,100.000
2429569837458,1777550263,834490517,50.000,0.000,0.000,0.000,0.000,0.000
2429589836763,1777550263,854489983,50.000,0.000,0.000,100.000,50.000,50.000
2429609839173,1777550263,874492905,0.000,0.000,66.667,0.000,0.000,50.000
2429629836782,1777550263,894490162,0.000,0.000,0.000,0.000,50.000,100.000
2429649836056,1777550263,914489147,50.000,0.000,100.000,0.000,50.000,100.000
2429669837729,1777550263,934491365,100.000,50.000,50.000,50.000,0.000,0.000
2429689838187,1777550263,954491726,0.000,100.000,100.000,100.000,0.000,100.000
2429709836404,1777550263,974489560,50.000,0.000,0.000,0.000,50.000,50.000
2429729836414,1777550263,994489633,50.000,50.000,100.000,0.000,50.000,50.000
2429749837159,1777550264,14490603,66.667,0.000,0.000,0.000,50.000,100.000
2429769837649,1777550264,34491092,100.000,0.000,0.000,50.000,50.000,100.000
2429789838298,1777550264,54491838,0.000,100.000,0.000,66.667,0.000,100.000
2429809837956,1777550264,74491623,0.000,100.000,0.000,0.000,0.000,0.000
2429829835853,1777550264,94489008,50.000,0.000,50.000,50.000,100.000,50.000
2429849836406,1777550264,114489978,50.000,0.000,50.000,50.000,0.000,50.000
2429869837888,1777550264,134491300,0.000,100.000,0.000,50.000,50.000,100.000
2429889838505,1777550264,154492269,0.000,0.000,0.000,0.000,0.000,100.000
2429909837715,1777550264,174491415,66.667,50.000,0.000,0.000,0.000,0.000
2429929838236,1777550264,194492416,0.000,0.000,0.000,0.000,50.000,50.000
2429949838790,1777550264,214492778,0.000,0.000,0.000,50.000,100.000,0.000
2429969839951,1777550264,234494771,0.000,0.000,0.000,100.000,50.000,0.000
2429989837817,1777550264,254491740,0.000,66.667,0.000,0.000,0.000,0.000
2430009836322,1777550264,274490374,0.000,50.000,0.000,0.000,50.000,0.000
2430029840652,1777550264,294494608,50.000,0.000,50.000,50.000,50.000,100.000
2430049835605,1777550264,314489849,0.000,50.000,0.000,0.000,50.000,50.000
2430069837791,1777550264,334492034,0.000,0.000,50.000,50.000,100.000,50.000
2430089837960,1777550264,354491756,0.000,66.667,100.000,0.000,0.000,50.000
2430109837425,1777550264,374490997,66.667,0.000,0.000,50.000,0.000,0.000
2430129838203,1777550264,394492223,50.000,0.000,0.000,0.000,50.000,100.000
2430149837572,1777550264,414491560,50.000,100.000,0.000,50.000,50.000,0.000
2430169835278,1777550264,434489073,50.000,0.000,0.000,0.000,0.000,66.667
2430189837655,1777550264,454491003,0.000,0.000,50.000,0.000,0.000,0.000
2430209838593,1777550264,474492197,0.000,66.667,0.000,0.000,0.000,50.000
2430229835018,1777550264,494488014,50.000,50.000,50.000,0.000,50.000,50.000
2430249838772,1777550264,514492504,100.000,100.000,0.000,0.000,50.000,0.000
2430269835581,1777550264,534489313,100.000,50.000,50.000,100.000,0.000,100.000
2430289837159,1777550264,554490986,0.000,50.000,0.000,0.000,0.000,0.000
2430309837456,1777550264,574490772,0.000,0.000,50.000,0.000,0.000,0.000
2430329833657,1777550264,594487581,100.000,0.000,0.000,0.000,0.000,50.000
2430349841380,1777550264,614494247,100.000,100.000,0.000,50.000,50.000,50.000
2430369837869,1777550264,634491248,50.000,0.000,0.000,50.000,50.000,50.000
2430389839606,1777550264,654493146,50.000,0.000,0.000,50.000,0.000,50.000
2430409836415,1777550264,674489571,0.000,100.000,0.000,0.000,0.000,0.000
2430429837545,1777550264,694491053,0.000,0.000,0.000,100.000,0.000,50.000
2430449838387,1777550264,714491702,50.000,0.000,50.000,0.000,50.000,100.000
2430469838396,1777550264,734492000,0.000,0.000,0.000,50.000,0.000,50.000
2430489838790,1777550264,754491945,0.000,0.000,0.000,100.000,0.000,50.000
2430509839311,1777550264,774493139,100.000,0.000,50.000,50.000,0.000,0.000
2430529835256,1777550264,794489212,100.000,50.000,0.000,0.000,0.000,50.000
2430549835970,1777550264,814490021,0.000,50.000,0.000,100.000,0.000,0.000
2430569846636,1777550264,834500592,100.000,0.000,0.000,50.000,0.000,0.000
2430589838645,1777550264,854492024,0.000,0.000,0.000,0.000,0.000,100.000
2430609836958,1777550264,874490434,0.000,0.000,0.000,50.000,50.000,100.000
2430629836872,1777550264,894490475,50.000,50.000,0.000,0.000,0.000,50.000
2430649837329,1777550264,914490389,0.000,50.000,50.000,0.000,0.000,100.000
2430669836827,1777550264,934490590,0.000,50.000,0.000,0.000,50.000,50.000
2430689986164,1777550264,954639191,50.000,50.000,0.000,100.000,100.000,0.000
2430709836717,1777550264,974489777,0.000,0.000,0.000,0.000,0.000,100.000
2430729836087,1777550264,994489370,66.667,50.000,50.000,0.000,0.000,100.000
2430749840353,1777550265,14493252,0.000,0.000,0.000,100.000,100.000,0.000
2430769838634,1777550265,34492526,50.000,0.000,100.000,0.000,100.000,50.000
2430789836627,1777550265,54490455,50.000,50.000,0.000,50.000,50.000,100.000
2430809837405,1777550265,74491585,0.000,0.000,50.000,100.000,50.000,100.000
2430829834790,1777550265,94488170,0.000,0.000,0.000,0.000,0.000,66.667
2430849836304,1777550265,114489523,0.000,0.000,0.000,0.000,0.000,66.667
2430869835705,1777550265,134489373,50.000,0.000,0.000,0.000,0.000,0.000
2430889837795,1777550265,154491654,0.000,66.667,0.000,0.000,0.000,100.000
2430909838092,1777550265,174491664,0.000,0.000,0.000,0.000,50.000,50.000
2430929835989,1777550265,194489433,0.000,0.000,0.000,100.000,50.000,100.000
2430949836255,1777550265,214489763,0.000,0.000,0.000,0.000,0.000,100.000
2430969837865,1777550265,234491308,100.000,50.000,0.000,0.000,50.000,50.000
2430989837298,1777550265,254490710,0.000,50.000,100.000,0.000,100.000,0.000
2431009836315,1777550265,274489759,0.000,100.000,0.000,0.000,100.000,100.000
2431029836517,1777550265,294489737,100.000,66.667,0.000,0.000,50.000,0.000
2431049810284,1777550265,314463727,0.000,66.667,0.000,0.000,50.000,0.000
2431069835192,1777550265,334488923,0.000,0.000,50.000,0.000,0.000,100.000
2431089836097,1777550265,354489829,0.000,100.000,50.000,0.000,50.000,0.000
2431109838859,1777550265,374492207,100.000,0.000,0.000,0.000,0.000,0.000
2431129837396,1777550265,394491128,0.000,0.000,0.000,0.000,0.000,0.000
2431149840414,1777550265,414494402,50.000,0.000,0.000,50.000,100.000,0.000
2431169837319,1777550265,434490091,0.000,0.000,100.000,50.000,0.000,0.000
2431189836145,1777550265,454488916,0.000,0.000,0.000,50.000,100.000,50.000
2431209836634,1777550265,474489630,50.000,0.000,50.000,0.000,100.000,0.000
2431229836516,1777550265,494489735,50.000,0.000,0.000,0.000,0.000,100.000
2431249837357,1777550265,514490929,50.000,0.000,100.000,50.000,0.000,0.000
2431269837399,1777550265,534491290,50.000,0.000,0.000,0.000,0.000,0.000
2431289837856,1777550265,554491716,0.000,100.000,0.000,0.000,0.000,50.000
2431309837130,1777550265,574491085,50.000,50.000,0.000,50.000,0.000,50.000
2431329837395,1777550265,594491383,100.000,0.000,50.000,50.000,0.000,0.000
2431349835932,1777550265,614489568,0.000,0.000,0.000,0.000,0.000,50.000
2431369835846,1777550265,634489385,0.000,0.000,0.000,0.000,0.000,50.000
2431389839216,1777550265,654493299,0.000,0.000,0.000,0.000,0.000,100.000
2431409839033,1777550265,674492861,0.000,50.000,0.000,0.000,50.000,0.000
2431429838370,1777550265,694492518,0.000,0.000,0.000,0.000,50.000,100.000
2431449835724,1777550265,714489583,50.000,100.000,100.000,0.000,0.000,0.000
2431469840950,1777550265,734494105,100.000,50.000,50.000,0.000,0.000,0.000
2431489839103,1777550265,754492483,0.000,50.000,50.000,0.000,0.000,50.000
2431509838376,1777550265,774491500,50.000,50.000,0.000,0.000,50.000,0.000
2431529836754,1777550265,794489781,0.000,50.000,50.000,0.000,0.000,50.000
2431549837115,1777550265,814490015,0.000,100.000,0.000,0.000,0.000,0.000
2431569838821,1777550265,834492296,0.000,0.000,100.000,0.000,0.000,0.000
2431589837358,1777550265,854490386,0.000,50.000,50.000,0.000,0.000,50.000
2431609837560,1777550265,874490971,0.000,0.000,0.000,0.000,0.000,0.000
2431629836417,1777550265,894489477,66.667,0.000,0.000,50.000,0.000,100.000
2431649838379,1777550265,914491310,100.000,0.000,0.000,0.000,100.000,0.000
2431669838324,1777550265,934491736,0.000,0.000,0.000,0.000,0.000,0.000
2431689835741,1777550265,954488897,0.000,0.000,0.000,0.000,0.000,0.000
2431709838055,1777550265,974491563,0.000,50.000,50.000,0.000,0.000,50.000
2431729836720,1777550265,994490132,0.000,0.000,0.000,50.000,0.000,0.000
2431749836602,1777550266,14489821,0.000,50.000,0.000,0.000,100.000,66.667
2431769812993,1777550266,34466852,0.000,50.000,0.000,0.000,0.000,66.667
2431789839149,1777550266,54491985,100.000,50.000,100.000,50.000,0.000,0.000
2431809837750,1777550266,74490714,100.000,0.000,0.000,0.000,0.000,50.000
2431829836800,1777550266,94489987,0.000,50.000,50.000,0.000,0.000,0.000
2431849837097,1777550266,114489933,100.000,0.000,100.000,0.000,0.000,100.000
2431869837619,1777550266,134491158,0.000,66.667,50.000,100.000,50.000,0.000
2431889837020,1777550266,154490464,0.000,0.000,50.000,0.000,0.000,50.000
2431909838118,1777550266,174491465,0.000,0.000,0.000,0.000,0.000,50.000
2431929838479,1777550266,194491763,50.000,50.000,0.000,50.000,50.000,0.000
2431949841177,1777550266,214494237,100.000,0.000,100.000,0.000,0.000,50.000
2431969838722,1777550266,234492134,50.000,50.000,0.000,66.667,100.000,0.000
2431989838988,1777550266,254492655,0.000,50.000,50.000,0.000,0.000,100.000
2432009837909,1777550266,274491545,0.000,50.000,50.000,0.000,0.000,0.000
2432029837886,1777550266,294491522,0.000,0.000,50.000,0.000,66.667,100.000
2432049838248,1777550266,314491980,0.000,0.000,0.000,100.000,0.000,0.000
2432069837361,1777550266,334490837,100.000,0.000,0.000,0.000,0.000,0.000
2432089837115,1777550266,354490462,0.000,0.000,0.000,50.000,0.000,0.000
2432109835492,1777550266,374488872,0.000,50.000,50.000,50.000,0.000,0.000
2432129838254,1777550266,394491601,0.000,100.000,0.000,0.000,0.000,50.000
2432149838487,1777550266,414491995,0.000,0.000,0.000,50.000,0.000,100.000
2432169838465,1777550266,434491940,0.000,100.000,0.000,0.000,0.000,100.000
2432189838506,1777550266,454492142,100.000,100.000,0.000,100.000,100.000,0.000
2432209835987,1777550266,474490551,100.000,0.000,0.000,0.000,0.000,50.000
2432229837117,1777550266,494491009,100.000,0.000,0.000,66.667,0.000,50.000
2432249837222,1777550266,514491242,100.000,0.000,0.000,100.000,50.000,0.000
2432269836624,1777550266,534490356,100.000,50.000,0.000,0.000,0.000,0.000
2432289837978,1777550266,554491293,0.000,0.000,50.000,0.000,0.000,50.000
2432309835427,1777550266,574488518,0.000,0.000,0.000,50.000,0.000,0.000
2432329836588,1777550266,594490384,0.000,0.000,0.000,100.000,50.000,50.000
2432349835830,1777550266,614490041,0.000,0.000,0.000,0.000,0.000,0.000
2432369835615,1777550266,634489059,0.000,0.000,0.000,0.000,0.000,0.000
2432389835785,1777550266,654488844,100.000,0.000,0.000,0.000,0.000,0.000
2432409838066,1777550266,674491222,0.000,50.000,0.000,0.000,0.000,100.000
2432429835676,1777550266,694489055,50.000,66.667,50.000,0.000,100.000,50.000
2432449835557,1777550266,714489257,50.000,0.000,0.000,100.000,0.000,50.000
2432469841967,1777550266,734495603,50.000,50.000,100.000,0.000,0.000,100.000
2432489838712,1777550266,754492924,0.000,0.000,0.000,0.000,100.000,0.000
2432509838306,1777550266,774492325,0.000,100.000,0.000,100.000,50.000,50.000
2432529836491,1777550266,794490383,100.000,0.000,50.000,50.000,0.000,0.000
2432549838677,1777550266,814492632,0.000,50.000,50.000,0.000,50.000,0.000
2432569841694,1777550266,834495458,0.000,0.000,0.000,0.000,50.000,0.000
2432589837415,1777550266,854491307,50.000,0.000,66.667,0.000,0.000,100.000
2432609836881,1777550266,874491221,0.000,0.000,0.000,0.000,0.000,100.000
2432629835354,1777550266,894489246,0.000,100.000,0.000,0.000,50.000,100.000
2432649838052,1777550266,914491912,0.000,0.000,0.000,100.000,0.000,100.000
2432669838125,1777550266,934492017,0.000,0.000,0.000,0.000,0.000,100.000
2432689834550,1777550266,954488250,0.000,50.000,0.000,50.000,0.000,0.000
2432709837024,1777550266,974490724,0.000,0.000,0.000,0.000,100.000,50.000
2432729837770,1777550266,994491597,0.000,0.000,0.000,0.000,50.000,0.000
2432749837651,1777550267,14491191,0.000,0.000,0.000,50.000,50.000,50.000
2432769838461,1777550267,34492096,50.000,0.000,0.000,100.000,0.000,0.000
2432789838406,1777550267,54491850,0.000,0.000,0.000,0.000,66.667,0.000
2432809838192,1777550267,74492051,50.000,0.000,0.000,50.000,50.000,100.000
2432829839225,1777550267,94493117,0.000,0.000,0.000,0.000,50.000,0.000
2432849841731,1777550267,114495783,0.000,0.000,0.000,50.000,0.000,100.000
2432869841388,1777550267,134495408,0.000,0.000,0.000,0.000,50.000,0.000
2432889835509,1777550267,154489561,0.000,0.000,0.000,0.000,50.000,0.000
2432909837407,1777550267,174491107,50.000,0.000,0.000,0.000,100.000,100.000
2432929837992,1777550267,194491628,0.000,50.000,100.000,0.000,50.000,100.000
2432949838866,1777550267,214492470,0.000,0.000,0.000,0.000,0.000,100.000
2432969838363,1777550267,234492223,0.000,0.000,0.000,0.000,0.000,100.000
2432989837061,1777550267,254490792,0.000,0.000,0.000,50.000,100.000,100.000
2433009841039,1777550267,274494962,0.000,0.000,0.000,0.000,0.000,100.000
2433029835063,1777550267,294489083,0.000,0.000,0.000,0.000,0.000,50.000
2433049836705,1777550267,314490341,100.000,0.000,0.000,50.000,0.000,100.000
2433069838283,1777550267,334492142,0.000,50.000,50.000,0.000,50.000,66.667
2433089837780,1777550267,354491672,50.000,0.000,50.000,0.000,100.000,66.667
2433109838782,1777550267,374492641,0.000,0.000,50.000,50.000,0.000,100.000
2433129835399,1777550267,394488907,0.000,100.000,0.000,0.000,100.000,0.000
2433149838225,1777550267,414492180,50.000,0.000,0.000,0.000,50.000,0.000
2433169837690,1777550267,434490750,0.000,66.667,0.000,50.000,0.000,50.000
2433189838020,1777550267,454491047,50.000,0.000,100.000,0.000,0.000,50.000
2433209836845,1777550267,474490641,50.000,100.000,0.000,0.000,50.000,100.000
2433229837718,1777550267,494491226,0.000,100.000,50.000,50.000,50.000,100.000
2433249838048,1777550267,514491428,0.000,0.000,100.000,0.000,0.000,0.000
2433269840874,1777550267,534494221,0.000,50.000,0.000,0.000,0.000,100.000
2433289837107,1777550267,554490870,50.000,0.000,0.000,0.000,50.000,0.000
2433309836092,1777550267,574489728,0.000,0.000,0.000,50.000,0.000,50.000
2433329837830,1777550267,594491882,0.000,50.000,100.000,50.000,0.000,0.000
2433349834575,1777550267,614488499,50.000,0.000,50.000,50.000,0.000,0.000
2433369836505,1777550267,634489980,66.667,0.000,0.000,0.000,0.000,0.000
2433389835842,1777550267,654489030,50.000,0.000,0.000,50.000,50.000,0.000
2433409838188,1777550267,674491951,100.000,0.000,0.000,66.667,0.000,50.000
2433429838677,1777550267,694492185,0.000,0.000,0.000,0.000,0.000,0.000
2433449837343,1777550267,714491362,0.000,50.000,0.000,100.000,50.000,50.000
2433469836296,1777550267,734490028,0.000,0.000,50.000,0.000,0.000,100.000
2433489837457,1777550267,754491381,50.000,50.000,0.000,50.000,0.000,50.000
2433509837435,1777550267,774491551,0.000,50.000,50.000,50.000,50.000,0.000
2433529834852,1777550267,794488616,50.000,0.000,100.000,0.000,100.000,0.000
2433549836174,1777550267,814489617,0.000,0.000,0.000,0.000,0.000,0.000
2433569835895,1777550267,834489275,50.000,0.000,0.000,0.000,0.000,50.000
2433589836737,1777550267,854490052,50.000,50.000,100.000,0.000,0.000,0.000
2433609836746,1777550267,874490542,0.000,0.000,0.000,66.667,0.000,50.000
2433629836692,1777550267,894490295,50.000,0.000,0.000,0.000,50.000,0.000
2433649838173,1777550267,914492033,0.000,50.000,50.000,0.000,0.000,50.000
2433669838343,1777550267,934492106,50.000,0.000,50.000,0.000,0.000,50.000
2433689838480,1777550267,954492308,0.000,50.000,0.000,0.000,0.000,0.000
2433709835705,1777550267,974489725,0.000,0.000,0.000,50.000,100.000,50.000
2433729836387,1777550267,994490343,50.000,50.000,50.000,0.000,0.000,50.000
2433749831596,1777550268,14491120,0.000,0.000,0.000,50.000,50.000,50.000
2433769836566,1777550268,34490362,0.000,50.000,0.000,0.000,0.000,100.000
2433789836383,1777550268,54490115,0.000,0.000,0.000,0.000,0.000,0.000
2433809836457,1777550268,74490637,50.000,50.000,50.000,100.000,50.000,50.000
2433829838291,1777550268,94492054,0.000,0.000,100.000,0.000,0.000,100.000
2433849837180,1777550268,114490816,100.000,0.000,50.000,50.000,50.000,100.000
2433869837221,1777550268,134490697,0.000,100.000,0.000,50.000,0.000,0.000
2433889836143,1777550268,154489778,0.000,100.000,0.000,0.000,0.000,50.000
2433909837400,1777550268,174490908,50.000,50.000,50.000,0.000,0.000,50.000
2433929836994,1777550268,194490469,50.000,50.000,100.000,0.000,0.000,100.000
2433949838955,1777550268,214493007,50.000,0.000,0.000,0.000,0.000,0.000
2433969839029,1777550268,234492825,0.000,50.000,0.000,0.000,0.000,50.000
2433989837630,1777550268,254491426,50.000,0.000,0.000,0.000,0.000,0.000
2434009839080,1777550268,274492299,50.000,0.000,0.000,50.000,50.000,0.000
2434029837905,1777550268,294491669,50.000,0.000,0.000,50.000,0.000,0.000
2434049837851,1777550268,314492030,50.000,100.000,0.000,0.000,0.000,0.000
2434069838372,1777550268,334492264,50.000,0.000,0.000,0.000,50.000,50.000
2434089838798,1777550268,354492721,0.000,0.000,0.000,0.000,50.000,0.000
2434109838807,1777550268,374492795,50.000,0.000,0.000,0.000,50.000,50.000
2434129839777,1777550268,394493732,0.000,66.667,0.000,66.667,0.000,0.000
2434149851211,1777550268,414505711,0.000,0.000,0.000,0.000,0.000,100.000
2434169841652,1777550268,434495544,0.000,0.000,0.000,0.000,100.000,100.000
2434189839741,1777550268,454493537,0.000,0.000,0.000,0.000,50.000,100.000
2434209838598,1777550268,474492266,50.000,0.000,50.000,0.000,50.000,100.000
2434229839376,1777550268,494493012,0.000,0.000,0.000,0.000,50.000,50.000
2434249842298,1777550268,514496317,0.000,0.000,0.000,0.000,0.000,100.000
2434269840131,1777550268,534493639,0.000,0.000,0.000,100.000,50.000,100.000
2434289839468,1777550268,554493584,100.000,50.000,0.000,0.000,0.000,50.000
2434309837622,1777550268,574491321,50.000,0.000,0.000,0.000,0.000,100.000
2434329840991,1777550268,594494691,0.000,50.000,50.000,0.000,100.000,50.000
2434349842249,1777550268,614495437,50.000,50.000,0.000,0.000,100.000,100.000
2434369840370,1777550268,634494230,0.000,100.000,0.000,50.000,0.000,100.000
2434389839484,1777550268,654493279,0.000,0.000,0.000,0.000,0.000,50.000
2434409838405,1777550268,674492265,100.000,100.000,50.000,0.000,0.000,100.000
2434429838415,1777550268,694491986,0.000,0.000,0.000,0.000,0.000,100.000
2434449836824,1777550268,714490844,0.000,0.000,50.000,0.000,0.000,100.000
2434469839874,1777550268,734493829,0.000,0.000,0.000,0.000,50.000,100.000
2434489838027,1777550268,754491887,0.000,0.000,100.000,50.000,50.000,100.000
2434509839669,1777550268,774493400,0.000,0.000,0.000,50.000,0.000,50.000
2434529840638,1777550268,794494402,50.000,0.000,0.000,0.000,0.000,100.000
2434549849385,1777550268,814503116,0.000,0.000,0.000,0.000,0.000,100.000
2434569839089,1777550268,834492597,0.000,50.000,0.000,100.000,50.000,100.000
2434589837626,1777550268,854491454,0.000,0.000,0.000,0.000,50.000,0.000
2434609837604,1777550268,874491207,100.000,50.000,0.000,0.000,50.000,100.000
2434629845678,1777550268,894499122,50.000,100.000,0.000,0.000,0.000,100.000
2434649843799,1777550268,914497211,0.000,0.000,0.000,0.000,0.000,0.000
2434669839104,1777550268,934492612,50.000,0.000,0.000,50.000,100.000,50.000
2434689836937,1777550268,954490605,50.000,0.000,50.000,0.000,50.000,100.000
2434709841971,1777550268,974495767,0.000,0.000,0.000,0.000,100.000,50.000
2434729837692,1777550268,994491264,0.000,0.000,0.000,0.000,0.000,100.000
2434749846119,1777550269,14499435,50.000,0.000,50.000,50.000,0.000,100.000
2434769838864,1777550269,34492403,50.000,0.000,0.000,0.000,50.000,50.000
2434789838425,1777550269,54492093,100.000,100.000,0.000,50.000,100.000,100.000
2434809840003,1777550269,74493734,0.000,50.000,0.000,50.000,0.000,100.000
2434829844589,1777550269,94497968,50.000,50.000,0.000,0.000,0.000,50.000
2434850110354,1777550269,114764118,0.000,0.000,0.000,0.000,0.000,100.000
2434869844383,1777550269,134498275,50.000,0.000,0.000,0.000,100.000,100.000
2434889841289,1777550269,154495372,0.000,50.000,0.000,0.000,100.000,100.000
2434909840722,1777550269,174494582,0.000,0.000,0.000,50.000,0.000,50.000
2434929844060,1777550269,194498368,0.000,0.000,100.000,0.000,50.000,100.000
2434949840741,1777550269,214494761,0.000,0.000,0.000,0.000,0.000,50.000
2434969842607,1777550269,234496210,0.000,0.000,0.000,0.000,100.000,100.000
2434989839736,1777550269,254493211,0.000,0.000,100.000,0.000,100.000,50.000
2435009843106,1777550269,274497221,0.000,50.000,50.000,50.000,50.000,0.000
2435029836842,1777550269,294490222,100.000,0.000,0.000,0.000,100.000,100.000
2435049839508,1777550269,314493240,50.000,0.000,0.000,50.000,0.000,100.000
2435069838622,1777550269,334492065,50.000,0.000,0.000,0.000,100.000,50.000
2435089839111,1777550269,354492875,0.000,0.000,0.000,0.000,0.000,0.000
2435109836976,1777550269,374490996,0.000,0.000,0.000,100.000,50.000,100.000
2435129837594,1777550269,394491614,0.000,0.000,0.000,0.000,0.000,50.000
2435149840164,1777550269,414494183,0.000,0.000,0.000,0.000,100.000,100.000
2435169831276,1777550269,434483696,50.000,50.000,100.000,0.000,50.000,0.000
2435189837110,1777550269,454491290,0.000,50.000,0.000,0.000,0.000,100.000
2435209839712,1777550269,474493252,100.000,0.000,0.000,0.000,66.667,100.000
2435229837225,1777550269,494490701,0.000,0.000,0.000,0.000,0.000,50.000
2435249839571,1777550269,514493527,0.000,0.000,0.000,100.000,0.000,100.000
2435269837660,1777550269,534491712,0.000,0.000,0.000,0.000,0.000,100.000
2435289836101,1777550269,554489897,0.000,50.000,100.000,50.000,0.000,100.000
2435309836271,1777550269,574490387,0.000,0.000,50.000,0.000,50.000,50.000
2435329838137,1777550269,594492284,0.000,0.000,0.000,0.000,50.000,50.000
2435349841698,1777550269,614495686,50.000,0.000,0.000,0.000,0.000,0.000
2435369837899,1777550269,634491855,50.000,50.000,0.000,100.000,0.000,50.000
2435389836917,1777550269,654490649,50.000,0.000,0.000,0.000,0.000,100.000
2435409835838,1777550269,674489634,0.000,0.000,50.000,0.000,50.000,100.000
2435429836424,1777550269,694490155,0.000,0.000,0.000,0.000,50.000,100.000
2435449807502,1777550269,714461362,50.000,0.000,0.000,0.000,0.000,50.000
2435469837211,1777550269,734490974,0.000,0.000,50.000,50.000,50.000,50.000
2435489836964,1777550269,754490856,50.000,0.000,50.000,100.000,100.000,50.000
2435509837582,1777550269,774491377,50.000,0.000,0.000,0.000,100.000,50.000
2435529838551,1777550269,794492443,0.000,0.000,0.000,0.000,0.000,100.000
2435549838529,1777550269,814492100,0.000,0.000,0.000,0.000,0.000,0.000
2435569837482,1777550269,834490766,0.000,0.000,0.000,0.000,100.000,100.000
2435589837588,1777550269,854491415,0.000,0.000,0.000,66.667,0.000,50.000
2435609837885,1777550269,874491457,50.000,50.000,0.000,50.000,0.000,50.000
2435629838151,1777550269,894491946,0.000,100.000,0.000,0.000,50.000,100.000
2435649838576,1777550269,914492244,50.000,0.000,0.000,0.000,0.000,100.000
2435669839994,1777550269,934494109,100.000,100.000,50.000,0.000,0.000,50.000
2435689838147,1777550269,954491975,0.000,50.000,0.000,0.000,0.000,50.000
2435709839341,1777550269,974492976,50.000,0.000,0.000,50.000,50.000,100.000
2435729838742,1777550269,994492730,0.000,100.000,50.000,0.000,0.000,0.000
2435749857377,1777550270,14508357,0.000,0.000,0.000,0.000,0.000,0.000
2435769836105,1777550270,34490124,50.000,100.000,50.000,0.000,66.667,66.667
2435789842195,1777550270,54495926,0.000,0.000,100.000,0.000,0.000,50.000
2435809838556,1777550270,74492352,0.000,50.000,0.000,50.000,0.000,100.000
2435829836357,1777550270,94490185,50.000,0.000,0.000,0.000,0.000,0.000
2435849838287,1777550270,114492178,0.000,0.000,0.000,0.000,50.000,50.000
2435869835864,1777550270,134489500,0.000,0.000,0.000,0.000,50.000,100.000
2435889836930,1777550270,154490757,0.000,0.000,50.000,50.000,0.000,0.000
2435909837291,1777550270,174491439,0.000,0.000,0.000,0.000,0.000,100.000
2435929836628,1777550270,194490552,100.000,0.000,50.000,100.000,100.000,100.000
2435949840126,1777550270,214494146,0.000,50.000,50.000,0.000,0.000,0.000
2435969839016,1777550270,234492907,50.000,50.000,100.000,50.000,50.000,100.000
2435989837009,1777550270,254490997,50.000,50.000,50.000,50.000,0.000,100.000
2436009836762,1777550270,274490814,66.667,0.000,100.000,50.000,100.000,66.667
2436029841476,1777550270,294495304,50.000,0.000,0.000,50.000,0.000,100.000
2436049843374,1777550270,314497042,0.000,0.000,0.000,0.000,50.000,100.000
2436069842263,1777550270,334496059,0.000,0.000,50.000,0.000,50.000,0.000
2436089836128,1777550270,354490180,100.000,0.000,50.000,0.000,100.000,100.000
2436109840618,1777550270,374494254,50.000,0.000,50.000,50.000,0.000,0.000
2436129838419,1777550270,394492631,50.000,0.000,0.000,0.000,50.000,0.000
2436149837853,1777550270,414491904,0.000,50.000,0.000,50.000,50.000,100.000
2436169838950,1777550270,434492298,0.000,50.000,50.000,100.000,100.000,100.000
2436189838864,1777550270,454493043,0.000,50.000,0.000,0.000,100.000,50.000
2436209843354,1777550270,474497533,0.000,0.000,0.000,0.000,0.000,100.000
2436229837539,1777550270,494491590,0.000,0.000,0.000,0.000,0.000,100.000
2436249836140,1777550270,514490096,0.000,0.000,50.000,0.000,50.000,100.000
2436269838518,1777550270,534492313,0.000,0.000,50.000,100.000,0.000,100.000
2436289836287,1777550270,554490211,0.000,50.000,50.000,50.000,100.000,100.000
2436309836360,1777550270,574490508,0.000,0.000,0.000,0.000,50.000,0.000
2436329839314,1777550270,594493590,0.000,0.000,0.000,0.000,0.000,0.000
2436349837499,1777550270,614491615,0.000,50.000,0.000,50.000,0.000,100.000
2436369839909,1777550270,634493897,50.000,0.000,50.000,0.000,50.000,50.000
2436389844111,1777550270,654498131,0.000,0.000,50.000,0.000,0.000,100.000
2436409837720,1777550270,674491771,0.000,0.000,0.000,0.000,50.000,50.000
2436429836481,1777550270,694490245,0.000,0.000,0.000,0.000,50.000,100.000
2436449837611,1777550270,714491662,50.000,0.000,50.000,0.000,0.000,100.000
2436469837236,1777550270,734491416,50.000,50.000,100.000,100.000,50.000,0.000
2436489837790,1777550270,754491489,0.000,0.000,0.000,0.000,100.000,100.000
2436509844104,1777550270,774498091,0.000,0.000,0.000,0.000,100.000,100.000
2436529840113,1777550270,794494133,50.000,0.000,0.000,0.000,0.000,50.000
2436549834266,1777550270,814488221,0.000,100.000,0.000,0.000,50.000,100.000
2436569838212,1777550270,834492167,50.000,50.000,0.000,50.000,0.000,100.000
2436589835661,1777550270,854489424,0.000,50.000,50.000,50.000,100.000,50.000
2436609801395,1777550270,874455350,0.000,0.000,0.000,0.000,0.000,50.000
2436629839104,1777550270,894493284,50.000,50.000,50.000,50.000,0.000,50.000
2436649838473,1777550270,914492141,0.000,0.000,0.000,50.000,0.000,50.000
2436669838067,1777550270,934492183,0.000,100.000,66.667,0.000,100.000,100.000
2436689836668,1777550270,954490656,75.000,66.667,100.000,0.000,50.000,50.000
2436709839174,1777550270,974493002,0.000,0.000,0.000,0.000,50.000,100.000
2436729837615,1777550270,994491891,0.000,0.000,0.000,0.000,50.000,100.000
2436749837177,1777550271,14491292,100.000,0.000,0.000,0.000,0.000,50.000
2436769840803,1777550271,34494918,0.000,0.000,50.000,0.000,66.667,100.000
2436789841036,1777550271,54494960,0.000,0.000,0.000,0.000,100.000,50.000
2436809836117,1777550271,74489913,0.000,0.000,0.000,0.000,50.000,0.000
2436829836158,1777550271,94490018,50.000,50.000,0.000,0.000,50.000,100.000
2436849835592,1777550271,114489676,0.000,50.000,50.000,100.000,0.000,50.000
2436869837041,1777550271,134491125,50.000,0.000,50.000,0.000,50.000,0.000
2436889837211,1777550271,154491519,50.000,66.667,0.000,0.000,100.000,0.000
2436909838276,1777550271,174492104,0.000,50.000,0.000,50.000,100.000,50.000
2436929844463,1777550271,194498578,0.000,0.000,0.000,0.000,100.000,100.000
2436949836663,1777550271,214490651,50.000,0.000,50.000,0.000,50.000,50.000
2436969835905,1777550271,234489860,0.000,0.000,50.000,0.000,50.000,100.000
2436989838186,1777550271,254492078,100.000,0.000,0.000,0.000,50.000,100.000
2437009838676,1777550271,274492696,0.000,0.000,0.000,0.000,0.000,66.667
2437029838397,1777550271,294492065,0.000,0.000,50.000,0.000,100.000,100.000
2437049838439,1777550271,314491562,0.000,0.000,0.000,0.000,0.000,100.000
2437069838768,1777550271,334492372,50.000,0.000,50.000,0.000,66.667,50.000
2437089836634,1777550271,354490173,0.000,0.000,50.000,100.000,100.000,50.000
2437109835651,1777550271,374488935,50.000,0.000,0.000,0.000,100.000,50.000
2437129839181,1777550271,394493232,100.000,100.000,0.000,0.000,0.000,66.667
2437149837750,1777550271,414491898,0.000,0.000,0.000,0.000,0.000,66.667
2437169839744,1777550271,434492899,0.000,0.000,0.000,50.000,50.000,100.000
2437189836393,1777550271,454489805,100.000,0.000,100.000,0.000,0.000,50.000
2437209799118,1777550271,474453106,50.000,50.000,0.000,0.000,0.000,50.000
2437229836796,1777550271,494490528,100.000,0.000,0.000,0.000,0.000,100.000
2437249838181,1777550271,514491657,0.000,0.000,50.000,0.000,50.000,100.000
2437269838319,1777550271,534491507,50.000,0.000,50.000,50.000,0.000,0.000
2437289836632,1777550271,554489980,50.000,100.000,50.000,0.000,100.000,50.000
2437309841858,1777550271,574495238,100.000,0.000,50.000,0.000,0.000,0.000
2437329842796,1777550271,594496047,0.000,0.000,0.000,0.000,50.000,100.000
2437349837269,1777550271,614490872,0.000,0.000,0.000,50.000,50.000,50.000
2437369837214,1777550271,634490818,0.000,50.000,100.000,0.000,0.000,100.000
2437389837320,1777550271,654490283,0.000,50.000,0.000,0.000,50.000,0.000
2437409836177,1777550271,674489717,0.000,0.000,66.667,0.000,100.000,50.000
2437429842043,1777550271,694495327,0.000,50.000,0.000,50.000,0.000,50.000
2437449842021,1777550271,714494952,100.000,50.000,0.000,0.000,50.000,0.000
2437469836301,1777550271,734489905,50.000,50.000,50.000,50.000,50.000,50.000
2437489836535,1777550271,754489947,50.000,0.000,50.000,0.000,100.000,100.000
2437509841889,1777550271,774495429,50.000,0.000,50.000,0.000,100.000,0.000
2437529830793,1777550271,794484429,50.000,0.000,0.000,0.000,0.000,0.000
2437549838131,1777550271,814491703,0.000,50.000,0.000,50.000,0.000,50.000
2437569836829,1777550271,834490624,0.000,50.000,50.000,66.667,0.000,100.000
2437589843303,1777550271,854497451,0.000,0.000,100.000,50.000,50.000,100.000
2437609844721,1777550271,874503029,100.000,100.000,50.000,0.000,50.000,0.000
2437629841754,1777550271,894495325,0.000,0.000,50.000,0.000,50.000,50.000
2437649840899,1777550271,914494727,0.000,0.000,50.000,50.000,50.000,50.000
2437669836524,1777550271,934490032,100.000,0.000,50.000,0.000,0.000,50.000
2437689838358,1777550271,954492185,50.000,0.000,100.000,0.000,100.000,50.000
2437709843712,1777550271,974497443,0.000,0.000,0.000,0.000,0.000,100.000
2437729842633,1777550271,994496237,0.000,0.000,0.000,0.000,50.000,100.000
2437749842067,1777550272,14495702,0.000,0.000,0.000,0.000,50.000,50.000
2437769843228,1777550272,34496864,50.000,0.000,0.000,0.000,50.000,100.000
2437789837349,1777550272,54490953,100.000,0.000,0.000,0.000,100.000,0.000
2437809837678,1777550272,74490802,0.000,0.000,0.000,50.000,100.000,0.000
2437829827223,1777550272,94480474,0.000,0.000,0.000,0.000,100.000,0.000
2437849838273,1777550272,114491333,50.000,100.000,50.000,0.000,0.000,100.000
2437869839019,1777550272,134492015,50.000,0.000,0.000,0.000,100.000,100.000
2437889845717,1777550272,154498809,50.000,50.000,50.000,0.000,50.000,66.667
2437909838014,1777550272,174491265,50.000,0.000,0.000,50.000,0.000,66.667
2437929838279,1777550272,194491531,0.000,50.000,0.000,0.000,0.000,100.000
2437949839953,1777550272,214493557,50.000,0.000,0.000,0.000,100.000,50.000
2437969835546,1777550272,234488670,0.000,50.000,0.000,0.000,0.000,100.000
2437989818466,1777550272,254471653,50.000,0.000,100.000,0.000,50.000,66.667
2438009844974,1777550272,274498450,0.000,50.000,0.000,50.000,100.000,66.667
2438030566244,1777550272,295219816,100.000,0.000,50.000,0.000,0.000,50.000
2438049840288,1777550272,314493860,50.000,0.000,50.000,0.000,50.000,0.000
2438069837450,1777550272,334490765,0.000,0.000,0.000,100.000,0.000,0.000
2438089837075,1777550272,354490775,0.000,0.000,50.000,0.000,50.000,100.000
2438109836796,1777550272,374490560,100.000,50.000,50.000,0.000,0.000,50.000
2438129838054,1777550272,394491754,0.000,0.000,0.000,0.000,100.000,50.000
2438149835823,1777550272,414489715,0.000,0.000,100.000,0.000,0.000,100.000
2438169837849,1777550272,434490813,50.000,100.000,0.000,50.000,100.000,100.000
2438189838338,1777550272,454491686,50.000,0.000,50.000,0.000,66.667,100.000
2438209838732,1777550272,474492016,50.000,50.000,0.000,0.000,100.000,50.000
2438229843894,1777550272,494497114,0.000,0.000,0.000,0.000,100.000,100.000
2438249837151,1777550272,514490498,0.000,50.000,0.000,66.667,100.000,50.000
2438269838856,1777550272,534492780,50.000,0.000,0.000,0.000,0.000,50.000
2438289839090,1777550272,554492758,0.000,50.000,0.000,0.000,100.000,0.000
2438309844028,1777550272,574497696,0.000,0.000,0.000,0.000,66.667,0.000
2438329836869,1777550272,594490632,0.000,0.000,100.000,50.000,0.000,50.000
2438349837326,1777550272,614491378,0.000,0.000,0.000,0.000,0.000,0.000
2438369837784,1777550272,634491387,50.000,50.000,0.000,0.000,0.000,100.000
2438389837153,1777550272,654490821,50.000,50.000,0.000,0.000,0.000,50.000
2438409837835,1777550272,674491502,50.000,0.000,0.000,0.000,100.000,50.000
2438429838036,1777550272,694491832,100.000,50.000,0.000,0.000,0.000,0.000
2438449838301,1777550272,714492385,0.000,0.000,0.000,0.000,0.000,0.000
2438469838919,1777550272,734493291,50.000,50.000,50.000,100.000,0.000,50.000
2438489836016,1777550272,754490260,0.000,50.000,0.000,0.000,0.000,100.000
2438509837242,1777550272,774491550,0.000,0.000,0.000,100.000,0.000,100.000
2438529837027,1777550272,794490887,0.000,0.000,0.000,0.000,0.000,0.000
2438549836877,1777550272,814490672,0.000,66.667,100.000,50.000,50.000,50.000
2438569838166,1777550272,834491674,0.000,50.000,50.000,100.000,0.000,0.000
2438589837472,1777550272,854491619,100.000,50.000,0.000,0.000,50.000,100.000
2438609836489,1777550272,874490861,0.000,0.000,0.000,0.000,0.000,50.000
2438629837267,1777550272,894490870,0.000,0.000,0.000,50.000,0.000,50.000
2438649837692,1777550272,914491264,50.000,50.000,50.000,50.000,100.000,0.000
2438669837030,1777550272,934490825,50.000,0.000,50.000,0.000,0.000,0.000
2438689837999,1777550272,954491891,0.000,0.000,50.000,50.000,50.000,50.000
2438709838873,1777550272,974492220,0.000,0.000,50.000,50.000,0.000,50.000
2438729844771,1777550272,994498598,0.000,0.000,0.000,50.000,100.000,0.000
2438749839212,1777550273,14492847,0.000,0.000,0.000,0.000,0.000,50.000
2438769839349,1777550273,34493273,0.000,50.000,50.000,50.000,0.000,0.000
2438789837534,1777550273,54491362,50.000,50.000,100.000,0.000,0.000,50.000
2438809839400,1777550273,74493068,0.000,50.000,50.000,0.000,0.000,50.000
2438829837553,1777550273,94491221,0.000,50.000,0.000,0.000,0.000,0.000
2438849840827,1777550273,114494591,50.000,50.000,100.000,0.000,0.000,100.000
2438869841925,1777550273,134495880,50.000,0.000,50.000,0.000,50.000,100.000
2438889837998,1777550273,154491857,50.000,50.000,0.000,0.000,0.000,0.000
2438909840888,1777550273,174494459,66.667,0.000,50.000,0.000,0.000,100.000
2438929840289,1777550273,194493893,50.000,0.000,0.000,50.000,0.000,100.000
2438949837322,1777550273,214490958,0.000,0.000,0.000,0.000,100.000,50.000
2438969840532,1777550273,234494200,100.000,50.000,0.000,0.000,100.000,50.000
2438989837949,1777550273,254491841,0.000,50.000,50.000,66.667,0.000,100.000
2439009845255,1777550273,274499275,0.000,0.000,0.000,0.000,0.000,50.000
2439029842769,1777550273,294497012,50.000,0.000,0.000,0.000,0.000,50.000
2439049842970,1777550273,314497182,0.000,0.000,50.000,50.000,100.000,0.000
2439069837219,1777550273,334491111,66.667,0.000,0.000,0.000,0.000,100.000
2439089839181,1777550273,354493520,50.000,0.000,0.000,0.000,50.000,0.000
2439109839126,1777550273,374492826,0.000,0.000,0.000,50.000,0.000,0.000
2439129844256,1777550273,394498020,0.000,50.000,50.000,0.000,0.000,0.000
2439149841481,1777550273,414495181,0.000,0.000,0.000,50.000,0.000,0.000
2439169845587,1777550273,434499063,0.000,0.000,100.000,50.000,50.000,0.000
2439189840476,1777550273,454493792,0.000,100.000,0.000,0.000,0.000,50.000
2439209838949,1777550273,474492393,100.000,0.000,0.000,0.000,0.000,50.000
2439229838575,1777550273,494491666,100.000,100.000,50.000,100.000,50.000,0.000
2439249842521,1777550273,514495804,0.000,0.000,0.000,50.000,50.000,0.000
2439269845282,1777550273,534498886,100.000,0.000,0.000,100.000,0.000,50.000
2439289840619,1777550273,554494447,0.000,0.000,0.000,0.000,0.000,100.000
2439309842069,1777550273,574495673,0.000,0.000,100.000,0.000,0.000,100.000
2439329842366,1777550273,594496066,0.000,0.000,0.000,50.000,50.000,0.000
2439349846280,1777550273,614499052,0.000,0.000,0.000,0.000,0.000,66.667
2439369839441,1777550273,634493173,0.000,50.000,0.000,0.000,0.000,50.000
2439389840699,1777550273,654494750,100.000,50.000,0.000,50.000,0.000,100.000
2439409838788,1777550273,674492552,0.000,0.000,0.000,0.000,100.000,100.000
2439429841582,1777550273,694495377,0.000,0.000,0.000,0.000,0.000,100.000
2439449841335,1777550273,714495579,0.000,0.000,100.000,0.000,100.000,100.000
2439469840033,1777550273,734493668,0.000,0.000,0.000,0.000,0.000,100.000
2439489838282,1777550273,754492174,50.000,100.000,0.000,50.000,0.000,50.000
2439509864758,1777550273,774518330,0.000,0.000,0.000,0.000,0.000,100.000
2439529836925,1777550273,794490752,0.000,0.000,0.000,0.000,50.000,100.000
2439549851336,1777550273,814504971,0.000,0.000,0.000,0.000,0.000,0.000
2439569837936,1777550273,834491859,0.000,0.000,0.000,50.000,50.000,50.000
2439589838617,1777550273,854492445,100.000,0.000,0.000,0.000,100.000,50.000
2439609843427,1777550273,874497447,0.000,50.000,0.000,0.000,0.000,100.000
2439629838572,1777550273,894492464,100.000,50.000,0.000,0.000,0.000,50.000
2439649839126,1777550273,914492793,0.000,0.000,0.000,100.000,0.000,50.000
2439669844480,1777550273,934498659,50.000,0.000,50.000,0.000,50.000,100.000
2439689843017,1777550273,954497261,100.000,50.000,50.000,100.000,0.000,50.000
2439709843122,1777550273,974496726,0.000,0.000,0.000,0.000,50.000,100.000
2439729840796,1777550273,994494655,0.000,0.000,0.000,50.000,100.000,100.000
2439749849478,1777550274,14503402,0.000,50.000,0.000,0.000,100.000,0.000
2439769844047,1777550274,34497363,0.000,0.000,0.000,0.000,50.000,0.000
2439789837496,1777550274,54491131,0.000,0.000,100.000,50.000,0.000,0.000
2439809837953,1777550274,74491781,0.000,0.000,0.000,100.000,50.000,0.000
2439829836427,1777550274,94490030,100.000,0.000,50.000,0.000,0.000,50.000
2439849843669,1777550274,114497464,0.000,50.000,0.000,50.000,0.000,50.000
2439869836830,1777550274,134490497,0.000,0.000,0.000,50.000,50.000,0.000
2439889837767,1777550274,154491755,0.000,100.000,0.000,0.000,50.000,0.000
2439909836816,1777550274,174490612,0.000,50.000,0.000,100.000,50.000,100.000
2439929844507,1777550274,194498334,0.000,0.000,0.000,0.000,50.000,100.000
2439949839300,1777550274,214493223,0.000,0.000,0.000,0.000,100.000,0.000
2439969836429,1777550274,234490449,0.000,0.000,0.000,50.000,100.000,50.000
2439989838647,1777550274,254492858,0.000,0.000,0.000,0.000,0.000,50.000
2440009835296,1777550274,274489347,0.000,0.000,0.000,100.000,100.000,0.000
2440029837289,1777550274,294491213,0.000,100.000,0.000,0.000,100.000,0.000
2440049836563,1777550274,314490550,50.000,0.000,50.000,0.000,50.000,50.000
2440069839516,1777550274,334493280,0.000,0.000,0.000,50.000,50.000,0.000
2440089837990,1777550274,354491529,0.000,0.000,50.000,0.000,100.000,100.000
2440109841808,1777550274,374495507,0.000,0.000,0.000,0.000,100.000,0.000
2440129839161,1777550274,394492861,50.000,0.000,50.000,0.000,100.000,100.000
2440149838338,1777550274,414492230,50.000,100.000,0.000,0.000,50.000,50.000
2440855392251,1777550275,121114000,0.000,50.000,0.000,0.000,0.000,0.000
2440869839959,1777550275,134493915,50.000,0.000,100.000,0.000,100.000,0.000
2440889836288,1777550275,154489636,100.000,0.000,100.000,0.000,0.000,100.000
2440909850251,1777550275,174503247,100.000,0.000,0.000,0.000,50.000,100.000
2440929834995,1777550275,194487863,50.000,0.000,0.000,100.000,50.000,100.000
2440949836733,1777550275,214490112,0.000,50.000,0.000,50.000,0.000,0.000
2440969839046,1777550275,234492490,0.000,0.000,50.000,50.000,0.000,50.000
2440989838960,1777550275,254492884,0.000,0.000,0.000,0.000,0.000,50.000
2441009835353,1777550275,274489245,0.000,0.000,0.000,0.000,0.000,100.000
2441029845764,1777550275,294498503,100.000,0.000,0.000,0.000,100.000,0.000
2441049839564,1777550275,314492112,0.000,100.000,0.000,0.000,0.000,50.000
2441069836758,1777550275,334489657,50.000,100.000,0.000,0.000,50.000,0.000
2441089834367,1777550275,354488066,100.000,0.000,0.000,0.000,0.000,100.000
2441109834568,1777550275,374487916,0.000,0.000,0.000,50.000,0.000,0.000
2441129833458,1777550275,394486101,0.000,50.000,50.000,50.000,0.000,50.000
2441149838140,1777550275,414491583,0.000,0.000,50.000,0.000,50.000,0.000
2441169835077,1777550275,434487432,50.000,100.000,0.000,50.000,100.000,50.000
2441189836334,1777550275,454488850,50.000,0.000,0.000,0.000,50.000,0.000
2441209836952,1777550275,474489819,50.000,0.000,0.000,50.000,0.000,50.000
2441229844130,1777550275,494496870,0.000,50.000,0.000,0.000,50.000,50.000
2441249837739,1777550275,514490382,100.000,50.000,0.000,50.000,0.000,100.000
2441269839252,1777550275,534492120,0.000,0.000,0.000,50.000,100.000,100.000
2441289841918,1777550275,554495106,0.000,0.000,100.000,0.000,0.000,100.000
2441309835175,1777550275,574488555,0.000,0.000,0.000,0.000,66.667,100.000
2441329841265,1777550275,594494069,0.000,0.000,0.000,0.000,0.000,100.000
2441349840891,1777550275,614493790,0.000,50.000,0.000,0.000,0.000,100.000
2441369964337,1777550275,634617045,50.000,100.000,50.000,0.000,50.000,0.000
2441389839437,1777550275,654492785,0.000,0.000,0.000,0.000,0.000,0.000
2441410446903,1777550275,675099803,50.000,50.000,0.000,50.000,0.000,100.000
2441429838144,1777550275,694489956,100.000,50.000,50.000,0.000,0.000,100.000
2441449833353,1777550275,714485421,0.000,0.000,0.000,0.000,0.000,100.000
2441469841619,1777550275,734493687,0.000,50.000,0.000,50.000,0.000,50.000
2441489881249,1777550275,754533541,0.000,0.000,100.000,0.000,0.000,100.000
2441509843687,1777550275,774496522,50.000,0.000,0.000,0.000,0.000,0.000
2441529837039,1777550275,794489491,0.000,50.000,0.000,0.000,0.000,0.000
2441549836281,1777550275,814488700,0.000,0.000,50.000,50.000,50.000,100.000
2441569856100,1777550275,834508360,50.000,0.000,0.000,0.000,100.000,0.000
2441589853870,1777550275,854506065,50.000,0.000,0.000,50.000,0.000,100.000
2441609837877,1777550275,874490873,0.000,100.000,100.000,0.000,0.000,100.000
2441629840767,1777550275,894493251,0.000,50.000,0.000,100.000,0.000,66.667
2441649838856,1777550275,914491468,0.000,50.000,0.000,0.000,100.000,50.000
2441669884951,1777550275,934537882,50.000,0.000,0.000,0.000,0.000,50.000
2441690361907,1777550275,955019959,100.000,50.000,0.000,50.000,0.000,50.000
2441710187978,1777550275,974840973,0.000,0.000,0.000,0.000,66.667,100.000
2441729985598,1777550275,994639041,0.000,0.000,50.000,0.000,0.000,0.000
2441749853849,1777550276,14506141,0.000,50.000,0.000,0.000,100.000,100.000
2441769837921,1777550276,34490949,0.000,0.000,0.000,0.000,0.000,100.000
2441789885456,1777550276,54538131,50.000,0.000,0.000,50.000,0.000,100.000
2441809860150,1777550276,74512986,0.000,0.000,0.000,50.000,0.000,50.000
2441829837469,1777550276,94490241,0.000,0.000,0.000,0.000,100.000,100.000
2441849846920,1777550276,114500108,0.000,50.000,50.000,0.000,50.000,0.000
2441869855442,1777550276,134507830,50.000,0.000,0.000,0.000,0.000,100.000
2441889992938,1777550276,154645774,0.000,50.000,100.000,0.000,100.000,100.000
2441909946607,1777550276,174599026,66.667,50.000,0.000,50.000,100.000,100.000
2441929852814,1777550276,194505458,50.000,0.000,0.000,0.000,0.000,50.000
2441949866137,1777550276,214518557,50.000,0.000,0.000,0.000,0.000,0.000
2441969838688,1777550276,234492099,0.000,0.000,0.000,0.000,0.000,0.000
2441989839017,1777550276,254492781,0.000,0.000,0.000,50.000,0.000,100.000
2442009878359,1777550276,274530779,50.000,0.000,0.000,0.000,50.000,50.000
2442029860479,1777550276,294512962,0.000,0.000,50.000,50.000,100.000,100.000
2442049854183,1777550276,314506635,50.000,0.000,0.000,0.000,50.000,100.000
2442069848336,1777550276,334501012,0.000,0.000,0.000,0.000,0.000,50.000
2442089871548,1777550276,354524064,0.000,0.000,100.000,0.000,100.000,0.000
2442109857028,1777550276,374509352,0.000,0.000,0.000,0.000,0.000,50.000
2442129836619,1777550276,394488815,0.000,0.000,0.000,0.000,50.000,50.000
2442149843317,1777550276,414496089,50.000,0.000,50.000,50.000,66.667,0.000
2442169880259,1777550276,434532230,0.000,0.000,0.000,0.000,0.000,50.000
2442190033821,1777550276,454686912,0.000,0.000,50.000,0.000,66.667,50.000
2442209856435,1777550276,474509207,50.000,0.000,0.000,0.000,0.000,100.000
2442229842075,1777550276,494494399,0.000,0.000,0.000,0.000,50.000,50.000
2442249848869,1777550276,514501417,50.000,0.000,0.000,0.000,0.000,100.000
2442269865713,1777550276,534518644,0.000,0.000,50.000,0.000,100.000,0.000
2442289838391,1777550276,554491931,0.000,50.000,0.000,0.000,0.000,66.667
2442309859203,1777550276,574512455,0.000,50.000,0.000,0.000,66.667,100.000
2442329841387,1777550276,594494670,50.000,0.000,50.000,0.000,0.000,100.000
2442349866231,1777550276,614516346,0.000,0.000,0.000,50.000,50.000,100.000
2442369866720,1777550276,634520260,50.000,0.000,0.000,100.000,0.000,0.000
2442389840071,1777550276,654493738,50.000,0.000,0.000,0.000,0.000,0.000
2442409836592,1777550276,674489940,0.000,0.000,50.000,0.000,50.000,0.000
2442429848603,1777550276,694500958,100.000,0.000,100.000,50.000,50.000,0.000
2442449846660,1777550276,714499079,0.000,0.000,0.000,0.000,50.000,50.000
2442469837868,1777550276,734491248,0.000,0.000,0.000,0.000,0.000,0.000
2442489856632,1777550276,754508891,0.000,0.000,0.000,0.000,50.000,100.000
2442509836511,1777550276,774489699,0.000,0.000,0.000,0.000,50.000,0.000
2442529838217,1777550276,794491116,50.000,0.000,0.000,0.000,0.000,100.000
2442549837042,1777550276,814489878,0.000,0.000,0.000,0.000,0.000,100.000
2442569849565,1777550276,834501761,50.000,0.000,0.000,0.000,50.000,100.000
2442589847142,1777550276,854499498,0.000,0.000,50.000,0.000,100.000,100.000
2442609838511,1777550276,874491410,0.000,100.000,0.000,0.000,100.000,100.000
2442629851290,1777550276,894503581,0.000,100.000,100.000,50.000,0.000,0.000
2442649851651,1777550276,914503847,0.000,0.000,0.000,0.000,0.000,50.000
2442669837643,1777550276,934490959,0.000,0.000,0.000,50.000,0.000,50.000
2442689840533,1777550276,954494008,50.000,0.000,0.000,0.000,0.000,66.667
2442709841182,1777550276,974494402,0.000,0.000,0.000,0.000,0.000,100.000
2442729840008,1777550276,994493739,100.000,0.000,100.000,0.000,0.000,0.000
2442749839057,1777550277,14492501,0.000,50.000,50.000,100.000,100.000,50.000
2442769966856,1777550277,34620364,50.000,0.000,0.000,0.000,100.000,100.000
2442789854950,1777550277,54507689,0.000,100.000,0.000,0.000,0.000,100.000
2442809837933,1777550277,74490737,100.000,0.000,0.000,0.000,0.000,100.000
2442829838519,1777550277,94491418,50.000,50.000,50.000,100.000,50.000,50.000
2442849839296,1777550277,114492548,0.000,0.000,0.000,50.000,100.000,50.000
2442869897072,1777550277,134550260,0.000,0.000,0.000,0.000,0.000,100.000
2442889839187,1777550277,154493079,0.000,0.000,0.000,0.000,0.000,0.000
2442909841949,1777550277,174495201,0.000,0.000,0.000,0.000,50.000,50.000
2442929839974,1777550277,194493546,100.000,100.000,50.000,0.000,0.000,50.000
2442949874708,1777550277,214524215,100.000,0.000,0.000,0.000,50.000,0.000
2442970063441,1777550277,234717141,50.000,50.000,100.000,0.000,100.000,50.000
2442989839299,1777550277,254492486,0.000,0.000,0.000,0.000,0.000,50.000
2443009903667,1777550277,274556183,0.000,0.000,0.000,50.000,0.000,0.000
2443029836309,1777550277,294489241,0.000,0.000,0.000,0.000,50.000,100.000
2443049832990,1777550277,314486050,0.000,100.000,0.000,0.000,100.000,0.000
2443069849066,1777550277,334501581,0.000,0.000,100.000,66.667,0.000,66.667
2443089867957,1777550277,354520345,50.000,0.000,0.000,0.000,0.000,100.000
2443109834843,1777550277,374486943,0.000,0.000,0.000,0.000,0.000,100.000
2443129857671,1777550277,394510475,100.000,100.000,100.000,0.000,0.000,0.000
2443149850288,1777550277,414503091,0.000,0.000,0.000,50.000,0.000,100.000
2443169871643,1777550277,434523839,50.000,0.000,0.000,0.000,0.000,50.000
2443189834945,1777550277,454488165,0.000,50.000,0.000,0.000,50.000,0.000
2443209848844,1777550277,474501327,50.000,50.000,66.667,50.000,0.000,0.000
2443229837076,1777550277,494490072,0.000,0.000,0.000,0.000,50.000,0.000
2443249838974,1777550277,514492545,0.000,0.000,0.000,50.000,50.000,100.000
2443269996120,1777550277,534649532,100.000,100.000,0.000,0.000,50.000,0.000
2443289836560,1777550277,554489780,0.000,0.000,50.000,50.000,50.000,0.000
2443309839258,1777550277,574492926,0.000,100.000,0.000,0.000,0.000,0.000
2443329851173,1777550277,594504457,50.000,0.000,0.000,0.000,100.000,0.000
2443349841965,1777550277,614495505,0.000,50.000,0.000,0.000,100.000,0.000
2443370008745,1777550277,634661772,0.000,0.000,0.000,100.000,100.000,0.000
2443389839392,1777550277,654492804,0.000,0.000,0.000,0.000,0.000,0.000
2443409839178,1777550277,674492525,0.000,50.000,0.000,50.000,50.000,100.000
2443429835507,1777550277,694489110,0.000,0.000,50.000,0.000,0.000,50.000
2443449853662,1777550277,714506210,0.000,0.000,0.000,0.000,0.000,0.000
2443469939345,1777550277,734592468,100.000,0.000,0.000,0.000,0.000,50.000
2443489836111,1777550277,754490099,0.000,0.000,0.000,0.000,0.000,100.000
2443509836473,1777550277,774489756,0.000,0.000,0.000,0.000,0.000,50.000
2443529839842,1777550277,794493542,50.000,0.000,0.000,50.000,50.000,50.000
2443549842444,1777550277,814495248,0.000,50.000,0.000,0.000,50.000,100.000
2443569852535,1777550277,834504986,100.000,50.000,50.000,100.000,0.000,0.000
2443589845119,1777550277,854497827,100.000,0.000,50.000,0.000,50.000,100.000
2443609837768,1777550277,874490380,0.000,0.000,0.000,0.000,0.000,0.000
2443629835217,1777550277,894488309,0.000,50.000,0.000,0.000,0.000,100.000
2443649834907,1777550277,914488062,100.000,0.000,0.000,0.000,100.000,50.000
2443669837732,1777550277,934491144,100.000,50.000,50.000,66.667,50.000,50.000
2443689836078,1777550277,954489233,0.000,100.000,50.000,66.667,50.000,50.000
2443709836567,1777550277,974489051,0.000,0.000,0.000,50.000,0.000,0.000
2443729834849,1777550277,994487844,50.000,0.000,0.000,66.667,50.000,0.000
2443749844235,1777550278,14497263,0.000,0.000,100.000,100.000,50.000,0.000
2443769840884,1777550278,34494456,100.000,0.000,0.000,0.000,0.000,50.000
2443789871425,1777550278,54523524,0.000,0.000,50.000,100.000,0.000,0.000
2443809871306,1777550278,74523246,100.000,0.000,0.000,0.000,100.000,50.000
2443829840080,1777550278,94492884,0.000,0.000,0.000,0.000,0.000,0.000
2443849835865,1777550278,114488605,0.000,0.000,0.000,0.000,0.000,50.000
2443869881256,1777550278,134533835,50.000,50.000,0.000,0.000,0.000,50.000
2443889836396,1777550278,154489072,0.000,50.000,100.000,0.000,0.000,0.000
2443909838710,1777550278,174491578,0.000,50.000,0.000,0.000,0.000,100.000
2443929835583,1777550278,194488323,0.000,0.000,0.000,0.000,0.000,50.000
2443949840681,1777550278,214493421,0.000,0.000,0.000,50.000,50.000,50.000
2443969856980,1777550278,234510648,0.000,0.000,0.000,0.000,50.000,50.000
2443989848669,1777550278,254502497,0.000,0.000,0.000,50.000,0.000,50.000
2444009835589,1777550278,274488553,0.000,0.000,50.000,0.000,0.000,0.000
2444029835375,1777550278,294488274,0.000,50.000,0.000,0.000,66.667,100.000
2444049834968,1777550278,314488348,0.000,50.000,0.000,50.000,0.000,0.000
2444069888743,1777550278,334541707,0.000,0.000,100.000,100.000,0.000,0.000
2444089848012,1777550278,354501040,66.667,0.000,0.000,100.000,0.000,100.000
2444109835348,1777550278,374488408,50.000,50.000,50.000,0.000,100.000,50.000
2444129835774,1777550278,394488482,0.000,50.000,0.000,0.000,50.000,0.000
2444149818150,1777550278,414471369,0.000,0.000,50.000,50.000,0.000,0.000
2444169835473,1777550278,434487444,0.000,50.000,0.000,100.000,0.000,100.000
2444189835386,1777550278,454488414,0.000,0.000,100.000,100.000,100.000,100.000
2444209835332,1777550278,474488167,100.000,0.000,0.000,0.000,50.000,100.000
2444229834957,1777550278,494487889,0.000,0.000,0.000,50.000,100.000,50.000
2444249835255,1777550278,514488378,66.667,0.000,50.000,0.000,0.000,100.000
2444269835392,1777550278,534488420,50.000,50.000,50.000,0.000,100.000,0.000
2444289837962,1777550278,554491278,0.000,50.000,0.000,50.000,0.000,100.000
2444309835443,1777550278,574488247,0.000,0.000,0.000,0.000,50.000,100.000
2444329954889,1777550278,594606669,50.000,0.000,0.000,0.000,50.000,50.000
2444349834694,1777550278,614487626,0.000,0.000,50.000,0.000,0.000,100.000
2444369837552,1777550278,634490291,0.000,100.000,0.000,0.000,0.000,0.000
2444389836057,1777550278,654488509,100.000,0.000,50.000,50.000,100.000,0.000
2444409835619,1777550278,674488230,0.000,50.000,0.000,0.000,0.000,50.000
2444429836428,1777550278,694488720,50.000,0.000,0.000,50.000,100.000,50.000
2444449836566,1777550278,714489177,0.000,100.000,0.000,50.000,0.000,50.000
2444469833887,1777550278,734486690,0.000,50.000,100.000,50.000,0.000,0.000
2444489833704,1777550278,754486540,100.000,0.000,0.000,50.000,0.000,50.000
2444509833170,1777550278,774485333,0.000,0.000,100.000,100.000,100.000,50.000
2444529833723,1777550278,794486687,0.000,50.000,0.000,50.000,0.000,50.000
2444549840869,1777550278,814494025,0.000,50.000,0.000,50.000,0.000,0.000
2444569834734,1777550278,834488338,50.000,0.000,66.667,0.000,66.667,0.000
2444589839224,1777550278,854492732,66.667,0.000,0.000,0.000,0.000,50.000
2444609835361,1777550278,874488517,0.000,100.000,0.000,100.000,0.000,0.000
2444629836491,1777550278,894488846,50.000,50.000,100.000,0.000,50.000,50.000
2444649839413,1777550278,914492600,50.000,0.000,0.000,0.000,0.000,100.000
2444669939209,1777550278,934592812,66.667,0.000,50.000,100.000,50.000,50.000
2444689838887,1777550278,954491787,0.000,50.000,0.000,0.000,50.000,50.000
2444709835472,1777550278,974487892,100.000,0.000,0.000,0.000,0.000,50.000
2444729835642,1777550278,994488990,0.000,0.000,0.000,50.000,0.000,0.000
2444749840420,1777550279,14494184,100.000,0.000,50.000,100.000,0.000,50.000
2444769835501,1777550279,34488657,0.000,100.000,0.000,0.000,100.000,100.000
2444789956099,1777550279,54608935,100.000,0.000,50.000,0.000,50.000,66.667
2444809873220,1777550279,74526535,0.000,0.000,0.000,0.000,0.000,0.000
2444829839978,1777550279,94493357,100.000,50.000,0.000,0.000,50.000,50.000
2444849849076,1777550279,114502040,66.667,100.000,0.000,50.000,50.000,50.000
2444869870688,1777550279,134523588,0.000,0.000,50.000,0.000,100.000,50.000
2444889841030,1777550279,154493354,0.000,0.000,0.000,0.000,50.000,0.000
2444909838832,1777550279,174492563,0.000,50.000,0.000,50.000,0.000,50.000
2444929833912,1777550279,194487580,100.000,50.000,50.000,0.000,100.000,100.000
2444949834914,1777550279,214488902,50.000,0.000,0.000,0.000,0.000,0.000
2444969836588,1777550279,234490543,0.000,0.000,50.000,50.000,0.000,0.000
2444989839990,1777550279,254493529,0.000,0.000,0.000,0.000,0.000,50.000
2445009856033,1777550279,274509508,0.000,0.000,0.000,100.000,50.000,50.000
2445029839912,1777550279,294492940,50.000,0.000,50.000,100.000,0.000,66.667
2445049861460,1777550279,314514936,0.000,66.667,0.000,50.000,50.000,50.000
2445069871103,1777550279,334524546,50.000,50.000,0.000,50.000,0.000,100.000
2445089879113,1777550279,354532557,0.000,0.000,0.000,66.667,100.000,0.000
2445109835918,1777550279,374489586,50.000,0.000,0.000,0.000,50.000,66.667
2445129837880,1777550279,394490907,0.000,0.000,50.000,0.000,0.000,66.667
2445149838113,1777550279,414491749,0.000,50.000,0.000,100.000,0.000,50.000
2445169919763,1777550279,434572535,50.000,50.000,0.000,0.000,66.667,50.000
2445189840372,1777550279,454493080,50.000,0.000,0.000,0.000,0.000,0.000
2445209978316,1777550279,474631312,0.000,0.000,0.000,50.000,50.000,50.000
2445229976694,1777550279,494629849,50.000,100.000,0.000,50.000,66.667,0.000
2445249881269,1777550279,514534489,100.000,0.000,50.000,0.000,50.000,100.000
2445269840698,1777550279,534494462,0.000,0.000,0.000,0.000,0.000,0.000
2445290034776,1777550279,554688028,100.000,50.000,50.000,100.000,100.000,0.000
2445309837133,1777550279,574490224,0.000,50.000,0.000,0.000,0.000,100.000
2445329840631,1777550279,594493594,0.000,0.000,0.000,50.000,0.000,100.000
2445349847265,1777550279,614500196,0.000,50.000,50.000,0.000,100.000,100.000
2445369841546,1777550279,634494733,100.000,0.000,50.000,50.000,50.000,50.000
2445389835570,1777550279,654489238,50.000,0.000,100.000,0.000,50.000,50.000
2445409834332,1777550279,674487359,0.000,100.000,50.000,50.000,0.000,0.000
2445429835109,1777550279,694488297,50.000,0.000,50.000,0.000,100.000,50.000
2445449834031,1777550279,714487314,0.000,50.000,0.000,0.000,0.000,100.000
2445469849818,1777550279,734503101,0.000,50.000,100.000,50.000,50.000,0.000
2445490088125,1777550279,754741056,50.000,50.000,50.000,0.000,100.000,50.000
2445509830315,1777550279,774483406,0.000,0.000,0.000,0.000,100.000,50.000
2445529855319,1777550279,794508410,50.000,0.000,0.000,50.000,0.000,100.000
2445549857889,1777550279,814511652,50.000,50.000,0.000,0.000,50.000,100.000
2445569870059,1777550279,834522735,100.000,50.000,100.000,100.000,0.000,0.000
2445589909369,1777550279,854562429,0.000,50.000,100.000,50.000,100.000,100.000
2445609863037,1777550279,874515713,0.000,0.000,0.000,0.000,50.000,0.000
2445629966162,1777550279,894618933,50.000,0.000,50.000,50.000,100.000,100.000
2445649982589,1777550279,914635425,0.000,0.000,50.000,100.000,100.000,100.000
2445669857305,1777550279,934510461,0.000,0.000,50.000,50.000,0.000,50.000
2445689838177,1777550279,954492164,100.000,50.000,50.000,0.000,0.000,100.000
2445709838250,1777550279,974491534,50.000,50.000,100.000,0.000,100.000,50.000
2445729839988,1777550279,994493239,50.000,50.000,0.000,100.000,0.000,50.000
2445749840381,1777550280,14493665,50.000,100.000,0.000,0.000,0.000,50.000
2445769953587,1777550280,34607254,0.000,0.000,0.000,0.000,100.000,50.000
2445789898710,1777550280,54552250,0.000,0.000,50.000,0.000,100.000,100.000
2445809843098,1777550280,74495614,0.000,50.000,50.000,0.000,100.000,0.000
2445829839523,1777550280,94492103,50.000,50.000,0.000,100.000,100.000,50.000
2445849835212,1777550280,114488464,0.000,0.000,50.000,50.000,0.000,100.000
2445869980773,1777550280,134633961,66.667,100.000,0.000,66.667,100.000,0.000
2445889878948,1777550280,154533607,66.667,0.000,0.000,50.000,0.000,50.000
2445909838697,1777550280,174491340,100.000,50.000,100.000,0.000,50.000,66.667
2445929858900,1777550280,194511512,0.000,66.667,0.000,0.000,50.000,50.000
2445949961641,1777550280,214614412,0.000,0.000,100.000,50.000,0.000,100.000
2445969947473,1777550280,234599732,50.000,0.000,0.000,100.000,100.000,100.000
2445989926680,1777550280,254579388,100.000,0.000,0.000,0.000,50.000,100.000
2446009854074,1777550280,274506717,0.000,0.000,50.000,66.667,50.000,50.000
2446029857188,1777550280,294509799,0.000,50.000,50.000,0.000,100.000,100.000
2446049959352,1777550280,314611740,0.000,0.000,0.000,50.000,0.000,100.000
2446069931935,1777550280,334584706,100.000,0.000,50.000,0.000,50.000,100.000
2446089838462,1777550280,354491650,0.000,0.000,0.000,0.000,100.000,100.000
2446109857546,1777550280,374510413,0.000,0.000,0.000,50.000,100.000,100.000
2446129837041,1777550280,394490356,50.000,0.000,0.000,0.000,0.000,50.000
2446149842427,1777550280,414495935,100.000,50.000,50.000,100.000,0.000,100.000
2446169838916,1777550280,434491368,50.000,0.000,0.000,0.000,100.000,100.000
2446189839502,1777550280,454492785,50.000,0.000,0.000,50.000,0.000,50.000
2446209837239,1777550280,474490874,0.000,0.000,0.000,50.000,50.000,0.000
2446229854914,1777550280,494507878,50.000,0.000,50.000,50.000,50.000,100.000
2446249868621,1777550280,514521169,100.000,100.000,50.000,0.000,0.000,100.000
2446269833779,1777550280,534487542,0.000,0.000,50.000,0.000,0.000,0.000
2446289838589,1777550280,554491616,0.000,0.000,0.000,50.000,50.000,100.000
2446309840134,1777550280,574493994,100.000,50.000,50.000,100.000,66.667,50.000
2446329935034,1777550280,594588350,0.000,0.000,50.000,0.000,66.667,0.000
2446349867452,1777550280,614520640,0.000,50.000,100.000,50.000,50.000,100.000
2446369838627,1777550280,634492646,0.000,50.000,0.000,0.000,50.000,50.000
2446389841260,1777550280,654494160,50.000,0.000,0.000,50.000,0.000,100.000
2446409857880,1777550280,674511067,0.000,100.000,50.000,0.000,50.000,0.000
2446429834911,1777550280,694487874,50.000,0.000,0.000,0.000,0.000,100.000
2446449847017,1777550280,714500045,100.000,50.000,0.000,0.000,66.667,100.000
2446469836562,1777550280,734490165,100.000,0.000,100.000,0.000,66.667,100.000
2446489836443,1777550280,754489759,0.000,0.000,0.000,0.000,66.667,100.000
2446509837861,1777550280,774491144,0.000,100.000,0.000,50.000,100.000,100.000
2446529836110,1777550280,794488914,50.000,0.000,50.000,50.000,0.000,100.000
2446549864315,1777550280,814517886,0.000,0.000,50.000,0.000,100.000,100.000
2446569835265,1777550280,834493477,0.000,0.000,0.000,0.000,50.000,100.000
2446589840331,1777550280,854493615,0.000,50.000,0.000,0.000,0.000,50.000
2446609839188,1777550280,874492280,0.000,100.000,0.000,50.000,0.000,100.000
2446629840990,1777550280,894494082,50.000,100.000,50.000,50.000,0.000,50.000
2446649842376,1777550280,914495627,0.000,0.000,100.000,0.000,100.000,100.000
2446669838193,1777550280,934492116,100.000,66.667,0.000,50.000,100.000,50.000
2446689839578,1777550280,954493214,0.000,100.000,66.667,50.000,50.000,0.000
2446709839364,1777550280,974493383,0.000,0.000,50.000,50.000,100.000,100.000
2446729896883,1777550280,994550103,50.000,0.000,50.000,0.000,0.000,100.000
2446749907678,1777550281,14557633,50.000,50.000,100.000,0.000,100.000,50.000
2446769937706,1777550281,34590574,50.000,100.000,100.000,0.000,66.667,100.000
2446789860428,1777550281,54513199,100.000,0.000,66.667,50.000,0.000,100.000
2446809839635,1777550281,74492631,0.000,50.000,0.000,50.000,100.000,100.000
2446829965674,1777550281,94618701,0.000,0.000,50.000,0.000,100.000,50.000
2446849835494,1777550281,114488777,0.000,0.000,0.000,50.000,0.000,50.000
2446869835791,1777550281,134489491,50.000,50.000,0.000,0.000,0.000,100.000
2446889836889,1777550281,154490204,0.000,100.000,100.000,0.000,50.000,100.000
2446909834914,1777550281,174488005,50.000,50.000,0.000,0.000,0.000,0.000
2446929843052,1777550281,194495376,0.000,0.000,50.000,100.000,50.000,100.000
2446949865464,1777550281,214514971,50.000,50.000,50.000,50.000,100.000,100.000
2446969837214,1777550281,234490242,50.000,0.000,100.000,50.000,0.000,0.000
2446989883053,1777550281,254536080,100.000,0.000,0.000,0.000,0.000,0.000
2447009856499,1777550281,274509815,0.000,50.000,50.000,50.000,50.000,100.000
2447029836091,1777550281,294488830,0.000,50.000,0.000,0.000,0.000,100.000
2447049835652,1777550281,314489032,0.000,50.000,0.000,0.000,0.000,100.000
2447069872434,1777550281,334525269,50.000,100.000,0.000,0.000,0.000,100.000
2447089839960,1777550281,354492571,50.000,50.000,0.000,66.667,100.000,50.000
2447109838337,1777550281,374491301,50.000,0.000,50.000,0.000,66.667,66.667
2447129849164,1777550281,394501999,0.000,0.000,0.000,50.000,0.000,100.000
2447149839700,1777550281,414493400,0.000,0.000,100.000,50.000,0.000,0.000
2447169887587,1777550281,434539718,50.000,50.000,0.000,100.000,50.000,66.667
2447189839271,1777550281,454492106,0.000,50.000,100.000,0.000,50.000,66.667
2447209834928,1777550281,474488436,50.000,0.000,0.000,50.000,0.000,50.000
2447229863164,1777550281,494516000,0.000,0.000,0.000,50.000,50.000,66.667
2447249864102,1777550281,514517514,0.000,50.000,50.000,0.000,100.000,66.667
2447269845005,1777550281,534498289,0.000,0.000,0.000,50.000,100.000,66.667
2447289835990,1777550281,554488857,50.000,0.000,0.000,0.000,100.000,50.000
2447309837824,1777550281,574490787,0.000,0.000,50.000,0.000,0.000,100.000
2447329838985,1777550281,594492301,100.000,50.000,0.000,50.000,50.000,50.000
2447349836178,1777550281,614488918,0.000,0.000,100.000,0.000,100.000,100.000
2447369866303,1777550281,634518786,0.000,0.000,0.000,0.000,100.000,100.000
2447389835013,1777550281,654487529,50.000,100.000,50.000,0.000,50.000,50.000
2447409838767,1777550281,674491667,50.000,0.000,0.000,100.000,50.000,100.000
2447429839865,1777550281,694492764,50.000,100.000,0.000,0.000,0.000,0.000
2447449839170,1777550281,714491878,50.000,0.000,50.000,50.000,66.667,0.000
2447469854957,1777550281,734507953,66.667,50.000,50.000,0.000,50.000,100.000
2447489840661,1777550281,754493561,0.000,0.000,0.000,0.000,0.000,100.000
2447509840126,1777550281,774492898,50.000,0.000,0.000,0.000,0.000,100.000
2447529838216,1777550281,794491339,0.000,50.000,50.000,0.000,0.000,100.000
2447549838481,1777550281,814491637,0.000,0.000,50.000,0.000,0.000,0.000
2447569867134,1777550281,834520577,0.000,0.000,0.000,50.000,50.000,50.000
2447589996501,1777550281,854649817,50.000,0.000,50.000,0.000,50.000,100.000
2447609837902,1777550281,874491441,50.000,0.000,0.000,100.000,0.000,66.667
2447629835511,1777550281,894488314,0.000,100.000,0.000,0.000,0.000,50.000
2447649833728,1777550281,914486980,0.000,50.000,0.000,0.000,0.000,0.000
2447669842890,1777550281,934496526,0.000,0.000,50.000,0.000,50.000,50.000
2447689838932,1777550281,954492503,50.000,0.000,0.000,0.000,100.000,100.000
2447709879777,1777550281,974533061,0.000,0.000,0.000,100.000,100.000,100.000
2447729835878,1777550281,994489130,50.000,0.000,50.000,66.667,50.000,100.000
2447749876212,1777550282,14525687,0.000,100.000,0.000,50.000,66.667,0.000
2447769837529,1777550282,34491005,0.000,0.000,0.000,100.000,0.000,100.000
2447789841091,1777550282,54494311,0.000,100.000,50.000,0.000,100.000,100.000
2447809840108,1777550282,74493392,0.000,0.000,100.000,0.000,50.000,100.000
2447829833717,1777550282,94486937,66.667,0.000,0.000,50.000,50.000,100.000
2447849837279,1777550282,114490499,50.000,0.000,100.000,50.000,100.000,66.667
2447869834440,1777550282,134487532,66.667,0.000,0.000,50.000,100.000,50.000
2447889839506,1777550282,154492822,0.000,0.000,50.000,50.000,50.000,50.000
2447909836443,1777550282,174489631,0.000,0.000,50.000,50.000,0.000,100.000
2447929888746,1777550282,194541262,0.000,0.000,0.000,0.000,66.667,50.000
2447949846959,1777550282,214499955,0.000,100.000,0.000,0.000,0.000,100.000
2447969951460,1777550282,234604904,66.667,0.000,0.000,50.000,50.000,50.000
2447989861252,1777550282,254513639,0.000,0.000,50.000,0.000,100.000,100.000
2448009850700,1777550282,274503216,0.000,0.000,50.000,0.000,0.000,0.000
2448029935775,1777550282,294587874,50.000,50.000,0.000,0.000,66.667,50.000
2448049933096,1777550282,314585932,0.000,0.000,0.000,0.000,100.000,100.000
2448069883308,1777550282,334536368,100.000,100.000,0.000,0.000,100.000,50.000
2448089912345,1777550282,354565148,0.000,0.000,0.000,0.000,100.000,100.000
2448109928868,1777550282,374581319,0.000,0.000,50.000,0.000,100.000,0.000
2448129920332,1777550282,394573104,100.000,0.000,0.000,0.000,0.000,100.000
2448149995710,1777550282,414649506,0.000,50.000,100.000,50.000,66.667,50.000
2448169838967,1777550282,434491162,100.000,0.000,0.000,50.000,66.667,50.000
2448189837056,1777550282,454488611,50.000,50.000,0.000,0.000,0.000,50.000
2448209838122,1777550282,474490861,100.000,0.000,50.000,100.000,0.000,100.000
2448229836083,1777550282,494488822,100.000,50.000,0.000,0.000,0.000,50.000
2448249863967,1777550282,514516451,100.000,66.667,50.000,100.000,50.000,0.000
2448269897036,1777550282,534549680,0.000,0.000,0.000,0.000,0.000,100.000
2448289838992,1777550282,554491827,50.000,50.000,100.000,0.000,50.000,50.000
2448309834393,1777550282,574486972,66.667,50.000,0.000,0.000,0.000,0.000
2448329832674,1777550282,594485509,0.000,0.000,50.000,0.000,50.000,0.000
2448349840940,1777550282,614494352,0.000,0.000,0.000,50.000,50.000,0.000
2448369906301,1777550282,634558592,50.000,0.000,0.000,0.000,100.000,50.000
2448389837759,1777550282,654489794,0.000,50.000,0.000,0.000,0.000,100.000
2448409905007,1777550282,674557779,50.000,50.000,50.000,50.000,66.667,100.000
2448429889655,1777550282,694542011,0.000,100.000,50.000,100.000,50.000,50.000
2448449897954,1777550282,714550533,66.667,0.000,100.000,0.000,0.000,50.000
2448469892010,1777550282,734544846,50.000,100.000,0.000,50.000,0.000,50.000
2448489846703,1777550282,754498899,0.000,0.000,0.000,50.000,50.000,100.000
2448509833655,1777550282,774486459,100.000,50.000,0.000,0.000,0.000,50.000
2448529839329,1777550282,794492069,0.000,0.000,50.000,50.000,0.000,50.000
2448549837194,1777550282,814490190,0.000,0.000,0.000,50.000,0.000,100.000
2448569853334,1777550282,834506105,50.000,50.000,100.000,0.000,0.000,50.000
2448589838013,1777550282,854490177,0.000,50.000,100.000,0.000,0.000,50.000
2448609834247,1777550282,874486890,50.000,0.000,50.000,0.000,50.000,50.000
2448629836752,1777550282,894489652,0.000,0.000,100.000,50.000,0.000,50.000
2448649840538,1777550282,914493534,50.000,0.000,100.000,50.000,75.000,100.000
2448669838787,1777550282,934491783,50.000,50.000,0.000,0.000,0.000,0.000
2448689837613,1777550282,954490896,66.667,50.000,0.000,0.000,50.000,50.000
2448709838966,1777550282,974491770,100.000,50.000,50.000,50.000,50.000,50.000
2448729837632,1777550282,994491043,66.667,100.000,0.000,50.000,100.000,66.667
2448749895599,1777550283,14545459,0.000,50.000,0.000,0.000,0.000,100.000
2448769846804,1777550283,34500023,50.000,0.000,0.000,0.000,50.000,0.000
2448789836892,1777550283,54490176,50.000,50.000,50.000,66.667,50.000,50.000
2448809892747,1777550283,74544943,50.000,0.000,50.000,100.000,0.000,0.000
2448830037060,1777550283,94689576,0.000,0.000,0.000,0.000,0.000,50.000
2448849844537,1777550283,114496893,50.000,0.000,100.000,0.000,0.000,50.000
2448869870309,1777550283,134523081,0.000,0.000,0.000,100.000,50.000,0.000
2448889858734,1777550283,154510961,0.000,0.000,0.000,0.000,0.000,0.000
2448910101745,1777550283,174755317,0.000,0.000,0.000,66.667,50.000,100.000
2448929835166,1777550283,194488162,50.000,0.000,0.000,50.000,50.000,100.000
2448950506159,1777550283,215155666,50.000,50.000,0.000,50.000,100.000,50.000
2448969847026,1777550283,234500374,0.000,0.000,50.000,100.000,50.000,50.000
2448989834970,1777550283,254487966,0.000,0.000,0.000,0.000,0.000,50.000
2449009846469,1777550283,274498889,100.000,100.000,50.000,0.000,0.000,0.000
2449029863408,1777550283,294516820,50.000,50.000,0.000,100.000,0.000,50.000
2449049838999,1777550283,314492379,0.000,0.000,50.000,0.000,100.000,100.000
2449069967342,1777550283,334620562,0.000,100.000,0.000,0.000,50.000,50.000
2449089835306,1777550283,354488045,100.000,50.000,100.000,50.000,0.000,0.000
2449109844436,1777550283,374496760,0.000,66.667,0.000,50.000,100.000,0.000
2449130045011,1777550283,394698071,0.000,50.000,100.000,100.000,0.000,100.000
2449149839847,1777550283,414493066,0.000,100.000,0.000,0.000,66.667,100.000
2449169833616,1777550283,434485363,100.000,100.000,0.000,0.000,0.000,50.000
2449189838169,1777550283,454490269,100.000,0.000,100.000,0.000,0.000,50.000
2449209839491,1777550283,474491879,0.000,50.000,0.000,50.000,0.000,0.000
2449229837836,1777550283,494490192,50.000,100.000,0.000,50.000,100.000,0.000
2449249862905,1777550283,514515228,66.667,0.000,0.000,0.000,0.000,50.000
2449269892709,1777550283,534545513,0.000,0.000,0.000,0.000,50.000,50.000
2449289838185,1777550283,554491052,50.000,0.000,50.000,50.000,50.000,100.000
2449309900601,1777550283,574552956,0.000,50.000,0.000,50.000,100.000,50.000
2449329851229,1777550283,594503713,50.000,100.000,100.000,0.000,0.000,0.000
2449349838501,1777550283,614490761,0.000,0.000,100.000,0.000,100.000,50.000
2449369845199,1777550283,634498003,100.000,0.000,0.000,100.000,0.000,0.000
2449389948100,1777550283,654601159,0.000,50.000,50.000,50.000,50.000,50.000
2449409843202,1777550283,674495718,0.000,0.000,0.000,0.000,0.000,100.000
2449429838987,1777550283,694492751,100.000,0.000,0.000,50.000,0.000,100.000
2449449849110,1777550283,714502137,50.000,0.000,0.000,50.000,50.000,100.000
2449469871682,1777550283,734524677,0.000,0.000,0.000,0.000,0.000,100.000
2449489832711,1777550283,754486187,50.000,0.000,50.000,0.000,50.000,0.000
2449509849298,1777550283,774502198,0.000,50.000,50.000,0.000,0.000,50.000
2449529843931,1777550283,794496799,100.000,0.000,0.000,50.000,50.000,100.000
2449550583283,1777550283,815233110,0.000,100.000,0.000,100.000,0.000,100.000
2449569834285,1777550283,834486544,0.000,0.000,0.000,0.000,100.000,100.000
2449589840055,1777550283,854493275,0.000,0.000,0.000,66.667,0.000,50.000
2449609835744,1777550283,874489156,0.000,0.000,100.000,100.000,100.000,50.000
2449629910193,1777550283,894563061,50.000,0.000,0.000,0.000,50.000,50.000
2449649907291,1777550283,914560574,0.000,100.000,50.000,0.000,50.000,50.000
2449670556969,1777550283,935210637,100.000,50.000,0.000,50.000,50.000,50.000
2449689927216,1777550283,954580627,0.000,50.000,50.000,0.000,0.000,100.000
2449709919288,1777550283,974572860,0.000,0.000,50.000,0.000,0.000,50.000
2449729834649,1777550283,994488316,50.000,0.000,0.000,0.000,0.000,50.000
2449749839587,1777550284,14493062,100.000,0.000,50.000,0.000,100.000,0.000
2449769835564,1777550284,34488783,0.000,0.000,50.000,0.000,0.000,50.000
2449789884282,1777550284,54537406,0.000,50.000,0.000,0.000,100.000,0.000
2449809839711,1777550284,74491907,50.000,0.000,0.000,100.000,100.000,100.000
2449829855946,1777550284,94508398,100.000,0.000,0.000,50.000,100.000,50.000
2449849838162,1777550284,114491350,0.000,0.000,50.000,50.000,100.000,66.667
2449869836763,1777550284,134490079,50.000,0.000,50.000,0.000,0.000,66.667
2449889856967,1777550284,154509834,0.000,0.000,0.000,0.000,0.000,100.000
2449909839566,1777550284,174492306,50.000,0.000,0.000,0.000,50.000,0.000
2449929835832,1777550284,194489403,100.000,50.000,50.000,50.000,0.000,0.000
2449949836961,1777550284,214490245,0.000,0.000,100.000,0.000,0.000,50.000
2449969841675,1777550284,234494831,0.000,0.000,0.000,0.000,0.000,100.000
2449989832436,1777550284,254485815,50.000,0.000,0.000,50.000,100.000,100.000
2450009903653,1777550284,274557192,100.000,50.000,100.000,50.000,0.000,0.000
2450029850376,1777550284,294503372,0.000,0.000,50.000,0.000,50.000,66.667
2450049838545,1777550284,314491924,50.000,50.000,100.000,0.000,0.000,66.667
2450069835898,1777550284,334489245,0.000,0.000,0.000,50.000,0.000,0.000
2450089894025,1777550284,354547789,0.000,0.000,0.000,0.000,50.000,100.000
2450109842765,1777550284,374496401,100.000,50.000,0.000,50.000,50.000,0.000
2450129857080,1777550284,394509980,0.000,0.000,0.000,0.000,0.000,50.000
2450149839904,1777550284,414493540,0.000,0.000,50.000,100.000,0.000,0.000
2450169842378,1777550284,434494285,0.000,50.000,0.000,100.000,0.000,0.000
2450189835923,1777550284,454488534,50.000,0.000,50.000,0.000,0.000,100.000
2450209849790,1777550284,474502113,66.667,0.000,100.000,50.000,0.000,0.000
2450229908653,1777550284,494561489,0.000,0.000,50.000,50.000,100.000,66.667
2450249839567,1777550284,514492723,0.000,50.000,0.000,0.000,50.000,0.000
2450269832472,1777550284,534485340,0.000,0.000,50.000,0.000,0.000,100.000
2450289864741,1777550284,554518089,100.000,50.000,0.000,0.000,0.000,0.000
2450309837324,1777550284,574489807,0.000,0.000,50.000,50.000,50.000,0.000
2450329840981,1777550284,594494169,50.000,50.000,0.000,0.000,100.000,50.000
2450349850176,1777550284,614502691,0.000,0.000,50.000,0.000,0.000,100.000
2450369843657,1777550284,634495948,0.000,100.000,0.000,0.000,0.000,0.000
2450389833713,1777550284,654487061,0.000,0.000,100.000,50.000,50.000,0.000
2450409831930,1777550284,674484958,50.000,50.000,0.000,0.000,0.000,50.000
2450429847877,1777550284,694500297,100.000,0.000,100.000,100.000,50.000,0.000
2450449834029,1777550284,714487313,0.000,0.000,0.000,0.000,0.000,0.000
2450469836407,1777550284,734489435,0.000,0.000,50.000,0.000,0.000,0.000
2450489836833,1777550284,754490244,50.000,0.000,0.000,100.000,0.000,0.000
2450512034611,1777550284,776688023,50.000,100.000,0.000,50.000,0.000,100.000
2450529876088,1777550284,794528987,0.000,0.000,0.000,0.000,100.000,0.000
2450549846750,1777550284,814499746,66.667,100.000,50.000,50.000,0.000,50.000
2450569849128,1777550284,834502316,0.000,0.000,50.000,50.000,0.000,0.000
2450589843505,1777550284,854495988,0.000,50.000,0.000,50.000,0.000,50.000
2450609835321,1777550284,874488765,0.000,0.000,0.000,100.000,0.000,0.000
2450629836227,1777550284,894489255,0.000,100.000,0.000,50.000,0.000,0.000
2450649879825,1777550284,914532853,0.000,0.000,0.000,0.000,100.000,50.000
2450669833942,1777550284,934487417,50.000,100.000,100.000,100.000,0.000,50.000
2450689835263,1777550284,954488611,100.000,0.000,0.000,0.000,0.000,0.000
2450709862924,1777550284,974516015,0.000,0.000,50.000,50.000,0.000,0.000
2450729835058,1777550284,994488374,100.000,100.000,50.000,50.000,0.000,0.000
2450749919109,1777550285,14568936,0.000,0.000,0.000,66.667,0.000,100.000
2450769837349,1777550285,34490793,0.000,0.000,100.000,0.000,0.000,50.000
2450789835695,1777550285,54488882,0.000,100.000,0.000,100.000,0.000,0.000
2450809839480,1777550285,74492316,0.000,0.000,50.000,0.000,0.000,0.000
2450829840354,1777550285,94493542,100.000,50.000,0.000,0.000,0.000,100.000
2450849835211,1777550285,114488175,0.000,50.000,50.000,0.000,0.000,0.000
2450869836437,1777550285,134490168,0.000,0.000,50.000,0.000,0.000,50.000
2450889835390,1777550285,154488706,0.000,0.000,100.000,0.000,0.000,0.000
2450909833351,1777550285,174486667,100.000,50.000,0.000,0.000,50.000,100.000
2450929858259,1777550285,194511703,0.000,50.000,50.000,0.000,100.000,100.000
2450949836634,1777550285,214489854,0.000,0.000,0.000,0.000,0.000,0.000
2450969838244,1777550285,234491688,0.000,100.000,0.000,0.000,0.000,0.000
2450989837998,1777550285,254491377,0.000,0.000,0.000,0.000,0.000,50.000
2451009835191,1777550285,274488314,50.000,0.000,0.000,0.000,50.000,50.000
2451029880549,1777550285,294533961,0.000,0.000,50.000,0.000,0.000,0.000
2451049872718,1777550285,314525489,0.000,50.000,0.000,50.000,50.000,100.000
2451069842580,1777550285,334495319,50.000,0.000,100.000,0.000,0.000,100.000
2451089866912,1777550285,354519492,0.000,0.000,100.000,0.000,0.000,100.000
2451109836294,1777550285,374489290,0.000,0.000,0.000,0.000,0.000,50.000
2451129839952,1777550285,394493172,0.000,0.000,50.000,100.000,50.000,0.000
2451149943268,1777550285,414597032,0.000,0.000,0.000,0.000,0.000,50.000
2451169834402,1777550285,434486278,0.000,0.000,0.000,50.000,0.000,0.000
2451189833740,1777550285,454486639,0.000,50.000,50.000,0.000,0.000,100.000
2451209833749,1777550285,474486905,50.000,50.000,0.000,50.000,0.000,100.000
2451229838815,1777550285,494491939,50.000,0.000,0.000,0.000,0.000,0.000
2451250008827,1777550285,514662174,50.000,50.000,0.000,0.000,50.000,100.000
2451269879446,1777550285,534537403,0.000,50.000,0.000,0.000,0.000,100.000
2451289834843,1777550285,554488031,50.000,0.000,0.000,0.000,0.000,50.000
2451309837509,1777550285,574490825,0.000,50.000,0.000,50.000,0.000,0.000
2451329835566,1777550285,594488754,0.000,0.000,0.000,50.000,0.000,100.000
2451349870011,1777550285,614523935,0.000,0.000,0.000,50.000,0.000,0.000
2451369841954,1777550285,634498470,50.000,0.000,100.000,0.000,50.000,0.000
2451389837323,1777550285,654490542,50.000,50.000,0.000,0.000,50.000,0.000
2451409852662,1777550285,674505562,66.667,50.000,0.000,0.000,0.000,50.000
2451430002831,1777550285,694655411,50.000,50.000,0.000,0.000,0.000,100.000
2451449833767,1777550285,714486698,0.000,0.000,50.000,50.000,50.000,100.000
2451469853906,1777550285,734506102,100.000,0.000,0.000,0.000,0.000,0.000
2451489847451,1777550285,754499935,0.000,50.000,0.000,100.000,50.000,50.000
2451509832163,1777550285,774485255,0.000,100.000,100.000,50.000,0.000,0.000
2451529837517,1777550285,794490097,100.000,0.000,0.000,0.000,0.000,50.000
2451549836150,1777550285,814489050,50.000,0.000,0.000,0.000,50.000,100.000
2451569820830,1777550285,834474210,50.000,0.000,0.000,0.000,0.000,0.000
2451589868813,1777550285,854521808,50.000,50.000,0.000,0.000,0.000,0.000
2451609792654,1777550285,874446802,50.000,50.000,0.000,0.000,0.000,0.000
2451629835740,1777550285,894489376,0.000,0.000,0.000,0.000,0.000,100.000
2451649852616,1777550285,914505707,0.000,0.000,100.000,100.000,0.000,100.000
2451669835887,1777550285,934489427,100.000,0.000,0.000,0.000,50.000,0.000
2451689834521,1777550285,954487772,0.000,0.000,0.000,0.000,50.000,0.000
2451709835330,1777550285,974488262,0.000,0.000,0.000,50.000,100.000,0.000
2451729839372,1777550285,994492720,0.000,0.000,0.000,0.000,0.000,0.000
2451749839093,1777550286,14492153,50.000,50.000,0.000,50.000,0.000,100.000
2451770010321,1777550286,34663669,0.000,0.000,0.000,0.000,0.000,100.000
2451790012827,1777550286,54666174,50.000,0.000,0.000,0.000,0.000,0.000
2451809840562,1777550286,74493558,0.000,100.000,0.000,0.000,0.000,100.000
2451829837659,1777550286,94490623,0.000,0.000,0.000,0.000,0.000,100.000
2451849838181,1777550286,114491432,0.000,0.000,0.000,0.000,0.000,100.000
2451869836750,1777550286,134489618,0.000,0.000,0.000,0.000,0.000,50.000
2451889990920,1777550286,154643595,0.000,0.000,0.000,0.000,0.000,100.000
2451909872645,1777550286,174525128,66.667,0.000,0.000,0.000,0.000,50.000
2451929834570,1777550286,194487214,50.000,50.000,0.000,0.000,0.000,100.000
2451950055915,1777550286,214705998,0.000,50.000,66.667,0.000,100.000,100.000
2451969836221,1777550286,234488801,0.000,0.000,0.000,50.000,0.000,100.000
2451989837095,1777550286,254490154,0.000,0.000,0.000,50.000,100.000,0.000
2452009835408,1777550286,274488372,0.000,50.000,50.000,66.667,100.000,100.000
2452029837242,1777550286,294490045,0.000,0.000,0.000,50.000,0.000,50.000
2452049836227,1777550286,314489703,0.000,0.000,0.000,0.000,0.000,100.000
2452070074086,1777550286,334727818,50.000,100.000,0.000,0.000,0.000,0.000
2452089836918,1777550286,354490170,50.000,0.000,0.000,0.000,0.000,0.000
2452109838464,1777550286,374491491,0.000,0.000,50.000,0.000,50.000,100.000
2452129836457,1777550286,394489997,0.000,0.000,0.000,0.000,50.000,100.000
2452150012421,1777550286,414665353,50.000,50.000,0.000,0.000,0.000,50.000
2452169838428,1777550286,434491360,0.000,0.000,0.000,50.000,0.000,100.000
2452189854439,1777550286,454507819,0.000,0.000,0.000,100.000,100.000,50.000
2452209871315,1777550286,474524150,100.000,0.000,0.000,0.000,100.000,100.000
2452229833976,1777550286,494487356,0.000,0.000,0.000,0.000,100.000,0.000
2452249834498,1777550286,514487557,50.000,0.000,50.000,0.000,0.000,0.000
2452269838475,1777550286,534491855,100.000,0.000,0.000,0.000,0.000,100.000
2452289838325,1777550286,554491609,0.000,0.000,0.000,0.000,0.000,50.000
2452309836798,1777550286,574490306,0.000,0.000,0.000,0.000,100.000,100.000
2452329835048,1777550286,594488267,0.000,0.000,66.667,50.000,0.000,50.000
2452349988001,1777550286,614637893,0.000,50.000,0.000,0.000,0.000,100.000
2452369925476,1777550286,634578984,66.667,0.000,0.000,0.000,0.000,0.000
2452389987220,1777550286,654640376,100.000,0.000,50.000,0.000,100.000,0.000
2452410085480,1777550286,674738668,0.000,50.000,0.000,0.000,0.000,100.000
2452429848504,1777550286,694501276,50.000,0.000,0.000,100.000,50.000,50.000
2452449911144,1777550286,714563948,0.000,0.000,50.000,0.000,0.000,0.000
2452469880943,1777550286,734533938,100.000,0.000,100.000,0.000,0.000,50.000
2452489875544,1777550286,754528347,0.000,50.000,0.000,0.000,0.000,50.000
2452509970411,1777550286,774623439,0.000,0.000,50.000,0.000,100.000,50.000
2452529838663,1777550286,794491626,50.000,0.000,0.000,0.000,0.000,50.000
2452550579615,1777550286,815228482,100.000,0.000,0.000,0.000,50.000,100.000
2452569956006,1777550286,834608394,0.000,50.000,0.000,0.000,0.000,0.000
2452589842691,1777550286,854495751,0.000,0.000,50.000,50.000,50.000,0.000
2452610007838,1777550286,874660866,50.000,50.000,0.000,50.000,0.000,0.000
2452629835862,1777550286,894489049,0.000,50.000,0.000,0.000,0.000,100.000
2452649894629,1777550286,914547369,0.000,0.000,0.000,0.000,0.000,100.000
2452669898127,1777550286,934551219,0.000,0.000,100.000,0.000,0.000,0.000
2452689833874,1777550286,954487253,66.667,100.000,100.000,100.000,100.000,50.000
2452709881280,1777550286,974534660,0.000,50.000,0.000,50.000,50.000,0.000
2452729898988,1777550286,994552239,100.000,50.000,0.000,100.000,50.000,100.000
2452749834318,1777550287,14487410,0.000,50.000,0.000,50.000,0.000,100.000
2452769882205,1777550287,34535841,0.000,0.000,0.000,0.000,0.000,50.000
2452789835361,1777550287,54488421,50.000,50.000,50.000,0.000,0.000,50.000
2452809977530,1777550287,74630557,100.000,0.000,0.000,0.000,0.000,0.000
2452829836628,1777550287,94489560,0.000,100.000,0.000,50.000,0.000,0.000
2452849956171,1777550287,114609038,100.000,0.000,0.000,50.000,0.000,0.000
2452869838247,1777550287,134491499,0.000,50.000,50.000,100.000,100.000,100.000
2452889897847,1777550287,154551227,0.000,0.000,0.000,0.000,0.000,100.000
2452909837274,1777550287,174490622,100.000,50.000,0.000,0.000,0.000,0.000
2452929836228,1777550287,194489895,50.000,0.000,0.000,0.000,100.000,100.000
2452949843758,1777550287,214496786,0.000,0.000,0.000,0.000,0.000,100.000
2452969838295,1777550287,234491963,100.000,0.000,50.000,100.000,100.000,0.000
2452989976591,1777550287,254630323,0.000,100.000,50.000,0.000,50.000,0.000
2453009836490,1777550287,274490125,66.667,100.000,100.000,0.000,0.000,100.000
2453029836883,1777550287,294489463,50.000,0.000,0.000,100.000,0.000,100.000
2453049909220,1777550287,314562824,0.000,0.000,0.000,0.000,50.000,50.000
2453069835270,1777550287,334488810,0.000,100.000,0.000,0.000,0.000,50.000
2453089888597,1777550287,354541465,0.000,50.000,100.000,0.000,0.000,0.000
2453109835353,1777550287,374488348,50.000,0.000,0.000,0.000,0.000,100.000
2453129833922,1777550287,394486982,100.000,0.000,50.000,50.000,66.667,100.000
2453149875760,1777550287,414528436,0.000,50.000,0.000,0.000,0.000,50.000
2453169862360,1777550287,434515900,50.000,0.000,0.000,0.000,0.000,100.000
2453189835455,1777550287,454489250,50.000,0.000,0.000,0.000,0.000,0.000
2453209836104,1777550287,474489708,100.000,0.000,0.000,50.000,0.000,0.000
2453229836274,1777550287,494489109,50.000,50.000,50.000,50.000,66.667,0.000
2453249850109,1777550287,514503616,50.000,0.000,0.000,50.000,0.000,100.000
2453269838213,1777550287,534491625,0.000,0.000,50.000,0.000,0.000,100.000
2453289838830,1777550287,554492050,0.000,0.000,0.000,0.000,50.000,0.000
2453309839032,1777550287,574492091,0.000,0.000,100.000,0.000,100.000,100.000
2453329865892,1777550287,594518952,50.000,100.000,50.000,50.000,0.000,50.000
2453350520691,1777550287,615170102,100.000,50.000,100.000,0.000,50.000,50.000
2453369834964,1777550287,634488183,0.000,50.000,0.000,0.000,50.000,50.000
2453389836093,1777550287,654489313,0.000,0.000,0.000,0.000,0.000,0.000
2453409838311,1777550287,674491755,0.000,0.000,0.000,0.000,0.000,50.000
2453429924090,1777550287,694577117,50.000,50.000,50.000,0.000,0.000,50.000
2453449838138,1777550287,714491646,0.000,50.000,0.000,0.000,0.000,0.000
2453469835939,1777550287,734489159,0.000,0.000,0.000,0.000,0.000,0.000
2453489835661,1777550287,754489072,50.000,100.000,50.000,50.000,100.000,0.000
2453509924576,1777550287,774577795,50.000,0.000,100.000,50.000,0.000,50.000
2453529857058,1777550287,794509637,0.000,0.000,0.000,100.000,50.000,50.000
2453550614364,1777550287,815264383,0.000,0.000,0.000,0.000,0.000,100.000
2453569853941,1777550287,834506776,50.000,0.000,0.000,0.000,50.000,100.000
2453589838076,1777550287,854491552,0.000,100.000,0.000,0.000,0.000,50.000
2453609834821,1777550287,874488233,0.000,0.000,50.000,0.000,100.000,0.000
2453629834351,1777550287,894487250,50.000,50.000,0.000,50.000,0.000,0.000
2453649835448,1777550287,914488892,0.000,100.000,0.000,50.000,100.000,50.000
2453669840290,1777550287,934494694,0.000,0.000,100.000,0.000,0.000,0.000
2453689837676,1777550287,954490991,0.000,0.000,0.000,0.000,0.000,50.000
2453709837397,1777550287,974490585,0.000,0.000,0.000,0.000,0.000,100.000
2453729836222,1777550287,994489762,0.000,0.000,100.000,0.000,100.000,100.000
2453749843081,1777550288,14496556,0.000,0.000,50.000,0.000,0.000,0.000
2453769858676,1777550288,34511543,0.000,0.000,0.000,0.000,50.000,50.000
2453789867710,1777550288,54520770,50.000,0.000,100.000,50.000,100.000,0.000
2453809849478,1777550288,74502185,100.000,0.000,0.000,0.000,100.000,100.000
2453829921015,1777550288,94574330,0.000,0.000,0.000,0.000,100.000,50.000
2453849918016,1777550288,114571139,0.000,50.000,0.000,0.000,0.000,50.000
2453869833920,1777550288,134486724,50.000,0.000,0.000,0.000,100.000,0.000
2453889839434,1777550288,154492750,100.000,100.000,100.000,0.000,100.000,100.000
2453909839572,1777550288,174492920,0.000,50.000,50.000,50.000,50.000,50.000
2453929838845,1777550288,194492513,0.000,0.000,0.000,0.000,50.000,0.000
2453949841991,1777550288,214495371,0.000,0.000,0.000,50.000,50.000,100.000
2453969852466,1777550288,234505813,100.000,50.000,0.000,0.000,100.000,66.667
2453989840282,1777550288,254493982,100.000,50.000,50.000,100.000,100.000,50.000
2454009836643,1777550288,274489991,50.000,100.000,0.000,50.000,50.000,0.000
2454029840525,1777550288,294493905,50.000,0.000,0.000,100.000,50.000,100.000
2454049842743,1777550288,314495994,0.000,0.000,50.000,0.000,50.000,0.000
2454069836319,1777550288,334489955,50.000,50.000,0.000,0.000,0.000,50.000
2454089837289,1777550288,354490285,100.000,50.000,50.000,50.000,50.000,100.000
2454109839795,1777550288,374493718,0.000,0.000,0.000,66.667,50.000,100.000
2454129971018,1777550288,394624334,50.000,0.000,0.000,0.000,0.000,0.000
2454149849735,1777550288,414503274,50.000,0.000,50.000,0.000,0.000,50.000
2454169838127,1777550288,434490482,0.000,0.000,0.000,0.000,100.000,50.000
2454189836056,1777550288,454489436,0.000,0.000,0.000,0.000,50.000,0.000
2454209864997,1777550288,474517992,100.000,0.000,0.000,50.000,0.000,100.000
2454229834731,1777550288,494486958,50.000,0.000,0.000,0.000,0.000,50.000
2454249889914,1777550288,514542398,0.000,100.000,50.000,0.000,0.000,0.000
2454269832030,1777550288,534485313,0.000,0.000,50.000,50.000,50.000,0.000
2454289836295,1777550288,554489387,100.000,0.000,0.000,0.000,50.000,100.000
2454309853459,1777550288,574505622,50.000,0.000,100.000,50.000,100.000,100.000
2454329832762,1777550288,594485566,0.000,0.000,0.000,0.000,100.000,0.000
2454349838500,1777550288,614491688,0.000,50.000,0.000,0.000,50.000,50.000
2454369861200,1777550288,634514516,0.000,0.000,0.000,0.000,100.000,100.000
2454389853113,1777550288,654505852,50.000,0.000,0.000,0.000,0.000,100.000
2454409838881,1777550288,674492228,50.000,0.000,0.000,50.000,0.000,0.000
2454429835018,1777550288,694487693,0.000,0.000,50.000,50.000,50.000,100.000
2454449835443,1777550288,714488439,0.000,50.000,50.000,0.000,100.000,0.000
2454469843485,1777550288,734496225,100.000,0.000,0.000,0.000,100.000,0.000
2454489837862,1777550288,754490794,0.000,50.000,100.000,100.000,100.000,100.000
2454509836560,1777550288,774489107,0.000,0.000,50.000,0.000,0.000,0.000
2454529833721,1777550288,794486908,50.000,0.000,0.000,0.000,50.000,100.000
2454549840931,1777550288,814493895,50.000,0.000,0.000,0.000,0.000,100.000
2454569838092,1777550288,834491248,0.000,0.000,50.000,0.000,0.000,50.000
2454589846199,1777550288,854499002,50.000,0.000,0.000,0.000,50.000,50.000
2454609853761,1777550288,874506436,50.000,0.000,50.000,0.000,50.000,50.000
2454629832264,1777550288,894484908,0.000,50.000,0.000,0.000,50.000,50.000
2454649834866,1777550288,914487413,50.000,50.000,0.000,0.000,0.000,100.000
2454669846236,1777550288,934499232,0.000,0.000,0.000,100.000,100.000,100.000
2454689869736,1777550288,954522892,50.000,100.000,50.000,0.000,0.000,0.000
2454709860273,1777550288,974513108,0.000,0.000,0.000,0.000,50.000,50.000
2454729842616,1777550288,994495164,100.000,0.000,66.667,0.000,50.000,100.000
2454749838369,1777550289,14491685,0.000,100.000,0.000,50.000,0.000,100.000
2454769840331,1777550289,34493807,0.000,0.000,0.000,0.000,100.000,100.000
2454789847413,1777550289,54500377,50.000,100.000,0.000,50.000,0.000,100.000
2454809837982,1777550289,74490497,0.000,0.000,100.000,0.000,50.000,100.000
2454829840168,1777550289,94492971,50.000,0.000,0.000,0.000,50.000,0.000
2454849835761,1777550289,114488052,50.000,0.000,50.000,0.000,0.000,100.000
2454869904801,1777550289,134557765,66.667,0.000,0.000,0.000,0.000,50.000
2454889839268,1777550289,154492583,0.000,50.000,50.000,100.000,50.000,0.000
2454909843182,1777550289,174496401,50.000,100.000,0.000,50.000,0.000,50.000
2454929839447,1777550289,194491834,0.000,50.000,50.000,0.000,50.000,50.000
2454949836544,1777550289,214489988,0.000,50.000,0.000,50.000,50.000,50.000
2454969856876,1777550289,234509487,0.000,0.000,0.000,0.000,0.000,0.000
2454989847924,1777550289,254500472,50.000,0.000,0.000,0.000,100.000,0.000
2455009833372,1777550289,274486592,100.000,0.000,0.000,0.000,100.000,100.000
2455029837222,1777550289,294490121,0.000,0.000,50.000,0.000,50.000,50.000
2455049840400,1777550289,314493363,50.000,100.000,50.000,0.000,50.000,100.000
2455069841433,1777550289,334494237,50.000,0.000,0.000,0.000,0.000,0.000
2455089850020,1777550289,354502727,0.000,100.000,50.000,0.000,50.000,50.000
2455109835788,1777550289,374488687,0.000,0.000,0.000,0.000,50.000,0.000
2455129836725,1777550289,394489561,66.667,0.000,50.000,100.000,50.000,50.000
2455149837791,1777550289,414491202,50.000,0.000,0.000,0.000,0.000,100.000
2455169837864,1777550289,434490476,0.000,0.000,0.000,0.000,100.000,0.000
2455189876790,1777550289,454529753,100.000,0.000,0.000,0.000,100.000,50.000
2455209838779,1777550289,474491775,0.000,50.000,50.000,50.000,100.000,50.000
2455229836868,1777550289,494489640,50.000,50.000,0.000,50.000,0.000,50.000
2455251908106,1777550289,516560813,0.000,0.000,50.000,0.000,0.000,50.000
2455269838008,1777550289,534491355,0.000,0.000,0.000,50.000,0.000,0.000
2455289850978,1777550289,554503686,66.667,50.000,100.000,0.000,50.000,100.000
2455309844523,1777550289,574497519,0.000,0.000,50.000,0.000,0.000,100.000
2455329845205,1777550289,594498232,0.000,0.000,0.000,50.000,0.000,0.000
2455349831325,1777550289,614484544,0.000,50.000,50.000,0.000,50.000,0.000
2455369862730,1777550289,634515693,50.000,0.000,0.000,0.000,50.000,0.000
2455389838960,1777550289,654492692,50.000,0.000,0.000,0.000,0.000,100.000
2455409834809,1777550289,674488349,66.667,0.000,50.000,0.000,0.000,50.000
2455429844324,1777550289,694497032,0.000,50.000,0.000,0.000,50.000,100.000
2455449835404,1777550289,714488208,100.000,0.000,0.000,0.000,0.000,0.000
2455469850232,1777550289,734503099,66.667,0.000,100.000,50.000,50.000,50.000
2455489837856,1777550289,754491171,50.000,50.000,0.000,50.000,0.000,0.000
2455509835081,1777550289,774488300,0.000,100.000,50.000,0.000,100.000,0.000
2455529856821,1777550289,794508856,50.000,50.000,50.000,50.000,0.000,50.000
2455549840732,1777550289,814492352,0.000,0.000,0.000,0.000,50.000,0.000
2455569836357,1777550289,834489577,0.000,50.000,0.000,0.000,50.000,100.000
2455589842255,1777550289,854495123,100.000,0.000,50.000,100.000,50.000,100.000
2455609834328,1777550289,874487260,100.000,50.000,100.000,50.000,50.000,100.000
2455629839618,1777550289,894494822,0.000,0.000,0.000,50.000,0.000,0.000
2455649893745,1777550289,914546453,50.000,0.000,0.000,50.000,50.000,50.000
2455669838453,1777550289,934492089,0.000,0.000,0.000,50.000,50.000,50.000
2455689837310,1777550289,954490274,0.000,100.000,50.000,0.000,50.000,50.000
2455709841736,1777550289,974494732,50.000,50.000,100.000,50.000,0.000,0.000
2455729836049,1777550289,994488885,0.000,50.000,50.000,0.000,0.000,50.000
2455749834074,1777550290,14486814,50.000,0.000,50.000,0.000,50.000,0.000
2455769836836,1777550290,34489704,50.000,0.000,0.000,0.000,0.000,0.000
2455789837102,1777550290,54490257,66.667,50.000,0.000,50.000,0.000,100.000
2455809837335,1777550290,74490395,100.000,100.000,66.667,0.000,0.000,50.000
2455829836769,1777550290,94488644,50.000,0.000,100.000,50.000,0.000,50.000
2455849830537,1777550290,114482477,0.000,100.000,0.000,0.000,50.000,100.000
2455869833651,1777550290,134487191,100.000,50.000,50.000,50.000,100.000,50.000
2455889833405,1777550290,154486400,0.000,50.000,0.000,50.000,0.000,0.000
2455909836070,1777550290,174489226,100.000,100.000,50.000,50.000,0.000,100.000
2455929837456,1777550290,194490035,0.000,0.000,50.000,100.000,100.000,50.000
2455949836793,1777550290,214489245,0.000,100.000,50.000,0.000,0.000,50.000
2455969844676,1777550290,234497127,50.000,50.000,50.000,50.000,0.000,50.000
2455989856558,1777550290,254509042,100.000,50.000,0.000,0.000,0.000,50.000
2456009853495,1777550290,274505979,50.000,50.000,0.000,50.000,66.667,100.000
2456029834175,1777550290,294486850,50.000,50.000,50.000,0.000,0.000,50.000
2456049851690,1777550290,314504334,50.000,0.000,50.000,0.000,0.000,100.000
2456069840178,1777550290,334492726,0.000,50.000,50.000,50.000,0.000,50.000
2456089839164,1777550290,354492319,66.667,50.000,0.000,0.000,50.000,100.000
2456109833605,1777550290,374486952,100.000,0.000,50.000,100.000,0.000,50.000
2456129835662,1777550290,394492818,0.000,100.000,50.000,0.000,0.000,50.000
2456149840280,1777550290,414493020,50.000,50.000,0.000,100.000,100.000,100.000
2456169836897,1777550290,434489605,0.000,0.000,0.000,50.000,100.000,100.000
2456189855725,1777550290,454508273,0.000,100.000,50.000,0.000,100.000,0.000
2456209873208,1777550290,474526172,0.000,0.000,0.000,100.000,100.000,50.000
2456229834622,1777550290,494487265,66.667,0.000,0.000,0.000,0.000,0.000
2456249836935,1777550290,514490539,50.000,50.000,0.000,0.000,0.000,0.000
2456269838545,1777550290,534491989,0.000,0.000,50.000,100.000,50.000,100.000
2456289838682,1777550290,554492222,50.000,0.000,0.000,0.000,0.000,0.000
2456309835044,1777550290,574488423,66.667,100.000,0.000,0.000,0.000,50.000
2456329836653,1777550290,594489201,0.000,50.000,50.000,50.000,0.000,50.000
2456349839223,1777550290,614492059,0.000,0.000,0.000,0.000,0.000,100.000
2456369837632,1777550290,634491012,0.000,0.000,0.000,50.000,50.000,50.000
2456389838506,1777550290,654492558,50.000,100.000,0.000,0.000,50.000,50.000
2456409837491,1777550290,674490839,0.000,100.000,0.000,0.000,100.000,100.000
2456429836957,1777550290,694490144,0.000,0.000,0.000,0.000,0.000,100.000
2456449832070,1777550290,714484745,0.000,0.000,0.000,50.000,0.000,50.000
2456469844752,1777550290,734497652,50.000,50.000,100.000,0.000,0.000,50.000
2456489838169,1777550290,754491613,0.000,50.000,50.000,100.000,66.667,50.000
2456509835234,1777550290,774488582,50.000,0.000,0.000,0.000,50.000,66.667
2456529837740,1777550290,794490768,50.000,0.000,0.000,100.000,0.000,66.667
2456549842518,1777550290,814495418,0.000,0.000,50.000,0.000,50.000,50.000
2456569837663,1777550290,834490883,0.000,0.000,0.000,0.000,0.000,100.000
2456589835208,1777550290,854488684,0.000,0.000,50.000,100.000,100.000,100.000
2456609837874,1777550290,874491190,50.000,50.000,100.000,0.000,50.000,0.000
2456629838363,1777550290,894491167,0.000,50.000,50.000,0.000,0.000,100.000
2456649836069,1777550290,914488584,50.000,50.000,0.000,50.000,50.000,50.000
2456669837678,1777550290,934490802,0.000,0.000,0.000,0.000,0.000,50.000
2456689836568,1777550290,954490075,100.000,0.000,100.000,0.000,0.000,100.000
2456709853379,1777550290,974506182,0.000,0.000,50.000,50.000,50.000,100.000
2456729865006,1777550290,994518001,50.000,50.000,0.000,100.000,100.000,50.000
2456749836660,1777550291,14490008,0.000,0.000,100.000,0.000,0.000,100.000
2456769836541,1777550291,34489857,50.000,0.000,0.000,50.000,0.000,50.000
2456789838791,1777550291,54491691,100.000,50.000,0.000,0.000,0.000,100.000
2456809834608,1777550291,74487572,0.000,50.000,100.000,0.000,50.000,100.000
2456829837050,1777550291,94489950,0.000,50.000,0.000,100.000,0.000,100.000
2456849855365,1777550291,114508169,50.000,0.000,50.000,0.000,0.000,100.000
2456869851758,1777550291,134504370,0.000,50.000,0.000,50.000,0.000,0.000
2456889869690,1777550291,154522429,0.000,100.000,50.000,100.000,50.000,50.000
2456909850785,1777550291,174503173,0.000,50.000,50.000,50.000,0.000,50.000
2456929848490,1777550291,194501230,0.000,0.000,0.000,0.000,50.000,0.000
2456949839155,1777550291,214492183,0.000,0.000,0.000,0.000,0.000,100.000
2456969840701,1777550291,234494400,0.000,0.000,0.000,0.000,100.000,50.000
2456989832165,1777550291,254485577,100.000,50.000,50.000,0.000,100.000,100.000
2457009839887,1777550291,274492851,0.000,50.000,50.000,0.000,50.000,100.000
2457029835288,1777550291,294488444,0.000,50.000,100.000,100.000,50.000,50.000
2457049849283,1777550291,314501863,0.000,0.000,0.000,0.000,100.000,50.000
2457069835307,1777550291,334488719,50.000,50.000,0.000,0.000,0.000,50.000
2457089837941,1777550291,354491417,0.000,50.000,0.000,0.000,50.000,100.000
2457109837663,1777550291,374490786,0.000,100.000,50.000,50.000,0.000,100.000
2457129833480,1777550291,394486891,100.000,0.000,0.000,0.000,50.000,100.000
2457149847474,1777550291,414499574,50.000,50.000,66.667,100.000,0.000,0.000
2457169836763,1777550291,434490367,50.000,0.000,66.667,0.000,50.000,100.000
2457189837988,1777550291,454490632,0.000,50.000,50.000,50.000,75.000,100.000
2457209852015,1777550291,474504211,100.000,100.000,0.000,0.000,0.000,50.000
2457229829782,1777550291,494482426,0.000,0.000,0.000,0.000,0.000,100.000
2457249832032,1777550291,514485540,50.000,100.000,0.000,0.000,0.000,100.000
2457269867885,1777550291,534520337,0.000,0.000,0.000,100.000,0.000,66.667
2457289833651,1777550291,554486711,100.000,50.000,0.000,0.000,100.000,0.000
2457309840990,1777550291,574494273,0.000,0.000,50.000,50.000,100.000,100.000
2457329834662,1777550291,594487818,50.000,0.000,0.000,0.000,50.000,100.000
2457349831247,1777550291,614484083,0.000,0.000,100.000,0.000,0.000,100.000
2457369837530,1777550291,634491133,0.000,0.000,0.000,0.000,100.000,0.000
2457390801833,1777550291,655455725,50.000,50.000,0.000,50.000,0.000,66.667
2457409839021,1777550291,674492144,50.000,100.000,50.000,0.000,50.000,100.000
2457429830165,1777550291,694482937,0.000,0.000,50.000,50.000,0.000,100.000
2457449839712,1777550291,714493027,50.000,50.000,0.000,50.000,0.000,100.000
2457469833352,1777550291,734486828,0.000,0.000,0.000,0.000,100.000,50.000
2457489869270,1777550291,754522585,0.000,66.667,0.000,0.000,66.667,0.000
2457509844733,1777550291,774497440,0.000,0.000,0.000,0.000,100.000,0.000
2457529834341,1777550291,794486857,0.000,0.000,50.000,100.000,50.000,100.000
2457549830862,1777550291,814483634,0.000,0.000,50.000,100.000,0.000,0.000
2457569838392,1777550291,834491964,0.000,100.000,50.000,0.000,0.000,100.000
2457589841314,1777550291,854495110,0.000,0.000,0.000,0.000,0.000,0.000
2457609833099,1777550291,874486510,50.000,50.000,0.000,0.000,0.000,100.000
2457629839829,1777550291,894492953,0.000,0.000,0.000,50.000,0.000,50.000
2457649836702,1777550291,914490082,50.000,0.000,0.000,0.000,0.000,100.000
2457669866123,1777550291,934519310,100.000,0.000,100.000,0.000,0.000,50.000
2457689837745,1777550291,954491669,50.000,100.000,0.000,0.000,50.000,50.000
2457709833722,1777550291,974487038,0.000,0.000,0.000,0.000,100.000,0.000
2457729834308,1777550291,994487399,0.000,0.000,0.000,0.000,50.000,100.000
2457749833645,1777550292,14486737,0.000,0.000,50.000,50.000,50.000,0.000
2457769856377,1777550292,34509053,0.000,50.000,0.000,0.000,0.000,100.000
2457789838945,1777550292,54492068,0.000,50.000,50.000,50.000,50.000,100.000
2457809835690,1777550292,74488557,0.000,100.000,0.000,50.000,0.000,50.000
2457829839316,1777550292,94492407,0.000,0.000,50.000,0.000,50.000,0.000
2457849836221,1777550292,114489120,0.000,0.000,50.000,100.000,0.000,100.000
2457869840199,1777550292,134493130,0.000,0.000,100.000,50.000,0.000,100.000
2457889840528,1777550292,154493684,0.000,0.000,50.000,0.000,50.000,0.000
2457909836281,1777550292,174489245,50.000,50.000,0.000,0.000,0.000,50.000
2457929837539,1777550292,194490342,50.000,50.000,0.000,0.000,0.000,100.000
2457949843565,1777550292,214496528,0.000,0.000,0.000,0.000,0.000,100.000
2457969840662,1777550292,234493754,50.000,0.000,0.000,50.000,50.000,0.000
2457989858017,1777550292,254510789,50.000,100.000,50.000,0.000,0.000,100.000
2458009835944,1777550292,274488812,0.000,0.000,0.000,0.000,50.000,0.000
2458029834610,1777550292,294487861,100.000,50.000,50.000,0.000,50.000,50.000
2458049832827,1777550292,314485919,100.000,0.000,0.000,0.000,50.000,100.000
2458069862248,1777550292,334514411,0.000,0.000,0.000,0.000,0.000,100.000
2458089839471,1777550292,354492786,0.000,0.000,0.000,50.000,50.000,66.667
2458109836888,1777550292,374489531,0.000,0.000,50.000,50.000,100.000,0.000
2458129834049,1777550292,394486148,0.000,50.000,0.000,0.000,0.000,50.000
2458149838923,1777550292,414491631,50.000,0.000,0.000,0.000,0.000,100.000
2458169840277,1777550292,434492728,100.000,50.000,0.000,0.000,0.000,0.000
2458189948073,1777550292,454601421,0.000,0.000,0.000,0.000,0.000,100.000
2458209836743,1777550292,474489867,100.000,0.000,0.000,50.000,0.000,100.000
2458229838449,1777550292,494491284,0.000,0.000,50.000,50.000,100.000,50.000
2458249837242,1777550292,514489886,0.000,0.000,0.000,100.000,0.000,100.000
2458269850341,1777550292,534502665,100.000,0.000,0.000,0.000,0.000,50.000
2458289840141,1777550292,554492689,0.000,0.000,50.000,0.000,0.000,50.000
2458309832630,1777550292,574485018,50.000,0.000,50.000,0.000,0.000,100.000
2458329838816,1777550292,594491652,0.000,0.000,50.000,50.000,0.000,100.000
2458349837545,1777550292,614490861,0.000,0.000,0.000,0.000,0.000,50.000
2458369839923,1777550292,634493271,66.667,100.000,0.000,50.000,0.000,100.000
2458391073440,1777550292,655726595,0.000,0.000,0.000,0.000,100.000,50.000
2458409837478,1777550292,674490922,0.000,0.000,0.000,50.000,0.000,50.000
2458429836975,1777550292,694490003,100.000,0.000,0.000,0.000,0.000,100.000
2458449836793,1777550292,714490012,100.000,0.000,100.000,100.000,50.000,100.000
2458469855908,1777550292,734508360,0.000,0.000,50.000,0.000,0.000,50.000
2458489840492,1777550292,754492912,0.000,0.000,0.000,50.000,100.000,50.000
2458509840950,1777550292,774493209,100.000,0.000,50.000,0.000,0.000,100.000
2458529835807,1777550292,794488546,0.000,0.000,0.000,0.000,66.667,50.000
2458549837512,1777550292,814489932,50.000,0.000,50.000,50.000,0.000,0.000
2458569838802,1777550292,834492437,50.000,50.000,0.000,0.000,50.000,50.000
2458589839643,1777550292,854492447,50.000,0.000,100.000,50.000,50.000,0.000
2458609835076,1777550292,874488328,0.000,50.000,0.000,50.000,50.000,50.000
2458629835118,1777550292,894488369,0.000,50.000,0.000,0.000,0.000,50.000
2458649833815,1777550292,914486939,0.000,100.000,50.000,0.000,0.000,50.000
2458669848674,1777550292,934501798,50.000,0.000,50.000,50.000,50.000,50.000
2458689854316,1777550292,954507376,0.000,50.000,0.000,0.000,0.000,100.000
2458709839092,1777550292,974492696,50.000,0.000,0.000,0.000,0.000,100.000
2458729837533,1777550292,994490721,50.000,0.000,0.000,50.000,0.000,100.000
2458749834855,1777550293,14487722,0.000,50.000,0.000,0.000,0.000,100.000
2458769852402,1777550293,34505077,0.000,50.000,0.000,50.000,50.000,100.000
2458789884383,1777550293,54537250,0.000,0.000,50.000,0.000,0.000,0.000
2458809835683,1777550293,74488935,100.000,0.000,0.000,0.000,50.000,50.000
2458829833484,1777550293,94486544,0.000,50.000,100.000,0.000,0.000,100.000
2458849838134,1777550293,114491386,50.000,50.000,0.000,0.000,0.000,50.000
2458869870787,1777550293,134523303,0.000,0.000,0.000,100.000,0.000,50.000
2458889839177,1777550293,154492013,0.000,0.000,50.000,0.000,0.000,0.000
2458909838643,1777550293,174491830,50.000,0.000,50.000,0.000,50.000,100.000
2458929839132,1777550293,194492608,100.000,0.000,0.000,0.000,50.000,100.000
2458949847207,1777550293,214500394,0.000,50.000,0.000,0.000,100.000,0.000
2458969854833,1777550293,234507540,100.000,50.000,0.000,0.000,0.000,100.000
2458989836408,1777550293,254489532,0.000,0.000,0.000,0.000,0.000,100.000
2459010094429,1777550293,274747713,50.000,0.000,50.000,0.000,50.000,0.000
2459029834539,1777550293,294487535,0.000,50.000,0.000,0.000,0.000,0.000
2459049835285,1777550293,314488632,0.000,0.000,0.000,0.000,50.000,0.000
2459069836254,1777550293,334489410,100.000,0.000,0.000,0.000,50.000,0.000
2459089838504,1777550293,354491788,0.000,50.000,50.000,100.000,100.000,0.000
2459109833425,1777550293,374485812,50.000,0.000,0.000,0.000,50.000,0.000
2459129839323,1777550293,394492575,0.000,0.000,0.000,0.000,100.000,0.000
2459149836964,1777550293,414490280,0.000,50.000,50.000,0.000,50.000,100.000
2459169839022,1777550293,434492049,50.000,50.000,100.000,50.000,100.000,100.000
2459189836791,1777550293,454489659,50.000,0.000,0.000,0.000,100.000,50.000
2459209835552,1777550293,474488804,100.000,50.000,0.000,0.000,50.000,0.000
2459229837610,1777550293,494490766,0.000,0.000,0.000,0.000,0.000,0.000
2459249839156,1777550293,514492727,0.000,0.000,0.000,50.000,0.000,100.000
2459269858367,1777550293,534511427,50.000,50.000,100.000,0.000,66.667,100.000
2459289857673,1777550293,554510572,50.000,50.000,66.667,50.000,0.000,100.000
2459309840496,1777550293,574493332,50.000,0.000,0.000,0.000,0.000,50.000
2459329834937,1777550293,594488573,0.000,0.000,0.000,0.000,0.000,100.000
2459349836099,1777550293,614489126,0.000,100.000,0.000,0.000,0.000,0.000
2459369835820,1777550293,634489328,50.000,0.000,0.000,0.000,50.000,0.000
2459389838038,1777550293,654490809,100.000,50.000,0.000,50.000,0.000,0.000
2459409836575,1777550293,674489603,0.000,100.000,0.000,0.000,0.000,100.000
2459429835817,1777550293,694488812,50.000,0.000,50.000,0.000,100.000,50.000
2459449841747,1777550293,714494870,0.000,0.000,0.000,0.000,50.000,100.000
2459469840828,1777550293,734494176,50.000,0.000,0.000,0.000,0.000,0.000
2459489873161,1777550293,754525932,100.000,50.000,0.000,0.000,50.000,0.000
2459509840495,1777550293,774493234,0.000,0.000,100.000,0.000,0.000,0.000
2459529835064,1777550293,794487771,0.000,0.000,0.000,0.000,0.000,0.000
2459549836257,1777550293,814489445,0.000,0.000,0.000,0.000,0.000,0.000
2459569843500,1777550293,834496943,100.000,50.000,100.000,50.000,50.000,0.000
2459589839029,1777550293,854492504,0.000,50.000,0.000,0.000,0.000,100.000
2459609834398,1777550293,874487329,50.000,0.000,0.000,50.000,0.000,0.000
2459629836007,1777550293,894488747,0.000,0.000,0.000,0.000,0.000,0.000
2459649835473,1777550293,914488340,0.000,0.000,0.000,50.000,0.000,0.000
2459669822041,1777550293,934475932,0.000,0.000,0.000,100.000,0.000,100.000
2459689811041,1777550293,954464293,0.000,66.667,50.000,0.000,50.000,0.000
2459709832173,1777550293,974485072,0.000,50.000,0.000,0.000,0.000,50.000
2459729839383,1777550293,994492475,50.000,0.000,0.000,100.000,0.000,100.000
2459749844513,1777550294,14497637,50.000,0.000,0.000,0.000,100.000,0.000
2459769835049,1777550294,34488109,100.000,50.000,0.000,0.000,0.000,0.000
2459789841012,1777550294,54494007,0.000,100.000,0.000,100.000,0.000,50.000
2459809839069,1777550294,74492384,0.000,50.000,0.000,0.000,0.000,0.000
2459829834118,1777550294,94486889,0.000,0.000,0.000,0.000,50.000,50.000
2459849833391,1777550294,114486515,0.000,0.000,0.000,0.000,0.000,0.000
2459869854459,1777550294,134506942,0.000,0.000,0.000,0.000,0.000,100.000
2459889837314,1777550294,154491014,100.000,100.000,100.000,100.000,100.000,0.000
2459909834924,1777550294,174488463,0.000,100.000,0.000,0.000,0.000,0.000
2459929835829,1777550294,194488889,50.000,50.000,0.000,0.000,50.000,0.000
2459949836511,1777550294,214489122,0.000,0.000,0.000,0.000,0.000,0.000
2459969834568,1777550294,234487660,50.000,0.000,0.000,0.000,0.000,0.000
2459989835474,1777550294,254488917,0.000,50.000,50.000,0.000,100.000,100.000
2460009833915,1777550294,274487647,100.000,50.000,50.000,0.000,50.000,50.000
2460029833380,1777550294,294488008,100.000,100.000,0.000,100.000,0.000,0.000
2460049836782,1777550294,314490194,0.000,100.000,0.000,0.000,50.000,0.000
2460069834967,1777550294,334488731,50.000,100.000,50.000,50.000,0.000,0.000
2460089834433,1777550294,354488357,100.000,0.000,0.000,0.000,0.000,0.000
2460109832778,1777550294,374485070,0.000,0.000,0.000,0.000,50.000,0.000
2460129835668,1777550294,394487863,50.000,50.000,50.000,0.000,0.000,50.000
2460149832477,1777550294,414484577,0.000,0.000,0.000,0.000,0.000,0.000
2460169834087,1777550294,434486602,0.000,50.000,50.000,50.000,100.000,50.000
2460189831440,1777550294,454483603,100.000,0.000,0.000,50.000,0.000,0.000
2460209833466,1777550294,474485149,0.000,50.000,0.000,0.000,0.000,0.000
2460229833123,1777550294,494484550,0.000,0.000,0.000,0.000,0.000,0.000
2460249834189,1777550294,514485776,0.000,50.000,0.000,50.000,50.000,0.000
2460269835190,1777550294,534486970,0.000,0.000,0.000,0.000,0.000,50.000
2460289834111,1777550294,554486787,0.000,0.000,0.000,50.000,50.000,0.000
2460309818727,1777550294,574470251,0.000,0.000,0.000,0.000,0.000,0.000
2460329830450,1777550294,594482005,0.000,50.000,0.000,0.000,0.000,50.000
2460349832348,1777550294,614483967,0.000,100.000,0.000,0.000,0.000,0.000
2460369833861,1777550294,634485449,50.000,0.000,0.000,0.000,0.000,50.000
2460389829774,1777550294,654481458,0.000,0.000,0.000,0.000,50.000,0.000
2460409837113,1777550294,674489948,50.000,0.000,0.000,0.000,0.000,0.000
2460429944493,1777550294,694599921,50.000,50.000,100.000,0.000,50.000,50.000
2460453278521,1777550294,717940477,100.000,100.000,100.000,100.000,100.000,100.000
2460470029801,1777550294,734683981,100.000,100.000,100.000,100.000,66.667,100.000
2460489886084,1777550294,754539559,100.000,100.000,100.000,100.000,100.000,100.000
2460509876844,1777550294,774530512,100.000,100.000,100.000,100.000,100.000,100.000
2460529862996,1777550294,794516536,100.000,100.000,100.000,100.000,100.000,100.000
2460549924708,1777550294,814574599,100.000,100.000,100.000,100.000,100.000,100.000
2460569881833,1777550294,834535341,100.000,50.000,50.000,100.000,100.000,50.000
2460589879090,1777550294,854533046,0.000,0.000,0.000,0.000,0.000,100.000
2460609841720,1777550294,874496444,0.000,0.000,0.000,0.000,0.000,100.000
2460629848258,1777550294,894504614,0.000,0.000,0.000,0.000,0.000,100.000
2460649862797,1777550294,914518193,0.000,0.000,0.000,0.000,0.000,100.000
2460669840148,1777550294,934492856,0.000,0.000,0.000,0.000,0.000,100.000
2460689842942,1777550294,954497730,50.000,0.000,0.000,100.000,50.000,100.000
2460709836999,1777550294,974491594,0.000,0.000,0.000,100.000,50.000,100.000
2460729830575,1777550294,994479443,0.000,0.000,0.000,0.000,0.000,0.000
2460749832409,1777550295,14480732,0.000,0.000,0.000,0.000,0.000,0.000
2460769827330,1777550295,34475045,0.000,0.000,0.000,0.000,0.000,0.000
2460789827755,1777550295,54475503,0.000,0.000,0.000,0.000,0.000,0.000
2460809837750,1777550295,74490522,0.000,0.000,0.000,0.000,0.000,0.000
2460829830591,1777550295,94478818,0.000,0.000,0.000,0.000,0.000,0.000
2460849832168,1777550295,114480523,0.000,0.000,0.000,0.000,0.000,0.000
2460869829490,1777550295,134477589,0.000,0.000,0.000,0.000,0.000,0.000
2460889832187,1777550295,154481342,0.000,0.000,0.000,0.000,0.000,0.000
2460909834277,1777550295,174485736,0.000,0.000,0.000,0.000,0.000,0.000
2460929833070,1777550295,194484466,0.000,0.000,0.000,0.000,0.000,0.000
2460949855258,1777550295,214505245,0.000,0.000,0.000,0.000,0.000,0.000
2460969831713,1777550295,234483173,100.000,0.000,0.000,0.000,0.000,0.000
2460989836427,1777550295,254486158,100.000,0.000,0.000,0.000,0.000,0.000
2461009834964,1777550295,274484184,0.000,0.000,0.000,0.000,0.000,0.000
2461029835326,1777550295,294483617,0.000,0.000,0.000,0.000,0.000,0.000
2461049833127,1777550295,314484971,0.000,0.000,0.000,0.000,0.000,0.000
2461069834609,1777550295,334482836,0.000,0.000,0.000,0.000,0.000,0.000
2461089830298,1777550295,354478813,0.000,0.000,0.000,0.000,0.000,0.000
2461109836292,1777550295,374486023,100.000,0.000,0.000,0.000,0.000,0.000
2461129833773,1777550295,394482128,0.000,0.000,0.000,0.000,0.000,0.000
2461149832118,1777550295,414480601,0.000,0.000,0.000,0.000,0.000,0.000
2461169835296,1777550295,434484931,0.000,0.000,0.000,0.000,0.000,0.000
2461189834474,1777550295,454482605,0.000,0.000,0.000,0.000,50.000,0.000
2461209832947,1777550295,474481974,0.000,0.000,0.000,0.000,0.000,0.000
2461229835101,1777550295,494483264,0.000,0.000,0.000,0.000,0.000,0.000
2461249830630,1777550295,514478633,0.000,0.000,0.000,0.000,0.000,0.000
2461269829583,1777550295,534477714,0.000,0.000,0.000,0.000,0.000,0.000
2461289829560,1777550295,554478332,0.000,0.000,0.000,0.000,0.000,0.000
2461309836035,1777550295,574485350,0.000,0.000,0.000,0.000,0.000,0.000
2461329833516,1777550295,594481999,0.000,0.000,50.000,0.000,0.000,0.000
2461349831573,1777550295,614479576,0.000,0.000,0.000,0.000,0.000,0.000
2461369830814,1777550295,634480322,0.000,0.000,0.000,0.000,0.000,0.000
2461389836264,1777550295,654484524,0.000,0.000,0.000,0.000,0.000,0.000
2461409831857,1777550295,674479860,0.000,0.000,0.000,0.000,0.000,0.000
2461429827802,1777550295,694475902,0.000,0.000,0.000,0.000,0.000,0.000
2461449829572,1777550295,714477351,0.000,0.000,0.000,0.000,0.000,0.000
2461469828717,1777550295,734476241,0.000,0.000,0.000,0.000,0.000,0.000
2461489830903,1777550295,754480314,0.000,0.000,50.000,50.000,0.000,0.000
2461509834849,1777550295,774483172,0.000,0.000,0.000,100.000,0.000,0.000
2461529830570,1777550295,794478541,0.000,0.000,0.000,100.000,0.000,0.000
2461549831892,1777550295,814481335,0.000,0.000,0.000,100.000,0.000,0.000
2461569836158,1777550295,834485313,50.000,50.000,0.000,100.000,0.000,0.000
2461589833287,1777550295,854481706,0.000,0.000,0.000,100.000,0.000,0.000
2461609832368,1777550295,874480595,0.000,0.000,0.000,0.000,0.000,0.000
2461629830937,1777550295,894478877,0.000,0.000,0.000,0.000,0.000,0.000
2461649830115,1777550295,914477638,0.000,0.000,0.000,0.000,0.000,0.000
2461669827948,1777550295,934475727,0.000,0.000,0.000,0.000,0.000,0.000
2461689833942,1777550295,954482713,0.000,0.000,0.000,0.000,0.000,0.000
2461709835136,1777550295,974484579,0.000,0.000,0.000,0.000,0.000,0.000
2461729832457,1777550295,994481740,0.000,0.000,0.000,0.000,0.000,0.000
2461749829106,1777550296,14477429,0.000,0.000,0.000,0.000,0.000,0.000
2461769826459,1777550296,34474622,0.000,0.000,0.000,0.000,0.000,0.000
2461789832933,1777550296,54481321,0.000,0.000,0.000,0.000,0.000,0.000
2461809832559,1777550296,74480594,0.000,0.000,0.000,0.000,0.000,0.000
2461829831576,1777550296,94480411,0.000,0.000,0.000,0.000,0.000,0.000
2461849831458,1777550296,114479525,0.000,0.000,0.000,0.000,0.000,0.000
2461869829995,1777550296,134477550,0.000,0.000,0.000,0.000,0.000,0.000
2461889827188,1777550296,154475031,0.000,0.000,0.000,0.000,0.000,0.000
2461909828446,1777550296,174476001,0.000,0.000,0.000,0.000,0.000,0.000
2461929827239,1777550296,194474794,0.000,0.000,0.000,0.000,0.000,0.000
2461949830161,1777550296,214477780,0.000,0.000,0.000,0.000,0.000,0.000
2461969831290,1777550296,234480606,0.000,0.000,0.000,0.000,0.000,0.000
2461989834820,1777550296,254483143,0.000,0.000,0.000,0.000,0.000,0.000
2462009832109,1777550296,274480145,0.000,0.000,0.000,0.000,0.000,0.000
2462029831447,1777550296,294479418,0.000,0.000,0.000,0.000,0.000,0.000
2462049829600,1777550296,314478019,0.000,0.000,0.000,0.000,0.000,0.000
2462069831306,1777550296,334479213,0.000,0.000,0.000,0.000,0.000,0.000
2462089832595,1777550296,354480630,0.000,0.000,0.000,0.000,0.000,0.000
2462109827836,1777550296,374475871,0.000,0.000,0.000,0.000,0.000,0.000
2462129829670,1777550296,394477481,0.000,0.000,0.000,0.000,0.000,0.000
2462149830800,1777550296,414479027,0.000,0.000,0.000,0.000,0.000,0.000
2462169834713,1777550296,434484157,0.000,0.000,0.000,0.000,0.000,0.000
2462189831043,1777550296,454480230,0.000,0.000,0.000,0.000,0.000,0.000
2462209832268,1777550296,474480591,0.000,0.000,0.000,0.000,0.000,0.000
2462229829685,1777550296,494477848,0.000,0.000,0.000,0.000,0.000,0.000
2462249829919,1777550296,514477762,0.000,0.000,0.000,0.000,0.000,0.000
2462269828360,1777550296,534475883,0.000,0.000,0.000,0.000,0.000,0.000
2462289832562,1777550296,554480885,0.000,0.000,0.000,0.000,0.000,0.000
2462309829147,1777550296,574476830,0.000,0.000,0.000,0.000,0.000,0.000
2462329828581,1777550296,594476168,0.000,0.000,0.000,0.000,0.000,0.000
2462349827310,1777550296,614474897,0.000,0.000,0.000,0.000,0.000,0.000
2462369828535,1777550296,634476091,0.000,0.000,0.000,0.000,0.000,0.000
2462389828129,1777550296,654475652,0.000,0.000,0.000,0.000,0.000,0.000
2462409826634,1777550296,674474317,0.000,0.000,0.000,0.000,0.000,0.000
2462429828500,1777550296,694476055,0.000,0.000,0.000,0.000,0.000,0.000
2462449827549,1777550296,714475040,0.000,0.000,0.000,0.000,0.000,0.000
