

================================================================
== Vitis HLS Report for 'riccati_backward_pass'
================================================================
* Date:           Thu May 21 15:23:11 2026

* Version:        2025.2 (Build 6295257 on Nov 14 2025)
* Project:        mpc_fpga_top_opencl
* Solution:       hls (Vitis Kernel Flow Target)
* Product family: zynquplus
* Target device:  xck26-sfvc784-2LV-c


================================================================
== Performance Estimates
================================================================
+ Timing: 
    * Summary: 
    +--------+---------+----------+------------+
    |  Clock |  Target | Estimated| Uncertainty|
    +--------+---------+----------+------------+
    |ap_clk  |  5.00 ns|  4.413 ns|     0.50 ns|
    +--------+---------+----------+------------+

+ Latency: 
    * Summary: 
    +---------+---------+-----------+-----------+------+------+---------+
    |  Latency (cycles) |   Latency (absolute)  |   Interval  | Pipeline|
    |   min   |   max   |    min    |    max    |  min |  max |   Type  |
    +---------+---------+-----------+-----------+------+------+---------+
    |     2128|     2448|  10.640 us|  12.240 us|  2128|  2448|       no|
    +---------+---------+-----------+-----------+------+------+---------+

    + Detail: 
        * Instance: 
        +--------------------------------------------------------------------------------+--------------------------------------------------------------------+---------+---------+-----------+-----------+-----+-----+-------------------+
        |                                                                                |                                                                    |  Latency (cycles) |   Latency (absolute)  |  Interval |      Pipeline     |
        |                                    Instance                                    |                               Module                               |   min   |   max   |    min    |    max    | min | max |        Type       |
        +--------------------------------------------------------------------------------+--------------------------------------------------------------------+---------+---------+-----------+-----------+-----+-----+-------------------+
        |grp_invert_2x2_qp_hls_fu_3970                                                   |invert_2x2_qp_hls                                                   |        7|       17|  35.000 ns|  85.000 ns|    7|   17|                 no|
        |grp_fp_recip_fu_3983                                                            |fp_recip                                                            |        6|        6|  30.000 ns|  30.000 ns|    1|    1|                yes|
        |grp_fp_recip_fu_3990                                                            |fp_recip                                                            |        6|        6|  30.000 ns|  30.000 ns|    1|    1|                yes|
        |grp_riccati_backward_pass_Pipeline_VITIS_LOOP_726_7_VITIS_LOOP_727_8_fu_3997    |riccati_backward_pass_Pipeline_VITIS_LOOP_726_7_VITIS_LOOP_727_8    |       17|       17|  85.000 ns|  85.000 ns|    0|    0|  loop pipeline stp|
        |grp_riccati_backward_pass_Pipeline_VITIS_LOOP_766_10_fu_4097                    |riccati_backward_pass_Pipeline_VITIS_LOOP_766_10                    |       15|       15|  75.000 ns|  75.000 ns|    0|    0|  loop pipeline stp|
        |grp_riccati_backward_pass_Pipeline_VITIS_LOOP_750_9_fu_4129                     |riccati_backward_pass_Pipeline_VITIS_LOOP_750_9                     |       12|       12|  60.000 ns|  60.000 ns|    0|    0|  loop pipeline stp|
        |grp_riccati_backward_pass_Pipeline_VITIS_LOOP_831_12_VITIS_LOOP_832_13_fu_4280  |riccati_backward_pass_Pipeline_VITIS_LOOP_831_12_VITIS_LOOP_832_13  |       36|       36|   0.180 us|   0.180 us|    0|    0|  loop pipeline stp|
        |grp_riccati_backward_pass_Pipeline_VITIS_LOOP_1013_37_fu_4356                   |riccati_backward_pass_Pipeline_VITIS_LOOP_1013_37                   |       11|       11|  55.000 ns|  55.000 ns|    0|    0|  loop pipeline stp|
        |grp_riccati_backward_pass_Pipeline_VITIS_LOOP_1029_38_fu_4428                   |riccati_backward_pass_Pipeline_VITIS_LOOP_1029_38                   |        6|        6|  30.000 ns|  30.000 ns|    0|    0|  loop pipeline stp|
        |grp_sum8_P_MIX_raw_pupdate_fu_4437                                              |sum8_P_MIX_raw_pupdate                                              |        1|        1|   5.000 ns|   5.000 ns|    1|    1|                yes|
        |grp_sum8_P_MIX_raw_pupdate_fu_4449                                              |sum8_P_MIX_raw_pupdate                                              |        1|        1|   5.000 ns|   5.000 ns|    1|    1|                yes|
        |grp_sum8_P_MIX_raw_pupdate_fu_4461                                              |sum8_P_MIX_raw_pupdate                                              |        1|        1|   5.000 ns|   5.000 ns|    1|    1|                yes|
        |grp_sum8_P_MIX_raw_pupdate_fu_4473                                              |sum8_P_MIX_raw_pupdate                                              |        1|        1|   5.000 ns|   5.000 ns|    1|    1|                yes|
        |grp_sum8_P_MIX_raw_pupdate_fu_4485                                              |sum8_P_MIX_raw_pupdate                                              |        1|        1|   5.000 ns|   5.000 ns|    1|    1|                yes|
        |grp_sum8_P_MIX_raw_pupdate_fu_4497                                              |sum8_P_MIX_raw_pupdate                                              |        1|        1|   5.000 ns|   5.000 ns|    1|    1|                yes|
        |grp_sum8_P_MIX_raw_pupdate_fu_4509                                              |sum8_P_MIX_raw_pupdate                                              |        1|        1|   5.000 ns|   5.000 ns|    1|    1|                yes|
        |grp_sum8_P_MIX_raw_pupdate_fu_4521                                              |sum8_P_MIX_raw_pupdate                                              |        1|        1|   5.000 ns|   5.000 ns|    1|    1|                yes|
        |grp_sum8_P_MIX_raw_pupdate_fu_4533                                              |sum8_P_MIX_raw_pupdate                                              |        1|        1|   5.000 ns|   5.000 ns|    1|    1|                yes|
        |grp_sum8_P_MIX_raw_pupdate_fu_4545                                              |sum8_P_MIX_raw_pupdate                                              |        1|        1|   5.000 ns|   5.000 ns|    1|    1|                yes|
        |grp_sum8_P_MIX_raw_pupdate_fu_4557                                              |sum8_P_MIX_raw_pupdate                                              |        1|        1|   5.000 ns|   5.000 ns|    1|    1|                yes|
        |grp_sum8_P_MIX_raw_pupdate_fu_4569                                              |sum8_P_MIX_raw_pupdate                                              |        1|        1|   5.000 ns|   5.000 ns|    1|    1|                yes|
        |grp_sum8_P_MIX_raw_pupdate_fu_4581                                              |sum8_P_MIX_raw_pupdate                                              |        1|        1|   5.000 ns|   5.000 ns|    1|    1|                yes|
        |grp_sum8_P_MIX_raw_pupdate_fu_4593                                              |sum8_P_MIX_raw_pupdate                                              |        1|        1|   5.000 ns|   5.000 ns|    1|    1|                yes|
        |grp_sum8_P_MIX_raw_pupdate_fu_4605                                              |sum8_P_MIX_raw_pupdate                                              |        1|        1|   5.000 ns|   5.000 ns|    1|    1|                yes|
        |grp_sum8_P_MIX_raw_pupdate_fu_4617                                              |sum8_P_MIX_raw_pupdate                                              |        1|        1|   5.000 ns|   5.000 ns|    1|    1|                yes|
        |grp_sum8_P_MIX_raw_pupdate_fu_4629                                              |sum8_P_MIX_raw_pupdate                                              |        1|        1|   5.000 ns|   5.000 ns|    1|    1|                yes|
        |grp_sum8_P_MIX_raw_pupdate_fu_4641                                              |sum8_P_MIX_raw_pupdate                                              |        1|        1|   5.000 ns|   5.000 ns|    1|    1|                yes|
        |grp_sum8_P_MIX_raw_pupdate_fu_4653                                              |sum8_P_MIX_raw_pupdate                                              |        1|        1|   5.000 ns|   5.000 ns|    1|    1|                yes|
        |grp_sum8_P_MIX_raw_pupdate_fu_4665                                              |sum8_P_MIX_raw_pupdate                                              |        1|        1|   5.000 ns|   5.000 ns|    1|    1|                yes|
        |grp_sum8_P_MIX_raw_pupdate_fu_4677                                              |sum8_P_MIX_raw_pupdate                                              |        1|        1|   5.000 ns|   5.000 ns|    1|    1|                yes|
        +--------------------------------------------------------------------------------+--------------------------------------------------------------------+---------+---------+-----------+-----------+-----+-----+-------------------+

        * Loop: 
        +--------------------+---------+---------+-----------+-----------+-----------+------+----------+
        |                    |  Latency (cycles) | Iteration |  Initiation Interval  | Trip |          |
        |      Loop Name     |   min   |   max   |  Latency  |  achieved |   target  | Count| Pipelined|
        +--------------------+---------+---------+-----------+-----------+-----------+------+----------+
        |- VITIS_LOOP_535_4  |     2120|     2440|  106 ~ 122|          -|          -|    20|        no|
        +--------------------+---------+---------+-----------+-----------+-----------+------+----------+



================================================================
== Utilization Estimates
================================================================
* Summary: 
+-----------------+---------+------+--------+--------+-----+
|       Name      | BRAM_18K|  DSP |   FF   |   LUT  | URAM|
+-----------------+---------+------+--------+--------+-----+
|DSP              |        -|     -|       -|       -|    -|
|Expression       |        -|     -|       0|    4249|    -|
|FIFO             |        -|     -|       -|       -|    -|
|Instance         |        1|   825|   29939|   28278|    -|
|Memory           |        -|     -|    1084|      62|    -|
|Multiplexer      |        -|     -|       0|    5692|    -|
|Register         |        -|     -|   16554|       -|    -|
+-----------------+---------+------+--------+--------+-----+
|Total            |        1|   825|   47577|   38281|    0|
+-----------------+---------+------+--------+--------+-----+
|Available        |      288|  1248|  234240|  117120|   64|
+-----------------+---------+------+--------+--------+-----+
|Utilization (%)  |       ~0|    66|      20|      32|    0|
+-----------------+---------+------+--------+--------+-----+

+ Detail: 
    * Instance: 
    +--------------------------------------------------------------------------------+--------------------------------------------------------------------+---------+----+------+------+-----+
    |                                    Instance                                    |                               Module                               | BRAM_18K| DSP|  FF  |  LUT | URAM|
    +--------------------------------------------------------------------------------+--------------------------------------------------------------------+---------+----+------+------+-----+
    |grp_fp_recip_fu_3990                                                            |fp_recip                                                            |        1|   1|  1955|  2977|    0|
    |grp_invert_2x2_qp_hls_fu_3970                                                   |invert_2x2_qp_hls                                                   |        0|  10|   910|  1498|    0|
    |mul_23s_26s_49_4_1_x_U1226                                                      |mul_23s_26s_49_4_1_x                                                |        0|   2|    61|    29|    0|
    |mul_23s_26s_49_4_1_x_U1227                                                      |mul_23s_26s_49_4_1_x                                                |        0|   2|    61|    29|    0|
    |mul_23s_26s_49_4_1_x_U1228                                                      |mul_23s_26s_49_4_1_x                                                |        0|   2|    61|    29|    0|
    |mul_31s_32s_45_4_1_U1229                                                        |mul_31s_32s_45_4_1                                                  |        0|   4|    98|    47|    0|
    |mul_31s_32s_45_4_1_U1230                                                        |mul_31s_32s_45_4_1                                                  |        0|   4|    98|    47|    0|
    |mul_31s_32s_45_4_1_U1231                                                        |mul_31s_32s_45_4_1                                                  |        0|   4|    98|    47|    0|
    |mul_31s_32s_46_4_1_U1232                                                        |mul_31s_32s_46_4_1                                                  |        0|   4|    98|    47|    0|
    |mul_31s_32s_46_4_1_U1233                                                        |mul_31s_32s_46_4_1                                                  |        0|   4|    98|    47|    0|
    |mul_31s_32s_46_4_1_U1234                                                        |mul_31s_32s_46_4_1                                                  |        0|   4|    98|    47|    0|
    |mul_31s_32s_46_4_1_U1235                                                        |mul_31s_32s_46_4_1                                                  |        0|   4|    98|    47|    0|
    |mul_32s_32s_52_4_1_U1238                                                        |mul_32s_32s_52_4_1                                                  |        0|   4|    98|    47|    0|
    |mul_32s_32s_52_4_1_U1239                                                        |mul_32s_32s_52_4_1                                                  |        0|   4|    98|    47|    0|
    |mul_33s_32s_45_4_1_U1240                                                        |mul_33s_32s_45_4_1                                                  |        0|   4|    98|    47|    0|
    |mul_33s_32s_45_4_1_U1241                                                        |mul_33s_32s_45_4_1                                                  |        0|   4|    98|    47|    0|
    |mul_33s_32s_46_4_1_U1242                                                        |mul_33s_32s_46_4_1                                                  |        0|   4|    98|    47|    0|
    |mul_34s_26s_49_4_1_U1243                                                        |mul_34s_26s_49_4_1                                                  |        0|   2|    98|    47|    0|
    |mul_34s_26s_49_4_1_U1244                                                        |mul_34s_26s_49_4_1                                                  |        0|   2|    98|    47|    0|
    |mul_34s_26s_49_4_1_U1245                                                        |mul_34s_26s_49_4_1                                                  |        0|   2|    98|    47|    0|
    |mul_34s_26s_49_4_1_U1246                                                        |mul_34s_26s_49_4_1                                                  |        0|   2|    98|    47|    0|
    |mul_34s_26s_49_4_1_U1247                                                        |mul_34s_26s_49_4_1                                                  |        0|   2|    98|    47|    0|
    |mul_34s_26s_49_4_1_U1248                                                        |mul_34s_26s_49_4_1                                                  |        0|   2|    98|    47|    0|
    |mul_34s_26s_49_4_1_U1249                                                        |mul_34s_26s_49_4_1                                                  |        0|   2|    98|    47|    0|
    |mul_34s_26s_49_4_1_U1250                                                        |mul_34s_26s_49_4_1                                                  |        0|   2|    98|    47|    0|
    |mul_34s_26s_49_4_1_U1251                                                        |mul_34s_26s_49_4_1                                                  |        0|   2|    98|    47|    0|
    |mul_34s_26s_49_4_1_U1252                                                        |mul_34s_26s_49_4_1                                                  |        0|   2|    98|    47|    0|
    |mul_34s_26s_49_4_1_U1253                                                        |mul_34s_26s_49_4_1                                                  |        0|   2|    98|    47|    0|
    |mul_34s_26s_49_4_1_U1254                                                        |mul_34s_26s_49_4_1                                                  |        0|   2|    98|    47|    0|
    |mul_34s_26s_49_4_1_U1255                                                        |mul_34s_26s_49_4_1                                                  |        0|   2|    98|    47|    0|
    |mul_34s_26s_49_4_1_U1256                                                        |mul_34s_26s_49_4_1                                                  |        0|   2|    98|    47|    0|
    |mul_34s_26s_49_4_1_U1257                                                        |mul_34s_26s_49_4_1                                                  |        0|   2|    98|    47|    0|
    |mul_34s_26s_49_4_1_U1258                                                        |mul_34s_26s_49_4_1                                                  |        0|   2|    98|    47|    0|
    |mul_34s_26s_58_4_1_U1259                                                        |mul_34s_26s_58_4_1                                                  |        0|   2|    98|    47|    0|
    |mul_34s_26s_58_4_1_U1260                                                        |mul_34s_26s_58_4_1                                                  |        0|   2|    98|    47|    0|
    |mul_34s_26s_58_4_1_U1261                                                        |mul_34s_26s_58_4_1                                                  |        0|   2|    98|    47|    0|
    |mul_34s_26s_58_4_1_U1262                                                        |mul_34s_26s_58_4_1                                                  |        0|   2|    98|    47|    0|
    |mul_34s_26s_58_4_1_U1263                                                        |mul_34s_26s_58_4_1                                                  |        0|   2|    98|    47|    0|
    |mul_34s_26s_58_4_1_U1264                                                        |mul_34s_26s_58_4_1                                                  |        0|   2|    98|    47|    0|
    |mul_34s_26s_58_4_1_U1265                                                        |mul_34s_26s_58_4_1                                                  |        0|   2|    98|    47|    0|
    |mul_34s_26s_58_4_1_U1266                                                        |mul_34s_26s_58_4_1                                                  |        0|   2|    98|    47|    0|
    |mul_34s_26s_58_4_1_U1267                                                        |mul_34s_26s_58_4_1                                                  |        0|   2|    98|    47|    0|
    |mul_34s_26s_58_4_1_U1268                                                        |mul_34s_26s_58_4_1                                                  |        0|   2|    98|    47|    0|
    |mul_34s_26s_58_4_1_U1269                                                        |mul_34s_26s_58_4_1                                                  |        0|   2|    98|    47|    0|
    |mul_34s_26s_58_4_1_U1270                                                        |mul_34s_26s_58_4_1                                                  |        0|   2|    98|    47|    0|
    |mul_34s_26s_58_4_1_U1271                                                        |mul_34s_26s_58_4_1                                                  |        0|   2|    98|    47|    0|
    |mul_34s_26s_58_4_1_U1272                                                        |mul_34s_26s_58_4_1                                                  |        0|   2|    98|    47|    0|
    |mul_34s_26s_58_4_1_U1273                                                        |mul_34s_26s_58_4_1                                                  |        0|   2|    98|    47|    0|
    |mul_34s_26s_58_4_1_U1274                                                        |mul_34s_26s_58_4_1                                                  |        0|   2|    98|    47|    0|
    |mul_34s_26s_58_4_1_U1275                                                        |mul_34s_26s_58_4_1                                                  |        0|   2|    98|    47|    0|
    |mul_34s_26s_58_4_1_U1276                                                        |mul_34s_26s_58_4_1                                                  |        0|   2|    98|    47|    0|
    |mul_34s_26s_58_4_1_U1277                                                        |mul_34s_26s_58_4_1                                                  |        0|   2|    98|    47|    0|
    |mul_34s_26s_58_4_1_U1278                                                        |mul_34s_26s_58_4_1                                                  |        0|   2|    98|    47|    0|
    |mul_34s_26s_58_4_1_U1279                                                        |mul_34s_26s_58_4_1                                                  |        0|   2|    98|    47|    0|
    |mul_34s_26s_58_4_1_U1280                                                        |mul_34s_26s_58_4_1                                                  |        0|   2|    98|    47|    0|
    |mul_34s_26s_58_4_1_U1281                                                        |mul_34s_26s_58_4_1                                                  |        0|   2|    98|    47|    0|
    |mul_34s_26s_58_4_1_U1282                                                        |mul_34s_26s_58_4_1                                                  |        0|   2|    98|    47|    0|
    |mul_34s_26s_58_4_1_U1283                                                        |mul_34s_26s_58_4_1                                                  |        0|   2|    98|    47|    0|
    |mul_34s_26s_58_4_1_U1284                                                        |mul_34s_26s_58_4_1                                                  |        0|   2|    98|    47|    0|
    |mul_34s_26s_58_4_1_U1285                                                        |mul_34s_26s_58_4_1                                                  |        0|   2|    98|    47|    0|
    |mul_34s_26s_58_4_1_U1286                                                        |mul_34s_26s_58_4_1                                                  |        0|   2|    98|    47|    0|
    |mul_34s_26s_58_4_1_U1287                                                        |mul_34s_26s_58_4_1                                                  |        0|   2|    98|    47|    0|
    |mul_34s_26s_58_4_1_U1288                                                        |mul_34s_26s_58_4_1                                                  |        0|   2|    98|    47|    0|
    |mul_34s_26s_58_4_1_U1289                                                        |mul_34s_26s_58_4_1                                                  |        0|   2|    98|    47|    0|
    |mul_34s_26s_58_4_1_U1290                                                        |mul_34s_26s_58_4_1                                                  |        0|   2|    98|    47|    0|
    |mul_34s_26s_58_4_1_U1291                                                        |mul_34s_26s_58_4_1                                                  |        0|   2|    98|    47|    0|
    |mul_34s_26s_58_4_1_U1292                                                        |mul_34s_26s_58_4_1                                                  |        0|   2|    98|    47|    0|
    |mul_34s_26s_58_4_1_U1293                                                        |mul_34s_26s_58_4_1                                                  |        0|   2|    98|    47|    0|
    |mul_34s_26s_58_4_1_U1294                                                        |mul_34s_26s_58_4_1                                                  |        0|   2|    98|    47|    0|
    |mul_34s_26s_58_4_1_U1295                                                        |mul_34s_26s_58_4_1                                                  |        0|   2|    98|    47|    0|
    |mul_34s_26s_58_4_1_U1296                                                        |mul_34s_26s_58_4_1                                                  |        0|   2|    98|    47|    0|
    |mul_34s_26s_58_4_1_U1297                                                        |mul_34s_26s_58_4_1                                                  |        0|   2|    98|    47|    0|
    |mul_34s_26s_58_4_1_U1298                                                        |mul_34s_26s_58_4_1                                                  |        0|   2|    98|    47|    0|
    |mul_34s_26s_58_4_1_U1299                                                        |mul_34s_26s_58_4_1                                                  |        0|   2|    98|    47|    0|
    |mul_34s_26s_58_4_1_U1300                                                        |mul_34s_26s_58_4_1                                                  |        0|   2|    98|    47|    0|
    |mul_34s_32s_44_4_1_U1301                                                        |mul_34s_32s_44_4_1                                                  |        0|   4|    98|    47|    0|
    |mul_34s_32s_44_4_1_U1302                                                        |mul_34s_32s_44_4_1                                                  |        0|   4|    98|    47|    0|
    |mul_34s_32s_44_4_1_U1303                                                        |mul_34s_32s_44_4_1                                                  |        0|   4|    98|    47|    0|
    |mul_34s_32s_44_4_1_U1304                                                        |mul_34s_32s_44_4_1                                                  |        0|   4|    98|    47|    0|
    |mul_34s_32s_45_4_1_U1305                                                        |mul_34s_32s_45_4_1                                                  |        0|   4|    98|    47|    0|
    |mul_34s_32s_45_4_1_U1306                                                        |mul_34s_32s_45_4_1                                                  |        0|   4|    98|    47|    0|
    |mul_34s_32s_45_4_1_U1307                                                        |mul_34s_32s_45_4_1                                                  |        0|   4|    98|    47|    0|
    |mul_34s_32s_46_4_1_U1308                                                        |mul_34s_32s_46_4_1                                                  |        0|   4|    98|    47|    0|
    |mul_40s_32s_51_4_1_U1309                                                        |mul_40s_32s_51_4_1                                                  |        0|   4|    98|    47|    0|
    |mul_40s_32s_51_4_1_U1310                                                        |mul_40s_32s_51_4_1                                                  |        0|   4|    98|    47|    0|
    |mul_40s_32s_51_4_1_U1311                                                        |mul_40s_32s_51_4_1                                                  |        0|   4|    98|    47|    0|
    |mul_40s_32s_51_4_1_U1312                                                        |mul_40s_32s_51_4_1                                                  |        0|   4|    98|    47|    0|
    |mul_40s_32s_51_4_1_U1313                                                        |mul_40s_32s_51_4_1                                                  |        0|   4|    98|    47|    0|
    |mul_40s_32s_51_4_1_U1314                                                        |mul_40s_32s_51_4_1                                                  |        0|   4|    98|    47|    0|
    |mul_40s_32s_51_4_1_U1315                                                        |mul_40s_32s_51_4_1                                                  |        0|   4|    98|    47|    0|
    |mul_40s_32s_51_4_1_U1316                                                        |mul_40s_32s_51_4_1                                                  |        0|   4|    98|    47|    0|
    |mul_40s_32s_51_4_1_U1317                                                        |mul_40s_32s_51_4_1                                                  |        0|   4|    98|    47|    0|
    |mul_40s_32s_52_4_1_U1318                                                        |mul_40s_32s_52_4_1                                                  |        0|   4|    98|    47|    0|
    |mul_40s_32s_52_4_1_U1319                                                        |mul_40s_32s_52_4_1                                                  |        0|   4|    98|    47|    0|
    |mul_40s_32s_52_4_1_U1320                                                        |mul_40s_32s_52_4_1                                                  |        0|   4|    98|    47|    0|
    |mul_40s_32s_52_4_1_U1321                                                        |mul_40s_32s_52_4_1                                                  |        0|   4|    98|    47|    0|
    |mul_40s_32s_58_4_1_U1322                                                        |mul_40s_32s_58_4_1                                                  |        0|   4|    98|    47|    0|
    |mul_40s_32s_58_4_1_U1323                                                        |mul_40s_32s_58_4_1                                                  |        0|   4|    98|    47|    0|
    |mul_40s_32s_58_4_1_U1324                                                        |mul_40s_32s_58_4_1                                                  |        0|   4|    98|    47|    0|
    |mul_40s_32s_58_4_1_U1325                                                        |mul_40s_32s_58_4_1                                                  |        0|   4|    98|    47|    0|
    |mul_40s_32s_58_4_1_U1326                                                        |mul_40s_32s_58_4_1                                                  |        0|   4|    98|    47|    0|
    |mul_40s_32s_58_4_1_U1327                                                        |mul_40s_32s_58_4_1                                                  |        0|   4|    98|    47|    0|
    |mul_40s_32s_58_4_1_U1328                                                        |mul_40s_32s_58_4_1                                                  |        0|   4|    98|    47|    0|
    |mul_40s_32s_58_4_1_U1329                                                        |mul_40s_32s_58_4_1                                                  |        0|   4|    98|    47|    0|
    |mul_40s_32s_58_4_1_U1330                                                        |mul_40s_32s_58_4_1                                                  |        0|   4|    98|    47|    0|
    |mul_40s_32s_58_4_1_U1331                                                        |mul_40s_32s_58_4_1                                                  |        0|   4|    98|    47|    0|
    |mul_40s_32s_58_4_1_U1332                                                        |mul_40s_32s_58_4_1                                                  |        0|   4|    98|    47|    0|
    |mul_40s_32s_58_4_1_U1333                                                        |mul_40s_32s_58_4_1                                                  |        0|   4|    98|    47|    0|
    |mul_40s_32s_58_4_1_U1334                                                        |mul_40s_32s_58_4_1                                                  |        0|   4|    98|    47|    0|
    |mul_40s_32s_58_4_1_U1335                                                        |mul_40s_32s_58_4_1                                                  |        0|   4|    98|    47|    0|
    |mul_40s_32s_58_4_1_U1336                                                        |mul_40s_32s_58_4_1                                                  |        0|   4|    98|    47|    0|
    |mul_40s_32s_58_4_1_U1337                                                        |mul_40s_32s_58_4_1                                                  |        0|   4|    98|    47|    0|
    |mul_40s_32s_58_4_1_U1338                                                        |mul_40s_32s_58_4_1                                                  |        0|   4|    98|    47|    0|
    |mul_40s_32s_58_4_1_U1339                                                        |mul_40s_32s_58_4_1                                                  |        0|   4|    98|    47|    0|
    |mul_40s_32s_58_4_1_U1340                                                        |mul_40s_32s_58_4_1                                                  |        0|   4|    98|    47|    0|
    |mul_40s_32s_58_4_1_U1341                                                        |mul_40s_32s_58_4_1                                                  |        0|   4|    98|    47|    0|
    |mul_40s_32s_58_4_1_U1342                                                        |mul_40s_32s_58_4_1                                                  |        0|   4|    98|    47|    0|
    |mul_40s_32s_58_4_1_U1343                                                        |mul_40s_32s_58_4_1                                                  |        0|   4|    98|    47|    0|
    |mul_40s_32s_58_4_1_U1344                                                        |mul_40s_32s_58_4_1                                                  |        0|   4|    98|    47|    0|
    |mul_40s_32s_58_4_1_U1345                                                        |mul_40s_32s_58_4_1                                                  |        0|   4|    98|    47|    0|
    |mul_40s_32s_58_4_1_U1346                                                        |mul_40s_32s_58_4_1                                                  |        0|   4|    98|    47|    0|
    |mul_40s_32s_58_4_1_U1347                                                        |mul_40s_32s_58_4_1                                                  |        0|   4|    98|    47|    0|
    |mul_40s_32s_58_4_1_U1348                                                        |mul_40s_32s_58_4_1                                                  |        0|   4|    98|    47|    0|
    |mul_40s_32s_58_4_1_U1349                                                        |mul_40s_32s_58_4_1                                                  |        0|   4|    98|    47|    0|
    |mul_40s_32s_58_4_1_U1350                                                        |mul_40s_32s_58_4_1                                                  |        0|   4|    98|    47|    0|
    |mul_40s_32s_58_4_1_U1351                                                        |mul_40s_32s_58_4_1                                                  |        0|   4|    98|    47|    0|
    |mul_40s_32s_58_4_1_U1352                                                        |mul_40s_32s_58_4_1                                                  |        0|   4|    98|    47|    0|
    |mul_40s_32s_58_4_1_U1353                                                        |mul_40s_32s_58_4_1                                                  |        0|   4|    98|    47|    0|
    |mul_40s_32s_58_4_1_U1354                                                        |mul_40s_32s_58_4_1                                                  |        0|   4|    98|    47|    0|
    |mul_40s_32s_58_4_1_U1355                                                        |mul_40s_32s_58_4_1                                                  |        0|   4|    98|    47|    0|
    |mul_40s_32s_58_4_1_U1356                                                        |mul_40s_32s_58_4_1                                                  |        0|   4|    98|    47|    0|
    |mul_40s_32s_58_4_1_U1357                                                        |mul_40s_32s_58_4_1                                                  |        0|   4|    98|    47|    0|
    |mul_40s_32s_58_4_1_U1358                                                        |mul_40s_32s_58_4_1                                                  |        0|   4|    98|    47|    0|
    |mul_40s_32s_58_4_1_U1359                                                        |mul_40s_32s_58_4_1                                                  |        0|   4|    98|    47|    0|
    |mul_40s_32s_58_4_1_U1360                                                        |mul_40s_32s_58_4_1                                                  |        0|   4|    98|    47|    0|
    |mul_40s_32s_58_4_1_U1361                                                        |mul_40s_32s_58_4_1                                                  |        0|   4|    98|    47|    0|
    |mul_40s_32s_58_4_1_U1362                                                        |mul_40s_32s_58_4_1                                                  |        0|   4|    98|    47|    0|
    |mul_40s_32s_58_4_1_U1363                                                        |mul_40s_32s_58_4_1                                                  |        0|   4|    98|    47|    0|
    |mul_40s_32s_58_4_1_U1364                                                        |mul_40s_32s_58_4_1                                                  |        0|   4|    98|    47|    0|
    |mul_40s_32s_58_4_1_U1365                                                        |mul_40s_32s_58_4_1                                                  |        0|   4|    98|    47|    0|
    |mul_40s_32s_58_4_1_U1366                                                        |mul_40s_32s_58_4_1                                                  |        0|   4|    98|    47|    0|
    |mul_40s_32s_58_4_1_U1367                                                        |mul_40s_32s_58_4_1                                                  |        0|   4|    98|    47|    0|
    |mul_40s_32s_58_4_1_U1368                                                        |mul_40s_32s_58_4_1                                                  |        0|   4|    98|    47|    0|
    |mul_40s_32s_58_4_1_U1369                                                        |mul_40s_32s_58_4_1                                                  |        0|   4|    98|    47|    0|
    |mul_40s_32s_58_4_1_U1370                                                        |mul_40s_32s_58_4_1                                                  |        0|   4|    98|    47|    0|
    |mul_40s_32s_58_4_1_U1371                                                        |mul_40s_32s_58_4_1                                                  |        0|   4|    98|    47|    0|
    |mul_40s_32s_58_4_1_U1372                                                        |mul_40s_32s_58_4_1                                                  |        0|   4|    98|    47|    0|
    |mul_40s_32s_58_4_1_U1373                                                        |mul_40s_32s_58_4_1                                                  |        0|   4|    98|    47|    0|
    |mul_40s_32s_58_4_1_U1374                                                        |mul_40s_32s_58_4_1                                                  |        0|   4|    98|    47|    0|
    |mul_40s_32s_58_4_1_U1375                                                        |mul_40s_32s_58_4_1                                                  |        0|   4|    98|    47|    0|
    |mul_40s_32s_58_4_1_U1376                                                        |mul_40s_32s_58_4_1                                                  |        0|   4|    98|    47|    0|
    |mul_40s_32s_58_4_1_U1377                                                        |mul_40s_32s_58_4_1                                                  |        0|   4|    98|    47|    0|
    |mul_40s_32s_58_4_1_U1378                                                        |mul_40s_32s_58_4_1                                                  |        0|   4|    98|    47|    0|
    |mul_40s_32s_58_4_1_U1379                                                        |mul_40s_32s_58_4_1                                                  |        0|   4|    98|    47|    0|
    |mul_40s_32s_58_4_1_U1380                                                        |mul_40s_32s_58_4_1                                                  |        0|   4|    98|    47|    0|
    |mul_40s_32s_58_4_1_U1381                                                        |mul_40s_32s_58_4_1                                                  |        0|   4|    98|    47|    0|
    |mul_40s_32s_58_4_1_U1382                                                        |mul_40s_32s_58_4_1                                                  |        0|   4|    98|    47|    0|
    |mul_40s_32s_58_4_1_U1383                                                        |mul_40s_32s_58_4_1                                                  |        0|   4|    98|    47|    0|
    |mul_40s_32s_58_4_1_U1384                                                        |mul_40s_32s_58_4_1                                                  |        0|   4|    98|    47|    0|
    |mul_40s_32s_58_4_1_U1385                                                        |mul_40s_32s_58_4_1                                                  |        0|   4|    98|    47|    0|
    |mul_40s_32s_58_4_1_U1386                                                        |mul_40s_32s_58_4_1                                                  |        0|   4|    98|    47|    0|
    |mul_40s_32s_58_4_1_U1387                                                        |mul_40s_32s_58_4_1                                                  |        0|   4|    98|    47|    0|
    |mul_40s_32s_58_4_1_U1388                                                        |mul_40s_32s_58_4_1                                                  |        0|   4|    98|    47|    0|
    |mul_40s_32s_58_4_1_U1389                                                        |mul_40s_32s_58_4_1                                                  |        0|   4|    98|    47|    0|
    |mul_40s_32s_58_4_1_U1390                                                        |mul_40s_32s_58_4_1                                                  |        0|   4|    98|    47|    0|
    |mul_40s_32s_58_4_1_U1391                                                        |mul_40s_32s_58_4_1                                                  |        0|   4|    98|    47|    0|
    |mul_40s_32s_58_4_1_U1392                                                        |mul_40s_32s_58_4_1                                                  |        0|   4|    98|    47|    0|
    |mul_40s_32s_58_4_1_U1393                                                        |mul_40s_32s_58_4_1                                                  |        0|   4|    98|    47|    0|
    |mul_40s_32s_58_4_1_U1394                                                        |mul_40s_32s_58_4_1                                                  |        0|   4|    98|    47|    0|
    |mul_40s_32s_58_4_1_U1395                                                        |mul_40s_32s_58_4_1                                                  |        0|   4|    98|    47|    0|
    |mul_40s_32s_58_4_1_U1396                                                        |mul_40s_32s_58_4_1                                                  |        0|   4|    98|    47|    0|
    |mul_40s_32s_58_4_1_U1397                                                        |mul_40s_32s_58_4_1                                                  |        0|   4|    98|    47|    0|
    |mul_40s_32s_58_4_1_U1398                                                        |mul_40s_32s_58_4_1                                                  |        0|   4|    98|    47|    0|
    |mul_40s_32s_58_4_1_U1399                                                        |mul_40s_32s_58_4_1                                                  |        0|   4|    98|    47|    0|
    |mul_40s_32s_58_4_1_U1400                                                        |mul_40s_32s_58_4_1                                                  |        0|   4|    98|    47|    0|
    |mul_40s_32s_58_4_1_U1401                                                        |mul_40s_32s_58_4_1                                                  |        0|   4|    98|    47|    0|
    |mul_40s_32s_58_4_1_U1402                                                        |mul_40s_32s_58_4_1                                                  |        0|   4|    98|    47|    0|
    |mul_40s_32s_58_4_1_U1403                                                        |mul_40s_32s_58_4_1                                                  |        0|   4|    98|    47|    0|
    |mul_40s_32s_58_4_1_U1404                                                        |mul_40s_32s_58_4_1                                                  |        0|   4|    98|    47|    0|
    |mul_40s_32s_58_4_1_U1405                                                        |mul_40s_32s_58_4_1                                                  |        0|   4|    98|    47|    0|
    |mul_40s_32s_58_4_1_U1406                                                        |mul_40s_32s_58_4_1                                                  |        0|   4|    98|    47|    0|
    |mul_40s_32s_58_4_1_U1407                                                        |mul_40s_32s_58_4_1                                                  |        0|   4|    98|    47|    0|
    |mul_40s_32s_58_4_1_U1408                                                        |mul_40s_32s_58_4_1                                                  |        0|   4|    98|    47|    0|
    |mul_40s_32s_58_4_1_U1409                                                        |mul_40s_32s_58_4_1                                                  |        0|   4|    98|    47|    0|
    |mul_40s_32s_58_4_1_U1410                                                        |mul_40s_32s_58_4_1                                                  |        0|   4|    98|    47|    0|
    |mul_40s_32s_58_4_1_U1411                                                        |mul_40s_32s_58_4_1                                                  |        0|   4|    98|    47|    0|
    |mul_40s_32s_58_4_1_U1412                                                        |mul_40s_32s_58_4_1                                                  |        0|   4|    98|    47|    0|
    |mul_40s_32s_58_4_1_U1413                                                        |mul_40s_32s_58_4_1                                                  |        0|   4|    98|    47|    0|
    |mul_40s_32s_58_4_1_U1414                                                        |mul_40s_32s_58_4_1                                                  |        0|   4|    98|    47|    0|
    |mul_40s_32s_58_4_1_U1415                                                        |mul_40s_32s_58_4_1                                                  |        0|   4|    98|    47|    0|
    |mul_40s_32s_58_4_1_U1416                                                        |mul_40s_32s_58_4_1                                                  |        0|   4|    98|    47|    0|
    |mul_40s_32s_58_4_1_U1417                                                        |mul_40s_32s_58_4_1                                                  |        0|   4|    98|    47|    0|
    |mul_40s_32s_58_4_1_U1418                                                        |mul_40s_32s_58_4_1                                                  |        0|   4|    98|    47|    0|
    |mul_40s_32s_58_4_1_U1419                                                        |mul_40s_32s_58_4_1                                                  |        0|   4|    98|    47|    0|
    |mul_40s_32s_58_4_1_U1420                                                        |mul_40s_32s_58_4_1                                                  |        0|   4|    98|    47|    0|
    |mul_40s_32s_58_4_1_U1421                                                        |mul_40s_32s_58_4_1                                                  |        0|   4|    98|    47|    0|
    |mul_40s_32s_58_4_1_U1422                                                        |mul_40s_32s_58_4_1                                                  |        0|   4|    98|    47|    0|
    |mul_40s_32s_58_4_1_U1423                                                        |mul_40s_32s_58_4_1                                                  |        0|   4|    98|    47|    0|
    |mul_40s_32s_58_4_1_U1424                                                        |mul_40s_32s_58_4_1                                                  |        0|   4|    98|    47|    0|
    |mul_40s_32s_58_4_1_U1425                                                        |mul_40s_32s_58_4_1                                                  |        0|   4|    98|    47|    0|
    |mul_40s_32s_58_4_1_U1426                                                        |mul_40s_32s_58_4_1                                                  |        0|   4|    98|    47|    0|
    |mul_40s_32s_58_4_1_U1427                                                        |mul_40s_32s_58_4_1                                                  |        0|   4|    98|    47|    0|
    |mul_40s_32s_58_4_1_U1428                                                        |mul_40s_32s_58_4_1                                                  |        0|   4|    98|    47|    0|
    |mul_40s_32s_58_4_1_U1429                                                        |mul_40s_32s_58_4_1                                                  |        0|   4|    98|    47|    0|
    |mul_40s_32s_58_4_1_U1430                                                        |mul_40s_32s_58_4_1                                                  |        0|   4|    98|    47|    0|
    |mul_40s_32s_58_4_1_U1431                                                        |mul_40s_32s_58_4_1                                                  |        0|   4|    98|    47|    0|
    |mul_40s_32s_58_4_1_U1432                                                        |mul_40s_32s_58_4_1                                                  |        0|   4|    98|    47|    0|
    |mul_40s_32s_58_4_1_U1433                                                        |mul_40s_32s_58_4_1                                                  |        0|   4|    98|    47|    0|
    |mul_40s_32s_58_4_1_U1434                                                        |mul_40s_32s_58_4_1                                                  |        0|   4|    98|    47|    0|
    |mul_40s_32s_58_4_1_U1435                                                        |mul_40s_32s_58_4_1                                                  |        0|   4|    98|    47|    0|
    |mul_40s_32s_58_4_1_U1436                                                        |mul_40s_32s_58_4_1                                                  |        0|   4|    98|    47|    0|
    |mul_40s_32s_58_4_1_U1437                                                        |mul_40s_32s_58_4_1                                                  |        0|   4|    98|    47|    0|
    |mul_40s_32s_58_4_1_U1438                                                        |mul_40s_32s_58_4_1                                                  |        0|   4|    98|    47|    0|
    |mul_40s_32s_58_4_1_U1439                                                        |mul_40s_32s_58_4_1                                                  |        0|   4|    98|    47|    0|
    |mul_40s_32s_58_4_1_U1440                                                        |mul_40s_32s_58_4_1                                                  |        0|   4|    98|    47|    0|
    |mul_40s_32s_58_4_1_U1441                                                        |mul_40s_32s_58_4_1                                                  |        0|   4|    98|    47|    0|
    |mul_40s_32s_58_4_1_U1442                                                        |mul_40s_32s_58_4_1                                                  |        0|   4|    98|    47|    0|
    |mul_40s_32s_58_4_1_U1443                                                        |mul_40s_32s_58_4_1                                                  |        0|   4|    98|    47|    0|
    |mul_40s_32s_58_4_1_U1444                                                        |mul_40s_32s_58_4_1                                                  |        0|   4|    98|    47|    0|
    |mul_40s_32s_58_4_1_U1445                                                        |mul_40s_32s_58_4_1                                                  |        0|   4|    98|    47|    0|
    |mul_40s_32s_58_4_1_U1446                                                        |mul_40s_32s_58_4_1                                                  |        0|   4|    98|    47|    0|
    |mul_40s_32s_58_4_1_U1447                                                        |mul_40s_32s_58_4_1                                                  |        0|   4|    98|    47|    0|
    |grp_riccati_backward_pass_Pipeline_VITIS_LOOP_1013_37_fu_4356                   |riccati_backward_pass_Pipeline_VITIS_LOOP_1013_37                   |        0|  28|  1483|  1332|    0|
    |grp_riccati_backward_pass_Pipeline_VITIS_LOOP_1029_38_fu_4428                   |riccati_backward_pass_Pipeline_VITIS_LOOP_1029_38                   |        0|   4|   198|   376|    0|
    |grp_riccati_backward_pass_Pipeline_VITIS_LOOP_726_7_VITIS_LOOP_727_8_fu_3997    |riccati_backward_pass_Pipeline_VITIS_LOOP_726_7_VITIS_LOOP_727_8    |        0|  24|  1415|  1161|    0|
    |grp_riccati_backward_pass_Pipeline_VITIS_LOOP_750_9_fu_4129                     |riccati_backward_pass_Pipeline_VITIS_LOOP_750_9                     |        0|   0|   113|   420|    0|
    |grp_riccati_backward_pass_Pipeline_VITIS_LOOP_766_10_fu_4097                    |riccati_backward_pass_Pipeline_VITIS_LOOP_766_10                    |        0|   0|   960|   248|    0|
    |grp_riccati_backward_pass_Pipeline_VITIS_LOOP_831_12_VITIS_LOOP_832_13_fu_4280  |riccati_backward_pass_Pipeline_VITIS_LOOP_831_12_VITIS_LOOP_832_13  |        0|   0|   196|   354|    0|
    |sparsemux_9_2_26_1_1_U1448                                                      |sparsemux_9_2_26_1_1                                                |        0|   0|     0|    20|    0|
    |sparsemux_9_2_26_1_1_U1449                                                      |sparsemux_9_2_26_1_1                                                |        0|   0|     0|    20|    0|
    |sparsemux_9_2_26_1_1_U1450                                                      |sparsemux_9_2_26_1_1                                                |        0|   0|     0|    20|    0|
    |sparsemux_9_2_26_1_1_U1451                                                      |sparsemux_9_2_26_1_1                                                |        0|   0|     0|    20|    0|
    |sparsemux_9_2_26_1_1_U1452                                                      |sparsemux_9_2_26_1_1                                                |        0|   0|     0|    20|    0|
    |sparsemux_9_2_26_1_1_U1453                                                      |sparsemux_9_2_26_1_1                                                |        0|   0|     0|    20|    0|
    |sparsemux_9_2_26_1_1_U1454                                                      |sparsemux_9_2_26_1_1                                                |        0|   0|     0|    20|    0|
    |sparsemux_9_2_26_1_1_U1455                                                      |sparsemux_9_2_26_1_1                                                |        0|   0|     0|    20|    0|
    |sparsemux_9_2_26_1_1_U1456                                                      |sparsemux_9_2_26_1_1                                                |        0|   0|     0|    20|    0|
    |sparsemux_9_2_26_1_1_U1457                                                      |sparsemux_9_2_26_1_1                                                |        0|   0|     0|    20|    0|
    |sparsemux_9_2_26_1_1_U1458                                                      |sparsemux_9_2_26_1_1                                                |        0|   0|     0|    20|    0|
    |sparsemux_9_2_26_1_1_U1459                                                      |sparsemux_9_2_26_1_1                                                |        0|   0|     0|    20|    0|
    |sparsemux_9_2_26_1_1_U1460                                                      |sparsemux_9_2_26_1_1                                                |        0|   0|     0|    20|    0|
    |sparsemux_9_2_26_1_1_U1461                                                      |sparsemux_9_2_26_1_1                                                |        0|   0|     0|    20|    0|
    |sparsemux_9_2_26_1_1_U1462                                                      |sparsemux_9_2_26_1_1                                                |        0|   0|     0|    20|    0|
    |sparsemux_9_2_26_1_1_U1463                                                      |sparsemux_9_2_26_1_1                                                |        0|   0|     0|    20|    0|
    |pd_sum_sum6_P_QP_raw_fu_13849                                                   |sum6_P_QP_raw                                                       |        0|   0|     0|   297|    0|
    |grp_sum8_P_MIX_raw_pupdate_fu_4437                                              |sum8_P_MIX_raw_pupdate                                              |        0|   0|    60|   429|    0|
    |grp_sum8_P_MIX_raw_pupdate_fu_4449                                              |sum8_P_MIX_raw_pupdate                                              |        0|   0|    60|   429|    0|
    |grp_sum8_P_MIX_raw_pupdate_fu_4461                                              |sum8_P_MIX_raw_pupdate                                              |        0|   0|    60|   429|    0|
    |grp_sum8_P_MIX_raw_pupdate_fu_4473                                              |sum8_P_MIX_raw_pupdate                                              |        0|   0|    60|   429|    0|
    |grp_sum8_P_MIX_raw_pupdate_fu_4485                                              |sum8_P_MIX_raw_pupdate                                              |        0|   0|    60|   429|    0|
    |grp_sum8_P_MIX_raw_pupdate_fu_4497                                              |sum8_P_MIX_raw_pupdate                                              |        0|   0|    60|   429|    0|
    |grp_sum8_P_MIX_raw_pupdate_fu_4509                                              |sum8_P_MIX_raw_pupdate                                              |        0|   0|    60|   429|    0|
    |grp_sum8_P_MIX_raw_pupdate_fu_4521                                              |sum8_P_MIX_raw_pupdate                                              |        0|   0|    60|   429|    0|
    |grp_sum8_P_MIX_raw_pupdate_fu_4533                                              |sum8_P_MIX_raw_pupdate                                              |        0|   0|    60|   429|    0|
    |grp_sum8_P_MIX_raw_pupdate_fu_4545                                              |sum8_P_MIX_raw_pupdate                                              |        0|   0|    60|   429|    0|
    |grp_sum8_P_MIX_raw_pupdate_fu_4557                                              |sum8_P_MIX_raw_pupdate                                              |        0|   0|    60|   429|    0|
    |grp_sum8_P_MIX_raw_pupdate_fu_4569                                              |sum8_P_MIX_raw_pupdate                                              |        0|   0|    60|   429|    0|
    |grp_sum8_P_MIX_raw_pupdate_fu_4581                                              |sum8_P_MIX_raw_pupdate                                              |        0|   0|    60|   429|    0|
    |grp_sum8_P_MIX_raw_pupdate_fu_4593                                              |sum8_P_MIX_raw_pupdate                                              |        0|   0|    60|   429|    0|
    |grp_sum8_P_MIX_raw_pupdate_fu_4605                                              |sum8_P_MIX_raw_pupdate                                              |        0|   0|    60|   429|    0|
    |grp_sum8_P_MIX_raw_pupdate_fu_4617                                              |sum8_P_MIX_raw_pupdate                                              |        0|   0|    60|   429|    0|
    |grp_sum8_P_MIX_raw_pupdate_fu_4629                                              |sum8_P_MIX_raw_pupdate                                              |        0|   0|    60|   429|    0|
    |grp_sum8_P_MIX_raw_pupdate_fu_4641                                              |sum8_P_MIX_raw_pupdate                                              |        0|   0|    60|   429|    0|
    |grp_sum8_P_MIX_raw_pupdate_fu_4653                                              |sum8_P_MIX_raw_pupdate                                              |        0|   0|    60|   429|    0|
    |grp_sum8_P_MIX_raw_pupdate_fu_4665                                              |sum8_P_MIX_raw_pupdate                                              |        0|   0|    60|   429|    0|
    |grp_sum8_P_MIX_raw_pupdate_fu_4677                                              |sum8_P_MIX_raw_pupdate                                              |        0|   0|    60|   429|    0|
    +--------------------------------------------------------------------------------+--------------------------------------------------------------------+---------+----+------+------+-----+
    |Total                                                                           |                                                                    |        1| 825| 29939| 28278|    0|
    +--------------------------------------------------------------------------------+--------------------------------------------------------------------+---------+----+------+------+-----+

    * DSP: 
    N/A

    * Memory: 
    +--------+----------------------------------------------+---------+----+----+-----+------+-----+------+-------------+
    | Memory |                    Module                    | BRAM_18K| FF | LUT| URAM| Words| Bits| Banks| W*Bits*Banks|
    +--------+----------------------------------------------+---------+----+----+-----+------+-----+------+-------------+
    |PA_U    |riccati_backward_pass_PA_RAM_2P_LUTRAM_1R1W   |        0|  80|   4|    0|     6|   40|     1|          240|
    |PA_1_U  |riccati_backward_pass_PA_RAM_2P_LUTRAM_1R1W   |        0|  80|   4|    0|     6|   40|     1|          240|
    |PA_2_U  |riccati_backward_pass_PA_RAM_2P_LUTRAM_1R1W   |        0|  80|   4|    0|     6|   40|     1|          240|
    |PA_3_U  |riccati_backward_pass_PA_RAM_2P_LUTRAM_1R1W   |        0|  80|   4|    0|     6|   40|     1|          240|
    |PA_4_U  |riccati_backward_pass_PA_RAM_2P_LUTRAM_1R1W   |        0|  80|   4|    0|     6|   40|     1|          240|
    |PA_5_U  |riccati_backward_pass_PA_RAM_2P_LUTRAM_1R1W   |        0|  80|   4|    0|     6|   40|     1|          240|
    |P_6_U   |riccati_backward_pass_P_6_RAM_2P_LUTRAM_1R1W  |        0|  62|   4|    0|     8|   31|     1|          248|
    |P_7_U   |riccati_backward_pass_P_6_RAM_2P_LUTRAM_1R1W  |        0|  62|   4|    0|     8|   31|     1|          248|
    |P_U     |riccati_backward_pass_P_RAM_2P_LUTRAM_1R1W    |        0|  80|   5|    0|     8|   40|     1|          320|
    |P_1_U   |riccati_backward_pass_P_RAM_2P_LUTRAM_1R1W    |        0|  80|   5|    0|     8|   40|     1|          320|
    |P_2_U   |riccati_backward_pass_P_RAM_2P_LUTRAM_1R1W    |        0|  80|   5|    0|     8|   40|     1|          320|
    |P_3_U   |riccati_backward_pass_P_RAM_2P_LUTRAM_1R1W    |        0|  80|   5|    0|     8|   40|     1|          320|
    |P_4_U   |riccati_backward_pass_P_RAM_2P_LUTRAM_1R1W    |        0|  80|   5|    0|     8|   40|     1|          320|
    |P_5_U   |riccati_backward_pass_P_RAM_2P_LUTRAM_1R1W    |        0|  80|   5|    0|     8|   40|     1|          320|
    +--------+----------------------------------------------+---------+----+----+-----+------+-----+------+-------------+
    |Total   |                                              |        0|1084|  62|    0|   100|  542|    14|         3856|
    +--------+----------------------------------------------+---------+----+----+-----+------+-----+------+-------------+

    * FIFO: 
    N/A

    * Expression: 
    +----------------------------------+----------+----+---+----+------------+------------+
    |           Variable Name          | Operation| DSP| FF| LUT| Bitwidth P0| Bitwidth P1|
    +----------------------------------+----------+----+---+----+------------+------------+
    |S_1_fu_7014_p2                    |         +|   0|  0|  32|          32|          32|
    |S_fu_6975_p2                      |         +|   0|  0|  32|          32|          32|
    |add_ln1004_fu_9079_p2             |         +|   0|  0|  38|          31|          31|
    |add_ln1006_fu_9084_p2             |         +|   0|  0|  38|          31|          31|
    |add_ln535_1_fu_7546_p2            |         +|   0|  0|  15|           8|           4|
    |add_ln535_fu_7425_p2              |         +|   0|  0|  13|           6|           2|
    |add_ln540_fu_7047_p2              |         +|   0|  0|  14|           7|           2|
    |add_ln541_fu_7058_p2              |         +|   0|  0|  14|           7|           2|
    |add_ln542_fu_7083_p2              |         +|   0|  0|  14|           7|           3|
    |add_ln543_fu_7094_p2              |         +|   0|  0|  14|           7|           3|
    |add_ln661_10_fu_6455_p2           |         +|   0|  0|  58|          51|          51|
    |add_ln661_13_fu_6322_p2           |         +|   0|  0|  58|          51|          51|
    |add_ln661_15_fu_6489_p2           |         +|   0|  0|  51|          51|          51|
    |add_ln661_16_fu_6495_p2           |         +|   0|  0|  58|          51|          51|
    |add_ln661_18_fu_6664_p2           |         +|   0|  0|  46|          46|          46|
    |add_ln661_19_fu_6670_p2           |         +|   0|  0|  53|          46|          46|
    |add_ln661_1_fu_7291_p2            |         +|   0|  0|  58|          51|          51|
    |add_ln661_21_fu_6704_p2           |         +|   0|  0|  45|          45|          45|
    |add_ln661_22_fu_6710_p2           |         +|   0|  0|  52|          45|          45|
    |add_ln661_4_fu_7325_p2            |         +|   0|  0|  58|          51|          51|
    |add_ln661_7_fu_6421_p2            |         +|   0|  0|  58|          51|          51|
    |add_ln679_1_fu_6745_p2            |         +|   0|  0|  52|          45|          45|
    |add_ln679_fu_6739_p2              |         +|   0|  0|  45|          45|          45|
    |add_ln691_1_fu_6945_p2            |         +|   0|  0|  52|          45|          45|
    |add_ln691_fu_6939_p2              |         +|   0|  0|  45|          45|          45|
    |add_ln696_fu_6970_p2              |         +|   0|  0|  32|          32|          32|
    |add_ln701_fu_7009_p2              |         +|   0|  0|  32|          32|          32|
    |add_ln704_fu_7031_p2              |         +|   0|  0|  36|          29|          29|
    |add_ln799_1_fu_7657_p2            |         +|   0|  0|  58|          51|          51|
    |add_ln799_fu_7651_p2              |         +|   0|  0|  51|          51|          51|
    |add_ln877_fu_9171_p2              |         +|   0|  0|  47|          40|          40|
    |add_ln898_fu_9332_p2              |         +|   0|  0|  47|          40|          22|
    |add_ln916_fu_9338_p2              |         +|   0|  0|  47|          40|          27|
    |add_ln931_fu_9344_p2              |         +|   0|  0|  47|          40|          23|
    |add_ln943_fu_9355_p2              |         +|   0|  0|  47|          40|          20|
    |add_ln952_fu_9327_p2              |         +|   0|  0|  47|          40|          40|
    |b_61_fu_7679_p2                   |         +|   0|  0|  41|          34|          34|
    |b_62_fu_7707_p2                   |         +|   0|  0|  41|          34|          34|
    |bp0_fu_7627_p2                    |         +|   0|  0|  59|          52|          52|
    |bp1_fu_7663_p2                    |         +|   0|  0|  51|          51|          51|
    |grp_fu_5609_p2                    |         +|   0|  0|  51|          51|          51|
    |grp_fu_5615_p2                    |         +|   0|  0|  51|          51|          51|
    |grp_fu_5641_p2                    |         +|   0|  0|  56|          49|          49|
    |grp_fu_5647_p2                    |         +|   0|  0|  56|          49|          49|
    |mb00_fu_6927_p2                   |         +|   0|  0|  53|          46|          46|
    |mb01_fu_6751_p2                   |         +|   0|  0|  45|          45|          45|
    |mb10_fu_6933_p2                   |         +|   0|  0|  53|          46|          46|
    |mb11_fu_6950_p2                   |         +|   0|  0|  45|          45|          45|
    |q_aug_diag_1_fu_6053_p2           |         +|   0|  0|  40|          33|          20|
    |q_aug_diag_fu_6042_p2             |         +|   0|  0|  40|          33|          30|
    |s0_1_fu_7117_p2                   |         +|   0|  0|  59|          52|          52|
    |s0_2_fu_6238_p2                   |         +|   0|  0|  59|          52|          52|
    |s0_3_fu_6266_p2                   |         +|   0|  0|  59|          52|          52|
    |s0_4_fu_6294_p2                   |         +|   0|  0|  59|          52|          52|
    |s0_5_fu_6356_p2                   |         +|   0|  0|  59|          52|          52|
    |s0_6_fu_6636_p2                   |         +|   0|  0|  53|          46|          46|
    |s0_7_fu_6603_p2                   |         +|   0|  0|  52|          45|          45|
    |s0_fu_7253_p2                     |         +|   0|  0|  59|          52|          52|
    |s1_1_fu_7331_p2                   |         +|   0|  0|  51|          51|          51|
    |s1_2_fu_6427_p2                   |         +|   0|  0|  51|          51|          51|
    |s1_3_fu_6461_p2                   |         +|   0|  0|  51|          51|          51|
    |s1_4_fu_6328_p2                   |         +|   0|  0|  51|          51|          51|
    |s1_5_fu_6501_p2                   |         +|   0|  0|  51|          51|          51|
    |s1_6_fu_6676_p2                   |         +|   0|  0|  46|          46|          46|
    |s1_7_fu_6716_p2                   |         +|   0|  0|  45|          45|          45|
    |s1_fu_7297_p2                     |         +|   0|  0|  51|          51|          51|
    |s6_3_fu_8930_p2                   |         +|   0|  0|  56|          49|          49|
    |s6_4_fu_8967_p2                   |         +|   0|  0|  56|          49|          49|
    |s6_5_fu_9004_p2                   |         +|   0|  0|  56|          49|          49|
    |s7_3_fu_8936_p2                   |         +|   0|  0|  56|          49|          49|
    |s7_4_fu_8973_p2                   |         +|   0|  0|  56|          49|          49|
    |s7_5_fu_9010_p2                   |         +|   0|  0|  56|          49|          49|
    |val0_fu_7855_p2                   |         +|   0|  0|  44|          44|          44|
    |val1_fu_7861_p2                   |         +|   0|  0|  44|          44|          44|
    |diff_4_fu_6850_p2                 |         -|   0|  0|  39|          32|          32|
    |diff_5_fu_6861_p2                 |         -|   0|  0|  39|          32|          32|
    |grp_fu_5577_p2                    |         -|   0|  0|  39|          32|          32|
    |grp_fu_5583_p2                    |         -|   0|  0|  39|          32|          32|
    |p_10_fu_6082_p2                   |         -|   0|  0|  42|          35|          35|
    |p_fu_6068_p2                      |         -|   0|  0|  42|          35|          35|
    |q_aug_linear_4_fu_7077_p2         |         -|   0|  0|  42|          35|          35|
    |q_aug_linear_5_fu_7191_p2         |         -|   0|  0|  42|          35|          35|
    |rlin_2_fu_7207_p2                 |         -|   0|  0|  39|           1|          32|
    |rlin_fu_7227_p2                   |         -|   0|  0|  39|           1|          32|
    |sub_ln538_fu_6789_p2              |         -|   0|  0|  15|           8|           8|
    |value_38_fu_7867_p2               |         -|   0|  0|  44|           1|          44|
    |value_39_fu_7884_p2               |         -|   0|  0|  44|           1|          44|
    |first_stage_fu_6829_p2            |      icmp|   0|  0|  13|           6|           1|
    |icmp_ln715_fu_7363_p2             |      icmp|   0|  0|  39|          32|          11|
    |icmp_ln716_fu_7380_p2             |      icmp|   0|  0|  39|          32|          11|
    |PA_1_we1                          |        or|   0|  0|   2|           1|           1|
    |PA_2_we1                          |        or|   0|  0|   2|           1|           1|
    |PA_3_we1                          |        or|   0|  0|   2|           1|           1|
    |PA_4_we1                          |        or|   0|  0|   2|           1|           1|
    |PA_5_we1                          |        or|   0|  0|   2|           1|           1|
    |PA_we1                            |        or|   0|  0|   2|           1|           1|
    |ap_block_state31_on_subcall_done  |        or|   0|  0|   2|           1|           1|
    |ap_block_state35_on_subcall_done  |        or|   0|  0|   2|           1|           1|
    |ap_block_state41_on_subcall_done  |        or|   0|  0|   2|           1|           1|
    |G_fu_7605_p3                      |    select|   0|  0|  22|           1|          20|
    |raw_1_fu_7385_p3                  |    select|   0|  0|  31|           1|          31|
    |raw_fu_7368_p3                    |    select|   0|  0|  31|           1|          31|
    |select_ln291_fu_8887_p3           |    select|   0|  0|  22|           1|          20|
    |select_ln523_fu_6834_p3           |    select|   0|  0|  21|           1|          21|
    |select_ln570_fu_7177_p3           |    select|   0|  0|  21|           1|          19|
    |select_ln630_fu_6842_p3           |    select|   0|  0|  21|           1|          20|
    +----------------------------------+----------+----+---+----+------------+------------+
    |Total                             |          |   0|  0|4249|        3489|        3635|
    +----------------------------------+----------+----+---+----+------------+------------+

    * Multiplexer: 
    +----------------------------------+-----+-----------+-----+-----------+
    |               Name               | LUT | Input Size| Bits| Total Bits|
    +----------------------------------+-----+-----------+-----+-----------+
    |K_0_0_0_address0                  |    9|          2|    3|          6|
    |K_0_0_0_ce0                       |    9|          2|    1|          2|
    |K_0_0_0_we0                       |    9|          2|    1|          2|
    |K_0_0_1_address0                  |    9|          2|    3|          6|
    |K_0_0_1_ce0                       |    9|          2|    1|          2|
    |K_0_0_1_we0                       |    9|          2|    1|          2|
    |K_0_0_2_address0                  |    9|          2|    3|          6|
    |K_0_0_2_ce0                       |    9|          2|    1|          2|
    |K_0_0_2_we0                       |    9|          2|    1|          2|
    |K_0_0_3_address0                  |    9|          2|    3|          6|
    |K_0_0_3_ce0                       |    9|          2|    1|          2|
    |K_0_0_3_we0                       |    9|          2|    1|          2|
    |K_0_0_4_address0                  |    9|          2|    3|          6|
    |K_0_0_4_ce0                       |    9|          2|    1|          2|
    |K_0_0_4_we0                       |    9|          2|    1|          2|
    |K_0_0_5_address0                  |    9|          2|    3|          6|
    |K_0_0_5_ce0                       |    9|          2|    1|          2|
    |K_0_0_5_we0                       |    9|          2|    1|          2|
    |K_0_0_6_address0                  |    9|          2|    3|          6|
    |K_0_0_6_ce0                       |    9|          2|    1|          2|
    |K_0_0_6_we0                       |    9|          2|    1|          2|
    |K_0_0_7_address0                  |    9|          2|    3|          6|
    |K_0_0_7_ce0                       |    9|          2|    1|          2|
    |K_0_0_7_we0                       |    9|          2|    1|          2|
    |K_0_1_0_address0                  |    9|          2|    3|          6|
    |K_0_1_0_ce0                       |    9|          2|    1|          2|
    |K_0_1_0_we0                       |    9|          2|    1|          2|
    |K_0_1_1_address0                  |    9|          2|    3|          6|
    |K_0_1_1_ce0                       |    9|          2|    1|          2|
    |K_0_1_1_we0                       |    9|          2|    1|          2|
    |K_0_1_2_address0                  |    9|          2|    3|          6|
    |K_0_1_2_ce0                       |    9|          2|    1|          2|
    |K_0_1_2_we0                       |    9|          2|    1|          2|
    |K_0_1_3_address0                  |    9|          2|    3|          6|
    |K_0_1_3_ce0                       |    9|          2|    1|          2|
    |K_0_1_3_we0                       |    9|          2|    1|          2|
    |K_0_1_4_address0                  |    9|          2|    3|          6|
    |K_0_1_4_ce0                       |    9|          2|    1|          2|
    |K_0_1_4_we0                       |    9|          2|    1|          2|
    |K_0_1_5_address0                  |    9|          2|    3|          6|
    |K_0_1_5_ce0                       |    9|          2|    1|          2|
    |K_0_1_5_we0                       |    9|          2|    1|          2|
    |K_0_1_6_address0                  |    9|          2|    3|          6|
    |K_0_1_6_ce0                       |    9|          2|    1|          2|
    |K_0_1_6_we0                       |    9|          2|    1|          2|
    |K_0_1_7_address0                  |    9|          2|    3|          6|
    |K_0_1_7_ce0                       |    9|          2|    1|          2|
    |K_0_1_7_we0                       |    9|          2|    1|          2|
    |K_1_0_0_address0                  |    9|          2|    3|          6|
    |K_1_0_0_ce0                       |    9|          2|    1|          2|
    |K_1_0_0_we0                       |    9|          2|    1|          2|
    |K_1_0_1_address0                  |    9|          2|    3|          6|
    |K_1_0_1_ce0                       |    9|          2|    1|          2|
    |K_1_0_1_we0                       |    9|          2|    1|          2|
    |K_1_0_2_address0                  |    9|          2|    3|          6|
    |K_1_0_2_ce0                       |    9|          2|    1|          2|
    |K_1_0_2_we0                       |    9|          2|    1|          2|
    |K_1_0_3_address0                  |    9|          2|    3|          6|
    |K_1_0_3_ce0                       |    9|          2|    1|          2|
    |K_1_0_3_we0                       |    9|          2|    1|          2|
    |K_1_0_4_address0                  |    9|          2|    3|          6|
    |K_1_0_4_ce0                       |    9|          2|    1|          2|
    |K_1_0_4_we0                       |    9|          2|    1|          2|
    |K_1_0_5_address0                  |    9|          2|    3|          6|
    |K_1_0_5_ce0                       |    9|          2|    1|          2|
    |K_1_0_5_we0                       |    9|          2|    1|          2|
    |K_1_0_6_address0                  |    9|          2|    3|          6|
    |K_1_0_6_ce0                       |    9|          2|    1|          2|
    |K_1_0_6_we0                       |    9|          2|    1|          2|
    |K_1_0_7_address0                  |    9|          2|    3|          6|
    |K_1_0_7_ce0                       |    9|          2|    1|          2|
    |K_1_0_7_we0                       |    9|          2|    1|          2|
    |K_1_1_0_address0                  |    9|          2|    3|          6|
    |K_1_1_0_ce0                       |    9|          2|    1|          2|
    |K_1_1_0_we0                       |    9|          2|    1|          2|
    |K_1_1_1_address0                  |    9|          2|    3|          6|
    |K_1_1_1_ce0                       |    9|          2|    1|          2|
    |K_1_1_1_we0                       |    9|          2|    1|          2|
    |K_1_1_2_address0                  |    9|          2|    3|          6|
    |K_1_1_2_ce0                       |    9|          2|    1|          2|
    |K_1_1_2_we0                       |    9|          2|    1|          2|
    |K_1_1_3_address0                  |    9|          2|    3|          6|
    |K_1_1_3_ce0                       |    9|          2|    1|          2|
    |K_1_1_3_we0                       |    9|          2|    1|          2|
    |K_1_1_4_address0                  |    9|          2|    3|          6|
    |K_1_1_4_ce0                       |    9|          2|    1|          2|
    |K_1_1_4_we0                       |    9|          2|    1|          2|
    |K_1_1_5_address0                  |    9|          2|    3|          6|
    |K_1_1_5_ce0                       |    9|          2|    1|          2|
    |K_1_1_5_we0                       |    9|          2|    1|          2|
    |K_1_1_6_address0                  |    9|          2|    3|          6|
    |K_1_1_6_ce0                       |    9|          2|    1|          2|
    |K_1_1_6_we0                       |    9|          2|    1|          2|
    |K_1_1_7_address0                  |    9|          2|    3|          6|
    |K_1_1_7_ce0                       |    9|          2|    1|          2|
    |K_1_1_7_we0                       |    9|          2|    1|          2|
    |K_2_0_0_address0                  |    9|          2|    3|          6|
    |K_2_0_0_ce0                       |    9|          2|    1|          2|
    |K_2_0_0_we0                       |    9|          2|    1|          2|
    |K_2_0_1_address0                  |    9|          2|    3|          6|
    |K_2_0_1_ce0                       |    9|          2|    1|          2|
    |K_2_0_1_we0                       |    9|          2|    1|          2|
    |K_2_0_2_address0                  |    9|          2|    3|          6|
    |K_2_0_2_ce0                       |    9|          2|    1|          2|
    |K_2_0_2_we0                       |    9|          2|    1|          2|
    |K_2_0_3_address0                  |    9|          2|    3|          6|
    |K_2_0_3_ce0                       |    9|          2|    1|          2|
    |K_2_0_3_we0                       |    9|          2|    1|          2|
    |K_2_0_4_address0                  |    9|          2|    3|          6|
    |K_2_0_4_ce0                       |    9|          2|    1|          2|
    |K_2_0_4_we0                       |    9|          2|    1|          2|
    |K_2_0_5_address0                  |    9|          2|    3|          6|
    |K_2_0_5_ce0                       |    9|          2|    1|          2|
    |K_2_0_5_we0                       |    9|          2|    1|          2|
    |K_2_0_6_address0                  |    9|          2|    3|          6|
    |K_2_0_6_ce0                       |    9|          2|    1|          2|
    |K_2_0_6_we0                       |    9|          2|    1|          2|
    |K_2_0_7_address0                  |    9|          2|    3|          6|
    |K_2_0_7_ce0                       |    9|          2|    1|          2|
    |K_2_0_7_we0                       |    9|          2|    1|          2|
    |K_2_1_0_address0                  |    9|          2|    3|          6|
    |K_2_1_0_ce0                       |    9|          2|    1|          2|
    |K_2_1_0_we0                       |    9|          2|    1|          2|
    |K_2_1_1_address0                  |    9|          2|    3|          6|
    |K_2_1_1_ce0                       |    9|          2|    1|          2|
    |K_2_1_1_we0                       |    9|          2|    1|          2|
    |K_2_1_2_address0                  |    9|          2|    3|          6|
    |K_2_1_2_ce0                       |    9|          2|    1|          2|
    |K_2_1_2_we0                       |    9|          2|    1|          2|
    |K_2_1_3_address0                  |    9|          2|    3|          6|
    |K_2_1_3_ce0                       |    9|          2|    1|          2|
    |K_2_1_3_we0                       |    9|          2|    1|          2|
    |K_2_1_4_address0                  |    9|          2|    3|          6|
    |K_2_1_4_ce0                       |    9|          2|    1|          2|
    |K_2_1_4_we0                       |    9|          2|    1|          2|
    |K_2_1_5_address0                  |    9|          2|    3|          6|
    |K_2_1_5_ce0                       |    9|          2|    1|          2|
    |K_2_1_5_we0                       |    9|          2|    1|          2|
    |K_2_1_6_address0                  |    9|          2|    3|          6|
    |K_2_1_6_ce0                       |    9|          2|    1|          2|
    |K_2_1_6_we0                       |    9|          2|    1|          2|
    |K_2_1_7_address0                  |    9|          2|    3|          6|
    |K_2_1_7_ce0                       |    9|          2|    1|          2|
    |K_2_1_7_we0                       |    9|          2|    1|          2|
    |K_3_0_0_address0                  |    9|          2|    3|          6|
    |K_3_0_0_ce0                       |    9|          2|    1|          2|
    |K_3_0_0_we0                       |    9|          2|    1|          2|
    |K_3_0_1_address0                  |    9|          2|    3|          6|
    |K_3_0_1_ce0                       |    9|          2|    1|          2|
    |K_3_0_1_we0                       |    9|          2|    1|          2|
    |K_3_0_2_address0                  |    9|          2|    3|          6|
    |K_3_0_2_ce0                       |    9|          2|    1|          2|
    |K_3_0_2_we0                       |    9|          2|    1|          2|
    |K_3_0_3_address0                  |    9|          2|    3|          6|
    |K_3_0_3_ce0                       |    9|          2|    1|          2|
    |K_3_0_3_we0                       |    9|          2|    1|          2|
    |K_3_0_4_address0                  |    9|          2|    3|          6|
    |K_3_0_4_ce0                       |    9|          2|    1|          2|
    |K_3_0_4_we0                       |    9|          2|    1|          2|
    |K_3_0_5_address0                  |    9|          2|    3|          6|
    |K_3_0_5_ce0                       |    9|          2|    1|          2|
    |K_3_0_5_we0                       |    9|          2|    1|          2|
    |K_3_0_6_address0                  |    9|          2|    3|          6|
    |K_3_0_6_ce0                       |    9|          2|    1|          2|
    |K_3_0_6_we0                       |    9|          2|    1|          2|
    |K_3_0_7_address0                  |    9|          2|    3|          6|
    |K_3_0_7_ce0                       |    9|          2|    1|          2|
    |K_3_0_7_we0                       |    9|          2|    1|          2|
    |K_3_1_0_address0                  |    9|          2|    3|          6|
    |K_3_1_0_ce0                       |    9|          2|    1|          2|
    |K_3_1_0_we0                       |    9|          2|    1|          2|
    |K_3_1_1_address0                  |    9|          2|    3|          6|
    |K_3_1_1_ce0                       |    9|          2|    1|          2|
    |K_3_1_1_we0                       |    9|          2|    1|          2|
    |K_3_1_2_address0                  |    9|          2|    3|          6|
    |K_3_1_2_ce0                       |    9|          2|    1|          2|
    |K_3_1_2_we0                       |    9|          2|    1|          2|
    |K_3_1_3_address0                  |    9|          2|    3|          6|
    |K_3_1_3_ce0                       |    9|          2|    1|          2|
    |K_3_1_3_we0                       |    9|          2|    1|          2|
    |K_3_1_4_address0                  |    9|          2|    3|          6|
    |K_3_1_4_ce0                       |    9|          2|    1|          2|
    |K_3_1_4_we0                       |    9|          2|    1|          2|
    |K_3_1_5_address0                  |    9|          2|    3|          6|
    |K_3_1_5_ce0                       |    9|          2|    1|          2|
    |K_3_1_5_we0                       |    9|          2|    1|          2|
    |K_3_1_6_address0                  |    9|          2|    3|          6|
    |K_3_1_6_ce0                       |    9|          2|    1|          2|
    |K_3_1_6_we0                       |    9|          2|    1|          2|
    |K_3_1_7_address0                  |    9|          2|    3|          6|
    |K_3_1_7_ce0                       |    9|          2|    1|          2|
    |K_3_1_7_we0                       |    9|          2|    1|          2|
    |PA_1_address0_local               |   20|          4|    3|         12|
    |PA_1_address1                     |    9|          2|    3|          6|
    |PA_1_address1_local               |   20|          4|    3|         12|
    |PA_1_ce1                          |    9|          2|    1|          2|
    |PA_1_d1                           |    9|          2|   40|         80|
    |PA_1_we1                          |    9|          2|    1|          2|
    |PA_2_address0_local               |   20|          4|    3|         12|
    |PA_2_address1                     |    9|          2|    3|          6|
    |PA_2_address1_local               |   20|          4|    3|         12|
    |PA_2_ce1                          |    9|          2|    1|          2|
    |PA_2_d1                           |    9|          2|   40|         80|
    |PA_2_we1                          |    9|          2|    1|          2|
    |PA_3_address0_local               |   20|          4|    3|         12|
    |PA_3_address1                     |    9|          2|    3|          6|
    |PA_3_address1_local               |   20|          4|    3|         12|
    |PA_3_ce1                          |    9|          2|    1|          2|
    |PA_3_d1                           |    9|          2|   40|         80|
    |PA_3_we1                          |    9|          2|    1|          2|
    |PA_4_address0_local               |   20|          4|    3|         12|
    |PA_4_address1                     |    9|          2|    3|          6|
    |PA_4_address1_local               |   20|          4|    3|         12|
    |PA_4_ce1                          |    9|          2|    1|          2|
    |PA_4_d1                           |    9|          2|   40|         80|
    |PA_4_we1                          |    9|          2|    1|          2|
    |PA_5_address0_local               |   20|          4|    3|         12|
    |PA_5_address1                     |    9|          2|    3|          6|
    |PA_5_address1_local               |   20|          4|    3|         12|
    |PA_5_ce1                          |    9|          2|    1|          2|
    |PA_5_d1                           |    9|          2|   40|         80|
    |PA_5_we1                          |    9|          2|    1|          2|
    |PA_address0_local                 |   20|          4|    3|         12|
    |PA_address1                       |    9|          2|    3|          6|
    |PA_address1_local                 |   20|          4|    3|         12|
    |PA_ce1                            |    9|          2|    1|          2|
    |PA_d1                             |    9|          2|   40|         80|
    |PA_we1                            |    9|          2|    1|          2|
    |P_1_address0                      |   14|          3|    3|          9|
    |P_1_address0_local                |   26|          5|    3|         15|
    |P_1_address1_local                |   81|         17|    3|         51|
    |P_1_ce0                           |   14|          3|    1|          3|
    |P_1_d1_local                      |   59|         11|   40|        440|
    |P_2_address0                      |   14|          3|    3|          9|
    |P_2_address0_local                |   26|          5|    3|         15|
    |P_2_address1_local                |   81|         17|    3|         51|
    |P_2_ce0                           |   14|          3|    1|          3|
    |P_2_d1_local                      |   59|         11|   40|        440|
    |P_3_address0                      |   14|          3|    3|          9|
    |P_3_address0_local                |   26|          5|    3|         15|
    |P_3_address1_local                |   81|         17|    3|         51|
    |P_3_ce0                           |   14|          3|    1|          3|
    |P_3_d1_local                      |   59|         11|   40|        440|
    |P_4_address0                      |   14|          3|    3|          9|
    |P_4_address0_local                |   20|          4|    3|         12|
    |P_4_address1_local                |   81|         17|    3|         51|
    |P_4_ce0                           |   14|          3|    1|          3|
    |P_4_d1_local                      |   59|         11|   40|        440|
    |P_5_address0                      |   14|          3|    3|          9|
    |P_5_address0_local                |   26|          5|    3|         15|
    |P_5_address1_local                |   81|         17|    3|         51|
    |P_5_ce0                           |   14|          3|    1|          3|
    |P_5_d1_local                      |   59|         11|   40|        440|
    |P_6_address0_local                |   20|          4|    3|         12|
    |P_6_address1_local                |   81|         17|    3|         51|
    |P_6_d1_local                      |   43|          8|   31|        248|
    |P_7_address0_local                |   26|          5|    3|         15|
    |P_7_address1_local                |   81|         17|    3|         51|
    |P_7_d1_local                      |   43|          8|   31|        248|
    |P_address0                        |   14|          3|    3|          9|
    |P_address0_local                  |   26|          5|    3|         15|
    |P_address1_local                  |   81|         17|    3|         51|
    |P_ce0                             |   14|          3|    1|          3|
    |P_d1_local                        |   59|         11|   40|        440|
    |Si_0_fu_938                       |    9|          2|   32|         64|
    |Si_1_0_fu_942                     |    9|          2|   32|         64|
    |Si_2_0_fu_946                     |    9|          2|   32|         64|
    |Si_3_0_fu_950                     |    9|          2|   32|         64|
    |ap_NS_fsm                         |  225|         50|    1|         50|
    |grp_fp_recip_fu_3983_x            |   14|          3|   32|         96|
    |grp_fu_13845_ce                   |    9|          2|    1|          2|
    |grp_fu_4701_p0                    |   14|          3|   31|         93|
    |grp_fu_4701_p1                    |   14|          3|   32|         96|
    |grp_fu_4737_p0                    |   14|          3|   32|         96|
    |grp_fu_4737_p1                    |   14|          3|   32|         96|
    |grp_fu_4741_p0                    |   14|          3|   32|         96|
    |grp_fu_4741_p1                    |   14|          3|   32|         96|
    |grp_fu_4745_p0                    |   14|          3|   33|         99|
    |grp_fu_4745_p1                    |   14|          3|   32|         96|
    |grp_fu_4757_p0                    |   20|          4|   34|        136|
    |grp_fu_4757_p1                    |   14|          3|   26|         78|
    |grp_fu_4761_p0                    |   20|          4|   34|        136|
    |grp_fu_4761_p1                    |   14|          3|   26|         78|
    |grp_fu_4765_p0                    |   20|          4|   34|        136|
    |grp_fu_4765_p1                    |   14|          3|   26|         78|
    |grp_fu_4769_p0                    |   20|          4|   34|        136|
    |grp_fu_4769_p1                    |   14|          3|   26|         78|
    |grp_fu_4989_ce                    |    9|          2|    1|          2|
    |grp_fu_4989_p0                    |   14|          3|   34|        102|
    |grp_fu_4989_p1                    |   14|          3|   32|         96|
    |grp_fu_4993_ce                    |    9|          2|    1|          2|
    |grp_fu_4993_p0                    |   14|          3|   34|        102|
    |grp_fu_4993_p1                    |   14|          3|   32|         96|
    |grp_fu_4997_ce                    |    9|          2|    1|          2|
    |grp_fu_4997_p0                    |   14|          3|   34|        102|
    |grp_fu_4997_p1                    |   14|          3|   32|         96|
    |grp_fu_5001_ce                    |    9|          2|    1|          2|
    |grp_fu_5001_p0                    |   14|          3|   34|        102|
    |grp_fu_5001_p1                    |   14|          3|   32|         96|
    |grp_fu_5021_p0                    |   26|          5|   40|        200|
    |grp_fu_5021_p1                    |   14|          3|   32|         96|
    |grp_fu_5025_p0                    |   26|          5|   40|        200|
    |grp_fu_5025_p1                    |   14|          3|   32|         96|
    |grp_fu_5029_p0                    |   26|          5|   40|        200|
    |grp_fu_5029_p1                    |   14|          3|   32|         96|
    |grp_fu_5033_p0                    |   14|          3|   40|        120|
    |grp_fu_5037_p0                    |   14|          3|   40|        120|
    |grp_fu_5041_p0                    |   14|          3|   40|        120|
    |grp_fu_5057_p0                    |   26|          5|   40|        200|
    |grp_fu_5057_p1                    |   14|          3|   32|         96|
    |grp_fu_5073_ce                    |   20|          4|    1|          4|
    |grp_fu_5073_p0                    |   20|          4|   40|        160|
    |grp_fu_5073_p1                    |   20|          4|   32|        128|
    |grp_fu_5077_ce                    |   20|          4|    1|          4|
    |grp_fu_5077_p0                    |   20|          4|   40|        160|
    |grp_fu_5077_p1                    |   20|          4|   32|        128|
    |grp_fu_5081_ce                    |   20|          4|    1|          4|
    |grp_fu_5081_p0                    |   20|          4|   40|        160|
    |grp_fu_5081_p1                    |   20|          4|   32|        128|
    |grp_fu_5085_ce                    |   20|          4|    1|          4|
    |grp_fu_5085_p0                    |   20|          4|   40|        160|
    |grp_fu_5085_p1                    |   20|          4|   32|        128|
    |grp_fu_5089_ce                    |   20|          4|    1|          4|
    |grp_fu_5089_p0                    |   20|          4|   40|        160|
    |grp_fu_5089_p1                    |   20|          4|   32|        128|
    |grp_fu_5093_ce                    |   20|          4|    1|          4|
    |grp_fu_5093_p0                    |   20|          4|   40|        160|
    |grp_fu_5093_p1                    |   20|          4|   32|        128|
    |indvars_iv245_fu_934              |    9|          2|    8|         16|
    |k_fu_898                          |    9|          2|    6|         12|
    |p_2_fu_902                        |    9|          2|   40|         80|
    |p_3_fu_906                        |    9|          2|   40|         80|
    |p_4_fu_910                        |    9|          2|   40|         80|
    |p_5_fu_914                        |    9|          2|   40|         80|
    |p_6_fu_918                        |    9|          2|   40|         80|
    |p_7_fu_922                        |    9|          2|   40|         80|
    |p_8_fu_926                        |    9|          2|   40|         80|
    |p_9_fu_930                        |    9|          2|   40|         80|
    |pd_sum_sum6_P_QP_raw_fu_13849_a0  |   14|          3|   58|        174|
    |pd_sum_sum6_P_QP_raw_fu_13849_a1  |   14|          3|   58|        174|
    |pd_sum_sum6_P_QP_raw_fu_13849_a2  |   14|          3|   58|        174|
    |pd_sum_sum6_P_QP_raw_fu_13849_a3  |   14|          3|   58|        174|
    |pd_sum_sum6_P_QP_raw_fu_13849_a4  |   14|          3|   58|        174|
    |pd_sum_sum6_P_QP_raw_fu_13849_a5  |   14|          3|   58|        174|
    |step_data_0_0_0_address0_local    |   14|          3|    5|         15|
    |step_data_0_0_1_address0_local    |   14|          3|    5|         15|
    |step_data_0_0_2_address0_local    |   14|          3|    5|         15|
    |step_data_0_0_3_address0_local    |   14|          3|    5|         15|
    |step_data_0_0_4_address0_local    |   14|          3|    5|         15|
    |step_data_0_0_5_address0_local    |   14|          3|    5|         15|
    |step_data_0_1_0_address0_local    |   14|          3|    5|         15|
    |step_data_0_1_1_address0_local    |   14|          3|    5|         15|
    |step_data_0_1_2_address0_local    |   14|          3|    5|         15|
    |step_data_0_1_3_address0_local    |   14|          3|    5|         15|
    |step_data_0_1_4_address0_local    |   14|          3|    5|         15|
    |step_data_0_1_5_address0_local    |   14|          3|    5|         15|
    |step_data_0_2_0_address0_local    |   14|          3|    5|         15|
    |step_data_0_2_1_address0_local    |   14|          3|    5|         15|
    |step_data_0_2_2_address0_local    |   14|          3|    5|         15|
    |step_data_0_2_3_address0_local    |   14|          3|    5|         15|
    |step_data_0_2_4_address0_local    |   14|          3|    5|         15|
    |step_data_0_2_5_address0_local    |   14|          3|    5|         15|
    |step_data_0_3_0_address0_local    |   14|          3|    5|         15|
    |step_data_0_3_1_address0_local    |   14|          3|    5|         15|
    |step_data_0_3_2_address0_local    |   14|          3|    5|         15|
    |step_data_0_3_3_address0_local    |   14|          3|    5|         15|
    |step_data_0_3_4_address0_local    |   14|          3|    5|         15|
    |step_data_0_3_5_address0_local    |   14|          3|    5|         15|
    |step_data_0_4_0_address0_local    |   14|          3|    5|         15|
    |step_data_0_4_1_address0_local    |   14|          3|    5|         15|
    |step_data_0_4_2_address0_local    |   14|          3|    5|         15|
    |step_data_0_4_3_address0_local    |   14|          3|    5|         15|
    |step_data_0_4_4_address0_local    |   14|          3|    5|         15|
    |step_data_0_4_5_address0_local    |   14|          3|    5|         15|
    |step_data_0_5_0_address0_local    |   14|          3|    5|         15|
    |step_data_0_5_1_address0_local    |   14|          3|    5|         15|
    |step_data_0_5_2_address0_local    |   14|          3|    5|         15|
    |step_data_0_5_3_address0_local    |   14|          3|    5|         15|
    |step_data_0_5_4_address0_local    |   14|          3|    5|         15|
    |step_data_0_5_5_address0_local    |   14|          3|    5|         15|
    |step_data_1_address0_local        |   20|          4|    7|         28|
    |step_data_1_address1_local        |   20|          4|    7|         28|
    |step_data_2_address0_local        |   20|          4|    7|         28|
    |step_data_2_address1_local        |   20|          4|    7|         28|
    |y_x_0_address0_local              |   14|          3|    5|         15|
    |y_x_5_address0_local              |   14|          3|    5|         15|
    |z_x_0_address0_local              |   14|          3|    5|         15|
    |z_x_5_address0_local              |   14|          3|    5|         15|
    +----------------------------------+-----+-----------+-----+-----------+
    |Total                             | 5692|       1206| 3682|      13602|
    +----------------------------------+-----+-----------+-----+-----------+

    * Register: 
    +---------------------------------------------------------------------------------------------+-----+----+-----+-----------+
    |                                             Name                                            |  FF | LUT| Bits| Const Bits|
    +---------------------------------------------------------------------------------------------+-----+----+-----+-----------+
    |G_reg_11527                                                                                  |    8|   0|   23|         15|
    |M_12_reg_10411                                                                               |   34|   0|   34|          0|
    |M_13_reg_10504                                                                               |   33|   0|   33|          0|
    |M_14_reg_10417                                                                               |   34|   0|   34|          0|
    |M_15_reg_10510                                                                               |   33|   0|   33|          0|
    |M_16_reg_10423                                                                               |   34|   0|   34|          0|
    |M_17_reg_10429                                                                               |   33|   0|   33|          0|
    |M_18_reg_10435                                                                               |   34|   0|   34|          0|
    |M_19_reg_10516                                                                               |   33|   0|   33|          0|
    |M_1_reg_11075                                                                                |   33|   0|   33|          0|
    |M_2_reg_10891                                                                                |   34|   0|   34|          0|
    |M_3_reg_11080                                                                                |   33|   0|   33|          0|
    |M_reg_11055                                                                                  |   34|   0|   34|          0|
    |S_1_reg_10790                                                                                |   32|   0|   32|          0|
    |S_reg_10779                                                                                  |   32|   0|   32|          0|
    |Si_0_fu_938                                                                                  |   32|   0|   32|          0|
    |Si_1_0_fu_942                                                                                |   32|   0|   32|          0|
    |Si_1_reg_10901                                                                               |   32|   0|   32|          0|
    |Si_2_0_fu_946                                                                                |   32|   0|   32|          0|
    |Si_2_reg_10906                                                                               |   32|   0|   32|          0|
    |Si_3_0_fu_950                                                                                |   32|   0|   32|          0|
    |Si_3_reg_10911                                                                               |   32|   0|   32|          0|
    |Si_reg_10896                                                                                 |   32|   0|   32|          0|
    |a_45_reg_10258                                                                               |   32|   0|   32|          0|
    |a_46_reg_10264                                                                               |   32|   0|   32|          0|
    |a_47_reg_10270                                                                               |   32|   0|   32|          0|
    |a_48_reg_10276                                                                               |   32|   0|   32|          0|
    |add_ln1004_reg_13725                                                                         |   31|   0|   31|          0|
    |add_ln1006_reg_13730                                                                         |   31|   0|   31|          0|
    |add_ln952_reg_13840                                                                          |   40|   0|   40|          0|
    |ap_CS_fsm                                                                                    |   49|   0|   49|          0|
    |b_103_reg_10316                                                                              |   40|   0|   40|          0|
    |b_107_reg_10326                                                                              |   40|   0|   40|          0|
    |b_110_reg_10248                                                                              |   40|   0|   40|          0|
    |b_111_reg_10253                                                                              |   40|   0|   40|          0|
    |b_115_reg_10356                                                                              |   40|   0|   40|          0|
    |b_118_cast_reg_11697                                                                         |   49|   0|   49|          0|
    |b_118_reg_10441                                                                              |   31|   0|   31|          0|
    |b_119_reg_10446                                                                              |   31|   0|   31|          0|
    |b_123_reg_10456                                                                              |   31|   0|   31|          0|
    |b_1_cast_reg_11706                                                                           |   49|   0|   49|          0|
    |b_2_cast_reg_11714                                                                           |   49|   0|   49|          0|
    |b_4_reg_12080                                                                                |   26|   0|   26|          0|
    |b_61_reg_11538                                                                               |   34|   0|   34|          0|
    |b_66_reg_10742                                                                               |   40|   0|   40|          0|
    |b_67_reg_10753                                                                               |   40|   0|   40|          0|
    |b_69_reg_11667                                                                               |   40|   0|   40|          0|
    |b_70_reg_11672                                                                               |   40|   0|   40|          0|
    |b_71_reg_11677                                                                               |   40|   0|   40|          0|
    |b_72_reg_11682                                                                               |   40|   0|   40|          0|
    |b_73_reg_11687                                                                               |   40|   0|   40|          0|
    |b_74_reg_11692                                                                               |   40|   0|   40|          0|
    |b_75_reg_12002                                                                               |   40|   0|   40|          0|
    |b_76_reg_12007                                                                               |   40|   0|   40|          0|
    |b_77_reg_12012                                                                               |   40|   0|   40|          0|
    |b_78_reg_12017                                                                               |   40|   0|   40|          0|
    |b_79_reg_12022                                                                               |   40|   0|   40|          0|
    |b_80_reg_12027                                                                               |   40|   0|   40|          0|
    |b_81_reg_12032                                                                               |   40|   0|   40|          0|
    |b_82_reg_12037                                                                               |   40|   0|   40|          0|
    |b_83_reg_12042                                                                               |   40|   0|   40|          0|
    |b_84_reg_12047                                                                               |   40|   0|   40|          0|
    |b_85_reg_12052                                                                               |   40|   0|   40|          0|
    |b_86_reg_12057                                                                               |   40|   0|   40|          0|
    |b_99_reg_10657                                                                               |   40|   0|   40|          0|
    |b_s_reg_12074                                                                                |   26|   0|   26|          0|
    |first_stage_reg_10715                                                                        |    1|   0|    1|          0|
    |grp_invert_2x2_qp_hls_fu_3970_ap_start_reg                                                   |    1|   0|    1|          0|
    |grp_riccati_backward_pass_Pipeline_VITIS_LOOP_1013_37_fu_4356_ap_start_reg                   |    1|   0|    1|          0|
    |grp_riccati_backward_pass_Pipeline_VITIS_LOOP_1029_38_fu_4428_ap_start_reg                   |    1|   0|    1|          0|
    |grp_riccati_backward_pass_Pipeline_VITIS_LOOP_726_7_VITIS_LOOP_727_8_fu_3997_ap_start_reg    |    1|   0|    1|          0|
    |grp_riccati_backward_pass_Pipeline_VITIS_LOOP_750_9_fu_4129_ap_start_reg                     |    1|   0|    1|          0|
    |grp_riccati_backward_pass_Pipeline_VITIS_LOOP_766_10_fu_4097_ap_start_reg                    |    1|   0|    1|          0|
    |grp_riccati_backward_pass_Pipeline_VITIS_LOOP_831_12_VITIS_LOOP_832_13_fu_4280_ap_start_reg  |    1|   0|    1|          0|
    |grp_sum8_P_MIX_raw_pupdate_fu_4437_ap_start_reg                                              |    1|   0|    1|          0|
    |grp_sum8_P_MIX_raw_pupdate_fu_4449_ap_start_reg                                              |    1|   0|    1|          0|
    |grp_sum8_P_MIX_raw_pupdate_fu_4461_ap_start_reg                                              |    1|   0|    1|          0|
    |grp_sum8_P_MIX_raw_pupdate_fu_4473_ap_start_reg                                              |    1|   0|    1|          0|
    |grp_sum8_P_MIX_raw_pupdate_fu_4485_ap_start_reg                                              |    1|   0|    1|          0|
    |grp_sum8_P_MIX_raw_pupdate_fu_4497_ap_start_reg                                              |    1|   0|    1|          0|
    |grp_sum8_P_MIX_raw_pupdate_fu_4509_ap_start_reg                                              |    1|   0|    1|          0|
    |grp_sum8_P_MIX_raw_pupdate_fu_4521_ap_start_reg                                              |    1|   0|    1|          0|
    |grp_sum8_P_MIX_raw_pupdate_fu_4533_ap_start_reg                                              |    1|   0|    1|          0|
    |grp_sum8_P_MIX_raw_pupdate_fu_4545_ap_start_reg                                              |    1|   0|    1|          0|
    |grp_sum8_P_MIX_raw_pupdate_fu_4557_ap_start_reg                                              |    1|   0|    1|          0|
    |grp_sum8_P_MIX_raw_pupdate_fu_4569_ap_start_reg                                              |    1|   0|    1|          0|
    |grp_sum8_P_MIX_raw_pupdate_fu_4581_ap_start_reg                                              |    1|   0|    1|          0|
    |grp_sum8_P_MIX_raw_pupdate_fu_4593_ap_start_reg                                              |    1|   0|    1|          0|
    |grp_sum8_P_MIX_raw_pupdate_fu_4605_ap_start_reg                                              |    1|   0|    1|          0|
    |grp_sum8_P_MIX_raw_pupdate_fu_4617_ap_start_reg                                              |    1|   0|    1|          0|
    |grp_sum8_P_MIX_raw_pupdate_fu_4629_ap_start_reg                                              |    1|   0|    1|          0|
    |grp_sum8_P_MIX_raw_pupdate_fu_4641_ap_start_reg                                              |    1|   0|    1|          0|
    |grp_sum8_P_MIX_raw_pupdate_fu_4653_ap_start_reg                                              |    1|   0|    1|          0|
    |grp_sum8_P_MIX_raw_pupdate_fu_4665_ap_start_reg                                              |    1|   0|    1|          0|
    |grp_sum8_P_MIX_raw_pupdate_fu_4677_ap_start_reg                                              |    1|   0|    1|          0|
    |indvars_iv245_fu_934                                                                         |    8|   0|    8|          0|
    |k_fu_898                                                                                     |    6|   0|    6|          0|
    |lshr_ln_reg_10941                                                                            |    3|   0|    3|          0|
    |mul_ln691_reg_10677                                                                          |   45|   0|   45|          0|
    |p_2_fu_902                                                                                   |   40|   0|   40|          0|
    |p_3_fu_906                                                                                   |   40|   0|   40|          0|
    |p_4_fu_910                                                                                   |   40|   0|   40|          0|
    |p_5_fu_914                                                                                   |   40|   0|   40|          0|
    |p_6_fu_918                                                                                   |   40|   0|   40|          0|
    |p_7_fu_922                                                                                   |   40|   0|   40|          0|
    |p_8_fu_926                                                                                   |   40|   0|   40|          0|
    |p_9_fu_930                                                                                   |   40|   0|   40|          0|
    |p_cast_reg_11331                                                                             |    5|   0|   64|         59|
    |p_shift_1_loc_fu_958                                                                         |   34|   0|   34|          0|
    |p_shift_loc_fu_954                                                                           |   33|   0|   33|          0|
    |product_100_reg_13212                                                                        |   58|   0|   58|          0|
    |product_101_reg_13217                                                                        |   58|   0|   58|          0|
    |product_102_reg_13222                                                                        |   58|   0|   58|          0|
    |product_103_reg_13227                                                                        |   58|   0|   58|          0|
    |product_104_reg_13232                                                                        |   58|   0|   58|          0|
    |product_105_reg_13237                                                                        |   58|   0|   58|          0|
    |product_106_reg_13242                                                                        |   58|   0|   58|          0|
    |product_107_reg_13247                                                                        |   58|   0|   58|          0|
    |product_108_reg_13252                                                                        |   58|   0|   58|          0|
    |product_109_reg_13257                                                                        |   58|   0|   58|          0|
    |product_110_reg_13262                                                                        |   58|   0|   58|          0|
    |product_111_reg_13267                                                                        |   58|   0|   58|          0|
    |product_112_reg_13272                                                                        |   58|   0|   58|          0|
    |product_113_reg_13277                                                                        |   58|   0|   58|          0|
    |product_114_reg_13282                                                                        |   58|   0|   58|          0|
    |product_115_reg_13287                                                                        |   58|   0|   58|          0|
    |product_116_reg_13292                                                                        |   58|   0|   58|          0|
    |product_117_reg_13297                                                                        |   58|   0|   58|          0|
    |product_118_reg_13302                                                                        |   58|   0|   58|          0|
    |product_119_reg_13307                                                                        |   58|   0|   58|          0|
    |product_120_reg_13312                                                                        |   58|   0|   58|          0|
    |product_121_reg_13317                                                                        |   58|   0|   58|          0|
    |product_122_reg_13322                                                                        |   58|   0|   58|          0|
    |product_123_reg_13327                                                                        |   58|   0|   58|          0|
    |product_124_reg_13332                                                                        |   58|   0|   58|          0|
    |product_125_reg_13337                                                                        |   58|   0|   58|          0|
    |product_126_reg_13342                                                                        |   58|   0|   58|          0|
    |product_127_reg_13347                                                                        |   58|   0|   58|          0|
    |product_128_reg_13352                                                                        |   58|   0|   58|          0|
    |product_129_reg_13357                                                                        |   58|   0|   58|          0|
    |product_130_reg_13362                                                                        |   58|   0|   58|          0|
    |product_131_reg_13367                                                                        |   58|   0|   58|          0|
    |product_132_reg_13372                                                                        |   58|   0|   58|          0|
    |product_133_reg_13377                                                                        |   58|   0|   58|          0|
    |product_134_reg_13382                                                                        |   58|   0|   58|          0|
    |product_135_reg_13387                                                                        |   58|   0|   58|          0|
    |product_136_reg_13392                                                                        |   58|   0|   58|          0|
    |product_137_reg_13397                                                                        |   58|   0|   58|          0|
    |product_138_reg_13402                                                                        |   58|   0|   58|          0|
    |product_139_reg_13407                                                                        |   58|   0|   58|          0|
    |product_140_reg_13412                                                                        |   58|   0|   58|          0|
    |product_141_reg_13417                                                                        |   58|   0|   58|          0|
    |product_142_reg_13422                                                                        |   58|   0|   58|          0|
    |product_143_reg_13427                                                                        |   58|   0|   58|          0|
    |product_144_reg_13432                                                                        |   58|   0|   58|          0|
    |product_145_reg_13437                                                                        |   58|   0|   58|          0|
    |product_146_reg_13442                                                                        |   58|   0|   58|          0|
    |product_147_reg_13447                                                                        |   58|   0|   58|          0|
    |product_148_reg_13452                                                                        |   58|   0|   58|          0|
    |product_149_reg_13457                                                                        |   58|   0|   58|          0|
    |product_150_reg_13462                                                                        |   58|   0|   58|          0|
    |product_151_reg_13467                                                                        |   58|   0|   58|          0|
    |product_152_reg_13472                                                                        |   58|   0|   58|          0|
    |product_153_reg_13477                                                                        |   58|   0|   58|          0|
    |product_154_reg_13482                                                                        |   58|   0|   58|          0|
    |product_155_reg_13487                                                                        |   58|   0|   58|          0|
    |product_156_reg_13492                                                                        |   58|   0|   58|          0|
    |product_157_reg_13497                                                                        |   58|   0|   58|          0|
    |product_158_reg_13502                                                                        |   58|   0|   58|          0|
    |product_159_reg_13507                                                                        |   58|   0|   58|          0|
    |product_160_reg_13512                                                                        |   58|   0|   58|          0|
    |product_161_reg_13517                                                                        |   58|   0|   58|          0|
    |product_162_reg_13522                                                                        |   58|   0|   58|          0|
    |product_163_reg_13527                                                                        |   58|   0|   58|          0|
    |product_164_reg_13532                                                                        |   58|   0|   58|          0|
    |product_165_reg_13537                                                                        |   58|   0|   58|          0|
    |product_166_reg_13542                                                                        |   58|   0|   58|          0|
    |product_167_reg_13547                                                                        |   58|   0|   58|          0|
    |product_168_reg_13552                                                                        |   58|   0|   58|          0|
    |product_169_reg_13557                                                                        |   58|   0|   58|          0|
    |product_170_reg_13562                                                                        |   58|   0|   58|          0|
    |product_171_reg_13567                                                                        |   58|   0|   58|          0|
    |product_172_reg_13572                                                                        |   58|   0|   58|          0|
    |product_173_reg_13577                                                                        |   58|   0|   58|          0|
    |product_174_reg_13582                                                                        |   58|   0|   58|          0|
    |product_175_reg_13587                                                                        |   58|   0|   58|          0|
    |product_176_reg_13592                                                                        |   58|   0|   58|          0|
    |product_177_reg_13597                                                                        |   58|   0|   58|          0|
    |product_178_reg_13602                                                                        |   58|   0|   58|          0|
    |product_179_reg_13607                                                                        |   58|   0|   58|          0|
    |product_180_reg_13612                                                                        |   58|   0|   58|          0|
    |product_181_reg_13617                                                                        |   58|   0|   58|          0|
    |product_182_reg_13622                                                                        |   58|   0|   58|          0|
    |product_183_reg_13627                                                                        |   58|   0|   58|          0|
    |product_184_reg_13632                                                                        |   58|   0|   58|          0|
    |product_185_reg_13637                                                                        |   58|   0|   58|          0|
    |product_186_reg_13642                                                                        |   58|   0|   58|          0|
    |product_187_reg_13647                                                                        |   58|   0|   58|          0|
    |product_188_reg_13652                                                                        |   58|   0|   58|          0|
    |product_189_reg_13657                                                                        |   58|   0|   58|          0|
    |product_190_reg_13662                                                                        |   58|   0|   58|          0|
    |product_191_reg_13667                                                                        |   58|   0|   58|          0|
    |product_192_reg_13672                                                                        |   58|   0|   58|          0|
    |product_193_reg_13677                                                                        |   58|   0|   58|          0|
    |product_194_reg_13682                                                                        |   58|   0|   58|          0|
    |product_28_reg_12852                                                                         |   58|   0|   58|          0|
    |product_29_reg_12857                                                                         |   58|   0|   58|          0|
    |product_30_reg_12862                                                                         |   58|   0|   58|          0|
    |product_31_reg_12867                                                                         |   58|   0|   58|          0|
    |product_32_reg_12872                                                                         |   58|   0|   58|          0|
    |product_33_reg_12877                                                                         |   58|   0|   58|          0|
    |product_34_reg_12882                                                                         |   58|   0|   58|          0|
    |product_35_reg_12887                                                                         |   58|   0|   58|          0|
    |product_36_reg_12892                                                                         |   58|   0|   58|          0|
    |product_37_reg_12897                                                                         |   58|   0|   58|          0|
    |product_38_reg_12902                                                                         |   58|   0|   58|          0|
    |product_39_reg_12907                                                                         |   58|   0|   58|          0|
    |product_40_reg_12912                                                                         |   58|   0|   58|          0|
    |product_41_reg_12917                                                                         |   58|   0|   58|          0|
    |product_42_reg_12922                                                                         |   58|   0|   58|          0|
    |product_43_reg_12927                                                                         |   58|   0|   58|          0|
    |product_44_reg_12932                                                                         |   58|   0|   58|          0|
    |product_45_reg_12937                                                                         |   58|   0|   58|          0|
    |product_46_reg_12942                                                                         |   58|   0|   58|          0|
    |product_47_reg_12947                                                                         |   58|   0|   58|          0|
    |product_48_reg_12952                                                                         |   58|   0|   58|          0|
    |product_49_reg_12957                                                                         |   58|   0|   58|          0|
    |product_50_reg_12962                                                                         |   58|   0|   58|          0|
    |product_51_reg_12967                                                                         |   58|   0|   58|          0|
    |product_52_reg_12972                                                                         |   58|   0|   58|          0|
    |product_53_reg_12977                                                                         |   58|   0|   58|          0|
    |product_54_reg_12982                                                                         |   58|   0|   58|          0|
    |product_55_reg_12987                                                                         |   58|   0|   58|          0|
    |product_56_reg_12992                                                                         |   58|   0|   58|          0|
    |product_57_reg_12997                                                                         |   58|   0|   58|          0|
    |product_58_reg_13002                                                                         |   58|   0|   58|          0|
    |product_59_reg_13007                                                                         |   58|   0|   58|          0|
    |product_60_reg_13012                                                                         |   58|   0|   58|          0|
    |product_61_reg_13017                                                                         |   58|   0|   58|          0|
    |product_62_reg_13022                                                                         |   58|   0|   58|          0|
    |product_63_reg_13027                                                                         |   58|   0|   58|          0|
    |product_64_reg_13032                                                                         |   58|   0|   58|          0|
    |product_65_reg_13037                                                                         |   58|   0|   58|          0|
    |product_66_reg_13042                                                                         |   58|   0|   58|          0|
    |product_67_reg_13047                                                                         |   58|   0|   58|          0|
    |product_68_reg_13052                                                                         |   58|   0|   58|          0|
    |product_69_reg_13057                                                                         |   58|   0|   58|          0|
    |product_70_reg_13062                                                                         |   58|   0|   58|          0|
    |product_71_reg_13067                                                                         |   58|   0|   58|          0|
    |product_72_reg_13072                                                                         |   58|   0|   58|          0|
    |product_73_reg_13077                                                                         |   58|   0|   58|          0|
    |product_74_reg_13082                                                                         |   58|   0|   58|          0|
    |product_75_reg_13087                                                                         |   58|   0|   58|          0|
    |product_76_reg_13092                                                                         |   58|   0|   58|          0|
    |product_77_reg_13097                                                                         |   58|   0|   58|          0|
    |product_78_reg_13102                                                                         |   58|   0|   58|          0|
    |product_79_reg_13107                                                                         |   58|   0|   58|          0|
    |product_80_reg_13112                                                                         |   58|   0|   58|          0|
    |product_81_reg_13117                                                                         |   58|   0|   58|          0|
    |product_82_reg_13122                                                                         |   58|   0|   58|          0|
    |product_83_reg_13127                                                                         |   58|   0|   58|          0|
    |product_84_reg_13132                                                                         |   58|   0|   58|          0|
    |product_85_reg_13137                                                                         |   58|   0|   58|          0|
    |product_86_reg_13142                                                                         |   58|   0|   58|          0|
    |product_87_reg_13147                                                                         |   58|   0|   58|          0|
    |product_88_reg_13152                                                                         |   58|   0|   58|          0|
    |product_89_reg_13157                                                                         |   58|   0|   58|          0|
    |product_90_reg_13162                                                                         |   58|   0|   58|          0|
    |product_91_reg_13167                                                                         |   58|   0|   58|          0|
    |product_92_reg_13172                                                                         |   58|   0|   58|          0|
    |product_93_reg_13177                                                                         |   58|   0|   58|          0|
    |product_94_reg_13182                                                                         |   58|   0|   58|          0|
    |product_95_reg_13187                                                                         |   58|   0|   58|          0|
    |product_96_reg_13192                                                                         |   58|   0|   58|          0|
    |product_97_reg_13197                                                                         |   58|   0|   58|          0|
    |product_98_reg_13202                                                                         |   58|   0|   58|          0|
    |product_99_reg_13207                                                                         |   58|   0|   58|          0|
    |product_reg_12847                                                                            |   58|   0|   58|          0|
    |q_aug_linear_1_reg_10881                                                                     |   32|   0|   32|          0|
    |q_aug_linear_2_reg_10886                                                                     |   32|   0|   32|          0|
    |q_aug_linear_3_reg_11030                                                                     |   32|   0|   32|          0|
    |q_aug_linear_4_reg_10841                                                                     |   35|   0|   35|          0|
    |q_aug_linear_5_reg_11035                                                                     |   35|   0|   35|          0|
    |q_aug_linear_reg_10836                                                                       |   32|   0|   32|          0|
    |r0_1_reg_13735                                                                               |   40|   0|   40|          0|
    |r0_2_reg_13740                                                                               |   40|   0|   40|          0|
    |r0_3_reg_13745                                                                               |   40|   0|   40|          0|
    |r0_4_reg_13750                                                                               |   40|   0|   40|          0|
    |r0_5_reg_13755                                                                               |   40|   0|   40|          0|
    |r1_1_reg_13760                                                                               |   40|   0|   40|          0|
    |r1_2_reg_13765                                                                               |   40|   0|   40|          0|
    |r1_3_reg_13771                                                                               |   40|   0|   40|          0|
    |r1_4_reg_13777                                                                               |   40|   0|   40|          0|
    |r1_5_reg_13783                                                                               |   40|   0|   40|          0|
    |r2_2_reg_13789                                                                               |   40|   0|   40|          0|
    |r2_3_reg_13794                                                                               |   40|   0|   40|          0|
    |r2_4_reg_13800                                                                               |   40|   0|   40|          0|
    |r2_5_reg_13806                                                                               |   40|   0|   40|          0|
    |r3_3_reg_13812                                                                               |   40|   0|   40|          0|
    |r3_4_reg_13817                                                                               |   40|   0|   40|          0|
    |r3_5_reg_13823                                                                               |   40|   0|   40|          0|
    |r4_4_reg_13829                                                                               |   40|   0|   40|          0|
    |r4_5_reg_13834                                                                               |   40|   0|   40|          0|
    |reg_5675                                                                                     |   40|   0|   40|          0|
    |reg_5680                                                                                     |   40|   0|   40|          0|
    |reg_5685                                                                                     |   32|   0|   32|          0|
    |reg_5691                                                                                     |   32|   0|   32|          0|
    |reg_5697                                                                                     |   32|   0|   32|          0|
    |reg_5703                                                                                     |   32|   0|   32|          0|
    |reg_5709                                                                                     |   32|   0|   32|          0|
    |reg_5715                                                                                     |   32|   0|   32|          0|
    |reg_5722                                                                                     |   32|   0|   32|          0|
    |reg_5729                                                                                     |   32|   0|   32|          0|
    |reg_5736                                                                                     |   32|   0|   32|          0|
    |reg_5743                                                                                     |   32|   0|   32|          0|
    |reg_5750                                                                                     |   32|   0|   32|          0|
    |reg_5756                                                                                     |   32|   0|   32|          0|
    |reg_5763                                                                                     |   32|   0|   32|          0|
    |reg_5770                                                                                     |   32|   0|   32|          0|
    |reg_5777                                                                                     |   32|   0|   32|          0|
    |reg_5784                                                                                     |   32|   0|   32|          0|
    |reg_5791                                                                                     |   32|   0|   32|          0|
    |reg_5797                                                                                     |   32|   0|   32|          0|
    |reg_5804                                                                                     |   32|   0|   32|          0|
    |reg_5811                                                                                     |   32|   0|   32|          0|
    |reg_5818                                                                                     |   32|   0|   32|          0|
    |reg_5825                                                                                     |   32|   0|   32|          0|
    |reg_5832                                                                                     |   32|   0|   32|          0|
    |reg_5838                                                                                     |   32|   0|   32|          0|
    |reg_5845                                                                                     |   32|   0|   32|          0|
    |reg_5852                                                                                     |   32|   0|   32|          0|
    |reg_5859                                                                                     |   32|   0|   32|          0|
    |reg_5866                                                                                     |   32|   0|   32|          0|
    |reg_5873                                                                                     |   32|   0|   32|          0|
    |reg_5879                                                                                     |   32|   0|   32|          0|
    |reg_5886                                                                                     |   32|   0|   32|          0|
    |reg_5893                                                                                     |   32|   0|   32|          0|
    |reg_5900                                                                                     |   32|   0|   32|          0|
    |reg_5907                                                                                     |   32|   0|   32|          0|
    |reg_5914                                                                                     |   32|   0|   32|          0|
    |reg_5920                                                                                     |   32|   0|   32|          0|
    |reg_5927                                                                                     |   32|   0|   32|          0|
    |reg_5934                                                                                     |   32|   0|   32|          0|
    |reg_5941                                                                                     |   32|   0|   32|          0|
    |reg_5948                                                                                     |   32|   0|   32|          0|
    |reg_5955                                                                                     |   31|   0|   31|          0|
    |rho_state_term_2_reg_10846                                                                   |   34|   0|   34|          0|
    |s01_reg_10801                                                                                |   28|   0|   28|          0|
    |select_ln570_reg_11024                                                                       |   11|   0|   31|         20|
    |sext_ln159_reg_9819                                                                          |   52|   0|   52|          0|
    |sext_ln264_2_reg_10304                                                                       |   51|   0|   51|          0|
    |sext_ln267_11_reg_11060                                                                      |   58|   0|   58|          0|
    |sext_ln267_13_reg_11065                                                                      |   58|   0|   58|          0|
    |sext_ln267_15_reg_11070                                                                      |   58|   0|   58|          0|
    |sext_ln267_1_reg_10461                                                                       |   46|   0|   46|          0|
    |sext_ln267_2_reg_10282                                                                       |   52|   0|   52|          0|
    |sext_ln267_3_reg_10468                                                                       |   45|   0|   45|          0|
    |sext_ln267_5_reg_10290                                                                       |   51|   0|   51|          0|
    |sext_ln267_6_reg_10480                                                                       |   45|   0|   45|          0|
    |sext_ln267_8_reg_10297                                                                       |   51|   0|   51|          0|
    |sext_ln267_9_reg_11050                                                                       |   58|   0|   58|          0|
    |sext_ln288_reg_11723                                                                         |   49|   0|   49|          0|
    |sext_ln481_reg_9981                                                                          |   40|   0|   40|          0|
    |sext_ln497_reg_9976                                                                          |   40|   0|   40|          0|
    |sext_ln639_1_reg_11045                                                                       |   34|   0|   34|          0|
    |sext_ln639_reg_11040                                                                         |   34|   0|   34|          0|
    |sext_ln864_reg_9986                                                                          |   50|   0|   50|          0|
    |step_data_1_load_10_reg_11019                                                                |   32|   0|   32|          0|
    |step_data_1_load_6_reg_10831                                                                 |   32|   0|   32|          0|
    |step_data_1_load_7_reg_10871                                                                 |   32|   0|   32|          0|
    |step_data_1_load_8_reg_10876                                                                 |   32|   0|   32|          0|
    |step_data_1_load_9_reg_11014                                                                 |   32|   0|   32|          0|
    |step_data_1_load_reg_10826                                                                   |   32|   0|   32|          0|
    |tmp_1_reg_10667                                                                              |   28|   0|   28|          0|
    |tmp_2_reg_10627                                                                              |   27|   0|   27|          0|
    |tmp_4_reg_10672                                                                              |   27|   0|   27|          0|
    |tmp_8_reg_10916                                                                              |    1|   0|    1|          0|
    |tmp_s_reg_10662                                                                              |   28|   0|   28|          0|
    |trunc_ln165_reg_10785                                                                        |   31|   0|   31|          0|
    |trunc_ln167_11_reg_13687                                                                     |   31|   0|   31|          0|
    |trunc_ln167_12_reg_13692                                                                     |   31|   0|   31|          0|
    |trunc_ln167_13_reg_13698                                                                     |   31|   0|   31|          0|
    |trunc_ln167_14_reg_13703                                                                     |   31|   0|   31|          0|
    |trunc_ln167_15_reg_13709                                                                     |   31|   0|   31|          0|
    |trunc_ln167_16_reg_13714                                                                     |   31|   0|   31|          0|
    |trunc_ln167_18_reg_13720                                                                     |   30|   0|   30|          0|
    |trunc_ln167_6_reg_11533                                                                      |   33|   0|   33|          0|
    |trunc_ln535_reg_10920                                                                        |    2|   0|    2|          0|
    |trunc_ln538_1_reg_10687                                                                      |    6|   0|    7|          1|
    |trunc_ln704_reg_10796                                                                        |   31|   0|   31|          0|
    |trunc_ln9_reg_10682                                                                          |   27|   0|   27|          0|
    |zext_ln475_reg_10946                                                                         |    3|   0|   64|         61|
    |zext_ln535_reg_10178                                                                         |    6|   0|   64|         58|
    +---------------------------------------------------------------------------------------------+-----+----+-----+-----------+
    |Total                                                                                        |16554|   0|16768|        214|
    +---------------------------------------------------------------------------------------------+-----+----+-----+-----------+



================================================================
== Interface
================================================================
* Summary: 
+-----------------------------+-----+-----+------------+-----------------------+--------------+
|          RTL Ports          | Dir | Bits|  Protocol  |     Source Object     |    C Type    |
+-----------------------------+-----+-----+------------+-----------------------+--------------+
|ap_clk                       |   in|    1|  ap_ctrl_hs|  riccati_backward_pass|  return value|
|ap_rst                       |   in|    1|  ap_ctrl_hs|  riccati_backward_pass|  return value|
|ap_start                     |   in|    1|  ap_ctrl_hs|  riccati_backward_pass|  return value|
|ap_done                      |  out|    1|  ap_ctrl_hs|  riccati_backward_pass|  return value|
|ap_idle                      |  out|    1|  ap_ctrl_hs|  riccati_backward_pass|  return value|
|ap_ready                     |  out|    1|  ap_ctrl_hs|  riccati_backward_pass|  return value|
|grp_fp_recip_fu_992_p_din1   |  out|   32|  ap_ctrl_hs|  riccati_backward_pass|  return value|
|grp_fp_recip_fu_992_p_dout0  |   in|   27|  ap_ctrl_hs|  riccati_backward_pass|  return value|
|grp_fu_997_p_din0            |  out|   32|  ap_ctrl_hs|  riccati_backward_pass|  return value|
|grp_fu_997_p_din1            |  out|   32|  ap_ctrl_hs|  riccati_backward_pass|  return value|
|grp_fu_997_p_dout0           |   in|   50|  ap_ctrl_hs|  riccati_backward_pass|  return value|
|grp_fu_997_p_ce              |  out|    1|  ap_ctrl_hs|  riccati_backward_pass|  return value|
|grp_fu_1001_p_din0           |  out|   32|  ap_ctrl_hs|  riccati_backward_pass|  return value|
|grp_fu_1001_p_din1           |  out|   32|  ap_ctrl_hs|  riccati_backward_pass|  return value|
|grp_fu_1001_p_dout0          |   in|   50|  ap_ctrl_hs|  riccati_backward_pass|  return value|
|grp_fu_1001_p_ce             |  out|    1|  ap_ctrl_hs|  riccati_backward_pass|  return value|
|grp_fu_1005_p_din0           |  out|   32|  ap_ctrl_hs|  riccati_backward_pass|  return value|
|grp_fu_1005_p_din1           |  out|   32|  ap_ctrl_hs|  riccati_backward_pass|  return value|
|grp_fu_1005_p_dout0          |   in|   50|  ap_ctrl_hs|  riccati_backward_pass|  return value|
|grp_fu_1005_p_ce             |  out|    1|  ap_ctrl_hs|  riccati_backward_pass|  return value|
|step_data_0_0_0_address0     |  out|    5|   ap_memory|        step_data_0_0_0|         array|
|step_data_0_0_0_ce0          |  out|    1|   ap_memory|        step_data_0_0_0|         array|
|step_data_0_0_0_q0           |   in|   32|   ap_memory|        step_data_0_0_0|         array|
|step_data_0_0_1_address0     |  out|    5|   ap_memory|        step_data_0_0_1|         array|
|step_data_0_0_1_ce0          |  out|    1|   ap_memory|        step_data_0_0_1|         array|
|step_data_0_0_1_q0           |   in|   32|   ap_memory|        step_data_0_0_1|         array|
|step_data_0_0_2_address0     |  out|    5|   ap_memory|        step_data_0_0_2|         array|
|step_data_0_0_2_ce0          |  out|    1|   ap_memory|        step_data_0_0_2|         array|
|step_data_0_0_2_q0           |   in|   32|   ap_memory|        step_data_0_0_2|         array|
|step_data_0_0_3_address0     |  out|    5|   ap_memory|        step_data_0_0_3|         array|
|step_data_0_0_3_ce0          |  out|    1|   ap_memory|        step_data_0_0_3|         array|
|step_data_0_0_3_q0           |   in|   32|   ap_memory|        step_data_0_0_3|         array|
|step_data_0_0_4_address0     |  out|    5|   ap_memory|        step_data_0_0_4|         array|
|step_data_0_0_4_ce0          |  out|    1|   ap_memory|        step_data_0_0_4|         array|
|step_data_0_0_4_q0           |   in|   32|   ap_memory|        step_data_0_0_4|         array|
|step_data_0_0_5_address0     |  out|    5|   ap_memory|        step_data_0_0_5|         array|
|step_data_0_0_5_ce0          |  out|    1|   ap_memory|        step_data_0_0_5|         array|
|step_data_0_0_5_q0           |   in|   32|   ap_memory|        step_data_0_0_5|         array|
|step_data_0_1_0_address0     |  out|    5|   ap_memory|        step_data_0_1_0|         array|
|step_data_0_1_0_ce0          |  out|    1|   ap_memory|        step_data_0_1_0|         array|
|step_data_0_1_0_q0           |   in|   32|   ap_memory|        step_data_0_1_0|         array|
|step_data_0_1_1_address0     |  out|    5|   ap_memory|        step_data_0_1_1|         array|
|step_data_0_1_1_ce0          |  out|    1|   ap_memory|        step_data_0_1_1|         array|
|step_data_0_1_1_q0           |   in|   32|   ap_memory|        step_data_0_1_1|         array|
|step_data_0_1_2_address0     |  out|    5|   ap_memory|        step_data_0_1_2|         array|
|step_data_0_1_2_ce0          |  out|    1|   ap_memory|        step_data_0_1_2|         array|
|step_data_0_1_2_q0           |   in|   32|   ap_memory|        step_data_0_1_2|         array|
|step_data_0_1_3_address0     |  out|    5|   ap_memory|        step_data_0_1_3|         array|
|step_data_0_1_3_ce0          |  out|    1|   ap_memory|        step_data_0_1_3|         array|
|step_data_0_1_3_q0           |   in|   32|   ap_memory|        step_data_0_1_3|         array|
|step_data_0_1_4_address0     |  out|    5|   ap_memory|        step_data_0_1_4|         array|
|step_data_0_1_4_ce0          |  out|    1|   ap_memory|        step_data_0_1_4|         array|
|step_data_0_1_4_q0           |   in|   32|   ap_memory|        step_data_0_1_4|         array|
|step_data_0_1_5_address0     |  out|    5|   ap_memory|        step_data_0_1_5|         array|
|step_data_0_1_5_ce0          |  out|    1|   ap_memory|        step_data_0_1_5|         array|
|step_data_0_1_5_q0           |   in|   32|   ap_memory|        step_data_0_1_5|         array|
|step_data_0_2_0_address0     |  out|    5|   ap_memory|        step_data_0_2_0|         array|
|step_data_0_2_0_ce0          |  out|    1|   ap_memory|        step_data_0_2_0|         array|
|step_data_0_2_0_q0           |   in|   32|   ap_memory|        step_data_0_2_0|         array|
|step_data_0_2_1_address0     |  out|    5|   ap_memory|        step_data_0_2_1|         array|
|step_data_0_2_1_ce0          |  out|    1|   ap_memory|        step_data_0_2_1|         array|
|step_data_0_2_1_q0           |   in|   32|   ap_memory|        step_data_0_2_1|         array|
|step_data_0_2_2_address0     |  out|    5|   ap_memory|        step_data_0_2_2|         array|
|step_data_0_2_2_ce0          |  out|    1|   ap_memory|        step_data_0_2_2|         array|
|step_data_0_2_2_q0           |   in|   32|   ap_memory|        step_data_0_2_2|         array|
|step_data_0_2_3_address0     |  out|    5|   ap_memory|        step_data_0_2_3|         array|
|step_data_0_2_3_ce0          |  out|    1|   ap_memory|        step_data_0_2_3|         array|
|step_data_0_2_3_q0           |   in|   32|   ap_memory|        step_data_0_2_3|         array|
|step_data_0_2_4_address0     |  out|    5|   ap_memory|        step_data_0_2_4|         array|
|step_data_0_2_4_ce0          |  out|    1|   ap_memory|        step_data_0_2_4|         array|
|step_data_0_2_4_q0           |   in|   32|   ap_memory|        step_data_0_2_4|         array|
|step_data_0_2_5_address0     |  out|    5|   ap_memory|        step_data_0_2_5|         array|
|step_data_0_2_5_ce0          |  out|    1|   ap_memory|        step_data_0_2_5|         array|
|step_data_0_2_5_q0           |   in|   32|   ap_memory|        step_data_0_2_5|         array|
|step_data_0_3_0_address0     |  out|    5|   ap_memory|        step_data_0_3_0|         array|
|step_data_0_3_0_ce0          |  out|    1|   ap_memory|        step_data_0_3_0|         array|
|step_data_0_3_0_q0           |   in|   32|   ap_memory|        step_data_0_3_0|         array|
|step_data_0_3_1_address0     |  out|    5|   ap_memory|        step_data_0_3_1|         array|
|step_data_0_3_1_ce0          |  out|    1|   ap_memory|        step_data_0_3_1|         array|
|step_data_0_3_1_q0           |   in|   32|   ap_memory|        step_data_0_3_1|         array|
|step_data_0_3_2_address0     |  out|    5|   ap_memory|        step_data_0_3_2|         array|
|step_data_0_3_2_ce0          |  out|    1|   ap_memory|        step_data_0_3_2|         array|
|step_data_0_3_2_q0           |   in|   32|   ap_memory|        step_data_0_3_2|         array|
|step_data_0_3_3_address0     |  out|    5|   ap_memory|        step_data_0_3_3|         array|
|step_data_0_3_3_ce0          |  out|    1|   ap_memory|        step_data_0_3_3|         array|
|step_data_0_3_3_q0           |   in|   32|   ap_memory|        step_data_0_3_3|         array|
|step_data_0_3_4_address0     |  out|    5|   ap_memory|        step_data_0_3_4|         array|
|step_data_0_3_4_ce0          |  out|    1|   ap_memory|        step_data_0_3_4|         array|
|step_data_0_3_4_q0           |   in|   32|   ap_memory|        step_data_0_3_4|         array|
|step_data_0_3_5_address0     |  out|    5|   ap_memory|        step_data_0_3_5|         array|
|step_data_0_3_5_ce0          |  out|    1|   ap_memory|        step_data_0_3_5|         array|
|step_data_0_3_5_q0           |   in|   32|   ap_memory|        step_data_0_3_5|         array|
|step_data_0_4_0_address0     |  out|    5|   ap_memory|        step_data_0_4_0|         array|
|step_data_0_4_0_ce0          |  out|    1|   ap_memory|        step_data_0_4_0|         array|
|step_data_0_4_0_q0           |   in|   32|   ap_memory|        step_data_0_4_0|         array|
|step_data_0_4_1_address0     |  out|    5|   ap_memory|        step_data_0_4_1|         array|
|step_data_0_4_1_ce0          |  out|    1|   ap_memory|        step_data_0_4_1|         array|
|step_data_0_4_1_q0           |   in|   32|   ap_memory|        step_data_0_4_1|         array|
|step_data_0_4_2_address0     |  out|    5|   ap_memory|        step_data_0_4_2|         array|
|step_data_0_4_2_ce0          |  out|    1|   ap_memory|        step_data_0_4_2|         array|
|step_data_0_4_2_q0           |   in|   32|   ap_memory|        step_data_0_4_2|         array|
|step_data_0_4_3_address0     |  out|    5|   ap_memory|        step_data_0_4_3|         array|
|step_data_0_4_3_ce0          |  out|    1|   ap_memory|        step_data_0_4_3|         array|
|step_data_0_4_3_q0           |   in|   32|   ap_memory|        step_data_0_4_3|         array|
|step_data_0_4_4_address0     |  out|    5|   ap_memory|        step_data_0_4_4|         array|
|step_data_0_4_4_ce0          |  out|    1|   ap_memory|        step_data_0_4_4|         array|
|step_data_0_4_4_q0           |   in|   32|   ap_memory|        step_data_0_4_4|         array|
|step_data_0_4_5_address0     |  out|    5|   ap_memory|        step_data_0_4_5|         array|
|step_data_0_4_5_ce0          |  out|    1|   ap_memory|        step_data_0_4_5|         array|
|step_data_0_4_5_q0           |   in|   32|   ap_memory|        step_data_0_4_5|         array|
|step_data_0_5_0_address0     |  out|    5|   ap_memory|        step_data_0_5_0|         array|
|step_data_0_5_0_ce0          |  out|    1|   ap_memory|        step_data_0_5_0|         array|
|step_data_0_5_0_q0           |   in|   32|   ap_memory|        step_data_0_5_0|         array|
|step_data_0_5_1_address0     |  out|    5|   ap_memory|        step_data_0_5_1|         array|
|step_data_0_5_1_ce0          |  out|    1|   ap_memory|        step_data_0_5_1|         array|
|step_data_0_5_1_q0           |   in|   32|   ap_memory|        step_data_0_5_1|         array|
|step_data_0_5_2_address0     |  out|    5|   ap_memory|        step_data_0_5_2|         array|
|step_data_0_5_2_ce0          |  out|    1|   ap_memory|        step_data_0_5_2|         array|
|step_data_0_5_2_q0           |   in|   32|   ap_memory|        step_data_0_5_2|         array|
|step_data_0_5_3_address0     |  out|    5|   ap_memory|        step_data_0_5_3|         array|
|step_data_0_5_3_ce0          |  out|    1|   ap_memory|        step_data_0_5_3|         array|
|step_data_0_5_3_q0           |   in|   32|   ap_memory|        step_data_0_5_3|         array|
|step_data_0_5_4_address0     |  out|    5|   ap_memory|        step_data_0_5_4|         array|
|step_data_0_5_4_ce0          |  out|    1|   ap_memory|        step_data_0_5_4|         array|
|step_data_0_5_4_q0           |   in|   32|   ap_memory|        step_data_0_5_4|         array|
|step_data_0_5_5_address0     |  out|    5|   ap_memory|        step_data_0_5_5|         array|
|step_data_0_5_5_ce0          |  out|    1|   ap_memory|        step_data_0_5_5|         array|
|step_data_0_5_5_q0           |   in|   32|   ap_memory|        step_data_0_5_5|         array|
|step_data_1_address0         |  out|    7|   ap_memory|            step_data_1|         array|
|step_data_1_ce0              |  out|    1|   ap_memory|            step_data_1|         array|
|step_data_1_q0               |   in|   32|   ap_memory|            step_data_1|         array|
|step_data_1_address1         |  out|    7|   ap_memory|            step_data_1|         array|
|step_data_1_ce1              |  out|    1|   ap_memory|            step_data_1|         array|
|step_data_1_q1               |   in|   32|   ap_memory|            step_data_1|         array|
|step_data_2_address0         |  out|    7|   ap_memory|            step_data_2|         array|
|step_data_2_ce0              |  out|    1|   ap_memory|            step_data_2|         array|
|step_data_2_q0               |   in|   32|   ap_memory|            step_data_2|         array|
|step_data_2_address1         |  out|    7|   ap_memory|            step_data_2|         array|
|step_data_2_ce1              |  out|    1|   ap_memory|            step_data_2|         array|
|step_data_2_q1               |   in|   32|   ap_memory|            step_data_2|         array|
|B_sparse_0_address0          |  out|    5|   ap_memory|             B_sparse_0|         array|
|B_sparse_0_ce0               |  out|    1|   ap_memory|             B_sparse_0|         array|
|B_sparse_0_q0                |   in|   32|   ap_memory|             B_sparse_0|         array|
|B_sparse_1_address0          |  out|    5|   ap_memory|             B_sparse_1|         array|
|B_sparse_1_ce0               |  out|    1|   ap_memory|             B_sparse_1|         array|
|B_sparse_1_q0                |   in|   32|   ap_memory|             B_sparse_1|         array|
|B_sparse_2_address0          |  out|    5|   ap_memory|             B_sparse_2|         array|
|B_sparse_2_ce0               |  out|    1|   ap_memory|             B_sparse_2|         array|
|B_sparse_2_q0                |   in|   32|   ap_memory|             B_sparse_2|         array|
|B_sparse_3_address0          |  out|    5|   ap_memory|             B_sparse_3|         array|
|B_sparse_3_ce0               |  out|    1|   ap_memory|             B_sparse_3|         array|
|B_sparse_3_q0                |   in|   32|   ap_memory|             B_sparse_3|         array|
|p_read                       |   in|   32|     ap_none|                 p_read|        scalar|
|p_read1                      |   in|   32|     ap_none|                p_read1|        scalar|
|p_read2                      |   in|   32|     ap_none|                p_read2|        scalar|
|p_read3                      |   in|   32|     ap_none|                p_read3|        scalar|
|p_read4                      |   in|   32|     ap_none|                p_read4|        scalar|
|p_read5                      |   in|   20|     ap_none|                p_read5|        scalar|
|rho                          |   in|   32|     ap_none|                    rho|        scalar|
|rho_u                        |   in|   32|     ap_none|                  rho_u|        scalar|
|z_x_0_address0               |  out|    5|   ap_memory|                  z_x_0|         array|
|z_x_0_ce0                    |  out|    1|   ap_memory|                  z_x_0|         array|
|z_x_0_q0                     |   in|   32|   ap_memory|                  z_x_0|         array|
|z_x_5_address0               |  out|    5|   ap_memory|                  z_x_5|         array|
|z_x_5_ce0                    |  out|    1|   ap_memory|                  z_x_5|         array|
|z_x_5_q0                     |   in|   32|   ap_memory|                  z_x_5|         array|
|y_x_0_address0               |  out|    5|   ap_memory|                  y_x_0|         array|
|y_x_0_ce0                    |  out|    1|   ap_memory|                  y_x_0|         array|
|y_x_0_q0                     |   in|   32|   ap_memory|                  y_x_0|         array|
|y_x_5_address0               |  out|    5|   ap_memory|                  y_x_5|         array|
|y_x_5_ce0                    |  out|    1|   ap_memory|                  y_x_5|         array|
|y_x_5_q0                     |   in|   32|   ap_memory|                  y_x_5|         array|
|z_u_0_address0               |  out|    5|   ap_memory|                  z_u_0|         array|
|z_u_0_ce0                    |  out|    1|   ap_memory|                  z_u_0|         array|
|z_u_0_q0                     |   in|   32|   ap_memory|                  z_u_0|         array|
|z_u_1_address0               |  out|    5|   ap_memory|                  z_u_1|         array|
|z_u_1_ce0                    |  out|    1|   ap_memory|                  z_u_1|         array|
|z_u_1_q0                     |   in|   32|   ap_memory|                  z_u_1|         array|
|y_u_0_address0               |  out|    5|   ap_memory|                  y_u_0|         array|
|y_u_0_ce0                    |  out|    1|   ap_memory|                  y_u_0|         array|
|y_u_0_q0                     |   in|   32|   ap_memory|                  y_u_0|         array|
|y_u_1_address0               |  out|    5|   ap_memory|                  y_u_1|         array|
|y_u_1_ce0                    |  out|    1|   ap_memory|                  y_u_1|         array|
|y_u_1_q0                     |   in|   32|   ap_memory|                  y_u_1|         array|
|K_0_0_0_address0             |  out|    3|   ap_memory|                K_0_0_0|         array|
|K_0_0_0_ce0                  |  out|    1|   ap_memory|                K_0_0_0|         array|
|K_0_0_0_we0                  |  out|    1|   ap_memory|                K_0_0_0|         array|
|K_0_0_0_d0                   |  out|   26|   ap_memory|                K_0_0_0|         array|
|K_0_0_0_q0                   |   in|   26|   ap_memory|                K_0_0_0|         array|
|K_0_0_1_address0             |  out|    3|   ap_memory|                K_0_0_1|         array|
|K_0_0_1_ce0                  |  out|    1|   ap_memory|                K_0_0_1|         array|
|K_0_0_1_we0                  |  out|    1|   ap_memory|                K_0_0_1|         array|
|K_0_0_1_d0                   |  out|   26|   ap_memory|                K_0_0_1|         array|
|K_0_0_1_q0                   |   in|   26|   ap_memory|                K_0_0_1|         array|
|K_0_0_2_address0             |  out|    3|   ap_memory|                K_0_0_2|         array|
|K_0_0_2_ce0                  |  out|    1|   ap_memory|                K_0_0_2|         array|
|K_0_0_2_we0                  |  out|    1|   ap_memory|                K_0_0_2|         array|
|K_0_0_2_d0                   |  out|   26|   ap_memory|                K_0_0_2|         array|
|K_0_0_2_q0                   |   in|   26|   ap_memory|                K_0_0_2|         array|
|K_0_0_3_address0             |  out|    3|   ap_memory|                K_0_0_3|         array|
|K_0_0_3_ce0                  |  out|    1|   ap_memory|                K_0_0_3|         array|
|K_0_0_3_we0                  |  out|    1|   ap_memory|                K_0_0_3|         array|
|K_0_0_3_d0                   |  out|   26|   ap_memory|                K_0_0_3|         array|
|K_0_0_3_q0                   |   in|   26|   ap_memory|                K_0_0_3|         array|
|K_0_0_4_address0             |  out|    3|   ap_memory|                K_0_0_4|         array|
|K_0_0_4_ce0                  |  out|    1|   ap_memory|                K_0_0_4|         array|
|K_0_0_4_we0                  |  out|    1|   ap_memory|                K_0_0_4|         array|
|K_0_0_4_d0                   |  out|   26|   ap_memory|                K_0_0_4|         array|
|K_0_0_4_q0                   |   in|   26|   ap_memory|                K_0_0_4|         array|
|K_0_0_5_address0             |  out|    3|   ap_memory|                K_0_0_5|         array|
|K_0_0_5_ce0                  |  out|    1|   ap_memory|                K_0_0_5|         array|
|K_0_0_5_we0                  |  out|    1|   ap_memory|                K_0_0_5|         array|
|K_0_0_5_d0                   |  out|   26|   ap_memory|                K_0_0_5|         array|
|K_0_0_5_q0                   |   in|   26|   ap_memory|                K_0_0_5|         array|
|K_0_0_6_address0             |  out|    3|   ap_memory|                K_0_0_6|         array|
|K_0_0_6_ce0                  |  out|    1|   ap_memory|                K_0_0_6|         array|
|K_0_0_6_we0                  |  out|    1|   ap_memory|                K_0_0_6|         array|
|K_0_0_6_d0                   |  out|   26|   ap_memory|                K_0_0_6|         array|
|K_0_0_6_q0                   |   in|   26|   ap_memory|                K_0_0_6|         array|
|K_0_0_7_address0             |  out|    3|   ap_memory|                K_0_0_7|         array|
|K_0_0_7_ce0                  |  out|    1|   ap_memory|                K_0_0_7|         array|
|K_0_0_7_we0                  |  out|    1|   ap_memory|                K_0_0_7|         array|
|K_0_0_7_d0                   |  out|   26|   ap_memory|                K_0_0_7|         array|
|K_0_0_7_q0                   |   in|   26|   ap_memory|                K_0_0_7|         array|
|K_0_1_0_address0             |  out|    3|   ap_memory|                K_0_1_0|         array|
|K_0_1_0_ce0                  |  out|    1|   ap_memory|                K_0_1_0|         array|
|K_0_1_0_we0                  |  out|    1|   ap_memory|                K_0_1_0|         array|
|K_0_1_0_d0                   |  out|   26|   ap_memory|                K_0_1_0|         array|
|K_0_1_0_q0                   |   in|   26|   ap_memory|                K_0_1_0|         array|
|K_0_1_1_address0             |  out|    3|   ap_memory|                K_0_1_1|         array|
|K_0_1_1_ce0                  |  out|    1|   ap_memory|                K_0_1_1|         array|
|K_0_1_1_we0                  |  out|    1|   ap_memory|                K_0_1_1|         array|
|K_0_1_1_d0                   |  out|   26|   ap_memory|                K_0_1_1|         array|
|K_0_1_1_q0                   |   in|   26|   ap_memory|                K_0_1_1|         array|
|K_0_1_2_address0             |  out|    3|   ap_memory|                K_0_1_2|         array|
|K_0_1_2_ce0                  |  out|    1|   ap_memory|                K_0_1_2|         array|
|K_0_1_2_we0                  |  out|    1|   ap_memory|                K_0_1_2|         array|
|K_0_1_2_d0                   |  out|   26|   ap_memory|                K_0_1_2|         array|
|K_0_1_2_q0                   |   in|   26|   ap_memory|                K_0_1_2|         array|
|K_0_1_3_address0             |  out|    3|   ap_memory|                K_0_1_3|         array|
|K_0_1_3_ce0                  |  out|    1|   ap_memory|                K_0_1_3|         array|
|K_0_1_3_we0                  |  out|    1|   ap_memory|                K_0_1_3|         array|
|K_0_1_3_d0                   |  out|   26|   ap_memory|                K_0_1_3|         array|
|K_0_1_3_q0                   |   in|   26|   ap_memory|                K_0_1_3|         array|
|K_0_1_4_address0             |  out|    3|   ap_memory|                K_0_1_4|         array|
|K_0_1_4_ce0                  |  out|    1|   ap_memory|                K_0_1_4|         array|
|K_0_1_4_we0                  |  out|    1|   ap_memory|                K_0_1_4|         array|
|K_0_1_4_d0                   |  out|   26|   ap_memory|                K_0_1_4|         array|
|K_0_1_4_q0                   |   in|   26|   ap_memory|                K_0_1_4|         array|
|K_0_1_5_address0             |  out|    3|   ap_memory|                K_0_1_5|         array|
|K_0_1_5_ce0                  |  out|    1|   ap_memory|                K_0_1_5|         array|
|K_0_1_5_we0                  |  out|    1|   ap_memory|                K_0_1_5|         array|
|K_0_1_5_d0                   |  out|   26|   ap_memory|                K_0_1_5|         array|
|K_0_1_5_q0                   |   in|   26|   ap_memory|                K_0_1_5|         array|
|K_0_1_6_address0             |  out|    3|   ap_memory|                K_0_1_6|         array|
|K_0_1_6_ce0                  |  out|    1|   ap_memory|                K_0_1_6|         array|
|K_0_1_6_we0                  |  out|    1|   ap_memory|                K_0_1_6|         array|
|K_0_1_6_d0                   |  out|   26|   ap_memory|                K_0_1_6|         array|
|K_0_1_6_q0                   |   in|   26|   ap_memory|                K_0_1_6|         array|
|K_0_1_7_address0             |  out|    3|   ap_memory|                K_0_1_7|         array|
|K_0_1_7_ce0                  |  out|    1|   ap_memory|                K_0_1_7|         array|
|K_0_1_7_we0                  |  out|    1|   ap_memory|                K_0_1_7|         array|
|K_0_1_7_d0                   |  out|   26|   ap_memory|                K_0_1_7|         array|
|K_0_1_7_q0                   |   in|   26|   ap_memory|                K_0_1_7|         array|
|K_1_0_0_address0             |  out|    3|   ap_memory|                K_1_0_0|         array|
|K_1_0_0_ce0                  |  out|    1|   ap_memory|                K_1_0_0|         array|
|K_1_0_0_we0                  |  out|    1|   ap_memory|                K_1_0_0|         array|
|K_1_0_0_d0                   |  out|   26|   ap_memory|                K_1_0_0|         array|
|K_1_0_0_q0                   |   in|   26|   ap_memory|                K_1_0_0|         array|
|K_1_0_1_address0             |  out|    3|   ap_memory|                K_1_0_1|         array|
|K_1_0_1_ce0                  |  out|    1|   ap_memory|                K_1_0_1|         array|
|K_1_0_1_we0                  |  out|    1|   ap_memory|                K_1_0_1|         array|
|K_1_0_1_d0                   |  out|   26|   ap_memory|                K_1_0_1|         array|
|K_1_0_1_q0                   |   in|   26|   ap_memory|                K_1_0_1|         array|
|K_1_0_2_address0             |  out|    3|   ap_memory|                K_1_0_2|         array|
|K_1_0_2_ce0                  |  out|    1|   ap_memory|                K_1_0_2|         array|
|K_1_0_2_we0                  |  out|    1|   ap_memory|                K_1_0_2|         array|
|K_1_0_2_d0                   |  out|   26|   ap_memory|                K_1_0_2|         array|
|K_1_0_2_q0                   |   in|   26|   ap_memory|                K_1_0_2|         array|
|K_1_0_3_address0             |  out|    3|   ap_memory|                K_1_0_3|         array|
|K_1_0_3_ce0                  |  out|    1|   ap_memory|                K_1_0_3|         array|
|K_1_0_3_we0                  |  out|    1|   ap_memory|                K_1_0_3|         array|
|K_1_0_3_d0                   |  out|   26|   ap_memory|                K_1_0_3|         array|
|K_1_0_3_q0                   |   in|   26|   ap_memory|                K_1_0_3|         array|
|K_1_0_4_address0             |  out|    3|   ap_memory|                K_1_0_4|         array|
|K_1_0_4_ce0                  |  out|    1|   ap_memory|                K_1_0_4|         array|
|K_1_0_4_we0                  |  out|    1|   ap_memory|                K_1_0_4|         array|
|K_1_0_4_d0                   |  out|   26|   ap_memory|                K_1_0_4|         array|
|K_1_0_4_q0                   |   in|   26|   ap_memory|                K_1_0_4|         array|
|K_1_0_5_address0             |  out|    3|   ap_memory|                K_1_0_5|         array|
|K_1_0_5_ce0                  |  out|    1|   ap_memory|                K_1_0_5|         array|
|K_1_0_5_we0                  |  out|    1|   ap_memory|                K_1_0_5|         array|
|K_1_0_5_d0                   |  out|   26|   ap_memory|                K_1_0_5|         array|
|K_1_0_5_q0                   |   in|   26|   ap_memory|                K_1_0_5|         array|
|K_1_0_6_address0             |  out|    3|   ap_memory|                K_1_0_6|         array|
|K_1_0_6_ce0                  |  out|    1|   ap_memory|                K_1_0_6|         array|
|K_1_0_6_we0                  |  out|    1|   ap_memory|                K_1_0_6|         array|
|K_1_0_6_d0                   |  out|   26|   ap_memory|                K_1_0_6|         array|
|K_1_0_6_q0                   |   in|   26|   ap_memory|                K_1_0_6|         array|
|K_1_0_7_address0             |  out|    3|   ap_memory|                K_1_0_7|         array|
|K_1_0_7_ce0                  |  out|    1|   ap_memory|                K_1_0_7|         array|
|K_1_0_7_we0                  |  out|    1|   ap_memory|                K_1_0_7|         array|
|K_1_0_7_d0                   |  out|   26|   ap_memory|                K_1_0_7|         array|
|K_1_0_7_q0                   |   in|   26|   ap_memory|                K_1_0_7|         array|
|K_1_1_0_address0             |  out|    3|   ap_memory|                K_1_1_0|         array|
|K_1_1_0_ce0                  |  out|    1|   ap_memory|                K_1_1_0|         array|
|K_1_1_0_we0                  |  out|    1|   ap_memory|                K_1_1_0|         array|
|K_1_1_0_d0                   |  out|   26|   ap_memory|                K_1_1_0|         array|
|K_1_1_0_q0                   |   in|   26|   ap_memory|                K_1_1_0|         array|
|K_1_1_1_address0             |  out|    3|   ap_memory|                K_1_1_1|         array|
|K_1_1_1_ce0                  |  out|    1|   ap_memory|                K_1_1_1|         array|
|K_1_1_1_we0                  |  out|    1|   ap_memory|                K_1_1_1|         array|
|K_1_1_1_d0                   |  out|   26|   ap_memory|                K_1_1_1|         array|
|K_1_1_1_q0                   |   in|   26|   ap_memory|                K_1_1_1|         array|
|K_1_1_2_address0             |  out|    3|   ap_memory|                K_1_1_2|         array|
|K_1_1_2_ce0                  |  out|    1|   ap_memory|                K_1_1_2|         array|
|K_1_1_2_we0                  |  out|    1|   ap_memory|                K_1_1_2|         array|
|K_1_1_2_d0                   |  out|   26|   ap_memory|                K_1_1_2|         array|
|K_1_1_2_q0                   |   in|   26|   ap_memory|                K_1_1_2|         array|
|K_1_1_3_address0             |  out|    3|   ap_memory|                K_1_1_3|         array|
|K_1_1_3_ce0                  |  out|    1|   ap_memory|                K_1_1_3|         array|
|K_1_1_3_we0                  |  out|    1|   ap_memory|                K_1_1_3|         array|
|K_1_1_3_d0                   |  out|   26|   ap_memory|                K_1_1_3|         array|
|K_1_1_3_q0                   |   in|   26|   ap_memory|                K_1_1_3|         array|
|K_1_1_4_address0             |  out|    3|   ap_memory|                K_1_1_4|         array|
|K_1_1_4_ce0                  |  out|    1|   ap_memory|                K_1_1_4|         array|
|K_1_1_4_we0                  |  out|    1|   ap_memory|                K_1_1_4|         array|
|K_1_1_4_d0                   |  out|   26|   ap_memory|                K_1_1_4|         array|
|K_1_1_4_q0                   |   in|   26|   ap_memory|                K_1_1_4|         array|
|K_1_1_5_address0             |  out|    3|   ap_memory|                K_1_1_5|         array|
|K_1_1_5_ce0                  |  out|    1|   ap_memory|                K_1_1_5|         array|
|K_1_1_5_we0                  |  out|    1|   ap_memory|                K_1_1_5|         array|
|K_1_1_5_d0                   |  out|   26|   ap_memory|                K_1_1_5|         array|
|K_1_1_5_q0                   |   in|   26|   ap_memory|                K_1_1_5|         array|
|K_1_1_6_address0             |  out|    3|   ap_memory|                K_1_1_6|         array|
|K_1_1_6_ce0                  |  out|    1|   ap_memory|                K_1_1_6|         array|
|K_1_1_6_we0                  |  out|    1|   ap_memory|                K_1_1_6|         array|
|K_1_1_6_d0                   |  out|   26|   ap_memory|                K_1_1_6|         array|
|K_1_1_6_q0                   |   in|   26|   ap_memory|                K_1_1_6|         array|
|K_1_1_7_address0             |  out|    3|   ap_memory|                K_1_1_7|         array|
|K_1_1_7_ce0                  |  out|    1|   ap_memory|                K_1_1_7|         array|
|K_1_1_7_we0                  |  out|    1|   ap_memory|                K_1_1_7|         array|
|K_1_1_7_d0                   |  out|   26|   ap_memory|                K_1_1_7|         array|
|K_1_1_7_q0                   |   in|   26|   ap_memory|                K_1_1_7|         array|
|K_2_0_0_address0             |  out|    3|   ap_memory|                K_2_0_0|         array|
|K_2_0_0_ce0                  |  out|    1|   ap_memory|                K_2_0_0|         array|
|K_2_0_0_we0                  |  out|    1|   ap_memory|                K_2_0_0|         array|
|K_2_0_0_d0                   |  out|   26|   ap_memory|                K_2_0_0|         array|
|K_2_0_0_q0                   |   in|   26|   ap_memory|                K_2_0_0|         array|
|K_2_0_1_address0             |  out|    3|   ap_memory|                K_2_0_1|         array|
|K_2_0_1_ce0                  |  out|    1|   ap_memory|                K_2_0_1|         array|
|K_2_0_1_we0                  |  out|    1|   ap_memory|                K_2_0_1|         array|
|K_2_0_1_d0                   |  out|   26|   ap_memory|                K_2_0_1|         array|
|K_2_0_1_q0                   |   in|   26|   ap_memory|                K_2_0_1|         array|
|K_2_0_2_address0             |  out|    3|   ap_memory|                K_2_0_2|         array|
|K_2_0_2_ce0                  |  out|    1|   ap_memory|                K_2_0_2|         array|
|K_2_0_2_we0                  |  out|    1|   ap_memory|                K_2_0_2|         array|
|K_2_0_2_d0                   |  out|   26|   ap_memory|                K_2_0_2|         array|
|K_2_0_2_q0                   |   in|   26|   ap_memory|                K_2_0_2|         array|
|K_2_0_3_address0             |  out|    3|   ap_memory|                K_2_0_3|         array|
|K_2_0_3_ce0                  |  out|    1|   ap_memory|                K_2_0_3|         array|
|K_2_0_3_we0                  |  out|    1|   ap_memory|                K_2_0_3|         array|
|K_2_0_3_d0                   |  out|   26|   ap_memory|                K_2_0_3|         array|
|K_2_0_3_q0                   |   in|   26|   ap_memory|                K_2_0_3|         array|
|K_2_0_4_address0             |  out|    3|   ap_memory|                K_2_0_4|         array|
|K_2_0_4_ce0                  |  out|    1|   ap_memory|                K_2_0_4|         array|
|K_2_0_4_we0                  |  out|    1|   ap_memory|                K_2_0_4|         array|
|K_2_0_4_d0                   |  out|   26|   ap_memory|                K_2_0_4|         array|
|K_2_0_4_q0                   |   in|   26|   ap_memory|                K_2_0_4|         array|
|K_2_0_5_address0             |  out|    3|   ap_memory|                K_2_0_5|         array|
|K_2_0_5_ce0                  |  out|    1|   ap_memory|                K_2_0_5|         array|
|K_2_0_5_we0                  |  out|    1|   ap_memory|                K_2_0_5|         array|
|K_2_0_5_d0                   |  out|   26|   ap_memory|                K_2_0_5|         array|
|K_2_0_5_q0                   |   in|   26|   ap_memory|                K_2_0_5|         array|
|K_2_0_6_address0             |  out|    3|   ap_memory|                K_2_0_6|         array|
|K_2_0_6_ce0                  |  out|    1|   ap_memory|                K_2_0_6|         array|
|K_2_0_6_we0                  |  out|    1|   ap_memory|                K_2_0_6|         array|
|K_2_0_6_d0                   |  out|   26|   ap_memory|                K_2_0_6|         array|
|K_2_0_6_q0                   |   in|   26|   ap_memory|                K_2_0_6|         array|
|K_2_0_7_address0             |  out|    3|   ap_memory|                K_2_0_7|         array|
|K_2_0_7_ce0                  |  out|    1|   ap_memory|                K_2_0_7|         array|
|K_2_0_7_we0                  |  out|    1|   ap_memory|                K_2_0_7|         array|
|K_2_0_7_d0                   |  out|   26|   ap_memory|                K_2_0_7|         array|
|K_2_0_7_q0                   |   in|   26|   ap_memory|                K_2_0_7|         array|
|K_2_1_0_address0             |  out|    3|   ap_memory|                K_2_1_0|         array|
|K_2_1_0_ce0                  |  out|    1|   ap_memory|                K_2_1_0|         array|
|K_2_1_0_we0                  |  out|    1|   ap_memory|                K_2_1_0|         array|
|K_2_1_0_d0                   |  out|   26|   ap_memory|                K_2_1_0|         array|
|K_2_1_0_q0                   |   in|   26|   ap_memory|                K_2_1_0|         array|
|K_2_1_1_address0             |  out|    3|   ap_memory|                K_2_1_1|         array|
|K_2_1_1_ce0                  |  out|    1|   ap_memory|                K_2_1_1|         array|
|K_2_1_1_we0                  |  out|    1|   ap_memory|                K_2_1_1|         array|
|K_2_1_1_d0                   |  out|   26|   ap_memory|                K_2_1_1|         array|
|K_2_1_1_q0                   |   in|   26|   ap_memory|                K_2_1_1|         array|
|K_2_1_2_address0             |  out|    3|   ap_memory|                K_2_1_2|         array|
|K_2_1_2_ce0                  |  out|    1|   ap_memory|                K_2_1_2|         array|
|K_2_1_2_we0                  |  out|    1|   ap_memory|                K_2_1_2|         array|
|K_2_1_2_d0                   |  out|   26|   ap_memory|                K_2_1_2|         array|
|K_2_1_2_q0                   |   in|   26|   ap_memory|                K_2_1_2|         array|
|K_2_1_3_address0             |  out|    3|   ap_memory|                K_2_1_3|         array|
|K_2_1_3_ce0                  |  out|    1|   ap_memory|                K_2_1_3|         array|
|K_2_1_3_we0                  |  out|    1|   ap_memory|                K_2_1_3|         array|
|K_2_1_3_d0                   |  out|   26|   ap_memory|                K_2_1_3|         array|
|K_2_1_3_q0                   |   in|   26|   ap_memory|                K_2_1_3|         array|
|K_2_1_4_address0             |  out|    3|   ap_memory|                K_2_1_4|         array|
|K_2_1_4_ce0                  |  out|    1|   ap_memory|                K_2_1_4|         array|
|K_2_1_4_we0                  |  out|    1|   ap_memory|                K_2_1_4|         array|
|K_2_1_4_d0                   |  out|   26|   ap_memory|                K_2_1_4|         array|
|K_2_1_4_q0                   |   in|   26|   ap_memory|                K_2_1_4|         array|
|K_2_1_5_address0             |  out|    3|   ap_memory|                K_2_1_5|         array|
|K_2_1_5_ce0                  |  out|    1|   ap_memory|                K_2_1_5|         array|
|K_2_1_5_we0                  |  out|    1|   ap_memory|                K_2_1_5|         array|
|K_2_1_5_d0                   |  out|   26|   ap_memory|                K_2_1_5|         array|
|K_2_1_5_q0                   |   in|   26|   ap_memory|                K_2_1_5|         array|
|K_2_1_6_address0             |  out|    3|   ap_memory|                K_2_1_6|         array|
|K_2_1_6_ce0                  |  out|    1|   ap_memory|                K_2_1_6|         array|
|K_2_1_6_we0                  |  out|    1|   ap_memory|                K_2_1_6|         array|
|K_2_1_6_d0                   |  out|   26|   ap_memory|                K_2_1_6|         array|
|K_2_1_6_q0                   |   in|   26|   ap_memory|                K_2_1_6|         array|
|K_2_1_7_address0             |  out|    3|   ap_memory|                K_2_1_7|         array|
|K_2_1_7_ce0                  |  out|    1|   ap_memory|                K_2_1_7|         array|
|K_2_1_7_we0                  |  out|    1|   ap_memory|                K_2_1_7|         array|
|K_2_1_7_d0                   |  out|   26|   ap_memory|                K_2_1_7|         array|
|K_2_1_7_q0                   |   in|   26|   ap_memory|                K_2_1_7|         array|
|K_3_0_0_address0             |  out|    3|   ap_memory|                K_3_0_0|         array|
|K_3_0_0_ce0                  |  out|    1|   ap_memory|                K_3_0_0|         array|
|K_3_0_0_we0                  |  out|    1|   ap_memory|                K_3_0_0|         array|
|K_3_0_0_d0                   |  out|   26|   ap_memory|                K_3_0_0|         array|
|K_3_0_0_q0                   |   in|   26|   ap_memory|                K_3_0_0|         array|
|K_3_0_1_address0             |  out|    3|   ap_memory|                K_3_0_1|         array|
|K_3_0_1_ce0                  |  out|    1|   ap_memory|                K_3_0_1|         array|
|K_3_0_1_we0                  |  out|    1|   ap_memory|                K_3_0_1|         array|
|K_3_0_1_d0                   |  out|   26|   ap_memory|                K_3_0_1|         array|
|K_3_0_1_q0                   |   in|   26|   ap_memory|                K_3_0_1|         array|
|K_3_0_2_address0             |  out|    3|   ap_memory|                K_3_0_2|         array|
|K_3_0_2_ce0                  |  out|    1|   ap_memory|                K_3_0_2|         array|
|K_3_0_2_we0                  |  out|    1|   ap_memory|                K_3_0_2|         array|
|K_3_0_2_d0                   |  out|   26|   ap_memory|                K_3_0_2|         array|
|K_3_0_2_q0                   |   in|   26|   ap_memory|                K_3_0_2|         array|
|K_3_0_3_address0             |  out|    3|   ap_memory|                K_3_0_3|         array|
|K_3_0_3_ce0                  |  out|    1|   ap_memory|                K_3_0_3|         array|
|K_3_0_3_we0                  |  out|    1|   ap_memory|                K_3_0_3|         array|
|K_3_0_3_d0                   |  out|   26|   ap_memory|                K_3_0_3|         array|
|K_3_0_3_q0                   |   in|   26|   ap_memory|                K_3_0_3|         array|
|K_3_0_4_address0             |  out|    3|   ap_memory|                K_3_0_4|         array|
|K_3_0_4_ce0                  |  out|    1|   ap_memory|                K_3_0_4|         array|
|K_3_0_4_we0                  |  out|    1|   ap_memory|                K_3_0_4|         array|
|K_3_0_4_d0                   |  out|   26|   ap_memory|                K_3_0_4|         array|
|K_3_0_4_q0                   |   in|   26|   ap_memory|                K_3_0_4|         array|
|K_3_0_5_address0             |  out|    3|   ap_memory|                K_3_0_5|         array|
|K_3_0_5_ce0                  |  out|    1|   ap_memory|                K_3_0_5|         array|
|K_3_0_5_we0                  |  out|    1|   ap_memory|                K_3_0_5|         array|
|K_3_0_5_d0                   |  out|   26|   ap_memory|                K_3_0_5|         array|
|K_3_0_5_q0                   |   in|   26|   ap_memory|                K_3_0_5|         array|
|K_3_0_6_address0             |  out|    3|   ap_memory|                K_3_0_6|         array|
|K_3_0_6_ce0                  |  out|    1|   ap_memory|                K_3_0_6|         array|
|K_3_0_6_we0                  |  out|    1|   ap_memory|                K_3_0_6|         array|
|K_3_0_6_d0                   |  out|   26|   ap_memory|                K_3_0_6|         array|
|K_3_0_6_q0                   |   in|   26|   ap_memory|                K_3_0_6|         array|
|K_3_0_7_address0             |  out|    3|   ap_memory|                K_3_0_7|         array|
|K_3_0_7_ce0                  |  out|    1|   ap_memory|                K_3_0_7|         array|
|K_3_0_7_we0                  |  out|    1|   ap_memory|                K_3_0_7|         array|
|K_3_0_7_d0                   |  out|   26|   ap_memory|                K_3_0_7|         array|
|K_3_0_7_q0                   |   in|   26|   ap_memory|                K_3_0_7|         array|
|K_3_1_0_address0             |  out|    3|   ap_memory|                K_3_1_0|         array|
|K_3_1_0_ce0                  |  out|    1|   ap_memory|                K_3_1_0|         array|
|K_3_1_0_we0                  |  out|    1|   ap_memory|                K_3_1_0|         array|
|K_3_1_0_d0                   |  out|   26|   ap_memory|                K_3_1_0|         array|
|K_3_1_0_q0                   |   in|   26|   ap_memory|                K_3_1_0|         array|
|K_3_1_1_address0             |  out|    3|   ap_memory|                K_3_1_1|         array|
|K_3_1_1_ce0                  |  out|    1|   ap_memory|                K_3_1_1|         array|
|K_3_1_1_we0                  |  out|    1|   ap_memory|                K_3_1_1|         array|
|K_3_1_1_d0                   |  out|   26|   ap_memory|                K_3_1_1|         array|
|K_3_1_1_q0                   |   in|   26|   ap_memory|                K_3_1_1|         array|
|K_3_1_2_address0             |  out|    3|   ap_memory|                K_3_1_2|         array|
|K_3_1_2_ce0                  |  out|    1|   ap_memory|                K_3_1_2|         array|
|K_3_1_2_we0                  |  out|    1|   ap_memory|                K_3_1_2|         array|
|K_3_1_2_d0                   |  out|   26|   ap_memory|                K_3_1_2|         array|
|K_3_1_2_q0                   |   in|   26|   ap_memory|                K_3_1_2|         array|
|K_3_1_3_address0             |  out|    3|   ap_memory|                K_3_1_3|         array|
|K_3_1_3_ce0                  |  out|    1|   ap_memory|                K_3_1_3|         array|
|K_3_1_3_we0                  |  out|    1|   ap_memory|                K_3_1_3|         array|
|K_3_1_3_d0                   |  out|   26|   ap_memory|                K_3_1_3|         array|
|K_3_1_3_q0                   |   in|   26|   ap_memory|                K_3_1_3|         array|
|K_3_1_4_address0             |  out|    3|   ap_memory|                K_3_1_4|         array|
|K_3_1_4_ce0                  |  out|    1|   ap_memory|                K_3_1_4|         array|
|K_3_1_4_we0                  |  out|    1|   ap_memory|                K_3_1_4|         array|
|K_3_1_4_d0                   |  out|   26|   ap_memory|                K_3_1_4|         array|
|K_3_1_4_q0                   |   in|   26|   ap_memory|                K_3_1_4|         array|
|K_3_1_5_address0             |  out|    3|   ap_memory|                K_3_1_5|         array|
|K_3_1_5_ce0                  |  out|    1|   ap_memory|                K_3_1_5|         array|
|K_3_1_5_we0                  |  out|    1|   ap_memory|                K_3_1_5|         array|
|K_3_1_5_d0                   |  out|   26|   ap_memory|                K_3_1_5|         array|
|K_3_1_5_q0                   |   in|   26|   ap_memory|                K_3_1_5|         array|
|K_3_1_6_address0             |  out|    3|   ap_memory|                K_3_1_6|         array|
|K_3_1_6_ce0                  |  out|    1|   ap_memory|                K_3_1_6|         array|
|K_3_1_6_we0                  |  out|    1|   ap_memory|                K_3_1_6|         array|
|K_3_1_6_d0                   |  out|   26|   ap_memory|                K_3_1_6|         array|
|K_3_1_6_q0                   |   in|   26|   ap_memory|                K_3_1_6|         array|
|K_3_1_7_address0             |  out|    3|   ap_memory|                K_3_1_7|         array|
|K_3_1_7_ce0                  |  out|    1|   ap_memory|                K_3_1_7|         array|
|K_3_1_7_we0                  |  out|    1|   ap_memory|                K_3_1_7|         array|
|K_3_1_7_d0                   |  out|   26|   ap_memory|                K_3_1_7|         array|
|K_3_1_7_q0                   |   in|   26|   ap_memory|                K_3_1_7|         array|
|kk_0_address0                |  out|    5|   ap_memory|                   kk_0|         array|
|kk_0_ce0                     |  out|    1|   ap_memory|                   kk_0|         array|
|kk_0_we0                     |  out|    1|   ap_memory|                   kk_0|         array|
|kk_0_d0                      |  out|   26|   ap_memory|                   kk_0|         array|
|kk_1_address0                |  out|    5|   ap_memory|                   kk_1|         array|
|kk_1_ce0                     |  out|    1|   ap_memory|                   kk_1|         array|
|kk_1_we0                     |  out|    1|   ap_memory|                   kk_1|         array|
|kk_1_d0                      |  out|   26|   ap_memory|                   kk_1|         array|
+-----------------------------+-----+-----+------------+-----------------------+--------------+

